cell1_type5_3,cell2_type5_3,cell9_type5_3,cell12_type5_2,cell16_type5_2,cell17_type5_2,cell20_type5_2,cell22_type5_2,cell23_type4_1,cell26_type5_3,cell27_type5_2,cell29_type5_2,cell32_type5_3,cell35_type5_2,cell36_type5_2,cell37_type5_2,cell40_type5_2,cell41_type4_1,cell46_type4_1,cell47_type5_2,cell48_type5_3,cell50_type5_3,cell51_type4_1,cell56_type4_1,cell57_type4_1,cell63_type5_2,cell65_type5_2,cell68_type5_2,cell72_type5_3,cell76_type5_2,cell86_type5_2,cell87_type4_1,cell89_type5_2,cell94_type4_1,cell96_type5_3,cell99_type5_3,cell103_type5_2,cell104_type5_2,cell105_type5_3,cell112_type5_3,cell113_type5_3,cell114_type5_3,cell117_type5_3,cell121_type5_3,cell124_type4_1,cell125_type4_1,cell128_type5_3,cell132_type5_3,cell135_type5_3,cell137_type5_3,cell138_type5_3,cell140_type4_1,cell141_type5_2,cell142_type5_2,cell143_type5_2,cell144_type5_2,cell145_type5_3,cell146_type5_3,cell149_type5_3,cell161_type5_2,cell163_type4_1,cell164_type4_1,cell166_type5_3,cell169_type5_2,cell170_type4_1,cell172_type4_1,cell179_type4_1,cell180_type5_3,cell181_type4_1,cell185_type5_2,cell190_type5_3,cell198_type5_2,cell203_type4_1,cell204_type5_3,cell205_type4_1,cell207_type4_1,cell210_type5_3,cell213_type5_3,cell220_type5_2,cell221_type4_1,cell222_type5_3,cell225_type5_2,cell227_type5_2,cell231_type4_1,cell232_type4_1,cell235_type5_2,cell236_type5_2,cell237_type4_1,cell238_type4_1,cell249_type5_3,cell251_type5_2,cell252_type5_3,cell256_type5_3,cell260_type5_3,cell263_type5_3,cell264_type4_1,cell265_type5_2,cell273_type5_2,cell274_type5_3,cell275_type5_3,cell278_type5_3,cell279_type5_2,cell282_type5_3,cell285_type5_2,cell287_type5_2,cell288_type4_1,cell290_type5_3,cell292_type4_1,cell300_type5_3,cell302_type4_1,cell305_type5_3,cell310_type5_3,cell311_type5_2,cell315_type5_3,cell318_type5_3,cell320_type5_2,cell322_type5_3,cell323_type5_2,cell326_type5_2,cell329_type5_2,cell330_type5_3,cell333_type4_1,cell335_type4_1,cell340_type5_3,cell342_type5_2,cell346_type5_2,cell354_type5_2,cell359_type5_2,cell361_type5_2,cell363_type4_1,cell369_type5_2,cell374_type4_1,cell379_type4_1,cell389_type5_3,cell395_type5_3,cell396_type5_3,cell398_type5_2,cell401_type4_1,cell404_type4_5,cell405_type4_1,cell407_type4_5,cell410_type4_1,cell411_type4_1,cell415_type4_5,cell425_type4_5,cell430_type4_1,cell434_type4_1,cell438_type4_5,cell451_type4_5,cell455_type4_1,cell456_type4_5,cell458_type4_5,cell462_type4_5,cell463_type4_5,cell466_type4_5,cell467_type4_1,cell470_type4_1,cell474_type4_5,cell475_type4_5,cell479_type4_5,cell480_type4_5,cell481_type4_1,cell482_type4_5,cell484_type4_5,cell485_type4_5,cell489_type4_5,cell492_type4_5,cell493_type4_1,cell494_type4_5,cell495_type4_5,cell496_type4_1,cell500_type4_5,cell501_type4_5,cell503_type4_5,cell504_type4_1,cell505_type4_1,cell509_type4_1,cell512_type4_1,cell515_type4_5,cell518_type4_5,cell519_type4_5,cell521_type4_1,cell524_type4_5,cell530_type4_5,cell531_type4_1,cell532_type4_5,cell533_type4_5,cell536_type4_1,cell539_type4_5,cell541_type4_5,cell542_type4_5,cell547_type4_1,cell549_type4_5,cell550_type4_5,cell555_type4_5,cell557_type4_5,cell561_type4_5,cell563_type4_1,cell565_type4_5,cell567_type4_5,cell568_type4_1,cell571_type4_5,cell572_type4_5,cell576_type4_5,cell584_type4_5,cell585_type4_5,cell587_type4_5,cell588_type4_5,cell590_type4_5,cell593_type4_5,cell600_type4_5,cell601_type4_1,cell602_type4_1,cell609_type4_5,cell611_type4_5,cell617_type4_1,cell618_type4_5,cell621_type4_1,cell623_type4_1,cell624_type4_5,cell625_type4_5,cell626_type4_5,cell629_type4_5,cell631_type4_5,cell633_type4_5,cell637_type4_1,cell640_type4_1,cell645_type4_1,cell646_type4_5,cell649_type4_5,cell650_type4_5,cell658_type4_1,cell669_type4_1,cell675_type4_5,cell684_type4_1,cell686_type4_1,cell687_type4_1,cell688_type4_5,cell690_type4_1,cell691_type4_5,cell698_type4_5,cell701_type4_5,cell703_type4_5,cell706_type4_1,cell707_type4_5,cell713_type4_5,cell716_type4_1,cell720_type4_5,cell721_type4_1,cell729_type4_5,cell730_type4_5,cell731_type4_1,cell733_type4_5,cell734_type4_5,cell745_type4_5,cell746_type4_5,cell756_type4_5,cell757_type4_1,cell760_type4_5,cell762_type4_1,cell767_type4_5,cell770_type4_5,cell775_type4_5,cell778_type4_1,cell779_type4_5,cell786_type4_5,cell787_type4_5,cell790_type4_5,cell794_type4_1,cell796_type4_1
0,0,0,1,0,0,0,1,0,1,0,0,1,0,0,0,2,0,2,0,0,0,2,0,0,0,2,0,1,0,1,2,0,0,0,0,2,0,0,1,0,0,0,0,0,0,0,4,0,0,0,0,0,0,0,0,0,0,0,0,0,0,0,0,1,0,0,0,0,2,0,0,0,0,0,1,0,0,0,0,0,0,0,0,0,0,0,0,0,0,0,0,0,0,1,0,1,0,0,1,1,1,1,0,0,0,0,0,0,0,0,0,1,0,0,0,0,0,0,3,1,0,0,0,0,0,0,0,0,1,0,0,0,0,0,0,0,0,0,0,0,0,0,0,5,2,1,0,0,0,0,0,1,0,0,0,0,0,0,0,0,0,0,0,0,0,0,0,0,0,2,0,0,0,0,0,0,0,0,0,1,3,0,0,0,0,0,0,0,0,0,0,0,0,0,1,3,0,0,3,0,0,4,0,0,0,0,0,4,1,0,0,1,0,0,0,0,1,0,0,0,0,0,0,0,0,0,2,0,0,0,2,0,0,0,0,0,0,0,1,0,0,1,0,1,0,0,0,0,0,0,0,0,0,0,0,0,3,1,0,0,0,0,0,2,0,0,0,0,1
0,0,0,0,0,0,0,0,0,0,0,0,0,0,0,1,0,0,1,0,0,0,1,0,0,0,0,1,0,0,0,0,0,0,0,0,0,0,0,0,0,0,1,0,1,0,0,0,0,0,0,0,0,0,0,0,0,0,0,0,0,0,0,1,0,1,0,0,0,0,0,1,0,0,0,0,0,0,0,0,0,0,0,0,1,0,0,0,0,0,0,0,0,1,0,0,0,0,0,0,0,0,0,0,0,0,0,0,0,0,0,0,0,0,0,0,0,0,0,0,0,0,0,0,0,0,0,0,0,0,0,0,0,1,0,0,0,0,0,0,0,0,0,0,1,0,0,0,0,0,0,0,0,0,0,0,0,0,0,0,0,0,0,0,0,0,0,0,0,0,0,0,0,1,0,0,0,1,0,0,1,0,0,0,0,0,1,0,0,0,0,0,0,0,0,0,0,0,0,0,0,0,0,0,0,0,0,0,0,0,0,0,0,0,0,0,0,0,0,1,0,0,0,0,0,0,0,0,0,0,0,0,0,0,0,0,0,1,0,0,0,0,0,0,1,0,0,0,0,0,0,0,0,0,0,0,0,0,1,0,0,1,0,0,0,0,0,0,0,0
6,8,3,0,0,0,0,0,0,0,0,0,0,0,0,0,0,0,0,0,3,7,0,0,0,0,0,0,6,0,1,0,0,0,7,3,0,2,3,2,4,2,2,2,0,0,0,1,4,0,3,0,0,0,0,0,6,1,3,1,0,0,1,3,0,0,2,3,0,0,6,8,0,0,1,1,4,1,1,0,0,0,2,1,0,0,2,8,2,3,3,1,1,5,6,0,0,1,3,4,1,4,5,4,3,0,0,0,7,0,4,9,1,6,0,9,4,4,2,5,3,0,0,1,5,3,0,0,2,1,3,0,1,5,2,6,6,2,5,6,13,4,3,5,3,3,4,4,2,2,1,3,5,4,13,4,6,6,8,2,6,2,9,9,3,11,0,0,4,7,1,3,4,4,0,3,2,5,5,6,3,1,3,4,4,4,2,5,18,8,6,4,6,3,3,6,3,6,1,12,11,2,8,3,2,4,11,7,3,9,7,2,3,13,10,2,1,12,8,4,8,8,7,3,1,8,3,4,6,3,7,3,3,9,6,3,3,6,2,5,3,2,0,4,11,1,10,1,16,2,0,2,4,8,7,5,6,2,6,4,2,0,2,5,4,4,7,5,3,11
0,0,0,0,0,0,0,0,0,0,0,0,0,0,0,0,0,1,0,0,0,0,0,0,0,0,0,0,0,0,0,0,0,0,0,0,0,0,0,0,0,0,0,0,0,1,0,0,0,0,0,0,0,0,0,0,0,0,0,0,0,0,0,0,0,0,0,0,0,0,0,2,0,0,1,0,0,0,0,0,0,0,1,0,0,0,0,0,0,0,0,0,0,0,0,1,0,0,0,0,0,0,0,0,0,0,0,0,0,0,0,0,0,0,0,0,0,0,0,0,0,0,0,0,0,0,0,0,0,0,0,0,0,0,0,0,0,0,0,0,0,0,0,0,0,0,0,0,0,0,0,0,0,0,0,0,0,0,0,0,0,0,0,0,0,0,0,0,0,0,0,0,0,0,0,0,0,0,0,0,0,0,0,0,0,0,0,0,0,0,0,0,0,0,0,0,0,0,1,1,0,0,0,0,0,0,0,0,0,0,0,1,0,0,0,0,0,0,0,0,0,0,0,0,0,0,0,0,0,0,0,0,0,0,0,0,0,0,0,0,0,0,0,0,0,0,0,0,0,0,0,0,0,0,0,0,0,0,0,0,0,0,0,0,0,0,0,0,0,0
0,0,0,0,0,0,0,0,0,0,0,0,0,0,0,0,0,0,0,0,0,0,0,0,0,0,0,0,0,0,0,0,0,0,0,0,0,0,0,0,0,0,0,0,0,0,0,0,0,0,0,0,0,0,0,0,0,0,0,0,0,0,0,0,0,0,0,0,0,0,0,0,0,0,0,0,0,0,0,0,0,0,0,0,0,0,0,0,0,0,0,0,0,0,0,0,0,0,0,0,0,0,0,0,0,0,0,0,0,0,0,0,0,0,0,0,0,0,0,0,0,0,0,0,0,0,0,0,0,0,0,0,0,0,0,0,0,0,0,0,0,0,0,0,0,0,0,0,0,0,0,0,0,0,0,0,0,0,0,0,0,0,0,0,0,0,0,0,0,0,0,0,0,0,0,0,0,0,0,0,0,0,0,0,0,0,0,0,0,0,0,0,0,0,0,0,0,0,0,0,0,0,0,0,0,0,0,0,0,0,0,0,0,0,0,0,0,0,0,0,0,0,0,0,0,0,0,0,0,0,0,0,0,0,0,0,0,0,0,0,0,0,0,0,0,0,0,0,0,0,0,0,0,0,0,0,0,0,0,0,0,0,0,0,0,0,0,0,0,0
0,0,0,0,0,0,0,0,0,1,0,0,0,0,0,0,0,0,0,0,0,0,0,0,0,1,0,0,0,0,0,0,0,0,1,0,0,0,0,0,0,0,0,0,0,0,0,0,0,0,0,0,0,0,0,0,0,0,0,0,0,0,0,0,0,0,0,0,1,0,0,0,0,0,0,0,0,0,0,0,0,0,0,0,0,0,0,1,0,0,0,0,0,0,0,0,0,1,1,0,0,0,1,0,0,0,0,0,0,0,1,0,0,0,0,0,0,0,0,0,0,0,0,0,1,1,0,0,0,0,0,0,0,0,0,0,0,0,0,0,0,0,0,0,0,0,0,0,0,1,0,0,0,0,0,0,0,0,0,0,0,0,0,0,0,0,0,0,0,0,0,0,0,0,1,0,1,0,0,0,0,0,0,0,0,0,0,0,0,0,1,0,0,0,0,0,0,0,0,0,0,0,0,0,0,0,0,0,0,0,0,0,0,0,0,1,0,1,1,0,0,0,0,0,0,1,0,0,0,0,0,0,0,0,0,0,0,0,0,0,0,0,0,0,0,0,0,0,0,0,0,1,1,0,0,0,0,0,0,0,0,0,0,0,1,0,0,0,1,0
0,0,0,0,0,0,0,0,0,0,0,2,0,0,0,0,0,0,0,0,0,1,0,1,0,0,0,0,0,0,0,0,0,0,0,0,1,0,0,0,0,0,0,0,0,0,0,0,0,0,0,0,0,0,0,0,0,0,0,0,0,0,0,0,0,0,0,0,0,0,0,0,0,0,0,0,0,0,0,0,0,1,0,0,1,0,0,0,0,0,0,0,1,0,0,0,0,0,0,0,1,0,1,0,0,0,0,0,0,0,0,0,0,0,1,0,0,0,0,0,0,0,0,1,0,0,0,0,0,1,0,0,0,0,0,0,0,0,0,0,0,0,0,0,0,0,0,0,0,0,0,0,0,0,0,0,1,0,0,0,0,0,0,0,0,0,0,0,0,0,0,0,0,0,0,0,0,0,0,0,0,0,0,0,0,0,0,0,0,0,0,0,0,1,1,0,1,0,0,0,0,0,0,0,0,1,1,0,0,0,0,0,0,0,2,0,0,0,0,0,0,0,0,0,0,0,0,0,0,0,0,0,0,0,0,0,0,0,0,0,0,0,0,0,0,0,0,0,0,0,1,0,0,0,0,0,0,0,0,0,1,0,0,0,0,0,0,0,0,1
1,3,2,6,1,1,3,1,5,1,2,1,2,3,3,3,2,4,7,2,1,5,1,0,4,5,5,0,2,2,3,3,4,5,1,2,5,4,7,2,0,3,1,1,0,6,1,1,2,0,2,6,5,4,1,1,1,6,6,2,3,1,1,0,4,4,7,1,4,2,2,3,2,2,2,7,5,4,8,1,3,0,4,2,6,1,3,2,2,3,1,1,4,5,4,7,1,1,0,6,3,1,2,3,1,2,2,0,3,2,1,1,3,3,3,1,1,1,2,5,4,3,2,0,5,2,1,2,2,1,3,7,2,2,1,4,2,1,3,0,1,3,4,11,4,3,3,2,4,7,5,1,3,2,2,2,6,0,0,2,4,3,2,2,5,3,9,0,3,2,3,1,0,0,4,3,0,4,4,2,3,10,3,2,5,0,2,0,3,1,2,2,5,3,1,2,2,2,3,4,6,0,1,3,3,3,2,2,4,4,11,0,6,1,2,5,2,7,0,6,1,2,3,2,3,0,2,1,2,5,2,3,0,5,0,2,2,3,2,5,0,2,1,2,4,2,9,2,1,5,2,0,9,2,5,2,1,4,2,0,1,5,0,0,0,0,0,0,4,2
0,0,0,0,0,0,0,0,5,0,3,0,0,0,0,0,0,3,8,0,1,0,3,5,5,0,1,0,0,0,0,8,0,1,1,1,0,0,0,1,2,1,1,0,0,3,1,0,0,0,0,5,1,0,0,0,1,0,0,1,7,0,3,0,0,0,1,3,0,0,1,0,0,2,1,0,1,2,0,0,1,0,0,0,2,1,0,3,0,0,0,1,0,2,1,0,0,0,0,0,0,0,0,0,0,1,0,2,2,0,2,3,0,1,0,0,3,0,0,1,1,0,0,0,0,0,0,0,1,0,0,0,0,0,0,0,0,0,0,2,1,0,0,0,0,0,0,0,0,0,1,0,0,2,0,0,1,3,0,0,0,0,0,0,0,3,0,0,0,0,0,1,0,0,1,0,0,2,2,0,1,0,0,0,0,0,0,0,2,0,0,1,2,0,1,1,1,0,1,1,0,1,0,1,2,1,3,1,1,5,1,0,0,4,7,0,1,0,1,0,1,0,1,0,0,0,0,0,2,1,1,0,1,5,0,0,0,6,0,7,5,5,17,1,6,1,3,4,0,2,2,2,1,2,1,3,1,3,1,2,1,0,1,3,1,6,0,2,1,0
0,0,0,0,0,0,0,0,0,0,0,0,0,0,4,0,0,0,0,3,0,0,0,0,1,0,0,0,0,0,0,2,0,0,0,0,2,1,1,0,0,1,0,3,0,2,0,1,0,0,0,1,0,0,1,0,0,0,0,0,1,0,0,0,0,0,1,1,0,0,0,0,0,0,0,2,0,0,0,0,3,2,0,0,0,0,0,0,0,0,0,1,0,0,0,0,1,0,4,0,0,0,0,0,1,0,0,0,0,0,0,0,0,0,0,2,0,0,1,0,0,0,0,1,0,0,0,0,1,0,0,0,0,0,1,0,0,1,1,0,0,0,1,0,0,0,0,1,0,0,0,0,0,0,0,1,0,0,0,3,0,0,0,3,1,0,0,1,0,0,1,0,0,0,0,0,0,0,0,0,0,0,0,0,0,0,0,0,0,1,0,0,0,0,0,0,0,0,0,0,0,0,1,0,0,0,0,0,0,0,0,0,0,0,1,0,0,0,0,0,0,1,0,0,0,0,0,0,0,0,0,0,0,0,1,1,0,0,0,0,1,0,0,1,0,0,1,0,0,0,0,0,0,0,0,0,0,0,0,0,0,0,1,0,0,1,0,0,0,0
0,0,0,0,0,0,0,0,0,0,0,0,0,0,0,1,0,0,0,0,0,0,0,0,0,0,1,0,0,0,1,0,0,0,0,0,0,0,0,0,0,0,0,0,0,0,0,0,0,0,0,0,0,1,0,1,0,2,0,0,1,0,0,0,0,0,0,0,0,1,0,0,0,0,0,0,0,0,0,0,0,0,0,0,1,0,0,0,0,0,1,1,0,0,0,0,0,0,0,0,0,0,0,0,0,0,0,0,0,0,0,1,0,2,0,0,1,0,1,0,0,0,0,1,0,1,1,1,0,0,0,0,0,0,0,0,0,0,0,0,0,0,0,0,0,1,0,0,0,0,0,0,0,0,0,0,0,0,1,0,0,0,0,0,1,0,0,0,0,0,0,1,1,0,0,0,0,0,0,0,0,0,0,0,0,0,1,0,0,0,1,0,1,1,1,0,0,0,0,0,0,0,0,1,1,0,0,0,0,0,0,1,0,0,0,1,0,0,0,1,0,0,0,0,0,0,0,0,0,0,0,0,0,0,0,0,0,0,0,0,0,0,0,0,0,0,0,0,0,0,0,0,0,0,0,0,1,0,0,0,0,0,0,0,0,0,0,0,0,0
0,0,0,1,0,1,0,0,1,0,0,0,0,0,0,0,0,0,0,0,0,0,0,0,0,0,0,0,1,0,0,0,0,0,0,0,0,0,0,0,0,0,0,0,0,0,0,0,0,0,0,0,0,0,0,0,0,0,1,0,0,0,0,0,0,0,0,0,0,0,0,0,0,0,0,0,0,0,0,0,0,0,0,0,0,0,0,0,0,0,0,0,0,0,0,0,0,0,0,0,0,0,0,0,0,0,0,0,0,0,0,0,0,1,0,0,0,0,0,0,0,0,0,0,0,0,0,0,0,0,0,0,0,0,0,0,0,0,0,0,0,0,0,0,0,0,0,0,0,0,0,0,0,0,0,0,0,0,0,0,0,0,0,0,0,0,0,0,0,0,0,0,0,0,0,0,0,0,0,0,0,0,0,0,0,0,1,1,1,0,0,0,0,0,0,0,0,0,0,0,0,0,0,0,1,0,0,0,0,0,0,0,0,0,0,0,1,0,0,1,0,0,0,0,0,0,0,0,1,0,0,0,0,0,0,0,0,0,1,0,0,0,0,0,0,0,0,0,0,0,0,0,0,0,0,0,0,0,0,0,0,0,0,0,0,0,0,0,0,0
1,0,0,0,0,0,0,0,0,1,0,0,0,0,0,0,0,0,0,0,0,1,0,0,0,0,0,1,0,0,0,0,0,0,0,0,0,0,0,0,0,0,0,0,0,0,0,0,0,1,1,0,0,0,0,0,0,0,0,0,0,0,0,0,0,0,0,0,0,0,0,0,0,0,0,0,0,0,0,0,0,0,0,0,1,0,0,0,0,0,0,0,0,0,1,0,0,0,0,0,0,0,0,0,1,0,1,0,0,0,0,0,0,0,0,1,0,0,0,0,0,0,0,0,0,0,0,0,0,0,0,0,0,1,1,0,0,0,0,0,0,0,0,0,0,0,0,0,0,0,0,0,0,0,0,0,0,0,0,0,0,0,0,0,0,0,0,0,0,0,0,0,0,0,0,0,0,0,0,0,0,0,0,0,0,1,0,1,0,0,0,0,0,0,0,0,0,0,0,0,0,0,0,0,0,0,0,0,0,0,0,0,0,0,0,0,0,0,0,1,0,1,0,0,0,0,0,0,0,1,0,0,0,0,0,0,0,1,0,0,0,0,0,0,0,0,0,0,0,0,0,0,0,0,0,0,1,0,0,0,0,0,0,0,2,0,2,0,0,0
0,0,0,0,0,0,0,1,1,0,0,0,0,0,2,1,0,1,1,1,0,2,0,0,0,0,0,0,0,0,0,1,0,0,0,0,0,0,2,0,0,0,0,0,0,0,0,0,0,0,0,1,1,0,1,0,0,0,0,0,0,0,0,0,0,0,2,0,0,0,0,0,0,0,0,0,0,0,0,0,0,0,0,0,0,1,0,1,0,0,0,0,0,0,0,0,1,0,0,0,0,0,0,0,0,0,0,0,0,0,1,0,0,0,0,0,0,0,1,1,0,0,0,0,0,0,1,0,0,0,0,1,0,0,0,0,0,2,0,0,4,0,2,0,0,0,1,0,0,1,2,0,0,0,1,0,0,0,1,0,0,0,0,0,1,0,0,4,1,0,0,0,0,1,2,0,0,0,0,0,0,0,0,0,1,0,0,0,0,0,0,0,0,0,2,0,0,0,0,2,0,0,0,3,0,0,0,0,0,0,0,0,1,0,0,2,0,0,0,0,0,0,0,0,0,1,1,0,0,0,0,0,0,2,0,0,0,0,0,0,0,0,0,0,2,2,0,0,0,0,0,0,1,0,1,0,1,0,0,0,1,0,1,0,0,0,0,4,0,0
0,0,0,0,15,14,15,32,0,0,15,0,0,28,52,10,16,0,0,0,0,0,12,0,0,0,83,25,2,27,40,20,48,0,0,0,0,26,0,0,0,12,0,11,7,0,13,0,0,0,0,0,9,19,8,0,0,8,0,0,0,0,0,0,0,0,0,0,0,0,0,33,11,0,14,19,0,7,39,0,0,0,0,0,0,0,0,0,0,18,10,14,0,0,4,32,0,0,0,0,0,9,24,0,0,4,0,0,5,0,0,0,0,0,0,0,0,0,0,7,0,0,0,0,0,0,47,0,0,0,0,0,0,0,0,8,0,12,0,0,10,0,0,0,0,0,0,0,0,10,19,0,0,0,0,0,0,0,19,0,0,0,14,0,0,0,0,0,18,0,0,0,3,0,0,0,0,33,0,0,0,0,0,16,14,0,0,0,0,6,0,0,0,0,6,0,7,13,0,0,9,0,25,0,0,0,0,0,0,0,0,0,0,0,0,12,0,0,0,0,0,0,0,10,0,0,0,10,0,0,0,0,0,0,0,0,0,0,0,0,0,0,32,0,0,0,0,23,0,0,0,0,0,0,0,0,0,0,0,0,0,21,0,0,0,0,0,0,0,0
4,8,1,6,3,1,1,2,2,9,6,0,10,15,4,1,3,5,8,1,17,14,3,2,5,4,7,5,12,0,7,6,8,5,0,7,0,1,3,14,16,8,11,7,6,0,4,11,16,14,12,5,18,10,5,1,5,2,16,3,1,0,7,5,2,4,7,0,2,0,10,5,2,18,3,2,9,9,3,4,7,2,2,3,0,7,0,4,1,11,7,1,8,5,11,2,2,4,4,19,9,17,18,6,0,5,14,2,3,0,7,4,4,7,9,0,6,9,7,1,8,0,3,4,3,2,2,3,7,3,6,0,0,10,4,4,7,2,7,3,2,1,3,7,2,3,3,7,7,3,9,2,3,2,8,2,2,6,9,10,1,0,14,8,6,6,11,2,5,5,2,4,14,5,0,0,3,1,5,6,4,1,1,16,2,9,6,0,4,2,10,0,8,10,2,4,5,0,5,1,2,5,6,2,7,9,0,12,9,10,6,0,1,10,3,2,9,2,7,0,17,0,6,2,2,3,2,2,4,4,7,7,9,2,4,9,17,13,4,10,11,4,12,10,3,11,8,11,26,5,17,7,1,5,6,6,6,3,3,12,4,6,5,4,9,13,6,9,0,11
0,0,0,0,0,1,0,0,0,0,0,0,0,0,0,0,0,0,0,0,0,0,0,0,0,0,0,0,0,0,0,0,0,0,0,0,0,0,0,0,0,0,0,0,0,0,0,0,0,0,0,0,1,0,1,0,0,0,0,0,0,1,0,0,0,0,0,0,0,0,0,0,0,0,0,0,0,0,0,1,0,0,0,0,0,0,0,0,0,0,0,0,0,0,0,0,0,0,0,0,0,0,0,0,0,0,0,0,0,0,0,0,0,0,0,0,0,0,0,0,0,0,0,0,0,0,0,0,0,0,0,0,0,0,0,0,0,0,0,0,0,0,0,0,0,0,0,0,0,0,0,0,0,0,0,0,0,0,0,0,0,0,0,0,0,0,0,0,0,0,1,0,0,0,0,0,0,0,0,0,0,0,0,0,0,1,0,0,0,0,0,0,0,1,0,0,0,0,0,0,0,0,0,0,0,0,0,0,0,0,0,0,0,0,0,0,0,0,0,0,0,0,0,0,0,0,1,0,0,0,0,0,0,0,0,0,0,1,0,0,0,0,0,0,0,0,0,0,1,0,0,0,0,0,0,0,0,0,0,0,0,0,0,0,0,0,0,0,0,0
0,0,0,0,1,0,1,0,0,0,0,0,0,0,0,0,1,0,0,0,0,0,0,0,0,0,0,1,0,0,1,0,0,0,0,0,0,0,0,0,1,0,0,0,0,0,0,0,0,0,0,0,0,1,0,1,1,0,0,0,0,0,1,0,0,0,0,0,0,1,0,0,0,0,0,1,0,0,0,0,0,0,1,0,0,0,0,0,0,0,0,0,1,0,0,0,0,0,0,0,0,0,1,0,1,0,0,0,0,0,0,0,0,0,0,0,0,0,0,0,0,0,0,1,1,0,0,0,0,0,0,0,0,1,1,0,0,0,0,0,0,0,0,0,1,0,0,0,0,0,0,0,0,0,0,0,0,0,0,0,0,0,0,0,0,0,1,1,0,0,0,0,0,0,0,0,0,0,0,0,0,0,0,0,0,0,1,0,0,0,0,0,0,1,0,1,0,0,0,0,0,0,0,0,1,0,0,0,0,0,0,0,0,0,0,0,0,0,0,0,0,0,0,0,0,0,0,0,1,0,0,0,0,0,0,0,0,0,0,0,0,0,0,0,1,1,0,0,0,0,0,0,0,0,0,0,0,0,0,0,0,0,0,0,0,0,0,0,0,0
0,0,1,0,0,0,0,0,0,1,0,0,0,1,0,0,0,0,1,0,0,0,0,0,0,0,0,0,0,0,0,0,0,0,0,0,1,0,0,1,0,0,0,0,0,0,0,0,0,0,0,1,0,0,0,0,0,1,0,0,1,0,0,0,0,0,0,0,0,0,0,0,0,0,1,0,1,0,0,1,0,0,0,0,0,0,1,0,0,0,0,0,0,0,0,0,0,0,1,0,0,0,0,0,0,1,0,0,1,0,0,0,0,0,0,0,0,0,0,0,0,2,0,1,0,0,0,0,0,0,0,0,0,0,0,0,0,0,0,0,0,0,1,0,0,1,0,0,0,1,0,0,0,0,0,0,1,0,0,0,3,0,0,0,0,0,0,0,1,0,0,0,0,1,0,0,0,0,0,0,0,0,2,0,0,0,0,0,0,0,0,0,0,0,0,0,0,0,0,0,0,0,0,0,0,1,0,0,0,0,0,0,0,0,0,1,1,0,0,0,0,0,0,1,0,0,0,0,0,0,0,0,0,0,0,0,0,0,0,0,1,0,1,0,0,1,0,0,0,0,0,0,0,0,1,0,0,0,0,0,0,0,0,1,0,0,0,0,0,0
1,0,1,1,1,1,0,0,0,1,1,1,1,1,1,1,1,0,0,1,1,0,0,0,0,1,0,1,0,0,3,0,1,0,1,1,2,1,1,0,0,2,0,1,0,0,0,1,1,0,1,0,1,1,0,1,1,4,1,2,0,0,1,0,0,0,0,0,0,1,1,1,0,1,0,0,0,1,0,0,0,1,0,0,0,0,1,1,1,2,0,1,1,0,1,0,0,1,0,1,1,1,1,1,0,1,0,0,0,0,0,1,0,0,0,0,0,0,0,1,0,0,0,0,1,0,1,0,1,0,1,0,0,1,0,1,1,0,0,0,0,0,0,0,1,0,0,0,0,1,0,0,0,0,1,0,0,0,0,0,1,0,0,0,0,1,0,0,0,0,0,0,0,1,0,0,0,0,0,0,0,0,0,0,0,1,0,0,0,0,0,0,1,0,0,1,0,1,0,0,0,0,1,0,0,0,0,0,0,0,1,0,0,0,0,0,0,1,1,1,0,1,0,1,0,0,0,0,1,0,1,0,0,0,0,0,0,1,0,1,0,0,0,0,1,0,0,0,1,0,0,1,0,0,0,0,0,0,1,1,1,0,0,1,1,1,0,0,1,0
1,0,1,0,1,0,1,0,0,0,0,1,1,0,0,0,0,0,0,0,2,0,0,0,0,1,1,0,1,0,0,0,3,1,1,0,0,0,0,0,0,1,0,0,0,0,0,0,0,0,0,0,0,1,0,0,0,0,1,0,1,0,0,0,0,0,0,0,0,0,0,0,1,2,0,0,0,0,0,0,0,0,2,0,0,0,0,0,0,0,0,0,0,0,0,0,0,1,0,0,0,0,0,0,1,0,0,0,0,0,0,0,0,2,0,1,2,1,0,0,0,0,0,1,0,0,0,0,0,0,0,0,0,1,1,0,0,0,0,0,0,0,0,0,1,1,0,2,0,2,3,2,3,1,1,0,0,1,0,0,1,0,6,0,2,1,1,0,0,0,1,2,0,2,0,0,0,0,0,2,1,1,1,0,0,0,1,0,0,3,0,1,2,1,3,1,1,0,0,1,0,1,1,1,0,1,3,0,1,1,0,0,0,0,1,0,0,0,0,0,0,0,1,0,0,0,0,0,0,0,0,0,0,0,0,0,0,0,1,0,2,0,0,0,0,0,0,0,0,1,0,0,1,0,0,0,0,0,0,0,2,0,0,0,0,0,0,0,0,0
0,0,0,0,0,0,0,0,0,0,0,0,0,0,0,0,0,0,0,1,0,0,0,0,0,1,0,0,0,0,0,0,0,0,0,0,0,0,0,1,0,0,0,0,0,0,0,0,0,0,0,0,0,0,0,0,0,0,0,0,0,0,0,0,0,0,0,0,0,0,1,0,0,0,0,0,0,0,0,0,0,0,0,0,0,0,0,0,0,0,0,0,0,0,0,0,0,0,0,0,0,0,0,0,0,0,0,0,0,0,0,0,0,0,0,0,0,0,0,0,0,0,0,0,0,0,0,0,0,0,0,0,0,0,0,0,0,0,0,0,0,0,0,0,0,0,0,0,0,0,0,0,0,0,0,0,0,0,0,0,0,0,0,0,0,0,0,0,0,0,0,0,0,0,0,0,0,0,0,0,0,0,0,0,0,0,0,0,0,0,0,0,0,0,0,0,0,0,0,0,0,0,0,0,0,0,0,0,0,0,0,0,0,0,0,0,0,0,0,0,0,0,0,0,0,0,0,0,0,0,0,0,0,0,0,0,0,0,0,0,0,0,0,0,0,0,0,0,0,0,1,0,0,0,0,0,0,0,0,0,0,0,0,0,0,0,0,0,0,0
180,158,150,69,190,36,75,94,0,6,129,38,29,9,152,82,57,0,0,2,80,62,0,0,0,39,0,102,65,37,38,21,106,0,79,196,103,180,39,74,231,41,143,17,0,0,47,97,110,105,79,0,22,82,0,130,54,39,48,13,0,0,76,68,0,0,10,164,18,71,19,88,0,74,0,0,88,132,51,0,59,124,71,0,14,58,61,0,10,64,84,93,101,6,51,9,0,64,31,65,45,57,182,50,45,10,16,25,141,7,61,63,51,72,118,45,4,115,87,35,0,3,6,41,21,80,53,26,52,10,0,0,8,22,66,32,27,4,19,11,88,0,20,39,28,0,0,4,37,0,68,96,1,69,28,10,17,24,5,0,62,0,58,113,36,28,46,14,26,55,0,92,33,66,40,0,8,48,42,52,5,10,34,41,0,26,29,12,28,40,80,22,0,0,53,6,38,10,52,6,0,69,47,81,46,59,35,21,61,11,58,9,10,11,33,14,43,11,24,10,43,26,59,68,34,15,55,37,63,6,55,6,18,50,14,17,35,41,32,61,26,1,17,36,74,25,14,8,47,51,23,59,32,28,30,0,42,61,6,40,30,19,7,25,38,18,13,0,13,23
3,1,0,8,3,1,1,3,2,5,4,3,0,9,3,0,2,2,4,4,3,4,1,3,2,3,7,3,3,5,1,1,2,0,3,3,5,9,2,2,1,2,3,3,1,1,3,3,0,3,4,1,6,50,0,5,3,5,3,3,2,1,4,2,2,2,0,0,1,3,4,3,2,1,1,3,9,2,7,1,3,4,5,3,3,3,2,1,3,4,10,1,3,3,4,1,0,0,4,0,2,2,5,1,2,1,1,1,6,2,4,3,2,2,4,3,5,3,2,0,2,0,3,1,2,6,7,5,1,2,8,1,0,1,1,4,5,2,4,0,1,3,2,2,1,1,0,1,1,2,1,1,1,3,3,1,1,0,0,1,1,1,2,0,2,3,0,2,1,1,1,2,0,1,1,2,1,1,1,0,1,3,2,1,1,1,1,2,2,1,0,0,0,2,0,3,1,1,1,2,1,0,1,1,2,0,1,0,0,0,2,3,0,1,1,3,0,4,3,1,1,1,2,0,2,5,0,2,3,0,0,0,1,1,0,1,0,0,3,1,2,1,1,0,1,1,1,1,4,1,0,1,3,1,2,1,2,1,1,0,1,2,1,0,1,2,2,2,1,1
0,0,0,0,0,0,0,0,0,0,0,0,0,0,0,0,0,0,0,0,0,0,0,0,0,0,0,0,0,0,0,0,0,0,0,0,0,0,0,0,0,0,0,0,0,0,0,0,0,0,0,0,0,0,0,0,0,0,0,0,0,0,0,0,0,0,0,0,0,0,0,0,0,0,0,0,0,0,0,0,0,0,0,0,0,0,0,0,0,0,0,0,0,0,0,0,0,0,0,0,0,0,0,0,0,0,0,0,0,0,0,0,0,0,0,0,0,0,0,0,0,0,0,0,0,0,0,0,0,0,0,0,0,0,0,0,0,0,0,0,0,0,0,0,0,0,0,0,0,0,0,0,0,0,0,0,0,0,0,0,0,0,0,0,0,0,0,0,0,0,0,0,0,0,0,0,0,0,0,0,0,0,0,0,0,0,0,0,0,0,0,0,0,0,0,0,0,0,0,0,0,0,0,0,0,0,0,0,0,0,0,0,0,0,0,0,0,0,0,0,0,0,0,0,0,0,0,0,0,0,0,0,0,0,0,0,0,0,0,0,0,0,0,0,0,0,0,0,1,1,0,0,0,0,0,0,0,0,0,0,0,0,0,0,0,0,0,0,0,0
1,0,0,0,0,0,0,0,0,0,0,0,0,0,0,41,0,0,20,0,0,0,0,10,0,0,0,0,0,0,46,0,0,0,0,47,0,3,14,6,0,0,0,0,0,0,0,0,0,8,0,0,0,0,0,0,0,0,0,0,0,0,0,0,0,0,0,3,0,0,0,0,0,7,11,0,0,0,0,7,0,0,0,8,0,0,0,0,0,0,0,0,0,0,0,3,0,0,0,0,0,0,0,0,0,0,0,0,0,0,2,0,0,0,0,0,0,0,0,6,0,0,0,0,0,0,0,22,0,0,14,5,4,0,0,0,0,0,13,17,0,0,0,0,0,10,0,0,0,0,0,0,0,0,0,0,6,0,0,0,14,0,0,10,0,0,6,0,0,0,0,0,7,0,0,0,10,0,0,30,0,0,9,0,0,0,0,0,0,0,23,8,0,0,25,0,0,0,4,0,0,0,0,0,0,13,0,0,0,0,0,11,0,0,8,0,9,0,9,4,0,0,0,0,0,0,0,2,10,0,0,0,10,0,15,0,8,0,0,13,10,0,0,0,16,30,0,0,0,0,0,0,0,0,0,0,0,0,14,0,0,0,0,0,13,0,0,0,7,0
3,0,3,1,0,0,0,0,0,1,0,0,0,0,0,0,0,0,0,0,0,1,0,0,0,0,0,0,2,0,0,0,0,0,2,1,0,0,5,0,0,1,0,0,0,1,0,6,0,0,1,0,0,2,0,0,0,0,2,0,0,0,1,0,0,0,0,2,2,0,0,0,0,0,0,2,0,0,0,0,0,0,0,1,0,0,0,0,0,0,0,0,0,0,1,0,1,0,0,0,0,1,2,1,0,0,0,1,2,0,1,0,0,0,0,0,0,0,0,0,0,0,0,1,0,3,0,0,0,1,2,4,0,0,0,0,1,0,0,0,1,0,0,2,0,0,0,0,8,0,0,0,0,0,2,0,0,0,0,0,0,3,2,0,0,0,2,0,0,0,1,0,0,1,0,0,0,0,0,0,0,0,2,0,0,0,0,0,0,0,0,0,0,0,0,0,0,0,1,3,0,0,0,0,0,0,0,0,0,1,0,0,0,0,0,0,0,0,1,0,0,0,0,0,0,0,0,0,1,0,0,0,0,0,0,2,0,0,0,2,0,0,0,3,2,0,0,0,0,0,0,0,0,0,2,0,0,0,0,0,0,0,0,0,0,0,0,1,0,0
1,0,1,0,0,2,1,0,1,0,2,0,0,0,0,1,0,0,0,0,0,0,0,0,0,0,0,0,1,1,0,2,0,0,0,0,0,0,0,0,0,0,0,1,0,0,0,1,0,0,0,0,0,4,0,0,0,2,0,0,0,0,0,0,1,0,0,0,0,1,0,0,0,0,0,0,0,0,0,2,0,0,0,0,0,1,0,0,0,0,1,0,0,0,0,1,0,0,0,0,0,0,0,0,0,1,0,0,0,1,0,0,0,0,0,0,0,1,0,0,0,0,0,2,0,0,0,0,0,1,0,0,0,1,0,0,0,1,0,0,0,0,0,0,1,0,0,0,0,0,0,0,0,0,0,0,0,0,0,1,0,0,0,0,0,0,0,0,0,0,0,1,0,0,0,1,0,0,0,0,1,0,1,0,0,0,0,1,0,3,0,0,0,0,0,0,1,0,0,0,0,0,0,0,3,0,2,1,1,0,0,0,0,0,0,0,0,0,0,1,0,0,1,0,0,0,0,0,0,0,1,0,0,0,0,0,0,0,0,0,0,1,0,0,0,0,0,0,0,0,0,0,0,0,0,0,0,0,0,0,0,0,1,0,0,0,1,0,0,0
0,0,0,1,0,0,0,0,0,0,0,1,0,0,0,0,0,0,0,0,0,0,0,0,0,0,0,0,0,0,0,0,0,0,0,0,0,0,0,0,0,0,0,0,0,0,0,0,0,0,0,0,0,1,0,0,0,0,0,0,0,0,0,0,0,0,1,0,0,0,0,0,0,0,0,0,0,0,0,0,0,0,0,1,0,0,0,0,0,0,0,0,0,0,0,0,0,0,0,0,0,0,0,0,0,0,0,0,0,0,0,0,0,0,0,0,0,0,0,0,0,0,0,0,0,0,0,0,0,0,0,0,0,0,0,0,0,0,0,0,1,0,0,0,0,0,0,0,0,1,0,0,0,0,0,0,0,0,0,0,0,0,0,0,0,0,0,0,0,0,0,0,0,0,0,0,0,0,0,0,0,0,0,0,0,0,0,0,0,0,0,0,0,0,0,0,0,0,0,0,0,0,0,0,0,0,0,0,0,0,0,0,0,0,0,0,0,0,0,0,0,0,0,0,0,0,0,0,0,0,0,0,0,0,0,0,0,0,0,0,0,0,0,0,0,0,0,0,0,0,0,0,0,0,0,0,0,0,0,0,0,0,0,0,0,0,0,0,0,0
5,5,6,55,31,10,0,0,7,3,14,1,0,15,3,29,9,6,12,14,7,10,11,0,0,22,6,19,23,17,22,8,0,2,5,17,5,7,4,9,3,0,4,12,3,12,4,19,12,5,2,3,34,29,11,16,7,0,10,26,18,0,2,21,3,5,2,5,12,10,6,15,0,0,14,1,10,3,4,10,0,3,4,8,4,32,25,2,10,9,0,12,1,15,1,0,14,3,0,7,0,4,3,8,23,1,4,0,9,5,0,29,8,6,0,4,0,15,35,27,0,0,0,23,11,11,4,4,2,0,2,0,0,0,22,5,4,0,14,5,5,0,0,8,8,0,0,5,6,10,4,3,0,1,0,6,4,0,0,8,0,15,0,6,0,0,1,12,0,0,0,13,0,0,11,2,0,0,0,0,6,0,0,0,6,0,0,9,0,0,0,1,0,0,1,0,0,37,3,0,8,0,0,0,0,0,0,0,5,0,0,0,9,3,0,0,0,12,0,1,0,0,0,3,4,5,6,8,0,0,0,1,4,4,11,0,19,0,3,3,7,0,0,5,0,0,6,0,0,7,0,0,3,0,0,0,0,0,0,12,4,0,3,13,0,4,0,6,0,6
0,2,1,0,0,0,0,0,0,1,0,0,0,0,0,0,0,0,0,0,0,0,0,0,1,0,0,0,0,0,0,0,0,0,0,0,0,0,0,1,0,0,0,0,0,0,0,0,0,0,0,0,0,0,0,0,0,0,0,0,0,0,0,0,0,0,1,0,0,0,0,0,0,0,0,0,0,0,0,0,0,0,0,1,0,0,0,0,0,1,0,0,0,0,0,0,0,0,0,0,0,0,0,0,0,0,1,0,0,0,0,0,0,0,0,0,0,0,1,0,0,0,0,0,0,0,0,0,0,0,0,0,0,0,0,1,0,0,0,0,0,2,0,0,0,0,0,2,0,0,0,0,0,0,0,1,0,0,0,0,0,0,0,0,0,0,0,0,0,0,0,0,0,1,0,1,0,0,0,0,0,1,0,0,0,0,0,0,1,0,0,0,0,0,0,0,0,0,0,0,0,0,0,1,0,1,0,0,0,0,0,0,0,1,0,0,0,0,0,0,0,0,0,0,0,0,0,0,0,0,0,0,0,0,0,0,0,0,0,1,0,0,0,0,0,1,0,0,0,0,0,0,0,0,0,1,0,0,0,0,0,0,0,0,0,0,1,0,0,0
0,0,1,0,0,1,0,0,5,1,0,1,0,0,0,0,0,3,0,0,0,0,2,1,0,0,0,0,0,0,0,1,0,0,0,0,0,0,3,0,0,1,0,0,1,2,0,0,0,0,0,2,0,0,0,0,0,1,2,0,0,1,0,0,0,1,0,0,3,0,0,0,0,0,0,1,0,1,0,0,0,0,0,0,0,0,0,0,0,0,1,0,0,0,0,0,0,1,0,0,0,0,0,1,0,1,0,0,0,0,0,0,1,0,1,0,0,0,0,0,0,1,0,1,0,0,0,1,0,0,0,0,0,0,0,0,0,0,0,0,0,0,0,0,0,0,0,0,0,0,0,2,0,0,0,0,3,0,1,0,0,0,0,0,0,0,0,0,1,1,0,0,0,0,0,0,0,0,0,0,0,0,0,0,2,0,0,0,0,0,0,0,1,0,0,0,0,0,0,0,0,4,2,2,0,0,0,1,0,0,0,0,0,0,0,0,0,0,0,0,0,0,0,0,0,0,0,0,0,0,0,0,0,2,1,0,0,0,2,0,0,0,1,0,1,0,0,0,1,0,0,0,1,0,0,0,0,0,0,0,0,0,1,0,0,0,0,0,0,0
0,1,0,0,0,0,0,1,0,0,0,0,1,0,0,1,0,0,0,0,0,0,0,1,0,0,0,0,0,0,0,0,0,0,2,0,2,0,0,1,0,0,0,0,0,0,0,0,0,0,0,0,0,0,0,0,1,0,0,1,0,0,1,0,0,2,0,0,0,0,0,0,0,1,0,0,0,0,0,1,0,0,0,0,0,2,0,0,0,0,0,1,0,0,0,0,0,0,0,0,0,0,3,0,0,0,0,0,0,0,0,0,0,1,0,2,0,0,0,0,1,0,0,3,0,0,0,0,0,0,0,0,1,0,0,0,0,0,0,0,0,0,0,1,0,0,2,0,0,0,0,0,0,0,0,1,0,0,0,2,0,0,0,1,1,0,0,0,0,0,0,0,0,0,0,0,0,0,1,3,0,0,0,0,1,0,0,0,0,0,0,0,0,0,0,0,0,0,1,0,0,0,0,0,1,1,1,0,0,0,0,0,0,0,0,0,0,1,0,0,0,0,0,0,0,0,0,0,0,1,0,1,0,0,0,0,0,0,0,1,0,0,0,0,1,0,2,0,2,0,0,2,0,0,0,0,0,0,5,0,0,0,0,0,0,0,0,0,0,0
0,0,0,0,11,0,0,0,5,4,0,0,0,6,0,0,2,0,2,0,0,0,15,11,8,0,0,0,0,0,0,0,0,25,4,0,0,5,0,0,0,0,6,0,15,11,0,0,0,3,0,10,0,0,0,23,0,0,0,0,0,0,0,0,8,29,10,0,9,8,0,0,16,0,1,32,0,0,11,0,2,0,0,9,12,0,0,7,13,0,0,3,0,17,3,6,0,4,0,0,7,0,8,3,8,6,0,13,0,21,0,0,0,0,19,0,13,0,0,0,0,2,2,8,0,0,0,0,0,21,0,4,7,0,8,18,0,0,2,4,27,0,4,0,0,0,6,0,8,0,0,13,0,0,0,0,0,1,6,9,0,32,0,0,0,0,0,6,5,0,11,0,0,0,23,19,6,11,0,0,0,0,0,0,9,1,0,0,7,14,10,11,0,0,7,0,0,12,0,19,9,0,17,8,12,0,20,0,4,5,16,19,0,18,4,11,11,4,0,0,25,22,8,28,12,5,13,0,0,0,14,0,0,10,0,0,0,6,2,0,8,0,5,0,26,7,0,0,0,7,8,0,7,2,11,0,0,0,12,0,0,0,0,0,0,6,0,0,0,10
0,0,0,0,0,0,0,0,0,0,0,0,0,0,0,0,0,0,0,0,0,0,0,0,0,0,0,0,0,0,0,0,0,0,0,0,0,0,0,0,0,0,0,0,0,0,0,0,0,0,0,0,0,0,0,0,0,0,0,0,0,0,0,0,0,0,0,0,0,0,0,0,0,0,0,0,0,0,0,0,0,0,0,0,0,0,0,0,0,0,0,0,0,0,0,0,0,0,0,0,0,0,0,0,0,0,0,0,0,0,0,0,0,0,0,0,0,0,0,0,0,0,0,0,0,0,0,0,0,0,0,0,0,0,0,0,0,0,0,0,0,0,0,0,0,0,0,0,0,0,0,0,0,0,0,0,0,0,0,0,0,0,0,0,0,0,0,0,0,0,0,0,0,0,0,0,0,0,0,0,0,0,0,0,0,0,0,0,0,0,0,0,0,0,0,0,0,0,0,0,0,0,0,0,0,0,0,0,0,0,0,0,0,0,0,0,0,0,0,0,0,0,0,0,0,0,0,0,0,0,0,0,0,0,0,0,0,0,0,0,0,0,0,0,0,0,0,0,0,0,0,0,0,0,0,0,0,0,0,0,0,0,0,0,0,0,0,0,0,0
0,0,0,1,1,2,0,1,0,0,0,1,0,3,1,1,3,0,0,1,0,0,0,0,0,0,1,1,0,3,2,0,1,0,0,0,0,0,0,0,0,0,0,0,0,0,0,0,0,0,0,1,1,0,1,0,1,0,0,0,0,1,0,0,0,1,0,0,0,0,0,0,0,0,0,0,0,0,0,0,0,0,0,0,0,1,1,0,1,0,0,0,0,0,0,0,0,1,0,0,0,0,0,0,0,1,0,0,0,0,0,0,0,0,0,0,0,1,0,0,0,0,0,0,0,0,0,0,0,0,0,1,0,1,0,0,0,0,0,0,0,0,1,1,0,0,0,0,0,0,0,0,0,1,0,0,1,0,0,0,0,0,0,0,0,0,0,0,0,0,0,0,0,0,0,0,0,1,4,0,0,0,0,0,0,1,0,0,0,0,0,0,0,0,0,0,0,0,0,0,0,0,0,0,0,0,0,0,0,0,0,0,0,1,0,0,0,0,0,1,0,0,0,0,0,1,0,0,0,0,0,0,1,0,1,0,0,0,0,0,0,0,0,1,1,1,0,0,0,0,0,0,0,0,1,0,0,0,1,0,0,0,0,0,0,0,0,0,0,1
0,2,0,0,0,1,1,0,0,1,0,0,0,0,0,0,0,2,0,0,0,0,0,0,0,0,0,0,0,0,0,1,0,0,0,0,0,1,0,0,0,0,1,0,0,1,0,0,0,0,0,0,0,0,0,0,0,0,0,0,0,1,0,0,0,0,0,0,0,0,0,0,1,0,0,0,0,0,0,0,0,0,0,1,1,0,0,0,1,0,0,0,0,0,0,0,0,0,0,0,1,1,0,0,0,0,0,0,0,0,0,0,0,0,0,0,0,0,0,0,0,0,0,0,0,0,0,0,0,0,0,0,0,0,1,1,0,0,0,0,0,2,2,1,0,0,1,2,0,0,0,2,0,0,0,0,0,0,0,0,0,0,0,3,0,0,0,0,0,0,2,0,0,0,1,0,0,0,0,0,0,0,0,0,0,0,0,0,0,0,0,0,0,0,0,0,0,0,0,0,1,0,0,0,0,0,0,0,0,0,0,2,0,1,0,0,2,0,0,0,0,1,0,2,0,0,0,0,0,0,1,1,0,0,0,0,0,0,0,0,0,0,0,0,0,1,1,0,0,0,1,0,0,0,0,0,0,0,0,0,0,1,0,0,0,0,0,0,0,0
0,0,0,4,0,0,0,0,3,0,0,0,0,0,5,0,0,2,2,0,0,0,2,0,0,0,0,0,4,1,0,0,0,0,0,10,0,0,2,0,0,0,0,0,0,0,0,2,0,0,0,0,0,0,3,0,2,0,0,0,0,1,0,0,0,0,0,0,0,0,2,0,2,0,0,3,0,0,0,7,0,0,0,0,4,0,5,0,6,0,0,0,0,0,0,0,0,0,3,0,0,0,0,0,0,0,0,0,0,0,0,0,0,0,0,5,0,0,0,0,0,0,0,1,0,0,0,3,0,0,0,0,0,0,0,0,0,1,1,0,3,0,0,0,4,0,0,0,0,0,0,3,2,0,0,0,0,0,0,0,0,0,0,0,0,0,0,3,0,0,0,2,0,0,0,0,0,4,0,1,0,0,0,0,0,0,3,1,0,2,0,0,0,0,0,0,0,0,3,0,0,0,0,3,1,3,2,0,0,6,4,0,0,0,0,0,0,0,0,0,1,0,0,0,0,0,0,0,0,0,0,0,0,0,0,0,3,0,2,0,0,0,0,0,0,0,0,0,0,0,1,0,7,0,0,0,0,0,3,0,0,0,9,0,0,0,0,0,0,0
0,0,0,0,0,0,0,0,0,1,1,0,0,0,0,0,0,0,0,0,0,0,0,0,0,0,0,0,0,0,1,0,0,1,1,0,0,0,0,0,0,0,0,2,0,0,0,0,0,0,0,0,1,1,0,0,0,0,0,0,0,0,0,0,0,0,0,0,0,0,0,0,2,0,1,0,0,0,1,0,1,1,0,0,0,0,0,0,0,1,0,0,0,0,0,0,0,0,0,0,0,0,0,0,2,0,2,0,0,0,0,0,1,2,0,1,0,0,0,0,0,0,0,0,0,0,0,0,0,1,0,0,1,0,0,0,0,5,0,0,0,0,0,0,0,0,0,0,0,0,0,0,0,0,0,1,0,0,0,0,0,0,0,0,0,1,0,1,0,0,0,2,1,0,1,0,0,0,0,1,1,0,1,0,0,0,0,0,0,0,0,0,1,1,0,0,0,0,0,0,0,0,0,0,1,2,0,0,0,0,1,0,2,0,0,0,0,1,0,0,0,0,0,0,0,0,0,0,0,0,0,1,0,0,0,0,0,0,0,0,0,0,0,0,0,2,0,0,0,0,0,0,0,0,0,0,0,0,0,0,0,0,0,0,0,0,0,0,0,2
0,0,0,0,15,33,14,31,10,0,0,20,0,13,0,10,10,13,16,0,0,17,16,0,19,31,0,25,12,0,0,9,0,6,8,0,22,13,0,0,27,7,11,0,37,9,45,18,41,12,8,18,2,0,0,10,5,9,15,50,8,11,18,0,27,12,29,0,0,6,0,4,0,6,30,0,23,29,8,15,8,16,22,0,0,14,0,22,14,14,0,7,11,0,27,0,48,6,22,0,23,6,22,13,19,0,30,8,9,0,10,20,8,0,2,31,6,14,0,13,3,0,8,3,0,21,0,10,19,0,0,0,6,7,5,46,14,4,48,0,0,0,0,0,77,0,0,22,0,0,0,34,0,27,0,0,0,0,25,12,0,14,7,4,49,12,12,0,0,0,13,11,0,0,0,14,0,11,13,0,0,0,0,0,0,26,13,16,0,0,0,0,0,0,0,0,0,5,0,0,0,0,0,0,16,0,0,0,0,0,0,0,0,0,0,0,0,18,41,0,12,0,0,8,0,0,0,0,0,14,18,0,0,0,0,18,0,0,0,0,0,0,0,0,2,0,0,0,9,0,0,0,0,0,0,4,0,0,0,0,0,0,0,8,0,0,0,0,0,0
0,0,0,0,0,0,0,0,0,0,0,0,0,0,0,0,0,0,0,0,0,0,0,0,0,0,0,0,0,0,0,0,0,0,0,0,0,0,0,0,0,0,0,1,0,0,0,0,0,0,0,0,0,0,0,0,1,1,0,0,0,0,0,0,0,0,0,0,0,0,0,0,0,0,0,0,0,0,0,0,0,0,0,0,1,0,0,0,0,0,0,0,0,0,0,0,0,0,0,0,0,0,0,0,0,0,0,0,0,0,0,0,0,0,0,0,1,0,0,0,0,0,0,0,0,0,0,0,0,1,1,0,0,0,0,0,0,0,0,0,0,0,0,0,0,0,0,0,0,0,0,0,0,0,0,1,0,0,0,0,0,1,0,0,0,0,0,0,0,0,0,0,0,0,0,0,1,0,0,0,0,0,0,0,0,0,0,0,0,0,0,0,0,0,1,0,0,0,0,0,1,0,0,0,0,0,0,0,0,0,0,0,0,0,0,1,0,0,0,0,0,0,0,0,0,0,0,0,0,0,0,0,0,0,0,0,0,0,0,0,0,0,0,0,0,0,0,0,0,0,0,0,0,0,0,0,0,0,0,0,0,0,0,1,0,0,1,0,0,0
0,0,0,0,0,0,0,0,0,0,0,1,0,0,0,0,0,0,0,0,0,0,0,0,0,0,0,1,1,0,0,0,0,2,2,0,0,0,0,0,0,0,0,1,0,0,0,0,0,0,0,0,1,0,0,0,0,0,0,0,0,0,0,0,0,0,0,0,0,0,0,0,0,0,0,0,0,0,0,2,0,0,0,1,0,0,0,1,0,0,0,0,0,0,0,0,0,0,0,0,0,1,0,1,1,1,0,0,0,0,0,0,0,0,0,0,1,0,0,0,0,0,0,2,0,0,0,0,0,0,0,0,0,0,0,0,0,0,0,0,0,0,0,0,0,2,0,0,0,0,1,0,0,1,0,0,1,0,0,0,0,0,0,0,0,0,0,0,0,0,0,0,0,0,1,0,0,0,0,0,0,0,0,0,0,0,0,1,0,1,0,0,0,0,0,0,0,0,0,0,0,0,0,0,1,0,0,0,0,0,1,0,0,0,1,0,0,0,0,0,0,0,0,0,0,0,0,0,1,1,0,0,1,0,1,0,0,0,0,0,0,0,0,0,0,0,0,0,0,1,0,1,0,0,0,0,0,0,1,0,0,0,0,0,0,0,0,0,0,0
0,0,0,0,1,0,0,0,1,0,0,0,0,0,0,0,0,1,0,1,0,0,0,0,0,0,0,1,0,0,1,0,1,0,0,0,0,0,0,0,0,0,0,0,0,0,0,0,0,1,0,0,0,0,0,0,0,0,1,1,1,1,0,0,0,0,0,1,2,0,0,0,0,0,0,0,0,0,0,0,0,1,0,0,0,0,0,2,0,0,0,1,0,0,0,1,0,0,0,0,0,0,0,1,0,0,0,0,0,0,0,0,0,0,0,0,0,0,0,0,0,0,0,0,0,0,0,0,0,0,0,0,0,0,0,0,0,0,1,0,1,0,0,0,0,3,0,0,0,0,0,0,0,1,0,0,1,0,0,2,0,0,0,0,0,1,0,0,0,0,1,0,0,0,0,0,1,0,0,0,0,0,0,0,0,0,0,2,0,0,0,0,0,0,0,0,0,0,0,0,0,1,0,0,1,0,0,2,0,1,0,0,0,0,0,0,0,1,0,0,0,1,0,0,0,2,3,0,0,0,0,0,0,0,0,0,0,0,0,0,0,0,0,0,0,0,0,0,0,1,3,0,0,0,0,1,0,1,0,0,0,0,1,0,1,1,0,0,0,0
0,0,0,7,0,0,0,0,0,0,16,0,0,0,8,0,5,0,0,0,0,0,0,5,0,4,0,0,0,0,0,5,0,0,0,0,0,3,0,0,4,0,0,0,0,0,0,0,0,0,13,7,0,0,0,0,0,0,0,4,0,0,0,0,0,0,6,0,0,0,0,4,0,0,0,0,0,0,0,0,0,0,5,0,6,0,0,0,0,0,0,0,0,6,0,5,0,8,0,0,0,5,0,0,11,0,0,0,0,6,0,0,7,0,0,14,0,2,0,0,0,0,0,0,0,0,0,0,0,0,0,4,0,0,0,11,0,0,0,0,0,0,0,9,0,5,0,0,5,0,0,0,0,0,0,7,0,0,0,0,0,0,0,6,0,0,0,0,3,0,0,0,4,0,0,0,0,3,0,0,0,0,0,6,0,0,1,0,0,0,0,0,0,0,0,0,0,0,0,0,7,0,14,7,0,0,0,0,0,0,0,0,0,0,0,0,0,20,0,0,0,6,5,0,0,0,9,0,0,0,0,0,0,0,0,0,0,0,3,0,0,0,0,0,5,1,8,0,3,0,0,6,0,7,0,6,7,0,3,0,0,0,0,2,0,0,0,0,0,0
1,0,0,0,0,0,0,0,1,0,0,0,0,0,0,0,0,0,0,0,0,0,0,0,0,0,0,0,0,0,0,0,0,0,0,1,1,0,1,1,0,0,0,1,0,0,0,0,0,1,1,0,0,0,0,0,0,0,0,0,0,0,0,0,1,0,0,0,0,0,0,1,0,1,2,0,0,0,0,1,0,0,0,0,0,0,0,0,0,0,0,0,0,0,0,0,1,0,0,0,1,0,0,1,1,0,0,0,1,0,0,0,0,1,0,0,1,1,0,0,1,0,0,0,1,0,0,1,0,0,0,0,0,0,0,0,1,1,0,1,1,0,0,0,0,0,1,0,0,0,0,1,1,0,0,0,0,0,0,0,0,0,0,0,1,0,0,0,0,0,0,0,0,0,0,1,0,1,0,0,0,0,1,0,1,1,0,0,0,0,0,0,1,0,0,0,1,1,0,1,1,1,0,0,0,0,0,1,0,0,0,1,1,0,0,0,0,1,1,0,1,1,0,0,0,0,0,0,1,0,0,0,0,0,0,1,1,0,0,0,0,0,0,0,0,0,0,0,0,0,0,0,0,0,0,0,0,0,0,0,0,0,0,0,0,0,0,0,0,0
0,0,0,0,0,0,0,1,0,0,0,0,0,0,0,0,0,0,1,0,0,1,0,0,0,0,0,0,0,0,0,0,0,0,0,0,0,0,0,0,0,0,0,0,0,0,0,0,0,0,0,0,1,0,0,0,0,0,0,0,0,1,0,0,0,0,1,0,0,0,0,0,0,0,0,0,0,0,0,0,1,0,0,0,0,0,0,0,0,0,0,0,0,0,0,0,0,0,0,1,0,0,0,0,0,0,0,0,0,0,0,0,0,0,0,0,0,0,0,0,0,0,0,0,0,0,0,0,0,1,0,1,0,0,0,0,0,0,0,0,0,2,0,0,0,0,0,0,0,0,0,0,0,0,0,0,0,0,0,0,0,0,0,0,0,0,0,0,0,0,0,0,0,0,0,0,0,0,0,0,0,0,0,0,0,0,0,0,0,0,0,0,0,0,0,0,0,0,0,0,0,0,0,0,0,1,0,0,0,0,0,0,0,0,0,0,0,0,0,0,0,0,0,0,0,0,0,0,0,0,0,1,0,0,0,0,0,0,0,0,0,1,0,1,0,0,0,0,0,0,0,0,0,0,0,0,0,0,0,0,0,0,0,0,0,0,0,0,0,0
0,0,0,0,0,0,0,0,0,0,0,0,0,0,0,0,0,0,0,0,0,0,0,0,0,0,0,0,0,0,0,0,0,0,0,0,0,0,0,0,0,0,0,0,0,0,0,0,0,0,0,0,0,0,0,0,0,0,0,0,0,0,0,0,0,0,0,0,0,0,0,0,0,0,0,0,0,0,0,0,0,0,0,0,0,0,0,0,0,0,0,0,0,0,0,0,0,0,0,0,0,0,0,0,0,0,0,0,0,0,0,0,0,0,0,0,0,0,0,0,0,0,0,0,0,0,0,0,0,0,0,0,0,0,0,0,0,0,0,0,0,0,0,0,0,0,0,0,0,0,0,0,0,0,0,0,0,0,0,0,0,0,0,0,0,0,0,0,0,0,0,0,0,0,0,0,0,0,0,0,0,0,0,0,0,0,0,0,0,0,0,0,0,0,0,0,0,0,0,0,0,0,0,0,0,0,0,0,0,0,0,0,0,0,0,0,0,0,0,0,0,0,0,0,0,0,0,0,0,0,0,0,0,0,0,0,0,0,0,0,0,0,0,0,0,0,0,0,0,0,0,0,0,0,0,0,0,0,0,0,0,0,0,0,0,0,0,0,0,0
0,0,0,0,0,0,0,0,0,2,0,0,0,0,1,1,0,0,0,0,0,0,0,0,0,0,1,0,1,0,0,0,0,0,0,0,0,0,0,0,0,0,0,1,0,0,0,0,0,0,1,0,0,0,0,0,0,0,0,0,0,0,0,0,0,0,0,0,0,0,0,0,0,0,0,2,1,0,1,0,0,0,0,1,1,0,0,0,0,0,0,0,0,1,0,0,0,0,0,0,0,0,0,0,0,0,0,1,0,0,0,0,0,0,0,1,0,0,0,0,0,1,0,0,0,0,0,0,0,0,0,0,0,0,0,0,0,0,1,1,0,1,1,0,0,0,0,0,0,0,0,0,0,0,0,0,1,0,0,0,0,0,0,1,0,1,0,0,0,0,0,0,0,0,0,0,0,0,0,0,0,0,1,0,0,0,0,1,0,0,0,0,0,0,0,1,0,0,0,0,0,0,0,0,0,0,0,0,0,0,0,0,0,0,0,0,0,0,0,0,0,0,0,0,0,0,0,0,0,0,0,0,0,0,0,0,0,0,0,0,0,0,0,0,0,0,0,0,0,0,0,1,0,0,0,0,0,0,0,0,0,0,0,0,0,0,0,0,0,0
0,0,0,0,0,0,0,0,0,0,1,0,0,0,0,0,0,0,0,0,0,1,0,0,0,0,0,1,0,1,0,0,1,0,0,0,0,1,0,0,0,0,0,0,0,1,1,0,0,1,0,0,0,0,1,0,0,2,0,0,0,0,1,0,0,0,0,0,0,0,0,1,0,0,0,0,0,0,0,0,0,0,1,0,0,1,1,0,0,1,2,0,0,1,0,0,0,0,1,0,0,1,1,0,0,0,1,0,0,0,1,1,1,0,1,0,0,1,2,1,0,0,0,1,1,0,0,1,0,0,0,0,0,0,1,0,1,0,0,0,1,0,0,1,1,0,0,0,0,0,0,0,0,0,0,0,0,0,0,0,0,0,0,0,0,1,0,0,0,0,0,0,0,1,0,0,0,0,2,0,0,0,0,0,0,0,0,0,1,0,0,0,0,0,0,0,0,1,0,0,1,0,0,0,0,0,0,0,1,0,0,0,0,1,0,0,0,1,0,0,0,0,0,0,0,1,1,1,0,0,0,0,0,0,0,1,0,0,0,0,0,0,0,0,0,0,1,0,0,1,1,1,0,0,1,0,0,1,0,1,0,0,0,0,0,0,0,1,0,0
128,22,62,17,125,1,37,15,40,182,14,57,57,48,14,11,28,8,78,135,57,10,33,59,262,8,36,42,197,17,103,15,49,52,157,0,40,8,74,55,59,19,155,145,38,26,53,82,45,46,68,98,46,51,21,18,68,72,24,50,80,56,60,96,58,44,65,100,44,3,98,73,21,102,68,47,81,130,0,63,61,72,68,138,118,82,32,140,102,53,53,48,132,129,230,61,29,118,88,62,116,84,27,66,19,53,11,38,116,26,80,285,28,109,58,61,170,136,35,201,35,51,38,0,145,181,51,107,21,37,229,100,121,60,194,56,41,84,115,43,81,27,123,41,49,79,104,103,222,134,70,212,124,34,9,119,46,175,173,95,44,120,78,21,47,43,98,209,65,92,101,127,0,100,136,191,95,0,48,89,60,136,75,136,53,79,20,53,101,0,77,95,19,95,55,161,36,115,50,110,97,86,179,11,52,12,2,71,40,75,126,60,59,85,78,37,38,72,0,24,143,66,87,27,30,49,37,72,49,24,33,30,59,53,14,113,68,105,23,85,98,101,99,57,70,62,21,134,134,118,117,38,110,62,18,72,44,26,211,65,95,75,36,17,53,127,125,45,21,61
0,0,0,0,0,0,0,0,0,0,0,0,0,0,0,0,0,0,0,0,0,0,0,0,0,0,0,0,0,0,0,0,0,0,0,0,0,0,0,0,0,0,0,0,0,0,0,0,0,0,0,0,0,0,0,0,0,0,0,0,0,0,0,0,0,0,0,0,0,0,0,0,0,0,0,0,0,0,0,0,0,0,0,0,0,0,0,0,0,0,0,0,0,0,0,0,0,0,0,0,0,0,0,0,0,0,0,0,0,0,0,0,0,0,0,0,0,0,0,0,0,0,0,0,0,0,0,0,0,0,0,0,0,0,0,0,0,0,0,0,0,0,0,0,0,0,0,0,0,0,0,0,0,0,0,0,0,0,0,0,0,0,0,0,0,0,0,0,0,0,0,0,0,0,0,0,0,0,0,0,0,0,0,0,0,0,0,0,0,0,0,0,0,0,0,0,0,0,0,0,0,0,0,0,0,0,0,0,0,0,0,0,0,0,0,0,0,0,0,0,0,0,0,0,0,0,0,0,0,0,0,0,0,0,0,0,0,0,0,0,0,0,0,0,0,0,0,0,0,0,0,0,0,0,0,0,0,0,0,0,0,0,0,0,0,0,0,0,0,0
0,0,0,0,0,0,0,0,0,0,0,0,0,0,0,0,0,0,0,0,0,0,0,0,0,0,0,0,0,0,0,0,0,0,0,0,0,0,0,0,0,0,0,0,0,0,0,0,0,0,0,0,0,0,0,0,0,0,0,0,0,0,0,0,0,0,0,0,0,0,0,0,0,0,0,0,0,0,0,0,0,0,0,0,0,0,0,0,0,0,0,0,0,0,0,0,0,0,0,0,0,0,0,0,0,0,0,0,0,0,0,0,0,0,0,0,0,0,0,0,0,0,0,0,0,0,0,0,0,0,0,0,0,0,0,0,0,0,0,0,0,0,0,0,0,0,0,0,0,0,0,0,0,0,0,0,0,0,0,0,0,0,0,0,0,0,0,0,0,0,0,0,0,0,0,0,0,0,0,0,0,0,0,0,0,0,0,0,0,0,0,0,0,0,0,0,0,0,0,0,0,0,0,0,0,0,0,0,0,0,0,0,0,0,0,0,0,0,0,0,0,0,0,0,0,0,0,0,0,0,0,0,0,0,0,0,0,0,0,0,0,0,0,0,0,0,0,0,0,0,0,0,0,0,0,0,0,0,0,0,0,0,0,0,0,0,0,0,0,0
0,0,0,0,0,0,0,0,0,0,0,17,0,0,0,13,0,0,0,0,0,0,26,0,0,0,0,0,0,0,74,0,0,0,27,0,0,0,0,0,0,0,0,0,0,0,27,0,0,0,0,0,0,0,0,0,0,0,27,9,0,0,0,0,23,0,0,0,0,0,0,0,0,0,0,0,0,0,26,0,0,0,0,0,0,0,0,0,0,0,18,16,0,2,0,0,19,0,20,0,12,12,0,0,0,0,0,0,0,0,0,0,0,0,14,0,0,0,1,0,0,0,0,0,10,22,0,0,0,0,0,0,0,0,0,0,0,0,0,0,0,0,0,0,0,0,0,0,0,0,31,0,0,0,0,0,57,0,0,0,0,0,0,27,7,0,0,0,0,34,0,0,0,16,0,0,0,0,17,0,0,0,0,0,0,0,0,0,0,0,0,0,0,0,0,0,0,0,0,8,0,23,0,0,0,0,24,0,0,0,0,0,0,0,0,17,0,0,0,14,0,0,0,0,0,0,0,0,0,0,0,0,0,0,0,0,0,0,0,0,0,24,0,19,0,0,0,0,0,0,0,68,0,10,0,0,0,0,0,0,0,10,0,11,0,74,0,7,0,18
0,0,0,5,6,14,7,7,15,0,0,11,12,9,0,6,0,11,45,7,0,0,6,38,31,13,5,6,0,6,0,3,3,21,5,0,6,0,0,0,6,0,0,0,4,18,0,0,0,11,0,23,0,5,4,0,0,0,14,0,0,1,5,0,5,11,0,0,9,6,0,0,1,12,16,20,0,5,0,0,0,7,0,2,7,0,0,11,5,5,0,0,0,0,0,16,11,24,0,0,3,0,0,0,0,0,12,2,0,0,0,0,0,0,0,7,0,0,0,8,0,0,0,14,4,0,0,0,0,0,0,7,0,0,0,0,25,0,0,0,0,0,0,6,0,0,7,8,0,0,6,1,0,0,0,0,5,0,0,21,0,0,0,0,0,3,0,0,8,0,0,0,2,0,0,0,0,0,0,0,0,0,0,0,8,0,0,0,0,0,0,0,0,0,10,0,0,0,0,0,0,0,0,0,0,0,0,0,0,0,0,0,0,0,0,0,0,0,0,0,0,0,4,3,5,0,0,0,0,0,0,0,0,0,4,0,0,0,0,0,0,0,0,6,0,0,0,3,0,0,0,0,0,0,0,0,0,0,0,0,0,0,0,0,0,0,0,0,0,0
0,0,0,0,9,0,0,0,0,0,1,0,0,0,0,0,0,0,0,0,0,0,12,0,0,0,0,0,0,0,0,0,0,0,0,0,0,0,0,0,0,0,0,0,0,0,0,6,0,0,0,6,0,11,22,0,13,0,6,0,0,0,12,0,0,0,0,0,0,0,0,0,0,0,0,0,0,0,6,0,0,0,0,4,3,0,1,0,0,0,0,0,0,0,0,0,0,5,0,0,8,0,14,0,0,0,16,0,0,0,13,0,0,0,0,22,0,0,8,0,0,0,0,7,0,0,0,0,0,0,0,0,0,0,0,0,9,0,0,0,6,0,0,0,0,0,0,0,10,0,0,5,9,0,0,1,0,0,0,11,0,0,0,0,8,0,4,26,0,0,0,0,7,0,0,0,5,0,13,0,0,0,0,0,6,0,4,11,0,0,0,0,0,0,0,0,0,0,0,0,0,0,0,0,22,0,8,0,9,0,0,3,0,0,0,0,0,0,0,0,3,0,9,0,10,0,0,9,0,0,0,18,0,0,0,0,0,8,0,0,0,0,0,0,0,0,0,0,0,12,0,0,0,0,6,0,0,0,0,0,0,9,0,0,0,7,0,5,0,0
0,0,0,0,0,0,0,1,0,0,0,0,0,0,0,0,0,0,0,0,0,0,0,0,0,0,0,0,0,0,0,0,0,0,0,0,0,0,0,0,0,0,0,0,0,0,0,1,0,0,0,0,0,0,0,0,0,0,0,0,0,0,0,1,1,0,0,0,0,0,0,0,0,0,0,0,0,0,0,2,0,0,0,0,0,0,0,0,0,1,0,1,0,0,0,0,0,0,0,0,0,0,0,0,0,0,0,0,0,0,0,0,0,0,0,0,0,0,0,0,0,0,0,0,0,0,0,0,0,0,0,0,0,0,2,0,0,0,0,0,0,0,0,0,1,0,0,0,0,0,0,0,0,0,0,0,0,0,0,0,1,0,0,0,0,0,0,1,1,0,0,0,0,1,0,0,0,0,0,0,0,0,0,0,0,0,0,0,0,0,0,0,0,0,0,0,1,0,0,0,0,0,0,0,0,0,0,0,0,0,0,0,0,0,0,0,0,0,0,0,0,0,1,0,0,0,0,0,0,0,1,0,0,0,1,1,0,0,0,0,0,0,0,0,0,1,1,0,1,0,0,0,0,0,0,0,0,0,0,0,0,0,0,0,0,0,0,0,0,0
0,6,2,0,0,0,0,2,0,2,0,1,3,0,0,0,0,2,0,1,0,4,0,0,0,1,0,0,0,2,0,0,0,1,0,0,0,0,0,0,0,0,0,0,2,0,0,2,0,0,0,0,0,0,5,2,0,0,0,2,0,0,0,1,0,0,0,0,0,0,0,0,0,0,0,1,0,0,5,0,0,0,0,0,0,0,0,0,0,0,0,5,0,6,0,0,0,0,0,0,1,4,2,1,3,0,0,0,0,0,0,3,0,0,0,0,0,0,0,0,0,0,0,0,0,0,0,0,3,2,0,4,0,0,0,0,0,1,0,0,0,0,0,0,0,0,0,0,0,0,0,3,0,0,0,0,0,3,2,0,0,0,0,0,0,0,0,0,0,0,0,0,0,0,0,0,0,0,0,2,0,0,0,0,0,0,1,3,0,0,6,0,0,0,8,2,0,2,0,0,0,0,0,0,2,0,2,2,0,0,0,2,0,0,0,0,0,0,1,3,3,3,0,1,1,0,0,0,0,0,2,5,0,2,0,0,0,5,0,0,2,3,0,0,4,0,1,0,0,6,0,0,5,0,0,0,0,0,0,0,0,0,0,0,2,3,0,0,0,0
0,0,0,0,0,0,0,0,0,0,0,0,0,0,0,0,0,0,0,0,0,0,0,0,0,0,0,0,0,0,0,0,0,0,0,0,0,0,0,0,0,0,0,0,0,0,0,0,0,0,0,0,0,0,0,0,0,0,0,0,1,0,0,0,0,0,0,0,0,0,0,0,0,0,0,0,0,0,0,0,0,0,0,0,0,0,0,0,0,0,0,0,0,0,0,0,0,0,0,0,0,0,0,0,0,0,0,0,0,0,0,0,0,0,0,0,0,0,0,0,0,0,0,0,0,0,0,0,0,0,0,0,0,0,0,0,0,0,0,0,0,0,0,0,0,0,0,0,0,0,0,0,0,0,0,0,0,0,0,0,0,0,0,0,0,0,0,0,0,0,0,0,0,0,0,0,0,0,1,0,0,0,0,0,0,0,0,0,0,0,0,0,0,0,0,0,0,0,0,0,0,0,0,0,0,0,0,0,0,0,0,0,0,0,0,0,0,0,0,0,0,0,0,0,0,0,0,0,0,0,1,0,0,0,0,0,0,0,0,0,0,0,0,0,0,0,0,0,0,0,0,0,0,0,0,0,0,0,0,0,0,0,0,0,0,0,0,0,0,0
0,0,0,0,0,0,0,0,8,5,0,0,0,0,0,11,0,0,0,14,0,0,0,0,0,0,2,0,0,0,0,0,0,5,7,0,11,0,0,0,0,0,0,0,0,0,7,0,0,0,0,0,0,0,0,0,0,0,0,0,0,0,0,26,11,0,0,7,0,0,0,0,0,0,0,0,0,3,0,0,0,0,0,0,7,6,0,0,3,0,0,0,0,0,0,0,0,0,0,0,0,0,3,0,0,0,0,0,0,5,5,0,0,9,0,0,0,0,0,0,0,0,7,8,0,0,7,0,0,14,0,0,0,0,0,0,0,0,12,0,3,0,0,14,4,0,5,2,6,0,0,2,0,0,0,0,0,10,0,0,0,6,0,0,0,0,0,3,0,0,0,0,15,4,0,0,0,0,0,0,0,0,4,0,0,0,0,0,0,0,10,0,0,0,0,0,0,0,0,3,8,0,4,0,0,0,9,0,0,0,0,0,0,0,0,0,0,0,0,0,0,0,4,0,0,0,10,0,0,0,0,8,0,5,0,12,0,0,0,0,0,0,0,3,0,0,0,0,0,4,0,0,9,0,0,0,0,0,0,0,0,0,0,0,3,0,0,0,0,0
0,0,5,12,0,0,0,0,0,0,0,3,0,0,0,0,0,0,0,0,0,0,10,0,0,2,0,0,0,0,0,0,0,0,0,4,0,0,0,0,0,0,0,0,0,0,0,0,0,0,0,0,0,0,3,1,0,0,0,5,0,27,0,0,0,0,0,9,0,0,0,0,0,0,0,0,0,0,0,0,8,0,0,0,20,0,0,0,0,11,4,0,1,0,0,13,0,0,0,2,6,0,0,0,0,0,0,10,0,0,0,5,0,0,0,0,0,0,6,0,0,5,0,0,0,1,0,5,0,6,0,0,0,0,0,0,5,6,0,0,7,0,0,0,0,0,2,0,0,0,0,0,0,9,0,0,0,0,0,0,0,0,17,0,0,0,0,0,0,0,0,0,0,0,0,0,0,0,0,0,0,0,0,3,0,0,0,0,7,0,0,0,0,4,0,0,0,0,1,0,4,0,0,4,0,0,0,11,0,0,5,0,0,0,0,0,0,6,0,6,9,0,0,0,0,0,11,0,0,0,0,0,0,0,0,0,6,5,0,0,0,0,0,0,0,0,0,0,0,0,16,3,0,0,0,0,10,0,0,7,11,0,0,0,0,3,0,0,2,0
12,4,9,49,33,9,9,29,0,50,31,11,11,32,8,0,69,0,12,0,55,30,0,0,0,10,13,15,0,25,0,18,15,0,67,6,51,63,21,10,15,30,46,28,0,20,38,20,25,26,24,0,33,11,22,17,0,4,0,59,9,11,10,5,9,0,10,25,11,46,1,29,8,5,29,0,13,0,30,14,29,20,42,16,11,16,0,0,9,52,63,0,0,0,27,0,34,6,0,20,17,6,10,9,6,0,28,14,0,0,13,0,10,0,0,52,28,26,26,27,0,0,0,4,12,31,47,8,17,0,12,0,0,2,13,9,8,0,10,9,16,20,8,18,13,23,19,45,6,0,9,0,10,59,11,0,0,3,0,31,0,0,77,11,0,0,2,0,6,0,13,0,10,7,5,13,13,17,16,14,25,7,18,0,4,44,39,0,10,15,27,0,17,0,38,0,0,15,5,14,11,0,0,0,0,9,0,0,11,0,0,0,0,14,0,0,9,20,0,0,0,0,0,9,0,0,0,46,0,11,0,22,26,0,9,8,6,0,0,0,0,14,0,6,0,0,0,0,0,0,11,19,0,0,0,0,0,19,0,0,0,0,0,31,9,0,9,0,7,9
0,0,0,0,0,0,0,0,0,0,0,0,0,0,0,0,0,0,0,0,0,0,0,0,0,0,0,0,0,0,0,0,0,0,0,0,0,0,0,0,0,0,0,0,0,0,0,0,0,0,0,0,0,0,0,0,0,0,0,0,0,0,0,0,0,0,0,0,0,0,0,0,0,0,0,0,0,0,0,0,0,0,0,0,0,0,0,0,0,0,0,0,0,0,0,0,0,0,0,0,0,0,0,0,0,0,0,0,0,0,0,0,0,0,0,0,0,0,0,0,0,0,0,0,0,0,0,0,0,0,0,0,0,0,0,0,0,0,0,0,0,0,0,0,0,0,0,0,0,0,0,0,0,0,0,0,0,0,0,0,0,0,0,0,0,0,0,0,0,0,0,0,0,0,0,0,0,0,0,0,0,0,0,0,0,0,0,0,0,0,0,0,0,0,0,0,0,0,0,0,0,0,0,0,0,0,0,0,0,0,0,0,0,0,0,0,0,0,0,0,0,0,0,0,0,0,0,0,0,0,0,0,0,0,0,0,0,0,0,0,0,0,0,0,0,0,0,0,0,0,0,0,0,0,0,0,0,0,0,0,0,0,0,0,0,0,0,0,0,0
3,5,0,0,0,0,2,0,1,2,4,0,0,0,0,0,2,0,0,0,0,0,0,0,0,1,0,0,0,0,9,0,0,0,0,0,0,3,0,0,0,0,0,0,0,0,0,0,0,0,2,2,0,0,0,0,0,8,0,4,3,0,0,0,0,0,0,4,0,0,0,2,0,0,0,0,0,0,0,0,0,0,0,0,0,3,0,0,0,0,2,1,0,0,2,0,5,3,0,0,0,0,0,0,0,0,0,0,0,0,2,0,0,0,0,0,0,0,0,0,0,0,0,0,0,0,0,0,0,0,0,0,0,0,2,2,0,0,4,4,0,0,0,2,0,2,0,0,0,0,0,0,0,0,0,0,0,0,0,0,0,3,3,0,0,1,5,0,0,0,0,0,2,0,0,2,0,0,2,9,0,0,2,0,0,0,0,0,3,0,0,0,3,0,2,0,0,0,0,0,2,0,0,0,0,0,0,2,0,1,0,0,0,0,0,0,0,0,2,0,0,0,0,0,0,0,0,2,0,1,0,0,2,0,4,2,2,0,0,0,3,0,0,1,1,0,0,0,3,0,0,0,0,0,0,0,0,1,2,2,0,0,4,0,0,0,3,0,0,3
0,0,0,0,0,0,0,0,0,0,0,0,0,0,0,0,0,0,0,0,0,0,0,1,0,0,0,0,0,0,0,1,0,0,0,1,0,0,1,0,1,0,0,0,1,0,0,0,0,0,0,0,0,0,0,0,0,0,1,0,0,0,0,0,0,0,1,0,0,0,0,0,0,0,0,0,1,0,0,1,0,1,0,0,0,0,0,1,0,0,0,0,0,0,0,0,1,0,0,1,0,0,0,0,0,0,0,0,0,0,0,1,0,0,0,0,0,0,0,0,0,0,0,0,0,0,0,0,0,0,1,0,0,0,0,0,0,0,0,0,1,1,0,0,0,0,0,0,0,0,0,0,0,0,0,0,0,0,0,0,0,0,0,0,0,0,1,2,0,0,0,0,0,0,0,0,0,0,1,0,0,1,0,0,0,0,0,0,0,0,0,0,0,0,0,0,0,0,0,0,1,0,0,0,0,0,0,0,0,0,0,0,1,0,0,0,0,0,0,0,0,0,0,0,0,1,1,0,0,0,1,0,0,0,0,0,0,0,0,0,0,0,0,0,2,0,0,0,0,0,0,0,0,0,0,1,0,0,0,0,0,0,1,0,0,0,0,0,0,0
0,0,0,0,0,0,0,0,0,0,0,0,0,0,0,0,0,0,0,0,0,0,0,0,0,0,0,0,0,0,0,0,0,0,0,0,0,0,0,0,0,0,0,0,0,0,0,0,0,0,0,0,0,0,0,0,0,0,0,0,0,0,0,0,0,0,0,0,0,0,0,0,0,0,0,0,0,0,0,0,0,0,0,0,0,0,0,0,0,0,0,0,0,0,0,0,0,0,0,0,0,0,0,0,0,0,0,0,0,0,0,0,0,0,1,0,0,0,0,0,0,0,0,0,0,0,0,0,0,0,0,0,0,0,0,0,0,0,0,0,0,0,0,0,0,0,0,0,0,0,0,0,0,0,0,0,0,0,0,0,0,0,0,0,0,0,0,0,0,0,0,0,0,0,0,0,0,0,0,0,0,0,0,0,0,0,0,0,0,0,0,0,0,0,0,0,0,0,0,0,0,0,0,0,0,0,0,0,0,0,0,0,0,0,0,0,0,0,0,0,0,0,0,0,0,0,0,1,0,0,0,0,0,0,0,0,0,0,0,0,0,0,0,0,0,0,1,0,0,0,0,0,0,0,0,0,0,0,0,0,0,0,0,0,0,0,0,0,0,0
0,2,1,0,0,0,3,0,0,1,0,0,1,0,0,1,1,1,0,0,4,2,0,0,0,1,3,0,0,0,1,1,1,0,1,1,0,0,0,0,1,0,0,0,0,1,1,0,1,1,0,0,0,0,0,1,0,0,0,0,1,0,0,0,0,0,0,0,0,0,0,1,0,0,0,0,0,0,0,1,0,0,1,1,0,0,0,0,0,0,0,0,0,0,0,0,0,1,0,0,0,0,0,0,0,0,0,0,0,0,0,0,0,0,0,0,0,0,0,0,0,1,0,0,0,0,0,0,0,0,0,0,0,0,0,0,0,0,0,0,0,0,0,0,0,0,2,0,1,0,0,1,0,0,0,0,0,0,0,0,0,0,2,1,0,0,0,0,0,0,0,0,0,1,0,0,0,0,0,0,0,1,0,1,0,0,0,0,0,0,0,0,1,0,0,0,0,0,0,0,0,0,1,0,0,1,0,0,0,0,0,0,0,0,0,0,1,0,0,0,0,0,0,0,0,0,0,0,0,2,0,0,0,0,0,0,0,0,0,0,0,0,0,0,0,0,2,0,0,0,0,0,0,1,0,0,0,0,0,0,0,0,0,0,0,0,0,0,0,0
0,0,0,2,2,0,0,1,0,1,2,0,0,3,2,2,1,0,0,3,0,0,0,0,0,2,1,0,0,0,1,0,2,0,0,0,4,2,0,0,0,0,1,0,1,1,0,0,0,0,0,1,0,1,1,1,0,0,0,2,0,0,0,0,0,0,0,0,0,1,0,2,0,0,0,0,1,0,1,0,0,2,1,0,0,0,0,0,0,0,1,0,0,0,0,1,0,0,0,0,0,1,0,0,0,0,0,0,0,0,0,0,2,0,0,0,0,1,1,1,0,1,1,0,1,0,0,0,0,2,0,1,1,0,0,0,0,1,1,0,1,0,1,0,3,1,0,1,1,0,1,1,1,0,2,0,1,1,0,0,0,0,1,2,0,0,0,0,1,0,0,1,0,0,0,0,0,0,1,1,0,0,1,0,0,0,1,0,1,1,0,0,0,1,0,1,0,0,1,1,1,1,2,0,0,0,1,0,0,0,0,0,0,1,0,1,1,2,0,0,0,3,0,1,0,0,1,1,0,0,2,1,0,0,0,0,1,0,0,1,2,0,2,0,1,0,0,0,0,0,0,0,0,0,0,0,0,0,1,0,1,1,0,0,0,0,2,1,1,0
4,3,3,0,0,0,0,0,0,0,0,0,1,0,0,0,0,0,0,0,4,3,0,0,0,0,0,0,2,0,0,0,0,0,5,2,0,1,2,1,1,0,1,2,0,0,0,3,0,4,1,0,0,0,0,0,0,1,0,0,0,0,1,1,0,0,0,3,1,0,1,0,0,0,0,0,0,0,0,0,0,0,0,1,0,0,0,0,0,0,0,0,0,0,0,0,0,0,1,0,0,0,1,0,0,0,0,1,1,0,3,1,0,0,0,0,0,2,0,0,0,0,1,0,0,0,0,0,0,1,0,0,0,0,1,0,0,1,0,4,0,0,0,0,0,0,0,1,0,0,0,0,0,0,0,0,0,0,0,0,2,0,0,0,0,1,0,1,0,1,2,0,0,1,0,0,0,0,0,0,0,0,0,0,0,0,0,0,0,0,0,0,0,0,0,0,0,0,0,0,0,0,1,0,0,0,0,0,0,0,0,0,0,0,0,0,1,0,0,1,0,0,0,0,0,0,0,0,0,0,1,0,1,0,1,0,0,0,1,0,0,0,0,1,0,0,0,0,0,0,1,0,0,2,0,0,1,0,1,1,0,0,1,0,0,0,0,0,1,0
0,0,0,0,0,7,0,0,6,0,18,5,0,0,0,0,5,0,0,8,0,0,0,0,1,0,0,0,5,0,0,7,6,0,0,0,0,0,0,0,6,0,0,0,0,0,7,2,0,0,0,0,0,0,0,0,0,0,0,0,0,0,0,0,8,8,0,0,5,5,0,0,0,0,0,6,0,0,0,0,0,0,0,0,0,0,0,0,0,6,0,10,0,4,6,0,0,17,2,0,5,0,0,0,0,1,0,0,0,0,0,0,0,0,0,0,0,5,0,0,0,0,0,0,0,0,0,0,0,0,0,0,0,0,2,0,3,0,0,0,0,0,0,0,0,0,0,0,0,0,0,0,0,21,4,0,0,0,0,0,0,0,5,0,0,0,0,0,0,0,0,0,0,6,4,0,0,0,0,0,0,0,22,0,0,0,2,0,0,0,0,0,0,0,0,0,11,5,0,7,0,7,6,0,0,0,0,0,0,0,0,0,0,0,2,8,0,0,0,0,0,8,0,0,0,0,3,0,0,0,9,0,0,1,10,0,0,0,0,0,0,0,0,0,0,0,0,0,0,0,5,0,6,0,0,0,1,0,2,21,0,0,9,0,0,5,0,0,0,0
0,1,0,0,1,0,1,0,1,0,0,0,0,1,0,0,1,1,1,0,1,0,0,0,0,0,0,0,0,0,1,0,1,3,0,0,0,0,0,0,0,0,0,2,0,0,1,1,0,1,0,0,0,0,0,0,0,0,0,0,0,1,0,0,1,0,0,0,0,0,0,0,0,0,0,0,0,0,1,0,0,0,0,1,0,0,0,2,0,0,0,0,0,0,2,0,2,0,1,0,1,1,0,0,0,0,1,0,0,1,0,0,0,1,0,1,1,1,1,0,0,0,1,0,0,1,0,0,0,1,0,1,0,0,0,0,0,1,0,0,0,1,3,0,0,0,0,0,1,0,1,0,1,0,0,0,1,1,0,0,0,1,0,0,0,1,0,0,1,1,1,0,1,0,0,2,1,0,1,2,0,0,0,0,2,0,0,0,0,0,1,0,0,0,0,1,0,1,0,1,1,1,1,1,0,0,1,0,0,0,0,1,0,0,2,1,1,2,0,2,1,2,0,0,1,0,0,3,0,0,1,0,0,0,1,1,1,1,2,0,1,1,0,1,1,1,1,1,1,1,0,2,1,2,3,1,1,0,1,1,1,1,1,0,3,1,2,1,0,0
3,0,0,0,0,3,0,1,0,4,0,6,0,0,0,0,0,0,0,5,4,5,0,0,0,0,0,0,0,0,0,0,3,0,0,0,0,5,3,0,0,0,0,0,0,0,0,0,0,0,0,0,0,0,0,0,0,0,0,0,0,0,2,0,0,0,0,0,0,0,0,0,0,0,0,0,0,0,0,0,0,0,0,0,0,0,0,0,0,0,5,0,0,0,6,4,5,0,0,0,0,3,0,0,2,0,0,0,0,0,0,0,0,0,0,0,0,0,0,4,0,0,4,3,3,0,0,0,0,0,0,0,0,0,0,4,0,0,0,2,0,0,0,0,0,0,0,0,0,0,0,0,0,1,1,0,0,4,0,0,0,0,1,0,0,4,3,0,0,4,3,3,0,6,0,0,0,0,0,5,0,0,0,0,0,0,0,0,5,0,0,0,3,0,3,0,3,0,7,0,0,0,0,9,0,2,2,8,0,0,0,0,0,0,0,0,0,0,0,0,0,0,7,0,0,0,0,1,0,0,0,0,0,0,0,0,0,0,0,0,0,0,3,0,2,0,0,0,7,0,0,0,0,0,4,0,7,5,0,0,0,0,0,0,0,0,3,0,5,0
1,0,0,1,1,1,1,0,1,1,1,0,1,0,1,1,0,1,0,1,1,1,0,0,0,1,2,1,1,0,0,1,0,1,0,0,1,1,1,1,0,0,0,0,1,0,0,0,0,0,0,1,1,1,1,1,1,1,0,1,1,0,0,0,0,0,0,0,1,1,0,2,0,0,1,1,0,0,0,1,0,0,1,2,0,2,2,2,0,0,1,0,0,0,1,2,0,0,0,1,0,0,0,1,1,1,0,1,1,0,0,0,4,1,1,1,0,1,1,3,1,2,1,1,0,1,0,1,1,1,0,2,2,0,1,2,3,1,2,2,1,5,0,1,1,0,1,1,1,2,0,1,2,1,1,1,2,1,0,1,1,1,1,2,1,1,1,1,1,4,0,0,0,1,1,0,1,1,1,2,1,1,0,1,1,2,0,0,1,1,2,2,3,1,2,2,2,3,3,1,1,1,1,1,3,5,2,2,3,1,3,0,2,1,0,0,3,1,0,2,1,1,0,1,0,0,0,0,2,3,1,1,0,1,0,1,0,2,0,2,5,1,2,0,3,1,0,3,1,2,0,0,1,1,3,0,1,0,1,0,1,0,1,0,0,2,0,0,1,1
0,1,0,0,0,0,0,0,0,0,3,0,0,0,0,0,0,0,0,0,1,0,1,0,0,1,0,0,0,0,0,0,0,0,0,0,0,0,0,0,1,0,0,0,0,0,0,0,0,0,1,1,0,0,0,1,0,0,0,0,0,0,0,1,0,0,0,0,0,0,0,0,0,0,0,1,0,0,0,0,0,0,0,0,0,0,0,0,0,3,1,0,1,0,0,0,0,0,1,0,0,0,0,0,2,0,0,0,0,0,0,0,0,0,0,0,2,0,0,0,0,0,0,0,0,0,0,0,2,0,0,0,0,0,0,0,1,3,0,0,0,0,0,2,0,1,0,0,0,0,0,1,0,0,0,0,0,0,0,0,0,0,0,0,0,1,0,0,0,0,0,0,0,0,0,0,1,0,0,0,0,0,0,0,0,0,0,0,0,0,2,0,2,1,0,0,0,0,0,0,0,0,0,1,0,0,0,0,0,0,0,1,0,0,0,0,0,0,0,0,0,0,0,0,0,0,0,0,0,0,0,0,0,0,0,0,0,2,2,0,1,0,1,0,0,0,0,0,3,0,0,0,1,0,0,0,0,0,0,0,0,0,0,0,0,0,0,0,1,0
20,16,16,25,20,19,46,22,1,4,14,30,15,22,14,14,34,0,1,13,8,6,2,0,2,36,4,13,17,1,15,2,8,6,3,3,11,4,11,10,3,12,7,8,2,8,7,5,11,1,18,1,5,11,17,8,0,17,8,10,0,0,37,3,0,0,1,0,1,8,12,6,2,18,1,2,2,16,4,0,9,4,5,2,1,17,4,0,3,7,13,12,7,13,15,0,11,14,1,14,2,11,6,5,11,0,2,10,6,0,5,10,9,6,17,6,8,0,1,7,6,0,2,3,10,6,4,4,4,0,6,0,1,12,3,15,8,0,1,2,9,0,0,10,6,6,2,8,6,0,6,8,5,0,5,0,1,6,8,0,6,0,3,3,2,6,2,0,4,1,0,0,9,7,1,2,2,1,6,3,0,1,9,3,1,1,2,1,2,1,2,1,6,0,8,2,3,1,5,7,0,5,1,5,3,3,2,0,6,4,3,0,2,3,3,0,1,0,2,2,1,0,0,0,1,0,0,2,0,2,0,0,2,0,0,0,0,0,1,0,1,3,0,3,0,0,2,0,0,0,1,1,0,1,0,0,0,2,0,0,2,0,0,0,0,3,0,0,0,1
10,22,14,8,20,38,22,10,3,21,31,13,13,18,68,8,2,13,5,12,13,42,0,3,0,10,19,33,52,36,11,6,51,4,22,22,2,21,32,41,28,31,34,18,1,17,46,29,27,23,25,13,34,20,48,34,26,19,24,14,0,25,31,3,5,12,12,10,5,7,44,47,8,5,14,8,48,21,10,34,22,29,13,5,17,7,13,20,4,23,12,3,17,49,23,26,1,14,11,6,19,34,9,13,8,11,23,5,1,4,11,22,8,16,26,16,28,6,1,21,21,22,12,16,7,5,13,8,31,10,24,7,6,27,17,20,4,0,11,15,0,14,8,17,39,0,9,12,11,11,29,11,6,35,14,24,0,43,15,21,0,1,23,20,39,15,35,3,7,28,42,18,18,46,15,13,17,3,10,9,12,3,16,9,9,17,16,5,20,6,19,5,18,17,18,0,16,6,12,31,8,22,7,36,6,22,25,10,8,14,20,8,15,14,11,23,18,13,18,25,23,0,16,7,10,2,10,6,20,11,29,31,17,26,22,28,25,14,21,20,30,8,7,8,13,8,9,11,8,10,8,9,4,4,4,8,4,11,2,0,9,25,0,8,9,4,11,16,13,3
0,1,4,0,0,0,0,4,0,0,2,0,1,1,0,1,0,0,0,1,0,1,0,0,1,1,0,0,3,0,0,0,0,0,1,3,0,1,2,0,0,0,2,0,0,0,1,3,0,1,1,0,0,1,0,0,0,0,1,0,0,0,0,0,0,0,2,0,0,0,0,1,0,0,0,0,0,0,0,0,0,0,3,0,0,0,0,0,0,1,0,0,0,0,0,0,0,2,0,1,0,0,0,0,1,0,0,0,0,0,0,2,0,0,0,1,0,0,1,0,0,0,0,0,2,1,0,0,0,0,0,0,0,2,0,0,0,0,0,0,0,0,0,0,0,0,0,2,0,0,0,1,6,0,0,0,0,0,0,2,0,0,0,1,0,0,0,0,0,0,0,0,0,0,0,0,0,0,0,0,0,1,0,1,0,0,0,0,0,2,0,2,0,1,0,0,0,2,0,1,0,0,0,0,4,2,0,0,0,0,0,0,0,0,0,0,0,0,0,0,2,1,0,0,0,0,0,0,0,0,0,0,0,0,0,0,0,3,0,0,0,1,0,0,2,0,0,0,1,1,0,0,1,1,0,0,1,3,0,0,0,0,0,0,1,0,0,0,0,0
0,1,0,5,1,0,1,3,0,0,0,7,1,1,3,6,1,0,2,1,0,0,1,0,0,1,0,2,0,0,2,0,0,0,0,0,1,3,1,0,0,0,0,0,0,0,0,0,0,1,0,1,0,3,0,0,0,1,0,0,0,0,0,3,0,1,0,0,0,0,0,0,0,1,0,0,0,0,1,0,0,0,2,0,0,2,0,0,3,1,1,0,0,0,0,0,6,0,0,0,0,1,0,1,0,0,0,0,1,0,0,0,0,0,1,1,0,0,0,1,0,1,0,0,1,0,1,1,1,2,0,0,0,0,0,0,0,2,0,0,0,0,0,0,0,0,0,2,0,1,1,0,0,0,1,1,0,0,2,0,3,0,2,1,0,0,1,0,0,0,0,0,0,0,0,0,1,0,0,0,0,0,0,1,1,0,0,0,0,0,0,0,0,0,0,0,0,2,0,0,0,0,2,4,0,0,0,0,0,0,0,0,0,0,2,0,0,0,0,0,0,0,0,0,1,0,0,0,0,0,0,0,1,0,0,0,0,0,0,0,0,0,0,0,0,1,0,0,0,0,0,0,0,1,0,1,0,0,0,0,0,0,0,0,1,1,1,0,0,0
2,0,0,0,0,0,3,1,0,0,0,0,1,0,2,0,0,0,0,2,0,0,0,0,0,0,0,0,0,2,0,0,0,0,0,0,0,0,0,0,0,1,0,0,0,0,0,0,0,0,0,2,0,0,0,0,0,0,0,0,0,0,0,0,0,0,0,1,0,2,0,2,0,0,2,0,2,0,0,0,0,0,1,0,0,1,0,0,0,0,0,0,0,0,0,0,0,0,0,1,1,0,0,0,0,5,0,0,0,0,0,2,0,0,1,0,2,0,0,0,0,0,2,0,1,4,0,2,0,0,4,0,0,0,0,3,0,0,8,0,0,0,0,1,0,0,0,0,2,0,0,0,0,0,0,0,0,0,2,0,0,0,3,0,0,0,0,0,0,0,1,0,0,0,0,0,0,0,0,0,0,0,0,2,0,0,0,0,0,0,0,0,0,0,0,1,0,0,0,3,0,0,0,0,0,0,0,0,1,0,0,0,0,0,1,0,0,0,3,0,0,0,0,1,0,0,0,0,0,0,0,0,0,2,0,1,0,0,0,0,0,5,0,0,2,0,0,1,0,1,2,0,0,2,3,0,0,0,0,0,1,0,0,0,0,0,1,0,0,0
0,0,0,0,0,0,0,0,0,0,1,0,0,0,0,0,3,2,1,1,0,0,0,0,0,0,1,0,2,1,0,0,0,0,0,3,0,0,0,0,0,0,2,1,0,0,0,0,0,0,1,0,1,0,0,0,0,1,0,0,0,1,0,0,0,0,0,0,0,0,0,0,0,0,0,1,0,3,0,2,3,0,0,1,0,0,0,0,0,0,0,0,0,0,0,4,0,1,4,1,2,0,0,3,0,0,0,0,0,0,0,0,0,0,0,0,0,0,0,3,0,0,0,0,0,0,0,0,0,0,0,0,0,2,2,0,5,3,0,0,0,0,0,0,0,0,0,0,0,0,2,2,2,0,0,0,3,0,0,0,0,0,0,1,0,0,0,3,0,0,0,0,0,0,0,0,0,0,2,0,0,2,0,0,0,1,0,0,0,0,3,0,0,0,0,0,3,0,0,0,0,0,0,0,1,0,0,0,2,0,1,3,0,0,0,1,2,0,0,2,0,0,0,0,0,0,0,0,0,3,0,0,0,2,0,0,0,4,0,0,0,1,0,0,0,0,0,0,0,0,0,0,0,0,0,0,0,0,0,0,0,0,0,0,0,0,0,0,0,1
0,0,0,0,0,0,0,0,0,0,0,0,0,0,0,0,1,0,0,0,0,0,0,0,0,0,0,0,0,0,0,0,0,0,0,0,1,0,0,0,0,0,0,0,0,0,0,0,0,0,0,0,0,0,0,0,0,0,0,0,0,0,0,0,0,0,0,0,0,0,0,0,0,0,0,0,0,0,0,0,0,0,0,0,0,0,0,0,0,0,0,0,0,0,0,0,0,0,0,0,0,0,0,0,0,0,0,0,0,0,0,0,0,0,0,0,0,0,0,0,0,0,0,0,0,0,0,0,0,0,0,0,0,0,0,0,0,0,0,0,0,0,0,0,0,0,0,0,0,0,0,0,0,0,0,0,0,0,0,0,0,0,0,0,0,0,0,0,0,0,0,0,0,0,0,0,0,0,0,0,0,0,0,0,0,0,0,0,0,0,0,0,0,0,0,0,0,0,0,0,0,0,0,0,0,0,0,0,0,0,0,0,0,0,0,0,0,0,0,0,0,0,0,0,0,0,0,0,0,0,0,0,0,0,0,0,0,0,0,0,0,0,0,0,0,0,0,0,0,0,0,0,0,0,0,0,0,0,0,0,0,0,0,0,0,0,0,0,0,0
0,0,0,13,16,4,9,4,0,0,5,8,4,10,10,0,4,3,2,2,0,3,5,3,4,9,9,5,2,21,7,2,4,10,9,1,12,7,0,0,0,0,1,3,3,0,0,0,0,2,3,0,0,7,7,4,0,5,5,3,0,10,0,8,0,8,1,6,1,3,7,0,0,7,2,8,3,5,26,8,13,6,0,3,4,0,9,0,0,3,0,2,8,0,7,5,0,2,5,0,3,14,0,2,11,1,0,3,0,0,0,0,11,10,4,7,4,8,3,2,3,0,4,0,5,12,4,2,6,3,3,7,3,3,0,3,0,0,0,0,10,4,0,4,1,0,3,2,0,0,9,2,11,4,11,0,0,8,3,3,6,0,3,7,1,6,1,0,3,0,0,2,7,0,0,5,0,0,2,2,2,0,4,5,0,3,3,0,4,0,1,0,0,0,3,4,10,0,6,0,0,6,6,2,3,0,2,0,4,3,0,0,0,5,0,0,0,0,0,0,0,2,0,0,5,0,1,0,5,0,9,3,5,0,0,0,0,2,0,3,0,2,4,0,0,3,0,0,0,0,2,0,1,0,0,0,1,0,2,0,0,0,0,5,0,0,7,0,1,0
2,2,2,0,0,0,0,2,0,2,2,0,0,1,0,0,0,2,0,2,0,0,0,0,0,1,0,5,2,0,0,1,4,1,0,1,0,0,0,0,0,0,0,0,0,0,0,0,0,0,0,0,0,0,0,4,0,1,0,0,0,0,0,0,0,2,0,0,0,0,0,0,0,0,0,0,0,0,2,0,0,0,0,0,0,0,0,0,0,0,0,0,0,0,2,0,0,0,0,0,0,1,0,0,0,2,0,0,0,2,0,0,0,0,0,2,0,0,0,0,0,0,0,0,2,0,2,0,0,0,0,0,1,0,0,0,0,0,0,0,0,0,0,2,0,0,0,1,0,0,0,0,1,1,0,0,1,0,0,1,0,0,0,0,2,0,0,0,0,2,2,0,0,0,0,0,0,0,0,0,0,0,0,0,1,0,3,0,0,1,0,0,0,0,0,0,0,2,0,0,3,0,0,0,0,0,0,0,0,0,0,0,0,0,0,0,0,0,0,1,0,0,0,0,0,0,0,0,0,0,0,0,0,2,0,0,0,0,0,0,0,0,2,0,0,0,0,0,0,0,0,0,0,0,0,0,0,0,0,0,0,0,0,0,0,0,0,2,0,0
0,0,0,0,0,0,0,0,0,0,0,0,0,0,0,0,0,0,0,0,0,0,0,0,0,0,0,0,0,0,0,0,0,0,1,0,0,0,0,0,0,0,0,0,0,0,0,0,0,0,0,0,0,0,0,0,0,0,0,0,0,0,0,0,0,0,0,0,0,0,1,0,0,0,0,0,0,0,0,0,0,0,0,0,0,0,0,0,0,0,0,0,0,0,0,0,0,0,0,0,0,0,0,0,0,0,0,0,1,0,0,0,0,0,0,0,0,0,0,0,0,0,0,0,0,0,0,0,0,0,0,0,0,0,0,0,1,0,0,1,0,0,0,0,0,0,0,0,0,0,0,0,0,0,0,0,0,0,0,0,0,0,0,0,0,0,0,0,0,0,0,0,0,0,0,0,1,0,0,0,0,0,0,0,0,0,0,0,0,0,0,0,0,0,0,0,0,0,0,0,0,0,0,0,0,0,0,0,0,1,0,0,0,0,0,1,0,0,0,0,0,0,0,0,0,0,0,0,0,1,0,0,0,0,0,0,0,0,0,0,0,0,0,0,0,0,0,0,0,0,0,0,1,0,0,0,0,0,0,0,0,0,0,0,0,0,0,0,0,0
0,1,0,0,0,0,0,0,1,0,0,0,0,0,0,0,0,0,0,0,0,0,0,0,0,0,1,0,1,0,0,0,0,0,0,1,0,1,0,0,0,0,0,0,0,0,0,0,0,0,0,0,0,0,0,0,0,0,0,0,0,0,0,0,0,0,0,0,0,0,0,1,0,0,2,0,2,0,0,0,0,0,0,0,0,0,0,0,0,0,0,0,0,0,0,0,0,0,0,0,0,0,0,0,0,0,0,0,1,0,0,0,1,0,0,0,0,0,0,0,0,0,0,0,0,0,1,0,0,0,0,0,0,0,1,0,2,0,0,0,0,0,0,0,0,0,0,0,0,0,0,0,0,0,0,0,0,0,0,0,1,0,0,0,1,0,0,0,0,0,0,0,0,0,0,0,0,1,0,0,0,0,0,0,0,0,0,0,0,0,1,0,0,0,0,0,1,0,0,0,0,0,0,0,0,0,1,0,1,0,0,1,0,0,0,0,0,0,0,0,0,0,0,0,0,0,0,0,0,0,0,1,0,0,0,0,0,0,0,0,0,0,0,0,0,0,0,0,0,0,0,0,0,0,0,0,0,0,0,1,0,0,0,0,0,0,0,0,0,0
0,0,0,0,0,0,0,0,0,0,0,0,0,0,0,0,0,0,0,0,1,0,0,0,0,0,1,1,1,0,0,0,0,0,0,0,0,0,1,0,0,0,0,0,0,0,0,0,0,0,0,0,0,0,0,1,0,0,0,0,0,0,0,0,0,0,0,0,0,0,0,1,0,1,0,0,0,0,1,0,0,0,0,0,0,0,0,0,1,0,0,0,0,0,0,0,0,0,0,0,0,0,0,0,0,1,0,0,0,1,0,0,0,0,1,0,0,0,0,1,0,0,0,0,0,0,0,0,0,1,0,1,0,0,0,0,0,0,1,0,1,0,0,0,0,0,0,0,0,0,0,0,0,0,0,0,1,0,0,0,1,0,0,0,0,0,0,0,0,0,0,0,0,1,2,0,0,0,0,0,0,0,0,0,0,0,1,0,0,0,0,0,0,1,0,0,0,0,0,0,0,2,0,0,0,0,0,0,0,0,0,0,0,0,0,0,0,0,0,0,0,1,0,0,0,1,0,0,0,0,0,0,0,0,0,0,0,0,0,0,0,0,0,0,0,0,0,0,0,0,1,0,0,0,0,0,0,0,1,0,0,0,0,0,0,0,0,0,0,0
0,0,1,0,0,0,0,0,0,1,0,0,0,0,0,0,0,0,0,1,0,0,0,1,1,0,0,1,0,0,1,0,0,1,2,0,0,0,0,0,1,0,0,0,0,0,0,0,0,0,1,0,0,0,0,0,0,0,1,0,0,0,0,0,0,0,0,0,0,0,0,0,0,0,0,0,0,0,2,0,0,0,0,0,0,0,0,0,0,0,0,1,0,0,0,0,0,1,2,1,0,3,0,0,0,0,1,0,0,0,0,1,0,0,0,0,0,1,0,0,0,0,0,0,0,0,0,0,0,1,1,0,0,0,0,0,0,0,0,0,0,0,1,0,0,0,0,0,0,0,0,0,0,0,0,1,0,1,0,0,0,0,0,0,0,0,0,0,0,1,0,0,1,2,0,0,0,0,0,0,0,0,0,0,1,0,0,0,0,0,0,0,0,0,0,0,0,1,0,0,1,0,0,1,0,0,0,0,0,0,3,0,0,0,0,0,0,0,0,0,0,0,0,0,0,0,1,0,0,0,0,0,1,0,0,0,0,0,0,0,0,0,0,0,0,0,0,0,0,3,1,0,1,0,0,0,1,0,1,0,0,0,0,0,1,0,0,0,0,0
0,2,0,0,0,0,0,0,2,0,0,0,0,2,0,1,0,0,1,0,0,1,0,0,0,0,0,0,0,0,0,3,0,0,0,0,0,0,0,0,0,0,0,0,3,0,0,0,2,5,0,0,0,0,0,0,3,0,0,0,0,0,0,4,0,0,2,0,0,0,4,0,0,0,0,1,0,0,4,0,0,0,0,0,0,0,0,0,0,0,1,0,0,0,0,0,0,3,4,0,3,0,0,0,0,0,0,0,4,0,0,0,0,0,9,0,0,0,2,0,0,2,1,0,2,0,0,0,3,0,0,0,0,0,0,0,0,0,0,3,5,0,0,0,0,0,2,0,1,1,0,0,3,0,0,0,5,0,0,0,0,0,0,0,0,0,0,0,0,0,0,0,0,0,0,0,0,0,0,2,0,0,0,0,0,0,2,0,0,0,0,0,0,0,0,0,6,0,0,0,0,3,0,0,10,2,4,4,2,0,1,0,0,0,0,0,2,4,0,2,0,6,0,6,0,0,2,3,2,8,0,0,5,8,6,1,2,0,0,1,1,1,2,0,6,0,1,5,3,0,0,0,3,4,3,3,0,2,6,5,0,1,8,0,0,7,7,0,0,7
1,0,1,0,0,0,0,0,0,1,0,0,1,0,0,0,0,0,0,0,0,1,0,0,0,0,0,1,1,0,0,0,0,0,0,0,0,0,0,0,0,0,0,0,0,0,0,1,0,0,0,0,1,0,0,0,0,0,0,0,0,0,0,0,0,0,0,0,0,0,0,0,0,0,0,0,0,0,0,0,0,0,0,0,0,0,0,0,0,0,0,0,0,0,0,0,0,0,0,1,0,0,0,0,0,0,0,0,0,0,0,1,0,0,0,0,0,0,0,0,0,0,0,0,0,1,0,0,0,0,0,1,0,0,0,0,0,0,0,0,0,0,0,1,0,0,0,0,0,0,0,0,0,1,0,0,0,0,1,0,0,0,0,0,0,0,0,0,0,0,0,0,0,0,0,0,0,0,0,1,0,0,0,0,0,0,0,0,0,0,0,0,0,0,0,0,0,0,0,0,0,0,0,0,0,0,0,0,0,0,0,0,0,0,0,0,1,0,0,0,0,0,0,0,1,0,0,0,0,0,0,0,0,0,0,1,1,1,0,0,0,0,0,0,0,0,0,0,0,0,0,0,0,0,0,0,0,0,0,0,0,0,0,0,0,0,0,0,0,0
0,6,5,0,0,0,21,0,0,2,0,0,4,20,0,0,0,0,0,0,13,5,0,0,0,0,0,0,10,0,0,0,0,0,9,0,0,4,3,0,0,0,15,7,9,0,8,3,6,6,0,0,0,8,0,0,0,9,14,1,0,0,0,0,0,0,0,0,0,6,0,0,0,9,4,0,1,9,0,0,4,0,10,0,0,13,0,0,0,8,0,9,0,7,5,0,4,4,6,26,0,18,7,0,0,0,0,0,0,0,4,13,9,0,0,0,9,6,11,0,0,0,0,4,0,0,0,8,5,0,8,9,0,0,0,0,5,0,0,0,18,5,0,0,0,7,0,0,0,0,0,0,0,12,0,0,0,0,0,0,0,17,0,0,3,0,0,0,0,0,0,6,0,1,0,0,0,0,0,0,6,0,0,0,0,0,0,0,0,0,0,0,0,0,0,0,8,9,0,0,0,0,0,0,0,0,0,0,3,0,3,0,0,0,0,0,0,0,0,0,0,0,0,0,0,0,0,0,0,15,0,9,0,0,0,3,0,0,0,0,0,0,0,0,12,0,0,0,0,4,8,0,0,0,0,5,0,0,0,0,6,0,0,0,0,0,26,0,0,0
0,0,0,0,1,0,0,0,2,0,0,0,0,0,0,1,0,0,0,0,0,0,0,0,0,0,0,0,0,0,0,0,0,0,0,0,0,0,0,3,0,0,1,0,0,0,0,0,0,0,1,2,0,0,0,0,1,0,0,0,0,0,2,0,0,0,0,0,1,0,0,0,0,0,0,0,0,0,0,0,0,0,0,4,0,0,0,0,0,0,0,0,0,0,0,0,0,0,0,0,0,0,0,0,2,0,1,0,0,0,0,0,0,0,2,0,0,0,0,0,0,0,0,0,0,0,0,0,1,0,0,0,1,0,0,0,0,0,0,0,0,0,0,0,0,0,0,0,0,0,0,0,2,0,0,0,0,0,0,0,0,0,0,0,0,2,0,0,0,0,0,0,0,0,0,0,0,1,0,0,2,2,0,0,0,0,0,0,0,0,0,2,1,0,0,0,0,0,0,0,0,0,3,0,0,0,0,0,0,0,0,0,0,2,0,0,0,0,0,0,0,0,0,2,0,0,1,0,0,0,0,2,0,2,1,0,0,0,0,0,0,2,0,0,0,0,2,0,1,0,0,0,0,0,0,0,0,0,0,0,0,0,0,0,0,2,1,0,0,0
0,4,0,0,0,6,9,0,5,0,6,0,0,0,0,0,0,0,0,0,0,0,0,0,0,0,0,0,0,0,0,0,0,0,14,0,0,8,0,0,0,0,0,0,0,0,0,7,0,0,10,0,0,0,0,0,0,0,6,0,0,0,0,0,0,0,0,0,0,0,0,0,0,0,0,0,3,8,0,0,1,0,0,0,0,0,0,0,0,0,0,0,0,0,0,0,6,0,0,0,0,0,4,0,0,0,0,0,0,0,0,0,0,0,14,0,3,0,0,0,0,0,6,0,0,0,0,0,0,0,1,0,0,0,0,5,15,3,0,0,0,8,0,0,0,0,0,0,0,0,0,0,8,0,0,9,0,0,0,0,0,0,0,0,0,0,0,0,0,0,0,16,0,0,0,0,0,0,0,3,0,0,0,3,0,0,0,0,0,0,0,0,0,0,0,0,0,7,0,0,0,0,0,0,0,9,0,0,0,0,0,0,0,0,10,0,0,0,7,0,0,0,0,0,0,0,23,0,0,18,4,0,10,0,4,0,0,0,0,0,0,8,0,0,0,0,0,1,0,0,8,0,0,0,0,0,0,0,11,7,0,0,8,0,0,0,0,0,0,0
0,0,0,2,0,0,0,0,1,0,0,0,4,0,0,3,2,0,0,0,0,0,1,0,0,0,0,0,3,7,0,0,4,0,0,0,3,0,0,0,0,1,5,0,4,0,0,0,2,0,0,0,0,0,3,4,0,0,0,0,0,0,0,0,0,0,3,0,0,1,0,0,2,0,0,2,0,0,0,6,0,0,0,0,0,0,7,0,0,0,0,0,0,0,0,0,0,0,0,0,0,3,0,3,5,2,0,0,0,0,0,0,0,0,2,0,0,4,0,0,0,2,0,0,0,3,0,0,0,0,2,0,2,0,0,5,0,0,0,0,0,0,0,0,0,0,0,0,2,0,0,0,0,0,1,0,0,0,0,6,0,0,0,0,2,0,0,1,0,0,0,0,0,0,0,0,0,0,0,0,3,0,0,0,0,0,0,0,0,0,0,0,0,0,0,0,0,0,0,0,0,0,0,0,0,0,0,0,0,0,0,0,2,0,0,0,0,0,2,0,0,0,0,3,2,4,7,0,0,0,5,3,17,0,0,0,9,0,1,0,0,0,8,0,0,2,0,4,5,0,2,0,0,0,0,0,0,6,0,7,6,0,2,3,0,0,0,4,13,0
0,0,0,0,0,1,0,3,0,0,0,0,1,0,0,0,0,1,0,0,0,2,2,0,2,0,0,0,0,0,0,0,0,0,4,1,1,0,1,2,0,0,0,1,3,0,0,0,0,0,0,0,0,0,0,1,0,0,0,0,0,0,3,0,0,0,0,0,0,0,1,0,0,0,0,1,0,0,1,0,0,0,0,0,0,0,0,0,0,0,0,0,0,0,0,1,0,0,0,1,0,0,0,0,3,0,0,0,1,0,0,0,0,0,0,0,4,0,0,1,0,0,0,0,0,0,0,1,0,0,0,0,0,0,0,0,0,0,0,0,0,0,0,1,0,0,0,0,1,0,0,0,0,0,1,0,0,0,1,0,0,0,0,0,1,0,1,3,0,1,0,0,0,0,0,1,0,2,0,0,0,1,0,0,1,0,0,0,0,0,0,0,0,0,0,1,1,0,2,0,0,0,0,0,0,0,0,0,0,3,0,0,1,0,0,0,0,0,0,0,0,0,0,2,0,2,0,0,0,0,3,0,0,0,0,3,0,3,0,0,0,1,3,0,0,1,0,1,0,0,1,0,0,0,0,2,0,0,0,2,0,0,0,1,1,0,0,0,0,0
0,0,0,0,1,0,1,0,0,0,1,0,0,1,2,0,0,0,0,0,0,0,0,0,0,0,0,0,0,1,0,0,0,0,0,0,0,0,0,0,0,0,0,0,0,0,0,0,1,0,0,0,1,0,0,0,0,0,0,0,0,0,0,0,0,0,0,0,0,0,0,0,0,0,0,0,0,0,0,0,0,0,0,0,0,0,0,0,0,0,0,0,0,0,0,0,0,0,0,0,0,0,0,0,0,0,0,0,0,0,0,0,0,0,0,0,0,0,0,0,0,0,0,0,0,0,0,0,0,0,0,0,0,0,0,0,0,0,0,0,0,0,0,0,0,0,0,0,0,0,0,0,0,0,0,0,0,0,0,0,0,0,0,0,0,0,0,0,0,0,0,0,0,1,0,0,0,0,0,0,0,0,0,0,0,0,0,0,0,0,0,0,0,0,0,0,0,0,0,0,0,0,0,0,0,1,0,0,0,0,0,0,0,0,0,0,0,0,0,0,1,0,0,0,0,0,0,0,0,0,0,0,0,1,0,0,0,0,0,0,0,0,0,0,0,0,0,0,0,0,0,0,0,0,0,0,0,0,0,0,0,0,0,0,0,0,0,0,0,0
3,4,0,0,2,0,3,2,0,2,1,0,0,1,0,0,0,0,0,0,0,0,0,3,0,0,0,0,1,0,0,0,0,3,6,0,0,0,0,0,2,0,0,0,4,1,0,0,0,0,0,0,0,0,0,0,5,2,0,0,0,0,0,0,0,0,0,4,0,0,0,0,0,0,0,0,0,0,0,0,0,0,0,0,0,0,0,0,0,2,0,0,3,1,0,9,0,0,13,3,0,0,0,0,2,0,0,0,0,0,0,0,0,2,0,2,0,3,5,3,0,0,0,0,0,0,0,0,0,0,0,1,0,0,0,3,0,0,0,0,0,0,0,0,0,0,0,4,0,0,0,0,0,0,0,0,0,3,0,0,0,0,0,0,0,0,0,2,0,0,0,0,0,1,2,0,0,0,0,0,0,0,0,0,0,0,0,0,0,0,0,0,0,0,3,0,0,4,1,0,0,0,0,1,0,0,0,0,0,0,0,0,0,0,0,0,2,0,0,0,0,0,0,0,0,0,0,0,0,9,0,0,0,0,0,0,0,0,0,0,0,0,5,0,0,2,0,0,0,0,0,0,0,0,0,1,0,0,0,0,0,3,0,0,0,0,0,0,0,0
0,0,0,0,0,0,0,0,0,1,0,0,0,0,0,0,1,0,0,1,0,0,0,1,0,0,0,0,0,1,1,0,1,0,0,1,0,0,1,0,0,0,0,0,0,1,0,0,1,0,0,0,0,1,1,1,0,1,1,1,0,0,1,1,0,0,0,0,1,0,0,0,0,0,0,0,0,0,0,0,0,0,1,2,0,0,1,0,0,0,1,0,0,0,1,0,0,0,0,1,0,1,0,0,0,1,1,0,0,0,0,0,0,0,0,1,0,0,0,0,1,0,0,0,0,1,1,1,0,0,1,0,1,0,0,0,0,0,0,0,0,0,0,0,0,0,0,0,0,0,0,0,0,0,2,0,1,1,0,0,0,1,0,0,0,0,0,0,0,1,0,0,1,0,1,1,0,1,0,0,0,0,0,0,0,0,1,0,1,0,0,0,0,0,0,0,0,0,0,0,0,0,1,0,0,0,0,0,0,1,1,0,0,0,1,1,0,0,0,0,0,0,0,0,0,1,1,0,0,0,0,0,0,0,0,0,0,0,0,1,0,1,0,0,0,0,0,0,0,0,0,1,1,0,0,0,0,0,0,2,0,0,0,0,0,0,1,1,1,1
0,2,0,2,0,0,0,0,0,0,0,0,7,0,0,0,0,0,0,0,0,0,0,0,0,4,0,4,0,0,0,2,7,3,0,0,0,0,0,0,0,0,0,0,0,13,0,0,0,0,0,5,0,0,0,0,9,0,0,0,0,3,0,0,0,0,0,0,0,0,0,0,0,0,0,0,0,0,0,0,0,0,0,5,0,0,0,0,6,0,0,0,0,0,0,0,0,2,0,0,0,0,0,0,6,0,0,0,0,0,0,0,0,0,0,2,4,0,0,0,0,0,6,3,0,0,0,1,2,0,0,2,0,0,0,6,0,0,0,0,0,3,0,0,0,4,0,0,0,0,0,6,0,0,2,4,2,0,0,0,0,0,0,0,0,0,0,8,0,0,4,0,0,0,0,0,0,0,0,0,0,0,0,0,6,0,13,3,0,0,10,0,0,0,0,0,0,21,0,2,0,0,4,0,0,0,5,0,0,0,0,2,4,0,0,0,0,3,3,0,12,0,0,0,0,0,0,4,0,0,7,9,0,0,0,0,0,0,0,0,0,0,0,0,7,0,0,0,0,0,0,0,5,0,3,0,0,0,12,0,0,0,1,0,0,3,0,0,0,6
0,0,0,0,0,3,0,2,0,0,0,0,0,0,0,0,0,0,0,0,0,0,0,1,0,3,0,0,0,0,0,0,0,0,0,0,0,0,0,0,0,0,0,0,0,2,0,0,0,3,0,0,0,0,0,2,0,0,0,0,2,0,0,2,4,0,0,0,0,0,2,0,2,0,0,0,0,0,0,0,0,0,0,0,0,0,0,3,0,0,0,2,0,0,0,0,0,0,1,0,3,0,0,0,0,0,2,3,0,0,0,0,0,3,0,0,0,0,6,1,0,3,0,4,0,0,0,0,0,0,0,0,0,0,0,5,3,0,0,0,0,0,0,0,0,0,0,0,0,0,0,0,0,0,0,0,0,0,0,3,0,0,3,0,0,0,0,0,1,0,0,0,0,0,0,0,0,0,0,0,0,0,0,0,0,0,0,0,0,4,0,0,0,0,0,0,0,0,0,0,1,0,0,0,0,0,0,0,0,3,0,0,0,0,0,0,0,0,0,0,0,5,0,0,0,0,4,0,3,0,0,0,0,2,0,0,3,5,0,2,0,0,1,5,0,0,0,0,0,0,0,2,0,0,0,3,0,0,0,2,0,0,1,0,0,0,0,0,0,2
7,3,0,0,0,0,7,0,0,8,0,6,0,5,5,0,0,7,0,0,20,0,0,0,17,0,10,0,0,0,0,6,10,0,0,0,0,0,0,0,17,6,5,0,0,0,0,0,14,0,0,0,0,0,10,0,0,0,6,0,0,0,20,0,0,0,0,0,7,0,0,0,0,0,6,0,0,0,0,4,0,0,12,0,6,0,0,6,0,0,0,0,0,0,12,0,0,0,12,5,8,0,0,0,7,0,0,0,8,1,0,0,0,0,6,0,11,4,8,11,4,0,0,6,0,4,0,0,0,0,2,0,0,0,0,0,0,5,0,3,0,6,4,0,3,0,8,5,8,5,0,0,0,0,0,18,2,0,3,8,5,4,0,0,0,0,0,9,0,0,20,0,0,0,5,32,33,0,0,8,0,9,0,0,0,0,0,29,0,0,0,0,0,0,7,0,0,0,4,7,23,0,5,0,0,0,2,7,0,0,0,4,0,5,0,0,0,0,0,8,7,0,0,0,5,0,0,0,0,0,0,8,0,0,9,0,0,0,0,3,2,5,0,6,0,0,0,7,24,7,0,0,0,0,1,0,0,0,3,5,1,0,0,0,0,0,0,0,0,0
0,0,0,0,0,0,1,0,0,0,0,0,0,0,0,0,0,0,0,0,0,0,0,0,0,0,0,0,0,0,0,0,0,0,0,0,0,0,0,0,0,0,0,0,0,0,0,0,0,0,0,0,0,0,0,0,0,0,0,0,0,0,0,0,0,0,0,0,0,0,0,0,0,0,0,0,0,0,0,0,0,0,0,0,0,0,0,0,0,0,0,0,0,0,0,0,0,0,0,0,0,0,0,0,0,0,0,0,0,0,0,0,0,0,0,0,0,0,0,0,0,0,0,0,0,0,0,0,0,0,0,0,0,0,0,0,0,0,0,0,0,0,0,0,0,0,0,0,0,0,0,0,0,0,0,0,0,0,0,0,0,0,0,0,0,0,0,0,0,0,0,0,0,0,0,0,0,0,0,0,0,0,0,0,0,0,0,0,0,0,0,0,0,0,0,0,0,0,0,0,0,0,0,0,0,0,0,0,0,0,0,0,0,0,0,0,0,0,0,0,0,0,0,0,1,0,0,0,0,0,0,0,0,0,0,0,0,0,0,0,0,0,0,1,0,0,0,0,0,0,0,0,0,0,0,0,0,0,0,0,0,0,0,0,0,0,0,0,0,0
0,0,0,0,0,0,0,0,0,0,0,0,0,0,0,0,0,0,0,0,0,0,0,0,0,0,0,0,0,0,0,0,0,0,0,0,0,0,0,0,0,0,0,0,0,0,0,0,0,0,0,0,0,0,0,0,0,0,0,0,0,0,0,0,0,0,0,0,0,0,0,0,0,0,0,0,0,0,0,0,0,0,0,0,0,0,0,0,0,0,0,0,0,0,0,0,0,0,0,0,0,0,0,0,0,0,0,0,0,0,0,0,0,0,0,0,0,0,0,0,0,0,0,0,0,0,0,0,0,0,0,0,0,0,0,0,0,0,0,0,0,0,0,0,0,0,0,0,0,0,0,0,0,0,0,0,0,0,0,0,0,0,0,0,0,0,0,0,0,0,0,0,0,0,0,0,0,0,0,0,0,0,0,0,0,0,0,0,0,0,0,0,0,0,0,0,0,0,0,0,0,0,0,0,0,0,0,0,0,0,0,0,0,0,0,0,0,0,0,0,0,0,0,0,0,0,0,0,0,0,0,0,0,0,0,0,0,0,0,0,0,0,0,0,0,0,0,0,0,0,0,0,0,0,0,0,0,0,0,0,0,0,0,0,0,0,0,0,0,0
0,1,0,0,0,0,0,0,0,0,0,0,0,0,1,0,0,0,0,0,0,0,0,0,0,0,0,0,0,0,0,0,0,1,0,0,0,0,0,0,0,0,0,0,0,0,0,0,1,0,0,0,0,1,0,0,0,0,0,1,0,0,0,0,0,1,0,0,0,0,0,0,0,0,0,0,0,0,0,0,0,1,0,0,1,1,0,0,0,0,0,0,0,0,2,0,0,1,1,1,0,0,0,0,0,0,0,0,0,0,0,0,1,0,0,0,0,0,0,0,1,0,0,0,0,0,0,0,0,0,0,0,0,0,0,0,0,0,0,0,0,0,0,1,0,0,0,0,0,0,0,0,0,0,0,0,0,0,0,0,0,2,0,0,0,0,0,1,1,0,0,0,0,0,0,0,0,0,0,0,0,0,0,0,0,0,0,0,0,0,0,0,0,0,0,1,1,2,1,0,0,0,0,0,0,0,0,1,0,0,0,0,0,1,0,1,0,0,0,0,0,0,0,0,0,0,0,0,0,0,0,0,0,0,0,0,0,0,0,0,0,0,0,0,0,0,0,0,0,0,0,0,0,0,0,0,0,0,0,0,0,0,0,0,0,0,0,0,0,1
0,0,0,2,1,2,0,0,1,2,2,2,0,1,2,1,1,1,1,2,0,0,0,1,2,0,2,0,0,3,0,0,0,1,0,0,0,1,0,0,0,0,0,0,0,1,0,1,0,0,0,1,0,0,0,0,0,0,0,0,0,2,0,0,3,0,2,0,3,1,4,0,0,0,1,2,1,0,0,1,0,0,0,1,0,0,0,0,0,1,0,0,0,0,0,0,1,0,0,0,1,1,1,3,0,2,0,0,1,1,0,0,0,0,0,0,1,0,0,0,0,0,1,0,0,0,0,0,1,0,0,0,0,0,0,1,1,1,0,4,0,0,0,0,0,4,1,0,0,0,0,0,1,0,0,0,0,0,1,0,0,0,0,0,0,1,0,2,0,0,0,0,0,0,0,0,0,0,0,0,0,0,0,0,0,2,0,1,0,0,0,0,1,0,0,0,0,0,0,0,0,0,0,0,0,0,0,2,0,1,0,0,0,0,1,0,1,0,0,1,0,0,1,0,1,0,0,0,0,1,1,0,0,0,1,1,0,0,0,0,0,0,0,0,0,0,0,0,0,0,1,0,0,1,0,0,0,0,0,0,0,1,0,0,1,0,0,0,0,0
1,1,0,3,0,1,3,1,1,0,2,1,1,0,3,2,2,2,5,1,1,2,1,4,1,3,2,0,0,1,2,4,0,1,0,3,1,1,2,2,1,1,3,3,0,3,2,0,2,1,1,0,0,1,3,1,2,1,0,0,1,3,1,2,4,2,1,2,1,7,0,0,0,0,1,2,4,2,2,0,4,1,2,0,3,5,0,1,1,0,5,0,2,2,2,0,0,2,1,0,2,2,1,3,1,3,3,2,2,0,0,0,2,1,2,3,1,2,0,1,2,2,3,3,1,2,1,2,1,0,0,0,0,0,2,1,1,1,0,3,0,2,1,2,1,2,2,2,0,0,4,1,1,1,5,0,1,2,0,3,3,2,2,2,0,0,0,1,2,1,0,0,1,0,1,1,0,1,0,2,1,3,2,1,1,1,1,0,3,0,2,2,0,2,1,1,4,0,1,0,0,3,0,3,1,1,0,1,1,1,2,4,0,1,3,0,0,1,0,3,2,2,0,0,3,1,1,2,2,2,4,4,0,2,1,2,0,1,1,1,1,1,2,1,1,4,3,0,0,2,3,1,1,2,1,3,5,1,4,1,0,0,1,4,2,1,1,2,0,0
0,2,2,0,0,1,4,0,0,0,0,0,0,3,0,0,0,0,0,0,0,0,0,0,3,0,0,3,4,0,0,0,0,0,0,0,0,0,0,0,0,0,0,0,0,0,5,0,0,4,0,0,0,0,6,4,0,0,0,0,0,0,4,0,0,0,0,0,0,6,0,0,0,0,0,0,1,0,0,7,0,0,0,0,0,1,0,0,0,0,4,0,0,0,0,0,0,0,0,0,0,0,0,0,0,0,4,0,5,1,4,0,0,0,0,0,0,0,0,3,0,0,1,2,0,0,0,3,0,0,0,0,0,0,0,0,0,4,0,0,0,5,0,0,7,5,0,0,0,0,0,0,0,0,0,0,0,0,9,0,0,4,3,0,0,0,0,0,0,0,0,0,0,0,0,0,8,0,0,0,0,0,0,0,0,0,0,0,0,0,0,0,0,0,2,0,0,0,0,0,0,0,4,2,0,0,0,0,2,0,0,0,0,0,3,0,6,0,0,0,0,0,0,0,0,0,0,0,0,0,0,0,0,0,0,6,1,0,0,0,0,0,0,5,0,0,0,0,0,0,0,0,0,0,0,0,0,0,0,0,0,0,0,0,0,2,0,9,3,7
0,0,0,0,0,0,0,0,0,0,0,0,0,0,0,0,0,0,0,0,0,0,0,0,0,0,0,0,0,0,0,0,0,0,0,0,0,0,0,0,0,0,0,0,0,0,0,0,0,0,0,0,0,0,0,0,0,0,0,0,0,0,0,0,0,0,0,0,0,0,0,0,0,0,0,0,0,0,0,0,0,0,0,0,0,0,0,0,0,0,0,0,0,0,0,0,0,0,0,0,0,0,0,0,0,0,0,0,0,0,0,0,0,0,0,0,0,0,0,0,0,0,0,0,0,0,0,0,0,0,0,0,0,0,0,0,0,0,0,0,0,0,0,0,0,0,0,0,0,0,0,0,0,0,0,0,0,0,0,0,0,0,0,0,0,0,0,0,0,0,0,0,0,0,0,0,0,0,0,0,0,0,0,0,0,0,0,0,0,0,0,0,0,0,0,0,0,0,0,0,0,0,0,0,0,0,0,0,0,0,0,0,0,0,0,0,0,0,0,0,0,0,0,0,0,0,0,0,0,0,0,0,0,0,0,0,0,0,0,0,0,0,0,0,0,0,0,0,0,0,0,0,0,0,0,0,0,0,0,0,0,0,0,0,0,0,0,0,0,0
0,0,0,10,7,5,7,0,0,0,0,0,0,0,5,0,3,7,1,0,11,0,0,0,9,0,0,0,8,0,0,4,0,0,0,0,9,0,0,0,0,0,0,0,0,0,0,0,11,0,11,0,0,0,0,0,0,8,0,7,0,0,2,0,2,0,3,0,0,8,0,0,0,4,0,4,0,6,0,19,0,7,9,0,3,0,0,13,0,0,0,0,0,0,2,0,8,0,0,0,5,0,0,0,17,0,0,0,0,0,0,0,0,0,3,0,23,0,0,0,0,0,10,10,0,0,0,0,0,0,0,9,0,0,0,0,0,0,0,0,0,2,0,0,0,0,0,0,8,0,0,0,0,0,0,0,0,0,0,0,0,7,0,0,8,0,8,0,6,0,0,0,9,0,0,5,0,13,0,0,0,7,0,0,0,0,0,0,0,7,0,0,0,0,0,0,7,0,0,5,0,11,0,0,0,0,0,0,0,0,5,0,0,0,0,18,0,0,6,0,0,0,0,0,0,0,2,0,0,0,0,0,0,0,0,0,0,0,0,0,0,0,0,0,0,3,9,0,0,0,0,0,0,3,0,0,0,0,0,0,6,0,0,0,0,0,0,0,0,1
1,0,0,0,0,0,0,1,0,0,1,1,0,0,0,0,0,0,0,1,1,0,0,0,0,1,0,0,0,0,1,1,0,1,0,0,0,0,0,0,0,0,0,0,0,0,0,1,0,1,0,0,0,0,2,0,0,0,0,0,0,0,0,0,1,0,0,0,0,0,0,1,1,0,1,0,0,0,0,1,0,0,0,0,3,0,0,1,1,0,0,0,0,0,0,0,0,1,0,0,0,0,0,0,0,0,0,0,0,0,0,0,0,1,0,0,0,0,0,1,0,0,1,1,2,0,0,0,0,0,0,2,0,0,0,1,0,0,0,0,0,1,1,0,0,0,1,0,1,1,0,0,0,0,0,0,0,0,0,0,1,0,0,0,0,0,0,1,0,0,1,0,0,0,1,1,2,1,0,0,0,1,0,0,0,0,0,1,0,0,0,0,0,0,0,0,0,0,0,0,1,0,0,0,0,0,0,0,0,0,0,2,1,0,0,2,0,0,1,0,0,1,0,0,0,1,1,1,0,0,0,0,0,0,0,0,1,0,0,1,0,0,0,0,0,0,0,0,0,0,0,0,0,0,0,0,0,0,0,0,0,0,0,0,0,1,0,1,0,0
0,0,0,1,0,0,0,1,0,0,0,0,0,0,0,2,0,0,0,0,0,0,0,0,0,0,0,0,0,0,0,0,1,0,0,0,0,0,0,0,0,0,2,1,0,0,0,0,0,0,0,0,0,0,2,0,1,1,0,0,0,0,0,0,0,0,0,0,0,0,1,0,0,2,0,0,0,0,0,0,0,0,0,0,0,0,0,0,1,0,1,0,1,4,1,0,3,0,0,0,0,0,0,0,0,1,0,0,0,0,0,0,0,0,0,0,0,0,0,0,1,0,0,1,0,0,0,0,0,0,0,0,4,0,0,0,1,0,0,0,2,0,0,0,0,0,2,0,0,0,0,0,2,0,0,0,0,0,0,3,2,0,1,2,0,0,0,0,0,0,0,0,0,0,2,0,0,4,0,1,0,0,0,0,0,1,2,0,0,0,0,0,0,0,0,0,0,0,1,1,0,0,1,0,0,0,0,0,0,0,0,0,0,2,0,0,0,2,0,1,1,0,1,1,0,1,1,0,1,2,1,0,1,0,0,0,0,0,0,1,0,0,0,0,0,1,0,1,0,0,0,2,0,0,0,0,0,0,0,0,0,0,0,0,0,0,0,0,0,3
0,0,0,0,0,2,0,0,0,0,1,1,0,0,0,0,0,0,0,0,0,0,0,0,0,0,0,0,0,0,1,0,0,0,0,0,0,0,0,0,0,0,0,0,0,0,0,0,0,0,0,0,0,0,0,0,1,0,0,1,0,0,0,0,0,0,0,0,0,0,0,0,0,0,0,0,0,0,0,0,0,0,0,0,0,0,0,0,0,0,0,0,0,0,0,0,0,1,1,0,0,0,0,0,0,0,0,1,0,0,0,0,0,0,0,0,0,0,0,0,0,0,0,0,1,1,0,0,0,0,0,0,0,0,0,0,0,0,1,0,0,0,0,0,0,0,0,0,0,0,0,1,0,0,0,0,0,0,1,0,1,1,0,0,0,0,0,0,0,0,0,0,0,0,0,0,0,0,0,0,0,0,0,0,0,0,0,0,0,0,0,0,0,0,0,0,0,0,0,0,0,1,0,0,0,0,0,0,0,0,0,0,0,0,0,0,0,0,0,0,0,0,0,0,0,0,0,0,0,0,0,0,0,0,0,0,0,0,0,0,0,0,0,0,0,0,0,0,0,0,0,0,0,0,0,0,1,0,0,0,0,0,0,0,0,0,0,0,0,1
0,0,0,0,0,0,0,0,0,0,0,0,0,0,0,0,0,0,0,0,0,0,0,0,0,0,0,0,0,0,0,1,0,0,0,0,0,0,0,0,0,0,0,0,0,0,0,0,0,0,0,0,0,0,0,0,0,0,0,0,0,0,0,0,0,0,0,0,0,0,0,0,0,0,0,0,1,0,0,0,0,0,0,0,0,0,0,0,0,0,0,0,0,0,0,0,0,0,0,0,0,0,0,0,0,0,0,0,1,0,0,1,0,0,0,0,0,1,0,0,0,0,0,0,0,0,0,0,0,0,0,0,0,0,0,0,0,0,0,0,0,0,0,0,0,0,0,0,0,0,0,0,0,0,0,1,0,0,0,0,0,0,0,0,0,0,0,0,0,0,0,0,0,0,0,0,0,0,0,0,0,1,0,1,0,0,0,0,0,0,0,0,0,0,1,0,0,1,0,0,0,0,0,0,0,0,0,0,0,0,0,0,0,0,0,0,0,0,0,0,0,0,0,0,0,0,0,0,0,0,0,0,0,0,0,0,0,0,0,0,0,0,0,0,0,0,0,0,0,0,0,0,0,0,0,0,0,0,0,0,0,0,0,0,0,0,0,0,0,0
18,0,0,0,0,0,0,0,0,0,0,0,0,0,0,0,0,0,0,0,0,21,0,0,0,5,0,4,5,3,0,5,0,7,0,0,21,11,2,0,0,23,7,0,0,0,0,0,0,0,0,15,0,0,0,0,0,0,0,7,0,0,0,0,0,0,0,0,0,0,0,0,0,0,0,0,0,0,0,0,0,0,0,0,0,0,0,0,0,0,0,1,0,0,0,0,0,0,0,0,0,0,0,0,5,0,5,0,0,0,0,9,0,0,14,0,0,0,0,0,0,0,0,0,0,0,0,0,0,0,0,10,8,0,0,0,0,0,2,13,0,0,0,0,10,0,0,0,0,0,0,0,0,2,0,0,5,0,8,0,0,0,0,0,0,0,0,0,0,0,0,0,0,0,0,0,11,10,0,0,9,0,1,0,0,6,0,0,6,0,0,3,0,0,0,0,14,0,0,0,0,15,0,0,0,0,0,0,0,0,0,0,0,0,0,0,0,0,0,0,11,0,0,0,11,0,6,0,8,0,0,0,0,0,0,0,0,0,0,0,0,0,0,0,0,0,0,0,0,0,0,0,0,0,0,0,7,0,0,0,13,0,0,0,0,0,0,0,0,0
0,0,0,0,0,0,0,0,0,0,0,0,0,0,0,0,1,0,0,0,0,0,0,0,0,0,0,0,0,0,0,0,0,0,0,0,0,0,0,0,0,0,1,0,1,1,0,0,0,0,0,0,0,0,1,0,0,0,0,0,0,1,0,0,1,0,0,0,0,0,0,0,0,0,0,0,0,1,0,0,0,0,0,0,0,0,0,0,0,0,0,0,0,0,0,0,0,0,0,0,0,0,0,0,0,0,0,0,0,0,0,0,0,0,0,1,0,0,0,0,0,0,0,0,0,0,0,0,0,0,0,0,0,0,0,0,0,0,0,0,0,0,0,0,0,0,0,1,0,0,0,0,0,0,0,0,0,0,0,0,0,0,0,0,0,0,0,0,0,0,0,0,0,0,0,0,0,0,0,0,0,0,0,0,0,0,0,0,0,0,0,0,0,0,0,0,0,0,0,0,0,0,0,0,0,0,0,0,0,0,0,0,0,0,0,0,0,0,0,0,0,0,0,0,0,1,0,0,0,0,0,0,0,0,0,0,0,0,0,0,0,0,0,0,0,0,0,0,0,0,0,0,0,0,0,0,0,0,1,0,0,0,0,1,0,0,0,0,0,0
0,0,0,0,0,0,1,0,0,0,0,0,0,0,0,0,0,0,0,0,0,0,0,0,0,0,0,0,0,0,0,0,1,0,0,0,1,1,0,0,0,0,0,0,0,0,0,0,0,0,0,0,0,0,0,0,0,0,1,0,0,0,0,0,0,0,0,0,1,0,0,0,0,0,0,0,0,0,1,0,0,0,0,0,0,0,1,0,0,0,0,0,0,0,0,0,0,0,0,0,0,0,0,0,0,0,0,0,0,0,0,0,0,0,0,0,0,0,0,0,0,0,0,0,0,0,0,0,0,1,1,0,0,0,0,0,0,0,0,0,0,0,0,0,0,0,0,0,0,0,0,0,0,0,0,0,0,0,0,0,0,0,0,0,0,0,0,0,0,0,0,0,0,0,0,0,0,0,0,0,0,0,0,0,0,0,0,0,0,0,0,0,0,0,0,0,0,0,0,0,0,0,0,0,0,0,0,0,0,0,0,0,0,0,0,0,0,0,1,0,0,0,0,0,0,0,0,0,0,0,0,0,0,0,0,0,0,0,0,0,0,0,0,1,0,0,0,0,0,1,0,0,0,1,0,0,0,0,0,0,0,0,1,1,0,0,0,0,0,0
0,0,0,0,4,0,2,1,0,0,0,4,3,0,0,4,0,0,0,0,4,0,5,3,0,0,0,0,0,5,0,0,0,0,6,0,0,2,0,0,6,6,0,0,0,0,0,0,0,0,0,0,0,0,0,0,0,11,3,0,4,0,0,0,0,0,0,0,0,0,0,0,0,0,0,0,0,0,0,11,0,0,2,0,0,0,0,0,0,0,0,0,0,0,0,0,0,0,0,0,0,3,0,0,0,0,0,0,4,0,6,0,0,4,7,0,0,0,0,0,0,0,0,0,3,0,0,0,7,0,0,0,0,0,3,0,0,0,4,0,0,0,0,0,0,10,0,0,0,7,0,0,0,0,0,0,0,0,0,0,5,0,0,0,0,0,0,0,0,3,0,0,0,0,0,4,0,0,0,0,0,0,0,0,6,0,0,0,0,6,4,0,0,0,0,2,0,0,0,4,0,21,0,0,0,0,6,0,0,0,0,0,0,0,3,0,0,6,0,0,3,0,3,0,0,0,0,0,0,0,2,0,0,0,0,0,0,0,0,0,0,9,0,0,0,0,5,0,0,0,0,0,0,4,0,0,3,0,0,0,0,0,0,0,0,0,3,0,0,2
0,0,0,0,0,0,0,0,0,0,0,0,0,0,0,0,1,0,0,0,0,0,0,0,0,0,0,0,0,4,4,0,0,0,0,0,2,5,2,0,0,0,0,0,0,0,0,0,3,0,0,6,0,0,0,0,0,0,0,0,0,0,3,0,0,1,0,3,0,0,0,0,0,0,0,2,0,0,0,0,0,0,2,0,0,0,0,0,0,0,0,0,0,0,0,0,0,0,0,0,0,0,0,0,0,0,0,0,0,0,0,0,2,0,0,0,0,0,0,0,0,0,0,0,2,0,0,0,0,1,0,3,1,0,0,0,0,0,6,0,0,0,0,0,3,0,0,2,0,0,0,3,0,0,0,0,0,0,0,0,0,0,0,0,0,0,1,0,0,0,0,0,0,0,0,0,0,0,0,3,0,0,0,0,0,0,0,0,0,0,0,0,0,0,0,0,0,0,0,4,0,0,0,3,0,0,0,0,0,1,0,0,5,0,0,7,0,2,0,2,0,0,0,0,0,0,4,7,0,0,1,6,1,0,3,2,0,0,0,0,4,0,0,1,0,3,3,0,4,0,0,3,0,2,0,4,4,0,0,0,0,0,2,0,0,0,0,0,0,0
0,0,0,0,0,0,0,0,0,0,0,0,0,0,0,0,0,0,0,0,0,0,0,0,0,0,0,0,0,0,0,0,0,0,0,0,0,0,0,0,0,0,0,0,0,0,0,0,0,0,0,0,0,0,0,0,0,0,0,0,0,0,0,0,0,0,0,0,0,0,0,0,0,0,0,0,0,0,0,0,0,0,0,0,0,0,0,0,0,0,0,0,0,0,0,0,0,0,0,0,0,0,0,0,0,0,0,0,0,0,0,0,0,0,0,0,0,0,0,0,0,0,0,0,0,0,0,0,0,0,0,0,0,0,0,0,0,0,0,0,0,0,0,0,0,0,0,0,0,0,0,0,0,0,0,0,0,0,0,0,0,0,0,0,0,0,0,0,0,0,0,0,0,0,0,0,0,0,0,0,0,0,0,0,0,0,0,0,0,0,0,0,0,0,0,0,0,0,0,0,0,0,0,0,0,0,0,0,0,0,0,0,0,0,0,0,0,0,0,0,0,0,0,0,0,0,0,0,0,0,0,0,0,0,0,0,0,0,0,0,0,0,0,0,0,0,0,0,0,0,0,0,0,0,0,0,0,0,0,0,0,0,0,0,0,0,0,0,0,0
1,0,0,0,0,1,0,0,0,2,0,0,0,0,0,0,0,0,0,0,0,0,0,0,0,1,1,0,0,1,0,0,1,2,1,0,1,0,0,1,0,0,0,0,0,1,0,0,0,0,0,1,0,1,0,0,0,0,0,0,0,0,0,0,0,0,0,0,0,0,0,0,1,0,0,0,0,0,0,1,1,0,0,0,0,0,0,0,0,0,0,0,0,0,1,0,0,0,0,0,0,0,0,0,0,0,0,1,1,0,0,0,0,0,0,0,0,1,0,0,0,1,0,0,0,0,0,0,0,0,0,0,0,0,1,0,0,0,0,0,0,0,0,1,0,0,0,0,0,1,0,0,0,0,0,0,0,0,0,1,0,0,0,0,0,0,0,1,0,0,0,0,0,0,0,0,0,0,0,0,0,0,0,0,0,0,0,1,0,1,0,0,0,0,0,0,0,0,0,0,0,0,2,0,0,0,0,0,1,1,0,1,0,0,0,0,0,0,0,0,0,2,1,0,0,0,0,0,0,0,0,0,0,0,0,0,0,0,0,0,0,0,0,2,1,0,0,0,0,0,0,0,0,0,0,0,0,0,0,0,0,0,0,0,0,0,0,0,0,0
0,0,0,0,0,0,0,0,2,0,0,0,0,1,0,0,0,1,2,1,0,0,0,0,0,3,1,0,0,0,0,0,1,0,0,1,2,1,0,0,1,0,0,0,0,0,0,0,0,3,0,0,0,0,1,1,0,0,0,0,0,4,0,0,0,0,0,0,0,0,0,0,0,0,0,2,0,0,0,1,3,0,0,0,0,0,0,6,0,1,0,2,0,0,0,0,0,0,0,1,0,1,0,0,0,0,2,2,0,0,0,1,0,0,0,0,0,0,0,0,0,0,1,0,0,2,1,1,2,0,0,0,0,0,0,0,0,0,0,2,0,0,0,0,1,0,2,1,0,0,0,0,0,2,0,2,0,0,0,0,0,0,0,0,0,3,0,0,0,0,0,0,0,0,0,0,0,0,4,1,0,0,3,1,0,2,0,0,2,0,0,0,0,0,0,0,6,0,0,0,0,1,0,0,0,0,0,0,1,0,1,0,0,0,0,0,0,0,0,0,0,1,5,0,0,0,0,0,0,0,0,0,0,0,1,0,0,0,0,1,0,0,0,0,2,0,0,0,0,0,0,0,0,0,0,0,0,0,0,0,0,0,0,1,0,0,0,0,0,0
0,0,0,0,0,0,0,2,0,0,0,1,0,2,0,0,0,1,1,1,1,1,4,0,0,0,0,0,0,0,0,1,0,0,0,0,0,0,0,0,0,1,0,3,0,1,0,0,0,0,0,2,0,0,0,0,0,0,2,1,0,0,0,0,0,1,0,0,0,0,2,0,0,4,0,0,2,0,0,0,0,0,0,0,1,0,0,0,1,0,0,0,3,0,0,0,0,1,0,0,0,0,2,0,0,0,0,0,3,0,5,0,0,2,0,0,4,0,0,0,0,0,0,0,0,2,0,0,0,0,1,0,0,0,0,0,0,0,0,0,0,0,0,0,0,0,0,0,0,0,0,0,0,0,0,0,0,0,0,0,0,0,0,0,0,0,0,0,0,1,0,2,0,0,0,0,0,0,0,1,0,1,0,0,0,0,0,0,0,0,0,0,0,1,0,0,0,0,0,0,0,0,0,0,0,0,0,0,0,1,0,2,0,0,0,1,1,3,0,0,0,0,2,0,2,2,0,0,1,0,0,0,0,0,0,0,0,0,0,0,0,2,0,0,0,0,3,0,0,0,0,0,0,0,0,0,0,0,0,0,0,0,0,0,0,1,2,0,0,0
0,0,0,0,0,0,0,0,0,1,0,0,0,0,0,1,0,1,0,0,0,0,0,0,0,0,0,0,0,0,0,1,0,0,0,0,0,0,0,0,0,0,0,0,0,1,0,0,0,0,0,0,0,0,0,0,0,0,0,0,0,0,0,0,0,0,0,0,0,0,0,0,0,0,0,0,0,0,0,0,0,0,0,0,0,0,0,0,0,0,0,0,0,0,0,0,0,0,0,0,1,0,0,0,0,0,0,0,0,0,0,0,0,0,0,0,0,0,0,0,0,0,0,0,0,0,0,0,0,0,0,0,0,0,0,0,0,0,0,0,0,0,0,0,0,0,0,0,0,0,0,0,0,0,0,0,0,0,0,0,0,0,0,0,0,0,0,0,0,0,0,0,1,0,0,0,0,0,0,0,0,0,0,0,0,0,0,0,0,0,0,0,1,0,0,0,0,0,0,0,0,0,0,0,0,0,0,0,0,0,0,0,0,1,0,0,0,0,0,0,0,0,0,0,0,0,0,0,0,0,0,0,0,0,0,1,0,0,0,0,0,0,0,0,0,0,0,0,0,0,0,0,0,0,0,0,0,1,0,0,0,0,0,0,0,0,0,0,0,0
21,13,0,26,29,24,0,47,7,0,14,0,15,8,30,13,16,0,63,43,0,0,24,22,18,9,6,18,0,46,3,30,34,10,13,14,0,27,8,0,0,3,0,0,6,2,0,28,0,0,0,41,22,10,1,0,0,2,6,0,22,3,0,9,24,22,32,0,21,5,0,28,20,0,2,9,0,0,17,9,0,13,18,5,15,12,41,33,0,0,46,0,0,0,0,15,0,2,0,0,14,0,0,11,0,58,0,11,0,45,10,0,9,8,5,0,0,21,19,5,23,59,51,10,0,33,0,6,0,19,39,7,0,0,16,9,13,20,9,10,20,0,54,26,0,13,27,20,9,40,55,4,22,14,8,23,37,13,10,0,51,58,0,0,0,10,22,64,0,28,39,65,65,0,1,10,55,24,17,13,2,27,13,7,11,13,11,10,27,17,44,36,0,3,10,12,0,0,0,24,0,39,0,0,8,24,43,10,1,0,60,0,23,10,19,29,22,0,39,8,0,10,0,45,0,18,11,4,16,5,0,12,0,0,6,21,2,13,18,32,56,35,0,0,14,31,8,24,30,0,2,10,18,9,0,0,0,0,38,5,28,6,10,0,0,0,0,11,22,12
0,0,0,0,0,0,0,2,0,0,5,0,0,0,0,1,0,0,0,0,0,0,0,3,1,1,0,0,0,3,1,5,0,1,0,0,0,0,0,0,1,2,0,0,4,2,0,2,0,0,0,1,3,1,0,0,0,0,2,0,0,0,3,0,0,3,0,0,0,0,4,0,1,0,0,0,0,0,0,1,0,0,2,0,2,0,0,3,5,0,0,0,0,0,0,0,0,2,0,0,1,0,0,0,0,0,0,0,0,3,0,0,2,0,0,0,0,0,0,0,0,0,0,2,0,0,0,0,0,0,0,0,0,0,0,0,0,0,0,1,0,1,0,0,0,1,1,0,0,0,0,4,0,0,2,1,3,0,0,2,0,6,0,0,0,0,0,0,0,1,1,0,0,0,0,4,0,2,0,0,0,3,0,0,6,1,0,0,0,1,2,3,2,0,0,0,0,7,0,0,4,1,0,0,0,1,0,0,0,0,0,2,0,2,0,0,0,3,0,0,0,0,0,0,0,2,3,0,0,0,0,0,0,3,0,1,0,0,0,0,0,0,0,0,0,2,1,0,0,0,0,1,1,0,5,0,0,2,0,0,0,0,0,3,0,0,0,0,1,0
0,0,0,0,0,0,0,0,1,1,0,0,0,0,0,0,0,0,0,0,0,0,0,0,0,0,1,0,0,0,0,0,0,1,0,0,0,0,0,0,0,0,0,0,1,0,0,0,0,0,0,0,0,0,0,0,0,0,0,0,2,0,0,0,0,0,0,0,0,0,0,2,0,0,0,0,1,0,0,1,0,0,0,0,0,0,0,0,0,0,1,1,0,0,0,0,0,0,0,0,1,0,0,0,0,0,0,0,1,0,1,0,0,0,0,0,0,1,1,0,0,0,0,0,0,0,0,1,0,0,1,0,0,0,0,0,0,0,1,0,0,0,0,0,0,0,0,0,0,0,0,0,0,1,0,0,0,1,0,0,0,0,0,0,0,0,0,0,0,0,0,0,0,0,1,0,0,0,0,0,1,0,0,0,0,0,0,0,0,0,0,0,0,1,0,0,0,1,0,0,0,0,1,0,0,0,0,0,0,0,0,1,0,0,0,0,0,0,0,0,0,0,0,0,1,0,0,0,0,0,0,3,0,0,0,0,0,1,0,0,0,1,0,0,0,0,0,0,0,1,0,0,0,0,0,0,0,0,0,1,0,0,0,0,0,0,0,0,0,0
8,0,0,0,0,0,0,6,5,0,0,0,4,0,0,0,0,0,0,10,0,5,0,0,4,0,5,0,0,0,0,2,0,0,1,0,0,0,0,0,4,0,0,0,3,4,0,0,0,0,0,0,0,0,0,0,0,0,4,0,0,3,0,0,2,0,0,0,0,0,0,6,0,0,0,0,5,0,0,0,0,0,1,0,0,0,0,0,8,0,0,0,0,0,0,0,0,0,0,0,3,0,0,0,0,0,1,0,0,0,0,4,0,0,0,0,0,0,0,0,5,0,5,0,0,0,2,0,0,8,0,0,2,0,0,6,0,0,0,0,0,0,0,0,0,0,0,0,0,0,0,6,0,0,0,6,0,0,0,0,0,0,0,4,0,0,0,0,0,0,0,0,0,0,5,0,0,0,0,0,0,0,0,0,0,4,0,0,0,0,7,0,0,0,0,0,4,2,0,3,0,7,0,0,0,0,0,0,0,0,0,0,0,0,0,3,0,4,0,5,0,0,0,6,0,2,0,0,0,0,0,6,0,0,0,0,0,0,0,0,0,0,0,0,5,6,4,0,0,0,0,0,0,0,0,0,0,0,0,3,0,0,0,0,0,15,0,0,5,1
0,0,0,0,0,0,0,0,0,0,0,0,0,0,0,0,0,0,0,0,0,0,0,0,0,0,0,0,0,0,1,0,0,0,0,0,0,1,0,0,0,0,0,0,0,0,1,0,0,0,0,0,0,0,0,0,0,0,0,1,0,0,1,0,0,0,0,0,0,0,0,0,0,0,0,0,0,0,0,0,0,0,0,0,0,0,0,0,0,0,0,0,0,0,0,0,0,1,0,0,0,0,0,0,0,0,0,0,0,0,0,0,0,0,0,0,0,1,0,0,0,1,0,0,0,1,1,0,0,0,0,0,0,0,1,0,0,0,0,0,0,0,0,0,0,1,0,1,0,0,0,0,0,0,0,0,0,0,0,0,0,0,0,1,0,0,0,0,0,0,0,0,0,1,0,0,0,0,0,0,0,0,0,0,0,0,0,0,1,0,1,0,0,0,1,0,0,1,0,0,0,0,0,0,0,0,1,0,0,0,0,0,0,0,0,0,0,0,0,0,1,0,0,0,0,0,0,0,0,0,0,0,0,0,1,0,0,0,0,0,0,0,1,0,0,0,0,1,0,0,0,0,0,0,0,1,0,0,0,0,0,0,0,0,0,0,0,0,0,0
0,0,0,0,3,0,0,0,0,0,0,0,0,6,0,0,0,0,0,0,0,0,0,0,1,0,0,0,0,7,3,0,0,0,0,0,0,0,3,0,0,4,0,0,0,0,0,0,0,0,0,0,0,0,3,0,5,8,0,2,0,0,6,5,0,0,0,0,6,0,0,0,0,0,0,0,0,0,0,0,5,0,0,0,0,0,5,5,0,3,0,0,0,0,0,0,6,9,0,5,0,0,0,1,0,0,0,0,0,5,0,0,0,0,0,0,4,0,0,0,0,0,0,0,0,0,0,0,0,0,0,0,0,0,6,5,0,0,0,0,0,0,0,0,2,0,0,0,0,0,0,0,0,0,0,0,5,0,0,2,0,0,4,3,0,0,0,3,0,0,0,0,0,0,1,0,0,3,0,0,0,0,0,0,0,0,0,0,0,0,0,0,0,0,0,0,0,0,0,0,0,0,0,0,0,0,0,2,0,0,0,0,0,0,4,0,0,8,0,0,3,0,0,0,3,0,0,0,0,0,0,0,9,0,0,4,8,0,0,0,0,0,0,0,0,1,0,0,0,0,6,0,6,0,7,0,0,0,0,0,0,0,0,6,0,0,0,5,0,0
0,4,0,3,5,4,7,0,0,0,0,0,0,0,10,0,12,0,0,4,0,0,0,0,0,3,12,1,0,9,4,0,0,2,0,2,0,20,0,10,0,0,0,0,6,0,0,0,0,0,0,0,0,9,0,14,0,3,0,2,0,0,0,5,3,0,0,0,0,0,5,0,0,0,0,0,0,5,11,0,0,2,0,3,0,0,0,0,5,8,0,0,0,0,0,10,7,0,0,0,0,0,17,0,0,0,0,0,4,20,0,7,0,0,0,6,0,0,0,0,3,0,0,0,0,6,0,0,0,0,0,0,0,0,0,1,6,0,0,0,0,0,13,0,0,0,0,0,0,9,0,5,0,0,0,0,0,0,0,5,0,0,0,10,3,0,0,0,0,2,0,4,0,0,0,27,0,0,0,0,0,0,0,0,0,0,0,6,0,0,0,0,3,0,0,8,0,0,0,0,0,0,0,0,3,0,0,0,4,0,0,5,0,0,0,0,0,0,0,0,0,0,0,0,0,0,0,11,7,0,0,7,0,0,0,0,0,0,0,0,0,0,0,1,0,0,0,0,0,0,0,0,13,0,0,0,8,0,0,0,0,0,6,6,0,6,0,0,0,0
2,12,0,0,0,0,0,0,0,0,6,0,0,0,0,0,0,0,0,0,0,0,0,0,0,0,0,0,0,0,0,11,0,0,0,0,0,9,0,0,5,0,0,0,0,0,0,0,0,0,0,0,0,0,0,0,0,0,0,0,0,0,0,7,0,0,0,0,0,6,0,0,0,0,2,0,0,0,3,0,0,14,19,0,0,0,6,0,0,0,0,0,0,0,0,0,0,0,0,3,0,0,0,0,0,0,5,0,0,0,0,8,0,3,0,0,0,7,0,0,2,0,0,0,6,0,0,1,0,0,0,3,0,1,0,0,0,0,6,0,0,0,0,0,0,0,0,0,0,0,0,14,0,0,6,0,0,2,0,0,4,0,0,0,0,1,0,13,0,0,0,0,0,0,0,0,9,0,0,0,0,0,0,0,0,0,0,0,0,0,5,0,0,0,1,0,4,0,0,6,0,0,0,0,0,0,0,0,0,0,0,0,5,0,3,0,0,0,0,0,0,9,0,0,0,0,0,0,0,0,0,0,0,0,0,0,0,0,0,0,0,0,0,0,0,0,0,0,6,0,0,0,0,0,0,4,4,0,0,0,4,5,0,0,4,1,0,0,0,0
0,0,0,0,0,0,0,0,0,0,0,0,0,0,0,0,0,0,0,0,0,0,0,0,0,0,0,0,0,0,0,0,0,0,0,0,0,0,0,0,0,0,0,0,0,0,0,0,0,0,0,0,0,0,0,0,0,0,0,0,0,0,0,0,0,0,0,0,0,0,0,0,0,0,0,0,0,0,0,0,0,0,0,0,0,0,0,0,0,0,0,0,0,0,0,0,0,0,0,0,0,0,0,0,0,0,0,0,0,0,0,0,0,0,0,0,0,0,0,0,0,0,0,0,0,0,0,0,0,0,0,0,0,0,0,0,0,0,0,0,0,0,0,0,0,0,0,0,0,0,0,0,0,0,0,0,0,0,0,0,0,0,0,0,0,0,0,0,0,0,0,0,0,0,0,0,0,0,0,0,0,0,0,0,0,0,0,0,0,0,0,0,0,0,0,0,0,0,0,0,0,0,0,0,0,0,0,0,0,0,0,0,0,0,0,0,0,0,0,0,0,0,0,0,0,0,0,0,0,0,0,0,0,0,0,0,0,0,0,0,0,0,0,0,0,0,0,0,0,0,0,0,0,0,0,0,0,0,0,0,0,0,0,0,0,0,0,0,0,0
3,12,2,0,5,6,0,3,27,0,8,3,8,7,3,1,0,3,15,0,5,5,0,8,1,0,0,0,4,5,3,5,5,7,0,10,0,3,4,11,8,5,3,0,7,1,7,0,3,7,3,0,4,2,4,2,3,0,8,0,5,4,22,10,4,6,14,2,2,0,1,0,4,0,13,3,2,2,0,2,8,6,0,6,3,2,0,0,6,8,0,4,1,7,7,3,5,5,8,8,6,1,5,2,0,2,2,3,6,7,9,4,6,9,6,1,4,13,2,1,5,2,7,2,0,1,4,6,0,0,8,1,6,4,17,24,7,6,7,0,2,8,0,2,12,3,3,0,2,0,6,9,4,2,2,2,8,12,4,5,0,6,10,2,1,0,3,0,4,1,1,10,4,2,0,0,3,0,11,2,3,9,12,5,3,4,2,0,3,0,1,2,16,0,7,2,1,1,0,3,0,9,5,8,13,2,4,0,2,3,7,3,3,4,9,0,3,2,0,2,0,6,1,3,10,0,0,5,4,0,3,0,0,3,7,0,0,0,0,10,6,3,0,0,2,0,3,0,20,0,11,0,1,0,2,0,2,6,0,3,3,2,0,0,0,5,0,0,3,2
1,3,0,0,0,0,2,2,3,5,0,0,0,0,0,0,0,0,0,0,0,3,1,0,0,0,0,0,1,0,0,9,0,0,0,0,0,0,0,0,0,1,0,0,2,0,0,3,0,1,0,2,3,0,0,0,0,0,0,0,0,0,0,0,0,0,2,0,0,0,2,0,0,0,0,0,0,11,0,0,0,0,0,0,0,0,0,0,0,0,0,0,0,0,0,0,0,0,0,2,0,0,0,0,1,0,0,2,0,4,0,0,0,0,0,2,0,0,0,0,0,0,0,0,0,2,0,2,0,0,0,0,0,0,0,1,0,0,0,0,2,0,0,0,0,0,2,1,0,3,0,0,0,0,0,0,0,0,0,0,0,0,0,0,0,0,0,0,0,2,0,7,0,2,3,0,0,0,0,0,0,0,0,0,0,2,0,0,0,0,0,0,0,0,0,0,0,0,0,0,2,3,0,0,0,0,0,0,0,0,0,0,0,0,0,0,0,0,0,0,0,0,0,1,0,0,0,0,0,0,0,0,0,0,0,0,0,0,0,3,0,0,0,0,0,0,2,2,3,0,0,0,0,0,0,1,0,2,0,0,0,0,0,2,2,0,0,0,0,0
0,0,0,0,0,4,0,1,0,0,0,0,0,0,0,4,0,0,2,0,0,0,3,0,0,0,0,0,0,0,0,0,0,0,0,0,0,0,0,0,0,2,0,0,2,0,0,0,0,0,0,0,0,0,0,0,2,0,0,0,0,0,0,0,0,0,1,2,0,0,0,0,1,0,0,0,0,0,0,2,0,0,8,0,0,4,0,0,0,0,0,0,0,0,0,1,0,0,0,0,0,0,2,0,0,2,0,0,1,1,0,0,0,0,0,0,0,0,5,0,0,0,1,5,2,0,0,0,0,0,0,0,0,0,0,5,0,0,0,0,0,0,0,0,0,0,0,0,0,3,1,0,0,0,0,0,0,0,0,0,0,0,0,7,0,0,0,0,0,0,0,0,0,0,1,0,0,2,0,0,0,0,6,0,0,0,2,0,0,0,0,0,0,0,0,0,0,0,3,0,0,0,0,0,0,0,0,0,0,0,0,0,0,0,0,0,0,0,0,2,2,0,0,0,1,0,0,0,0,0,0,0,0,0,0,2,0,0,0,0,0,0,2,0,0,0,0,0,0,1,0,2,0,0,0,4,0,0,0,0,3,2,2,0,0,5,5,0,2,2
77,96,0,77,33,2,2,8,25,22,39,10,54,62,67,26,13,29,21,51,57,22,0,0,6,1,19,15,25,78,26,5,72,21,42,56,42,7,81,19,30,24,48,22,12,6,73,4,63,24,93,44,13,25,8,9,39,100,37,8,10,20,54,6,0,6,0,34,0,1,39,11,0,50,2,14,37,47,7,19,21,0,16,19,11,10,6,0,0,19,33,25,35,27,7,2,66,22,37,26,22,0,14,10,0,0,3,27,21,0,5,72,5,30,69,14,41,0,44,13,0,0,7,13,0,18,8,15,16,0,19,14,0,19,0,12,7,0,12,7,4,0,1,22,0,0,3,15,24,0,25,0,0,3,8,0,0,16,16,7,15,0,22,48,2,15,0,0,13,17,0,9,0,29,0,0,0,1,0,15,10,0,20,21,14,5,0,0,0,22,12,0,9,16,43,28,30,0,20,40,8,0,14,20,19,40,54,14,14,8,19,0,0,9,16,0,22,0,0,8,4,20,0,0,25,12,5,8,0,21,2,13,8,14,12,0,15,37,36,20,23,9,33,0,12,17,20,0,11,19,13,8,0,9,7,3,5,12,0,9,10,0,1,16,0,13,32,23,14,18
0,0,0,0,0,0,0,0,0,0,0,0,0,0,0,0,0,0,0,0,0,1,0,0,3,3,0,0,0,0,0,0,0,0,0,0,1,2,0,0,0,0,0,2,2,0,0,0,0,2,0,0,0,0,0,0,0,0,0,0,0,0,0,0,0,0,0,0,0,0,0,0,0,0,0,0,0,2,0,1,0,0,3,0,0,0,0,0,0,0,0,0,0,0,1,0,0,0,0,0,0,0,0,0,0,4,0,1,0,0,1,0,0,0,0,0,0,0,2,0,0,0,2,0,0,0,0,0,0,0,0,0,0,0,0,0,0,0,0,0,0,0,0,0,0,0,0,1,0,0,0,3,0,0,0,7,0,0,0,0,0,3,0,0,0,2,0,0,3,0,0,0,0,0,0,0,2,2,0,0,0,3,0,0,3,0,0,0,0,0,0,0,0,0,0,0,0,0,0,0,0,4,0,0,0,0,0,0,0,0,0,0,0,0,0,0,0,2,7,0,0,0,0,0,0,0,0,2,2,0,0,1,0,0,0,1,0,2,0,3,0,2,2,0,0,0,2,0,0,0,0,0,0,0,2,0,0,0,0,0,2,0,0,1,1,0,0,0,6,2
0,0,0,8,0,0,6,0,0,0,0,0,0,0,0,0,0,0,0,0,0,0,0,0,0,0,0,0,0,0,0,0,0,0,0,0,0,0,0,0,0,0,0,0,7,0,0,0,0,11,0,0,0,3,0,0,0,0,2,0,15,0,7,0,0,6,0,0,0,0,0,0,0,0,15,0,5,0,0,0,0,0,0,3,0,0,0,0,0,0,0,0,0,11,0,0,0,0,0,0,20,14,0,0,0,0,4,0,0,4,10,0,0,0,0,9,0,0,16,0,0,0,0,0,0,3,10,13,15,7,0,10,0,0,0,0,0,0,0,0,0,0,0,0,15,0,16,0,0,0,0,0,0,0,0,2,0,0,0,0,0,6,0,0,0,0,8,0,0,0,0,0,10,0,0,0,0,0,0,0,0,0,0,0,0,0,0,14,0,0,0,0,0,0,7,0,0,0,0,8,0,0,3,0,0,0,0,0,13,0,0,0,0,0,0,8,0,0,8,0,0,0,7,10,0,7,0,0,0,0,0,10,0,0,0,0,0,11,21,0,0,0,0,0,6,0,0,0,0,0,0,0,0,0,0,0,12,0,0,0,7,0,0,0,0,0,0,17,0,0
2,1,0,1,0,0,0,1,1,0,0,0,0,0,1,0,1,1,2,0,0,2,1,1,1,0,0,0,0,0,0,0,0,0,2,1,0,0,0,1,0,0,0,1,0,0,2,0,1,0,0,1,0,0,0,0,0,0,0,0,0,1,0,1,0,1,1,1,0,1,2,0,0,1,1,0,3,1,0,0,0,0,0,0,0,0,0,0,0,3,0,0,1,0,1,1,1,1,0,0,1,0,1,0,1,0,1,0,0,0,3,0,0,0,1,0,1,1,0,1,1,1,0,0,0,2,2,0,1,0,1,0,1,2,0,1,0,0,0,1,2,0,0,1,1,0,0,3,1,0,1,1,0,0,0,0,0,0,1,0,0,0,1,1,0,0,0,0,0,1,0,3,1,1,0,0,0,0,1,0,0,0,1,0,2,0,3,0,1,1,0,0,0,0,1,1,0,0,1,1,1,0,0,2,0,0,0,0,0,2,0,0,0,1,0,0,1,0,0,0,1,1,0,0,1,0,0,1,0,0,0,0,0,0,1,0,0,1,0,0,0,0,4,0,1,0,0,1,0,0,0,1,0,0,0,0,0,0,0,0,0,0,0,0,0,0,0,0,0,0
0,0,0,0,0,0,0,1,0,0,0,0,0,0,0,0,0,0,0,0,1,0,0,0,1,0,0,0,0,0,0,0,0,0,0,0,0,0,0,0,0,0,0,0,0,0,0,0,0,0,0,0,0,0,0,0,0,0,0,0,0,0,0,0,0,0,0,0,0,0,0,0,0,0,0,0,0,0,0,0,0,0,0,0,0,0,0,0,0,0,0,0,0,0,0,0,0,0,0,0,0,0,0,0,0,0,0,0,0,0,0,0,0,0,0,1,0,0,0,0,0,0,0,0,0,0,0,0,0,0,0,0,0,0,0,0,0,0,0,0,0,0,0,0,0,0,0,0,0,0,0,0,0,0,0,0,0,0,0,0,0,0,0,0,0,0,0,0,0,0,0,0,0,0,1,0,0,0,0,0,0,0,0,0,0,0,0,0,0,0,0,0,0,0,0,0,0,0,0,0,0,0,0,0,0,0,0,0,0,1,0,0,0,0,1,0,0,0,0,0,0,0,0,0,0,0,0,0,0,0,0,0,0,0,0,0,0,0,0,0,0,0,0,0,0,0,0,0,0,0,0,0,0,0,0,0,0,0,0,0,0,0,0,0,0,0,0,0,0,0
0,0,0,0,0,0,0,0,1,0,0,0,0,0,0,0,0,0,0,0,0,0,0,0,0,0,0,0,0,0,0,0,0,0,0,0,0,0,0,0,0,0,0,0,0,0,0,0,0,0,0,1,0,0,0,0,0,0,0,0,0,0,0,0,0,0,0,0,0,0,0,0,1,0,0,0,0,0,0,0,0,0,0,0,0,0,0,0,1,0,0,0,0,0,0,0,0,0,0,0,0,0,0,0,0,0,0,0,0,0,0,0,0,0,0,0,0,0,0,0,0,0,0,0,0,0,0,0,0,0,0,0,0,0,0,0,0,0,0,0,0,0,0,0,0,0,0,0,0,0,0,0,0,0,0,0,0,0,0,0,0,0,0,0,0,0,0,0,0,0,0,0,0,0,0,0,0,0,0,0,0,0,0,0,0,0,0,0,0,0,0,0,0,0,0,0,0,0,0,0,0,0,0,0,0,0,0,0,0,0,0,0,0,0,0,0,0,0,0,0,0,0,0,0,0,0,0,0,0,0,0,0,0,0,0,0,0,0,0,0,0,0,0,0,0,0,0,0,0,0,0,0,0,0,0,0,0,0,0,0,0,0,0,0,0,0,0,0,0,0
0,0,0,1,3,0,3,1,0,1,1,1,1,1,3,2,2,1,0,0,0,0,0,1,0,1,3,0,0,4,2,1,1,0,0,1,1,2,0,1,0,0,0,0,0,3,0,3,1,1,0,1,6,5,1,0,0,1,0,1,0,2,1,0,1,1,1,3,3,1,0,0,0,0,0,6,1,0,2,0,0,5,3,1,0,0,0,2,0,0,1,0,3,0,4,0,1,9,0,0,0,7,0,3,1,2,0,0,4,0,1,0,4,0,1,3,0,0,3,0,0,0,5,2,0,5,0,1,3,1,1,0,0,2,1,1,0,0,2,0,0,0,0,2,2,0,1,1,1,0,2,4,2,1,1,1,0,1,0,5,0,0,2,0,1,3,1,0,1,3,0,2,3,0,0,0,2,0,3,1,1,0,2,2,0,0,1,0,0,1,2,0,1,10,5,0,1,0,2,0,2,0,1,1,1,1,2,2,0,3,0,0,6,0,0,0,0,0,1,2,0,2,0,0,0,1,0,1,0,0,0,0,0,2,0,0,0,0,0,2,2,0,2,0,0,3,0,1,0,2,2,0,0,2,1,0,2,2,1,2,3,2,2,0,2,1,6,0,2,0
0,0,0,0,0,3,0,0,0,0,0,1,0,0,0,0,0,0,0,0,0,1,0,1,0,0,0,0,1,0,0,0,0,0,0,0,0,0,0,0,0,1,0,0,0,0,0,0,0,0,0,0,0,0,0,0,0,0,0,0,1,0,1,0,0,0,0,0,1,0,0,0,0,0,0,0,0,0,0,0,0,0,1,0,0,0,0,0,0,0,1,0,0,2,0,0,0,0,0,0,1,0,0,1,0,0,1,0,1,0,1,0,0,0,0,0,1,0,1,0,0,0,0,0,0,0,0,0,1,0,0,0,1,0,0,0,0,0,0,0,1,0,0,0,0,0,1,0,2,1,0,0,2,0,3,0,0,0,0,0,2,0,0,0,0,0,1,0,1,0,0,0,0,1,0,0,0,0,0,0,0,0,1,0,0,0,1,1,0,2,0,0,1,0,0,0,0,0,1,0,0,0,0,1,1,0,0,0,1,1,0,0,0,0,0,0,0,0,1,0,0,0,0,1,2,1,0,0,0,0,0,0,3,0,0,0,0,0,0,0,0,0,0,0,0,0,0,0,1,1,0,1,0,0,0,0,0,0,0,0,1,0,0,0,0,1,1,0,0,0
0,0,0,0,0,3,0,0,3,5,0,1,0,2,2,2,1,0,1,0,0,0,0,0,0,1,3,1,1,1,0,1,0,0,0,0,0,0,3,0,0,0,0,0,0,0,1,0,0,2,1,0,0,0,0,4,0,0,0,0,0,3,0,1,0,0,0,0,0,0,0,0,0,1,2,1,0,0,2,0,1,0,2,0,0,0,0,2,0,0,2,0,0,0,0,0,0,4,2,0,2,1,0,2,4,0,0,0,3,0,0,2,0,2,0,3,2,0,2,0,2,0,0,0,7,3,5,0,2,0,1,0,0,1,0,1,1,0,0,2,0,0,0,0,3,0,0,0,0,0,0,2,3,0,8,0,0,2,0,1,4,0,1,0,3,0,0,1,3,0,0,0,0,0,6,2,0,0,0,0,0,0,0,0,3,2,5,2,2,1,4,0,1,0,0,2,0,0,0,0,7,0,0,0,3,0,1,0,0,0,0,0,0,1,2,0,0,0,0,0,0,0,0,0,4,0,2,3,0,0,0,2,1,0,3,3,0,2,0,1,1,0,0,0,2,0,0,0,5,0,1,1,0,0,1,0,0,2,2,3,0,0,0,4,0,0,7,3,3,0
0,0,0,0,0,0,0,0,0,0,0,0,0,0,0,0,0,1,0,0,0,1,0,0,0,0,0,0,0,1,0,0,0,1,0,0,0,0,0,0,2,0,0,0,0,0,2,0,2,0,2,0,0,0,1,0,0,0,1,0,0,1,0,2,0,0,0,0,0,0,0,0,0,1,0,0,2,1,0,0,1,2,0,0,0,0,0,0,0,0,0,0,0,0,0,0,0,1,0,0,0,0,0,1,0,0,1,0,0,0,0,0,0,0,0,1,0,0,0,0,1,0,0,0,0,0,0,0,0,0,0,0,1,0,0,0,0,0,0,0,0,0,2,0,0,0,1,0,0,0,0,0,0,0,0,0,0,1,0,0,0,0,0,0,0,0,0,0,2,0,0,0,0,0,0,0,0,0,0,2,0,0,0,0,0,0,0,0,0,0,0,2,0,0,1,0,0,0,2,0,2,0,0,0,0,0,0,1,0,0,0,0,0,0,0,0,0,0,0,1,2,0,0,0,0,1,0,2,0,0,1,2,0,2,0,0,0,1,0,0,0,0,0,0,0,0,2,0,1,0,0,0,1,2,0,0,0,0,0,0,0,0,0,0,1,0,0,0,0,0
0,1,0,0,0,0,0,0,0,0,1,0,0,0,0,0,0,0,1,0,0,0,0,0,0,0,0,0,0,0,0,0,0,0,0,0,0,0,0,1,0,1,0,1,1,0,0,0,2,0,0,0,0,0,1,0,1,1,0,0,0,0,0,6,0,0,0,0,0,2,0,0,0,0,0,0,0,0,0,0,0,0,0,0,1,0,0,0,0,0,0,0,0,0,0,0,0,1,0,0,0,0,0,0,0,0,0,0,0,0,1,0,0,2,1,3,0,0,1,1,3,0,0,0,0,0,2,1,0,0,0,0,1,0,0,1,0,0,0,0,0,0,0,1,0,0,0,3,0,2,1,1,1,3,2,0,1,0,3,0,0,0,2,0,0,1,1,0,0,0,1,0,1,2,0,0,0,0,1,0,0,0,0,0,1,0,0,0,0,0,1,0,0,1,0,0,1,0,1,0,0,0,0,0,0,0,2,0,0,0,0,0,0,0,0,0,0,0,0,1,0,0,0,0,0,0,0,0,0,1,0,0,0,0,1,0,0,0,2,0,0,0,0,1,0,0,0,0,0,0,0,0,1,0,0,0,0,0,0,2,1,0,0,0,3,0,0,0,0,0
0,0,2,1,2,0,1,0,0,0,0,0,0,0,0,0,0,1,1,0,0,1,0,1,0,0,0,0,0,0,0,0,0,0,1,0,0,0,0,0,1,0,0,1,0,1,0,0,1,0,0,1,1,1,0,0,0,0,0,0,0,1,0,0,0,0,0,1,0,1,0,0,0,0,0,0,0,0,0,1,0,0,0,0,0,1,0,0,1,0,0,0,0,0,0,0,0,0,0,0,1,2,1,0,0,0,1,1,0,0,0,0,2,0,0,0,0,2,1,0,0,0,0,0,0,0,0,0,0,0,0,0,0,0,0,0,0,0,1,0,0,0,1,0,1,0,0,0,0,2,0,0,0,0,0,0,1,0,0,0,0,0,0,0,0,0,0,0,0,0,0,1,0,0,0,0,0,0,0,0,0,0,0,0,0,0,0,1,0,0,1,0,0,0,0,1,0,1,0,0,0,0,0,0,2,0,0,0,1,2,0,0,1,1,1,1,0,1,0,0,1,1,0,0,0,0,0,0,0,0,0,0,1,0,0,0,0,1,0,0,1,0,0,0,0,1,0,0,0,0,0,1,0,0,0,0,0,0,0,0,1,0,0,1,0,0,0,1,0,0
1,0,5,0,0,1,0,0,0,4,5,0,11,0,0,1,0,0,0,0,1,1,1,1,0,1,2,0,5,1,1,0,0,0,0,9,0,0,2,2,6,1,5,1,0,0,3,4,3,4,7,0,0,2,0,2,9,1,4,2,0,0,0,1,0,0,0,2,0,0,2,1,0,7,0,0,0,2,0,0,0,0,0,0,0,1,0,0,0,0,1,0,0,0,2,0,0,0,0,0,0,0,0,0,0,0,0,0,0,0,0,0,0,0,0,0,0,3,4,0,0,0,0,0,2,0,0,0,3,1,6,2,1,0,1,2,0,0,0,0,0,0,0,3,4,0,0,0,1,0,0,0,1,1,0,2,1,1,1,1,0,0,1,1,0,3,2,0,1,2,0,1,0,3,0,0,0,0,1,3,0,2,1,0,0,0,0,2,0,0,0,0,0,4,0,0,0,0,1,0,0,1,4,1,0,1,4,0,0,0,0,0,0,0,0,1,0,0,0,0,0,0,0,0,2,1,4,1,0,1,0,0,1,0,1,2,2,0,4,0,0,0,0,2,0,0,4,0,2,0,0,2,3,0,1,0,3,0,0,2,0,0,0,1,0,0,0,0,1,0
0,0,0,0,0,0,0,0,3,4,0,3,1,0,0,0,0,0,0,0,0,0,0,0,0,2,0,0,0,1,4,0,1,2,0,0,3,0,0,0,0,0,1,0,0,0,0,2,0,0,0,0,0,0,0,0,0,0,0,0,0,0,0,0,2,0,0,0,0,3,0,0,1,0,0,0,0,0,0,0,0,0,0,0,0,0,0,0,0,0,0,0,0,0,0,0,0,0,0,0,0,0,0,0,0,0,0,0,0,0,0,0,0,6,0,0,0,0,0,0,0,0,0,0,0,0,0,0,0,0,0,0,0,0,0,0,3,0,0,0,0,0,0,0,0,0,0,3,0,0,1,0,1,3,0,0,0,0,0,0,0,3,0,0,0,0,0,0,1,0,0,0,0,0,0,0,1,0,0,0,1,0,0,0,0,0,0,0,0,0,0,0,0,0,0,0,0,0,0,0,0,0,0,0,0,2,0,0,0,0,0,0,0,0,0,0,4,0,0,0,0,0,0,0,0,0,0,0,0,0,0,0,0,0,0,0,0,0,0,0,0,0,0,1,0,0,0,2,0,0,0,0,0,0,0,0,0,0,0,0,0,0,4,0,6,3,0,0,2,0
0,31,0,0,0,6,0,5,6,0,0,36,0,0,0,0,0,0,18,0,0,0,0,0,0,0,0,0,0,0,36,0,0,15,0,0,0,0,0,0,0,0,0,0,75,8,0,0,0,10,0,19,0,34,0,0,0,0,0,0,15,0,21,0,3,0,8,0,0,0,5,0,0,0,0,0,8,0,0,0,0,0,0,0,0,0,0,0,0,0,0,0,0,0,0,0,0,0,0,0,0,0,0,0,0,0,6,0,0,5,0,0,0,0,0,0,0,0,0,0,0,0,0,0,15,2,15,0,0,0,0,0,0,0,13,0,0,11,0,29,0,0,14,9,0,0,0,0,0,14,3,0,7,0,15,0,0,15,14,0,0,0,0,6,0,0,0,0,0,13,0,0,0,0,0,20,0,0,0,5,0,0,0,0,0,4,40,0,0,0,0,0,0,0,0,0,0,0,0,0,0,0,0,0,0,12,0,25,0,0,0,0,0,0,0,0,0,0,0,0,22,7,0,0,0,0,0,0,22,0,0,0,0,0,0,0,2,0,0,0,0,0,7,0,6,0,0,0,0,0,0,0,17,0,0,0,0,0,23,0,14,6,0,0,0,0,0,0,0,29
0,0,0,20,0,14,7,29,0,41,0,0,22,15,0,0,14,9,11,12,0,41,0,0,0,38,16,0,43,1,0,0,19,0,23,9,0,0,32,30,0,0,13,9,0,0,32,0,2,14,0,0,11,0,27,0,13,20,33,9,0,0,0,0,0,15,0,0,0,0,11,0,0,6,0,0,33,9,0,0,37,0,0,0,18,0,0,0,0,0,17,24,67,12,27,0,37,0,16,39,39,0,12,11,8,0,8,0,18,0,7,0,0,17,0,29,0,17,67,31,13,6,0,34,0,7,0,19,0,0,9,0,0,13,0,22,5,0,11,0,0,0,0,47,0,0,0,0,0,0,0,0,11,0,18,0,0,0,0,0,0,0,0,0,0,0,30,0,0,0,0,11,19,20,0,0,0,0,40,0,0,0,0,0,4,7,0,24,0,0,0,0,0,0,0,0,24,0,0,11,0,0,13,4,5,0,0,0,0,0,0,0,0,0,0,0,0,0,0,0,0,0,0,31,0,0,0,0,0,0,13,0,0,0,0,0,17,0,0,0,0,0,0,6,6,0,0,0,0,0,0,7,0,0,37,0,0,0,6,11,1,0,0,0,18,0,0,9,0,0
0,0,0,0,0,1,0,0,0,0,0,0,0,0,0,0,0,0,0,0,0,0,0,0,0,0,0,0,0,0,0,0,0,0,0,0,0,0,0,0,0,0,0,0,0,0,0,0,0,0,0,0,0,0,0,0,0,0,0,0,0,0,0,0,0,0,1,0,0,0,0,0,0,0,0,0,0,0,0,0,0,0,0,0,0,0,0,0,0,1,0,0,0,1,0,0,0,0,0,0,0,0,0,0,0,0,0,0,1,0,0,1,0,0,0,0,1,0,0,0,0,0,0,0,0,0,0,0,0,0,0,0,0,0,0,0,1,0,0,0,0,0,0,0,0,0,0,0,0,0,0,0,0,0,0,0,0,0,1,0,0,0,0,0,0,0,0,0,0,0,0,0,0,0,0,0,0,0,0,0,0,0,0,0,0,0,0,0,0,0,0,0,0,0,0,0,0,0,0,0,0,0,0,0,0,0,0,0,0,0,0,0,0,0,0,0,0,0,0,0,0,0,0,0,0,0,0,0,0,0,0,0,0,0,0,0,0,0,0,0,0,0,0,0,0,0,0,0,0,0,0,0,0,0,0,0,0,0,0,0,0,0,0,0,0,0,0,0,0,0
0,0,0,0,0,0,1,0,0,0,1,0,1,0,0,1,0,0,0,1,0,0,0,0,0,1,0,1,0,0,0,0,1,0,0,0,0,0,0,0,0,0,0,0,0,0,0,0,0,0,0,0,0,0,0,0,0,0,1,0,0,0,0,0,0,0,0,0,0,0,0,1,1,0,0,1,0,0,0,0,0,0,0,1,0,0,0,0,0,1,0,0,3,0,1,0,0,0,0,0,0,0,0,0,0,1,0,0,0,0,0,0,0,0,1,0,0,0,0,0,0,0,0,0,0,0,0,0,0,0,0,0,0,0,0,0,0,0,0,0,0,0,0,0,0,0,0,0,0,0,0,0,0,0,1,1,0,0,0,0,0,1,0,0,0,0,0,0,1,0,0,0,0,0,0,0,0,0,1,0,1,0,0,0,0,0,0,1,0,0,0,0,0,0,0,0,0,0,0,0,0,0,0,0,1,0,0,0,0,1,0,0,0,0,1,0,0,0,0,0,0,0,0,0,0,0,0,0,0,0,0,0,0,2,0,0,0,0,0,0,0,0,0,0,1,0,0,0,0,0,0,0,0,1,0,0,0,0,0,0,0,0,1,0,1,0,0,0,0,0
0,0,0,9,0,2,0,0,0,0,0,0,6,0,0,0,0,0,0,0,8,0,0,6,0,3,0,5,0,0,0,0,0,0,2,4,0,0,0,0,0,0,0,0,9,0,0,0,0,12,0,0,0,0,0,0,0,0,0,0,0,0,0,0,0,0,0,0,0,0,7,0,0,0,0,0,0,0,0,0,17,0,7,0,0,0,0,0,0,0,5,0,20,0,0,4,0,0,12,0,9,0,0,9,0,0,0,0,0,0,0,0,0,0,0,0,0,3,0,0,10,0,0,0,6,0,0,0,10,0,6,4,0,0,11,0,0,0,0,0,0,0,0,0,0,0,0,0,1,8,0,0,0,6,0,0,0,16,0,0,7,21,0,0,0,0,0,11,10,0,0,0,0,0,0,0,13,0,0,0,0,0,6,0,5,6,0,2,0,9,5,0,0,12,0,0,0,0,0,0,0,0,0,21,0,0,0,0,0,0,40,0,0,0,0,0,0,9,5,0,7,0,0,4,20,0,0,0,7,0,0,0,2,0,0,0,0,0,0,12,0,0,0,0,5,0,0,0,0,7,0,0,15,0,0,0,0,0,0,4,0,0,0,0,12,0,0,0,3,0
0,0,0,0,0,0,0,2,0,0,0,0,0,0,0,0,0,0,3,0,0,0,0,0,0,0,3,0,0,0,0,0,0,0,0,0,0,0,0,0,0,0,0,0,0,0,2,2,0,0,0,0,4,0,0,3,0,0,0,0,0,0,0,0,0,2,0,1,0,0,0,2,0,0,0,0,0,0,0,0,6,0,1,0,0,0,0,4,7,0,2,0,0,0,0,0,0,0,0,0,0,1,0,0,0,0,0,0,0,0,0,1,0,0,0,0,0,0,8,0,0,3,0,0,0,5,0,2,0,0,0,0,0,0,0,0,0,4,3,0,3,0,0,0,0,0,2,0,0,0,0,0,0,0,0,0,0,0,0,0,0,0,2,0,0,0,3,0,0,0,0,0,0,0,0,0,0,0,0,0,2,0,0,0,0,0,0,1,0,0,0,0,6,0,0,0,0,1,0,0,0,0,0,0,2,0,0,0,0,0,0,2,1,3,0,0,0,1,0,0,0,0,3,0,0,0,4,0,0,0,0,0,0,2,0,0,0,0,0,0,0,0,0,0,0,0,0,2,0,0,0,0,0,0,0,0,0,0,0,0,0,0,0,0,0,3,0,0,0,0
0,0,0,0,0,1,0,0,0,0,2,0,0,0,0,0,0,0,0,1,2,1,0,0,0,0,0,0,0,2,1,0,0,0,0,0,0,0,0,0,0,0,0,1,2,0,1,0,0,0,5,0,0,2,0,0,3,0,0,0,2,0,0,3,0,0,0,2,0,0,0,0,0,0,0,0,1,0,1,0,0,0,0,0,2,2,2,1,2,0,2,0,0,0,0,2,0,1,0,0,0,0,2,1,3,0,0,0,0,1,0,0,0,0,0,0,0,0,0,0,0,5,0,0,3,0,0,0,1,0,0,0,1,1,0,0,0,0,0,0,0,0,0,0,0,0,0,0,0,0,0,0,0,0,2,0,0,0,0,2,0,0,0,2,2,1,0,0,0,0,0,0,0,0,0,0,0,0,2,0,0,0,0,0,0,0,0,1,0,0,0,0,0,0,0,1,3,1,0,0,0,1,0,0,0,0,0,0,0,1,1,0,1,0,0,1,2,0,3,0,0,0,0,8,0,0,2,1,0,0,1,0,0,0,0,0,1,0,0,0,0,0,0,2,0,0,0,0,0,0,0,0,1,0,0,0,1,0,0,0,0,0,4,0,0,0,1,0,0,0
7,0,0,0,3,0,0,0,13,0,0,0,0,0,5,2,0,0,0,0,0,0,0,0,0,0,0,0,0,0,2,0,4,0,0,4,5,0,0,3,0,8,0,0,0,0,0,0,5,4,0,0,0,0,0,1,0,4,0,6,0,0,0,0,0,0,5,0,0,0,0,0,0,0,0,0,0,0,0,0,0,0,0,0,0,5,0,0,0,0,0,0,7,0,0,0,4,0,0,0,0,0,0,0,0,0,0,0,0,0,0,6,0,0,0,2,4,0,0,0,0,0,7,0,0,9,0,0,0,1,0,0,0,5,5,0,0,0,0,0,0,0,0,4,5,0,0,0,6,0,0,0,0,0,0,0,0,0,0,0,0,0,0,0,0,0,0,5,0,0,0,0,0,0,0,0,0,0,0,0,0,3,0,4,6,0,0,5,0,0,0,0,0,0,4,0,0,0,0,0,0,0,0,4,0,0,0,0,0,0,0,0,4,0,0,3,0,0,0,0,0,0,0,0,0,0,7,0,0,0,0,0,0,0,0,0,5,0,0,0,0,0,4,4,0,0,0,0,0,0,0,7,0,0,0,0,5,0,2,4,0,0,0,0,0,7,0,0,0,0
0,0,0,0,0,0,0,1,0,0,0,0,0,0,0,2,0,0,0,0,0,0,0,0,0,1,0,0,0,0,0,0,0,0,1,0,1,0,0,0,1,0,0,0,0,0,0,0,0,0,0,0,0,0,0,0,0,0,0,0,0,1,0,0,0,0,0,0,0,0,0,0,2,0,0,0,0,0,0,0,0,0,0,0,0,0,2,0,0,0,0,0,0,1,1,0,0,0,0,0,0,0,0,0,0,0,0,0,0,1,0,2,0,0,0,0,0,0,0,0,0,0,0,1,2,0,0,0,1,0,0,0,0,0,0,1,0,0,0,1,0,0,0,0,0,0,0,0,0,0,0,0,0,0,0,0,2,0,1,0,1,2,0,0,1,1,0,0,0,0,0,0,1,0,0,0,1,0,0,1,0,0,1,0,1,2,1,0,0,0,0,1,0,0,0,0,0,1,0,0,0,0,1,1,0,0,0,0,0,0,0,0,0,0,0,0,0,0,0,0,0,0,0,0,0,0,0,0,0,0,0,0,0,0,0,2,1,0,0,1,0,0,0,1,0,0,0,0,0,0,2,0,0,0,0,0,1,0,1,0,0,0,0,0,0,0,0,0,0,0
0,0,0,0,0,0,0,0,0,0,0,0,0,0,0,0,0,0,0,0,0,0,0,0,0,0,0,0,0,0,0,0,0,0,0,0,0,0,0,0,0,0,0,0,0,0,0,0,0,0,0,0,0,0,0,0,0,0,0,0,0,0,0,0,0,0,0,0,0,0,0,0,0,0,0,0,0,0,0,0,0,0,0,0,0,0,0,0,0,0,0,0,0,0,0,0,0,0,0,0,0,0,0,0,0,0,0,0,0,0,0,0,0,0,0,0,0,0,0,0,0,0,0,0,0,0,0,0,0,0,0,0,1,0,0,0,0,0,0,1,0,0,0,0,0,0,0,0,0,0,0,0,0,0,0,0,0,0,0,0,0,0,0,0,0,0,0,0,0,0,0,0,0,0,0,0,0,0,0,0,0,0,0,1,0,0,0,0,0,0,0,0,0,0,0,0,0,0,0,0,0,0,0,0,0,0,0,0,0,0,0,0,0,0,0,0,0,0,0,0,0,0,0,0,0,0,0,0,0,0,0,0,0,0,0,0,0,0,0,0,0,0,0,0,0,0,0,0,0,0,0,0,0,0,0,0,0,0,0,0,0,0,0,0,0,0,0,0,0,0
0,0,0,1,0,0,0,0,0,0,0,0,0,0,2,0,0,0,0,0,0,0,0,0,0,0,0,0,0,0,0,0,0,0,0,0,0,0,0,0,0,0,0,0,0,0,0,0,0,0,1,0,1,0,0,1,0,0,0,0,0,0,0,0,0,0,0,0,0,0,0,0,0,0,0,0,0,0,0,0,0,1,1,0,0,0,0,0,0,0,0,0,0,0,1,0,0,0,0,0,0,0,1,0,1,0,0,0,0,0,0,0,0,0,0,0,1,0,0,1,0,0,0,0,0,1,0,0,0,0,0,0,0,1,0,0,0,0,0,0,0,0,0,1,1,0,0,0,1,0,0,0,0,0,0,0,0,0,1,0,0,0,0,0,0,0,0,0,0,0,0,0,0,0,0,1,0,0,0,0,1,0,1,0,0,0,0,0,1,0,0,0,0,0,0,0,0,1,0,0,0,0,1,0,0,0,1,0,1,0,0,0,0,0,1,0,0,0,0,0,0,1,1,1,0,0,0,0,1,0,1,0,0,1,0,0,0,0,0,0,1,1,0,0,1,1,0,0,0,0,1,0,0,0,0,0,0,1,0,0,0,0,0,0,0,0,0,0,0,0
4,10,0,0,0,0,5,2,0,1,0,5,8,0,0,3,10,0,0,6,0,0,0,3,0,0,2,4,2,12,0,0,15,0,5,3,0,0,0,12,5,8,0,2,0,0,1,0,2,0,0,0,0,10,0,2,3,7,3,4,0,0,2,14,0,0,0,1,0,3,3,8,0,0,0,0,4,0,13,0,3,8,3,0,0,14,9,0,4,9,2,11,0,0,0,0,0,1,0,0,8,8,2,10,3,0,0,0,10,0,8,3,7,0,0,5,0,4,1,2,0,0,0,0,2,8,8,0,0,0,5,3,0,0,7,2,0,3,4,0,2,0,4,0,5,0,0,6,3,4,11,8,17,19,3,4,4,0,2,0,0,7,0,2,0,3,0,5,5,0,6,4,4,0,3,2,12,3,0,2,1,4,5,5,0,5,1,5,0,2,0,3,3,2,7,4,2,3,6,2,2,12,5,5,0,2,4,3,2,5,9,11,0,3,0,0,3,15,9,9,12,3,0,0,0,0,3,12,2,2,0,4,6,3,3,7,4,10,3,9,0,0,0,4,4,0,1,1,0,4,1,5,7,6,4,7,0,3,3,6,2,0,2,3,0,0,3,0,2,0
0,0,0,0,0,0,2,0,1,0,0,0,0,1,0,0,0,0,0,0,0,0,0,0,0,0,0,0,0,0,0,0,0,0,2,0,0,3,0,0,0,1,0,0,0,0,0,0,0,0,1,0,0,0,0,0,0,0,0,0,0,0,0,2,0,2,0,0,0,0,0,0,2,0,0,0,2,0,0,0,0,1,0,0,0,1,0,0,0,0,2,0,1,2,0,5,0,3,1,0,0,0,0,0,0,0,0,0,0,0,0,3,0,0,0,4,0,0,1,0,3,0,0,0,4,2,0,0,0,0,0,0,0,0,0,1,4,0,0,0,0,0,0,0,0,1,0,0,0,0,0,0,0,0,0,0,0,1,0,0,0,0,0,0,0,0,0,0,0,2,0,1,0,6,5,0,0,0,1,2,2,1,0,0,0,0,0,2,0,0,0,0,0,0,2,0,0,0,1,1,1,0,0,2,0,0,0,1,0,0,0,1,0,0,0,0,0,0,0,0,0,0,0,2,0,0,0,0,0,0,0,0,0,0,0,0,4,0,0,0,0,0,0,0,0,0,0,0,1,0,2,0,0,0,0,0,0,0,0,0,0,0,0,0,0,0,0,1,0,0
14,1,4,2,10,12,2,3,0,2,5,19,8,0,3,16,5,0,0,6,9,11,2,0,0,4,20,12,20,10,17,0,34,6,16,8,20,10,2,16,5,14,0,14,4,14,8,16,5,6,6,4,3,15,13,29,2,14,1,16,2,7,18,7,7,0,5,17,4,12,8,2,18,4,13,12,7,12,9,2,10,0,38,5,15,4,14,11,2,17,14,3,19,13,3,4,31,9,5,1,22,23,7,0,24,8,5,13,3,6,0,21,7,5,6,16,6,18,4,4,5,0,17,7,14,11,22,7,14,9,4,2,8,2,19,17,7,7,3,20,9,17,1,27,15,14,13,10,4,0,3,10,15,12,14,2,7,3,6,1,12,9,2,11,4,9,3,4,4,16,8,4,0,13,4,7,12,17,13,10,0,0,9,20,7,11,7,8,9,5,1,4,3,8,5,9,9,14,5,7,35,7,0,9,16,0,3,2,0,16,0,12,3,0,0,9,1,11,19,0,0,0,0,0,5,9,0,3,0,0,0,17,3,6,2,5,25,0,3,0,0,0,0,8,2,0,7,4,9,0,0,9,0,0,2,0,9,27,5,8,0,1,1,0,4,3,23,0,0,14
2,0,0,6,0,0,0,0,0,5,0,0,0,0,0,0,0,0,0,0,0,0,3,4,5,0,0,0,0,4,0,0,0,5,0,0,6,0,0,0,0,0,0,0,0,0,0,6,0,7,3,0,0,5,0,0,0,0,0,0,0,0,0,0,0,0,0,0,7,4,3,0,4,0,0,0,0,0,0,0,0,0,0,0,0,0,0,3,0,0,0,0,0,0,0,0,3,0,3,0,0,0,0,0,0,0,0,0,0,0,3,0,0,0,0,0,0,0,0,0,0,0,0,0,3,4,0,2,0,0,0,0,0,0,7,0,0,0,0,0,0,0,2,0,0,0,3,0,0,0,0,0,0,0,0,0,0,0,0,0,0,0,0,3,4,0,0,0,4,0,0,0,0,0,0,0,0,0,0,0,0,0,12,0,0,0,0,0,0,0,6,0,0,0,0,0,0,0,0,0,0,0,0,0,0,0,0,0,0,0,0,0,0,0,0,0,0,4,4,0,0,4,0,0,0,0,0,0,0,5,0,0,0,0,0,0,0,0,0,0,0,0,0,0,0,0,0,0,0,0,0,0,0,0,0,0,0,0,0,0,4,0,0,0,0,0,0,0,0,0
0,0,0,0,0,0,0,0,3,0,0,0,0,1,0,0,2,0,0,0,0,0,0,0,0,0,0,0,1,0,0,0,0,0,0,0,0,0,0,1,0,0,2,0,0,0,0,0,1,0,0,0,0,0,0,0,1,0,0,0,0,0,0,0,0,0,0,0,0,0,0,0,0,0,0,0,0,0,0,0,0,0,0,0,0,0,0,2,0,1,0,0,0,0,0,0,0,2,0,0,0,0,0,0,1,0,0,0,0,0,0,0,0,0,0,0,0,0,0,0,0,0,0,0,0,1,0,1,0,0,0,0,0,0,0,1,0,1,0,0,1,0,0,0,3,0,0,2,0,0,0,0,0,0,0,0,1,0,0,0,0,0,0,1,0,0,0,0,0,0,0,0,0,0,0,1,0,0,0,0,0,0,0,0,0,0,0,0,1,0,0,0,0,1,0,1,0,0,1,0,0,0,0,0,0,0,0,0,0,0,0,0,0,0,1,0,0,0,0,0,0,1,0,0,0,0,0,0,0,0,0,0,0,0,0,0,0,0,1,0,0,0,2,1,0,0,0,0,0,0,0,1,0,0,0,0,0,1,0,0,0,0,0,0,0,0,0,0,0,0
0,0,1,0,0,0,0,0,0,0,0,0,0,0,0,0,0,1,1,0,0,0,0,2,1,0,0,0,0,0,0,1,0,0,0,1,1,0,0,0,0,0,0,0,0,0,0,0,0,1,1,0,0,0,0,1,1,0,0,0,0,0,0,0,1,0,0,0,0,0,0,0,0,0,0,1,0,0,2,0,0,0,0,0,0,0,0,0,0,0,1,0,0,0,0,1,0,0,0,1,1,1,1,0,0,0,0,0,0,2,0,0,0,0,0,1,0,0,0,0,0,0,0,0,1,0,0,0,0,0,0,0,0,0,0,0,0,0,0,0,0,0,2,1,0,0,0,0,0,0,0,0,0,2,1,0,0,0,0,0,0,0,0,0,1,0,0,0,0,0,0,0,0,0,0,0,0,0,0,0,0,1,1,0,0,0,0,0,0,0,0,0,0,0,0,0,0,0,0,1,0,0,2,0,0,2,0,0,0,0,0,0,1,0,1,0,0,1,0,1,0,0,0,1,0,0,0,0,0,0,1,0,0,2,0,0,0,0,0,1,0,0,0,0,0,0,0,0,0,0,0,1,0,1,0,1,0,0,0,1,2,0,0,0,2,0,0,0,0,0
0,1,0,0,0,0,0,0,0,0,0,0,0,1,0,0,0,0,0,0,0,0,0,0,1,0,0,0,1,0,0,0,0,0,0,0,0,0,0,0,0,0,0,0,0,0,0,0,0,0,0,0,0,0,0,0,0,0,0,0,0,0,1,0,0,0,0,0,0,0,0,0,0,0,0,0,0,0,1,0,0,0,0,1,0,0,1,0,0,0,0,0,0,0,0,0,0,0,0,0,0,0,0,0,0,0,0,0,0,0,0,0,1,0,0,0,0,0,0,0,1,0,0,1,0,0,0,0,0,0,0,0,0,0,0,0,1,0,1,0,0,0,0,1,0,0,1,0,1,0,0,0,0,0,0,0,0,0,0,0,0,0,0,0,0,0,0,0,0,0,0,0,0,0,0,0,0,0,1,0,0,0,0,0,0,0,0,0,0,0,0,0,0,0,0,0,0,1,0,0,0,1,0,0,0,0,0,0,1,0,0,0,0,0,0,0,0,0,0,0,0,1,0,0,0,0,0,0,1,0,0,0,0,0,0,0,0,1,0,0,0,0,0,0,0,0,0,0,1,0,0,0,0,0,0,0,1,0,0,1,0,0,0,0,0,0,0,0,0,0
0,0,0,0,0,0,0,5,0,0,0,0,0,0,0,3,4,0,0,2,0,0,2,0,0,0,0,0,0,0,0,0,0,0,0,0,0,0,0,0,3,0,0,0,0,0,0,0,0,0,5,0,0,0,0,0,0,0,0,8,0,0,0,0,0,3,1,0,0,0,1,0,0,0,0,0,0,0,0,0,1,0,0,0,0,5,0,0,0,0,0,0,0,0,0,0,3,0,0,0,0,0,0,0,0,0,0,0,0,2,2,0,5,0,0,0,0,1,0,0,2,0,0,0,0,0,0,0,0,0,3,4,0,1,0,0,0,0,0,3,2,0,3,0,0,2,0,0,0,0,4,0,2,0,3,0,0,0,2,3,0,0,1,0,0,0,0,0,0,0,0,0,0,1,1,0,0,0,0,0,0,0,4,0,0,0,0,0,0,0,0,0,0,0,0,0,0,2,0,0,1,0,0,0,0,0,0,0,0,0,7,1,0,0,0,3,0,0,0,0,0,0,0,0,3,0,0,0,0,0,0,0,0,3,0,0,5,2,3,0,0,0,0,0,0,0,3,0,0,2,0,0,3,0,2,0,0,0,0,0,1,0,0,2,0,0,0,0,0,0
0,0,0,0,0,1,0,0,0,3,2,0,0,0,0,0,0,0,0,0,0,0,0,0,0,0,1,0,7,0,0,0,0,5,1,2,0,0,0,0,0,0,0,0,0,1,0,0,0,2,0,2,0,0,1,0,0,0,0,6,0,0,0,1,0,0,0,0,0,4,0,2,2,0,0,0,1,0,0,0,0,2,4,0,1,0,4,0,0,1,0,0,0,0,1,0,4,0,0,0,0,3,0,4,0,0,1,0,0,0,0,0,1,1,0,0,0,0,0,0,0,1,0,0,0,0,0,0,0,1,0,0,0,0,0,0,0,1,0,0,1,1,0,0,0,1,0,0,2,0,0,2,4,0,0,0,0,1,0,2,0,2,0,0,0,2,4,0,0,0,0,0,0,2,0,0,0,0,1,0,0,2,0,0,2,0,0,0,0,0,0,0,0,0,0,1,0,0,0,0,0,0,2,0,0,0,0,0,0,0,0,0,1,0,0,1,0,0,0,0,0,0,0,0,0,0,0,0,2,0,0,0,1,0,0,2,3,2,0,1,0,0,0,0,0,1,0,0,2,0,0,2,0,0,0,0,1,1,0,0,0,0,0,0,3,0,0,0,2,0
0,0,0,0,0,0,0,0,0,0,0,0,0,0,0,0,0,0,0,0,0,0,0,0,0,0,0,0,0,0,0,0,0,0,0,0,0,0,0,0,0,0,0,0,0,0,0,0,0,0,0,0,0,0,0,0,0,0,0,0,0,0,0,0,0,0,0,0,0,0,0,0,0,0,0,0,0,0,0,0,0,0,0,0,0,0,0,0,0,0,0,0,0,0,0,0,0,0,0,0,0,0,0,0,0,0,0,0,0,0,0,0,0,0,0,0,0,0,0,0,0,0,0,0,0,0,0,0,0,0,0,0,0,1,0,0,0,0,0,0,0,0,0,0,0,0,0,0,0,0,0,0,0,0,0,0,0,0,0,0,0,0,0,0,0,0,0,0,0,0,0,0,0,0,0,0,0,0,0,0,0,0,0,0,0,0,0,0,0,0,0,0,0,0,0,0,0,0,0,0,0,0,0,1,0,0,0,0,0,0,0,0,0,0,0,0,0,0,0,0,0,0,0,0,0,0,0,0,0,0,0,0,0,0,0,0,0,0,0,0,0,0,0,0,0,0,0,0,0,0,0,0,0,0,0,0,0,0,0,0,0,0,0,0,0,0,0,0,0,0
0,4,0,0,0,0,0,0,7,0,0,0,0,0,0,12,0,0,11,0,0,0,0,0,0,23,0,0,0,0,0,0,8,0,0,0,0,12,10,0,10,0,0,0,0,0,0,0,0,0,0,0,0,0,7,0,11,0,13,0,0,0,0,0,0,0,0,0,0,0,0,11,0,0,0,0,0,0,14,0,0,21,0,13,0,0,0,0,0,15,0,0,0,0,1,0,0,6,0,0,0,0,0,0,0,0,0,0,0,0,0,0,0,10,0,0,0,0,0,0,0,10,0,0,0,14,0,0,0,0,0,0,0,0,5,29,0,0,17,0,0,7,0,0,13,0,0,0,10,0,0,0,0,0,11,0,20,5,0,0,0,0,0,6,7,0,0,0,0,0,0,0,0,0,0,0,0,0,0,0,0,0,0,0,0,0,0,3,0,0,0,0,0,0,0,0,31,0,0,23,10,0,0,0,5,0,0,0,0,0,0,0,0,0,0,0,0,0,0,0,0,0,19,16,6,0,0,0,0,0,0,0,5,0,0,0,0,3,0,0,0,0,0,7,0,0,0,21,0,0,0,0,0,0,13,0,7,0,0,0,4,0,10,10,14,0,0,6,0,0
3,3,5,0,0,5,3,5,0,10,13,4,11,5,8,0,8,0,0,6,4,3,0,3,0,2,19,5,4,4,12,0,0,0,6,8,11,0,8,0,10,10,23,0,3,0,3,6,3,0,10,5,23,7,3,11,0,2,6,5,0,0,0,14,0,4,14,0,13,19,6,4,4,0,0,0,13,3,10,4,6,2,2,15,0,6,5,6,2,11,9,3,0,8,4,0,15,0,0,0,0,33,2,14,7,5,15,3,0,0,0,0,9,6,13,0,0,5,9,4,0,0,0,27,5,0,0,13,0,7,3,0,5,8,19,7,0,13,0,15,10,0,11,3,12,6,0,0,3,0,0,0,9,0,0,6,5,0,0,2,8,6,0,0,0,0,0,4,0,0,17,6,0,0,3,6,4,6,0,0,0,7,0,0,4,3,0,0,0,0,0,3,0,0,0,0,0,9,0,0,8,0,0,0,0,0,0,4,0,0,0,2,1,0,0,3,5,6,10,0,0,0,0,0,0,2,2,5,0,4,5,0,10,6,4,2,8,0,7,0,1,0,0,3,0,0,5,0,2,0,0,6,0,0,10,0,6,2,2,0,17,5,3,3,3,0,0,2,7,0
0,0,0,0,0,0,0,0,0,0,0,0,0,0,0,0,0,0,0,0,0,0,0,0,0,0,0,0,0,0,0,0,0,0,0,0,0,0,0,0,0,0,0,0,0,0,0,0,0,0,0,0,0,0,0,0,0,0,0,0,0,0,0,0,0,0,0,0,0,0,0,0,0,0,0,0,0,0,0,0,0,0,0,0,0,0,0,0,0,0,0,0,0,0,0,0,0,0,0,0,0,0,0,0,0,0,0,0,0,0,1,0,0,0,0,0,0,0,0,0,0,0,0,0,0,0,0,0,0,0,0,0,0,0,0,0,0,0,0,0,0,0,0,0,0,0,0,0,0,0,0,0,0,0,0,0,0,0,0,0,0,0,0,0,0,0,0,0,0,0,0,0,0,0,0,0,0,0,0,0,0,0,0,0,0,0,0,0,1,0,1,0,0,0,0,0,0,0,0,0,0,0,0,0,0,0,0,0,1,0,0,0,0,0,0,0,0,0,0,0,0,0,0,0,0,0,0,0,0,0,0,0,0,0,0,0,0,0,0,0,0,0,0,0,0,0,0,0,0,0,0,0,0,0,0,0,0,0,0,0,0,0,0,0,0,0,0,0,0,0
1,0,0,0,0,0,0,0,1,0,0,0,0,0,0,0,0,0,0,0,0,0,3,0,0,0,0,0,0,6,0,0,0,0,0,0,1,0,0,0,0,0,0,0,0,0,0,0,0,0,0,0,0,0,0,0,0,0,0,0,0,1,0,1,0,0,0,0,0,1,0,0,0,0,0,0,0,0,0,0,0,0,0,0,3,0,0,0,1,0,2,0,0,0,0,0,0,0,0,0,0,0,0,0,0,0,0,0,0,0,0,0,0,0,3,0,0,3,0,0,0,0,0,2,0,0,0,0,0,2,0,0,0,0,0,0,0,0,0,0,0,0,0,0,1,1,0,0,0,0,0,0,0,0,0,0,0,2,0,0,0,0,0,1,0,0,0,0,0,0,2,0,0,0,0,0,0,0,0,0,0,0,0,0,0,0,0,1,1,0,0,0,0,3,1,0,0,2,0,0,0,0,0,0,0,0,0,0,0,1,0,1,1,0,0,0,0,0,0,0,0,1,0,0,0,0,0,0,0,0,0,2,0,0,0,0,0,0,0,0,0,0,0,2,0,4,0,0,1,0,0,0,0,0,0,0,2,0,1,0,1,0,0,0,0,0,0,0,0,0
0,0,7,0,0,0,7,0,0,6,0,0,0,0,5,0,0,0,0,0,5,0,0,0,10,0,0,0,4,0,0,0,0,0,0,0,0,0,5,0,0,4,3,0,0,0,0,0,0,0,0,0,0,0,6,0,0,0,0,0,3,0,0,0,3,0,0,0,0,0,4,0,0,6,0,0,0,0,0,0,0,0,0,0,3,1,0,0,0,7,4,0,0,0,0,0,0,0,0,0,0,0,3,0,0,6,0,0,0,0,0,0,0,1,2,0,0,0,0,6,3,0,0,0,0,0,0,0,0,0,0,0,0,0,0,0,4,0,0,0,0,0,0,0,0,0,6,0,0,0,4,0,0,0,0,0,0,0,0,0,0,0,0,2,0,4,0,7,0,0,0,3,0,0,0,0,0,0,0,0,0,0,0,3,0,0,2,7,4,0,4,0,0,0,0,0,0,0,0,0,0,0,0,0,0,0,0,2,0,0,1,3,0,0,0,0,0,0,5,0,0,0,0,0,0,0,0,0,3,0,6,0,0,0,4,0,0,0,0,0,0,0,0,0,0,0,0,6,0,0,4,0,0,4,4,3,0,0,0,0,0,1,0,3,0,0,0,0,0,0
0,2,0,0,0,8,0,0,0,0,0,0,3,0,0,0,3,2,0,4,3,3,2,0,0,0,0,3,1,0,1,2,0,0,0,0,2,0,0,0,0,7,8,0,3,5,0,7,4,0,4,1,2,9,11,13,0,0,0,1,1,4,0,0,0,0,0,0,0,3,0,2,0,0,0,0,0,0,5,0,6,10,9,2,0,1,2,0,2,0,3,0,0,2,0,3,11,4,11,0,0,17,0,2,0,0,0,0,4,0,0,1,1,0,0,2,0,2,2,0,0,3,0,4,3,5,0,1,0,0,0,3,0,5,10,2,3,0,3,3,0,0,0,0,3,1,5,2,0,1,2,0,7,3,0,5,1,9,1,3,0,5,0,4,3,3,3,3,4,0,6,1,0,3,0,3,0,0,0,0,0,4,0,3,0,4,2,3,2,4,4,11,0,16,0,0,0,1,0,3,0,0,0,0,0,9,8,0,0,0,0,0,3,0,0,1,0,8,5,0,0,0,7,8,0,3,0,20,0,2,0,9,0,0,0,3,6,5,8,4,5,7,0,3,2,0,2,3,0,0,0,0,4,6,0,0,0,0,0,0,2,0,0,0,3,0,0,4,0,0
0,0,0,0,0,0,0,0,0,0,0,0,3,0,0,0,0,4,5,3,0,0,0,0,0,0,0,0,0,3,0,0,3,0,0,0,0,0,0,0,0,0,0,0,0,0,0,0,0,0,0,0,0,0,0,0,14,0,0,1,0,0,0,0,0,0,0,0,5,3,3,0,1,0,0,0,0,0,0,0,0,0,0,0,0,0,0,0,0,0,0,1,0,2,0,0,0,0,0,4,0,0,0,0,0,0,3,0,3,0,0,0,0,2,0,0,0,3,0,0,0,3,0,0,4,0,0,3,2,0,0,5,0,6,0,0,0,0,0,0,0,2,6,0,0,3,3,2,0,1,0,0,0,0,0,0,0,0,0,0,3,0,0,0,0,0,0,0,0,0,0,0,1,0,0,0,0,0,2,0,0,0,3,0,0,0,0,0,0,0,2,0,0,2,5,0,0,4,0,0,0,0,0,0,0,0,10,0,0,0,0,0,2,0,0,0,0,0,2,0,5,0,2,0,0,0,0,0,0,0,0,0,0,0,2,0,0,0,0,0,0,0,0,0,2,0,0,0,0,0,0,0,0,4,4,0,0,0,1,0,0,0,0,0,7,0,8,0,0,0
1,0,0,0,0,0,0,0,0,0,0,0,0,0,0,0,0,0,0,0,1,0,0,0,0,0,0,0,0,0,0,0,0,0,0,0,0,0,0,0,0,0,0,0,0,0,0,0,0,0,0,0,0,0,0,0,1,0,0,0,0,0,0,0,0,0,0,1,1,0,0,0,0,1,0,0,1,0,0,0,0,0,0,0,0,0,0,0,0,0,0,0,0,0,0,0,0,0,0,0,0,0,0,0,0,0,0,0,0,0,0,0,0,0,1,0,0,0,0,0,0,0,0,0,0,0,0,0,0,0,0,0,0,0,0,0,0,0,0,0,0,0,0,0,0,0,0,0,0,0,0,0,0,0,0,0,0,1,0,0,0,0,1,1,0,0,0,0,0,1,0,0,1,0,0,0,0,0,0,0,0,0,0,0,0,0,0,0,0,0,0,0,0,0,0,0,0,0,0,0,0,0,0,0,0,0,0,0,1,0,0,0,0,0,1,0,0,0,0,1,0,0,0,0,0,0,0,0,0,0,0,0,0,0,0,0,0,0,0,0,0,0,0,0,0,0,0,0,0,0,0,0,0,0,0,1,0,0,0,0,0,0,0,0,0,0,0,0,0,0
5,0,0,0,5,0,2,0,0,0,0,0,0,3,0,0,6,0,2,0,3,0,0,0,0,0,0,0,0,6,0,0,0,0,0,0,0,0,4,5,0,3,0,0,0,0,0,0,0,0,3,0,0,0,2,3,0,0,0,0,0,0,8,0,0,0,0,0,0,0,4,0,0,0,0,0,2,0,0,0,4,5,7,0,0,0,0,0,0,0,0,0,0,2,0,0,0,0,5,0,0,0,0,0,0,0,0,0,0,0,0,0,16,0,0,0,0,0,0,0,0,0,0,0,0,0,0,0,0,4,0,3,0,0,0,0,0,0,0,0,0,0,5,0,0,0,0,4,3,3,0,0,0,0,0,0,0,0,0,0,0,0,0,0,8,0,0,0,0,0,0,0,0,4,0,0,0,0,0,0,0,0,0,2,0,0,0,6,0,0,3,0,0,0,0,0,0,6,0,0,4,4,0,0,0,0,0,0,0,0,0,12,0,4,0,11,0,0,6,0,0,0,0,0,0,0,4,11,0,0,0,0,0,3,5,3,6,0,0,0,0,0,0,5,8,1,7,4,4,0,0,0,0,0,0,0,0,2,0,8,2,3,0,0,0,0,0,0,0,0
0,0,7,0,0,0,21,0,0,0,0,0,6,0,5,7,0,0,0,0,6,0,5,0,0,0,0,0,7,0,7,0,0,0,0,0,0,0,0,0,0,9,0,0,0,0,0,0,0,4,0,0,7,0,17,50,0,0,0,4,0,0,0,0,7,7,0,0,0,0,0,15,0,0,0,5,0,0,0,0,0,5,0,0,0,4,0,5,0,0,0,0,6,2,0,0,0,0,0,0,3,0,0,0,4,0,0,0,2,0,0,0,0,0,0,0,5,0,0,11,0,0,0,0,8,0,0,0,0,14,0,15,0,0,0,0,0,4,0,0,4,0,0,0,6,0,0,0,0,0,7,0,0,0,0,0,0,0,0,4,0,0,5,0,0,0,0,0,6,0,0,9,4,2,0,0,0,0,0,0,0,0,7,0,0,9,0,0,8,0,0,0,0,0,0,0,0,0,7,0,0,0,0,0,0,0,0,0,0,0,4,0,0,0,0,0,0,0,0,0,0,0,6,0,0,0,0,0,0,0,0,0,0,4,0,0,0,7,0,0,8,0,0,0,6,0,16,0,8,6,0,0,0,0,5,0,0,0,8,0,8,0,0,0,0,0,20,0,0,0
13,3,0,0,0,1,11,11,0,9,4,0,3,0,8,2,5,0,0,4,6,0,0,0,0,0,0,0,6,0,0,5,3,0,0,6,0,6,7,4,3,5,5,4,7,0,8,8,0,7,0,0,0,7,8,3,0,3,0,9,0,4,0,4,0,0,0,0,0,0,0,9,0,0,0,4,5,3,0,0,0,2,3,0,0,2,5,0,0,0,5,0,8,2,4,0,5,9,0,0,0,5,0,3,0,0,0,0,3,1,0,0,0,0,0,22,0,0,0,2,0,10,0,0,0,0,4,0,3,0,5,2,0,0,0,0,4,0,0,0,0,0,3,0,4,0,0,0,0,0,2,3,5,18,4,0,0,4,0,0,0,0,5,0,0,0,0,4,0,0,0,3,0,0,0,0,0,0,0,2,0,0,0,0,3,0,2,0,0,0,0,0,0,0,3,0,0,0,0,0,0,0,2,0,0,0,0,0,0,0,0,5,0,0,0,0,0,7,0,0,0,0,3,0,0,0,4,0,0,0,0,0,0,0,0,0,0,0,0,4,0,0,1,0,0,0,0,0,0,7,4,0,0,0,0,0,2,0,0,0,0,0,0,0,0,1,0,0,0,0
0,0,0,0,0,2,0,0,1,0,1,2,0,1,0,0,0,1,0,0,0,1,0,0,0,0,1,0,0,0,0,2,1,1,0,0,0,0,0,0,0,0,0,0,1,0,0,0,0,0,0,0,0,1,0,0,1,0,0,0,0,0,1,0,0,2,0,0,0,0,0,3,0,0,0,3,0,0,0,0,1,0,0,0,0,0,0,0,0,1,0,0,0,0,0,0,0,0,0,0,0,0,0,0,0,0,0,0,0,0,0,0,0,0,0,0,0,2,0,0,2,0,0,0,0,0,0,0,1,1,0,0,0,0,0,0,0,0,0,0,0,2,0,0,0,0,0,0,0,0,0,1,0,1,0,5,2,0,0,0,0,0,0,0,0,0,1,1,2,0,3,0,0,0,4,2,0,1,2,0,0,2,1,0,1,0,0,0,0,0,0,0,2,0,0,0,0,0,0,0,1,0,0,0,0,0,0,2,1,2,0,0,0,0,0,0,0,0,0,0,0,1,0,0,0,0,0,0,0,0,0,1,0,0,0,0,0,0,0,0,0,0,0,0,1,0,0,0,0,1,0,0,2,0,0,0,0,0,0,0,1,0,2,0,0,0,0,2,0,0
0,0,0,1,0,0,2,0,0,0,0,0,0,0,0,0,0,2,0,0,0,0,0,0,0,0,1,0,0,0,0,0,0,0,1,3,0,0,0,0,0,2,0,0,0,0,1,2,0,0,0,0,0,0,0,0,0,0,1,0,0,0,2,0,0,0,0,2,0,0,0,0,0,1,0,0,1,0,3,0,0,0,0,0,0,0,1,0,0,0,0,0,0,0,1,0,0,0,0,0,0,0,0,0,2,0,0,0,0,0,0,0,1,0,0,0,0,0,0,0,0,0,0,0,0,0,1,0,0,0,0,0,0,0,0,0,0,0,1,0,0,0,0,0,0,0,1,0,0,0,0,0,0,0,0,0,1,1,1,0,0,0,0,0,2,0,0,0,0,0,0,0,0,0,0,0,0,0,0,2,0,0,0,0,0,0,0,0,0,0,0,2,0,0,0,0,3,0,0,0,0,0,1,0,0,0,1,0,0,0,0,0,0,0,0,1,0,0,0,0,0,0,0,0,0,0,0,0,0,0,0,0,0,0,0,0,0,0,1,0,1,0,0,0,0,1,0,0,0,0,0,0,0,0,0,0,0,0,0,0,0,0,0,0,1,0,0,0,0,0
0,0,0,0,1,0,0,0,8,0,0,1,0,0,0,0,0,6,1,0,0,0,4,4,5,0,0,0,0,0,0,9,0,2,0,0,0,0,0,0,5,0,0,0,3,2,0,0,0,0,0,10,0,0,0,0,0,0,0,2,4,1,0,0,0,9,0,0,1,0,0,0,2,0,3,6,0,0,0,0,0,2,0,1,0,0,0,0,1,0,0,0,0,0,0,2,0,4,0,0,0,0,0,0,1,0,0,0,0,3,1,0,0,1,0,0,0,0,2,0,0,7,0,0,0,2,0,0,0,6,4,2,1,0,1,0,0,7,0,0,0,3,5,1,0,0,1,0,4,0,0,0,0,3,0,3,0,0,0,0,0,0,0,0,0,0,0,0,2,0,5,0,1,0,6,3,4,1,0,0,0,4,2,0,0,0,0,7,0,6,0,3,0,2,0,0,0,0,0,6,3,0,0,0,0,1,0,2,0,2,0,0,0,0,0,0,2,8,0,0,1,0,0,0,0,4,4,6,0,0,3,2,0,0,2,0,0,0,2,4,0,0,2,0,0,0,3,0,3,0,0,0,0,0,0,0,1,0,0,6,0,0,0,0,0,0,1,2,0,0
0,2,0,0,0,0,0,3,0,0,0,5,0,0,0,0,0,0,0,1,0,4,0,0,0,0,2,0,8,0,8,4,0,0,0,0,0,0,0,4,0,0,0,0,0,2,0,0,0,0,0,0,0,0,0,0,0,0,0,2,0,0,3,0,0,3,0,0,0,0,0,0,0,0,0,9,0,1,0,0,0,0,0,0,0,0,0,3,0,0,0,0,0,0,0,3,0,0,0,8,0,0,3,0,3,0,0,4,2,0,0,0,0,0,0,3,0,0,0,0,0,4,0,0,0,0,0,0,0,3,0,0,0,0,0,0,0,0,0,4,0,0,0,0,0,0,0,1,3,0,0,0,0,0,0,0,0,0,0,3,0,0,2,0,0,2,0,2,0,4,0,0,0,0,0,0,0,0,0,0,0,0,0,2,0,3,0,0,2,0,0,0,0,0,0,0,0,0,0,0,0,0,2,0,0,0,2,2,0,0,0,0,0,3,0,0,2,0,0,0,0,0,0,0,0,0,0,0,0,0,0,3,3,0,0,0,0,2,0,0,0,0,0,0,0,0,0,3,0,0,0,0,0,0,0,0,0,0,0,0,0,0,0,0,0,0,0,0,0,0
0,0,0,0,0,0,0,0,0,0,0,0,0,0,0,0,0,0,0,0,0,0,0,0,0,0,0,0,0,0,0,0,0,0,0,0,0,0,0,1,0,0,0,0,0,0,0,0,0,0,0,0,0,0,0,0,0,0,0,0,0,0,0,0,0,0,0,0,0,0,0,0,1,0,0,0,0,0,0,0,0,0,0,0,0,0,0,0,0,0,0,0,0,0,0,0,0,0,0,0,0,0,0,0,0,0,0,0,0,0,0,0,0,0,0,0,0,0,0,0,0,0,0,0,0,0,0,0,0,0,0,0,0,0,0,0,0,0,0,1,0,0,0,0,0,0,0,0,0,0,0,0,0,0,0,0,0,0,0,0,0,0,0,0,0,0,0,0,0,0,0,0,0,0,0,0,0,0,0,0,0,0,0,0,0,0,0,0,0,0,0,0,0,0,0,0,0,0,0,0,0,0,0,0,0,0,0,0,0,0,0,0,0,0,0,0,0,0,0,0,0,0,0,0,0,0,0,0,0,0,0,0,0,0,0,0,0,0,0,0,0,0,0,0,0,0,0,0,0,0,0,0,0,0,0,0,0,0,0,0,0,0,0,0,0,0,0,0,0,0
0,3,0,0,0,0,0,0,0,0,0,0,0,0,0,3,0,0,3,2,0,0,0,0,0,0,2,3,2,0,0,0,0,0,2,0,0,3,0,0,0,2,0,0,0,0,3,0,0,0,0,0,0,0,1,0,0,0,2,0,2,0,0,0,0,1,4,0,0,0,3,0,0,0,0,0,0,0,5,3,0,0,3,0,0,0,0,3,0,0,0,0,0,0,4,0,2,3,0,0,0,0,0,0,0,0,1,0,2,6,0,0,0,0,0,6,4,0,4,0,0,7,0,0,0,0,2,0,0,0,0,2,5,0,0,0,0,0,2,0,0,9,0,0,0,0,0,9,0,0,0,0,4,3,0,0,0,0,0,0,0,0,0,3,0,0,0,3,0,3,0,0,0,0,0,0,0,3,5,3,7,2,4,5,0,0,2,0,0,0,1,0,0,0,0,0,0,0,0,0,0,1,0,2,0,2,0,0,0,2,0,2,0,0,0,0,0,0,2,0,0,0,0,0,6,2,0,0,0,0,1,0,0,0,0,0,3,2,0,0,0,0,0,2,6,0,0,0,3,0,0,1,3,0,3,0,2,0,0,2,0,0,0,0,1,0,0,0,0,0
0,0,0,0,0,0,0,0,0,0,0,1,0,0,0,1,0,0,1,0,0,0,0,0,0,0,0,0,0,0,0,0,0,0,0,0,0,0,0,0,0,0,0,1,0,0,0,0,0,0,0,0,0,0,0,1,0,0,0,0,0,0,0,0,0,0,0,0,0,0,0,0,1,0,0,0,0,0,1,0,0,1,0,0,0,1,1,0,1,0,0,0,0,1,0,0,0,0,0,0,0,0,0,0,1,0,0,0,0,0,0,0,0,0,1,0,1,0,0,0,1,1,2,1,0,0,0,0,0,0,0,0,0,0,0,0,0,0,0,0,0,0,0,0,0,0,0,0,0,0,0,0,0,0,0,0,0,0,0,0,0,0,0,0,0,0,0,0,0,0,0,0,0,0,0,0,0,0,0,0,0,0,0,0,0,0,0,0,0,0,0,0,0,0,0,0,0,0,0,0,0,0,0,0,1,1,0,0,0,0,0,0,0,0,0,0,0,1,0,0,0,0,0,0,0,0,0,0,0,0,0,0,0,0,0,0,0,0,0,0,0,0,0,0,0,0,0,1,1,0,0,0,0,1,0,0,0,0,0,0,0,1,1,0,0,0,1,0,0,0
0,0,0,0,0,0,0,0,0,0,0,0,0,0,1,0,0,0,0,0,0,0,0,0,0,0,0,0,0,0,0,0,0,0,0,0,0,0,0,1,0,0,0,0,0,0,0,0,0,0,0,0,1,0,0,0,0,0,0,0,0,0,0,0,0,0,0,0,0,0,0,0,1,0,0,0,0,0,0,0,0,1,0,0,0,0,0,0,0,0,0,0,0,0,0,0,1,0,0,0,0,0,0,0,0,0,0,0,0,0,0,0,0,0,0,0,0,0,0,0,0,0,0,0,0,0,0,0,0,0,0,0,0,0,0,0,0,0,0,0,0,0,1,0,0,0,0,0,0,0,0,0,0,0,0,0,1,0,0,0,0,0,0,0,0,0,0,0,0,0,0,1,0,0,0,0,1,0,0,0,0,0,0,0,0,0,0,0,0,0,1,0,0,0,0,0,0,0,0,0,0,0,1,0,0,0,1,0,1,0,0,0,1,0,0,0,0,0,0,0,0,0,0,0,0,0,0,0,0,0,1,0,1,0,1,0,0,0,0,0,0,0,0,0,0,0,0,0,0,0,0,0,0,0,0,0,0,0,1,1,0,0,0,0,0,0,0,0,0,0
1,0,0,0,0,0,0,1,0,0,0,0,0,1,0,0,1,0,0,0,0,0,0,0,0,0,0,0,0,0,0,0,1,0,0,0,0,0,0,0,0,0,0,0,0,0,0,1,0,0,1,0,0,1,0,1,0,0,0,1,0,0,0,0,0,0,0,0,0,0,0,0,0,0,0,0,0,0,0,0,0,0,0,0,0,0,0,0,0,0,1,0,0,0,0,0,0,0,0,0,0,0,0,0,0,0,0,0,0,0,0,0,1,0,0,1,0,0,0,0,0,0,0,0,0,0,1,0,0,0,0,0,0,0,0,0,0,1,0,0,0,0,0,0,0,0,0,1,0,0,0,0,0,0,0,0,0,0,0,0,1,0,0,0,0,1,0,0,0,0,0,0,0,0,0,0,0,0,0,0,0,0,0,0,0,0,0,0,0,0,0,0,0,0,0,0,0,0,0,0,0,0,0,0,0,0,0,0,0,0,0,0,0,0,0,0,0,0,0,0,0,0,0,1,1,0,0,0,0,0,0,0,0,0,0,0,0,0,0,0,0,0,0,0,0,0,0,0,0,0,0,0,0,0,0,0,0,0,0,0,0,0,0,0,0,0,0,0,0,0
3,24,9,33,0,0,3,0,20,1,0,0,4,0,22,7,14,46,3,0,7,5,12,17,13,0,0,21,9,3,14,35,8,10,10,19,6,0,16,31,34,24,17,24,66,6,13,11,28,13,17,33,4,6,21,0,31,12,12,6,0,6,5,14,6,39,28,24,16,0,0,0,17,8,8,0,4,7,0,3,24,8,0,3,14,0,4,6,16,45,28,12,6,30,1,3,39,13,75,19,4,33,23,5,12,6,38,18,43,31,46,14,8,22,37,9,28,4,18,23,31,15,7,34,26,14,33,14,4,3,12,24,5,8,10,0,26,9,24,5,15,18,17,16,10,12,0,36,18,14,16,37,19,13,0,21,10,15,30,25,10,8,4,26,21,11,9,7,20,2,4,73,30,23,2,6,8,0,41,0,34,6,0,11,5,4,22,12,5,0,16,0,17,0,7,9,8,9,20,6,0,7,12,36,26,33,24,41,78,7,13,31,9,10,9,5,9,20,7,10,7,3,7,2,1,17,11,11,2,12,11,4,0,28,21,6,5,9,5,7,0,7,8,22,16,36,17,11,1,6,10,5,10,16,9,26,32,10,2,24,1,16,13,13,13,18,15,8,9,10
0,0,0,0,5,11,5,0,0,0,0,0,0,0,0,0,4,0,0,0,0,0,11,6,0,0,4,0,0,0,6,0,0,0,0,0,0,0,0,0,0,0,0,0,0,0,0,0,4,0,0,0,7,0,3,0,0,0,15,0,0,0,2,0,4,0,0,0,0,0,0,0,0,0,0,0,0,0,0,3,0,5,0,4,0,0,0,5,9,0,0,0,0,0,0,0,5,0,0,0,4,0,0,0,3,0,0,0,0,0,1,0,2,0,0,0,0,0,2,0,2,3,0,0,0,0,5,0,0,2,0,0,0,1,0,0,4,0,0,0,0,6,0,0,0,0,0,0,4,0,0,0,0,0,0,0,0,0,0,0,0,0,2,0,21,0,0,0,0,0,0,4,5,0,0,0,0,0,4,0,0,0,3,0,6,0,0,0,0,0,0,0,0,0,0,0,5,0,9,3,0,0,0,0,5,0,0,0,0,4,0,2,0,3,0,0,0,0,0,0,0,0,0,0,0,0,0,10,0,0,0,0,0,0,0,0,0,0,0,0,0,0,0,4,0,0,0,0,4,0,3,0,0,0,0,0,0,0,0,0,0,0,0,1,0,0,3,0,0,0
0,0,3,4,0,2,0,0,0,4,0,0,0,6,4,3,0,0,0,0,0,0,3,0,0,0,4,0,0,0,3,0,0,0,0,0,0,0,4,0,0,0,0,0,0,10,1,0,0,0,1,3,0,0,0,0,0,0,0,3,0,0,0,0,0,3,0,0,0,0,0,0,0,0,5,0,0,0,0,4,0,4,0,0,0,0,0,0,2,0,2,0,0,0,0,0,0,0,0,0,0,0,0,0,0,1,0,3,0,0,0,0,0,5,0,0,5,0,0,0,0,7,8,0,2,0,0,0,2,0,5,7,10,0,0,0,0,5,0,0,0,0,0,5,0,0,0,0,3,0,0,0,0,0,0,0,0,0,0,0,2,6,0,0,0,0,0,0,0,3,3,0,0,0,5,0,0,0,0,0,0,0,0,0,0,0,0,0,0,0,0,0,2,5,0,0,13,0,0,0,0,0,0,0,0,0,0,2,0,0,0,0,0,1,0,0,0,0,0,0,6,0,0,0,0,1,0,0,0,4,1,0,0,0,5,0,0,0,0,0,0,0,0,0,3,0,5,4,0,0,0,2,0,0,0,0,0,0,0,0,1,0,0,0,0,0,3,0,0,0
0,0,0,0,0,0,0,0,0,0,0,1,0,0,0,0,0,0,0,0,0,0,0,0,0,0,0,0,0,0,0,0,0,0,0,0,0,0,0,0,0,0,0,0,0,0,0,0,0,0,0,0,0,1,0,0,0,0,0,0,0,0,0,1,0,0,0,0,0,0,2,0,0,0,0,0,0,0,0,1,0,0,0,0,0,0,0,0,0,0,0,0,0,0,0,0,0,0,0,0,0,0,0,0,0,0,2,0,0,0,0,0,0,0,0,0,0,0,0,1,0,0,0,0,0,0,0,0,0,1,0,0,0,0,0,0,0,0,1,0,0,0,0,0,0,0,0,0,0,0,1,0,0,0,0,1,0,0,0,0,0,0,0,0,0,0,0,0,0,0,0,0,0,0,0,0,0,0,0,0,0,0,0,0,0,0,0,0,0,0,0,0,0,0,0,1,0,0,0,0,0,0,1,0,0,1,0,0,0,0,0,0,2,0,0,0,0,0,0,0,0,0,0,1,0,0,0,0,0,0,0,0,0,0,0,0,0,0,0,0,0,0,0,0,0,0,0,1,0,0,0,0,0,0,1,0,0,0,0,0,0,0,0,0,0,0,0,0,0,0
3,2,0,0,1,0,0,1,1,2,0,1,1,0,0,1,1,0,0,0,2,1,2,1,0,0,1,1,1,3,2,0,1,0,1,2,0,1,1,0,0,0,1,0,1,0,1,2,1,2,0,0,1,1,0,1,3,4,1,0,2,0,2,2,3,1,1,1,1,1,1,1,2,1,1,1,1,0,2,1,0,2,1,2,0,0,1,1,1,3,0,1,1,1,4,2,1,0,1,0,0,0,0,0,0,2,0,1,0,1,1,0,1,5,1,0,0,0,0,2,0,4,0,2,1,0,0,0,0,0,0,1,1,2,0,2,1,1,1,0,2,1,1,0,0,1,0,2,0,1,1,2,0,1,0,0,0,3,1,2,0,0,0,0,1,2,0,1,1,0,0,1,0,0,1,0,1,1,1,0,0,1,1,3,4,1,2,2,0,1,0,0,1,0,0,0,0,1,0,1,1,0,1,1,2,0,0,0,1,0,0,5,0,0,0,1,0,0,1,0,0,1,2,0,0,1,1,0,0,0,1,1,1,1,1,1,1,0,1,1,0,0,2,0,0,0,1,0,2,0,1,1,0,0,1,0,0,0,0,0,0,1,1,2,1,0,0,0,0,0
0,0,0,0,0,0,0,0,0,0,0,0,0,0,1,0,0,0,0,0,0,0,0,0,0,0,0,0,0,0,0,0,0,0,0,0,0,0,0,0,0,0,0,0,0,0,0,0,0,0,0,0,0,0,1,0,0,0,0,0,0,0,0,0,0,0,0,0,0,0,0,0,0,0,0,0,0,0,0,0,0,1,0,0,0,0,0,0,0,0,0,0,0,0,0,0,0,0,0,0,0,0,0,0,0,1,0,1,0,0,0,0,0,0,0,0,0,0,0,0,0,0,0,0,0,0,0,0,0,0,0,0,0,0,0,0,0,0,0,1,0,0,0,0,0,0,0,0,0,0,0,0,0,0,0,0,0,0,0,0,0,0,0,0,0,0,0,0,0,0,0,0,0,0,0,0,0,0,0,0,0,0,0,0,0,0,0,0,0,0,0,0,0,0,0,0,0,0,0,0,0,0,0,0,0,0,0,0,0,0,0,0,0,0,0,0,0,0,0,0,0,0,0,0,0,0,0,0,0,0,0,0,0,0,0,0,0,0,0,0,0,0,0,0,0,0,1,0,0,0,0,0,0,0,0,0,0,0,0,0,0,0,0,0,0,0,1,0,0,0
0,0,0,0,0,1,0,0,2,0,0,0,0,0,0,0,0,0,0,0,0,2,0,0,2,0,0,0,0,0,2,0,2,0,0,2,0,0,0,0,0,0,0,2,0,0,0,0,2,2,0,0,0,0,0,0,0,0,0,4,0,0,0,0,2,3,0,0,0,0,0,0,0,0,0,0,1,0,0,0,0,0,0,0,0,0,0,0,0,0,0,0,0,0,0,0,0,0,0,0,1,0,0,0,0,0,0,0,0,0,0,2,0,0,0,0,1,0,0,0,0,0,1,0,0,0,0,0,0,0,5,0,0,0,0,0,0,0,0,0,0,1,0,0,0,0,0,0,0,0,0,2,0,0,1,2,0,0,0,0,0,0,2,0,0,0,0,0,0,0,0,0,0,0,0,0,0,0,0,1,0,2,0,0,0,0,0,0,0,0,0,0,2,0,0,0,0,2,0,0,0,2,0,0,0,0,0,0,0,0,0,0,0,0,0,1,1,0,0,0,0,2,1,0,0,0,2,0,0,0,0,0,1,0,0,0,0,0,0,2,0,0,0,0,2,0,1,0,0,0,0,0,2,2,0,0,0,0,2,0,5,0,0,0,0,0,0,0,0,0
0,0,0,0,1,0,0,0,0,0,1,0,0,0,1,0,0,0,0,0,0,0,1,0,0,0,1,0,0,0,0,0,0,0,0,0,0,0,0,0,0,0,0,0,0,0,0,0,0,0,0,0,0,0,0,0,0,1,0,0,0,1,0,0,1,0,0,0,0,0,0,0,0,1,0,0,0,1,0,0,1,0,0,0,0,0,0,0,0,0,0,0,0,0,1,0,0,1,0,0,0,0,0,0,0,0,0,1,0,0,0,0,0,1,1,1,0,0,1,0,0,0,0,0,1,0,0,0,0,0,0,1,1,0,0,0,0,0,0,0,0,0,0,0,1,0,0,0,0,0,0,0,0,0,1,0,0,0,0,0,0,0,1,0,2,0,0,0,0,0,0,1,0,0,0,0,0,1,0,0,1,0,0,0,0,0,0,0,0,0,0,0,0,0,0,0,0,0,0,0,0,0,1,0,0,0,1,0,0,0,0,0,0,0,0,0,0,0,0,0,0,1,0,0,0,0,0,0,0,0,0,0,0,0,0,0,0,0,0,0,0,0,0,0,0,0,0,0,0,0,0,0,0,0,0,0,0,0,0,0,0,0,0,0,0,0,1,0,0,0
0,0,0,0,0,0,0,2,0,0,0,0,0,0,0,0,0,0,0,0,0,0,1,0,1,0,0,0,0,0,1,0,0,0,0,0,0,0,0,0,0,0,0,1,0,0,0,1,0,1,1,0,0,0,0,0,0,0,0,1,0,0,0,0,0,0,0,0,0,0,0,1,0,1,0,0,0,0,0,1,0,0,0,0,0,0,1,0,0,0,0,0,0,0,0,1,0,0,0,0,0,0,1,0,0,0,2,1,0,0,0,0,0,0,0,1,0,0,0,0,0,0,0,0,0,1,1,0,0,1,0,0,0,0,1,0,0,0,0,0,0,0,0,1,0,0,0,0,0,0,0,1,0,0,0,0,0,0,0,0,0,0,0,0,1,0,0,1,0,0,0,0,0,0,0,0,0,0,0,0,0,0,0,0,0,0,0,0,0,0,0,0,0,0,0,0,0,0,0,0,0,1,0,1,0,0,0,0,0,0,0,0,0,0,0,0,0,0,0,0,0,1,0,0,0,0,0,0,0,0,0,0,0,0,1,0,0,0,0,0,0,0,0,1,0,0,1,0,0,0,0,0,0,0,0,0,0,0,0,0,1,0,1,0,0,0,0,0,0,0
22,19,5,0,0,0,0,0,8,0,0,0,0,0,0,0,0,3,13,0,0,0,0,0,0,0,0,15,0,0,0,31,18,0,0,0,0,0,0,0,0,0,0,0,0,0,0,0,0,0,0,0,0,0,0,0,0,0,0,0,0,0,25,0,0,0,0,0,0,10,0,0,9,0,21,0,0,0,0,19,0,0,0,0,0,0,0,0,0,0,0,0,12,0,0,0,0,20,0,0,0,6,0,0,0,42,0,0,3,0,0,0,19,0,9,20,0,0,0,0,0,52,0,0,0,0,0,0,0,8,0,7,13,0,0,9,0,1,0,0,0,13,9,0,0,45,9,16,16,6,15,0,0,0,0,7,11,0,0,0,0,0,0,0,0,8,0,20,0,0,2,8,0,15,12,0,0,0,0,0,0,57,0,0,21,20,0,0,0,0,0,0,0,0,0,0,0,0,0,0,6,0,0,0,0,0,0,0,24,19,0,0,0,0,8,10,0,40,16,9,0,0,0,0,8,0,0,26,0,16,0,0,57,0,0,0,7,0,1,0,0,0,6,0,7,2,12,27,10,14,21,33,0,27,0,14,25,0,0,20,22,5,0,19,6,13,8,10,5,0
0,0,4,0,0,0,0,0,0,0,0,0,0,0,0,0,0,0,0,0,1,2,0,0,0,0,0,0,2,0,0,0,0,1,1,0,0,0,2,2,1,2,3,1,0,0,1,1,2,2,2,0,0,0,1,0,1,1,0,0,0,0,0,1,0,0,0,1,0,0,0,0,0,1,0,0,1,0,0,0,1,0,0,0,0,0,0,0,0,0,0,0,0,0,0,0,0,0,2,0,3,0,3,0,0,0,1,0,1,0,0,0,0,0,1,0,0,0,2,0,0,0,1,1,0,0,0,0,1,0,0,0,0,2,0,0,0,0,0,0,1,0,0,0,0,0,0,3,1,0,0,0,0,0,0,0,0,1,0,0,0,0,1,0,0,0,0,0,0,0,0,1,0,0,0,0,0,0,0,0,0,0,0,0,1,0,0,0,2,0,1,0,2,0,0,0,1,1,0,1,0,0,0,1,1,0,1,0,0,0,0,0,1,1,1,1,1,0,0,1,0,0,0,0,1,2,0,0,0,0,2,1,0,4,2,1,0,0,0,1,2,1,0,0,1,0,1,3,0,2,1,2,0,1,0,1,3,0,0,2,2,0,2,0,0,2,1,1,0,0
0,0,0,0,0,0,0,1,0,0,2,0,0,0,0,0,2,0,0,0,0,0,0,1,0,0,0,0,0,0,1,0,0,0,0,0,0,0,0,0,0,0,1,0,1,0,0,0,0,1,0,0,0,0,1,0,0,0,0,0,0,0,1,0,0,0,0,0,0,0,0,0,2,0,0,0,0,0,0,0,2,0,1,0,0,0,0,2,0,0,0,0,0,0,0,0,0,0,0,0,0,1,0,0,0,0,0,1,0,1,0,0,0,0,0,0,0,0,0,1,0,0,0,0,0,0,1,0,1,0,1,0,0,0,0,0,0,0,0,0,0,0,0,0,0,0,0,2,0,1,0,0,0,0,0,0,1,0,0,0,0,0,0,0,0,0,0,0,0,0,0,0,0,1,0,2,0,0,0,0,0,0,0,2,0,2,0,2,0,0,1,0,0,0,1,0,0,0,0,0,0,1,0,0,0,0,2,0,0,0,2,2,0,0,0,0,0,0,0,0,0,0,0,0,2,0,0,0,0,0,2,0,1,0,2,0,1,0,0,0,0,1,0,0,0,0,0,0,0,0,0,0,0,0,1,0,0,0,0,0,0,0,0,0,0,0,0,0,0,2
0,0,0,0,0,0,0,0,0,0,0,0,0,0,0,0,0,0,0,0,0,0,0,0,0,0,0,0,0,0,0,0,0,0,0,0,0,0,0,0,0,0,0,0,0,0,0,0,0,0,0,0,0,0,0,0,0,0,0,0,0,0,0,0,0,0,0,0,0,0,0,0,0,0,0,0,0,0,0,0,0,0,0,0,0,0,0,0,0,0,0,0,0,0,0,0,0,0,0,0,0,0,0,0,0,0,0,0,0,0,0,0,0,0,0,0,0,0,0,0,0,0,0,0,0,0,0,0,0,0,0,0,0,0,0,0,0,0,0,0,0,0,0,0,0,0,0,0,0,0,0,0,0,0,0,0,0,0,0,0,0,0,0,0,0,0,0,0,0,0,0,0,0,0,0,0,0,0,0,0,0,0,0,0,0,0,0,0,0,0,0,0,0,0,0,0,0,0,0,0,0,0,0,0,0,0,0,0,0,0,0,0,0,0,0,0,0,0,0,0,0,0,0,0,0,0,0,0,0,0,0,0,0,0,0,0,0,0,0,0,0,0,0,0,0,0,0,0,0,0,0,0,0,0,0,0,0,0,0,0,0,0,0,0,0,0,0,0,0,0
0,1,0,0,0,2,0,0,0,0,0,2,0,0,0,0,0,0,1,0,0,0,0,0,0,0,0,0,0,0,0,0,0,5,0,0,2,0,0,3,0,0,0,0,0,0,0,0,0,2,0,0,0,0,0,0,0,0,2,0,0,0,0,0,0,0,0,0,0,0,0,0,0,0,0,0,0,0,0,0,0,0,4,0,0,0,0,2,0,0,0,0,0,0,0,3,0,0,0,3,4,0,0,0,0,0,0,0,0,0,0,0,4,0,0,0,0,0,1,0,0,4,0,0,0,0,0,0,0,0,0,0,0,0,0,0,1,0,0,0,0,0,0,3,0,0,0,0,0,0,3,0,1,0,0,2,0,0,0,0,2,0,0,0,1,0,0,0,3,0,0,0,0,0,0,3,0,4,0,5,0,0,0,4,0,6,1,0,2,2,0,2,0,0,0,0,0,0,0,0,0,0,0,0,0,0,0,1,0,0,3,0,0,0,0,0,2,0,0,0,0,0,0,0,0,0,5,0,3,0,0,0,0,0,0,0,0,2,0,0,0,0,0,0,0,0,0,1,0,0,0,0,1,0,0,0,0,0,0,0,0,0,0,0,0,0,0,0,0,0
1,4,0,0,0,0,3,0,0,0,0,0,0,0,0,0,0,0,0,0,0,0,0,0,1,0,0,0,0,0,0,2,0,4,2,0,2,7,0,2,0,0,4,0,11,0,0,0,0,0,0,0,2,3,0,0,0,0,0,0,0,4,0,0,0,0,0,0,0,0,0,0,0,4,0,0,0,0,0,0,0,0,0,0,0,0,3,0,0,0,0,0,0,0,0,3,0,0,0,0,0,0,0,0,2,0,0,0,0,1,0,0,0,0,0,0,9,0,0,0,8,0,0,3,0,0,4,0,0,0,4,0,0,0,3,0,0,0,9,0,0,0,0,0,0,0,0,0,0,0,3,0,0,5,0,0,0,5,0,0,0,0,0,0,3,0,1,0,0,0,0,0,0,0,0,0,0,0,5,0,0,0,1,0,0,0,2,0,0,0,0,0,0,0,12,0,0,0,0,0,0,0,0,2,0,0,0,2,0,0,4,9,0,0,0,8,0,0,12,0,0,0,0,0,0,0,0,13,0,2,0,0,4,0,0,0,0,0,0,0,0,0,0,0,0,0,0,3,0,0,3,0,0,0,0,0,0,0,0,3,0,0,0,1,0,0,0,0,0,0
0,0,0,0,0,0,0,0,0,0,0,0,0,0,0,0,0,0,0,0,0,0,0,0,0,0,0,0,0,0,0,0,0,0,0,0,0,0,0,0,0,0,0,0,0,0,0,0,0,0,0,0,0,0,0,0,0,0,0,0,0,0,0,0,0,0,0,0,0,0,0,0,0,0,0,0,0,0,0,0,0,0,0,0,0,0,0,0,0,0,0,0,0,0,0,0,0,0,0,0,0,0,0,0,0,0,0,0,0,0,0,0,0,1,0,0,0,0,0,0,0,0,0,0,0,0,0,0,0,0,0,0,0,0,0,0,0,0,0,0,0,0,0,0,0,0,0,0,0,0,0,0,0,0,0,0,0,0,0,0,0,0,0,0,0,0,0,0,0,0,0,0,0,0,0,0,0,0,0,0,0,0,0,0,0,0,0,0,0,0,0,0,0,0,0,0,0,0,0,0,0,0,0,0,0,0,0,0,0,0,0,0,0,0,0,0,0,0,0,0,0,0,0,0,0,0,0,0,0,0,0,0,0,0,0,0,0,0,0,0,0,0,0,0,0,0,0,0,0,0,0,0,0,0,0,0,0,0,0,0,0,0,0,0,0,0,0,0,0,0
0,0,0,0,0,0,1,0,0,0,0,0,0,0,0,1,0,0,0,0,0,0,0,0,0,0,0,0,0,0,0,0,0,0,0,0,0,0,0,0,0,0,0,0,0,0,0,0,0,0,0,0,2,0,0,0,1,0,0,0,0,0,0,0,1,0,0,3,0,0,0,1,0,0,0,0,0,0,0,0,0,0,0,0,0,0,0,1,0,0,0,0,0,0,0,0,0,0,0,0,0,0,0,1,0,0,0,0,1,0,0,0,0,1,0,0,0,1,0,0,0,0,0,0,0,0,0,1,1,0,1,0,0,0,0,0,0,1,0,0,0,0,1,0,0,0,0,0,0,0,0,0,1,0,0,0,3,0,0,0,0,0,0,0,3,0,0,0,1,0,1,0,0,0,0,0,0,2,0,0,1,0,0,2,0,0,0,0,0,0,3,0,0,0,0,0,0,0,1,0,0,1,0,0,0,0,0,0,0,0,0,0,0,0,2,0,0,0,0,0,1,1,0,0,0,0,0,0,0,0,0,0,0,0,0,1,0,0,1,0,0,0,1,0,0,4,1,0,0,0,0,0,0,0,0,0,0,0,0,0,0,0,0,1,0,0,1,0,0,1
0,0,0,2,0,1,0,0,0,0,1,0,1,0,0,1,1,1,1,0,0,0,0,0,0,0,0,0,0,0,0,0,0,0,0,0,0,0,0,0,0,0,0,0,0,0,0,0,0,0,0,2,0,0,0,0,0,0,0,0,1,1,0,0,0,0,0,0,1,0,1,0,0,0,0,0,1,0,1,0,2,0,0,1,0,0,0,0,0,0,0,1,0,0,0,0,0,0,0,0,0,0,0,0,0,0,0,1,1,0,1,0,1,0,0,0,0,0,1,0,0,0,0,0,0,0,0,0,0,0,0,0,0,0,1,0,0,0,1,0,0,0,0,0,0,0,0,0,0,0,0,0,0,0,0,1,0,0,0,0,1,0,0,0,0,0,1,0,0,0,0,0,0,0,0,0,0,0,0,0,0,0,0,0,0,1,0,0,0,0,1,0,0,0,0,0,3,0,0,0,0,0,0,0,2,0,1,0,0,0,0,0,0,0,0,1,0,0,0,0,0,0,0,0,0,0,0,1,0,0,0,0,0,0,0,0,0,0,0,0,1,0,0,0,0,0,0,0,0,0,0,2,0,0,0,0,0,0,0,0,0,1,0,0,0,0,0,0,0,1
0,0,0,0,0,0,0,2,0,0,0,0,0,0,0,7,0,0,0,0,0,3,0,3,0,0,0,0,0,0,3,0,0,0,0,0,2,0,0,0,0,0,0,0,0,0,0,0,4,3,0,0,0,0,0,0,0,0,0,0,1,0,0,0,0,0,8,0,0,0,4,2,6,2,4,4,0,0,5,0,0,0,0,1,0,2,0,0,0,4,0,4,0,0,2,0,0,0,0,0,2,0,0,3,0,0,0,4,0,0,0,0,0,0,0,0,0,0,0,0,0,0,4,0,0,0,0,0,0,0,0,0,0,0,0,0,10,0,0,0,0,0,3,0,0,0,0,4,0,0,0,0,2,0,0,0,0,0,0,0,0,0,0,0,0,0,0,0,0,0,0,0,2,0,2,0,3,0,0,0,0,0,0,0,0,4,0,0,0,0,3,0,0,0,6,4,3,0,0,0,2,0,9,4,0,3,0,0,0,0,4,0,0,0,0,0,0,0,0,0,0,0,0,0,0,0,0,0,0,0,0,2,3,0,0,0,0,0,0,3,0,0,0,0,3,0,0,0,2,0,0,0,0,0,0,0,0,0,0,0,3,1,0,0,0,0,0,2,0,0
0,0,1,0,0,0,0,0,0,0,0,0,0,0,0,0,0,1,0,0,0,0,0,0,0,0,0,0,0,0,0,0,0,0,0,0,0,0,0,1,0,1,0,0,0,0,1,0,0,0,0,0,0,0,0,0,0,0,0,0,0,0,0,0,0,0,1,0,0,0,0,0,0,0,1,0,0,1,0,0,0,0,0,0,0,0,0,1,0,0,1,0,0,0,0,0,0,0,0,0,0,0,0,0,0,0,0,0,0,0,0,0,0,0,0,0,0,0,0,0,0,0,0,0,0,0,0,0,0,0,0,0,0,0,0,0,0,0,0,1,0,0,1,0,0,1,0,0,0,0,0,0,0,0,0,0,0,0,0,0,0,0,0,0,0,0,0,0,0,0,0,0,0,0,0,0,0,1,0,0,0,0,0,0,0,0,1,0,0,0,0,0,1,0,0,0,0,0,0,0,0,0,0,0,0,0,0,0,0,0,0,0,0,0,0,0,0,0,0,1,0,0,0,0,0,0,0,0,0,0,1,0,0,0,0,0,0,0,0,0,1,0,0,0,0,0,0,0,0,0,0,0,1,0,0,1,0,0,0,0,0,0,1,0,0,0,0,0,0,0
0,0,0,0,0,2,0,0,0,0,2,0,0,0,0,0,0,1,0,0,0,0,0,0,0,0,2,2,4,0,0,0,0,1,0,0,0,1,0,0,0,0,0,0,0,0,5,1,2,0,0,0,0,0,0,0,0,0,0,0,0,0,0,1,0,1,0,0,0,0,0,2,2,2,2,0,0,0,0,0,0,0,0,0,0,2,0,0,0,0,0,2,0,0,0,0,0,0,0,0,0,0,0,0,3,0,0,1,0,0,1,2,0,0,0,0,0,0,0,0,0,3,0,3,0,3,2,0,0,0,0,0,2,0,2,0,4,0,0,0,0,0,0,3,0,0,1,0,0,0,0,0,3,0,0,2,6,0,0,0,2,2,0,0,0,0,0,3,0,0,0,0,0,2,0,0,0,0,0,2,0,0,0,0,0,0,0,2,0,2,0,0,0,0,0,1,1,0,2,1,0,0,0,0,0,0,0,0,0,0,1,0,0,2,0,0,0,3,0,0,0,0,0,0,0,0,3,0,0,0,0,5,0,0,0,0,0,0,0,0,0,0,0,2,0,0,0,0,1,0,0,0,0,0,0,0,0,0,0,4,0,0,2,2,0,0,0,0,0,0
9,0,0,3,0,0,0,0,1,0,0,4,0,0,0,0,0,0,3,0,0,0,0,0,0,0,0,4,0,0,0,0,0,0,0,0,0,0,0,0,0,3,2,0,3,0,0,0,0,0,2,0,4,0,3,0,0,4,0,0,0,0,0,3,0,0,0,0,1,0,2,0,0,1,0,0,0,4,2,0,0,0,0,0,0,3,0,0,0,0,0,0,0,0,0,5,0,0,2,0,0,0,0,3,0,0,0,0,0,3,0,1,4,0,0,0,2,0,0,0,0,0,0,0,0,0,0,0,0,0,0,0,3,0,0,0,2,0,1,0,0,0,0,0,0,0,0,1,0,0,0,0,0,0,0,4,0,0,0,0,0,0,0,0,0,0,0,2,0,0,0,0,0,0,0,0,0,8,4,0,0,0,0,2,0,3,0,0,0,0,0,0,0,0,3,0,1,0,0,0,0,0,0,0,0,0,0,0,0,0,0,4,0,1,3,0,0,4,0,1,0,0,0,2,0,0,6,3,3,0,0,0,0,0,3,0,11,0,0,0,0,0,0,0,0,0,0,0,0,0,0,0,0,0,0,4,0,2,0,0,0,0,4,0,0,0,0,0,0,0
0,1,2,1,0,0,0,0,0,0,1,0,0,0,3,0,0,0,0,0,0,0,0,3,1,0,0,0,0,0,0,1,0,1,0,0,0,0,0,0,0,1,0,0,1,1,1,0,0,0,0,1,0,0,0,0,0,0,0,0,1,1,0,0,0,0,0,0,2,2,0,0,0,1,0,0,0,0,0,0,0,0,1,0,0,0,0,1,2,0,0,0,1,0,0,1,0,0,0,0,0,0,0,0,0,1,0,2,0,0,0,0,0,0,0,0,0,2,0,0,0,1,0,0,0,0,0,0,0,2,0,3,1,0,0,0,0,0,0,0,0,2,0,0,0,0,1,0,0,3,0,0,1,0,0,2,1,0,0,0,0,1,0,0,0,0,2,1,0,0,1,0,0,0,0,1,0,2,0,0,1,0,0,1,1,0,0,0,0,0,0,2,0,1,0,0,0,0,0,0,0,0,0,0,1,1,0,0,1,0,0,0,0,0,0,2,0,0,0,0,0,0,0,0,0,2,3,0,0,0,0,0,4,0,0,0,1,0,1,2,0,0,0,3,0,0,2,0,0,0,1,1,0,1,3,1,1,0,1,1,0,1,1,1,1,0,0,0,0,2
0,2,0,0,1,0,0,2,0,2,0,0,0,0,0,0,0,0,0,0,1,0,0,0,0,0,0,0,0,0,0,0,0,0,1,0,0,0,0,0,0,0,0,0,0,2,0,0,0,2,0,0,0,0,0,0,0,0,0,1,0,0,0,0,0,1,0,1,0,2,0,0,0,0,1,0,3,0,0,0,0,0,0,0,0,0,0,0,0,0,2,0,0,2,0,0,0,0,0,0,0,0,0,0,0,0,0,0,0,0,0,0,0,0,1,0,0,0,0,0,0,0,1,2,1,0,1,0,0,0,0,0,0,0,0,0,0,0,0,0,0,0,0,0,0,0,2,0,0,0,2,0,0,0,0,1,0,0,0,0,0,0,1,0,0,0,0,0,0,0,0,0,0,1,1,0,0,0,0,0,4,0,0,0,0,0,0,0,0,0,0,0,0,0,0,2,0,0,0,0,0,0,5,2,0,0,0,0,0,0,0,0,0,0,0,0,0,0,0,0,0,0,0,1,1,0,0,0,0,0,0,0,0,0,0,0,0,0,0,0,1,0,0,2,0,1,1,0,0,0,0,0,0,0,1,0,0,1,0,0,0,0,0,0,0,0,0,0,0,0
0,0,0,0,0,0,0,0,0,0,0,0,0,0,0,0,0,0,0,0,0,0,0,0,0,0,0,0,0,0,0,0,0,0,0,0,0,0,0,0,0,0,0,0,0,0,0,0,0,0,0,1,0,0,0,0,0,0,0,0,0,0,0,0,0,0,0,0,0,0,0,0,0,0,0,0,0,0,0,0,0,0,0,0,0,0,0,0,0,0,0,0,0,0,0,0,0,0,0,0,0,0,0,0,0,0,0,0,0,1,0,0,0,0,0,0,0,0,0,0,0,0,0,0,0,0,0,0,0,0,0,0,0,0,0,0,0,0,0,0,0,0,0,0,0,0,0,0,0,0,0,0,0,0,0,0,0,0,0,0,1,0,0,0,0,0,0,0,0,0,0,0,0,0,0,0,0,0,0,0,0,0,0,0,0,0,0,0,0,0,0,0,0,0,0,0,0,0,0,0,0,0,0,0,0,0,0,0,0,0,0,0,0,0,0,0,0,0,0,0,0,0,0,0,0,0,0,0,0,0,0,0,0,0,0,0,0,0,0,0,0,0,0,0,0,0,0,0,0,0,0,0,0,0,0,1,0,0,0,0,0,0,0,0,0,0,0,0,0,0
0,37,0,0,0,0,0,0,0,10,0,12,0,0,0,10,3,0,0,11,0,10,0,0,0,0,8,0,0,27,0,0,0,0,0,0,0,0,0,0,0,41,0,0,47,0,8,25,0,0,0,23,0,0,0,0,0,0,0,0,0,0,0,0,36,0,0,0,0,0,6,0,0,0,0,0,0,0,0,0,0,0,0,0,44,0,60,0,0,0,0,0,0,0,0,34,0,0,0,0,0,0,0,0,48,0,0,24,0,0,0,17,0,0,0,0,0,0,8,0,33,0,25,0,0,0,0,74,0,0,0,0,16,0,6,25,0,0,20,0,0,0,0,0,0,0,28,26,0,0,0,0,0,0,22,0,16,0,0,0,11,0,0,0,0,0,0,0,22,0,0,28,0,0,0,0,24,0,0,0,0,0,0,0,0,0,0,0,0,0,17,0,0,57,0,19,0,0,0,0,0,0,0,0,0,43,0,0,0,0,37,0,0,0,0,0,25,0,0,11,0,0,0,0,0,37,0,0,0,0,0,0,0,0,0,0,0,0,20,55,0,0,0,0,0,0,0,0,0,0,0,0,0,0,0,0,0,0,33,0,0,0,22,0,0,20,0,0,41,0
0,0,0,2,0,0,0,0,2,0,0,2,0,0,0,0,0,5,4,0,1,0,1,7,3,0,1,1,1,0,0,0,1,2,0,0,0,0,0,4,0,0,0,0,5,0,0,0,3,0,0,2,0,3,0,0,1,6,2,0,0,4,1,0,0,0,5,0,2,0,7,0,2,2,0,0,1,2,0,2,0,0,0,1,3,0,0,0,5,4,0,9,1,5,2,2,0,0,0,1,0,0,1,0,0,0,0,0,2,1,6,0,0,1,1,0,3,1,0,0,1,0,0,3,0,0,0,2,0,0,0,0,0,2,0,0,0,1,0,0,0,0,0,0,0,1,0,0,0,2,0,2,0,0,0,0,0,0,0,0,0,0,0,0,5,0,0,2,3,0,2,0,8,0,2,1,1,6,0,0,0,0,1,0,1,0,0,6,0,0,0,2,0,0,0,0,0,0,0,0,0,0,0,0,0,1,0,0,0,0,0,0,0,0,0,0,0,0,0,0,0,0,0,0,0,0,0,0,0,0,0,0,2,3,0,0,0,0,0,0,0,0,0,0,0,0,3,0,0,0,0,0,0,0,1,0,0,0,0,0,2,1,0,2,2,0,1,0,0,0
4,0,0,3,0,0,0,0,4,3,0,3,0,0,0,0,0,0,0,0,0,0,0,0,2,5,3,0,0,3,0,0,0,0,0,5,0,0,1,0,0,0,0,3,3,0,0,1,0,0,0,0,0,0,0,0,0,0,3,0,0,0,0,0,1,0,2,3,0,0,0,0,0,0,0,0,0,5,2,0,1,1,0,3,0,0,0,0,2,0,0,4,0,1,0,0,0,2,0,2,0,0,8,2,0,0,0,0,0,0,0,0,0,0,5,0,1,0,0,0,0,0,0,3,0,0,0,0,4,0,0,0,0,8,0,0,0,0,0,0,2,0,0,0,1,0,3,2,0,0,0,0,0,0,0,0,8,2,0,0,0,0,4,0,0,0,0,3,0,0,0,2,0,0,0,2,0,0,11,0,0,0,0,0,0,6,0,0,2,0,5,0,0,0,0,0,4,0,1,0,0,0,2,0,0,0,0,3,0,4,6,0,0,0,0,0,0,0,8,0,0,0,0,0,0,0,0,0,0,0,0,0,0,0,0,0,0,3,0,0,0,0,0,0,0,4,0,0,0,0,0,0,0,7,0,0,0,0,0,0,0,0,5,4,0,0,0,0,0,0
1,0,0,3,0,0,2,0,0,0,0,0,1,2,0,0,0,1,0,0,0,0,0,0,1,0,2,2,5,0,0,2,0,0,0,0,0,0,0,0,0,0,0,0,0,0,0,1,0,0,0,0,0,0,0,0,0,2,0,5,1,1,4,0,0,0,2,0,0,0,0,0,0,0,0,0,0,0,0,0,0,0,0,0,0,2,0,0,0,0,0,2,0,0,0,0,0,0,0,0,0,0,0,0,0,0,0,0,0,0,0,0,0,0,0,0,0,0,0,1,2,0,0,1,0,0,0,0,0,0,0,0,0,0,2,0,0,0,0,0,0,0,0,0,1,0,0,0,0,2,0,3,0,0,0,0,0,0,0,1,0,0,2,2,0,0,0,0,0,0,0,2,0,0,0,0,0,0,0,0,0,0,0,0,0,0,0,1,0,0,0,0,0,0,3,0,0,1,0,0,0,0,1,0,0,4,0,0,0,2,0,2,1,2,2,0,0,0,0,0,0,0,0,0,0,0,0,0,0,0,0,0,0,0,0,0,0,1,0,0,0,2,0,3,0,0,0,0,1,1,0,0,0,2,0,0,0,1,0,1,1,0,0,0,0,6,0,0,2,0
0,0,0,0,5,14,0,0,8,0,0,0,3,0,0,0,0,3,0,0,0,0,0,0,0,5,0,0,0,0,2,0,0,0,0,2,8,0,0,0,0,13,0,0,0,0,0,0,0,0,0,2,0,0,0,3,6,0,0,8,0,0,0,0,4,0,0,0,0,0,4,0,2,0,0,0,0,0,0,0,0,0,0,0,0,3,0,0,0,6,0,0,0,0,0,0,0,0,0,0,0,0,0,0,0,0,0,6,0,0,2,4,0,0,0,0,4,0,0,0,0,0,0,0,0,0,0,0,0,0,0,0,0,10,0,0,0,0,0,0,0,0,0,9,9,0,0,0,0,3,0,0,0,0,2,0,3,0,0,0,3,0,4,0,0,0,0,0,6,0,0,0,0,0,0,0,0,0,0,0,0,0,3,10,0,0,0,0,0,0,0,0,0,0,6,0,0,0,10,0,4,0,0,0,0,0,4,0,4,2,0,1,0,2,0,0,0,0,0,0,0,0,0,3,0,0,0,0,0,0,0,0,0,0,0,0,0,2,0,6,4,0,0,0,0,0,0,0,4,0,5,0,0,9,0,0,0,0,9,0,0,0,0,0,0,1,0,0,0,0
0,0,0,0,0,10,1,0,0,0,0,0,0,0,0,0,8,6,0,0,0,0,5,0,0,0,0,5,0,0,0,0,0,0,0,0,0,3,0,0,0,10,0,0,0,0,4,1,0,0,0,0,0,0,0,0,7,0,0,0,0,0,0,0,0,0,0,0,0,0,0,4,0,0,0,0,0,0,0,0,0,0,0,0,0,0,0,0,0,7,0,0,0,9,0,0,5,0,1,0,0,0,0,0,0,0,0,0,0,0,0,0,0,0,0,0,0,0,0,0,0,0,0,0,0,0,0,0,0,0,0,0,0,0,3,0,0,0,0,0,0,0,0,0,0,0,0,2,0,0,7,0,11,0,0,0,0,4,0,0,0,0,1,0,0,4,0,0,4,2,5,0,0,0,0,0,0,0,0,0,0,0,0,0,0,0,0,0,0,0,4,0,0,0,0,1,0,5,0,0,6,0,0,0,4,0,0,0,0,5,0,2,0,0,5,0,6,0,4,11,0,0,0,7,2,0,4,0,0,0,0,4,0,0,0,0,0,0,0,0,4,0,1,0,0,6,11,0,0,0,0,0,0,0,0,0,0,0,0,0,3,0,0,0,0,0,0,0,2,0
0,0,0,1,0,0,0,0,0,1,0,0,0,0,0,0,0,0,0,0,0,0,1,0,0,0,0,0,0,0,0,0,0,0,0,0,0,0,0,0,0,0,0,0,0,0,0,0,0,0,0,0,0,0,0,0,0,0,0,0,0,0,0,0,0,0,0,0,0,0,0,0,0,0,0,0,0,0,0,0,0,0,0,0,1,0,0,0,0,0,0,0,0,0,0,0,0,0,0,0,0,0,1,0,0,0,0,0,0,0,0,0,0,0,0,0,0,0,0,0,0,0,0,0,0,1,0,0,0,0,0,0,0,0,0,0,0,0,0,0,0,0,0,0,0,0,0,0,0,0,0,0,0,0,0,0,0,0,0,0,0,0,0,1,0,0,0,0,0,0,0,0,0,0,0,0,0,0,0,0,0,0,1,0,0,0,0,0,0,0,0,0,0,0,0,0,0,0,0,0,0,0,0,0,0,0,0,0,0,0,0,0,0,0,0,0,0,0,0,0,0,0,0,0,0,0,0,0,0,0,0,1,0,0,0,0,0,0,0,1,0,0,0,0,0,0,0,0,0,0,0,0,0,0,0,0,0,0,0,0,0,0,0,0,0,0,0,0,0,0
0,0,0,0,0,2,3,0,13,0,0,0,0,0,0,0,0,3,0,0,0,0,3,8,6,0,0,0,0,0,1,5,0,2,6,0,0,0,0,0,0,8,0,0,16,0,0,0,0,0,0,0,0,0,0,0,0,0,0,0,8,0,0,0,0,5,0,0,4,0,0,0,0,0,4,4,0,0,0,8,0,0,0,0,0,6,0,26,6,6,7,7,4,0,0,0,0,0,0,0,0,0,0,6,9,11,7,3,0,4,0,0,0,0,0,5,0,3,0,5,0,6,0,0,0,0,0,0,0,4,4,18,4,0,0,0,0,8,3,3,0,0,0,0,3,11,0,0,0,5,0,0,3,5,0,1,4,0,0,0,0,16,0,0,0,0,0,12,0,0,15,0,0,0,10,1,9,11,0,0,0,1,0,0,0,0,0,16,0,0,0,6,0,0,5,7,0,17,0,0,0,0,0,0,0,4,0,0,0,0,0,28,8,0,17,24,7,0,2,8,0,0,0,0,0,4,9,8,0,0,0,5,2,0,6,0,16,6,0,0,2,0,0,12,0,4,5,0,11,0,0,0,0,0,0,0,10,0,3,0,0,0,0,0,1,0,3,0,0,0
1,0,0,0,0,0,0,0,0,0,0,1,1,0,0,0,0,0,0,0,1,2,1,0,0,0,0,0,0,0,0,0,0,0,0,0,0,0,2,1,1,2,1,0,0,1,1,0,0,1,1,0,0,0,1,0,0,4,1,2,0,0,1,0,0,0,0,0,0,0,0,0,0,1,0,0,0,2,0,0,0,0,0,2,0,1,0,0,0,0,0,0,1,0,0,0,0,1,3,1,0,0,0,0,0,0,0,0,1,0,0,0,0,0,0,0,0,0,0,1,0,0,0,0,2,0,0,0,0,0,3,0,0,0,0,0,0,0,0,0,0,0,0,0,0,0,0,0,0,0,0,0,0,0,0,1,0,0,0,0,0,1,0,0,0,0,1,0,1,0,0,0,0,0,0,0,0,0,0,0,0,0,0,0,0,0,0,0,0,0,0,0,0,1,0,0,0,0,0,0,0,0,0,0,2,0,0,1,0,1,0,0,0,1,0,1,0,0,0,0,0,0,0,0,0,0,0,0,0,0,2,0,0,1,0,0,0,1,0,0,0,0,0,0,0,0,2,2,0,0,0,1,0,0,0,0,0,0,0,0,0,0,0,0,0,0,0,0,0,1
0,1,0,0,2,0,0,0,0,0,1,0,0,0,9,0,0,0,0,0,0,0,0,0,0,0,0,0,0,3,0,0,2,0,0,0,5,0,0,2,0,4,0,0,0,0,0,3,0,4,3,0,0,0,0,0,0,0,0,0,0,0,0,0,0,2,0,0,0,0,0,0,0,0,0,0,2,0,0,0,2,0,6,0,0,0,0,0,0,0,0,1,4,0,3,0,0,0,0,0,0,0,0,0,0,0,2,0,3,0,0,0,0,0,0,2,2,1,0,4,0,0,0,0,4,2,0,1,2,3,3,1,0,0,0,0,2,0,0,0,0,0,2,0,0,2,0,0,0,0,0,0,0,0,0,0,0,0,0,0,0,0,0,0,0,0,0,0,0,2,0,0,0,1,0,0,0,0,2,0,2,0,3,2,0,0,0,0,0,0,0,0,0,0,0,0,0,0,0,0,0,3,0,0,0,0,0,0,0,0,0,0,2,3,0,0,0,0,0,0,0,3,0,0,2,1,0,0,0,0,0,0,0,0,0,0,0,0,2,0,3,0,0,0,0,0,0,0,0,0,0,3,0,0,0,0,0,0,0,2,5,0,2,0,0,0,0,0,0,0
1,4,3,2,2,2,2,0,1,2,0,0,0,2,0,3,2,3,6,1,1,2,2,1,3,2,2,0,1,1,2,3,2,5,3,1,0,4,0,2,2,1,0,6,0,2,2,5,3,1,1,7,2,5,3,1,2,1,3,3,3,1,1,2,1,0,2,1,1,2,2,2,1,2,4,3,2,3,1,1,4,3,4,2,3,3,1,3,2,2,3,1,2,2,1,2,1,3,1,1,2,1,4,2,1,3,2,1,0,1,2,1,3,2,1,0,3,7,1,1,2,2,1,2,0,0,2,1,2,2,0,2,2,0,7,2,2,2,0,0,0,4,1,6,6,2,5,1,1,0,2,3,1,1,1,2,4,4,2,2,3,4,3,3,6,1,1,4,4,2,2,0,2,1,4,3,8,4,0,0,2,2,3,1,3,1,1,1,6,3,3,4,1,3,5,3,2,2,0,1,2,1,1,1,2,3,1,0,1,1,2,4,6,1,0,2,3,3,2,1,1,3,0,1,3,1,5,1,2,1,1,1,0,2,5,0,1,4,2,0,1,4,5,5,1,1,0,2,0,0,1,3,1,1,2,2,0,3,4,3,3,1,3,1,1,3,5,2,1,1
2,4,8,0,0,0,0,0,0,0,3,0,0,0,0,0,0,0,0,0,6,0,4,0,0,0,2,0,0,1,0,0,5,0,0,0,0,3,0,0,2,0,0,0,0,0,0,0,0,3,0,0,0,0,0,3,0,3,3,0,0,0,0,0,0,0,0,2,0,0,0,0,0,0,0,0,0,0,0,0,0,0,0,0,0,0,0,1,0,0,0,0,0,3,2,0,0,1,3,0,6,5,0,0,0,0,3,0,0,0,3,11,0,0,9,0,3,4,0,2,0,0,0,0,0,0,0,0,0,0,0,0,1,0,0,0,1,0,0,0,0,0,0,0,0,0,9,4,0,0,0,0,0,0,0,0,0,2,0,0,3,0,0,0,0,1,0,0,4,0,0,0,9,0,0,0,3,0,0,4,0,4,0,0,0,2,0,0,0,4,0,0,0,0,0,0,0,0,0,0,0,0,13,0,0,0,0,10,0,13,1,2,0,0,0,0,2,0,0,5,4,1,0,0,5,1,0,0,0,0,0,0,0,0,1,0,3,4,7,1,0,0,0,0,3,0,0,3,4,0,2,1,3,5,0,1,0,0,0,0,0,5,0,3,0,2,0,0,1,0
0,0,0,0,0,0,21,0,0,0,0,0,0,13,0,11,28,0,0,0,0,0,0,6,0,0,0,0,0,0,0,0,12,33,0,0,0,0,0,0,0,0,0,0,4,5,0,0,0,0,14,0,0,0,0,0,0,14,0,0,0,0,0,0,0,0,0,14,0,0,0,0,42,0,0,7,17,0,0,0,0,0,0,0,0,8,0,24,0,0,13,3,0,0,0,0,0,0,12,0,0,0,0,0,0,0,0,0,0,0,0,0,5,13,9,0,0,12,0,0,5,0,0,0,13,0,0,0,0,0,4,0,0,0,0,0,13,0,0,0,0,0,0,0,5,0,0,0,0,0,0,0,13,10,0,0,0,0,0,0,0,0,0,10,0,0,0,0,0,0,0,0,13,0,0,0,0,0,29,7,11,0,0,0,0,0,0,0,7,0,0,8,0,0,0,6,0,0,0,0,0,4,0,6,5,0,6,0,0,0,0,0,20,0,7,0,0,0,0,0,3,0,0,0,0,0,0,0,0,0,0,0,0,0,0,0,0,0,0,0,0,15,17,0,0,15,0,15,5,0,8,13,0,0,0,0,0,17,0,0,0,0,0,0,0,6,0,50,0,19
0,9,0,0,0,0,0,2,0,0,0,0,1,0,0,0,0,0,0,0,0,0,0,0,0,0,0,0,0,0,0,0,0,3,0,0,0,0,2,0,0,0,0,0,0,0,0,0,2,0,0,5,2,0,2,1,0,3,0,0,3,4,1,0,0,0,0,0,0,0,0,2,0,0,0,0,0,0,0,0,0,2,0,0,2,0,2,0,0,0,0,1,0,0,2,0,3,0,0,0,0,0,0,0,0,0,0,0,0,0,0,0,0,0,0,0,0,0,0,0,0,0,1,0,0,0,0,4,0,0,0,0,0,0,0,0,0,0,2,0,0,0,0,2,0,0,0,0,0,0,0,0,0,0,0,2,0,0,0,0,4,0,0,0,0,0,0,0,0,0,0,0,1,2,0,0,0,0,0,0,0,0,0,0,2,0,0,0,0,0,0,2,0,0,4,3,0,0,0,0,5,2,0,0,0,0,0,0,0,0,0,0,0,0,0,0,0,0,2,1,0,0,0,1,0,1,0,0,0,0,0,1,0,0,0,0,0,0,0,0,0,2,0,0,0,0,0,0,0,0,0,2,0,0,0,6,0,0,0,0,5,0,0,0,2,2,0,0,2,0
0,0,0,0,0,0,0,0,5,0,0,1,0,1,0,1,0,0,1,0,0,0,0,1,0,0,0,0,0,0,0,0,3,0,0,3,0,1,0,1,3,0,0,0,0,0,0,0,0,0,0,1,0,0,0,0,0,0,0,0,0,0,0,0,0,0,0,1,2,0,0,1,0,0,0,0,0,0,0,0,0,0,0,0,0,0,0,0,1,0,0,0,0,0,0,0,1,0,2,0,0,0,0,2,0,0,0,4,0,0,0,0,1,0,0,0,2,0,0,2,0,0,0,0,1,2,0,0,0,0,2,0,2,1,0,0,0,3,0,0,1,0,0,1,0,0,0,2,0,0,3,0,0,0,0,0,0,0,0,0,1,2,0,0,0,0,0,0,0,0,0,1,0,0,0,0,1,0,3,0,0,0,0,0,0,0,0,0,1,0,0,0,0,0,0,1,0,1,1,0,0,0,1,0,2,0,0,0,0,0,5,0,0,0,0,1,0,1,0,0,0,0,0,1,0,0,0,0,0,0,1,0,0,2,0,0,0,0,0,0,0,0,0,0,0,0,3,0,0,0,0,0,1,0,0,0,0,0,0,0,0,0,0,0,0,0,0,0,0,0
7,0,3,0,0,0,2,0,2,8,0,0,0,1,0,0,0,0,0,0,0,8,4,0,0,0,0,0,0,0,0,0,0,0,0,2,0,0,0,0,0,0,0,0,0,0,0,0,0,0,0,0,0,0,0,0,0,0,0,0,0,0,0,0,0,0,0,0,2,5,0,0,2,0,0,0,0,0,0,0,0,0,3,0,0,0,0,0,3,0,0,0,0,0,3,0,0,0,0,0,0,0,0,0,4,0,0,2,0,0,0,0,0,5,0,0,0,0,0,0,11,0,0,0,0,0,0,0,0,1,0,0,1,0,0,0,0,0,0,4,0,0,0,0,0,0,0,11,4,0,0,2,0,0,0,0,0,0,0,1,2,0,0,0,0,3,2,1,0,0,0,0,0,4,0,5,0,2,0,0,0,0,0,0,2,0,0,0,5,0,3,0,2,0,2,0,0,0,0,3,0,0,0,0,2,0,0,0,0,0,0,0,0,0,0,0,0,0,0,0,0,0,0,0,0,0,8,0,2,0,0,0,3,0,0,0,0,0,2,4,0,0,9,0,0,0,0,0,0,0,0,0,0,0,0,0,0,0,0,0,0,0,2,0,0,2,1,0,0,0
0,0,1,0,0,0,0,0,0,0,0,0,0,0,0,0,0,0,0,2,0,0,0,2,0,0,0,0,0,0,0,1,0,0,0,0,0,0,1,0,0,0,0,0,0,0,2,0,0,0,0,0,2,0,0,0,0,0,0,0,0,0,0,0,1,0,0,0,0,0,0,0,0,0,0,0,1,0,0,2,0,2,0,0,0,0,0,0,0,0,0,0,0,0,0,2,0,0,0,0,0,0,0,1,0,0,0,0,0,1,0,3,0,1,1,0,1,0,0,1,2,0,0,0,0,1,2,0,0,0,0,0,1,0,0,0,0,0,0,0,0,0,0,0,0,0,0,0,0,0,0,0,0,0,0,2,1,0,0,0,0,0,0,0,2,0,0,0,0,4,0,0,1,1,0,0,0,0,0,0,0,0,1,0,0,1,1,0,0,0,0,0,0,0,4,0,0,0,0,0,0,0,1,0,1,1,0,0,1,0,0,0,0,0,0,0,0,0,0,0,0,0,0,0,0,0,1,0,0,1,1,0,0,0,3,0,0,1,0,0,0,0,0,0,0,0,2,0,0,0,0,0,0,2,0,0,0,0,0,0,0,0,0,0,0,0,0,0,0,0
6,8,23,0,11,8,24,8,0,7,0,5,0,7,17,7,4,16,0,14,51,23,9,26,13,11,13,3,18,24,11,0,12,26,8,9,15,14,26,19,4,43,0,3,16,1,16,49,16,25,20,24,20,12,17,17,12,0,12,9,32,41,40,21,4,10,6,49,20,22,26,36,40,22,3,17,12,26,19,26,12,6,9,12,17,14,3,17,10,10,27,18,59,13,15,6,17,13,15,25,46,32,19,13,17,0,9,0,1,0,29,56,9,8,17,3,26,18,21,22,11,17,6,21,10,27,10,22,5,10,2,0,5,0,45,20,30,3,21,0,11,0,10,17,14,15,20,3,18,13,20,18,12,12,27,31,9,7,5,10,15,19,13,12,49,21,6,5,16,5,4,9,0,8,4,9,17,4,19,9,0,27,13,23,28,10,4,3,4,0,14,13,20,3,12,28,29,13,13,6,7,7,4,33,4,6,5,17,7,7,24,1,8,16,10,9,18,2,13,22,12,13,20,24,18,10,22,25,4,7,3,19,7,2,12,5,2,8,4,15,6,1,12,8,6,5,27,50,10,14,18,0,9,23,6,7,8,7,7,14,0,5,0,5,5,1,6,4,14,0
0,0,0,0,0,0,0,0,0,0,0,0,1,0,0,0,0,0,0,0,1,1,0,0,0,0,0,0,0,0,1,0,0,0,2,0,0,0,1,0,1,0,0,0,0,0,1,0,0,1,0,0,0,0,0,0,1,1,1,0,0,0,1,0,0,0,0,0,0,0,1,1,0,0,0,0,0,1,0,0,0,0,0,0,0,0,0,0,0,0,0,1,0,0,0,0,0,0,0,0,1,0,0,0,0,0,0,0,0,0,1,1,0,0,0,0,1,1,0,0,0,0,0,0,0,1,1,0,1,0,0,0,0,0,0,0,1,0,0,0,0,0,0,0,0,0,0,0,0,0,0,0,0,0,0,0,0,0,0,0,1,0,0,0,0,0,0,0,0,0,0,0,0,0,0,0,0,0,0,0,0,0,0,0,0,0,0,0,0,0,0,0,0,0,0,0,0,0,1,0,0,0,0,0,1,1,0,0,0,0,0,0,0,0,0,0,0,0,0,0,0,0,1,0,0,0,0,0,0,0,0,0,0,0,0,0,0,0,0,0,0,0,0,1,0,0,0,0,0,0,0,0,0,0,0,0,0,0,0,0,0,1,0,0,0,0,0,0,0,0
10,0,0,0,7,0,0,0,0,0,0,0,0,0,0,0,0,0,0,0,0,0,0,8,0,0,0,0,0,0,0,0,0,0,0,8,0,0,0,0,0,0,0,0,0,0,0,0,0,0,0,0,13,0,0,0,0,0,0,0,7,0,0,0,8,0,0,0,0,0,0,0,0,13,0,0,9,0,0,0,0,0,0,2,0,11,0,0,0,7,0,0,0,0,0,0,0,0,0,0,0,0,14,0,0,0,0,0,0,0,0,0,0,0,0,0,0,0,0,0,0,0,0,0,0,0,0,0,0,0,0,0,7,4,0,0,0,0,0,0,0,0,0,9,0,0,0,1,0,0,0,0,0,0,0,0,0,7,10,0,11,0,0,0,0,0,0,7,0,0,0,0,0,0,0,0,0,0,13,0,0,0,4,0,4,10,0,0,0,0,0,10,0,0,0,0,0,0,17,0,0,0,0,0,0,0,9,9,0,9,0,0,0,0,0,0,0,0,0,0,2,0,5,0,0,0,0,10,0,0,0,0,12,0,0,0,9,7,10,0,0,1,0,0,0,8,0,0,0,0,0,0,0,0,0,0,0,11,0,0,0,7,7,0,17,0,5,0,0,0
0,0,0,0,0,0,0,3,0,0,4,0,0,3,0,0,0,0,0,0,3,2,0,0,0,0,0,0,0,0,4,0,0,0,0,2,0,2,1,5,1,0,0,3,0,0,0,0,0,0,0,0,0,0,0,0,0,0,0,0,0,0,0,0,3,0,6,0,0,0,2,0,0,0,0,0,0,3,0,0,0,0,0,0,0,0,0,0,0,2,0,0,1,1,0,0,0,0,0,0,0,0,0,0,0,0,0,0,0,0,0,0,0,0,0,0,0,2,0,0,0,0,0,2,0,0,0,0,0,0,0,0,0,0,0,0,0,0,2,0,1,0,0,0,0,0,0,0,0,0,1,0,0,0,0,0,0,0,0,0,0,2,0,0,2,0,0,0,0,0,1,0,0,0,0,0,0,0,0,0,3,2,0,0,2,0,1,3,2,0,1,2,0,6,0,0,0,0,0,0,0,0,0,0,0,0,0,0,0,0,0,0,0,0,0,0,1,0,0,0,0,2,0,3,0,6,0,0,0,1,2,0,0,0,0,0,0,7,0,1,0,1,0,0,0,3,0,0,0,0,9,0,0,0,0,0,0,0,0,1,0,0,0,0,5,1,0,2,0,0
0,0,0,0,8,0,0,6,0,0,0,0,0,0,0,8,0,0,0,0,0,0,0,0,6,0,0,0,0,0,0,0,0,0,0,0,0,0,0,0,0,0,0,0,0,0,0,0,0,0,0,0,0,0,0,0,0,0,0,0,0,0,10,0,0,0,0,26,22,0,0,0,0,0,0,0,0,0,13,0,0,0,0,0,0,0,0,10,0,8,0,0,6,0,0,0,0,11,0,20,0,0,7,0,0,0,0,0,0,0,0,0,0,0,0,0,0,0,0,0,0,0,0,0,0,0,0,7,0,0,0,0,5,3,0,0,0,0,0,0,0,7,0,0,0,4,0,0,0,0,0,0,0,4,0,0,0,11,0,0,0,0,0,9,0,0,0,0,0,0,8,7,0,0,0,0,0,0,1,0,0,0,0,0,0,2,0,0,0,0,0,0,0,6,0,27,0,5,7,0,0,10,0,0,0,0,0,0,0,0,0,0,0,0,0,0,0,8,0,0,0,0,0,0,0,0,0,0,0,0,0,0,6,7,0,0,0,0,0,0,0,0,0,0,0,0,0,0,0,0,0,0,0,7,0,0,0,0,0,0,0,0,0,0,0,0,5,0,0,0
4,4,0,0,1,0,0,0,0,0,0,0,0,0,0,0,7,0,0,0,0,0,0,0,0,0,0,4,0,2,0,0,3,4,1,8,0,0,0,0,0,0,3,0,0,0,0,0,0,0,7,0,0,0,0,0,4,0,0,0,6,0,0,0,0,0,6,0,0,0,0,0,0,4,0,0,0,0,0,0,0,12,4,0,0,0,0,0,0,0,0,0,0,4,0,7,0,0,7,0,0,0,0,0,4,8,0,0,0,8,2,9,0,0,0,0,0,0,0,0,0,0,0,2,0,0,0,0,5,0,0,0,0,10,7,0,0,1,5,0,0,0,0,0,0,0,0,4,14,0,0,0,0,0,0,0,0,3,0,0,5,0,0,0,0,1,0,0,0,5,0,0,0,0,0,4,0,6,0,0,8,0,0,0,0,8,6,0,0,0,0,0,0,0,0,0,0,0,0,0,0,0,0,0,0,0,0,6,0,0,2,0,0,0,0,0,0,0,0,0,2,0,0,0,0,0,0,0,0,0,6,0,0,0,0,3,0,0,0,0,1,0,0,0,0,0,0,0,0,2,3,0,0,0,0,0,0,4,0,0,0,0,0,0,6,0,0,0,3,0
0,2,0,0,0,0,0,0,0,0,0,2,0,0,0,0,0,0,0,0,0,0,0,0,8,0,0,0,0,0,0,1,4,0,0,0,0,0,0,4,0,0,0,0,1,4,0,0,14,0,0,2,0,3,2,0,0,0,4,0,8,0,0,0,0,0,0,0,4,0,0,0,0,0,0,0,0,0,0,0,0,0,0,0,0,0,0,0,0,0,0,0,0,0,0,0,0,1,2,3,0,0,0,0,0,0,4,0,0,0,0,1,0,0,0,0,0,0,0,0,0,0,0,0,0,3,0,0,8,0,0,0,0,0,3,0,0,0,0,0,1,0,0,0,0,6,0,0,0,3,0,0,0,0,0,3,0,0,0,0,0,0,0,0,0,0,0,0,0,0,0,0,0,4,0,0,0,2,0,0,3,0,0,0,2,3,0,0,0,1,0,3,0,0,0,0,2,4,0,4,0,0,0,0,0,0,0,0,1,2,1,0,0,1,2,0,0,0,0,0,0,0,0,0,0,0,0,2,0,0,0,0,0,0,0,2,0,0,0,0,0,0,0,3,0,0,0,0,0,0,0,4,0,0,0,0,0,0,0,5,0,0,0,0,0,4,0,0,0,0
2,0,0,1,0,0,0,0,0,0,0,0,0,0,0,0,0,0,0,0,0,0,0,0,0,0,1,0,0,0,0,1,0,0,0,4,0,5,0,0,0,0,0,0,0,0,0,0,0,0,0,1,0,0,0,0,0,0,0,0,0,0,0,0,0,0,0,0,0,0,0,0,0,0,1,0,0,0,1,0,0,2,2,0,0,0,0,0,0,0,0,0,2,0,0,0,0,0,1,1,0,0,0,0,0,0,0,0,0,0,0,0,0,0,1,2,0,0,0,0,0,2,1,0,0,0,0,0,0,0,0,0,0,0,0,0,0,0,0,0,0,0,0,0,0,0,0,0,0,1,0,0,0,0,1,0,0,0,2,1,2,0,0,0,0,0,1,0,0,0,0,0,0,2,0,0,0,0,0,0,0,5,2,0,0,0,0,0,0,1,0,1,0,0,0,3,0,0,0,0,0,0,0,0,0,5,1,0,0,0,0,0,0,0,0,0,2,0,0,0,0,0,0,0,0,0,0,0,0,0,0,0,0,0,0,0,0,0,0,0,0,2,0,1,0,0,0,0,0,3,0,4,0,2,0,0,0,0,0,0,0,0,0,1,0,0,0,0,0,0
0,0,0,0,0,0,0,0,0,0,0,8,0,0,6,0,0,0,0,0,14,11,0,0,6,0,0,0,0,0,7,0,0,0,0,6,0,0,10,0,4,8,17,4,0,5,0,0,17,6,0,1,0,0,0,0,0,16,0,0,0,0,9,0,0,0,0,0,0,0,0,0,0,0,0,0,0,0,0,0,6,3,0,0,2,0,0,8,0,0,0,0,0,7,0,0,6,0,4,0,0,0,4,0,2,0,0,0,9,7,0,0,0,0,5,6,0,0,0,8,0,0,0,0,0,0,0,0,0,0,0,7,0,0,0,0,0,2,0,0,7,0,0,0,0,0,0,0,0,0,0,0,0,5,0,0,0,0,0,0,7,0,0,0,10,3,0,0,0,0,0,0,0,0,0,0,0,0,0,0,11,0,0,7,0,0,0,0,0,0,0,0,0,4,0,5,0,0,0,12,0,0,12,0,0,0,0,0,0,7,0,0,0,0,7,0,0,0,0,0,0,0,0,0,0,0,0,0,0,0,0,6,0,0,0,0,0,6,0,0,0,0,0,0,6,0,10,0,5,4,5,5,0,0,10,0,0,3,0,7,0,0,0,0,0,0,0,0,0,0
3,4,0,0,0,0,3,0,3,0,0,0,2,0,0,0,2,0,4,0,6,3,2,3,4,0,0,0,4,0,0,0,0,7,0,0,0,0,10,8,1,1,3,2,21,6,1,3,5,1,0,5,0,2,0,2,13,0,2,3,8,6,8,0,2,2,0,0,1,0,6,0,4,4,4,0,0,0,0,2,1,0,0,14,0,0,0,0,0,2,0,5,2,21,1,0,0,0,7,3,2,3,2,4,0,0,3,3,8,0,4,8,0,1,0,0,6,0,0,0,7,8,5,4,0,0,0,0,0,4,0,0,0,0,0,3,0,3,0,2,0,0,3,0,0,2,14,0,0,0,0,0,0,0,0,8,7,0,4,4,10,4,0,0,4,0,3,2,0,2,0,4,4,0,3,0,0,2,6,3,7,0,0,1,0,0,0,0,8,0,0,3,0,0,0,2,3,0,0,2,3,0,2,3,0,3,0,0,0,0,7,6,0,1,1,5,4,3,5,0,0,2,6,5,4,2,4,6,0,3,1,3,0,0,1,1,4,0,3,0,3,6,0,2,5,0,2,0,3,0,3,16,0,2,1,19,0,0,5,7,2,0,5,2,7,3,0,0,4,9
0,0,0,0,0,0,1,0,0,0,0,0,0,0,0,0,0,0,0,0,0,0,0,0,0,0,0,0,1,0,0,0,0,0,0,0,0,0,0,0,0,0,0,0,0,0,0,0,0,0,0,0,0,1,0,0,0,0,0,0,0,0,0,0,0,0,0,0,0,0,0,0,0,0,0,0,0,0,0,0,0,0,0,0,0,0,0,0,0,0,0,0,0,0,0,0,0,0,0,1,0,0,0,0,0,0,0,0,0,0,0,0,0,0,0,0,0,0,0,0,0,0,0,0,0,0,0,0,0,0,0,0,0,0,0,0,0,0,0,0,0,0,0,0,0,1,0,0,0,0,0,0,0,0,0,0,0,0,0,0,0,0,0,0,0,0,0,0,0,0,0,0,1,2,0,0,0,0,0,0,0,0,0,0,0,0,0,0,0,0,0,0,0,0,0,0,0,0,0,0,0,1,0,0,0,0,0,1,0,0,0,0,0,0,0,0,0,0,0,0,0,0,0,0,0,1,0,0,0,0,0,0,0,0,0,0,0,0,1,0,0,0,0,0,0,0,0,0,0,0,0,0,0,0,0,0,0,0,0,0,0,0,0,0,0,0,0,0,0,0
0,0,0,0,0,0,0,0,0,0,0,0,0,0,0,0,0,0,0,0,0,0,0,0,0,0,0,0,0,0,0,0,0,0,0,0,0,0,0,0,0,0,0,0,0,0,0,0,0,0,0,0,0,0,0,0,1,0,0,0,0,0,0,1,0,0,0,0,0,0,0,0,0,0,0,0,0,0,0,0,0,0,0,0,0,0,0,0,0,0,0,0,0,0,0,0,0,0,0,0,0,0,0,0,0,0,0,0,0,0,0,0,0,0,0,0,1,0,0,0,0,0,0,0,0,0,0,0,0,0,0,0,0,0,0,0,0,0,0,0,0,0,0,0,0,0,0,0,0,0,0,0,1,0,0,0,0,0,0,0,0,0,0,0,0,0,0,0,0,0,0,0,0,0,0,0,0,0,0,0,0,0,0,0,0,0,0,0,0,0,0,0,0,0,0,0,0,0,0,0,0,0,0,0,0,0,0,0,0,0,0,0,0,0,0,0,0,0,0,0,0,0,0,0,0,0,0,0,1,0,0,0,0,0,0,0,0,0,0,0,0,0,0,0,0,0,0,0,0,0,0,0,0,0,0,0,0,0,0,0,0,0,0,0,0,0,0,0,0,0
0,0,0,0,0,0,4,0,0,0,0,0,0,0,0,0,0,0,1,0,0,0,0,0,0,0,0,0,0,0,0,0,1,0,0,0,1,0,0,0,0,0,1,0,0,0,1,0,0,0,0,0,0,0,0,0,1,0,0,0,0,0,0,0,0,0,0,0,0,0,1,1,0,0,0,0,0,0,0,0,0,0,0,1,0,0,0,0,0,0,0,0,0,1,1,0,0,0,0,0,1,0,0,0,1,0,0,0,0,0,1,0,1,0,0,0,0,0,0,0,0,0,0,0,0,0,0,0,0,0,1,0,0,0,0,0,0,0,0,0,0,1,0,0,0,1,0,0,0,0,0,0,0,0,0,0,0,0,0,0,0,0,0,1,0,0,0,0,0,0,0,0,0,0,0,0,0,0,1,0,0,0,0,0,0,0,0,0,0,0,0,0,0,0,0,0,0,1,0,0,0,0,0,0,0,0,0,0,1,0,1,0,1,0,0,0,0,0,0,0,0,0,0,0,0,0,1,0,0,0,0,0,0,0,0,0,0,0,0,0,0,0,0,0,0,0,0,0,0,0,0,0,0,0,0,0,0,0,0,1,0,0,0,0,0,0,0,0,0,0
1,4,2,2,0,2,5,0,0,0,9,7,4,0,0,5,0,0,0,6,0,0,0,0,0,13,0,0,0,4,0,0,2,0,7,0,2,4,0,0,1,0,5,6,3,1,2,1,1,0,0,0,0,5,0,5,0,0,1,2,0,0,0,2,0,0,0,0,0,1,0,0,0,0,0,0,3,0,0,0,2,2,5,0,0,10,5,0,0,7,3,1,2,0,2,0,5,0,3,0,0,0,1,3,2,0,1,2,0,0,2,0,3,0,3,3,5,5,5,0,1,0,0,0,2,0,2,5,4,2,2,0,0,4,3,2,2,6,1,0,0,4,0,1,2,0,0,7,0,2,0,2,2,2,0,0,0,4,1,3,0,0,2,0,1,0,1,4,0,0,1,0,0,1,0,0,0,0,0,1,0,1,0,0,0,0,0,2,0,1,0,1,2,4,0,0,0,0,0,0,0,0,0,0,0,0,0,2,0,0,0,2,3,0,0,5,2,0,1,3,0,0,1,2,0,0,1,0,0,0,3,0,0,9,0,2,0,0,0,0,0,0,0,0,1,0,0,0,0,0,0,0,0,0,2,0,0,4,0,0,3,0,0,0,0,0,1,0,0,0
0,0,0,0,3,0,0,4,2,4,0,0,8,0,0,0,0,11,10,4,9,11,0,9,4,0,0,6,9,0,0,4,0,0,0,4,3,0,0,0,2,9,0,4,0,9,10,4,0,3,0,0,12,4,0,0,6,0,4,3,4,0,2,0,0,0,0,1,0,0,0,0,0,2,0,0,0,1,0,0,1,0,0,0,0,0,0,0,0,7,0,11,1,2,0,1,0,0,4,0,0,0,5,0,0,0,10,4,2,7,0,6,3,6,3,0,12,2,0,0,5,0,0,5,0,1,3,0,6,3,0,0,0,0,0,1,0,0,3,0,0,5,0,6,1,0,0,6,0,0,0,0,0,0,0,0,0,2,0,4,3,3,0,3,0,5,0,0,0,0,0,4,0,0,0,0,0,0,0,0,0,0,0,0,0,0,0,0,0,0,0,0,0,0,0,3,0,0,0,0,0,0,0,0,0,5,0,0,2,0,0,0,4,0,0,0,8,0,0,0,0,3,0,0,11,0,0,0,0,0,3,0,1,9,0,0,0,0,0,0,0,0,3,0,0,0,0,4,0,0,0,0,0,0,0,0,5,0,0,0,0,5,0,0,1,0,0,5,0,0
0,0,0,0,0,0,0,0,0,0,0,0,0,0,0,0,1,0,0,0,0,0,0,0,0,0,0,0,0,0,0,0,0,0,0,1,0,1,0,0,0,0,1,0,0,0,0,0,0,0,0,0,0,1,0,0,0,0,0,0,0,0,0,0,0,0,0,0,0,0,0,0,0,0,0,0,0,0,0,0,0,0,0,0,0,0,0,0,0,1,0,0,0,0,0,0,0,0,0,0,0,0,0,0,0,0,0,0,0,0,0,0,0,0,0,0,0,0,0,0,0,0,0,0,0,0,0,0,0,0,0,0,0,0,0,0,0,0,0,0,0,0,0,0,0,0,0,0,0,0,0,0,0,0,0,0,0,0,0,0,0,0,0,0,0,0,0,0,0,0,0,0,0,0,0,0,0,0,0,0,0,0,0,0,0,0,0,0,0,0,0,0,0,0,0,0,0,0,0,0,0,0,0,0,0,0,0,0,0,0,0,0,0,0,0,0,0,0,0,0,0,0,0,0,0,0,0,1,0,0,0,0,0,0,0,0,0,0,0,0,0,0,0,0,0,0,0,0,0,0,0,0,0,0,0,0,0,0,0,0,0,0,0,0,0,0,0,0,0,0
0,0,0,0,0,0,0,0,0,0,0,0,0,0,0,0,0,0,0,0,0,0,0,0,0,0,0,0,0,0,0,0,0,0,0,0,0,0,0,0,0,0,0,0,0,0,0,0,0,0,0,0,0,0,0,0,0,0,0,0,0,0,0,0,0,0,0,0,0,0,0,0,0,0,0,0,0,0,0,0,0,0,0,0,0,0,0,0,0,0,0,0,0,0,0,0,0,0,0,0,0,0,0,0,0,0,0,0,0,0,0,0,0,0,0,0,0,0,1,0,0,0,0,0,0,0,0,0,0,0,0,0,0,0,0,0,0,0,0,0,0,0,0,0,0,0,0,0,0,0,0,0,0,0,0,0,0,0,0,0,0,0,0,0,0,0,0,0,0,0,0,0,0,0,0,0,0,0,0,0,0,0,0,0,0,0,0,0,0,0,0,0,0,0,0,0,0,0,0,0,0,0,0,0,0,0,0,0,0,0,0,0,0,0,0,0,0,0,0,0,0,0,0,0,0,0,0,0,0,0,0,0,0,0,0,0,0,0,0,0,0,0,0,0,0,0,0,0,0,0,0,0,0,0,0,0,0,0,0,0,0,0,0,0,0,0,0,0,0,0
0,0,0,0,0,0,0,0,0,0,0,0,0,0,0,0,0,0,0,0,0,0,0,0,0,0,0,0,0,0,0,0,0,0,0,0,0,0,0,0,0,0,0,0,0,0,0,0,0,0,0,0,0,0,0,0,0,0,0,0,0,1,0,0,0,0,0,0,0,0,0,0,0,0,0,0,0,0,0,0,0,0,0,0,0,0,0,1,0,0,0,0,0,0,0,0,0,0,0,0,0,0,0,0,0,0,0,0,0,0,0,0,0,0,0,0,0,0,0,0,0,0,0,0,0,0,0,0,0,0,1,0,0,0,0,0,1,0,0,0,0,0,0,0,0,0,0,0,0,0,0,0,0,0,0,0,0,0,0,1,0,0,0,0,0,0,0,0,0,0,0,0,0,1,0,0,0,0,0,0,0,0,0,0,0,0,1,0,0,0,0,0,0,0,0,0,0,0,1,0,0,0,0,0,0,0,0,0,0,0,0,0,0,0,0,0,0,0,0,0,0,0,0,0,0,0,0,0,0,0,0,0,0,0,0,0,0,0,0,0,0,1,0,0,0,0,0,0,0,0,0,0,0,0,0,0,0,0,0,0,0,0,0,0,0,0,0,0,0,0
0,0,0,0,0,0,0,0,0,1,0,0,0,0,0,0,0,0,1,0,0,0,0,0,0,0,0,1,0,0,0,0,0,0,0,0,0,0,0,0,0,0,0,0,0,0,0,0,0,0,0,0,0,0,0,0,0,0,0,0,0,0,0,0,0,1,0,0,1,0,0,0,0,0,0,0,0,1,0,0,1,0,0,0,0,0,0,0,0,0,0,0,0,0,0,0,1,3,0,0,0,1,0,0,0,2,0,2,0,3,0,1,0,0,0,0,0,1,0,0,1,2,0,1,2,0,0,0,0,0,0,3,2,0,0,0,0,2,0,1,0,0,1,1,1,0,0,0,2,0,0,0,0,0,0,2,1,0,0,0,0,1,0,0,0,0,0,0,1,0,0,0,0,0,0,0,0,0,0,0,1,0,0,0,0,0,0,0,0,0,2,0,0,0,0,0,0,0,0,0,2,0,0,0,0,0,0,0,0,0,0,0,0,0,0,0,0,0,1,4,0,1,0,0,1,0,0,0,0,0,0,1,2,0,1,0,0,0,2,0,0,0,2,0,0,0,0,0,1,0,0,1,0,0,0,3,0,1,0,0,0,0,0,0,0,0,1,0,3,0
0,0,0,0,0,0,0,0,0,0,0,0,0,0,0,0,0,0,0,0,0,0,0,0,0,0,0,0,0,0,0,0,0,0,0,0,0,0,0,0,0,0,0,0,0,0,0,0,0,0,0,0,0,0,0,0,0,0,0,0,0,0,0,0,0,0,0,0,0,1,0,0,0,0,0,0,0,0,0,0,0,0,0,0,0,0,0,0,0,1,0,0,0,0,0,0,0,0,0,0,0,0,0,0,0,0,0,0,0,1,0,0,0,0,0,0,0,0,0,0,0,0,0,0,0,0,0,0,0,0,0,0,0,0,0,0,0,0,0,0,0,0,0,0,0,0,0,0,0,0,0,0,0,0,0,0,0,0,0,0,0,0,0,0,0,0,0,0,0,0,0,1,0,0,0,0,0,0,0,0,0,0,0,0,0,0,0,0,0,0,0,0,0,0,0,0,0,0,0,0,0,0,0,0,0,0,0,0,0,0,0,0,0,0,0,0,0,0,0,0,0,0,0,0,0,0,0,0,0,0,0,0,0,0,0,0,0,0,0,0,0,0,0,0,0,0,0,0,0,0,0,0,0,0,0,0,0,0,0,0,0,0,0,0,0,0,0,0,0,0
0,26,0,22,0,0,0,0,0,0,0,0,0,0,0,0,0,0,0,1,0,0,0,0,15,0,0,0,11,17,0,0,21,0,0,0,47,0,14,0,0,25,0,20,0,0,0,0,18,43,0,0,4,0,8,0,0,0,0,0,0,55,9,0,0,0,0,0,0,13,0,0,0,0,19,0,0,0,0,0,0,0,0,0,0,11,0,0,17,0,20,0,0,0,15,18,0,0,0,0,24,0,0,0,0,0,0,0,0,6,0,29,0,0,0,0,0,5,0,0,46,0,0,0,0,0,0,0,0,0,0,0,0,21,0,0,18,24,0,0,0,0,0,0,0,0,18,29,10,0,0,0,0,0,0,7,20,0,0,0,5,0,0,0,0,25,0,27,0,13,23,0,0,0,0,8,0,65,0,0,0,0,8,0,0,0,0,0,0,19,0,0,0,0,0,0,0,0,0,19,0,0,0,0,0,0,0,0,0,18,0,15,0,0,0,0,0,0,0,28,0,0,0,0,0,0,0,46,0,0,0,31,0,0,0,16,17,0,0,16,45,0,0,0,5,0,0,0,0,0,0,0,0,0,0,0,0,0,0,0,71,0,0,0,23,0,0,21,6,0
0,0,0,1,0,0,0,0,0,5,0,1,0,0,0,0,0,0,0,0,0,0,0,0,3,0,0,0,0,0,0,2,0,0,0,3,1,0,2,0,2,0,0,0,0,0,0,2,0,0,0,0,0,0,7,0,0,0,0,0,0,3,0,0,0,2,0,0,0,3,0,0,1,0,1,0,2,0,0,0,0,0,0,0,0,1,1,2,0,0,0,0,3,0,0,0,0,0,2,0,4,0,0,0,0,2,0,0,0,0,0,0,0,0,0,0,0,0,0,0,2,0,1,0,0,0,0,4,0,0,2,0,3,0,0,0,0,0,0,0,0,0,0,0,0,0,0,0,0,0,0,0,0,0,0,2,0,0,0,1,0,0,0,2,0,0,0,0,1,0,0,6,2,0,0,2,0,0,0,2,0,1,0,0,0,0,0,2,2,0,1,0,0,0,0,0,0,0,0,0,0,0,2,1,0,0,0,0,0,0,0,0,0,0,2,0,0,0,0,2,0,0,0,0,0,0,0,0,0,0,0,0,0,0,2,0,0,0,2,0,0,0,0,0,0,1,0,0,0,0,0,0,0,1,0,0,0,0,0,0,0,0,0,1,0,0,0,0,0,0
0,0,5,6,1,5,1,1,3,0,2,3,0,0,4,0,4,2,3,13,6,1,5,3,4,8,3,0,5,0,6,6,2,10,0,0,15,2,0,6,0,0,0,2,2,0,0,9,2,1,0,5,7,0,0,4,0,0,0,7,2,2,0,1,3,7,7,2,2,3,3,3,1,1,3,11,9,3,7,0,5,18,11,3,0,5,1,3,9,0,0,9,2,0,5,1,0,5,0,5,8,11,0,6,4,4,8,4,0,0,18,0,2,1,0,2,4,1,10,0,0,3,10,13,6,4,0,7,15,2,4,0,3,4,1,2,3,7,4,8,0,0,0,2,15,12,3,8,0,3,4,6,0,3,5,2,3,8,5,0,6,11,2,4,7,6,8,4,6,0,3,6,11,3,9,1,0,2,7,4,4,2,0,3,4,0,0,5,1,0,0,1,2,0,6,0,4,4,20,3,4,2,0,0,6,4,2,0,1,3,3,3,0,0,6,5,10,4,3,7,2,21,6,0,0,5,3,1,4,8,11,3,0,4,4,7,4,4,5,11,6,0,0,2,2,6,1,0,0,8,3,0,5,0,4,8,3,19,5,0,1,2,3,4,7,4,0,2,1,8
0,1,0,0,0,0,0,0,0,0,0,1,0,1,0,1,0,0,0,0,1,0,0,0,0,0,0,0,0,2,0,0,0,0,1,0,0,0,0,0,0,0,0,0,0,0,0,0,0,0,0,0,0,0,0,1,0,0,0,0,0,0,2,0,0,0,0,0,0,0,0,1,0,0,1,0,0,0,1,0,0,0,1,0,0,0,0,0,0,0,0,0,1,0,0,0,0,0,0,1,0,0,0,0,0,0,1,0,0,1,1,0,0,0,0,0,0,0,0,0,0,0,0,0,0,1,0,0,0,0,0,0,1,0,0,0,0,0,2,0,0,0,0,1,0,0,0,3,0,1,0,0,0,0,4,0,0,0,0,0,0,0,0,0,1,0,0,0,0,0,0,0,0,0,0,0,0,0,0,0,0,0,0,0,1,0,0,0,0,0,0,0,0,0,0,0,2,0,0,0,0,1,0,0,0,0,0,0,0,0,0,0,0,1,1,1,0,0,1,0,0,0,0,0,0,0,0,0,0,0,1,0,0,0,0,0,0,0,0,0,0,0,1,0,0,0,0,0,0,0,0,0,0,0,0,0,2,0,0,1,0,1,1,0,0,0,0,0,0,0
0,0,0,0,0,0,0,0,0,0,0,1,0,0,0,0,0,0,0,0,0,0,0,0,0,0,1,0,0,0,0,0,0,0,0,0,0,0,0,0,0,0,0,0,0,0,0,0,0,0,0,0,0,0,0,0,0,0,0,0,0,0,0,0,0,0,0,0,0,0,0,0,0,0,0,0,0,0,0,0,0,0,0,0,0,0,0,0,0,0,0,0,0,0,0,0,0,0,0,0,0,0,0,0,0,0,0,0,0,0,0,0,0,0,0,0,0,0,0,0,0,0,0,0,0,0,0,0,0,0,0,0,0,0,0,0,0,0,0,0,0,0,0,0,0,0,0,0,1,0,0,0,0,1,0,0,0,0,0,0,0,0,0,0,0,0,0,0,0,0,0,0,0,0,0,0,0,0,0,1,0,0,1,0,0,0,0,0,0,0,0,0,0,0,0,0,0,0,0,0,0,0,0,0,0,0,0,0,0,0,0,0,0,0,0,0,0,0,0,0,0,0,0,0,0,0,0,0,0,0,0,0,0,0,0,0,0,0,0,0,0,0,0,0,0,0,0,0,0,0,0,0,0,1,0,0,0,0,0,0,0,0,0,0,0,0,0,0,0,0
10,23,21,7,0,4,4,2,0,10,0,0,3,5,0,12,9,0,0,2,9,2,0,0,0,6,11,13,12,2,6,0,6,0,7,2,11,6,0,16,7,5,11,6,3,0,12,4,11,7,8,0,8,8,10,3,14,6,3,5,0,0,3,12,1,0,3,13,2,9,34,12,0,3,0,0,8,9,2,1,8,17,12,4,2,0,3,4,0,9,9,8,2,4,7,0,22,5,3,5,16,7,14,5,6,0,6,1,18,0,7,4,2,5,6,13,2,4,10,4,2,0,1,7,3,5,10,19,5,0,2,0,0,13,6,10,7,2,8,0,5,12,1,6,4,0,2,5,7,5,10,9,1,0,6,5,4,2,3,5,3,0,2,2,8,16,7,4,8,5,0,13,4,1,0,0,4,1,14,5,5,0,0,1,3,5,1,7,7,4,6,8,8,7,2,3,3,6,3,1,2,0,0,0,2,6,1,0,0,1,6,0,3,0,5,8,5,7,6,1,2,3,0,0,2,6,0,2,2,0,1,4,19,1,8,17,4,2,6,0,0,6,2,12,3,0,9,1,3,1,2,2,0,3,0,0,2,4,0,3,2,0,2,3,0,5,1,2,4,8
0,0,0,0,0,0,3,2,0,0,4,0,0,0,0,0,0,0,1,4,3,0,10,0,0,4,0,0,0,0,0,0,0,0,0,5,0,0,0,0,0,0,3,0,0,0,0,0,4,6,5,3,0,0,2,0,0,0,1,0,2,0,3,0,4,0,0,0,0,0,4,6,0,0,0,0,5,0,0,0,0,4,0,0,2,0,0,4,0,0,0,5,0,0,0,0,0,0,0,0,0,0,0,2,2,0,0,0,0,0,0,5,0,0,0,0,0,7,0,0,0,2,0,0,0,0,0,0,0,0,0,2,0,0,0,0,0,0,0,5,0,0,4,2,0,0,5,0,7,0,0,0,0,0,4,0,0,5,0,0,0,0,5,0,0,5,0,0,0,0,0,0,0,0,0,0,12,0,0,5,0,0,0,4,0,1,0,0,4,0,0,0,0,0,0,2,0,0,0,0,0,0,0,0,0,0,0,0,0,0,0,0,0,0,7,6,3,0,0,0,0,3,0,0,8,0,0,0,1,7,0,0,0,0,2,5,0,0,0,0,0,3,0,0,0,0,0,0,0,0,0,0,0,0,0,0,0,0,0,0,0,0,3,0,0,0,0,4,0,0
0,3,0,0,4,0,2,0,0,0,0,0,0,0,0,0,0,0,0,0,0,0,1,0,0,3,0,0,0,0,3,0,0,0,0,2,0,2,0,1,0,0,0,0,0,2,0,0,0,0,0,0,0,0,0,0,0,2,0,0,0,0,0,3,0,0,0,0,0,0,0,0,0,0,0,1,2,0,0,0,0,0,0,0,0,0,0,0,0,0,0,0,0,0,0,0,0,0,0,0,0,0,0,0,0,0,0,0,0,0,0,0,0,0,0,0,0,0,0,0,0,0,0,0,0,0,0,0,0,0,0,0,0,0,0,0,2,0,0,0,0,0,0,0,1,0,0,1,0,0,2,3,0,0,0,0,0,5,0,0,0,0,9,0,2,0,0,0,0,0,1,1,0,0,0,0,0,0,1,0,0,5,0,0,0,2,0,0,2,0,0,2,0,0,0,0,0,0,0,0,0,0,4,0,0,0,0,0,0,0,2,0,2,0,0,0,0,3,1,0,0,2,0,0,1,0,0,0,0,0,0,3,0,0,0,0,0,0,0,0,0,0,0,0,8,0,0,0,0,0,0,0,0,0,0,0,0,0,0,0,0,0,0,2,0,0,0,0,0,0
0,8,0,0,0,0,11,3,0,0,0,0,0,0,0,4,0,0,0,3,0,0,0,10,0,0,0,0,0,0,0,0,0,3,0,0,0,0,0,0,0,0,0,0,0,3,0,0,0,0,0,0,0,0,0,0,0,0,1,0,0,0,0,0,0,0,0,0,0,0,0,0,0,0,0,0,5,0,7,3,6,8,0,0,0,0,0,0,0,0,0,0,0,0,0,5,0,0,0,0,2,0,0,0,3,0,0,0,0,0,0,0,3,0,0,0,0,0,0,0,0,0,0,0,0,0,0,8,5,3,0,0,0,0,3,0,3,4,0,0,0,0,0,5,0,0,0,0,0,0,1,0,0,0,0,0,0,0,0,0,3,0,0,0,0,0,0,0,0,0,0,0,0,0,0,0,2,0,0,0,0,0,0,0,0,4,0,0,0,0,0,0,3,10,1,3,0,0,0,0,7,0,0,0,0,5,0,0,7,0,1,0,5,0,0,0,0,0,0,0,0,0,0,0,0,0,2,0,0,2,1,2,0,0,5,4,0,3,0,0,0,0,0,0,0,0,0,0,0,0,5,0,0,0,0,0,0,0,1,0,0,0,0,0,0,0,0,0,0,2
0,0,0,0,0,2,0,0,1,2,0,0,0,0,0,3,2,0,1,0,0,0,1,0,0,1,0,0,0,0,0,0,0,1,0,0,0,0,0,1,0,1,1,0,1,1,0,0,0,0,0,1,0,0,0,0,0,2,0,0,1,0,0,0,0,0,2,0,0,0,0,0,0,0,0,0,2,0,0,0,0,0,0,0,1,0,0,0,0,0,0,0,0,0,0,0,0,0,0,0,0,1,0,0,0,0,0,0,1,0,1,4,0,1,0,0,0,0,0,0,0,1,0,0,0,0,0,0,0,0,2,0,0,0,0,0,0,0,4,0,0,0,0,0,0,0,1,0,1,1,1,0,0,2,1,0,0,0,0,0,0,0,1,0,2,0,1,0,0,0,0,0,0,0,0,0,0,0,1,0,1,0,1,0,0,0,0,0,0,0,0,0,0,0,0,0,0,1,0,0,0,0,0,0,0,0,0,0,0,0,0,2,0,0,0,0,0,1,0,0,0,0,0,0,0,0,0,0,0,0,0,0,0,1,0,0,0,0,0,2,0,2,0,0,0,0,0,0,0,1,0,1,0,0,1,0,0,0,0,0,1,0,0,0,0,1,0,0,0,0
0,3,0,0,0,1,0,1,0,0,0,0,2,0,0,0,0,0,0,0,0,1,0,0,1,0,0,0,0,0,0,0,0,0,0,0,0,0,0,2,0,2,0,0,0,0,0,2,3,0,0,0,0,0,0,0,0,0,0,0,2,1,1,0,0,1,1,0,0,0,0,0,0,2,0,0,0,1,0,0,0,2,0,0,0,1,0,2,0,0,0,0,0,0,0,0,0,0,0,0,0,1,0,0,0,5,1,0,0,0,0,1,1,0,0,0,0,0,0,0,0,0,2,0,0,0,0,0,0,0,0,0,0,0,0,1,0,0,0,1,0,0,0,0,0,0,0,0,0,0,1,0,0,0,0,3,0,0,0,1,0,0,0,0,0,0,1,0,0,0,0,1,0,1,0,0,0,0,0,0,0,0,0,0,0,1,1,0,0,0,0,1,0,0,0,0,0,1,0,0,2,1,0,0,0,0,4,0,2,0,0,1,0,0,0,0,0,0,0,0,1,0,2,0,0,2,0,0,0,0,0,0,0,0,0,0,0,0,0,1,0,0,0,0,1,0,0,0,0,0,0,0,0,0,0,0,0,1,0,0,0,2,0,1,0,0,0,2,0,1
3,3,0,2,6,0,0,0,0,0,0,4,10,3,0,8,0,5,0,14,0,0,5,16,8,0,2,0,0,3,0,0,0,0,0,0,19,5,0,0,0,0,0,2,4,0,0,0,0,3,0,4,0,0,0,0,0,0,0,0,0,4,0,0,5,0,0,0,0,3,0,0,0,3,0,7,0,0,3,1,0,3,0,0,0,0,0,0,5,0,0,0,0,0,0,0,0,0,0,0,0,5,0,0,0,0,0,0,15,0,0,0,0,0,0,0,3,0,0,0,2,7,3,0,0,1,0,0,0,0,0,3,0,0,0,0,0,0,0,0,0,0,10,0,4,4,0,0,0,0,0,0,0,18,0,0,6,0,0,2,0,0,0,0,0,11,0,0,0,11,0,6,0,0,0,0,0,0,0,0,0,0,0,2,0,0,0,0,0,0,0,0,0,10,0,5,0,6,3,7,0,0,0,6,0,0,3,0,0,0,1,0,0,0,0,0,0,0,0,0,0,0,0,0,5,5,0,0,5,0,0,0,0,0,0,0,0,3,0,0,0,0,0,0,4,0,0,0,2,0,0,0,0,4,0,0,0,0,1,0,0,2,0,8,0,0,0,0,0,0
0,0,0,0,0,0,0,0,0,0,0,0,0,0,0,0,0,0,0,0,0,0,0,0,0,0,0,0,0,0,0,0,0,0,0,0,0,0,0,0,0,0,0,0,0,0,0,0,0,0,0,0,0,0,0,0,0,0,1,0,0,0,0,0,0,0,0,0,0,0,0,1,0,0,0,0,0,0,0,0,0,0,0,0,0,0,1,0,0,0,0,0,0,0,0,0,0,0,0,0,0,0,0,0,0,0,0,0,0,0,0,0,0,0,1,0,0,0,0,0,0,0,0,0,0,0,0,0,0,0,0,0,0,0,0,0,0,0,0,0,0,0,0,0,0,0,0,0,0,0,0,0,0,0,0,0,0,0,0,0,0,0,0,0,0,0,0,0,0,0,0,0,0,0,0,0,0,0,0,0,0,0,0,0,0,0,0,0,0,0,1,0,0,0,0,0,0,0,0,0,0,0,0,0,0,0,0,0,0,1,0,0,0,0,0,0,0,0,0,0,0,0,0,0,0,0,0,0,0,0,0,0,0,0,0,0,0,0,0,0,0,0,0,0,0,0,1,0,1,1,0,0,0,0,0,0,0,0,0,0,0,0,0,0,0,0,0,0,0,0
0,4,0,0,0,4,0,0,2,0,3,0,0,0,0,0,0,0,0,2,0,0,0,0,0,0,0,0,1,0,3,3,0,0,0,0,0,0,0,0,0,1,0,0,0,0,0,0,0,0,0,0,0,0,0,0,0,3,0,0,0,0,0,0,0,0,4,0,0,0,2,0,0,0,0,0,0,0,2,0,0,3,0,0,0,0,0,0,0,0,0,0,0,1,0,2,0,0,0,0,3,3,3,0,0,0,0,0,0,0,0,0,0,4,3,0,0,0,0,3,0,0,0,0,0,0,0,0,9,0,0,0,0,1,0,0,0,0,0,0,7,0,0,0,0,0,0,0,0,2,0,0,0,0,0,0,0,0,0,0,0,0,0,0,0,0,0,0,0,0,0,0,0,0,0,0,2,0,0,0,4,0,3,0,0,0,0,0,0,0,0,0,0,5,0,0,2,0,0,0,0,0,0,0,0,0,0,3,0,0,5,0,0,0,0,0,1,1,0,3,0,0,0,0,1,0,0,0,0,0,0,0,0,0,0,0,0,2,0,0,0,0,0,0,3,0,0,0,0,0,0,0,2,0,2,2,0,0,0,0,0,0,0,0,0,0,0,0,0,0
0,2,0,0,2,0,0,0,1,0,0,0,0,0,0,2,0,0,0,2,0,0,0,0,0,0,0,0,0,0,0,0,0,0,0,0,0,0,0,0,0,0,0,0,0,1,0,0,3,0,0,0,0,0,0,0,0,0,0,0,0,0,0,0,0,0,0,0,0,2,0,0,0,0,0,0,0,0,0,0,0,0,0,0,3,0,1,0,0,0,0,0,1,0,0,0,0,1,2,0,1,0,0,0,0,0,0,0,0,0,0,1,0,0,0,0,0,0,0,0,0,0,1,0,0,0,0,0,0,0,0,0,1,0,0,0,0,0,0,0,0,0,0,0,1,0,0,1,0,0,0,0,0,0,0,1,0,0,0,0,0,0,0,0,2,0,1,0,1,0,0,0,1,0,0,1,1,0,0,4,0,0,0,0,0,0,0,0,1,0,0,1,0,0,0,0,0,0,0,0,0,0,2,0,0,0,0,0,0,0,0,0,0,0,0,0,0,2,0,0,0,0,0,5,0,0,1,0,0,1,0,0,1,0,0,0,0,0,0,0,0,1,0,0,0,0,0,0,0,0,0,0,0,0,0,0,1,0,1,2,0,0,0,0,0,1,0,0,0,0
0,0,0,0,0,4,0,0,0,0,0,1,0,0,0,0,1,0,0,0,0,1,0,1,0,0,6,1,0,1,0,0,0,0,0,0,1,0,1,0,0,0,1,0,0,1,1,0,1,0,0,0,0,0,0,0,0,0,0,0,0,0,0,0,0,0,0,0,0,0,0,0,0,1,0,0,0,0,0,0,0,2,0,0,2,0,0,1,0,0,0,0,0,2,0,0,0,0,0,0,1,0,0,0,0,0,0,0,0,0,0,0,2,0,1,2,0,0,0,0,0,0,0,0,1,0,0,4,0,0,0,0,0,0,0,0,0,0,1,0,0,0,1,0,0,0,0,0,0,0,0,0,0,0,2,1,0,0,0,0,0,0,1,1,0,0,0,0,0,2,0,0,0,2,3,0,0,0,0,1,0,0,1,0,0,2,1,0,0,0,0,0,0,0,0,0,0,0,1,0,0,0,0,1,0,0,0,0,0,3,0,0,1,1,0,0,0,2,0,0,1,0,0,0,1,0,0,0,0,0,3,0,0,0,1,0,0,0,0,0,2,1,0,1,0,0,0,1,5,2,0,0,0,0,0,0,2,0,0,0,0,0,0,1,0,0,0,3,0,0
0,3,4,16,7,3,8,1,0,15,15,3,3,0,0,0,0,0,0,12,3,0,0,2,5,3,6,10,3,0,3,0,4,0,11,0,0,11,4,24,17,0,16,17,6,0,5,13,4,10,6,0,0,11,9,6,13,11,3,0,1,0,17,0,0,0,0,5,0,5,16,5,0,5,0,0,5,8,0,0,13,17,4,0,0,3,0,0,0,0,3,16,15,1,3,12,8,0,15,11,4,12,0,0,4,4,0,3,0,0,6,21,12,13,3,14,0,15,0,0,0,0,0,11,5,1,10,26,5,0,14,0,0,0,6,8,0,0,10,0,0,0,0,3,0,4,1,0,9,3,3,12,8,7,7,5,6,2,12,12,10,0,3,21,0,11,0,8,0,12,0,17,11,0,0,0,0,0,1,2,4,0,0,5,0,9,2,0,1,9,10,0,9,25,4,0,1,0,5,0,2,9,3,4,4,0,0,0,5,0,4,0,0,0,0,0,4,0,0,0,0,0,0,0,3,0,6,2,0,0,0,0,0,0,10,0,0,13,6,5,0,0,0,13,0,0,0,0,0,0,0,0,0,0,0,0,0,0,0,0,0,0,0,3,0,0,0,3,0,1
1,0,0,1,1,2,1,0,0,0,1,1,0,0,0,0,0,1,0,0,0,0,0,0,0,1,0,0,0,0,4,0,1,0,0,0,0,1,1,0,0,0,0,0,0,0,0,0,1,0,0,2,0,0,2,0,0,0,0,0,0,0,0,0,0,0,0,0,0,0,0,0,0,0,0,0,2,0,0,0,0,0,0,0,0,0,0,0,0,0,0,0,0,0,0,0,0,3,0,0,0,1,0,1,0,0,0,1,1,0,1,0,0,0,0,0,0,0,0,0,0,0,1,1,3,0,0,0,0,0,0,0,0,0,0,0,0,0,0,0,0,1,0,0,0,0,0,0,0,0,0,0,1,0,1,0,0,0,1,0,0,0,0,0,0,0,0,0,0,0,0,0,0,0,0,0,0,0,0,0,0,0,0,0,1,0,0,0,0,1,0,0,1,0,1,0,0,0,0,0,0,0,0,0,3,1,2,0,0,1,0,0,1,0,1,0,0,0,0,0,0,1,1,0,0,0,1,0,0,0,0,0,0,0,3,0,3,0,0,0,0,0,1,0,0,0,0,0,0,0,0,0,0,0,1,0,0,0,0,0,0,1,0,0,0,1,1,0,0,0
0,0,0,0,0,0,0,0,0,0,0,0,0,0,0,0,0,0,0,0,0,0,0,0,0,0,0,0,0,0,0,0,0,0,0,0,0,0,0,0,0,0,0,0,0,0,0,0,0,0,0,0,0,0,0,0,0,0,0,0,0,0,0,0,0,0,0,0,0,0,0,0,0,0,0,0,0,0,0,0,0,0,0,0,0,0,0,0,0,0,0,0,0,0,0,0,0,0,0,0,0,0,0,0,0,0,0,0,0,0,0,0,0,0,0,0,0,0,0,0,0,0,0,0,0,0,0,0,0,0,0,0,0,0,0,0,0,0,0,0,0,0,0,0,0,0,0,0,0,0,0,0,0,0,0,0,0,0,0,0,0,0,0,0,0,0,0,0,0,0,0,0,0,0,0,0,0,0,0,0,0,0,0,0,0,0,0,0,0,0,0,0,0,0,0,0,0,0,0,0,0,0,0,0,0,0,0,0,0,0,0,0,0,0,0,0,0,0,0,0,0,0,0,0,0,0,0,0,0,0,0,0,0,0,0,0,0,0,0,0,0,0,0,0,0,0,0,0,0,0,0,0,0,0,0,0,0,0,0,0,0,0,0,0,0,0,0,0,0,0
8,0,0,0,0,0,0,32,7,0,0,0,0,0,13,0,0,7,0,0,0,0,0,21,0,0,0,0,0,4,0,0,0,0,19,31,0,0,36,0,0,13,0,24,10,0,0,8,12,0,0,0,0,0,0,0,0,0,0,0,0,0,0,0,0,0,0,0,0,0,0,0,32,0,0,0,0,0,0,0,0,0,0,0,0,0,0,0,0,0,0,0,0,0,19,0,0,14,0,6,0,0,0,0,18,28,0,0,0,32,0,0,0,0,0,2,0,0,0,0,17,0,0,0,0,0,0,14,0,0,0,0,0,0,22,0,0,0,0,0,0,0,0,0,0,0,0,32,0,6,0,0,0,0,8,0,16,0,0,24,0,44,18,0,0,0,0,0,0,0,0,0,0,0,0,0,0,19,0,0,0,25,0,0,17,0,0,0,0,0,0,0,0,0,0,0,0,25,2,0,0,0,0,0,35,0,0,0,0,0,0,0,0,36,0,0,0,0,0,0,13,0,0,0,0,0,0,0,0,0,0,0,0,0,0,0,0,0,0,0,0,0,0,0,0,0,0,0,0,16,16,0,45,0,0,0,27,0,0,0,0,0,28,0,0,61,12,0,0,0
0,0,0,0,0,0,1,0,0,0,3,0,0,0,0,0,0,0,0,0,1,0,0,8,0,0,0,0,0,0,4,0,0,0,0,0,1,0,0,0,0,2,1,1,0,0,1,1,0,0,0,0,0,2,0,0,0,0,0,0,0,2,0,0,0,0,0,0,0,1,0,0,0,0,0,0,0,0,0,0,0,0,0,0,1,0,0,0,0,0,0,0,0,0,0,0,2,0,0,0,0,0,0,1,0,0,0,0,1,0,0,0,1,0,0,0,0,2,2,0,0,0,0,0,2,0,0,0,1,0,1,0,0,0,0,0,0,0,0,0,0,0,0,0,0,0,0,0,0,0,0,0,0,0,0,1,0,2,0,0,0,0,0,0,0,0,1,1,0,0,0,0,0,1,0,0,0,0,0,0,0,0,0,0,1,0,0,0,2,4,1,0,1,0,0,0,4,0,0,0,0,0,0,1,0,0,0,0,0,2,0,2,0,0,0,0,0,0,0,0,0,3,0,0,0,0,0,0,0,0,0,0,0,0,2,0,1,0,0,0,4,0,0,0,0,0,0,0,0,0,0,0,0,0,0,1,0,0,0,0,3,1,3,0,1,1,0,0,0,0
0,0,0,0,0,0,0,0,0,0,0,0,0,0,0,0,7,19,7,0,0,0,0,0,4,0,9,0,0,4,0,11,0,0,0,0,0,0,0,0,0,0,0,0,5,1,0,0,0,0,0,0,0,0,0,6,0,0,0,4,0,0,0,0,0,0,0,0,4,0,6,0,9,0,0,1,9,0,0,5,0,0,0,0,2,7,0,5,0,4,0,0,2,0,0,18,0,0,0,5,0,0,0,0,5,5,0,0,0,0,7,0,0,5,0,0,0,0,0,0,0,25,15,0,0,9,0,0,0,0,22,0,0,0,0,0,0,0,0,0,1,25,0,0,6,0,6,0,8,0,0,0,0,8,0,18,0,5,3,0,0,6,0,0,0,3,0,11,0,0,23,0,0,0,2,11,2,0,0,0,0,0,0,14,0,0,4,0,0,6,0,0,0,0,5,1,0,6,0,0,0,3,0,0,0,0,0,0,2,0,0,0,3,4,0,0,0,3,0,6,3,0,0,0,0,0,0,0,0,0,2,0,0,0,0,0,0,0,0,0,0,0,0,0,0,0,22,0,0,0,0,5,0,0,0,0,0,0,0,11,0,0,0,5,0,6,0,0,0,0
0,0,0,0,0,0,0,0,0,0,0,0,0,0,0,0,0,0,0,0,0,0,0,0,0,0,0,0,0,0,0,0,0,0,0,0,0,0,0,0,0,0,0,0,0,0,0,0,0,0,0,0,0,0,0,0,0,0,0,0,0,0,0,0,0,0,0,0,0,0,0,0,0,0,0,0,0,0,0,0,0,0,0,0,0,0,0,0,0,0,0,0,0,0,0,0,0,0,0,0,0,0,0,0,0,0,0,0,0,0,0,0,0,0,0,0,0,0,0,0,0,0,0,0,0,0,0,0,0,0,0,0,0,0,0,0,0,0,0,0,0,0,0,0,0,0,0,0,0,0,0,0,0,0,0,0,0,0,0,0,0,0,0,0,0,0,0,0,0,0,0,0,0,0,0,0,0,0,0,0,0,0,0,0,0,0,0,0,0,0,0,0,0,0,0,0,0,0,0,0,0,0,0,0,0,0,0,0,0,0,0,0,0,0,0,0,0,0,0,0,0,0,0,0,0,0,0,0,0,0,0,0,0,0,0,0,0,0,0,0,0,0,0,0,0,0,0,0,0,0,0,0,0,0,0,0,0,0,0,0,0,0,0,0,0,0,0,0,0,0
0,0,0,0,0,1,0,0,0,0,0,1,0,0,1,0,0,0,0,0,0,0,0,0,0,1,0,0,0,0,0,0,0,1,0,0,0,0,0,0,0,0,0,0,0,1,0,0,0,0,0,0,0,0,0,1,0,0,0,0,0,0,1,0,0,0,0,1,0,0,1,0,0,0,0,0,0,0,0,1,0,0,0,0,0,0,0,0,0,0,0,0,0,0,0,0,0,0,0,0,0,0,0,0,0,0,0,0,0,0,0,0,0,0,1,0,2,0,0,0,0,0,0,0,0,0,0,0,0,1,0,0,0,0,0,0,0,0,0,1,0,0,0,0,0,0,0,0,0,0,0,0,0,0,0,0,0,0,1,0,1,0,1,0,0,0,0,0,0,0,0,0,0,0,0,0,0,0,0,0,0,0,1,0,0,0,0,0,0,0,0,0,0,0,0,0,0,1,0,0,0,0,0,1,0,0,0,0,1,0,0,0,0,1,0,0,0,0,0,0,0,0,0,0,0,0,0,0,0,0,0,0,0,0,0,0,0,0,0,0,0,0,0,0,0,0,0,0,0,0,0,1,0,0,0,0,1,0,0,0,0,0,0,0,0,0,0,0,0,0
0,3,0,0,0,3,0,0,3,2,0,1,0,0,0,0,0,1,3,0,1,2,0,3,4,0,2,0,0,0,2,0,0,1,4,3,0,0,7,3,5,0,1,3,0,3,1,0,2,3,0,8,0,0,0,0,1,3,0,0,4,4,0,1,3,1,1,0,4,0,2,0,3,4,7,3,2,0,0,1,1,2,0,6,2,0,0,5,1,2,0,3,2,4,3,4,0,0,1,2,0,0,2,0,0,4,2,5,1,5,0,2,1,0,1,1,2,0,0,3,0,5,1,1,0,1,1,1,2,4,2,6,4,3,0,7,1,6,0,0,0,1,9,1,2,4,2,3,0,0,0,1,0,1,1,0,1,2,1,2,1,3,2,1,0,2,0,1,0,4,2,11,4,5,1,3,1,4,0,0,4,3,0,0,1,2,4,4,0,2,1,2,4,3,0,1,6,0,4,3,3,5,1,3,9,0,2,6,2,6,2,1,2,2,6,2,8,0,4,3,3,1,1,4,1,0,2,2,1,1,0,1,2,6,2,0,1,3,4,6,1,3,2,1,3,3,1,7,1,2,4,1,3,4,1,3,4,5,1,3,6,0,4,3,1,3,1,5,0,0
0,0,0,2,1,0,0,0,0,0,2,0,0,0,0,0,0,1,0,0,0,0,0,0,0,0,0,0,0,0,0,0,0,0,0,0,0,0,0,0,0,0,0,0,0,0,0,1,2,0,0,0,0,0,0,0,1,0,0,0,0,0,0,0,0,0,0,3,0,1,0,0,0,2,1,0,0,0,0,2,0,0,0,1,0,2,0,0,0,0,0,0,0,0,0,0,0,0,2,0,0,0,0,0,0,0,1,1,2,0,0,0,0,2,0,0,0,0,0,0,0,0,0,0,0,0,0,0,1,0,0,0,0,0,0,0,0,0,0,1,0,0,0,0,0,0,0,0,0,0,0,0,0,0,0,0,0,0,1,0,0,0,0,0,0,0,0,0,0,0,0,0,0,0,0,1,0,0,0,0,0,0,3,0,1,0,0,0,0,0,0,1,0,1,0,0,1,0,0,3,0,1,0,0,0,0,0,0,0,0,0,0,0,0,0,0,0,0,0,0,0,0,1,0,0,0,0,0,0,0,0,0,0,0,0,0,0,4,0,0,0,0,0,0,0,0,0,0,0,0,0,0,0,1,0,0,0,0,0,0,0,0,2,0,2,0,1,2,0,0
0,1,0,0,0,0,0,2,1,0,0,0,0,0,1,1,1,3,0,0,0,0,0,0,0,0,0,0,0,0,0,0,0,0,1,1,0,0,0,0,0,0,0,0,0,0,0,0,0,0,0,0,0,0,2,1,0,0,0,0,0,3,0,0,0,0,0,0,0,1,0,0,0,0,0,0,0,0,0,0,0,0,0,0,0,0,0,0,1,0,0,0,1,0,0,1,0,0,0,0,0,0,0,0,0,0,0,0,0,0,1,0,0,0,0,0,0,1,0,1,0,0,0,0,0,1,0,0,0,0,0,0,0,1,0,0,0,1,0,1,0,0,1,2,0,1,0,0,0,1,0,0,0,0,1,0,0,0,1,0,0,0,0,0,0,0,0,0,0,0,0,0,0,0,0,0,0,0,2,0,0,0,0,0,0,0,0,0,0,0,0,1,0,0,0,0,0,0,0,0,0,0,0,1,0,0,0,0,0,0,0,0,2,1,0,0,1,0,0,0,0,0,0,0,0,0,0,1,0,0,1,0,0,0,0,0,1,0,0,1,0,0,1,0,0,0,0,0,0,1,0,1,0,0,0,0,0,0,0,0,1,0,1,0,0,0,0,0,0,0
0,0,0,0,0,0,0,0,0,0,0,0,0,0,0,0,0,0,0,0,0,0,0,0,0,0,0,0,0,0,0,0,0,0,0,0,0,0,0,0,0,0,0,0,0,0,0,0,0,0,0,0,0,0,0,0,0,0,0,0,0,0,0,0,0,0,0,0,0,0,0,0,0,0,0,0,0,0,0,0,0,0,0,0,0,0,0,0,0,0,0,0,0,0,0,0,0,0,0,0,0,0,0,0,0,0,0,0,0,0,0,0,0,0,0,0,0,0,0,0,0,0,0,0,0,0,0,0,0,0,0,0,0,0,0,0,0,0,0,0,0,0,0,0,0,0,0,0,0,0,0,0,0,0,0,0,0,0,0,0,0,0,0,0,0,0,0,0,0,0,0,0,0,0,0,0,0,0,0,0,0,0,0,0,0,0,0,0,0,0,0,0,0,0,0,0,0,0,0,0,0,0,0,0,0,0,0,0,0,0,0,0,0,0,0,0,0,0,0,0,0,0,0,0,0,0,0,0,0,0,0,0,0,0,0,0,0,0,0,0,0,0,0,0,0,0,0,0,0,0,0,0,0,0,0,0,0,0,0,0,0,0,0,0,0,0,0,0,0,0
1,0,6,0,1,0,0,0,0,0,0,0,0,4,0,0,0,0,0,0,0,0,0,0,0,0,0,0,0,0,0,0,0,0,0,0,0,0,3,0,0,0,0,0,0,0,0,4,0,0,0,0,0,0,3,0,0,0,0,0,0,0,0,0,0,0,1,0,1,0,0,0,0,0,0,0,1,0,0,4,0,0,0,0,5,0,2,0,0,4,0,1,0,0,0,0,4,0,0,14,5,0,0,0,0,0,0,0,0,0,4,0,2,0,0,0,0,0,0,0,6,0,5,0,0,0,0,0,0,0,0,0,0,0,0,0,0,5,0,7,0,0,0,0,0,0,0,3,3,0,0,0,0,3,0,0,0,0,0,0,0,0,5,0,0,0,0,0,0,0,0,4,0,0,0,0,0,0,3,2,0,0,0,0,6,0,0,0,0,0,0,4,3,2,0,0,1,6,0,0,0,0,0,0,0,0,4,0,0,0,0,0,0,0,4,0,0,0,0,0,0,0,0,0,2,3,0,0,0,0,0,0,4,5,0,0,0,0,0,0,0,0,0,0,0,0,0,0,0,0,0,2,0,0,0,0,4,3,6,2,0,0,0,0,0,0,0,0,0,0
0,0,0,0,0,0,0,0,0,0,0,0,0,0,0,0,0,0,0,0,0,0,0,0,0,0,0,0,0,0,0,0,0,0,0,0,0,0,0,0,0,0,0,1,0,0,0,0,1,0,0,0,0,0,0,1,0,0,0,0,0,0,0,0,0,0,0,0,0,0,0,0,0,0,1,0,0,0,0,0,0,0,0,0,0,0,0,0,0,0,0,0,0,0,0,0,0,0,0,0,0,0,0,0,0,0,0,0,0,0,0,0,0,1,0,0,0,0,0,0,0,0,0,0,0,0,0,0,0,1,0,0,0,0,0,0,0,0,0,0,0,0,0,0,0,0,0,0,0,0,0,0,0,0,0,0,0,0,0,0,0,0,0,0,0,0,0,0,0,0,0,0,0,0,0,0,0,0,1,0,0,0,0,0,0,0,0,0,0,0,0,0,0,0,0,0,0,1,0,0,0,0,0,0,0,0,0,0,0,0,0,0,0,0,0,0,0,0,0,0,0,0,0,0,0,0,0,0,0,0,0,0,0,0,0,0,0,0,0,0,0,0,0,0,0,0,0,0,0,0,0,0,0,0,0,0,0,0,0,0,0,0,0,0,0,0,0,0,0,0
11,0,0,0,0,0,0,0,9,8,0,0,3,0,11,0,26,23,41,0,9,0,17,5,7,5,0,0,2,9,0,8,0,17,24,3,0,0,1,15,7,3,11,5,0,4,9,10,10,5,24,9,0,0,0,0,0,9,10,0,0,12,0,0,8,7,6,25,0,8,0,0,9,17,16,0,0,24,0,0,4,0,0,0,6,0,21,0,0,6,19,5,10,6,11,0,7,8,0,4,0,9,0,10,13,9,0,9,0,0,0,8,19,5,8,9,0,12,13,27,7,8,19,10,5,13,13,0,0,2,0,16,26,8,0,0,0,7,0,14,10,5,0,0,9,10,0,0,0,0,2,0,0,4,4,7,3,0,12,19,6,37,0,0,0,10,0,12,17,0,10,0,0,0,9,6,6,9,10,13,22,0,0,0,15,7,0,8,0,0,6,2,0,0,5,12,18,11,0,7,0,0,0,5,0,8,20,0,0,0,25,17,0,0,8,18,0,0,0,8,6,0,0,0,0,5,25,15,0,4,0,7,0,4,0,12,0,0,30,6,2,5,0,24,0,0,47,10,4,7,0,8,21,5,0,12,0,0,4,13,22,12,12,7,7,0,16,6,10,0
0,2,0,0,0,0,2,0,0,0,0,0,0,1,0,1,0,0,2,0,0,0,0,0,0,0,0,5,0,0,0,0,0,0,0,0,0,0,0,0,0,0,0,1,0,0,0,0,3,1,0,2,0,0,0,0,0,0,0,0,0,0,2,0,0,0,0,0,0,0,0,0,0,0,1,0,0,0,0,0,0,0,0,0,4,0,0,2,0,0,0,0,0,0,0,0,0,0,0,0,0,0,0,0,0,0,0,0,0,0,0,0,0,5,2,0,0,0,0,0,0,0,2,0,0,0,0,0,0,0,0,0,0,0,0,1,0,0,0,0,2,0,0,0,0,0,0,1,0,0,0,0,0,0,0,0,0,0,0,0,0,0,0,0,0,0,0,0,0,0,0,0,0,0,0,0,4,0,0,0,0,1,0,0,0,0,0,0,0,1,0,0,0,0,0,0,0,0,4,1,0,0,0,0,0,0,0,0,0,0,2,0,0,0,0,1,0,0,3,0,2,0,0,0,1,0,0,0,0,1,0,2,0,0,1,0,0,0,0,1,1,0,2,0,0,0,0,1,3,0,0,0,0,1,0,0,0,0,1,0,0,0,0,0,1,0,0,0,0,0
0,1,0,0,0,0,0,0,0,0,3,0,0,0,1,0,0,0,0,0,0,0,0,0,0,0,0,0,1,0,0,0,0,0,0,0,1,0,0,0,0,0,0,0,0,0,0,0,0,0,0,0,0,0,0,0,0,0,0,0,0,0,0,0,0,0,0,0,0,1,0,0,0,0,0,0,0,0,0,0,0,1,0,0,0,0,0,0,0,0,0,0,0,0,0,0,0,0,0,0,0,0,0,0,0,1,0,0,0,0,0,0,0,1,0,0,0,0,0,0,0,0,0,0,0,0,0,0,0,1,1,0,0,0,0,0,0,0,0,0,0,0,0,0,0,0,0,0,0,0,0,0,0,0,1,0,0,0,0,0,0,0,0,1,0,1,0,0,0,0,0,1,0,0,0,0,0,1,0,0,0,0,0,0,0,0,0,0,0,0,0,0,0,0,0,0,1,1,0,0,1,0,0,0,0,0,0,0,0,0,0,0,0,0,0,0,0,0,0,0,0,0,0,0,0,0,0,0,0,0,1,0,0,0,0,0,0,0,0,0,0,0,0,0,0,0,0,0,0,0,0,0,0,0,0,0,0,0,0,1,0,0,0,0,0,0,0,0,0,0
0,0,0,0,0,0,0,0,0,0,0,0,0,0,0,0,0,0,0,0,0,0,0,0,0,0,0,0,0,0,0,0,0,0,0,0,0,0,0,0,0,0,0,0,0,0,0,0,0,0,0,0,0,0,0,0,0,0,0,0,0,0,0,0,0,0,0,0,0,0,0,0,0,0,0,0,0,0,0,0,0,0,0,0,0,0,0,0,0,0,0,0,0,0,0,0,0,0,0,0,0,0,0,0,0,0,0,0,0,0,0,0,0,0,0,0,0,0,0,0,0,0,0,0,0,0,0,0,0,0,0,0,0,0,0,0,0,0,0,0,0,0,0,0,0,0,0,0,0,0,0,0,0,0,0,0,0,0,0,0,0,0,0,0,0,0,0,0,0,0,0,0,0,0,0,0,0,0,0,0,0,0,0,0,0,0,0,0,0,0,0,0,0,0,0,0,0,1,0,0,0,0,0,0,0,0,0,0,0,0,0,0,0,0,0,0,0,0,0,0,0,0,0,0,0,0,0,0,0,0,0,0,0,0,0,0,0,0,0,0,0,0,0,0,0,0,0,0,0,0,0,0,0,0,0,0,0,0,0,0,0,0,0,0,0,0,0,0,0,0
3,6,0,4,0,9,2,7,6,1,2,9,3,2,1,0,5,0,2,2,1,6,2,0,0,2,5,8,2,3,2,1,4,1,4,0,2,5,1,5,11,3,2,10,0,2,1,10,2,1,1,1,2,5,3,3,0,4,1,1,6,2,0,6,2,1,1,3,0,3,2,1,1,2,0,4,4,1,0,3,2,5,0,0,0,2,0,0,0,1,4,0,1,6,0,0,2,1,3,0,2,2,0,0,2,7,1,0,3,0,0,2,2,4,0,1,4,1,5,3,0,0,0,0,3,1,5,2,2,2,0,4,2,1,2,0,2,6,5,4,4,2,4,3,3,5,4,0,0,1,1,0,2,1,2,0,2,5,0,4,2,1,2,1,1,1,0,8,0,1,0,3,0,0,12,0,5,6,1,1,1,5,10,6,0,1,0,7,4,1,0,0,0,2,0,0,0,4,0,0,4,0,1,1,3,0,0,0,0,0,0,2,4,2,0,4,5,1,0,3,3,1,1,1,3,0,0,2,2,3,1,0,0,5,2,3,1,0,0,5,0,1,2,1,0,2,1,0,3,1,0,0,0,4,0,2,0,2,0,5,0,1,7,2,1,2,4,0,4,0
0,0,0,0,0,1,0,0,0,1,0,1,0,0,0,0,0,0,0,0,0,0,0,0,0,0,0,0,1,0,0,0,0,0,0,0,0,0,1,1,0,0,0,0,0,0,1,1,1,0,1,0,1,1,1,1,0,1,1,1,0,0,0,1,0,0,0,0,0,1,0,0,0,0,0,0,1,0,0,0,0,0,1,0,0,0,0,0,0,0,0,1,0,0,1,0,1,1,0,0,0,1,0,1,0,0,0,0,0,0,1,1,0,0,0,1,1,1,1,1,1,0,0,0,0,0,1,1,0,0,1,0,0,0,0,0,1,0,0,1,1,0,0,1,1,0,0,0,0,0,0,1,0,0,0,0,0,1,1,0,0,0,0,0,0,1,0,0,0,0,0,1,0,0,0,0,0,0,1,1,1,0,0,1,0,1,1,0,0,0,1,0,1,0,0,0,0,0,0,0,1,0,0,0,0,0,0,0,0,0,0,0,0,0,0,1,0,1,0,0,0,1,0,1,0,0,0,0,0,0,1,0,0,1,1,0,0,1,0,0,0,0,0,1,1,1,1,0,0,0,0,0,0,0,0,0,0,1,0,1,0,1,0,0,1,0,1,1,0,0
0,0,0,1,1,1,1,0,0,0,2,0,0,1,1,1,1,1,0,0,0,0,0,0,0,1,1,1,1,1,1,0,2,0,1,0,0,0,0,1,0,1,0,0,0,0,0,0,1,0,1,0,0,1,0,0,0,0,1,0,0,0,0,1,0,0,0,0,0,0,0,0,0,0,0,1,0,0,0,0,0,0,0,1,0,0,0,0,1,0,1,0,0,0,0,0,0,1,0,0,0,0,0,0,0,0,0,0,0,0,0,0,0,0,0,0,0,1,0,0,0,0,0,0,0,0,0,0,0,0,0,0,1,0,1,0,0,0,0,0,0,0,0,0,0,0,0,0,0,0,0,1,0,1,1,0,0,0,0,0,0,0,0,0,0,0,0,0,0,0,0,0,0,0,1,0,0,1,0,0,0,0,0,0,0,0,0,0,0,0,0,0,0,0,1,0,0,1,1,0,0,0,0,0,0,0,0,0,0,0,1,0,0,0,0,0,0,0,1,1,0,0,0,0,0,0,0,0,0,0,0,0,0,0,0,0,0,0,0,0,0,0,0,0,0,0,0,0,0,0,0,0,0,0,0,0,0,0,0,0,0,0,0,0,0,0,0,0,1,0
2,4,4,5,1,3,5,6,0,5,4,3,1,6,5,2,3,0,0,4,0,0,2,2,3,3,4,2,0,6,5,0,1,0,0,2,4,1,4,1,0,0,2,4,0,0,1,0,2,10,3,0,0,3,2,4,0,1,1,5,0,0,1,0,0,0,0,2,0,9,2,4,0,1,0,0,3,0,1,0,0,2,3,0,0,1,11,0,3,2,1,0,1,0,1,0,5,4,0,8,1,5,3,4,1,1,1,2,1,1,0,0,1,1,0,0,6,1,1,0,0,0,1,2,0,4,6,1,4,6,0,0,2,4,1,0,0,1,0,0,4,0,1,4,7,0,0,0,8,0,7,2,3,4,2,3,0,0,5,6,1,2,0,1,2,0,0,0,3,0,0,1,1,0,0,0,0,0,2,1,0,0,2,0,0,1,0,0,0,4,2,0,0,4,3,4,2,0,0,0,0,0,2,3,0,0,0,0,0,0,0,0,0,0,0,1,0,0,0,0,0,0,0,0,0,0,0,0,0,2,0,1,1,0,0,0,0,2,0,0,0,0,0,0,6,0,0,0,0,0,2,6,0,0,0,2,0,3,1,2,0,4,0,0,0,0,0,0,0,2
0,0,0,1,0,0,0,0,0,0,0,0,0,0,0,0,0,0,1,0,0,0,0,0,0,0,0,0,0,0,0,0,0,0,0,0,1,0,0,0,0,0,0,0,0,1,0,1,0,0,1,0,0,0,3,0,0,0,0,0,0,0,0,0,0,0,0,0,0,0,0,0,0,1,0,0,0,0,0,0,0,0,0,0,0,0,0,0,0,0,0,0,0,0,0,0,0,1,0,0,0,0,0,0,1,1,0,0,0,0,0,0,0,3,0,0,0,0,0,0,0,0,0,0,0,0,0,0,0,0,0,1,0,0,0,0,0,0,0,0,0,1,1,0,0,0,0,0,0,1,1,0,0,0,0,0,1,0,0,0,1,1,0,0,0,0,0,0,0,0,0,0,0,0,0,0,0,0,0,0,0,0,0,0,0,1,1,0,0,0,0,0,0,0,0,0,0,1,0,0,0,0,0,0,0,0,0,0,0,0,0,0,2,0,0,0,1,3,0,0,1,0,0,0,0,0,0,0,0,2,0,0,0,0,1,0,0,0,0,1,0,0,0,0,0,0,1,0,0,0,1,0,0,0,0,0,0,0,0,0,0,0,0,0,0,0,0,0,1,0
0,0,0,0,7,25,0,0,0,0,0,35,0,0,0,0,0,0,0,0,0,0,7,0,0,0,0,0,0,37,0,46,0,29,0,0,0,0,0,0,0,5,0,0,17,0,0,0,0,0,0,0,0,0,0,0,0,0,0,0,0,0,0,0,0,0,0,0,36,12,0,8,0,0,0,20,0,0,0,0,0,0,14,0,0,0,0,0,0,0,0,0,0,39,0,0,0,0,0,8,0,0,0,0,14,0,9,0,36,26,0,0,0,8,0,0,0,0,46,0,0,17,0,0,0,0,0,0,2,19,0,0,7,0,0,0,0,0,0,0,0,0,0,0,0,0,0,0,0,0,0,29,0,0,0,0,0,0,0,0,0,14,0,0,0,0,12,0,0,0,0,20,0,0,0,0,0,18,0,0,0,0,0,0,0,0,0,0,0,0,0,0,0,0,30,0,14,0,0,0,0,37,0,0,0,0,0,66,0,0,0,54,0,0,0,0,0,16,0,0,0,0,0,0,14,20,0,0,0,0,0,0,0,0,0,0,0,8,0,0,0,0,13,0,12,0,0,12,0,0,19,0,0,0,0,0,0,0,67,0,0,0,7,0,0,0,0,4,0,0
1,1,0,1,0,0,1,3,1,1,1,1,1,2,2,2,4,5,1,2,0,0,3,1,2,0,2,2,0,1,1,1,0,1,0,0,1,3,2,2,0,1,1,0,1,0,1,0,0,0,0,2,0,2,2,5,2,0,3,4,1,2,1,0,2,1,1,1,3,2,0,1,2,0,3,3,1,1,0,2,1,1,3,0,2,3,2,2,4,1,0,1,1,1,0,0,1,1,2,0,1,2,1,0,1,3,2,2,0,1,2,3,4,1,1,1,1,0,0,1,2,3,2,2,2,3,1,0,1,1,1,3,1,2,1,2,1,1,2,3,1,0,0,2,1,1,1,0,0,1,0,2,0,0,2,0,0,0,0,0,0,0,0,0,0,1,1,1,0,0,1,0,1,0,0,2,2,1,0,0,2,3,1,2,2,0,1,1,0,0,1,2,1,0,0,0,0,0,2,0,0,0,0,0,1,1,0,1,1,0,1,2,1,0,2,0,0,0,0,1,2,1,2,0,0,0,0,0,0,1,1,0,0,0,1,0,0,0,0,1,0,0,1,0,0,0,1,1,0,0,0,0,0,0,0,0,0,1,0,0,0,3,0,0,3,0,0,1,0,0
0,0,0,0,0,0,0,56,0,0,0,0,0,9,0,0,18,0,0,0,0,42,0,0,17,0,0,0,0,0,0,0,0,0,0,0,32,0,0,0,0,0,0,0,0,0,0,0,0,0,0,0,0,7,0,25,0,0,0,0,8,0,16,0,0,0,21,0,9,0,2,0,0,0,0,0,0,0,0,0,0,16,17,33,0,21,0,0,0,57,0,0,21,0,0,0,0,0,48,0,0,0,0,0,0,13,0,0,0,9,0,0,25,0,0,0,0,0,0,0,10,0,0,0,0,0,0,0,0,0,0,0,0,14,0,0,0,0,0,0,0,0,0,0,0,0,0,17,0,0,0,0,0,0,0,22,0,0,0,0,0,0,0,0,0,13,0,0,0,0,0,0,36,0,0,0,0,0,42,0,0,0,0,0,0,0,0,13,0,21,0,0,0,0,0,0,0,22,8,0,0,0,0,0,0,0,13,0,0,0,2,0,0,0,0,0,0,11,0,0,0,0,0,0,0,0,0,8,0,0,0,0,0,0,0,0,0,3,19,48,7,0,0,0,0,19,0,0,0,0,0,0,0,9,0,0,0,0,0,0,0,0,0,0,0,0,0,0,0,26
8,7,6,8,13,6,20,2,27,5,0,7,4,0,0,0,0,0,0,0,0,18,14,9,34,3,6,15,0,9,14,9,4,7,0,9,24,5,7,0,0,0,9,6,14,4,1,2,0,15,9,3,21,6,4,0,5,0,11,0,7,2,4,5,3,0,3,1,16,5,10,2,0,2,0,4,3,12,4,0,0,11,7,11,0,11,29,7,4,0,21,6,7,3,0,0,5,14,8,0,3,17,0,16,4,6,2,0,2,0,4,14,21,4,5,9,4,19,10,12,5,7,5,26,0,5,10,6,5,3,1,7,0,6,8,3,3,6,9,9,5,26,4,6,4,14,2,0,9,11,8,13,8,8,4,7,2,13,5,11,3,0,27,13,37,5,14,8,13,9,13,0,6,0,6,4,11,2,10,8,13,3,7,25,6,3,21,0,0,14,8,10,10,5,4,6,13,6,5,5,8,24,13,8,5,21,7,0,17,13,0,25,5,3,16,0,9,8,13,11,0,3,0,0,13,1,0,0,0,4,3,15,0,0,8,3,13,2,3,10,11,0,7,13,10,0,0,5,1,2,0,26,2,5,3,3,0,6,0,10,0,5,0,0,0,0,1,4,4,4
0,0,2,5,2,9,0,0,9,1,5,5,6,6,1,3,0,0,0,8,7,19,0,3,5,5,12,9,17,0,7,4,0,6,2,14,0,4,3,3,4,11,3,0,7,17,0,5,0,10,9,3,4,4,9,0,7,7,0,15,9,0,1,4,3,23,0,2,5,4,2,7,0,2,0,5,6,5,7,0,0,0,7,7,5,6,9,5,0,4,7,6,5,4,9,0,3,0,3,10,0,4,0,4,0,10,0,1,7,0,4,3,9,3,7,1,7,10,0,2,8,16,9,8,12,9,3,0,4,11,5,3,3,7,7,0,3,5,2,2,3,0,3,0,0,0,0,3,9,0,11,2,7,2,4,0,0,0,7,5,0,0,5,3,12,6,4,0,0,7,0,18,5,0,0,0,0,0,2,6,0,0,15,3,0,0,4,0,0,5,5,0,4,0,5,0,12,1,10,0,0,2,0,0,0,2,12,11,0,0,3,0,0,4,10,0,0,1,0,4,11,0,0,0,11,0,7,0,0,8,8,0,0,3,0,0,1,7,0,0,0,0,7,0,0,0,5,8,0,4,4,0,6,12,16,3,0,0,0,0,0,3,3,0,8,0,0,2,0,5
0,0,0,0,0,0,0,0,0,0,0,0,0,0,0,0,0,0,0,0,0,0,0,0,3,0,0,0,0,0,0,0,0,0,2,0,2,0,2,0,0,0,0,0,2,0,0,4,1,0,1,0,0,1,3,0,0,0,3,0,0,0,0,0,0,0,3,0,0,0,0,0,0,0,0,0,3,0,7,1,0,0,0,0,0,0,0,0,0,3,0,0,0,1,0,5,0,0,0,0,0,0,1,0,0,2,0,2,0,2,0,3,0,1,0,1,0,0,0,0,0,2,0,0,1,0,0,0,5,0,1,0,0,0,0,0,2,0,0,0,0,1,3,2,0,1,0,0,0,1,0,0,1,3,0,0,5,0,0,0,0,0,2,1,0,0,1,2,0,0,0,0,0,4,1,8,0,0,2,0,0,0,0,0,0,0,0,0,6,6,0,0,3,1,6,2,0,2,0,0,6,0,0,3,3,4,0,0,0,0,1,0,0,2,1,2,1,0,0,0,3,4,2,0,1,0,0,2,2,0,3,0,0,0,3,0,1,2,2,1,1,0,2,0,0,0,0,0,0,4,6,0,0,0,0,0,0,0,0,0,0,2,6,0,0,0,0,0,1,0
0,0,5,0,0,0,0,0,0,0,5,0,1,0,5,0,0,0,0,0,0,0,0,0,0,0,0,0,0,0,0,2,0,0,0,0,0,5,0,0,0,2,0,0,7,9,7,0,0,6,0,3,0,0,0,0,0,0,0,0,0,0,0,0,12,0,2,7,0,0,0,0,6,0,0,4,14,1,4,0,0,0,17,0,0,0,0,0,0,0,6,0,0,0,0,0,0,0,0,0,0,0,0,0,0,4,0,0,0,0,0,0,0,7,0,0,0,5,0,0,0,15,4,0,0,0,0,0,4,0,0,0,0,8,0,0,0,0,6,0,6,0,13,0,0,4,4,0,0,0,0,0,0,0,0,0,0,0,0,7,0,0,0,0,0,0,0,0,0,0,0,0,0,0,5,10,0,0,0,0,0,6,0,0,0,0,3,0,0,0,0,0,0,7,6,0,2,0,0,0,0,7,5,0,0,0,1,0,0,0,0,0,0,0,0,0,0,0,7,0,5,7,0,0,6,0,0,0,0,0,0,0,0,0,0,0,8,0,5,0,0,7,0,0,0,3,0,0,0,10,0,0,0,0,12,4,0,0,0,0,0,0,0,0,0,0,0,0,0,4
1,0,0,0,0,0,0,0,0,0,0,0,0,0,0,0,0,0,0,0,0,1,0,0,0,0,0,0,0,0,0,0,0,0,0,0,0,0,0,0,0,0,0,0,0,0,0,0,0,0,0,0,0,0,0,0,0,0,0,0,0,0,0,0,0,0,1,0,0,0,0,0,0,0,0,0,0,0,0,0,0,0,0,0,0,0,0,0,0,0,0,0,0,0,0,0,0,0,0,0,0,0,0,0,0,0,0,0,0,0,0,0,0,0,0,0,0,0,0,0,0,0,0,0,0,0,0,0,0,1,0,0,0,0,0,0,0,0,0,0,0,0,0,0,0,0,0,0,0,0,0,0,0,0,0,0,0,0,0,0,0,0,0,0,0,0,0,0,0,0,0,0,0,0,0,0,0,0,0,0,0,0,0,0,0,0,0,0,0,0,0,0,0,0,0,0,0,0,1,0,0,0,0,0,0,0,0,0,0,0,0,0,0,0,0,0,0,0,0,0,0,0,0,0,0,0,0,0,0,0,0,0,0,1,0,0,1,0,0,0,0,0,0,0,0,0,0,1,0,0,0,0,0,1,0,0,0,0,0,1,0,0,0,2,0,0,0,0,0,0
4,1,1,1,3,2,1,2,1,2,2,1,2,1,1,0,0,0,0,1,2,2,0,1,0,0,0,0,2,2,1,0,4,0,2,1,1,1,2,4,0,0,3,3,0,0,4,6,1,1,2,0,3,1,1,0,1,2,4,0,0,0,1,0,0,0,1,0,0,0,0,1,0,0,0,0,1,2,0,0,2,0,5,0,0,0,4,0,0,1,1,3,2,0,1,0,2,2,1,2,2,1,1,2,1,0,1,0,2,2,2,1,1,1,1,3,1,2,2,3,2,1,1,1,2,1,2,0,2,1,0,1,1,0,2,3,2,1,0,0,1,0,1,2,3,0,2,1,2,2,3,4,2,4,0,1,0,4,4,2,0,0,1,2,1,1,2,1,2,2,0,3,2,1,0,0,1,2,0,1,0,0,2,0,0,3,2,0,1,4,0,0,6,1,3,3,1,1,1,3,1,0,2,2,5,1,7,1,3,2,0,0,3,3,3,0,3,0,2,2,2,1,2,2,2,1,1,0,3,3,3,1,2,2,4,1,0,1,5,4,1,3,0,1,0,3,0,1,1,0,2,2,4,1,3,2,1,3,0,1,1,4,1,1,1,2,1,0,3,5
0,0,0,0,0,0,0,0,0,0,0,0,0,0,0,0,0,0,0,0,0,0,0,0,0,0,0,0,0,0,0,0,0,0,0,0,0,0,0,0,0,0,0,0,0,0,0,0,0,0,0,0,0,0,0,0,0,0,0,0,0,0,0,0,0,0,0,0,0,0,0,0,0,0,0,0,0,0,0,0,0,0,0,0,0,0,0,0,0,0,0,0,0,0,0,0,0,0,0,0,0,0,0,0,0,0,0,0,0,0,0,0,0,0,0,0,0,0,0,0,0,0,0,0,0,0,0,0,0,0,0,0,0,0,0,0,0,0,0,0,0,0,0,0,0,0,0,0,0,0,0,0,0,0,0,0,0,0,0,0,0,0,0,0,0,0,0,0,0,0,0,0,0,0,0,0,0,0,0,0,0,0,0,0,0,0,0,0,0,0,0,0,0,0,0,0,0,0,0,0,0,0,0,0,0,0,0,0,0,0,0,0,0,0,0,0,0,0,0,0,0,0,0,0,0,0,0,0,0,0,0,0,0,0,0,0,0,0,0,0,0,0,0,0,0,0,0,0,0,0,0,0,0,0,0,0,0,0,0,0,0,0,0,0,0,0,0,0,0,0
0,7,0,0,0,0,6,0,0,0,6,0,0,0,4,3,3,0,0,0,0,0,0,0,0,0,2,0,0,16,0,0,0,0,0,4,10,0,0,4,0,0,0,0,0,0,0,0,0,0,4,4,3,0,0,0,0,0,0,0,0,0,0,0,5,0,6,4,0,0,0,0,0,0,0,0,0,0,0,0,2,3,0,0,0,0,0,0,0,0,0,0,3,3,0,0,0,0,0,0,7,0,0,0,0,0,0,0,5,0,0,4,4,0,0,6,0,0,0,0,0,0,0,0,0,0,0,0,0,4,0,0,0,0,0,5,0,7,0,0,0,0,0,1,0,0,0,5,0,0,0,0,0,0,8,0,6,0,0,0,0,0,0,0,0,6,3,0,0,0,0,0,0,0,0,0,0,0,0,5,0,0,0,0,0,0,0,0,0,0,0,0,0,0,0,0,0,0,0,0,0,0,0,0,0,0,0,0,0,0,0,0,0,4,0,6,0,0,0,2,0,0,2,4,0,0,0,0,0,0,0,0,0,0,0,3,3,0,8,0,6,0,0,6,5,0,0,0,0,0,0,0,0,0,0,0,0,0,0,0,10,0,0,0,0,8,5,6,0,0
3,3,10,0,17,3,0,7,0,8,1,0,4,0,0,9,0,0,4,0,5,5,0,1,0,6,4,3,21,10,2,15,3,2,5,3,0,3,0,13,2,7,0,7,0,0,7,4,5,5,15,4,0,0,0,0,1,8,5,0,4,2,1,0,2,4,4,0,1,4,5,0,4,2,10,20,21,0,2,10,0,0,0,3,4,0,0,19,15,7,0,3,4,3,3,12,0,0,3,0,1,0,6,8,2,3,4,6,12,0,2,5,1,0,9,5,8,0,0,3,9,3,1,0,7,3,10,11,4,2,4,0,0,1,2,4,0,2,6,0,0,0,2,3,0,4,2,4,10,3,3,2,1,5,1,1,13,4,3,5,5,0,1,0,10,3,2,0,3,0,4,6,2,0,5,8,13,0,3,4,3,3,2,9,0,7,4,3,14,0,1,2,13,2,2,0,5,0,1,0,0,6,0,0,0,4,0,1,2,8,0,1,0,0,0,0,3,0,6,16,18,2,0,1,5,0,0,0,0,0,4,0,1,0,0,0,0,0,0,0,10,0,0,0,0,0,2,0,0,0,0,14,1,0,2,3,0,0,0,0,0,0,0,0,0,0,0,0,0,0
0,0,0,0,0,0,0,0,1,0,0,0,0,4,0,0,0,0,0,0,0,1,0,0,0,0,0,1,0,0,0,0,0,0,0,0,0,0,0,0,0,0,0,0,0,0,0,0,0,0,0,0,0,0,0,2,0,0,0,0,0,0,3,0,0,0,2,0,0,0,0,0,0,0,0,0,0,0,0,0,0,0,0,0,0,0,5,0,0,0,0,3,0,0,0,0,0,0,0,0,2,0,0,0,0,0,0,0,2,0,0,0,0,0,0,0,0,0,2,0,0,1,0,0,0,0,0,0,0,0,0,1,0,0,0,2,0,0,0,0,0,1,1,0,0,2,0,0,0,0,0,0,0,0,1,0,0,1,1,0,0,0,0,2,0,0,0,0,0,0,2,0,0,0,1,2,0,0,0,0,0,0,0,0,1,0,0,0,0,0,0,0,0,0,0,0,0,0,0,0,4,0,2,0,0,0,1,2,0,0,0,0,0,0,1,0,0,0,0,1,0,0,2,2,0,0,0,0,0,0,0,0,0,0,0,0,3,0,0,2,0,0,0,0,0,3,0,0,0,0,2,0,0,0,3,0,2,0,1,0,0,2,0,0,0,0,0,0,0,0
0,0,1,0,1,1,0,2,0,0,0,0,0,0,0,0,1,0,2,0,0,0,0,0,1,0,0,0,0,0,0,0,0,0,0,0,0,0,0,0,0,0,0,0,0,0,0,0,4,0,2,2,0,0,0,0,3,0,0,0,0,1,0,0,0,0,0,0,1,0,2,0,0,0,1,0,4,0,0,0,0,2,1,1,0,2,0,0,0,0,0,0,0,0,0,2,0,1,2,0,0,0,0,1,0,0,0,0,0,0,0,0,2,0,0,0,0,2,0,0,0,1,0,0,1,0,0,0,0,0,1,1,0,0,0,0,0,0,0,0,1,0,0,1,0,0,0,0,0,3,0,1,0,1,0,0,0,0,0,0,0,0,0,0,0,0,0,4,0,0,0,0,0,0,1,0,0,0,0,0,0,0,0,0,1,1,0,1,0,0,0,3,0,0,0,2,0,0,0,0,0,0,0,0,0,0,0,0,0,0,1,0,2,0,1,1,0,0,0,1,1,0,0,1,0,0,0,0,0,0,0,2,0,0,1,0,0,1,0,0,0,0,0,0,0,0,0,2,0,0,0,0,0,0,0,0,0,0,0,0,0,0,0,0,0,0,0,0,0,0
0,0,0,0,0,0,0,0,1,0,0,0,0,1,0,0,0,1,0,0,0,0,2,0,0,0,2,0,0,1,0,0,0,0,0,0,0,1,0,0,0,0,0,0,2,0,0,0,0,0,0,0,0,0,0,0,1,0,0,0,0,0,1,0,0,0,0,0,2,2,0,0,1,1,0,0,0,0,0,0,0,0,0,0,0,0,0,0,0,0,0,0,0,0,0,0,0,0,0,0,0,0,0,0,0,0,3,0,0,0,1,0,0,0,0,0,0,0,2,1,0,0,0,0,0,0,1,0,3,0,0,0,0,0,0,3,0,1,0,0,0,2,1,0,0,0,0,0,0,0,2,0,0,0,0,0,0,1,0,0,0,0,0,0,0,5,0,0,0,0,1,0,0,0,1,0,0,0,3,0,1,1,1,0,0,1,1,0,1,0,1,0,0,0,0,1,0,0,0,0,0,0,0,1,0,0,0,0,1,1,0,0,0,0,0,0,0,0,0,0,0,0,0,0,0,0,0,2,0,0,2,0,0,0,0,0,1,0,0,0,0,0,0,0,0,0,1,0,0,1,0,2,0,0,0,0,2,0,1,0,0,2,0,0,0,0,0,1,0,0
0,0,0,0,0,0,0,0,0,0,0,0,0,0,0,0,0,0,0,0,0,0,0,0,0,0,0,0,0,0,0,0,0,0,0,0,0,0,0,0,0,0,1,0,0,0,0,1,0,0,0,0,0,0,0,0,0,0,0,1,0,0,0,0,0,0,0,0,0,0,0,0,0,0,0,0,0,0,0,0,0,0,0,0,0,0,0,0,0,0,0,0,0,0,0,0,0,0,0,0,1,0,0,0,0,0,0,0,0,0,0,0,0,0,0,0,0,0,0,0,0,0,0,0,0,0,0,0,0,0,0,0,0,0,0,0,0,0,0,0,0,0,0,0,0,0,0,0,0,0,0,0,0,0,0,0,0,0,0,0,0,0,0,0,0,0,0,0,0,0,0,0,0,0,0,0,0,0,0,0,0,0,0,0,0,0,0,0,0,0,0,0,0,0,0,0,0,0,0,0,0,0,0,0,0,0,0,0,0,0,0,0,0,0,0,0,1,0,0,0,0,0,0,0,0,0,0,0,0,0,0,0,0,0,0,0,1,0,0,0,0,0,0,0,0,0,1,1,0,0,0,0,0,0,0,0,0,0,0,0,0,0,0,0,0,0,1,0,0,1
0,0,0,0,0,0,0,0,0,0,0,0,0,0,0,0,0,0,0,0,0,0,0,0,0,0,0,0,0,0,0,0,1,0,0,0,0,0,0,0,0,0,0,0,0,0,0,0,0,1,0,0,0,0,0,0,0,0,0,0,0,0,0,0,0,0,0,0,0,0,0,0,0,0,0,0,0,0,0,0,0,0,0,0,0,0,0,0,0,0,0,0,0,0,0,0,0,0,0,0,0,0,0,0,0,0,0,0,0,0,0,0,0,1,0,0,0,0,0,0,0,0,0,0,0,0,0,0,0,0,0,0,0,0,0,0,0,0,0,0,0,0,0,0,0,0,0,0,0,0,0,0,0,0,0,0,0,0,0,0,0,0,0,0,0,0,0,0,0,0,0,0,0,0,0,0,0,0,0,0,0,0,0,0,0,0,0,0,0,0,0,0,0,0,0,0,0,0,0,0,0,0,0,0,0,0,0,0,0,0,0,0,0,0,0,0,0,0,0,0,0,0,0,0,0,0,0,0,0,0,0,0,0,0,1,0,0,0,0,0,0,0,0,0,0,0,0,0,0,0,0,0,0,0,0,0,0,0,0,0,0,0,0,0,0,1,0,0,0,0
0,1,0,0,0,0,0,0,0,1,0,0,0,0,0,0,0,0,0,0,0,0,0,0,0,0,1,0,1,0,0,0,0,0,0,0,0,0,1,0,1,0,0,0,0,0,0,0,0,0,0,0,0,0,0,0,0,0,0,0,0,0,0,0,0,0,0,0,0,0,0,0,0,0,0,0,0,0,0,0,0,0,0,0,0,0,0,0,0,0,0,0,0,0,0,0,0,0,0,0,0,1,0,0,0,0,0,0,0,0,0,0,0,0,0,0,0,0,0,0,0,0,0,0,0,0,0,0,0,0,0,0,0,0,0,0,0,0,0,0,0,0,0,0,0,1,0,0,0,0,0,0,0,0,0,0,0,0,0,0,0,0,0,0,0,0,0,0,0,0,0,0,0,0,0,1,0,0,1,0,0,0,0,0,0,0,0,1,0,0,0,0,0,0,0,0,0,0,0,0,0,0,0,0,0,0,0,0,0,0,0,0,0,0,0,0,0,0,0,0,0,0,0,0,0,0,0,0,0,0,0,0,0,0,0,0,0,0,0,0,0,0,0,0,0,0,1,0,0,0,0,0,0,0,0,0,0,0,0,0,0,0,0,0,0,0,0,0,0,0
1,2,1,1,1,2,1,0,0,2,1,1,1,0,1,1,1,1,1,2,1,2,1,0,0,2,0,2,1,1,1,1,2,1,1,1,0,0,2,3,1,1,0,1,1,1,1,1,1,0,1,0,0,0,0,1,1,2,1,1,1,1,1,0,0,2,0,1,1,1,1,0,0,2,0,0,1,1,1,1,0,0,1,0,1,0,2,0,1,0,0,0,0,1,2,1,1,1,0,0,2,0,1,1,1,1,1,1,1,1,0,2,1,0,2,1,2,1,1,0,1,1,1,2,1,1,1,0,2,1,2,3,0,0,0,1,0,2,1,1,1,1,3,1,0,1,1,2,1,2,1,1,1,0,0,1,1,1,1,0,1,0,1,0,0,1,1,1,0,0,1,0,1,1,1,1,1,1,0,1,1,0,0,1,1,1,1,0,1,0,2,1,0,0,1,0,1,0,0,1,0,0,0,0,0,1,1,0,0,0,0,1,1,0,1,1,1,1,0,0,1,0,0,0,1,1,1,0,2,1,0,0,0,1,1,2,1,0,0,0,0,0,0,0,0,0,2,0,1,1,0,1,0,0,0,0,1,0,0,1,0,1,0,0,0,0,1,0,0,0
0,1,0,0,1,0,1,0,1,0,0,0,0,0,0,0,0,0,0,0,0,0,0,0,1,0,0,1,0,0,0,1,0,0,0,0,0,0,0,0,0,0,0,0,0,0,0,0,0,0,0,0,0,0,0,0,0,1,0,0,2,0,0,0,0,0,1,3,0,0,0,0,1,0,0,0,0,1,0,0,0,0,0,0,0,0,0,0,1,0,0,0,1,1,0,0,0,0,0,0,0,0,0,0,1,0,1,1,0,0,1,0,1,0,0,1,0,0,0,0,0,0,0,0,1,1,0,0,0,0,0,0,2,1,0,0,0,1,0,0,1,0,0,0,3,0,0,0,0,0,0,0,0,1,0,0,0,0,0,0,0,0,0,0,1,0,0,0,0,0,0,0,0,0,0,1,0,0,1,0,0,0,0,1,1,0,0,0,1,0,0,0,0,0,1,0,0,0,0,0,0,0,0,0,0,0,0,0,0,0,0,0,0,0,0,2,1,0,1,0,0,0,0,0,0,0,1,0,0,0,0,0,0,0,0,0,0,0,0,0,0,0,0,0,0,1,0,0,0,0,0,0,0,0,0,1,0,0,0,0,0,0,0,0,0,0,0,0,0,0
37,37,26,20,21,20,0,0,35,32,0,0,13,0,0,12,0,31,73,10,13,48,0,18,29,32,38,0,21,0,0,48,36,87,0,15,32,53,0,9,16,14,26,15,4,5,16,26,33,19,18,14,8,16,0,20,15,23,3,14,52,23,13,2,0,61,25,0,78,0,0,0,45,30,9,11,42,15,10,91,6,0,0,33,71,10,0,65,24,21,9,11,6,42,64,23,0,97,0,12,32,62,17,0,27,37,74,2,0,30,49,20,33,14,5,30,33,48,0,0,0,0,41,13,26,9,30,13,0,61,15,19,8,27,37,11,64,9,12,21,41,45,41,12,15,33,5,22,0,11,0,20,8,0,0,37,11,12,0,0,0,24,15,54,38,19,8,41,68,0,0,24,0,8,44,21,23,40,13,0,0,29,17,16,53,20,21,39,30,0,9,3,0,7,0,42,14,53,0,7,0,16,15,0,22,4,25,26,0,3,0,40,0,0,0,49,0,39,62,29,48,0,0,0,10,0,31,49,18,8,5,38,43,30,49,28,47,11,28,0,0,0,9,0,0,0,19,28,3,22,2,55,30,6,0,12,0,14,64,48,10,0,56,26,12,10,28,27,0,13
0,0,0,0,0,0,0,0,0,0,0,0,1,0,0,0,0,0,0,0,0,0,1,0,0,0,1,0,0,0,0,1,1,0,1,0,0,0,0,0,0,0,1,1,0,1,0,0,1,0,0,0,1,0,0,0,0,0,0,0,0,1,0,0,0,0,0,0,0,0,0,0,0,0,0,0,0,0,0,0,0,0,0,0,0,0,0,1,0,0,1,0,0,0,0,0,1,1,0,0,0,0,0,0,0,0,0,0,0,0,0,0,0,0,0,0,0,0,0,0,0,0,0,0,1,0,0,0,0,0,0,0,0,0,0,0,0,0,0,0,0,0,0,0,1,0,0,0,0,0,1,0,1,0,0,0,0,0,0,0,0,0,0,0,0,0,1,0,0,0,0,0,0,0,0,0,0,0,0,0,1,0,0,0,0,0,0,0,0,0,0,0,0,0,0,0,0,0,0,1,0,0,0,0,0,0,0,0,0,0,0,0,0,0,0,0,0,0,0,0,0,0,0,0,0,0,0,0,1,0,0,0,0,0,0,0,0,0,1,0,0,0,0,0,0,0,0,1,0,0,0,1,0,0,0,0,0,0,0,0,0,0,0,0,0,0,0,0,0,0
0,0,0,0,0,0,0,1,0,0,0,0,0,0,0,0,0,1,0,0,0,0,0,0,0,0,0,1,1,0,0,0,1,0,0,0,0,0,0,0,1,0,1,0,0,0,1,0,0,1,1,0,0,0,0,0,1,0,0,0,1,0,1,0,0,0,0,1,0,0,2,0,0,1,0,0,0,0,0,0,0,0,0,0,0,0,0,0,0,0,0,0,1,0,0,1,0,0,1,0,0,0,0,0,0,0,0,0,0,0,0,0,0,0,0,1,0,0,0,0,1,0,0,0,0,0,0,1,1,0,1,0,0,1,1,1,0,0,0,0,1,0,0,0,1,0,0,0,0,0,1,1,0,0,0,0,0,0,0,0,0,0,1,1,0,0,0,0,0,0,0,0,0,0,0,1,0,0,1,0,0,1,0,0,0,1,1,0,0,0,1,0,1,1,0,0,0,1,1,0,0,0,0,0,0,0,0,0,0,0,1,0,0,0,0,0,0,0,0,0,0,0,0,0,1,0,1,0,0,0,1,0,0,0,0,0,0,0,0,1,0,0,0,1,0,0,0,0,0,0,0,0,0,0,0,0,1,0,1,0,0,0,0,0,0,0,0,0,0,0
1,0,0,0,0,0,0,0,0,0,2,0,0,0,0,0,0,0,0,0,1,0,0,0,0,0,0,0,0,0,0,0,0,0,0,0,0,0,0,0,0,0,1,0,0,0,0,0,1,2,0,1,0,0,0,0,0,0,0,0,0,0,0,0,0,0,0,1,0,0,0,0,0,0,0,1,0,0,0,0,0,0,0,0,0,0,0,0,0,0,0,0,0,1,0,0,0,0,3,0,0,0,0,0,1,1,1,0,0,0,0,0,0,0,2,1,0,0,0,0,1,0,0,0,0,0,0,0,0,0,0,0,0,0,0,1,0,0,0,0,0,1,0,0,0,0,0,0,0,2,0,0,0,0,0,0,0,0,0,0,0,0,0,0,0,0,0,0,1,0,0,0,0,0,0,0,0,0,0,0,0,0,0,0,1,0,0,0,0,0,1,0,0,1,0,2,0,0,0,0,0,0,0,0,0,1,0,0,0,0,0,0,0,0,0,0,0,0,0,0,0,0,0,0,0,3,0,0,0,0,0,0,0,0,0,1,0,0,0,0,0,0,3,0,0,0,1,0,0,0,0,0,0,1,0,0,1,0,2,2,0,0,0,0,0,0,1,0,1,0
3,0,0,0,0,0,0,0,0,0,0,0,0,0,0,0,0,0,0,3,3,0,3,4,2,0,0,0,1,0,0,3,0,1,0,0,0,0,0,0,3,3,0,0,0,0,0,0,0,2,0,4,0,0,0,6,8,3,0,1,0,2,6,0,1,0,3,0,4,0,0,0,1,0,3,5,0,0,0,0,0,0,0,0,0,0,0,0,5,4,0,0,0,3,0,0,0,0,3,0,0,0,0,4,2,0,0,3,4,0,0,0,0,0,0,3,0,0,0,0,0,0,0,0,1,5,3,0,0,0,0,0,4,0,0,0,0,0,0,2,0,0,0,0,0,0,0,2,0,4,0,0,0,0,0,3,0,0,2,0,0,2,0,0,2,0,3,7,0,0,5,0,0,0,11,0,0,5,0,0,0,1,0,0,4,0,0,5,0,0,0,5,0,0,0,3,0,0,2,0,3,1,0,4,0,0,0,0,4,0,0,2,12,5,3,6,0,0,4,0,0,4,0,0,0,2,3,12,0,0,0,0,0,0,1,0,0,0,0,0,0,1,0,0,0,1,0,0,2,0,0,0,0,0,0,3,0,0,3,0,0,8,6,7,0,0,4,0,0,3
0,0,0,3,0,0,3,0,0,3,0,4,0,0,0,0,0,0,0,0,3,0,0,0,0,0,0,0,0,0,0,0,0,0,0,0,0,3,0,0,0,0,3,0,0,0,3,1,0,0,0,3,0,0,0,0,0,0,0,2,0,0,0,0,0,0,0,0,0,0,3,0,0,12,0,0,0,0,0,0,0,0,0,4,0,0,1,0,5,7,0,0,0,0,0,0,0,0,0,0,0,8,0,0,0,0,0,0,0,0,0,0,0,3,0,0,0,0,0,0,0,0,0,0,0,0,0,3,0,10,0,0,0,0,0,0,0,0,0,0,0,0,0,2,14,0,0,0,0,0,0,5,3,0,0,0,0,0,0,4,4,5,0,0,2,5,0,0,1,0,0,3,0,0,0,2,0,0,0,0,0,0,0,0,0,2,0,0,0,0,0,0,0,0,0,0,5,0,0,0,0,5,0,0,3,0,4,0,0,0,0,0,0,3,0,0,0,0,2,0,0,0,4,0,0,0,0,0,0,0,0,0,0,0,0,0,0,0,0,3,0,0,0,2,4,0,0,0,0,0,0,0,0,0,0,0,0,0,1,0,0,0,0,0,0,0,8,0,0,0
0,2,1,0,0,0,0,0,2,0,0,0,0,0,0,0,0,1,0,0,0,0,5,0,0,0,0,0,1,0,0,0,0,2,1,0,0,0,1,0,0,1,1,0,0,0,0,1,0,0,0,0,0,0,0,0,0,0,0,2,0,0,0,0,1,1,2,0,0,0,1,0,2,0,0,0,3,0,0,0,0,0,0,0,0,0,0,1,0,0,0,0,0,0,0,0,0,0,0,0,0,0,0,0,0,0,0,0,1,1,0,0,0,1,0,0,0,0,0,1,0,2,1,0,0,0,0,0,3,0,0,0,5,0,0,0,0,0,1,0,0,0,0,0,0,2,0,0,0,0,0,0,0,1,0,4,0,0,0,0,1,4,0,0,0,2,2,0,0,0,0,1,0,1,0,0,1,0,0,0,0,3,0,0,0,0,0,0,0,0,4,2,1,0,0,0,0,0,2,0,0,0,0,0,1,2,0,0,0,1,0,0,0,1,0,0,2,0,0,1,0,0,0,2,0,0,0,0,2,0,1,0,0,0,0,0,0,0,0,0,0,1,0,0,0,0,0,0,0,0,2,2,0,0,0,0,0,0,0,1,2,0,0,0,0,1,0,0,0,0
0,0,0,0,0,0,0,0,0,7,0,3,0,0,0,0,5,0,0,0,0,0,0,0,0,0,4,0,0,3,0,4,0,0,5,6,0,0,0,5,0,0,0,0,0,3,0,0,0,7,2,0,0,0,0,0,0,0,0,0,0,0,0,0,0,0,0,3,5,0,0,0,0,7,0,0,0,0,0,0,0,0,0,6,7,6,0,5,0,0,0,0,0,0,0,4,0,0,0,0,0,8,0,0,0,0,0,0,0,0,0,7,0,0,0,9,0,0,0,0,0,0,0,6,0,0,0,0,0,0,0,0,0,0,0,0,0,0,5,0,0,0,0,0,0,3,0,0,0,7,0,5,0,0,11,0,4,5,0,0,0,0,15,0,0,6,0,0,0,0,0,0,24,0,4,0,0,0,5,0,0,0,15,0,0,0,0,0,0,0,0,0,0,0,0,0,0,0,0,0,0,3,0,12,0,0,0,0,0,0,4,0,0,0,0,0,0,0,0,0,0,0,0,0,0,0,0,9,0,19,0,1,0,0,4,0,0,0,0,0,0,0,5,0,7,0,0,0,0,2,0,0,0,0,0,0,0,0,5,0,11,6,4,0,0,13,0,0,6,0
3,0,0,0,0,0,0,0,0,0,0,0,0,0,0,0,0,1,0,0,0,0,0,0,0,2,0,0,0,0,0,0,0,1,0,0,0,0,0,0,0,0,0,0,0,4,0,0,0,0,0,0,0,0,1,0,0,0,0,0,2,0,0,0,0,1,0,0,0,0,0,0,0,0,0,2,0,1,0,0,0,0,0,0,0,3,0,0,0,0,2,0,0,0,0,4,0,0,0,0,0,0,1,0,0,0,0,0,0,0,0,0,0,0,2,0,2,0,0,0,2,0,0,0,0,0,2,2,0,2,0,0,0,0,0,0,0,0,0,0,0,0,0,0,0,2,0,2,0,0,0,0,0,0,0,0,0,0,0,0,0,0,0,0,3,0,1,2,0,0,0,0,0,0,0,0,0,0,0,1,0,2,0,0,2,0,0,0,0,0,0,2,0,0,0,0,0,1,0,2,3,0,0,0,0,0,0,5,1,0,0,0,0,0,0,0,0,0,0,0,0,1,0,0,0,0,2,2,0,0,0,0,0,0,0,0,0,0,1,0,0,0,1,0,0,2,0,0,0,0,1,0,0,0,3,0,1,0,0,0,0,0,0,0,0,0,0,0,0,0
0,3,0,1,0,0,0,0,0,0,0,0,0,0,0,0,0,0,1,0,0,0,0,0,2,0,0,1,1,1,0,0,0,0,0,0,0,0,0,0,0,0,0,1,0,0,0,2,0,0,0,0,0,0,0,0,0,0,0,0,0,0,0,0,0,0,0,0,0,0,0,0,0,1,0,0,0,2,0,0,0,0,0,0,0,2,0,2,0,0,0,0,1,1,0,2,0,0,0,0,0,0,0,1,0,0,1,1,0,0,0,0,0,0,0,0,0,0,0,0,0,0,0,0,0,1,0,0,0,0,0,0,0,0,0,2,0,0,0,0,2,0,0,0,0,1,0,0,0,2,1,0,0,0,0,0,0,0,0,0,1,0,0,0,0,0,0,1,0,0,0,1,0,0,0,0,0,0,1,0,0,0,6,0,0,0,1,0,0,0,0,2,0,0,0,0,0,5,0,0,0,2,0,0,0,0,0,0,2,1,0,0,0,0,0,0,1,0,2,3,0,0,0,0,3,0,0,0,0,0,0,0,0,0,2,0,0,0,0,0,1,2,0,0,0,0,0,1,0,2,2,0,3,0,0,2,0,0,1,0,0,1,0,0,1,0,0,0,2,0
0,4,0,2,0,0,0,0,5,0,0,0,3,0,0,0,0,7,2,0,0,2,0,0,0,0,0,0,0,1,0,2,0,0,0,1,0,3,0,5,0,0,8,0,5,2,10,0,5,6,0,1,0,0,0,0,0,2,0,1,0,0,1,0,0,0,0,6,0,0,0,2,0,0,12,0,5,0,0,0,0,0,0,0,2,0,0,0,5,2,0,2,3,0,0,0,0,2,7,4,0,0,0,5,0,0,8,0,4,0,10,2,0,5,3,0,1,0,0,2,5,3,0,2,1,4,2,1,3,0,9,0,0,2,0,2,4,0,0,0,0,0,0,2,0,3,0,0,7,4,0,0,3,3,2,0,0,5,3,10,11,0,3,3,1,2,10,2,0,2,0,2,0,2,0,3,0,3,3,0,0,0,7,0,0,0,3,0,0,0,2,0,0,3,3,3,3,0,4,3,0,0,2,6,1,4,0,14,7,0,6,0,2,0,1,0,2,0,1,1,3,7,0,2,2,0,0,2,0,0,2,0,7,0,0,5,4,0,0,6,3,4,8,8,8,0,2,0,3,3,6,15,2,0,6,0,2,4,1,3,5,0,0,0,3,0,0,0,7,4
0,0,0,0,0,0,0,0,4,0,3,4,2,0,2,0,0,0,0,0,0,0,0,0,0,6,0,0,3,0,5,0,3,0,0,0,0,0,2,0,0,0,2,0,4,0,2,0,4,0,0,0,0,0,0,0,0,0,0,0,0,0,0,0,0,0,0,0,0,0,0,4,3,7,0,0,0,0,0,0,0,0,0,0,0,0,3,0,0,2,0,3,2,0,0,0,0,0,0,0,0,0,0,0,0,0,0,0,1,4,0,0,3,0,0,0,0,0,0,0,2,0,0,0,0,0,0,0,0,9,7,0,2,4,0,0,3,1,0,1,0,0,0,0,0,0,4,0,0,8,0,0,0,0,0,0,8,0,0,0,0,4,0,0,0,0,0,6,2,0,0,2,0,0,4,2,6,2,0,0,3,0,0,0,0,0,0,2,0,0,0,0,4,0,0,0,0,1,0,0,0,0,6,0,0,0,0,0,0,0,0,0,3,0,0,1,9,2,0,0,0,0,2,0,5,0,0,0,0,1,0,4,0,0,0,0,0,0,0,0,0,0,0,0,4,0,0,0,0,0,0,4,0,0,0,0,0,3,0,0,0,0,0,0,1,3,0,0,0,0
0,0,0,8,0,0,0,0,13,0,0,0,0,0,0,8,0,0,0,0,0,0,0,0,16,0,0,0,0,0,17,0,0,0,0,21,0,12,7,0,0,0,0,0,0,10,0,0,0,0,0,0,0,12,0,0,0,0,0,0,0,0,0,0,0,0,0,8,0,0,0,4,0,0,0,0,11,9,0,0,0,0,0,0,0,0,0,0,0,0,0,0,0,5,0,19,0,0,28,0,0,0,0,0,0,0,0,0,0,0,0,0,0,0,0,0,0,0,0,10,0,0,0,15,15,0,9,15,0,0,0,0,0,0,13,0,0,6,0,0,0,20,5,14,0,0,0,0,0,29,11,0,11,0,0,5,15,0,0,0,0,0,0,0,11,0,0,0,0,0,0,0,30,0,0,0,10,5,0,0,0,13,5,0,5,0,6,0,0,0,0,0,0,0,0,0,8,22,0,14,6,0,0,7,0,0,0,0,0,0,0,0,0,0,0,0,0,0,0,0,0,27,0,16,0,0,0,0,0,5,0,0,0,0,0,0,0,21,0,0,0,0,0,0,16,9,0,0,0,0,0,6,0,0,0,0,0,0,0,0,0,6,0,0,0,3,0,8,0,0
0,0,6,0,0,0,0,0,0,0,0,0,0,3,1,0,0,1,0,0,0,0,0,4,0,0,5,0,1,0,0,0,0,0,0,0,0,0,0,0,0,0,0,0,0,7,2,0,2,0,0,2,2,0,0,5,0,3,2,0,1,0,0,3,0,0,3,0,0,6,0,0,0,0,2,0,0,0,0,0,0,0,2,0,0,0,0,5,0,0,0,1,0,0,0,0,0,0,0,0,0,0,0,0,0,0,0,0,0,0,0,0,1,0,0,0,0,0,0,0,0,0,0,2,1,0,0,0,0,0,0,0,3,0,1,0,4,0,0,0,0,0,0,0,0,0,0,0,0,5,0,0,0,1,3,0,0,0,0,0,0,0,0,0,0,2,0,0,0,0,0,0,0,0,0,0,0,0,0,1,0,0,0,4,0,0,3,0,4,0,0,1,0,0,0,0,0,8,1,5,0,0,1,0,0,0,0,0,2,0,0,0,0,0,0,0,2,0,0,2,0,0,0,0,0,0,0,0,0,1,0,0,0,0,0,0,0,0,3,2,0,0,0,0,0,0,0,0,0,0,0,1,2,0,0,0,0,0,0,0,0,0,0,0,0,0,1,0,2,0
0,0,0,0,0,0,0,0,0,0,0,0,0,0,0,0,0,0,0,0,0,0,0,0,0,0,0,0,0,0,0,0,0,0,0,0,0,1,0,0,0,0,0,0,0,0,0,0,0,0,0,0,0,0,0,1,0,0,0,0,0,0,0,0,0,0,0,0,0,0,0,0,0,0,0,0,0,0,0,0,0,0,0,0,0,0,0,0,0,0,0,0,0,0,0,0,0,0,0,0,0,0,0,0,0,1,0,0,0,0,0,0,0,0,0,0,0,0,0,0,0,0,0,0,0,0,0,0,0,0,0,0,0,0,0,0,0,0,0,0,0,0,0,0,0,0,0,0,0,0,0,0,0,0,0,0,0,0,0,0,0,0,0,0,0,0,0,0,0,0,0,0,0,0,0,0,0,0,0,0,0,0,0,0,0,0,0,0,1,0,0,0,0,1,0,0,0,0,0,0,0,0,0,0,0,0,0,0,0,0,0,0,0,0,0,0,0,0,0,0,0,0,0,0,0,0,0,0,0,0,0,0,0,0,0,0,0,0,0,0,0,0,0,0,0,0,0,0,0,0,0,0,0,0,0,0,0,0,0,0,0,0,0,0,0,0,0,0,0,0
0,0,0,0,0,0,1,0,1,1,0,0,0,0,0,0,0,0,1,0,0,0,0,0,0,0,0,0,0,0,0,0,0,0,0,0,0,1,0,1,1,0,0,0,0,0,0,0,0,0,0,0,0,0,0,1,0,0,1,0,0,0,0,1,0,0,0,0,0,0,0,0,0,1,0,0,0,2,0,0,0,0,0,0,0,0,0,0,0,0,0,1,0,1,0,0,0,1,1,0,0,1,0,0,0,0,2,0,0,0,0,0,0,0,0,0,1,0,0,0,0,0,0,0,0,1,0,0,1,0,0,0,1,0,0,0,0,0,0,0,0,0,0,1,0,0,0,0,0,0,0,0,0,1,0,0,0,0,0,1,0,2,0,0,0,0,0,0,0,0,1,0,0,0,0,0,0,0,0,0,0,0,0,0,0,0,0,2,0,0,0,0,0,0,0,0,0,0,1,0,0,0,0,0,0,0,0,0,0,0,0,1,1,0,0,0,0,0,0,0,0,0,0,0,0,0,0,0,0,0,0,0,0,0,0,2,0,0,1,0,0,0,0,2,0,0,0,0,0,0,0,0,0,0,0,0,1,1,0,0,0,0,0,0,0,3,0,0,1,1
0,0,0,0,0,0,5,0,3,2,0,0,0,0,2,0,0,0,0,0,0,0,0,0,0,1,2,2,0,0,2,0,0,0,0,0,0,0,0,0,0,1,0,0,0,0,4,0,2,2,0,0,1,0,0,4,0,0,0,0,0,0,0,0,0,0,0,0,0,0,0,0,0,0,0,0,2,0,0,0,0,1,0,0,0,0,0,0,0,0,0,0,6,0,0,0,0,0,4,0,0,0,0,1,0,0,1,0,2,0,0,0,1,0,0,0,0,0,0,0,0,2,0,2,0,0,0,0,0,0,0,0,0,0,0,2,0,0,2,0,0,4,0,0,0,1,0,0,0,0,0,0,0,1,0,0,0,3,0,0,0,2,2,0,0,0,0,1,0,1,2,0,0,2,0,0,0,0,5,0,0,0,0,6,0,2,0,4,0,0,0,0,0,3,2,0,0,0,0,0,0,0,0,0,0,5,2,0,0,0,0,1,0,2,0,0,0,0,0,0,0,0,0,0,0,0,1,0,0,0,0,0,0,0,0,0,3,0,0,0,1,1,0,0,0,0,0,2,0,0,0,7,1,1,0,0,0,0,0,0,0,0,0,2,0,0,0,0,0,0
0,0,0,0,0,0,0,0,0,0,0,1,0,0,0,2,0,0,0,0,0,1,0,1,0,0,0,0,0,0,0,0,0,0,0,0,0,0,0,0,0,0,0,0,0,0,0,0,0,0,0,0,0,0,0,0,0,0,0,0,0,0,0,0,0,0,0,0,1,2,0,0,0,0,0,0,0,0,1,1,0,0,0,0,0,0,0,0,0,0,0,0,0,0,0,0,0,0,0,0,0,0,0,0,1,1,1,0,0,0,0,0,0,0,0,1,0,0,0,1,0,2,0,0,0,0,0,0,0,0,0,0,1,0,0,0,1,0,0,2,0,0,1,0,0,0,0,0,0,0,0,0,0,0,0,0,0,0,0,1,0,0,1,1,0,0,0,0,0,0,0,0,0,0,0,0,0,0,0,0,0,0,0,0,0,0,0,1,0,0,0,0,0,0,1,0,0,1,0,0,0,0,0,0,0,0,0,0,0,0,0,0,1,0,0,1,0,1,0,0,0,0,0,0,0,0,0,0,0,0,0,0,0,0,0,0,0,0,0,0,1,0,0,0,1,0,0,0,0,0,0,0,0,1,0,0,0,1,0,0,0,1,0,0,1,0,0,0,0,0
1,0,0,0,1,0,0,1,1,0,0,0,0,1,0,0,0,0,0,0,0,0,0,0,0,0,0,1,0,2,0,0,2,0,1,0,1,0,0,0,1,0,0,0,0,0,0,0,0,0,0,0,0,0,0,0,0,0,0,0,0,0,0,0,0,0,0,0,0,0,0,0,0,0,0,1,0,1,0,1,0,0,0,0,0,1,0,0,0,0,0,0,0,0,0,0,0,0,0,0,0,0,0,0,1,0,0,0,0,0,0,0,0,0,0,0,0,0,0,1,0,0,0,0,0,0,0,0,0,0,1,0,1,0,1,0,0,0,0,0,0,0,0,1,0,0,0,0,0,0,0,1,0,1,0,0,0,0,0,1,2,0,0,0,1,1,1,0,1,1,0,0,1,0,0,0,0,0,0,0,0,0,1,0,0,0,0,0,0,0,0,1,0,0,0,0,0,0,0,0,0,0,0,0,0,0,0,0,1,0,0,0,0,0,0,0,0,0,0,0,0,0,0,1,0,0,0,0,0,1,0,0,0,0,0,0,0,2,0,0,1,0,0,1,0,1,0,0,0,0,0,0,0,0,0,0,0,0,0,0,0,0,0,0,0,0,0,0,0,1
0,0,0,1,0,0,0,0,0,0,0,0,0,0,0,0,0,1,0,0,0,0,0,0,1,0,0,0,0,0,1,1,0,0,1,0,0,0,0,0,0,0,0,1,0,0,0,0,1,0,0,0,0,0,0,0,0,0,0,1,0,0,0,0,0,0,1,0,0,0,0,0,0,0,0,0,0,0,0,0,0,0,0,0,0,0,0,0,0,0,0,0,0,1,0,0,0,1,0,0,0,1,0,0,0,0,0,0,1,3,0,0,0,0,0,0,1,0,0,0,0,0,0,0,0,0,0,0,0,0,0,0,0,0,0,0,0,0,0,0,0,1,0,0,0,0,0,0,0,0,0,0,0,0,0,0,0,0,1,0,0,0,0,0,0,0,1,0,0,0,0,1,0,0,0,0,0,0,1,0,0,0,0,0,0,0,0,0,0,0,0,0,0,0,0,0,0,0,0,1,0,1,0,0,0,0,1,0,0,0,0,0,1,1,0,0,0,0,0,0,0,0,0,0,0,0,0,0,0,0,0,0,0,0,0,0,0,0,1,0,0,0,0,0,0,0,0,0,0,0,0,0,0,0,0,0,0,0,0,0,0,0,0,0,0,0,0,0,0,0
0,8,0,0,0,0,0,0,0,0,0,0,0,0,4,0,0,14,0,0,0,0,0,0,0,0,0,0,0,12,0,0,0,4,4,0,0,0,6,3,0,0,0,7,0,0,0,0,38,0,0,0,0,0,0,0,0,0,0,0,0,3,0,0,0,0,0,0,0,0,0,1,0,1,0,0,0,0,0,0,0,0,0,0,0,0,0,0,0,0,0,0,6,0,7,0,0,0,0,0,0,0,0,8,0,0,2,6,0,0,0,0,0,0,0,0,0,0,3,8,0,10,0,0,0,0,0,6,0,0,9,8,0,0,0,0,0,0,0,0,0,0,6,7,0,0,0,0,0,0,0,0,29,0,0,0,0,15,0,0,0,0,5,0,0,4,8,0,0,0,0,0,0,8,1,0,0,0,0,0,0,0,0,0,4,0,0,0,0,0,0,0,9,0,0,0,0,0,0,8,3,0,0,7,0,0,5,0,0,3,0,0,0,0,0,8,0,0,0,0,0,0,9,0,0,0,0,0,0,0,0,0,0,0,0,0,0,0,9,0,0,0,0,0,0,0,0,0,2,0,0,0,0,0,0,0,0,0,4,0,0,8,0,0,0,0,0,0,11,0
