,V1,V2,V3,V4,V5,V6,V7,V8,V9,V10,V11,V12,V13,V14,V15,V16,V17,V18,V19,V20,V21,V22,V23,V24,V25,V26,V27,V28,V29,V30,V31,V32,V33,V34,V35,V36,V37,V38,V39,V40,V41,V42,V43,V44,V45,V46,V47,V48,V49,V50,V51,V52,V53,V54,V55,V56,V57,V58,V59,V60,V61,V62,V63,V64,V65,V66,V67,V68,V69,V70,V71,V72,V73,V74,V75,V76,V77,V78,V79,V80,V81,V82,V83,V84,V85,V86,V87,V88,V89,V90,V91,V92,V93,V94,V95,V96,V97,V98,V99,V100,V101,V102,V103,V104,V105,V106,V107,V108,V109,V110,V111,V112,V113,V114,V115,V116,V117,V118,V119,V120,V121,V122,V123,V124,V125,V126,V127,V128,V129,V130,V131,V132,V133,V134,V135,V136,V137,V138,V139,V140,V141,V142,V143,V144,V145,V146,V147,V148,V149,V150,V151,V152,V153,V154,V155,V156,V157,V158,V159,V160,V161,V162,V163,V164,V165,V166,V167,V168,V169,V170,V171,V172,V173,V174,V175,V176,V177,V178,V179,V180,V181,V182,V183,V184,V185,V186,V187,V188,V189,V190,V191,V192,V193,V194,V195,V196,V197,V198,V199,V200,V201,V202,V203,V204,V205,V206,V207,V208,V209,V210,V211,V212,V213,V214,V215,V216,V217,V218,V219,V220,V221,V222,V223,V224,V225,V226,V227,V228,V229,V230,V231,V232,V233,V234,V235,V236,V237,V238,V239,V240,V241,V242,V243,V244,V245,V246,V247,V248,V249,V250,V251,V252,V253,V254,V255,V256,V257,V258,V259,V260,V261,V262,V263,V264,V265,V266,V267,V268,V269,V270,V271,V272,V273,V274,V275,V276,V277,V278,V279,V280,V281,V282,V283,V284,V285,V286,V287,V288,V289,V290,V291,V292,V293,V294,V295,V296,V297,V298,V299,V300,V301,V302,V303,V304,V305,V306,V307,V308,V309,V310,V311,V312,V313,V314,V315,V316,V317,V318,V319,V320,V321,V322,V323,V324,V325,V326,V327,V328,V329,V330
1,0,0,0,0,0,0,0,0,0,13,0,0,0,0,0,0,0,0,11,1,1,3,0,2,0,0,0,0,0,0,0,0,0,2,0,0,0,0,0,0,0,0,0,1,14,0,0,0,3,0,0,1,0,0,0,0,1,0,0,0,9,0,0,0,0,1,0,0,16,0,0,0,0,0,0,0,0,0,3,0,0,1,0,8,2,0,4,0,0,0,0,1,0,0,0,0,0,26,1,0,7,4,0,0,0,0,0,0,1,0,0,1,0,4,0,1,0,0,14,0,0,2,0,0,0,0,0,0,0,0,0,16,0,0,0,1,0,15,0,0,0,0,0,23,0,0,0,0,0,0,0,0,0,0,0,1,0,0,0,0,0,0,0,0,0,1,0,0,1,0,2,0,1,0,9,3,0,0,2,7,0,1,0,0,0,0,2,0,0,0,0,0,0,0,0,0,0,0,1,0,0,0,0,0,0,0,0,2,0,0,0,0,0,0,4,0,0,0,0,0,0,0,0,0,0,0,0,0,1,0,1,0,0,0,0,0,0,3,0,0,0,0,0,39,0,3,25,0,3,0,0,0,0,0,6,0,1,0,9,0,0,0,1,2,0,0,0,0,0,0,0,6,3,0,1,0,0,0,0,0,3,0,61,0,0,1,0,17,0,0,1,0,0,0,0,0,0,0,0,2,0,0,0,5,0,0,0,0,0,0,16,2,1,0,0,0,0,0,0,0,0,0,2,0,0,0,0,0,0,71
2,0,0,0,0,0,2,0,5,0,11,4,0,0,0,0,0,0,0,0,1,2,1,1,0,0,0,3,0,5,0,0,0,0,0,0,2,0,0,0,0,0,0,0,0,2,1,0,0,0,0,0,0,0,1,0,0,0,0,0,0,0,0,0,0,0,2,0,0,68,0,0,0,0,0,0,0,0,0,7,0,0,0,0,0,0,0,0,4,0,0,5,4,0,0,0,0,0,0,1,0,22,0,0,0,0,0,0,0,2,0,0,0,2,0,0,4,0,0,0,3,3,0,0,0,0,0,3,0,0,0,0,116,0,0,0,0,0,3,0,0,0,4,0,1,0,1,0,0,0,0,0,0,0,0,0,0,0,0,0,0,0,1,5,0,0,1,0,0,0,0,0,0,0,0,0,23,0,0,0,2,0,0,0,0,0,0,0,0,1,0,0,5,1,0,1,0,0,0,0,0,0,0,0,0,0,0,0,0,2,0,0,0,0,0,17,0,0,0,0,0,11,0,4,0,8,0,3,0,0,0,0,3,0,0,0,0,0,0,0,0,0,2,0,57,0,2,0,0,0,0,0,0,0,0,14,1,33,0,0,0,0,0,1,6,0,0,0,0,0,22,0,1,0,0,5,0,0,1,0,0,5,9,2,2,0,0,6,4,0,0,0,1,0,0,0,7,0,0,0,0,0,0,0,32,0,0,0,0,3,0,86,8,2,0,1,0,0,0,0,0,0,0,0,0,1,1,0,0,0,9
3,1,0,0,13,14,0,0,0,0,18,0,0,0,0,1,0,4,0,25,1,1,2,0,2,0,1,0,0,2,0,0,0,0,0,0,0,5,0,0,0,0,0,0,0,0,2,0,0,0,0,1,0,0,0,0,0,0,0,2,0,16,0,2,2,0,1,28,3,6,0,2,0,0,0,0,0,0,0,7,1,0,0,0,0,0,1,0,0,0,0,0,1,0,2,1,0,0,0,2,13,1,0,0,7,6,0,5,0,0,83,0,0,0,0,0,0,0,0,0,0,0,0,0,0,0,0,0,0,0,0,1,0,0,0,2,0,0,31,1,0,0,0,0,0,0,0,0,0,0,0,0,0,0,0,0,0,0,0,0,0,1,0,1,0,0,0,0,0,0,0,0,0,0,1,1,0,0,6,7,2,0,0,0,2,2,0,0,0,0,0,0,0,0,5,0,63,0,0,0,1,0,0,0,0,0,0,0,0,0,0,0,2,0,10,3,0,0,0,0,0,0,0,0,1,0,1,0,0,0,1,0,0,7,2,0,1,0,0,0,0,0,0,0,7,0,0,0,0,1,0,0,8,0,1,0,0,0,0,0,0,0,10,0,0,1,0,0,0,0,0,0,0,3,1,1,1,0,0,1,0,0,0,0,0,0,0,0,0,0,0,0,0,0,0,0,0,1,0,0,0,0,0,0,3,0,0,0,0,0,4,10,0,0,0,80,0,0,0,0,0,0,0,0,0,0,73,0,0,0,29
4,0,0,0,9,3,1,0,1,0,24,0,0,0,0,0,0,0,0,0,3,4,0,0,0,0,0,0,0,0,0,0,0,0,0,0,0,3,0,0,0,0,3,0,0,0,0,0,0,0,0,0,0,6,0,0,0,0,0,1,1,1,1,4,4,0,4,0,0,14,0,0,0,0,0,0,0,0,0,0,0,0,0,0,10,0,0,0,0,1,0,8,0,0,0,0,0,0,0,23,0,2,0,1,0,0,0,0,0,0,0,0,0,0,2,0,9,0,0,0,0,0,0,0,0,3,0,0,0,0,0,0,63,1,0,0,0,1,12,0,0,1,0,0,1,0,0,0,0,0,0,0,0,0,0,0,0,0,0,0,0,0,0,5,0,5,0,0,0,0,0,0,0,0,5,1,5,2,0,0,1,0,0,0,0,0,0,0,0,3,0,0,0,0,3,0,0,0,0,0,0,0,0,0,0,0,0,0,0,2,0,0,0,0,16,3,2,0,0,0,0,0,0,0,0,2,0,0,11,0,0,1,0,0,0,0,0,0,0,0,0,0,5,0,4,10,142,0,0,18,1,0,0,0,0,9,11,14,0,0,0,0,0,1,1,0,0,0,0,0,0,0,7,0,0,4,2,0,0,0,0,0,0,121,0,0,0,36,0,0,0,0,0,0,0,0,5,0,0,0,5,0,0,0,44,0,0,0,16,0,1,1,1,15,0,0,0,1,0,0,0,0,0,0,5,0,1,0,12,0,78
5,1,0,0,0,9,1,0,0,0,0,0,0,0,0,0,0,0,0,10,0,0,0,0,0,0,0,0,0,0,0,0,0,1,0,0,0,4,0,0,0,0,0,0,0,10,2,0,0,0,1,1,0,0,0,11,0,0,0,0,0,55,0,0,1,0,1,7,0,3,0,0,0,0,0,0,0,0,0,0,6,0,0,0,0,0,0,0,0,0,2,0,0,0,1,0,0,0,0,0,8,0,0,0,5,0,0,0,0,0,48,0,0,0,17,0,0,0,0,18,0,0,1,0,0,0,0,5,0,0,13,1,0,0,0,0,0,8,36,0,0,0,0,1,0,0,10,0,0,0,0,0,0,0,0,4,0,0,0,0,0,0,0,1,1,0,1,0,0,0,0,0,0,0,0,3,0,0,3,3,2,0,1,0,0,0,0,0,0,0,0,0,0,0,0,0,12,1,0,1,0,0,0,0,4,0,0,0,0,0,1,0,0,0,0,4,0,0,0,0,0,1,0,2,1,1,6,0,0,0,2,1,0,10,0,1,2,0,0,0,0,0,2,0,10,0,0,17,0,0,0,0,0,0,5,0,0,0,0,0,0,0,0,0,0,0,0,0,0,0,0,0,3,0,0,3,0,0,0,0,0,0,2,0,0,1,0,0,0,0,0,0,0,0,0,0,0,0,0,0,0,0,0,0,3,0,0,0,0,0,0,39,0,0,0,33,0,0,0,0,0,0,0,0,0,0,36,0,0,0,47
6,0,0,0,0,0,0,0,25,0,22,4,0,1,0,3,0,0,0,0,1,0,0,0,0,0,0,0,0,0,1,0,0,0,1,2,3,0,0,0,0,0,0,0,2,0,0,0,0,0,0,8,0,0,0,0,0,0,0,0,0,0,0,0,0,0,0,0,0,16,0,0,0,0,0,0,0,0,15,4,0,0,0,0,0,0,0,4,1,9,0,0,6,0,0,0,0,0,0,1,0,0,0,0,0,0,0,0,0,0,0,0,0,0,1,3,0,0,0,0,0,0,0,9,0,1,0,0,0,0,0,0,45,14,0,4,0,0,1,0,0,0,0,0,3,0,0,0,0,0,0,0,0,0,4,0,0,0,1,0,1,2,0,2,0,0,2,0,0,0,0,0,0,0,11,0,18,0,0,0,0,0,4,0,0,0,0,0,0,0,0,0,0,0,0,0,0,0,0,0,0,0,0,0,0,0,0,0,0,0,0,0,0,0,0,20,1,0,0,2,0,0,0,6,0,1,3,0,2,0,0,0,0,0,0,0,0,0,0,0,0,2,5,0,20,0,16,0,0,3,1,0,1,0,0,65,0,0,0,7,4,0,0,0,3,6,0,0,1,0,0,0,1,0,0,16,3,0,0,0,0,4,9,0,0,3,0,0,0,0,0,0,1,7,0,1,0,0,0,0,0,0,0,0,12,0,0,0,0,0,0,0,6,0,0,0,0,0,0,0,0,0,0,0,0,0,0,0,0,0,6
7,0,0,0,0,14,0,1,0,1,13,1,0,0,0,0,0,0,2,0,0,0,2,0,0,0,2,0,0,0,0,0,0,0,0,0,0,5,0,0,5,0,2,0,0,0,2,0,1,0,26,0,0,0,0,0,0,1,0,0,0,4,2,2,0,0,6,3,0,2,0,0,0,0,0,1,0,0,0,1,0,0,0,0,0,0,0,1,0,0,0,0,2,0,0,0,0,1,5,0,0,2,0,0,1,0,0,0,0,0,0,0,0,1,2,6,0,0,0,0,0,0,0,0,0,2,0,0,0,0,1,6,0,1,0,0,0,2,0,0,0,0,0,0,0,0,0,0,0,0,0,0,0,0,0,0,0,1,0,0,1,3,0,33,0,0,0,0,0,0,7,1,0,0,8,1,2,2,0,0,0,0,0,0,22,0,0,0,0,0,0,0,0,0,0,0,9,0,0,0,0,0,0,1,22,0,0,0,0,0,3,0,0,0,0,1,4,0,0,0,5,0,3,0,2,1,1,3,0,0,1,0,0,4,0,0,0,0,0,0,1,0,0,0,0,9,0,30,0,17,4,0,0,0,25,0,0,0,0,0,2,0,0,0,1,0,0,0,5,6,2,0,4,0,2,0,0,0,0,0,0,0,0,0,0,0,0,0,0,0,10,0,0,1,0,0,0,0,0,0,0,2,0,0,11,0,0,25,0,0,0,0,0,0,0,1,0,0,0,0,0,0,0,0,5,0,1,0,4,0,27
8,0,0,0,11,0,0,1,9,0,24,0,0,0,0,1,0,0,0,15,1,1,0,0,9,2,0,0,0,0,0,0,0,0,1,0,0,0,3,0,0,0,1,0,2,0,1,0,0,0,0,0,0,0,0,0,0,0,0,0,0,2,0,3,1,0,0,4,1,0,0,0,0,0,0,0,0,0,0,0,2,0,1,0,14,0,0,0,0,0,0,1,1,0,2,0,0,0,0,0,0,0,1,0,0,6,0,0,0,4,0,0,0,0,9,0,1,0,0,0,0,4,0,0,0,0,0,0,2,0,0,0,28,0,0,0,0,0,0,0,0,0,0,0,36,0,0,0,0,0,0,3,1,0,0,0,0,0,0,0,0,1,0,0,0,0,0,0,0,0,1,2,0,0,1,4,1,0,0,0,2,3,0,7,0,0,0,1,0,1,0,0,0,0,0,2,0,0,0,0,2,0,0,0,0,0,0,0,0,0,0,0,0,0,0,3,0,0,0,0,0,0,0,1,0,1,3,0,7,4,0,0,0,0,0,0,0,0,0,0,0,0,2,0,35,0,3,15,0,0,0,0,0,0,0,4,3,1,0,0,2,0,0,1,0,0,5,0,0,0,0,0,0,0,0,3,1,0,0,1,0,2,5,197,0,0,0,1,6,0,0,0,0,0,0,0,0,1,0,0,0,0,2,0,0,0,0,0,0,0,7,27,0,0,0,4,0,0,0,0,0,1,2,0,1,0,0,0,0,4,40
9,0,0,0,0,4,3,1,0,0,0,0,0,0,0,0,0,0,0,0,3,1,0,0,0,0,5,0,1,0,0,0,0,0,0,0,0,14,0,0,0,0,3,0,0,0,2,0,3,0,28,0,2,0,0,13,0,0,0,0,0,4,0,0,0,0,8,1,0,2,0,0,0,0,0,0,0,0,0,6,0,0,0,0,0,0,0,0,3,0,0,0,1,0,0,0,0,0,10,0,0,0,0,0,0,0,0,0,0,0,3,0,0,0,1,0,6,10,0,0,0,0,0,0,0,0,0,1,0,0,1,3,18,0,0,0,0,1,0,0,0,0,0,14,0,0,0,0,2,0,0,0,0,2,0,0,0,0,0,0,0,5,0,29,0,0,1,0,0,0,1,2,0,0,0,0,0,0,1,1,0,1,0,3,0,0,0,0,0,0,0,0,0,0,0,0,14,0,14,0,0,0,0,0,0,0,0,0,0,0,1,0,0,0,11,2,0,0,0,0,0,5,0,0,1,1,1,0,0,0,1,0,0,2,0,0,1,0,0,0,0,0,0,2,1,7,8,40,2,0,0,0,1,0,15,2,0,4,0,1,0,0,0,0,0,5,0,0,0,2,0,1,0,1,0,2,0,0,0,1,0,0,0,0,0,0,0,21,0,1,0,0,0,0,0,0,0,0,0,0,0,1,5,1,13,0,0,14,0,0,0,1,0,0,3,4,0,0,0,0,0,0,0,0,0,0,2,0,0,0,13
10,0,0,0,21,0,0,0,7,0,1,0,0,0,0,0,0,0,1,6,2,0,2,0,2,0,0,0,0,0,0,0,0,0,4,0,0,0,11,0,0,0,0,0,0,0,0,0,0,0,0,0,0,0,0,0,0,0,0,0,0,10,0,2,0,0,1,5,0,7,0,0,0,0,0,0,0,0,0,0,3,0,0,0,0,1,0,0,0,2,4,0,1,0,0,0,0,0,0,0,3,0,0,0,0,0,0,0,0,0,0,1,0,0,4,0,0,0,0,0,0,2,1,14,0,0,0,0,0,1,0,0,3,0,0,0,0,0,0,2,0,6,0,0,52,0,0,0,0,0,0,2,0,0,0,0,0,0,1,0,0,1,0,0,0,0,1,0,6,0,1,0,0,0,0,7,1,0,0,0,0,0,3,0,0,0,0,1,0,0,0,0,0,0,0,0,0,1,0,0,0,0,0,0,0,0,0,0,0,0,0,0,0,0,0,1,0,0,0,0,0,0,0,0,0,0,0,0,0,0,0,1,0,0,0,0,0,0,0,0,0,0,4,0,20,0,5,39,0,2,0,0,0,0,0,3,3,0,0,1,0,0,0,2,1,0,3,0,0,0,0,4,6,0,0,0,2,1,0,0,8,3,6,21,0,0,0,1,0,0,0,0,0,3,0,0,0,0,0,39,0,0,0,0,4,0,0,0,0,0,6,6,2,0,0,0,4,1,0,0,0,0,1,1,0,0,17,0,0,1,131
11,0,0,0,0,0,0,0,4,0,2,0,0,0,0,0,0,0,0,0,0,0,0,0,0,3,0,0,0,0,6,0,0,0,0,0,0,1,0,0,0,0,0,0,2,0,2,0,0,0,1,0,0,0,2,0,0,1,0,0,0,20,0,0,0,0,1,0,1,2,0,1,0,0,0,0,0,1,0,0,1,0,0,0,0,0,0,0,0,0,0,0,1,0,0,0,1,0,0,0,6,0,0,0,5,0,4,0,0,3,19,0,1,0,10,0,0,0,0,0,0,0,0,0,0,0,0,0,0,0,14,0,0,0,0,0,1,10,0,0,0,0,0,0,0,1,0,1,0,0,0,0,0,0,0,0,0,0,0,0,0,0,0,1,0,0,0,0,0,0,0,2,0,0,1,1,0,0,0,27,2,0,0,0,0,0,0,0,0,0,0,0,0,0,0,0,13,0,0,0,0,0,0,0,1,0,0,0,0,0,2,0,0,1,0,0,0,0,1,0,0,0,0,0,1,0,0,0,0,0,0,0,0,9,0,0,7,13,0,0,0,0,0,0,27,0,0,10,0,7,0,0,8,0,3,0,0,1,0,0,0,0,0,1,0,0,0,0,0,0,14,0,3,0,0,5,1,0,6,1,0,0,0,51,0,0,0,0,0,0,0,0,0,0,0,0,0,0,0,0,0,0,0,0,4,0,0,0,0,0,1,12,0,2,0,15,4,9,0,0,0,0,2,0,0,0,60,0,0,1,17
12,0,0,0,0,1,1,0,0,0,8,0,0,1,0,0,0,0,0,0,0,3,0,0,0,0,3,0,0,0,0,0,0,0,0,0,0,0,39,0,6,0,0,0,5,0,0,0,0,28,6,0,0,0,0,5,0,1,0,0,0,0,0,6,1,0,0,1,0,12,0,0,0,0,0,0,0,0,0,0,3,0,0,0,0,0,0,0,0,0,0,3,5,0,0,1,0,0,0,0,0,10,0,0,0,0,0,0,0,0,39,0,0,0,2,0,0,0,0,0,0,0,0,0,0,0,2,0,0,0,9,0,0,0,0,0,0,1,0,0,10,0,5,0,0,0,0,0,0,0,0,0,0,0,0,0,0,0,3,0,6,0,0,17,0,0,0,0,0,0,0,0,0,0,8,0,18,0,15,0,0,32,6,0,0,15,0,0,0,0,0,0,0,1,3,0,0,0,0,0,0,0,0,0,0,0,0,0,0,0,3,0,1,0,4,3,1,0,0,0,1,0,0,0,20,3,5,0,0,0,5,0,0,2,0,0,0,4,0,0,0,0,0,0,57,0,0,0,0,6,0,0,0,0,6,0,0,0,1,3,0,0,0,0,1,3,0,0,0,0,0,0,3,2,0,4,0,0,2,37,0,0,0,0,1,0,0,0,8,0,0,0,0,0,0,0,0,0,0,0,0,0,0,1,20,0,0,0,0,0,0,13,0,0,0,8,0,0,0,0,0,0,0,0,0,0,0,0,0,0,8
13,0,0,0,0,0,0,1,0,0,23,0,0,0,0,0,0,0,2,0,3,0,3,0,4,0,0,0,0,0,0,0,0,2,0,1,0,0,0,0,0,0,0,3,0,0,0,0,0,0,0,0,0,0,0,0,7,0,0,0,0,4,0,0,0,0,0,0,0,1,0,0,0,0,0,0,0,1,0,0,1,0,0,0,0,0,0,0,0,3,0,1,1,0,0,0,0,0,0,2,1,1,0,0,0,0,0,0,0,0,0,0,0,0,1,0,1,0,0,0,0,0,0,0,0,0,0,0,1,0,0,0,35,0,0,0,0,1,0,0,8,0,6,1,39,0,0,0,0,0,0,6,0,0,0,0,0,0,0,0,0,1,0,0,0,0,2,0,2,0,0,0,0,0,1,1,1,0,0,3,2,0,1,0,0,0,0,0,0,0,0,0,0,0,0,1,0,0,0,0,0,0,0,0,0,0,0,0,0,0,0,0,0,0,0,3,0,0,0,0,0,0,0,0,0,0,3,0,0,0,0,1,0,0,0,0,0,5,0,0,0,0,0,11,13,0,8,13,0,4,0,0,0,0,1,1,0,0,0,1,0,3,0,2,3,0,3,0,6,0,0,0,0,0,2,5,0,2,1,0,0,5,3,0,0,0,0,0,0,0,0,0,0,0,0,0,0,0,0,0,0,0,15,0,7,0,0,0,0,0,3,4,1,0,0,0,0,0,0,0,0,0,0,0,0,0,0,0,0,0,40
14,0,0,0,12,0,0,0,0,0,1,0,0,0,0,0,0,0,0,0,6,4,4,0,2,0,1,0,0,3,0,0,18,0,20,0,1,0,43,2,0,0,0,0,0,0,0,0,2,2,11,0,2,0,0,2,0,2,0,0,0,0,0,0,0,0,3,2,0,6,0,0,0,0,0,0,0,0,0,0,0,0,0,0,0,2,0,0,0,3,0,6,3,0,0,0,0,0,0,2,0,0,0,0,0,0,0,0,0,0,0,0,0,0,0,0,0,0,0,0,0,0,0,1,0,0,0,0,0,0,1,0,62,0,0,0,0,1,0,0,0,0,0,0,0,0,0,0,0,0,4,0,0,3,0,0,0,0,3,0,2,4,0,0,1,0,1,0,2,0,18,0,0,0,10,3,3,0,0,0,0,0,0,0,6,0,0,0,0,1,0,0,0,0,0,0,0,1,0,0,0,0,0,0,0,0,0,0,0,0,0,5,0,0,0,4,0,0,9,0,0,0,0,0,0,0,0,0,11,0,0,0,0,0,0,0,1,0,0,0,0,0,14,4,2,0,47,8,0,15,0,1,1,0,0,10,0,0,0,1,0,3,1,3,1,0,0,0,14,0,0,0,0,0,34,6,0,0,0,0,0,0,1,0,0,0,0,0,1,0,0,0,0,0,0,5,5,0,0,3,0,0,4,0,21,0,0,0,10,0,0,1,0,0,0,0,8,0,0,0,3,0,0,0,0,4,0,0,5,0,57
15,0,0,0,0,0,0,0,0,0,2,5,0,0,0,0,0,0,0,0,1,4,0,0,0,0,0,0,0,0,0,0,0,0,1,0,0,0,0,0,0,0,0,0,0,0,0,6,0,0,0,0,0,4,0,6,0,2,0,0,0,2,0,0,0,0,2,0,0,15,0,0,0,0,0,0,0,0,0,0,0,1,0,0,0,0,0,0,2,0,0,7,4,0,0,0,0,1,0,3,0,15,0,0,0,0,0,0,0,2,0,0,0,0,3,0,0,0,0,0,0,0,0,0,0,0,0,0,0,0,0,0,60,14,0,0,0,0,0,0,0,0,0,1,2,0,0,0,1,1,0,0,0,0,0,0,0,0,0,0,0,0,1,0,0,0,2,0,0,0,0,0,0,0,0,1,14,0,0,0,3,0,4,0,0,0,0,0,0,1,0,0,0,0,0,0,0,0,0,1,0,2,0,0,0,0,0,0,0,2,0,0,0,0,0,12,5,0,0,13,0,0,0,0,2,9,0,0,0,1,0,0,0,0,2,0,0,0,0,2,0,0,2,0,45,0,14,0,0,4,0,0,0,0,0,30,0,9,0,0,0,0,0,0,3,5,0,0,0,0,0,0,4,0,0,8,0,0,2,0,0,0,4,6,0,1,0,3,4,0,0,0,0,0,0,0,0,0,0,0,0,0,0,0,28,0,0,0,0,0,0,68,6,10,0,3,0,0,0,0,0,0,0,2,0,0,0,0,0,0,9
16,0,0,0,0,0,0,0,0,0,16,0,0,1,0,0,0,0,0,0,0,5,1,0,2,0,0,2,0,0,0,0,0,0,1,3,0,0,44,0,0,0,0,0,0,2,0,0,0,0,0,0,0,0,0,0,0,1,0,0,1,2,0,0,0,0,2,0,0,30,1,3,0,0,1,0,0,0,0,0,0,0,0,0,1,0,0,2,0,3,0,3,1,1,0,0,0,0,0,4,0,0,0,0,0,0,0,0,0,3,0,2,0,0,7,3,13,0,0,0,0,0,0,0,0,0,0,0,0,0,0,0,37,9,0,0,0,1,1,0,0,0,0,0,0,0,1,0,0,0,0,0,0,0,0,0,4,0,0,0,3,0,2,1,0,0,1,0,0,0,0,0,0,0,0,0,8,0,5,0,3,0,0,0,1,0,0,0,3,1,0,0,0,0,10,2,1,0,0,1,1,0,0,0,0,0,0,0,0,1,0,0,0,0,3,14,0,0,0,0,0,0,0,0,0,2,0,0,0,2,0,0,0,0,0,0,0,0,0,0,0,0,0,0,44,0,0,0,0,2,0,1,0,0,0,83,1,34,1,0,0,0,0,0,2,13,0,0,0,0,0,0,1,0,0,6,0,9,0,0,0,8,1,4,0,1,0,4,0,0,0,0,0,0,0,2,0,0,0,0,0,0,0,0,42,1,0,0,10,0,0,35,7,0,0,2,0,0,0,1,0,0,0,0,0,0,0,0,0,0,9
17,0,0,0,0,3,0,0,0,0,7,0,0,0,1,3,0,0,0,0,5,0,0,0,3,0,0,1,0,0,3,0,0,0,5,0,0,0,0,0,0,0,1,4,0,5,0,0,0,0,0,0,1,0,0,0,0,0,10,0,0,0,0,0,0,0,0,0,0,5,0,0,0,0,0,0,0,0,0,0,0,0,6,0,0,0,0,2,0,2,0,0,2,0,0,0,0,0,7,1,0,3,1,7,2,0,0,0,0,0,0,0,0,0,1,0,0,0,0,53,0,0,1,0,0,0,0,0,1,0,0,0,24,0,0,0,0,0,19,1,20,0,0,0,5,0,0,0,0,0,0,0,0,0,0,0,0,0,0,0,0,0,0,0,0,0,0,1,6,0,0,0,3,0,1,0,0,0,0,0,1,0,1,2,0,0,0,0,0,0,0,0,0,1,0,1,0,0,0,0,0,0,0,2,0,0,0,0,0,0,0,0,0,0,0,2,0,0,0,0,0,0,2,0,1,0,0,0,0,0,0,0,0,0,0,0,0,4,0,0,0,0,6,0,6,0,5,17,0,11,0,0,0,0,0,1,0,0,0,14,0,0,0,0,1,0,3,0,4,0,0,0,5,0,3,0,0,0,0,0,0,0,0,0,0,0,0,0,0,0,0,0,0,0,0,0,0,0,0,0,0,0,0,0,14,0,0,0,0,0,0,19,1,0,0,0,0,0,0,0,0,0,1,1,0,0,0,0,0,1,27
18,0,0,0,1,0,0,0,6,0,16,0,0,0,1,0,0,0,0,3,1,0,0,0,5,0,0,0,0,0,0,0,0,0,0,0,0,0,0,0,0,0,0,6,0,0,0,1,0,3,0,0,0,0,0,9,0,0,0,0,0,10,0,3,0,0,0,5,4,1,0,0,0,0,0,0,0,0,0,0,0,0,0,0,0,0,0,4,0,0,4,0,1,1,0,0,0,0,0,2,7,1,0,0,0,0,0,1,0,0,0,0,0,0,4,0,0,0,0,0,0,0,0,0,0,0,0,0,0,0,0,0,10,0,0,0,0,0,0,0,2,0,0,0,23,1,0,0,1,0,0,0,0,0,0,0,0,0,0,0,0,1,0,0,1,0,2,0,1,0,2,0,0,0,0,3,2,0,0,0,0,0,2,7,1,0,0,0,0,0,0,0,0,0,0,2,11,0,0,0,0,0,0,5,2,5,0,1,0,0,0,0,0,0,0,4,0,0,0,0,0,0,0,0,0,1,0,0,0,0,2,0,0,0,0,0,0,0,0,1,1,0,6,0,7,0,7,13,0,7,0,0,4,0,0,4,1,0,0,4,0,1,0,3,3,0,9,0,0,0,0,0,0,0,2,0,0,0,0,0,0,3,1,29,0,0,1,0,0,0,0,0,0,0,0,3,0,0,0,0,0,0,0,0,4,0,0,0,0,0,0,7,0,0,0,3,0,0,0,1,0,0,0,0,0,0,0,0,1,2,83
19,0,0,0,1,0,0,0,0,0,4,0,0,1,0,7,0,0,2,9,5,0,0,0,0,0,10,0,0,0,0,0,0,0,1,0,0,0,0,0,6,0,0,0,0,0,0,0,0,0,0,0,0,0,0,3,0,2,1,0,0,0,0,0,0,0,0,0,0,40,0,1,0,0,0,0,7,0,0,7,0,0,0,0,0,0,0,4,0,11,0,5,7,0,0,0,0,0,2,2,2,3,0,0,0,0,0,0,0,0,40,0,0,4,0,0,0,0,0,0,0,0,0,0,0,0,3,0,0,0,0,0,33,6,0,0,0,0,0,0,5,1,0,0,4,0,2,0,0,0,0,0,0,0,3,0,6,0,2,0,0,2,0,0,0,0,0,0,0,0,0,0,0,0,4,0,21,0,0,0,0,0,4,0,1,0,0,0,2,0,0,0,0,1,0,0,0,0,0,0,0,0,0,0,0,0,0,3,0,0,0,0,0,0,5,4,0,0,0,0,0,0,0,4,5,1,0,0,0,0,0,0,0,0,0,0,0,0,4,0,0,0,8,0,13,0,10,0,0,0,0,0,0,0,0,27,0,14,0,8,0,3,0,1,8,0,0,0,0,0,0,0,2,3,0,1,0,0,0,0,0,0,27,0,0,0,0,0,5,0,0,0,0,0,0,5,0,0,0,0,0,0,0,0,12,0,0,0,0,0,0,56,4,0,0,0,2,2,0,0,0,0,0,0,0,0,0,0,0,0,4
20,0,0,0,0,0,2,0,0,0,15,0,0,1,0,2,0,0,0,0,1,0,0,0,0,1,0,0,0,0,0,0,0,2,1,0,2,0,0,0,0,0,4,0,0,0,0,0,0,0,2,0,0,0,0,7,0,0,0,0,0,0,3,0,0,0,2,0,0,21,0,2,0,0,0,0,0,2,0,0,8,0,0,0,0,17,0,0,0,13,0,5,3,1,0,0,0,0,0,1,0,0,0,0,0,0,0,0,1,0,26,0,0,0,5,5,17,0,0,0,0,0,0,0,0,2,0,0,0,0,0,0,52,0,0,11,0,0,0,0,6,0,0,1,1,0,0,0,0,0,0,0,0,0,0,0,0,3,2,0,0,0,0,2,0,0,0,0,0,0,1,0,0,1,0,0,0,0,0,0,0,49,0,0,1,0,0,0,0,1,1,3,0,0,0,0,0,1,2,0,0,0,1,0,0,0,0,0,0,0,0,0,1,0,0,1,0,0,0,5,1,0,0,6,6,4,0,0,2,0,0,0,1,1,0,0,0,0,3,0,1,0,1,0,24,0,4,0,0,0,0,0,0,0,0,17,0,0,0,19,12,0,12,1,2,2,0,0,0,0,46,0,0,0,0,0,0,0,0,0,0,0,2,0,0,0,0,0,0,0,0,2,3,5,0,0,0,0,0,0,0,0,0,0,7,0,0,0,0,0,0,23,5,0,3,0,0,0,0,0,0,5,0,1,0,0,0,0,0,1,0
21,0,0,0,0,5,0,0,6,13,12,0,0,0,0,0,1,12,0,0,1,0,0,0,9,0,0,0,0,0,0,0,0,0,1,0,2,1,0,0,0,0,0,0,1,4,0,0,0,1,0,0,0,0,0,0,0,0,10,0,0,16,0,0,1,0,1,0,0,8,0,0,0,0,0,0,0,0,0,0,0,0,0,0,4,0,0,0,0,4,1,0,1,0,2,0,2,1,0,1,0,1,0,9,0,0,0,0,0,0,0,0,2,0,1,0,0,0,0,0,0,0,0,0,0,0,0,0,0,0,17,0,26,1,0,0,0,0,0,0,7,0,0,0,5,1,0,0,0,0,0,4,1,0,0,0,0,0,0,0,0,2,0,0,1,0,3,0,3,1,1,0,5,0,1,0,2,0,0,0,0,1,2,2,0,0,0,0,6,1,0,0,0,0,0,1,0,0,0,1,0,0,0,0,0,0,0,0,0,0,0,0,0,0,0,3,0,0,0,0,0,0,0,0,0,0,0,0,7,3,0,0,0,0,0,0,0,0,0,0,0,0,4,0,9,0,6,0,0,0,0,0,0,0,2,1,0,0,0,9,0,1,16,4,2,0,3,0,9,0,0,0,0,0,2,5,0,0,0,0,0,1,7,0,0,0,0,0,0,0,0,0,0,0,0,2,24,0,0,6,0,0,0,0,4,0,0,0,0,0,0,7,0,0,7,4,0,0,0,0,0,0,0,0,0,0,0,0,0,2,8
22,0,1,0,0,4,10,0,0,1,5,0,1,0,0,0,4,2,2,0,0,2,0,0,1,0,0,0,0,0,0,0,0,1,0,0,1,4,0,0,0,0,0,0,0,3,1,0,0,0,63,0,0,0,0,5,2,3,0,0,0,5,1,3,0,0,6,2,0,7,1,13,0,0,0,1,0,0,0,0,0,0,0,0,0,1,0,0,3,0,0,3,1,3,1,0,1,0,8,17,0,1,1,0,0,0,0,0,0,0,0,0,0,0,3,0,0,0,0,0,0,0,0,0,0,0,1,0,0,0,0,4,6,0,0,0,0,0,2,0,0,0,0,24,1,0,0,0,2,0,0,0,0,6,0,1,0,0,0,0,2,0,0,6,0,0,1,0,2,0,11,0,2,0,0,0,1,0,1,0,0,0,1,0,0,1,0,0,6,1,0,0,0,0,0,0,8,0,0,0,0,0,0,0,0,0,0,0,0,0,2,0,0,0,0,0,0,0,0,0,3,8,0,0,2,1,1,0,0,0,1,0,0,3,0,0,2,0,0,0,0,0,0,0,1,0,0,8,0,0,0,0,0,0,12,0,0,0,0,0,0,6,0,0,0,5,4,0,0,0,0,0,2,0,0,0,0,0,1,1,0,0,0,0,1,0,0,0,0,0,0,0,0,0,0,0,0,0,0,0,0,0,0,0,3,0,0,3,0,0,1,1,0,0,0,2,0,0,0,0,5,0,0,0,6,0,2,1,0,0,102
23,0,0,1,0,0,0,5,0,0,10,0,0,1,0,2,0,0,0,0,1,4,0,0,0,0,0,0,0,9,1,0,10,0,0,0,0,0,0,0,0,0,0,0,0,0,0,4,2,0,0,0,0,0,0,0,0,0,0,1,0,0,0,5,0,0,2,0,0,16,1,0,0,0,0,0,0,2,10,0,0,0,0,0,2,0,0,0,4,0,0,3,8,0,0,0,0,0,0,2,5,0,0,0,0,0,0,0,0,0,0,1,0,2,6,0,0,0,0,0,0,0,0,0,0,0,0,0,0,0,0,0,49,0,0,0,0,0,0,0,0,0,0,0,2,1,1,0,0,0,0,0,0,0,0,0,0,0,0,0,2,0,0,1,0,0,2,0,0,0,0,0,0,0,12,0,55,0,0,0,0,0,5,0,0,0,4,0,0,1,0,0,0,0,4,0,1,0,1,0,0,0,0,0,0,0,0,0,1,0,0,0,0,0,0,3,3,0,0,0,0,0,0,7,0,4,0,0,0,11,3,0,0,0,0,0,0,0,0,0,0,0,3,0,31,0,1,0,0,1,0,0,0,2,0,21,0,0,0,0,4,3,17,0,4,0,0,0,0,0,0,0,1,0,0,15,0,0,0,0,0,1,9,0,0,0,0,3,0,0,1,0,0,0,0,0,0,0,0,0,0,0,0,0,12,0,0,0,0,0,0,0,0,1,0,0,0,0,0,1,0,9,0,1,0,0,0,0,0,0,6
24,0,0,0,0,4,0,0,0,0,9,0,0,1,0,0,0,1,2,0,0,9,0,0,4,0,0,0,1,0,1,0,0,0,8,36,0,0,0,0,6,0,0,0,0,0,0,0,0,0,0,0,5,7,0,0,0,3,0,0,0,1,0,0,0,0,1,0,0,17,0,5,0,0,0,0,0,0,0,0,0,0,0,0,0,0,0,0,0,0,0,2,0,0,0,0,0,0,0,16,0,1,1,0,0,0,0,0,0,0,0,0,0,1,6,0,4,0,0,1,0,0,0,0,0,0,0,0,0,0,1,1,67,0,0,0,0,0,6,0,0,0,0,43,1,0,0,0,0,0,0,4,0,3,0,0,0,0,0,0,0,0,0,4,0,0,1,0,0,0,12,0,0,0,8,0,2,1,2,0,0,0,0,0,0,0,0,0,0,1,0,0,0,0,0,0,0,1,0,0,0,0,0,0,3,0,0,0,0,3,1,0,0,0,0,2,0,0,0,0,0,0,0,0,0,2,0,0,0,0,0,1,0,1,0,0,0,0,0,0,0,0,4,0,2,4,74,0,0,9,0,0,0,0,11,5,20,26,0,0,0,2,1,1,3,0,6,0,30,0,0,0,1,0,0,4,0,0,1,0,1,0,1,34,0,0,0,44,0,0,0,0,1,0,0,0,0,0,0,0,0,0,0,0,37,0,0,0,0,0,1,0,1,10,0,0,0,0,0,0,0,0,0,0,0,0,0,2,0,1,60
25,0,0,0,0,0,0,0,8,0,11,0,3,0,0,2,1,0,0,0,0,0,0,0,1,0,0,0,3,0,0,0,0,0,0,0,0,0,0,0,0,0,0,0,2,0,1,1,0,0,0,0,1,0,0,0,0,3,0,0,0,8,0,0,0,0,3,0,1,31,0,0,0,0,0,0,0,0,0,0,1,0,0,0,4,0,0,0,0,0,0,1,0,0,0,0,1,0,0,0,0,2,1,0,0,5,0,0,0,1,0,0,0,0,12,0,1,0,0,0,0,1,1,0,0,0,0,0,0,0,0,0,16,1,0,0,0,0,21,0,2,0,0,0,5,0,0,0,0,0,0,0,0,0,0,0,0,1,1,0,0,1,0,0,0,14,1,0,0,0,0,0,13,0,0,3,1,0,0,1,8,0,2,4,2,0,0,1,0,0,0,0,0,0,0,1,17,0,0,0,0,0,0,0,1,0,0,0,0,0,0,0,0,2,0,4,0,0,0,1,8,3,1,0,0,0,0,1,0,7,0,2,0,5,0,0,0,0,1,0,0,0,0,0,48,0,9,10,0,0,0,0,0,0,0,2,3,1,0,2,0,0,0,2,2,0,0,0,0,0,0,7,3,0,0,0,0,1,4,0,0,0,1,56,0,0,0,0,9,0,0,0,0,0,0,0,0,0,0,0,0,0,0,0,5,0,0,0,18,0,5,14,2,1,0,0,0,0,0,0,0,0,0,0,0,0,0,0,0,6,114
26,0,0,27,0,0,1,0,1,0,0,0,0,0,0,0,0,1,0,0,0,4,0,0,2,0,1,0,1,0,0,0,0,1,6,0,0,0,0,0,0,2,0,0,0,0,0,0,0,0,50,0,5,0,0,5,0,0,0,0,5,0,0,0,0,0,6,3,0,0,0,0,0,0,5,0,0,0,0,0,0,0,0,0,0,4,0,3,0,0,0,0,1,0,0,0,0,0,20,0,0,2,0,0,0,0,0,0,0,0,0,3,1,0,0,0,0,0,0,1,0,0,0,0,0,0,0,0,0,0,1,0,2,0,0,0,0,3,0,0,0,0,0,15,0,0,0,0,0,0,0,0,0,10,0,0,0,0,0,0,1,3,0,23,0,0,1,0,2,0,0,0,0,0,0,1,1,0,0,0,0,0,1,0,0,0,0,0,0,1,0,0,0,0,0,0,2,1,0,0,0,0,0,0,0,0,0,0,0,1,1,0,0,0,0,5,2,0,0,0,0,0,0,0,1,0,1,0,0,0,2,1,0,2,0,0,0,0,0,0,0,0,0,0,1,0,0,4,0,0,0,0,0,0,28,0,0,0,0,0,0,0,0,1,0,4,0,0,0,0,0,0,6,2,0,0,0,0,0,1,0,0,0,0,2,0,0,0,0,0,1,0,0,3,0,0,0,2,0,3,0,0,0,0,18,0,0,4,0,0,0,0,0,0,0,2,0,1,0,0,0,1,0,0,0,0,2,0,5,0,45
27,0,0,0,0,0,0,0,18,0,3,0,0,0,0,10,0,0,5,0,0,4,0,1,1,0,0,0,0,0,2,0,0,0,0,0,0,0,0,0,0,0,2,0,0,0,0,0,0,0,0,10,0,0,0,0,0,1,0,0,0,0,0,0,0,0,1,1,0,13,0,2,0,0,0,0,1,0,0,0,2,0,0,0,2,0,1,0,2,9,0,0,15,0,0,0,0,0,0,1,5,10,0,0,0,0,0,0,0,0,0,0,0,0,0,3,8,0,0,0,0,3,0,0,0,0,6,0,0,0,0,0,36,0,0,0,0,0,0,0,16,0,6,0,1,0,1,0,0,0,0,1,0,0,0,0,0,2,2,0,0,0,0,0,0,0,0,0,0,0,0,2,0,0,0,1,19,0,0,0,0,74,6,0,0,16,0,0,0,0,0,0,0,0,0,0,0,1,2,0,0,0,0,0,0,0,0,0,0,0,0,0,0,0,0,23,0,0,0,0,0,0,0,0,0,4,7,0,0,0,0,0,4,9,0,0,0,0,0,4,0,2,2,19,18,0,5,0,0,0,0,1,0,1,0,66,0,0,5,7,16,0,4,1,2,5,0,0,0,0,0,0,2,1,1,10,0,0,1,0,0,2,2,0,0,0,0,0,0,0,1,5,2,0,0,0,0,2,0,8,0,0,0,0,12,1,3,0,0,0,0,10,8,0,1,0,1,0,0,1,0,1,0,0,0,0,0,0,0,1,10
28,0,0,0,0,0,1,0,1,7,4,0,0,0,0,0,0,0,0,0,0,0,2,0,0,0,0,0,0,0,0,0,1,0,0,0,0,0,0,0,0,0,0,5,0,3,1,0,0,0,0,1,0,0,1,20,5,1,0,0,0,20,0,0,2,0,1,17,1,18,0,0,0,0,0,0,0,2,0,4,2,0,0,0,0,0,0,0,0,0,2,0,1,0,1,0,0,0,0,0,11,0,0,0,3,4,0,0,0,0,12,0,1,0,21,0,0,0,0,0,0,0,0,0,0,1,0,7,0,0,0,0,0,0,0,0,3,12,0,0,0,0,0,0,0,0,29,0,0,0,0,1,1,0,0,0,0,0,0,0,0,1,0,1,0,0,0,0,0,2,0,0,0,0,0,3,4,0,6,20,0,0,0,3,0,0,0,0,0,0,0,0,0,0,0,0,35,0,0,0,0,0,0,0,0,0,0,0,0,0,0,0,1,0,0,5,1,0,0,0,0,0,0,1,0,1,0,0,0,0,2,1,0,27,0,0,0,9,0,0,0,0,0,0,3,0,0,0,0,2,0,0,14,0,2,0,13,0,0,0,0,0,8,1,0,0,0,0,5,5,0,0,0,0,0,0,0,0,0,2,0,1,0,0,0,0,0,0,0,0,0,0,0,3,0,1,0,0,0,5,0,0,0,0,2,0,0,0,0,0,3,24,0,0,5,15,0,0,0,0,0,0,0,0,0,0,0,0,0,0,54
29,0,0,0,0,0,0,0,0,0,25,0,0,0,0,1,0,0,0,16,1,1,0,0,0,14,0,0,3,0,0,0,3,0,0,0,0,1,0,0,0,0,0,0,0,0,0,0,0,0,0,0,0,0,0,0,0,1,0,0,0,6,0,0,0,0,3,0,0,0,0,0,0,0,0,0,4,0,0,0,0,0,1,0,5,0,0,7,0,0,0,0,1,0,0,0,0,0,19,1,0,5,1,0,0,0,0,0,0,0,0,0,0,0,5,0,0,0,0,0,0,0,0,0,0,0,0,0,0,0,0,0,32,1,0,1,0,4,8,0,0,0,2,0,8,0,14,0,0,0,0,0,0,0,0,0,0,0,2,0,0,1,0,0,0,0,2,0,0,0,0,0,3,0,0,7,2,0,2,0,0,0,0,0,0,0,0,0,0,1,0,0,0,0,0,3,0,0,0,0,4,0,0,0,1,0,1,0,0,0,0,0,0,0,21,2,0,0,1,0,13,0,0,0,0,1,0,0,0,2,1,3,0,9,0,0,0,1,0,0,0,0,0,0,48,0,5,16,0,9,0,0,0,0,0,1,4,1,0,0,0,0,0,1,1,0,3,0,0,2,0,20,12,4,0,0,0,2,0,0,0,0,0,418,0,0,0,1,0,0,0,0,0,0,0,0,0,0,0,0,0,0,0,0,18,0,0,0,0,0,3,8,2,2,0,1,0,0,0,0,0,0,2,2,0,0,0,0,0,0,29
30,0,0,0,0,0,0,13,12,0,1,0,0,0,0,0,0,0,0,13,0,5,0,0,0,0,0,0,0,0,0,0,0,3,1,0,0,0,0,0,6,0,0,1,0,0,0,0,1,0,0,0,0,0,0,0,0,0,3,0,0,1,0,0,0,0,3,0,0,53,0,0,0,0,1,0,0,0,0,0,1,0,0,0,2,0,0,0,0,4,0,1,2,0,0,0,0,0,0,0,0,12,0,0,0,0,0,0,1,2,0,0,0,1,3,0,0,0,0,0,0,0,0,0,0,0,0,5,0,0,1,0,64,17,1,0,0,0,1,4,0,0,0,1,2,0,0,0,0,0,0,0,0,0,0,0,0,3,0,0,2,0,2,0,0,0,0,1,0,0,0,1,0,0,0,0,23,0,3,0,0,0,4,0,0,0,0,0,0,0,0,0,0,0,0,1,0,1,1,0,0,0,0,0,0,0,0,0,0,2,0,0,0,0,0,12,0,0,0,9,0,0,0,0,6,7,3,3,0,3,0,0,0,5,1,0,0,2,0,0,0,0,0,0,0,0,14,0,0,0,0,0,0,0,7,72,0,10,0,4,5,2,0,0,8,4,0,0,0,0,0,0,3,0,0,0,0,0,0,0,0,4,18,5,0,0,0,3,0,0,0,0,0,0,0,2,0,0,0,0,0,0,0,0,39,0,0,0,0,0,0,22,1,11,0,3,0,0,0,0,5,0,0,1,0,1,0,0,0,0,14
31,0,0,0,0,0,0,0,0,1,5,0,0,1,0,3,0,0,0,0,1,0,0,0,0,0,0,0,0,3,0,0,0,0,0,0,0,2,0,0,0,0,4,0,0,0,0,1,0,0,0,0,0,0,0,0,5,0,0,0,0,1,2,7,0,0,3,0,0,26,0,0,0,0,0,0,0,0,0,0,0,0,0,0,3,0,0,0,1,7,0,5,17,0,0,0,0,0,0,2,0,0,0,0,0,0,0,0,2,0,0,0,0,0,0,5,0,0,0,0,0,0,0,2,0,0,2,0,0,0,0,0,0,9,0,0,0,0,0,0,8,0,4,0,6,0,0,0,0,0,0,1,0,0,0,0,0,0,6,0,0,2,0,0,0,1,1,0,0,0,1,0,0,0,12,1,33,0,0,0,0,16,9,0,0,0,0,0,0,1,1,0,5,1,8,1,1,0,0,1,0,0,0,0,0,0,0,0,0,0,0,0,0,0,0,15,0,0,0,0,0,0,0,0,0,3,0,0,0,0,0,0,0,0,0,0,0,0,0,0,0,0,0,23,5,0,3,0,4,4,0,0,0,0,0,73,1,0,0,0,0,0,8,1,4,0,0,0,0,0,0,0,0,0,0,13,2,0,0,0,0,2,14,0,0,0,0,3,3,0,1,0,0,0,0,0,0,0,0,0,0,0,0,0,18,0,0,0,0,1,0,16,0,0,0,1,0,0,0,1,0,0,2,0,0,0,0,0,0,0,6
32,0,0,0,0,0,0,0,0,0,0,4,0,0,0,0,0,0,0,10,0,1,1,0,0,0,1,3,0,5,0,0,0,0,0,3,0,0,0,0,0,0,0,0,0,0,1,0,0,0,24,0,0,0,0,4,0,2,0,1,0,2,0,0,0,0,0,3,1,1,1,0,0,2,0,0,0,0,0,3,4,0,0,0,0,0,0,0,0,0,0,1,2,0,0,1,0,0,0,6,2,4,0,0,0,0,0,0,0,3,1,0,0,0,2,2,0,0,0,0,0,0,1,0,0,0,5,3,0,0,5,0,0,27,0,0,1,0,0,11,5,0,0,1,0,0,0,0,0,0,0,1,5,0,0,9,0,0,3,0,0,2,0,4,0,0,1,0,0,0,0,0,0,0,0,1,1,0,6,1,1,16,0,0,1,0,6,0,0,0,0,0,0,0,0,0,1,0,0,0,0,0,0,0,0,0,0,3,0,0,1,0,0,0,0,5,3,0,0,0,0,2,1,21,0,5,8,0,0,0,5,0,0,2,0,0,0,2,3,0,0,0,2,13,20,0,0,1,4,4,0,0,0,0,14,0,0,0,0,0,0,0,0,0,0,4,0,0,0,0,0,1,1,0,0,2,0,0,0,61,0,6,12,0,0,0,0,3,0,0,0,0,0,14,0,0,0,0,0,0,0,0,0,0,13,0,0,1,12,0,0,34,0,0,0,16,0,0,0,0,0,0,2,0,0,0,1,0,0,0,11
33,0,0,0,0,0,0,0,17,0,4,0,0,0,0,0,0,0,0,21,0,0,0,0,0,0,13,0,0,0,1,0,12,0,0,0,0,3,0,0,0,0,0,0,10,0,0,0,0,8,8,0,0,0,0,3,0,0,0,0,0,2,0,0,0,0,2,1,0,18,2,0,0,0,0,0,0,0,0,1,3,0,0,0,2,0,0,0,0,0,0,0,1,0,0,1,0,0,0,0,14,0,0,0,0,0,0,0,0,0,0,0,0,5,1,0,8,0,0,0,0,0,0,0,0,0,0,0,0,0,3,0,0,0,0,0,0,0,0,0,0,0,0,0,0,0,0,0,0,0,0,0,0,0,0,0,0,1,0,0,2,0,0,14,0,0,1,0,0,0,0,0,0,1,0,0,3,0,14,1,1,0,0,0,0,0,0,0,0,0,0,4,3,0,0,0,0,0,0,0,0,0,0,0,0,0,0,0,0,0,1,0,0,0,0,13,7,0,6,0,0,7,0,0,6,5,9,0,0,0,9,0,0,4,0,0,0,1,3,0,0,0,0,27,47,0,0,0,6,0,0,0,0,0,13,0,0,0,0,0,0,0,10,0,0,19,0,0,0,0,0,0,1,3,0,0,0,0,5,16,0,1,0,0,2,0,0,0,0,2,0,0,0,0,0,4,0,0,0,12,0,0,0,0,13,0,0,0,0,0,0,2,0,0,0,13,0,4,0,0,0,0,0,0,0,0,2,0,0,0,0
34,3,0,1,12,0,0,0,0,0,31,0,0,0,0,4,0,9,0,0,1,0,0,0,6,0,0,0,0,0,0,0,0,0,0,0,1,2,0,0,0,0,0,0,0,0,0,1,0,0,0,0,0,0,0,0,0,1,8,0,0,0,0,2,0,0,1,0,0,3,0,2,0,0,0,0,0,0,0,0,1,0,0,0,0,0,0,3,0,1,0,1,1,1,0,0,2,0,0,3,0,0,0,11,0,0,0,0,0,0,0,0,0,0,0,0,0,0,0,0,0,0,1,3,0,0,0,0,2,0,0,0,17,0,0,0,0,4,40,0,7,0,0,0,34,0,0,0,0,0,0,1,0,0,0,0,2,0,1,0,0,0,0,0,1,0,0,0,6,2,1,2,0,0,2,5,1,0,0,0,3,0,0,0,0,0,0,0,8,0,0,0,0,0,0,1,28,0,0,0,0,0,0,2,0,6,1,0,0,0,1,0,0,1,0,5,0,0,0,0,0,0,0,0,0,0,0,0,0,2,0,0,0,5,0,0,0,0,0,0,0,0,1,11,7,1,3,0,0,9,0,0,8,0,0,2,0,1,0,11,0,2,22,3,2,0,0,0,0,0,0,0,0,3,0,6,0,0,0,1,3,2,0,0,0,0,0,0,0,0,7,0,0,0,0,0,1,0,0,0,3,0,0,0,5,0,0,0,0,0,7,25,0,0,0,0,0,0,0,0,0,1,1,0,0,0,33,0,0,0,45
35,8,0,0,12,6,0,0,0,0,0,0,0,0,0,0,0,0,5,0,0,0,0,0,0,0,1,0,0,1,0,0,0,0,0,0,0,4,0,0,0,0,0,0,4,10,1,0,0,0,0,0,0,0,0,3,0,0,0,0,0,60,0,0,0,0,1,2,0,9,0,2,0,0,0,0,0,2,0,0,0,0,0,0,5,0,0,2,0,0,0,0,0,0,2,0,0,1,0,0,20,1,0,0,7,0,0,0,0,0,0,0,0,0,2,0,0,0,0,0,0,0,0,0,0,0,0,0,0,0,17,1,0,0,0,1,0,14,0,0,0,0,2,1,0,0,0,0,0,0,0,0,0,0,0,0,0,0,0,0,0,2,0,1,0,0,1,0,0,0,1,2,1,0,0,2,1,0,2,6,8,0,2,0,0,0,0,0,0,0,0,0,0,0,4,0,21,0,0,0,0,0,0,0,0,0,0,0,0,0,3,0,0,0,0,3,0,1,0,0,0,0,0,1,2,0,11,1,0,0,1,0,0,0,7,0,2,14,0,0,0,0,0,0,21,0,0,15,0,0,0,0,0,0,5,0,0,0,0,0,0,0,0,2,0,0,0,0,0,0,0,0,0,0,0,9,2,1,0,1,0,0,1,0,0,0,0,0,0,0,0,0,0,0,0,8,0,0,0,0,0,0,0,0,4,0,0,0,0,0,4,0,0,0,4,13,2,0,0,1,0,0,0,0,2,1,43,0,0,0,28
36,0,0,0,0,0,1,12,0,0,3,0,0,0,0,0,0,0,4,10,0,0,0,0,1,0,8,4,0,0,1,0,0,0,0,0,0,0,0,0,0,0,0,0,2,1,1,0,0,0,1,4,0,0,0,17,0,0,0,0,0,1,0,0,0,0,0,0,0,7,0,0,0,0,0,0,2,0,8,7,1,0,0,0,4,0,2,0,0,0,0,0,1,1,0,0,0,0,0,1,2,9,0,0,0,0,0,0,0,0,10,0,0,0,4,0,0,0,0,0,1,0,0,0,0,0,0,0,0,0,5,0,0,0,0,0,0,1,0,0,0,0,0,0,0,0,0,0,0,0,1,0,0,0,0,0,0,8,0,0,6,2,0,6,0,0,1,0,0,0,0,0,1,0,0,0,8,0,6,1,0,0,0,0,0,0,0,0,0,0,0,0,5,0,0,0,1,0,0,0,0,0,0,0,0,0,0,0,0,0,2,0,0,0,0,13,0,0,0,0,1,0,0,0,13,1,1,0,0,0,24,0,0,8,0,2,0,0,0,0,0,0,0,0,17,0,0,0,0,1,0,2,0,0,17,0,0,0,1,12,0,0,0,0,0,10,0,0,0,0,0,0,1,4,0,0,0,10,0,0,0,1,0,0,0,0,0,0,0,0,1,0,0,4,0,1,0,0,0,0,0,0,0,0,7,0,2,0,8,0,0,32,0,0,0,10,0,3,0,0,0,6,0,0,0,0,0,0,0,0,7
37,0,0,0,0,0,0,0,0,0,35,0,0,0,0,2,0,0,0,0,5,5,0,0,2,0,1,0,0,0,0,0,0,0,6,0,0,0,0,0,16,0,0,0,0,0,0,0,0,0,0,0,0,3,0,0,0,1,0,0,0,1,0,0,0,0,1,0,0,6,1,0,1,0,4,0,0,0,0,0,0,0,0,0,0,3,0,0,4,3,0,2,1,0,1,0,0,0,0,25,1,0,0,0,0,1,0,3,0,0,0,0,1,0,1,5,0,0,0,0,0,0,1,0,0,0,0,0,0,0,0,0,26,0,0,0,0,0,0,0,1,0,0,32,1,0,0,0,0,0,0,0,0,0,0,1,0,0,0,0,0,4,0,3,1,0,1,0,3,0,24,0,0,0,8,2,3,1,0,0,0,3,1,0,0,0,0,0,0,0,0,0,0,0,3,0,0,1,0,0,0,0,0,0,0,0,0,0,0,0,0,11,0,0,0,3,0,0,0,0,0,0,0,0,0,1,0,0,0,0,0,1,0,0,0,0,0,0,0,0,0,0,6,0,3,7,55,0,0,0,0,0,0,0,0,2,0,25,0,1,0,0,0,2,1,0,0,0,0,0,0,0,0,0,15,4,0,0,1,0,0,0,0,0,0,0,0,4,0,0,0,0,2,0,0,0,0,0,0,0,0,0,0,0,11,1,0,0,0,0,0,0,0,0,0,0,0,0,0,0,0,0,1,0,0,3,0,0,0,2,8
38,0,0,0,0,0,1,0,0,0,4,0,0,1,0,11,0,0,0,0,1,1,0,0,0,0,0,0,0,2,0,0,0,0,1,0,0,0,0,0,0,0,0,0,0,0,0,0,0,0,0,0,1,0,0,0,0,0,0,1,1,0,0,0,0,0,2,0,0,19,0,0,0,1,0,0,0,0,11,0,0,0,0,0,0,32,0,0,1,11,0,2,5,0,0,0,0,0,2,1,3,0,0,0,0,0,0,0,0,0,0,0,0,4,1,0,0,0,0,0,0,0,0,0,0,1,0,3,0,0,0,0,45,0,0,0,0,0,0,0,0,0,0,0,3,0,1,0,0,0,0,0,0,0,0,0,0,0,0,0,1,1,0,0,0,0,1,0,0,0,1,0,1,0,4,0,45,0,0,0,0,0,7,0,0,19,11,0,0,0,0,0,0,1,0,0,0,0,0,1,0,0,0,0,0,0,0,0,0,1,0,0,0,0,8,11,0,0,0,0,0,0,0,0,0,3,0,0,0,0,0,0,0,0,0,0,0,0,3,0,0,0,6,0,38,0,4,1,0,0,0,2,0,0,0,14,0,2,0,7,0,1,0,1,2,4,1,0,0,0,0,0,0,0,1,7,6,0,3,35,0,2,8,0,0,1,0,3,0,0,0,0,0,13,0,0,0,0,0,0,0,0,0,0,3,0,0,0,0,0,0,0,4,0,0,0,0,0,0,0,4,5,0,0,0,0,0,0,0,0,4
39,0,0,0,0,0,0,12,0,0,10,3,0,1,0,2,0,0,0,19,0,16,0,0,1,0,15,4,0,0,0,0,0,6,0,0,3,0,0,0,0,0,0,0,0,0,0,0,0,0,0,0,0,0,1,0,0,0,1,0,0,0,0,0,0,0,1,0,0,12,0,0,0,0,0,0,0,0,8,0,0,0,0,0,0,0,0,4,0,5,0,0,5,0,0,0,0,1,2,6,0,17,0,0,0,0,0,0,0,3,15,0,0,0,3,0,0,0,0,0,0,0,0,3,0,2,0,0,0,0,2,0,80,6,0,3,0,0,1,0,0,0,0,0,5,0,0,0,0,0,0,0,0,0,0,0,0,0,0,0,0,0,0,3,0,0,0,0,0,0,1,0,0,0,0,0,19,0,0,0,1,27,0,0,0,0,0,0,0,0,0,0,0,0,10,1,0,0,0,0,0,0,1,0,0,0,0,0,0,0,0,0,0,0,0,6,0,0,0,0,1,0,3,0,0,2,0,3,0,0,0,0,0,0,0,0,0,0,0,0,0,0,0,11,0,0,17,1,0,3,0,0,0,0,0,94,0,20,0,9,0,0,5,0,2,1,0,0,0,0,0,0,1,0,0,15,0,18,0,0,0,6,3,4,0,0,0,1,0,0,0,0,0,0,0,4,0,0,0,0,0,0,0,0,17,0,0,0,0,0,0,49,5,10,0,2,0,0,0,1,4,0,0,0,4,0,0,0,0,0,0
40,0,1,0,0,0,0,0,0,0,11,0,0,0,0,1,0,0,0,0,5,1,0,0,0,0,0,0,0,0,0,0,0,0,29,0,2,0,0,0,0,0,0,0,0,0,0,11,0,0,0,0,1,0,0,0,0,0,3,12,0,1,1,0,3,1,4,0,0,23,0,0,0,0,0,0,0,0,0,0,0,0,0,0,0,0,1,0,0,3,0,8,3,0,0,0,0,0,0,6,0,0,0,0,0,0,0,0,0,0,0,0,0,3,0,0,0,1,0,0,0,7,0,0,0,0,0,0,0,0,0,0,80,0,0,1,0,0,1,0,0,0,0,26,2,0,0,0,1,0,0,0,0,0,0,0,0,0,0,0,0,0,0,5,0,0,1,0,0,0,56,0,0,0,0,1,1,0,0,0,0,0,0,0,0,0,0,0,0,0,0,0,0,0,0,0,0,0,0,0,0,0,0,1,0,0,0,0,0,0,0,13,0,0,0,1,0,0,0,0,0,0,0,0,0,0,0,0,0,0,0,0,0,1,0,0,0,0,0,0,0,1,8,0,1,0,12,0,0,3,4,0,0,0,0,1,0,0,0,2,0,8,0,2,3,1,12,0,5,0,0,0,0,0,13,7,0,0,0,0,0,0,0,15,1,0,0,0,0,0,0,0,0,0,0,0,3,0,0,0,0,0,0,0,6,0,0,3,9,0,0,0,0,0,0,0,0,0,0,0,2,0,0,0,0,0,0,0,0,0,18
41,0,0,0,7,0,0,1,0,2,8,0,0,0,0,1,0,0,0,2,0,1,0,0,1,0,0,0,0,0,0,0,0,0,4,0,0,2,0,0,0,0,1,0,0,0,0,0,1,0,0,0,0,0,0,0,0,1,13,0,0,0,0,0,0,0,1,0,0,2,0,0,0,0,0,0,0,0,0,0,0,0,2,0,1,0,0,0,0,1,0,0,0,0,0,0,0,0,2,1,0,0,1,0,1,0,0,0,0,3,0,1,0,0,13,0,2,0,0,0,0,0,0,0,0,0,0,0,0,0,0,0,20,0,0,0,0,0,21,1,0,0,0,0,35,0,22,0,0,0,0,2,0,0,0,0,0,1,0,0,0,0,0,1,0,0,2,0,0,6,0,0,0,0,0,3,1,0,0,0,3,0,4,0,1,5,0,1,0,1,0,0,0,0,0,3,0,1,0,0,0,0,0,0,0,3,0,0,0,0,0,5,0,0,7,2,0,0,0,0,0,0,0,0,0,0,0,0,0,3,0,2,0,11,0,0,0,2,0,0,0,0,0,10,103,0,12,9,0,1,3,0,0,0,0,4,0,2,0,7,0,0,0,0,1,0,8,0,0,0,0,0,11,3,0,3,3,0,0,1,0,2,0,116,0,0,0,0,6,0,0,0,0,7,0,0,0,0,0,0,0,0,4,0,5,0,3,0,36,0,1,0,2,1,0,2,0,0,0,1,0,0,1,1,0,0,0,0,0,1,91
42,0,0,0,0,0,1,0,0,0,8,0,0,0,0,1,0,0,0,0,2,0,0,0,0,0,0,2,0,0,0,0,0,0,0,0,2,0,0,0,0,1,0,0,0,0,2,0,0,0,27,0,1,0,0,35,0,0,0,1,0,2,0,0,0,0,0,2,0,3,0,3,0,0,0,0,0,0,0,2,0,0,0,0,0,0,0,0,0,0,0,0,13,1,0,0,0,0,0,0,3,19,0,0,0,0,0,0,0,0,16,0,0,6,5,0,0,0,0,0,0,0,0,0,0,0,0,0,0,0,0,1,0,0,0,10,0,0,0,9,0,3,0,1,0,0,0,0,0,0,0,0,0,0,0,0,0,0,0,0,0,0,0,8,0,0,1,0,0,0,0,1,0,0,3,0,23,0,13,0,0,0,0,0,0,0,0,0,3,0,0,0,0,0,0,1,2,1,0,0,0,0,0,0,0,0,0,0,0,1,2,0,0,0,0,4,1,0,0,0,0,7,0,10,4,0,7,0,0,0,1,0,0,1,0,0,0,3,0,0,0,0,0,0,32,0,1,0,0,0,0,0,0,0,23,0,0,0,0,0,13,0,0,0,0,3,0,0,0,0,0,0,0,2,0,14,0,0,1,49,0,4,0,0,3,0,0,0,0,0,1,0,1,0,0,0,8,1,0,0,0,0,0,0,4,0,1,1,2,0,0,21,0,0,0,3,0,0,0,0,0,0,0,0,0,2,0,0,0,0,7
43,0,0,0,0,0,1,0,10,0,2,0,0,0,0,4,0,0,0,0,0,1,0,0,0,0,13,0,0,0,0,0,0,0,0,0,0,0,22,0,8,0,0,0,0,0,0,0,0,0,12,0,0,0,0,2,5,1,0,0,1,2,0,0,0,0,0,1,0,0,1,0,0,1,0,0,0,0,0,0,2,0,0,0,0,0,0,0,0,0,0,0,4,1,0,1,0,0,0,0,1,11,0,0,0,0,0,0,0,0,4,0,0,8,5,3,0,0,0,0,0,0,0,0,0,0,7,0,1,0,0,0,0,0,0,0,0,1,0,6,0,0,0,0,0,0,0,0,1,0,0,0,13,0,0,0,0,0,3,0,5,3,0,10,0,0,1,0,0,0,1,0,0,0,0,0,13,0,0,1,1,12,0,0,0,0,0,0,0,0,0,1,0,1,8,0,7,0,2,0,0,2,0,0,1,0,0,0,0,0,0,0,0,0,0,4,0,0,0,0,0,0,0,7,5,3,7,0,0,0,5,0,0,3,0,0,0,1,0,0,0,0,0,0,2,0,0,0,0,2,0,0,0,2,2,0,1,0,0,7,0,0,16,0,0,3,0,0,0,0,0,0,2,4,0,7,0,0,0,0,0,0,21,0,0,0,0,0,0,0,0,0,0,0,0,0,0,0,0,7,0,0,0,0,5,0,2,1,0,2,0,28,0,0,0,8,0,0,0,0,0,0,2,0,0,0,2,2,0,0,18
44,0,0,0,0,1,0,0,15,0,7,0,0,0,0,0,0,8,0,39,1,2,0,0,2,0,0,0,0,0,0,0,0,0,3,0,0,0,0,0,0,0,0,2,0,0,0,0,0,0,0,0,0,0,0,0,6,0,0,0,0,19,0,3,0,0,2,0,0,46,0,0,0,1,0,0,0,2,0,0,0,0,6,0,16,0,0,0,0,1,0,1,0,0,0,0,0,0,0,3,0,5,1,0,0,0,4,0,0,2,0,0,0,12,10,0,0,0,0,0,0,0,0,0,0,0,0,0,0,0,0,0,9,0,0,0,0,0,0,0,0,0,0,0,0,0,0,0,0,0,0,0,0,0,0,0,0,0,0,0,0,2,0,0,4,0,0,0,0,3,0,0,5,0,0,2,1,0,0,4,6,0,0,0,0,0,0,0,0,0,0,0,0,0,11,2,0,0,0,0,4,0,0,2,0,0,0,0,0,0,0,0,0,0,0,4,0,0,0,0,0,0,0,0,1,1,0,0,2,3,0,1,0,4,3,0,0,2,0,0,0,0,1,0,43,0,6,6,0,0,0,0,0,0,0,2,1,5,0,0,2,0,0,0,5,0,0,0,0,0,0,0,13,0,0,2,0,0,0,0,0,9,3,20,0,0,0,0,21,0,0,1,0,0,0,0,0,0,0,0,3,0,0,0,8,0,3,0,0,0,0,49,1,0,0,3,0,0,0,0,0,0,0,1,0,0,0,0,0,0,29
45,0,0,1,1,0,0,0,0,0,17,0,0,0,0,2,0,0,0,12,0,3,0,0,0,0,0,0,0,0,1,0,0,0,0,0,1,0,0,1,0,0,0,0,0,0,0,0,2,23,0,0,0,0,0,0,0,0,0,0,2,1,0,4,0,0,7,0,0,27,0,3,0,0,0,0,3,0,6,0,0,0,0,0,5,0,0,0,0,0,0,3,2,0,0,0,0,0,0,3,0,6,0,0,0,0,1,0,0,4,0,0,0,0,5,7,18,0,0,0,3,0,0,0,0,0,0,0,0,0,0,0,108,13,0,0,0,0,0,0,9,0,0,0,5,0,0,0,1,0,0,0,0,0,0,0,0,0,0,0,0,3,1,3,0,0,0,0,0,0,0,0,1,0,6,0,7,0,0,0,2,0,0,0,0,0,3,0,0,0,0,0,2,2,6,0,0,0,0,0,0,1,0,0,0,0,0,0,0,0,0,0,0,0,0,13,0,0,0,0,0,3,0,0,0,3,0,0,2,4,0,0,0,3,0,0,0,4,0,5,0,0,2,0,35,0,20,0,3,0,0,0,0,0,0,77,0,34,0,0,15,0,0,0,5,0,0,0,10,0,0,0,0,0,0,7,3,12,0,27,0,4,8,4,0,0,0,2,31,0,0,0,0,0,0,2,0,0,0,0,0,0,0,0,48,0,0,0,13,0,0,0,10,11,0,0,1,0,0,0,0,0,0,2,0,0,0,1,0,0,14
46,0,0,0,0,0,0,0,0,0,9,0,0,2,0,1,0,2,0,16,0,11,0,0,0,0,0,0,0,0,0,0,0,0,1,1,0,0,0,0,0,0,0,0,0,0,0,0,0,13,0,0,0,0,0,0,0,1,0,0,0,0,0,0,0,1,2,0,1,12,0,0,0,0,0,0,0,0,14,0,0,1,0,0,0,0,0,0,0,2,0,4,3,0,0,0,0,4,0,0,0,24,0,0,0,0,0,2,3,2,0,0,0,0,5,0,9,0,0,0,0,0,0,1,0,0,0,0,0,0,0,0,56,20,0,12,0,0,0,0,0,0,0,0,5,0,0,0,0,0,0,0,2,0,0,0,0,0,0,0,0,2,1,5,0,0,2,0,0,0,0,0,0,0,0,0,88,0,0,0,2,0,0,0,0,0,0,0,1,1,0,0,0,0,0,0,0,0,0,0,0,6,0,0,0,0,0,0,0,0,0,0,0,0,0,9,3,0,4,1,1,0,0,0,3,5,0,0,0,16,0,0,0,2,0,0,0,0,0,0,1,0,1,0,14,0,10,0,0,7,4,0,0,0,11,99,0,35,0,19,0,0,0,0,4,0,1,0,7,0,0,0,1,0,0,16,0,0,4,0,0,3,14,5,1,1,1,2,7,0,0,2,0,14,0,0,0,0,0,0,0,0,0,0,18,0,2,0,34,0,0,10,4,3,2,0,0,0,0,0,0,0,0,1,0,0,0,0,0,1,4
47,0,0,0,0,0,0,0,11,0,6,0,0,0,0,0,0,0,0,6,0,0,0,0,2,0,0,0,0,0,3,0,0,0,0,0,0,2,0,0,0,0,0,0,0,13,1,0,1,0,1,0,0,0,0,4,0,2,0,0,0,19,0,0,0,0,1,16,1,1,0,0,0,0,0,0,0,0,0,0,3,0,1,0,0,1,0,0,0,0,0,0,1,0,1,1,0,0,0,0,5,0,0,0,12,0,0,0,0,0,0,0,0,0,4,0,0,0,0,0,0,0,1,6,0,0,0,0,0,0,33,0,0,0,0,0,1,13,8,0,0,0,3,1,11,0,0,0,0,0,0,0,0,0,0,9,0,0,0,0,0,0,0,0,0,0,1,0,2,0,0,3,2,0,0,4,1,0,0,11,2,0,0,0,0,0,0,0,0,0,0,0,0,0,0,0,7,0,0,0,0,0,0,0,0,0,0,0,0,0,1,0,0,0,0,2,0,0,1,0,7,0,2,1,2,0,1,0,0,0,2,1,0,14,0,0,4,9,0,1,0,0,0,3,0,0,0,15,0,2,0,0,0,0,2,0,0,0,0,2,0,0,0,0,0,0,0,0,8,0,14,0,3,3,0,0,0,0,0,1,4,0,1,0,0,0,0,0,0,0,0,0,0,0,0,0,0,0,0,0,0,0,0,0,3,0,4,0,0,0,0,45,0,0,0,12,0,0,0,0,0,0,0,1,1,0,40,0,1,4,119
48,0,0,0,0,0,4,0,0,0,25,0,0,0,0,1,0,0,0,0,0,1,0,0,0,0,0,0,0,0,0,0,18,0,0,0,0,3,0,0,0,0,2,0,0,0,1,0,0,0,47,1,0,7,0,7,0,0,0,0,0,3,0,0,5,0,14,4,0,6,1,0,0,0,0,1,0,0,0,3,0,0,0,0,2,0,0,5,5,0,0,0,1,0,0,0,0,0,0,12,0,0,0,0,1,0,0,0,0,0,1,0,0,1,2,3,0,0,0,0,0,0,2,0,0,2,2,0,0,0,1,0,0,0,0,0,0,2,0,0,0,0,0,46,0,0,0,0,0,0,0,0,0,3,0,0,0,0,0,0,2,0,0,21,0,0,2,0,0,0,7,0,0,0,15,0,0,0,1,1,0,0,1,0,0,0,0,0,26,0,0,0,0,0,1,0,7,0,0,0,0,0,0,0,0,0,0,0,0,0,1,0,0,2,0,2,2,0,0,0,0,0,0,2,0,1,1,2,0,0,3,0,0,3,0,0,1,0,0,0,0,0,0,0,0,0,0,2,0,62,0,0,0,0,34,0,0,13,0,1,0,0,0,1,0,19,0,0,14,0,0,0,0,3,0,3,0,0,0,1,0,0,0,0,1,4,0,0,0,0,1,0,0,0,0,0,0,0,0,0,1,0,0,0,4,0,0,3,0,0,0,1,0,0,0,2,0,0,0,1,5,0,0,0,0,0,1,0,0,0,12
49,0,0,0,0,0,0,0,0,0,30,0,1,0,0,1,0,0,0,0,3,1,0,0,2,0,0,0,0,3,0,0,0,0,0,0,0,0,0,0,5,0,0,0,0,0,0,0,0,0,0,0,0,0,0,0,0,1,0,0,0,1,0,7,0,1,14,0,0,22,0,0,0,0,0,0,0,7,0,0,0,0,1,0,4,0,1,0,0,2,0,3,1,0,0,0,0,0,0,29,1,9,4,1,0,0,0,0,0,0,0,0,0,0,1,0,1,0,0,0,0,0,0,1,5,0,0,0,0,0,0,0,122,0,0,0,0,0,1,0,0,0,0,0,1,0,0,0,7,1,0,0,0,0,0,0,1,0,3,0,0,4,0,5,0,0,0,0,0,0,0,0,1,0,0,2,2,0,2,0,1,0,0,0,0,0,0,0,0,1,0,0,2,0,0,0,0,1,0,0,0,0,0,0,9,0,0,0,0,3,0,6,0,0,0,2,0,0,0,0,0,0,0,0,0,1,0,0,10,0,0,2,1,0,0,0,0,0,0,0,0,0,0,0,2,7,110,0,0,12,2,0,0,4,0,4,20,0,0,1,0,0,0,0,2,15,0,0,0,0,0,0,5,0,0,14,0,0,0,0,0,1,0,8,0,0,0,20,0,6,0,0,0,0,0,10,0,0,0,0,0,0,0,0,3,0,0,0,0,0,0,2,1,30,0,0,0,5,0,0,7,3,0,1,0,0,0,0,0,3,174
50,1,0,0,30,0,0,0,2,0,18,0,0,0,1,0,0,0,0,0,0,0,0,0,1,0,0,0,0,0,1,0,0,0,0,0,2,0,21,0,0,0,0,0,0,0,1,0,0,0,32,0,0,3,0,5,0,1,0,0,0,3,1,4,0,0,14,8,0,0,0,0,0,1,0,1,0,0,0,3,0,0,0,0,0,0,1,0,0,0,0,0,1,0,0,0,0,0,0,0,1,4,0,0,1,0,0,0,0,0,1,0,0,0,2,0,0,0,0,0,0,0,0,0,0,0,0,0,0,0,0,14,0,0,0,0,1,2,0,0,0,0,0,20,0,0,0,0,0,0,1,0,0,2,0,0,0,0,0,0,0,1,0,10,0,0,0,9,0,0,0,1,0,0,0,1,0,0,2,0,0,0,0,0,9,0,0,0,0,0,0,0,0,0,0,0,2,0,0,0,0,0,0,0,0,0,0,0,0,0,1,0,0,1,12,3,0,0,0,0,19,0,0,1,1,1,1,0,0,0,5,2,0,1,0,0,0,0,0,0,0,0,0,0,1,0,0,16,0,8,4,0,0,5,7,0,0,0,0,0,0,5,0,0,0,0,0,0,0,0,0,0,1,2,0,3,0,0,0,1,2,0,0,0,2,0,0,3,0,0,0,0,1,0,0,0,0,2,0,0,0,0,3,1,7,0,0,17,0,0,0,0,0,0,0,3,0,0,1,0,0,0,0,0,0,0,0,1,0,0,118
51,0,0,21,0,0,0,0,0,0,68,0,0,0,0,1,0,0,0,0,1,0,0,0,0,0,1,34,0,3,0,0,0,0,0,0,0,0,0,0,0,0,0,0,1,1,0,0,1,0,0,0,12,0,0,0,0,1,3,0,0,2,0,1,0,0,5,0,0,4,6,0,0,0,0,1,0,0,0,0,0,0,0,0,3,0,0,0,0,2,0,4,1,2,0,0,0,0,6,10,0,6,2,0,0,0,0,0,0,0,0,0,0,0,0,1,2,0,0,0,0,0,0,0,0,0,0,0,0,0,0,0,66,2,0,0,0,0,3,0,0,0,0,11,1,0,0,0,0,0,0,5,0,0,0,0,0,2,1,0,1,11,0,2,0,0,0,1,0,0,5,0,3,0,0,1,4,0,0,0,0,0,0,0,0,0,0,0,0,1,0,0,5,0,0,0,0,0,0,0,0,0,0,0,0,0,0,0,0,0,0,0,0,0,0,2,0,0,0,0,0,0,0,0,0,1,0,2,0,0,0,0,0,0,0,0,0,0,0,0,0,0,0,0,2,0,28,5,0,21,0,1,0,2,0,0,8,14,0,1,2,0,0,1,1,0,0,0,0,0,0,0,6,0,0,3,0,0,0,1,0,0,0,32,0,0,0,4,1,0,0,0,1,0,0,0,0,0,0,0,0,0,0,0,8,0,0,0,0,0,1,1,1,15,0,0,0,0,0,0,0,2,0,0,0,0,0,0,0,0,75
52,0,0,0,0,0,0,0,0,0,29,0,1,0,0,0,0,0,0,3,1,0,0,0,1,6,0,0,0,0,0,0,0,0,0,0,4,0,5,0,0,0,0,0,0,0,0,0,0,0,0,0,0,0,0,4,0,0,0,0,0,24,0,0,0,0,1,0,0,20,0,0,0,0,0,0,0,0,0,0,0,0,1,0,13,0,0,0,0,0,0,1,0,0,0,0,0,0,0,1,0,1,1,0,0,0,0,0,0,0,0,0,0,20,5,0,0,0,0,25,0,0,0,0,0,0,0,0,0,0,7,0,25,0,0,0,1,0,73,0,0,0,0,0,0,0,0,0,0,0,0,0,0,0,0,0,0,1,0,0,0,0,0,0,0,0,2,0,0,0,0,0,6,0,0,1,2,0,0,0,7,0,0,0,0,0,0,0,0,0,0,0,0,0,7,1,0,0,0,0,0,0,0,0,0,5,0,0,0,0,0,0,0,0,0,2,0,0,0,0,0,0,1,0,0,1,0,0,16,4,0,1,0,10,0,0,1,11,0,0,0,0,1,5,23,1,26,0,0,3,0,0,0,0,0,4,0,0,0,4,0,0,0,0,2,0,0,0,0,0,0,0,10,0,0,7,2,1,0,0,0,5,1,145,0,0,0,0,0,0,0,0,0,0,0,2,0,0,0,0,0,0,5,0,15,0,0,0,0,0,2,0,1,5,0,0,0,0,0,0,0,0,0,1,0,0,0,0,0,4,115
53,0,0,0,0,0,0,0,0,0,15,0,0,0,0,0,0,0,3,17,0,0,0,0,0,4,0,0,0,0,0,0,0,0,0,0,3,1,0,0,0,0,0,0,0,0,1,0,1,0,1,0,0,0,0,3,0,2,0,0,0,23,0,1,0,0,1,6,0,4,0,1,0,0,0,0,0,0,0,5,0,0,0,0,0,0,0,2,0,0,0,0,0,0,0,0,0,0,11,1,9,2,0,4,2,0,0,0,0,0,6,0,0,0,1,0,0,0,0,0,0,3,0,0,0,0,0,3,1,0,0,0,0,0,0,0,0,8,0,0,0,0,2,0,0,0,0,0,2,0,0,0,0,0,0,0,0,1,1,0,0,0,0,0,0,0,0,0,0,0,0,0,5,0,0,2,1,0,7,19,2,1,3,0,0,0,0,0,0,0,0,0,0,0,7,0,13,1,0,0,0,0,0,0,4,0,0,0,0,1,3,0,1,0,0,2,2,0,0,0,0,3,0,0,0,1,3,0,0,0,0,2,0,16,0,0,1,2,0,0,0,0,1,0,61,0,0,16,0,9,0,0,0,0,4,0,3,0,0,7,0,0,0,1,0,0,0,0,0,0,0,0,7,0,0,2,0,0,0,1,0,0,0,0,0,0,1,0,0,0,0,0,0,0,0,0,11,0,0,0,0,0,0,0,4,0,0,0,0,0,0,0,0,0,0,10,0,0,0,0,0,0,0,0,0,0,0,0,0,1,23
54,0,0,0,0,0,0,0,0,0,7,0,0,0,0,2,0,0,0,0,4,0,5,2,4,0,0,0,0,0,0,0,0,1,0,0,0,0,0,0,0,0,2,0,0,0,0,2,0,0,0,0,0,0,0,3,0,0,0,0,0,2,0,0,0,0,0,0,0,10,1,0,0,0,0,0,0,0,0,0,0,0,0,0,0,0,0,0,0,1,0,0,1,0,0,0,0,0,0,1,7,0,0,0,0,8,0,0,0,0,19,2,0,0,0,1,0,0,0,15,0,0,0,0,0,0,0,3,0,0,0,0,3,0,0,0,0,0,19,0,4,0,0,0,20,1,0,0,6,0,0,3,0,0,0,0,0,0,0,0,0,1,0,0,0,0,2,0,0,0,0,0,0,1,1,0,0,0,0,0,0,0,5,0,0,0,0,3,0,0,0,0,0,0,0,2,10,0,0,3,0,0,0,4,0,2,0,0,0,0,0,2,0,0,0,0,0,0,0,0,0,0,0,1,0,0,0,0,0,0,0,1,0,0,0,0,1,0,0,0,0,0,0,0,2,0,13,0,0,7,0,0,2,0,0,2,0,0,0,12,0,0,0,6,3,0,1,0,0,0,0,0,0,0,1,6,0,1,0,0,3,3,1,0,0,0,0,0,0,0,0,0,0,0,0,0,0,0,0,1,0,0,0,0,3,0,0,0,0,0,3,13,0,1,0,0,0,0,0,0,0,0,0,0,0,0,10,0,0,2,104
55,0,0,0,0,0,0,0,0,0,47,1,0,0,0,1,0,0,0,0,4,1,0,1,2,0,2,0,0,0,0,0,15,0,3,0,0,0,0,0,0,0,0,0,3,0,0,0,0,0,0,0,0,0,0,0,0,0,0,0,0,1,1,0,0,0,1,0,0,12,0,0,0,0,0,0,0,5,0,0,0,0,0,0,0,0,0,0,0,2,0,8,1,0,0,0,1,0,0,22,0,0,0,0,0,0,0,0,0,0,2,0,0,0,1,0,0,0,0,0,0,0,0,0,0,0,0,0,0,0,0,0,49,0,0,0,0,0,0,0,0,0,0,0,3,0,0,0,0,0,0,2,0,0,0,0,0,0,0,0,0,3,0,1,0,0,1,0,0,0,17,0,0,0,16,1,2,0,0,0,0,1,0,0,0,0,0,0,0,0,0,0,0,0,0,0,0,3,28,0,0,0,0,1,0,0,0,0,0,0,0,0,0,0,8,4,0,0,0,0,0,0,0,1,0,0,0,0,0,0,0,0,0,0,0,0,0,0,0,0,0,0,6,0,1,0,7,0,3,0,0,0,0,0,0,13,0,8,0,1,1,8,0,2,2,0,5,0,0,0,2,0,0,0,4,1,0,0,0,0,0,0,0,0,0,0,0,0,0,0,0,0,0,0,0,0,0,0,0,2,0,0,4,0,24,0,0,0,0,0,0,1,1,0,0,0,0,0,0,2,0,1,4,0,6,0,1,0,0,2,55
56,0,0,16,0,0,0,0,0,0,0,0,0,0,0,3,2,0,0,0,24,0,0,0,5,0,2,0,1,0,0,0,0,0,11,0,0,0,0,0,0,0,0,0,1,0,0,0,0,0,0,0,0,0,0,1,0,0,5,0,0,1,0,0,0,1,5,0,0,3,2,0,0,0,0,0,0,0,0,0,0,0,0,0,0,0,0,0,0,5,0,3,4,0,0,0,0,0,0,7,1,0,1,0,0,0,0,6,0,0,5,0,0,0,2,0,0,0,0,0,0,0,0,1,0,0,0,0,0,0,0,0,40,0,0,0,0,0,0,0,0,0,0,6,3,0,0,0,0,0,2,9,0,0,0,0,2,0,2,0,0,0,0,5,0,0,0,0,1,0,23,0,0,0,0,0,4,0,0,0,0,1,0,0,0,0,0,0,0,0,0,0,0,0,0,0,0,1,0,0,0,0,0,0,0,0,0,0,0,0,0,0,0,0,0,4,2,0,0,0,0,0,3,0,0,0,0,2,0,0,1,2,0,0,0,0,0,0,0,1,0,1,1,1,2,0,86,0,0,0,4,1,0,0,0,5,0,0,1,1,0,0,0,2,2,6,16,0,12,0,0,0,6,0,13,5,1,0,0,0,2,0,0,0,0,0,0,0,0,0,0,0,0,0,0,0,0,0,0,0,0,2,0,0,10,0,0,0,0,0,0,0,0,0,0,0,0,0,0,0,0,0,1,0,0,5,0,0,0,2,24
57,0,0,0,0,0,0,0,18,0,4,0,0,0,0,2,0,0,0,10,0,0,1,0,0,0,3,11,0,12,0,0,0,0,0,0,0,5,0,0,0,0,1,0,4,0,0,0,0,0,0,0,0,0,1,9,0,0,0,1,0,1,0,7,1,0,1,0,0,18,0,0,0,0,0,0,0,0,9,0,0,0,0,0,0,0,0,0,0,15,0,1,2,0,0,0,0,0,0,0,4,0,0,0,0,0,0,0,0,0,0,0,0,0,2,8,0,0,0,0,0,0,0,0,0,0,0,0,0,0,4,0,20,0,0,0,0,0,1,0,4,2,0,0,0,0,0,0,0,0,0,1,0,0,0,0,0,1,2,0,0,2,0,0,0,1,1,0,0,0,1,0,0,0,5,0,19,0,0,0,0,17,0,0,1,0,0,0,0,1,0,0,0,0,0,0,0,1,0,1,0,0,0,0,0,0,0,1,0,0,0,0,0,0,0,6,0,0,0,0,0,9,2,3,0,0,0,0,0,0,1,0,4,3,3,0,0,0,0,0,0,3,1,0,44,0,6,0,0,0,0,0,0,0,0,18,0,0,0,0,0,0,0,1,5,3,0,0,0,0,0,0,0,0,1,24,0,0,0,0,0,7,8,0,0,0,0,1,0,0,0,0,0,0,0,0,0,0,0,0,0,0,0,0,11,0,0,0,0,0,0,34,4,7,0,0,0,0,0,0,0,7,0,0,1,0,0,0,0,0,9
58,0,0,26,0,0,0,0,0,0,38,0,0,0,0,0,0,0,2,0,5,1,3,0,1,0,0,0,0,0,0,0,0,0,6,0,0,0,0,0,0,0,3,1,2,0,0,0,0,0,0,1,0,0,0,1,0,0,0,0,0,2,0,0,0,1,3,0,0,15,0,0,0,0,0,0,0,0,0,1,0,0,0,0,0,0,0,0,0,2,0,10,1,0,0,0,0,0,10,21,1,0,0,0,1,0,1,0,0,0,0,1,0,0,0,0,1,0,0,0,0,0,0,2,3,0,0,0,0,0,0,0,81,1,0,0,0,0,0,0,2,0,0,0,3,0,0,0,0,0,1,2,0,0,0,0,0,3,0,0,1,0,0,2,0,0,1,0,0,0,3,0,0,0,43,0,3,0,0,0,0,2,0,0,0,0,0,0,0,0,0,0,0,0,0,0,0,5,0,0,0,0,0,0,16,0,0,0,0,1,0,0,0,0,0,3,0,10,0,0,0,0,0,0,0,0,0,0,5,0,0,1,1,2,1,0,0,0,0,0,0,0,7,1,1,7,35,0,0,67,0,0,0,0,0,5,12,2,0,2,0,0,0,5,3,0,0,0,0,1,0,0,0,0,6,5,1,0,0,0,0,0,1,0,0,0,0,1,0,0,2,0,0,0,0,0,19,0,0,0,0,0,0,0,13,0,0,0,0,0,0,0,1,36,0,0,1,0,0,0,0,0,0,0,0,0,0,3,0,1,48
59,0,0,0,0,0,0,0,9,0,22,0,0,0,0,1,0,0,0,12,1,0,1,0,5,0,0,0,0,0,0,0,0,0,3,0,0,0,0,0,0,0,0,0,0,0,0,0,2,0,0,0,1,0,0,0,0,0,0,0,0,0,0,2,0,0,0,0,0,9,1,0,0,0,0,0,0,0,0,0,0,0,1,0,0,0,0,0,0,2,0,0,2,0,0,0,0,0,0,1,7,1,1,0,0,0,0,0,0,0,0,0,1,15,0,0,0,0,0,19,0,0,0,0,0,0,0,9,0,1,18,0,39,0,0,0,0,2,0,0,3,0,0,0,18,0,0,0,2,0,0,1,0,0,0,0,0,1,0,0,0,0,0,0,0,0,0,0,2,0,1,0,0,0,1,3,1,0,0,3,0,1,0,0,0,0,0,0,0,0,0,0,0,0,0,1,0,0,0,0,0,0,0,0,0,0,1,0,0,0,0,0,0,0,0,1,0,1,0,0,0,0,1,0,0,0,0,1,0,0,2,2,0,0,0,0,0,0,1,1,0,0,2,0,10,0,7,17,0,0,0,0,0,0,3,3,0,1,0,6,0,0,0,2,1,0,3,0,0,0,21,0,0,0,1,2,0,0,0,2,4,0,1,0,0,0,0,0,0,0,0,0,0,0,0,0,0,0,0,0,0,0,0,0,0,0,0,0,0,0,8,0,1,0,0,0,0,0,0,0,0,0,0,0,0,0,0,0,0,5,17
60,0,0,0,0,0,0,0,1,0,23,0,0,0,0,0,0,1,0,0,2,1,1,0,2,0,2,0,0,0,0,0,0,0,18,0,0,0,0,0,0,0,0,0,0,0,0,0,0,0,0,0,0,0,0,0,0,2,0,0,0,1,0,0,0,0,14,0,0,23,3,0,0,0,0,0,0,0,0,4,0,0,0,0,5,0,0,1,0,0,0,1,1,0,0,0,0,1,0,23,0,3,0,0,0,0,1,0,0,0,0,5,0,0,3,0,2,0,0,0,0,0,0,0,0,0,0,0,0,0,3,0,19,0,0,0,0,0,1,0,0,0,0,28,4,0,0,0,0,1,0,0,0,2,0,0,0,2,0,0,0,0,0,6,0,0,1,0,0,0,0,1,1,0,0,0,2,0,0,0,0,1,0,0,0,0,0,0,0,2,0,0,0,0,0,0,0,2,0,0,0,0,0,0,0,0,0,0,0,0,0,6,0,0,0,2,0,6,0,0,0,0,0,0,0,2,0,0,5,0,0,0,0,0,0,6,0,0,0,0,0,0,0,0,2,11,101,0,0,0,0,1,0,0,0,4,9,0,0,2,0,0,0,0,4,7,4,0,0,2,0,0,0,0,0,7,0,0,0,0,0,1,0,59,0,0,0,10,0,0,0,0,0,0,0,0,5,0,0,0,0,0,10,0,18,0,0,0,0,0,0,0,2,14,0,0,0,0,0,0,0,0,0,0,0,4,0,0,0,0,52
61,0,0,0,0,0,0,0,0,13,24,0,0,0,0,0,0,3,0,1,0,1,0,2,2,0,0,0,0,0,0,0,0,0,0,0,4,0,0,0,0,0,1,0,2,0,0,0,1,3,0,0,0,0,0,0,0,2,0,0,0,27,0,0,1,0,1,9,1,17,0,0,0,0,0,0,0,0,0,0,0,0,1,0,5,0,2,0,0,0,0,0,2,0,2,0,0,0,0,1,0,1,0,0,0,5,0,2,0,1,0,0,0,4,6,0,0,0,0,22,0,0,0,6,0,0,0,9,0,0,0,0,24,0,0,0,0,0,20,0,0,9,0,0,3,0,0,0,0,0,0,0,0,0,0,2,0,0,0,0,0,0,0,0,0,0,1,0,0,0,1,0,0,0,0,3,1,0,0,0,4,0,0,0,0,0,0,2,8,0,0,0,0,0,3,1,7,0,0,0,0,0,0,0,0,0,0,1,0,0,0,0,0,2,0,1,0,0,0,0,0,1,0,0,0,0,0,0,0,4,0,0,0,0,0,0,1,3,0,0,0,0,5,0,28,1,0,0,0,0,1,0,0,0,0,3,0,1,0,14,0,0,0,2,6,0,2,0,0,0,0,0,2,0,0,5,0,1,0,0,0,0,1,151,0,1,0,0,7,0,0,1,0,0,0,0,56,0,0,0,3,0,4,0,4,0,0,0,0,0,1,4,4,3,0,2,6,4,0,0,0,1,1,0,0,0,0,0,0,1,27
62,0,0,0,11,0,0,0,0,0,6,0,0,0,0,0,0,0,0,0,0,1,0,2,10,0,0,0,3,0,0,0,0,0,1,0,0,0,0,0,0,0,0,0,2,0,0,0,1,0,0,0,0,0,0,0,0,0,11,0,0,0,0,0,0,0,1,0,0,10,0,0,0,0,0,0,2,0,0,3,0,0,0,0,12,0,1,3,0,1,0,0,0,0,0,0,0,0,9,0,0,2,0,0,0,0,0,1,0,0,0,1,0,0,1,0,2,0,0,0,0,0,0,0,0,0,0,0,0,0,18,0,1,0,0,0,0,0,18,0,0,0,0,0,10,0,0,0,0,0,0,0,0,0,0,4,0,0,1,0,0,1,0,0,1,0,2,0,0,2,0,0,0,0,0,5,2,0,0,0,3,0,0,0,0,0,1,0,0,1,0,0,0,1,5,0,0,0,0,0,0,0,0,0,1,0,0,0,0,0,0,0,0,0,0,1,0,0,0,0,0,0,0,0,0,0,0,0,0,2,0,2,0,9,0,0,0,8,0,0,0,0,2,0,0,0,0,9,0,0,0,0,0,0,0,2,0,1,0,0,6,1,0,1,4,0,3,0,0,0,8,0,6,0,0,2,1,0,4,0,0,2,2,203,0,0,0,0,10,0,0,0,0,0,0,0,0,0,0,0,0,0,6,0,2,0,0,0,0,0,0,43,1,0,0,2,0,0,0,0,0,0,0,1,0,0,0,0,1,2,126
63,0,0,26,0,0,0,0,0,0,39,0,0,0,1,0,0,0,4,0,5,2,0,0,1,0,1,0,2,4,0,0,0,0,0,0,0,2,0,0,0,0,3,0,0,0,0,0,1,0,12,0,0,0,0,0,0,0,0,0,0,4,0,0,0,1,1,0,0,1,7,0,0,0,0,0,0,0,0,0,0,0,0,0,1,0,0,3,0,1,0,2,1,0,0,0,1,0,0,32,0,5,0,0,0,0,0,0,0,0,0,0,0,0,3,3,4,0,0,2,0,0,0,0,10,0,0,0,0,0,0,0,25,0,0,0,0,1,2,0,0,0,0,0,3,0,0,0,0,0,0,0,0,0,0,0,0,2,10,0,1,2,0,14,0,0,1,0,0,0,0,0,0,0,0,0,1,0,0,0,0,0,0,0,0,0,0,0,0,2,0,0,0,0,0,0,0,0,0,0,0,0,0,0,0,0,0,0,0,0,0,0,0,0,0,2,0,0,0,0,0,0,2,0,0,1,0,4,0,0,0,2,0,1,0,0,0,0,0,0,0,0,5,0,3,6,68,0,0,21,0,0,0,0,0,5,0,15,0,1,0,0,0,1,2,1,4,0,0,0,0,0,2,0,0,10,0,0,0,0,0,0,0,52,1,0,0,3,0,0,0,0,0,0,0,7,0,0,0,0,0,1,0,0,10,0,0,8,0,0,0,2,2,0,0,1,0,0,0,0,0,2,4,1,0,0,0,0,4,0,37
64,0,0,0,0,0,0,0,0,0,7,0,0,0,0,3,1,0,0,0,2,0,0,0,3,0,0,0,0,0,4,0,0,0,2,0,0,2,0,0,0,0,0,0,0,0,0,0,0,4,0,0,0,0,2,0,0,0,11,0,0,7,0,3,2,0,1,0,1,3,0,0,0,0,0,0,0,0,0,0,0,0,0,0,0,0,0,5,0,1,0,0,0,0,1,0,0,1,0,3,0,0,0,0,0,0,3,2,0,0,0,4,0,0,0,0,0,0,0,0,0,0,0,0,0,1,0,0,0,0,0,0,12,0,0,1,0,0,19,0,5,0,0,0,20,0,18,0,0,0,1,0,0,0,0,2,0,0,0,0,0,0,0,0,0,0,3,0,5,0,0,0,7,0,2,4,0,0,0,0,0,2,1,0,0,0,0,0,0,0,0,0,0,0,0,1,0,2,0,1,3,0,0,0,0,0,0,1,0,0,0,0,0,0,20,1,0,1,0,0,0,1,0,0,0,0,5,0,0,0,0,2,0,0,0,0,0,0,0,0,0,0,4,0,14,0,6,0,0,2,0,0,0,0,0,1,0,0,0,0,0,1,0,8,1,0,0,0,0,0,0,0,0,0,4,3,0,0,0,0,6,1,1,164,0,0,0,0,0,0,20,0,0,0,0,0,0,0,0,0,0,0,0,0,7,0,0,0,5,0,3,21,1,0,4,0,0,6,0,0,0,0,0,0,0,0,0,0,0,4,91
65,0,0,0,0,0,0,0,0,0,9,0,0,0,0,1,0,0,0,0,0,5,0,0,0,0,0,0,0,0,1,0,0,0,6,0,0,12,0,2,0,0,6,1,0,0,0,0,0,0,16,0,0,0,0,2,0,0,3,0,0,2,1,3,0,0,3,5,0,9,2,0,0,0,0,2,0,4,0,0,0,0,0,0,0,2,1,3,7,0,0,0,2,0,0,0,0,0,0,9,1,0,0,0,0,0,0,3,0,0,1,0,0,1,1,0,0,0,0,0,0,0,3,0,0,0,1,0,2,0,0,1,0,0,0,0,1,2,0,0,0,0,0,95,0,0,0,1,0,0,2,0,0,0,0,0,0,0,0,0,0,0,0,15,0,5,1,0,0,0,4,0,0,0,0,0,1,0,1,0,0,1,0,0,0,0,0,0,0,0,0,0,6,0,0,0,7,0,0,0,0,0,0,0,9,0,0,0,0,0,0,3,0,0,0,5,2,0,0,0,0,0,0,1,0,0,0,0,0,0,6,0,0,3,0,0,0,1,0,0,0,0,0,1,2,8,0,17,0,0,0,0,0,0,26,0,40,7,0,0,0,0,0,0,0,20,3,0,0,0,0,0,4,4,0,4,0,0,1,2,0,0,0,0,1,2,0,0,0,0,0,0,0,1,0,0,0,0,0,0,0,0,0,0,0,0,0,4,28,0,0,0,0,0,0,1,0,0,0,0,5,3,0,0,0,6,1,0,0,0,11
66,0,0,0,0,0,0,0,17,0,8,0,0,0,0,0,0,0,0,7,0,1,0,0,0,0,0,0,3,1,6,0,0,0,0,0,0,2,0,1,0,0,0,0,0,0,3,0,0,3,0,0,1,2,0,0,0,0,0,1,0,22,0,0,0,0,0,14,3,3,0,0,0,0,0,0,0,0,0,0,2,0,0,0,0,4,0,0,0,0,0,0,1,0,0,0,0,0,0,0,14,0,2,0,7,0,0,0,0,0,83,3,0,20,10,0,1,0,0,0,0,0,0,0,0,0,0,0,0,0,12,0,4,0,0,0,0,12,0,0,0,0,0,3,0,0,0,0,0,0,0,2,0,0,0,0,0,0,0,0,0,0,0,0,0,0,0,0,0,0,0,0,8,0,0,1,0,0,5,8,0,0,0,0,0,0,0,0,3,0,0,0,0,0,0,0,5,0,0,0,0,0,0,1,3,0,0,0,0,0,2,0,2,0,0,3,0,0,0,0,0,0,4,1,1,1,4,0,0,0,0,0,0,11,0,0,0,3,0,0,0,0,0,10,30,0,0,10,0,0,0,0,0,0,3,0,0,0,0,1,1,0,0,1,0,1,2,0,0,0,0,24,5,2,1,0,0,0,0,0,2,3,0,16,0,0,0,0,0,0,0,0,0,0,0,0,0,0,0,0,0,0,0,0,9,0,0,0,0,0,2,39,0,0,0,19,0,0,0,0,0,0,0,1,0,0,19,0,0,0,21
67,0,0,0,0,0,0,5,11,0,11,6,0,0,0,3,0,0,14,13,3,2,0,0,0,0,11,0,0,4,0,0,0,2,0,0,3,0,0,0,0,0,0,0,0,2,0,1,0,18,0,5,0,0,0,0,1,0,0,0,0,0,0,0,0,1,1,0,0,12,1,0,0,2,0,0,0,0,0,0,0,0,0,0,0,16,0,0,0,6,0,0,7,0,0,0,0,2,0,2,4,0,0,0,0,0,1,0,0,0,0,0,0,0,0,0,5,0,0,0,2,0,0,0,0,0,0,1,0,0,0,0,44,0,0,0,0,0,0,0,3,0,0,0,0,0,0,0,0,0,0,1,0,0,1,0,0,0,0,0,1,0,0,0,0,0,1,0,0,0,0,0,0,0,0,0,17,0,0,0,0,68,0,0,0,0,0,0,0,0,0,0,0,0,0,1,0,1,0,0,0,0,0,0,0,0,0,0,0,0,0,0,1,1,0,5,0,0,0,0,0,0,0,4,0,0,0,0,0,0,0,0,0,0,0,0,0,0,0,0,0,0,1,0,15,0,12,0,0,0,2,0,0,1,0,0,0,31,0,11,0,0,0,0,7,0,0,0,0,0,0,0,0,4,1,21,0,0,1,0,0,3,0,0,0,0,0,0,0,0,0,2,0,0,0,0,0,0,0,3,0,0,0,0,6,0,0,0,0,0,0,35,1,0,0,0,0,0,0,0,2,0,0,0,0,0,0,0,0,0,3
68,0,0,0,1,0,0,0,10,0,1,0,0,0,0,3,0,0,0,0,2,4,0,0,1,0,0,0,0,6,0,0,0,0,0,0,0,0,0,0,0,0,3,0,3,0,0,0,0,0,7,7,0,3,0,5,10,2,0,0,0,0,0,0,0,1,8,0,0,13,0,0,0,0,2,0,0,0,9,0,0,0,0,0,2,0,0,0,0,0,0,0,3,0,0,0,0,0,0,0,0,7,0,0,0,0,0,0,1,2,0,0,0,5,7,0,0,0,0,0,0,0,0,0,0,0,0,0,0,0,0,0,48,12,1,0,0,0,1,0,0,0,0,0,1,0,2,0,0,0,0,0,8,0,2,0,0,0,0,0,0,1,1,1,0,0,0,0,0,0,0,0,0,0,0,0,31,0,20,1,0,0,0,0,0,11,5,0,0,0,0,1,0,0,0,2,0,1,0,0,0,2,0,0,0,0,0,0,0,0,0,0,0,0,0,4,0,0,0,0,0,0,6,0,0,4,0,0,0,1,0,0,0,0,1,0,0,1,0,0,0,0,0,0,37,0,7,0,3,0,0,0,0,1,6,50,0,69,0,1,0,0,0,0,3,0,1,0,0,0,0,0,1,2,0,9,0,0,0,0,0,2,3,2,0,0,0,0,0,0,0,0,0,0,0,0,26,0,0,0,0,0,0,0,13,0,0,0,15,1,0,47,1,14,1,1,0,1,0,0,3,0,0,1,0,0,0,1,0,0,11
69,1,0,5,0,3,0,0,1,0,10,0,0,0,0,0,3,0,0,0,0,0,0,0,0,0,8,0,0,0,0,0,0,0,0,0,0,0,0,0,0,1,7,1,0,2,1,0,0,0,74,0,0,0,0,8,0,3,0,0,6,2,0,0,0,0,3,9,0,10,0,0,1,0,0,3,0,0,0,0,0,0,0,0,0,13,0,0,0,0,0,0,1,0,0,0,0,0,0,14,0,0,0,0,0,0,0,0,0,0,3,0,0,0,0,5,0,0,0,0,0,0,3,0,0,2,0,0,0,0,0,8,0,0,1,0,0,0,0,0,1,1,0,15,0,0,0,0,0,0,0,0,0,1,0,0,0,0,0,0,1,2,0,26,1,5,1,0,0,0,4,0,0,0,0,1,0,0,0,0,0,1,0,0,0,0,0,0,0,1,0,0,0,0,0,0,14,0,0,0,0,0,0,0,4,0,0,0,0,0,1,2,0,0,0,5,2,0,0,0,10,0,4,0,2,1,1,0,0,0,3,0,0,0,0,0,1,1,0,0,0,0,0,0,1,0,0,0,0,38,0,0,0,0,28,0,13,0,1,0,0,0,0,1,0,10,0,0,0,0,0,0,2,1,0,0,0,0,0,1,0,1,0,0,1,0,0,0,0,1,0,0,0,0,0,0,5,0,0,0,0,0,0,1,9,0,0,5,0,0,0,1,0,0,2,1,0,0,0,2,0,0,0,0,0,0,1,0,6,0,42
70,0,0,0,4,0,0,0,0,0,7,0,0,0,0,1,0,16,0,0,1,0,0,0,4,0,0,1,0,0,0,0,0,0,2,0,0,0,0,0,0,0,1,0,0,0,0,0,0,3,0,0,0,2,0,0,0,0,0,0,0,0,0,0,0,0,0,0,0,5,0,0,0,0,0,0,0,0,0,0,0,0,0,0,0,0,4,0,0,1,0,0,1,0,0,0,0,0,4,2,10,0,0,0,0,0,0,0,0,0,0,0,1,0,0,0,0,0,0,0,0,4,0,0,0,1,0,8,0,0,0,0,18,0,0,0,0,4,0,0,0,0,3,0,35,0,0,0,0,0,0,0,0,0,0,0,2,0,0,0,0,0,0,0,0,0,1,0,0,0,1,0,0,0,1,2,2,0,0,0,1,0,0,0,0,0,0,0,0,0,0,0,0,0,12,0,0,0,0,0,0,0,0,0,0,0,0,7,0,0,0,0,0,2,0,2,0,0,0,0,25,0,0,0,1,0,0,1,8,2,0,0,0,0,0,0,0,0,0,0,0,0,6,0,26,0,4,0,0,0,0,0,0,0,0,2,0,0,0,0,0,4,0,0,1,0,0,0,0,0,0,0,2,0,2,0,0,0,0,0,0,1,1,0,0,0,1,0,0,0,0,0,0,0,0,0,0,0,0,9,2,0,0,0,6,0,1,0,0,0,0,10,1,0,0,0,0,0,0,0,0,0,0,0,0,1,16,0,0,0,49
71,0,0,0,0,0,0,0,0,0,6,0,0,0,0,0,0,0,0,33,0,0,0,0,14,0,0,0,0,0,3,0,1,0,0,0,0,0,0,0,0,0,0,0,0,0,0,0,2,8,0,0,0,0,0,0,0,0,0,0,0,3,0,3,0,1,2,0,0,16,0,0,0,0,0,0,0,0,0,0,0,0,0,0,0,0,0,0,0,0,0,0,0,0,0,0,0,0,0,0,0,2,0,0,3,4,0,1,0,4,0,0,0,0,4,0,0,0,0,0,0,0,0,0,0,0,0,0,0,0,16,0,28,0,0,0,0,2,48,0,0,0,0,2,28,0,0,0,0,0,0,0,1,0,0,0,0,0,0,0,0,1,0,0,0,8,1,0,1,2,0,0,0,0,0,3,0,0,0,0,6,1,0,0,0,0,0,1,0,0,0,0,0,0,7,1,0,0,0,0,0,0,0,0,0,0,0,0,0,1,0,2,0,0,0,11,0,0,1,0,0,0,0,0,0,1,2,0,0,3,0,0,0,29,6,0,0,0,2,0,0,0,1,0,78,0,15,12,0,4,0,0,0,0,0,1,2,3,0,33,0,0,0,0,7,0,0,0,0,0,10,0,0,0,0,5,0,0,0,0,0,0,3,61,0,0,0,0,4,0,0,0,0,0,0,0,0,0,0,0,5,0,6,0,2,0,0,0,0,0,5,11,2,0,10,3,4,0,0,0,0,0,1,1,0,0,0,0,0,1,101
72,0,0,0,0,0,2,0,9,0,3,0,0,0,0,4,0,35,0,6,0,5,0,0,0,0,2,0,0,0,3,0,0,0,0,0,4,20,0,0,0,0,8,0,0,0,1,0,0,0,9,0,0,2,0,3,0,0,0,0,0,3,0,0,0,0,1,1,0,18,0,0,0,0,0,0,0,0,0,10,2,0,0,0,0,0,0,0,2,0,0,0,1,0,0,2,0,2,0,2,8,2,0,1,0,0,0,0,2,0,56,0,0,5,3,0,0,0,0,7,0,0,0,0,0,0,0,0,0,0,0,1,0,0,0,0,0,0,0,0,0,0,5,1,0,0,0,0,0,0,0,0,4,0,1,0,3,0,0,0,2,3,0,5,0,0,2,0,0,0,0,0,0,0,0,0,8,0,23,2,3,0,0,4,0,0,3,1,0,0,0,0,4,0,2,0,4,0,0,0,0,0,0,0,1,0,0,0,0,0,1,0,0,0,0,5,5,0,0,0,0,0,1,0,5,2,32,4,0,0,5,0,3,3,0,0,0,0,2,0,0,1,2,0,61,0,0,0,2,7,0,0,0,0,5,0,0,0,1,0,0,3,0,0,0,3,0,0,4,0,0,0,0,7,0,0,0,0,0,0,0,0,0,0,0,1,0,2,6,0,0,0,0,0,0,0,0,0,0,4,0,0,0,0,3,0,0,0,0,0,0,0,0,7,0,6,0,0,0,0,0,0,0,0,0,0,0,2,0,0,14
73,0,0,0,0,0,0,0,0,0,0,0,1,0,0,0,0,0,0,9,0,0,0,3,2,0,0,1,0,0,0,0,0,0,0,0,0,1,1,0,0,0,0,0,0,0,0,0,0,0,2,0,0,0,0,0,0,1,0,0,0,6,0,3,0,0,1,2,0,16,0,0,0,0,0,0,0,2,0,2,2,0,0,0,0,0,0,0,0,0,0,0,0,0,0,0,0,0,0,3,19,6,0,0,8,0,0,0,0,0,9,0,0,12,7,0,0,0,0,0,0,0,0,0,0,1,0,0,0,0,0,1,0,0,0,0,1,0,0,0,0,0,0,0,0,0,0,0,0,0,0,0,0,0,0,0,2,0,0,0,0,0,0,0,2,0,1,0,0,2,0,0,0,0,0,0,1,0,0,20,0,0,0,0,0,0,0,0,2,0,0,0,0,0,0,0,35,1,1,0,5,0,0,1,0,0,0,0,0,0,1,0,0,0,0,5,0,0,0,0,0,0,0,2,1,0,5,0,0,0,4,0,0,27,0,0,1,16,0,0,0,0,1,0,28,0,1,7,0,0,0,0,0,0,2,0,0,1,0,0,0,0,0,0,0,0,0,0,0,0,27,0,0,2,2,4,0,0,0,0,0,0,0,0,0,1,0,0,7,0,0,0,0,0,0,0,0,0,0,0,0,0,0,0,1,0,0,0,16,0,0,13,0,0,0,36,0,0,0,1,0,0,1,0,1,0,42,0,0,0,108
74,0,0,0,1,0,0,0,8,0,0,0,0,1,0,11,0,0,0,0,0,1,1,0,0,0,0,0,0,0,0,0,0,0,1,0,0,0,0,0,7,0,0,1,0,0,0,6,0,14,0,0,0,0,1,0,0,2,0,0,0,0,0,0,0,0,2,0,0,5,2,2,0,0,0,0,0,0,0,0,0,0,0,0,0,0,0,0,0,5,0,1,9,0,0,1,0,0,1,1,0,24,0,0,0,0,0,0,0,0,0,0,0,0,0,6,0,0,0,0,0,0,0,0,0,0,0,0,0,0,1,0,79,0,0,0,0,1,0,22,37,0,4,0,1,1,0,0,0,0,0,0,0,0,0,0,0,0,12,0,0,1,0,0,0,0,1,0,0,0,0,0,0,0,9,0,24,0,0,0,2,74,12,0,1,5,0,0,0,0,2,0,0,1,0,0,0,3,0,0,0,0,0,0,0,0,0,0,0,0,0,0,0,0,0,12,1,0,0,0,0,0,0,3,0,2,0,0,0,0,0,0,0,0,0,0,0,0,4,0,0,0,3,19,54,0,2,0,2,3,0,0,0,0,0,23,0,0,0,29,14,0,5,0,3,10,0,0,0,0,0,0,0,0,1,41,0,0,0,0,0,0,4,0,0,0,0,1,0,1,0,0,0,0,0,0,0,0,0,0,0,0,0,0,24,1,4,0,0,0,0,20,5,0,0,0,0,4,0,0,0,0,0,0,0,0,0,0,0,0,2
75,0,0,0,0,0,0,0,0,0,4,0,0,0,0,0,0,0,0,7,1,0,0,0,4,0,0,0,0,0,0,0,0,0,0,0,0,2,0,0,0,0,0,0,0,0,3,0,0,0,0,0,0,0,0,3,0,3,0,0,0,19,0,0,3,0,0,7,1,12,0,0,0,0,0,0,0,0,0,0,1,0,0,0,0,1,0,0,0,0,0,0,1,0,0,0,0,0,0,0,4,1,0,0,8,0,0,0,0,0,0,0,0,23,8,0,0,0,1,0,0,0,0,15,0,0,0,0,1,0,0,0,0,0,0,0,0,2,0,0,0,0,1,0,0,0,0,0,0,0,0,0,0,0,0,13,0,0,0,0,0,1,0,0,0,0,1,0,0,0,1,1,0,0,0,6,0,0,0,5,3,0,0,0,0,0,0,1,0,0,0,0,0,0,8,0,10,1,0,0,3,0,0,0,2,0,0,1,0,0,2,0,0,0,0,3,0,0,0,0,0,0,0,1,1,0,2,1,0,0,0,0,0,19,4,0,0,0,0,0,0,0,0,5,32,0,0,4,0,0,0,0,0,0,1,0,0,0,0,0,0,0,0,4,1,0,0,0,0,0,0,0,7,9,0,0,0,0,0,1,0,2,1,0,0,1,0,0,0,0,2,0,0,0,0,0,13,0,1,0,0,0,0,0,4,0,0,0,32,0,1,19,0,0,0,24,0,0,0,0,0,0,0,0,0,0,0,0,0,0,9
76,2,0,0,0,15,0,0,0,0,16,0,1,0,0,0,0,0,0,0,0,1,0,0,1,0,3,0,0,0,0,0,0,0,0,0,0,2,0,0,0,0,0,1,0,2,1,0,0,1,20,0,0,0,0,24,0,0,8,4,0,0,0,0,0,0,3,4,0,0,0,0,0,0,0,1,0,0,0,7,0,0,0,0,5,0,0,0,10,0,0,0,1,0,0,0,0,0,11,0,0,0,0,1,1,0,0,0,0,0,1,1,0,0,3,3,2,0,0,0,0,0,1,2,0,0,1,0,0,0,1,5,16,0,0,0,0,3,0,0,1,0,0,22,0,0,0,0,1,0,0,0,0,0,0,0,0,0,0,0,0,4,0,3,0,0,0,0,1,0,19,0,4,0,0,0,1,2,1,0,0,0,0,0,0,0,0,0,0,1,0,0,4,0,0,0,3,0,56,0,0,0,0,0,0,0,0,0,0,0,1,0,0,1,0,5,3,0,0,0,0,0,0,1,0,0,1,0,0,0,2,2,0,3,0,0,1,0,0,0,0,0,0,0,2,0,0,0,0,6,0,0,0,0,10,0,0,0,0,0,0,0,0,0,0,0,0,0,0,0,0,0,0,1,0,2,0,0,0,1,0,0,0,18,2,0,0,12,0,0,0,0,3,2,0,0,0,0,0,2,0,1,0,1,12,1,0,0,0,0,0,1,0,0,0,4,0,3,0,0,11,0,0,0,0,0,4,0,4,0,83
77,0,0,0,0,0,0,0,7,0,1,0,0,0,0,2,0,0,0,0,1,4,0,0,1,0,0,0,0,0,0,0,0,0,1,0,0,0,0,0,0,0,0,1,0,0,0,0,0,0,0,0,0,0,0,0,0,0,0,0,0,0,0,0,1,0,1,0,0,16,1,0,0,0,0,0,0,0,0,0,0,0,0,0,7,0,0,5,0,2,0,2,5,0,0,0,0,0,0,6,0,0,0,0,0,0,0,0,0,1,0,4,0,0,2,0,0,0,0,0,1,0,0,0,0,0,0,0,0,0,0,0,31,11,3,0,0,0,3,0,7,1,13,0,1,0,0,0,0,0,0,0,0,0,0,5,0,0,0,0,0,1,1,1,0,1,2,2,0,0,0,0,0,0,0,0,31,0,17,0,1,0,1,0,0,0,0,0,2,0,0,0,0,0,0,1,0,0,0,0,0,1,0,0,2,0,0,0,0,2,0,0,0,0,0,24,0,0,0,0,0,0,3,0,4,13,0,3,0,0,6,0,0,0,0,0,0,2,0,0,2,0,0,0,34,0,4,0,0,2,0,1,0,0,0,26,0,20,0,13,0,2,16,0,4,6,0,0,0,0,0,0,0,0,0,15,0,7,3,13,0,5,30,2,0,0,0,2,7,0,0,0,0,0,0,0,0,0,0,0,0,0,0,0,13,0,0,0,0,0,0,6,3,0,0,0,0,0,0,0,0,0,2,2,2,0,0,0,0,0,0
78,0,0,0,5,0,0,0,0,11,5,0,0,0,0,0,1,10,0,19,0,0,0,0,0,0,0,0,0,0,0,0,0,0,0,0,0,0,0,0,0,0,0,0,0,0,0,0,0,0,0,0,0,0,0,0,0,1,0,0,0,0,0,0,0,0,1,0,1,5,0,0,0,0,0,0,0,0,0,0,0,0,1,0,39,0,0,3,0,0,0,0,1,0,0,0,1,0,0,1,0,2,0,0,0,2,0,2,0,1,0,0,0,0,3,0,0,0,0,0,0,0,0,0,0,0,0,14,0,0,18,0,27,0,0,0,1,0,65,0,0,14,0,1,0,0,0,0,0,0,0,0,0,0,0,0,0,1,0,0,0,1,0,0,0,0,1,0,0,0,0,0,4,0,0,0,2,0,0,0,1,0,0,0,0,16,0,0,0,1,0,2,0,0,0,0,0,0,0,0,0,0,0,2,1,0,0,2,0,0,0,0,0,0,0,1,0,0,0,0,0,0,0,0,0,1,0,0,0,0,0,1,0,14,2,1,0,0,2,0,0,0,0,0,56,0,5,0,0,0,0,0,6,0,5,1,2,3,0,2,0,0,24,0,5,0,0,0,0,0,0,0,3,0,0,1,0,0,1,0,0,0,0,42,0,0,0,0,0,0,0,0,0,3,0,0,0,0,0,10,0,0,2,0,0,0,0,0,0,0,3,5,2,4,0,7,1,0,0,1,0,0,0,0,0,0,0,0,0,2,38
79,0,0,0,0,0,0,1,0,0,0,0,0,0,0,0,4,1,0,0,0,1,0,0,0,0,3,0,1,0,0,0,0,0,0,0,2,0,0,0,0,0,0,0,3,0,0,0,0,1,0,0,0,0,0,0,0,0,0,0,0,0,0,0,0,0,10,0,0,4,0,0,0,0,0,0,0,0,0,0,0,0,0,0,0,0,1,0,0,3,0,5,1,0,0,0,0,0,0,16,0,0,5,0,0,0,0,1,0,0,0,0,0,2,0,0,0,0,0,0,0,0,6,0,0,0,0,0,0,0,0,0,114,0,0,0,0,1,0,0,4,0,0,0,7,0,0,1,0,0,0,8,10,0,0,0,0,0,0,0,0,5,0,0,0,0,1,0,0,0,10,0,6,0,0,0,2,0,0,0,0,3,0,0,0,0,0,0,5,0,0,0,0,0,0,0,0,0,0,0,0,0,0,1,0,0,0,0,0,0,0,0,0,0,0,1,0,0,0,0,0,0,0,0,0,1,0,0,0,0,1,6,0,0,0,9,0,0,0,0,0,0,5,0,1,0,31,20,3,0,0,0,0,0,0,4,0,0,0,1,0,23,1,1,1,0,20,0,0,0,0,0,1,1,3,1,1,0,1,0,0,1,0,0,0,0,0,0,0,0,1,0,0,0,0,0,0,0,0,2,0,0,0,0,14,0,0,0,18,0,0,1,1,0,2,0,0,0,0,0,0,0,0,0,3,7,0,5,0,0,17
80,1,0,0,8,0,0,0,0,0,0,2,0,0,0,1,0,0,0,0,0,1,0,0,0,0,2,15,0,0,0,0,0,0,0,0,0,7,0,0,0,0,0,0,0,0,1,0,0,0,9,0,0,0,0,0,0,1,0,5,0,3,0,0,0,1,2,1,0,11,1,0,0,0,0,1,0,0,0,0,0,0,0,0,0,4,1,0,0,1,0,4,3,2,0,0,0,0,0,6,0,1,0,0,0,0,0,0,0,0,0,0,0,1,0,0,0,0,1,0,0,0,4,0,0,1,1,0,0,0,3,7,0,1,1,0,0,0,5,0,0,0,0,6,2,0,0,0,0,1,2,0,0,0,0,0,0,0,0,0,0,2,0,15,0,0,0,0,0,0,5,0,0,0,3,1,2,1,1,0,0,0,0,0,0,0,0,0,9,0,0,0,0,0,0,0,2,0,0,0,0,0,0,0,0,0,0,2,0,2,0,0,0,0,0,3,1,0,0,0,0,0,0,0,2,1,1,0,0,0,1,5,0,1,0,0,1,1,0,1,0,0,0,0,2,0,3,10,0,0,0,0,0,0,10,0,0,0,1,0,1,4,0,0,0,12,0,0,0,2,1,1,1,0,0,6,0,0,0,0,0,0,0,0,1,0,0,0,0,0,0,0,2,0,1,8,0,0,0,0,0,0,0,1,11,0,0,13,3,0,0,1,0,0,0,1,0,0,0,0,0,0,0,0,0,0,0,0,0,0,0
81,6,0,0,0,0,0,0,0,0,6,0,0,0,0,1,2,0,2,0,2,0,2,0,5,0,0,0,0,0,2,0,0,1,2,0,6,0,4,0,0,0,0,3,0,0,0,0,0,3,0,0,0,0,0,0,0,0,6,0,0,8,0,0,0,0,1,3,0,6,0,0,0,0,0,0,0,0,0,0,0,0,0,0,0,1,0,0,0,1,0,0,3,0,0,0,0,0,0,4,3,0,0,0,0,8,0,0,0,1,0,0,1,0,3,7,0,0,1,0,0,0,0,0,0,0,0,0,0,0,0,0,7,0,0,0,0,0,0,0,1,0,0,0,12,0,0,0,0,0,0,0,0,0,0,0,0,0,1,0,0,0,0,0,1,0,1,0,1,1,1,0,0,2,1,0,0,0,0,0,0,5,6,4,0,0,0,1,9,0,0,0,0,0,0,1,0,1,0,0,0,0,0,0,0,0,0,1,0,0,0,0,0,0,0,4,0,0,0,1,0,0,0,1,0,0,2,0,0,0,0,2,0,0,0,0,1,0,0,0,0,0,4,0,1,0,3,18,0,0,0,0,0,0,0,2,0,0,2,0,0,1,0,3,3,0,0,0,4,0,14,0,0,0,0,7,0,0,2,1,0,0,0,0,0,0,0,0,0,0,0,0,0,0,0,0,0,1,1,0,0,0,4,0,7,0,0,0,0,0,2,20,0,0,0,0,0,0,0,0,0,0,0,0,1,1,0,1,0,2,33
82,0,0,0,8,7,1,1,12,0,0,0,0,0,0,0,0,0,0,3,0,1,0,0,2,5,0,0,0,0,4,0,0,0,0,0,0,1,0,0,0,0,0,0,0,0,2,0,1,0,0,0,0,0,0,12,9,0,0,0,0,31,0,0,0,0,0,3,0,0,1,0,0,1,0,0,0,0,0,20,0,0,0,0,11,0,1,0,0,0,1,0,1,0,3,0,2,0,0,0,15,0,0,0,14,0,0,0,0,0,0,0,0,0,18,0,0,0,0,0,0,4,0,0,0,0,0,0,0,0,0,0,0,0,0,1,1,5,0,2,0,0,3,0,13,1,18,0,0,0,0,0,1,0,0,6,0,0,0,0,0,0,0,0,0,0,1,0,0,0,0,0,0,1,0,2,1,0,0,7,3,0,0,0,0,0,0,0,0,0,0,9,0,0,0,0,18,0,0,0,0,0,0,0,0,3,0,0,0,0,3,0,0,0,25,3,0,0,0,0,0,0,0,0,1,0,8,0,0,0,1,2,0,2,0,0,2,5,0,0,0,0,0,0,24,0,1,0,0,10,0,0,0,0,6,0,0,0,0,0,1,0,0,1,0,0,0,0,0,0,27,0,8,2,0,3,0,0,2,1,2,0,0,0,0,0,1,0,5,0,0,0,0,0,0,0,5,0,0,0,0,0,0,0,1,0,0,0,46,0,0,30,0,1,0,37,0,2,0,0,0,0,1,0,0,0,36,0,0,0,75
83,0,0,0,0,2,0,0,0,0,70,0,0,0,0,1,0,1,0,1,7,9,0,0,1,0,0,20,0,0,0,0,0,0,15,0,2,0,0,0,0,0,0,0,0,0,0,0,0,0,0,0,13,2,0,0,0,0,0,0,0,0,1,4,4,0,5,0,0,13,0,0,1,0,0,0,0,0,0,0,0,0,0,0,4,0,0,0,0,0,0,5,2,0,0,0,1,0,0,14,0,2,1,2,0,0,0,0,0,0,0,0,0,0,5,0,1,0,0,0,0,0,0,0,0,0,0,0,0,0,0,0,49,0,0,0,1,1,0,0,0,0,0,0,2,1,0,0,0,1,3,3,15,0,0,0,4,0,6,0,0,3,0,6,0,0,2,0,0,0,4,0,4,0,0,0,2,0,0,0,0,1,0,0,0,0,0,0,0,1,0,0,0,0,2,0,0,0,0,0,0,0,0,1,0,0,0,0,0,1,0,0,0,1,9,3,2,0,3,0,0,5,0,0,2,1,0,6,3,0,0,2,0,3,0,0,0,0,0,1,0,0,0,0,4,15,64,0,0,0,0,0,0,0,0,4,0,57,0,1,0,4,0,0,4,0,0,0,0,0,0,0,3,0,0,12,0,0,0,0,0,0,0,5,0,0,0,9,0,0,0,0,2,2,0,0,0,2,0,0,0,0,0,0,9,0,0,0,0,0,0,1,2,62,0,0,0,0,0,0,0,0,0,0,0,0,0,0,0,2,223
84,0,0,0,1,1,0,0,0,0,9,0,0,0,0,0,0,0,0,6,1,7,0,0,0,0,0,0,0,0,1,0,0,3,0,0,0,4,0,0,8,0,2,0,1,0,0,0,0,0,0,0,0,0,0,0,0,0,0,0,0,0,0,8,0,0,2,0,0,21,0,0,0,0,1,0,0,0,0,0,3,0,0,0,0,0,0,0,0,4,0,1,5,0,0,0,0,0,0,2,3,3,0,0,0,0,0,0,0,3,0,0,0,0,4,5,0,0,0,0,0,0,0,0,1,0,4,0,0,0,0,0,40,0,0,0,0,0,0,0,0,0,0,0,1,0,2,0,2,0,0,1,0,0,0,0,0,0,1,0,0,0,0,2,0,0,0,3,0,0,1,0,0,0,10,1,51,0,11,0,0,20,0,0,0,0,0,0,0,0,0,0,0,0,0,0,0,1,0,0,0,0,0,0,0,0,0,0,0,0,0,0,0,0,0,11,0,0,0,0,0,2,0,6,0,7,0,0,0,0,0,0,0,0,0,2,0,0,0,0,0,0,1,0,10,0,2,0,0,5,0,0,0,0,0,43,0,0,0,6,0,5,3,3,1,2,0,0,0,0,0,0,0,0,0,6,0,0,2,0,0,0,5,0,0,0,0,2,0,0,1,0,0,0,0,0,0,0,0,0,0,0,0,0,8,1,1,0,0,0,0,9,0,0,0,0,0,0,0,1,0,0,0,0,0,0,0,0,0,1,0
85,0,0,1,0,0,0,0,0,0,15,0,0,2,0,6,0,0,0,0,4,0,0,0,0,0,0,0,0,0,0,0,0,4,0,0,0,0,0,0,14,0,5,0,1,0,0,0,0,0,0,0,0,3,0,0,0,0,0,0,1,0,7,4,0,0,2,0,0,9,0,0,0,0,0,0,0,0,8,0,0,0,0,0,0,0,0,0,0,19,0,1,9,0,0,0,0,0,0,5,5,0,0,0,0,0,0,0,0,0,20,0,0,0,0,0,0,0,0,0,0,0,0,0,0,0,0,0,0,0,0,0,0,0,1,0,0,0,2,0,8,0,0,0,5,0,1,0,0,0,0,0,0,0,0,0,0,8,2,0,0,0,0,3,0,1,0,0,0,0,1,0,1,0,19,0,15,0,3,0,0,0,0,2,0,0,0,0,0,0,0,2,0,1,0,1,0,1,0,0,0,0,1,1,0,0,0,2,0,0,0,0,2,0,0,2,3,0,0,0,0,0,0,0,0,0,0,0,0,0,0,0,5,1,0,2,0,0,0,2,0,0,3,0,19,0,3,0,0,3,0,0,0,0,0,18,0,0,0,0,0,1,0,0,1,0,0,0,0,0,0,0,0,0,0,6,1,0,3,0,0,0,0,0,0,0,0,4,0,1,0,0,0,0,0,0,0,0,0,0,0,0,0,0,14,0,0,0,0,0,0,13,2,0,0,0,0,0,0,0,5,0,0,0,0,0,0,0,0,1,8
86,0,1,43,0,0,0,0,0,0,35,0,0,0,1,0,0,0,0,0,6,2,0,0,8,0,0,0,0,0,0,0,0,0,0,0,0,0,0,0,9,0,0,0,0,0,0,9,1,0,0,0,3,0,0,0,0,3,0,0,0,4,0,0,0,0,11,0,0,9,2,0,0,0,0,0,0,0,0,0,0,0,0,0,3,0,1,0,0,0,0,4,2,0,0,0,0,0,0,0,0,3,3,1,0,0,0,0,0,0,1,0,0,0,0,0,4,0,0,0,0,0,0,0,0,1,0,0,3,0,0,1,29,2,0,0,0,1,1,0,0,1,0,0,2,0,0,0,0,0,0,0,17,2,0,0,0,0,0,0,0,3,0,11,0,6,1,0,0,0,9,0,0,0,0,1,1,0,0,0,0,4,0,0,0,0,0,0,0,3,0,0,0,0,0,0,0,1,0,0,0,0,0,0,0,2,0,0,0,1,0,0,0,0,0,5,2,0,0,0,0,0,0,0,1,3,0,0,0,0,0,0,0,1,0,0,0,0,0,0,0,0,0,0,1,3,71,0,0,7,0,0,0,0,0,6,0,23,0,3,0,0,0,0,6,0,0,0,0,0,0,0,4,0,0,2,0,0,0,0,0,1,0,61,0,0,0,0,0,0,3,0,0,0,0,0,0,0,0,1,0,0,0,0,36,0,0,0,0,0,0,2,2,9,0,0,0,0,0,0,0,0,0,0,0,7,0,0,9,1,46
87,0,0,0,0,0,0,0,0,0,28,0,0,0,0,1,0,9,0,10,2,1,0,3,0,0,0,0,0,0,0,0,0,1,3,0,0,0,0,0,0,0,0,0,1,0,0,0,0,0,1,0,0,2,0,0,0,0,0,0,0,21,0,0,0,0,0,1,0,8,2,0,0,0,0,0,0,0,0,0,0,0,0,0,0,0,1,0,0,1,0,1,2,0,0,0,2,0,0,4,13,0,0,0,0,0,2,0,0,0,0,0,2,0,0,1,0,0,0,0,0,0,0,0,0,0,0,0,0,0,0,0,3,0,0,0,0,0,0,0,4,0,0,0,0,0,12,0,0,0,0,0,0,0,0,6,0,0,1,0,0,0,0,0,0,0,3,0,5,0,1,0,0,0,1,1,3,0,2,0,0,2,3,11,0,0,0,0,0,0,0,0,0,0,8,0,0,1,0,0,0,0,0,5,0,0,0,0,0,0,0,0,0,0,7,2,0,0,0,0,1,0,2,0,0,0,0,0,0,1,1,1,0,0,0,0,0,3,0,0,0,0,2,0,22,1,2,0,0,0,2,0,0,0,0,1,0,0,0,5,2,3,0,2,3,0,2,0,0,0,0,0,0,0,2,4,0,0,0,0,0,2,3,0,0,0,0,0,0,0,0,0,0,0,0,0,0,0,0,0,0,0,0,0,6,0,0,0,0,0,2,14,1,0,0,4,3,0,0,0,0,0,0,0,0,0,0,0,0,0,14
88,0,0,0,0,6,0,0,0,0,12,0,0,0,0,0,0,14,0,24,3,0,0,0,4,0,0,0,0,0,0,0,0,0,1,0,0,0,0,0,0,0,0,0,2,0,0,0,0,0,0,0,0,1,0,0,6,2,12,0,0,0,0,0,0,0,2,0,0,21,0,2,0,0,0,0,0,0,0,0,1,0,1,0,0,0,0,0,0,1,0,0,1,0,0,0,0,0,0,2,0,4,0,0,0,0,0,0,0,1,0,0,0,0,3,1,0,0,0,9,0,0,2,0,0,0,0,0,0,0,0,0,17,1,0,0,0,0,24,0,0,0,3,0,8,0,10,0,4,0,0,0,0,0,0,0,0,0,0,1,0,0,0,0,0,0,3,0,0,2,0,1,0,0,1,5,1,0,0,0,0,0,3,0,0,0,0,0,0,0,0,0,0,0,8,3,0,1,0,0,0,0,0,0,0,0,0,0,0,0,0,0,0,3,19,1,0,0,0,1,0,0,0,0,0,0,0,0,21,5,0,0,0,0,0,0,0,3,0,0,0,0,1,0,38,0,0,0,0,10,0,0,0,0,0,2,0,2,0,6,0,0,0,0,3,0,2,0,0,0,0,0,4,5,0,1,0,2,0,1,0,1,1,87,0,0,0,0,0,0,0,0,0,0,0,0,0,0,0,0,5,0,0,0,3,0,1,0,0,0,5,13,2,0,0,9,4,0,0,0,0,0,0,1,0,0,0,0,0,3,75
89,0,0,0,0,0,1,1,0,0,0,0,0,0,0,1,2,0,3,0,3,3,0,0,1,0,2,0,0,0,1,0,0,0,0,0,0,0,0,0,0,0,0,0,0,0,1,0,0,0,50,0,0,0,0,5,0,2,0,0,0,1,0,0,0,0,5,2,0,5,0,0,0,0,0,2,0,0,0,0,0,0,0,0,3,0,0,0,4,0,0,0,0,0,0,0,0,0,0,8,0,0,0,0,1,0,0,0,0,0,2,0,0,0,0,0,0,0,0,0,0,0,0,2,0,0,0,0,0,0,0,7,0,0,0,0,0,3,0,0,0,0,0,9,0,0,0,0,0,0,0,0,0,0,0,0,0,0,0,0,1,2,0,18,0,11,0,0,0,0,10,4,0,0,0,1,2,0,2,1,0,0,1,3,17,0,0,0,0,0,0,0,0,0,0,0,8,4,0,0,0,0,0,0,1,0,0,0,0,0,1,0,0,0,0,3,0,15,0,0,0,0,0,0,0,1,1,0,0,0,1,0,0,3,0,2,1,1,0,0,1,0,4,0,1,0,0,62,0,0,5,0,0,0,5,0,22,0,0,1,0,0,1,1,0,11,0,0,0,4,0,0,0,0,0,8,0,0,0,0,0,0,0,0,2,0,0,0,0,0,0,0,0,0,0,0,0,0,0,0,0,0,3,0,3,1,0,2,0,0,0,0,0,0,0,1,0,0,0,0,0,0,0,0,0,0,0,0,0,0,17
90,0,0,0,0,1,0,0,0,0,23,0,0,0,0,3,0,0,0,0,2,0,0,2,5,0,0,0,0,0,11,0,0,0,0,2,4,2,0,0,0,0,0,0,0,0,0,0,0,0,1,0,1,1,0,0,0,0,9,0,0,17,0,0,2,0,0,0,0,11,2,0,0,0,0,0,0,0,0,0,1,0,0,0,0,0,0,0,0,2,0,0,0,0,0,0,0,0,0,1,11,0,0,4,2,0,0,0,0,1,0,0,0,12,0,0,0,0,0,0,0,0,0,10,0,0,0,0,0,0,0,0,1,0,0,1,1,0,0,0,12,6,3,0,8,0,0,0,0,0,0,0,1,0,0,0,0,0,1,0,0,0,0,0,0,8,1,0,0,0,0,0,0,0,0,2,0,0,2,0,0,1,4,0,0,0,0,0,0,0,0,9,0,0,0,0,8,0,0,0,0,0,0,0,0,0,0,0,0,0,0,2,0,1,0,4,0,0,0,0,0,0,0,0,0,0,0,0,0,0,0,0,0,0,0,0,0,0,1,1,0,0,3,3,21,0,6,33,0,2,0,0,0,0,0,4,5,0,0,9,0,2,5,4,2,0,5,0,0,0,0,7,0,0,1,2,0,0,0,0,0,0,1,21,0,0,0,0,0,0,0,0,0,5,0,0,0,0,0,0,5,0,0,0,1,0,0,0,25,0,0,51,0,0,0,0,0,0,0,0,0,0,1,0,1,0,0,0,1,3,17
91,0,0,0,10,0,0,0,0,0,13,0,0,0,0,0,0,0,0,8,0,1,0,0,8,0,0,0,0,0,0,0,1,0,5,0,0,0,0,1,0,0,0,0,0,0,0,0,0,0,0,0,0,0,2,0,0,0,0,0,0,12,0,0,0,0,3,0,0,9,0,0,0,0,0,0,0,0,0,0,0,0,0,0,14,0,0,0,0,0,0,0,1,0,0,0,0,0,0,1,0,1,0,0,0,0,3,0,0,2,39,0,0,9,10,0,1,0,0,21,0,0,0,0,0,0,0,5,0,1,0,0,8,0,1,0,0,0,29,0,0,0,1,0,7,0,0,1,0,0,0,0,0,0,0,0,0,1,0,0,0,0,0,0,0,16,2,0,0,0,0,0,9,0,0,6,2,0,3,0,2,0,0,0,0,0,0,0,0,1,0,0,0,0,6,0,0,1,0,0,0,0,0,0,0,0,0,0,0,0,1,0,0,0,0,2,0,0,0,0,0,0,0,0,0,0,0,0,0,8,0,0,0,4,0,0,0,0,0,0,0,0,0,9,39,0,16,0,0,0,0,0,0,0,0,4,0,2,0,11,0,0,0,1,3,0,0,0,0,0,0,7,0,0,1,1,0,0,0,0,0,2,5,0,1,0,0,0,2,0,0,0,0,2,0,0,0,0,0,0,0,0,0,0,5,0,3,0,16,0,2,33,1,0,0,1,0,5,0,0,0,0,0,1,1,0,3,0,0,6,20
92,0,0,0,5,0,0,0,0,0,16,0,0,0,0,0,3,0,0,0,3,11,0,0,1,0,0,0,0,0,0,0,0,3,0,0,1,0,0,0,0,0,0,0,0,0,0,0,0,0,0,0,0,6,0,0,0,0,4,0,0,0,0,0,0,0,2,0,0,18,0,0,0,0,0,2,0,0,0,1,0,0,0,0,6,0,0,0,0,0,0,2,1,0,1,0,0,0,0,0,0,0,0,0,0,0,0,0,0,0,0,0,0,1,1,0,3,0,0,0,0,0,0,0,0,0,0,0,0,0,0,0,71,0,0,0,0,0,0,1,0,0,0,0,2,4,0,0,2,0,1,0,0,0,0,0,0,0,0,0,0,5,0,0,0,0,1,0,1,0,0,0,1,0,0,0,3,0,0,0,0,0,0,0,0,0,0,0,0,0,0,0,0,0,0,0,0,0,0,0,0,0,0,0,0,0,0,0,0,0,0,0,0,0,0,2,0,0,0,0,0,5,0,0,0,1,0,0,0,0,0,3,0,2,0,0,0,0,0,0,0,0,5,0,2,5,190,46,0,19,0,0,3,0,0,4,4,3,0,3,0,0,0,0,1,3,22,0,0,0,0,0,1,0,0,3,0,0,0,0,6,0,1,31,0,0,0,0,1,0,0,0,0,0,0,15,0,0,0,0,0,0,0,0,14,0,0,4,0,0,1,1,2,0,1,1,0,0,0,0,0,0,0,0,0,0,0,0,0,0,95
93,0,0,0,0,0,0,0,0,0,10,0,1,0,0,0,0,0,0,20,0,0,0,0,0,0,6,1,0,3,0,0,0,0,0,4,0,0,0,0,3,0,0,0,3,0,0,0,0,22,0,0,0,0,0,0,0,0,0,4,0,0,0,0,0,0,1,0,0,54,0,0,0,0,0,0,0,0,0,0,0,0,0,0,0,0,0,0,0,0,0,2,3,0,0,0,0,0,0,5,0,13,0,0,0,0,0,0,0,2,0,0,0,0,4,5,0,0,0,2,0,6,0,0,0,0,0,0,0,0,0,0,106,0,0,0,0,0,2,0,0,0,0,0,1,0,0,0,0,0,0,0,0,0,0,0,0,0,0,0,0,0,0,0,0,2,1,0,0,0,0,0,0,0,0,2,8,0,8,0,0,0,0,1,0,0,0,0,1,1,0,0,2,0,10,0,2,0,0,0,0,0,0,0,0,0,0,0,0,0,0,0,0,0,4,10,0,0,0,0,0,0,0,0,18,1,4,0,0,12,0,0,0,2,0,0,0,1,0,0,0,0,1,0,51,0,4,0,0,10,1,0,0,0,0,52,0,28,0,9,11,7,0,0,2,0,0,0,0,0,17,0,6,0,0,22,2,10,0,0,1,4,15,4,0,1,0,10,0,0,0,0,0,0,0,4,0,0,0,3,0,0,0,0,23,1,0,0,0,0,0,10,5,0,0,0,0,0,0,0,7,0,0,1,0,0,0,0,0,0,11
94,0,0,0,0,3,1,0,1,0,28,0,0,0,0,0,3,1,0,0,1,1,4,0,3,1,0,16,1,0,0,0,0,0,0,0,0,0,0,0,0,0,0,0,0,0,0,0,0,0,18,0,0,0,0,0,0,0,0,3,0,1,0,0,0,0,12,0,0,24,0,0,0,0,0,0,0,0,0,0,0,0,0,0,0,0,0,0,0,2,0,0,1,0,1,0,0,0,0,13,0,1,0,1,0,0,0,0,0,0,0,0,0,0,0,0,0,0,0,0,0,13,0,2,0,1,0,0,0,0,0,0,49,7,0,0,0,0,8,0,0,0,0,25,5,0,0,0,0,0,0,0,0,13,0,0,0,0,0,0,0,2,0,0,0,6,0,4,0,0,12,0,0,0,12,0,6,0,0,0,0,0,1,0,0,0,0,0,25,3,0,0,0,0,0,0,0,2,0,0,0,0,0,0,0,0,0,1,0,2,0,0,0,0,0,1,0,0,0,0,0,0,0,0,0,1,0,0,0,1,0,3,2,0,0,0,0,1,0,0,0,0,3,0,2,7,158,0,0,19,9,0,0,0,0,10,0,36,0,0,0,4,0,1,3,0,0,0,0,0,0,0,1,0,0,1,0,0,0,0,2,0,1,0,1,0,0,26,0,0,0,0,0,1,0,0,0,3,0,0,0,1,0,0,7,0,0,0,0,0,0,0,1,25,0,0,0,0,0,0,0,0,0,1,0,0,0,0,0,1,91
95,0,1,0,0,5,0,0,0,0,8,0,0,0,1,3,0,2,2,0,5,0,0,0,2,0,0,0,0,0,8,0,0,0,0,0,0,0,0,0,0,0,0,0,1,0,0,0,0,4,0,0,0,0,0,0,5,0,0,0,0,0,0,0,1,2,1,0,0,7,0,1,0,0,0,0,0,2,0,0,0,0,0,0,0,2,0,0,0,3,0,0,1,0,0,0,0,0,0,1,0,1,0,0,0,0,0,0,0,1,0,0,0,0,3,1,0,0,0,0,0,0,0,5,0,0,0,0,1,0,0,0,11,0,0,0,0,2,0,0,4,0,0,0,33,0,0,0,0,0,0,1,0,0,0,4,0,0,1,0,0,0,0,0,0,0,3,0,1,0,0,0,0,0,1,0,1,0,0,0,1,1,4,0,0,0,1,3,0,0,0,19,0,0,0,0,0,1,0,0,3,0,0,1,0,0,0,0,0,0,0,0,0,0,0,2,0,1,0,0,0,0,3,0,1,1,0,0,0,0,0,0,0,0,0,0,0,0,1,0,0,0,1,0,8,0,0,1,0,0,0,0,0,0,0,1,0,0,0,0,1,0,0,6,0,0,0,0,0,0,0,0,0,0,4,2,1,0,0,0,0,0,1,0,0,0,0,0,0,0,0,0,0,0,0,0,0,0,0,0,0,0,5,0,2,0,3,0,0,0,6,0,0,0,0,0,0,0,0,0,0,0,0,0,1,1,5,0,0,0,51
96,0,0,0,0,0,0,0,0,0,8,0,0,1,0,0,0,0,0,13,0,6,0,0,0,0,0,0,0,0,0,0,0,0,0,0,2,0,143,0,0,0,0,0,0,1,0,0,1,0,0,0,0,0,0,0,0,0,0,1,0,3,0,0,0,0,3,0,0,71,1,0,0,1,0,0,0,0,0,0,1,0,0,0,6,0,1,0,0,5,0,1,0,0,0,0,0,0,0,1,0,8,0,0,0,0,0,0,0,0,0,0,0,0,5,0,17,0,0,0,0,0,0,0,0,0,0,0,0,0,0,0,33,0,0,0,0,0,0,0,6,0,0,0,2,0,0,0,0,0,0,0,0,0,0,0,0,0,0,0,1,4,1,1,0,0,1,0,0,0,0,0,0,0,0,1,16,0,0,0,1,0,0,0,0,6,0,0,0,1,0,2,0,1,24,1,0,1,0,0,0,2,0,0,0,0,0,0,0,2,0,0,1,0,0,2,0,0,0,0,0,0,0,0,0,5,4,1,0,0,0,0,0,6,0,0,0,2,0,0,0,4,0,0,24,0,8,0,0,0,0,0,0,0,2,185,0,54,0,4,0,0,0,0,2,2,0,0,8,0,225,0,0,0,0,8,0,0,0,24,0,0,16,5,0,0,0,2,10,0,0,0,0,5,0,0,0,0,0,0,0,0,0,0,16,0,0,0,0,0,0,20,7,2,0,0,0,0,0,0,5,4,0,0,0,0,0,0,0,1,20
97,0,0,0,12,0,0,0,0,0,17,0,0,0,1,2,0,7,0,6,3,0,0,0,2,0,0,0,0,0,4,0,0,1,0,0,0,1,0,0,0,0,0,0,0,0,0,0,0,0,0,0,0,0,1,0,4,0,0,0,0,1,0,0,0,0,0,0,0,9,0,0,0,0,0,0,0,1,0,0,0,0,0,0,0,0,0,0,0,1,0,0,1,0,2,0,0,0,9,1,5,0,1,7,0,0,0,1,0,0,0,0,0,0,2,0,0,0,0,0,0,0,0,13,0,0,0,0,3,0,0,0,12,0,0,0,0,0,0,0,8,7,0,0,13,0,3,0,0,0,0,0,0,0,0,0,1,0,0,0,0,0,0,0,2,0,0,0,5,0,3,0,0,0,1,2,0,0,1,0,0,0,1,0,0,3,0,0,0,0,0,0,0,0,0,1,14,1,1,0,0,0,0,2,0,2,0,0,0,0,0,0,0,1,13,1,0,0,0,0,5,0,0,0,0,0,0,0,0,0,0,0,0,0,0,0,0,3,0,0,0,0,0,12,7,0,6,33,0,8,0,0,0,0,0,1,0,0,0,20,0,5,0,2,3,0,2,0,0,0,0,10,0,0,1,3,0,0,1,0,0,3,0,0,0,0,0,0,0,0,10,0,0,0,0,0,0,0,0,0,0,0,0,0,1,0,0,0,0,0,0,17,0,0,0,0,0,8,0,0,0,0,1,0,0,0,0,0,0,2,37
98,3,0,0,0,0,0,1,0,0,10,0,1,0,0,2,0,0,0,0,3,0,0,0,11,0,0,0,2,0,0,0,0,0,1,2,0,0,0,0,0,0,0,0,2,0,0,0,0,0,0,0,0,0,5,0,0,0,8,0,0,0,0,0,0,3,0,0,0,17,2,0,0,0,0,0,1,0,0,4,0,0,1,0,0,0,0,0,0,1,0,0,2,0,0,0,2,0,0,1,7,0,0,0,0,8,0,0,0,0,0,0,1,0,0,0,0,0,0,0,0,6,0,0,0,0,0,0,0,0,0,0,18,0,0,0,2,0,67,0,7,0,0,2,15,0,0,0,4,0,0,0,0,0,0,0,0,0,0,0,0,1,0,0,0,0,0,0,2,0,1,0,0,0,0,1,1,0,0,0,0,1,0,4,0,0,0,0,0,0,0,0,0,0,0,0,7,2,0,0,7,0,0,0,0,0,0,0,0,0,1,0,0,0,0,2,0,0,0,0,0,0,0,0,0,0,0,0,0,0,0,0,0,0,2,0,0,0,0,0,0,0,0,0,14,0,1,12,1,14,0,0,0,0,0,2,0,0,0,1,0,1,0,4,3,0,0,0,0,0,0,8,0,0,2,4,3,0,0,0,0,0,4,0,0,0,0,0,0,0,0,0,0,0,0,1,0,0,0,7,0,0,0,0,6,0,0,0,9,0,0,8,1,0,0,0,0,0,0,0,0,0,0,0,0,1,0,0,0,2,8
99,0,0,16,0,8,0,0,0,0,67,1,0,0,0,2,0,0,0,0,4,4,0,0,1,0,0,0,0,0,0,0,0,0,0,0,0,0,0,0,0,0,0,0,0,0,0,0,0,0,0,0,0,0,0,12,1,3,0,0,0,1,0,2,0,0,8,5,3,4,0,0,0,0,0,0,0,0,0,0,0,0,0,0,1,1,0,0,0,2,0,2,1,0,0,0,0,0,0,36,0,1,0,0,0,0,0,0,0,0,1,0,2,0,1,0,0,0,0,0,0,0,0,0,0,0,0,0,2,0,0,0,16,1,0,0,0,0,3,0,0,0,0,0,5,0,0,0,1,0,1,0,0,0,0,0,0,0,0,0,0,0,0,4,0,0,0,0,0,0,7,0,4,0,0,0,0,0,0,0,0,0,0,0,0,0,0,0,0,1,0,0,0,0,0,0,0,1,0,0,0,0,0,0,8,0,1,0,0,0,0,0,0,0,0,1,2,0,0,0,18,0,0,0,0,1,0,0,0,1,0,6,0,1,0,0,0,1,0,0,0,0,1,0,0,6,166,0,0,9,0,0,0,0,0,4,15,0,0,1,0,0,0,0,1,0,0,0,0,0,0,0,2,0,0,3,0,0,0,0,0,0,1,2,0,0,0,17,0,0,0,0,1,0,0,8,1,0,0,0,0,0,0,0,21,0,0,0,0,0,1,4,3,11,0,0,0,0,0,0,0,0,0,0,4,0,2,0,0,0,0
100,0,0,0,0,0,0,10,0,0,11,0,0,1,0,0,0,55,0,0,2,7,0,0,2,0,0,0,0,0,0,0,0,0,0,0,0,0,0,0,0,0,2,1,0,0,0,10,0,23,0,0,0,0,0,0,0,1,0,0,0,0,2,0,0,0,1,0,0,16,0,0,0,0,0,0,6,0,13,0,0,0,0,0,0,0,0,0,0,5,0,2,4,0,0,0,0,0,0,2,0,7,0,0,0,0,0,0,0,8,0,0,0,0,3,0,7,0,0,0,0,0,0,0,0,0,0,0,0,0,0,0,71,0,0,0,0,0,0,0,18,0,0,1,1,0,0,0,0,0,0,0,0,0,0,0,0,0,0,0,1,1,1,1,0,0,2,0,0,0,1,0,0,0,4,1,21,0,8,0,2,24,0,12,1,0,0,0,0,1,0,0,0,0,0,0,1,0,0,0,1,1,0,0,0,0,0,0,0,0,0,0,0,0,0,22,0,0,0,0,0,0,0,0,0,2,0,0,0,3,0,0,0,5,0,0,0,0,0,3,1,3,0,0,46,0,18,1,0,0,0,0,0,0,4,86,0,80,0,11,0,0,0,0,8,4,0,0,7,0,0,0,2,0,0,14,0,0,0,0,0,2,11,1,0,0,0,5,8,0,0,0,0,0,0,0,0,0,0,0,0,0,0,0,10,0,0,0,0,0,0,18,9,23,0,1,0,0,0,0,0,2,0,0,0,0,0,0,0,0,5
101,0,0,0,0,0,0,0,0,0,10,0,1,0,0,1,2,0,0,0,2,4,3,0,0,0,2,0,0,0,1,0,31,2,0,0,0,0,0,0,5,0,0,0,0,0,0,0,0,1,11,0,0,1,0,0,0,0,0,0,4,1,3,0,0,0,1,0,0,0,2,0,0,1,0,0,0,0,0,4,0,0,0,0,0,0,0,0,0,4,0,4,2,0,0,0,0,0,0,11,0,1,0,0,0,0,0,0,0,0,0,0,1,1,0,0,5,0,0,0,0,3,0,0,0,0,0,0,0,0,0,0,62,0,0,0,0,0,0,3,0,0,0,0,1,0,0,0,0,0,0,2,0,0,0,0,0,0,1,0,0,0,0,2,0,0,1,0,2,0,8,0,2,0,15,1,1,1,0,0,0,0,3,0,3,0,0,0,15,1,0,0,0,0,2,0,0,0,22,0,0,0,0,1,0,0,0,0,0,2,0,0,0,0,0,2,0,4,0,0,0,0,0,0,0,1,0,0,0,0,0,0,0,0,0,0,2,0,0,0,0,0,6,0,2,0,3,8,0,10,2,0,0,0,0,1,0,0,0,2,0,7,0,0,1,0,4,0,0,0,0,0,2,1,7,4,0,0,0,0,0,0,0,0,0,0,0,9,0,2,4,0,0,0,0,0,0,2,0,0,0,0,0,0,6,0,0,0,0,0,0,0,2,0,0,0,0,0,0,0,0,0,0,0,0,0,0,0,0,0,61
102,0,0,0,0,0,0,1,0,0,52,0,0,0,0,1,1,2,0,0,3,0,2,0,0,0,0,0,0,0,1,0,0,3,3,0,1,0,0,0,0,0,0,0,0,0,0,0,0,0,0,0,0,0,0,8,0,0,0,0,0,2,1,0,0,0,0,0,0,2,0,0,0,0,0,0,0,0,0,0,0,0,0,0,0,0,0,0,0,5,0,0,1,0,0,0,0,0,0,23,0,0,0,0,0,0,0,0,0,0,0,0,1,0,1,7,0,0,0,0,0,0,0,0,0,1,0,0,0,0,0,0,97,0,0,0,0,1,0,0,0,0,0,2,3,0,0,1,4,0,0,3,0,0,0,2,1,0,0,0,0,3,0,3,0,0,0,0,3,0,15,0,0,0,33,1,3,0,0,0,0,0,1,0,0,0,0,0,0,0,0,0,4,0,0,0,2,1,0,0,0,0,0,1,0,0,0,0,0,0,0,0,0,0,0,1,0,2,0,0,0,0,0,0,0,1,0,0,0,0,0,0,0,0,0,0,0,0,0,0,0,0,15,0,1,0,15,11,3,0,0,0,0,0,0,7,0,0,0,1,1,0,0,1,4,0,0,0,0,0,4,0,0,0,3,5,0,1,1,0,0,1,0,0,0,0,0,25,0,0,0,0,0,0,1,0,0,0,0,0,0,0,2,0,19,0,0,0,0,0,0,0,1,0,0,0,0,0,0,2,0,0,0,0,0,0,0,0,0,3,18
103,0,0,0,2,3,0,0,0,0,11,0,0,0,3,0,0,0,0,0,0,0,0,0,0,0,0,0,0,0,0,0,0,0,0,0,0,2,0,0,0,0,0,0,0,0,2,0,3,0,1,0,0,0,0,14,0,0,0,0,0,11,0,0,0,0,1,6,0,0,2,0,0,0,0,0,0,1,0,2,2,0,0,0,0,1,1,0,0,0,0,0,0,0,0,0,0,0,0,0,10,0,0,0,2,0,0,2,0,1,0,0,0,0,16,0,0,0,0,0,0,0,0,0,0,0,0,14,0,0,0,0,0,0,0,0,1,7,37,0,0,0,0,0,0,0,0,0,0,0,0,0,0,0,0,0,0,0,0,0,0,1,0,1,0,31,4,0,0,1,1,0,0,0,0,2,0,0,1,5,2,0,0,0,0,0,0,0,0,0,0,0,0,0,0,0,17,0,0,0,0,0,0,0,0,0,0,0,0,0,1,0,0,5,11,4,0,0,0,0,0,1,2,0,1,0,4,0,0,3,2,0,0,11,0,0,0,5,0,0,0,0,3,0,24,0,0,30,0,11,0,0,0,0,2,0,0,0,0,0,0,0,0,1,0,0,0,0,0,0,0,0,0,7,0,4,0,0,0,0,0,0,0,0,0,0,0,0,0,0,0,1,0,0,0,0,0,0,0,0,0,0,0,0,3,0,6,1,0,0,1,31,0,1,0,11,0,8,0,0,0,0,0,0,0,0,26,0,1,0,23
104,0,1,0,0,0,0,0,0,0,11,0,0,1,0,9,0,0,0,0,0,0,0,0,0,0,0,0,0,0,1,0,0,0,0,0,0,0,28,0,0,0,0,0,0,0,0,0,0,10,1,0,0,0,0,0,0,2,0,0,1,2,0,0,0,0,0,0,1,65,0,0,0,0,0,0,0,0,0,0,0,0,0,0,0,0,0,0,0,26,0,2,8,0,0,0,0,0,0,2,3,0,0,0,0,0,0,0,0,0,0,0,0,0,2,0,0,0,0,0,0,0,0,4,0,0,0,0,0,0,2,0,47,0,0,0,0,0,0,0,6,0,0,0,2,0,0,0,0,1,0,0,7,0,2,0,0,0,0,0,0,2,0,2,0,0,1,0,0,0,1,0,0,0,16,0,18,0,0,0,0,0,0,0,0,0,0,0,0,0,0,0,0,0,0,1,0,0,3,0,0,0,0,0,0,0,0,0,0,0,0,0,0,0,0,1,0,0,0,3,1,0,0,7,0,4,0,0,0,0,0,0,0,0,0,0,0,2,0,0,0,0,6,10,38,0,12,0,0,4,0,0,0,0,0,18,0,17,0,12,0,0,0,1,3,0,0,0,0,0,0,0,0,2,1,29,0,0,0,0,0,0,0,0,0,3,0,2,2,0,0,0,1,0,0,0,0,0,0,11,0,0,0,0,7,0,0,0,0,0,0,9,3,0,0,0,0,0,0,0,0,0,0,0,0,0,0,4,0,1,5
105,0,0,0,0,25,5,0,0,0,12,1,0,0,0,0,0,2,2,0,0,1,0,0,0,0,6,0,0,3,1,0,41,0,0,0,0,5,0,0,0,0,3,0,4,4,1,6,0,0,23,0,0,0,0,0,0,1,0,0,0,6,0,0,0,0,6,4,0,14,0,0,0,1,0,2,0,0,0,0,0,0,0,0,0,0,0,2,0,0,0,0,3,1,0,0,0,0,0,4,2,0,0,0,1,0,0,0,0,0,1,0,0,0,0,0,0,0,0,0,0,0,0,0,0,0,3,0,0,0,1,1,0,0,0,0,0,2,2,0,2,1,0,8,0,0,0,0,0,3,1,0,0,0,1,0,0,0,1,0,1,1,0,23,0,0,1,0,1,0,23,2,0,0,0,0,1,1,1,0,0,0,0,0,0,0,0,0,0,0,0,0,0,0,0,0,14,0,0,0,0,0,0,0,10,0,0,0,0,0,2,0,0,0,10,2,0,0,8,0,0,0,0,0,1,3,0,2,14,0,0,0,0,2,0,11,0,0,0,2,0,0,0,3,1,0,0,12,0,9,0,0,0,0,3,0,12,0,0,0,0,19,0,1,0,4,0,0,0,4,0,0,5,6,0,0,0,0,0,0,0,0,0,0,1,0,0,0,0,0,2,0,0,0,0,0,0,0,0,0,0,0,0,1,1,1,0,9,0,0,0,2,0,0,0,2,2,2,0,0,0,1,0,0,0,0,0,0,0,1,34
106,0,0,0,0,0,2,0,0,0,0,0,0,0,0,0,0,0,0,3,0,0,0,0,0,0,6,0,0,0,0,0,38,0,0,0,0,12,0,0,0,0,0,1,0,1,1,0,0,0,9,0,0,0,1,42,0,0,0,0,0,0,0,0,0,0,2,1,0,6,0,4,0,0,0,0,0,0,0,10,4,0,0,1,0,0,1,0,0,0,0,0,3,0,0,0,0,0,0,0,14,6,0,0,0,0,0,0,0,0,0,0,0,7,4,0,0,0,0,0,0,0,0,0,0,0,0,0,0,0,0,0,0,0,3,0,0,0,0,0,0,0,1,4,0,0,0,0,0,0,0,0,0,1,0,0,0,0,3,0,0,5,0,7,0,0,2,0,0,0,0,0,0,0,15,0,4,0,32,1,1,0,0,0,0,21,0,0,0,0,0,4,0,0,0,0,2,0,0,0,0,0,0,0,1,0,0,0,0,0,1,0,0,0,0,22,3,0,0,0,0,0,0,4,11,3,7,0,4,0,5,0,0,3,0,2,0,2,0,0,0,0,0,0,33,0,2,0,0,2,0,0,0,0,7,0,1,0,0,0,0,0,0,1,0,11,0,0,26,0,0,0,0,3,1,13,0,0,0,0,1,3,0,0,0,0,0,0,0,0,0,0,0,5,0,0,0,0,0,0,0,0,0,0,3,0,0,0,23,0,0,50,0,0,0,6,0,0,0,0,0,3,2,0,0,0,1,0,0,0,7
107,0,0,0,0,0,0,0,0,0,8,0,0,1,0,0,0,0,0,18,0,2,0,0,0,0,20,0,0,0,0,0,0,0,0,0,0,0,0,0,0,0,5,0,0,0,0,0,2,0,0,0,0,0,0,0,2,2,0,0,0,0,0,0,0,0,2,0,0,24,0,0,0,0,0,0,0,0,0,0,0,0,0,0,15,0,0,0,0,0,0,2,3,0,0,0,0,0,0,1,0,16,0,0,0,0,0,0,0,4,0,0,0,0,3,0,5,0,0,15,0,0,0,4,0,0,0,0,0,0,2,0,2,9,0,2,0,0,1,0,0,0,2,0,2,1,0,0,0,0,0,0,0,0,0,0,0,0,0,0,0,1,0,3,0,0,1,0,0,0,0,0,0,0,0,1,39,0,0,0,2,0,0,0,0,10,0,0,0,1,0,0,0,1,0,1,0,0,1,0,0,0,0,0,0,0,0,0,0,0,0,0,0,0,0,18,0,0,0,0,0,0,0,0,6,1,0,6,0,4,0,0,0,0,0,0,0,3,0,0,0,0,2,0,15,0,18,0,0,13,1,1,0,0,0,46,0,8,0,3,0,0,0,0,2,0,0,0,0,0,0,0,5,0,0,55,0,4,0,0,0,6,8,2,0,0,0,2,15,0,0,3,0,0,0,0,0,0,0,0,0,0,0,0,12,0,0,0,0,0,0,41,5,7,0,1,1,2,0,0,0,0,3,0,0,1,0,0,0,0,2
108,0,0,1,0,0,2,0,0,1,9,0,0,0,0,0,0,0,0,0,2,0,0,0,1,0,0,4,0,0,0,0,0,0,0,0,1,0,0,0,0,1,0,0,0,0,0,5,0,0,4,0,0,1,0,0,0,1,2,0,0,0,9,4,0,1,3,0,0,27,0,0,0,0,0,0,0,0,6,5,0,0,0,0,4,0,0,5,0,3,0,1,5,2,0,0,0,0,0,4,0,4,0,0,0,0,0,0,0,5,33,0,0,0,3,0,0,0,0,0,5,0,0,0,0,0,0,1,0,0,0,0,45,19,0,0,0,0,7,0,0,0,12,0,2,1,0,0,0,0,0,0,0,0,2,0,0,0,0,0,0,3,0,4,0,0,1,0,0,0,1,0,0,0,0,0,15,0,9,0,1,0,0,0,0,0,0,0,0,0,2,1,0,0,0,0,0,0,0,0,0,0,1,0,0,0,0,0,0,1,0,0,0,0,0,15,0,0,0,0,0,0,0,0,0,3,0,1,0,3,0,0,0,2,0,0,0,3,0,0,1,0,0,0,17,0,10,0,0,4,0,0,0,0,0,62,0,30,0,0,0,0,0,0,4,0,0,0,0,0,0,0,1,0,0,24,0,0,0,0,0,0,3,1,0,0,0,1,6,0,2,0,2,0,0,0,9,0,0,6,1,0,0,0,10,0,0,0,0,0,0,0,9,6,0,1,2,0,0,0,0,0,0,0,0,0,0,0,0,0,7
109,0,0,0,12,0,0,0,10,0,7,0,0,0,0,2,0,0,0,0,0,0,0,0,16,0,0,0,0,0,0,0,0,0,0,0,0,0,0,0,0,0,0,0,0,0,0,0,0,0,0,0,0,0,0,0,3,1,0,0,0,0,0,0,0,0,2,6,1,7,0,0,0,0,0,0,0,0,0,4,0,0,1,0,0,0,0,0,0,0,0,0,2,0,0,0,0,0,0,1,3,1,0,11,0,0,0,0,0,1,0,0,0,0,10,0,0,0,0,16,0,0,0,0,0,0,0,0,0,0,0,0,9,0,0,0,1,0,0,0,3,0,0,0,12,0,0,0,0,0,0,2,0,0,0,0,0,0,0,0,0,1,0,0,0,0,1,0,0,0,0,3,0,0,0,3,1,0,0,0,0,1,0,0,0,0,0,0,0,0,0,0,0,0,0,2,0,0,0,0,4,0,0,2,0,0,0,0,0,0,0,0,0,0,0,0,0,1,0,0,0,0,0,0,0,0,0,0,0,3,0,0,0,0,0,0,0,5,0,0,0,0,2,0,50,0,8,0,0,6,1,0,0,0,2,4,0,2,0,5,0,0,0,2,0,0,0,0,0,0,0,0,4,0,0,1,0,0,0,2,0,0,4,59,0,0,0,1,0,0,0,0,0,0,0,0,0,0,0,0,0,0,0,0,5,0,0,0,0,0,0,8,1,0,0,6,0,11,0,0,0,1,0,0,0,1,0,0,0,0,15
110,0,0,0,0,0,0,0,4,0,21,0,0,0,0,0,1,0,0,0,1,1,0,0,3,0,0,0,2,0,0,0,0,0,0,0,0,0,3,0,0,0,0,0,2,0,0,0,0,2,0,0,0,0,0,0,0,2,0,0,0,0,0,0,0,0,3,6,0,8,0,0,0,0,0,0,0,0,1,0,0,0,0,0,18,0,1,1,0,1,0,1,1,0,0,0,0,0,0,2,0,3,1,7,1,0,0,0,0,1,0,0,0,11,16,0,0,0,0,0,0,0,0,0,0,1,0,0,0,0,0,0,12,1,0,0,1,0,23,1,15,0,0,0,16,0,0,0,0,0,0,0,0,0,0,0,0,0,0,0,0,2,0,0,0,0,2,1,0,3,1,0,0,0,0,3,1,0,0,0,5,1,0,0,0,6,0,1,6,1,1,0,0,0,0,0,0,1,0,0,9,0,0,0,0,0,0,2,0,1,0,0,0,0,6,3,0,0,2,0,0,0,0,0,0,1,0,0,0,0,0,1,0,0,0,0,0,0,0,0,0,0,0,0,31,4,8,0,0,8,0,0,0,0,0,0,0,0,0,3,0,0,7,0,2,0,0,0,0,0,0,0,0,0,0,1,0,1,0,1,0,1,3,66,0,0,0,0,0,0,4,0,0,0,0,0,0,0,0,4,0,0,0,0,3,0,0,0,0,0,3,0,1,2,0,1,4,0,0,1,0,0,0,1,0,0,0,0,0,0,41
111,0,1,0,0,0,1,0,0,4,41,0,0,0,0,0,0,0,0,0,4,0,3,0,1,0,0,0,0,0,0,0,0,0,1,52,0,0,0,0,0,1,2,0,0,0,0,0,0,0,0,0,0,0,0,0,0,0,0,0,0,1,0,0,0,0,1,0,0,15,0,0,0,0,0,0,0,0,0,0,0,0,0,0,0,0,0,0,0,1,0,13,2,0,0,0,0,0,0,34,1,0,0,0,0,0,0,0,0,0,0,0,5,0,0,0,0,0,0,0,0,0,0,0,0,0,1,0,0,0,0,0,62,0,0,0,0,2,0,0,0,0,0,0,12,0,0,0,0,0,0,5,0,0,0,0,2,0,2,0,0,3,0,9,0,0,1,0,5,0,11,0,0,0,3,0,2,1,0,0,0,0,1,0,0,0,0,0,14,1,0,0,0,0,0,0,3,4,0,0,0,0,0,0,0,0,0,0,0,0,0,0,0,0,10,1,0,0,0,0,6,0,0,0,1,0,0,0,0,0,0,0,0,0,0,6,0,0,0,2,0,0,11,0,1,0,86,18,0,22,4,0,0,0,0,3,0,0,0,1,1,7,0,2,1,6,10,0,0,0,0,1,0,0,21,3,0,0,0,0,0,0,0,0,0,6,0,0,0,0,0,0,0,1,0,0,5,1,0,0,0,0,0,0,12,0,0,2,0,0,0,1,0,0,0,0,0,0,0,0,0,0,0,0,0,7,0,0,5,1,21
112,0,0,0,0,0,1,0,0,0,5,0,0,2,0,2,0,0,2,12,2,0,0,0,1,0,0,0,0,0,0,0,0,0,0,0,0,0,0,0,0,1,0,0,0,0,0,0,0,7,0,0,0,0,0,0,0,0,0,0,0,1,0,0,0,0,1,0,0,17,0,1,0,0,0,0,0,0,0,4,0,0,0,0,2,0,0,0,3,0,0,1,3,1,0,0,0,0,0,1,0,0,0,0,0,0,0,0,0,3,0,0,0,0,5,0,19,0,0,22,0,0,0,0,0,0,0,3,0,0,0,0,53,24,0,0,0,0,6,0,4,0,0,0,2,0,0,0,0,0,0,0,0,0,0,0,0,0,0,0,0,3,0,1,0,0,0,0,0,0,0,0,1,0,0,0,21,0,0,0,1,0,0,0,0,0,0,0,0,0,0,1,0,2,9,0,0,0,0,0,0,0,0,0,0,0,0,0,0,0,0,0,0,1,0,27,0,0,0,0,0,0,0,0,0,2,0,0,0,6,6,0,0,4,0,0,0,0,0,0,0,0,5,0,28,0,12,0,0,7,0,0,0,0,22,6,0,12,0,5,0,0,0,0,2,10,0,0,0,0,0,0,1,0,0,10,2,0,0,0,1,3,12,1,0,0,0,4,13,1,0,0,0,0,0,0,0,0,0,0,0,0,0,0,24,0,2,0,0,0,0,49,1,0,0,0,0,0,0,0,0,4,3,1,0,0,1,0,0,0,11
113,0,1,11,0,0,0,0,0,0,14,0,0,0,0,1,0,0,0,0,5,0,0,0,0,0,0,0,0,0,0,0,0,0,16,64,0,0,0,0,0,0,0,0,0,0,0,0,0,0,6,0,0,0,0,2,0,0,0,0,0,1,1,0,4,0,4,0,2,13,0,6,1,0,3,0,0,0,0,0,0,0,0,0,0,4,1,0,0,3,0,0,4,0,0,0,0,0,0,13,0,0,0,0,0,0,0,0,0,0,0,0,0,0,0,0,0,0,0,0,0,0,0,0,0,0,0,0,0,0,0,0,43,0,0,0,0,0,4,0,2,0,0,0,0,3,0,0,0,1,0,1,0,0,0,1,0,0,5,0,0,5,0,3,0,0,1,0,5,0,33,0,0,0,8,0,2,0,0,0,0,1,2,4,0,0,0,0,0,0,0,0,0,0,0,1,0,2,0,0,0,0,0,0,4,0,0,0,0,0,0,0,0,1,0,1,0,9,0,0,0,0,0,0,0,0,0,3,0,0,0,0,0,0,0,0,0,0,0,0,0,0,1,0,0,11,49,0,0,8,0,0,0,0,0,1,0,0,0,4,0,0,0,3,1,4,0,0,0,0,0,0,0,2,3,5,0,0,0,0,1,0,0,0,0,0,0,1,0,0,0,0,0,0,0,0,0,0,0,3,0,0,0,0,3,0,0,0,0,0,0,1,1,0,0,0,0,0,0,0,0,0,0,0,0,0,0,0,0,1,38
114,0,0,0,0,0,0,0,0,0,2,0,0,0,0,1,0,0,0,0,2,1,3,0,2,0,0,0,2,0,2,0,0,1,3,0,2,0,0,0,0,0,0,0,0,0,0,1,1,0,0,0,0,0,4,0,0,0,0,0,0,0,0,0,0,0,0,0,0,2,0,2,0,0,0,0,0,0,0,0,0,0,0,1,0,0,1,0,0,3,0,0,1,0,0,0,0,0,0,3,3,4,0,0,0,8,0,0,0,1,0,0,0,0,1,0,0,0,0,0,0,0,0,0,0,0,0,16,1,0,0,0,23,0,0,0,0,0,0,0,26,5,0,0,49,0,0,0,0,0,0,2,2,0,0,0,0,0,1,0,0,0,0,0,0,0,1,0,2,0,0,0,0,0,2,2,0,0,0,0,0,4,0,0,0,0,0,0,0,0,0,0,0,0,0,2,0,0,0,0,0,0,0,0,0,0,0,0,0,0,0,0,0,0,0,1,0,0,0,0,0,0,0,0,0,0,0,0,0,0,0,0,0,0,0,0,0,6,0,0,0,0,5,0,19,0,3,0,0,8,0,0,0,0,0,0,0,0,0,0,0,2,0,6,7,0,3,0,0,2,0,0,0,0,2,1,0,0,0,0,0,2,1,0,0,0,0,1,0,0,8,0,0,5,0,0,0,0,0,0,0,0,0,0,4,0,0,0,0,0,3,14,0,0,0,0,0,0,0,0,0,0,0,0,0,0,0,0,0,0,24
115,0,0,0,0,6,0,0,0,0,6,0,0,0,0,1,0,2,0,0,9,0,0,0,0,0,0,0,0,0,0,0,8,0,18,0,0,0,0,0,0,0,1,1,0,0,0,0,0,0,0,0,0,0,0,0,0,0,0,0,0,0,0,0,0,0,0,0,0,3,0,0,0,1,2,0,0,0,0,0,0,0,0,0,0,2,0,0,0,3,0,0,1,1,0,0,0,0,0,48,0,0,0,1,0,0,0,0,0,0,0,0,1,0,0,0,0,0,0,0,0,0,0,0,0,0,0,0,1,0,0,0,31,0,0,0,0,3,0,1,2,0,0,0,1,0,0,0,4,1,0,0,0,0,0,0,0,0,2,0,0,1,0,0,0,0,0,6,0,0,1,0,0,0,33,0,1,0,0,0,0,2,0,0,0,0,0,0,8,0,0,0,0,0,0,0,3,0,13,0,0,0,0,0,0,0,0,0,0,0,0,0,0,0,0,4,1,0,0,0,0,0,0,0,0,2,0,0,0,0,0,0,0,0,0,0,0,0,0,0,0,0,4,0,0,0,125,0,0,36,0,0,0,0,0,5,14,0,0,1,0,8,0,2,1,0,0,0,0,0,0,0,0,0,6,1,0,0,0,0,3,0,0,0,0,0,0,1,0,0,0,0,0,0,0,6,0,0,0,0,1,0,0,0,7,0,1,4,0,0,0,1,1,0,0,0,0,1,0,0,0,0,0,0,0,0,0,0,0,1,17
116,0,0,0,0,0,0,0,0,0,8,0,0,0,2,1,0,0,1,0,0,0,0,1,2,0,0,0,0,0,2,0,0,0,1,0,0,0,0,0,0,0,0,0,0,0,1,0,0,0,0,1,0,0,0,0,0,0,0,0,0,0,0,0,0,2,1,0,0,4,0,0,0,0,0,0,1,0,0,0,0,0,0,0,0,0,2,0,0,1,3,1,0,1,0,0,0,0,0,0,13,0,0,0,2,0,0,0,0,0,0,0,1,0,10,0,0,0,0,0,0,0,0,0,0,0,0,0,0,1,0,0,14,0,0,0,0,0,0,0,3,0,0,0,10,0,0,0,0,0,0,3,0,0,0,0,0,0,1,0,0,1,0,0,0,0,1,1,2,0,2,0,0,0,3,6,0,0,0,0,2,0,2,0,0,0,1,0,0,0,0,13,0,1,0,1,9,0,0,0,0,0,0,0,1,0,1,0,0,0,0,0,2,0,0,3,0,0,0,0,0,0,0,0,0,0,0,0,2,0,0,0,0,0,1,0,0,0,0,0,0,0,2,0,30,0,6,0,0,3,0,0,0,0,2,1,4,1,0,8,0,3,0,13,7,0,6,0,0,0,0,10,5,0,0,4,0,0,0,0,0,0,1,106,0,0,0,0,0,0,0,0,0,0,0,0,0,0,0,0,0,0,0,0,6,0,0,0,0,0,3,0,1,0,0,0,0,0,0,0,0,0,0,0,2,0,0,0,0,3,80
117,0,0,0,0,0,1,0,0,0,9,0,1,0,0,0,1,7,0,0,0,1,0,2,0,10,0,0,0,0,15,0,0,0,0,0,0,0,0,0,0,0,0,2,2,0,1,1,0,0,0,0,1,0,0,0,0,1,0,0,0,3,0,0,0,3,0,0,0,4,0,2,0,0,0,0,0,0,0,4,0,0,0,0,0,0,0,0,0,0,0,0,2,1,0,0,1,0,0,0,22,1,0,10,15,0,0,2,0,4,11,0,0,0,2,0,0,0,0,18,0,0,0,0,0,0,0,5,0,0,24,0,0,0,0,0,1,1,0,0,0,0,0,0,20,0,0,0,4,0,0,0,0,0,0,4,2,0,0,0,0,1,0,1,0,0,1,0,0,0,0,0,0,0,0,2,1,0,2,8,8,0,0,0,0,0,0,0,0,0,0,0,0,0,0,0,39,0,0,0,3,0,0,0,1,0,0,0,0,0,1,0,0,0,0,1,0,0,0,0,0,0,0,0,1,0,9,0,0,0,1,1,0,14,5,0,1,9,0,1,0,0,0,0,37,0,0,22,0,0,5,0,0,0,6,0,4,0,0,0,0,0,0,2,0,0,0,0,2,0,0,10,0,7,0,0,0,0,0,0,0,1,0,0,0,0,0,0,0,0,0,0,0,0,0,0,15,0,0,0,0,0,0,0,3,0,0,0,0,0,0,17,0,0,9,23,0,0,0,0,0,1,4,0,0,0,18,0,0,1,19
118,0,0,0,24,0,0,1,0,0,22,0,0,0,0,0,2,0,0,0,6,0,0,0,3,0,0,0,0,0,0,0,0,1,5,0,0,0,0,0,0,0,0,0,0,0,0,0,0,1,0,0,0,0,0,4,0,0,0,0,0,1,0,0,0,0,3,1,0,5,0,0,0,0,0,0,0,0,0,2,0,0,0,0,0,2,0,2,0,3,0,7,2,0,0,0,0,0,0,14,1,0,0,0,0,0,0,0,0,0,0,0,0,0,0,0,0,0,0,1,0,0,0,0,0,0,0,0,0,0,3,0,6,0,0,1,0,0,2,0,3,0,0,0,0,0,0,0,0,0,3,4,0,0,0,0,0,0,8,0,0,0,0,6,0,0,2,4,4,0,24,0,0,0,7,0,6,0,0,0,0,0,0,2,0,0,0,0,0,1,0,0,6,0,0,0,0,0,0,0,0,0,0,0,0,0,0,0,0,0,0,0,0,0,0,2,0,0,7,0,0,0,0,0,0,1,0,0,0,0,0,3,0,0,0,0,0,0,0,0,0,0,1,1,2,0,66,11,4,0,0,0,0,0,0,6,0,0,0,0,3,17,0,3,2,0,2,0,0,0,2,0,0,0,0,7,0,0,0,0,0,0,0,0,0,0,0,0,0,1,3,0,0,0,0,0,0,0,0,0,0,0,5,0,10,0,0,0,0,0,0,0,1,0,0,0,0,0,0,4,0,0,0,0,0,0,0,0,0,1,53
119,0,1,0,0,0,0,0,0,0,13,0,0,0,0,0,0,0,5,0,9,0,0,0,0,1,0,0,0,0,0,0,0,1,0,0,0,0,4,0,5,0,0,0,1,5,0,0,0,0,5,0,0,6,0,0,0,0,3,0,0,2,0,0,0,0,1,1,0,8,0,0,0,0,3,0,0,0,0,0,0,0,0,0,0,0,0,0,4,2,0,5,3,0,0,0,0,0,0,14,0,2,0,0,0,0,0,0,0,0,0,0,0,0,0,0,2,0,0,2,0,0,0,0,0,0,0,0,0,0,0,0,12,0,0,0,1,0,3,0,2,1,0,0,2,0,0,0,0,1,0,0,0,0,0,0,3,0,0,0,0,4,0,0,0,0,2,3,0,0,28,1,0,0,0,0,2,1,0,0,0,0,0,0,0,0,0,0,0,2,0,0,0,0,4,0,0,0,0,0,0,0,0,0,0,0,0,0,0,0,0,0,0,0,0,3,0,0,7,0,0,0,0,0,0,0,0,0,0,0,0,1,0,0,0,0,0,0,0,3,0,0,5,0,3,0,27,0,0,0,0,0,0,0,10,12,12,0,0,0,0,8,0,6,1,0,3,0,25,0,0,0,0,0,11,0,3,0,1,0,0,0,0,0,0,0,0,0,0,0,0,0,0,1,0,0,0,0,0,0,0,0,0,0,18,0,0,0,0,0,1,0,1,0,0,0,0,0,0,1,0,0,0,0,2,6,0,0,0,1,50
120,0,0,0,0,0,0,0,0,0,16,0,0,1,0,0,0,0,1,0,1,1,0,0,0,0,0,0,0,0,0,0,0,0,0,3,0,6,51,0,0,0,1,0,0,0,0,0,1,17,0,0,1,0,1,0,4,1,0,0,0,1,0,4,0,0,1,0,0,11,0,2,0,0,0,0,0,0,7,0,0,0,0,0,0,0,0,0,0,2,0,0,3,2,0,0,0,0,0,3,1,12,0,0,0,0,0,1,0,0,0,0,0,4,0,0,0,0,0,0,0,0,0,3,0,0,4,2,0,0,1,0,63,9,0,0,0,0,5,0,0,1,3,0,0,0,2,0,0,0,0,0,0,0,0,4,0,0,3,0,0,0,1,3,0,0,0,0,0,0,0,0,1,0,0,0,28,0,0,0,1,0,0,0,0,0,0,0,0,1,0,0,0,0,0,1,0,0,0,0,0,0,0,0,0,0,0,0,0,0,0,0,1,0,0,14,0,0,1,9,1,0,0,0,0,1,0,1,0,17,0,0,0,5,0,5,0,2,0,0,0,0,2,13,30,0,11,1,0,2,0,0,0,0,0,56,0,0,0,21,0,0,0,0,2,12,0,0,0,0,0,0,0,0,0,11,0,0,0,4,0,0,4,1,0,0,0,9,0,1,0,0,2,0,0,0,0,0,0,0,0,0,0,0,22,0,0,0,0,0,0,5,7,9,0,1,0,0,0,0,0,15,0,0,2,0,0,0,0,0,17
121,0,0,0,0,0,0,0,0,0,0,0,0,0,0,0,0,0,0,15,0,0,0,0,0,0,0,0,0,0,0,0,0,0,1,0,2,7,1,0,0,0,0,0,0,0,1,0,0,0,0,0,0,0,0,0,5,0,0,0,0,33,0,0,0,2,1,10,0,3,0,0,0,0,0,0,0,3,0,0,2,0,0,0,0,0,0,0,0,0,0,0,1,0,2,0,0,0,0,0,5,2,0,0,2,11,0,0,0,0,5,0,0,0,5,2,0,0,0,0,0,0,0,0,0,0,0,0,0,0,16,0,2,0,0,0,3,20,0,0,0,0,2,0,0,0,0,0,0,0,0,5,0,0,0,0,1,0,0,0,0,0,0,1,0,32,2,0,0,0,0,0,0,0,0,4,0,0,0,6,1,0,0,0,0,0,0,0,0,0,1,0,0,0,0,0,7,0,0,0,0,0,0,2,0,0,0,0,0,0,1,0,2,0,0,2,0,0,0,0,0,0,1,0,0,0,14,0,0,2,1,1,0,2,0,0,0,0,0,0,0,0,0,0,15,0,0,26,1,1,0,0,0,0,2,0,0,0,0,0,0,0,0,1,0,0,0,0,0,0,0,0,0,3,0,4,0,0,0,0,0,2,2,0,1,0,0,0,0,0,0,1,0,0,0,0,15,0,0,0,0,0,3,0,3,0,0,0,0,0,1,80,0,0,0,16,0,0,0,0,0,0,0,0,0,0,0,0,0,0,24
122,0,1,0,0,0,0,0,9,0,17,0,0,0,1,0,0,3,1,1,0,0,0,0,0,0,0,0,0,0,7,0,0,0,0,0,0,0,4,0,0,0,0,0,0,0,1,0,0,3,0,0,0,0,0,0,0,0,0,0,0,8,0,0,0,0,0,2,1,2,0,0,0,0,0,0,0,0,0,0,1,0,0,0,9,0,0,0,0,0,0,0,1,0,0,0,0,2,0,0,17,0,1,0,2,0,0,0,0,0,25,0,0,12,2,0,0,0,0,0,0,4,0,0,0,0,0,0,0,0,11,0,1,0,0,0,0,0,0,0,6,0,0,0,0,0,11,0,0,0,0,0,0,0,0,0,0,0,0,0,0,0,0,1,0,0,0,0,0,2,1,2,0,0,0,3,1,0,3,11,2,0,4,0,0,0,0,0,0,0,0,0,1,0,0,0,21,0,0,1,0,0,0,0,2,0,0,1,0,0,2,0,0,0,0,1,1,0,1,0,0,0,0,0,2,0,0,1,8,0,1,1,0,5,0,0,0,0,0,0,0,0,0,0,9,0,0,25,0,0,0,0,0,0,4,0,0,0,0,0,0,0,0,2,0,0,0,0,0,0,0,0,0,0,0,2,0,0,0,0,0,2,1,0,0,0,0,0,0,0,0,0,0,6,0,0,18,0,0,10,3,0,5,0,3,0,0,0,0,0,0,20,0,0,0,15,0,0,0,0,0,0,0,0,0,0,0,1,0,0,68
123,0,0,0,0,0,1,0,0,0,5,0,0,0,1,1,0,0,0,0,2,0,0,0,0,1,0,0,0,0,5,0,1,1,0,0,0,1,0,0,0,0,1,3,0,6,0,0,0,0,1,0,1,1,0,10,0,0,0,0,0,12,0,0,0,0,1,1,0,5,0,0,0,0,0,0,0,0,0,0,6,0,2,0,0,0,0,3,0,0,0,0,1,0,0,0,0,0,0,0,20,0,0,0,9,0,0,0,0,0,14,2,0,0,3,0,0,0,0,0,0,5,0,0,1,0,0,0,1,0,0,0,0,0,0,0,2,5,0,0,0,0,0,0,0,0,0,0,0,0,0,0,0,0,0,3,1,0,0,0,0,2,0,0,0,0,1,0,0,0,0,0,0,0,0,0,1,0,2,14,0,1,5,2,0,0,0,1,0,0,0,0,0,0,5,0,4,0,0,0,0,0,0,0,0,0,0,0,0,0,3,0,0,0,0,2,0,0,0,0,0,1,0,0,2,0,8,0,0,1,0,0,0,14,0,0,0,2,0,0,0,0,0,17,22,0,0,10,0,8,0,0,0,0,2,0,3,0,0,0,0,0,0,1,0,0,0,0,4,0,0,0,0,3,0,2,0,1,0,0,0,10,0,0,1,0,0,0,0,0,5,0,0,0,0,0,17,0,0,8,2,0,0,0,2,0,0,0,0,0,4,72,0,1,0,22,0,0,0,0,0,0,0,0,0,0,3,0,0,0,12
124,0,0,0,0,5,0,0,0,0,8,0,0,0,0,1,1,0,1,17,0,0,0,0,0,0,0,0,4,0,0,0,2,1,1,0,0,1,0,0,0,0,0,0,0,0,1,0,0,1,1,0,1,0,0,0,0,0,0,0,0,20,0,0,0,3,1,9,0,0,0,2,0,0,0,0,0,0,1,2,3,0,0,0,0,0,0,0,0,0,0,0,1,0,2,0,0,0,0,0,22,3,0,0,3,0,0,0,0,1,29,0,0,0,3,0,0,0,0,0,0,0,0,0,0,0,0,0,0,0,0,0,0,0,0,0,1,11,0,0,13,0,0,1,0,0,0,0,3,0,0,0,0,0,0,1,0,0,0,0,0,2,0,1,1,0,3,0,0,0,1,2,0,0,0,2,0,0,11,7,2,0,0,0,0,0,0,1,0,0,0,7,0,0,0,0,71,0,0,0,0,0,0,0,1,0,0,0,0,1,0,0,0,0,0,5,0,0,0,0,0,0,0,0,2,1,6,0,0,0,1,1,0,0,4,0,5,12,0,0,0,0,0,0,18,0,0,0,0,5,0,0,0,1,2,0,2,0,1,0,0,0,0,2,1,0,0,0,0,0,0,0,0,0,0,2,0,1,0,1,0,4,5,0,0,0,0,0,0,0,0,0,0,0,0,0,16,0,0,8,0,0,0,0,1,0,4,0,0,0,2,27,0,0,0,43,0,0,0,0,0,0,2,0,0,0,21,0,0,0,73
125,0,1,0,0,0,0,0,0,0,33,0,0,0,0,0,0,11,0,17,2,0,0,0,13,0,0,0,0,0,0,0,0,0,3,0,0,0,0,0,0,0,1,0,0,0,1,0,0,0,0,0,0,0,0,0,0,3,0,0,0,0,0,0,0,0,2,0,0,5,0,3,0,0,0,0,2,0,1,0,0,0,0,0,0,0,0,2,0,1,2,0,2,0,1,0,0,0,0,1,0,3,0,0,0,0,1,0,0,2,0,0,0,0,6,0,1,0,0,0,0,0,0,6,0,0,0,0,0,0,13,0,6,1,0,0,1,0,0,0,5,3,0,1,24,1,8,0,0,0,0,3,0,0,0,0,0,0,1,0,0,1,0,0,0,0,2,0,3,0,0,0,3,1,0,5,0,0,0,2,3,0,0,0,0,0,0,0,5,1,0,0,0,0,0,0,0,0,0,0,0,0,0,0,1,7,1,0,0,0,0,2,0,2,32,1,0,0,0,0,0,0,0,1,0,1,0,1,0,7,0,1,0,10,3,0,1,0,0,0,0,0,0,0,22,1,9,0,0,4,1,0,11,0,0,1,0,0,0,25,4,0,0,2,1,0,0,0,0,0,0,0,4,0,0,5,0,0,0,0,0,9,9,49,0,0,0,0,3,0,0,0,0,3,0,0,8,0,0,0,0,0,0,0,3,0,5,0,0,0,3,50,1,2,0,3,0,0,0,0,0,0,0,1,0,0,0,0,0,0,65
126,3,0,0,0,0,0,0,0,0,0,0,0,0,1,1,0,0,0,0,2,0,0,0,8,0,0,0,0,0,9,0,1,1,1,0,3,0,0,0,0,0,0,0,0,0,0,0,2,0,0,0,0,0,0,0,0,0,0,0,0,7,0,0,0,0,0,4,1,5,0,0,0,0,0,0,4,0,0,3,0,0,0,0,6,0,0,0,0,1,0,0,1,0,0,0,0,0,0,2,1,0,0,0,0,0,0,0,0,0,0,0,0,6,5,0,0,0,0,20,0,0,1,0,0,0,0,0,0,0,0,0,13,0,0,0,0,0,0,0,10,0,0,1,19,0,22,0,4,0,0,0,0,0,0,4,0,0,0,0,0,0,0,0,0,0,2,0,4,0,1,0,0,0,2,3,2,0,0,5,0,0,0,10,0,0,0,0,0,0,0,11,0,0,0,1,0,0,0,1,0,0,0,1,0,6,0,0,0,0,1,5,0,0,0,1,0,0,0,0,0,0,0,0,0,1,0,1,0,0,0,1,0,0,0,0,1,0,0,0,0,0,7,0,6,0,8,0,0,9,0,0,0,0,0,0,0,0,0,13,0,0,23,5,4,0,2,0,0,0,0,13,0,0,1,0,0,0,2,0,0,0,1,0,0,0,0,0,0,0,0,0,0,0,0,0,0,0,0,0,0,0,0,0,13,0,0,0,0,0,0,0,0,0,0,0,0,0,0,0,0,0,0,0,1,1,0,0,0,5,0
127,1,0,0,0,0,0,0,0,0,9,0,0,0,0,1,0,0,2,0,5,0,1,0,1,0,0,56,0,0,0,0,0,0,7,0,2,0,22,0,0,0,0,1,1,0,0,0,0,0,0,0,0,0,0,0,0,0,6,0,0,2,0,0,0,0,3,0,0,24,0,0,0,0,0,0,0,0,0,0,0,0,0,0,0,0,0,5,3,1,0,4,5,0,0,1,0,0,0,33,1,0,0,0,0,0,0,0,0,0,0,0,0,0,0,0,1,0,0,1,0,0,0,0,0,0,0,0,0,0,0,0,67,0,0,0,0,0,2,0,5,0,0,0,3,0,0,0,0,0,2,3,0,0,0,0,0,3,9,0,0,0,0,0,0,0,0,0,4,0,62,0,0,0,16,1,2,0,0,0,0,0,1,0,0,0,0,0,8,1,0,0,0,0,1,0,0,0,0,0,0,0,0,0,0,0,1,1,0,0,0,0,0,0,9,0,0,0,0,0,0,0,0,0,0,0,0,4,0,0,0,4,0,0,0,0,0,0,0,0,0,0,1,0,1,0,84,9,0,31,0,0,0,0,0,7,0,17,1,0,0,15,0,2,1,0,22,0,0,0,0,0,0,0,6,5,0,0,0,0,1,0,0,0,0,7,0,0,0,0,0,0,0,0,0,0,0,0,0,1,0,0,0,0,6,0,0,0,0,0,0,0,1,0,0,0,0,0,0,1,0,5,0,0,6,5,0,0,0,0,21
128,4,0,0,0,4,0,0,0,0,8,0,0,0,0,0,0,0,1,0,0,0,0,1,6,0,0,0,0,0,5,0,0,0,0,0,0,0,0,0,0,0,0,0,0,0,0,2,3,0,0,0,0,2,0,6,0,0,0,0,0,15,0,0,1,0,1,0,0,21,1,0,0,0,0,0,2,0,1,0,0,0,0,0,11,0,0,0,0,0,3,0,1,0,0,0,0,0,0,0,0,4,2,0,3,0,3,0,0,2,0,0,0,0,3,0,0,0,1,0,0,12,0,0,0,1,0,0,0,0,0,0,4,0,0,0,2,2,19,0,4,2,0,0,8,0,0,0,0,0,0,0,0,0,0,0,1,0,0,0,0,1,0,0,0,0,2,1,0,0,0,1,1,0,0,5,0,0,0,5,2,0,0,4,0,0,0,1,0,0,0,0,0,0,0,0,0,0,0,0,1,0,0,0,0,0,0,0,0,0,0,0,0,0,0,3,0,0,0,1,0,0,0,0,0,0,2,0,0,2,0,2,0,0,0,0,2,0,0,0,0,0,0,0,19,1,6,8,0,7,1,0,0,0,0,2,0,1,1,13,0,0,23,1,2,0,2,0,0,0,0,0,0,0,0,2,0,1,0,0,0,0,0,0,0,0,0,0,13,0,0,0,0,0,0,0,0,0,0,8,0,0,0,0,3,0,3,0,0,0,5,0,0,0,0,18,0,12,0,0,0,0,0,1,0,0,0,0,0,2,214
129,0,0,13,0,0,0,1,0,3,39,1,0,0,0,1,2,0,7,0,7,0,0,0,1,0,0,0,1,0,0,0,0,1,15,11,0,0,0,0,0,0,0,0,0,0,0,0,0,0,0,0,3,6,0,0,0,0,0,0,0,0,0,0,0,0,1,0,0,9,0,0,0,0,0,0,0,0,0,0,0,0,0,0,0,0,0,0,0,1,0,7,0,0,1,0,0,0,0,0,0,0,0,0,0,0,0,0,0,0,1,0,0,0,1,0,0,2,0,0,0,0,0,0,0,0,0,0,0,0,1,6,36,0,0,0,0,1,0,0,2,0,0,0,0,0,0,0,0,2,0,6,0,0,0,0,0,0,0,0,0,0,0,2,0,0,0,0,1,0,14,0,1,0,0,0,3,0,0,0,0,0,1,0,0,0,0,0,0,1,0,0,0,0,0,0,0,0,10,0,0,0,0,0,0,0,1,0,0,0,0,0,0,1,0,1,0,5,0,0,0,0,2,0,0,0,0,0,0,0,0,4,0,0,0,0,0,0,0,0,0,1,7,0,2,0,52,0,0,0,0,0,1,0,0,1,0,4,1,0,2,4,0,1,3,0,7,0,0,0,5,1,0,0,8,9,0,0,0,0,3,0,0,0,0,0,0,6,0,0,0,0,0,0,0,6,0,0,0,0,0,0,0,0,9,0,0,0,12,0,0,1,1,8,0,0,0,0,0,3,0,0,0,0,0,0,0,0,0,3,59
130,0,0,0,0,0,1,0,0,0,3,0,0,0,0,0,0,53,0,0,1,3,0,0,0,0,0,0,0,4,0,0,0,0,0,0,0,0,39,0,0,0,0,0,3,0,0,0,1,0,0,0,0,0,0,0,20,1,5,0,0,0,0,0,0,0,4,0,0,19,0,0,0,0,0,0,0,0,0,0,0,0,0,0,0,6,0,0,0,0,0,4,1,0,0,0,0,0,0,1,6,11,0,0,0,0,0,0,1,3,0,0,0,0,2,0,4,0,0,0,0,0,0,0,0,0,0,0,0,0,0,0,6,10,0,0,0,0,4,0,0,0,0,0,1,0,1,0,0,0,0,0,0,0,1,0,0,0,0,0,0,7,0,1,0,0,2,0,0,0,0,0,0,4,0,0,14,0,0,0,1,0,0,0,0,0,0,0,0,0,0,0,0,0,0,1,0,0,0,0,1,0,0,0,0,0,0,0,0,0,0,0,0,0,0,8,3,0,0,0,0,0,0,0,0,0,0,0,0,0,0,0,0,1,0,0,0,1,0,0,0,0,2,0,27,0,0,0,0,1,0,0,0,2,0,4,0,12,0,10,0,2,0,0,3,2,1,0,0,0,0,0,2,0,0,6,0,6,0,0,0,3,12,1,0,0,0,13,6,0,0,0,0,0,0,0,0,2,0,0,0,0,0,0,12,2,0,0,0,1,0,50,11,0,0,1,0,0,0,0,0,0,0,1,0,0,0,0,0,0,12
131,0,0,18,0,8,0,0,1,1,25,0,0,0,0,1,0,0,0,0,3,0,0,0,0,0,0,8,0,0,0,0,0,0,31,10,0,0,0,0,11,0,0,0,2,0,0,0,0,0,0,0,0,0,0,1,0,0,0,0,0,0,0,0,0,0,1,0,0,6,0,0,0,0,4,1,0,0,0,0,0,0,0,0,0,0,0,0,0,2,0,0,3,0,1,0,0,0,0,9,0,2,2,0,0,0,0,4,0,0,0,0,1,0,0,0,0,2,0,1,0,0,0,0,0,0,0,0,1,0,0,0,61,0,0,1,0,0,1,0,0,0,0,0,2,0,0,0,0,0,0,4,0,0,1,0,1,3,0,0,0,4,0,2,0,0,0,0,6,0,11,0,0,0,2,1,2,0,0,0,0,0,0,0,0,0,0,0,0,1,0,0,0,0,0,0,2,0,0,0,0,0,0,0,0,0,0,0,0,0,0,0,0,2,2,5,0,1,0,0,8,0,0,0,0,0,0,0,0,0,0,0,0,0,0,1,0,0,0,0,0,0,2,0,4,5,48,0,0,12,5,1,0,0,0,4,0,0,1,2,0,8,0,4,5,0,16,0,0,0,0,1,0,0,0,4,2,0,0,0,0,0,0,0,0,0,0,9,1,0,0,0,1,0,0,0,0,1,0,0,0,0,0,0,35,1,0,0,5,0,0,0,1,0,0,0,0,0,0,0,0,0,0,0,0,0,0,0,4,4,99
132,0,0,0,0,0,0,0,1,0,45,1,0,0,0,1,0,0,0,0,2,0,0,0,1,0,0,0,0,0,0,0,0,1,35,17,0,0,38,0,0,0,0,0,0,0,0,0,0,0,21,0,0,0,0,0,0,0,4,0,0,4,0,4,1,0,1,0,0,0,0,0,0,0,3,0,0,0,0,0,0,0,0,0,0,0,0,0,3,5,0,13,1,0,0,0,1,0,0,11,0,2,0,0,0,0,0,0,0,0,0,0,0,0,0,0,0,0,0,0,0,0,0,0,0,0,0,0,0,0,0,0,87,0,0,0,0,0,0,0,1,0,0,15,2,0,0,0,2,0,0,0,0,0,0,0,0,0,5,0,0,4,0,0,0,2,0,3,3,0,1,0,0,0,8,1,4,0,0,0,0,2,1,0,0,0,0,0,0,1,0,0,0,0,0,0,0,0,0,0,0,1,0,0,0,0,0,0,0,0,1,0,0,0,0,4,0,0,0,0,0,0,0,0,0,0,0,3,0,0,1,4,0,0,0,0,0,0,0,0,0,0,2,1,1,0,79,0,2,19,0,0,0,0,0,4,0,0,1,2,0,18,0,3,3,0,17,0,11,0,0,0,0,0,7,4,1,0,0,1,0,0,0,0,0,6,0,6,0,0,0,0,0,1,0,13,0,0,0,0,1,0,0,0,17,0,0,0,22,0,1,1,0,0,0,0,0,1,0,0,3,0,0,0,7,0,0,0,0,0,4
133,0,0,0,0,0,0,0,0,0,11,0,0,0,0,1,0,0,0,0,6,0,0,0,0,0,0,0,1,0,0,0,0,0,17,0,0,0,0,0,0,0,0,0,0,0,0,0,0,0,0,1,0,0,0,0,0,0,0,0,0,1,0,0,0,1,2,0,0,11,0,0,0,0,0,0,0,0,0,0,0,0,0,0,0,0,0,6,0,1,0,9,1,0,0,0,0,0,0,11,1,2,3,0,0,0,0,0,0,0,0,0,0,0,1,0,0,0,0,1,0,0,0,0,5,0,0,0,0,0,0,0,75,0,0,0,0,0,0,0,0,0,0,0,2,0,0,0,0,1,0,1,0,0,0,0,2,0,6,0,0,0,0,2,0,0,1,0,1,0,38,0,1,0,0,0,1,0,0,0,0,0,0,0,0,0,0,0,0,1,0,0,0,0,0,0,3,2,0,0,0,0,0,0,0,1,0,0,0,0,0,0,0,0,4,2,0,0,0,0,0,3,0,0,0,0,0,0,0,0,0,2,0,1,0,0,1,0,0,2,0,0,13,1,1,0,15,0,0,10,3,0,0,0,15,5,0,0,0,2,0,0,0,2,4,0,5,0,0,0,0,0,3,0,6,7,0,0,0,0,1,0,0,28,0,0,0,0,0,0,0,0,0,0,0,0,0,0,0,0,0,0,0,0,17,1,0,6,0,0,0,0,1,0,0,0,0,0,0,0,0,2,0,0,0,0,0,0,0,0,45
134,0,0,0,0,0,0,0,0,2,18,1,0,0,0,0,4,1,0,0,0,2,0,0,0,0,2,0,0,0,0,0,0,0,0,0,0,0,0,0,0,0,0,0,0,0,1,0,0,3,47,0,0,0,0,6,0,1,0,0,0,1,0,0,0,0,1,6,0,0,0,0,0,0,1,2,0,3,0,0,0,0,0,0,0,0,0,0,0,0,0,0,0,0,0,1,0,0,0,0,2,0,2,0,0,0,1,3,0,0,1,0,0,0,1,0,0,0,0,0,0,0,0,0,0,0,1,0,1,0,0,2,21,0,0,0,0,4,0,0,1,0,0,0,2,0,0,0,3,0,0,0,0,10,0,0,0,0,0,0,2,0,0,17,0,0,0,0,0,0,7,0,0,0,0,0,1,1,2,1,0,0,0,0,0,0,0,0,0,0,0,0,0,0,0,0,2,1,0,0,0,0,0,0,7,0,0,0,0,0,2,6,0,0,0,4,1,0,0,0,0,0,0,0,0,1,1,0,0,0,1,0,0,0,0,0,1,0,0,0,0,1,0,0,4,0,0,0,1,0,0,0,0,0,8,0,0,0,0,0,0,0,0,1,0,7,6,0,0,10,0,0,0,0,3,3,0,0,0,0,2,1,0,0,0,0,0,0,0,0,0,0,0,0,0,0,0,0,0,0,1,0,0,0,5,1,0,7,0,0,0,2,0,0,0,0,0,0,0,0,0,0,0,0,0,0,1,0,0,0,2
135,0,0,0,0,0,0,0,0,0,6,0,0,0,1,0,0,0,5,0,4,2,0,0,1,0,0,0,0,0,0,0,12,0,0,0,0,0,0,0,11,0,0,0,0,8,0,17,0,1,0,0,0,0,0,0,0,4,0,0,0,1,0,0,0,0,11,0,1,19,0,4,0,0,0,0,0,0,0,1,0,0,0,0,8,0,1,0,0,0,0,5,2,0,0,0,0,0,0,12,0,1,4,0,0,0,0,0,0,0,0,0,0,3,4,0,0,0,0,0,0,0,0,0,0,0,0,0,0,0,0,0,75,0,0,0,0,2,3,0,0,0,0,0,2,0,0,0,0,0,0,0,0,0,0,0,0,0,0,0,0,6,0,6,0,0,1,0,0,0,3,2,4,0,0,1,2,0,0,0,0,1,0,3,0,0,0,0,0,3,0,1,0,0,5,0,0,0,0,0,0,0,0,0,0,1,0,0,0,0,0,0,0,1,7,3,0,0,0,0,18,0,0,0,0,2,0,0,0,0,0,3,1,1,0,0,1,1,0,0,0,0,1,0,0,0,110,0,0,26,3,0,0,2,9,0,11,9,1,0,3,6,1,0,5,7,4,0,0,0,0,0,1,0,0,3,3,0,1,0,0,0,0,0,0,0,0,1,1,1,0,0,4,2,0,0,0,0,0,0,0,0,0,0,11,0,0,6,0,0,0,1,1,0,0,0,0,0,0,0,2,0,0,0,0,0,2,0,0,0,77
136,0,0,0,0,2,0,0,0,0,61,0,0,0,0,0,0,0,0,0,0,3,0,0,4,0,0,0,0,0,0,0,0,0,16,0,2,0,0,7,4,0,4,0,0,0,0,0,0,3,0,0,0,0,0,0,0,0,0,0,0,3,0,0,0,0,12,0,0,7,0,9,0,0,0,0,0,0,0,0,0,0,0,0,4,0,0,0,0,2,0,0,2,0,0,0,0,0,0,18,0,3,1,0,0,1,0,0,0,0,0,0,0,0,1,0,0,0,0,0,0,0,0,0,0,0,0,0,0,0,0,1,14,2,0,0,0,1,0,0,0,0,0,0,3,0,0,0,1,3,1,0,0,0,0,0,0,0,1,0,0,3,0,6,0,4,1,3,0,0,0,1,9,0,0,0,1,0,0,1,0,0,0,0,0,0,0,0,0,5,0,0,0,0,2,0,1,0,0,0,0,0,0,2,0,0,0,0,0,0,0,0,0,0,0,3,0,0,0,0,3,0,0,0,0,0,0,0,14,0,0,2,0,2,0,0,0,0,0,2,0,0,0,0,1,13,47,0,0,48,0,1,0,0,6,11,0,3,0,2,0,3,1,1,3,0,13,0,0,0,0,0,0,0,0,0,0,0,1,0,0,0,1,60,0,0,0,44,0,0,2,0,0,0,0,0,0,0,0,0,0,0,0,0,30,0,0,0,0,0,0,1,1,31,0,0,0,1,0,0,0,0,4,1,0,0,0,0,0,0,134
137,0,1,0,11,0,0,0,0,0,13,0,0,1,0,2,0,2,0,0,3,6,0,1,3,0,0,40,0,0,0,0,0,2,0,0,3,12,0,6,0,0,0,0,0,2,0,0,0,0,0,0,0,0,0,0,0,0,0,4,0,4,1,0,0,0,7,0,0,10,0,0,0,0,0,0,0,0,0,0,0,0,0,0,2,0,0,0,0,1,0,5,1,0,0,0,1,1,0,27,0,0,0,0,0,0,0,0,0,0,0,0,0,0,2,0,0,0,0,0,0,0,0,0,0,0,3,0,1,0,0,0,10,1,0,0,0,0,3,0,0,0,0,0,0,0,0,0,0,1,1,0,0,17,0,0,0,0,6,0,0,1,0,4,0,0,0,0,0,1,12,0,1,0,0,1,2,0,0,0,0,1,0,0,0,0,1,0,0,0,0,0,0,0,0,0,0,1,0,0,0,0,0,0,0,0,0,0,0,0,0,0,0,0,0,3,0,0,0,0,0,0,0,0,0,1,0,0,0,0,0,9,0,2,0,5,0,0,0,0,0,0,6,0,3,16,68,10,0,9,0,1,0,0,0,9,0,8,0,3,0,0,0,2,0,20,0,0,0,0,1,0,0,0,2,3,1,0,0,0,0,0,0,16,0,2,0,8,1,2,0,0,0,0,0,0,0,0,0,0,0,0,0,0,4,0,0,0,0,0,1,0,0,0,0,0,0,1,0,0,0,0,0,0,0,5,0,0,0,0,28
138,3,0,0,0,0,0,0,0,0,14,0,0,0,0,0,0,0,0,19,0,0,0,0,0,0,0,0,0,0,3,0,0,0,0,0,0,2,0,0,0,0,0,0,0,0,1,1,0,0,1,0,1,0,1,0,4,1,7,0,0,13,0,0,0,3,1,12,0,5,1,0,0,0,0,0,0,0,0,0,4,0,0,0,7,0,1,0,0,0,0,0,2,0,0,0,0,0,7,0,19,0,0,14,6,6,0,2,0,0,0,0,0,11,1,0,0,0,0,0,0,0,0,35,0,0,0,0,0,0,0,0,0,0,0,0,0,5,0,0,0,10,0,0,11,1,0,0,0,0,0,0,0,0,0,0,0,0,0,0,0,1,0,1,1,0,1,0,0,0,0,0,0,1,0,3,1,0,0,15,2,0,0,0,0,0,0,0,0,0,0,0,0,0,9,0,27,0,0,0,0,0,0,0,2,0,0,0,0,1,1,0,0,3,0,1,0,0,1,0,0,0,0,0,1,0,11,2,3,0,1,3,0,0,0,0,2,3,0,0,0,0,0,0,0,0,1,18,0,16,0,0,1,0,4,0,0,0,0,0,1,0,0,3,0,0,0,0,5,0,0,9,0,0,1,2,0,2,0,0,0,10,3,0,1,0,0,0,0,0,0,0,0,0,0,2,5,0,0,0,0,0,0,0,3,0,0,1,0,0,0,33,0,0,0,19,8,0,0,0,0,0,0,0,0,1,13,0,0,0,26
139,0,0,1,0,0,0,0,0,0,4,0,0,0,0,0,0,8,0,12,0,0,0,0,8,4,0,0,0,0,0,0,1,0,0,0,0,1,0,0,0,0,0,0,0,23,0,1,0,0,0,0,0,0,0,0,0,1,5,1,0,27,0,0,0,0,2,0,3,8,0,4,0,0,0,0,0,0,1,0,0,0,0,0,12,0,0,0,0,1,0,0,1,0,1,0,0,0,0,3,0,0,1,0,2,0,0,0,0,0,0,0,0,0,4,0,1,0,0,21,0,0,0,0,0,0,0,0,0,0,0,0,3,0,0,0,0,0,15,0,5,1,4,0,12,1,0,0,0,0,0,0,1,0,0,3,1,0,0,0,0,0,0,0,0,0,1,1,2,0,0,6,5,0,0,7,1,0,0,7,0,0,0,0,0,0,0,0,0,1,0,0,0,0,0,0,0,0,0,0,3,0,0,0,0,4,0,0,0,0,0,0,0,0,0,6,0,0,1,0,0,0,1,0,0,0,0,1,0,6,0,1,0,0,0,1,0,0,0,0,0,0,0,0,31,0,7,28,0,8,2,0,0,0,0,3,0,2,0,0,0,2,9,1,2,0,1,0,4,0,0,0,4,0,1,5,0,0,0,1,0,2,0,0,0,0,0,0,0,0,0,0,0,1,0,3,0,0,0,0,0,0,0,0,6,0,0,0,0,0,2,9,1,0,0,4,0,14,0,0,0,0,0,1,0,0,0,1,0,2,80
140,0,0,0,0,0,0,10,0,0,0,0,0,0,0,0,0,15,0,16,1,0,0,0,0,0,0,0,0,0,0,0,0,0,1,2,0,0,0,0,0,0,0,0,0,0,0,0,3,3,0,0,0,0,0,0,0,1,0,0,0,1,0,3,0,0,2,0,0,27,0,0,0,0,0,0,0,0,16,0,3,0,0,0,3,9,0,0,1,2,0,0,7,2,0,0,0,0,0,0,3,22,0,0,0,0,0,0,0,3,0,1,0,0,8,0,0,0,0,0,0,0,0,0,0,0,0,0,0,0,0,0,21,0,0,0,0,0,3,0,0,0,0,0,0,0,0,0,0,0,0,0,7,0,0,0,0,0,0,0,2,2,0,2,0,0,2,2,0,0,0,1,0,2,4,0,3,0,0,0,0,0,0,0,0,0,0,0,0,1,0,0,0,0,0,0,0,0,0,0,0,1,0,0,0,0,0,0,0,2,0,0,0,0,7,0,0,0,0,0,0,0,0,0,0,2,0,0,0,5,0,0,0,2,0,2,0,0,0,0,0,0,1,10,24,0,16,1,0,0,3,0,0,0,0,40,0,60,0,0,0,0,0,0,0,12,0,0,0,0,0,0,5,2,0,34,0,11,0,0,0,3,6,1,0,1,0,0,15,1,0,5,0,0,0,0,0,0,0,0,0,0,0,0,27,0,2,0,49,0,0,20,2,26,0,1,0,1,0,0,0,4,0,1,11,0,0,0,0,1,4
141,0,0,0,1,0,0,0,0,0,8,0,0,0,0,0,0,0,4,0,1,2,0,0,1,0,4,0,0,0,0,0,0,0,0,0,0,7,27,0,0,0,0,0,0,1,0,0,2,0,0,0,0,0,0,0,0,2,0,1,0,0,0,0,0,0,2,0,0,24,0,2,0,0,1,0,0,0,7,0,1,0,0,0,5,0,0,0,0,6,0,3,0,1,0,0,0,0,0,1,0,25,0,0,0,0,0,0,1,0,0,0,0,0,2,0,4,0,0,7,0,0,0,0,0,0,2,0,0,0,0,0,3,9,1,0,0,0,0,0,4,0,0,1,0,0,0,0,0,0,0,0,0,0,0,0,0,0,0,0,0,0,0,2,0,0,1,0,0,0,0,0,0,0,18,0,36,0,0,0,0,0,0,0,0,0,5,0,0,0,0,0,0,0,0,0,0,0,2,0,0,0,0,0,0,0,0,0,0,0,0,0,0,0,0,10,0,0,0,0,1,0,0,0,0,3,0,0,0,0,0,0,0,1,0,0,0,0,2,0,0,0,0,11,68,0,9,0,4,2,0,0,0,0,9,8,0,0,0,9,0,0,0,0,2,0,0,0,0,0,0,0,0,0,0,34,0,0,2,0,0,0,15,1,0,0,0,7,6,0,0,0,0,0,0,0,0,0,0,0,0,0,0,0,19,0,0,0,0,0,0,80,9,18,0,2,1,1,0,0,3,0,0,2,4,0,0,0,0,1,20
142,0,0,0,0,0,0,0,0,0,16,0,0,0,0,0,0,0,3,0,0,1,2,0,0,0,0,0,0,0,0,0,18,0,0,0,0,0,0,0,0,0,0,1,0,0,0,0,0,0,0,0,5,0,0,0,0,3,0,0,7,0,0,0,9,0,12,0,0,18,0,0,0,0,0,0,0,0,0,0,0,0,0,0,6,1,0,0,0,0,0,0,1,0,0,0,0,0,0,1,0,2,1,0,0,1,0,0,0,0,0,0,0,0,2,0,4,3,0,0,0,0,1,0,0,0,0,0,0,0,0,0,60,0,0,0,0,0,4,0,0,0,0,20,1,0,0,0,0,0,1,0,0,0,0,1,0,0,0,0,0,1,0,5,0,0,1,0,1,0,8,0,2,0,7,2,2,0,0,0,1,0,0,0,0,0,0,0,0,2,0,0,0,0,0,0,0,0,0,0,1,0,0,1,1,0,0,0,0,0,0,7,0,0,19,5,0,0,0,0,0,0,0,1,1,2,0,0,0,0,0,0,0,0,0,0,0,0,0,0,0,0,0,0,1,0,90,53,0,47,2,0,0,0,6,11,0,6,0,1,0,0,0,1,1,12,0,0,0,0,0,0,2,0,4,6,0,0,0,0,0,0,0,0,0,0,0,10,1,0,0,0,2,1,0,3,0,0,0,0,1,0,0,0,29,1,0,0,0,0,1,1,2,31,0,1,0,0,0,0,0,0,0,0,0,0,0,0,0,1,98
143,0,0,0,0,0,0,0,15,0,52,0,0,0,1,2,0,0,0,1,3,0,3,0,3,0,0,0,0,0,10,0,0,0,2,0,1,0,2,0,0,0,0,0,0,0,0,0,2,0,0,0,0,0,0,4,0,0,0,1,0,2,0,0,0,0,0,0,0,1,0,0,0,0,0,0,0,0,0,0,1,0,1,0,0,0,6,0,0,1,0,0,0,0,3,0,2,1,9,0,2,0,0,0,3,0,0,0,0,1,15,0,2,0,2,0,0,0,0,0,0,0,0,0,0,0,0,0,0,0,0,0,5,0,0,0,0,6,0,0,10,0,2,0,28,0,0,0,0,0,0,1,0,0,0,0,0,0,0,0,0,0,0,0,0,0,0,0,1,0,1,0,3,0,1,4,2,0,0,0,0,5,2,0,0,0,1,0,0,0,0,0,0,0,0,3,0,0,0,0,0,0,0,3,0,0,1,0,0,0,0,0,1,0,0,2,0,0,0,0,0,1,0,0,0,0,3,0,0,1,0,0,0,7,0,1,0,0,0,0,0,0,0,0,4,1,4,0,0,1,0,0,0,0,0,5,0,0,0,4,0,1,0,3,6,0,1,0,0,0,19,0,0,0,2,3,0,1,0,0,0,0,2,15,0,0,0,0,0,0,0,0,0,9,0,0,0,0,0,0,1,0,0,0,10,0,2,0,0,0,0,28,1,0,0,2,0,18,0,0,0,0,0,0,0,0,3,0,0,0,10
144,0,0,0,0,0,0,0,0,0,15,0,0,0,0,1,0,3,0,0,3,0,0,0,0,0,1,0,0,0,0,0,0,1,20,0,2,4,0,0,10,0,1,0,3,0,0,0,0,0,16,0,0,0,0,0,0,0,0,0,0,0,0,0,0,0,3,0,0,9,1,0,1,0,0,1,0,0,0,2,0,0,0,0,0,0,0,0,0,5,0,0,2,2,0,0,0,0,0,10,1,0,1,0,0,0,0,0,0,0,0,0,3,0,1,0,2,0,0,0,0,0,0,0,0,0,0,0,0,0,0,0,139,0,0,0,0,0,0,0,1,0,0,69,1,0,0,0,2,0,0,3,0,0,0,0,0,0,3,0,0,0,0,2,0,0,0,2,1,0,29,0,0,0,0,1,1,0,0,0,0,1,0,0,0,0,0,0,0,1,0,0,0,0,0,1,0,0,0,0,0,0,0,0,0,0,0,0,0,1,0,9,0,0,0,3,0,0,0,0,14,0,0,0,0,0,0,0,0,0,1,2,0,0,0,0,1,0,0,0,0,0,4,0,2,0,23,9,0,18,0,0,0,0,0,5,0,0,0,3,2,25,0,2,1,0,0,0,0,0,0,1,1,0,10,3,0,0,0,0,0,0,0,13,0,0,0,1,0,0,0,0,0,0,0,0,0,0,0,0,0,0,0,0,14,0,0,0,11,0,0,0,1,0,3,1,0,0,0,0,0,0,0,0,12,0,0,0,0,2,56
145,0,0,0,0,0,0,1,0,0,48,0,0,0,0,0,5,1,0,0,0,9,0,0,0,0,4,0,0,0,0,0,0,0,0,0,0,7,0,0,0,0,6,1,0,2,1,0,0,0,72,0,0,0,0,5,0,3,0,0,0,6,1,1,5,0,4,6,0,1,0,0,0,0,2,1,1,10,0,2,0,0,0,0,0,0,0,0,0,0,0,2,1,0,0,0,0,0,4,12,1,0,0,0,0,0,0,5,0,0,0,0,0,2,0,4,0,0,0,1,0,0,0,0,0,0,2,0,1,0,0,0,0,0,0,0,0,1,1,1,0,0,0,26,1,0,0,0,0,0,0,5,0,0,0,0,1,0,0,0,0,2,0,14,0,0,1,0,0,0,4,0,0,0,1,0,2,0,0,0,0,0,0,0,0,0,0,0,0,0,0,0,0,0,0,0,12,0,7,0,0,0,0,0,4,0,0,0,0,2,1,0,0,0,0,2,1,0,0,0,0,4,0,0,0,1,0,0,0,0,5,0,0,1,0,0,0,0,0,0,0,0,0,0,1,4,0,23,3,5,0,0,0,2,0,0,15,0,0,0,0,0,0,0,0,10,4,0,0,0,0,0,0,0,0,3,0,0,0,0,0,1,0,0,1,0,0,0,0,0,0,0,0,0,0,8,0,1,0,3,2,0,0,1,7,1,0,8,0,0,0,3,0,0,0,1,0,0,0,0,0,0,0,0,0,0,2,0,0,0,13
146,0,0,0,1,0,0,0,0,0,2,0,0,1,0,0,0,0,0,8,1,0,0,0,1,0,5,5,0,0,0,0,0,0,0,2,0,0,0,0,0,0,0,0,0,0,0,0,0,0,0,14,0,0,0,0,0,0,0,0,0,1,0,0,0,0,0,0,0,8,0,0,0,1,1,0,0,0,0,0,7,0,0,0,0,0,1,0,1,1,0,1,0,0,0,0,0,0,0,3,7,0,0,0,0,0,0,0,3,3,0,0,0,0,0,0,0,0,0,6,0,5,0,0,0,0,3,0,0,0,0,0,36,0,0,0,0,0,1,0,3,0,0,0,2,0,0,0,0,0,0,0,0,0,0,10,3,0,2,0,2,1,1,0,0,0,1,0,0,0,0,0,0,0,2,0,13,0,0,0,0,15,3,0,0,0,0,0,2,0,0,0,0,0,0,1,0,0,0,0,0,0,0,0,0,0,0,0,0,0,0,0,0,0,0,9,0,0,9,2,0,0,0,0,0,0,0,0,0,0,0,0,0,2,0,0,0,0,0,0,0,0,3,0,20,0,13,0,5,6,0,0,0,0,0,14,0,0,0,32,0,1,0,0,5,9,0,0,0,0,0,0,0,1,0,17,0,0,0,0,0,0,0,0,0,0,0,0,0,0,0,0,0,0,0,0,0,0,0,0,0,0,0,0,14,0,0,0,0,0,0,31,3,0,0,0,0,0,0,1,0,0,0,0,0,1,0,0,0,1,2
147,0,0,0,0,0,0,4,18,0,3,0,1,0,0,0,0,0,0,0,1,5,0,0,1,0,0,0,0,0,0,0,0,2,0,0,0,8,0,0,0,0,1,0,0,0,0,0,1,0,0,0,0,0,0,0,0,0,1,1,0,2,1,0,0,0,6,0,0,33,0,0,0,0,0,0,0,0,10,0,0,0,0,0,11,0,1,2,0,13,0,0,10,0,0,0,0,0,0,0,0,25,0,0,0,0,1,0,0,0,24,0,0,0,1,0,2,0,0,0,0,3,0,2,0,0,0,0,0,0,0,0,60,0,0,0,0,0,0,0,0,0,0,0,0,0,0,0,1,0,0,0,23,0,1,53,0,0,0,0,2,3,0,1,0,1,1,0,0,0,1,0,0,0,9,1,7,0,0,0,1,0,0,0,0,0,5,0,0,1,0,0,0,0,0,0,0,0,0,1,1,0,0,0,0,0,0,2,0,0,0,0,0,0,0,24,0,0,0,0,0,1,0,0,0,5,0,0,3,2,0,0,1,0,1,0,0,0,0,0,0,0,4,0,24,0,2,0,0,4,0,0,0,0,0,58,0,10,0,3,0,0,0,0,3,4,0,0,0,0,0,0,2,0,0,2,0,0,0,0,0,5,40,1,0,1,0,2,6,0,1,0,0,0,0,0,0,0,0,0,0,0,0,0,11,0,0,0,16,3,0,40,10,16,0,2,3,0,0,0,0,0,2,0,0,0,0,0,1,0,9
148,0,0,0,0,1,0,0,21,0,6,0,0,0,0,3,0,0,0,16,1,0,0,0,0,0,0,0,0,4,0,0,0,0,0,0,0,0,0,0,8,0,0,0,0,0,0,0,3,0,0,0,0,0,0,0,0,0,0,0,0,2,0,0,0,0,0,0,0,3,2,0,0,2,0,0,0,0,4,0,0,0,0,0,0,0,0,0,0,0,0,1,7,0,0,0,0,0,0,4,3,0,0,0,0,0,0,1,2,0,16,0,0,0,1,0,0,0,0,12,0,4,1,0,0,3,0,0,0,0,0,0,55,0,0,0,0,0,0,0,8,0,0,0,1,0,0,0,0,0,0,1,1,0,0,0,0,0,0,0,0,0,0,0,0,0,0,1,0,0,1,0,2,0,5,0,9,0,0,0,0,17,0,3,1,0,0,0,0,0,0,0,0,0,0,0,0,0,0,0,1,0,0,0,0,0,0,0,0,0,0,0,0,0,8,7,0,0,0,0,0,0,0,0,3,0,0,0,0,0,2,0,0,0,0,0,0,0,0,0,0,0,4,0,17,0,9,0,0,9,0,0,0,0,6,26,0,0,1,5,0,2,0,1,2,7,0,0,0,0,97,0,0,0,0,12,0,0,0,0,0,0,4,1,1,0,0,0,0,0,0,0,0,0,0,0,0,0,0,0,0,0,0,0,3,0,0,0,25,0,0,0,3,0,0,0,1,0,0,0,0,0,5,0,0,0,0,0,0,1,8
149,0,0,0,0,0,5,0,0,0,0,0,0,0,0,0,0,1,3,0,0,3,0,0,0,0,4,0,0,0,0,0,29,0,0,0,1,11,0,0,0,0,0,0,0,0,1,6,0,0,0,0,10,0,0,0,0,0,0,4,4,1,0,3,0,0,3,11,0,3,0,0,0,0,0,0,0,0,0,2,0,0,0,0,0,0,0,0,0,0,0,0,1,0,0,0,0,0,0,14,1,0,1,0,0,0,0,0,0,0,0,0,0,0,1,0,0,0,0,0,0,15,0,0,0,0,1,0,0,0,0,2,0,0,1,0,0,2,2,0,1,1,0,0,0,0,0,0,2,1,0,0,0,7,0,2,0,0,0,0,1,0,0,9,0,4,1,6,0,0,0,0,0,0,0,0,0,0,0,1,0,0,1,2,0,0,0,0,0,0,0,0,0,0,10,0,2,0,0,0,0,0,0,0,3,0,0,0,0,0,1,2,0,0,5,2,0,0,0,0,4,0,0,1,0,1,0,0,0,0,2,0,0,1,0,0,2,0,0,0,1,0,0,0,2,0,0,53,0,6,0,0,0,0,5,0,0,0,0,0,2,5,0,0,1,9,0,0,0,0,1,0,0,0,3,1,0,1,0,2,2,0,0,0,0,0,0,0,0,0,1,0,0,0,0,0,0,0,0,0,0,0,0,0,6,0,0,9,0,0,0,3,0,0,0,1,0,0,0,0,0,0,0,0,0,0,0,0,0,0,26
150,0,0,0,0,0,0,0,0,0,11,4,0,0,0,5,0,0,4,11,1,1,0,0,0,0,0,2,0,0,1,0,0,0,1,0,0,14,0,0,4,0,2,0,0,0,0,11,0,0,0,5,0,0,0,0,0,0,0,0,1,0,0,0,1,0,4,0,0,22,0,0,0,0,0,0,0,1,0,0,4,0,0,0,0,11,1,0,0,23,0,1,7,1,0,0,0,0,0,2,4,3,0,1,0,0,0,1,0,0,0,0,1,2,0,0,0,0,0,0,0,4,0,0,0,3,0,1,0,0,0,0,11,0,0,0,0,0,2,0,0,0,0,1,0,0,0,0,3,0,0,0,0,0,0,8,0,0,2,0,0,0,0,0,0,0,1,0,0,1,1,0,0,1,13,0,2,0,0,0,0,9,0,0,0,0,0,0,0,0,0,0,0,0,0,2,0,1,0,0,0,0,0,0,1,0,0,1,0,0,0,0,0,0,0,15,0,0,0,0,0,4,0,0,0,0,0,0,0,0,0,0,0,0,0,4,0,0,0,0,0,0,9,0,12,0,9,1,0,1,0,0,0,1,0,45,0,0,0,13,0,1,20,1,5,4,0,0,0,0,0,0,0,0,1,21,0,5,0,0,0,0,0,0,1,0,0,0,0,0,0,7,1,0,0,0,11,0,0,0,0,0,0,0,12,0,0,0,0,0,0,18,3,0,0,1,2,0,0,0,2,0,4,1,0,0,0,2,0,0,1
151,0,0,0,1,0,1,0,0,0,4,0,0,0,0,0,0,0,0,31,0,0,0,0,0,0,0,0,0,0,0,0,0,0,0,0,0,9,74,0,0,0,0,0,0,0,2,0,0,0,2,0,1,0,0,0,0,2,0,1,0,1,9,0,0,0,0,1,0,43,0,0,0,0,0,0,1,0,0,2,2,0,0,0,0,6,0,15,2,0,0,0,4,0,0,0,0,0,0,0,10,0,0,0,0,0,0,0,0,0,0,0,0,0,1,0,0,0,0,0,0,0,0,3,0,0,3,0,0,0,0,0,0,7,0,0,0,0,0,6,0,0,0,0,0,0,0,0,0,0,0,0,0,0,0,9,0,0,0,0,1,2,0,7,0,0,1,0,0,0,0,0,1,0,1,0,32,0,0,0,3,0,0,2,0,0,8,0,2,0,0,0,0,0,0,0,4,0,0,0,0,0,1,0,0,0,0,0,0,0,0,0,0,0,0,4,7,1,0,0,0,0,0,0,0,3,11,0,0,3,17,0,3,5,0,0,0,0,0,0,0,2,0,0,3,0,1,0,0,0,0,0,0,0,12,0,0,7,2,0,0,0,0,0,0,5,0,0,0,0,0,0,5,0,0,3,0,0,0,55,0,0,5,0,0,0,0,0,0,0,0,3,0,0,0,0,0,0,0,0,0,0,0,0,6,0,0,0,6,0,0,36,0,0,0,3,0,0,0,0,0,0,5,0,0,0,1,1,0,0,6
152,0,0,1,0,0,2,5,0,0,3,0,0,0,0,0,0,0,2,19,0,6,0,1,0,0,0,0,0,0,0,0,0,0,0,0,0,0,76,0,0,0,0,0,1,0,1,0,0,0,0,0,0,0,1,0,0,1,0,0,0,1,0,0,0,0,4,0,0,21,0,0,0,0,1,0,0,0,0,5,0,0,0,0,0,0,0,0,0,3,0,5,10,0,0,0,0,0,0,6,0,16,0,0,0,0,0,0,0,0,0,0,1,0,2,0,0,0,0,0,0,0,0,2,0,0,0,0,0,0,0,0,34,10,0,0,0,0,6,0,21,0,0,0,0,0,0,0,0,0,0,1,0,0,0,0,0,0,0,0,0,6,0,6,0,0,1,0,0,0,0,0,0,0,3,0,7,0,10,0,1,0,0,3,0,0,5,0,2,0,0,0,0,0,0,0,1,0,0,0,1,2,0,0,0,0,0,0,1,0,1,0,0,0,0,17,0,0,0,0,0,0,0,0,0,4,0,0,0,11,0,0,0,3,0,0,0,0,0,0,0,0,2,0,20,0,27,0,0,0,0,0,0,0,0,66,0,15,0,15,0,0,4,0,2,0,0,0,0,0,0,0,1,0,0,15,0,3,0,0,0,0,6,0,1,0,0,9,6,0,3,0,0,0,0,5,0,0,0,0,0,0,0,0,5,0,0,0,0,0,0,43,5,0,0,3,0,0,0,0,3,4,0,0,0,0,0,0,0,1,7
153,3,0,0,0,5,0,0,0,0,8,0,1,0,0,2,0,0,0,1,1,0,0,0,0,0,0,1,0,1,0,0,0,0,2,0,2,0,0,0,0,0,0,0,0,12,0,0,0,4,0,0,0,1,0,0,0,0,0,0,0,21,0,0,0,0,2,0,0,4,1,0,0,0,0,0,0,0,0,0,0,0,0,0,5,0,0,0,0,1,0,0,2,0,0,0,0,1,0,3,17,0,0,0,0,0,0,2,0,0,0,0,2,0,0,0,0,0,0,0,0,0,0,0,0,1,0,0,0,0,0,0,14,0,0,0,0,0,0,0,2,0,0,0,11,0,0,0,0,0,0,4,0,0,0,0,0,1,0,0,0,2,0,0,0,0,0,0,0,0,2,1,5,0,1,1,0,0,0,0,3,0,0,0,0,0,0,0,0,0,0,0,0,0,0,0,12,0,0,0,0,0,0,4,0,0,0,0,0,0,0,0,0,0,0,2,0,0,0,0,0,0,0,0,0,0,1,0,0,0,0,2,0,0,0,0,0,0,0,0,0,0,0,0,12,0,5,0,0,4,0,0,0,0,0,2,0,1,0,6,0,0,0,6,2,0,1,0,0,0,0,0,0,0,0,0,2,0,0,1,0,0,4,87,0,0,0,0,0,0,0,0,0,6,0,0,0,0,0,0,0,0,0,0,8,0,0,0,7,0,0,32,2,0,0,0,0,0,0,0,0,0,0,0,0,0,0,0,0,0,21
154,0,0,0,0,0,2,0,0,0,0,1,0,0,0,0,0,0,0,0,1,2,0,0,0,0,0,0,0,0,0,0,36,1,0,0,0,22,0,0,0,0,0,0,0,0,2,0,2,0,26,0,0,1,0,0,0,0,0,0,0,3,4,0,0,0,1,2,0,18,0,0,0,1,0,0,3,0,8,0,10,0,0,0,0,0,0,7,0,0,0,0,8,0,0,2,0,0,0,2,0,0,0,0,0,0,0,0,0,0,0,0,0,4,6,0,0,0,0,0,0,0,0,0,0,0,5,1,0,0,0,0,0,0,0,0,0,0,0,21,0,0,0,0,0,0,0,0,0,0,0,0,0,1,0,0,0,0,0,0,2,1,0,2,0,0,0,0,0,0,0,0,0,0,0,0,13,0,0,1,6,0,11,6,0,3,0,0,0,0,0,0,0,0,0,0,1,0,0,0,0,0,0,0,0,0,0,2,0,0,1,0,0,0,0,10,1,0,0,0,0,6,0,0,6,2,4,0,1,0,5,0,0,3,0,0,0,2,0,0,0,0,2,0,26,0,1,1,0,6,0,0,0,0,1,0,0,0,0,0,0,0,0,0,0,5,0,0,0,0,0,0,0,0,0,4,0,0,0,0,0,2,4,0,1,0,0,0,0,0,0,0,0,0,0,3,0,0,0,0,0,0,1,1,0,0,0,0,0,0,0,12,0,0,0,6,0,0,0,0,0,0,0,0,3,0,0,0,1,0,10
155,0,0,0,0,0,1,0,0,0,6,0,0,0,0,0,0,8,0,19,0,1,0,0,0,0,0,1,0,0,0,0,14,0,0,0,0,0,0,0,0,1,6,1,0,0,1,0,0,0,0,0,0,0,0,11,0,0,0,0,0,2,0,0,0,0,2,2,0,8,0,0,0,0,0,0,0,0,0,0,5,0,0,0,3,6,4,0,0,0,0,0,9,0,0,0,0,0,0,2,2,0,0,0,0,0,0,0,0,0,0,0,0,0,0,4,0,0,0,0,0,0,0,0,0,0,13,0,0,0,0,0,0,0,0,0,0,0,0,12,0,1,0,0,0,0,1,0,1,0,0,0,0,1,0,0,0,0,2,0,0,0,0,5,0,0,1,0,0,0,0,0,0,2,0,0,2,0,0,0,1,0,0,0,0,0,2,0,0,0,0,0,4,0,0,0,0,1,1,0,1,0,0,0,1,0,0,0,0,1,0,1,0,0,0,2,12,0,0,2,0,0,0,0,0,4,4,0,0,0,10,0,0,2,0,0,0,2,0,0,0,3,0,22,11,0,0,0,3,0,0,0,0,1,0,21,0,0,0,0,0,0,0,0,0,10,0,0,1,0,0,0,2,5,1,0,0,0,0,0,0,0,2,0,1,0,0,1,0,0,0,0,0,0,0,2,0,0,0,0,0,0,0,0,5,0,0,1,0,0,0,22,0,25,0,3,0,1,0,0,0,0,0,0,6,0,0,2,0,0,6
156,0,0,0,10,4,0,0,0,0,9,0,1,0,0,0,0,0,0,6,0,0,0,0,8,0,0,0,0,0,0,0,0,0,1,0,0,1,0,0,0,1,0,0,0,0,0,0,0,5,0,0,0,0,0,0,0,0,0,0,0,19,0,0,1,4,1,0,0,9,0,0,0,0,0,0,0,2,0,0,0,0,2,0,14,0,0,0,0,1,0,1,0,0,0,0,0,0,0,3,0,1,1,0,0,0,0,0,0,0,0,0,0,0,5,0,0,0,0,0,0,0,0,0,0,0,0,0,0,1,0,0,11,0,0,0,0,6,16,0,9,4,0,0,6,1,0,1,0,0,1,0,0,0,0,0,0,0,0,0,0,1,0,0,3,0,0,0,0,0,1,1,10,0,0,9,0,0,0,2,2,2,0,0,0,0,0,1,4,0,0,0,0,0,0,0,0,0,0,0,3,0,0,0,0,0,0,0,0,0,0,0,0,2,0,0,0,0,0,0,0,0,0,0,0,1,0,0,0,2,0,1,0,7,0,1,1,0,0,0,0,0,1,10,23,0,12,9,0,3,0,0,0,0,0,3,0,0,0,10,0,0,0,2,3,0,6,0,0,0,0,0,0,0,0,5,0,1,0,1,0,0,2,5,0,0,0,0,14,0,11,0,0,0,0,0,0,0,0,0,0,0,5,0,10,0,0,0,0,0,0,47,1,1,17,9,0,3,0,0,0,0,0,2,0,0,0,0,0,1,72
157,0,0,0,0,0,0,0,0,0,45,0,1,0,0,1,0,0,2,0,0,1,3,0,1,0,0,0,0,0,1,0,0,0,4,0,0,0,18,0,8,1,0,0,0,0,0,0,0,0,23,0,9,0,0,0,0,0,0,3,0,1,0,0,7,0,5,1,0,24,0,0,0,0,0,0,0,0,0,0,0,0,0,0,0,0,0,0,0,1,0,0,1,0,0,0,0,0,0,12,0,1,1,0,0,0,0,0,0,0,1,15,0,0,1,0,0,0,0,0,0,0,0,0,0,0,0,0,1,0,0,0,78,0,0,0,0,0,0,0,4,0,0,0,1,3,0,0,1,1,0,5,8,0,0,0,0,0,1,0,0,6,0,2,0,0,0,0,3,0,27,0,1,0,17,1,3,0,0,0,0,0,0,0,0,0,0,0,0,0,0,0,0,0,0,0,0,0,0,0,0,0,0,0,0,0,0,0,0,0,0,0,0,0,10,1,0,0,6,0,0,0,0,0,1,0,0,0,0,0,0,2,0,0,0,0,0,0,0,0,0,0,0,0,2,7,36,0,0,0,0,0,0,0,0,5,0,0,0,0,0,9,0,1,3,0,6,0,0,0,0,0,0,0,3,1,0,0,0,0,4,0,0,14,0,0,0,0,0,0,0,0,0,0,0,7,0,0,0,0,0,0,0,0,8,1,0,2,6,0,0,1,0,0,0,0,0,0,0,0,0,0,0,0,14,0,0,0,0,0,116
158,0,0,0,1,0,1,0,0,0,0,2,0,1,0,7,0,0,10,7,0,3,1,0,0,0,0,0,0,0,2,0,0,0,0,0,2,7,0,0,0,0,2,0,0,0,1,2,0,0,10,0,0,1,0,6,0,1,0,0,0,2,6,0,0,0,3,2,0,13,0,0,0,0,0,0,0,1,9,0,0,0,0,0,0,0,0,0,0,2,0,0,5,1,0,0,0,1,0,0,3,0,0,0,0,0,0,0,0,0,3,0,0,3,0,0,0,0,0,12,0,0,0,0,0,0,2,0,0,0,0,0,3,0,0,0,0,0,0,0,3,0,0,0,0,0,0,0,0,0,0,0,0,1,0,0,0,4,0,0,1,1,0,22,0,0,1,0,0,0,0,0,0,0,0,0,3,0,0,1,0,0,0,0,0,0,0,0,0,0,0,0,0,0,0,0,4,0,0,0,0,0,0,0,0,0,0,0,0,0,1,0,0,0,0,4,0,0,1,0,0,0,0,0,5,4,4,0,0,0,15,0,0,6,0,0,0,1,0,0,0,1,0,0,27,0,0,0,0,2,0,2,0,0,11,21,0,3,0,0,0,0,0,0,0,24,0,0,0,0,0,0,0,0,0,0,7,22,0,11,0,5,4,0,1,0,0,0,0,0,0,3,0,0,0,0,0,0,0,7,0,0,0,0,7,0,0,0,0,2,0,14,0,0,0,5,0,0,0,0,0,0,0,0,0,2,1,0,1,1,4
159,5,0,0,0,0,0,0,0,0,5,0,1,0,0,0,0,0,0,35,1,1,0,0,0,5,0,0,0,0,0,0,0,0,0,0,0,0,0,0,0,0,1,0,4,9,1,0,0,6,1,0,0,0,0,15,0,0,0,0,0,41,0,0,0,0,1,12,2,16,0,0,0,0,0,0,0,0,0,0,5,0,3,0,25,1,0,0,0,0,0,0,0,0,0,0,0,0,0,1,0,0,0,0,0,0,0,0,0,0,40,0,0,21,3,0,0,0,1,0,0,0,0,0,0,0,0,0,1,0,16,0,0,0,0,0,0,5,0,0,8,0,0,0,0,0,0,0,0,0,0,0,0,0,0,0,0,0,0,0,0,1,0,1,0,13,1,1,0,3,0,0,0,0,0,1,1,0,3,8,0,0,0,0,0,0,0,0,0,0,0,13,0,0,0,0,81,0,0,0,0,0,0,0,0,0,0,0,0,0,2,0,0,0,0,3,1,0,1,1,0,0,0,0,1,0,5,1,0,0,3,2,0,20,0,0,0,0,0,1,0,0,0,9,3,0,1,0,0,9,0,0,0,0,0,0,2,0,0,0,0,2,0,1,0,0,1,0,0,0,17,0,0,5,0,0,0,1,0,1,3,0,0,0,1,0,0,0,0,0,0,1,0,0,0,0,0,0,0,7,0,0,4,0,3,0,0,0,0,0,0,70,0,0,0,40,0,0,0,0,0,0,2,0,0,0,30,0,0,0,61
160,0,0,0,0,0,0,0,0,0,15,0,0,0,1,0,0,0,0,0,0,1,2,0,3,0,0,19,0,0,0,0,0,0,2,0,1,14,14,0,0,0,0,0,0,0,0,7,0,0,0,0,4,0,0,0,0,0,0,0,0,0,0,10,0,1,9,1,0,27,2,0,0,0,0,2,0,5,0,0,0,0,0,0,5,2,0,6,0,0,0,7,1,0,0,0,0,0,0,36,0,2,0,2,0,0,0,0,0,0,0,4,1,1,1,0,0,0,0,0,0,0,0,0,0,0,0,0,0,0,0,0,65,1,0,0,0,0,0,0,2,0,0,0,1,3,0,0,0,0,0,0,0,5,0,3,0,0,0,0,0,0,0,5,0,5,1,11,1,0,3,0,0,0,0,1,1,0,0,0,0,0,0,0,16,0,0,0,5,2,0,0,5,0,0,0,0,2,0,0,0,0,0,0,6,1,0,0,0,0,0,0,0,0,9,3,0,0,0,0,0,0,0,0,0,1,0,4,0,0,0,10,2,0,0,3,0,0,0,0,0,0,9,0,2,0,52,22,0,0,0,0,0,0,35,4,0,0,0,1,0,0,0,2,1,3,4,0,0,0,0,0,2,2,5,1,0,0,0,0,1,1,0,0,0,0,0,20,0,2,0,0,0,0,0,0,0,0,0,0,1,0,0,0,4,0,0,0,0,0,0,1,2,0,0,0,0,3,0,0,0,0,0,0,0,0,0,0,0,0,72
161,0,0,0,0,0,2,0,0,0,9,0,0,0,0,0,0,0,0,19,0,3,0,0,0,0,0,0,0,0,1,0,0,0,0,0,1,15,32,0,0,0,0,0,0,0,1,0,0,0,3,0,0,0,0,6,0,2,1,2,1,1,0,0,0,0,0,1,0,0,0,0,0,0,2,0,0,0,0,0,7,0,0,0,0,6,0,7,0,0,0,0,9,0,0,1,0,0,0,0,6,20,0,0,0,0,0,0,0,0,12,0,0,1,1,0,0,0,0,0,0,0,0,4,0,0,27,0,0,0,0,0,9,0,0,0,1,1,0,0,0,0,0,0,0,0,0,0,0,0,0,0,1,0,0,0,0,3,0,0,3,1,0,5,0,0,0,0,0,0,0,0,0,0,0,0,20,0,9,0,1,0,0,0,1,0,0,0,0,0,0,0,0,0,0,0,3,0,0,0,0,0,0,0,1,0,0,0,0,0,1,0,1,0,0,6,3,0,0,0,0,0,0,0,0,5,3,2,0,2,0,0,2,1,0,0,0,2,0,0,0,0,1,10,52,0,0,0,3,3,2,0,0,0,10,0,0,0,0,0,0,0,0,0,0,1,0,0,0,0,26,0,1,0,0,0,3,0,0,16,0,1,0,0,0,0,0,0,0,0,0,1,1,13,0,0,5,8,0,10,0,0,0,0,11,1,0,0,0,1,0,69,0,0,0,1,0,0,0,1,0,0,6,0,0,0,0,2,0,0,2
162,0,0,0,0,0,1,0,0,0,15,0,0,1,0,0,0,0,0,11,1,4,0,1,0,0,0,0,0,0,0,0,0,0,1,0,2,0,0,0,0,0,0,0,0,0,0,0,0,0,0,0,1,0,0,0,0,2,0,1,0,0,0,0,0,0,5,0,0,10,0,0,0,0,0,0,0,0,0,0,0,0,0,0,0,14,0,0,2,0,0,1,12,0,0,0,0,0,0,2,0,30,0,0,0,0,0,0,0,0,19,0,0,0,4,0,0,0,0,0,0,0,0,3,0,0,3,0,0,0,0,0,50,0,2,0,0,0,6,0,0,1,0,0,0,0,0,0,0,0,0,0,0,0,0,13,0,0,1,0,0,0,2,2,0,0,1,0,0,0,0,0,1,1,0,0,40,0,0,0,0,16,0,0,0,0,9,0,2,1,1,0,0,0,0,0,0,0,0,1,0,2,0,0,0,0,0,0,0,0,0,0,0,0,0,7,0,0,4,0,0,0,0,0,0,0,0,0,0,0,0,0,0,2,0,0,0,0,0,0,1,0,5,0,11,0,9,0,0,1,0,0,0,0,8,26,0,11,0,2,0,0,3,0,4,11,0,0,9,0,0,1,0,0,0,31,0,11,0,0,0,2,5,0,0,0,0,10,5,0,0,0,0,0,0,5,9,2,0,0,0,0,0,0,14,0,0,0,0,0,0,49,7,0,0,4,0,0,0,0,0,0,4,0,0,0,0,0,1,0,4
163,0,0,0,13,0,0,0,0,6,0,0,0,0,0,0,4,0,0,0,0,0,0,0,1,0,0,0,0,0,0,0,0,0,20,0,0,0,0,0,12,0,0,0,1,2,0,0,0,0,0,0,0,0,0,0,1,1,0,0,1,3,0,2,0,0,14,0,0,12,0,0,0,0,0,0,0,0,0,0,0,0,0,0,0,0,0,3,0,1,0,2,0,0,0,0,0,0,9,8,0,1,0,0,0,0,0,0,0,0,0,4,0,0,1,0,0,0,0,2,0,0,4,0,0,0,0,0,2,0,0,0,44,0,0,0,0,0,2,0,1,0,0,0,0,0,0,0,4,0,0,0,0,8,0,0,0,5,0,0,1,4,0,0,0,0,1,2,1,0,0,0,0,0,0,0,4,1,0,0,0,0,0,2,0,0,0,0,0,0,0,0,0,0,11,0,0,1,26,0,0,0,0,0,0,0,0,1,0,0,0,7,0,0,10,1,0,0,0,0,0,4,1,0,0,0,0,0,0,0,0,0,0,0,0,9,0,0,0,2,0,1,10,0,1,0,25,62,3,33,0,0,0,0,0,2,0,24,0,1,0,0,1,1,0,18,8,0,0,0,0,0,0,0,0,5,1,0,0,0,0,0,1,0,0,0,0,16,0,0,0,0,1,0,0,0,0,0,0,0,0,0,0,0,22,0,0,5,0,0,0,0,2,0,1,0,2,0,0,0,7,0,0,0,0,5,0,0,0,1,106
164,0,0,0,0,0,0,0,0,0,6,0,0,0,0,8,0,0,0,12,1,1,0,0,1,0,0,0,0,0,0,0,0,0,0,2,0,0,0,0,0,0,0,0,0,0,0,0,0,0,0,0,0,0,0,0,0,0,0,0,0,0,4,0,0,0,1,0,0,56,0,0,0,2,0,0,0,0,15,0,1,0,0,0,1,0,0,0,0,5,0,0,2,0,0,0,0,0,0,6,0,50,0,0,0,0,0,0,0,0,0,0,0,0,5,0,0,0,0,0,3,6,0,0,0,0,0,2,0,0,0,0,0,2,0,0,0,0,0,6,13,0,0,1,1,0,0,0,0,0,0,0,0,0,0,0,0,0,0,0,0,0,0,2,0,0,1,0,0,0,0,0,0,0,4,0,4,0,0,1,1,0,0,0,0,0,0,0,0,0,0,0,0,0,0,0,0,0,0,0,0,2,0,0,0,0,0,0,0,0,0,0,0,0,0,10,0,0,0,0,0,0,0,0,0,6,0,0,0,5,0,0,0,1,0,0,0,0,0,0,0,0,9,0,25,0,14,1,0,5,0,0,0,0,12,36,0,14,0,2,0,0,0,1,5,4,0,0,8,0,0,0,0,1,0,31,0,5,0,0,0,0,0,0,0,0,0,6,0,0,0,0,0,0,0,0,0,0,0,0,0,0,0,0,5,0,0,0,0,0,0,32,10,0,0,4,0,0,0,0,0,0,0,0,0,0,0,0,0,1,7
165,0,0,0,0,3,0,0,0,0,26,0,0,0,0,0,0,0,0,0,3,0,0,0,0,0,0,0,0,0,5,0,0,0,0,0,0,0,0,0,0,0,0,0,0,30,0,0,1,3,0,0,0,0,3,0,0,2,0,0,0,0,0,0,0,0,1,0,0,8,0,0,0,0,0,0,0,0,1,0,0,0,0,0,0,0,0,0,0,1,0,1,1,0,0,0,1,0,6,5,5,0,1,0,0,0,0,0,0,0,0,1,3,0,6,0,0,0,0,0,0,7,0,15,0,0,0,0,0,0,0,0,15,0,0,1,0,0,0,0,0,7,0,0,17,0,0,0,0,0,0,0,0,0,0,0,0,1,0,0,0,1,0,0,0,0,1,1,1,0,1,0,0,0,0,1,1,0,0,0,0,0,0,0,0,0,0,0,0,0,0,0,0,0,0,0,0,0,0,0,0,0,0,0,0,0,0,0,0,0,1,0,0,0,0,1,0,0,2,0,0,0,0,0,0,0,1,1,2,3,0,2,0,0,0,0,0,0,1,1,0,0,4,14,28,0,4,0,0,1,2,0,0,0,0,5,2,1,0,12,0,2,0,3,5,0,4,0,0,5,0,0,0,0,1,4,0,0,0,0,0,0,0,0,0,0,0,0,0,0,0,0,0,0,0,0,0,0,0,0,0,0,0,0,3,0,0,0,0,0,0,0,1,1,0,0,0,0,0,1,0,0,0,0,0,0,10,0,0,2,13
166,0,0,0,0,0,0,0,0,0,4,0,0,2,0,1,0,0,0,3,0,0,0,0,0,1,0,3,0,0,0,0,6,0,0,0,0,0,0,0,0,0,0,0,0,0,0,0,5,0,1,6,0,0,0,11,0,0,0,0,0,0,0,0,0,1,0,1,0,19,0,0,0,0,0,0,0,0,11,0,2,0,0,0,0,0,1,0,0,12,0,1,2,2,0,0,0,0,0,3,3,0,0,0,0,0,0,0,0,0,0,0,0,1,1,0,0,0,0,0,0,0,0,0,0,2,4,0,0,0,1,0,87,0,0,0,0,0,0,0,0,0,0,0,1,0,2,0,1,0,0,0,11,0,1,0,0,0,2,0,1,0,0,0,0,0,0,0,0,0,0,0,0,0,0,0,13,0,3,0,0,0,2,0,0,11,10,0,0,0,0,0,0,0,3,0,0,0,0,0,0,0,0,0,0,0,0,0,0,0,0,0,0,0,2,5,0,0,0,0,0,0,1,4,0,7,2,0,0,3,0,0,0,0,0,0,0,0,0,0,0,0,0,0,24,0,9,0,0,2,0,0,0,1,0,138,0,4,0,12,0,2,0,0,5,0,0,0,0,0,0,0,3,0,0,43,0,0,0,0,0,0,1,0,0,0,0,0,0,0,0,0,0,0,0,0,0,0,0,0,0,0,0,0,6,0,7,0,35,0,0,24,1,0,0,0,0,0,0,1,0,0,0,0,0,0,0,0,0,3,2
167,0,0,0,7,6,0,0,0,0,20,0,0,0,1,1,0,1,0,0,3,1,0,0,3,0,0,0,1,0,0,0,0,0,3,0,0,5,0,0,0,0,0,1,0,0,0,0,0,0,0,1,0,0,0,0,1,0,5,0,0,0,0,3,0,0,2,0,0,16,0,0,0,0,0,1,0,0,0,0,0,0,0,1,2,0,0,0,0,0,0,0,2,0,0,0,0,0,4,24,0,3,0,0,0,0,0,0,0,0,2,13,4,0,0,0,2,0,0,0,0,0,2,1,0,0,0,0,0,0,0,0,56,1,0,1,1,0,0,1,0,0,0,0,3,0,0,0,0,0,0,0,0,0,0,0,0,6,2,0,0,3,0,1,0,4,2,0,1,0,12,0,0,0,13,0,1,1,0,0,0,0,0,0,0,0,0,0,0,0,0,0,0,0,0,0,0,1,22,0,0,0,0,0,0,0,0,3,0,0,1,0,0,1,0,2,1,0,0,0,10,0,2,0,0,0,0,0,0,0,0,0,0,0,0,0,0,0,0,0,0,0,3,0,1,0,0,0,3,21,0,0,0,1,0,3,0,0,0,0,0,11,0,3,4,0,0,0,0,0,0,0,0,0,27,4,2,0,0,0,0,0,0,57,1,0,0,0,0,0,0,0,0,0,0,0,0,0,0,0,0,0,3,0,3,0,0,0,4,0,0,0,1,0,0,0,0,0,0,0,8,1,0,0,0,11,0,1,0,1,61
168,0,0,0,0,0,0,33,0,0,1,0,0,0,0,1,0,0,12,19,3,0,0,0,0,0,0,0,0,0,0,0,0,0,0,0,1,0,0,0,0,0,0,1,0,0,0,3,0,0,0,0,0,2,0,4,0,0,0,1,2,1,0,6,0,0,0,0,0,3,0,2,0,0,0,0,0,0,0,0,3,0,0,0,0,0,0,0,0,0,0,1,5,0,0,0,0,0,0,0,0,4,0,0,0,0,1,0,1,0,0,0,0,0,1,0,0,0,0,0,3,0,0,0,0,4,0,0,0,0,0,0,49,10,0,0,0,0,0,0,11,2,0,0,0,0,2,0,0,0,0,0,0,0,0,0,3,0,1,0,0,4,0,1,0,0,0,2,0,0,1,0,0,0,12,0,3,0,0,0,1,66,0,0,0,0,6,0,1,0,0,2,0,0,0,1,0,0,2,1,0,0,0,0,2,0,0,0,0,0,0,0,2,0,0,10,0,0,0,0,0,0,0,0,0,5,0,0,0,0,4,0,0,0,0,0,0,0,0,0,0,0,4,0,19,0,2,0,3,0,0,0,0,0,0,60,0,0,0,0,0,5,0,1,9,0,0,0,0,0,0,0,0,0,1,36,0,0,0,0,0,4,0,0,0,0,0,0,0,0,0,0,0,6,0,0,0,2,0,0,0,0,0,0,8,0,1,0,0,0,0,0,1,0,0,0,0,0,0,0,1,0,2,0,0,0,0,0,0,1,3
169,0,0,0,0,0,2,0,0,0,10,0,0,0,0,0,0,0,0,6,1,3,0,0,0,0,21,0,0,0,0,0,0,0,0,0,0,0,0,0,0,0,0,0,0,0,0,0,0,0,18,0,0,1,0,1,0,1,0,0,0,0,2,0,0,0,2,1,0,5,2,0,0,0,0,0,3,0,11,0,5,0,0,0,0,0,0,0,0,0,0,0,0,0,0,0,0,0,0,0,3,14,0,0,0,0,0,0,0,0,13,0,0,0,5,0,0,1,0,0,0,2,0,0,0,0,1,0,0,0,0,0,0,0,0,0,1,1,0,0,0,0,0,0,0,0,0,0,0,0,0,0,0,0,2,1,0,2,0,0,4,5,0,7,0,0,1,0,0,0,0,0,0,0,0,0,17,0,21,0,4,0,0,0,0,13,0,0,0,0,0,0,0,0,0,1,1,0,3,0,0,0,0,0,1,0,0,0,0,1,1,0,0,0,0,5,0,0,0,0,0,2,0,0,4,3,11,0,0,2,14,0,0,2,1,0,0,1,0,0,1,0,0,0,18,0,0,0,0,2,0,0,0,1,25,0,0,0,0,0,0,0,0,0,0,9,0,0,0,0,0,0,0,1,0,0,0,0,0,52,0,0,0,0,1,0,0,0,0,0,0,0,0,0,0,0,0,0,0,0,0,0,0,1,3,0,0,0,0,0,0,38,0,5,0,11,1,0,0,0,0,0,0,0,0,0,1,0,0,0,6
170,0,1,0,0,0,2,0,0,0,9,1,0,0,0,3,0,1,0,0,32,0,2,0,4,0,0,4,0,0,0,0,0,0,30,0,0,0,0,0,7,0,0,0,0,2,0,9,0,0,0,0,0,0,0,4,0,1,7,0,0,1,1,0,5,0,0,0,0,7,0,0,0,0,0,0,0,0,0,0,0,0,0,0,5,2,0,0,0,4,0,0,3,0,0,0,0,0,5,7,1,3,1,0,0,0,0,0,0,0,0,0,4,0,1,5,0,0,0,0,0,5,0,0,0,0,0,0,0,0,0,0,14,0,0,0,0,0,0,0,0,2,0,0,1,2,0,0,2,1,0,1,15,0,0,0,0,0,0,0,0,4,0,1,1,0,1,0,2,0,25,3,0,0,9,0,3,0,0,0,0,1,0,0,13,0,0,0,0,0,0,0,0,0,0,0,0,0,0,0,0,0,0,0,0,1,0,0,0,0,0,5,0,0,0,2,0,0,0,0,0,0,2,0,0,0,0,0,0,0,1,2,2,0,0,0,4,0,0,0,0,0,6,0,4,0,50,0,0,19,0,1,0,0,0,8,0,0,0,0,0,8,0,2,4,0,3,0,0,0,0,0,0,0,5,11,0,0,0,0,0,0,0,3,1,0,0,20,0,0,6,0,0,0,0,0,0,1,0,2,3,0,0,0,5,0,0,3,0,0,0,1,0,0,0,0,0,0,0,0,0,0,0,0,0,0,2,2,0,4,31
171,0,0,0,0,0,0,0,0,0,6,0,0,0,0,0,0,0,0,0,0,0,0,0,0,0,0,0,0,5,0,0,0,0,0,0,2,11,14,0,0,0,0,0,0,0,1,9,0,0,29,0,0,0,0,0,0,0,0,0,0,7,1,0,0,0,3,0,0,6,0,0,0,0,0,0,0,0,0,0,0,0,0,0,0,0,0,0,0,0,0,0,2,0,0,0,0,0,0,0,2,0,0,0,0,1,0,0,0,0,0,0,0,1,0,0,0,0,0,0,0,0,0,0,0,0,0,0,0,0,0,3,0,0,0,0,0,0,0,0,0,0,0,0,0,2,0,0,1,0,0,0,30,4,0,0,0,0,0,0,0,0,0,15,1,0,0,0,0,0,5,1,1,0,0,0,1,0,0,0,0,0,0,0,22,0,0,0,0,0,0,0,0,0,3,0,1,0,0,0,0,0,0,0,20,0,0,0,0,0,0,0,0,0,0,2,6,0,0,0,6,0,0,1,0,0,0,0,0,0,1,4,0,4,0,0,1,0,0,0,0,0,0,0,2,0,0,38,0,37,0,1,0,3,17,0,0,0,0,0,4,0,0,0,0,0,0,0,0,0,0,0,0,2,0,2,0,1,0,0,0,0,0,0,1,0,0,0,0,2,10,0,0,0,0,0,0,0,0,2,2,0,0,0,6,0,0,10,0,0,0,1,0,0,0,1,3,0,0,0,0,0,0,0,0,0,1,0,0,0,14
172,0,0,0,0,0,1,0,0,0,4,0,0,1,0,0,0,19,0,57,1,4,0,1,0,0,10,1,0,0,1,0,0,0,0,0,0,4,29,0,0,0,0,0,0,0,2,0,1,0,9,0,0,0,1,0,0,2,0,0,0,1,0,0,0,0,1,2,0,45,0,0,0,0,0,0,0,0,8,0,0,0,0,0,0,0,0,0,0,0,0,0,2,0,0,0,0,0,0,0,5,0,0,0,0,1,0,0,0,0,19,0,0,0,2,0,11,0,0,0,0,2,0,0,0,0,3,0,0,0,0,0,6,0,0,0,0,1,0,0,3,2,6,0,0,0,0,0,0,0,0,0,0,0,0,0,0,2,0,0,10,3,0,8,0,0,1,0,0,0,0,0,0,0,0,0,2,0,0,1,0,0,0,3,0,0,2,0,0,0,0,2,0,0,0,0,1,0,0,0,0,0,0,0,3,0,0,0,0,0,1,0,0,0,0,9,0,0,3,4,0,0,2,0,11,8,6,0,0,0,0,0,0,1,0,0,0,3,0,0,0,0,0,0,42,0,0,0,0,2,0,1,0,0,10,0,0,0,0,6,5,0,0,0,0,3,0,0,15,0,0,0,0,0,0,9,0,0,0,30,0,1,2,0,1,0,0,0,0,0,0,0,0,0,0,0,0,2,0,0,0,0,0,0,20,0,0,0,38,3,0,18,0,0,0,5,0,0,0,0,0,0,0,0,0,0,1,1,0,0,7
173,0,0,0,0,0,0,0,0,0,28,0,0,0,0,0,0,0,0,0,0,1,0,0,1,0,0,0,0,0,0,0,40,0,31,0,0,3,0,8,8,0,0,0,0,0,0,0,0,0,0,0,0,0,0,0,0,0,0,4,0,1,0,0,0,1,6,0,0,7,0,0,0,0,1,1,0,0,0,0,0,0,0,0,0,0,0,0,0,1,0,2,2,0,0,0,0,0,0,14,0,9,7,0,0,0,0,0,0,0,0,0,0,0,2,0,1,3,0,0,0,0,0,0,0,0,1,0,0,0,0,0,69,0,0,0,0,0,0,1,0,0,0,0,0,0,0,0,0,1,0,0,0,0,0,0,0,0,0,0,0,4,0,9,0,7,1,0,0,0,4,2,0,0,0,0,0,0,0,0,0,0,0,2,0,0,0,0,0,1,0,0,0,0,0,0,4,1,0,0,1,0,0,0,0,0,0,0,0,0,0,0,0,1,0,6,0,0,7,0,0,0,0,0,0,1,0,0,8,0,3,4,0,1,0,0,0,0,0,0,0,0,0,0,3,7,66,33,0,8,0,0,0,2,11,3,0,14,0,1,0,7,0,1,1,5,0,0,0,0,5,0,2,0,0,2,0,0,0,0,0,1,0,17,0,0,0,11,0,0,0,0,0,0,0,0,0,0,0,0,0,0,0,0,1,0,0,8,8,0,0,2,1,40,0,0,0,0,0,0,0,0,0,1,0,0,0,0,0,0,6
174,0,0,0,0,0,0,0,0,0,26,0,0,0,1,0,0,0,0,0,9,0,0,0,2,0,0,0,0,0,0,0,0,0,0,0,2,0,0,0,0,0,0,0,0,0,0,0,0,0,2,0,0,0,0,0,0,0,0,0,0,1,0,0,0,0,0,0,0,15,2,0,0,0,0,0,0,0,0,0,0,0,0,0,0,0,0,0,0,6,0,2,1,0,0,0,0,0,19,6,0,0,0,0,0,0,0,5,0,0,2,0,6,0,0,0,5,0,0,0,0,0,0,0,0,0,1,0,0,0,0,0,80,0,0,0,0,0,0,0,0,0,0,0,4,0,0,0,0,0,0,8,0,2,1,0,0,0,4,0,0,0,0,0,0,0,0,0,0,0,19,0,0,0,8,0,2,0,0,0,0,2,0,0,0,0,0,0,0,0,0,0,0,0,0,0,0,0,0,0,0,0,0,0,0,0,0,0,0,1,0,21,0,0,0,3,0,0,0,0,0,0,0,0,0,2,0,0,0,0,0,3,0,0,0,0,0,0,0,0,0,0,9,1,1,0,76,12,0,0,0,0,0,1,0,4,0,0,0,0,0,0,0,1,2,0,0,0,0,0,0,0,0,2,18,4,0,0,0,0,0,1,0,0,0,0,0,0,1,0,0,0,0,0,0,9,0,0,0,1,0,0,0,0,18,0,0,0,19,0,0,0,2,0,0,0,0,0,0,0,0,0,0,0,0,0,0,0,0,1,22
175,0,0,0,0,0,0,0,6,2,23,2,1,0,0,0,0,0,0,0,8,5,0,0,3,0,0,0,0,1,0,0,27,0,0,22,0,0,0,0,0,0,0,0,1,2,1,0,1,0,0,0,0,0,0,0,0,1,2,5,0,4,0,0,2,0,2,0,0,31,0,0,0,0,1,0,0,0,0,0,0,0,0,0,0,0,0,0,0,2,0,4,3,0,0,0,0,0,0,13,0,10,0,0,0,0,0,0,0,0,2,0,0,1,1,0,1,0,0,0,0,0,0,0,0,0,0,0,1,0,0,0,158,1,0,0,0,0,4,0,0,0,0,0,1,1,0,0,0,0,0,0,0,0,0,0,0,0,0,0,0,1,0,2,0,5,3,0,1,0,7,0,1,0,0,2,0,0,0,0,0,0,0,0,0,0,0,0,0,1,0,0,0,0,0,0,0,4,7,0,0,0,0,0,0,1,0,0,0,0,0,0,0,0,0,1,0,0,0,0,0,0,0,0,0,0,0,1,18,0,0,6,1,0,0,0,0,0,0,0,0,0,0,0,2,13,99,25,0,45,0,0,0,0,0,6,0,26,1,2,0,0,0,0,0,9,15,0,0,0,0,0,0,1,4,1,0,0,0,0,0,0,0,0,0,0,0,35,1,0,0,0,0,0,0,0,0,0,0,0,0,0,0,0,0,0,0,0,0,0,0,2,0,0,0,1,0,0,0,0,0,0,4,0,3,8,0,0,18,4,54
176,0,1,0,0,0,2,1,0,3,21,0,0,0,0,2,0,0,0,0,8,0,0,0,5,0,0,0,0,0,0,0,0,0,0,0,0,0,0,0,0,0,0,0,0,0,0,0,0,1,0,0,0,6,0,1,0,0,0,0,0,1,0,0,3,0,3,1,0,11,0,0,0,0,0,1,0,4,0,4,0,0,0,0,0,0,0,0,0,5,0,0,0,0,0,0,0,0,0,8,0,2,0,0,0,1,0,0,0,0,0,8,2,0,1,0,0,0,0,0,0,0,0,0,0,0,1,0,0,0,0,3,7,0,0,0,0,0,0,0,1,0,0,0,3,0,0,0,0,1,0,0,0,0,0,0,0,0,9,0,0,0,0,0,0,6,0,4,0,0,34,0,2,0,8,0,1,0,0,0,0,0,1,0,0,0,0,0,0,0,0,0,0,0,0,0,0,0,11,0,0,0,0,0,0,0,0,0,0,0,0,2,0,0,12,4,0,0,0,0,3,0,1,0,0,0,0,0,0,0,0,4,0,0,0,0,1,0,0,0,0,0,5,0,0,0,68,0,1,15,0,0,0,0,0,1,0,4,0,1,2,38,0,2,0,5,4,0,0,0,2,0,0,1,14,0,0,0,0,0,1,0,0,0,0,0,0,0,0,0,0,0,0,0,0,0,0,2,0,0,4,0,0,0,17,0,0,0,0,0,0,0,0,15,1,0,0,0,0,0,0,0,0,0,0,5,0,0,0,1,16
177,0,0,0,0,0,0,0,2,1,79,0,0,0,0,0,0,0,0,0,0,1,0,0,1,0,0,0,0,0,0,0,0,0,7,0,0,0,0,0,10,0,0,0,0,0,1,0,0,0,19,1,5,0,0,0,0,0,0,0,0,2,1,0,0,0,6,0,0,26,0,0,0,0,0,0,0,0,0,0,0,0,0,0,0,0,0,0,0,0,0,0,1,0,0,0,0,0,29,10,0,1,5,0,0,0,0,0,0,0,0,0,0,0,2,8,3,0,0,0,0,0,0,0,0,0,0,0,0,0,1,0,123,1,0,0,0,0,9,2,2,0,0,0,1,0,0,0,0,0,2,0,0,0,1,0,4,0,0,0,2,1,0,6,0,6,0,0,0,0,6,0,0,0,0,1,1,0,3,0,0,1,0,3,0,0,2,0,0,1,0,0,0,0,0,0,0,0,6,0,0,0,0,0,0,0,0,0,0,0,0,0,0,0,0,1,0,0,0,0,0,0,0,0,0,0,1,0,0,0,0,2,0,0,0,0,0,0,0,0,0,0,4,0,3,0,97,12,1,33,0,0,0,0,4,1,0,0,0,1,0,0,0,1,0,0,0,0,0,0,0,0,0,0,0,3,0,0,2,0,0,0,0,0,0,0,0,35,1,0,0,0,0,0,0,0,0,0,0,0,0,0,0,0,8,0,0,5,0,0,0,0,2,0,0,0,0,0,0,0,2,0,0,0,0,0,0,0,0,0,24
178,0,0,0,0,0,1,0,0,0,0,0,0,0,0,0,0,0,0,0,0,2,0,0,0,0,2,0,1,4,0,0,32,0,0,0,0,4,0,0,0,0,0,0,0,0,0,0,0,1,0,0,0,0,0,0,0,1,0,0,0,6,0,0,0,0,8,0,0,0,0,0,0,0,0,0,0,0,0,1,0,0,0,0,0,0,0,1,5,0,0,0,0,0,1,0,0,0,0,0,1,0,0,0,0,0,0,0,0,0,0,0,0,0,0,0,1,3,0,3,0,0,0,0,0,0,1,0,0,0,0,4,12,0,0,0,1,4,2,0,0,0,0,0,0,0,0,0,0,0,0,0,0,0,0,0,0,0,0,0,1,2,0,22,0,0,0,0,0,0,0,0,0,0,4,0,1,0,1,0,0,0,0,0,0,0,0,0,0,0,0,0,0,0,0,0,8,0,0,0,0,0,0,0,0,0,0,0,0,0,1,0,0,0,0,2,0,0,0,0,19,0,0,0,1,1,0,0,0,0,1,3,1,1,0,0,0,0,0,0,0,0,0,0,1,10,0,0,0,13,0,0,0,0,10,2,0,0,0,0,0,0,0,0,0,13,0,0,0,0,2,0,2,0,0,3,0,0,0,1,2,0,0,0,0,0,0,0,0,1,0,0,0,0,0,0,0,0,0,0,0,0,0,0,0,0,0,2,0,0,0,1,0,0,0,1,0,0,0,1,0,0,2,0,0,0,1,0,0,1,31
179,0,0,0,0,5,0,0,0,0,0,2,0,0,0,1,0,0,0,0,3,2,0,0,1,0,0,0,0,0,0,0,0,0,18,0,0,4,0,6,0,0,0,1,3,0,0,0,2,0,33,0,0,0,0,0,0,0,0,0,0,1,0,0,0,0,2,0,0,4,1,0,0,0,0,0,0,0,0,0,0,1,0,1,0,2,0,0,0,0,0,0,2,0,1,0,0,0,0,0,0,1,1,0,0,0,0,0,0,0,1,0,2,0,1,0,2,2,0,0,0,0,0,0,0,0,0,0,0,0,1,5,72,0,1,0,0,0,0,0,1,0,0,0,2,1,0,0,0,0,0,4,0,4,0,0,0,0,0,0,0,2,0,0,0,0,1,0,1,0,15,0,0,0,28,0,0,0,0,0,0,0,0,3,0,0,0,0,0,0,0,0,4,0,0,0,0,0,0,0,0,0,0,0,0,0,0,0,0,0,0,0,0,0,0,3,0,0,0,0,7,0,0,0,0,0,0,0,0,0,0,2,0,0,0,0,0,0,0,1,0,1,5,0,1,0,10,22,0,0,0,0,1,0,0,0,0,0,0,2,0,10,0,2,1,0,10,0,0,1,0,0,0,0,9,3,0,0,0,0,0,0,0,0,0,12,0,0,0,0,0,0,0,0,0,0,2,0,0,0,0,0,0,0,12,1,0,0,0,0,0,0,0,0,3,0,2,0,0,0,0,0,0,0,0,0,0,0,0,2,20
180,0,0,0,0,0,4,0,0,0,12,0,0,0,0,0,0,0,0,0,0,3,0,0,1,0,5,0,0,0,0,0,0,1,0,0,0,6,0,0,0,0,0,0,0,0,1,0,3,0,12,0,0,0,0,0,0,0,0,0,0,5,0,0,0,0,1,1,0,0,0,0,0,0,0,2,0,0,0,0,0,0,0,0,4,0,0,3,0,0,0,0,1,0,0,0,0,0,6,0,0,0,1,1,1,0,0,0,0,0,1,0,0,0,1,4,2,0,0,0,0,0,0,0,0,1,1,0,0,0,0,3,0,0,1,0,0,1,0,0,1,0,0,0,0,0,0,0,1,0,0,0,0,7,0,0,0,5,0,0,1,0,0,21,0,0,1,0,0,0,0,0,0,0,0,1,2,0,1,0,1,0,0,0,0,0,0,0,0,0,0,0,0,0,4,0,0,0,16,0,1,0,0,1,15,0,0,0,0,0,2,0,0,1,3,2,2,3,6,0,0,0,0,0,4,0,2,0,0,0,2,0,1,2,0,8,0,0,0,0,0,0,0,0,4,0,0,62,0,0,0,1,0,0,6,0,0,3,0,0,0,0,1,0,0,0,0,0,0,3,1,1,0,0,0,8,3,0,0,0,0,0,0,0,1,0,0,0,0,0,0,0,4,0,0,0,0,0,0,0,1,0,0,1,14,0,0,8,0,0,0,0,0,0,2,1,0,0,0,0,0,0,0,0,2,0,3,0,0,0,18
181,0,0,0,0,0,0,0,0,0,39,0,0,0,0,0,0,0,0,0,1,6,0,0,3,0,1,0,0,0,0,0,0,0,0,0,0,0,0,0,0,0,0,0,0,0,0,0,0,2,0,0,0,0,0,2,0,3,5,5,0,2,0,0,0,0,10,0,0,13,0,0,0,0,0,0,0,0,0,2,0,0,0,0,2,0,0,0,0,3,0,5,2,0,0,0,0,0,7,6,0,3,6,0,0,0,0,0,0,0,0,0,0,0,0,0,2,0,0,0,0,0,0,0,10,0,0,0,1,0,0,0,32,1,0,0,0,0,1,0,2,0,0,23,2,0,0,0,0,0,3,0,0,0,0,0,2,0,0,0,0,0,0,0,0,4,1,0,0,0,7,0,2,0,0,2,2,1,1,0,1,1,1,0,0,0,0,0,26,5,0,0,0,0,0,0,0,0,0,0,0,0,0,0,0,0,0,0,0,1,0,0,0,1,0,2,0,0,0,0,6,0,0,0,0,0,0,1,0,0,0,0,0,0,0,0,0,0,0,3,0,0,17,1,1,5,32,8,0,0,0,0,0,0,0,2,0,14,1,0,0,0,1,1,1,0,0,0,0,0,0,0,1,0,6,13,0,0,1,0,0,1,1,15,1,0,0,11,0,0,0,0,1,0,0,0,5,2,0,0,0,0,0,0,19,0,0,0,0,0,0,0,1,0,0,1,1,0,0,0,0,0,0,0,0,0,0,1,0,0,52
182,0,0,0,0,5,0,1,0,0,19,0,0,0,0,0,0,0,4,0,5,2,0,0,1,0,0,0,0,0,1,0,0,0,16,0,0,0,0,0,0,0,0,0,1,0,0,0,0,0,0,0,0,6,0,0,1,0,0,0,0,1,0,3,0,0,1,1,0,4,0,0,0,0,0,0,0,2,0,0,0,0,0,0,0,0,1,0,0,3,0,3,3,0,0,0,0,0,7,55,1,0,0,1,0,0,0,0,0,0,0,5,0,0,0,0,0,0,0,0,0,4,0,0,0,0,0,0,0,0,0,0,17,0,0,0,0,1,1,0,0,0,0,0,3,0,0,0,2,0,0,6,0,4,0,0,0,1,0,0,0,0,0,0,0,0,0,7,4,0,10,0,0,0,5,0,1,0,2,0,0,0,2,0,0,0,0,0,0,0,0,0,0,0,0,0,0,1,0,0,0,0,0,0,0,0,0,0,0,0,0,0,0,0,7,3,0,0,0,0,2,0,0,0,0,1,0,0,0,0,0,2,0,0,0,0,0,0,0,3,0,0,12,0,1,0,118,0,0,15,0,0,0,0,0,6,0,0,0,0,4,8,1,0,4,0,0,0,0,2,0,0,2,0,6,7,0,0,0,0,0,0,0,23,0,3,0,9,0,0,0,0,0,0,0,4,0,0,0,0,0,0,0,0,5,1,0,0,0,0,0,1,1,0,0,0,0,0,0,2,0,0,5,0,0,0,0,4,0,1,14
183,0,0,0,0,0,0,0,0,0,22,0,1,0,0,1,0,4,0,0,0,0,0,0,2,0,0,0,0,0,0,0,0,0,8,0,0,0,0,0,6,1,0,0,0,0,1,0,0,0,0,0,4,0,0,3,0,0,0,3,0,2,0,0,0,0,1,0,0,8,0,0,0,0,0,0,0,2,0,0,0,0,0,1,3,0,0,0,0,5,0,0,1,0,0,0,0,0,0,8,0,7,2,0,0,0,0,2,0,0,0,4,0,0,4,0,0,0,0,0,0,0,0,2,0,0,0,0,0,0,0,0,54,1,0,0,0,2,0,0,1,0,0,0,3,0,0,0,0,2,6,5,7,0,0,0,1,0,0,0,0,6,0,17,0,0,1,0,0,0,2,0,3,0,0,0,2,0,0,0,0,0,0,0,0,0,0,0,11,0,0,0,0,0,0,0,0,0,0,0,0,0,0,0,0,0,0,0,0,0,0,0,0,0,0,2,2,0,0,0,6,0,2,0,0,0,0,0,0,0,1,0,0,1,0,0,0,0,0,1,0,1,3,2,1,6,91,0,0,0,0,1,0,0,0,2,0,8,0,1,2,9,1,1,1,4,12,0,6,0,0,0,4,2,0,0,0,0,0,0,0,0,0,0,1,0,0,46,0,1,0,0,5,1,0,0,3,0,0,0,0,0,0,0,17,0,0,0,9,0,0,1,0,0,0,0,0,0,0,0,0,0,7,1,0,0,0,0,0,1,210
184,0,0,0,0,0,1,0,0,0,8,0,0,0,0,0,0,0,0,21,0,0,0,0,0,0,11,0,0,0,0,0,0,0,0,0,0,8,0,0,0,1,0,0,0,0,2,0,2,12,5,0,0,0,0,0,4,2,0,0,1,5,0,13,0,0,0,2,0,1,1,0,0,0,0,0,0,0,0,0,5,0,0,0,0,0,0,0,0,0,0,0,4,0,0,0,0,0,1,1,7,8,0,0,0,0,0,0,0,0,0,0,0,0,2,0,0,0,0,0,3,0,0,0,0,0,4,0,0,0,0,0,0,0,0,0,0,0,0,0,0,0,0,0,1,0,0,0,0,1,0,0,0,0,0,0,4,0,0,0,3,2,0,4,0,0,0,1,0,0,0,0,0,2,0,0,5,0,9,1,1,0,0,0,0,0,6,0,0,0,0,0,0,0,0,0,2,0,0,0,1,0,0,0,5,0,0,0,0,0,1,0,0,0,2,20,4,0,2,0,1,0,0,0,5,2,9,0,0,0,8,0,0,6,0,0,0,0,0,0,0,0,0,0,22,0,0,0,0,0,0,2,0,0,7,0,0,0,0,4,7,0,0,0,0,9,0,0,0,0,0,0,0,4,0,3,4,10,2,5,0,13,4,0,2,0,0,0,0,0,3,0,0,0,0,0,0,0,0,0,0,0,0,1,7,0,0,1,0,0,0,51,2,11,2,5,0,0,0,0,1,0,2,0,0,0,1,4,0,0,2
185,0,0,0,0,0,0,0,0,0,20,0,0,0,0,0,0,22,0,0,2,0,0,0,5,2,0,0,2,0,0,0,0,0,1,0,0,0,0,0,0,0,0,0,0,0,1,0,0,0,0,0,0,0,0,7,0,1,0,1,0,7,0,0,0,3,1,0,0,5,1,1,0,0,0,0,0,0,0,0,2,0,0,0,0,0,0,0,0,2,0,0,1,0,5,0,0,0,6,1,0,7,2,0,0,0,1,0,0,0,0,1,0,0,2,0,0,0,0,13,0,9,2,0,0,0,0,0,0,0,16,0,9,0,0,0,1,0,65,0,10,0,1,0,5,0,0,0,0,0,1,2,0,0,0,0,2,0,0,0,0,0,0,0,0,0,2,0,0,0,0,0,0,0,0,2,1,0,0,0,10,0,0,0,0,0,0,0,0,0,0,0,0,0,0,0,8,0,0,0,0,0,0,0,0,0,0,0,0,0,0,0,0,0,0,2,0,0,2,0,12,0,0,0,0,0,0,0,0,3,0,0,0,3,0,0,1,0,0,0,0,0,0,21,21,0,0,21,1,3,0,0,0,0,1,2,1,0,0,0,0,0,0,1,0,0,4,0,0,0,0,0,3,0,0,0,0,0,0,1,0,0,0,0,0,0,0,0,7,0,0,0,0,0,0,0,0,0,0,0,0,0,0,0,5,0,0,0,0,0,0,14,2,0,0,0,0,0,0,0,0,0,0,1,1,0,0,0,0,0,52
186,0,0,0,0,0,0,0,0,0,4,0,0,0,0,0,0,0,0,0,5,0,0,0,8,3,0,0,2,0,8,0,0,0,0,0,0,0,0,0,0,0,0,4,0,0,0,0,3,0,0,0,0,0,0,3,0,0,0,0,0,0,0,0,0,0,0,0,0,4,1,0,0,0,0,0,0,0,0,0,0,0,0,0,11,1,2,4,0,2,0,0,1,0,0,0,1,0,23,4,3,0,0,0,0,0,0,2,0,0,0,0,2,6,0,0,0,0,0,0,0,6,0,0,0,0,0,0,0,0,0,1,4,0,0,0,0,0,0,0,0,0,0,0,30,0,0,0,0,0,0,5,1,0,0,7,0,0,0,0,0,0,0,0,1,0,0,0,2,0,1,0,0,0,0,3,2,0,0,0,0,1,0,0,0,0,0,0,0,0,0,0,0,0,0,2,0,0,0,0,1,0,0,0,0,0,0,2,0,0,0,0,1,0,0,0,0,0,0,0,0,0,1,0,0,0,0,0,7,0,0,0,0,0,0,0,0,0,0,0,0,0,2,0,10,0,4,0,0,4,0,0,3,0,2,2,0,0,0,0,0,1,15,5,1,0,5,0,0,0,3,0,0,0,1,5,3,0,0,0,2,5,1,0,0,0,0,0,0,0,0,0,0,0,0,3,0,0,0,0,0,0,4,0,5,0,0,0,14,0,4,3,1,0,6,0,4,2,0,0,0,0,0,0,0,0,0,0,0,3,56
187,0,0,0,0,0,0,0,0,5,15,0,0,0,0,2,0,0,0,10,0,1,0,0,0,0,0,0,0,0,11,0,1,0,0,1,0,2,0,0,0,0,0,0,0,0,4,0,0,0,0,0,0,0,0,14,0,0,0,0,0,6,0,0,2,0,0,4,0,15,0,0,0,0,0,0,0,0,0,0,2,0,0,0,5,1,1,0,0,0,0,0,2,0,2,0,0,1,0,0,7,0,0,0,4,0,0,0,0,0,15,0,0,0,3,0,1,0,0,0,0,0,0,0,0,0,0,0,0,0,0,0,5,0,1,0,3,16,0,0,0,0,0,0,2,0,5,0,0,0,0,0,0,0,0,0,0,0,1,0,0,0,0,0,0,0,1,0,0,0,1,0,0,0,0,0,0,0,0,2,2,0,0,0,0,0,0,1,0,0,0,5,0,0,0,0,45,0,0,0,6,0,0,0,0,0,1,0,0,0,1,6,0,0,0,2,1,0,2,0,5,0,0,0,0,0,1,0,0,0,2,0,0,33,0,0,2,0,0,0,0,0,0,0,10,0,0,19,0,1,0,0,0,0,0,0,0,0,0,6,0,0,0,1,0,0,0,0,0,0,0,0,0,0,1,0,0,0,0,0,0,6,1,0,0,0,0,0,0,0,0,1,0,0,0,0,0,0,0,0,0,0,0,0,1,1,10,1,0,0,0,0,0,0,0,9,2,0,0,0,0,1,0,0,0,0,34,0,0,3,11
188,0,0,5,0,4,2,0,0,0,15,0,0,0,0,0,0,0,0,1,0,1,0,0,1,0,2,0,0,0,0,0,0,0,0,25,0,0,22,0,0,0,0,0,0,0,1,0,0,0,70,0,2,0,0,0,0,0,0,0,0,1,1,0,0,0,0,7,0,4,0,0,0,0,2,2,0,0,0,0,0,0,0,0,0,0,0,0,0,0,0,0,1,0,0,0,0,0,0,0,3,1,0,0,1,0,0,0,0,0,2,0,0,0,2,0,2,0,0,0,0,0,7,2,0,0,1,0,0,0,0,0,0,0,1,0,0,1,0,0,0,0,0,39,0,0,0,0,0,0,0,0,0,0,0,1,0,3,0,0,2,2,0,12,0,0,0,0,0,0,0,0,0,0,0,1,2,0,1,1,0,0,0,0,0,0,0,0,0,0,0,0,0,0,2,0,11,1,28,0,0,0,0,0,0,0,0,0,0,0,1,3,0,0,10,1,0,0,0,0,0,0,0,0,1,2,1,8,0,0,1,0,0,2,0,0,1,0,0,0,0,0,0,0,3,0,32,41,0,5,0,0,1,0,6,0,14,0,0,0,0,0,0,1,0,10,0,0,0,3,0,0,0,1,3,7,0,1,0,1,0,0,0,0,0,0,0,0,0,1,0,0,0,0,0,0,2,0,0,0,0,0,0,0,15,0,0,5,3,0,0,1,0,0,0,1,0,0,0,0,4,0,0,0,0,2,1,0,0,0,1
189,2,0,0,0,0,0,0,0,0,1,0,1,0,0,1,0,0,0,0,3,0,0,0,0,0,0,0,4,0,0,0,1,0,3,0,0,0,5,0,0,0,0,2,0,0,0,0,1,3,0,0,0,0,0,6,6,0,0,0,0,0,0,0,0,0,0,0,0,8,0,0,0,0,0,0,0,0,0,0,0,0,0,0,0,0,2,0,0,0,0,0,1,0,2,0,0,0,0,1,5,1,0,0,1,0,3,0,0,0,5,0,2,0,0,1,0,0,0,0,0,8,0,0,0,0,0,0,0,0,0,0,21,0,0,0,1,0,0,0,0,0,0,0,0,0,0,0,1,0,0,0,0,0,0,0,0,0,1,0,0,0,0,0,0,0,1,0,4,0,1,0,5,0,1,0,0,0,0,0,0,0,0,2,0,0,1,0,7,0,0,0,0,0,0,2,0,1,0,0,0,0,0,0,1,0,1,0,0,0,0,0,0,0,9,2,0,0,0,0,0,0,0,0,0,0,2,0,0,0,1,2,0,0,0,0,0,0,0,0,0,0,2,11,9,0,2,18,0,1,0,0,5,0,0,0,0,0,0,11,0,1,0,4,1,0,0,0,0,0,0,0,0,0,1,7,0,0,3,0,0,2,0,39,0,0,0,0,0,0,0,0,0,1,0,0,0,0,0,0,0,0,0,0,3,0,5,0,0,0,1,24,0,0,0,0,0,0,0,0,0,0,0,0,0,0,0,0,0,2,25
190,0,1,0,0,0,0,0,0,0,2,0,0,0,0,0,0,0,0,0,0,3,1,0,3,0,0,0,0,0,1,0,12,0,0,83,2,0,0,0,15,0,0,0,1,0,0,0,1,0,49,0,0,0,0,0,0,0,0,0,0,1,0,0,0,0,7,1,1,0,0,0,0,0,0,0,0,0,0,0,0,0,0,0,0,0,0,0,14,0,1,2,1,0,0,0,0,0,0,0,0,0,0,1,1,1,0,0,0,0,4,0,0,2,1,0,0,2,0,0,1,0,0,1,0,0,4,0,0,0,0,3,0,0,0,0,1,1,6,0,0,0,0,0,0,0,0,0,0,0,1,0,0,5,0,0,0,4,0,0,0,0,0,11,0,10,0,0,0,0,8,0,1,0,6,0,0,0,2,0,1,0,0,0,0,1,0,0,0,1,0,0,0,0,0,0,3,2,0,0,0,0,0,0,6,0,0,0,0,1,1,0,0,0,0,3,1,0,0,0,0,0,0,0,1,0,1,0,0,0,4,0,0,2,0,0,2,0,0,0,0,0,0,0,2,3,0,13,0,10,0,0,1,0,0,1,0,0,0,0,3,0,0,1,1,6,0,0,0,4,0,0,0,3,5,2,0,0,0,0,0,0,0,0,1,0,0,0,0,0,0,0,0,0,0,5,0,0,0,0,0,2,0,1,18,0,0,11,24,0,0,2,0,0,1,0,0,3,0,0,0,0,0,0,0,0,1,0,0,0,29
191,0,0,0,12,0,0,0,0,0,43,1,1,0,0,0,1,0,0,0,0,2,0,0,4,0,0,0,0,0,0,0,0,0,0,0,0,0,0,0,4,0,0,0,0,0,0,0,0,0,0,0,9,0,0,0,0,1,1,0,0,1,0,0,0,0,7,0,0,12,2,0,0,0,0,0,0,0,0,0,0,0,0,0,6,3,2,0,0,2,0,18,3,0,0,0,0,1,5,18,0,8,1,0,0,1,0,0,0,0,0,0,1,0,3,0,0,0,0,0,0,0,0,0,6,2,0,0,0,0,0,0,41,2,0,0,0,0,3,0,4,0,0,6,1,0,0,0,0,0,0,4,22,0,0,0,0,4,4,0,0,3,0,1,0,0,1,0,0,0,9,0,0,0,0,1,1,0,0,0,0,1,0,3,0,0,0,0,0,1,0,0,0,0,0,0,0,0,0,0,0,0,0,0,0,0,0,0,0,1,0,0,0,0,0,2,0,0,7,0,0,0,0,0,0,1,0,0,0,0,0,2,0,0,0,0,1,0,0,0,0,0,0,0,1,0,106,15,0,39,0,2,0,0,4,7,0,10,0,0,0,0,1,1,0,7,0,0,14,0,0,0,0,0,0,0,0,0,0,0,0,0,1,0,0,0,0,37,0,1,0,0,0,0,0,0,0,1,0,0,0,0,0,0,0,0,0,0,0,0,0,0,2,0,0,0,0,0,0,0,0,0,0,0,0,0,0,0,0,1,87
192,0,0,0,0,0,7,0,0,0,2,0,0,0,0,0,0,4,6,4,0,7,0,0,0,0,3,2,0,0,2,0,5,0,0,1,0,0,0,0,3,0,0,0,0,1,1,0,0,0,7,0,1,0,0,0,6,0,1,1,1,3,2,0,1,0,1,0,0,0,0,0,1,0,0,0,0,0,0,0,14,0,0,0,0,16,0,0,0,0,0,0,3,0,0,0,0,2,0,1,21,0,0,0,1,0,0,0,0,0,40,0,0,4,3,0,5,0,0,0,0,0,0,0,0,0,3,1,0,0,0,0,20,0,1,0,0,0,0,0,0,0,0,0,0,0,3,0,0,0,0,0,0,0,0,3,0,1,0,0,5,2,0,6,0,0,0,0,0,0,0,0,0,0,8,0,0,0,10,1,2,0,0,8,0,0,0,0,0,0,0,0,0,0,0,0,5,0,0,0,0,0,0,0,0,0,0,0,0,1,1,0,0,0,0,16,2,0,1,0,0,0,0,0,6,3,15,0,0,1,16,0,0,2,0,0,0,0,4,0,1,0,2,0,52,0,0,1,0,7,0,0,0,1,11,0,1,0,0,0,0,0,0,0,0,13,0,0,0,0,0,0,0,4,0,11,1,0,0,55,0,1,3,0,1,2,0,0,0,2,4,0,0,0,0,0,5,0,0,0,0,0,0,1,14,0,0,1,0,1,0,15,1,0,0,0,0,0,0,0,0,0,0,0,0,0,0,0,0,0,5
193,0,0,1,0,0,1,0,0,0,1,0,0,0,0,4,0,0,0,12,0,5,0,0,0,0,12,0,0,0,0,0,0,0,0,0,0,0,0,0,0,0,0,1,0,2,1,0,0,0,2,0,0,0,0,6,3,0,0,0,1,2,4,0,0,2,1,0,0,0,0,0,0,1,0,0,0,0,7,0,4,0,0,0,3,0,3,1,0,0,0,0,3,1,0,0,0,7,0,0,22,5,0,0,1,0,0,0,0,0,29,0,0,3,2,0,0,0,0,0,0,0,0,0,0,0,9,1,0,0,0,0,0,0,0,0,0,0,0,0,2,0,0,0,1,0,0,0,0,0,0,0,0,0,0,13,0,2,0,0,0,0,0,5,0,0,2,0,0,0,0,0,0,0,0,0,18,0,19,0,0,0,3,0,1,0,0,0,0,0,0,0,0,1,0,0,1,0,0,0,0,0,0,0,1,0,0,0,0,0,1,0,1,0,0,14,1,0,0,5,0,0,0,0,3,4,4,0,0,0,18,0,0,1,0,1,0,0,0,0,0,3,0,0,27,0,0,1,0,1,2,0,0,0,3,0,0,18,0,0,6,0,0,0,0,14,0,0,0,0,0,1,0,3,0,15,0,10,0,21,1,3,0,0,0,0,0,0,0,0,0,0,0,19,0,3,0,0,0,8,0,0,0,0,13,0,3,0,0,1,0,51,0,0,0,3,0,0,0,0,0,0,0,0,0,0,0,0,0,0,1
194,0,0,0,0,0,0,0,0,2,52,0,0,0,0,0,0,0,0,0,3,4,0,0,1,0,2,0,0,0,0,0,0,0,22,0,0,0,0,4,6,0,0,0,0,0,0,0,0,0,0,0,0,0,0,0,0,0,0,0,0,2,1,0,0,0,11,0,2,13,0,0,0,0,0,0,0,0,0,0,0,0,0,0,0,0,0,0,0,1,0,0,0,2,0,0,1,0,0,25,0,2,1,0,0,0,0,0,0,0,0,1,0,0,1,0,0,0,0,0,0,0,0,0,4,1,0,0,4,0,0,0,88,0,0,0,0,0,2,0,1,0,0,0,1,0,0,0,0,0,0,0,0,0,0,0,0,0,2,0,0,6,0,13,0,0,1,0,0,0,12,0,0,0,0,0,1,0,0,0,0,0,0,0,0,0,0,0,9,2,0,0,0,0,0,0,0,3,0,0,0,0,0,1,0,1,0,0,0,0,0,0,0,0,0,3,1,0,0,0,0,0,0,0,0,1,0,0,0,0,0,1,1,0,0,0,0,0,0,0,0,0,4,1,1,0,137,0,0,0,4,0,1,0,0,6,0,0,0,1,1,0,0,0,0,0,2,0,0,0,0,0,3,0,0,3,0,0,0,0,0,0,0,11,0,0,0,0,0,0,3,0,0,0,0,0,0,0,0,0,0,0,0,0,41,0,0,0,0,0,0,0,1,0,0,0,0,0,0,0,0,2,0,0,0,0,0,0,0,1,151
195,0,0,0,0,3,0,0,0,0,37,0,0,0,0,0,0,1,0,0,2,1,0,0,0,0,2,57,0,0,0,0,0,0,4,0,0,0,40,0,0,0,0,0,0,0,0,0,0,0,0,0,0,0,0,0,0,3,0,0,0,1,0,0,0,1,6,1,0,0,1,0,0,0,0,0,0,3,0,0,0,0,0,0,6,0,0,0,0,2,0,0,0,0,0,0,0,0,0,4,0,4,0,1,0,0,0,0,0,0,0,0,0,0,1,0,0,0,0,0,0,0,0,0,0,0,0,0,0,0,0,0,102,1,0,0,0,0,0,0,0,0,0,0,1,0,0,0,0,2,1,0,0,0,0,0,2,0,0,0,0,3,0,7,0,0,1,0,0,0,24,0,4,0,0,1,0,0,0,0,0,1,0,0,0,0,0,0,8,1,0,0,0,0,0,0,0,0,0,0,0,0,0,0,0,0,0,0,1,0,0,0,0,0,0,2,0,0,0,0,0,0,3,0,0,2,0,0,0,0,0,3,0,0,0,0,0,0,0,0,0,0,0,2,0,4,131,18,5,58,0,0,2,0,33,2,0,11,0,1,0,0,0,1,2,12,7,0,0,0,0,0,0,2,2,9,0,0,1,0,0,0,1,0,0,3,0,25,0,0,0,0,5,0,0,0,0,1,0,0,2,0,0,0,2,0,0,0,9,0,0,0,1,0,0,0,0,0,0,0,0,1,0,0,0,21,0,2,0,0,150
196,0,0,0,0,0,0,0,0,0,12,0,2,0,0,0,0,0,0,16,0,1,0,3,6,0,0,0,0,0,0,0,0,0,2,0,0,0,0,0,0,0,0,0,0,0,1,0,0,8,0,0,0,2,0,0,0,1,4,1,0,13,0,3,0,0,2,0,0,13,2,0,0,0,0,0,0,0,0,0,0,0,0,0,0,0,1,0,0,0,0,0,1,0,0,0,0,0,0,3,0,10,1,0,0,0,0,0,0,1,0,0,0,0,8,0,0,0,0,0,0,0,0,0,0,0,0,0,0,0,0,0,7,0,0,0,2,0,0,1,0,0,0,0,5,0,0,0,0,0,0,0,2,0,0,0,0,0,0,0,0,0,0,0,1,0,1,0,0,2,1,0,0,0,0,7,0,0,0,0,4,0,0,0,0,0,0,3,0,1,0,0,0,0,12,0,16,0,0,0,2,0,0,0,1,0,0,0,0,0,0,0,0,2,0,1,0,0,0,0,0,0,0,1,0,0,1,0,10,2,0,0,0,0,0,0,0,4,1,0,0,0,3,1,20,0,14,5,0,0,0,0,0,0,0,1,0,0,0,1,0,0,0,1,2,0,6,0,0,0,0,0,0,0,1,2,0,0,0,0,0,6,0,16,0,0,1,1,0,0,0,0,0,0,0,0,0,1,0,0,0,0,1,0,11,0,0,0,0,0,1,5,1,0,3,8,0,0,0,0,0,0,1,0,0,0,6,0,1,2,55
197,3,0,0,0,0,1,0,0,0,13,0,0,0,0,0,0,4,0,6,0,1,0,2,0,0,0,0,0,0,0,0,0,1,1,0,0,0,0,0,0,1,0,0,0,0,3,0,0,0,1,0,0,0,0,0,0,1,0,1,0,16,0,0,0,1,2,9,0,3,0,0,0,0,0,0,0,0,0,0,4,0,0,0,2,4,0,0,0,0,0,0,2,0,0,1,0,0,0,0,18,0,0,0,6,2,0,1,0,0,0,0,0,21,2,0,0,0,0,18,0,0,0,0,0,0,0,21,0,0,0,0,3,0,1,1,0,17,0,0,0,0,0,0,9,0,0,0,0,0,0,0,1,0,0,4,0,0,0,0,0,0,0,1,0,0,1,0,1,0,0,0,6,0,0,0,0,0,0,6,3,0,0,0,0,8,0,0,0,0,0,0,0,0,0,0,20,0,0,1,0,0,0,0,1,0,0,0,0,0,1,0,0,0,0,3,1,0,0,0,4,0,0,0,0,0,7,0,0,0,1,0,0,17,0,0,0,0,0,0,0,0,0,0,10,0,0,15,0,5,4,0,0,0,0,0,4,0,1,10,0,0,0,0,0,0,3,0,0,0,0,0,0,5,0,0,0,0,0,1,0,5,1,0,0,1,0,0,0,0,0,0,0,3,0,0,0,0,0,0,0,0,0,0,1,0,0,0,0,0,0,29,0,0,0,3,0,0,0,0,0,0,0,0,0,0,0,0,0,0,23
198,0,0,0,0,0,3,0,0,0,5,0,0,0,0,7,0,0,4,9,0,3,0,0,0,0,8,0,0,0,1,0,0,0,0,0,0,7,118,0,0,1,0,0,0,0,2,0,0,0,17,5,1,0,0,0,0,1,0,0,0,1,0,0,1,0,1,1,0,1,0,0,0,0,0,0,0,0,0,4,5,0,0,0,0,0,0,6,0,0,0,0,7,3,0,0,0,0,0,0,1,0,0,0,0,0,1,1,0,0,62,0,0,0,7,4,0,0,0,0,0,0,0,0,0,0,5,0,0,0,0,0,0,0,0,0,0,1,0,0,0,0,0,1,0,0,0,0,0,0,0,0,0,0,0,0,0,0,0,0,0,4,0,11,0,1,0,0,0,0,0,0,0,0,4,0,0,0,0,0,2,0,2,3,0,7,0,0,1,0,0,0,0,0,0,0,3,0,0,0,0,0,0,0,1,0,0,0,0,0,1,0,0,0,6,3,6,0,0,0,0,2,0,0,13,4,6,0,0,0,7,0,0,4,0,0,0,3,0,0,1,0,0,0,46,0,0,0,0,3,0,5,0,1,14,21,0,0,0,0,0,0,0,0,0,7,0,0,0,0,0,0,0,0,0,6,0,0,0,21,0,2,2,0,1,0,0,10,0,0,1,0,0,0,0,0,0,0,0,2,0,0,0,0,13,0,0,0,0,1,0,11,0,0,0,4,0,0,0,1,0,2,0,0,0,0,1,0,0,0,4
199,0,1,0,24,0,0,0,15,0,10,0,0,0,0,7,0,8,0,0,2,0,0,0,0,0,0,0,0,0,4,0,0,0,1,0,5,2,0,1,0,0,0,3,0,0,0,0,0,0,0,0,0,1,0,6,0,0,0,0,0,9,0,0,1,0,0,0,2,8,0,0,0,0,0,0,0,0,0,0,0,0,0,0,7,0,0,0,0,1,0,0,2,0,0,0,0,0,0,6,4,0,0,0,0,0,3,0,0,0,0,0,1,0,1,0,0,0,0,0,0,0,1,0,0,0,0,2,0,0,0,0,9,0,0,0,0,2,27,0,0,0,0,0,12,0,0,0,3,0,0,5,0,0,0,0,1,0,0,0,0,0,0,0,0,0,2,0,3,0,1,0,0,0,0,0,1,0,0,0,0,0,2,2,0,0,0,0,6,0,0,2,0,0,0,2,0,1,0,1,0,0,0,0,0,0,0,0,0,0,0,0,0,0,0,3,0,0,0,0,0,0,4,0,0,0,0,1,0,0,0,0,0,1,0,0,0,0,0,0,0,0,1,0,4,1,11,16,0,1,0,0,0,0,0,2,4,1,0,7,0,1,0,4,2,0,4,0,0,0,0,10,0,0,1,0,0,0,0,0,5,5,0,132,0,1,0,0,0,0,0,1,0,6,0,0,10,1,0,19,0,0,0,0,6,0,0,0,0,0,2,8,0,0,0,0,0,5,0,1,0,0,0,0,0,0,0,0,1,3,92
200,0,0,0,0,0,0,0,0,0,8,0,1,0,0,0,0,0,1,0,1,0,0,0,3,0,0,0,0,0,0,0,0,0,1,0,0,0,0,0,0,0,0,6,0,0,1,0,0,0,0,0,0,0,0,0,0,0,0,0,0,13,0,1,0,0,1,0,0,23,0,0,0,0,0,0,0,1,0,0,0,0,1,0,22,0,2,0,0,1,0,1,1,0,0,0,0,0,0,1,0,1,1,0,0,0,0,0,0,1,37,0,0,15,11,0,0,0,0,30,0,5,0,0,0,0,0,3,0,0,37,0,16,0,0,1,1,0,36,2,0,0,0,0,15,0,0,0,0,0,0,0,0,0,0,0,0,0,0,1,0,1,0,0,0,0,0,0,0,0,0,0,12,0,0,7,1,0,0,0,0,0,0,6,0,0,0,0,6,0,0,0,0,0,0,0,0,0,0,0,0,0,0,0,0,0,0,1,0,0,0,0,0,2,0,5,0,0,2,0,0,0,1,0,0,1,2,0,0,1,1,0,0,0,0,0,2,3,0,0,0,0,0,0,35,0,1,39,0,6,1,0,6,0,0,2,0,0,0,2,0,0,12,1,2,0,0,0,0,0,6,0,0,3,0,5,0,0,0,0,0,2,3,104,0,0,0,0,0,0,18,0,0,0,0,0,17,0,0,7,0,0,0,0,0,0,0,0,0,0,8,31,1,0,0,16,0,9,0,0,0,0,0,0,0,0,0,0,0,2,24
201,1,0,0,0,0,0,0,0,0,9,1,0,0,1,0,0,0,0,0,0,1,0,0,0,0,1,5,0,0,2,0,78,0,0,0,0,6,25,0,9,0,0,0,0,0,1,0,0,1,100,0,0,6,0,0,0,0,2,0,0,3,0,0,0,0,0,2,0,0,0,6,1,0,0,2,0,0,0,0,0,0,0,0,0,0,0,4,0,0,0,0,3,0,0,0,1,0,0,0,0,2,0,0,0,0,0,0,0,0,3,0,0,0,1,0,0,0,0,0,0,0,6,0,8,0,0,0,0,0,0,2,0,0,0,0,0,1,0,1,0,0,0,25,0,3,0,0,0,0,0,0,0,0,1,0,0,7,1,0,1,3,0,13,0,0,0,0,0,0,9,0,0,0,0,2,0,0,0,0,0,0,0,0,0,0,0,0,0,1,0,0,0,0,0,0,8,0,0,0,0,0,0,0,15,0,0,0,0,0,1,0,0,0,0,2,0,0,0,0,3,0,0,3,1,2,1,0,0,0,1,0,0,4,0,5,1,0,0,0,0,0,0,0,1,0,0,31,0,13,0,0,0,0,0,0,6,0,0,1,0,0,0,1,0,16,7,0,0,8,2,0,1,0,0,4,0,0,1,0,0,1,1,79,2,5,0,0,0,0,0,0,0,2,0,0,0,0,0,0,0,0,0,0,5,0,0,21,0,0,0,1,0,16,0,1,0,0,0,0,0,0,0,0,0,8,2,0,0,0,90
202,2,0,0,5,0,0,0,0,0,5,0,1,0,0,1,0,0,0,0,5,0,0,0,0,0,0,0,0,0,1,0,0,0,1,0,0,0,0,0,0,0,0,2,0,0,0,0,0,0,0,0,0,0,0,0,0,0,0,0,0,14,0,0,0,0,0,0,0,0,0,0,0,0,0,0,0,0,0,0,0,0,2,0,9,0,0,0,0,0,0,0,0,0,0,0,0,0,0,7,0,1,0,0,3,0,2,0,0,0,0,0,0,0,0,0,0,0,1,16,0,0,0,0,1,0,0,6,0,0,0,0,1,0,0,0,0,1,0,1,0,0,0,0,4,0,0,0,0,0,0,0,0,0,0,0,1,0,1,0,0,1,0,0,0,0,2,0,0,0,0,0,0,0,1,0,0,0,1,0,0,1,3,0,0,0,0,0,0,0,0,0,0,0,0,2,10,1,0,0,0,0,0,0,0,0,1,1,0,0,0,0,0,0,3,2,0,0,0,0,0,1,0,0,1,0,0,0,0,2,0,0,0,0,0,0,0,0,2,0,0,0,1,0,13,0,0,5,0,2,2,0,0,0,0,2,0,0,0,2,0,2,0,4,1,0,8,0,0,0,0,0,0,0,1,8,0,0,0,0,0,1,0,0,0,0,0,0,0,0,0,0,0,0,0,0,0,0,0,38,0,0,0,0,2,0,0,0,21,0,1,19,0,0,0,0,0,0,0,1,0,0,0,0,0,0,20,0,0,4,8
203,0,0,0,0,0,0,0,0,0,8,0,0,0,0,0,0,0,0,8,4,0,0,0,3,0,0,0,1,0,0,0,0,0,0,0,0,0,0,0,0,0,0,0,0,5,1,0,0,0,0,0,0,2,0,0,0,0,0,1,0,20,0,0,0,0,0,4,0,23,0,0,0,0,0,0,3,0,0,0,0,0,0,0,0,3,0,0,0,1,0,0,1,0,0,0,0,0,0,1,0,4,1,12,0,0,0,0,0,1,0,0,1,0,12,1,1,0,0,0,0,0,0,0,0,1,0,0,0,0,0,0,10,0,0,0,0,0,16,0,3,0,0,0,0,0,0,0,0,0,0,0,0,0,0,0,0,1,1,1,0,0,0,0,1,0,2,0,0,0,0,0,0,0,0,7,1,0,0,0,0,0,0,0,0,0,0,0,0,0,0,0,0,0,5,0,0,0,0,0,0,0,0,2,0,0,0,0,0,0,0,0,0,0,0,1,0,2,0,0,0,0,0,0,0,0,0,0,1,2,0,0,0,16,0,0,0,0,0,2,0,0,0,0,14,0,4,8,0,4,0,0,0,0,0,3,0,2,0,0,0,0,0,2,1,0,0,0,5,0,0,12,0,1,0,2,0,0,0,0,0,2,2,0,0,0,0,1,0,0,8,0,0,0,0,0,0,0,0,22,0,0,0,0,6,0,2,0,0,0,0,42,0,1,9,1,0,0,0,0,0,0,0,0,0,0,11,1,0,2,46
204,0,0,0,0,0,0,0,5,0,4,0,0,0,1,0,0,0,0,28,1,0,0,0,12,0,0,0,0,1,3,0,0,2,0,0,0,0,3,0,0,0,0,0,0,0,1,0,0,0,0,1,0,0,2,0,0,1,0,0,0,6,0,0,0,0,3,0,1,6,0,0,0,0,0,0,0,2,0,0,1,0,0,0,13,1,1,0,0,0,0,0,1,0,2,0,0,0,0,2,5,0,1,5,0,4,2,0,0,1,0,0,0,0,2,0,2,0,0,0,0,0,0,0,0,0,0,0,0,0,0,0,30,0,0,0,0,0,16,0,0,0,0,0,0,0,0,0,0,0,0,0,0,0,0,7,0,0,0,0,0,0,0,0,2,0,2,1,0,0,0,0,4,0,0,3,1,0,0,8,4,0,0,0,1,0,0,2,0,0,0,0,0,0,0,0,0,0,0,0,4,0,0,0,0,0,0,0,0,0,0,0,0,0,0,3,0,0,0,0,0,0,0,0,0,0,0,1,3,1,0,0,0,0,0,0,0,0,0,0,0,0,0,8,5,0,3,0,0,8,0,0,0,0,1,1,0,1,0,0,3,0,0,2,1,0,0,0,0,0,0,0,0,0,0,4,0,0,0,0,0,2,3,11,0,0,0,1,0,0,0,0,0,0,0,0,12,0,0,0,0,0,0,0,3,0,1,0,0,0,2,16,1,0,0,2,1,0,0,0,0,0,0,0,0,0,0,1,0,1,22
205,0,0,0,1,0,0,0,0,0,6,0,0,0,0,0,0,0,0,0,4,5,0,0,1,0,0,0,0,0,0,0,0,2,0,1,0,0,39,0,0,0,0,0,0,0,0,0,0,0,0,0,2,0,0,0,7,1,0,0,0,0,0,0,0,0,1,0,1,1,0,0,0,0,0,0,0,2,0,0,0,0,0,0,0,0,0,13,0,14,0,6,4,4,0,1,0,2,0,2,0,10,0,0,0,0,0,0,0,0,0,0,1,0,1,2,0,0,0,8,4,0,1,0,0,3,0,2,0,0,0,0,56,0,1,0,0,0,0,0,15,0,6,0,1,0,0,0,1,0,0,0,0,0,1,0,0,0,3,0,0,0,0,1,0,0,2,0,0,0,1,0,0,0,0,0,15,0,0,0,0,22,3,2,0,0,2,0,0,0,1,2,0,0,25,0,0,0,0,0,0,0,0,0,1,0,0,0,0,0,0,0,0,0,0,17,0,0,0,0,0,0,0,0,0,1,0,0,0,0,0,0,0,0,0,0,0,0,1,0,0,0,5,0,18,0,17,1,0,1,0,1,0,0,5,60,0,12,0,8,0,2,5,1,6,0,1,0,0,0,0,0,0,0,0,9,0,0,0,0,0,0,1,0,0,0,0,1,0,0,1,0,0,7,0,0,0,0,0,0,0,0,0,0,20,0,2,0,0,0,0,31,1,0,0,0,0,1,0,2,0,0,0,0,0,0,0,0,0,1,1
206,0,0,0,0,1,0,0,8,0,10,0,0,0,0,7,0,25,3,0,0,2,0,0,0,0,0,3,0,0,0,0,0,2,2,0,0,0,0,0,0,0,0,1,3,0,0,10,0,0,0,0,0,0,0,0,4,0,0,0,0,0,0,0,0,0,0,0,0,21,3,0,0,0,0,0,0,0,0,6,0,1,0,0,2,0,1,0,0,16,0,5,8,1,0,0,0,3,0,6,5,0,0,0,0,0,0,0,0,2,0,2,0,0,1,0,0,0,0,0,0,0,0,0,0,0,5,0,0,0,0,0,62,0,4,0,0,0,3,13,3,0,0,0,5,0,0,0,0,0,0,0,0,0,0,0,0,0,0,0,0,0,0,0,0,0,1,0,0,0,1,0,0,0,11,0,17,0,4,0,0,6,0,0,0,11,0,0,0,0,0,0,2,0,0,0,0,0,0,1,0,0,0,0,0,0,0,1,0,0,0,0,2,0,0,10,0,0,0,0,0,0,0,0,0,2,0,2,0,0,3,0,0,0,0,0,0,0,0,0,0,0,9,0,38,0,10,0,0,4,5,0,0,0,0,44,0,7,0,16,0,0,19,1,2,0,0,0,0,0,0,0,0,0,1,0,0,0,0,0,0,4,5,0,0,0,0,0,0,0,0,0,0,0,0,0,17,0,0,18,0,0,0,0,10,0,2,0,0,0,0,4,4,0,1,0,0,2,0,0,0,1,4,0,0,0,0,0,0,1,8
207,0,0,0,5,0,0,0,0,0,2,0,0,0,0,0,0,0,0,0,0,0,0,0,0,0,0,0,0,0,8,0,0,0,0,0,0,0,0,0,0,1,0,0,0,0,2,2,0,0,1,0,0,0,0,0,0,1,0,0,0,33,0,2,2,0,0,8,0,0,0,0,0,0,0,0,0,0,0,0,0,0,0,0,0,0,0,0,0,0,4,0,3,0,0,0,0,0,0,0,7,0,0,7,3,0,0,0,0,1,0,0,0,0,2,0,0,0,0,0,0,0,1,0,0,0,0,3,0,1,0,0,0,0,0,0,0,3,0,0,0,3,0,0,0,2,0,1,0,0,0,0,0,0,1,5,0,0,0,0,0,1,0,1,0,0,2,0,2,0,0,0,0,0,0,2,0,0,3,1,0,0,0,0,0,0,0,1,0,0,0,0,0,0,3,1,4,0,0,0,0,0,0,0,3,0,0,2,0,0,1,0,1,0,0,0,0,0,0,0,1,1,0,1,1,1,3,0,0,0,0,0,0,62,0,0,3,0,0,0,0,0,0,0,22,0,0,1,0,2,0,0,0,0,6,0,0,1,0,0,2,2,0,0,0,0,0,0,0,6,0,7,0,6,0,1,0,0,0,2,0,0,0,36,0,0,0,0,0,0,0,0,0,0,0,0,0,0,0,0,0,0,0,0,3,0,3,0,16,0,3,10,0,1,8,27,0,0,0,0,0,0,2,0,0,0,29,0,0,2,19
208,0,0,0,0,0,0,4,0,0,0,1,0,0,0,6,0,0,3,5,2,1,0,0,1,0,0,0,0,0,0,0,0,0,0,0,2,0,0,0,0,0,0,0,0,0,0,0,0,42,0,0,0,1,0,0,0,0,0,0,0,0,0,0,0,0,1,0,0,16,0,0,0,2,0,0,0,0,0,0,0,0,0,0,4,0,2,4,0,5,0,0,6,0,0,1,0,0,0,10,3,11,0,0,0,0,0,0,0,1,0,0,0,0,1,2,0,0,0,14,0,0,0,0,0,0,0,0,0,0,0,0,17,0,0,0,0,0,0,0,6,0,0,0,1,0,0,0,0,0,1,1,0,0,0,0,9,0,0,0,0,0,0,1,0,0,1,0,0,0,1,0,0,0,4,1,45,0,5,0,0,0,16,0,0,0,0,0,0,0,1,0,0,0,8,0,1,0,0,0,0,0,0,0,0,0,0,0,1,0,0,0,0,0,0,16,0,0,0,0,0,0,0,0,2,0,1,0,0,0,0,0,0,0,0,2,0,0,1,0,1,0,0,0,2,0,7,0,0,0,0,0,0,0,0,56,0,20,0,0,0,14,0,1,3,0,0,0,12,0,0,0,2,1,1,47,0,0,0,78,0,8,5,2,0,0,0,2,0,0,0,3,0,16,0,0,0,0,0,0,1,0,0,0,1,0,0,0,10,0,0,30,3,0,0,0,0,0,0,0,0,0,1,0,0,0,0,0,0,2,0
209,0,0,11,0,2,0,0,0,2,10,0,1,0,0,0,0,0,0,0,0,3,0,0,0,0,1,0,0,0,0,0,21,1,0,0,0,5,0,0,0,0,0,1,0,3,1,0,0,0,53,0,0,0,0,0,0,1,0,4,0,3,0,6,0,0,0,4,0,3,3,0,0,0,0,1,0,0,0,0,0,0,0,0,3,1,0,0,0,0,0,0,3,0,0,0,0,0,6,0,1,0,0,0,0,0,0,4,0,0,4,0,0,0,1,0,0,0,0,1,0,0,0,0,5,3,1,0,0,0,0,0,0,1,0,0,4,0,0,1,0,0,0,14,0,3,0,0,1,1,0,0,0,2,0,2,1,0,1,0,1,3,0,2,0,0,0,0,0,0,0,0,0,0,0,0,1,3,1,0,0,0,0,0,0,0,0,0,0,0,0,0,12,0,3,0,0,0,0,0,1,0,0,0,20,0,0,0,0,0,3,0,0,0,0,1,2,7,9,0,6,0,0,0,3,1,1,0,0,0,1,0,0,1,0,0,1,0,0,0,0,0,0,0,2,0,0,19,0,0,0,0,0,0,2,0,0,0,0,0,1,9,0,0,0,5,6,0,0,0,0,0,3,0,0,0,0,0,0,0,0,0,0,0,0,0,0,13,0,0,3,0,3,0,0,0,0,0,0,0,2,0,0,0,16,0,0,6,17,0,0,1,1,0,0,2,0,0,0,0,0,0,0,0,0,0,5,0,0,0,27
210,0,0,0,0,0,0,0,1,0,5,0,0,0,0,4,0,0,0,0,9,2,0,0,1,0,0,0,0,0,1,0,0,0,6,0,0,8,0,0,0,0,0,0,0,0,0,0,0,0,8,0,0,0,0,0,1,0,6,0,0,1,0,1,0,0,2,0,0,2,0,0,0,0,0,0,0,0,0,0,0,0,0,0,3,3,0,0,0,2,0,2,3,0,2,0,0,0,0,13,0,0,0,0,0,1,0,1,0,0,0,3,3,0,1,0,0,0,0,0,0,0,0,0,0,0,0,0,0,0,0,0,41,0,1,0,0,0,0,0,0,0,0,0,2,0,0,1,0,0,0,2,0,4,0,0,0,0,5,0,0,4,0,2,0,0,1,0,1,0,8,0,0,0,8,0,3,0,0,0,0,0,2,0,36,0,0,0,9,1,0,0,4,0,0,0,2,0,0,0,0,0,0,0,1,0,0,0,0,0,0,0,0,0,0,2,0,0,0,0,0,0,0,0,3,1,0,0,0,0,1,1,0,0,1,0,0,0,0,0,0,0,6,0,2,0,43,0,0,10,0,0,1,0,8,3,0,0,0,1,0,7,0,1,2,0,0,0,8,0,2,0,0,0,2,2,0,0,1,0,0,0,0,0,0,0,0,2,0,0,0,0,0,0,0,0,0,2,0,0,0,0,0,0,11,0,0,0,6,0,0,1,0,0,0,0,0,0,0,0,0,0,0,0,5,0,0,0,0,1,66
211,0,0,0,0,0,0,0,0,0,0,0,0,0,0,2,0,0,0,0,1,0,0,0,0,0,15,2,0,0,0,0,15,0,1,0,2,0,0,0,0,1,0,0,0,0,1,0,3,0,0,0,0,0,0,0,0,0,1,0,0,0,4,0,0,0,1,0,0,22,0,0,0,0,1,0,1,0,0,0,0,0,0,0,0,0,1,0,0,7,0,1,2,0,0,0,0,0,0,2,0,0,0,0,0,0,0,0,0,0,0,0,0,0,0,4,6,0,0,0,0,0,0,0,0,0,0,3,0,0,0,0,30,0,0,0,0,0,1,0,0,1,0,0,1,0,0,0,0,0,0,0,0,0,0,0,3,0,2,0,0,0,1,1,0,0,0,0,0,0,3,0,0,0,0,1,5,0,0,0,0,0,8,0,0,0,0,0,0,0,3,0,0,0,0,1,0,0,0,0,0,0,0,0,0,0,0,0,0,0,0,0,2,0,0,7,0,0,1,0,0,2,0,0,0,2,0,0,0,0,0,0,0,0,0,0,0,1,0,0,0,0,3,0,33,0,5,0,0,1,2,3,1,0,0,17,0,0,0,0,0,11,0,1,8,0,0,0,0,0,0,0,0,0,1,37,2,7,0,0,0,0,0,0,0,0,0,0,0,0,0,0,0,0,0,0,5,2,0,0,0,0,0,0,5,0,0,0,0,1,0,8,1,0,0,0,0,0,0,0,0,0,0,0,0,0,0,0,0,0,4
212,0,0,0,0,5,5,1,0,0,21,1,0,0,0,0,0,1,0,0,0,3,0,0,0,0,0,0,0,2,0,0,0,0,0,0,0,2,0,0,0,1,0,0,0,0,1,0,0,0,45,0,0,0,0,0,0,0,0,0,3,3,0,0,5,1,0,5,0,0,0,0,0,0,0,0,0,3,0,0,0,0,0,0,0,1,0,3,0,0,0,0,2,0,1,0,0,1,4,0,0,0,0,0,0,0,0,0,0,0,5,0,0,0,1,1,0,0,0,0,0,0,0,0,0,0,2,0,0,0,0,1,0,1,0,0,0,1,0,0,0,0,0,0,0,0,0,0,0,0,0,0,9,2,0,0,0,0,0,0,2,2,0,8,0,0,0,0,0,0,0,0,0,0,0,2,1,2,1,1,0,2,0,0,0,0,0,0,0,2,0,0,0,0,0,0,5,0,0,0,0,0,0,0,17,0,0,0,0,0,0,0,0,1,13,1,1,0,0,0,0,0,0,0,3,1,1,0,0,0,0,4,0,0,0,0,0,1,0,2,0,0,0,2,2,0,0,28,0,0,0,0,0,0,13,4,0,4,0,0,0,0,0,0,0,4,6,0,0,0,0,0,0,0,5,0,0,0,0,0,0,1,0,33,0,0,0,0,0,0,0,0,0,0,0,0,0,0,0,0,0,0,0,1,11,0,0,7,0,0,0,0,0,0,0,0,0,0,0,0,0,0,4,0,0,0,2,0,0,0,33
213,0,0,0,0,0,0,0,1,0,0,0,0,0,0,1,0,0,0,0,0,2,2,0,0,0,1,89,0,1,0,0,0,0,0,59,0,0,0,0,0,0,3,0,0,0,1,0,0,0,12,0,4,0,0,0,0,0,0,2,0,2,0,0,0,0,4,0,0,0,0,0,0,0,1,0,0,0,0,2,0,0,0,0,0,0,0,4,0,0,0,0,3,0,0,0,0,0,4,0,2,0,0,0,2,0,0,2,0,0,2,8,0,1,2,4,2,2,0,0,0,0,0,0,0,0,1,0,0,0,0,0,0,1,0,0,0,3,0,0,0,0,0,0,0,0,0,0,0,0,0,0,18,2,0,2,0,0,4,0,1,0,0,10,0,0,0,0,0,0,10,0,0,0,0,0,0,0,1,0,0,0,0,3,0,0,0,0,0,0,0,0,0,0,0,0,13,0,0,0,0,0,0,0,17,0,0,0,0,0,1,0,0,0,0,2,0,0,0,0,6,4,0,0,1,1,0,0,0,0,0,1,0,1,0,0,1,0,0,0,0,0,8,0,0,9,0,30,0,6,0,0,0,0,0,0,3,0,0,0,0,0,0,1,0,19,0,0,0,0,0,0,0,2,0,0,0,0,0,1,0,0,0,0,0,0,0,0,1,0,0,0,0,0,0,0,0,0,0,0,0,0,0,0,6,0,0,5,0,0,1,0,0,0,0,0,2,0,0,2,5,1,0,0,0,0,1,0,0,0,2
214,2,0,0,0,0,0,1,14,0,5,0,0,0,0,1,0,6,0,0,6,0,0,2,3,0,0,0,3,0,0,0,0,0,0,0,2,0,0,0,0,0,0,3,0,0,0,0,1,5,0,0,0,0,0,0,0,0,0,0,0,4,0,0,1,0,0,0,0,5,0,0,0,0,0,0,0,0,0,0,0,0,0,0,0,0,0,4,0,2,0,0,3,0,0,0,0,3,0,0,0,2,0,0,0,0,0,0,0,0,0,0,1,0,3,0,1,0,0,17,0,0,0,0,0,0,0,8,0,0,0,0,8,0,0,0,0,8,0,1,0,0,0,0,13,0,0,0,0,0,0,2,0,0,0,2,0,0,2,0,0,0,0,0,0,0,0,0,0,5,0,0,0,0,0,1,2,0,0,0,0,3,4,11,0,0,0,0,0,0,0,25,0,0,0,1,0,0,0,0,0,0,0,2,0,3,0,0,0,0,0,3,0,0,0,1,0,0,0,0,0,0,2,0,0,0,0,0,0,0,0,0,0,0,0,0,0,1,0,0,0,0,9,0,44,0,5,0,0,0,0,0,0,0,0,2,0,1,0,10,0,0,21,5,1,0,0,0,0,2,0,0,0,0,0,1,0,0,0,0,0,2,3,72,0,0,0,0,0,0,0,0,0,0,0,0,0,0,0,9,0,0,0,0,4,0,0,0,0,0,3,8,0,1,0,0,0,0,0,1,0,0,0,0,0,0,0,0,0,2,45
215,0,0,0,0,0,1,0,1,0,33,0,0,0,0,0,1,0,0,0,5,3,0,0,2,0,0,0,0,0,0,0,0,0,8,0,0,0,0,0,0,0,0,1,0,0,0,0,0,0,0,0,0,0,0,5,0,1,0,0,0,1,1,0,3,0,7,1,0,14,0,5,1,0,0,0,0,3,0,0,0,0,0,0,1,3,0,0,0,0,0,0,4,0,0,0,0,0,8,63,0,0,0,0,0,0,0,0,0,0,2,0,0,0,3,0,1,0,0,0,0,0,3,0,7,0,1,0,1,0,0,0,36,0,0,0,0,0,2,0,0,0,0,0,0,0,0,0,0,0,5,0,0,0,1,0,0,0,0,0,0,10,0,9,0,0,1,0,0,0,1,0,0,0,0,1,2,1,0,0,0,0,1,5,0,0,0,0,0,0,0,0,0,0,0,0,0,1,18,0,0,0,0,0,0,0,0,0,0,0,0,0,0,0,0,1,0,4,0,0,0,0,0,0,0,0,0,0,0,0,0,2,0,0,0,0,0,0,0,0,0,0,4,0,2,0,11,0,3,36,0,1,0,0,9,3,0,4,0,0,2,0,0,2,0,6,9,0,1,0,0,0,0,0,7,0,0,0,0,1,0,0,0,0,0,0,0,0,0,0,0,0,0,0,0,0,0,0,0,0,0,1,4,0,34,0,0,0,0,0,0,1,1,0,0,0,0,0,0,0,0,0,3,0,0,0,0,2,3,1,41
216,0,0,0,0,0,0,0,1,0,4,1,0,1,0,2,0,0,0,0,2,0,1,0,0,0,0,0,0,0,1,0,0,2,0,0,0,0,0,0,5,1,0,0,0,0,0,0,0,0,0,0,0,0,0,0,0,0,0,0,0,0,0,4,0,0,1,0,0,0,0,2,0,0,0,0,3,0,0,0,0,0,0,0,7,0,0,0,0,12,0,1,0,3,0,0,0,0,0,3,0,0,0,0,0,0,0,0,0,0,0,1,0,0,0,0,0,0,0,0,0,0,0,0,0,0,0,0,0,0,0,0,52,0,0,0,0,0,0,0,14,0,2,0,2,0,0,0,0,0,0,0,0,0,0,0,0,0,7,0,0,0,0,1,0,0,1,0,0,0,1,0,0,0,3,0,14,0,0,0,1,10,0,5,0,0,0,0,0,0,0,0,0,0,10,1,0,0,0,0,0,0,0,0,0,0,0,0,0,0,0,0,0,0,0,3,0,0,0,5,0,7,0,0,0,2,0,0,0,0,0,0,0,0,0,0,0,0,0,3,1,0,3,0,16,0,6,0,1,0,0,0,0,2,0,42,0,15,0,6,0,0,0,1,0,2,0,0,0,0,0,0,0,3,0,7,0,0,1,73,0,0,0,0,0,0,0,0,0,0,0,0,2,9,0,3,0,2,0,0,0,0,0,0,12,0,0,0,0,1,0,0,5,8,0,0,0,0,0,0,0,0,0,0,0,0,0,0,0,0,2
217,0,1,0,0,0,0,0,1,0,29,0,0,0,0,0,0,0,2,0,2,3,0,0,3,0,0,23,0,0,0,0,0,0,0,0,0,0,0,0,0,0,0,0,0,0,0,0,0,0,0,0,0,0,0,4,0,1,3,0,0,1,0,0,0,0,9,1,0,17,0,0,0,0,2,0,0,0,0,0,0,0,0,0,3,0,0,0,7,1,0,0,1,0,0,0,0,0,13,0,0,0,1,0,0,0,0,0,0,0,0,4,0,0,1,0,0,0,0,0,0,0,0,0,0,0,0,0,0,0,0,0,37,2,0,0,0,0,1,0,1,1,0,0,1,0,0,0,0,0,0,0,0,0,0,0,0,0,0,0,0,6,0,5,0,0,1,2,0,0,3,0,0,0,0,0,1,1,0,0,0,0,0,0,0,0,0,0,0,1,0,0,0,0,0,0,0,0,0,0,0,0,0,0,0,0,0,0,0,0,0,0,0,0,0,4,0,0,0,0,0,2,0,0,2,1,0,0,0,0,0,2,0,0,0,0,0,0,0,0,0,0,0,1,2,0,63,26,0,0,0,0,0,0,0,1,0,0,0,2,0,0,0,0,1,0,17,0,4,0,0,0,0,1,0,5,0,0,0,0,0,0,0,0,0,0,0,46,0,0,0,0,0,2,0,0,0,0,0,2,0,0,0,0,21,0,0,0,0,0,0,1,2,31,2,1,0,0,0,0,0,1,0,0,5,0,0,3,0,0,58
218,1,0,18,0,0,1,1,0,0,12,0,0,0,0,0,3,0,0,0,1,2,0,0,0,0,0,0,0,0,0,0,0,0,0,18,0,9,0,0,0,0,0,0,0,0,1,0,0,0,0,0,2,0,0,0,0,0,0,4,0,7,0,0,0,0,2,2,0,5,0,0,0,0,0,0,0,0,0,3,0,0,0,0,0,0,0,5,2,0,0,0,0,0,0,0,0,0,0,0,0,1,2,0,1,0,0,1,0,0,0,0,6,0,0,3,0,0,0,1,0,0,0,3,0,0,2,0,0,0,0,0,0,0,0,1,0,2,1,0,0,0,0,0,0,0,0,0,0,0,0,0,0,0,0,1,0,0,3,0,1,0,0,4,0,0,0,0,0,0,0,0,0,0,0,0,0,0,0,0,0,0,0,0,0,0,0,0,6,0,0,0,8,0,0,0,10,0,0,0,0,0,0,0,7,0,0,0,0,0,1,0,0,1,0,4,0,0,0,0,0,5,0,0,1,1,0,0,0,0,3,2,0,0,0,5,1,0,0,0,0,0,0,0,2,0,0,0,0,12,0,0,0,0,23,0,0,0,0,0,0,0,0,0,0,0,0,0,0,0,0,0,2,2,0,0,0,0,0,0,0,0,0,12,1,4,0,0,0,2,0,0,0,0,0,0,0,0,0,1,0,0,0,0,6,0,0,4,0,0,1,0,0,0,0,1,0,0,0,0,6,0,0,0,0,0,1,0,0,1,12
219,0,0,0,0,0,1,0,0,0,0,0,0,0,0,3,0,0,0,0,4,0,1,0,0,0,0,6,0,0,2,0,0,3,0,0,0,8,0,0,0,0,4,0,0,0,0,0,0,10,0,0,0,0,0,9,0,0,0,0,0,1,0,0,0,0,0,0,0,15,0,0,0,0,0,0,0,0,0,0,0,0,0,0,0,0,1,0,0,6,0,2,0,0,0,0,0,0,1,2,9,0,0,0,0,0,0,0,0,0,0,0,0,0,0,0,0,0,0,0,0,0,0,0,0,3,0,0,0,0,1,0,56,0,0,5,0,0,2,5,17,0,0,0,0,0,0,0,0,0,0,0,13,0,1,0,2,0,0,0,0,0,0,1,0,0,0,0,0,0,1,0,0,0,0,0,23,0,0,0,0,34,0,3,0,0,0,0,0,0,1,0,0,0,6,1,2,0,0,0,0,0,0,0,1,0,0,3,0,0,0,0,0,0,0,5,2,0,0,0,2,0,0,0,0,6,0,0,0,0,0,0,3,0,2,0,0,0,0,0,0,0,2,0,19,0,9,0,0,3,0,0,0,0,0,92,0,4,0,0,0,6,5,1,1,7,1,0,0,0,0,1,2,0,0,42,0,0,0,0,0,0,0,0,0,1,0,4,8,0,0,0,0,0,0,0,0,2,0,8,0,0,0,0,13,0,0,0,0,0,0,12,1,0,0,0,0,1,0,0,0,0,0,0,0,0,0,0,0,0,6
220,0,0,0,0,0,0,0,0,0,9,0,1,0,0,1,0,0,0,12,0,0,0,0,2,0,0,0,0,0,2,0,0,0,1,0,0,0,0,0,0,0,0,0,0,0,0,0,1,0,0,0,0,0,3,0,0,0,0,0,0,0,0,0,0,0,0,0,0,1,0,0,0,0,0,0,0,0,0,0,1,0,0,0,4,2,3,0,0,1,0,1,1,0,0,0,0,0,2,3,0,0,0,0,0,3,2,0,0,0,16,0,2,13,0,0,0,0,1,0,0,0,0,0,0,0,0,0,0,0,11,0,18,0,0,0,0,0,27,0,4,0,3,1,31,1,0,0,0,0,0,0,0,0,0,0,0,0,0,0,0,1,0,0,0,0,1,0,2,0,0,2,0,0,1,2,0,0,0,0,0,1,0,0,0,0,0,0,0,0,0,0,0,0,0,0,0,1,0,0,0,0,0,0,0,0,0,0,0,0,0,3,0,0,0,1,0,0,0,0,0,0,3,0,0,0,0,0,0,0,3,1,0,0,0,0,1,2,0,0,0,0,1,0,7,0,5,8,0,0,0,0,0,0,0,1,0,0,0,14,0,1,0,5,2,0,0,0,0,0,0,12,0,0,1,12,0,0,0,0,0,0,1,28,0,0,0,0,0,0,6,0,0,0,0,1,0,0,0,57,0,0,0,0,11,0,0,0,0,0,0,0,0,0,6,0,0,0,0,0,0,0,0,0,1,0,24,0,0,1,0
221,0,0,0,0,0,0,1,1,0,0,0,0,0,0,0,0,0,2,0,3,2,0,0,1,0,0,0,0,0,0,0,0,0,7,0,0,5,50,0,0,0,0,0,0,0,0,8,0,0,0,0,0,0,0,4,0,0,0,0,0,1,0,0,0,0,7,0,0,16,0,0,0,0,0,0,0,0,0,0,0,0,0,0,11,0,0,0,0,0,0,2,0,0,0,0,1,0,0,0,0,1,1,1,0,0,0,0,0,0,0,4,0,0,1,0,3,0,0,1,0,0,3,0,0,0,1,0,1,0,0,2,35,2,0,0,0,0,3,0,2,0,0,0,0,3,0,0,0,0,0,0,14,0,0,0,0,4,0,0,0,0,0,1,0,0,2,0,0,0,11,0,0,0,0,0,3,0,0,0,0,0,0,0,0,0,0,0,0,0,0,0,8,0,0,0,0,0,0,0,0,0,0,0,0,0,0,0,0,0,0,6,0,0,0,2,0,4,0,0,0,0,0,0,0,1,0,0,0,0,0,0,0,0,0,0,0,0,0,0,0,0,1,0,3,0,96,32,2,17,0,0,0,3,4,4,0,4,0,2,0,0,0,1,1,6,10,0,0,2,1,0,0,0,0,2,0,0,0,0,0,1,1,0,0,0,0,10,0,0,0,0,0,0,0,3,0,0,0,0,0,0,0,0,28,0,0,0,0,0,0,1,1,0,0,1,0,0,0,0,0,1,0,0,0,0,1,0,5,0,87
222,0,0,0,0,0,0,7,0,0,3,0,0,1,0,0,0,0,0,0,0,1,2,0,0,1,0,0,0,0,0,0,0,0,1,0,0,0,0,0,6,0,0,1,4,0,0,7,2,23,0,11,0,1,0,0,0,0,0,0,0,1,0,0,0,0,3,0,0,59,0,0,0,1,0,0,0,0,0,0,0,0,0,0,5,0,0,0,0,2,0,1,2,0,0,0,0,0,1,2,0,7,0,0,0,0,0,0,1,0,5,0,0,0,0,0,6,0,0,18,5,0,0,0,0,5,0,0,0,0,0,0,55,0,2,0,0,0,1,0,0,0,2,0,1,0,0,0,0,0,0,0,0,0,0,0,0,0,0,0,0,5,0,2,0,0,1,1,0,0,0,0,0,1,0,0,6,0,11,0,1,25,3,7,0,11,0,0,0,0,0,0,8,0,0,0,0,0,0,0,0,0,0,0,0,0,0,0,0,1,0,0,0,0,0,19,0,0,0,0,0,7,0,8,0,5,1,4,0,1,2,0,0,0,0,0,0,1,2,0,0,3,0,0,18,0,3,0,2,0,0,1,0,0,0,53,1,0,0,1,0,0,0,0,2,1,0,0,0,0,0,0,2,0,1,16,2,0,0,0,0,2,10,0,0,0,0,6,0,0,0,0,2,11,0,0,0,0,0,2,0,0,0,0,12,0,0,0,0,0,0,37,2,0,0,0,0,0,0,0,3,0,0,1,0,0,0,0,0,1,2
223,0,0,0,0,0,1,0,12,0,3,2,0,0,0,0,0,0,0,0,1,3,0,0,0,0,0,0,0,0,0,0,16,0,0,0,0,0,0,0,0,0,6,0,0,0,1,5,0,0,1,9,0,0,0,0,5,0,2,0,0,2,0,6,0,0,0,1,0,10,1,0,0,0,0,0,2,0,0,0,5,0,0,0,0,13,0,0,0,0,0,0,8,0,0,0,0,0,0,0,3,0,0,0,1,0,0,0,0,0,5,0,0,0,3,3,0,0,0,0,0,4,1,0,0,0,13,0,0,0,0,0,0,9,0,17,1,0,0,0,0,0,0,0,1,0,0,0,0,0,0,0,0,1,0,0,0,3,0,0,3,0,0,14,0,1,0,0,0,0,0,0,1,0,0,1,11,0,10,1,1,5,0,7,0,5,0,0,0,0,0,0,0,0,0,0,0,3,0,0,0,0,0,0,1,0,0,0,0,0,1,0,0,0,7,21,0,0,0,6,0,0,0,0,9,4,6,1,0,0,8,0,4,0,0,0,0,1,3,0,0,0,0,0,16,0,0,0,0,1,0,0,0,0,2,0,0,0,1,0,5,0,0,0,0,5,0,0,0,0,0,0,1,7,0,6,0,0,0,55,0,0,4,1,0,0,0,2,0,0,1,0,0,0,0,4,0,1,0,0,0,0,0,0,5,1,0,0,0,0,0,48,0,0,0,4,2,4,0,1,0,0,2,0,0,0,1,0,0,0,9
224,0,0,0,0,1,3,21,0,0,10,0,0,0,0,1,0,0,0,15,0,7,1,0,0,0,0,0,0,1,0,0,13,0,0,0,0,0,0,0,0,0,0,0,0,0,0,0,0,15,0,0,0,0,0,0,0,0,0,0,0,1,0,0,0,0,3,0,0,32,0,0,0,3,0,0,0,0,0,0,0,0,0,0,0,0,0,0,0,1,0,1,7,0,0,0,0,2,2,1,0,13,0,0,0,0,0,0,1,0,0,0,0,0,6,0,3,0,0,0,0,2,0,5,0,0,0,0,0,0,0,0,23,0,1,0,0,0,0,0,9,0,0,1,0,0,0,0,0,0,0,0,9,0,0,0,0,0,0,0,1,1,1,4,0,0,0,1,0,0,0,1,0,1,0,0,4,0,0,0,0,0,0,0,0,8,8,0,0,0,0,0,0,0,0,0,0,0,0,1,0,0,0,0,1,0,0,0,0,0,0,0,0,0,0,23,0,0,0,0,0,0,1,0,0,9,0,0,0,2,0,0,0,0,0,0,0,0,6,0,0,0,1,0,33,0,5,0,3,0,0,0,0,0,6,21,0,0,1,10,0,0,0,0,0,0,0,0,0,0,0,0,0,0,0,12,3,0,0,0,0,0,9,3,0,0,0,2,6,1,0,0,0,0,0,0,0,2,0,0,0,0,0,0,36,0,0,0,0,1,1,13,1,0,0,0,1,0,0,0,2,0,0,1,0,1,0,0,0,0,17
225,0,0,0,0,0,3,10,0,0,12,0,0,0,0,0,0,19,0,0,0,0,0,0,0,0,0,0,0,0,0,0,0,0,0,0,0,3,0,0,0,0,0,0,0,0,0,4,0,0,5,7,0,0,0,5,0,0,0,0,0,1,2,0,0,0,2,0,0,23,0,0,0,1,0,0,0,0,0,0,0,0,0,0,2,3,0,0,0,0,0,5,1,0,0,0,0,0,0,4,0,2,0,0,0,0,0,0,0,0,0,0,0,0,5,0,0,1,0,0,0,2,0,0,0,0,0,1,0,0,0,1,55,0,0,0,0,0,0,7,0,0,0,1,1,3,0,0,0,0,0,0,0,0,1,0,0,0,0,0,0,1,0,3,0,0,2,0,0,0,0,0,0,0,0,0,9,0,0,0,1,0,0,4,0,0,8,0,0,0,0,0,0,0,0,0,0,0,0,0,1,0,0,0,0,0,0,0,0,0,0,0,0,0,0,6,0,0,0,0,0,0,0,0,0,2,0,0,0,3,3,0,0,0,0,0,0,0,4,0,0,0,1,0,21,0,5,0,0,0,0,0,0,0,0,46,0,16,0,5,0,0,7,1,2,3,0,0,7,0,0,0,0,0,0,17,0,0,0,0,0,7,12,1,0,1,0,1,0,0,0,0,1,0,0,0,0,0,0,0,0,0,0,0,28,0,0,0,0,0,0,28,2,8,0,1,0,2,0,1,0,0,0,0,0,0,0,0,0,0,16
226,0,0,0,0,5,0,0,0,0,2,0,0,0,0,0,0,0,0,7,1,0,0,2,9,0,0,0,0,0,0,0,0,0,0,1,1,0,0,0,0,0,0,0,0,1,2,0,0,0,0,0,0,0,0,15,0,0,0,1,0,16,0,0,0,0,2,0,0,23,0,0,0,0,0,0,0,0,0,3,0,0,0,0,3,0,5,0,0,0,1,0,1,0,0,0,0,0,9,0,0,0,0,3,0,0,0,0,0,1,0,0,2,0,12,1,2,0,1,0,0,0,0,0,0,0,0,0,0,0,0,0,8,0,1,0,2,0,27,0,2,0,0,0,0,0,0,0,0,0,0,0,1,0,0,0,2,0,1,1,0,0,0,0,0,3,3,0,0,2,0,0,0,0,0,2,1,0,0,0,5,0,0,0,0,0,0,0,0,0,0,0,0,0,0,0,0,1,0,0,2,0,0,0,0,0,0,0,0,1,0,3,2,1,0,7,0,0,0,0,0,0,0,2,0,0,0,0,0,0,0,0,0,8,0,0,0,0,0,0,0,0,1,0,8,0,6,0,0,5,0,0,0,0,0,1,4,2,0,11,0,1,20,0,3,0,2,0,0,0,0,0,5,0,0,6,0,0,1,0,3,4,0,0,0,0,0,0,0,0,0,0,0,0,0,0,0,0,0,0,0,0,0,0,4,0,0,0,15,0,8,28,1,0,0,12,1,0,0,0,0,1,0,1,0,0,0,0,0,0,37
227,0,0,0,0,0,0,0,0,0,17,0,0,1,0,0,0,0,0,0,3,4,1,0,0,0,0,1,0,0,0,0,0,0,0,2,0,0,0,0,10,0,0,0,0,2,0,0,0,16,0,0,0,2,0,5,0,1,0,0,0,3,2,0,0,0,2,0,0,5,0,5,0,1,1,0,0,0,0,0,0,0,0,0,0,0,0,0,0,6,0,0,1,5,0,0,0,0,1,2,0,0,0,0,0,0,2,0,0,3,17,0,0,0,2,0,0,0,0,0,0,0,0,0,0,0,4,0,0,0,0,0,131,0,0,0,0,0,0,0,8,0,0,0,2,1,0,0,0,0,0,0,0,0,0,0,0,0,0,0,0,1,2,3,0,0,2,0,0,0,0,0,0,0,0,0,8,0,0,1,2,0,0,5,0,0,0,0,0,0,0,0,0,1,24,1,0,0,0,0,1,0,0,0,0,0,0,0,0,1,0,0,0,0,0,15,3,0,8,0,0,6,0,0,0,2,0,0,0,0,0,0,0,0,0,0,0,0,0,0,0,0,2,0,21,0,7,0,0,2,0,3,0,0,2,0,0,0,0,10,0,0,4,0,1,16,0,0,0,0,0,0,5,0,0,21,0,0,0,0,0,0,13,0,0,0,0,12,0,1,2,0,0,0,0,0,0,0,0,0,0,0,0,0,19,0,0,0,0,2,0,16,4,0,0,4,1,0,0,0,0,0,0,0,0,0,0,0,0,0,15
228,0,0,1,0,1,1,0,0,0,18,0,0,0,0,0,0,0,0,2,0,3,1,0,1,0,0,0,0,0,0,0,0,0,1,0,0,0,0,0,0,0,3,0,2,0,0,0,0,0,0,0,0,0,0,11,0,0,1,0,0,2,0,0,0,0,4,0,0,15,0,0,0,0,0,0,1,0,48,0,4,0,0,0,6,0,0,0,1,7,0,0,2,0,0,0,0,3,0,0,0,12,0,0,0,0,0,0,0,0,0,0,0,0,2,0,10,0,0,0,0,0,0,0,0,0,0,0,0,0,0,0,31,0,0,17,0,0,0,0,6,0,0,0,0,0,0,0,0,0,0,0,0,0,0,0,0,0,0,0,0,2,0,6,0,0,1,0,0,0,0,1,0,0,0,0,20,0,0,1,1,0,0,0,1,0,0,0,0,0,0,0,0,0,0,0,0,0,2,0,0,0,1,0,0,0,0,0,0,0,0,0,0,0,0,10,0,0,0,0,0,0,0,0,0,0,3,4,0,0,3,0,0,0,0,0,0,0,0,0,0,0,0,0,18,0,5,0,2,0,0,0,0,0,0,111,0,0,0,9,9,2,11,1,1,0,0,0,0,0,0,0,0,0,0,16,0,0,0,0,1,3,15,0,0,0,0,1,0,1,0,0,0,7,0,0,0,0,0,0,0,0,0,0,11,0,2,0,0,0,1,0,1,0,3,2,0,0,0,0,0,2,0,0,0,0,0,0,0,0,18
229,0,0,0,0,0,1,0,1,1,0,1,0,0,0,0,0,0,4,0,0,2,4,0,0,0,3,0,0,0,0,0,0,0,0,0,0,0,0,0,0,0,0,0,0,0,1,0,0,0,16,0,0,0,0,0,0,1,0,0,0,1,0,0,0,0,2,1,0,4,0,0,0,0,0,1,0,0,0,0,1,0,0,1,0,0,0,0,0,0,0,0,0,0,0,0,0,0,0,0,2,1,0,0,0,0,0,0,0,0,2,0,0,1,0,0,0,0,0,0,0,11,0,0,0,1,0,0,0,0,0,3,0,0,0,1,1,2,0,0,0,0,0,0,0,2,0,0,0,0,2,1,0,0,0,1,0,0,0,0,0,2,0,39,0,6,0,0,0,0,0,0,0,0,0,0,1,0,1,0,0,0,1,0,0,0,0,0,17,0,0,0,0,0,0,0,12,2,0,0,0,0,0,0,5,0,0,0,0,1,1,14,0,0,2,3,0,0,0,0,24,4,0,4,1,1,0,0,7,0,0,0,0,1,0,8,1,0,0,0,0,1,0,0,2,0,18,64,0,30,3,0,0,0,25,0,8,0,0,1,0,0,0,0,0,8,0,0,0,5,0,0,0,0,0,1,0,0,0,0,0,0,0,0,1,0,0,0,0,0,0,0,1,1,0,0,0,0,0,0,0,1,0,0,5,0,0,7,0,0,0,2,0,0,0,2,1,2,0,0,0,0,4,0,0,0,0,0,0,0,38
230,0,0,0,0,0,0,0,0,0,2,0,0,2,0,0,0,0,0,0,2,1,0,0,0,0,5,4,0,0,0,0,0,2,1,0,0,0,82,0,0,0,2,2,3,0,0,0,0,0,7,0,1,0,0,0,0,0,0,0,0,1,0,0,0,0,3,0,0,25,2,1,0,0,0,0,2,0,0,0,0,0,0,0,0,14,0,0,0,3,0,0,3,0,0,0,0,0,0,3,0,0,0,1,0,0,0,1,0,0,0,1,0,0,0,0,0,0,0,0,0,5,1,4,0,1,0,0,0,0,0,0,59,0,1,0,0,0,0,0,8,1,0,0,1,0,0,0,0,0,0,0,0,0,0,0,0,0,0,0,0,0,0,1,0,0,1,0,0,0,0,0,0,0,0,0,3,0,0,0,0,0,13,5,0,0,0,0,0,0,0,0,0,0,0,1,0,0,0,0,0,0,0,1,0,0,0,0,1,0,0,0,0,0,0,6,2,0,0,0,0,6,0,0,0,2,0,0,0,0,0,0,0,2,0,0,0,0,0,0,1,0,2,0,30,0,3,1,0,0,0,2,0,0,0,38,0,2,0,8,0,2,0,1,0,0,0,0,0,0,0,1,0,0,0,6,0,0,0,15,0,4,5,0,1,0,0,11,0,0,0,0,0,0,0,0,0,0,0,0,0,0,0,0,15,0,0,0,12,0,0,44,0,0,0,1,0,2,0,0,0,0,0,0,0,0,0,1,1,0,7
231,0,0,0,0,0,1,0,0,0,8,0,0,0,0,0,3,2,0,0,0,0,0,0,2,0,1,0,0,0,1,0,0,0,0,32,0,0,0,3,0,0,0,0,2,0,0,0,0,1,9,0,2,0,0,0,1,0,0,6,9,3,2,0,0,0,4,1,0,3,0,0,0,0,0,1,0,0,0,0,0,0,0,0,0,0,0,0,0,1,0,2,2,0,0,0,0,0,0,0,1,0,1,0,0,0,0,0,0,0,0,0,0,0,0,0,0,3,0,1,0,0,0,0,0,0,0,0,0,0,0,3,0,0,0,1,0,2,0,0,1,0,0,0,1,0,0,0,0,0,0,0,0,1,0,0,0,5,0,0,0,9,0,13,1,0,0,4,0,0,15,0,0,0,0,2,0,0,0,0,0,0,0,0,0,0,0,0,0,0,0,0,0,0,3,0,2,0,0,0,0,0,0,0,18,0,0,0,0,0,1,0,0,0,0,1,1,0,0,0,0,0,0,0,0,0,0,0,0,0,2,1,0,2,0,0,4,0,0,1,0,0,0,0,3,0,0,13,8,43,0,0,0,0,0,1,0,6,1,1,0,6,0,0,1,9,5,0,0,0,0,0,0,1,0,2,0,0,0,1,0,0,0,0,1,0,0,0,0,0,0,0,0,0,0,0,0,0,0,0,4,0,0,0,21,0,0,1,0,0,0,2,0,9,1,1,0,0,0,0,0,0,3,0,4,0,1,0,12,0,27
232,0,0,0,3,3,0,0,0,0,2,0,0,0,0,1,0,0,1,2,5,0,4,0,6,0,0,0,1,0,0,0,0,0,13,0,0,0,0,0,0,0,0,0,0,0,0,0,0,0,0,0,0,0,0,0,0,1,0,1,0,11,0,0,0,0,0,0,0,7,0,0,0,0,0,0,4,0,1,0,0,0,0,0,6,0,0,3,0,1,0,0,2,0,0,0,0,0,0,2,8,1,1,0,0,0,4,2,0,0,0,0,0,0,0,1,0,0,0,0,0,0,0,0,0,0,0,0,1,0,0,0,16,0,0,0,0,0,0,0,5,0,0,0,22,0,0,0,0,0,0,3,0,0,0,0,0,0,1,0,0,0,0,0,0,13,1,0,5,0,1,0,0,0,2,0,2,0,1,0,0,0,0,0,0,0,0,0,0,0,0,17,0,0,0,1,7,0,0,0,0,0,0,2,0,0,0,0,0,0,0,0,0,0,0,0,0,0,0,0,15,0,0,0,0,0,0,0,0,0,0,0,0,0,0,0,0,0,1,0,0,0,2,0,15,1,4,0,0,4,0,0,0,0,0,1,0,2,0,12,1,2,0,2,1,0,3,0,6,0,0,0,0,0,2,4,0,0,5,0,0,1,3,0,0,0,0,0,0,0,0,0,0,0,0,0,0,0,0,0,0,0,0,0,3,0,0,0,0,0,2,17,0,0,0,0,0,0,0,0,0,0,0,1,1,0,0,0,0,2,63
233,0,1,0,0,0,6,0,1,0,13,0,0,0,0,0,6,0,0,0,0,5,0,0,0,0,2,0,0,0,0,0,0,0,0,0,0,12,0,0,0,0,0,0,0,0,1,8,1,0,30,0,0,0,0,4,0,0,0,8,0,1,0,0,0,0,5,10,0,0,1,0,0,1,0,1,0,0,0,0,1,0,0,0,0,0,0,0,4,0,0,0,2,2,0,0,0,0,0,28,0,0,0,0,0,2,0,0,0,0,0,0,1,0,2,0,0,0,0,0,0,0,2,3,0,0,2,0,2,0,1,2,0,0,1,0,1,4,0,0,1,0,0,0,1,0,0,0,1,0,1,5,0,0,0,0,0,0,0,0,0,8,0,19,0,0,0,0,0,0,14,0,0,0,0,0,1,0,0,0,0,0,0,2,27,0,0,0,0,0,0,0,0,0,1,0,7,0,0,0,0,0,0,0,8,0,0,0,1,0,2,0,0,0,0,3,5,0,0,0,8,4,0,0,1,1,1,0,0,0,2,0,0,1,0,0,1,1,0,0,0,0,1,0,4,0,0,0,0,6,0,0,1,0,0,0,0,0,0,0,0,0,0,0,0,10,0,0,0,0,0,0,0,1,3,3,0,0,0,0,0,0,0,15,0,0,0,0,0,0,0,0,0,0,0,0,2,0,0,0,0,2,0,1,16,0,0,4,0,0,1,0,0,0,0,2,0,0,0,0,0,0,5,0,3,0,5,0,0,0,15
234,1,0,0,0,0,0,0,0,0,87,0,0,0,0,0,0,0,0,0,19,1,0,0,1,0,2,0,0,0,0,0,0,1,6,0,0,8,47,2,0,0,0,1,0,0,0,0,0,0,14,0,0,0,0,0,0,0,0,0,0,2,0,0,0,0,5,0,0,22,0,0,0,0,3,0,0,0,0,3,0,0,0,0,2,0,1,0,1,1,0,0,1,2,0,0,0,0,0,17,0,1,1,0,0,0,0,0,0,0,0,0,0,1,0,0,1,0,0,0,0,7,0,0,0,0,0,0,0,0,0,0,27,1,0,0,0,1,0,0,0,1,0,0,3,6,0,0,0,0,1,0,0,0,0,0,0,4,2,0,0,2,0,0,0,0,1,0,0,0,2,0,0,0,0,1,1,0,0,0,1,0,1,0,0,0,0,0,0,1,0,0,0,0,0,0,0,0,0,0,0,0,0,0,0,0,0,0,1,0,0,0,0,0,0,5,0,5,0,0,10,0,0,1,0,0,0,0,0,0,0,2,0,0,0,0,0,0,0,0,0,1,0,0,0,13,68,0,0,38,0,0,0,0,0,1,0,4,0,1,0,1,1,1,1,0,12,0,0,0,2,0,0,0,0,1,0,0,0,1,0,0,1,0,0,0,0,8,0,0,0,0,0,0,0,0,3,0,0,0,0,0,4,0,34,0,0,0,0,0,0,0,3,0,1,1,0,0,0,0,0,0,3,0,0,0,0,0,0,1,86
235,0,0,0,0,0,0,0,0,0,15,0,0,0,0,0,0,0,0,0,1,2,0,0,0,0,8,0,0,0,0,0,20,2,0,0,0,2,0,0,0,0,4,0,0,0,1,0,0,0,7,0,1,0,0,0,0,0,0,0,0,1,0,1,0,0,1,1,0,1,0,2,0,0,0,0,0,0,6,0,4,0,0,0,3,0,0,0,0,0,0,0,3,0,0,0,0,2,0,0,7,8,0,0,0,0,0,0,0,0,15,0,0,0,3,0,0,0,0,21,0,2,1,0,0,0,2,0,0,0,3,1,0,0,1,0,0,1,0,0,0,0,0,0,1,0,0,0,0,0,0,0,0,0,0,0,6,0,0,0,0,4,0,6,0,0,0,1,0,0,0,0,0,0,0,0,4,0,0,1,1,0,0,0,0,0,0,0,0,0,3,0,0,0,0,0,4,0,0,0,0,0,0,0,1,0,0,0,0,0,0,0,0,0,0,7,1,0,0,0,0,9,0,0,10,9,2,0,0,0,0,0,0,6,1,0,0,1,0,3,0,0,0,0,44,0,2,1,1,2,0,0,0,0,9,0,0,0,0,0,5,0,14,0,0,7,0,0,0,0,0,0,0,5,0,1,0,0,0,55,1,0,6,0,1,1,0,0,0,0,0,0,0,0,0,0,0,0,0,0,0,0,0,0,6,0,0,0,0,5,0,58,0,14,0,2,2,0,0,0,0,0,0,0,0,1,1,0,1,0,3
236,0,0,0,0,0,0,0,0,0,13,1,0,0,0,0,0,0,0,0,4,2,0,0,3,0,0,0,0,1,0,0,0,0,0,18,0,0,0,0,0,0,0,0,0,0,0,0,0,0,0,0,0,0,0,0,0,0,0,4,0,1,0,4,0,2,1,0,0,9,0,0,0,0,3,1,0,0,0,0,0,0,0,0,0,0,0,0,0,0,0,4,3,0,0,0,0,0,0,33,1,0,0,1,0,0,0,0,0,0,0,0,0,3,0,0,0,0,0,0,0,0,0,1,0,0,1,0,0,0,0,0,22,0,0,0,1,0,0,0,1,0,0,0,1,0,0,0,0,0,0,0,0,0,0,0,0,3,3,0,0,0,0,2,0,0,0,0,3,0,4,0,0,0,0,0,5,0,0,0,0,5,2,0,0,0,0,0,0,0,0,0,0,0,0,0,0,0,0,0,0,0,0,0,0,0,0,0,0,0,1,0,0,0,0,2,0,0,0,0,0,0,0,0,0,0,0,0,0,0,0,1,0,0,0,0,0,0,0,0,0,0,1,0,1,0,27,3,0,26,3,0,0,0,5,4,0,6,0,0,0,8,0,0,1,0,8,0,8,0,0,0,0,1,20,3,0,0,0,0,0,0,0,0,1,0,0,0,1,2,0,0,0,2,0,0,0,0,0,1,0,0,1,0,12,0,0,0,15,0,0,0,0,0,3,0,0,0,0,0,0,0,2,0,12,0,0,0,0,1,32
237,0,0,0,0,0,4,19,0,0,6,0,0,1,0,0,0,0,0,7,0,1,0,0,0,0,8,0,0,0,0,0,0,0,1,0,0,10,0,0,0,0,0,0,0,0,1,0,0,0,0,0,0,0,0,0,6,0,0,0,0,3,0,0,0,0,0,1,0,0,0,0,1,0,1,0,0,0,0,2,5,0,0,0,0,12,0,0,3,0,0,0,3,0,0,0,0,0,0,0,7,12,0,0,0,0,0,0,0,0,22,0,0,4,0,0,0,0,0,0,0,3,0,0,0,3,9,0,0,0,0,0,34,0,0,0,0,0,1,0,0,0,0,0,0,0,0,0,0,0,0,0,0,0,0,0,0,0,0,0,0,3,0,12,0,0,1,0,0,0,0,0,0,1,0,0,19,0,6,0,1,0,4,7,0,0,8,0,0,0,0,1,0,0,0,0,1,0,0,0,0,0,0,0,0,0,0,0,0,1,2,0,2,0,2,3,5,0,3,0,1,0,0,0,0,3,9,0,1,0,2,0,0,4,0,0,0,0,0,0,0,0,1,0,21,0,0,0,0,5,0,1,1,1,12,0,0,0,0,0,4,0,0,0,0,15,0,0,0,0,0,0,0,1,0,10,0,0,0,23,0,4,7,0,0,0,0,0,0,0,1,0,2,0,0,7,0,0,0,10,0,0,0,0,2,0,0,0,0,0,0,18,0,0,2,1,1,0,0,0,5,0,0,0,0,0,0,1,0,0,5
238,0,0,0,0,0,0,0,1,0,0,1,0,0,0,5,0,0,0,0,11,0,0,0,0,0,0,0,1,0,0,0,0,0,0,0,0,5,0,0,0,0,0,0,0,2,0,5,0,0,14,0,0,0,0,3,0,0,0,0,0,0,0,0,0,1,0,2,0,16,0,0,0,0,0,0,0,0,0,1,0,0,0,0,0,0,0,0,0,1,0,4,3,0,0,0,0,0,0,25,0,0,0,0,0,0,0,0,0,0,0,0,0,0,0,0,0,3,0,0,0,0,0,0,0,0,0,0,0,0,0,0,50,2,0,0,0,0,0,0,0,0,0,0,3,0,0,0,0,0,1,8,0,0,0,1,0,0,0,0,0,0,0,0,0,0,0,0,3,0,25,0,6,0,0,0,0,1,0,0,0,1,0,0,0,0,0,0,0,0,0,0,0,0,0,0,0,0,0,0,0,0,0,0,0,1,0,0,0,0,0,0,0,0,7,0,0,0,0,0,0,0,0,0,0,1,0,5,1,0,1,3,0,0,0,0,0,0,0,0,0,0,6,0,0,0,70,4,0,25,0,0,0,0,0,6,0,3,0,1,2,9,0,2,1,4,7,0,11,0,0,0,0,0,12,2,0,0,0,0,0,0,0,0,1,0,0,7,0,0,0,0,0,0,0,0,0,0,0,2,0,0,0,0,0,0,0,0,0,0,0,0,0,0,0,0,0,0,0,0,0,0,0,0,4,14,0,0,0,3,37
239,0,2,0,0,0,0,0,0,0,6,0,0,0,0,2,0,0,0,0,0,2,0,0,2,0,0,0,0,0,0,0,28,0,6,0,0,4,0,0,0,0,0,1,0,0,0,0,2,0,0,0,0,0,0,0,0,0,0,0,0,6,0,0,4,0,10,0,0,45,0,0,0,0,0,0,0,0,0,0,0,0,0,0,3,5,0,0,0,2,0,14,3,2,0,0,0,0,0,28,0,2,0,1,0,2,0,0,0,0,0,0,0,0,0,0,3,0,0,1,0,0,0,0,0,0,0,0,0,0,1,0,120,0,0,0,0,2,2,0,0,0,0,0,2,0,0,0,0,1,1,0,8,0,1,0,0,0,0,0,0,6,1,2,0,0,1,0,2,0,0,0,0,0,0,1,3,0,0,0,0,0,0,0,0,0,0,0,7,0,0,0,14,0,0,0,0,1,0,0,0,0,0,0,7,0,0,0,0,0,0,0,0,0,0,1,0,0,0,0,0,0,0,0,0,3,0,0,0,0,0,12,0,1,0,0,0,0,0,0,0,0,0,0,1,0,111,39,0,5,0,1,0,0,0,14,16,8,0,0,0,0,0,0,1,5,9,0,0,0,0,0,0,0,0,7,0,1,1,0,0,0,1,0,0,0,0,9,0,2,1,0,0,0,0,0,0,2,0,0,0,0,0,0,36,0,0,3,0,0,0,1,1,0,1,0,3,1,0,0,4,1,0,0,0,0,0,4,0,0,157
240,0,0,0,0,0,0,0,0,1,9,0,0,0,0,0,0,0,0,7,0,3,0,0,1,0,0,2,0,0,0,0,0,0,0,0,1,0,0,0,0,0,0,0,0,0,1,0,0,0,2,0,0,1,0,9,0,0,0,0,0,0,0,0,0,0,0,0,0,15,0,0,0,0,0,0,0,0,12,0,0,0,0,0,0,22,0,0,0,2,0,6,3,0,0,1,0,0,1,4,0,11,0,0,0,0,0,0,0,4,30,0,0,0,1,3,0,0,0,0,2,0,0,0,0,0,0,0,0,0,1,0,62,0,0,5,0,0,2,0,6,0,0,0,1,0,0,0,0,0,1,0,0,0,1,0,0,0,0,0,0,2,2,4,0,0,0,0,0,0,0,0,0,0,3,0,3,0,9,0,3,0,0,1,0,0,0,0,0,0,0,0,6,0,8,0,0,0,2,0,1,0,1,0,0,0,0,1,0,0,0,0,0,0,7,13,2,0,0,0,0,0,0,0,3,4,0,0,0,6,0,0,0,0,0,0,0,0,0,0,0,0,2,0,26,0,6,0,0,4,0,0,0,0,0,60,0,13,0,0,0,0,13,0,1,7,0,0,0,0,0,0,0,0,0,4,0,3,5,17,0,0,10,0,0,0,0,6,0,0,1,0,1,0,0,0,0,0,0,0,0,0,0,0,46,0,0,0,19,0,0,51,3,0,1,1,0,0,0,0,4,5,0,0,6,0,0,1,1,0,15
241,0,0,0,6,0,0,0,11,0,6,0,0,0,0,0,0,5,0,9,0,0,0,0,0,5,1,0,0,0,0,0,0,0,0,0,1,3,0,0,0,0,0,0,0,0,1,0,4,0,1,0,0,0,0,0,0,0,0,0,0,14,0,0,0,2,1,9,4,0,0,0,0,0,0,0,0,0,0,0,1,0,0,0,4,0,1,0,0,0,0,0,0,1,0,0,0,0,0,0,19,2,0,0,8,0,0,9,0,0,0,0,0,24,3,1,0,0,0,0,0,0,0,0,0,0,0,3,0,0,0,0,0,0,0,0,0,9,0,0,2,0,0,0,0,0,0,0,0,0,0,0,0,0,0,0,0,0,0,0,0,1,0,0,0,0,0,0,0,0,0,0,0,0,0,2,1,0,3,0,8,1,1,4,0,0,0,0,0,0,0,0,0,0,0,0,9,0,0,0,0,0,0,0,0,0,0,0,0,0,2,0,0,0,0,0,1,0,0,0,1,0,0,0,1,0,6,0,0,0,0,2,0,9,0,0,0,5,0,0,0,0,1,0,6,0,0,0,1,1,0,0,0,0,1,0,3,0,0,11,0,0,0,1,0,0,0,0,0,0,0,0,0,0,0,1,0,0,0,1,0,4,0,0,0,0,0,0,0,0,0,0,0,0,0,0,0,0,0,0,0,0,4,0,2,0,0,0,0,0,9,24,0,0,0,15,3,0,0,0,0,0,0,0,0,0,55,0,0,0,34
242,0,1,0,0,0,0,0,0,0,13,0,0,0,0,1,0,2,2,0,0,6,0,0,0,0,2,0,0,1,0,0,0,0,7,0,0,5,0,0,0,1,0,0,0,0,0,0,0,0,46,0,0,0,0,0,0,0,0,0,0,3,0,4,2,0,14,6,1,0,0,0,0,0,1,2,0,0,0,0,0,0,0,0,0,0,0,2,0,0,0,0,1,0,0,0,0,0,0,0,1,0,1,0,0,0,0,0,0,0,3,11,1,0,3,1,0,0,0,0,0,0,0,0,2,3,2,0,0,0,0,3,0,0,0,0,0,4,2,0,0,0,0,0,0,0,0,0,0,1,1,0,19,0,0,0,1,4,0,0,0,0,0,2,0,0,0,0,0,0,0,0,0,0,0,2,0,0,1,0,1,1,0,2,0,0,0,0,0,0,0,0,0,0,0,0,0,0,15,0,0,0,0,0,0,0,0,0,0,0,1,0,0,0,0,5,0,0,0,0,29,0,0,0,3,0,0,0,0,0,0,2,0,0,0,0,0,0,0,2,0,0,0,0,1,21,0,0,0,0,0,0,0,0,6,0,9,0,1,1,0,0,0,0,0,11,0,0,0,0,0,0,0,0,0,0,0,1,0,0,0,0,0,5,0,2,0,0,0,0,0,0,0,0,0,0,0,0,0,0,0,0,0,0,2,0,0,0,0,0,1,1,0,0,0,0,0,0,0,0,0,0,0,0,0,0,0,0,0,0,4
243,0,0,0,30,5,0,1,0,0,30,0,0,0,0,0,0,0,0,0,6,3,0,0,4,0,0,0,0,0,0,0,0,0,8,0,0,0,0,0,0,0,0,0,0,0,0,0,0,0,0,1,0,0,0,0,0,0,0,0,0,2,0,4,0,0,0,0,0,20,6,0,0,0,0,0,0,4,0,0,0,0,0,0,4,0,1,1,0,1,0,11,1,0,0,0,0,0,0,0,0,2,1,0,0,0,0,0,0,0,1,0,0,0,1,0,11,0,0,0,0,0,0,0,5,0,0,0,0,0,0,0,8,1,1,0,0,0,0,0,1,1,0,14,0,0,0,0,0,1,1,0,0,0,0,0,0,0,3,0,0,1,0,8,0,0,1,0,0,0,9,0,0,0,0,1,2,0,0,0,0,0,0,0,0,0,0,0,0,1,0,0,0,0,0,0,0,0,0,0,0,0,0,0,10,0,0,0,0,0,0,0,0,0,6,1,0,0,0,0,0,0,0,0,0,0,0,3,0,0,0,5,0,0,0,0,0,0,0,0,0,0,3,2,1,0,77,0,0,56,0,0,0,0,0,2,4,13,0,0,0,9,0,1,3,5,6,0,0,0,0,0,1,0,0,0,0,0,0,0,0,1,0,8,0,0,0,17,0,0,0,0,0,1,0,0,0,1,0,0,0,0,2,0,17,1,0,0,0,0,0,1,0,0,0,1,0,0,0,0,0,0,0,0,5,0,0,0,0,0,28
244,1,0,0,0,0,0,0,0,0,32,0,0,0,0,0,0,0,0,0,0,6,0,0,0,0,0,0,0,0,0,0,49,0,0,0,1,0,0,0,0,0,0,0,0,0,1,0,0,0,18,0,0,0,0,0,0,0,0,0,0,1,1,0,0,0,7,2,0,0,0,17,0,0,0,0,0,0,0,1,0,0,0,0,0,2,0,0,0,0,0,0,1,0,0,0,0,0,0,0,0,0,1,0,0,0,0,0,0,0,0,0,0,1,1,15,0,0,0,0,0,0,0,0,0,0,1,0,0,0,0,0,0,1,0,0,0,2,0,0,1,0,0,0,0,0,0,0,0,0,0,0,0,5,0,0,3,0,0,0,2,7,0,8,0,0,0,0,0,0,0,0,0,0,0,0,0,0,1,0,1,0,0,0,0,0,0,0,0,0,0,0,0,0,0,0,5,2,0,0,0,0,0,0,4,0,0,2,0,0,1,0,0,0,0,4,0,0,0,0,2,0,0,0,1,0,0,0,0,0,0,3,0,1,0,0,1,0,0,1,0,0,0,0,1,0,0,5,4,6,1,0,0,0,10,0,0,4,0,0,0,0,0,1,0,2,0,0,0,0,0,0,0,1,3,2,0,0,0,1,0,0,0,0,0,0,0,0,0,0,0,0,0,0,0,0,0,0,0,0,0,0,0,1,2,0,0,5,14,0,0,1,0,0,0,0,1,0,0,0,0,0,0,0,0,0,2,0,0,0,5
245,0,0,0,0,0,0,0,0,0,11,3,0,0,0,0,0,0,2,2,0,2,1,0,1,0,0,0,0,0,0,0,0,0,0,0,1,0,42,0,0,1,0,0,0,0,0,0,0,8,5,0,0,0,0,6,0,2,0,0,0,1,0,0,0,1,3,0,0,3,1,0,0,0,1,0,0,0,21,0,3,0,0,0,3,0,0,0,0,7,0,1,2,0,0,0,0,0,0,3,0,0,0,0,0,0,0,0,0,0,0,0,0,8,2,0,27,0,0,0,0,0,0,0,0,0,0,0,0,0,0,0,57,0,0,2,0,0,5,0,0,0,0,0,0,0,0,0,0,0,0,1,6,1,0,0,0,0,0,0,0,4,1,2,0,0,0,0,0,0,0,0,0,0,0,0,14,0,0,1,0,0,0,0,0,0,0,0,0,0,0,0,0,1,0,0,0,1,0,0,0,0,0,0,0,0,0,0,0,0,0,0,0,0,0,8,0,0,0,0,0,0,0,0,5,2,0,0,0,0,0,0,0,0,0,1,0,0,0,0,1,2,0,1,20,0,12,0,0,0,0,0,0,1,0,14,1,13,0,0,0,0,4,1,0,3,0,0,0,0,0,0,2,0,0,7,0,0,0,0,0,0,20,0,0,3,0,2,0,1,0,0,0,0,0,0,0,0,0,0,0,0,0,0,18,0,2,0,17,0,0,36,2,0,0,1,0,0,0,0,0,0,0,0,0,0,0,1,0,0,11
246,0,0,0,0,0,0,0,0,0,23,0,3,0,0,2,9,0,0,0,2,2,0,0,3,0,0,18,0,0,0,0,0,0,2,20,0,0,0,0,0,0,0,2,1,0,0,0,0,0,15,0,0,4,0,0,0,0,0,0,0,0,0,0,4,0,5,0,2,2,0,0,0,0,0,0,0,0,0,0,0,0,0,1,0,0,0,0,0,1,0,0,1,0,0,0,0,0,0,13,0,2,1,0,0,1,0,0,0,0,0,2,0,1,0,0,0,0,0,0,0,0,0,0,4,0,1,0,0,0,0,0,56,0,0,0,0,0,0,0,4,0,0,76,6,0,0,0,0,0,0,0,17,0,0,2,0,0,6,0,0,0,0,0,0,4,1,0,0,0,13,0,0,0,0,0,2,0,0,0,0,1,1,0,0,0,0,0,0,0,0,0,0,0,3,0,1,0,0,0,0,0,0,0,0,0,0,0,0,0,0,0,0,0,15,2,1,3,0,0,4,0,0,0,0,0,0,0,0,0,0,0,0,0,1,0,0,0,0,0,0,0,10,0,0,0,41,0,0,16,0,0,0,0,0,4,0,5,0,0,0,0,0,3,2,0,21,0,0,0,0,0,0,0,5,3,0,0,0,0,0,0,0,0,0,0,0,12,0,2,0,0,0,2,0,0,1,0,0,0,0,0,0,0,15,0,0,0,0,0,0,0,0,8,0,0,0,0,0,0,0,0,0,0,0,0,0,0,0,0,36
247,0,0,0,0,0,0,0,0,0,1,0,0,0,0,0,0,0,0,8,2,1,0,0,7,6,0,0,0,0,0,0,1,0,0,0,0,0,0,0,0,0,0,0,0,0,0,0,0,0,0,1,0,0,0,0,0,0,4,0,0,11,0,0,0,0,3,0,1,31,0,0,0,0,0,0,0,2,0,9,0,0,0,0,19,0,0,0,0,0,0,0,1,0,0,0,0,0,0,1,1,2,0,0,0,0,2,0,0,1,0,0,0,0,10,0,1,0,0,29,0,11,0,12,0,0,0,6,0,0,0,0,20,0,1,0,1,3,75,1,4,6,0,0,7,0,0,0,0,0,0,0,0,0,0,0,0,0,0,0,0,0,0,0,3,0,2,0,0,0,0,2,3,0,0,0,1,0,0,0,0,0,2,0,0,0,0,0,0,1,0,0,0,0,0,1,0,0,0,0,8,0,0,0,0,0,0,1,0,0,0,0,0,0,0,3,0,0,0,0,0,1,0,0,0,0,0,0,12,0,0,1,0,6,0,0,0,0,0,0,0,0,0,6,3,0,6,0,0,8,0,0,0,0,7,0,0,0,0,0,0,0,0,1,2,1,5,0,0,0,0,25,0,0,0,1,0,1,2,0,0,5,2,0,0,0,0,0,17,0,0,0,0,0,0,0,0,1,0,0,10,0,0,0,1,0,0,0,0,0,4,79,1,0,5,5,0,0,0,0,0,0,0,0,0,1,0,0,0,0,93
248,0,1,0,0,0,0,0,0,0,29,1,0,0,0,0,0,0,0,0,7,3,0,1,2,0,0,0,0,0,0,0,16,0,9,0,0,0,0,0,0,0,2,0,2,0,0,1,4,0,0,0,0,6,0,0,0,0,7,0,0,3,1,0,0,0,4,0,0,6,0,0,0,0,0,0,0,0,0,0,0,0,0,0,4,2,0,0,0,4,0,0,1,0,0,0,0,0,0,22,0,1,0,0,0,0,0,0,0,0,0,0,2,0,0,0,0,0,1,0,0,0,4,0,0,0,0,0,2,0,1,0,43,0,0,0,0,0,0,1,1,0,0,42,2,0,0,0,0,0,0,0,0,0,0,0,0,4,0,0,1,2,0,2,0,0,1,0,2,0,8,0,0,0,17,1,3,0,0,0,0,1,0,0,14,0,0,1,0,0,0,0,0,0,0,0,0,0,0,0,0,0,0,0,0,0,0,0,0,0,0,0,0,0,0,2,0,0,0,0,1,0,0,0,1,0,0,0,0,0,0,0,0,0,0,0,0,0,0,0,0,0,0,0,1,0,4,0,0,10,0,0,0,0,0,6,0,10,0,0,0,1,0,3,2,0,7,0,0,0,4,0,0,0,4,6,0,0,0,0,0,0,0,0,0,0,0,32,0,0,4,0,0,0,0,8,0,3,0,0,0,0,3,0,14,0,0,0,10,0,0,0,0,0,2,0,0,0,0,0,0,1,0,0,0,0,0,0,0,1,85
249,0,0,0,0,0,1,0,0,0,4,0,0,1,0,0,0,0,0,0,0,0,1,0,0,0,5,1,0,0,1,0,0,2,0,0,0,22,0,0,0,0,0,1,0,0,1,0,0,0,15,5,0,0,0,0,0,1,0,1,0,1,0,5,0,0,1,1,0,4,0,0,0,0,0,0,0,1,0,0,0,0,0,0,0,0,0,0,0,0,0,1,10,0,0,0,0,2,0,0,2,0,0,0,1,0,0,0,0,0,36,0,0,0,9,2,0,0,0,0,0,3,0,0,0,3,19,0,0,0,0,0,11,0,0,0,0,1,0,0,0,0,0,0,0,0,0,0,0,0,0,0,0,0,0,0,2,2,0,0,2,0,0,2,0,0,2,0,0,0,0,0,1,0,0,1,22,0,7,1,0,0,0,0,0,0,0,0,0,1,0,0,0,1,0,0,3,0,0,0,0,0,0,0,4,0,0,0,0,1,1,0,0,0,0,4,0,0,0,0,0,0,0,6,3,2,3,0,0,0,2,0,0,10,0,0,0,2,0,0,0,0,7,0,29,0,0,0,0,5,0,0,0,0,0,0,0,0,0,0,0,0,0,0,0,0,0,0,0,0,0,0,0,0,0,14,4,0,0,0,0,2,20,1,1,0,0,0,3,1,0,0,0,0,0,0,0,0,0,0,0,0,1,0,6,0,0,0,0,1,0,17,0,0,0,6,1,0,0,0,0,6,0,0,0,0,0,2,0,0,2
250,0,0,0,0,0,0,0,0,0,18,0,0,2,0,0,0,0,0,39,0,0,2,0,1,1,7,5,0,0,0,0,21,2,0,0,0,0,0,0,0,0,0,0,0,0,0,0,0,0,0,0,1,0,0,23,0,0,0,0,0,1,0,0,0,0,2,0,0,0,0,4,0,0,0,0,0,0,0,0,2,0,0,0,3,0,0,3,0,3,0,1,6,0,0,0,0,0,0,0,0,16,0,0,0,0,1,0,1,7,50,0,0,0,2,0,0,0,0,4,2,0,0,0,0,0,0,0,0,0,0,0,15,0,0,9,0,0,1,0,7,0,0,0,2,0,0,0,0,0,0,0,12,0,0,9,0,0,0,0,0,5,2,0,0,1,2,0,0,0,0,0,0,0,1,0,23,0,0,0,1,0,1,7,0,0,0,0,0,0,1,0,0,0,0,0,0,0,0,0,0,5,0,0,0,0,0,0,0,0,0,0,0,0,0,7,0,0,0,2,0,0,0,0,0,1,0,0,0,0,0,0,0,0,0,0,0,2,0,0,0,0,0,0,19,0,14,0,0,2,0,0,0,0,2,71,0,0,0,5,0,0,0,0,0,0,0,0,0,0,0,0,1,0,0,6,0,7,2,0,0,5,0,0,0,0,0,10,0,0,0,0,0,0,0,0,0,0,0,0,0,0,0,0,20,0,2,0,0,0,0,0,4,5,3,2,0,1,0,0,0,0,3,0,0,1,0,0,0,0,14
251,0,0,0,0,0,0,0,0,0,2,0,0,0,0,5,0,0,0,9,6,3,0,0,1,0,0,0,0,0,0,0,9,0,0,0,0,0,0,0,0,0,0,0,0,0,0,0,0,0,0,0,0,1,1,0,0,0,1,0,0,0,4,0,0,0,0,0,0,26,0,0,0,0,0,0,0,0,0,0,0,0,0,0,0,0,0,0,0,3,0,1,10,0,0,0,0,2,1,3,0,7,0,1,0,0,0,0,0,7,19,0,0,0,0,0,0,0,0,0,0,0,0,0,0,0,0,0,0,0,0,0,101,0,0,0,0,0,1,0,5,2,5,0,1,0,0,0,0,0,0,1,0,0,1,28,0,0,0,0,0,0,0,1,0,0,2,1,0,0,0,0,0,0,14,0,47,0,0,0,1,11,0,0,0,0,0,0,0,0,0,1,0,0,0,0,0,0,0,0,0,0,0,0,0,0,0,0,0,0,0,0,0,0,2,20,0,0,0,11,0,0,0,0,0,0,0,0,0,1,0,0,0,0,0,1,0,0,0,0,0,0,0,0,19,0,5,0,0,0,0,0,0,0,0,42,0,26,0,4,0,2,0,2,2,3,0,0,0,0,0,0,0,0,0,33,2,0,0,22,0,2,4,0,0,0,0,3,11,0,0,0,2,10,0,3,0,0,0,6,0,0,0,0,5,0,0,0,14,0,0,13,2,0,0,1,0,0,0,0,1,0,0,0,0,0,0,0,0,0,4
252,0,0,0,0,0,0,0,53,0,36,0,0,0,0,0,0,5,0,0,1,0,0,0,19,0,0,0,0,0,0,0,0,0,0,0,0,0,0,1,0,0,0,0,0,6,0,2,1,0,0,0,1,0,0,0,0,0,0,0,0,25,0,1,0,0,1,3,0,12,1,1,0,0,0,0,0,0,0,0,2,0,0,0,20,1,1,0,0,2,0,0,1,0,0,0,5,1,0,3,0,0,1,0,2,0,0,0,0,0,0,0,2,0,1,2,0,0,0,0,0,0,0,0,0,0,0,0,1,0,0,0,3,0,0,0,0,0,30,0,0,0,0,0,37,1,0,0,0,0,0,0,2,0,0,0,0,0,0,0,0,0,0,0,0,0,1,1,0,0,1,2,0,0,1,3,1,0,0,0,2,1,0,0,0,0,0,0,0,0,0,3,0,0,0,0,0,0,0,0,3,0,0,0,0,0,0,1,0,0,0,3,0,0,55,2,0,0,0,0,0,1,0,0,0,0,0,1,0,0,0,2,0,9,0,0,0,1,0,2,0,0,0,0,23,0,10,0,0,19,0,0,2,0,1,0,0,0,0,0,2,0,0,2,0,0,0,0,18,0,0,6,3,0,0,0,0,0,0,0,0,2,0,0,0,0,0,0,0,0,0,0,0,0,0,3,0,0,0,0,0,0,1,0,7,0,0,0,0,0,4,0,0,0,0,13,0,0,0,1,0,0,5,0,0,0,0,0,0,1,71
253,0,0,0,0,5,0,0,0,0,0,0,0,0,0,0,1,14,0,5,0,0,0,0,2,0,1,0,0,1,5,0,0,0,0,0,0,4,0,0,0,0,1,0,0,0,3,0,0,0,2,0,0,0,0,0,0,0,0,0,0,39,0,0,1,0,1,10,0,1,0,3,0,0,0,0,0,0,0,3,5,0,0,0,4,0,0,0,0,0,0,1,1,0,0,0,0,0,0,0,16,0,0,0,13,0,0,0,0,0,0,0,0,0,2,0,0,0,0,14,0,17,0,0,0,0,0,0,0,0,0,0,0,0,0,1,0,0,24,0,0,11,3,0,0,0,0,0,0,0,0,0,0,0,0,0,0,0,0,0,0,0,0,0,0,0,1,1,1,0,1,0,0,0,0,0,0,0,2,3,2,0,0,0,2,0,0,1,0,0,0,0,0,0,0,0,33,0,0,2,0,0,0,0,1,0,0,0,0,1,1,0,0,2,0,2,0,1,0,0,0,0,0,0,0,0,1,0,0,2,3,0,0,5,0,0,1,0,1,0,0,0,2,0,0,0,0,0,0,5,2,0,0,0,0,0,0,0,0,0,0,0,0,0,0,0,0,0,8,8,11,0,5,0,0,1,0,0,0,1,0,1,1,19,0,0,0,0,0,0,0,0,0,13,0,0,0,0,0,0,5,0,0,0,1,0,3,0,0,0,1,10,0,1,0,7,0,10,0,1,0,0,0,0,0,0,69,0,0,0,30
254,0,0,0,0,0,0,1,0,0,14,0,0,0,0,0,0,0,0,8,5,0,0,0,3,1,0,0,0,0,0,0,0,0,1,0,0,2,0,0,0,0,0,0,0,0,0,0,0,5,0,1,1,0,0,0,3,0,0,2,1,5,0,0,0,0,1,0,0,0,0,0,0,0,0,0,2,4,0,0,0,0,0,0,11,0,2,3,0,0,0,1,2,0,0,0,0,0,9,1,13,0,0,0,0,0,0,0,0,0,0,4,0,9,1,1,1,0,0,0,0,0,0,0,0,0,0,0,0,0,0,0,20,0,0,0,0,0,0,0,0,9,0,0,20,0,0,0,2,0,1,0,0,0,1,3,0,1,0,0,0,1,0,0,0,0,3,0,2,0,2,0,0,0,0,3,1,0,0,0,0,1,1,0,0,0,0,0,0,0,0,0,0,0,0,1,0,0,0,0,0,0,0,0,0,0,0,0,0,0,1,0,0,2,0,2,0,0,0,0,0,0,2,0,0,1,0,0,8,0,0,0,0,0,0,0,1,0,2,0,0,0,2,0,21,0,0,0,0,7,0,0,5,0,0,4,0,0,0,2,0,4,0,3,0,0,0,0,0,0,0,0,4,0,4,6,0,0,0,0,4,0,0,25,0,0,0,0,0,0,0,0,0,0,0,0,0,0,1,0,0,0,14,0,4,0,0,0,0,0,0,5,1,0,0,3,0,0,0,0,0,0,0,0,0,0,0,0,0,2,23
255,0,0,0,0,0,0,10,0,0,13,0,0,0,0,0,0,0,0,0,0,1,0,0,0,0,0,0,0,0,0,0,33,0,0,1,0,1,0,0,0,0,0,0,0,0,1,0,0,0,0,0,0,0,0,0,0,0,0,0,0,1,1,10,0,0,1,0,0,44,2,0,0,0,0,0,0,1,3,0,0,0,0,0,4,0,0,0,1,3,0,2,4,0,0,0,0,0,0,0,0,7,0,0,0,0,0,1,0,7,0,0,0,0,4,0,4,0,0,0,0,1,0,0,0,0,0,0,0,0,0,0,63,0,0,0,0,0,4,0,0,0,0,0,1,0,0,0,1,1,0,0,0,0,0,0,0,0,13,0,0,0,0,3,0,0,2,0,0,0,0,0,0,0,0,0,5,0,0,0,1,17,0,8,1,0,0,0,0,0,0,0,0,0,0,0,0,1,3,0,0,0,0,0,0,0,0,3,0,0,0,0,0,0,0,4,0,0,0,0,0,0,0,0,0,10,0,0,0,0,0,0,0,0,0,0,0,0,4,3,0,0,3,0,30,0,13,0,0,1,1,0,0,1,0,36,0,0,0,7,0,0,6,0,2,3,0,0,0,0,0,0,2,0,0,6,0,1,0,0,0,8,4,1,0,0,0,4,0,0,0,5,0,0,0,0,0,0,0,0,0,0,0,0,34,0,0,0,0,0,1,12,3,0,0,0,0,1,0,0,1,0,0,0,0,0,0,2,0,1,5
256,0,0,0,0,0,0,0,0,0,42,0,0,0,1,0,0,12,0,17,0,0,0,0,5,3,0,0,1,0,8,0,0,0,2,2,0,2,5,0,0,0,0,4,0,0,0,0,0,0,0,0,1,0,1,0,0,1,0,0,0,6,0,2,1,5,0,0,0,12,0,0,0,0,0,0,1,0,0,0,0,0,1,0,0,0,0,0,0,0,0,1,1,0,0,0,1,0,6,1,4,0,0,7,0,2,0,0,0,0,0,1,1,0,0,0,0,0,0,0,0,0,0,0,0,1,0,8,0,0,0,0,5,0,0,0,0,3,0,0,0,0,0,0,37,0,0,0,0,0,0,1,0,0,0,0,0,0,0,0,0,1,0,0,0,0,2,0,0,0,2,2,0,0,0,11,1,0,1,0,0,1,0,0,0,0,0,0,5,0,0,0,0,0,5,0,0,1,0,0,3,0,0,0,1,0,0,0,1,0,0,5,6,0,0,1,0,0,1,0,0,0,0,0,0,0,2,0,0,0,0,0,0,4,2,0,1,3,0,1,0,0,7,0,27,0,2,0,0,0,0,0,0,0,0,2,0,5,0,4,0,3,0,2,1,0,1,0,0,0,0,0,0,0,0,7,1,0,0,0,0,1,1,0,0,0,0,0,0,0,0,0,0,0,0,0,0,0,0,0,0,0,0,0,4,0,0,0,0,0,5,0,0,0,0,2,0,0,0,0,0,0,0,0,0,0,0,0,0,4,51
257,0,0,2,0,0,0,0,8,0,10,0,0,0,0,0,0,0,0,11,1,0,0,0,0,0,0,0,0,0,0,0,0,6,1,0,0,0,0,0,0,0,0,0,0,0,0,0,0,12,0,0,0,0,0,0,0,0,1,0,0,2,0,0,0,0,2,0,0,30,6,0,1,0,0,0,0,0,5,0,0,0,0,0,1,0,0,0,0,0,0,1,7,0,0,1,0,0,1,3,0,7,0,0,0,0,0,0,0,0,0,0,0,0,4,0,0,0,0,0,0,0,0,0,0,0,3,0,0,0,0,0,52,0,0,0,0,1,0,0,0,0,0,0,0,0,0,1,0,0,0,0,0,0,1,0,0,2,0,0,0,0,1,0,0,0,0,0,0,0,0,2,0,0,0,0,18,0,0,0,0,0,0,0,0,0,0,0,0,0,0,0,0,0,0,0,1,1,0,0,0,0,0,0,0,0,0,0,0,0,0,0,1,0,0,8,0,0,1,0,0,0,0,0,0,5,1,0,0,0,0,0,0,0,0,0,0,0,0,0,0,0,0,0,29,0,3,0,0,11,0,0,0,0,0,84,0,7,0,15,0,0,0,0,4,3,0,0,0,0,10,0,0,0,0,0,0,0,0,0,0,6,7,0,0,0,0,4,0,0,0,0,0,0,0,0,0,0,0,0,0,0,0,0,26,0,0,0,0,0,0,0,1,0,2,1,0,0,0,0,0,0,1,1,6,0,0,0,0,0,11
258,0,0,0,0,0,0,0,0,0,7,0,0,0,0,3,0,0,0,0,1,3,0,0,0,0,0,0,0,0,1,0,0,0,1,0,0,0,43,0,0,0,0,1,0,0,0,0,0,0,0,0,0,0,0,0,0,0,0,0,0,3,4,0,0,0,2,0,0,13,0,0,0,0,0,0,0,0,0,0,0,0,0,0,4,6,0,0,0,4,0,6,3,0,0,0,0,1,0,4,0,23,0,0,0,0,0,0,0,0,10,0,0,5,14,0,0,0,0,0,0,0,0,7,0,2,0,0,0,0,0,0,32,0,1,4,0,0,2,0,4,0,0,0,3,0,1,0,0,0,0,1,24,0,0,0,0,2,0,0,1,1,0,2,0,0,0,0,0,0,0,0,0,0,0,0,11,0,12,0,0,41,0,0,0,0,0,0,0,0,0,0,0,0,0,0,1,0,0,0,1,0,0,0,0,0,0,0,0,0,0,0,0,0,0,7,0,0,0,0,0,6,0,0,0,0,0,0,0,0,0,0,0,0,0,1,0,0,0,0,0,0,2,0,30,1,12,0,0,5,1,0,0,0,0,28,0,43,0,3,0,3,0,1,2,5,0,0,11,0,0,0,0,0,0,12,0,9,0,0,0,6,6,0,0,0,0,8,7,0,0,2,0,0,0,0,0,0,0,0,0,0,0,0,0,0,0,0,0,3,0,10,6,0,0,4,1,0,0,0,0,0,0,0,0,1,0,5,0,0,3
259,0,1,0,0,0,0,0,0,0,19,0,0,0,0,0,0,0,0,13,0,1,0,1,0,0,0,0,0,0,2,0,0,6,0,3,0,0,0,0,6,0,5,0,0,2,0,0,3,102,4,0,1,1,0,7,0,0,1,0,0,1,0,14,1,1,1,1,0,0,0,0,0,0,0,0,0,0,5,3,1,0,0,0,0,0,0,0,0,2,0,1,10,0,0,2,0,0,0,0,9,0,0,0,0,0,0,0,3,0,11,1,0,0,4,4,0,0,0,0,6,0,1,0,0,0,1,0,0,0,0,0,0,0,0,2,0,0,0,0,0,0,3,0,0,1,0,0,0,0,0,0,0,0,0,9,0,0,0,0,2,0,0,6,0,0,0,0,0,0,1,0,0,1,0,0,10,0,4,1,1,0,2,10,1,0,0,0,1,0,0,12,7,0,0,0,0,1,0,0,0,0,0,0,1,0,0,0,0,0,0,0,1,0,0,7,3,0,0,0,0,0,0,0,0,2,5,0,0,0,3,0,0,3,0,0,0,3,0,0,0,0,1,0,17,0,0,0,0,0,4,3,0,0,8,0,0,0,0,15,0,0,0,1,0,1,0,0,0,0,21,0,0,0,0,0,0,0,2,9,0,4,13,0,2,0,0,0,0,0,0,0,2,0,0,0,0,0,0,0,0,0,0,0,11,0,0,0,12,0,0,81,1,0,0,1,0,1,0,1,0,0,0,0,6,0,1,0,0,0,14
260,0,0,0,0,0,0,0,0,0,11,0,1,0,0,2,0,2,0,0,19,0,0,0,1,0,0,0,0,0,0,0,0,0,23,0,0,0,0,0,0,0,0,0,0,0,0,0,1,1,0,0,0,0,0,0,0,0,0,0,0,4,0,0,0,0,1,0,0,18,0,0,0,0,0,0,0,0,0,0,0,0,0,0,0,0,0,0,0,2,0,0,2,0,0,0,0,0,0,24,0,0,0,0,0,0,0,0,0,0,0,0,3,0,0,0,0,0,0,0,0,0,0,0,0,0,0,0,0,0,0,0,135,0,0,0,0,0,0,0,0,1,0,0,5,0,0,0,0,0,0,0,0,1,0,0,0,0,0,0,0,1,0,6,0,0,0,0,0,0,9,0,2,0,0,2,3,1,0,0,0,2,0,0,0,0,0,0,0,0,0,0,0,0,0,0,0,0,56,0,0,0,0,1,0,0,0,0,0,0,0,0,0,0,0,3,0,0,0,0,0,0,0,1,1,0,0,0,0,0,0,0,0,0,0,0,0,0,0,0,0,0,2,0,2,0,66,10,0,14,3,0,0,0,0,6,0,10,0,1,0,10,0,2,1,0,2,0,0,0,0,0,0,0,5,10,0,0,0,0,0,1,0,0,1,0,0,0,0,1,0,0,0,0,0,0,0,2,0,0,0,0,0,0,21,0,0,5,0,0,0,0,1,0,2,0,0,0,0,0,0,2,6,0,0,0,0,0,0,2,105
261,0,0,0,0,8,0,0,1,0,27,0,0,0,0,0,0,0,0,0,0,1,0,0,0,0,3,0,0,0,1,0,17,0,0,0,0,0,20,0,0,0,0,0,2,0,1,0,0,1,21,0,0,0,0,0,0,0,0,8,4,5,0,0,0,0,0,8,0,0,1,0,1,0,0,2,0,1,0,0,0,0,0,0,0,2,0,0,0,0,0,1,2,1,0,0,0,0,0,5,0,2,0,0,1,0,0,0,0,0,2,0,1,0,0,5,0,0,0,0,0,0,0,0,0,0,0,0,0,0,0,2,17,0,0,0,0,2,0,0,0,0,0,0,0,0,0,0,0,0,0,0,0,11,0,0,0,0,0,0,1,0,0,35,0,0,1,11,0,0,3,0,0,0,0,1,1,0,0,0,0,1,0,0,0,0,0,0,0,0,0,0,0,0,1,0,2,0,0,0,0,0,0,0,3,0,1,1,0,0,1,0,0,1,0,1,3,0,0,0,5,0,0,0,0,1,0,0,0,0,0,3,0,1,0,0,0,0,0,0,0,0,4,1,1,0,0,18,2,29,0,0,3,0,0,2,6,0,0,0,0,0,0,0,0,7,0,0,0,0,0,0,0,0,0,9,0,0,0,1,2,0,0,0,0,0,0,0,0,0,0,0,0,0,0,0,4,0,0,0,0,0,3,0,4,0,0,35,16,0,1,2,0,0,0,0,0,3,0,0,0,0,0,0,1,0,0,0,5,0,54
262,0,0,0,0,0,0,0,6,9,17,0,0,1,0,2,0,0,0,5,2,0,0,0,2,0,0,1,0,1,0,0,0,2,3,1,0,0,3,0,0,0,0,5,0,0,0,0,0,0,0,0,1,0,0,0,0,0,12,0,1,0,0,0,0,0,0,0,1,2,0,0,0,0,0,0,0,0,0,0,0,0,1,0,3,1,1,1,0,0,0,0,2,0,0,0,0,0,10,2,0,0,0,0,0,0,0,0,0,0,0,3,1,0,4,0,0,0,0,47,0,0,0,0,0,0,0,4,0,0,0,0,11,0,0,0,0,0,0,0,7,3,0,0,42,0,0,1,0,0,0,0,0,0,0,0,0,0,0,0,0,0,0,0,0,0,1,1,0,0,1,0,0,0,0,1,2,0,0,0,0,0,0,0,0,0,0,0,0,0,0,0,0,0,0,0,0,0,0,0,0,0,0,0,0,0,0,0,0,0,0,1,0,2,0,2,0,0,0,0,0,0,1,0,0,0,0,0,3,1,0,0,0,0,0,0,0,0,0,0,0,0,2,6,10,0,0,0,0,1,0,0,0,0,1,1,3,0,0,7,0,2,0,6,2,0,11,0,0,0,0,0,0,0,1,1,0,0,0,0,0,1,0,0,0,0,0,0,0,0,0,0,0,0,0,0,0,0,0,0,0,0,0,0,8,0,0,0,0,0,0,4,1,3,4,0,0,5,0,0,0,0,0,1,0,1,6,0,1,2,40
263,0,0,0,0,2,0,0,0,0,11,0,0,0,0,0,0,0,2,3,2,0,0,0,2,0,0,0,0,0,0,0,0,0,1,0,0,0,3,0,0,0,1,0,0,0,0,0,1,0,0,0,0,0,0,13,0,0,0,0,0,0,0,0,0,0,1,10,2,7,0,0,0,0,0,0,0,0,2,0,0,0,2,0,29,0,0,0,0,0,2,1,0,0,0,0,0,0,0,1,0,3,4,0,0,0,2,0,0,2,0,0,0,6,11,0,1,0,0,17,0,0,0,0,0,0,0,0,0,0,0,0,4,0,0,0,0,1,72,0,3,7,0,1,8,0,7,0,0,0,0,0,0,0,0,0,0,0,0,0,0,0,0,0,0,0,1,0,0,1,0,0,0,0,0,2,1,0,0,0,8,0,0,0,0,0,0,0,0,0,1,12,0,0,3,0,0,2,0,0,0,0,0,0,0,11,0,0,0,0,0,0,0,0,0,5,0,0,0,0,0,0,0,1,0,0,0,0,0,2,0,0,0,0,1,0,0,0,0,0,0,0,0,0,8,0,26,0,0,2,0,0,7,0,0,1,0,0,0,5,0,1,9,3,0,0,0,0,0,4,22,0,0,0,0,1,0,0,0,0,0,1,0,0,0,0,0,0,0,0,0,0,0,0,0,0,0,0,0,0,0,0,4,0,17,0,0,0,8,0,3,12,1,3,0,0,0,0,0,0,0,0,0,0,0,0,0,1,0,4,12
264,0,0,57,6,0,0,1,0,2,5,0,0,0,0,0,2,0,0,1,2,5,0,0,2,0,0,0,1,3,0,0,0,1,9,0,0,0,25,0,0,0,0,0,0,0,0,0,0,0,0,0,0,0,0,0,0,0,0,0,0,1,0,0,0,1,0,0,0,3,0,8,0,0,0,0,0,0,0,2,0,0,0,0,0,0,0,0,3,0,0,0,1,0,0,0,1,0,0,0,0,1,0,0,0,0,0,0,0,0,0,0,0,0,0,5,2,0,0,1,0,0,8,0,0,0,0,0,0,0,0,0,23,0,0,0,0,1,8,0,2,1,0,0,1,2,0,0,0,0,0,0,0,0,0,0,0,0,0,0,0,4,0,17,0,3,2,0,1,0,7,0,2,0,0,2,1,0,0,0,1,0,1,0,0,0,0,0,0,0,0,0,0,0,0,0,2,0,0,0,0,0,0,0,0,0,0,0,0,0,0,0,0,0,12,3,0,0,0,0,0,0,0,0,0,0,0,0,0,0,0,3,0,0,0,0,0,1,0,0,0,0,0,0,1,0,521,0,0,40,0,0,0,0,0,7,0,11,0,2,0,0,0,1,1,4,23,0,0,0,0,0,0,3,0,14,0,0,0,0,0,1,1,0,0,4,0,26,0,0,0,0,0,0,0,0,0,0,0,0,0,0,0,0,714,0,0,4,0,0,2,0,0,14,0,1,0,0,0,0,0,1,0,0,0,0,0,0,17,3,54
265,0,0,0,0,1,1,0,17,0,2,0,0,0,0,0,0,0,0,1,1,0,0,0,0,0,0,0,0,0,0,0,0,0,1,4,0,5,0,0,20,0,2,1,0,0,0,0,0,0,0,0,0,0,0,4,5,0,0,0,0,0,4,2,0,0,2,0,0,15,1,3,0,5,1,0,2,0,9,0,0,0,0,0,0,0,0,0,0,2,0,0,4,0,0,0,0,2,2,3,9,0,0,0,0,0,0,0,1,0,0,0,0,0,0,0,0,1,0,5,0,9,0,0,0,0,0,0,0,0,0,0,64,0,0,0,0,0,0,0,8,0,0,0,2,0,0,0,0,0,0,0,0,0,0,9,2,0,0,0,0,1,0,1,0,0,1,0,0,0,1,0,0,0,0,0,9,0,0,0,0,44,0,0,0,0,0,0,0,0,0,0,4,0,0,0,0,0,4,2,0,2,0,0,0,0,0,0,0,0,0,0,2,1,0,25,0,0,4,0,0,0,2,0,1,3,0,0,0,0,3,0,0,0,0,0,0,0,0,0,0,0,2,21,26,0,0,0,0,2,0,0,0,0,0,62,0,0,0,10,0,7,0,1,1,0,0,0,0,0,0,0,0,0,0,17,5,0,0,0,0,2,1,0,0,0,0,1,6,1,0,0,0,0,0,0,0,0,0,0,0,0,0,0,2,0,0,0,0,0,0,29,2,0,0,2,0,0,0,0,0,0,0,0,0,0,0,0,0,1,6
266,0,0,17,0,0,0,1,1,0,68,0,0,0,0,0,0,0,1,0,2,0,1,0,0,0,0,0,0,0,0,0,16,0,23,0,0,0,0,0,0,0,0,0,0,0,0,0,1,0,0,0,0,0,0,0,0,0,0,4,0,0,1,0,4,0,3,5,0,25,0,4,0,0,0,0,0,0,0,0,0,0,0,0,7,0,0,0,4,1,0,0,1,0,0,0,1,0,0,0,0,2,2,0,0,0,0,0,0,0,0,6,0,0,1,0,7,12,0,1,0,0,0,1,0,0,0,0,0,0,0,0,20,1,0,0,0,4,3,0,0,1,0,0,0,0,0,0,0,0,0,0,0,0,0,0,0,0,0,0,0,1,0,2,0,0,0,5,0,0,4,0,0,0,0,0,1,0,2,0,0,0,0,0,0,0,0,0,0,1,0,0,0,0,8,0,1,0,70,0,0,0,0,0,0,0,0,0,0,0,0,0,0,0,0,1,1,4,0,0,0,0,0,0,1,0,0,0,0,0,0,2,0,0,0,6,1,0,0,0,0,0,3,1,3,0,186,0,7,31,0,0,0,0,14,2,0,8,1,1,0,0,0,1,1,0,8,0,0,4,0,0,0,0,0,4,0,0,0,0,0,1,0,0,0,2,0,20,0,0,0,0,2,3,0,1,0,0,0,0,1,0,0,0,23,0,0,0,0,0,0,1,1,0,0,0,0,0,0,0,0,0,8,0,0,0,0,0,0,1,181
267,0,0,0,0,0,3,0,0,0,15,1,0,0,0,0,0,0,2,0,0,3,0,0,0,0,2,0,0,2,0,0,0,0,0,0,2,0,0,1,0,0,0,0,0,0,0,0,0,0,0,0,0,0,0,2,0,1,0,0,0,2,1,0,0,0,0,4,1,2,0,0,0,0,0,2,0,0,0,0,0,0,0,0,0,0,0,0,0,0,0,0,5,0,0,0,0,1,0,0,1,1,0,0,1,0,0,1,0,0,4,0,0,0,1,0,3,3,0,0,0,0,0,1,0,0,0,0,1,0,0,5,0,0,0,0,0,0,0,0,0,0,0,0,0,0,1,0,0,0,0,0,13,4,0,0,0,0,0,0,0,5,0,15,0,0,1,3,0,0,27,0,0,0,0,0,1,1,2,0,1,0,0,0,20,0,0,0,11,0,0,0,0,0,0,0,2,0,0,0,0,0,0,0,9,0,0,0,0,0,0,0,0,0,0,1,4,3,0,0,12,0,0,0,0,1,0,0,0,0,1,0,0,0,0,3,2,0,0,0,0,0,0,3,1,11,14,0,0,13,0,0,0,0,0,0,0,10,0,0,0,4,0,0,0,9,5,0,9,0,0,0,0,0,0,5,0,0,0,1,0,0,0,0,0,0,0,0,0,0,1,0,0,0,0,0,0,0,0,0,1,1,6,0,5,1,0,10,12,0,1,1,0,0,0,1,0,0,0,0,0,0,0,0,0,0,2,0,0,0,26
268,0,0,0,0,0,0,0,0,7,13,0,1,0,0,1,0,0,0,11,7,0,0,0,5,5,0,0,0,0,0,0,0,0,2,0,0,0,0,0,0,0,0,0,3,0,0,0,0,0,0,0,0,3,0,14,0,0,0,0,0,0,0,0,0,0,1,0,0,12,0,2,0,0,0,0,0,0,0,0,0,0,0,0,1,0,0,2,0,2,0,0,2,0,2,0,0,0,0,1,0,0,0,0,0,2,0,0,0,1,0,1,1,0,2,0,0,0,1,0,0,0,0,0,0,0,0,0,0,0,0,0,21,0,0,0,0,0,0,0,3,0,0,0,37,0,0,0,0,0,0,0,0,0,0,4,0,0,0,0,0,2,0,0,0,0,1,0,1,0,1,0,0,1,1,6,1,0,0,0,0,0,0,0,0,0,0,1,0,0,0,0,0,0,0,0,0,0,0,0,0,0,0,0,0,0,0,2,0,0,0,0,0,1,0,2,0,0,0,0,0,0,0,4,0,0,3,0,0,1,1,0,0,0,4,0,0,0,0,0,0,0,1,1,5,0,3,27,0,0,0,0,0,0,0,2,0,1,1,0,0,1,11,5,1,0,0,0,0,0,17,12,0,0,0,4,0,0,0,0,0,3,0,0,0,0,0,0,0,0,0,0,0,0,0,0,0,0,0,0,0,0,3,0,4,0,0,0,0,0,2,37,1,0,0,16,0,0,0,0,0,0,0,0,0,0,11,0,0,3,72
269,0,0,0,14,0,0,0,0,13,7,0,0,0,0,0,0,0,0,9,0,0,1,0,5,6,0,0,0,1,0,0,0,1,2,0,0,0,0,0,0,0,0,0,0,0,0,0,2,0,0,1,1,1,0,17,0,0,0,0,0,21,0,0,0,0,1,0,0,30,0,0,0,0,0,0,0,0,1,2,0,0,0,0,16,0,0,0,0,0,1,0,2,0,0,0,0,0,0,2,10,5,1,0,0,0,0,0,0,2,0,0,0,14,0,0,2,0,0,9,0,0,0,0,0,0,0,0,1,0,4,0,17,0,0,0,0,3,37,1,5,0,0,0,30,0,0,0,0,1,1,0,0,0,0,6,0,0,0,0,0,0,0,0,1,1,1,0,0,0,1,2,0,0,0,0,1,0,4,0,0,1,0,0,0,0,0,0,2,0,1,0,0,0,0,0,0,0,0,0,0,0,0,1,0,4,1,0,0,0,0,3,0,2,5,1,0,0,0,0,0,0,0,0,1,0,0,0,0,1,0,0,0,7,5,0,2,0,0,0,0,0,0,0,13,0,30,0,0,2,0,0,4,0,0,2,0,0,0,14,0,0,0,2,0,1,1,0,0,0,0,0,0,3,0,7,0,0,0,0,0,2,3,0,0,0,0,1,0,0,0,0,0,0,0,0,6,0,0,0,0,0,0,0,15,0,3,0,0,0,6,12,1,0,0,4,1,0,0,0,0,0,0,0,0,0,0,0,0,1,53
270,0,0,0,17,0,0,1,0,0,4,0,0,0,3,0,0,0,0,11,0,0,0,0,0,0,0,1,0,0,0,0,0,0,0,0,0,0,0,0,0,0,0,0,0,0,2,0,0,0,0,0,2,0,0,0,0,0,0,0,0,39,0,1,0,0,0,19,1,4,0,0,0,0,0,0,0,0,0,0,3,0,1,0,3,0,0,0,0,0,0,0,3,0,3,0,0,0,0,0,14,0,0,0,3,0,0,0,0,0,27,0,1,0,4,1,0,0,0,0,0,0,0,0,0,0,0,0,0,0,22,0,0,0,0,4,1,0,0,0,0,0,0,1,0,0,0,0,3,0,0,0,0,0,0,0,0,0,0,0,0,1,0,0,0,0,2,0,0,0,2,0,0,0,0,1,0,0,2,23,4,0,0,0,0,0,0,0,0,0,1,0,0,0,0,0,7,0,0,0,0,0,0,0,1,0,0,1,0,0,2,0,0,0,7,5,0,0,0,0,5,0,0,0,2,0,4,0,0,0,0,1,0,0,0,0,2,3,0,0,0,0,3,8,11,0,0,0,0,3,0,0,0,0,0,0,0,0,0,0,0,0,0,1,0,0,0,0,0,0,0,10,0,3,0,1,0,1,0,1,0,1,5,0,0,0,0,0,0,0,0,0,0,2,0,0,0,0,0,0,0,0,0,0,1,0,0,1,0,0,4,31,0,0,19,9,4,0,0,0,0,0,0,0,0,0,22,0,0,0,14
271,0,0,2,1,0,0,0,0,0,6,0,0,0,0,0,0,0,0,0,2,2,0,0,1,0,0,0,0,0,0,0,17,0,0,0,0,0,77,0,0,2,0,0,0,0,0,4,0,0,0,0,0,0,0,4,5,0,0,5,0,1,0,13,0,0,0,0,0,22,0,1,0,0,0,0,0,0,8,0,0,1,0,0,6,0,0,0,0,2,0,1,6,0,0,0,0,0,0,1,0,10,0,0,0,0,0,0,0,1,0,1,0,0,7,0,0,0,0,0,0,0,0,0,0,0,5,0,0,0,0,0,40,0,0,0,0,0,2,0,7,0,0,2,2,0,0,0,0,0,0,0,6,0,0,0,0,1,0,0,0,3,1,9,0,0,2,1,0,0,0,0,0,0,13,0,14,0,0,0,1,8,0,0,0,0,0,0,0,0,0,0,0,0,0,0,0,0,0,1,0,0,0,0,0,0,0,0,0,0,0,0,0,0,0,6,0,0,0,0,0,0,0,0,0,0,1,0,0,0,0,0,0,0,0,2,0,0,0,0,0,0,0,7,0,0,82,1,1,0,0,0,0,0,0,78,0,26,0,0,0,0,0,1,0,6,0,0,0,0,0,0,0,0,0,10,0,0,3,0,1,1,8,0,1,0,0,2,0,0,0,0,0,2,0,0,0,0,0,0,0,0,0,0,2,1,1,0,15,0,0,0,2,0,0,2,0,0,0,1,2,0,0,0,4,1,0,4,0,0,5
272,0,0,0,0,0,2,0,14,0,8,0,0,0,0,0,0,0,0,13,0,6,0,0,0,0,16,0,0,0,0,0,0,0,0,0,0,6,0,0,0,0,0,0,0,0,1,0,0,34,2,0,1,0,0,4,0,0,1,0,0,0,0,0,0,0,4,1,0,0,1,0,0,0,0,0,0,0,0,0,6,0,0,0,0,9,0,0,0,0,0,0,5,1,0,0,0,0,1,0,12,0,0,0,1,0,0,0,0,0,41,1,0,0,8,0,0,0,0,0,0,0,0,0,0,0,6,0,0,0,1,0,0,4,7,6,0,0,0,0,0,0,0,0,0,0,0,0,0,0,0,0,0,0,0,0,0,0,0,0,10,1,0,10,0,0,1,0,0,0,1,0,0,0,0,1,6,0,16,1,1,0,3,0,0,0,0,0,0,0,1,0,0,0,0,0,0,0,0,0,0,0,0,0,0,0,0,0,0,0,1,0,0,0,0,13,0,0,0,0,0,0,0,0,0,5,3,0,4,0,0,0,6,1,0,0,0,2,9,0,0,0,2,0,49,0,0,0,0,1,0,0,0,0,4,0,0,0,0,6,0,0,0,0,0,7,0,0,7,0,0,0,0,0,0,21,0,9,0,0,0,4,3,0,1,0,0,0,0,0,0,2,2,0,0,0,0,0,0,0,0,0,0,0,12,0,0,0,0,0,0,14,0,0,0,2,0,0,0,2,0,0,0,0,0,1,0,0,0,0,13
273,0,0,0,0,0,0,0,0,0,7,0,0,0,0,0,0,0,0,0,1,2,1,0,0,0,0,0,0,0,0,0,11,0,0,0,0,5,0,0,0,1,0,0,1,1,0,0,0,0,7,2,0,0,0,0,0,0,0,0,1,0,0,0,0,1,1,0,0,46,0,0,0,0,0,0,0,0,14,0,0,0,0,0,0,0,0,0,0,2,0,3,12,0,0,0,0,0,0,2,0,7,0,0,0,0,0,1,0,1,0,0,0,0,10,0,0,0,0,0,0,3,2,0,1,0,0,0,0,0,0,0,76,9,0,5,0,0,0,0,5,1,0,1,2,0,0,0,2,0,0,0,0,0,0,0,0,0,3,0,0,0,0,1,0,0,1,0,0,0,0,0,0,1,0,0,1,0,7,0,1,17,5,0,0,25,3,0,0,0,0,0,2,1,13,0,0,0,2,0,0,0,0,0,1,0,0,0,0,0,0,0,0,0,0,10,0,0,0,0,0,0,1,0,0,14,0,0,0,0,0,0,0,0,0,0,0,0,0,0,0,0,1,0,20,0,24,0,0,6,0,2,0,2,6,40,0,17,0,4,0,0,0,1,1,7,0,0,0,0,0,0,0,2,0,21,0,0,0,0,0,0,11,0,0,0,0,2,0,0,0,0,1,0,0,0,0,0,0,0,0,0,0,0,15,0,1,0,0,2,0,0,3,0,0,2,0,0,0,0,0,0,0,0,0,0,0,0,0,1,18
274,0,0,0,0,0,0,0,12,0,14,0,0,0,0,0,0,0,0,0,0,0,0,0,0,0,0,0,2,0,0,0,0,0,0,0,0,0,0,0,0,0,1,2,0,0,1,0,0,0,1,0,0,0,0,0,0,1,0,0,0,27,0,2,0,0,0,10,1,16,1,1,0,0,0,0,3,0,1,0,3,0,0,0,0,0,0,0,0,0,3,0,0,0,0,0,0,1,6,0,5,0,0,0,2,0,0,1,0,0,11,0,0,0,3,2,0,0,0,0,0,3,0,10,0,0,0,0,0,0,0,0,4,0,0,0,0,7,0,0,0,0,0,0,0,0,0,0,0,0,0,0,0,0,0,0,0,2,0,0,0,1,0,0,0,0,0,0,0,0,0,0,0,0,0,3,0,0,0,9,0,0,0,0,0,0,0,0,0,0,0,0,0,0,9,0,34,0,1,0,0,0,0,0,4,0,0,0,0,0,0,0,0,0,0,2,0,0,0,0,0,0,0,0,2,0,4,0,0,0,0,2,0,34,0,0,2,5,0,0,0,0,0,0,8,0,2,12,0,3,0,0,0,0,5,0,0,0,0,0,4,0,0,0,0,0,0,0,0,0,0,0,0,2,0,0,0,1,0,0,3,6,3,0,0,0,0,0,0,0,0,1,0,0,0,1,7,0,0,0,0,0,0,0,1,0,0,0,12,0,0,0,0,0,0,9,3,4,0,0,0,1,0,0,0,0,11,0,0,0,39
275,0,0,0,0,6,0,0,3,0,5,0,1,0,0,0,1,0,0,2,1,0,0,0,9,0,0,0,5,0,5,0,0,0,1,0,1,0,0,0,0,0,0,0,0,0,0,0,0,0,0,0,0,0,0,0,0,0,0,0,0,5,0,0,0,0,2,0,0,1,3,0,0,0,0,0,0,0,1,0,1,0,0,0,5,0,0,0,0,1,0,1,2,0,0,0,0,0,0,0,0,0,0,0,0,2,0,0,0,1,0,0,1,0,2,0,0,0,0,16,0,0,0,0,0,0,0,0,0,0,0,0,8,0,0,0,0,0,0,0,0,0,0,2,10,0,3,0,0,0,0,0,0,0,0,0,0,0,1,0,0,1,0,0,0,0,5,0,0,0,1,0,0,0,0,5,0,0,0,0,0,0,4,0,0,6,0,0,0,1,0,10,0,0,0,0,0,0,0,0,0,0,0,2,2,0,0,0,0,0,0,3,1,0,0,0,0,0,0,0,0,0,0,0,0,0,0,0,0,2,0,0,0,0,0,0,0,0,0,0,0,0,0,0,14,0,9,14,0,2,0,0,0,0,0,2,5,1,0,15,0,0,0,1,0,0,4,0,0,0,0,0,0,0,0,2,1,1,0,0,0,4,3,67,0,0,0,0,0,0,0,0,0,4,0,0,0,0,0,0,0,1,0,0,8,0,0,0,0,0,3,9,0,0,5,8,7,0,0,0,0,0,0,1,0,0,0,0,0,0,27
276,0,0,1,0,0,0,0,0,0,5,0,0,1,0,2,0,0,0,4,2,1,1,0,0,0,0,0,0,0,0,0,0,0,1,0,0,0,0,0,5,0,0,0,0,0,0,0,0,0,3,0,0,0,0,19,0,0,0,0,0,0,0,0,0,0,1,0,0,9,1,0,0,0,0,0,0,0,0,0,0,0,0,0,0,8,0,0,0,8,0,0,3,0,0,0,0,0,0,0,0,0,0,0,0,0,0,0,0,0,0,1,0,0,0,0,0,0,0,7,0,0,1,0,0,2,0,1,0,0,0,0,4,0,0,0,0,0,0,0,9,1,0,0,1,0,0,0,6,0,0,0,11,0,0,0,7,0,0,0,0,1,0,3,0,0,1,0,0,0,0,0,0,0,18,0,15,0,0,0,1,8,0,0,2,5,0,0,0,0,0,0,3,0,0,0,0,0,0,0,0,0,0,0,0,0,0,0,1,0,0,1,0,0,0,9,0,0,4,0,0,0,0,12,0,0,0,6,0,0,0,0,0,0,0,0,0,0,0,9,0,0,1,0,46,0,6,0,0,1,0,0,0,0,0,105,0,25,0,2,0,0,7,2,1,0,0,0,0,0,0,0,0,0,1,18,0,4,0,0,0,3,10,0,0,0,0,4,0,0,0,3,0,0,0,2,0,0,0,0,0,0,0,0,10,1,0,0,0,0,0,21,4,12,0,0,0,0,0,0,2,0,0,0,0,2,0,0,0,0,4
277,0,0,0,0,6,0,0,0,0,32,0,0,0,0,0,0,0,0,0,1,2,0,0,3,0,0,0,0,0,0,0,12,2,6,0,0,0,0,0,7,0,0,0,0,2,0,0,0,0,0,0,0,0,0,0,0,0,0,0,0,1,0,0,0,0,5,0,0,9,0,0,0,0,0,0,1,0,0,1,0,0,0,0,0,0,0,0,0,1,0,17,3,0,0,0,0,0,0,9,0,0,0,0,0,0,0,5,0,0,0,0,2,0,0,0,0,0,0,0,0,0,0,2,0,0,0,0,0,0,0,0,57,0,0,0,0,0,0,0,0,0,0,0,2,5,0,0,0,0,0,0,0,0,0,0,0,0,0,0,0,0,0,5,0,0,0,1,1,0,0,0,0,0,0,1,3,0,0,0,0,0,1,0,0,0,0,0,0,0,0,0,0,0,0,0,0,2,0,0,0,0,0,0,4,0,0,0,0,0,1,0,0,0,0,2,0,0,0,0,0,0,2,0,0,0,0,0,4,0,0,0,1,1,0,0,0,0,0,1,0,0,12,0,2,0,130,0,2,14,0,0,0,0,0,0,0,14,0,0,0,2,0,1,1,3,0,0,0,0,0,0,0,0,6,16,0,0,0,0,0,0,1,0,2,0,0,9,0,0,1,0,0,0,0,8,0,0,0,0,1,0,0,0,10,0,0,0,0,0,0,0,0,0,0,0,0,0,0,0,0,0,0,0,4,0,0,0,0,2,58
278,0,0,0,1,0,0,0,0,0,13,0,0,0,0,0,0,5,0,0,3,0,0,0,0,0,0,0,0,0,0,0,0,3,1,2,0,17,0,0,0,0,5,0,0,0,0,0,2,0,0,0,3,0,0,0,0,0,0,0,0,0,0,0,0,1,0,0,0,20,1,0,0,0,0,0,0,2,11,0,0,0,0,0,0,9,0,0,0,14,0,2,3,0,0,0,0,0,2,3,0,0,0,0,0,0,0,0,0,0,0,1,0,0,0,0,0,0,0,0,3,0,1,0,0,0,0,4,0,0,0,0,30,19,0,0,0,0,0,14,5,1,0,0,0,0,0,0,0,0,0,0,0,0,0,0,0,0,0,0,0,0,1,1,0,0,2,0,0,0,1,0,0,0,4,0,9,0,0,0,0,0,0,0,1,0,0,0,0,0,0,0,0,0,0,0,0,0,0,0,0,0,1,0,0,0,0,0,0,0,0,0,0,0,3,0,0,0,0,0,0,0,0,0,0,3,0,0,0,0,0,0,0,2,0,0,0,0,0,0,0,4,1,0,39,0,2,0,5,0,7,1,0,2,0,51,0,18,0,0,6,3,2,1,2,5,0,0,0,0,0,0,0,0,3,19,3,0,0,0,0,2,0,0,0,0,0,2,0,0,0,0,0,0,0,0,0,0,0,7,0,0,0,0,8,0,1,0,0,0,0,9,4,0,0,2,2,0,0,2,0,0,0,0,13,0,0,0,0,1,12
279,0,0,0,0,0,0,0,0,0,17,0,0,0,0,1,0,0,1,5,2,0,0,1,3,0,0,1,3,0,0,0,0,0,3,0,0,1,0,0,0,0,1,0,0,0,0,0,0,0,0,0,0,0,0,6,3,0,0,0,0,9,0,0,0,0,0,0,0,6,0,0,0,0,0,0,1,0,0,0,0,0,0,0,5,0,0,0,0,1,1,0,1,0,0,0,0,0,0,1,0,0,0,0,0,0,0,0,0,0,0,0,2,0,0,0,0,0,0,0,0,0,0,0,0,0,0,0,0,0,10,0,8,0,1,0,0,0,0,0,0,0,0,0,46,1,0,0,0,0,0,0,0,0,0,13,0,1,0,0,0,1,0,0,0,0,1,0,1,0,1,0,0,0,1,3,1,0,2,0,0,1,0,0,0,0,0,0,4,0,0,0,0,0,0,0,0,0,0,0,0,0,0,0,0,0,0,0,0,0,0,0,0,0,0,1,0,0,1,0,0,0,0,0,0,0,0,0,0,0,0,2,0,0,0,0,0,7,0,0,0,0,0,0,9,0,2,4,0,7,0,0,4,0,4,2,0,0,0,7,0,3,0,4,4,0,4,0,0,0,0,0,0,0,1,7,0,1,0,0,0,5,1,0,0,0,0,0,0,0,0,0,0,0,0,0,0,0,0,20,0,0,0,0,1,0,1,0,0,0,6,0,0,0,4,0,0,0,0,0,0,0,0,0,0,0,0,0,0,0,28
280,0,0,0,0,20,3,0,0,0,20,0,0,0,0,0,0,0,3,0,1,1,0,0,0,0,0,0,0,0,1,0,16,0,0,0,1,0,0,0,0,0,0,0,0,4,0,0,0,0,0,0,0,0,0,0,0,0,0,0,0,2,0,2,0,0,0,3,0,0,0,0,0,0,0,1,0,3,0,0,0,0,0,0,0,0,0,0,0,1,0,0,2,3,0,0,0,0,4,9,1,0,0,0,0,0,0,0,0,0,1,0,0,0,1,7,0,4,0,0,0,0,0,0,0,0,2,0,0,0,0,0,0,0,0,0,0,1,0,0,1,0,0,0,0,0,0,0,0,1,0,0,0,12,0,0,0,0,0,0,1,6,0,24,0,0,0,0,0,0,0,0,1,0,0,1,0,1,0,0,0,0,0,3,0,0,0,0,0,0,0,0,3,0,0,0,0,1,17,0,0,0,0,0,12,0,0,0,0,0,1,0,0,0,10,2,3,0,5,0,2,0,0,0,3,0,0,0,4,0,2,0,0,1,0,7,0,0,0,2,0,0,2,0,1,0,15,18,0,51,0,0,0,0,0,0,0,0,0,1,0,0,0,1,1,8,0,0,0,0,0,0,0,0,0,2,0,1,0,1,0,0,1,0,2,0,0,12,0,0,0,0,0,0,0,0,0,1,0,0,0,0,0,0,6,1,0,19,0,0,0,1,0,15,2,0,2,0,0,0,0,0,0,0,0,0,1,0,0,0,59
281,0,0,0,0,0,0,0,0,0,7,0,0,0,0,0,0,0,1,0,2,0,0,0,7,0,0,0,0,0,0,0,0,0,0,0,0,0,2,0,0,0,0,0,0,7,0,0,0,0,0,1,0,1,0,6,0,0,0,0,0,19,0,0,0,0,0,0,0,16,2,0,0,0,0,0,0,0,0,5,0,0,0,0,0,0,0,0,0,0,0,1,2,0,0,0,0,0,0,0,0,0,0,9,0,0,0,0,0,0,0,0,0,0,8,0,0,0,0,0,0,0,1,0,0,0,0,0,0,1,0,0,29,0,0,0,0,0,0,0,0,0,0,0,33,0,0,0,0,0,0,2,0,0,0,0,0,0,1,0,0,3,0,0,0,0,3,0,1,0,1,0,0,0,0,6,2,0,0,0,0,7,0,0,0,0,0,0,0,0,0,6,0,0,0,1,0,1,0,0,0,0,0,0,0,6,0,0,0,0,0,0,0,2,0,2,0,0,0,0,0,0,0,0,0,0,0,1,0,0,0,0,0,0,0,0,0,0,0,0,0,0,5,0,10,0,13,0,0,4,0,0,14,0,0,2,12,0,0,8,0,1,0,8,2,1,3,0,0,1,8,0,0,0,1,4,2,0,0,0,3,0,1,0,0,0,0,0,0,0,6,0,0,0,0,0,0,0,0,0,0,0,0,0,0,0,0,0,0,0,7,5,0,0,0,0,0,12,0,0,0,0,1,0,0,0,0,0,0,6,38
282,0,0,0,0,0,1,0,8,0,8,0,1,0,0,8,0,0,0,7,1,2,4,0,0,0,0,0,0,11,1,0,0,0,0,0,0,0,0,0,0,0,3,0,0,0,0,0,7,0,0,3,1,1,0,0,11,0,0,0,0,2,0,0,1,0,3,0,0,6,0,2,0,2,0,0,0,0,0,3,0,0,0,0,6,0,0,0,0,5,0,2,6,2,0,0,0,0,1,2,0,23,0,0,0,0,1,0,2,6,0,0,0,0,11,0,0,0,0,0,0,0,0,0,0,0,0,0,0,0,0,0,5,0,0,0,0,0,0,13,4,0,0,2,3,0,0,0,0,0,0,0,0,0,1,0,0,0,0,0,0,2,0,3,0,1,1,0,0,0,0,0,0,0,4,0,11,0,0,0,1,74,0,12,0,0,0,0,1,0,0,0,0,0,0,1,0,0,0,0,0,2,0,0,0,0,0,0,0,0,0,0,0,0,0,17,0,0,0,0,0,0,1,0,0,0,0,0,2,0,0,0,0,0,0,0,0,0,0,0,0,2,1,31,18,0,374,0,0,2,0,0,0,0,0,21,0,22,0,10,0,0,0,0,0,10,0,0,0,0,0,0,1,0,0,19,0,0,0,0,0,1,21,0,0,0,0,3,0,1,0,0,0,0,0,0,0,2,0,0,0,0,0,0,53,0,0,0,0,0,0,21,13,7,0,0,0,0,0,0,0,3,0,0,0,0,0,0,0,1,1
283,0,1,0,0,0,0,0,0,0,19,0,0,0,0,1,0,0,0,9,0,0,0,0,0,0,0,0,0,0,11,0,0,0,0,0,0,2,0,0,0,0,0,1,0,0,1,0,0,0,0,0,0,0,1,0,0,0,0,0,0,22,0,2,0,0,0,26,0,5,0,0,0,0,0,0,0,0,0,0,3,0,1,0,8,0,0,0,0,0,0,0,1,0,2,0,0,0,0,0,0,0,1,0,10,0,0,0,0,0,60,0,0,0,8,0,0,0,0,0,0,0,0,0,0,0,0,0,0,0,0,0,0,0,0,0,0,10,0,2,0,3,3,0,0,0,0,0,0,0,0,2,0,0,0,0,1,0,0,0,0,0,0,0,0,0,1,0,1,0,1,0,0,0,0,2,1,0,0,2,0,1,0,0,0,0,0,0,0,0,0,57,0,0,0,0,10,0,0,0,0,0,0,0,3,2,0,0,0,0,1,0,1,0,0,2,0,0,1,0,4,0,0,0,1,0,3,1,9,0,1,1,0,6,0,0,1,0,1,0,0,0,0,0,19,0,0,53,0,5,0,0,6,0,8,0,0,0,0,0,0,3,0,0,0,0,0,0,6,0,0,11,0,0,0,2,1,0,0,1,0,2,1,3,0,0,0,1,0,0,0,0,0,0,0,0,0,0,0,0,1,0,4,0,1,0,4,0,0,0,2,19,0,0,0,5,3,0,0,1,0,0,0,0,0,0,16,1,0,0,55
284,2,0,0,0,0,0,1,0,0,11,0,0,0,0,2,0,0,2,0,1,0,0,1,9,0,0,0,0,1,0,0,0,0,1,0,0,0,2,0,0,0,0,0,0,5,0,0,0,3,0,0,0,0,2,0,0,0,0,0,0,18,0,0,0,0,1,0,0,17,0,0,0,0,0,0,1,2,0,1,0,0,0,0,4,0,0,0,0,1,0,0,1,0,0,0,1,0,22,1,0,0,0,0,0,0,0,0,0,0,0,0,0,0,4,0,1,0,0,17,0,0,0,0,0,0,0,0,0,0,0,0,23,0,0,0,2,0,21,0,3,0,0,0,22,1,0,0,1,0,0,0,1,0,0,0,0,0,0,0,0,2,0,0,1,0,1,0,0,0,0,0,0,0,0,2,0,0,0,0,3,0,0,0,0,0,0,0,0,0,0,0,0,0,0,0,11,0,0,0,0,0,0,0,0,0,0,0,0,1,0,0,1,0,0,3,0,0,0,0,17,0,0,0,0,2,0,0,0,0,0,1,0,0,0,0,0,0,1,0,0,0,1,0,12,0,236,17,0,1,0,0,0,0,0,2,0,1,1,5,1,0,17,1,0,0,4,0,0,6,0,0,0,1,0,2,0,0,0,0,0,0,3,0,0,0,0,0,0,0,0,0,0,0,0,0,0,0,0,0,0,0,0,0,5,0,0,0,32,0,1,5,1,0,0,0,0,0,0,0,0,0,1,0,0,0,0,0,0,4,83
285,0,0,0,0,0,0,0,0,0,12,1,0,0,0,1,0,0,0,0,9,0,0,0,3,0,0,12,0,1,0,0,6,0,22,0,3,0,0,0,0,1,0,0,0,0,0,0,2,0,24,0,4,4,0,0,0,0,0,0,5,0,0,5,0,1,6,0,0,3,0,0,0,0,0,0,0,0,0,0,0,0,0,1,0,0,0,0,0,2,0,2,0,0,0,0,0,0,0,21,0,1,0,0,0,0,0,0,0,0,0,0,0,0,0,0,2,0,0,0,0,0,0,0,0,0,0,0,0,0,1,0,38,0,0,0,0,0,0,0,6,0,0,0,2,0,0,0,0,0,1,0,0,9,0,0,0,0,2,0,0,0,0,8,0,0,0,0,0,0,10,0,0,0,0,1,3,0,0,0,0,2,0,0,0,0,0,0,0,0,0,0,0,0,0,0,0,0,0,0,0,0,0,1,0,0,0,0,1,0,0,4,0,0,11,3,0,0,0,0,0,0,0,0,0,1,0,5,0,0,0,0,0,0,0,0,0,0,0,0,0,0,0,1,1,0,3,23,4,43,0,0,0,0,9,2,0,6,0,2,0,3,0,2,2,0,0,0,0,1,0,0,2,0,8,4,0,0,0,0,0,1,0,0,0,0,0,14,0,0,0,0,1,0,0,8,0,0,0,0,0,0,0,0,4,0,0,0,0,0,0,0,1,0,0,0,0,0,0,0,3,0,0,0,0,0,0,0,0,1,70
286,0,0,0,0,3,0,0,0,4,5,0,1,0,1,0,0,0,0,10,0,0,0,3,0,0,0,0,0,0,0,0,0,0,0,0,0,5,4,0,0,0,0,3,0,0,2,0,0,0,0,0,0,0,0,0,0,0,0,0,0,9,0,0,0,0,0,5,0,0,0,0,0,0,0,0,0,0,0,0,2,0,0,0,0,0,0,0,0,0,0,0,1,0,0,0,2,0,0,1,11,0,0,0,6,8,0,0,0,0,14,0,0,0,2,0,0,0,0,0,0,0,0,7,0,0,0,0,0,1,15,0,0,0,0,0,0,1,0,2,0,0,0,1,6,0,10,0,0,0,0,2,0,0,0,0,0,0,1,0,1,1,0,1,0,0,1,0,0,0,0,0,0,0,0,1,0,0,0,6,4,0,0,3,2,5,0,0,0,0,0,0,0,1,0,0,54,0,0,0,0,0,0,0,3,0,0,0,0,0,1,0,2,0,0,1,0,1,0,0,8,0,0,1,0,0,14,0,0,0,0,0,0,3,0,0,3,3,0,0,0,0,0,0,22,0,0,0,0,2,0,0,0,0,1,0,0,0,0,5,0,0,0,2,0,0,0,0,0,0,0,0,0,3,0,1,0,0,0,0,2,0,1,0,0,0,1,0,0,0,6,0,0,0,0,0,34,0,0,0,0,0,7,0,1,0,0,0,0,0,8,15,0,0,0,14,0,0,0,0,0,0,0,1,0,0,26,0,0,0,12
287,0,0,0,12,5,0,1,0,0,13,0,0,0,0,0,0,2,3,0,1,0,4,0,0,0,0,0,0,1,0,0,0,0,0,0,1,0,0,0,6,0,0,0,0,0,0,0,0,0,0,0,0,0,0,0,0,0,0,0,6,0,0,0,3,0,5,0,0,17,2,6,0,0,0,1,0,0,0,0,0,0,0,0,3,0,0,0,0,2,0,5,1,0,1,0,0,0,0,31,0,0,0,0,0,0,0,0,0,0,0,0,0,0,0,7,2,0,0,0,0,0,0,1,2,0,0,0,2,0,1,0,148,0,0,0,0,0,0,0,0,0,0,0,5,0,0,0,2,1,0,0,12,0,0,0,0,14,0,0,0,4,0,0,1,0,0,0,0,0,5,0,0,0,8,1,1,0,0,0,0,0,0,0,0,0,0,0,0,0,0,0,0,0,0,0,4,1,0,0,0,0,0,0,0,0,0,0,0,0,0,9,0,0,11,5,0,0,0,0,0,0,0,0,0,1,0,0,0,0,0,0,0,0,0,3,0,0,0,0,0,0,2,1,1,4,36,0,0,0,0,0,0,0,4,8,0,19,0,1,0,0,0,0,1,4,0,0,0,0,0,0,3,0,14,4,1,0,0,0,0,0,0,0,0,1,0,7,0,0,4,0,2,0,0,0,0,0,0,0,0,0,0,0,14,0,0,0,0,0,1,0,0,0,0,0,0,0,0,0,9,0,5,0,0,0,0,0,0,1,7
288,0,0,0,0,0,0,0,1,0,31,3,0,0,0,1,0,0,0,0,4,0,0,0,1,0,0,0,0,0,0,0,0,0,12,0,0,0,0,0,9,0,8,0,0,0,0,0,0,0,0,0,0,0,0,0,0,0,0,0,0,0,0,0,0,0,2,0,0,1,0,18,0,0,3,0,0,0,0,0,0,0,0,1,9,0,0,2,2,8,0,2,0,0,0,0,0,0,0,12,1,0,0,0,0,0,0,0,0,0,0,0,0,0,0,0,0,0,0,1,0,0,0,0,0,0,0,0,0,0,0,5,21,2,0,0,0,0,0,0,2,0,0,0,3,0,0,0,0,0,0,0,29,0,0,0,0,0,0,0,0,3,0,8,0,0,0,0,0,0,24,0,0,0,0,3,3,0,0,0,0,0,0,0,0,0,0,0,15,0,0,0,0,0,0,0,0,0,52,0,0,0,0,0,0,0,0,0,0,0,0,0,0,0,0,1,0,0,0,0,0,4,0,0,1,0,0,0,0,0,1,3,0,0,0,0,0,0,0,0,0,0,3,0,1,8,67,0,0,26,0,1,0,0,0,5,0,5,0,0,0,8,0,6,4,4,9,0,0,0,0,0,0,0,13,2,2,0,0,0,0,1,1,0,0,0,0,24,0,1,0,0,1,0,0,0,11,0,0,0,0,0,0,0,12,0,0,0,0,0,0,2,1,14,0,0,0,0,0,0,0,0,2,0,0,8,0,0,0,1,35
289,0,0,0,0,0,0,0,0,0,27,0,0,0,0,2,0,0,0,27,6,0,0,0,5,0,0,0,0,0,0,0,0,0,0,0,3,0,0,0,0,0,0,0,0,0,0,0,1,0,0,0,0,0,0,0,0,0,0,0,0,10,0,0,0,0,1,7,0,14,2,0,0,0,0,0,0,0,0,0,0,0,0,0,11,0,0,0,0,1,0,1,1,0,0,0,0,0,0,2,0,0,0,0,0,0,0,0,0,0,0,2,0,0,8,0,2,0,0,0,0,0,0,0,0,0,0,0,1,0,0,0,6,0,0,0,1,0,76,0,0,0,3,1,18,0,0,0,0,0,0,1,0,0,0,2,0,2,0,0,0,0,0,0,0,0,1,0,0,0,0,0,0,0,1,3,0,0,0,0,13,1,0,0,0,0,1,1,0,0,0,0,0,0,0,1,0,0,0,0,0,0,0,0,0,0,0,1,0,1,0,0,3,0,0,2,0,0,0,0,0,0,0,0,0,0,0,0,0,0,0,0,0,0,0,0,0,0,1,0,0,0,0,28,13,0,42,0,0,3,0,0,0,0,0,1,0,0,0,0,0,1,8,1,0,0,5,0,0,3,0,0,0,9,0,6,0,1,0,0,1,6,2,24,0,0,0,0,2,0,0,0,0,0,0,0,0,0,0,0,0,0,0,0,2,0,0,0,0,0,0,31,1,0,6,3,0,0,0,0,0,0,0,1,0,0,0,0,0,5,44
290,0,0,0,6,0,0,0,0,0,0,0,2,0,0,1,0,0,0,0,0,0,0,0,0,0,1,0,1,0,2,0,0,0,0,0,0,0,0,0,0,0,0,0,0,0,2,0,0,5,0,0,1,0,0,0,0,0,0,0,0,18,0,4,0,0,0,1,2,5,0,1,0,0,0,0,1,0,0,0,0,0,1,0,0,0,0,0,0,0,0,0,2,1,0,0,1,0,7,0,10,0,0,7,8,5,0,0,0,0,0,3,0,15,12,0,0,0,0,0,0,0,0,0,0,0,0,6,1,0,0,0,0,0,1,0,0,0,0,0,0,0,0,0,0,0,0,0,0,0,0,0,0,0,0,0,0,0,0,0,0,0,0,2,1,9,2,0,0,0,0,0,0,0,0,1,0,0,4,3,2,0,0,0,2,0,0,0,0,0,0,0,0,0,0,1,45,0,0,0,0,0,0,0,3,0,0,0,0,0,2,0,3,0,8,2,0,0,0,0,0,0,2,0,1,0,3,0,0,0,0,0,0,36,0,0,1,4,0,0,0,0,0,19,27,0,2,0,0,0,0,0,0,0,0,0,0,0,0,5,0,0,13,1,0,0,0,0,0,3,0,0,0,3,0,5,1,0,0,0,0,0,1,0,0,0,0,0,0,0,0,0,0,0,0,0,0,0,0,0,0,0,0,0,1,0,0,0,0,0,0,0,0,0,9,10,2,0,0,0,0,0,0,1,1,0,0,0,0,1,47
291,0,0,0,12,0,3,0,1,0,71,0,0,0,0,1,0,0,0,0,9,1,0,0,4,0,0,0,0,0,0,0,0,0,6,0,0,5,26,0,0,0,10,1,1,0,0,8,0,0,0,0,0,0,0,0,0,0,5,0,0,0,0,0,0,1,6,0,1,8,0,14,0,0,0,0,0,0,0,0,0,0,0,0,15,0,0,4,0,1,0,1,1,3,0,0,0,0,0,15,1,3,0,0,0,0,0,0,0,0,3,0,0,0,0,0,0,0,0,0,0,2,0,4,0,0,0,0,0,0,0,0,68,1,0,0,0,0,0,0,5,1,0,0,2,3,0,0,0,0,0,0,0,0,0,0,0,0,0,0,0,0,0,7,0,0,1,3,0,0,22,0,0,0,1,0,1,0,0,0,0,1,0,0,0,0,0,0,0,0,0,0,0,0,0,0,0,0,0,0,0,0,0,0,0,0,0,0,0,2,0,0,0,0,0,2,0,2,0,0,0,0,1,0,0,0,0,0,3,0,0,0,0,0,0,0,0,0,0,1,0,1,1,0,0,0,89,0,0,10,0,0,0,0,0,8,0,4,0,1,0,10,0,1,1,3,14,0,0,0,0,0,0,0,4,2,0,0,0,0,0,0,0,0,1,0,0,6,0,0,0,0,0,0,0,0,0,0,0,0,0,0,0,0,9,0,0,0,0,0,0,0,0,0,0,0,0,0,0,1,0,3,0,0,0,0,0,0,0,1,63
292,0,0,1,0,0,0,0,0,11,18,0,0,0,0,0,1,0,0,9,0,0,0,0,0,0,0,0,0,0,3,0,2,1,0,0,0,1,0,0,0,0,0,0,0,0,1,0,0,0,0,0,0,0,0,0,0,0,0,0,0,9,0,2,2,4,0,10,1,0,2,0,0,0,0,0,0,2,1,0,1,0,0,0,9,0,0,0,0,0,1,0,0,0,0,0,0,1,0,0,5,0,0,0,1,6,0,0,0,0,0,0,0,0,4,2,0,0,0,0,0,0,0,0,0,0,0,0,0,0,0,0,0,0,0,0,0,7,0,0,0,5,0,0,0,0,6,0,0,0,0,1,1,0,0,0,0,0,0,0,0,0,0,1,0,0,0,0,0,0,1,1,6,0,0,2,1,0,3,2,2,0,0,0,0,0,0,1,0,0,0,0,1,0,8,0,3,0,0,0,0,0,0,3,0,0,0,0,0,0,0,0,0,1,9,1,0,0,0,0,16,0,3,0,1,0,2,0,0,0,0,0,0,5,3,0,0,5,0,1,0,0,0,0,20,0,0,47,0,2,0,0,12,0,0,0,0,0,0,0,2,0,0,0,0,0,0,0,6,0,0,0,0,0,0,0,0,0,0,3,0,0,1,0,0,0,1,0,6,0,0,0,0,0,0,0,19,0,0,0,0,0,0,0,1,0,0,0,0,0,0,33,0,0,0,16,0,0,0,0,0,0,0,0,0,0,23,0,0,0,12
293,0,0,0,0,0,0,0,0,0,8,0,0,0,0,0,0,0,3,0,2,0,0,0,0,0,0,0,0,0,1,0,0,0,0,0,0,8,58,0,3,0,0,0,0,0,0,0,0,0,0,0,0,0,1,0,0,0,0,0,0,0,1,0,0,0,0,0,0,11,0,0,0,0,1,0,0,0,0,0,0,0,0,0,0,9,0,0,0,3,0,0,5,0,0,0,0,0,4,4,7,0,0,0,0,0,0,0,2,0,0,0,0,0,4,0,0,0,0,0,0,0,0,4,0,0,0,0,0,0,1,0,137,0,0,0,0,0,0,0,12,1,0,0,1,0,0,0,2,0,0,0,0,0,0,0,0,0,1,0,0,6,0,0,0,0,1,0,0,0,0,0,1,0,7,0,21,0,0,0,0,1,10,0,1,0,0,0,0,0,0,2,0,0,3,0,1,1,5,0,0,0,0,0,0,0,0,2,0,0,0,0,0,0,0,9,0,0,0,4,0,0,0,0,0,2,0,0,4,0,0,0,0,0,0,0,0,1,0,0,0,0,1,0,31,0,2,0,0,4,0,0,0,0,0,103,0,18,0,2,0,5,0,1,6,2,0,0,0,0,8,0,0,0,1,24,0,0,0,0,2,4,0,0,1,0,0,1,0,0,0,8,0,0,1,2,0,0,0,12,0,0,0,0,17,1,0,0,1,2,1,8,6,0,0,1,0,0,0,0,0,0,0,0,0,0,0,0,0,1,3
294,0,0,1,6,10,0,0,0,0,3,0,2,0,0,4,0,6,0,0,4,0,0,0,5,1,0,0,0,0,0,0,0,1,0,0,0,0,0,0,0,0,1,0,0,0,0,0,0,11,0,0,0,2,0,0,0,0,0,0,0,1,0,0,0,2,0,0,0,17,1,0,0,0,0,0,0,0,0,0,0,0,0,0,0,0,0,0,0,2,0,1,1,1,0,0,0,1,11,2,0,1,0,0,0,0,0,0,0,0,0,1,0,0,3,0,0,0,0,0,0,0,0,0,0,0,0,0,0,0,0,0,0,0,0,0,2,1,0,0,4,0,0,0,34,0,0,0,0,0,0,0,1,0,0,0,2,0,0,0,0,0,0,0,0,0,1,0,0,0,0,0,0,0,0,6,1,0,1,0,0,1,0,0,0,1,0,0,4,0,0,0,0,0,6,2,12,0,0,0,0,0,0,0,0,0,0,1,0,0,0,0,0,0,0,0,0,0,2,1,0,0,1,0,0,1,1,0,0,2,0,1,0,0,0,0,0,5,0,0,0,0,2,6,17,0,3,0,0,0,0,0,4,0,0,1,2,3,1,2,0,0,0,8,2,0,0,0,0,0,0,0,0,0,1,5,0,0,0,0,1,0,0,0,0,0,0,0,0,0,8,0,0,0,0,0,0,0,0,0,0,0,0,0,3,0,0,0,0,0,2,15,1,0,0,0,0,0,0,0,0,0,0,0,0,0,18,0,0,1,16
295,0,0,10,0,0,0,0,0,3,28,0,0,0,0,0,0,1,0,0,0,8,0,0,0,0,0,0,0,0,0,0,14,0,8,0,0,0,0,0,0,0,0,0,1,0,1,0,0,0,6,0,0,0,0,8,1,1,0,0,11,1,1,1,0,0,0,7,0,0,0,0,0,0,0,1,0,0,0,0,0,0,0,0,0,0,0,0,0,0,0,0,2,0,0,0,0,0,0,0,0,2,2,0,0,0,0,0,0,0,3,0,1,2,1,0,0,0,0,1,0,0,0,0,0,1,0,0,0,0,0,0,0,0,0,0,0,1,0,0,0,0,0,0,2,1,0,0,0,0,0,0,0,2,0,0,0,0,0,0,0,0,0,15,0,0,0,4,0,0,0,0,0,0,0,1,1,0,1,0,0,0,1,7,0,0,0,0,0,0,0,0,0,0,0,0,3,0,0,0,0,0,0,0,51,0,1,1,0,0,2,8,0,0,1,0,6,0,0,0,0,0,4,0,2,1,1,0,0,0,0,7,0,1,0,0,2,0,0,0,0,0,0,0,2,0,0,33,0,13,0,0,0,0,0,0,0,2,0,0,0,0,1,0,0,8,0,0,0,0,0,0,1,1,0,2,1,0,0,0,0,0,0,0,1,0,0,0,0,1,0,0,0,0,0,9,4,0,0,0,1,0,0,0,0,0,0,6,0,0,0,1,0,0,0,1,0,0,0,0,0,0,0,0,0,0,1,0,6,0,21
296,0,0,0,0,0,0,0,0,0,0,0,0,0,0,0,0,0,15,0,0,1,2,0,0,0,21,0,0,0,0,0,0,0,0,0,0,0,0,0,5,0,0,0,0,0,1,0,0,0,5,0,0,0,1,0,0,0,0,0,0,1,3,0,0,0,2,1,0,8,0,1,0,0,0,0,0,0,0,0,0,0,0,0,1,5,0,0,0,0,0,0,2,0,0,0,0,0,0,0,2,0,0,0,0,0,0,0,2,0,9,0,0,2,5,5,0,0,0,0,0,0,1,0,0,2,2,1,0,0,1,0,0,0,2,3,0,1,0,5,0,2,0,0,0,0,2,0,1,0,0,0,0,0,0,0,0,0,0,0,11,4,0,4,0,0,1,0,0,0,0,0,0,0,0,1,17,0,0,1,0,0,0,0,1,0,0,0,0,0,0,0,3,0,0,0,1,0,0,0,0,0,0,0,2,0,0,0,0,0,0,0,0,0,0,4,2,0,5,0,0,0,0,0,4,5,0,0,2,0,0,0,0,6,0,0,0,2,0,0,0,0,2,0,38,0,0,0,0,0,0,0,0,0,3,0,0,0,0,8,0,0,0,0,0,7,0,0,9,0,0,0,1,4,0,8,0,5,0,33,0,0,9,0,0,2,0,0,0,0,0,0,0,0,0,0,0,0,0,0,0,0,0,0,9,0,2,0,0,0,1,8,0,0,0,4,2,1,0,0,0,0,0,0,0,0,1,0,1,0,11
297,0,0,0,0,0,0,0,0,0,7,0,0,1,0,0,0,0,0,28,0,8,0,0,0,0,6,0,0,0,1,0,14,4,0,0,0,0,0,0,0,0,0,0,0,0,2,0,0,0,0,0,0,0,1,0,0,0,0,0,0,0,0,6,0,0,0,1,0,7,0,0,0,0,1,0,0,0,0,0,5,0,0,0,0,0,0,2,0,0,0,3,6,0,0,0,0,0,1,0,8,0,0,0,0,0,0,0,0,1,0,0,0,0,0,0,0,0,0,0,0,0,1,3,0,0,0,2,0,0,0,0,0,3,0,3,0,1,0,0,0,0,0,0,0,0,2,0,0,0,0,0,15,0,0,0,0,0,0,0,0,5,0,5,0,0,0,0,0,0,0,0,0,0,0,0,8,0,0,1,2,0,0,11,0,0,0,0,0,0,0,0,0,1,0,0,1,0,0,0,1,0,0,0,0,0,0,0,0,0,0,0,0,0,0,3,2,0,0,0,0,0,0,0,4,1,13,0,1,0,0,0,2,2,0,0,0,1,0,0,0,7,1,0,49,0,2,0,0,0,2,1,0,0,0,0,0,0,0,0,0,0,0,0,1,0,0,0,0,0,24,0,0,4,0,0,0,0,0,6,0,0,3,0,0,1,0,0,0,0,0,0,0,0,0,0,0,0,0,0,0,0,0,0,12,0,0,0,0,0,0,7,0,0,0,8,0,1,0,0,0,0,0,0,0,0,2,0,0,0,6
298,0,0,0,0,1,0,0,0,0,3,0,0,0,0,0,0,0,0,18,0,2,0,0,0,1,4,0,0,0,1,0,0,0,0,0,0,13,0,0,0,0,0,0,0,1,1,0,0,0,20,0,1,1,0,8,0,2,0,0,0,2,0,0,0,0,2,2,0,5,0,0,0,0,0,0,2,0,0,0,6,0,0,0,3,0,0,0,0,0,0,0,4,1,0,0,0,0,1,0,17,0,0,0,0,0,0,0,0,6,24,2,0,0,1,1,0,0,0,0,0,0,0,0,0,0,0,0,0,0,4,0,0,0,0,5,0,0,2,38,0,0,5,0,0,0,2,0,0,0,0,0,0,0,0,0,2,0,0,0,0,4,0,7,0,0,0,0,0,0,0,1,0,4,0,1,13,0,5,1,0,0,0,4,0,0,6,0,0,0,0,0,0,0,0,0,1,0,0,0,0,0,1,0,0,0,0,0,0,0,1,0,0,0,0,6,1,0,0,0,0,0,0,0,11,1,6,0,0,0,0,0,0,6,0,0,0,0,0,0,0,3,0,0,4,0,0,0,2,3,0,0,0,0,0,18,0,5,0,8,0,0,0,0,0,9,0,0,0,0,14,0,0,3,0,2,0,0,0,0,0,4,9,0,1,0,0,0,0,0,0,0,0,0,0,0,0,0,0,0,0,0,0,0,5,0,0,1,0,0,0,21,0,0,0,1,0,2,0,0,0,0,0,0,0,0,0,0,0,0,9
299,1,0,16,18,8,0,2,0,0,29,0,0,0,1,1,1,0,0,0,19,0,0,0,1,0,0,0,0,3,0,0,0,1,10,0,0,0,0,0,0,0,0,0,0,0,0,0,0,0,0,0,0,0,0,0,0,0,0,0,0,1,0,0,0,0,2,0,1,3,0,0,0,0,0,0,0,0,0,1,0,0,0,0,9,0,0,0,0,3,0,0,2,0,0,0,0,0,0,4,0,0,0,0,0,0,0,0,0,0,0,0,0,0,1,0,1,0,0,0,0,0,0,0,0,0,0,0,0,0,0,0,121,0,0,0,0,0,1,1,6,0,0,0,7,0,0,0,0,0,0,3,0,0,0,0,4,0,0,0,0,1,0,9,0,3,2,0,0,0,20,0,0,0,0,1,5,0,0,0,0,0,0,0,17,0,0,0,0,0,0,0,0,0,0,0,0,0,0,0,0,0,0,0,0,0,0,0,0,2,0,0,0,0,8,1,0,0,0,0,0,0,0,0,0,1,0,0,4,0,0,0,0,0,0,0,0,0,0,0,0,0,4,0,1,0,70,16,0,0,0,0,0,0,0,2,0,6,0,0,0,15,0,2,0,0,6,0,13,0,0,0,0,1,6,2,0,0,0,0,0,0,0,0,0,0,0,0,0,0,0,0,0,0,0,0,0,0,0,0,0,0,0,0,11,2,0,0,0,0,1,2,0,0,0,0,0,0,0,0,16,3,0,0,0,0,0,0,0,0,61
300,0,0,0,0,0,0,0,0,0,11,1,0,0,0,0,2,0,0,0,9,2,0,0,3,0,2,0,0,0,1,0,7,2,19,0,0,0,0,0,0,0,0,0,0,0,0,0,0,0,0,1,0,0,0,4,0,0,0,0,0,0,0,0,0,2,0,0,0,6,0,0,0,0,0,0,0,0,0,0,0,0,0,0,4,0,0,0,0,6,0,5,2,0,0,0,0,0,0,17,0,0,0,0,0,0,0,0,0,0,0,3,2,0,0,0,0,0,0,0,0,0,0,0,0,1,1,0,1,0,1,0,200,2,0,0,0,0,0,0,2,2,0,0,4,1,0,0,0,0,5,0,0,0,0,0,0,0,0,0,0,3,0,7,0,0,0,0,1,0,49,0,0,0,0,1,5,1,0,0,0,0,0,0,0,0,0,0,0,0,0,0,0,0,0,0,0,0,4,0,0,0,0,0,0,0,0,0,0,0,0,0,0,0,0,3,0,0,0,0,0,0,0,0,0,1,0,0,0,0,0,0,2,1,0,6,0,0,0,0,0,0,23,0,0,7,15,66,0,16,0,0,1,0,0,10,0,6,0,0,0,0,0,3,3,0,4,0,0,0,0,0,0,2,8,3,0,0,0,0,0,1,0,0,0,0,0,0,0,0,0,0,0,0,0,0,0,2,0,0,0,0,3,0,11,0,0,0,0,0,0,0,1,0,0,0,0,0,0,0,0,2,0,0,0,0,0,0,0,0,72
301,0,0,0,0,6,0,0,0,0,12,1,1,0,0,0,0,0,1,0,7,4,0,0,3,0,0,0,0,0,0,0,0,0,0,0,0,0,0,4,0,0,0,0,0,0,0,0,0,0,0,0,0,0,0,0,0,0,0,0,0,2,0,0,0,0,2,0,1,17,0,0,0,0,0,0,0,0,1,0,0,0,0,0,4,0,0,0,1,0,0,3,1,0,1,0,0,0,0,0,0,1,2,0,0,0,0,0,0,0,0,4,0,0,2,0,7,0,0,0,0,0,0,0,0,2,0,0,0,0,0,0,55,1,0,0,0,0,2,0,1,0,0,0,3,4,0,0,0,0,1,3,0,0,0,1,1,0,0,0,0,0,0,8,0,0,2,5,0,0,12,0,0,0,0,0,0,0,0,0,0,0,0,0,0,0,0,0,0,0,0,0,4,0,0,0,0,1,0,0,0,0,0,0,4,1,0,0,0,1,0,0,0,0,0,1,0,0,0,0,0,0,0,0,0,0,0,0,0,0,0,4,0,0,0,0,0,1,0,0,0,0,0,0,1,0,199,18,0,28,0,0,0,0,0,4,0,0,0,0,0,0,1,1,0,0,13,0,0,0,0,0,0,0,5,4,0,0,0,0,0,0,0,0,0,0,0,22,0,0,0,0,0,0,0,0,0,0,0,1,0,0,0,1,14,0,0,22,0,0,1,0,2,0,0,0,0,0,0,0,0,0,7,0,0,0,0,0,6,2,135
302,0,0,0,0,1,2,13,0,0,12,0,0,0,0,3,0,15,0,19,3,0,0,0,1,0,0,4,0,0,0,0,12,2,1,0,0,0,0,0,0,0,0,0,2,0,0,0,0,35,0,0,0,0,0,0,0,0,0,0,0,0,0,7,0,0,0,0,0,13,0,0,0,0,0,0,0,0,0,0,0,0,0,0,3,0,0,8,0,3,0,1,12,0,0,0,0,0,0,5,2,13,0,0,0,0,0,0,0,1,0,0,0,2,6,6,7,0,0,16,2,0,0,0,0,0,3,0,0,0,0,0,154,0,0,0,0,0,0,0,8,0,0,0,3,0,1,0,1,0,0,1,0,0,0,0,0,0,0,0,0,0,0,0,0,0,4,0,0,0,0,0,0,0,20,1,27,0,0,0,0,14,3,0,0,0,0,0,1,0,1,0,0,0,0,0,1,0,0,0,0,0,0,0,0,0,0,0,0,1,0,0,0,0,0,14,0,0,0,0,0,0,0,7,0,1,0,0,0,1,0,0,0,0,0,0,0,0,0,0,0,0,0,0,2,0,3,0,0,4,0,0,0,0,0,102,1,0,0,10,0,6,1,1,6,1,1,0,1,0,15,0,0,0,0,28,2,0,0,0,0,0,0,0,1,0,0,0,0,0,0,0,3,0,0,0,12,0,0,0,0,0,0,0,10,0,0,0,0,0,0,0,0,0,0,0,0,0,0,0,0,0,0,0,0,0,0,0,0,0,7
303,1,0,0,0,0,0,0,0,1,6,0,0,1,0,2,0,0,0,6,0,2,2,0,0,0,0,0,0,0,1,0,0,2,1,0,0,0,0,0,4,0,0,0,0,0,0,0,0,0,3,0,0,1,0,7,0,1,2,1,0,1,3,0,0,0,0,0,0,24,0,0,0,1,0,0,0,0,0,0,0,0,0,0,7,0,0,0,0,12,0,0,3,0,0,1,0,2,0,2,5,0,0,0,0,0,0,0,0,0,27,0,0,3,0,0,0,0,0,0,0,0,0,0,0,0,0,0,0,0,0,0,94,0,0,0,0,0,2,14,0,0,2,1,3,0,0,0,2,0,0,0,9,0,0,0,0,0,0,0,0,1,0,1,0,0,1,0,0,0,2,0,0,1,18,0,0,0,0,0,0,11,0,0,0,0,0,0,0,0,0,0,2,0,0,0,1,1,3,0,0,0,0,0,0,0,0,0,0,0,0,0,0,0,0,12,0,0,4,0,0,0,0,0,0,3,0,0,0,0,0,0,0,0,1,0,0,1,0,3,1,0,3,0,27,0,9,0,0,0,3,0,0,0,0,35,0,7,0,2,0,0,7,0,1,0,0,0,3,0,19,0,0,0,1,12,0,0,0,0,0,4,3,0,0,0,0,0,0,0,0,4,0,0,0,4,0,0,0,0,0,0,0,0,32,0,0,0,0,0,0,0,1,0,0,0,0,0,0,0,0,0,0,0,0,1,0,0,0,2,10
304,0,1,0,0,0,0,0,0,1,1,0,0,0,0,6,0,0,0,8,2,2,0,0,0,0,0,0,0,0,0,0,7,0,0,0,0,0,0,0,0,0,0,0,0,0,0,0,0,0,7,6,0,0,0,0,0,0,0,1,0,2,0,7,0,0,0,1,0,31,0,0,0,0,1,0,0,0,0,0,0,0,0,0,2,0,0,0,0,0,0,2,6,0,0,0,0,0,0,2,0,7,0,0,0,0,0,0,0,2,27,0,0,0,4,0,0,0,0,0,0,2,1,0,0,0,0,0,0,0,0,0,93,20,0,0,0,0,2,0,5,0,0,0,0,0,0,0,0,0,0,0,8,0,0,11,3,0,0,0,0,0,2,3,0,1,2,0,0,0,0,1,0,0,0,1,11,0,0,0,0,55,0,0,1,0,0,0,0,0,3,0,0,0,0,0,0,1,0,0,0,3,0,0,0,0,0,0,0,0,0,0,2,0,0,12,0,0,0,0,0,0,0,0,0,10,0,0,2,6,0,0,0,1,0,0,0,1,0,0,0,0,1,0,10,0,247,0,0,2,0,0,0,0,0,0,0,17,0,0,0,2,3,1,2,7,0,0,0,0,0,0,0,0,0,2,0,0,0,0,0,1,10,0,0,1,0,10,2,0,0,0,2,0,0,0,0,0,0,0,0,0,0,0,8,0,1,0,8,0,0,7,1,0,0,2,0,0,0,0,0,0,0,0,0,0,0,0,0,1,3
305,0,0,0,0,0,0,0,0,0,14,0,0,0,0,1,0,0,0,8,2,0,0,0,16,0,0,0,5,0,0,0,0,0,0,0,0,0,0,0,0,0,0,0,0,0,0,0,0,6,0,0,0,0,0,2,0,0,0,1,0,3,0,1,0,3,0,0,2,9,0,0,0,0,0,0,0,0,0,0,0,0,0,0,5,0,2,3,0,1,2,0,0,0,3,0,0,0,0,1,11,0,1,6,2,7,1,0,0,3,15,0,4,0,0,0,1,0,0,0,0,0,0,0,0,0,0,0,0,0,0,0,29,0,1,0,0,0,0,0,9,0,0,0,7,0,0,0,0,0,0,3,2,0,0,3,0,0,0,0,0,0,0,0,0,0,2,0,1,0,2,0,0,0,1,12,2,0,0,0,0,0,0,0,1,0,0,0,0,0,0,12,0,0,8,1,0,0,1,0,0,0,0,0,0,0,0,0,0,0,0,0,0,2,8,1,0,0,0,0,0,0,0,0,0,0,0,0,0,0,0,0,0,11,5,0,0,7,1,0,0,0,2,0,58,0,3,7,1,1,0,0,8,0,0,4,0,1,0,0,0,2,0,2,2,0,0,0,0,2,0,0,0,0,0,4,0,0,0,0,0,2,0,0,0,0,0,0,0,0,0,0,0,0,0,0,0,0,0,0,0,0,0,0,4,0,4,0,0,0,2,13,1,0,0,0,0,0,0,0,0,0,0,0,0,0,0,0,0,1,16
306,0,0,0,0,0,4,0,0,1,3,0,0,2,0,0,0,0,0,0,0,1,0,0,0,0,3,0,0,0,2,0,0,0,0,2,0,0,43,0,0,0,0,0,0,0,1,0,0,0,4,0,0,1,0,9,0,1,0,0,0,0,0,0,1,0,1,1,0,2,0,0,0,0,0,0,1,0,0,0,5,0,0,0,0,0,1,0,0,0,0,2,1,0,0,1,0,0,0,1,3,0,0,0,0,0,0,0,0,0,20,1,0,0,2,0,4,0,0,0,0,4,0,0,0,0,0,0,0,0,0,0,0,0,0,0,0,0,0,1,0,0,0,0,0,0,0,0,0,0,0,0,0,1,0,0,0,2,0,0,1,2,0,3,0,0,1,0,0,0,0,0,0,1,7,0,11,0,0,2,0,10,0,0,0,0,4,0,0,0,0,0,0,0,0,0,2,0,0,1,0,0,0,0,4,0,0,0,0,0,0,0,0,0,0,10,0,0,0,0,0,0,1,0,4,1,1,0,1,0,0,0,3,5,0,0,0,1,0,0,0,0,0,0,43,0,1,0,0,1,0,0,0,0,0,0,0,0,0,0,0,0,0,0,0,2,0,0,3,0,0,0,0,2,0,17,0,0,0,0,0,4,9,0,0,0,0,0,0,0,0,0,0,0,0,0,0,0,0,0,0,0,0,0,3,0,0,0,0,0,0,28,1,0,0,9,0,0,0,1,0,2,0,0,0,0,1,0,0,0,1
307,0,2,0,18,0,1,1,0,0,0,0,0,0,0,1,0,0,0,0,5,0,0,0,2,0,0,0,0,0,0,0,0,1,7,0,0,1,25,0,7,0,0,0,0,0,0,0,0,0,0,0,0,5,0,0,0,0,3,2,6,1,0,0,0,0,6,0,0,4,0,0,0,1,0,0,0,3,0,2,0,0,0,0,4,0,0,0,0,4,0,2,1,3,0,0,0,0,0,24,0,1,0,0,0,0,0,0,0,0,0,0,1,0,0,0,0,0,0,0,0,0,0,4,4,0,0,0,0,0,0,0,167,0,1,0,0,1,0,0,3,0,0,0,1,0,0,0,0,0,0,4,0,0,0,0,1,0,0,0,0,0,0,2,0,6,2,0,2,0,51,0,0,0,3,1,3,0,3,0,0,3,0,0,0,0,0,0,0,1,0,0,0,0,0,0,1,0,0,0,0,0,0,0,0,0,0,0,0,0,0,0,0,0,0,4,0,0,10,0,15,0,0,0,0,0,0,3,0,0,0,11,0,1,0,0,0,0,0,0,0,0,3,0,2,0,110,0,0,0,0,0,0,3,0,5,0,15,0,1,2,0,0,0,4,6,0,0,0,1,3,1,0,0,9,10,0,0,1,0,0,0,0,0,0,0,0,0,0,0,0,0,0,0,0,0,2,0,0,0,0,0,0,0,5,0,0,0,14,0,0,0,2,7,0,0,0,0,0,0,0,0,3,0,3,0,0,0,0,1,98
308,0,0,0,0,0,2,0,0,0,5,0,0,1,0,6,0,0,0,0,1,2,2,1,0,0,0,0,0,0,0,0,0,0,0,0,0,0,104,0,0,0,0,0,1,0,0,0,0,0,0,5,0,1,0,0,0,2,0,2,0,2,0,0,0,0,1,0,0,28,0,3,0,1,0,0,0,0,0,3,0,0,0,0,0,0,0,7,2,6,0,6,8,0,0,0,0,1,0,1,1,0,0,0,0,0,0,0,0,0,0,0,0,0,2,0,0,0,0,0,0,0,0,0,0,2,0,0,0,0,0,0,44,0,0,0,0,0,0,0,12,0,0,0,0,0,0,0,2,0,0,0,0,0,0,0,0,0,0,0,0,3,0,0,0,1,0,0,0,0,1,0,0,1,2,1,3,0,0,0,0,0,0,0,0,0,0,0,0,0,4,0,0,0,0,0,1,0,0,0,0,0,0,0,0,0,0,0,0,0,0,0,0,0,2,7,0,0,0,0,0,0,1,3,0,2,0,0,0,0,0,0,0,1,0,0,0,0,0,0,0,0,1,0,10,0,12,0,0,0,0,0,0,0,0,77,0,33,0,4,0,3,1,0,4,1,1,0,0,0,0,0,0,2,0,15,0,0,0,0,0,1,1,1,0,0,0,0,0,0,0,0,0,0,0,0,8,0,0,0,0,0,0,0,5,0,4,0,0,0,0,25,4,0,0,2,0,0,0,0,0,0,0,0,0,0,0,0,0,1,5
309,0,0,0,4,0,0,1,1,0,13,4,0,0,1,1,0,0,0,0,4,0,0,0,1,0,1,0,0,0,0,0,0,0,13,0,0,10,0,2,0,0,0,0,0,0,0,0,0,0,0,0,0,0,0,0,0,0,0,5,0,5,0,4,4,0,4,0,0,12,0,0,0,0,10,0,0,0,0,1,0,0,0,0,4,0,0,3,8,3,0,0,1,6,0,0,0,0,0,51,0,0,0,0,0,0,0,0,0,0,0,0,1,0,1,0,2,0,0,0,0,0,0,1,0,0,0,0,0,0,0,3,63,0,0,0,0,0,0,2,1,0,0,18,3,3,0,0,0,0,0,0,0,5,0,0,0,0,0,0,0,0,0,6,0,0,0,0,0,0,38,0,0,0,0,0,3,0,0,0,1,0,0,0,55,0,0,0,0,0,0,0,0,0,0,0,0,0,0,0,0,0,0,0,0,0,0,0,0,0,0,0,0,0,1,3,0,4,0,0,0,0,0,0,0,0,0,0,0,0,0,6,0,1,0,0,0,0,0,1,0,0,5,0,0,0,0,0,0,5,2,0,1,1,0,9,0,11,0,1,0,16,0,1,1,0,0,0,2,2,0,0,0,0,14,6,0,0,0,2,0,0,0,16,0,0,0,0,0,0,0,0,0,0,0,0,3,0,0,0,1,0,0,0,15,0,0,0,13,0,1,0,0,0,0,0,0,0,0,0,0,0,0,0,0,3,0,1,9,0,17
310,0,1,0,0,7,0,0,0,0,28,1,0,1,0,0,0,0,0,0,7,0,0,0,2,0,0,0,0,0,1,0,0,4,6,0,0,0,0,0,0,0,0,0,1,0,0,0,0,0,0,1,0,0,0,0,0,0,0,21,0,0,1,0,0,0,2,0,1,5,0,0,1,0,0,0,0,0,0,0,0,0,0,0,0,0,0,0,0,6,0,6,1,0,0,0,0,0,5,25,0,0,1,0,0,0,0,0,0,0,0,0,0,0,0,0,0,1,0,0,0,0,0,0,0,0,0,0,0,0,3,2,97,0,0,0,0,0,0,0,1,0,0,22,9,0,0,0,0,0,0,0,0,0,0,0,0,0,2,0,0,2,0,5,0,4,2,0,0,0,5,0,0,0,29,1,5,0,0,0,0,0,3,4,0,0,0,0,6,0,0,0,0,0,2,0,0,0,5,0,0,0,0,0,0,0,0,0,0,0,0,0,0,0,0,3,0,0,0,0,7,0,0,3,0,0,0,0,0,0,0,2,0,0,0,8,1,0,0,0,0,0,4,0,3,0,37,0,0,0,0,1,0,0,0,12,0,7,0,0,0,35,0,2,0,13,3,0,0,0,2,0,0,0,19,2,0,0,0,0,0,0,0,0,0,0,0,0,0,0,1,0,0,0,0,0,0,0,0,0,0,0,5,0,0,0,0,0,0,0,0,1,0,0,0,0,0,0,0,0,0,0,0,0,0,0,2,0,0,2,48
311,0,0,0,0,0,2,8,0,0,0,0,0,0,0,0,0,0,0,1,0,1,0,0,0,0,8,0,0,16,2,0,0,0,0,0,0,0,0,0,2,0,3,0,0,0,0,0,0,0,8,0,0,1,0,0,0,0,1,0,0,1,0,10,0,0,0,1,0,16,0,0,0,0,0,0,0,0,0,0,2,0,0,0,0,0,1,0,1,1,0,4,4,0,0,1,0,0,0,0,4,0,0,0,0,0,0,0,0,0,0,0,0,0,1,0,0,0,0,0,0,0,0,0,0,0,2,2,0,0,0,0,0,3,4,0,1,0,0,0,0,3,0,0,0,0,0,0,2,0,0,0,0,0,0,0,0,0,3,0,0,2,0,5,0,0,0,0,0,0,0,0,0,0,3,0,22,0,0,1,1,0,0,0,0,0,0,0,0,0,0,0,0,0,0,0,3,0,0,0,0,0,0,0,0,0,0,0,0,0,0,0,0,0,0,10,2,0,0,0,0,0,1,5,3,1,6,0,0,2,2,0,2,1,0,0,0,4,0,0,1,0,0,16,36,0,0,0,0,1,0,0,0,0,0,18,0,0,0,0,0,0,0,0,0,2,0,0,0,0,0,1,2,0,0,0,0,0,0,0,0,0,5,0,1,0,0,1,0,0,0,0,0,0,0,0,0,0,0,0,0,0,0,0,20,0,0,0,20,1,0,40,0,0,0,2,5,0,0,0,1,0,0,0,8,0,1,0,0,0,13
312,0,3,0,0,0,0,0,1,2,43,0,0,0,0,0,0,1,3,0,2,0,0,0,1,0,4,0,0,0,0,0,0,0,0,0,0,0,0,0,0,0,0,0,0,0,0,0,0,0,0,0,0,0,0,0,0,0,0,0,0,1,0,0,0,1,2,0,0,14,0,0,1,0,0,0,0,2,0,1,0,0,0,0,7,0,0,3,7,1,0,0,5,0,0,0,0,0,4,12,0,0,0,2,0,0,0,0,0,0,0,0,0,0,1,5,0,0,0,0,0,0,0,0,0,0,1,0,0,0,0,0,28,0,0,0,0,0,3,0,2,0,0,0,2,0,0,1,0,1,0,0,0,0,0,0,0,0,0,0,0,0,0,6,0,0,1,5,0,0,5,1,0,0,0,1,1,0,0,0,1,0,0,0,14,0,0,0,0,1,0,0,0,0,0,0,0,0,0,0,0,0,0,0,0,0,0,0,0,1,0,0,0,1,12,0,0,0,0,0,9,0,0,1,0,0,0,0,0,0,0,2,0,2,0,0,0,0,0,0,0,0,2,1,0,0,6490,0,0,32,0,2,1,0,0,7,0,0,0,1,0,29,0,0,0,0,5,0,0,0,0,0,0,0,3,2,1,0,0,0,2,1,0,0,0,0,0,32,0,0,0,0,0,0,0,0,0,0,0,0,0,0,0,0,15,0,0,0,0,0,0,0,3,5,0,0,0,0,0,0,0,0,0,0,0,0,0,0,0,4,34
313,0,0,0,0,0,0,0,8,0,9,0,0,0,0,0,0,0,0,0,1,0,2,0,3,5,0,0,4,0,2,0,1,0,1,0,0,0,0,0,0,0,0,0,0,0,0,3,0,5,0,0,0,0,0,0,0,0,0,0,0,0,0,0,1,0,1,0,0,10,0,0,0,0,0,0,0,0,0,0,0,0,0,0,30,0,0,0,0,1,0,0,1,0,0,0,0,0,0,1,6,2,0,0,0,0,0,2,0,0,0,0,0,0,1,0,1,0,0,18,0,0,0,8,0,1,0,0,0,0,0,1,13,0,0,0,0,0,16,0,3,12,0,0,62,0,0,0,0,0,0,0,0,0,0,0,2,0,0,0,0,0,0,0,1,0,1,0,1,0,1,0,0,0,0,1,1,0,0,0,0,0,5,0,0,4,0,0,3,0,0,0,0,0,0,1,0,0,0,0,0,0,0,0,0,0,0,0,0,0,0,0,0,0,0,1,0,0,0,0,0,0,1,0,0,0,3,0,0,0,0,1,0,3,0,0,0,1,0,0,0,0,4,0,25,0,8,0,0,0,0,0,0,0,0,1,0,1,0,0,0,1,0,5,2,0,10,0,0,0,0,0,1,2,1,4,0,0,0,0,9,1,2,25,0,0,0,0,0,0,0,0,0,0,0,2,0,0,0,12,0,0,0,0,2,0,0,0,14,0,7,6,2,0,4,9,0,0,0,0,0,0,0,0,0,0,0,0,0,6,28
314,0,0,0,19,0,0,0,0,0,0,0,0,0,0,0,0,0,0,3,3,0,2,0,0,0,0,0,0,0,2,0,0,0,0,0,0,0,2,0,0,0,0,0,0,7,0,0,0,0,1,0,0,0,2,0,0,0,0,0,0,0,0,2,2,0,0,16,0,0,4,0,1,0,0,0,0,0,0,0,2,0,1,0,3,0,0,0,0,0,0,0,1,0,0,0,0,0,0,0,7,0,0,19,3,0,4,0,0,0,29,0,0,0,12,0,0,0,0,0,0,0,0,12,0,0,0,0,0,0,0,0,0,0,0,0,0,3,0,0,0,0,0,0,7,0,0,0,0,0,0,0,1,0,0,0,1,0,0,0,0,1,0,0,0,0,0,0,0,0,1,0,0,0,0,2,0,0,3,0,0,0,0,1,2,2,1,0,0,0,0,0,0,0,6,0,24,0,0,0,0,0,0,0,0,10,0,0,0,0,0,0,0,2,0,3,0,0,0,0,0,0,1,0,1,1,9,0,6,0,0,1,0,8,0,0,1,3,0,0,0,0,0,0,14,0,2,7,0,5,0,0,0,0,0,0,0,0,0,0,0,0,0,0,0,0,0,0,0,0,0,0,0,0,0,2,0,0,0,0,0,0,2,0,0,0,0,0,3,0,0,0,0,0,0,3,25,0,0,0,3,0,0,0,2,0,0,0,0,0,0,3,0,0,0,18,0,0,0,0,0,0,0,0,0,0,14,0,0,1,67
315,0,1,0,0,0,1,0,0,0,5,0,0,0,1,0,0,0,5,0,0,1,1,0,0,0,3,0,0,0,0,0,0,0,0,0,0,0,0,0,0,0,0,0,0,0,1,0,0,0,80,0,0,0,0,0,0,0,4,0,0,3,0,3,0,0,0,10,1,2,0,0,0,0,0,1,0,0,0,0,0,0,0,0,0,0,0,0,0,0,0,0,1,0,0,0,0,0,0,0,0,0,1,0,1,0,0,0,0,0,2,4,0,0,1,10,2,0,0,0,0,6,0,0,0,0,0,0,0,0,0,0,0,2,0,0,0,0,0,0,0,0,0,0,0,0,0,0,0,0,0,0,0,0,0,0,0,0,0,0,0,0,0,5,0,0,0,0,1,0,0,0,5,0,8,0,0,0,1,0,0,0,0,3,0,0,0,0,0,0,0,0,0,0,0,0,6,0,0,0,0,0,0,0,5,0,0,0,1,0,0,9,0,0,0,1,1,5,0,0,2,0,0,0,0,0,1,0,0,0,0,2,0,4,0,6,1,1,0,0,0,0,0,0,0,0,10,18,3,17,3,0,0,0,0,0,0,5,0,0,0,0,1,0,0,5,0,0,0,0,0,0,1,0,0,0,0,0,0,0,0,0,1,5,0,0,0,0,0,0,0,0,0,0,0,0,11,0,0,0,1,0,0,1,3,0,0,0,0,0,0,1,0,0,0,1,0,1,0,0,4,0,0,0,0,0,1,0,5,1,79
316,0,0,0,0,0,0,0,0,0,15,0,0,0,0,6,0,27,7,0,2,1,0,0,1,0,0,5,0,0,0,0,0,0,0,0,0,0,0,0,4,1,0,0,0,0,0,0,0,32,0,0,0,0,0,0,7,0,0,0,0,0,0,0,0,0,1,0,0,2,1,0,0,0,1,0,0,0,0,0,0,0,0,0,2,5,2,14,0,24,0,0,5,0,0,1,0,0,0,5,0,0,0,0,0,0,0,0,0,1,0,0,0,0,3,0,0,0,0,0,7,3,0,0,0,0,0,0,0,0,0,0,28,0,0,0,0,1,0,0,11,0,0,0,1,0,0,0,0,0,0,0,6,0,0,0,0,0,0,0,0,2,0,1,0,0,1,0,0,0,1,0,0,0,0,1,68,0,0,0,0,0,0,4,0,0,9,0,1,0,0,2,0,0,0,0,1,0,0,1,0,0,1,0,0,0,0,0,0,0,0,0,0,0,0,6,0,0,4,2,0,0,0,0,0,2,0,0,0,0,3,0,0,0,0,0,0,0,0,0,0,5,1,0,7,0,1,1,1,0,0,0,0,0,0,98,0,22,0,21,0,3,0,1,2,3,1,0,5,0,11,0,0,0,1,21,0,0,0,0,0,1,0,2,0,0,0,0,0,0,0,0,0,0,0,0,0,0,0,0,0,0,0,0,10,0,0,0,0,0,0,20,2,0,0,0,0,0,0,0,0,0,0,0,7,0,0,0,0,1,3
317,10,0,0,0,0,0,0,0,5,3,0,1,0,0,0,0,0,0,0,0,2,4,0,0,0,0,0,0,0,5,0,0,0,0,0,2,0,0,0,0,0,0,0,2,11,1,0,0,3,0,0,0,0,2,7,0,0,0,0,0,12,0,0,0,0,1,9,0,7,0,0,0,0,0,0,0,0,0,0,1,0,0,0,5,0,0,0,1,0,0,0,0,1,0,0,1,0,0,0,14,1,0,0,2,0,0,0,0,0,0,0,0,0,8,0,0,0,0,0,0,0,0,0,0,0,0,0,0,0,0,0,0,0,0,0,3,5,0,0,0,0,0,0,0,0,0,0,0,0,0,0,2,0,1,0,0,0,0,0,0,0,0,0,0,0,1,0,1,0,0,1,0,1,0,0,0,0,0,3,2,0,0,0,3,2,0,0,0,0,0,7,1,0,5,0,23,0,0,0,0,0,0,0,2,0,0,0,0,0,0,0,0,2,0,0,0,0,0,0,0,1,0,0,1,1,6,0,0,0,0,0,0,14,0,0,1,2,0,0,0,0,0,0,6,0,1,0,0,5,0,0,0,0,0,0,6,0,0,0,2,0,5,1,0,1,0,0,0,0,0,0,0,2,1,5,0,0,0,0,5,9,5,74,0,0,0,0,0,0,0,0,0,0,0,0,0,0,0,0,0,0,0,0,6,0,0,0,0,0,7,0,0,0,0,6,2,0,0,0,0,0,0,1,0,0,3,0,0,0,28
318,0,0,0,0,0,0,0,0,0,0,0,0,2,0,0,0,0,0,0,0,0,0,0,0,0,0,0,0,5,0,0,0,0,0,0,0,0,44,0,0,0,0,0,0,0,0,3,0,0,0,0,0,0,0,0,0,0,0,0,0,1,0,0,0,0,3,0,0,16,0,0,0,1,1,0,0,1,7,0,0,0,0,0,0,0,0,0,0,20,0,1,0,2,0,0,0,0,0,1,0,5,0,0,0,0,1,0,0,0,0,0,0,0,3,0,4,0,0,0,0,0,0,1,0,0,1,0,0,0,0,0,5,0,0,12,0,0,1,0,10,0,5,0,3,1,0,0,0,0,0,0,8,0,0,0,0,0,0,0,0,3,0,0,0,0,0,0,0,0,0,0,0,0,0,1,7,0,0,0,0,34,0,0,0,0,0,0,1,0,0,2,0,0,0,0,0,0,0,0,0,0,0,0,0,0,0,1,0,2,0,0,2,0,0,20,0,0,0,0,0,0,0,0,0,5,0,0,0,6,0,0,0,0,2,2,0,0,0,0,1,0,0,31,30,0,9,0,2,2,0,2,0,0,0,0,0,0,0,0,0,0,0,0,1,0,0,0,0,0,0,0,0,0,0,25,0,0,0,0,0,3,18,0,0,0,0,5,0,0,0,0,0,0,0,0,0,0,0,0,0,0,0,0,24,0,0,0,0,0,0,15,3,0,0,6,0,0,0,0,0,0,0,0,0,0,0,0,0,0,6
319,0,0,0,0,0,0,0,0,1,27,0,1,0,1,0,0,0,0,0,2,2,0,0,4,0,0,0,0,0,0,0,0,0,0,0,0,0,0,0,0,0,0,0,0,0,0,0,0,0,0,0,0,0,0,0,0,1,3,0,0,3,0,0,0,0,9,0,0,6,0,0,0,0,0,0,0,0,0,0,0,0,0,0,2,0,0,0,0,2,0,0,1,2,0,0,0,0,0,10,0,0,0,0,0,0,0,0,0,0,0,0,0,0,1,0,1,0,0,0,0,6,0,0,2,1,0,0,0,0,0,0,181,0,0,0,0,0,0,1,0,0,0,0,2,2,0,0,0,0,0,3,0,0,0,0,0,0,0,0,1,0,0,6,0,0,2,0,0,0,12,0,0,0,31,0,1,0,2,0,0,0,0,2,0,0,0,0,0,0,0,0,0,0,0,0,8,0,0,0,0,0,0,1,0,0,0,0,0,0,0,0,0,0,0,2,0,0,0,0,0,0,0,0,0,0,0,0,0,0,0,0,0,0,0,0,0,0,0,0,0,0,9,0,0,0,18,0,0,0,2,0,0,0,0,0,0,15,0,0,1,3,0,1,1,6,0,0,0,5,0,1,1,1,10,3,0,0,1,1,0,0,0,0,0,0,0,30,0,0,0,0,2,0,0,10,0,0,0,0,0,0,2,0,15,0,0,0,0,0,0,0,0,0,2,0,2,0,0,0,0,0,0,0,3,8,0,0,0,2,60
320,0,0,0,0,0,0,0,2,0,31,0,0,0,0,1,2,0,0,0,6,7,0,0,3,0,0,0,0,2,0,0,0,0,9,0,0,2,0,0,9,0,0,0,0,0,0,5,0,0,0,0,0,4,0,0,0,0,6,0,0,0,0,0,0,0,5,1,0,2,0,13,0,0,0,0,0,0,0,0,0,0,0,0,0,0,0,0,0,6,0,0,1,2,0,0,0,0,0,13,1,1,0,0,0,0,0,0,0,0,0,9,0,0,0,0,3,0,0,0,0,5,0,0,4,0,1,0,0,0,0,0,75,0,0,0,0,0,0,0,0,0,0,0,7,2,0,0,8,0,1,2,0,0,0,0,0,0,0,0,0,1,0,2,0,0,2,0,1,0,15,0,2,0,5,1,2,0,0,0,0,1,1,0,0,0,0,0,0,0,0,0,0,0,0,0,1,0,0,0,0,0,0,0,9,0,0,0,0,0,0,0,0,0,0,2,0,0,0,0,0,6,0,0,0,0,0,0,0,0,0,0,1,0,0,0,0,0,0,0,0,0,8,0,1,0,70,18,0,5,3,0,1,0,0,14,2,8,0,0,2,21,0,2,1,0,3,0,0,0,0,0,0,0,9,1,0,0,0,0,0,0,0,6,0,0,0,5,0,0,0,0,0,0,0,0,0,0,0,0,0,0,0,0,6,2,0,0,30,0,0,0,1,0,0,0,2,0,0,2,0,0,6,0,0,0,0,0,3,1,43
321,1,0,0,17,0,0,0,0,5,11,0,0,0,0,0,0,0,0,0,0,5,0,0,0,0,1,0,0,0,0,0,16,0,11,28,1,0,0,1,0,0,0,0,0,0,0,8,0,0,0,0,0,0,0,0,0,0,0,0,0,2,1,4,1,0,8,0,0,6,2,0,0,0,2,0,0,1,0,0,0,0,0,0,3,0,0,0,0,5,0,0,2,0,0,0,0,1,0,22,0,0,0,0,0,0,0,3,0,0,0,4,2,0,0,4,9,0,0,1,0,2,1,0,0,0,0,0,2,0,0,0,67,2,1,0,0,3,5,0,0,1,0,9,0,0,0,0,1,0,1,5,0,0,0,3,0,2,0,0,0,3,0,2,0,0,0,0,2,0,2,0,0,0,0,0,0,0,0,0,0,3,0,0,0,0,0,0,6,1,0,0,0,0,0,0,0,0,0,0,0,0,0,0,0,0,0,0,0,0,0,0,0,0,0,3,0,0,0,0,0,0,0,0,0,0,0,0,0,0,0,15,0,0,0,0,0,0,0,0,0,0,0,0,1,0,132,21,0,0,0,2,0,0,9,3,0,13,0,0,0,17,0,1,0,1,0,0,0,0,0,0,2,1,1,2,0,0,0,0,0,0,0,0,0,0,0,15,0,0,0,0,0,0,0,16,0,0,0,0,3,0,7,0,9,0,0,6,12,0,0,0,1,12,0,1,0,0,0,0,1,0,2,0,0,0,1,0,0,1,159
322,3,0,0,0,0,0,0,0,0,12,0,0,0,0,2,0,0,0,11,6,0,0,0,5,0,0,0,6,0,0,0,0,0,1,0,0,0,0,0,0,0,0,4,2,0,0,1,0,0,0,0,0,2,0,0,0,0,0,0,1,0,0,3,2,0,1,0,0,28,0,0,0,0,0,0,1,0,0,0,0,0,0,0,4,0,3,0,0,0,0,0,1,0,0,0,2,0,0,2,6,0,0,0,0,0,0,0,0,0,0,0,3,0,0,0,0,0,0,0,0,0,0,17,0,0,0,0,0,0,14,0,16,0,0,0,0,0,0,0,0,0,2,1,7,0,12,0,0,0,0,0,0,0,0,0,0,0,0,1,0,0,0,0,0,0,3,0,2,4,1,0,2,0,1,2,1,0,0,0,0,1,0,0,0,2,0,0,10,0,0,0,0,0,9,0,0,0,0,0,5,0,0,0,0,2,0,0,0,0,0,3,0,3,0,1,0,0,0,0,0,1,0,0,0,0,0,0,0,0,0,0,0,1,0,0,1,0,2,0,0,0,2,0,27,0,4,0,0,8,0,0,0,0,0,2,0,1,0,31,0,0,0,0,4,0,0,0,4,0,0,7,0,0,2,4,1,0,8,1,0,4,3,0,0,0,0,0,0,0,0,0,0,0,0,0,0,0,0,17,0,0,0,0,6,0,0,0,0,0,4,5,1,0,0,0,0,0,0,0,0,0,0,0,0,0,0,0,0,0,70
323,0,0,0,0,0,0,0,1,0,23,2,1,0,0,0,0,0,3,0,3,1,0,0,1,0,0,0,0,0,0,0,0,0,1,0,0,0,0,0,0,0,0,0,0,0,0,0,2,0,0,0,0,0,0,0,0,0,0,0,0,1,0,0,0,0,5,0,5,10,0,0,0,0,2,0,0,0,0,0,0,0,0,0,2,0,0,0,0,3,0,4,3,0,0,0,0,0,12,9,0,1,0,0,0,0,0,0,0,0,0,0,0,0,0,0,0,0,0,0,0,0,0,0,6,1,0,0,0,0,0,0,112,1,0,0,0,0,0,0,0,0,0,0,6,0,0,0,0,0,0,0,4,0,0,0,0,0,0,0,0,8,0,5,0,0,2,0,1,0,7,0,0,0,0,1,0,0,0,0,1,1,0,0,0,0,0,0,0,0,0,0,0,0,0,0,0,0,6,0,0,0,0,1,0,0,1,0,1,0,0,27,0,0,0,2,0,0,0,0,0,0,0,2,0,0,0,0,0,0,0,4,0,0,0,0,0,0,0,0,0,0,0,1,1,0,1837,0,2,0,0,0,0,0,0,4,0,6,0,0,0,0,0,0,0,2,0,0,0,0,0,0,0,1,0,8,0,0,0,0,0,0,0,0,0,0,0,7,0,0,0,0,0,2,0,0,3,0,0,0,0,0,6,0,14,0,0,5,0,0,1,1,1,0,0,0,0,0,0,0,0,0,0,0,0,12,0,0,0,1,141
324,0,0,0,0,0,0,0,0,0,12,0,0,0,0,0,0,3,0,10,0,0,0,0,0,0,0,0,0,0,0,0,0,0,0,0,0,0,0,0,0,0,0,0,0,0,2,0,0,0,0,0,0,0,0,0,0,0,0,1,0,8,0,0,0,0,1,26,0,6,0,1,0,0,0,0,5,0,0,4,4,0,0,0,0,0,0,0,0,0,2,0,1,0,0,0,1,0,1,0,13,1,1,0,8,0,0,0,0,0,39,0,0,0,1,1,0,0,0,19,0,6,0,0,0,0,0,0,0,0,0,0,3,1,0,0,1,15,0,0,0,1,0,0,0,0,0,0,0,0,0,0,1,0,0,0,0,0,0,2,0,0,0,1,0,0,1,0,0,0,0,0,0,0,0,0,1,0,1,0,0,0,0,6,0,0,0,0,0,0,0,0,0,0,0,0,24,0,0,0,0,0,0,2,0,0,0,1,0,0,1,3,0,0,0,1,0,1,0,0,0,0,0,0,0,0,1,0,0,0,0,5,0,14,5,0,0,2,0,0,0,0,0,0,12,0,0,16,0,3,0,0,0,0,2,0,0,0,0,6,0,0,0,0,0,0,0,0,0,0,18,0,2,0,0,0,0,0,1,0,0,2,2,0,0,0,0,0,0,0,0,0,0,0,0,2,0,0,0,0,0,0,0,0,4,0,0,0,0,0,0,32,0,1,0,13,0,0,0,0,0,0,0,0,0,0,11,1,0,0,0
325,0,0,0,0,0,0,0,1,0,5,0,0,0,0,0,0,0,0,0,0,4,0,0,0,0,3,4,0,0,1,0,0,0,0,2,0,5,0,0,0,0,0,0,0,0,1,0,0,0,2,0,1,0,1,27,0,0,0,0,0,1,2,0,0,0,1,2,0,9,0,0,0,0,0,0,0,0,0,14,2,0,0,0,1,0,0,4,0,1,0,0,6,0,0,0,0,0,0,0,2,8,0,0,0,0,0,0,0,0,19,0,0,0,6,0,3,0,0,7,0,0,0,0,0,0,2,0,0,0,0,0,0,8,0,0,0,0,0,14,0,0,0,0,0,0,0,0,0,0,0,0,0,0,0,0,0,0,2,0,2,1,0,9,0,0,0,0,0,0,0,0,0,1,7,0,23,0,8,0,0,20,0,0,1,0,0,0,0,0,0,0,0,0,11,0,1,0,0,0,0,0,0,0,0,0,0,0,0,0,0,0,0,0,0,18,3,0,0,0,0,0,0,6,0,1,5,0,0,0,0,0,3,0,2,0,0,4,0,2,1,0,2,0,9,0,1,0,0,6,0,0,0,1,0,0,0,0,0,0,0,0,0,0,0,9,0,0,0,0,0,1,0,0,0,0,0,0,0,0,1,0,3,1,1,0,0,0,0,0,0,0,0,0,0,0,0,0,0,0,0,0,0,0,11,0,0,0,0,0,0,2,3,0,0,1,0,0,0,0,1,0,0,0,0,0,1,0,0,0,5
326,0,0,0,0,0,0,0,9,0,0,0,0,0,0,2,0,0,0,14,2,0,1,0,8,0,0,0,0,0,4,0,2,0,0,0,3,0,2,0,0,0,0,2,0,9,0,0,1,0,0,0,1,0,0,1,0,1,0,0,0,10,0,0,0,0,0,0,0,4,0,0,0,0,0,0,0,0,0,0,0,0,0,0,14,0,0,0,0,1,0,0,1,0,0,0,1,0,3,2,0,1,0,0,0,0,0,1,0,1,0,0,0,0,0,1,4,0,0,0,0,0,0,9,0,0,0,0,0,0,0,0,4,0,0,0,0,0,0,0,0,3,0,0,26,0,11,0,0,0,0,0,0,0,0,0,0,0,0,0,0,0,0,0,0,0,1,0,0,0,1,2,0,0,0,1,1,0,0,0,3,1,2,0,0,0,0,0,0,0,0,0,0,0,0,1,18,0,0,0,5,0,0,0,0,2,0,0,0,0,0,2,0,0,0,2,0,0,0,0,0,0,0,0,0,0,0,0,0,0,1,1,0,0,0,1,0,0,0,0,0,0,2,0,8,0,8,0,0,1,0,0,0,0,0,2,0,0,0,0,0,0,0,2,0,0,0,0,0,0,0,0,0,0,0,0,0,0,3,2,0,0,2,0,0,0,0,0,5,0,16,0,0,4,0,0,0,0,0,0,3,0,0,0,6,0,0,0,0,0,0,5,1,0,6,0,0,0,0,0,0,0,0,0,0,0,0,0,0,3,73
327,0,0,18,0,7,0,0,0,2,36,0,0,0,0,0,0,1,2,0,20,1,0,0,1,0,2,0,0,0,0,0,0,1,26,0,0,0,0,3,11,0,0,4,0,0,0,0,0,0,0,0,0,0,0,0,0,0,0,0,0,2,0,0,0,0,2,0,0,1,0,0,0,0,0,0,0,0,0,2,0,0,0,0,8,0,0,0,5,3,0,0,1,0,3,0,0,0,0,41,0,0,1,1,0,0,0,0,0,0,0,5,0,0,1,0,4,5,0,0,0,0,6,0,0,0,0,0,0,0,0,0,62,3,0,0,0,0,0,0,0,1,0,0,4,0,0,0,0,0,0,6,13,0,0,0,0,0,0,0,0,0,0,0,0,4,1,0,0,0,9,2,0,0,0,1,1,0,0,0,0,1,0,0,0,0,0,0,2,0,0,0,0,0,0,0,0,2,0,0,0,0,1,0,0,0,0,0,0,0,0,0,0,0,0,3,1,0,4,0,0,0,1,0,0,1,0,0,12,0,0,0,0,0,0,0,0,0,0,0,0,1,0,1,1,0,97,15,5,16,0,0,0,0,0,4,0,0,0,0,0,13,0,0,1,0,0,0,0,0,0,0,0,1,4,4,1,0,0,0,5,0,1,0,0,0,0,38,0,0,0,0,0,0,0,0,0,0,0,2,0,0,0,0,20,0,0,0,0,0,0,0,0,0,0,0,0,0,0,0,0,0,0,0,0,0,0,0,0,1,75
328,0,0,0,0,13,0,0,0,0,12,0,0,0,0,2,0,0,0,0,0,0,0,0,0,0,2,43,0,0,0,0,0,1,0,0,0,0,0,0,0,0,0,0,3,0,0,0,0,0,0,1,2,0,0,9,0,1,0,0,0,2,0,0,0,0,7,1,1,10,0,6,0,0,0,0,0,0,0,0,0,0,0,1,0,0,0,0,0,2,0,3,2,0,0,0,0,0,0,11,0,0,2,0,0,0,0,0,0,0,0,0,0,0,1,0,2,0,0,0,0,0,0,0,0,0,0,0,0,0,0,0,33,1,0,1,1,1,3,0,0,0,0,11,1,0,0,0,4,0,0,0,13,0,0,0,0,0,0,0,0,0,0,2,0,0,2,0,0,0,9,0,2,0,0,0,0,0,0,0,0,0,0,0,0,0,0,0,0,0,0,0,14,0,0,0,0,0,0,0,0,0,0,0,0,0,0,1,0,0,0,0,0,0,0,5,0,0,0,0,0,0,0,0,0,1,0,0,0,0,0,1,0,0,0,0,0,0,0,0,0,0,0,0,3,0,204,0,0,12,0,0,0,0,0,2,0,10,0,1,0,0,0,1,0,7,0,0,34,0,0,0,0,0,0,2,1,0,0,0,0,0,0,0,0,4,0,4,0,0,0,0,0,0,0,10,0,0,0,0,0,0,0,0,18,0,0,0,0,0,0,0,1,0,0,1,0,0,0,0,0,0,4,0,0,0,0,0,0,1,94
329,0,0,1,2,0,0,0,0,0,6,1,0,0,0,0,0,0,0,0,0,4,1,0,0,0,2,0,0,0,0,0,0,0,0,0,0,0,0,0,0,0,0,0,0,0,1,0,0,0,8,0,0,0,0,4,0,0,0,0,0,0,0,0,0,0,0,1,0,3,0,0,0,0,0,0,0,0,0,0,12,0,0,0,0,12,0,0,0,1,0,0,1,0,0,0,0,0,0,0,0,6,0,0,1,0,0,0,7,0,15,0,0,0,5,0,0,0,0,0,0,0,0,0,0,0,2,0,0,0,0,0,2,0,0,6,0,0,2,0,9,0,0,0,0,0,0,0,0,0,0,0,0,1,0,0,0,0,0,0,2,0,0,7,0,0,0,0,0,0,0,0,0,0,0,0,19,0,0,0,0,16,0,1,0,11,0,0,0,0,0,0,0,0,0,0,2,0,0,2,0,0,0,0,1,0,0,0,0,0,0,0,0,0,0,10,1,0,0,0,0,0,0,0,3,3,0,0,2,0,0,0,0,3,0,0,0,1,6,0,0,3,0,0,22,0,2,0,0,0,0,3,0,0,5,0,0,32,0,0,0,0,0,0,2,4,0,0,0,0,0,0,3,0,0,0,0,0,5,34,0,5,3,0,0,0,0,0,0,0,0,0,0,0,0,0,12,0,0,0,0,0,0,0,1,1,0,0,0,0,0,33,2,0,0,4,0,0,0,0,0,0,0,0,0,0,0,0,0,0,5
330,0,1,0,0,0,0,0,0,0,9,0,0,0,0,1,0,0,3,0,5,2,0,0,3,0,0,0,0,0,0,0,0,0,8,0,0,0,36,0,0,0,0,0,0,0,0,0,0,2,0,0,4,0,0,0,0,0,6,0,0,0,0,0,0,0,3,1,4,9,1,0,0,0,1,1,0,0,0,0,0,0,0,0,3,3,0,0,0,0,0,0,3,0,1,0,0,0,9,7,0,1,0,0,0,0,0,3,0,0,0,0,1,1,0,0,0,0,0,0,0,0,7,0,22,1,0,0,2,0,0,0,145,0,0,0,0,1,0,0,6,0,0,0,3,0,0,0,1,0,0,5,0,0,0,1,0,0,0,0,0,1,0,0,0,1,2,7,2,1,24,0,0,0,0,1,2,0,1,0,0,0,0,0,0,0,0,0,0,1,0,0,0,0,0,0,0,0,0,0,0,0,0,0,0,0,0,0,0,0,0,5,0,0,0,5,0,0,0,0,0,0,0,0,1,1,0,0,0,0,0,0,1,0,0,7,0,0,0,0,0,0,3,0,3,0,51,30,0,5,0,1,0,0,0,3,7,0,0,1,0,9,0,3,1,6,7,0,8,1,0,0,1,0,2,6,0,0,0,0,0,0,0,7,0,0,0,0,0,0,0,0,0,0,0,8,0,0,0,0,0,0,5,0,8,0,0,3,12,0,0,1,1,0,0,0,0,0,0,0,0,0,0,0,0,0,0,0,3,2,113
331,0,0,0,0,0,0,0,0,0,17,0,0,0,0,2,0,0,0,0,0,0,0,0,3,0,0,0,0,0,12,0,0,0,0,0,0,0,0,0,0,0,0,0,0,0,1,0,0,0,1,0,0,0,1,3,0,3,0,0,0,5,0,0,0,0,0,1,0,0,0,0,0,0,0,0,0,0,0,0,2,0,0,0,0,0,0,0,0,1,0,0,0,0,0,0,6,0,0,0,5,0,2,0,2,0,0,0,0,0,14,0,0,0,15,0,0,0,0,0,0,0,1,12,0,0,0,10,1,0,0,0,0,0,0,0,0,4,21,0,0,3,0,0,0,1,0,0,0,0,0,0,0,0,0,0,2,0,0,0,0,1,0,0,1,0,3,0,1,0,1,0,0,1,0,6,1,0,4,0,2,0,0,0,0,0,0,0,0,0,0,0,0,0,0,0,2,0,0,1,1,0,0,1,0,0,0,0,0,0,1,0,0,0,16,1,0,0,0,0,0,0,0,0,0,1,4,0,0,0,0,2,0,0,2,0,0,0,0,0,0,0,0,0,10,0,0,0,1,4,0,0,0,0,0,0,0,0,0,0,0,0,0,0,0,0,0,0,0,0,0,0,0,0,0,3,0,0,0,0,0,2,2,0,0,0,0,0,0,0,0,0,0,0,0,0,0,0,0,3,0,0,0,0,3,0,0,0,0,0,4,33,0,0,0,5,0,0,0,2,0,0,0,0,0,0,24,0,0,0,47
332,2,0,0,0,0,0,0,0,0,0,0,0,0,1,1,0,11,0,5,1,0,0,0,17,0,0,0,0,0,0,0,0,0,0,0,2,0,0,0,0,0,0,0,0,0,0,0,0,4,0,0,0,0,2,0,0,0,8,0,0,9,0,0,0,0,2,0,2,10,0,0,0,0,0,0,0,0,0,3,0,0,1,0,7,0,0,0,0,1,0,0,1,0,0,0,0,0,0,0,0,0,0,13,0,0,0,0,0,1,11,0,1,0,1,0,0,0,0,9,0,0,0,5,0,0,0,10,0,0,0,0,0,0,1,1,0,0,0,0,4,0,2,0,26,0,0,0,0,0,0,1,0,0,0,0,0,0,0,2,0,0,0,0,0,0,3,0,3,3,0,0,0,0,1,4,0,0,0,0,0,0,0,0,0,0,0,0,0,0,0,0,0,0,3,0,0,0,0,0,0,0,0,0,0,0,0,0,0,0,0,0,0,3,0,2,0,0,0,0,0,0,0,0,0,0,0,0,17,0,0,2,0,6,0,0,0,0,0,0,0,0,2,0,18,0,9,0,0,5,0,0,14,0,0,5,0,1,0,27,1,1,36,2,3,0,0,0,0,0,0,0,0,4,0,0,0,0,0,0,0,1,2,0,0,0,1,0,6,0,0,0,0,0,0,3,0,0,0,0,4,0,0,0,5,0,0,0,0,0,3,9,1,0,4,3,2,0,0,1,0,0,0,0,0,0,0,0,0,3,48
333,0,0,1,0,0,0,0,0,7,6,0,0,0,0,1,0,10,0,12,2,0,0,1,10,6,0,0,0,0,0,0,0,0,0,0,0,0,8,1,0,0,0,0,0,0,0,0,0,0,0,0,0,0,1,0,0,0,0,0,0,16,0,0,2,2,0,0,0,7,0,0,0,0,0,0,0,0,0,0,0,0,0,0,17,0,0,0,0,3,0,0,1,0,1,0,0,0,0,2,3,0,1,0,0,0,0,0,0,1,0,0,0,0,4,0,0,0,0,0,0,0,0,0,0,0,0,0,0,0,0,0,18,0,0,0,0,6,11,0,15,0,3,0,69,0,5,0,0,0,0,0,0,0,0,8,0,0,0,0,0,0,0,0,0,0,2,0,2,0,1,2,0,0,2,3,0,0,1,0,0,0,0,0,0,0,0,0,0,0,0,0,0,0,0,0,0,0,0,0,5,0,0,0,2,0,1,0,0,0,0,0,0,2,10,0,0,0,0,0,0,0,0,0,1,0,0,1,0,0,1,0,0,0,0,0,0,0,0,0,0,0,2,0,21,0,10,0,0,0,0,0,0,0,0,1,0,0,1,1,0,1,0,1,1,0,0,0,4,0,0,0,7,0,0,2,2,0,0,0,0,3,0,0,0,0,0,0,0,0,0,0,0,2,0,0,0,0,0,0,0,0,0,0,1,0,0,0,0,0,2,27,1,0,2,0,4,6,0,0,0,0,0,0,0,0,0,0,0,3,56
334,0,0,19,0,12,0,0,0,0,12,0,0,0,0,0,0,0,0,0,0,6,0,0,1,0,0,13,0,0,0,0,0,0,0,0,0,0,0,3,0,0,13,0,2,0,0,6,0,2,0,0,0,0,0,22,0,0,0,4,0,1,0,0,0,1,3,13,0,0,0,0,0,0,0,0,0,0,0,0,0,0,0,0,0,0,0,0,3,0,0,0,1,2,0,0,0,0,0,0,1,2,0,0,1,0,0,0,0,0,0,0,0,1,0,0,0,0,0,0,0,0,0,0,12,0,0,0,0,0,0,3,0,1,0,0,1,3,0,0,0,1,0,0,0,0,0,0,0,0,0,0,0,3,0,0,0,4,0,0,0,0,0,12,0,0,0,3,1,0,13,0,0,0,0,2,1,0,0,1,0,0,0,0,0,0,0,0,0,1,0,0,1,0,0,0,4,0,40,0,0,0,0,0,18,0,0,0,0,0,0,0,0,0,0,2,0,0,0,0,0,0,4,0,0,0,0,0,0,0,0,7,0,0,0,0,0,0,0,0,0,0,0,0,1,11,11,0,0,22,0,0,0,2,0,0,0,0,1,0,4,0,0,0,0,9,0,0,11,0,0,0,0,0,1,0,0,0,0,0,0,0,0,0,1,0,0,0,0,0,0,0,0,0,0,0,0,0,0,0,0,0,1,0,7,0,0,13,0,0,0,0,0,14,3,0,0,0,0,0,0,0,0,0,0,0,0,0,0,1,15
335,0,0,0,0,0,0,0,0,0,6,0,0,0,0,2,1,9,0,0,5,0,0,0,7,3,0,1,0,0,10,0,0,1,3,1,1,0,0,0,0,0,0,0,0,0,0,1,0,0,0,0,0,1,0,11,0,0,0,0,0,4,0,0,0,0,0,8,0,10,0,0,0,0,0,0,0,0,0,0,0,0,0,0,16,0,2,2,0,3,0,0,1,0,0,0,0,0,0,1,0,0,0,0,0,0,0,2,0,0,0,0,0,3,3,3,1,0,0,0,0,0,0,10,0,0,0,0,1,0,0,0,14,0,0,0,0,0,0,0,0,15,0,1,86,0,0,0,4,0,0,0,0,0,0,0,0,0,1,0,0,0,0,0,0,0,1,0,2,0,1,0,0,0,1,2,2,0,0,2,0,0,3,0,0,0,0,0,0,0,0,0,0,0,0,1,0,1,0,0,1,0,0,0,0,0,0,1,0,0,0,0,1,0,0,1,0,0,0,0,0,0,0,0,0,0,0,0,0,0,0,0,0,0,0,0,0,0,0,0,0,0,0,0,26,0,3,0,0,5,1,0,0,0,0,3,0,0,1,11,0,3,0,8,2,0,5,0,0,0,0,0,0,0,3,8,0,0,0,0,4,2,0,0,0,0,0,0,3,0,0,0,0,0,0,0,45,0,0,0,0,0,4,0,5,0,0,0,0,0,0,11,0,0,0,7,0,0,0,0,0,0,0,0,0,0,0,0,0,2,11
336,0,0,0,0,0,0,0,5,0,8,0,0,0,1,1,0,2,2,10,1,0,0,0,6,4,0,0,0,0,5,0,0,0,0,0,2,0,0,0,0,0,0,0,0,0,0,0,1,6,0,0,0,0,0,0,0,0,0,0,0,3,0,3,0,0,0,3,0,7,0,0,0,0,0,0,0,0,0,0,0,0,0,0,8,0,0,0,0,1,0,1,1,0,0,0,0,1,0,3,0,0,0,0,0,0,0,0,0,0,0,0,1,0,9,0,0,0,0,0,0,0,0,0,0,0,0,0,0,0,0,0,41,0,0,0,0,0,0,0,2,0,0,1,20,1,0,0,0,0,0,2,0,0,0,0,0,1,0,0,0,0,0,0,0,0,0,0,1,4,0,0,0,0,1,0,2,0,0,0,0,0,2,0,1,5,0,0,0,0,0,8,0,0,0,1,10,0,0,0,0,0,0,0,0,2,0,0,0,0,0,0,0,0,0,2,0,0,0,0,0,1,2,0,0,0,0,0,0,0,0,0,0,0,0,0,0,0,0,0,0,0,0,0,1,0,4,0,0,4,0,0,9,0,2,0,0,0,0,4,1,1,0,0,1,0,0,0,0,0,0,0,0,0,2,4,0,0,0,2,0,11,1,0,0,0,0,0,0,0,0,2,0,0,0,0,0,0,0,0,0,0,0,0,2,0,10,0,0,0,2,10,0,0,0,3,2,0,0,0,0,0,0,0,0,0,20,0,1,6,89
337,1,0,0,0,0,0,1,0,0,0,0,0,0,0,1,0,0,3,0,18,0,0,0,4,0,0,18,0,0,0,0,0,0,0,0,0,0,0,0,10,0,0,0,0,0,0,0,2,0,0,0,0,0,0,0,0,0,0,3,0,1,0,0,0,1,2,0,0,5,0,0,0,0,0,0,0,0,0,0,0,0,0,0,4,0,0,5,0,3,0,2,3,0,0,0,1,0,11,0,0,0,0,0,0,0,0,0,0,0,0,0,0,0,1,0,0,0,0,0,0,0,0,0,6,1,0,0,3,0,1,0,62,0,0,0,0,0,5,0,0,0,0,0,1,0,0,0,0,1,1,0,0,0,1,0,0,0,0,0,0,2,0,0,1,0,0,0,1,0,0,2,0,0,0,1,1,0,0,0,1,1,0,0,0,0,0,0,25,0,0,0,0,0,4,0,0,0,0,0,0,0,0,0,0,0,0,0,0,0,0,0,0,0,0,1,1,5,0,0,0,0,0,0,0,0,0,0,9,0,0,2,0,0,0,0,0,0,0,0,0,0,0,1,1,0,81,22,0,10,0,0,0,2,0,1,0,0,0,0,1,4,1,0,0,4,0,0,0,2,0,1,0,0,0,3,0,0,0,0,2,0,1,0,0,0,0,8,0,0,0,0,0,0,0,9,4,0,0,0,0,0,7,0,15,0,0,0,0,0,0,0,0,0,0,0,0,0,0,0,0,0,0,0,0,0,0,0,0,0,27
338,0,1,0,0,0,0,0,0,0,0,0,0,0,0,0,0,2,0,0,0,0,0,0,0,0,2,9,2,0,0,0,0,0,0,0,0,0,0,0,0,0,0,0,0,0,0,0,0,0,39,0,0,2,0,0,0,0,0,0,0,2,0,0,0,0,0,2,0,10,0,0,0,0,0,1,0,3,0,0,1,0,0,0,2,0,0,2,0,0,0,4,1,4,0,0,0,0,0,0,3,0,0,1,2,0,0,6,0,0,2,0,0,0,2,0,0,0,0,0,0,0,2,0,0,0,1,0,0,0,0,0,0,0,0,0,0,1,0,1,1,0,0,0,0,0,0,0,0,0,0,0,0,3,0,0,0,0,2,0,0,0,0,14,0,0,1,0,4,0,4,0,0,0,0,0,0,0,3,0,0,0,0,0,0,0,0,0,0,0,0,0,4,0,3,0,0,0,0,0,0,0,0,0,3,1,0,0,0,0,0,0,0,0,0,1,2,0,0,0,31,0,4,0,0,0,1,5,0,0,0,3,2,1,0,0,1,0,0,0,0,1,0,2,2,0,0,0,4,0,0,0,0,0,0,2,0,0,0,0,0,0,0,1,0,22,0,0,0,0,0,0,0,0,2,10,1,0,0,0,0,0,0,0,2,0,0,0,0,0,0,0,0,0,0,0,0,0,0,0,0,0,0,0,2,1,0,0,0,0,0,0,0,0,1,1,0,0,0,0,0,0,2,0,0,0,1,1,5,0,33
339,0,0,1,0,0,0,0,16,0,13,0,0,1,0,0,0,0,0,8,1,0,0,0,0,0,0,0,0,0,0,0,0,0,1,3,0,0,0,0,0,0,0,0,0,0,0,0,3,0,6,0,0,0,0,4,0,0,0,0,0,0,0,0,1,1,1,0,0,9,0,0,0,2,0,0,0,0,0,0,0,0,0,0,2,0,0,0,0,7,0,1,16,0,0,0,0,0,0,9,0,8,0,1,0,0,0,0,0,0,0,0,0,0,2,0,0,0,0,0,0,0,0,4,0,0,4,0,0,0,2,0,6,4,0,0,0,0,0,10,0,0,0,0,1,0,0,0,1,0,0,0,11,1,0,0,4,0,4,0,0,5,0,0,0,0,1,0,0,0,1,0,0,0,23,0,8,0,0,0,1,0,0,0,0,0,0,0,0,0,1,0,2,1,0,0,1,2,0,0,0,0,0,0,0,0,0,0,0,0,0,0,0,0,7,9,0,0,0,0,0,0,0,0,0,6,3,0,1,6,0,0,1,0,0,0,0,0,0,0,1,0,0,0,8,0,9,0,0,2,0,0,0,1,0,53,0,0,0,0,0,0,0,0,0,4,0,0,0,0,0,0,0,0,0,14,0,0,0,0,0,3,18,0,0,0,0,6,6,0,0,0,0,0,0,9,0,0,0,0,0,0,0,0,11,0,0,0,0,0,0,54,0,0,0,1,0,0,0,2,0,1,0,1,0,0,0,0,0,0,9
340,0,0,0,0,0,0,0,0,0,6,0,0,0,0,1,0,0,2,0,1,0,0,0,3,0,0,0,0,0,0,0,0,0,1,0,0,2,3,0,0,0,1,6,0,0,0,0,0,0,0,0,0,0,0,0,3,2,0,1,0,8,0,0,1,0,1,0,0,11,1,0,0,0,0,0,2,0,1,0,0,0,0,0,8,0,0,0,0,0,0,0,1,0,0,0,0,0,14,1,0,0,0,0,0,7,0,0,0,1,0,3,0,0,3,0,0,0,0,0,0,0,1,0,0,0,0,0,0,0,0,0,33,0,0,0,0,0,22,0,0,0,0,1,43,0,0,0,0,0,0,0,0,0,0,5,1,0,0,0,0,0,0,0,1,0,1,0,0,1,0,0,0,0,0,1,1,0,3,0,6,0,0,0,0,4,0,0,0,0,0,0,0,0,7,0,0,1,0,0,0,0,0,1,4,4,0,0,0,1,0,0,1,0,0,1,0,0,0,0,0,1,0,0,0,0,0,0,7,4,0,0,0,5,0,0,0,0,0,0,0,0,0,9,17,0,3,0,0,3,0,0,0,0,0,1,0,1,0,0,0,0,0,1,0,0,3,0,1,0,0,15,0,1,0,2,0,0,0,0,4,2,1,59,0,0,0,0,0,0,0,0,0,0,0,0,0,0,0,0,0,0,4,0,4,0,0,0,19,0,3,10,1,0,0,6,0,0,0,0,0,0,0,0,0,0,0,0,0,5,25
341,0,0,0,0,0,1,1,0,0,0,0,0,0,0,0,0,0,0,0,0,5,5,0,0,0,2,0,2,0,1,0,0,0,0,24,2,3,18,0,0,1,0,0,0,0,1,0,0,0,40,0,0,0,0,5,0,0,0,0,0,2,0,0,0,0,0,10,0,11,1,0,0,0,0,1,0,0,0,0,1,0,0,0,0,0,0,0,0,0,0,0,2,0,0,0,0,0,0,0,0,0,0,0,1,0,0,0,0,0,0,5,2,0,3,0,2,0,0,0,0,0,0,0,0,0,0,0,2,0,0,0,0,0,0,0,0,1,0,0,0,1,1,0,0,0,0,0,0,0,0,6,66,6,0,1,0,0,0,0,1,0,0,10,0,0,0,0,1,0,12,0,3,0,0,1,4,2,2,0,0,0,1,0,0,0,0,0,0,0,0,0,6,0,0,0,5,0,0,0,0,0,0,0,11,0,0,0,0,0,1,0,0,0,0,1,0,3,18,0,0,4,0,0,0,0,0,0,0,0,0,11,0,0,0,5,0,0,0,0,0,0,0,0,3,5,31,0,0,28,0,0,0,0,0,2,0,14,0,0,0,0,0,0,0,3,0,0,0,0,0,0,0,0,0,0,0,0,0,0,2,0,0,0,0,0,0,0,0,0,0,0,0,0,0,0,0,0,0,0,0,0,0,0,9,0,0,2,9,0,0,1,0,0,0,1,0,0,0,2,0,0,0,0,0,0,0,0,13,0,89
342,0,0,0,0,0,0,1,0,0,5,0,0,0,0,0,0,0,0,45,1,0,0,0,11,0,0,0,2,0,0,0,1,0,1,1,0,2,4,0,0,0,0,3,0,0,0,0,2,0,0,0,0,0,2,0,0,0,10,0,0,0,0,3,0,0,0,0,1,12,0,0,0,0,0,0,0,0,0,0,0,0,0,0,5,1,0,0,0,0,2,0,2,0,0,0,0,2,0,0,0,2,0,0,0,0,3,0,0,0,0,0,0,0,1,1,0,0,0,0,0,0,0,0,0,0,0,0,0,0,0,0,4,0,0,0,1,0,0,0,0,0,0,0,34,0,0,0,0,0,0,0,1,0,0,0,0,0,0,0,0,0,0,0,0,0,1,0,2,0,0,0,0,0,1,8,0,0,0,0,12,3,0,0,0,0,0,0,0,0,0,21,0,0,0,1,0,0,1,0,0,0,0,0,0,3,0,0,0,0,0,0,0,0,0,1,0,0,4,0,0,0,0,0,0,1,0,0,0,0,0,1,0,0,0,0,0,9,3,1,0,0,2,0,23,0,3,0,0,0,0,0,5,0,0,1,0,0,0,6,1,1,28,4,2,0,3,0,4,0,16,0,0,0,1,3,0,1,1,0,0,0,3,0,0,0,0,0,0,0,0,0,0,0,0,0,0,0,0,0,0,0,0,0,3,0,3,0,0,0,1,0,3,0,0,4,0,5,0,1,0,0,0,1,1,0,0,0,1,3,60
343,0,0,0,0,0,0,5,0,0,12,0,0,0,0,0,0,0,5,0,1,0,0,0,0,0,0,0,0,0,0,0,0,4,1,0,0,0,0,0,6,0,0,0,0,0,0,0,0,0,0,0,0,0,0,0,0,0,0,1,0,1,0,0,0,0,4,0,0,1,0,0,0,0,0,0,3,0,0,0,0,0,0,0,6,0,1,5,0,10,0,0,4,0,0,0,0,0,1,1,4,0,0,0,0,0,0,0,0,5,0,0,0,0,2,0,0,0,0,0,2,3,0,0,0,0,0,0,0,0,0,0,64,1,0,0,0,0,0,0,17,0,0,0,0,0,0,1,1,0,0,0,0,0,0,0,0,0,0,0,0,2,0,4,0,0,3,0,0,0,0,0,0,0,0,1,2,0,0,0,0,0,0,0,1,0,0,0,0,0,0,0,0,0,0,0,0,1,0,0,0,0,0,0,1,0,0,0,1,0,0,0,0,0,0,14,2,0,5,0,0,0,0,0,4,6,1,0,0,0,0,0,0,3,0,4,0,0,2,0,0,0,1,0,13,0,12,0,0,9,0,0,0,0,0,70,0,0,0,0,0,0,0,0,0,2,0,0,0,0,53,0,0,0,0,7,0,24,0,0,0,3,11,0,0,0,0,0,0,2,3,0,7,0,0,6,0,0,0,0,0,0,0,0,8,0,2,0,0,0,0,13,1,0,0,1,2,0,0,0,0,0,0,1,0,0,0,0,0,0,7
344,0,0,0,0,0,1,0,0,0,12,0,0,0,0,0,0,0,0,0,0,4,0,0,0,0,0,0,0,0,0,0,0,0,0,0,0,0,29,0,0,0,0,0,0,0,0,0,0,0,6,3,0,0,0,2,0,0,0,0,0,1,0,0,0,1,1,0,0,0,0,0,0,0,0,0,2,5,0,0,3,0,0,0,2,0,0,0,0,0,0,0,3,5,0,0,0,0,0,0,7,0,0,0,0,0,0,1,0,2,8,0,0,0,7,0,0,0,0,0,0,0,0,0,0,0,2,0,0,0,0,0,0,9,0,0,0,0,0,0,0,1,0,0,0,0,0,0,0,0,0,1,0,1,0,0,0,0,3,0,1,0,0,17,0,0,0,0,0,0,0,1,0,0,4,0,7,0,0,1,1,0,0,0,0,0,11,0,2,0,0,0,0,0,0,0,0,1,2,0,0,0,0,0,0,0,0,0,0,0,1,0,0,0,0,5,2,0,0,0,0,0,1,0,5,2,13,3,0,0,0,0,4,0,0,0,0,6,0,0,0,0,0,0,15,0,2,0,0,0,2,0,0,0,0,0,1,15,0,0,0,0,0,0,0,3,0,0,0,0,0,1,0,0,0,0,0,0,0,31,0,1,4,0,1,0,0,0,9,1,0,0,0,0,0,0,0,0,0,0,0,0,0,0,1,0,0,0,0,0,1,14,0,0,0,9,0,0,0,1,3,0,0,0,0,0,0,0,0,0,0
345,0,0,0,0,0,0,0,0,0,10,0,0,0,0,0,0,10,0,8,1,0,0,0,0,11,0,1,0,0,3,0,1,0,0,0,0,0,0,0,0,0,0,0,0,0,1,0,0,0,0,0,0,0,0,5,0,0,0,0,0,19,0,1,0,2,0,10,1,3,3,0,0,0,0,0,2,0,0,0,5,0,0,0,0,0,0,0,0,0,0,0,1,0,0,0,0,0,0,0,4,1,1,0,6,0,0,8,0,0,21,0,0,0,0,0,0,0,0,0,0,0,0,0,0,0,0,0,0,0,0,0,0,0,0,0,0,4,0,0,0,0,0,0,12,0,0,1,0,0,0,0,0,0,0,0,1,0,2,0,0,0,0,1,0,0,1,0,1,0,1,0,0,0,0,0,1,0,0,5,1,2,0,5,0,2,0,0,0,0,0,0,0,0,0,0,8,0,0,1,0,0,0,0,2,0,0,0,0,0,1,0,0,0,0,2,0,0,0,0,19,0,0,0,1,0,0,0,0,0,0,0,0,0,0,0,0,5,0,1,0,0,0,0,4,0,1,0,0,6,0,0,7,0,0,0,0,0,0,0,7,0,0,0,0,0,2,0,0,0,0,0,0,0,0,2,0,0,4,0,0,0,2,0,0,0,0,0,9,0,0,0,0,0,0,0,0,0,0,4,0,0,0,0,5,0,0,0,0,0,5,25,0,0,0,13,0,0,0,0,0,0,0,0,0,0,9,0,0,0,8
346,0,0,0,0,19,0,1,0,1,12,0,0,0,0,0,2,0,0,0,0,4,1,0,0,0,2,0,0,0,0,0,0,1,0,0,2,0,33,0,5,0,0,0,0,0,1,0,0,0,22,0,0,0,0,9,0,0,0,0,0,0,0,0,0,0,4,0,0,5,0,12,0,0,0,0,0,2,0,0,0,0,0,0,0,0,0,3,0,0,0,0,0,0,0,0,0,0,0,0,0,2,0,0,1,0,0,5,0,0,6,0,0,0,2,0,0,0,0,0,0,0,0,0,0,0,1,0,0,0,0,3,0,1,0,1,0,5,0,0,0,0,0,0,0,0,0,0,0,0,0,0,0,5,0,1,0,0,0,0,1,2,0,9,0,0,0,0,0,0,0,0,3,0,0,1,0,0,0,0,0,0,0,3,0,0,0,0,0,0,0,0,0,0,0,0,3,0,18,0,0,0,0,0,0,0,0,1,0,0,1,0,0,0,3,7,0,0,0,0,3,0,0,0,2,1,0,0,0,0,0,3,0,1,0,7,1,0,0,6,0,0,0,0,1,0,13,0,0,24,0,1,0,0,0,0,0,9,0,0,0,0,0,0,2,10,0,0,0,0,0,0,2,0,0,2,0,0,0,0,2,0,1,0,0,0,0,0,0,0,0,0,0,0,0,0,0,0,0,2,0,1,0,0,7,0,0,0,11,0,0,1,1,0,0,1,0,0,0,1,0,0,0,0,0,0,0,0,0,0,35
347,0,0,0,0,0,0,0,0,0,10,0,0,1,0,3,0,0,0,8,0,1,1,0,0,0,0,0,0,0,0,0,11,0,0,2,0,9,0,0,0,0,0,1,0,0,0,0,0,0,0,0,1,0,0,4,0,0,0,0,0,2,4,0,0,0,4,0,0,20,0,0,0,0,0,0,0,0,0,5,0,1,0,0,0,0,0,4,0,7,0,6,3,0,0,0,0,1,0,2,0,32,0,0,0,0,0,0,2,0,0,0,0,3,0,0,6,0,0,0,0,0,1,5,0,0,0,0,0,0,0,0,124,0,0,0,0,0,0,0,5,1,9,0,1,0,0,0,0,0,0,0,0,0,0,0,0,0,0,0,0,0,0,0,0,0,2,0,0,0,0,0,0,0,0,1,21,0,0,0,0,0,0,0,0,0,0,0,0,0,1,0,0,0,0,0,1,0,7,0,0,0,0,0,0,0,0,0,0,0,0,0,0,0,0,24,0,0,3,0,0,0,0,0,0,0,1,3,0,0,0,0,0,1,0,3,0,0,0,0,0,0,2,0,43,0,5,0,0,0,4,0,0,0,0,20,0,43,0,5,0,2,0,1,1,2,0,0,0,0,0,0,0,0,0,11,0,0,3,0,0,1,16,0,0,0,0,8,0,0,0,0,0,0,0,0,0,0,0,0,0,0,0,0,9,0,0,0,0,0,0,8,0,0,0,1,2,1,0,1,0,0,0,0,0,0,0,0,0,0,3
348,0,0,0,0,0,1,0,0,0,5,0,4,0,0,1,0,0,0,0,0,0,0,0,0,0,0,1,0,0,0,0,0,1,0,0,0,0,0,0,0,0,1,0,0,0,1,0,0,3,0,0,0,2,0,1,0,0,0,0,0,8,0,0,0,0,0,9,0,3,0,0,0,0,0,0,0,1,0,0,1,0,0,1,1,1,0,0,0,0,1,0,0,1,0,0,0,0,0,0,6,0,0,2,0,0,0,0,0,0,16,0,1,0,10,0,0,0,0,0,0,0,0,0,0,0,0,0,0,0,16,0,0,0,0,0,0,2,0,0,4,0,4,0,0,0,22,0,0,1,0,0,0,0,0,0,0,0,0,0,0,0,0,0,0,12,0,0,0,0,0,0,0,0,0,1,1,0,3,2,1,0,0,0,0,5,0,0,0,0,0,9,0,0,0,0,31,0,0,0,0,0,0,0,3,0,0,1,0,0,0,3,0,0,0,3,1,0,0,0,0,0,0,0,1,0,3,1,0,2,0,2,0,14,1,0,1,0,0,0,0,0,0,0,20,0,0,0,0,9,0,0,0,0,0,0,0,2,0,8,0,0,0,0,0,0,0,0,0,5,0,0,0,0,0,0,0,0,0,0,0,3,3,0,0,0,0,0,5,0,0,0,0,0,0,0,0,0,0,0,0,0,0,0,0,0,0,0,0,0,0,38,0,0,0,6,0,0,0,0,0,0,2,0,0,2,0,0,0,0,30
349,0,0,0,0,0,0,0,0,0,4,0,0,0,0,0,0,20,0,0,2,1,0,0,0,0,0,0,0,7,0,0,0,0,0,2,2,0,0,0,0,1,0,0,0,0,0,0,0,0,0,0,0,0,0,0,6,0,0,0,0,2,0,0,0,0,2,0,0,11,0,0,0,0,0,0,1,0,0,0,0,0,0,0,4,0,0,2,0,5,0,0,4,0,0,0,0,0,0,4,3,10,0,0,0,0,0,0,0,0,0,0,0,4,0,0,0,0,0,0,2,0,0,0,0,0,0,0,0,0,0,0,22,7,0,0,0,0,0,0,5,0,0,0,2,0,0,0,0,0,0,0,0,0,0,0,0,0,0,0,0,1,0,0,0,3,1,0,0,0,1,0,0,1,0,0,44,0,0,0,0,0,0,0,0,0,0,0,1,0,0,0,0,0,0,0,0,0,0,1,0,0,0,0,0,0,0,0,0,0,0,0,0,0,0,0,0,0,0,0,0,4,0,0,5,0,0,0,0,0,0,0,0,0,0,0,0,0,4,0,0,0,2,0,23,0,6,0,0,0,5,0,0,1,5,100,0,5,0,0,0,0,0,1,4,7,0,0,0,0,0,0,2,0,0,13,0,0,0,0,0,0,9,0,0,4,0,0,0,0,0,0,0,0,0,0,0,0,0,0,0,0,1,0,17,0,0,0,0,0,0,1,3,0,0,6,0,0,0,0,1,0,0,0,9,0,0,0,0,0,1
350,0,0,0,0,1,0,0,0,0,11,0,0,1,0,0,0,0,0,0,1,2,0,0,0,0,2,0,0,0,0,0,14,0,0,0,1,0,0,0,4,0,0,1,0,3,0,0,0,29,0,0,0,0,1,0,6,0,0,0,0,1,11,0,1,0,3,0,0,1,0,0,0,0,0,0,0,0,0,0,0,0,0,0,7,0,0,0,0,6,0,1,1,0,0,1,0,0,1,1,0,7,0,0,0,0,0,1,0,3,0,1,0,0,4,0,0,1,0,0,0,0,0,3,0,0,0,2,0,0,0,0,70,0,2,0,0,0,3,0,6,0,0,1,1,0,0,0,0,0,0,0,4,0,0,0,0,0,0,0,2,0,0,1,0,0,1,0,0,0,0,1,0,1,4,0,8,0,0,0,0,50,0,0,0,0,0,0,0,0,0,0,0,0,0,0,1,2,0,0,0,0,0,0,0,0,0,0,1,0,0,0,0,0,2,12,0,0,0,0,0,0,0,0,0,3,2,0,0,0,0,0,0,0,0,0,0,0,0,0,1,0,0,12,35,0,22,0,0,4,0,0,0,0,0,41,0,0,0,4,0,0,0,1,0,9,1,0,0,0,0,0,0,0,0,0,0,0,0,0,0,3,8,0,0,0,0,2,0,0,0,0,0,0,0,0,10,0,0,0,0,0,0,0,15,0,0,0,0,0,0,0,2,0,0,0,0,0,0,0,4,0,0,0,0,0,0,0,0,0,8
351,0,0,0,8,0,0,0,0,0,16,0,0,0,1,0,0,0,0,5,4,0,0,0,13,0,0,0,0,0,0,0,0,0,2,0,0,0,0,0,0,0,1,0,0,0,0,0,0,0,0,0,0,4,0,0,0,1,0,0,0,0,0,0,3,0,1,0,0,18,0,0,0,0,0,0,0,0,0,1,2,0,0,0,6,0,0,0,0,1,0,0,2,0,0,0,1,0,0,0,9,6,1,0,0,0,0,0,0,0,0,0,0,0,1,0,3,0,0,0,0,0,0,0,0,1,0,0,0,0,0,0,28,0,0,0,0,0,0,0,0,0,4,0,10,0,0,0,0,0,0,0,0,0,0,0,0,0,0,0,0,0,0,0,2,0,3,0,3,0,1,0,0,0,0,0,0,0,2,3,0,1,0,0,0,0,0,0,0,0,0,21,0,0,0,0,0,0,0,0,0,0,0,0,0,2,0,0,0,0,0,0,0,2,0,1,0,0,0,0,0,0,0,0,0,0,0,0,0,0,0,1,0,0,0,0,0,0,0,0,0,0,0,0,8,0,3,0,0,0,0,0,0,0,0,4,0,2,0,8,0,1,0,2,5,0,2,0,0,6,0,0,0,0,1,2,2,0,0,0,0,0,0,0,0,0,0,0,0,0,0,0,0,0,0,0,15,0,0,0,5,0,0,0,8,0,0,0,16,0,0,7,0,0,0,6,0,0,0,0,0,0,0,1,2,1,0,0,0,3,25
352,0,0,0,0,0,0,1,2,0,5,0,1,0,0,0,0,0,0,5,0,0,4,0,0,0,0,0,0,0,0,0,0,0,0,0,2,2,0,0,0,0,0,3,0,0,2,0,0,0,1,0,0,0,0,0,0,0,0,0,0,11,0,6,0,0,0,5,0,0,2,0,0,0,0,0,1,0,0,0,5,0,0,0,17,0,1,0,0,0,0,0,1,1,0,0,2,0,20,0,3,0,0,0,3,1,0,0,0,0,32,0,0,0,20,0,0,0,0,14,0,0,0,12,0,0,0,0,1,0,0,0,0,0,0,0,0,27,0,0,0,0,0,0,9,0,3,0,0,0,0,0,0,0,0,4,0,0,1,0,0,0,0,0,1,0,1,0,0,0,0,0,0,0,1,1,2,0,0,4,2,1,0,0,0,0,0,3,0,0,0,0,0,0,0,0,6,0,0,1,0,0,0,1,0,0,0,0,0,0,2,0,0,0,0,1,0,0,3,0,0,0,0,0,1,0,0,0,0,0,0,0,0,26,0,0,1,0,0,0,0,0,0,0,5,1,0,0,0,0,1,0,0,0,0,0,0,2,0,0,0,1,0,0,0,0,0,0,0,4,24,0,4,0,0,2,0,1,0,0,0,0,1,0,0,0,1,0,0,0,0,0,0,2,0,0,0,0,0,0,0,0,0,0,1,0,0,0,0,0,1,0,0,0,8,27,0,0,0,0,0,0,0,0,0,0,0,0,0,0,5
353,0,0,0,0,0,0,0,0,1,6,0,0,0,0,3,0,28,0,0,2,2,0,0,0,0,0,0,0,7,0,0,0,1,2,0,0,0,0,0,0,0,0,0,0,1,0,0,0,9,0,3,0,0,0,0,0,0,0,0,0,2,0,0,0,0,0,0,0,11,2,1,0,0,0,0,0,0,0,0,0,0,0,0,6,12,0,6,1,4,0,0,8,0,0,0,0,2,0,0,0,0,0,0,0,0,0,0,0,9,0,0,0,0,4,0,0,0,0,0,0,0,0,0,0,0,0,0,0,0,0,0,15,6,0,0,0,0,0,0,5,0,0,0,2,0,0,0,0,0,0,0,0,0,1,0,0,0,0,0,0,3,1,2,0,0,1,0,0,1,0,0,0,0,0,1,7,0,0,1,0,18,0,6,0,0,0,0,0,0,1,0,0,0,0,0,0,1,0,1,0,0,0,0,0,0,0,0,0,0,0,0,0,0,0,0,0,0,0,3,0,0,0,0,4,6,0,0,0,0,0,0,0,0,0,1,0,0,0,0,0,0,0,34,21,0,21,0,4,4,0,0,0,1,2,15,0,0,0,0,0,0,0,1,0,0,0,0,11,0,0,0,0,0,0,17,0,0,0,0,0,0,2,1,0,0,0,6,7,0,0,0,0,0,0,11,4,0,0,10,0,0,0,0,20,0,0,0,0,0,0,3,3,17,0,2,0,1,0,0,3,0,0,0,0,2,0,0,0,0,12
354,0,0,0,0,2,0,0,0,0,10,0,0,0,0,6,0,2,2,0,2,1,0,0,11,1,0,0,0,0,0,0,0,2,0,0,0,0,0,0,0,0,0,1,0,0,1,0,0,0,0,0,0,0,2,0,0,0,9,0,0,8,0,0,0,0,1,0,0,6,0,0,0,1,0,0,0,0,0,0,0,0,0,0,7,0,0,0,0,1,0,0,1,0,2,0,0,0,0,3,5,1,0,0,0,0,0,0,0,3,13,0,0,0,8,3,1,0,0,0,0,0,0,0,0,0,0,0,1,0,0,0,40,0,0,0,0,0,17,0,3,0,0,0,44,0,0,0,0,0,0,0,0,0,0,11,0,0,0,0,0,1,0,0,0,22,1,0,2,0,1,0,2,0,1,2,1,0,0,2,2,0,1,0,0,0,0,0,0,0,0,0,0,0,0,0,4,0,0,0,0,0,0,0,0,0,0,0,0,0,0,0,0,0,0,4,0,0,1,0,0,0,0,1,0,1,0,0,0,0,0,1,0,0,0,0,2,4,0,1,0,0,0,0,0,0,11,0,0,2,0,0,5,0,0,2,10,2,0,7,0,0,0,1,0,0,0,0,0,0,0,0,0,0,0,3,0,0,0,0,0,0,1,0,0,0,0,0,0,0,10,0,0,0,0,0,21,0,0,0,3,0,0,0,3,0,0,0,0,0,2,0,1,0,4,4,0,0,0,0,0,0,0,0,0,0,0,0,0,1,73
355,0,0,0,0,0,1,14,0,0,3,0,0,1,0,0,0,0,0,7,0,0,0,0,0,0,0,3,0,0,0,0,0,3,0,0,0,0,0,0,6,0,0,0,0,0,0,3,0,0,0,0,0,0,0,0,0,0,0,0,0,0,0,4,0,0,1,0,0,4,1,0,0,0,0,0,0,2,0,0,0,0,0,0,2,0,0,0,0,3,0,2,0,1,0,0,0,0,1,4,0,8,0,1,0,0,0,0,0,0,0,0,0,0,0,6,0,0,0,0,0,0,0,2,0,0,0,0,0,0,0,0,52,0,2,0,0,0,0,0,0,1,0,0,3,0,1,0,0,0,0,0,0,0,0,10,0,0,0,0,0,0,0,4,0,0,2,0,0,0,0,0,0,0,0,0,19,0,0,0,0,39,0,0,0,0,0,0,0,0,0,0,0,0,0,0,0,0,3,0,0,1,0,0,0,0,0,0,0,2,0,0,0,0,0,8,0,0,0,0,0,5,0,0,0,3,2,0,0,0,0,0,0,0,0,0,0,0,0,0,0,0,1,0,32,0,7,0,0,2,0,1,0,1,0,57,0,17,0,0,0,0,0,1,0,0,1,0,0,0,0,0,0,0,0,40,0,0,0,55,0,2,11,0,0,0,0,9,0,0,0,0,2,0,0,0,0,0,0,20,0,0,0,0,27,0,0,0,0,0,0,18,2,0,0,0,0,2,0,0,2,0,0,0,0,0,0,0,1,0,11
356,0,0,0,0,2,0,0,1,3,6,0,0,0,0,0,0,0,0,0,3,7,0,0,1,0,0,0,0,0,0,0,27,0,0,0,0,0,33,0,0,0,0,1,0,0,1,0,0,1,12,1,0,0,0,0,0,1,0,0,0,3,0,0,0,0,2,12,2,3,4,0,0,0,0,0,0,0,0,0,0,0,0,0,0,0,0,4,0,1,0,0,2,0,0,0,0,0,9,0,0,2,0,0,0,1,0,5,0,0,2,0,0,0,2,0,0,3,0,0,0,0,2,2,0,0,0,0,0,0,0,0,32,0,1,0,1,3,0,0,0,0,0,0,0,0,0,0,0,0,0,0,0,9,0,0,0,0,0,0,1,0,0,11,0,0,1,4,0,0,12,0,0,0,0,0,1,0,1,1,0,0,0,0,0,0,0,0,0,0,0,0,3,0,0,0,4,0,0,0,0,0,0,0,20,0,0,0,0,0,1,3,0,0,12,1,5,0,0,0,0,0,0,0,0,1,1,0,8,0,0,6,0,4,0,0,0,1,0,0,0,0,0,0,1,0,8,0,0,14,0,0,0,0,0,0,0,0,0,0,0,0,0,0,0,2,0,0,0,0,1,1,0,0,2,3,1,0,0,0,2,1,0,0,0,0,0,0,0,0,0,0,0,0,0,0,0,0,0,2,1,0,0,0,12,0,0,0,0,0,0,0,0,0,0,1,0,0,0,0,0,2,5,0,0,0,1,0,4,0,25
357,0,0,0,0,0,2,0,0,0,10,0,0,2,0,0,0,0,0,0,0,1,0,0,0,0,3,0,0,0,0,0,10,0,0,0,0,0,0,0,0,1,3,1,0,0,0,0,2,0,6,0,0,0,0,21,6,2,0,0,1,2,9,0,1,0,0,1,0,4,0,2,0,0,0,0,3,4,0,7,7,0,0,0,0,0,0,0,0,2,0,0,5,0,0,0,0,0,0,0,15,0,0,0,0,0,0,0,0,2,70,0,0,0,5,0,0,0,0,0,0,0,0,4,0,0,0,0,0,0,0,0,0,0,0,0,0,0,0,0,0,0,0,0,0,0,0,0,0,0,0,0,0,0,0,32,3,0,0,0,1,1,0,3,0,1,2,0,0,0,0,0,0,1,0,0,0,0,16,1,1,0,0,0,0,24,0,0,0,0,0,0,0,0,6,0,2,0,0,0,0,0,0,0,0,0,0,0,0,0,1,0,0,0,0,4,0,0,0,0,0,0,0,0,7,3,5,0,0,0,0,0,0,2,0,0,0,1,0,0,0,0,0,0,56,0,1,0,0,0,0,0,0,1,0,0,1,0,0,0,0,0,0,0,0,0,0,0,0,0,16,0,2,0,0,0,0,0,0,0,0,0,8,2,0,0,0,0,0,0,0,0,0,0,0,4,12,0,0,0,0,0,0,0,14,0,0,0,0,1,0,17,2,9,1,2,0,0,0,0,0,0,0,0,0,0,0,0,0,0,9
358,0,0,0,0,0,1,0,0,0,4,0,0,0,0,4,0,0,0,0,0,2,0,0,0,0,6,0,0,0,0,0,0,0,0,4,0,0,0,0,0,0,0,0,0,1,0,0,1,0,0,0,1,0,0,8,0,0,1,0,0,0,0,0,0,1,1,0,0,8,1,0,0,0,0,0,0,0,8,0,0,0,0,0,8,7,0,0,0,15,0,1,8,0,0,0,0,0,0,2,0,16,0,0,0,0,0,0,2,0,0,0,0,0,9,0,0,0,0,0,1,0,0,0,0,0,0,0,0,0,2,0,29,0,0,0,0,0,2,0,6,0,0,0,2,0,0,0,0,0,0,0,5,0,0,0,0,0,0,0,0,1,1,1,0,0,1,0,0,0,1,0,0,0,0,0,15,0,0,0,1,28,4,0,0,0,0,0,0,1,0,4,0,0,0,0,1,0,0,0,1,0,0,0,3,0,0,3,0,0,0,0,1,0,0,12,0,0,0,4,0,0,0,0,0,4,0,0,0,0,0,0,3,0,0,0,0,0,3,0,0,0,0,0,34,0,5,0,1,4,0,1,0,0,0,19,0,27,0,6,0,3,0,0,0,0,0,0,0,0,0,0,0,1,0,8,0,0,0,0,0,2,2,0,0,0,0,2,0,0,0,0,0,0,0,0,0,0,0,0,0,0,1,0,12,0,0,0,0,0,0,16,7,0,0,1,2,2,0,0,0,8,0,0,0,2,0,0,0,1,8
359,0,0,0,0,0,1,0,0,0,0,0,0,0,0,0,1,0,0,0,0,0,3,0,0,0,0,0,0,0,0,0,0,0,8,14,0,0,0,0,0,0,0,0,0,0,1,1,0,0,17,0,0,0,0,0,0,0,1,4,0,1,0,0,0,0,4,2,0,0,3,0,0,1,0,0,0,0,0,0,0,0,0,1,5,3,0,2,0,0,0,0,1,6,0,0,0,0,7,0,1,2,0,0,1,0,0,0,0,0,1,0,0,1,1,0,0,8,0,0,0,0,0,0,0,0,1,0,0,0,0,0,0,0,1,0,2,2,0,0,1,0,0,0,0,0,0,0,0,0,0,0,0,12,0,0,0,0,2,0,0,0,0,7,0,7,2,0,0,0,0,3,0,0,0,0,1,0,0,0,0,0,0,3,0,0,0,0,0,0,0,0,3,0,4,0,7,1,0,0,0,0,0,0,0,0,0,0,0,0,2,0,0,0,6,1,0,4,0,0,0,0,0,0,1,1,0,2,0,0,0,2,0,3,0,0,0,0,0,0,0,0,0,0,2,0,20,4,0,24,0,1,0,1,0,0,0,0,0,0,0,9,0,0,0,0,0,0,27,0,0,0,0,0,0,1,0,0,0,0,3,0,0,0,1,0,0,0,0,0,0,0,0,0,0,8,0,0,0,0,0,0,0,0,5,0,0,0,12,0,0,0,0,0,0,1,0,0,0,0,0,0,0,0,0,0,0,0,0,0,6
360,0,1,0,0,0,0,0,0,0,7,0,0,0,1,0,3,0,6,0,1,1,0,0,1,0,2,10,1,0,0,0,0,1,0,0,0,0,0,1,0,0,3,0,0,0,0,0,0,0,0,0,0,0,0,0,0,0,0,0,0,1,0,0,0,0,2,0,0,0,0,0,0,0,0,0,0,0,0,0,0,0,0,0,13,0,0,0,15,1,0,3,1,0,0,0,0,0,0,49,0,1,10,0,0,0,0,10,0,0,0,0,0,0,1,0,0,0,0,0,0,0,0,0,0,0,0,0,0,0,0,0,79,1,0,0,0,1,9,1,0,0,0,0,1,0,0,0,0,0,2,6,0,0,0,0,0,5,0,0,0,3,0,4,0,0,1,0,0,0,0,1,0,0,6,0,1,0,0,0,0,0,0,0,0,0,0,0,0,0,0,0,0,0,0,0,5,0,0,0,0,0,0,0,9,0,0,0,0,0,0,0,0,0,0,3,0,0,0,0,0,0,0,0,0,1,0,0,0,0,1,2,0,0,0,0,0,0,0,1,0,0,0,1,1,0,158,0,0,0,0,0,0,0,0,4,0,0,0,0,0,0,2,0,0,0,5,0,0,0,0,0,0,0,0,7,0,0,0,0,0,0,1,0,0,0,0,2,0,0,0,0,0,0,0,0,3,0,0,0,0,1,5,0,26,0,0,0,0,0,0,0,1,0,0,0,0,0,0,1,0,0,0,0,0,0,0,0,0,1,26
361,0,0,0,0,0,0,11,0,0,0,1,0,0,0,1,0,0,0,0,1,1,0,0,0,0,16,4,0,0,0,0,9,6,0,3,2,0,0,0,3,0,0,0,0,1,3,0,0,0,36,2,1,0,0,7,0,0,0,0,0,1,0,0,0,0,1,1,0,4,0,0,0,0,0,0,0,0,0,0,3,0,0,0,0,14,0,21,0,0,0,0,1,0,0,0,0,0,0,0,3,14,0,0,0,0,0,0,0,0,15,3,0,0,5,0,5,0,0,11,2,0,0,0,0,0,1,0,0,0,0,0,0,13,0,0,0,0,0,0,6,0,0,0,0,0,0,0,0,0,0,0,2,0,0,0,0,3,2,0,8,0,0,0,0,0,2,0,0,0,0,0,0,0,0,1,29,0,0,2,0,26,1,0,0,17,0,0,0,0,0,0,0,0,0,0,1,0,0,0,0,0,0,0,0,0,0,0,0,0,0,0,1,0,0,1,0,0,0,0,0,0,0,0,0,2,7,0,0,2,0,0,3,4,0,0,0,1,0,0,1,0,0,0,61,0,0,0,0,4,0,0,0,0,0,0,0,0,0,0,0,0,0,0,3,0,0,0,0,0,0,0,0,0,0,4,0,0,0,0,0,4,5,0,1,0,0,0,0,0,0,0,0,0,0,7,6,0,0,7,0,0,0,0,11,0,0,0,0,0,0,10,2,0,0,6,1,0,0,0,0,0,1,0,0,0,0,0,0,0,9
362,0,0,0,0,4,0,0,0,1,5,1,0,0,1,1,0,0,2,0,13,0,0,0,1,0,0,5,0,0,0,0,24,0,6,0,2,0,0,0,0,0,0,0,0,7,0,0,0,0,0,0,0,0,0,0,0,0,0,0,0,2,0,0,0,0,6,0,0,10,0,15,0,1,2,0,0,0,0,0,0,0,0,0,16,0,0,0,0,6,0,2,2,0,0,0,0,0,0,22,1,2,1,0,1,0,0,2,0,0,0,0,0,0,0,0,0,0,0,0,0,5,0,0,5,1,1,0,5,0,0,0,80,0,0,0,0,0,0,0,0,0,0,0,3,0,0,0,0,0,0,0,10,0,0,0,0,0,2,0,1,2,0,3,0,0,1,0,4,0,6,0,0,0,16,0,1,0,0,0,0,0,0,0,0,0,0,0,0,0,0,0,0,0,0,0,2,0,0,0,0,0,0,1,0,0,0,0,0,1,0,8,0,0,0,1,1,0,0,0,0,2,0,0,0,0,0,0,0,0,1,2,0,0,0,0,0,0,0,0,0,0,4,0,3,0,62,0,0,39,0,0,2,0,0,3,0,4,0,0,0,4,0,0,2,0,3,0,0,3,0,0,0,0,4,4,0,0,0,0,0,0,0,0,0,0,0,10,0,0,5,0,0,0,0,0,0,0,0,0,0,0,0,0,14,0,0,0,0,0,0,0,2,0,0,0,5,1,0,1,0,0,5,0,0,0,1,0,0,1,54
363,0,0,0,0,0,0,0,0,0,12,0,1,0,1,1,0,5,0,0,32,3,2,0,1,0,2,39,1,0,0,0,0,0,0,0,0,0,0,2,0,0,0,0,0,0,0,0,0,1,0,0,0,0,0,0,0,0,4,0,1,0,0,0,0,0,3,0,1,24,0,0,0,0,0,0,0,3,0,6,0,0,0,0,2,0,0,0,0,3,0,11,0,0,0,0,0,0,0,7,0,1,0,0,0,0,0,0,0,0,0,0,0,0,1,0,0,0,0,0,0,0,0,0,12,0,0,0,0,0,0,0,60,0,0,0,0,0,0,0,0,1,0,15,2,0,0,0,0,0,0,0,0,0,0,0,2,0,6,0,1,3,0,6,1,0,1,10,3,0,10,2,0,0,0,1,2,0,1,0,0,1,1,3,0,0,0,0,0,0,0,0,0,0,0,0,1,0,0,0,0,0,0,0,0,0,0,0,0,0,0,0,0,0,0,1,0,0,0,0,0,0,0,0,0,0,0,0,0,0,0,1,0,0,0,0,1,0,0,1,0,0,4,0,2,0,16,0,0,9,0,0,0,0,0,3,0,4,0,0,2,10,0,1,1,4,5,0,0,3,2,0,0,0,0,6,0,1,0,0,0,0,0,21,0,0,0,0,0,0,0,0,0,0,0,0,3,0,0,0,0,3,0,0,9,0,0,0,0,0,0,0,0,0,0,1,0,2,0,0,0,0,0,0,0,0,0,2,0,0,8
364,8,0,0,0,4,1,0,8,0,14,0,0,0,0,0,0,0,0,3,0,1,0,0,0,0,0,0,0,0,0,0,0,0,0,1,0,2,0,0,0,0,0,1,2,0,0,0,3,0,0,0,0,1,0,5,0,5,0,0,0,24,0,0,0,0,1,14,0,2,0,0,0,0,0,0,0,0,0,0,1,0,0,0,9,0,1,0,0,1,0,0,1,0,0,0,0,0,3,0,0,6,0,0,2,11,0,0,0,0,26,0,0,0,0,0,0,0,0,0,0,0,0,0,0,0,0,0,0,0,0,0,7,0,0,0,4,6,0,0,0,0,0,0,6,0,0,0,0,0,0,0,2,0,0,4,2,0,0,0,0,0,0,1,0,0,0,0,0,2,1,0,0,0,0,3,2,0,3,24,0,0,0,5,0,0,1,0,0,0,0,0,0,0,0,0,11,0,0,0,0,0,0,0,2,0,0,0,0,0,0,0,2,0,7,2,0,0,0,0,0,0,0,2,0,0,3,1,0,0,0,1,0,29,0,0,2,0,0,0,0,0,0,0,12,0,3,0,0,0,3,0,0,0,1,0,7,0,1,0,0,0,0,0,0,1,0,0,0,0,0,8,0,0,0,0,4,2,0,0,0,2,3,0,0,0,0,0,0,0,0,0,0,0,0,0,66,0,0,0,7,0,0,0,5,0,0,0,0,0,5,0,0,0,0,12,0,0,0,0,0,0,0,0,0,1,5,0,0,0,58
365,0,0,0,0,0,0,0,0,0,8,0,0,0,0,0,0,0,0,0,2,0,0,0,9,0,0,0,3,0,0,0,3,1,2,1,0,0,0,0,0,0,0,0,0,0,0,0,3,4,0,0,0,0,1,0,0,0,0,1,0,8,0,0,0,0,0,0,0,12,0,0,0,1,0,0,0,0,0,3,0,0,0,0,5,0,0,0,0,0,0,0,1,0,0,0,1,0,4,3,16,1,0,0,0,0,0,0,0,0,16,0,1,0,0,0,0,0,0,0,0,0,0,0,0,0,0,0,0,0,0,0,18,0,0,0,0,0,0,0,4,0,0,0,13,1,0,0,4,0,0,2,1,0,0,0,0,0,0,0,0,1,0,0,0,0,2,0,0,0,0,0,0,0,1,0,1,0,0,0,0,0,0,0,0,0,0,0,0,0,0,0,0,0,0,1,0,0,1,0,4,0,0,0,2,0,0,0,0,0,0,0,4,1,0,0,0,0,1,0,0,1,2,0,0,0,0,0,0,0,0,2,0,0,0,0,0,0,1,1,0,0,4,0,6,0,5,1,0,0,0,0,0,0,0,2,0,2,0,9,2,0,0,1,0,0,1,0,0,0,0,0,0,0,1,2,0,1,0,0,0,5,0,0,0,0,0,1,0,0,0,0,0,0,0,0,0,0,0,7,1,0,0,0,2,0,0,0,0,0,0,17,0,0,8,2,0,0,0,0,0,0,0,0,0,0,8,0,0,1,60
366,0,1,0,0,0,2,0,0,0,24,0,0,0,0,0,3,0,0,0,7,0,0,0,0,0,2,0,0,0,0,0,0,1,33,0,0,0,0,0,0,0,5,0,0,0,0,0,0,0,0,0,0,0,0,7,0,1,0,0,0,0,1,0,0,0,4,0,0,20,0,0,0,0,4,0,0,0,0,3,0,0,0,0,2,0,0,4,0,0,0,7,0,0,0,0,0,0,0,3,1,2,0,0,0,1,0,0,0,0,0,0,0,1,1,0,0,0,0,0,0,0,0,0,0,1,0,0,0,0,0,0,75,1,0,0,0,0,0,0,0,0,0,35,1,0,0,0,0,0,2,0,2,0,0,0,0,0,1,0,0,1,0,3,0,0,0,0,0,0,12,0,0,0,6,0,2,0,0,0,0,0,0,4,0,0,0,0,0,1,0,0,2,0,0,0,1,1,0,0,0,0,0,0,0,0,0,0,0,1,0,0,0,1,0,0,0,0,0,0,0,0,0,0,0,0,0,0,0,0,1,5,2,0,0,3,1,0,0,2,0,0,0,0,3,4,181,0,0,0,0,0,0,0,0,6,0,0,0,0,0,8,0,2,0,7,6,0,20,2,0,0,0,0,0,0,0,0,0,0,0,1,0,0,1,0,0,13,0,0,0,0,0,0,0,0,0,0,0,0,0,2,0,0,14,0,0,0,0,0,0,0,1,22,0,0,0,0,0,0,0,0,0,0,5,0,0,0,0,0,70
367,0,0,0,0,0,0,0,0,0,11,0,0,0,0,0,0,0,0,15,1,0,2,0,11,0,0,0,0,0,0,0,0,1,2,0,0,0,0,0,0,0,0,0,1,0,0,0,0,0,0,0,1,0,0,0,0,0,0,0,0,1,0,0,0,0,0,0,0,12,0,0,0,0,0,0,0,0,0,1,0,0,0,0,0,0,0,0,0,0,0,0,2,0,0,0,1,1,0,2,0,0,1,3,0,3,0,0,0,0,13,0,0,0,4,0,1,0,0,13,0,0,0,0,0,0,0,0,0,0,18,0,10,0,1,0,0,0,0,0,12,18,0,0,24,1,10,0,0,0,0,1,0,0,0,0,0,0,0,0,0,0,0,0,0,0,1,0,0,1,0,1,5,0,0,6,1,0,0,0,2,3,0,0,0,0,0,0,0,0,0,0,0,0,0,0,11,0,0,0,0,0,0,0,0,0,0,0,0,0,0,1,0,0,0,2,0,0,0,0,0,0,0,0,0,0,1,0,0,0,0,0,0,0,0,0,0,0,0,0,0,0,0,0,35,0,6,0,0,0,0,0,0,0,0,1,0,1,6,0,0,1,0,1,0,0,3,0,2,0,0,0,0,0,0,7,2,0,5,0,3,0,1,0,0,0,0,0,0,0,7,0,0,0,0,0,0,0,0,0,0,0,0,0,7,0,0,0,0,0,4,39,0,0,0,1,0,6,0,0,0,0,0,0,0,0,0,0,0,3,91
368,0,0,0,0,2,3,0,0,0,16,0,1,0,0,1,0,0,0,0,8,0,0,0,1,0,0,22,0,0,0,0,0,0,0,0,0,0,0,0,0,1,4,0,0,0,0,0,0,0,0,0,3,0,0,0,0,0,0,0,0,0,0,0,0,0,3,0,2,13,0,5,0,0,2,0,0,4,0,0,0,0,0,0,0,0,0,0,0,1,0,9,0,0,0,0,0,0,0,48,0,0,2,0,0,0,0,0,0,0,0,0,0,1,0,0,0,0,0,0,0,0,0,0,5,1,0,0,0,0,1,0,36,0,0,0,0,0,2,0,0,0,0,42,1,3,0,0,0,0,0,4,2,0,0,0,1,0,0,0,1,0,0,10,0,0,0,0,0,0,0,0,0,0,0,1,1,0,0,0,0,0,0,0,0,0,0,0,0,0,0,0,0,0,0,0,0,4,0,0,0,0,0,0,0,0,0,0,0,0,0,0,0,0,0,5,5,0,0,0,0,0,0,0,0,0,0,0,0,0,1,12,0,0,0,0,0,0,0,0,0,0,5,0,3,0,51,17,0,18,0,0,0,0,11,5,12,0,0,1,0,0,0,1,0,14,0,0,10,2,3,0,0,0,4,5,1,0,0,0,0,0,0,0,0,0,0,15,0,2,2,0,4,0,0,0,0,1,0,0,0,0,0,0,22,0,0,0,0,0,0,1,1,0,0,1,0,0,0,0,0,0,0,0,2,4,0,1,0,1,73
369,0,0,0,6,0,0,0,2,0,8,0,0,0,0,0,0,0,3,0,0,3,0,0,2,0,0,0,0,0,0,0,0,0,0,54,0,4,0,0,0,0,0,0,1,5,0,0,0,0,86,0,0,0,0,8,1,2,0,0,0,5,0,0,0,1,0,2,0,0,0,0,0,1,0,1,0,0,0,0,0,0,0,0,0,0,0,0,0,0,0,0,1,0,0,0,0,1,0,0,0,3,0,0,0,1,0,7,0,0,2,6,0,0,4,4,0,0,0,0,0,0,0,0,0,0,1,0,3,0,0,0,0,0,0,0,0,1,0,0,0,0,0,0,0,0,0,0,0,0,0,0,0,3,0,1,0,0,0,0,0,0,0,39,0,0,1,0,2,0,5,0,0,0,0,1,0,0,0,0,0,0,0,0,19,0,0,0,0,0,0,0,0,0,1,0,3,0,0,0,0,0,1,0,0,0,0,0,0,2,3,0,0,1,0,1,1,0,0,0,0,0,0,1,1,1,1,7,0,0,1,1,0,1,0,0,0,0,0,0,0,0,4,0,3,0,7,0,0,14,0,0,0,0,0,0,0,0,1,0,0,0,0,0,0,16,5,0,14,4,3,0,1,0,5,0,0,0,0,0,0,0,1,0,0,0,0,0,0,0,0,0,0,2,0,0,0,0,0,0,0,0,0,0,11,0,0,0,0,0,0,0,0,24,0,2,0,0,0,2,1,0,4,0,11,0,0,0,0,0,42
370,0,0,0,0,0,0,0,29,1,0,0,0,0,0,4,0,0,0,32,0,1,0,0,0,0,0,0,0,1,1,0,0,0,0,0,0,0,0,0,0,3,14,0,0,0,1,0,0,0,7,0,0,0,0,4,0,0,0,0,0,1,0,0,0,0,1,0,0,0,0,0,0,0,0,0,0,0,8,12,6,0,0,0,0,0,0,0,0,0,0,0,4,0,0,0,0,2,0,3,10,0,0,0,1,0,0,0,0,0,26,0,0,3,7,0,6,0,0,5,0,0,0,0,0,0,0,0,0,0,0,0,3,0,1,8,0,1,1,0,0,0,0,1,0,0,0,0,0,0,0,0,0,0,0,0,8,0,0,0,0,0,0,11,1,0,0,0,0,0,0,0,0,0,0,0,31,0,0,0,1,18,0,0,0,0,0,0,0,0,0,0,0,1,0,1,0,0,0,0,0,1,1,0,0,0,0,1,0,0,0,0,0,0,0,22,4,0,0,0,0,0,0,0,0,3,4,1,0,0,0,0,0,7,0,0,0,6,0,0,0,0,0,0,31,0,0,1,0,4,0,0,0,0,0,0,0,0,0,0,0,0,0,0,0,3,0,0,0,0,0,0,1,0,0,0,0,0,0,0,0,4,10,1,1,0,0,0,3,0,1,0,0,0,0,0,0,0,0,0,0,0,0,0,8,0,0,0,0,1,0,50,0,0,0,0,0,2,0,0,0,0,0,0,0,0,1,0,0,0,8
371,0,0,0,0,5,1,0,0,2,0,0,0,0,0,1,0,0,5,0,5,0,0,0,6,0,0,0,0,0,0,0,0,1,11,0,0,0,0,0,0,0,0,0,0,0,0,4,0,0,0,0,6,0,0,0,0,0,0,0,0,0,0,0,0,1,2,0,0,6,12,0,0,0,0,0,0,4,0,0,0,0,0,0,11,3,2,0,4,2,0,2,2,0,1,0,1,0,0,10,0,3,2,0,0,0,0,0,0,0,0,0,0,0,0,0,0,0,0,0,0,0,3,0,3,0,0,0,0,0,1,0,22,0,1,0,0,0,3,0,1,0,0,0,3,0,0,0,0,0,0,0,0,0,0,3,0,0,0,0,0,0,0,3,0,0,2,0,2,0,16,1,0,0,0,1,0,2,0,0,0,2,1,0,7,0,0,0,0,1,0,0,0,0,0,0,6,0,0,0,0,0,0,0,0,0,0,0,0,0,0,0,0,1,0,1,0,0,0,0,0,0,2,0,0,1,0,0,0,0,0,1,0,0,0,0,0,0,0,0,0,0,0,0,1,0,47,27,0,10,0,0,0,0,0,1,0,0,0,0,2,0,1,1,0,4,6,0,2,0,1,0,0,1,0,10,0,0,0,0,1,0,0,0,0,0,0,25,0,0,0,0,0,0,0,0,0,0,0,2,0,0,0,0,3,0,0,0,23,0,0,0,1,0,0,0,0,0,0,0,0,0,3,0,0,0,0,0,4,2,36
372,0,0,0,0,0,2,0,0,0,18,0,0,0,0,0,0,0,0,0,7,1,0,0,1,0,0,0,0,0,0,0,0,2,7,0,4,0,15,0,0,1,0,0,0,0,0,8,0,0,0,1,0,0,0,0,0,2,0,0,1,0,1,5,2,2,3,0,0,34,0,0,0,1,0,0,0,0,0,0,0,0,0,0,8,0,0,0,3,1,0,1,1,0,0,0,0,0,0,10,0,2,0,0,0,0,0,0,0,0,0,4,0,0,1,0,0,0,0,0,0,0,3,0,0,0,0,0,1,0,0,0,104,3,0,0,0,0,0,0,0,0,0,9,1,0,0,0,0,1,0,6,0,0,1,0,0,0,0,0,0,9,0,2,0,0,3,3,1,0,25,0,0,0,0,1,1,0,0,0,0,1,0,0,0,0,0,0,0,0,0,0,11,0,0,0,0,1,13,0,0,0,0,0,0,0,0,0,1,0,0,0,0,0,11,4,3,0,0,0,0,0,0,0,0,1,0,0,10,0,0,3,0,0,0,0,0,0,0,0,0,0,4,2,2,0,86,0,0,0,0,0,0,2,0,2,0,0,0,1,0,0,0,1,1,0,0,0,0,0,3,0,0,1,2,5,2,0,0,0,0,0,0,0,0,0,0,25,0,0,0,0,3,0,0,11,2,0,0,0,0,0,3,0,24,0,0,0,0,0,0,0,2,0,0,1,3,0,0,0,4,0,0,0,7,0,1,0,0,0,50
373,0,2,0,0,5,0,0,0,0,0,0,0,0,0,1,3,0,0,0,2,0,0,0,2,0,0,28,0,0,0,0,0,0,23,0,0,0,17,0,0,0,0,0,2,0,0,0,0,0,11,0,0,0,0,0,0,0,0,6,3,1,2,0,3,0,5,0,0,10,1,0,0,0,0,0,0,2,0,0,0,0,0,0,6,1,0,0,4,0,0,2,1,1,0,0,0,0,1,27,0,0,0,0,0,0,0,4,0,0,0,0,0,0,0,0,0,3,0,0,0,0,0,0,7,0,0,0,3,0,0,0,83,0,0,0,0,0,0,0,2,0,0,10,2,0,0,0,2,0,0,4,0,0,0,0,0,0,8,0,0,3,0,3,0,0,1,0,1,0,11,0,0,0,0,1,3,1,0,0,0,0,0,0,0,0,0,0,0,1,0,0,0,0,2,0,0,3,0,0,0,0,0,0,5,0,0,0,0,0,0,0,0,0,0,3,1,8,0,0,13,0,0,0,0,1,0,0,0,0,0,0,0,0,0,0,0,0,0,0,0,0,5,4,1,0,53,0,2,0,2,0,1,0,6,0,0,0,0,0,0,10,0,2,2,1,3,0,15,0,1,0,0,0,0,3,0,0,1,0,0,0,0,7,0,0,0,7,0,0,0,0,0,0,0,7,0,0,0,0,1,0,0,0,9,1,0,0,35,0,0,0,1,0,0,0,0,0,0,0,3,0,0,0,0,5,0,0,2,2,123
374,0,0,0,15,0,0,0,10,0,12,0,2,0,0,0,0,0,3,0,0,0,0,0,6,3,0,0,0,0,0,0,0,0,4,0,0,0,4,0,0,0,0,0,2,0,0,0,0,0,0,0,0,0,1,0,0,0,0,0,2,5,0,0,0,0,1,0,0,20,0,0,0,0,0,0,0,0,0,0,0,0,0,0,14,0,0,0,0,1,0,0,0,0,0,0,2,0,0,3,0,5,1,0,0,0,1,0,0,0,0,0,0,0,5,6,0,0,0,0,0,4,0,0,0,0,0,0,0,0,0,0,23,0,0,0,0,0,26,0,0,0,0,2,13,0,0,0,0,0,1,0,0,0,0,0,0,0,0,0,0,1,0,0,0,0,2,0,3,0,0,0,0,0,0,2,0,0,0,0,2,0,0,4,0,0,1,0,0,0,0,18,0,0,0,0,0,0,0,0,0,0,0,0,0,0,0,1,0,0,0,0,1,3,0,0,0,0,0,0,4,1,0,0,0,0,0,0,0,0,0,2,0,0,0,0,0,0,0,0,0,0,0,0,8,0,6,3,0,12,0,0,0,0,0,1,0,0,0,0,0,0,0,3,0,0,1,0,4,0,0,0,6,0,1,0,0,0,0,0,0,0,2,0,0,0,0,0,0,0,6,0,0,0,0,0,0,1,0,0,0,0,0,0,6,0,3,0,0,0,0,0,1,1,0,0,2,0,0,0,0,0,0,1,0,0,10,0,0,6,22
375,0,0,0,0,0,0,1,0,0,50,1,0,0,0,0,0,0,0,0,0,2,0,0,0,0,0,0,0,0,0,0,0,4,14,0,0,0,0,2,8,0,2,0,0,0,1,0,0,0,40,0,0,5,0,0,0,0,0,0,0,3,0,0,4,0,2,10,0,3,0,10,0,0,0,0,0,2,0,0,0,0,0,0,0,0,0,3,4,0,0,0,2,2,0,0,0,0,9,0,0,3,1,0,1,0,0,2,0,0,0,0,0,0,1,0,0,10,0,0,0,6,0,0,8,0,1,0,0,0,0,0,0,1,0,0,0,0,0,0,0,1,0,0,0,0,0,0,0,0,0,6,0,2,0,2,0,0,2,0,0,5,0,13,0,0,0,0,0,0,11,0,0,0,2,0,1,0,0,0,0,0,0,0,0,0,0,0,0,2,0,0,6,0,3,0,4,0,41,0,0,0,0,0,9,0,0,0,0,0,1,0,0,0,0,2,4,0,0,0,0,0,0,0,0,0,1,2,0,0,0,11,0,2,0,0,0,0,0,1,0,0,0,1,2,0,0,0,0,19,0,0,0,2,0,0,21,0,0,0,0,6,0,0,1,5,12,0,0,0,0,0,0,1,0,3,0,0,0,1,0,0,1,0,1,0,0,0,0,0,0,0,0,0,0,0,4,1,0,0,0,0,0,0,9,0,0,9,0,0,0,1,0,0,0,2,0,0,0,0,0,0,0,0,0,10,0,0,0,0,0
376,0,0,0,0,0,0,0,0,0,42,0,0,0,0,0,0,0,8,1,0,6,0,0,1,0,0,0,0,0,0,0,0,0,0,0,3,0,0,0,8,0,0,1,0,0,0,0,0,1,31,0,0,0,0,2,0,0,0,0,2,1,0,0,0,0,6,0,0,2,0,0,0,0,0,0,0,0,0,0,0,0,0,0,0,0,0,0,0,1,0,0,3,0,0,0,0,0,0,0,2,1,4,0,2,0,0,1,0,0,0,0,0,0,1,0,0,0,0,0,0,6,0,0,0,0,1,0,0,0,2,6,0,1,0,0,0,2,2,0,2,1,0,35,0,0,0,0,0,0,0,0,0,34,0,0,0,0,0,0,3,6,0,21,0,0,1,0,0,0,7,0,3,0,0,0,0,0,0,0,1,0,0,0,0,0,0,0,0,1,0,0,4,0,4,0,0,0,15,0,0,0,0,0,2,0,0,0,0,0,1,0,0,0,0,3,2,0,0,0,0,0,4,0,2,0,0,18,3,0,0,4,0,2,0,0,0,0,0,0,0,0,2,0,1,2,0,0,0,0,0,0,0,0,0,0,0,0,0,0,0,0,0,0,0,10,0,0,0,0,0,0,0,1,0,0,0,0,0,0,0,0,0,0,2,2,0,0,0,0,0,0,2,0,0,0,0,0,0,0,0,0,0,0,5,0,0,2,0,0,0,0,0,0,0,1,0,0,0,0,0,0,0,0,2,5,1,2,0,0,47
377,0,0,0,0,0,0,1,0,0,7,0,0,0,0,0,0,0,0,0,3,0,0,0,9,0,0,0,0,0,0,0,0,0,0,0,0,2,0,0,0,0,0,2,2,0,1,0,0,0,0,0,0,0,0,6,0,1,0,0,0,0,0,0,0,0,0,0,0,4,0,0,0,0,0,0,0,0,0,0,0,0,0,0,0,0,0,0,0,1,0,0,0,0,0,0,0,1,0,3,0,4,0,0,3,0,3,0,0,0,0,0,0,27,1,0,0,0,1,44,0,4,1,0,0,0,0,0,0,0,0,0,18,0,0,0,0,14,0,0,5,0,0,0,40,0,0,0,0,0,0,0,0,0,0,0,0,0,0,0,0,1,0,0,0,0,3,0,1,0,1,0,0,0,1,0,0,0,3,0,0,0,0,2,0,0,0,0,0,0,0,21,0,0,0,1,0,0,0,0,0,0,0,0,0,0,1,0,0,0,0,0,0,0,0,3,1,0,0,0,0,0,5,0,0,0,0,1,0,0,1,0,0,0,6,0,0,0,0,0,0,0,3,0,9,0,5,6,0,0,0,0,28,0,0,2,0,0,1,0,0,3,0,3,4,0,3,0,0,0,16,5,0,0,1,2,0,0,0,0,0,3,1,0,0,0,0,1,0,1,0,0,0,5,0,0,0,0,0,2,0,0,0,0,4,0,0,0,0,0,0,13,0,0,0,7,0,0,0,0,0,0,0,0,0,1,0,0,0,5,20
378,0,0,18,0,0,2,0,0,0,47,0,0,0,0,2,0,0,0,0,10,0,0,0,1,0,3,0,0,0,0,0,0,0,7,8,0,0,0,2,0,0,0,0,0,7,0,0,0,0,0,0,5,0,0,0,0,0,0,0,3,2,0,0,5,0,4,0,0,17,0,0,0,0,2,1,0,0,0,0,0,0,0,0,2,0,0,0,0,1,0,2,4,0,0,0,0,0,0,13,0,0,6,0,0,0,0,0,0,0,0,6,0,0,1,0,0,0,0,0,0,5,0,0,0,0,0,0,2,0,0,0,68,0,0,0,0,0,0,0,2,0,0,0,0,0,0,0,0,0,0,0,9,0,0,1,0,0,1,0,0,6,0,4,0,0,0,0,1,0,21,1,0,0,0,1,0,0,0,0,0,1,0,3,0,0,0,0,0,0,0,0,0,0,4,0,0,0,0,0,0,0,0,0,0,1,0,0,0,0,0,5,0,0,9,3,0,6,0,0,0,0,0,0,1,1,1,0,0,0,0,7,1,0,0,0,0,0,0,0,0,0,0,0,3,0,186,0,5,0,0,0,0,0,0,6,5,16,0,0,0,5,1,1,0,0,0,0,0,0,3,0,0,0,0,1,0,0,1,1,0,0,0,0,1,0,0,7,0,0,0,0,7,0,0,0,2,0,0,0,0,0,0,0,16,0,0,0,0,0,0,0,1,0,0,0,0,0,0,0,0,0,0,0,2,0,1,0,0,1,80
379,0,0,0,0,0,0,0,0,0,0,1,0,0,0,1,0,1,0,0,0,1,2,0,3,0,0,30,0,0,0,0,0,0,0,29,0,5,0,0,11,0,5,0,2,0,0,0,0,2,0,0,1,0,0,0,0,0,0,0,0,5,0,0,0,0,4,6,2,9,0,13,0,0,0,1,0,0,0,0,0,0,0,0,0,0,0,0,0,0,0,0,0,0,0,0,0,0,0,0,1,2,1,0,1,0,0,0,0,0,1,7,2,0,2,0,2,0,0,0,0,0,0,0,0,0,0,0,1,0,0,0,0,0,0,0,0,2,0,0,0,1,0,0,0,0,0,0,0,0,2,0,0,16,0,0,0,0,0,0,2,6,0,18,0,5,0,0,0,0,0,2,0,0,0,1,3,0,1,0,0,0,0,0,0,0,0,0,0,0,0,0,0,0,3,0,2,0,14,0,0,0,0,0,0,0,0,0,1,0,1,0,0,0,0,1,0,0,5,0,0,0,7,0,2,1,0,10,0,0,0,4,0,3,0,0,1,0,0,1,0,0,0,0,3,0,11,0,0,12,0,0,0,0,0,0,0,0,0,0,0,5,1,1,1,4,0,0,0,0,2,0,0,0,0,0,0,0,0,0,0,0,0,61,1,0,0,0,0,0,0,0,0,0,0,0,0,0,0,0,0,1,0,0,1,0,0,4,14,0,0,0,1,0,0,1,0,3,0,1,6,0,6,0,0,0,2,0,0,0,26
380,0,0,0,0,0,0,0,0,0,13,1,1,0,0,1,0,0,0,0,4,2,0,0,1,0,0,0,0,3,0,0,0,0,7,35,0,1,0,0,0,0,0,0,0,0,0,0,0,0,0,0,0,0,0,0,0,0,0,0,0,4,0,0,0,0,3,0,1,10,0,12,1,0,0,1,0,0,0,1,0,0,0,0,0,4,0,0,0,1,0,6,3,0,0,0,1,0,0,9,0,2,0,0,0,0,0,0,0,0,1,0,0,0,0,0,0,0,0,0,0,0,0,0,0,1,0,0,0,0,3,0,67,0,0,0,0,0,3,0,0,0,0,0,3,0,0,0,0,0,0,0,0,0,0,0,2,0,0,0,0,2,0,1,0,0,0,0,1,0,29,0,0,0,0,0,0,0,0,0,0,0,0,0,0,0,0,0,0,2,0,0,4,0,0,0,1,0,0,0,0,0,0,0,0,0,0,1,1,0,0,0,0,0,0,1,0,2,1,0,0,0,0,0,0,0,0,4,0,0,1,15,0,0,0,0,0,0,0,0,0,1,11,0,1,3,98,0,0,20,0,0,0,0,0,3,3,17,0,0,0,0,2,1,3,0,13,0,0,0,2,1,3,0,3,0,0,0,0,0,0,1,0,0,0,0,0,0,0,0,0,0,0,0,0,0,0,0,0,0,0,0,0,0,5,0,0,5,0,0,0,0,0,0,0,0,0,1,0,0,0,0,0,0,0,0,0,0,8,0,73
381,0,0,0,0,0,1,0,0,2,10,0,0,0,0,0,0,0,0,1,0,5,0,0,2,0,0,0,0,0,0,0,0,0,0,0,0,0,0,0,0,0,0,0,0,3,1,0,1,0,63,0,0,0,0,7,0,0,5,0,0,2,1,0,0,0,6,2,0,8,3,0,0,0,0,1,0,0,0,0,0,0,0,0,0,0,0,0,0,0,0,0,1,2,0,0,0,0,0,0,2,2,0,0,1,0,0,4,0,0,7,0,0,0,3,0,0,0,0,0,0,0,0,0,13,0,3,0,0,0,0,3,0,0,1,1,0,4,0,0,0,2,0,0,2,0,0,0,0,0,0,0,0,2,0,1,0,3,0,0,0,0,0,17,0,2,1,0,1,0,3,1,0,0,0,0,2,0,3,0,0,0,0,0,0,0,0,0,0,0,0,0,0,0,0,0,1,1,0,0,0,0,0,0,7,0,0,0,0,0,1,0,0,0,0,2,4,0,0,0,0,0,0,0,1,1,0,4,11,0,0,2,0,2,0,1,0,0,0,0,0,0,0,0,1,1,0,0,0,0,0,0,0,3,0,0,0,0,0,1,0,0,0,0,0,6,0,0,4,0,0,0,0,0,0,0,0,0,1,0,0,0,0,0,0,0,0,0,0,0,0,0,9,0,0,0,1,0,0,0,0,0,0,0,16,0,0,6,0,0,0,0,0,0,0,0,0,0,0,0,0,0,0,0,0,3,1,0,0,0,70
382,0,0,1,0,1,0,0,7,0,0,0,0,2,0,0,0,0,1,0,2,1,0,0,0,0,1,0,0,0,0,0,0,0,0,0,0,0,0,0,0,0,0,0,0,0,0,0,0,0,6,0,1,0,0,0,0,0,0,0,0,0,0,2,0,0,1,0,0,24,0,0,0,1,2,0,0,1,0,0,0,0,0,0,2,0,0,0,2,0,0,2,4,1,0,0,0,0,0,0,1,5,0,0,0,0,0,0,0,3,0,0,0,0,1,0,0,0,0,0,0,0,0,1,0,0,0,0,0,0,0,0,75,0,0,1,0,0,0,0,0,0,0,1,3,0,0,0,0,0,0,0,0,0,0,14,0,0,3,0,0,2,0,1,0,0,2,0,0,0,0,0,0,0,0,0,12,0,7,0,0,0,5,0,0,0,0,0,0,0,0,0,0,0,0,0,0,0,0,0,0,0,0,0,0,0,0,0,0,0,0,0,0,0,5,20,0,0,0,0,0,0,0,0,3,3,6,1,0,0,0,0,0,0,0,0,0,0,0,0,0,0,1,0,26,0,11,0,0,4,0,0,0,0,0,143,0,20,0,8,0,0,0,1,0,5,0,0,0,0,0,0,0,0,0,10,0,0,0,0,0,2,2,0,0,0,0,6,0,0,0,0,0,7,0,0,0,0,0,6,0,0,0,0,19,0,0,0,0,0,0,2,3,0,0,4,0,0,0,0,0,0,0,0,19,0,0,0,0,0,9
383,0,0,0,0,5,0,0,0,0,15,0,0,0,1,0,0,1,1,0,5,0,0,0,5,0,4,23,0,1,0,0,0,3,33,0,0,0,0,0,0,0,0,0,0,3,0,4,2,0,0,1,3,0,0,0,0,0,0,0,0,2,0,0,0,0,7,0,0,5,0,0,0,0,0,1,0,0,0,0,0,0,0,0,0,0,0,0,0,3,0,3,4,0,0,0,0,0,6,3,0,2,0,0,0,0,0,3,0,0,0,4,0,0,0,0,9,0,0,0,0,0,9,0,0,0,0,0,0,0,0,0,199,0,0,0,0,2,2,0,0,0,0,52,1,1,0,0,0,0,0,0,0,0,0,0,0,4,0,0,0,0,0,3,0,0,1,0,0,0,27,0,2,0,0,1,0,0,0,0,0,3,0,0,0,0,0,0,0,0,0,0,2,0,0,0,5,0,0,0,0,0,0,1,0,1,0,0,0,0,0,4,0,0,0,1,0,0,0,0,0,0,0,0,0,0,0,0,0,0,0,4,0,0,0,0,0,0,0,1,0,0,0,0,1,0,72,15,0,0,0,0,0,0,0,9,0,11,0,0,0,0,0,1,0,8,0,0,0,0,1,0,1,0,0,5,0,0,1,0,0,0,0,0,0,0,0,26,0,0,0,1,2,0,0,0,0,1,0,1,0,0,0,0,20,0,0,4,0,0,1,1,0,0,0,0,2,0,0,0,0,0,0,0,1,0,0,0,6,1,76
384,0,0,0,0,0,0,0,0,0,20,0,0,0,0,0,0,0,0,6,0,0,0,2,2,0,0,0,0,0,0,0,0,0,0,1,0,0,0,0,0,0,0,0,0,0,0,0,0,4,1,0,0,0,0,0,4,0,0,0,0,18,0,4,0,0,0,29,0,11,0,0,0,0,0,0,4,0,0,0,3,0,0,0,17,0,0,0,0,0,0,0,1,0,0,0,0,0,0,0,5,2,1,0,5,0,0,0,0,1,18,0,1,6,0,0,0,0,0,0,0,4,0,0,0,0,0,0,0,0,0,0,0,0,0,0,0,4,0,1,0,0,1,0,2,0,0,0,0,0,0,0,0,0,0,0,0,0,0,0,0,1,0,0,1,0,2,0,0,0,0,0,0,1,0,0,2,0,8,5,0,0,0,19,3,0,0,4,0,0,0,0,0,0,0,0,6,1,0,0,0,0,0,0,3,2,0,0,1,0,2,0,1,0,0,1,0,0,0,0,0,0,2,0,0,0,6,0,0,0,1,2,0,8,0,1,0,3,0,0,0,0,0,0,15,0,0,0,0,2,0,0,0,0,0,0,0,0,2,0,0,0,0,1,1,0,0,0,0,0,0,0,1,0,0,1,0,1,0,0,0,7,3,49,0,0,0,0,0,0,5,0,0,0,0,2,0,0,0,0,0,0,1,0,4,0,0,0,0,0,1,0,0,2,0,1,0,0,0,0,0,0,0,0,0,0,44,0,0,0,18
385,0,0,0,0,0,0,0,0,0,8,0,0,0,0,0,0,0,0,0,0,0,2,0,0,0,0,0,0,0,6,0,0,0,0,0,11,0,0,0,0,0,0,0,0,0,0,0,0,0,1,0,1,0,0,0,0,0,3,0,0,11,0,0,0,0,0,29,0,0,0,2,0,0,0,0,2,0,0,0,4,1,2,0,0,0,0,0,0,0,0,0,0,0,2,0,0,0,0,1,18,1,1,0,10,4,0,0,0,0,5,0,1,0,11,4,0,0,0,58,0,0,0,0,0,0,0,0,0,0,0,0,0,0,0,0,1,2,0,0,0,7,0,1,19,0,3,0,0,0,0,0,0,0,1,0,0,0,0,0,0,2,0,1,0,5,5,0,1,0,0,1,0,0,0,2,2,0,0,4,0,0,0,3,2,0,0,0,0,0,0,0,0,0,0,0,11,1,1,0,0,0,0,0,0,0,0,0,0,0,1,0,0,0,0,2,1,0,0,0,0,0,0,0,1,0,0,2,0,0,1,1,0,3,0,0,1,0,0,0,0,0,0,25,30,0,0,0,0,9,1,0,0,0,0,0,0,0,0,0,0,0,0,0,0,0,0,0,4,0,13,3,0,0,0,5,0,0,0,0,0,0,0,0,0,0,0,0,0,0,0,0,0,0,0,0,0,0,0,0,10,0,0,0,8,1,0,0,0,0,6,7,0,0,0,18,0,0,0,0,0,0,0,0,0,0,0,0,0,2,14
386,0,0,0,0,0,1,0,0,0,7,0,0,1,0,0,0,12,0,2,1,2,0,0,0,0,0,0,0,0,0,0,0,2,1,0,0,0,139,0,7,1,0,0,0,0,0,3,0,0,0,0,0,0,0,0,0,1,0,0,0,1,0,0,0,0,3,0,0,6,0,0,0,0,0,0,0,0,0,0,0,0,0,0,7,0,0,6,0,3,0,0,3,0,0,0,0,0,0,12,7,0,0,0,0,0,0,0,0,0,0,0,0,0,6,0,0,0,0,12,0,0,0,0,0,3,0,0,0,0,0,0,78,10,0,0,0,0,0,0,0,0,2,0,2,0,0,0,1,0,0,0,0,0,0,0,0,0,0,0,0,4,0,2,0,0,0,0,0,0,1,2,1,0,0,0,8,0,0,0,1,18,0,0,0,0,3,0,0,0,1,0,0,0,0,0,0,0,0,0,0,0,0,0,2,0,0,0,0,0,0,0,2,0,0,3,0,0,0,0,0,6,0,0,0,3,2,0,0,0,0,0,0,0,1,0,0,0,2,0,0,0,3,0,31,0,7,1,0,2,0,0,0,0,0,61,0,7,0,0,0,0,0,0,0,2,0,0,0,0,11,0,0,0,0,12,0,0,0,0,0,0,5,1,0,0,0,3,0,0,0,0,2,0,0,6,0,0,0,0,0,0,0,0,35,0,0,0,0,0,1,0,2,0,0,0,0,0,0,0,0,0,0,0,0,1,0,2,0,1,13
387,0,3,0,12,0,0,1,2,0,0,1,0,0,0,0,0,0,0,1,7,5,0,0,2,0,3,0,0,0,0,0,44,1,0,0,0,0,0,0,6,0,6,0,0,0,0,0,0,0,0,0,0,0,0,0,0,0,0,0,0,1,0,0,0,0,3,0,0,8,0,13,0,0,0,0,0,0,0,0,0,0,0,0,4,0,0,0,0,4,0,5,1,0,0,0,0,0,0,15,0,0,0,0,0,0,0,0,0,0,0,0,0,0,1,5,0,0,1,1,0,0,5,0,0,2,0,0,0,0,0,0,120,0,0,0,0,0,0,2,0,0,0,0,2,0,0,0,1,0,0,0,0,0,0,0,0,2,2,0,0,3,0,7,0,0,1,0,0,0,11,0,0,0,6,1,1,0,0,0,0,1,0,1,0,0,0,0,0,0,0,0,0,0,0,0,2,0,0,0,0,0,0,0,0,0,1,0,0,1,0,0,0,0,0,2,0,0,5,0,0,5,0,0,0,0,0,0,0,0,0,9,0,0,0,8,0,0,0,0,0,0,0,0,1,2,22,19,0,15,0,0,0,0,0,6,3,24,0,1,0,4,0,1,0,2,9,0,17,0,0,0,3,0,4,2,0,0,0,0,0,1,0,0,1,0,0,0,0,0,0,0,0,0,0,0,0,0,0,0,0,0,0,0,13,1,0,0,0,0,0,0,1,0,3,0,0,0,0,0,0,0,0,0,0,0,0,2,0,0,28
388,0,0,0,0,3,0,0,0,0,6,0,0,0,0,2,1,0,0,5,1,0,0,0,4,0,0,0,2,0,4,0,0,1,0,0,3,0,4,0,0,0,0,0,0,0,0,0,0,0,1,0,0,0,0,0,0,0,5,0,0,0,0,0,0,0,1,7,0,21,1,0,0,0,0,0,0,0,0,0,1,0,4,0,0,0,0,1,0,2,0,1,1,0,3,0,0,0,0,0,3,2,3,24,0,0,0,0,0,1,0,0,0,0,1,0,0,0,0,0,0,0,0,0,0,0,0,8,0,0,0,0,23,0,0,0,0,0,0,1,2,0,0,1,12,1,0,0,0,0,0,0,0,0,0,0,0,0,2,0,0,0,0,0,2,0,1,0,2,0,2,0,0,0,1,1,0,0,0,0,0,2,0,4,1,0,0,0,0,1,0,0,0,0,0,0,14,0,0,0,2,0,0,0,0,0,0,0,0,1,0,0,0,4,0,1,0,0,0,0,0,2,0,0,0,0,0,0,3,4,0,2,0,0,0,0,1,0,0,0,0,0,2,0,14,0,3,0,0,2,2,0,0,1,5,5,0,0,0,7,0,0,0,2,0,0,10,0,7,0,2,0,0,0,0,2,0,0,0,0,0,0,2,53,0,0,0,0,0,0,0,0,0,0,0,3,0,0,0,0,0,0,0,0,11,0,0,0,0,0,5,0,0,0,0,9,1,0,0,0,0,0,0,0,0,1,14,0,0,3,86
389,0,0,0,0,0,1,0,0,0,0,0,0,0,0,0,0,0,0,0,1,0,0,0,1,0,7,0,0,0,0,0,6,0,0,0,0,5,0,0,0,0,0,0,0,0,0,0,0,6,17,0,0,1,0,8,11,1,0,0,0,0,4,0,0,0,2,1,0,16,0,0,0,0,0,0,0,0,0,0,4,2,0,0,0,0,0,0,0,0,0,0,7,0,0,0,0,0,0,0,7,0,0,0,0,0,0,0,0,0,38,0,0,0,3,0,0,0,0,0,1,0,0,0,0,0,3,0,0,0,0,1,0,0,0,6,0,0,0,0,0,0,0,0,0,0,0,0,0,0,0,0,0,1,0,0,0,0,0,0,1,0,0,14,0,0,0,0,0,0,0,0,0,0,0,1,10,0,0,0,2,0,7,3,1,0,0,0,0,0,0,0,0,0,0,0,0,0,0,0,0,2,0,0,1,0,0,0,0,2,0,0,0,0,0,13,16,0,0,0,0,0,0,0,0,0,7,0,0,0,0,0,0,1,0,0,0,0,0,0,0,0,0,14,44,0,2,0,0,1,0,2,0,0,0,0,1,0,1,0,0,2,0,0,0,15,0,0,10,0,0,0,0,0,0,3,3,0,0,0,0,5,8,0,1,0,0,0,4,0,0,0,0,0,0,0,0,0,0,0,0,0,0,0,10,0,0,0,0,0,0,28,1,0,0,8,0,0,0,1,0,0,0,0,0,0,0,0,0,0,10
390,1,0,0,0,6,0,0,0,1,5,0,0,0,0,0,0,0,0,0,8,0,0,0,1,0,0,0,0,0,0,0,0,2,0,0,0,0,0,0,0,0,4,0,0,0,0,0,0,0,0,0,0,0,0,0,0,2,10,0,0,0,1,0,0,0,2,0,0,3,1,0,0,0,3,0,0,2,0,4,0,0,0,0,2,0,0,8,0,1,0,4,2,0,1,0,0,0,0,26,0,1,1,1,0,0,0,0,0,0,0,0,0,0,1,0,0,0,0,3,0,4,0,0,0,0,0,0,0,0,0,0,101,0,0,0,0,1,2,0,2,1,0,0,5,3,0,0,3,0,0,0,0,0,0,0,0,0,1,0,0,0,0,0,0,0,0,0,1,0,7,1,0,0,23,0,2,0,0,0,0,0,0,0,0,0,0,0,0,1,1,0,0,0,0,0,0,0,0,0,0,0,0,0,5,0,0,0,0,0,0,0,0,0,0,4,0,0,0,0,5,0,0,0,0,1,0,0,0,0,0,3,0,0,0,5,0,1,0,0,0,0,0,0,1,0,0,0,0,37,0,0,0,0,0,4,0,10,0,0,0,16,0,1,0,2,0,0,0,0,0,0,0,0,0,2,0,0,0,0,0,0,0,0,0,0,0,17,0,0,0,0,0,0,0,6,0,0,0,0,0,0,4,0,18,0,0,0,0,0,0,0,2,23,0,0,0,0,0,0,0,0,0,0,0,0,0,0,9,0,26
391,0,0,0,0,0,0,0,0,4,14,0,0,0,0,8,0,7,0,1,0,0,1,6,20,0,0,0,0,0,0,0,0,0,1,0,0,0,0,0,0,0,0,0,2,10,0,0,0,0,0,0,1,0,0,0,0,0,16,0,0,18,0,0,1,0,1,8,0,5,0,0,0,0,0,0,0,0,0,0,3,0,0,0,4,0,0,4,0,0,0,2,1,0,0,0,0,1,0,3,8,5,0,9,4,0,0,0,0,1,0,0,0,0,2,0,2,0,0,0,0,0,0,0,0,0,0,0,2,0,0,0,30,0,0,0,0,1,0,1,0,0,1,0,47,0,0,0,0,0,0,0,0,0,0,0,0,0,0,0,0,1,0,0,0,24,2,0,2,0,0,0,0,0,0,2,0,0,0,8,2,1,0,0,0,5,0,0,0,0,0,10,0,0,8,1,0,2,0,0,0,0,0,2,0,0,0,0,0,0,0,0,0,0,0,1,0,1,0,0,0,1,0,0,0,0,0,0,0,4,0,0,0,7,0,0,0,0,0,0,0,0,1,0,1,0,5,6,0,0,0,0,0,0,0,0,3,1,0,0,0,1,9,2,0,0,7,0,0,0,0,0,0,0,0,3,0,0,0,0,0,0,2,0,0,0,0,0,0,0,0,0,0,0,0,0,0,0,0,0,0,0,1,0,7,0,0,0,22,0,4,4,0,1,0,5,0,0,0,0,0,0,2,1,0,0,0,0,0,2,23
392,0,0,0,0,0,0,0,0,0,2,0,0,3,0,0,0,12,0,9,1,3,0,0,0,0,18,0,0,0,0,0,0,0,0,0,0,0,0,0,0,0,0,0,0,0,0,3,0,14,12,0,0,0,0,22,0,0,0,1,0,1,0,0,0,0,2,1,0,7,0,0,0,0,1,0,0,0,0,0,14,0,0,0,2,0,0,0,0,0,0,0,1,0,0,0,0,0,0,0,6,0,0,0,0,0,0,0,0,0,4,0,0,0,5,0,0,0,0,5,0,0,0,0,0,0,10,0,0,0,0,0,0,0,0,19,0,0,0,0,0,0,0,0,0,0,1,0,0,0,0,0,0,1,0,14,0,0,0,0,0,0,0,17,0,1,2,0,0,0,0,0,0,0,0,0,20,0,0,1,1,0,0,4,0,0,9,0,0,0,0,0,0,0,0,0,1,1,0,0,0,0,0,0,2,0,0,0,0,0,1,0,0,0,0,15,7,0,0,0,0,4,0,0,0,3,6,0,0,0,4,0,0,0,0,0,0,1,5,0,0,0,0,0,31,0,0,0,0,2,0,0,0,1,0,0,0,0,0,0,8,0,5,0,0,0,0,0,0,0,0,0,1,0,0,8,3,0,2,0,0,0,3,0,0,1,0,0,0,0,0,0,0,0,0,0,10,0,0,3,0,0,0,0,6,0,0,0,0,1,0,0,1,0,0,8,0,0,0,0,0,0,0,0,4,0,0,0,0,0,4
393,2,0,0,0,0,0,0,0,0,4,0,0,0,0,0,0,4,0,0,3,0,0,0,11,0,0,0,0,0,0,0,0,2,0,0,0,0,0,0,0,0,0,0,0,5,0,0,0,0,0,0,0,1,0,0,0,0,0,0,0,24,0,0,1,0,0,0,2,10,0,0,0,0,0,0,0,0,0,0,0,0,0,0,0,0,0,0,0,0,0,0,1,0,2,0,0,0,0,3,2,2,2,9,0,5,0,0,0,1,0,0,0,0,12,0,0,0,0,0,0,0,0,0,1,0,0,0,0,1,0,0,23,0,0,0,0,0,0,0,0,0,0,0,29,0,0,0,0,0,0,0,0,0,0,0,0,0,0,0,0,0,0,0,0,0,1,0,1,0,1,0,0,0,0,4,0,0,3,0,0,1,0,0,0,0,0,0,4,0,0,14,0,0,0,1,0,0,0,0,0,0,0,2,0,7,0,0,0,0,0,3,0,0,0,3,0,0,1,0,0,0,0,0,0,0,0,0,0,0,0,0,0,0,0,0,0,0,0,0,0,0,0,0,15,0,13,16,0,2,2,0,0,0,0,2,0,1,0,0,1,0,0,3,0,0,0,0,0,0,0,8,0,0,0,1,0,0,0,1,0,0,0,0,0,0,0,0,24,0,0,0,0,0,0,2,0,0,0,0,0,0,0,0,10,0,0,0,0,0,0,0,2,0,0,4,0,0,0,0,0,0,0,0,1,0,0,0,0,2,92
394,0,0,0,0,0,0,0,0,0,4,0,0,1,0,3,0,0,0,25,3,0,0,0,1,0,0,0,0,0,0,0,15,5,0,3,0,0,60,0,0,0,0,0,0,0,0,0,0,7,0,0,0,0,0,0,5,0,0,0,0,1,0,0,0,0,1,0,0,24,0,0,0,3,0,0,1,0,0,0,0,1,0,0,0,0,0,0,0,2,0,1,9,0,0,0,0,0,0,1,0,0,0,0,0,0,0,0,0,0,0,0,0,0,1,0,0,0,0,0,0,0,0,3,0,0,0,0,0,0,0,0,215,0,0,0,0,0,2,0,0,0,1,0,2,0,0,0,0,0,0,0,0,0,1,0,6,10,0,0,0,2,0,1,0,0,0,0,0,0,1,0,0,0,2,0,9,0,0,0,0,0,0,0,0,0,0,0,0,1,0,0,0,0,0,0,0,0,0,2,0,0,0,0,0,0,0,0,0,0,0,0,0,0,0,8,0,0,0,0,0,0,0,0,2,0,0,0,0,0,0,0,2,0,0,0,0,0,0,0,0,0,0,0,13,0,4,0,0,0,1,0,0,0,0,32,0,0,0,0,0,0,5,0,0,3,0,0,0,0,0,0,0,0,0,16,0,0,0,0,0,3,0,0,0,0,0,0,0,0,0,5,0,0,1,0,0,0,0,0,0,0,0,0,8,0,0,0,0,0,0,11,2,0,1,0,0,0,0,0,0,0,2,0,0,0,0,0,0,0,6
395,0,0,0,0,0,0,0,2,0,1,0,0,0,0,0,0,33,3,0,1,0,0,2,12,2,0,0,0,0,0,0,0,1,0,1,0,0,5,0,0,0,0,0,0,0,0,0,0,4,0,0,0,0,0,0,0,0,0,0,0,56,0,0,0,0,0,0,0,17,4,0,0,0,0,0,0,0,0,0,2,0,0,0,5,0,4,0,0,0,4,1,1,0,0,0,0,0,0,1,0,0,0,0,0,0,2,2,0,3,0,0,0,0,16,0,1,0,0,0,0,1,0,0,0,0,0,5,0,1,0,0,6,0,0,1,1,0,0,0,0,0,0,0,5,0,0,0,0,0,0,0,0,0,1,0,0,0,0,0,0,0,0,0,0,18,2,0,0,0,1,0,0,0,0,6,0,0,0,5,1,0,0,0,0,0,0,1,5,0,0,0,0,0,6,0,0,0,0,0,3,0,0,0,0,0,1,0,0,0,0,0,0,0,13,0,0,0,0,0,0,0,2,0,1,1,0,0,0,0,0,1,0,2,0,0,0,0,2,0,0,0,2,0,13,0,4,5,0,9,0,0,0,0,0,0,5,2,0,0,0,0,0,2,0,0,3,0,11,0,0,0,0,0,3,0,5,1,0,0,0,0,7,0,0,1,0,0,0,0,0,0,0,0,0,0,0,0,0,0,0,0,0,0,5,0,0,0,0,0,1,10,1,2,0,2,0,0,0,0,0,0,0,0,0,0,0,0,0,3,4
396,0,0,0,0,0,1,12,0,0,5,0,0,1,0,0,0,0,5,32,0,2,1,0,0,0,0,0,0,0,0,0,6,6,0,0,0,0,0,1,0,2,0,0,0,0,0,4,0,26,4,0,0,0,0,0,0,1,0,0,0,0,0,5,0,0,0,0,0,23,0,0,0,0,0,0,0,0,0,0,0,0,0,0,2,0,0,10,0,12,0,3,2,1,0,0,0,0,0,3,3,4,0,0,0,0,1,0,0,0,0,0,0,0,1,4,0,0,0,6,0,0,0,0,0,0,4,0,0,0,0,0,65,0,0,0,0,0,2,0,6,0,0,0,4,0,1,0,0,0,0,0,0,0,0,0,0,0,0,0,0,5,1,1,0,0,1,1,0,0,0,0,0,0,0,0,28,0,0,0,0,15,0,0,0,0,0,0,0,0,0,1,0,0,0,0,0,0,1,0,1,2,0,0,0,0,0,0,0,0,0,0,0,0,0,0,0,0,0,0,0,0,0,0,0,1,0,2,0,0,0,0,3,4,1,0,0,0,0,3,2,2,0,0,28,0,4,0,0,0,0,0,0,0,0,20,0,23,0,0,0,2,0,1,1,0,0,0,0,0,0,0,0,1,0,9,0,0,0,0,0,0,3,0,0,0,0,8,0,0,0,0,1,0,0,0,0,0,0,0,0,0,0,0,30,0,0,0,0,0,0,0,0,0,0,0,2,0,0,1,1,0,1,0,0,0,0,2,0,0,7
397,0,1,15,0,0,1,0,2,0,13,0,0,0,3,0,0,0,0,0,0,7,0,0,0,0,1,27,0,0,0,0,0,0,0,0,0,0,0,0,0,0,10,0,0,0,1,0,0,0,0,1,0,5,0,6,0,0,0,8,0,0,0,5,0,0,6,3,0,0,2,0,0,0,0,0,0,0,0,0,0,0,0,0,0,0,1,0,0,0,0,0,0,0,0,0,0,0,19,0,2,3,0,0,0,0,0,0,0,0,0,0,0,1,1,2,0,0,0,0,0,3,0,1,0,0,2,0,0,0,0,3,0,0,0,0,0,3,0,0,0,0,0,0,0,4,0,0,1,0,0,5,0,16,0,1,3,4,0,0,0,1,0,10,0,0,0,0,1,0,3,0,0,0,0,0,1,0,0,0,0,0,0,0,0,0,0,1,9,0,0,0,0,0,3,0,1,1,0,0,0,0,0,0,0,0,0,0,0,0,0,0,0,0,0,2,0,0,9,0,0,16,0,0,1,0,0,0,0,0,0,5,0,0,0,0,0,0,0,0,0,1,2,0,2,0,0,0,2,0,0,0,0,0,0,0,0,2,0,0,0,0,0,0,0,1,0,0,2,3,0,0,0,0,0,2,0,0,0,0,0,0,0,0,2,0,0,0,0,0,0,0,0,0,0,9,0,0,0,0,0,0,0,0,8,0,0,0,0,0,0,0,0,0,0,0,0,1,0,0,6,0,0,0,0,0,0,0,0,0,39
398,0,0,0,1,0,0,0,0,0,8,0,0,1,0,0,0,0,0,10,1,2,2,0,0,0,8,0,0,0,0,0,2,0,0,0,2,0,0,0,0,0,0,0,0,0,1,0,0,0,7,5,0,2,0,16,5,0,0,0,0,2,0,0,0,0,1,1,0,0,2,0,0,0,0,0,0,0,8,0,2,0,0,0,0,0,0,0,2,0,0,0,0,0,0,0,0,0,0,0,12,14,0,0,0,0,0,0,0,0,0,0,0,0,4,0,0,0,0,0,0,6,1,0,0,0,4,0,0,0,0,0,0,2,0,3,0,0,0,0,9,0,0,1,0,0,0,0,0,0,0,0,0,1,0,0,2,0,0,0,0,2,0,6,0,0,1,0,0,0,0,0,0,0,0,0,0,0,4,1,1,0,0,0,0,0,0,0,0,0,0,0,0,0,0,0,1,0,0,0,0,0,0,0,2,0,0,0,0,0,0,0,0,0,5,10,0,0,3,0,0,11,0,0,0,3,0,0,0,0,0,0,4,4,0,0,0,3,0,3,0,0,0,4,34,0,1,0,0,1,3,0,0,0,0,17,1,0,0,0,0,0,0,0,0,19,0,0,10,0,0,0,1,0,0,23,0,6,0,0,0,0,0,0,1,0,0,2,0,0,0,0,0,0,0,0,0,0,0,8,0,0,0,0,10,0,3,1,0,0,0,11,5,4,0,8,0,0,0,1,0,0,0,0,17,0,0,0,0,0,6
399,0,0,6,0,0,0,0,0,1,0,0,3,0,0,0,6,0,0,0,7,1,1,0,2,0,1,17,0,0,0,0,0,1,0,0,0,0,0,0,5,1,0,0,0,0,0,0,1,0,0,0,0,0,0,0,0,0,0,2,4,2,0,0,0,0,0,0,0,4,0,13,0,0,0,0,0,0,0,1,0,0,0,0,0,0,0,0,4,2,0,5,1,0,0,0,0,0,5,6,1,3,0,0,0,0,0,0,0,0,0,0,0,0,1,0,0,0,0,0,0,8,0,0,0,0,0,0,0,0,0,0,32,0,0,0,0,0,0,0,1,0,0,45,2,2,0,0,0,2,0,0,0,0,0,0,0,0,0,0,1,2,0,4,0,0,1,0,1,0,22,0,0,0,0,0,1,0,0,0,0,1,0,0,0,0,0,0,0,1,0,0,0,0,0,0,0,1,0,0,0,0,0,0,0,0,0,1,0,0,0,0,0,1,5,4,3,0,0,0,0,0,0,0,0,1,0,0,0,0,1,2,0,0,0,0,0,0,0,1,0,0,9,0,3,5,180,11,0,13,0,0,0,0,0,1,0,16,0,0,0,18,0,1,0,11,4,0,0,5,3,0,0,0,0,4,0,0,0,0,0,0,0,0,0,0,0,23,0,0,0,0,0,0,0,0,0,0,0,0,0,0,0,0,14,0,0,0,0,0,0,1,0,0,3,0,0,0,0,0,5,0,0,0,4,0,0,2,6,1,48
400,0,0,0,1,0,2,0,0,0,6,0,0,0,0,0,0,33,0,0,1,2,0,0,0,0,0,0,0,0,0,0,0,0,0,0,0,9,0,0,0,0,0,0,0,0,0,0,0,0,0,0,0,0,0,0,0,0,0,1,0,0,0,0,0,0,1,0,0,20,0,0,0,0,0,0,0,0,0,0,0,0,0,0,1,0,0,0,0,8,0,2,1,0,0,0,0,2,0,3,9,5,0,0,0,0,0,0,2,3,16,0,0,0,3,0,0,0,0,0,0,0,0,0,0,0,0,1,0,0,1,0,99,6,2,0,0,0,0,0,4,3,0,0,1,0,0,0,0,0,0,0,0,0,0,0,2,0,0,0,0,2,0,2,0,0,0,0,0,0,0,1,0,1,0,0,18,0,0,0,0,47,0,4,1,6,2,0,0,0,0,0,0,0,0,0,1,0,0,0,0,0,0,0,0,0,0,0,0,0,0,0,0,0,0,19,2,0,0,0,0,0,2,0,0,0,0,0,0,0,0,0,0,0,0,0,0,0,0,0,0,4,4,0,18,0,3,0,0,2,0,0,0,0,0,15,0,8,0,0,0,0,0,0,2,0,0,0,9,0,0,0,0,0,0,41,0,0,0,0,0,0,15,0,0,0,0,0,0,0,0,5,4,7,0,0,0,0,0,11,0,0,0,0,22,0,0,0,0,1,0,4,2,0,0,0,5,1,0,0,0,0,0,0,0,0,0,0,0,0,7
401,0,0,0,0,0,0,0,0,0,42,0,0,0,0,5,0,0,2,0,14,2,0,0,5,0,0,0,0,0,0,0,0,1,15,0,0,0,0,2,0,0,5,0,0,0,0,0,0,0,21,0,0,0,0,0,0,0,3,0,0,0,0,2,0,2,6,0,1,16,0,0,0,0,0,0,0,0,0,0,0,0,0,0,9,3,0,0,0,1,0,0,1,2,0,0,0,0,0,2,0,1,0,0,0,0,0,0,0,0,0,0,2,0,2,0,0,0,0,1,0,0,0,0,0,0,0,0,0,0,0,0,46,0,1,1,0,0,0,0,2,0,0,37,2,3,0,0,0,0,0,0,0,5,0,0,0,0,0,0,0,0,0,6,0,0,0,0,0,0,5,2,6,0,0,1,1,0,0,0,0,1,0,0,0,0,0,0,0,0,0,0,0,0,0,0,4,0,0,0,0,0,0,0,0,0,0,0,0,0,0,0,0,0,0,5,0,0,0,0,11,0,0,1,0,0,0,0,0,0,0,15,0,1,0,0,0,0,0,0,0,0,8,0,0,0,68,21,4,0,0,1,0,1,0,1,0,0,1,0,0,0,0,1,0,4,8,0,0,0,0,0,0,1,1,3,0,0,0,0,1,0,0,0,0,3,0,12,0,0,0,0,2,0,0,0,0,2,0,0,0,0,0,0,28,0,0,0,0,0,0,1,1,0,0,0,0,0,0,0,0,2,0,0,0,8,0,0,0,1,89
402,0,0,0,0,0,1,0,0,0,3,0,0,0,0,0,0,0,0,8,0,1,0,0,0,0,0,5,0,0,0,0,0,0,0,0,0,0,0,0,6,0,0,0,4,0,0,0,0,0,0,0,0,0,0,5,0,0,0,0,0,1,4,0,0,0,2,2,0,0,0,0,0,0,0,0,0,1,0,0,4,0,0,0,0,0,1,0,0,0,0,0,0,0,0,0,0,2,2,0,1,0,0,0,0,0,0,0,0,0,33,0,0,0,5,0,0,0,0,0,0,0,0,0,0,2,2,0,0,0,0,0,0,11,0,0,0,0,0,24,0,1,6,2,0,0,0,0,0,0,0,0,0,0,0,0,0,0,0,0,5,2,0,21,0,0,0,1,0,0,0,0,0,0,0,1,21,0,0,1,1,0,3,0,0,0,0,0,0,0,0,0,0,0,0,0,1,0,0,0,0,1,0,0,0,0,0,0,0,0,1,0,0,0,0,9,0,0,0,3,0,0,0,3,3,2,0,1,2,0,0,0,0,0,0,0,0,2,0,0,0,0,0,28,26,0,0,0,7,1,0,0,0,0,0,9,0,9,0,6,5,0,0,0,0,12,0,0,0,0,32,0,0,0,0,12,0,0,0,28,0,3,3,0,3,0,0,0,0,0,0,0,0,0,0,0,0,0,0,0,0,0,0,0,4,0,0,0,9,0,0,11,1,0,0,3,0,2,0,1,0,0,0,0,0,0,0,0,0,0,9
403,0,0,0,0,0,0,0,0,0,16,0,2,0,1,0,0,0,0,0,4,0,0,0,4,2,0,0,0,0,0,0,0,0,3,0,1,0,10,0,0,0,1,2,0,0,0,0,1,0,0,1,0,0,0,0,4,1,0,0,0,0,0,0,0,0,0,0,0,5,1,0,0,0,0,0,0,0,0,0,0,0,0,0,9,0,1,0,0,0,0,1,1,0,0,0,0,0,8,1,0,0,1,0,2,8,0,3,0,0,0,2,0,0,4,0,0,0,0,0,0,14,0,0,0,0,0,0,0,0,0,0,24,0,0,0,0,0,0,0,5,0,0,0,3,0,0,0,0,0,0,3,1,0,0,0,2,0,0,0,0,0,0,0,1,0,2,0,0,0,0,0,3,0,0,2,1,0,2,0,2,0,0,0,0,4,0,0,0,0,0,0,0,0,0,0,10,0,0,0,0,0,0,0,0,0,0,0,0,0,0,0,0,0,0,5,0,0,0,0,0,0,1,0,0,0,0,0,0,0,0,0,0,0,4,0,0,0,0,0,0,0,1,0,9,1,7,0,0,6,0,0,0,0,0,2,0,0,0,0,1,0,0,3,0,0,6,0,0,3,0,0,0,0,0,4,1,1,0,0,0,3,2,0,1,0,0,0,0,0,0,0,0,0,0,1,0,0,0,0,0,0,2,0,5,0,0,0,0,0,2,21,1,0,0,0,0,0,0,0,0,0,0,0,0,0,0,0,0,5,41
404,0,0,0,0,3,0,0,0,0,34,0,0,0,0,1,0,0,0,0,2,1,0,0,2,0,0,0,0,0,0,0,0,2,8,0,0,0,0,0,0,0,3,0,2,0,0,0,0,2,0,0,0,15,0,5,0,1,0,2,0,0,0,0,0,0,11,0,0,9,1,0,1,0,7,0,0,0,0,0,0,0,0,0,0,0,0,3,0,2,0,4,1,0,0,0,0,1,0,9,1,0,0,0,0,0,0,0,0,0,0,0,0,0,1,0,0,2,0,0,0,9,0,0,0,0,0,0,0,0,0,0,73,0,0,0,0,0,0,0,0,0,0,0,5,3,0,0,0,0,0,0,0,0,0,0,0,0,0,0,0,3,0,3,0,0,0,0,0,0,38,1,0,0,8,0,1,0,0,0,0,0,0,0,0,0,0,0,0,1,0,0,0,0,0,0,3,1,0,0,0,0,0,0,0,0,1,0,1,2,0,0,0,0,0,0,0,0,0,0,0,0,0,0,0,0,0,0,0,0,0,3,0,0,0,0,0,0,0,0,0,0,9,0,1,0,60,0,0,0,0,0,0,0,0,0,0,0,1,0,0,6,0,2,0,16,0,0,0,0,3,0,0,0,6,16,0,0,0,0,0,0,0,17,0,0,0,0,0,0,0,0,2,0,0,0,0,0,0,0,1,0,0,0,25,0,0,6,0,0,0,1,0,0,2,0,2,0,0,0,0,0,0,0,0,0,0,2,0,1,28
405,0,0,1,0,0,0,0,0,0,0,0,0,0,0,10,0,13,0,0,1,1,0,0,0,0,0,0,0,0,0,0,0,0,0,0,0,0,0,0,0,0,2,0,4,0,0,5,3,35,0,3,0,0,0,6,0,0,0,0,0,1,0,0,0,1,3,0,0,38,0,0,0,0,0,0,0,0,0,0,0,0,0,0,4,0,0,0,0,5,0,5,3,1,0,0,0,0,0,1,2,7,0,0,0,0,0,1,0,0,0,0,0,0,8,0,6,0,0,0,0,0,0,1,0,0,0,0,0,0,0,0,32,25,2,0,0,0,0,0,6,0,0,3,0,0,0,0,0,0,0,0,0,0,1,0,0,0,0,0,0,6,0,1,0,0,2,0,0,0,1,2,0,0,0,0,10,0,0,0,1,0,5,5,0,0,0,0,0,1,0,0,0,0,0,0,0,0,0,0,0,0,0,0,0,0,0,0,0,0,0,0,0,0,0,12,0,0,0,0,0,0,0,0,0,1,0,3,0,1,0,0,0,0,0,0,0,0,3,0,0,0,2,0,18,0,4,0,0,6,0,0,0,0,9,0,1,9,0,0,0,2,0,0,0,0,0,0,0,0,0,0,0,0,0,15,0,0,1,0,0,0,12,0,0,0,0,2,7,0,0,0,0,0,0,4,0,0,0,0,0,0,1,0,19,0,3,0,0,0,0,0,6,0,0,1,0,2,0,0,0,0,0,0,0,0,0,4,0,0,17
406,0,0,0,0,0,0,0,0,2,40,0,0,0,0,1,0,0,0,0,2,0,2,0,1,0,0,0,0,0,0,0,15,0,5,0,0,0,0,6,0,0,6,0,0,0,0,0,0,0,0,0,0,0,0,0,0,0,0,4,0,1,0,0,0,0,14,0,0,11,1,0,0,1,0,0,0,0,0,0,0,0,0,0,6,0,0,1,0,0,0,7,0,0,1,0,0,1,7,5,0,1,5,1,0,0,0,3,0,0,0,0,0,0,0,0,0,0,0,0,0,0,0,0,4,0,0,0,0,0,0,0,46,2,0,1,0,0,2,1,0,0,0,25,1,0,0,0,0,0,1,0,16,0,0,1,0,0,0,0,2,5,0,0,0,0,1,0,0,0,13,0,0,0,0,0,0,0,0,0,0,2,0,2,0,0,0,0,0,0,0,1,0,0,0,0,0,0,0,0,0,0,0,0,0,1,0,0,0,0,0,0,0,0,10,4,0,0,0,0,0,0,0,0,0,0,0,0,0,0,0,3,0,0,0,8,1,0,0,2,0,0,5,0,1,0,99,0,0,31,6,0,0,0,31,1,4,2,0,0,0,4,0,0,0,15,18,0,9,3,0,0,0,0,0,0,0,0,0,0,0,1,0,0,0,0,0,20,0,0,1,0,0,0,0,8,0,0,0,0,0,0,0,0,11,0,0,0,0,0,0,0,1,0,0,0,0,0,0,1,0,0,0,0,6,0,0,0,5,1,33
407,0,0,0,0,0,0,0,0,0,5,0,0,0,2,0,0,0,0,5,0,1,0,0,5,0,0,0,0,0,0,0,0,0,0,0,0,3,3,0,0,0,0,0,1,0,1,2,0,0,0,0,0,0,0,7,0,2,3,1,0,0,0,0,0,0,1,14,0,6,0,2,0,0,0,0,0,0,0,0,1,0,0,0,0,0,0,0,0,0,0,0,1,1,0,0,0,1,0,0,11,0,0,0,3,0,0,0,0,0,15,0,0,0,10,0,0,0,0,0,0,0,0,0,0,0,0,0,0,0,0,0,0,0,0,1,0,0,0,0,0,5,0,0,0,0,0,0,0,0,0,0,0,0,0,0,1,0,0,0,0,1,0,1,0,0,1,0,1,0,0,0,0,0,0,2,1,0,1,4,2,0,0,0,0,0,0,1,0,0,0,0,0,0,3,0,9,0,0,0,0,0,0,0,0,0,0,0,0,0,2,0,0,0,0,4,0,0,0,0,0,0,0,0,0,1,1,0,0,3,0,0,0,42,0,0,2,5,0,0,0,0,0,0,3,0,0,0,0,5,0,0,0,0,0,0,0,1,0,0,0,0,0,1,1,0,0,0,0,7,0,0,3,2,0,2,0,0,0,0,0,0,0,0,1,0,0,1,0,0,0,0,0,5,0,0,16,0,0,0,0,0,0,0,3,0,0,0,0,0,1,4,0,0,3,13,0,0,0,0,0,0,1,1,0,0,0,0,0,0,16
408,0,0,0,0,0,0,0,1,0,27,0,0,0,0,0,5,0,0,0,0,6,0,0,2,0,0,21,0,0,0,0,0,0,0,12,0,0,0,0,0,0,0,0,0,0,0,0,0,0,0,0,0,0,0,0,1,0,0,0,0,1,0,5,0,0,6,4,0,2,0,12,0,0,0,1,0,7,0,0,0,0,0,0,0,0,0,0,2,1,0,0,1,0,0,0,0,0,0,0,2,5,0,0,0,0,0,0,0,0,2,0,1,0,1,0,0,0,0,0,0,0,0,0,0,0,0,0,7,0,0,15,0,0,0,0,0,0,0,1,0,0,0,0,0,0,0,0,0,0,1,0,0,3,0,0,0,0,0,0,1,0,0,23,0,0,0,0,1,0,0,0,0,0,0,0,1,0,0,0,0,1,0,4,0,0,0,0,14,0,0,0,0,0,0,0,3,0,16,0,0,0,0,0,34,0,0,0,0,0,1,0,0,0,0,1,3,0,0,0,0,0,0,1,1,1,0,2,0,0,0,4,0,1,0,6,0,0,0,0,0,0,0,2,2,0,0,0,0,36,0,0,0,0,0,0,0,0,0,0,0,0,0,0,0,5,0,0,0,0,0,0,0,0,0,0,0,0,0,0,3,1,0,0,3,0,0,0,0,1,0,0,2,0,0,0,0,0,0,0,0,3,0,1,9,0,0,0,0,0,1,0,0,0,0,0,0,1,0,0,0,0,0,0,0,10,1,0,0,0,35
409,0,0,0,0,0,0,10,0,0,7,0,0,0,0,3,0,0,0,0,1,2,0,0,2,0,0,0,0,0,0,0,0,2,0,0,0,0,0,0,0,0,1,0,0,0,0,0,0,0,0,0,1,0,0,9,0,0,0,0,0,1,4,0,0,0,0,0,0,5,0,0,0,0,0,0,0,0,5,0,0,0,0,0,0,0,0,0,0,4,0,2,6,0,0,0,0,0,0,0,11,10,0,0,0,0,1,1,0,2,32,1,0,0,4,0,0,0,0,0,0,0,0,9,0,0,0,0,0,0,2,0,53,0,0,6,0,0,0,0,0,1,0,0,0,0,1,0,0,0,0,0,0,0,0,14,0,0,1,0,0,0,0,1,0,0,1,1,0,0,0,0,0,0,0,0,3,0,0,0,0,0,0,0,0,0,6,0,0,0,0,0,0,0,0,0,1,0,0,0,0,0,0,0,0,0,0,0,0,0,0,0,0,0,0,2,0,0,0,0,0,7,1,0,0,1,0,0,0,0,0,1,0,0,0,2,0,0,1,0,0,0,0,0,18,0,8,1,0,1,2,0,0,1,0,12,0,0,0,0,4,2,0,1,0,0,0,0,0,0,59,1,0,2,0,0,2,0,3,0,0,3,4,0,0,0,0,0,0,0,0,0,3,7,0,0,0,0,0,0,0,0,0,0,1,0,0,0,0,0,0,4,0,0,0,3,0,0,0,0,0,0,0,0,2,0,0,0,0,1,5
410,0,0,0,0,0,1,0,0,0,5,0,0,0,0,0,0,0,0,0,2,0,1,0,0,0,0,0,0,0,0,0,0,2,0,4,0,0,0,0,12,1,0,0,0,0,0,0,0,0,0,6,0,0,0,0,0,1,0,0,1,0,0,0,0,0,1,0,0,16,0,0,0,0,0,0,0,0,0,0,1,0,0,0,0,0,0,0,1,9,0,1,3,0,0,0,0,1,0,1,5,0,0,0,0,0,1,0,0,0,0,0,0,0,1,2,0,0,0,0,0,4,1,0,0,0,0,0,0,0,0,0,63,0,0,0,0,0,0,0,6,0,0,0,2,0,1,0,1,0,0,0,0,0,0,0,0,0,0,0,0,3,1,2,0,0,0,0,0,0,1,1,0,0,0,0,1,0,0,0,0,0,0,0,0,0,0,0,0,0,0,0,2,0,0,0,0,0,0,0,0,0,0,0,1,0,0,2,0,0,0,0,2,0,0,3,0,0,1,0,0,4,0,0,0,4,0,0,2,0,0,0,0,0,0,0,0,0,0,5,1,0,2,0,39,0,2,1,4,5,4,0,0,0,0,42,0,32,0,0,0,0,0,1,1,0,0,0,8,0,0,0,0,0,0,0,0,0,0,0,0,5,0,0,0,0,0,0,0,0,0,0,0,0,0,0,2,0,0,0,0,0,0,0,10,0,0,0,0,0,0,9,4,0,0,6,0,0,0,0,0,0,0,0,4,0,0,0,0,0,7
411,0,0,0,0,0,0,0,1,2,13,0,0,0,0,0,0,0,0,0,0,7,0,0,2,0,1,0,0,0,1,0,0,0,0,0,0,4,23,0,0,0,2,0,0,0,0,2,0,0,32,0,2,0,0,4,1,0,0,0,0,1,0,0,2,0,4,6,0,7,0,0,0,0,2,2,0,0,0,0,0,0,0,0,1,0,0,0,0,0,0,0,1,0,1,0,0,0,0,0,0,0,0,0,0,0,0,0,0,0,2,0,1,0,4,5,0,3,0,1,0,5,0,0,0,1,0,0,0,0,0,0,0,0,1,0,1,0,0,0,0,0,0,0,2,0,0,0,0,0,1,0,0,12,0,1,0,0,0,0,1,0,0,31,0,0,1,0,0,0,6,0,0,0,0,0,2,0,0,0,0,0,0,0,0,0,0,0,0,0,0,0,0,0,0,0,0,0,0,0,0,0,0,0,18,0,0,1,0,0,0,0,0,0,0,1,2,0,0,0,17,0,0,0,1,0,1,4,0,0,0,0,0,0,0,0,0,0,0,0,0,0,0,0,2,0,0,0,0,4,0,0,0,0,0,1,0,0,0,0,0,0,0,2,1,20,7,0,0,4,0,0,2,0,0,2,1,0,0,0,2,0,0,25,2,0,0,0,0,0,0,0,0,2,0,0,0,0,0,2,0,1,0,0,13,0,0,0,0,0,0,0,1,0,0,1,2,0,0,0,0,1,0,0,0,5,0,0,0,0,89
412,0,0,0,0,0,0,0,0,0,23,0,0,0,0,0,0,0,0,17,2,0,0,2,11,5,0,0,0,0,0,0,2,0,4,1,0,4,0,0,0,0,0,0,1,0,0,2,0,0,0,0,0,0,0,19,0,0,0,1,0,16,0,0,0,0,0,6,2,7,1,0,0,0,0,0,3,3,0,0,0,0,0,0,8,0,0,5,0,2,0,1,1,0,2,0,0,0,0,1,8,0,3,0,0,0,0,0,0,0,0,0,1,0,4,0,0,0,0,0,0,0,0,0,0,0,0,0,1,0,0,0,6,0,0,0,0,4,0,1,0,0,0,1,0,0,1,0,2,0,0,0,0,0,0,0,0,1,0,0,0,0,0,0,0,0,2,0,0,0,3,0,0,0,0,1,1,0,0,0,0,1,0,0,0,0,0,0,0,0,0,0,0,0,0,0,0,0,0,1,6,0,0,0,0,0,2,0,0,0,0,0,0,0,0,2,0,0,0,0,0,0,0,0,1,0,0,0,6,0,0,0,0,0,0,0,0,7,0,0,0,1,0,0,8,0,19,0,0,8,0,0,0,0,0,0,0,1,0,0,0,0,0,3,1,0,3,0,0,0,0,0,5,0,2,2,0,0,2,1,0,4,2,0,0,0,0,2,0,0,0,0,0,0,0,3,13,0,0,0,0,0,0,0,6,0,0,0,0,0,2,0,1,0,0,7,0,0,0,0,0,0,0,0,0,0,0,0,0,8,90
413,0,0,0,1,0,0,0,0,0,6,0,0,1,0,1,0,0,4,6,1,3,0,0,1,0,8,0,0,0,0,0,0,1,1,0,0,0,0,0,2,1,0,0,1,0,0,0,0,0,3,2,0,0,0,3,4,0,0,1,0,0,0,0,0,0,1,1,0,10,0,0,0,0,1,0,0,0,0,0,0,0,0,0,2,0,0,7,0,2,0,0,0,0,0,0,0,0,2,1,2,0,0,0,0,0,0,0,0,0,14,0,0,0,2,0,0,0,0,0,0,10,0,3,0,0,0,0,0,0,1,0,61,7,0,0,0,0,0,0,9,0,0,0,2,1,0,0,2,0,0,0,0,0,0,6,2,4,0,0,0,3,0,2,0,0,2,0,0,0,1,0,0,0,12,0,2,0,0,0,0,9,3,0,0,0,0,0,0,0,0,0,4,0,11,1,1,0,0,1,0,0,1,0,0,0,0,2,0,0,0,0,0,0,6,8,0,0,0,0,1,0,0,7,0,0,0,0,2,0,0,0,0,0,0,0,0,0,0,0,0,0,0,0,21,0,9,0,0,3,0,1,0,2,0,35,0,33,0,0,0,3,0,0,0,3,2,0,0,0,0,0,0,3,0,13,0,0,0,18,0,5,5,0,0,0,0,5,0,0,1,0,0,0,0,0,0,0,0,7,0,0,0,0,29,1,0,0,0,0,0,20,3,0,1,2,1,0,0,0,0,0,0,0,0,3,0,2,0,1,2
414,0,0,0,1,0,1,0,2,0,3,8,0,0,0,0,0,0,0,14,0,3,0,0,0,0,0,0,0,0,1,0,0,0,0,2,2,0,0,0,0,0,0,0,0,0,0,0,0,17,4,0,0,0,1,4,1,0,0,0,0,1,0,0,0,0,0,1,0,3,0,0,0,0,0,0,1,0,0,0,0,0,0,0,0,0,1,0,2,0,0,3,3,0,0,0,0,2,0,0,8,25,0,0,1,0,0,0,0,0,0,0,0,0,0,0,0,0,0,0,0,0,2,0,0,0,2,0,0,0,2,0,0,0,0,0,0,0,0,0,2,0,3,2,0,0,0,1,0,0,0,0,0,1,1,0,0,0,0,0,0,3,0,8,0,0,0,0,0,0,0,0,1,0,0,1,9,0,12,1,1,0,0,0,0,0,0,0,0,0,0,2,0,0,0,0,1,0,0,1,0,0,0,0,1,0,0,0,0,0,0,0,0,0,0,27,0,0,0,0,0,7,0,0,0,3,3,3,0,0,0,0,2,2,0,0,0,0,0,0,0,0,0,0,27,0,0,0,0,2,0,0,0,0,0,20,0,0,0,0,0,0,0,0,0,12,0,0,0,0,0,0,0,0,0,0,0,0,0,0,0,3,0,0,0,0,0,0,0,0,0,0,5,0,0,0,7,1,0,0,0,0,0,0,5,0,0,0,0,0,0,0,2,0,0,4,0,0,0,0,2,0,0,0,0,0,0,0,0,0,8
415,0,0,0,0,0,0,27,0,0,7,0,0,0,0,0,0,0,0,7,1,0,0,0,0,0,0,0,0,0,2,0,21,2,0,4,0,5,47,0,0,0,0,0,0,0,0,0,0,1,6,0,1,0,0,0,0,0,1,0,0,3,0,0,0,0,3,0,0,19,0,5,0,0,0,0,0,0,0,0,0,0,0,0,5,0,0,0,1,4,0,0,4,0,0,0,0,0,1,1,3,0,0,0,0,0,0,0,1,1,15,0,0,0,2,15,0,0,0,0,0,4,0,0,0,0,0,0,0,0,0,0,127,5,0,0,0,0,0,0,18,2,0,2,2,0,0,0,0,0,0,0,24,0,0,0,0,0,0,0,0,6,0,0,0,0,1,0,0,0,1,0,0,0,9,0,22,0,9,0,0,8,0,0,0,0,0,0,1,0,0,0,0,0,0,0,1,0,0,0,0,0,0,0,0,0,0,2,0,0,0,0,0,0,0,10,0,0,0,0,0,4,0,8,4,3,0,0,0,0,1,0,0,0,0,0,0,0,0,0,0,1,2,0,17,0,2,0,0,0,0,0,0,0,8,56,0,0,0,5,0,1,2,0,0,2,0,0,4,0,0,0,0,0,0,49,0,0,0,0,0,5,2,0,0,1,0,0,0,0,0,0,0,0,0,0,0,1,0,0,0,0,0,0,11,0,0,0,0,0,0,0,1,0,0,2,2,0,0,0,0,0,0,0,6,2,0,0,0,0,6
416,0,0,0,0,1,0,0,0,0,21,0,0,0,0,0,0,0,0,11,0,1,0,7,1,0,0,0,0,0,0,0,0,0,0,0,0,4,7,0,0,0,0,0,0,31,0,0,0,0,0,0,0,0,0,4,0,0,7,0,0,4,0,0,0,0,2,29,0,11,0,0,0,0,0,0,0,0,0,5,3,0,0,0,2,0,0,0,0,1,0,0,1,1,0,0,0,0,0,0,8,0,1,0,14,0,0,0,0,1,17,0,0,0,14,0,0,0,0,11,0,0,0,0,0,0,0,0,0,0,15,0,0,0,0,0,0,7,18,2,0,0,0,0,0,0,22,0,0,0,0,0,0,0,0,0,0,0,0,0,0,0,0,1,1,42,0,0,0,0,1,0,0,0,1,5,0,0,0,11,0,0,0,0,0,0,0,1,0,0,0,0,0,0,0,0,12,1,0,0,0,0,0,3,2,0,0,0,1,0,1,0,0,0,22,3,0,0,0,0,0,0,0,1,0,1,18,1,0,1,0,1,0,4,0,0,0,0,0,0,0,0,0,0,27,0,0,0,0,5,0,0,0,1,0,0,0,0,0,0,0,0,0,0,0,0,0,0,0,0,25,3,0,0,0,0,0,3,0,0,0,0,2,112,1,1,0,0,0,0,0,1,0,3,0,0,0,0,0,0,0,0,5,0,4,0,0,0,0,1,3,4,0,0,0,0,0,0,0,0,0,0,0,0,0,0,21,0,0,0,46
417,0,0,1,0,0,3,0,0,1,16,0,0,0,0,0,0,12,0,0,0,2,1,0,0,0,0,0,0,5,0,0,0,3,0,0,0,5,0,0,0,1,4,0,0,0,0,0,0,0,23,0,0,0,0,0,5,0,0,0,0,1,5,0,0,0,1,2,0,5,0,0,0,0,0,0,3,0,26,0,3,0,0,0,0,0,0,0,0,2,0,0,3,1,0,0,0,1,0,0,7,13,0,0,0,0,0,0,0,0,0,0,0,0,7,5,0,0,0,0,0,0,0,0,0,3,2,0,0,0,0,0,9,0,0,0,0,0,2,0,0,0,0,0,1,0,0,0,0,0,0,0,6,1,0,0,0,4,3,0,2,0,0,9,0,0,2,0,0,0,0,0,0,0,1,0,7,0,34,0,0,0,0,0,1,0,0,0,0,0,0,0,0,0,0,0,3,0,0,0,0,0,0,0,1,0,0,0,0,0,0,0,2,0,3,0,0,0,0,0,0,3,1,0,8,4,2,0,0,0,0,0,0,6,0,0,0,0,0,0,0,3,0,0,25,0,1,0,0,5,0,0,0,0,0,19,0,0,0,0,27,2,0,0,0,5,0,0,0,0,0,1,0,0,0,0,2,0,0,0,0,1,0,0,1,0,0,0,0,0,0,0,0,0,0,0,0,0,0,0,0,0,0,0,12,0,0,0,0,0,0,8,0,0,1,7,0,0,0,0,0,0,3,0,0,0,0,0,0,0,8
418,0,0,0,0,0,0,0,0,0,0,0,0,3,0,0,0,0,0,11,3,0,0,0,0,0,0,0,0,2,0,0,0,2,0,0,0,1,0,0,4,0,0,0,0,0,0,0,0,17,0,0,0,3,0,0,0,0,0,0,0,1,0,0,1,0,2,0,0,15,0,0,0,0,1,0,0,0,13,0,0,0,0,0,1,0,0,0,0,7,0,1,4,1,0,0,0,0,2,7,0,0,0,0,0,0,0,0,0,2,0,0,0,0,3,0,0,1,0,0,0,0,0,0,0,0,0,2,0,0,0,0,35,3,0,0,0,0,0,0,0,2,0,3,2,0,0,0,0,0,0,0,0,0,0,15,0,0,0,0,1,0,0,2,0,1,0,0,0,0,0,1,0,0,3,0,11,0,0,0,0,0,5,0,1,7,0,0,0,0,0,3,0,1,0,0,2,0,2,0,0,0,0,0,0,0,0,0,0,0,0,0,0,0,0,6,0,0,0,0,0,0,0,0,0,0,0,1,2,0,0,0,0,0,0,0,0,0,0,0,0,0,2,0,45,0,7,0,3,0,0,0,0,0,9,38,0,6,0,8,0,4,0,1,0,0,0,0,0,0,0,0,0,2,0,16,4,0,1,0,0,2,0,0,1,0,0,1,5,0,0,0,0,0,0,0,8,0,0,4,0,0,0,0,18,0,0,0,0,0,0,0,2,0,0,5,0,0,0,0,0,4,0,0,0,2,0,5,0,0,2
419,0,0,1,0,0,0,0,0,0,5,0,0,1,0,0,0,0,0,8,0,5,0,0,0,0,6,0,1,0,2,0,0,0,0,0,0,0,0,0,0,0,0,0,0,0,0,0,0,0,2,0,0,0,0,0,0,0,0,0,0,3,0,0,0,0,2,1,0,15,0,0,0,4,0,0,0,0,0,0,0,1,0,0,0,0,0,0,0,5,0,2,0,0,0,0,0,0,0,0,5,32,0,0,0,0,0,0,0,0,22,0,0,0,5,0,3,0,0,0,0,2,1,0,0,0,7,0,0,0,0,0,0,0,0,0,0,0,0,0,3,0,1,0,0,0,0,0,0,0,0,0,0,1,0,0,0,0,0,0,0,0,0,3,0,1,0,0,0,0,0,0,0,2,0,0,4,0,0,2,1,0,0,0,0,0,0,1,2,0,0,3,0,0,0,0,3,0,0,0,0,0,0,0,0,0,0,0,0,0,0,0,0,0,6,15,2,0,0,0,0,0,0,0,4,1,0,0,0,0,0,0,5,4,0,0,0,1,0,0,0,3,3,0,42,0,0,0,0,0,0,0,0,0,0,0,1,7,0,0,2,0,0,0,3,0,0,0,0,0,0,0,0,2,0,16,0,0,0,0,0,2,4,0,1,0,0,0,0,0,0,0,0,13,0,0,0,0,0,0,0,0,0,0,8,0,0,0,0,6,0,0,0,0,0,1,0,1,0,0,0,1,0,0,0,1,1,0,0,0,9
420,0,0,38,0,5,0,0,0,0,48,0,0,0,0,1,0,0,0,0,0,1,0,0,1,0,0,0,0,0,0,0,0,0,5,0,0,0,29,0,0,0,5,0,0,8,0,6,3,0,38,0,0,0,0,0,0,0,0,0,5,0,0,4,0,0,1,4,0,1,0,0,0,0,0,1,0,0,0,0,0,0,0,0,0,0,1,0,0,0,0,0,1,0,0,0,0,0,0,0,0,2,0,1,0,0,0,0,0,0,0,0,0,1,2,0,1,0,0,0,0,0,0,0,0,0,1,0,1,0,0,0,0,1,1,0,0,3,0,0,0,0,0,0,0,0,0,0,1,0,0,0,19,13,0,0,0,0,0,0,0,5,0,24,0,0,1,0,1,0,0,0,0,0,0,0,1,1,0,0,0,1,0,0,0,0,0,0,7,0,0,0,0,0,0,0,0,0,27,0,0,0,0,0,9,2,0,0,0,0,0,15,0,0,0,4,2,0,0,0,0,0,0,0,1,0,0,7,13,0,0,4,0,1,0,0,1,0,0,0,0,0,2,0,2,0,6,0,2,8,0,1,0,0,0,0,0,7,1,0,0,0,0,0,0,3,4,0,11,0,1,0,1,0,0,0,0,1,1,0,0,0,0,0,2,5,0,23,0,0,0,0,0,0,0,0,0,2,0,0,0,0,0,0,7,0,0,11,0,0,0,0,1,0,0,2,2,0,0,0,0,0,0,0,0,0,1,2,0,0,33
421,2,0,0,0,0,0,0,0,0,6,0,2,0,0,2,1,0,0,15,5,0,0,0,14,3,0,0,0,0,0,0,0,1,3,1,0,3,12,0,0,0,0,0,0,0,0,2,1,0,0,0,0,0,0,2,0,0,0,0,0,0,0,0,0,0,0,0,0,6,1,1,0,0,0,0,5,0,0,1,0,0,0,0,8,0,0,0,0,1,0,1,1,0,0,0,0,1,0,0,2,1,1,5,0,5,0,4,0,1,0,0,0,0,1,0,0,0,0,0,0,0,0,0,0,0,0,0,0,1,0,0,20,0,0,0,0,0,0,0,0,0,0,0,14,0,0,0,0,0,1,3,0,0,0,0,0,0,0,2,0,0,0,0,0,0,1,0,0,0,1,1,0,0,0,6,0,0,0,3,0,4,0,5,0,13,0,0,0,0,0,0,0,0,0,0,24,0,0,2,0,0,0,0,0,0,0,0,0,1,1,0,0,0,0,2,1,0,3,0,0,0,2,0,0,0,0,2,0,0,0,1,0,10,0,0,0,0,0,0,0,0,0,0,6,0,3,0,0,12,0,0,0,0,0,2,0,3,0,0,0,1,0,2,0,0,2,0,0,0,0,0,0,0,1,2,0,0,0,0,0,0,1,0,0,0,0,0,0,0,0,0,0,0,0,0,0,0,0,0,0,0,0,0,5,0,0,0,18,0,0,0,1,0,0,13,0,0,0,0,0,0,2,0,0,0,0,0,0,3,10
422,0,0,0,0,0,0,0,0,0,0,0,2,0,0,2,0,0,0,5,1,1,0,0,3,4,0,0,0,0,4,0,0,0,0,0,0,0,0,0,0,0,1,0,0,0,2,3,0,0,0,0,0,0,0,2,0,0,0,0,0,11,0,3,0,0,1,8,0,6,0,0,0,0,0,0,2,0,0,0,1,0,0,0,8,0,0,0,0,0,0,0,1,0,0,0,0,0,0,0,10,1,2,0,4,4,0,0,0,0,14,0,0,7,4,0,0,0,0,0,0,2,0,4,0,0,0,8,0,0,0,0,0,0,0,0,0,4,27,0,0,0,0,0,7,2,0,0,0,0,0,0,0,0,0,8,0,0,1,0,0,0,0,0,0,0,0,0,0,0,0,0,0,0,0,0,0,0,0,0,0,0,0,4,1,0,0,0,0,0,0,0,0,0,0,0,0,0,0,0,0,0,0,0,2,5,0,1,0,0,1,0,2,0,0,3,0,0,0,0,0,0,1,0,1,0,2,1,0,1,0,1,0,1,0,0,1,0,1,0,0,0,0,0,25,0,1,0,1,0,0,0,0,0,0,0,0,0,0,0,0,0,0,1,0,0,0,0,0,0,13,0,0,0,0,1,0,0,1,0,0,1,1,0,0,0,0,0,0,0,0,0,0,0,0,0,0,0,0,0,0,0,0,0,7,0,0,1,0,0,9,22,0,2,0,5,0,0,0,0,0,0,3,0,0,1,13,0,0,0,14
423,0,0,0,0,0,0,0,0,0,25,0,0,0,0,0,0,0,0,10,4,0,0,0,12,0,0,0,0,1,0,0,1,1,0,0,0,0,0,0,0,1,0,0,0,0,0,0,0,0,0,0,0,0,1,0,5,0,12,0,0,2,0,0,0,0,0,0,0,17,0,0,0,0,0,0,1,0,0,0,1,0,0,0,7,1,0,2,0,2,0,0,1,0,0,0,1,0,0,1,20,5,1,0,3,3,0,0,0,0,0,0,1,0,2,0,2,0,1,0,0,0,0,0,0,0,0,0,0,0,0,0,8,0,0,0,0,0,0,0,0,6,0,0,5,1,0,0,0,0,0,0,0,0,0,0,0,0,0,0,0,1,0,0,0,0,2,0,0,1,1,2,0,0,0,2,0,0,7,0,0,0,2,0,0,0,0,0,0,0,0,14,0,0,7,1,8,1,0,0,1,0,0,0,0,0,1,0,0,0,0,0,0,0,15,5,0,0,0,0,14,0,0,0,0,0,0,0,0,0,2,1,0,0,4,0,0,0,0,0,0,0,3,0,12,0,1,0,0,3,0,1,0,0,1,1,0,1,1,0,0,1,0,7,0,0,10,0,0,0,0,0,0,0,1,2,0,1,0,0,0,1,0,0,0,0,0,0,0,0,0,0,0,0,0,0,0,0,0,4,0,0,0,0,1,0,0,0,0,0,0,0,1,0,0,16,0,0,0,0,0,0,0,0,0,0,0,0,0,2,45
424,0,0,0,0,8,0,0,0,0,0,0,0,0,0,2,7,1,0,0,3,1,0,0,1,0,2,0,0,0,0,0,0,0,11,12,0,3,0,0,0,0,0,0,4,0,0,0,0,2,0,0,2,0,0,2,0,0,0,0,0,1,0,0,3,0,1,1,0,3,0,0,1,0,0,0,0,0,0,0,0,0,0,0,2,0,0,0,0,0,0,7,1,0,1,0,1,0,0,9,0,0,3,0,0,0,0,7,0,0,0,0,0,1,1,0,0,0,0,0,0,0,0,0,0,0,0,0,0,0,1,0,66,0,0,0,1,1,0,0,0,0,0,51,3,0,0,0,0,0,1,0,0,0,0,0,4,0,0,0,0,0,0,3,0,0,0,13,0,0,18,0,0,0,9,0,3,0,0,0,0,1,0,0,8,0,0,0,0,0,0,0,5,0,0,0,4,0,0,0,0,0,0,0,0,1,0,1,0,1,0,0,0,0,8,7,0,0,0,0,9,0,0,0,0,0,0,0,6,0,0,14,0,0,0,0,0,0,0,0,0,0,0,0,2,8,45,23,0,9,0,0,1,0,0,2,0,6,0,0,0,3,0,1,0,0,14,0,0,0,0,0,0,0,9,15,0,0,0,1,0,0,0,3,0,0,0,0,0,0,3,0,0,0,0,14,0,0,0,0,0,0,0,0,16,0,0,0,0,0,0,0,1,0,0,1,0,0,0,0,0,0,0,0,0,0,0,0,0,4,78
425,0,0,0,0,0,0,0,0,0,0,0,0,0,0,0,0,0,4,0,0,0,0,0,0,0,0,0,0,0,1,0,15,3,0,5,0,13,0,0,0,0,0,0,0,0,0,0,2,23,0,0,0,0,0,0,0,0,1,0,0,1,6,0,0,0,1,0,0,27,0,0,0,0,0,0,0,0,9,0,0,0,0,0,0,0,0,7,0,2,0,3,5,0,0,0,0,2,0,8,2,22,0,0,0,0,0,0,2,1,0,0,0,0,0,0,0,0,0,0,2,0,0,6,0,0,0,0,0,0,0,0,94,0,0,0,0,0,1,0,6,0,0,0,0,0,0,0,0,0,0,0,6,0,1,0,0,0,0,0,0,2,0,2,0,0,1,0,0,0,1,0,0,1,0,0,9,0,0,0,0,32,4,0,0,0,13,0,0,0,0,1,0,0,0,0,0,0,0,0,0,0,0,0,1,0,0,0,0,0,0,0,0,0,0,13,0,0,0,0,0,2,0,0,0,1,0,0,1,0,0,0,2,0,0,0,0,0,1,0,0,0,4,0,10,0,6,0,0,4,0,2,0,1,0,55,0,0,1,5,0,3,10,0,0,8,0,0,3,0,0,0,0,0,0,18,0,0,0,0,0,0,6,1,0,0,0,2,0,0,1,0,0,0,0,0,0,0,0,0,0,0,0,0,5,0,0,0,0,0,0,8,3,0,0,3,1,0,0,0,0,3,1,0,0,0,0,0,0,0,15
426,0,0,11,0,0,0,0,1,0,20,0,0,0,1,1,0,0,2,0,5,0,5,0,3,0,0,0,0,3,0,0,16,0,36,101,0,7,0,0,0,0,0,0,2,0,0,0,0,0,0,0,0,0,0,0,0,0,0,0,0,2,0,0,0,1,0,0,0,9,0,0,0,0,0,0,0,3,0,1,0,0,0,0,2,0,0,0,0,1,0,4,3,0,0,0,0,0,0,37,0,1,0,0,0,1,0,0,0,0,0,0,0,0,1,0,1,0,1,0,0,5,0,0,0,0,2,0,0,0,0,0,68,0,0,0,0,0,0,0,0,0,0,88,2,0,0,0,0,0,0,0,0,0,0,0,1,0,3,0,1,0,0,2,0,0,1,0,0,0,26,0,0,0,0,2,0,0,1,0,0,1,0,0,6,0,0,0,0,0,0,0,6,0,0,0,2,0,0,1,0,0,0,0,0,1,0,0,0,0,0,0,0,0,0,0,0,0,9,0,0,0,0,0,0,0,0,0,0,0,0,4,0,0,0,0,0,0,0,0,0,0,4,1,2,0,48,0,0,21,0,0,0,0,11,4,0,6,0,0,0,7,0,2,0,6,0,0,0,0,0,0,0,0,0,6,0,0,0,1,1,0,0,0,0,0,0,0,0,4,0,0,0,0,0,0,4,0,0,0,0,1,0,0,20,0,0,0,0,0,0,0,1,0,0,1,0,0,0,0,4,0,4,0,0,0,0,0,0,1,110
427,0,0,0,0,0,0,0,0,0,6,0,0,2,0,0,0,0,0,0,0,2,0,0,0,1,0,0,0,0,1,0,4,0,0,0,3,7,0,0,0,0,4,1,0,0,1,0,0,0,5,0,1,0,0,0,0,2,0,0,0,1,0,0,0,1,2,2,0,33,0,0,0,1,0,0,0,0,0,0,4,0,0,1,3,0,1,0,0,0,0,0,4,0,0,1,0,1,0,2,4,11,0,0,1,0,0,0,0,0,11,0,0,0,4,1,0,0,0,0,0,0,0,0,0,0,0,0,0,0,0,0,0,6,2,0,0,0,0,0,7,0,0,0,0,0,0,0,3,0,0,0,0,2,0,0,0,0,0,0,2,3,0,0,0,0,1,0,0,1,0,0,0,0,6,0,31,0,4,0,0,0,0,4,0,9,0,0,0,0,0,0,0,0,0,0,1,3,0,1,0,0,0,0,1,0,0,0,0,1,0,1,0,0,4,12,5,0,6,0,0,0,1,0,2,0,10,0,0,0,0,0,0,7,0,0,0,5,5,0,0,0,4,0,27,0,0,0,0,0,3,0,0,0,0,0,0,0,0,0,0,0,0,0,0,6,0,0,0,0,0,0,1,0,0,21,1,0,4,0,0,0,3,0,3,0,0,0,0,0,0,5,0,0,0,0,0,0,0,0,0,0,0,0,16,0,4,0,5,0,0,0,2,0,0,8,1,0,0,0,4,0,2,0,0,0,0,0,0,0,7
428,0,0,0,0,1,0,1,0,0,9,0,0,0,0,0,0,0,9,11,3,0,2,0,11,4,0,0,0,0,0,0,0,0,0,2,0,0,0,0,0,0,0,0,0,0,0,0,1,0,0,0,0,0,0,0,0,0,0,1,0,7,0,0,0,0,1,0,2,8,1,0,0,0,0,0,0,0,0,0,0,0,0,0,0,1,4,0,0,1,0,1,1,0,2,0,0,0,0,1,9,0,0,0,0,0,5,2,0,0,0,0,2,0,8,0,0,0,0,0,0,0,0,0,0,0,0,0,0,1,0,0,18,0,0,4,1,0,0,0,1,0,1,1,4,0,0,0,0,0,0,0,0,0,0,0,0,0,0,0,0,0,0,0,0,0,1,0,0,0,1,0,0,0,0,0,1,0,4,3,0,2,0,0,3,0,0,0,2,0,0,0,0,0,0,1,0,0,0,0,0,0,0,0,0,0,0,0,1,0,0,0,0,0,14,2,0,0,0,0,9,0,0,0,0,0,0,0,0,0,0,0,0,0,0,0,0,0,0,0,0,0,0,0,8,0,10,0,1,10,0,0,0,1,0,2,0,2,0,0,0,3,31,1,0,0,4,0,2,0,15,0,0,0,1,6,0,0,0,0,5,1,1,0,0,0,0,0,0,0,0,0,0,0,0,0,0,0,0,0,0,0,0,0,8,0,0,0,0,0,0,10,0,0,0,15,0,0,0,0,0,0,0,0,0,0,0,0,0,0,51
429,0,0,0,0,0,0,0,0,0,6,0,0,0,0,1,0,0,4,12,4,0,0,0,2,3,0,0,0,0,0,0,0,0,4,0,2,0,1,0,0,0,0,0,0,9,0,0,0,0,0,0,0,0,0,4,0,0,0,0,0,0,0,0,0,0,1,6,0,10,0,0,0,0,0,0,0,0,0,0,0,0,0,0,0,0,0,0,0,0,0,0,0,0,2,0,0,0,7,6,0,2,0,0,0,0,0,4,0,0,0,0,0,0,10,0,0,0,0,0,0,0,1,0,0,0,0,0,1,0,0,0,5,0,0,0,1,0,0,0,0,0,0,1,5,0,0,0,0,0,0,0,0,0,0,0,1,0,0,0,0,0,0,0,1,0,3,0,0,0,1,0,3,0,1,0,0,0,0,0,0,0,0,0,0,0,0,0,0,0,0,0,0,0,0,0,26,0,0,0,0,0,0,0,0,0,0,0,0,0,0,0,0,0,0,1,0,0,0,1,0,0,0,1,0,1,0,0,5,0,0,0,0,5,0,0,2,11,0,0,0,0,0,0,8,0,3,0,0,0,0,0,8,0,0,0,0,1,0,0,3,0,0,4,0,0,8,0,0,0,0,0,0,0,0,1,0,0,0,1,0,7,0,0,0,0,0,0,6,0,0,0,0,0,0,0,0,0,0,0,0,0,4,0,4,0,4,0,0,0,1,16,1,0,0,0,0,0,0,0,0,0,2,0,0,0,11,0,0,1,33
430,0,0,0,0,0,0,0,0,0,10,2,0,0,0,0,0,0,0,25,1,0,1,0,0,0,0,0,0,0,0,0,0,0,2,0,0,19,0,0,0,0,0,0,0,0,0,3,0,0,0,7,0,0,0,0,3,0,0,0,0,0,8,0,0,0,2,0,0,22,0,0,0,0,0,0,0,0,0,0,0,0,0,0,4,16,0,0,0,2,0,1,1,0,0,3,0,0,0,8,0,11,0,0,0,0,0,0,0,0,0,0,0,0,2,0,10,0,0,0,0,0,0,5,0,0,0,0,0,0,0,0,31,7,0,3,0,0,1,0,0,1,0,0,1,0,0,0,0,0,0,0,0,0,0,0,0,0,0,0,0,7,0,0,0,0,1,0,0,0,0,0,0,0,8,0,37,0,6,0,0,19,0,0,0,13,0,0,2,0,1,0,0,0,0,0,2,0,0,0,0,0,0,0,0,0,0,0,0,1,0,0,1,0,0,10,1,0,0,2,0,5,0,0,0,1,0,0,2,3,2,0,0,0,0,0,0,0,0,0,1,0,1,0,24,0,4,0,3,11,2,1,1,0,0,38,0,27,0,0,0,0,0,0,1,4,0,0,0,0,0,1,2,2,0,12,0,0,0,0,1,0,0,0,1,0,0,2,0,0,0,0,0,0,0,0,0,0,0,0,0,0,0,0,19,0,0,0,2,0,0,12,0,0,0,2,1,0,0,0,0,0,0,0,0,0,0,0,0,0,11
431,0,0,0,0,4,0,0,0,0,2,1,0,0,0,2,0,0,0,0,8,0,3,0,3,0,1,0,0,0,1,0,24,0,4,0,0,0,0,0,0,0,0,1,0,0,0,0,0,0,0,1,6,0,0,2,1,1,4,0,0,2,0,0,0,0,1,2,0,18,3,0,1,0,0,0,0,0,0,0,0,0,0,0,7,0,0,0,0,1,0,1,2,0,0,0,0,0,0,21,0,1,2,1,0,1,0,0,0,0,0,0,0,1,1,0,0,0,0,0,0,6,0,0,8,1,0,0,0,0,0,0,32,0,0,0,0,0,0,1,0,0,0,13,2,0,0,1,0,2,0,0,0,0,0,0,0,4,0,0,0,4,0,2,0,0,0,4,0,0,15,0,0,0,0,0,1,0,0,0,0,0,0,0,0,0,0,0,0,0,0,0,0,0,0,0,0,0,0,0,0,0,0,0,0,0,0,0,0,0,0,4,0,0,8,2,0,0,1,0,0,0,0,1,0,0,0,0,0,0,0,8,1,0,0,2,0,0,0,0,0,0,0,0,2,0,30,0,0,11,0,0,0,0,3,7,46,0,0,0,0,0,0,1,0,0,5,0,0,0,3,1,0,0,0,4,0,0,0,0,0,0,0,0,0,0,0,35,0,1,3,0,0,0,0,1,0,1,0,0,0,0,0,0,19,0,0,0,0,0,0,0,1,0,0,0,0,0,0,0,0,0,0,0,0,0,0,0,0,1,32
432,0,0,0,0,0,0,0,0,3,23,0,0,0,0,1,0,0,0,0,4,0,0,0,1,0,1,25,0,0,0,0,0,0,19,0,0,5,0,0,0,0,0,0,0,0,0,0,0,0,21,0,0,5,0,0,0,1,0,0,0,0,0,0,0,0,2,0,0,12,0,0,0,0,1,0,0,0,0,0,0,0,1,0,4,0,0,0,0,1,0,0,1,0,0,0,0,0,0,0,0,2,2,0,0,0,0,0,0,0,0,0,1,0,0,0,1,0,0,0,0,0,0,0,21,0,0,0,0,0,0,0,37,0,0,0,0,0,0,0,0,0,0,26,0,0,0,0,0,0,0,0,0,0,0,1,0,0,0,0,0,0,0,5,0,0,1,0,0,0,3,1,3,0,4,1,2,0,0,0,0,1,1,0,0,0,0,0,25,0,0,0,0,0,1,0,2,0,14,0,0,0,0,0,0,1,0,0,0,0,0,0,0,0,0,2,0,0,0,0,0,0,0,0,0,0,0,0,0,0,0,1,0,0,0,0,0,1,0,0,0,0,0,0,1,0,96,0,0,10,0,0,0,0,0,1,0,0,0,0,0,2,0,2,0,6,0,0,0,0,0,1,0,0,0,8,1,0,0,0,2,1,0,0,0,0,0,0,0,1,0,0,0,0,0,0,0,0,0,0,0,0,2,0,7,0,0,0,11,0,0,0,0,0,0,0,0,0,0,0,0,0,0,0,0,0,0,1,0,3,0
433,0,0,0,0,0,0,0,0,0,7,0,1,0,0,0,0,0,0,0,2,0,0,0,2,0,0,0,2,0,0,0,0,0,12,0,0,1,0,0,0,0,0,0,0,0,0,0,1,0,0,0,0,1,1,4,0,0,0,0,0,6,0,0,0,0,0,0,0,8,0,0,0,0,0,0,0,0,1,0,0,0,0,0,9,0,2,2,0,1,0,2,1,0,0,0,0,0,0,2,7,0,0,14,2,0,0,0,0,0,12,0,0,0,3,0,1,0,0,7,0,0,0,0,0,0,0,0,0,0,0,0,0,0,0,0,0,4,0,0,0,0,0,1,12,0,0,0,0,0,0,0,0,0,0,0,1,1,0,0,0,0,0,0,0,0,1,0,2,0,0,3,0,0,1,1,0,0,0,0,0,4,0,0,0,0,0,0,0,0,1,0,0,0,0,0,0,0,0,0,4,0,0,0,4,0,0,0,0,0,0,0,0,0,13,2,0,0,0,0,0,0,0,2,0,0,0,0,0,0,0,0,0,0,0,0,0,0,1,0,0,0,1,0,6,0,6,0,0,8,0,0,0,0,0,2,0,1,0,0,1,1,10,1,0,0,6,0,0,0,0,0,0,0,0,8,0,0,0,0,0,4,5,0,0,0,0,0,0,0,6,0,0,0,0,1,0,0,0,0,0,0,14,0,2,1,0,0,0,0,0,9,0,1,0,2,0,0,0,0,0,0,1,0,1,0,0,0,0,3,63
434,0,0,0,0,0,0,0,0,0,0,1,0,0,0,0,2,0,0,0,5,4,0,0,1,0,0,0,0,0,0,0,0,0,45,0,0,0,0,0,0,0,0,0,0,0,0,0,2,0,0,0,0,0,0,0,0,0,0,4,2,1,0,0,0,1,2,4,1,22,0,0,0,0,0,0,0,0,0,0,0,0,0,0,0,0,0,0,0,3,0,7,1,0,1,0,0,0,0,6,0,0,0,0,0,0,0,0,0,0,0,0,0,0,0,0,0,0,0,1,0,0,0,0,0,0,0,0,0,0,0,0,91,1,0,0,0,0,0,0,1,0,0,69,4,0,0,0,0,0,0,0,0,0,0,0,0,0,0,0,0,3,0,6,0,0,0,0,0,0,28,0,0,0,0,0,0,0,0,0,0,0,0,0,0,0,0,0,8,1,0,0,3,0,3,0,3,0,0,0,0,0,0,0,7,0,0,0,0,0,0,0,0,0,0,1,2,0,7,0,0,0,0,0,0,0,0,1,0,0,0,5,0,0,0,5,0,0,0,0,0,0,0,1,2,0,45,6,2,19,2,0,0,0,2,5,32,0,0,0,0,8,0,1,0,0,6,0,0,0,2,0,0,0,4,3,0,0,0,0,4,0,0,4,0,0,0,33,0,1,0,0,0,1,0,0,0,0,0,0,0,0,1,0,23,0,0,8,0,0,0,0,0,0,0,0,0,0,0,0,6,0,0,0,5,0,0,0,0,0,59
435,0,0,11,0,0,0,0,0,0,10,0,0,0,0,1,0,0,0,0,0,1,0,0,1,0,0,0,0,0,0,0,0,0,0,0,0,14,0,2,0,0,0,0,0,0,0,0,1,0,43,0,0,0,0,0,0,0,0,0,0,1,0,1,0,0,11,2,0,0,0,0,1,0,0,0,0,0,0,0,0,0,0,0,0,0,0,0,0,0,0,0,0,0,0,0,0,0,0,0,0,0,0,0,1,0,0,0,0,0,0,0,0,0,0,0,0,0,0,0,0,0,0,0,0,1,0,0,0,0,0,3,0,0,0,0,0,1,0,0,0,0,0,19,1,0,0,0,0,0,0,0,0,7,0,0,0,0,0,0,0,10,0,26,0,0,1,0,0,0,5,0,0,0,0,0,2,0,0,0,0,0,0,0,0,0,0,0,0,0,0,0,0,0,3,0,0,0,0,0,0,0,0,0,11,0,0,0,0,0,3,0,0,0,0,2,1,0,0,0,1,0,0,0,5,0,1,5,0,0,0,4,0,2,0,0,0,1,0,0,0,0,0,1,1,0,0,0,0,85,0,0,1,0,12,0,0,0,0,0,1,8,0,0,0,6,9,0,0,0,0,0,0,0,0,1,0,0,0,1,3,0,1,0,5,0,0,0,0,0,0,0,0,0,0,0,2,0,0,0,0,0,2,0,4,0,0,5,0,0,0,1,1,0,0,0,0,0,0,0,0,0,0,0,0,0,0,5,0,0,37
436,0,0,0,0,0,1,0,0,0,14,0,0,0,0,3,0,0,0,0,0,1,0,0,0,0,0,0,0,0,0,0,0,0,0,0,0,4,0,0,0,1,0,0,0,0,0,0,0,0,0,0,0,0,1,0,0,0,0,1,1,1,2,0,1,0,0,0,0,8,0,0,0,3,0,0,0,0,0,0,0,1,0,0,6,0,0,0,0,0,0,3,2,0,0,0,0,0,0,8,0,1,0,0,0,0,0,0,2,0,0,1,0,0,2,0,0,0,0,0,0,0,0,3,0,0,0,0,0,0,0,0,43,6,0,0,0,0,0,11,0,0,0,1,2,0,0,0,0,0,0,0,0,0,0,0,0,0,0,0,0,2,0,1,0,0,1,2,0,0,1,0,0,0,0,0,3,0,0,0,0,19,0,0,0,0,0,0,0,0,2,0,0,0,0,0,0,1,0,0,0,0,0,0,0,0,0,0,0,0,0,0,0,0,0,18,0,0,2,0,0,10,0,0,0,2,0,0,0,0,0,0,0,0,0,0,0,0,0,0,0,2,0,0,35,0,2,0,0,1,2,0,0,0,10,0,0,7,0,0,0,0,0,1,0,1,0,0,12,0,0,0,2,0,0,5,0,0,0,0,0,1,6,1,0,0,0,0,0,0,0,0,0,0,0,0,0,0,0,0,0,0,0,0,25,0,0,0,0,0,0,45,2,0,0,1,0,0,0,0,0,0,2,0,0,0,0,0,0,0,8
437,0,0,0,0,0,0,0,0,0,1,0,0,0,0,3,0,0,4,0,0,0,0,0,1,0,7,0,0,0,0,0,0,2,0,0,0,0,0,0,3,0,0,0,0,0,0,0,0,0,0,0,0,0,0,0,0,0,0,2,1,0,3,0,0,1,1,0,0,35,0,2,0,1,0,0,0,0,24,0,3,0,0,0,2,0,0,0,0,5,0,2,2,1,0,0,0,0,0,2,4,8,0,0,0,0,0,0,0,0,0,0,1,0,0,0,0,0,0,0,3,0,0,0,0,3,5,2,0,0,0,0,60,0,0,4,0,0,0,0,0,0,0,1,1,0,0,0,0,0,0,0,5,0,0,8,7,0,0,0,0,0,0,2,0,0,0,0,0,0,1,0,0,0,0,1,17,0,0,0,0,0,0,0,0,0,0,0,1,0,0,0,0,0,0,0,1,1,0,1,1,0,0,0,0,0,0,0,0,0,0,0,0,0,0,6,0,0,0,0,0,0,0,7,0,0,0,0,0,0,4,0,3,0,0,0,0,0,0,0,0,1,0,0,33,0,10,0,0,6,0,0,0,0,7,58,0,15,0,0,0,1,0,0,0,0,0,0,0,0,0,0,0,0,1,32,0,0,0,0,0,4,0,0,0,0,0,6,7,0,0,4,0,0,0,4,0,1,0,0,0,0,0,0,19,0,2,0,0,0,0,0,0,0,0,3,2,0,0,0,0,0,0,0,0,1,0,2,0,0,16
438,0,0,0,0,0,0,0,0,0,9,0,0,0,0,0,0,20,0,0,1,0,1,0,0,0,0,0,0,0,0,0,0,3,4,0,5,11,0,0,0,0,0,0,0,0,0,0,0,0,0,0,1,0,0,13,0,0,0,1,0,2,0,0,1,0,1,0,0,11,0,1,0,0,0,0,0,0,0,0,0,0,0,0,0,0,2,0,0,1,0,1,2,0,0,0,0,0,0,3,0,18,0,0,0,0,0,0,0,2,0,0,0,0,3,0,0,0,0,7,0,0,0,0,0,0,0,0,0,0,0,0,9,9,0,0,0,0,0,0,0,0,10,0,0,0,0,0,0,0,0,0,10,0,0,0,0,0,0,0,0,1,0,0,0,0,1,0,0,0,1,0,0,0,33,0,0,0,0,0,0,0,6,3,0,0,0,0,0,0,0,3,0,0,0,0,3,0,0,0,0,0,0,0,1,0,0,0,0,0,0,0,0,0,0,5,0,0,0,0,0,0,2,0,0,0,0,0,1,0,0,0,0,1,0,0,0,0,5,0,0,0,0,0,17,0,7,0,0,3,3,0,0,0,0,20,0,29,0,0,9,0,0,0,1,5,0,0,0,0,0,1,0,6,0,1,0,0,0,0,0,0,4,0,0,0,0,0,0,0,0,0,0,0,0,0,0,0,0,0,0,0,0,0,20,0,3,0,0,0,0,0,0,0,0,6,0,0,0,0,0,0,0,1,8,0,0,2,0,0,7
439,0,0,0,0,0,0,0,7,0,2,0,0,0,0,0,0,0,4,10,0,0,3,0,4,0,0,0,0,0,5,0,1,0,0,0,0,3,0,0,0,0,0,0,0,0,2,0,0,1,0,1,0,0,0,0,0,1,0,0,0,23,0,0,0,0,2,10,0,1,0,2,0,0,0,0,0,4,0,0,2,0,0,0,0,2,0,0,0,0,0,0,1,0,0,0,0,0,7,1,32,2,0,0,0,0,0,2,0,0,0,0,0,0,2,0,0,0,0,0,0,0,0,0,0,0,0,0,1,0,23,0,4,0,0,0,1,2,0,1,0,0,3,0,0,0,0,0,4,0,0,0,0,0,1,0,0,0,0,0,0,1,0,2,0,3,0,0,0,0,0,0,0,0,0,1,0,0,0,3,0,0,0,0,2,0,0,2,0,0,1,0,0,0,7,0,18,0,0,0,0,0,0,0,1,0,0,2,0,0,2,2,0,0,0,2,0,0,0,0,0,0,0,1,0,0,1,1,0,0,0,1,0,13,0,0,0,0,0,0,0,0,0,0,10,0,0,0,0,0,3,0,0,0,0,0,0,1,0,0,0,0,0,1,1,0,0,0,6,0,0,0,0,0,0,2,0,0,0,0,1,4,1,0,0,0,0,0,5,0,0,0,0,0,0,0,0,0,0,0,2,0,0,0,2,0,0,0,0,0,0,0,0,0,0,32,0,11,0,0,0,0,1,0,0,0,19,0,0,0,7
440,5,0,0,0,0,0,0,0,0,3,0,0,0,0,0,0,0,0,0,1,0,0,0,0,0,0,0,3,0,5,0,0,0,0,0,0,0,0,0,0,0,0,0,0,0,1,0,0,4,0,0,0,2,3,6,0,0,0,0,0,19,0,0,1,0,1,14,0,2,0,3,0,0,0,0,0,0,0,0,0,0,0,0,0,0,0,0,0,0,0,0,1,0,3,0,0,1,6,0,0,3,0,0,2,0,0,0,0,0,87,0,0,0,9,0,0,0,0,0,0,0,0,0,0,0,0,0,0,0,0,1,0,0,0,0,0,3,0,0,0,0,3,0,0,0,0,0,0,0,0,0,2,0,0,0,0,0,0,0,0,2,0,2,0,0,2,0,0,0,1,0,0,0,0,3,1,0,0,0,2,0,0,0,0,0,0,0,0,0,0,0,0,0,0,0,37,0,0,0,0,0,0,0,0,0,0,0,0,0,0,0,0,0,0,3,0,0,0,0,0,0,0,0,0,0,16,1,0,3,0,0,1,24,0,0,6,9,0,0,0,0,0,47,30,0,0,0,0,3,0,0,0,0,0,0,0,0,0,0,2,0,0,0,0,0,0,0,0,0,0,0,4,4,0,1,0,0,1,0,12,0,0,0,0,1,0,0,0,0,0,0,0,0,0,0,11,0,0,0,0,0,0,0,6,1,3,0,0,0,1,26,0,1,0,14,0,0,0,0,0,0,0,0,0,0,0,0,0,0,12
441,1,0,0,0,0,0,1,0,9,22,0,0,0,0,1,0,0,0,0,2,0,0,0,9,0,0,0,0,0,0,0,0,1,2,0,0,5,0,0,0,0,0,0,0,0,0,0,0,0,0,1,0,0,0,0,0,0,0,0,0,5,0,0,0,0,0,0,1,7,2,0,0,0,0,0,0,0,1,0,0,0,1,0,3,0,0,0,0,0,0,0,0,0,3,0,0,0,0,2,0,1,1,0,0,0,0,3,0,0,0,0,0,0,6,0,0,0,1,0,0,0,0,0,0,0,0,0,0,0,0,1,4,0,0,0,0,0,0,0,0,3,0,0,14,0,0,0,0,0,0,0,0,0,0,0,0,0,0,0,0,0,0,0,1,0,0,0,0,0,0,1,0,0,0,2,1,0,0,0,0,1,0,0,0,0,0,0,0,0,0,0,0,0,2,0,23,0,0,0,0,0,0,0,0,0,0,2,0,0,0,3,0,0,0,1,0,0,0,0,0,1,0,1,0,0,0,0,0,2,0,1,0,0,0,1,0,0,0,0,0,0,0,0,20,0,2,0,0,15,3,0,0,0,0,1,4,0,0,3,0,0,0,1,0,0,0,0,0,0,41,0,0,4,0,5,0,0,0,0,0,1,0,0,0,0,0,0,0,0,0,0,0,0,0,0,0,0,0,0,0,0,0,0,12,0,3,0,0,0,0,0,2,1,0,6,0,0,0,0,0,0,0,0,0,0,0,0,0,3,15
442,0,0,0,0,0,0,0,0,0,7,0,0,1,0,0,0,0,0,0,1,3,0,0,0,0,6,1,0,0,0,0,0,0,1,1,0,0,0,0,0,0,0,0,0,0,0,4,0,0,17,4,0,0,0,0,0,0,0,0,1,0,0,0,0,0,0,1,0,3,0,3,0,0,0,0,0,0,0,0,3,0,0,0,0,0,0,0,0,5,0,0,4,0,0,0,0,0,0,0,8,8,0,0,0,0,1,0,0,0,6,0,0,0,2,0,0,0,0,0,1,4,0,1,0,2,5,0,0,0,0,0,0,0,0,0,0,1,0,0,0,0,0,0,0,1,1,0,0,0,0,0,0,1,0,0,0,5,0,0,6,2,0,11,0,0,2,0,0,0,0,0,0,0,5,0,6,0,7,0,2,0,0,0,1,0,0,0,4,0,0,0,0,0,0,0,1,0,0,0,0,0,0,0,1,0,0,0,1,0,0,0,0,0,0,6,1,0,0,5,0,0,0,0,3,3,0,7,1,0,0,0,0,5,0,0,0,0,0,0,0,0,1,37,5,0,2,0,1,3,0,0,0,1,0,0,0,0,1,0,0,0,0,0,0,9,0,0,13,0,0,0,1,0,0,12,0,0,3,0,0,5,3,0,0,1,0,0,0,0,0,2,2,3,0,1,11,0,0,0,0,0,1,0,12,0,0,0,0,0,0,24,1,8,0,5,1,0,0,0,0,0,0,0,0,0,0,2,0,0,1
443,0,0,0,0,0,0,0,0,0,26,0,0,0,2,1,0,0,0,0,2,3,0,0,0,0,0,0,0,0,0,0,0,0,7,0,2,0,0,0,0,0,0,0,0,0,0,0,2,0,0,0,0,0,0,0,0,0,4,0,6,1,0,0,1,0,6,0,0,17,0,10,0,0,0,2,0,0,0,0,0,0,0,0,3,2,0,5,0,0,0,2,2,0,0,0,0,0,0,71,0,3,1,0,0,0,0,0,0,0,0,4,0,0,0,0,0,0,0,0,0,0,0,0,0,0,0,0,0,0,0,0,84,0,0,0,0,0,0,0,0,0,0,0,3,0,0,0,0,0,2,0,0,0,0,0,0,0,0,0,0,3,0,3,1,0,0,1,0,1,5,0,0,0,9,0,1,0,0,0,0,1,0,0,0,0,0,0,0,0,0,0,0,0,0,0,6,0,0,0,0,0,0,0,0,0,0,0,0,0,0,0,0,0,0,1,0,0,0,0,0,0,0,0,1,0,0,0,0,0,0,2,0,0,0,8,0,0,0,0,0,0,0,1,3,0,113,0,0,54,0,0,0,0,0,7,0,7,0,0,0,0,1,1,0,0,8,0,0,0,2,0,2,0,3,2,0,0,0,0,2,2,0,0,1,0,0,41,0,2,0,0,0,0,0,0,0,2,0,0,2,0,3,0,13,0,0,0,0,0,0,0,0,0,0,0,0,0,0,0,0,0,0,0,0,0,0,2,1,1,40
444,0,0,0,0,0,0,0,9,0,22,0,0,0,1,0,0,11,0,0,2,0,0,0,2,0,0,0,3,0,4,0,0,0,0,0,0,0,0,0,0,0,0,0,0,0,0,0,0,0,0,0,0,0,0,0,0,1,0,0,0,18,0,0,0,1,0,0,0,16,0,0,0,0,0,0,0,0,0,3,0,0,0,0,0,0,0,0,0,0,0,0,0,0,1,0,0,0,21,2,6,1,0,0,8,0,0,0,0,0,0,0,1,25,2,0,0,0,0,30,0,6,0,0,0,0,0,0,0,0,0,0,0,0,0,0,0,3,0,1,0,7,0,0,0,1,12,0,0,0,1,0,1,0,0,0,0,0,0,0,0,0,0,0,0,0,1,0,1,0,0,0,0,0,0,1,0,0,0,0,0,1,0,0,0,0,1,1,0,0,0,0,0,0,0,0,0,0,0,0,0,0,0,0,0,0,0,0,0,0,0,0,0,0,0,1,0,0,0,0,0,0,0,0,2,1,0,0,6,0,0,0,0,8,1,0,0,2,1,0,0,0,0,0,15,0,12,0,0,4,0,0,0,0,0,0,0,3,0,0,0,0,0,2,0,0,9,0,0,7,23,0,0,0,0,2,0,0,1,0,0,2,1,57,0,0,0,0,8,0,0,0,0,0,0,0,0,0,0,0,13,0,0,0,2,0,2,0,0,0,8,0,1,1,0,2,0,8,0,0,0,0,0,0,0,0,12,0,0,5,63
445,0,0,1,0,0,0,0,4,0,1,0,0,0,0,0,0,0,0,12,0,1,0,0,0,0,0,0,0,7,1,0,0,0,0,0,0,0,0,0,0,0,2,0,2,0,0,0,0,23,18,0,0,1,0,6,0,0,0,0,1,5,3,0,1,1,3,0,0,0,0,0,0,0,0,0,3,0,0,0,4,0,0,0,0,0,0,0,0,2,0,0,0,0,0,0,0,0,0,0,13,0,0,0,0,0,0,0,0,0,20,0,0,17,0,7,0,0,0,0,0,0,0,0,0,0,4,2,0,0,0,1,0,0,3,0,0,0,1,0,0,0,0,3,1,0,0,0,0,0,0,0,0,2,0,0,4,0,0,0,5,5,0,13,0,0,1,0,0,0,1,0,0,0,4,0,2,0,0,0,0,0,0,0,0,0,0,0,0,0,0,0,0,0,4,0,0,0,0,0,0,0,0,0,0,0,0,0,1,1,1,0,0,0,0,0,1,0,0,0,1,6,0,0,0,5,0,0,0,0,0,0,0,7,0,0,0,0,0,0,0,3,0,0,19,0,0,0,0,0,2,0,0,0,0,0,0,0,0,0,0,1,0,0,0,4,0,0,0,0,0,0,0,0,0,11,4,0,0,0,0,0,5,0,0,0,0,0,0,0,0,0,0,0,0,4,0,0,0,0,0,0,0,0,4,0,0,0,0,0,0,31,1,0,0,4,0,0,0,0,0,0,0,0,0,3,0,0,0,0,10
446,0,0,0,0,0,0,0,11,0,0,0,0,0,0,5,0,0,3,0,0,1,0,1,0,1,0,0,0,0,0,0,0,0,1,2,0,0,0,0,0,0,0,0,0,1,0,0,0,12,0,0,0,0,0,0,0,1,0,0,1,0,0,0,0,2,1,0,0,18,0,0,0,0,0,0,0,0,0,3,0,0,0,0,3,16,0,0,0,7,0,3,1,0,0,0,0,0,0,7,0,0,0,0,0,0,0,0,0,0,0,0,0,0,2,4,0,0,0,0,0,0,0,0,0,0,0,0,0,0,1,0,14,0,0,0,0,0,0,0,0,2,0,2,1,0,0,0,0,0,0,0,0,0,0,0,0,0,0,0,0,1,0,0,0,0,1,1,0,0,0,1,0,0,0,0,11,0,0,1,0,39,0,0,0,0,0,0,0,0,1,0,0,0,0,0,2,0,7,1,0,0,0,0,1,0,0,0,0,0,0,0,0,0,6,5,0,0,2,0,0,0,0,0,0,0,0,0,0,2,0,0,0,0,0,0,0,5,0,0,0,0,0,0,8,0,17,0,0,19,9,0,0,1,0,16,1,7,0,0,0,0,0,1,0,3,0,0,3,0,0,0,0,5,1,46,0,0,0,0,0,3,8,0,0,1,0,7,0,0,0,0,0,0,0,0,4,0,0,8,0,0,1,0,3,1,0,0,0,0,0,0,2,7,0,3,0,0,0,0,0,0,0,0,0,0,0,0,0,1,23
447,1,0,0,0,0,0,0,0,0,6,1,0,0,0,16,0,0,0,0,0,0,0,0,0,0,0,0,0,0,0,0,0,1,1,2,0,4,0,0,0,0,6,0,3,1,0,0,0,0,0,7,0,0,0,0,0,0,0,0,0,0,0,0,0,0,2,0,0,26,0,0,0,0,0,0,0,0,17,0,2,0,0,0,2,0,0,6,0,0,0,2,1,0,0,0,0,2,0,0,0,22,0,0,0,0,0,0,2,0,0,0,0,0,1,0,0,0,0,0,0,0,3,1,0,0,0,0,0,0,0,0,80,0,0,0,0,0,0,0,0,0,0,3,0,0,0,0,0,0,0,0,7,0,0,9,0,0,0,0,0,3,0,2,0,0,1,0,0,0,0,0,0,0,3,0,15,0,0,0,0,22,0,5,0,0,5,0,3,0,0,0,4,0,0,0,0,0,2,0,0,0,0,0,0,0,0,1,0,0,0,0,0,0,2,4,0,0,0,3,0,2,0,0,0,1,0,1,0,2,0,0,0,0,1,0,0,0,0,0,0,0,0,16,23,0,8,0,0,4,0,0,0,0,0,13,0,26,0,0,0,7,0,1,0,0,0,0,0,0,0,0,0,2,0,5,4,0,0,0,0,2,0,0,0,0,0,0,0,0,0,0,3,15,0,1,6,0,0,0,0,0,0,0,5,0,0,0,0,0,0,0,1,0,0,1,0,0,0,0,0,0,5,0,0,1,0,0,0,0,6
448,0,2,38,0,0,0,0,0,0,12,0,0,0,0,0,0,0,3,0,0,0,0,0,1,0,0,0,0,2,1,0,48,0,0,0,4,0,0,0,3,0,0,1,0,0,0,0,0,1,6,0,0,0,0,1,0,0,0,0,0,2,0,0,0,0,2,3,0,6,0,0,0,0,0,0,0,4,0,0,0,0,0,0,0,0,0,0,0,0,0,3,2,0,0,0,0,0,0,10,1,1,0,0,0,0,0,0,0,0,3,0,0,0,1,3,0,0,0,0,0,0,0,0,10,0,1,0,0,0,0,2,0,0,0,0,0,0,0,1,0,0,0,51,0,0,0,0,0,0,0,0,0,0,0,1,0,2,0,0,1,4,0,24,0,0,1,0,1,0,11,0,0,0,0,0,4,0,2,0,1,0,0,0,0,0,0,0,0,1,0,0,0,0,0,0,1,0,0,0,0,0,0,0,7,0,0,0,0,1,0,0,0,0,0,2,0,0,0,0,0,8,0,0,1,1,0,15,0,0,0,2,0,3,0,0,0,0,0,0,0,0,0,0,3,7,0,0,0,0,0,1,0,0,0,0,0,0,0,0,0,0,1,0,0,18,0,0,0,0,0,0,0,0,0,1,0,1,0,0,0,0,0,0,0,3,0,0,0,0,0,0,0,0,1,0,0,0,0,0,2,0,0,0,6,0,0,7,0,0,0,0,0,0,0,2,0,0,0,0,0,0,0,0,0,0,0,0,0,0,28
449,9,0,0,0,0,0,0,13,0,16,0,0,0,0,0,0,0,0,18,0,0,0,0,3,0,0,0,2,0,14,0,0,0,0,1,0,0,3,1,0,0,0,0,0,0,1,0,0,0,0,1,1,0,0,9,0,0,0,0,0,5,0,0,0,0,0,6,0,1,0,0,0,0,0,0,0,0,0,0,3,0,1,0,0,0,0,4,0,0,0,0,1,0,0,0,0,1,0,0,8,2,0,0,6,6,4,0,0,1,40,0,0,0,8,0,0,0,0,0,0,0,0,0,0,0,0,0,0,0,0,0,0,0,0,1,0,5,0,1,0,0,0,0,0,0,0,0,0,0,0,0,1,0,0,0,0,0,0,0,0,2,0,1,1,0,2,0,1,0,0,0,0,0,0,1,1,0,2,0,0,0,0,0,0,0,0,1,0,0,1,0,0,0,0,0,0,0,0,0,0,0,0,0,2,0,0,0,0,0,1,2,0,0,0,2,0,0,0,0,0,0,3,1,0,0,4,2,0,0,1,0,0,15,1,0,1,0,0,0,0,0,0,0,39,0,0,0,0,3,0,0,0,0,0,0,0,0,2,0,3,0,0,0,0,0,0,0,0,0,0,9,0,3,1,0,0,0,0,0,0,6,2,79,0,0,0,0,0,0,0,0,0,0,0,2,0,0,0,0,0,0,0,0,4,0,4,0,39,0,2,10,0,0,0,29,0,0,0,0,0,0,0,0,0,1,12,0,0,0,112
450,0,0,0,0,0,0,0,0,2,19,0,0,0,0,0,0,0,0,0,0,3,0,0,1,0,0,0,0,0,0,0,0,0,7,0,0,0,21,0,12,0,0,0,0,0,1,1,0,1,0,0,0,0,0,1,0,1,0,0,0,1,0,3,0,0,2,3,0,9,0,0,0,0,0,0,0,0,0,0,0,0,0,0,1,0,0,0,0,0,0,0,0,0,1,0,0,0,0,0,1,5,0,0,0,0,0,0,0,0,5,0,0,0,1,4,0,0,0,0,0,0,0,3,9,0,1,0,0,0,0,4,0,0,0,0,0,1,3,0,0,0,0,0,0,0,0,0,1,1,0,6,4,14,0,0,0,0,1,0,0,3,0,20,0,0,1,0,3,0,4,5,0,0,0,0,0,0,2,0,0,1,0,0,0,0,0,0,0,0,0,0,0,0,0,0,3,0,0,0,0,0,0,0,0,0,0,0,1,0,0,0,0,0,0,2,2,0,0,0,18,3,0,0,1,1,0,12,0,0,2,0,0,7,0,5,1,1,0,0,0,0,0,0,2,0,0,0,0,17,0,1,0,0,0,0,0,9,0,0,0,0,0,0,0,3,0,0,4,0,0,0,0,0,0,3,0,1,0,0,0,0,0,0,1,0,0,0,0,0,1,0,0,0,0,0,3,2,0,0,1,0,0,0,15,0,0,2,0,0,0,1,0,0,0,3,0,0,0,0,0,0,0,0,0,0,2,2,0,0,14
451,0,0,0,3,0,0,0,0,0,9,0,0,0,0,0,0,0,0,0,0,0,0,0,3,2,0,0,0,0,8,0,0,0,0,0,3,0,0,0,0,0,0,0,0,0,1,0,0,0,0,1,0,0,0,17,0,0,0,0,0,11,0,0,0,0,1,26,0,0,0,1,0,0,0,0,3,2,0,0,2,0,0,0,0,0,0,3,0,0,0,1,1,1,0,0,0,1,0,0,2,0,1,0,2,0,0,0,0,0,0,0,1,0,2,0,0,0,0,0,0,0,1,13,0,0,0,0,0,0,0,0,0,0,0,0,0,0,26,0,0,0,2,0,0,0,0,0,0,0,0,0,0,0,0,0,0,0,1,0,0,0,0,1,0,0,0,0,1,0,0,2,0,0,0,4,0,0,0,0,0,0,2,0,0,0,0,1,0,0,0,0,0,0,0,0,16,0,0,0,0,0,0,2,0,0,2,0,0,0,2,0,0,0,0,0,1,0,0,0,0,0,0,0,1,0,0,0,0,0,1,2,0,8,0,0,0,2,0,0,0,0,0,0,15,0,0,0,0,0,0,0,10,0,0,0,2,0,0,0,0,1,0,2,1,1,0,0,0,9,0,0,0,0,0,0,0,0,0,1,0,4,0,0,0,1,0,0,5,0,0,1,0,0,0,0,0,0,0,0,0,0,0,0,2,0,0,0,0,0,3,21,0,0,0,16,0,0,0,1,0,0,0,0,0,0,8,0,0,0,0
452,3,0,0,0,0,1,0,0,9,0,0,2,0,0,0,0,0,0,4,4,0,0,0,2,0,0,0,2,0,0,0,0,0,4,0,0,0,0,0,0,0,0,0,0,10,0,0,0,0,0,0,0,0,0,0,0,0,0,0,0,32,0,0,0,0,0,0,0,1,1,2,0,0,0,0,3,0,0,0,0,0,0,0,7,0,4,3,0,0,0,0,0,0,0,0,0,0,0,2,0,0,4,0,0,0,2,0,0,0,0,0,5,0,1,0,0,0,0,0,0,0,0,19,0,0,0,0,1,0,0,0,24,0,0,0,0,3,0,0,0,0,0,1,15,0,0,0,0,0,0,0,0,0,0,0,0,1,0,0,0,0,0,0,0,0,1,0,0,0,1,0,0,0,0,0,1,0,0,0,0,2,0,5,0,3,0,0,5,0,0,0,0,0,10,0,26,0,0,0,0,0,0,0,0,0,0,0,0,0,0,0,0,1,14,2,0,0,0,0,0,0,0,0,0,0,0,0,0,0,0,0,0,0,3,0,0,0,0,0,0,0,0,0,11,0,9,0,0,7,0,0,0,0,0,1,0,0,0,0,2,5,0,3,0,0,8,0,0,0,0,0,0,0,0,7,0,0,0,0,0,2,0,0,0,0,0,0,0,0,0,0,0,0,0,0,0,0,0,0,0,0,3,0,8,0,0,0,27,0,0,15,0,0,0,5,0,0,0,0,0,0,0,0,0,0,0,0,0,2,103
453,0,0,0,0,0,0,0,0,0,3,0,0,0,1,0,0,0,0,0,0,0,0,2,0,0,0,0,0,0,4,0,0,0,0,0,0,1,2,0,0,0,0,0,0,0,0,0,0,3,1,0,0,0,0,0,5,1,0,1,0,13,0,0,0,0,1,17,1,5,0,1,1,0,0,0,0,0,0,5,2,0,0,0,0,0,0,0,0,0,2,0,2,0,3,0,0,0,0,0,3,0,0,0,7,9,0,0,0,0,6,0,0,0,6,0,0,0,0,0,0,0,0,0,0,0,0,0,0,0,6,0,3,0,0,0,1,0,21,0,0,0,0,0,0,0,0,0,0,0,0,0,0,0,1,0,1,0,0,0,0,1,0,1,0,0,0,0,4,2,0,0,1,0,0,4,1,0,1,0,1,0,0,0,0,0,0,2,0,0,0,0,0,0,0,0,0,0,0,0,0,0,0,0,5,0,0,0,0,0,0,0,0,0,11,3,0,0,0,0,10,0,0,0,0,0,0,0,5,0,0,0,0,16,0,0,0,0,0,0,0,0,0,0,22,0,0,0,0,0,0,0,0,0,0,0,0,0,0,0,0,0,0,0,0,0,2,0,0,0,0,8,0,0,0,2,0,0,0,1,0,3,5,0,1,0,0,0,0,0,0,0,0,7,0,0,34,0,0,16,0,0,0,0,4,0,0,0,15,0,0,0,0,1,0,33,0,0,0,0,0,1,0,0,0,0,69,0,0,0,12
454,0,0,0,0,0,0,0,0,0,13,0,0,0,0,1,0,1,0,0,0,3,0,0,0,0,0,0,0,8,0,0,0,0,0,0,0,0,0,5,0,0,0,0,0,0,0,0,0,0,13,0,0,6,0,0,1,0,4,3,0,1,0,0,0,0,3,2,0,0,0,0,0,0,0,2,0,0,0,0,0,0,0,1,5,0,1,0,0,1,0,0,1,0,1,0,0,0,3,0,1,1,0,0,0,0,0,0,0,0,0,0,0,0,1,0,0,0,0,0,0,3,0,0,0,1,1,0,0,0,0,1,0,0,1,0,0,0,0,0,0,0,0,19,1,0,0,0,0,0,0,0,0,26,0,0,0,0,0,0,1,5,0,13,0,0,1,2,0,0,8,0,0,0,0,0,1,1,0,0,0,0,0,0,0,0,0,1,0,0,0,0,4,0,4,0,5,0,0,0,0,0,0,0,0,0,0,0,0,0,0,0,0,0,0,2,0,0,0,0,0,0,0,0,0,1,0,0,0,0,0,1,0,0,0,0,0,0,0,0,0,0,0,0,3,0,0,0,0,0,0,0,0,2,11,0,0,0,0,0,0,0,0,0,0,13,6,0,0,2,0,0,2,0,0,1,0,0,0,0,0,0,1,16,1,0,0,7,0,3,1,0,0,0,0,0,0,0,0,0,0,0,1,0,11,0,0,5,0,0,0,0,0,21,0,1,0,0,0,0,5,0,3,0,0,6,1,0,0,0,38
455,0,0,0,0,0,0,0,0,0,0,0,0,0,0,0,0,0,0,0,9,0,0,0,0,0,0,0,0,0,0,0,0,3,4,0,1,1,0,0,0,0,0,0,1,0,0,0,0,1,0,0,0,0,0,3,0,2,0,0,0,1,0,0,0,0,6,0,0,7,2,0,0,0,0,0,0,0,0,0,0,0,0,0,1,0,0,9,0,2,0,3,1,0,0,0,0,0,0,11,0,0,1,0,0,0,0,0,0,0,0,0,0,0,0,0,0,8,0,0,0,0,5,1,8,0,0,0,0,0,0,0,67,1,0,0,0,0,0,0,0,0,0,0,0,0,0,0,0,0,0,0,0,0,0,0,1,7,2,0,0,0,0,0,0,0,1,9,0,0,5,0,0,0,0,1,1,0,0,0,0,1,0,0,0,0,0,0,0,0,0,0,0,0,0,0,1,0,20,0,0,0,0,1,0,0,0,0,0,0,0,0,0,0,0,3,1,8,0,0,0,0,0,0,3,1,0,0,4,0,1,3,1,0,0,0,0,0,0,0,0,0,4,0,1,0,50,11,1,0,0,1,0,2,0,6,0,12,0,0,0,0,0,0,0,0,7,0,0,2,0,0,0,0,5,3,0,0,0,0,1,1,0,0,0,0,0,0,0,1,0,0,0,1,0,0,0,0,0,0,0,0,0,0,7,0,0,7,0,0,1,0,0,0,0,0,0,0,0,0,0,0,3,0,6,0,0,0,0,0,40
456,0,0,0,0,0,0,0,0,1,2,3,0,0,0,6,0,0,6,20,1,2,0,0,0,0,0,0,0,0,1,0,0,1,1,0,1,0,0,0,0,0,0,0,0,4,0,0,0,44,0,0,0,1,0,0,13,0,2,0,0,1,0,2,0,0,2,1,0,9,1,0,0,0,0,0,2,0,0,0,0,0,0,0,0,0,0,0,0,2,0,13,1,3,0,0,0,0,0,3,0,0,0,0,0,0,0,0,0,0,24,0,0,0,0,2,0,0,0,0,2,0,0,2,0,0,0,0,0,0,0,0,21,0,0,0,0,0,1,3,0,0,5,0,1,0,0,0,0,0,0,0,0,0,0,0,0,0,0,0,0,1,0,4,0,0,1,0,0,0,0,0,0,0,5,0,18,0,0,0,0,25,0,0,0,0,0,0,0,0,0,0,0,0,0,0,1,1,0,0,0,0,0,0,0,0,0,0,0,0,0,0,0,0,0,1,0,0,0,0,0,0,1,5,0,1,0,0,0,0,3,0,0,0,0,0,0,0,0,0,1,0,1,0,11,0,15,0,2,0,0,0,0,0,11,50,0,0,0,0,0,0,0,0,0,0,0,0,0,0,0,0,0,0,0,6,0,0,0,0,0,1,0,0,1,0,0,0,0,0,0,0,0,0,0,0,0,0,0,6,0,0,0,0,12,1,0,0,0,0,0,0,1,0,0,2,0,0,0,0,0,0,0,0,0,0,0,0,0,0,6
457,0,0,0,0,0,0,0,0,0,4,3,0,0,0,1,0,19,0,6,1,0,2,0,0,0,0,0,0,0,0,0,0,0,1,0,0,7,0,0,0,0,4,0,0,0,0,0,0,0,0,0,0,0,0,0,0,0,0,0,0,0,0,0,0,0,0,0,0,0,0,2,0,0,0,0,0,0,0,4,0,0,0,0,8,0,0,13,1,7,0,1,3,0,0,1,0,0,2,5,0,8,0,0,0,0,0,1,0,0,13,1,0,0,3,0,0,0,0,6,5,0,0,0,0,0,9,4,0,0,0,0,107,0,0,11,0,0,0,0,0,2,1,0,2,0,0,0,0,0,0,0,0,0,0,0,0,0,3,0,0,0,0,0,0,0,0,0,0,0,1,1,0,0,6,0,4,0,7,0,0,0,0,0,0,0,0,0,0,0,2,0,0,0,0,0,1,0,0,1,0,0,0,0,0,0,0,0,0,0,0,0,0,0,0,22,2,0,0,0,1,3,0,4,0,2,0,2,0,0,2,0,2,0,0,0,0,1,2,0,0,0,0,0,44,0,8,0,0,0,4,0,0,0,0,59,0,9,0,0,0,0,0,1,0,5,0,0,0,0,0,1,0,0,0,52,0,0,0,0,1,5,0,0,0,0,0,2,5,0,0,0,0,0,0,0,0,0,0,0,0,0,0,0,29,0,0,0,0,0,0,0,0,11,0,3,1,0,0,0,0,6,0,0,3,1,0,0,0,0,13
458,0,0,0,2,0,0,6,0,1,9,0,0,0,0,4,0,24,0,6,3,0,0,0,1,0,0,0,0,2,0,0,0,2,1,0,1,19,0,0,0,0,3,0,0,0,0,0,0,0,0,0,0,0,0,0,0,0,0,1,0,1,0,0,0,1,1,0,0,10,0,2,0,0,1,0,0,0,19,4,0,0,0,0,0,31,1,5,0,0,0,2,6,0,0,0,0,0,0,1,0,0,0,0,0,0,0,0,3,3,8,0,0,0,0,0,0,0,0,12,0,0,1,3,0,0,0,0,0,0,0,0,48,33,0,0,0,0,0,0,5,0,0,1,1,0,0,0,1,0,0,0,7,0,1,0,0,0,0,0,0,0,0,1,0,0,1,0,0,0,0,0,0,0,10,0,16,0,0,0,0,4,0,0,0,0,0,0,0,0,2,0,0,0,0,0,2,0,0,0,0,0,0,0,0,0,0,2,0,0,0,0,2,0,0,8,0,0,0,2,0,0,0,0,4,1,9,0,0,0,0,0,0,0,0,0,0,0,0,5,0,4,0,0,19,0,1,0,4,3,0,0,0,2,0,76,0,0,0,0,6,6,0,1,1,0,0,0,0,0,0,0,0,0,0,4,0,0,0,0,1,2,0,0,0,0,0,0,0,1,0,0,0,0,0,0,0,0,0,0,0,0,0,0,11,0,0,0,0,0,1,0,1,0,0,0,2,1,0,0,0,0,0,0,0,0,0,0,0,0,8
459,0,0,0,0,0,0,11,17,0,2,0,0,0,0,9,0,0,0,0,0,0,0,0,0,0,6,0,0,0,0,0,26,4,0,0,0,0,0,0,0,0,0,0,0,0,0,0,0,0,0,0,1,0,0,0,7,0,0,0,0,0,5,0,0,0,1,0,0,7,2,0,0,0,0,0,0,0,5,7,0,0,0,0,8,0,0,0,0,4,0,3,1,0,0,1,0,0,0,7,0,13,0,1,0,0,0,0,0,0,0,0,0,0,2,0,0,0,0,0,0,0,0,2,0,2,0,1,0,0,0,1,6,11,0,0,0,0,0,0,0,0,0,1,1,0,0,0,0,0,0,0,0,0,0,0,5,0,0,0,2,0,0,3,0,0,1,1,0,0,0,0,0,0,0,0,6,0,0,0,0,0,5,5,0,0,0,0,0,0,0,0,0,0,5,0,0,1,0,0,0,0,0,0,4,0,0,0,0,1,0,0,0,0,0,5,0,0,0,0,0,0,0,0,0,0,2,0,1,0,4,0,0,0,0,0,0,3,9,1,0,0,1,0,10,0,0,0,0,0,0,0,0,0,0,31,0,13,0,0,0,0,0,1,0,0,1,0,9,0,0,0,0,0,0,5,0,0,0,0,2,2,0,0,0,0,0,0,0,0,0,0,0,17,0,0,0,1,0,0,0,0,0,0,0,0,0,0,0,0,0,15,0,0,3,1,0,0,0,0,0,0,0,0,0,0,0,0,0,0,9
460,1,0,0,0,0,1,0,0,0,0,0,0,0,0,1,2,2,0,0,0,0,2,0,1,0,2,0,0,0,0,0,0,2,15,0,3,1,0,5,0,0,0,0,0,0,0,0,0,0,0,0,0,1,0,0,0,0,0,0,0,0,0,0,0,1,2,0,1,6,0,0,0,0,7,0,0,2,0,0,0,0,0,0,9,3,0,2,0,0,0,0,1,0,0,0,0,1,23,14,0,0,3,0,0,0,0,0,0,0,0,5,0,0,1,0,0,0,0,1,0,0,6,1,0,0,1,0,0,0,0,0,3,0,0,0,0,1,0,0,0,0,0,29,1,0,0,0,0,0,0,0,6,0,0,0,0,1,0,0,0,0,0,0,0,0,1,0,0,0,1,0,0,0,4,0,1,2,0,0,0,0,0,5,0,0,0,0,0,1,0,0,0,0,0,0,2,0,0,0,0,0,0,0,4,0,0,0,0,0,0,0,0,0,0,4,0,0,0,0,19,0,0,0,0,0,0,0,0,0,0,2,0,0,0,7,0,0,0,0,0,1,0,0,1,0,22,0,0,18,0,0,0,0,24,3,0,0,0,1,5,13,0,3,0,0,5,0,0,0,7,0,0,0,0,4,0,0,0,0,1,1,0,0,0,0,0,14,0,0,0,0,0,0,0,0,0,0,0,0,0,0,4,0,41,0,0,0,0,0,0,0,0,0,0,0,0,0,0,1,0,0,0,0,6,0,0,0,0,0,64
461,0,0,0,5,0,0,0,1,0,7,0,0,0,1,0,0,0,0,0,9,0,0,0,2,0,0,0,0,0,0,0,0,0,0,0,1,1,17,0,12,0,0,0,1,1,0,0,0,0,0,1,0,0,0,0,0,0,0,0,3,2,0,0,0,0,7,0,0,11,0,0,0,0,0,0,0,2,0,0,0,0,0,0,2,0,0,0,0,2,0,1,0,0,0,0,0,0,0,29,0,0,3,0,0,0,0,0,0,0,2,5,1,0,0,0,2,0,0,1,0,0,0,0,14,0,0,0,0,0,0,0,27,0,0,0,0,0,0,2,0,0,0,14,5,0,0,0,0,0,0,0,0,0,0,0,2,0,0,0,0,0,0,0,0,0,0,0,0,0,5,0,0,0,6,1,0,0,0,0,0,1,0,1,0,1,0,0,8,0,0,0,4,0,0,0,4,1,0,0,0,0,0,0,0,0,0,0,0,0,0,0,0,1,0,6,2,0,0,0,0,0,0,0,0,0,0,11,0,0,0,5,0,0,0,0,0,0,0,0,0,0,3,1,1,0,28,0,0,0,0,0,2,0,0,8,0,0,0,0,0,0,0,1,0,0,0,0,0,0,0,0,2,0,0,2,0,0,1,0,0,0,0,0,0,0,0,0,0,0,0,0,1,0,0,4,0,0,0,0,0,1,0,0,22,1,0,0,0,0,0,0,0,13,1,0,0,2,0,1,0,0,0,0,0,7,0,0,0,5,54
462,0,0,0,0,0,0,0,0,0,11,0,0,0,0,0,0,0,0,0,2,0,0,0,0,0,0,0,1,0,0,0,0,0,0,0,0,0,0,0,12,0,0,0,0,0,0,1,0,0,38,0,0,0,0,4,0,0,0,0,0,3,1,0,0,0,1,12,0,0,1,0,0,0,0,1,0,0,0,8,0,0,0,0,2,0,0,0,0,0,0,0,1,0,0,0,0,0,0,0,0,1,0,0,0,0,0,0,0,0,1,4,2,0,0,0,0,0,0,0,0,0,0,0,0,0,3,0,0,0,0,0,0,0,0,0,0,0,0,2,0,0,0,0,0,0,0,0,0,0,0,0,21,6,0,0,0,0,0,0,1,2,0,26,0,0,1,0,1,0,7,0,0,0,5,0,2,3,0,0,1,0,1,0,0,0,0,0,0,0,0,0,0,0,0,0,7,0,0,0,0,0,0,1,4,0,0,0,0,0,0,0,0,3,0,2,2,0,0,0,4,0,0,0,1,1,0,1,0,0,0,3,0,1,0,0,0,1,0,0,0,0,0,0,2,0,0,0,0,0,0,0,0,0,0,0,0,0,0,0,0,0,0,0,0,4,0,0,0,0,0,0,0,0,0,8,1,0,0,0,1,0,1,7,0,2,0,0,0,0,0,0,1,0,0,19,4,0,0,0,0,0,0,0,4,0,0,0,8,0,0,0,0,10,0,2,0,2,0,0,0,0,11,0,4,0,1,0,0,0,0
463,0,0,0,0,0,0,0,0,6,0,0,0,0,0,0,0,0,0,9,0,1,0,0,0,0,0,0,2,0,2,0,0,1,0,0,0,0,0,0,0,0,0,0,0,0,1,0,0,5,0,0,0,0,2,7,0,0,0,0,0,8,0,0,1,0,3,20,2,0,0,0,0,0,0,0,0,0,0,0,3,0,0,0,4,0,0,0,0,0,0,0,1,0,0,0,0,2,0,0,15,1,1,0,1,0,0,0,0,0,25,0,0,0,2,4,0,0,0,0,0,0,0,0,0,0,0,0,0,0,2,0,4,0,0,0,1,12,0,0,3,0,0,0,0,0,0,0,0,0,0,0,0,0,0,0,0,0,0,0,0,2,0,0,0,0,2,0,1,0,1,0,0,0,0,2,1,0,0,0,4,0,0,9,0,0,0,0,0,0,1,0,0,0,0,2,11,0,0,0,2,0,0,0,2,0,0,0,0,0,1,0,2,0,0,4,0,0,0,0,12,0,0,0,2,0,6,0,0,2,0,1,0,0,6,0,0,6,0,0,0,0,0,0,18,1,0,0,0,0,0,0,0,0,0,0,0,0,1,0,3,0,0,0,0,0,0,0,6,0,0,0,3,0,0,1,1,0,0,0,0,0,1,0,0,0,0,0,0,0,0,1,0,0,0,0,0,1,0,0,2,0,0,0,1,0,0,0,11,0,5,0,0,0,0,16,0,0,0,0,0,0,0,0,0,1,0,0,0,0,16
464,0,0,30,0,0,0,0,0,3,29,0,0,0,0,0,1,0,1,0,0,1,0,0,0,0,0,0,0,0,0,0,0,2,0,0,0,0,0,0,9,0,0,0,0,0,0,12,2,0,0,0,0,0,0,9,0,0,0,0,0,3,0,0,0,0,2,2,0,2,0,0,0,0,0,0,0,0,0,0,0,0,0,0,0,0,0,0,3,1,0,0,4,2,1,0,0,0,0,0,1,1,0,0,0,0,0,0,0,0,0,0,0,0,0,0,0,0,0,0,0,0,0,1,0,0,0,0,0,0,0,3,0,0,0,0,0,1,0,0,0,0,0,0,1,0,0,0,0,1,0,7,14,13,0,2,0,0,0,0,0,5,0,34,0,6,0,0,3,0,0,0,0,0,0,1,1,0,0,0,0,0,0,0,0,0,0,0,27,0,0,0,5,0,0,0,3,0,22,0,0,0,0,0,2,0,0,0,0,0,2,0,0,0,11,3,1,0,0,0,10,0,0,0,4,1,0,0,0,0,1,0,1,2,0,0,0,1,0,0,0,0,0,0,1,0,6,0,0,9,2,0,0,0,11,0,0,0,1,1,0,0,0,0,1,12,0,0,0,0,2,1,0,0,0,0,0,0,0,0,0,0,0,15,0,0,0,0,0,2,0,0,3,0,0,0,0,0,0,3,1,0,0,0,10,0,0,5,0,0,1,0,0,0,0,1,2,2,0,0,0,0,5,0,0,0,1,0,0,1,77
465,0,0,0,0,0,0,0,0,0,7,0,0,0,0,0,0,0,0,0,1,0,0,0,3,0,0,0,0,0,1,0,0,2,11,0,2,4,8,0,0,0,0,0,0,0,0,0,0,3,0,0,3,0,0,0,0,0,0,0,5,2,1,0,0,0,1,0,0,12,1,0,0,0,0,1,0,4,0,2,0,0,0,0,4,0,0,0,0,1,0,0,1,0,0,0,0,0,5,44,0,1,0,0,0,0,0,0,0,0,0,0,0,0,3,0,0,0,0,0,0,0,0,0,0,0,0,0,0,0,0,0,72,0,0,0,0,0,0,0,1,0,0,0,4,2,0,0,0,0,1,0,0,0,0,0,1,0,0,0,0,0,0,0,0,0,2,0,0,0,0,0,0,0,3,0,1,0,0,0,0,0,0,0,0,0,0,0,7,0,0,0,0,0,0,0,2,0,0,0,0,0,0,0,4,0,0,1,0,0,0,0,0,0,0,1,0,0,0,0,0,0,0,0,0,0,0,0,0,0,0,12,0,0,0,0,0,0,0,0,0,0,0,0,0,4,40,23,0,7,0,0,0,0,0,2,0,1,1,0,0,16,0,2,0,0,0,0,0,0,1,0,1,0,5,1,1,0,0,0,0,0,0,0,0,0,0,28,0,1,0,0,0,0,0,0,0,0,0,0,0,0,0,0,21,1,0,3,17,0,0,0,0,0,1,0,2,0,0,0,0,0,3,0,5,0,0,0,0,1,18
466,0,0,0,0,0,0,0,8,0,0,0,0,0,0,0,0,0,0,2,3,1,0,0,7,6,0,0,0,0,0,0,0,2,0,0,0,0,0,0,0,0,1,0,0,0,0,0,0,0,0,0,0,0,1,4,0,0,0,0,0,15,0,0,0,0,1,4,0,18,0,0,0,0,0,0,0,0,0,0,0,0,1,0,0,0,0,0,0,0,0,0,1,0,0,0,0,0,0,1,0,0,1,0,0,0,4,0,0,2,0,0,2,0,7,3,0,0,0,0,0,6,0,11,0,0,0,0,0,0,27,0,13,0,0,0,0,0,0,0,0,0,0,0,17,0,0,0,0,0,0,0,1,0,0,0,0,0,0,0,0,0,0,0,0,0,3,0,0,0,1,0,0,0,1,2,1,0,0,0,0,1,0,0,0,0,0,0,7,0,0,0,0,0,6,0,5,0,0,1,0,0,0,0,1,0,0,0,0,0,0,0,0,0,26,2,0,0,0,1,0,0,0,0,0,1,2,1,0,0,0,1,0,0,0,0,0,0,0,0,0,0,3,0,6,0,3,0,0,2,0,0,0,0,0,2,0,1,0,5,0,0,0,1,0,0,0,0,11,0,0,0,0,0,0,1,2,0,0,0,0,3,0,0,0,0,0,0,0,0,0,0,0,0,0,0,0,0,0,0,0,0,0,0,5,0,5,0,0,0,0,0,0,0,0,3,8,0,0,0,0,0,0,0,0,0,10,0,0,7,21
467,0,0,0,0,0,0,0,26,13,0,0,0,0,0,0,0,3,0,8,2,0,0,0,1,8,0,0,1,0,0,0,0,0,1,0,0,3,0,0,0,0,0,0,0,0,0,0,0,0,0,0,0,0,3,0,0,0,0,0,0,0,0,0,0,0,0,0,0,15,0,0,0,1,0,0,0,0,0,0,0,0,0,1,1,1,0,0,0,1,1,0,0,0,2,0,0,0,0,2,0,0,1,0,0,0,0,0,0,0,0,5,0,0,0,0,0,0,0,0,0,0,0,0,0,0,0,0,0,0,0,0,6,0,0,0,0,4,0,0,0,0,0,0,9,0,0,0,0,0,0,0,0,0,0,0,0,0,0,0,0,0,0,0,1,10,3,0,0,0,0,0,0,0,0,0,0,0,0,0,0,1,0,0,0,0,0,0,0,0,0,2,0,0,0,0,0,0,0,0,2,0,0,1,1,0,1,0,0,0,0,0,0,0,5,0,0,0,2,0,0,0,0,0,3,0,0,0,0,0,0,1,0,0,0,0,0,0,0,0,0,0,0,0,37,0,8,14,0,9,0,0,20,0,0,0,0,0,0,0,0,0,0,1,0,0,4,0,4,0,0,0,0,0,0,10,1,0,0,0,0,1,5,64,0,0,0,0,0,0,0,0,0,0,0,0,0,0,0,0,0,0,0,0,3,0,0,0,0,0,1,7,0,0,6,3,0,0,0,1,0,0,0,0,0,0,0,0,0,7,58
468,0,0,0,0,0,0,0,0,0,14,0,1,0,0,8,0,0,0,0,0,2,0,0,1,0,0,0,0,0,0,0,0,1,0,0,0,4,11,0,0,0,0,0,0,0,0,0,0,0,0,0,0,0,0,0,0,0,0,7,0,2,0,0,0,0,1,0,0,11,0,0,1,0,0,0,0,0,0,0,0,0,0,0,2,0,0,0,0,0,0,11,0,3,0,0,1,0,0,44,0,0,1,0,0,0,0,0,0,0,0,0,1,0,2,0,0,0,0,0,0,14,0,0,0,0,0,0,0,0,0,4,23,0,0,0,0,0,0,0,0,0,0,0,0,9,0,0,0,0,0,0,0,0,0,0,0,0,0,0,0,0,0,0,0,3,2,4,0,0,14,0,0,0,0,0,1,0,0,0,0,0,0,0,0,0,0,0,7,0,0,0,0,0,0,0,0,2,0,0,0,0,0,0,15,0,1,0,0,1,0,0,0,0,13,3,0,0,0,0,10,0,0,0,1,0,0,1,0,0,0,5,0,0,0,0,0,0,0,0,0,0,0,0,1,0,32,23,0,0,0,0,1,0,0,3,0,0,0,1,2,0,0,1,0,0,15,0,0,0,0,0,0,0,2,3,0,0,0,0,2,1,0,11,0,1,0,0,0,0,0,0,0,0,0,0,0,0,0,0,2,0,0,0,14,0,0,0,0,0,0,0,0,0,0,0,0,0,0,0,0,0,0,0,0,0,0,1,0,1,76
469,0,0,0,0,0,0,0,0,0,16,0,0,0,0,0,0,0,0,10,0,1,0,0,1,0,0,0,0,0,5,0,0,0,0,0,0,2,3,0,0,0,0,3,0,0,0,0,0,3,2,0,0,0,0,6,0,0,0,0,0,11,0,0,0,0,0,23,0,7,0,0,0,0,0,0,0,0,0,0,1,0,0,0,0,0,0,2,0,0,0,0,1,0,0,1,2,0,0,0,6,0,0,0,2,1,0,0,0,0,47,4,0,0,0,0,0,0,0,0,0,0,0,0,0,0,0,0,0,0,0,0,0,0,0,0,0,0,0,0,0,0,2,0,6,0,0,0,0,0,0,0,0,0,0,4,1,0,2,0,0,0,0,1,0,0,1,0,0,4,0,0,0,0,0,0,1,0,2,0,5,0,0,0,0,1,0,1,0,0,0,0,0,0,0,0,20,0,1,0,0,0,0,0,0,0,0,0,0,0,0,0,3,0,0,2,1,0,0,0,1,0,0,0,0,0,0,1,0,0,0,1,0,16,0,1,0,0,0,0,0,0,1,0,9,1,0,0,0,3,0,0,4,0,0,0,0,1,0,0,0,0,0,0,0,0,0,0,0,6,0,0,4,0,0,1,0,0,0,0,7,0,1,0,0,0,0,0,0,0,0,1,0,2,0,0,0,0,0,0,0,0,11,0,2,0,3,0,0,0,10,14,0,1,0,3,0,0,0,0,0,0,2,0,0,0,0,0,0,0,26
470,0,1,0,15,0,2,0,0,0,0,0,0,0,0,0,0,0,3,0,0,4,0,0,0,0,0,0,0,2,0,0,0,0,0,0,0,6,75,0,5,0,4,0,0,0,0,0,0,0,14,0,0,0,0,0,1,0,0,0,4,4,0,0,0,0,6,6,0,9,0,0,1,0,0,1,0,0,0,0,0,0,0,0,0,0,0,0,0,2,0,0,0,0,0,0,0,0,0,0,0,0,0,0,0,1,0,0,0,0,2,0,0,0,1,0,0,0,0,0,0,0,0,0,3,0,1,0,0,0,0,4,37,0,0,0,0,1,0,0,1,0,0,0,0,0,0,0,0,0,0,0,0,12,0,0,2,6,3,0,3,8,0,17,0,0,1,0,2,0,9,1,0,0,0,0,2,0,2,0,0,0,1,2,11,0,0,1,0,0,0,0,0,0,0,0,2,0,0,0,0,0,0,0,4,0,0,0,0,1,0,14,0,1,0,3,2,0,0,0,0,0,0,1,0,1,0,0,0,0,2,0,0,0,0,0,0,0,0,0,0,0,0,0,1,0,0,0,1,3,0,0,0,0,0,0,0,0,0,0,2,0,0,0,0,5,0,0,0,0,0,1,0,0,0,0,0,0,0,0,0,0,1,18,1,0,0,11,0,0,0,0,0,0,0,0,0,0,0,1,0,0,0,0,2,0,0,10,12,0,0,0,0,0,0,5,1,0,0,0,0,1,0,0,0,0,0,0,0,0,43
471,1,0,0,0,0,0,0,0,0,17,0,0,0,0,1,0,0,2,5,0,0,4,0,2,0,0,0,0,0,0,0,0,0,0,0,0,2,0,0,0,0,0,0,0,0,0,0,0,4,0,0,1,0,0,0,0,1,0,0,0,16,0,0,0,0,0,5,0,14,0,0,0,0,0,0,0,0,0,0,0,0,1,0,0,0,0,0,0,0,0,0,1,0,6,0,0,0,0,0,0,0,3,0,0,0,0,0,0,0,16,2,0,0,8,0,0,0,0,0,0,0,0,0,0,0,0,0,1,0,0,0,10,0,0,0,0,11,0,0,0,6,0,0,21,1,0,0,0,0,0,0,0,0,0,0,0,0,0,0,0,0,0,0,0,17,1,0,0,0,0,1,0,0,0,2,0,0,0,0,0,0,2,0,0,6,0,0,0,0,0,0,0,0,0,0,31,0,0,0,0,0,0,0,0,0,1,0,0,0,0,0,0,1,0,2,0,0,0,0,0,0,2,0,0,0,0,1,5,0,0,2,0,0,0,0,0,0,0,0,0,0,0,9,4,0,3,0,0,3,0,0,0,0,0,1,0,0,0,2,0,0,0,1,0,0,0,0,0,0,0,0,0,0,1,5,0,1,0,0,4,9,0,0,0,0,0,0,0,0,19,0,0,0,0,0,0,0,0,0,0,0,0,0,6,0,4,0,0,0,0,3,1,0,11,0,0,0,0,0,0,0,0,0,0,0,0,0,0,2,48
472,0,0,0,0,0,0,0,0,0,5,0,0,0,0,4,0,0,0,0,2,0,0,0,0,0,0,1,0,0,0,0,0,1,0,0,1,14,0,1,0,0,0,0,0,0,0,5,0,0,0,0,0,0,0,0,0,0,0,1,0,0,5,0,0,0,0,0,0,19,0,0,0,0,1,0,0,0,0,0,0,0,0,0,4,0,0,11,0,5,0,0,4,1,0,0,0,0,0,2,2,0,0,0,0,0,0,0,3,0,0,3,0,3,2,0,0,0,0,0,0,0,0,8,0,0,0,0,0,0,0,0,31,11,0,0,0,0,2,0,0,0,0,0,0,0,1,0,0,0,0,0,0,0,0,6,0,0,0,0,0,0,0,0,0,0,1,0,0,0,1,0,0,0,4,0,12,0,6,1,0,0,3,0,0,16,0,0,0,0,0,0,0,0,0,0,1,0,3,0,0,1,0,0,1,0,0,0,0,0,0,0,0,0,0,4,0,0,0,6,0,0,0,0,0,1,0,0,0,0,4,0,0,0,0,1,0,1,0,0,0,0,0,0,16,0,5,0,5,2,0,0,0,0,0,12,0,40,0,0,0,2,0,0,0,0,0,0,0,0,0,0,0,0,0,0,0,16,0,0,0,4,0,0,1,0,0,2,0,0,1,0,0,15,0,4,0,0,0,0,0,0,0,0,22,2,0,0,0,0,0,0,2,0,0,3,0,2,0,0,0,0,0,0,0,0,0,1,0,0,4
473,0,0,0,0,0,0,0,0,0,9,3,0,0,0,0,0,0,0,0,1,4,1,0,0,0,0,0,0,0,1,0,0,2,0,0,0,0,0,0,0,0,0,0,0,0,0,0,0,0,11,0,0,0,0,5,0,0,0,0,0,1,0,0,0,0,3,1,0,0,0,0,0,0,0,0,0,0,9,0,7,1,0,0,0,0,0,4,2,0,0,4,8,0,0,0,0,0,1,0,12,9,0,0,0,0,0,0,0,0,37,0,0,0,4,0,0,0,0,4,3,0,0,0,0,0,5,0,0,0,0,0,0,1,0,0,0,0,0,0,0,0,0,0,0,0,0,0,0,0,0,0,0,1,2,0,0,0,2,0,0,2,0,9,0,1,0,0,0,0,0,0,0,0,4,0,6,0,1,0,0,0,0,0,0,0,0,0,1,0,0,0,0,0,11,0,0,0,0,1,0,0,0,0,0,0,0,0,0,0,0,0,0,0,21,4,0,0,0,0,1,0,3,0,0,4,2,0,0,1,0,0,0,6,0,3,0,1,0,0,0,0,0,28,5,0,0,0,2,0,0,4,0,0,0,0,0,1,0,0,0,0,0,0,0,21,0,0,0,0,0,0,0,1,0,11,0,0,0,29,0,0,5,0,1,0,0,0,0,0,0,0,0,0,0,0,0,0,0,0,0,0,0,0,14,0,1,0,0,1,0,0,4,0,0,9,0,0,0,0,0,7,0,0,0,0,1,0,0,0,6
474,0,0,0,0,0,0,0,0,0,14,0,0,0,0,0,0,0,0,0,10,0,0,0,0,0,0,0,0,0,0,0,0,0,15,13,0,0,0,0,0,0,0,0,0,0,0,2,1,0,0,0,0,0,0,0,0,0,0,0,0,1,0,0,0,0,1,1,0,4,0,0,1,0,0,0,0,0,0,0,0,0,0,0,0,0,0,0,0,1,0,4,0,2,0,0,0,0,3,6,0,1,1,0,0,0,0,0,0,0,0,0,0,0,2,0,0,0,0,0,0,0,0,0,0,2,0,0,0,0,0,0,26,0,0,0,0,0,2,0,0,0,0,21,2,6,0,0,2,0,0,0,0,0,0,0,0,0,0,0,0,0,0,3,0,0,1,2,0,0,3,0,0,0,4,0,0,0,0,0,0,0,0,0,16,0,0,0,6,0,0,0,0,0,8,0,7,0,0,0,0,0,0,0,0,0,0,0,0,0,0,0,0,0,0,2,0,0,0,0,0,0,0,0,0,0,0,9,0,0,1,1,0,0,0,0,0,0,0,0,0,0,0,0,2,0,70,0,0,36,0,0,0,0,0,3,0,0,0,0,4,0,0,0,0,0,0,0,0,0,0,0,0,0,2,6,0,0,0,0,0,0,0,0,0,3,0,43,0,0,0,0,0,0,0,0,3,0,0,0,0,0,4,0,8,0,0,1,11,0,0,0,0,0,0,0,0,0,0,0,0,1,0,0,0,3,1,0,0,1,55
475,0,0,0,0,0,0,0,0,0,6,0,0,0,0,0,0,0,0,0,0,0,0,0,0,0,0,0,2,0,6,0,1,0,1,0,0,0,0,0,0,1,0,0,0,0,0,0,0,0,0,0,0,0,0,20,0,0,0,0,0,14,0,0,0,0,0,19,0,0,0,4,0,0,0,0,0,0,0,0,2,0,0,0,6,0,0,1,0,0,0,0,0,0,2,0,0,0,0,1,5,2,0,11,6,0,0,0,0,0,10,0,0,0,4,0,0,0,0,24,0,0,0,0,0,0,0,11,1,0,13,0,0,0,0,0,1,4,0,0,0,0,0,0,0,2,0,0,0,0,0,0,0,0,0,6,3,0,0,0,0,1,0,1,0,0,0,0,1,0,0,0,0,0,0,7,1,0,0,0,2,0,0,0,0,0,0,1,0,0,0,0,0,0,0,0,10,0,0,0,0,0,0,6,1,4,1,0,0,0,2,0,0,0,0,1,1,0,0,1,6,0,3,1,0,1,0,0,0,0,1,2,0,21,0,0,0,5,1,0,0,0,0,0,9,0,0,0,0,2,0,0,0,1,0,0,15,0,0,0,0,0,0,2,1,1,0,0,0,0,0,0,0,0,0,0,0,0,0,0,0,3,1,0,0,0,0,0,0,0,0,0,0,0,0,0,0,0,0,0,10,0,0,0,5,0,0,0,0,0,0,0,0,0,0,26,11,0,0,0,0,0,0,0,0,0,6,0,0,0,8
476,0,0,0,0,0,0,0,0,0,8,0,0,0,0,0,0,0,0,0,1,0,0,0,0,0,9,0,0,0,1,0,0,3,0,0,0,0,0,0,0,0,2,1,0,0,0,0,3,0,0,0,0,0,0,0,0,1,0,0,0,0,0,0,0,0,0,0,0,11,0,1,0,0,0,0,0,0,0,0,0,0,0,0,0,0,1,0,0,0,0,0,0,0,0,0,0,0,0,5,0,0,0,0,0,0,0,1,0,0,0,0,0,0,8,3,0,0,0,0,0,0,1,0,0,0,0,0,0,0,0,0,49,19,5,0,0,0,2,0,0,0,6,0,1,0,1,0,0,0,0,0,0,0,0,0,5,0,0,0,0,0,0,0,0,1,2,1,0,0,0,0,0,0,0,0,7,0,0,0,0,11,0,0,0,9,0,0,0,0,0,3,0,0,0,0,5,0,0,0,0,0,0,0,0,0,0,0,0,0,0,0,0,0,0,7,0,0,2,0,0,0,2,0,6,0,0,0,0,0,0,1,4,0,0,0,0,0,0,2,0,0,0,0,19,0,10,0,0,1,0,0,0,0,0,46,0,0,0,0,0,0,0,0,0,0,0,0,0,0,27,0,0,0,0,11,3,0,0,0,0,3,0,0,0,0,0,6,0,0,0,0,1,0,0,0,0,0,0,0,0,0,0,0,18,1,0,0,0,0,0,0,2,0,0,1,0,0,0,1,0,0,0,0,0,0,0,0,0,0,5
477,0,0,0,0,0,0,0,0,0,18,0,0,0,0,0,0,0,1,1,0,0,0,0,0,0,0,0,0,0,2,0,0,0,0,0,0,0,0,0,0,0,1,0,0,9,0,0,0,2,0,0,0,0,0,6,0,0,0,2,0,3,0,0,0,4,0,4,1,8,1,0,0,0,0,0,0,0,0,0,1,0,0,0,0,0,0,0,0,0,0,0,0,0,1,0,0,0,0,0,7,0,0,0,0,0,0,0,0,0,14,0,0,9,9,0,1,0,0,0,0,0,1,0,0,0,0,0,0,0,0,0,2,0,0,0,0,0,0,1,0,2,0,0,0,0,7,0,0,0,0,0,0,1,0,0,1,0,0,0,0,0,0,1,0,0,0,0,0,1,0,0,0,0,1,1,1,0,0,10,0,1,0,0,0,0,0,2,6,0,0,0,0,0,0,0,8,1,0,0,2,0,0,0,1,4,0,0,0,0,1,0,0,0,0,2,0,0,0,0,17,2,1,0,1,0,3,0,0,2,0,2,0,20,0,0,0,0,0,0,0,0,2,0,23,0,0,0,0,4,0,0,0,0,0,0,0,0,1,5,0,1,13,0,0,0,2,0,0,0,13,0,0,0,0,0,0,0,4,0,0,2,2,39,0,0,0,0,8,1,0,0,0,6,0,0,22,0,0,0,0,0,0,0,2,0,0,0,13,0,2,8,0,0,5,15,0,3,0,0,0,0,0,0,0,0,8,0,0,0,40
478,0,0,0,0,1,0,0,0,0,19,0,0,0,1,0,0,0,0,0,19,0,0,0,1,0,0,0,0,0,0,0,0,0,8,0,0,0,41,0,11,0,0,0,0,0,0,0,0,0,0,0,0,0,0,0,0,2,0,0,0,6,0,0,0,0,5,0,2,9,3,13,0,0,0,0,0,0,0,0,0,0,0,0,4,0,0,0,0,1,0,2,0,0,0,0,0,0,0,8,0,4,3,1,0,1,0,0,0,0,0,0,0,1,0,8,0,3,0,0,0,0,0,0,0,0,1,0,0,0,0,0,23,0,0,0,0,0,0,0,0,0,0,0,2,0,0,0,0,0,0,0,0,0,0,0,0,0,0,0,0,0,0,2,0,0,1,2,0,0,12,0,0,0,4,2,0,0,1,0,0,0,1,0,0,0,0,0,0,0,0,1,0,0,7,0,5,0,0,0,0,0,0,0,0,0,0,0,0,1,0,11,0,0,0,3,0,0,0,0,0,0,0,0,0,0,0,0,0,0,0,6,0,0,0,0,0,0,0,4,0,1,0,0,1,5,70,0,0,10,0,0,0,0,4,10,0,0,0,0,0,0,0,2,0,0,14,0,0,0,0,0,0,0,0,8,0,0,0,0,0,0,0,0,0,0,0,26,0,4,1,0,0,0,0,0,1,0,0,0,0,0,6,0,5,0,0,5,0,0,0,0,2,0,0,1,11,0,0,0,0,4,3,0,0,0,1,1,1,1,42
479,0,1,0,14,0,0,0,1,0,21,0,0,0,0,0,0,2,1,0,2,0,2,0,0,0,0,0,0,0,0,0,0,1,0,36,0,2,0,0,0,0,0,0,0,0,0,0,0,1,13,0,0,0,0,0,0,0,0,0,20,1,0,0,0,1,9,0,0,3,0,0,0,0,0,0,0,0,0,6,0,0,0,0,0,0,0,11,0,1,0,3,1,0,0,0,0,0,0,0,0,3,0,0,0,0,0,0,0,0,2,10,3,0,1,0,0,1,0,0,0,0,0,0,0,0,1,0,0,0,0,4,0,0,1,0,1,1,2,0,0,0,0,0,1,0,0,0,0,0,1,0,0,19,0,0,2,0,2,0,0,0,0,12,0,0,1,0,1,0,0,0,0,0,7,1,0,1,0,0,0,0,0,0,0,0,0,0,0,0,0,0,3,0,0,0,0,0,0,0,0,0,0,0,7,0,0,0,0,0,0,0,0,0,0,3,1,0,0,0,0,0,0,0,2,0,0,0,7,0,0,0,0,2,0,7,0,0,0,0,0,0,0,0,1,0,21,28,0,0,0,1,0,0,3,0,0,0,0,0,0,0,1,0,0,25,0,0,0,4,0,0,0,0,0,2,0,0,0,0,0,0,0,0,0,0,0,0,0,0,0,0,0,0,0,6,6,2,0,0,0,0,0,1,13,0,0,4,0,0,0,0,0,0,0,1,0,0,0,0,0,0,0,0,0,0,0,0,0,0,65
480,0,0,22,0,0,1,0,0,0,5,0,0,0,0,0,0,0,0,0,0,1,0,0,0,0,0,0,1,0,0,0,0,0,0,0,3,0,0,0,0,0,0,0,0,0,0,0,0,2,0,0,0,0,0,3,0,0,0,0,0,1,0,0,0,0,8,4,0,0,0,0,0,0,0,0,0,0,0,0,0,0,0,0,3,0,0,0,10,0,0,0,0,0,0,0,0,0,0,0,0,1,0,0,0,0,0,0,0,0,1,0,0,0,0,0,0,0,0,0,0,0,0,0,0,1,1,0,0,0,0,2,0,0,1,0,0,1,0,0,1,0,0,0,0,0,0,0,0,0,0,0,18,6,0,0,0,0,0,0,1,0,0,0,0,0,1,0,1,0,1,0,0,0,0,0,2,0,1,0,0,0,0,0,0,0,0,0,0,0,0,0,0,0,0,0,0,2,0,0,0,0,0,0,9,0,0,0,0,0,0,10,0,1,0,2,0,0,0,0,0,0,0,0,0,0,0,5,13,0,0,0,0,3,0,7,0,0,0,0,0,0,0,0,6,0,16,0,2,0,3,0,0,0,0,1,0,0,0,0,0,0,0,1,0,9,0,0,0,0,0,0,0,0,0,1,0,0,0,0,0,0,0,0,1,0,0,0,0,0,0,0,0,1,0,6,5,5,0,0,3,1,18,1,0,0,0,0,0,0,0,1,1,9,0,1,0,0,0,1,0,0,0,0,0,0,3,0,6,0,0
481,0,0,0,0,0,0,0,0,0,59,0,0,0,0,0,2,0,0,0,12,0,0,0,0,0,0,0,0,0,0,0,0,3,20,24,0,0,0,0,0,1,0,0,0,2,0,7,0,0,0,0,0,0,0,0,0,2,4,0,0,1,0,0,0,0,2,1,2,18,0,2,0,0,0,0,0,3,0,5,0,0,0,0,1,0,0,0,0,0,0,14,0,0,0,0,0,0,0,5,0,0,0,1,0,0,0,0,0,0,0,0,0,0,0,0,0,0,0,1,0,0,0,1,4,1,0,0,0,0,0,0,92,0,0,0,0,0,0,0,1,1,0,0,2,0,0,0,0,0,0,0,0,0,0,0,0,0,0,0,0,0,0,1,1,0,1,0,0,1,7,0,0,0,18,0,1,0,0,0,0,0,0,0,0,0,0,0,0,0,0,0,0,0,0,0,5,0,0,0,0,0,0,0,0,0,0,0,0,0,0,0,0,0,0,2,0,0,14,0,0,0,0,0,0,0,0,0,0,0,0,3,0,1,0,0,0,0,0,0,0,0,4,0,2,0,45,10,0,7,0,1,1,0,0,4,0,0,0,0,0,4,0,0,0,0,11,0,0,0,2,0,0,1,0,4,0,0,0,0,9,0,0,0,1,4,0,0,0,2,0,0,0,0,0,0,0,0,0,1,0,0,0,0,21,1,0,0,0,0,0,0,0,0,0,0,0,0,0,0,0,2,0,0,0,4,0,0,0,1,50
482,1,0,0,0,0,0,0,0,0,9,0,0,0,0,0,0,0,0,0,0,2,0,0,0,0,0,0,0,2,0,0,27,0,0,0,0,0,0,4,0,0,6,0,0,0,0,0,0,0,32,0,0,0,0,5,1,0,5,0,0,0,0,0,0,1,6,1,0,7,0,0,1,0,0,3,0,0,0,1,0,0,0,0,0,0,0,4,0,1,0,0,0,0,0,0,0,0,0,0,1,0,0,0,0,0,0,0,0,0,0,0,0,0,0,0,0,0,0,1,0,0,0,0,0,0,2,0,1,0,0,4,0,0,0,0,0,2,0,0,0,0,0,0,0,0,0,0,0,0,0,0,0,6,0,0,2,0,0,0,0,5,0,34,0,0,0,0,5,0,6,0,0,0,0,0,0,0,0,0,0,0,0,0,0,0,0,0,0,0,0,0,0,0,0,0,1,0,0,0,0,0,0,0,15,0,0,1,0,3,1,0,0,0,0,2,1,0,0,0,7,0,0,0,0,0,0,0,0,0,0,0,0,0,0,20,0,0,0,0,0,0,0,0,4,0,6,0,0,14,0,0,0,0,6,0,0,0,0,0,0,0,0,0,0,18,7,0,0,1,0,0,0,0,0,2,0,0,0,0,0,0,0,47,1,0,0,0,0,0,0,0,0,0,0,0,0,1,0,0,1,0,1,0,7,0,0,0,26,0,0,0,0,0,0,1,0,0,0,0,0,0,4,0,0,16,0,0,0,0,0
483,0,0,21,0,0,0,0,0,0,18,0,2,0,0,0,0,0,6,0,0,1,1,0,0,0,0,0,0,0,0,0,0,1,8,0,0,0,0,0,0,0,0,0,0,0,0,5,0,0,22,0,0,9,0,0,0,0,0,0,0,1,0,0,2,1,3,0,2,17,0,0,0,0,0,0,0,0,0,0,0,0,0,0,1,2,0,0,0,3,0,4,1,0,0,0,1,0,17,4,0,0,0,0,0,0,0,0,0,0,1,0,3,0,1,0,0,0,0,0,0,0,0,0,0,0,1,0,0,0,0,0,10,1,0,1,0,0,0,0,0,0,0,42,1,0,0,0,0,0,0,0,12,0,0,2,0,0,0,0,0,0,0,9,0,0,0,0,0,0,0,0,3,0,6,1,0,1,0,0,0,1,0,0,0,0,0,0,0,0,0,0,0,0,1,0,1,0,0,0,0,0,0,0,3,0,0,2,0,0,0,17,0,0,0,4,1,0,10,0,0,0,0,0,0,1,0,0,0,0,0,7,0,0,0,0,0,0,0,0,0,0,0,0,1,2,41,0,0,27,0,0,0,0,0,4,9,0,0,0,0,17,0,0,0,0,7,0,10,0,3,0,2,0,0,13,0,0,0,0,0,1,0,9,0,0,0,21,0,2,0,0,0,0,0,8,0,0,0,0,0,0,0,0,38,1,0,4,0,0,0,0,0,0,0,0,0,0,0,1,0,0,7,0,2,0,0,0,0,0,85
484,0,0,0,19,0,3,0,2,0,29,1,1,0,2,0,0,0,2,0,2,5,0,0,1,0,0,0,0,0,0,0,0,0,0,0,0,0,0,0,0,0,0,1,0,0,0,0,0,0,12,0,0,0,0,4,0,0,0,0,0,0,0,0,0,0,8,5,0,0,0,12,0,0,0,0,0,0,0,0,0,0,0,0,0,0,0,0,8,0,0,0,1,0,0,0,0,0,6,0,1,1,0,0,0,0,0,0,0,0,1,0,0,0,0,2,0,0,0,0,0,0,0,0,7,0,0,0,0,0,0,4,0,0,0,0,0,0,0,1,0,0,0,0,0,0,0,0,0,2,0,0,0,8,0,0,0,0,0,0,0,4,0,33,0,0,1,3,0,0,15,0,2,0,3,0,3,0,0,0,0,0,0,0,0,0,0,0,0,0,0,1,0,0,0,0,8,4,0,0,0,0,0,0,8,0,0,0,0,0,1,0,0,0,0,4,0,0,0,0,0,0,0,0,0,0,0,0,0,0,0,0,0,2,0,0,0,0,0,0,0,0,1,0,2,0,0,0,0,0,0,0,0,0,0,0,0,0,0,0,0,0,1,0,0,9,0,0,0,2,0,0,0,0,3,5,0,0,0,0,0,0,0,19,0,11,0,9,0,0,2,0,0,2,0,0,0,0,0,0,0,0,0,0,3,0,0,0,0,0,0,0,0,0,0,0,1,0,0,0,0,0,5,0,0,9,0,0,0,1,75
485,0,0,0,0,0,0,0,8,0,12,0,0,0,0,1,0,5,0,20,0,1,0,0,0,0,0,0,1,0,5,0,0,1,0,1,0,0,2,0,0,0,0,0,0,0,2,0,0,8,0,0,0,0,0,10,0,0,0,0,0,26,0,0,0,0,0,18,0,4,0,0,0,0,0,0,0,1,0,0,0,0,0,0,7,0,2,2,0,0,0,0,1,0,0,0,0,0,0,1,13,1,0,0,5,0,0,0,0,0,19,0,0,0,5,0,2,0,0,0,0,6,0,0,0,1,0,0,1,0,0,0,0,0,0,0,0,9,0,0,0,0,0,0,0,0,0,0,0,0,0,0,0,0,0,0,1,0,0,0,0,0,0,1,0,34,1,0,0,0,1,0,0,0,1,0,1,0,0,2,0,0,0,2,2,4,1,1,0,0,0,0,0,0,0,1,0,0,0,0,0,0,0,0,0,0,0,0,0,0,1,0,1,0,28,3,0,0,0,0,4,0,0,0,0,0,1,0,0,0,1,1,0,12,0,0,1,0,1,0,0,0,0,17,8,0,0,0,0,0,0,0,0,1,0,0,4,1,1,0,3,0,0,0,0,0,0,0,0,0,0,0,0,0,0,3,0,0,0,0,0,2,3,66,0,0,0,0,0,0,0,0,0,0,0,0,0,0,0,0,0,0,0,0,2,0,4,0,0,0,7,38,0,1,0,8,0,0,0,0,0,0,0,0,0,0,11,0,0,2,16
486,0,0,1,0,0,0,0,0,0,15,0,0,0,0,0,0,0,0,0,2,0,4,0,2,0,0,0,0,0,0,0,0,1,0,0,0,0,0,0,0,0,0,4,2,0,0,2,0,0,0,0,1,1,0,0,0,0,0,1,0,0,0,2,1,0,0,4,0,28,0,0,0,0,0,0,1,0,0,2,1,0,0,0,0,0,0,0,0,0,0,0,0,0,0,0,0,0,0,4,0,0,0,0,0,0,0,0,0,0,11,0,0,0,3,0,1,0,0,0,0,0,0,0,0,1,0,0,0,0,0,0,12,0,0,0,0,4,62,0,9,0,0,0,0,0,0,0,0,0,0,5,0,0,0,0,0,0,0,0,0,0,0,0,0,16,1,0,0,0,0,0,0,0,1,1,1,0,0,3,2,2,0,0,0,0,0,0,0,0,0,0,1,0,0,1,0,0,0,0,0,0,0,0,0,0,0,0,0,0,0,0,0,0,0,0,0,1,0,0,0,0,0,0,0,0,0,0,1,0,0,1,0,0,3,0,0,0,0,0,0,0,1,0,25,0,5,13,0,2,0,0,0,0,0,1,0,0,0,0,0,0,0,0,0,0,13,0,0,0,0,0,0,0,1,8,0,0,3,0,4,0,1,0,0,0,0,1,6,0,3,0,0,0,0,0,0,0,0,0,0,0,0,0,5,0,5,0,0,0,0,2,0,0,0,2,0,0,0,0,0,0,0,1,0,0,6,0,1,4,65
487,0,0,4,0,0,0,0,0,0,14,0,0,0,0,4,0,0,0,0,10,4,1,0,1,0,0,0,0,0,0,0,13,1,5,0,0,0,0,1,0,0,5,0,0,3,0,7,0,3,3,0,0,4,0,0,0,0,0,0,0,1,0,1,0,0,0,0,0,6,0,0,0,1,0,0,0,0,0,0,0,0,0,0,0,0,0,0,0,1,0,0,1,0,0,0,0,0,0,24,0,0,0,0,0,1,0,0,0,0,0,14,2,0,3,0,7,3,0,0,0,0,0,0,0,0,0,0,0,0,0,0,57,0,0,0,0,0,0,0,0,0,0,0,1,0,0,0,0,0,0,2,10,0,1,1,0,8,3,0,0,0,0,0,1,0,0,0,0,0,3,0,5,0,8,1,1,0,1,0,0,0,0,4,0,0,0,0,0,0,0,0,9,0,4,0,0,0,30,0,0,0,0,0,2,0,0,0,0,0,0,0,0,1,0,0,1,5,0,0,0,0,0,0,0,0,0,0,0,0,0,5,0,1,0,0,0,0,0,0,0,0,0,0,1,0,188,0,0,10,0,0,0,0,0,5,0,0,0,0,0,0,0,1,1,0,5,0,0,2,2,0,0,0,8,2,0,0,0,0,0,0,0,0,2,3,0,12,0,2,3,0,0,1,0,0,0,4,0,2,0,1,0,0,26,0,0,0,0,0,0,0,1,0,0,0,0,0,0,0,0,0,0,0,0,19,0,0,6,0,41
488,0,0,0,0,0,1,0,0,0,3,0,0,0,0,1,0,0,0,0,0,0,2,0,5,0,0,0,0,0,6,0,0,0,0,0,5,4,0,0,0,0,1,3,0,0,1,0,0,0,0,0,0,1,0,6,0,0,0,0,0,3,0,6,0,1,1,15,0,6,1,0,0,0,0,0,0,0,0,0,0,0,0,0,0,0,0,7,0,0,0,1,0,0,0,0,2,1,13,0,32,5,0,0,0,0,0,3,0,0,7,0,0,0,2,0,0,0,0,15,0,0,1,0,0,0,0,0,0,0,9,0,0,0,0,0,0,1,0,0,0,0,0,0,0,0,0,0,0,0,0,0,0,0,0,0,0,0,0,0,0,1,0,0,0,0,1,0,1,0,0,1,4,0,0,6,1,0,2,1,4,0,0,4,2,0,0,1,0,0,0,0,0,0,0,0,5,0,0,0,0,0,0,3,3,0,0,0,0,0,1,0,0,0,6,2,1,0,1,0,0,0,0,0,1,0,0,1,0,0,0,1,0,0,0,0,0,0,0,0,0,0,0,0,12,0,0,0,0,0,0,0,0,0,0,0,0,2,0,0,0,0,0,0,0,0,0,0,0,0,24,0,0,0,0,2,0,0,0,0,2,3,2,35,0,0,0,0,0,0,0,0,0,3,0,0,0,0,0,0,0,0,0,0,2,0,0,0,0,0,4,24,0,0,0,24,3,0,0,0,0,0,0,0,0,0,0,0,0,0,0
489,0,0,0,13,0,0,0,0,0,11,0,0,0,0,0,0,16,0,0,1,0,0,0,8,0,0,0,0,0,0,0,0,0,2,0,0,1,0,0,0,0,0,0,0,7,0,0,0,0,0,0,1,0,2,0,0,0,0,1,0,11,0,0,0,2,0,6,1,24,0,0,0,0,0,0,0,1,0,0,0,0,2,0,0,0,2,1,0,1,0,0,0,0,0,0,0,0,0,2,0,2,0,0,0,5,0,0,0,0,0,0,0,0,3,0,0,0,0,0,0,5,0,2,0,0,0,0,0,0,4,0,19,0,0,1,0,0,0,0,0,0,3,0,0,0,0,0,0,0,0,0,1,0,0,3,0,0,0,0,0,0,0,0,0,0,1,0,0,0,0,0,0,0,1,2,0,0,0,0,0,1,0,0,0,0,0,0,0,0,0,0,0,0,0,0,32,0,0,0,0,0,0,0,0,0,2,0,0,0,0,0,0,2,10,1,0,0,0,0,0,0,0,0,0,0,0,0,0,0,0,2,0,5,1,0,0,0,0,0,0,0,0,0,30,0,10,0,0,18,0,0,0,1,0,2,0,0,1,0,3,0,0,0,0,0,4,0,0,0,0,0,0,0,1,7,0,0,0,0,0,1,0,62,0,0,0,1,0,0,0,1,0,0,0,0,0,0,0,0,0,0,0,0,7,0,0,0,0,0,0,19,0,1,0,6,7,0,0,0,0,1,0,0,0,0,0,0,0,5,88
490,0,0,1,0,0,0,0,15,1,5,0,0,0,0,4,0,0,0,0,0,0,1,0,0,0,0,5,0,0,0,0,0,1,1,0,0,1,0,0,8,1,0,0,0,0,0,0,0,0,0,0,0,0,0,0,0,0,1,0,0,1,0,0,0,0,1,0,0,16,0,0,0,0,0,0,0,0,13,0,0,1,0,0,3,0,0,0,0,1,0,0,4,1,0,0,0,0,0,7,0,0,0,0,0,0,0,0,0,2,0,0,0,2,1,0,0,0,0,0,0,0,0,0,0,0,2,1,0,0,0,0,25,0,0,0,0,0,0,0,0,0,0,0,1,0,0,0,0,0,0,0,11,0,0,0,0,1,2,0,0,0,1,0,0,0,0,0,0,0,0,0,0,0,0,0,8,0,0,0,0,0,0,5,0,0,16,0,1,0,2,0,0,0,0,1,0,0,0,0,0,0,0,0,0,0,0,0,1,0,0,0,0,0,0,6,0,0,0,0,0,0,1,0,0,1,0,0,0,5,0,0,0,0,0,0,0,0,4,0,0,0,0,0,20,0,21,1,3,0,0,0,0,0,0,53,0,0,0,0,0,0,0,0,0,0,1,0,0,0,23,0,0,0,0,15,0,5,0,19,0,11,0,0,1,0,0,2,0,0,1,0,0,0,0,0,0,1,0,8,0,0,0,0,8,1,10,0,0,0,0,0,1,0,2,0,0,0,0,0,0,0,0,0,0,0,0,0,1,0,5
491,0,0,16,7,0,0,0,0,0,40,0,1,0,0,1,0,0,0,0,2,0,2,0,3,0,0,0,0,1,0,0,0,1,13,85,0,6,0,0,0,0,0,0,0,0,0,0,0,0,0,0,4,0,0,0,0,0,0,0,0,0,0,0,0,0,1,0,0,7,0,0,0,0,3,0,0,0,0,0,0,0,0,0,0,3,1,3,0,1,0,2,0,0,0,0,0,0,0,0,0,0,0,0,0,0,0,2,0,0,0,0,1,0,1,0,0,0,0,0,0,0,0,0,0,0,0,0,2,0,0,2,19,0,0,0,1,0,0,0,0,0,0,0,1,0,0,0,0,0,0,10,0,1,0,0,0,0,0,0,0,0,0,0,0,0,0,0,0,0,3,0,0,0,9,1,1,0,0,0,0,1,0,0,0,1,0,0,0,0,0,0,0,0,0,0,0,0,0,0,0,0,0,0,0,0,0,0,0,0,0,0,0,0,23,2,0,2,0,0,0,0,0,0,0,1,0,0,0,0,0,1,0,0,0,0,0,0,0,0,0,0,6,0,1,7,172,0,0,0,0,0,2,0,0,5,0,0,0,0,0,5,0,1,0,0,4,0,0,0,0,0,0,0,5,3,0,0,0,0,0,0,0,0,0,0,0,11,0,0,0,0,0,0,0,0,0,0,0,2,1,0,0,0,14,1,0,0,0,0,0,0,1,19,0,0,2,0,0,1,0,0,0,0,0,0,1,0,0,0,115
492,0,0,0,0,0,1,0,0,0,12,0,0,0,0,2,2,0,0,0,10,0,0,0,1,0,0,0,2,0,0,0,0,0,0,0,0,0,0,0,0,0,0,0,0,0,0,0,0,2,0,0,0,0,0,0,0,0,0,0,0,2,0,2,0,0,3,0,0,5,0,0,0,0,0,0,0,0,0,0,0,0,0,0,0,0,0,0,0,0,0,4,2,0,0,0,0,0,0,41,0,0,0,0,0,0,0,4,0,0,0,0,2,0,0,0,0,0,0,1,0,0,5,0,0,2,0,0,2,0,2,0,72,0,0,0,0,0,2,1,1,0,0,0,2,0,0,0,0,0,0,0,0,0,0,0,1,0,1,0,0,0,0,1,0,0,1,0,1,0,5,0,0,0,0,0,1,0,0,0,0,1,0,0,0,0,0,0,0,0,0,0,0,0,0,0,3,0,0,0,0,0,0,0,0,0,0,0,0,0,0,5,0,0,0,1,1,0,0,0,0,0,0,0,0,0,1,0,0,0,0,2,0,1,0,4,0,0,0,0,0,0,2,0,2,0,34,16,0,0,0,0,0,0,0,1,0,0,0,0,0,12,0,1,0,0,9,0,0,0,0,0,0,1,2,0,0,0,0,0,0,0,0,6,0,4,0,0,0,4,0,0,2,0,0,0,0,0,0,2,0,0,1,0,33,0,0,0,34,0,0,0,0,0,0,0,0,0,0,0,0,0,0,0,0,0,0,0,0,1,0
493,0,0,0,4,1,0,0,9,0,0,0,0,0,0,0,0,0,0,8,0,1,2,0,6,4,0,0,7,0,0,0,0,0,0,0,0,1,0,1,0,0,0,0,0,0,0,0,0,3,0,0,0,0,0,6,0,0,0,0,0,0,0,0,0,0,1,0,1,0,0,0,0,0,0,0,0,0,0,0,2,0,0,0,0,1,0,0,0,0,0,0,0,0,0,0,0,0,4,0,2,0,0,0,1,0,5,0,0,1,0,0,0,0,2,0,0,0,1,0,0,0,0,0,0,0,0,0,1,0,38,0,0,0,0,1,2,0,0,0,0,0,0,0,9,0,0,0,0,0,0,0,1,0,0,0,0,1,0,0,0,1,0,1,0,0,2,0,0,2,0,0,0,0,0,1,0,0,3,1,3,0,0,0,0,4,0,0,0,0,0,0,0,0,0,0,9,0,0,0,0,0,0,0,2,0,0,0,0,0,1,1,0,0,0,3,0,0,2,0,8,0,3,2,0,1,1,1,5,0,0,0,0,8,0,0,1,0,0,0,0,0,0,0,41,0,0,8,0,0,0,0,6,0,0,0,0,0,0,7,0,1,0,0,0,0,0,0,0,0,15,0,0,0,0,1,0,1,0,0,0,0,0,62,0,0,0,0,0,0,0,0,0,0,0,0,0,0,0,0,0,0,0,0,6,0,0,0,0,0,5,3,0,0,0,25,0,7,0,0,0,1,0,0,0,0,0,0,0,0,18
494,0,0,0,0,0,1,0,0,0,26,0,0,0,0,0,0,0,0,1,0,4,0,0,0,0,0,0,1,0,0,0,39,0,0,0,0,16,0,0,0,0,0,1,0,0,0,0,0,0,50,0,0,0,0,0,0,0,0,0,0,3,0,0,0,0,5,6,1,1,0,0,0,0,0,1,0,2,0,3,0,0,0,0,0,3,0,0,0,0,0,0,1,1,0,0,0,0,9,0,0,0,1,0,0,0,0,1,0,0,2,0,0,0,1,0,0,0,0,0,0,6,0,0,0,0,1,0,0,0,0,5,0,0,1,0,0,0,0,0,0,0,0,0,0,0,0,0,0,0,0,0,0,17,0,0,0,0,0,0,1,10,0,24,1,4,1,0,2,0,3,1,2,0,0,0,1,0,0,0,0,1,0,0,0,0,0,0,0,1,0,0,4,0,0,0,0,0,0,0,0,0,0,0,0,0,0,0,0,1,0,0,0,0,8,2,0,0,0,0,6,0,5,0,0,0,1,0,0,0,0,0,0,2,0,0,0,0,0,0,0,0,0,0,2,6,0,0,0,13,0,0,0,0,0,0,0,0,0,0,0,12,0,1,0,5,0,0,0,0,0,0,0,0,0,0,1,0,0,0,0,0,0,0,3,0,0,0,0,0,0,0,0,0,0,0,0,0,0,0,0,0,0,1,9,0,0,2,0,0,0,0,0,0,2,1,3,0,1,0,0,0,0,0,0,0,1,0,0,0,16
495,1,0,0,0,0,1,0,0,0,11,0,0,0,0,0,0,1,0,0,8,0,0,0,1,0,0,0,1,0,0,0,0,0,24,27,0,0,41,0,0,0,0,0,0,1,0,23,0,4,0,0,0,0,0,0,0,0,4,0,6,1,0,3,0,0,6,0,0,4,0,0,0,0,1,0,1,0,0,0,0,0,0,0,0,0,1,0,2,0,0,18,2,0,0,0,0,0,0,1,0,0,0,0,0,0,0,0,0,0,0,1,0,3,1,0,0,0,0,0,0,0,0,1,6,0,0,0,0,0,0,0,31,0,0,0,0,0,0,0,0,0,0,0,0,3,0,0,0,0,0,0,0,0,0,0,0,5,0,0,0,0,0,7,0,0,0,0,0,0,2,0,0,0,12,0,0,0,0,0,0,0,0,0,0,0,0,0,0,0,0,0,0,0,0,0,0,0,0,0,0,0,0,0,0,0,0,0,0,0,0,12,0,0,0,6,0,0,0,0,0,0,0,0,0,0,0,0,11,0,0,3,0,0,0,0,0,0,0,1,0,0,3,1,3,0,33,0,0,0,0,0,0,0,9,7,0,7,0,0,0,0,0,2,0,0,7,0,0,0,0,0,0,0,4,3,0,0,0,0,0,0,0,0,0,0,0,17,0,0,0,0,0,0,0,0,0,0,0,0,0,0,0,0,25,1,0,3,13,0,0,0,0,0,0,0,0,0,0,0,0,2,0,0,5,0,0,0,0,0,42
496,0,0,0,12,0,0,0,0,1,35,0,0,0,0,1,0,0,0,0,3,0,1,0,1,0,0,0,0,0,0,0,0,0,31,0,0,0,0,3,0,0,0,1,0,0,0,0,0,0,0,0,0,0,0,2,1,0,0,4,0,0,1,0,0,0,0,0,0,12,0,0,0,0,0,0,0,3,0,0,0,0,0,0,0,0,0,5,3,0,0,1,1,0,0,0,0,0,0,63,0,0,0,1,0,0,0,0,0,0,3,0,5,0,0,3,0,0,0,0,0,0,0,0,0,2,0,0,0,0,0,0,50,0,0,0,0,0,0,0,0,0,0,0,1,1,0,0,0,1,0,0,0,0,0,0,0,2,0,0,0,0,0,0,0,0,1,0,0,0,12,0,0,0,7,0,0,0,1,0,0,0,1,2,0,0,0,0,6,0,0,0,3,0,4,0,0,0,0,0,0,0,0,0,0,0,0,0,0,0,0,0,0,0,0,2,0,19,0,0,0,0,0,0,0,0,0,0,0,0,0,1,0,0,0,4,0,0,0,0,0,0,0,0,1,0,127,0,0,8,0,0,0,0,0,5,6,0,0,0,0,0,0,0,0,0,5,0,0,0,0,0,0,0,0,2,0,0,0,0,0,0,1,0,0,0,0,11,0,0,0,0,0,0,0,0,0,0,0,0,1,0,0,0,13,0,0,0,0,0,0,0,0,0,0,0,0,2,0,0,0,1,3,0,0,0,0,0,0,1,10
497,0,0,0,0,0,0,0,0,0,54,0,0,0,0,0,0,0,0,0,1,0,0,0,0,0,0,0,7,0,0,0,0,1,3,0,0,3,0,0,0,0,0,0,0,0,0,2,0,14,0,0,0,0,0,0,4,0,8,0,0,0,0,0,0,0,0,0,1,12,0,0,0,0,0,0,0,0,0,0,0,0,0,0,0,0,0,0,0,1,0,0,1,0,0,0,0,0,0,2,0,0,3,0,0,0,0,0,0,1,14,1,0,4,4,1,0,0,0,0,0,6,0,0,0,0,0,0,0,0,0,0,7,0,0,0,0,19,0,0,0,0,0,0,43,0,0,0,0,0,0,3,0,0,0,0,1,1,0,0,0,0,0,0,0,0,2,0,1,0,0,2,0,0,1,2,1,0,5,0,4,0,0,0,0,0,0,0,0,0,0,0,0,0,0,0,8,0,0,0,0,0,0,0,0,3,0,0,0,0,0,0,0,0,0,1,0,0,0,0,0,0,0,0,0,0,0,0,0,0,0,0,0,16,0,0,0,0,0,0,0,0,2,0,9,1,6,0,0,5,0,0,0,0,0,1,3,0,0,2,0,1,6,3,0,0,3,0,0,3,0,0,4,0,0,8,0,0,0,0,0,0,2,0,0,0,0,0,5,0,0,0,0,0,0,0,0,0,0,4,0,0,3,0,6,1,2,0,0,0,1,4,0,0,0,0,0,0,0,0,0,0,2,0,0,0,21,0,0,1,3
498,0,0,0,0,0,0,0,0,0,11,0,0,1,0,10,0,0,4,0,0,0,0,0,0,0,0,0,0,0,0,0,0,0,0,0,0,0,0,0,0,0,0,0,0,0,0,0,0,0,0,0,1,2,0,0,8,0,0,0,0,1,0,0,0,0,1,0,0,35,0,0,0,1,0,0,0,0,0,0,0,0,0,0,0,0,0,0,0,5,0,0,4,0,0,0,0,0,0,7,3,0,0,0,0,0,0,0,0,0,26,0,0,0,2,3,0,0,0,0,0,0,0,0,0,0,0,0,0,0,1,0,25,0,2,0,0,0,0,0,0,0,0,0,0,0,0,0,0,1,0,0,0,0,0,11,0,4,1,0,0,0,0,2,0,0,1,0,0,0,0,0,0,0,5,0,1,0,7,0,0,0,0,0,0,0,0,0,2,0,0,0,4,0,0,0,0,0,1,0,0,0,0,0,0,0,0,0,1,1,0,0,0,0,0,3,0,0,0,0,0,0,0,6,0,0,2,0,0,0,0,0,0,0,0,2,0,1,0,0,0,0,0,0,1,0,0,0,0,5,0,2,0,0,0,46,0,0,0,8,0,4,0,0,0,0,0,0,0,0,25,0,0,0,0,31,0,0,0,0,0,0,0,0,0,0,0,2,0,0,0,0,0,0,0,0,0,1,0,0,0,0,0,0,22,2,1,0,0,2,0,9,5,0,0,3,0,0,0,0,0,0,0,0,0,1,0,0,0,0,0
499,0,0,0,0,0,0,0,0,0,17,0,1,0,0,2,0,0,0,0,5,0,0,4,1,3,0,0,0,0,0,0,0,2,1,0,0,0,0,1,0,0,0,0,0,7,0,2,0,0,0,0,0,0,0,6,0,0,0,0,0,0,0,0,0,0,0,0,0,5,0,0,0,0,0,0,0,0,0,0,0,0,0,0,0,0,0,0,0,1,0,0,1,0,0,0,0,1,0,0,0,0,0,0,3,0,0,0,0,0,0,0,1,0,2,1,1,0,0,0,0,0,0,0,0,0,0,0,0,0,0,1,19,0,0,0,0,0,0,0,0,0,0,0,13,0,0,0,0,0,0,0,0,0,1,4,0,0,0,0,0,0,0,0,0,0,1,1,0,0,0,0,0,0,0,2,1,0,0,0,0,0,1,3,0,0,0,1,0,0,0,6,0,0,12,0,0,0,0,0,0,0,0,0,0,0,0,1,0,0,0,0,0,2,0,0,0,0,0,0,0,0,0,0,0,0,0,0,0,0,0,0,0,0,0,0,0,0,0,0,0,0,0,0,5,0,3,0,0,4,0,0,0,0,2,2,0,1,1,0,0,2,0,3,0,0,3,0,0,0,0,0,5,8,0,4,0,0,0,0,11,2,1,0,0,0,0,1,0,0,0,0,0,0,0,0,0,0,0,0,0,0,0,0,3,1,0,0,0,0,0,32,0,0,0,2,0,0,0,0,0,0,0,0,0,0,0,0,0,6,10
500,0,0,1,0,0,0,17,0,0,3,0,0,1,0,5,0,0,0,21,0,0,0,0,0,1,0,0,0,0,1,0,18,0,0,0,0,0,35,0,0,0,0,0,0,0,1,4,0,0,8,0,0,0,0,13,0,0,2,1,0,1,0,0,0,0,3,1,0,0,2,0,0,0,0,0,0,4,6,2,2,0,0,0,0,0,1,0,0,0,0,0,5,0,0,0,0,0,1,0,4,0,0,0,0,0,0,0,0,0,8,0,0,0,6,0,3,0,0,7,4,0,0,0,0,0,1,0,0,0,0,0,0,0,0,0,0,0,0,0,0,0,0,0,0,0,0,0,0,0,0,0,0,1,1,0,3,0,0,0,1,2,0,0,0,1,1,0,0,0,0,0,0,0,4,0,3,0,5,0,1,0,0,0,0,0,7,0,0,0,0,1,0,0,0,0,0,0,1,0,0,0,0,0,1,0,0,2,0,1,0,0,0,0,0,6,11,0,4,0,0,0,0,0,10,3,7,0,0,0,2,0,0,2,0,0,0,1,0,2,0,0,0,25,30,0,0,0,0,0,0,0,0,0,0,0,1,3,0,0,0,0,0,1,0,5,0,0,0,0,0,0,0,0,0,4,0,0,0,0,0,3,0,0,0,1,0,0,0,1,0,0,0,0,0,0,0,0,0,0,0,0,0,0,2,0,0,0,0,0,0,3,0,0,0,6,2,0,0,2,0,0,0,0,0,0,1,0,1,0,3
501,0,0,0,8,0,0,0,0,0,6,0,0,0,0,0,0,0,0,0,3,0,1,0,0,0,0,0,0,0,0,0,0,0,2,0,0,0,0,0,0,0,0,0,0,7,1,0,0,0,0,0,0,0,0,0,5,0,0,1,0,14,0,0,0,0,0,0,0,14,0,1,0,0,0,0,0,0,0,0,0,0,0,0,0,0,0,0,0,1,3,0,0,0,0,0,0,0,0,0,0,0,1,0,0,0,0,0,0,0,17,0,1,14,4,0,0,0,0,14,0,0,0,0,0,0,0,0,1,0,0,0,17,0,0,0,0,0,0,0,0,5,0,0,8,0,0,0,0,0,0,0,0,0,0,0,0,0,0,0,0,0,0,0,0,0,0,0,0,0,0,0,7,0,0,2,1,0,0,0,0,0,1,0,0,0,0,0,0,0,0,0,0,0,0,0,10,0,0,0,0,0,0,0,0,4,0,0,0,0,0,0,0,0,0,1,0,0,0,0,0,0,0,0,0,0,0,0,0,0,0,1,0,5,0,0,0,0,0,0,0,0,0,0,6,0,4,15,0,0,0,0,0,0,0,0,0,0,0,0,0,0,0,2,1,0,2,0,0,0,0,0,0,0,0,6,2,0,0,0,0,2,0,0,0,0,0,1,0,0,0,0,0,6,0,0,0,0,0,0,4,0,5,0,3,0,2,0,0,0,2,0,1,0,0,0,0,7,0,0,0,0,0,0,0,0,0,0,0,9,9
502,0,0,0,0,0,0,0,0,0,0,0,0,0,0,0,0,0,0,0,1,0,0,0,0,0,0,0,0,0,7,0,0,0,0,0,1,0,0,1,0,0,0,0,0,0,0,0,0,0,0,0,1,0,1,0,5,2,0,0,0,14,0,0,0,2,0,0,0,0,2,1,0,0,0,0,3,0,0,2,0,0,0,0,0,0,0,0,0,1,0,0,0,0,0,0,1,0,0,0,0,1,0,0,0,0,0,0,0,0,0,0,0,0,0,0,0,0,0,0,0,0,1,14,0,0,0,0,0,0,43,0,35,0,0,0,0,3,0,0,0,0,4,0,9,0,0,0,0,0,0,0,0,0,0,0,0,0,0,0,0,0,0,0,0,0,0,0,0,0,0,0,0,0,0,1,0,0,0,0,0,0,1,0,0,0,0,0,5,0,0,0,0,0,19,0,0,0,0,0,0,0,0,0,0,2,0,0,0,0,0,2,2,0,0,2,0,0,1,0,0,0,0,0,0,0,0,0,0,0,0,0,0,0,0,0,0,0,0,0,0,0,0,0,6,0,5,0,0,3,1,0,0,0,0,2,5,1,0,0,0,1,0,3,0,0,0,0,0,0,0,10,0,0,1,3,0,0,0,0,0,0,0,0,0,0,0,0,14,1,0,0,0,0,0,0,0,0,0,0,9,0,3,0,0,1,0,0,0,0,0,20,0,0,16,12,3,0,0,0,0,0,0,0,0,0,21,0,0,2,23
503,0,0,0,0,0,0,14,0,0,11,0,0,0,0,0,0,8,0,0,1,0,0,0,0,0,0,3,0,0,1,0,1,0,0,5,0,0,21,0,0,0,0,0,0,0,0,0,0,0,8,0,0,0,0,0,0,0,0,0,0,0,0,0,0,0,1,0,0,39,1,0,0,0,1,0,1,0,0,0,0,0,0,0,0,0,0,0,0,1,0,0,1,0,0,0,0,0,1,0,3,0,0,0,0,0,0,0,0,0,0,0,0,0,3,7,0,0,0,0,0,0,0,0,0,0,0,0,0,0,0,0,105,0,0,0,0,0,0,9,6,0,4,0,1,0,0,0,0,0,0,0,0,0,1,0,0,0,0,0,0,0,0,1,0,0,1,0,0,0,1,0,1,0,8,0,0,0,5,0,0,0,0,0,0,0,0,0,0,0,0,0,10,0,0,0,1,0,0,0,0,0,0,0,0,0,0,0,1,1,0,0,0,0,0,7,0,0,0,0,0,0,0,0,0,0,0,0,0,0,0,0,6,1,0,1,0,0,0,2,0,0,0,0,6,0,4,1,0,0,0,0,0,0,0,21,0,0,0,0,0,0,8,0,0,0,0,0,0,0,0,0,0,0,0,21,0,0,0,17,0,0,0,2,0,0,0,2,0,0,0,3,0,0,0,0,0,0,0,0,0,0,0,0,11,0,0,0,0,0,0,0,5,0,0,0,1,0,0,0,0,0,0,0,0,0,0,0,1,0,3
504,0,1,0,0,5,0,0,0,0,5,0,0,0,0,1,0,0,0,0,4,0,0,0,3,3,0,0,5,0,0,0,1,1,2,0,0,0,0,0,0,0,0,0,0,0,0,0,0,0,0,0,0,0,0,0,0,0,0,0,0,23,0,0,0,0,0,0,0,10,0,0,0,0,0,0,0,0,0,6,0,0,0,0,0,0,0,0,0,0,2,0,2,1,0,0,0,0,0,5,5,0,0,13,0,0,0,0,0,0,0,1,0,0,4,0,0,0,0,0,0,0,0,0,0,0,0,0,1,0,66,0,26,1,0,0,0,0,0,0,0,0,0,0,0,1,0,0,0,0,0,1,0,0,0,0,0,0,0,0,0,0,0,0,0,0,0,0,0,0,1,0,3,1,1,0,0,0,0,0,0,0,0,0,0,0,0,1,1,0,0,12,0,0,0,1,12,0,0,0,8,0,0,0,0,0,0,0,0,0,0,0,0,0,0,2,0,0,1,0,6,0,0,0,0,0,0,0,0,0,0,1,0,1,0,0,0,4,0,0,0,0,0,0,6,0,4,0,0,8,2,0,0,0,1,0,0,0,0,0,0,1,22,1,0,0,0,0,0,0,0,0,2,0,0,2,0,0,0,1,5,0,0,0,0,0,0,1,0,0,0,0,0,5,0,0,0,0,0,16,0,0,0,0,4,0,0,0,17,0,0,0,1,0,0,4,0,0,0,0,0,0,0,0,0,1,0,0,0,3,21
505,0,0,0,4,7,0,1,0,3,0,0,0,0,0,0,0,0,0,0,0,0,0,0,0,0,0,0,0,3,0,0,0,0,0,0,0,0,0,0,0,0,0,0,2,0,1,0,0,0,0,0,0,0,0,14,0,0,4,0,0,1,0,0,0,0,13,6,0,3,0,0,0,0,2,1,0,0,0,0,0,0,0,0,0,0,0,0,0,0,0,0,1,6,0,0,0,0,0,0,0,1,2,0,0,1,0,0,0,0,1,0,0,0,1,0,0,0,0,0,0,0,0,0,0,0,1,0,0,0,0,0,0,1,0,0,0,2,4,0,0,0,0,0,0,1,0,0,0,0,1,0,8,10,0,0,0,2,4,0,0,0,0,13,0,0,1,0,5,0,0,2,0,0,0,0,0,0,0,0,0,0,1,0,0,0,1,0,0,0,0,0,0,0,0,0,9,1,15,0,0,0,0,0,0,0,0,0,0,0,0,0,0,0,0,2,0,0,0,0,5,0,2,0,1,0,0,0,0,0,0,0,0,1,0,4,0,0,0,0,0,0,0,0,3,0,0,0,4,3,0,0,0,0,0,0,0,0,0,0,0,0,0,0,0,8,15,0,8,5,3,0,0,0,0,3,0,0,0,0,0,0,0,0,1,0,0,15,0,2,0,0,0,0,0,0,0,0,0,0,1,0,0,0,10,0,0,0,0,0,0,0,0,15,0,1,1,0,0,1,0,0,0,0,0,0,1,0,0,0,8
506,0,0,0,20,0,0,0,0,0,0,0,0,0,0,0,0,0,0,10,0,0,3,0,4,0,0,0,0,0,5,0,0,0,0,0,0,0,0,0,0,0,0,2,0,0,1,0,0,0,0,0,0,0,0,0,0,0,0,0,0,14,0,0,0,0,0,22,0,0,1,0,0,0,0,0,0,2,0,13,0,0,0,0,0,0,0,0,0,0,0,0,0,0,1,0,1,1,0,1,7,1,0,0,0,0,0,0,0,0,10,0,0,5,3,0,0,0,1,0,0,19,0,0,0,0,0,0,0,0,0,0,0,0,0,0,0,7,27,0,0,0,0,0,7,1,0,0,0,0,0,4,0,0,0,0,0,0,0,0,0,1,0,1,0,0,2,1,0,0,0,0,11,0,0,2,1,0,0,0,0,0,0,6,0,0,0,0,0,0,0,0,0,0,0,0,46,0,0,0,0,0,0,0,1,0,0,0,0,0,0,2,0,0,4,4,1,0,0,0,3,0,0,1,0,0,0,0,0,0,0,0,0,10,0,0,0,4,0,0,0,0,0,17,25,0,0,0,0,8,3,0,0,0,0,0,0,0,0,0,0,2,3,2,0,0,0,0,0,3,0,0,0,0,0,2,0,0,0,0,0,0,0,61,1,0,0,0,0,0,0,0,0,0,0,0,0,0,0,11,0,0,0,0,4,0,0,0,10,0,1,38,0,0,0,14,0,0,0,0,0,0,0,0,0,0,35,0,0,1,21
507,0,0,0,0,0,0,0,0,0,31,0,1,0,0,1,3,0,0,0,11,1,0,0,2,0,0,0,0,0,0,0,0,2,4,0,1,19,0,0,0,0,0,0,0,0,0,0,0,0,0,1,3,0,0,5,0,0,0,0,0,3,0,0,0,0,4,0,1,25,0,11,0,0,0,0,0,0,0,2,0,0,0,0,0,0,0,0,0,1,0,0,1,0,0,0,0,0,0,47,0,0,0,0,0,0,0,0,0,0,0,0,0,0,1,0,0,0,0,0,0,0,0,0,0,0,1,0,0,0,0,0,120,0,1,0,0,0,3,0,3,0,0,13,0,4,0,0,0,0,0,0,0,0,0,0,0,5,3,0,0,0,0,1,0,13,1,0,0,0,22,0,0,0,0,0,1,0,0,0,0,0,0,0,32,0,0,0,0,0,0,0,0,0,0,0,0,0,0,0,0,0,0,0,0,1,0,0,0,0,0,0,0,0,0,0,0,0,0,0,0,0,0,0,0,0,0,0,0,0,0,12,1,1,0,0,0,0,0,0,0,0,0,0,0,8,7,0,0,0,0,0,0,0,0,4,0,9,0,0,0,0,1,0,0,0,0,0,0,0,0,0,0,0,6,1,0,0,0,0,0,1,0,0,0,0,0,6,0,0,0,0,0,0,0,0,0,0,0,0,0,0,0,0,16,1,0,0,0,0,0,2,1,0,0,0,0,3,0,0,0,0,0,0,0,0,2,0,0,0,41
508,0,1,0,0,0,0,0,0,0,8,0,0,1,0,0,0,0,0,8,1,1,1,0,0,0,7,3,0,3,0,0,0,0,1,0,0,9,0,1,8,0,0,0,2,2,1,0,3,0,3,0,0,0,0,10,0,0,2,1,0,1,5,0,0,0,0,1,0,0,0,0,0,0,0,0,0,0,0,0,0,0,0,0,0,0,1,0,0,0,0,0,1,1,0,0,0,2,0,0,7,13,0,0,0,0,0,0,0,0,0,0,0,0,9,0,0,0,0,2,2,0,0,0,0,0,1,0,0,0,0,0,0,5,0,20,0,0,0,0,0,0,0,0,0,0,0,0,0,0,0,0,0,1,0,0,0,0,2,0,0,2,0,10,0,0,2,0,0,0,0,0,0,0,18,0,18,0,0,0,0,18,7,0,0,0,0,0,0,0,0,0,0,0,0,0,1,0,0,0,0,0,0,0,2,0,0,0,0,0,1,0,2,0,0,15,2,0,0,0,0,0,0,0,0,2,6,1,1,0,0,0,0,5,0,0,1,0,0,0,0,0,0,0,44,0,0,0,0,11,0,0,0,0,0,6,0,0,0,0,0,0,0,0,0,1,0,0,0,0,0,0,0,0,0,0,0,4,1,0,0,0,5,1,1,0,0,0,0,0,0,0,2,0,0,0,5,0,0,0,0,0,0,0,3,0,1,0,0,2,0,13,6,0,0,11,0,0,0,0,0,0,0,0,0,0,0,0,0,0,3
509,0,0,0,0,0,0,0,0,0,4,0,0,0,0,0,0,0,0,0,2,0,0,0,0,0,0,1,0,0,0,0,0,0,5,0,1,0,0,0,0,0,1,0,0,0,0,0,0,0,0,0,0,0,0,0,0,0,4,0,0,0,0,0,0,0,0,0,0,8,0,2,0,0,0,0,0,0,0,0,0,0,0,0,0,0,0,3,0,0,0,0,1,0,0,0,2,0,0,2,0,1,1,5,0,12,0,0,0,1,0,0,2,0,2,0,0,0,1,0,0,3,0,7,0,0,0,3,1,0,0,0,10,0,0,1,0,0,0,1,0,5,0,0,14,0,0,0,0,0,0,3,0,0,0,0,0,0,0,0,0,0,0,0,0,0,1,0,0,0,0,0,0,0,1,0,0,0,0,0,0,0,0,0,0,0,0,0,0,0,0,0,0,0,0,0,8,0,0,0,0,0,0,0,0,0,2,0,0,1,0,0,0,0,0,3,0,0,0,0,0,0,0,0,0,0,0,0,0,0,0,0,0,0,0,0,0,0,0,0,0,0,0,0,32,0,5,0,0,0,0,0,0,0,0,3,4,0,0,0,0,0,0,4,1,0,1,0,0,2,0,0,0,11,1,0,0,0,3,0,0,7,0,46,0,0,0,0,0,0,0,0,0,0,0,1,26,0,0,0,0,0,0,0,8,0,0,0,0,0,2,11,1,0,0,4,0,0,0,0,0,0,0,0,0,0,0,0,0,2,46
510,0,0,0,0,2,0,0,0,0,18,0,0,0,0,0,0,0,0,0,0,0,0,0,0,0,0,1,0,0,5,0,0,0,0,0,0,0,0,0,0,0,0,0,0,0,1,0,0,3,0,0,2,2,1,2,0,0,0,0,0,8,0,0,0,0,0,9,0,0,0,2,0,0,0,0,1,0,1,0,3,0,0,0,2,0,0,1,0,0,0,0,0,0,0,0,1,0,0,0,6,3,0,8,0,0,0,0,0,0,15,0,0,0,2,0,0,0,0,11,0,0,0,14,0,0,0,6,0,0,0,1,4,0,0,0,0,0,0,1,0,0,1,0,0,0,0,0,0,0,0,0,0,0,0,0,0,1,1,0,0,0,0,1,1,0,2,0,0,0,0,0,0,0,0,6,2,0,0,4,1,0,3,0,0,0,0,0,0,0,0,0,0,0,0,0,14,0,0,1,0,0,0,0,2,0,0,0,0,0,1,2,2,0,0,2,0,1,0,0,0,0,0,1,0,0,2,1,7,2,0,1,0,18,0,0,0,0,0,0,0,0,0,0,18,0,0,52,1,3,0,0,0,0,1,0,0,1,1,0,0,0,12,0,0,1,0,0,0,0,0,0,0,1,0,0,3,1,0,0,0,0,1,0,1,0,0,0,0,0,0,0,0,0,0,0,0,0,0,0,0,0,0,0,1,0,2,0,20,1,4,2,0,0,0,13,0,0,0,0,0,0,0,0,0,0,0,0,0,0,34
511,0,0,0,11,0,0,0,0,0,6,0,0,0,1,1,0,0,0,0,1,0,0,0,6,3,0,0,4,0,0,0,0,1,0,0,0,4,1,0,0,0,0,0,0,0,0,0,1,0,0,1,1,0,0,9,0,2,0,0,0,0,0,0,0,0,1,0,0,18,0,0,0,0,0,0,0,0,0,0,0,0,0,1,0,0,0,0,0,0,0,0,1,1,0,0,0,0,0,1,0,0,0,0,0,0,1,4,0,0,0,0,1,0,2,0,0,0,0,0,0,0,0,0,0,0,0,0,0,0,0,0,13,0,0,0,1,0,0,0,3,0,0,0,6,0,0,0,0,0,0,0,1,0,0,0,0,0,0,0,0,0,0,0,0,0,1,0,0,0,0,0,0,0,0,1,0,0,0,0,2,0,0,0,0,0,0,0,0,0,0,0,0,0,0,0,0,0,0,0,0,0,0,1,0,1,1,0,0,1,0,1,0,2,0,1,0,0,0,0,4,4,0,0,0,0,0,1,0,0,0,0,0,0,0,0,0,0,2,0,0,0,0,0,17,0,8,0,0,0,5,0,0,0,0,1,0,0,0,0,0,0,11,2,0,0,6,0,0,0,0,0,0,4,3,2,0,1,0,0,0,2,0,0,0,0,0,1,0,0,0,0,0,0,0,0,0,0,0,0,0,0,0,0,2,0,0,0,0,0,0,11,0,0,0,3,5,0,0,0,0,0,0,0,1,0,0,0,0,4,66
512,0,0,0,0,0,0,0,0,0,3,0,2,0,0,0,0,0,0,0,4,0,3,0,0,0,0,0,0,0,0,0,0,2,1,0,0,8,0,0,0,1,0,0,0,0,1,2,0,0,0,0,0,0,0,0,0,0,0,1,0,5,0,0,0,0,1,3,0,6,0,0,0,0,0,0,2,0,0,2,0,0,0,0,0,0,1,0,0,1,0,1,0,1,0,0,0,0,0,2,0,0,0,0,0,0,0,1,0,0,11,0,2,0,0,0,0,0,0,0,0,0,0,0,0,0,0,6,1,0,0,0,0,0,0,0,0,0,0,1,0,8,0,0,23,0,0,0,0,0,0,0,0,0,0,4,0,0,0,0,0,0,0,0,0,0,1,0,0,0,1,0,0,0,1,0,0,0,0,0,2,0,0,0,0,0,0,0,0,0,0,0,0,0,0,0,13,0,0,0,8,0,0,0,0,3,3,0,0,0,0,0,0,0,0,0,0,0,0,0,0,3,0,0,0,0,0,0,0,0,0,1,0,0,0,0,0,0,0,0,0,0,0,0,19,0,2,0,0,1,0,0,0,0,0,2,3,2,0,0,0,1,0,0,0,0,0,0,0,0,0,0,0,5,0,4,0,0,0,0,3,2,0,0,0,0,0,0,0,0,0,0,0,0,0,0,0,0,0,0,0,0,0,0,3,0,0,0,0,0,0,0,0,1,0,0,0,0,0,0,0,0,0,0,0,0,0,0,0,0,67
513,0,0,0,0,0,0,0,0,0,9,4,0,1,0,0,0,20,0,11,0,0,0,0,0,0,4,0,0,0,1,0,0,0,0,0,0,0,0,0,0,0,0,0,3,0,1,0,0,0,0,0,0,1,0,0,5,0,0,2,0,1,3,0,1,0,2,1,0,8,0,0,0,0,0,0,0,2,0,0,0,0,0,0,0,0,0,0,0,0,0,0,4,5,0,0,0,1,0,1,9,4,0,0,0,0,1,0,0,0,0,0,0,0,11,6,0,0,0,0,0,0,0,0,0,0,0,2,0,0,0,0,0,0,0,0,0,0,0,0,6,0,0,0,0,0,0,0,0,0,0,0,0,1,0,5,0,1,0,0,0,0,0,4,0,0,2,0,0,0,1,0,0,0,0,0,18,0,9,0,1,0,0,0,0,0,5,1,0,0,0,0,2,0,0,0,1,0,0,0,1,0,0,0,0,0,0,1,0,0,1,0,0,0,0,18,0,0,0,0,1,5,1,11,3,7,0,0,0,0,0,0,0,1,0,0,0,0,0,0,1,0,2,0,54,0,0,0,9,3,0,0,0,1,2,0,0,0,0,0,0,3,2,0,0,11,0,0,0,0,0,1,0,0,0,0,0,0,2,0,0,0,4,1,1,0,0,0,0,0,0,3,4,8,0,0,0,0,0,0,0,0,0,0,19,0,0,0,0,0,0,24,2,0,0,17,0,0,0,0,0,0,0,0,8,0,0,0,0,0,7
514,0,0,0,0,0,0,0,0,5,7,0,0,1,0,0,0,0,0,6,1,0,0,0,3,8,0,0,0,0,3,0,0,0,1,1,2,0,0,0,0,0,0,0,1,0,2,0,2,0,0,0,0,2,0,14,0,0,0,0,0,5,0,7,0,0,1,12,0,7,0,0,0,0,0,0,0,0,0,0,0,0,0,0,0,0,0,4,0,0,0,0,0,0,0,0,0,0,0,0,48,0,0,0,0,0,0,0,0,0,14,0,0,0,0,0,0,0,0,0,0,0,0,0,0,0,0,0,1,0,0,0,0,0,0,0,0,2,0,0,6,0,0,0,0,0,0,0,0,0,1,0,0,0,0,0,0,0,0,0,0,1,0,0,0,0,0,0,3,0,0,0,0,1,0,6,1,0,0,6,1,0,0,0,0,5,0,1,0,0,0,0,0,0,0,1,18,0,0,0,3,0,0,0,4,0,0,0,0,0,0,0,0,0,0,1,0,0,0,0,17,0,0,0,1,0,0,1,0,9,0,0,0,16,0,0,0,1,0,1,0,0,1,0,14,0,0,0,0,5,0,0,0,0,0,0,0,0,0,0,0,0,0,0,1,1,6,0,0,0,16,0,0,0,0,1,3,0,0,0,4,2,1,67,1,0,0,0,0,0,0,0,0,5,0,0,0,0,0,0,0,0,0,0,6,0,0,0,0,0,7,14,0,1,0,31,0,0,0,0,0,0,1,0,0,0,9,0,0,0,45
515,0,0,0,0,0,0,0,0,0,5,0,0,0,0,0,0,0,0,0,1,2,0,0,0,0,6,0,0,0,1,0,0,3,0,2,0,0,0,0,0,0,0,0,0,0,0,0,0,0,0,0,0,0,0,0,0,0,1,0,0,1,0,0,0,0,2,0,0,17,0,0,0,0,0,0,0,0,0,0,0,0,0,0,0,4,0,5,0,0,0,0,0,0,0,0,0,0,2,0,0,0,0,0,0,0,0,0,0,0,0,0,0,0,0,0,0,0,0,0,0,0,0,0,0,0,2,0,0,0,2,0,29,0,0,0,0,0,0,0,0,0,0,0,0,0,0,0,0,0,0,0,0,0,3,10,0,0,0,0,0,0,0,0,0,0,1,0,0,0,0,0,0,0,0,0,9,0,0,0,1,0,3,6,0,0,0,0,0,0,0,0,0,0,0,0,0,1,0,0,1,0,0,0,0,0,0,0,0,0,0,0,0,0,0,1,0,0,0,0,0,0,0,0,0,3,3,0,0,0,0,0,1,0,0,0,0,0,5,0,0,0,1,0,44,0,2,0,6,1,3,1,0,0,0,66,1,0,0,18,0,2,0,0,0,0,0,0,6,0,0,0,0,0,0,4,0,0,0,0,0,2,0,0,0,0,0,1,0,0,0,0,0,0,0,0,0,0,0,0,0,0,0,0,12,1,0,0,5,0,0,52,5,0,0,1,0,0,0,0,0,0,0,0,0,0,0,0,0,0,3
516,0,0,0,0,0,3,0,0,2,0,1,0,0,0,0,0,0,0,0,0,1,0,0,1,0,0,0,0,0,0,0,0,0,0,0,0,0,0,1,12,0,0,0,0,1,0,0,1,0,9,0,0,0,0,6,0,2,0,0,0,1,0,0,2,0,1,3,0,1,0,0,0,0,0,1,0,0,0,3,0,0,0,0,0,0,0,0,0,1,0,0,2,0,0,0,1,0,0,0,1,1,1,0,0,0,0,4,0,0,2,0,0,0,2,0,0,0,0,0,0,0,3,0,0,0,1,0,0,0,1,3,3,0,0,0,0,1,1,0,0,0,0,17,0,0,0,0,2,0,0,0,0,9,0,0,0,0,0,0,0,2,0,6,0,0,1,0,2,0,0,0,0,0,0,1,2,0,0,0,0,0,0,0,0,0,0,1,14,0,0,0,0,0,0,0,1,1,0,0,0,0,0,0,25,0,0,0,0,0,0,0,0,0,0,6,1,0,0,0,31,0,0,0,0,0,0,4,0,0,0,0,0,3,0,0,1,0,0,0,0,0,0,0,2,0,0,0,0,18,0,0,1,0,0,0,0,0,0,1,0,0,0,0,0,28,0,0,0,0,0,0,0,0,0,0,0,0,0,0,0,0,0,17,0,0,0,0,0,2,0,0,0,0,0,0,0,0,0,0,0,0,0,0,10,0,0,5,0,0,0,0,0,0,0,1,2,0,0,0,3,0,0,0,0,6,0,0,0,0,26
517,0,0,0,0,0,0,0,3,0,7,1,0,0,0,3,3,0,0,0,9,0,2,0,0,0,0,0,0,0,0,0,0,0,10,0,0,12,0,0,0,0,0,1,0,0,0,0,0,0,0,0,0,0,0,2,0,0,4,0,0,1,0,0,3,0,0,0,1,2,2,0,1,0,3,0,0,0,0,0,0,0,0,0,0,0,0,0,0,4,0,5,0,0,0,0,0,0,0,37,0,0,1,0,0,0,0,0,0,0,0,0,0,0,1,0,0,0,0,0,0,0,0,0,0,0,0,0,4,0,0,0,42,2,0,0,0,2,0,0,0,0,0,0,0,0,0,0,2,0,0,0,0,25,0,0,1,0,1,0,0,0,0,3,0,0,0,0,0,0,5,1,1,0,22,1,2,0,0,0,0,0,0,0,0,0,0,0,0,0,0,0,8,0,0,0,1,0,0,0,0,0,0,0,0,0,0,0,0,0,0,0,0,0,0,4,0,0,0,0,0,0,0,0,0,0,0,0,0,0,0,4,0,0,1,0,0,0,0,0,0,1,0,0,2,8,49,10,4,14,0,0,0,0,0,0,0,0,0,1,0,11,0,1,0,0,16,0,0,0,0,0,0,0,0,7,0,0,0,0,0,0,0,0,0,2,0,17,0,0,3,0,1,0,0,0,3,0,0,0,1,0,0,0,14,0,0,4,0,0,0,0,0,0,1,0,0,0,0,0,0,0,0,0,0,11,0,0,0,1,28
518,0,0,0,0,0,2,1,0,0,8,1,0,0,0,2,0,0,0,0,18,2,1,0,0,0,0,0,0,0,0,0,0,2,5,0,0,3,0,0,0,0,0,0,0,0,0,0,0,0,0,0,0,0,0,0,0,0,0,0,0,1,0,0,0,0,0,0,2,4,0,0,0,0,0,0,0,0,0,0,0,0,0,0,0,0,1,0,0,2,0,4,1,0,0,0,0,0,0,16,0,1,0,0,0,0,0,4,0,0,0,0,0,1,0,0,0,1,0,0,0,0,0,0,0,0,0,0,4,0,0,3,57,0,0,0,0,1,0,0,1,0,0,0,6,1,0,0,0,0,0,5,12,0,0,0,0,0,0,0,0,0,0,0,0,0,1,0,0,0,0,0,0,0,0,0,0,0,0,0,0,0,0,0,0,1,0,0,0,0,0,0,14,0,0,0,2,0,0,0,0,0,0,0,0,0,0,0,0,0,0,7,0,0,0,2,0,0,0,0,0,0,1,0,0,0,0,0,0,0,0,9,0,0,0,0,0,0,0,0,0,0,0,0,2,0,19,0,0,20,4,1,0,0,0,9,25,24,0,0,0,0,0,1,1,0,1,0,0,0,0,0,0,0,0,3,0,0,0,1,0,0,0,12,0,0,0,13,0,0,0,0,0,0,0,0,0,0,0,0,0,0,0,0,0,0,0,0,0,0,0,0,1,0,2,0,0,0,0,1,0,0,0,0,0,0,0,0,7,2,42
519,0,0,0,0,0,0,0,2,0,0,0,0,0,0,1,0,0,0,0,1,0,0,0,0,0,0,0,0,0,0,0,1,1,1,0,1,1,0,0,0,0,0,0,0,4,0,2,0,0,0,0,0,0,0,17,0,2,0,0,0,3,0,0,1,5,1,1,0,17,0,0,0,0,0,0,0,0,0,0,2,0,0,0,0,0,0,4,0,1,0,0,1,0,0,0,0,0,22,1,0,0,0,0,0,0,0,0,0,0,0,0,1,0,5,0,0,0,0,15,0,0,0,0,0,0,0,0,1,0,0,0,35,0,0,1,5,0,0,0,0,10,1,0,0,0,22,0,0,0,0,0,0,0,0,0,1,0,1,0,0,1,0,0,2,0,2,0,0,0,0,0,0,0,0,1,0,0,0,0,11,0,0,0,0,0,0,0,0,0,1,0,0,0,0,5,0,0,0,0,0,0,0,0,0,0,1,0,0,0,0,0,0,0,0,1,0,1,0,0,0,0,0,0,0,0,0,0,0,0,0,3,0,0,0,0,0,3,0,0,0,0,2,7,4,0,3,0,0,2,0,0,5,0,1,3,0,0,0,0,0,0,0,4,0,0,1,0,0,0,25,0,0,5,1,2,0,0,0,0,0,2,2,0,0,0,0,1,9,0,0,1,0,3,0,2,0,0,0,0,0,0,0,0,3,0,3,0,0,0,0,8,0,1,0,11,3,0,0,0,0,0,0,1,0,0,0,0,1,0,7
520,0,1,0,0,0,0,0,0,0,0,0,0,0,0,0,0,0,0,7,0,0,0,2,0,0,0,0,0,0,7,0,1,0,0,0,0,0,2,0,0,0,0,0,0,0,1,0,0,0,0,0,0,0,0,10,0,0,0,0,0,5,0,0,0,0,0,16,2,2,0,0,0,0,0,0,0,0,0,0,2,0,0,0,0,2,0,0,0,0,0,0,1,0,0,0,0,0,16,0,8,1,1,9,0,0,0,0,0,0,0,0,0,0,8,0,0,0,0,0,0,0,0,42,0,0,0,0,0,1,18,1,0,0,0,0,0,0,0,0,0,0,0,0,8,0,0,0,9,0,0,0,0,0,0,6,0,0,0,1,0,1,0,0,0,0,1,0,2,0,0,1,0,0,0,1,1,0,0,0,4,0,4,0,0,5,0,2,0,0,0,9,0,0,7,0,18,0,0,0,3,0,0,0,4,0,0,1,0,0,0,0,0,1,0,1,0,0,0,0,0,0,0,0,2,0,2,1,0,0,1,0,0,13,0,0,0,0,1,0,0,0,0,8,7,1,0,0,0,2,0,0,0,0,0,0,0,0,0,0,0,0,0,0,1,0,0,0,0,0,0,0,0,0,0,0,0,0,0,1,0,3,1,0,0,0,0,0,0,0,0,0,0,0,0,2,0,0,0,0,0,0,0,0,1,0,0,0,9,0,3,17,0,0,0,5,0,0,0,1,0,0,0,0,0,0,0,0,0,0,26
521,0,0,1,0,0,0,0,0,1,3,0,0,0,0,4,0,0,0,8,0,0,1,0,0,0,0,0,0,0,0,0,17,0,1,0,0,0,0,0,0,0,0,0,0,1,0,0,0,0,0,0,0,0,0,0,0,1,0,0,0,1,0,0,1,1,0,0,0,33,0,0,0,0,0,0,0,0,0,6,2,0,0,0,0,0,0,0,0,7,0,0,1,0,0,0,0,0,0,2,1,0,0,0,0,0,0,0,1,0,0,0,1,0,0,0,0,0,0,0,0,0,0,0,0,0,0,0,0,0,0,0,54,0,1,0,0,0,1,0,0,4,0,0,0,1,0,0,0,0,0,0,0,0,0,0,4,0,0,0,0,0,0,0,0,0,1,0,0,0,0,0,0,0,0,0,8,0,0,0,0,0,0,0,0,0,0,0,2,0,0,0,0,0,19,0,2,0,0,0,0,2,0,0,0,0,0,0,0,0,0,0,0,0,0,4,0,0,0,0,0,0,0,5,0,1,3,0,0,0,0,0,0,0,0,0,0,0,4,0,0,0,0,7,16,0,3,0,0,0,0,0,0,0,6,0,0,38,0,6,0,0,0,1,1,0,0,0,0,0,0,0,0,0,0,19,0,0,0,0,0,1,0,1,1,0,0,0,0,0,1,0,0,0,0,0,0,2,0,1,0,0,0,0,11,0,0,1,0,0,0,2,1,0,0,0,0,0,0,0,2,0,0,0,3,0,0,0,1,0,10
522,0,0,0,0,0,0,4,17,0,11,0,0,1,0,2,0,0,3,0,1,0,0,0,0,0,0,0,0,0,0,0,0,0,0,0,0,0,0,0,0,0,0,1,0,0,0,0,0,0,0,0,0,0,0,0,0,0,0,2,0,1,5,5,0,0,3,0,0,40,0,0,0,0,0,0,0,1,0,0,0,0,0,0,0,0,0,0,0,3,0,1,8,0,0,0,0,0,2,1,0,0,0,1,0,0,0,0,0,0,12,0,0,4,0,0,8,0,0,6,0,5,0,0,0,0,2,0,0,0,0,0,35,0,0,0,0,1,0,0,0,0,0,0,1,0,0,0,0,0,0,0,0,0,0,0,0,0,1,0,0,0,0,3,0,0,2,1,0,0,0,0,0,0,0,0,0,0,0,0,0,0,0,0,0,0,0,0,1,0,0,0,0,0,0,0,0,0,2,0,0,0,0,0,0,0,0,0,0,0,0,0,1,0,0,7,0,0,2,0,1,5,0,0,0,1,0,0,1,0,0,0,0,1,0,0,0,0,0,0,0,0,0,0,28,0,7,0,0,3,0,0,0,0,0,18,1,36,0,0,0,3,0,0,0,0,0,0,0,0,0,0,0,0,0,19,0,5,0,0,0,4,0,0,0,2,0,5,0,0,0,0,0,0,0,4,2,0,0,0,0,0,0,0,16,0,0,0,0,0,0,17,0,0,0,2,0,1,0,1,2,0,2,0,0,0,0,0,0,1,4
523,0,0,0,0,14,0,0,0,0,4,0,0,0,0,0,4,0,4,0,4,0,0,0,0,0,0,0,0,0,1,0,0,0,7,0,0,0,0,0,0,0,0,0,0,0,0,0,0,1,15,0,3,8,0,6,1,0,0,0,1,1,1,0,0,0,3,7,0,6,0,0,0,0,0,0,0,2,0,0,0,0,0,0,0,0,0,0,0,0,0,3,1,2,0,0,0,0,0,0,1,2,0,0,0,0,0,0,0,0,1,0,0,0,1,0,0,6,0,0,0,9,0,0,0,0,1,0,0,0,0,2,0,0,1,0,0,1,0,1,0,0,0,0,0,0,0,0,3,0,1,1,0,6,0,0,0,0,2,0,1,0,0,17,0,4,0,0,0,0,0,0,0,0,8,0,2,0,2,0,0,0,0,0,26,0,0,0,0,1,0,0,7,0,2,0,1,8,0,0,0,0,0,0,17,1,0,0,0,0,1,0,0,0,19,4,0,2,11,0,0,0,0,0,1,1,1,1,0,0,0,0,1,2,0,0,0,1,0,0,0,0,1,0,1,0,0,0,0,7,0,0,0,0,0,3,0,0,0,0,0,0,0,0,1,36,0,0,0,0,1,0,0,1,0,6,0,1,1,0,0,0,0,2,1,0,0,0,0,0,0,0,0,0,0,0,0,0,0,0,0,2,4,0,14,1,0,11,0,0,0,0,0,0,0,0,0,0,0,0,3,0,0,0,5,0,0,0,0,0,75
524,0,1,0,0,0,0,0,1,0,11,0,1,0,1,0,0,0,2,0,0,0,0,0,1,0,0,0,0,0,0,0,0,2,12,0,0,15,0,0,0,0,0,0,0,0,0,0,0,0,0,0,0,0,0,0,0,0,1,0,0,0,0,0,0,0,6,0,0,17,0,0,0,0,0,0,0,0,0,0,0,0,0,0,0,4,0,1,0,0,0,3,2,0,0,0,0,0,0,6,0,0,0,0,0,0,0,2,0,0,0,0,0,0,1,0,0,6,0,2,0,0,0,0,0,0,0,0,0,0,0,2,70,0,1,0,0,0,3,0,1,0,0,0,0,0,0,0,0,0,0,0,0,0,1,0,2,0,10,0,0,0,0,2,0,0,1,0,0,0,16,2,0,0,0,0,0,0,0,1,0,0,2,0,0,0,0,0,0,0,0,0,0,0,0,0,0,0,21,0,0,0,0,0,7,0,0,0,1,0,0,7,0,0,0,3,0,0,8,0,0,0,0,0,0,2,0,0,0,0,0,3,1,1,0,0,0,0,0,0,0,0,0,0,0,0,51,0,0,0,0,1,0,0,0,2,0,3,0,0,0,5,0,0,0,0,26,0,0,0,0,0,0,0,21,1,0,1,0,0,0,0,0,0,1,0,0,0,0,0,0,0,3,0,0,0,0,0,0,0,0,0,0,0,13,0,0,0,0,0,0,1,0,0,0,0,0,0,0,0,0,0,0,0,0,0,1,0,0,1,68
525,0,0,0,0,0,2,9,22,0,7,3,0,0,0,0,0,19,0,0,2,0,0,0,0,0,0,0,0,0,0,0,0,0,0,0,0,6,0,0,0,1,0,0,0,0,0,0,0,12,0,0,0,0,0,0,7,1,0,0,0,0,0,0,0,0,1,0,0,0,0,0,0,0,0,0,0,0,0,0,0,0,0,0,0,0,0,0,0,4,0,0,5,0,0,0,0,0,0,0,2,0,0,0,0,0,1,0,0,0,14,1,0,6,0,7,0,0,0,0,0,8,0,0,0,0,0,0,0,0,0,0,27,0,1,0,0,0,0,0,0,0,0,0,0,0,0,0,0,0,0,0,0,0,0,0,0,0,0,0,0,0,0,0,0,0,1,0,0,0,0,0,0,0,11,0,8,0,0,0,1,0,0,0,0,0,0,0,0,0,0,0,0,0,0,0,0,0,0,0,0,0,0,0,0,0,0,0,0,0,0,0,0,0,0,13,2,0,3,0,0,0,0,0,0,2,2,8,0,0,0,0,0,0,0,0,0,0,0,0,0,0,0,0,18,0,8,0,0,3,1,0,0,0,3,18,0,8,0,0,0,0,0,0,0,0,0,0,0,0,0,0,0,0,0,4,0,0,1,0,0,6,0,0,0,3,0,0,0,0,2,0,0,0,0,0,0,0,0,0,0,0,0,0,12,0,0,0,0,0,0,0,3,0,3,1,0,0,0,0,0,0,0,0,0,0,0,0,0,0,13
526,0,0,0,0,0,0,0,0,0,18,0,0,0,0,0,0,0,0,0,4,0,0,0,7,5,0,0,2,0,0,0,1,0,2,0,0,0,0,0,0,0,0,0,0,43,0,6,0,5,0,0,0,0,0,0,0,0,0,0,0,0,0,0,0,0,0,0,0,16,0,0,0,0,0,0,2,0,0,0,0,0,0,0,0,0,0,0,0,0,0,0,0,0,0,0,3,0,0,1,0,0,0,4,0,0,0,0,0,0,0,0,0,0,8,0,0,0,0,0,0,0,0,0,0,0,0,0,0,0,0,0,0,0,0,0,1,0,0,1,0,0,0,0,20,0,0,0,0,0,0,0,0,0,0,0,0,1,0,0,0,0,0,0,0,32,1,0,1,0,0,0,0,0,0,1,0,0,0,0,2,1,0,0,0,2,0,0,10,0,0,0,0,0,0,0,0,0,0,0,7,0,0,0,1,0,0,0,0,0,1,0,6,0,0,2,0,0,1,0,8,0,0,0,0,0,2,0,0,0,0,0,0,0,0,0,0,2,0,0,0,0,0,16,9,0,4,0,0,6,0,0,0,0,1,3,0,0,0,0,0,2,0,0,1,0,4,0,0,0,0,0,0,0,0,4,0,0,2,0,0,6,0,11,0,0,0,0,0,0,0,0,0,3,0,0,0,0,0,0,2,0,0,0,2,0,0,0,0,0,0,7,1,0,0,3,2,0,0,0,0,1,0,0,0,0,0,0,0,0,54
527,0,0,2,0,0,3,0,0,0,13,1,0,0,0,0,0,22,0,0,1,0,0,0,0,0,0,0,0,0,0,0,0,0,1,0,0,23,43,0,0,0,0,0,0,0,0,0,0,0,0,0,0,0,0,0,0,0,0,0,0,0,4,0,0,0,0,0,0,4,0,0,0,1,0,0,3,0,3,2,0,0,0,0,0,0,0,7,0,3,0,2,5,0,0,0,0,0,0,2,0,0,0,0,0,0,0,0,0,0,0,5,0,2,1,0,0,0,0,0,0,0,0,3,0,0,0,0,0,0,0,0,106,0,0,0,0,0,0,0,0,0,3,0,2,0,1,0,1,0,0,0,0,0,0,13,0,0,0,0,0,0,0,4,0,0,1,0,0,0,0,0,0,0,0,0,5,0,0,0,1,13,0,0,0,17,0,0,0,0,0,0,0,0,0,0,0,0,0,0,0,2,0,1,1,0,0,0,0,0,0,0,0,0,0,19,0,0,3,0,0,0,0,0,0,2,2,0,0,0,5,0,0,1,0,0,0,0,2,0,0,0,0,0,9,0,12,0,3,0,2,0,0,1,0,24,0,0,0,0,0,0,0,0,0,0,0,0,10,0,0,0,1,0,0,0,0,0,0,0,0,5,0,0,1,1,0,8,0,0,0,0,0,0,0,4,8,0,0,0,0,0,0,0,15,0,0,0,0,0,0,0,3,0,4,4,0,0,0,0,1,0,0,0,0,0,0,0,0,0,5
528,0,0,0,0,7,0,0,0,9,0,0,0,0,0,1,0,0,0,0,0,0,0,0,0,0,0,0,0,0,6,0,0,0,0,0,0,0,0,0,0,0,0,0,0,0,1,0,0,3,0,0,0,0,0,7,0,1,4,0,0,9,0,3,0,6,1,13,0,0,1,0,0,0,0,0,0,3,0,0,1,0,0,0,0,0,2,4,0,0,0,0,0,0,0,0,0,0,0,0,41,0,1,0,3,0,0,0,0,0,0,0,0,0,16,0,0,0,0,0,0,0,0,0,0,0,0,5,0,0,0,0,0,0,0,0,1,8,0,0,0,0,0,0,0,1,0,0,0,0,0,0,0,0,0,0,0,0,0,0,0,0,0,1,0,0,2,0,1,0,0,0,0,0,0,2,0,0,5,1,2,1,0,0,0,0,0,1,1,0,0,0,0,0,0,0,13,1,0,0,0,0,0,2,1,0,0,0,0,0,0,0,2,0,0,3,1,0,0,0,26,0,0,1,0,0,0,1,4,0,0,1,0,30,0,0,0,5,0,0,0,0,0,0,6,0,0,0,0,3,0,0,0,0,0,0,0,0,0,0,4,0,0,0,0,0,0,0,4,0,0,0,0,0,0,0,0,2,0,0,0,0,0,0,0,0,0,0,0,0,0,0,0,0,0,2,0,0,0,6,0,0,0,0,3,0,0,0,0,0,2,8,0,0,0,12,0,0,0,0,0,0,0,0,0,0,0,0,0,0,31
529,0,0,0,6,0,0,1,0,0,0,0,0,0,0,2,0,0,0,0,2,0,1,0,0,0,0,0,0,0,0,0,0,0,2,0,0,0,5,0,0,0,0,3,0,0,0,0,0,0,0,0,0,0,1,0,0,0,0,0,0,13,0,0,0,0,0,0,0,7,0,0,0,1,0,0,0,0,0,0,0,0,0,0,0,2,0,0,0,1,6,0,0,0,0,1,0,0,0,0,0,1,1,0,0,0,0,0,0,0,0,4,1,0,1,0,0,0,0,0,0,0,0,0,0,0,0,0,0,0,0,0,23,0,1,0,1,0,0,0,0,0,0,0,0,0,0,0,0,0,0,0,0,0,0,0,0,0,1,0,0,0,0,0,0,0,0,0,0,0,0,3,0,0,1,1,0,0,0,2,3,0,0,0,0,0,0,0,0,0,0,0,0,0,0,0,0,0,0,0,3,0,0,2,1,0,1,0,0,0,0,5,0,0,0,2,0,0,1,0,0,0,0,0,0,0,4,0,0,0,0,4,0,3,2,0,0,0,0,0,0,0,0,0,22,0,10,0,0,0,0,0,0,0,1,1,0,0,0,0,0,0,4,0,0,0,0,0,0,0,0,0,0,0,0,8,0,0,0,0,0,3,3,38,0,0,0,0,0,0,0,0,0,0,0,0,0,0,0,0,0,0,0,0,2,0,0,0,0,0,0,9,1,0,2,8,0,0,0,1,0,1,0,0,1,0,0,0,0,1,33
530,4,0,0,0,0,1,1,0,0,0,0,0,0,0,0,0,0,0,0,0,0,0,0,0,0,0,1,0,0,7,0,0,0,0,0,0,0,0,0,0,0,0,0,0,0,1,0,0,0,0,0,1,0,0,6,7,0,0,0,0,23,0,0,0,0,1,23,0,4,0,0,0,0,0,0,0,0,0,0,0,0,0,0,0,0,0,0,0,0,0,0,1,0,0,0,0,0,0,0,20,0,0,0,4,0,0,0,0,0,21,0,0,0,6,0,1,0,0,0,0,0,0,0,0,0,0,0,0,0,0,0,0,0,0,0,0,5,0,0,0,0,0,0,0,0,12,0,0,0,0,0,0,0,0,0,1,1,0,0,0,1,0,0,0,16,1,0,0,0,0,2,0,0,0,3,0,0,0,13,0,0,0,0,0,0,0,1,0,0,0,0,0,0,0,0,5,0,0,0,0,0,0,0,4,2,0,0,0,0,0,0,0,0,0,3,1,0,0,0,4,1,0,0,1,0,2,1,0,0,0,1,0,0,0,0,0,1,0,0,0,0,0,0,1,0,0,0,0,0,1,0,0,0,0,0,0,1,0,0,0,1,3,0,0,0,0,0,0,0,0,10,0,0,0,0,0,0,0,0,0,1,0,24,0,0,0,0,0,0,0,0,0,5,0,0,0,0,0,0,0,0,0,0,2,0,0,0,0,0,0,0,0,0,0,12,0,0,0,0,0,0,0,0,0,0,13,0,0,0,22
531,0,0,15,5,0,0,0,0,0,30,0,0,0,0,0,0,0,0,0,0,2,0,0,1,0,0,0,0,0,0,0,0,0,13,0,0,0,0,0,0,1,0,0,0,3,0,0,0,0,0,0,4,0,0,0,0,1,0,0,0,3,0,0,4,0,4,0,0,11,0,0,0,0,0,0,0,5,0,0,0,0,0,0,0,4,0,3,0,0,0,1,2,5,0,0,0,0,0,41,0,0,0,0,0,0,0,0,0,0,0,0,2,0,1,4,0,0,0,0,0,0,0,0,0,0,0,0,0,0,1,0,46,0,0,0,0,0,3,0,3,0,0,0,1,2,0,0,0,0,0,0,0,0,0,0,0,0,3,0,0,3,0,7,0,0,0,0,0,0,2,1,0,0,0,0,1,0,2,0,0,1,0,0,0,0,0,0,0,0,0,0,0,0,0,0,0,0,0,0,0,0,0,1,0,0,0,0,0,1,0,0,0,0,0,1,0,0,0,0,0,5,0,0,0,0,0,0,0,0,0,5,0,0,0,0,0,0,0,0,0,1,0,0,1,0,66,0,2,0,0,0,1,0,20,2,0,7,0,0,0,0,0,1,0,0,13,0,0,0,0,0,0,0,0,3,0,0,0,1,0,0,0,0,1,0,0,15,0,0,0,0,2,0,0,0,0,1,0,0,0,0,3,0,9,1,0,0,0,0,0,0,0,0,0,0,0,0,0,0,3,0,0,0,0,0,0,0,0,1,5
532,0,0,0,0,0,0,0,0,0,0,1,0,3,0,0,0,0,5,17,1,9,0,0,0,0,0,0,0,0,2,0,0,0,1,0,2,0,0,0,0,0,0,0,0,0,0,0,0,0,3,6,1,0,0,8,4,0,0,0,0,1,0,0,0,1,1,3,0,0,0,0,0,0,0,0,0,2,0,0,3,0,0,0,0,0,0,0,0,0,0,0,2,0,0,2,0,0,0,4,6,9,0,0,1,0,0,1,0,0,0,0,0,0,2,0,0,1,0,0,0,0,0,0,0,0,0,0,0,0,0,0,0,0,0,4,0,0,0,0,0,0,0,0,0,0,0,0,0,0,0,0,0,0,0,0,0,0,0,0,0,0,0,1,0,1,1,0,0,0,1,0,0,0,0,1,8,0,0,0,1,0,0,0,0,9,0,0,0,0,0,0,0,0,0,0,0,0,0,0,0,0,0,0,1,0,0,6,0,1,1,0,0,0,0,6,0,0,0,4,2,0,0,0,0,3,1,0,0,0,0,0,0,8,0,0,0,1,0,0,0,0,0,0,52,0,0,0,0,6,0,0,0,2,0,0,0,4,1,0,2,0,0,0,0,2,0,0,0,0,0,0,0,0,0,0,0,0,3,0,0,6,10,0,1,0,0,0,0,0,0,0,0,0,0,0,0,0,0,7,0,0,0,0,3,0,0,0,0,0,0,13,0,0,0,5,1,0,0,0,0,0,0,1,0,0,0,0,0,0,6
533,0,0,0,9,0,0,0,0,0,10,0,0,0,1,0,0,0,0,0,7,0,0,0,0,0,0,0,0,0,0,0,0,1,5,0,0,0,0,0,0,0,0,0,0,0,0,8,0,0,0,0,0,2,0,6,0,0,0,0,0,2,0,0,0,0,6,0,0,10,0,3,0,0,0,0,0,2,0,0,0,0,0,0,2,0,0,0,5,2,0,5,1,0,0,0,0,0,0,8,0,1,5,0,0,0,0,0,0,0,0,0,1,0,1,0,0,0,0,2,0,0,0,1,0,0,0,0,4,0,0,0,32,0,0,0,0,0,0,0,0,0,0,0,0,0,0,0,0,0,0,5,0,0,0,0,1,0,0,0,0,0,0,4,0,0,0,0,0,0,5,0,4,0,0,1,0,0,0,0,0,1,0,0,0,0,0,0,68,0,0,0,0,0,0,0,0,0,0,0,0,0,0,0,0,0,0,0,0,1,0,0,0,0,0,3,0,5,0,0,0,0,0,0,0,0,0,5,0,0,0,6,1,0,0,0,0,0,0,0,0,0,0,0,1,0,124,10,0,11,10,0,0,0,25,2,0,5,0,0,0,9,0,1,1,0,9,0,0,0,0,1,1,0,9,1,0,0,0,0,0,0,0,0,0,0,0,0,0,0,0,0,0,0,0,0,0,0,0,0,0,0,0,0,2,0,0,0,0,0,0,0,1,17,0,0,1,0,0,0,0,2,0,0,6,0,0,0,0,1,45
534,0,0,0,0,0,0,0,12,0,7,0,0,0,0,0,0,2,0,0,1,1,0,0,0,0,0,0,0,0,2,0,0,3,1,0,0,12,0,0,0,0,0,0,0,0,1,0,0,0,5,0,0,3,1,0,0,0,0,0,0,3,0,0,0,0,0,0,0,6,0,0,0,0,0,0,3,0,0,0,0,0,0,0,0,0,0,0,3,9,0,1,4,0,0,2,0,3,0,2,0,0,0,0,0,0,0,0,6,0,0,1,0,0,0,0,0,0,0,0,0,0,0,0,0,0,0,0,0,0,0,0,6,0,0,0,0,0,0,0,3,0,0,0,0,0,0,0,0,0,0,0,0,0,0,0,0,2,0,0,0,0,0,0,0,0,1,0,0,0,0,0,0,0,0,0,4,0,0,0,0,15,3,12,0,8,0,0,0,0,0,4,0,0,14,0,0,0,0,0,0,0,0,0,0,0,0,0,0,0,0,0,0,0,0,12,0,0,0,0,0,0,0,0,0,0,1,0,5,0,0,0,0,0,0,0,0,0,0,0,0,0,0,0,38,0,4,1,1,0,0,0,0,0,0,74,0,0,0,0,0,0,0,0,0,0,1,0,0,0,41,0,0,3,0,22,2,4,3,0,0,0,0,3,0,0,0,2,5,0,0,0,0,0,0,0,0,0,0,0,0,0,0,0,13,0,0,0,0,0,0,66,2,0,8,0,0,0,0,0,0,0,0,1,0,0,0,0,0,2,2
535,0,0,0,7,0,0,0,0,0,9,0,0,0,0,4,0,0,0,0,3,0,8,0,0,4,0,0,0,0,0,0,0,2,3,0,0,0,0,0,0,1,0,4,0,0,1,0,0,0,0,0,0,0,3,0,0,0,11,0,0,13,0,0,0,0,1,0,0,2,0,0,0,0,0,0,2,0,0,0,1,0,0,0,5,0,0,0,0,1,0,0,0,0,0,0,1,0,0,1,0,0,0,0,0,0,0,0,0,1,0,1,0,13,14,0,1,0,0,0,0,2,0,0,0,0,0,0,0,0,0,0,3,0,0,0,0,0,0,1,0,0,0,0,9,1,0,0,0,0,0,0,2,0,0,0,0,0,0,0,0,0,0,0,0,0,0,1,0,1,0,3,0,0,0,1,1,0,0,0,2,0,0,0,0,0,0,0,0,0,0,10,0,0,8,1,0,0,0,0,0,0,0,0,0,0,0,0,0,0,0,3,0,0,0,2,0,0,0,0,0,0,2,1,0,0,0,0,0,0,0,1,0,0,2,0,0,0,0,0,0,0,0,0,13,0,4,0,0,7,0,0,0,0,3,0,0,0,0,0,0,0,0,1,0,0,0,0,0,0,0,0,0,5,0,5,0,0,0,1,0,1,0,0,0,0,0,0,0,0,0,0,0,0,0,0,26,0,0,0,0,0,0,0,2,0,0,0,10,0,0,17,0,1,0,4,4,0,0,0,0,0,0,0,0,0,28,0,0,1,20
536,0,0,0,0,0,0,0,0,0,0,0,0,0,0,0,0,4,3,14,0,0,0,1,1,0,0,0,0,0,12,0,0,0,3,0,0,0,0,0,0,0,1,0,1,0,1,1,0,0,0,0,0,1,0,4,0,0,0,1,1,34,0,0,0,0,0,33,1,0,0,0,0,0,0,0,0,0,0,0,1,0,0,0,0,0,0,1,0,0,0,0,0,0,0,0,0,0,0,1,25,4,0,0,0,0,0,1,0,1,0,0,0,0,2,0,0,0,0,0,0,0,1,0,0,0,0,0,0,0,0,0,0,0,0,0,0,3,0,0,0,6,0,0,0,0,0,0,0,0,0,2,0,0,0,0,0,0,0,0,0,0,0,0,0,0,1,0,2,0,0,0,0,0,0,1,0,0,0,2,0,0,0,0,0,0,0,4,0,0,0,0,0,0,0,0,0,0,0,0,0,0,0,0,1,0,0,0,0,0,1,0,0,0,10,3,0,0,0,0,0,0,1,0,1,1,9,1,6,0,0,1,0,0,1,0,3,3,1,0,0,0,0,0,25,0,2,0,0,15,0,0,0,0,0,0,4,0,0,0,0,0,16,1,0,0,3,0,0,2,8,0,0,0,0,1,0,0,3,0,0,2,1,0,0,0,1,0,5,0,0,0,0,8,0,0,0,0,0,0,0,0,0,0,2,0,0,0,5,0,1,0,0,0,2,15,0,7,0,0,0,1,0,0,0,0,0,0,0,0,19
537,0,0,0,12,0,0,0,0,0,15,0,0,0,0,0,0,0,0,0,6,0,0,0,1,0,0,0,0,0,1,0,0,1,38,0,0,0,40,3,1,0,0,1,1,0,0,0,0,1,0,0,0,0,0,0,0,0,0,0,0,3,0,0,0,0,2,0,0,21,0,0,0,0,0,0,0,0,0,0,0,0,0,0,5,0,0,0,0,0,0,0,0,1,0,0,0,0,0,45,0,1,3,0,0,0,0,0,0,0,0,0,1,2,1,0,0,0,0,0,0,0,0,0,0,0,0,0,0,0,0,0,46,0,0,0,0,0,0,0,0,0,0,0,3,0,0,0,0,0,0,0,0,0,0,0,0,0,0,0,0,0,0,0,0,0,0,0,0,0,0,0,0,0,0,0,0,0,0,0,0,0,0,0,0,0,0,0,0,0,0,0,4,0,3,0,1,0,6,0,0,0,0,0,0,0,0,1,0,0,0,0,0,0,0,6,2,0,0,0,0,0,0,0,0,0,0,0,0,0,0,8,0,1,0,6,1,0,0,0,0,0,0,0,2,0,36,0,0,25,0,0,0,2,33,0,0,0,0,0,0,16,0,1,0,0,14,0,0,0,2,0,0,1,3,1,0,0,0,0,0,0,0,0,0,0,0,13,0,0,0,0,0,0,1,0,0,0,0,0,0,0,0,0,11,0,0,0,0,0,0,0,0,0,0,1,0,0,0,0,0,0,0,0,0,0,0,0,0,0,43
538,0,0,0,0,0,0,0,0,0,0,0,0,1,0,0,0,0,0,11,0,4,0,0,0,0,0,0,0,0,1,0,0,0,0,0,1,0,0,0,3,0,0,0,0,0,1,0,0,6,0,0,0,1,0,0,0,0,0,0,0,0,0,0,0,0,4,1,0,8,0,0,0,0,0,0,0,0,0,0,2,0,0,0,0,0,0,0,4,0,0,0,1,0,0,0,0,0,0,0,3,0,0,0,0,0,0,0,0,0,0,0,0,0,4,0,0,0,0,0,0,0,0,0,0,2,0,0,0,0,2,0,0,0,0,0,0,0,0,11,0,0,5,0,0,0,0,0,0,0,0,0,0,0,0,0,0,0,0,0,0,4,0,4,0,0,2,0,0,0,0,0,0,0,8,0,12,0,0,0,1,0,3,0,0,0,0,0,0,0,1,2,0,0,0,0,0,0,0,0,0,0,0,0,1,0,0,0,0,0,0,0,0,0,0,11,0,0,0,0,1,6,0,4,3,0,0,3,0,0,0,0,0,1,0,3,0,0,0,0,0,0,0,0,24,0,0,0,0,3,0,0,0,1,0,0,0,0,0,0,0,0,0,0,1,12,0,0,0,0,0,0,1,0,0,2,0,0,1,0,0,3,0,0,1,0,0,0,0,0,0,0,2,0,0,3,13,0,0,10,0,0,0,0,2,0,0,0,0,0,0,0,1,0,0,7,0,0,0,1,0,19,1,0,0,0,0,0,0,0,6
539,0,0,0,0,0,0,0,7,0,3,0,0,0,0,6,0,0,0,12,2,0,0,0,0,0,7,0,0,0,0,0,0,3,0,0,0,14,0,0,0,0,0,0,2,1,1,0,0,0,1,0,0,0,0,0,0,0,2,1,0,1,0,0,0,0,1,0,0,30,0,0,0,0,0,0,0,0,0,0,0,0,0,0,0,10,0,0,0,0,0,1,2,0,0,1,0,0,0,4,0,0,0,0,0,0,0,0,0,1,0,0,0,0,0,0,0,0,0,0,0,0,0,0,0,0,0,0,0,0,8,0,91,0,0,0,0,0,0,0,0,1,0,0,0,0,0,0,0,0,0,0,0,0,0,0,3,0,2,0,0,0,0,1,0,0,1,0,0,0,1,0,0,1,0,0,15,0,13,0,0,9,0,0,0,0,0,0,0,0,0,0,0,1,0,0,1,0,0,1,1,0,0,0,0,0,0,0,0,0,0,0,0,0,0,21,0,0,0,0,0,2,0,0,0,1,0,6,3,0,0,0,2,0,0,0,0,0,0,0,0,0,0,0,17,0,5,0,0,9,0,0,0,0,3,0,0,12,0,0,10,3,0,0,0,0,0,0,5,0,0,0,0,0,0,27,0,0,0,0,0,0,0,0,0,0,0,0,0,0,0,0,0,0,0,0,0,0,0,0,0,0,0,0,34,1,0,0,0,0,0,6,4,0,0,1,0,0,0,0,4,0,6,0,0,0,0,0,0,0,3
540,1,0,0,0,0,2,0,0,0,7,0,0,0,0,1,0,0,0,0,0,0,0,0,0,0,0,0,0,4,1,0,0,1,25,0,0,3,0,0,0,0,0,0,0,3,0,0,2,1,22,0,0,0,0,4,0,0,0,6,0,4,0,0,0,0,4,0,0,8,0,0,0,0,0,0,0,0,0,0,0,0,0,0,0,0,0,0,0,2,0,5,2,0,1,0,0,0,7,0,0,0,3,0,0,0,0,0,0,0,0,0,0,0,1,5,0,4,0,0,0,4,0,1,0,0,0,1,0,0,0,0,37,0,0,0,0,0,0,0,0,0,0,0,0,0,0,0,0,0,0,0,0,0,0,0,0,0,0,0,0,0,0,3,0,0,1,0,0,1,0,0,0,0,0,0,1,0,0,0,0,0,0,0,0,0,0,0,28,0,0,0,0,0,0,0,4,0,0,0,0,0,0,1,0,0,0,0,0,0,0,13,0,0,0,2,0,0,0,0,12,0,0,0,1,1,0,0,0,0,0,2,0,0,0,3,0,0,0,0,0,0,2,0,1,0,17,0,1,0,3,0,0,0,5,3,0,0,0,0,0,10,1,3,0,0,6,0,0,0,0,0,0,0,3,0,0,0,0,0,0,0,0,9,2,3,0,17,0,0,0,0,0,1,0,8,0,1,0,0,0,0,0,0,9,0,0,0,0,0,0,0,0,0,2,0,0,0,0,2,0,0,0,0,0,0,0,0,0,1,0
541,0,0,0,0,0,0,0,0,0,46,0,0,0,0,0,0,0,0,0,7,0,0,0,0,0,0,0,1,0,0,0,0,2,5,0,0,2,0,0,0,0,0,0,2,0,0,0,0,0,0,0,0,0,0,7,0,3,0,0,0,3,0,0,0,0,0,0,0,4,0,0,0,0,0,0,0,0,0,0,0,0,0,0,3,0,0,0,0,1,0,2,0,0,0,0,0,0,0,0,0,0,4,0,0,0,1,0,0,0,0,5,0,0,0,0,0,0,1,1,0,0,0,0,0,0,0,0,0,0,2,0,46,0,1,0,0,0,0,0,0,0,0,0,0,1,0,0,0,0,0,0,0,0,0,2,0,0,0,0,0,0,0,8,0,0,1,0,1,0,10,0,2,0,5,0,1,0,0,0,0,1,0,0,22,0,0,0,8,0,0,0,0,0,0,0,2,0,17,0,0,0,0,0,0,0,1,0,0,0,0,0,0,0,0,4,0,0,5,0,0,0,0,0,0,1,0,5,10,0,0,8,0,0,0,0,0,0,0,0,0,0,0,0,1,0,38,14,0,22,0,0,0,0,0,4,0,0,0,0,3,0,1,0,0,0,0,0,0,0,0,0,0,0,4,6,0,0,0,0,0,0,0,7,0,0,0,15,0,0,0,0,0,1,0,6,0,0,0,1,1,0,0,0,13,0,0,0,0,0,0,0,0,0,0,0,0,0,0,0,2,1,0,0,0,0,0,0,0,1,67
542,0,0,0,0,0,3,0,1,0,0,0,0,0,0,5,2,0,0,0,2,0,0,0,0,0,0,0,0,1,0,0,3,3,7,0,0,4,0,0,0,1,0,1,0,1,0,0,0,0,0,0,0,0,0,0,1,0,0,4,0,0,0,0,0,0,0,1,4,13,0,0,0,0,1,0,0,0,0,0,0,0,0,0,0,3,1,4,4,1,0,0,2,0,0,0,0,0,7,45,0,0,0,0,0,0,0,0,0,0,0,0,3,0,1,0,0,0,0,0,0,0,4,0,2,0,0,0,2,0,0,0,33,0,0,0,0,0,0,0,2,0,0,0,0,0,0,0,0,0,0,0,0,6,0,1,2,0,4,0,0,0,0,7,0,0,0,0,0,0,5,0,0,0,0,0,1,0,1,0,0,0,0,0,0,0,0,0,0,0,0,0,0,0,0,0,0,0,0,0,0,0,0,0,9,0,0,0,0,0,0,0,0,1,0,3,0,0,0,0,0,0,0,0,0,0,0,3,7,0,0,6,0,0,0,0,0,0,0,0,0,0,0,0,0,0,21,0,0,9,7,0,1,3,11,3,0,0,0,1,0,0,0,2,1,0,9,0,0,0,0,0,0,0,6,8,0,0,0,0,0,0,0,0,0,0,0,0,0,0,0,0,0,0,0,0,0,0,0,0,0,1,0,0,13,0,0,2,0,0,0,2,0,0,2,0,0,0,0,0,0,1,0,0,0,0,0,0,0,0,77
543,0,1,0,0,0,0,0,0,0,8,0,0,0,0,0,0,0,3,0,2,0,0,0,0,0,0,0,0,0,0,0,8,1,0,0,1,3,0,0,0,0,0,0,0,4,0,1,0,0,0,0,0,0,0,0,0,0,0,0,0,1,0,0,0,0,1,0,0,14,0,0,0,0,1,0,2,0,0,12,1,0,0,0,0,0,0,0,0,4,0,1,2,0,0,0,0,0,0,10,1,15,0,0,0,0,0,1,0,0,0,0,0,0,1,3,0,0,0,0,0,0,0,0,0,0,0,0,0,0,0,0,29,0,2,0,0,0,2,5,0,0,0,0,1,0,0,0,0,0,0,0,0,0,0,0,0,0,0,0,0,0,0,3,0,0,2,1,0,0,1,0,0,0,0,0,0,0,0,1,0,16,0,4,0,0,0,0,0,0,0,0,0,0,8,0,0,0,0,1,0,0,0,0,0,0,0,0,0,0,0,0,0,0,0,1,0,0,0,0,0,0,1,0,5,1,4,1,0,0,0,0,0,0,0,1,0,0,0,0,0,0,0,0,19,0,1,1,0,0,0,0,0,2,5,35,0,20,0,0,6,0,0,0,2,0,1,0,0,0,28,0,0,2,0,15,2,0,0,0,0,0,0,0,0,0,0,2,0,0,0,0,0,16,0,0,0,0,0,0,0,0,0,0,13,0,0,0,0,0,0,52,3,0,0,3,0,0,0,0,0,0,0,0,0,0,0,0,0,0,8
544,0,0,0,0,0,0,4,0,0,0,0,0,0,0,3,0,0,0,0,1,0,1,0,0,0,0,0,0,0,1,0,0,3,0,0,1,0,0,0,4,0,0,0,0,0,0,0,0,0,0,0,1,1,0,0,0,0,1,2,0,1,7,0,0,1,0,0,0,10,1,0,0,0,0,0,3,0,0,4,1,0,0,0,1,19,0,0,0,0,0,3,6,1,0,0,0,0,0,6,0,12,0,0,0,0,0,1,0,0,0,0,0,0,0,0,0,0,0,0,0,0,0,0,0,0,0,0,0,0,0,0,38,0,0,0,0,0,0,15,0,0,0,0,0,0,0,0,0,0,0,0,0,0,0,0,8,0,0,0,0,0,0,1,0,0,1,0,0,0,0,1,0,0,0,0,0,0,8,1,1,12,0,7,1,0,0,0,0,0,0,0,0,0,0,0,1,0,0,0,0,0,0,0,0,0,0,0,0,0,0,0,0,0,10,2,0,0,0,0,0,2,0,0,4,7,4,0,0,2,0,0,0,0,0,4,0,0,0,0,0,0,0,23,28,0,6,0,0,0,0,0,0,0,13,21,0,6,0,0,0,2,0,1,0,0,0,0,0,0,0,0,0,0,1,12,0,0,0,0,0,1,0,1,0,0,0,9,0,1,0,0,2,10,0,0,9,1,0,0,0,0,0,0,2,0,0,0,0,0,0,0,1,0,4,1,0,0,0,0,0,0,0,0,28,0,0,0,0,0,2
545,0,0,0,0,0,0,0,0,0,8,0,0,0,0,0,0,0,0,0,6,0,0,0,0,0,0,0,0,0,2,0,0,0,2,0,0,1,0,0,0,0,0,0,4,0,0,0,0,0,1,0,1,0,0,0,0,0,0,0,0,4,0,0,1,0,0,0,0,13,0,0,0,0,0,0,0,0,0,0,0,0,1,0,0,0,1,0,0,0,0,0,1,0,0,0,2,0,0,3,0,0,0,0,0,4,0,0,0,0,0,0,0,0,0,0,0,0,0,0,0,0,0,0,0,0,0,0,0,0,0,0,2,0,0,0,0,0,35,3,1,0,0,0,12,1,0,0,0,0,0,0,0,0,0,0,0,0,0,0,0,0,0,0,0,0,3,0,1,0,0,0,0,0,0,6,0,0,0,4,0,2,0,1,0,0,0,0,0,0,0,0,0,0,0,0,19,0,0,0,0,0,0,0,0,0,1,0,0,0,1,0,1,0,0,0,1,0,0,0,2,0,0,0,1,0,0,0,0,0,0,1,0,0,0,0,0,0,0,0,0,0,0,0,18,0,2,2,0,0,0,0,0,0,2,2,3,0,0,0,0,1,0,2,0,0,6,0,3,0,0,0,0,0,0,2,0,1,0,0,0,0,0,22,0,0,0,0,0,0,0,0,0,0,0,0,0,0,0,5,0,0,0,0,4,0,0,0,0,0,0,21,0,0,0,2,0,0,0,0,0,0,1,0,0,0,0,0,0,5,29
546,0,1,0,4,0,1,0,0,0,11,2,0,0,0,0,0,0,1,0,0,0,2,0,0,0,0,0,0,0,0,0,0,0,0,0,0,0,0,0,0,0,0,0,0,0,1,0,0,0,9,0,1,7,0,0,0,0,2,0,0,4,1,4,0,0,4,5,0,2,0,32,0,0,0,0,0,0,0,0,0,0,0,0,0,0,0,0,8,1,0,0,0,0,0,0,0,0,0,0,0,3,0,0,0,0,0,0,0,0,0,0,0,0,0,0,0,0,0,1,0,0,0,0,0,0,0,0,0,0,0,3,0,0,0,0,0,2,0,0,0,0,0,0,0,0,0,0,1,0,0,2,0,5,0,0,0,0,0,0,0,3,0,22,0,0,1,0,2,0,0,0,0,0,0,0,3,1,0,0,0,0,0,3,16,0,0,0,0,0,0,0,0,0,0,0,6,0,8,0,0,0,0,0,6,0,0,0,0,0,1,0,0,1,0,2,0,0,0,0,0,0,1,0,2,1,0,2,7,0,0,3,0,1,0,7,0,0,0,0,0,0,4,1,1,0,0,0,4,0,1,0,0,0,0,3,0,0,0,0,0,0,0,0,0,17,0,0,0,5,0,0,0,1,0,2,0,0,0,0,2,1,0,0,0,0,0,0,0,0,0,0,0,0,0,6,0,0,0,4,0,0,0,0,12,0,0,0,9,0,0,0,0,0,0,0,0,0,0,0,0,0,0,0,4,0,0,0,0,0,20
547,0,0,0,0,0,2,8,12,0,1,0,0,1,0,0,0,0,1,0,0,2,0,0,0,0,0,4,0,0,0,0,0,0,1,0,0,9,0,0,0,1,1,0,0,0,1,0,0,0,5,0,2,0,0,16,11,0,1,0,0,1,0,0,0,0,2,2,0,4,0,0,0,0,0,0,0,1,4,0,0,0,0,0,0,0,1,0,0,0,0,1,3,0,0,1,0,2,2,0,1,0,0,0,1,0,0,0,0,0,7,1,0,0,1,0,5,0,0,0,0,0,0,0,0,0,0,0,0,0,0,0,0,0,0,22,0,0,0,0,10,0,0,0,0,0,0,0,0,0,0,0,6,0,0,0,0,0,0,0,13,0,0,6,0,0,1,0,0,0,0,0,0,0,5,0,12,0,2,1,2,0,0,0,0,0,0,0,0,0,0,0,0,0,9,0,2,0,0,1,0,0,0,0,1,0,0,2,0,0,0,0,0,0,19,8,2,0,0,0,0,5,0,0,10,3,2,0,0,5,5,0,0,1,0,0,0,1,4,0,0,2,0,0,16,0,2,0,0,8,0,0,0,0,0,0,0,0,0,0,0,1,0,0,1,10,0,0,0,0,0,0,0,0,0,0,3,0,0,0,0,0,17,0,1,0,0,0,17,1,0,0,0,0,0,0,7,0,0,0,0,0,0,0,12,0,0,0,0,0,0,0,1,0,0,10,0,0,0,0,0,2,0,0,0,0,0,3,0,0,0
548,0,0,0,0,0,0,0,0,0,0,0,0,1,0,0,0,0,0,0,0,0,0,0,0,0,0,0,0,0,0,0,0,0,0,0,0,0,0,0,0,0,0,0,0,0,1,0,0,0,5,0,0,0,1,0,0,0,0,0,0,2,7,0,0,0,6,1,0,5,0,1,0,0,1,0,0,0,0,0,2,0,0,0,2,0,0,0,0,2,0,0,4,0,0,0,0,0,0,0,7,2,0,0,0,0,0,1,0,1,0,2,0,0,1,0,6,0,0,0,0,0,0,0,0,1,1,0,0,0,0,0,0,0,0,0,0,0,2,0,0,2,4,0,0,0,1,0,0,0,0,0,0,2,0,0,3,0,0,0,6,1,0,5,0,0,1,0,0,0,0,0,0,0,0,0,25,0,0,0,1,0,0,0,0,0,0,0,0,0,0,1,3,0,0,0,1,0,0,0,0,2,0,0,0,0,0,0,0,0,0,0,0,0,0,14,0,0,0,0,0,0,0,0,1,1,2,0,0,0,0,0,0,0,0,0,0,0,0,5,0,3,0,3,68,0,0,0,0,3,0,0,0,0,0,0,0,0,0,0,2,0,0,0,0,13,0,0,0,0,0,0,1,3,0,4,0,0,2,0,0,2,18,0,1,0,0,0,0,0,0,0,1,0,0,0,0,6,0,0,0,0,0,0,13,1,0,0,0,0,0,25,0,0,1,9,1,2,0,0,0,0,0,0,0,0,0,0,0,0,10
549,0,0,0,0,4,0,0,0,0,10,0,0,0,0,1,0,5,0,5,2,0,0,0,2,0,0,0,0,0,0,0,0,0,2,0,0,1,0,0,0,0,0,0,1,0,1,0,0,0,0,0,0,0,1,0,0,0,0,1,0,25,0,2,0,0,0,0,0,13,0,0,0,0,0,0,0,0,0,0,0,0,1,0,0,0,0,0,0,0,2,0,0,0,0,0,0,1,0,2,0,0,0,0,0,0,2,0,0,0,0,0,0,8,0,2,0,0,0,0,0,0,0,0,0,1,0,0,0,1,0,0,12,0,0,0,0,0,0,1,0,0,0,1,13,1,0,0,0,0,0,0,0,0,0,7,0,0,0,0,0,0,0,0,2,0,0,0,0,0,1,0,7,0,0,3,1,0,0,5,0,0,0,6,0,0,0,1,0,0,0,0,0,0,0,0,23,0,0,0,0,0,0,0,0,22,0,0,0,0,0,2,0,0,0,3,0,0,0,0,8,0,0,0,0,0,6,0,0,0,0,1,0,6,0,0,0,0,0,0,0,0,0,0,24,1,10,11,0,2,0,0,0,0,2,0,0,1,3,0,1,0,0,3,0,0,4,0,0,0,0,0,0,0,0,4,0,0,4,1,3,0,0,0,0,0,0,0,9,1,23,0,0,0,0,0,25,0,0,0,0,0,2,0,10,0,0,0,0,0,2,6,1,0,0,0,0,0,0,1,0,0,0,0,3,0,0,0,0,0,25
550,0,0,0,0,5,1,0,0,0,8,0,0,0,0,0,0,1,0,0,0,2,0,0,2,0,0,3,0,0,0,0,0,0,2,0,1,7,0,0,0,0,0,0,0,0,1,0,0,0,12,0,0,7,0,8,0,0,0,0,0,0,0,0,0,0,5,4,0,0,0,0,0,0,0,0,0,0,0,0,0,0,0,0,4,1,1,0,0,0,0,0,1,0,0,0,0,0,8,0,1,0,0,0,0,0,0,0,0,0,2,5,0,0,0,0,0,0,0,0,0,4,0,0,5,0,0,0,0,0,0,7,0,0,0,0,0,1,1,0,0,0,0,0,0,3,0,0,0,0,0,0,0,3,0,0,0,0,0,0,1,0,0,13,0,7,1,0,4,0,2,0,0,0,5,0,1,0,0,0,0,0,0,0,0,0,0,0,12,0,0,1,0,0,3,0,2,0,0,0,0,0,0,0,5,0,0,0,0,1,0,7,0,1,9,2,1,0,0,0,0,0,0,0,1,2,1,4,0,0,0,3,1,2,0,0,0,0,0,0,0,0,0,1,1,0,0,0,3,0,0,0,0,0,3,0,7,0,0,0,0,0,0,0,1,27,0,0,0,2,0,1,0,0,0,0,0,0,0,0,0,0,0,0,1,4,0,0,0,0,0,0,0,0,0,0,6,0,0,0,1,0,0,1,5,0,0,3,0,0,0,0,0,0,0,1,2,1,0,0,0,0,5,0,0,8,0,0,0,0,4
551,0,0,0,0,0,0,1,0,0,0,0,0,0,0,2,0,11,0,6,4,0,0,4,2,2,0,0,0,0,0,0,1,2,3,0,0,1,0,0,0,0,0,0,0,0,0,0,2,4,0,1,0,0,2,0,0,0,8,1,0,10,0,0,1,0,1,0,0,10,0,0,0,0,0,0,2,0,0,0,1,0,0,1,0,0,0,0,0,0,0,0,1,0,0,0,0,1,0,0,0,0,1,0,0,0,2,0,0,1,0,0,2,0,2,0,0,0,1,0,0,0,1,0,0,0,0,0,1,0,0,0,17,0,0,0,0,0,0,2,2,0,3,0,16,0,5,0,0,0,0,0,0,0,0,0,0,0,0,0,0,0,0,0,0,22,0,0,0,0,1,1,0,0,0,1,0,0,0,5,4,1,0,6,0,0,0,0,0,0,0,0,0,0,0,0,0,0,1,0,2,0,0,0,0,0,0,0,0,0,1,0,0,1,8,4,0,0,0,0,0,0,0,0,0,0,13,0,6,0,0,2,0,0,0,0,1,0,0,0,0,0,0,0,17,0,3,0,0,0,2,0,0,0,2,1,0,4,0,3,2,2,0,2,0,0,3,0,0,2,0,0,4,3,1,1,0,0,0,0,0,0,1,0,0,0,0,0,0,0,0,0,0,0,0,4,0,0,0,0,0,0,0,0,2,0,0,0,0,0,0,13,1,0,0,3,0,0,0,0,0,0,0,0,2,0,0,0,0,6,22
552,0,0,0,0,0,0,0,0,0,6,0,0,0,0,0,0,0,0,0,0,0,0,0,0,0,0,0,0,0,0,0,0,4,0,0,0,0,0,0,0,1,0,0,1,0,0,1,0,0,0,0,0,0,0,0,0,0,0,2,0,25,0,0,0,3,0,0,0,0,4,2,0,0,0,0,0,0,0,5,0,0,0,0,0,0,0,0,0,1,0,0,2,0,0,0,0,0,0,1,5,1,2,0,0,0,0,0,0,0,0,0,0,0,16,0,0,0,0,0,0,0,0,0,0,0,0,0,0,0,0,0,12,0,0,0,0,0,15,0,5,0,0,1,0,0,10,0,0,0,0,0,0,0,0,0,0,0,0,0,0,0,0,0,0,52,0,0,0,0,1,0,0,0,0,3,0,0,0,4,2,1,0,0,1,4,0,0,0,0,0,0,0,0,0,0,0,0,0,0,7,0,0,0,0,4,0,0,0,0,0,0,0,0,0,0,0,1,0,0,0,0,1,0,1,0,3,0,0,0,1,0,0,0,0,0,0,0,0,0,0,0,1,0,8,0,1,33,0,0,0,0,0,0,2,1,5,0,0,0,0,3,0,2,1,0,0,0,0,0,0,0,0,0,0,6,0,0,0,0,4,0,0,0,0,0,0,0,0,0,0,0,0,2,0,0,26,0,1,0,0,0,0,0,2,0,0,0,0,0,2,18,0,0,0,0,0,0,0,0,0,0,0,0,0,0,0,0,0,0,24
553,0,0,0,0,0,0,0,0,0,13,0,0,0,0,0,7,0,0,0,2,1,0,0,0,0,0,0,0,0,0,0,0,0,0,0,0,3,0,0,0,0,3,0,0,0,0,4,0,0,0,0,0,9,0,1,0,0,0,4,0,3,0,0,0,0,5,0,0,2,0,0,0,0,0,0,0,0,0,2,0,0,0,0,0,0,0,0,0,0,0,0,3,1,0,0,0,0,0,0,0,1,1,0,0,0,0,0,0,0,0,0,0,0,2,0,0,0,0,0,0,4,0,0,5,0,0,0,0,0,0,0,0,0,0,0,0,1,0,0,0,0,0,0,0,0,0,0,0,0,0,0,0,0,0,0,0,5,0,0,1,0,0,27,0,0,2,0,0,0,2,0,0,0,0,1,3,1,1,0,0,0,0,0,0,0,0,0,0,1,0,0,3,0,6,0,0,0,0,0,0,0,0,0,4,0,0,0,1,0,0,0,0,0,0,1,4,5,6,0,0,6,0,1,0,0,0,0,0,0,0,3,0,4,0,0,0,0,0,0,0,0,0,0,4,0,0,0,0,0,0,0,0,0,0,3,0,17,0,0,0,0,0,0,0,19,0,0,0,3,0,0,0,0,0,0,0,0,0,1,0,0,0,0,1,0,0,0,0,0,0,0,0,0,1,0,0,4,0,0,0,0,1,0,2,0,0,10,0,0,0,0,0,0,0,1,0,0,0,0,0,0,2,0,0,8,0,0,8,0,20
554,3,1,0,0,0,0,0,0,0,0,0,0,0,0,2,0,0,0,9,0,0,3,0,0,0,0,0,0,0,7,0,0,0,0,0,0,0,0,0,0,0,0,0,0,0,0,2,0,0,1,0,0,0,0,3,4,0,0,0,0,7,0,0,2,1,1,10,2,0,2,0,0,0,0,0,0,0,0,3,0,0,0,0,0,0,0,0,0,0,0,0,1,0,0,0,0,1,0,0,12,5,1,0,2,0,0,0,0,0,24,0,0,6,5,1,1,0,0,0,0,0,0,0,0,0,0,0,0,0,0,0,0,0,0,0,0,11,0,0,0,0,0,0,0,0,0,0,0,0,0,0,0,0,0,0,0,0,0,0,0,2,0,1,0,0,0,0,3,1,1,0,0,0,1,1,0,0,0,0,4,1,0,0,0,0,0,1,0,0,0,0,0,1,2,1,14,0,0,0,2,0,0,0,1,0,0,0,0,0,3,0,0,0,0,2,0,0,1,0,0,0,0,0,0,1,3,2,0,0,1,1,0,5,2,0,3,0,2,0,0,0,2,15,7,0,0,18,0,0,2,0,7,0,0,0,0,1,0,0,0,0,0,1,0,0,0,0,0,0,29,0,0,10,0,0,0,0,0,0,5,0,1,0,0,0,0,0,0,0,0,0,0,5,0,6,0,0,0,0,0,0,0,0,1,0,0,0,9,0,1,20,1,0,0,20,0,0,0,0,0,0,2,1,0,0,11,0,0,0,13
555,2,0,0,0,0,0,0,0,0,2,0,0,0,0,0,0,0,0,2,0,1,0,0,0,0,0,0,0,1,11,0,0,0,1,0,4,0,1,0,0,0,0,3,0,0,1,2,0,0,0,0,0,0,0,0,0,0,0,0,0,59,0,0,0,0,1,21,0,2,0,0,0,0,0,0,0,0,0,0,2,0,0,0,6,0,0,2,0,0,0,0,0,0,0,0,1,0,0,0,0,1,0,0,0,0,0,0,0,0,0,0,0,0,5,0,0,0,0,0,0,0,0,0,0,0,0,0,1,0,0,0,2,0,0,1,2,1,32,1,0,0,6,0,0,0,7,0,0,0,0,0,0,0,0,0,0,0,0,0,0,1,0,1,0,16,1,0,3,7,0,0,0,0,0,1,1,0,0,10,0,0,0,0,0,5,0,0,0,0,0,0,0,0,0,0,9,0,0,0,0,0,0,0,0,0,0,0,0,0,1,0,4,0,0,1,0,0,2,0,0,0,0,0,1,0,10,1,0,0,4,0,0,8,0,0,0,0,3,0,0,0,0,12,21,0,0,0,0,0,0,0,0,0,0,0,0,0,1,0,0,0,0,1,0,1,0,0,0,5,17,0,0,0,0,0,3,0,0,0,0,1,1,42,0,1,0,0,1,0,0,0,0,3,0,1,0,0,0,0,0,0,0,0,4,0,0,0,0,0,9,0,0,0,0,0,0,0,0,0,0,0,0,0,0,0,0,0,0,0,0
556,0,0,0,0,0,0,0,0,0,0,0,0,1,0,0,0,0,0,0,0,0,2,0,0,0,0,0,0,0,0,0,0,5,1,0,0,2,0,0,0,0,3,0,0,1,0,0,0,0,0,0,0,1,0,0,0,0,0,1,1,1,0,0,0,0,1,0,0,5,0,0,0,0,0,0,0,0,0,0,0,0,0,0,0,0,0,0,2,4,0,0,4,0,0,0,0,0,0,6,0,0,0,0,0,0,0,0,0,4,24,0,0,0,2,0,0,0,0,0,0,0,3,0,0,0,0,0,0,0,0,0,34,0,0,0,0,0,0,0,0,0,0,0,0,0,0,0,0,0,0,0,0,0,0,0,0,0,0,0,0,0,0,2,0,0,0,0,0,0,0,0,0,0,0,0,20,0,0,0,2,0,0,12,1,0,0,0,0,0,0,5,0,0,0,0,0,1,1,1,0,0,0,0,0,0,0,0,0,0,0,0,0,1,0,11,0,0,0,3,0,0,0,0,0,0,0,7,0,0,0,0,0,0,0,0,0,0,0,0,1,0,3,0,8,0,14,0,0,9,0,1,0,0,0,44,0,14,0,0,0,0,0,1,0,0,0,0,0,0,0,0,0,0,0,4,7,0,0,9,0,0,0,0,1,0,0,16,0,1,0,0,0,0,0,0,0,0,0,0,0,0,0,0,13,1,0,0,0,0,0,16,0,6,0,5,0,0,0,0,2,3,0,0,0,0,0,0,0,0,5
557,0,0,0,0,0,0,0,0,0,9,0,0,0,0,4,0,0,0,11,1,0,0,0,0,0,0,0,0,0,0,0,14,6,0,2,0,0,0,0,0,0,0,0,0,0,0,0,0,0,0,0,0,0,0,0,0,0,0,1,0,1,0,0,0,0,0,0,0,11,0,0,0,0,0,0,0,0,0,0,0,0,0,0,0,15,0,0,0,0,0,0,2,2,0,0,0,0,0,2,0,2,0,0,1,0,0,0,0,0,0,0,0,0,2,0,0,0,0,0,0,0,0,0,0,0,0,0,0,0,4,0,18,0,1,0,0,0,0,0,0,0,0,0,0,0,0,0,0,0,0,0,0,0,0,0,0,0,0,0,0,0,0,2,0,1,2,0,0,0,0,0,0,0,0,0,10,0,7,0,1,18,0,0,1,0,0,0,0,0,0,0,0,0,7,0,0,0,6,0,0,0,0,0,0,0,0,0,0,0,0,0,0,0,0,5,0,0,0,0,0,0,0,0,0,1,2,0,0,0,0,0,4,0,1,0,0,0,0,0,0,0,0,0,25,0,8,0,0,2,0,0,0,0,5,0,0,0,0,0,0,0,0,0,0,0,0,0,0,0,0,0,0,2,0,10,0,0,2,0,0,0,0,0,1,0,0,0,0,0,0,3,0,0,0,0,0,0,0,0,0,0,0,0,11,0,0,0,0,0,0,0,0,0,0,1,0,0,0,0,0,0,0,0,0,0,0,0,0,0,11
558,0,0,1,0,0,0,1,0,0,10,0,0,0,0,0,0,0,0,0,2,0,0,0,2,0,0,0,0,0,0,0,0,0,3,0,0,3,0,1,0,0,0,0,4,0,0,1,1,3,0,0,0,0,0,2,0,0,0,0,0,13,0,0,0,0,0,0,0,13,2,0,0,0,0,0,0,0,0,0,0,0,0,0,0,0,0,7,0,0,1,1,0,0,0,0,0,0,0,1,0,0,1,0,2,0,0,0,0,0,0,0,1,0,1,0,0,0,0,0,0,0,0,0,0,1,0,0,0,0,6,0,11,0,0,0,0,12,0,0,0,0,0,0,6,0,0,0,0,0,0,0,0,0,0,0,0,0,0,0,0,0,0,0,0,0,2,0,0,3,1,0,0,0,0,2,0,0,0,8,2,2,0,1,0,6,0,0,8,0,0,0,0,0,0,0,30,0,0,0,0,0,0,4,2,6,0,0,0,0,0,0,0,3,0,1,0,0,0,0,0,0,0,0,1,0,2,0,0,0,0,1,0,0,0,0,0,0,0,0,0,0,0,0,21,0,4,0,0,7,0,0,0,0,3,1,0,0,1,4,0,0,0,0,0,0,0,0,0,0,0,0,0,0,1,5,0,0,2,0,0,1,0,0,0,0,1,1,0,0,0,0,0,0,0,0,0,0,0,0,0,0,0,0,3,0,0,0,17,0,0,5,1,0,1,2,0,0,0,0,0,0,0,0,0,0,0,0,0,1,37
559,0,0,0,9,0,1,0,0,0,17,0,0,0,0,0,4,0,0,0,3,3,0,0,1,0,0,9,0,0,0,0,0,0,4,0,0,0,0,0,0,0,5,0,0,0,0,18,1,1,0,0,0,0,0,0,0,0,0,3,0,2,0,0,0,0,2,0,0,6,0,22,0,0,2,1,0,0,0,0,0,0,0,0,0,0,0,0,0,0,0,3,1,0,0,0,0,0,0,34,0,0,0,0,0,0,0,0,0,0,0,0,0,0,0,0,0,1,0,0,0,0,0,1,0,0,0,0,0,0,0,0,41,0,0,1,0,0,3,0,2,1,0,0,1,0,0,0,0,3,0,0,0,13,0,0,0,0,0,0,0,0,0,3,0,0,0,0,0,0,5,0,0,0,0,1,1,0,0,0,0,1,0,0,0,0,0,0,0,0,0,0,0,0,0,0,1,0,15,0,0,0,0,0,6,0,0,0,0,0,0,0,0,0,0,6,0,1,15,0,0,0,0,0,0,0,0,0,0,0,0,8,0,0,0,0,0,0,0,0,0,0,0,0,2,0,102,0,0,6,0,0,1,4,0,3,0,0,0,0,0,0,0,1,0,0,15,0,8,0,0,0,0,1,4,14,0,0,0,0,0,0,0,0,0,0,0,22,0,0,0,0,0,0,0,0,0,0,0,0,0,0,0,0,4,0,0,0,56,0,0,0,0,0,2,0,0,0,0,0,0,4,0,0,0,0,0,3,0,1,139
560,0,0,0,0,0,0,0,0,12,10,0,0,0,0,1,0,0,2,0,1,0,0,0,10,0,0,0,2,0,0,0,0,0,0,0,0,0,0,0,0,0,0,0,0,0,0,7,0,0,1,0,0,2,0,0,0,0,0,1,0,3,0,0,0,0,0,10,0,20,0,0,0,0,0,0,0,0,0,0,0,0,0,0,0,0,0,0,0,1,0,0,0,0,0,1,2,0,0,2,0,0,0,12,0,6,0,0,0,0,0,0,1,0,2,0,0,0,0,0,0,0,0,7,0,0,0,0,0,0,0,0,7,0,0,0,0,0,27,0,0,0,0,0,0,0,0,0,0,0,0,0,0,0,0,0,0,0,0,0,0,0,0,0,0,0,1,0,0,0,1,0,0,0,0,1,0,0,0,2,3,3,0,0,0,0,0,1,0,0,0,2,0,0,0,0,0,0,0,0,0,0,0,0,0,5,0,0,0,0,0,3,0,0,0,2,0,0,0,0,10,1,3,0,0,0,0,0,0,0,0,3,1,0,11,0,0,0,0,0,0,0,0,0,35,0,5,31,0,3,0,0,0,0,2,3,0,0,1,0,0,0,0,0,0,0,0,0,0,0,17,0,11,0,2,1,0,0,2,0,7,2,0,0,0,0,0,0,11,0,0,1,0,0,0,0,0,0,0,0,0,0,0,0,7,0,3,0,0,0,0,26,1,0,11,16,3,0,0,0,0,0,0,0,0,0,18,0,0,0,42
561,0,0,0,11,0,0,1,1,0,12,0,0,0,0,0,0,0,0,0,3,0,0,0,3,0,0,20,0,0,0,0,20,2,0,26,0,0,0,0,0,0,0,2,0,0,0,7,0,0,7,0,0,0,0,0,0,0,0,4,0,1,0,0,0,1,5,2,0,2,0,0,0,0,0,0,0,4,0,2,0,0,0,0,0,3,0,0,0,0,0,8,1,0,0,0,0,0,0,30,1,0,0,0,0,0,0,0,0,0,2,0,0,1,1,4,3,0,0,1,0,0,0,0,0,0,1,0,0,0,0,0,12,0,0,0,1,0,1,0,0,0,0,0,4,0,0,0,0,0,0,0,0,0,0,0,0,0,1,0,0,0,0,1,0,0,1,0,0,0,4,0,0,0,0,0,0,2,0,0,0,0,0,0,10,0,0,0,0,0,0,0,0,0,0,0,8,0,0,0,0,0,0,0,0,0,0,0,0,0,0,0,0,1,0,1,0,0,0,0,0,0,0,0,0,0,0,0,7,0,0,11,0,1,0,0,0,0,0,0,0,0,0,0,3,0,62,0,0,9,0,0,0,0,13,0,0,7,0,0,0,0,0,0,0,0,0,0,0,0,0,1,0,0,8,6,0,0,0,0,1,1,0,0,0,0,0,31,0,0,0,0,0,0,0,0,0,0,0,0,0,0,3,0,11,0,0,0,0,0,0,0,0,0,2,0,0,0,0,0,0,0,0,0,0,0,1,0,0,1,139
562,0,1,0,0,0,0,0,0,13,10,0,1,0,0,3,0,9,0,0,2,0,0,0,0,0,0,0,0,0,0,0,0,0,3,0,0,2,8,0,0,0,1,3,0,0,1,0,0,0,0,0,0,0,0,0,0,0,0,0,0,5,0,0,0,4,1,0,2,13,0,0,0,0,0,0,1,0,0,0,0,0,0,0,10,0,2,0,0,1,1,0,1,0,0,0,0,0,0,1,0,0,2,3,0,0,2,0,0,0,0,2,1,0,2,0,0,0,0,0,0,0,0,0,0,0,0,0,0,0,0,0,15,0,0,0,1,6,0,0,0,0,0,0,0,0,0,0,0,0,0,2,0,0,0,0,0,0,0,0,0,0,0,0,0,14,1,0,1,0,0,1,2,0,0,3,0,0,0,0,3,2,0,0,0,0,0,0,0,0,0,0,0,0,6,0,0,0,0,0,0,0,0,0,1,0,0,0,0,0,0,0,1,0,0,0,1,0,0,0,0,0,0,0,0,1,0,1,0,3,0,0,0,8,0,0,0,0,1,1,0,0,0,0,31,0,6,0,0,2,6,0,0,0,1,1,0,0,0,0,0,0,21,4,0,0,3,0,0,0,0,10,3,1,0,3,0,0,0,0,12,0,1,0,0,0,1,0,0,0,0,0,0,0,0,0,0,0,0,0,0,0,0,0,1,0,0,0,0,0,0,0,0,0,0,0,0,0,0,0,0,1,0,0,1,0,0,0,0,0,42
563,2,0,0,0,0,1,0,5,0,13,0,0,0,1,1,1,0,2,13,0,0,0,1,0,0,0,0,0,0,8,0,0,0,0,0,0,0,0,0,0,0,0,5,0,0,0,0,1,0,0,0,0,0,0,9,0,0,0,0,0,0,0,0,0,5,1,11,0,2,0,0,0,0,0,0,2,0,0,0,0,0,1,0,0,0,6,0,0,0,0,0,1,0,0,0,0,0,8,0,0,1,0,0,0,0,0,0,0,0,0,1,0,0,13,0,0,0,0,0,0,3,0,0,0,0,0,0,0,0,38,0,2,0,0,0,3,0,0,0,0,0,0,0,0,0,0,0,0,0,0,0,1,0,0,2,0,1,0,0,0,0,0,1,2,0,0,0,0,0,0,0,4,0,0,0,2,0,0,2,0,1,0,0,0,0,0,4,0,0,0,0,0,0,0,0,9,1,0,0,2,0,0,0,0,0,0,0,0,0,1,0,3,0,0,3,0,0,2,0,0,0,0,0,1,1,7,0,0,0,1,0,0,11,0,0,0,0,1,0,0,0,0,0,13,0,0,0,0,0,2,0,0,1,0,0,0,0,0,0,0,0,0,0,1,0,0,0,0,0,0,0,0,0,0,1,0,0,0,1,0,0,5,0,0,0,0,0,0,0,0,0,0,0,0,0,15,0,0,7,0,0,0,0,1,0,0,0,0,0,2,4,0,1,0,31,4,0,0,0,0,0,0,0,0,0,0,0,0,0,0
564,0,0,7,15,6,0,0,0,2,0,0,0,0,0,2,3,0,0,0,7,2,0,0,0,0,0,0,0,0,0,0,53,0,28,0,0,0,0,0,0,0,0,0,0,0,1,0,0,0,0,0,0,6,0,0,0,0,0,6,0,0,1,0,0,0,0,0,0,8,0,18,0,0,0,0,0,0,0,0,0,0,0,0,8,0,0,0,0,0,0,5,1,0,0,0,1,0,0,35,0,0,0,0,0,0,0,5,0,0,1,0,2,0,1,2,0,0,0,0,0,0,0,0,9,2,0,0,3,0,0,0,52,0,1,0,0,0,0,1,0,0,0,50,0,0,0,0,0,0,0,8,0,0,0,0,0,0,2,0,1,8,0,0,0,0,1,0,1,0,1,1,0,0,0,1,0,0,0,0,1,1,1,0,0,0,0,0,0,0,0,0,0,0,3,0,1,0,0,0,0,0,0,0,0,0,0,0,0,0,0,12,0,0,0,2,0,0,0,0,0,0,1,0,0,2,0,0,0,0,0,2,1,1,0,3,0,0,0,0,0,0,0,0,1,4,29,11,0,0,0,0,1,1,0,1,0,0,0,0,0,0,0,1,0,7,7,0,0,0,0,0,0,0,0,11,0,0,0,0,0,0,0,14,0,0,0,27,0,0,1,0,2,0,0,0,0,0,0,1,0,0,0,0,3,0,0,0,0,0,0,0,1,3,0,0,0,0,0,0,0,0,0,0,0,8,0,0,0,1,39
565,0,0,0,0,0,0,0,0,0,27,0,0,0,0,0,0,0,2,0,16,3,0,0,0,0,0,0,0,0,0,0,0,0,6,22,0,4,0,2,0,1,0,0,0,0,0,0,0,2,0,0,1,2,0,0,0,0,0,2,0,0,0,0,2,0,11,0,0,6,0,0,1,0,0,0,0,0,0,0,0,0,0,0,0,2,0,3,0,0,0,0,2,0,0,0,0,0,8,0,0,0,0,0,0,1,0,0,0,0,0,0,0,1,1,4,0,0,0,0,0,0,0,0,0,0,0,0,0,0,0,0,44,0,0,0,1,0,0,0,0,0,0,0,0,0,0,0,0,0,0,0,0,0,0,0,2,0,0,0,0,0,0,0,0,0,1,0,1,0,7,0,2,0,9,0,0,1,0,0,0,2,0,0,0,0,0,0,0,0,0,0,2,0,0,0,0,0,0,1,0,0,0,0,0,0,1,0,0,0,0,0,0,0,0,1,0,0,0,0,0,0,0,1,0,0,0,0,0,0,0,8,0,0,0,0,0,0,0,0,0,0,5,1,1,0,68,38,0,16,3,0,0,0,36,1,0,0,0,0,2,0,0,1,1,0,4,0,0,0,0,0,0,0,4,13,0,0,0,0,0,0,0,0,0,0,0,35,0,0,0,0,3,0,0,0,0,0,0,3,3,0,0,0,27,0,0,5,6,0,0,0,2,0,0,0,0,0,0,0,0,1,0,0,0,0,0,0,0,1,43
566,0,0,0,0,6,0,0,7,0,4,0,3,0,0,1,0,0,0,0,2,0,0,0,0,0,0,0,0,0,0,0,0,0,0,0,0,0,0,0,0,0,0,0,0,0,0,0,0,0,0,0,0,0,0,7,0,0,5,2,0,8,0,1,2,0,0,11,0,22,0,0,0,0,0,0,0,0,0,2,0,0,1,0,0,0,0,0,0,1,1,1,2,0,0,0,0,1,0,4,0,1,0,0,5,0,0,0,0,0,15,0,0,0,8,1,0,0,0,0,0,0,0,56,0,0,0,0,0,0,0,0,18,0,0,0,0,0,0,0,0,0,0,0,0,0,0,0,2,0,0,0,0,0,0,0,3,0,0,0,0,0,0,0,0,12,0,0,0,0,0,1,0,0,1,0,0,0,0,4,3,2,0,0,0,4,0,0,0,0,0,0,0,0,0,0,0,0,0,0,0,0,0,0,0,0,0,0,0,0,0,4,0,2,0,1,0,0,0,0,0,0,0,0,0,0,3,0,0,0,0,1,0,0,3,0,0,0,0,0,0,0,1,5,12,0,0,0,0,13,2,0,0,0,4,0,0,0,0,0,0,1,0,2,0,0,0,0,0,0,17,2,0,0,0,0,0,0,0,0,0,1,0,0,0,0,0,0,0,0,0,0,0,0,0,0,0,0,0,0,0,0,0,0,4,0,4,0,0,0,1,30,0,0,0,4,0,0,0,0,0,0,0,0,0,0,0,0,0,2,100
567,0,0,0,0,0,0,2,0,0,14,0,0,0,0,0,0,0,0,8,1,0,0,0,0,0,0,0,0,0,0,0,0,0,1,0,0,10,0,0,0,0,0,0,0,0,1,0,0,11,0,0,1,0,0,0,0,0,0,1,0,1,0,0,0,0,2,0,0,7,0,0,0,0,0,0,0,1,0,0,0,0,0,0,0,0,0,10,0,0,0,0,6,0,0,0,0,0,0,2,0,0,0,0,0,0,0,0,0,3,12,0,0,0,3,0,0,0,0,0,0,0,0,0,0,0,0,0,0,0,1,0,29,0,0,0,0,0,0,0,0,0,0,0,0,0,0,0,0,0,0,0,0,0,0,0,0,0,0,0,0,0,0,0,0,0,1,0,0,0,1,0,0,0,0,0,1,0,0,0,2,6,0,0,0,0,7,0,0,0,0,0,0,0,0,0,0,1,0,0,0,0,0,0,0,1,0,0,0,0,0,0,0,0,9,11,0,0,0,0,0,7,0,0,0,4,0,0,1,0,0,0,0,0,0,0,0,0,0,2,0,0,2,0,19,0,1,0,0,6,0,0,0,0,0,14,2,10,0,0,0,3,0,0,0,0,0,0,5,0,0,0,0,0,1,5,0,0,0,0,0,0,0,0,0,0,0,3,0,0,0,0,0,0,0,0,0,0,0,0,0,0,0,0,11,0,0,0,0,0,0,0,3,5,0,1,0,2,0,0,0,0,0,0,0,0,0,0,0,1,2
568,4,0,0,0,0,0,0,0,0,7,0,0,0,0,0,0,0,0,17,1,0,0,0,1,0,0,0,0,0,20,0,0,0,0,0,0,0,0,0,0,0,0,9,0,0,1,0,0,0,1,0,0,0,0,0,4,0,0,0,0,11,0,0,0,0,2,26,0,0,0,0,0,0,0,0,0,0,0,0,1,0,0,0,6,0,0,0,0,0,0,0,1,0,0,0,0,0,0,1,0,3,0,0,0,0,0,7,0,1,53,0,1,0,2,0,0,0,1,6,0,0,0,0,0,0,0,0,0,0,0,0,0,0,0,0,0,0,0,0,0,0,0,0,0,0,0,0,4,0,0,0,0,0,0,0,0,0,0,0,0,1,0,1,0,0,1,0,0,0,2,0,0,0,0,2,1,0,3,3,12,0,0,0,0,3,0,2,0,0,0,0,0,0,0,0,10,0,0,0,0,0,0,0,0,8,0,0,0,0,0,0,0,2,0,4,0,0,0,0,0,0,0,0,1,0,0,0,6,2,0,1,0,3,0,0,0,0,0,0,0,0,0,0,18,0,0,0,0,0,0,0,0,0,2,0,0,0,0,0,0,0,0,1,0,0,0,0,0,0,0,5,0,0,0,0,0,0,0,0,5,1,0,0,0,0,1,0,0,0,0,0,0,3,0,3,0,0,0,0,0,0,0,0,5,0,0,0,0,0,0,6,0,0,0,14,2,0,0,0,0,0,0,0,0,0,0,0,0,0,5
569,0,0,0,6,0,2,0,0,0,30,0,0,0,0,0,0,1,0,0,4,0,0,0,0,0,0,0,0,0,0,0,0,2,0,0,0,0,8,4,0,0,0,0,0,0,0,14,0,0,12,0,0,0,0,0,0,0,0,11,0,2,0,0,0,0,2,0,0,4,0,0,0,0,0,0,0,0,0,0,0,0,0,0,0,0,0,0,0,1,0,6,2,0,2,0,0,0,0,9,0,0,1,0,0,0,0,0,0,0,0,0,3,0,1,0,0,0,0,0,0,0,0,0,0,0,0,0,0,0,0,0,16,0,0,0,0,0,0,2,0,0,0,0,0,4,0,0,0,0,0,0,0,0,0,0,0,0,4,0,1,0,0,6,0,0,0,1,0,0,8,0,0,0,0,0,1,0,0,0,0,1,0,0,0,0,0,0,0,1,0,0,0,0,2,0,3,0,0,0,0,0,0,0,0,0,0,0,0,2,0,0,0,0,0,1,0,0,0,0,0,0,0,0,0,1,0,0,0,0,2,7,1,0,0,0,0,0,0,0,0,1,0,0,1,0,69,3,0,0,0,0,0,0,18,2,0,0,0,0,0,0,0,1,0,0,4,0,0,0,0,0,0,0,3,9,0,1,0,0,0,0,0,0,0,1,0,14,0,0,0,0,0,0,0,0,0,0,0,0,0,0,0,0,12,0,0,5,0,0,0,1,1,9,0,0,0,1,0,0,0,0,3,0,10,0,0,0,0,1,111
570,0,0,0,4,0,0,0,0,0,0,0,0,0,0,0,0,0,0,0,2,0,0,0,2,0,0,0,0,0,0,0,0,0,2,0,0,6,0,0,0,0,0,0,0,0,0,0,0,0,0,0,0,0,0,0,0,0,0,4,0,10,0,0,3,0,1,0,0,8,0,1,0,0,0,0,0,0,1,0,0,0,0,0,0,0,0,0,0,0,0,0,1,0,0,0,0,0,0,1,3,0,0,0,0,0,0,0,0,0,0,0,0,0,0,0,1,0,0,0,0,0,0,12,0,0,0,1,0,1,0,0,5,0,0,0,0,0,0,0,3,0,0,0,3,0,0,0,0,0,0,0,0,0,0,0,0,0,0,0,0,0,0,0,0,16,1,0,0,0,0,0,0,0,0,1,1,0,0,0,0,0,0,0,0,0,0,0,0,0,0,0,0,0,0,0,0,0,0,0,4,0,0,0,0,0,0,0,0,0,0,1,0,2,0,2,0,0,0,0,0,0,0,0,0,1,0,1,0,2,0,1,0,0,0,0,0,0,0,0,0,0,6,26,3,0,5,12,0,0,0,0,0,0,1,0,0,1,0,0,2,0,0,2,0,0,0,0,5,0,0,0,9,0,0,2,0,0,2,0,0,0,0,0,0,0,0,0,0,0,0,0,0,0,0,2,0,0,0,0,0,0,0,0,1,0,2,0,0,0,0,24,1,0,0,2,0,9,0,3,0,1,0,1,0,0,0,1,0,0,22
571,0,0,0,0,0,0,0,0,5,13,0,0,0,0,1,0,5,0,0,1,0,0,0,0,0,0,0,0,0,22,0,0,0,0,0,0,0,0,0,0,0,1,0,0,0,1,4,0,3,0,0,0,4,0,8,0,0,0,0,0,0,0,0,0,0,1,14,0,2,0,1,0,0,0,0,0,0,0,0,1,0,0,0,0,1,0,0,0,0,0,0,0,0,0,0,0,0,8,3,6,0,0,0,0,0,0,0,0,0,6,0,1,0,7,0,0,0,0,0,0,0,1,0,0,0,0,0,0,1,0,0,0,0,0,0,0,0,0,0,0,0,1,0,0,0,0,0,0,0,0,0,0,0,0,0,0,0,0,0,0,2,0,1,0,14,1,0,1,0,0,0,0,0,0,7,0,0,0,1,0,0,0,0,8,0,0,0,0,0,1,17,0,0,0,1,0,1,0,1,0,0,0,0,1,0,0,0,0,0,0,0,0,1,0,1,0,0,0,0,0,2,0,0,1,0,1,0,0,0,0,0,0,4,0,0,0,4,0,0,0,0,1,0,8,0,1,0,0,0,0,0,0,0,0,0,0,0,0,0,0,1,0,0,0,0,0,0,0,0,0,0,0,0,0,2,0,0,0,0,0,0,1,0,0,0,0,0,0,0,0,1,0,0,0,3,0,0,0,0,0,0,0,0,2,0,0,0,28,0,0,19,0,0,23,15,0,4,0,0,0,0,0,0,0,0,5,0,0,0,0
572,0,0,0,0,0,2,0,20,0,3,0,0,0,0,0,0,0,0,6,0,0,0,0,0,0,0,0,0,10,0,0,44,0,1,0,3,0,0,0,0,0,0,0,0,0,0,0,0,0,0,0,0,0,0,0,0,0,0,1,0,0,0,0,0,1,1,0,0,31,0,0,0,0,0,0,0,0,0,0,0,0,0,0,0,0,0,0,0,5,0,2,1,0,0,0,0,0,0,4,8,7,0,0,0,0,1,0,0,0,40,1,0,0,0,0,0,0,0,0,0,0,1,0,0,1,0,1,0,0,0,0,6,0,0,0,0,0,0,14,0,0,0,0,0,0,0,0,0,0,0,0,0,0,0,0,0,0,0,0,0,0,0,4,0,0,1,0,0,0,0,0,0,5,0,0,1,0,0,0,2,0,0,0,0,0,0,0,0,0,0,0,4,2,7,0,0,2,0,0,0,0,0,0,0,0,0,0,0,0,0,0,0,0,0,20,1,0,0,0,0,0,0,0,0,0,3,8,1,0,4,0,8,0,0,0,0,0,0,0,0,0,7,0,8,0,13,0,0,3,0,0,0,0,5,18,0,14,0,0,4,0,0,0,0,0,1,0,14,0,0,0,0,0,0,19,0,0,1,0,0,0,0,0,1,2,0,6,0,0,0,0,0,0,0,0,0,0,0,0,0,0,0,0,12,1,0,0,0,0,0,7,1,0,1,0,0,1,0,0,0,0,0,0,0,0,0,1,0,0,6
573,0,0,0,4,0,0,0,0,0,19,0,0,0,0,0,0,0,0,0,5,0,0,0,1,0,0,0,0,0,0,0,20,3,5,0,0,0,0,0,0,0,0,0,0,2,1,0,4,0,0,0,0,0,0,2,0,1,0,25,0,2,0,0,0,0,3,0,0,7,0,5,0,0,0,0,0,0,0,0,0,0,0,0,0,0,0,0,0,1,0,11,3,0,0,0,0,0,0,42,0,0,1,0,0,0,0,0,0,0,0,0,0,0,1,0,0,0,0,0,0,0,0,1,0,0,0,0,0,0,0,2,33,0,0,0,0,0,0,0,0,0,0,0,0,0,0,0,0,0,2,0,0,2,0,0,0,0,0,0,0,0,0,0,0,0,0,0,0,0,5,0,0,0,0,1,1,0,0,0,0,0,0,2,0,0,0,0,0,1,0,0,0,0,0,0,2,2,0,0,0,0,0,0,0,1,0,1,0,0,0,10,0,0,0,2,0,0,0,0,0,0,0,1,0,1,0,0,0,0,0,1,0,1,0,0,0,0,0,0,0,0,0,0,2,0,17,57,0,32,0,0,0,0,5,1,0,6,0,0,2,0,0,2,0,7,0,0,0,0,0,0,0,0,0,3,0,1,0,0,0,0,0,0,0,3,0,16,0,2,0,0,0,0,0,0,4,0,0,0,0,0,0,0,5,1,0,0,0,0,0,0,0,0,0,0,0,2,0,0,0,2,0,0,0,4,0,9,8,0,47
574,1,0,0,0,0,0,0,7,0,10,0,1,0,1,4,0,0,0,0,0,0,0,0,3,0,0,0,3,0,5,0,0,4,2,0,0,1,0,1,0,0,0,0,2,0,0,0,0,0,0,0,0,0,0,0,5,0,0,1,0,16,0,0,0,0,1,0,1,7,0,2,0,0,0,0,0,0,0,0,0,0,0,0,0,0,0,0,0,1,0,0,2,0,2,0,0,0,0,4,7,0,0,0,0,0,0,0,0,0,0,0,2,0,7,0,2,0,0,0,0,0,1,0,0,0,0,0,1,0,0,0,13,0,0,0,0,0,0,0,3,3,2,0,0,0,13,0,0,0,0,3,0,0,0,0,0,0,0,0,0,0,0,0,0,0,0,0,0,0,1,0,0,0,0,0,0,0,0,3,0,1,0,11,0,0,0,1,4,1,0,0,0,0,0,0,5,0,0,0,4,0,0,0,1,0,0,0,0,0,2,0,0,0,0,1,0,0,0,0,0,0,0,0,0,0,0,0,8,1,0,0,0,0,3,0,0,0,0,1,0,0,0,0,25,0,10,10,0,12,0,0,0,0,3,1,0,0,0,23,0,0,0,3,0,0,2,0,0,0,7,0,0,0,1,4,3,0,0,0,0,0,0,0,0,0,0,0,0,0,0,0,0,0,0,0,0,0,0,0,0,0,4,0,5,0,0,0,0,0,0,31,0,0,0,0,0,0,0,1,0,0,0,0,0,0,0,0,0,0,24
575,0,0,6,0,0,0,0,0,0,0,0,0,0,0,1,0,0,0,0,5,0,0,0,0,0,0,0,0,0,0,0,18,0,13,0,0,3,32,0,0,0,0,0,0,3,0,0,0,0,0,0,0,0,0,8,0,0,0,5,0,2,0,6,0,0,4,0,0,1,0,0,0,0,0,0,0,0,0,0,0,0,0,0,2,2,1,0,0,1,0,3,2,0,0,0,0,0,0,6,0,2,0,0,0,0,0,0,0,0,0,0,0,0,1,0,0,0,0,0,0,0,0,0,0,0,0,0,0,0,0,0,8,1,0,0,1,0,0,0,0,0,0,0,0,0,0,0,0,0,0,3,0,0,0,0,0,0,0,0,0,0,0,1,0,0,1,0,1,0,9,0,0,0,0,0,0,0,0,0,1,3,0,0,0,0,0,0,0,0,0,0,0,0,0,0,0,0,0,0,0,1,0,0,0,0,0,0,0,0,0,0,0,0,0,1,1,5,0,0,0,8,4,0,0,1,0,0,0,0,0,2,1,0,0,0,0,0,0,0,0,0,0,0,2,0,41,42,0,7,0,0,0,0,10,0,0,4,0,0,2,0,0,1,0,0,3,0,0,0,0,0,0,0,3,4,0,1,0,0,0,0,0,0,0,2,0,57,0,0,0,0,0,0,0,0,3,0,0,0,0,0,0,0,8,0,0,0,13,0,1,0,1,0,0,0,0,0,0,1,0,0,0,0,13,12,0,0,0,0,33
576,0,0,0,10,0,0,0,0,0,12,0,0,0,0,0,0,0,2,0,0,0,3,0,2,4,0,0,0,0,0,0,0,1,2,0,1,6,0,0,0,0,0,0,0,0,1,0,0,0,0,0,0,0,0,0,0,0,0,1,0,12,0,0,2,0,0,0,0,3,2,0,0,0,0,0,0,0,0,0,0,0,2,0,0,0,2,3,0,0,0,1,1,0,0,0,0,0,0,2,0,0,0,0,0,0,0,0,0,1,0,2,3,0,0,1,0,0,0,0,0,0,0,0,0,0,0,0,0,0,0,0,23,0,0,0,0,0,0,0,0,9,0,0,10,0,2,0,0,0,0,0,0,0,0,0,0,0,0,0,0,0,0,0,0,0,1,0,0,0,0,0,0,0,0,0,0,0,0,0,0,1,1,0,0,0,0,0,0,0,0,19,0,0,0,2,9,0,0,0,0,0,0,0,0,0,0,0,0,0,0,0,0,2,0,3,0,1,0,0,0,0,0,0,0,1,2,0,3,0,0,1,0,0,0,0,0,0,0,0,0,0,0,14,16,0,5,17,0,12,0,0,0,0,1,1,0,1,0,0,0,1,0,1,1,0,1,0,0,0,0,0,0,4,1,2,0,0,0,0,0,0,0,33,0,0,0,1,0,0,0,0,0,0,0,0,0,1,0,0,0,0,6,0,4,0,3,0,13,0,2,14,0,1,0,0,0,0,0,0,0,0,0,0,0,0,20,0,0,0,29
577,0,0,0,4,0,0,1,0,0,13,0,0,0,0,0,0,0,0,0,0,0,2,0,0,3,0,0,0,0,9,0,0,0,2,0,0,2,0,0,0,0,1,0,0,0,0,0,0,0,0,1,0,0,0,13,0,0,0,0,0,7,0,0,0,0,0,8,0,7,0,1,0,0,0,0,0,0,0,0,0,0,0,0,0,0,0,8,0,0,1,0,2,0,0,0,0,0,0,5,3,0,1,0,3,0,0,0,0,1,0,0,0,0,0,0,0,0,0,0,0,0,0,0,0,0,0,0,0,0,0,0,11,0,0,0,0,0,0,2,0,0,0,1,0,0,0,0,0,0,0,1,0,0,0,0,0,0,0,0,0,0,0,0,0,0,1,0,0,0,1,0,5,0,0,5,0,0,0,0,3,0,0,0,0,0,0,0,0,0,0,0,0,0,0,0,14,0,0,0,0,0,0,3,0,0,0,0,0,0,1,0,0,1,0,1,0,0,0,0,0,0,0,0,0,0,3,0,0,0,0,0,0,0,0,0,0,0,1,0,0,1,2,0,34,0,8,0,0,0,1,0,2,0,0,1,3,0,0,0,6,0,0,1,0,0,8,0,0,0,0,0,8,5,1,3,0,0,0,0,0,0,0,0,0,0,0,0,0,1,0,0,0,0,0,2,0,0,1,0,0,0,0,0,5,0,0,0,0,0,3,10,1,0,0,0,0,0,0,0,0,0,0,0,0,1,0,0,0,1,58
578,0,0,0,0,0,0,0,0,0,0,0,0,0,0,0,0,0,0,3,1,1,0,0,0,0,0,0,0,0,0,0,0,1,1,0,0,0,0,0,0,0,0,1,0,0,0,0,0,0,0,0,0,0,0,0,7,0,0,2,0,1,8,0,0,0,1,0,0,36,0,2,0,1,0,0,3,0,0,0,0,0,0,0,0,0,2,0,0,2,0,0,1,0,0,0,0,0,0,5,0,0,0,0,0,0,0,0,0,0,0,0,0,0,2,5,0,0,0,0,3,0,1,0,0,0,0,1,0,1,0,0,15,0,0,0,0,0,0,0,0,2,0,0,0,0,0,0,0,0,0,0,0,0,0,0,0,0,0,0,0,0,0,0,0,0,0,0,0,0,0,1,0,1,0,0,7,0,0,0,1,28,0,0,0,0,12,0,1,0,0,0,0,1,0,0,1,0,0,3,1,0,0,0,2,0,0,0,0,0,0,0,0,0,0,11,2,0,0,0,0,0,0,0,0,9,0,0,0,0,0,0,0,2,0,0,0,6,0,0,0,9,1,0,15,0,11,1,3,7,0,0,0,0,2,22,0,13,1,0,0,3,0,1,0,0,0,0,7,0,17,0,0,0,0,11,0,0,0,0,0,0,0,0,0,0,0,8,2,0,1,0,0,0,0,0,0,0,0,0,0,0,0,0,27,0,0,0,0,0,0,25,1,0,1,3,0,0,0,1,0,0,0,0,2,0,0,0,0,0,22
579,0,0,0,0,0,0,0,0,0,6,0,0,0,0,1,4,0,0,0,3,0,0,0,2,0,0,0,0,0,0,0,0,1,0,0,0,6,0,4,0,0,0,0,1,0,0,17,0,0,0,0,2,0,0,0,0,0,0,2,0,6,0,0,0,0,2,0,0,22,2,0,0,0,0,0,0,0,0,0,0,0,0,0,0,0,0,0,0,0,0,0,0,0,1,0,0,0,0,37,0,1,1,0,0,0,0,0,0,0,0,0,0,0,2,0,0,3,0,1,0,0,0,3,0,0,0,0,0,0,0,0,68,0,0,0,0,0,2,0,0,0,0,0,0,0,0,0,0,0,0,6,0,0,0,0,1,0,0,0,0,0,0,3,0,0,1,0,1,0,2,0,0,0,0,0,2,0,1,0,0,2,0,0,27,0,0,0,0,0,0,0,0,0,0,0,0,0,0,0,0,0,0,1,0,0,0,0,0,0,0,0,0,0,0,6,0,6,14,0,0,4,0,0,0,0,0,0,0,0,0,8,2,0,0,0,0,0,0,0,0,0,5,0,1,7,54,26,3,2,0,1,0,0,0,5,11,4,0,0,0,0,0,0,0,0,12,0,4,0,0,0,0,0,2,11,0,0,0,0,0,0,0,5,0,0,0,9,0,0,0,0,0,0,0,0,10,1,0,0,0,0,0,0,27,0,0,0,0,0,0,0,0,0,0,1,0,0,0,2,0,0,0,0,0,0,0,0,0,0,47
580,0,0,0,5,0,1,0,0,0,0,0,0,0,0,0,0,0,0,0,3,5,0,0,1,0,0,0,0,0,1,0,0,0,0,0,0,7,0,0,0,0,6,0,0,0,1,0,0,0,28,0,0,0,0,14,0,0,0,0,0,2,0,0,3,0,10,9,0,2,0,0,1,0,6,0,0,3,0,0,0,0,0,0,4,0,0,0,0,0,0,0,4,0,0,0,0,0,0,14,1,0,0,0,0,0,0,0,0,0,1,0,0,0,1,0,0,0,0,1,0,3,0,0,0,0,0,0,0,0,0,0,0,1,0,0,0,1,0,1,0,0,0,0,1,0,0,0,0,3,1,3,0,0,0,3,0,0,0,0,0,0,0,31,0,0,0,0,0,0,0,0,0,0,0,0,5,0,1,0,0,1,0,0,0,0,0,0,0,0,0,1,0,0,0,0,3,0,0,1,0,0,0,0,17,0,0,0,0,1,1,0,0,0,0,4,2,0,0,0,15,0,0,0,0,1,0,0,5,0,0,1,0,0,0,3,0,0,0,0,0,0,0,0,2,6,0,0,0,0,3,0,0,0,7,0,0,0,0,0,0,6,0,0,0,0,0,0,0,2,0,0,0,0,3,0,0,0,0,0,0,1,0,0,0,0,0,0,0,0,2,0,0,0,0,0,0,0,0,0,0,0,0,1,6,0,0,0,0,0,0,0,0,0,0,1,3,1,0,1,5,0,0,0,0,1,0,1,5,0,9
581,0,0,0,0,0,0,0,0,0,9,0,0,0,0,5,0,0,0,0,1,0,1,0,0,0,19,0,0,0,0,0,0,0,1,6,0,0,0,0,0,0,0,0,0,0,0,0,0,0,0,0,0,0,0,0,7,0,0,0,1,1,0,0,0,0,2,0,0,4,0,0,0,0,1,0,0,0,0,0,0,0,0,0,0,0,1,0,0,8,0,0,2,2,0,0,0,0,2,3,1,0,0,0,0,0,0,0,0,0,0,0,0,0,5,4,10,0,0,0,3,0,1,3,0,0,1,0,0,0,0,0,12,0,0,0,0,0,0,0,20,0,4,0,0,0,1,0,0,0,0,0,11,0,0,0,0,3,0,0,0,0,0,0,0,0,1,1,0,0,0,0,0,0,7,0,3,0,13,1,0,87,0,0,0,0,0,0,0,0,0,0,8,0,0,0,2,0,0,0,0,0,0,0,0,0,0,0,0,1,0,0,0,0,0,5,2,0,0,0,0,0,3,0,0,6,1,0,0,3,11,0,0,0,0,0,0,0,0,0,0,0,2,0,20,0,7,0,0,2,0,0,0,1,14,12,0,26,0,0,0,3,0,0,0,0,0,0,0,0,0,0,0,0,0,32,2,0,0,0,0,0,0,1,0,0,0,4,1,0,0,0,0,0,0,0,0,0,0,11,0,0,0,0,12,0,0,0,0,0,0,36,1,0,0,1,0,0,0,0,0,0,0,0,0,0,0,0,0,0,11
582,5,0,0,0,0,0,0,0,0,7,0,0,0,0,1,0,8,2,0,2,0,5,0,0,0,0,0,0,0,0,0,0,0,0,0,0,2,0,0,0,0,0,0,0,0,2,0,0,0,0,0,0,0,0,0,0,1,0,0,0,6,0,0,0,2,1,0,0,6,0,0,0,0,0,0,0,0,0,0,0,0,0,0,0,0,0,3,0,0,0,0,1,0,0,0,0,0,0,1,0,0,1,0,0,0,1,0,0,1,0,1,0,0,0,0,0,0,1,0,0,0,0,0,0,0,0,0,0,0,0,0,14,0,0,0,0,0,0,1,0,4,0,0,0,0,0,0,6,0,0,0,0,0,0,0,0,0,1,0,0,0,0,0,1,0,1,0,1,0,1,0,0,0,1,3,0,0,0,3,0,1,0,0,0,0,0,0,0,0,0,0,0,0,3,0,0,1,0,0,0,0,0,0,1,0,0,0,0,0,0,0,2,3,0,4,0,0,0,0,0,0,1,0,0,0,3,0,0,0,0,2,0,5,0,0,0,0,0,0,0,0,5,0,14,0,0,0,0,0,1,0,0,0,2,0,0,0,0,0,2,0,0,3,1,0,0,0,0,0,0,0,0,0,1,2,0,0,0,0,0,2,0,0,0,0,0,0,0,0,0,1,0,0,0,0,19,0,0,5,0,0,0,0,5,0,0,0,0,0,3,44,0,0,0,0,0,6,0,0,0,0,1,0,0,0,45,0,0,2,26
583,0,0,0,0,0,9,0,0,0,2,0,0,4,0,0,0,0,0,0,0,1,0,1,0,0,0,0,0,0,2,0,0,0,0,0,0,0,0,0,0,0,0,0,2,0,0,0,0,0,5,5,0,0,1,3,0,1,1,0,0,0,0,0,0,0,1,3,0,6,0,0,0,0,0,0,0,0,0,0,3,0,0,0,0,5,0,0,0,0,0,1,5,0,0,0,0,7,0,0,0,7,0,0,0,0,0,0,0,0,26,0,0,1,2,0,0,0,0,3,0,7,0,0,0,0,0,2,0,0,0,1,0,7,2,0,0,0,0,0,0,0,5,0,0,2,0,0,0,0,0,0,0,1,0,0,0,0,0,0,1,0,1,5,0,0,2,0,0,0,1,0,0,0,0,1,15,0,0,0,1,0,0,0,0,0,0,0,2,0,0,0,0,0,0,0,0,0,0,0,0,0,0,0,2,0,0,0,0,1,0,0,1,0,6,8,1,0,0,0,0,0,0,14,0,2,3,0,3,0,0,0,0,3,0,0,0,3,0,0,1,0,0,0,38,0,1,0,0,2,0,0,0,3,0,0,0,0,0,0,0,0,0,0,0,4,0,0,0,0,0,0,0,0,0,8,0,0,2,50,0,3,6,0,0,0,0,3,0,1,0,0,0,9,0,0,3,1,0,0,0,0,0,0,14,0,0,0,0,0,0,0,2,0,0,7,0,3,0,0,1,0,0,0,0,0,0,0,0,0,4
584,0,0,0,0,0,0,0,9,0,8,3,0,0,0,5,0,49,0,0,3,0,0,0,0,0,0,0,0,0,1,0,0,1,1,0,0,0,0,0,0,0,0,0,3,1,1,0,0,0,0,3,0,0,0,0,7,0,0,0,0,1,0,10,0,0,1,0,0,26,0,1,0,0,0,0,3,0,13,0,0,0,0,0,0,0,0,0,0,8,0,1,7,0,0,0,0,0,0,6,5,0,0,1,0,0,0,0,3,0,0,0,0,0,0,0,0,0,0,10,0,0,0,0,1,0,0,0,0,0,0,0,46,8,0,0,0,0,0,6,0,0,0,0,0,0,0,0,0,0,0,0,0,0,0,0,0,3,2,0,0,0,0,0,0,0,0,0,0,0,1,0,0,3,0,0,1,0,0,0,3,2,0,0,0,0,0,0,0,0,0,4,11,0,16,0,1,0,2,0,0,0,0,0,0,0,0,1,0,0,0,0,1,0,0,2,1,0,0,0,0,0,0,6,0,2,0,0,0,0,0,0,0,2,0,0,0,0,0,5,0,0,9,0,15,0,1,1,0,0,0,0,0,0,9,18,1,0,0,0,4,0,34,1,0,5,0,0,0,0,25,0,3,0,1,39,0,0,0,22,0,0,0,0,0,0,0,4,0,0,0,0,0,0,0,3,4,0,0,0,0,0,0,0,24,0,0,0,0,0,0,29,0,0,0,1,0,0,0,0,0,0,0,1,6,0,0,0,1,0,16
585,0,0,0,0,0,0,0,0,0,10,0,0,0,0,0,0,0,0,0,2,0,0,0,1,0,0,0,0,1,0,0,0,0,2,0,0,3,0,0,0,0,0,6,3,0,1,0,0,0,0,0,0,0,0,0,0,0,0,0,0,14,0,11,0,0,0,0,0,9,0,1,0,0,0,0,6,0,0,0,0,0,0,0,9,0,0,0,0,1,0,0,0,0,0,0,1,0,0,2,0,0,1,0,2,0,0,0,0,3,0,0,0,0,5,0,0,0,0,0,0,0,0,0,0,0,0,0,0,0,0,0,8,0,0,0,0,0,0,0,0,0,0,1,0,0,0,0,0,0,0,0,0,0,0,0,0,0,0,0,0,0,0,0,0,0,1,0,0,0,0,0,0,0,0,0,0,0,0,0,0,2,0,2,0,11,0,0,0,0,0,0,0,0,0,3,16,1,0,0,3,0,0,1,1,24,0,0,0,0,0,0,0,0,0,2,1,0,0,1,7,0,3,1,0,0,2,0,0,0,2,2,0,0,0,0,0,0,0,0,0,0,4,14,8,0,6,26,0,3,0,0,0,0,0,2,0,0,0,0,0,0,0,1,0,0,3,0,0,0,0,0,0,0,1,3,0,0,0,0,0,3,1,0,0,0,0,0,0,0,0,0,0,0,0,0,0,0,0,0,10,0,0,0,1,0,0,0,0,0,0,12,0,1,0,8,0,2,0,1,0,0,0,0,0,0,0,0,0,1,9
586,0,0,0,0,0,0,0,0,0,2,0,0,0,0,1,0,10,0,0,0,0,0,0,0,0,0,1,0,0,0,0,0,0,1,0,0,2,0,0,0,0,0,0,2,0,1,0,0,0,0,0,0,0,0,0,0,0,3,0,1,13,0,8,0,0,0,0,0,1,0,0,0,0,0,0,0,0,0,0,0,0,0,0,0,0,3,0,0,0,0,0,0,0,0,0,0,0,0,1,0,0,2,0,0,4,0,0,0,0,0,2,2,5,0,0,0,0,0,0,0,0,0,0,0,0,0,0,0,0,0,0,2,0,0,0,0,0,0,1,2,7,0,0,0,0,0,0,0,0,0,0,3,0,0,0,0,0,0,0,0,0,0,0,0,3,1,0,0,0,0,0,0,0,0,0,0,0,0,3,0,1,0,0,2,0,0,0,0,0,0,0,0,0,0,0,13,0,0,0,0,0,0,0,0,0,0,0,0,0,0,0,0,0,0,0,0,0,0,0,0,0,0,0,0,0,1,0,0,0,0,1,0,0,8,0,0,0,0,1,0,0,1,0,8,0,6,0,0,11,0,0,0,0,0,1,0,0,0,0,0,0,0,5,1,0,0,0,5,0,0,0,0,0,0,1,0,0,0,0,0,0,0,0,0,0,0,1,0,0,0,0,0,3,0,4,30,0,0,0,0,0,0,0,1,0,0,0,0,0,2,10,0,0,0,2,0,0,0,0,0,1,0,0,0,0,0,0,0,0,14
587,0,0,0,0,0,1,0,0,0,7,0,0,0,0,0,0,0,2,0,1,2,0,0,0,0,1,0,0,0,0,0,0,0,1,3,0,0,0,0,0,0,0,0,0,0,1,0,2,0,0,0,1,1,0,0,0,0,0,4,0,1,0,0,0,0,0,0,0,7,0,0,0,0,2,0,4,0,0,0,1,0,0,0,5,0,2,0,1,1,0,2,4,0,0,0,0,2,0,5,0,6,0,0,0,0,0,1,0,6,0,0,0,6,2,0,0,0,0,0,0,2,0,0,0,0,0,0,0,0,0,0,27,9,0,0,0,0,0,9,0,0,0,0,0,0,0,0,0,0,0,0,0,0,0,0,0,0,0,0,1,1,0,0,0,1,1,0,0,0,0,1,1,0,0,0,7,0,27,1,0,15,0,0,0,0,0,0,0,0,0,3,5,0,14,0,1,0,0,0,0,2,0,0,1,0,0,0,0,0,0,0,0,0,0,12,0,0,0,9,0,0,0,0,0,1,1,0,0,0,0,0,0,0,0,0,0,0,0,0,0,0,2,0,39,0,5,0,0,8,0,0,0,0,0,45,0,0,0,0,0,2,13,0,0,0,0,0,0,0,0,0,0,0,1,6,4,0,0,0,0,0,0,0,1,0,0,2,0,0,0,0,0,0,0,0,8,0,0,0,0,0,0,0,21,0,0,0,0,1,0,0,0,4,0,2,0,0,0,0,0,0,0,0,0,0,0,0,0,0,8
588,0,0,0,0,0,0,0,0,0,0,0,0,1,0,0,0,0,0,0,0,0,0,0,1,0,0,37,0,0,0,0,0,2,4,0,0,4,0,0,0,0,0,0,0,0,0,0,0,0,42,0,0,0,0,0,0,1,0,0,0,0,0,0,0,0,1,0,0,9,0,0,0,0,0,0,0,0,0,0,0,0,0,0,0,0,0,0,0,3,0,9,2,0,0,0,0,0,0,33,0,0,0,0,0,0,0,0,0,0,0,0,0,0,1,0,0,0,0,1,0,0,0,0,0,0,0,0,0,0,0,0,42,0,0,0,0,0,0,0,0,0,0,26,0,0,0,0,0,0,0,0,0,0,1,1,0,0,0,0,0,0,0,3,0,0,0,0,0,0,19,0,0,0,0,0,1,0,0,0,0,1,0,7,0,0,0,0,0,0,0,0,12,0,0,0,2,0,0,0,0,0,0,0,0,2,0,1,1,0,0,0,0,0,0,1,0,0,7,0,0,0,1,0,0,2,0,0,0,0,0,5,0,1,0,0,0,0,0,0,0,0,0,1,0,0,24,23,0,6,1,0,0,0,2,1,0,0,0,0,4,0,1,1,0,0,0,0,14,3,0,1,1,0,4,0,0,0,0,1,0,0,0,0,0,0,0,4,0,1,0,0,0,0,0,0,0,1,0,0,1,0,0,0,0,0,0,0,8,0,0,1,0,14,0,0,0,1,0,2,3,0,0,0,0,0,0,0,0,0,30
589,0,0,0,0,0,0,0,0,0,6,0,0,0,0,3,0,0,0,0,1,0,0,0,0,0,0,1,0,0,0,0,0,4,0,0,0,0,0,0,0,0,0,0,0,0,0,0,0,0,8,0,0,0,0,0,0,0,0,0,0,1,0,0,0,0,0,0,0,3,0,0,0,0,0,0,0,0,0,0,0,0,0,0,0,17,0,10,0,4,0,4,8,2,0,0,0,3,2,9,0,0,0,1,0,0,0,0,2,3,0,2,0,0,1,0,0,0,0,0,5,0,0,0,0,1,0,0,0,0,0,0,6,0,0,3,0,0,0,0,0,0,5,1,0,0,1,0,0,0,0,0,16,0,0,0,0,0,0,0,0,0,0,0,0,0,1,1,0,0,0,0,0,0,4,0,5,0,0,1,0,0,0,0,1,0,0,0,0,0,0,0,0,0,0,0,0,0,4,0,0,4,0,1,1,0,0,0,0,0,0,0,0,0,0,13,0,0,0,0,0,0,0,0,1,0,2,0,4,5,3,0,3,0,0,0,0,0,0,0,0,0,1,0,14,0,11,0,0,4,0,0,0,1,11,9,0,21,2,0,1,0,0,1,0,0,0,0,0,0,27,0,0,1,0,28,0,0,0,0,0,0,0,0,0,0,0,0,2,0,2,0,0,0,0,2,16,1,0,0,0,0,0,0,16,0,0,0,0,0,0,27,1,0,2,0,0,1,0,0,0,0,0,0,0,2,0,0,0,0,2
590,0,0,1,0,0,0,0,0,0,0,0,0,0,0,0,0,0,0,6,0,0,0,0,2,0,0,1,0,0,2,0,0,2,2,0,0,4,0,0,0,0,0,0,0,0,0,0,2,0,0,1,0,0,0,0,0,0,0,0,0,5,0,7,1,3,0,0,2,22,0,0,0,0,0,0,0,0,0,0,2,0,0,0,1,0,1,0,0,1,0,0,0,0,0,0,1,1,0,1,19,1,1,17,0,0,7,0,0,0,0,0,2,0,5,0,0,0,0,0,0,6,0,6,0,0,0,0,0,0,0,0,10,0,0,0,0,0,0,0,0,0,0,0,0,1,0,1,4,0,0,0,1,0,0,0,0,0,1,0,0,0,0,0,0,36,1,0,0,0,0,0,0,0,0,2,1,0,0,2,0,1,0,4,0,0,0,0,10,0,0,0,0,0,0,0,0,0,0,0,0,0,0,0,0,0,0,0,0,0,0,0,0,0,12,0,0,0,0,0,0,0,3,0,0,0,3,2,30,0,0,1,0,0,0,0,0,0,0,0,0,0,1,0,13,0,6,0,0,2,0,0,0,0,3,0,4,0,0,0,0,0,10,1,0,0,0,0,0,4,20,0,0,0,2,3,0,0,0,0,0,0,1,0,0,0,0,1,0,0,0,0,0,0,0,2,0,1,0,0,0,0,0,0,1,0,0,0,34,0,3,0,0,0,0,2,7,3,0,0,0,0,0,0,0,0,0,0,0,0,33
591,0,0,0,1,0,0,0,8,0,3,0,0,0,0,3,0,46,0,0,0,2,0,0,0,0,0,0,0,4,0,0,0,0,0,0,0,0,0,0,0,0,0,0,0,0,1,0,0,0,2,0,0,1,1,0,0,0,0,0,1,1,0,0,0,1,2,0,0,1,0,2,0,0,0,0,0,0,3,0,0,0,0,0,0,9,1,0,0,7,0,1,4,0,0,0,0,4,0,2,4,0,0,0,0,0,1,0,0,2,0,0,0,0,1,0,11,0,0,0,0,0,0,0,0,2,0,1,0,0,4,0,8,10,0,0,0,0,3,0,0,0,0,0,0,1,0,0,0,0,0,0,1,0,0,0,0,0,0,0,0,0,0,2,0,0,1,0,0,0,0,1,0,0,0,0,0,0,0,0,0,14,0,6,0,0,0,0,0,0,0,0,0,1,0,0,1,0,0,0,0,0,0,0,0,0,0,0,0,0,0,0,0,0,4,4,0,0,5,0,0,5,0,0,0,0,3,0,1,0,0,0,0,0,0,0,0,0,0,1,0,0,0,0,23,0,5,0,0,7,0,0,0,0,4,0,0,0,0,0,0,0,0,0,0,0,0,0,0,0,0,0,0,0,0,4,0,0,0,0,0,0,1,1,0,0,0,10,0,0,0,0,4,0,0,2,0,0,0,0,0,0,0,0,18,0,2,0,0,0,0,3,4,11,0,1,0,0,0,0,1,0,0,0,0,0,0,0,0,0,5
592,0,0,38,0,0,4,0,0,0,17,1,0,0,0,0,6,0,0,0,4,0,0,0,0,0,0,0,0,0,0,0,14,7,13,0,0,5,0,3,0,0,0,0,0,0,0,0,0,0,4,0,0,0,0,5,0,0,0,5,0,0,0,0,0,0,0,0,0,4,0,0,0,0,0,0,0,0,0,0,0,0,0,0,0,0,0,0,0,0,0,25,1,5,0,0,0,0,0,65,0,0,2,0,0,0,0,0,0,0,0,0,0,0,0,0,0,0,0,0,0,0,0,0,0,0,0,0,0,0,1,0,27,0,0,0,0,0,0,0,0,0,0,0,0,0,0,0,0,0,0,2,0,2,0,0,0,0,2,0,0,1,0,10,0,0,0,0,0,0,1,1,0,0,0,1,1,0,0,0,0,3,0,0,0,0,0,0,0,1,0,0,0,0,0,0,3,0,13,0,0,0,0,0,0,0,0,0,0,0,0,0,0,2,0,3,0,0,0,0,0,0,0,0,0,0,0,0,5,0,0,0,0,0,0,0,0,0,0,0,0,0,3,0,0,0,63,0,1,0,4,0,0,0,8,1,0,0,0,0,0,0,0,0,0,0,8,0,0,0,0,0,1,0,3,0,0,0,0,0,0,0,0,0,0,0,0,8,0,0,0,0,1,0,0,0,0,0,0,0,2,0,4,0,6,0,0,0,12,0,1,0,0,0,0,0,0,3,0,0,0,0,0,0,0,0,0,0,0,2,57
593,0,0,0,0,0,5,0,0,0,0,0,0,0,0,0,0,0,5,0,0,0,0,0,0,0,0,3,0,10,0,0,0,1,1,4,0,0,43,0,0,0,0,0,2,0,1,5,0,13,0,0,0,1,0,0,0,1,0,1,0,0,0,0,0,0,0,0,0,8,0,0,0,1,0,0,0,0,0,0,0,0,0,0,0,32,0,0,0,0,0,2,3,0,0,0,0,0,1,8,3,0,0,0,0,0,0,0,0,0,0,0,0,0,4,0,4,0,0,0,0,0,0,0,0,1,0,0,0,0,1,0,26,0,4,0,0,0,1,0,0,0,0,0,0,0,2,0,0,0,0,0,0,1,0,0,0,0,1,0,0,0,0,1,0,1,0,0,0,0,0,0,0,1,0,0,9,0,0,0,0,8,0,0,0,0,0,0,0,0,0,0,0,0,0,0,1,0,1,0,1,0,0,0,0,0,0,0,0,0,0,0,3,0,0,5,0,0,0,0,0,0,0,0,4,0,0,0,0,1,0,0,0,1,0,0,0,0,0,0,0,0,0,0,15,0,8,0,0,2,3,0,0,0,4,46,0,13,0,0,0,0,0,0,0,0,0,0,9,0,0,0,0,0,0,5,0,0,0,0,1,0,0,0,0,0,0,2,0,0,0,0,0,0,0,0,0,0,0,0,0,0,0,0,6,1,0,0,0,0,0,9,5,0,0,0,0,0,0,2,1,0,0,0,5,0,0,0,0,0,8
594,0,0,0,0,0,0,0,1,0,6,0,0,0,0,0,0,0,0,0,0,1,0,0,1,0,0,3,0,0,0,0,23,0,15,0,0,0,0,0,0,0,0,0,2,2,0,0,1,0,0,0,0,0,0,0,0,0,0,0,0,3,0,0,0,0,2,0,0,2,0,0,0,0,0,0,0,0,0,0,0,0,0,0,0,0,0,0,0,0,0,4,3,0,0,0,0,0,0,77,1,0,0,0,0,0,0,0,0,0,0,0,2,1,4,0,1,0,0,2,0,0,0,0,0,0,0,0,0,0,0,0,70,0,0,0,0,0,0,0,0,0,0,0,0,5,0,1,0,0,0,0,0,0,1,0,0,0,0,0,1,2,0,0,0,0,1,0,2,0,8,1,0,0,0,0,1,0,0,0,0,1,0,0,15,0,0,0,13,0,0,0,0,0,0,0,3,0,0,0,0,0,0,0,10,0,0,0,0,1,0,14,0,0,0,2,0,0,0,0,0,0,0,0,0,0,0,0,0,0,0,0,0,0,0,0,0,0,0,0,0,0,4,0,0,0,65,45,0,6,0,0,1,2,17,0,14,0,0,0,0,0,0,1,0,0,0,0,0,1,0,0,0,0,0,0,0,0,0,0,0,0,0,10,0,0,0,23,0,2,0,0,0,0,0,0,2,0,0,0,0,0,0,0,6,0,0,0,0,0,0,0,0,10,1,0,0,0,0,0,0,0,0,0,0,0,0,0,0,0,42
595,1,0,0,0,0,0,0,0,2,10,2,0,0,0,0,0,2,3,0,0,2,0,0,0,0,0,0,0,0,3,0,0,0,11,27,1,0,0,0,0,0,0,0,0,0,0,0,0,0,17,0,1,0,0,2,0,0,3,0,3,2,0,0,0,0,4,3,1,0,0,0,0,0,0,0,0,0,0,0,0,0,0,0,0,0,0,1,0,0,0,0,1,0,0,0,0,0,0,0,0,1,0,0,0,0,0,0,0,0,0,0,1,0,1,0,0,0,0,0,0,0,0,1,0,0,0,0,0,0,0,0,0,0,0,0,1,0,0,0,0,0,0,0,0,0,0,0,0,0,0,0,0,9,0,0,0,2,0,0,2,0,0,24,1,0,1,0,0,1,9,0,0,0,0,0,1,1,1,0,0,0,0,0,0,1,0,0,0,0,0,0,0,0,0,0,0,0,0,0,0,0,0,0,6,0,0,0,0,0,0,0,0,0,26,13,2,0,8,0,7,0,3,1,0,0,0,0,0,0,2,2,0,1,0,0,0,0,0,0,0,0,0,0,3,0,14,9,0,48,4,0,1,0,4,0,0,0,0,0,0,0,0,2,0,12,4,0,0,5,0,0,0,0,0,5,0,0,0,0,0,0,0,9,0,0,0,0,0,0,0,0,0,0,0,0,0,0,0,0,0,0,2,0,18,0,0,0,0,0,1,1,0,0,0,0,2,0,0,0,0,3,0,0,0,0,0,0,0,0,13
596,0,0,0,0,0,0,0,0,0,2,0,0,0,0,5,0,0,0,25,0,0,0,0,0,0,0,0,0,0,0,0,0,0,0,0,0,3,0,0,0,1,0,0,0,0,0,0,0,22,0,0,0,0,1,0,0,0,0,0,0,1,0,4,0,0,3,0,0,1,0,0,0,0,0,0,0,0,0,0,1,1,0,0,0,0,1,0,0,0,0,0,2,0,0,0,0,0,0,5,0,3,0,0,0,0,0,0,0,0,0,0,0,0,6,0,0,0,0,8,0,0,0,0,0,0,1,0,0,0,3,0,63,0,2,0,0,0,0,0,0,0,0,0,0,0,0,0,0,0,0,0,0,0,0,0,0,0,4,0,0,0,0,0,0,0,1,0,0,0,0,0,0,0,0,0,0,0,0,1,0,0,0,4,0,0,8,0,0,0,0,0,0,0,0,0,2,0,0,0,0,0,0,0,0,0,0,0,1,0,0,0,0,0,5,6,0,0,0,0,0,0,2,0,0,1,0,0,0,4,0,0,0,0,0,0,0,0,5,0,0,0,0,0,21,0,9,1,0,5,0,2,0,0,10,37,0,10,0,0,0,0,7,0,1,0,0,0,0,0,0,0,0,0,0,0,0,0,0,0,0,0,0,0,0,0,0,8,0,0,1,0,0,8,0,0,0,0,0,0,0,0,0,0,6,0,0,0,0,0,0,10,2,0,0,1,0,2,0,0,2,4,0,0,14,1,0,0,0,0,5
597,0,0,0,0,0,0,0,0,0,4,0,0,0,0,4,0,0,0,0,1,0,0,0,0,1,7,0,0,0,0,0,0,3,0,4,0,0,0,0,0,0,0,0,1,0,1,0,0,21,0,0,0,1,0,0,10,0,0,1,1,0,0,5,0,0,3,0,0,12,1,0,0,2,0,0,0,0,0,0,3,0,0,0,0,0,0,6,1,0,0,1,1,0,0,1,0,0,0,3,0,0,0,0,0,0,0,0,0,2,0,0,0,0,3,16,0,0,0,0,2,4,2,0,0,0,0,5,0,0,0,0,54,0,0,0,0,0,2,0,0,0,0,0,0,1,1,0,2,0,0,0,12,1,1,0,2,2,0,0,0,0,0,2,0,0,1,0,0,0,1,0,0,0,0,0,0,0,0,1,1,14,0,0,0,12,0,0,0,0,2,0,0,0,13,1,3,0,0,0,1,0,0,0,0,0,0,3,0,0,0,0,0,0,5,13,0,0,3,0,0,0,0,7,0,5,5,3,0,0,0,0,0,1,1,0,0,0,3,0,0,0,0,0,36,0,1,0,0,2,3,0,0,0,0,23,0,0,0,0,0,0,0,0,0,0,0,0,0,0,0,0,0,0,1,11,0,0,0,0,0,2,0,0,0,0,0,6,0,0,0,0,0,0,0,0,0,0,0,0,0,0,0,0,12,1,2,0,0,2,0,111,1,0,0,1,4,1,0,1,0,0,0,0,0,0,0,4,0,0,7
598,0,0,1,0,0,0,0,0,0,0,0,0,1,0,0,0,0,0,0,0,0,0,0,0,0,0,0,0,0,0,0,0,0,1,0,0,6,42,0,0,0,0,0,0,0,1,0,0,0,7,0,0,1,0,7,0,1,1,3,0,2,0,2,0,1,1,0,0,14,0,0,0,0,0,0,0,0,0,0,0,0,0,0,4,0,0,0,0,0,0,1,6,2,0,0,0,2,1,9,1,0,0,0,0,0,0,0,0,0,0,0,0,0,0,6,5,0,0,0,0,0,0,0,0,0,0,0,0,0,0,0,7,7,2,14,0,0,0,0,6,0,0,0,0,0,0,0,1,0,0,0,0,0,0,0,0,0,0,0,1,0,0,0,0,0,1,0,0,0,0,0,0,0,0,0,6,0,4,0,1,20,0,3,0,0,0,0,0,0,0,5,0,0,0,0,0,0,0,0,0,0,0,0,0,0,0,0,0,0,0,0,0,0,0,15,0,0,0,1,0,10,0,0,0,5,2,4,0,0,0,0,0,5,0,0,0,0,0,0,0,0,0,0,36,0,9,1,0,0,0,1,0,3,6,17,0,17,0,0,0,0,0,0,0,0,0,0,0,0,33,0,0,0,1,6,0,21,0,0,1,0,3,0,0,0,0,1,0,0,1,0,0,0,0,0,0,0,0,0,0,0,0,0,16,0,0,0,0,0,0,15,1,0,0,1,0,0,0,0,8,0,0,0,0,0,0,0,0,0,12
599,0,0,0,0,0,0,0,0,0,1,0,0,0,0,7,0,0,0,0,1,0,0,0,0,0,0,0,0,0,0,0,0,0,0,0,0,0,0,0,8,0,0,0,2,0,1,0,0,27,0,0,0,1,0,0,0,1,0,0,1,1,0,0,0,0,0,0,0,18,0,0,0,0,1,0,0,0,0,0,0,0,0,0,0,10,0,0,0,0,0,3,8,0,0,0,0,0,0,7,4,9,0,0,0,0,0,0,2,0,0,0,0,5,4,0,0,0,0,0,0,0,0,0,0,1,0,0,0,0,0,0,9,0,0,7,0,0,0,0,0,1,0,0,0,1,0,0,0,0,0,0,0,0,0,12,0,0,0,0,2,0,0,1,0,0,0,0,0,0,1,0,0,0,8,0,0,0,4,0,0,51,0,0,0,0,0,0,0,0,0,2,0,0,9,0,0,0,0,0,1,0,0,0,0,0,0,0,0,0,0,0,0,0,11,21,0,0,0,0,0,0,0,4,4,0,4,0,0,0,0,0,0,0,1,0,0,0,0,0,0,2,0,0,19,0,10,0,0,5,0,3,0,0,4,38,0,0,0,0,8,0,5,1,0,0,0,0,0,0,0,0,0,0,0,11,2,8,4,21,1,0,6,0,3,0,0,20,0,0,0,0,0,0,0,0,4,0,0,0,0,0,0,0,9,1,2,0,0,0,0,64,4,0,0,0,1,0,0,0,1,0,0,0,0,0,0,0,0,0,3
600,0,0,0,0,0,0,0,0,0,24,3,0,0,0,1,0,0,0,0,0,4,0,0,0,0,0,0,0,1,0,0,0,0,0,0,0,9,0,0,0,0,0,0,0,0,0,0,0,0,40,0,0,0,0,0,0,1,0,0,0,2,0,0,0,0,9,7,0,3,0,0,0,0,0,0,0,0,0,0,0,0,0,0,0,0,0,2,0,1,0,0,1,0,0,0,0,0,0,0,0,1,0,1,0,0,0,0,0,0,0,0,3,0,0,0,0,3,0,1,0,0,0,3,0,0,0,1,0,0,0,9,0,0,0,0,0,1,0,0,0,0,0,8,0,0,0,0,0,0,0,0,0,5,0,0,0,0,0,0,0,1,0,17,0,2,0,0,1,0,0,0,0,0,6,1,0,0,0,0,0,0,0,0,0,0,0,0,0,0,0,0,0,0,0,0,0,0,0,0,0,0,0,0,11,0,0,0,0,2,1,0,0,0,0,2,1,0,0,0,0,0,0,0,0,0,0,7,0,0,0,5,0,0,0,0,0,0,0,0,0,0,2,0,2,0,0,0,0,0,0,1,0,0,0,0,10,0,0,0,0,0,0,1,0,22,0,0,0,0,0,0,0,0,0,0,0,0,0,0,0,0,0,0,0,0,0,0,0,0,0,0,1,0,0,0,2,0,0,0,0,0,6,1,10,0,0,0,0,0,0,2,0,0,0,1,0,0,0,0,0,0,0,0,0,0,1,1,5,0,18
601,0,0,0,0,15,0,0,0,0,22,0,0,0,0,0,0,1,3,0,2,0,0,0,0,0,0,0,0,0,0,0,0,0,8,0,0,0,0,0,0,0,0,0,1,0,0,27,0,0,12,0,0,0,0,0,0,0,0,0,0,2,0,0,0,0,0,0,0,2,0,3,0,0,0,0,0,0,0,0,0,0,0,0,0,3,0,0,5,0,0,5,1,0,0,0,0,0,0,0,0,0,2,0,0,0,0,2,0,0,0,0,0,0,1,0,0,0,0,0,1,0,12,0,0,0,0,0,0,0,0,0,0,0,0,1,0,0,0,0,0,0,0,0,0,0,0,0,0,0,0,0,0,0,1,0,0,0,0,0,0,0,0,3,1,4,1,0,0,0,11,1,0,0,0,0,1,0,0,1,0,2,0,0,0,0,0,0,0,0,0,0,0,0,0,0,1,0,0,0,1,0,0,0,0,0,0,0,0,0,0,0,0,0,0,2,0,6,0,0,0,0,0,0,2,0,0,0,0,0,1,3,0,0,0,0,0,1,0,1,0,0,3,0,1,0,18,0,0,8,0,1,0,0,0,1,0,0,0,0,0,0,0,1,0,0,7,0,0,2,0,0,4,0,5,7,0,0,0,0,0,0,0,18,0,0,0,0,0,0,0,0,0,0,0,0,0,2,0,0,3,0,1,0,0,0,0,8,0,0,0,1,0,0,0,0,0,0,0,0,0,0,0,0,0,0,1,0,3,1,54
602,0,0,0,0,0,0,0,0,0,9,0,0,0,0,0,0,0,0,2,5,0,0,0,0,0,0,0,0,0,6,0,0,0,0,1,0,0,2,0,0,0,0,0,0,0,1,0,0,0,0,0,0,0,0,4,0,0,0,0,0,2,0,0,0,0,0,21,0,3,0,0,0,0,0,0,2,0,0,0,0,0,0,0,0,0,0,0,0,0,3,0,1,1,6,0,0,0,8,0,0,0,0,0,0,0,0,0,0,0,0,0,0,0,0,0,0,0,0,0,0,0,0,0,0,0,0,0,1,1,0,0,0,0,0,0,1,6,6,0,0,0,0,0,7,0,0,0,2,0,0,0,0,0,0,0,0,0,0,0,0,3,0,1,0,0,1,0,0,0,0,0,0,0,0,0,0,0,0,5,3,0,2,0,0,3,0,0,0,0,0,0,0,0,0,0,0,0,0,0,0,0,0,0,0,0,0,0,0,1,2,0,0,0,0,1,0,0,1,0,0,0,0,0,0,0,0,0,0,0,0,1,0,6,0,0,0,0,0,0,0,0,0,0,19,0,1,0,0,0,4,0,0,0,0,0,0,0,0,0,1,0,0,1,0,0,4,0,0,0,0,0,0,0,0,1,0,0,2,0,0,0,1,0,0,0,0,0,0,0,9,0,0,2,0,0,0,0,0,0,0,0,0,0,5,0,0,0,0,0,0,8,1,0,1,10,0,0,0,0,0,0,0,0,0,0,0,0,0,0,0
603,0,0,0,0,0,0,0,0,0,2,0,0,0,0,0,0,0,0,0,0,0,0,0,0,0,0,0,0,0,0,0,15,3,0,2,0,0,110,0,0,2,0,0,0,0,1,0,0,0,0,0,0,0,0,5,19,0,0,0,1,2,0,0,0,1,0,1,0,8,2,0,0,0,0,0,0,0,0,0,2,0,0,0,0,11,1,0,0,0,0,0,1,0,0,0,0,0,0,0,6,0,0,0,0,0,0,0,0,0,0,0,0,0,6,0,0,0,0,26,0,0,0,2,0,0,0,0,0,0,1,0,0,0,0,0,0,0,0,0,0,0,0,0,0,0,0,0,0,0,0,0,7,0,0,0,0,0,7,0,2,1,0,3,0,0,1,0,0,0,0,0,0,0,0,0,3,0,1,0,1,0,0,0,0,5,0,0,0,0,0,0,0,1,0,0,0,2,0,1,0,0,0,0,1,0,0,0,0,0,0,0,1,0,0,4,1,0,0,0,0,0,0,4,16,7,9,3,0,0,0,0,0,2,0,0,0,0,0,0,0,0,2,0,56,0,1,0,0,5,2,0,0,2,0,0,0,0,0,0,0,0,0,0,0,14,0,0,0,0,0,1,0,0,0,30,0,0,0,19,0,0,3,0,0,0,0,0,0,0,0,0,0,0,0,0,0,0,0,4,0,0,0,0,19,1,0,0,8,0,0,31,3,0,0,2,1,2,0,2,0,0,0,0,0,0,0,0,0,0,2
604,2,0,0,0,0,0,0,0,10,4,0,0,0,0,0,0,0,0,0,0,0,0,0,0,0,0,0,0,0,0,0,0,1,1,0,0,0,0,0,0,0,0,0,2,0,1,0,0,0,0,0,1,0,0,5,0,3,0,0,0,32,0,0,0,0,0,0,2,4,0,0,0,0,0,0,0,0,0,0,0,0,1,0,11,0,0,0,0,0,0,0,1,1,0,0,0,0,0,4,12,0,0,0,0,0,0,2,0,0,0,0,1,6,3,0,0,0,0,0,0,0,1,9,0,0,0,0,0,0,0,0,7,0,0,0,0,0,0,0,0,8,0,0,0,0,13,0,0,0,0,0,1,0,0,6,1,0,0,0,0,0,0,0,0,0,0,0,0,0,0,0,0,0,0,2,1,0,0,0,2,0,0,0,0,0,0,0,4,0,0,4,0,0,0,0,0,0,0,0,9,0,0,0,0,4,0,0,0,0,1,0,0,2,14,2,0,0,3,0,0,0,5,0,0,0,0,0,0,0,0,0,0,0,0,0,3,7,2,0,0,0,0,0,6,0,6,0,0,10,2,0,0,0,0,0,0,0,0,0,0,2,0,2,0,0,3,0,0,0,0,0,0,0,1,4,0,3,0,0,0,0,2,0,0,0,0,0,0,0,0,1,0,3,0,0,0,2,0,16,4,0,0,0,5,0,0,0,0,0,3,10,0,0,0,3,0,0,0,0,0,0,0,0,0,0,0,0,0,1,19
605,0,0,0,0,0,0,0,11,0,14,0,0,0,1,0,0,14,0,8,2,0,0,0,0,0,0,0,0,0,0,0,0,0,3,0,2,0,0,0,0,0,0,0,0,0,2,1,0,2,0,0,0,4,0,0,0,0,11,0,0,11,0,0,0,2,0,0,0,43,0,1,0,0,0,0,0,4,0,0,0,0,0,0,6,0,2,0,0,0,0,1,0,0,0,0,0,3,0,0,0,0,0,0,0,0,0,0,0,0,0,0,4,0,0,0,0,0,0,14,0,0,0,0,0,0,0,0,0,0,0,0,4,0,0,0,0,0,0,0,2,0,2,0,0,0,0,0,0,0,0,0,0,0,0,0,0,0,0,0,0,0,0,0,0,12,1,0,0,0,0,0,0,0,0,3,0,0,0,6,4,2,0,0,0,0,0,3,0,0,0,0,0,0,0,0,17,0,0,0,4,0,0,0,0,3,1,0,0,0,0,0,0,1,0,1,0,1,0,0,0,0,0,0,1,0,3,0,4,0,0,1,0,0,0,0,0,0,1,0,0,0,0,0,13,1,10,0,0,10,0,0,0,0,1,0,0,0,1,0,0,0,0,1,0,0,0,0,0,4,0,0,0,0,0,0,0,0,3,0,0,2,1,39,0,0,0,0,0,0,0,0,0,0,0,0,0,0,1,0,0,0,0,0,6,0,5,0,0,0,0,86,1,1,0,4,0,0,0,1,0,0,1,0,0,0,0,0,0,2,55
606,0,0,0,0,0,1,0,0,0,0,0,0,0,0,0,0,1,0,0,0,0,0,0,1,0,0,0,0,0,0,0,0,0,4,0,0,2,0,2,0,0,0,0,0,0,0,0,0,0,0,0,0,3,0,4,0,0,0,0,0,0,0,0,4,0,4,0,0,12,0,0,0,0,0,0,0,0,0,0,0,0,0,0,0,2,1,0,0,1,0,0,0,0,0,0,0,0,0,63,0,0,0,0,0,0,0,0,0,0,1,0,0,0,1,0,3,0,0,0,0,0,0,0,8,1,0,0,0,0,0,0,71,0,0,0,0,0,3,0,0,2,0,0,1,0,0,0,0,0,0,0,0,3,0,0,0,0,0,0,0,0,0,3,0,0,0,1,0,0,27,0,0,0,16,1,1,0,0,1,0,0,0,0,0,0,0,0,0,0,0,0,0,0,0,0,3,0,0,0,0,0,0,1,0,0,0,0,0,0,0,0,0,1,0,3,0,0,0,0,0,0,0,2,1,0,0,0,0,0,0,5,0,0,0,0,0,0,0,0,0,0,0,0,1,0,47,0,0,0,0,1,2,0,8,2,15,0,0,0,0,0,0,0,0,0,0,0,0,0,0,0,0,0,0,6,0,0,0,0,1,0,0,0,0,0,0,0,0,0,0,0,0,0,0,0,0,0,0,0,0,1,0,0,6,0,0,0,0,0,0,0,0,0,0,0,0,0,0,1,0,0,0,0,0,0,1,0,0,2,11
607,1,1,0,0,0,0,0,0,0,12,0,1,0,0,0,0,0,0,0,0,0,0,0,0,0,0,33,0,0,0,0,0,0,0,0,0,10,0,0,0,0,0,0,1,0,0,2,0,0,0,0,3,0,0,0,0,0,0,0,0,6,0,0,0,0,1,0,0,11,0,0,0,0,4,0,1,0,0,0,0,0,0,0,0,0,0,0,0,0,0,3,2,0,1,0,0,0,0,54,0,0,1,0,0,0,0,0,0,0,2,0,0,0,3,0,0,2,0,0,0,6,0,2,0,0,0,0,1,0,2,0,37,0,0,0,0,0,0,1,0,0,0,0,1,0,0,0,3,1,0,0,15,0,0,0,0,0,0,0,0,0,0,3,0,0,0,0,0,0,0,0,0,0,0,0,0,1,0,0,0,1,0,0,0,0,0,0,0,0,0,1,0,0,0,0,1,0,0,0,0,0,0,0,0,0,0,0,0,1,0,0,0,0,0,3,1,0,0,0,0,4,0,0,0,0,0,0,0,0,0,1,0,0,1,0,0,0,0,2,0,0,0,2,1,0,59,24,0,0,0,1,0,0,0,3,13,0,0,0,0,0,0,0,0,0,0,0,0,0,0,1,0,0,6,5,0,0,1,0,0,0,0,0,0,1,0,6,0,0,0,0,3,0,0,6,0,0,0,0,0,0,0,0,12,0,0,0,0,0,0,1,0,0,0,0,0,0,0,0,0,1,0,0,15,7,0,1,3,0,228
608,3,1,0,0,0,0,0,0,14,6,0,0,0,0,0,0,0,0,3,1,0,0,0,0,4,0,0,0,0,9,0,0,0,2,0,3,0,0,0,0,0,0,6,0,6,1,0,0,0,0,1,0,0,0,0,0,0,0,0,0,4,0,0,0,0,1,41,2,0,1,0,0,0,0,0,0,0,1,0,2,0,0,0,14,0,0,3,0,0,0,0,0,1,0,0,0,0,0,0,6,1,0,0,0,0,0,0,0,0,0,4,0,0,6,0,0,0,0,0,0,0,0,0,0,0,0,0,0,0,0,0,4,0,1,0,0,3,0,0,0,0,0,0,11,0,0,0,0,0,0,0,3,0,0,0,0,3,0,0,0,2,0,2,0,0,1,1,0,0,0,0,0,0,0,0,1,0,0,3,2,0,0,4,0,0,0,1,0,0,0,0,0,0,6,0,6,0,0,0,0,0,0,0,0,2,0,0,0,0,1,0,0,0,0,5,0,0,0,0,8,0,0,0,0,0,6,0,0,0,0,0,0,9,0,0,0,2,0,0,0,0,0,0,14,0,1,0,0,8,0,0,0,0,0,0,0,0,0,0,0,1,0,2,0,0,0,0,6,0,0,0,2,0,0,0,0,0,0,0,0,0,2,0,0,0,0,0,0,0,14,0,0,0,0,0,0,0,0,0,0,0,0,0,1,0,0,0,0,0,1,0,0,0,16,25,0,0,0,0,0,0,0,0,0,0,0,0,0,0,47
609,0,0,0,0,0,0,0,0,0,5,0,0,0,0,2,0,0,0,4,0,0,0,0,1,0,0,0,0,0,11,0,0,0,1,1,0,4,0,0,0,0,0,0,0,11,0,0,0,0,0,0,1,0,0,0,0,0,0,0,0,4,0,0,0,0,0,0,0,10,0,1,0,1,0,0,0,0,0,2,0,0,1,0,0,0,0,0,0,0,0,0,1,0,0,0,0,0,0,1,11,0,0,0,0,0,0,0,0,0,0,0,0,14,4,0,0,0,1,0,0,3,0,0,0,0,0,0,0,0,0,0,28,0,0,0,0,4,0,0,0,1,1,0,0,0,0,0,0,0,0,0,0,0,0,0,1,0,0,0,0,0,0,0,0,0,1,0,0,0,0,0,0,0,4,3,0,0,0,2,2,1,0,4,0,0,0,0,0,0,0,0,0,0,0,0,15,0,0,0,0,0,0,2,1,0,0,0,0,0,0,0,0,0,6,2,0,0,1,0,0,0,1,0,0,0,0,0,3,0,0,0,0,0,0,0,0,0,1,2,0,0,0,0,7,0,8,10,0,4,0,0,0,0,0,1,0,0,0,0,0,0,0,1,0,0,0,0,0,0,0,5,4,0,0,0,0,0,0,0,0,0,1,0,0,0,0,0,0,0,7,2,0,0,0,0,0,0,0,0,0,0,0,0,4,0,3,0,0,0,0,15,0,0,0,4,0,0,0,0,0,0,0,0,1,0,0,0,0,2,22
610,0,0,0,0,0,0,0,0,1,0,0,0,0,0,0,0,0,4,0,0,2,0,0,0,0,0,0,0,0,2,0,0,0,0,4,0,0,0,0,0,0,0,0,0,0,1,5,0,0,4,0,2,0,0,0,0,0,0,0,0,1,5,0,0,0,3,0,1,7,0,0,0,0,0,0,0,0,0,0,0,0,0,0,0,0,0,6,0,0,0,0,3,0,0,0,0,0,0,0,1,8,0,0,0,0,0,0,0,0,25,0,0,0,6,3,0,0,0,0,0,3,0,11,0,0,0,0,0,0,0,0,0,5,2,0,0,0,1,0,0,0,0,0,0,0,0,0,0,0,0,0,19,0,0,0,6,0,2,0,3,7,0,1,0,1,2,0,0,0,0,0,0,1,0,0,12,0,0,0,2,0,0,0,0,14,0,0,0,0,0,1,0,0,0,0,0,0,1,0,1,0,0,0,0,0,0,0,1,0,0,0,0,0,8,8,3,1,0,5,1,0,0,9,2,1,3,0,0,0,0,0,1,3,0,0,0,4,0,0,0,0,0,11,13,0,0,0,0,3,0,0,0,0,0,0,0,0,0,0,11,0,8,0,2,0,0,0,0,0,0,0,0,0,0,4,0,0,7,0,0,4,0,0,0,0,0,0,0,0,0,0,0,0,0,0,0,0,0,0,0,0,0,1,10,0,0,0,0,0,0,11,1,0,0,6,0,0,0,0,0,0,0,0,0,1,0,0,0,0,8
611,0,0,1,0,0,0,0,0,0,4,0,0,0,1,2,1,0,2,10,1,0,0,0,0,0,0,0,0,0,0,0,1,0,1,0,0,2,0,0,0,0,0,0,0,0,0,1,0,0,0,0,0,0,0,0,0,0,0,0,0,6,0,3,0,0,1,0,0,5,0,0,0,0,0,0,0,0,0,0,0,0,0,0,0,0,3,0,0,0,0,0,0,0,0,0,0,0,0,2,22,0,0,0,2,5,0,0,0,0,10,0,0,0,2,1,0,0,0,0,0,0,0,0,0,0,0,0,0,0,0,0,7,0,0,0,0,0,0,0,0,0,0,0,0,0,0,0,0,0,0,0,0,0,0,0,0,0,0,0,0,0,0,0,0,0,1,1,0,0,0,0,8,0,1,1,0,0,0,0,1,1,2,0,0,1,0,0,0,0,0,0,1,0,0,0,20,0,0,0,13,0,0,2,0,0,0,0,0,0,0,2,0,0,0,4,0,0,0,0,3,0,0,0,0,0,6,0,0,3,0,0,0,0,0,0,0,1,0,1,0,0,0,0,1,0,1,0,0,0,1,0,0,0,0,0,0,0,0,0,0,0,0,1,0,0,0,0,0,0,0,0,0,0,2,6,0,0,0,0,17,0,0,0,0,0,1,0,0,0,0,0,0,0,0,1,0,0,0,0,2,0,0,0,2,0,0,0,0,0,1,20,1,0,0,2,0,0,0,0,0,0,0,0,0,1,0,0,0,0,49
612,0,0,0,0,0,1,0,0,0,8,0,0,0,0,4,0,0,0,0,0,4,0,0,0,0,0,0,0,0,1,0,0,0,0,2,0,0,58,0,1,0,0,0,0,0,0,0,0,38,0,0,0,1,0,7,0,0,1,0,0,1,0,0,0,1,1,0,0,0,0,0,0,0,0,0,0,0,1,0,0,0,0,0,0,0,0,0,0,0,0,0,2,0,0,0,0,4,0,0,5,3,0,0,0,0,0,1,0,0,0,0,0,0,0,2,4,0,0,0,4,0,0,0,0,0,0,0,0,0,2,1,0,0,0,2,0,0,0,0,0,0,0,0,0,0,0,0,0,0,0,0,0,1,0,0,0,0,0,0,5,0,0,9,0,1,0,0,0,0,0,0,0,0,0,0,37,0,0,1,0,0,0,0,0,8,0,0,0,0,0,0,0,0,0,0,0,0,0,0,0,0,0,0,1,0,0,0,0,0,1,0,0,0,6,27,0,0,0,0,0,0,0,9,4,1,2,0,0,0,0,0,0,3,0,1,0,0,0,0,0,0,0,0,9,0,0,0,0,7,0,0,0,0,0,0,1,0,0,0,0,2,6,1,0,2,0,0,0,0,0,0,0,0,0,0,0,0,0,26,0,0,0,0,0,0,0,2,0,0,0,0,0,0,0,5,0,1,0,0,0,0,0,0,7,0,1,0,0,0,0,0,1,0,0,6,0,1,0,0,0,0,0,0,0,0,0,0,0,0,4
613,3,0,0,0,0,0,0,7,0,0,0,0,0,0,0,0,0,0,2,0,0,0,0,0,0,0,0,5,0,0,0,0,1,0,0,0,4,0,0,0,0,0,6,0,0,2,0,0,0,0,0,0,0,2,3,0,0,5,1,0,44,0,3,2,0,0,5,0,2,2,0,0,0,0,0,0,0,0,0,0,0,0,0,0,0,0,2,0,0,0,0,0,0,0,0,0,0,0,0,0,3,0,0,2,18,1,0,0,0,8,0,0,0,3,0,1,0,1,16,0,0,0,0,0,0,0,0,0,0,0,1,0,0,0,0,0,4,0,0,0,0,0,0,7,0,0,0,0,0,0,0,0,0,0,0,0,0,0,0,0,1,0,1,0,36,1,0,0,0,0,0,8,0,0,1,0,0,0,0,3,0,0,0,0,0,0,0,0,0,0,0,0,0,0,0,23,0,0,0,0,0,0,0,1,0,0,0,0,0,0,0,0,0,0,3,1,0,0,0,5,0,0,0,0,0,3,2,7,0,0,2,0,19,0,0,0,6,0,0,0,0,3,9,8,2,2,0,0,2,0,0,0,0,0,0,0,0,0,0,0,0,13,0,0,1,1,0,0,9,0,0,7,0,0,4,0,0,0,0,0,1,0,0,0,0,1,0,0,0,0,0,0,0,0,0,0,0,0,0,0,0,0,0,2,0,0,0,0,0,6,0,0,0,0,26,0,0,0,0,0,0,0,1,0,1,0,0,0,0,4
614,9,0,0,0,0,0,0,0,0,5,0,0,0,0,1,0,0,0,12,1,0,3,0,0,2,0,0,0,0,0,0,1,0,2,0,0,1,0,0,0,0,0,0,0,0,0,5,0,0,0,0,0,0,0,0,0,0,0,0,0,0,0,0,0,0,0,0,0,24,3,0,0,0,0,0,0,0,0,0,0,0,0,0,0,0,0,0,0,0,0,0,0,1,3,0,0,1,0,2,1,0,3,0,3,12,0,0,0,0,0,0,0,0,2,1,0,0,0,0,0,0,0,0,0,0,0,0,0,0,0,0,9,0,0,0,0,5,30,0,0,0,0,2,0,0,0,0,0,0,0,0,0,0,0,0,0,1,0,0,0,0,0,0,0,0,1,0,0,0,1,1,0,0,0,0,2,0,0,0,9,1,0,4,2,2,0,0,0,0,1,16,0,0,0,0,4,0,0,0,2,0,0,2,2,0,0,0,0,0,0,1,0,2,0,1,0,0,0,0,0,0,0,0,1,0,0,0,0,0,0,1,0,0,2,0,0,0,0,0,0,0,0,10,19,0,4,0,0,4,0,0,0,0,1,0,0,0,0,0,1,0,11,2,0,0,0,0,0,0,0,0,0,0,0,2,0,1,0,0,0,2,0,77,0,0,0,0,0,0,0,0,0,0,0,0,0,0,0,0,0,0,0,0,3,0,0,0,0,0,0,24,1,1,0,5,4,10,0,0,0,0,0,0,0,0,0,0,0,7,24
615,0,0,0,0,0,0,0,0,0,0,0,0,0,0,0,0,0,0,0,1,3,0,0,0,0,0,0,0,0,0,0,0,0,0,5,0,0,0,0,0,0,0,0,0,0,0,0,0,0,23,2,0,1,0,0,0,0,0,1,0,1,6,7,1,0,1,1,0,7,0,0,0,2,0,0,7,1,0,0,4,0,0,0,7,0,0,0,0,0,0,0,5,0,0,0,0,0,0,0,1,7,0,0,0,0,0,0,0,0,0,1,0,0,4,0,10,0,0,0,0,0,0,0,0,0,0,0,0,0,0,0,0,0,0,0,0,0,0,0,0,2,0,0,0,0,0,0,0,0,0,1,6,1,0,19,0,0,0,0,3,1,0,3,0,0,1,0,0,0,0,0,1,0,0,0,0,0,0,0,1,0,0,0,0,10,0,0,0,0,0,0,0,0,6,0,0,0,2,0,0,2,0,0,0,0,0,0,0,0,0,0,2,0,0,3,0,0,0,0,0,0,0,0,11,2,0,1,0,0,0,0,1,1,0,0,0,0,0,0,0,1,0,0,27,0,1,0,0,3,0,0,0,0,0,0,0,16,2,0,0,0,0,0,0,12,0,0,0,0,0,0,0,0,0,0,0,0,0,38,0,0,3,0,0,0,0,0,0,0,3,2,0,0,0,2,0,0,0,0,0,0,0,0,11,0,0,0,0,1,0,36,2,4,0,9,0,0,0,0,0,0,0,0,0,0,0,0,0,0,5
616,0,0,0,24,0,0,0,0,13,12,0,0,0,0,3,0,0,0,0,0,0,3,0,0,0,0,0,0,0,3,0,0,0,0,0,0,0,0,0,1,0,0,0,0,0,0,0,0,0,0,0,0,0,0,0,0,0,0,0,0,34,0,0,0,0,0,0,0,9,0,0,0,0,0,0,0,1,0,8,0,0,0,0,0,0,2,0,0,0,0,0,1,0,0,0,1,0,0,2,0,0,1,0,0,0,0,0,0,0,8,3,0,0,10,0,0,0,1,0,0,0,0,0,0,0,0,0,0,0,0,0,12,0,0,0,0,2,0,1,0,0,2,0,0,0,0,0,0,0,0,0,0,0,0,0,0,0,0,0,0,1,0,0,0,20,1,0,0,0,1,0,0,0,0,2,0,0,0,0,2,1,0,8,0,3,0,0,0,0,0,0,0,0,0,0,10,0,0,0,0,0,0,3,0,0,0,0,0,0,0,0,0,0,0,2,0,0,0,0,0,0,0,0,0,0,0,0,0,0,0,2,0,0,0,0,0,0,1,0,0,0,0,5,19,0,3,0,0,0,0,0,0,0,2,1,0,0,0,0,0,0,0,1,0,0,0,0,0,0,0,0,1,0,0,3,0,0,0,0,2,1,0,0,0,0,1,0,0,0,0,0,0,0,0,0,0,0,0,0,0,0,0,0,1,0,0,0,22,0,0,4,0,0,0,8,4,0,0,0,0,0,1,0,0,0,0,0,0,3,21
617,0,0,0,0,0,0,0,0,0,4,0,0,0,0,0,0,10,0,9,1,0,0,0,1,0,0,0,0,0,0,0,0,0,2,0,0,1,4,0,0,0,1,3,1,0,1,0,0,0,0,0,0,0,0,12,6,0,6,0,0,2,0,0,0,0,0,0,0,9,0,0,0,0,0,0,0,0,0,0,0,0,0,0,0,0,0,0,0,0,0,1,1,0,0,0,0,0,0,4,0,0,0,7,0,0,3,0,0,0,0,2,0,0,8,0,1,0,0,0,0,0,0,0,0,0,0,0,1,0,0,0,12,0,1,0,0,0,0,0,0,0,0,0,0,0,6,0,3,0,0,0,0,0,0,0,0,0,0,0,0,0,0,0,0,0,1,0,0,0,1,0,0,0,0,1,0,0,0,0,3,3,0,0,0,5,0,0,0,0,0,0,0,0,0,1,29,0,0,0,0,0,0,0,0,0,0,0,0,0,1,0,2,0,0,0,0,0,0,0,0,0,0,0,0,0,0,0,4,0,0,1,0,1,0,0,0,0,0,0,0,0,0,0,19,0,4,27,0,4,1,0,0,0,2,2,0,0,0,0,0,0,0,1,0,0,0,0,0,5,0,0,0,0,0,4,0,0,2,0,0,7,2,0,0,0,0,0,0,0,0,0,0,0,0,0,31,0,0,0,4,0,0,0,8,0,0,0,0,0,0,7,0,0,0,2,1,1,0,0,0,0,0,0,0,0,0,0,0,2,31
618,0,0,1,0,0,0,0,6,0,0,0,1,0,0,0,0,0,0,9,3,0,0,1,0,0,0,0,2,2,0,0,0,1,2,0,0,0,0,0,0,0,0,0,0,0,1,0,0,5,1,0,1,0,0,0,0,0,4,0,0,6,0,0,0,0,1,6,0,15,2,0,0,0,0,0,0,0,0,0,0,0,0,0,0,0,0,0,0,0,2,1,0,0,0,0,0,0,0,1,0,0,0,14,0,0,0,2,0,2,0,0,1,0,2,0,0,0,0,0,0,0,0,0,0,0,0,0,0,0,20,0,0,0,0,1,0,0,0,0,4,0,1,0,0,0,0,0,0,0,0,4,0,0,0,0,0,2,0,0,0,0,0,0,0,0,1,0,0,0,0,5,2,0,0,2,0,0,0,3,0,0,0,2,0,0,0,0,0,0,0,0,0,0,0,1,0,0,1,0,0,0,0,0,0,0,0,3,0,0,0,0,0,1,0,2,0,0,0,0,0,0,0,0,0,0,0,0,0,0,0,1,0,0,0,0,0,0,1,0,0,0,0,0,5,1,8,0,0,4,0,0,0,1,0,0,0,0,2,0,0,1,0,0,0,0,3,0,0,0,0,0,6,5,2,5,0,0,0,1,0,2,1,0,0,0,0,0,0,0,9,0,0,0,0,2,0,0,0,0,0,0,0,0,2,0,0,0,0,0,0,11,0,1,0,0,0,0,0,0,0,0,0,0,0,0,0,0,0,5,11
619,0,0,0,0,0,0,0,0,0,4,0,0,0,0,2,1,0,0,7,0,0,0,1,0,0,0,0,0,0,0,0,0,0,0,0,0,5,0,0,0,0,0,0,0,0,0,1,0,0,0,0,0,0,0,0,0,0,0,0,0,3,0,3,1,0,1,0,0,4,0,0,0,0,0,0,0,0,0,4,0,0,0,0,3,3,0,0,0,0,0,1,1,0,0,0,0,0,10,1,6,0,1,6,0,0,1,0,0,0,0,0,0,0,6,0,0,0,0,0,0,13,0,0,0,0,0,0,0,0,46,0,10,0,1,0,0,0,0,0,0,0,0,0,0,0,0,1,0,0,0,0,0,0,0,0,0,0,0,0,0,0,0,0,0,0,1,0,0,0,0,0,0,0,1,2,1,0,0,4,0,1,0,0,0,7,0,0,5,0,0,16,0,0,0,0,18,1,0,0,0,0,0,0,0,0,0,0,0,0,2,4,0,0,0,2,0,0,3,0,0,0,2,0,0,1,0,0,3,0,0,2,0,0,0,0,0,4,0,0,0,0,0,0,0,0,10,6,0,0,0,0,0,0,2,1,0,0,0,0,1,1,0,1,0,0,0,0,0,0,14,0,0,0,0,6,0,0,0,1,0,0,0,26,0,0,0,0,0,0,0,0,0,4,0,0,0,0,0,10,0,0,0,0,3,0,3,0,0,0,8,10,0,0,0,5,0,0,0,0,0,0,0,0,0,0,0,0,0,3,31
620,0,0,0,0,0,3,4,0,0,3,0,0,0,0,2,0,0,0,7,0,0,0,0,0,0,0,0,0,0,0,0,0,2,0,0,0,4,0,0,0,0,0,0,2,0,0,2,0,3,0,0,0,0,0,10,0,0,1,0,1,1,0,0,0,0,0,1,0,19,0,0,0,0,0,0,6,0,0,0,4,0,0,0,0,7,0,0,0,0,0,0,2,0,0,0,0,0,0,1,6,0,0,0,0,0,0,0,0,0,13,0,0,0,2,0,0,0,0,0,0,0,0,0,0,4,2,0,0,0,0,0,0,0,0,0,0,0,0,0,1,1,0,0,0,0,0,0,0,0,0,0,0,1,0,5,0,0,0,0,0,1,0,5,0,2,2,0,0,0,0,0,1,0,0,0,23,0,0,0,0,6,0,0,0,0,0,0,0,0,0,0,0,1,0,0,0,0,0,0,1,0,0,0,0,0,0,0,0,0,1,0,0,0,2,2,3,0,0,0,0,0,0,0,11,0,5,0,0,0,0,0,0,3,1,0,0,0,0,0,0,0,3,0,17,0,0,0,0,0,0,0,0,0,0,23,0,0,1,7,0,0,0,0,0,10,0,0,0,0,0,0,1,0,0,0,2,0,0,0,0,2,0,1,0,0,0,0,0,0,0,0,0,0,0,0,13,0,0,0,0,0,0,0,7,0,0,0,0,0,0,0,0,0,0,6,0,0,0,0,2,0,0,0,0,0,0,0,0,0,1
621,0,1,0,8,0,0,0,0,0,20,0,0,0,0,0,0,0,2,0,4,0,0,0,1,0,0,0,0,0,0,0,0,0,4,27,0,4,5,2,0,0,3,0,3,0,0,0,0,0,0,0,0,0,0,0,0,0,0,4,0,2,0,0,0,0,0,1,0,9,0,8,0,0,0,0,0,2,0,0,0,0,0,0,0,0,0,0,0,0,0,3,2,0,0,0,0,0,0,16,0,0,0,0,0,0,0,5,0,0,0,0,0,0,0,0,0,0,0,0,0,2,4,0,0,0,0,0,1,0,0,4,19,1,0,0,0,2,0,0,0,0,0,16,2,0,0,0,0,0,0,0,0,0,0,2,0,0,0,0,1,0,0,0,0,0,1,0,0,0,3,2,0,0,0,0,0,0,0,0,0,0,0,0,0,0,0,0,0,0,0,0,2,0,0,0,0,0,0,0,0,1,0,0,19,0,0,0,0,0,1,0,0,0,0,4,0,0,0,0,6,1,3,0,0,1,0,0,2,0,0,4,0,0,0,5,0,1,0,0,0,0,0,0,1,0,39,0,0,17,0,0,0,0,9,0,0,0,0,0,0,0,0,0,0,0,0,0,0,0,5,0,0,0,0,2,0,0,0,0,0,0,0,12,0,0,0,6,0,0,0,0,2,0,0,0,0,0,0,0,3,0,0,0,5,3,0,0,0,0,0,1,0,0,0,0,0,0,0,0,0,0,0,0,0,0,0,0,0,0,42
622,0,0,0,0,0,0,0,7,0,1,0,0,0,0,0,0,0,0,7,0,0,2,0,11,0,0,0,3,0,1,0,0,0,0,0,0,0,0,0,0,0,0,0,0,0,1,0,0,0,0,0,1,0,0,7,3,0,0,0,0,9,0,0,0,0,1,23,0,6,2,0,0,0,0,0,0,0,0,2,0,0,0,0,0,0,0,0,0,0,0,0,0,0,0,0,0,0,0,0,1,0,0,0,0,0,0,0,0,0,0,0,1,0,5,1,0,0,0,0,0,0,0,23,0,0,0,0,0,0,0,0,0,0,0,0,1,5,0,0,0,0,7,0,0,0,0,0,0,0,0,0,0,0,0,0,1,0,0,0,0,2,0,0,0,0,0,0,0,2,1,1,0,0,0,0,0,0,0,0,0,0,2,0,0,0,0,1,0,0,0,0,0,0,10,0,0,0,0,0,0,0,0,0,1,0,1,0,0,0,0,0,0,0,0,4,2,0,0,0,0,0,0,0,0,0,1,0,0,0,0,0,0,6,0,0,0,0,3,0,0,0,1,0,34,0,1,0,0,0,0,0,0,0,0,0,0,0,2,0,0,0,0,1,1,0,0,0,0,0,0,0,6,0,0,0,0,0,0,0,0,1,0,0,0,0,0,0,0,0,5,0,0,0,0,0,0,0,0,0,0,0,0,0,1,0,0,0,0,0,2,0,1,0,0,12,0,10,0,0,0,0,0,0,0,0,0,0,0,0,26
623,0,0,0,0,0,0,0,0,0,5,0,0,0,0,0,1,0,0,0,1,0,0,0,0,0,0,0,0,0,0,0,0,0,2,0,0,0,0,0,0,0,0,0,0,0,1,0,1,0,0,0,1,0,2,8,0,2,0,0,0,21,0,0,0,2,0,0,0,4,0,1,0,0,0,0,0,0,0,1,0,0,0,0,13,1,0,5,0,0,0,0,1,0,1,0,0,0,0,0,0,0,0,7,0,0,0,0,0,0,8,1,0,11,9,0,0,0,0,0,0,5,0,0,0,0,0,0,3,0,14,0,11,0,0,0,1,0,0,0,0,0,0,0,5,0,0,0,0,0,0,0,0,0,0,0,0,0,0,0,0,0,0,0,1,0,1,0,0,0,1,0,0,0,1,0,0,0,4,3,3,0,0,6,0,0,0,0,5,0,1,10,0,0,0,0,24,0,0,0,0,0,0,0,0,0,0,0,0,0,0,0,0,0,0,1,0,0,0,0,0,0,0,0,0,0,0,0,0,3,0,0,0,0,0,0,0,0,0,0,0,0,0,10,34,1,7,12,0,2,0,0,1,0,1,1,0,0,0,0,0,0,0,0,0,0,2,0,0,0,0,0,4,2,0,2,0,0,0,1,0,0,0,48,0,0,0,0,0,0,10,0,0,0,0,0,0,0,0,0,0,0,0,0,1,0,0,0,0,0,0,19,0,0,0,0,3,0,0,0,0,0,0,0,0,1,39,0,0,0,65
624,0,0,0,1,0,2,0,21,0,0,0,0,0,0,0,0,0,0,0,0,0,0,0,0,0,0,0,0,0,0,0,32,0,0,0,1,4,0,0,0,0,0,0,0,0,1,0,0,0,6,0,0,0,1,0,0,0,0,0,0,1,0,0,0,1,1,1,0,8,0,0,0,0,0,0,0,1,0,0,0,0,0,0,0,0,0,0,0,0,0,0,2,1,0,0,0,1,1,1,7,8,0,0,0,0,0,0,1,2,15,0,0,0,2,3,0,0,0,10,4,2,0,0,0,1,3,0,0,0,9,0,6,0,0,0,0,0,0,0,0,0,7,0,1,1,0,0,1,0,0,0,0,1,1,0,0,0,0,0,0,10,0,17,0,0,0,0,0,0,0,0,0,0,2,1,10,0,10,0,1,0,0,0,0,0,0,0,0,0,2,0,0,0,8,0,1,0,0,0,0,0,0,0,0,0,0,0,0,0,0,0,0,0,0,36,0,0,0,0,0,0,1,0,4,2,0,2,0,0,1,0,3,2,1,0,0,0,0,0,0,0,0,13,29,0,4,0,0,5,2,0,0,0,0,57,0,11,0,0,5,0,0,0,0,4,0,0,0,0,0,0,0,0,0,0,1,0,0,47,0,0,2,0,0,0,0,0,0,0,0,0,0,0,0,0,0,0,0,0,0,0,0,0,0,0,0,0,0,0,0,13,1,5,0,5,0,0,0,0,0,0,0,0,0,0,0,0,0,0,7
625,0,0,0,0,0,2,3,16,0,6,0,0,0,0,17,0,0,0,0,2,0,1,0,0,0,12,2,0,0,0,0,0,1,1,0,0,0,54,0,0,0,0,0,0,0,0,6,0,0,0,0,0,1,0,0,0,0,0,0,0,0,0,0,0,0,1,0,0,26,1,0,0,0,0,0,0,0,0,0,0,0,0,0,0,0,0,0,0,0,0,3,8,1,0,1,0,0,0,0,4,0,0,0,0,0,0,0,0,1,0,1,0,0,7,0,0,0,0,0,0,0,0,0,0,0,0,0,0,0,0,0,58,9,0,0,0,0,0,0,0,0,4,0,1,0,0,0,0,0,0,0,0,0,1,0,0,0,0,0,0,0,0,3,0,0,0,0,0,0,0,0,0,0,0,0,1,0,7,0,0,0,0,0,0,0,0,0,0,0,0,0,0,0,0,0,1,0,2,0,0,0,0,0,0,0,0,0,0,0,0,0,0,0,5,4,0,0,2,2,0,0,0,0,0,9,0,3,0,0,0,0,0,0,0,0,0,0,0,2,0,0,0,0,5,0,8,0,4,4,0,0,0,0,0,18,0,0,1,0,0,0,0,0,0,0,0,0,0,0,0,0,2,0,1,20,1,0,2,0,0,2,0,0,0,0,0,0,0,0,0,0,0,0,0,0,0,0,0,0,0,0,0,0,8,3,0,0,0,0,0,9,1,0,0,0,2,0,0,0,0,0,1,0,0,0,0,0,0,0,7
626,0,0,0,0,0,0,0,0,0,0,0,1,0,0,0,0,0,1,0,0,2,0,0,0,0,6,0,0,5,0,0,0,7,1,1,0,0,0,0,0,1,0,0,0,0,1,0,0,0,0,0,0,0,0,5,0,0,0,1,0,0,0,0,0,0,1,0,0,12,0,0,0,0,0,0,0,0,0,0,0,0,0,0,2,0,1,0,0,0,0,1,4,2,0,0,1,0,1,2,4,0,0,0,0,0,0,0,0,0,0,0,0,0,5,3,0,0,0,10,0,0,0,0,0,0,0,2,0,0,0,0,8,0,0,0,0,0,0,14,11,0,0,0,0,0,0,0,0,0,0,0,0,0,0,0,0,0,0,0,2,0,0,2,0,0,0,1,0,0,0,0,0,0,0,0,1,0,6,0,1,0,0,6,1,0,12,0,0,0,0,0,0,0,0,0,1,0,0,0,0,0,1,0,0,0,0,0,0,0,0,0,0,0,0,3,6,0,0,0,0,0,0,0,0,6,0,0,0,5,0,0,0,0,0,0,0,2,2,0,0,3,0,29,37,0,7,0,2,0,0,0,0,0,0,8,1,0,0,5,0,0,0,0,0,0,0,0,0,0,0,0,0,0,0,4,0,0,0,0,0,3,0,0,0,0,0,6,0,0,1,1,0,0,0,0,17,0,0,0,0,0,0,0,10,0,0,0,0,2,0,14,3,12,0,1,0,1,0,0,0,0,0,0,0,0,0,1,0,0,16
627,0,0,0,0,0,0,0,0,0,9,0,0,0,0,0,0,0,0,0,1,0,1,3,9,0,0,0,0,0,0,0,0,1,6,0,7,3,0,0,0,0,0,0,0,0,0,0,0,0,0,1,0,0,0,0,0,0,0,0,0,20,0,0,0,0,0,0,0,0,0,0,0,0,0,0,2,0,0,0,2,0,1,0,0,1,0,0,0,0,0,0,0,0,4,0,0,0,0,4,0,0,2,3,2,0,0,1,0,0,12,0,1,0,6,0,0,0,0,0,0,0,0,0,0,0,0,0,1,0,0,0,5,0,0,0,0,0,0,0,0,0,0,1,0,1,0,0,3,0,0,4,0,0,0,7,1,0,0,0,0,0,0,0,0,0,2,0,0,0,0,2,0,0,0,0,0,0,0,2,2,0,0,0,0,0,0,0,0,0,1,0,0,0,0,1,14,0,0,0,0,0,0,1,0,0,0,0,0,0,0,0,0,0,0,0,0,0,0,0,0,0,0,0,0,0,3,0,5,0,0,1,0,0,0,0,0,0,0,1,0,0,0,10,15,1,2,13,0,0,0,0,0,0,2,1,4,0,0,2,0,0,0,2,0,0,0,0,0,0,0,0,0,0,0,1,0,0,0,0,0,1,0,0,0,0,0,0,0,0,8,1,0,0,0,2,44,0,0,0,0,0,0,0,2,0,2,0,0,0,0,38,0,0,0,19,0,0,0,0,0,0,0,0,0,0,26,0,0,0,61
628,0,0,0,0,0,4,0,0,0,0,2,0,0,0,2,0,0,0,0,1,1,0,0,0,0,0,0,0,6,0,0,11,0,0,0,0,4,0,0,0,0,0,0,0,0,0,0,0,0,0,0,0,0,0,0,0,0,0,0,1,0,8,0,0,0,0,0,0,3,0,1,0,0,0,0,0,1,0,9,0,0,0,0,0,0,0,0,0,4,0,3,1,0,0,0,0,0,0,3,3,0,0,0,0,0,1,0,0,2,0,0,0,2,3,0,5,0,0,0,2,0,0,1,0,0,0,0,0,0,0,0,29,0,0,0,0,0,0,0,0,0,0,0,0,0,0,0,0,0,0,0,0,0,0,0,2,0,0,0,0,0,0,1,0,0,1,0,0,0,0,0,2,0,2,0,6,0,5,0,1,0,0,0,0,0,0,0,5,0,0,15,0,0,4,0,1,0,3,0,0,0,0,0,1,0,0,0,0,0,0,0,0,0,0,5,0,0,0,0,0,9,0,10,2,2,3,0,0,4,0,0,0,0,0,0,0,0,0,0,0,0,0,0,59,0,1,0,0,2,0,0,0,1,5,55,0,0,0,3,0,0,0,1,1,0,0,0,14,0,0,0,0,0,0,10,0,0,0,0,0,8,8,0,0,0,0,4,5,0,0,0,0,0,0,0,8,0,0,0,0,0,0,0,4,0,0,0,0,0,0,15,0,0,0,1,0,0,0,0,0,0,0,0,0,0,0,0,0,0,22
629,0,0,0,0,0,0,0,0,0,13,0,0,0,0,0,0,1,0,0,3,1,3,0,2,0,0,0,0,2,0,0,0,2,0,15,0,0,0,0,0,0,0,0,0,4,0,0,3,0,20,0,0,0,0,0,0,0,5,6,5,2,0,5,0,0,3,0,2,6,0,0,0,1,1,1,0,0,0,0,0,0,0,0,0,0,1,0,2,1,0,2,3,0,1,0,0,0,0,43,0,1,2,0,0,0,0,0,0,0,0,12,0,0,1,2,0,0,0,0,0,0,0,0,0,0,0,0,0,0,1,0,44,0,0,0,0,0,0,0,0,0,0,19,0,3,0,0,0,0,0,0,0,0,0,0,0,0,0,0,0,2,0,3,0,0,1,0,0,0,16,0,0,0,0,0,0,0,0,0,0,0,0,0,0,0,0,0,0,0,0,0,10,0,0,0,0,0,14,0,0,0,0,1,0,0,0,0,0,0,0,0,0,0,0,4,0,0,0,0,0,0,0,0,0,0,0,0,20,0,0,1,0,0,0,0,0,0,0,0,0,0,0,0,2,0,33,0,2,6,5,0,0,0,0,2,0,0,0,0,3,0,0,3,0,0,0,0,15,2,0,0,0,0,18,1,0,0,1,0,0,0,0,10,1,2,0,0,0,1,0,0,1,0,0,0,1,0,0,1,2,0,0,0,12,0,0,0,0,0,0,0,1,0,0,0,0,0,0,0,0,0,5,0,0,0,0,2,0,0,76
630,0,1,0,0,0,0,0,0,0,27,0,0,0,0,0,0,0,0,0,2,0,0,0,0,0,2,11,0,0,0,0,0,0,2,0,0,0,0,0,0,0,0,0,0,0,0,0,0,1,14,0,0,0,0,0,0,0,4,0,4,2,0,0,0,0,1,10,0,4,0,0,0,0,0,0,0,0,0,7,0,0,0,0,0,0,0,0,0,0,0,0,1,0,1,0,0,0,0,0,1,0,0,0,0,0,0,5,0,0,1,0,0,2,1,0,0,0,0,1,0,0,0,0,0,0,0,0,0,0,0,0,0,0,0,0,0,3,0,0,0,0,0,0,0,3,0,0,0,0,0,0,0,7,0,0,0,0,3,0,1,2,0,35,0,0,1,0,0,0,16,1,2,0,3,0,3,0,0,0,0,0,0,0,0,0,0,0,0,0,0,0,0,0,0,0,4,0,12,0,0,0,0,1,7,0,0,0,0,0,0,0,0,0,0,0,0,0,0,0,0,0,0,0,1,0,0,0,0,0,0,2,5,0,0,0,0,0,0,0,0,0,0,0,0,0,4,0,1,8,0,0,1,0,6,0,0,6,0,0,0,0,0,0,0,28,0,0,0,0,0,1,0,0,3,0,0,0,0,1,2,0,0,5,0,0,0,0,0,0,0,0,0,0,0,15,0,0,0,0,0,0,0,0,21,0,0,7,0,0,0,0,1,6,0,1,0,0,0,0,0,0,0,0,0,0,0,0,0,0,24
631,0,0,0,0,0,0,0,0,0,25,0,0,0,1,0,0,0,2,0,6,0,2,0,0,0,0,0,0,1,1,0,0,0,0,0,0,0,0,2,0,0,0,1,0,1,0,0,0,0,0,0,0,4,0,9,0,0,0,0,0,1,0,0,0,0,3,4,0,0,0,19,0,0,0,0,0,0,0,0,0,0,0,0,0,0,0,2,0,0,0,0,2,0,0,0,0,0,0,0,0,1,0,0,0,0,0,0,0,0,2,0,0,0,1,0,0,4,0,2,0,0,0,0,9,0,1,0,0,0,0,0,0,0,0,0,0,1,1,0,2,0,0,49,0,0,0,0,0,0,0,0,0,18,0,0,2,0,0,0,0,0,0,9,0,4,0,0,0,0,5,0,0,0,0,0,1,0,0,0,0,0,1,0,0,0,0,0,0,0,0,0,0,0,0,0,0,0,0,0,0,0,0,0,29,0,1,0,0,1,0,0,0,0,0,1,1,0,0,0,0,0,0,0,2,1,0,0,5,0,0,0,0,0,0,7,0,0,0,0,0,0,0,0,1,0,12,0,0,0,2,1,0,0,0,0,0,0,0,0,0,0,0,2,0,15,0,0,15,0,3,0,0,0,0,0,0,0,1,0,0,0,0,0,0,0,0,0,0,0,0,0,0,0,1,0,0,0,0,0,0,0,0,0,13,1,0,17,0,0,1,1,0,0,2,0,2,0,0,1,5,0,0,0,0,0,0,0,0,0,36
632,1,0,0,0,9,1,0,0,5,0,0,0,0,0,0,0,0,0,0,1,0,3,0,1,0,0,0,0,0,0,0,31,4,3,0,0,0,0,0,0,0,0,0,0,0,0,0,0,0,0,0,0,0,0,0,0,1,0,0,0,2,0,0,4,0,0,0,0,7,2,0,0,0,0,3,0,0,0,0,0,0,0,0,0,0,0,0,0,0,0,0,2,0,0,0,0,0,0,12,0,0,2,1,0,1,0,3,0,0,1,0,0,0,2,0,0,3,0,0,0,2,0,0,9,0,0,0,0,0,0,0,70,0,0,0,0,0,0,0,0,0,0,29,0,0,0,0,0,0,0,0,0,0,0,0,2,0,0,0,0,0,0,6,0,0,0,0,0,0,3,0,0,0,4,0,0,1,0,0,0,0,0,0,9,0,0,0,0,0,0,0,0,0,0,0,0,0,20,0,1,0,0,0,0,0,0,0,1,0,0,0,0,0,0,1,0,0,0,0,0,0,0,1,0,0,1,0,0,0,1,3,0,0,0,0,0,0,0,0,0,0,2,0,1,3,37,6,0,11,0,0,0,0,0,2,0,0,0,1,0,0,0,2,0,0,14,0,6,0,0,0,0,0,0,9,0,0,0,0,0,0,0,15,0,0,0,20,0,0,3,0,0,0,0,8,0,0,0,2,0,1,0,0,8,0,0,0,0,0,0,1,1,0,0,0,0,0,0,0,0,2,0,0,0,0,0,0,0,1,50
633,0,0,0,0,0,3,1,0,0,37,0,0,0,0,1,0,0,0,0,15,0,3,0,0,0,2,38,0,2,0,0,0,0,14,0,0,0,0,0,8,0,0,0,1,0,0,0,0,0,0,0,0,0,0,0,0,1,2,10,0,4,1,1,0,0,0,0,0,5,0,0,0,0,0,0,0,0,0,0,0,0,0,0,0,0,0,0,0,1,0,0,1,0,0,0,0,0,0,23,0,0,3,0,0,0,0,3,0,0,0,4,0,0,1,0,0,0,0,0,0,0,0,0,0,0,0,0,0,0,0,0,15,0,0,0,0,0,0,0,0,0,0,0,1,0,0,0,0,1,0,0,0,0,0,0,1,0,0,0,0,0,0,0,0,0,1,0,0,0,8,0,0,0,0,1,1,0,0,0,0,1,2,0,0,0,0,0,6,0,0,0,0,1,2,0,5,0,0,0,0,0,0,0,0,0,0,0,0,0,0,0,0,0,0,5,2,0,2,0,0,0,0,0,0,1,0,9,0,0,0,1,0,0,0,0,0,0,0,0,0,0,0,0,4,0,0,60,0,8,0,1,0,0,0,0,6,4,0,1,3,13,1,3,0,0,0,0,0,7,0,0,0,0,6,3,0,1,0,0,0,0,0,0,0,5,0,10,0,0,0,0,2,0,0,0,0,0,0,0,0,0,0,0,7,0,0,0,0,0,0,0,0,0,0,0,0,0,0,0,0,0,0,0,0,0,0,0,0,4,22
634,0,0,0,0,0,0,0,0,2,0,0,0,0,0,1,0,0,0,0,1,0,0,0,0,0,0,0,0,0,0,0,0,0,0,0,0,10,0,0,9,0,5,0,0,0,0,0,0,3,5,0,3,0,0,0,0,1,0,0,0,1,0,0,0,0,1,0,0,6,0,0,0,0,0,0,0,0,0,0,0,0,0,0,0,0,0,0,5,0,0,0,1,0,0,0,0,0,8,24,1,0,0,0,0,0,0,0,0,0,0,0,0,2,0,0,0,0,0,0,0,0,0,0,5,0,0,0,0,0,0,4,11,0,0,0,0,0,0,0,0,0,0,0,0,0,0,0,0,0,0,0,0,0,0,0,0,4,0,0,1,0,0,1,1,4,1,0,1,0,7,0,0,0,6,0,0,0,0,0,0,0,1,0,14,0,0,0,0,0,0,0,0,0,0,0,5,0,0,0,0,0,0,1,7,0,0,0,0,1,0,0,0,0,0,4,0,0,0,0,0,0,0,1,0,0,0,0,0,0,0,4,0,0,0,7,0,0,0,0,0,0,0,0,1,0,29,0,0,0,0,1,0,0,23,1,0,4,0,1,0,8,0,1,0,0,0,0,0,0,0,0,0,1,0,11,0,0,0,0,0,0,0,0,0,0,0,30,0,0,0,0,0,0,0,0,0,2,0,0,0,0,0,0,17,0,0,0,23,0,0,1,0,0,0,0,0,0,0,0,0,0,6,0,0,0,0,0,0,2,51
635,0,0,17,0,3,0,0,1,0,34,0,0,0,0,0,0,2,0,0,2,0,1,0,0,0,0,0,0,0,0,0,0,0,9,0,0,0,0,0,0,0,5,0,0,0,0,1,0,0,0,1,4,0,0,0,1,0,0,3,0,4,0,0,0,1,6,0,0,10,0,8,0,0,0,0,1,0,0,1,0,0,0,0,0,0,0,0,0,0,0,5,1,4,0,0,0,0,9,18,0,0,1,0,0,0,0,0,0,0,0,0,0,0,1,11,0,0,0,0,0,2,0,0,6,0,0,0,1,0,1,0,77,0,0,0,0,0,1,0,0,0,0,0,0,2,0,0,0,0,0,8,0,0,0,0,0,7,4,0,0,3,0,0,1,0,0,4,0,1,2,1,0,0,0,1,1,0,0,0,0,0,1,0,0,0,0,0,0,0,0,0,0,0,0,0,1,0,30,0,1,0,0,0,27,0,0,0,0,1,0,15,0,0,0,1,0,0,3,0,0,10,0,0,0,1,0,0,0,0,3,6,0,0,0,0,1,0,0,0,0,0,0,0,2,0,10,26,0,50,0,0,0,0,0,1,0,0,0,0,0,0,0,1,0,0,0,0,0,0,3,0,2,0,3,2,1,1,0,0,0,0,0,0,0,0,0,22,0,0,2,0,3,0,0,0,0,2,0,0,0,0,3,0,24,0,0,0,0,0,0,2,0,0,0,0,0,1,0,1,0,0,0,0,0,0,0,1,0,0,0
636,0,0,0,0,0,1,0,0,0,24,0,0,0,0,0,3,0,6,0,5,0,0,0,0,0,0,0,0,0,0,0,0,3,7,25,0,0,0,0,0,0,0,1,0,3,0,0,0,0,19,0,0,0,0,0,0,1,0,0,0,6,0,4,0,0,2,0,0,5,0,0,0,0,0,0,1,0,0,0,0,0,0,0,0,1,0,0,0,0,0,0,1,0,2,0,0,0,0,11,0,1,0,0,0,0,0,0,0,0,3,0,0,0,0,10,0,0,0,0,0,9,0,1,0,0,0,0,0,0,0,0,15,0,0,0,0,0,0,0,0,1,0,0,0,0,0,0,0,2,0,0,0,0,0,0,0,0,0,0,0,0,0,2,0,0,0,0,0,0,7,0,0,0,0,1,1,0,0,0,0,0,0,0,0,0,0,0,0,1,0,0,12,0,1,0,1,2,0,0,0,0,0,0,0,0,0,1,0,0,0,5,0,0,0,5,0,0,0,0,0,0,0,0,0,1,0,0,14,0,0,0,0,0,0,5,0,0,0,0,0,0,0,0,0,0,37,29,0,20,0,0,0,0,0,5,0,0,0,0,0,0,0,0,1,0,0,0,6,0,0,0,0,0,6,11,0,0,0,0,0,0,0,0,1,0,0,0,0,0,0,0,0,0,1,15,0,0,0,1,0,0,0,0,8,0,0,0,51,0,0,0,0,0,1,0,0,2,0,0,7,0,1,0,0,0,0,0,0,0,56
637,0,0,0,0,0,1,9,0,0,4,0,0,0,0,0,0,0,0,0,0,0,0,1,0,0,6,0,0,12,0,0,15,3,2,0,0,0,41,0,6,0,0,0,3,0,0,0,0,0,0,0,0,0,0,0,0,0,0,1,0,2,0,8,0,2,0,0,0,7,0,1,0,0,0,0,0,0,12,0,0,0,0,0,0,0,0,0,0,0,0,2,8,0,0,0,0,0,0,0,2,3,0,1,0,0,0,0,0,0,0,0,0,0,2,0,0,0,0,0,0,7,1,0,0,4,0,0,0,0,0,0,4,6,0,0,0,0,0,0,0,2,0,1,0,0,0,0,0,0,0,0,0,0,1,0,0,0,0,0,0,0,0,0,0,0,0,0,0,0,0,0,0,0,4,1,0,0,5,0,1,0,0,4,0,0,0,0,0,0,0,0,0,0,0,0,0,0,0,0,0,0,0,0,0,0,0,0,0,0,0,0,2,0,0,1,0,0,0,0,0,9,0,0,0,3,2,0,2,0,0,0,0,2,0,0,0,0,10,4,0,3,0,0,6,0,7,0,0,7,2,0,0,0,16,23,0,0,0,0,0,0,0,0,1,0,0,0,0,0,0,0,5,0,0,6,4,0,0,13,0,0,2,0,0,1,0,0,0,0,0,0,0,0,0,0,0,1,0,0,0,0,0,0,12,0,0,0,0,0,0,42,3,0,1,2,0,0,0,0,0,0,0,0,0,0,0,0,1,0,1
638,0,0,0,0,0,1,0,0,0,9,0,0,0,0,3,0,9,0,0,0,0,0,0,0,0,0,0,0,0,0,0,0,0,2,0,0,0,0,0,0,0,3,0,2,1,1,0,0,0,0,0,1,0,0,6,0,0,0,0,0,0,0,6,0,0,1,0,0,25,2,0,0,0,0,0,0,0,0,0,2,1,0,0,0,0,0,0,0,0,0,1,6,0,0,0,0,0,1,2,3,0,0,0,0,0,0,0,0,3,0,2,0,0,4,0,3,0,0,0,3,5,0,0,0,0,0,0,0,0,0,0,26,0,0,0,0,0,0,0,0,0,0,0,0,0,0,0,0,0,0,0,0,0,0,0,0,0,3,0,0,0,0,2,0,0,1,0,0,0,0,1,0,0,0,0,3,0,0,0,0,0,3,0,0,0,0,0,0,0,0,3,0,0,0,0,5,0,0,0,1,2,0,0,0,0,0,0,0,0,0,0,0,0,0,2,0,0,0,0,0,0,0,0,0,5,0,4,1,0,0,0,1,0,0,0,0,0,0,0,0,0,0,61,16,0,10,0,3,4,1,0,0,0,5,0,0,0,0,0,0,0,0,1,1,0,0,0,6,0,0,0,0,0,0,21,0,0,0,0,0,0,0,0,0,0,1,7,0,0,0,0,3,0,0,0,0,0,0,0,0,0,0,0,9,0,2,0,7,0,0,16,1,0,0,3,0,0,0,0,3,0,0,0,0,0,0,0,0,0,4
639,0,0,0,0,0,2,0,0,0,13,1,0,1,0,0,0,0,0,10,1,0,0,0,1,0,19,0,0,0,0,0,0,0,0,0,0,6,0,0,0,2,0,0,0,0,0,0,0,0,0,3,0,1,0,0,0,3,0,0,1,2,0,8,0,0,1,0,0,5,2,0,0,0,0,0,0,1,0,5,0,0,0,0,0,0,0,0,0,0,0,0,2,0,0,0,0,0,0,5,3,0,0,0,0,0,0,0,0,0,0,0,0,0,3,0,0,0,0,0,2,0,0,4,0,1,0,0,0,0,0,0,11,0,1,0,0,0,0,6,0,0,0,0,0,0,0,0,0,0,0,0,0,0,0,0,4,0,0,0,0,0,0,0,0,0,1,0,0,0,1,1,0,1,0,0,0,0,0,1,2,0,0,0,0,0,0,0,0,0,0,0,0,1,0,0,0,1,1,1,0,2,0,1,1,0,0,2,0,0,0,0,0,0,13,16,0,0,0,3,0,0,1,0,0,1,0,0,0,0,0,0,1,0,0,8,0,0,0,0,0,0,0,0,19,0,3,0,0,8,0,0,0,0,0,0,0,0,0,0,3,0,5,1,0,0,0,0,0,0,27,1,0,0,0,17,0,5,0,0,0,0,0,0,1,1,0,0,0,0,0,0,0,0,0,0,0,0,0,0,0,0,0,0,2,0,0,0,0,0,0,9,0,0,4,3,0,1,0,0,0,0,2,0,0,0,0,0,0,0,6
640,0,1,0,0,0,1,0,0,1,29,0,1,0,0,0,0,0,0,0,2,0,0,0,1,0,1,0,0,0,0,0,0,1,9,0,0,0,0,0,0,0,0,0,1,0,0,0,0,0,0,0,0,0,0,0,0,0,0,0,7,2,0,0,0,1,0,0,0,8,0,0,0,0,0,0,0,0,0,0,0,0,0,0,0,0,0,0,0,0,0,4,1,0,0,0,0,0,3,15,0,0,0,0,0,0,0,0,0,0,0,4,0,1,1,0,0,0,0,1,0,7,0,0,0,0,0,0,2,0,0,0,44,0,0,0,0,0,0,0,0,1,0,0,1,0,0,0,0,0,0,0,0,7,0,0,0,0,2,0,0,0,0,7,0,0,1,0,0,0,11,0,0,0,0,0,0,0,0,0,1,1,0,0,0,0,0,0,0,0,0,0,0,0,3,0,1,0,0,0,0,0,0,0,0,1,1,0,0,0,0,4,0,0,0,3,2,0,0,0,0,0,0,0,0,1,0,0,0,0,0,0,0,0,0,0,0,0,0,0,0,0,0,1,2,0,31,16,0,0,0,0,0,0,8,3,0,0,0,0,0,0,0,3,0,4,0,0,0,4,0,0,0,0,0,6,0,0,0,0,0,0,0,0,0,3,0,19,0,0,0,0,0,0,0,0,0,0,0,0,0,0,0,0,0,0,0,0,14,0,0,2,0,0,0,0,0,0,0,0,4,0,0,0,0,0,0,0,0,0,8
641,0,0,0,0,0,1,0,0,0,17,0,0,0,1,0,1,1,0,0,8,0,0,0,1,0,0,0,0,0,0,0,0,0,5,0,1,0,0,0,0,0,0,1,0,0,1,0,0,0,10,0,0,0,0,7,0,0,0,0,0,3,0,0,0,0,2,0,2,3,0,0,0,0,2,0,0,0,0,0,0,0,0,0,0,0,0,0,0,0,0,3,1,0,0,0,0,0,0,0,1,0,0,0,0,0,0,0,0,0,0,7,0,0,1,3,0,0,0,0,0,0,2,0,0,1,0,0,2,0,0,0,2,0,0,0,0,2,0,0,0,1,0,0,0,5,0,0,0,0,0,0,6,4,0,0,0,0,0,0,1,0,0,0,0,0,0,0,0,0,9,2,0,0,7,0,0,0,0,0,1,0,0,0,0,0,0,0,9,0,0,1,3,1,0,0,9,2,0,0,0,0,0,0,0,0,0,1,0,1,0,0,0,0,0,1,0,0,0,0,8,0,0,2,1,2,0,0,0,0,0,1,0,0,1,0,0,1,0,0,0,0,8,0,1,0,90,2,0,0,0,0,0,3,10,1,0,0,0,0,0,0,0,1,0,0,0,0,0,0,2,0,0,1,7,10,0,0,0,0,0,0,0,5,1,0,0,0,0,0,0,0,0,0,0,0,4,0,0,0,0,0,0,0,13,0,0,0,0,0,0,1,0,0,0,0,0,0,0,2,3,0,0,0,8,1,0,0,0,0,47
642,0,0,0,1,0,0,0,18,0,9,0,1,0,0,0,0,0,4,0,1,1,0,0,0,0,0,0,0,0,2,0,0,1,0,0,2,0,0,0,0,0,0,0,0,0,0,0,0,0,4,0,1,0,1,6,0,0,0,0,0,1,4,0,0,0,3,0,0,16,0,0,0,0,0,0,0,0,0,0,3,0,0,0,0,0,0,0,0,0,0,0,0,0,0,0,1,0,0,0,0,0,0,0,0,0,0,0,0,0,0,1,0,0,7,0,0,0,0,0,0,0,0,0,0,0,0,0,0,0,0,0,5,0,0,0,0,0,0,0,6,0,0,0,1,0,0,0,3,0,0,0,0,0,0,0,0,0,0,0,0,0,0,8,0,0,1,0,0,0,0,0,0,0,5,0,0,0,0,1,1,0,0,0,0,16,0,0,0,0,0,0,0,0,0,0,0,0,0,0,0,0,0,0,2,0,0,0,0,1,0,0,0,0,0,7,0,0,0,0,0,0,0,0,0,4,18,3,0,0,0,0,0,0,0,3,0,1,0,0,0,0,0,0,17,0,0,0,4,1,3,0,0,0,0,0,0,0,2,26,8,0,2,0,0,16,0,0,0,1,0,0,0,0,0,2,2,0,0,0,0,2,7,0,0,1,0,0,4,0,0,0,0,0,0,4,0,0,0,0,0,0,0,0,14,0,4,0,8,0,0,20,1,0,0,5,0,1,0,0,0,0,0,0,0,0,0,0,0,0,3
643,0,0,18,0,0,0,0,0,0,37,1,0,0,0,0,1,1,0,0,8,0,0,0,0,0,0,0,0,0,0,0,0,2,0,0,0,0,0,1,0,0,0,0,0,0,0,0,2,0,0,0,0,0,0,7,0,0,0,27,0,2,1,0,0,0,2,0,0,4,0,0,0,0,0,0,0,0,0,2,0,0,0,0,7,0,0,0,0,0,0,3,2,0,1,0,0,0,0,11,0,0,0,0,0,0,0,0,0,0,0,0,0,0,1,0,0,5,0,0,0,0,2,0,0,0,1,0,1,0,2,0,12,0,0,0,0,3,0,0,3,1,0,0,0,2,0,0,2,0,0,0,0,7,0,0,0,0,0,0,0,3,0,3,0,0,1,3,1,0,8,0,2,0,0,1,1,0,0,0,0,0,0,0,0,0,0,0,0,0,0,0,0,0,0,0,1,0,0,0,0,0,0,0,28,0,0,0,0,0,1,0,0,0,0,1,1,0,0,0,0,3,3,0,0,0,0,0,0,0,0,6,1,0,0,0,0,0,0,1,0,0,4,0,1,0,39,0,0,0,0,0,0,0,12,2,0,0,0,0,0,0,0,1,0,7,0,0,0,0,0,1,0,0,2,1,0,0,0,0,0,0,0,0,0,0,0,37,0,0,0,0,0,2,0,0,3,0,0,0,0,2,0,0,6,1,0,0,0,0,0,0,0,25,0,0,0,0,0,0,0,0,0,0,0,0,0,0,7,1,40
644,0,0,0,0,3,0,0,0,5,0,0,0,0,1,1,0,3,0,0,1,0,0,0,3,0,0,0,0,0,0,0,0,0,0,0,0,3,0,0,0,0,1,0,0,0,3,0,0,0,0,0,1,0,0,5,0,0,0,0,0,12,0,0,1,0,0,4,0,3,0,1,0,0,0,0,0,0,0,0,0,0,0,0,0,1,0,0,0,0,0,0,0,0,0,0,0,0,8,4,0,0,0,0,0,0,0,0,0,0,17,0,0,15,4,0,0,0,0,0,0,0,0,0,0,0,0,0,0,0,0,0,2,0,0,0,3,0,0,0,0,0,0,0,0,0,0,0,0,0,0,0,0,0,0,0,0,0,0,0,0,0,0,0,0,0,1,0,0,0,0,0,0,0,0,0,0,0,0,7,7,4,0,0,0,0,0,0,0,0,0,0,0,0,0,0,11,0,0,0,4,0,0,0,2,0,0,0,0,0,1,0,0,0,0,4,0,0,0,0,0,0,0,0,0,0,0,0,0,0,0,1,0,1,0,0,0,0,0,1,0,0,0,0,17,0,5,14,0,4,4,0,0,0,0,0,12,0,0,0,0,0,0,2,0,0,4,0,0,0,0,0,0,0,1,2,0,0,0,0,0,1,0,0,0,0,0,0,0,0,0,0,0,0,0,0,0,0,0,0,0,0,0,0,1,0,0,0,0,0,2,4,0,0,0,7,0,0,0,0,0,0,0,0,0,0,0,0,1,1,29
645,0,0,0,0,4,0,0,0,0,18,0,0,0,1,0,0,9,0,0,1,0,0,0,2,0,0,0,0,0,12,0,0,0,0,0,0,0,7,0,0,1,0,2,0,4,0,1,0,0,0,1,0,0,2,6,0,0,12,0,0,12,0,0,0,1,1,8,0,3,0,2,0,0,0,0,0,0,0,3,1,0,1,0,0,0,0,0,0,0,1,0,1,0,0,0,0,0,0,0,7,1,0,0,0,0,0,0,0,0,15,0,0,0,3,0,0,0,0,0,0,0,0,0,0,1,0,4,0,0,0,0,4,0,1,0,0,7,0,0,0,0,0,0,0,0,0,0,0,0,0,0,0,0,0,0,0,0,0,0,0,0,0,1,1,22,0,0,0,0,0,0,0,0,0,2,0,0,0,6,0,0,0,0,0,0,0,3,0,0,0,0,0,0,0,0,0,0,0,0,0,0,0,0,2,0,0,0,0,0,1,4,0,0,13,3,1,0,0,0,0,0,0,1,1,0,8,0,0,0,0,0,0,7,0,0,0,0,0,0,0,0,0,18,26,0,1,16,0,3,0,0,0,0,0,1,0,0,0,0,0,1,0,0,0,0,0,0,0,13,0,0,0,0,0,2,0,3,1,0,0,0,3,0,0,0,0,0,0,0,0,0,0,0,0,0,0,0,0,0,0,0,0,0,4,0,2,0,26,0,0,28,0,0,0,6,0,0,0,0,0,0,0,0,0,0,0,0,0,0,47
646,0,0,16,0,0,2,0,0,0,26,0,0,0,0,0,0,0,2,0,4,0,0,0,0,0,4,0,0,0,0,0,0,0,3,0,0,2,0,0,0,1,0,1,0,0,1,5,0,0,0,0,0,0,0,4,0,0,4,0,0,1,0,0,2,0,0,0,0,11,0,0,0,0,0,0,0,0,0,0,0,0,0,1,3,0,1,0,0,0,0,0,2,0,0,0,0,0,0,34,0,0,0,1,0,0,0,0,0,0,0,5,0,0,1,5,0,0,0,1,0,0,0,0,0,0,0,0,0,0,0,0,69,1,0,0,0,0,0,0,0,0,0,22,0,0,0,0,0,2,1,0,0,0,0,0,0,0,0,0,0,0,0,2,0,0,0,0,0,0,12,0,0,0,0,0,0,0,1,0,0,1,1,0,0,0,0,0,0,0,0,0,0,0,0,0,4,0,0,0,0,0,0,0,0,0,0,0,0,1,0,0,0,0,0,4,0,8,11,0,0,0,0,0,0,0,0,0,0,0,0,0,0,0,0,0,0,0,0,0,0,0,0,0,1,0,24,11,0,8,0,0,0,0,9,8,0,0,0,0,0,0,1,1,0,0,2,0,4,0,0,0,0,0,15,9,0,0,0,0,0,1,0,0,0,0,0,0,0,0,0,0,0,0,0,0,2,2,0,0,0,0,0,0,21,0,0,1,0,0,0,0,0,0,2,0,0,0,0,1,0,0,0,0,0,0,0,0,8,0,34
647,0,0,1,0,0,5,0,0,0,3,0,0,1,0,0,0,0,0,0,0,0,0,0,0,0,0,0,0,2,0,0,24,0,0,0,0,0,0,0,0,0,5,0,0,1,0,0,0,6,0,0,0,0,0,0,0,0,0,2,0,1,0,3,1,0,1,2,0,6,0,1,0,0,1,0,0,1,0,6,2,0,0,0,0,0,0,3,0,0,0,0,5,0,0,0,0,0,0,0,0,0,0,1,0,0,0,0,0,1,2,0,0,0,4,5,0,0,0,0,0,0,0,0,0,0,0,0,0,0,0,0,13,2,0,0,0,0,0,8,0,0,0,0,0,0,0,0,0,0,0,0,0,1,0,0,0,0,0,0,3,1,0,5,0,0,1,0,0,0,1,0,0,0,0,0,15,0,0,0,1,13,0,0,1,0,0,0,3,0,0,0,0,0,0,0,0,0,2,1,0,0,0,0,0,0,0,0,0,0,0,0,2,0,0,8,0,0,3,2,0,0,0,0,3,2,9,2,0,0,0,0,0,4,1,2,0,1,0,0,0,0,0,0,15,0,1,0,0,0,0,0,0,0,0,0,0,0,0,8,0,0,0,0,0,5,0,0,0,0,0,1,2,0,0,12,0,0,0,25,0,0,4,0,0,0,0,0,0,0,1,0,0,0,0,0,0,0,0,0,0,0,0,0,12,0,0,0,0,1,0,23,1,0,1,3,1,2,0,0,0,0,2,0,0,0,0,0,0,0,1
648,0,0,0,0,0,4,0,0,0,12,0,2,0,0,0,0,1,3,0,1,1,0,0,1,0,0,16,0,0,0,0,19,0,21,0,0,0,0,0,0,0,0,0,0,0,1,0,0,0,10,0,0,0,0,0,0,2,0,7,0,1,0,0,2,2,3,0,0,1,1,0,0,0,0,0,0,4,0,0,0,0,0,0,0,0,0,3,0,0,0,3,0,0,0,0,0,0,0,0,0,1,0,0,0,0,0,3,0,0,0,0,0,0,1,0,0,4,0,0,0,0,0,0,0,0,0,0,0,0,0,0,0,0,2,0,0,0,2,1,0,0,0,13,0,0,0,0,0,1,0,0,13,5,0,0,0,0,0,0,0,0,0,1,0,0,0,0,0,0,13,0,2,0,9,0,0,0,0,0,0,0,0,0,0,0,0,0,6,0,0,0,0,0,3,0,4,0,0,0,0,0,0,0,0,0,0,0,0,0,0,6,0,1,0,1,0,0,8,0,0,0,0,0,0,0,0,2,10,0,0,3,0,0,0,0,0,0,0,1,0,0,0,0,1,0,83,21,0,12,0,0,0,0,0,1,0,4,0,0,2,0,0,1,0,0,0,0,0,0,0,0,0,0,0,5,0,0,0,0,0,0,0,0,0,5,0,4,0,1,1,0,0,0,0,0,0,0,0,0,0,0,0,0,9,0,0,0,0,0,0,1,0,0,1,0,0,0,0,0,2,2,6,0,0,0,0,0,0,0,31
649,0,0,0,0,0,1,0,0,0,4,0,0,1,0,1,0,0,0,0,3,0,0,0,0,0,0,0,0,1,0,0,0,3,0,0,0,15,0,0,0,1,0,0,0,0,0,4,0,0,0,0,0,0,0,0,0,0,0,1,1,1,0,0,0,0,0,0,0,5,0,0,0,0,0,0,3,0,0,0,3,0,0,0,0,0,0,0,0,0,0,4,2,0,0,0,0,0,0,5,6,0,0,0,0,0,0,0,0,0,0,0,0,0,4,0,0,0,0,0,3,0,0,3,0,0,0,1,0,0,1,0,0,11,0,0,0,0,0,0,0,0,0,0,0,0,0,0,0,0,0,0,0,0,0,0,0,0,0,0,0,0,0,0,0,3,1,0,0,0,0,0,0,0,0,0,7,0,0,0,0,19,0,0,0,0,0,0,0,0,1,0,0,0,0,0,1,0,0,0,0,0,0,0,0,0,0,0,0,0,0,0,0,0,4,7,0,0,0,0,0,0,0,0,0,1,0,0,0,0,0,0,0,2,0,0,0,0,4,0,1,4,0,0,5,0,5,0,0,2,0,0,0,0,4,7,0,0,0,0,4,0,0,0,0,0,0,0,0,0,32,0,0,0,0,4,0,7,0,0,0,0,0,0,0,0,0,4,0,0,0,0,2,0,0,0,6,0,0,0,0,0,0,0,23,1,0,0,0,1,0,10,1,0,0,2,0,0,0,4,0,0,0,0,0,1,0,2,0,1,13
650,2,0,0,0,4,0,0,0,15,0,0,0,0,0,0,0,0,0,0,1,0,0,0,0,0,0,0,0,0,2,0,0,1,0,0,0,1,0,0,0,0,0,2,0,2,1,0,0,0,0,0,0,1,0,0,0,0,0,0,0,34,0,0,0,0,0,0,0,3,0,0,0,0,0,0,0,0,0,0,0,0,0,0,0,0,2,0,1,0,0,0,0,0,0,0,0,1,0,1,4,0,0,0,0,1,2,0,0,0,0,0,1,0,2,0,1,0,0,37,0,8,1,6,0,0,0,0,0,0,0,0,3,1,0,0,0,15,0,0,0,0,0,0,0,0,0,0,0,0,0,0,0,0,0,9,0,0,0,0,0,1,0,0,4,0,1,0,0,0,0,0,0,0,1,0,0,0,0,3,0,0,1,0,0,0,0,0,0,0,0,0,0,0,0,0,4,0,0,0,1,0,0,0,0,0,0,0,0,0,0,0,0,0,0,5,0,0,0,0,0,0,0,0,0,0,2,0,5,0,0,1,0,0,0,0,0,2,0,0,0,0,0,0,0,0,3,0,0,0,2,0,0,0,2,0,0,0,0,0,0,0,0,2,0,0,1,0,0,0,0,0,0,0,1,4,0,0,0,0,1,0,0,0,0,0,0,0,0,0,0,0,0,0,0,0,0,0,0,0,5,0,0,0,0,0,0,0,0,0,0,40,0,0,9,6,0,6,0,0,0,0,0,0,0,0,0,0,1,3,41
651,0,0,0,0,0,0,1,10,0,0,0,0,0,1,0,0,0,0,6,1,0,2,1,2,0,0,0,0,0,0,0,0,0,0,0,0,1,0,0,0,0,0,0,0,0,2,0,1,0,1,1,0,0,1,0,0,0,0,0,0,26,0,0,0,0,0,0,0,2,0,2,0,0,0,0,0,0,0,4,0,0,0,0,0,0,0,0,0,1,2,0,0,0,0,0,0,0,0,1,3,0,0,0,0,0,0,0,0,0,0,0,1,0,1,0,0,0,0,0,0,0,1,0,0,0,0,0,0,1,0,0,8,0,0,0,0,0,0,0,0,0,0,0,0,0,0,0,0,0,0,0,0,0,1,0,0,0,0,0,0,0,0,0,0,0,2,0,0,0,0,0,0,1,1,0,1,0,0,2,2,0,0,0,1,0,0,1,0,0,0,0,0,0,0,2,25,0,0,0,0,0,0,1,3,0,0,0,0,0,0,0,0,0,0,1,0,0,0,0,0,0,0,0,0,0,0,0,0,0,0,0,0,0,0,0,0,0,0,0,0,0,0,0,9,0,3,14,0,1,0,0,5,0,2,0,0,0,0,0,0,0,0,0,0,0,0,0,0,0,0,0,0,0,0,11,3,1,2,0,0,3,0,0,0,0,0,0,0,0,0,0,0,5,0,0,0,0,0,0,0,0,0,0,4,0,1,0,0,0,2,0,1,0,0,4,0,0,0,0,0,0,0,0,0,0,0,0,0,0,4
652,2,0,0,0,0,0,0,0,3,5,0,0,0,0,0,0,0,0,0,1,0,0,1,2,0,0,0,0,0,8,0,0,0,0,0,0,0,0,0,0,0,0,2,0,0,1,0,0,0,1,0,0,0,0,0,0,1,0,0,1,16,0,0,0,1,0,2,0,0,0,0,0,0,0,0,0,0,0,0,0,0,0,0,0,1,0,2,0,0,0,0,0,0,0,0,0,0,4,0,8,1,0,0,0,3,0,3,0,0,0,0,0,20,4,0,0,0,0,0,0,0,0,11,0,0,0,0,0,0,0,0,0,0,0,0,0,4,0,1,8,0,0,0,0,0,0,0,0,0,0,0,0,0,0,0,2,0,0,0,0,1,0,0,4,0,0,0,0,0,0,0,0,0,0,4,1,0,4,6,2,0,1,0,0,3,0,0,0,0,0,12,0,0,6,0,0,0,0,0,0,0,0,0,0,2,0,0,0,0,1,0,0,0,7,0,1,0,0,0,0,0,0,0,1,0,2,0,0,0,0,2,0,0,0,0,0,0,0,0,0,0,0,0,11,0,0,0,0,0,0,0,0,0,0,0,0,0,0,0,0,0,12,3,0,0,0,0,0,0,8,0,0,0,0,4,0,1,0,0,0,0,0,0,0,0,0,0,0,0,0,0,0,0,0,1,0,0,0,15,0,0,0,0,2,0,4,0,0,0,2,0,1,0,0,11,0,0,0,0,0,0,0,0,0,0,0,0,0,0,67
653,0,0,0,0,0,1,0,0,0,11,0,0,0,0,0,0,0,0,0,1,3,0,0,0,0,0,0,0,0,1,0,0,0,1,0,0,0,0,0,0,0,0,0,0,2,0,0,0,0,11,0,0,0,0,0,0,1,0,0,1,0,2,0,0,0,0,1,0,0,0,0,0,0,0,0,0,0,0,0,6,0,0,0,3,0,0,0,0,0,0,1,2,0,0,0,0,0,0,0,3,8,0,0,0,0,0,0,0,0,21,0,0,0,8,6,0,0,0,0,0,0,0,0,0,0,3,0,0,0,0,0,0,0,0,0,0,1,0,0,2,0,0,0,0,0,0,0,0,0,0,0,0,1,0,0,0,0,0,0,2,4,0,8,0,0,1,1,0,0,0,0,0,0,0,0,10,0,0,1,3,22,0,0,0,0,7,0,0,0,0,0,0,0,0,0,0,0,3,0,0,0,0,0,0,1,0,0,0,0,1,0,0,0,7,3,1,0,0,0,0,0,0,0,4,3,1,0,0,0,0,0,0,2,0,0,0,0,0,0,0,0,0,0,22,0,2,0,2,15,0,0,0,1,0,0,0,0,0,0,0,0,0,0,0,0,0,0,0,0,0,0,2,0,0,11,0,0,0,0,0,0,2,0,0,0,0,0,0,0,0,0,0,5,0,0,0,4,0,0,0,0,0,0,16,0,0,0,0,1,0,6,4,0,2,1,0,0,0,0,2,4,0,0,4,0,0,0,0,0,0
654,0,0,0,0,0,0,0,0,0,8,0,0,0,0,0,0,5,0,0,1,0,0,0,2,0,0,0,0,0,7,0,0,0,0,2,0,0,2,0,0,0,0,0,0,0,1,0,0,0,0,0,1,2,0,0,0,0,0,0,0,33,0,1,0,0,0,0,0,0,0,0,0,0,0,0,0,0,0,0,0,0,0,0,0,0,0,0,0,1,0,1,0,0,0,0,0,1,0,2,14,0,0,0,0,0,0,0,0,0,0,0,0,0,10,1,1,0,0,0,0,0,0,0,0,0,0,0,0,0,0,0,4,0,0,0,0,0,0,0,0,3,0,0,0,0,0,0,0,0,0,0,0,0,0,0,0,0,0,0,0,0,0,0,0,7,1,1,0,0,0,0,0,1,0,4,0,0,0,1,2,0,0,0,0,0,0,0,6,0,0,12,0,0,0,0,40,0,0,0,0,0,0,0,2,0,0,0,0,0,1,0,0,0,0,2,0,0,0,0,10,0,0,0,0,1,0,0,0,0,0,1,0,0,0,0,0,0,0,0,0,0,0,0,3,0,0,12,1,8,0,0,0,0,0,0,4,0,0,0,0,0,0,1,0,0,0,0,0,0,0,0,0,0,2,0,7,0,0,0,0,4,2,0,0,0,0,0,0,0,0,0,0,0,0,0,0,0,0,0,0,0,3,0,1,0,0,0,0,0,0,0,0,0,0,0,0,0,0,0,0,0,2,0,0,1,0,0,0,0,41
655,0,1,0,0,0,0,1,0,0,34,1,0,0,0,0,0,0,0,0,5,1,0,0,1,0,0,0,0,0,0,0,0,0,0,0,0,4,0,0,0,1,2,0,0,0,0,0,2,0,14,0,0,0,0,0,0,0,0,0,0,3,0,0,0,0,1,0,1,4,0,12,0,0,3,0,0,1,0,0,0,0,0,0,2,0,0,0,0,0,0,2,1,1,0,0,0,0,0,7,1,1,0,0,0,0,0,0,0,0,0,0,0,1,1,0,2,0,1,0,0,0,0,0,0,0,0,0,0,0,0,0,59,0,0,0,0,0,3,0,0,1,0,0,1,0,0,0,0,0,0,1,0,0,0,2,0,0,0,0,0,0,0,2,0,0,1,0,0,0,15,0,0,0,0,1,0,0,0,1,1,0,0,0,7,0,0,0,9,0,0,0,0,0,0,0,0,0,0,0,1,0,0,0,0,0,0,0,0,0,0,0,0,0,0,1,0,3,0,0,0,0,0,0,1,0,0,0,0,0,0,11,0,0,0,0,1,0,0,0,0,0,3,0,3,9,110,0,0,13,0,0,0,0,9,1,0,0,0,1,0,10,0,0,0,0,4,0,19,0,0,0,0,0,15,13,2,0,0,0,0,0,0,0,0,0,0,4,1,0,0,0,2,3,1,0,0,1,0,0,0,0,0,0,6,0,0,0,0,0,0,1,0,2,0,0,0,0,0,0,0,0,4,0,0,0,0,0,0,2,79
656,0,0,0,0,0,3,0,0,0,23,0,0,0,0,0,5,0,0,0,10,0,0,0,0,0,0,0,0,0,0,0,0,0,25,0,0,1,22,0,6,0,0,0,0,0,0,0,0,0,0,0,0,0,0,0,0,0,0,0,0,0,0,1,0,0,3,0,0,2,0,0,0,0,0,0,0,0,0,2,0,0,0,0,0,0,0,0,0,0,0,3,1,0,0,0,1,1,0,16,0,0,0,0,0,0,0,0,0,0,0,0,0,0,0,3,0,0,1,0,0,5,0,1,6,0,0,0,0,0,0,0,29,0,0,0,0,0,0,1,0,0,1,0,1,0,0,0,0,0,0,2,25,0,0,0,0,4,0,0,0,0,0,0,0,0,1,3,0,0,7,0,0,0,0,1,1,0,1,0,0,0,0,3,0,0,0,0,0,0,0,0,0,0,0,0,5,1,24,0,0,0,0,0,0,0,0,0,0,0,0,0,0,0,0,0,1,5,0,0,0,0,3,0,1,1,0,0,0,0,1,2,0,0,0,0,0,1,0,0,0,0,2,2,0,0,62,15,0,33,0,0,0,0,0,0,12,0,1,0,0,5,0,3,0,0,26,0,0,0,0,0,3,0,2,6,0,0,0,0,0,0,0,0,0,0,0,3,0,0,0,0,0,1,0,0,2,0,0,0,2,1,1,0,3,0,0,0,0,0,0,2,0,13,0,0,0,0,0,4,6,1,0,0,0,0,1,0,0,0,28
657,0,0,0,0,0,0,0,0,0,7,0,0,0,0,0,0,1,0,13,2,0,0,0,0,0,0,0,0,0,0,0,0,0,1,1,0,0,0,0,0,0,0,0,0,0,1,0,0,0,0,0,0,0,0,0,6,1,0,0,0,4,0,3,0,0,0,8,0,5,0,0,0,0,0,0,0,0,0,0,0,0,0,0,0,0,0,0,0,0,0,0,1,0,0,0,0,0,0,1,3,0,1,6,0,0,0,0,0,0,0,0,0,0,2,0,1,0,0,0,0,0,0,0,0,0,0,0,3,0,0,0,13,0,0,0,2,0,0,0,3,0,0,0,9,2,0,0,0,0,0,0,0,0,0,3,0,0,0,0,0,1,0,0,5,0,1,0,2,0,1,0,0,0,0,0,0,0,0,3,5,0,0,0,0,0,0,2,15,0,0,0,0,0,0,3,7,0,0,0,0,0,0,0,0,0,0,0,0,0,1,0,0,0,0,2,0,0,1,0,9,0,0,0,0,0,0,1,0,0,0,0,0,14,0,0,0,11,1,0,0,0,4,0,15,0,1,39,0,2,0,0,0,0,2,1,0,0,1,0,0,0,7,1,0,0,5,0,0,19,0,0,4,4,0,0,0,0,0,0,0,2,1,0,0,0,1,0,7,0,0,0,0,0,0,0,0,0,0,5,0,0,2,0,3,0,0,0,0,0,0,13,0,0,0,2,0,0,0,1,0,0,0,0,0,0,0,0,0,1,21
658,0,0,0,0,0,0,0,3,0,4,0,0,0,0,5,0,0,0,0,0,0,0,0,0,0,0,0,0,8,0,0,8,2,1,0,0,7,0,0,4,0,0,0,0,1,0,0,0,0,0,0,0,0,0,0,4,0,0,0,0,1,0,0,0,0,1,0,0,4,0,2,0,0,0,0,2,0,0,0,0,0,0,0,6,0,0,0,0,0,0,2,4,2,0,0,0,0,0,4,0,0,0,0,0,0,0,0,0,0,0,0,0,0,2,0,2,0,0,30,0,0,0,0,0,0,0,0,0,0,0,0,0,28,1,6,0,0,0,0,0,0,0,0,0,0,0,0,1,1,0,0,0,0,0,44,0,0,0,0,0,0,0,2,0,0,0,0,0,0,1,0,0,0,0,0,9,0,0,0,2,0,0,0,0,0,0,0,0,0,0,0,0,0,0,0,1,0,0,0,0,0,0,0,0,0,0,1,0,0,0,0,0,0,0,16,0,0,0,0,0,0,0,0,0,1,0,0,0,0,0,0,0,1,0,0,0,1,0,0,0,0,3,0,11,0,12,1,3,0,0,0,0,1,9,8,0,0,3,0,6,0,0,0,0,0,0,0,0,0,0,0,0,0,0,31,4,0,0,0,0,3,0,0,0,1,0,0,0,0,0,0,3,0,0,0,0,0,0,0,0,0,0,0,5,0,0,0,0,0,0,21,0,0,0,2,0,0,0,0,2,0,7,0,0,2,0,2,0,0,3
659,1,0,0,0,0,0,1,0,0,0,0,0,0,1,0,2,0,0,0,5,0,0,0,1,0,0,0,0,0,0,0,20,1,5,0,0,0,0,0,7,0,6,0,1,2,1,15,1,1,0,0,0,0,0,0,0,0,0,0,0,3,0,0,0,1,0,1,0,4,0,0,0,0,0,0,0,0,0,0,0,0,0,0,0,0,0,0,0,2,0,8,2,0,0,0,0,0,0,12,0,0,0,0,0,0,0,0,0,0,0,0,0,0,0,0,0,8,0,0,0,5,0,1,0,0,0,0,0,0,0,0,51,0,0,0,0,0,0,0,0,0,0,14,0,2,0,0,0,0,0,0,0,0,0,0,0,0,0,0,0,3,0,3,0,0,0,0,0,0,6,0,0,0,0,2,1,0,0,0,1,1,0,0,0,0,0,0,0,0,0,0,0,0,0,0,6,0,21,0,0,0,0,0,0,0,0,1,0,0,0,0,0,0,0,3,0,0,0,0,0,0,0,0,0,0,0,0,0,0,0,1,0,0,0,0,0,0,0,0,0,0,0,0,1,4,20,22,0,26,0,0,1,0,0,0,25,7,0,0,0,0,0,1,0,0,0,0,0,0,0,0,0,0,11,2,0,0,0,0,0,0,0,0,0,0,0,3,0,0,0,0,0,0,0,0,0,0,0,0,0,0,0,0,0,0,0,0,0,0,0,0,0,0,0,1,0,0,0,0,6,1,3,0,7,6,0,0,0,1,31
660,0,0,0,0,0,0,0,0,0,5,0,1,0,0,0,0,0,0,8,2,0,0,0,0,0,0,0,0,0,0,0,0,0,0,1,0,0,0,0,0,0,0,0,0,8,0,0,1,9,0,0,2,4,0,0,0,1,5,1,1,18,0,0,0,4,0,0,0,1,0,2,0,0,0,0,0,0,0,0,1,0,1,0,0,0,0,3,0,0,3,0,1,0,0,0,0,0,0,2,0,0,0,9,0,0,0,0,0,0,19,2,0,0,3,0,0,0,1,0,0,0,0,7,0,0,0,0,1,0,27,0,13,0,0,0,1,0,0,0,0,0,0,0,11,2,0,0,11,0,0,1,0,0,0,0,0,0,0,0,0,0,0,0,0,20,1,0,0,0,0,0,0,1,0,4,0,0,0,3,1,1,0,0,0,0,0,0,0,0,0,15,0,0,0,1,62,0,0,1,0,0,0,0,3,0,1,0,0,0,0,2,2,0,0,2,1,0,0,0,0,1,0,0,0,0,0,0,0,0,0,0,0,0,0,0,0,0,1,0,0,0,4,0,3,0,1,55,0,0,2,0,0,0,1,1,0,0,0,6,0,1,0,2,0,0,2,0,0,0,0,0,0,0,0,2,0,0,0,0,0,3,0,25,0,0,0,0,0,0,0,0,0,0,0,0,0,0,0,0,0,0,0,0,1,0,0,0,0,0,0,4,0,0,0,4,4,0,0,0,0,1,0,0,0,0,0,0,0,0,40
661,0,0,0,0,0,0,0,0,0,2,0,0,1,0,2,0,0,7,0,1,0,0,0,0,0,0,0,0,0,0,0,0,1,0,0,0,6,0,0,0,0,0,0,0,0,0,0,2,0,7,0,0,0,0,0,0,1,0,0,0,2,0,0,0,0,0,0,0,0,0,0,0,0,0,0,0,0,0,0,0,0,0,0,0,0,0,0,0,0,0,0,4,0,0,0,0,0,2,1,0,0,0,0,0,0,0,0,0,0,8,0,0,0,3,7,6,0,0,0,0,1,1,4,0,0,0,0,0,0,0,0,42,0,0,0,0,0,0,0,0,0,0,0,0,0,0,0,0,0,0,0,0,0,1,0,0,1,2,0,0,0,0,0,0,1,2,0,0,0,0,0,0,0,0,0,0,0,7,0,1,0,0,0,0,0,0,0,0,0,0,0,0,0,10,0,0,0,0,0,1,0,0,0,0,0,0,0,0,0,1,0,0,1,0,2,0,0,0,0,0,0,0,0,0,4,0,0,1,0,0,0,0,0,1,0,0,0,4,0,0,0,3,0,8,0,5,0,0,5,0,2,0,0,9,0,0,0,0,0,0,0,0,0,0,0,0,0,14,0,0,0,0,0,0,5,0,2,0,7,0,0,0,0,0,0,0,3,6,1,0,1,0,0,0,0,0,1,0,0,0,0,0,0,3,0,2,0,9,0,0,10,1,2,1,4,0,0,0,0,0,0,0,0,0,1,0,0,0,0,2
662,0,0,0,0,0,0,0,0,0,0,0,0,0,0,0,0,0,0,0,0,0,0,0,0,0,0,0,0,5,0,0,0,2,20,0,0,0,0,0,0,0,0,0,0,0,0,0,0,0,0,0,0,0,0,0,1,0,0,0,0,2,0,0,0,0,0,0,0,9,0,0,0,0,0,0,0,0,0,0,0,0,0,0,0,0,0,0,0,0,0,2,1,0,0,0,0,0,0,16,0,0,0,1,0,0,0,3,0,0,1,0,0,0,2,4,2,0,0,0,0,0,0,0,0,0,0,0,0,0,0,0,30,0,0,0,0,1,0,0,0,0,0,0,0,0,0,0,0,0,0,0,17,0,0,0,1,0,0,0,0,0,0,3,0,4,1,0,0,0,3,2,1,0,0,1,0,0,0,0,0,0,0,0,0,0,0,0,3,0,0,0,0,0,3,0,0,0,0,0,0,0,0,0,0,0,1,0,0,0,0,0,0,0,0,1,0,0,0,0,0,0,0,0,0,1,0,3,0,0,0,0,0,0,0,0,0,0,0,0,0,0,7,0,3,0,36,42,0,11,0,1,0,0,7,0,0,0,1,0,0,3,0,3,0,26,0,0,0,0,0,0,2,1,3,2,0,0,0,0,0,1,0,6,0,0,0,0,0,0,0,0,0,0,0,4,0,0,0,0,0,4,0,0,17,1,0,0,0,0,0,0,1,0,0,0,0,0,0,0,0,0,0,0,0,0,0,0,0,0,38
663,0,0,0,0,3,0,0,1,0,0,0,0,0,0,0,0,0,0,0,0,0,1,0,2,0,0,0,0,0,0,0,0,0,18,0,0,0,0,0,0,0,0,0,0,0,0,6,0,0,19,0,0,0,0,0,0,1,0,0,0,2,0,0,0,0,2,0,0,0,0,0,0,0,1,0,0,0,0,0,0,0,0,0,0,0,0,0,0,0,0,7,2,0,0,0,0,0,1,15,0,0,0,0,0,0,0,0,0,0,2,6,0,0,1,0,2,0,0,0,0,0,0,0,7,0,0,0,4,0,1,0,19,0,2,0,0,0,0,0,2,0,0,0,1,2,0,0,0,0,0,0,0,0,0,0,0,0,0,0,1,0,0,0,0,0,0,4,0,0,15,0,0,0,0,0,0,0,0,0,0,0,0,0,0,0,0,0,0,0,0,0,0,0,0,0,0,0,25,0,0,0,0,0,0,0,0,0,0,0,0,0,0,0,0,2,0,3,0,0,0,0,0,0,0,1,0,0,0,0,0,6,0,0,0,0,0,0,0,0,0,0,12,0,2,0,52,0,0,19,0,0,0,0,0,2,0,0,0,0,4,0,0,0,0,0,5,0,0,0,0,1,0,0,0,7,1,0,0,0,3,1,0,0,0,0,0,18,0,0,2,0,1,0,0,13,0,0,0,0,0,0,0,0,3,0,0,0,0,0,0,1,1,0,2,0,0,0,0,0,0,0,0,0,0,0,0,0,4,2,33
664,0,0,0,0,1,2,0,0,0,2,0,0,1,0,0,0,0,0,2,0,0,0,0,1,0,5,0,0,0,0,0,0,2,1,0,0,0,0,0,0,0,0,0,0,0,0,0,0,7,0,4,0,0,0,0,0,0,0,1,0,3,0,9,0,0,3,0,0,4,0,0,0,0,0,0,0,0,10,0,0,0,0,0,2,0,0,0,0,0,0,0,9,0,0,0,0,1,0,3,7,0,0,0,0,0,0,0,2,0,0,0,0,0,1,5,0,0,0,0,0,0,1,0,0,0,3,0,0,0,0,0,35,0,2,7,0,0,0,0,3,0,0,0,0,0,2,0,0,0,0,0,0,0,0,12,5,0,0,0,0,0,0,0,0,0,0,0,0,0,0,0,0,0,0,0,5,0,0,0,1,0,0,0,0,0,8,0,0,0,0,0,0,2,0,0,1,0,0,1,1,0,0,0,0,0,0,0,0,0,0,0,0,0,0,5,0,0,0,0,1,0,0,0,0,0,0,0,0,0,0,0,3,2,1,0,0,0,0,0,0,0,1,0,20,0,5,0,1,2,0,2,0,0,0,18,0,0,0,0,0,0,0,0,0,0,0,0,0,0,45,0,0,0,1,25,0,9,0,0,0,0,0,0,0,1,0,0,7,0,0,0,0,10,0,0,4,0,0,11,0,0,0,0,0,1,6,0,0,0,0,91,2,0,0,2,0,0,0,0,0,4,0,0,0,0,0,4,0,0,8
665,0,0,0,0,0,0,0,0,3,13,0,0,0,0,0,0,1,5,0,0,0,2,0,0,0,0,8,0,0,0,0,0,2,10,36,0,0,0,0,24,0,3,0,0,0,0,0,1,0,0,0,0,0,0,0,0,1,0,1,3,0,0,0,0,0,1,0,0,1,2,12,1,0,0,0,0,0,0,0,0,0,0,0,0,0,0,0,0,0,0,2,1,0,0,0,0,0,0,3,1,0,0,0,0,0,0,0,0,0,0,0,0,0,2,0,0,0,0,2,0,0,0,0,0,0,0,0,0,0,0,0,28,0,0,0,0,0,0,0,0,2,0,22,1,0,0,0,1,0,0,0,0,4,0,2,0,0,0,0,0,0,0,1,0,0,1,0,0,1,6,0,0,0,0,0,0,0,0,0,0,2,1,0,0,0,0,0,0,0,0,0,0,0,0,0,2,0,0,0,0,0,0,0,0,0,0,0,0,0,1,0,0,1,6,2,0,0,10,0,0,0,0,0,0,0,0,1,0,0,1,2,0,1,0,0,0,0,0,1,0,0,3,1,0,0,35,20,0,0,0,0,2,0,11,4,13,0,0,0,0,0,0,0,0,0,1,0,0,0,0,0,0,0,4,2,0,1,0,0,0,0,0,0,0,0,0,0,0,0,4,0,0,0,0,0,0,1,0,0,0,0,0,0,6,0,0,0,3,0,0,0,0,0,2,0,0,0,0,0,10,0,3,0,0,0,0,0,0,1,6
666,0,0,5,0,0,0,0,0,0,12,0,0,0,0,0,0,0,3,0,0,1,0,0,1,0,0,24,0,0,0,0,0,0,18,0,0,25,0,0,0,0,0,0,0,0,0,0,0,1,0,0,0,0,0,0,0,0,0,0,0,2,0,2,5,0,1,0,2,3,0,15,0,0,2,0,0,0,0,0,0,0,0,0,0,0,0,0,0,0,0,1,2,1,0,0,0,0,0,63,0,0,1,1,0,0,0,0,0,0,1,0,0,1,0,0,0,0,0,0,0,8,4,0,6,0,1,0,0,0,0,0,61,0,0,0,0,0,0,0,0,0,0,49,1,0,0,0,0,0,1,0,0,0,0,3,3,0,0,0,0,0,0,0,0,0,1,0,0,0,8,0,0,0,0,0,0,0,0,0,0,2,0,3,0,0,0,0,0,0,0,0,0,0,0,0,5,4,18,0,0,0,0,0,0,0,0,0,0,0,0,0,0,0,12,2,0,8,0,0,7,13,0,0,0,0,0,0,0,0,0,3,0,0,0,0,0,0,0,0,0,0,0,0,3,3,40,0,0,0,0,0,1,0,0,2,0,0,0,0,0,0,0,3,0,0,0,0,0,0,0,0,0,0,0,3,0,0,0,0,0,1,0,0,0,0,0,0,0,0,1,0,0,0,0,0,0,0,0,0,0,0,0,0,17,0,0,0,0,0,0,1,0,0,0,0,2,0,0,0,0,1,0,0,6,0,0,0,6,0,37
667,0,1,0,0,0,0,0,0,0,0,1,0,0,0,0,0,0,0,0,0,5,0,0,1,0,4,0,0,0,1,0,0,0,0,0,0,0,0,1,0,0,0,0,2,0,0,0,0,0,33,0,0,0,0,0,0,0,0,0,0,5,1,0,0,0,4,0,0,0,2,0,0,0,4,0,0,0,0,0,0,0,0,0,0,0,0,0,0,0,0,0,1,0,0,0,0,0,0,0,0,5,0,0,0,0,0,0,0,0,0,0,0,1,1,0,1,0,0,0,0,0,7,2,3,0,0,0,0,0,0,0,0,0,0,0,1,0,0,0,0,0,0,0,0,0,0,0,0,0,0,0,18,20,0,0,0,0,0,0,0,3,0,17,0,7,1,0,1,0,2,0,0,0,0,0,1,0,0,0,0,0,0,0,24,0,0,0,0,0,0,0,0,0,0,0,3,0,0,0,0,0,0,0,0,0,0,0,0,0,1,0,0,0,0,1,1,0,0,0,0,0,0,0,1,0,0,0,0,0,0,0,0,2,0,0,1,0,0,2,0,1,0,0,1,0,41,12,0,0,0,0,0,0,6,0,0,0,0,0,0,0,0,0,0,8,0,0,0,0,0,0,0,0,0,2,0,0,0,0,0,0,0,0,0,0,0,0,0,1,0,0,0,2,0,8,3,0,0,0,3,0,0,0,7,0,0,3,0,0,1,1,1,0,0,0,0,2,0,0,0,1,0,0,0,9,0,0,0,1,17
668,0,0,0,0,0,0,0,0,0,9,2,0,0,0,0,2,0,0,0,0,0,0,0,0,0,0,0,1,0,0,0,0,0,0,13,0,0,0,0,0,0,0,0,2,2,0,0,0,2,0,1,0,0,0,0,0,0,0,9,0,1,0,0,0,1,5,0,0,6,3,0,0,0,0,0,0,0,0,0,0,0,0,0,0,0,0,0,0,1,0,5,1,0,0,0,0,0,0,18,0,1,0,0,0,0,0,0,0,0,0,0,0,0,0,2,0,0,0,1,0,4,4,0,3,0,0,0,0,0,0,4,71,0,0,0,0,0,0,0,0,0,0,0,1,0,0,0,1,1,0,0,1,0,0,0,0,3,0,0,1,0,0,0,0,0,0,0,0,0,9,0,1,0,0,0,0,0,0,0,0,0,0,0,0,0,0,0,12,0,0,1,0,0,0,0,2,0,0,0,1,0,0,1,0,0,0,0,0,0,0,19,0,0,0,0,0,0,0,0,0,0,0,0,1,1,0,0,0,0,0,5,0,0,0,0,1,0,0,0,0,0,0,0,2,0,66,0,0,0,0,1,0,0,0,0,0,0,0,0,0,0,0,1,0,3,0,0,0,0,0,0,1,1,6,1,0,0,0,0,0,0,0,0,1,0,0,0,0,0,0,0,0,0,0,0,2,0,0,0,0,0,0,0,0,0,0,0,0,0,0,1,1,16,0,0,0,2,0,1,0,0,0,0,0,0,0,0,0,0,35
669,0,1,0,0,0,0,0,0,0,6,0,0,0,0,0,3,0,0,0,7,0,0,0,2,0,3,0,0,0,0,0,0,7,17,0,0,9,0,0,0,0,2,0,1,1,0,14,0,0,0,0,0,0,0,0,0,0,0,0,0,1,0,0,0,0,2,0,0,0,0,0,0,0,5,0,0,3,0,0,0,0,0,0,5,0,0,0,0,0,0,2,0,0,0,0,0,0,0,65,1,0,0,0,0,0,0,0,0,0,0,0,0,1,1,5,0,0,0,0,0,0,4,0,8,0,0,0,0,0,0,0,19,0,0,0,0,0,0,0,0,0,0,18,0,0,0,0,0,0,0,0,28,0,0,0,0,0,0,0,0,0,0,0,0,0,1,2,0,0,14,1,0,0,0,2,1,0,0,0,0,2,1,2,0,0,0,0,0,0,0,0,0,0,0,0,3,0,0,0,0,0,0,0,0,0,0,0,0,0,0,0,0,1,0,2,3,6,6,0,0,0,3,0,0,0,1,4,0,0,1,1,0,0,0,0,0,0,0,2,0,0,4,0,2,0,9,5,0,14,0,0,1,0,18,3,7,0,0,0,0,0,0,3,1,0,0,0,0,3,1,0,1,0,0,2,1,0,0,0,0,0,0,0,0,3,0,10,0,0,3,0,0,0,0,0,0,1,0,0,0,0,0,0,2,0,0,0,0,0,0,2,1,0,0,0,0,0,0,0,0,0,5,0,0,0,1,0,0,0,82
670,3,0,0,13,0,0,0,0,0,0,0,1,0,0,0,0,0,0,14,4,0,0,0,1,0,0,0,0,0,0,0,0,1,1,0,0,3,0,0,0,0,0,0,0,0,0,0,0,0,0,0,0,0,2,0,0,1,0,0,0,6,0,1,1,0,0,2,1,4,0,0,0,0,0,0,0,0,0,0,1,0,0,0,0,0,0,5,0,0,0,0,2,0,0,0,0,0,0,5,6,0,0,0,0,4,0,0,0,0,0,0,1,0,2,0,0,0,1,0,0,0,0,0,0,0,0,9,0,0,0,1,7,0,0,0,0,3,0,0,0,0,0,0,0,0,0,0,8,0,0,0,0,0,0,0,0,0,0,0,0,0,0,0,0,0,2,0,0,0,0,0,0,0,0,2,0,0,0,5,6,1,0,0,0,8,0,1,0,0,0,0,0,0,0,0,0,0,0,0,2,0,0,0,0,0,0,1,0,0,0,0,0,0,0,3,0,0,0,0,0,0,0,1,0,0,3,1,0,0,0,0,0,0,3,0,0,0,0,0,0,0,3,0,25,0,0,0,0,0,5,0,0,0,0,0,0,0,0,3,0,0,12,1,0,0,1,0,7,0,0,0,0,0,1,3,0,2,0,0,3,2,0,46,0,0,0,0,0,0,0,0,0,0,0,0,0,0,0,0,0,0,0,0,3,0,0,0,18,0,0,18,0,0,7,0,0,0,0,1,0,0,0,0,0,0,0,0,0,2,19
671,0,0,0,0,0,0,0,19,26,3,0,0,0,1,0,0,0,0,0,4,0,0,3,8,0,0,0,0,0,4,0,1,2,1,0,0,2,0,0,0,0,0,0,0,1,1,0,0,0,0,0,0,0,0,0,0,0,0,0,0,33,0,0,1,0,0,0,0,4,0,1,0,0,0,0,1,0,0,0,0,0,0,0,0,0,0,2,0,0,0,0,2,0,1,0,0,0,16,1,0,1,0,0,0,0,0,0,0,0,13,2,0,0,7,0,1,0,1,0,0,0,0,0,0,0,0,0,0,0,0,0,24,0,0,0,0,0,0,0,0,0,0,0,0,0,0,0,0,0,0,0,1,0,0,3,0,0,0,0,0,0,0,0,0,9,1,0,2,0,0,0,0,0,0,1,0,0,0,0,5,0,0,0,0,0,0,0,0,0,0,0,0,0,8,0,0,0,0,0,0,0,0,0,0,5,0,1,0,0,0,0,0,2,0,2,0,0,0,0,0,0,0,2,0,1,0,0,0,0,0,2,0,4,0,0,4,0,0,0,0,0,1,0,11,0,4,28,0,0,5,0,0,0,3,1,1,0,0,0,0,0,0,1,0,0,0,0,0,0,15,7,2,0,2,3,0,0,0,0,0,0,0,0,0,0,0,0,4,0,0,0,0,0,0,0,0,0,0,0,0,0,4,0,4,0,3,0,0,0,0,9,0,0,6,10,3,0,0,0,0,0,0,0,0,0,46,0,0,0,39
672,0,0,0,0,0,1,0,0,0,1,0,0,0,0,3,0,0,0,9,0,0,1,0,0,0,0,0,0,2,1,0,0,0,1,0,0,7,0,0,0,0,0,0,0,0,1,0,0,19,0,0,0,0,0,0,0,0,1,0,0,2,0,0,1,0,0,0,0,7,0,0,0,0,0,0,0,0,7,0,0,0,0,0,0,3,0,0,0,0,0,4,2,3,0,0,0,0,0,1,0,0,0,0,0,0,0,0,0,0,0,0,0,0,7,0,0,0,0,16,0,0,0,0,0,0,0,0,0,0,0,0,0,14,0,6,0,0,0,0,4,2,4,1,2,0,0,0,0,0,0,0,0,0,0,0,0,0,0,0,0,0,0,1,0,0,1,1,0,0,0,0,0,0,0,0,0,0,0,0,1,25,0,0,0,19,6,0,0,0,0,0,0,0,0,0,2,0,0,0,0,0,1,0,0,0,0,2,0,0,0,0,0,0,0,0,0,0,0,0,0,0,0,0,2,2,2,3,1,2,3,0,1,0,0,0,0,0,0,4,0,0,3,0,18,0,5,0,0,3,0,0,1,0,3,30,0,33,0,0,0,0,0,0,1,0,0,0,0,0,0,0,2,0,0,3,0,6,0,0,0,0,0,0,1,1,0,4,0,0,0,0,0,0,0,0,0,0,0,0,0,0,0,0,10,0,0,0,0,0,0,31,0,0,7,2,1,0,0,0,0,0,0,0,0,1,0,0,0,0,7
673,0,0,0,0,0,1,0,0,0,0,0,0,1,0,0,0,0,0,0,1,6,0,0,0,0,5,0,0,1,0,0,0,0,0,0,0,0,0,0,0,0,0,0,0,0,1,2,0,0,16,0,0,0,0,20,0,0,0,0,0,0,0,0,0,0,1,1,0,5,0,0,0,0,0,0,0,0,0,0,0,0,0,0,2,0,0,0,0,2,0,1,4,0,0,0,0,0,2,0,2,5,0,0,0,0,0,0,0,0,0,0,0,0,4,0,0,0,0,0,3,0,1,2,0,2,3,0,0,0,1,0,17,5,0,0,0,0,0,0,0,1,6,0,1,0,0,0,0,0,0,0,0,0,0,0,0,0,0,0,0,0,0,6,1,0,1,0,0,0,0,0,1,0,4,0,9,0,0,1,1,11,4,0,0,0,12,0,0,0,0,0,0,0,0,0,1,0,0,0,0,0,2,0,0,0,0,0,0,0,1,0,0,1,6,16,0,0,0,0,0,0,0,0,4,1,2,0,0,0,0,0,0,5,0,0,0,0,0,0,0,0,0,0,5,0,0,0,0,2,0,0,0,0,4,0,0,0,0,0,0,3,5,0,1,0,0,0,0,0,16,0,0,0,0,2,0,0,1,0,0,0,3,0,0,0,0,0,0,0,0,0,0,0,0,0,0,0,0,0,0,0,0,0,13,0,0,0,0,0,0,54,2,0,0,3,0,0,0,0,0,0,0,1,0,0,0,0,0,0,5
674,0,0,0,0,0,0,6,0,0,0,0,0,0,0,0,0,0,0,0,0,2,0,0,0,0,8,0,0,7,0,0,0,3,1,0,0,0,0,0,5,0,6,0,0,0,0,0,0,0,0,0,0,0,0,5,0,0,0,0,0,0,0,3,0,0,1,0,1,13,0,0,0,0,0,0,2,0,0,0,3,0,0,0,0,0,0,0,0,0,0,0,5,0,0,0,0,0,0,1,0,0,0,0,0,0,0,0,1,0,0,0,0,0,0,2,0,0,0,8,0,0,0,0,0,0,0,0,0,0,1,0,80,0,0,0,0,0,0,0,0,1,0,1,0,0,0,0,0,0,0,0,5,0,0,0,0,0,0,0,0,0,0,2,0,0,0,0,0,0,0,0,2,0,0,0,5,0,0,0,0,0,0,0,0,0,1,0,0,0,0,0,0,0,0,0,1,1,0,1,2,0,0,0,0,0,0,0,0,4,0,0,0,0,2,15,0,0,0,0,0,0,0,4,0,0,4,0,0,7,0,0,0,0,1,0,0,0,0,0,0,0,0,20,38,0,5,0,0,0,3,0,0,0,6,0,0,0,0,0,9,0,0,0,0,0,0,0,0,0,0,0,0,1,0,26,2,0,2,0,0,0,0,0,0,0,0,4,2,0,1,2,0,0,0,3,0,0,0,0,0,0,0,0,6,0,0,0,0,1,0,20,0,10,0,0,0,0,0,0,0,0,0,0,0,2,0,0,0,1,3
675,0,0,0,0,0,3,0,0,0,0,0,0,0,0,3,0,0,0,0,2,0,0,0,1,0,0,0,0,0,0,0,0,0,0,0,0,6,0,0,2,0,0,0,0,0,0,0,2,0,4,0,0,0,0,5,0,1,0,0,0,1,0,0,1,0,0,0,0,7,0,0,0,1,0,0,0,0,0,0,0,0,0,0,0,0,0,0,0,0,0,0,1,0,0,0,0,0,1,1,0,0,0,0,0,0,0,0,0,2,0,0,0,0,2,0,0,0,0,0,0,0,4,0,0,0,0,0,0,0,0,0,25,10,0,0,0,0,0,0,0,0,11,0,1,0,0,0,0,0,0,0,0,0,0,8,2,0,0,0,0,0,0,3,0,0,0,0,0,0,1,0,0,1,0,0,4,0,0,0,0,0,0,0,0,0,0,0,1,0,1,0,0,0,0,1,2,0,0,0,0,0,0,0,0,0,0,0,0,0,0,0,4,1,0,1,2,0,6,0,0,0,0,0,3,2,13,0,2,0,0,0,0,0,0,0,0,0,0,0,0,0,0,0,28,0,9,0,0,0,0,2,0,0,0,21,0,0,2,0,0,0,0,1,0,0,0,0,0,0,0,0,0,0,0,0,3,0,0,0,0,0,0,0,0,0,0,0,0,0,1,0,0,7,0,0,0,1,0,0,0,0,0,0,12,0,0,0,0,0,0,13,5,0,1,1,0,3,0,1,0,5,0,0,0,0,0,0,0,1,3
676,0,0,0,0,0,1,11,0,0,3,0,0,0,0,0,0,0,0,0,1,2,0,0,0,0,0,0,0,0,0,0,0,4,1,3,0,27,0,0,0,0,0,0,2,0,1,0,0,9,0,0,0,0,0,10,0,0,0,0,2,1,0,0,0,0,0,0,0,12,0,0,0,0,0,0,1,0,0,6,2,0,0,0,0,0,0,0,0,3,0,1,9,0,0,1,0,4,0,3,14,0,0,0,0,0,1,0,0,0,0,0,0,0,5,5,0,0,0,0,0,0,0,0,0,0,0,1,0,0,0,0,27,0,0,10,0,0,0,0,0,0,0,0,0,0,0,0,1,0,0,0,0,0,0,0,0,0,0,0,0,0,0,3,0,0,0,0,0,0,0,0,0,0,0,0,0,0,0,0,1,2,0,0,0,0,0,0,0,0,0,0,0,0,16,0,0,0,0,0,0,0,0,0,0,0,0,0,0,1,0,0,0,0,0,14,3,0,0,0,0,0,0,0,0,5,4,0,0,0,9,0,0,0,0,0,0,0,0,0,0,0,1,0,16,0,2,0,0,9,0,0,0,0,14,0,0,0,0,0,0,0,3,1,0,0,0,0,16,0,0,0,0,0,0,36,0,0,0,0,0,3,0,0,0,0,0,2,6,0,0,0,3,0,0,0,6,0,0,0,0,0,0,0,10,0,0,0,0,0,0,20,2,0,0,0,0,0,0,0,0,0,0,0,0,0,0,0,0,0,3
677,0,1,0,0,6,2,0,0,0,10,0,0,0,0,0,2,0,0,1,5,0,0,0,1,0,0,0,0,0,0,0,0,4,14,0,5,0,0,0,0,0,0,0,0,0,0,6,0,1,0,0,0,0,0,0,0,0,0,0,0,4,0,0,1,0,2,0,0,2,0,0,0,0,0,0,0,0,0,1,0,0,0,0,0,2,1,0,0,0,0,3,1,0,0,0,0,0,0,16,1,0,0,0,0,0,0,0,0,0,0,10,2,0,2,5,1,0,0,0,0,11,0,0,0,0,0,0,0,0,0,0,94,0,0,0,0,1,0,0,0,0,0,0,0,0,0,0,0,1,0,0,0,0,0,0,0,0,0,0,0,0,0,2,0,0,1,0,0,0,20,0,0,0,6,0,1,0,0,0,0,0,0,0,0,0,0,0,0,0,0,0,0,0,1,0,8,0,0,0,0,0,0,0,0,0,0,0,0,0,0,4,0,0,0,3,0,0,3,0,10,5,0,0,0,0,0,0,0,0,1,4,0,0,0,4,0,0,0,0,0,0,1,0,1,0,50,0,0,0,0,0,0,6,0,0,0,0,1,0,0,0,0,0,0,0,0,0,7,0,0,0,0,0,0,2,0,0,0,0,0,0,0,0,0,0,0,10,0,0,0,0,0,0,0,0,0,0,0,0,0,1,4,0,20,0,0,0,0,0,0,2,0,4,0,0,0,0,0,1,3,0,0,0,0,0,0,0,0,1,46
678,0,2,1,0,1,1,0,0,0,0,5,0,0,0,0,0,11,0,0,1,0,0,0,0,0,0,0,0,0,1,0,0,0,0,0,2,8,0,1,0,0,0,1,0,0,1,0,0,0,1,0,1,0,0,2,0,0,0,0,0,1,0,0,0,0,1,1,0,0,2,0,0,0,0,0,0,0,11,2,3,0,0,0,1,0,0,0,0,3,0,0,5,0,0,0,0,0,0,0,0,0,0,0,0,0,0,0,0,5,0,0,0,2,2,0,0,0,0,0,0,0,0,0,0,0,0,0,0,0,0,0,0,0,0,0,0,0,1,0,0,0,0,0,0,0,0,0,0,0,0,0,0,1,0,17,0,0,0,0,0,2,0,12,0,0,0,0,0,0,0,0,0,0,0,0,1,0,0,0,0,0,0,0,0,0,3,0,0,0,0,0,0,0,2,0,2,0,0,0,0,0,0,0,0,0,0,0,0,0,0,0,0,0,7,15,4,0,2,2,0,0,0,0,2,3,1,4,0,0,3,0,0,2,0,0,0,0,0,0,0,0,0,0,29,0,1,1,0,3,0,0,0,0,0,0,0,0,0,0,0,0,0,0,0,3,0,0,0,0,0,0,0,0,0,9,0,0,0,0,0,0,7,0,0,0,0,2,0,0,0,0,0,0,0,0,0,1,0,0,0,0,0,0,6,0,2,0,12,0,0,32,0,0,0,3,0,0,0,0,3,0,4,0,0,0,0,0,0,0,0
679,0,0,0,1,0,1,0,0,0,9,0,0,1,0,0,0,0,0,0,0,1,0,0,0,0,0,0,0,0,0,0,0,0,0,0,0,8,0,0,0,0,0,0,0,0,1,5,0,0,16,0,0,0,0,7,0,0,0,0,1,0,0,0,0,0,1,1,0,0,0,0,0,1,1,0,0,0,0,0,3,0,0,0,3,10,0,0,0,0,0,1,3,0,0,0,0,0,0,0,2,4,0,0,0,0,0,0,0,0,0,0,0,0,0,9,0,0,0,15,0,0,0,2,0,0,6,0,0,0,1,0,0,0,2,0,0,0,0,0,0,0,0,2,0,0,0,0,0,0,0,0,0,1,1,4,0,0,0,0,1,0,0,4,0,0,0,0,0,0,0,0,0,0,0,0,1,0,0,2,1,16,0,0,0,0,0,0,0,0,0,0,0,0,6,0,0,0,0,0,0,0,1,0,0,0,0,0,0,0,0,0,0,0,0,14,0,0,0,0,0,0,0,0,6,1,0,1,0,0,0,0,0,0,0,0,0,0,0,0,0,0,1,0,20,0,6,0,0,0,4,0,0,0,3,0,0,0,0,0,0,0,0,0,0,0,0,0,0,0,0,0,0,0,0,0,0,0,0,0,0,2,0,0,0,0,0,5,0,0,0,0,0,0,0,0,0,0,0,3,0,0,0,0,3,0,0,0,0,0,0,46,0,0,5,4,0,2,0,0,3,12,0,0,0,0,0,0,0,0,2
680,0,0,1,0,0,0,0,6,0,0,0,0,0,0,0,0,0,0,0,1,0,1,0,0,0,0,0,0,2,0,0,0,2,0,0,0,0,0,0,0,1,0,1,1,0,1,0,0,0,5,2,0,0,0,0,0,0,0,0,0,1,0,0,0,0,0,0,0,14,0,0,0,0,0,0,0,0,0,0,0,0,0,0,3,0,0,5,0,0,0,1,6,0,0,0,0,0,0,3,6,8,0,0,0,0,0,1,0,1,0,0,0,3,0,0,0,0,0,0,0,1,0,0,0,0,0,0,0,0,0,0,9,0,0,0,0,0,0,0,0,0,0,0,0,0,1,0,0,1,0,0,0,0,0,0,0,0,2,0,0,0,0,1,0,0,2,0,0,0,0,2,0,0,0,0,0,0,0,0,0,12,0,2,0,9,5,0,5,0,0,0,3,0,0,1,1,0,2,0,0,0,0,0,0,0,0,0,0,0,0,0,0,0,0,21,0,1,0,0,0,3,0,3,4,0,0,0,2,0,0,0,3,0,0,0,0,0,0,0,0,0,2,0,26,0,8,0,0,2,0,2,0,0,0,0,0,0,0,7,0,0,0,1,0,2,0,0,16,0,0,1,0,0,0,7,1,0,0,0,0,3,0,0,0,0,0,5,0,0,0,0,0,0,0,0,0,1,0,0,0,0,0,0,3,0,0,0,0,1,0,5,1,0,0,4,0,0,0,0,0,0,0,0,0,0,0,0,0,1,6
681,0,0,0,0,0,0,0,13,0,15,0,0,0,0,0,0,0,0,0,0,0,0,0,0,5,0,0,0,0,0,0,1,0,0,0,0,0,0,0,0,0,2,0,0,0,1,2,0,0,1,0,0,0,0,0,4,1,0,0,0,18,0,0,0,0,0,2,0,0,0,0,0,0,0,0,0,0,0,0,0,0,0,0,0,2,0,0,0,1,0,0,1,0,0,0,0,0,0,0,5,1,0,4,0,0,0,0,0,0,0,0,0,0,6,0,0,0,0,0,0,0,0,0,0,0,0,0,0,0,0,0,0,0,0,0,0,6,0,0,3,0,0,1,0,0,0,0,0,0,0,0,1,0,0,0,0,0,1,0,0,0,0,0,0,0,1,0,0,0,1,0,7,0,0,1,1,0,1,8,0,0,0,0,0,0,0,0,0,1,0,0,0,0,0,0,0,0,0,0,0,0,0,0,0,9,0,0,0,0,0,0,0,0,0,6,1,0,1,0,0,0,0,1,1,0,2,0,1,0,0,0,0,10,0,0,0,0,0,0,0,0,0,0,28,0,5,12,0,4,0,0,0,0,2,0,8,0,0,0,0,1,4,1,0,1,3,0,0,5,0,0,0,2,0,0,3,0,0,0,0,0,0,0,0,0,0,0,0,0,0,0,0,2,0,0,24,0,0,0,0,0,0,0,3,0,0,0,0,0,0,32,0,0,0,2,0,0,0,0,0,0,0,1,0,0,12,0,0,0,34
682,0,0,1,0,0,4,0,0,0,0,0,0,0,0,0,2,1,1,0,3,3,0,0,1,0,0,0,0,0,0,0,0,0,0,0,0,0,34,0,0,0,0,0,0,3,1,0,0,0,9,0,0,0,0,11,0,0,0,0,0,4,0,0,0,0,0,3,0,0,0,0,0,0,0,0,0,0,0,0,0,0,0,0,0,0,0,5,0,0,0,0,3,0,0,0,0,0,0,0,0,0,0,1,0,0,0,0,0,0,0,0,0,0,0,0,0,0,0,3,0,10,0,2,0,0,0,0,0,0,0,0,0,0,0,0,0,0,0,0,0,1,1,20,0,0,0,0,0,0,0,0,11,2,0,0,0,0,0,0,0,7,0,14,0,0,1,0,3,0,0,1,3,0,0,0,0,0,0,0,1,0,1,0,0,0,0,0,0,0,0,0,2,0,0,0,0,0,0,0,0,0,0,1,0,0,0,0,1,0,1,0,0,0,0,3,3,1,12,0,0,0,0,2,1,2,0,0,0,0,0,3,0,4,0,0,0,0,0,0,0,0,0,0,4,0,9,12,0,11,0,0,0,0,0,0,0,1,0,0,0,0,0,0,0,4,0,0,0,0,0,0,0,0,0,7,0,0,0,0,0,0,0,0,0,0,0,0,0,0,0,0,0,1,0,0,3,0,0,0,0,0,0,0,2,0,0,0,8,0,0,0,0,0,4,1,0,0,0,0,0,0,0,0,0,0,0,0,0,0,68
683,0,0,0,0,0,0,0,0,0,10,0,0,0,0,0,1,0,0,0,0,0,2,0,5,0,0,0,0,0,0,0,0,0,0,0,0,0,0,0,0,0,1,0,6,16,0,0,0,4,0,0,0,0,0,0,0,0,0,0,0,14,0,2,0,0,0,0,0,1,0,0,0,0,0,0,0,0,0,0,1,0,0,0,0,0,0,0,0,0,1,0,1,0,0,0,0,0,0,0,0,2,0,5,0,0,0,0,0,0,16,2,0,0,11,0,0,0,0,0,0,0,0,25,0,0,0,0,0,0,0,0,4,0,1,0,0,0,0,0,0,0,0,0,0,0,0,0,0,0,0,2,0,0,0,4,1,0,0,0,0,0,0,0,0,0,1,0,0,0,1,0,0,0,1,4,0,0,0,4,0,0,0,0,0,0,0,0,0,0,0,0,0,0,3,0,0,0,0,0,0,0,0,0,0,4,0,0,1,0,0,2,5,0,0,1,0,0,0,0,0,0,1,0,1,0,0,0,0,0,0,1,0,0,0,0,0,0,0,0,0,0,0,13,3,0,0,30,0,0,0,0,0,0,3,1,6,0,0,0,0,0,0,2,1,0,0,0,0,0,0,0,0,0,0,7,0,0,0,0,0,0,0,13,0,0,1,0,0,0,0,0,0,0,0,0,0,0,0,0,3,0,0,0,1,0,0,0,0,0,0,7,0,0,0,4,0,6,0,0,0,0,0,0,1,0,0,0,0,0,54
684,0,0,18,11,0,0,0,0,0,12,1,0,0,0,0,0,4,0,0,4,3,0,0,2,0,0,0,0,0,0,0,0,0,0,0,1,0,0,0,0,0,0,0,0,0,0,0,0,0,3,0,0,0,0,0,0,0,0,0,0,3,0,0,0,0,3,2,1,2,1,0,0,0,0,0,0,0,0,2,0,0,0,1,0,0,0,0,0,0,0,7,2,0,0,0,0,0,0,1,1,1,0,0,0,0,0,0,0,0,0,0,1,0,1,2,0,0,0,0,0,0,0,2,0,0,0,0,0,0,0,8,0,0,0,0,0,0,0,0,1,2,0,0,0,0,0,0,0,0,0,0,0,1,0,0,1,0,0,0,0,11,0,5,0,3,0,0,0,0,2,0,0,0,0,0,1,0,0,0,0,0,1,0,0,0,0,0,10,0,0,0,4,0,0,0,1,0,0,0,0,0,0,0,0,0,0,0,0,0,1,0,0,0,6,2,0,1,0,0,0,0,0,1,0,2,0,0,0,0,1,1,1,1,0,0,1,0,0,0,0,0,0,1,0,6,11,0,0,16,2,0,1,0,0,1,0,0,0,1,1,0,0,1,0,24,0,0,0,0,0,0,1,0,0,7,0,0,0,0,0,0,0,0,0,0,0,0,0,0,1,0,1,0,0,0,0,0,0,0,0,0,11,0,10,0,0,3,0,0,1,2,1,11,0,1,0,0,0,2,0,2,0,0,0,6,1,0,0,0,51
685,0,0,1,0,0,1,0,0,0,4,0,0,0,0,0,0,0,6,0,1,1,0,0,0,0,0,0,0,0,0,0,0,0,0,0,0,5,0,0,0,0,2,0,0,0,0,4,0,3,0,8,0,0,0,0,6,2,0,0,0,0,4,0,1,0,1,0,1,5,0,0,0,6,0,0,0,0,0,5,0,0,0,0,0,0,0,6,0,0,0,4,4,1,0,0,0,1,0,2,1,0,0,0,0,0,0,0,5,0,0,2,0,0,3,0,4,0,0,1,0,0,0,0,0,0,0,0,0,0,0,0,16,0,0,0,0,0,0,0,0,0,0,1,0,1,0,0,0,0,0,0,0,0,1,27,0,0,0,0,0,0,0,0,0,0,0,0,0,0,0,0,1,1,0,0,0,0,0,0,1,28,0,0,0,0,0,0,2,0,0,3,0,0,0,0,0,0,0,0,0,0,0,0,0,0,0,0,0,0,0,0,0,0,0,13,0,0,0,0,0,0,0,0,0,7,0,0,0,0,4,0,0,0,1,0,0,0,0,0,0,0,0,0,22,0,5,0,0,3,0,0,0,1,0,0,0,0,0,0,0,0,0,0,0,0,0,0,0,0,0,1,0,0,0,11,0,0,0,3,0,0,4,0,0,0,0,1,0,0,1,0,3,0,0,0,0,0,0,0,0,0,0,0,2,0,0,0,0,0,0,23,0,0,0,2,1,0,0,0,2,0,0,0,0,0,0,0,0,0,2
686,0,1,9,0,0,1,0,0,0,0,0,0,0,0,0,0,0,0,0,3,0,3,0,0,0,2,0,0,3,0,0,0,2,0,0,0,1,15,4,0,0,3,0,0,0,0,0,0,0,0,0,0,0,0,0,0,3,6,0,0,4,1,0,0,1,2,1,0,0,0,0,1,0,0,0,0,0,0,0,0,0,0,0,2,0,0,0,0,0,0,3,1,0,0,0,0,0,0,24,0,0,0,0,0,0,0,0,0,0,0,0,0,0,0,0,0,1,0,0,0,7,0,0,0,0,0,0,0,0,0,0,28,3,0,1,0,0,0,0,0,0,0,24,0,0,0,0,0,1,0,0,0,0,0,0,0,0,0,0,0,0,0,1,0,0,1,0,0,0,3,0,2,0,0,0,0,2,2,0,0,0,1,4,0,0,0,0,17,0,0,0,3,0,6,0,7,2,37,0,0,0,0,0,0,0,0,0,0,0,0,0,0,1,0,2,0,0,7,0,0,0,0,0,0,0,1,0,0,0,0,6,0,0,0,0,0,0,0,0,0,0,4,0,0,0,26,6,2,0,0,0,1,2,39,1,14,0,0,0,0,0,0,0,0,0,11,0,0,0,0,0,0,0,3,2,0,0,0,0,0,0,0,0,0,4,0,34,0,0,0,0,0,0,0,0,7,1,0,0,1,0,0,0,15,0,0,0,0,0,0,1,0,12,0,0,0,0,0,1,4,2,0,0,0,0,0,0,0,1,50
687,0,0,0,0,10,2,0,0,0,0,1,0,0,0,1,2,0,0,0,5,0,0,0,0,0,0,81,0,0,0,0,0,3,0,0,0,0,0,0,0,0,0,1,0,3,0,4,0,0,0,0,17,0,0,12,0,0,0,5,0,4,0,0,0,0,3,0,0,5,0,11,0,0,0,0,0,5,0,0,0,0,0,0,0,0,0,0,0,0,0,5,3,0,0,0,0,0,0,1,0,0,0,0,0,0,0,0,0,0,0,0,0,0,3,0,0,4,0,0,0,0,0,1,0,0,0,0,0,0,0,0,11,0,0,0,0,0,0,0,0,0,0,0,0,0,0,0,6,0,0,0,0,0,0,0,1,0,0,0,0,2,0,0,0,0,1,0,0,0,30,0,0,0,0,0,0,0,0,0,0,0,0,0,0,0,0,0,0,0,0,0,0,0,0,0,2,0,0,0,0,0,0,0,0,0,0,0,0,0,1,0,0,0,0,2,0,0,6,0,0,0,0,0,1,0,0,0,0,0,1,3,0,1,0,0,0,0,0,0,0,0,0,0,0,0,16,0,0,18,0,0,2,0,0,2,0,0,0,0,0,0,0,1,0,0,0,0,1,0,0,0,3,0,5,7,0,0,0,0,0,0,0,0,1,0,0,10,0,0,0,0,0,0,0,0,0,0,0,0,0,0,4,0,11,0,0,1,0,0,0,1,0,0,0,1,0,0,0,0,7,0,12,0,0,0,0,0,0,0,63
688,0,0,0,0,0,0,0,0,8,7,0,0,0,0,0,1,0,0,0,3,0,0,4,0,0,0,1,0,0,0,0,1,0,1,0,0,0,0,1,0,0,0,0,0,9,1,0,0,0,0,0,0,0,0,0,0,0,0,0,0,16,0,0,0,0,0,0,0,0,0,1,0,0,0,0,0,2,0,0,0,0,0,0,8,2,0,0,0,0,0,0,1,0,0,0,0,0,0,2,9,0,0,0,0,0,0,1,0,0,0,0,2,0,0,2,0,0,0,0,0,0,0,0,0,0,0,0,1,0,0,0,2,0,0,0,0,0,33,1,0,6,0,1,0,0,0,0,1,0,0,1,0,0,0,0,0,0,0,0,0,0,0,0,0,8,3,0,0,0,0,0,0,0,0,0,0,0,0,0,0,0,0,0,0,0,0,0,0,0,0,0,0,0,4,1,8,1,0,1,0,0,0,0,2,3,0,0,0,0,1,0,2,0,0,0,0,0,0,0,0,0,0,1,0,0,0,0,0,5,0,1,0,0,0,0,0,0,0,0,0,0,1,0,3,0,5,10,0,5,1,0,0,0,0,0,0,0,0,0,0,0,0,1,0,0,0,0,0,4,0,0,3,0,0,0,0,0,0,0,0,0,1,0,0,0,1,0,0,0,0,0,0,0,0,0,0,0,0,0,0,0,0,0,4,0,0,0,0,0,0,14,0,0,0,0,0,0,0,0,0,0,1,0,0,0,0,0,0,0,12
689,0,0,2,0,0,0,0,0,0,0,0,0,0,0,0,0,0,7,0,0,0,0,0,0,0,0,0,0,0,0,0,0,0,0,0,0,9,84,0,0,1,3,0,0,2,0,3,0,0,0,0,0,0,0,0,4,1,0,0,1,1,0,5,0,0,0,0,0,7,4,5,0,0,1,0,0,1,0,4,0,0,0,0,0,0,0,0,0,0,0,0,5,0,0,0,0,3,0,2,5,0,0,0,0,0,1,0,0,4,0,0,0,0,7,0,0,0,0,0,0,0,0,0,0,0,0,0,0,0,0,0,8,0,0,0,0,0,0,5,0,0,8,0,0,0,0,0,0,0,0,0,0,0,0,0,0,0,0,0,0,2,0,0,0,0,1,0,0,0,0,0,0,0,0,0,3,0,6,0,0,0,0,0,0,0,0,0,0,0,0,0,0,0,0,0,2,1,0,0,0,0,0,0,1,0,0,0,0,0,0,0,0,0,0,1,0,0,0,0,1,0,2,10,12,2,0,0,0,0,0,0,0,0,0,0,0,0,4,0,0,0,4,0,16,0,7,1,4,2,0,0,0,0,5,0,0,0,0,8,0,0,0,0,0,3,0,0,0,0,0,0,0,0,0,5,2,0,0,24,0,0,0,0,0,0,0,7,0,0,0,1,1,0,0,0,0,0,0,0,0,0,0,0,4,0,3,0,0,0,0,59,1,0,0,0,0,0,0,1,0,0,1,0,0,0,0,0,0,0,4
690,0,0,0,0,0,0,0,2,0,0,0,0,0,0,0,0,0,4,0,6,0,2,0,0,0,0,0,1,0,0,0,0,5,4,0,0,4,54,0,0,0,0,0,0,0,1,0,0,0,0,0,0,0,0,7,0,0,0,0,3,1,0,0,0,0,0,1,0,2,4,8,0,0,0,1,0,0,0,0,0,0,0,0,0,0,0,0,0,1,0,1,2,0,0,0,0,0,8,3,1,0,0,0,0,0,0,0,0,0,0,0,0,0,1,7,0,0,0,0,0,0,0,0,0,1,0,0,0,0,2,0,11,1,0,0,0,0,0,0,0,1,0,0,0,0,0,0,0,2,0,0,0,0,0,0,0,12,0,0,0,2,0,5,0,0,0,0,0,0,0,0,0,0,0,0,1,0,0,0,0,0,0,0,11,0,0,0,0,1,0,0,9,0,0,0,0,1,0,0,0,0,0,0,0,0,0,0,0,1,0,0,0,0,0,2,0,0,0,0,0,8,0,0,0,0,0,3,0,0,1,7,0,0,0,0,0,1,0,0,0,0,4,0,0,0,121,7,4,0,0,0,0,0,3,0,0,4,0,0,1,0,0,0,1,3,0,0,0,0,0,0,0,0,0,0,0,0,0,0,0,0,0,0,1,0,0,0,0,0,0,0,0,0,0,0,0,0,0,0,0,0,0,0,6,0,0,0,0,0,0,0,0,11,4,1,0,0,0,0,0,0,7,0,0,0,0,2,3,0,42
691,0,0,0,0,0,1,0,0,0,0,0,0,0,0,1,0,0,0,0,10,1,0,0,2,0,0,0,0,0,0,0,21,0,0,0,0,0,34,0,0,0,0,0,0,0,0,8,0,0,34,0,7,0,0,14,0,0,0,0,4,2,0,0,0,0,0,3,0,5,0,0,0,0,0,0,0,0,0,2,0,0,0,0,0,0,0,4,0,0,0,3,1,0,0,0,0,0,0,0,0,0,0,0,0,0,0,0,0,0,0,0,2,0,1,0,0,0,0,0,0,5,0,0,0,0,0,0,0,0,0,0,0,1,0,0,0,0,0,0,0,0,0,0,0,0,0,0,0,0,1,9,0,1,0,0,0,0,2,0,2,3,0,27,0,3,0,0,0,0,5,1,0,0,7,0,1,1,0,0,1,0,0,2,0,0,0,0,0,0,0,0,0,0,0,0,2,0,4,0,0,0,0,0,0,0,0,0,0,0,0,0,0,0,6,3,0,0,0,0,0,0,0,0,0,1,0,0,0,0,0,10,0,0,0,11,0,0,0,0,0,0,0,0,1,6,47,40,4,12,0,0,0,6,0,0,0,0,0,2,0,0,0,1,1,5,0,0,0,1,0,0,0,0,1,3,0,0,0,0,0,0,0,4,0,0,0,0,0,0,0,0,0,0,0,0,0,2,0,0,0,1,5,0,16,0,0,0,0,0,0,1,0,18,0,2,0,0,0,0,5,0,0,0,0,0,0,0,0,0,93
692,0,0,0,0,0,1,12,0,0,0,0,0,0,0,0,0,32,0,0,1,1,0,0,0,0,1,0,0,2,0,0,12,6,1,0,0,25,64,0,0,0,0,0,0,2,0,0,0,0,0,0,1,0,1,9,0,0,0,0,1,1,0,0,0,1,1,0,0,4,0,0,0,0,0,0,0,0,5,0,0,0,0,0,1,0,0,0,0,0,0,2,12,0,0,1,0,0,0,5,0,0,0,0,0,0,0,0,0,0,0,0,0,0,5,0,0,0,0,0,0,0,0,0,0,0,0,2,0,0,0,0,13,0,0,0,0,0,1,0,0,0,0,0,0,0,0,0,0,0,0,0,0,0,0,0,0,1,3,0,2,0,0,1,0,0,0,1,0,0,0,0,1,0,0,0,7,0,0,0,2,31,0,0,0,0,0,0,0,0,0,0,0,0,0,0,0,0,0,0,0,2,0,0,2,0,0,0,0,1,0,0,0,0,0,3,0,0,0,0,0,0,1,0,0,2,0,0,0,0,0,0,0,1,0,0,0,0,0,1,0,3,2,0,38,0,2,0,0,0,0,0,0,0,0,0,1,0,0,0,0,0,0,0,3,0,0,0,0,0,0,0,0,0,0,5,0,0,0,0,0,0,0,1,0,0,0,0,0,0,0,0,0,0,0,0,0,2,0,0,0,0,0,0,2,0,0,0,0,0,0,85,2,0,0,2,0,0,0,0,0,0,0,0,0,0,0,0,0,0,4
693,0,0,0,0,0,2,0,0,0,0,2,0,2,0,0,0,12,0,0,1,0,0,0,0,0,0,0,0,0,0,0,21,0,0,6,2,0,0,0,0,0,0,0,0,0,0,0,0,11,5,0,0,0,0,4,0,1,2,0,0,1,0,3,0,0,2,0,0,6,7,0,0,0,0,0,0,0,0,0,0,0,0,0,0,0,0,0,0,0,0,0,3,0,0,0,0,1,0,0,0,18,0,0,0,0,0,0,0,0,0,0,0,0,4,8,5,0,0,0,0,3,0,0,0,0,2,0,0,0,1,0,12,0,2,0,0,0,0,0,0,0,0,0,2,1,0,0,0,0,0,0,0,0,0,0,0,0,3,0,1,2,0,2,0,0,1,0,0,0,1,0,0,0,2,1,0,0,0,0,1,0,0,0,1,0,0,0,0,0,0,0,0,0,0,0,0,0,0,0,0,0,0,0,2,0,0,5,0,0,1,0,0,0,0,6,0,0,0,0,1,0,0,0,0,5,0,0,0,0,0,0,0,0,0,0,0,0,0,0,0,5,2,0,7,0,4,2,0,6,0,0,0,0,0,0,0,0,0,6,0,0,0,0,0,8,0,0,6,0,10,0,2,0,0,1,0,0,0,0,0,0,0,0,0,0,0,2,2,0,1,0,2,0,0,0,0,0,0,0,0,0,0,0,9,0,0,0,0,0,0,13,6,0,0,4,2,1,0,0,2,0,0,0,0,0,0,0,0,0,6
694,0,0,0,0,0,1,1,0,0,23,0,0,0,0,1,0,0,0,0,5,0,0,0,0,0,0,0,0,0,0,0,0,0,0,0,0,0,0,0,9,0,6,0,0,0,0,0,0,2,0,0,0,0,0,4,0,0,0,0,0,1,0,2,0,0,2,2,1,12,0,0,1,0,0,0,0,0,0,0,0,0,0,0,0,0,0,4,0,0,0,0,1,0,0,0,0,0,0,0,0,2,0,0,0,0,0,0,0,0,0,0,0,0,1,0,0,0,0,0,0,0,0,0,0,0,0,0,2,0,0,0,11,0,0,0,0,0,0,0,0,0,0,0,1,0,0,1,0,0,0,0,0,4,0,0,0,0,0,0,0,4,0,1,0,0,1,0,0,0,1,0,0,0,0,0,0,0,0,0,1,0,0,0,29,0,0,0,0,0,0,0,0,0,0,0,3,0,0,0,0,0,0,0,0,0,0,0,0,0,0,10,0,0,0,1,0,0,0,0,0,0,0,0,0,0,0,0,0,0,0,0,0,1,0,0,0,0,0,0,0,0,0,3,1,0,9,0,0,0,0,0,0,1,0,0,0,0,0,0,0,0,0,1,0,33,0,0,0,0,0,0,0,0,5,0,0,0,0,0,0,0,0,0,0,0,0,0,0,1,1,0,0,0,0,0,0,0,0,0,0,0,0,0,17,2,0,0,0,0,0,1,0,0,0,0,0,2,0,0,3,0,0,0,0,0,0,0,0,0,82
695,0,0,0,0,0,2,10,0,0,3,3,0,1,0,0,0,0,0,0,1,4,0,0,1,0,0,0,0,0,0,0,12,0,0,0,2,5,0,0,3,1,3,0,0,0,1,0,1,0,0,0,0,0,0,19,0,0,0,1,0,0,0,0,0,0,0,0,0,17,0,0,0,0,0,0,0,0,0,0,0,1,0,0,0,0,0,0,0,2,0,0,2,0,0,0,0,0,0,0,4,3,0,1,0,0,0,1,0,0,16,0,0,0,5,0,0,0,0,8,0,3,0,0,0,0,0,0,0,0,0,0,0,0,2,0,0,0,1,0,0,0,0,0,0,0,0,0,0,0,0,0,0,0,0,3,0,0,0,0,1,6,0,6,0,0,1,0,0,0,0,0,0,0,0,0,16,0,0,0,0,0,0,0,1,0,5,0,0,0,0,0,0,0,8,0,0,0,0,0,0,0,0,0,0,0,0,0,0,0,0,0,0,1,0,14,3,0,0,0,0,0,0,9,0,0,1,0,0,2,0,0,0,1,0,0,0,1,0,0,0,0,0,0,21,0,3,0,4,0,0,0,0,0,21,0,0,0,0,0,0,2,0,0,0,0,0,0,0,0,0,0,0,0,0,0,0,10,3,15,0,0,5,0,0,0,0,0,0,0,0,1,1,0,0,0,27,0,0,0,0,0,0,0,7,0,0,0,43,0,0,0,1,12,0,8,0,0,0,0,0,0,0,0,0,0,0,0,0,0,0
696,0,0,0,0,1,1,10,0,0,0,0,0,0,0,0,0,0,0,0,1,0,0,0,0,0,0,3,0,6,0,0,0,7,0,0,0,0,0,0,2,0,0,0,0,0,1,1,0,0,0,0,0,1,0,0,0,0,0,0,0,2,0,0,0,0,0,0,0,25,0,1,0,2,0,0,2,0,2,0,1,0,0,0,1,0,0,0,0,0,0,0,5,0,0,0,0,0,0,8,0,0,0,0,0,0,1,0,0,0,0,0,0,0,1,0,0,0,0,0,0,0,0,3,0,0,0,0,0,0,0,0,0,0,1,0,0,0,0,0,6,0,0,0,0,0,1,0,0,0,0,0,0,0,1,8,0,2,0,0,0,0,0,1,0,0,1,0,0,0,0,2,0,1,0,0,0,0,0,1,0,16,0,0,0,0,0,0,1,0,0,0,0,1,0,0,1,0,0,2,0,0,0,0,0,0,0,0,1,0,0,0,0,0,0,27,2,0,0,0,0,0,0,4,0,0,0,0,0,0,4,0,0,0,1,2,0,0,0,0,0,2,0,0,24,0,6,0,0,0,0,0,0,0,3,0,0,0,0,0,0,2,0,0,1,0,0,0,0,0,63,0,0,0,0,7,0,5,5,0,0,1,5,0,0,0,0,0,0,0,0,0,0,0,0,2,0,0,0,0,0,0,0,0,21,0,0,0,0,0,0,12,3,0,0,3,0,0,0,0,0,0,1,0,0,1,0,0,0,0,8
697,0,0,0,0,3,2,0,0,3,14,0,0,0,1,0,0,0,0,0,0,0,2,0,0,0,0,17,0,0,0,0,0,1,11,0,0,3,0,0,0,0,5,1,0,0,0,0,0,1,0,0,0,0,0,0,0,0,0,3,0,0,0,0,0,1,3,1,0,2,0,0,0,0,0,0,0,0,0,1,0,0,0,0,0,0,0,0,0,0,0,5,0,3,0,0,0,0,0,34,1,3,0,1,0,0,0,5,0,0,0,0,0,0,1,0,0,0,0,0,0,6,0,0,0,0,0,0,0,0,0,0,43,0,0,0,0,0,0,0,1,0,0,19,0,0,0,0,0,0,0,0,0,0,0,2,0,0,2,0,0,0,0,6,0,0,0,0,0,0,13,0,0,0,0,0,1,0,0,0,0,0,0,0,7,0,0,0,0,0,0,0,0,0,0,0,3,0,0,0,0,0,0,0,9,0,0,1,0,0,1,0,0,0,0,3,0,0,0,0,0,0,0,2,0,0,0,0,0,0,2,0,0,0,0,5,0,0,0,0,0,0,4,0,1,0,46,0,0,0,0,0,0,0,2,1,0,8,0,0,0,0,0,0,0,0,0,0,6,1,0,0,1,0,0,6,0,0,0,0,0,0,0,0,1,0,0,0,0,0,5,0,0,0,0,0,0,0,0,2,0,0,0,0,6,0,0,0,0,0,0,2,0,0,0,0,0,0,0,0,0,2,8,0,7,0,0,0,12,1,15
698,0,0,0,11,0,3,0,1,0,0,0,0,0,1,0,0,0,0,0,11,0,0,0,1,0,0,0,0,0,0,0,0,1,25,0,0,0,0,0,7,0,0,0,0,0,0,0,0,0,0,0,0,0,0,0,0,0,0,0,0,1,0,8,0,0,0,0,0,4,0,0,1,0,0,0,0,0,0,0,0,0,0,0,2,1,0,0,0,0,0,6,0,0,0,0,0,0,0,0,0,0,0,0,0,0,0,0,0,0,0,0,0,0,0,0,0,0,0,0,0,2,4,0,0,0,0,0,0,0,0,0,6,0,0,0,0,0,1,0,1,0,0,0,0,0,0,0,0,0,0,0,0,5,0,0,1,0,2,0,0,0,0,16,0,0,1,0,1,0,16,0,0,0,0,0,0,0,0,0,0,1,0,0,0,0,0,0,0,1,0,0,0,0,0,0,4,0,0,0,0,0,0,1,0,0,1,0,0,0,1,0,0,0,0,2,0,0,0,0,0,0,0,0,0,0,0,3,0,0,1,0,0,0,0,7,0,0,0,0,0,0,4,0,1,0,55,0,0,13,0,0,0,0,7,0,9,0,0,0,0,0,0,0,0,0,0,0,7,0,0,0,0,0,4,3,0,0,0,0,2,0,0,0,0,0,0,0,0,0,0,0,0,0,0,4,0,0,0,0,0,0,0,0,8,0,0,4,0,0,0,1,1,16,0,0,0,1,0,0,0,0,0,0,0,0,0,2,0,1,68
699,0,0,0,0,0,0,0,0,0,0,0,0,1,0,0,0,7,3,0,0,0,0,0,6,0,0,0,1,0,8,0,0,0,0,0,0,0,0,0,0,0,0,0,0,11,0,0,0,0,0,0,0,2,1,5,0,2,3,0,0,10,0,0,0,2,0,10,0,0,0,0,0,1,0,0,0,0,0,0,1,0,0,0,0,0,0,2,0,2,0,0,1,0,0,0,0,0,0,0,4,4,1,0,0,0,0,0,0,0,0,0,0,0,8,0,0,0,0,0,0,0,0,0,0,0,0,0,0,1,0,0,3,0,0,0,0,0,0,0,0,0,0,0,0,1,0,0,0,0,0,0,0,0,0,0,0,0,0,0,0,0,0,0,0,0,3,1,1,0,0,2,0,0,0,2,3,0,0,3,6,0,0,0,3,0,0,1,0,0,0,0,0,0,5,2,19,0,0,0,4,0,0,0,1,13,0,0,0,0,0,4,0,0,0,1,0,0,0,0,0,0,0,0,0,0,0,0,0,1,0,0,0,18,0,0,0,0,0,0,0,0,0,6,4,1,0,10,0,6,2,0,0,0,1,0,0,0,0,0,0,0,0,2,0,0,0,0,3,0,0,0,0,0,0,3,0,0,0,0,0,0,0,0,0,0,1,0,0,0,0,1,0,0,0,0,0,1,0,0,0,0,0,0,0,0,0,0,8,0,3,0,0,0,0,9,0,0,0,0,0,0,1,0,0,0,0,0,0,0,10
700,0,0,0,0,0,0,0,0,0,4,0,2,0,0,0,0,0,2,8,1,0,0,0,0,3,0,0,0,0,0,0,0,0,0,0,2,0,2,0,0,1,0,0,0,0,2,0,0,0,0,0,0,0,0,0,0,0,0,0,0,0,0,1,0,0,0,1,0,0,0,0,1,0,0,0,0,0,0,2,1,0,0,0,0,0,1,0,0,0,0,0,0,0,2,0,0,0,0,3,50,1,0,0,0,0,0,0,0,0,0,0,0,0,3,0,0,0,1,0,0,0,1,0,0,0,0,16,0,0,0,0,0,0,0,1,0,8,0,0,0,0,0,0,0,0,0,0,0,0,0,0,0,0,0,0,0,0,0,0,0,1,0,1,0,0,1,0,0,0,0,0,11,0,0,0,0,0,0,0,2,0,0,0,0,15,0,0,0,0,0,0,0,0,0,0,0,0,0,0,0,0,0,0,0,0,0,0,0,0,0,0,0,0,0,6,0,0,0,0,0,0,0,0,0,1,0,0,0,0,0,0,0,0,3,2,0,0,0,0,0,0,0,6,14,0,1,14,0,3,1,0,0,0,0,0,0,0,0,0,0,5,0,0,0,0,0,0,0,0,7,0,4,0,0,5,0,0,3,0,2,0,0,0,0,0,0,0,0,0,0,0,0,0,0,0,23,1,0,0,6,0,0,0,7,0,0,0,0,0,1,28,1,2,0,6,0,0,0,0,0,0,0,0,0,0,0,0,0,0,25
701,1,0,0,0,0,0,1,0,0,2,0,0,0,0,0,0,0,0,0,1,0,0,0,9,0,0,0,0,1,0,0,0,0,0,1,0,0,0,0,0,0,0,0,0,3,1,0,2,0,0,0,0,1,0,0,0,0,0,0,0,29,0,0,0,0,0,3,0,0,2,0,0,0,0,0,0,0,1,0,1,0,0,0,0,0,0,2,0,0,1,0,0,1,0,0,0,0,0,0,11,2,0,0,1,0,0,0,0,0,0,0,0,0,5,0,2,0,0,0,0,0,0,0,0,0,0,0,0,0,0,0,0,0,0,0,1,0,0,0,0,0,3,1,0,0,5,0,0,0,0,0,0,0,0,0,2,0,0,0,0,0,0,0,0,0,0,0,0,0,1,0,0,0,0,0,2,0,0,10,2,1,2,0,0,0,0,0,0,0,0,0,0,0,0,0,0,0,0,0,0,0,0,0,2,0,0,0,0,0,1,7,0,0,0,2,0,0,4,0,0,0,0,1,0,0,2,1,0,0,0,0,0,0,0,0,0,3,0,0,0,0,0,8,10,0,2,0,0,4,0,0,1,0,0,0,0,0,0,0,0,1,0,0,0,1,0,0,0,1,0,7,0,0,0,2,0,1,0,0,0,0,0,0,0,0,0,0,0,0,10,0,0,0,0,0,0,1,0,0,0,0,0,0,2,0,0,0,6,0,0,10,1,0,0,16,1,0,0,0,0,0,0,0,2,0,0,0,0,0,22
702,0,0,17,0,0,0,2,0,0,8,1,0,0,0,0,0,0,0,0,5,2,0,0,0,0,0,0,0,0,0,0,0,0,0,0,0,4,0,0,0,0,0,0,0,0,0,0,0,0,0,0,0,0,0,0,0,2,0,0,2,2,0,0,0,0,2,0,2,7,0,8,0,0,0,0,0,0,0,2,0,0,0,0,0,0,1,0,0,0,0,0,3,1,0,0,0,0,0,12,0,0,0,0,0,0,0,0,0,0,1,0,2,0,3,0,0,0,0,0,0,0,0,0,5,0,0,0,0,0,0,0,19,1,0,0,0,0,0,0,0,0,0,0,0,0,0,0,0,0,0,0,0,0,0,0,0,0,0,0,0,0,0,1,0,23,0,0,0,0,0,0,0,0,0,0,0,0,2,0,0,0,0,0,0,0,0,0,0,0,0,0,0,0,0,0,0,0,0,0,0,0,0,0,0,0,0,0,0,0,0,0,0,1,0,7,0,2,23,0,0,0,0,0,0,0,0,0,0,0,2,2,1,0,0,5,0,0,0,0,0,0,5,1,0,0,12,15,0,0,7,0,2,2,3,0,0,2,0,0,0,0,0,0,0,0,0,0,0,2,0,0,0,0,2,6,0,0,0,0,0,0,0,0,0,0,0,0,0,1,0,0,0,0,0,3,0,0,0,2,2,0,0,0,19,0,0,0,0,0,0,1,0,0,1,0,0,1,0,0,0,1,3,0,0,0,0,0,5,0,38
703,0,0,0,0,0,0,0,0,0,0,0,0,0,0,1,0,0,0,0,8,0,0,0,0,0,0,0,0,0,0,0,21,0,7,0,0,3,18,0,0,0,0,0,1,0,0,0,0,0,7,0,0,0,0,5,0,1,0,0,0,1,0,0,0,0,2,0,0,8,0,0,1,0,0,0,0,0,0,0,0,0,0,0,0,0,0,0,0,0,0,0,1,0,0,0,0,0,0,0,0,0,0,0,0,0,0,0,0,0,0,0,0,0,0,0,2,0,0,0,0,0,0,0,11,0,0,0,0,0,0,3,0,0,0,0,0,0,0,1,1,0,0,0,0,0,0,0,0,0,0,0,0,0,0,0,0,0,0,0,0,3,0,6,0,0,0,0,0,0,5,3,0,0,0,0,1,0,0,0,0,0,0,2,10,0,0,0,0,0,0,0,0,0,0,0,2,1,0,0,0,0,0,0,7,0,0,0,0,0,0,0,0,0,0,3,0,0,0,0,0,5,0,0,0,1,0,0,0,0,0,10,0,2,0,0,0,0,0,0,0,0,0,0,0,4,18,9,0,0,0,1,0,0,0,0,0,0,0,0,0,0,0,0,0,11,0,0,0,4,0,0,1,0,0,4,0,0,0,0,0,0,0,17,0,0,0,0,0,0,0,0,0,0,0,0,0,0,0,4,0,0,0,0,6,0,0,12,0,0,0,0,2,0,0,0,1,0,0,0,0,1,0,0,0,13,0,0,0,0,38
704,0,0,0,0,0,0,0,9,0,0,0,0,0,0,0,0,0,0,5,4,0,10,2,0,0,0,0,0,0,0,0,0,0,2,0,2,0,0,0,0,0,0,0,0,0,0,0,0,0,0,0,0,0,2,0,0,0,0,0,0,3,0,0,0,0,1,0,0,4,0,0,0,0,0,0,0,0,0,3,0,0,4,0,7,0,0,0,0,0,0,0,0,0,0,0,1,1,0,0,4,0,0,0,2,0,0,0,0,0,0,0,0,0,0,0,0,0,0,0,0,0,0,0,0,0,0,0,1,0,0,0,0,0,0,0,0,0,32,0,0,0,0,0,0,0,0,0,4,0,0,0,0,0,0,0,0,0,0,0,0,0,0,0,0,0,1,0,0,0,0,0,0,0,1,1,1,0,0,4,2,1,1,0,0,3,1,0,4,0,0,0,0,0,0,0,3,0,0,0,11,0,0,0,0,0,0,0,0,0,0,0,0,2,0,1,1,0,0,0,0,0,0,0,0,0,11,0,1,0,0,1,0,0,2,0,1,5,0,0,0,0,0,6,26,0,2,0,0,0,0,0,3,0,0,0,0,0,0,0,0,0,0,1,0,0,2,0,6,6,0,7,0,0,1,7,0,0,0,0,0,8,0,0,0,0,0,0,0,0,9,0,0,0,0,0,0,0,0,0,0,0,0,0,3,0,0,0,6,0,0,20,0,0,6,3,6,0,0,0,0,0,0,0,0,0,0,0,1,0,9
705,0,0,0,0,0,1,1,2,0,0,0,0,0,0,0,0,0,0,0,3,0,0,0,0,0,0,17,0,0,0,0,0,1,13,0,0,21,0,0,0,0,0,0,0,0,1,0,0,0,0,0,0,0,0,0,0,1,0,0,0,0,0,0,0,0,0,0,0,3,0,0,0,0,0,0,0,2,0,0,0,0,0,0,0,0,0,0,0,0,0,0,1,0,0,0,0,0,0,2,0,0,0,0,0,0,0,0,0,0,0,0,0,0,0,0,0,0,0,0,0,0,0,0,5,0,0,0,0,0,0,0,37,0,0,1,0,0,0,0,0,0,0,0,1,3,0,0,0,0,0,0,0,0,0,0,0,0,0,0,0,0,0,7,0,0,1,0,0,0,2,1,1,0,0,1,1,1,0,0,0,0,0,0,0,0,0,0,29,0,0,0,0,0,7,0,3,0,0,0,0,0,0,0,0,0,0,0,0,0,1,0,0,0,5,1,0,0,0,0,0,0,0,0,0,1,0,3,0,0,1,2,0,0,0,0,0,0,0,0,0,0,17,0,2,0,49,22,0,22,0,0,0,3,13,0,17,0,0,0,0,7,0,0,0,0,5,0,0,0,0,1,2,1,6,0,0,0,0,0,3,0,0,0,0,0,0,0,0,0,0,0,0,0,0,0,0,0,0,0,0,0,0,0,5,0,0,0,0,0,0,1,0,0,2,0,0,0,0,0,0,0,0,0,0,8,0,0,0,0,51
706,1,0,0,0,0,3,0,0,0,0,0,0,0,0,0,0,0,0,0,0,0,0,0,0,0,0,0,0,2,0,0,0,0,0,0,1,0,43,5,2,0,0,0,0,0,0,0,0,0,0,1,0,0,0,0,0,0,7,8,3,4,0,0,0,0,5,2,0,5,1,0,0,0,0,0,0,0,0,0,0,0,0,0,0,0,0,0,0,0,0,0,0,0,0,0,1,0,0,13,0,0,0,0,0,0,0,8,0,0,0,5,0,0,1,3,2,0,0,0,0,0,1,0,0,0,0,0,0,0,0,0,10,0,0,0,0,0,3,0,0,0,0,28,0,0,0,0,1,0,0,5,0,7,0,0,0,0,7,0,1,0,0,3,0,0,3,10,0,0,25,0,0,0,0,1,0,0,0,0,1,0,0,0,0,0,0,0,0,0,0,0,0,0,2,0,3,1,0,0,1,0,0,0,0,0,1,0,0,0,0,0,0,0,0,3,0,0,0,0,0,0,3,2,1,0,0,0,9,0,0,11,0,0,0,0,0,1,0,0,0,0,0,1,0,0,26,0,0,0,0,1,0,0,0,0,0,0,0,0,0,0,0,0,1,7,14,0,0,0,2,0,3,0,5,2,0,0,0,0,0,0,0,0,0,0,0,3,0,0,0,0,2,1,0,0,0,0,0,0,2,1,0,0,9,0,0,0,0,0,0,3,0,0,0,0,0,1,0,1,0,0,0,0,0,0,0,0,0,1,9
707,0,0,0,0,4,0,0,0,0,0,0,0,0,0,0,0,0,0,0,2,0,6,3,0,6,0,0,4,0,0,0,0,4,1,1,2,0,0,0,0,0,0,3,0,0,0,0,0,0,0,0,1,0,0,0,0,0,0,0,0,0,0,0,0,0,0,0,1,4,3,3,1,0,0,0,0,0,0,0,0,0,0,0,0,0,0,14,0,0,0,0,0,0,2,0,0,0,0,0,0,1,0,0,0,0,0,0,0,0,0,0,0,0,7,1,0,0,0,19,0,8,0,0,0,0,0,0,0,0,0,0,7,0,0,0,0,0,0,0,0,0,0,0,0,0,18,0,0,0,0,2,0,0,0,0,0,0,0,0,0,0,0,0,0,0,0,1,1,0,0,0,0,0,0,0,0,0,0,5,6,0,0,0,0,1,0,0,0,0,0,0,0,0,6,0,0,0,0,0,4,0,0,0,2,0,0,1,0,0,0,0,0,0,16,1,0,0,0,0,0,1,0,0,0,0,9,0,0,0,1,0,0,0,0,0,0,3,0,0,0,0,1,0,16,0,6,25,1,4,0,0,0,0,2,1,0,0,0,0,0,0,0,1,0,0,0,0,0,0,0,0,0,3,1,7,0,0,0,0,0,0,2,100,0,0,0,0,0,0,0,0,0,0,0,0,0,0,0,0,0,0,3,0,4,0,0,0,0,0,3,0,0,0,0,2,0,0,0,0,0,0,0,0,0,0,16,0,0,0,34
708,0,0,0,0,0,0,8,0,0,9,1,0,0,0,0,0,0,0,0,1,0,2,0,0,0,0,0,0,0,0,0,0,2,0,2,2,7,0,0,0,0,2,0,0,0,0,11,5,0,0,0,1,0,3,0,0,0,0,0,0,1,0,0,0,0,0,0,0,3,0,0,0,2,0,0,3,0,0,0,0,0,0,0,0,0,0,5,2,0,0,0,4,0,0,0,0,0,0,0,0,0,0,0,0,0,0,0,0,0,0,0,0,0,0,0,0,0,0,0,0,0,0,0,0,0,0,0,0,0,0,0,6,0,1,0,0,0,1,0,0,2,5,0,1,0,0,0,0,0,0,0,0,0,0,0,3,0,0,0,0,1,0,2,0,1,1,0,0,0,0,0,0,0,0,0,0,0,0,0,0,0,5,0,0,0,0,0,0,0,0,3,0,0,0,0,0,2,0,0,1,0,0,0,1,0,0,0,0,0,0,0,0,0,0,12,0,0,2,0,0,0,0,0,4,1,3,0,0,0,3,0,0,0,0,0,0,0,0,0,0,0,2,0,19,0,4,0,2,1,0,0,0,1,10,0,0,0,0,0,0,0,0,0,1,0,0,0,0,0,0,0,0,0,0,0,0,11,2,0,0,1,0,0,0,0,0,4,0,0,0,0,2,18,0,4,0,0,0,0,0,0,0,0,0,0,0,0,20,0,0,13,1,0,0,1,0,0,0,1,0,0,0,0,0,0,0,4,0,0,1
709,0,0,1,0,0,0,0,0,0,12,0,0,1,0,0,0,0,0,0,0,1,0,0,1,0,0,1,0,0,1,0,0,0,0,0,1,0,0,0,0,0,0,0,0,0,1,0,0,11,0,0,0,0,0,4,4,0,0,0,0,1,0,0,0,0,0,0,0,7,0,0,0,0,0,0,0,0,0,3,0,0,0,0,0,0,0,0,4,0,0,0,3,1,0,0,0,0,0,0,0,4,0,1,0,0,0,0,0,0,0,0,0,5,4,0,0,0,0,0,0,0,0,0,0,0,0,0,0,0,0,0,0,0,0,0,0,0,0,0,0,0,0,0,0,0,0,0,0,0,0,0,0,0,0,0,0,2,0,0,1,2,0,13,0,0,0,0,0,0,0,0,0,0,0,0,40,0,0,0,0,34,0,0,0,33,0,0,1,0,0,3,0,0,0,0,2,0,0,0,0,0,1,0,0,0,0,0,0,0,0,0,0,0,0,3,1,0,7,0,0,0,0,17,3,1,3,5,1,0,0,0,0,7,0,0,0,2,0,3,3,8,0,0,9,0,7,0,1,1,0,0,0,0,2,0,0,0,0,0,0,0,0,0,0,8,0,0,8,0,0,0,0,0,0,5,0,0,1,0,0,0,20,0,1,0,0,0,0,1,0,0,0,0,1,0,0,0,0,0,0,0,0,0,0,0,0,0,0,0,0,7,3,0,0,2,0,0,0,0,0,0,0,0,0,0,0,0,0,0,1
710,0,0,1,0,0,2,0,0,0,0,5,0,0,0,0,0,0,0,0,2,1,0,0,0,0,0,0,0,0,0,0,0,3,0,0,0,0,0,0,0,0,0,0,0,0,0,0,0,0,6,0,1,0,0,15,0,0,0,0,0,0,0,1,0,0,0,0,0,0,0,0,0,0,0,0,0,0,0,0,0,0,0,0,0,0,0,5,2,0,0,1,0,0,0,0,0,0,1,1,0,17,0,0,0,0,0,0,0,0,0,0,0,0,16,0,0,0,0,0,0,0,0,0,0,0,0,2,0,0,0,0,0,0,0,4,0,0,0,0,0,0,0,0,0,0,0,0,0,0,0,0,0,0,3,0,0,0,0,0,0,0,0,3,0,2,0,0,0,0,0,0,0,0,8,0,0,0,0,0,3,0,0,0,1,0,8,0,2,0,1,0,0,0,0,0,1,1,0,0,2,0,0,0,0,0,0,0,0,0,0,0,0,0,0,9,0,0,0,0,0,7,0,0,0,2,2,0,0,0,6,0,0,0,0,0,0,5,0,2,1,0,3,0,15,0,2,1,0,1,0,0,0,1,15,40,0,0,2,4,0,0,0,1,0,0,0,0,0,0,0,0,0,0,0,0,0,0,0,0,1,3,0,0,0,0,0,0,0,0,0,0,0,0,0,0,0,0,0,0,0,0,0,0,1,0,0,0,0,0,0,21,0,0,0,2,0,0,0,0,0,0,3,0,0,0,0,2,0,0,6
711,0,1,0,0,0,0,0,0,0,0,0,0,0,0,1,0,0,2,18,0,0,0,0,0,3,0,0,0,0,12,0,0,1,3,0,0,0,0,0,0,1,0,0,2,15,1,0,0,0,0,0,0,0,0,20,0,0,0,0,0,15,0,0,0,0,0,0,2,9,0,0,0,0,0,0,0,0,1,0,0,0,1,0,0,3,0,0,0,0,0,0,1,2,0,0,1,0,0,1,5,0,0,0,0,0,1,0,0,1,0,2,0,0,23,0,0,0,0,7,0,10,0,0,0,0,0,0,0,0,7,0,1,0,0,0,0,0,0,0,0,0,0,0,0,0,0,0,0,0,0,0,0,0,0,0,4,1,0,0,0,0,0,0,0,0,1,0,0,0,0,0,0,0,0,4,1,0,0,1,9,0,0,0,0,0,0,0,0,0,0,0,0,0,0,0,13,0,0,2,11,0,0,0,1,0,0,0,0,0,1,3,0,0,0,1,0,0,0,0,0,0,0,0,0,0,0,0,0,0,0,1,0,0,3,0,0,4,1,0,0,0,1,0,6,0,2,8,0,10,0,0,0,0,0,0,1,0,0,0,0,0,30,0,0,0,0,0,0,0,0,0,5,0,1,2,0,0,0,1,0,0,2,0,0,0,0,1,0,1,0,0,0,0,0,4,0,0,0,0,2,0,0,0,4,0,0,0,0,0,0,23,1,0,0,0,0,0,0,0,0,0,0,0,0,0,16,0,0,0,63
712,0,0,0,12,0,0,0,0,0,0,1,0,0,2,0,0,0,0,0,9,0,0,0,0,0,0,0,0,2,0,0,0,0,0,0,1,3,0,0,0,0,0,0,0,0,0,0,0,0,18,0,5,0,0,4,0,0,4,0,2,2,1,0,2,0,8,0,0,4,0,0,1,0,0,1,0,0,0,0,0,0,0,0,0,0,0,0,0,0,0,0,2,0,0,0,1,0,0,0,1,0,0,1,0,0,0,0,0,0,0,0,1,0,2,0,0,2,0,0,0,0,0,1,3,1,0,0,0,0,0,2,0,0,0,1,0,2,0,0,0,0,0,0,0,0,0,0,0,0,0,4,0,9,0,2,1,3,0,0,0,0,0,6,0,0,0,0,0,1,6,0,8,0,0,1,0,0,0,1,0,0,1,0,0,0,0,0,0,1,0,0,4,1,0,0,2,0,0,0,0,0,0,0,0,0,0,0,0,0,0,0,0,0,0,2,1,0,0,0,0,4,0,0,1,2,0,0,0,0,0,1,0,2,0,0,0,0,0,0,0,0,0,0,0,0,17,68,0,5,0,0,0,0,3,0,0,0,0,0,0,0,0,1,1,31,0,0,14,3,4,0,0,0,0,2,0,0,0,0,0,0,0,0,0,0,0,0,0,0,0,0,0,3,0,0,0,2,0,0,2,0,0,1,3,0,0,5,0,0,0,0,1,20,0,0,0,0,0,1,5,0,0,0,0,0,0,0,0,0,38
713,0,0,0,0,0,0,0,16,0,17,0,0,0,0,0,1,6,0,3,0,0,0,0,4,0,0,0,0,0,0,0,0,0,0,0,0,0,0,0,0,0,0,0,0,0,3,1,0,0,0,0,0,0,0,0,3,0,9,0,0,12,0,0,0,0,1,3,0,7,0,0,0,0,0,0,0,0,0,0,2,0,0,0,0,0,0,0,0,0,0,0,0,0,0,0,0,0,0,1,0,3,0,0,3,3,0,0,0,0,0,0,0,0,0,1,0,0,1,0,0,0,0,0,0,0,0,0,0,0,0,0,0,0,0,1,0,4,0,0,0,0,0,0,0,0,0,0,3,0,0,3,0,0,0,0,0,0,0,0,0,1,0,0,0,0,0,0,0,3,0,0,5,0,0,2,0,0,1,4,2,0,0,0,0,0,0,0,0,0,0,0,0,0,0,0,7,0,0,0,0,0,0,0,0,3,0,0,0,0,0,0,0,0,0,2,0,0,0,0,5,0,2,0,0,0,1,0,0,0,0,0,0,5,0,0,0,17,0,0,0,0,0,0,24,0,4,12,0,5,0,0,0,0,1,0,0,1,0,0,0,0,0,1,0,0,0,0,0,6,0,0,0,0,0,2,0,0,0,0,0,0,0,0,1,0,0,0,2,0,0,0,0,7,0,0,0,0,0,0,0,0,0,0,1,0,0,0,0,0,0,0,2,0,0,8,1,12,0,0,0,0,1,0,1,0,0,0,0,0,10
714,0,0,0,0,0,0,0,0,0,4,0,0,0,0,0,0,0,0,0,0,0,0,0,0,0,0,0,0,0,0,0,0,2,0,0,0,0,0,0,0,0,0,0,2,0,0,0,0,0,0,0,0,0,0,0,0,0,0,0,0,1,0,0,0,0,0,0,0,6,0,0,0,0,0,0,0,0,0,0,0,0,0,0,4,0,0,0,0,0,0,0,0,2,0,0,0,0,0,1,4,0,0,0,0,0,1,0,1,0,0,0,0,4,5,0,0,0,0,0,0,2,0,0,0,0,0,2,0,0,0,0,16,0,0,7,0,0,0,11,0,0,0,0,0,0,2,0,0,0,0,0,6,0,1,0,0,4,0,0,0,0,0,3,0,0,1,0,0,0,1,0,0,0,6,0,11,0,0,0,1,0,5,0,0,10,0,0,0,0,2,0,0,0,6,0,1,0,0,0,1,0,0,0,0,0,0,0,0,0,0,0,0,0,7,13,3,0,0,0,0,0,0,0,0,2,2,3,0,0,0,0,0,0,0,0,0,3,0,0,0,0,5,0,15,0,2,0,0,4,0,0,0,0,4,91,0,0,1,0,0,0,0,0,0,0,0,0,0,0,0,0,0,0,0,3,0,14,0,0,0,2,0,0,0,0,0,3,5,1,0,4,0,7,0,0,0,0,0,0,0,0,0,0,4,0,0,0,0,0,0,54,3,0,0,0,0,0,0,1,0,0,0,0,0,0,0,0,0,0,9
715,0,0,12,0,0,0,0,0,0,0,0,0,0,0,0,3,0,1,0,9,0,0,0,2,0,0,20,0,0,0,0,0,0,0,23,0,0,0,0,0,0,0,0,1,0,0,0,2,0,0,0,0,0,0,0,0,1,0,0,0,2,0,0,0,0,5,4,0,0,0,0,0,0,8,0,0,0,1,0,0,0,0,0,0,0,0,0,0,0,0,0,1,2,0,0,0,0,0,0,0,0,4,0,0,0,0,0,0,0,0,2,0,0,0,0,2,0,0,0,0,10,0,0,0,0,0,0,0,0,0,2,0,0,0,0,0,1,0,0,2,0,0,36,1,0,0,0,0,0,0,0,0,8,0,0,2,0,0,0,0,1,0,4,0,0,1,0,0,0,12,1,0,0,0,1,1,0,0,0,0,0,0,0,0,0,0,0,0,0,0,0,0,0,0,0,2,0,0,0,0,0,0,0,0,0,0,0,0,0,0,0,0,0,0,2,1,0,0,0,11,0,0,0,0,0,1,0,0,0,1,4,0,2,0,6,1,0,0,0,0,0,0,1,2,2,10,40,0,15,0,0,0,0,7,2,0,0,0,0,0,0,0,1,0,2,0,0,0,0,0,0,0,1,2,1,0,0,0,0,0,0,1,0,0,0,0,0,0,0,0,0,0,0,0,0,0,0,0,0,0,0,0,0,9,0,0,0,0,0,0,1,0,0,0,1,0,0,0,5,0,0,0,0,3,0,0,0,0,0,8
716,0,0,0,0,1,2,0,0,0,10,0,0,0,0,0,0,0,0,0,0,0,0,0,0,0,0,0,0,0,1,0,0,7,0,2,0,0,0,0,4,0,2,0,0,1,1,0,0,0,0,0,0,0,0,0,0,0,1,0,0,3,0,0,0,1,0,0,0,22,0,0,0,0,0,0,0,0,0,0,0,0,0,0,0,0,3,0,0,0,0,1,3,0,0,0,1,2,0,0,3,0,0,0,0,0,0,0,0,0,0,1,0,0,9,0,0,0,0,0,0,0,2,2,0,0,0,0,0,0,0,0,0,0,0,0,0,0,3,0,0,2,0,0,0,0,0,0,0,0,0,0,0,0,0,0,3,0,0,0,0,0,0,0,0,0,0,0,0,0,1,0,0,1,0,0,21,0,0,1,2,0,0,0,0,0,10,0,0,0,1,0,0,0,0,0,0,0,0,0,0,0,0,0,0,0,0,1,0,0,0,0,0,0,0,4,0,0,0,0,0,0,0,0,0,0,0,0,0,0,0,0,2,0,1,0,0,2,0,0,0,0,0,0,27,0,2,0,0,2,0,0,0,0,0,15,0,9,0,0,0,0,6,0,0,0,0,0,0,0,0,0,0,4,0,6,0,0,0,0,0,2,0,0,0,0,0,0,0,0,0,4,0,0,0,0,0,0,0,8,0,0,0,0,0,0,0,0,0,0,0,0,1,2,0,1,2,0,0,0,0,0,0,0,0,0,0,0,0,0,1
717,0,1,0,8,5,2,0,0,0,15,0,0,0,0,0,0,0,0,0,3,2,3,0,0,0,0,39,1,0,0,0,0,0,0,0,0,3,0,0,0,0,0,0,0,0,1,0,0,0,47,0,0,0,0,7,0,0,0,0,0,3,0,2,0,0,3,0,0,2,0,0,0,0,0,0,0,0,0,3,0,0,0,0,2,0,0,0,0,0,0,7,2,0,0,0,0,0,0,8,1,4,0,0,1,0,0,0,0,0,0,0,0,1,1,0,0,0,0,0,0,0,0,0,0,0,0,0,0,0,0,2,0,0,0,0,0,0,0,1,0,0,0,0,0,0,0,0,0,0,0,0,0,0,1,8,1,0,0,0,0,8,0,12,0,0,1,0,0,0,4,2,3,0,0,0,0,0,0,0,0,1,1,2,0,0,0,0,0,0,0,0,0,0,0,0,5,0,0,0,0,0,0,0,0,0,0,0,0,0,0,0,0,0,0,1,0,0,0,0,0,5,0,0,0,0,1,6,0,0,0,2,0,0,0,0,0,1,0,0,0,0,0,0,3,0,8,0,0,13,2,0,0,0,0,0,0,0,0,0,0,0,0,2,1,5,0,0,0,0,2,0,0,0,0,0,0,0,0,0,0,0,0,0,1,1,0,0,0,0,0,0,0,0,0,0,0,0,0,0,1,1,0,0,9,0,0,0,0,0,0,1,0,0,0,0,0,0,0,0,0,1,0,0,0,0,0,0,0,0,12
718,0,0,1,0,0,1,0,5,0,1,0,0,0,0,0,0,15,0,4,0,0,0,0,0,0,0,3,0,7,0,0,0,10,0,1,4,0,0,0,0,1,0,0,0,4,0,0,0,0,0,0,0,0,0,0,0,0,0,0,0,2,0,6,0,0,1,0,0,0,0,0,0,2,0,0,0,0,0,0,0,0,0,0,0,0,0,0,0,0,0,0,7,0,0,0,0,4,0,1,8,0,0,0,0,0,0,0,0,0,0,0,0,4,8,0,3,0,0,0,1,3,0,2,0,0,0,0,0,0,0,0,8,0,2,0,0,0,0,0,0,0,0,0,0,0,0,0,1,0,0,0,0,0,0,10,0,5,0,0,0,0,0,0,0,2,1,0,0,0,0,2,0,1,0,0,11,0,0,0,0,0,0,4,1,0,0,0,0,0,0,0,0,0,0,0,1,3,0,0,1,0,0,0,0,0,0,0,0,0,0,0,0,0,0,3,0,0,0,3,0,0,0,0,0,2,4,0,0,0,0,0,0,0,0,0,0,2,4,3,0,1,3,0,13,0,3,0,2,1,0,0,0,0,0,0,1,0,1,0,0,0,0,0,0,2,0,0,0,0,0,0,2,0,0,4,2,0,0,0,0,4,0,0,0,0,0,0,0,0,0,2,0,0,0,4,0,0,0,0,0,0,0,0,20,0,0,0,0,0,0,8,4,0,0,1,1,0,0,0,0,0,0,0,0,0,0,0,0,0,7
719,0,0,15,0,0,5,0,0,0,0,0,0,0,0,1,2,0,0,0,2,0,0,0,0,0,0,0,0,0,0,0,18,1,0,25,0,0,0,0,0,0,0,0,0,0,0,0,0,0,0,0,0,0,0,0,1,0,0,0,0,8,0,0,4,0,7,0,0,9,0,0,0,0,1,0,0,0,0,0,0,0,0,0,0,0,1,0,0,0,0,0,2,0,0,0,0,0,0,0,0,1,0,0,0,0,0,4,0,0,2,0,0,0,1,0,0,0,0,1,0,11,0,0,0,0,0,0,3,0,1,0,16,1,0,0,0,0,0,0,0,0,0,0,0,0,0,0,1,0,0,0,4,0,0,1,0,0,0,0,0,0,0,1,0,0,0,0,0,0,3,0,0,0,0,0,1,0,0,0,0,0,1,0,0,0,0,0,0,0,0,0,0,0,0,0,0,0,0,0,0,0,0,0,0,0,0,0,0,0,1,0,0,0,0,0,0,0,0,0,11,0,4,0,0,0,0,0,0,0,0,0,0,0,0,0,0,0,0,1,0,0,0,0,2,0,29,23,0,6,3,0,0,0,7,1,0,0,0,0,0,0,0,1,1,0,0,0,15,0,0,0,0,1,15,5,1,0,0,0,2,0,0,0,1,3,0,32,0,1,0,0,0,0,0,0,0,2,0,0,0,0,0,0,8,0,0,0,0,0,0,0,1,11,0,0,0,0,0,0,0,0,0,0,0,0,0,0,0,2,51
720,0,0,0,20,0,0,1,0,0,0,0,1,0,0,0,0,0,3,0,2,0,0,0,0,0,0,0,0,0,0,0,0,1,1,0,0,0,0,0,0,0,0,0,0,0,3,0,0,0,0,0,0,1,0,0,0,0,3,0,0,40,0,4,0,3,0,6,0,5,1,0,0,0,0,0,2,0,0,0,1,0,0,0,0,0,0,0,0,0,0,0,0,1,0,0,0,0,0,0,3,1,1,0,0,0,0,0,0,0,0,0,0,10,11,0,0,0,1,0,0,5,0,0,0,0,0,15,0,0,15,0,0,0,0,0,2,0,0,0,0,0,2,0,0,0,0,0,0,0,0,0,1,0,0,0,0,0,0,0,0,0,0,0,0,0,0,0,0,0,0,0,0,0,0,5,1,0,0,2,0,1,0,0,0,0,0,0,0,0,0,0,0,0,0,0,29,0,0,0,0,0,0,0,0,0,1,0,0,2,1,0,1,0,0,1,0,1,0,0,0,0,0,0,0,1,3,0,7,0,0,0,0,7,0,0,0,8,0,1,0,0,1,0,9,0,1,0,0,2,1,0,5,0,0,0,4,0,0,0,0,0,0,0,0,0,0,0,0,0,0,0,1,6,0,4,0,0,0,0,0,0,0,0,0,0,0,0,0,0,0,0,0,0,0,0,10,0,0,0,0,0,0,0,1,0,0,0,0,0,2,9,0,0,0,18,0,0,0,0,0,1,0,0,0,0,0,0,0,2,73
721,0,0,0,16,0,0,0,0,0,8,0,0,0,0,0,0,8,0,6,2,0,0,2,0,0,0,0,0,0,0,0,0,0,0,0,0,1,0,0,0,0,0,0,0,0,1,0,0,0,0,0,0,0,0,6,0,0,2,1,0,8,0,1,0,0,0,0,0,2,0,1,0,1,0,0,0,0,0,0,0,0,2,0,0,0,0,0,0,0,0,0,1,0,0,0,0,0,0,1,0,0,0,0,0,0,2,0,0,0,0,0,0,0,6,0,0,0,0,0,0,0,0,0,0,0,0,0,0,0,4,0,0,0,0,0,0,0,0,0,0,0,0,0,0,0,8,0,0,0,0,0,0,0,0,4,0,0,0,0,0,0,0,0,0,0,2,0,0,0,0,0,0,0,0,0,1,0,0,4,4,0,2,0,0,0,0,0,0,0,0,0,0,0,0,1,19,0,0,0,0,0,0,0,0,0,0,0,0,0,0,7,0,1,0,5,0,0,0,0,0,0,0,0,0,0,0,0,0,0,0,1,0,0,0,1,1,0,0,0,0,0,2,0,10,0,1,54,0,3,0,0,0,0,1,1,6,0,0,0,3,0,0,2,0,0,1,0,0,0,0,0,0,0,1,9,0,0,0,1,0,0,0,0,0,0,1,0,0,0,17,0,0,0,0,0,29,0,0,0,0,0,0,0,2,0,0,0,0,0,0,18,1,0,0,2,0,0,0,0,0,0,1,0,0,0,0,0,0,0,4
722,0,0,0,0,0,0,5,10,1,0,0,0,1,0,0,0,0,6,18,0,1,0,0,0,0,7,0,0,0,0,0,0,5,0,0,1,6,0,0,0,0,0,0,0,1,1,0,0,0,1,0,0,0,0,10,10,1,0,1,0,0,0,0,0,0,0,0,0,0,0,0,0,0,0,0,0,0,0,6,0,0,0,0,3,0,0,0,0,0,0,0,3,0,0,0,0,0,0,1,6,8,0,0,0,0,1,0,0,0,0,0,0,2,2,0,0,0,0,8,0,4,0,6,0,2,0,0,0,0,0,0,22,11,0,0,0,0,3,0,0,0,0,0,0,1,0,0,0,0,0,0,0,0,1,0,0,0,0,0,0,2,0,1,0,0,1,0,0,0,0,2,0,0,0,1,0,0,0,0,1,0,0,0,0,5,0,0,1,0,0,2,0,0,0,0,1,0,0,0,0,0,0,0,0,0,0,0,0,0,0,0,0,0,0,2,0,0,0,0,0,0,0,0,0,1,0,0,0,0,0,0,0,0,0,0,0,4,0,0,0,1,4,0,12,0,0,0,0,3,0,0,0,0,0,36,1,0,0,0,0,0,15,0,0,0,0,0,8,0,0,0,0,1,0,8,0,0,0,0,0,3,0,0,0,0,0,2,9,0,0,0,0,0,0,0,0,0,0,0,0,0,0,0,7,2,0,0,0,0,0,14,1,0,0,1,0,0,0,0,0,5,0,0,0,0,0,0,0,0,13
723,0,0,0,1,0,3,0,9,0,0,0,0,2,0,0,0,0,0,11,0,7,0,0,0,0,0,0,0,0,0,0,38,0,0,0,2,0,0,0,0,0,0,0,0,0,1,0,0,0,10,0,0,0,0,5,2,0,0,0,0,1,0,0,0,0,1,0,1,27,0,0,0,1,0,0,0,0,0,5,1,0,0,0,0,0,0,0,0,0,0,0,3,0,0,0,0,0,0,1,0,0,0,0,0,0,0,0,0,3,0,0,0,0,12,0,0,0,0,0,0,0,0,0,0,0,3,0,0,0,0,0,0,8,0,0,0,0,0,8,5,0,0,0,1,0,0,0,0,0,0,0,0,0,0,0,0,0,0,0,0,1,0,6,0,0,2,0,0,0,0,0,0,0,5,0,22,0,5,0,1,0,0,0,0,0,0,0,0,0,1,0,0,0,15,0,0,0,0,1,0,0,0,0,1,0,0,0,0,0,0,0,0,0,0,6,1,0,0,0,0,8,1,0,0,2,0,0,0,2,0,0,0,0,0,2,0,0,4,0,0,0,0,17,41,0,3,0,3,1,3,0,0,1,0,0,0,0,0,5,0,0,0,0,0,6,0,0,0,0,0,0,0,0,0,0,0,8,0,0,1,0,6,0,0,0,0,0,0,0,0,4,0,0,0,0,0,0,0,0,0,0,0,0,21,1,0,0,0,0,0,28,0,5,3,2,0,0,0,0,0,0,3,0,0,0,0,3,0,0,20
724,0,0,1,0,1,5,0,43,0,6,0,0,0,0,0,0,0,3,0,1,1,1,0,0,0,0,0,0,1,1,0,0,0,0,0,0,8,0,0,0,0,2,0,0,0,1,0,0,0,4,0,0,0,0,0,0,0,0,0,0,0,0,6,0,0,2,0,0,0,0,0,0,1,0,0,0,0,0,0,8,0,0,0,0,0,0,1,2,0,0,0,8,0,0,0,0,0,0,0,0,0,0,0,0,0,0,0,0,6,0,0,0,3,1,0,0,0,0,0,0,0,0,2,0,0,0,2,0,0,0,0,0,16,0,14,0,0,1,4,0,0,0,1,0,0,0,0,0,0,0,0,6,0,0,0,0,0,0,0,0,0,0,3,0,0,1,0,0,0,0,0,0,3,0,0,23,0,0,0,0,61,0,0,0,0,0,0,0,0,0,1,0,0,1,0,0,1,0,0,0,0,0,0,0,0,0,0,0,1,0,0,0,0,0,5,1,0,6,0,0,8,0,0,0,0,0,0,0,2,4,0,0,1,0,0,0,0,0,1,1,0,0,0,14,0,1,0,5,1,0,0,0,0,4,0,1,0,0,0,0,0,0,0,0,12,0,0,0,0,0,0,0,0,0,3,0,21,0,0,0,0,0,1,0,0,0,0,1,0,0,10,0,0,0,0,0,0,0,0,1,0,0,0,17,0,0,0,0,0,0,24,2,2,2,8,0,0,0,0,0,7,0,0,0,0,0,2,0,0,9
725,1,0,1,0,0,2,0,0,0,6,0,0,0,0,3,0,13,0,0,2,0,0,0,0,0,0,0,0,3,1,0,0,0,0,0,0,0,0,0,0,0,0,0,0,0,0,0,0,0,0,0,1,0,1,0,0,0,0,0,0,1,9,0,0,0,1,0,0,9,0,2,0,0,0,0,2,0,0,0,2,0,0,0,0,0,0,8,0,0,0,0,8,0,0,0,0,1,0,0,8,12,0,0,0,0,0,0,0,3,0,0,0,0,3,3,0,0,0,0,0,0,0,0,0,0,0,0,0,0,0,0,4,0,0,0,0,0,0,0,0,0,0,0,0,0,0,0,0,0,0,1,0,0,0,0,0,0,2,0,0,0,0,2,0,0,0,0,0,0,1,0,1,0,0,0,41,0,23,1,0,0,3,0,0,16,7,0,0,0,0,1,0,0,0,0,2,0,3,0,1,3,0,0,0,0,0,0,0,0,0,0,3,0,0,20,4,0,1,0,0,0,0,0,6,5,11,0,1,0,1,0,3,4,0,5,0,1,0,0,0,0,0,23,10,0,1,0,0,1,0,0,0,0,4,0,0,0,0,8,0,0,0,0,0,11,0,0,0,0,51,0,2,0,0,4,0,0,0,0,0,0,4,0,0,0,0,1,0,0,0,0,0,0,0,0,0,0,0,0,0,0,0,0,8,0,1,0,0,2,0,10,3,0,1,1,0,0,0,1,0,3,0,0,0,0,0,0,1,0,10
726,0,0,0,0,0,0,0,0,0,0,0,0,1,0,6,0,0,0,0,0,1,0,0,0,0,0,0,0,0,0,0,0,3,0,0,2,0,21,0,0,0,0,0,2,0,1,0,0,0,2,0,1,0,0,0,0,0,0,1,0,1,10,4,0,0,0,0,0,1,0,0,0,2,0,0,2,2,4,0,2,0,0,0,0,0,0,0,0,0,0,0,0,0,0,0,0,0,0,0,0,11,0,0,0,0,0,0,1,0,0,4,0,7,1,0,4,0,0,7,2,0,0,0,0,0,0,0,0,0,1,0,0,0,0,0,0,0,0,0,0,0,0,3,0,0,0,0,0,0,0,0,0,0,0,0,0,0,0,0,0,0,0,3,0,0,2,0,0,0,0,0,0,0,0,0,22,0,0,0,0,0,6,0,0,17,0,0,0,0,0,0,0,0,0,0,0,0,0,0,0,0,0,0,0,0,0,0,0,0,0,0,0,0,0,6,0,0,0,0,0,2,0,0,10,2,3,0,0,4,0,0,0,1,0,0,0,0,0,0,0,0,0,0,17,0,0,1,0,17,4,0,0,0,11,0,0,0,0,0,11,0,8,1,0,3,1,0,0,0,0,0,2,0,0,7,0,0,2,0,0,0,0,0,0,0,0,0,0,0,1,0,0,0,0,0,0,0,0,0,0,0,0,0,9,0,0,0,0,0,0,33,2,0,0,1,0,0,0,0,1,0,0,0,0,0,0,0,0,0,0
727,0,0,0,0,0,6,0,0,0,3,0,0,1,0,8,0,32,0,16,0,1,0,0,0,0,0,0,0,3,0,0,0,0,0,1,2,0,27,0,0,0,15,0,0,0,1,0,2,0,0,0,0,0,0,0,0,1,0,0,0,2,0,0,0,0,0,0,0,0,1,0,0,0,0,0,0,0,0,0,2,0,0,0,0,0,0,0,0,0,0,0,5,1,0,0,0,0,0,0,5,0,0,0,0,0,0,0,2,0,0,0,0,0,1,14,0,0,0,5,0,2,0,0,0,0,0,0,0,0,0,0,0,0,0,1,0,1,0,14,0,0,0,0,0,0,0,0,0,0,0,0,0,1,0,0,0,0,5,0,0,1,0,6,0,0,0,0,0,0,0,0,1,0,0,0,19,0,0,0,0,0,3,0,0,0,0,0,0,0,0,0,3,1,0,0,0,0,0,0,1,0,0,0,0,0,0,0,0,0,0,0,0,0,0,12,1,0,0,0,0,0,1,0,0,2,6,0,0,2,0,0,2,5,0,0,0,0,0,0,0,3,1,0,6,0,3,0,0,0,0,0,0,1,0,0,0,0,2,0,0,0,0,1,0,0,0,0,0,0,0,0,0,0,0,8,0,11,4,0,0,0,0,0,0,0,0,0,0,0,0,0,0,0,0,0,3,0,0,0,0,0,0,0,8,0,0,0,0,1,0,71,2,0,2,4,0,0,0,0,0,12,0,0,0,0,0,2,0,0,5
728,0,0,0,1,0,0,0,0,0,4,0,0,0,0,0,0,13,0,0,0,0,0,0,0,0,3,0,0,0,0,0,0,0,0,0,0,6,0,0,0,0,0,0,0,0,0,0,0,7,0,0,0,0,0,14,0,1,0,0,0,1,6,0,0,0,0,0,0,4,0,0,0,0,0,0,0,0,0,0,0,1,0,0,0,0,0,4,0,0,0,1,2,0,0,0,0,0,0,3,0,0,0,0,0,0,0,0,0,0,0,0,0,0,7,0,3,0,0,8,0,0,3,0,0,1,0,1,0,0,0,0,12,0,0,7,0,0,0,0,0,0,0,0,0,1,0,0,0,0,0,0,0,1,0,0,0,0,0,0,0,2,0,2,0,0,1,0,0,0,0,0,0,0,3,0,4,0,0,0,1,47,0,0,0,0,0,0,0,1,0,0,0,0,13,0,3,0,0,0,1,0,0,0,0,0,0,0,0,0,0,0,0,0,0,4,2,0,0,0,0,0,0,0,0,1,0,0,0,0,0,0,0,0,0,0,0,4,0,0,0,0,2,10,30,0,3,0,0,0,0,0,0,0,5,0,0,0,0,0,0,0,0,0,0,0,0,0,0,0,0,0,0,0,0,20,2,0,3,30,0,0,0,1,0,0,0,0,0,0,0,0,0,0,0,0,0,1,0,0,0,0,0,0,4,0,0,0,0,0,0,12,1,0,0,1,0,0,0,0,0,0,0,0,0,0,0,0,0,0,6
729,0,0,0,0,0,2,0,2,1,12,0,0,0,0,0,0,0,0,0,13,4,0,0,0,0,0,0,0,0,0,0,0,0,0,0,0,0,0,0,0,0,0,0,0,2,1,0,0,0,0,1,0,0,0,0,0,0,0,4,3,2,2,0,0,0,0,1,0,3,3,3,0,0,2,0,0,8,0,0,0,0,0,0,0,0,0,0,4,0,0,11,1,10,0,0,0,0,0,0,0,0,0,0,0,0,0,0,0,0,1,0,0,0,0,0,0,0,0,0,0,0,0,0,0,1,0,0,0,0,0,0,0,2,0,0,0,0,0,0,0,0,0,25,0,0,0,0,0,0,0,0,0,0,0,0,0,0,0,0,0,0,0,10,0,4,1,0,0,0,4,1,0,0,0,0,1,0,0,0,0,0,0,0,22,0,0,0,0,0,0,0,0,0,2,0,2,0,0,0,0,0,0,0,0,1,0,0,0,0,0,0,0,0,0,4,0,2,0,0,0,0,0,0,0,0,0,0,9,0,1,2,0,0,0,0,0,0,0,0,0,0,1,0,1,0,100,0,2,0,0,0,0,0,28,0,0,0,1,0,0,12,0,1,1,0,0,0,0,0,0,0,0,0,0,5,0,2,0,0,0,1,0,0,2,0,0,12,0,0,0,0,0,0,0,0,0,0,0,3,0,0,0,0,7,0,0,0,0,0,0,1,0,0,0,0,0,0,0,0,0,0,0,0,0,0,0,0,0,0,40
730,5,0,0,0,0,0,0,0,0,9,0,0,0,0,0,0,0,0,0,3,0,0,2,0,0,0,0,3,0,0,0,1,1,0,0,0,1,0,0,0,0,0,0,0,0,0,0,0,6,0,0,0,3,2,0,0,0,0,0,0,10,0,0,0,0,0,10,0,0,1,0,0,0,0,0,0,0,0,0,0,0,0,0,0,3,0,0,0,0,0,0,1,0,3,1,0,1,0,0,4,0,0,4,0,5,2,0,0,0,0,0,0,0,4,0,0,0,0,0,0,0,0,11,0,0,0,0,0,0,0,0,0,0,0,0,1,0,0,1,0,0,0,0,12,0,0,0,0,0,0,0,0,0,0,0,0,0,0,0,0,0,0,0,1,24,1,0,0,0,0,0,0,0,0,2,0,0,0,0,1,0,0,0,0,0,0,0,0,0,0,10,0,0,0,1,10,0,0,0,0,0,0,0,0,0,0,0,0,0,0,0,0,0,0,1,0,1,0,0,9,5,0,0,0,0,0,0,0,0,0,0,0,0,0,1,0,0,0,0,0,0,3,0,3,0,9,37,0,6,3,0,0,0,0,0,0,0,0,0,0,1,0,0,1,0,0,0,0,0,26,6,0,0,0,4,0,1,0,0,3,5,0,0,0,0,0,0,0,0,14,1,0,0,0,1,0,0,0,13,0,0,0,0,2,0,0,0,0,0,4,10,0,0,0,11,0,0,0,0,0,1,0,0,1,0,0,0,0,1,18
731,0,0,0,0,3,0,0,1,0,11,0,0,0,0,0,2,0,0,0,8,0,0,0,0,0,0,14,1,0,0,0,0,1,0,0,0,0,0,1,0,0,0,0,0,0,0,0,0,0,0,0,0,4,0,9,1,0,0,12,0,1,0,0,0,0,1,5,0,9,0,0,0,0,0,0,0,0,0,0,0,0,0,0,3,0,0,0,1,1,0,0,2,0,0,0,0,0,0,15,0,0,0,1,0,1,0,4,0,0,0,0,1,1,1,7,5,0,0,0,0,1,0,0,0,0,0,0,5,0,0,0,10,0,0,0,0,0,2,0,0,0,0,0,0,0,0,0,0,0,0,0,0,0,0,0,0,0,0,0,0,0,0,7,0,21,0,0,0,0,4,0,2,0,0,1,0,0,0,1,0,0,0,0,0,0,0,0,0,0,0,0,0,0,3,0,3,0,0,0,0,0,0,0,0,0,0,0,0,0,1,0,0,0,0,1,0,0,0,0,0,0,0,1,0,0,0,3,0,0,0,1,0,0,0,7,0,0,0,0,0,1,0,0,0,0,53,59,0,0,0,0,0,2,1,2,0,0,0,0,0,0,0,1,0,0,5,0,0,0,0,0,0,0,0,0,0,0,0,0,3,1,0,0,0,0,0,0,0,4,2,0,0,0,2,0,0,0,0,0,0,0,3,0,2,0,0,0,0,0,0,3,0,0,0,0,0,0,0,0,0,1,0,0,5,0,0,2,0,0,28
732,0,0,23,10,0,1,0,0,0,0,0,0,0,0,0,0,0,0,0,15,0,0,0,0,0,0,0,0,2,0,0,0,1,0,0,0,1,37,0,13,0,0,0,0,0,0,9,0,0,22,0,1,0,0,0,1,0,0,4,0,1,0,0,4,0,1,0,0,5,0,0,0,0,0,0,0,0,0,0,0,0,0,0,0,0,1,0,0,0,0,1,1,0,0,0,0,1,0,0,0,0,0,0,0,0,0,0,0,0,0,0,0,1,1,0,0,0,0,1,0,3,5,0,0,0,1,0,0,0,0,0,0,1,0,0,0,0,0,1,0,0,0,21,0,0,0,0,0,1,0,2,0,0,0,0,0,0,4,0,0,0,0,4,0,0,0,0,0,0,5,0,0,0,6,0,0,0,0,0,0,0,0,0,19,0,0,0,0,0,0,0,0,0,0,0,0,0,0,0,0,0,0,0,0,1,0,0,0,0,1,0,0,0,0,1,0,0,7,0,0,0,0,0,0,0,0,0,0,0,0,3,0,0,0,0,0,0,0,0,0,1,3,0,1,0,26,0,0,0,0,1,0,0,8,1,17,0,0,0,0,0,0,1,0,1,3,0,0,0,9,0,2,0,0,2,0,0,0,0,0,0,0,0,1,0,0,5,0,0,0,0,4,0,0,5,0,0,0,0,0,1,4,0,5,0,0,0,0,0,0,0,0,0,1,0,4,2,0,0,0,1,4,0,0,11,1,0,0,1,55
733,0,0,0,0,0,0,24,0,0,0,0,0,1,0,0,0,0,0,7,1,0,0,0,0,0,0,0,0,0,0,0,18,0,0,0,0,5,78,0,4,0,3,0,0,0,1,0,1,0,0,0,1,0,1,0,0,0,0,0,0,1,0,0,0,0,0,0,0,0,0,0,0,0,0,0,0,0,0,0,0,0,0,0,0,0,0,0,0,0,0,0,5,0,0,0,0,2,0,0,0,16,0,0,0,0,0,0,0,0,0,0,0,0,2,0,0,0,0,0,0,0,0,0,0,0,0,0,0,0,0,0,17,0,0,8,0,0,0,0,0,1,2,0,0,0,0,0,0,0,0,0,0,1,1,0,0,0,0,0,0,0,0,1,0,0,1,0,0,0,0,0,0,0,0,0,0,0,0,1,1,0,0,15,1,0,0,1,0,0,0,0,0,0,0,0,0,1,1,0,0,0,0,0,0,0,0,0,0,0,0,0,0,0,0,15,0,0,7,0,0,0,0,0,0,0,0,0,0,0,0,0,0,1,0,0,0,1,0,0,0,0,0,0,7,0,1,0,3,0,0,0,0,2,0,0,0,0,0,0,0,0,0,0,0,0,0,0,0,0,0,0,0,0,0,23,0,0,0,0,0,0,0,0,0,0,0,2,0,0,0,0,0,6,0,0,0,0,0,0,0,0,0,0,12,1,0,0,0,0,0,58,1,0,0,0,0,0,0,0,0,7,0,0,0,0,0,2,0,0,4
734,0,0,0,0,0,2,0,1,0,0,0,0,0,0,0,0,0,0,0,16,0,0,0,2,0,0,0,0,0,0,0,0,0,0,30,0,0,0,3,0,0,0,0,0,0,0,0,0,2,0,0,0,0,0,0,0,0,0,3,0,2,0,0,0,0,6,0,0,3,0,5,1,0,0,0,0,0,0,1,0,0,0,0,1,3,0,1,0,0,0,0,1,0,0,0,0,1,0,8,0,0,0,0,0,0,0,0,0,0,0,0,0,0,1,0,1,0,0,0,0,0,0,0,6,1,0,0,0,0,0,0,0,1,0,0,0,0,3,1,0,1,0,0,0,0,0,0,0,0,0,0,0,2,0,1,2,4,0,0,0,0,0,4,0,0,1,0,0,0,0,0,0,0,0,0,0,0,0,1,0,0,0,0,0,0,0,0,0,0,0,0,0,0,0,0,0,0,0,0,1,0,0,0,0,0,0,0,0,0,0,0,0,0,0,0,0,0,0,0,0,10,0,0,1,0,0,0,0,0,0,2,0,0,0,3,0,1,0,0,0,1,0,0,1,0,92,0,0,12,11,0,0,0,0,5,0,0,0,0,0,0,0,0,0,0,0,0,0,5,0,0,0,0,0,0,0,0,1,0,0,0,0,0,0,8,0,23,0,0,0,0,0,0,0,0,3,0,0,0,0,0,0,0,11,0,0,2,0,0,0,1,0,0,0,1,0,0,0,0,0,0,0,0,0,0,2,0,0,1,0
735,0,0,0,0,0,1,0,0,0,11,0,0,0,0,0,0,0,0,0,5,0,0,0,0,0,0,0,1,0,0,0,0,0,0,0,0,0,0,0,0,0,0,0,0,0,0,0,0,0,9,0,0,0,0,0,0,0,0,6,0,4,0,0,2,0,3,0,0,5,0,0,0,0,0,1,0,3,0,4,0,0,0,0,0,0,0,0,0,0,0,2,1,0,1,0,1,0,0,0,0,2,0,0,0,0,0,4,0,0,1,6,0,0,1,0,0,0,0,0,0,0,0,0,0,0,4,0,0,0,0,0,0,2,0,0,0,1,2,0,0,0,0,0,0,2,0,0,0,0,0,0,0,0,0,0,0,0,0,0,0,0,0,33,0,0,1,0,0,0,4,0,0,0,13,0,1,0,0,0,0,0,0,0,0,0,0,0,0,0,0,0,0,0,0,0,5,2,20,0,0,0,0,0,0,0,0,0,0,1,0,11,0,0,0,2,2,0,0,0,0,0,0,0,0,0,1,1,0,0,0,2,2,1,0,0,1,0,0,1,0,0,7,1,0,4,11,0,2,24,0,1,0,0,18,0,0,0,0,0,0,0,1,0,0,1,0,0,9,0,0,0,6,0,0,0,0,1,0,0,0,0,0,0,0,9,0,0,0,0,0,0,2,0,0,0,0,0,0,0,0,0,0,0,10,0,0,0,0,0,0,0,0,0,0,1,0,1,0,0,0,0,0,0,0,0,0,0,0,0,93
736,0,0,0,0,5,4,0,0,0,8,0,0,0,0,0,0,0,9,0,1,0,0,0,1,0,0,0,0,3,0,0,0,3,0,0,0,0,25,0,0,0,0,0,1,0,0,0,2,0,0,0,0,0,0,0,0,2,0,0,0,3,0,5,0,1,1,0,0,2,0,0,0,0,2,0,0,0,0,2,0,0,0,0,0,0,0,0,5,0,0,0,0,0,1,0,0,0,0,0,0,0,0,0,0,0,0,0,0,0,0,0,0,0,1,0,0,0,0,0,0,0,2,4,0,0,0,0,0,0,0,0,0,1,0,0,0,0,0,0,0,0,0,0,0,0,0,0,1,0,0,4,12,4,0,0,1,3,0,0,0,0,0,23,0,0,0,0,0,0,35,0,0,0,0,1,1,0,0,0,0,0,0,0,0,0,0,0,0,0,0,0,0,0,0,0,1,0,0,0,0,0,0,0,0,0,0,0,0,0,0,0,0,0,0,1,0,0,0,0,0,3,0,2,0,0,1,0,0,0,2,1,0,1,0,0,0,0,0,0,0,0,6,0,3,0,26,46,4,50,0,0,0,0,6,0,0,0,0,0,0,0,0,1,1,7,0,0,0,0,0,0,0,0,0,3,0,0,1,0,0,0,0,0,0,0,0,0,0,0,0,0,2,0,0,0,0,0,0,2,0,1,0,0,13,0,0,5,0,0,1,1,0,5,0,3,0,2,0,0,0,0,0,0,0,0,0,0,0,0,56
737,0,0,0,0,0,1,0,1,0,1,0,2,0,0,0,0,0,0,0,0,0,3,0,5,4,0,0,0,0,0,0,0,0,0,0,0,0,1,0,0,1,1,0,0,0,1,0,0,0,2,1,0,0,0,0,0,0,0,0,0,7,0,0,1,0,1,6,0,8,0,0,0,0,0,0,0,0,0,0,3,0,0,0,6,0,0,0,0,0,0,0,1,0,0,0,0,0,0,0,7,1,0,6,0,0,0,0,0,0,23,0,0,0,8,0,0,0,0,0,0,0,0,0,0,0,0,0,0,0,0,0,0,0,0,0,0,3,0,0,0,0,0,0,11,0,0,0,0,0,0,4,0,0,0,0,0,0,0,0,0,0,0,0,0,0,2,0,1,0,0,0,0,0,0,4,0,0,0,5,6,0,0,0,0,0,0,0,0,0,0,0,0,0,0,0,8,0,1,0,3,0,0,0,0,0,0,0,0,0,0,0,0,0,0,0,0,1,0,0,28,0,0,1,0,0,2,0,5,3,0,0,0,5,0,0,0,2,0,0,0,0,0,0,2,0,0,0,0,6,0,0,0,0,0,1,0,0,0,0,0,0,0,1,1,0,0,0,9,0,0,0,0,0,1,5,0,0,0,0,5,0,0,0,0,0,0,0,0,0,0,0,0,0,0,0,0,2,0,0,0,0,0,0,2,0,0,0,0,0,5,4,0,0,0,9,0,0,0,0,0,0,0,0,0,0,0,0,0,0,81
738,0,0,0,0,0,2,0,0,0,13,1,0,0,0,2,0,0,0,0,5,0,0,0,0,0,0,0,0,0,0,0,0,0,0,0,5,0,0,0,0,0,0,0,0,0,0,5,2,0,0,0,0,0,0,0,1,0,0,5,0,3,0,2,0,0,2,0,0,0,0,0,0,0,0,0,0,0,0,0,0,0,0,0,0,0,0,0,0,0,0,0,0,0,0,0,0,0,8,32,0,0,0,0,0,0,0,0,0,0,0,0,0,0,1,4,0,0,0,0,0,0,3,1,0,0,0,0,0,0,0,0,30,1,0,0,0,0,0,0,0,0,0,0,5,0,0,0,0,0,0,0,0,0,1,0,0,0,0,0,0,0,0,4,0,0,1,0,0,0,6,0,2,0,0,0,1,0,0,0,0,1,0,1,0,0,0,0,0,0,0,0,6,0,0,0,0,0,0,0,2,0,0,1,4,1,0,0,0,0,0,0,0,0,0,1,0,0,0,0,0,4,0,0,0,1,0,0,0,0,1,0,0,0,0,0,0,1,0,3,0,0,0,1,1,0,26,12,0,11,0,1,0,4,0,2,0,0,0,0,0,0,0,1,0,3,0,0,0,0,0,0,0,0,0,2,1,0,0,0,0,0,0,11,0,3,0,11,0,0,0,0,0,0,0,0,0,0,0,1,0,0,2,0,3,0,0,0,0,0,0,0,0,0,0,0,0,0,0,0,6,0,0,0,0,7,0,0,4,0,7
739,0,0,0,15,0,0,0,0,0,7,0,0,0,0,0,3,1,0,0,6,0,1,0,0,0,0,0,1,0,0,0,0,1,0,0,7,0,0,1,0,0,0,0,0,0,0,0,0,0,0,0,0,0,0,0,0,0,0,0,0,5,0,1,0,1,0,0,0,3,0,1,0,0,0,0,0,0,0,0,0,0,0,1,0,0,0,0,6,0,0,2,1,0,0,0,0,0,0,0,2,2,2,0,0,0,0,0,0,0,0,0,0,0,1,0,0,0,0,0,0,11,0,0,0,0,0,0,2,0,0,0,28,1,0,0,0,0,0,0,0,1,0,0,0,1,0,0,2,1,0,0,0,3,0,0,0,0,3,0,0,0,0,2,0,0,0,0,0,0,8,0,0,0,0,0,0,0,0,0,0,0,0,0,12,0,0,0,0,0,0,0,4,0,0,0,2,0,0,0,0,0,0,0,0,0,0,0,0,0,0,0,0,0,0,1,0,0,0,0,0,0,0,0,0,0,0,0,7,0,0,4,0,1,0,0,0,0,0,1,0,0,0,0,0,0,24,57,0,0,0,0,0,3,0,2,4,6,0,1,0,0,0,0,1,0,0,0,0,0,0,0,0,0,0,6,0,0,0,0,0,0,0,16,1,3,0,0,0,0,2,0,1,0,0,0,0,0,0,0,0,0,0,0,4,0,0,0,0,0,0,0,0,0,0,0,1,0,0,0,0,0,6,0,0,0,0,0,0,0,76
740,0,0,0,0,0,2,0,0,0,0,0,0,0,0,1,0,0,0,14,3,0,0,0,0,0,0,0,0,0,0,0,0,0,0,1,0,8,33,0,0,0,0,0,0,1,0,0,0,0,0,0,0,0,0,0,0,1,0,0,0,1,0,0,0,0,0,0,0,2,0,0,0,0,0,0,0,0,0,0,2,0,0,0,0,0,1,0,0,0,0,0,4,0,0,0,0,0,1,0,2,0,0,1,0,0,0,0,0,3,0,0,0,0,7,0,0,0,0,0,0,0,0,0,0,0,0,0,0,0,1,0,5,0,0,6,0,0,0,10,0,2,0,0,0,0,0,0,0,0,0,0,0,1,0,0,0,0,0,0,0,0,0,2,0,1,1,0,0,0,0,0,0,0,0,0,2,0,0,0,1,0,0,0,0,0,0,0,0,0,2,0,0,0,0,0,1,0,0,0,0,0,0,0,0,0,0,0,0,0,1,0,1,0,12,7,1,0,0,4,0,0,0,0,0,1,0,0,0,0,0,0,4,0,0,1,0,2,0,0,0,0,0,0,29,0,2,0,0,3,0,0,0,0,0,8,0,0,1,0,0,0,5,0,1,3,0,0,0,0,0,0,0,0,0,3,0,0,0,0,1,0,4,0,0,0,0,4,0,1,0,0,0,0,0,0,0,0,0,0,0,0,0,0,5,0,0,0,0,0,0,5,0,0,0,1,0,1,0,0,0,7,0,0,7,0,0,0,0,0,6
741,0,0,0,0,0,1,12,0,0,4,3,0,1,0,0,0,0,0,7,0,0,0,0,0,0,5,0,0,0,0,0,0,3,0,0,0,2,0,0,0,0,0,0,0,0,0,0,0,0,0,0,1,0,0,0,0,0,0,1,0,0,0,11,0,0,0,0,0,13,0,0,0,0,1,0,0,0,0,2,0,1,0,0,0,0,0,0,0,0,0,0,1,0,0,1,0,1,0,0,2,0,0,0,0,0,0,0,0,0,0,0,0,0,4,0,0,0,0,15,0,0,0,0,0,0,0,0,0,0,0,0,15,0,0,0,0,0,0,7,0,0,0,1,1,0,0,0,0,0,0,0,0,0,0,0,0,0,0,0,0,0,0,7,0,0,0,0,0,0,0,0,0,0,0,0,0,0,0,1,1,0,0,0,0,0,0,0,0,0,0,0,0,0,2,0,2,0,0,0,0,3,0,0,0,0,0,0,0,0,0,0,0,0,0,11,0,0,0,9,0,0,0,0,3,2,0,0,0,2,0,0,5,0,1,2,0,1,2,0,0,0,4,0,9,0,1,0,0,0,0,0,0,0,5,17,0,0,0,7,0,0,0,0,0,4,0,0,0,0,0,0,0,0,1,21,0,0,0,0,0,6,3,0,0,0,0,0,0,0,0,2,0,8,0,0,2,4,0,0,0,0,0,0,10,0,0,0,17,0,0,6,1,0,0,1,0,0,0,0,0,0,0,0,0,0,0,0,0,0,8
742,0,0,0,0,0,0,0,0,0,3,0,0,0,0,1,0,0,0,0,0,0,0,0,0,0,0,0,0,0,9,0,0,0,0,0,0,3,9,0,0,0,0,0,0,0,1,0,0,0,0,0,0,0,2,9,0,0,0,0,0,16,0,0,0,0,0,6,0,4,0,0,0,0,0,0,1,1,0,0,1,0,0,0,0,0,4,0,0,0,0,0,0,0,0,0,0,2,8,0,0,0,0,0,0,0,0,0,0,0,11,0,0,10,2,2,0,0,0,45,0,0,0,0,0,0,0,0,0,0,0,0,0,0,0,0,0,0,0,0,0,6,3,0,0,0,0,0,0,0,0,0,1,0,0,0,2,0,0,0,0,0,0,0,0,0,1,0,0,0,0,0,0,0,0,0,0,0,0,5,2,2,0,8,0,0,0,0,0,0,0,0,0,0,7,0,0,0,0,0,0,0,0,0,0,0,0,0,0,0,1,0,0,0,0,2,0,0,3,0,0,0,0,0,0,0,3,0,0,0,1,1,0,0,0,0,0,19,1,0,0,0,0,0,0,0,2,14,0,7,0,0,5,0,3,0,0,0,0,0,0,0,0,2,0,1,0,0,0,0,0,0,0,0,0,0,1,1,0,0,0,2,0,7,0,0,0,0,0,0,0,0,0,0,0,0,0,0,0,0,0,0,0,0,0,0,0,0,0,0,4,18,0,0,0,8,0,5,0,0,0,0,0,0,0,0,0,0,0,0,47
743,0,0,0,0,0,1,0,0,0,0,0,0,0,0,0,0,0,0,0,1,0,0,0,0,0,0,0,0,0,0,0,0,6,0,0,0,0,0,0,0,0,9,0,0,0,0,0,0,0,7,0,0,0,0,0,0,0,0,0,0,0,1,0,0,0,0,0,0,0,0,8,0,0,0,0,0,0,0,0,0,0,0,0,0,0,0,0,0,0,0,0,7,0,0,1,0,1,0,0,4,0,0,0,0,0,1,0,0,2,26,0,0,0,5,0,0,0,0,0,0,0,0,0,0,0,0,0,0,0,4,0,10,0,0,0,0,0,0,0,0,0,8,0,0,0,0,0,0,0,0,0,0,0,0,20,4,0,2,0,2,0,0,6,0,0,1,0,0,1,0,0,0,0,0,0,12,0,0,0,0,0,0,0,0,0,0,0,0,0,0,0,0,0,0,0,1,0,0,0,0,0,0,0,0,0,0,0,0,0,0,0,0,0,7,16,2,0,0,0,0,0,0,0,0,1,0,0,0,0,0,0,0,0,0,0,0,3,0,0,0,0,1,0,37,0,1,0,0,1,0,0,0,0,0,53,0,11,0,0,0,3,9,0,0,2,0,0,0,0,0,0,0,0,0,4,0,0,0,0,0,6,0,0,1,0,0,0,0,0,0,4,0,0,0,6,0,0,0,0,0,0,1,0,16,0,6,0,0,0,0,29,0,0,0,1,0,0,0,1,0,0,3,0,9,0,0,0,0,0,0
744,0,0,0,15,0,0,0,0,0,9,0,0,0,0,1,1,0,4,0,1,0,3,0,4,0,0,0,0,0,0,0,0,0,0,0,0,0,0,0,0,0,0,0,0,0,1,0,1,0,0,0,0,3,0,0,0,0,0,0,0,2,0,2,0,3,0,6,5,7,2,0,0,0,0,0,0,0,0,0,1,0,0,0,0,0,0,0,0,0,0,0,1,0,0,0,0,1,15,0,0,1,0,0,0,0,0,0,0,0,0,0,0,0,15,0,0,0,0,0,0,0,0,0,0,0,0,0,0,0,0,0,0,0,0,0,0,1,0,0,1,0,3,0,0,0,22,0,0,0,0,0,0,0,0,0,3,0,0,0,0,0,0,0,0,0,1,0,0,2,0,0,0,0,0,1,1,0,0,2,0,0,0,0,0,0,0,0,0,0,0,0,0,0,0,0,0,0,1,1,3,0,0,0,1,0,0,0,0,0,0,0,0,2,0,1,0,0,0,0,0,1,0,0,1,1,0,0,6,0,1,0,0,10,0,0,0,0,0,0,0,0,0,0,13,0,1,9,0,5,0,0,0,0,0,0,0,0,0,0,0,0,14,0,0,0,0,0,0,3,0,0,0,0,0,5,0,0,0,0,0,0,0,0,0,0,1,0,0,0,0,0,0,3,0,0,0,0,0,0,0,0,1,0,4,0,5,0,0,0,0,0,1,0,0,12,5,0,0,0,0,0,0,0,0,0,0,0,0,0,13
745,0,0,0,1,0,0,0,0,0,1,0,0,0,0,5,0,38,0,0,1,1,0,0,0,0,0,1,0,0,1,0,0,0,0,0,0,11,0,0,0,0,0,0,0,0,0,0,0,0,3,3,0,0,0,0,0,0,0,1,0,1,0,1,0,0,0,0,0,8,0,0,0,0,0,0,0,0,0,11,1,0,0,0,0,0,0,0,0,0,0,0,8,0,0,1,0,0,0,0,5,0,0,0,0,0,0,0,0,0,0,0,0,0,7,0,0,0,0,0,0,4,0,0,0,0,0,0,0,0,0,0,12,0,0,0,0,0,0,0,0,0,0,1,0,1,0,0,0,0,0,0,0,0,1,15,0,0,0,0,3,2,0,1,0,0,1,0,0,0,0,0,1,0,0,0,0,0,0,0,0,0,0,8,0,0,0,0,0,0,0,0,4,1,0,0,0,0,0,0,0,0,0,0,0,0,0,0,0,0,1,0,0,0,0,0,0,0,0,10,0,0,2,0,0,0,0,2,1,0,0,0,0,0,2,0,0,0,0,0,0,0,3,0,17,0,2,0,0,10,3,1,0,0,0,0,0,0,0,0,0,0,6,0,0,1,0,0,10,0,0,0,0,0,0,3,0,0,0,30,0,0,0,0,0,0,0,0,0,0,0,0,0,0,0,0,0,0,0,0,0,0,0,0,6,0,0,0,0,0,0,23,0,0,0,0,0,0,0,1,1,0,0,0,0,0,0,0,0,0,9
746,0,0,0,0,0,2,0,0,0,0,0,0,0,0,0,0,2,0,0,0,0,0,0,0,0,0,0,0,0,0,0,0,1,0,0,0,0,0,4,0,0,0,0,0,0,0,0,0,0,0,0,0,0,0,0,0,1,0,0,0,2,0,0,7,1,0,0,0,4,0,0,0,0,0,0,0,0,0,0,0,0,0,0,0,1,0,0,0,1,0,0,1,3,1,0,0,0,0,0,0,3,0,0,0,1,0,0,0,0,0,0,0,0,0,0,0,4,0,0,0,0,0,1,0,0,0,0,0,0,0,0,0,0,1,0,0,1,0,0,0,1,0,0,0,0,0,0,0,0,0,0,22,0,0,0,0,0,0,0,1,0,0,16,0,9,0,0,0,0,8,0,0,0,0,0,1,1,0,0,0,0,0,3,0,0,0,0,0,0,0,0,0,0,0,0,1,0,0,0,0,0,0,0,0,0,0,0,1,0,0,0,0,0,9,1,0,0,0,0,0,7,0,0,0,0,0,0,0,0,0,1,0,0,0,13,0,0,0,0,0,0,0,0,1,0,7,35,0,0,0,0,0,0,8,0,0,5,0,0,2,0,0,1,0,10,0,0,12,0,0,0,0,0,3,0,0,0,0,0,0,0,0,10,0,0,0,0,0,1,0,0,0,0,0,0,0,0,0,0,0,0,0,0,13,0,0,0,0,0,0,0,0,0,0,1,0,0,0,0,5,0,0,0,0,0,0,0,0,0,7
747,0,0,0,0,0,0,5,0,0,0,0,0,1,0,3,0,0,0,0,1,0,0,0,0,0,0,0,0,1,0,0,0,2,0,2,0,9,40,0,0,0,0,0,0,0,1,0,0,0,5,2,1,0,0,4,0,0,0,0,0,0,0,0,0,1,1,0,0,5,0,0,0,0,1,0,0,0,0,3,7,0,0,0,0,0,0,0,0,0,0,0,0,0,0,0,0,2,0,0,1,4,0,0,0,0,0,0,0,3,7,0,0,0,0,0,0,0,0,5,0,0,0,0,0,0,2,0,0,0,0,0,0,11,0,0,0,1,0,0,0,1,0,0,0,0,0,0,0,0,0,1,1,0,0,0,0,0,0,0,0,2,0,1,0,0,1,0,0,0,0,0,0,1,0,1,0,0,0,0,0,0,0,0,0,0,0,0,0,0,1,0,0,1,0,0,0,0,0,0,1,0,0,0,0,0,0,0,0,0,0,0,0,0,0,16,0,0,7,2,0,0,1,4,0,0,0,0,0,0,0,0,0,0,1,0,0,0,2,0,0,0,0,0,3,0,2,0,0,0,0,0,0,1,6,0,0,0,0,0,0,0,0,0,0,16,0,0,0,0,4,0,0,0,0,7,0,36,0,0,0,0,0,0,1,0,0,0,0,0,0,1,0,0,0,0,0,0,0,0,0,0,0,0,3,0,0,0,0,0,0,14,1,0,0,3,0,0,0,0,0,0,0,0,0,0,0,1,0,0,6
748,0,0,0,0,0,0,0,0,0,2,6,0,0,0,0,0,0,0,10,3,0,0,0,0,0,0,0,0,0,0,0,0,2,0,0,0,14,0,0,0,0,0,0,0,0,0,0,0,0,3,0,0,0,1,0,6,0,1,0,0,1,0,0,0,0,3,0,0,0,0,0,0,0,0,0,0,0,0,0,0,0,0,0,0,23,0,0,0,0,0,2,4,0,0,0,0,0,1,0,3,0,0,0,0,0,0,0,0,1,11,0,0,0,3,0,0,0,0,0,0,0,1,0,0,0,2,6,0,0,0,0,8,14,0,0,0,0,0,0,0,0,0,0,0,0,1,0,0,0,0,0,0,0,0,0,4,0,2,0,0,0,0,1,0,0,2,1,0,0,0,0,0,0,0,0,0,0,0,0,0,0,0,0,1,4,0,0,0,0,0,0,0,1,0,0,0,0,0,0,0,0,0,0,0,0,0,0,0,0,1,0,0,1,16,0,0,0,0,0,0,0,0,0,0,1,1,0,0,0,0,0,0,2,0,0,0,0,0,0,0,0,0,0,40,0,8,0,0,0,0,0,0,0,0,29,0,0,1,0,0,0,0,1,0,3,0,0,7,0,76,0,0,0,1,24,0,0,4,0,0,1,14,0,0,0,0,1,0,0,0,0,0,0,0,0,0,0,0,0,0,0,0,0,2,1,0,0,0,0,0,9,0,0,0,1,0,0,0,0,0,0,0,0,3,0,0,0,0,0,8
749,0,0,0,0,3,0,0,0,0,7,0,2,0,0,0,0,0,0,0,0,0,0,0,4,0,0,0,0,0,2,0,0,2,1,0,0,0,0,0,0,0,2,0,0,0,1,0,0,0,0,0,1,0,0,0,0,0,0,0,0,4,0,0,0,0,0,0,0,5,0,0,0,0,0,0,1,2,0,0,0,0,0,0,0,0,0,0,0,0,0,0,0,0,0,0,0,0,0,0,11,0,0,0,0,0,0,0,0,0,0,1,0,5,5,0,0,0,0,0,0,0,0,0,0,0,0,0,0,0,0,0,3,0,0,0,0,10,0,1,0,0,0,0,0,0,0,0,0,0,0,1,0,0,0,0,0,0,0,0,0,0,0,0,0,0,0,0,0,0,0,0,0,0,0,3,1,0,3,3,0,0,0,0,1,5,0,0,0,0,0,0,0,0,3,1,0,0,0,0,2,0,0,0,0,0,0,0,0,0,1,4,0,0,0,2,0,0,0,0,0,0,0,0,2,0,3,0,0,0,0,0,0,0,0,0,0,0,0,0,0,0,1,0,27,0,1,30,0,0,0,0,0,0,0,0,0,0,0,0,4,1,13,2,0,0,4,0,0,10,0,3,0,4,0,1,0,2,3,0,0,1,6,0,0,0,0,0,0,0,0,0,0,0,0,0,0,0,0,0,5,0,0,0,3,0,0,0,0,0,0,35,0,0,0,0,2,3,0,0,0,0,0,0,0,0,0,0,0,1,19
750,0,0,0,0,0,0,0,0,0,0,3,0,1,0,0,0,0,0,11,0,2,0,0,0,0,0,3,0,0,0,0,0,2,0,0,2,0,0,0,0,0,1,0,0,0,0,0,0,0,6,0,0,0,0,4,0,0,0,0,0,2,0,0,0,0,1,0,0,2,0,0,0,0,0,0,0,3,0,0,0,0,0,0,0,0,0,0,4,0,0,0,4,0,0,0,0,0,1,1,6,0,0,0,0,0,0,0,3,0,0,0,0,0,11,5,6,0,0,0,0,0,0,0,0,0,0,2,0,0,2,0,0,0,0,0,0,0,0,0,0,0,0,0,0,1,1,0,0,0,0,0,0,0,0,11,9,0,0,0,1,0,0,3,0,0,1,0,0,0,0,0,0,0,0,0,9,0,0,0,0,0,0,4,0,0,9,0,2,0,0,3,9,1,9,0,1,0,0,0,0,0,0,0,0,0,0,0,0,1,0,0,0,0,0,13,0,0,5,0,0,0,0,12,0,4,2,1,0,0,0,0,0,1,0,0,0,1,0,0,1,0,5,0,5,0,1,0,0,0,0,0,0,0,0,0,0,0,1,0,4,0,0,0,0,8,0,0,0,0,0,0,2,0,0,10,0,0,0,0,0,1,2,0,1,0,0,3,0,0,0,0,0,1,0,0,0,0,0,0,0,0,0,0,6,1,2,0,0,0,0,0,2,0,3,2,0,1,0,0,1,0,0,0,0,0,1,0,0,0,9
751,0,0,0,0,0,0,0,0,2,0,0,0,0,1,0,2,0,0,0,0,1,0,0,0,0,0,0,0,0,0,0,21,0,0,0,1,0,0,0,0,0,0,0,2,0,1,0,0,1,0,0,0,4,0,0,0,0,0,0,0,0,0,0,0,0,1,0,0,8,0,0,0,0,0,0,0,0,0,0,0,0,0,0,0,0,1,0,1,0,0,3,1,0,0,0,0,0,5,0,0,0,0,0,0,0,0,0,0,0,0,0,0,1,2,1,0,0,0,0,0,0,0,0,0,0,0,0,0,0,0,0,0,0,0,0,0,0,0,0,0,0,0,0,0,4,0,0,0,0,0,0,85,0,0,0,2,0,6,0,0,2,0,12,0,0,1,0,0,1,36,0,0,0,0,0,0,0,0,0,1,0,0,0,18,0,0,0,0,0,0,0,0,0,0,0,0,0,0,0,0,0,0,1,0,0,0,0,0,1,0,0,0,0,0,2,1,8,0,0,0,0,1,0,0,0,0,0,0,0,0,3,0,0,0,0,0,0,0,0,0,0,4,0,1,3,41,28,0,27,0,0,0,0,0,0,0,0,0,0,0,0,0,0,1,0,5,0,9,1,0,0,0,0,6,0,0,0,0,0,0,2,0,2,0,0,0,0,0,0,0,0,0,0,0,0,0,0,0,0,1,0,0,0,10,0,0,0,0,0,0,1,0,0,4,0,0,0,0,0,4,1,0,0,1,0,0,0,0,0,43
752,0,0,0,2,0,1,0,2,0,0,0,0,0,1,0,0,15,0,0,1,0,0,0,0,0,0,0,0,0,0,0,0,1,1,0,3,0,0,0,0,0,0,0,0,0,0,0,0,0,0,0,1,0,0,0,0,0,11,0,0,20,0,0,0,0,0,0,0,7,0,0,0,0,0,0,5,0,0,0,0,0,0,0,22,0,0,0,0,0,0,0,2,1,0,0,0,0,0,0,11,0,0,5,0,0,0,0,0,0,0,0,0,0,20,0,0,0,0,0,0,0,0,0,0,0,0,0,0,0,0,0,0,0,0,1,1,3,0,0,4,0,0,0,0,0,0,0,0,0,0,0,0,0,0,0,0,0,0,0,0,0,0,0,0,0,1,0,1,0,0,0,0,0,0,4,1,0,6,0,2,0,0,0,0,3,0,0,4,0,0,0,0,0,20,0,0,0,0,0,0,0,0,0,0,3,0,0,0,0,1,0,2,0,0,0,0,0,0,0,0,0,0,0,0,0,0,0,0,0,0,0,0,0,1,0,0,6,1,0,0,0,2,0,3,0,3,13,0,1,0,0,4,0,1,0,2,0,0,0,0,2,0,3,0,0,2,0,0,5,34,1,0,7,0,0,1,0,0,0,0,2,1,0,0,0,0,0,0,0,0,0,0,0,0,0,21,0,0,0,0,0,5,0,0,0,4,0,0,0,0,0,0,0,0,0,0,0,0,1,0,0,0,0,0,0,0,0,1,0,0
753,0,0,0,0,0,1,1,0,0,0,2,0,0,0,1,4,0,0,0,4,0,0,0,1,0,0,0,0,0,0,0,0,1,0,0,0,0,0,0,0,0,2,0,0,0,0,0,0,0,6,0,0,5,0,3,0,0,0,0,0,4,0,0,0,0,0,1,0,0,0,0,0,0,0,0,0,0,0,0,0,0,0,0,0,2,0,0,0,0,0,2,1,0,0,0,0,0,8,0,0,3,0,0,0,1,0,0,0,0,2,6,0,0,1,0,0,0,0,0,0,0,0,0,0,0,0,0,0,0,2,0,0,0,0,0,0,0,0,0,0,0,0,0,0,0,0,1,0,0,0,0,0,0,0,0,0,0,0,0,0,0,0,3,0,0,0,10,0,0,21,0,0,0,8,0,0,0,0,0,0,0,0,0,27,0,0,0,0,0,0,0,3,0,0,0,0,0,0,0,1,0,0,0,0,0,0,0,0,0,0,0,0,0,0,3,0,0,0,0,5,0,0,0,0,0,0,0,0,0,0,12,0,0,0,0,0,0,0,0,0,0,4,0,2,0,43,5,3,14,0,1,0,0,13,1,0,0,0,0,0,4,1,0,1,6,0,0,0,0,0,0,0,0,12,1,0,0,0,0,0,0,0,0,3,0,0,0,0,0,2,0,0,0,0,0,0,0,0,3,0,0,0,0,7,0,0,0,0,0,0,0,0,0,0,1,0,0,0,0,0,0,5,0,0,0,0,2,0,0,46
754,0,0,0,0,0,1,0,0,0,0,0,0,1,0,0,0,0,0,19,2,0,0,0,0,0,0,4,0,0,0,0,0,7,0,0,0,0,31,0,0,0,8,1,3,1,1,4,0,0,0,0,0,0,0,26,0,0,0,0,0,2,0,9,0,0,2,0,0,0,2,0,0,2,0,0,0,0,0,0,0,0,0,0,1,0,0,0,0,0,0,0,1,1,0,0,0,0,0,0,0,0,0,0,0,0,0,0,0,0,16,0,0,0,0,0,0,0,0,0,0,8,0,0,0,0,0,0,0,0,0,0,12,0,0,10,0,0,0,10,0,0,0,0,0,0,0,0,0,0,0,0,5,0,1,0,0,2,0,0,0,0,0,2,0,1,1,0,0,0,0,0,0,0,0,0,2,0,0,1,0,15,0,11,2,0,11,0,3,0,0,0,0,0,13,1,0,0,0,0,0,0,0,0,0,0,0,0,0,0,1,0,0,0,6,21,0,0,0,2,0,0,0,0,0,2,2,0,0,0,0,0,0,0,0,3,0,0,0,0,0,0,1,0,30,0,3,0,0,3,0,1,0,0,0,0,0,0,0,0,0,0,9,0,0,3,0,0,0,0,0,0,0,0,0,3,0,0,0,0,0,0,0,0,0,0,0,0,0,0,0,0,0,0,0,0,0,0,0,0,0,0,0,0,10,0,0,0,1,0,0,0,1,0,0,1,1,2,0,0,0,0,0,0,0,0,0,0,0,0,7
755,0,0,0,0,1,1,0,0,0,2,2,0,1,0,0,0,0,0,0,3,0,1,0,0,0,0,0,0,0,0,0,0,0,0,0,0,10,0,0,0,0,9,0,0,0,0,0,0,4,0,2,0,0,0,5,0,0,0,0,0,0,0,0,0,1,0,0,0,5,0,0,0,0,1,0,1,0,8,8,0,0,0,0,0,0,0,0,0,0,0,0,2,0,0,0,0,1,0,1,4,0,0,0,0,0,0,0,0,0,0,1,1,4,10,0,0,1,0,0,0,0,0,0,0,0,4,0,0,0,1,0,0,0,0,0,0,0,0,0,0,0,0,0,0,0,2,0,0,0,0,0,0,1,0,0,0,1,2,0,2,0,0,3,0,0,2,1,0,0,0,0,0,0,0,0,0,0,0,1,0,0,0,0,0,0,0,0,0,0,0,0,0,0,8,0,0,0,0,1,0,0,0,0,0,0,0,0,0,1,0,0,0,0,0,9,0,0,0,0,0,0,0,0,0,0,8,4,0,2,0,0,0,0,1,0,0,3,3,0,1,3,5,0,16,0,2,0,2,0,0,0,0,0,0,0,0,0,0,0,0,2,0,0,1,3,0,0,0,0,0,0,0,0,0,0,0,0,0,0,0,0,0,0,0,0,0,0,0,0,0,0,0,0,0,3,5,1,0,7,0,0,0,0,5,1,0,0,0,0,0,0,1,0,0,0,0,0,0,1,0,0,0,0,0,0,0,3,0,0,1
756,1,0,0,0,5,0,0,0,0,15,0,0,0,0,0,0,1,0,0,4,0,0,0,1,0,2,0,0,2,0,0,0,3,0,0,0,0,0,0,0,0,3,1,0,3,0,4,2,0,9,0,0,0,0,3,0,0,0,0,3,3,0,0,0,0,1,0,0,3,0,0,0,0,0,0,0,0,0,0,0,0,0,0,0,0,0,0,0,0,0,0,1,0,0,0,0,0,0,0,0,2,0,0,0,0,0,0,0,0,0,0,0,0,0,0,0,0,0,0,0,0,0,0,0,0,0,0,0,0,3,0,0,0,0,0,0,0,0,1,0,0,0,0,0,0,0,1,0,1,0,0,0,7,0,4,0,0,0,0,0,1,0,3,0,0,2,0,0,0,4,0,0,0,5,0,1,0,1,0,0,0,0,0,0,0,0,0,0,1,0,0,0,0,0,0,1,0,0,0,0,0,0,0,0,0,0,0,0,2,0,0,0,0,0,2,0,7,0,0,21,0,0,0,1,0,0,0,10,0,0,0,1,0,0,0,0,0,0,4,0,0,3,0,0,8,2,35,0,18,0,0,0,0,11,0,0,0,0,0,0,2,0,0,0,25,0,0,0,0,2,0,0,0,0,2,0,0,0,0,0,0,0,0,0,0,0,0,0,0,0,0,0,0,0,0,0,0,0,0,0,0,0,0,6,0,0,0,0,0,0,0,0,0,0,1,0,0,0,0,0,0,0,0,0,0,0,0,0,0,47
757,0,0,0,0,0,2,0,0,0,4,1,0,0,0,0,0,0,0,0,1,0,0,0,0,0,0,0,0,0,0,0,0,9,0,3,0,8,0,0,0,0,3,0,0,0,0,0,3,0,2,0,0,0,0,16,0,0,0,0,0,0,5,0,0,0,1,0,0,2,2,0,0,0,0,0,0,0,0,0,0,0,0,0,0,9,0,0,0,0,0,0,1,0,0,0,0,0,0,0,0,0,0,0,0,0,0,0,0,0,0,2,0,0,0,0,1,0,0,0,0,4,0,3,0,0,0,0,0,0,0,0,0,0,0,0,0,0,0,0,0,0,0,0,0,0,0,0,0,0,0,0,9,0,0,0,0,0,0,0,0,0,0,2,0,0,0,0,0,0,1,0,0,1,0,0,4,0,0,0,1,0,1,4,0,0,4,0,0,0,0,5,0,0,0,0,2,1,0,0,0,0,0,0,1,0,0,0,0,0,0,0,0,0,6,4,0,0,0,0,0,12,1,0,0,0,2,0,1,0,3,0,0,1,0,0,0,0,0,0,0,0,2,0,5,0,4,1,3,3,3,0,0,0,0,0,0,0,1,7,0,0,7,0,2,2,0,0,0,0,27,0,0,0,0,6,4,0,0,0,0,1,0,0,0,0,0,0,0,0,0,0,0,0,0,0,0,0,0,0,0,0,0,0,24,0,0,0,0,1,0,16,0,0,0,2,0,0,0,0,0,0,0,0,0,0,0,3,0,0,3
758,0,0,17,0,0,1,0,0,0,10,0,0,0,1,0,0,0,0,0,10,0,0,0,1,0,0,25,0,0,0,0,0,2,0,0,2,0,43,0,0,0,0,0,0,0,1,6,0,0,17,0,0,0,0,5,0,0,0,0,0,1,0,0,0,0,3,0,0,0,0,0,0,0,0,0,0,0,0,0,0,0,0,0,0,0,0,3,0,1,0,0,1,0,1,0,0,0,0,4,1,0,0,0,0,0,0,0,0,0,1,0,0,0,3,0,0,0,0,0,0,0,0,0,0,0,1,0,0,0,0,0,12,0,0,0,0,0,0,0,0,0,0,0,0,0,1,0,0,0,1,0,0,5,0,0,2,0,0,0,0,2,0,13,0,0,0,0,0,0,15,0,0,0,0,1,0,0,0,0,0,0,0,0,0,0,0,0,12,0,0,0,0,0,0,0,0,0,0,0,0,0,0,0,0,0,0,0,0,0,0,0,0,0,0,1,2,0,5,0,0,20,0,0,0,0,0,0,0,0,0,4,0,0,0,0,0,1,0,0,0,0,5,0,1,0,37,19,0,0,0,0,2,0,0,0,0,0,0,0,0,2,0,0,0,0,2,0,0,0,0,0,0,0,6,0,1,0,0,0,0,0,0,0,0,5,0,0,0,0,0,0,0,0,0,6,0,0,0,3,2,0,0,0,0,0,0,9,0,0,1,1,0,0,0,1,0,0,0,0,0,1,0,0,0,0,0,0,0,0,28
759,0,0,0,0,6,4,0,0,0,41,0,0,0,0,0,0,0,0,0,3,0,0,1,0,0,0,24,0,0,0,0,0,1,0,0,0,0,0,0,0,0,0,0,2,1,0,0,1,5,14,0,0,0,0,0,0,0,0,0,2,1,0,0,0,0,0,0,0,3,2,6,0,0,4,1,0,0,0,0,0,0,0,0,6,0,0,0,0,0,0,1,1,0,0,0,0,0,0,0,0,0,0,0,0,0,1,0,0,0,0,0,0,0,2,5,2,0,1,0,0,0,0,1,0,0,0,0,0,0,0,0,15,0,0,0,0,0,0,0,0,1,0,0,1,0,0,0,0,0,0,0,0,0,0,0,0,2,0,0,0,2,0,3,0,10,1,0,0,0,9,5,0,0,0,2,0,1,0,0,0,0,0,1,0,0,0,0,0,0,0,0,9,0,4,0,10,0,0,0,0,0,0,0,0,0,0,0,1,0,0,0,0,0,0,2,0,0,0,0,0,0,0,0,1,0,1,0,0,0,0,0,0,0,0,0,0,0,0,0,0,0,0,0,0,0,25,0,0,20,0,0,0,0,0,0,0,0,0,0,0,0,0,0,0,9,0,0,0,0,0,2,1,1,0,0,1,0,0,0,0,0,0,0,0,0,0,0,0,1,0,0,3,0,0,0,0,0,0,0,0,0,0,0,8,0,0,0,0,0,0,3,0,0,0,0,1,0,0,0,0,0,3,0,0,0,0,0,5,1,68
760,0,0,1,0,0,1,0,6,0,1,0,0,1,0,0,0,0,0,0,1,0,0,0,0,0,0,0,0,0,0,0,0,0,0,2,0,0,0,0,0,1,0,1,3,0,0,6,0,0,4,0,0,0,1,5,0,0,0,0,0,1,0,0,0,1,0,0,0,5,0,0,0,0,0,0,2,0,0,0,0,0,0,0,0,0,1,0,0,0,0,0,1,0,0,0,0,0,0,0,0,0,0,0,0,0,0,0,0,0,0,0,0,0,4,0,0,0,0,0,0,5,0,3,0,0,0,0,0,0,0,0,0,0,3,0,0,0,0,0,0,0,2,0,0,0,0,0,0,0,0,0,0,0,0,0,0,0,0,0,0,0,0,1,0,0,0,0,0,0,1,0,0,0,6,0,0,0,0,0,0,0,0,9,0,0,0,0,0,0,0,0,0,0,0,0,1,0,0,0,0,0,0,0,0,0,0,0,0,0,0,0,2,0,0,15,0,0,0,0,0,0,0,0,0,0,0,0,0,0,0,0,0,0,0,0,0,3,0,0,0,0,3,0,25,0,0,0,0,7,0,1,0,0,0,0,0,15,1,0,0,1,0,0,1,0,0,0,9,0,0,0,0,0,1,14,0,0,0,0,0,0,0,0,0,0,0,9,7,0,0,0,0,0,0,0,0,0,0,0,0,0,0,0,11,0,0,0,0,0,0,0,0,0,0,0,2,0,0,0,0,4,0,0,0,1,0,2,0,0,9
761,0,0,30,7,0,2,0,0,2,0,1,0,0,0,0,0,0,0,0,2,0,0,0,0,0,0,0,0,0,0,0,9,0,0,0,0,0,0,3,0,1,0,1,0,0,0,0,0,0,0,1,0,3,0,0,0,0,0,0,0,0,0,0,0,0,0,0,0,0,0,0,1,0,0,0,0,0,0,0,0,0,0,0,0,0,0,0,0,0,0,0,1,0,0,0,0,0,0,12,1,0,0,0,0,0,1,2,0,0,0,0,0,1,2,4,0,0,0,0,0,0,0,0,0,1,0,1,0,0,0,0,9,1,1,0,0,0,0,0,1,0,0,6,0,0,0,0,0,0,0,0,0,0,0,0,0,0,0,0,0,0,0,5,0,5,1,4,0,0,4,0,0,0,0,0,0,0,0,0,0,0,0,5,0,0,0,0,0,0,0,0,0,0,0,0,2,0,0,0,0,0,0,0,0,0,0,0,0,0,0,0,0,0,0,4,1,0,7,0,0,0,0,0,0,0,1,0,0,0,0,0,0,0,0,0,0,0,0,0,0,0,0,0,1,9,32,0,3,6,0,0,1,0,0,0,0,0,0,0,0,0,0,1,0,4,0,0,0,3,0,0,0,0,0,4,0,0,1,0,0,0,0,0,1,0,0,0,0,0,0,0,1,0,1,0,0,1,0,0,0,0,0,0,8,0,0,0,0,0,0,0,0,0,0,0,1,0,0,0,0,0,5,0,0,0,0,0,6,0,16
762,0,0,0,0,0,8,0,1,4,2,0,0,0,0,0,0,0,0,0,0,3,0,0,2,0,2,0,1,2,0,0,0,1,0,0,0,0,0,0,0,0,0,0,5,0,0,0,0,0,12,0,0,15,0,0,0,0,0,0,0,2,0,3,3,0,6,0,0,3,0,0,0,0,2,0,0,0,0,5,0,0,0,0,0,0,1,0,0,0,0,2,0,0,0,0,0,0,0,6,0,0,0,0,0,0,0,0,0,0,0,0,0,1,0,0,0,0,0,1,0,0,0,0,0,1,1,0,0,0,0,0,0,0,0,0,0,0,0,0,0,0,0,0,0,0,0,0,0,0,0,5,0,0,0,1,0,0,0,0,0,0,0,5,0,0,1,0,0,0,6,0,2,0,0,0,0,0,0,0,0,0,0,0,0,0,0,0,0,0,0,0,0,0,0,0,2,0,0,0,0,0,0,0,0,0,0,0,0,0,0,0,0,0,8,4,0,0,0,0,4,0,0,1,0,0,0,4,0,0,0,9,0,0,0,0,0,0,0,0,0,0,0,0,1,0,41,0,0,0,0,0,0,0,0,1,16,0,0,0,0,0,0,0,0,23,7,0,0,0,1,0,0,0,0,4,0,0,0,0,0,0,0,0,0,0,0,0,0,0,0,0,3,0,0,0,2,2,0,0,0,1,0,0,9,0,0,5,0,0,0,1,0,0,0,1,0,0,0,0,5,0,3,0,0,0,0,0,0,0,100
763,0,0,0,0,0,0,0,0,0,5,0,0,0,0,0,0,30,0,9,1,0,2,0,4,0,0,0,0,0,0,0,0,1,1,1,0,0,0,0,0,0,0,0,0,0,0,0,0,2,0,0,0,0,0,0,0,0,0,0,0,0,0,5,1,4,0,7,1,3,0,1,0,0,0,0,1,1,0,0,1,0,1,0,0,0,0,0,0,0,0,0,0,0,2,0,0,0,0,0,6,1,0,0,0,0,0,0,0,0,15,0,1,6,2,0,1,0,0,15,0,0,0,0,0,0,0,0,0,0,24,0,0,0,0,1,0,3,0,2,4,0,0,1,0,1,15,0,0,0,0,0,0,0,0,0,0,0,0,0,0,0,0,1,0,0,5,0,0,0,0,2,7,0,0,3,1,0,0,5,7,0,0,0,0,4,0,1,0,0,0,0,0,0,0,0,27,0,0,0,2,0,0,0,0,0,0,0,0,0,3,0,0,1,0,1,0,0,1,0,0,1,0,0,0,0,2,0,0,0,1,0,0,9,5,0,0,5,0,0,0,0,0,0,8,0,3,11,0,4,0,0,0,0,0,0,0,0,0,0,0,0,0,0,0,0,0,0,0,0,0,7,0,0,0,1,0,0,0,0,9,0,0,0,0,0,0,0,0,0,0,0,0,0,0,0,8,0,0,0,3,0,0,0,3,0,8,0,0,0,0,8,0,0,7,1,0,3,0,0,1,0,0,0,0,0,0,0,0,0,16
764,0,0,0,14,0,0,0,0,0,8,0,0,0,1,0,0,0,0,0,1,0,0,0,4,0,0,0,0,0,0,0,0,0,0,0,0,2,0,1,0,0,1,0,0,13,0,1,0,0,0,1,0,0,0,0,0,0,0,0,0,12,0,0,0,2,1,5,0,8,0,0,0,0,0,0,0,0,0,0,1,0,0,0,0,0,0,0,0,0,2,0,1,0,0,0,0,0,0,0,0,0,0,1,0,0,0,3,0,0,0,0,0,0,1,0,1,0,0,0,0,0,0,0,0,0,0,0,0,0,16,0,0,0,0,0,0,0,0,0,0,0,3,0,0,0,0,0,0,1,0,0,0,0,0,0,0,0,0,0,0,0,0,0,1,8,0,0,1,0,0,0,0,1,0,0,1,0,0,5,0,0,4,0,0,0,0,0,0,0,0,0,0,0,0,0,11,1,0,0,0,0,0,1,0,2,0,0,0,0,0,0,5,0,0,3,0,0,0,0,0,0,0,0,0,0,2,1,0,5,0,1,0,12,0,0,1,2,0,0,0,0,0,0,14,0,2,41,0,0,0,0,0,0,0,0,0,2,0,0,1,0,0,4,0,0,0,0,0,3,0,1,0,0,0,0,0,0,1,0,0,0,1,0,0,0,1,0,0,0,0,1,0,0,0,0,0,0,0,0,7,0,0,0,0,0,0,0,0,0,0,4,1,0,0,6,0,0,0,0,0,0,0,0,0,0,0,0,0,1,24
765,0,0,0,0,0,0,1,0,0,0,0,0,0,0,0,0,0,0,0,0,0,0,3,9,0,0,0,0,0,0,0,0,1,0,0,0,0,0,0,0,1,1,0,0,0,2,0,0,0,0,0,0,0,0,0,0,0,0,0,0,31,0,0,0,0,1,0,0,3,0,0,0,0,0,0,1,0,0,0,0,0,0,0,0,0,0,0,0,0,0,0,1,0,0,0,0,1,0,0,0,1,0,0,0,0,0,0,0,0,0,0,0,25,4,2,0,0,0,8,0,0,0,0,0,0,0,0,0,0,41,0,4,0,0,1,0,0,0,0,0,4,2,2,0,0,0,0,0,0,0,0,0,0,0,0,0,1,0,0,0,0,0,1,0,0,0,0,1,0,0,0,0,0,0,5,0,0,0,4,1,0,0,0,0,0,0,0,0,0,0,0,0,0,0,0,14,0,0,0,0,0,0,0,0,0,0,0,0,0,1,0,0,0,0,0,0,0,0,0,0,0,0,1,0,0,2,0,0,0,0,1,0,0,0,0,1,3,1,0,0,0,2,0,13,0,2,0,0,0,6,0,0,0,1,0,0,0,0,0,0,0,0,2,0,0,0,0,6,0,0,0,0,0,0,3,1,0,0,0,1,2,0,40,0,0,0,0,6,0,0,0,0,0,0,3,0,0,0,0,3,0,0,0,10,0,0,0,0,0,3,30,0,1,0,0,0,0,0,0,0,0,0,0,0,0,14,0,0,0,11
766,0,0,0,0,0,1,0,0,0,2,0,1,0,0,0,0,0,0,0,2,1,3,0,3,0,0,0,0,0,0,0,23,0,0,24,0,0,0,0,6,0,0,0,0,0,0,0,0,0,9,0,3,0,0,0,0,0,5,0,0,2,0,0,4,0,0,4,0,4,0,0,1,0,0,0,0,0,0,0,0,0,0,0,0,0,0,0,0,2,0,0,3,2,0,0,0,0,9,0,0,0,1,0,0,0,0,0,0,0,0,6,0,0,2,0,0,0,0,1,0,0,2,0,0,0,0,0,0,0,0,0,0,0,1,1,0,1,3,0,0,0,0,0,0,0,0,0,0,0,0,0,0,0,0,2,0,0,0,0,0,0,0,12,0,0,1,0,0,0,5,0,0,0,8,0,1,0,0,0,0,0,0,2,0,0,0,0,0,0,0,0,0,0,0,0,0,0,0,0,1,0,0,0,0,0,0,0,0,0,0,0,0,0,12,1,0,4,0,0,0,0,0,0,0,0,0,2,0,0,0,0,0,0,0,0,0,1,0,0,0,0,2,0,3,0,123,26,0,24,0,0,0,0,0,0,0,0,0,0,0,0,0,0,0,0,10,0,8,0,0,1,0,0,2,1,0,1,0,0,0,0,0,0,1,0,0,0,0,0,0,0,0,0,0,0,0,0,0,0,0,0,0,0,9,0,0,0,0,0,0,1,1,0,0,0,0,0,0,0,0,0,0,0,0,0,0,0,0,1,50
767,0,0,0,0,0,0,0,0,8,0,0,0,0,0,0,0,0,0,0,1,0,0,0,1,2,0,0,0,0,0,0,0,0,2,0,0,0,0,0,0,1,0,2,0,0,1,3,1,5,1,0,0,4,0,0,0,0,4,0,0,20,0,0,0,0,0,0,0,0,0,0,0,0,0,0,0,0,0,0,6,0,0,0,0,2,0,3,0,0,0,0,0,0,2,0,1,0,0,0,15,1,0,0,0,0,0,0,0,0,0,0,0,0,12,0,0,0,0,0,0,0,0,0,0,0,0,0,0,0,0,0,0,0,0,0,0,14,0,2,0,0,0,0,0,0,0,0,0,0,0,2,0,0,0,0,1,0,1,0,0,0,0,0,0,0,3,0,1,0,1,0,0,0,1,1,0,0,0,0,5,1,5,4,0,0,0,0,5,0,0,0,0,0,6,0,8,0,0,0,4,0,0,0,0,0,0,0,0,0,0,0,0,0,0,2,0,0,0,0,0,0,0,0,0,0,4,0,0,0,0,0,0,0,0,0,0,0,0,0,0,0,0,0,0,0,0,0,0,0,0,0,0,0,0,0,0,0,0,0,0,0,0,1,0,0,0,0,0,0,36,0,0,3,0,0,0,0,0,0,0,0,3,0,0,0,0,0,0,0,0,0,0,0,0,0,0,0,0,4,2,0,5,0,3,0,0,0,0,0,0,37,1,0,0,9,0,0,0,0,0,0,0,1,0,0,0,0,0,0,34
768,0,0,0,0,0,1,0,0,0,0,1,0,0,0,1,0,0,2,0,5,0,0,0,2,0,0,0,0,0,0,0,0,2,0,0,0,0,0,3,5,1,0,0,0,0,0,0,0,0,9,0,3,0,0,6,0,0,0,0,0,2,0,0,0,0,0,0,0,17,0,0,0,0,0,0,0,0,0,4,0,0,0,0,0,0,0,0,0,0,0,0,2,0,0,0,0,0,0,5,0,1,1,1,0,0,0,3,0,0,0,0,0,0,3,5,0,0,0,0,0,0,0,0,0,0,0,0,2,0,0,0,0,0,0,0,0,0,0,0,0,0,0,0,0,0,0,0,0,0,0,0,9,0,0,0,0,0,0,0,0,3,0,6,0,0,2,3,0,0,3,0,0,0,0,0,0,0,0,0,0,0,0,0,0,0,0,1,0,0,0,0,0,0,0,0,3,0,17,0,0,0,0,0,0,0,0,0,0,0,0,0,0,0,9,1,0,0,0,0,0,6,0,0,0,0,0,10,0,0,0,2,0,0,0,0,0,0,0,1,0,1,0,0,1,0,12,19,0,0,0,0,0,0,0,0,0,7,0,0,0,11,0,0,0,0,0,0,8,0,0,0,0,0,0,2,0,0,0,0,0,0,0,0,0,0,0,0,0,0,1,0,0,0,0,0,10,1,0,0,0,0,0,0,4,0,0,0,8,0,0,1,0,0,0,0,1,0,0,3,0,0,2,0,0,0,0,2,0,0,41
769,0,0,0,0,0,1,0,0,0,26,0,0,0,0,0,0,0,0,0,0,0,0,0,0,0,3,0,0,0,0,0,0,0,0,0,2,3,0,0,0,0,2,0,0,0,0,0,0,1,8,0,0,0,0,0,0,0,0,3,2,1,0,0,0,0,0,0,0,2,1,0,0,0,0,0,0,0,0,0,0,0,0,0,2,0,0,0,0,1,0,3,1,0,0,0,0,0,0,8,1,0,0,1,0,0,0,0,0,0,0,0,0,0,3,0,0,0,0,1,0,0,5,0,2,0,0,0,0,0,1,0,15,0,0,0,0,0,0,0,0,0,0,0,1,0,0,0,0,0,0,2,0,14,0,1,0,0,0,0,1,0,0,9,0,0,1,0,0,0,7,0,0,0,0,1,0,0,0,1,0,2,0,0,0,0,0,0,0,0,0,0,0,0,0,0,3,0,0,0,1,0,0,0,0,0,0,0,0,0,1,5,0,0,0,3,0,0,0,0,15,0,0,0,0,0,0,0,0,0,0,2,0,0,0,0,0,0,0,0,0,0,0,1,1,0,66,45,4,24,0,0,0,0,0,5,0,0,0,0,0,0,1,1,0,2,8,0,0,0,0,0,2,0,0,4,0,0,0,0,0,0,0,0,1,0,0,0,0,1,0,0,0,0,0,0,0,0,0,2,0,0,0,0,12,0,0,0,0,0,0,0,0,0,0,0,1,1,0,0,0,0,0,0,5,0,1,0,0,0,2
770,0,0,0,0,0,1,0,18,0,5,2,0,0,0,0,0,0,0,16,0,0,0,0,0,0,0,0,0,0,0,0,0,4,0,0,0,7,33,0,0,0,0,0,0,0,0,4,4,0,0,0,0,0,0,0,0,0,0,0,0,1,3,11,1,0,0,0,0,0,0,0,0,0,0,0,0,2,0,0,0,0,0,0,0,0,0,0,0,0,0,0,1,0,0,0,0,0,0,0,1,4,0,0,0,0,0,0,0,0,0,0,0,0,2,10,0,0,0,0,0,0,1,0,0,0,3,3,0,0,4,0,0,0,0,5,0,0,0,0,6,0,16,0,0,0,0,0,0,0,0,0,5,0,0,0,1,0,0,0,0,0,0,6,0,0,0,0,0,0,0,0,0,1,6,0,0,0,0,1,0,0,0,0,0,0,0,0,0,0,0,0,0,0,0,0,0,0,0,0,1,1,0,0,0,0,0,0,0,0,0,0,5,0,11,6,0,0,0,0,0,0,2,0,0,0,0,0,0,0,0,0,2,0,0,0,0,0,0,0,0,0,1,0,21,0,2,1,0,2,0,0,0,0,0,0,0,0,0,0,0,0,0,0,0,9,0,0,0,0,0,0,0,3,0,9,0,0,1,0,0,0,0,0,1,0,0,0,0,0,1,0,0,0,0,0,0,0,0,0,0,0,0,0,19,0,0,0,0,0,0,3,1,0,0,0,0,0,0,1,0,0,0,0,0,0,0,0,0,0,0
771,0,0,0,0,0,5,22,0,1,0,0,0,1,0,0,0,0,0,0,0,1,0,0,0,0,8,0,0,0,0,0,0,3,0,0,1,11,0,0,3,1,17,0,0,0,0,0,0,0,19,0,0,0,0,9,0,0,0,0,0,0,0,0,0,0,0,0,0,16,0,0,0,0,0,0,0,0,16,0,4,0,0,0,0,0,0,6,0,1,0,0,2,0,0,0,0,2,0,1,8,5,0,0,0,0,1,0,5,0,0,0,0,0,9,8,0,0,0,28,0,0,0,0,0,0,0,0,0,0,0,0,0,0,0,4,0,0,0,0,0,0,0,0,0,0,0,0,0,0,0,0,0,1,0,0,0,0,0,0,0,0,0,6,0,0,1,0,0,0,0,1,0,0,0,0,5,0,0,0,1,24,0,0,0,0,0,0,0,0,0,0,4,0,8,0,2,0,0,0,0,0,0,0,1,0,0,1,0,0,1,0,0,0,7,16,0,0,9,0,0,0,0,3,0,1,0,0,0,4,0,0,0,0,0,0,0,0,0,0,0,0,1,0,11,0,4,0,0,0,0,1,0,3,3,0,0,0,0,27,0,1,0,0,0,2,0,0,0,0,0,0,0,1,0,18,2,1,0,0,0,0,0,0,0,0,0,0,0,0,0,0,0,10,0,0,0,0,0,0,0,0,0,0,9,0,0,0,0,0,0,7,0,0,0,5,0,0,0,0,0,0,0,0,0,0,0,0,0,0,0
772,0,0,0,0,0,3,0,0,0,0,0,0,1,0,0,0,0,0,0,0,0,0,0,0,0,0,0,0,0,1,0,2,1,0,0,0,1,0,0,0,0,0,1,0,0,0,0,0,0,0,0,0,0,0,0,0,0,0,1,0,1,0,0,0,0,1,0,0,7,2,0,0,3,1,0,2,0,0,0,3,0,0,0,0,0,0,4,0,2,0,0,2,0,0,1,0,0,0,0,0,0,0,0,0,0,0,0,0,0,0,0,0,0,5,0,0,0,0,0,0,3,0,0,0,0,0,0,0,0,0,0,0,0,0,0,0,1,5,0,0,0,0,0,0,1,0,0,1,0,0,0,0,1,0,0,0,0,10,0,0,0,0,3,0,0,0,0,0,0,0,1,0,0,0,0,1,0,0,0,0,0,0,0,0,0,0,0,1,0,0,0,0,0,0,0,0,0,0,0,0,0,0,0,0,0,0,0,0,0,1,0,0,0,6,11,0,0,0,3,0,0,0,0,6,0,3,0,0,0,0,0,0,0,0,0,0,0,3,0,0,0,0,0,3,0,1,0,2,6,0,0,0,0,0,20,0,0,0,6,0,0,0,0,1,8,0,0,0,0,0,0,1,2,0,7,0,0,0,0,0,0,3,0,0,0,0,0,0,0,0,5,4,0,0,0,0,0,0,0,0,0,0,0,0,0,0,0,0,0,0,0,2,0,0,1,0,0,0,0,0,0,0,0,0,0,0,0,0,0,1
773,2,0,0,0,0,0,0,0,0,0,0,0,0,1,0,0,0,0,2,0,0,1,0,5,0,0,0,0,0,0,0,0,0,0,0,0,3,0,0,0,0,0,0,0,8,1,1,0,0,1,0,0,0,3,0,0,0,0,0,0,16,0,0,0,0,0,5,1,3,0,1,0,0,0,0,2,0,0,0,0,0,0,0,0,2,0,0,0,0,0,0,1,0,0,0,1,0,1,0,3,0,0,0,0,0,2,0,0,0,23,0,0,0,3,0,0,0,0,0,0,0,0,0,0,0,0,0,0,0,0,0,0,0,0,0,0,0,0,0,0,0,0,2,10,1,0,0,5,0,0,0,1,0,0,0,1,0,0,0,0,0,0,0,0,0,2,0,1,0,0,0,0,0,0,5,0,0,0,5,0,0,2,0,3,0,0,0,0,0,0,15,0,0,4,0,16,0,0,0,7,0,0,0,0,0,0,0,0,0,0,0,0,0,0,1,0,1,0,0,0,0,0,1,1,0,0,0,0,0,0,1,0,0,0,0,0,2,0,0,0,0,2,0,21,0,2,23,0,0,0,0,0,0,0,0,0,0,0,0,0,2,0,0,1,0,5,0,0,0,0,0,0,0,1,0,0,0,3,0,0,0,1,85,0,0,0,0,0,0,0,0,0,0,0,0,0,0,0,0,5,0,0,0,1,0,0,0,0,0,4,9,0,0,3,3,0,0,0,0,0,0,0,0,0,0,12,0,0,0,21
774,0,0,21,0,0,2,0,0,0,32,0,0,0,0,0,0,0,2,0,3,0,0,0,2,0,0,20,0,11,0,0,16,3,0,0,0,0,0,0,0,0,0,0,0,0,0,6,0,0,0,2,0,12,0,0,0,0,0,0,0,1,0,2,0,0,0,1,0,4,2,0,0,0,0,0,0,0,0,0,0,0,0,0,0,3,0,0,3,0,0,0,1,0,2,0,0,0,0,5,0,0,0,0,0,0,0,0,0,0,1,0,0,0,3,0,2,2,0,0,0,4,0,1,4,0,0,0,0,0,0,3,1,0,0,0,0,0,3,0,0,0,0,0,0,2,0,0,0,0,0,0,0,12,0,4,0,0,0,0,0,0,0,3,0,0,0,0,0,0,5,1,0,0,8,1,0,0,0,0,0,1,0,0,0,0,0,0,0,0,0,0,5,0,0,0,1,0,0,0,0,0,0,0,0,0,0,0,0,0,1,0,0,0,0,4,0,0,0,0,0,0,0,0,0,0,0,0,0,0,0,0,0,0,0,16,0,0,0,0,0,1,1,0,0,0,25,0,0,6,11,1,0,0,0,0,0,0,0,1,4,6,0,0,0,3,5,0,0,0,5,0,0,0,6,3,0,0,0,0,0,1,0,0,0,0,0,0,0,0,0,0,0,0,1,0,0,0,0,0,0,0,3,0,6,1,0,4,0,0,0,2,0,0,2,0,2,0,0,2,0,0,0,0,5,0,0,0,0,0,43
775,0,0,7,0,0,2,0,0,0,30,0,0,0,0,0,0,2,0,0,0,2,0,0,0,0,0,0,0,1,0,0,0,2,0,0,0,6,0,0,0,0,0,0,0,0,0,19,0,0,38,0,0,0,0,0,0,0,0,2,5,2,0,0,0,0,6,0,0,0,0,0,0,0,0,1,0,0,0,0,0,0,0,0,2,1,0,0,0,0,0,0,1,0,0,0,1,0,0,0,0,0,0,0,1,0,0,0,0,0,0,0,2,3,1,0,2,0,0,0,0,3,0,0,0,1,0,0,1,0,0,0,0,0,0,0,0,1,0,0,0,0,0,0,0,2,0,0,0,0,0,0,0,2,0,0,0,0,0,0,0,0,0,1,0,0,1,0,2,0,0,0,0,0,0,0,1,0,0,0,0,0,0,0,0,0,0,0,0,0,0,0,0,0,0,0,5,0,0,0,0,0,0,0,0,0,0,0,0,0,0,0,0,0,0,2,0,0,0,0,0,0,0,0,0,0,0,3,0,0,0,1,0,0,0,8,1,0,0,0,0,0,0,0,3,0,28,36,4,10,0,0,0,0,6,0,0,0,0,0,0,8,0,0,1,3,6,0,0,7,0,0,0,0,0,2,0,0,0,0,3,0,0,0,0,0,0,0,0,1,0,0,1,0,0,0,0,0,0,0,0,0,5,0,7,1,0,0,7,0,0,0,0,0,0,0,0,1,0,0,0,0,4,0,0,0,0,0,0,1,21
776,0,0,0,7,0,0,1,0,0,0,0,2,0,1,0,0,0,0,0,0,0,0,0,0,0,0,0,0,0,0,0,0,1,0,0,0,1,0,0,0,1,0,3,0,0,1,0,0,0,0,0,0,1,0,0,0,0,0,1,0,17,0,0,2,0,1,0,0,5,0,0,0,0,0,0,0,3,0,0,0,0,0,0,0,1,0,0,0,0,0,0,1,0,0,0,1,0,24,0,10,0,1,0,0,0,0,1,0,0,21,0,0,0,2,0,0,0,0,0,0,0,1,0,0,0,0,0,0,0,0,0,0,0,0,1,0,0,20,4,3,0,0,0,13,0,0,0,0,0,0,5,0,0,0,0,0,0,0,0,0,0,0,1,1,0,0,0,0,0,0,0,0,0,0,1,0,0,0,3,1,0,0,0,0,3,1,2,0,0,0,34,0,0,0,0,0,0,0,1,5,0,0,0,0,1,0,0,0,1,0,0,0,0,0,0,0,1,2,1,25,1,0,0,2,0,0,0,0,2,0,0,0,0,0,0,0,5,0,0,0,0,1,0,31,0,0,0,0,8,0,0,0,0,0,0,0,0,0,17,0,0,0,1,0,0,0,0,0,0,0,0,0,0,1,0,0,0,0,0,0,0,1,64,0,0,0,1,0,0,0,0,0,0,0,0,0,0,0,0,5,0,0,0,3,0,0,0,0,0,2,14,0,0,0,12,0,0,0,0,0,0,0,0,0,0,0,1,0,0,58
777,0,0,7,0,4,0,0,1,0,0,0,0,0,0,0,0,0,0,0,2,0,0,0,0,0,0,0,0,0,0,0,0,3,0,22,0,17,18,0,0,1,4,1,0,0,0,0,0,0,14,0,0,0,0,0,0,0,0,2,2,2,0,0,0,0,5,0,0,0,0,0,0,0,0,0,0,2,0,6,0,0,0,0,0,0,0,0,0,0,0,3,1,1,0,0,0,0,0,0,0,0,1,0,0,0,0,0,0,0,0,0,0,0,1,0,0,0,0,0,0,0,0,0,0,0,0,0,2,0,0,0,0,0,0,0,0,0,0,1,0,0,1,62,0,0,0,0,0,1,0,7,0,0,0,0,0,0,4,0,0,0,0,2,0,0,1,0,0,0,9,0,1,0,10,1,1,0,0,1,0,0,0,0,0,0,0,0,0,1,0,0,0,0,5,0,4,0,0,0,0,1,0,0,6,0,0,0,0,1,0,4,0,0,0,3,1,0,12,0,0,0,3,1,1,0,0,0,8,0,0,1,2,0,0,0,0,0,0,0,0,0,0,1,1,0,17,0,0,17,3,0,0,3,0,0,0,0,1,0,0,0,0,0,0,3,0,0,0,0,0,0,0,0,0,5,0,0,0,0,1,1,0,0,0,0,0,0,0,0,3,0,1,0,0,0,5,0,0,0,0,0,0,0,7,1,0,12,0,0,0,0,1,0,2,0,0,0,0,0,0,0,0,0,0,0,0,0,0,0,0
778,0,1,1,0,0,1,0,0,0,4,0,0,0,0,0,0,0,0,0,2,0,0,0,0,0,0,0,0,0,0,0,13,2,0,0,0,0,0,0,0,0,0,0,0,0,1,0,0,0,14,0,0,1,0,6,0,0,0,1,1,1,0,0,0,1,0,0,0,0,0,0,0,0,0,0,0,0,13,0,5,0,0,0,0,0,0,0,0,0,0,1,1,0,0,0,0,2,0,0,0,0,0,0,0,0,0,0,0,2,0,0,0,0,2,0,6,0,0,0,0,0,0,1,0,0,0,0,0,0,0,0,0,18,0,0,0,1,0,11,0,0,0,0,0,0,0,1,0,0,0,0,0,0,0,0,0,0,0,0,0,1,0,2,0,0,1,0,0,0,0,0,0,0,0,0,9,0,0,1,0,0,0,0,0,0,0,0,0,0,0,0,0,0,0,0,0,0,0,0,0,0,0,0,0,0,0,0,0,1,0,1,0,0,0,1,0,0,0,2,0,0,0,0,0,2,0,0,0,3,0,1,9,0,0,0,0,4,3,0,0,0,1,0,29,0,2,0,0,2,0,0,0,0,0,0,0,15,0,0,6,6,0,0,0,13,0,0,20,0,0,0,0,0,0,7,0,0,0,0,0,0,3,0,0,0,0,0,0,0,2,0,0,0,0,9,2,0,0,0,0,0,0,0,10,0,0,0,0,0,0,14,2,0,0,1,0,0,0,1,0,0,0,0,0,0,0,2,0,0,1
779,0,0,0,7,0,2,0,0,0,5,0,0,0,0,0,6,0,0,0,0,0,0,0,0,0,0,0,0,0,0,0,0,0,0,0,1,0,0,0,13,0,0,0,0,0,0,4,0,0,18,0,0,0,0,0,0,0,0,4,0,3,0,0,0,0,3,0,0,5,0,0,0,0,0,0,0,0,0,2,0,0,0,0,0,2,0,0,0,0,0,0,4,0,0,0,0,0,3,0,0,1,0,0,0,0,0,0,0,0,4,0,0,0,1,0,0,0,0,0,0,0,0,0,0,1,0,0,0,0,0,4,0,0,0,0,0,0,0,1,2,0,0,0,0,0,0,0,0,0,0,0,0,0,0,0,0,0,0,0,0,2,0,8,0,1,1,0,0,0,10,0,0,0,0,1,1,1,0,0,0,0,0,2,0,0,0,0,0,0,0,0,0,0,0,0,2,0,12,0,0,0,0,0,0,0,0,0,0,0,0,4,0,0,0,1,1,0,0,0,0,0,0,0,0,0,0,0,0,0,1,5,0,0,0,0,0,0,0,0,0,0,3,1,1,0,0,6,0,0,0,0,0,0,0,0,11,0,1,0,0,0,0,1,1,4,21,0,0,4,0,0,0,0,0,2,0,0,1,0,0,0,0,0,0,0,0,8,0,0,0,0,0,1,0,0,0,0,0,0,0,0,0,0,13,0,0,0,0,0,0,0,0,0,2,0,0,0,0,0,0,2,0,0,0,0,0,0,5,0,36
780,0,0,0,11,0,0,0,2,0,0,0,0,0,0,0,1,10,0,14,0,0,2,0,0,2,0,0,4,0,0,0,0,0,1,0,0,2,3,0,0,0,0,0,0,0,1,0,0,0,0,0,0,0,1,0,0,0,0,0,1,9,0,0,0,0,0,0,0,3,0,0,0,0,0,0,2,0,0,6,3,0,0,0,0,0,1,7,0,0,0,0,0,0,0,0,2,0,8,0,0,1,1,0,0,0,0,0,0,0,0,0,0,8,12,0,0,0,0,0,0,0,0,0,0,1,0,0,0,0,0,0,5,0,0,0,1,0,0,0,0,0,0,1,8,0,0,0,0,0,0,0,0,0,0,0,0,0,0,0,0,0,0,0,0,0,0,0,0,0,0,0,0,0,0,2,0,0,0,0,5,0,0,0,0,0,0,0,0,0,0,0,0,0,0,0,14,0,0,0,2,0,0,0,0,4,0,0,0,0,0,3,1,0,0,3,0,0,0,0,0,0,0,0,1,0,1,0,0,0,0,0,0,0,0,0,4,0,0,1,0,0,0,0,11,0,2,0,0,11,0,0,0,0,0,0,0,0,0,0,0,0,0,0,0,0,0,0,0,0,0,11,4,0,0,0,0,0,3,1,0,2,0,20,0,1,0,0,1,0,8,0,0,0,0,2,9,0,0,0,0,0,0,0,4,0,0,0,0,0,4,0,1,0,0,16,0,0,0,0,0,0,0,0,0,0,0,0,0,1,16
781,0,0,0,0,0,3,0,0,0,3,0,0,0,0,0,0,0,0,7,2,0,0,0,0,0,0,0,0,0,0,0,0,2,0,2,0,0,99,0,5,0,0,0,0,0,0,0,0,0,6,15,0,0,0,7,11,0,0,0,0,1,0,0,0,0,1,1,0,6,0,0,0,0,0,0,0,0,0,0,3,0,0,0,0,0,1,0,0,0,0,0,1,3,0,1,0,0,1,0,8,16,0,0,0,0,0,1,0,0,0,0,0,2,5,0,8,0,0,0,0,0,0,0,0,0,0,0,0,0,0,0,6,0,0,0,0,0,0,43,0,0,0,0,1,0,0,0,0,0,0,0,23,1,0,0,4,4,5,0,0,0,1,4,0,0,1,0,0,0,0,0,0,0,0,0,3,0,0,1,2,0,0,0,0,0,16,0,0,0,0,0,3,0,0,0,1,0,3,0,1,0,0,0,0,0,0,0,0,0,0,0,0,0,0,14,0,0,3,0,0,0,0,0,0,0,0,0,0,0,5,0,0,0,0,2,0,4,0,0,0,0,2,0,31,0,4,0,0,0,0,0,0,0,0,0,0,0,0,0,0,1,0,0,0,0,0,0,0,0,0,0,0,0,0,0,0,0,0,0,0,0,0,0,0,2,0,0,0,0,0,0,3,0,0,0,0,0,0,11,0,0,0,0,11,0,3,0,0,0,0,20,1,0,3,5,0,0,0,1,0,0,0,0,0,5,0,0,1,0,1
782,0,0,0,0,0,0,0,0,0,0,0,0,0,0,0,0,0,0,0,12,0,1,0,2,0,0,0,0,0,0,0,0,0,0,38,0,0,0,0,0,0,0,0,0,0,0,0,0,0,9,0,0,0,0,0,0,1,0,0,0,2,0,0,0,1,0,0,0,0,0,10,0,0,2,0,0,0,0,0,0,0,0,0,0,0,0,0,4,0,0,2,2,0,0,0,0,0,0,0,1,0,2,0,0,0,0,0,0,0,0,0,0,0,1,0,0,0,0,2,0,0,0,0,0,0,0,0,0,0,0,0,0,0,0,0,1,1,0,0,0,0,0,0,0,0,0,0,0,0,0,0,0,3,0,0,0,3,0,0,0,0,0,9,0,0,1,0,0,0,2,0,0,0,0,0,0,1,0,0,0,0,0,0,0,0,0,0,0,0,0,0,0,0,0,0,2,0,0,0,0,0,0,0,0,0,0,0,0,0,0,0,0,1,0,1,0,4,9,0,2,0,0,0,0,1,0,0,0,0,1,2,0,0,0,0,0,0,0,0,0,0,3,0,1,0,11,15,0,1,0,0,0,0,0,2,0,0,0,0,0,0,0,1,1,0,0,0,0,0,3,0,0,0,0,0,1,0,0,0,0,0,0,0,0,0,0,7,0,1,0,0,1,0,0,7,0,0,0,0,0,0,0,0,23,1,0,0,0,0,0,0,1,0,0,0,0,0,0,0,0,0,0,0,0,0,0,0,0,1,12
783,0,0,0,5,4,0,0,0,0,5,0,0,0,2,0,0,0,0,0,8,0,4,2,0,4,0,0,0,0,0,0,0,2,1,0,2,4,0,0,0,0,0,4,1,0,2,0,0,0,0,1,0,1,0,5,0,1,0,0,0,5,0,0,0,0,0,0,0,0,0,1,0,0,0,0,0,0,0,0,0,0,0,0,9,0,1,0,0,1,3,0,0,0,0,0,0,0,0,0,0,2,2,0,0,0,0,2,0,0,0,0,1,0,11,0,0,0,0,0,0,0,0,0,0,0,0,7,0,0,0,0,4,1,0,0,0,0,0,0,0,0,0,0,2,0,0,0,3,0,0,0,0,0,0,7,0,0,0,0,0,0,0,0,0,0,2,0,0,0,1,0,0,0,0,3,1,0,0,11,0,0,0,0,0,0,0,0,0,0,0,0,0,0,0,0,6,1,0,0,2,0,0,0,0,0,0,0,0,0,0,0,0,0,0,2,0,0,0,0,0,0,2,2,0,0,0,0,0,0,0,1,0,0,0,1,0,3,0,0,0,0,3,0,20,0,2,39,0,3,0,0,0,0,0,1,0,0,0,0,0,1,0,1,0,0,2,0,0,0,16,0,0,1,0,1,0,0,0,0,0,0,0,0,0,0,0,0,0,0,0,0,0,0,0,0,0,0,0,3,0,0,0,0,3,0,4,0,0,0,8,14,0,0,0,7,0,4,0,0,0,0,0,0,1,0,0,0,0,0,1
784,0,0,0,0,4,0,0,11,0,14,0,0,0,0,1,0,0,0,12,1,0,2,0,2,0,0,0,2,0,0,0,1,1,0,0,0,2,0,0,0,0,0,0,0,0,1,0,0,0,1,1,0,0,0,0,0,0,0,0,0,11,0,0,1,0,1,0,0,1,0,0,0,0,0,0,0,0,0,0,3,0,0,0,0,0,0,0,0,0,3,0,1,0,0,0,0,0,0,0,5,3,0,0,0,0,0,0,0,0,0,2,0,0,12,0,0,0,1,0,0,0,1,14,0,0,0,0,0,0,0,0,5,0,0,0,0,5,0,0,0,0,0,0,0,0,0,0,0,0,0,1,0,0,0,0,0,0,0,0,0,0,0,0,0,0,0,0,0,0,0,0,0,0,0,2,0,0,0,7,5,1,0,0,0,0,0,0,5,0,0,0,0,0,0,0,15,0,1,0,0,0,0,0,0,0,0,0,0,0,0,3,0,1,0,3,0,0,1,0,0,0,0,1,0,0,3,0,7,0,0,1,0,0,2,0,1,0,0,0,0,0,0,0,1,0,2,0,0,3,0,0,3,0,0,1,0,0,0,5,2,0,0,3,0,0,0,0,0,0,0,0,0,0,0,0,0,0,0,0,0,2,3,0,0,1,0,0,8,0,0,0,0,3,0,0,0,0,0,0,0,0,0,0,7,0,0,0,0,0,3,41,1,0,4,22,0,0,0,0,0,0,0,0,0,0,0,0,0,0,24
785,1,0,0,0,0,0,0,0,0,2,1,0,0,1,0,0,0,2,0,3,0,0,0,2,0,0,0,0,0,0,0,0,0,9,0,0,4,0,0,0,0,0,0,0,0,0,6,1,0,0,0,0,0,0,1,0,0,0,0,0,0,0,0,0,0,2,0,3,3,0,10,0,0,0,0,0,0,0,0,0,0,0,0,0,0,0,0,0,0,0,0,2,0,0,0,0,0,0,0,0,0,0,0,0,1,0,0,0,0,0,3,0,0,2,0,2,0,0,2,0,0,0,0,3,0,0,0,3,0,0,0,0,0,0,0,0,1,2,0,0,0,1,0,0,0,0,0,0,0,0,0,0,2,0,1,0,0,0,0,0,0,0,13,0,0,1,0,0,0,8,0,0,0,0,0,0,0,0,0,0,0,0,0,0,0,0,0,8,1,0,0,0,0,0,0,1,0,0,0,0,0,0,0,10,0,0,0,0,0,1,0,0,0,13,1,1,0,0,0,0,0,0,0,0,0,0,0,0,0,0,0,0,1,0,0,0,0,0,0,0,0,0,0,1,0,0,0,0,12,0,1,0,2,0,0,0,0,0,0,0,0,1,0,0,0,3,0,7,0,0,1,0,0,0,6,0,0,0,0,0,0,0,0,0,0,0,0,0,0,0,0,0,0,0,0,0,0,0,0,0,0,0,0,21,1,0,0,0,0,0,0,0,0,0,0,0,1,0,1,0,0,0,0,0,0,0,0,0,0,18
786,0,0,0,0,0,0,0,0,0,0,0,0,1,0,0,0,0,5,0,0,1,0,0,0,0,0,1,0,0,0,0,0,4,0,0,0,7,50,0,0,0,0,0,0,0,0,0,2,0,5,0,0,0,0,0,0,0,0,0,1,1,2,0,0,0,0,0,0,3,0,2,0,0,0,0,1,0,0,5,2,0,0,0,0,0,0,0,0,0,0,2,2,0,0,0,0,0,0,0,0,20,0,0,0,0,0,0,0,0,0,0,0,0,3,0,0,0,0,0,0,0,0,0,0,0,0,0,0,0,0,0,0,0,0,0,0,0,0,0,0,0,0,1,0,0,0,0,0,0,0,0,0,0,1,0,3,0,0,0,2,0,0,3,0,0,0,0,0,0,0,0,0,2,0,0,3,0,0,0,1,0,0,2,0,0,0,0,0,0,0,0,0,0,0,0,0,0,0,0,0,0,0,0,0,0,0,0,0,0,1,0,3,0,0,12,0,0,0,0,0,0,2,0,0,2,0,0,1,2,0,0,0,1,0,0,0,1,0,0,0,0,1,0,18,0,1,0,3,4,0,0,0,1,0,0,0,6,0,0,0,0,0,0,0,2,0,0,0,0,0,0,0,0,0,0,0,10,1,0,0,0,0,0,0,0,0,0,6,1,0,0,0,0,0,0,6,0,0,0,0,0,0,0,3,0,0,0,0,0,0,21,2,6,0,4,0,0,0,0,0,7,3,0,0,0,0,0,0,0,8
787,0,2,0,11,8,0,1,0,1,0,0,0,0,0,0,0,0,0,0,6,0,0,0,0,0,0,0,0,0,0,0,0,1,0,0,0,0,21,0,0,0,0,0,0,3,0,0,0,0,23,0,0,12,0,1,0,0,0,0,12,1,0,0,3,0,2,0,1,2,0,0,1,0,0,0,0,0,0,4,0,0,0,0,0,3,0,0,0,0,0,0,0,0,0,0,0,1,0,3,0,0,0,0,0,0,0,0,0,0,0,0,4,0,1,0,0,0,0,0,0,0,13,1,0,0,0,0,0,0,0,1,0,0,0,0,1,1,0,3,0,0,0,0,0,1,0,0,0,0,0,0,0,18,0,0,0,0,0,0,0,0,0,4,0,0,1,0,0,0,18,0,0,0,0,1,3,0,0,0,0,0,0,0,0,0,0,0,3,0,0,0,3,0,0,0,10,0,0,0,0,0,0,0,5,0,0,0,0,0,0,0,0,0,28,0,0,0,0,0,3,0,0,0,0,2,0,0,10,0,0,0,0,0,0,5,0,0,0,0,0,0,10,0,0,0,15,24,0,6,3,0,0,1,0,1,11,0,1,0,2,0,0,0,0,0,0,0,0,3,0,0,2,0,0,0,2,0,0,0,0,0,0,0,0,0,0,0,0,2,0,0,0,0,0,0,0,1,0,0,1,0,0,0,32,0,0,3,0,0,0,0,0,0,0,0,0,2,0,0,0,0,13,0,0,0,1,0,11,0,30
788,0,0,1,0,0,2,0,0,0,3,0,0,0,0,0,0,0,0,9,0,0,0,0,1,0,4,0,0,0,0,0,0,2,0,0,0,8,0,0,0,0,2,0,0,0,1,0,0,0,0,0,0,0,0,0,0,1,0,0,0,0,0,0,0,0,0,0,0,8,0,0,0,0,0,0,0,1,0,4,2,0,0,0,0,0,0,0,0,0,0,0,1,0,0,0,0,2,1,0,4,0,0,0,0,0,0,0,0,1,0,0,0,0,3,0,0,0,0,0,0,0,0,0,1,0,0,0,0,0,0,0,12,0,0,0,0,0,0,0,0,0,5,0,0,0,0,0,0,0,0,0,4,0,0,0,0,0,0,0,0,0,0,0,0,0,0,0,0,0,0,0,0,1,4,0,4,0,0,0,0,0,0,3,0,0,0,0,0,0,0,0,0,1,0,0,1,0,2,0,1,0,0,0,1,0,0,0,0,1,2,0,0,0,0,33,0,0,0,0,0,0,0,0,0,1,0,0,0,0,0,0,0,0,0,0,0,0,2,0,0,0,0,0,3,0,0,1,1,0,0,0,0,0,0,0,0,0,1,6,8,0,8,1,0,0,0,0,2,0,0,0,0,0,0,6,0,0,0,0,0,3,8,0,0,2,0,0,0,0,0,0,0,19,0,0,0,1,0,0,0,0,0,0,4,3,0,0,0,2,0,5,1,0,2,0,0,0,0,0,0,0,0,0,0,0,0,0,0,0,9
789,0,0,0,0,1,8,0,0,0,3,0,0,1,0,0,0,0,5,2,0,0,0,0,0,0,0,0,0,0,0,0,0,6,0,0,0,0,0,0,0,0,0,0,0,0,1,0,0,0,4,0,0,0,0,0,0,0,0,0,0,1,0,9,0,0,0,0,1,4,0,0,0,0,0,0,0,0,0,0,2,0,0,0,0,0,0,0,0,0,0,0,5,0,0,0,0,0,0,0,1,0,0,0,0,0,0,0,0,0,0,1,0,0,1,13,0,0,0,7,0,7,0,3,0,0,2,0,0,0,0,0,45,0,2,0,0,0,0,14,0,0,0,0,0,0,0,0,0,0,0,0,0,0,0,0,0,0,1,0,2,0,0,3,0,0,1,0,0,0,0,0,0,0,0,0,4,0,0,0,0,0,0,0,0,0,0,0,1,0,0,0,0,0,0,0,0,0,0,0,0,2,0,0,0,0,0,0,0,0,0,0,1,1,0,1,0,1,0,0,0,0,0,0,0,1,2,0,0,2,12,0,3,0,0,0,0,4,0,0,0,0,1,0,31,0,1,0,0,6,0,0,0,0,10,0,0,0,0,0,0,0,0,0,0,15,1,0,0,0,0,0,0,0,0,11,2,0,0,0,1,0,4,0,0,0,0,0,0,0,0,0,0,0,0,0,0,0,0,0,0,0,1,0,16,0,0,0,0,0,0,30,6,0,3,0,0,0,0,0,0,0,0,0,8,1,0,0,0,0,8
790,2,0,0,0,0,0,0,3,20,6,0,1,0,0,2,0,0,0,8,0,0,0,2,0,0,0,0,0,0,0,0,0,1,0,1,0,2,0,0,0,0,0,2,0,0,1,0,0,3,2,0,0,1,1,0,0,0,0,0,0,21,0,0,0,0,1,0,0,0,0,0,0,0,0,0,0,0,0,0,0,0,0,0,10,0,0,0,0,0,2,0,1,0,0,0,0,0,0,0,3,0,0,0,0,0,2,0,0,0,0,0,0,0,8,0,2,0,0,0,0,12,0,0,0,0,0,0,0,0,0,0,7,0,0,0,0,2,0,0,0,0,0,0,4,0,0,0,1,0,0,0,1,0,0,0,1,0,0,0,0,0,0,0,0,0,2,0,1,1,1,0,0,0,0,9,0,0,3,6,2,0,0,0,0,4,0,0,0,0,0,0,0,0,0,0,10,0,0,1,7,0,0,0,1,7,0,0,0,0,0,0,0,0,0,1,0,0,0,0,0,0,0,1,0,0,0,0,0,0,0,0,0,0,0,0,0,0,0,0,0,0,0,0,10,0,2,0,0,3,0,0,0,0,2,0,0,0,2,0,0,0,8,1,0,0,1,0,0,0,0,0,0,0,0,2,4,1,0,0,0,3,0,0,1,0,0,0,0,0,0,0,0,0,0,0,0,0,0,0,0,0,0,0,3,0,3,0,0,0,0,50,0,0,0,0,6,0,0,1,0,0,0,0,0,0,0,0,0,2,40
791,0,0,0,0,0,0,0,2,4,0,0,0,0,0,0,0,0,4,0,4,3,0,0,1,0,0,0,0,0,0,0,0,4,0,0,5,0,0,2,0,0,0,0,3,0,0,9,0,0,21,0,0,0,0,0,0,0,0,0,0,3,0,0,0,0,0,0,1,3,0,0,0,0,0,0,0,0,0,0,0,0,0,0,0,0,0,0,0,0,0,0,2,1,0,0,0,0,0,10,0,0,0,1,0,0,0,0,0,0,1,0,0,0,1,0,0,0,0,0,0,0,4,0,15,0,0,0,0,0,0,0,0,0,1,0,0,2,0,0,0,0,0,0,0,0,0,0,4,0,0,5,0,0,0,0,0,0,0,0,0,0,0,2,1,0,0,0,0,0,1,0,0,0,0,0,3,0,0,1,0,0,1,0,0,0,0,0,0,0,0,0,0,0,9,0,6,0,0,0,0,0,0,0,8,0,2,0,0,0,0,0,0,0,0,0,0,0,10,0,4,8,0,0,1,0,1,0,7,0,0,0,0,0,0,6,2,0,0,0,0,0,3,1,0,2,1,0,3,5,0,0,0,0,0,0,0,0,1,0,0,0,0,1,0,0,0,0,0,0,0,0,0,0,0,6,0,0,0,0,0,0,0,9,0,0,0,4,0,0,0,0,0,1,0,10,0,0,0,0,2,0,2,0,18,0,0,0,0,0,0,0,0,0,1,0,0,0,0,0,0,0,0,0,0,0,0,0,1,0,70
792,0,0,0,0,0,0,0,2,0,0,0,0,0,0,0,2,1,0,0,10,7,5,0,1,0,0,0,0,0,0,0,8,1,0,0,0,0,0,0,0,0,0,1,0,0,0,0,0,0,61,1,4,4,0,0,2,0,0,0,0,1,0,0,0,0,0,0,0,1,2,0,0,1,0,1,0,0,0,0,0,0,0,0,0,0,0,0,0,0,0,0,0,0,0,0,0,0,0,0,0,0,2,0,0,1,0,0,0,0,0,0,0,0,2,0,0,0,0,0,0,2,0,0,4,0,0,0,0,0,0,0,0,0,0,0,1,1,0,0,0,0,0,0,0,0,0,0,0,0,1,5,0,3,0,0,0,0,0,0,0,0,0,15,0,0,1,0,0,0,4,1,1,0,5,1,0,0,0,0,0,0,0,0,0,0,0,0,0,0,0,0,0,0,0,0,9,0,9,0,0,0,0,0,0,0,0,0,0,0,1,0,0,1,0,2,0,0,0,0,0,0,0,0,0,0,0,0,5,0,0,2,0,0,0,0,0,0,0,0,0,0,0,0,3,8,20,9,0,0,0,0,0,0,0,0,11,0,0,0,0,0,0,0,1,4,0,0,0,0,0,0,0,0,5,0,0,0,0,0,0,0,0,0,0,0,0,0,0,0,0,0,2,0,0,0,0,0,0,2,0,0,0,0,14,0,0,8,12,0,1,0,0,13,0,1,0,0,0,0,0,0,0,0,0,0,0,0,0,0,104
793,0,0,0,0,0,0,0,7,5,9,0,0,0,0,0,0,0,0,15,0,0,0,0,2,0,0,1,4,0,0,0,0,1,0,2,0,1,3,0,0,0,1,0,0,0,1,0,0,0,1,0,0,0,0,2,9,0,0,0,0,28,0,0,0,0,0,0,2,8,0,0,0,0,0,0,0,0,0,5,1,0,0,0,0,0,0,0,0,0,0,0,0,1,0,0,1,0,0,0,9,0,0,0,2,0,0,1,0,1,52,0,0,0,4,0,0,0,1,0,0,0,1,0,0,0,0,8,0,0,0,0,0,0,0,0,0,0,15,0,0,0,0,0,0,1,0,0,0,0,0,0,0,0,0,0,0,0,0,0,0,0,0,0,0,0,1,0,0,0,0,1,0,1,0,2,0,0,0,0,2,1,0,0,0,0,0,0,2,0,0,0,0,0,0,1,12,1,0,0,0,0,0,0,0,7,0,0,0,0,0,0,0,0,0,1,0,0,0,0,0,0,0,0,0,0,4,0,0,7,0,0,0,0,0,0,0,0,0,0,0,0,4,26,22,0,1,10,0,8,0,0,0,0,0,0,2,0,0,0,0,3,0,0,0,0,0,0,5,0,0,0,0,0,0,5,0,0,0,0,0,3,3,0,0,0,0,0,0,0,0,0,0,0,0,0,0,0,0,0,0,0,0,0,5,0,3,0,0,0,0,0,0,0,2,8,2,0,0,0,0,0,0,0,0,1,0,0,0,0,29
794,0,0,13,0,11,0,0,0,0,14,0,0,0,0,0,0,0,1,0,5,0,0,0,0,0,0,0,0,0,0,0,0,1,8,0,0,2,0,0,0,0,0,0,0,0,0,9,0,0,62,0,0,0,0,0,0,0,0,0,0,2,0,0,0,1,3,0,1,2,0,0,0,0,0,0,0,2,0,0,0,0,0,0,0,0,0,0,4,1,0,0,2,2,1,0,0,0,0,6,0,0,0,0,0,0,0,0,0,0,1,0,0,0,1,0,0,0,0,0,0,0,6,0,10,2,1,0,0,0,0,0,9,0,0,1,0,0,0,0,0,0,0,0,0,0,0,0,0,0,1,0,9,1,0,0,0,0,0,0,0,0,0,3,0,0,1,0,0,0,32,0,0,0,0,0,0,0,0,0,0,0,0,0,0,0,0,0,0,0,0,0,0,0,0,0,4,0,0,0,0,0,0,0,12,0,0,0,0,1,0,0,0,0,0,4,0,0,0,0,10,16,0,0,2,0,0,0,9,0,1,3,0,0,0,0,1,0,0,0,0,0,0,0,2,0,32,0,2,16,0,0,0,0,0,0,0,7,0,0,0,0,0,0,0,5,0,0,9,3,0,0,3,1,3,0,0,0,0,0,0,0,0,0,0,0,0,0,0,0,0,0,0,0,0,0,0,0,0,1,0,0,0,0,6,0,0,0,0,0,0,0,0,21,0,0,0,0,0,0,0,0,0,0,10,0,0,0,0,0,38
795,6,0,0,0,0,0,0,6,0,0,0,0,0,1,0,0,6,0,11,0,0,0,0,0,2,0,0,0,0,0,0,0,2,0,0,0,0,0,0,0,0,0,0,0,0,1,0,0,3,0,0,0,0,0,0,0,1,0,0,0,16,0,0,0,0,0,0,0,5,3,0,0,0,0,0,0,0,0,0,0,0,0,0,0,0,0,0,0,0,0,0,0,0,3,0,2,0,4,0,2,1,0,0,3,0,0,0,0,0,0,0,0,7,7,2,0,0,2,0,0,0,0,13,0,0,0,0,0,0,0,0,0,0,0,0,0,0,0,1,0,0,0,1,0,0,0,0,0,0,0,0,0,1,0,0,1,1,0,0,0,0,0,0,0,0,1,0,2,0,0,0,0,0,0,0,1,0,0,0,2,0,2,0,0,0,0,0,0,0,0,0,0,0,0,0,6,0,0,0,2,0,0,0,0,0,0,0,0,0,1,1,0,0,0,2,0,0,0,0,0,0,0,0,0,0,0,0,4,0,1,2,0,0,0,0,0,0,0,1,0,0,5,0,5,0,6,13,0,0,1,0,0,0,1,0,5,0,0,0,0,0,0,1,0,0,4,0,4,0,13,0,0,0,0,3,0,0,0,0,0,0,2,0,0,0,0,0,0,0,18,0,0,4,0,0,0,0,0,0,0,0,0,0,8,0,0,0,0,0,2,35,0,0,5,0,0,0,0,1,0,0,1,0,0,0,0,1,0,0,44
796,0,0,0,0,0,1,0,0,0,7,0,0,0,0,0,0,0,0,0,0,0,0,0,0,10,0,0,0,0,0,0,0,0,0,0,5,0,0,0,0,0,0,0,0,0,0,0,0,0,0,0,1,2,0,0,0,0,3,0,0,0,0,0,0,0,0,0,0,5,1,2,0,1,0,0,0,2,0,0,3,0,0,0,0,0,0,2,0,0,0,0,1,0,1,0,0,0,5,0,3,0,0,0,0,0,0,0,0,0,0,0,0,0,5,0,0,0,1,0,0,0,0,0,0,0,0,0,0,0,0,0,0,0,0,0,0,0,0,0,0,0,0,1,0,0,0,0,0,0,0,0,0,0,0,0,0,0,0,0,0,0,0,0,0,15,2,0,1,0,0,0,0,0,0,4,1,0,0,0,5,1,0,0,0,0,0,0,4,0,0,0,0,0,0,0,7,1,0,0,2,0,0,0,0,0,0,1,0,0,2,0,0,0,0,5,0,0,0,0,0,0,0,0,0,0,4,1,0,4,0,0,0,2,0,0,0,0,0,0,0,0,1,0,6,0,0,0,0,0,3,0,0,0,0,0,0,0,0,0,0,0,0,0,0,0,3,0,0,6,0,9,0,0,0,2,0,2,0,0,0,0,6,90,0,0,0,0,7,0,0,0,0,0,0,2,0,0,0,32,0,0,2,0,0,0,1,0,0,0,0,0,0,0,0,0,2,0,0,0,0,0,0,0,0,0,0,0,0,0,4
797,0,0,0,0,0,0,0,0,0,11,1,0,0,0,0,0,0,0,0,8,0,0,0,0,0,3,0,0,0,0,0,25,1,0,0,0,0,28,0,0,0,0,0,0,0,0,0,0,0,22,0,0,0,0,7,0,0,2,3,0,2,2,0,0,0,3,0,0,0,0,0,0,0,0,0,0,0,0,0,0,0,0,0,0,0,0,0,0,0,0,0,1,4,1,0,0,0,0,0,1,2,0,0,0,0,0,0,0,0,0,12,0,4,1,5,0,0,0,0,0,0,0,0,4,0,0,0,0,0,0,0,0,0,0,0,0,1,0,0,1,0,0,50,0,0,0,0,0,1,0,0,0,0,0,0,0,0,0,0,0,0,0,6,0,0,0,4,0,0,4,0,4,0,0,1,0,0,0,0,0,0,1,0,0,0,0,0,0,0,0,0,0,0,0,0,2,0,0,0,0,0,0,0,0,0,0,0,0,0,1,0,0,1,4,1,0,0,0,0,0,0,0,0,2,1,0,0,0,0,0,1,0,0,0,0,1,0,0,0,0,1,0,0,2,0,0,29,0,0,3,1,0,0,0,2,4,0,0,0,0,0,0,0,0,0,0,0,0,0,0,0,0,0,0,5,1,0,0,0,0,0,0,2,0,0,0,7,0,0,0,0,0,0,0,0,0,0,0,0,0,0,0,0,23,0,0,0,13,0,0,1,0,12,0,1,0,0,0,0,0,0,0,0,3,0,0,0,0,0,62
798,0,0,0,0,0,1,0,0,0,0,1,0,0,0,0,0,12,0,8,0,0,0,0,0,0,0,3,0,0,0,0,9,3,0,0,0,0,66,0,0,0,3,0,0,1,0,0,0,0,5,0,0,1,0,0,0,0,0,0,0,1,2,0,0,0,1,0,0,7,0,1,0,2,0,0,2,0,0,0,0,0,0,0,0,10,0,0,0,4,0,1,4,0,0,0,0,0,1,1,0,4,0,0,0,0,0,0,0,3,0,0,0,2,2,0,0,0,0,0,3,0,0,0,0,0,4,3,0,0,0,0,0,0,0,0,0,1,0,0,0,1,3,0,0,0,0,0,0,0,0,0,0,0,0,0,0,0,0,0,0,0,0,2,0,0,0,0,0,0,0,0,0,0,0,0,3,0,0,0,1,14,0,0,0,0,0,0,1,0,0,0,0,0,0,0,2,2,0,0,0,1,0,0,1,0,0,2,0,0,0,0,0,0,4,18,0,0,0,0,0,0,0,0,0,1,7,0,0,0,0,0,0,0,0,2,0,1,0,2,0,1,0,0,8,0,4,0,0,2,0,5,0,0,0,0,0,0,0,0,11,0,9,0,0,2,0,0,0,0,0,0,0,0,0,9,0,0,0,0,0,3,0,0,0,0,0,0,0,0,0,0,0,0,0,0,0,0,0,0,0,0,0,0,11,0,0,0,0,0,0,0,0,12,0,2,0,0,0,0,0,0,0,0,0,0,0,0,0,1,5
799,0,0,0,0,0,0,0,0,0,0,4,0,1,0,0,0,0,0,4,1,0,0,0,0,0,0,0,0,0,0,0,0,2,0,0,0,12,0,0,4,0,0,0,2,0,1,0,0,0,4,0,0,0,0,3,0,0,0,0,0,1,0,0,0,0,0,0,0,6,0,2,0,0,0,0,0,0,0,2,0,0,0,0,0,0,0,0,0,0,0,2,2,2,0,0,0,0,0,1,25,0,0,0,0,0,0,0,0,2,0,0,0,0,1,0,0,0,0,0,0,3,0,0,0,0,2,0,0,0,1,0,0,0,0,0,0,0,0,0,0,0,0,0,0,0,0,0,0,0,0,0,0,0,0,0,2,0,3,0,0,0,0,4,0,1,1,0,0,0,1,0,0,0,7,0,0,0,0,0,1,0,0,0,0,13,0,0,0,0,0,0,0,0,0,0,1,0,0,0,0,0,0,0,1,0,0,0,0,0,1,0,5,0,0,4,0,0,4,0,0,0,0,0,0,0,3,0,1,0,2,0,0,0,0,0,0,1,5,0,0,0,0,0,24,0,1,1,0,1,0,2,0,0,0,0,0,0,0,0,0,0,0,0,0,6,0,0,0,0,0,1,0,2,0,8,0,0,0,17,0,7,3,0,0,0,0,0,3,0,4,0,0,0,0,0,0,2,0,0,0,0,0,0,7,1,0,0,0,0,0,13,1,0,0,4,0,0,0,0,0,2,0,0,0,0,0,0,0,1,11
800,0,0,0,0,0,0,0,0,0,7,0,0,0,0,0,0,6,0,20,1,0,0,0,0,1,0,0,0,0,0,0,0,0,0,0,0,0,0,0,0,0,0,0,0,0,1,0,0,0,0,0,0,0,0,0,0,0,9,0,1,9,0,5,0,0,0,0,0,2,0,0,0,0,0,0,0,0,0,0,1,0,0,0,6,0,0,0,0,0,0,0,1,0,0,0,0,0,5,0,17,0,0,9,0,0,0,0,0,1,0,3,0,0,0,0,0,0,0,0,0,0,0,0,0,0,0,9,1,0,0,0,3,0,0,0,0,2,0,1,0,0,2,0,0,0,0,0,0,0,0,0,0,0,0,8,0,0,0,0,0,0,0,0,0,0,0,1,0,0,0,0,3,0,0,4,0,0,0,4,7,0,0,0,0,0,0,0,0,0,0,0,0,0,0,0,0,0,0,0,1,0,0,0,0,0,1,1,0,0,0,3,0,1,0,0,0,0,0,0,0,0,2,0,0,0,1,0,8,0,0,2,0,0,0,0,1,4,0,0,0,0,0,0,16,0,3,0,0,4,2,0,0,0,1,0,0,0,0,4,2,0,0,1,0,0,5,0,0,0,0,0,9,0,1,1,0,0,0,0,0,3,0,0,0,0,0,0,8,0,0,0,0,0,0,0,0,0,0,36,0,0,0,0,3,0,0,0,0,0,1,13,1,2,0,7,0,0,0,0,0,0,0,0,0,0,0,0,0,0,5
