,V1,V2,V3,V4,V5,V6,V7,V8,V9,V10,V11,V12,V13,V14,V15,V16,V17,V18,V19,V20,V21,V22,V23,V24,V25,V26,V27,V28,V29,V30,V31,V32,V33,V34,V35,V36,V37,V38,V39,V40,V41,V42,V43,V44,V45,V46,V47,V48,V49,V50,V51,V52,V53,V54,V55,V56,V57,V58,V59,V60,V61,V62,V63,V64,V65,V66,V67,V68,V69,V70,V71,V72,V73,V74,V75,V76,V77,V78,V79,V80,V81,V82,V83,V84,V85,V86,V87,V88,V89,V90,V91,V92,V93,V94,V95,V96,V97,V98,V99,V100,V101,V102,V103,V104,V105,V106,V107,V108,V109,V110
1,882,2246,793,0,28005,155,96,16165,367,0,258,21684,7482,0,0,1059,0,0,604,2536,0,10962,0,36,61,715,422,5041,58,0,0,2201,26,1006,0,235,0,2861,0,0,0,0,254,0,3124,0,0,1129,0,8619,0,38,0,0,0,0,6111,8340,2049,0,191,0,168,626,2067,611,0,0,6515,0,0,1160,2397,104,0,0,16820,800,0,2768,1490,9742,0,0,0,1646,0,10862,0,876,1113,0,403,5609,5,326,88,2350,189,66,131,1965,0,282,3044,0,10,0,90,1177
2,11984,994,233,170,26214,68,0,591,286,0,174,39933,0,0,210,1128,0,0,2937,731,131,9703,0,0,12462,14,301,16790,0,1639,0,786,1788,49,0,36266,0,0,0,0,0,0,405,300,2731,0,0,6144,0,0,0,0,0,2436,0,0,44,33,0,487,1948,212,0,4054,36495,0,0,0,93,0,0,236,2046,0,0,0,42345,5431,60,3285,408,2785,0,1719,0,0,0,5608,0,588,199,2957,811,29743,1532,12697,2744,5664,0,0,0,11156,0,0,83,1296,1456,0,442,0
3,196,3054,2241,111,3436,0,33,486,240,29,1328,1431,3025,0,383,2758,815,25,1112,8381,0,2013,169,58,51,340,330,0,15,0,0,4556,366,601,254,59,530,205137,0,238,14547,23,167,3793,567,0,1534,179,121,1012,9,0,1302,409,959,37,1597,1372,3765,0,36,1387,197,58,180,6343,0,0,2336,10,2231,7719,244,0,0,0,2440,172,2735,111,0,7487,0,0,1057,5,3,344,0,0,706,16075,0,2074,0,73,127,9449,0,12,203,0,284,0,65,0,16,0,3,1796
4,5057,1968,5249,134,925,14307,22641,3180,34,0,0,705,0,0,0,82,0,0,13815,1343,0,1782,0,0,975,0,27,5321,447,0,0,1813,0,0,0,74394,3094,12247,0,0,0,500,0,0,9532,0,0,1794,455,0,0,0,0,477,226,0,5631,0,0,0,0,3171,0,942,743,176,0,0,560,0,0,407,5462,1374,0,0,19581,25815,0,6541,5645,4300,0,116,0,10736,0,43537,0,624,3329,182,230,24771,478,254,196,0,115,301,0,3678,398,0,893,0,86,121,278,594
5,167,4163,582,189,3936,0,9,3596,178,0,220,2261,3279,0,681,624,795,0,1140,9506,0,6127,196,25,8,424,349,1954,12,458,0,6484,551,0,140,155,1191,14385,106,0,10338,5,343,5736,134,0,800,323,139,1157,0,17,349,418,1015,68,0,0,8950,0,163,4039,358,78,63,5389,0,0,1246,0,3107,12185,66,0,127,0,1058,275,5062,300,55,718,0,6,1677,230,0,129,21,0,0,27590,0,1876,0,37,235,6568,0,9,908,0,0,143,196,0,0,0,0,2715
6,3018,41,38,0,14200,142,198,156,1002,0,19,10294,0,28,0,0,0,0,559,7073,0,7334,19,0,5278,89,1202,1671,0,506,0,2130,2240,96,0,34562,0,140,0,0,5336,0,1227,432,2409,0,16459,2614,718,0,0,0,70,611,0,195,742,173,0,130,3087,0,0,5511,38143,138,0,0,368,0,0,234,515,55,0,0,18818,81,0,1281,1478,2407,0,4080,0,0,0,4027,30,805,589,0,591,16950,0,7497,3291,664,0,35,26,2682,1189,0,22,0,47346,0,1604,259
7,3507,1845,580,28,168,0,0,243,79,0,134,382,868,0,6666,128,18862,140,1848,10885,0,1127,0,369,1497,197,33,1447,208,46,0,1912,165,0,33,2518,1124,137388,0,6,4170,210,1572,1467,0,0,5570,40,1945,4485,239,142,46,427,485,481,1464,965,0,1641,0,65795,16,245,143,106961,0,0,527,6,6579,2464,0,0,1087,0,3725,5468,20065,0,177,486,1463,0,284,2182,1117,527,0,0,533,537,0,17769,0,299,81,619,0,396,404,0,87,163,14,0,85,0,0,652
8,380,7110,1016,965,7417,152,491,10071,164,0,0,4835,0,1294,0,7869,24,0,0,1408,0,8836,0,0,0,317,397,0,0,0,0,1709,55,1742,0,3257,0,4131,0,0,0,0,1193,436,13557,0,0,1279,0,0,0,0,0,917,0,0,0,996,0,504,2562,0,0,825,2399,296,0,0,876,0,0,2156,3310,0,0,0,16666,838,0,3855,512,6372,0,86,475,9628,0,3664,0,11104,452,1627,4245,6455,204,921,0,1183,64,21,0,4682,217,0,6160,0,0,0,74,3049
9,1548,3228,1227,26,236,0,0,478,35,0,587,272,193,0,1884,167,4867,413,3225,8495,416,653,0,1029,0,677,16,1259,134,27,0,2338,598,338,289,2278,1371,414809,0,18,8333,39,1860,1847,1131,0,11856,664,1182,3264,0,73,0,779,463,590,145,964,190,0,2461,51040,12,51,122,67068,0,0,422,0,1813,3507,653,0,2778,0,2508,6274,287,0,0,1236,0,147,584,570,505,326,0,0,0,546,7,22572,70,363,321,524,859,639,360,61,128,0,30,0,180,0,108,79
10,591,1127,292,715,11384,25,256,11825,107,0,0,6348,1224,0,0,781,74,0,2669,7949,0,4299,0,46,251,373,543,5584,0,0,0,4374,78,0,0,1378,2222,0,0,552,2907,0,325,238,2822,0,0,212,9,0,0,35,1404,48,0,20,62972,420,0,286,1179,131,67,930,2170,635,0,0,244,16,0,0,3267,23,70,0,14229,264,0,3955,1015,1768,2221,792,0,1454,12,8095,0,4562,358,0,1414,2589,12,1299,0,128,2,6,96,1838,162,412,1350,95,1174,194,150,535
11,207,2360,644,1418,9837,0,131,1902,237,0,250,3823,9626,0,1009,1769,557,72,2678,9237,0,1982,0,68,0,476,541,2052,345,0,0,4935,94,1600,45,130,34,3091,0,292,31183,56,297,6925,0,34,0,322,134,8754,0,0,277,0,3760,44,0,155,740,0,152,2723,283,123,89,7374,0,0,2154,0,1393,10198,125,0,35,0,1043,124,4210,176,0,2226,1095,70,803,253,42,409,0,0,166,15220,96,2587,0,24,231,11306,9,19,629,56,281,1135,116,0,172,0,8,1204
12,6006,39,0,140,10384,10,12,112,2661,9,703,8643,13483,0,227,0,19197,0,572,8420,0,9003,0,528,546,11,633,1361,21,0,0,3906,593,47,0,0,1246,3499,0,0,10138,1078,558,2283,510,0,4678,1349,3515,4147,0,40,0,1725,2079,3421,0,13,762,0,0,7704,45,712,1427,6255,0,0,405,0,1732,4405,31,0,298,0,1805,1616,258,0,0,2097,62,134,2273,270,38,303,17,0,842,2546,70,79539,0,538,2617,27784,0,77,559,515,182,186,0,0,3448,0,0,690
13,512,672,216,0,8515,46,146,1321,155,0,0,4713,5738,0,0,1149,0,0,876,10681,0,3900,0,0,57,218,460,4598,0,0,589,4694,50,5297,0,4548,0,0,0,0,2192,17,50,404,3930,0,0,0,24,0,6,0,0,595,0,35,3306,0,0,114,708,0,0,714,3352,0,0,0,0,0,0,500,2510,0,22,0,15236,203,0,3812,744,3234,0,1349,0,1150,876,7673,93,5451,778,0,5232,2090,42,943,0,757,209,0,121,2282,0,0,501,0,343,0,103,1309
14,1735,0,882,34,336,3196,1288,1095,19,0,0,122,0,0,281,0,0,0,5585,4857,119,1177,6551,0,1670,1541,34,3635,303,27,1843,1883,996,0,27,24406,213,0,0,108,0,0,390,0,9225,0,0,1587,0,0,0,0,0,409,33,412,1402,3908,0,0,4706,0,15,1523,2644,0,0,158,1315,0,0,179,2198,0,5329,0,71641,6908,0,447,15410,396,0,1613,0,3344,0,9444,0,248,4279,0,426,11074,0,8081,57,35,43,222,60,4675,0,0,332,0,1667,0,165,0
15,8401,793,63,586,37087,236,0,676,1583,0,0,28435,12952,0,0,675,0,49,0,879,0,3720,0,818,1341,55,287,3578,140,0,0,1066,1346,136,0,83644,4956,0,2267,100,0,0,1053,0,5467,0,1668,1535,839,0,0,57,7771,4497,0,0,0,146,0,414,1475,0,12,3468,15017,624,0,0,886,0,0,527,769,96,0,0,25547,6913,0,2382,439,5093,0,4321,0,3795,0,8385,0,501,0,377,669,67765,580,8078,0,5409,0,0,0,8167,0,0,65,0,1699,0,0,0
16,3275,267,246,187,38525,209,66,1169,1472,34,0,15129,0,0,0,41,1114,0,0,893,31,8652,11,86,291,0,880,2614,37,94,0,749,2318,0,0,82436,5653,0,0,0,11817,310,104,275,2717,0,0,774,0,0,0,46,553,0,0,350,73,184,0,162,2346,161,0,2833,44377,194,129,0,43,0,0,804,674,19,0,224,27993,3396,0,997,86,4370,40,5298,0,8907,0,9768,13,505,639,0,585,43338,0,16656,2791,993,977,0,0,6883,472,0,36,520,2457,0,320,574
17,269,0,470,0,11741,281,0,7603,89,21,104,5746,0,0,13,822,0,0,2558,8723,0,5734,0,28,128,510,825,8748,0,0,0,4714,230,5627,0,830,0,2150,0,0,4214,0,199,240,4379,0,0,572,6,0,0,10,0,0,0,0,10639,996,0,0,853,29,137,459,1909,0,0,0,1343,0,0,139,3741,115,212,0,15475,108,84,3050,422,1254,0,1305,0,1689,0,9363,0,5127,23,0,5158,2903,53,1486,0,243,0,1,76,2331,97,531,395,0,535,0,210,0
18,281,36,76,436,6141,103,0,7897,100,0,0,1882,0,0,0,0,0,0,3353,5028,0,4668,29,29,156,56,634,4318,0,1594,761,7362,531,10544,0,1405,1990,1511,0,514,2382,0,286,0,4666,0,13434,1397,0,0,0,0,0,41,116,15,2314,510,0,579,2708,290,319,1332,3074,14,2762,0,139,12,0,411,1167,18,8,0,26865,81,46,2528,1360,0,1261,170,0,0,0,3607,32,4776,164,7966,1073,1606,0,809,0,758,171,0,52,1829,109,1121,1537,0,924,0,141,769
19,7127,0,168,0,9010,19,223,275,635,64,0,9139,4251,0,0,0,3122,0,1399,6581,0,5972,0,0,2185,73,1716,11098,0,0,0,1837,11961,0,0,30512,0,0,253,0,4178,0,517,149,756,0,0,5010,654,0,0,0,0,867,0,730,236,79,0,0,2044,0,0,7919,55293,127,0,0,0,0,0,0,1043,0,0,0,33316,1745,0,1204,448,4808,0,7354,0,0,0,1834,0,1985,563,0,372,47003,127,14065,0,0,1736,257,0,4425,0,0,5,296,2760,510,1270,250
20,1774,221,0,114,25841,215,102,252,554,0,0,15579,0,0,0,292,0,0,1148,6261,0,7101,0,59,5973,38,910,0,0,0,0,1784,441,221,0,34089,471,9,0,0,17027,0,294,220,2509,0,418,6400,0,0,0,0,1497,0,279,68,294,15,0,0,2268,426,28,7490,73308,0,0,0,108,328,0,240,484,0,0,0,22055,3209,0,2312,602,2468,0,6434,0,2460,0,4095,23,405,5877,0,172,38478,0,17018,0,1231,439,0,0,9141,0,323,17,0,20015,36,1647,483
21,359,2369,737,40,8159,0,136,3814,335,0,106,3327,553,0,0,434,0,0,3322,11589,0,3479,274,13,149,449,652,4027,0,748,0,6131,412,4687,0,0,998,0,0,129,3565,0,114,0,4296,0,0,434,30,0,0,0,0,826,171,24,17735,675,0,0,2448,58,17,1128,4015,161,0,0,1528,14,0,214,5062,26,157,0,22577,56,19,903,576,3149,919,894,0,501,0,2639,0,3468,783,12002,1100,723,21,398,0,0,87,3,80,3876,329,0,654,0,446,0,160,118
22,2483,2198,188,7,324,401,11036,174,53,17,557,335,1402,0,1469,170,13221,38,3670,8562,0,1134,3861,608,597,765,31,0,66,31,0,3218,2232,500,419,781,2543,139232,0,15,13873,130,1166,1219,603,0,10813,102,1174,832,190,0,0,734,465,815,0,0,94,0,289,31893,31,149,108,95295,0,0,261,0,3284,3752,123,0,3605,0,2341,8575,3552,0,0,910,1058,22,526,20,0,159,0,0,251,174,14,32410,0,0,156,388,105,112,139,61,0,797,0,0,361,0,24,86
23,4975,32,139,0,17205,95,70,254,673,0,0,13288,0,0,42,83,0,0,534,6520,0,3496,0,500,4564,21,1163,722,10,165,0,1885,26112,0,0,20397,884,137,0,75,3063,0,1476,0,763,0,0,64,0,0,0,0,0,2599,0,199,341,26,0,0,1541,533,0,12087,71272,449,0,2,344,0,0,96,847,0,0,0,34353,1147,0,567,413,4538,24,4566,0,2794,0,2494,0,390,1004,0,267,31742,44,6198,0,3461,932,295,1118,7016,0,0,28,488,1021,0,1063,1520
24,1162,2888,4655,67,664,1953,10632,2267,39,0,0,224,0,0,0,0,3332,0,2495,871,0,1561,0,749,59,193,7,5048,0,151,0,1167,130,346,197,91582,1929,0,0,0,5426,0,0,339,22020,104,0,2075,0,0,0,0,0,473,159,654,0,3214,24,0,0,3851,0,1362,1548,13107,0,0,512,0,0,0,8871,134,0,0,40581,11016,147,380,2201,1484,3173,2153,0,10174,0,25038,0,1059,207,814,296,14942,0,3359,0,0,0,1180,0,3080,0,1798,3069,2338,268,0,486,869
25,428,4818,0,375,15875,346,413,9050,174,0,0,17553,0,94,39,0,0,0,353,633,0,5274,0,15,0,102,302,4170,0,1485,0,713,104,4169,0,6857,2462,0,1750,700,4031,0,142,153,7617,0,0,561,0,0,0,11,0,0,0,8,2463,1189,0,0,360,13,0,1520,1289,16,0,0,580,0,0,1687,4587,86,305,0,22546,531,94,4568,215,1473,0,482,37,2398,0,12241,84,8021,346,20759,11207,2928,16,1230,45,708,28,9,100,1773,0,379,2697,0,104,0,10,723
26,2136,560,965,130,191,0,2205,477,49,16,221,502,0,0,1447,317,5353,0,1809,11668,181,1002,0,0,365,809,45,1368,769,2,0,3132,721,762,57,1132,511,90944,0,27,7425,46,1116,762,465,0,34062,74,2073,0,0,98,0,0,349,589,0,183,204,0,1120,43978,34,18,126,66463,0,0,137,2,2594,5104,226,0,439,0,1304,7842,10597,0,311,1525,0,170,1626,191,1121,0,0,0,164,679,0,35846,0,258,98,450,0,245,506,0,0,0,96,0,432,0,128,936
27,6682,801,0,0,13301,94,78,202,451,0,0,237,0,39,39,13,0,0,657,7285,0,8050,0,665,9147,68,2049,0,0,659,0,2280,22838,414,0,36971,1286,155,889,0,2118,0,1167,204,1131,0,2779,1451,436,0,107,23,0,0,591,0,632,0,0,0,3436,368,0,4405,63891,218,0,0,60,0,0,83,728,0,0,0,16373,376,0,1818,448,425,0,2390,197,0,0,3736,0,124,2356,0,539,30176,62,3706,0,0,666,0,1672,6879,0,0,14,0,27457,0,1560,1011
28,212,2684,1820,374,3491,0,0,48,350,0,2460,4860,6430,0,113,2228,600,0,568,16485,1613,3359,0,62,141,286,509,123,0,0,0,7912,218,2908,27,0,204,120413,222,71,10821,0,181,5924,325,0,0,154,40,14,0,0,0,131,1948,59,0,276,3928,0,753,862,159,223,454,6057,0,0,1681,0,3738,9051,105,0,0,0,2629,112,1348,349,0,3415,2760,65,594,1395,7,0,0,0,296,12832,0,2496,0,32,58,6190,63,20,268,154,573,770,128,29,119,0,8,104
29,194,6268,1588,117,9557,486,1699,8487,83,79,0,3501,0,0,95,666,0,0,572,1235,0,2807,0,0,11,221,210,11193,0,686,0,1492,54,1870,0,4589,0,4947,0,0,7129,0,0,177,4647,0,0,1009,0,0,39,0,2570,561,0,36,5573,855,0,0,277,0,0,617,1895,0,0,0,0,0,0,0,6918,0,0,0,22741,603,199,20299,935,3930,0,1195,178,3176,0,17799,0,1783,0,18299,6274,1630,0,1637,0,0,45,16,0,4681,0,0,4138,0,6,0,0,1078
30,3755,139,167,0,22910,248,0,634,1287,0,0,11228,5694,0,0,0,123,0,318,535,0,8498,0,0,0,0,221,14132,0,1654,6,797,1425,144,0,68751,2696,162,0,0,19230,0,49,159,6696,0,0,2455,0,0,0,0,0,8307,947,0,39,0,0,0,441,51,0,6601,24211,102,0,0,1134,0,0,668,1665,0,0,0,20822,7500,0,4544,408,3056,130,4028,0,0,0,11097,25,371,0,0,1060,42709,1878,8694,0,2351,911,0,0,9330,0,221,45,0,2247,0,135,777
31,3291,55,30,32,21065,114,62,417,835,0,0,995,0,0,26,347,0,0,804,3620,0,2112,0,312,3487,85,753,550,0,508,94,1811,16960,149,0,19599,372,70,0,516,11285,0,558,0,1126,0,10958,415,0,0,37,16,755,0,0,0,128,153,0,351,560,423,0,11922,70836,149,0,39,59,0,0,180,661,0,0,0,52508,0,0,1718,540,0,7,6511,0,2886,0,2036,0,880,2566,356,144,20346,1155,12244,164,1191,1720,53,214,3430,0,0,3,0,1942,241,233,303
32,2961,693,220,213,11853,0,156,61,1808,50,84,13820,0,0,65,311,22281,0,707,14207,0,5375,0,1113,392,28,1365,0,193,0,10,4103,218,36,0,1462,1728,2232,1586,0,22144,175,664,1172,441,0,0,222,3937,12196,3,29,0,525,3725,994,0,52,548,0,1960,5160,37,1045,2750,3912,0,0,87,440,1442,3847,37,4,87,0,2851,2141,9,0,0,3870,0,657,1956,1388,0,0,0,0,3491,3688,14,51702,0,0,6465,26989,137,16,511,340,0,0,0,0,4277,0,320,2422
33,5845,302,58,29,13103,6,0,45,1230,62,182,1107,1068,0,8,322,13550,0,1007,11948,94,2694,0,299,2729,17,1291,0,16,79,0,3338,8758,194,1587,2118,1187,3702,310,103,16528,707,1069,2061,237,0,19147,1267,2827,726,0,14,323,0,3872,781,0,68,702,0,548,3118,17,695,2063,3416,46,0,362,67,665,2145,93,6,1364,0,4474,1091,199,83,23,3760,23,71,695,1237,26,99,62,0,524,519,0,52950,36,0,5443,10058,106,299,243,0,487,161,4,140,3872,0,20,66
34,123,729,737,722,9731,134,0,3544,31,0,1739,9742,0,0,0,2276,0,0,2329,9943,0,5900,94,27,52,485,922,773,0,1019,0,4184,165,2750,0,2015,458,0,523,51,0,0,177,0,2712,0,0,454,0,0,0,0,0,0,0,0,34774,847,0,0,482,144,0,1667,3900,0,0,0,588,0,0,965,822,67,211,0,14096,23,0,2957,1294,1704,0,668,167,1638,0,6466,0,5194,55,2646,771,1637,0,618,0,1165,9,0,0,2277,250,0,574,0,471,52,105,1846
35,353,2735,145,0,6896,29,125,4487,195,311,525,2278,5976,0,349,1615,353,0,801,18073,0,2746,0,72,40,378,720,2318,64,1075,0,7177,599,1723,47,0,497,66133,0,82,7111,29,368,3256,1201,86,0,229,64,3000,0,17,0,340,720,0,0,194,1899,0,549,931,115,119,163,3109,2237,0,1521,0,2104,8721,0,0,0,0,2156,156,52,0,0,4805,0,117,629,0,3,63,48,0,0,2853,0,4744,0,0,0,7537,35,7,1213,0,559,493,0,0,208,0,0,990
36,4153,777,82,272,12680,0,283,86,1824,54,39,4703,6348,44,0,1121,25056,4,63,10701,0,3896,0,334,0,19,1329,0,23,0,4,3200,1608,140,0,0,100,1382,0,0,19683,824,1457,2893,374,0,0,1062,2205,0,151,112,0,860,1176,1985,0,42,585,0,1531,4861,24,923,5331,2294,0,0,317,567,904,3114,14,0,0,0,2201,1023,711,174,35,4509,20,332,2471,1765,40,0,28,0,5882,2280,16,68872,0,772,9046,22039,0,136,2389,287,632,0,10,89,13498,0,233,1654
37,1738,516,318,126,292,2556,0,216,26,0,40,515,0,0,0,16,0,0,1593,9278,0,668,0,423,3208,262,26,947,0,26,0,1509,1040,1437,0,3484,2258,1523,0,12,1543,0,1985,0,5469,0,30411,3731,0,0,0,0,0,0,0,280,4232,972,0,0,8623,0,22,1445,2303,4943,0,0,210,0,0,0,5698,3344,0,0,73472,2950,0,664,1892,420,0,1698,0,2572,0,10212,0,1139,922,120,450,12933,317,3184,0,26,0,314,0,4521,151,0,417,0,3739,30,786,70
38,4240,427,24,0,14857,1801,130,74,134,56,0,13755,700,0,0,0,0,29,1795,2213,0,7198,0,444,2977,4,723,4463,0,0,0,959,1116,126,0,30721,185,40,0,0,2199,0,707,225,2167,0,9933,1207,728,0,0,0,0,0,0,0,383,21,0,0,84,119,13,4045,48256,0,0,0,148,0,0,346,685,17,516,0,20346,0,0,21081,690,5890,0,2109,0,351,0,3929,9,466,2343,0,540,39369,288,21485,193,1672,381,88,237,4319,0,91,4,0,8964,652,489,0
39,4533,746,253,121,62172,424,213,736,710,0,0,20415,4879,18,0,494,1033,0,57,1051,0,6805,0,489,3515,17,435,3676,0,2143,0,759,2092,185,0,153724,2176,89,0,255,7476,0,1058,205,590,0,0,9419,217,0,0,23,0,2107,274,0,0,74,0,113,1794,0,25,5541,23951,461,0,0,266,454,0,0,520,30,0,0,27133,4114,0,3390,175,1679,97,2444,452,2383,0,9620,178,734,817,178,531,39710,93,3903,1753,3139,2021,0,386,4156,0,0,38,0,1295,0,499,748
40,5058,877,478,0,190,0,3470,860,44,0,150,915,783,0,0,57,355,0,0,7862,0,794,0,0,2075,320,13,0,0,185,0,1168,0,1058,0,53908,1085,902,0,66,1432,0,1676,337,2093,0,0,1692,0,0,0,250,0,610,21,92,9835,0,0,0,1367,0,0,1208,1884,954,0,87,0,0,0,443,9421,3204,0,0,60882,3259,0,2207,1812,473,0,1546,0,4077,0,16996,0,698,1031,0,446,24331,0,9613,0,0,283,0,0,3007,0,0,94,859,2831,48,437,30
41,223,1024,1618,0,20759,160,96,11960,160,0,255,12722,15098,0,0,1973,43,0,2461,1205,0,8188,0,29,18,326,239,452,196,347,0,1560,20,0,0,6029,67,4160,0,0,7120,0,177,790,3598,0,0,1344,0,0,0,19,0,2198,0,9,9044,335,0,0,203,81,0,549,1973,191,0,0,2523,0,257,1165,6067,166,0,0,17422,595,197,2593,790,2152,0,505,14,2442,0,5822,0,809,188,0,6057,6659,0,1551,0,694,31,10,81,2818,0,914,2543,467,7,175,137,1266
42,5805,94,81,26,1344,0,41,81,1977,0,64,3545,7891,0,69,94,11818,0,647,19115,0,5519,0,362,1115,47,1341,47,243,546,0,4793,1446,142,0,314,146,3189,0,163,11600,118,883,1149,109,0,0,436,3679,0,0,0,0,0,1724,2190,51,10,223,0,4196,3655,5,551,5123,2074,0,0,465,0,434,2411,0,0,0,0,1055,2517,16,0,37,4471,25,0,166,1636,0,0,0,0,406,5075,0,40205,16,225,593,14917,760,12,2069,463,1672,0,4,0,12303,0,41,302
43,4031,391,64,37,9577,6,17,134,1146,9,302,1692,7047,17,143,209,9676,0,1044,17909,0,2628,0,280,1209,43,1178,879,0,0,6,4554,11398,1139,296,2375,999,3014,0,0,8449,141,601,1143,126,39,695,989,1839,1290,0,0,233,0,1737,1837,0,52,84,0,1361,2645,27,547,1459,2208,0,0,205,0,896,2081,14,0,0,0,2353,249,284,0,12,2704,0,38,1816,136,0,26,0,0,1115,6327,0,92048,0,847,1846,15629,131,309,463,0,987,0,0,0,11105,0,0,695
44,351,3648,6215,279,23371,209,11,7693,220,0,130,6861,5476,0,0,0,31,0,1391,1223,0,2286,0,32,69,169,254,7441,0,1241,0,1439,8,531,0,3485,680,1104,0,0,2651,0,128,298,5664,0,3668,2927,4,0,0,0,0,519,0,0,2734,0,723,801,274,125,181,749,2708,464,0,0,0,0,0,67,2264,17,59,0,23118,590,0,2107,905,1938,936,1122,14,2825,0,6063,136,4197,767,0,7542,3996,41,181,84,0,40,0,132,3291,0,0,936,847,0,0,0,308
45,8081,200,373,41,27068,9,0,388,2310,0,0,14006,1486,0,0,255,1154,0,627,655,0,6146,0,313,3921,30,961,16019,0,616,0,338,256,0,0,61033,3822,74,0,0,5882,0,470,216,1494,0,0,11966,449,0,0,0,0,603,0,0,21,0,0,0,0,165,0,5383,24447,223,0,0,459,722,0,128,1459,54,0,0,18791,4823,0,2150,762,1540,25,6151,186,4277,91,6876,85,1428,658,714,581,63585,189,16891,7746,3428,0,301,456,10203,0,0,64,164,2652,142,1840,702
46,6806,554,121,37,46562,349,33,1103,149,0,84,8787,2332,0,0,33,0,56,2295,528,0,6105,0,0,6156,3,291,3688,0,5115,0,569,0,10,0,79184,844,173,0,326,3143,210,342,268,2670,0,1194,3833,753,0,0,22,0,5216,661,0,110,18,0,217,837,42,0,3816,29497,502,0,0,155,1130,0,91,884,4,0,0,24321,6391,0,1319,1215,1304,0,4727,0,6074,0,5979,0,385,6869,0,449,72209,0,18108,0,1406,606,0,0,10200,0,0,69,44,0,694,101,310
47,398,2532,323,73,4031,0,0,1517,348,80,582,3350,33120,0,78,91,200,0,861,16053,0,4037,0,32,47,117,897,208,78,0,0,9296,488,0,0,115,448,18144,0,290,5606,6,564,2770,1274,0,16360,77,48,5635,0,0,2710,0,1059,7,1357,0,1775,0,58,1614,233,34,163,1818,0,0,2993,24,1684,5152,0,0,56,0,305,94,539,342,15,3470,1199,28,353,0,8,132,34,0,99,12306,82,4795,0,4,110,4491,9,17,500,342,875,113,463,0,1709,0,0,267
48,4142,1538,72,109,323,0,0,270,50,8,79,472,225,0,1308,251,7426,0,545,17215,72,1663,1725,0,1246,538,34,1347,500,0,5477,3804,116,6689,334,904,1086,11981,0,0,5159,438,1038,751,18,43,2087,0,998,0,0,24,19,586,321,1830,1041,358,94,0,1993,28471,5,51,76,77759,0,0,535,0,2274,3329,567,1514,674,0,1766,5614,10301,0,108,2046,0,0,540,0,81,604,18,0,402,460,0,31898,0,570,188,314,84,211,579,0,324,1146,171,102,3071,0,180,11
49,2679,2958,5810,26,871,706,2190,2154,37,20,77,359,0,0,0,14,0,0,0,463,0,2841,388,0,0,105,1,4225,1806,101,0,680,212,104,0,58570,1869,4926,0,191,0,0,0,0,9222,0,0,1194,31,0,0,0,0,0,77,385,10220,1080,0,4298,1036,2273,0,685,463,11165,0,0,0,0,0,0,6220,0,0,0,26572,18171,2142,1105,6223,221,0,784,0,12725,0,27835,0,2985,268,0,338,58345,0,10038,77,4,0,352,27,1919,0,713,1320,0,0,123,679,143
50,3912,3116,2200,103,222,0,407,636,63,14,712,99,0,0,128,95,782,0,5577,18724,0,851,0,243,2126,899,25,81,0,16,0,3356,969,4232,31,797,41,22337,0,0,4319,145,1348,672,0,0,145,190,854,10613,0,0,67,1009,327,698,2966,163,180,0,4777,23204,13,96,183,56201,0,0,571,0,318,1830,204,242,227,0,4481,1763,6699,447,0,1114,851,106,85,1097,0,0,0,0,236,476,17,82653,0,0,576,302,416,385,360,0,14,215,0,0,4306,0,0,0
51,1559,780,2815,49,1302,4974,1835,1711,108,0,0,937,282,28,0,0,0,0,0,613,0,2783,0,0,187,189,7,1832,0,0,0,1068,126,2290,44,80741,6472,2681,0,0,8512,0,0,122,22443,0,987,728,0,0,0,0,54,535,0,0,1431,2281,0,282,7332,5003,4,787,566,4222,0,272,460,0,0,892,5246,1209,0,0,46541,26724,0,1617,3118,600,2386,1764,0,11418,0,19587,70,362,790,126,443,28971,0,7161,0,26,0,0,0,3099,0,841,479,4187,141,0,1699,93
52,532,4962,3099,0,30885,629,0,9845,228,0,0,8474,3740,0,68,438,0,0,2844,1383,0,8396,0,29,32,295,0,0,0,921,0,919,16,0,0,4282,0,10279,0,0,3380,0,204,193,6266,0,0,1392,6,0,0,0,0,2018,396,160,0,4102,0,957,312,291,0,781,1424,0,0,0,920,0,0,766,3860,0,58,0,26864,833,27,5117,1119,1028,0,406,0,0,0,18105,0,5513,538,0,0,4658,0,2154,44,1077,0,15,0,2209,251,0,3637,0,37,0,127,578
53,215,2291,789,655,5169,0,131,1547,257,0,147,4125,12226,0,118,818,268,20,1549,25882,0,2547,0,51,50,277,914,2814,95,322,1962,8681,34,371,61,141,316,19225,0,376,8622,42,328,4616,757,0,0,21,69,0,10,31,561,419,632,49,262,417,1134,0,245,1344,149,65,196,3835,0,0,1543,5,332,5724,70,0,152,0,1365,48,0,91,0,7457,932,13,363,0,2,149,35,0,866,15746,249,5426,4,0,168,5610,91,61,399,401,257,158,158,0,967,12,0,456
54,283,767,0,273,11889,0,167,4689,93,0,104,2874,8114,0,0,523,0,0,1032,3599,1191,3447,0,44,82,298,186,6461,0,830,0,2391,43,0,68,2579,655,2055,185,0,0,0,92,1373,3032,0,0,2634,0,0,0,36,0,108,728,0,36511,427,0,0,364,96,0,1463,2418,657,0,105,751,0,225,1533,2938,28,258,0,32468,73,168,2904,2155,2862,0,756,418,0,0,2832,0,1303,0,0,2516,5156,54,1581,0,1331,0,4,10,1535,0,0,302,12,379,191,77,1468
55,3260,0,197,18,374,3825,1484,531,29,0,98,668,0,0,113,155,581,0,8845,2636,0,2148,0,159,1600,158,13,3275,0,0,0,1904,324,0,178,20542,339,12926,0,0,3899,0,2664,190,4047,0,28754,2730,331,786,0,0,20,74,0,0,8180,0,16,0,948,573,9,1805,1696,16357,0,0,138,0,0,838,4865,1186,799,0,64712,8213,156,2082,13488,1464,967,1040,0,734,0,12371,0,466,688,0,383,45063,1513,8323,0,64,0,0,370,710,217,0,277,0,2291,0,293,164
56,6698,0,510,0,488,1988,4587,593,57,0,216,574,255,0,0,165,1297,0,2515,4354,0,2040,0,505,351,267,23,374,1573,0,0,2097,174,4789,96,34923,1905,0,0,0,6146,50,1062,435,2846,0,0,1812,0,0,0,0,0,0,101,0,5898,1632,226,0,7372,4148,0,910,1486,25387,0,312,0,0,0,310,9206,492,0,0,72500,2508,354,920,12111,1068,0,2477,0,0,0,11295,0,1860,1758,186,343,35683,248,7727,0,168,165,771,179,2326,0,755,597,0,1696,0,0,41
57,6918,252,0,84,19365,317,39,501,113,0,496,13571,0,22,0,479,0,0,3519,2810,0,5697,77,174,5196,11,763,0,0,434,0,985,7898,51,0,7248,6071,56,0,188,5806,120,1123,61,261,0,0,2215,130,0,0,75,1408,335,812,538,154,84,0,45,1395,415,0,9172,48769,718,0,0,0,0,0,1373,486,0,0,0,18293,1524,41,3519,2277,4545,26,3203,547,918,0,2873,28,898,1568,5654,355,74254,22,17428,444,4028,1130,150,98,5422,280,114,11,132,10068,118,497,0
58,2399,2337,2735,0,601,7256,4589,753,31,0,0,710,0,0,947,384,1172,0,2091,2529,0,1881,0,33,1345,821,6,2571,33,0,0,649,406,1290,0,23711,2286,7524,0,3,2704,50,471,0,9962,0,23148,695,0,0,0,0,15,60,93,0,0,1932,0,858,812,5230,5,2560,1784,14254,0,0,0,0,0,465,940,0,0,0,80670,3229,0,6818,1784,504,0,1728,0,1604,0,9880,0,2545,1368,35,894,30850,1301,6274,0,29,156,0,245,2003,0,336,338,0,318,0,151,78
59,422,331,1102,0,11729,381,21,8601,0,0,0,9811,0,0,0,1276,106,0,1819,2030,0,4344,0,21,66,339,312,5070,0,451,0,2330,27,1235,83,1482,920,7989,0,120,5188,10,345,303,2739,0,4000,2107,0,0,0,14,0,0,0,2,15648,955,0,0,494,75,0,843,2704,373,0,0,0,0,0,1706,2258,39,0,0,25063,156,133,6318,2244,2633,0,2077,555,817,264,2594,17,6324,582,0,7128,4733,65,2223,19,1057,70,22,0,1238,0,301,387,0,110,75,73,661
60,6113,1370,811,130,639,1790,0,1728,75,0,72,152,476,0,1507,0,0,0,4040,1962,0,2119,0,628,0,0,1,0,0,15,3974,285,282,0,0,62615,2764,22790,0,0,7286,0,296,0,7872,0,4820,1253,206,0,0,0,0,810,71,0,5853,2580,0,0,3992,0,14,717,961,2767,0,0,476,0,0,556,6203,0,0,0,48872,24414,457,3126,7457,0,6645,1457,0,0,266,14060,0,2246,497,0,948,47158,263,5743,31,127,0,0,0,2149,0,561,788,0,363,0,2682,217
61,385,5206,3937,0,14670,151,534,5579,316,0,0,4832,10537,0,0,509,51,0,2737,727,0,8480,0,71,99,0,102,2365,0,1970,0,447,27,0,0,4947,5304,3959,0,62,18397,0,309,1599,6052,0,5018,925,0,3160,0,0,0,783,0,0,13768,4764,0,0,57,93,265,565,1500,548,0,0,696,0,41,3363,5876,39,0,0,9340,548,30,1994,707,742,0,562,0,6878,47,7086,0,2590,196,0,2609,10472,0,1134,0,1148,99,16,132,2198,425,0,1821,20,144,0,195,148
62,503,0,1776,369,10188,1178,0,10317,123,0,291,4388,0,0,0,1185,0,0,401,461,0,8232,0,139,35,0,33,13627,0,529,0,986,75,1087,0,3922,2125,6838,0,0,0,4,250,2307,6399,0,0,763,3,0,0,0,5293,926,392,0,12060,340,0,0,55,203,43,969,1161,184,0,0,407,0,0,1772,1616,72,0,0,21160,104,149,12188,1613,4462,0,1327,0,631,0,11430,0,4986,134,0,7432,6066,0,1414,0,2375,0,0,155,2227,0,497,3256,216,40,31,187,518
63,6166,1974,5400,0,1124,676,0,1529,25,0,0,1226,0,16,234,415,0,0,12419,1163,0,1760,0,564,0,20,8,5736,1198,190,0,155,65,0,0,81427,785,24369,0,0,0,0,1585,0,4024,0,0,1437,88,1014,0,41,0,953,0,0,15932,1883,23,2585,537,5548,0,1003,1103,3117,0,0,0,0,0,62,5580,0,0,0,42901,17597,181,1557,1575,808,0,0,0,3952,0,30429,0,1803,3439,0,145,41691,0,8274,0,30,278,0,135,2618,411,0,991,1989,292,42,1239,304
64,301,573,0,0,8641,56,534,5242,116,0,0,10504,0,0,113,0,12,0,2256,2937,0,3878,22,50,15,440,604,4738,22,114,0,1215,147,1349,0,3244,1403,932,0,0,0,3,0,1230,5848,0,0,430,26,5868,0,0,0,377,0,0,30375,172,1178,0,465,164,44,1245,4358,902,0,487,306,0,0,447,3414,117,0,0,28106,216,0,7099,1289,566,2636,604,95,1679,0,3711,0,546,335,0,3177,1439,7,1849,0,410,133,0,0,4025,0,100,886,0,409,78,25,97
65,2518,638,6214,0,183,1567,4772,241,65,0,337,298,1220,0,216,338,4247,0,5316,22549,0,578,0,631,841,1200,42,4246,0,0,6741,4615,4466,251,49,2885,782,102155,91,0,2617,0,1424,345,0,0,11473,117,164,4381,192,0,0,635,273,364,6411,0,104,0,977,8470,58,142,58,22194,0,0,321,0,1161,3029,0,0,0,0,3169,0,5340,0,0,906,5211,0,260,0,274,98,0,0,345,512,0,22231,331,251,708,262,65,81,708,0,380,742,0,0,1154,0,0,312
66,196,1702,781,0,3252,0,343,532,184,0,373,5115,1931,0,118,1519,289,82,1632,25696,0,4257,0,32,6,145,794,1339,59,582,15802,8615,131,10622,87,213,115,39820,0,115,3598,33,483,1314,522,0,0,210,79,2042,0,9,0,0,144,22,250,133,746,73,348,613,224,192,320,2024,0,0,553,2,267,3850,120,11,117,0,2359,105,440,0,0,3605,0,128,210,0,12,0,0,0,324,4924,0,1461,0,94,126,2085,82,19,289,0,0,915,11,0,1471,0,10,1249
67,4130,0,100,0,7448,17,145,119,708,0,0,10484,0,0,0,808,0,0,417,1712,127,6191,79,435,1342,31,462,0,0,0,0,696,16829,502,0,52212,1338,148,4710,0,0,0,180,191,1542,0,0,2829,0,0,0,0,0,1474,778,302,781,0,0,242,1444,520,0,6380,72005,697,0,75,89,0,0,679,546,0,1313,0,49377,884,0,2326,1063,4591,0,1630,223,0,0,1679,0,540,685,623,631,58268,316,23281,1129,1761,508,0,0,4687,2110,0,49,0,6986,0,415,139
68,6152,0,374,219,32999,558,0,810,929,0,0,7177,28891,0,75,0,0,0,145,406,0,8846,0,0,364,0,41,8581,0,364,0,596,906,0,0,156418,3026,132,0,740,3249,0,1083,0,3564,0,3674,6694,0,0,0,0,0,7439,364,0,0,76,0,187,1188,215,0,2854,10986,305,143,0,375,1321,0,896,1086,61,0,0,14021,2664,0,2488,654,418,0,3184,170,2319,0,10022,0,320,10797,0,52,105557,0,2261,2088,2762,0,385,0,10533,5533,0,54,0,0,0,1886,75
69,4353,1202,596,0,161,0,0,103,30,0,167,136,440,0,94,217,5344,0,2618,19842,0,866,1330,114,1896,1237,57,1196,488,14,11822,4420,3783,3850,0,631,2973,101674,0,156,2071,199,3118,859,1572,0,0,205,147,8518,542,0,22,123,36,133,0,0,150,0,11472,7744,0,58,34,81113,0,0,415,41,1809,3573,0,0,0,0,2140,2858,350,8,0,948,0,53,91,0,0,0,0,0,2325,239,0,14201,283,0,127,308,250,635,527,128,0,429,169,105,2627,0,0,0
70,113,934,271,0,10010,0,668,3759,248,0,849,11162,0,0,0,0,84,0,2711,2323,0,7292,0,191,35,1206,448,0,0,3109,0,2222,2,8356,0,2023,5612,5206,0,561,4098,0,174,0,0,0,0,172,0,0,0,0,0,708,291,0,4992,0,1769,0,376,331,0,1553,2491,1649,0,0,3939,9,0,4031,5863,32,0,0,29139,265,0,2752,1179,0,1288,202,455,2908,0,4200,0,13156,0,20505,9046,1438,0,292,99,574,0,10,72,4021,543,0,1544,0,171,0,193,2745
71,711,2670,4530,342,14159,138,0,14050,245,0,0,11796,37015,0,121,0,0,0,0,195,0,5998,0,96,199,132,400,6273,131,268,0,0,16,0,95,1491,669,10543,0,143,0,0,537,0,3610,0,0,340,32,0,0,0,0,0,0,0,0,1842,0,0,326,43,18,1045,1532,1602,0,0,0,0,0,939,5359,72,0,0,7839,473,331,3461,885,4253,0,252,157,6818,0,11141,0,4008,113,0,4732,5461,27,2009,28,1065,0,0,189,3885,0,0,3061,0,112,0,691,778
72,2925,248,22,59,9416,0,31,49,1674,0,37,5589,3315,0,59,1601,9130,0,1286,15256,0,9171,0,628,460,29,1017,0,264,959,0,3883,16816,319,0,5602,441,1042,0,0,21910,715,1455,922,698,0,0,1126,2198,4221,0,14,0,0,786,1810,0,50,379,0,1238,2458,18,696,3179,2094,114,0,74,65,1362,2529,74,0,6457,0,1643,0,147,82,106,8127,3,779,2171,0,23,0,0,0,0,2892,0,60941,79,0,2201,13017,0,286,1034,0,0,270,0,0,24474,0,0,1046
73,184,3490,411,833,3830,17,542,0,203,31,418,9432,12062,0,32,1835,258,42,2742,22226,3124,5683,0,0,295,297,685,0,220,278,0,8381,159,5776,126,157,3126,25280,0,502,13217,1,1428,5255,564,0,2852,105,82,1015,0,18,0,0,1235,64,0,551,786,0,311,743,97,98,151,2831,0,0,386,0,1446,5736,48,0,0,0,402,18,64,0,10,12747,280,127,309,1782,0,417,24,0,41,1735,0,4088,0,140,112,4030,10,7,325,276,0,268,0,0,1328,0,3,652
74,1627,0,358,0,18943,118,66,379,1156,0,59,13733,0,0,0,0,4352,0,2077,2582,0,8180,0,284,1682,66,489,1586,0,0,0,1064,0,16,0,71594,1517,513,1650,573,11729,105,830,1020,778,0,4073,1115,600,0,86,0,0,0,523,0,45,37,0,135,1418,898,0,10457,54763,486,0,32,229,0,0,1030,874,0,2077,0,23313,4524,35,3823,1127,7833,0,3260,180,2271,0,2811,0,500,2925,187,349,38076,155,14454,0,5513,1056,0,0,8811,3897,342,12,0,10318,337,841,194
75,162,1538,198,0,3402,0,0,2869,311,52,229,3029,18023,0,244,2063,450,0,1745,20116,0,2347,0,63,13,278,677,4688,4,0,21428,7145,550,3883,101,97,610,51093,0,377,11322,42,398,2557,385,0,0,133,44,0,0,30,2216,0,590,20,701,469,790,0,632,958,187,75,87,4433,2072,0,595,0,558,4670,57,0,0,0,1473,106,231,151,74,3368,512,78,383,165,0,373,0,0,0,14103,60,4068,10,78,79,9312,0,15,422,200,0,344,0,28,147,0,0,200
76,5175,1874,995,0,160,0,4028,336,61,16,626,526,733,0,253,36,7904,0,1728,8851,82,1552,0,696,3325,645,48,1426,331,0,6522,4328,1659,5857,64,559,1359,86228,0,27,8012,603,2123,1410,0,0,84027,773,843,0,0,87,7,0,96,435,0,118,239,0,7881,28324,0,210,48,73052,0,0,245,0,153,2482,59,0,0,0,4522,774,2032,290,75,928,1064,0,249,305,103,553,44,0,207,405,37,49892,0,270,221,312,0,278,603,697,495,0,21,0,2081,0,119,43
77,7417,0,540,43,37326,126,58,651,2284,0,65,15069,0,5,0,214,0,0,299,720,0,13973,0,225,0,0,141,1561,0,391,0,513,0,0,0,65296,3601,231,0,0,17411,92,130,534,4099,0,0,3028,0,0,63,0,0,7947,1357,0,362,178,0,89,0,255,0,4122,30387,1324,0,0,150,0,0,1169,1141,42,0,0,26810,4618,9,533,938,5702,45,109,0,2293,0,6871,0,556,0,0,857,117987,801,2474,0,2245,0,0,187,6253,1908,0,155,0,1895,0,5665,118
78,304,905,3571,0,3703,136,0,19781,294,0,1217,15537,0,0,0,0,188,0,1023,112,0,7186,0,147,44,0,138,360,0,377,0,604,0,0,36,5187,3545,3893,0,0,5715,0,268,912,8616,0,1412,463,0,0,0,0,0,296,0,0,3124,2909,0,361,0,699,43,609,1020,0,0,0,6915,0,0,490,2218,22,0,0,10476,1022,93,2211,265,14746,0,160,197,932,0,7673,0,4801,54,0,6648,6123,134,1204,49,211,0,36,365,6191,35,0,7589,271,145,145,538,4153
79,1878,249,4977,0,554,1078,0,842,40,0,0,305,0,3,45,175,0,0,1477,2793,125,1177,1440,559,1583,43,8,787,514,0,0,1268,251,2540,74,41916,1227,8148,0,44,1253,0,0,551,4692,0,0,2511,360,0,0,0,0,909,8,906,1116,206,0,862,2167,3396,7,1736,1493,15420,0,582,39,0,114,674,5421,2441,0,0,70577,3476,0,2235,25625,112,0,2384,0,2191,0,15220,86,2475,429,0,1180,8174,3116,5609,30,57,0,62,0,2826,45,0,393,484,1318,0,325,81
80,1382,1852,734,13,110,0,0,8,44,8,150,115,766,0,677,198,153,0,3391,21773,0,754,0,332,1601,517,32,1832,282,0,172,4395,377,1290,0,2406,421,12380,0,46,3324,139,1134,525,1570,0,30478,468,534,11896,158,122,4,0,199,708,0,575,3,0,857,6663,0,111,76,20107,0,0,55,0,2196,1545,112,436,0,0,7946,2105,4142,20,113,982,250,238,155,1508,81,112,0,0,534,18,0,4217,76,236,267,109,0,17,357,205,0,0,146,199,12606,0,123,21
81,214,2390,0,399,22405,135,45,7797,109,0,276,7880,0,0,21,1142,18,0,4162,2764,0,1413,0,0,42,188,314,2176,0,653,0,2485,133,262,0,2163,4520,3946,0,0,7988,0,2,86,3587,0,6846,1635,7,0,0,0,0,126,0,12,9917,1347,0,0,148,309,0,1105,2722,525,421,507,723,0,0,1210,1606,59,0,14,24165,230,105,5312,3173,1987,2429,552,39,638,0,4921,5,18762,123,0,1759,1981,8,2014,0,1405,0,6,17,1443,275,0,341,0,620,0,106,0
82,241,2432,0,0,2118,0,184,642,106,100,1645,2270,0,0,82,927,213,0,1522,21577,0,1831,19,84,214,79,1006,0,0,0,0,7051,688,4233,55,41,411,12043,0,196,7976,6,238,6038,0,0,18797,357,14,3844,0,6,0,81,1076,22,709,2039,699,0,760,373,191,45,363,1663,550,0,222,6,370,2845,0,46,70,0,1237,116,976,0,61,4145,515,34,325,0,0,467,0,0,263,8540,298,1060,0,19,0,2916,24,14,36,0,0,0,0,0,2851,0,0,121
83,5279,1785,3886,26,843,6655,1638,1702,49,0,0,1117,0,14,0,0,2853,0,5721,421,0,1516,0,1508,696,201,3,0,0,52,0,31,156,0,0,22792,1425,13989,0,39,1693,171,486,108,12735,0,0,2262,0,0,0,0,0,214,56,140,5054,135,0,1027,1799,7795,0,509,770,2105,0,0,264,0,0,463,11774,6612,0,0,599,17987,545,3120,2976,1309,0,1635,0,5861,0,20833,79,2567,4763,0,538,46172,204,5075,0,115,0,0,186,7551,101,2444,1467,0,135,0,9045,136
84,2043,18,0,62,14545,280,265,481,1377,69,0,722,0,0,68,0,0,0,164,1688,0,10686,0,0,508,39,925,0,0,0,0,326,69,266,0,24152,632,377,1657,0,9059,0,0,640,494,0,3989,6623,953,0,0,99,0,0,396,0,593,0,0,0,1077,970,4,5023,79010,658,0,0,320,0,442,74,1447,0,0,0,32850,1836,0,4136,989,3311,5,6259,0,4809,0,2791,0,1854,7746,0,292,32494,333,15532,0,773,0,0,0,2379,0,115,19,0,6860,0,1359,208
85,4612,165,151,17,21601,269,488,141,990,0,74,8013,6563,0,0,559,1455,0,681,1444,0,10384,0,463,2936,41,330,2269,0,0,0,754,13989,304,0,3154,862,376,0,323,6781,136,0,186,3543,0,0,3458,383,719,0,0,221,139,856,773,1115,15,0,0,1228,304,0,10418,77387,879,0,23,305,0,0,159,173,12,0,0,40593,1413,4,2208,394,461,0,2272,504,89,0,4146,0,1164,4623,0,678,35219,426,12592,1085,5297,1446,44,0,5854,0,124,28,0,1988,623,1544,192
86,3332,0,1237,27,621,17153,0,2607,29,0,160,620,0,0,24,264,275,0,1333,249,0,2333,0,1053,0,121,2,0,0,73,0,706,57,634,209,33269,0,12186,0,0,4704,0,212,145,7075,0,0,1283,212,0,0,0,0,319,0,0,2142,1933,52,0,8740,2284,13,991,979,2529,0,0,868,0,0,1410,5540,707,0,0,71779,15861,885,3859,424,560,1822,474,0,1548,0,8944,151,3005,0,0,954,54385,136,8192,36,51,0,705,0,7794,784,771,1053,1756,474,0,5909,797
87,407,2474,175,792,11104,161,98,899,122,0,0,12942,0,0,0,2603,44,0,0,2995,0,7140,0,37,45,0,407,7537,0,0,0,2905,37,0,0,1606,862,3385,0,0,4216,0,572,1357,2313,0,0,1158,10,0,0,0,0,887,529,11,5761,417,0,160,286,122,184,1257,3154,574,0,0,2936,23,132,5193,2417,0,0,0,17898,115,64,5066,2243,1634,0,176,311,888,0,3839,0,11391,0,0,5280,4361,61,1957,144,558,0,50,328,1155,0,1479,567,0,118,0,12,0
88,480,2381,687,341,7623,374,0,3620,247,0,609,12088,7904,0,0,0,0,0,595,298,0,12637,0,75,0,0,0,586,0,1830,0,1161,6,0,0,4436,0,8013,0,0,5935,0,281,661,3037,0,0,411,13,0,0,0,0,1280,1341,0,11008,4605,1216,0,474,315,154,1194,1396,960,0,0,5504,0,0,2994,1611,0,0,0,20982,828,55,6200,162,6561,0,1500,330,0,0,3998,0,3100,693,0,4678,7395,18,1400,82,1876,142,0,544,3770,626,0,3632,0,117,0,636,961
89,2324,1799,119,0,281,0,585,193,30,0,174,33,1099,0,894,238,2282,0,4505,18750,0,327,0,1030,1082,600,47,1052,151,0,2060,4063,1962,694,39,0,2216,0,0,26,6182,0,1012,961,2755,0,0,664,433,0,688,133,0,0,161,715,0,1573,74,0,3536,10176,14,181,231,32391,0,0,249,8,454,1954,0,0,73,0,6363,1767,518,92,0,604,1773,18,37,0,1620,300,0,0,348,189,10,8253,0,193,176,177,0,23,81,298,171,0,0,0,23964,0,0,137
90,172,4209,895,0,6984,40,0,6201,141,0,0,8420,995,0,124,129,163,0,296,3186,0,5526,0,69,47,327,740,4217,0,782,0,1297,94,4039,106,927,0,0,0,26,4693,0,0,2493,2884,0,0,677,5,0,15,0,0,1237,581,0,75426,131,470,239,631,499,120,888,2873,259,0,0,814,33,0,3125,6936,24,27,0,29156,408,106,11034,967,4990,0,391,0,1637,0,2351,0,8426,19,0,1090,4913,0,960,0,1979,158,0,45,2469,0,0,1537,0,179,16,47,1243
91,267,1464,631,0,14031,367,197,9568,79,0,730,848,0,0,0,0,0,0,1108,546,0,7373,0,0,6,62,0,4843,0,0,0,1540,97,646,0,4952,1829,4764,0,0,10212,0,504,579,3501,0,0,552,7,0,0,0,0,4247,853,44,15553,1185,0,0,224,94,0,576,800,308,0,0,969,0,319,2267,5963,0,0,0,7000,632,0,6104,312,7714,717,1357,0,0,0,10014,0,2624,480,0,3736,8283,136,1412,0,0,0,7,0,3021,0,0,2376,0,196,0,1095,1638
92,8770,4358,935,0,525,18460,8481,2234,29,0,320,353,0,0,0,0,2260,0,659,270,0,2564,0,0,0,146,0,0,0,0,0,619,0,0,387,18734,1248,20271,0,0,8251,421,2594,67,6391,0,2364,591,746,0,0,0,67,0,106,0,675,0,0,0,0,6113,23,751,639,15684,0,0,482,0,0,1798,3254,0,0,0,43818,28478,1609,1512,7040,1078,0,387,0,4199,0,2609,0,1549,0,0,338,73752,0,608,0,84,0,0,107,8496,0,2463,3200,3063,448,0,16076,138
93,7257,73,0,150,40911,247,242,606,1957,57,67,22475,7188,0,18,156,0,0,831,1015,0,13496,0,862,0,30,293,3009,27,798,60,104,512,168,0,34242,6165,418,0,0,7317,0,0,145,1432,0,0,3014,997,0,0,0,3304,2217,522,0,452,95,0,0,43,66,14,2746,8419,552,0,0,167,276,0,484,1214,0,0,0,8251,3062,13,3132,168,5552,218,4383,623,5221,0,3130,35,89,2355,0,499,102545,0,20249,3595,4521,411,0,0,6498,0,332,63,1787,12802,0,12807,328
94,4649,394,8252,291,317,1241,0,1801,2,0,0,1832,0,0,0,201,0,0,10751,453,0,2433,0,0,267,535,1,4400,0,22,0,210,71,624,365,16021,0,11924,0,0,832,0,688,0,12314,0,0,792,284,0,0,0,45,785,208,837,0,2003,0,0,2703,747,0,547,776,6426,0,0,647,66,0,400,7176,0,0,0,27462,16564,0,378,2281,958,0,317,129,6364,1737,16551,0,1738,4179,0,192,73450,0,2350,0,19,0,721,28,6030,579,0,1993,0,1352,0,9781,391
95,448,3924,2000,0,10725,164,246,6760,75,0,0,10615,2661,0,189,0,69,15,965,1747,0,8402,0,107,7,290,403,6421,128,1978,0,1207,86,2322,0,1618,1556,2573,477,0,17575,0,311,983,3577,0,0,516,9,0,0,0,0,150,1369,33,12784,477,0,500,628,313,21,1150,3066,1564,0,0,1241,38,0,2544,5211,22,0,0,25337,222,290,18002,462,6721,0,316,39,1701,0,5227,0,4731,229,0,811,3132,0,173,144,5095,15,14,442,1819,445,340,43,0,114,0,192,0
96,4969,786,435,284,23895,33,0,315,1562,43,0,34425,0,0,0,169,1562,0,865,394,160,9102,0,1024,2937,0,77,6795,0,0,43,80,225,0,0,48138,3226,348,0,0,0,156,739,0,3467,0,1519,4712,223,0,0,0,1455,1407,403,294,116,13,0,0,357,0,28,2175,8652,234,0,0,481,0,0,1214,767,0,0,0,3068,2660,124,1169,717,1997,0,865,0,1632,0,4126,0,1803,1262,0,60,234676,288,3505,2465,1033,0,0,305,8861,0,0,45,94,5112,0,12087,744
97,423,1429,1448,377,10502,112,46,7904,273,25,1290,5987,8788,0,0,1267,115,0,850,1998,0,3960,0,52,0,672,348,7322,125,390,0,1157,29,341,66,1829,1629,10600,351,0,11979,0,0,1991,3906,127,1023,2037,0,2081,0,23,0,390,463,42,2867,613,425,402,40,562,0,1733,2905,732,0,0,199,0,0,2069,4937,17,0,0,20193,110,63,5837,1124,1250,0,1559,147,1739,0,3424,0,14360,483,12076,7712,1413,11,1438,109,2057,66,3,0,1361,0,389,0,0,0,0,45,164
98,392,1733,605,64,11579,28,226,8898,198,0,1209,9073,18135,0,51,2064,175,0,1218,1299,0,7523,0,24,15,325,266,0,0,615,156,1284,3,2029,0,1579,3890,4825,0,0,5271,0,599,2274,3033,0,0,1127,0,473,0,0,0,420,906,37,45048,87,458,0,804,331,87,1371,3367,1597,0,0,1382,0,0,5325,1537,0,0,0,32798,289,52,2635,840,3388,0,973,49,882,0,3747,0,6669,232,0,5368,2220,0,1973,36,1772,0,36,472,1639,0,328,892,0,10,0,110,1066
99,6461,4659,2644,538,1453,2771,10448,570,23,0,0,932,0,0,0,125,0,0,2038,0,0,4064,0,515,0,20,0,1345,1971,36,0,577,129,0,0,33150,2985,1300,0,19,4482,0,0,138,4750,0,0,340,255,0,0,0,0,496,137,0,12104,0,0,0,0,725,16,655,445,27914,0,0,254,0,0,275,5038,1042,0,0,20498,5415,623,684,7371,2682,0,1340,66,2552,0,11657,0,940,1684,0,227,65766,0,5758,0,32,1466,603,214,4499,646,0,824,2146,461,123,7739,214
100,5396,1362,526,11,32965,331,0,821,1287,0,0,9127,0,0,0,240,0,56,706,0,0,3939,159,0,0,0,0,3384,0,0,0,114,0,51,0,57887,35,839,0,0,13078,0,0,354,746,0,0,2451,0,0,0,0,0,1104,533,439,0,42,0,0,128,1210,0,4503,12202,156,0,0,378,0,0,1241,831,0,860,0,12976,3099,10,1103,52,11316,50,2637,0,1119,0,2390,37,921,2391,0,476,125863,62,4793,0,1672,0,275,0,11393,0,0,68,2102,11879,0,13365,0
101,4119,884,1811,130,897,1975,1785,1047,71,0,0,696,1867,6,153,174,141,0,4313,1168,0,1963,2339,673,882,562,7,1894,567,0,0,592,149,43,57,23788,112,21182,114,0,2642,90,202,305,13056,85,0,676,0,0,0,0,0,603,0,617,24698,227,0,0,1233,5443,8,2066,2211,12988,0,0,362,0,706,703,5014,0,414,0,97041,2739,1253,1488,7682,288,0,1070,89,1121,6138,5627,22,3679,5645,0,202,14868,1166,6931,0,161,294,20,0,2976,278,400,944,0,132,0,563,0
102,2634,4423,928,0,594,1169,7442,1906,51,0,147,1023,0,19,0,45,1549,0,8480,1650,0,1374,0,444,287,385,15,1980,537,0,0,782,794,2633,127,25570,1863,22846,82,171,4352,21,0,511,4343,0,6893,3269,80,2375,145,158,0,688,327,323,1121,2080,0,0,5071,8612,17,1883,1905,27693,0,298,268,12,0,732,5871,1038,0,0,98572,19591,690,5450,3337,1109,0,1627,0,1907,6652,6338,0,3497,877,115,138,11415,1197,1923,93,78,0,575,246,984,216,0,163,0,728,0,525,0
103,223,554,369,0,5686,63,0,1321,217,0,140,9484,0,0,261,1606,177,0,313,15000,0,3455,0,30,136,45,810,6898,41,560,822,6191,111,2318,55,405,940,43564,0,288,7361,10,284,5316,0,0,17025,175,17,3384,0,80,0,1067,1956,18,0,1816,3476,678,699,649,197,79,223,2277,0,0,2177,72,188,6365,149,0,85,0,2175,128,392,0,64,8585,6823,54,439,0,17,0,0,0,372,9182,0,646,0,15,106,4758,0,15,439,99,642,868,0,0,1962,0,8,163
104,6703,113,369,17,24208,67,104,501,2621,98,0,6608,0,0,151,669,1420,0,448,1957,0,4609,0,1082,1144,32,116,0,0,0,0,929,7568,0,562,31803,973,358,0,0,10110,0,215,945,1761,0,0,3416,154,0,0,38,0,3273,2202,1737,767,52,95,84,916,598,62,10248,49765,1071,175,19,112,0,538,866,840,28,0,0,39531,3709,25,1357,368,1635,0,3626,1156,4762,12,1252,0,1489,970,3341,378,36070,0,23662,0,7717,98,40,747,2277,0,0,17,0,13875,223,756,0
105,3307,1980,1557,6,110,444,3038,68,37,8,143,162,281,0,1391,129,3644,105,0,19916,0,1123,1417,356,1305,323,60,65,85,26,283,4264,15,0,47,910,250,6051,0,17,4887,209,2256,409,1581,0,0,162,1082,2872,0,0,0,0,112,355,0,0,74,0,2311,12151,13,132,203,35628,0,0,425,8,1057,1242,0,0,1323,0,2804,3251,1473,0,133,813,1639,233,408,594,346,1146,0,0,1183,211,18,15444,0,345,250,248,96,204,175,425,27,704,0,0,17041,0,0,444
106,2964,55,35,214,8538,0,201,23,2065,0,303,12766,6162,0,23,496,7343,0,319,11124,0,1843,0,143,7735,40,1413,19,63,490,94,3678,46588,35,465,0,1835,322,0,0,16618,184,789,1828,225,102,0,440,1270,770,0,18,0,786,680,2162,193,0,708,0,1422,2498,26,1087,3522,1155,0,0,0,174,1121,1439,37,0,1188,0,1740,223,266,0,66,1949,3,259,2003,0,8,0,62,0,497,4134,33,33584,0,970,1981,14446,224,202,471,267,550,0,1,284,107145,0,0,1006
107,1859,136,94,0,25618,194,0,988,1183,0,0,25875,0,0,0,0,0,0,391,0,0,18223,21,1053,0,0,0,1427,28,0,0,577,0,0,0,20861,499,514,0,0,2541,0,947,116,1466,0,0,2684,0,0,0,0,0,0,0,794,676,87,0,0,522,831,22,3197,16917,1398,0,0,141,270,0,0,1539,5,0,0,27225,4658,58,1721,48,8791,0,1414,75,13030,5,5516,322,1454,1071,0,422,111504,0,15345,0,4561,0,336,562,8921,626,336,79,87,1364,0,5248,1033
108,5008,820,319,88,42796,42,251,576,783,0,37,6567,0,0,0,332,0,0,1177,134,0,9917,0,214,156,0,136,5496,0,0,0,189,0,0,0,96323,1540,635,0,583,0,0,244,343,2139,0,0,2396,491,940,0,0,780,0,0,395,123,0,0,71,0,693,1,4763,12402,338,0,0,37,0,0,1070,1044,0,0,0,25592,8183,0,2921,650,5942,53,3246,647,3029,0,3896,0,173,2959,0,1402,150856,261,10312,688,4109,342,37,0,7603,0,0,95,71,8568,0,3774,41
109,356,2434,0,415,6009,194,0,1980,125,0,1036,15636,2559,0,84,558,87,0,1421,0,0,13894,105,0,0,0,15,7094,77,120,0,0,14,0,0,1077,2589,7185,0,0,7407,10,0,893,5805,0,0,155,0,803,28,24,0,414,1758,23,8382,1202,0,0,522,277,104,273,298,1576,0,0,0,16,0,3931,4883,0,0,0,15092,765,74,5175,790,20129,0,598,320,15444,38,3565,0,6691,899,15469,3180,10033,10,1696,100,1112,57,32,0,3660,1454,437,2758,0,146,0,642,2034
110,407,2642,630,402,12773,105,666,6513,0,0,0,11427,0,0,14,388,102,103,0,182,0,9944,0,44,0,0,0,5106,140,1133,0,339,17,0,36,4605,4736,2953,370,0,0,0,554,1199,2264,0,0,814,113,0,0,0,0,730,1788,126,3416,3143,0,0,0,223,0,618,984,502,0,0,318,0,56,2298,6515,0,0,0,6984,449,354,0,747,9775,0,570,91,3567,0,7526,519,573,554,0,260,12548,36,1153,18,4949,159,0,195,1808,0,373,3236,344,138,0,550,0
111,3243,1839,383,15,981,926,4055,1284,68,0,0,289,492,0,240,21,2365,0,8688,1895,0,2735,1177,852,757,766,12,459,0,0,0,579,0,2717,121,27307,959,19394,72,0,4416,185,632,934,2405,0,0,1012,86,954,0,0,0,2209,75,0,12476,637,43,0,207,4822,23,1596,1639,24902,0,0,55,7,0,1117,6486,0,3424,0,67906,17366,2179,1168,8228,1107,1614,892,149,2379,0,10104,0,1074,1602,0,432,27629,0,6227,299,187,270,881,28,1468,0,0,182,250,65,0,1939,0
112,6727,495,0,0,23283,3,0,260,278,0,115,12932,5320,0,0,720,0,0,137,115,0,11276,0,1059,0,55,125,4297,0,136,0,162,0,0,0,40022,0,95,0,0,7959,0,176,454,1036,0,0,4266,132,10248,0,27,222,10426,0,0,43,167,0,0,0,0,0,2274,14225,298,0,0,222,0,0,989,643,22,0,0,17295,1554,0,2164,308,381,61,2995,87,23297,703,3368,396,411,2669,0,320,222436,128,12061,0,9142,0,70,358,6352,0,0,48,0,3768,0,2875,207
113,6663,1990,2610,133,1223,933,7239,1658,26,0,0,1056,95,0,0,135,3274,0,404,569,0,1324,1968,195,850,279,8,4910,241,94,0,329,0,0,0,25289,2527,7462,0,6,2627,44,552,779,6290,0,0,825,1083,0,0,31,0,1044,64,667,1256,1630,20,163,3040,4286,6,995,1958,3359,0,260,299,0,257,693,10172,399,0,0,79618,11044,1171,7327,9857,228,1219,1172,149,10887,0,7963,66,1474,368,698,425,9986,101,5199,0,202,0,256,62,1161,0,0,388,1575,130,0,922,249
114,186,1834,1864,998,11816,38,445,8028,430,76,430,12263,0,1858,189,1650,38,0,3486,2338,0,3266,0,134,0,244,139,2239,167,683,0,1352,12,3188,63,2865,742,11004,146,0,11228,5,0,779,1471,0,0,181,25,11091,0,25,829,351,367,20,1392,1959,738,351,916,1002,232,1158,2127,1012,0,376,1045,0,0,4542,2567,0,0,16,18962,643,77,4328,2545,809,0,1571,334,336,94,3616,0,4619,279,0,4833,2385,9,488,68,3860,292,0,130,467,0,111,498,0,268,0,85,1194
115,318,1602,5134,66,468,782,7366,1286,27,0,186,635,1099,4,647,383,427,0,3164,1310,0,1822,0,142,787,0,10,1483,585,29,0,943,184,80,0,17612,890,43918,72,139,4747,0,934,601,6050,173,0,3025,692,2380,0,110,131,729,165,907,13231,1184,44,0,5018,9012,12,1237,1326,18497,0,0,132,10,0,1055,1414,5222,0,0,72587,15510,493,582,9352,373,1751,2216,228,4151,0,6724,24,3501,0,50,693,18750,1761,6873,185,167,776,689,187,479,0,0,175,462,1829,139,2145,190
116,312,1792,548,171,13189,158,0,9171,293,0,0,11994,26669,0,40,0,115,0,1332,3594,5770,4116,0,34,14,242,85,6766,0,0,0,2249,0,0,0,1826,4673,8429,570,194,5611,0,0,2888,3142,0,6154,499,14,0,178,0,0,774,759,27,16218,1061,0,339,1022,191,794,962,2525,2109,0,0,3268,0,0,1793,2747,0,0,0,15271,206,31,3474,1124,8844,0,1666,128,2794,0,1972,0,6508,0,0,2819,6325,21,1091,35,1108,0,13,72,763,330,0,2968,0,57,0,191,3982
117,288,800,313,95,2670,16,0,0,123,9,0,1112,3466,0,7,145,92,79,2576,23349,0,2606,344,150,309,442,823,254,0,750,0,7899,1028,1368,0,184,2034,0,0,59,11253,8,421,2981,283,0,0,87,50,4556,0,48,0,0,417,125,0,298,2558,0,1816,1087,177,207,585,1622,0,0,1044,0,200,3957,104,5,0,0,2295,200,618,215,21,4674,2173,0,252,0,5,769,88,0,0,17628,111,682,5,20,40,3199,0,16,0,0,646,0,467,0,2076,0,0,832
118,3605,732,2745,0,594,3300,7573,474,16,0,170,471,343,0,487,93,2142,0,11206,1048,0,1239,1464,0,257,19,7,2225,254,36,0,317,12,0,87,21928,1124,1357,113,0,8508,0,996,260,12982,0,0,1946,206,3029,0,198,0,1912,124,1059,13652,6811,0,0,961,3064,47,1473,1386,6174,0,0,538,19,419,843,2678,0,1220,0,68831,22019,504,1073,13517,152,0,3168,0,0,0,9743,21,2565,0,0,824,39847,1531,1523,0,191,222,21,0,2279,0,0,254,0,631,0,1221,176
119,2795,3623,1597,56,705,492,9341,985,78,0,74,228,424,0,0,325,925,150,10014,1552,311,2560,0,167,1344,516,11,1153,1471,101,0,315,625,595,55,4400,3602,42057,99,0,1071,57,310,611,7386,0,881,1512,134,3140,0,197,0,11,319,281,0,612,0,1289,734,10269,22,949,1992,26851,0,231,0,8,0,1437,2644,0,0,0,58501,17543,1375,1303,11005,1148,0,594,160,4820,0,6563,0,622,3216,0,383,58633,0,2323,0,158,298,307,205,3615,258,2957,573,171,730,0,1616,0
120,1818,273,428,69,17109,239,192,575,799,0,363,10272,8748,0,51,718,481,0,328,222,0,14029,0,0,1575,33,180,6675,133,0,0,206,0,32,196,15056,2500,292,0,416,15947,247,0,682,1678,0,0,2240,1293,8017,0,0,0,1250,227,0,195,99,138,0,382,451,20,2632,16481,1356,0,0,109,0,12,928,461,0,0,92,23200,5199,83,1457,308,3279,93,901,950,572,1303,4469,0,1315,1125,0,383,137918,0,19643,622,4469,191,308,372,6451,68,62,34,728,6126,0,4344,76
121,20,3285,0,376,4977,0,0,2062,368,0,2278,3720,0,0,214,0,229,0,0,15023,0,2450,0,106,279,764,1021,12123,147,887,0,9458,48,6031,0,294,2093,5611,0,0,18968,33,992,4468,1961,0,0,995,68,6794,56,72,0,0,1090,105,0,207,11698,0,706,1086,0,212,316,1644,9676,0,456,0,134,6393,202,0,0,0,1781,317,364,0,84,4055,826,49,560,1444,54,84,0,0,1232,16635,300,789,0,0,0,6199,16,16,394,304,222,0,0,0,1960,0,0,2071
122,327,2650,2553,1062,6617,12,148,1857,256,5,1735,8179,0,0,199,4962,580,0,456,12547,902,3731,0,80,58,438,1206,4338,111,0,0,8968,80,1335,0,0,2303,15308,0,0,13674,8,1023,1382,364,0,0,505,115,5968,0,21,0,269,1386,7,0,225,3388,0,0,1402,255,96,383,1585,0,0,0,0,156,5851,113,0,0,0,3128,235,1128,352,0,3011,0,232,470,0,0,0,0,0,326,9941,0,3161,0,0,185,5206,291,34,365,490,283,0,0,0,2787,0,0,3589
123,163,2436,1870,379,6421,0,352,1072,202,96,268,1021,2372,0,32,2053,213,0,207,18849,0,2060,0,66,269,350,829,5955,33,0,6747,8551,768,5461,2,83,2929,42738,0,112,2359,9,871,2104,267,0,0,41,107,1146,8,38,465,107,374,0,0,426,3670,0,1466,331,51,222,207,1876,0,0,443,0,360,4935,214,0,0,0,1926,340,61,0,73,2709,3137,187,89,1238,29,154,0,0,210,3685,0,613,0,93,23,6418,0,67,365,326,141,159,407,0,2982,0,41,2579
124,432,1666,878,356,5215,0,235,887,272,0,55,1365,26186,0,99,1950,258,54,610,23588,0,2327,0,56,61,124,950,1196,58,0,1746,9870,558,8219,70,289,3700,35311,0,216,17423,19,235,1558,709,0,0,234,54,1358,0,84,1334,30,1173,7,0,3720,3090,0,948,528,156,78,537,2215,0,0,344,0,310,4632,44,0,182,0,3025,205,224,239,192,1268,0,33,372,420,0,126,0,0,15,11361,566,554,14,75,106,6676,33,13,213,0,345,0,194,0,1416,0,6,1113
125,76,2111,2406,0,10068,452,2229,6386,88,107,1231,15229,0,0,0,836,0,0,0,223,0,8696,0,41,0,0,93,12440,0,1407,0,0,11,0,369,4795,644,11170,0,0,0,48,674,936,7180,0,0,926,42,0,0,0,1398,811,281,0,13118,580,0,0,116,435,0,195,1069,1122,0,0,1739,76,0,2153,3523,0,21,0,3039,714,184,8595,1019,7478,0,230,547,544,0,3820,140,2343,1249,6463,5480,11089,0,1037,0,2065,0,25,266,5019,180,0,1794,0,0,0,555,2822
126,310,2416,966,0,15692,19,52,9330,187,0,1774,4731,12302,0,14,2044,9,0,2012,2240,0,5339,0,39,19,223,173,6113,0,473,0,1247,10,112,0,2413,4089,21828,120,0,12690,5,229,610,3129,57,0,136,4,0,65,0,0,0,0,11,2961,0,0,0,397,366,49,823,2744,1752,0,0,3574,0,0,5902,2504,26,0,0,16111,580,0,3870,27,3036,0,917,136,4707,0,2890,0,4532,391,0,4857,3991,18,1315,41,3305,39,0,75,199,0,0,1638,4,756,0,181,1808
127,2643,5247,1663,11,1231,3137,4453,2537,37,0,215,548,1957,0,478,156,1790,0,1802,1402,0,2281,693,480,0,211,8,467,0,0,0,1264,106,128,86,19580,479,8993,234,0,9592,0,349,377,8345,0,0,170,890,0,0,0,0,2325,102,757,27315,469,31,0,0,16543,15,887,1340,53038,0,454,22,0,0,2443,6245,0,0,0,69222,12308,0,1691,2782,757,721,2160,468,5552,78,12031,24,3818,1998,0,250,16775,1531,6725,0,216,160,719,189,1654,207,238,615,0,1648,103,2042,158
128,298,2743,2511,378,17802,160,350,13376,90,0,768,11468,5908,0,232,0,0,0,592,91,0,11101,0,55,0,105,0,3276,0,2119,0,846,0,0,0,4041,2553,3926,0,0,2385,22,113,1580,4609,0,1521,1134,27,1752,0,0,0,1191,547,0,13003,1022,1536,0,872,208,0,492,1115,312,0,0,922,0,0,4888,3166,0,0,0,14397,188,0,927,532,3855,0,175,721,417,199,4776,15,8618,0,0,5091,11615,31,705,110,2374,0,47,13,2891,0,73,3373,0,38,0,550,2434
129,1600,1223,2572,0,600,1261,0,1126,68,0,0,550,765,0,0,188,613,0,1329,2713,0,1613,0,313,752,922,7,2594,942,39,0,531,367,0,0,11215,521,12773,0,55,3558,261,191,667,1997,0,0,1146,1254,0,0,278,0,873,106,455,23270,2075,0,0,3989,6781,20,1157,1710,2455,0,0,89,0,0,1653,5290,960,0,0,66691,4927,0,1158,5395,826,2360,406,83,9115,0,6143,0,1601,0,0,20,44463,0,8363,0,125,547,935,0,2360,0,0,484,0,4341,0,1833,0
130,2579,968,83,64,18415,332,199,305,1818,0,0,10881,0,40,0,0,4510,0,1086,745,0,15581,0,0,0,0,37,0,158,0,0,137,695,0,489,52568,6645,396,0,0,3189,0,0,415,2199,0,0,5380,0,0,0,0,0,0,628,1584,0,22,150,0,0,1687,5,2865,21632,211,0,0,83,0,0,1288,1247,36,0,0,23800,5825,0,1398,1091,10723,48,2573,0,13414,0,2954,194,156,842,0,196,138629,283,14601,2881,3281,2707,417,203,8580,0,82,30,1417,1253,0,6623,1781
131,3786,3029,2828,146,487,2197,4437,686,82,0,344,523,1431,0,245,216,329,0,0,1683,0,2240,0,57,0,73,10,3068,773,1,0,985,364,667,133,25525,2883,21127,548,0,4038,0,105,213,17144,661,0,938,163,2517,284,207,0,2780,15,1094,0,218,61,0,4324,7421,8,1275,1016,14755,0,122,1234,13,0,1522,3759,0,0,0,61295,21309,71,1808,6081,253,0,1276,344,1564,0,14006,0,1308,500,0,121,39319,0,11808,58,129,0,183,413,1666,564,0,968,0,1375,0,2472,335
132,7689,3448,4596,0,599,449,0,1265,91,0,0,296,0,0,0,214,608,0,0,789,0,1844,0,0,0,420,37,0,1517,0,0,1005,290,0,0,8376,3348,15106,180,0,9327,182,0,380,8527,0,0,475,501,1281,0,0,0,0,141,1103,6426,1211,0,692,7301,4647,0,2201,1137,5318,0,580,323,20,0,1074,9283,0,0,0,72006,24270,351,5907,0,633,0,4550,35,4216,0,9386,0,1591,179,0,0,43469,1019,4452,0,85,0,152,0,1702,0,0,973,0,238,0,844,0
133,3099,4977,8841,0,855,515,12714,1039,43,0,0,399,0,0,69,19,162,0,266,1635,0,3758,0,1426,1554,565,10,2009,0,61,0,1208,443,622,0,27307,1323,43696,0,0,565,43,0,640,7178,0,0,1263,14,0,0,368,0,0,298,149,0,2741,156,0,9173,8588,0,1060,1438,28093,0,0,127,0,221,1319,4931,0,0,0,61175,8795,0,1480,1791,484,0,56,255,1399,0,13103,317,608,840,0,37,53567,965,6780,0,187,0,341,457,927,0,515,1383,0,727,0,2369,0
134,2561,1472,651,140,276,359,2299,295,44,0,551,41,0,0,309,517,3010,0,2255,20484,709,347,0,58,1313,965,57,562,334,0,9719,5377,4229,2068,0,0,5262,8001,0,17,4640,29,2334,841,285,0,0,611,405,0,362,140,0,306,127,689,4789,480,116,0,8904,17884,12,110,415,71071,0,0,640,0,229,2060,0,569,183,0,2182,4497,6117,0,377,461,0,31,100,200,1484,290,0,0,789,151,25,7607,126,441,171,134,287,373,6,83,40,0,0,0,8517,0,18,175
135,3913,6635,4097,0,267,11498,0,570,0,0,0,764,0,0,341,409,0,0,5566,0,0,1305,0,0,932,0,0,9784,0,9,0,0,0,0,932,21158,1973,6024,0,56,1809,82,0,764,9869,0,0,2804,951,0,0,0,0,0,0,0,0,0,0,0,2505,617,0,1246,347,9618,149,0,0,97,0,1283,3261,0,0,0,60195,15407,3045,2325,4457,1538,0,968,0,0,0,4674,0,1690,1119,0,58,124279,0,0,72,204,0,886,128,5021,0,1188,252,0,225,0,3775,0
136,3331,4964,910,99,432,6639,0,1623,67,0,54,599,0,13,244,102,0,78,5824,170,0,6391,0,375,496,175,0,0,877,7,2206,147,0,0,0,11982,0,25557,0,0,1547,78,764,573,7672,0,0,727,574,1852,0,247,24,0,45,0,657,4452,63,1568,0,7643,0,447,236,22156,155,0,588,0,0,1865,6651,1086,0,0,14588,11522,89,0,3866,1334,0,800,373,4809,0,17599,0,956,0,521,470,124485,505,4538,191,6,0,36,316,4356,89,0,1392,0,291,0,2258,126
137,4877,428,3369,16,300,5230,4541,573,36,0,0,860,402,0,0,15,1221,0,11078,141,0,2034,278,524,0,154,2,3718,0,0,0,31,94,0,0,22819,1842,46693,0,34,4085,99,2566,365,1964,106,0,514,0,0,0,88,28,362,171,1100,2651,4330,23,0,98,7343,3,437,915,26081,166,0,585,22,198,1462,2406,1093,0,0,45636,13492,2732,1198,3048,696,0,62,301,2560,0,8626,25,1333,1090,275,310,131695,3155,4114,334,77,85,0,94,3384,80,0,804,2145,53,0,5002,0
138,79,1056,1143,0,2689,0,87,1436,210,0,887,1397,8376,0,86,804,126,61,133,21975,0,608,0,60,130,147,1256,2264,27,231,257,7183,448,682,41,0,2263,47202,0,0,17872,13,279,1026,317,0,0,369,51,619,0,0,0,403,832,24,175,168,3947,233,935,302,155,116,668,3087,0,0,1446,0,796,5660,78,9,0,0,2781,152,1188,250,69,2441,0,57,549,326,22,1116,0,0,150,1468,0,588,0,38,15,2262,321,11,402,0,982,0,0,0,1890,0,4,2158
139,83,3830,933,1945,8199,136,102,1030,87,0,453,9100,11733,0,187,2772,50,102,592,294,0,5706,0,0,0,205,81,389,0,183,0,337,0,0,213,1173,670,10060,0,0,8364,0,0,1249,5104,0,0,561,25,3123,0,0,0,1463,770,0,5669,1072,0,0,454,423,235,17,469,2037,0,0,0,25,58,2791,1919,0,0,0,15268,263,113,315,360,12615,0,521,732,1164,0,1800,15,8746,118,2111,3535,19408,4,473,151,4177,0,0,0,3558,0,202,2629,0,26,0,597,857
140,5040,247,45,119,16024,0,60,730,1918,0,108,23905,3746,0,144,596,496,0,140,169,0,21187,0,308,0,12,26,5034,0,0,0,254,0,0,82,16219,583,167,0,0,18839,377,0,235,944,0,0,4857,1079,0,24,18,0,2388,651,778,85,0,0,0,0,637,5,2150,23629,1382,0,0,75,807,226,1156,1462,0,0,0,14328,2431,0,8072,348,5404,0,92,514,4832,0,1583,0,1590,986,3310,656,262846,154,9773,2882,8800,0,0,368,7222,2288,0,57,175,196,0,3129,354
141,657,489,109,40,9401,75,368,506,757,0,202,16156,0,0,68,583,2771,0,3018,147,0,19089,0,0,0,0,0,0,76,1832,0,0,682,0,186,9608,1192,556,0,0,16399,575,571,760,1242,0,0,2662,1059,814,0,0,432,1523,2023,502,0,0,0,0,0,1600,29,748,21278,1912,0,0,219,0,0,1992,703,0,0,0,10973,6116,84,5291,607,3771,106,1573,444,2213,0,771,0,579,0,930,508,216377,909,11810,10326,6970,0,864,116,6607,0,0,116,0,0,0,8471,1397
142,4167,461,4513,20,550,4695,0,811,42,0,158,771,346,0,216,33,2452,0,7524,205,0,2537,0,903,0,207,0,3772,297,25,0,199,39,192,49,25658,582,14402,0,0,3218,0,511,490,7144,0,0,1774,476,0,0,0,0,814,7,0,3660,277,97,0,0,13969,13,407,591,24650,0,0,72,0,0,1691,2933,0,0,0,34731,15611,1690,1802,861,1815,549,1860,39,8240,0,6266,0,1075,601,0,857,112417,0,4320,8,185,95,0,203,3682,34,646,597,370,0,0,4457,60
143,279,2079,2286,502,9104,28,185,1613,321,0,256,10557,0,0,14,0,0,147,3024,412,0,5501,0,40,12,233,515,0,93,0,0,2228,82,4326,0,2292,654,18263,895,0,12731,2,10,1111,1822,0,1590,339,0,0,0,0,4026,748,365,3,8047,427,0,128,299,307,550,327,3085,668,0,2785,0,40,0,3278,2255,0,0,0,13070,550,428,7789,626,2336,0,1291,251,2913,0,3447,0,3560,250,0,1107,6545,41,674,107,3355,0,8,237,561,0,0,268,0,287,0,1011,539
144,3159,5846,1231,157,558,5692,2307,1764,78,0,0,658,3526,0,1253,41,927,848,7833,1171,0,3250,0,719,295,508,18,4350,0,41,0,660,45,569,0,11829,1152,10514,129,80,4354,0,0,301,10661,0,0,1310,135,4026,0,0,13,1113,173,821,20692,0,0,0,3399,4970,22,756,973,22387,0,0,235,15,0,2516,1124,0,1677,0,61176,9155,47,3833,8621,1985,3191,2672,285,2438,0,6964,0,1817,1206,0,43,55426,0,2850,156,163,1617,655,544,1528,270,33,1331,490,1842,0,3517,151
145,3496,1383,376,82,274,0,1691,258,60,0,672,397,1971,0,612,158,4719,0,7265,11031,0,466,0,658,938,736,36,2327,33,0,0,3853,2579,1849,162,2146,4135,4213,0,0,6665,65,1484,1349,967,20,0,1186,712,0,0,123,0,421,60,288,0,1089,0,0,5217,17272,8,114,286,43057,0,0,224,0,252,2100,361,0,8121,0,9529,2833,6438,264,149,525,1409,393,181,860,114,303,0,0,0,221,12,8033,362,453,0,295,182,268,211,17,54,34,27,0,17890,0,80,9
146,6369,312,130,64,22625,84,150,805,2161,0,0,18416,0,0,42,228,3325,0,363,890,0,14015,0,53,6154,57,1180,0,0,849,0,584,1851,32,1302,32871,6966,31,0,0,6446,462,813,541,793,0,0,215,545,0,19,0,0,5814,1703,439,232,33,276,39,224,1987,0,7918,25035,1101,0,88,0,0,0,1010,1464,0,1636,0,38586,2641,132,4469,935,6276,0,4532,1616,2251,0,1879,62,473,1739,0,43,41744,85,6785,226,9215,2090,131,635,3978,2336,200,47,0,18969,914,4395,115
147,5108,134,195,146,13969,346,282,251,454,0,0,19089,6704,25,108,204,304,0,762,141,0,18709,0,415,826,0,0,2902,6,600,0,180,0,102,0,7625,1319,407,0,0,14166,0,467,940,67,0,0,1775,825,0,0,24,0,2533,1734,727,184,30,102,0,67,1,0,2141,15286,1075,0,0,81,0,0,1141,595,0,0,0,20049,2526,1,7786,414,5613,42,1294,1131,2807,0,1214,0,667,0,0,468,265952,0,19271,2545,7677,1117,0,811,3392,785,439,82,253,0,0,4568,925
148,5385,210,67,237,29427,63,195,389,1645,0,0,13242,3371,0,135,0,1369,0,1433,788,0,15512,98,1314,5884,20,757,2515,102,182,0,508,3176,0,118,22154,1468,0,0,0,8580,0,270,622,2052,0,225,2870,1478,0,0,0,0,9419,908,472,43,15,0,0,1119,1321,0,11266,26352,228,0,26,0,0,0,1432,1139,0,0,0,49052,4066,0,13156,387,1481,0,668,212,5124,0,2471,12,281,5227,0,1118,56532,0,15230,0,5130,0,0,0,1332,736,0,22,0,12075,0,2784,1065
149,4949,3885,3619,21,276,0,2774,257,57,0,94,578,0,0,376,127,5997,0,4946,20421,0,1051,0,639,1664,557,26,724,490,15,0,4716,283,1630,197,0,0,95845,0,0,5439,0,1384,965,0,0,0,1064,731,2290,0,116,0,0,97,874,0,0,0,0,170,15824,6,299,264,43032,0,0,219,0,1084,1803,0,0,3310,0,8089,9310,2256,67,216,1413,669,232,369,0,513,507,0,0,652,736,0,16713,0,464,181,255,528,582,320,188,117,1174,154,0,5603,0,48,72
150,5346,128,268,0,16865,26,157,691,992,0,521,24724,3150,0,45,197,0,0,312,950,0,5753,0,949,1231,46,187,523,0,1378,0,1123,4259,102,244,38789,5222,44,0,256,5050,0,557,878,2193,0,0,1736,3190,6748,0,11,0,5264,1043,1492,416,0,0,0,1080,1272,0,3681,34405,568,127,3,196,634,0,981,1087,0,0,0,33916,4507,69,6763,189,0,0,4398,461,750,0,1515,0,749,661,0,514,142205,0,16608,530,15717,0,40,379,239,329,0,40,1292,9396,0,3700,0
151,4868,282,21,162,20534,0,161,40,2517,11,105,4089,1837,0,125,108,2017,391,580,13083,0,1277,0,606,2076,13,1200,473,145,1306,0,4038,1795,27,139,4506,1643,1036,0,0,20020,28,1506,1232,504,0,0,1654,5193,0,0,24,527,910,684,750,11,8,475,57,800,2764,30,449,9523,3218,0,0,667,0,183,3469,190,6,439,0,4778,622,82,0,7,610,110,0,1383,777,43,35,0,0,2091,3457,19,31894,32,2154,2620,14560,1625,195,969,0,0,0,13,0,133887,0,0,252
152,1406,503,87,180,14618,133,42,295,2149,0,124,2284,5858,0,137,185,1884,0,1939,50,0,13282,0,1070,3467,0,80,3710,0,0,0,271,0,0,0,20330,2240,312,0,48,13026,0,692,267,867,0,0,5627,1476,0,0,0,1074,2244,341,125,73,0,0,88,592,1288,5,2241,17781,827,0,0,270,0,0,1067,671,0,0,0,21614,4354,73,1944,896,14373,0,1997,839,3091,0,1708,0,684,0,1595,450,257845,57,18339,62,2616,0,0,0,4526,1242,0,53,0,0,0,1545,147
153,40,341,96,1508,13807,0,15,6748,285,0,823,3709,0,0,252,237,49,331,1850,2408,0,8836,0,77,0,51,190,10837,0,0,0,1297,167,911,0,936,2217,7697,0,0,3013,0,357,1602,1603,0,0,51,20,3417,0,17,0,0,441,0,12622,0,389,0,1054,446,0,865,1703,1794,0,0,0,0,0,761,4022,0,329,0,14423,727,421,2656,309,2725,0,773,165,1665,0,2196,50,9019,463,0,2867,7824,13,665,27,3430,0,25,69,231,1271,0,2477,0,594,0,488,0
154,6907,330,172,9,16504,8,105,359,2308,0,873,6150,9046,0,217,435,2372,0,1230,5774,0,1739,29,1176,1100,62,1579,0,0,0,0,2648,7664,266,0,1171,720,410,0,0,20103,0,1108,2410,314,0,0,1207,3008,0,0,0,0,953,2500,887,305,46,753,0,2353,1374,68,708,6487,1821,0,0,116,0,1462,2266,124,0,395,0,3666,2315,154,0,0,2292,14,80,1292,0,41,48,18,0,153,2348,27,27002,47,521,2049,17397,403,542,652,590,831,0,0,0,198156,0,0,215
155,5753,292,210,215,12532,0,289,214,2413,62,206,4766,15297,0,22,492,14237,0,152,10371,0,4474,0,1395,2141,88,1438,929,93,53,0,3423,14181,146,0,0,419,150,0,0,18132,967,1183,1193,0,0,0,159,1291,844,0,13,1778,1442,1921,2341,76,17,694,0,452,2504,7,574,4650,2685,0,0,308,0,749,1566,0,60,5932,0,6869,1625,342,193,44,5036,56,15,276,3219,0,0,0,0,3830,8752,14,35615,0,1966,3172,17487,0,397,781,1120,1252,124,16,21,47738,0,0,1561
156,332,6544,3357,631,9332,83,0,11370,107,20,789,16807,0,0,25,0,234,0,3215,311,0,11333,0,184,0,48,41,566,0,0,0,330,4,507,0,1672,2048,24710,1558,0,11408,0,136,3298,2274,0,0,800,22,3791,43,46,0,212,974,0,0,1062,0,0,0,367,0,804,838,1053,0,0,444,0,322,6601,2365,17,39,0,19256,708,0,4260,1519,5478,0,995,206,377,0,1867,0,10180,180,0,9090,9808,13,428,16,2461,0,39,0,1977,0,0,4287,146,0,0,213,974
157,2208,4372,1934,121,745,2442,0,1794,0,0,0,368,0,0,0,0,1012,0,6092,2708,0,937,0,0,219,141,8,0,0,0,0,1038,0,0,0,19757,4468,36796,0,0,6958,0,0,429,9304,0,0,1532,322,0,0,0,0,1889,13,0,6364,0,0,0,817,6365,0,1419,1801,39324,0,0,0,0,0,672,5191,0,0,0,97119,20054,528,7274,10412,248,0,1365,75,9028,0,7184,119,1391,572,732,82,37495,0,12792,370,112,0,0,0,354,0,0,309,1019,1787,448,775,0
158,6922,497,67,0,16695,0,0,302,2369,75,426,6122,7621,0,99,666,6502,49,666,10282,0,4509,112,318,6580,45,669,0,0,0,44,4106,4546,0,761,2177,2277,3079,0,0,7847,754,907,899,0,0,0,776,3615,1545,0,0,0,0,1940,3883,17,38,427,98,911,1294,92,536,5594,2444,0,0,550,277,389,3119,0,0,0,0,3248,3502,195,0,0,5181,63,249,2134,0,60,111,0,0,1076,6428,2,35451,0,880,2229,21700,473,48,208,397,0,12,5,0,93443,0,0,104
159,204,3673,1243,1798,7732,0,0,2649,511,127,389,3456,4927,0,843,1773,357,189,1493,12132,877,6822,0,0,24,425,984,0,250,179,0,6416,971,155,158,0,0,7200,1225,0,5844,31,489,5332,0,0,0,43,77,0,0,0,0,442,1037,44,2930,1879,3201,0,0,957,63,152,113,2391,0,0,1808,0,935,3995,136,0,0,0,984,733,552,0,221,7400,2183,55,631,354,12,41,0,0,0,9139,0,788,0,0,54,4659,95,23,1087,0,0,283,788,0,1817,0,31,4131
160,2959,3271,2882,46,486,1135,14330,686,15,0,0,718,0,0,354,56,0,0,5828,230,0,4651,0,0,261,0,0,336,866,0,0,0,0,0,0,24975,128,39443,0,0,1225,0,1280,399,1355,0,4019,1628,453,0,0,0,16,2019,144,0,2465,961,59,0,1807,2721,7,796,407,44072,0,0,424,0,0,412,3297,695,0,0,13007,37962,1430,1717,11092,1158,6904,222,196,7394,23978,7469,0,1674,3697,86,955,93544,0,6451,214,258,0,39,43,2878,401,436,1148,0,234,0,1002,294
161,3215,348,135,59,10859,8,158,205,1619,0,0,5060,859,0,278,892,12005,34,49,6425,0,3722,0,337,829,21,920,2360,90,163,0,1972,24354,817,113,550,679,2725,0,0,12665,587,665,1464,62,0,0,60,1007,541,0,8,0,408,3132,712,20,29,190,0,1847,2955,44,810,3540,2560,0,0,288,442,1285,2249,42,0,0,0,2555,729,57,0,20,3933,0,372,748,2306,42,5,0,0,0,4472,98,76928,0,1589,682,13603,2008,157,1600,631,117,359,3,0,116114,0,49,1474
162,9059,479,521,61,20006,19,73,299,1387,0,0,14183,2074,0,2,73,0,0,783,80,0,13942,0,1212,0,10,0,6380,47,576,0,323,0,21,118,5164,879,750,0,0,12092,294,1527,902,408,39,0,2783,1033,0,0,23,0,5403,529,496,0,63,302,0,449,798,0,2797,10899,699,0,0,286,0,219,1900,483,0,0,0,18352,5771,0,80,991,16322,111,1094,335,9668,0,923,50,756,717,0,450,218451,394,12383,6982,7347,221,24,1559,7710,1664,0,56,249,566,0,1792,150
163,1676,927,7405,6,381,3593,0,1162,50,0,0,1024,453,0,0,0,0,0,694,0,0,4174,2175,1434,0,119,16,767,609,0,0,0,188,0,0,25683,0,19480,0,0,2087,146,877,691,1228,114,0,433,480,0,0,96,0,0,197,247,0,0,199,0,820,11842,3,534,463,19768,0,0,274,0,23,1574,3505,3310,0,0,31424,26751,454,1868,1574,3076,0,2157,45,4410,0,3241,16,1443,0,60,392,125715,1233,2258,100,51,428,0,489,3208,0,0,1064,0,0,0,742,206
164,5253,64,212,0,17821,9,0,352,2864,0,190,11002,1606,0,66,0,658,0,466,75,0,13364,0,0,866,0,0,0,0,821,0,261,157,0,154,19317,0,844,0,0,0,93,0,0,240,0,0,2069,410,0,0,50,0,7196,1041,0,0,0,2402,0,0,236,11,4695,17504,210,0,0,237,0,289,123,626,10,0,0,15672,6744,27,816,1799,7058,273,1000,0,9906,0,1049,0,1380,2309,1262,887,236446,170,9445,3972,11665,0,55,624,5403,0,67,17,0,1900,0,2694,182
165,276,905,274,1630,21048,0,557,6385,188,150,3387,11368,13336,0,72,2186,10,0,5574,2155,0,9138,0,0,85,74,133,13038,0,0,0,805,70,6051,23,1733,2990,8380,0,207,4744,12,197,1712,1174,0,0,723,19,0,0,60,1337,77,147,18,3757,0,2660,0,1174,118,28,756,2441,447,0,383,0,0,0,2021,2740,0,187,0,13920,391,0,1130,1014,1845,0,37,273,1327,43,4602,0,2499,487,0,254,7135,53,1262,54,3356,0,32,210,749,0,0,1294,0,147,0,565,371
166,4012,555,105,64,34072,67,0,854,2100,0,0,11096,2723,0,0,689,91,0,1175,1883,0,8934,38,195,2180,9,595,2354,0,1931,0,1171,1056,0,0,40767,0,0,0,158,3347,199,897,831,2361,0,0,2591,737,1661,0,0,0,594,869,698,0,86,85,72,1835,1028,0,8529,50709,803,0,8,93,0,0,611,815,10,0,0,34656,1683,8,1997,1207,2948,76,2580,146,0,0,1911,201,566,6834,0,734,74300,0,15454,2589,5222,602,23,525,795,258,0,13,0,13401,0,1802,25
167,4681,1745,3886,84,1200,1127,2705,2263,50,9,303,1363,1513,0,392,70,982,0,5811,2182,0,1466,0,920,199,470,16,1522,0,25,0,503,471,1658,0,15751,3563,0,0,0,1887,0,358,277,7600,0,23986,644,277,0,0,0,0,0,20,397,31623,1430,0,0,1583,11158,8,979,2098,13936,0,70,133,0,0,510,2679,2035,170,0,46590,5083,0,1972,3570,1823,4613,499,630,3286,0,10331,0,1436,2764,0,41,29538,532,4553,0,158,462,887,366,460,0,357,939,0,1611,0,2648,155
168,7569,894,181,20,26581,57,0,571,1640,0,263,24258,27181,0,0,294,0,0,1344,1318,149,6686,0,63,1254,34,318,4869,0,0,0,946,0,0,0,28173,1640,216,184,944,1721,0,141,465,900,0,988,2025,499,1473,0,0,0,435,952,0,231,0,700,0,1422,656,0,1886,30788,563,0,0,335,0,0,1150,755,15,0,0,32452,3104,0,3523,1056,977,26,2564,356,332,580,3531,263,463,1246,0,0,128417,0,18884,0,3632,995,135,91,73,2502,0,50,93,13461,0,3695,419
169,884,551,316,75,11959,0,314,375,1389,0,537,2038,5435,0,262,436,22263,120,1983,8866,0,3304,0,451,4442,63,1020,1453,175,41,9,3224,26170,143,0,484,1054,3068,1229,389,7750,971,0,1313,0,77,0,497,3620,4324,128,0,209,1140,3314,3141,27,0,478,0,1706,2296,68,470,3731,2362,0,0,267,0,62,1887,0,0,467,0,4438,1861,191,0,0,2026,45,271,2024,851,57,0,123,0,711,9589,45,13020,0,2785,1293,27627,177,245,897,0,594,0,4,0,70730,0,341,0
170,5319,1189,3060,143,738,1182,0,1524,93,0,506,1371,739,0,255,0,504,1781,4856,1052,0,3322,0,0,0,515,26,0,0,14,0,763,1293,3297,152,29743,2574,21679,0,0,8459,0,0,425,2152,0,0,3490,138,0,0,0,21,459,90,488,1432,0,63,0,5301,3810,0,1322,973,50899,0,0,42,0,0,1200,5740,0,0,0,47026,17758,124,1479,2441,908,0,174,485,2727,0,16594,0,1140,1053,0,247,57392,1296,5633,0,40,0,899,0,0,0,0,663,0,0,27,1199,95
171,3244,2051,2805,57,545,0,5562,637,41,0,274,456,207,0,3402,39,3451,352,4541,11817,0,956,0,563,524,1506,9,0,0,0,0,2282,1808,808,133,794,1424,173088,0,0,8690,213,1690,1461,997,38,0,614,668,0,0,247,70,428,418,497,165,0,220,0,1520,47228,19,143,368,49034,0,0,160,0,3239,3064,133,0,1301,0,9454,8232,5565,0,215,1642,2606,200,505,302,613,257,0,0,33,523,33,7740,376,348,362,480,1729,651,276,263,0,1383,55,0,3240,0,72,0
172,3918,659,226,257,13482,0,158,273,2593,0,325,5971,0,0,642,105,6538,0,1081,11588,83,3253,0,392,1562,42,1096,6182,199,0,286,2192,33402,35,225,0,1365,3922,424,0,14168,885,1006,1636,136,0,291,2060,2027,0,0,0,0,0,1834,756,16,0,466,0,664,3202,3,255,4252,1757,0,0,192,0,0,1689,110,0,0,0,4531,1997,256,0,7,1521,0,61,1731,1148,51,0,0,0,663,1538,149,16419,0,45,1628,24372,163,41,991,607,0,24,8,0,80390,0,167,0
173,2280,3383,5908,193,474,5409,665,1239,32,0,36,822,436,0,0,0,0,0,2431,291,0,1820,0,822,0,0,1,323,545,0,0,0,11,0,0,828,644,18638,521,0,2849,36,771,231,1550,0,0,2528,271,0,0,71,0,0,168,0,0,0,0,0,1846,251,0,815,398,9550,129,0,190,16,0,118,6202,667,0,0,65183,9212,161,2008,12957,2809,0,517,300,2272,0,4090,84,2307,0,0,653,105904,127,10477,88,135,0,256,383,2099,661,512,987,0,0,0,2493,410
174,5064,1815,5438,51,719,4234,14940,1346,38,0,130,949,0,0,0,57,759,0,487,2301,0,2099,0,428,28,1328,21,2495,0,16,0,960,116,0,0,19827,2133,5360,0,0,3369,0,499,1355,8806,0,0,1957,77,986,213,0,0,254,109,0,8600,1696,43,5422,2735,3462,0,1541,2355,7717,0,0,371,0,69,1881,3121,519,234,0,54113,16916,201,1085,5832,395,0,765,331,198,0,10642,0,672,634,0,186,55381,522,5464,27,58,0,1458,25,856,83,0,590,0,1381,106,653,321
175,2583,1534,5813,321,179,7628,938,2204,32,2,0,764,0,0,0,23,0,0,4301,57,0,2954,0,328,0,0,0,0,0,34,0,271,0,0,0,7511,593,11830,0,0,0,438,1770,441,3925,0,0,2769,0,0,0,0,0,816,104,779,4021,0,0,0,0,19264,44,837,761,39826,0,0,243,0,7,1463,2777,0,272,0,51841,9563,56,1709,2704,2870,0,332,0,2288,0,4104,0,2094,993,0,857,93129,1248,10128,0,81,0,35,0,4261,0,0,1557,0,241,0,3267,598
176,2574,800,2673,42,701,1235,0,595,24,0,23,633,0,0,810,231,750,0,2002,2444,0,2755,4041,276,645,749,15,3914,0,0,0,872,420,569,38,14353,853,7383,225,21,3177,0,372,405,5914,0,0,430,332,0,0,0,0,0,0,1593,7285,4313,0,2580,2054,2056,9,1388,941,18146,0,0,0,27,0,695,2124,0,0,0,77185,7194,353,3055,7270,2245,831,872,206,166,0,9940,37,3171,82,0,484,58765,0,5054,150,58,879,481,183,0,237,0,822,0,588,0,1578,19
177,5000,2738,3452,24,689,839,1856,1915,36,4,145,190,0,0,223,101,2793,0,0,85,0,1931,0,360,0,0,0,1687,138,0,0,494,0,0,5,22234,2482,6784,108,0,3208,0,469,100,2525,0,0,3823,537,0,0,0,12,608,20,449,0,0,0,0,0,7354,0,1133,547,39426,0,0,0,1,0,2707,3521,0,0,0,62527,4240,1940,2998,8210,1972,1297,1472,90,2619,0,5546,0,2329,0,0,1603,48491,0,6223,157,118,0,335,0,2759,0,0,740,0,194,0,5434,159
178,4850,1461,307,209,473,0,1519,147,58,1,442,168,0,0,1067,395,5961,0,665,16875,745,570,1945,89,3214,601,31,297,0,0,3224,4184,3037,1345,19,3849,2169,9635,0,0,7120,357,917,866,405,0,0,549,926,0,0,147,0,19,372,1368,0,631,432,0,5040,18017,14,229,266,61280,0,0,38,0,2037,2421,245,0,0,0,14099,3938,3067,0,0,353,4179,88,1000,495,1535,0,0,0,1259,458,3,12110,0,126,60,337,307,167,0,0,0,0,7,0,7305,0,0,433
179,3093,0,2505,0,894,2126,0,501,56,0,46,1020,813,0,223,54,1030,26,5309,2288,0,1156,0,297,118,530,12,3239,414,0,3834,1037,775,1368,0,39334,666,2147,0,0,330,22,852,576,2888,0,4193,2205,240,0,0,0,0,534,183,481,1399,2556,0,142,4786,219,3,1841,1866,29895,0,0,77,0,82,1218,4100,1451,0,0,54623,8204,1464,4615,4858,1031,2266,3257,7,3840,0,14124,0,1252,271,0,442,9399,0,1630,0,89,0,167,164,255,123,0,986,0,1564,0,2155,178
180,5163,3977,955,7,634,0,2778,831,45,0,560,151,400,0,3796,160,4551,157,6049,21112,228,757,0,806,149,1118,50,761,1108,0,0,3936,2364,0,72,503,2347,100549,0,18,5103,209,1731,874,3805,65,0,235,1328,0,0,54,46,315,0,502,0,1076,348,0,9514,15902,31,107,489,32174,0,0,254,14,461,1029,965,0,0,0,5935,8958,96,0,597,586,0,41,364,1708,1121,0,123,0,1353,605,2,9873,240,333,87,255,248,152,223,233,177,295,0,0,3252,0,62,190
181,2981,999,5640,69,531,11157,18279,2487,14,0,339,286,689,0,312,30,488,0,448,44,0,7646,0,489,1055,584,15,4264,0,0,0,64,0,0,42,20712,629,34501,0,0,5366,0,599,325,3633,0,0,2194,0,0,0,0,0,1453,13,183,89,0,0,0,0,9081,95,326,552,40590,0,0,1595,0,0,1565,1074,2496,0,0,20043,9668,730,1549,1071,2985,664,503,0,7213,0,6773,2,172,1142,0,398,94655,0,5505,467,153,0,326,69,3773,791,3122,1139,0,0,0,3173,0
182,5820,2883,4426,67,793,1611,3221,987,18,0,162,756,1057,0,0,11,473,93,17019,2810,0,1812,1258,173,1038,1239,28,3493,0,0,6813,897,1499,0,98,45048,755,23612,0,0,1699,216,1690,298,5722,38,0,1139,379,386,87,0,0,457,121,152,4098,35,30,0,1032,6061,0,1502,1748,19576,216,0,138,0,140,707,7636,310,2512,0,70229,9247,701,5853,1275,1107,730,1343,195,852,0,10899,0,390,730,0,0,39297,0,4765,75,77,471,0,92,0,150,2061,525,277,448,0,1235,117
183,2874,4574,2228,48,352,2756,0,1069,63,21,0,834,1928,0,1428,0,0,1279,5253,302,0,3454,0,125,0,276,5,2399,400,0,0,0,0,396,0,0,4496,25233,0,0,1386,0,0,241,4374,0,0,1025,0,0,0,0,0,203,82,376,6082,1422,59,0,0,10687,3,336,306,15863,0,0,0,0,0,2078,5947,0,0,0,30964,12600,377,3408,13297,1745,0,822,243,4090,0,4625,274,5954,0,0,113,103058,294,9079,132,50,985,157,247,1261,0,0,490,950,527,0,1984,221
184,5868,430,103,53,16455,0,0,113,2311,0,82,2128,0,0,76,979,9725,0,581,19937,0,1990,0,0,8753,65,1535,0,0,6,0,4794,5102,67,433,2217,1710,1129,0,57,14345,1168,1065,1344,102,0,3437,1327,1414,0,0,0,0,0,529,562,143,18,361,0,1184,3114,3,500,11147,3668,0,0,195,678,571,1454,0,0,805,0,5720,773,184,0,0,1664,0,272,0,987,81,143,0,10,2295,4056,0,18718,99,873,0,16575,0,161,359,891,0,260,2,0,48829,0,286,228
185,231,567,2505,394,8481,85,110,8052,47,0,81,11805,4377,0,0,1384,225,137,949,488,0,8934,0,29,0,0,116,3267,0,0,0,478,24,1004,0,1423,3470,10779,0,61,3086,16,297,2475,4061,0,295,1260,11,0,0,11,0,516,383,16,12664,0,2487,0,154,27,0,417,1178,2144,0,0,1348,0,110,4325,794,0,0,0,13603,563,0,2028,3489,17701,0,393,0,3544,0,3722,128,2826,474,0,3071,11773,16,110,0,2061,0,9,48,2778,557,0,770,0,105,0,473,1836
186,291,2219,2115,0,24378,74,377,4974,92,0,1576,15048,3240,0,43,1825,59,0,1152,3199,0,4852,0,29,60,414,307,3621,32,607,0,2529,57,715,203,4239,1321,9808,0,81,3816,3,479,462,2862,0,8067,696,40,0,0,0,917,38,0,9,820,4610,1543,0,418,225,78,944,2596,117,0,166,728,0,0,2378,4327,0,0,0,17973,274,74,5544,351,1451,0,186,0,4729,0,5285,63,1057,424,0,138,4386,0,1025,31,2049,0,27,0,576,0,0,1693,70,94,0,254,262
187,276,1793,1697,1110,8497,0,0,3892,285,0,0,2426,0,0,152,1628,367,0,2333,27946,0,1085,0,0,64,380,1135,519,17,448,143,11124,727,6303,0,201,0,16990,0,270,9812,4,306,1232,57,0,0,676,65,972,0,0,0,105,826,10,0,1542,4178,0,1560,548,40,180,508,1296,0,0,735,0,85,6202,0,0,0,0,3305,247,0,0,0,210,2992,180,21,1239,13,182,0,0,0,19371,402,40,0,0,318,2943,0,1,0,0,145,0,0,50,1466,0,7,76
188,4194,1467,2724,28,383,0,4814,491,63,11,380,45,1087,0,944,391,1301,0,8294,27467,124,867,881,396,3190,649,37,0,1295,0,8310,5042,2299,2541,0,0,417,75353,33,0,3730,24,1077,115,718,0,586,523,1166,2091,0,0,40,571,217,991,990,0,95,400,5345,11966,25,333,348,32345,0,0,76,4,1612,1461,267,0,0,0,3084,6836,442,112,0,181,573,201,268,0,1003,1299,88,0,111,389,59,4486,0,523,73,201,0,144,0,143,0,199,124,0,4237,0,164,360
189,269,3647,909,1148,21751,52,212,6615,154,0,0,5077,0,0,0,0,28,0,711,4994,0,6463,0,52,17,138,451,880,30,849,0,2924,172,0,0,3044,2504,20662,63,233,5781,0,239,165,362,0,365,860,19,0,0,43,426,0,491,0,30482,1750,843,409,872,381,338,36,1804,642,0,0,1334,19,111,4971,1962,0,0,0,25949,167,83,5853,1516,915,0,1895,205,2949,0,3523,0,7131,827,0,232,3311,0,519,0,3589,0,0,191,0,1275,1016,956,0,134,0,303,628
190,3959,5843,2239,89,412,0,586,411,61,0,381,17,59,0,909,213,731,0,4466,25937,63,486,0,351,1336,339,44,3091,766,0,0,4716,555,292,44,0,1024,12524,0,0,3073,254,2257,470,2345,0,0,874,391,496,0,0,34,503,89,736,660,0,42,0,4018,16496,14,421,436,31812,0,0,27,0,68,1715,736,0,0,0,12284,4664,2336,0,209,477,174,195,158,2236,1941,0,0,0,466,27,39,5580,0,939,144,145,0,24,77,265,0,0,61,133,11996,0,179,135
191,1539,778,3165,61,504,447,0,824,12,0,161,278,1382,0,0,144,1338,0,4101,294,0,2675,1657,21,0,20,3,0,0,26,0,156,0,0,0,8698,3715,23706,0,8,2070,0,1951,273,4873,0,5013,1381,102,0,0,185,0,0,148,0,8085,659,0,1095,2472,564,2,740,629,25802,0,0,57,14,104,1171,3976,0,0,0,36090,11425,0,1478,5429,2930,0,1631,30,9743,0,2489,0,1628,1226,0,533,118705,1004,3517,155,123,207,248,0,3574,0,708,201,422,431,0,2630,129
192,3182,635,187,103,21656,32,149,100,1476,0,108,10503,3457,0,185,1184,10242,161,77,15873,0,2488,0,244,5686,96,2557,0,244,0,16,5591,6028,231,555,4446,2096,0,0,41,22542,188,1778,1286,1107,0,0,3770,1488,5979,36,106,0,0,473,2109,0,0,125,0,1594,918,29,1988,16210,2634,0,0,801,243,1645,2757,100,0,0,0,2669,4704,74,0,0,1436,0,545,1072,2575,105,0,0,0,937,4505,0,7010,66,2833,363,16228,0,219,464,0,0,27,3,159,42799,0,0,246
193,5116,758,28,230,21248,0,25,165,1940,25,90,3172,6920,0,51,373,1904,291,591,15208,0,3160,13,93,1643,67,1428,1433,0,0,5,4373,1468,473,368,0,722,1143,0,0,13662,546,1146,1724,199,0,345,1993,3499,1651,0,9,604,3129,1423,565,385,32,214,0,0,2371,0,2206,8717,2104,0,0,452,0,1023,1734,118,0,0,0,5212,732,195,173,70,2587,0,1924,780,1234,26,203,0,0,1706,2540,151,16363,0,975,2672,14353,674,283,1072,0,0,0,5,0,52508,0,500,1936
194,3616,3097,7338,0,178,1038,1873,538,7,0,108,262,0,0,150,89,1202,0,2721,167,0,2293,0,500,0,17,0,258,0,7,0,148,14,0,0,8991,0,19807,0,67,2051,30,267,445,3222,0,1309,1887,210,1200,0,0,0,955,68,144,4533,2412,0,0,729,6036,3,21,403,9338,0,0,60,0,127,1316,1403,1355,196,0,35248,6478,172,452,7643,2723,0,1538,164,3697,0,4356,49,1140,1738,0,87,185531,455,3986,79,64,258,1311,74,1732,184,0,746,0,519,0,2090,188
195,1940,279,1617,0,336,634,326,765,32,7,132,863,0,0,338,0,968,0,3820,27,0,3265,0,0,0,0,0,499,0,0,0,169,0,0,58,3249,885,17411,0,0,6376,26,0,214,4722,0,0,2153,251,0,0,0,19,359,53,948,896,2168,43,0,0,7110,15,311,861,17072,55,0,0,0,143,1318,1026,586,0,0,41297,10596,2049,1982,2735,2263,0,1802,356,7842,0,5761,21,3141,486,0,552,116558,0,8063,197,125,0,431,0,3726,111,0,794,150,415,0,4008,383
196,517,1762,1546,0,6651,66,0,5775,55,0,983,10015,1471,0,0,981,61,0,1382,416,0,11190,0,0,0,0,80,0,71,0,0,320,9,0,60,210,216,10837,0,0,6510,0,257,2352,597,0,0,1233,26,0,0,23,0,108,0,21,0,0,1743,0,0,183,176,495,1397,1866,0,0,3563,73,0,2235,2530,216,0,0,7967,228,77,1026,2795,4172,693,1029,0,0,0,2270,0,3251,839,0,4591,16282,62,1034,77,2427,236,2,64,2781,0,1333,1451,0,101,0,153,0
197,690,4063,2862,35,13521,26,176,4616,292,0,1076,3493,11334,0,156,288,224,0,523,20946,0,1014,85,2,47,365,1017,5752,0,0,0,9529,494,5913,0,0,529,0,0,98,24963,5,956,1052,1111,0,0,314,60,0,0,11,266,2713,1253,16,0,794,4262,0,959,1765,0,202,862,2908,0,0,963,0,95,2378,981,0,328,0,2763,819,452,0,163,1213,0,264,456,2723,0,0,0,0,213,493,22,373,0,345,164,2988,81,24,589,131,1069,0,0,0,752,0,34,3968
198,3699,365,356,313,10627,0,203,104,3152,0,0,5148,20932,0,256,736,8734,0,94,11909,136,2919,0,622,1951,47,943,910,30,0,0,3892,8284,69,0,0,0,4,0,0,12756,292,367,638,186,0,0,1361,2976,1286,0,38,1299,1288,350,1508,39,28,1138,28,1460,1508,58,1663,8096,1381,0,0,149,0,282,2605,38,40,0,0,2433,2882,17,0,36,3575,0,1022,1160,5426,5,0,0,0,0,2783,147,4546,0,211,2170,11388,0,0,775,0,0,0,0,0,189053,0,96,423
199,266,5738,1900,268,19667,300,137,8156,145,80,1503,8586,3225,94,0,1279,0,0,936,3538,0,2711,0,32,47,170,333,5362,0,2208,580,2843,281,0,0,356,3028,3206,249,211,11445,20,413,1868,1714,164,5250,447,0,0,0,3,0,376,136,11,10057,687,0,239,606,314,160,1095,2029,851,0,0,1241,0,21,3005,5003,94,0,0,14436,561,338,17827,271,5991,0,2065,25,2605,0,3485,43,1021,357,1962,5059,4405,69,139,0,1928,6,10,58,87,0,430,296,0,205,0,158,921
200,312,755,629,129,6401,84,0,3913,192,0,0,17729,0,0,37,1111,131,0,445,568,0,10797,0,0,0,0,24,722,0,0,0,17,12,0,0,0,1045,5536,0,0,11380,4,195,2550,2602,0,0,816,59,0,0,35,0,401,0,15,0,1476,0,0,0,489,197,598,1189,1120,0,0,807,0,216,4784,2103,38,0,0,20400,622,127,2674,105,14810,0,177,132,4248,38,943,0,0,1201,0,4382,13846,80,1932,0,3615,0,18,490,356,0,2220,1842,513,67,0,914,1983
201,4224,5916,2585,46,963,0,3279,998,64,0,429,476,46,0,572,417,196,68,13303,15288,0,0,0,0,1507,2092,54,0,407,84,0,4364,311,2081,206,16698,580,33356,0,0,5908,390,1828,194,0,0,0,519,628,0,0,0,0,497,288,0,4249,1660,327,0,4231,13687,12,130,334,63728,0,0,82,0,994,2145,0,0,0,0,11106,27853,3499,571,545,362,0,206,534,0,1737,3878,203,0,427,570,6,3845,0,482,0,299,0,553,462,393,210,0,62,0,6717,0,0,373
202,387,2238,865,108,16410,195,18,7106,172,0,687,8594,0,0,58,901,207,0,1973,3915,0,2574,0,89,314,682,539,3033,143,189,1719,2211,126,1087,0,2163,391,743,0,0,8214,2,7,819,2865,0,0,58,6,0,0,0,0,25,487,4,7406,1448,0,291,631,224,0,910,2038,887,0,778,1375,0,0,3772,5189,0,0,0,26248,322,0,8211,991,870,622,1350,279,2331,45,4517,0,2263,43,1310,4877,4412,44,975,0,1053,136,17,0,143,0,362,542,0,334,0,482,3089
203,241,2363,1461,120,5537,50,0,4656,224,0,1647,8947,0,0,164,0,0,0,880,754,0,11341,0,51,0,0,0,4102,0,0,0,425,13,0,0,82,696,5489,0,0,2918,0,51,729,292,0,0,553,10,0,0,10,0,339,879,10,3834,1431,661,0,0,309,83,447,1006,2280,0,0,1037,0,0,2464,866,0,0,0,11818,793,0,244,1870,18291,0,117,0,2660,0,642,0,5595,25,0,3527,18163,118,1569,19,3105,0,34,0,769,0,0,1366,0,23,0,423,295
204,288,3295,0,163,5153,18,101,3652,46,0,0,7972,0,0,174,1897,36,0,1215,421,0,14250,98,27,0,0,42,5510,38,599,0,307,20,0,54,1292,456,4404,0,329,5670,9,0,4742,1025,0,0,1567,100,0,0,0,0,181,264,24,7267,2313,301,0,187,79,0,524,657,978,0,0,950,0,0,2416,786,0,42,0,17292,622,414,2593,975,12061,717,422,81,0,9,2314,0,3356,80,0,1491,16979,93,1768,207,2393,0,1,160,1863,0,273,484,0,163,0,251,1288
205,3609,89,135,13,41104,118,88,711,1676,1,248,5810,0,0,0,0,1475,0,697,2808,21,2867,0,154,2651,35,660,0,16,430,54,1163,699,23,0,26472,1799,197,0,130,11601,0,431,107,629,0,0,2096,428,0,24,0,0,2828,904,391,275,190,0,36,105,579,0,8350,61984,345,0,0,540,0,0,646,1063,32,0,0,32664,1987,17,17107,304,465,19,4677,309,16375,0,2325,0,116,785,0,0,40328,0,5816,211,4394,1228,0,132,839,0,38,28,0,4269,0,1719,242
206,4843,374,233,16,36600,170,0,288,2131,0,90,16366,7329,0,0,137,2146,0,2186,4416,0,4355,0,310,4507,75,877,1243,0,91,107,1247,8268,34,117,50408,40,0,0,53,4080,0,149,305,621,0,11755,3763,214,1192,147,0,0,0,781,165,112,213,0,46,1098,664,8,2127,42050,1688,0,0,278,0,0,536,455,4,4080,0,35881,3952,24,2358,1055,253,26,2467,507,7668,36,2754,31,347,4619,0,0,57696,240,5691,2241,2892,0,137,763,1191,3393,0,15,0,4292,0,3134,188
207,508,1983,1514,571,14501,0,0,3463,568,132,335,5642,0,0,347,855,239,205,4547,13226,0,930,0,55,5,444,667,0,0,1186,0,6891,134,582,11,31,484,55872,0,0,13564,18,443,1049,1340,0,0,142,35,4135,0,3,124,28,740,53,2266,3007,1017,0,1630,1042,109,130,519,3982,0,0,3441,0,804,4510,120,18,11,0,2114,829,280,0,40,2334,1829,207,284,260,43,0,27,0,515,7716,0,145,0,68,161,3270,328,11,65,604,844,234,0,46,2241,0,28,2876
208,3337,406,119,127,25293,141,242,334,590,0,27,9977,2186,0,56,501,0,0,384,2495,0,6536,0,159,3665,44,1094,1985,0,501,0,1120,9649,51,0,39501,81,276,0,0,10737,0,544,387,1381,0,0,3685,909,0,0,2,225,1824,2377,0,92,5,157,0,41,259,0,6134,64837,485,0,0,62,0,0,493,444,27,0,0,30468,4660,0,5442,272,1583,8,4915,489,8421,0,4305,0,585,1752,0,0,66131,0,4866,494,4849,0,0,0,887,0,0,20,0,14944,0,3722,184
209,8737,2372,4077,337,898,1042,4617,945,80,0,361,86,464,0,2514,460,2933,0,2274,12178,0,788,0,180,0,1558,17,534,253,21,0,2741,1995,327,57,2006,1043,2706,0,0,2327,0,1555,1158,524,0,0,403,797,5392,2071,0,21,841,474,1084,6040,1040,283,0,1169,9531,4,253,215,54654,0,0,637,0,1964,2680,0,0,0,0,4377,32293,563,92,273,811,6222,324,972,834,362,951,0,0,410,1123,58,5720,0,1771,312,227,0,380,65,882,0,888,0,0,11708,0,855,477
210,2822,487,8776,0,583,1739,1025,242,67,0,123,247,606,0,0,0,1110,0,1835,6833,0,935,0,0,551,299,34,0,326,25,0,2175,304,0,93,20940,1592,5136,0,25,1008,0,800,593,3623,0,45319,1877,0,0,0,0,0,341,171,80,8093,751,0,0,1857,6018,11,1253,1676,12269,0,615,154,0,0,92,5857,288,0,0,59068,6780,0,1132,4428,242,0,461,70,5116,4299,11133,106,1160,0,0,141,34323,1308,3467,92,100,324,94,37,116,0,839,361,0,1097,0,2891,162
211,1832,327,0,0,29199,96,0,168,936,37,107,8465,4129,0,0,0,618,0,2065,3837,25,4044,76,434,2599,75,465,1280,13,0,95,1497,11764,114,142,33061,153,71,1102,0,6233,33,276,68,1260,0,0,2020,978,0,24,0,0,417,294,411,792,30,0,28,412,892,0,10168,64202,380,16,0,228,0,0,426,791,20,0,0,40521,1061,40,4456,1034,1123,0,5988,65,4201,0,1874,0,326,576,0,478,49305,470,8308,1511,4473,363,158,110,446,106,0,29,0,4650,118,4105,313
212,2170,1198,3527,23,375,904,0,577,33,0,143,272,0,0,1924,0,4116,0,959,7990,0,373,3427,532,395,420,42,0,0,0,0,2793,0,904,14,2511,1546,41177,0,51,6250,105,1511,658,0,0,16652,80,850,0,0,108,43,463,394,358,0,781,301,629,6881,21625,4,202,400,39048,0,0,139,0,542,1525,168,0,0,0,7462,17440,3059,0,260,0,954,355,455,260,893,0,0,0,0,711,4,2458,109,0,257,153,0,378,180,1259,102,286,123,0,25472,0,271,75
213,4724,2000,1814,47,436,1075,0,158,69,0,307,85,0,0,115,160,5228,0,7005,7042,0,619,0,1265,496,984,20,266,273,0,547,2123,922,0,0,0,702,49142,0,52,4025,0,950,706,9,0,81265,882,638,4944,0,0,0,1349,175,1196,7354,805,68,428,6124,13564,1,410,150,57377,0,0,147,0,500,1267,1024,0,0,0,2038,19702,1937,0,0,269,679,151,535,0,1073,0,0,0,0,547,35,1672,241,1662,185,138,0,550,35,291,0,405,42,0,20521,0,170,0
214,164,3396,3978,237,14263,0,102,6323,265,0,609,7567,0,0,136,501,187,0,964,4403,5602,3636,0,0,18,406,406,0,0,756,481,2105,77,1425,0,2024,779,6736,0,131,5709,17,589,1808,6132,31,0,1071,35,0,0,0,0,28,0,0,41667,1342,0,0,0,114,0,435,2213,1580,0,0,3802,0,0,3917,1858,0,0,0,13338,654,238,6619,658,8726,0,264,186,3127,0,6018,0,7572,216,0,5778,5266,12,1039,81,1180,173,5,210,1159,83,280,2038,0,259,0,277,1161
215,2027,0,3121,18,441,0,1700,962,8,10,468,359,0,0,361,10,0,0,2195,809,0,2832,0,96,348,34,13,237,298,43,0,137,258,0,128,20819,449,31147,0,0,4506,59,212,538,4026,122,0,1008,633,3040,0,0,26,307,384,900,1469,118,18,0,637,6764,0,957,1021,38739,60,0,140,5,0,802,3866,1130,0,14,29541,18976,1001,1355,5523,1473,808,521,225,3858,0,3450,0,2392,1463,0,140,112897,0,6750,0,105,0,772,392,2743,0,582,491,0,105,0,4716,309
216,1965,601,313,0,39039,74,658,450,878,0,178,11485,2561,20,0,698,2427,25,1178,1735,0,6060,0,193,1535,35,220,2840,99,706,6,859,5883,61,207,16191,1445,127,461,0,3327,0,508,272,1772,0,0,205,821,0,0,0,0,605,534,525,56,43,0,0,1367,598,3,11969,41874,453,0,0,90,0,0,1209,847,12,0,0,40271,5454,59,5218,0,707,49,5489,129,5426,0,3055,0,1407,4797,526,136,66422,54,19079,873,5252,0,377,0,0,1080,0,60,0,4685,0,3529,0
217,3574,2993,3418,0,584,2295,999,916,49,0,0,521,0,0,340,107,0,0,2624,860,0,2467,0,136,0,0,3,0,522,41,0,497,102,0,29,9965,501,26835,0,0,6270,0,1570,997,5196,0,7912,685,281,0,0,50,0,518,86,93,11049,0,0,0,3500,3928,20,935,848,53335,0,0,88,0,0,2158,3795,0,0,0,62604,27491,1064,2308,10218,794,0,1722,110,6052,0,4886,24,2544,517,0,417,65090,0,7561,0,122,80,181,299,2775,0,788,327,0,394,0,6785,487
218,3571,2337,1619,200,453,0,5173,33,92,5,154,144,899,0,1827,237,2196,138,1949,13148,0,71,0,227,962,884,13,960,0,13,5445,2650,1124,1700,0,4897,116,110307,0,0,3647,302,767,1505,0,0,0,982,2261,3346,0,0,0,78,127,1177,2185,0,80,0,4575,22071,6,194,237,47398,0,0,364,0,75,1907,179,0,0,0,7697,24289,5627,183,109,1086,1541,63,449,1530,1643,677,0,0,0,712,34,5557,0,1125,465,323,130,59,519,347,0,229,0,0,12081,0,24,277
219,2451,274,276,38,30253,34,253,510,1296,0,0,5076,6494,0,0,263,523,0,790,1711,0,3536,0,0,474,42,270,2630,0,271,82,1313,3163,57,79,10267,1387,558,0,0,6468,0,145,474,2205,0,0,2497,966,5809,0,0,378,2412,1702,0,859,42,0,0,284,1959,0,13058,50937,52,0,0,0,541,0,835,364,0,481,0,31060,6117,43,1896,759,1115,0,3321,457,1548,0,3496,0,190,1935,0,154,58590,0,23362,0,2297,1213,0,0,319,893,53,20,131,1783,0,3679,35
220,273,4047,1032,618,10921,45,133,2957,141,0,36,3007,5309,0,67,1146,118,0,640,4400,0,3760,0,169,29,234,495,0,52,0,0,1850,0,1378,0,1748,2296,8294,0,376,5689,0,145,397,3244,0,0,198,30,0,0,0,0,39,358,9,1431,362,0,0,152,384,0,1391,4058,811,0,0,1389,0,0,1701,3800,11,0,0,22207,386,62,6947,1251,1946,596,797,77,7791,0,861,0,13038,375,0,5384,3342,12,641,28,1756,131,5,45,749,320,365,2009,17,85,25,538,713
221,3771,92,3425,25,329,5572,3973,226,25,0,306,739,820,0,115,234,1448,0,849,181,0,3959,0,0,90,0,0,1903,0,0,0,257,335,0,134,11537,0,0,0,0,7473,0,1721,393,5815,0,0,2831,274,0,0,0,0,697,119,0,1428,1272,0,0,0,9847,12,836,805,23600,92,0,39,0,0,2675,3840,2267,0,0,14686,18005,0,91,1607,3242,663,1998,242,842,0,7327,0,1252,3393,0,12,135785,2884,1437,0,158,0,0,324,2690,0,0,777,126,0,0,6453,113
222,2393,508,154,68,13928,76,490,404,805,0,0,16657,0,0,70,98,6132,84,0,377,0,14128,0,721,2077,8,25,2210,55,0,0,321,2273,0,0,11054,1336,431,0,199,7986,0,187,385,620,0,0,3306,0,0,0,0,334,2369,968,0,398,29,143,0,0,1316,20,3442,25308,681,0,0,0,786,164,2012,229,0,0,0,28018,4187,0,1919,300,4425,0,1094,791,5369,0,508,0,782,741,0,225,258222,0,15441,3751,6800,763,90,1300,2189,0,0,30,0,6305,0,10207,1006
223,4859,174,136,82,16685,18,54,172,2219,0,407,2770,6146,0,211,1369,7892,0,825,7306,0,1981,0,114,1471,66,490,2213,69,0,0,1895,5801,398,1798,0,776,1909,0,0,13021,253,230,866,0,0,0,1780,1297,7488,0,0,0,600,1634,1625,13,9,405,0,252,3250,5,1461,8372,2609,0,0,523,0,0,1945,91,0,770,0,1180,5800,329,20,4,2700,12,53,1808,0,58,97,3,0,0,4133,77,6948,33,137,1609,17188,201,80,755,0,675,0,0,0,188640,0,486,223
224,4685,40,219,7,7445,63,0,384,207,23,198,5664,34229,18,0,592,1293,46,254,172,333,9983,0,754,0,24,91,5358,76,0,0,421,76,0,167,15236,0,476,0,397,12106,418,9,299,0,0,0,1543,236,0,0,41,1608,1773,846,291,189,0,0,0,62,732,22,1654,23392,1387,0,0,53,0,0,1320,633,0,0,0,21037,2258,118,318,2622,4511,0,4858,837,4454,0,453,66,1556,495,0,896,259871,0,4747,483,6121,0,227,478,3029,1028,81,10,0,3272,0,5079,102
225,4821,481,102,0,7345,27,302,297,1006,0,169,12686,0,0,5,165,665,0,0,284,0,7851,29,454,0,0,29,0,0,0,0,345,227,69,0,14888,3277,0,0,0,22537,0,1327,1146,143,0,0,4547,0,0,0,0,396,0,725,579,118,19,0,18,115,741,9,2055,17560,587,0,0,99,156,602,858,491,0,0,0,27275,2640,34,4375,2097,7679,0,3882,0,333,0,783,0,2675,1441,0,973,181427,241,18341,2145,6981,1134,0,239,1970,0,0,47,0,3443,0,12179,2252
226,220,751,2500,369,7090,0,132,4967,140,0,577,15123,8793,0,21,0,72,0,966,390,0,8463,0,121,0,72,51,0,0,501,0,119,54,769,36,750,383,3553,0,0,7891,0,207,2448,1948,0,5481,1152,36,0,0,16,3558,217,1258,0,1094,0,0,0,21,850,0,636,1247,1225,0,0,650,0,0,2568,696,29,0,0,8669,431,376,1865,1670,19836,844,138,23,3478,0,1490,39,2223,387,0,6730,16719,60,718,57,876,35,33,0,1407,0,0,940,0,94,0,1710,178
227,3120,332,52,0,15393,0,621,227,570,0,0,15809,0,0,63,241,3121,0,1476,215,0,14297,0,1084,1174,19,63,2459,99,0,0,360,0,17,255,16142,917,667,0,607,11431,0,160,618,1052,23,0,5082,527,0,0,20,0,2878,426,397,326,0,0,0,452,1145,46,5844,17778,779,0,0,240,0,0,1225,231,0,0,0,29940,2228,22,426,463,7266,0,511,212,2857,11,757,0,426,192,0,235,291686,946,14938,0,6658,1385,101,0,2478,1927,234,22,0,7235,0,7444,885
228,1922,497,67,22,11331,134,10,236,572,0,84,8173,0,0,0,756,0,0,436,895,0,10804,0,516,0,11,209,362,36,801,0,789,3615,0,385,18046,0,908,0,180,11750,290,625,578,767,0,0,5051,683,313,0,12,0,0,248,232,176,7,43,0,349,2027,21,8164,10898,123,0,0,147,398,134,1078,125,0,0,0,32933,3634,0,4493,1355,5808,0,155,449,2694,0,792,0,1454,6089,0,401,202840,32,21670,0,4013,0,0,0,3489,0,113,26,0,4945,0,5479,1073
229,4314,5655,1312,251,526,0,1025,214,48,14,1072,376,1705,0,4511,113,4605,258,8669,8622,0,519,4328,935,798,156,29,2206,0,0,858,1854,683,3075,456,1170,5152,192683,228,0,3531,84,892,1231,2764,264,0,563,1341,0,0,21,39,635,797,1427,0,1004,492,0,2237,64207,32,174,220,101278,0,0,346,0,755,3110,977,0,0,0,16823,17084,12459,0,382,136,3059,140,481,2412,1313,1028,20,0,172,901,34,5865,140,475,1168,339,346,0,315,391,127,0,136,0,4709,0,164,0
230,7117,629,26,80,79307,113,55,562,1017,0,0,13695,0,0,9,0,2566,0,1949,1775,0,4611,0,134,4619,25,281,5833,0,260,0,860,5941,0,0,75656,452,0,385,0,3203,0,94,390,2068,0,0,7707,287,0,0,0,0,0,968,0,523,143,0,23,259,449,6,7105,36338,521,0,0,130,0,0,697,858,103,0,0,28007,1127,27,2327,475,2067,0,1326,19,1230,0,3980,0,987,2176,0,173,59057,0,5360,1985,5046,0,36,0,747,0,0,11,0,12255,0,4117,362
231,4182,1017,2224,259,426,0,2910,454,65,10,527,167,1593,0,1365,424,11671,309,6261,5566,0,116,0,312,0,1559,19,0,0,0,0,2366,2147,3226,45,3478,663,464,0,0,14016,403,1475,2027,4389,532,0,639,2220,7238,0,0,0,951,11,4002,2577,813,196,0,11939,67784,13,18,246,80913,0,0,563,0,0,5264,183,0,207,0,13393,5750,1510,0,1070,0,2512,266,610,5281,3599,540,0,0,0,913,30,9679,0,1320,1493,512,0,121,199,0,436,0,25,566,11871,0,0,569
232,528,5397,0,241,17056,39,85,6382,194,0,0,1894,0,0,77,675,64,0,3198,4638,0,4592,0,55,72,65,244,4817,0,0,0,2634,258,0,23,655,2284,4515,59,199,1949,0,616,744,5067,0,917,825,18,3706,19,0,0,0,25,14,4320,2634,1727,0,327,84,0,907,3067,568,0,428,2100,0,0,1345,2590,0,0,1,21154,216,0,16067,876,689,1105,1955,68,5276,0,5713,0,785,216,0,3804,3836,14,1228,104,1110,0,8,28,683,0,0,422,98,113,0,905,0
233,2470,7137,7171,67,507,104,3025,221,78,5,275,243,431,0,890,0,8161,128,4000,5157,0,595,0,203,12,583,8,885,888,30,0,1484,82,0,99,50,331,26729,0,0,7615,86,731,1384,429,265,0,420,2576,0,0,330,24,192,454,918,0,272,228,0,1880,41444,4,367,205,95672,0,0,573,0,435,4224,149,0,387,0,20941,31552,8960,68,500,384,1918,175,168,2236,2384,1673,0,0,579,373,55,9066,0,676,342,601,70,158,25,227,114,0,80,0,12364,0,0,269
234,3392,374,2581,82,402,1782,0,991,34,0,107,489,0,0,466,409,0,391,19271,879,0,2712,10154,342,0,133,0,1873,0,0,0,270,106,262,34,8181,517,31542,0,60,2592,456,0,330,4291,0,446,920,0,0,0,258,27,742,36,432,6162,1199,0,0,1210,5323,47,553,840,34875,0,0,581,0,351,1859,2201,0,0,0,50661,9933,0,912,2166,3863,0,1264,41,2707,0,4257,208,2921,1930,0,444,98157,333,10305,0,105,0,64,0,1315,0,0,833,66,0,0,8223,256
235,4088,901,107,194,19367,0,0,37,2027,0,315,10776,9296,0,141,1360,14368,68,792,3452,0,3864,0,21,311,46,325,514,0,0,0,1070,2149,54,496,2541,0,1665,0,0,23007,448,1117,3519,0,72,0,2413,4628,4798,0,43,845,6766,4259,1745,32,62,1817,0,0,8316,99,2451,5339,3995,0,0,116,998,486,3270,40,0,0,0,4386,2400,652,87,57,2134,0,212,1448,502,30,0,0,0,443,8141,48,19049,0,1070,16028,24717,0,204,609,613,0,450,0,0,100285,0,202,19
236,6883,865,2753,41,683,3056,4132,681,61,0,150,398,0,0,0,87,0,85,7308,3382,0,996,0,120,1281,592,19,0,275,38,0,1639,0,3259,0,58717,1889,20389,159,0,1233,0,1213,676,10497,0,1190,2478,101,0,0,0,0,1419,96,0,9937,4038,37,0,386,6048,0,1848,1575,13791,0,0,182,0,0,525,3349,348,0,0,71415,9797,874,3331,3731,264,1589,709,151,1744,0,6728,42,2442,769,0,231,29178,274,447,0,125,0,367,85,507,0,0,581,0,810,0,5214,0
237,6535,529,89,413,21269,0,106,67,1482,0,411,2938,5687,0,151,194,35866,0,481,1938,0,2879,0,270,561,0,326,1389,0,448,0,1441,8680,21,0,662,2139,4312,0,295,21711,552,84,3141,298,0,0,406,4159,2221,0,99,336,314,2449,1676,0,16,1079,0,214,5127,29,1631,9027,6920,0,0,330,654,253,3018,13,0,0,0,4036,5573,0,0,114,633,27,304,1290,2137,5,0,0,0,0,2132,0,18184,31,1192,902,32233,1054,138,800,914,0,153,0,0,122282,0,330,1897
238,4535,2050,1195,291,475,2010,1761,463,85,0,0,245,0,0,0,0,621,0,431,1705,79,920,0,585,1908,741,10,494,138,0,1205,1330,415,0,0,20286,3443,16048,0,164,410,0,1895,137,9052,0,7240,753,0,0,0,277,0,390,114,0,2693,4608,132,0,3127,5584,4,2104,2084,17899,0,184,286,9,143,768,4797,3127,0,0,49487,19114,663,1198,5519,217,1151,2533,18,3022,0,6760,32,218,42,0,378,41602,513,6755,71,79,983,175,284,885,188,0,533,1870,965,0,4191,90
239,6543,2589,2119,0,447,789,5061,928,46,0,0,568,0,0,0,41,2314,0,6282,1009,0,1355,0,393,178,0,6,0,0,14,0,360,172,2790,0,12083,874,0,0,0,2115,0,1114,136,1946,0,0,3790,0,0,0,69,0,0,95,366,4686,0,0,0,1815,9252,4,619,799,11525,0,0,285,0,265,1681,3964,0,0,0,56066,14455,1847,2580,2869,1399,0,2418,0,6156,0,3832,144,2693,3013,73,791,57391,0,6126,0,205,190,137,82,3730,0,0,492,0,105,0,13201,45
240,1203,500,146,27,12334,63,294,564,509,0,0,25393,0,0,0,178,2705,0,891,372,0,11954,0,0,1221,10,140,0,250,722,34,803,1408,221,163,0,898,373,0,1049,3992,0,297,493,0,0,0,11932,833,0,0,20,0,0,571,0,327,0,0,0,0,538,0,2435,20732,1445,0,0,216,0,0,935,518,20,288,0,13598,5455,0,3622,202,18068,0,4088,596,2173,0,266,0,1239,4422,0,251,175199,564,8833,237,1755,999,469,1125,2542,0,178,83,0,11521,0,11902,1255
241,426,4696,1228,1262,17302,84,446,1927,388,21,0,3441,22303,0,144,2907,1310,0,1160,6000,0,900,0,57,13,315,255,1194,229,0,0,2257,63,2646,253,0,610,10413,0,0,23049,1,416,6409,0,106,0,79,126,16620,0,67,0,1268,1784,70,4836,0,2215,0,821,2264,808,142,314,7983,0,0,808,0,1680,9374,381,35,0,0,2810,806,5115,0,109,4614,0,287,793,1753,10,187,107,0,0,11745,756,1190,0,220,125,15632,0,4,280,0,1097,376,925,0,1091,0,18,300
242,4593,1424,6241,73,795,0,7724,232,99,3,305,467,925,0,1174,120,8923,0,4151,4247,0,459,0,777,266,104,9,1324,259,0,0,1416,346,1205,230,434,5234,207466,0,0,9495,0,1027,3365,840,0,0,477,1200,12017,0,27,0,1953,356,679,1009,620,230,0,8570,45085,5,288,235,92042,57,0,62,0,1996,4208,34,0,0,0,8190,24806,817,354,728,510,1010,393,880,1935,3058,480,207,0,397,718,5,6868,258,1114,567,580,602,5,285,106,29,0,40,0,7733,0,0,329
243,1339,740,5936,140,505,2190,0,1253,34,0,153,536,655,0,252,0,1839,0,5420,1309,0,2647,0,116,224,324,2,1531,0,80,0,288,306,492,69,16536,3374,0,0,0,11769,0,0,528,1685,0,7815,1943,214,0,0,0,0,247,0,0,28780,0,69,550,585,8605,8,853,458,15599,0,0,0,0,129,1082,6885,771,0,0,61013,11196,689,146,4814,1432,2277,465,824,4260,0,6440,66,1105,1518,27,47,60775,49,7791,95,128,0,47,0,1846,134,0,277,542,88,0,19972,76
244,4354,3973,6754,57,376,0,0,329,98,14,404,81,405,0,140,281,19735,0,0,4915,0,854,382,704,0,317,13,384,0,29,6541,1130,464,400,597,0,1844,96307,0,0,7585,206,404,429,0,0,7570,475,1688,6622,369,915,0,390,875,996,1048,0,294,0,0,55639,19,534,359,130701,0,0,0,21,0,5927,265,0,0,0,9848,21073,25176,38,0,563,0,114,1335,4165,1182,2377,183,0,0,527,99,3774,0,401,185,508,0,398,626,0,0,158,164,0,1743,0,0,54
245,6366,175,235,227,20776,125,12,703,447,42,132,10736,0,0,0,347,0,0,734,603,0,9112,0,0,720,9,268,0,0,0,0,877,628,0,0,3053,779,75,0,0,3451,642,1896,245,878,0,4881,6711,273,0,0,0,0,0,977,456,103,0,211,114,1416,123,13,5450,29309,557,0,0,0,0,0,1307,900,0,72,215,22172,6247,0,757,195,10070,0,1143,638,5826,38,2005,146,1406,0,3119,745,132400,182,15582,0,2927,2401,499,0,3025,2714,0,52,462,929,0,20962,0
246,4247,999,1470,30,750,285,1986,761,12,0,32,367,0,2,112,0,710,0,7648,2626,0,1989,0,128,469,437,23,1718,0,0,837,1400,238,911,53,25711,2137,10396,0,10,4193,36,2268,13,797,0,0,2635,132,2304,0,0,0,242,31,158,1241,357,0,365,0,4309,0,1986,1804,18761,0,690,387,12,116,1214,4742,0,0,0,77073,3183,0,5871,1992,445,0,3761,469,8309,2503,5086,0,2073,301,0,258,33031,0,3076,129,49,0,155,0,120,0,302,542,0,1700,105,4919,0
247,363,3462,1869,0,5596,0,647,5072,270,39,0,15850,0,0,0,2330,0,0,0,1306,0,8016,32,30,0,285,252,7362,0,0,0,866,0,700,168,1556,625,8208,0,0,15085,0,0,965,0,0,0,529,0,0,24,0,243,356,53,10,3279,648,0,0,0,79,0,765,1595,75,0,0,366,0,0,1362,3095,0,0,0,8870,1384,686,2480,546,9747,445,459,0,0,0,1005,0,3338,84,10491,1381,6777,0,922,56,2465,23,0,467,1968,124,0,1126,0,73,0,3813,674
248,5516,2442,6703,41,503,1948,2599,409,43,0,0,991,122,4,539,0,1332,0,3925,2088,43,1810,0,0,1318,462,17,662,237,2,2840,587,1211,347,0,6105,2005,0,0,0,2060,0,71,302,3019,0,0,2555,101,0,0,0,25,166,92,0,20377,3598,0,0,599,9187,0,1557,1448,9068,0,237,327,0,327,722,7165,1560,0,0,55702,11198,2006,2097,3579,350,1309,2834,0,1006,0,10049,0,295,2281,0,182,43439,3374,3091,205,116,49,59,71,499,0,0,276,0,859,0,7702,0
249,2704,280,205,198,19781,0,13,97,2742,23,0,8458,1981,0,349,314,13257,148,1521,2932,0,2029,0,769,3994,69,488,0,137,0,0,1221,15108,44,1067,8843,1854,5215,0,0,36356,301,716,2522,149,0,0,1060,4580,1888,0,21,0,1943,2863,1117,20,48,161,0,1286,4039,64,1496,8003,2629,51,0,443,0,1774,3499,87,0,1614,0,6591,2719,473,0,35,540,25,291,2214,4454,123,43,10,0,1036,5475,28,11844,0,2934,769,19682,421,130,1360,669,0,21,5,293,66465,0,24,551
250,6694,174,383,279,19600,268,759,288,1884,0,0,14312,0,0,0,173,5450,0,1169,1282,0,9321,0,547,5526,18,526,0,118,1599,0,833,834,345,40,1555,4050,50,0,96,0,0,260,329,0,0,0,3786,660,0,0,0,0,1115,0,0,297,0,0,108,662,736,0,6175,18268,1545,0,0,516,0,0,1657,121,5,0,0,16414,6261,23,397,1249,7404,0,993,506,3712,0,1250,0,860,9108,0,735,86798,0,17129,2211,8595,0,620,185,5989,0,0,41,389,2568,0,17571,565
251,4443,319,117,73,32331,59,142,283,1592,61,29,6008,0,0,0,125,0,0,770,3273,0,6625,0,251,343,42,405,1713,6,0,0,829,779,0,0,45630,1491,327,386,0,4448,0,745,123,869,0,0,1788,697,0,0,0,0,1304,1313,310,362,43,0,42,434,680,6,8777,53847,725,0,0,0,158,0,775,1006,0,0,0,24044,1281,34,11324,596,2880,31,841,173,0,54,2715,14,265,1070,0,1244,81807,0,5598,0,3709,868,110,0,2334,0,0,51,0,5805,0,8413,609
252,300,1111,4125,1097,7153,55,0,4920,152,0,130,7699,0,0,119,0,46,184,1714,1847,0,12156,0,14,34,136,286,1127,22,113,133,639,72,2353,0,1716,1426,1178,0,110,0,0,312,185,0,0,0,418,0,2860,0,0,0,599,670,0,9943,0,0,0,0,131,223,734,1131,2638,0,0,1107,0,0,2329,1754,113,0,0,15197,962,321,5982,525,16494,0,1564,544,6365,0,2399,0,0,283,3978,2762,6798,20,1774,6,1784,42,5,173,1045,0,266,1085,0,14,0,2339,3041
253,430,4643,2904,1393,7896,6,45,1582,339,49,1193,7218,15582,0,40,2853,1085,22,0,5227,0,184,0,113,64,117,420,0,0,553,0,2659,75,0,172,36,1166,95539,0,0,14499,13,105,4241,263,107,0,303,125,3831,0,25,0,759,933,48,0,414,868,0,287,2412,272,161,822,4903,2165,0,1281,11,1705,10091,0,0,0,0,1190,677,1754,189,87,525,0,4,501,907,22,252,0,0,176,19995,791,1660,13,104,41,9931,36,15,339,0,479,118,49,0,2383,0,9,3753
254,457,9,1835,0,17798,76,65,7544,165,0,636,8571,0,0,20,1039,9,0,893,4571,0,3410,19,34,142,242,449,1164,0,450,0,2655,0,939,0,477,1425,5262,207,267,1636,0,356,1765,1944,0,10694,552,3,2422,7,0,0,353,331,0,6232,4081,0,0,109,407,77,920,2631,220,0,1077,646,0,0,1046,3011,0,0,0,20773,365,0,11190,2489,4305,542,101,21,1878,0,3495,0,1288,242,0,2804,3714,0,682,0,771,0,14,243,131,341,461,1565,0,136,0,1044,399
255,5213,845,472,357,37009,229,504,261,1252,59,0,15584,1962,0,5,0,0,0,1290,677,21,8496,0,0,3770,45,108,2304,0,84,0,604,1112,10,0,0,2092,217,0,0,4861,0,176,266,689,0,0,8080,301,0,0,0,0,3545,169,0,466,0,0,0,895,140,48,3418,23565,559,0,0,188,0,0,316,481,3,0,0,15532,6511,26,921,717,4930,54,4823,307,4753,0,1115,28,571,5965,0,551,98967,313,8896,3662,6977,556,14,0,2628,1375,143,29,663,4812,0,22253,340
256,524,986,101,457,10635,0,0,4989,239,0,141,7066,0,0,0,0,0,0,1801,6704,0,2248,0,0,211,95,364,12034,33,1075,0,3270,362,0,0,3936,0,3431,0,0,2546,0,893,928,1334,0,0,566,26,0,0,0,0,0,287,0,0,1758,2749,0,112,44,0,1082,2485,1386,0,0,332,0,0,3993,1133,0,390,0,20310,328,86,1512,692,3044,0,871,0,4727,0,5991,0,6663,404,0,258,4273,0,628,0,0,221,6,0,642,0,0,2542,0,44,0,1520,1028
257,5542,274,384,302,22576,28,108,435,350,0,0,8103,0,0,0,592,789,0,4427,878,0,11452,0,442,1869,48,558,4182,0,0,0,414,2133,0,0,32392,3737,458,0,0,0,109,349,523,1023,0,0,4443,0,0,0,5,0,513,485,0,434,0,0,205,1445,962,22,2468,24019,751,0,0,155,0,0,1539,288,0,0,0,33136,7928,66,1699,232,4930,0,1587,115,7401,0,771,0,499,857,0,574,118166,0,15127,384,8380,1576,18,838,1558,0,0,20,0,1023,0,15859,0
258,8099,440,199,624,20389,0,79,100,400,0,0,5785,2308,0,0,0,0,0,779,364,0,14165,0,0,539,9,48,0,0,328,78,469,297,20,0,13723,0,479,0,0,0,0,0,338,346,47,0,2384,0,0,0,24,0,5382,2210,0,92,0,0,0,2362,492,0,2294,26531,446,0,0,0,0,286,930,965,0,0,0,33318,4194,0,1289,408,13372,0,3427,0,13540,32,2694,0,786,1383,0,191,133331,45,10153,0,1880,3824,0,0,1793,0,0,43,0,1782,0,17615,125
259,7938,346,278,339,15807,0,140,159,2290,0,153,6604,9337,0,73,637,29652,66,0,3096,0,2407,0,874,893,34,403,0,176,152,0,1212,629,77,702,0,966,1118,0,525,15143,998,483,2786,164,0,2397,368,6676,2668,0,7,1239,2884,3728,2341,76,19,517,0,100,4974,55,892,6217,5851,0,0,321,127,2208,3604,19,0,0,0,2366,3643,242,0,150,2412,23,729,1321,506,85,0,0,0,0,8075,33,14342,0,1108,4794,31968,0,106,437,0,1154,0,7,0,151231,0,0,1685
260,4642,2007,1333,49,736,850,4806,1568,31,0,69,451,409,0,111,0,621,0,1687,5060,0,940,0,430,946,782,14,2429,0,50,0,1737,890,1328,0,17246,4077,15625,0,0,803,15,1973,74,5835,0,25044,3036,405,0,0,11,0,719,0,124,0,3001,25,120,4241,4163,2,1601,924,6440,0,0,0,0,0,599,4530,0,0,0,35522,4684,0,10960,5977,202,726,1945,0,1638,0,10016,17,307,981,57,463,26768,158,4924,146,100,189,0,21,357,41,438,617,0,1271,0,3970,31
261,4416,1184,3731,74,347,0,2654,507,67,0,202,285,940,0,1811,535,7383,0,0,7109,0,192,0,102,174,1250,17,1205,185,0,0,1668,1922,1565,311,0,1244,127446,0,0,2470,96,2368,1859,5367,0,0,585,514,0,836,0,343,1177,735,0,0,330,431,0,4479,62185,23,476,322,75856,0,0,0,0,140,3333,0,0,0,0,10612,23293,10622,0,110,157,5531,300,180,2807,4018,0,5,0,214,641,20,3849,0,1177,839,531,1000,62,610,0,91,578,0,0,8181,0,44,58
262,222,84,1734,285,19101,57,76,11784,45,0,540,5952,9136,0,28,258,0,0,548,5176,0,4517,57,0,18,104,282,6700,0,550,0,1967,439,3438,0,2162,727,3840,0,94,6028,0,295,322,796,0,4150,502,12,3966,0,26,1233,214,0,20,3843,1373,0,166,426,105,0,1030,2135,391,0,218,855,0,0,2335,1740,0,0,0,23674,319,108,9941,1121,4085,310,653,83,1458,0,4068,51,1821,1916,0,4526,4597,0,1072,0,1442,95,4,98,76,177,0,2125,0,54,0,644,1170
263,449,798,2868,141,22270,236,762,5858,59,0,109,12085,4462,0,6,346,0,0,1032,1018,0,4830,41,0,0,354,434,4696,0,0,0,1837,122,577,28,771,2824,5986,451,0,8140,0,274,1424,1502,0,0,841,16,3128,0,0,0,176,505,4,9585,589,1075,0,216,221,0,604,1135,766,0,0,354,0,0,505,2664,0,0,0,12708,1001,188,4658,0,6286,0,185,0,10643,0,1949,0,735,1414,0,1280,10164,0,1117,128,802,32,13,0,1754,0,624,1461,0,27,0,3138,1297
264,5643,4930,2626,79,303,0,2903,182,43,0,341,730,0,0,627,0,347,0,3947,1085,0,2163,688,0,244,104,20,0,3829,55,0,807,137,2530,80,18542,2164,0,0,0,0,0,407,402,1223,0,0,2295,25,0,0,0,0,0,39,0,0,259,59,0,8749,10997,3,706,1122,9822,0,0,0,0,0,1089,2400,1122,0,0,46775,27223,0,1070,0,562,2296,1742,177,2642,0,10677,0,2262,2022,0,106,70417,629,4940,83,45,0,11,74,1252,0,0,347,0,291,0,21514,183
265,7529,643,149,32,35023,57,304,180,1923,0,85,14293,0,0,10,72,557,102,759,3747,0,5233,0,0,7544,0,648,0,0,0,0,1410,7987,86,103,14892,3383,382,0,0,4670,516,287,394,1229,8,8296,4588,46,0,0,0,0,935,848,569,674,0,0,63,1587,1050,0,8791,45466,1001,0,3,135,0,0,546,577,0,1446,0,23582,3887,20,975,1044,1022,18,664,335,2879,0,1925,27,353,4832,0,90,57431,27,8544,2135,2915,864,0,0,1261,0,0,39,0,13078,0,11126,0
266,685,5758,3918,69,820,600,0,962,58,0,0,269,0,0,0,208,1993,0,2563,958,355,2374,4308,647,821,136,17,3814,759,0,0,345,457,0,0,23419,2238,11880,93,0,0,0,567,567,1693,0,0,822,200,0,0,0,0,0,62,0,0,1022,0,0,0,2229,12,355,670,21389,0,0,0,15,0,500,1818,1449,0,0,32259,17548,168,729,5714,1823,0,735,0,3724,0,6156,45,599,2564,0,618,48743,0,2466,212,120,120,348,504,622,131,0,644,0,596,0,29581,392
267,5120,3503,8113,102,526,0,244,1100,67,0,555,889,1647,0,4640,264,5778,0,2976,5723,0,209,0,846,687,642,45,313,533,0,180,1956,681,1041,61,1292,5072,84049,0,0,7946,100,975,1962,1623,158,0,845,921,0,0,0,21,155,385,475,685,0,144,0,1166,55758,22,119,267,101109,0,0,1306,21,0,4124,1031,0,0,0,12983,11353,1195,126,410,610,0,651,165,441,1184,458,0,0,0,709,29,14966,0,465,922,513,0,183,153,423,170,254,8,0,11381,0,48,261
268,646,1547,2275,0,15737,0,0,6596,244,0,0,3739,9244,0,143,0,0,16,650,7797,0,9446,0,109,124,589,211,6475,0,1203,0,3699,85,0,0,2743,669,11227,0,0,4642,3,19,725,2912,0,0,764,35,0,0,0,0,526,781,0,35702,1571,0,0,326,205,86,784,2020,1852,0,0,6057,0,350,1456,1766,0,0,0,10677,878,0,0,0,2808,0,499,0,846,0,5870,0,3225,283,0,2006,7679,44,435,0,3099,0,2,245,924,0,182,620,0,84,0,655,2603
269,130,3810,944,415,14208,69,281,5920,89,0,0,7392,4621,0,32,1973,0,0,376,1178,0,7561,34,0,0,514,293,763,0,0,0,902,0,5153,0,291,1712,4573,0,55,6027,0,80,0,548,0,539,792,5,0,0,0,0,0,525,13,4609,0,0,0,373,70,0,688,1639,585,0,0,956,0,22,778,2158,19,0,0,8599,578,433,1464,819,13289,0,460,0,2777,0,931,0,1310,239,8617,1211,8195,0,996,0,690,0,58,95,498,0,0,1992,133,156,0,3814,566
270,146,3176,357,89,12276,0,299,6822,405,0,348,9987,5516,0,495,5688,780,0,1473,6409,0,1944,0,68,46,68,342,0,10,193,127,3568,245,712,103,156,1603,5091,0,0,11696,7,196,2904,387,0,0,648,72,2718,0,7,2216,558,2696,33,2369,0,1313,0,618,2377,173,117,857,6393,0,0,2531,43,668,7232,35,0,0,0,1696,563,2309,0,356,2570,1029,0,106,2981,44,0,0,0,178,27524,130,430,16,128,394,9768,38,16,230,0,2296,271,113,0,3500,0,0,5461
271,3278,671,381,181,16416,35,0,345,1036,0,0,13197,0,0,111,0,1122,70,1136,1371,0,13930,0,611,1545,22,278,2035,24,168,15,653,0,0,0,4939,596,0,0,0,0,0,441,0,331,0,0,4502,204,0,0,0,0,0,0,934,419,62,231,0,0,904,16,2187,20470,439,0,0,0,273,0,534,504,24,0,466,14790,4902,30,654,671,7225,0,711,0,6563,0,1064,0,88,5314,1948,94,117496,0,15280,0,5028,267,139,552,2621,0,0,13,0,349,0,37941,214
272,5904,0,270,17,17751,0,635,180,2873,0,0,15909,0,0,84,522,17309,41,354,3157,0,464,0,1212,432,49,166,896,18,0,0,2131,803,0,0,860,1571,4335,5183,0,18236,190,409,282,897,21,0,203,2286,3207,0,0,1433,3634,858,383,0,0,1084,0,1324,5953,9,1832,7766,5243,0,0,382,0,0,4501,27,65,0,0,8260,5129,96,341,18,92,0,1801,634,292,229,168,0,0,0,5839,247,17926,0,5959,4519,34063,239,39,2719,1844,221,0,0,0,58869,0,0,0
273,4792,288,0,247,16030,8,0,177,194,0,0,15893,0,0,30,0,0,0,573,978,0,16835,0,308,3651,45,157,1484,59,0,0,778,4931,0,0,25896,664,141,0,190,9720,0,64,4,0,0,0,4026,0,3738,0,0,0,3513,829,382,76,0,66,160,320,286,0,4346,35961,834,0,0,0,0,0,904,128,0,0,0,19268,5181,42,4695,1003,6927,0,505,0,1166,0,228,25,1114,3938,6772,1206,131930,0,6146,642,7991,656,102,0,546,0,0,10,0,878,0,22455,1359
274,589,3138,280,175,11100,65,0,3124,322,20,0,10662,13823,0,895,1440,121,0,3595,5732,3854,1166,105,144,44,421,639,3105,8,0,402,2836,58,1878,22,0,4968,3465,0,448,33942,21,743,10414,274,0,13945,303,131,1411,0,27,0,1014,988,56,2895,0,1141,0,803,1714,0,41,395,8200,0,0,190,31,136,17366,381,0,0,0,2562,248,1064,0,355,1328,367,131,174,3554,18,340,143,0,178,23594,370,1537,0,75,318,12278,0,19,105,164,125,0,301,0,1709,0,5,328
275,316,1397,900,318,15816,48,166,4789,69,0,709,7876,3066,0,0,584,0,0,439,2265,0,12404,0,43,24,197,543,10082,98,0,0,1485,10,204,0,1202,1506,4738,0,131,2782,9,0,1140,1603,0,0,795,10,1715,7,0,0,62,335,0,9099,328,0,0,420,175,91,494,1391,1242,0,0,1099,0,0,929,1614,53,0,0,19054,1036,140,8390,365,9333,0,1372,45,261,0,1889,323,1965,531,0,990,9112,0,1099,0,1325,198,23,267,1212,251,0,2039,0,45,0,1481,2333
276,4335,288,56,0,29222,13,66,409,721,0,64,18034,0,0,24,705,2713,0,1113,2696,45,6781,35,0,870,38,759,0,0,221,0,1551,3454,34,0,8921,1725,108,0,0,10108,0,685,386,1015,0,0,1452,1285,644,27,0,0,0,103,506,272,19,41,74,2079,192,1,7879,52776,783,0,0,0,0,0,1232,499,53,445,0,38660,3034,57,4512,1095,3051,13,4450,702,1609,0,3525,148,575,791,981,913,79552,0,7836,0,3340,0,166,557,529,0,0,48,200,4175,0,5314,0
277,5053,1968,4580,0,669,1082,7287,1043,61,0,84,438,912,0,0,386,787,0,2431,3306,0,1684,0,1285,1232,438,16,1561,140,64,2569,1129,147,1792,243,14424,1023,6727,29,0,5097,85,1024,327,4674,0,0,2726,488,1450,0,0,22,420,274,860,6671,4454,31,2679,202,7728,23,833,1567,14551,0,304,217,17,6,1831,6182,0,0,0,46027,18710,446,417,760,542,1478,2373,187,3344,0,6554,0,2388,307,0,189,52379,0,4078,0,170,11,349,86,492,290,0,847,0,1663,0,3614,74
278,7744,164,42,170,23504,35,178,197,1245,142,41,10445,3640,0,0,792,379,0,1786,2522,0,6840,7,0,3451,48,495,6160,61,836,0,1574,444,70,0,35567,4706,549,1352,0,6539,253,302,425,1015,0,0,3064,623,0,0,0,0,2236,237,550,460,38,168,0,2113,663,7,6348,32951,1003,0,0,58,771,13,1436,696,0,0,0,17389,3581,0,1567,359,1548,11,4913,20,1502,0,2001,128,495,187,0,189,134849,90,6460,388,6684,0,115,248,1668,880,282,27,0,23628,0,4002,103
279,365,0,1552,0,19031,22,361,5258,146,0,4660,3849,7579,0,38,606,137,0,4309,4939,0,2752,64,55,101,163,637,11251,36,0,714,2373,135,293,0,1359,1726,266,0,0,974,17,293,3011,5082,0,0,119,40,961,0,0,0,677,0,2,3880,362,100,0,411,261,0,654,2326,1472,0,0,2324,0,0,5745,2771,0,0,0,18285,576,159,371,1522,0,0,180,155,0,0,3638,0,1426,408,0,2990,8630,17,742,72,2114,0,11,199,1561,502,230,2335,413,86,0,574,0
280,2085,4255,4436,38,425,1527,0,745,83,12,901,154,813,0,1569,855,8979,0,3098,2958,72,154,0,532,0,496,7,914,596,0,1039,1285,70,3942,51,244,1910,24424,0,54,3792,499,421,750,2926,0,19601,507,1070,3012,0,176,56,0,500,1129,0,1505,88,2148,2639,56260,37,208,330,105086,371,0,164,0,0,6545,624,813,0,0,12898,9880,5830,369,657,298,899,162,1304,4357,1397,0,126,0,52,633,0,3859,250,2133,625,475,0,414,96,171,0,0,55,0,21485,0,82,137
281,282,2441,982,417,22095,20,357,9733,235,0,545,6600,5217,0,100,989,295,0,3175,3843,783,5526,0,0,69,206,645,1900,0,458,0,2025,38,948,0,2028,1824,6619,236,8,617,12,270,938,6121,0,0,368,40,3663,0,0,0,853,971,5,5859,1193,829,0,0,362,16,738,1775,1617,0,0,1651,0,0,1622,2452,0,0,0,11517,635,106,13010,156,2259,0,631,283,362,0,4045,29,5189,420,0,618,7382,0,1093,0,3288,0,0,90,1209,944,171,2340,586,124,0,517,133
282,7439,722,153,0,34096,40,0,394,3660,36,424,12367,0,0,113,218,0,0,1625,1233,0,7546,176,124,789,11,731,7004,0,60,0,1110,5463,0,140,9195,2461,543,0,1157,0,0,495,501,2283,0,0,6742,296,1075,0,0,0,0,207,385,129,0,0,0,1057,1091,15,1035,39107,301,0,0,261,0,373,585,339,10,0,0,27091,11946,11,1027,93,5073,0,411,946,3313,0,1408,16,75,5397,2156,140,118461,45,14088,1779,2569,182,125,427,4319,0,0,8,722,9019,0,15335,0
283,490,6455,3220,1829,8199,0,147,253,368,0,335,16267,35101,0,253,4552,441,24,0,3460,0,3569,0,183,0,342,129,5352,102,666,0,2464,16,1429,53,419,3061,95594,0,0,15725,20,199,6089,0,0,0,488,59,5117,0,0,1213,1066,1588,85,3696,0,0,267,596,1749,245,131,1055,3171,0,0,1050,0,1093,10489,0,0,0,0,993,959,0,144,209,1730,2447,476,757,4049,62,910,32,0,0,13853,1621,788,29,30,296,12039,388,11,520,0,0,0,0,78,1970,0,26,2449
284,241,3033,2460,136,10255,0,431,2578,29,0,0,3576,0,0,0,3518,109,0,1665,2276,0,7799,0,0,45,208,132,0,0,1135,0,950,0,814,0,783,2979,2878,0,0,882,16,416,565,1937,0,0,1166,8,0,0,18,0,161,466,0,5370,624,0,0,2015,229,0,918,2051,1056,0,0,0,0,78,2948,222,0,0,0,19544,425,102,379,730,3897,389,617,229,3329,0,1506,0,1470,79,12017,5672,12809,74,867,73,1075,23,15,148,1433,0,96,988,0,177,0,2070,748
285,3749,1785,1347,38,926,0,503,1683,77,0,98,191,0,0,908,50,2312,0,14022,4513,0,1298,0,0,2181,0,14,0,581,21,0,1243,54,441,0,9287,0,13642,113,129,4903,0,1155,586,1729,0,0,3143,390,0,0,39,0,1006,19,287,18289,573,32,0,3394,4011,0,1388,1498,24815,0,0,0,0,0,1276,2098,87,0,0,43870,9296,1555,639,1070,66,1222,1462,142,1861,0,21141,0,637,2970,618,0,44460,163,5571,0,94,120,0,252,364,0,1685,755,0,764,0,4967,0
286,488,2006,4297,1071,10689,35,0,5351,551,19,1612,7109,0,0,849,2969,407,0,2503,3319,0,89,0,143,9,128,600,0,187,0,0,965,34,3934,157,754,1450,115142,0,0,14232,7,1018,8895,0,0,965,65,130,0,0,94,940,909,2801,47,0,0,2745,0,391,2586,54,292,612,4988,0,0,2374,0,1037,8683,0,0,138,0,3999,60,272,552,0,137,973,0,1127,0,99,3570,0,0,942,39793,0,810,0,154,21,8043,0,9,754,118,922,0,283,0,728,0,23,5551
287,10690,2204,2325,61,864,310,0,553,80,0,0,382,443,0,258,0,1067,1036,6567,3034,0,2309,0,301,1468,690,21,0,831,30,0,1211,127,554,0,38926,0,780,0,63,5233,0,0,593,4748,0,18911,5660,133,0,0,0,0,1340,303,797,2648,1569,0,5521,3851,4344,21,556,1602,18487,0,0,837,0,0,164,4121,0,0,0,23199,4438,830,2602,207,202,750,300,0,1893,0,17129,0,1195,1024,0,0,68963,0,4840,268,177,675,0,129,1512,0,0,334,0,0,0,2522,197
288,4372,461,4551,83,661,0,2245,2748,51,6,0,620,0,6,0,0,0,0,2368,3908,0,1244,0,385,2074,978,50,3876,0,25,0,594,1296,1667,0,45275,1673,9453,0,40,6640,0,1441,123,11058,0,0,901,214,2387,0,34,0,2206,152,0,34080,484,0,2313,453,7575,4,966,823,17678,0,0,0,0,0,1307,7965,590,0,0,64780,16028,1737,1114,2452,0,1544,2627,66,525,2978,14622,50,860,195,551,169,25091,0,2537,0,130,509,0,0,485,0,826,865,0,696,100,3416,0
289,328,319,334,387,23484,292,0,4656,244,0,0,2655,842,0,0,709,19,0,2623,2228,0,7233,0,48,22,739,310,1083,69,248,0,2041,36,761,0,670,578,1509,769,0,8653,0,195,1050,3848,0,0,720,29,0,0,0,0,0,380,26,5274,0,0,318,121,89,122,663,1995,786,0,0,300,0,0,1996,1429,0,0,0,21324,620,162,3600,0,2276,1533,552,182,61,130,2989,0,372,283,3417,5057,7978,29,236,24,1375,13,0,217,693,327,608,1627,102,69,0,2567,1289
290,113,7706,421,1611,9455,0,839,2245,187,95,3455,3320,9844,0,870,290,1167,0,866,3946,0,2703,0,160,43,373,523,0,100,240,0,1938,143,2422,107,152,3138,112766,0,0,12908,9,58,6882,53,0,0,227,94,2163,0,0,0,397,1196,33,0,0,2225,0,0,3130,105,151,535,7445,5103,0,2821,0,0,8632,557,0,0,0,5982,714,390,0,0,3203,930,38,2192,2344,59,149,0,0,148,36515,487,253,0,82,280,7778,20,0,404,0,488,0,0,0,1541,0,0,1105
291,1640,592,1454,79,719,0,10107,1126,61,0,0,806,324,0,575,36,1477,0,4073,2672,0,1848,0,1125,1933,714,10,1605,115,62,4266,1253,265,2965,125,11591,1129,9966,208,69,1290,0,2320,433,10655,0,0,2202,50,0,0,84,0,1009,0,229,7195,2228,104,1173,2525,1862,6,1901,1689,16957,0,0,98,0,276,1204,5196,0,0,0,81292,10590,0,3938,4330,109,1419,1830,31,3993,0,5096,81,266,832,0,0,35113,0,1206,0,71,0,0,0,4587,107,1101,906,59,1614,0,2466,161
292,243,7034,1670,0,7196,0,0,3384,341,0,0,3445,41559,0,130,2861,659,0,542,4576,0,1077,0,67,34,52,129,0,0,802,0,3310,6,2262,147,114,0,41556,0,484,20842,43,390,3800,331,0,0,258,112,22024,0,0,0,183,2419,73,0,2004,1156,0,0,2245,408,64,84,7542,0,0,436,0,1949,13290,915,0,0,0,2151,277,2922,0,0,427,0,0,642,3439,123,229,259,0,326,15670,111,918,0,159,148,14788,43,14,0,654,2316,229,0,102,1917,0,0,40
293,6130,332,127,58,35933,28,386,841,1166,0,314,9200,4940,0,0,64,1802,0,1970,3835,0,3249,67,0,14756,38,793,1642,77,211,0,969,3331,193,0,69602,2669,343,0,272,5805,0,689,655,2203,0,0,608,1034,301,0,22,892,3038,467,450,31,2,142,0,2349,289,4,4429,65257,693,0,0,189,92,0,937,1250,8,0,0,23294,3846,0,2607,380,5564,9,2345,229,388,0,2572,143,140,1136,0,35,77367,87,8589,0,5786,0,15,277,1766,949,0,33,1147,9037,0,2292,129
294,119,2146,471,149,21766,300,357,7269,370,0,1712,4544,0,0,95,2511,167,14,2420,4444,0,4782,0,17,33,288,128,2625,41,2813,0,2876,26,3478,78,2077,1374,1013,0,144,1621,0,426,1542,1160,0,5903,1712,8,2741,0,20,1575,143,396,0,3860,4630,0,0,977,265,195,768,1741,1697,0,1276,540,3,26,1084,3490,33,15,0,23505,261,129,20637,637,1827,1665,300,101,577,80,6608,77,1649,414,0,1066,3695,0,1140,30,2613,0,7,0,274,1604,85,1249,152,361,0,261,360
295,3677,874,1627,100,545,0,3023,362,62,4,366,483,205,0,1836,262,3817,305,4739,4628,0,152,0,76,239,345,7,1544,289,0,0,1492,1490,2346,301,2253,2067,213561,0,0,11068,140,883,3098,1342,160,0,684,1456,1687,0,129,12,1764,136,2495,813,169,167,0,0,47923,27,164,146,88324,67,0,244,0,125,5175,537,0,884,0,11131,14532,16747,0,277,288,0,12,632,3308,0,689,0,0,594,68,73,8734,41,958,538,452,0,710,309,310,22,137,0,0,8015,0,61,227
296,1842,162,431,235,12795,0,439,102,3340,0,427,7368,18824,0,21,1893,12784,0,428,2606,0,1323,0,286,0,38,382,338,0,288,0,657,2175,204,2058,0,171,3532,0,0,30211,294,579,5217,0,0,0,648,5640,0,28,22,239,305,2486,2458,21,0,1409,0,2595,6019,0,1449,4045,7506,47,0,184,0,308,1850,114,0,0,0,5161,2140,779,0,69,1807,0,1054,1140,1211,170,0,248,0,0,2998,94,7298,0,3429,3776,28763,128,52,427,1496,0,0,12,0,35615,0,79,955
297,6715,386,179,0,13634,0,0,92,1992,0,668,6635,11388,0,127,896,14462,0,135,2148,0,2390,0,750,0,14,134,984,0,0,0,1136,1577,108,796,7640,0,4882,0,0,57413,21,0,2861,101,0,0,960,7776,4759,0,6,1304,937,3046,2419,0,59,1121,41,0,9739,23,968,7678,7289,72,0,545,146,23,4896,19,0,0,0,8517,1138,1023,152,107,766,0,438,3543,1827,71,95,30,0,998,2592,113,30742,0,364,11863,35154,0,67,245,281,1605,0,5,0,27561,0,0,344
298,3055,225,107,116,16845,9,31,106,2582,39,213,5022,520,0,268,357,7345,0,54,2978,0,2648,0,597,0,39,274,1242,0,200,0,575,6399,0,799,8657,1486,4616,29,662,17021,1247,454,4627,263,41,0,2073,4157,6094,0,116,1377,357,2323,2171,15,33,1441,0,505,8474,19,663,7367,8376,42,0,560,125,0,5517,331,0,1813,0,3438,1443,76,83,59,660,0,340,5463,414,380,43,0,0,42,4469,61,9910,7,1573,1601,40794,0,41,899,1985,232,51,7,0,35475,0,57,1679
299,2264,1998,5578,98,1019,0,10491,855,50,0,0,373,858,0,0,148,0,0,3044,5033,0,335,978,66,1008,195,23,1684,0,89,849,1788,1171,559,0,47651,1936,23773,0,29,1626,0,2443,39,5361,0,36890,2158,181,0,0,58,87,573,104,88,1715,1388,0,0,1127,2204,22,1725,935,13073,0,0,363,11,161,898,5036,2030,0,0,48408,13366,0,3760,1817,0,0,2625,12,2850,146,20246,0,50,0,98,15,19361,0,5064,0,29,498,161,76,1398,0,0,578,128,1142,0,1362,0
300,3921,966,2120,62,1314,4596,10441,2022,37,5,150,798,156,0,448,6,302,0,5413,6148,0,499,155,0,427,662,26,850,0,68,0,2140,945,454,85,20997,3897,22285,35,45,5477,0,1358,304,8288,0,0,2201,602,1576,0,196,0,1220,29,535,6700,2233,35,0,1073,4449,3,1128,1783,9277,0,0,515,6,38,493,5162,653,108,0,56094,12955,1185,1429,312,26,626,0,467,5735,0,20978,111,1977,641,0,146,24089,194,5778,0,83,0,247,119,1485,0,459,538,2297,1221,24,2107,33
301,3503,2122,5652,80,578,3743,8419,1292,33,0,92,259,0,0,0,94,898,0,3248,2890,0,1430,0,64,82,667,8,1484,539,10,0,1057,69,99,0,6330,569,10257,0,0,1635,0,1048,104,4552,0,0,2528,54,1021,0,0,0,588,25,76,1613,376,66,0,1491,1818,6,365,1848,2801,0,0,160,0,0,824,3165,0,0,0,54757,18931,1325,1420,8249,724,2498,820,14,2686,0,1659,99,0,922,0,672,54578,272,7963,0,92,277,0,27,826,0,0,625,0,2061,0,17294,265
302,5874,143,216,24,56588,179,655,903,2506,0,29,15097,2084,0,21,265,0,0,1020,923,11,5035,0,0,3148,57,395,1842,25,812,0,1092,1062,281,0,88429,6274,452,0,53,4564,0,794,469,2518,0,0,4398,573,0,0,7,0,3362,631,325,633,75,32,0,1155,326,4,5375,48029,345,0,0,83,0,0,659,631,10,2661,0,13906,3168,14,4296,902,756,12,4198,696,1981,0,4329,73,498,1937,0,334,43714,57,7028,0,3600,1297,37,0,415,0,41,36,931,12632,354,2472,107
303,3653,378,79,121,33185,5,319,842,1593,0,242,9882,0,0,72,159,1469,201,1017,4359,59,3984,0,863,6360,6,1046,6408,0,690,0,754,162,85,0,55217,2547,205,614,0,3197,82,381,658,448,0,0,5629,578,115,2,25,0,7810,233,79,31,187,698,0,1844,299,36,7704,38058,1080,0,0,53,0,133,1271,841,35,267,0,25069,3895,12,1938,154,1377,131,3120,534,2968,0,2971,39,149,508,0,524,63357,61,10309,0,3269,0,75,461,380,611,149,94,3692,11911,150,1586,127
304,4988,435,472,0,37049,14,0,158,255,0,175,17085,1447,0,62,0,0,0,285,2763,0,11437,0,101,3907,10,171,4094,0,0,0,822,2616,45,0,22656,1017,30,1098,111,3096,0,0,192,445,0,0,5438,203,0,0,0,0,1001,53,0,546,0,0,0,1092,626,22,3768,32399,38,0,0,155,192,0,693,304,0,0,0,36169,10700,0,624,858,3827,0,1270,0,3059,0,1924,183,543,2962,2104,448,104665,29,12822,2027,5196,0,0,0,3548,1120,26,6,847,1630,0,18040,0
305,288,524,1582,102,23901,54,339,5162,113,0,323,9831,0,0,0,759,52,0,2034,2284,0,1620,0,66,72,66,285,2102,0,320,304,1769,94,1579,2,3794,2712,6655,194,0,13867,0,415,661,2605,0,0,857,78,0,11,0,0,828,104,39,6492,176,510,596,734,46,151,651,2081,635,0,0,922,3,0,2554,4146,35,0,0,16430,671,249,13131,980,2290,562,2481,176,4884,0,3199,76,4391,91,0,387,4204,17,831,0,971,34,18,69,655,449,235,2565,0,327,0,486,120
306,1182,268,77,13,8683,11,24,71,1789,0,262,4327,12591,0,218,294,27329,47,199,1760,0,980,0,455,259,26,347,1393,103,0,0,382,2356,0,931,3139,3296,6095,0,0,21948,441,28,2835,6,12,0,578,4439,2172,0,5,0,506,3362,269,19,13,85,0,130,9025,28,797,4672,6249,0,0,169,313,3663,4510,112,0,0,0,3346,552,1788,0,41,1062,51,367,825,3333,33,164,0,0,37,2012,0,10557,40,2514,4155,32952,224,24,698,737,1221,0,0,0,29689,0,112,1860
307,6415,1746,2790,31,1414,2031,0,1478,26,0,306,950,39,0,0,277,273,194,6270,4335,39,840,0,150,1689,491,24,2571,0,8,0,1500,195,103,0,48474,4384,13514,36,22,2076,0,1947,48,5821,0,0,2767,282,0,114,0,0,593,41,96,13751,1122,0,0,2885,5721,0,1617,2030,18167,0,436,57,7,43,959,2361,1747,0,0,49973,13142,0,5331,1236,235,3698,635,55,3170,0,20467,0,1825,484,0,265,20581,747,5225,75,69,147,0,106,526,324,0,487,0,317,0,550,17
308,3147,103,193,0,30813,111,168,392,1339,37,160,8009,11475,16,49,355,3431,187,973,3230,160,5209,0,704,6500,21,568,0,0,0,0,1768,6825,96,190,64015,4545,370,0,0,8734,0,1913,575,3008,0,0,3898,391,0,24,0,0,1041,195,263,186,287,0,13,107,868,17,3708,53197,418,48,24,27,0,0,661,1515,43,1279,0,19811,3267,43,1132,518,768,35,2636,378,4117,0,8067,0,307,1030,0,0,63920,0,3676,0,7532,499,127,0,1699,944,0,46,0,9178,102,1856,0
309,3698,1267,674,8,844,0,763,625,39,0,150,429,0,0,243,24,744,144,4216,2218,234,854,0,352,1650,591,26,5544,0,24,0,1340,139,0,9,80414,1754,984,0,0,1382,0,1124,782,8787,0,2419,1396,437,469,562,0,12,339,104,799,8228,3810,72,0,3820,903,10,1265,1970,28107,0,207,556,0,0,971,4742,320,696,0,50837,23977,808,2757,3075,568,743,2960,455,3038,7056,25714,111,1179,1711,0,100,25339,0,516,0,130,0,0,153,2363,80,0,1132,118,1003,0,1210,0
310,5568,2505,1643,53,1068,0,6638,918,52,0,253,395,157,6,511,32,0,81,682,3275,171,662,0,0,1059,1124,15,1907,0,28,0,1273,0,3620,25,13682,5073,11547,0,85,2705,33,2146,229,7450,0,0,1962,128,417,270,163,0,873,40,0,35026,2866,0,0,3036,2330,0,1301,2195,16412,0,16,149,0,0,352,3467,274,0,0,59923,19152,1188,4197,6694,689,0,2513,196,3237,2567,15189,0,615,0,0,0,30862,1131,1045,98,125,84,104,40,1281,0,598,1137,659,580,100,1197,38
311,656,156,14,43,6890,9,0,208,1065,9,557,8258,12313,0,1213,406,23492,26,215,1800,0,3263,0,1304,91,13,510,144,123,0,0,620,5534,0,1289,2877,766,1897,749,23,32462,302,917,3703,101,92,2308,835,6603,7240,0,0,2177,0,5527,2312,10,5,603,0,339,6324,2,733,8189,5862,19,0,272,70,0,4864,204,0,0,0,5855,1526,875,0,25,1025,55,1411,2090,753,348,161,0,0,298,3842,22,8665,59,1347,3833,30589,0,0,781,576,0,0,7,0,125588,0,0,651
312,1484,4980,1980,25,560,2659,0,425,32,0,79,170,0,0,532,258,1061,0,5778,1826,0,1191,0,180,0,10,6,181,269,26,0,1080,393,2749,151,13537,3014,13342,0,25,590,0,682,71,4379,0,0,4639,332,0,473,0,0,943,25,0,10085,0,39,0,796,2692,0,1373,1412,22005,0,0,95,0,0,579,3803,0,0,0,81617,26057,0,777,6708,312,0,2833,0,4595,0,1193,167,958,196,0,0,28448,160,5800,65,65,461,0,153,1128,0,0,597,0,903,0,16103,824
313,584,406,883,168,23014,14,502,6408,137,157,0,10623,6810,0,130,876,93,0,1403,5174,0,3536,0,0,18,193,555,2302,0,2003,0,2856,136,1140,32,6599,1746,13527,0,0,14607,0,134,1164,4288,108,15863,148,11,2899,0,44,0,465,771,25,24344,2800,958,223,1240,296,80,460,1374,575,0,156,126,52,0,3417,2959,60,0,0,6605,361,588,3501,406,360,751,893,86,661,0,9091,0,4009,227,0,789,4532,4,634,29,1517,0,4,33,1076,0,1248,2448,143,25,0,60,602
314,268,3741,1631,783,5216,0,97,2141,177,160,2748,7670,6017,0,186,2397,1401,0,1438,3093,0,1800,0,38,28,123,118,643,113,0,0,2003,26,1112,676,315,2755,14492,0,298,22223,50,145,12571,567,0,0,315,117,4218,0,14,344,0,3384,88,4142,1831,5765,0,414,5094,767,358,335,12887,0,0,835,0,1100,23130,338,0,21,0,4035,281,540,0,88,710,1133,47,1566,693,89,481,0,0,0,9876,230,1884,0,146,318,18813,0,0,187,260,714,0,0,0,184,0,22,670
315,3146,1293,1591,199,254,0,1870,198,32,21,714,361,544,0,7661,71,11950,0,348,2835,0,289,0,337,972,264,18,1793,1075,0,1078,723,729,98,99,632,304,2955,0,80,11464,532,604,3162,2815,0,9777,441,3015,847,0,187,45,716,524,824,0,539,184,372,1085,96087,12,168,332,175344,0,0,700,0,749,7107,1055,0,523,0,9765,5021,28011,93,706,0,19,76,1332,3591,3108,2346,100,0,218,426,12,2827,461,1359,639,803,78,95,43,0,0,0,5,0,2903,0,156,0
316,4432,384,105,68,29112,90,376,558,1408,0,156,11708,0,0,50,364,0,50,448,2864,0,2660,5,0,1726,19,432,912,0,0,0,867,3355,0,293,106374,422,125,319,170,1268,0,599,578,2026,0,0,12030,881,0,0,0,275,686,341,347,14,71,0,0,1523,658,13,7161,36355,1040,0,0,0,0,0,674,255,20,0,0,25041,1359,26,3512,21,2065,79,3759,70,4973,0,9594,0,129,295,0,355,53361,65,5715,253,3855,218,74,0,1392,637,0,45,214,16629,93,2989,0
317,214,1671,972,513,4880,5,0,760,184,0,3827,1759,21948,0,946,2658,1715,0,617,2373,0,868,0,123,26,30,154,77,0,0,0,1018,44,111,55,221,1147,116833,0,32,18832,35,165,11669,527,0,0,299,186,7321,0,77,0,800,1838,45,1947,1154,1102,454,58,2118,156,115,401,10073,0,0,403,14,0,19351,268,0,0,0,4037,230,4052,1157,102,1563,0,110,904,70,129,739,0,0,67,15551,60,1370,0,320,128,16781,40,10,219,90,177,0,131,0,477,0,0,3879
318,4486,848,262,90,21792,23,83,140,403,0,0,2591,3017,0,133,525,633,109,480,1938,0,5233,0,183,2951,38,313,3114,22,612,0,1056,0,145,1318,9925,2484,44,0,1013,3346,0,299,605,1105,0,0,4119,226,1164,0,0,2039,1640,621,798,213,0,98,0,643,612,34,2361,35952,728,0,0,160,0,0,871,246,28,596,0,19238,6579,64,992,816,2143,22,4249,764,743,0,1983,41,344,1153,1175,71,94978,0,10357,514,4970,1310,176,652,634,1343,30,25,801,5204,0,33005,1542
319,1721,0,2716,60,846,0,2562,854,20,0,396,870,0,0,472,66,444,0,1514,3114,0,936,0,290,1567,302,14,3234,0,39,860,1290,1315,1959,37,65563,3005,8597,0,0,1082,0,186,171,4326,0,0,3491,41,0,0,0,0,234,87,0,17914,685,0,0,5908,5133,7,1375,1170,7844,0,0,130,0,53,748,6307,0,0,0,67895,9974,766,6446,7858,1163,0,1459,0,0,0,18591,0,858,357,0,363,20447,604,3914,0,19,0,581,118,2151,283,1608,887,1372,585,47,1472,84
320,6878,461,2629,29,1467,1688,3616,1644,26,19,10,231,0,0,0,14,546,154,6180,5080,0,1566,0,0,784,373,15,1212,245,34,0,1765,172,1428,0,56737,2032,0,263,23,3576,0,890,243,8646,0,638,1908,205,0,273,36,12,4825,20,0,10295,1991,6,0,5788,4731,34,888,1790,20138,0,184,44,0,57,853,4414,882,339,0,47188,11646,368,1135,1380,100,2273,1211,152,1102,1841,29711,45,2215,749,0,169,33017,63,3794,0,116,118,62,50,215,278,0,482,0,216,0,1894,0
321,2392,1816,848,73,1252,1460,4598,988,13,0,0,475,0,0,688,0,340,0,1535,1308,0,1743,0,376,2169,30,11,1536,0,34,0,1008,149,0,0,15037,1088,10363,0,30,763,74,562,444,3012,437,0,1881,111,0,0,88,0,2539,10,0,17827,1371,0,0,1682,6891,21,1158,1046,5493,0,0,0,0,0,930,434,2088,0,0,37285,31921,77,2202,11880,1885,0,1258,0,5000,0,4532,223,15,392,0,268,44145,208,3276,0,40,0,376,547,1116,59,0,630,0,506,0,15018,261
322,354,1451,2928,292,14851,145,371,3008,206,0,178,8728,0,0,44,881,148,0,290,3609,3238,2349,0,51,41,202,304,9876,0,0,0,1772,20,1782,42,5847,584,2851,0,34,6232,3,241,2219,1877,63,0,1077,44,0,0,0,0,882,567,7,29849,2604,951,377,1334,269,169,931,1195,1040,0,186,0,0,150,737,4504,70,0,0,19737,406,41,9541,1690,995,1528,1212,103,1034,0,11778,17,113,0,0,2248,3276,0,917,0,821,59,0,0,302,139,121,1707,0,87,0,784,632
323,3879,2080,4484,0,765,3063,340,1385,23,0,0,650,0,0,0,244,735,0,2862,2425,0,1653,0,207,158,131,18,3624,0,0,0,785,500,0,0,7733,3857,0,88,0,1868,0,720,886,295,0,24206,989,246,0,0,0,0,0,62,232,14518,0,0,3069,1620,8270,0,748,1027,10936,0,0,492,0,0,634,2514,0,0,0,34529,39956,385,527,12439,619,0,979,118,1208,0,5394,0,733,1511,47,317,36080,821,4043,81,194,166,314,55,1286,205,0,167,0,509,0,18126,105
324,113,1769,1349,165,5723,0,30,1393,193,0,401,1395,2194,0,799,688,1515,159,188,2101,2234,469,0,41,9,28,208,0,15,0,0,1222,2,0,232,252,2708,241099,0,0,17867,31,209,7251,448,0,711,241,104,28949,0,110,215,259,2117,28,847,40,5854,161,188,2528,286,149,421,4438,0,0,1178,0,22,13572,40,0,48,0,1937,142,3139,0,45,633,0,98,2043,1813,142,802,0,0,0,8275,533,670,0,148,218,12588,78,0,114,51,463,0,0,0,253,0,2,726
325,1424,331,19,88,13759,15,31,133,1566,65,385,6681,20400,0,1422,160,34928,0,927,1816,49,1383,0,849,880,36,206,0,122,0,0,924,1348,6,358,5647,265,2888,0,62,28751,1110,216,3916,486,0,0,623,3803,7388,0,33,89,1442,1421,1822,67,0,632,0,721,8873,49,677,8290,4607,0,0,410,383,0,7021,15,0,0,0,5961,1397,2026,0,128,1279,0,113,2935,184,372,174,0,0,265,6026,11,9041,0,3389,1711,53594,0,0,1191,0,340,0,4,0,18048,0,358,47
326,408,3253,1113,1349,19887,88,0,10418,180,40,0,3325,0,0,105,0,0,0,834,3525,0,4313,0,80,105,144,107,0,38,2657,0,1972,0,235,0,235,1383,2213,0,0,2614,12,429,1631,152,0,0,436,0,0,0,0,0,821,0,0,2831,0,0,0,28,244,0,589,1430,876,0,0,0,0,0,1308,1351,0,90,0,5955,1274,104,500,1012,5329,1277,339,0,10586,0,1812,636,4971,472,0,116,5767,31,752,0,109,109,0,63,335,0,0,1340,28,245,0,4014,105
327,5202,1251,4519,15,980,80,0,1550,48,0,87,556,0,0,0,71,298,0,17848,2890,0,1236,0,479,3848,857,15,0,0,15,0,1261,81,66,0,7425,892,22351,0,48,2202,65,429,314,4518,0,4212,2847,389,0,0,0,0,2061,169,49,4267,976,0,435,1059,1567,12,431,991,12572,0,0,352,0,0,899,1383,1356,689,0,49864,47400,251,670,6892,1338,4137,1462,77,5790,0,594,72,0,1026,37,0,37967,3073,6451,78,75,0,124,41,283,59,0,695,0,994,0,13878,451
328,1551,2619,2482,93,1396,0,10713,785,41,12,0,467,0,0,0,0,0,0,5152,3425,0,1062,0,0,63,352,10,0,636,0,0,534,160,0,0,21040,1808,7727,0,173,425,11,622,419,9913,0,0,1333,193,0,0,86,0,2125,113,958,10108,0,0,1077,2519,3262,5,1290,896,22207,0,0,128,0,0,384,2137,1276,0,0,12298,33137,869,1315,0,54,0,1777,175,7230,0,2794,222,2125,6802,0,78,38646,509,4793,0,42,717,256,28,0,260,0,396,0,939,0,15667,65
329,3170,108,19,122,15466,0,166,46,1335,44,589,3828,0,0,125,1556,29396,0,149,2340,0,2054,0,566,274,15,495,1670,30,0,83,1195,8100,102,405,3905,0,1180,0,136,13023,925,271,5808,226,0,0,1192,3177,2763,0,7,0,144,4534,388,0,7,181,0,683,7556,5,894,4294,6033,0,0,555,307,1133,6226,133,0,0,0,4893,356,1819,0,186,313,58,277,6275,0,146,189,0,0,0,4631,42,17226,150,2988,6590,44511,0,271,169,0,0,0,0,0,29768,0,0,0
330,2356,712,2856,26,879,11873,6609,932,37,4,61,424,0,0,253,74,308,139,2617,3214,0,732,0,291,888,544,12,154,0,0,0,1126,815,933,61,61986,1244,16642,0,0,1643,12,358,235,6711,0,0,1159,21,2637,263,24,11,355,82,120,8242,1721,0,165,1686,1353,14,829,1303,12507,0,0,0,0,0,822,4060,0,147,0,42920,5487,401,19880,3500,120,6782,2544,56,2164,1758,31375,0,378,800,122,377,15650,305,2716,81,91,191,0,0,360,29,0,191,434,497,0,1469,47
331,259,768,737,479,7502,0,371,1021,227,0,0,5020,24808,0,2195,3097,852,0,457,4188,0,884,104,92,16,133,178,816,84,0,0,1503,113,649,76,106,1276,126743,0,34,15134,41,127,10262,0,37,25,574,101,2563,0,17,2485,181,2464,32,3428,104,1351,101,425,2498,187,190,424,10026,0,0,987,8,272,15890,266,5,14,0,3211,302,981,113,346,948,366,28,1905,391,132,181,36,0,0,20681,268,526,0,148,215,14190,1,17,43,105,19,0,175,0,321,0,20,741
332,465,434,1226,0,17681,0,118,4315,94,105,182,3125,1992,0,15,898,20,0,1526,4836,2321,2290,0,102,47,163,361,1121,0,252,0,2082,439,980,0,8054,1133,209,0,162,5809,0,391,492,2683,0,0,354,15,0,0,25,878,367,414,8,1934,3251,0,75,343,195,53,312,2698,423,0,21,183,0,0,2814,3572,0,81,0,22689,437,150,9908,275,1022,682,77,131,1422,0,10100,92,7489,427,6853,402,3611,12,974,0,2476,59,15,0,199,108,89,1513,229,367,0,524,471
333,256,1927,395,432,13520,92,690,4972,195,7,94,5293,6045,0,21,0,54,22,1142,3874,0,2708,0,49,62,166,400,3547,0,30,0,2044,137,383,15,4668,1008,12864,0,0,2856,6,106,1415,2984,34,0,900,13,0,0,0,158,493,494,14,10211,831,260,28,358,279,48,1142,3216,461,0,254,1362,0,0,1535,2986,0,0,0,17168,285,108,18221,2610,259,374,768,100,400,0,10884,0,1885,758,0,1541,2806,8,164,18,1345,27,0,16,108,0,0,1676,0,85,0,219,129
334,2223,1590,2390,94,320,461,1382,585,69,6,237,238,691,0,1387,164,16205,59,2834,5647,0,106,176,542,624,419,23,423,393,0,0,1183,1396,0,964,1573,360,188089,0,0,5964,262,987,3690,0,0,0,1134,1330,23176,0,82,61,459,392,129,6503,263,119,0,3967,44661,12,278,381,185387,0,52,177,0,36,5360,972,0,0,0,7065,4949,9998,180,898,469,0,239,1377,1253,4541,1736,19,0,530,794,0,4413,49,1275,123,738,0,107,65,0,5,0,0,61,1488,0,45,191
335,481,836,810,187,23072,106,346,7267,196,0,399,9483,7883,0,164,1198,19,0,2055,5976,0,3145,0,0,33,306,498,5110,105,1741,75,3956,64,0,0,10542,110,2554,606,0,3107,6,317,835,2342,0,0,368,6,0,46,27,0,455,0,16,7033,1593,229,0,228,359,135,662,2026,690,0,231,753,0,0,5792,2929,10,0,19,13033,371,296,2334,1079,544,519,740,274,2417,0,10360,75,1821,41,4447,0,3031,15,248,0,3420,0,2,107,640,0,0,1203,0,204,0,405,1175
336,241,2214,749,0,21179,50,0,4695,345,0,66,4430,6203,0,0,943,105,0,1407,5022,0,3168,0,47,22,243,201,2544,0,450,0,3268,41,99,0,5401,4623,12998,0,0,7390,11,107,1237,3426,0,0,1338,10,0,26,22,0,0,519,9,794,1483,655,395,670,114,16,912,2122,845,0,0,787,0,0,1622,2823,30,0,0,18098,378,271,4486,426,3430,422,1634,62,3203,464,11587,23,859,261,0,665,2394,9,818,72,1044,0,5,0,315,220,3,2809,0,156,0,329,346
337,1981,4194,2366,142,926,1047,0,721,21,0,74,179,0,0,0,105,722,0,8987,2172,0,2357,0,199,1075,1373,13,1310,0,1,0,404,568,672,0,30210,1449,2932,0,17,536,19,860,346,5070,0,0,1233,198,0,0,0,0,229,0,154,0,404,0,0,1620,5787,3,953,1687,922,0,1122,249,14,0,671,3889,335,0,0,28378,33960,0,459,5192,185,0,1501,0,1055,9484,8194,0,179,5523,0,142,57330,558,3172,180,39,661,308,25,0,300,0,277,0,980,0,11724,0
338,2712,1742,239,140,302,459,10319,137,60,0,1103,232,881,0,4239,454,6032,0,5055,4597,56,193,0,226,244,74,19,2606,145,0,10959,1661,122,85,0,1736,1246,264757,0,51,11707,773,90,3194,146,0,0,473,1124,3537,0,0,29,0,416,1861,0,337,8,1498,1351,66824,14,327,235,61618,0,0,225,0,3384,4815,473,188,578,0,9194,4827,4124,28,1154,91,743,119,391,226,2868,864,0,0,0,800,19,4521,60,690,467,574,0,451,36,0,0,168,74,0,3209,0,0,143
339,6564,792,42,127,30574,134,0,570,721,0,128,6887,0,20,0,73,4835,0,761,1751,152,5715,0,0,4053,3,316,0,24,0,25,1207,3551,40,0,17667,2410,84,0,0,5459,0,620,856,1611,0,144,4233,952,0,0,0,0,999,845,0,479,91,0,16,596,713,9,4743,26181,207,0,0,717,0,0,535,363,44,0,0,15272,9545,70,101,207,680,0,4410,288,13474,1399,2299,150,379,8313,0,54,95344,307,7889,311,8255,2289,308,369,248,0,0,8,0,3221,0,20617,402
340,134,5652,4154,319,20648,73,234,5144,159,0,0,2295,1261,0,22,3467,59,0,352,3373,0,8154,0,0,198,0,166,2358,0,1378,0,1941,123,2795,0,666,589,11733,0,0,21567,0,0,0,126,0,0,510,0,0,0,0,936,756,524,0,2605,1159,0,0,677,412,131,540,1068,2367,436,0,3698,0,120,2066,2795,0,112,0,5658,1558,0,1189,470,2797,0,286,681,0,54,411,88,8814,978,22875,0,5503,0,1346,0,2047,0,47,0,735,90,435,1899,0,38,0,3080,4201
341,2662,527,1469,88,281,0,7438,674,48,0,524,199,1072,0,6638,322,10847,381,3835,2977,322,143,0,166,299,332,2,448,87,0,0,1011,0,230,93,6497,1213,424139,31,0,7932,345,457,1723,1722,107,0,1644,1524,7872,0,215,0,1074,419,843,10668,1100,22,0,2793,35341,24,361,313,111115,0,0,303,25,0,5053,248,684,0,0,11268,3361,17485,188,368,232,384,492,341,1253,1768,198,0,0,348,261,28,1952,0,329,290,573,316,138,222,0,0,0,0,0,1198,0,66,325
342,575,1081,1048,863,21587,85,67,12190,265,236,76,4424,0,0,93,1131,84,18,2170,4830,0,2354,14,43,22,187,298,7425,38,550,0,3529,148,1221,25,5581,173,4658,92,0,12094,0,228,1334,4172,0,0,1778,29,0,6,0,625,475,85,6,6002,2412,0,235,271,261,95,830,1973,987,0,324,948,6,0,3151,1063,49,0,0,3078,156,192,10347,438,3224,1398,622,397,954,0,14089,0,675,128,0,0,3077,6,774,13,1417,80,5,0,578,0,0,1737,214,137,0,391,0
343,5300,1032,273,42,50112,150,417,265,1778,0,0,5560,0,0,17,139,5545,0,1403,2286,0,8143,0,293,2075,7,744,0,0,0,0,226,585,40,0,9169,471,660,1119,0,3048,288,149,942,1269,0,0,3533,1112,0,0,0,477,4231,0,121,41,117,0,0,447,464,13,5460,28607,424,0,0,368,0,0,795,657,0,0,0,19484,9284,101,435,649,1991,20,755,707,7173,12,1575,0,167,636,2219,6,127767,62,8780,0,9022,333,35,1407,686,0,22,21,508,7472,0,16553,0
344,5112,290,57,133,12409,0,235,50,1977,0,711,6303,4240,0,1174,515,31464,0,0,2213,32,2240,0,271,1642,27,371,0,73,0,0,914,1567,14,228,0,502,6958,281,0,23944,395,476,4483,0,0,0,489,4251,14931,19,0,0,2324,1985,1486,41,9,194,0,704,9494,10,1261,13156,3171,143,0,129,0,532,3951,33,0,0,0,3693,349,747,0,189,1252,0,255,4633,1760,140,391,0,46,0,2742,0,3253,0,2039,2631,38609,560,0,33,184,0,0,0,0,19241,0,6,686
345,192,1896,465,207,4628,0,20,1027,238,0,90,2720,7967,0,2143,1692,1238,167,0,4189,0,698,159,63,15,115,167,313,0,92,14,1106,23,753,91,87,1183,129386,237,0,14050,32,181,8933,234,0,0,109,66,18249,0,22,0,473,1589,32,908,0,2485,0,401,3449,0,250,387,9735,0,0,1399,10,3065,15479,398,14,0,0,1767,160,1034,0,297,1026,0,27,1311,0,12,0,9,0,0,10296,0,588,2,169,34,11099,2,10,0,139,197,0,0,0,168,0,6,3530
346,3751,1018,4226,36,154,1765,2517,597,100,0,953,171,476,0,3213,168,15882,479,1031,4788,0,150,0,610,1190,170,17,0,569,0,0,1466,272,51,278,1421,2272,79874,0,22,11839,321,567,4201,2191,0,0,234,1381,9683,204,0,0,0,459,1098,0,168,144,847,526,82221,8,115,383,176349,0,0,735,16,684,8208,1360,0,1417,0,11106,1324,3325,188,82,628,0,192,1822,0,5353,1213,0,0,361,336,0,5247,0,1915,0,942,84,0,136,513,702,0,0,0,2492,0,125,79
347,4301,310,24,144,44403,32,70,589,996,0,0,3694,3888,0,15,43,0,0,1260,2236,70,4520,1,63,1414,38,628,5105,16,213,0,1395,2348,21,42,202625,1382,189,0,250,2759,0,530,358,2163,33,0,4744,333,0,0,0,0,1279,351,33,246,20,0,23,645,619,0,5298,26510,624,0,12,28,0,28,862,724,0,172,0,24006,3182,77,2792,177,2737,29,5064,102,2150,169,6950,0,147,1045,0,174,49294,262,1390,1275,3293,79,0,580,713,899,59,27,48,5015,0,7475,41
348,212,0,372,342,5952,0,0,2235,294,0,1204,3745,1259,0,1471,1766,830,0,509,6688,0,548,0,64,22,142,302,0,0,0,0,3181,28,2520,83,244,1209,113710,0,0,21503,11,191,11863,590,45,0,436,92,1612,0,0,0,465,1015,21,3969,978,5897,0,780,3829,139,196,366,7696,0,0,2352,0,0,10275,1402,0,0,0,3860,75,5540,472,89,841,0,160,1331,431,120,249,0,0,51,11015,726,321,7,316,72,14154,30,6,155,453,212,0,0,0,514,0,4,0
349,3093,289,52,64,43798,141,0,277,1231,0,449,13821,4176,0,205,175,2436,0,822,2490,0,4121,88,0,5324,41,338,3318,3,0,142,964,1403,67,0,74781,2291,502,0,171,7316,309,485,629,2238,0,0,5894,762,1572,17,0,475,2575,0,249,230,64,0,125,614,661,0,7864,50793,550,0,16,281,0,64,732,801,30,674,0,32176,4070,19,652,535,1361,80,125,0,6159,0,9543,8,195,2418,0,17,38199,0,7765,1052,3210,1383,40,600,1488,0,0,21,0,1420,0,2782,0
350,6678,967,442,81,45996,55,48,607,1213,0,0,13207,0,0,68,0,1842,0,1292,2187,0,9400,3,739,3711,8,452,1651,0,0,0,758,2609,117,0,27531,1215,253,0,122,6735,0,0,976,379,0,8997,5037,0,0,0,0,146,5242,1281,774,0,0,0,0,1898,608,9,4550,14785,495,0,0,16,167,203,283,561,1,0,0,13620,13319,155,631,261,1294,65,2743,475,4387,0,2376,147,219,3919,2956,107,76644,459,5605,0,9857,976,39,162,0,185,0,40,0,1335,0,27854,1088
351,296,2453,982,386,27155,347,33,9171,147,62,0,8369,8793,23,6,1369,95,0,2238,2608,0,3191,0,16,20,116,332,4016,174,1020,0,2317,5,2947,25,11367,114,732,299,243,2968,0,244,857,4807,0,0,1140,6,2016,0,23,634,904,569,7,11400,4058,0,0,415,283,124,1071,1414,761,0,991,315,0,0,938,4329,56,21,0,12463,245,75,7926,646,0,747,1434,222,3337,0,12137,0,2957,942,0,2725,4388,2,611,33,1017,20,0,29,133,0,76,858,0,5,0,184,966
352,259,1210,1230,1226,10781,0,498,2481,405,14,479,3660,18120,0,207,1917,1096,0,13,5797,371,1531,5,121,27,113,258,701,96,0,0,2261,323,1716,175,98,709,32994,0,30,31064,18,394,6352,1017,0,2091,580,109,2357,38,76,1425,338,2383,17,1582,693,1668,0,75,3140,113,145,876,13676,0,0,2447,7,0,16582,546,0,0,0,5728,174,1957,448,311,559,0,171,722,342,27,121,0,0,71,24464,107,663,0,210,120,14349,18,12,143,269,89,0,89,0,527,0,0,0
353,6249,185,291,91,41571,76,92,378,1309,0,34,15789,0,0,0,0,0,0,840,1224,0,8376,32,44,4159,24,560,1960,100,0,0,798,5229,178,0,7283,984,590,0,200,584,0,433,72,316,0,0,2614,1251,0,0,0,0,4426,85,367,0,0,0,96,0,640,0,2181,36257,503,0,0,0,141,197,1525,194,16,0,0,13417,9268,0,749,159,2525,0,544,1296,3928,0,2496,457,334,2673,1184,39,111357,0,5370,0,1269,1018,33,1177,0,0,0,8,0,1828,0,32007,510
354,317,1635,1463,263,25403,72,264,5891,156,0,121,7538,1211,0,0,1324,49,0,3658,2682,0,3046,0,24,23,152,263,5145,0,477,0,1979,215,1036,0,1731,2040,4504,0,78,4424,3,217,477,2395,0,0,323,12,2347,0,27,0,477,219,13,10123,265,0,0,716,428,97,928,1584,1422,0,0,258,0,0,1072,700,12,49,0,12490,1968,0,1291,525,2250,1120,1176,31,6677,0,3003,0,5034,169,0,0,4386,16,856,0,1662,86,3,187,721,0,153,2180,0,93,0,2483,2877
355,4015,372,239,39,62680,78,52,537,1263,0,243,7201,0,0,15,589,0,0,840,3636,0,5634,0,124,5111,70,357,0,0,234,0,1033,1379,0,154,25225,2071,0,200,0,10855,306,814,210,1074,0,647,5378,0,2828,0,0,0,0,1369,369,236,0,266,47,1158,148,5,5570,25633,632,0,0,492,0,0,1113,130,3,1221,0,18443,12337,136,324,326,1596,0,514,584,12060,9,4023,0,239,1529,1484,0,86056,73,6255,0,6571,1149,136,1242,936,0,0,53,0,6238,0,20792,42
356,1617,1222,1534,6,273,0,0,333,44,1,756,169,2436,0,3905,349,19810,97,3785,2085,0,297,889,1180,53,323,11,0,680,0,563,1144,702,765,340,1987,1211,391806,0,23,7365,446,839,1870,295,0,0,362,1650,4125,86,248,18,421,141,612,6631,0,31,455,4028,51793,17,138,588,132046,0,0,214,0,4913,5497,289,0,0,0,15450,6695,8687,0,3278,266,0,2,1686,3490,4865,1583,106,0,577,183,41,1209,202,1024,0,600,300,483,65,163,0,143,143,0,1704,0,17,31
357,5408,686,0,276,12329,3,115,246,2254,69,1044,7470,5058,0,174,1416,58253,43,643,4072,0,1078,0,357,467,20,343,1119,203,0,0,1397,0,319,775,4774,1429,218,0,0,25364,671,525,3258,876,0,2005,1128,5081,9405,0,16,417,2217,2626,742,4,29,716,0,846,4913,14,1151,10272,5269,0,0,195,377,263,5487,309,32,1214,0,4392,942,1372,209,164,2245,0,1124,3143,1625,583,481,0,0,399,4410,147,8232,125,2846,3297,40754,70,385,825,0,0,0,1,0,12715,0,108,665
358,3748,228,270,68,56646,75,190,625,1080,0,0,7909,2776,0,123,123,1631,0,1073,3710,18,5692,0,503,2576,47,564,2889,0,0,207,1529,3842,149,58,32279,1159,233,0,0,4453,478,277,159,1722,0,0,3652,450,0,0,0,0,1073,592,0,0,25,0,0,240,302,0,3454,39046,592,0,0,0,0,0,1088,440,0,0,0,21663,9634,0,248,633,128,14,174,123,17101,0,2933,0,734,1959,0,108,111071,0,8550,0,3499,1493,0,0,364,1301,41,35,0,382,0,8669,148
359,3483,2549,286,49,445,517,1571,136,89,17,0,238,479,0,3508,536,22754,54,926,3856,0,450,745,868,53,378,6,642,1277,0,4046,1263,887,672,201,1963,3386,330369,34,0,7828,239,1032,1499,1710,82,316,654,1052,1483,463,211,94,544,208,2140,1891,0,82,0,3706,41464,17,267,504,176303,70,0,500,0,117,5195,187,113,0,0,15857,6259,5826,288,668,9,850,506,1910,253,48,578,0,17,692,376,53,2973,305,2142,275,727,0,359,0,406,279,0,0,0,2246,0,17,181
360,4887,633,7661,13,1736,1185,1362,2288,54,0,37,532,441,0,0,5,1031,0,2883,3847,0,1559,0,0,827,523,7,666,178,24,0,1650,601,2274,0,24975,3301,22984,0,0,3658,38,909,435,7219,283,0,1937,21,0,0,0,0,2566,118,1260,3546,1081,0,0,476,8250,0,637,769,12860,0,0,97,6,56,716,387,0,0,0,37164,51399,1721,898,2218,461,0,540,0,19629,0,10113,0,0,938,0,68,50269,0,3653,174,75,60,0,137,94,13,854,1041,195,421,0,12290,29
361,2191,245,46,161,13834,0,167,270,1704,16,375,5613,8772,0,745,1085,34646,181,254,1831,0,514,0,517,0,27,282,405,0,259,0,645,0,0,652,1516,2875,5012,0,0,23569,1063,136,3457,230,0,0,2988,3913,0,16,6,0,419,2130,460,0,26,137,0,262,11303,16,2793,8478,8146,0,0,351,77,302,4667,150,16,68,0,4649,2503,435,393,71,1822,0,765,5860,0,242,261,0,0,317,1463,44,18304,0,1225,339,37600,144,72,306,217,0,0,4,0,13274,0,461,532
362,4784,2241,2753,4,961,1485,7465,1430,52,0,405,726,0,0,17,44,413,0,6590,1782,113,1367,0,512,1133,534,20,492,0,86,0,678,172,167,51,34460,809,14788,15,0,5835,0,714,765,7944,0,0,2369,594,3344,0,0,0,0,171,1222,5478,2883,66,3349,1834,6355,33,937,931,3782,44,274,211,0,0,1052,9147,2060,0,0,91581,15536,0,5738,2365,443,0,1188,164,2569,0,18308,27,1384,531,0,375,36909,136,3903,89,105,0,224,0,162,89,91,1134,1265,0,0,1041,0
363,4783,1688,1581,21,1081,4875,9741,1967,35,3,87,381,133,5,369,41,1408,0,14202,2666,0,815,0,177,449,773,7,2800,1395,68,232,757,877,1135,0,35469,1521,7441,20,0,977,128,376,766,2495,0,0,4017,264,0,0,0,0,1016,76,97,1857,1571,0,403,1684,3380,10,1444,1227,25888,0,91,58,0,0,771,3316,996,0,0,82493,11778,1480,3440,11653,164,998,439,250,2184,4645,17016,0,2394,1152,74,0,24480,954,6743,0,130,173,0,149,103,381,265,1074,0,214,0,3015,0
364,183,2558,762,222,5913,30,464,1719,317,69,1744,2565,3299,0,1016,1075,3591,0,1507,2444,0,193,0,22,34,107,66,0,89,0,0,943,22,1569,53,75,1504,70617,0,291,15370,16,147,8805,919,56,2958,580,95,1247,0,39,0,507,2097,26,0,110,2483,115,243,4117,321,313,984,6971,0,0,1157,0,554,14936,530,14,62,0,3414,485,3047,268,451,2136,0,117,1126,2173,207,303,0,0,146,20656,0,1058,11,437,46,13298,0,12,352,0,391,0,0,0,191,0,14,768
365,511,1838,979,310,20160,260,202,7774,181,0,0,9882,1538,0,35,979,142,0,1187,1451,0,1254,0,26,35,21,137,10709,28,687,0,1470,98,1783,0,2332,1043,13313,0,92,5401,0,0,1098,3054,0,0,866,44,0,0,0,252,625,0,2,1594,2520,1507,0,156,157,72,1212,1516,604,305,0,2321,0,0,4219,2647,22,42,0,18499,549,177,24997,344,2612,0,1694,149,697,0,7642,37,5529,126,0,838,4884,6,1015,12,2768,0,41,14,565,243,0,1791,0,140,0,278,422
366,5047,4742,4189,9,1484,1189,3116,1825,38,0,81,400,173,0,0,114,1148,0,6438,3049,0,1028,0,408,789,277,27,2101,0,2,720,1332,555,2608,183,32280,2523,7242,0,33,3245,133,965,41,2786,0,0,3710,587,0,0,0,0,1250,78,0,8101,773,0,852,2991,5489,13,918,1228,2155,0,0,50,0,0,1334,6820,1143,316,0,26014,63705,137,785,0,49,3040,145,192,16372,0,12649,1057,0,277,0,93,23279,0,514,0,112,162,206,300,217,0,424,1336,0,242,0,8549,126
367,218,5340,3166,51,21034,9,660,6315,30,51,923,5070,7296,0,0,1611,26,0,2324,3521,0,2784,33,0,47,343,446,2846,0,1653,0,1773,61,1399,7,3836,2446,0,0,48,6078,12,161,556,5391,0,0,755,20,0,0,0,0,155,61,22,23341,183,0,0,218,119,0,1035,1334,622,0,0,2874,13,218,2000,1739,17,125,0,20818,1489,149,6648,1203,124,287,422,39,1670,36,4814,0,0,2640,1035,3273,3722,14,1041,0,795,0,0,177,417,256,271,1964,43,0,0,1368,437
368,4979,4878,4825,63,1239,559,803,1368,32,0,30,408,0,0,149,15,386,0,2293,3046,0,1677,725,225,335,746,9,283,0,147,3458,726,625,638,41,29288,941,18403,0,35,323,109,956,226,6653,0,1696,1471,128,0,0,32,0,1649,22,24,1552,367,21,0,1062,615,0,1658,1089,8619,6,0,112,0,45,558,4435,1574,0,0,58483,49480,640,211,9784,952,516,1644,34,2316,0,11448,0,1586,695,0,402,33094,0,3988,0,55,738,479,264,1069,29,461,1262,523,786,0,7264,29
369,2927,1712,2113,19,448,577,2851,192,36,0,65,207,623,0,492,262,22080,0,1583,3689,0,153,0,478,148,0,14,648,0,0,0,1403,1171,802,218,2692,3515,235418,0,4,10050,26,743,3199,0,51,4816,928,1694,8294,0,0,0,19,489,1562,2199,0,8,0,3144,76397,29,84,392,151483,0,0,644,11,1793,6278,1384,0,83,0,18944,9589,3136,140,4840,748,248,331,401,2292,8425,526,166,0,0,232,0,5502,0,811,113,598,120,365,56,155,0,0,100,0,2034,0,53,47
370,1842,278,30,6,6541,0,254,80,785,58,426,4387,3813,0,668,1369,49218,0,57,1544,0,683,0,66,2179,9,275,0,0,0,0,728,5407,0,131,2579,1405,6589,0,140,38292,359,448,4788,260,0,8652,1108,4482,6061,0,62,20,0,4439,1042,18,18,299,0,164,6538,24,859,9765,5549,0,0,299,61,25,4425,8,0,172,0,4707,1352,855,357,308,757,0,522,4419,567,562,308,0,0,1185,2290,40,4882,0,1878,4142,40081,49,150,338,402,0,27,0,0,2029,0,0,47
371,5276,1683,4667,52,1839,500,10939,2495,43,16,157,284,0,0,179,221,0,0,2691,2363,0,598,0,57,365,1059,12,0,0,95,0,1130,87,2504,0,28944,3536,0,527,234,1383,145,239,410,11383,0,0,3100,328,0,0,28,108,461,29,204,22343,1880,0,608,2213,2031,0,1076,1002,16720,0,461,121,0,0,1493,4459,956,1837,0,73061,40371,2438,731,3262,333,0,733,387,4442,1409,19527,0,0,0,90,331,15785,633,5754,228,59,126,358,110,85,0,0,450,0,0,0,5528,83
372,5730,7703,7430,118,2080,1712,4777,1811,47,0,109,506,381,0,91,54,0,0,4774,2616,0,1030,0,0,54,271,14,1438,0,31,0,933,448,2178,0,37508,2111,3195,0,0,6699,9,902,0,3648,0,0,2275,13,0,0,0,0,1084,11,78,1101,1072,0,0,2460,3770,5,500,1078,11057,29,0,130,0,0,352,7481,2038,417,0,41209,61103,0,1744,3334,112,1010,1151,134,4941,0,17861,175,0,273,0,288,24520,0,3956,0,86,0,215,145,1602,0,448,1061,123,0,0,8270,56
373,602,1780,3903,57,1103,5526,2785,895,68,0,18,627,289,3,0,81,662,0,3775,1834,0,939,0,383,725,104,17,1357,187,7,0,607,439,118,118,63058,3386,25168,67,40,2679,43,1026,318,5898,0,0,1512,0,0,440,0,0,1001,96,183,653,833,0,0,1390,5134,6,851,1031,8767,0,224,69,10,0,504,2309,169,358,0,35709,11201,0,22139,2156,0,1504,366,93,3399,0,22854,20,866,112,0,87,50675,0,2485,0,98,267,52,56,514,172,1481,929,2519,0,0,1427,134
374,591,9208,2507,142,34367,159,1292,13589,133,0,0,3882,13385,0,0,362,196,0,1570,1945,0,3736,0,0,89,209,105,2053,13,427,0,2464,29,3200,41,5756,2900,6298,596,0,500,0,719,1320,3318,125,0,715,36,0,0,34,0,568,710,0,0,549,0,0,256,351,0,532,1762,1333,446,0,135,0,0,1159,5157,35,0,0,11497,2608,0,1093,732,4967,323,197,120,4163,0,8383,0,0,30,11062,1916,4310,18,553,76,1799,214,0,136,506,856,0,2348,98,50,0,718,1888
375,3147,868,811,91,399,909,211,346,67,2,549,313,620,0,6314,412,11238,100,3499,3891,0,342,0,161,0,97,24,115,505,0,1179,1214,664,912,271,2298,1829,170595,0,24,8773,424,1025,2784,267,0,444,563,1346,12515,0,147,21,49,619,931,4157,100,12,0,1511,51263,5,335,401,147642,57,0,385,7,85,5858,774,0,735,0,16836,5290,7111,38,3936,161,0,138,1343,1054,0,593,310,0,0,485,5,3735,0,1861,149,628,165,64,59,143,566,273,50,0,1165,0,130,145
376,2099,586,1311,92,430,1012,0,670,76,8,156,327,268,0,3748,70,25523,162,2382,3275,0,291,0,586,171,91,7,0,91,0,0,1137,683,1168,616,3398,1397,360176,0,16,9023,169,279,2403,2037,0,1653,253,1525,235,0,34,65,774,696,748,1307,241,69,0,1470,49357,29,201,369,90754,0,0,382,2,2182,4806,740,0,1141,0,6610,2452,19132,58,1260,228,0,0,591,1968,0,648,0,0,254,323,32,3866,119,1040,27,618,0,132,88,0,0,0,75,0,481,0,59,13
377,323,2451,1100,542,27038,0,215,9467,182,80,969,7215,16829,0,0,1330,0,0,65,4488,0,5117,0,128,76,258,90,5508,0,1621,0,2012,97,495,22,6392,1140,0,0,22,3574,9,81,1759,3995,0,0,949,32,0,0,0,0,0,283,10,11450,1682,0,41,949,369,0,734,1407,215,0,0,990,0,0,3336,4052,27,0,0,22137,762,152,13784,89,0,0,716,78,5323,0,9094,0,2287,79,0,151,5258,14,926,7,420,0,8,173,259,0,0,1260,0,29,0,302,325
378,4758,4344,5203,75,1747,1638,2601,1969,33,0,0,562,60,1,0,22,0,0,2145,2806,0,828,0,128,118,771,10,4485,145,32,466,678,177,484,13,74855,153,5490,69,0,1272,0,535,568,5974,0,0,2000,67,3329,0,0,0,1862,22,75,9955,2719,23,0,1996,5600,0,647,1129,11239,0,0,154,0,0,490,2801,1497,0,0,37764,29383,113,1452,2632,75,0,299,92,17072,0,22816,200,103,895,0,16,33422,0,1485,22,39,411,0,0,471,29,967,296,0,108,0,12253,162
379,3181,2678,1110,5,392,0,3990,436,39,5,568,127,1209,0,5803,18,8738,17,5057,4606,0,687,0,378,96,309,20,180,680,0,543,1687,936,763,171,939,2473,197948,0,0,11111,456,1256,2215,952,29,19879,1322,1376,1794,100,0,0,0,593,1988,623,1305,174,0,2075,34266,9,386,732,94380,0,0,644,0,2881,7913,0,0,0,0,8461,8005,20215,32,1113,126,0,203,1734,2285,0,0,20,0,0,252,0,2697,139,575,22,778,78,582,71,0,0,0,75,0,2348,0,125,161
380,3898,616,1898,127,919,3135,0,1656,39,0,0,753,905,0,120,34,1593,186,5044,2746,0,2176,0,177,662,807,14,4096,1123,18,0,1097,957,823,0,25232,1401,0,25,0,2993,55,1203,107,13657,0,15908,1629,556,1061,0,44,0,1294,47,85,3049,4412,0,0,4890,4675,5,725,788,21812,0,102,204,19,0,1185,4514,166,2155,0,45000,19396,499,6830,1775,509,0,948,102,2593,123,26148,0,767,893,0,173,74350,248,3761,50,184,247,255,153,56,0,1042,994,15,342,0,3762,0
381,5285,1783,3020,86,367,524,890,766,64,0,137,96,818,0,6621,221,4223,1006,5183,4809,0,657,0,810,193,676,9,113,1368,3,3626,949,1761,224,64,3494,921,41582,0,25,10263,246,1158,3146,2335,0,5824,1068,1816,2752,0,44,0,51,227,2462,1856,841,199,0,922,64093,24,476,679,166535,0,0,396,0,462,7709,603,515,0,0,19002,5807,3983,268,3316,53,0,204,1226,1469,0,592,381,0,138,403,3,4950,51,2067,0,833,474,249,163,65,0,655,19,0,679,0,8,80
382,3808,482,416,0,49765,58,45,582,1234,0,0,14739,422,0,94,177,2783,0,296,1216,0,7446,36,229,2371,11,254,3593,0,0,0,781,9076,15,2,110281,1962,13,0,0,4140,0,77,400,3650,0,0,3509,429,0,0,12,0,6526,0,139,53,31,0,0,461,311,0,6718,32296,533,0,0,128,0,0,1243,577,71,0,0,21708,9319,0,2872,128,2075,0,2547,173,3680,137,4782,0,0,2109,0,335,71692,222,8834,766,1024,600,89,1745,811,924,158,89,0,9269,0,7427,318
383,4147,1293,6643,60,804,1891,13324,1280,10,12,0,763,0,0,362,168,236,0,774,1782,0,895,0,96,898,672,15,3792,100,15,0,586,376,0,66,30478,163,8276,150,155,405,0,706,345,7503,0,0,3542,17,0,0,72,0,2205,194,470,257,1556,0,0,2185,7228,2,1148,1240,19619,0,100,190,0,0,550,5289,0,0,0,54106,72226,583,9592,2067,848,1739,1299,84,16526,0,14312,18,1617,1640,0,215,26416,0,5007,0,67,0,0,253,1691,0,773,989,121,660,0,5803,32
384,157,1527,331,77,5009,0,0,974,159,0,4760,2059,9763,0,859,0,3261,131,320,4327,0,629,0,18,92,198,112,3510,45,0,0,2546,57,598,49,110,1324,110764,197,331,17061,23,158,16372,403,0,0,20,71,18350,0,10,1197,91,3116,65,2142,332,2199,288,724,2361,82,258,769,6870,0,0,857,0,53,14396,0,0,0,0,5248,218,3545,548,502,2010,711,125,2039,136,0,781,37,0,0,7114,553,754,12,239,8,10978,83,1,195,73,0,0,0,0,71,0,0,727
385,205,1287,782,306,4470,0,309,1439,230,0,3424,2151,21871,0,1338,2026,620,102,442,3685,0,434,0,34,3,95,126,927,136,0,3015,2483,293,1407,138,203,169,191226,0,0,12614,33,189,11881,267,0,0,417,88,815,3,5,0,534,1060,30,133,0,3573,0,289,3805,185,216,648,4125,0,0,900,1,1213,15344,554,0,0,0,4459,123,1539,111,274,1434,1294,124,1967,356,136,170,0,0,0,18322,0,1381,3,0,6,9629,101,2,88,0,0,13,0,0,86,0,13,1335
386,6961,1489,413,176,54264,95,297,921,1499,0,71,7398,0,0,38,479,2043,0,922,2445,0,6634,52,414,282,25,647,0,0,749,0,679,1395,35,0,71317,1498,111,187,0,3238,0,445,498,533,0,0,5814,685,0,0,0,0,1891,585,0,231,99,0,24,125,980,7,5044,27204,745,0,0,93,522,0,621,494,0,0,0,6781,11713,34,8899,196,1080,43,362,34,7133,0,5971,0,250,6402,0,283,76101,350,7101,0,1899,0,0,690,1206,0,0,47,123,5508,0,5419,0
387,8586,1350,2201,0,840,1106,1585,976,68,24,437,1005,123,0,625,37,1234,0,6322,3408,86,1884,0,283,1297,0,20,906,0,0,0,1258,530,0,0,26221,585,15251,0,0,3518,25,296,771,7811,0,0,1286,244,836,0,183,0,474,298,422,4430,2485,101,1450,505,8996,3,1090,541,21722,547,204,51,5,0,2563,2539,0,153,0,39812,15908,754,1240,0,336,1514,1268,98,3805,673,17166,0,815,0,0,80,59069,0,3499,54,140,0,37,38,1963,0,0,532,0,1217,0,1458,57
388,338,4008,833,115,28313,100,342,13859,223,0,510,7005,1132,0,13,0,0,25,2253,2181,0,3625,0,0,19,124,579,5918,76,0,0,1436,46,0,0,1830,2000,0,60,0,4585,0,349,640,2263,0,0,1148,71,0,0,0,0,694,514,0,16562,1399,1339,61,310,57,176,708,1441,576,0,0,723,0,0,2808,3672,23,90,0,13816,2618,0,3821,608,2147,0,1668,19,4096,0,6881,0,0,0,0,2456,3783,0,859,0,2802,38,27,53,353,257,0,3674,0,20,0,870,836
389,3341,834,46,103,11642,2,64,219,1816,11,146,4791,15744,0,685,985,28278,151,216,3609,0,372,0,401,0,24,375,0,38,117,5,1725,11912,26,2104,1652,1756,5872,0,0,22568,714,355,3163,13,0,0,727,2847,2436,0,42,0,1045,2923,2283,43,0,178,0,938,7648,40,2563,17720,5411,31,2,181,0,947,3971,156,0,0,0,5781,1407,371,523,158,248,31,970,1463,1684,256,606,75,0,166,2713,0,18470,0,3179,599,41986,1335,171,982,68,10,20,1,0,6027,0,0,267
390,1096,3052,2621,51,1377,894,2657,1187,39,3,39,323,737,0,1024,149,1792,0,274,900,0,839,0,801,167,1068,15,1021,0,0,0,1082,593,419,51,30869,1531,29463,109,0,2815,0,4072,447,14565,0,0,2914,0,0,0,0,13,502,264,298,1105,1099,0,0,4216,3455,9,786,913,2828,0,0,234,0,0,1162,4227,0,0,0,46410,43592,237,3074,7955,327,0,2981,0,14994,0,7535,0,755,1022,0,32,42776,245,5638,450,126,0,46,189,140,0,0,1337,1185,0,0,4340,9
391,190,3271,5569,605,25297,89,428,6924,162,0,2644,8135,3968,0,112,2016,15,0,941,1455,0,4369,0,126,46,271,330,1763,0,533,0,766,69,3890,0,3151,6694,7375,551,0,8442,0,37,2432,1527,0,3275,669,26,0,0,0,0,1632,522,22,6429,1650,1534,407,392,348,245,1452,1909,627,0,0,0,0,0,3161,3728,73,0,0,11022,1515,217,3144,1452,533,2037,215,315,4296,0,3692,59,4363,183,0,4892,4713,4,147,0,1978,38,28,0,0,0,0,1698,0,34,0,807,152
392,3093,177,61,23,9894,6,57,175,758,31,545,4106,0,0,328,793,43988,0,265,2547,0,1551,0,364,1568,7,91,19,11,38,6,979,4977,91,409,2006,641,10182,0,0,19652,430,235,1684,184,0,0,1068,3286,3576,28,17,124,1091,1888,2005,53,0,1017,49,871,3848,6,827,16922,2456,0,0,195,0,163,3933,146,5,0,0,10613,983,1162,66,282,159,0,359,4593,159,204,367,47,0,216,2728,14,13716,43,3204,377,33212,93,161,726,80,0,0,1,0,3018,0,99,370
393,352,4346,3557,73,26737,6,236,5290,279,0,278,11631,6333,0,36,2094,25,17,1403,2049,0,6253,0,58,82,258,285,7253,0,670,0,917,63,0,55,4385,3163,590,59,88,8048,4,79,1114,4888,20,0,805,41,0,0,27,75,17,1462,36,2147,4051,1080,0,533,225,44,771,1796,1046,0,0,122,0,0,1461,3637,34,0,6,19018,526,83,5048,198,7669,0,166,84,10617,0,5576,116,301,621,0,3226,6939,12,847,0,3334,71,49,160,1123,183,544,2124,0,41,0,285,383
394,8361,162,82,0,35699,43,101,0,1435,0,0,4457,2612,0,0,0,0,0,1118,866,0,3811,0,690,1464,130,263,0,0,0,17,872,2979,35,0,47234,0,0,0,102,9490,206,308,283,1385,0,0,2413,650,0,0,0,0,6008,591,0,0,18,0,0,1777,374,0,8174,20754,120,0,0,0,0,0,1024,343,18,0,0,46474,10010,62,2614,1839,3699,53,4904,155,15511,0,3100,0,829,1594,905,37,93372,605,17559,550,11598,532,174,641,5806,0,0,85,0,2274,0,2427,863
395,330,4207,1582,89,21956,143,199,8861,219,0,2040,8150,8712,0,45,637,211,0,2604,2268,0,5839,0,0,58,216,211,1004,0,1351,0,2111,12,353,127,3049,1607,11392,0,0,17245,22,524,1304,2783,0,0,1241,17,901,43,0,0,3383,604,0,18837,1243,0,0,303,34,0,605,1656,1533,0,0,293,0,35,1537,3743,29,0,0,11554,1555,213,3089,2918,5662,309,659,544,1733,0,4862,0,0,421,0,1031,5043,0,652,87,2415,64,7,22,1171,293,327,2834,42,102,0,709,379
396,6929,595,206,9,45128,22,0,624,683,0,31,13957,1829,0,15,870,0,0,1032,1535,40,6886,0,220,1812,44,84,860,20,964,0,1000,5984,0,0,25901,368,152,0,0,22423,175,214,704,910,0,0,3523,1106,597,0,76,0,867,230,164,7,50,0,0,215,178,12,5321,42288,1056,0,0,13,0,0,1376,642,28,1034,0,25960,5575,126,2131,286,2622,7,2774,909,3573,0,4088,150,316,2137,0,408,113541,133,5296,1465,2806,0,222,520,2081,1169,0,77,501,3042,0,3500,194
397,1217,1531,1119,9,282,0,1691,511,72,0,866,159,1246,0,659,339,16275,0,484,4010,161,494,0,685,217,203,15,0,534,5,0,1524,1083,421,462,3959,1450,370911,0,0,8767,83,612,2671,2071,262,0,973,1295,18156,0,78,0,824,208,674,749,0,24,0,1285,24247,32,279,474,167090,0,0,552,10,703,7006,815,0,0,0,16843,3978,6876,8,644,14,0,661,1376,1270,0,752,166,0,764,463,0,4153,0,1018,0,687,611,51,304,189,27,340,0,0,505,0,485,153
398,4069,696,213,124,13831,0,421,217,1630,44,347,4567,6698,0,369,958,38541,0,716,2742,0,1658,0,604,0,27,229,238,21,19,8,950,14742,97,214,4158,339,6534,0,96,24176,1216,549,2011,348,0,0,1647,2871,4617,0,29,349,81,3552,2034,233,7,126,0,797,5097,56,3439,14079,2081,7,0,370,115,1423,5403,144,0,0,0,6846,1541,815,510,132,1267,24,889,2245,1389,0,321,106,0,94,4609,13,11562,0,844,463,35770,0,91,486,3,0,53,7,0,3083,0,187,444
399,3334,1050,2792,163,2384,3835,5386,2623,46,14,181,616,654,0,0,15,4762,0,1571,2604,0,1866,388,288,469,131,12,596,0,0,0,438,24,394,0,43864,1680,1119,40,34,5265,0,576,314,8676,96,0,2299,56,0,0,0,0,473,31,75,0,3577,95,0,2056,5328,5,116,887,7903,0,130,0,0,179,967,6151,329,0,0,50999,38916,526,1278,1127,632,2736,1707,26,11003,0,19101,285,252,2924,0,0,42104,220,3167,0,54,0,32,371,913,267,792,1153,0,178,0,1277,65
400,6922,633,146,214,43999,26,0,442,1487,55,25,17252,2974,0,0,0,2191,0,1310,1563,41,6616,0,618,3306,7,324,2158,32,50,34,477,1707,65,875,40816,988,542,1053,319,13243,0,631,1528,1957,0,4174,5016,543,0,0,0,0,5368,398,906,119,245,81,53,0,968,67,4704,26877,1093,0,17,116,294,0,1488,981,0,1410,0,17840,8907,0,1815,351,969,0,3934,69,10293,0,3352,0,669,1223,0,517,63755,156,5892,0,7400,0,0,378,2109,2203,0,62,269,4257,0,3341,0
401,8984,2050,8662,41,1196,1755,7802,961,43,0,91,291,777,0,201,0,1397,511,8089,1707,0,1273,0,571,489,292,11,3024,0,136,0,1624,295,0,0,32093,1457,1432,111,98,1672,0,801,175,5130,74,0,1979,127,0,0,0,0,109,156,405,8305,2802,0,0,5673,3639,28,1199,1219,6064,0,0,0,0,0,896,6899,269,0,0,81137,26861,931,1772,6676,0,0,811,0,1302,0,8665,0,0,467,0,455,41090,98,5788,110,361,0,0,487,648,0,0,852,2016,893,0,2671,64
402,2755,74,72,105,13766,10,13,172,1841,0,356,3911,901,0,645,423,50317,40,354,4705,0,1191,0,698,1713,11,644,722,0,0,14,1084,1433,0,2285,9389,893,670,0,0,14400,983,657,4602,324,0,0,2032,3093,9244,0,7,0,2071,6122,2174,773,3,273,0,441,9953,11,2249,18095,4223,0,0,175,146,2557,4861,178,0,732,0,11478,1386,494,112,220,697,0,1541,1091,1456,0,524,144,0,0,2966,0,9843,21,4532,505,36748,0,203,158,303,511,27,4,0,551,0,0,431
403,310,3481,2968,0,21205,45,380,3558,214,0,0,5106,0,0,73,43,20,0,1665,3239,0,6519,0,12,23,413,522,8241,154,0,665,1880,51,0,40,2854,551,3553,0,88,4667,0,136,1899,2205,0,9759,576,19,810,0,0,0,1239,1200,6,35008,1651,405,0,632,238,0,912,2046,464,0,0,582,0,0,2653,2565,80,0,0,14650,1105,204,1080,1321,429,1370,471,0,2935,0,6690,0,2236,63,6312,2710,4064,19,474,0,920,9,0,33,1183,0,0,1515,33,119,0,330,414
404,3526,3270,3850,48,1234,22,7684,1649,59,0,126,547,0,0,128,11,0,0,14095,1454,0,1394,0,108,217,305,8,0,0,46,1179,922,589,90,0,52531,5597,630,55,20,3559,0,353,507,6012,0,0,2870,33,452,0,0,0,2199,32,424,13149,3730,78,0,3897,10281,5,1488,1146,6205,0,0,426,47,0,677,7262,0,0,0,55485,33980,163,1192,3907,7,0,2620,109,290,343,13530,45,307,219,452,163,28593,997,5063,0,91,590,300,103,676,507,0,1300,0,649,44,601,19
405,7685,637,613,0,47578,25,443,535,1952,0,117,14828,1744,5,35,519,6089,0,994,1868,0,4349,0,0,2599,13,534,10241,0,781,0,764,4744,0,171,17054,661,480,0,221,12364,90,1271,643,1544,0,0,3377,1156,0,0,0,0,500,1280,226,154,221,0,0,351,1551,0,7008,24378,924,0,0,133,0,0,1192,773,5,0,0,32278,5350,34,888,459,0,0,1548,355,2955,0,6555,54,0,3197,0,138,113426,0,4358,0,16596,0,97,1894,589,2083,0,31,105,3783,0,1954,112
406,1436,245,1464,0,1187,4291,0,1435,15,0,106,293,618,0,419,58,0,0,4513,1094,0,828,2211,78,169,558,15,1526,0,0,0,537,534,1107,350,20384,2357,30514,0,0,2030,0,333,340,9588,0,18063,3199,592,2342,0,17,0,491,34,205,1118,3517,9,0,5447,9001,6,825,2137,10436,0,0,395,0,0,1064,4428,634,0,0,54468,12459,968,7622,15706,139,1246,781,146,6090,0,9668,121,0,332,0,366,28020,0,6694,244,87,0,292,279,533,300,999,1286,103,325,0,3755,0
407,274,1583,1140,68,10080,0,118,545,232,0,6269,4046,13606,0,196,350,1611,0,720,4816,0,647,0,55,1,92,257,2249,8,0,0,2046,107,540,135,270,725,25706,0,0,15712,44,382,11423,352,0,0,811,94,5951,0,20,0,279,1622,25,3705,289,2761,0,1101,3349,221,186,1183,9340,6752,535,1441,7,17,19188,18,0,18,0,6093,224,4064,434,219,860,1110,307,481,2782,250,1167,136,0,156,22937,0,1063,5,277,132,16474,95,24,264,288,0,79,0,0,66,0,27,210
408,847,2394,1646,97,499,621,6228,345,74,7,221,61,784,0,2881,118,9932,0,0,3118,0,65,0,294,56,664,8,523,202,11,0,1427,479,153,573,3494,581,195796,0,26,10717,538,691,1555,1587,96,0,1840,1874,7247,0,41,74,1584,456,2617,3275,1182,251,0,495,46918,35,572,472,141539,77,0,572,4,0,7683,411,0,796,0,12590,8595,17745,143,110,228,1383,39,391,3227,0,2467,517,0,32,1117,5,4492,0,1669,90,692,93,158,129,316,129,0,55,0,416,0,51,62
409,2206,306,64,107,38034,54,430,343,1999,0,110,2628,13679,0,109,259,2414,328,492,2373,0,2650,0,56,2758,46,711,908,0,0,55,694,694,0,360,44163,2118,871,842,0,11180,102,0,340,2020,11,0,6304,1024,1544,0,0,0,3923,1731,814,294,34,465,171,814,935,32,3302,32884,1020,0,0,112,0,0,377,721,15,0,0,20384,2897,0,714,264,572,0,7292,315,3337,0,3082,0,0,2173,708,454,81160,66,15150,0,10949,1659,0,168,1449,0,0,79,0,3257,0,6932,81
410,5439,777,63,103,45927,26,44,268,1314,71,468,9690,738,0,20,416,2853,0,2212,622,0,5315,0,116,6301,10,485,972,12,0,0,957,172,147,192,62926,1982,0,0,190,7890,0,276,445,528,0,0,4147,802,0,0,8,0,3041,1246,542,492,62,0,0,710,719,0,7213,46575,1419,0,0,0,0,137,1314,1123,92,0,0,33818,4872,19,2063,711,645,0,1346,112,6266,0,3516,0,71,343,4941,1053,70574,0,7266,2688,6526,0,89,967,386,2441,0,68,42,3367,0,2182,402
411,2612,1326,215,56,242,466,0,397,51,0,21,143,187,0,1977,624,16859,606,696,2052,0,149,0,662,289,73,5,1223,154,5,0,759,952,1865,615,11584,216,412272,0,0,14100,83,466,1698,1649,149,14168,451,1617,302,0,43,22,120,617,659,967,1521,126,0,3442,60469,17,202,404,144597,0,0,622,3,101,6399,407,0,0,0,19849,6035,10063,216,1511,134,0,550,475,2364,0,450,139,0,0,241,39,4135,0,939,193,901,238,405,41,0,0,0,25,0,11,0,177,33
412,263,2149,1227,508,30317,28,0,12290,180,131,673,22685,0,0,169,1103,74,0,2558,2414,0,4609,23,96,25,229,381,5473,0,109,0,875,117,635,293,2688,2486,16491,0,36,1407,0,288,1134,4583,0,0,1295,14,1214,0,0,0,810,112,26,0,410,115,408,726,442,38,569,2243,449,0,242,632,0,0,2563,1732,43,0,0,19068,724,0,2834,295,0,0,812,24,4830,0,5016,0,0,32,16716,2302,4172,6,1249,0,2081,210,0,147,470,303,0,3555,0,194,0,357,278
413,2346,655,161,189,49285,30,811,672,1798,0,0,8878,0,0,0,814,771,0,548,1233,0,11426,0,491,1645,11,707,1549,0,1039,0,601,863,0,349,25223,3013,0,742,0,9827,330,740,373,1450,0,0,4974,651,0,0,0,0,0,1193,753,380,0,0,0,2166,462,0,2737,35752,415,0,0,206,0,0,1628,562,13,0,0,25672,9742,43,912,1896,1447,31,3575,495,3982,207,2409,0,0,1088,0,747,89574,19,11419,717,9149,936,209,930,4273,2379,0,42,228,0,0,1226,78
414,4698,441,89,176,23856,0,154,190,2049,0,424,7452,17934,0,736,205,37212,88,695,1996,0,2399,0,900,2169,20,86,0,91,0,0,797,1219,39,1883,3217,0,0,0,126,21731,1298,896,3816,184,46,0,6341,4749,5136,0,4,0,948,2343,863,202,57,51,0,856,7549,28,4751,19493,6859,13,2,282,292,595,6933,155,0,0,0,6544,1418,1181,1166,427,1073,9,2967,3852,5597,0,442,46,0,181,2355,0,21578,54,2772,302,46879,159,242,841,49,0,141,4,0,2352,0,174,178
415,4818,386,327,38,56331,120,0,945,804,0,0,13618,1299,22,35,692,2010,0,3114,1034,0,8250,0,0,742,18,893,5700,0,0,0,685,1936,88,200,58522,2623,391,0,0,4895,0,153,0,1176,0,0,3691,0,1618,0,0,133,2656,855,0,609,170,98,18,388,1280,0,3741,30731,1212,0,0,149,0,0,726,560,31,0,0,24336,8509,11,802,387,2921,90,1771,187,6299,0,2981,0,0,4910,0,0,80987,933,9250,0,11026,239,0,1414,1309,0,0,58,0,3500,0,1891,1830
416,249,601,893,86,5853,0,297,2239,300,0,0,3048,14391,0,458,3312,338,150,820,3461,0,527,0,72,13,107,102,5219,49,0,500,1716,13,730,208,204,3012,129133,0,134,24013,39,285,9529,0,76,11522,811,118,24627,0,16,450,177,1885,25,4127,236,3146,0,100,2601,345,311,670,8793,0,0,3502,5,144,15911,333,2,0,0,5518,190,620,354,924,865,1283,73,1781,1389,0,613,57,0,83,14774,181,446,0,410,138,15457,12,3,125,151,0,0,136,0,10,0,5,491
417,1101,184,116,131,9163,12,64,82,1002,0,597,3032,6337,0,210,159,28775,0,0,1725,0,1069,0,588,0,16,321,0,77,0,12,737,1779,98,393,10722,671,10529,0,425,15799,243,382,2338,183,30,2213,1583,3306,2948,22,25,218,320,1278,988,35,26,127,0,432,5663,58,629,16002,6391,16,0,275,368,7,5206,139,22,0,0,8009,1462,810,450,265,981,0,525,1585,996,0,128,55,0,546,775,17,3437,50,4613,2827,42267,592,163,279,0,0,0,1,0,2971,0,488,73
418,4500,553,258,61,35717,68,63,437,1016,33,62,15894,1459,0,39,627,405,0,965,1907,0,10008,0,127,1860,33,441,839,58,0,0,651,1202,137,0,5159,739,377,0,321,2571,625,326,607,1413,0,0,5209,1467,944,0,50,0,1209,688,549,247,0,0,0,259,1282,25,4438,11259,572,0,0,226,0,0,1144,544,25,1580,0,33199,10444,0,1011,3,1230,0,4635,538,21756,0,2048,0,0,3129,0,793,121219,258,14090,4409,8048,0,0,240,2279,825,0,65,119,1967,0,2806,80
419,3675,201,24,83,18884,0,7,75,1244,0,264,4297,9271,0,51,597,36856,0,282,1681,27,888,0,247,131,17,156,1040,101,0,0,819,628,144,1230,935,90,8057,0,254,20165,594,131,1928,221,0,0,2306,4749,18216,0,41,0,5132,2495,1382,16,15,303,0,1036,3422,59,2898,19041,4836,31,0,299,0,623,4635,10,0,0,0,7313,2512,1246,241,631,614,6,1028,1896,734,0,300,103,0,853,2608,0,12543,0,6748,406,35711,150,107,1005,145,0,0,0,0,1799,0,14,370
420,3772,2821,2959,23,388,1168,4195,551,57,3,758,621,963,0,3478,116,21903,0,4820,3131,18,409,0,480,0,131,9,991,1451,0,0,1027,1477,582,0,41,671,42766,0,8,10991,386,148,2089,756,0,0,2190,1580,2223,0,53,0,560,523,1910,3828,541,0,526,1619,77521,13,502,758,116684,0,0,361,5,0,6860,676,734,314,0,28690,3780,3319,302,816,314,668,810,761,2653,0,1042,221,0,0,469,2,4464,335,3190,402,673,721,194,127,285,0,0,0,436,345,0,0,145
421,489,5313,1923,685,17754,68,0,3679,139,0,0,9822,0,0,42,1790,0,0,16,1581,2118,6169,0,0,0,280,231,4895,37,1023,1025,1188,140,1625,16,1685,252,15480,0,0,15585,0,112,1457,3643,694,609,426,34,3014,0,44,0,1926,741,26,0,2071,4151,0,1213,488,246,361,1480,1861,0,0,0,0,0,3488,2373,0,0,0,14776,818,395,7551,333,6095,692,1126,273,3264,59,4058,232,1156,190,0,1505,7274,0,718,159,2444,206,0,0,425,0,723,3049,263,97,0,714,2000
422,299,5206,465,283,8493,0,35,3357,273,0,88,2731,14773,0,153,2537,1202,0,1485,2327,0,810,0,77,9,181,178,2948,75,0,0,1295,20,1088,12,354,876,43963,159,0,14432,29,121,12887,85,0,0,463,130,1868,0,25,240,74,820,37,3309,438,2415,0,190,4500,166,447,691,7033,0,0,2408,0,1964,15962,75,0,0,0,8410,329,6204,110,327,1212,40,637,873,1044,0,195,99,0,28,11056,357,280,0,303,37,14224,0,4,126,105,0,0,164,12,0,0,4,255
423,329,2574,1205,0,21410,17,143,10841,212,0,2612,11313,0,0,0,2346,75,0,1345,1326,0,6438,39,22,96,462,146,3649,0,0,0,1209,4,3366,123,2110,3745,8661,0,0,10633,0,118,229,2247,0,0,403,21,1899,0,12,0,202,50,0,3320,2825,0,0,1426,176,159,846,619,1340,0,0,1616,0,0,1906,1876,22,0,0,12396,600,498,7462,410,5152,1198,1599,238,166,26,2062,0,0,0,0,3669,12018,26,848,0,2599,0,3,242,250,0,2044,1567,0,28,0,304,808
424,5106,2102,2851,66,943,1100,0,1411,62,0,0,507,479,0,1055,112,2305,0,10247,1522,0,1330,0,166,1016,301,8,757,0,28,0,843,11,0,88,14068,6230,0,94,65,7716,0,510,891,3145,0,0,2763,255,0,0,0,0,79,193,622,14120,4938,23,0,165,2544,8,1148,1434,19020,0,0,335,0,60,643,2249,0,0,0,71239,29198,259,1193,10937,338,0,1977,66,7264,2134,10450,0,0,234,0,636,63460,866,5488,12,219,0,0,278,976,85,0,611,0,358,0,1906,0
425,6650,218,92,17,33393,88,200,371,801,0,0,12216,0,0,56,77,0,0,317,1189,0,10102,0,247,0,58,787,2764,117,0,0,471,1827,254,185,30846,0,723,330,474,7638,309,339,87,328,0,0,5882,380,0,0,0,0,376,985,681,592,103,318,0,1737,29,37,6002,32576,582,0,0,62,0,0,1074,732,3,0,0,22747,3679,0,5770,484,4251,0,5622,0,9016,74,1804,0,0,1688,0,263,162767,0,15553,1365,5509,0,0,103,1110,0,0,46,17,0,0,4427,0
426,2644,2021,1595,20,1573,2914,16818,650,69,22,408,428,67,1,264,72,66,676,4557,1862,0,2265,0,45,405,713,14,609,0,11,0,666,107,992,41,4468,4221,39907,47,0,3118,46,647,650,9364,0,0,3687,69,1682,0,227,0,1468,97,14,792,0,19,0,3041,6716,9,1347,681,10526,0,0,100,0,518,872,6548,142,453,0,63835,32157,370,2343,12427,773,2118,1622,102,4017,0,10145,14,0,497,0,164,57969,824,7606,163,152,1113,464,57,1277,0,998,633,0,375,0,1773,127
427,1952,152,183,20,16225,18,0,103,1616,106,1053,6108,9668,0,43,1150,45095,0,700,1392,0,1233,0,0,0,8,164,0,1,0,27,764,5814,108,168,13363,768,2043,0,0,27412,2318,76,4669,0,0,0,3169,6122,11593,0,48,0,306,5323,1491,90,0,905,0,640,8196,44,4399,5803,6720,0,0,187,638,1646,4026,344,0,0,0,10109,2203,1155,248,162,466,0,3882,2948,300,284,216,31,89,0,3512,0,5920,0,5947,1910,40219,611,143,656,171,0,0,0,0,951,0,0,141
428,209,2025,1512,2064,19721,135,417,4484,303,0,196,19349,0,0,127,662,83,98,23,1511,0,3841,58,15,23,138,389,3447,0,422,0,1913,25,0,24,3212,2381,17026,0,242,11690,4,0,2629,4040,0,0,1127,21,0,0,0,0,833,605,9,9139,2761,348,0,315,662,28,1683,2177,735,0,0,233,0,0,2829,3422,0,0,0,20490,519,346,11550,412,1630,0,367,110,2673,0,4783,0,0,469,0,4783,6667,43,303,0,1962,64,23,118,310,0,0,881,0,51,0,251,0
429,251,1559,1119,550,33555,391,476,14183,106,26,1116,15024,1016,0,20,606,15,0,5272,2187,0,4037,0,34,6,89,226,4111,0,0,1273,1415,114,694,73,5202,867,8769,722,194,4409,0,75,1752,3516,0,0,154,7,1673,32,0,0,433,568,4,6136,478,290,0,0,233,58,719,500,811,0,0,830,0,0,2722,4291,125,0,0,8493,664,319,1595,943,4946,682,237,20,1459,0,6008,27,0,318,233,269,10445,46,976,24,3018,8,0,206,1052,491,895,1219,0,93,0,441,0
430,5687,221,335,473,27358,49,114,77,2669,0,159,6929,7367,0,0,225,3138,0,581,1624,0,8904,0,388,0,25,492,320,0,369,0,1011,1814,58,403,35034,5232,155,0,0,1680,0,584,509,320,0,0,4705,2220,3087,0,0,0,918,645,2009,157,18,0,0,643,541,0,7319,21430,1298,0,0,454,0,55,1067,667,0,2410,0,31587,2291,0,523,1070,3299,0,3083,820,7956,0,3102,0,0,0,0,872,146578,104,12851,684,13551,596,23,1248,2620,0,0,11,0,6418,0,4133,278
431,4924,1452,2396,80,950,6255,3399,1351,58,0,271,486,433,0,0,37,1243,0,1228,2484,0,1860,10894,101,103,227,22,1778,808,0,0,891,204,1679,226,42359,7087,14955,741,0,2384,0,490,422,7878,52,13907,2050,376,0,0,0,56,2822,134,173,14029,2767,0,0,2548,4419,6,1767,1232,16967,0,0,121,0,0,844,3805,1879,0,41,29638,13070,329,493,6263,372,2722,655,89,1825,16233,6974,0,0,2095,0,0,51994,323,4240,89,178,392,442,125,933,0,0,550,201,0,0,1139,190
432,4192,4752,4331,0,845,0,0,1740,88,0,0,615,764,0,629,58,0,267,0,1237,0,2339,0,206,0,0,7,376,0,7,5243,731,46,3728,0,4115,1383,2431,0,28,5224,63,120,527,7227,0,1400,2388,93,142,0,0,0,1120,80,230,0,4395,150,0,1665,4863,26,929,1224,29823,0,0,0,0,0,2234,3960,0,0,0,41202,17889,254,818,3216,528,0,69,21,0,24318,18633,0,0,2599,0,688,66015,0,1340,54,115,54,234,157,1489,0,0,713,0,881,0,3596,167
433,544,2182,315,370,22782,299,280,14619,112,0,0,11855,12435,0,0,1120,34,0,0,2445,0,8048,282,0,83,59,89,15161,0,0,0,585,67,0,0,3279,994,0,0,298,1967,0,0,764,2791,0,202,920,13,0,0,0,1048,1741,178,0,9665,0,0,0,400,615,107,635,888,330,0,0,1778,0,0,3111,1414,0,0,0,12414,1364,0,462,381,2492,0,570,0,4825,1072,4429,0,0,659,0,0,5047,0,1287,0,2423,0,0,339,119,331,0,2614,0,166,0,366,0
434,6472,852,2211,87,1181,3653,3416,1771,20,3,176,275,67,8,449,119,0,0,2160,1957,0,1633,0,0,655,647,7,4722,322,0,0,1058,554,1243,10,30986,7573,28080,145,0,1926,0,62,213,10038,0,0,315,142,0,0,104,0,0,230,0,1941,4151,0,1261,7930,5465,0,1194,1500,17525,259,0,380,0,0,806,4395,0,0,0,56677,15341,1074,2260,14957,1928,1889,1254,265,720,0,7137,0,0,914,394,326,43667,1543,4644,0,51,569,316,92,2352,0,0,483,0,479,0,3659,48
435,2043,1362,2116,114,252,638,1211,351,55,0,330,188,1659,0,16417,197,16738,0,2725,2500,0,452,0,780,205,122,9,28,69,0,0,807,1268,407,204,2479,145,27363,0,9,5646,264,992,3378,932,0,398,1231,1929,7400,0,84,0,218,459,1595,0,0,129,0,5125,43651,43,465,502,136504,0,0,159,0,5846,4968,751,0,0,0,15581,4504,10627,137,920,324,0,507,1158,888,4077,2051,76,0,157,440,7,10044,0,4177,8,748,0,206,168,194,0,0,87,0,136,0,0,76
436,5418,312,219,7,38664,48,51,504,1286,0,0,10236,2794,0,0,100,234,38,422,1072,0,5844,0,294,1226,46,151,1292,0,0,0,621,1961,90,82,62585,342,0,0,24,12821,250,241,634,540,0,315,3825,1388,10,42,0,844,2248,222,0,451,59,0,0,821,1032,0,5691,34227,292,0,0,16,0,0,1293,528,30,0,0,40514,3503,0,1530,212,2671,3,5455,113,11262,227,3643,0,0,200,0,591,93873,0,12093,344,6879,0,165,493,762,0,26,39,298,7013,0,3494,598
437,8984,308,296,164,45110,64,53,278,829,0,363,13481,3722,0,34,0,1543,0,321,1867,0,5004,7,274,3228,36,632,4446,0,1160,0,870,1934,6,0,29001,1004,61,0,105,18797,0,356,172,1490,0,0,3779,1667,0,0,0,0,3262,1062,809,247,101,0,0,623,481,0,8754,31728,802,0,0,61,339,60,1504,608,22,0,0,36118,4823,29,134,292,3426,44,1035,87,12043,0,4437,0,409,836,2648,689,101805,0,8963,0,9472,0,229,1413,0,1728,0,38,0,12718,0,4282,382
438,5307,591,322,0,46077,5,168,617,2179,0,0,16069,0,0,129,239,1666,0,913,2393,0,10481,0,1047,3913,100,367,4078,0,749,67,1545,3114,0,0,56111,1229,766,0,299,11080,0,1367,486,1129,0,0,5290,0,0,0,8,0,5168,716,233,439,178,0,0,2970,1779,27,5391,12735,718,0,11,0,0,0,1464,1159,15,356,0,26376,3316,9,1338,14,2189,12,250,209,192,0,2661,131,0,2291,593,609,84480,208,7695,2835,5354,0,0,609,1171,4160,0,52,0,18695,0,2825,538
439,90,2788,551,627,7657,22,223,2496,292,49,2725,4544,8182,0,1181,3277,626,17,1854,3019,0,1335,0,93,26,141,280,0,105,0,0,1361,83,73,196,96,546,194917,28,0,17424,23,159,4838,508,33,0,296,180,0,2,25,2095,126,1739,79,190,897,1374,0,661,2815,199,148,786,5074,0,0,2588,0,0,14613,910,0,0,0,3571,231,3816,537,211,3900,351,39,514,47,197,206,96,0,30,17273,0,1019,11,445,224,14339,7,8,7,185,0,0,237,0,35,0,10,1184
440,210,934,164,936,9205,116,20,4724,214,43,873,8229,3595,0,71,2988,970,146,853,2920,3925,682,0,40,8,202,146,2336,0,0,0,1341,3,739,91,170,708,13412,253,0,15314,33,51,18057,204,0,6852,426,98,432,0,142,2100,324,2835,48,7903,1620,3770,0,246,4050,252,204,301,8926,0,0,1668,0,1952,14875,200,11,0,0,4114,137,3846,498,904,1580,196,18,1576,191,513,138,32,0,12,19610,344,987,7,191,238,13631,0,12,76,4,35,0,128,0,0,0,6,242
441,428,3847,1129,57,19890,32,1185,8063,181,0,1371,14185,2090,0,108,119,23,118,428,3250,0,3957,0,64,19,23,481,11562,0,720,0,2474,25,0,79,2294,1626,7800,0,0,5588,6,576,2595,3544,0,0,814,39,0,0,0,0,339,1358,2,32164,2022,2459,433,461,475,244,1211,1284,1161,0,0,3521,31,0,5613,3811,0,159,0,15627,755,172,2492,671,510,0,825,200,4553,0,5073,0,197,1071,0,4224,5513,12,1398,79,1617,0,1,200,461,0,0,1593,0,163,0,444,2389
442,1230,160,67,80,9054,33,31,21,1384,33,595,8293,7037,0,357,380,52265,50,152,1313,0,1630,0,341,162,15,347,0,80,0,0,663,198,23,598,7661,533,6611,19,60,18694,997,170,4932,164,18,3391,1315,4625,12278,0,28,0,3262,3466,1632,32,19,106,0,766,6971,61,1937,8211,5213,0,0,436,64,136,4537,52,0,125,0,9504,1013,863,79,156,1053,0,1539,334,1578,585,515,172,16,780,4726,17,9517,0,429,0,47721,176,7,141,483,0,19,0,0,359,0,52,465
443,1267,2363,734,34,760,3590,0,2385,56,0,0,441,0,0,111,0,263,0,3823,4575,0,999,0,0,1117,460,12,2461,0,33,0,1780,463,0,0,34894,4608,20740,0,0,2378,20,1937,649,12654,0,0,2647,134,1666,0,0,0,999,96,0,21121,2713,0,0,0,9767,0,1126,708,5798,0,0,645,0,0,575,6350,0,0,0,42284,8324,304,1819,6075,1267,1311,1708,0,3513,10485,20169,0,0,0,0,183,45583,0,3337,53,79,636,465,0,1370,466,0,510,0,849,0,5197,0
444,93,3235,1602,1911,15462,75,53,6589,185,0,195,8370,22422,0,48,903,26,0,3847,4628,0,4027,10,85,53,105,579,2156,0,1258,0,1869,76,999,0,4535,867,6961,1326,61,12372,2,440,115,1815,0,0,493,12,0,0,22,0,204,544,18,7768,2322,0,0,147,329,41,1473,1987,578,0,0,646,0,0,2993,3621,41,0,0,18016,1127,0,2423,576,598,368,1468,100,2491,0,5361,0,0,294,7021,286,4773,69,712,17,850,22,5,19,1524,0,0,1145,0,209,0,599,0
445,1590,225,31,94,13916,22,49,76,1728,33,286,7434,7384,0,1474,75,48335,61,502,867,0,3954,78,560,173,12,7,0,210,418,0,574,1742,108,1717,4646,534,3052,0,36,23184,258,67,4190,178,31,0,1674,3844,7517,0,55,723,1033,5272,2665,24,19,1058,0,294,12237,6,1998,13569,8582,163,0,286,0,350,5729,174,0,0,0,7640,1012,138,571,337,1313,0,609,4319,353,530,48,68,0,0,2778,144,18186,480,7083,992,43769,0,57,666,722,105,0,0,0,1572,0,24,447
446,11194,180,272,292,38070,13,189,471,2381,17,440,15905,5564,0,40,496,2846,0,660,3989,0,6178,0,290,7806,28,1339,1823,0,1051,0,1913,4916,291,795,45940,0,276,0,0,2486,244,223,580,1566,31,699,2603,728,0,55,6,257,1091,627,203,382,31,156,0,285,306,0,6062,20167,654,0,0,69,0,0,728,1152,0,0,0,24180,3767,20,199,124,743,175,1437,128,928,0,6122,21,0,4121,1302,0,104305,225,5120,0,8458,745,87,211,2299,2286,0,20,0,2751,0,2571,847
447,7677,347,51,56,53762,935,177,529,845,4,0,13342,2248,0,7,161,846,0,491,2279,0,5875,9,57,6541,39,421,6209,0,1127,0,1201,15700,0,0,172549,2726,257,316,197,5063,133,219,409,1006,0,0,4991,470,0,0,18,0,5764,1378,704,2,121,0,0,26,404,2,4574,21568,380,0,0,0,171,25,838,801,13,0,0,14955,1671,35,870,109,0,37,1838,176,970,308,7222,0,0,1558,3968,11,43603,0,5361,290,6406,115,45,116,2425,964,26,18,0,6310,0,2846,195
448,1438,1340,2882,82,297,278,435,570,47,6,325,459,125,0,14309,136,31909,100,854,2951,184,475,0,758,327,271,4,0,443,4,0,412,33,0,504,1866,2167,20176,0,0,6522,64,646,2370,895,194,0,993,1152,13560,0,155,0,587,456,773,14185,238,133,0,3411,120021,30,403,553,146399,43,0,815,0,0,6840,548,0,87,0,28508,4688,5510,1635,1246,413,410,282,1264,1234,0,1131,6,0,0,762,38,18803,0,179,0,869,79,143,65,0,0,57,24,0,69,0,0,155
449,126,1895,355,95,5564,0,17,443,199,121,2771,3426,13284,0,799,2911,638,29,694,1948,4837,585,0,29,0,17,208,978,84,0,948,1130,56,1255,12,322,46,140260,0,0,19302,30,227,11424,406,0,7803,374,135,561,0,12,2191,168,2924,30,1569,0,1733,0,266,4599,408,231,282,7111,0,0,665,9,614,11533,560,0,0,0,3451,82,4510,923,37,0,1151,75,1663,0,221,366,56,97,12,17246,0,1032,27,475,116,14258,7,15,170,246,58,0,0,0,36,0,0,0
450,2000,734,299,30,251,0,0,55,59,0,292,307,1255,0,9039,216,16445,31,1522,2879,10,391,0,425,840,422,10,0,144,0,0,422,343,203,76,397,639,410988,0,0,6401,328,601,2796,3059,67,487,767,1804,4210,0,15,41,0,452,1102,0,1853,189,173,2996,61389,25,178,369,167633,32,0,193,5,2153,4793,249,0,0,0,11972,2759,7193,206,555,216,1556,113,1781,870,8282,917,105,0,59,349,52,9582,118,1026,626,761,234,105,23,167,40,0,0,0,0,0,0,30
451,83,2449,486,329,7010,0,190,1378,252,34,1065,14597,3129,0,2053,1013,782,36,1073,3026,0,568,0,82,28,124,126,972,86,0,0,1200,18,84,0,568,767,7703,0,102,23325,53,152,6776,229,123,55,761,175,12076,0,65,771,109,3989,84,6609,1883,4280,0,277,2810,68,234,677,11678,0,0,2299,0,2122,16567,512,0,0,0,6686,209,1594,470,322,2301,884,403,1422,1935,218,790,65,0,79,6078,0,1224,0,432,412,16036,0,4,25,93,0,0,0,0,47,0,41,1128
452,369,403,573,284,18718,77,3,4393,142,0,574,8613,7665,50,0,437,30,0,643,5431,1134,3752,0,5,99,202,190,941,0,478,0,2910,1,2941,49,2533,2634,13152,0,0,6684,0,247,330,6024,0,0,873,52,0,0,8,175,371,529,15,14676,2133,527,0,543,419,46,993,3092,2649,0,0,348,0,0,3253,914,25,0,0,15592,286,184,222,598,1359,542,1457,164,1104,0,3697,0,368,739,12510,913,5386,5,1262,36,2240,37,7,0,366,0,0,2512,0,129,0,1071,679
453,90,1105,531,164,6650,5,163,2497,299,0,5531,8938,5252,0,2785,1837,1285,41,650,3590,0,1123,0,84,3,85,130,792,0,0,660,1388,36,478,254,163,401,24692,606,288,19714,18,334,9409,538,0,0,114,147,3406,15,28,0,199,1470,56,0,593,2774,0,727,4465,281,231,926,8300,0,0,1827,38,343,18995,595,0,126,0,5488,267,2178,714,611,2351,0,14,498,616,283,565,0,0,204,14578,0,869,8,274,180,13735,0,13,133,95,0,688,0,0,42,0,29,164
454,1742,1151,1340,26,328,0,1145,84,85,10,526,287,1019,0,10233,234,33785,69,1608,2613,0,774,0,341,279,159,5,0,214,2,0,730,0,227,292,1001,0,122718,0,0,7760,37,787,3566,1044,0,0,962,1589,3207,0,277,68,322,723,1464,491,374,85,0,1182,139002,13,241,373,201750,0,0,173,0,0,7167,124,0,0,0,13620,4359,5134,185,3884,150,641,425,1127,1780,2662,815,158,0,561,416,22,5648,271,1834,804,777,39,359,14,129,0,63,11,0,166,0,165,0
455,6390,563,1220,30,527,0,5390,510,22,0,0,1052,594,0,744,54,213,943,287,2214,0,1822,0,122,928,14,17,531,640,26,0,2101,0,0,40,55446,2671,28522,0,141,2095,54,1112,342,8455,153,0,1063,241,2281,0,0,0,1693,67,233,24066,2647,0,112,1423,11026,14,1512,1146,24707,0,0,120,1,82,1140,2289,0,565,0,62303,7857,1654,2308,3969,657,0,644,932,320,0,9194,257,0,627,0,0,71525,1284,4625,0,154,682,0,0,917,224,0,1454,0,115,0,4244,71
456,3949,276,0,70,37248,108,149,388,1579,0,0,15068,559,0,44,213,4309,0,752,3781,0,6137,0,411,1461,19,520,488,65,139,0,1164,6604,204,179,21531,1967,37,0,0,3916,39,30,474,1439,0,0,4161,953,0,0,1,0,0,540,406,198,59,75,203,1764,672,13,7944,29543,724,0,0,46,0,33,1208,589,7,0,0,30131,1338,111,1875,1010,1388,0,4943,203,1835,0,2710,0,0,459,874,51,69026,0,5631,417,10750,2353,821,324,1068,0,0,20,163,27545,0,11928,0
457,2072,142,36,0,26646,178,338,336,1113,0,0,9016,1460,0,59,438,2814,0,566,4209,0,4905,7,124,2402,34,427,3774,61,1104,0,1885,10018,81,354,17875,4128,528,384,261,10981,0,144,256,535,0,2260,3243,2785,0,0,0,0,434,1399,78,583,148,0,0,611,1242,24,6697,33327,1634,0,0,221,0,22,1121,868,0,0,0,34771,2107,16,1494,1466,1455,30,1403,0,1892,0,4153,0,0,0,756,294,72138,156,7303,246,6312,127,0,120,3164,0,0,91,442,1163,0,7357,0
458,2655,442,71,34,29934,31,316,189,1644,19,0,13408,3364,0,0,138,1428,0,1160,2098,313,3091,0,144,4297,40,296,998,9,279,29,1079,1695,153,191,58842,1408,51,180,1254,10491,0,471,345,978,87,0,4021,687,388,0,13,941,322,852,91,70,101,123,0,372,991,21,7076,21860,1063,0,0,160,129,0,747,744,20,0,317,20436,1802,16,2407,165,2594,0,3534,581,1296,0,3126,0,0,860,0,360,135937,234,15557,0,4110,0,134,0,1226,368,0,13,0,5806,0,13177,625
459,4933,393,88,134,39534,97,301,406,1562,0,92,11611,347,36,59,175,3034,0,888,1662,0,7905,0,0,1457,40,241,6087,0,417,0,896,8342,125,0,30522,1594,636,52,284,3816,0,357,945,2291,0,3766,1170,0,0,0,54,0,0,1129,163,76,148,471,0,469,925,18,7808,9981,1717,0,0,203,0,0,2060,515,10,0,891,21493,1608,61,1325,325,1430,0,1193,433,7703,6,3105,0,0,3455,0,579,113606,0,12130,1214,16146,2066,0,0,3014,0,0,52,0,1603,0,8924,0
460,2110,1762,1270,13,895,0,7676,1611,105,0,171,1246,409,0,664,37,1342,432,1631,2755,0,2047,0,738,1287,337,20,2861,0,0,0,1332,195,986,0,18465,1872,13370,83,25,4182,9,459,591,9006,0,0,2653,93,3207,0,627,0,255,172,1227,14827,0,0,0,2421,6473,4,1247,1053,28595,103,0,87,0,0,889,2203,651,0,0,54825,18666,641,961,2527,689,1397,3307,76,836,0,14481,0,0,0,0,40,30334,0,3842,0,63,498,0,0,145,0,334,1087,0,224,0,10525,236
461,5291,841,1935,47,1311,0,3398,649,52,0,229,499,0,0,39,20,848,0,5072,3274,0,961,101,1086,525,421,9,0,0,16,0,1268,591,1481,200,49141,281,20101,245,0,3188,0,966,540,5232,0,0,1580,0,666,0,14,27,1434,87,317,4679,3826,0,0,848,16965,31,1233,482,31503,0,0,298,0,0,1266,5300,903,0,30,34633,9807,121,330,666,129,1751,424,244,4443,11856,12033,0,0,1493,38,239,37086,0,1968,205,145,287,20,8,832,0,0,514,345,509,0,12218,33
462,3226,3001,253,61,525,1081,4022,561,66,5,136,127,385,0,11410,327,27152,0,0,1017,0,944,0,151,0,214,17,230,0,0,0,217,215,58,530,7485,1382,99717,0,0,7654,298,780,1383,2094,60,0,1397,1951,9107,0,156,36,885,412,1286,458,1470,157,492,1400,127470,29,221,356,126827,0,0,642,0,0,5968,406,0,0,0,21173,3750,22169,3118,676,169,0,897,130,362,0,1430,27,0,151,433,0,4758,0,1103,25,985,116,158,212,297,87,53,44,43,264,0,37,83
463,166,2788,413,0,7045,0,170,3085,297,147,2020,6474,3503,0,1878,1853,1605,47,1037,2708,0,1114,0,0,26,39,299,661,9,0,0,1326,141,1693,0,431,445,18382,0,0,19927,7,166,7806,198,21,0,607,84,15814,0,60,0,228,2625,8,3073,0,3623,0,658,6329,64,140,806,7523,6853,0,1149,0,884,17120,610,0,64,0,5442,111,1558,479,280,2825,0,0,1263,85,0,358,85,0,217,18716,608,933,14,192,163,16131,0,16,52,458,0,0,51,0,26,0,5,324
464,2330,935,243,28,504,1343,1138,123,45,5,938,206,186,0,3856,151,18928,0,1522,2410,0,257,0,310,64,187,12,262,373,22,0,621,270,248,160,1674,778,190540,0,0,7509,74,289,1493,2590,0,0,694,1709,10492,0,0,11,999,610,1043,5406,0,42,0,486,96549,35,781,706,178160,14,0,190,16,167,5962,1244,0,23,0,25463,6473,3679,581,181,103,688,834,1137,689,108,2814,91,0,76,573,0,8288,259,2361,113,594,0,292,109,303,33,0,42,0,452,0,146,0
465,3408,1202,5622,51,632,3502,6849,1528,52,0,283,158,0,0,192,0,1794,0,7577,943,0,1141,2652,368,1114,1070,18,581,0,10,0,758,1272,356,0,19061,2239,0,34,0,2521,0,454,1006,3259,0,0,4004,173,0,358,92,0,1380,139,299,9879,488,0,0,1138,10855,13,1080,1138,19717,0,0,146,0,0,698,1914,0,0,0,31412,37600,320,1851,6446,106,1550,1822,252,1803,0,7751,0,0,1219,195,51,26983,0,3705,0,99,751,318,65,3061,0,0,690,0,312,0,16153,393
466,254,1293,1469,0,18724,37,118,6122,230,0,1804,6019,4553,0,96,971,253,0,319,2730,0,1606,0,92,9,436,480,4103,0,0,0,1945,0,4711,0,842,926,7732,0,102,390,3,62,407,5513,0,2084,1194,59,0,0,0,0,0,383,9,11434,912,0,0,121,149,201,1398,1120,569,0,0,433,0,0,2228,694,0,0,0,23253,863,0,2429,2103,533,2887,1898,0,2320,0,4961,0,0,369,11856,1746,3136,0,1281,10,3167,47,13,0,1046,1403,0,783,0,122,0,1830,284
467,581,353,2370,142,21084,34,245,2292,235,0,0,5547,0,0,0,1027,29,93,1178,2520,0,4118,23,0,35,41,264,0,0,0,0,1986,97,1708,132,2115,864,14458,654,204,2447,0,0,3507,1484,0,11979,1185,33,0,0,15,764,919,803,40,13147,2654,0,0,240,377,0,1207,2358,851,0,0,0,0,0,3161,3182,0,98,0,13241,516,0,26315,555,4118,2265,176,388,2937,34,2884,0,0,330,5109,0,3298,0,1865,0,3262,37,0,155,516,0,0,529,0,39,0,1353,812
468,7372,3688,3887,94,1245,6511,2143,2688,65,0,95,365,0,0,653,207,3336,0,2568,1233,0,1075,0,43,436,546,21,307,0,25,0,1232,246,364,152,44871,2045,0,0,0,3879,81,343,701,6703,428,0,1366,155,4117,0,0,0,1414,290,527,6723,3088,11,0,677,2451,27,1098,686,13583,0,0,422,0,0,1334,4153,755,1533,0,41071,16372,1600,1369,3752,691,0,655,149,12267,0,10522,38,0,190,0,79,27550,0,6800,0,223,57,159,150,1056,0,0,954,0,353,0,10636,10
469,169,1488,420,40,7516,25,55,2583,308,0,456,8931,18805,0,674,2080,2692,0,675,4504,0,1739,0,106,4,74,299,860,0,0,0,1994,72,161,154,312,353,172,0,0,16590,38,171,4107,564,0,0,404,106,4786,2,14,0,214,839,48,0,550,0,0,245,4585,280,582,969,10138,0,0,1130,3,222,13004,1598,0,0,0,2146,273,4219,2930,552,1872,239,232,1795,1010,210,1036,122,0,137,1822,301,1745,0,437,12,11513,20,6,0,39,0,0,106,0,122,0,0,1425
470,598,340,793,23,327,0,1411,155,32,0,488,82,568,0,5091,87,18494,0,2867,3027,0,284,4551,226,277,23,12,0,181,0,0,998,266,1108,262,2769,710,402736,23,10,5497,307,123,3169,2427,0,732,1296,842,4407,0,60,10,1271,581,1047,0,0,133,81,2371,93587,19,170,253,145944,0,0,109,4,942,6027,663,201,834,0,14921,3742,2753,125,1916,429,0,98,171,359,8935,788,69,0,333,193,0,11979,0,1020,34,657,0,299,62,0,113,0,0,0,284,0,0,59
471,291,2270,265,0,32448,79,945,9670,236,0,410,15749,0,0,0,1402,0,0,1461,1608,0,4276,0,15,43,220,433,2061,33,1592,0,2037,126,144,14,5398,905,18018,52,0,8797,0,158,1448,2813,0,0,2342,24,0,0,0,617,280,1239,8,1889,2130,2810,132,0,688,316,1132,935,1014,0,0,934,0,82,3659,3338,0,183,0,20273,456,0,4018,1911,3009,461,377,138,5223,0,2747,74,0,266,0,693,1438,17,287,24,1338,175,9,0,487,0,0,2721,0,112,0,669,522
472,2572,533,147,29,32377,95,32,726,1611,76,0,17555,7828,0,79,0,1047,0,253,1411,0,5911,0,0,3578,16,262,0,0,0,0,766,4293,75,355,50044,1401,44,0,0,10229,298,28,853,829,0,0,4344,537,0,0,50,0,4804,358,0,517,130,0,0,0,724,48,5909,20381,784,0,0,0,387,0,1650,335,35,0,0,20588,5055,75,647,87,2918,80,1477,493,6188,0,4228,264,0,854,2661,0,73944,76,15431,0,10725,2138,44,1701,4699,0,0,42,0,8442,0,20281,1264
473,4280,754,18,264,18740,14,225,174,2376,16,182,8771,1986,0,1750,1128,33731,39,227,3004,0,1084,0,593,0,14,206,1093,72,118,34,544,11110,9,1180,16356,2425,278,0,72,20783,252,99,4058,501,28,0,1754,4814,2324,0,13,793,2413,2768,1705,0,22,576,0,612,10912,29,1560,17160,6421,0,10,203,326,129,6778,138,7,0,0,5564,1287,85,246,75,695,13,490,3654,2124,207,1011,111,0,287,5696,0,37296,0,3267,673,39664,296,29,1088,140,476,47,0,0,1008,0,61,822
474,6343,1576,5748,198,1411,5193,1503,2076,29,4,0,740,2328,0,0,386,1842,0,8491,2195,366,1605,0,587,779,186,12,0,0,24,0,925,118,96,0,36535,6797,0,0,0,5794,0,689,897,6857,0,0,2767,414,9499,0,0,0,458,93,825,15809,1550,96,0,0,16323,15,343,853,35877,0,0,109,25,446,2551,7235,141,0,0,46198,19513,1137,2015,6667,459,2344,2094,136,1231,0,7358,0,0,2654,306,0,16856,0,8460,11,88,2082,171,0,4490,1140,0,707,0,1221,0,7476,140
475,123,2186,0,79,9545,4,18,2617,254,71,687,8418,3196,0,1076,175,864,0,1328,2658,1353,1356,0,29,0,25,183,895,13,508,0,2009,233,0,424,451,956,93066,0,113,20064,62,165,9582,180,30,3254,120,55,13631,0,3,542,0,2738,60,17523,726,701,82,345,5688,63,224,726,8897,617,0,1816,0,51,16199,434,0,0,0,3507,210,2630,1232,210,1139,506,279,1231,431,81,418,9,0,111,15517,209,886,0,211,0,13788,0,11,137,22,115,39,76,0,40,0,2,165
476,8370,648,67,137,26143,0,775,314,1200,0,120,24457,2280,0,0,262,0,0,142,828,0,9199,0,112,2749,38,156,1851,55,431,0,867,316,140,0,18989,1933,0,735,243,9420,0,314,1323,1517,21,0,12626,986,1857,0,0,0,2487,582,646,90,139,0,0,3529,1034,14,8998,15922,2935,0,0,391,0,0,1384,999,77,0,34,36084,2877,0,1671,832,275,140,1678,372,4858,0,2155,0,62,3239,4076,0,21484,957,21847,0,10915,299,151,0,1463,0,0,38,0,2058,0,11775,539
477,75,436,611,43,6750,24,127,1367,249,31,2051,2865,9902,0,115,2020,1750,0,87,3497,0,1361,0,48,17,14,127,0,0,185,0,1354,26,346,234,647,576,5850,46,68,19460,5,259,8174,454,126,9895,911,98,7609,0,45,547,192,2639,76,617,0,3186,0,196,5046,103,445,1056,7653,0,135,211,8,1237,17836,525,0,3,0,5023,171,585,1039,64,1933,0,215,1008,1056,371,911,11,0,416,14511,290,1878,3,456,197,16487,25,6,195,35,3,116,397,0,54,0,15,1117
478,3466,3331,3182,96,1275,0,1490,2031,47,0,571,375,1001,0,463,140,1372,0,6772,1453,0,1666,0,505,0,419,36,1741,151,0,0,2788,106,1912,0,16514,1351,0,99,128,4559,0,1437,1103,9463,52,0,794,77,2036,0,62,26,2752,22,115,17198,256,0,0,1117,9893,3,1008,392,57281,35,0,231,22,0,2111,6523,686,0,16,54409,14615,992,2833,700,351,0,1403,168,669,0,14137,0,0,1651,0,0,14916,2927,2167,221,193,631,206,40,3204,185,0,1779,0,1314,0,10085,107
479,1779,1771,1503,0,329,599,276,271,52,0,236,396,86,0,634,182,24050,216,469,3140,0,85,0,701,194,206,5,3402,721,0,935,476,159,1185,88,2225,1247,102698,0,11,8925,120,288,4897,502,0,0,1030,1360,3190,0,0,13,315,399,1830,1954,0,38,237,1315,94438,15,373,622,168720,39,0,280,5,0,5126,1211,0,0,0,17874,2434,3369,513,3999,142,0,711,772,1269,18207,2243,204,0,523,317,2,4020,105,2496,155,594,114,281,52,318,0,375,0,0,0,0,8,135
480,1007,3121,675,14,397,1064,972,251,55,2,181,239,1040,0,1447,338,15095,146,1647,2034,128,117,0,397,0,206,5,505,67,7,149,566,199,549,128,2631,870,3265,4,0,6659,364,763,3911,684,28,0,416,1702,7059,258,34,25,685,437,906,4072,298,58,0,617,139348,33,306,539,192986,63,0,267,5,3220,6565,1378,107,0,0,17068,6587,18702,287,1202,161,0,144,689,5091,5011,719,100,58,423,233,74,4533,0,2148,278,763,31,181,232,0,30,0,167,0,221,0,18,39
481,2653,1097,7640,116,490,1884,565,1511,26,16,25,188,444,0,648,254,233,0,554,1022,148,1162,0,118,537,1258,1,0,0,5,1828,1295,359,0,96,20899,1607,59417,316,0,1409,121,0,540,8651,0,1949,3338,814,0,0,460,0,1875,46,1162,5076,1148,0,0,2037,4703,0,2179,756,32689,0,0,0,64,562,2000,4324,879,0,38,53055,11178,2092,479,4463,399,0,2020,547,7456,0,8549,0,66,210,0,18,34068,0,9137,694,182,120,0,0,2191,0,0,475,0,514,0,12603,14
482,1224,1062,0,14,240,221,696,438,73,0,1357,309,1390,0,3799,135,18535,0,838,1003,0,287,1183,352,852,138,4,677,137,0,0,579,171,0,222,6035,480,19881,40,0,6474,242,77,3984,1022,74,8916,956,1714,6369,0,107,65,0,597,741,3141,223,58,0,1371,114734,30,160,246,167485,0,0,277,12,3801,5672,1192,174,0,0,12267,1981,25766,1023,1194,16,0,664,280,926,11715,708,178,0,94,490,0,6986,52,2135,18,723,237,38,158,213,0,223,0,0,388,20,77,133
483,5924,3366,2350,86,1034,7805,3545,1417,19,0,0,512,0,0,0,41,2115,0,6774,2453,0,493,0,533,0,259,18,663,1114,4,714,934,52,1255,0,5104,1447,44156,0,0,477,45,793,1050,5501,0,0,2671,241,1989,101,0,0,0,411,0,45610,2310,64,0,408,2997,0,1084,1480,51550,0,0,176,0,795,1179,2909,0,0,16,60934,6457,123,608,12378,295,0,884,220,5024,0,9852,0,345,1335,0,0,21834,49,6822,239,178,472,680,0,1909,0,0,344,0,629,0,12087,427
484,1243,404,1358,23,242,367,227,123,31,0,237,165,384,0,536,250,13281,500,2800,1115,0,418,0,396,30,31,5,257,553,15,1997,392,326,1000,1257,4443,1072,128291,0,0,8305,422,129,3243,522,0,0,771,1146,3727,0,304,10,0,553,1423,258,1179,68,0,1071,149222,3,232,233,269241,490,263,952,9,3160,6110,353,0,0,0,6326,3141,19680,146,678,7,867,50,724,240,7248,342,119,0,42,502,13,13411,0,1526,213,752,65,186,161,0,37,203,14,0,336,0,16,114
485,70,1014,449,174,4495,2,86,947,220,42,3996,2731,9422,0,237,1359,1419,0,0,1244,0,540,0,119,4,140,78,0,134,0,0,1045,74,45,2,268,1710,35136,0,0,30169,18,108,19891,877,0,0,250,116,0,0,12,158,23,1247,63,2305,0,4388,0,211,5995,335,239,450,8245,0,0,1481,0,310,21336,209,20,0,0,4585,116,2974,73,149,671,77,116,2896,1418,279,655,45,0,74,11067,193,1079,0,204,129,19206,43,2,196,134,0,515,53,39,8,0,5,264
486,454,1081,2114,777,19326,85,202,7684,363,0,921,14386,13327,636,18,0,209,0,370,1445,0,6207,0,132,69,311,91,1014,0,5180,0,1656,14,579,0,2469,690,0,0,491,4075,17,356,1534,2218,0,0,537,55,15253,0,11,0,151,222,19,11812,852,0,279,235,640,185,1482,2476,2831,0,0,0,0,414,3548,4185,25,0,0,16406,642,0,1221,1039,6198,0,426,115,0,0,2535,0,0,0,4309,696,1633,0,915,57,1826,135,44,72,1059,1326,72,566,0,203,0,1524,1384
487,4541,1825,3962,59,962,3697,0,538,61,0,511,414,1180,0,73,548,4541,225,2948,1501,0,1805,0,99,1168,269,7,1830,650,21,0,711,316,925,346,7627,2246,61793,183,58,5789,391,918,677,5660,130,5357,691,645,2016,0,85,0,1735,76,159,3283,827,0,957,8739,15123,47,1081,1582,28232,0,0,198,6,307,3702,5169,2679,0,0,53202,14263,1643,1943,13456,170,0,1417,447,1570,0,7785,0,0,1712,0,12,11902,0,10211,198,152,541,0,0,2124,56,0,634,0,700,0,10692,118
488,95,1452,650,123,4975,28,162,628,70,45,3122,5125,6768,0,820,1666,1290,18,666,1021,0,1541,0,38,20,118,117,1911,86,0,0,620,106,151,162,212,532,156355,0,79,16144,7,68,16013,57,33,0,501,76,3564,0,2,308,25,2545,101,11961,0,2539,0,126,5252,106,280,366,12203,0,0,842,7,21,11512,296,0,65,0,5314,132,1289,728,478,1000,0,214,2940,446,75,308,39,0,120,7540,0,816,0,247,30,10323,41,4,133,0,29,0,0,0,42,0,15,542
489,425,3170,1419,290,25535,123,192,5723,162,0,239,13449,2571,89,0,1190,267,0,617,1897,0,6436,0,24,9,44,161,768,62,130,0,2122,39,651,28,1302,1900,21484,134,197,7806,5,156,3577,2421,0,0,1569,35,360,0,17,0,513,1114,63,17099,953,275,0,369,349,169,1382,1289,1995,0,0,0,0,0,4828,3117,0,0,0,9476,474,293,1308,532,2712,0,1438,319,192,0,4818,5,134,103,6918,651,4489,0,1204,22,4502,28,5,395,435,0,0,1944,0,103,0,1188,754
490,4649,531,86,319,34553,62,196,402,843,0,58,6229,1683,0,0,599,5211,20,525,941,64,10202,2,362,1093,13,576,0,0,0,0,588,1215,116,162,32600,2488,0,0,222,11639,0,255,481,1315,0,0,6184,429,0,0,6,659,1643,736,467,563,90,0,0,1489,2498,22,8655,53912,1792,0,0,91,218,0,582,395,62,0,0,34955,3276,115,1472,2213,1192,18,696,882,5311,0,2224,130,83,844,0,0,31997,864,14422,0,8307,753,204,849,2871,1867,87,53,0,15922,0,10449,187
491,7371,3450,3729,462,1404,3086,20689,626,71,0,0,841,968,0,0,62,6239,0,3978,1981,0,1328,0,0,0,0,18,1984,1278,0,1046,502,108,65,317,9427,1742,42756,0,0,5337,87,265,766,2391,0,0,2187,667,973,0,77,0,325,114,59,0,3218,0,0,0,6970,34,1314,1255,5012,0,0,297,61,99,2328,7340,0,0,0,66392,23409,111,839,2381,1981,0,994,447,9008,0,6628,0,0,249,0,0,14952,0,5167,164,108,857,482,199,1604,0,0,334,1612,410,0,7179,274
492,3733,650,3655,0,816,2788,9523,660,43,26,396,364,287,0,470,149,993,0,4673,1855,93,1160,8223,87,1238,81,12,822,1164,39,0,605,352,1390,0,3347,689,4196,0,5,7064,0,0,904,2374,0,0,3955,29,0,0,0,39,2441,187,0,0,148,36,120,1212,9877,25,1205,1311,23893,0,0,644,0,29,2545,3896,0,189,19,59971,14323,1378,255,3312,694,0,2095,392,10154,325,8094,0,0,1673,814,2,47710,220,3816,57,271,341,26,228,1706,44,517,266,0,960,0,9288,0
493,105,1724,1132,24,3979,21,123,1261,240,16,2329,6404,6310,0,188,1456,933,166,207,2280,0,1270,0,47,43,132,171,342,44,307,129,874,0,793,157,216,1555,52262,1119,0,15219,27,111,6634,503,100,0,1190,82,13443,0,1,947,415,4146,52,340,120,575,0,241,4797,115,436,1264,2858,0,358,1833,3,188,12013,436,3,8,0,10463,144,1644,4477,925,481,563,59,587,0,1068,450,0,0,95,6080,0,2099,5,217,82,13025,15,30,272,129,93,0,207,0,106,0,15,168
494,624,1127,1096,46,244,467,1519,63,61,1,810,353,633,0,2641,209,10681,244,565,2017,0,175,0,160,75,328,12,518,1135,0,1786,709,148,405,344,1764,775,394009,0,0,9093,220,395,4062,1295,0,2777,997,2312,4248,0,103,0,329,485,1500,1529,269,89,0,826,116889,17,507,384,175652,0,0,472,14,24,6153,899,0,1231,0,19468,1780,2198,690,4392,250,295,473,434,412,0,611,152,0,346,651,0,4829,1033,2495,84,649,0,107,27,389,0,0,50,0,68,0,0,309
495,2891,2013,1981,43,706,3501,2537,960,72,0,189,471,1240,0,1140,207,344,401,13454,1907,0,1425,0,0,498,614,16,2139,1357,22,0,525,310,2366,46,22386,3816,10477,0,0,6084,0,1637,789,4223,150,3366,1784,683,0,0,0,21,1336,0,782,6312,917,0,0,1642,15843,41,821,1502,16473,0,0,171,4,0,2191,1617,1677,0,0,12120,15549,3166,64,4455,1777,844,1831,307,450,0,7538,0,0,1487,459,0,50007,0,4989,0,202,298,266,237,1711,0,0,872,0,1045,0,7144,128
496,4005,1823,1024,11,1050,176,9371,859,38,0,447,1345,1259,0,0,266,1272,0,2887,1508,0,1278,0,284,176,144,19,3779,0,0,0,412,6,0,0,30884,0,11258,0,12,5390,106,322,1053,7386,0,0,1817,159,0,0,244,88,351,204,0,26065,0,9,2625,264,20552,20,1209,1022,19903,219,0,468,36,256,2559,6617,349,0,35,39045,13918,248,501,6369,436,327,1704,529,9539,0,9516,0,0,712,51,308,20285,0,4859,31,265,587,181,385,883,80,0,248,0,0,0,8512,110
497,320,2939,80,1890,16089,0,197,10438,304,0,1916,6156,10853,0,0,0,214,0,46,1272,0,4924,0,38,16,23,226,5804,0,595,0,1086,60,0,142,3629,732,27041,1389,0,5409,4,36,1787,2623,0,7040,753,17,13973,0,0,0,0,304,0,12765,0,0,0,91,676,262,902,872,2503,0,0,264,0,0,5959,2085,107,107,0,14729,294,1177,1808,294,2822,6768,557,64,3202,0,4899,0,0,35,0,3232,3412,41,1762,65,3633,95,22,147,959,961,0,3089,0,72,0,1298,400
498,9027,361,52,95,65543,17,100,1273,1249,0,187,19472,6355,0,0,0,0,0,508,994,0,6101,8,494,0,36,289,3462,0,0,96,481,3309,99,233,65361,2042,898,0,0,15128,0,26,1168,2970,0,0,2627,0,0,0,0,0,5152,1583,0,101,0,572,135,2028,2564,59,5880,12504,1036,0,0,584,0,0,1424,1093,0,150,146,25064,3866,21,353,686,0,0,1956,805,6133,0,6607,0,0,5088,0,94,33770,79,17073,0,16884,1274,0,0,3052,1166,0,59,0,985,0,10142,798
499,495,3202,501,0,27907,160,724,3795,157,72,214,11992,0,0,123,1072,257,15,165,1708,0,6146,0,70,0,31,90,3444,0,497,0,1191,76,3083,180,3593,3027,5182,855,143,4234,0,48,2001,3475,135,0,236,38,1517,0,31,0,793,635,8,9566,0,0,0,0,598,113,626,1160,2730,0,0,547,0,0,4883,1251,5,0,39,9655,846,155,1471,1577,142,1146,141,218,3745,0,3629,0,0,42,0,0,6046,125,1171,94,2590,16,9,0,1885,0,200,632,0,170,0,1095,3292
500,3677,233,100,41,6907,1,83,53,1243,21,394,7242,13177,0,1118,582,9594,65,0,729,0,4163,0,98,427,7,81,0,51,0,0,257,0,0,495,923,251,3888,0,103,23972,652,264,6863,234,6,274,5771,4630,8688,20,0,368,194,2521,1300,0,0,215,15,177,14365,39,1791,8506,7771,495,0,98,494,90,5352,128,11,0,0,14282,1111,390,3095,269,275,24,850,1651,4357,18,142,28,0,0,6649,0,17886,0,4124,364,55400,0,28,316,0,0,0,0,0,2298,0,86,64
501,718,460,2486,164,21402,72,0,7491,125,0,2848,10570,8176,0,0,0,83,0,6072,1618,0,10062,0,81,0,64,390,15927,0,742,0,926,37,0,26,1286,429,21932,0,0,1117,0,0,6800,2247,0,0,1545,13,0,0,82,1457,932,734,10,1735,1589,4584,0,0,194,406,428,129,1477,0,0,0,0,192,7587,3451,2,0,24,16411,364,247,0,426,1086,0,232,597,6701,0,4183,0,0,331,0,1116,7744,12,617,0,4497,38,18,209,1135,308,665,1644,0,197,0,903,243
502,760,2924,1209,502,21593,99,1056,1484,88,48,844,10960,26727,0,76,569,341,0,749,1761,0,5679,0,41,25,460,286,8853,54,1046,0,1210,0,480,12,1674,4127,0,0,652,10364,4,472,1098,6384,0,0,229,124,0,0,0,0,675,944,21,20652,0,0,1140,908,622,80,980,1450,1497,0,0,2108,15,0,5276,72,0,0,0,13845,295,1311,2777,1795,540,263,625,1302,2232,0,1409,0,704,0,13718,947,5278,22,402,88,1482,134,0,410,628,0,0,1854,0,79,0,1059,1406
503,2923,122,522,154,23334,0,302,247,1330,29,49,6239,25338,0,32,630,5368,0,1168,1710,0,7189,0,656,1087,21,469,42,22,172,20,735,6538,267,0,43010,3082,403,0,331,21749,800,0,483,2211,120,624,13518,593,0,0,63,0,445,2114,1566,508,0,46,0,157,1927,10,8588,24097,1784,0,0,0,0,0,1526,783,0,568,0,9357,3666,36,877,1612,4345,0,3132,426,6266,0,2088,22,0,0,0,521,65093,0,15805,0,13744,0,19,0,1584,1216,0,41,0,5770,0,6032,371
504,746,2744,2501,260,19800,62,25,12034,195,0,0,20950,12487,0,48,696,120,78,838,2011,0,6750,0,0,0,0,355,0,74,869,0,1346,18,4259,0,1858,1743,24212,131,0,10309,9,0,4686,1842,0,0,714,62,0,0,0,0,886,252,53,22866,2201,1442,311,0,427,214,899,1402,1747,0,0,483,0,0,4904,4206,0,0,0,20914,439,0,5818,328,2412,836,1204,392,4507,0,5017,37,0,70,3773,7781,3227,0,574,0,4750,0,2,0,662,367,1436,246,0,59,0,698,1279
505,1543,2089,791,35,392,0,3193,224,48,6,659,434,1094,0,410,261,11249,587,2247,1190,0,461,785,1004,601,186,14,1391,750,9,202,759,306,874,285,9425,985,49432,0,51,13172,246,738,1229,786,0,0,1273,2600,8155,0,150,0,56,869,1836,0,330,130,0,84,114430,25,580,527,77727,0,0,423,0,685,7162,409,0,1413,0,14483,12152,36209,276,2146,187,499,0,1900,2882,0,123,86,41,190,639,0,12180,85,2996,984,909,0,166,83,358,0,0,36,0,51,0,2,132
506,124,373,422,231,5665,27,230,377,133,19,1515,3972,10684,0,241,2379,2251,2,937,1149,0,872,0,65,0,91,153,2987,36,198,0,562,109,0,223,108,0,154648,0,105,14132,8,28,7278,266,47,0,425,86,13945,0,0,100,90,325,20,1976,0,456,0,165,4583,615,272,447,9232,0,0,1473,23,1366,19018,837,0,20,0,6626,102,888,1050,701,2438,0,188,2263,663,358,380,160,0,173,13314,336,896,6,147,102,13286,0,0,163,197,0,56,115,0,8,0,5,396
507,4442,641,2268,45,1079,1763,0,1961,77,0,447,466,0,0,1667,198,727,0,3351,1250,0,1836,3772,136,364,1204,4,468,188,0,85,669,538,1023,203,33128,3052,30154,0,0,281,0,75,875,9480,0,0,2192,499,759,0,0,68,589,265,1676,5074,0,0,0,3450,17158,9,684,929,16372,216,280,311,0,73,2460,2110,341,0,0,40825,20193,1973,294,3953,1293,0,291,389,2603,0,14044,92,317,468,0,0,68625,176,2525,148,135,115,754,29,293,0,120,1186,0,100,0,7715,26
508,1671,271,0,0,10104,0,46,135,1350,22,317,8678,4750,0,475,171,8998,0,107,506,204,556,0,635,0,2,104,0,90,0,0,413,3360,0,1676,6920,366,8439,0,0,10231,239,0,3083,205,0,0,2698,2783,7218,0,6,2070,1048,2492,945,225,0,240,0,691,12105,6,733,14271,5506,105,0,112,0,1411,4673,47,5,0,0,3479,747,380,312,700,796,0,543,3246,586,0,173,123,0,1161,2766,20,7914,94,4038,1527,33800,101,0,494,490,0,0,0,0,768,0,27,5
509,44,4003,23,606,19663,33,677,13214,255,0,636,22581,4796,0,59,2862,58,0,2865,956,0,7139,103,1,19,367,384,1356,60,0,0,1940,148,1848,0,3527,3367,20411,0,0,10128,17,147,2496,5849,0,0,400,127,0,0,96,800,282,915,42,0,896,125,114,102,668,355,352,1549,3632,0,0,2689,15,0,3763,3616,9,0,60,9197,335,399,3182,1096,1735,2874,96,157,2713,0,4343,0,0,526,0,1248,6422,18,727,29,4321,22,54,103,367,250,0,3029,148,230,0,685,689
510,152,1558,261,239,8055,20,86,2427,207,51,286,8425,7028,0,603,1351,1561,207,382,2006,0,1170,0,78,2,270,256,0,0,0,866,986,39,0,97,412,407,167092,74,0,20600,6,20,10884,177,90,5545,87,106,5137,0,29,0,257,2509,56,4503,0,2199,0,684,5590,209,224,494,9646,0,0,3808,2,381,19255,915,0,0,0,5651,379,1063,834,407,1011,0,69,1093,1344,0,599,128,0,291,20996,0,529,12,82,87,15407,30,10,188,0,0,36,0,0,14,0,5,455
511,514,2909,3604,217,18350,0,43,6730,375,26,233,28284,3018,0,0,1476,58,0,3463,3263,2631,7370,0,0,202,36,334,1651,167,2394,324,2152,135,4149,4,2986,1651,980,0,3,10911,0,102,1486,3584,110,0,941,27,6410,0,51,1550,2200,73,30,3582,3372,0,0,295,858,26,892,1226,1852,0,0,1872,0,0,5240,4300,27,0,0,15049,365,0,2275,206,905,958,181,206,1643,0,5405,0,0,1266,12818,0,4241,0,1286,85,2607,215,24,192,1112,457,1446,2490,0,7,0,753,3997
512,559,3946,898,147,19820,85,0,3269,168,0,0,10358,2987,0,31,309,108,0,1753,3781,0,2901,0,15,48,308,202,3903,40,472,0,1440,0,0,23,2003,3601,41643,0,564,16252,11,130,3703,1901,0,0,1101,77,3211,0,0,0,732,1528,9,7242,774,728,0,79,551,248,853,478,3206,0,0,643,0,84,2239,886,0,0,0,10692,790,999,1899,869,3978,514,483,237,2551,52,4942,0,0,210,0,899,8009,9,1076,51,2039,109,0,356,1196,0,337,1801,83,9,0,1042,781
513,741,241,34,0,7735,24,58,125,1537,0,95,6929,2512,0,2178,1173,19447,38,51,1008,0,1077,0,700,361,18,108,0,94,639,0,539,2602,32,25,1904,1787,764,669,0,22186,157,23,4867,162,0,0,3039,3749,3115,0,5,0,784,5110,2136,30,0,77,0,721,10650,8,546,6693,7376,0,0,359,0,505,6747,196,0,0,0,5244,1681,2181,260,169,656,7,1517,4800,1464,0,519,148,0,42,6278,0,11697,0,3406,141,40407,224,114,1149,100,0,0,2,0,406,0,33,755
514,119,1583,565,866,4761,51,20,1928,206,0,386,3118,12840,0,501,2562,974,0,680,1236,0,1215,0,129,35,107,45,568,249,57,0,714,10,0,220,334,1202,152016,0,0,27593,14,141,6452,585,0,0,231,148,684,0,19,2374,602,2328,93,5725,0,3048,0,451,6162,308,262,304,7002,0,254,2214,2,1854,19575,403,0,0,0,5886,99,1401,692,353,477,0,128,2172,789,0,141,30,0,106,23383,0,679,0,140,212,15472,9,12,89,166,156,228,0,0,40,0,3,595
515,6085,304,187,0,28415,72,0,557,1651,0,256,18492,0,0,126,617,6437,0,235,2718,0,9976,0,718,673,42,578,4131,0,3331,0,793,13339,98,169,65926,1913,368,0,0,22059,411,646,720,2795,71,9763,2935,468,0,95,0,2760,4514,2463,313,0,108,116,0,133,1785,74,3019,8748,1244,0,0,346,0,0,1783,972,0,0,23,23617,2660,0,1477,495,8045,101,1666,954,5872,0,3813,0,0,1412,0,15,59151,190,6988,4815,12758,1279,268,696,1015,1518,60,34,0,6299,0,4553,0
516,1305,1025,251,46,157,176,1120,372,34,0,385,286,711,0,641,51,24582,1048,517,976,305,127,0,94,339,160,4,0,219,0,0,428,315,902,439,1835,847,374928,0,0,10957,72,375,3078,667,0,0,671,1981,26977,143,69,9,193,612,1841,1133,0,22,0,4005,115121,11,295,136,180941,0,0,199,3,350,4711,1296,0,0,0,11524,3729,10729,15,102,155,678,520,1677,0,0,1149,12,0,0,442,0,9706,270,1468,126,566,0,62,0,0,0,0,0,0,240,0,0,29
517,7383,1210,3894,78,692,964,1619,1873,72,0,0,1283,0,0,832,163,2383,0,6599,1247,363,1308,0,435,194,477,13,0,953,40,0,593,716,117,0,24800,1853,13521,0,0,11497,0,491,861,3643,0,0,2522,1062,1787,0,0,0,579,125,1153,13195,123,127,2461,6338,9566,9,1450,775,35334,0,0,213,0,0,1779,5205,3228,0,0,44809,7435,2033,1704,6970,694,7728,2700,279,0,0,8982,0,0,566,855,0,68845,0,2857,0,109,0,0,97,1001,0,0,80,279,1038,0,4097,0
518,3337,2156,2304,0,545,2523,4668,857,37,0,0,754,0,0,806,226,3693,0,2261,2349,0,1424,0,149,300,731,15,1941,658,17,0,1286,355,1827,47,39204,593,49183,0,155,6562,198,1283,270,5346,0,0,2556,722,0,0,44,0,0,244,76,2638,5613,24,0,4072,19870,5,769,475,42618,0,0,493,2,279,2234,3065,2640,748,0,18563,6214,3466,619,7530,659,2008,897,390,6102,0,10363,66,0,118,386,0,61546,258,6230,4,131,0,194,210,1944,43,0,780,0,313,0,2495,326
519,209,4441,977,977,25410,0,376,4791,102,0,1294,17745,9043,0,158,2212,146,0,1785,3355,0,6914,0,44,23,144,629,2830,0,0,0,687,253,0,178,1346,432,0,171,454,7629,6,126,3607,1116,0,0,1386,36,2575,0,0,0,356,924,6,6650,761,1181,309,1223,562,289,757,1678,2016,281,0,1088,68,357,5989,4191,119,15,103,15172,302,297,2188,241,6624,0,672,518,1563,0,6060,0,0,369,0,838,5404,45,781,33,2942,37,5,518,1966,0,0,1151,0,0,0,380,0
520,227,3650,940,729,5112,5,0,628,87,118,2645,3473,19560,0,361,2457,1252,125,346,1136,4195,1730,0,30,37,135,235,0,70,0,0,1118,11,1643,192,315,337,184139,0,0,19914,77,61,3574,887,0,6897,684,92,0,0,12,198,0,4069,61,370,328,5772,0,388,3038,345,408,306,5377,0,0,3434,30,733,15633,692,0,0,0,7173,253,1935,674,422,1319,157,127,770,2376,0,273,128,0,189,13117,0,1188,0,362,55,16406,0,4,149,145,0,252,344,0,23,0,32,948
521,5303,136,378,0,39526,184,0,243,3120,0,528,27356,0,0,39,0,4684,0,960,2907,0,13818,60,362,1631,19,640,0,0,1689,0,571,978,0,0,20050,0,913,0,0,7993,0,146,715,1991,0,0,6190,2078,941,0,0,0,3054,1436,664,35,86,0,0,0,2214,5,4751,5270,1098,0,0,539,1102,0,2275,1174,0,1236,0,15065,5357,5,824,234,1665,0,602,424,2946,0,4191,113,0,2298,0,151,148663,566,4597,0,17911,5181,0,1696,452,476,244,51,0,1915,0,3806,0
522,6950,111,132,34,30262,24,131,308,1073,0,374,14499,27582,0,0,1086,3252,0,866,1910,0,6131,0,685,485,25,1003,2319,0,727,0,1241,10177,89,1088,18238,798,834,0,518,11054,193,114,1055,2188,0,0,6050,930,4973,0,14,0,466,1638,0,10,94,203,115,506,1023,7,6982,23337,1799,9,0,0,0,1088,385,683,0,0,93,12623,2042,89,1075,1029,3608,24,1193,680,1015,0,2165,0,0,1999,643,436,174036,0,6851,1927,6432,585,0,1469,983,0,0,26,0,1805,0,3516,67
523,2156,1590,1237,10,210,298,644,357,39,0,606,197,1070,0,4679,353,21706,601,2712,825,54,496,0,653,0,149,4,548,24,0,0,477,55,240,379,1783,52,246433,20,0,9853,276,34,4569,0,0,6998,1212,1239,2814,0,73,28,0,179,2447,6685,347,97,0,468,54962,54,114,270,111977,0,115,319,0,92,5537,120,94,0,0,12375,5362,22686,573,4670,388,151,1042,1359,2327,0,203,283,0,110,245,20,3587,0,1696,163,769,246,17,236,538,0,0,0,0,192,0,123,110
524,2114,2992,5165,234,912,3205,1447,1850,76,0,0,733,1498,0,0,98,2750,0,10602,3422,0,1643,0,494,0,1378,24,1849,0,132,0,1316,0,0,0,54712,1720,25842,0,0,4306,22,1470,955,15700,0,0,1816,389,988,0,8,0,1125,35,254,0,3011,80,0,0,17217,10,855,890,25595,0,0,292,0,72,1956,7322,654,0,0,8505,12838,1619,360,4612,1456,2290,750,372,4932,0,13394,0,0,135,0,0,63087,0,4039,0,69,1241,1129,8,1203,0,62,741,0,88,0,2888,171
525,2421,616,154,48,58773,82,0,858,1831,0,238,20989,0,0,0,396,3111,0,1150,2057,192,9629,0,204,219,41,480,5778,0,369,0,1326,0,113,234,31217,2719,0,0,22,11446,0,290,497,2485,0,4868,4548,658,0,0,10,0,2042,1139,579,0,61,66,0,100,1663,26,2414,5763,2265,0,0,161,0,263,2195,1213,18,0,0,18862,4764,193,1438,213,4672,28,803,1191,7923,0,4656,0,0,1273,2003,31,124029,159,8673,2646,9298,0,220,796,1424,0,0,40,329,0,0,3150,113
526,460,1243,320,86,38836,131,30,14080,102,0,929,13434,16179,0,0,2395,146,0,775,2022,0,2173,0,15,11,406,137,4201,0,1028,0,1243,113,1089,53,5605,3783,14371,0,0,6242,5,0,1472,3730,0,0,121,32,749,0,51,0,99,391,30,0,1274,865,0,206,301,89,667,1473,1630,0,0,1488,0,0,2180,3832,62,24,0,8075,733,183,1721,163,850,878,943,305,2514,0,10835,66,0,388,2330,723,4907,0,721,0,4155,109,13,143,681,0,0,1807,0,0,0,331,1077
527,4075,216,37,44,56046,107,16,581,2596,0,0,17012,5970,0,54,134,2978,0,663,1913,0,7580,0,835,3458,52,384,5109,208,392,0,422,1746,12,0,41293,4033,1809,0,0,13613,0,337,817,1561,0,0,2687,1685,552,0,0,0,2348,2223,505,34,138,369,0,208,1286,19,2757,9669,941,0,0,70,0,156,994,857,39,0,0,12772,3788,32,624,1049,3196,90,1886,666,4480,0,5825,0,0,0,3319,134,189334,0,6030,608,6380,0,0,859,2156,0,100,75,0,28,0,2058,19
528,223,1170,1299,319,3161,0,0,729,230,0,2865,2838,18758,0,720,282,1752,104,571,1055,1003,203,0,153,8,176,5,3823,129,227,0,495,44,271,269,0,1402,102260,0,18,18615,12,24,6001,580,103,3636,634,122,4498,0,17,533,34,4060,27,4963,106,743,0,346,4397,159,308,448,8054,297,0,3696,4,307,16477,922,0,0,0,6381,143,5327,286,1412,455,1704,80,361,79,0,440,0,0,70,16139,561,1076,0,323,0,16532,0,3,88,247,0,0,47,0,30,0,14,1840
529,263,803,2232,366,31806,10,99,10343,234,0,239,8418,1491,218,75,3444,19,0,1035,3023,0,3030,0,44,132,258,287,11273,174,947,0,1948,105,0,82,4227,2154,14817,0,0,8147,0,514,1228,3459,0,0,763,5,4369,0,0,0,1581,1246,3,3524,264,2246,0,108,299,138,382,1233,774,0,0,3175,0,83,7574,728,133,0,0,8643,328,353,8384,668,3817,927,349,93,6915,0,7212,80,0,90,1716,0,7550,51,718,67,2386,57,38,302,1292,161,0,2059,0,15,0,340,986
530,19,1794,921,158,5220,0,0,1384,166,31,1929,2013,2900,0,697,1894,1893,158,1364,1443,0,1053,0,108,3,152,67,1450,109,0,0,926,39,690,327,28,336,178210,0,156,16278,19,317,9699,98,53,0,166,84,17772,0,26,1202,0,773,33,10457,29,1080,0,176,4310,864,392,586,3301,2653,138,1648,8,1098,19517,292,28,20,0,6508,70,2248,235,1282,1423,0,333,689,1147,0,412,355,0,67,12337,104,504,8,194,61,14315,21,5,183,0,47,308,92,0,46,0,25,1045
531,2593,4251,4484,0,1528,67,1409,1231,47,0,323,780,0,0,553,261,306,0,4148,1936,0,1978,0,396,860,744,14,2040,0,136,0,763,101,515,33,27827,3639,62075,208,29,6770,104,0,349,8524,0,0,1291,382,282,0,35,0,457,194,115,0,281,69,0,849,13876,3,914,307,19504,0,0,0,19,0,3319,7298,67,0,15,37617,19065,1532,2127,1557,1679,2584,92,215,6603,0,9523,80,90,1697,0,400,56294,0,810,204,93,719,298,227,1017,0,0,411,0,0,0,3860,220
532,3768,116,115,0,8629,4,214,103,2063,18,46,3578,3845,0,463,1371,78128,0,413,972,40,1048,0,1362,1729,25,529,934,125,0,0,309,1053,184,1591,500,1519,2845,0,244,40262,534,347,2338,97,0,0,2545,5593,1937,0,83,0,0,3705,1829,99,0,142,0,829,12825,56,1192,11629,3580,0,0,406,0,2538,6817,29,0,0,0,7463,2061,1117,261,87,577,49,1705,2820,2523,0,509,30,0,0,7917,0,17696,0,3554,4073,46881,0,74,740,465,0,0,5,0,3338,0,0,360
533,3798,2313,1396,56,946,3568,21073,779,82,13,178,939,0,0,0,766,5040,0,492,3793,0,1317,0,0,1455,478,23,1915,0,78,1723,597,0,400,7,28077,7147,21794,0,26,9397,156,1009,896,1514,0,0,4602,533,3797,0,292,17,1021,328,0,6332,4672,57,0,1278,14448,8,1230,212,38814,0,0,256,0,0,1739,4969,0,0,0,46138,17549,1766,823,2831,1922,0,1181,181,1583,0,14888,139,0,373,288,51,45626,204,3349,0,274,0,346,188,541,0,0,1277,266,162,0,2947,0
534,6290,29,271,0,46953,8,0,640,2119,0,207,12718,7491,0,49,590,1274,0,2839,1398,0,10558,0,728,2209,81,597,5896,241,943,0,1154,6521,189,190,16846,1781,670,0,0,13789,668,272,886,1216,59,0,2602,1051,0,0,0,0,2643,172,817,312,260,0,0,769,620,12,4392,15312,738,112,0,68,0,0,1677,20,57,0,0,12454,4556,124,1443,204,3372,0,1947,1799,11732,0,6409,0,0,876,0,230,85491,0,8989,408,9987,0,283,2361,1278,0,0,82,0,0,0,3489,1058
535,344,3282,644,379,26725,34,120,9870,291,0,1152,7440,0,0,195,605,32,0,1178,3265,0,4626,0,60,116,479,608,0,0,0,0,2562,49,5633,70,1390,0,16235,0,177,16671,0,0,5849,2636,0,0,842,25,0,0,60,1069,537,2811,7,6293,4578,2818,0,0,183,454,652,800,2106,0,2386,1124,0,0,10277,4179,110,226,0,13641,677,303,778,990,8353,0,308,181,2546,0,7544,0,23,436,14486,704,4817,0,572,27,2200,0,3,342,1371,671,0,1404,0,41,0,512,1291
536,486,697,1699,217,4658,0,17,960,206,0,2251,5799,23350,0,168,2542,2468,0,2124,1865,0,1456,0,125,9,27,167,0,91,0,0,1313,20,0,148,183,2288,65507,0,45,33550,31,280,14768,0,33,0,733,88,4231,0,0,864,0,4624,67,191,0,8261,0,74,3904,334,567,927,5844,0,0,1899,26,1546,22536,287,0,0,0,5937,60,491,721,381,515,2630,543,516,986,4,41,104,0,0,12002,0,1062,0,427,191,16324,21,3,132,56,0,307,0,0,65,0,0,260
537,5081,1950,926,0,1308,5212,1244,1695,46,0,51,867,1165,0,1717,83,4415,80,6484,2632,0,1781,0,848,247,536,11,849,174,47,0,910,309,1490,197,78772,9772,36528,0,261,7442,69,2276,701,6839,299,0,2043,419,1630,636,348,0,3179,175,198,16079,3716,100,0,1636,7968,0,479,384,21768,0,0,136,0,422,1248,6156,1279,0,21,37998,14678,2385,861,5606,1995,2657,328,168,864,0,32807,0,0,173,362,41,20017,1555,1390,0,211,958,1116,0,1306,35,1082,888,0,222,0,3611,358
538,3692,292,99,37,9707,2,129,43,2390,32,240,1696,10788,0,1300,280,44896,35,26,847,0,1324,21,259,2127,14,492,1319,151,0,9,524,4197,0,452,2336,338,6538,0,332,9691,540,82,3249,223,0,0,3061,3586,3607,0,0,267,508,3325,1360,40,9,478,0,732,7658,81,2101,6832,7830,0,0,41,0,2457,5526,137,0,217,0,15497,1949,161,693,478,1351,10,385,4170,0,27,89,37,0,292,7940,11,6695,14,5745,3982,26818,248,90,671,55,1466,0,2,0,1726,0,303,189
539,1813,492,93,151,39605,0,208,756,1765,0,719,9942,0,0,12,85,2663,0,1059,2101,0,11733,0,277,1308,2,243,4057,0,1520,32,756,2343,0,0,85943,1004,519,1277,13,10073,184,340,1150,2429,36,0,3385,1539,2754,0,0,0,702,225,338,0,324,0,431,190,1209,68,4008,9404,2263,0,0,279,0,140,1822,616,0,0,383,19079,4160,134,848,281,7823,0,649,817,2414,0,6339,118,0,322,0,126,138234,276,7707,0,7411,861,112,2217,3536,0,0,13,34,0,0,3680,0
540,4876,2042,1191,139,1492,2892,10613,2187,53,19,406,529,1846,0,2346,19,2129,122,1809,2426,0,1356,0,524,1553,388,31,2137,0,0,0,691,456,897,0,52423,453,35754,332,0,10077,60,724,613,10265,0,451,367,329,0,0,0,0,1775,245,773,3619,5700,0,0,3549,11139,16,1872,1327,38360,0,0,301,0,166,1714,5502,0,0,0,44368,13077,200,1683,5424,1045,5908,897,219,1163,0,18032,0,0,1320,0,389,12106,127,3598,65,215,838,227,56,3085,26,0,804,169,195,0,1791,42
541,3066,2686,3802,0,1295,0,588,1309,101,0,505,1510,655,12,0,820,712,0,0,2424,738,1533,0,14,281,330,6,2922,0,39,0,983,140,358,0,11279,413,64672,232,0,5384,302,1291,1394,5383,0,2836,2451,699,10287,0,226,0,0,0,177,0,323,0,4344,0,8072,16,928,208,68010,0,0,0,0,103,1101,2727,0,0,0,15392,5661,0,421,5635,2580,0,792,1296,0,0,22767,0,0,611,0,272,79448,2449,4191,0,141,377,39,0,719,0,0,411,0,0,0,790,633
542,9108,986,3064,112,817,0,12205,2502,35,0,299,702,681,0,1273,0,3341,0,7298,3713,0,1433,0,309,917,1167,23,1415,855,0,0,1141,967,0,446,55726,319,17323,292,52,4063,133,512,376,6545,0,0,586,72,388,0,0,0,401,100,0,10673,5660,56,0,0,17619,10,368,867,57294,0,0,258,0,0,698,6505,0,641,0,34890,3586,1925,552,4729,479,768,636,177,988,2279,16545,0,0,1407,284,214,44762,1001,2849,39,356,0,740,0,1779,0,1046,533,0,0,0,759,105
543,9787,250,194,47,43219,51,0,445,1921,49,264,6733,279,0,101,569,6492,0,248,2978,170,3573,0,0,412,37,626,6350,39,765,88,1217,2251,53,603,77466,2940,0,166,266,13453,0,363,921,472,14,0,5106,963,0,0,0,193,4207,75,1298,23,192,0,0,547,2006,0,6292,10372,1616,0,0,85,538,343,1699,560,30,0,0,19300,2009,35,416,207,6113,0,1455,757,2993,0,6362,0,0,2368,4440,538,128334,34,9246,717,6390,62,279,520,1147,2280,84,29,88,77,0,680,245
544,5598,736,74,32,29249,14,201,407,2358,6,226,21712,13602,0,31,119,626,0,1103,2675,0,8778,0,0,1828,59,423,2016,0,113,34,1455,2223,50,189,70432,1626,984,1477,942,9111,787,337,1296,2599,38,4773,4329,611,0,0,59,1895,0,2201,933,48,32,200,0,297,3056,7,3130,7123,1812,0,0,176,404,0,1847,410,22,398,0,17433,1185,118,904,0,9496,48,689,935,3855,0,3637,0,0,1648,0,298,119314,0,10407,78,11377,0,81,1411,432,671,0,38,0,1783,0,990,190
545,497,2302,1779,274,16781,47,80,4494,184,0,3928,14165,15860,0,344,117,73,3,3591,2818,0,10076,0,56,40,53,289,8547,0,0,0,1957,95,3193,0,5399,940,0,2276,549,13070,11,242,3324,3038,0,545,387,24,0,19,0,0,0,2350,22,16827,0,0,0,752,681,325,271,1155,2087,0,0,0,9,475,6324,2216,0,0,0,11997,82,0,2185,672,10512,554,778,270,476,0,6756,0,0,101,8843,2831,8536,4,734,0,4487,0,7,110,430,244,543,1193,0,91,30,39,277
546,1332,838,465,30,312,367,1528,269,37,23,0,315,166,0,1256,142,12629,0,1359,904,0,432,0,904,0,719,2,0,576,10,0,436,91,120,58,0,2356,562190,0,10,7790,316,49,2799,1930,0,0,1264,1383,9500,0,85,6,22,839,570,1107,0,0,0,0,51950,16,125,576,151147,0,0,526,0,0,4224,392,0,986,0,24782,4129,6316,406,6177,57,0,400,1107,1075,0,606,98,17,13,1049,0,844,274,3047,0,570,69,345,135,285,0,313,15,0,0,0,239,262
547,3783,1236,95,277,12306,35,9,86,1737,16,804,6329,3493,0,160,134,28117,49,0,1500,0,1901,0,848,0,47,386,2593,18,0,0,574,35,38,630,1616,1070,2647,0,0,25517,783,0,2158,337,0,0,2065,2819,10945,0,53,0,919,883,3700,349,0,810,0,74,5953,16,3072,16758,7779,0,0,172,0,34,6144,199,0,0,0,13742,1634,896,75,610,857,17,2140,7593,1948,0,134,71,0,609,6790,70,12391,26,9538,1050,39575,0,284,1685,0,2275,28,0,0,1551,0,129,296
548,2967,513,6,138,12914,25,55,212,1757,36,183,5515,13263,0,1473,943,30498,0,1334,832,0,2425,0,1074,0,16,171,0,0,736,0,425,214,0,593,6816,3296,1977,0,649,22441,497,401,2463,891,18,0,2166,4853,4338,0,31,2447,2637,4117,1626,48,11,0,0,774,3210,22,3582,18377,8769,0,0,116,530,2881,6120,128,0,0,0,8502,1623,472,1624,435,520,40,154,2942,0,261,129,98,0,584,3341,84,6026,12,6031,2373,52073,1302,177,1006,542,249,0,2,0,2273,0,197,0
549,569,4282,4519,1141,31641,21,47,10635,209,0,1434,21157,24763,0,106,1214,0,46,1024,3804,0,6851,0,0,13,296,479,4280,62,1516,0,2493,24,1342,0,2298,1596,22212,707,0,10205,0,361,1710,4890,0,7213,732,22,5015,0,0,1099,224,561,21,2468,4031,1020,0,616,606,74,292,1230,2477,0,0,344,0,0,7222,5737,0,0,0,8197,320,450,2745,767,13032,1220,315,282,3143,0,12078,0,0,104,7965,1251,4870,0,767,0,3172,75,35,350,747,0,276,3346,12,0,0,179,140
550,3043,2190,1340,249,340,364,563,845,40,0,289,287,1289,0,3157,109,6708,0,285,883,0,405,774,334,219,937,5,2795,732,0,0,497,0,405,1036,5480,1124,340557,0,15,11647,600,0,2672,856,0,0,1267,1376,0,0,110,0,209,301,2728,4186,898,120,0,1780,44196,25,475,603,112716,0,0,119,10,53,4201,707,0,0,0,29572,10442,9136,771,3485,477,0,864,1235,1817,0,2068,289,0,39,699,0,5942,155,5277,105,765,0,355,229,397,0,0,0,0,31,0,395,24
551,512,2519,4539,552,20093,0,0,4778,300,0,566,10391,3661,0,23,982,138,8,3814,2699,0,5157,0,120,27,421,355,4018,87,180,0,2471,237,84,149,3001,0,927,1634,0,7431,0,336,700,5490,438,0,1305,42,2973,0,0,849,512,162,14,0,360,0,0,362,551,312,441,1795,1125,0,0,0,0,0,2382,2062,0,0,0,17323,836,148,15339,2194,11903,0,299,144,2312,0,3231,0,0,608,15159,2357,6562,0,563,0,1680,0,17,36,550,1049,0,2554,0,19,0,307,0
552,95,1092,676,134,23099,319,106,8531,400,0,206,14953,1292,0,88,1540,6,0,0,3694,0,4971,26,58,38,343,364,6525,0,1404,0,2002,0,1658,0,3202,161,13825,588,108,4274,0,1097,1052,1005,0,0,1344,30,0,0,28,0,261,2412,0,603,1202,213,258,83,811,67,203,855,3002,0,0,1991,0,181,4748,5938,101,0,0,8713,195,572,4226,914,2678,0,792,273,427,0,11689,0,0,133,0,3597,6076,0,727,0,4055,35,0,0,1604,453,0,1673,0,94,0,256,0
553,6772,2519,2255,0,345,295,11322,1585,21,0,59,271,1334,0,2049,385,14659,285,1354,1746,0,144,2325,1078,0,231,4,1561,0,0,159,1060,378,1361,234,1010,4493,77388,0,0,17462,201,191,3650,1086,0,0,1836,2092,0,0,71,0,429,364,140,2178,412,25,0,3107,48642,5,668,502,169676,0,0,494,5,94,6716,624,0,0,0,30458,14933,19704,49,9177,213,0,1210,898,1315,0,0,133,0,0,284,0,9058,0,4881,321,813,208,677,931,372,231,0,105,0,403,0,266,78
554,180,1739,637,1040,8628,11,42,2447,333,0,605,3464,0,0,414,1649,979,0,656,1282,0,932,0,38,0,237,99,1844,0,0,0,1313,59,0,379,0,1499,108825,0,0,19534,22,158,8601,806,0,213,831,133,5134,0,0,299,319,2919,50,6711,609,2934,0,326,3468,388,499,1250,1490,0,0,1312,0,293,9267,356,0,0,0,2006,315,8083,311,3143,1273,0,57,990,3304,10,94,18,0,0,25415,74,751,0,800,154,14114,0,1,123,964,0,0,203,0,35,0,25,0
555,10,653,719,266,3698,0,0,2458,91,126,4814,2184,15979,0,229,2826,1035,0,143,790,0,382,0,19,17,109,122,0,57,0,0,1062,101,505,310,52,0,207976,0,0,28955,18,147,8424,689,90,0,325,30,20659,0,0,0,0,2216,73,14604,0,3320,145,595,3443,857,522,537,7537,468,0,1989,0,0,11046,309,0,0,0,8057,134,4035,431,1123,781,70,59,787,1427,0,0,202,0,379,33498,0,552,0,454,25,12672,53,6,445,0,0,286,0,0,17,0,0,191
556,5517,412,132,0,28317,50,0,243,1822,31,987,8926,9207,0,0,703,11019,0,1004,2095,0,4820,0,0,0,26,598,4506,56,0,0,1062,103,88,105,51688,3335,769,286,0,14582,0,51,735,2250,0,0,3346,1401,158,0,0,353,3835,166,704,0,24,1218,58,339,1864,93,3502,15655,1889,0,0,1441,576,0,983,250,14,425,931,18748,4766,171,1798,555,7700,67,1766,531,1060,35,5379,0,0,3821,4682,258,129356,190,9465,263,14725,1232,256,875,3165,0,0,47,369,0,0,1979,623
557,7451,500,201,79,48763,36,0,460,2606,0,68,19474,5400,0,16,254,2725,0,1280,2350,68,6320,0,71,2260,22,516,8402,90,253,0,1056,1594,154,0,19929,1393,156,418,170,13409,143,653,615,1233,0,658,4506,1601,438,0,4,1653,1864,614,1501,905,62,85,40,176,966,44,9217,22489,1744,78,0,500,0,0,1103,1038,9,0,0,34746,4180,149,1842,72,6340,0,2931,87,2446,0,5865,0,0,847,224,353,58085,313,8913,2793,9049,0,0,190,1999,0,0,47,0,882,0,2075,113
558,715,1508,705,0,21423,2,0,8330,135,0,0,15274,0,0,175,978,152,0,0,3662,0,5693,0,25,97,577,373,5053,185,1036,1140,2710,250,0,32,491,1216,4053,384,0,15040,27,36,1548,4370,0,0,1701,7,2362,0,0,1833,1646,870,64,17389,3391,0,0,496,354,106,799,1247,0,0,0,0,0,38,5650,4736,29,188,0,8112,710,756,2254,148,3259,0,291,175,3902,0,8521,0,0,0,0,1454,4912,49,1207,232,4262,194,10,139,513,279,0,3010,17,94,0,496,0
559,4135,269,1346,0,1002,1914,0,551,28,0,24,651,774,0,613,878,366,0,3041,2471,0,2226,0,356,661,486,14,0,471,0,0,1068,516,926,0,36361,1446,43522,92,8,2424,0,152,971,12235,0,0,4156,503,0,0,411,0,698,269,858,6248,730,88,0,2565,7928,3,1914,843,31339,0,0,71,3,419,947,5767,0,1501,43,28473,5859,0,5299,12715,969,4648,1143,121,8153,0,6613,0,0,181,0,220,32459,0,7606,19,180,0,402,206,517,0,179,429,0,274,0,1166,214
560,252,2042,2107,578,20943,0,130,8139,155,63,3060,19255,10472,0,102,2070,0,0,771,3182,0,5523,23,61,18,508,152,3849,10,0,0,2979,71,0,0,1897,3273,18116,857,34,31274,6,125,6502,2314,0,0,1515,10,2177,0,51,0,453,1808,16,12703,2295,1785,0,127,904,0,499,1008,1210,0,0,1449,42,0,5465,2965,0,0,0,12818,407,362,2669,1091,4839,7579,0,51,2087,0,6685,12,422,651,0,1859,3500,16,930,17,3754,96,3,151,1006,0,214,3171,126,0,0,221,653
561,4076,2882,3458,0,1279,0,14276,1813,44,0,191,333,618,0,0,489,1865,0,10447,3104,0,1697,0,357,1088,1046,40,969,0,63,0,1304,0,1803,0,18337,3679,6671,0,0,8334,127,1666,788,5715,0,0,3661,695,0,0,0,0,353,163,0,9742,3146,0,0,2196,8332,38,908,791,26329,0,0,394,0,0,1547,6320,0,0,0,32258,11382,2787,530,6773,1535,0,1427,86,6687,0,12136,0,0,1820,608,146,54440,621,2484,189,225,102,534,36,182,0,2272,228,185,65,0,1517,75
562,216,5656,1308,267,35082,41,383,8503,119,0,818,11866,14936,0,106,360,293,0,1516,2193,0,6993,0,0,113,606,236,0,106,0,0,2102,86,2519,29,4893,533,4317,861,0,4273,0,106,443,2642,390,0,1399,1,0,0,0,0,0,1338,69,0,1723,3117,0,360,1081,0,741,2353,3171,0,0,720,0,0,5299,4315,170,0,0,11697,957,524,2122,726,8854,460,873,40,918,0,7333,131,0,564,0,5006,2949,12,1085,188,3442,28,9,183,327,2188,0,2725,0,101,0,204,0
563,84,4063,214,1040,4167,0,52,1957,137,0,3698,6615,15814,0,507,2975,327,112,997,251,0,2504,0,90,0,128,22,0,120,0,0,497,0,106,114,51,967,105733,0,0,19951,48,0,12518,1040,184,0,648,46,6064,0,0,702,0,1667,83,0,397,5167,0,503,2810,497,125,846,7750,952,0,5713,31,177,15870,736,0,0,0,7155,244,4552,9876,315,723,0,1033,1257,513,0,493,193,0,146,24349,0,485,22,759,99,18325,0,21,191,78,394,199,0,0,0,0,16,237
564,2252,5009,3894,41,948,243,1773,4833,57,0,117,460,1631,0,759,166,372,0,6485,1151,0,1243,1530,0,2320,554,22,1087,0,42,1607,1711,397,464,39,31338,1854,37201,0,0,7659,204,618,398,7681,0,0,2018,882,2776,0,147,0,1666,88,541,14304,1760,0,379,0,19438,34,502,1165,35723,0,0,118,0,389,1431,8257,565,820,0,61339,22702,449,19,3101,874,2565,542,200,604,9043,13050,0,0,1436,1000,163,15683,0,12528,0,110,655,0,356,857,124,0,1312,0,0,0,259,0
565,1630,1149,1528,74,1300,0,0,3173,130,0,305,916,636,0,909,0,2065,0,364,4212,0,2450,0,0,325,753,25,0,88,0,9682,1058,252,2000,57,27791,3621,0,0,0,2454,0,1468,314,17071,0,0,2318,0,0,0,81,128,2997,235,262,15765,1899,0,0,0,21416,11,717,735,48343,0,0,670,0,0,993,8189,2744,0,23,36493,17145,5523,204,2233,1513,0,1384,232,6222,131,14887,114,0,592,0,69,25697,90,8070,91,250,0,0,701,3074,0,0,582,0,0,0,1520,56
566,271,597,356,924,25236,11,843,8578,251,0,0,9033,14845,0,140,0,185,141,1190,3326,0,3465,0,61,26,291,207,7220,77,848,0,1884,87,0,0,2576,1864,13458,0,249,14933,10,53,4192,4000,0,0,311,10,17532,0,0,0,1422,238,0,3165,573,1360,0,640,260,257,457,2096,3589,0,0,297,0,0,5604,2431,0,0,0,17754,369,73,7419,401,3682,4475,229,341,2270,0,7867,143,0,28,1144,1006,7033,0,1297,0,3598,145,34,263,1490,229,0,2069,0,65,0,114,0
567,4608,1108,651,173,25945,12,293,731,913,0,204,19161,17188,0,89,475,22061,0,1323,1404,0,3605,0,44,775,56,536,0,46,190,0,1633,660,0,0,26617,2753,1387,612,295,9583,328,593,288,1890,0,0,3439,4129,0,0,0,0,1357,249,271,680,13,745,0,0,145,5,4603,27803,1507,0,62,303,0,285,1159,858,0,0,0,22166,5098,32,2005,123,3686,0,4574,244,952,0,2791,79,0,4417,0,157,66517,0,23259,0,17523,458,442,1661,785,2250,223,107,0,2203,0,2860,234
568,402,4621,3960,1106,9847,0,0,1633,256,89,2957,7467,5480,0,185,1319,898,44,1882,423,0,1357,74,31,0,51,337,3665,0,0,0,235,50,0,328,0,356,17636,0,0,48933,18,39,10422,324,0,1566,183,17,22419,0,0,0,107,2259,91,8835,702,166,237,0,2188,469,751,605,9785,797,0,5462,0,1879,13934,775,0,28,0,13616,541,857,5013,1717,2235,0,34,1418,952,0,0,337,0,0,9394,2233,406,25,939,0,19651,0,7,44,221,298,0,1925,0,61,0,16,3732
569,7848,5091,5405,143,1702,0,3524,755,51,0,176,771,77,0,0,0,2286,0,8044,1397,0,1421,0,1105,0,322,6,2774,1255,33,0,468,207,0,145,48646,3933,88881,85,0,82,307,557,1068,8995,0,0,1856,1532,0,0,343,0,264,284,0,0,2703,430,4850,0,8765,0,1123,121,57636,0,0,397,0,0,2988,3065,0,0,0,39536,28867,544,1068,3531,1971,0,341,117,1158,0,21511,206,0,0,0,320,11203,262,9649,0,168,0,732,38,4036,437,0,2198,0,442,0,1634,0
570,401,5846,2993,195,22613,73,89,14156,122,0,687,8697,0,0,0,236,451,0,0,1774,0,2481,0,34,16,451,396,0,0,0,0,704,277,1294,45,2442,1590,13363,1111,174,15857,0,937,50,2269,0,0,931,0,0,0,22,0,403,913,45,11079,1159,0,98,125,502,72,822,1040,1481,0,0,352,0,0,5201,6239,182,0,0,28308,595,255,70,440,3332,0,494,415,2785,0,2905,38,0,912,0,4615,7704,31,440,0,2663,0,24,0,482,0,137,1620,0,34,0,192,2160
571,351,3181,1714,772,4611,116,0,2072,366,0,1251,9184,13920,0,498,1680,1080,0,0,222,0,687,0,206,32,0,0,665,64,593,0,258,42,1250,109,216,2841,140264,0,0,14763,3,41,9772,403,0,0,973,96,19644,0,0,294,468,3938,60,11884,0,2405,0,102,1205,297,595,801,2536,0,0,3603,0,396,10609,528,41,0,0,6354,182,256,8331,1292,2149,0,769,829,5244,0,338,237,0,0,33645,0,996,20,785,164,8535,84,18,347,1575,1205,0,441,0,0,0,65,4780
572,1101,390,5,18,46078,101,0,818,1325,0,456,26711,0,0,0,416,1897,0,988,867,0,4311,0,0,0,7,754,823,391,0,0,729,814,125,0,55818,918,613,473,0,11761,470,217,790,522,0,0,2195,1296,0,0,10,1455,2033,252,1176,715,50,0,0,309,1185,20,5915,11538,1391,0,0,243,0,0,941,577,31,0,229,44374,5894,350,2567,2066,4841,14,4268,999,6327,0,2369,0,0,215,0,675,52880,92,15958,957,7949,0,0,828,8656,1546,0,68,0,0,0,1019,120
573,12419,2256,0,162,1633,1356,8779,2579,113,0,121,482,0,0,1231,0,0,0,3208,2776,0,713,0,1339,0,72,26,0,953,183,0,563,69,0,0,55021,1871,13332,262,10,10495,0,1369,369,4164,0,0,2598,713,0,0,3,0,2864,153,909,6195,0,0,947,1171,4814,0,994,394,81550,0,0,233,0,432,1471,5233,3938,0,59,29203,37893,0,1966,1696,3456,5225,715,363,9719,0,5130,66,0,0,0,332,7184,564,6132,284,217,1057,0,559,4879,0,0,1269,0,206,0,1488,177
574,688,5661,2832,1708,36031,0,245,5194,264,0,0,7046,0,0,341,2583,77,0,2148,2132,0,7676,41,63,0,0,582,513,122,0,0,813,83,653,54,2733,1246,9588,1089,0,2002,0,0,1508,4308,0,0,539,28,0,0,0,0,866,694,21,24417,1537,4068,0,0,427,222,704,694,1633,0,0,2796,0,0,11747,3978,64,0,0,16868,1073,0,1246,532,8739,0,461,0,5720,0,7790,75,0,322,13111,3805,3485,51,1817,0,1827,53,12,118,2479,373,0,1705,0,35,0,285,860
575,3869,1637,9841,159,831,0,8209,1618,72,0,389,1238,0,0,766,0,2504,0,1887,1409,0,3070,0,54,0,232,9,787,0,28,0,151,60,1108,0,35069,876,1459,0,0,3403,50,1170,897,5652,0,0,1626,806,0,0,95,13,1799,69,900,4424,2378,0,0,0,10247,3,730,539,27383,0,0,0,7,0,1949,7147,1240,0,0,44546,36607,0,1746,11484,1614,1640,1131,532,1229,0,6869,0,0,3746,0,295,40361,2118,5567,0,303,390,437,322,1327,0,0,967,0,699,0,1955,0
576,689,3755,1912,530,17045,0,526,7020,144,0,505,10500,0,0,0,1163,24,0,2005,2157,0,5120,0,51,22,179,253,6231,0,0,0,1844,72,2080,0,2545,3958,6048,0,227,11357,12,0,991,5212,0,0,1106,6,0,0,0,7520,197,336,26,0,5643,267,0,0,396,493,766,893,1724,0,0,914,0,0,6720,1075,49,0,0,17705,1763,0,971,557,5279,8184,630,1012,3500,0,4799,0,0,1454,0,2955,4900,74,1210,0,4859,117,9,119,1493,428,0,2541,20,0,0,158,676
577,839,5836,4061,0,36502,0,353,8964,204,339,0,7191,833,0,0,0,169,60,1711,2133,0,5187,0,64,0,282,212,5429,0,1084,0,1420,61,425,0,6225,3338,14342,2308,62,13951,0,140,1439,3023,0,0,904,0,0,0,0,2225,572,2012,23,58,1694,0,0,23,83,44,529,92,1943,0,0,0,0,121,7381,3995,63,0,0,13696,420,395,1080,594,2856,0,176,238,1914,0,5958,127,0,440,19513,3439,3603,59,1135,171,1459,0,7,279,2185,0,746,1789,0,7,0,323,0
578,3165,500,64,170,27559,99,0,568,1136,0,111,7066,0,0,0,706,1344,0,653,865,0,7950,0,0,0,22,451,579,0,0,0,805,2100,0,368,39837,2878,115,1676,0,9988,197,159,916,2567,0,0,2694,2213,0,0,0,3325,2508,334,780,376,70,222,0,237,287,30,6493,36624,708,0,0,159,0,104,1221,958,0,0,251,41906,5735,2,5181,1654,4780,23,8022,1147,12934,0,1472,183,0,1257,4510,737,35017,821,16409,1502,10486,2157,0,358,2317,0,0,50,0,2271,0,1873,374
579,3758,1195,3066,130,1235,0,177,2158,49,25,0,749,0,0,331,227,153,0,1219,3554,0,2167,0,188,0,1336,9,1729,754,38,0,391,511,3889,49,65742,3897,0,0,0,9131,0,0,239,10129,0,0,4096,202,643,0,0,0,221,523,281,2839,0,159,0,0,10092,0,1091,587,28797,311,0,167,39,0,1574,3802,942,0,0,44918,15444,0,951,2577,1321,517,1964,151,5753,0,17771,0,0,875,0,141,34634,0,7905,0,242,0,858,213,2392,0,869,1627,0,79,0,1221,258
580,4237,3933,2991,49,465,463,950,404,40,0,1531,603,797,0,7261,255,3629,1752,507,460,0,259,0,560,0,63,2,837,1611,51,0,248,149,0,149,6420,2870,352511,0,0,11686,561,1070,2429,820,0,0,701,923,0,0,101,260,1157,426,775,3466,0,132,0,0,29701,26,182,556,147685,0,0,756,8,1290,4257,1799,0,0,0,27607,5812,8487,593,2702,40,2552,364,422,2901,0,1493,238,12,0,737,137,4521,38,3845,166,538,0,452,205,23,0,442,80,0,0,0,164,118
581,6871,759,286,94,58172,66,709,1006,1196,0,51,4013,3786,0,0,921,1791,0,1764,1724,0,4905,49,249,2509,10,382,0,92,0,0,820,4188,109,168,42182,5639,759,439,0,21217,405,111,394,2165,0,0,3356,2487,578,0,14,1549,3527,726,0,93,250,378,0,788,1428,0,7558,7677,2151,0,0,191,0,0,1120,736,37,893,0,25598,5249,70,3116,676,6158,0,1558,1407,14699,0,1290,0,17,2122,1034,234,64187,88,9142,1728,6415,480,496,2250,1368,0,0,82,0,5999,0,2104,66
582,524,4389,3287,1406,16080,32,92,11093,512,272,1003,3705,13490,0,84,3797,24,118,0,1611,0,7253,0,125,0,98,339,3339,115,0,0,2071,30,127,41,4351,3405,19047,743,0,11023,29,388,2131,3098,309,0,985,22,0,0,68,0,2716,1574,11,0,4012,0,0,127,290,0,964,191,2020,0,0,1520,0,0,7127,3136,32,57,18,20750,486,0,843,1642,8278,0,53,402,3143,0,5889,156,646,1005,0,873,3253,81,705,38,2658,0,9,96,2587,0,484,2089,147,0,0,198,2194
583,7047,1072,234,24,22937,0,248,447,1943,69,944,16640,9151,0,454,1871,7736,0,0,909,0,4194,72,873,0,0,94,3572,126,0,0,300,882,0,580,12893,7445,262,0,0,49435,1275,0,2051,0,0,0,2235,732,11719,0,220,3454,0,2398,1886,71,47,234,0,0,6523,46,7349,23344,3896,106,0,203,0,505,5586,161,0,0,0,23273,1861,625,1192,709,0,0,3213,2264,3790,0,1066,0,0,0,5166,62,14394,167,13257,606,42867,451,0,800,3423,0,0,20,0,4585,0,138,235
584,7443,786,165,175,37335,0,149,622,2245,0,114,10443,25679,0,54,1239,0,110,0,1090,0,6595,0,0,0,21,557,2545,16,388,0,1163,1977,0,1485,45561,4850,349,891,0,25332,358,0,1680,1716,0,0,4959,0,0,0,61,3199,1388,1164,2307,598,108,1006,0,0,875,41,7855,29416,1580,0,0,222,0,1365,1272,215,123,926,0,23306,6551,0,1501,94,4306,20,2218,742,10729,0,3662,0,13,298,0,628,14688,0,12481,0,897,2797,376,0,3003,0,41,64,614,1111,0,1908,0
585,549,5165,1075,1073,37381,13,302,8203,244,0,0,6795,0,0,154,2872,400,0,75,1633,0,4372,0,62,0,169,331,2411,0,1051,0,2243,151,352,0,3108,4626,9302,0,319,4267,0,29,1365,3885,0,6486,474,38,0,0,15,0,0,1178,30,7365,1227,0,876,406,276,96,901,483,2065,0,0,0,0,274,3900,4656,62,0,0,15323,1344,90,6345,1111,9499,0,626,300,3285,0,3713,184,0,165,8361,1902,3251,35,1223,0,4405,5,33,309,0,0,354,2139,0,0,0,378,0
586,662,11409,31,2038,31811,53,921,8315,281,0,493,14909,0,0,0,651,87,0,685,2163,0,5797,0,19,0,154,330,5167,99,2088,0,1519,258,1482,0,1812,1199,1403,0,0,6874,22,217,549,4220,0,0,392,22,0,0,0,858,2493,2060,0,2582,252,0,188,675,142,18,890,909,2825,0,0,201,0,410,2565,3733,0,59,0,16578,1053,0,583,254,11152,0,819,258,6283,0,5706,0,0,331,0,5471,3575,98,920,36,3030,40,30,359,409,0,0,2553,0,14,0,524,0
587,10572,1509,136,141,41028,139,139,351,1884,0,0,11363,0,0,106,0,11068,0,0,676,0,8515,0,1596,1855,27,597,3006,492,0,0,935,1041,0,0,48173,2284,321,2121,0,16239,0,200,570,1975,0,0,1782,0,0,0,0,0,4727,1889,1465,693,223,0,0,958,1249,49,4009,12911,2014,0,0,190,573,0,2928,547,0,1117,0,9566,13541,118,493,427,6390,41,8013,0,8980,0,4414,0,178,0,0,271,42620,67,10305,0,15236,0,0,0,5376,0,0,47,66,3897,0,1940,0
588,5780,4958,8889,21,1428,1336,0,1971,59,0,489,1386,389,0,332,374,2104,280,11411,1423,0,1099,0,55,0,0,9,5994,365,0,0,766,309,1143,163,34252,0,48995,285,0,6483,133,658,716,2113,41,2813,2600,607,534,0,0,0,1216,362,344,0,2462,0,0,1694,9628,4,818,711,25754,0,0,449,0,127,1901,4555,957,274,0,47083,21459,1909,1531,2699,1409,0,874,104,1907,15931,11606,0,0,683,311,286,10393,0,4762,155,351,180,999,239,1700,0,0,520,0,30,0,2934,286
589,11166,620,397,101,53358,49,101,932,1523,0,0,28707,8086,0,12,0,742,122,0,1127,0,12701,0,461,604,12,245,0,94,592,0,438,513,163,753,41378,2201,760,0,0,22572,349,655,226,3570,0,0,7724,0,488,0,0,0,7609,652,1648,245,72,42,285,1559,1123,0,3993,12845,340,0,0,206,0,851,1227,1358,0,1450,0,23063,4317,37,4584,297,4747,98,775,208,922,21,3033,69,0,0,3361,257,46604,0,21477,1193,7525,3821,103,2301,3561,3911,61,25,0,0,0,3586,0
590,468,2065,4115,163,28636,387,0,18375,353,0,0,17299,0,0,178,0,193,0,2390,1798,0,4695,0,172,160,123,380,0,0,387,0,555,120,2423,5,4299,4137,9233,0,0,21149,0,208,1299,6552,106,0,923,37,1351,73,0,0,2384,791,0,0,9064,0,0,0,512,193,222,616,965,0,0,4445,0,476,1837,5257,42,0,0,15516,1293,234,2055,1403,15743,0,98,643,3120,0,7352,0,0,18,0,1109,2630,0,707,7,2819,0,24,39,1316,1129,0,1169,69,0,0,170,0
591,6450,455,219,301,52558,90,720,922,3404,0,26,13606,3265,31,70,1844,0,215,1153,1407,0,6648,0,664,0,58,432,1836,0,1182,0,492,2696,448,0,11771,3121,528,815,0,19549,0,624,857,2033,0,1144,4462,500,1459,0,41,1047,12163,304,819,0,0,138,752,3328,1451,49,7734,30476,1299,0,0,95,0,40,1645,481,47,0,0,14291,4754,52,685,467,927,256,4249,1794,1057,20,2062,0,351,5101,0,256,32024,69,7893,0,4497,2734,206,1810,3707,0,0,27,0,0,0,3728,347
592,7131,7654,978,0,1082,7530,0,622,36,19,356,1142,0,0,318,329,0,0,2038,2719,0,1390,0,365,0,921,15,0,597,25,0,1557,285,0,0,43978,1472,24010,0,32,3606,0,129,250,5140,0,0,1174,595,0,0,0,0,0,170,0,0,0,0,2416,14038,11324,8,441,431,37840,0,277,229,0,0,1282,10054,714,0,0,72392,28358,430,1249,9632,1700,0,653,281,7264,0,6296,0,0,873,248,853,9339,0,13671,453,151,1284,1277,174,1962,0,0,1414,0,1007,0,1747,88
593,1097,507,105,28,63454,0,455,1085,2970,0,298,10486,28049,0,88,0,0,0,985,3082,0,7508,0,0,0,65,459,2789,0,0,0,462,324,0,0,68047,2785,64,0,0,26033,0,0,646,2968,0,187,1819,2122,0,0,55,0,0,266,0,67,124,0,0,995,276,56,6884,874,1379,0,0,313,370,0,1128,1222,31,0,1795,25191,6642,42,134,963,3525,0,2231,1783,9576,0,3803,0,0,990,3025,863,25077,52,5970,3702,10140,1140,518,3999,4580,744,131,24,0,0,0,3134,1024
594,8477,3189,1084,101,1710,6544,0,3744,40,10,1001,900,286,7,995,73,1450,319,4325,2103,98,1094,0,487,305,476,7,2984,0,0,0,1138,433,0,300,58820,1350,8952,106,0,4593,648,1701,696,13036,0,0,555,519,0,0,0,0,2690,192,0,413,2889,0,0,1408,3548,51,514,654,45728,0,0,0,14,698,1806,10757,0,79,0,61155,31047,0,2800,992,2116,0,1196,0,3143,0,23028,0,0,210,0,205,13392,0,4033,65,42,611,317,256,1079,0,0,2443,0,605,0,3432,73
595,2077,2094,3014,0,521,818,1043,1945,32,0,1262,1094,1518,0,3735,615,18745,411,0,537,0,282,899,162,225,0,6,0,1864,0,0,761,237,2330,612,0,3430,159515,68,61,9835,41,212,1154,0,0,0,1993,1273,1584,0,0,70,1607,27,1098,10034,0,0,0,6596,58386,32,358,506,30782,0,0,599,52,975,5380,644,0,0,0,24596,17395,13499,10239,4366,709,1680,765,64,0,0,515,204,0,0,1407,6,11391,123,5202,452,407,0,403,24,0,0,0,181,0,0,0,0,60
596,5081,1102,180,133,46848,0,519,502,2175,182,0,15902,20451,0,0,649,618,0,0,1336,160,4753,0,0,3743,112,952,8858,65,105,95,662,1304,157,483,43389,1344,150,0,155,0,0,0,1091,2875,0,0,7322,1816,0,0,168,0,2699,0,913,0,0,0,205,137,536,7,6001,11657,964,0,0,0,0,0,836,596,19,0,0,22841,4166,108,0,910,5438,0,6330,437,5235,0,4313,0,111,1102,0,425,100112,0,18239,8498,5380,4839,192,0,201,6134,0,52,0,1565,0,2407,0
597,4234,1721,67,144,45688,405,0,840,3350,0,0,20018,19667,0,87,796,0,0,912,1986,0,5943,0,285,0,69,558,1603,118,0,0,842,0,183,305,18940,0,142,0,0,6343,106,1138,1307,4880,0,519,1212,1574,0,0,88,0,2114,3748,808,218,87,0,140,563,786,23,6816,17782,1647,0,0,0,415,0,1162,420,0,0,366,26539,6445,334,1584,535,2770,123,1364,274,9139,0,4129,0,0,412,5573,315,25775,77,17587,2360,9630,0,331,2013,873,0,0,56,0,2938,0,1086,871
598,7962,512,432,0,32459,46,59,1091,2118,0,0,27448,3387,0,44,465,1583,0,483,1640,0,8893,0,1431,0,62,586,1067,0,0,0,872,549,87,0,41593,4040,1014,0,0,27824,0,1051,495,2749,0,1221,5786,2348,0,0,0,550,4133,1473,583,54,17,118,89,1020,2871,0,4657,21448,1419,0,0,0,677,581,1370,645,58,0,0,32724,5347,68,841,324,2474,0,4434,2669,0,261,2841,130,203,736,787,982,23410,929,10184,0,6241,1102,0,194,2056,2206,73,73,0,1699,0,2217,269
599,3653,778,117,54,32709,106,520,866,1069,102,0,25224,0,0,249,133,7455,0,2763,707,0,11732,0,0,0,12,666,5900,60,538,0,858,0,37,91,46387,0,634,0,0,11430,446,1048,348,1406,0,0,3138,371,0,0,22,218,0,1947,0,250,144,125,0,643,1208,0,6548,35934,593,0,0,651,441,612,1368,1240,0,0,1031,29942,2101,335,1014,617,5858,0,2242,1356,4760,0,2609,0,0,1642,5028,223,80680,392,10223,858,7008,3017,0,3089,1974,0,33,66,0,0,0,3118,0
600,3204,1351,3531,104,730,244,9496,721,78,16,80,227,140,0,4319,144,10882,465,3793,512,0,445,1265,837,0,48,1,1459,0,0,0,318,132,0,180,1657,1461,305830,0,53,10603,426,232,2425,936,136,0,641,747,1352,0,0,31,332,198,1994,0,0,449,885,0,45965,18,286,297,141194,0,0,484,48,0,5619,293,0,0,0,21175,22600,11207,191,5094,453,0,153,1349,4814,0,238,0,0,442,1378,0,3269,0,1069,240,660,0,181,344,1462,79,1693,152,269,199,0,0,46
601,6271,5594,3459,191,1081,3538,0,3017,77,0,0,1010,0,0,210,86,321,0,5057,3069,0,2778,0,41,585,868,41,1261,869,54,0,890,727,1397,0,29946,0,47972,240,112,5799,0,1024,856,5151,0,0,1872,222,3895,0,0,0,2490,140,951,7266,1515,0,0,2263,3916,24,911,1451,10211,0,0,414,0,0,1581,6046,0,0,42,30112,17581,86,2139,3801,2019,3338,987,44,8539,0,15538,0,0,1000,216,35,25441,0,4323,182,272,1007,182,389,1703,0,0,1419,668,240,0,1340,0
602,394,7152,1812,920,12874,21,0,5327,520,226,1799,9427,11800,0,742,4872,974,44,1611,1619,0,2404,0,20,2,353,195,2832,0,0,0,559,13,53,115,871,1592,1728,326,0,18238,64,474,9966,596,0,453,193,48,1395,0,91,0,625,4056,94,1605,0,3359,0,753,3835,386,252,337,9007,0,0,938,0,0,15990,683,0,0,0,5039,170,2706,2646,430,1974,0,261,1081,501,0,747,0,0,0,32836,83,440,31,52,59,18792,0,31,528,0,255,489,134,0,31,0,12,1416
603,6306,1403,87,0,21408,0,0,463,2796,0,2177,6716,35047,0,601,890,11018,0,623,1347,0,2204,0,1818,2699,21,107,224,231,0,0,189,4554,91,809,5018,2605,4061,818,0,25368,1342,85,1959,805,0,0,1361,3354,16608,0,0,0,0,3783,1245,0,20,321,0,1070,7307,24,1947,14443,5670,0,0,255,139,830,5029,229,0,0,0,8562,11264,233,0,219,2159,0,1177,838,2573,0,353,0,0,766,0,0,12191,37,3544,6961,26657,0,311,227,580,2919,26,13,0,3830,0,0,0
604,425,11642,406,767,25354,0,0,7444,326,0,0,25449,0,0,0,651,0,0,2527,4459,0,2226,0,166,83,0,172,0,179,661,0,1322,163,10422,0,1942,0,9972,394,0,19835,0,0,1391,3170,0,0,0,11,0,0,0,0,0,0,84,3241,0,0,1014,1120,237,0,511,1220,2757,0,0,2488,0,0,5975,6444,0,0,0,10747,443,755,5685,0,764,0,0,361,11855,0,3847,0,0,0,11391,1684,3182,0,709,85,4727,58,62,177,6580,0,816,3458,0,0,0,621,0
605,912,5190,2124,60,25338,24,972,6076,260,0,1166,11866,3739,0,0,2370,51,0,672,3663,0,4182,0,58,0,111,314,3470,0,0,0,2317,187,1215,0,2896,1830,2128,2219,151,2059,0,215,970,6212,0,1479,823,25,0,0,0,555,1187,534,6,2365,1430,0,0,0,600,59,654,630,3366,0,0,897,0,0,5129,2428,31,182,0,17522,493,0,3515,663,7442,8646,426,444,876,0,5275,72,0,200,0,2792,4158,0,587,0,3032,0,11,444,827,1414,352,3747,146,154,0,356,910
606,8955,2136,7593,52,1533,0,6403,2856,44,5,295,385,0,0,0,159,5433,0,12559,2608,0,1248,0,0,138,0,27,3395,275,0,0,1451,272,2092,127,18886,395,14192,0,0,10070,0,102,787,18401,0,0,1699,191,797,0,111,0,488,52,236,3723,0,126,2511,9020,12793,7,1599,880,25644,0,0,905,0,601,1306,7781,6335,0,0,30955,16439,0,554,6811,1477,268,951,286,3516,335,10245,0,0,655,0,292,14415,0,5893,285,89,0,30,157,1934,0,783,1147,0,650,0,1232,238
607,3093,8823,4983,30,1680,0,0,3359,85,0,0,372,259,0,0,321,895,0,13521,2030,0,1799,0,0,0,254,25,459,427,40,0,895,457,1075,0,33348,3535,24221,0,0,8650,0,869,554,21292,0,0,2563,98,0,0,0,0,2700,11,125,3898,804,5,0,0,5717,13,385,663,24647,0,0,584,0,0,2651,5711,2044,498,0,48658,35459,773,2392,8638,594,438,1019,27,2481,0,26244,0,0,3807,0,54,11397,0,2401,15,272,1699,334,0,1973,99,0,632,0,320,0,2309,18
608,258,1754,2829,0,9496,136,1144,2969,245,134,366,9608,1962,0,675,3470,2108,57,1291,2063,0,2544,0,294,0,32,204,2381,42,0,0,1236,33,2437,169,0,3161,40223,0,167,19003,10,177,3068,1321,0,0,458,11,8952,0,77,3002,430,1046,91,3027,381,10449,0,519,2645,787,207,901,8064,0,0,1767,0,0,18807,767,0,0,0,4939,706,3809,4608,1087,3883,0,380,890,570,0,0,0,0,516,26810,456,2223,5,390,88,9543,0,42,0,816,0,0,411,0,36,0,40,0
609,931,2234,2016,536,35522,6,334,6062,326,0,456,11647,2790,0,0,1018,30,0,2639,4168,4412,4211,0,24,8,0,397,9510,0,0,0,1827,114,2541,93,6800,1280,379,0,0,10200,0,388,3685,3137,0,0,708,0,0,0,0,1063,2424,0,15,0,809,0,0,614,282,67,629,463,1231,0,757,957,27,0,5128,4431,0,0,0,9461,1046,49,2678,316,6755,0,1432,329,4888,0,5481,0,0,0,0,3768,1127,0,298,30,3170,0,12,204,2250,615,0,1970,0,150,0,499,0
610,3034,130,37,0,16577,19,349,76,2168,64,599,6747,0,0,83,628,28904,3,1061,472,0,853,24,1299,1354,10,141,543,70,0,0,427,5608,0,684,4725,1225,5851,0,147,22291,565,290,3915,449,67,0,1833,593,11829,0,71,778,145,4434,1275,146,41,664,22,413,5307,43,1592,13139,6013,0,0,164,163,321,4174,111,0,0,0,8394,2097,1233,656,412,837,9,355,1165,3447,0,304,31,0,605,3845,173,14026,0,1690,623,25264,71,208,745,561,412,174,4,0,2291,0,86,232
611,242,6787,3482,54,35368,0,396,5737,349,0,0,8063,0,0,0,1642,102,0,2165,2691,0,5739,227,0,14,500,522,1939,233,1187,0,3903,27,700,88,2445,2225,14525,648,1276,5092,7,0,266,3685,0,0,275,116,1159,0,43,3402,651,368,0,2370,3779,2451,0,542,280,135,771,789,2356,0,0,562,0,4,5055,1825,131,0,0,11658,1629,431,1784,374,5037,0,92,287,1255,0,5565,68,0,337,0,3555,2607,0,462,0,978,653,24,211,1507,0,0,2590,0,304,0,382,5497
612,5696,337,258,79,20443,20,315,88,1967,0,183,20221,20611,0,946,366,15409,117,351,1118,0,4224,0,283,0,8,25,0,139,0,0,348,2784,16,1580,9674,3388,5583,0,0,21169,2753,479,2841,0,17,3079,1201,489,24696,0,0,104,1452,3490,2791,61,37,0,0,184,7482,8,3581,15197,5069,0,0,78,0,54,5091,114,0,0,0,8907,5752,161,414,478,2249,0,275,1886,2762,0,589,242,0,0,2278,0,24453,0,6487,0,29045,0,149,360,2049,1188,150,6,0,1078,0,314,16
613,507,1201,624,378,8607,22,454,3827,384,0,2065,5692,720,0,101,3692,564,0,0,1211,0,1978,0,1,16,119,171,353,21,0,0,844,5,84,285,178,1163,162530,0,0,18893,11,63,6424,0,0,5733,480,22,16343,0,0,2287,793,2451,97,2796,562,0,0,297,3051,13,486,125,1903,0,0,1244,24,505,11694,415,12,0,0,10063,274,3416,795,520,3218,0,744,1133,302,0,392,562,0,317,25350,75,1739,0,382,0,12415,7,15,0,508,1141,263,1304,0,23,0,10,1219
614,453,2904,894,1496,28503,86,0,10586,101,0,686,12576,9144,0,0,807,66,0,3571,3511,3720,6630,0,0,9,509,299,2762,0,2913,0,2768,39,1233,68,1692,2384,13167,1690,214,0,13,0,2977,2952,57,0,281,24,0,0,0,1032,1402,767,0,11616,5218,1002,350,0,738,0,658,866,896,0,0,1159,0,0,852,2162,86,0,0,10696,610,0,4293,341,11816,0,1199,0,9615,0,3915,0,0,1185,10273,2261,2507,0,851,85,9519,287,0,89,394,623,0,934,59,107,0,370,1429
615,7119,1276,111,31,31302,86,406,468,1756,1,225,795,6797,0,528,1498,18554,282,3026,636,0,1469,0,247,224,19,64,1166,0,0,0,925,256,66,40,5541,1609,3681,428,0,15841,811,256,2464,608,0,0,2314,2091,5849,0,28,178,2472,4153,1099,415,0,960,0,0,5237,33,2838,13105,3123,54,0,174,0,117,3232,288,0,0,0,3431,3510,1354,253,565,4783,29,2188,1420,1650,0,789,31,12,1675,3148,0,25157,570,6329,2319,19675,465,47,793,1899,3225,137,9,0,3306,0,720,1112
616,397,2469,90,553,28247,112,0,10129,290,127,263,21042,0,1158,0,1065,96,0,1140,6253,3414,4763,0,155,21,663,337,8016,15,1021,0,3071,26,0,0,5546,1267,21298,1031,0,6736,0,395,2699,5137,0,0,1485,0,0,0,152,0,463,509,21,12599,6990,0,658,332,666,111,732,1114,710,0,0,2133,0,0,5767,2076,0,179,0,9152,706,61,3662,608,6242,0,245,249,5547,0,6929,0,0,338,0,387,2458,18,438,106,3202,0,16,300,325,0,1117,3530,1127,115,0,250,1345
617,324,3193,1544,0,34135,0,362,11634,421,0,1889,16681,0,0,0,175,764,0,231,5171,0,3666,0,62,0,123,319,24497,0,694,0,2503,69,0,0,1595,4482,3265,0,657,20015,0,0,1314,7088,0,4159,1111,16,0,0,0,2041,675,495,0,0,1165,1918,0,647,272,230,575,836,437,0,0,0,0,0,1645,4401,95,140,0,10034,995,346,6677,1981,4208,3106,71,544,0,0,9889,0,0,613,0,1416,758,12,278,64,2567,95,0,0,1423,0,0,6979,78,28,0,233,3911
618,619,1582,1777,111,20540,63,80,13598,327,0,0,16840,49851,0,24,751,141,0,441,7185,0,5309,0,16,84,360,461,5938,188,1217,4828,3391,0,5069,0,3049,0,14930,0,0,17011,0,31,356,0,0,0,619,0,3503,0,0,0,1023,436,15,10301,275,0,0,1019,877,0,540,731,2355,0,817,4011,0,137,6646,3017,0,0,0,9244,1075,43,1423,423,3937,336,173,35,1799,0,7891,0,0,1401,0,3427,2107,61,407,251,4616,111,39,122,255,38,799,826,0,127,0,435,182
619,860,5969,7567,0,23904,0,1284,11203,167,0,483,8504,0,0,53,1128,0,0,2322,5126,0,5992,0,59,0,91,450,7042,338,766,0,3860,80,0,0,929,407,19822,618,1290,16853,0,0,1832,8375,0,12755,774,0,0,36,0,0,841,0,24,0,5755,0,0,0,197,200,730,988,2914,0,0,0,0,0,5537,3184,188,48,0,4696,105,158,1529,213,14956,0,838,0,8706,0,3989,0,0,0,6399,1477,827,0,768,45,691,0,36,708,1890,925,0,2196,0,283,117,325,604
620,6554,930,0,176,23215,13,239,510,1543,0,0,5916,2443,0,312,551,10047,0,0,607,0,1245,46,212,1492,111,57,6091,166,0,37,759,3681,0,303,889,2740,4618,0,0,3372,754,0,2900,178,0,704,1911,540,0,108,0,0,0,907,2627,165,0,527,0,1351,7098,83,393,14313,3987,59,31,389,0,0,4216,764,7,0,0,12808,4793,293,2758,255,4944,0,1599,2632,0,0,290,359,0,316,5238,0,28618,0,3607,0,17191,0,708,0,1363,5922,166,18,0,4096,0,617,0
621,4832,1884,5157,25,1554,1505,13670,3508,77,3,289,885,1163,0,0,247,1541,0,7929,4036,0,1658,8091,43,0,779,34,3243,0,0,0,2217,119,4400,116,45630,2666,31549,91,58,2698,29,0,632,12818,0,1728,1594,99,3529,0,104,0,945,238,328,10174,2058,0,595,0,9863,9,898,498,11253,0,0,592,19,0,806,3272,633,0,77,23455,29841,1268,920,618,349,929,511,0,2705,0,21588,552,0,307,0,149,8850,267,871,0,186,1119,533,28,368,0,0,1752,0,1543,0,874,0
622,273,2262,1663,394,22834,0,772,8321,418,28,549,10739,4975,0,166,2746,1391,99,2092,816,1483,290,0,30,63,34,188,11535,259,448,0,1135,60,0,625,601,924,133268,0,0,20324,46,180,11570,0,0,0,749,34,2685,0,0,716,404,1139,12,5819,1077,0,0,0,2291,60,271,784,5233,0,0,768,0,46,10370,229,0,102,0,7930,370,1824,1066,650,721,0,57,588,627,0,466,805,0,84,10427,0,827,19,549,35,10400,23,9,120,2021,1040,0,784,0,89,0,47,1088
623,962,4802,1227,1069,28524,0,156,8475,209,0,0,8978,0,0,0,1922,0,0,264,8396,0,1906,105,0,59,491,808,4688,0,1574,4986,4416,0,5382,76,1296,2537,11601,836,0,3516,0,466,427,8633,0,0,1291,11,6798,0,0,1327,0,403,31,6687,199,4636,749,315,568,0,183,725,3202,0,0,0,53,0,3435,1582,52,0,0,9886,782,0,1003,49,2174,5534,754,18,1781,0,4527,0,0,945,0,2436,3609,0,86,72,2524,170,15,187,808,0,0,4580,97,270,0,719,1371
624,5535,579,337,164,49434,98,384,293,2743,0,16,4375,0,0,238,956,4894,0,295,1178,0,1447,59,280,256,4,145,0,58,0,0,808,310,0,248,5760,2525,6014,0,156,21614,1022,131,1699,202,0,6208,5274,706,3726,0,33,0,3790,1809,1400,76,0,140,0,0,4515,18,1740,20182,5158,0,0,210,701,745,2690,433,13,0,0,11458,3103,178,852,421,2614,0,549,3026,3025,0,757,725,0,0,543,0,16236,0,8225,0,23251,0,116,245,1384,0,186,22,0,2389,0,319,824
625,11398,210,92,0,45020,0,15,414,2383,0,0,9505,2786,0,0,200,734,0,1078,4759,0,4367,0,198,0,91,758,2551,0,687,0,2326,4645,70,0,125774,2559,383,0,0,11147,87,132,1765,3000,0,0,4064,0,0,0,28,1722,265,159,257,238,16,107,0,417,704,19,2364,30735,1709,0,0,175,250,0,1096,160,14,0,0,11666,1671,12,929,303,3512,87,962,159,0,0,8235,0,0,685,0,147,40166,321,8906,1628,13044,4063,438,0,1265,0,0,29,0,16573,0,3073,503
626,2310,356,33,14,58003,59,770,397,1873,19,58,18939,0,0,23,329,0,0,1217,4228,0,7428,13,758,731,125,774,6383,0,0,180,2514,6539,487,0,101278,658,547,0,322,781,189,931,458,1670,0,2434,1673,1012,0,0,7,0,5386,659,1211,359,98,183,0,79,525,12,2561,20708,1417,88,0,39,0,0,1392,690,0,0,63,14518,2799,33,2549,360,4503,0,1113,502,0,61,7401,0,0,0,0,129,53056,0,11881,1497,17489,2976,0,762,799,0,0,93,93,8082,0,582,1391
627,117,1386,685,0,22057,128,67,10589,463,0,2093,7941,0,0,32,0,237,0,2004,7281,0,2456,0,201,44,142,811,14661,0,1573,0,6796,0,7067,71,3395,715,10747,584,265,10853,0,760,1837,2964,0,0,229,26,2655,0,47,0,353,1889,2,3179,6777,3096,0,220,326,0,865,435,1782,0,0,0,0,161,6202,3299,0,325,2,11309,425,112,3360,749,3615,0,27,414,0,0,10586,0,0,176,16213,794,1161,22,578,0,2062,112,4,147,318,0,0,2558,0,39,0,325,663
628,7557,1046,362,113,33387,76,0,108,797,0,143,5478,10847,0,0,0,454,0,2298,6012,0,7698,0,768,0,44,1588,3502,0,0,0,3244,10269,371,505,28693,1651,869,1797,0,2715,373,223,600,2794,12,0,573,0,0,0,140,0,796,0,0,0,37,0,140,152,254,47,1208,29066,748,0,0,178,0,0,1021,894,31,2460,0,15481,1838,160,2097,386,10393,0,1511,1289,1652,0,5214,246,0,782,0,325,67536,165,12237,0,5917,525,0,709,0,1749,0,70,0,14376,0,1744,1058
629,2855,4015,1313,20,937,5631,1546,1684,81,0,385,605,0,4,341,417,303,554,10197,6851,574,1802,0,1447,483,30,66,3621,0,81,0,2144,2195,1227,213,23712,387,0,0,0,10028,0,1398,763,14118,0,0,145,248,0,0,0,0,1181,86,305,16996,4718,0,0,5336,6776,12,1273,137,39022,0,0,0,0,0,4429,7214,2629,0,72,31197,24866,188,941,3632,799,0,810,911,6069,0,22039,0,0,293,0,0,5806,433,1183,0,265,2102,355,86,0,1143,303,1095,0,0,0,1424,234
630,7728,3957,1795,214,1132,1430,4738,896,122,2,58,337,2635,0,1903,199,13374,0,2294,1663,262,643,0,656,419,529,11,429,446,33,0,998,96,2303,482,2883,927,232084,0,0,10175,395,290,1165,1591,0,200,2000,632,3579,134,146,31,319,226,431,886,2104,275,0,2488,21220,32,627,521,68181,0,0,499,15,177,5100,1118,1517,0,0,17760,19126,14275,416,1576,585,201,647,486,2490,0,3577,242,0,461,1065,0,7349,0,2542,194,530,358,227,29,1924,143,0,562,398,866,0,42,440
631,4736,2147,2365,185,1345,2974,2164,745,94,0,656,475,1148,0,917,298,5713,0,1286,2788,0,151,0,1844,490,331,8,1478,1638,0,0,1327,276,1448,76,16760,6364,179719,0,0,13942,819,710,2842,3185,0,0,1216,1349,5796,0,67,21,2720,307,2174,0,0,267,386,3879,18579,8,661,355,86054,0,0,339,3,823,3758,115,0,0,0,28257,18081,4371,281,2019,0,0,170,214,299,431,3631,374,0,396,966,45,8420,0,3149,0,686,175,312,159,1658,975,0,93,0,1700,0,354,447
632,533,1032,2135,0,1006,2726,2565,1308,66,0,0,1296,0,0,0,96,0,0,1015,2831,0,1730,0,270,1261,735,22,4155,0,0,0,2557,803,5574,0,60359,1759,21608,0,142,4034,254,1421,672,11742,0,0,2190,0,0,0,94,27,1245,0,0,4021,5224,0,3112,1479,6374,0,977,313,13126,415,0,83,0,0,2022,4430,0,0,6,32804,14242,643,762,10296,1315,2541,1202,0,2853,19194,20251,0,0,2900,0,266,20071,0,4500,0,164,1746,0,317,508,0,0,1082,684,234,0,589,0
633,9882,3866,3184,12,1376,3330,0,1835,100,0,0,584,437,0,1216,85,1415,0,2952,4485,0,1137,0,590,404,796,11,5089,343,71,0,1100,2427,13216,0,43544,2964,28874,0,224,6078,79,196,40,9944,0,0,1840,349,0,0,0,13,479,9,1378,11480,1631,276,1388,5276,7602,0,921,489,9274,0,0,167,29,0,1870,2667,1198,0,0,40998,9336,853,434,1753,1075,570,693,595,1092,0,30422,71,0,1053,352,163,16604,750,5410,35,80,1041,249,0,0,0,0,729,0,688,0,868,305
634,6881,907,5587,192,1360,0,6550,1275,77,0,74,671,660,0,0,107,2425,0,1421,5444,0,1124,0,445,2961,301,21,4272,0,0,1708,1724,601,806,0,72175,6317,28637,0,0,5148,0,157,726,17723,0,0,1417,635,5694,831,0,0,82,94,0,0,4835,0,0,1627,17926,41,788,894,39332,0,0,389,0,0,2575,2905,1899,0,8,28837,11873,276,1034,2570,1310,5937,848,0,523,0,21344,0,0,969,0,146,15424,0,4760,151,112,270,189,321,51,108,225,1694,0,306,0,1606,43
635,7221,794,3087,425,1750,1412,3752,1441,41,0,139,478,409,0,206,401,2414,97,6700,6374,0,1457,0,443,0,538,47,0,94,39,0,2083,1305,106,72,27447,0,56626,0,73,12246,0,1467,129,14146,0,0,1455,194,0,0,275,0,43,243,290,5421,4265,0,0,295,3785,3,806,914,36700,0,0,485,0,372,1429,4122,905,2564,4,21643,14381,3923,1852,1821,1865,1593,608,523,0,0,10953,0,0,1106,457,181,12238,1068,3266,283,198,642,660,97,1100,696,227,698,0,438,0,2409,20
636,10608,3812,863,50,1909,2514,14210,1617,120,0,159,979,424,16,121,0,2298,85,3839,6217,0,739,0,0,0,893,19,3831,0,18,7806,2117,0,117,0,39228,9535,10229,0,85,4549,0,848,687,14962,0,12439,479,146,0,0,88,0,216,113,61,0,8557,82,0,5390,7147,13,434,644,19337,0,0,439,0,31,351,4153,2008,0,0,20148,12247,5876,287,3226,524,3669,647,51,786,0,17964,171,107,1106,176,158,11328,154,2676,44,276,1238,96,0,261,53,0,773,0,292,0,2190,79
637,6751,610,13,746,24339,0,1183,481,2443,0,241,5922,14768,0,0,0,3430,0,83,4056,0,9033,33,0,1809,90,1522,3292,0,0,0,1550,15392,87,348,28302,2729,1722,0,476,12444,873,1826,772,1160,0,6668,4563,0,0,0,0,0,3607,713,1284,0,163,0,0,0,1056,48,5433,19644,1580,0,0,0,0,122,1023,648,19,0,0,13069,5865,37,1274,130,1575,0,1456,0,7623,0,2411,0,0,3657,0,197,49180,0,13566,3740,3751,0,71,0,1560,4207,0,80,0,13799,0,3019,216
638,14081,808,277,50,56428,54,0,871,3137,11,0,16734,9688,0,49,0,4484,0,215,3321,0,7668,0,723,2745,76,677,4296,49,448,73,1889,18387,271,59,73568,1698,51,501,0,6786,0,343,408,3953,0,0,4528,408,2322,0,0,0,0,1017,772,191,236,376,0,0,998,14,5509,5494,1704,0,0,242,0,136,1370,696,47,0,0,17980,3190,5,1704,239,8343,0,1164,0,0,167,9465,0,0,0,0,68,32979,73,4911,1397,10456,0,133,193,569,0,73,55,0,3859,0,1613,273
639,6152,791,121,279,66466,155,183,638,1608,0,124,15740,6948,0,23,271,0,0,437,3839,0,2438,0,0,1087,0,707,10070,196,817,0,1386,1554,72,0,79317,2123,493,0,0,20097,232,213,678,2803,0,863,4156,764,0,0,2,0,1633,1372,4997,0,158,68,0,862,922,9,3930,7533,1817,0,0,144,0,92,1685,1184,0,742,0,15128,2944,198,1214,306,5373,0,743,979,3428,0,5901,0,0,1373,0,33,58605,83,10154,0,12931,315,51,760,0,2971,0,19,212,3606,0,3485,192
640,4126,935,3978,159,936,2797,8242,2638,83,0,79,840,358,20,0,10,151,0,3255,8405,0,1262,0,171,684,1208,48,5134,0,19,0,2696,0,413,141,6588,794,8897,0,50,506,0,1893,479,18325,0,0,2917,701,0,0,257,0,0,77,159,7151,5754,0,2656,2293,6226,0,664,232,41716,0,0,71,29,0,1236,5138,1491,0,0,36264,17858,974,616,1121,1432,3114,1052,218,4704,4335,15696,187,0,976,402,56,18631,0,4025,0,223,543,0,136,627,238,1411,961,0,108,0,3915,48
641,7948,4114,2264,151,1486,4919,1994,1989,61,0,736,975,1552,0,313,229,214,0,13146,5332,0,1609,1537,350,148,83,58,121,0,113,0,3627,629,3418,0,16305,4215,0,0,10,8055,0,1493,584,9853,0,31380,1107,252,6309,0,138,0,903,113,0,4127,7007,0,0,0,7884,0,542,552,15838,207,0,477,0,0,2760,3755,0,0,0,40369,7134,2091,778,2782,1328,0,783,225,537,0,20857,0,0,622,0,22,10184,0,2515,207,53,1171,34,0,1079,300,0,1521,0,852,0,4942,0
642,4992,441,146,161,26213,0,486,498,1747,0,267,8847,7502,0,115,905,11126,0,0,1618,0,2381,0,1740,4605,36,352,2249,337,0,0,1234,1268,95,880,14088,4322,3246,265,40,17919,915,231,2510,396,0,0,2235,1242,1590,0,0,811,1924,1493,2227,29,3,102,0,435,3057,29,2858,33386,3922,350,0,45,0,1597,3113,309,0,225,0,13317,4495,420,2550,394,2800,0,421,893,6858,0,121,383,0,2151,2095,379,28452,0,3709,2260,19830,335,42,1096,769,572,0,4,0,1113,0,173,1053
643,8556,4579,7247,30,1029,4209,12907,630,53,6,0,905,0,0,117,84,619,0,2266,5218,0,1857,3387,87,2393,286,31,328,580,38,0,1820,1602,3574,0,34069,1262,13241,0,81,3044,0,1949,191,9288,419,9692,1378,327,1983,1211,0,0,677,177,664,5552,0,99,0,1936,4605,23,793,916,14021,0,0,259,0,0,1048,2319,0,0,0,20200,6624,700,2064,1924,1658,0,845,925,2110,2640,11846,0,0,993,0,380,15798,319,2566,0,362,685,0,5,0,0,0,583,0,1136,0,2012,218
644,515,435,2849,339,19992,34,166,10543,282,0,277,18962,0,0,0,445,206,0,2098,6284,0,4166,0,16,0,924,900,10793,0,1347,0,3424,610,7424,0,2218,99,13315,0,354,11591,10,557,1333,1827,0,0,835,14,0,0,20,0,0,415,34,2157,3326,281,0,258,864,0,450,779,476,0,0,2406,0,0,8703,362,0,0,39,11542,326,373,1551,654,10290,0,615,97,913,0,5548,43,0,885,0,309,2770,0,756,0,2061,286,6,0,186,1124,0,1565,0,330,0,111,0
645,478,1686,408,475,26963,47,305,8678,352,142,592,9203,3454,0,119,0,490,0,2511,4703,0,1202,0,50,19,304,150,3791,0,474,0,2194,138,3938,19,1626,5027,94092,0,227,11305,19,177,2828,2275,36,11220,552,8,1866,0,59,0,1000,767,28,21069,0,677,0,402,1207,0,572,1386,5441,3242,0,2584,11,82,9346,1008,0,0,0,10119,367,231,2570,380,3953,0,397,520,1118,0,1454,231,0,323,6236,379,1038,31,308,0,7135,0,3,209,846,0,208,611,0,65,0,0,230
646,8309,374,8166,230,1387,0,0,692,101,0,48,1055,7116,0,0,0,914,0,5307,7408,0,575,9158,507,1412,1421,54,5596,428,97,0,3014,1471,1874,30,50618,3780,34919,298,113,7353,327,2051,563,17677,0,0,726,915,0,0,239,0,671,102,176,5668,1173,0,0,3573,10857,11,364,186,27858,78,0,637,0,107,2413,4161,0,0,0,17842,18431,2270,1469,76,2961,0,951,0,4206,0,10221,0,0,862,0,32,16444,710,1049,89,187,123,0,186,352,796,0,199,0,1173,0,1535,108
647,4009,885,104,37,32211,7,0,330,2738,0,732,13461,4401,0,209,561,12087,31,1202,2248,0,2402,0,890,238,18,393,2284,34,0,0,639,3574,0,413,12195,4656,4280,0,314,25951,372,783,3271,1078,0,0,1279,0,136,52,0,622,9742,4491,2546,252,0,0,0,1375,4265,34,2383,12667,4013,0,0,184,0,0,2458,256,0,0,0,19773,4180,117,329,175,1179,0,255,1879,3437,0,1674,218,0,0,5014,0,20405,0,5011,846,30329,0,21,1111,5145,0,26,5,0,2376,0,80,0
648,5998,1740,3550,90,1126,3326,1337,1252,57,0,0,984,935,0,110,246,1022,0,2439,8611,0,2246,0,0,209,955,42,8287,454,0,4162,2309,1043,431,0,52520,5475,11806,213,34,5159,31,1388,948,14074,0,0,479,1242,0,401,153,0,134,74,162,10865,2893,0,276,1918,12983,3,225,643,14471,0,0,495,0,0,1361,5057,396,0,0,21114,24594,451,385,924,1444,0,70,75,567,0,18669,45,0,1875,484,252,23661,0,955,46,146,1262,418,0,1451,458,0,669,0,781,0,1392,301
649,5774,291,99,180,44405,59,136,681,1874,0,0,13098,0,0,0,0,0,0,1779,4962,0,5769,0,215,1652,39,262,3317,61,1818,0,1712,3558,124,0,126286,2399,700,0,0,21940,271,908,394,3228,0,0,547,500,2627,0,0,0,1131,389,0,128,170,0,432,795,2181,55,3130,24659,958,0,0,194,0,0,1107,829,45,1834,0,10430,7232,0,130,67,8631,0,997,54,4253,207,2992,0,0,1349,0,3,41360,0,4753,2411,33398,1815,123,0,0,299,0,51,0,6765,0,3433,90
650,1217,3776,1197,1779,35781,110,1155,16870,495,9,176,12438,0,0,235,0,482,0,3114,6706,4993,4391,0,33,56,336,565,3744,0,176,432,4129,37,0,0,7995,1865,0,0,0,14221,2,236,1764,4063,0,0,413,33,0,0,80,0,1557,279,28,5317,1683,0,0,0,310,0,467,378,689,0,0,0,0,163,10547,2203,66,0,0,8513,785,152,872,68,5365,1226,336,92,959,0,7359,106,0,0,0,353,2457,17,261,0,327,232,6,81,461,0,0,4259,0,112,0,109,771
651,573,2352,2574,1504,28967,29,394,10211,168,0,0,15265,0,0,31,1528,275,0,615,6559,0,4792,402,165,36,330,399,11893,62,0,270,4279,193,1091,0,4908,2185,16600,0,193,11162,0,405,2015,4356,0,0,236,0,0,0,9,1833,504,553,0,14447,2826,201,2809,1373,190,316,493,290,407,0,0,410,2,0,4213,6073,28,0,6,5482,1039,221,2897,532,12941,0,382,0,450,0,7657,0,0,0,0,1465,1283,0,311,295,1758,0,32,360,210,0,0,4419,0,185,0,283,5834
652,580,2248,820,547,30622,185,143,7175,523,212,3620,7352,18045,0,285,1119,595,0,485,5618,0,508,257,67,7,101,461,3516,33,528,0,3722,180,3635,0,1547,161,12029,0,0,20926,48,754,4828,1210,48,0,380,12,0,6,0,0,927,554,173,2135,0,2403,152,1324,1252,414,535,401,4443,0,0,1444,0,0,7858,616,0,8,0,9551,779,0,2595,120,2759,1721,651,206,1558,0,2169,141,0,515,14430,0,1396,0,307,0,8959,174,31,368,272,0,809,151,0,0,0,10,781
653,4389,550,199,162,55232,96,277,263,3862,0,76,13346,5272,0,0,123,7235,57,1062,5169,0,1769,0,906,2522,2,729,2782,0,319,0,922,23604,406,0,17720,2307,3070,0,0,21522,144,560,1361,785,0,0,3638,1600,2111,0,15,1358,3278,1240,1012,209,18,259,37,446,1829,55,3005,23685,2202,0,0,66,70,559,2104,42,4,0,0,16863,2928,104,3033,128,2109,19,204,750,10215,0,1888,79,0,479,3996,0,26669,230,601,3601,8660,2789,22,588,607,0,190,10,0,5480,0,10,165
654,825,4928,4235,1333,15229,0,351,5005,374,0,2586,4919,0,0,0,0,111,0,4925,5475,0,5317,0,43,116,342,892,1628,128,1346,0,3753,280,4255,107,1991,1314,3991,0,1138,24932,0,734,1773,6196,0,0,319,22,5562,0,0,0,2185,1749,54,0,3848,0,0,226,252,0,604,1876,1275,0,0,0,0,0,4917,1772,0,79,0,8619,848,236,3669,165,9013,0,466,242,2844,0,4199,0,0,574,24699,2134,1304,138,595,0,2862,495,0,101,0,0,1904,1807,0,112,0,314,1990
655,10091,3729,5578,34,1537,3613,9971,4804,36,0,233,252,1875,0,0,38,687,0,12373,8568,80,1140,1622,0,1066,1365,46,2664,0,47,0,3144,368,4564,0,31573,10289,17069,58,204,4242,0,1311,278,14276,20,0,569,439,0,0,157,0,0,71,0,5498,7208,0,0,0,8200,86,461,167,38744,0,0,311,0,116,1310,3867,1806,1761,29,19702,31399,0,1315,3941,1302,0,1284,0,0,0,21337,341,0,3905,0,129,4155,0,2784,15,220,723,928,0,231,306,0,704,0,208,0,2312,178
656,5897,1804,6692,103,1608,4675,1046,2795,69,23,135,817,168,0,226,166,4427,0,14005,7441,0,1286,0,563,688,808,17,993,101,76,3518,1880,1443,2401,30,40665,4752,5096,0,139,4020,95,2014,433,8241,0,0,2106,310,0,0,133,215,162,0,0,7288,3528,0,3791,4742,6219,4,589,721,47947,0,0,217,28,0,1461,3529,2216,0,0,16118,16636,1901,902,522,2155,2651,346,93,240,0,19815,0,0,2742,0,185,10104,132,3064,352,135,160,0,1059,264,191,0,1228,0,1373,0,1528,61
657,687,1359,2448,1019,41460,155,0,11744,241,0,0,14064,0,0,40,539,87,0,4214,8130,0,2399,0,108,71,116,1214,7621,0,475,4213,5717,16,2979,16,4706,2163,1144,0,0,7443,0,398,620,1962,0,7486,538,80,2115,0,0,0,443,259,4,6500,6412,0,956,2484,284,0,611,1024,983,0,0,0,0,0,3146,231,32,0,0,6181,1035,19,4114,49,7246,1916,204,438,1836,0,4646,16,0,277,0,920,1790,0,332,0,3793,125,22,0,751,606,0,3189,98,60,0,316,415
658,8907,233,274,36,57997,0,223,666,1370,0,0,21893,0,0,0,271,0,0,519,6441,450,5900,103,402,475,160,1074,6565,0,797,95,4523,1458,62,148,6824,3081,0,0,0,17281,0,1153,232,2678,0,0,1305,0,6950,0,0,0,4957,1511,236,69,0,1403,0,663,72,20,310,19857,2226,0,0,68,0,0,310,518,0,280,0,9898,6404,10,757,274,1002,189,3096,3575,8598,23,4742,0,0,0,0,101,51643,0,8976,0,8126,602,912,0,0,0,0,92,0,16625,0,1191,135
659,5059,274,6626,23,1793,4878,3999,1195,85,9,373,1566,0,0,1526,0,0,380,7839,5171,0,1183,0,0,1718,484,30,9245,639,71,0,2609,546,7240,39,33257,5050,7276,0,170,2382,366,1824,444,9918,0,0,1738,442,0,0,0,0,1401,173,618,0,0,0,0,5097,4272,2,343,353,45099,0,0,130,7,0,1832,2443,0,0,0,29954,23265,2069,1375,2222,1085,0,2081,0,1895,0,17404,366,0,0,0,46,10711,0,1631,0,25,0,72,254,0,0,0,2110,961,194,0,753,159
660,551,4391,4089,634,47489,0,105,10570,238,0,264,8270,7129,0,0,0,0,0,362,5526,0,4504,0,73,43,534,527,9154,31,731,0,4124,418,1202,6,3266,1936,11354,0,131,4282,0,730,734,9833,0,0,764,15,0,0,0,0,1807,1329,0,1160,357,3490,0,87,676,48,51,472,1606,0,0,2046,23,0,2378,3338,147,0,0,4998,1363,316,2002,239,4816,753,0,517,2374,0,10472,204,0,29,26152,80,362,155,825,0,4097,0,0,104,3293,0,0,1467,0,155,0,439,1366
661,8816,449,161,526,64540,0,775,1129,4274,0,150,7060,5448,0,0,1318,8508,0,652,5215,0,2506,0,312,3335,29,1572,19261,0,0,0,2670,16115,94,360,20034,1433,110,0,413,2798,0,1847,1731,1481,0,0,1876,366,2782,0,0,0,679,2403,359,96,169,0,0,306,1288,10,1964,6268,925,0,0,99,0,0,1747,156,0,3694,0,7473,6321,2,1474,209,5611,0,634,0,7313,0,5370,0,0,7422,0,288,31111,71,7744,1909,6764,0,317,0,2257,3925,0,32,1036,6113,0,2659,0
662,5757,1434,1622,0,2362,0,0,3172,84,0,0,614,0,0,280,479,0,0,0,6926,0,170,0,204,4338,2924,19,0,1910,0,0,2602,1282,3481,0,18285,5741,37883,0,0,4329,0,305,1658,20060,0,0,3487,609,0,0,0,0,862,299,0,0,2290,0,0,0,2611,77,262,169,30765,0,0,0,0,0,1742,0,4072,0,0,23992,30996,0,381,1845,1768,0,311,0,5591,0,25615,0,0,854,0,278,11181,0,637,88,67,369,0,0,1906,0,0,1907,0,618,0,684,0
663,10327,4545,6473,122,2284,1095,8366,2109,119,13,516,256,2843,0,1330,70,3142,0,7731,5361,0,1339,0,416,847,1654,26,4975,0,52,0,2621,176,0,0,40694,2868,1796,0,53,2276,0,901,512,5579,0,0,2017,1089,361,0,115,17,3836,162,0,0,3498,0,0,2792,14287,0,446,54,46384,0,0,867,0,146,2118,3744,365,782,0,13072,62002,619,1172,643,1506,0,265,380,3391,0,22558,34,91,1349,312,49,5072,1181,2850,0,84,1024,0,218,2139,136,0,1296,0,238,0,2304,298
664,5480,566,503,0,54964,0,291,1198,1461,25,69,26813,38894,0,16,68,4863,0,2336,2396,0,5786,0,354,3577,91,951,748,105,1233,0,853,0,0,0,46719,2477,637,0,372,9112,445,1711,586,1485,0,0,5697,1210,0,0,37,1189,3371,2349,527,0,131,0,0,1749,2503,0,3555,12493,1509,0,0,233,816,0,1079,861,0,2600,0,6075,10830,79,1146,45,14750,41,2012,1328,9176,0,2982,0,0,0,0,78,37230,155,8497,4347,12793,966,136,2184,1621,0,0,23,0,508,0,3535,864
665,4621,4808,4504,51,2363,1641,42291,3760,61,14,0,760,0,0,1436,0,2396,0,7202,5040,90,1515,0,0,309,753,48,0,0,37,0,1229,119,697,0,14357,2889,12111,0,0,3289,0,0,777,4399,0,0,1770,310,1271,4520,0,0,374,45,144,2622,2432,0,0,2622,7063,30,355,921,16974,0,0,0,12,0,2628,4462,0,0,0,16740,45189,4388,2041,425,1069,4076,576,0,11412,0,17525,0,0,1637,429,90,19178,1221,5182,292,144,0,452,0,896,0,0,1347,0,192,0,2490,151
666,17321,394,5695,114,2128,354,10124,2892,78,0,614,887,303,0,641,100,1008,0,5332,3221,0,1756,0,784,374,1112,25,1178,739,15,0,1944,711,1821,88,24442,4088,2479,59,0,3404,0,909,314,16239,0,0,0,169,0,796,0,0,3569,58,561,4480,7590,25,820,0,12398,0,334,378,6996,0,0,393,0,0,1959,4973,2211,1616,0,23103,15756,2020,1538,510,1565,1591,1521,428,3568,456,19081,0,0,3528,214,34,12297,0,170,81,157,0,735,160,1381,0,2390,1424,938,752,0,3197,0
667,2663,2687,1109,28,2109,0,1158,1698,81,0,0,390,0,0,2092,313,499,0,1954,4369,409,362,0,311,0,0,26,1317,717,0,0,894,1283,587,46,51066,4096,127391,0,0,12862,0,0,508,11197,0,0,244,182,5656,0,585,0,6904,62,718,4541,2158,162,0,1482,27124,8,708,791,50083,0,0,144,38,0,2834,5791,0,774,0,35025,22345,0,680,1335,100,2927,817,398,685,0,15099,0,0,0,420,0,4679,0,4267,0,221,467,240,52,341,406,1170,239,0,542,6,145,72
668,3626,1846,4989,217,1461,0,15059,646,130,0,0,1679,208,0,569,52,0,547,4424,4915,0,2321,0,491,0,1780,17,2238,698,0,0,2035,114,0,73,45818,472,27074,0,33,0,0,0,868,31970,0,7222,1440,469,5162,0,65,0,2213,249,0,0,769,97,4739,4293,9088,25,527,721,11859,0,0,130,57,403,2566,1558,2384,0,0,29436,26487,0,150,1101,1776,5875,474,207,7130,0,13375,0,0,0,0,0,15511,203,2318,95,254,0,0,0,2290,2924,0,845,0,877,0,1994,994
669,10182,1046,7326,157,1672,1433,6054,1644,57,0,0,353,665,0,0,10,2979,0,1542,2116,0,1590,2559,276,464,282,15,7023,0,91,0,1122,195,0,0,28157,2945,55431,288,0,10920,0,1904,990,10460,0,0,1877,100,0,0,0,0,0,122,211,0,1532,277,0,2696,7138,28,895,334,53965,0,0,724,20,755,2195,5945,1427,0,0,24331,25847,2935,1079,1577,1622,0,469,524,4826,0,20296,118,0,1737,0,168,15741,1207,3380,0,449,1116,493,190,153,0,0,1340,0,698,0,3706,89
670,341,5915,3347,152,32348,79,897,9102,586,0,1993,15817,34819,0,208,2457,332,0,826,3144,0,3015,0,0,0,91,612,1743,229,633,0,1712,250,0,5,4434,2033,23743,0,0,17302,2,216,1625,5964,0,0,88,99,3613,0,0,0,0,108,23,2852,1483,2086,172,671,604,0,514,652,2154,1100,0,2617,41,0,6055,1321,53,0,36,6549,813,0,0,490,2559,0,668,742,2649,0,4101,0,0,95,12085,1274,1975,0,486,117,2823,182,8,229,396,302,0,2524,0,89,103,245,2546
671,649,5234,1452,0,55129,46,1564,19609,581,0,695,11128,0,0,123,0,27,308,3290,2154,0,4172,0,8,7,199,441,3110,51,242,0,2735,116,2330,0,2807,0,17701,289,0,14623,8,208,2049,4310,0,0,70,22,999,0,0,1514,1905,375,0,2161,3305,2326,253,658,917,0,567,353,1684,0,0,1562,0,518,2613,1975,0,0,0,6940,855,475,1934,147,2418,3315,138,357,2167,0,4866,0,0,1332,9882,1553,2313,67,111,0,4190,0,8,656,391,653,565,2358,0,68,0,178,2012
672,16305,136,106,105,48760,0,79,1284,1302,0,0,19856,5044,0,0,54,2447,538,280,1915,0,12786,0,348,7547,36,598,993,0,0,120,839,554,173,837,61121,3755,0,0,0,7666,922,883,992,1189,0,982,3798,0,2421,0,0,0,1887,1909,0,0,134,406,168,0,1169,19,4103,7631,2467,0,0,208,394,34,1261,324,0,1392,0,9490,11881,27,816,311,5065,0,0,563,9408,0,6103,228,0,4133,0,181,41293,108,6834,254,21472,444,144,517,1730,2060,0,69,0,8228,0,2843,268
673,4962,1225,177,181,79917,17,0,1028,4342,92,0,24437,2335,0,98,368,0,0,930,5665,562,871,0,620,526,49,914,4832,77,364,0,1653,0,214,712,17532,3225,546,0,0,17476,251,815,1985,1865,0,0,1060,2739,2114,100,126,1024,3961,3533,381,83,0,71,134,1244,1815,30,1279,23091,2055,0,0,55,148,0,4060,254,30,0,0,18716,4646,24,510,42,103,62,386,139,0,0,3248,0,0,0,3544,322,12337,456,6296,502,16869,340,561,25,1087,0,0,19,0,834,0,1100,1418
674,1018,893,136,258,57540,246,0,741,1152,177,0,50930,5994,0,50,0,1331,0,570,1481,0,4012,0,0,2657,24,445,17148,193,4292,0,893,9446,210,51,66597,6004,1540,0,0,18379,139,483,1019,2857,0,0,3032,907,0,0,0,0,2696,354,835,0,40,0,0,1212,787,0,346,3057,985,0,0,155,1018,0,1371,522,6,0,0,14196,6451,168,1166,357,7228,22,1257,0,3866,50,4786,72,0,0,4523,63,53312,506,4409,1078,11380,867,100,940,1680,1415,0,64,474,1509,0,2422,289
675,6869,1005,358,370,56439,9,0,924,2014,0,372,16227,0,0,315,81,8890,0,1087,1928,72,12404,8,328,298,22,402,10350,0,0,0,1018,237,66,0,84583,1818,498,426,0,2183,0,885,1568,2413,0,0,3851,335,3902,0,22,3159,2998,1953,205,85,121,0,228,106,1107,0,627,14880,2489,0,0,707,0,211,2157,70,0,257,0,10412,3360,0,657,43,5832,62,1579,328,7699,0,3870,0,0,1446,0,162,90037,242,8177,0,6412,266,12,995,207,1804,45,64,0,2785,0,4382,757
676,27419,552,567,0,51038,41,37,979,2303,0,1395,19089,5168,0,0,202,0,0,24,2727,0,11342,32,1109,7140,150,732,3113,0,187,0,1776,6782,0,249,34964,5299,392,0,0,18234,527,1272,2024,2387,0,0,7438,0,442,0,62,0,3271,791,2130,0,102,0,132,0,769,0,3587,5196,220,0,0,0,0,0,318,1357,0,0,0,27520,5098,0,1213,0,17977,0,302,288,8067,0,2275,0,0,3198,0,571,19701,106,3753,1944,16433,235,108,3084,1613,263,0,63,0,208,0,968,0
677,11993,5779,10646,75,1750,8694,11936,1136,112,15,225,1157,0,0,300,123,2010,0,3690,3051,0,1419,0,185,1839,969,21,2654,0,98,0,1412,0,959,65,5722,582,28521,172,87,2458,0,821,377,6550,0,7147,363,662,0,0,97,21,3614,330,2374,3014,5781,0,170,3237,9143,36,442,662,14264,0,0,451,0,0,1494,953,2513,0,3,20592,4778,222,2558,837,2268,0,704,0,7366,0,14802,120,0,945,0,201,11506,0,2322,352,145,389,0,81,818,344,0,1142,0,1090,0,1710,139
678,11048,653,305,0,74146,0,1326,197,3751,65,133,5135,4833,13,73,1122,8149,13,1120,2338,0,2554,0,1143,0,59,875,2838,12,1703,0,1973,17940,0,927,28723,1265,734,948,0,20811,143,728,985,1910,0,0,3331,1449,0,0,0,0,2744,2841,1505,0,54,433,0,939,2220,36,3274,25091,2458,25,0,127,0,55,2590,176,14,0,0,10827,3700,79,2289,31,2169,103,2965,215,1836,0,4794,17,0,1925,7745,291,6665,174,6674,0,7995,0,237,550,2810,999,0,9,0,2639,0,180,472
679,8462,495,156,31,89116,19,46,944,3603,5,0,15598,5319,0,52,314,1361,0,359,6061,0,2058,0,663,698,40,428,7461,94,137,0,1984,17326,128,0,71111,1748,2573,0,235,9784,814,993,859,985,0,0,1241,126,0,0,27,375,2856,2241,2494,0,80,161,0,2863,1366,0,633,8291,1631,0,0,316,320,201,1469,473,58,303,0,6738,1311,125,445,65,1009,0,794,769,4561,17,6006,0,23,0,3924,50,7880,23,830,715,18157,534,167,787,2387,1906,97,19,0,7374,0,75,812
680,6963,2442,115,113,49387,122,330,204,1072,0,0,17409,15178,0,190,1801,17704,0,2013,814,187,14352,0,2648,655,0,270,3445,0,655,0,2107,7614,251,0,45428,0,1163,0,124,17332,0,170,697,2884,0,0,5919,908,0,163,0,1180,5570,845,971,0,40,329,0,755,1006,13,2386,18968,491,0,0,123,0,0,472,13,75,1326,780,4222,4860,0,1292,106,1021,170,2448,1969,0,51,4220,165,0,826,0,0,59177,0,12463,0,14167,0,37,4552,0,0,336,39,0,5839,0,4938,274
681,149,6936,2883,0,37318,35,84,5879,491,128,417,10051,20332,0,73,1112,56,97,2286,7387,0,1645,0,101,41,115,706,3504,119,201,0,4798,50,1577,9,4129,2599,38077,0,0,9792,3,107,2240,2449,394,607,871,26,1568,2,0,211,2759,1006,15,4729,499,2336,0,252,708,149,303,902,1539,0,0,687,0,0,5763,3167,77,0,0,4305,948,352,3684,178,4061,2333,817,123,257,0,11220,0,0,119,14996,603,991,0,430,0,3885,67,1,785,1571,0,335,2002,0,61,0,103,76
682,8927,2736,3742,0,1827,890,750,2989,102,7,350,658,1119,0,1038,300,3931,0,5186,6794,0,235,1413,198,940,908,31,2891,0,46,0,2264,102,0,92,28741,2493,25325,0,0,6641,259,385,945,6573,0,27353,1075,230,0,342,97,0,0,65,538,13959,2410,0,1265,8645,7793,2,625,1083,34185,0,0,273,0,139,978,3702,1397,0,0,33552,9347,0,4434,1649,78,6508,704,597,2928,0,13273,115,0,1222,220,198,14176,1537,926,0,108,72,417,212,798,181,0,408,0,0,0,80,29
683,989,4919,1546,76,35751,18,617,10929,330,38,2946,15414,0,0,0,899,185,0,4301,2853,0,3222,0,0,29,971,264,0,544,88,0,2204,110,5226,185,4045,1823,1153,0,90,15556,10,301,1323,2337,0,1279,695,6,0,0,115,0,784,189,1,4485,503,0,0,0,675,242,203,578,2400,0,0,791,0,0,5275,2560,0,248,0,13582,1247,251,4954,0,4815,569,0,606,618,0,6372,0,0,817,0,347,3356,4,440,74,6311,242,41,205,456,2453,0,2852,0,19,0,410,1049
684,4919,1872,5608,82,2246,914,5609,2767,72,0,375,622,0,0,1512,162,2723,0,4806,7826,0,343,421,176,2450,348,49,1049,629,19,0,1595,1619,1059,0,26249,312,66595,0,6,2429,101,1373,105,6126,0,0,751,745,2041,478,0,28,1480,87,333,2671,0,0,679,10042,15611,50,752,423,43951,0,0,293,1,199,2160,3263,469,0,0,11676,26395,114,1268,1062,881,0,793,362,3126,0,14155,0,0,1007,643,53,6536,0,2624,360,231,0,176,153,1777,0,271,37,0,34,0,157,12
685,7461,537,390,0,98521,32,262,883,2996,0,169,27263,7801,0,46,0,0,0,0,2115,0,6778,0,657,0,146,851,4222,0,0,0,896,2404,241,317,50340,3710,200,0,0,9134,652,1299,0,3190,0,0,3456,0,0,0,0,0,3329,1074,564,0,90,296,312,2949,1970,0,2351,2880,1955,0,0,410,0,0,853,1051,0,0,0,19309,13165,48,1143,0,1436,0,2857,668,1197,0,5874,0,0,262,6116,522,5438,0,7360,2789,1670,1208,0,685,372,0,0,21,0,1832,0,4961,458
686,11185,409,8435,99,2492,22616,7507,1985,116,0,1206,561,0,0,0,77,26,0,0,966,0,2990,0,0,0,86,9,3672,274,0,0,1179,187,0,479,18676,4666,31246,238,0,2151,116,380,510,14897,0,4297,2009,0,0,0,0,172,738,251,890,4886,0,0,381,2581,11509,23,120,173,52721,0,0,89,0,0,1993,4409,0,0,0,19252,38775,0,3224,1385,3074,0,831,247,15253,0,16842,0,0,2657,55,139,6884,0,858,0,138,110,105,28,191,0,0,1972,0,103,0,463,342
687,11502,7404,13178,31,1844,2610,0,3081,202,0,0,711,0,0,2,1084,2519,0,5638,1907,0,1009,0,1038,0,447,19,688,0,0,0,1096,0,0,204,28069,8040,55689,0,0,5612,104,0,983,16552,0,0,2800,663,0,1176,0,0,1275,0,217,930,4615,0,908,9481,4122,57,896,240,22305,0,0,1388,0,0,2631,2784,0,0,0,10416,49754,745,305,3280,479,1008,478,827,3464,0,19769,0,0,757,402,57,5807,0,2092,492,162,2245,222,410,4291,0,0,688,0,0,0,4200,0
688,1615,5989,5638,0,41801,139,226,17518,270,0,1172,1600,0,0,115,893,329,82,0,5259,0,2209,0,96,44,184,767,0,0,0,0,2398,35,230,0,2843,576,0,762,0,6659,11,224,1592,7011,0,0,688,17,0,0,0,0,399,266,68,0,4593,581,0,95,314,352,361,725,1740,0,0,1365,11,220,4629,432,0,56,0,8511,1527,0,836,448,5723,11534,591,0,10680,0,4570,305,0,222,0,0,1472,24,640,0,3499,116,0,366,3455,0,0,5861,0,20,0,512,4815
689,9774,1202,403,194,89489,43,0,1001,3084,0,0,43466,0,0,35,2136,0,0,166,1934,0,339,0,1611,0,154,1178,3946,0,0,0,1899,5919,0,0,11578,1733,1137,0,0,18843,0,0,601,3314,0,0,1413,1570,0,0,0,0,2554,1831,2090,0,205,0,0,0,1108,18,6352,6335,743,0,0,0,0,0,1472,583,9,0,0,17584,5940,59,0,234,8991,0,1358,0,9339,0,5851,0,0,3012,0,222,6008,0,6595,1005,12346,0,0,0,0,0,0,56,0,0,0,5508,1377
690,18181,4317,12900,176,1395,197,0,2771,54,0,105,758,0,0,0,0,0,0,12799,1792,0,1748,6972,1110,0,1620,25,1455,672,74,0,552,552,0,329,13867,3201,0,0,0,0,0,0,1507,16863,0,0,707,492,0,0,0,0,541,427,801,0,3100,0,0,10466,8006,14,672,819,98276,357,0,641,0,0,2580,4342,0,1826,0,15271,22787,1762,0,3292,756,1093,2378,196,0,5900,16909,0,0,0,0,87,9493,142,1350,0,226,741,0,44,3844,0,0,2661,0,118,0,2189,169
691,10341,2838,4224,0,1446,6511,6336,1110,101,0,290,484,344,0,0,623,6904,0,1071,8216,0,442,25060,180,612,1111,64,7786,364,0,0,4759,0,780,55,3055,1103,35049,0,0,6804,0,3038,873,13165,0,0,273,0,2537,0,0,0,3059,279,0,9231,3154,54,2516,1861,10808,30,542,912,24818,0,0,438,0,368,1938,3395,0,0,0,31734,17921,197,1503,2346,122,0,762,206,8333,0,14139,41,0,0,466,24,917,369,784,0,175,203,140,153,758,623,0,83,0,567,0,0,156
692,7881,723,64,629,81801,0,558,972,4543,0,0,14593,0,0,0,2167,9694,0,211,1882,0,18377,0,698,1318,11,514,2724,68,1092,0,1171,1399,78,0,48943,1046,923,0,0,22149,0,0,0,500,0,0,0,4703,0,0,0,0,720,0,0,0,244,0,0,0,2957,54,7173,3173,1561,0,0,0,0,0,1751,2686,0,0,0,6001,2819,34,827,191,9299,0,418,0,0,0,3224,0,0,0,2012,151,51945,0,4519,6973,12446,0,368,3445,2245,0,0,87,0,0,0,8242,654
693,11461,389,0,36,67063,105,300,534,3513,30,124,15159,2706,15,31,145,5488,0,192,8269,320,1091,0,33,1564,17,1046,2444,71,370,475,1970,10834,260,346,43634,3411,1441,0,28,23037,97,1203,176,921,0,12231,3199,735,0,0,13,282,2390,1413,421,275,130,276,0,1686,1835,18,2907,13320,1876,0,0,77,0,0,1480,215,0,0,0,6676,1270,11,448,70,1164,0,1413,1920,3278,0,2316,0,0,1337,1128,285,14471,284,1137,580,13611,431,327,0,3169,2025,38,42,0,5730,0,135,709
694,8562,2851,4568,9,2113,59,10725,2117,107,20,0,1151,24,0,1094,322,1531,0,1616,10989,0,473,0,308,127,804,12,0,0,39,5063,2241,2012,2178,0,18248,4074,14625,0,0,6327,0,1194,874,7261,0,0,305,32,4909,0,58,0,1957,100,315,2645,1398,38,0,3107,18484,30,337,770,59763,0,0,37,0,0,1155,1386,0,3743,0,22656,15708,3420,692,1095,337,0,546,468,1348,340,13998,110,0,1834,465,146,5577,776,172,0,134,0,280,0,1604,532,0,209,0,259,0,570,256
695,7419,26,84,0,43154,0,0,0,3666,0,92,20006,6212,0,12,832,7135,0,2043,6618,0,2015,0,2706,4804,21,195,2279,0,0,0,3162,8919,51,0,73236,1002,1153,0,0,14794,875,858,1288,642,0,1105,2796,1674,0,0,42,0,4646,237,119,110,30,148,0,2546,739,105,1759,20906,1330,0,0,284,353,116,3195,1192,0,0,0,7994,1947,49,775,71,5098,0,1703,0,2011,0,3822,0,0,1279,13316,180,19026,0,2469,3079,12589,4029,0,1473,263,0,0,8,0,7232,0,1278,316
696,12540,705,233,239,81072,153,1269,955,2364,0,215,20533,4999,0,58,0,5150,0,611,1301,0,2900,0,375,0,21,383,651,0,594,88,336,3112,199,0,11641,4461,0,0,1334,20311,0,0,457,1047,0,0,4745,1111,6505,0,4,0,2093,683,812,127,209,951,0,2642,2220,42,2420,19179,1962,0,0,121,376,25,3352,219,0,0,0,9412,5629,16,2391,336,4402,0,1492,0,17671,0,4090,66,0,2580,0,289,26856,55,6092,3524,12780,811,468,3725,9137,0,0,40,0,7089,0,4721,0
697,3529,9208,13561,267,1443,4122,0,2262,17,0,130,588,714,0,1089,173,0,0,3247,2234,0,1302,0,606,199,230,14,0,0,0,4237,1279,292,0,0,15556,891,29662,0,0,7491,0,1087,791,5304,0,49478,2087,616,0,0,61,0,848,415,356,2414,0,0,0,13781,29557,8,543,126,79247,0,0,203,0,0,1819,3191,0,0,0,10568,26636,597,1371,1823,1508,0,0,151,3950,0,17177,0,0,4263,563,62,19621,927,526,227,558,0,0,1111,564,154,0,919,0,512,0,3314,0
698,10642,3341,2905,24,1607,0,14626,2616,72,12,0,914,0,8,0,420,7897,420,4767,3414,0,495,0,922,0,300,8,0,0,0,0,1256,792,2635,145,68121,6085,48866,0,0,7954,177,1243,1770,5808,0,0,726,623,1598,0,0,0,1122,265,845,2645,282,0,0,8808,6129,27,132,86,30606,0,873,1725,0,117,3047,4836,3228,0,0,25232,25243,0,1917,289,791,713,561,369,1883,0,13173,727,0,4411,0,19,15930,846,792,0,231,0,602,729,1560,203,0,487,0,0,0,2398,519
699,549,590,655,0,41316,287,177,7876,504,0,979,11864,16616,0,27,705,88,0,1820,11414,0,2105,0,29,51,484,394,6739,0,311,12,5269,223,1454,58,3010,3311,6265,0,0,7015,26,396,1890,2867,134,23713,407,29,332,0,0,2116,750,923,41,6939,530,1152,0,622,606,334,269,269,390,0,0,1272,5,0,3777,1578,19,125,0,3988,238,644,4294,186,600,0,222,194,493,0,6496,0,0,219,33495,508,712,0,257,146,3529,79,8,514,438,349,0,1790,0,31,0,91,0
700,860,2600,2959,635,34188,34,366,7989,340,0,0,10327,4474,0,21,838,149,0,2002,9207,0,2423,0,117,80,63,525,5811,0,852,479,5479,195,8357,0,5188,4910,34712,0,354,8803,20,463,1433,2687,0,0,860,48,1224,0,0,0,1885,558,12,0,0,6838,1433,2197,432,580,442,587,1514,0,0,763,0,229,3681,1713,0,0,0,4648,304,687,2150,930,1683,2253,307,21,2687,0,6015,0,0,35,16118,111,629,0,301,37,2525,0,12,98,0,0,0,1381,0,48,0,14,0
701,767,3852,1681,916,42859,33,0,8863,440,274,1475,13192,1011,0,62,1573,133,75,4856,9254,0,1909,0,109,56,636,281,2474,93,1632,0,3538,69,683,0,4236,1851,6333,0,0,14899,47,331,1097,5961,0,2770,569,32,0,0,0,467,30,2162,71,4224,2034,1022,0,871,407,171,338,952,2696,0,0,2824,0,0,4245,2549,140,0,0,9222,490,946,1352,100,418,171,157,91,303,0,5967,0,0,0,17122,555,596,27,266,30,5492,21,0,86,1237,0,1410,1298,66,73,0,14,4063
702,4639,6819,4571,0,2021,995,10918,3596,73,0,193,1240,316,0,1126,293,0,0,9536,1523,0,960,0,492,205,1708,7,4314,825,0,6484,542,514,0,268,25662,2804,39222,0,0,11415,0,244,1679,2514,0,0,3374,1183,3026,0,43,0,0,486,157,3128,7173,0,0,2758,9513,16,1228,419,7267,0,0,0,0,0,2601,3285,3623,0,0,33817,45689,757,1285,1049,606,0,953,473,9636,0,11509,0,0,248,0,242,12409,0,2451,0,80,0,216,659,552,343,0,739,0,168,0,3376,505
703,4299,0,0,30,1193,0,4697,1757,116,10,157,493,210,0,1394,266,579,125,5670,12848,0,870,0,258,3363,338,23,0,1125,0,0,2668,2361,4847,265,53272,2132,0,0,0,4209,241,2275,897,9221,0,0,1072,52,293,0,0,0,1793,169,447,0,264,303,3258,2677,14717,0,193,284,38770,0,0,0,29,0,2448,864,2695,795,0,22596,3600,2304,0,1104,240,1001,220,434,1865,0,11849,0,0,0,548,88,10684,0,1119,261,389,0,591,434,875,105,0,551,0,1311,0,654,87
704,835,5048,4022,1452,22986,116,10,7282,244,185,0,11153,7059,0,187,1796,150,0,703,3893,3377,3606,129,87,0,295,255,6439,72,468,1053,2329,0,3183,36,2297,3805,32135,0,0,24908,13,755,3431,4024,0,6458,153,18,0,0,59,0,2797,1151,0,14910,847,0,0,1352,652,261,531,517,2494,0,0,1245,0,0,7749,1927,0,0,83,7693,1251,0,5787,93,8658,4835,188,562,415,0,3254,0,0,484,12773,1047,3538,23,239,0,5863,0,43,167,1141,0,0,2297,0,0,142,549,8669
705,10746,3085,6167,0,2343,6530,3419,3393,102,0,235,1038,0,0,640,756,1475,187,3626,1538,0,3030,0,1123,0,1985,16,438,30,13,0,1667,420,1176,45,42670,3534,54088,0,19,9540,198,68,487,8356,0,0,1477,191,4853,0,121,0,121,259,2994,6864,2270,19,690,2428,3912,5,100,157,41998,0,0,0,0,0,3178,3390,0,0,0,10544,7398,1741,657,3528,1645,0,1549,131,4254,0,13194,0,0,250,0,0,20679,0,4137,169,199,619,0,469,435,0,0,1400,0,0,0,2751,16
706,1365,4319,9376,0,1711,2073,11321,4030,20,0,888,805,1573,17,1163,430,7758,426,526,3280,0,181,4895,2466,0,1290,7,4934,0,42,0,919,418,4063,355,11266,393,71654,0,206,12792,434,0,1469,3194,0,2145,869,640,0,0,223,0,1190,174,311,0,329,0,1144,4197,11858,17,448,472,10668,0,0,262,0,0,2346,657,4636,0,0,37353,13793,705,0,1387,1612,0,993,276,4145,591,16689,0,0,1013,514,126,13448,1892,4144,198,368,404,1590,520,1013,0,0,537,0,364,0,4419,837
707,566,5612,1022,0,22224,0,1126,3393,177,0,216,20470,8307,0,508,8637,70,0,0,3024,0,6909,0,0,78,106,163,8247,125,0,460,3482,107,3256,51,2002,0,28894,0,0,24077,63,129,2491,185,0,6459,1252,13,0,0,36,0,614,3155,145,0,186,4360,0,144,1111,0,283,523,3656,0,0,1305,0,202,5271,2107,0,0,0,7045,723,301,1737,534,6661,0,367,972,1366,0,1285,0,0,1141,0,38,745,0,427,54,3855,323,10,361,970,0,1969,671,0,71,0,666,4275
708,10643,753,538,124,59721,0,1814,1216,2912,0,1157,29836,14118,0,17,770,5880,0,0,1927,0,8202,0,696,5088,15,526,0,0,835,0,1127,3230,587,1785,25572,3402,4,0,726,44756,1471,178,1253,1004,0,0,4797,1060,0,0,0,0,0,1823,2251,0,45,900,0,0,1256,43,4581,33679,2879,0,0,0,902,0,1241,714,0,0,0,5592,8875,57,1008,194,0,100,790,0,2159,0,4622,0,0,0,14551,0,14495,0,2262,0,21175,2898,0,406,5805,0,0,19,0,0,0,4192,0
709,7218,569,427,162,43171,0,258,661,3432,3,70,21580,0,0,87,2839,6248,0,1974,2831,0,4223,0,0,1301,26,966,3218,136,0,23,2706,7528,106,308,55294,1693,1960,0,0,50169,604,773,1509,860,0,0,611,2234,0,88,71,0,5089,779,1769,14,0,271,0,1770,969,79,1785,8564,3231,0,0,133,385,0,1661,749,56,0,0,6226,406,405,515,19,3152,107,1627,2488,5516,0,824,0,0,2347,6293,0,32072,0,5224,0,20062,0,684,507,1485,2948,24,35,0,12331,0,285,1146
710,5906,641,195,0,42526,34,119,427,2864,0,354,8198,0,0,241,413,7158,0,404,2730,0,4627,0,343,0,87,1861,838,0,0,0,1754,9842,339,1722,21690,8625,85,3213,440,14180,1189,179,239,1853,45,3376,4278,279,4827,0,3,769,2907,1760,128,787,26,0,0,0,2542,0,3549,26521,3080,0,0,416,0,0,3675,377,100,1938,0,10774,4581,21,931,201,2875,0,1909,0,1693,0,4375,0,0,761,0,0,30269,52,5350,3469,9362,2602,137,242,10373,0,0,18,0,3523,0,2716,556
711,718,6561,1297,1112,28544,44,235,13813,331,0,3428,17155,37555,0,0,5748,177,0,1182,2215,0,2097,0,0,17,688,243,2707,0,0,0,2659,0,0,0,1282,3230,47773,0,0,31601,0,0,3999,4648,0,0,1015,21,0,0,0,0,0,1935,0,0,1215,4655,0,541,978,0,325,621,5434,0,0,3714,0,0,6952,1526,131,0,0,13261,1043,1059,1532,649,2717,0,309,29,0,0,1739,626,0,0,0,2136,251,31,577,370,9150,0,0,690,548,0,0,4087,0,0,0,579,0
712,8484,3127,1114,81,2310,1802,4494,621,120,0,56,344,0,0,60,187,3176,0,12382,6627,0,580,0,469,121,755,19,0,606,10,423,1956,360,751,0,24198,1030,38953,0,0,3996,269,1776,476,5798,0,55771,827,541,0,0,115,0,1177,150,1414,2241,0,221,0,2710,12661,7,309,452,32583,0,0,86,0,1063,1213,4541,0,0,0,9111,4662,2897,662,4846,191,0,937,1059,4697,0,13262,185,0,2292,34,145,7418,1177,2647,0,244,0,163,349,296,0,1568,415,0,2217,0,301,0
713,838,7163,2325,0,31633,4,515,9863,500,0,428,6835,10014,0,283,1888,231,0,1040,8124,0,3185,0,0,167,775,110,0,0,0,133,3007,143,0,146,515,0,38172,0,91,20411,37,524,757,3871,0,0,423,16,0,0,0,0,961,1837,5,13749,992,830,0,1280,314,139,429,647,4310,0,0,2201,3,36,9416,2659,0,0,0,8752,44,144,531,231,1721,2384,146,396,366,10,5836,0,0,671,19070,1903,1284,0,131,59,4576,0,42,370,1246,346,0,1139,0,125,0,0,3023
714,5420,1550,151,252,60402,26,315,730,1873,34,0,3880,10938,0,0,133,8032,0,1194,3385,0,5872,0,874,0,37,285,0,211,1355,0,1278,12017,613,0,17269,0,1468,0,0,41135,0,934,402,2124,0,0,381,3947,7142,0,39,0,1325,257,2565,0,172,388,0,1656,2219,23,5041,4669,3047,0,0,225,0,70,3103,600,0,0,0,24208,3223,35,2735,0,504,0,81,0,3505,0,4269,173,63,1308,6964,78,14659,490,7006,0,20732,2040,698,3240,4077,302,0,6,0,7694,0,2345,342
715,14813,1764,3143,126,1654,760,0,2680,116,3,0,608,3558,0,0,216,1308,563,25799,10024,0,559,0,1382,340,139,43,4022,0,0,0,2372,664,0,0,57569,0,2027,0,46,10008,310,1873,0,16705,0,0,1029,464,0,0,128,93,715,4,1420,0,559,0,0,4508,8758,21,464,633,40822,0,0,181,0,0,1729,1140,601,0,0,13868,6669,49,418,875,350,0,467,226,0,0,13155,0,0,2027,662,79,6174,247,2781,31,389,0,254,57,1277,703,0,908,0,1755,0,160,61
716,8464,524,119,178,36557,67,1035,507,3800,0,219,2492,10581,0,297,393,423,327,2617,1933,0,6153,0,1061,1744,80,1499,2621,5,1649,0,1361,10846,112,953,25750,2301,1398,0,0,31819,301,1215,1447,1652,0,0,444,2941,1566,0,52,0,4493,3478,291,65,53,174,0,2964,5027,52,2963,13940,2163,0,0,852,0,0,2679,606,0,0,0,11950,7276,98,954,342,897,0,673,483,8763,6,2387,68,0,440,6836,329,27308,0,5708,0,22571,0,124,0,1017,0,524,7,0,2543,0,5937,0
717,6110,2975,937,51,1652,3404,8656,2275,97,0,0,649,0,0,0,106,3354,0,2768,11066,181,315,0,1068,2064,628,45,0,242,0,2236,2362,3618,827,262,38859,3387,11041,0,123,10574,132,1493,750,2718,0,0,986,0,0,1261,0,0,0,222,1463,0,2375,0,0,6223,9313,18,514,619,49873,0,0,248,11,0,2211,0,653,0,0,7602,8292,291,939,2093,388,0,745,21,0,0,14358,0,0,2198,0,53,3528,0,2858,320,192,401,461,0,542,0,0,0,0,1192,0,67,82
718,10216,226,617,0,74814,182,126,1076,1233,0,0,6158,5266,0,0,0,3397,0,1363,701,0,4924,0,389,0,72,617,3997,113,437,0,1874,1704,160,0,62605,5728,1521,0,0,17650,0,0,567,1530,0,0,1614,5470,0,0,39,209,6063,275,1527,88,55,0,0,233,1170,88,3602,14205,1371,0,0,122,681,0,4002,585,0,0,0,8605,1362,46,2155,428,8745,19,327,1660,1386,86,5342,0,0,3885,0,0,11763,0,5423,2075,8293,378,174,1396,759,0,0,29,0,1518,0,6696,3656
719,10184,2346,1484,0,2224,5726,22073,4441,164,8,1692,1436,1219,0,2445,60,4475,0,4709,5020,0,361,748,815,0,882,17,0,2682,62,2254,2309,0,2523,0,24037,4060,0,0,150,10550,0,160,465,19888,0,0,320,1184,2421,0,197,46,888,158,368,5628,3918,42,2275,8944,14583,2,359,267,28340,0,0,650,0,0,3096,8791,1137,224,0,18433,10663,2255,680,1143,553,7421,285,0,0,0,3433,0,0,1429,0,180,3469,0,848,0,337,0,130,0,1697,316,0,1185,0,356,0,1697,0
720,703,3395,933,53,27861,25,643,6571,1078,0,0,8846,4351,0,27,1924,165,0,1107,8529,0,4306,0,0,19,509,914,19325,82,1179,0,5348,449,658,0,3105,7653,8846,0,0,1724,45,356,2422,2474,0,1609,487,15,7252,25,16,0,947,2219,7,0,1160,0,0,924,260,29,378,1027,1878,0,0,797,0,0,3242,1189,79,0,0,7719,382,551,1365,77,1677,0,386,723,3068,0,3510,0,0,216,10165,144,2050,66,190,0,1561,0,9,184,162,97,251,0,0,148,0,117,2080
721,930,2290,2272,0,34733,0,281,4699,455,0,1898,3193,6636,0,86,0,0,0,5513,5116,0,2752,0,0,0,347,552,9568,64,122,0,2025,0,3062,0,1419,6279,4728,0,0,38600,0,771,3472,1349,0,2354,656,84,4479,49,0,0,1160,1437,64,0,1391,7684,0,93,635,139,215,294,4232,0,0,3527,0,421,8746,3744,0,0,0,10464,1302,201,1147,256,3376,0,321,345,1973,0,2849,0,0,0,32433,484,1487,0,51,0,4930,334,0,58,227,0,369,2897,0,491,0,137,2452
722,9510,609,646,245,59953,0,0,873,3275,30,809,3118,8836,0,0,382,8632,201,255,3407,0,8359,0,0,2445,32,557,722,0,2092,0,518,0,0,0,47698,3887,678,0,0,8010,0,2307,694,2279,0,0,1833,3592,8902,0,0,0,5129,0,1452,0,30,0,0,2171,1244,41,1413,10290,471,195,0,571,324,100,3637,203,0,0,0,4013,3607,70,388,0,3557,0,1637,0,3302,0,7310,280,0,8430,0,30,9876,0,2753,0,20165,2145,77,1651,0,435,159,101,397,1616,0,1867,4090
723,9097,1062,284,25,64685,45,657,320,5210,150,0,15202,6046,0,0,248,0,0,801,4015,547,2865,0,193,4294,35,1287,0,0,0,194,1749,198,0,256,17693,3174,157,0,0,27241,193,434,528,2643,0,0,389,2153,0,0,27,0,1296,1883,2699,0,764,0,0,579,1470,26,1638,25842,3022,0,0,474,0,0,3064,378,0,0,0,7947,3046,44,36,114,3463,115,2608,3905,784,0,1903,182,0,2301,2990,0,15668,0,3693,0,17554,479,440,0,1723,0,803,27,0,11204,0,99,347
724,13086,472,49,68,71877,16,353,405,5901,3,51,16176,10042,0,215,806,959,0,1084,4478,0,5083,0,134,3219,29,1001,0,0,934,0,1515,5817,133,426,9373,5269,886,0,0,14958,108,270,444,1715,0,0,813,4156,0,11,56,1991,1768,2330,435,167,86,239,0,3983,1084,5,3011,11236,1046,0,6,70,0,0,1274,529,0,1045,0,6480,2256,103,217,186,4539,0,1331,876,4860,0,2704,0,0,7421,3759,8,15333,258,2140,3671,9610,2313,98,807,912,2380,81,6,0,33198,0,372,267
725,8488,698,133,0,69494,0,79,731,3552,0,0,21476,0,0,97,1311,4783,0,2058,7621,0,4561,0,245,6656,10,1062,3278,0,0,0,2805,12229,239,324,11267,2389,1357,0,0,30561,0,1026,495,1998,0,20867,1003,2022,0,18,126,0,3104,758,959,68,5,0,150,3127,1376,18,2653,7802,1147,0,0,466,0,25,2453,396,0,1199,0,3657,2837,27,122,58,1648,113,214,218,1485,0,3147,0,0,2229,745,11,11592,0,1750,0,10478,823,313,477,1180,1388,23,14,0,13268,0,254,107
726,10321,779,304,305,62626,10,631,1441,4490,0,368,19971,2122,0,281,407,5545,0,390,5886,0,1627,0,0,0,26,575,3018,0,0,0,2215,53887,91,109,69191,1131,52,0,0,10940,0,663,1673,2871,0,0,952,953,0,0,0,0,1869,686,1335,0,80,0,0,2314,2692,77,3074,6004,1694,0,0,0,0,0,1602,194,0,1101,0,6312,3104,51,1295,47,0,40,179,597,4323,0,2520,0,0,0,4132,52,12067,0,2095,0,13519,0,0,974,290,4037,0,0,401,26523,0,719,282
727,10450,378,16,218,56555,44,553,772,4766,0,367,10074,6922,0,122,497,1537,0,0,7300,213,1386,0,0,1907,59,737,1488,27,141,186,3054,9478,0,421,29019,3057,0,0,292,19754,302,532,1155,1532,55,293,3474,1803,2476,102,36,0,4710,837,0,0,18,0,0,494,1365,8,2424,10404,4364,0,0,343,2224,0,1862,503,0,0,81,11548,1097,29,509,143,1320,29,878,0,4526,0,2662,0,0,290,507,35,15912,103,2284,1937,7594,832,63,1352,607,1823,0,5,0,9277,0,840,608
728,6330,575,326,389,65417,61,206,862,2155,0,0,12270,6763,0,0,0,4946,0,518,3780,0,4037,0,762,0,12,471,0,259,0,0,1378,1737,0,591,8074,5912,574,0,0,20687,0,0,943,545,0,0,4083,1107,0,0,116,616,11123,1787,1015,60,0,608,345,4078,597,0,2790,25224,2084,0,0,0,1068,0,4101,754,0,0,0,19417,6905,105,1018,22,2641,0,375,0,3085,0,948,0,0,4288,1771,61,9835,253,699,1171,16801,1482,0,734,1927,0,0,37,2012,19911,0,12966,0
729,9124,12432,6837,54,1525,0,9843,3629,78,0,0,970,377,0,363,404,3048,690,0,2557,0,145,0,3522,0,0,12,6689,0,83,9560,1558,988,332,140,48258,2345,32933,0,0,7224,275,3001,483,3825,0,0,597,983,0,0,0,118,687,564,142,5350,618,0,4765,3952,21027,25,968,299,48383,0,0,0,0,0,932,4007,2010,199,0,23564,35761,2871,1005,770,1105,0,527,216,6168,0,10192,30,0,1784,0,70,5738,273,4895,0,305,519,293,0,748,938,0,504,0,1518,0,2929,541
730,719,1040,3300,170,21194,78,0,8502,307,0,2789,15607,0,0,0,0,93,0,2641,3009,0,3287,0,19,0,907,298,11776,0,0,0,3058,75,2023,0,4325,255,30747,783,426,24487,23,199,3669,3483,0,0,1079,22,0,0,0,0,542,899,6,0,1717,2146,0,1081,241,458,455,773,2741,0,0,5284,0,355,6389,3193,0,77,0,7741,1030,8,396,543,4331,0,207,368,2366,0,5468,44,0,454,15315,1127,1002,11,790,119,4239,28,0,296,655,0,545,1514,0,79,0,652,4629
731,14748,0,10358,55,1339,0,31534,1582,133,0,95,989,0,0,0,0,1599,0,0,2451,0,993,0,507,0,694,23,0,597,0,0,2376,367,313,163,18599,5580,32247,0,0,3777,0,2900,1110,8166,0,0,2554,1488,0,0,0,0,0,122,2110,0,8796,110,0,5696,14351,0,927,702,25071,0,0,85,0,888,4049,663,0,0,0,8512,42915,2733,783,926,471,0,0,356,0,0,8012,242,0,0,3333,51,6826,314,1018,0,455,0,360,0,0,0,0,904,0,1976,0,5455,0
732,10276,5073,8233,23,1737,0,0,2377,64,0,229,600,609,0,677,0,2394,0,2734,3619,0,622,0,1484,795,2119,29,5176,1167,0,0,846,1536,780,596,14705,1507,49653,0,0,11815,0,1406,376,1479,0,27911,653,430,0,0,0,0,0,380,0,2864,3492,98,0,5724,12014,0,579,536,25680,0,0,0,0,0,2283,5583,0,0,0,14928,19504,3249,225,1331,439,0,0,1138,6496,0,9455,0,0,0,352,161,8795,0,951,0,278,875,173,153,516,0,0,1916,0,2103,0,3678,119
733,13692,570,529,0,46947,39,0,874,4453,0,947,30762,14800,0,227,183,971,0,1176,1878,0,2184,0,297,0,59,1788,7495,0,1116,0,1667,5562,209,0,50984,4531,549,0,0,12557,339,40,1321,1106,0,0,1896,3986,1449,0,79,0,0,2319,961,71,344,299,121,1164,3286,15,2494,13545,2269,0,0,579,0,77,1994,384,15,0,0,6108,6587,0,256,269,7323,108,1241,0,3546,0,2124,99,0,1888,9473,248,9916,104,1144,2812,19930,2577,172,1636,2169,1139,0,14,0,6893,0,3712,1116
734,7005,6843,2171,261,1821,1083,8453,1688,53,0,0,1027,2132,0,2061,488,5663,0,9059,2341,0,728,6610,467,431,663,38,4719,691,79,0,1545,0,1806,0,14420,8614,40679,0,0,11416,288,1004,1056,12516,0,933,1690,847,0,0,243,0,286,233,0,0,1834,0,0,5284,20497,0,1059,783,64417,0,0,773,0,131,2493,2986,0,0,0,34870,20309,846,634,2490,799,2025,182,496,811,0,8636,39,0,0,0,66,5151,0,1594,0,207,636,143,1117,226,0,0,517,0,438,0,4235,629
735,7611,4244,3229,0,1231,1079,9776,1224,139,3,138,279,1097,0,1936,292,1013,686,13290,11753,0,280,2796,964,850,320,49,3423,0,0,0,2824,494,7288,0,43138,2948,0,0,0,4571,4,1421,364,6293,0,0,612,1897,2479,0,0,0,433,347,120,1037,0,0,0,13450,14974,15,614,699,33094,0,0,215,0,0,2561,1625,2004,0,0,27211,34361,1717,1007,1369,371,0,96,111,3710,0,10282,56,0,101,787,92,5516,1227,1246,205,215,743,621,298,703,260,3451,252,0,376,0,660,43
736,5697,4181,1445,16,1659,1829,12572,2168,93,0,59,386,0,0,1929,125,1912,0,11767,13237,0,818,0,190,529,1579,54,736,0,65,0,3658,2370,139,360,30240,3286,0,183,0,3277,32,3211,368,9262,276,0,303,516,0,0,0,0,1161,303,832,10755,3718,103,0,3762,16578,0,844,825,9717,23,444,664,0,514,2154,1948,2403,0,0,13335,11596,0,397,751,413,0,1198,244,1967,0,8770,67,0,1216,0,54,3246,633,1394,292,267,0,316,306,782,116,0,132,0,2012,0,0,208
737,109,1600,437,685,41562,0,229,9330,512,154,1538,11961,0,84,86,1489,0,0,3051,10251,0,2211,0,87,57,845,320,3999,0,1348,0,7129,103,741,0,922,1744,6691,0,0,24999,36,0,1312,1071,0,5661,262,0,4247,0,6,2403,329,257,69,339,0,1861,0,1246,200,0,596,1378,1760,0,0,178,0,389,3560,2380,0,0,24,9572,294,497,11194,213,622,6280,175,0,1626,0,10819,0,0,288,15834,1440,979,57,255,0,4761,82,40,306,484,187,315,0,0,340,0,0,369
738,15707,10950,2745,422,1227,0,7014,7789,12,0,512,626,690,0,3013,349,0,0,6069,4140,0,1162,0,666,1013,0,31,0,0,0,0,1297,489,2691,0,16151,5811,4115,0,0,7755,32,520,485,7199,197,0,1659,956,0,0,0,0,2104,0,0,0,5633,0,0,7181,21023,0,307,423,84936,118,0,332,0,0,3770,3215,14992,0,0,39229,37215,210,1091,697,475,0,76,383,7624,0,10362,0,0,364,544,0,10193,0,0,0,257,0,325,0,0,0,0,498,0,381,0,3426,385
739,10794,6759,4260,91,1720,0,16280,2578,146,0,0,976,797,0,1418,271,902,0,18059,2952,0,1295,0,2205,586,1257,13,3741,819,0,0,577,1034,0,0,39697,364,54974,0,176,2166,150,0,886,3860,0,0,164,3270,5553,0,0,0,1806,265,991,2809,1369,72,3483,10123,9095,0,1368,575,59691,0,0,417,0,0,6408,3713,0,0,0,24718,30231,792,395,949,508,0,0,815,3436,0,7897,0,0,0,0,176,489,484,1794,738,209,0,0,0,542,0,0,186,0,178,0,1843,0
740,8466,521,274,0,55907,26,85,740,2170,0,0,18669,12726,0,101,951,0,0,340,2981,332,4993,0,588,0,63,1024,10333,0,0,0,1400,14737,969,176,20454,7343,113,0,154,35223,0,1803,928,2076,0,0,2894,4640,18878,0,86,193,5257,3789,2219,13,22,1186,10,734,1484,71,1165,28807,1483,0,0,249,0,0,2961,313,5,0,0,8320,3827,100,259,413,2046,41,1583,299,4881,0,2135,0,0,902,6655,42,31260,0,3618,0,10274,4541,0,708,3509,0,0,35,0,5422,0,2492,2057
741,6161,1417,339,0,39755,66,0,1280,2711,0,599,1144,33320,0,84,0,0,0,0,2397,0,1119,0,0,599,22,546,0,268,0,0,2211,2894,0,0,87048,0,453,0,0,35346,354,136,4366,399,0,0,14223,0,0,0,140,5936,0,1432,140,428,146,0,0,0,2857,160,5437,6181,2631,0,0,743,0,0,5491,1139,157,0,0,9245,4215,85,1825,116,1798,0,1434,0,0,0,4034,0,0,0,0,205,11615,0,3533,0,12899,0,181,0,802,0,0,32,0,7165,0,4341,339
742,784,1108,2765,0,37822,305,313,9189,612,0,307,3223,17677,0,302,1443,194,87,2752,8645,0,1536,0,9,0,640,374,9497,0,834,1395,6373,300,5001,0,3923,610,14844,0,0,4942,6,0,3136,2519,0,21076,187,0,0,0,0,0,452,775,21,2589,0,2400,0,296,42,89,332,918,1703,0,0,836,0,0,3510,1798,0,0,0,3678,191,38,227,161,7065,0,254,27,793,0,3982,0,0,0,12041,423,774,8,148,61,1828,461,0,275,132,655,964,142,0,513,0,77,945
743,11331,260,545,0,46883,0,587,544,3143,0,27,33187,15158,0,74,202,9640,0,1205,2148,0,5247,0,0,586,67,765,15527,9,0,0,1510,1670,240,0,28838,1429,2167,0,0,10344,959,915,2036,959,0,12678,1809,0,1438,0,0,0,245,2743,1041,0,27,0,0,0,991,20,3441,7676,898,0,0,368,0,0,1792,317,47,0,0,13340,2885,52,383,278,2681,0,1175,621,12424,76,1402,0,0,2329,7074,224,24934,0,647,3233,5182,1554,0,0,0,575,0,25,76,2385,0,2950,1172
744,882,5051,1653,0,32098,123,278,8019,336,194,769,4546,0,0,58,357,230,0,5467,12229,4576,2813,0,13,136,217,199,0,0,1752,0,3231,11,450,0,3626,2454,40061,0,165,7082,0,549,3251,1245,0,29419,99,21,7855,33,0,0,501,0,0,863,0,0,587,1099,182,302,505,389,1379,0,0,1910,0,0,3569,1988,269,0,0,3360,189,245,3148,251,2434,0,515,514,466,0,2045,0,0,60,23649,521,547,0,66,38,4112,157,64,816,1116,0,194,1060,0,946,0,142,672
745,4003,972,122,0,61591,0,1611,1243,3596,0,0,5272,11432,0,105,385,2447,0,0,2197,0,2031,0,470,0,29,688,4130,430,0,0,1602,8162,450,276,35832,10935,1852,0,0,17837,62,766,1765,2470,38,3863,1814,4164,3819,34,0,1940,2158,0,4413,0,107,121,0,0,1236,17,889,14924,1924,0,0,200,1236,0,2961,61,54,1032,0,7638,4249,130,964,150,2286,44,2131,1000,1047,0,2113,0,0,3842,3338,846,16576,0,4412,0,7871,0,253,0,568,0,0,77,57,3475,0,5420,1551
746,3479,594,2052,216,1910,2227,8780,2749,175,0,195,544,298,0,926,207,3893,0,7536,11412,0,558,0,680,509,1441,12,0,0,30,0,2465,297,4040,580,53282,13733,50500,0,0,4705,61,369,82,9367,0,0,513,202,3061,0,79,0,804,113,1950,0,2538,21,2274,5247,5988,0,345,392,35717,0,0,49,0,0,2325,5210,0,0,0,16303,5687,624,211,1142,459,0,0,0,4295,0,8246,103,0,2793,0,10,11102,0,2691,0,240,109,491,98,0,506,0,114,0,7169,0,0,0
747,13631,336,224,63,38556,162,0,607,2165,113,64,14738,8079,0,0,0,0,0,2171,5979,0,471,280,167,483,111,1582,4121,0,0,272,2760,46808,1045,1053,5895,6195,706,0,0,11180,28,1304,214,3129,0,0,1117,764,0,0,0,0,0,589,2955,0,0,0,0,2056,512,0,2177,15136,763,0,0,155,733,0,1838,102,0,0,0,6198,2178,30,228,53,526,0,881,608,8990,0,3485,0,0,1358,774,250,12546,0,5168,663,21202,0,446,7573,1543,0,0,0,0,26212,0,466,1812
748,3408,0,124,0,30906,57,319,1338,1289,0,0,14505,18798,0,0,527,14679,0,0,4372,0,6469,0,2,304,73,1837,18109,0,0,0,937,8599,0,0,16509,2446,972,0,0,40928,0,805,2956,3220,0,12071,6495,0,0,0,28,0,0,480,0,56,130,0,0,1721,1518,33,4940,22738,1319,0,0,869,0,69,3187,440,0,206,0,9062,5045,127,80,90,581,49,1148,262,0,0,1182,158,0,0,10999,15,5766,0,1462,0,8782,5571,349,703,4293,0,0,12,0,16740,0,5109,498
749,1128,2391,3931,0,19332,92,917,4067,562,0,817,12558,17879,362,710,2778,276,254,710,4928,0,6081,0,0,0,138,326,14405,37,0,503,4401,209,1283,181,1779,1910,35054,0,0,16393,64,126,2260,2225,0,0,369,21,0,0,5,6811,626,1777,0,0,2607,0,0,538,1027,182,340,848,3979,0,0,1116,0,0,7232,4831,0,42,0,12439,1211,253,895,483,1558,0,25,339,0,0,2781,0,0,363,12282,646,1433,0,427,0,7204,82,16,214,867,1010,0,1047,174,555,0,222,1984
750,692,1783,563,168,22749,13,203,483,1413,199,0,29209,32156,0,0,452,19296,0,0,3370,0,3653,40,183,0,61,730,4974,313,0,0,2092,584,0,0,58421,2821,297,0,0,48257,0,610,1649,1748,0,2059,2902,2275,0,0,32,0,0,3562,3613,0,104,324,259,0,1354,58,2959,19116,2506,0,0,0,0,156,1690,1290,0,1608,0,13502,1904,154,1601,513,2839,0,2402,1692,8894,0,2343,0,0,0,0,696,33588,0,3848,0,20866,2363,0,3662,990,3341,0,18,0,6968,0,2451,2308
751,9773,6777,13240,89,1585,0,22794,894,140,8,291,899,0,0,848,204,2298,0,2417,3070,0,1292,0,432,0,78,17,0,686,0,0,1744,100,1174,274,33155,2895,59762,0,0,1225,95,0,1684,15450,283,13921,1240,133,0,0,673,0,0,243,161,0,0,144,9570,1038,9638,97,757,227,50986,0,0,0,0,0,3274,11514,758,1425,0,31095,5862,1773,0,0,1225,0,0,231,0,0,15893,189,0,169,0,121,11922,0,775,267,310,663,1126,0,0,0,0,1122,0,1274,103,3231,35
752,567,3537,5260,815,22875,124,581,14292,1110,0,1255,9813,12198,0,0,7562,391,0,233,4762,0,4365,0,0,45,1178,384,2849,0,1431,0,1971,73,0,0,1366,4328,0,0,0,16966,0,433,8133,13506,0,0,106,52,11869,0,25,3067,974,183,4,0,9559,3217,0,1733,382,54,859,927,1241,1568,0,3677,0,288,8803,2556,0,0,0,2578,715,564,4247,135,644,0,178,257,2359,0,7548,0,0,0,67337,147,477,66,318,0,6190,0,4,0,820,0,0,1256,0,323,0,400,0
753,14335,15,2965,28,1869,568,1251,1697,99,0,0,1204,2112,0,0,355,6890,0,15416,9016,1185,1384,0,331,2477,528,40,4367,1209,0,0,3461,1383,2622,171,35085,3490,48688,0,130,7649,0,645,447,15990,0,0,683,148,5893,210,0,10,2718,104,1798,966,435,19,0,5249,7332,15,695,327,37439,0,0,81,32,0,2487,7797,0,0,0,18893,7054,2007,1215,122,225,0,613,0,1588,1016,9447,0,0,0,535,29,3553,0,1203,0,259,178,131,439,0,900,596,116,448,480,0,243,93
754,11939,1457,113,104,62210,88,99,1167,3654,0,0,3511,0,0,0,0,2469,0,613,1839,0,3384,0,3193,0,10,962,0,0,0,0,2384,1814,574,0,21217,11371,0,0,787,15262,0,0,1575,3727,0,0,4727,1051,0,0,17,1083,2015,1343,886,357,351,326,0,0,2041,11,333,3941,2932,0,0,847,0,0,1110,877,0,7005,0,12067,2698,67,1741,20,2077,0,422,2383,536,0,3032,0,0,1919,937,158,23433,0,8320,1062,15788,763,0,110,1604,0,0,63,0,35371,0,2434,319
755,15075,609,109,93,54621,87,933,525,3734,16,325,21147,0,0,0,189,6623,0,401,1423,0,3494,0,1232,370,99,1465,0,47,1119,0,1016,5290,75,612,13050,1870,13,0,421,19920,0,759,1325,1985,0,0,532,497,0,0,0,0,0,2076,0,127,21,308,0,1199,1992,13,440,9061,774,0,0,216,0,0,3099,238,0,0,0,14910,2655,35,2051,148,2605,0,1678,538,8227,0,5161,0,0,1332,8183,13,10465,0,15838,10462,23914,0,120,0,1362,0,0,36,0,54266,0,2957,581
756,11680,4928,1058,67,1745,0,9002,1601,91,0,662,1183,0,0,285,96,2256,0,7717,7546,0,916,8481,240,248,541,25,2598,0,22,0,2787,664,1051,101,5762,4390,2146,0,26,11358,63,223,710,19000,0,0,1463,0,0,0,594,0,0,195,144,8404,861,0,0,7549,20839,32,713,230,60390,0,0,0,0,0,5773,2540,0,0,0,17368,9114,3418,875,3481,74,0,35,0,11478,0,10971,0,0,346,307,0,6753,0,2831,0,169,1566,0,28,975,1064,685,0,0,3471,0,763,96
757,10402,0,47,430,53876,0,490,689,2130,0,78,9756,7429,0,0,0,13102,0,3332,1811,0,645,0,0,1293,95,823,18393,314,0,0,2026,3431,54,1036,11274,12744,881,0,0,29280,0,4271,1927,2559,0,0,4254,0,0,0,0,0,14818,854,1626,337,0,274,0,1295,1705,21,1092,6383,752,0,0,0,0,0,3626,961,0,0,0,7113,4954,12,0,133,3828,0,0,685,6026,0,7251,0,0,14773,0,312,13655,0,381,0,26873,0,256,0,4604,10292,0,58,0,16403,0,1468,376
758,9572,4472,2567,0,1074,5147,0,1476,78,0,1910,684,1542,0,0,155,7326,0,9405,2640,0,2081,0,1167,1199,2049,47,0,1065,0,0,1199,124,5641,15,5754,2421,953,0,158,17422,0,704,1562,7365,0,0,1608,404,0,0,0,0,528,376,81,1260,3262,0,1670,1127,23289,0,1104,567,63483,0,0,399,0,263,1151,1346,0,552,0,30818,21296,0,4121,3022,136,6285,154,464,4578,0,13628,0,0,4044,765,12,8635,921,4347,62,333,895,0,0,0,0,1378,795,0,0,0,1730,1102
759,15732,0,10518,129,1001,0,4518,1810,77,0,96,978,1783,0,380,0,3322,0,13731,3162,0,1042,0,710,0,847,64,1777,0,203,0,1369,286,0,0,5046,9347,49066,0,13,13757,0,2070,1708,10605,0,2878,2221,1481,0,0,37,0,359,275,1823,1902,321,0,148,1932,10719,30,826,318,43598,0,0,403,0,501,2445,6519,2302,0,0,30219,4937,3853,0,1243,2654,0,926,648,0,0,10819,38,0,0,242,239,5389,0,3721,505,61,0,0,437,2719,0,0,407,1422,727,0,1476,556
760,12207,100,327,0,25670,130,538,978,2090,0,1097,6276,5646,0,233,1346,8049,0,1318,2751,0,3493,168,379,0,68,839,7548,131,0,0,1058,5102,0,612,0,1137,673,0,0,36233,0,1003,3160,2899,0,3638,4245,222,0,0,0,8281,6702,4658,1709,69,216,131,0,2202,2587,57,661,18991,1711,0,0,1004,0,750,1896,605,0,0,0,19063,5194,111,2625,479,3393,33,2052,0,2049,0,1823,136,0,5142,1530,81,4635,0,12722,4504,16678,0,0,139,2684,0,0,0,0,20705,0,874,797
761,844,5459,4658,0,322,975,8554,1667,54,0,0,141,0,0,0,0,8476,0,4892,4447,0,1374,0,1202,0,899,32,0,0,0,0,3142,446,0,0,20680,0,0,0,0,15826,0,1389,1701,3907,0,0,3162,0,0,0,0,0,0,254,0,0,0,0,0,3221,21633,14,2020,399,82643,0,0,248,152,0,3091,2877,0,0,0,20237,29860,8319,2214,1934,335,0,740,0,239,0,9036,0,1235,554,0,337,2367,2016,10632,450,542,622,0,0,3946,0,0,0,0,823,0,915,106
762,9706,2009,3084,56,866,0,0,2452,77,33,472,793,983,0,1961,695,612,117,4279,2877,0,1255,2430,307,1072,1525,33,9616,262,86,0,2086,1379,3943,181,2002,565,5276,0,0,17939,0,1164,1958,7794,0,0,892,465,8292,0,241,0,1346,153,849,789,3973,0,0,4021,25473,45,883,538,60197,0,0,702,0,0,4390,2476,0,0,0,28471,4918,3102,426,1369,747,1270,521,198,1662,0,8555,0,0,331,423,166,5288,0,833,187,202,539,0,530,2514,0,4969,782,0,2836,0,860,355
763,991,6381,1298,0,43302,6,0,17045,431,0,2603,2913,3105,0,0,21,424,0,10335,7027,0,753,0,0,35,474,682,8528,0,0,0,3142,57,2639,72,4097,0,0,0,0,31040,11,659,1667,4407,0,0,0,16,0,0,0,0,0,202,44,3760,1326,0,0,3135,254,115,298,1015,2377,0,0,0,88,0,3565,1325,21,0,0,4370,1207,429,5743,590,5765,3552,0,0,2971,0,5000,0,0,859,19127,891,879,0,177,23,4251,58,21,787,685,668,480,1147,0,326,0,14,0
764,1151,7225,1365,919,47629,21,108,11409,764,0,1484,11488,18713,0,0,0,313,0,1876,7185,6438,1703,0,0,32,111,724,6925,0,0,0,3056,371,9159,0,3508,0,0,0,458,1282,10,425,1563,2073,0,0,692,34,3724,0,121,0,0,0,0,1655,2571,0,0,818,479,0,500,1033,821,0,0,3918,0,300,7846,923,103,0,0,5744,128,0,2475,0,0,2290,286,99,275,0,6559,0,0,708,12309,0,619,0,0,0,2594,0,5,172,1023,0,0,212,0,103,0,40,0
765,262,2665,6368,900,28464,32,158,12559,400,0,5030,10437,0,0,381,0,259,0,556,3656,0,3257,0,24,0,525,657,9265,0,807,0,5418,0,3435,0,837,0,3183,0,0,31269,32,242,1998,8246,0,0,161,131,727,0,97,0,1012,860,42,0,1138,0,0,1077,927,760,910,686,4709,3399,0,363,24,0,14949,1463,0,0,0,14104,542,0,1008,364,6520,1943,263,449,1872,0,4040,0,0,152,20603,2089,1046,81,422,238,6154,0,0,336,1843,222,0,1810,0,508,0,286,1396
766,4553,2744,4169,228,1142,0,0,3003,157,0,932,766,771,0,155,161,998,0,3355,4700,0,1002,5000,262,0,1652,16,0,1851,21,0,820,1010,2675,709,14430,2083,19474,0,49,7193,0,4538,0,7808,0,0,4164,1125,0,0,0,0,335,139,0,8909,9456,177,0,2204,15754,0,430,217,68523,0,0,1850,0,566,1697,4897,0,0,0,18939,5356,1643,2081,550,548,0,49,286,5691,0,2964,0,0,1052,295,12,2985,2555,3714,556,335,1618,882,0,3204,0,1091,113,1417,3851,0,1111,0
767,1072,8067,2145,1100,43111,152,0,6425,240,82,3746,7044,5556,0,0,3864,375,0,4000,5514,0,2802,0,91,10,340,564,27789,147,608,0,2554,76,8171,41,109,3380,26092,0,535,4761,0,148,3272,0,0,0,114,28,0,0,0,0,3343,101,30,7993,0,0,17,233,139,178,229,626,1790,0,0,2363,0,0,10867,3015,68,0,0,11029,708,246,1356,590,5472,1258,286,81,2867,0,1665,0,0,1603,23314,1064,1652,107,0,0,6420,215,57,625,458,1181,0,321,0,494,0,3,1137
768,2082,1866,0,0,453,0,8019,1706,56,0,0,970,0,0,506,327,1069,0,0,2737,0,358,0,606,520,1891,53,697,159,116,0,2200,55,1016,471,42052,7154,151467,0,157,13670,0,0,1130,2351,0,0,2213,528,0,0,0,0,0,631,173,1598,7171,0,0,0,29753,87,838,387,34400,0,0,740,0,0,4129,3482,1855,0,0,23313,20059,0,384,828,1283,4923,742,436,5847,0,14027,0,0,82,0,126,6453,0,440,0,384,0,0,696,1003,0,0,62,1894,1964,0,692,333
769,10879,3017,6918,0,1498,5569,0,2750,162,0,0,2005,2851,0,1387,206,2710,0,19346,4755,0,480,0,0,0,2049,9,0,566,0,0,104,0,3788,0,22645,0,3627,0,120,11365,0,1653,805,1704,0,0,1029,234,0,0,0,0,4986,632,0,1490,0,0,0,260,7406,43,1353,294,47101,0,0,421,0,272,2738,7096,0,0,0,8176,5462,0,0,105,105,0,440,0,1463,0,13160,0,0,892,0,249,947,0,1368,299,587,0,635,0,0,0,0,0,0,4370,0,239,973
770,9350,1227,115,0,33257,0,0,423,5867,0,247,5215,3296,0,37,296,0,0,527,3542,0,3820,205,0,486,60,863,5954,924,224,0,974,3028,0,427,11230,0,2421,0,91,40979,675,1600,1245,1278,0,2351,1340,0,0,63,180,1274,2114,2487,1242,349,130,0,0,1047,658,39,1078,13859,2285,0,0,762,0,0,5959,126,0,0,0,13519,1913,195,0,308,5095,379,1619,2067,2228,0,2856,38,47,0,0,186,17151,0,6652,0,30540,602,0,1703,0,1854,135,10,0,25709,0,1183,3252
771,14230,724,94,46,94035,72,1251,603,2780,0,483,29905,12289,0,0,285,8335,0,1783,2726,0,3162,0,506,425,39,1378,3934,137,0,0,1734,3569,95,0,59460,0,301,0,0,29192,0,328,456,1263,0,0,2360,368,0,0,0,0,5419,2997,229,0,303,0,0,2402,1751,22,3372,7308,464,0,0,151,0,0,2407,345,48,1672,0,6841,6353,56,621,21,4954,0,201,0,4540,13,3910,391,0,481,3816,374,3154,0,2203,2616,18570,1944,0,302,3572,1425,63,15,432,21430,0,1495,258
772,3082,494,977,50,95503,170,327,969,4612,128,0,6424,0,0,8,165,330,153,1170,3421,0,725,0,0,0,108,1076,7767,0,430,0,1566,9455,662,696,14097,2190,279,0,97,24700,0,274,2417,3931,0,0,2752,3571,4538,147,0,0,2658,1698,486,0,196,0,0,845,694,0,4029,7190,2757,0,0,176,237,0,1332,822,22,0,0,9363,2580,53,1324,34,2428,0,481,0,2388,0,3621,0,0,0,6252,89,0,168,4172,0,16456,4204,470,2177,1003,3074,191,17,924,4325,0,2183,825
773,487,0,1822,1102,30562,39,0,11532,543,0,1049,6042,0,0,0,1955,74,0,2363,2310,12400,2058,0,16,0,610,849,0,145,1389,0,1127,0,0,52,2114,9387,53008,0,0,27796,0,1155,751,6630,0,0,1903,0,0,0,0,0,530,932,48,5765,7377,8122,0,763,926,0,321,1578,1418,0,0,4057,0,87,7634,834,36,0,0,10285,296,172,357,508,13800,15958,50,530,409,0,4727,0,0,0,0,891,398,0,871,317,6817,67,0,663,0,278,0,2999,0,244,102,517,294
774,9208,2031,4506,42,1187,0,9594,1547,72,0,0,664,1827,0,0,500,1500,0,0,3982,0,757,0,847,0,739,28,1669,1016,64,0,1709,630,3879,548,8149,2576,0,0,0,6292,0,0,1050,7364,0,0,3029,124,0,0,0,0,0,823,2605,0,2352,253,0,2553,39893,17,880,0,40797,0,0,224,0,0,1997,12014,0,2101,31,23045,15124,0,548,2143,1064,0,1719,110,5801,0,15478,0,0,884,387,437,5546,0,6521,367,460,1203,904,454,937,0,0,517,0,1184,0,352,834
775,15005,3001,5105,0,1206,0,0,2375,82,37,260,662,1340,0,492,81,2324,0,9228,3324,0,642,0,916,0,0,16,7630,1149,70,0,1369,1099,3044,171,30219,1155,44999,0,93,1284,493,577,628,4128,0,0,1854,257,0,546,1459,0,933,206,155,4118,3228,0,0,4190,7492,3,551,498,76327,0,0,1558,27,1405,2262,4616,4874,0,0,54569,30092,0,272,1572,567,6455,779,0,257,0,7432,0,0,1684,396,252,8630,0,0,553,184,800,114,161,1718,0,0,356,0,0,0,1446,990
776,1096,5690,4681,0,46065,233,797,7432,359,0,276,11320,0,0,0,2909,390,0,284,3006,0,2449,0,23,27,58,599,1371,149,293,0,2953,0,2572,34,4385,1179,26555,0,0,30595,0,954,4222,6710,0,0,564,83,22384,0,0,0,0,1787,12,8637,3339,1122,0,152,1152,0,284,525,3376,0,0,1855,44,0,9346,2310,41,0,0,9414,476,1005,313,324,800,0,264,970,2018,0,3154,0,0,507,21071,0,63,0,231,413,5315,0,30,0,739,0,0,0,0,192,0,122,635
777,20893,2988,4878,10,1439,548,7299,3003,116,0,522,662,2381,0,267,58,1149,386,5974,3611,0,782,0,0,0,4993,34,11446,0,85,0,1949,94,8416,214,21051,8856,0,0,0,2651,427,504,862,4682,0,0,907,473,1224,0,0,0,6002,0,608,0,3210,0,0,5358,12513,30,347,619,43072,0,0,12,0,488,1522,0,2120,0,0,25545,13925,1995,0,2366,809,1331,752,351,0,0,7138,0,0,0,553,27,3221,0,1404,0,201,1343,0,0,1148,0,0,308,0,1423,0,75,703
778,2771,540,42,221,26741,0,90,496,2409,0,344,9452,17017,0,258,1007,0,0,1023,4068,0,6567,21,114,1333,83,418,14995,0,0,0,1549,5495,89,622,35812,4243,867,0,0,17179,0,0,304,4983,0,0,6226,879,0,0,0,0,0,0,2012,161,0,0,0,762,2573,0,2415,16733,3436,0,0,522,0,0,5002,1428,69,423,0,11030,3618,53,683,165,5535,0,946,1259,2488,0,3308,0,0,0,2145,0,7148,0,10312,0,6291,3378,0,3901,459,2395,255,17,0,44395,0,1330,0
779,8871,689,4741,62,713,0,5176,185,114,0,0,206,1468,0,678,74,5147,0,5162,2803,0,388,0,2140,803,492,34,0,2290,0,6330,1663,325,10334,1450,16436,7880,74772,0,0,12961,204,2139,1090,28260,0,0,1266,582,27790,0,0,0,1211,168,2137,3938,0,0,0,0,12440,0,405,295,40995,0,0,309,0,141,926,1056,0,0,0,22170,17284,0,74,200,233,8340,0,363,4137,0,8092,0,0,12721,419,292,10709,0,2883,31,344,0,370,0,379,0,0,1256,0,5053,0,999,46
780,438,7451,710,0,44284,0,230,14648,497,190,1376,10736,26931,0,0,706,74,32,5877,4095,0,5469,0,17,11,0,286,10395,59,0,0,4931,14,0,295,1463,0,16464,0,0,7417,0,0,1330,5870,0,0,369,0,0,0,0,0,606,903,0,0,0,0,0,0,841,0,639,1059,1374,0,0,18346,0,0,2851,2866,0,0,0,7017,924,295,9466,199,0,0,616,0,2654,0,3268,0,0,162,24090,298,731,0,22,79,6455,0,14,286,379,0,0,271,0,805,0,633,1022
781,13823,304,341,177,32082,113,0,657,6433,0,0,39222,4696,0,103,0,0,137,228,4243,0,180,0,828,0,18,359,9082,0,0,0,1121,7127,187,0,77662,0,1732,0,1144,12827,0,0,4020,4873,0,0,733,0,7115,0,89,0,698,5196,2444,0,153,0,0,543,1344,63,2975,502,1986,0,0,413,0,294,1434,288,50,0,0,4636,8594,0,432,444,2297,0,845,0,0,0,3015,0,0,0,13411,172,6000,0,4888,0,17443,0,0,2376,5086,0,0,55,365,18738,0,3547,0
782,10501,2401,0,252,821,0,2938,2319,138,0,414,963,962,0,754,0,5833,0,18550,3081,0,2044,0,721,0,1973,12,2938,0,0,0,1866,271,0,0,37964,1614,44504,0,118,12287,0,452,1258,12422,0,0,916,391,0,0,0,569,2645,99,574,0,2286,0,0,0,6650,26,1181,117,17522,594,0,880,39,179,5945,4702,0,0,0,33260,29485,940,0,4310,303,1032,275,0,16149,0,16324,0,0,0,542,41,0,0,1637,0,543,812,0,211,4222,648,1396,122,137,2864,0,203,0
783,1120,5113,3670,0,39638,0,2543,9714,341,58,1266,9759,12306,0,287,59,243,0,2787,6465,0,6201,0,0,22,339,178,4916,0,0,0,3964,0,2130,136,369,2461,7272,0,21,34389,0,1117,3498,3869,0,0,397,48,15914,0,58,0,222,2725,9,978,1751,976,227,1108,234,972,311,557,2064,0,0,3361,0,0,5781,1058,0,0,0,4564,685,0,620,0,3304,0,73,266,0,0,3957,0,0,143,37926,4035,1070,0,437,87,2741,0,39,308,0,0,79,407,0,274,0,520,3379
784,396,6755,1547,0,21857,0,983,10964,703,0,1531,8288,0,0,167,97,297,0,0,2533,0,7879,0,22,129,169,445,0,0,0,0,3456,0,0,0,0,9348,23182,0,0,2466,0,240,1532,3387,0,0,591,31,0,0,109,0,0,5258,0,0,10674,0,0,938,1269,596,888,1225,3019,0,0,2044,0,0,4120,5537,0,0,0,4411,875,547,3311,494,2539,1398,243,1721,1737,0,4493,0,0,0,16288,230,75,0,342,378,2216,0,62,117,961,0,172,1100,0,1650,0,205,2157
785,12037,0,1220,141,1813,2600,0,2334,120,0,0,766,0,0,440,0,1868,1386,7099,4080,0,675,0,1537,260,699,11,0,608,0,0,2649,17,3769,1192,26502,4385,17468,0,0,4879,0,895,734,6868,0,0,2354,2289,9957,0,797,237,0,356,0,0,3661,0,403,5061,8632,84,136,818,42145,0,0,1629,0,0,1635,7970,2214,0,0,6504,7852,0,0,426,1080,0,0,200,0,0,29260,0,0,0,1098,272,9107,0,4157,0,103,0,771,392,0,0,0,451,1835,1984,0,117,168
786,7914,1027,57,54,120681,51,809,952,3464,57,139,12601,0,0,0,38,4308,110,181,2755,0,4343,0,133,0,12,443,10590,0,1546,0,753,1325,0,49,48377,3349,712,987,117,3948,247,573,866,2464,0,0,5755,1898,1281,0,0,0,9339,1250,2268,154,192,285,0,393,543,0,1039,4383,1327,0,0,208,1140,0,2785,414,11,0,0,7015,5165,30,2058,332,0,0,1005,354,1936,0,2682,0,0,1586,121,98,0,0,5982,462,18436,1492,0,1442,3701,0,119,5,0,29915,0,1230,1116
787,8705,1271,2948,0,2497,1088,0,2025,152,0,0,1261,639,0,0,314,3085,0,11021,4464,64,404,6513,0,740,60,14,1483,1170,0,0,2083,249,2153,124,17582,0,55303,0,0,17298,572,294,627,24830,0,0,2641,576,3021,0,242,0,0,0,235,0,0,0,0,3253,10582,9,417,471,21327,0,0,847,0,0,3374,7177,2172,0,0,18766,12339,312,255,1005,687,1097,56,50,4046,0,12628,0,0,0,731,136,9454,0,2210,160,235,479,1721,362,1100,689,0,595,0,1693,0,3592,34
788,13896,353,245,54,48897,37,681,262,2202,0,0,32798,0,0,20,570,5889,0,592,2816,0,2786,0,1070,1150,118,794,8543,0,332,0,1100,6527,59,408,86775,4572,552,0,0,14226,0,815,737,6614,0,0,2547,380,0,0,0,0,7134,630,0,82,159,866,0,2875,2071,0,2488,16495,666,0,0,205,0,0,2091,952,15,0,0,10729,1755,68,0,0,231,88,388,3222,0,0,4207,0,0,2143,2194,163,16763,75,2357,2213,17493,8958,0,195,1446,0,144,1,0,18413,0,578,609
789,5233,870,93,0,46497,0,0,725,1701,0,220,0,2675,0,103,550,7504,0,375,5839,330,4677,0,0,0,65,2051,1635,0,321,0,2069,1056,0,347,57158,1508,305,0,0,8857,0,1517,583,2687,0,2309,347,0,0,0,0,0,1611,5349,0,301,297,0,625,1890,1012,0,1666,26203,2872,0,0,267,1046,0,2130,714,68,0,0,12277,4815,0,645,668,868,140,3204,0,2024,0,3555,0,0,3227,1864,0,7781,150,9946,0,5369,475,84,0,2245,4668,0,41,167,40857,0,1525,257
790,92,0,231,0,23401,0,474,19978,321,0,813,13830,12063,0,0,1825,0,0,4082,3779,0,860,0,134,115,606,969,0,0,3336,0,3962,21,0,0,6960,2303,0,0,0,46795,0,35,1868,7829,0,0,1107,0,0,0,0,0,0,1635,0,2632,9848,0,0,229,531,0,1185,661,3460,0,0,410,0,0,8898,1792,0,42,0,8652,283,0,2230,45,0,0,304,228,0,0,6910,0,0,0,12418,0,141,30,860,0,4009,0,0,907,271,0,0,274,0,1749,0,180,2785
791,6624,0,5572,57,1055,4443,0,2700,74,0,790,149,1027,0,1521,212,0,0,804,3707,0,1239,0,1436,0,1496,19,0,762,144,0,2079,27,2512,104,15468,9256,20233,0,0,7792,0,2954,1938,14798,0,0,914,623,6805,0,0,0,3231,226,145,0,1472,0,0,2508,36367,8,818,967,33910,0,0,0,0,0,5027,2325,3786,0,0,27219,15333,884,612,644,1268,498,1354,0,6777,0,12839,0,0,2163,219,0,13247,0,4956,620,318,0,697,0,909,0,2291,546,0,3613,0,272,125
792,15310,3789,3944,17,2171,841,6722,1753,141,0,264,648,0,0,111,0,4408,0,10182,4114,0,126,0,489,992,1390,18,5871,1915,9,0,1919,289,430,74,25577,1966,34708,0,39,13430,147,3427,376,12921,0,26908,1172,399,4258,0,0,0,1691,34,1997,3725,1288,77,1503,4671,18496,0,467,636,45015,0,0,84,0,0,1664,120,0,5041,0,7073,2788,1273,70,0,892,0,227,43,2646,0,16806,0,0,878,926,9,1375,0,2633,655,157,0,0,180,1712,121,0,45,0,537,139,162,464
793,758,5108,1577,0,36310,0,207,11763,623,0,1074,3414,15487,0,0,342,0,0,3188,3278,0,4319,0,0,48,565,166,9822,182,369,1859,3953,38,936,76,2476,2549,26565,0,0,7091,16,525,817,3680,144,3519,695,0,0,0,0,83,578,1497,25,29878,6666,0,737,1322,223,0,869,2265,3156,0,0,0,0,0,7211,2170,33,414,0,7304,171,183,348,9,2850,0,495,0,605,0,6251,0,0,1749,11940,259,880,65,266,0,2856,15,40,173,0,511,0,108,0,242,0,132,3181
794,2476,2783,897,0,2631,531,3124,986,203,58,412,979,39,0,572,174,161,306,1413,5852,0,419,0,713,1885,794,27,4915,0,78,1404,1799,330,444,0,38368,3590,22897,0,74,6489,229,2043,911,9109,0,0,1220,517,6161,0,152,9,0,378,1620,0,3590,83,0,511,13005,65,558,759,51204,0,0,79,0,302,1585,7031,695,0,0,16681,10189,5030,328,775,0,0,619,202,0,0,10630,0,0,653,0,212,4596,0,2188,0,283,484,0,107,1709,27,0,374,0,2229,0,0,95
795,1218,3160,425,215,37959,0,0,13434,511,0,221,7213,0,0,0,0,0,0,3488,6361,0,352,0,38,75,500,442,9601,5,0,0,2101,84,1333,0,4736,3672,0,0,980,10797,4,150,2611,9346,0,2749,217,55,0,17,0,486,146,317,22,10456,4420,1839,0,727,299,243,520,453,1401,0,0,685,0,0,6171,4261,73,56,53,8874,286,350,927,234,812,3531,329,76,650,0,9253,78,0,369,5797,1052,348,0,395,8,2338,68,0,455,366,0,1268,395,0,1224,0,146,352
796,429,4937,1288,397,28647,45,0,5255,410,0,3077,5697,7009,0,130,1958,12,0,3559,7650,0,5084,0,93,0,841,1363,9839,0,1614,0,5704,426,639,0,1602,1548,15624,0,0,15792,9,346,5628,5685,0,0,382,12,0,0,18,0,1627,220,0,0,4775,0,0,1313,373,358,280,351,3091,0,4506,1559,0,428,6373,4986,0,0,24,10673,471,0,885,169,1154,2794,923,272,0,0,9656,69,0,432,16978,204,560,0,341,0,4102,247,0,1466,1094,0,0,2037,0,226,0,0,3234
797,10239,1326,0,0,1857,2785,20987,2814,166,0,1086,896,0,0,0,425,931,0,0,5056,0,905,0,0,145,976,26,3910,0,292,0,1831,908,481,0,39866,2165,0,0,0,5586,198,463,1190,6094,0,0,1153,534,8210,0,0,29,0,6,0,16336,5793,0,0,2903,16979,0,319,493,15865,33,0,516,0,0,1063,5514,2170,0,0,21726,16121,1878,885,1476,1012,0,669,115,0,0,15102,0,436,3235,352,135,8242,0,1957,0,236,184,0,337,1658,1879,0,331,0,3116,0,781,158
798,10138,0,0,0,39080,328,0,1516,3454,102,0,12363,0,0,0,0,820,0,591,6987,0,8840,0,0,0,175,983,0,83,595,0,2000,16377,420,3191,31262,0,162,0,0,15302,0,0,893,1536,42,0,350,3671,0,0,0,0,1235,4082,751,112,74,931,0,236,3382,19,3183,11938,326,0,0,660,0,0,1227,441,38,0,0,15138,1510,67,0,54,622,0,990,0,7748,0,6514,0,0,2727,7450,0,9591,0,2085,5450,21862,3013,87,0,3258,2562,0,19,549,47303,0,710,1920
799,16455,544,98,151,42364,146,0,800,4109,0,589,31994,3682,0,0,0,759,0,2140,3415,0,6691,0,809,0,146,293,10511,77,2177,0,690,5304,1288,0,8242,3369,0,0,0,32183,191,1551,2298,3444,0,720,4177,1615,0,0,0,0,0,331,300,0,70,0,206,3442,1457,15,4875,6741,619,0,0,335,0,0,1649,92,196,0,0,11002,4528,77,453,0,1365,141,463,2033,0,0,7009,0,0,1705,11147,116,15576,0,0,0,16296,1854,288,0,0,0,0,19,0,20072,0,165,3900
800,727,944,3297,22,27830,112,541,8508,498,114,2211,13776,10005,0,362,1840,311,0,1897,5321,1344,1862,0,49,127,230,869,791,0,0,0,3690,0,4164,167,1110,2027,27459,0,285,10344,0,207,2676,4904,175,2153,598,59,0,0,0,0,2344,728,0,6532,1046,3066,82,832,735,190,593,554,2483,0,0,903,0,172,4035,758,0,94,0,8829,757,175,2523,324,2990,12056,221,301,2276,0,4616,0,0,0,2989,533,776,60,229,62,3839,38,2,474,1041,115,1188,297,80,1619,0,92,2162
