,gene1,gene2,gene3,gene4,gene5,gene6,gene7,gene8,gene9,gene10,gene11,gene12,gene13,gene14,gene15,gene16,gene17,gene18,gene19,gene20,gene21,gene22,gene23,gene24,gene25,gene26,gene27,gene28,gene29,gene30,gene31,gene32,gene33,gene34,gene35,gene36,gene37,gene38,gene39,gene40,gene41,gene42,gene43,gene44,gene45,gene46,gene47,gene48,gene49,gene50,gene51,gene52,gene53,gene54,gene55,gene56,gene57,gene58,gene59,gene60,gene61,gene62,gene63,gene64,gene65,gene66,gene67,gene68,gene69,gene70,gene71,gene72,gene73,gene74,gene75,gene76,gene77,gene78,gene79,gene80,gene81,gene82,gene83,gene84,gene85,gene86,gene87,gene88,gene89,gene90,gene91,gene92,gene93,gene94,gene95,gene96,gene97,gene98,gene99,gene100,gene101,gene102,gene103,gene104,gene105,gene106,gene107,gene108,gene109,gene110
cell1,74,15,20,5,289,26,8,101,43,0,10,63,2,0,6,9,1,0,12,129,0,115,0,16,9,16,48,23,9,4,2,81,13,19,0,55,11,20,3,13,6,5,17,12,72,0,0,151,2,1,1,3,0,3,7,2,20,30,1,0,19,7,6,175,293,12,0,0,17,1,0,16,37,9,0,0,205,93,1,48,141,48,1,30,1,22,5,191,0,27,40,9,33,280,4,104,9,18,5,16,10,88,2,3,86,0,17,0,17,11
cell2,72,28,15,16,303,24,9,78,56,1,5,119,6,6,2,12,1,0,24,95,6,104,0,9,19,19,44,24,4,20,0,86,22,19,0,106,12,17,0,2,14,4,15,15,71,3,0,166,5,0,0,0,1,13,6,2,17,42,1,1,23,10,2,153,266,18,0,0,20,0,0,20,86,12,3,3,245,82,9,36,86,47,4,92,5,4,0,219,2,64,7,6,59,267,47,191,8,20,14,7,8,93,7,1,75,8,15,0,15,29
cell3,116,108,67,35,315,9,6,35,201,14,71,62,54,1,170,68,330,7,62,1938,0,209,51,31,49,67,181,14,14,6,0,742,756,81,91,11,27,4302,4,23,167,42,64,259,5,1,245,50,238,31,8,17,9,25,172,56,6,19,102,1,21,803,52,79,89,886,0,0,64,9,530,467,13,3,0,0,64,72,890,4,2,154,5,12,302,15,19,11,3,0,67,101,4,772,4,17,87,712,2,37,56,5,9,10,12,1,41,0,5,85
cell4,79,25,52,13,255,80,32,79,63,1,1,48,2,1,1,5,1,2,25,104,0,120,0,9,15,17,44,24,9,8,0,57,4,2,1,149,9,20,0,14,11,2,18,6,55,0,0,110,4,0,1,1,2,8,10,1,18,12,3,0,17,9,6,230,261,9,0,0,8,1,1,14,156,13,0,0,71,89,0,192,117,134,7,5,1,35,0,194,0,78,28,10,139,262,15,18,9,6,20,10,7,81,8,0,60,1,20,12,39,48
cell5,124,117,48,36,308,2,17,70,201,5,77,67,36,0,423,39,223,13,54,2169,3,220,56,37,24,111,186,14,46,5,4,760,895,15,49,4,30,133,4,4,180,30,66,552,9,1,5,57,247,16,5,18,26,26,184,108,19,5,110,0,52,1226,84,76,84,680,0,0,82,4,636,440,19,1,25,0,68,130,1426,8,1,72,4,26,349,17,23,7,14,2,5,114,3,473,0,9,129,664,8,89,108,8,3,13,15,0,23,0,8,171
cell6,90,10,9,5,250,37,25,67,63,1,8,55,2,5,2,8,3,0,28,943,0,131,17,10,121,81,161,18,2,23,4,327,68,34,2,191,13,17,0,0,9,1,65,10,82,0,488,153,5,0,0,2,2,10,3,13,113,18,0,12,75,4,1,520,756,12,0,3,17,2,2,15,83,13,0,0,421,34,1,75,408,31,4,311,0,7,0,231,3,182,19,0,223,202,1,225,8,11,2,20,7,77,10,4,43,0,452,0,84,27
cell7,124,99,32,44,271,4,12,41,214,8,16,69,33,0,419,26,445,1,22,1988,11,157,0,41,89,56,193,25,21,3,16,569,94,41,12,19,23,1035,0,29,131,36,63,522,9,5,91,32,202,18,9,8,16,15,237,104,11,18,24,3,14,968,19,58,84,690,2,0,59,1,678,425,7,6,53,0,65,118,1383,4,4,146,11,0,93,34,24,16,0,0,17,71,1,733,6,17,44,619,8,27,75,4,7,12,9,0,22,0,2,136
cell8,60,18,31,9,154,46,14,54,19,1,4,42,5,2,1,19,4,0,12,68,0,94,0,10,4,11,47,11,0,5,1,69,1,7,3,127,10,23,0,6,16,1,17,12,41,1,0,150,5,1,0,1,2,7,1,1,3,12,1,4,27,11,5,171,250,13,0,0,18,5,0,21,38,8,1,0,134,50,0,62,36,46,5,14,3,35,0,80,2,146,11,20,67,371,28,107,5,26,10,26,10,63,6,2,75,0,8,0,13,39
cell9,57,93,46,30,262,4,3,43,205,3,120,109,21,0,162,35,105,29,51,2000,27,193,0,27,29,74,192,20,21,7,23,815,263,7,44,20,36,4249,5,18,166,33,64,502,16,5,231,87,139,59,3,44,4,18,235,99,21,12,55,3,52,860,33,61,86,453,0,0,38,5,300,449,3,1,135,0,75,95,63,7,11,174,11,16,239,31,33,10,3,0,19,85,9,1019,5,23,130,582,29,75,78,17,9,4,7,0,38,0,6,65
cell10,115,10,4,8,313,14,40,101,67,3,1,48,4,3,0,13,3,0,33,1028,0,178,0,12,113,80,142,29,2,5,0,358,144,25,0,126,44,14,0,22,21,0,64,10,66,0,0,63,7,0,3,5,3,5,0,6,259,6,0,14,81,5,5,443,759,20,0,4,15,3,0,18,120,9,7,2,460,46,2,60,170,21,14,206,0,3,2,259,0,167,20,0,114,384,12,287,1,14,17,26,13,110,8,7,61,14,420,17,66,14
cell11,135,141,39,38,280,3,14,48,187,15,38,77,34,0,440,44,227,18,55,1758,0,162,0,26,21,103,295,13,50,4,0,697,216,46,28,16,24,45,9,24,164,75,51,321,12,5,0,82,199,34,2,6,33,6,216,100,0,9,49,1,27,791,73,70,68,673,0,0,64,4,162,386,14,2,8,0,57,108,986,7,3,138,9,38,166,10,25,15,0,0,24,97,18,640,5,18,83,579,34,51,76,9,4,12,17,0,73,0,6,53
cell12,123,70,4,33,324,6,6,47,206,5,100,102,57,1,123,38,228,7,47,2092,3,288,0,48,14,41,210,10,15,5,0,765,32,11,4,3,21,1351,0,17,166,50,61,245,17,4,193,71,196,73,3,13,4,23,109,119,1,11,96,4,0,896,51,72,35,846,0,0,59,13,268,425,22,0,22,0,78,69,252,3,17,138,12,10,150,13,31,10,6,0,11,90,10,1106,0,20,63,661,3,28,66,13,6,14,7,5,44,0,5,99
cell13,103,16,11,7,238,33,10,56,53,2,7,103,10,5,1,9,1,0,24,1246,0,209,0,10,46,69,171,36,11,14,14,432,128,106,10,222,15,0,1,10,15,1,45,12,75,1,0,3,8,1,7,6,0,8,9,11,46,16,2,16,80,10,9,377,905,14,0,5,12,0,2,21,102,19,4,0,262,32,0,72,165,37,6,472,8,25,968,301,12,86,38,0,204,465,51,223,1,9,20,24,9,98,4,2,20,0,171,0,76,36
cell14,89,13,11,4,306,37,9,103,53,0,10,67,3,0,6,5,3,0,34,698,7,178,42,10,102,74,215,34,5,21,19,385,375,18,1,268,16,7,0,23,11,1,53,5,74,0,0,260,6,4,0,4,0,16,12,12,12,12,0,0,36,9,5,955,1254,7,0,6,21,3,1,15,91,6,68,0,795,37,2,64,747,69,0,309,1,45,0,254,1,37,70,1,469,310,0,278,1,11,9,13,10,135,3,2,39,0,150,1,22,8
cell15,70,38,24,18,351,67,22,94,72,2,4,70,3,0,2,8,0,1,16,93,0,147,0,12,14,16,31,22,2,16,2,63,33,20,0,148,32,23,7,8,15,1,15,11,73,0,17,84,6,0,0,1,7,11,3,5,12,12,1,2,13,5,12,126,103,20,0,0,15,3,1,14,128,18,0,0,178,71,4,69,88,41,3,178,3,58,0,222,0,41,7,19,63,350,12,104,3,21,3,18,8,69,3,1,80,0,11,0,21,6
cell16,67,27,48,14,301,28,9,102,48,2,4,53,0,1,1,7,5,0,18,115,4,95,12,14,12,15,57,20,4,12,0,80,32,2,5,223,23,11,1,3,19,2,22,16,71,0,3,36,0,0,2,4,6,8,2,7,17,26,2,2,26,7,14,59,292,20,3,1,17,1,1,20,72,9,0,8,296,116,3,48,74,74,6,211,1,58,0,243,11,57,11,0,121,233,2,248,7,19,13,10,8,77,8,0,70,34,12,0,23,39
cell17,74,14,11,5,203,59,5,81,56,2,4,93,2,0,2,13,1,0,57,754,0,184,0,12,53,40,140,14,2,3,14,319,136,82,1,57,6,20,3,3,16,2,22,7,65,1,0,124,5,0,1,4,1,2,6,4,59,16,0,1,40,12,7,279,529,10,0,7,18,1,0,15,76,22,20,0,460,40,7,83,44,30,2,341,2,29,0,213,0,135,13,0,198,414,26,299,0,18,2,10,7,106,6,5,49,12,268,2,61,4
cell18,76,15,23,9,192,32,10,71,52,0,0,58,0,0,1,4,2,0,66,676,0,135,13,10,66,37,184,19,2,11,31,424,570,139,2,89,8,15,0,25,9,3,58,8,79,0,258,235,4,1,1,2,5,6,8,10,28,12,0,10,107,5,9,614,866,7,2,11,11,5,1,22,86,7,5,1,549,50,8,80,223,6,11,48,1,13,0,138,26,133,30,18,22,303,2,225,9,15,9,11,6,92,9,10,40,0,220,5,60,26
cell19,87,14,21,1,153,25,9,42,49,2,0,78,5,4,8,12,7,0,31,950,2,140,0,15,54,83,176,28,1,5,5,351,481,11,2,121,4,5,2,1,8,2,44,7,46,0,1,188,7,0,6,2,2,3,8,2,48,13,1,4,36,12,7,500,729,16,0,3,12,7,4,17,134,4,0,0,547,40,2,61,81,93,0,531,5,3,0,140,20,505,14,1,157,420,7,289,3,14,17,18,7,121,2,16,34,8,83,9,73,35
cell20,67,18,8,4,350,48,12,82,69,4,4,80,2,1,2,6,2,0,42,933,0,184,25,7,122,73,198,25,3,5,5,447,28,66,0,157,25,12,0,1,20,0,17,12,59,0,8,234,2,2,1,1,4,5,10,6,109,29,0,3,59,10,15,448,1202,10,0,0,16,4,1,13,158,8,1,0,508,45,1,75,234,37,4,688,4,36,0,216,17,145,39,0,68,469,10,293,1,20,4,1,5,126,3,3,45,0,230,9,89,28
cell21,108,17,25,7,190,4,33,59,65,1,6,68,4,0,0,20,1,0,39,1352,0,125,48,6,98,85,119,12,3,12,0,447,405,51,0,30,8,4,2,20,18,1,20,14,58,2,1,75,8,0,0,1,2,14,9,8,56,14,5,3,107,16,5,493,944,11,0,3,18,6,0,9,131,8,42,1,486,34,4,68,175,49,5,258,2,13,0,117,5,199,68,19,26,110,8,129,0,16,26,17,7,122,4,8,24,0,125,6,56,18
cell22,147,93,22,33,325,11,77,43,203,17,121,39,17,0,144,35,297,3,36,2215,1,240,73,44,87,68,221,13,40,7,0,695,772,20,74,13,39,1389,4,26,145,28,64,388,12,10,196,22,136,28,6,8,3,20,125,53,6,9,38,1,29,640,47,93,89,600,3,0,40,6,519,337,6,1,136,0,56,121,237,7,6,168,9,13,108,22,4,21,1,0,7,43,21,1401,1,17,21,456,39,49,48,14,5,2,5,0,66,0,7,33
cell23,105,15,17,7,263,23,26,77,51,2,3,79,6,0,10,13,1,2,41,846,0,135,0,15,43,32,152,17,3,10,1,320,566,0,1,91,30,13,4,16,16,2,62,13,84,0,0,7,7,0,2,0,0,13,5,10,62,14,2,2,51,9,6,759,825,15,0,5,32,1,4,16,165,6,20,0,530,38,3,71,91,56,3,294,1,51,0,186,0,73,28,0,68,281,5,114,0,15,11,26,19,82,1,3,40,37,31,0,84,99
cell24,70,23,40,17,352,40,31,85,59,1,2,56,6,0,1,8,3,5,12,100,0,125,0,14,14,19,42,28,2,30,0,88,4,23,1,264,23,19,0,10,18,2,15,14,87,2,0,97,6,0,0,1,1,18,6,10,5,9,3,7,11,12,8,239,329,14,0,2,18,0,2,15,184,9,0,0,278,76,4,43,93,57,6,227,1,80,0,284,1,78,10,14,141,304,3,91,3,9,9,13,3,95,6,1,100,43,7,0,33,75
cell25,73,22,11,8,394,47,18,121,71,0,1,85,1,8,2,4,1,2,11,108,1,140,0,12,8,6,51,37,4,12,0,74,79,18,0,386,23,5,1,9,22,1,25,14,95,0,0,108,4,0,0,2,0,6,2,6,12,36,1,9,30,9,5,301,341,5,0,0,14,0,1,17,181,9,32,0,375,119,1,103,61,31,4,104,3,26,0,387,8,172,27,17,362,339,3,277,8,20,12,24,10,88,0,3,81,0,13,0,17,23
cell26,98,91,30,41,313,16,27,57,223,26,71,82,13,0,119,52,192,2,41,3051,4,231,0,38,36,106,348,8,45,7,0,900,396,62,27,6,28,956,1,22,157,25,58,99,7,4,680,22,206,1,7,42,24,7,142,133,0,12,58,0,53,926,43,46,137,440,27,1,57,16,457,436,18,4,7,0,54,120,666,3,15,167,6,50,310,19,39,12,0,3,25,103,3,1927,0,20,79,582,5,47,100,14,8,8,10,3,113,0,6,272
cell27,94,22,15,0,273,59,3,74,57,1,0,57,2,4,2,15,1,0,34,1118,1,109,2,5,96,64,257,8,5,7,0,488,400,74,0,143,14,12,6,0,11,1,60,14,55,1,54,74,8,1,3,1,2,2,7,7,73,4,2,2,76,17,7,333,999,19,0,0,16,3,0,16,109,7,1,0,401,39,0,105,68,12,2,232,5,6,0,162,4,36,28,0,144,291,18,133,3,12,19,9,10,80,2,0,17,0,198,6,48,62
cell28,131,114,40,31,429,2,3,55,283,17,126,138,23,0,59,69,285,0,58,4017,52,249,0,41,112,81,301,19,13,2,0,1231,477,186,23,5,28,2510,5,11,146,19,108,394,13,1,0,58,182,34,0,7,4,34,211,96,10,15,45,1,83,327,44,124,172,922,0,0,40,2,858,417,14,1,4,0,84,84,469,7,4,135,14,23,100,35,34,15,0,0,22,83,2,688,8,10,88,658,42,79,90,11,15,16,16,5,81,0,8,20
cell29,80,21,16,11,241,41,39,93,53,1,2,55,4,2,6,7,1,0,14,82,0,74,6,6,10,12,40,17,4,24,0,62,44,24,9,284,13,13,0,1,15,1,14,11,75,0,0,146,2,1,4,0,9,5,12,4,17,10,0,1,13,8,6,188,146,5,0,0,9,4,0,9,219,15,1,0,361,84,6,214,98,41,4,256,4,42,0,300,0,38,18,23,121,286,1,258,13,20,5,11,9,92,5,0,111,1,8,0,20,23
cell30,92,34,31,11,342,53,16,140,65,2,2,67,4,0,0,13,7,5,17,93,1,119,0,10,5,13,41,42,9,30,2,81,44,10,4,195,22,18,0,3,22,2,18,14,101,0,4,64,6,0,3,0,2,35,6,14,25,33,4,13,36,13,12,335,289,9,0,0,23,1,0,21,165,5,2,0,331,96,5,158,147,59,17,126,2,6,1,438,3,45,25,0,201,326,61,172,3,20,11,7,7,102,5,8,134,0,11,0,18,23
cell31,121,15,8,7,409,64,18,123,76,4,1,62,2,0,7,7,1,0,43,1018,1,125,2,8,53,53,163,11,8,17,14,345,550,44,0,210,25,16,2,19,18,0,38,3,68,2,423,8,5,1,5,5,1,5,13,3,82,33,1,19,38,14,9,1081,1428,14,0,9,14,0,3,15,153,24,1,0,1034,17,3,163,339,7,12,829,5,35,0,228,0,267,27,21,41,319,88,315,2,11,42,13,9,74,4,3,21,0,31,11,32,22
cell32,118,144,72,28,343,3,12,77,218,11,30,119,24,0,31,74,209,2,42,3417,0,156,0,50,34,51,283,3,33,3,16,806,40,46,19,13,16,1116,5,21,127,27,91,201,23,0,0,30,150,106,3,6,4,7,159,46,5,5,69,1,58,636,43,88,83,464,0,0,59,2,164,370,16,4,7,0,60,109,19,4,4,161,6,38,105,22,16,8,0,0,32,77,8,766,0,19,85,445,12,25,26,20,11,10,12,0,62,0,3,174
cell33,201,117,48,35,415,6,5,56,220,18,53,48,16,3,16,32,192,1,59,4001,22,132,0,51,32,69,588,15,30,7,3,1007,625,120,100,14,54,1941,4,14,141,42,81,357,14,2,1080,91,169,41,1,15,11,7,156,71,1,18,78,0,47,692,46,101,92,495,16,0,46,17,82,331,12,2,36,0,72,107,219,8,10,192,5,30,55,21,13,15,28,0,11,64,4,1005,15,2,130,454,9,111,39,10,13,8,8,10,51,0,7,25
cell34,52,19,21,6,243,29,9,70,52,0,4,39,3,0,2,14,0,0,45,1045,1,143,10,10,38,78,191,23,4,11,7,415,117,9,0,175,22,4,4,4,16,5,43,16,59,0,0,170,10,1,1,1,2,4,5,2,151,16,1,3,50,8,4,631,1142,20,0,7,13,3,0,15,115,13,27,1,322,44,0,82,161,8,5,128,4,15,0,143,0,109,13,18,18,241,1,117,0,22,6,3,5,81,10,13,30,0,148,5,81,52
cell35,137,86,54,35,395,7,24,54,222,28,58,62,40,0,204,83,157,0,55,4199,0,168,7,44,65,77,388,20,61,5,0,1069,1346,107,22,2,15,1454,0,35,134,57,66,248,18,4,0,58,176,35,1,33,9,30,90,42,1,15,64,0,58,496,46,86,113,492,46,0,46,7,475,314,6,2,0,0,59,91,76,1,5,154,7,34,137,17,25,14,8,0,8,78,4,1514,2,22,20,406,7,54,103,4,19,11,14,0,172,0,6,19
cell36,158,100,37,28,334,9,37,47,223,9,39,77,29,2,5,96,288,5,35,3123,1,229,0,45,6,74,353,17,14,2,15,1166,59,23,9,3,40,478,0,21,130,63,98,388,14,3,0,66,148,6,1,40,6,13,71,32,0,11,59,0,110,711,41,75,174,388,0,0,49,9,89,337,16,3,0,0,66,56,618,3,6,131,9,76,115,30,4,14,12,1,35,71,7,1121,3,16,105,433,0,62,49,14,14,2,11,5,289,0,5,193
cell37,66,15,18,6,279,25,20,73,63,0,2,108,4,0,2,15,2,0,27,957,0,119,0,10,83,63,115,21,3,11,0,329,290,65,1,112,41,1,5,14,20,1,54,5,50,3,443,322,9,0,4,0,1,12,8,4,62,17,2,22,130,10,5,682,1061,13,0,4,10,6,0,13,160,9,0,0,714,41,0,69,132,48,4,252,7,35,0,175,0,104,21,22,218,376,17,111,0,13,12,21,10,73,7,3,64,2,356,3,41,26
cell38,134,55,15,2,384,969,19,84,28,3,1,145,3,0,4,8,1,1,74,569,0,196,0,16,55,30,133,25,0,10,0,267,42,33,1,151,7,3,0,3,20,4,45,19,80,0,198,62,12,0,2,5,0,15,11,10,107,22,0,8,30,12,8,372,1052,16,0,3,15,0,0,19,232,11,14,0,346,24,1,1644,262,128,11,227,2,29,0,324,2,119,39,0,174,661,70,419,2,23,12,16,9,107,3,6,34,1,162,11,63,5
cell39,108,59,71,16,817,110,28,185,56,2,4,105,4,3,2,9,7,0,16,155,1,125,0,12,21,23,51,8,2,26,0,91,21,11,2,614,28,27,2,13,19,1,31,13,80,2,0,189,11,0,1,6,0,33,9,1,0,24,2,11,31,8,9,294,325,12,0,2,16,7,0,7,125,6,0,0,279,110,1,147,65,47,6,125,5,23,0,498,43,197,20,26,151,399,7,78,6,21,11,8,4,90,6,0,101,7,12,0,24,18
cell40,71,24,10,0,245,5,19,78,73,2,5,46,6,2,1,13,5,3,52,727,4,136,0,4,91,29,137,11,0,19,0,289,3,18,1,276,20,20,1,17,11,1,64,10,57,0,0,175,6,0,1,3,4,27,6,6,99,9,5,11,26,9,11,448,902,16,0,9,11,0,0,22,200,6,0,0,490,45,3,152,138,66,5,306,3,35,7,220,0,141,42,0,337,430,18,349,3,19,7,24,11,70,9,3,30,47,244,6,76,16
cell41,84,19,68,13,411,17,3,119,88,2,11,84,4,0,0,19,7,0,17,84,0,189,18,8,12,8,47,29,8,11,1,87,21,3,1,206,22,35,0,1,21,3,26,12,81,3,0,147,4,0,0,4,2,37,13,17,40,15,1,4,14,18,6,218,432,12,0,2,22,6,8,14,210,24,7,0,404,114,3,53,109,50,10,117,4,38,0,243,0,27,14,0,180,856,6,215,5,19,8,13,14,113,3,3,79,102,12,17,69,44
cell42,170,98,58,22,182,1,7,51,230,21,20,97,16,0,50,42,269,2,40,6556,0,303,0,37,58,142,526,17,20,6,0,1633,102,122,16,8,35,1428,0,28,145,27,79,199,18,3,0,47,140,5,4,9,17,14,101,65,18,14,49,0,299,581,17,89,134,310,1,0,54,12,104,285,19,1,12,0,63,79,64,4,2,236,7,7,27,34,9,11,1,0,36,72,7,927,2,12,57,365,23,46,70,24,8,12,7,0,121,0,7,83
cell43,164,104,57,31,360,9,16,71,238,11,54,66,19,1,169,39,183,1,72,6773,5,227,0,36,49,87,630,9,0,4,22,1602,726,547,30,4,40,1836,1,1,131,18,74,319,15,7,51,78,150,29,2,1,13,32,196,87,10,12,30,0,65,585,39,83,113,469,0,0,52,2,219,315,7,0,0,0,64,56,304,6,5,164,9,18,155,8,13,10,6,0,21,70,4,2240,1,19,51,386,18,85,62,11,17,15,8,0,246,0,4,114
cell44,122,55,92,24,518,47,8,99,49,1,8,106,4,2,0,6,3,2,31,115,0,137,0,12,11,19,29,15,1,27,0,78,14,14,0,211,9,12,0,0,25,2,19,13,87,0,104,329,4,1,0,1,0,17,9,4,18,6,3,9,19,24,1,345,514,10,0,0,7,0,0,12,104,8,10,0,473,137,0,76,81,20,8,218,8,64,0,230,31,167,22,0,193,656,10,50,8,21,9,1,11,89,3,2,61,101,10,2,21,21
cell45,89,20,75,9,432,25,11,101,61,0,4,105,5,0,2,8,5,2,14,113,0,93,0,15,25,14,41,36,2,13,1,70,5,4,0,235,29,24,0,0,16,1,14,14,80,2,0,275,4,1,2,1,0,20,4,2,3,19,1,0,14,13,12,189,383,18,0,0,21,2,0,20,246,5,3,2,215,87,4,57,129,33,13,331,4,34,73,303,11,233,19,16,229,399,13,274,16,21,2,34,8,120,5,2,81,8,15,12,65,41
cell46,82,43,65,17,617,59,37,137,63,1,3,91,9,0,0,12,4,1,25,101,0,186,0,14,15,9,26,38,1,30,1,69,17,9,2,384,13,31,1,8,18,2,15,11,109,0,22,167,5,2,0,2,1,28,5,0,29,20,2,6,22,14,8,187,325,19,0,0,12,2,0,16,247,18,0,2,418,146,2,97,350,31,7,236,6,55,0,352,11,80,53,0,69,688,0,241,6,18,4,4,8,101,4,2,121,11,12,21,11,30
cell47,160,101,31,21,289,3,19,48,217,15,48,140,27,0,21,10,66,0,58,4119,0,342,0,39,57,52,435,14,23,1,6,1259,1187,1,0,7,23,408,0,15,102,33,55,173,18,0,571,48,148,58,5,2,16,7,141,54,17,13,57,1,17,586,39,65,92,235,2,0,47,20,441,293,15,1,17,0,48,22,142,1,1,162,13,12,97,6,18,11,10,0,23,83,4,1731,0,12,106,354,20,56,67,8,13,12,10,0,1398,0,7,45
cell48,154,65,34,17,308,2,11,61,230,16,27,111,24,0,90,52,207,4,58,4370,2,334,7,31,100,99,402,17,38,2,106,1096,51,321,38,15,29,152,5,9,142,61,73,185,20,10,8,33,145,0,5,14,1,6,136,122,11,7,37,1,59,514,40,42,64,418,2,0,39,6,307,291,11,3,12,0,33,40,585,3,6,282,6,4,119,11,21,17,2,0,17,77,2,1464,1,20,48,404,13,85,90,9,24,12,13,7,424,0,6,11
cell49,72,25,54,12,358,24,1,105,52,3,2,109,2,1,2,9,6,1,17,66,0,201,5,12,8,10,52,24,12,16,0,64,1,2,0,387,25,38,0,11,16,2,17,11,89,0,0,54,12,1,1,0,3,8,6,5,37,14,0,16,10,22,8,257,267,26,0,0,14,5,0,23,155,1,1,1,280,149,12,42,155,23,9,108,4,86,0,342,1,177,28,2,113,1098,0,292,13,12,2,47,7,126,2,7,110,5,14,9,82,42
cell50,129,103,55,32,253,2,27,54,191,13,74,80,19,0,4,38,59,1,36,3791,1,211,0,34,101,74,308,14,3,4,0,746,337,112,11,24,9,167,0,5,96,17,81,170,17,1,5,27,125,78,0,6,7,7,89,49,12,13,50,1,91,373,36,77,92,348,0,0,35,5,118,242,12,3,20,0,51,53,379,5,6,222,10,37,66,12,14,9,0,0,34,62,20,3115,3,12,66,352,27,54,83,8,16,7,10,0,694,0,1,2
cell51,46,15,43,13,457,54,8,126,67,0,5,105,4,7,2,6,5,0,18,84,2,185,0,11,16,12,43,16,4,15,0,71,21,44,2,351,37,34,1,6,18,2,13,18,88,1,23,46,6,0,0,1,3,10,4,1,46,34,1,8,12,32,5,243,146,28,0,2,15,5,0,23,128,12,0,0,307,165,0,89,118,39,9,183,9,117,0,240,13,43,17,10,222,494,14,237,11,26,1,6,5,113,9,3,86,77,10,0,79,44
cell52,105,34,73,10,487,74,9,86,61,0,2,99,1,1,12,9,1,0,13,80,0,151,1,12,22,9,24,8,9,10,0,52,19,4,1,295,23,43,0,3,15,0,20,8,105,0,0,97,12,0,1,0,0,17,8,18,3,36,3,23,16,23,7,291,305,27,0,0,16,1,1,17,145,3,3,0,378,110,16,81,112,19,6,103,10,19,0,390,0,135,41,6,2,587,2,311,7,22,6,18,7,116,4,3,85,8,9,1,55,16
cell53,71,55,28,14,264,0,4,57,174,4,7,92,29,3,94,19,85,2,60,4261,1,186,0,31,50,117,346,22,8,4,92,983,54,12,36,7,16,327,1,16,121,37,83,204,17,0,0,20,116,6,8,22,6,10,85,78,18,8,59,0,25,377,40,64,66,347,0,0,47,11,49,229,7,4,36,0,55,53,4,4,9,200,8,12,53,1,9,19,14,0,30,57,9,1279,4,13,68,298,23,91,89,13,4,16,10,4,609,1,3,47
cell54,120,9,5,13,264,17,31,69,71,1,7,63,7,0,9,17,11,0,44,401,1,113,0,10,37,59,68,25,7,16,2,196,80,8,5,192,3,12,4,0,22,3,13,26,68,0,4,561,9,3,2,4,1,11,20,8,212,22,1,5,28,33,2,762,758,29,0,5,15,1,6,24,167,12,31,0,740,39,8,72,461,65,9,195,8,0,0,155,0,110,11,0,122,850,26,440,21,30,6,16,6,83,5,3,41,1,123,6,38,27
cell55,91,19,7,5,238,26,4,65,63,0,12,139,3,0,7,9,12,0,43,415,0,238,1,9,32,17,93,20,4,20,1,182,75,15,9,213,8,65,1,5,26,1,12,24,56,0,222,273,12,5,0,2,3,3,14,3,57,8,6,1,22,25,14,591,683,45,0,3,17,0,0,34,127,10,14,0,546,35,8,85,482,95,5,218,12,8,0,153,0,14,14,1,191,999,53,361,0,46,11,10,9,79,9,1,28,0,92,2,18,38
cell56,111,20,12,4,282,26,19,84,83,0,11,100,1,1,2,13,14,0,34,352,0,185,0,13,56,31,97,17,8,11,1,176,25,45,3,167,27,1,4,9,29,4,20,27,63,0,0,111,5,0,0,5,2,19,15,10,31,15,13,1,74,40,1,277,663,56,0,9,14,2,0,36,199,1,0,4,546,36,13,70,238,79,6,412,10,0,0,200,7,199,39,22,143,724,12,270,2,47,5,66,15,71,0,9,47,0,82,6,13,11
cell57,134,22,17,3,302,56,15,79,63,3,8,76,2,2,6,11,12,1,49,471,0,186,18,6,37,33,95,16,2,9,2,199,201,21,4,56,47,10,1,1,30,2,43,39,47,0,0,87,9,0,0,5,9,6,15,3,55,11,3,4,42,47,14,470,828,49,0,8,12,5,0,40,212,4,1,0,233,48,15,166,671,69,5,575,11,21,7,155,14,272,15,35,135,698,5,442,2,45,13,37,9,108,7,8,31,2,138,12,18,7
cell58,78,23,20,5,346,85,30,111,83,0,4,151,1,1,10,17,13,0,30,327,0,214,0,9,23,40,87,17,2,3,1,144,154,31,1,156,15,67,1,6,32,4,22,31,96,1,201,49,4,0,1,2,5,9,18,5,4,10,2,9,22,52,3,968,901,38,3,6,18,2,0,42,155,10,7,0,885,55,3,629,83,42,2,317,2,17,0,269,0,420,28,3,554,753,16,327,3,43,1,3,8,84,5,3,51,0,22,0,11,17
cell59,116,26,15,7,354,76,32,95,39,1,11,111,4,6,10,6,11,0,44,338,0,276,0,13,43,46,106,24,9,14,1,213,77,65,8,50,35,85,3,5,20,5,24,41,66,0,93,391,12,6,2,7,5,6,20,10,108,13,2,2,38,37,1,510,784,46,0,6,20,2,0,33,111,6,0,0,680,34,25,195,345,70,5,603,26,20,290,146,1,357,20,0,380,757,59,479,2,46,7,20,4,86,2,4,40,0,69,10,24,18
cell60,85,30,22,18,332,39,3,105,72,0,7,82,5,2,11,16,5,0,22,87,0,181,4,18,11,6,21,19,4,19,6,42,75,0,0,274,15,57,0,5,28,3,18,20,79,1,16,92,22,3,1,0,0,10,10,3,29,27,5,0,6,20,9,264,315,18,0,0,20,1,0,19,116,6,0,0,466,165,9,86,187,39,7,210,2,17,2,182,0,183,42,0,330,868,18,156,11,33,8,1,2,106,5,9,103,0,34,0,110,38
cell61,71,16,79,7,313,8,23,114,62,0,10,44,7,0,4,12,5,0,24,80,0,150,0,16,17,9,38,29,3,15,0,63,10,15,4,225,30,39,0,6,23,1,19,8,92,0,82,114,3,1,2,2,7,7,11,3,34,22,0,9,9,23,7,215,263,28,0,2,20,4,4,17,138,14,1,1,262,73,12,39,82,43,9,76,10,95,63,204,0,72,26,0,63,993,1,174,4,24,19,25,13,91,7,5,77,24,17,0,110,3
cell62,93,21,41,14,326,232,16,108,60,1,5,119,1,2,1,6,7,1,16,105,0,171,0,8,13,21,29,31,4,14,0,55,50,22,1,177,53,65,0,0,13,9,19,22,86,0,0,164,12,0,1,2,10,16,7,3,60,15,0,0,11,24,5,342,369,23,7,0,15,10,1,24,91,17,1,0,427,74,21,215,393,35,9,236,6,91,0,281,14,162,43,0,278,832,3,235,7,35,4,6,13,128,7,8,119,25,22,2,78,6
cell63,127,38,65,5,645,43,7,171,81,1,0,147,2,3,13,8,4,1,33,100,0,185,18,6,12,14,48,23,7,24,0,64,14,8,1,444,24,48,1,11,18,1,26,19,86,0,0,156,6,4,0,7,1,25,11,6,89,26,2,10,22,35,8,291,383,39,0,0,18,3,2,26,236,8,0,0,400,125,6,105,113,83,3,0,8,29,0,348,0,187,45,0,92,873,31,274,3,27,9,20,6,102,11,5,85,78,44,2,105,65
cell64,84,27,17,6,354,21,33,58,67,0,0,116,1,0,16,10,18,0,28,394,0,205,15,12,9,55,102,23,2,10,0,167,147,52,7,157,32,22,6,7,17,4,20,36,57,0,0,96,23,11,2,1,5,8,24,18,149,5,3,1,30,33,9,718,1189,48,0,16,17,2,2,37,142,8,1,1,814,44,0,157,272,28,14,144,11,19,0,148,0,45,12,0,205,291,1,490,9,59,12,1,4,111,3,8,27,0,159,13,42,24
cell65,106,65,50,16,233,8,33,44,183,15,32,80,28,0,37,63,99,1,60,4526,5,169,0,19,75,124,395,16,11,4,42,1143,1612,46,20,17,15,800,6,0,118,8,117,113,9,2,224,29,85,28,7,8,3,10,81,28,20,13,45,1,32,215,45,77,72,216,33,0,37,1,177,178,7,3,1,0,50,51,336,5,5,146,10,11,53,5,7,18,0,0,36,47,12,941,2,15,64,242,5,31,65,14,11,17,16,0,176,0,9,113
cell66,104,64,42,13,204,3,45,49,151,5,17,88,6,0,66,49,40,12,41,4520,3,226,0,20,44,61,317,13,3,7,619,1069,157,303,21,12,19,644,0,40,80,29,73,78,29,6,0,61,95,2,7,11,13,15,39,63,8,13,27,5,39,172,23,75,134,130,0,1,19,3,58,179,6,5,42,1,69,59,138,3,3,105,9,40,74,6,12,8,0,0,34,45,5,419,1,28,66,196,29,43,36,9,6,23,11,0,912,0,6,66
cell67,69,22,25,3,250,38,11,81,38,0,1,101,1,1,1,14,19,0,43,257,5,191,19,13,40,40,80,17,0,9,2,183,241,28,3,141,51,32,7,7,22,1,24,24,46,0,0,80,3,1,3,3,4,23,12,7,73,14,1,2,42,44,1,460,969,27,3,4,18,1,4,30,157,7,35,0,874,70,8,159,234,94,1,150,21,16,0,145,1,168,10,21,188,586,9,540,4,44,23,22,7,94,5,8,40,0,81,0,40,11
cell68,65,16,60,15,400,42,1,119,46,1,3,65,5,1,3,11,5,0,15,72,0,177,0,9,9,11,30,20,4,19,0,36,14,3,3,387,18,36,0,18,16,0,22,8,93,0,43,125,13,0,0,2,1,39,14,7,7,23,0,13,18,22,3,144,123,15,2,0,19,1,0,25,141,11,2,0,228,79,4,63,103,25,4,161,4,33,0,370,0,28,22,0,21,661,0,49,3,27,2,40,3,96,5,2,72,3,6,0,100,52
cell69,128,33,28,18,179,7,3,23,134,2,15,119,35,0,5,49,120,2,69,4456,3,196,14,27,112,145,400,15,13,6,141,1093,1503,157,21,9,35,868,0,27,118,39,90,189,15,0,0,11,98,98,6,10,11,3,37,34,7,13,30,0,206,154,23,54,35,371,12,0,39,9,318,236,9,1,0,0,74,43,5,9,6,206,11,15,34,9,19,6,1,0,41,60,0,904,3,20,82,296,14,59,71,12,2,7,13,3,507,0,13,11
cell70,34,31,23,8,225,4,35,83,62,6,4,114,8,0,1,17,19,0,40,269,0,201,0,14,9,46,91,10,1,14,0,171,11,57,5,82,33,72,0,17,15,1,38,55,53,0,0,85,10,0,1,4,1,22,10,3,63,10,2,1,30,41,4,571,570,57,1,4,19,9,1,38,178,6,10,0,586,61,5,86,61,16,12,41,22,25,0,129,0,409,9,24,212,183,20,42,1,55,4,21,4,105,7,2,49,0,67,3,74,21
cell71,70,21,58,8,261,38,5,86,52,1,3,96,4,0,1,3,3,2,5,41,0,158,0,8,7,12,17,8,7,21,0,23,2,8,5,120,32,47,0,13,26,1,22,13,73,0,0,46,11,0,1,1,2,0,4,8,7,17,1,6,12,30,5,215,198,22,1,0,11,2,1,21,148,17,0,1,96,88,12,56,65,34,10,122,6,38,0,233,0,108,13,0,122,578,20,225,8,22,9,7,16,84,3,3,113,0,10,0,135,20
cell72,83,70,41,12,203,5,29,31,149,4,37,63,17,0,11,83,181,1,59,3930,0,298,0,19,43,65,261,9,43,5,1,955,456,105,8,14,24,278,0,8,105,41,92,203,13,0,0,53,100,36,0,14,2,5,75,57,10,19,54,0,48,326,54,91,88,255,1,0,33,7,237,226,8,1,135,0,73,12,123,9,5,178,15,49,68,11,16,7,0,0,15,77,9,1063,1,11,55,274,11,46,56,16,13,15,5,0,341,0,7,89
cell73,90,70,23,20,189,2,49,32,152,8,19,70,29,0,34,40,89,5,46,3193,6,228,3,27,159,61,242,15,16,5,3,957,132,184,27,11,52,324,0,34,102,33,92,238,14,4,39,36,126,31,3,12,4,2,76,60,20,17,40,0,47,219,28,105,84,226,0,0,23,1,170,186,20,5,0,0,62,41,87,1,6,154,8,40,53,19,5,20,3,0,8,31,8,900,0,25,41,261,3,23,72,12,6,13,15,0,859,0,9,30
cell74,37,32,49,5,302,25,7,98,68,1,13,67,2,0,3,14,9,0,37,355,0,216,0,10,34,38,123,14,6,7,2,179,3,8,0,185,15,84,3,23,24,3,27,40,54,0,77,94,10,1,1,5,3,2,14,12,16,12,7,4,46,44,5,680,751,23,0,10,10,0,0,63,168,8,12,0,339,66,17,88,292,47,10,242,9,7,0,171,0,124,11,13,97,240,48,324,2,59,15,6,22,124,4,6,32,1,52,4,63,11
cell75,76,55,18,10,172,12,4,41,196,6,41,70,37,0,86,48,110,7,47,4292,0,165,0,42,7,88,336,12,16,2,1043,1052,882,72,28,10,39,1105,0,35,145,39,87,169,13,1,0,47,123,9,0,17,21,12,57,36,7,18,38,0,67,347,59,69,38,407,20,0,32,6,103,285,19,0,4,0,66,36,73,6,10,174,9,47,92,3,16,15,1,0,9,60,14,1088,3,12,47,349,0,73,82,11,2,10,12,7,105,0,7,41
cell76,110,61,9,11,164,6,20,19,116,19,92,66,16,0,24,28,146,4,22,1619,7,203,1,36,128,57,316,13,24,2,78,866,459,179,13,5,40,529,0,32,99,58,87,195,18,0,1091,70,102,2,1,7,20,5,105,25,11,7,66,10,118,344,20,111,43,311,0,0,35,3,51,231,11,3,1,0,75,38,77,9,1,111,11,15,44,17,6,16,1,0,9,74,13,1498,1,12,74,333,2,49,64,5,12,9,7,1,262,0,9,7
cell77,124,18,64,14,465,25,5,136,69,0,6,97,1,3,3,4,4,0,26,39,2,185,0,8,12,11,23,15,8,28,0,29,0,3,2,145,27,38,0,5,26,8,12,11,99,1,0,127,5,0,3,5,2,20,13,6,24,20,3,3,17,17,19,179,211,28,0,0,15,2,1,32,101,2,0,0,210,134,12,35,138,43,19,57,6,27,0,281,7,74,3,0,91,697,24,21,8,33,2,12,6,114,5,4,128,1,7,0,211,27
cell78,71,20,66,20,233,21,16,101,48,2,8,121,4,0,3,3,4,1,21,31,0,150,0,11,7,8,20,22,1,21,0,19,2,5,5,244,31,48,4,0,20,0,20,16,78,2,17,63,8,0,0,0,3,4,8,1,20,21,0,9,7,34,5,160,194,9,0,0,17,1,0,24,104,6,0,4,194,124,6,42,57,83,9,96,5,20,6,247,0,61,17,0,184,659,19,212,6,32,3,16,8,105,5,2,176,54,19,3,289,76
cell79,82,31,39,4,468,53,15,111,103,2,7,87,1,3,5,15,9,0,43,356,24,157,10,10,40,39,50,18,6,12,0,202,49,37,9,281,28,86,6,4,30,7,12,44,64,2,0,240,12,1,0,11,0,29,17,18,32,12,2,15,29,31,14,888,752,63,0,10,12,5,17,59,189,14,0,0,856,60,1,168,1051,14,18,565,22,10,0,244,10,310,29,0,557,250,47,355,19,62,7,13,9,121,6,1,49,12,122,10,49,17
cell80,86,49,28,6,143,3,5,10,128,16,13,48,13,2,48,53,27,9,46,4291,1,146,0,23,160,114,431,10,20,2,16,1092,151,48,8,17,14,102,0,12,98,22,87,98,11,2,364,51,77,88,2,16,4,2,52,42,2,14,26,0,30,158,18,114,31,113,4,0,21,2,170,163,15,3,0,0,78,20,218,6,6,89,8,83,18,25,12,19,1,0,20,34,2,210,3,9,55,197,5,24,53,21,6,6,12,19,1537,0,11,28
cell81,151,47,11,5,680,47,20,129,76,1,6,96,1,1,31,11,7,0,21,296,0,175,0,11,32,35,88,18,1,17,0,134,132,11,3,189,94,15,5,2,22,4,16,22,86,2,97,322,12,0,3,4,0,40,13,17,34,20,5,15,21,52,3,565,1016,73,1,9,18,10,4,48,96,25,1,1,775,51,12,238,535,23,6,168,5,22,8,214,29,911,12,15,224,438,6,428,8,55,3,24,12,67,6,0,25,0,160,0,58,5
cell82,106,54,19,6,157,0,21,31,126,2,39,69,13,0,20,34,68,2,28,4027,2,159,22,35,70,43,379,12,2,6,1,842,1497,118,15,10,16,176,0,6,94,16,92,165,9,0,536,60,71,31,6,5,3,8,92,26,2,14,25,0,75,151,49,78,142,188,17,0,21,11,57,189,2,1,31,0,73,43,265,5,6,148,6,29,45,3,5,9,1,0,20,41,20,381,0,4,9,172,9,26,34,8,8,14,13,0,1730,0,8,20
cell83,102,30,48,10,339,29,13,99,66,0,2,112,10,9,0,8,15,4,16,34,0,235,0,15,4,9,17,4,3,19,0,18,12,4,1,125,23,40,0,6,23,6,15,7,86,0,0,139,5,1,1,2,2,16,6,7,11,6,8,4,7,20,4,174,188,22,0,0,20,1,1,20,208,18,0,0,42,106,8,86,62,44,1,130,6,33,0,254,8,191,37,0,130,561,7,160,4,27,1,12,10,105,7,9,93,0,17,0,416,33
cell84,68,31,13,5,256,96,23,113,82,1,2,58,1,0,13,15,19,0,50,265,2,164,0,12,21,61,110,19,7,2,1,141,1,30,3,152,21,79,3,1,36,2,17,38,57,0,137,196,26,3,2,3,1,5,17,22,173,6,4,2,50,71,9,377,1020,58,0,3,20,0,45,54,191,4,0,0,752,66,5,189,437,63,5,610,7,39,0,164,1,461,43,0,98,259,30,470,0,66,1,24,13,85,1,4,40,0,99,4,63,24
cell85,89,32,46,8,385,64,41,67,95,2,12,105,7,0,4,17,11,1,32,352,0,169,0,12,52,49,66,23,8,7,0,154,224,56,8,36,29,100,1,37,29,6,21,49,99,0,0,132,26,10,0,1,5,12,24,7,191,12,4,4,29,36,12,710,1091,74,0,5,18,2,0,53,77,9,0,0,870,47,34,190,267,21,4,248,27,23,0,199,0,388,34,0,301,337,58,380,8,72,9,27,4,99,6,18,69,0,77,10,57,11
cell86,71,17,17,8,168,77,0,69,37,1,9,79,1,0,3,7,6,0,9,32,0,188,0,13,2,11,6,6,0,4,0,23,4,3,4,90,15,49,0,1,21,2,13,17,35,0,0,63,11,0,2,4,2,23,5,0,4,15,2,0,11,15,14,216,192,21,0,0,16,0,1,24,97,4,3,3,310,95,2,136,20,26,3,59,4,23,0,114,12,188,12,0,265,858,5,174,5,23,6,29,12,115,9,5,72,17,19,0,314,51
cell87,72,15,33,6,248,38,8,48,42,1,5,67,6,4,3,12,8,1,31,339,0,160,0,18,35,45,105,20,5,3,0,158,70,4,1,57,14,27,7,10,31,8,17,65,68,0,2,178,27,4,0,3,5,18,18,16,50,19,1,1,24,53,8,607,827,76,1,2,14,6,48,65,126,13,0,0,435,51,16,65,322,22,8,91,8,15,0,157,10,445,20,32,299,635,68,238,12,76,0,40,14,77,3,8,43,0,86,8,60,15
cell88,50,14,28,17,200,49,3,59,54,2,4,94,2,1,1,13,1,0,24,20,0,189,8,12,2,8,10,4,0,10,0,20,16,2,4,145,15,37,2,1,22,1,22,27,34,1,8,60,8,5,0,2,3,7,8,2,24,6,4,2,10,32,10,235,178,37,0,0,16,3,0,28,69,5,0,0,281,114,11,47,20,62,5,277,4,14,0,106,0,143,28,10,140,776,31,227,19,31,11,9,9,106,6,1,69,0,15,2,298,20
cell89,106,73,21,14,163,1,20,13,142,4,24,81,23,0,136,61,26,0,38,4019,0,126,0,23,97,71,403,8,11,1,24,1017,826,9,16,16,43,6,5,15,76,10,46,97,20,4,0,62,69,6,8,16,4,2,63,37,3,15,29,0,50,216,29,133,128,226,0,0,22,6,93,153,4,3,7,0,79,30,9,1,6,136,9,36,26,2,27,8,0,0,15,49,8,354,4,25,36,179,12,15,45,13,10,0,2,0,3633,0,4,41
cell90,78,32,34,3,249,33,5,76,65,1,8,110,8,1,5,10,30,0,30,298,2,200,0,10,48,37,104,23,5,10,0,141,82,48,13,139,21,1,2,6,40,2,11,46,79,0,0,243,5,0,3,2,2,13,30,8,130,11,5,4,18,70,23,499,799,44,0,6,16,6,1,67,210,8,8,0,743,72,18,172,106,131,4,76,4,23,0,163,0,312,24,0,103,596,13,250,1,65,21,7,13,74,5,1,45,0,76,3,55,25
cell91,87,18,18,7,345,89,9,116,44,1,9,72,3,1,4,9,8,3,23,30,0,230,0,11,3,15,16,21,2,18,0,17,12,7,4,228,29,49,0,1,16,5,10,17,81,0,0,59,8,1,2,3,2,33,23,11,31,16,3,0,6,17,4,165,118,23,4,0,10,5,11,28,195,5,2,2,220,80,3,63,50,92,6,146,5,15,0,214,2,91,27,0,73,831,25,188,11,27,0,7,4,98,10,14,66,0,47,0,339,13
cell92,44,42,24,11,166,105,8,80,43,2,22,67,5,0,1,14,5,1,13,24,0,213,0,8,3,21,17,12,4,11,0,21,6,3,1,98,20,41,0,0,21,2,18,17,38,2,26,83,12,1,0,1,3,7,6,5,19,4,2,1,6,20,15,173,120,24,1,0,21,1,1,23,49,4,0,0,209,91,17,33,152,126,9,61,1,60,0,104,0,44,38,0,97,803,4,21,3,32,5,11,6,129,7,4,87,12,31,0,327,39
cell93,72,22,14,17,342,57,28,100,49,8,6,100,4,0,10,6,1,2,32,32,0,169,0,12,2,9,12,23,10,15,1,21,18,6,1,105,39,48,1,22,23,1,17,16,64,0,0,77,11,0,0,1,3,22,10,2,42,10,0,2,5,22,3,124,69,25,0,0,20,2,0,23,105,7,0,0,142,98,5,45,22,63,6,144,7,31,0,151,3,42,19,0,107,632,0,159,18,22,14,7,5,122,5,15,99,59,53,0,409,14
cell94,41,18,49,16,190,20,3,73,23,0,1,108,0,1,1,7,1,0,16,35,0,210,0,16,3,14,15,19,3,14,1,15,5,12,7,68,12,17,0,1,18,1,16,6,47,0,0,74,15,2,0,1,3,20,14,11,8,20,0,3,10,20,6,132,123,15,0,1,23,4,0,21,111,5,0,0,102,80,6,23,20,63,2,29,8,32,26,151,0,100,36,1,93,1076,12,122,0,16,1,28,6,120,9,3,96,0,87,0,518,10
cell95,109,43,47,2,419,57,12,93,69,7,3,109,12,2,37,16,19,4,50,238,1,268,0,15,12,31,92,22,8,14,0,134,36,47,3,62,32,43,5,8,51,1,18,33,68,2,0,119,37,2,1,5,2,20,43,25,87,8,7,9,26,36,10,372,759,101,1,3,19,10,1,85,193,3,0,1,612,90,19,348,120,52,5,75,10,31,0,176,0,168,2,5,120,494,1,24,39,66,2,9,20,60,5,6,32,0,73,2,89,4
cell96,76,38,31,12,237,27,2,62,64,1,7,95,5,3,0,16,12,0,13,31,4,199,0,9,6,7,10,21,0,2,2,26,16,0,1,133,12,46,2,2,12,2,23,6,60,1,14,74,11,0,1,2,2,11,15,2,29,9,0,5,12,18,9,134,80,36,0,1,15,2,0,29,103,9,2,0,53,107,18,33,113,74,8,39,13,21,0,148,3,266,27,0,30,1498,43,42,17,26,3,5,6,104,0,1,65,10,28,0,448,15
cell97,117,32,28,9,386,35,4,124,111,2,14,72,15,0,3,11,15,1,46,233,0,190,0,11,8,53,83,29,7,9,0,122,12,23,19,155,20,142,2,3,66,3,10,81,60,1,23,298,25,6,0,4,1,19,47,25,54,19,7,7,9,67,27,772,820,56,0,2,21,3,2,75,208,4,2,0,773,81,19,199,142,29,4,373,30,37,0,148,2,550,19,21,447,250,3,357,53,111,5,5,7,61,5,11,33,0,12,0,66,10
cell98,93,24,22,8,301,11,41,86,64,0,21,106,13,5,11,20,28,0,42,147,0,162,0,22,28,39,69,15,0,16,9,116,7,63,12,121,26,50,8,2,39,2,8,67,60,0,0,196,10,13,0,2,2,19,29,25,133,13,2,2,15,54,10,453,828,95,1,5,21,1,0,78,98,6,1,0,590,67,6,90,76,13,3,146,13,46,0,171,0,153,5,0,228,310,0,431,21,79,8,29,15,69,4,10,47,6,15,0,80,22
cell99,95,23,66,22,345,25,21,67,40,1,3,104,1,0,2,12,7,0,11,11,0,233,3,9,0,3,9,13,14,16,0,16,8,2,0,97,12,41,0,1,23,1,12,20,51,3,0,41,7,5,0,0,3,21,4,4,8,5,2,8,12,20,4,139,102,25,0,0,25,3,0,20,133,11,1,0,167,72,22,73,83,111,4,101,10,39,0,163,14,52,10,0,101,1089,1,110,4,15,18,41,15,102,8,9,66,38,54,3,380,22
cell100,90,39,38,15,281,36,6,89,52,1,4,90,5,0,0,12,8,2,19,21,0,159,19,14,5,5,8,11,3,8,0,18,1,2,1,197,18,79,0,2,23,0,14,35,51,1,0,78,13,4,1,1,1,27,21,8,5,13,3,3,10,34,0,154,101,31,1,0,11,3,4,45,108,3,1,0,123,91,5,41,23,79,1,93,5,37,0,124,24,87,13,0,109,843,11,118,13,43,2,48,9,84,5,6,66,43,45,0,413,6
cell101,120,29,27,18,444,37,11,101,102,1,2,103,17,4,10,19,12,2,21,185,0,260,13,16,20,27,56,15,6,14,0,116,27,3,15,171,27,155,12,4,35,15,7,49,84,1,0,37,30,5,2,1,4,25,13,18,216,11,8,0,42,98,4,849,871,76,0,4,15,4,11,93,184,1,24,0,869,58,63,88,390,64,4,224,16,68,121,196,3,498,47,0,157,424,22,323,1,111,6,8,5,74,9,4,56,0,29,0,68,1
cell102,123,72,36,7,470,12,21,118,80,1,18,133,4,7,9,17,20,0,44,252,0,207,0,14,26,15,89,18,20,5,2,129,143,41,8,82,29,207,7,23,61,13,13,67,57,0,102,212,21,2,1,4,3,37,44,14,41,27,6,0,23,83,25,819,700,91,0,8,14,2,4,94,214,8,0,0,906,74,27,383,209,47,9,281,9,46,142,226,6,260,20,32,90,208,17,110,16,92,9,55,11,52,7,2,35,0,88,2,76,10
cell103,103,47,30,9,160,6,18,30,135,9,26,64,7,0,103,54,74,0,27,2887,5,202,0,18,96,113,316,13,15,3,39,852,304,96,38,8,32,794,0,26,99,15,64,200,15,0,502,41,75,29,3,7,8,10,95,49,4,6,25,8,49,276,39,70,179,225,0,0,29,8,19,178,8,3,58,0,70,35,78,9,15,123,8,35,70,11,33,6,1,0,25,61,7,280,4,22,52,203,3,41,42,13,13,3,5,0,1046,0,2,24
cell104,122,50,48,12,408,7,26,111,92,2,10,79,5,0,50,16,7,1,34,215,0,169,1,17,26,37,89,16,3,7,7,134,109,9,11,154,18,123,0,0,58,8,28,56,71,1,2,104,15,0,1,5,0,25,16,25,201,21,11,1,23,64,19,477,679,75,17,4,17,0,15,60,167,13,0,1,562,73,19,82,99,62,1,386,21,39,10,120,0,303,23,27,157,316,2,383,0,92,19,29,13,56,6,4,42,0,102,2,86,6
cell105,153,51,38,19,182,7,46,37,165,7,35,62,27,3,92,46,104,3,15,4302,0,200,20,32,82,36,417,12,14,3,16,994,2,9,17,12,17,66,0,19,86,26,90,109,18,3,0,55,111,25,2,10,5,2,77,67,0,18,41,1,73,247,30,92,164,199,0,0,35,5,157,220,1,0,14,0,82,54,82,5,17,141,8,59,108,11,15,16,0,0,21,62,7,655,4,13,21,272,13,82,21,16,8,8,5,0,2480,0,9,153
cell106,145,51,44,10,260,3,23,18,153,1,50,73,10,0,17,58,102,15,39,2948,0,133,0,30,137,49,287,4,18,6,16,954,1416,60,23,3,26,175,3,5,111,10,92,286,18,4,0,28,106,27,1,10,17,3,62,55,50,10,48,0,41,203,34,119,31,143,0,0,34,3,125,181,7,1,24,0,86,49,203,4,6,55,9,30,94,6,29,9,17,0,24,62,15,438,0,17,74,240,17,42,23,13,10,7,9,7,1247,0,3,150
cell107,53,26,71,17,251,57,19,107,44,1,9,88,3,0,1,12,6,0,21,18,0,256,4,17,2,6,18,18,8,9,0,13,3,2,4,71,25,60,2,4,21,2,16,24,44,0,0,88,13,3,0,5,4,9,11,8,43,20,4,2,10,13,7,221,136,45,0,0,20,5,6,26,146,16,0,0,217,159,17,127,38,67,4,146,8,59,3,129,112,254,38,0,123,850,6,122,3,47,4,19,18,101,10,5,103,24,19,0,228,30
cell108,92,64,30,14,565,25,58,124,53,1,12,130,4,0,6,9,7,0,27,25,0,298,0,17,8,4,9,35,3,3,0,17,0,7,5,272,36,67,0,11,22,1,15,37,90,0,0,157,14,5,0,0,8,21,9,7,38,8,1,5,8,31,12,224,163,47,0,0,21,0,2,33,130,11,1,0,324,141,0,87,140,148,4,149,6,48,0,294,1,63,18,19,250,1054,17,177,13,46,5,28,5,100,3,8,112,7,54,0,243,24
cell109,70,42,38,10,171,19,3,62,42,3,13,105,6,0,4,9,9,0,15,19,0,334,9,13,3,7,8,18,7,15,0,10,3,0,7,77,24,70,0,2,28,1,3,32,45,1,0,47,6,8,1,7,0,5,22,11,17,12,0,2,11,45,8,122,135,67,0,0,13,5,4,45,120,9,0,0,267,135,4,51,106,133,5,87,10,147,35,129,3,152,12,15,124,1119,3,240,11,56,7,11,7,98,9,11,92,1,34,0,271,33
cell110,88,48,28,21,398,31,36,79,50,1,5,209,4,0,13,22,12,3,22,21,2,290,0,17,3,0,16,27,14,12,0,15,8,2,7,329,29,84,1,0,23,2,23,39,82,0,0,117,21,0,2,5,0,29,13,6,10,16,7,0,7,52,4,188,161,25,3,0,18,3,3,58,191,12,0,0,135,98,12,57,222,85,7,99,15,46,0,262,123,54,7,0,55,1830,25,211,20,64,23,18,13,65,3,12,120,61,56,0,304,5
cell111,125,32,33,17,429,13,31,106,78,5,7,118,22,3,12,28,31,1,42,171,0,172,13,26,16,36,80,10,2,6,8,98,0,36,8,85,41,110,12,0,59,17,30,100,64,0,0,115,16,10,1,3,2,38,40,21,103,25,7,0,11,64,29,599,698,114,0,1,21,2,0,84,202,4,43,0,672,89,50,97,436,39,5,180,13,72,0,181,0,143,40,0,238,655,3,371,59,106,6,45,17,69,4,3,50,6,16,0,157,6
cell112,106,39,57,8,452,23,10,114,69,0,7,133,2,1,9,21,1,3,22,45,0,327,0,17,4,17,16,17,1,15,0,28,8,4,1,148,11,57,1,12,26,1,10,38,49,1,0,222,6,4,0,1,8,28,11,1,4,17,4,0,7,26,16,216,258,37,0,0,13,1,0,49,189,7,0,0,273,141,6,118,145,79,10,198,9,120,393,139,82,54,23,0,144,1973,12,198,8,45,10,33,10,100,7,6,93,0,39,0,153,3
cell113,176,59,61,10,1090,50,98,205,153,1,7,215,10,0,4,25,44,4,53,159,0,161,8,13,29,45,53,26,13,31,0,139,2,0,4,194,34,45,5,8,60,7,31,103,74,0,0,102,64,4,1,2,0,46,41,40,37,25,9,4,28,97,20,505,1167,66,0,11,21,2,3,98,299,11,0,0,891,167,39,510,395,39,9,327,29,86,0,227,23,163,21,33,205,408,24,324,8,120,5,19,8,40,4,1,45,22,54,4,155,104
cell114,134,59,66,15,522,13,19,90,153,3,30,144,19,2,38,26,35,4,46,246,0,218,0,18,10,21,60,25,46,9,5,111,32,56,4,171,37,147,4,1,60,17,14,78,61,0,0,27,25,43,0,21,9,11,23,47,22,15,3,2,47,155,38,599,684,69,0,12,23,4,0,106,131,11,0,2,634,130,22,104,586,57,7,503,41,63,86,164,0,204,37,0,290,619,5,166,28,126,12,15,16,42,4,11,48,0,69,3,73,47
cell115,38,45,79,14,382,24,22,88,86,4,15,67,20,2,28,34,12,0,36,192,0,209,2,18,19,20,79,26,12,10,18,127,14,8,3,78,26,178,5,19,73,5,17,55,59,2,0,221,23,13,2,10,3,10,36,38,57,5,4,1,28,93,14,459,488,97,0,6,24,1,2,99,50,7,5,0,565,115,12,71,329,43,7,299,40,44,0,137,1,382,0,22,295,445,35,344,22,98,17,16,21,44,6,3,23,6,85,4,99,39
cell116,66,50,19,8,341,26,0,105,70,1,17,97,15,0,32,15,14,2,30,254,7,193,7,13,34,62,58,23,11,12,0,129,21,1,11,104,43,62,8,8,68,14,16,48,75,2,92,161,17,1,1,2,2,16,44,51,20,10,7,1,31,75,37,480,677,89,0,3,22,2,0,84,80,2,0,0,575,85,19,91,216,84,1,342,30,72,0,117,0,311,5,1,174,895,28,323,42,110,3,18,13,29,5,5,56,0,57,6,123,86
cell117,88,58,23,15,168,8,2,32,141,12,7,42,14,0,66,21,32,2,62,3767,16,90,44,14,183,47,367,11,3,6,3,880,1649,25,25,10,38,2,0,20,87,30,50,117,14,4,0,25,95,8,4,26,14,3,46,58,4,15,42,0,176,256,31,116,188,195,11,0,25,1,42,164,7,5,0,0,74,38,168,7,8,113,10,13,43,10,17,13,25,0,16,51,9,249,1,5,21,180,2,28,12,8,8,5,13,0,782,0,4,68
cell118,106,42,41,11,420,41,32,101,90,6,20,91,17,0,36,17,32,0,34,223,0,171,4,13,21,51,69,31,9,13,0,140,3,2,13,208,47,15,9,4,78,0,25,79,67,2,0,78,31,2,3,22,4,20,46,30,81,20,5,5,43,93,23,672,615,69,3,4,15,5,41,116,96,8,34,0,697,115,74,170,572,48,4,632,16,37,1,165,2,350,27,0,500,974,10,167,10,114,13,13,13,46,5,1,41,6,82,4,123,18
cell119,71,37,26,15,387,13,48,95,94,1,11,109,4,0,0,42,14,4,32,152,5,276,2,23,16,34,80,17,7,12,0,108,118,23,7,76,31,230,12,0,67,7,19,62,45,1,12,54,19,4,1,7,6,14,36,28,6,28,7,2,40,79,23,292,518,96,0,6,26,6,1,109,66,6,3,0,450,87,39,78,360,77,9,173,31,55,0,111,12,47,50,6,171,1147,0,124,17,131,8,35,16,35,6,12,45,5,69,3,94,7
cell120,64,27,70,9,252,52,18,97,48,1,12,86,13,1,6,14,11,0,22,24,2,293,0,21,4,15,16,27,4,12,0,20,9,4,5,91,16,105,0,7,43,11,15,60,85,0,0,65,31,11,2,2,4,19,17,5,14,22,8,14,10,26,16,254,222,80,0,1,20,7,4,67,121,10,0,4,358,114,14,67,131,63,8,109,14,12,709,250,0,248,26,0,164,1153,0,358,23,77,9,37,9,108,4,10,81,42,13,0,204,28
cell121,60,85,33,22,200,7,3,36,122,10,50,55,18,0,100,29,68,9,17,2035,0,70,0,20,74,90,273,18,27,4,1,863,47,216,0,5,35,158,0,11,78,32,75,140,16,2,0,78,95,16,5,15,0,2,60,60,5,13,37,0,78,243,18,122,112,159,51,0,19,7,23,150,3,3,0,0,69,116,77,5,4,63,7,17,50,25,28,10,0,0,25,42,17,145,0,6,12,196,27,24,44,15,10,5,13,2,676,0,10,94
cell122,128,78,61,24,228,3,13,33,130,5,21,35,5,0,31,41,88,3,40,1386,13,120,0,30,58,114,211,14,9,3,0,791,131,42,26,12,34,239,2,0,86,13,61,148,9,3,0,47,82,27,0,12,3,18,67,37,11,12,41,1,9,228,30,50,140,132,0,2,23,0,4,173,8,3,6,0,87,55,202,9,7,132,13,46,50,2,17,12,0,0,22,54,8,471,6,7,24,203,13,74,24,12,2,6,5,0,1247,0,9,72
cell123,53,66,53,20,214,10,26,52,144,11,34,45,13,0,44,24,80,0,33,2501,0,167,0,27,159,56,334,14,37,2,166,834,1062,25,17,8,34,537,1,33,83,16,48,107,13,0,0,22,101,29,6,7,18,14,48,45,3,12,34,3,124,169,12,110,53,148,6,0,25,2,77,144,9,2,0,0,81,65,22,3,10,81,6,52,52,20,36,10,0,0,7,10,10,161,2,26,28,193,4,76,29,19,5,5,11,0,1467,0,10,96
cell124,135,85,39,16,206,0,13,21,131,3,20,65,29,0,63,42,100,10,22,2971,0,87,0,26,81,43,228,15,24,1,118,828,779,224,25,13,37,446,0,15,80,18,59,63,17,0,0,62,56,4,0,16,7,12,68,37,10,14,28,0,106,150,21,98,172,136,0,0,17,8,16,150,7,2,32,0,87,56,39,5,18,46,8,24,32,8,9,10,0,0,14,46,11,93,2,21,18,167,4,36,34,5,5,8,12,0,539,0,6,128
cell125,30,9,29,10,242,43,31,68,48,5,21,134,5,0,8,20,11,0,12,24,0,322,0,18,0,12,17,29,1,15,0,19,8,4,21,183,26,67,0,1,35,9,13,51,69,5,0,69,25,1,1,8,5,9,22,0,42,26,1,5,15,66,4,141,238,47,2,1,14,3,0,75,163,5,3,0,131,112,10,64,138,115,4,46,23,26,0,143,16,131,23,11,230,1365,0,323,15,67,5,21,8,135,3,9,83,5,7,0,253,35
cell126,103,49,63,3,597,25,4,108,79,2,28,106,13,0,22,26,6,0,40,209,0,241,0,12,21,23,91,26,3,4,0,112,21,10,0,174,28,185,11,0,57,8,20,35,66,2,5,39,30,1,3,2,1,12,22,28,26,3,6,0,32,68,9,320,622,115,0,13,23,2,0,104,95,12,0,0,435,111,1,81,25,46,1,251,28,65,0,113,0,150,30,0,181,654,13,291,14,100,4,1,23,30,4,6,46,5,305,5,135,90
cell127,97,40,33,10,542,25,9,97,76,1,11,97,10,1,21,28,14,1,30,140,0,288,5,10,6,20,49,17,1,11,2,129,11,4,14,119,24,55,8,0,65,3,18,37,61,0,0,16,60,1,0,2,4,47,38,13,119,24,13,0,8,95,20,340,611,121,3,11,13,3,4,82,158,14,2,0,483,85,0,91,81,68,4,287,33,75,3,192,12,414,24,0,73,237,83,315,3,101,1,59,34,32,6,5,77,0,124,3,108,18
cell128,81,50,47,12,351,25,20,126,56,0,7,129,13,1,19,5,12,0,21,21,2,306,0,16,1,11,10,27,4,5,0,23,3,3,1,198,41,85,0,4,34,11,21,52,62,2,6,168,25,10,1,2,1,13,23,8,13,21,7,2,9,55,3,216,225,43,0,0,18,1,1,68,61,6,1,0,352,94,0,49,131,67,4,28,25,42,65,153,3,340,15,0,167,1497,8,249,30,70,6,19,7,111,3,5,128,3,11,0,323,18
cell129,34,40,21,15,320,9,5,91,99,1,7,116,7,0,7,28,16,7,27,208,0,222,0,11,15,38,57,13,8,5,4,125,121,11,3,86,15,98,4,7,47,22,18,72,42,0,0,66,51,0,0,7,4,20,16,18,94,15,6,5,58,69,13,528,599,62,1,0,20,2,1,77,116,6,8,0,498,66,17,61,170,81,8,88,14,113,0,127,0,263,2,1,2,949,9,353,18,89,14,50,12,32,4,13,34,0,233,1,125,13
cell130,61,51,38,13,230,89,23,73,66,2,0,85,3,4,0,13,34,2,32,27,0,221,0,7,4,15,11,22,6,8,0,23,8,10,28,137,26,115,0,8,23,0,19,37,58,0,0,155,17,2,0,1,0,6,9,20,9,5,2,13,10,76,4,189,207,70,0,0,16,7,0,72,161,12,0,0,371,103,1,83,202,136,11,181,8,89,0,159,20,137,7,0,110,1507,21,303,26,71,22,62,7,96,8,15,70,12,13,0,290,125
cell131,73,58,44,27,342,31,18,103,69,1,25,112,4,0,4,21,15,2,32,173,0,198,0,13,15,30,64,23,13,9,0,111,76,30,14,131,32,145,7,0,47,0,9,56,64,2,0,58,32,1,4,9,2,42,21,14,7,16,5,3,27,57,12,417,393,45,0,5,17,1,1,56,85,1,0,0,287,126,8,82,176,34,4,148,26,13,0,109,7,151,30,0,63,657,2,295,12,95,3,27,21,29,6,2,59,0,124,3,108,47
cell132,81,67,34,5,369,55,1,116,69,0,9,97,2,1,5,12,14,0,15,93,0,214,0,19,22,27,74,7,12,1,0,101,73,2,1,68,73,24,5,13,33,6,6,67,65,0,0,16,26,10,2,2,2,5,29,15,16,11,17,4,35,54,4,489,362,74,0,2,15,2,1,76,229,11,6,1,488,124,34,251,4,37,3,542,29,12,0,149,2,148,16,0,3,821,64,159,4,79,4,20,8,33,4,0,27,0,19,0,110,1
cell133,96,72,37,6,362,31,58,73,54,2,1,59,3,0,7,8,10,0,24,157,0,236,0,19,35,19,53,28,5,15,1,103,44,2,4,128,36,148,2,0,29,12,2,41,58,1,0,90,26,0,2,17,1,4,34,26,23,14,10,0,56,68,2,375,408,89,0,3,16,6,5,61,95,0,3,0,337,71,4,91,67,17,7,5,21,48,0,148,30,81,19,0,7,791,7,163,6,90,4,21,21,27,2,8,65,0,92,0,88,6
cell134,132,69,28,20,238,5,27,29,183,3,56,52,16,0,44,49,90,4,36,4453,75,86,0,29,132,103,535,12,17,4,185,1174,1570,98,13,7,28,80,1,8,83,27,90,158,17,0,0,84,112,1,7,20,2,10,42,77,37,21,74,0,164,339,42,70,220,282,5,0,39,6,24,182,10,3,9,0,47,73,378,2,13,57,7,32,31,14,51,14,1,0,18,70,32,242,4,14,49,243,22,62,38,12,8,5,3,0,1312,0,5,48
cell135,79,14,35,8,194,49,2,78,33,0,8,138,10,2,15,18,27,0,49,25,0,321,0,16,2,12,19,25,3,10,0,21,9,4,6,60,29,53,1,2,28,4,18,58,70,0,0,161,29,0,0,8,2,19,6,5,2,11,3,0,8,47,13,226,190,72,4,0,25,7,6,67,131,16,0,0,307,74,46,85,129,107,6,165,9,25,0,121,0,129,30,0,38,2189,0,17,16,79,6,17,11,108,6,11,64,5,12,0,276,17
cell136,76,21,51,12,226,62,1,103,79,0,20,137,13,7,12,14,15,7,26,29,0,463,0,15,6,19,10,9,14,11,1,17,2,5,9,131,17,137,10,0,33,2,20,54,58,0,0,107,10,6,0,4,3,3,23,6,12,18,7,1,4,54,4,112,172,80,3,0,17,8,0,73,131,5,0,2,268,102,5,69,141,113,1,149,14,38,0,113,0,130,9,23,276,2909,15,173,32,82,3,24,9,115,7,4,100,0,7,0,273,16
cell137,68,18,58,7,142,40,18,49,49,1,14,123,17,1,1,18,13,0,33,18,0,230,14,12,4,9,17,16,1,4,0,10,6,0,1,66,24,145,3,4,47,5,20,31,31,4,0,61,24,2,0,2,5,18,24,15,11,21,4,0,3,64,11,208,211,85,6,0,14,7,12,84,83,5,2,0,322,89,59,49,70,67,5,17,27,28,0,83,1,173,13,23,146,2372,53,176,46,81,2,5,11,84,4,4,55,53,8,0,331,6
cell138,55,56,38,4,209,3,32,45,169,3,54,59,10,0,40,58,65,2,61,4335,0,100,0,31,121,74,416,20,29,3,73,1025,1074,50,32,14,48,993,4,0,105,25,65,130,20,3,4,62,83,28,0,4,14,10,73,27,16,19,35,7,172,108,21,162,223,245,3,0,32,0,135,190,14,2,0,0,81,82,285,9,12,61,6,55,98,19,25,18,1,1,12,65,8,210,1,26,21,282,19,48,39,12,44,3,7,6,1399,0,14,186
cell139,73,60,42,19,243,38,5,84,58,1,22,102,8,1,34,27,17,7,24,19,0,339,0,13,3,11,6,12,5,10,1,19,6,0,28,107,11,44,0,0,61,4,10,71,56,1,0,58,26,5,1,4,8,31,45,4,13,21,4,0,6,80,6,20,150,108,0,0,17,8,6,82,122,3,0,0,269,123,30,29,113,213,7,141,41,10,0,114,3,301,10,26,136,2707,13,238,34,96,0,5,11,100,5,7,96,0,7,0,298,37
cell140,52,25,37,11,207,41,20,101,64,2,32,128,10,0,62,13,19,1,34,25,0,445,0,21,1,13,11,24,1,2,0,18,1,0,8,112,13,98,1,4,62,11,15,49,35,0,0,59,22,2,4,10,0,13,66,28,10,12,4,0,6,82,7,146,220,103,5,0,19,6,4,110,123,4,0,0,322,105,13,241,113,78,6,9,24,70,0,104,0,294,7,27,217,2591,8,250,29,105,1,7,11,129,6,14,105,4,10,0,301,37
cell141,50,31,30,8,116,12,26,70,46,0,15,73,7,0,42,14,17,0,33,16,0,278,0,18,1,4,6,14,9,10,0,11,14,5,10,64,12,114,1,1,64,3,16,61,32,0,0,47,22,20,1,9,4,17,39,16,2,5,4,1,5,90,3,90,171,62,0,0,18,0,1,80,75,1,0,0,202,103,38,190,163,121,8,147,16,26,0,90,0,50,14,23,108,1553,37,289,34,73,1,34,4,115,6,10,95,0,10,0,414,60
cell142,98,44,76,16,276,63,4,98,69,1,9,150,13,0,25,17,32,0,44,16,0,248,1,23,0,12,13,21,13,11,0,17,5,1,4,113,25,122,1,0,53,0,19,53,53,3,0,60,31,1,0,6,1,26,14,9,20,15,10,5,12,106,25,266,220,105,0,0,24,1,6,93,121,4,0,0,300,100,54,82,60,197,8,340,13,125,0,91,0,123,39,27,423,3122,1,218,15,98,5,4,5,97,4,5,79,7,4,0,367,29
cell143,49,25,78,9,252,13,7,68,41,1,5,98,1,0,11,16,7,8,17,92,0,226,0,12,31,42,63,14,8,6,0,95,28,40,0,81,19,74,10,2,35,6,5,42,39,0,2,56,6,10,2,1,5,12,15,12,41,6,0,3,12,52,21,234,391,61,5,9,13,3,6,64,78,1,19,0,313,124,21,90,66,26,1,214,17,49,0,104,0,159,17,0,57,796,27,178,4,70,0,4,22,29,1,3,51,0,82,2,308,21
cell144,93,64,43,19,297,26,5,78,86,3,3,94,11,0,31,14,9,11,30,96,1,235,0,8,19,32,44,17,5,5,1,87,2,10,4,72,24,56,9,22,30,4,7,33,35,3,0,86,13,14,0,1,4,15,37,26,133,11,5,1,23,51,6,363,317,70,0,0,22,4,0,74,74,5,5,0,353,94,10,154,244,75,6,320,29,40,0,117,0,74,25,0,26,774,5,165,8,80,3,50,28,35,5,4,78,1,50,0,177,18
cell145,137,53,18,31,244,7,35,52,164,13,35,76,35,0,84,45,91,12,51,2283,2,91,0,34,58,69,316,14,7,2,0,822,737,75,10,7,53,8,2,2,120,24,60,232,23,4,0,93,98,1,2,7,4,9,31,54,0,13,63,1,111,260,40,58,176,210,0,1,34,2,48,203,10,3,276,0,89,85,316,7,13,56,6,58,63,19,8,13,0,0,4,63,13,309,5,18,6,270,28,12,20,12,10,4,11,0,2330,1,9,43
cell146,111,41,48,17,277,11,13,87,65,3,6,99,3,0,3,20,11,0,27,107,1,225,0,13,19,19,59,11,2,6,3,89,66,3,24,101,11,14,0,1,19,6,22,36,46,1,0,20,22,6,1,1,5,28,31,11,22,19,4,2,14,76,1,417,344,70,0,9,12,1,2,81,130,8,4,0,441,111,24,109,164,84,2,224,18,68,0,93,34,64,11,0,37,270,17,96,6,74,34,23,17,35,1,14,31,0,136,5,184,10
cell147,78,55,18,30,195,152,9,73,77,2,8,113,15,2,22,14,14,0,43,12,2,522,0,16,3,9,6,15,15,8,0,18,3,5,2,47,17,154,0,8,59,8,11,69,26,2,0,60,23,1,0,12,0,13,19,9,76,14,7,4,7,55,13,198,287,120,0,1,14,3,0,86,38,2,1,0,309,89,12,447,217,124,4,193,57,22,0,72,1,190,23,0,207,2862,2,442,25,115,8,3,8,95,14,16,90,40,8,0,253,131
cell148,97,65,49,16,370,12,58,103,83,3,6,78,7,0,33,9,11,0,53,142,0,215,18,17,40,16,53,22,1,13,0,72,96,11,10,90,24,11,1,1,20,3,12,47,50,0,11,80,26,4,1,0,1,62,23,14,16,17,0,3,17,46,5,530,363,26,5,8,22,4,0,59,178,3,0,0,580,95,22,659,138,21,1,51,28,90,0,133,13,38,17,0,224,534,3,319,2,52,7,22,10,17,10,1,60,2,94,0,159,76
cell149,151,64,49,6,273,4,11,34,202,3,51,76,10,0,16,44,155,1,47,4495,1,171,0,31,111,100,229,11,28,4,1,885,188,70,25,8,5,816,2,0,115,10,80,126,15,2,0,77,115,31,11,14,3,10,67,69,2,15,31,4,21,327,37,122,194,291,0,0,32,4,141,226,8,1,113,0,66,87,266,5,12,157,5,67,74,10,26,17,7,0,31,62,20,567,1,13,55,275,32,63,50,5,8,7,14,0,924,0,13,17
cell150,64,45,45,8,323,11,18,112,43,0,21,93,6,0,10,12,10,1,26,135,0,155,0,15,21,26,59,15,1,12,0,85,73,13,9,108,30,16,7,1,23,6,21,71,50,1,0,63,18,2,0,3,1,30,29,14,105,15,0,0,19,72,17,276,368,66,9,2,12,3,3,74,96,5,2,1,413,121,10,201,59,13,9,192,28,20,4,123,0,122,11,0,113,974,0,252,2,72,6,5,18,21,1,1,57,30,95,0,201,8
cell151,145,80,17,9,280,0,20,29,174,9,6,68,18,0,43,16,43,29,35,3244,4,102,0,37,45,104,210,9,13,10,0,859,65,44,18,14,31,361,0,3,97,17,66,195,18,0,0,64,117,12,3,8,8,14,98,58,9,14,50,4,40,271,47,46,179,308,0,0,27,7,43,208,7,1,7,0,73,68,48,4,5,63,9,12,87,26,31,14,8,0,32,55,14,451,12,27,41,291,17,24,38,7,4,6,9,0,1217,0,10,60
cell152,49,29,46,17,255,18,8,76,76,3,29,78,8,0,29,13,7,0,28,18,0,397,0,17,3,4,15,24,1,12,0,12,0,3,4,101,35,79,0,2,47,5,16,67,54,2,1,219,13,3,0,1,5,19,34,11,2,2,1,3,7,100,8,150,257,51,1,0,21,4,1,82,154,4,0,0,322,80,13,80,253,267,0,119,38,16,4,132,0,114,4,23,139,2525,8,379,21,77,7,3,13,97,11,12,93,0,6,0,127,27
cell153,25,30,41,16,250,3,12,85,71,3,10,77,5,3,18,8,14,2,33,179,0,204,0,13,11,17,56,22,11,5,1,109,86,21,2,99,29,99,1,0,24,1,15,63,50,2,0,4,19,11,1,8,1,18,12,6,96,9,3,2,40,66,3,380,391,70,2,4,9,3,0,73,89,6,11,0,350,84,52,73,58,11,2,208,17,52,0,83,23,311,30,0,79,1438,22,200,9,69,10,34,10,24,10,2,67,1,145,3,191,12
cell154,153,58,59,21,297,2,26,48,215,4,65,62,28,0,58,57,29,3,62,1581,0,86,16,35,61,94,302,11,0,3,0,672,257,98,0,17,30,85,0,0,91,16,70,202,15,1,0,24,100,4,1,5,3,8,75,42,30,9,47,1,39,154,33,100,149,258,0,0,36,3,229,227,12,6,36,0,69,75,168,8,2,96,10,12,63,2,50,10,3,0,7,68,14,240,11,27,46,273,14,59,33,11,21,7,10,0,1850,0,13,9
cell155,130,53,53,21,357,4,14,39,208,6,30,57,21,0,7,54,168,3,13,2139,0,187,9,32,34,47,328,10,8,7,0,692,481,52,0,17,20,78,2,3,111,34,60,124,17,2,0,53,113,13,3,13,21,10,55,45,10,13,43,0,49,201,17,95,120,234,0,0,31,4,48,206,14,6,78,0,96,63,307,7,7,105,13,11,32,27,3,8,0,0,30,65,14,437,1,18,37,299,2,45,45,11,26,11,13,9,582,0,10,105
cell156,53,67,41,20,255,55,0,67,62,2,8,106,2,0,12,15,38,0,36,18,0,293,0,21,0,10,17,12,5,4,0,19,2,5,1,73,19,125,10,1,46,1,17,89,46,4,8,104,30,5,2,7,0,13,38,3,4,18,1,2,2,62,8,220,169,56,0,0,14,1,18,80,79,5,2,0,338,148,7,92,232,63,1,199,17,19,2,67,0,340,17,0,278,1319,29,78,26,66,1,41,4,83,4,4,92,18,8,1,110,30
cell157,112,51,53,10,505,66,3,112,59,1,11,86,4,5,2,10,14,1,40,176,3,234,1,13,29,26,63,16,1,7,0,120,17,1,14,108,43,98,14,4,29,4,9,27,55,0,0,151,24,1,0,1,4,28,24,15,101,16,0,6,40,54,4,566,656,72,0,0,17,8,4,85,181,8,0,0,582,105,9,376,222,46,10,154,13,123,0,93,54,245,31,14,18,867,1,280,7,80,1,0,8,25,2,5,48,13,170,1,142,0
cell158,196,66,27,20,387,3,3,53,172,10,51,50,24,3,15,45,57,6,37,2162,0,142,51,29,132,30,259,4,7,4,27,887,146,34,42,4,27,963,0,2,77,32,67,164,18,2,0,38,103,18,3,10,0,35,74,58,23,20,56,9,50,145,51,95,114,297,7,0,21,12,95,215,3,4,0,0,70,156,181,1,3,134,9,34,46,6,24,15,0,0,33,62,2,277,7,17,62,292,17,39,26,10,3,14,13,0,1007,0,12,6
cell159,111,80,73,29,301,3,11,38,194,6,26,35,22,0,310,59,157,8,45,1925,3,142,0,30,31,91,322,15,25,6,0,685,1198,15,58,4,14,76,17,4,112,35,55,137,12,4,0,51,127,15,1,8,5,11,138,48,22,14,38,3,40,304,28,73,98,292,1,0,33,9,203,216,15,2,30,0,70,91,115,1,18,108,8,19,122,20,30,15,1,0,13,36,12,242,0,6,55,278,12,39,59,5,9,4,12,0,916,0,16,69
cell160,65,38,54,18,252,31,34,48,23,1,10,101,4,0,9,3,9,2,26,17,0,428,0,13,4,16,11,10,1,3,3,16,4,7,10,100,24,99,1,0,31,2,9,40,18,3,12,82,19,0,0,3,6,16,25,13,5,5,7,2,4,62,9,139,136,73,0,2,14,1,1,66,35,2,0,1,182,212,37,61,215,124,4,30,8,54,340,58,1,171,22,8,277,1556,2,260,25,73,5,48,9,125,9,13,101,1,6,0,100,30
cell161,104,56,70,29,308,7,21,41,175,2,9,77,11,0,115,46,188,6,28,1972,0,225,0,33,24,54,224,14,44,7,0,450,966,249,18,15,28,995,1,12,112,22,77,181,13,1,0,34,115,10,1,10,1,26,145,32,3,11,28,0,68,414,60,83,99,339,0,0,38,6,180,237,8,2,0,0,75,68,109,2,15,117,9,26,67,33,54,10,0,0,30,63,17,1188,1,31,11,329,32,48,46,16,6,15,16,0,1738,0,9,152
cell162,55,67,75,27,263,16,9,79,44,2,4,81,8,0,7,8,15,1,26,18,0,291,0,16,2,9,13,17,6,7,0,21,2,2,11,13,8,100,0,2,28,7,13,46,21,1,0,87,7,0,0,4,0,27,41,23,1,14,6,1,6,51,9,116,137,70,0,0,23,2,18,65,37,4,0,0,215,191,0,51,179,201,12,78,22,140,0,64,7,115,7,9,115,1676,30,272,35,64,2,12,15,103,4,11,93,16,2,0,86,12
cell163,49,44,70,12,261,53,20,87,61,1,6,133,6,0,2,5,20,1,26,15,0,493,14,15,1,5,20,13,7,3,0,9,16,3,4,77,22,111,1,1,25,7,20,47,24,4,0,89,23,2,4,5,3,11,33,15,3,0,5,2,4,80,10,179,169,94,0,2,16,3,12,73,101,6,1,0,220,164,12,73,44,192,2,303,15,32,0,88,6,132,7,14,129,2750,20,99,11,57,6,0,15,94,5,8,82,7,2,0,91,47
cell164,79,26,29,5,211,19,2,62,95,2,27,105,7,1,11,25,24,1,36,22,0,311,0,12,4,8,7,23,4,5,0,22,4,5,24,64,9,136,0,1,36,2,11,20,23,1,0,101,9,3,0,6,2,20,26,1,3,9,12,1,4,71,28,237,235,40,0,0,13,4,7,58,88,3,0,0,295,167,50,44,666,168,8,110,18,169,0,84,39,292,24,21,369,2248,54,259,22,75,8,6,6,86,3,7,70,9,3,0,95,6
cell165,77,43,36,18,509,6,46,129,87,2,12,89,5,0,17,23,25,2,38,262,0,171,0,15,27,31,46,25,2,9,0,123,65,46,6,97,56,53,9,25,42,20,27,61,62,5,0,66,18,4,3,2,4,12,14,15,41,10,8,0,66,59,21,230,551,49,0,6,17,4,1,86,65,10,16,0,365,140,5,87,181,39,5,52,13,42,50,140,0,120,14,0,72,1082,61,272,34,72,7,42,12,26,7,2,64,3,69,2,227,4
cell166,66,76,36,15,610,26,6,140,102,0,9,125,4,0,16,18,8,0,24,296,3,235,16,16,27,41,65,24,3,14,2,144,25,9,9,171,16,3,8,22,33,6,24,37,78,0,2,144,30,16,3,4,1,34,28,24,10,4,2,2,29,73,8,441,697,73,0,8,21,3,1,77,154,7,0,0,529,93,16,142,341,58,11,258,21,25,0,184,36,132,67,0,164,871,0,296,13,81,4,24,13,12,8,0,59,0,95,1,105,18
cell167,120,29,31,28,519,17,29,103,82,3,21,113,7,0,21,21,9,1,49,303,0,243,0,15,22,23,87,21,1,5,0,142,131,66,2,161,28,0,3,0,37,7,13,47,47,1,206,62,19,0,2,2,1,14,12,21,161,9,2,2,15,79,12,498,769,47,1,9,17,2,0,69,110,6,6,0,379,101,2,124,178,80,9,141,40,57,0,153,4,130,23,0,45,875,13,194,0,71,17,70,9,16,3,3,55,1,131,0,196,51
cell168,140,76,36,15,496,18,9,99,107,0,11,118,11,0,2,10,2,10,36,242,4,213,0,9,16,41,62,38,11,4,0,120,3,3,1,143,34,61,5,14,33,3,10,52,63,1,15,84,18,13,0,1,6,6,22,9,65,6,6,5,34,54,8,73,545,53,0,5,24,0,3,55,128,8,2,0,501,130,7,224,282,51,2,257,13,8,250,194,61,96,12,0,1,1046,1,311,2,66,10,9,13,12,7,0,60,8,100,0,186,32
cell169,51,125,57,28,281,3,61,49,162,1,32,33,40,0,134,56,243,7,40,2169,0,129,0,28,35,125,201,12,21,6,5,731,915,66,21,11,26,963,6,7,95,39,47,264,15,4,15,53,96,34,14,5,2,24,82,70,13,11,34,0,51,386,34,59,118,219,0,0,34,3,38,198,8,6,1,0,88,92,178,3,7,97,9,15,133,7,39,12,11,0,22,69,29,208,1,27,35,325,5,38,41,15,7,13,10,4,843,0,10,3
cell170,129,38,76,15,450,8,5,107,86,1,13,143,6,0,8,17,13,2,31,238,2,256,22,7,23,27,94,17,2,6,0,141,165,20,11,116,52,103,4,1,29,5,21,48,56,1,0,199,16,2,0,5,4,23,20,32,36,8,9,0,17,71,0,329,380,64,0,1,17,0,1,75,108,3,0,1,404,99,4,76,103,127,1,69,16,53,2,181,0,219,26,0,139,897,22,211,6,71,15,46,6,19,8,3,58,1,10,3,96,8
cell171,75,67,75,18,291,11,36,60,175,2,77,65,12,0,164,58,160,23,25,1808,0,122,0,38,39,71,125,9,12,5,0,541,577,19,29,13,25,1294,1,1,117,22,57,262,22,2,0,46,135,4,9,26,15,19,107,35,13,13,57,2,11,498,28,98,135,176,0,0,34,2,316,248,13,2,33,0,74,93,310,4,11,121,8,27,90,8,9,10,0,0,13,47,9,208,1,10,25,355,11,52,26,12,5,17,11,2,343,1,13,16
cell172,140,67,24,47,334,6,46,61,187,16,91,86,5,0,291,40,108,1,44,3027,2,95,1,41,27,64,306,10,18,2,121,758,1060,23,23,1,25,1578,2,1,138,21,69,243,15,0,6,78,139,7,1,9,0,12,115,53,8,10,50,3,50,483,61,137,196,143,0,0,34,0,5,255,7,1,35,0,77,73,283,6,11,63,12,9,99,27,20,6,1,0,11,75,17,337,0,19,68,319,30,24,29,7,19,18,11,2,1004,0,18,26
cell173,77,54,41,13,244,63,5,83,58,0,17,148,9,0,9,8,5,0,18,24,0,363,0,14,3,11,11,11,2,9,0,11,2,2,2,24,17,80,8,3,30,12,21,63,30,0,0,158,12,0,1,6,1,3,26,2,1,14,2,1,5,39,1,284,176,44,4,0,13,5,0,59,158,8,0,0,383,120,11,53,389,246,10,62,27,17,1,75,4,282,8,0,343,2124,23,366,26,74,2,25,12,87,5,8,85,2,1,0,188,129
cell174,120,33,79,14,351,40,56,113,84,0,25,113,1,0,14,14,9,0,24,267,0,312,0,18,35,55,107,14,3,16,0,139,39,13,2,100,26,37,3,19,33,4,30,38,74,1,0,198,11,3,1,15,0,6,22,17,50,11,5,27,20,64,7,614,827,73,0,1,18,6,6,43,83,9,3,0,516,99,19,103,110,66,4,104,20,25,0,183,0,117,18,0,140,1087,3,287,6,54,9,53,5,25,10,5,83,0,66,2,71,55
cell175,71,42,62,22,192,95,12,103,65,5,9,142,3,0,6,12,15,0,32,16,0,339,0,10,2,9,11,6,3,12,0,13,0,1,1,38,24,94,0,0,20,14,19,55,30,0,0,154,6,1,0,1,2,17,12,9,8,6,1,0,8,65,14,283,254,57,0,1,14,2,17,63,47,2,1,0,373,109,19,72,92,132,3,60,6,30,0,86,2,186,11,0,365,1729,23,354,17,64,5,15,8,80,3,5,83,1,10,0,186,62
cell176,116,52,50,12,513,25,2,86,64,1,4,172,6,7,20,18,17,0,35,365,0,329,16,8,27,28,99,29,6,10,0,170,221,33,11,135,22,53,4,7,35,4,27,48,73,0,4,50,16,0,0,2,0,8,39,30,19,22,1,8,30,39,22,513,471,75,1,2,15,5,2,74,107,1,0,0,592,86,47,294,207,78,7,139,23,9,0,182,5,349,11,0,297,1561,3,287,9,74,23,24,9,20,9,5,73,0,93,2,114,4
cell177,53,43,42,18,232,41,17,102,70,3,2,47,9,0,11,23,11,1,22,26,0,235,0,15,2,16,18,20,5,6,0,34,13,1,21,108,17,107,3,3,22,1,19,52,42,0,0,187,25,2,0,2,7,26,15,9,0,15,7,4,5,64,20,331,174,89,0,0,17,5,1,93,102,0,0,0,415,85,39,121,199,158,5,227,15,60,0,67,2,123,11,0,561,1095,0,132,32,68,0,22,9,85,1,6,66,3,18,0,279,82
cell178,147,55,64,23,330,7,9,39,158,16,52,78,22,0,120,61,116,0,36,3347,61,102,7,31,165,99,332,18,10,6,29,979,1043,97,11,7,24,97,2,1,101,26,73,234,13,0,0,35,114,30,4,2,9,2,177,74,1,12,54,1,72,237,58,91,177,337,7,0,30,1,251,243,7,2,0,0,90,70,230,7,12,103,14,25,108,11,71,11,17,0,35,45,26,351,1,11,44,286,29,10,37,10,6,9,12,0,797,1,15,196
cell179,120,37,28,13,544,37,3,129,90,4,21,132,9,0,17,17,22,3,49,387,0,268,2,20,16,43,91,23,3,11,23,181,217,26,6,307,7,18,0,2,31,2,13,63,70,1,42,162,16,0,1,5,1,9,35,25,45,25,1,10,56,48,19,699,802,61,0,6,21,0,26,73,151,4,0,0,615,73,51,406,186,61,5,735,18,113,0,243,0,153,36,0,330,304,6,109,3,68,15,28,21,13,14,9,78,2,134,0,133,27
cell180,218,134,46,19,540,0,54,70,222,6,71,41,18,1,194,39,120,1,46,4070,26,113,0,27,45,103,331,17,32,5,0,845,811,6,19,9,50,933,2,13,110,24,61,150,20,1,0,45,92,12,0,8,14,46,41,36,2,22,33,3,190,282,46,60,168,256,0,0,34,15,100,195,19,1,8,0,84,179,14,5,15,66,4,27,54,40,57,14,17,0,17,38,7,370,1,27,52,267,19,36,31,10,9,11,6,0,390,0,12,92
cell181,59,27,56,2,176,55,25,69,36,0,17,50,14,0,12,18,10,1,40,41,0,389,0,11,4,11,15,9,3,2,0,16,1,3,7,41,17,108,0,1,42,0,16,45,20,0,3,107,5,0,2,1,0,9,26,13,8,6,4,0,4,96,7,91,169,73,0,0,13,1,22,70,11,5,0,0,99,125,30,41,10,203,3,38,9,58,0,54,18,38,35,0,116,1328,0,121,28,82,8,55,13,101,8,10,61,3,8,0,145,14
cell182,82,61,29,21,605,35,14,114,110,2,6,154,9,0,9,15,15,7,62,457,17,263,3,19,57,70,121,34,2,4,28,223,275,22,6,189,23,124,0,0,34,5,26,47,87,1,0,87,19,4,1,5,1,5,19,33,15,7,3,4,24,79,10,666,873,93,2,1,15,2,4,74,231,20,36,0,665,119,12,319,74,62,4,192,14,18,0,284,0,64,31,0,0,1154,0,313,2,77,20,2,15,16,7,14,65,8,62,0,103,34
cell183,102,55,50,25,257,22,2,100,62,7,14,80,7,1,3,7,23,3,55,44,0,296,0,14,6,12,21,16,5,5,0,26,1,5,23,46,22,181,5,1,30,6,17,45,35,0,0,97,19,2,0,4,1,11,42,15,45,6,9,0,6,78,16,279,190,98,0,0,15,3,5,79,125,4,0,0,304,125,64,199,384,154,1,319,24,26,0,77,47,457,25,0,77,2366,34,345,6,71,17,7,9,64,3,11,67,43,27,0,161,24
cell184,171,73,54,44,493,9,15,52,255,3,20,70,28,0,54,54,79,1,46,4782,2,92,0,19,202,136,431,18,3,3,0,1148,168,18,49,14,40,502,2,6,87,42,69,112,12,6,131,108,120,7,3,7,4,2,42,20,42,16,23,2,99,303,15,24,263,290,0,0,27,3,68,185,14,0,23,0,105,66,117,10,17,77,4,91,12,16,36,19,16,2,29,63,0,248,1,24,11,251,13,41,12,10,12,9,10,0,686,0,12,61
cell185,67,18,76,15,250,29,16,105,48,3,19,122,9,0,8,15,27,1,38,46,0,303,0,26,5,3,11,8,1,8,0,28,33,19,9,82,17,148,0,5,33,6,28,48,48,2,1,192,22,2,0,5,1,27,18,22,57,4,13,0,11,47,4,226,269,91,0,0,18,4,27,81,73,1,0,0,265,106,1,80,609,207,2,112,16,32,0,99,5,73,17,0,115,1642,3,11,19,90,2,19,16,69,11,4,61,0,26,0,147,71
cell186,152,44,46,6,782,30,32,140,120,0,16,150,6,0,19,9,17,0,44,359,0,193,0,13,29,68,88,15,13,12,1,146,50,42,15,215,30,54,1,3,27,3,31,48,87,0,107,132,22,0,3,1,3,19,14,13,47,25,6,1,37,45,14,563,746,60,0,5,14,2,0,70,115,10,8,0,502,112,11,190,84,76,12,58,8,169,0,273,20,61,32,0,26,767,5,275,12,69,13,37,12,9,1,1,36,16,38,0,151,2
cell187,194,82,85,33,424,7,0,72,182,8,8,63,5,0,25,48,82,5,37,5129,4,67,0,20,43,73,451,11,7,10,35,1229,1067,138,7,18,29,260,8,13,87,10,79,96,17,4,1,117,104,28,2,3,5,12,54,31,2,17,25,0,242,267,14,185,245,200,0,0,18,2,16,160,21,6,0,1,107,119,1,3,10,33,9,78,26,21,47,19,0,0,15,60,13,36,2,11,47,208,12,8,24,13,11,2,10,5,691,0,15,30
cell188,187,62,79,33,424,3,54,69,232,3,38,38,16,0,60,63,45,3,55,5971,12,66,19,33,106,88,410,0,38,1,76,1363,899,161,3,10,22,733,2,7,78,17,75,38,19,1,10,51,88,26,4,5,12,32,81,79,8,16,31,1,83,225,27,168,212,262,0,0,30,5,268,177,9,3,0,0,90,140,74,5,22,78,10,57,74,20,48,23,33,0,29,34,26,252,0,36,34,232,1,18,38,8,14,8,7,0,549,4,21,161
cell189,136,72,33,28,558,14,20,109,94,0,4,73,3,2,8,15,8,0,53,397,0,210,0,10,29,28,85,19,3,22,0,175,185,1,14,170,43,112,5,16,40,2,28,30,67,1,9,114,41,1,0,8,2,11,35,11,60,14,5,4,37,33,26,33,531,65,0,12,16,1,14,67,138,6,1,0,696,98,5,237,129,29,5,527,33,42,0,196,0,254,53,0,8,546,1,132,2,63,6,8,11,12,11,14,37,3,46,0,214,22
cell190,183,91,60,37,472,5,26,71,216,1,42,21,14,0,38,48,26,1,39,5023,10,104,0,17,84,55,434,10,25,9,0,1120,182,22,29,5,28,124,1,3,81,41,87,196,17,8,3,85,89,7,0,5,10,24,82,41,4,14,31,3,77,274,52,183,299,229,0,0,29,1,14,176,11,0,0,0,103,88,111,4,22,76,10,91,39,51,82,9,0,0,17,51,29,155,2,58,38,241,10,10,31,17,1,3,19,3,1717,0,18,54
cell191,70,41,67,27,313,40,10,82,58,0,19,152,11,0,3,15,10,11,28,56,0,308,19,15,6,8,16,9,23,9,3,24,4,4,4,54,17,144,6,9,32,5,16,65,19,1,47,133,23,5,0,7,2,12,30,5,49,9,2,1,13,57,12,339,230,56,2,0,17,6,6,71,86,1,2,0,436,116,1,135,310,209,4,332,7,80,0,90,2,124,19,0,269,3018,42,315,16,96,6,19,7,56,2,9,52,8,61,0,264,34
cell192,152,93,42,20,383,13,27,49,176,9,36,69,18,1,74,59,64,4,36,2704,0,87,0,31,31,122,425,14,9,3,18,907,158,74,14,15,19,5,3,15,105,11,84,80,19,2,0,106,119,18,2,26,1,18,32,55,14,13,25,1,65,149,49,123,281,174,1,0,19,4,190,164,15,0,0,0,80,157,60,4,15,52,10,53,69,50,55,16,1,0,31,43,17,125,15,47,19,231,11,30,30,11,9,5,11,2,399,0,8,23
cell193,159,75,33,48,478,6,3,47,219,9,25,96,15,0,35,21,47,6,30,3029,0,117,44,25,114,76,326,13,2,0,5,885,53,136,7,3,22,473,0,3,101,11,72,154,21,1,55,89,88,9,2,17,8,30,75,24,16,12,21,0,5,214,8,190,208,202,0,0,31,8,110,175,23,3,0,0,143,78,168,4,42,74,10,72,46,34,21,7,0,0,26,54,44,188,0,37,33,219,15,47,38,8,4,0,11,0,588,0,15,111
cell194,50,40,49,5,135,33,33,61,42,1,8,63,7,0,9,26,18,3,22,40,0,355,0,16,0,5,9,9,3,9,0,18,20,0,0,61,15,136,0,12,40,8,21,54,16,3,9,122,28,11,2,5,2,11,34,6,12,8,4,1,4,52,12,23,206,64,0,0,18,0,7,83,83,1,2,0,308,94,5,44,382,230,1,316,25,50,0,58,5,158,39,0,92,5242,21,214,19,80,14,122,7,85,7,7,87,1,46,0,174,33
cell195,33,15,39,8,140,17,11,70,41,4,25,157,2,0,25,9,13,0,38,29,0,527,0,12,0,17,3,12,4,5,0,18,0,2,8,25,31,135,0,5,57,10,19,58,27,0,0,153,35,8,0,5,5,5,31,13,25,10,6,2,5,72,18,285,291,58,14,0,16,6,1,77,43,5,0,0,385,82,41,82,151,245,1,367,47,84,0,68,7,340,33,0,369,2627,25,390,24,73,0,27,12,94,13,1,64,4,12,0,213,58
cell196,76,13,27,8,160,19,8,52,37,2,17,128,4,0,2,31,22,2,29,27,0,425,0,18,4,8,10,7,13,2,0,24,4,0,16,92,16,162,0,0,44,0,16,64,15,1,0,164,44,5,2,8,2,19,17,10,8,11,7,1,7,40,19,149,261,89,0,0,20,5,1,78,118,6,0,1,340,95,15,25,395,92,6,286,15,4,0,65,9,217,31,0,270,2545,8,404,6,111,6,19,8,76,5,13,54,1,29,0,116,20
cell197,182,82,83,19,473,12,33,81,150,7,63,55,12,0,34,17,60,0,38,2833,0,98,13,17,96,83,298,9,3,2,0,785,334,111,16,2,31,3,0,13,78,25,88,90,16,0,0,69,75,1,8,7,12,34,55,32,1,11,31,0,82,213,29,77,170,188,0,0,25,1,33,144,19,4,84,0,81,244,63,1,12,76,3,53,20,37,16,8,0,0,4,34,4,77,0,51,43,184,11,46,74,12,18,6,15,2,348,0,12,85
cell198,114,78,105,49,394,4,28,50,177,3,22,82,29,1,65,48,100,6,18,2157,11,98,0,22,19,64,250,9,12,5,0,713,212,14,12,5,5,8,1,5,100,20,56,99,9,3,0,70,85,14,4,17,8,33,76,67,9,10,46,6,141,195,53,101,135,182,0,0,21,2,8,162,16,2,0,0,75,96,29,6,9,57,8,77,58,31,10,11,0,0,12,46,25,86,0,35,39,189,6,29,38,8,4,8,7,0,2318,0,14,48
cell199,153,80,61,15,909,135,9,166,147,1,22,127,7,2,16,20,11,0,35,689,3,170,0,15,28,66,135,19,5,28,15,300,360,12,6,83,47,127,7,4,43,13,52,79,90,3,105,130,8,9,1,3,4,33,29,10,140,26,5,3,47,73,7,849,916,58,0,7,22,1,11,93,265,6,1,0,531,141,70,751,47,25,2,931,21,66,3,270,36,117,46,9,412,887,77,80,0,92,24,10,3,24,7,6,77,7,92,0,140,20
cell200,77,29,16,11,181,19,4,51,64,0,1,136,5,2,23,15,17,2,20,30,0,344,0,12,2,7,15,5,5,4,0,22,9,5,5,19,12,114,1,0,52,4,17,59,26,1,0,186,32,0,0,8,1,7,38,18,21,11,4,10,3,67,11,274,277,69,7,0,19,11,7,92,79,1,0,0,402,107,5,44,9,109,2,84,37,61,9,68,0,16,25,0,244,2136,47,409,8,111,1,42,21,72,5,6,64,65,50,0,416,31
cell201,135,97,56,46,697,4,9,60,213,0,53,81,10,0,55,34,20,2,59,2448,0,36,0,22,48,103,225,9,18,6,21,804,105,64,18,9,37,201,0,0,103,26,63,58,10,2,0,72,102,10,1,4,3,8,75,17,33,19,32,0,44,257,40,113,139,207,5,0,14,1,110,168,7,2,7,0,107,317,144,4,7,45,8,61,49,3,64,13,35,0,13,49,18,276,1,31,10,216,16,50,51,18,7,3,13,2,717,0,5,110
cell202,152,84,49,11,779,96,16,182,117,3,13,107,11,2,23,7,32,0,68,588,0,186,0,19,63,36,173,30,17,6,47,215,180,35,2,140,41,5,4,18,32,7,29,63,68,1,0,18,24,5,2,0,2,22,48,25,31,23,2,4,43,54,16,790,873,50,0,9,17,3,5,71,241,16,10,22,899,163,7,349,209,3,8,553,31,71,49,305,4,133,14,1,308,902,28,330,1,67,29,37,9,24,4,8,52,0,135,2,290,57
cell203,62,22,40,22,242,4,9,83,56,4,10,85,3,3,34,4,7,1,14,61,0,433,6,14,2,9,16,8,4,7,0,25,4,1,5,33,19,133,0,0,33,11,14,72,15,1,0,74,23,0,0,7,5,21,39,20,10,7,4,0,8,88,20,156,255,65,2,0,22,1,0,82,62,0,0,0,321,139,8,33,219,270,4,45,13,38,0,63,0,112,7,0,207,2975,60,312,20,82,2,54,7,62,4,6,76,0,22,0,183,22
cell204,63,32,25,21,174,6,19,54,20,2,3,112,10,0,51,26,16,0,36,46,0,449,15,17,3,1,23,22,1,6,2,29,7,0,7,66,17,36,1,18,48,5,10,75,26,2,1,169,50,1,0,9,1,7,28,5,19,3,6,1,4,27,8,271,245,101,0,0,23,3,11,87,36,2,1,0,368,144,10,40,151,244,4,86,33,3,5,58,0,127,10,0,115,2612,66,385,20,80,3,10,6,68,4,11,71,1,9,1,125,21
cell205,243,58,81,22,1161,59,62,200,133,4,39,114,2,0,23,5,10,1,41,893,5,180,0,9,112,68,135,11,14,13,38,342,48,14,0,219,43,84,4,15,41,2,49,35,74,1,0,134,25,2,6,2,8,29,40,20,90,70,1,7,27,76,15,1047,1646,87,0,10,25,1,4,65,347,17,12,0,991,161,12,1517,173,27,9,589,14,320,0,260,0,66,19,0,0,668,0,193,5,80,19,5,10,25,4,9,81,3,70,0,235,21
cell206,111,73,79,22,803,44,10,129,122,1,12,135,9,0,1,21,18,0,55,971,0,193,0,14,49,51,176,30,0,4,41,356,285,36,10,317,25,0,0,13,30,6,30,29,70,1,275,301,18,8,4,1,2,9,39,20,39,29,2,2,61,63,18,179,820,94,0,5,18,2,0,71,156,8,128,0,838,153,5,247,326,13,6,204,18,77,12,190,5,96,52,0,0,804,16,176,30,73,3,14,15,30,9,10,73,0,75,1,267,41
cell207,181,77,67,47,512,4,13,90,231,4,28,77,5,2,118,37,70,11,51,2176,2,55,0,20,38,97,239,7,8,6,0,625,206,55,9,7,20,775,5,5,94,38,39,78,14,3,0,36,92,6,0,12,10,11,82,44,24,20,31,0,121,325,31,118,131,297,0,0,22,7,97,168,13,6,9,0,76,197,27,2,6,66,9,49,27,31,67,8,10,0,11,58,12,67,1,43,38,207,33,47,43,16,11,5,13,1,1124,0,13,169
cell208,101,59,78,21,766,85,54,114,111,0,17,108,6,0,20,25,8,0,50,704,0,214,0,9,52,68,169,22,5,10,0,317,323,32,0,342,17,67,6,0,40,2,65,42,84,3,0,164,15,3,2,4,1,22,53,1,55,19,9,4,12,27,13,662,1282,55,0,3,19,3,3,68,203,11,1,0,826,195,27,336,105,32,8,508,14,165,0,283,0,278,38,0,6,938,1,78,4,77,11,19,9,25,7,5,69,0,123,1,380,27
cell209,144,89,120,61,524,8,29,56,194,2,36,66,26,0,116,50,78,2,21,1765,7,85,0,14,27,98,137,17,26,3,13,488,439,8,13,20,26,34,8,0,67,19,35,157,17,0,0,33,77,22,4,7,6,20,102,38,42,13,25,6,24,210,21,126,166,186,0,0,39,1,106,146,9,1,0,0,73,331,55,2,12,58,12,31,76,11,31,14,0,0,14,60,20,134,0,44,62,194,1,62,7,12,3,5,10,10,862,0,14,140
cell210,163,35,53,11,779,23,13,116,155,3,18,126,5,1,3,9,21,0,50,1211,0,147,0,11,86,66,184,24,6,12,1,391,121,20,13,248,42,63,6,24,28,5,65,63,85,2,564,246,25,0,1,3,1,19,17,18,68,36,7,9,56,51,14,854,1308,80,0,9,18,4,1,82,189,11,0,0,751,141,0,103,317,35,15,98,16,54,235,256,35,195,8,0,197,943,31,212,12,65,3,19,12,21,3,7,94,0,175,0,368,45
cell211,162,41,8,17,747,30,5,107,100,3,13,31,10,0,9,10,6,0,66,1086,3,155,44,9,102,101,180,17,4,5,75,418,323,52,11,302,10,70,6,2,39,7,56,32,70,1,0,105,25,5,1,3,4,29,44,10,312,31,6,4,25,55,10,1078,1378,74,11,3,24,1,1,68,208,9,0,0,1069,100,15,293,614,24,5,678,4,75,0,249,0,177,16,0,243,650,57,389,29,86,13,18,18,25,7,7,38,0,72,6,445,47
cell212,120,53,77,41,336,7,27,16,152,2,21,55,15,0,115,42,80,3,35,1814,0,50,29,18,47,38,238,16,4,2,9,717,0,65,16,6,28,499,2,10,82,19,62,166,15,1,302,70,96,11,3,13,6,16,74,37,22,20,38,2,88,344,23,99,195,227,2,0,24,4,120,163,14,2,0,0,91,167,118,4,31,21,12,54,94,9,40,10,0,0,9,46,44,128,18,2,34,224,11,50,37,11,18,8,26,0,3497,0,15,20
cell213,163,89,46,53,410,9,11,69,145,5,43,46,15,1,19,24,93,1,52,1115,21,78,25,38,50,105,187,9,20,0,16,456,233,53,15,6,19,550,0,2,98,26,31,145,12,4,1093,81,110,10,2,4,3,37,74,54,41,17,58,4,77,224,47,152,130,277,0,1,25,2,87,200,11,3,0,0,81,160,50,6,18,64,5,83,30,7,36,10,8,0,7,48,44,79,6,56,54,222,8,34,53,12,12,4,13,0,2514,0,15,2
cell214,127,56,73,11,550,14,12,98,88,0,8,117,3,0,30,23,16,4,46,483,16,206,3,7,33,45,128,15,4,11,9,218,73,13,5,174,18,43,0,13,35,15,39,32,81,1,0,173,24,2,2,1,0,21,12,5,213,27,2,8,6,71,4,257,880,61,0,1,19,2,0,76,173,10,3,0,601,162,29,201,254,162,6,98,18,15,0,195,0,322,27,0,365,940,7,370,28,83,23,20,23,29,2,12,91,0,93,0,277,62
cell215,58,24,60,22,272,11,27,64,23,4,43,85,8,0,5,16,10,1,38,60,1,262,0,19,4,8,22,20,13,7,0,40,41,2,7,96,18,174,0,1,65,6,13,52,32,2,0,85,21,11,0,7,5,25,47,21,19,17,7,3,3,96,5,316,306,110,6,0,20,2,0,97,103,2,1,1,342,135,36,71,183,141,7,69,32,58,0,95,1,218,20,0,84,2393,3,283,1,104,2,84,12,74,7,8,65,0,7,0,346,57
cell216,72,69,83,17,670,47,52,123,79,0,13,97,5,3,10,17,10,5,37,317,0,182,0,14,47,39,78,30,10,14,1,200,145,16,19,83,19,111,7,0,35,2,20,48,88,2,0,9,26,2,2,3,4,5,19,21,27,28,6,0,42,55,13,801,622,53,0,3,18,1,0,73,177,9,0,0,745,263,35,297,5,22,4,353,24,84,0,256,0,193,50,5,72,772,11,379,3,54,4,72,5,17,5,12,86,1,47,0,271,0
cell217,110,56,69,11,409,32,12,101,96,0,0,151,4,0,15,16,6,0,40,68,0,290,0,8,6,7,25,11,8,4,0,51,8,3,18,78,31,180,0,2,57,3,18,61,51,0,22,56,31,3,2,6,5,27,41,7,19,6,5,1,24,55,7,403,373,101,0,0,18,8,1,89,112,1,3,0,574,165,39,96,315,75,2,313,26,130,0,128,3,281,35,0,205,1558,2,324,4,90,6,30,11,58,3,6,68,0,11,0,806,86
cell218,162,88,73,45,425,1,45,68,235,8,48,47,18,0,96,52,38,5,35,1930,0,29,0,28,24,56,196,9,3,4,64,768,393,97,11,7,19,711,0,22,99,10,73,281,18,0,0,98,138,24,2,6,2,8,67,55,8,11,48,0,57,270,10,53,104,245,1,0,32,4,14,199,17,3,0,0,69,207,184,6,12,66,7,12,102,43,46,8,0,0,13,76,11,141,10,50,24,278,16,40,56,20,3,13,9,0,1564,0,14,71
cell219,96,41,96,13,655,18,25,113,82,0,5,76,3,0,7,9,5,1,59,411,0,176,0,10,38,68,139,15,2,18,68,263,70,13,5,190,29,128,6,5,30,6,18,54,72,0,0,186,15,5,0,7,6,37,35,6,124,19,2,5,16,63,10,905,946,37,3,3,14,7,1,55,122,9,8,3,713,202,54,106,284,16,7,325,18,21,0,214,0,108,37,0,111,687,2,393,7,66,14,0,6,17,5,9,84,7,22,0,338,16
cell220,147,68,80,17,558,24,23,129,103,2,9,104,8,7,18,10,10,0,47,683,0,148,9,16,54,44,127,21,8,13,0,248,10,24,4,210,43,84,4,21,21,3,23,14,76,0,0,39,19,2,2,6,1,9,21,8,1,11,2,0,20,65,13,785,1181,62,1,0,17,2,6,50,144,20,0,0,768,179,15,253,307,26,6,330,15,133,0,127,1,568,24,0,284,528,26,250,5,72,23,23,12,24,7,6,93,23,28,8,337,15
cell221,56,19,58,27,199,16,45,70,77,0,24,113,16,0,19,28,45,0,21,51,0,403,0,10,7,13,16,17,6,4,0,29,20,3,14,44,11,2,0,0,58,8,21,56,28,1,0,174,37,1,0,7,1,15,35,8,11,14,1,1,3,104,22,206,288,96,2,0,18,2,0,105,79,5,0,1,96,130,2,23,108,181,2,224,32,12,0,79,1,119,33,0,47,2698,31,43,7,96,7,9,9,62,4,12,76,7,25,0,528,20
cell222,95,55,57,21,315,39,21,71,45,4,6,104,1,1,24,21,36,10,30,59,1,365,0,18,5,14,18,17,8,2,1,37,29,2,6,55,26,164,0,10,66,8,19,31,19,0,0,91,32,2,0,7,2,17,39,8,56,8,2,9,6,104,28,273,329,60,2,1,17,4,9,97,86,2,0,0,449,126,7,100,54,162,1,123,30,74,0,48,0,250,10,0,62,2506,14,408,30,138,22,14,5,49,6,0,57,0,28,0,589,42
cell223,156,49,65,38,429,7,19,66,170,0,51,35,21,0,62,59,114,5,47,1588,0,77,0,21,41,77,164,12,33,1,0,457,160,59,53,1,13,747,0,0,115,28,55,139,21,6,0,96,126,58,6,3,15,39,78,55,20,18,35,0,41,430,27,133,180,298,0,0,46,2,0,229,21,0,10,0,86,218,226,3,7,46,9,44,89,5,40,10,12,0,8,82,36,90,4,31,99,308,20,32,43,9,22,7,4,0,2566,0,14,64
cell224,79,51,55,13,221,41,9,69,49,7,23,127,9,9,0,31,16,2,38,73,2,355,0,19,3,28,20,20,14,5,1,46,2,7,5,80,7,128,0,13,70,7,14,65,20,1,0,117,21,0,0,4,3,27,41,21,66,4,6,4,5,106,21,213,456,124,0,0,21,2,3,105,118,5,0,0,473,85,108,31,1169,124,5,470,40,71,0,58,13,450,6,1,379,3324,7,106,7,116,1,79,9,77,5,10,72,0,23,0,473,30
cell225,74,64,36,15,213,31,6,83,59,3,37,80,8,0,8,16,15,3,14,68,0,269,5,22,3,11,17,24,2,4,0,47,5,11,4,52,38,10,1,2,66,5,23,80,29,0,0,176,15,0,0,2,2,21,49,20,15,19,6,2,15,67,14,90,460,72,0,0,17,6,49,90,103,2,1,5,634,88,29,233,891,165,7,273,18,13,0,54,1,748,21,0,458,2386,40,454,17,94,3,28,10,50,7,2,60,3,52,0,755,83
cell226,38,26,76,23,179,5,7,81,64,5,21,126,11,3,17,17,39,12,37,77,0,409,1,22,7,9,21,11,0,4,1,51,34,2,6,84,19,43,3,3,55,3,9,54,28,2,58,135,32,1,1,3,6,21,46,4,10,10,2,0,9,90,16,241,211,85,0,0,17,4,8,99,74,6,0,4,246,98,27,58,250,262,6,22,9,56,0,73,34,91,25,0,322,3234,28,251,16,84,7,45,5,50,3,5,74,0,51,0,745,13
cell227,65,48,40,9,167,22,21,56,68,0,5,117,2,1,21,14,24,2,39,75,0,272,0,20,7,6,31,16,12,8,0,52,7,13,17,49,27,170,0,24,44,4,20,63,29,2,0,173,17,3,2,6,2,11,32,9,119,8,6,0,13,117,16,330,307,64,0,0,10,3,14,106,72,0,0,0,444,115,12,31,126,158,4,67,16,46,13,65,0,177,13,0,95,2864,64,345,1,93,10,16,2,71,5,8,46,2,48,0,398,30
cell228,56,42,23,18,244,46,2,69,66,0,26,119,10,0,13,20,13,0,47,80,0,362,0,16,8,7,32,6,5,8,0,35,75,8,15,66,27,164,0,6,56,9,15,33,30,0,0,193,40,3,0,2,0,4,30,22,47,11,7,2,12,141,37,393,290,72,0,0,17,3,41,103,53,5,4,0,578,90,6,224,538,167,3,17,12,16,0,62,0,348,33,0,126,2417,38,440,4,72,10,4,6,36,11,8,67,0,44,0,538,73
cell229,177,115,24,41,454,8,6,46,180,12,59,58,17,0,305,52,111,10,51,1236,1,73,26,34,42,39,131,20,15,4,17,375,191,35,68,7,32,1526,9,0,128,29,43,196,13,10,0,70,131,9,0,14,10,26,179,84,4,14,54,0,63,670,53,161,192,464,7,0,36,4,83,282,14,1,0,0,128,232,389,2,12,52,5,50,85,65,87,15,17,16,12,78,26,195,16,73,130,404,9,18,71,19,22,1,13,0,529,0,14,32
cell230,217,86,28,12,1980,63,71,290,99,3,5,133,9,7,20,11,14,1,59,391,8,179,0,9,48,48,120,37,1,30,4,243,250,0,7,630,30,5,1,0,25,5,42,49,124,0,0,340,6,0,2,2,0,11,37,1,70,52,3,6,38,60,4,768,908,58,3,3,16,6,6,64,233,32,2,0,777,116,14,290,147,28,5,183,9,29,0,472,0,435,34,0,152,1062,6,239,5,74,18,16,7,19,0,0,77,12,124,0,373,17
cell231,112,78,42,49,312,8,17,38,147,14,25,77,37,1,73,74,247,7,39,931,0,40,0,26,9,49,195,1,1,4,3,329,476,49,17,8,24,5,1,2,122,56,54,261,15,2,1,51,122,17,3,13,2,5,54,86,23,15,66,0,30,623,55,40,78,416,0,0,36,3,0,269,10,0,17,0,97,138,133,2,15,20,6,60,78,19,62,14,0,0,8,68,14,380,8,53,84,362,7,12,48,13,19,12,5,6,886,0,18,160
cell232,184,60,21,15,1007,31,22,125,118,0,2,69,7,0,15,22,13,0,58,719,0,195,0,16,60,48,92,32,1,4,0,252,347,1,1,137,52,51,4,8,31,3,43,31,104,0,25,317,18,6,3,2,3,26,13,12,45,49,3,1,46,52,9,706,1315,26,1,7,15,3,0,52,197,9,6,1,575,97,0,630,208,28,4,869,14,114,0,392,1,86,14,0,307,899,13,378,18,63,24,11,15,25,6,14,44,42,20,6,699,39
cell233,150,214,125,46,438,9,29,65,229,10,92,53,13,0,68,27,235,1,27,932,1,76,8,37,8,44,95,6,30,5,0,344,34,8,18,12,24,222,0,0,134,29,58,196,11,8,0,53,167,5,0,21,6,13,163,87,2,13,42,0,20,690,36,133,210,482,1,0,30,1,76,333,14,3,7,0,109,314,362,10,46,66,14,32,75,27,61,15,0,0,12,69,38,350,1,47,49,453,12,21,53,14,16,6,8,0,1374,0,9,87
cell234,106,26,40,23,250,38,4,97,73,1,14,73,7,0,17,26,18,13,27,87,1,450,16,17,12,21,26,20,2,3,0,56,29,2,10,100,12,124,0,12,40,17,13,47,30,2,9,125,19,0,0,5,8,13,38,22,75,6,3,8,14,97,18,160,344,88,0,0,20,1,41,90,96,4,0,0,400,141,5,44,131,284,3,313,24,31,0,74,46,292,9,0,296,2393,29,340,22,76,7,45,6,57,3,4,76,3,15,0,718,45
cell235,94,101,51,33,307,10,8,57,185,1,69,82,26,0,70,61,144,8,22,590,0,109,0,38,13,47,107,12,14,2,24,281,85,14,46,20,10,887,1,2,134,11,46,410,10,3,0,64,172,34,0,25,13,41,88,74,10,12,69,0,13,787,47,144,141,410,0,0,42,9,93,338,8,0,0,0,111,119,545,7,26,59,6,10,69,43,25,7,3,0,16,77,18,342,0,36,176,426,7,30,41,22,3,25,8,0,1006,0,15,3
cell236,128,35,46,16,536,31,47,106,110,0,8,101,3,0,5,13,5,4,41,420,2,136,0,12,65,44,109,7,5,20,0,230,11,88,8,369,32,86,5,2,27,4,45,44,84,0,15,232,16,0,0,5,1,30,22,8,76,28,2,6,21,55,7,675,632,51,1,4,17,6,1,52,109,14,6,0,660,96,28,224,85,35,10,47,19,13,0,239,10,297,22,0,216,775,29,20,1,69,10,23,19,17,11,8,91,0,44,0,473,5
cell237,152,121,94,43,523,2,12,79,221,2,45,93,18,0,48,39,283,2,26,422,0,63,5,29,36,25,119,15,6,6,7,281,331,4,6,8,44,1871,1,1,120,40,41,459,13,0,0,62,164,53,1,15,9,17,98,73,5,16,76,0,17,721,43,160,211,592,9,0,39,6,48,306,15,4,0,0,102,257,17,8,40,46,14,38,117,37,29,16,0,0,7,75,12,297,1,48,49,479,14,58,26,10,9,12,5,0,1689,0,17,145
cell238,114,68,79,21,469,21,22,95,95,0,12,90,4,0,10,12,16,2,31,437,2,174,0,18,48,22,108,31,7,17,5,216,70,0,5,146,37,113,0,31,24,1,36,50,86,1,70,64,12,1,0,4,5,8,22,10,38,23,9,2,67,48,11,757,878,54,0,1,18,8,4,54,143,13,0,0,702,114,36,119,230,32,6,543,2,66,0,207,5,42,20,1,294,988,26,367,11,72,26,28,15,24,10,5,69,40,74,0,349,20
cell239,71,64,38,24,302,13,9,73,70,1,11,107,5,0,0,11,18,6,30,108,0,226,0,15,14,20,21,11,3,4,0,77,91,46,4,56,15,5,0,1,39,6,19,48,32,0,0,247,8,4,0,3,1,8,11,9,52,5,3,0,26,62,10,211,381,74,0,0,21,3,15,67,130,7,0,0,415,181,12,178,182,205,4,441,7,97,0,85,16,221,81,16,480,1266,2,268,3,80,7,31,6,81,8,0,54,3,22,0,1070,22
cell240,67,28,67,19,215,39,46,76,61,0,13,132,4,0,13,7,3,0,38,91,0,348,0,11,14,9,31,16,11,9,4,67,44,20,5,40,27,94,2,8,25,1,20,32,26,0,0,253,14,7,1,4,0,24,25,1,43,6,2,4,16,36,8,187,294,76,0,0,15,0,0,48,125,2,16,0,321,127,9,175,101,220,1,259,11,47,30,51,0,298,40,0,104,1466,62,280,15,47,8,48,8,83,3,7,76,1,50,0,748,58
cell241,183,72,60,51,565,11,53,28,244,5,22,40,40,0,118,48,304,4,34,924,0,90,0,33,25,45,108,15,37,1,0,297,85,86,86,11,23,125,0,6,140,22,37,366,12,5,0,60,199,47,2,9,5,51,167,69,37,7,76,0,55,741,60,145,143,668,4,0,52,8,356,394,8,2,2,1,115,230,1041,8,20,57,7,47,170,22,70,15,34,3,9,80,19,263,2,73,38,572,7,29,39,11,15,22,9,3,502,0,6,50
cell242,203,110,141,41,726,4,51,60,271,36,64,98,46,0,93,43,205,1,34,1027,0,86,0,50,29,53,98,11,70,6,0,331,66,18,43,6,72,1954,0,5,133,23,53,636,16,1,2,93,180,110,1,16,3,88,143,47,10,11,74,1,59,766,35,150,142,562,2,0,26,17,318,431,7,0,1,0,96,354,46,23,48,73,8,44,140,94,67,15,100,0,8,80,11,232,14,74,117,553,18,29,56,16,13,3,10,0,908,0,6,131
cell243,76,46,46,36,291,39,4,98,63,0,9,76,18,0,13,3,11,2,34,127,1,355,0,12,8,12,47,18,5,4,0,81,77,45,8,81,43,1,0,2,35,12,23,78,19,0,74,141,17,4,0,5,3,11,9,3,171,4,5,1,14,40,19,296,243,68,0,0,15,0,13,61,108,2,0,2,486,141,5,28,199,109,7,154,30,31,0,61,12,184,22,25,95,1392,11,327,9,80,18,7,5,62,7,0,77,8,21,0,1579,23
cell244,121,103,109,62,424,1,7,56,209,8,46,66,36,0,38,37,467,3,19,856,0,107,27,50,18,37,135,10,2,7,24,299,272,29,54,6,26,957,6,0,162,34,41,92,22,1,169,61,221,78,6,38,6,18,232,74,18,15,105,0,45,916,45,169,174,750,6,0,49,7,0,432,5,1,0,0,122,302,1169,4,15,72,6,35,323,52,94,16,94,0,14,74,73,152,5,46,49,603,5,63,58,7,8,9,7,0,349,0,8,20
cell245,103,41,71,28,325,31,10,59,39,3,8,72,6,0,8,14,11,0,29,100,0,279,0,12,8,23,49,9,3,2,6,77,24,2,7,22,31,21,0,4,22,2,30,25,26,0,89,179,16,1,1,3,2,17,11,18,6,9,1,3,24,36,5,347,379,51,0,0,19,2,0,52,51,4,12,4,390,208,2,51,81,138,3,72,17,25,8,67,45,264,28,18,192,1239,4,343,3,79,27,65,25,54,4,4,80,42,27,0,966,10
cell246,157,37,36,11,392,28,23,113,76,1,19,95,3,6,7,26,19,0,66,388,0,246,0,11,21,24,125,15,0,5,4,208,57,19,21,141,24,83,7,2,50,9,26,26,13,0,0,240,31,2,0,3,2,24,21,20,3,24,2,3,4,41,10,890,939,71,0,6,17,5,2,77,167,5,3,0,844,94,18,563,89,25,2,850,13,118,48,158,0,403,27,0,117,875,5,209,13,91,8,28,15,25,2,5,40,0,131,4,380,4
cell247,101,43,42,27,302,12,50,89,72,3,5,104,0,0,3,18,5,1,22,125,0,272,12,10,11,14,50,14,6,4,0,90,0,42,20,86,23,61,0,0,37,0,14,31,21,0,0,158,14,4,1,3,5,19,6,9,21,7,6,1,6,51,5,312,338,72,0,0,13,3,5,52,82,2,4,0,338,277,37,73,92,151,4,138,8,7,0,66,0,110,21,21,83,1039,13,235,3,54,11,23,8,75,7,6,71,0,25,0,1645,13
cell248,121,50,68,7,433,10,34,70,117,2,5,127,3,4,11,16,15,0,52,371,2,207,0,9,41,48,111,25,1,7,16,177,206,4,1,46,54,0,7,1,30,3,29,49,68,0,0,303,22,0,2,1,2,17,36,11,169,18,2,0,13,63,16,554,634,53,1,4,21,2,4,66,181,6,9,0,535,106,34,166,133,57,9,506,18,16,1,157,7,48,50,0,98,1131,70,123,4,82,34,10,8,33,5,3,48,0,58,0,687,12
cell249,79,72,65,35,542,2,16,60,235,12,9,90,25,0,188,52,211,43,43,837,0,68,0,59,41,56,84,12,13,9,1,394,508,12,51,18,50,2029,0,6,158,16,45,370,16,7,0,61,152,65,0,11,0,30,110,53,16,7,48,2,71,550,71,191,211,508,7,0,44,1,250,362,31,4,60,0,129,215,501,0,29,50,12,45,137,90,80,16,30,0,17,91,51,236,0,84,46,499,10,38,23,15,4,7,12,13,836,0,13,42
cell250,80,34,87,22,300,51,39,99,100,1,5,81,6,0,0,20,17,2,48,124,1,227,0,22,15,23,63,4,3,5,0,104,71,13,11,47,14,28,1,3,24,0,12,40,23,0,1,73,20,2,1,1,0,12,18,10,76,10,0,8,24,45,5,327,325,54,0,0,10,3,0,53,64,4,0,0,323,222,31,26,334,106,5,38,18,77,0,66,4,202,52,0,223,852,6,290,25,65,6,37,11,84,6,4,78,2,25,0,1104,11
cell251,205,58,52,17,963,42,48,149,144,3,6,56,6,0,4,24,0,0,52,781,0,275,0,12,34,48,114,27,2,18,0,298,5,5,1,365,39,133,3,12,29,2,55,48,80,0,0,74,17,4,2,6,0,10,38,23,85,35,6,1,16,66,8,1018,1185,86,0,7,14,6,2,71,282,16,3,0,653,78,25,1013,287,83,18,110,16,12,78,254,22,134,54,0,516,1365,0,169,8,78,22,14,13,41,7,3,74,0,86,0,921,52
cell252,77,40,81,23,224,17,8,74,86,0,12,45,2,0,7,5,11,1,31,112,0,316,0,11,25,23,71,17,5,4,5,86,52,9,0,78,29,16,1,11,26,2,25,40,30,1,2,98,12,2,1,4,0,21,24,1,32,3,3,3,12,66,9,347,367,59,0,0,20,1,3,50,70,10,0,0,379,222,12,121,67,234,4,455,18,67,0,65,0,14,9,20,137,1243,10,344,10,58,11,19,8,58,5,5,80,4,22,0,966,71
cell253,137,124,118,51,488,8,25,54,226,36,54,83,9,0,51,80,259,2,31,959,0,45,8,43,50,41,208,16,12,5,19,308,130,0,113,12,42,1616,0,13,131,45,46,265,10,2,0,125,154,22,2,26,5,44,143,90,4,13,23,2,60,765,59,117,277,454,23,0,48,5,208,385,4,8,0,0,113,235,361,16,43,44,12,11,134,10,35,13,0,0,13,93,32,353,10,89,19,526,5,26,52,14,15,15,11,0,1670,0,9,282
cell254,138,37,58,16,888,44,26,195,135,2,13,128,6,0,27,11,13,7,45,878,0,261,7,13,56,68,155,15,0,16,1,307,3,28,2,77,55,118,3,18,30,0,44,51,85,0,404,237,13,6,4,6,1,14,23,6,37,39,3,1,38,77,15,750,1332,46,0,12,15,1,0,77,213,4,0,0,905,95,8,489,790,104,5,59,10,67,0,320,0,116,62,18,282,1041,4,347,4,66,1,36,10,26,11,4,66,2,95,0,970,2
cell255,123,76,110,15,849,56,37,129,107,3,8,127,4,0,8,10,16,0,35,127,8,264,0,15,17,18,69,12,5,4,0,96,7,14,2,25,27,92,8,5,25,2,26,60,51,1,0,324,22,2,4,2,0,24,16,5,56,5,1,0,28,31,21,269,351,58,0,0,18,5,0,41,154,4,0,0,289,257,30,84,284,85,4,394,16,104,2,87,12,126,48,15,116,1328,58,183,22,73,13,16,10,57,8,9,60,67,29,0,1427,16
cell256,159,23,46,13,430,15,12,104,91,0,2,140,2,1,27,18,11,0,70,879,0,220,0,9,47,42,162,24,8,18,0,361,238,28,7,180,11,35,2,1,36,5,56,60,80,0,0,128,25,7,1,3,0,4,4,21,6,17,18,3,7,29,15,516,864,53,0,10,18,2,11,54,83,8,37,0,460,96,23,41,120,46,6,172,22,44,0,192,0,130,18,0,30,753,1,271,0,72,9,41,7,23,5,20,84,0,41,0,1004,21
cell257,103,63,68,33,406,20,18,95,52,0,2,49,5,0,18,6,7,0,42,118,0,279,0,11,13,44,45,20,8,4,0,118,80,1,1,74,32,80,3,2,19,3,15,34,29,1,0,162,8,3,2,4,4,25,5,9,71,7,4,6,30,45,4,105,405,62,0,1,26,1,7,45,70,8,0,0,383,280,23,85,77,157,5,173,5,72,6,66,0,106,20,22,89,1076,1,259,4,60,26,6,18,39,9,2,33,0,4,0,952,3
cell258,67,63,51,15,375,23,16,113,77,2,6,90,3,0,18,11,6,2,48,66,2,334,0,17,20,8,50,16,7,7,47,87,7,21,4,66,22,92,8,2,17,3,25,50,26,1,2,178,17,6,0,1,2,31,13,6,41,5,0,0,37,41,20,198,457,42,0,1,15,2,3,41,156,7,3,0,514,245,5,113,102,184,3,226,10,122,51,73,0,217,39,19,76,1545,16,241,6,54,19,1,7,50,3,1,61,1,35,0,1296,7
cell259,147,89,60,45,467,0,38,57,241,1,40,75,33,0,52,68,283,10,34,1010,0,57,0,54,34,85,153,7,37,2,0,293,16,26,37,12,12,465,0,22,160,38,41,378,19,5,167,51,205,28,4,22,10,15,140,54,28,13,49,2,29,816,50,146,272,633,0,0,41,6,492,435,13,1,1,0,124,200,196,9,41,67,6,46,98,42,139,10,0,0,11,93,12,227,7,61,48,590,14,24,39,9,18,2,12,0,2038,0,7,180
cell260,154,58,48,33,673,16,34,121,51,0,16,123,7,6,5,9,15,0,45,863,0,245,0,19,67,73,152,23,2,14,0,321,302,56,3,217,32,84,7,1,36,5,59,53,59,1,393,362,29,1,2,2,8,60,8,20,8,26,4,10,50,53,18,818,651,66,0,5,17,3,0,72,190,12,0,0,638,136,3,870,217,69,10,417,10,37,2,250,10,147,57,4,336,983,13,381,17,76,16,4,4,21,8,4,53,0,162,1,430,11
cell261,156,87,49,56,353,3,22,74,203,4,15,47,19,0,109,50,92,1,25,1357,0,55,0,46,15,78,145,11,30,5,1,473,365,50,20,13,34,930,0,3,105,20,70,353,29,1,0,90,125,1,4,16,14,27,162,28,0,17,57,0,63,602,40,176,198,453,0,0,34,3,14,292,12,7,2,0,121,206,549,10,31,30,12,34,104,26,57,5,3,0,8,79,24,102,8,91,94,391,41,32,46,11,8,5,9,0,766,0,8,22
cell262,130,24,65,19,706,44,21,127,68,2,6,155,3,0,13,16,10,5,58,747,0,300,31,9,50,58,126,22,7,16,0,283,593,77,0,250,59,95,4,6,32,5,41,30,49,1,99,179,13,3,0,3,6,13,20,15,40,32,6,4,62,31,1,771,864,41,0,4,15,2,0,66,83,3,0,0,771,169,19,261,196,75,7,361,10,36,0,257,58,97,125,1,321,1238,2,397,5,73,13,16,7,27,3,4,71,5,57,0,530,21
cell263,87,75,113,22,593,64,68,108,98,2,3,117,2,0,24,12,5,0,47,98,1,286,4,13,21,45,69,16,1,6,0,110,132,25,2,102,26,71,5,0,27,2,24,28,44,0,0,211,24,5,1,1,4,22,19,8,43,10,3,5,17,66,6,261,285,39,1,0,10,5,0,41,96,1,0,1,300,228,12,65,30,86,5,74,2,152,0,97,0,53,45,0,65,1508,1,137,14,48,4,22,9,42,11,5,84,0,41,0,1778,64
cell264,97,43,37,22,240,2,16,59,65,0,9,89,4,1,12,9,13,1,39,154,0,262,18,14,12,23,62,7,19,4,3,101,27,37,3,52,30,0,2,6,21,4,20,37,33,1,0,208,13,1,2,2,5,7,15,4,18,6,5,1,25,60,4,275,344,50,0,0,9,4,0,50,98,6,0,0,353,180,1,31,6,119,6,191,14,30,0,72,0,271,44,0,30,1356,18,244,13,53,7,13,9,44,11,1,38,1,34,0,1246,32
cell265,170,46,57,10,725,30,49,91,82,0,15,136,8,0,6,14,20,3,63,878,0,209,0,14,85,23,162,19,3,10,1,312,326,17,2,147,30,89,5,1,45,28,46,53,72,4,212,236,13,9,4,0,3,27,16,28,136,22,11,5,77,63,11,787,918,84,0,5,24,2,0,83,153,13,21,0,555,148,20,76,566,33,9,144,27,50,0,268,6,127,34,0,29,878,7,208,26,73,3,0,16,21,5,2,68,1,166,0,968,7
cell266,66,70,32,8,318,9,4,66,54,1,4,72,2,0,7,12,15,5,35,137,8,275,28,15,10,17,63,13,15,12,0,67,90,0,2,78,11,47,3,1,10,1,17,40,32,3,0,156,9,2,1,5,1,0,14,10,7,20,3,4,6,27,22,199,305,51,0,0,10,4,10,47,74,4,0,0,281,167,10,69,121,89,9,117,1,34,0,71,2,118,47,0,301,940,0,159,10,51,11,22,10,46,10,4,79,0,36,4,2128,115
cell267,94,96,74,44,377,4,11,63,191,8,42,88,33,0,289,60,160,0,23,804,1,75,0,34,35,60,142,13,24,7,1,301,265,41,44,8,68,591,0,1,117,13,44,295,25,11,0,79,123,0,1,7,9,39,103,59,13,14,25,1,25,519,33,40,133,425,0,0,48,7,0,274,16,1,0,1,106,121,39,7,21,74,6,84,22,21,120,9,0,0,4,71,25,343,2,39,86,393,17,16,33,20,16,3,10,0,1087,0,8,30
cell268,143,50,67,14,558,2,5,105,130,0,25,114,13,1,51,9,5,8,33,775,1,337,0,16,65,63,84,15,7,14,0,292,118,1,14,158,17,108,1,0,33,8,47,38,68,0,0,143,23,0,1,2,1,28,34,15,77,24,2,1,23,64,15,392,519,72,0,14,12,4,9,78,74,6,0,0,354,188,0,48,8,33,1,182,14,8,0,157,0,146,50,0,149,1151,42,177,7,108,4,7,4,32,9,6,60,0,16,0,433,13
cell269,113,54,83,26,561,6,42,104,62,0,9,78,10,0,11,8,10,0,32,205,1,292,15,12,15,44,66,12,0,6,7,103,5,47,1,30,34,15,2,2,27,3,25,27,36,3,10,146,16,1,1,1,0,8,25,6,29,15,2,0,18,31,0,305,422,45,0,0,14,1,4,37,115,3,0,0,366,160,8,56,161,182,8,123,5,90,0,88,7,58,45,14,138,1642,15,223,2,39,7,88,8,45,2,4,56,5,57,0,2430,9
cell270,192,78,53,39,523,6,46,86,213,5,16,74,19,1,189,68,119,0,28,936,1,80,0,39,18,40,78,12,11,4,14,319,294,20,15,4,22,87,2,2,137,17,54,158,16,0,0,108,119,43,1,13,26,20,188,67,13,18,19,0,30,478,23,56,196,400,0,0,38,2,148,261,10,2,0,0,64,164,426,6,51,52,9,12,53,20,70,17,0,0,14,71,31,79,11,66,104,367,10,35,54,8,24,4,12,0,1555,0,5,197
cell271,69,59,94,21,344,9,18,72,60,0,5,82,3,0,8,7,9,3,29,217,0,422,0,15,12,37,96,15,9,6,4,116,0,5,4,45,30,6,1,0,27,2,28,38,34,0,0,143,12,0,1,3,1,3,9,13,82,15,3,4,2,50,9,317,284,41,5,0,14,4,0,41,83,3,0,3,307,212,15,36,207,116,7,108,1,49,0,72,0,46,26,23,72,1433,16,299,6,40,5,29,11,42,8,2,59,0,35,0,2203,18
cell272,120,41,63,35,326,7,106,49,140,6,10,64,23,0,66,59,180,10,24,722,0,68,0,42,18,33,92,9,41,4,3,264,25,2,14,9,19,1153,23,20,123,36,44,101,15,7,0,40,129,3,5,8,16,17,28,46,2,13,23,0,37,584,41,75,88,422,0,1,51,2,0,299,18,6,1,0,118,86,131,8,14,34,4,108,55,6,85,7,0,0,5,80,29,249,5,65,52,409,9,32,47,12,14,3,5,3,706,0,3,14
cell273,80,49,16,26,294,18,3,65,29,1,3,89,8,0,14,5,4,2,50,184,4,314,1,12,25,44,58,25,8,1,1,120,104,1,11,70,20,87,2,16,27,6,19,25,24,0,0,86,11,5,0,1,2,21,14,6,5,8,7,6,16,46,1,307,478,32,0,0,17,3,1,50,55,4,1,0,470,178,7,114,243,123,2,27,13,16,0,52,18,289,22,20,196,1309,8,215,6,61,16,21,17,44,3,1,57,0,15,0,1691,62
cell274,139,72,61,42,419,10,10,53,182,17,39,94,31,0,240,36,77,3,17,736,6,84,4,40,14,79,139,20,42,9,15,236,98,52,17,9,54,50,0,16,135,38,58,447,19,1,318,54,131,20,0,5,5,29,151,60,4,9,37,3,35,544,21,57,169,381,5,0,56,3,6,317,29,2,0,0,104,149,220,3,21,38,10,39,62,49,44,26,32,0,11,77,40,242,0,27,122,466,0,37,15,13,11,9,10,8,646,0,13,53
cell275,143,60,44,25,497,34,21,94,54,0,11,87,3,0,4,10,16,1,37,229,0,425,0,11,8,39,97,17,18,12,0,99,37,22,3,73,14,81,7,12,24,3,23,30,30,0,0,145,11,9,1,0,4,20,16,2,39,15,5,1,46,40,13,288,465,43,0,0,12,1,5,49,61,7,3,0,516,250,17,121,80,177,2,374,4,40,0,69,68,69,28,0,94,1460,0,255,0,49,33,26,22,68,11,6,45,0,32,0,748,75
cell276,138,41,33,7,556,25,19,145,93,4,13,134,6,1,31,33,11,3,45,600,1,261,13,13,28,49,187,28,0,9,9,277,105,21,1,134,55,49,0,0,50,14,44,81,70,3,0,47,17,6,4,5,0,7,9,40,42,28,5,4,65,48,15,710,838,97,0,6,16,2,1,77,139,7,12,0,696,165,42,223,469,43,16,692,37,27,0,209,32,192,48,16,264,1217,2,301,7,92,1,32,11,22,1,7,71,3,57,2,369,5
cell277,122,39,90,8,421,19,40,98,115,0,5,144,11,1,3,17,20,0,39,426,4,285,0,23,58,36,130,16,4,13,13,205,38,16,20,134,31,56,5,7,57,14,48,34,48,0,0,304,28,2,3,0,1,15,53,32,29,18,4,18,28,89,26,325,703,75,0,6,18,7,10,101,179,2,1,0,555,120,22,99,28,63,5,562,20,37,0,165,0,276,20,0,116,1538,1,195,0,105,6,20,14,22,7,4,66,2,116,0,280,44
cell278,167,25,18,23,463,21,13,100,104,3,21,123,7,0,5,23,20,0,49,633,0,317,25,13,58,68,120,19,2,14,4,266,20,22,2,158,45,180,16,2,38,21,33,37,77,1,0,170,29,0,0,3,1,20,35,20,121,33,3,1,60,43,20,614,675,97,0,3,23,8,10,95,145,8,2,0,525,126,4,59,162,36,7,455,9,41,0,168,22,123,16,0,78,1785,16,281,17,90,3,28,11,31,11,8,92,2,191,0,276,26
cell279,143,43,48,3,604,12,40,116,84,1,36,109,12,0,22,16,22,0,64,590,0,191,16,15,90,42,130,26,11,10,17,226,146,37,1,93,40,25,4,0,33,28,34,77,72,0,0,52,39,5,1,14,0,13,20,11,28,14,7,0,35,62,2,287,850,97,0,2,11,1,1,92,115,13,0,0,443,130,21,37,270,14,6,44,20,8,0,190,0,74,20,0,149,1236,19,221,9,97,9,13,17,37,6,6,113,56,49,0,300,14
cell280,85,76,54,42,351,14,11,75,171,21,27,88,11,4,114,74,249,11,21,370,5,57,0,30,1,35,86,11,20,1,2,151,4,88,35,8,31,233,0,2,131,53,24,180,15,5,184,56,135,16,0,28,8,31,141,83,34,16,54,4,59,665,28,63,141,447,42,0,34,2,0,333,15,4,0,0,114,132,281,7,47,62,9,67,230,72,64,15,38,0,4,82,8,82,1,69,92,450,13,41,41,11,14,1,11,0,1984,1,10,32
cell281,91,58,42,18,803,9,37,157,134,1,22,79,15,0,22,9,31,0,48,415,1,314,0,17,58,29,115,25,0,7,0,156,55,47,1,151,27,81,11,14,34,6,44,52,78,1,0,56,44,15,0,1,0,36,48,11,28,16,7,0,6,71,19,371,579,84,0,1,17,3,3,72,123,8,0,1,374,195,9,318,39,22,6,169,21,16,0,187,6,108,45,0,17,1254,1,241,1,82,3,11,4,38,12,9,74,82,52,0,345,7
cell282,100,68,45,11,450,34,8,110,107,1,10,131,1,0,6,8,0,0,48,219,0,250,15,9,25,40,68,15,5,7,0,148,164,0,3,96,42,101,4,8,22,0,31,41,30,1,5,217,33,5,0,6,5,6,14,7,24,10,5,2,33,76,3,127,514,56,0,1,14,5,2,58,81,1,6,0,346,299,14,53,80,131,3,40,15,61,0,87,4,39,36,9,77,1016,16,310,10,59,16,38,23,71,2,1,49,13,40,0,863,2
cell283,144,86,67,43,330,1,30,45,160,4,3,62,9,0,90,45,87,1,32,466,0,84,0,32,6,63,63,15,14,4,0,187,30,30,9,28,38,1040,0,11,123,28,27,291,10,6,0,76,114,25,2,20,12,17,81,44,7,7,11,2,33,427,28,95,218,181,0,0,39,1,49,258,9,1,3,0,17,251,9,7,34,31,6,45,55,78,114,16,4,0,3,73,31,158,30,22,42,329,29,12,47,8,15,3,4,7,878,1,14,63
cell284,100,61,80,28,486,21,98,120,47,0,19,76,3,0,11,19,23,0,29,265,0,513,0,17,29,36,90,15,4,10,0,125,2,22,12,115,28,30,0,0,16,10,24,44,54,0,0,175,8,1,2,6,4,28,22,7,48,6,3,2,47,47,1,437,582,49,0,0,14,0,3,54,62,5,1,0,483,243,31,35,129,121,3,116,34,64,0,117,1,95,23,21,286,2295,46,244,11,69,10,43,21,65,3,1,55,5,78,0,1142,17
cell285,80,34,44,5,727,7,36,127,83,1,22,27,6,0,17,13,27,0,59,627,0,179,0,15,54,30,104,9,11,9,0,226,15,7,7,136,25,136,9,3,47,0,48,30,75,1,0,142,32,1,1,2,2,31,23,21,202,7,8,8,60,70,9,461,538,92,1,10,15,3,0,85,85,10,0,0,421,61,18,52,51,41,7,327,8,43,0,282,0,71,51,28,2,1041,11,269,12,89,11,7,10,24,4,8,71,0,73,2,309,7
cell286,116,99,92,32,421,14,20,56,155,8,20,91,10,0,257,75,153,2,31,474,0,68,1,29,15,13,119,13,25,4,0,175,69,85,64,21,28,1352,5,1,122,12,54,277,18,1,10,44,161,6,2,39,17,35,117,54,0,16,51,0,30,718,38,104,188,344,0,0,37,9,113,289,24,2,3,0,92,109,51,12,28,37,4,2,85,22,67,16,0,0,14,63,28,174,1,23,42,398,8,33,39,14,7,1,8,0,456,3,18,221
cell287,165,24,43,13,480,19,2,91,117,10,24,95,12,2,10,15,24,11,64,563,5,281,13,11,74,54,87,19,3,11,1,264,32,12,11,269,17,58,6,9,46,12,27,84,83,1,220,371,33,1,4,1,0,25,41,16,21,30,4,10,28,56,24,267,568,73,4,4,23,3,1,70,148,5,12,0,257,87,36,129,44,40,10,75,14,48,0,262,1,105,25,0,1,1642,3,252,15,98,17,25,12,33,3,12,67,0,25,0,191,18
cell288,81,22,76,17,592,23,10,142,118,2,4,166,7,3,0,14,7,2,43,486,11,183,23,17,53,70,123,30,0,27,0,162,324,33,16,300,52,52,3,10,69,3,44,30,79,5,0,89,25,3,1,4,8,43,44,14,234,30,5,6,18,63,30,441,500,86,0,1,17,3,0,75,210,8,0,0,564,133,44,58,126,22,15,542,16,29,31,287,11,76,25,41,127,965,1,170,4,94,23,6,5,31,3,7,63,0,110,4,353,18
cell289,131,44,40,36,530,52,1,138,115,0,1,86,7,0,6,18,11,0,51,249,0,277,0,10,11,61,90,8,2,10,0,172,30,3,1,68,35,28,9,2,31,0,35,53,59,0,0,129,14,3,5,2,3,0,20,15,54,1,6,1,28,55,13,314,659,51,0,0,14,2,2,58,92,4,0,0,678,117,42,92,2,44,8,292,15,22,71,121,0,28,49,15,204,1200,1,105,21,61,16,6,11,61,6,9,81,18,37,0,1415,44
cell290,59,66,50,32,431,2,49,55,206,11,107,41,24,0,294,26,294,0,17,610,1,105,0,39,31,60,141,9,37,6,2,247,161,78,35,13,37,1377,0,2,131,33,15,329,12,3,0,103,152,40,1,17,16,15,129,81,18,10,72,2,32,744,26,147,145,649,64,0,62,1,30,376,33,0,0,0,122,229,78,6,25,49,7,32,382,50,72,15,0,0,13,73,32,175,1,62,78,477,8,8,42,12,11,5,4,0,890,0,13,87
cell291,56,30,35,22,499,4,62,104,129,3,15,127,2,1,15,17,28,0,28,334,1,250,12,15,44,39,107,30,11,7,31,235,37,89,21,123,19,53,3,1,42,1,38,50,68,2,0,218,7,0,1,4,0,9,6,14,99,27,4,1,53,28,8,646,685,56,0,5,19,2,16,72,200,5,2,0,626,103,2,185,237,47,4,454,9,26,0,182,2,51,17,0,0,889,0,49,0,73,6,10,13,48,7,4,60,1,126,4,314,33
cell292,154,90,108,30,416,2,1,91,186,3,29,83,36,0,127,39,212,0,15,842,2,87,0,51,31,21,128,11,16,5,2,285,56,97,34,6,21,668,0,32,150,49,42,377,17,1,1,61,199,165,2,11,12,4,161,126,1,13,45,2,15,913,62,49,166,702,0,2,34,4,285,390,46,5,0,0,116,155,818,10,18,69,4,5,157,48,137,17,41,1,14,82,18,273,11,87,96,583,13,33,38,23,29,6,12,6,1120,1,9,18
cell293,183,49,58,18,830,31,38,175,120,2,42,92,6,0,0,3,21,0,62,564,0,207,12,12,116,42,136,34,14,7,0,262,81,57,6,329,51,78,4,12,29,3,39,45,92,4,0,55,19,2,0,3,5,18,36,15,16,23,5,0,49,74,20,348,824,44,1,6,13,9,5,76,233,7,3,0,525,171,2,198,139,71,8,277,10,12,0,252,62,51,28,0,20,911,1,266,12,72,11,10,5,53,8,2,95,109,106,0,157,10
cell294,164,61,71,14,869,145,24,150,127,1,28,140,12,0,13,19,9,1,45,612,0,207,0,10,66,48,104,36,11,13,2,239,6,49,3,202,51,6,2,4,40,3,47,47,85,0,151,368,34,6,0,7,3,25,34,13,38,43,12,0,87,38,27,476,759,69,0,13,15,2,8,84,226,31,25,0,823,121,10,538,93,55,17,113,12,41,87,356,33,90,31,0,50,761,1,244,5,94,3,13,3,30,22,4,63,6,201,0,199,10
cell295,139,63,78,46,415,1,28,55,188,10,54,110,7,0,96,70,104,6,29,831,1,58,3,37,8,47,176,12,21,1,0,235,394,116,83,31,35,1834,0,0,160,21,62,560,16,3,0,43,181,42,0,12,13,32,100,79,17,12,57,4,9,866,55,80,87,531,11,0,46,16,37,415,22,1,21,0,108,196,772,4,18,54,4,8,113,34,0,22,0,0,3,24,62,251,5,67,95,509,8,47,54,14,7,5,5,3,1004,0,12,160
cell296,69,65,87,39,398,11,68,51,186,10,87,88,52,0,38,68,208,1,27,703,0,102,0,40,4,43,81,21,30,3,0,248,138,92,108,12,39,1759,1,1,182,57,50,447,15,1,1,136,175,24,3,9,14,10,132,112,17,11,101,0,33,926,22,180,245,779,8,0,50,6,58,434,25,0,2,0,150,134,707,11,47,65,8,113,143,17,162,21,97,0,5,111,24,183,53,62,37,638,17,24,40,15,7,1,11,4,535,0,10,34
cell297,111,54,51,20,352,3,23,55,218,2,100,102,37,0,140,57,249,0,40,508,7,83,0,31,7,29,103,11,3,3,0,213,19,56,91,22,13,1770,0,0,152,26,34,379,14,6,1,82,208,99,0,18,27,26,155,87,2,13,46,3,24,993,56,104,168,780,8,0,55,6,38,505,16,3,2,0,134,100,844,11,52,51,10,97,182,49,32,23,9,0,25,66,33,332,2,12,184,689,1,35,18,12,12,4,6,0,459,0,8,19
cell298,125,94,40,30,442,5,15,61,225,9,36,90,28,0,100,22,78,0,15,549,0,75,0,40,1,51,92,9,16,7,0,212,183,0,28,39,41,1947,9,3,146,46,51,734,16,4,0,109,212,44,1,46,7,16,165,108,1,15,88,0,19,1098,63,123,232,945,3,0,41,7,0,472,53,0,41,0,97,93,52,8,37,72,4,98,422,11,236,27,1,0,22,82,58,136,11,78,59,781,9,20,21,16,9,4,11,2,405,0,6,136
cell299,124,48,90,15,983,14,77,185,125,2,5,90,12,9,1,21,8,0,34,996,0,112,5,19,105,51,134,28,6,43,23,356,272,18,9,349,47,127,7,12,42,2,48,49,103,2,484,204,19,0,5,5,4,54,18,17,13,27,2,11,64,69,22,813,651,54,0,3,21,2,13,78,188,15,1,2,616,228,5,402,101,3,8,604,9,42,1,447,0,24,5,1,5,588,1,276,6,60,15,35,14,43,2,1,107,12,83,3,157,2
cell300,163,54,60,9,1083,72,106,185,159,2,6,141,10,1,8,3,21,4,66,1037,0,191,2,7,72,51,213,34,10,13,0,343,325,25,17,259,64,149,1,11,52,11,49,42,90,2,0,277,42,14,4,10,0,22,34,29,62,23,9,1,31,74,23,655,910,88,2,5,23,7,5,88,202,4,10,0,657,189,36,123,10,29,7,12,43,76,0,467,44,294,23,0,95,853,27,264,12,88,4,8,9,43,5,13,108,56,124,2,278,13
cell301,95,69,107,13,448,34,40,98,71,1,14,97,6,1,12,14,14,0,51,378,7,239,0,10,16,69,92,19,10,2,0,194,35,16,1,72,23,86,6,7,26,8,33,42,35,1,0,256,9,7,2,1,0,12,27,9,42,15,3,0,19,37,11,251,1024,59,0,2,18,4,5,58,129,3,0,0,682,197,37,175,420,120,11,261,10,68,0,88,28,0,25,27,517,1791,3,511,2,49,35,5,7,48,4,1,55,7,233,0,2015,67
cell302,177,44,58,15,1301,128,154,264,149,7,22,131,4,1,14,8,7,3,47,232,2,240,0,11,104,71,189,38,2,32,0,292,14,36,3,644,126,146,2,8,46,2,40,56,124,6,0,209,25,3,2,4,1,65,24,5,293,57,8,1,59,57,23,484,1079,67,0,4,21,5,0,75,226,28,36,0,319,185,24,293,416,22,27,422,22,40,18,471,36,156,41,0,155,933,7,154,4,108,10,24,5,52,12,11,120,48,189,6,207,9
cell303,114,36,61,15,803,14,49,162,111,2,29,82,12,0,9,18,12,7,36,654,10,115,0,21,95,60,152,44,3,14,0,252,7,27,12,414,66,46,3,0,37,9,53,35,63,1,0,190,21,1,6,5,2,54,14,21,21,43,8,4,84,50,23,629,793,84,0,0,28,0,7,72,182,23,19,0,602,226,35,113,54,88,28,306,25,25,0,226,29,82,1,0,177,707,34,286,7,84,15,13,8,47,13,2,126,137,93,3,125,12
cell304,163,60,130,20,794,22,10,115,81,1,24,137,1,0,2,10,8,0,62,509,0,317,0,16,55,55,105,24,1,4,2,198,110,70,3,103,34,9,4,13,29,2,33,34,48,1,0,230,18,1,1,3,6,20,9,7,73,4,1,1,84,49,21,347,520,41,0,0,16,2,5,46,151,7,0,0,751,236,5,125,364,194,9,137,8,26,0,122,115,138,52,19,248,1322,6,396,5,53,16,3,9,60,5,13,89,19,78,0,1430,16
cell305,140,49,31,17,1001,26,56,204,112,1,12,91,6,0,9,8,19,2,66,542,3,130,0,14,51,49,134,35,0,16,6,248,74,7,11,315,83,101,10,3,55,6,50,56,98,0,0,256,43,6,3,5,1,53,24,13,84,29,6,10,61,55,26,460,930,86,0,4,27,3,0,104,216,19,0,0,794,202,41,365,376,66,13,921,12,155,0,276,30,219,17,0,35,865,2,285,13,93,5,26,6,55,6,16,118,0,152,9,364,18
cell306,101,76,55,29,411,9,1,45,202,15,58,126,73,1,213,44,523,9,20,588,0,105,0,40,7,41,86,24,26,10,0,264,94,7,80,31,49,3743,0,0,240,65,37,705,11,6,0,20,312,27,2,43,3,12,272,64,14,13,70,3,23,1727,41,123,228,1164,0,0,48,17,860,737,19,1,0,0,138,74,2529,3,29,64,7,46,88,61,74,26,4,0,6,50,1,424,21,117,123,1071,19,14,41,21,17,0,7,0,651,0,14,243
cell307,210,48,80,17,1375,93,17,208,119,2,23,162,5,0,7,30,19,8,57,903,3,176,0,16,87,38,195,30,5,17,0,305,33,17,6,721,110,157,5,16,47,10,60,35,110,0,0,383,20,0,2,0,0,15,34,14,168,38,3,2,67,64,21,1065,1465,97,0,10,15,2,10,70,226,22,0,0,938,166,22,478,52,55,11,140,25,129,9,612,0,543,30,0,348,849,47,354,4,87,4,7,15,46,17,4,109,0,87,0,127,12
cell308,101,32,65,11,893,70,40,119,128,5,10,114,9,12,31,13,22,5,54,699,19,160,1,22,66,45,162,41,15,7,0,283,214,24,16,331,62,103,3,1,31,4,52,65,103,1,0,217,25,2,1,4,1,24,31,17,85,56,4,13,14,77,22,483,969,58,1,10,18,1,0,71,227,8,34,0,481,149,55,97,199,30,10,290,31,62,0,639,0,105,34,1,0,680,9,104,2,90,9,32,9,54,8,1,114,0,130,1,214,7
cell309,109,35,51,17,831,8,15,136,110,1,5,98,0,2,11,33,17,5,61,477,7,136,0,10,108,67,133,40,4,3,0,287,20,15,24,475,73,18,6,0,55,1,63,82,107,2,21,104,49,3,4,10,9,26,26,33,100,64,4,2,45,65,35,610,978,116,1,4,19,6,0,100,172,17,28,0,675,205,34,141,131,71,12,793,26,70,311,633,30,169,34,0,112,755,24,39,10,88,0,9,14,62,5,2,170,4,125,0,155,2
cell310,157,46,72,10,836,12,43,129,108,3,21,89,4,6,20,14,21,5,42,668,5,149,2,17,50,71,178,31,4,20,3,358,7,66,7,178,88,114,5,15,56,2,57,58,104,0,0,255,33,7,3,7,2,34,41,0,270,56,5,0,50,74,2,818,1165,89,0,8,17,2,3,75,131,12,15,0,778,202,13,249,400,32,9,681,34,99,98,441,0,131,14,0,0,854,49,58,25,85,5,11,2,44,15,17,147,50,97,6,443,32
cell311,43,61,37,14,296,13,2,50,194,1,79,114,51,0,572,76,422,38,26,728,0,85,2,64,14,68,159,10,20,6,7,276,321,7,194,30,28,1016,10,9,232,34,53,506,11,3,85,125,277,36,3,6,22,10,280,115,12,14,20,0,41,1064,17,121,269,1020,44,0,43,14,13,584,54,1,0,0,180,74,1131,5,38,50,11,200,171,32,317,26,2,0,9,90,12,227,11,47,141,856,9,29,34,17,19,4,13,13,2112,2,16,105
cell312,83,68,59,17,393,30,28,67,99,1,25,73,2,0,19,22,30,0,44,374,0,221,2,18,28,30,130,24,13,8,0,190,69,61,9,90,32,108,7,27,33,1,32,30,29,1,0,475,20,10,2,7,2,26,30,4,162,6,7,0,33,41,13,775,1080,82,0,1,22,1,4,67,152,1,0,0,924,209,2,74,333,31,5,636,6,61,4,105,9,166,20,0,0,823,14,272,12,68,15,6,20,48,3,6,56,0,68,0,1480,256
cell313,153,39,68,17,906,5,59,160,120,16,16,124,14,0,19,18,11,0,29,828,6,215,0,22,33,63,177,45,1,34,0,303,195,52,9,536,62,173,0,5,70,12,49,91,99,7,492,54,23,8,0,6,3,8,41,24,126,55,18,7,98,98,25,246,576,65,16,17,23,8,1,102,107,13,0,0,113,95,88,80,68,16,13,308,17,31,1,498,5,197,22,0,79,1023,2,198,11,85,1,28,6,49,7,19,145,12,53,6,124,41
cell314,113,102,67,25,359,1,13,42,192,19,48,92,48,0,40,86,445,2,42,462,0,57,0,47,9,29,66,15,25,0,0,191,55,24,204,54,44,165,1,11,205,63,27,737,24,4,0,166,227,78,1,8,20,2,240,129,27,21,60,0,44,1392,88,181,233,1177,0,1,48,1,181,692,24,1,5,2,161,111,125,8,40,34,7,40,288,16,251,42,0,0,2,38,14,281,1,85,141,1076,6,9,32,14,19,4,7,0,149,0,24,60
cell315,112,63,39,27,268,3,23,48,185,9,102,99,21,0,688,37,361,3,24,615,1,41,0,35,39,42,137,22,38,4,27,222,272,40,26,30,45,32,8,22,216,69,34,666,16,2,132,85,252,16,0,28,48,11,266,57,9,24,87,1,10,1520,26,143,281,1092,0,1,57,2,126,631,57,5,9,1,166,79,1656,17,73,30,9,39,308,67,228,41,21,1,27,93,6,156,50,100,98,910,13,27,36,14,0,3,7,0,373,5,16,7
cell316,170,35,55,8,910,73,84,173,184,0,9,177,25,0,17,30,19,1,37,866,1,123,2,10,42,71,151,42,0,13,0,305,143,0,23,960,36,84,8,12,51,8,43,73,118,0,0,709,59,10,2,3,2,7,36,16,20,47,13,3,70,98,32,890,1163,127,0,9,17,5,1,75,112,25,10,0,900,150,50,267,30,63,28,602,31,99,0,888,5,87,35,0,282,908,6,176,11,110,8,6,6,34,27,2,129,45,329,6,308,10
cell317,109,66,74,33,259,6,15,66,190,0,144,54,47,0,442,72,485,3,14,457,0,69,0,63,23,33,62,13,3,9,0,138,101,12,26,45,34,1838,3,1,186,43,27,904,15,8,0,37,297,69,2,28,2,33,176,91,14,23,52,5,34,844,42,55,161,1105,0,0,61,15,0,690,45,2,2,0,134,82,1222,11,63,34,3,43,159,5,215,43,0,0,9,82,2,266,0,150,79,929,24,48,50,7,8,4,15,0,340,0,13,126
cell318,123,71,67,32,386,18,21,82,72,3,1,60,5,1,19,20,8,3,63,358,1,191,0,19,28,39,95,20,6,7,0,177,7,41,22,119,24,31,0,31,34,5,22,42,18,0,0,184,12,2,0,1,8,27,30,22,61,15,6,1,40,48,12,165,636,81,0,0,17,6,6,77,79,8,3,0,403,227,48,40,335,82,9,468,30,40,0,110,3,98,37,12,19,1188,2,318,11,68,29,45,15,37,12,12,53,19,68,0,2002,98
cell319,199,42,71,20,1158,26,16,202,147,7,20,192,9,0,28,17,12,0,46,1242,0,225,0,21,103,87,223,60,2,27,28,487,975,114,9,1077,74,180,7,8,70,4,53,55,134,1,0,601,7,6,4,7,0,19,54,26,317,53,9,5,79,123,43,1269,1327,117,1,11,21,3,6,90,455,16,5,0,1159,220,61,759,678,95,17,703,21,59,0,950,0,308,32,16,479,1072,22,549,2,112,1,41,9,45,8,16,181,34,81,1,451,34
cell320,251,47,92,19,1708,36,34,267,132,14,10,124,15,0,1,32,26,7,63,1542,3,276,2,12,64,63,230,35,22,26,0,473,64,88,3,717,58,3,11,3,72,0,49,64,141,0,28,263,42,0,2,7,5,156,13,10,237,64,7,10,167,90,41,671,1498,92,0,20,19,3,1,125,205,24,19,0,845,198,13,154,171,25,18,315,40,76,105,1162,41,397,17,0,242,1600,5,350,5,109,8,15,8,21,19,6,133,0,94,6,430,5
cell321,156,104,63,31,836,27,35,95,92,0,15,144,7,0,8,15,21,4,42,278,5,272,0,20,42,35,82,22,9,4,0,153,15,36,2,71,34,58,5,9,19,5,26,44,64,3,0,137,21,4,1,5,1,86,26,3,195,7,3,3,44,64,12,563,532,60,0,2,12,3,0,72,24,3,2,0,359,423,33,241,635,173,2,362,22,107,0,92,112,26,10,11,46,1499,23,186,0,74,5,30,49,38,6,4,30,2,53,0,1605,95
cell322,213,47,53,19,1149,88,36,223,197,2,31,246,15,0,50,15,25,2,44,1096,28,179,1,23,90,53,209,56,0,6,5,457,99,85,5,1110,48,41,1,9,71,11,63,125,69,2,0,503,75,6,0,1,4,50,32,4,177,74,15,28,125,153,63,1106,1031,154,6,8,20,0,22,131,465,40,17,0,1239,150,31,604,510,39,28,867,50,34,0,1120,6,27,17,0,348,1279,5,585,3,164,16,0,7,27,5,14,91,0,93,0,852,17
cell323,159,76,66,21,533,31,10,81,66,1,9,77,1,0,11,18,11,4,33,400,0,227,0,16,38,26,98,17,0,3,3,179,97,1,5,69,22,8,1,2,25,3,31,31,49,2,218,94,12,0,1,3,4,18,25,6,315,11,5,1,23,39,5,250,659,33,1,0,20,1,0,46,106,2,1,0,302,381,12,47,577,111,1,200,16,96,0,93,0,120,48,20,118,1123,65,247,5,65,5,45,28,28,8,5,51,0,63,1,1733,28
cell324,157,106,40,23,510,0,21,64,279,6,26,79,37,1,707,63,828,50,26,640,2,62,0,36,12,29,73,15,24,7,0,242,2,8,96,45,86,7034,0,0,250,94,59,762,27,11,73,116,345,290,1,67,17,7,323,96,25,12,71,2,22,1505,99,214,293,1029,0,0,86,10,24,902,12,2,20,0,175,104,1328,10,86,33,6,100,625,76,296,35,0,0,1,103,50,319,2,42,177,1272,17,42,45,13,19,3,10,0,253,0,13,77
cell325,55,80,47,20,350,7,5,74,219,19,61,140,47,0,934,23,588,6,15,668,10,77,1,48,7,51,96,11,44,3,0,256,61,37,36,53,23,1564,0,9,280,75,38,784,23,0,0,73,299,137,1,17,21,10,154,77,29,10,70,2,65,1602,64,75,319,750,0,0,62,28,0,903,16,2,0,0,165,120,2368,4,71,42,4,37,358,24,408,54,1,0,5,107,18,164,0,89,42,1240,17,20,47,11,14,4,12,0,233,0,17,18
cell326,172,118,107,31,1136,58,18,159,89,5,1,107,6,1,10,15,13,1,45,406,5,185,0,18,31,48,104,11,7,9,0,178,3,11,2,29,44,29,4,6,26,8,46,61,35,2,0,182,11,5,4,3,4,36,10,12,60,4,1,0,33,49,2,480,625,41,0,0,14,2,3,67,78,4,5,0,412,523,9,36,190,111,3,321,19,223,0,119,227,397,15,0,7,1194,22,198,16,59,31,5,19,30,8,2,58,8,132,0,2903,6
cell327,137,84,124,10,730,20,12,97,106,3,11,90,1,3,11,18,11,0,63,386,0,182,0,12,75,37,83,8,7,7,0,162,35,17,1,36,22,97,1,9,22,3,24,50,29,2,47,197,13,0,0,3,1,64,31,5,25,8,4,4,20,35,5,208,551,38,0,0,17,2,0,52,19,5,15,2,467,436,10,34,198,132,4,353,8,80,4,79,25,0,39,18,0,1048,72,281,13,71,10,15,12,31,3,2,51,3,75,0,1287,53
cell328,72,86,94,40,644,5,41,106,108,5,13,105,11,0,5,11,19,2,45,421,0,242,0,9,22,71,89,18,14,7,0,182,86,1,7,81,27,95,0,25,25,9,30,37,51,0,0,178,15,6,0,3,4,37,34,14,44,6,4,5,49,34,6,483,531,85,2,0,14,1,3,53,42,7,1,0,127,337,9,199,20,61,3,330,19,174,1,111,48,313,81,18,97,1061,53,292,9,62,11,11,25,19,1,8,72,0,49,0,1640,14
cell329,157,60,29,22,471,0,74,70,278,9,99,119,19,0,199,127,463,2,28,916,1,85,2,42,14,27,128,15,26,5,106,358,352,51,140,27,25,977,0,15,243,125,47,935,21,4,0,140,273,21,3,18,12,25,341,73,16,19,68,1,90,1261,54,134,283,1026,0,2,79,7,140,835,43,4,0,0,212,83,2225,9,195,38,8,116,455,9,244,43,0,0,7,117,16,255,64,145,162,1168,7,35,55,12,13,2,7,0,450,0,9,149
cell330,115,63,47,8,1423,341,78,300,221,4,2,199,13,5,28,23,34,16,74,913,1,179,0,17,27,53,208,52,2,16,0,360,490,66,20,1247,47,266,4,8,64,4,53,83,158,3,0,330,18,15,3,5,14,39,46,18,164,66,1,4,52,86,31,694,1469,133,0,4,16,2,0,106,328,10,4,0,990,153,32,3197,321,43,38,1175,19,93,135,1316,0,156,53,31,626,868,20,298,12,134,17,1,14,29,6,4,63,79,67,0,314,42
cell331,150,76,80,39,494,0,63,51,218,3,8,82,64,0,1319,82,486,2,38,1199,0,53,21,51,65,56,183,13,56,6,0,430,315,45,58,49,35,2965,1,3,254,103,56,880,5,17,3,193,247,32,3,33,29,14,338,69,33,9,69,3,53,1365,43,136,359,1451,2,2,61,7,61,889,26,6,10,2,228,112,471,5,139,24,8,38,495,12,181,50,11,9,7,111,25,227,0,112,146,1276,11,77,9,15,13,5,5,0,263,0,9,46
cell332,210,29,60,12,1005,11,46,188,143,9,29,122,6,0,41,35,29,4,44,1167,3,179,1,19,61,79,172,32,0,9,2,372,792,31,13,1125,39,3,4,19,69,8,57,69,136,2,0,130,31,3,3,6,9,17,29,16,21,43,6,11,58,55,33,327,1547,65,0,6,28,3,7,124,317,9,23,3,937,254,46,406,126,50,18,17,72,122,0,808,48,499,29,28,64,1026,9,483,0,146,10,48,4,33,14,5,132,107,199,0,504,53
cell333,206,100,58,25,1015,120,154,184,162,1,13,158,14,0,19,18,53,4,93,1203,0,171,0,19,105,68,258,20,3,18,2,449,396,33,8,742,27,366,12,3,68,11,59,102,150,10,0,409,52,7,4,0,10,18,38,30,77,63,4,6,51,129,31,1400,1924,89,0,17,25,0,0,132,315,16,2,0,1031,142,52,805,1164,4,14,531,44,51,0,944,0,187,86,0,138,1059,36,149,18,156,9,5,4,38,5,5,138,8,88,0,313,18
cell334,142,91,67,45,439,4,14,67,237,18,47,93,20,0,124,41,566,9,30,1414,0,45,1,53,51,84,244,2,2,1,0,405,468,4,340,52,17,2053,0,0,218,82,45,896,11,8,0,182,240,266,1,28,8,39,233,40,105,8,35,5,90,902,34,181,299,1317,1,1,43,2,3,775,65,0,1,0,101,70,648,16,73,45,6,104,377,19,230,56,1,0,17,99,11,339,2,89,34,1141,2,24,22,10,15,5,12,9,230,0,17,106
cell335,261,41,41,15,1322,56,137,232,176,7,17,208,15,0,74,23,29,21,101,1179,0,180,0,8,75,30,215,54,7,42,12,485,131,5,2,1406,26,26,9,2,65,7,57,62,157,2,0,168,35,6,5,8,4,27,15,11,42,48,8,1,54,131,18,625,926,91,0,8,34,5,2,121,189,23,0,7,609,138,90,155,313,16,23,386,49,97,0,1016,31,127,13,8,1,751,16,97,3,118,9,13,14,39,6,2,174,0,120,0,411,57
cell336,155,69,27,7,1232,61,14,201,199,5,26,140,21,0,33,32,30,1,79,1027,0,208,0,18,71,65,125,16,3,15,0,361,64,24,21,737,73,225,2,11,68,11,56,69,134,1,0,482,31,5,5,12,8,11,72,16,51,78,6,25,48,61,25,710,1192,118,3,2,19,0,1,118,228,16,0,1,779,176,53,285,162,24,13,597,9,94,1113,1130,29,64,36,0,36,890,41,347,42,113,7,11,6,42,8,5,196,0,174,0,514,22
cell337,104,126,93,22,1096,30,2,216,100,1,26,99,8,0,0,15,8,1,39,558,0,416,13,15,50,62,125,20,1,8,0,197,163,20,5,163,66,73,4,6,42,5,22,32,76,1,0,122,28,0,1,5,4,78,16,5,21,14,4,1,68,69,18,615,872,31,1,9,27,3,0,72,210,15,2,1,541,371,24,116,207,42,7,492,10,28,332,226,6,92,124,0,137,2131,55,249,21,81,27,59,20,26,3,6,68,10,134,0,1379,21
cell338,193,84,41,41,584,7,22,56,316,23,100,83,42,0,669,99,225,15,36,1313,20,59,0,51,28,57,176,17,38,2,199,552,84,8,28,61,90,3712,2,14,220,106,34,831,26,22,1,82,228,88,1,9,10,28,264,154,11,13,34,7,86,1383,48,244,352,683,0,2,57,3,627,719,31,4,2,0,178,130,388,8,86,25,10,71,114,48,107,65,2,0,9,105,27,177,9,65,68,987,16,42,16,8,17,7,6,8,624,0,20,93
cell339,144,108,72,35,955,48,8,148,74,1,16,153,4,3,13,21,46,5,40,412,8,190,0,8,25,45,116,8,11,11,44,196,83,19,5,103,28,45,0,8,45,6,38,74,73,1,7,74,32,11,2,3,2,45,16,4,119,23,5,12,41,57,21,402,504,57,17,3,25,5,19,70,155,14,1,0,422,382,69,38,174,24,3,392,9,211,1285,160,14,70,40,0,71,1129,9,279,16,92,35,31,36,20,2,3,46,8,55,0,2088,55
cell340,129,97,56,18,694,45,26,81,111,0,9,61,4,0,16,22,24,0,64,384,0,288,0,8,96,20,70,21,9,8,1,172,70,74,1,112,17,107,6,5,34,10,48,38,38,0,0,185,11,2,0,4,4,35,56,16,10,11,0,12,31,65,13,320,429,84,5,0,20,1,10,60,85,5,12,0,343,267,8,53,110,87,1,181,10,7,54,83,43,232,42,23,4,1032,1,332,2,86,3,34,13,25,7,5,74,19,35,0,1812,27
cell341,156,73,86,25,597,5,25,74,314,21,70,131,45,0,599,113,357,14,41,1301,22,73,0,38,37,58,103,18,32,6,0,425,5,50,41,73,45,5532,6,0,242,81,39,620,38,42,0,161,274,174,4,35,13,40,258,51,40,12,57,1,65,943,60,237,366,759,0,0,72,12,32,763,31,4,0,0,179,147,1316,19,89,56,13,162,193,64,166,52,0,0,14,114,36,215,2,75,75,1102,13,29,49,11,20,0,6,7,316,0,9,190
cell342,202,32,31,32,1003,104,20,189,145,15,21,140,15,0,36,14,38,5,60,1130,0,166,37,18,26,61,176,57,7,30,2,377,266,23,9,810,32,125,2,1,73,3,47,72,141,1,0,556,35,3,2,7,13,20,11,13,26,59,13,34,54,114,16,718,1001,122,3,8,21,8,3,112,212,10,2,0,254,111,21,308,82,52,14,355,49,33,0,1190,12,58,25,0,5,869,8,328,4,105,8,4,6,29,16,4,127,58,55,0,309,1
cell343,121,98,105,31,979,36,112,166,93,2,36,90,4,1,20,10,31,2,48,489,0,321,0,16,31,38,119,23,5,15,1,236,10,5,2,31,32,70,3,3,38,2,42,48,70,0,0,240,32,0,0,3,4,29,22,20,61,12,3,1,26,57,15,299,677,79,1,0,25,0,1,76,80,3,8,0,409,647,56,24,444,54,4,118,17,142,5,132,17,54,38,33,6,1713,14,166,5,84,14,15,43,30,5,6,81,66,35,0,1568,14
cell344,166,66,88,55,483,13,16,63,324,5,148,89,39,0,512,75,368,3,30,910,25,108,0,55,38,51,194,8,45,0,0,416,105,7,41,17,41,3678,24,11,205,72,45,651,20,4,0,93,267,268,1,22,5,26,248,67,32,20,42,2,29,1528,19,196,382,498,15,0,57,1,141,751,43,1,0,0,161,87,1169,6,108,44,3,62,571,59,153,39,0,31,17,67,11,144,9,106,41,1067,20,11,33,18,9,6,5,1,456,0,11,95
cell345,150,67,74,54,371,12,20,53,223,4,35,84,26,0,1501,88,956,64,29,1272,2,29,32,67,10,64,185,20,4,4,7,345,112,27,37,39,62,3776,2,2,239,62,51,945,11,3,1,68,254,307,0,22,10,56,232,81,24,15,70,1,110,1497,33,280,318,1467,1,0,64,13,775,863,55,4,3,0,49,124,429,7,126,44,8,18,331,3,69,41,10,1,1,100,7,355,11,88,21,1309,4,70,15,16,20,2,5,0,169,0,10,362
cell346,128,67,115,46,457,11,39,47,235,0,154,70,42,0,195,68,620,63,14,1267,1,77,0,57,56,68,201,9,20,4,3,384,191,9,98,16,48,708,0,4,222,78,63,979,18,1,0,67,226,207,6,31,9,19,263,109,0,18,57,4,68,1604,110,89,359,1085,0,0,70,16,63,852,43,3,54,0,207,88,175,11,43,69,4,207,311,11,249,26,0,0,15,80,2,174,0,109,1,1289,25,47,45,16,12,3,7,0,271,0,12,62
cell347,238,54,50,20,1626,32,32,258,157,1,2,98,7,0,20,7,29,0,72,760,2,200,1,13,51,51,170,51,6,22,0,326,46,2,7,1817,43,76,2,17,42,10,36,76,191,2,0,315,23,1,4,4,6,47,52,14,119,47,3,4,67,99,20,672,830,80,0,16,16,0,7,101,260,4,14,0,774,235,32,278,164,71,11,737,13,93,121,800,1,71,15,0,81,974,28,41,26,86,11,0,28,43,13,10,69,22,56,0,703,16
cell348,185,53,45,36,816,6,8,99,409,5,87,69,30,0,807,83,392,0,15,1736,0,68,0,41,43,74,157,8,2,0,20,592,119,87,30,50,55,3122,0,3,248,97,31,1284,24,15,0,194,177,10,1,33,5,55,92,74,69,12,105,1,117,1854,54,312,460,1247,0,0,66,8,2,810,60,2,4,0,227,60,2578,14,28,53,5,168,237,26,270,34,0,0,11,102,81,146,4,144,89,1146,18,36,39,11,27,4,6,0,496,0,12,9
cell349,196,55,50,16,1076,111,7,172,102,2,28,143,15,2,73,28,29,1,65,841,1,232,30,13,93,61,140,44,14,6,55,332,60,55,3,815,56,251,2,23,58,5,46,57,134,0,0,336,30,11,1,5,2,35,9,8,115,47,8,17,40,79,6,842,1202,87,0,8,16,5,5,84,355,14,10,0,808,231,30,176,308,45,9,28,26,59,0,927,32,100,44,22,21,953,13,270,6,96,15,22,16,52,3,1,100,0,14,0,361,6
cell350,105,95,90,26,976,13,15,204,96,3,11,118,14,0,17,19,20,0,50,561,0,250,14,23,40,47,85,19,1,8,0,225,106,20,3,124,25,123,1,21,24,11,24,83,78,2,282,218,11,2,0,2,1,88,50,11,4,4,4,0,40,78,27,461,417,84,1,0,10,6,18,67,119,7,1,0,386,583,82,63,99,65,5,342,31,84,0,229,26,77,49,15,71,1014,77,190,0,92,20,28,44,18,8,0,94,7,36,0,2038,107
cell351,217,88,58,17,1736,149,22,371,198,17,10,210,16,27,9,23,60,1,104,595,1,248,0,21,34,49,119,57,17,25,0,254,51,80,14,1509,34,20,6,12,55,2,53,76,158,1,0,373,38,26,2,9,9,44,57,29,124,69,6,9,32,105,28,896,825,111,0,18,14,7,3,91,339,10,6,0,716,196,21,435,210,28,18,799,18,102,0,1223,0,265,100,0,221,1339,2,374,7,110,9,6,13,30,2,6,95,3,35,0,183,46
cell352,189,63,93,59,690,5,88,90,366,16,38,111,82,0,111,77,462,1,14,1411,5,66,2,73,22,58,213,12,26,4,2,517,742,33,155,36,35,631,0,26,255,49,72,453,24,1,43,132,285,6,4,62,28,44,278,53,43,10,116,0,13,1378,48,134,541,1347,0,0,70,7,0,843,48,0,10,0,235,139,589,21,125,24,5,178,197,17,79,25,0,0,10,106,13,198,8,99,79,1147,33,29,33,13,7,2,2,4,316,0,11,11
cell353,194,102,121,47,1268,57,45,162,121,0,12,117,5,0,4,9,14,1,61,497,0,287,3,13,82,32,98,4,28,2,0,261,179,86,7,148,48,132,0,4,30,9,30,81,60,0,0,257,38,0,0,5,1,48,26,19,1,30,5,13,49,59,13,217,995,50,0,0,17,3,12,79,101,3,18,0,377,835,0,92,52,66,8,47,44,105,0,185,254,148,59,22,11,1996,0,264,4,79,11,16,24,16,7,10,92,2,35,0,3577,44
cell354,192,60,94,18,1401,18,40,167,120,0,17,163,4,0,16,17,24,0,61,646,0,191,0,12,28,35,125,25,4,6,0,266,297,66,0,150,47,38,1,17,41,4,51,67,81,0,0,122,18,8,1,2,0,29,23,36,53,13,6,1,73,107,27,563,717,82,0,0,19,0,0,73,66,10,12,0,438,897,12,57,127,29,7,482,17,214,0,257,0,235,44,4,3,1295,55,292,4,74,24,21,41,19,6,3,100,0,41,0,2211,52
cell355,174,79,143,26,1120,11,6,164,125,5,24,37,1,0,3,16,5,1,47,714,0,179,0,15,47,48,74,27,0,11,0,268,65,13,17,179,20,0,4,10,48,14,45,33,67,0,25,233,31,9,6,5,0,11,29,18,23,23,1,8,72,47,17,466,570,116,0,0,20,2,0,91,106,16,13,0,371,539,31,56,170,64,3,88,30,208,3,262,0,107,27,20,2,939,18,194,2,116,39,29,37,18,4,2,111,0,72,0,1553,29
cell356,130,67,59,33,430,4,4,56,210,16,172,81,102,1,522,47,589,11,24,627,3,86,30,55,12,39,181,2,61,3,74,417,380,45,120,27,50,5651,0,11,213,105,43,523,17,9,0,92,323,33,4,30,18,17,179,58,57,21,21,3,74,1221,79,169,445,1298,2,0,86,7,671,693,36,3,6,0,281,124,815,5,217,56,14,39,343,108,381,21,45,0,14,44,132,78,16,184,2,1012,24,55,24,16,5,3,15,0,372,0,16,31
cell357,119,64,11,47,411,12,38,87,247,2,219,106,38,0,89,133,914,19,29,1051,1,61,0,41,18,52,107,19,36,2,0,329,5,107,90,21,46,119,1,4,196,70,49,566,17,1,111,76,345,106,5,5,15,23,218,81,34,17,63,1,36,773,47,114,275,777,0,0,59,10,32,742,68,5,47,0,164,115,1721,12,87,44,8,214,154,64,599,41,0,0,14,97,104,168,23,100,79,1016,4,47,37,14,4,2,14,0,179,0,10,76
cell358,218,135,178,18,2187,35,89,291,201,5,6,231,15,1,82,22,32,0,71,1123,17,270,15,19,30,74,189,39,0,14,82,377,176,12,2,192,61,153,7,3,53,11,42,40,90,0,0,267,25,7,1,7,2,65,33,12,4,26,10,6,63,56,7,570,1273,83,0,3,29,6,2,86,108,12,8,1,665,670,3,96,399,26,13,10,21,343,0,395,0,333,65,0,40,2188,28,288,8,98,28,1,14,23,10,4,117,10,18,0,1223,29
cell359,137,73,43,31,494,2,5,49,254,22,12,111,42,0,449,67,760,25,35,1120,0,126,19,58,17,55,113,13,21,3,32,373,493,37,110,10,63,3957,7,2,210,69,36,688,28,9,10,154,282,26,2,25,32,31,116,147,5,8,46,2,63,873,76,138,368,1268,21,0,72,7,48,735,18,2,2,0,278,145,434,49,69,35,4,150,382,14,16,46,0,8,17,88,156,161,15,158,83,1015,17,29,3,14,28,1,5,0,428,0,18,57
cell360,266,65,177,47,1929,17,7,259,165,2,12,185,6,0,2,16,24,1,63,707,2,346,0,12,109,34,123,51,3,12,1,337,222,104,9,290,71,198,8,6,58,4,39,59,98,2,0,315,29,1,1,7,8,126,65,28,97,51,3,21,53,124,13,573,540,102,1,1,15,1,1,97,50,1,4,0,602,840,46,84,103,64,7,201,14,444,0,353,0,0,52,0,23,2109,0,222,13,112,4,1,37,19,4,4,153,8,101,0,1914,39
cell361,106,70,32,46,598,9,16,81,249,4,91,63,38,0,518,87,617,44,33,854,0,59,0,64,12,57,150,9,20,7,0,300,17,13,66,15,82,3007,0,5,242,58,27,809,16,1,0,230,328,9,3,24,5,41,231,47,3,6,47,1,24,1491,56,353,265,1387,0,0,68,7,114,711,72,4,3,1,250,210,452,28,104,42,10,118,532,2,230,33,0,0,18,93,69,308,1,49,14,1126,3,52,39,19,4,4,13,2,275,0,17,65
cell362,157,63,55,14,693,15,45,117,121,3,20,120,15,0,18,15,10,0,45,356,25,162,4,19,33,41,110,35,0,19,1,158,30,11,10,313,27,120,3,7,67,7,34,94,101,0,0,314,55,17,3,3,2,11,34,28,29,34,14,24,32,99,31,369,497,80,8,5,24,2,0,88,231,21,0,0,854,173,9,422,140,39,7,264,25,79,0,402,5,211,29,0,244,1149,8,252,4,96,8,11,13,54,2,3,121,44,6,0,173,9
cell363,121,51,75,20,861,85,76,145,91,2,20,107,10,21,16,16,18,1,72,399,0,141,0,11,39,71,40,37,20,35,1,180,289,19,6,443,51,127,11,4,45,21,36,94,75,3,0,323,25,4,6,1,0,29,40,19,47,44,0,7,43,59,12,875,852,82,1,11,13,1,5,68,128,12,2,0,902,178,36,353,603,34,6,130,21,55,110,430,6,377,42,14,3,859,40,273,1,103,7,2,19,53,16,5,191,0,51,0,327,18
cell364,159,104,77,28,478,5,87,81,261,17,48,121,24,0,582,42,1692,3,40,917,0,81,0,42,53,48,68,12,43,4,4,313,78,98,77,26,78,1711,1,8,273,78,32,679,13,14,93,230,246,27,6,33,2,60,198,31,3,13,85,2,38,1705,102,337,475,808,20,0,60,5,117,804,36,6,56,0,299,260,1301,13,246,50,4,89,233,85,603,31,0,0,29,108,7,281,23,173,16,1082,6,20,46,13,5,0,8,0,163,0,3,106
cell365,203,77,58,20,960,141,23,187,201,1,3,149,19,0,15,26,33,1,68,406,0,140,0,14,51,44,79,58,10,26,0,184,164,62,5,318,47,174,5,9,60,3,27,50,97,2,5,258,64,0,2,5,1,36,10,7,8,67,8,0,27,55,27,884,639,53,9,7,16,6,1,101,153,1,2,0,761,242,57,899,111,50,5,796,42,45,0,582,16,280,27,0,67,1146,24,344,31,112,0,55,11,51,15,7,160,0,39,0,288,19
cell366,162,97,137,35,1352,21,60,236,187,1,20,96,10,2,4,16,24,6,22,511,6,234,3,12,46,41,145,39,1,16,41,248,179,91,10,305,36,127,2,31,48,14,34,40,69,6,0,318,33,1,4,2,2,50,28,5,104,27,2,4,81,68,25,599,847,72,0,1,18,6,0,87,203,21,3,0,267,907,25,63,18,22,12,71,25,299,0,351,304,0,28,0,123,1018,0,97,1,104,12,18,37,35,1,3,206,0,15,0,937,31
cell367,198,132,171,9,1292,13,55,119,91,2,18,100,5,5,0,16,13,2,26,610,0,203,32,9,48,71,132,34,2,23,0,248,82,26,4,340,66,3,2,22,40,13,48,52,90,3,0,126,27,1,0,3,1,25,15,10,120,25,6,3,22,51,14,809,788,90,0,5,26,10,15,61,130,8,12,0,774,753,45,411,216,17,12,151,9,86,82,348,0,0,108,28,267,1125,51,369,2,88,1,1,26,47,11,8,145,28,14,0,1347,33
cell368,246,114,154,37,1477,57,9,199,109,2,18,172,3,1,10,4,14,0,52,656,2,329,24,18,40,68,106,8,5,25,81,242,367,55,15,347,30,155,7,5,33,11,39,54,108,0,5,261,23,5,4,7,0,49,25,4,58,18,8,4,54,62,6,994,990,87,4,0,15,1,7,70,179,10,0,0,904,696,7,48,588,100,11,498,8,73,0,338,0,291,20,0,404,1449,2,354,5,64,25,55,43,42,8,3,180,39,104,0,987,26
cell369,123,63,96,41,475,11,21,50,268,8,43,57,35,0,91,78,780,0,36,1152,4,54,0,47,24,33,170,8,4,3,0,403,713,4,97,34,27,2964,1,3,209,34,52,803,20,6,136,199,249,88,1,9,5,12,274,122,44,10,38,2,76,1796,79,75,524,1193,0,0,69,7,414,813,44,4,3,0,313,186,314,4,335,58,11,108,158,130,722,37,55,0,27,106,6,290,8,150,6,1127,18,36,30,25,0,1,5,10,363,1,17,31
cell370,153,93,26,53,418,9,38,56,283,13,105,96,62,0,580,115,1059,6,11,868,0,79,0,44,37,73,152,17,6,2,2,337,427,23,26,21,34,5467,0,4,299,38,63,1170,14,16,548,153,291,82,0,51,26,11,325,97,50,11,56,0,38,1323,57,76,465,1342,0,0,59,2,20,811,30,5,1,0,223,129,1401,50,248,59,4,127,525,22,734,24,1,0,23,110,72,182,0,176,139,1229,6,60,40,18,0,14,8,1,40,0,14,15
cell371,249,99,120,31,1605,42,57,276,144,5,23,124,7,0,17,14,21,4,64,562,0,123,0,11,52,69,101,21,8,19,8,256,140,48,7,397,54,3,11,16,39,6,35,39,93,1,0,488,30,8,1,6,14,16,21,12,319,63,1,9,40,91,6,735,1043,76,0,9,17,2,5,82,295,24,20,0,886,655,34,145,207,48,9,286,11,114,100,506,0,4,22,27,349,823,51,407,15,76,19,19,27,49,7,7,181,4,1,0,729,20
cell372,244,190,318,34,2040,61,22,265,146,3,10,96,7,1,5,17,13,0,40,591,0,229,0,16,39,43,142,21,7,5,0,251,167,25,2,394,61,25,2,7,53,3,34,30,107,1,0,328,25,0,4,4,0,21,9,11,51,62,3,6,18,63,13,317,855,74,5,7,18,3,11,67,292,35,3,0,529,782,32,161,184,45,5,390,14,174,0,654,61,0,20,0,195,1224,2,282,7,81,14,46,31,40,2,7,184,9,20,0,1167,24
cell373,65,74,83,30,1538,147,80,235,176,4,26,202,13,8,34,18,22,0,61,489,4,206,0,9,30,52,140,37,6,15,16,216,207,32,5,886,98,254,13,29,71,17,32,97,134,1,0,320,19,4,3,4,4,24,48,7,51,35,10,3,33,109,12,569,990,95,0,6,20,4,4,87,168,11,16,1,733,255,3,2620,149,16,8,160,23,83,0,732,12,249,42,0,65,2416,0,306,0,130,18,18,18,57,10,13,210,144,16,0,243,49
cell374,241,108,94,32,1763,79,193,271,103,1,1,161,16,0,3,12,28,0,48,473,0,230,0,8,66,61,83,33,8,13,0,227,47,103,18,555,40,104,7,0,37,4,43,73,98,8,0,187,22,4,3,15,1,77,32,15,0,25,0,4,62,85,9,426,587,76,11,3,13,0,1,77,237,13,0,0,379,692,3,40,228,100,7,101,33,69,0,519,22,0,22,14,142,1054,6,226,13,86,27,11,36,35,11,2,175,20,39,0,557,67
cell375,179,69,10,38,644,13,23,92,273,8,120,133,60,1,631,74,415,30,24,1182,0,100,0,46,1,78,246,24,23,2,30,468,415,48,117,23,42,2207,0,15,253,62,65,795,22,3,4,110,292,140,7,21,7,23,364,93,61,13,16,0,85,1104,28,372,331,1197,16,0,70,19,38,868,36,0,31,1,234,182,637,23,250,34,11,48,266,29,2,39,209,0,8,105,4,245,4,175,34,1184,2,54,28,10,37,6,11,0,226,0,18,43
cell376,148,85,86,52,726,1,0,96,316,16,30,66,41,0,505,84,1132,29,25,1356,0,66,0,56,11,57,110,5,17,5,0,476,400,59,191,44,37,6512,18,24,244,56,40,785,28,3,19,78,225,6,2,18,47,21,462,85,25,15,42,1,108,1229,97,201,367,929,0,0,74,8,418,869,41,3,29,0,229,114,1811,8,152,52,6,5,258,40,0,35,0,0,32,101,20,220,12,141,45,1253,4,46,53,9,4,1,5,3,55,0,18,30
cell377,175,78,62,37,1061,4,19,190,160,7,37,160,19,0,1,24,12,1,54,522,0,242,0,17,35,42,83,45,2,15,0,247,232,8,10,739,45,0,5,10,48,6,38,97,114,2,4,179,27,3,0,8,1,3,33,12,87,36,4,3,74,103,16,515,562,61,0,14,16,4,31,101,221,14,1,0,678,336,49,356,29,38,12,302,15,162,0,695,0,118,36,0,15,1045,22,349,2,70,6,39,14,38,11,2,88,0,28,0,196,19
cell378,218,154,168,25,1779,50,78,241,118,0,8,117,5,5,1,21,9,2,54,430,6,195,5,18,27,51,124,41,5,18,4,192,60,14,5,882,18,57,11,1,26,4,43,68,111,0,0,267,12,11,1,1,3,94,25,2,115,54,9,4,34,48,6,398,859,67,0,6,17,7,9,57,223,14,3,0,548,619,4,146,219,35,10,126,33,286,0,479,98,4,14,0,3,1297,1,75,11,77,23,7,9,40,9,8,109,1,44,0,1495,65
cell379,167,102,67,53,562,8,12,63,288,5,95,60,83,0,744,39,669,6,52,1323,1,103,0,55,27,45,188,16,61,2,29,450,520,23,38,24,46,2554,9,1,243,119,63,619,20,7,651,232,318,25,4,16,3,26,257,112,23,22,86,1,87,844,101,298,651,824,0,0,69,1,535,951,28,4,11,0,283,176,1787,14,116,29,5,169,582,50,3,36,11,1,12,105,12,247,14,46,35,1345,29,54,52,12,1,2,15,0,360,0,12,68
cell380,174,40,31,21,972,90,25,199,150,6,14,202,17,0,20,17,28,6,60,481,1,378,1,22,52,41,92,45,26,23,0,234,237,20,7,246,47,4,10,5,72,8,53,47,139,3,232,150,40,15,1,11,8,61,22,31,95,38,3,7,71,104,27,504,605,89,0,11,18,10,12,111,206,6,42,0,507,176,36,692,153,84,7,209,20,44,7,793,0,139,40,0,192,2608,27,173,17,122,4,14,12,21,8,17,150,1,43,0,415,3
cell381,183,66,86,42,417,9,15,71,256,6,22,65,45,0,713,67,190,98,29,1116,8,110,32,54,8,53,121,13,47,6,30,416,678,27,24,51,31,472,5,12,261,55,49,884,12,3,113,176,276,46,4,9,0,22,293,194,28,11,58,2,46,1658,96,302,562,1235,0,1,64,4,132,982,74,5,0,0,332,107,298,20,165,22,9,64,420,29,0,31,192,0,7,76,6,215,4,218,6,1192,16,55,26,19,1,13,13,3,125,0,14,10
cell382,152,94,133,19,1167,42,6,193,99,1,12,151,12,3,37,12,18,0,39,343,0,245,6,16,32,29,69,50,4,13,0,186,276,14,19,838,27,25,4,20,33,6,34,46,100,0,0,202,20,1,0,5,5,66,8,7,33,41,5,7,24,55,11,553,769,70,0,6,20,2,6,65,200,9,7,1,504,551,3,271,140,103,3,369,25,56,172,565,28,8,54,0,261,1217,22,280,16,73,9,23,24,38,4,12,224,0,59,0,578,30
cell383,190,97,181,34,1040,59,59,136,114,3,8,157,8,0,8,18,9,1,52,390,0,203,0,16,45,54,90,47,19,17,0,174,130,8,10,299,28,20,3,19,30,1,32,48,107,0,0,425,18,0,1,3,3,40,38,10,9,35,3,5,56,62,13,728,584,55,0,13,15,1,0,58,178,11,7,1,813,699,30,803,129,127,18,345,12,298,0,427,6,245,30,16,223,951,5,336,1,75,5,10,25,51,9,3,173,2,48,0,682,14
cell384,111,86,44,32,436,0,1,82,264,2,241,114,70,0,640,23,1444,70,42,1468,3,51,0,38,92,66,91,11,47,1,6,411,171,74,104,39,32,2949,15,22,280,116,61,1442,24,10,2,51,347,246,3,15,10,9,556,122,28,14,110,4,91,1269,27,415,605,1105,0,2,69,1,33,1010,30,0,0,0,302,134,1316,21,267,46,7,71,531,26,0,61,51,0,12,110,66,374,21,199,5,1376,19,38,62,7,3,2,6,0,95,0,8,72
cell385,185,66,90,37,509,6,60,79,233,2,257,145,104,0,1128,64,472,25,44,1620,0,66,0,53,23,68,135,21,90,7,156,560,856,103,93,60,33,6650,6,1,279,106,56,1232,22,4,0,167,338,39,8,6,1,30,207,156,9,19,87,1,33,2373,66,437,607,869,0,0,54,3,424,1122,74,1,7,0,313,93,638,6,164,26,11,126,583,30,441,55,0,17,2,120,12,573,9,9,76,1383,8,23,34,16,4,6,7,1,43,0,17,144
cell386,148,142,138,24,1389,61,41,237,139,0,29,123,9,1,11,18,29,0,47,410,9,183,29,14,20,47,112,8,4,12,2,210,53,5,11,379,46,27,2,0,36,3,23,50,80,0,0,207,25,0,2,0,0,29,52,7,105,52,6,12,36,52,10,311,439,64,0,1,18,5,2,73,179,12,0,0,251,520,28,522,110,49,10,32,17,61,0,380,0,62,84,0,91,1134,48,207,1,73,7,2,29,39,1,3,150,13,23,0,393,5
cell387,178,48,40,31,841,14,26,148,153,9,24,198,18,1,21,17,22,2,40,480,3,287,0,19,95,27,116,8,7,4,0,205,178,10,10,233,39,231,2,3,73,22,43,107,93,0,0,99,35,4,1,13,1,23,67,17,34,40,6,11,14,120,26,445,325,132,15,10,23,11,0,127,93,10,1,0,471,204,34,88,35,18,10,251,36,66,2,395,0,95,24,0,94,1777,7,226,7,125,14,12,16,39,20,7,101,1,73,0,161,22
cell388,151,99,86,20,1401,40,15,191,86,6,14,129,8,0,14,4,5,1,43,377,0,186,0,8,52,31,116,22,10,10,4,157,78,10,8,242,23,1,16,0,26,6,42,36,79,1,0,208,33,0,1,1,3,72,23,5,134,37,5,10,38,62,5,618,744,78,0,7,20,4,0,76,229,7,14,0,549,826,3,158,150,40,2,539,22,139,0,326,0,2,6,19,179,811,4,352,8,78,14,54,10,41,10,4,159,1,58,0,665,28
cell389,168,241,56,54,561,9,51,81,301,7,32,142,50,0,440,68,569,34,28,1259,0,56,0,56,12,70,174,9,11,5,10,478,659,34,190,32,63,3749,0,5,291,93,42,561,16,4,0,101,240,56,0,44,3,33,249,120,28,5,56,3,71,1640,76,310,665,987,10,2,47,2,229,750,36,0,0,0,261,123,694,54,117,20,13,130,177,51,333,50,60,0,24,103,1,354,10,172,37,1104,23,54,45,12,12,8,1,0,105,0,15,74
cell390,74,85,61,24,1033,33,18,180,124,10,16,113,14,0,24,17,18,1,26,177,0,201,0,18,25,34,81,25,4,10,5,180,129,10,18,204,38,157,7,4,51,6,39,79,78,0,0,365,10,1,0,6,2,24,37,14,17,19,3,17,48,58,15,429,543,67,0,4,30,0,0,82,134,17,5,0,631,509,20,111,359,38,3,635,6,216,1,258,0,82,13,0,19,1323,14,271,27,79,6,16,14,51,4,0,144,29,2,0,575,11
cell391,128,52,125,46,963,33,51,126,105,2,10,100,15,0,28,10,18,1,25,292,0,251,0,14,42,53,78,22,7,8,0,142,26,82,6,305,35,76,9,0,54,18,16,84,82,1,105,162,15,0,0,9,2,64,32,13,29,24,5,6,25,67,27,681,740,35,0,5,11,1,0,109,256,18,1,1,408,379,27,159,294,32,25,86,27,96,0,190,33,354,10,0,355,974,4,99,22,85,33,35,10,45,2,7,119,0,32,0,530,14
cell392,172,81,66,36,585,18,62,120,232,8,167,51,27,0,293,101,979,0,35,1185,0,85,0,48,40,81,120,10,22,2,9,460,452,76,40,10,15,7450,1,4,242,36,43,437,23,7,0,148,285,60,8,36,17,38,241,133,77,18,76,2,84,971,44,217,610,706,0,0,43,4,32,849,51,6,0,0,365,123,2004,17,279,29,3,156,503,34,382,67,66,0,13,44,38,339,23,274,38,1049,22,31,69,11,2,2,3,1,87,1,16,72
cell393,125,62,131,15,1058,17,43,150,162,0,20,157,15,0,12,31,19,2,52,328,7,303,0,19,35,37,89,33,5,14,0,160,122,0,15,395,35,5,4,3,60,6,21,75,95,4,0,148,45,5,1,13,3,32,58,42,30,56,10,7,34,104,36,542,721,114,3,7,25,1,4,85,257,8,0,10,496,198,35,150,73,140,7,112,36,200,0,432,47,14,34,0,196,1383,36,316,0,129,33,88,18,42,6,15,125,0,9,0,206,16
cell394,131,71,68,12,916,40,19,114,143,3,9,88,14,2,7,14,10,0,45,192,0,164,0,13,4,45,76,10,0,12,4,138,203,34,6,204,18,0,6,7,48,1,27,25,86,1,0,131,33,1,0,10,1,29,29,2,15,39,6,2,26,94,4,623,403,70,0,4,19,3,1,77,148,9,0,0,771,329,28,198,543,29,6,407,18,209,1,223,1,232,21,11,6,769,41,395,13,90,11,26,20,53,4,8,130,6,33,0,217,62
cell395,150,117,71,9,861,34,29,158,129,4,35,84,6,0,26,22,14,4,53,342,12,226,1,14,25,23,76,12,12,10,1,147,31,22,4,240,37,164,2,3,47,10,37,56,77,1,0,168,9,8,4,0,1,67,26,8,39,33,10,6,25,71,4,296,557,74,0,0,12,2,5,87,143,9,0,0,345,496,22,71,359,57,5,287,34,96,0,224,9,0,28,1,90,747,0,275,23,102,7,14,29,44,7,5,142,23,25,0,344,11
cell396,163,73,64,26,1092,30,0,157,119,6,14,131,12,2,23,39,17,1,55,427,4,243,0,23,31,62,41,11,3,24,0,165,213,4,7,243,26,57,0,1,53,1,27,75,83,0,0,154,51,24,0,12,0,7,26,8,18,30,6,6,34,19,12,512,703,101,0,10,17,0,0,69,201,3,6,2,447,286,40,149,168,41,5,378,15,50,0,283,64,103,35,0,138,1407,5,188,27,93,8,42,25,58,9,7,179,23,62,0,315,10
cell397,83,83,58,26,454,14,51,77,253,5,200,82,74,0,54,89,812,3,32,1413,45,76,0,45,13,49,141,14,48,5,0,507,606,14,127,64,38,5447,0,3,232,44,46,849,22,13,0,235,238,246,4,29,7,38,207,107,29,11,13,1,32,775,71,252,467,1422,0,1,69,17,145,806,78,2,1,0,290,79,564,25,84,25,15,214,536,69,0,64,125,0,14,91,7,297,7,88,13,1150,17,33,52,13,16,2,11,2,57,0,24,153
cell398,149,151,85,36,634,2,61,92,309,18,103,101,19,0,347,68,734,2,56,1046,0,74,0,63,11,52,135,14,5,14,7,460,785,25,15,85,48,3952,3,26,194,123,60,553,40,3,0,208,238,58,1,8,10,14,194,171,84,25,28,4,79,870,81,463,478,373,8,0,62,14,399,806,57,2,0,0,323,145,1076,52,103,52,10,174,172,32,0,68,81,0,4,64,9,218,0,42,10,1048,9,33,35,12,0,3,11,0,58,0,15,85
cell399,172,80,54,36,1653,78,54,297,139,3,15,147,17,0,2,18,38,2,35,435,0,206,12,12,41,28,120,10,0,27,0,171,11,13,10,249,20,16,3,3,53,12,43,49,102,2,1,234,25,1,0,3,8,58,22,13,1,68,16,7,28,91,17,63,398,69,0,8,14,1,5,88,210,13,0,0,456,496,26,61,82,53,8,405,9,258,0,426,90,54,89,0,0,1275,4,215,20,80,1,23,20,60,3,8,123,0,21,0,170,36
cell400,151,67,61,36,958,30,5,148,120,2,24,152,7,0,6,20,24,2,58,452,2,223,0,15,57,34,84,34,4,23,4,192,72,28,13,184,27,204,13,11,53,14,36,48,93,0,165,182,23,4,0,8,0,65,26,16,68,38,12,12,11,64,12,453,512,79,0,16,15,2,0,92,125,8,53,0,354,368,16,90,201,37,13,383,24,74,0,368,1,224,24,0,120,891,18,194,2,97,8,10,25,60,17,4,122,12,40,0,286,12
cell401,163,33,55,27,892,17,20,129,151,6,8,68,14,0,11,10,18,18,43,372,0,232,0,14,53,64,78,28,5,33,0,204,47,12,1,229,16,15,8,16,58,10,15,57,99,2,0,280,16,5,0,2,6,12,48,11,83,52,1,4,51,36,24,591,752,34,0,4,14,4,1,91,241,11,6,0,726,220,22,89,283,15,6,257,15,87,0,280,0,24,17,0,310,1351,35,370,4,122,2,1,20,50,4,1,119,91,66,1,280,17
cell402,180,58,78,36,728,8,8,58,298,1,110,162,11,0,425,80,1194,2,23,1851,2,55,0,49,40,36,226,9,2,5,10,528,85,4,229,59,29,335,1,0,228,59,68,1084,39,2,2,207,253,191,4,25,3,42,392,123,287,22,34,2,43,1746,48,422,604,898,0,0,52,9,647,895,78,0,37,0,422,97,570,20,206,24,6,338,128,63,0,52,145,4,4,113,0,266,16,166,1,1259,4,26,16,11,5,5,10,0,18,0,15,58
cell403,138,94,104,9,765,28,55,131,101,0,2,91,3,1,10,7,5,2,32,432,0,221,0,19,33,40,103,27,9,11,13,166,65,4,14,337,32,23,0,6,41,1,30,74,89,0,199,82,23,2,1,4,2,58,41,10,180,41,5,0,43,60,6,535,736,66,0,2,25,4,2,74,142,24,1,0,515,357,13,31,310,25,10,193,6,87,0,323,0,175,13,16,183,836,12,149,1,72,10,18,16,45,7,3,101,1,52,0,226,14
cell404,142,53,78,26,862,9,71,171,101,4,3,110,20,0,16,21,25,0,41,329,0,147,0,17,20,35,91,13,6,21,11,175,164,13,2,366,48,18,10,6,46,9,27,67,76,0,0,218,6,5,0,0,7,44,26,21,89,37,8,4,20,83,7,765,682,92,0,0,22,11,4,74,202,6,0,1,667,294,28,49,169,51,0,633,24,54,35,278,29,15,9,26,163,840,59,316,1,89,4,27,16,51,4,3,158,3,49,3,129,11
cell405,152,40,83,19,806,12,130,138,82,2,15,183,3,7,16,25,26,1,49,286,3,163,0,13,31,24,81,24,1,9,0,142,166,0,10,103,15,164,6,6,63,8,44,87,101,2,0,141,42,0,2,3,6,35,30,6,43,43,5,14,24,105,25,500,543,85,0,0,16,0,0,103,150,38,0,0,500,236,27,40,221,12,12,187,27,130,0,266,21,1,30,0,89,1181,2,192,8,118,0,28,21,42,7,5,95,18,54,0,166,6
cell406,51,29,49,14,1090,94,0,227,121,5,4,106,7,10,22,10,13,0,35,308,4,183,18,10,27,62,78,17,10,4,0,149,250,46,13,224,30,121,8,8,73,1,23,46,96,1,223,406,28,9,1,12,3,18,50,37,28,41,4,2,63,79,22,499,1110,97,2,1,20,0,2,91,205,14,0,0,908,227,52,717,1018,9,8,320,42,222,0,331,58,0,23,0,315,1053,0,514,26,108,2,46,15,60,10,12,130,3,26,0,405,12
cell407,243,69,32,44,868,4,26,92,300,5,333,128,41,0,132,52,865,0,36,1544,2,63,6,41,11,34,178,27,12,10,0,495,271,27,38,74,76,511,4,0,262,112,61,973,41,1,3,262,254,81,2,11,4,62,296,161,98,14,62,0,133,1605,104,226,820,1314,95,2,77,7,7,1005,60,6,10,0,395,126,1824,25,248,36,12,408,116,150,444,92,124,5,11,116,14,431,8,219,86,1332,26,71,42,14,0,7,6,0,64,0,14,22
cell408,124,109,56,50,790,13,41,91,321,12,26,52,65,0,305,63,439,2,27,1079,0,50,0,50,17,86,161,26,26,2,0,440,331,14,197,71,47,2463,0,9,285,142,54,381,23,7,0,295,310,96,1,20,36,41,304,183,50,17,58,0,35,1128,95,384,494,1260,14,2,69,8,0,935,98,2,41,0,361,218,1479,44,14,42,6,25,100,89,0,73,313,0,22,139,15,227,1,181,54,1260,16,50,64,20,9,4,9,2,70,0,17,57
cell409,75,62,108,18,1045,17,36,134,117,3,18,77,17,0,20,11,23,1,20,388,2,100,0,20,23,33,86,17,9,12,7,160,23,0,2,198,56,165,8,1,60,5,27,60,59,1,0,214,31,9,0,1,1,47,60,30,84,48,7,7,42,80,16,330,597,49,1,2,18,3,0,102,172,22,2,5,548,212,7,61,87,21,13,658,39,112,0,297,0,0,40,21,152,954,13,167,0,121,31,19,18,48,6,0,138,0,23,0,358,17
cell410,183,75,31,35,1061,14,10,174,140,2,47,89,9,0,11,33,22,8,42,270,0,171,1,17,34,17,79,29,10,11,0,152,5,21,14,361,21,2,5,39,49,2,29,72,70,4,0,186,17,2,1,9,2,25,26,29,91,29,5,6,28,90,8,525,972,130,0,3,15,0,15,92,226,20,0,0,688,293,48,173,390,42,6,188,21,52,0,263,0,13,16,30,516,886,2,199,29,110,9,22,20,54,4,3,160,7,34,0,243,28
cell411,177,93,41,47,475,7,21,46,280,5,30,130,28,0,304,107,1009,61,25,924,1,73,10,61,50,37,97,8,58,7,3,336,675,111,187,86,23,6731,0,7,232,64,53,610,20,8,412,209,335,29,1,51,12,23,519,90,17,14,55,0,50,1599,59,261,329,1425,1,0,43,12,10,1076,55,1,3,0,327,141,727,21,183,47,6,178,126,64,0,60,107,0,4,94,95,186,0,62,59,1459,8,30,22,15,11,2,14,1,58,3,14,20
cell412,126,84,72,36,1110,37,5,176,143,9,8,128,11,0,39,17,19,0,17,271,0,227,3,17,24,27,59,27,6,22,13,139,118,28,30,236,38,98,9,2,51,5,33,54,93,1,0,248,17,5,1,3,1,48,42,20,12,26,4,4,55,110,24,428,791,55,0,7,20,4,5,92,99,8,0,0,609,231,0,77,36,24,9,260,6,106,0,306,0,0,19,19,237,807,26,351,0,95,8,26,24,55,5,3,181,0,59,0,214,39
cell413,136,96,111,28,1081,7,123,157,141,3,14,153,2,0,6,16,13,0,54,325,0,281,0,12,20,25,83,7,1,15,2,140,25,16,19,231,92,3,7,1,62,13,43,78,82,2,0,222,14,2,0,0,3,11,56,12,113,14,3,3,43,41,36,232,628,68,1,7,16,0,0,91,180,12,0,0,597,428,28,71,904,47,5,466,9,60,143,225,12,0,23,0,233,1285,14,360,6,101,19,17,10,52,12,2,109,8,8,0,127,14
cell414,201,65,78,42,601,1,118,112,307,6,93,105,61,1,687,45,731,26,27,673,1,73,0,54,37,58,75,14,11,1,0,354,27,6,131,38,13,0,0,3,257,77,60,796,21,3,4,271,271,40,1,11,4,42,201,35,58,16,21,0,57,1444,63,710,668,1207,1,4,72,9,203,964,107,8,13,0,258,70,1826,135,253,31,7,575,410,147,2,59,45,0,23,91,3,379,23,112,21,1209,7,52,14,14,7,9,16,0,53,0,21,17
cell415,133,66,80,31,906,66,1,226,102,1,25,161,14,7,11,23,22,0,65,163,1,177,0,12,16,30,62,32,0,9,1,118,30,21,6,350,27,112,10,4,56,3,29,48,74,0,0,239,18,3,0,4,7,25,32,4,168,37,10,7,20,77,9,211,482,94,0,9,26,5,4,88,172,8,2,0,500,272,12,56,144,103,4,159,18,109,0,229,15,0,32,0,2,1154,60,290,7,106,19,10,36,62,5,1,107,0,34,0,180,111
cell416,135,59,58,36,540,3,71,68,284,13,10,88,58,0,283,76,193,55,14,1030,3,56,0,42,18,47,110,22,64,3,9,365,28,39,150,60,78,3219,0,8,271,78,58,891,18,25,570,249,298,392,3,36,7,20,276,90,41,13,92,0,35,1466,93,345,482,1497,0,1,73,7,52,938,69,1,0,0,370,123,249,30,299,27,11,40,449,30,0,53,29,0,8,106,14,147,1,257,102,1347,37,15,29,10,2,1,9,3,33,0,9,20
cell417,132,58,76,30,463,9,30,58,213,5,136,74,31,0,279,40,486,0,12,878,0,50,0,49,8,41,119,19,25,2,22,345,187,87,54,76,16,7283,0,36,228,65,54,632,30,11,145,216,276,87,3,52,28,10,121,116,21,12,38,1,45,1239,86,73,675,1528,2,2,65,18,6,877,90,7,0,0,440,88,1184,34,263,23,9,183,212,47,0,56,38,0,8,51,45,88,21,270,110,1239,10,42,15,10,1,0,11,0,69,0,23,4
cell418,129,71,63,32,574,18,29,111,94,7,8,140,13,0,17,11,5,1,45,308,0,235,0,14,19,34,93,18,15,9,0,128,41,34,4,60,14,50,1,8,52,8,22,67,61,0,0,225,36,5,1,3,0,28,46,30,46,17,0,1,40,84,18,275,280,58,0,0,24,3,0,86,171,14,8,1,470,348,1,61,8,57,6,422,20,197,0,185,0,0,18,0,287,1213,32,350,43,112,1,1,21,47,5,2,125,1,47,0,183,39
cell419,179,83,39,38,811,7,26,67,316,7,69,84,56,0,90,100,910,2,54,996,1,64,0,66,35,42,158,18,27,3,0,309,32,97,148,49,33,6961,0,51,259,81,56,602,22,3,0,329,299,348,1,43,13,67,215,93,21,15,80,1,99,801,107,730,881,1390,19,2,73,17,264,923,18,7,0,0,537,214,2282,55,538,51,7,288,156,43,0,43,108,0,23,94,0,376,2,372,43,1312,3,27,54,20,2,2,11,3,23,0,16,53
cell420,150,80,64,24,659,33,86,125,330,7,210,122,69,1,383,67,984,0,36,912,4,82,4,72,4,27,139,16,42,2,6,302,640,31,3,15,34,544,0,19,306,58,25,718,7,2,0,307,232,59,3,16,6,46,267,220,67,8,4,8,52,1406,78,460,861,1290,0,3,78,12,4,990,45,4,3,1,674,134,193,26,108,63,8,453,323,135,0,59,133,0,15,110,34,236,64,430,75,1235,29,43,38,13,1,2,7,6,21,0,8,65
cell421,139,129,32,29,855,20,5,163,125,2,1,156,2,0,27,16,18,0,53,243,5,279,0,18,22,26,85,32,5,18,61,118,142,44,9,114,46,150,0,6,59,0,24,87,71,8,27,120,41,28,1,13,0,57,50,13,8,26,9,2,31,82,26,242,600,103,0,0,27,4,1,101,155,4,1,0,539,344,45,171,22,63,11,352,37,132,69,167,62,4,6,0,33,1355,12,261,24,99,21,1,18,57,3,6,140,8,32,0,336,72
cell422,189,201,61,36,790,7,57,136,317,6,17,101,64,0,212,129,777,1,28,712,6,71,0,55,21,79,148,23,44,4,0,297,49,43,8,60,35,1348,13,3,271,98,63,1226,17,3,0,237,339,13,8,33,19,52,205,123,28,14,108,2,51,2521,83,544,596,1222,0,1,80,9,679,996,37,1,4,0,461,241,2668,28,166,43,5,458,328,43,0,31,86,0,17,113,65,160,2,142,53,1349,9,29,25,9,1,5,21,2,6,0,12,81
cell423,174,59,50,25,892,9,52,184,109,2,24,125,8,3,11,13,33,5,54,314,0,369,9,15,22,40,93,18,9,6,13,138,72,56,14,212,42,157,3,2,61,8,17,67,75,4,0,232,19,8,0,12,3,29,34,4,10,34,6,1,57,80,23,373,180,131,0,0,7,4,9,86,162,10,9,0,520,225,64,155,129,133,9,575,40,42,16,224,0,0,8,0,342,2407,11,340,0,101,5,18,28,47,9,4,121,7,21,0,217,76
cell424,132,61,71,21,707,10,1,119,127,1,7,110,14,0,43,18,17,1,41,298,0,256,0,14,34,33,61,15,5,9,0,119,13,8,12,102,30,0,2,1,52,7,25,72,67,3,0,230,28,2,0,4,17,7,55,10,84,26,6,3,25,66,25,505,682,100,1,0,28,4,10,85,95,9,5,0,607,282,22,75,395,39,3,376,23,109,56,173,1,0,19,0,278,1569,59,398,8,107,5,3,21,48,5,8,140,0,40,0,284,5
cell425,140,53,34,26,960,28,38,127,89,2,9,129,13,0,10,12,37,6,39,242,4,334,0,17,2,50,96,12,15,6,3,131,54,68,7,146,12,219,8,6,56,6,20,85,59,8,1,222,21,1,0,3,2,14,35,24,102,36,3,4,32,53,32,587,869,75,2,0,15,1,1,80,166,4,0,0,648,354,14,604,185,109,0,494,16,147,65,178,0,0,33,0,90,2083,0,461,12,112,6,0,16,53,13,3,95,20,8,0,312,0
cell426,118,63,44,29,1044,38,122,135,128,13,17,146,7,4,36,16,16,12,67,250,1,357,0,13,33,38,75,24,3,11,0,147,65,26,13,38,49,201,9,2,57,5,30,78,70,2,0,315,25,2,1,11,1,35,64,7,6,23,4,3,29,83,51,610,429,80,0,0,32,2,33,75,254,10,6,3,660,386,18,127,520,75,7,288,24,130,1,192,22,29,21,0,72,1980,38,455,12,103,31,62,30,53,5,8,99,3,23,1,199,45
cell427,157,95,58,48,574,10,2,56,226,24,319,147,47,0,27,79,704,10,33,874,0,118,0,38,16,27,150,13,20,9,26,358,418,120,25,82,30,1599,0,7,304,118,38,1164,26,7,1,225,313,202,0,10,5,53,308,129,26,14,60,0,62,1875,111,725,328,1421,0,3,76,25,519,1008,66,3,0,0,615,111,1708,82,224,48,5,571,294,75,538,51,20,12,10,111,0,181,1,284,157,1259,11,55,27,12,4,6,23,0,32,0,10,54
cell428,87,30,60,25,877,48,51,153,87,0,25,206,4,0,50,14,20,6,37,288,0,215,23,17,20,56,82,9,3,9,0,132,49,5,7,266,34,197,3,20,55,8,23,66,92,3,0,294,46,1,0,6,1,26,33,17,67,53,2,15,16,101,34,987,992,52,0,0,20,3,6,91,268,6,0,0,980,205,40,364,122,30,3,276,41,35,0,269,6,0,43,1,397,1630,30,196,1,105,26,64,11,54,6,6,67,1,27,0,128,3
cell429,169,57,50,26,1551,191,102,242,156,2,44,297,17,3,15,16,17,0,107,287,0,291,0,16,18,44,83,27,16,3,53,139,120,23,2,430,33,104,11,15,46,2,36,97,93,3,3,83,25,5,2,7,6,50,41,19,43,22,10,3,4,99,22,468,342,105,0,1,17,2,1,100,250,16,1,0,390,250,73,42,241,76,12,73,20,99,0,397,12,0,51,14,11,2390,63,311,13,94,3,12,19,51,12,12,81,0,55,0,349,11
cell430,138,38,46,27,585,8,35,89,125,4,16,84,15,0,8,16,15,0,43,425,0,259,0,21,5,31,111,30,21,10,0,164,83,13,7,151,35,37,3,4,62,6,28,65,68,2,0,160,26,8,0,4,1,16,40,31,40,27,4,5,21,94,9,571,301,124,0,0,18,5,12,88,185,6,32,0,599,197,11,106,277,31,13,220,39,63,0,171,1,0,7,16,267,1408,9,358,14,119,16,44,16,61,7,8,76,7,56,0,295,27
cell431,152,38,65,21,646,34,26,108,91,2,19,122,8,0,2,23,26,4,33,348,0,324,29,22,16,29,114,23,7,10,0,148,63,50,9,204,66,107,12,2,38,1,23,62,89,5,95,286,43,7,0,5,7,50,41,7,118,23,5,1,35,103,11,682,582,47,0,0,19,3,2,78,191,12,2,2,357,199,16,61,286,69,9,172,7,63,537,169,2,0,49,0,1,1305,21,209,10,112,13,17,15,51,5,3,71,10,15,0,200,42
cell432,117,94,82,7,499,4,2,89,85,2,7,107,18,1,20,23,24,8,28,210,0,241,0,12,15,14,72,16,0,8,24,122,37,55,11,35,46,42,6,9,61,7,27,73,69,1,23,189,31,5,1,12,1,17,40,13,2,30,4,3,36,74,14,384,344,63,0,0,20,2,0,87,111,6,0,0,375,179,15,65,120,29,2,22,23,12,498,215,4,0,41,0,369,1540,2,96,1,109,19,41,20,39,2,9,115,0,44,0,389,13
cell433,200,60,49,23,980,104,10,239,120,0,5,181,9,1,10,18,17,0,23,333,0,273,27,11,17,41,90,41,1,8,0,148,52,1,0,360,44,5,4,12,45,10,18,64,82,1,20,212,41,5,2,5,3,29,34,19,91,47,6,0,4,117,15,289,373,53,0,0,22,4,3,86,97,18,8,0,409,240,5,62,220,59,16,129,22,101,1009,313,0,0,27,25,0,1199,7,233,1,107,4,2,29,50,10,4,118,0,56,0,203,4
cell434,177,48,57,28,793,40,26,108,108,3,4,97,18,2,29,16,15,0,46,320,2,242,3,11,28,30,91,25,3,10,1,149,131,35,2,164,42,140,10,6,46,5,29,51,81,0,4,80,25,2,0,7,7,6,35,1,17,46,1,10,68,60,12,638,717,72,17,0,21,1,2,73,137,10,1,2,636,202,17,151,624,118,5,251,21,23,0,216,2,0,27,24,273,1189,39,218,7,85,32,36,22,57,4,0,102,0,57,1,331,8
cell435,128,80,95,39,620,8,16,80,296,3,96,132,99,0,2145,88,1069,4,32,1016,7,104,0,68,15,30,183,20,48,7,0,408,861,30,92,35,45,361,8,2,308,43,41,1074,31,4,24,225,401,141,4,18,12,14,389,246,13,15,78,1,71,1234,140,514,646,1537,0,2,65,7,1331,985,52,5,1,0,483,135,1233,42,96,69,8,224,294,24,352,60,47,0,30,100,14,561,0,379,39,1426,1,86,46,16,2,2,14,0,13,0,11,60
cell436,172,59,63,11,1051,47,47,201,115,2,8,150,19,0,1,13,25,4,28,343,0,233,0,9,17,56,76,18,0,6,3,156,47,17,9,400,23,14,9,8,47,3,21,54,93,0,26,308,35,2,2,7,1,42,33,8,103,32,4,3,44,76,28,780,1030,65,0,0,14,2,4,74,232,9,1,0,936,269,9,118,220,82,8,640,23,173,228,367,0,2,27,0,346,1429,4,514,4,96,9,71,25,49,17,4,122,13,110,0,378,30
cell437,180,56,57,22,941,14,8,120,74,1,32,138,18,0,10,5,17,0,31,228,1,187,8,17,54,52,104,24,2,19,0,186,78,24,15,157,32,12,3,9,58,8,48,75,97,0,0,266,37,2,0,3,6,44,33,14,53,30,4,1,24,52,14,764,522,71,0,0,12,6,2,82,121,17,0,0,636,193,14,15,170,94,11,126,10,208,0,289,4,158,37,19,241,1123,17,249,0,103,10,29,35,36,7,4,92,0,75,0,318,19
cell438,203,61,67,24,910,22,19,154,154,5,12,108,7,1,12,10,19,4,40,554,1,242,0,17,57,72,138,28,1,20,19,258,77,9,3,255,55,211,1,13,61,1,39,72,73,1,0,254,13,3,3,7,3,88,50,17,94,35,6,1,33,79,27,512,323,71,0,2,19,1,4,82,166,8,5,0,525,180,33,113,14,30,5,20,26,61,0,206,37,0,41,7,190,924,51,327,27,97,17,0,24,42,11,2,94,0,178,0,322,13
cell439,54,172,67,30,586,12,32,44,225,9,171,136,54,0,716,98,339,26,39,831,0,93,0,64,26,49,123,1,39,0,1,301,179,18,88,36,37,4697,30,2,233,57,53,377,47,12,0,110,352,22,7,38,25,29,245,114,5,16,30,1,52,1333,139,273,451,771,0,1,52,3,0,885,98,2,0,0,302,130,1442,13,187,86,10,51,105,16,296,72,50,0,12,101,0,314,22,268,109,1178,18,61,13,18,11,7,9,0,48,0,15,92
cell440,183,66,60,31,662,82,22,114,363,7,65,207,46,0,64,100,589,24,23,1007,12,119,0,47,22,69,131,32,0,3,1,356,7,99,73,51,62,403,1,21,271,108,49,1820,38,1,575,262,379,15,0,122,19,24,409,94,94,23,69,1,47,2487,75,229,324,1862,0,1,80,2,685,1124,44,9,6,0,416,98,1794,66,446,47,8,74,431,31,1515,90,22,0,14,113,87,583,8,63,171,1475,1,73,31,10,3,8,10,1,2,0,13,19
cell441,132,61,74,22,745,11,88,162,132,1,15,170,11,0,27,13,8,3,33,477,0,277,0,19,48,41,125,28,3,21,0,223,16,2,2,191,54,67,6,1,55,5,40,84,76,0,0,177,38,0,2,4,0,6,43,9,132,37,24,13,25,66,32,759,386,66,0,0,21,6,4,99,199,3,18,0,567,179,17,64,131,12,4,240,31,69,1,251,0,32,50,0,226,1027,25,377,52,80,2,18,13,38,5,7,103,0,40,0,389,41
cell442,94,101,80,31,482,36,5,60,271,6,137,153,46,1,443,62,1288,30,25,848,1,119,0,66,20,41,169,13,27,5,0,298,7,39,118,74,65,5082,6,8,340,99,54,1367,50,3,239,201,378,306,2,13,4,21,328,129,16,11,65,5,44,1887,117,436,485,1358,0,2,81,8,58,927,35,7,1,0,378,137,1443,22,98,63,5,393,76,14,1140,105,151,20,47,122,18,289,2,32,2,1480,12,13,28,10,0,10,15,0,14,0,15,74
cell443,71,49,66,22,604,35,2,111,121,3,5,112,6,0,4,10,24,0,62,655,0,149,0,16,80,60,124,25,9,13,2,268,102,11,6,214,20,109,4,1,50,6,26,57,106,0,0,199,22,7,0,13,7,22,36,29,107,34,4,2,19,119,6,504,689,98,0,0,13,0,1,94,214,14,0,0,463,124,15,96,411,52,10,346,18,43,196,363,0,0,39,28,136,1227,0,327,4,88,17,95,16,58,9,2,108,1,125,0,349,7
cell444,41,72,45,17,646,49,10,118,126,0,19,114,17,4,15,23,16,0,40,729,0,264,12,15,46,59,175,7,7,9,0,270,148,30,5,331,52,53,13,10,55,1,46,21,102,3,1,127,26,3,0,7,3,19,39,12,75,45,4,15,17,82,17,703,792,84,3,1,23,6,0,87,144,11,2,3,712,185,12,80,124,17,2,594,20,75,0,370,3,0,33,24,64,1233,42,255,19,110,23,8,10,51,5,2,122,0,72,0,246,7
cell445,147,83,60,43,466,22,28,81,280,7,63,158,39,0,1185,38,998,49,30,398,0,144,35,55,13,43,63,20,46,11,4,258,82,25,147,57,37,2212,0,14,307,54,41,956,30,17,1,200,330,131,2,39,24,19,391,108,21,11,112,16,47,2456,45,357,453,1923,100,4,57,13,84,1160,93,0,0,0,361,106,204,17,226,48,3,112,399,16,742,60,65,0,4,101,176,598,74,304,35,1522,7,44,48,18,6,4,12,0,28,0,14,39
cell446,196,39,67,25,969,19,18,180,166,2,57,173,3,0,40,14,24,6,55,1094,0,210,0,16,118,60,206,31,4,2,0,350,81,124,28,268,5,79,15,0,51,15,44,46,86,1,13,189,49,3,4,10,4,25,30,15,138,27,7,11,17,84,4,449,515,75,4,0,22,3,6,77,185,7,1,0,556,174,38,25,94,43,24,135,21,25,0,593,27,0,42,16,1,1375,18,116,1,103,19,18,12,47,8,4,132,1,59,0,214,91
cell447,220,62,38,5,1684,659,64,316,78,7,5,206,14,1,13,22,18,0,45,745,3,213,32,11,105,59,162,71,1,44,0,299,628,4,2,1324,55,141,6,13,54,6,36,83,136,0,0,336,31,3,3,5,1,99,72,8,5,42,5,2,10,82,13,589,606,111,0,1,12,2,4,96,310,9,0,0,495,133,23,67,129,2,28,284,9,69,426,839,0,0,73,36,2,709,2,306,9,93,3,4,8,61,3,7,152,11,109,0,275,30
cell448,136,81,60,39,374,12,36,71,256,12,100,184,34,0,1715,84,1366,34,39,774,14,166,0,60,12,42,114,5,55,3,0,261,76,1,176,37,65,308,0,11,275,62,36,798,15,19,0,217,306,167,2,42,4,27,443,115,170,14,69,4,62,3141,105,509,449,1471,13,0,84,10,1,1114,74,3,13,0,646,87,517,264,197,77,5,181,338,76,1,68,18,0,10,119,18,1038,4,25,0,1581,21,62,34,17,5,16,15,1,12,0,16,49
cell449,138,65,52,42,447,16,24,53,323,20,279,122,71,0,756,119,490,28,36,899,31,97,0,47,4,44,112,7,91,5,30,320,181,46,47,51,24,5045,2,0,293,137,48,1170,18,6,471,201,432,34,0,33,24,22,482,108,32,11,64,1,35,2844,108,303,260,1484,0,5,81,26,222,1110,78,1,1,0,300,105,2340,37,50,33,6,70,528,10,731,52,73,17,15,136,6,512,25,221,84,1825,1,63,50,13,4,4,14,2,36,0,17,32
cell450,152,59,39,40,415,9,2,41,260,5,130,153,55,0,1250,111,814,4,37,853,14,117,0,64,42,51,172,3,25,3,0,252,359,33,47,60,66,6173,1,2,286,85,60,1016,27,5,26,218,374,119,0,24,75,15,298,137,0,13,70,2,53,1527,61,238,435,1731,13,1,67,6,513,865,13,0,0,0,290,97,604,30,82,88,10,83,440,14,454,73,57,0,20,123,76,625,50,87,233,1400,18,50,27,17,8,6,6,0,2,0,11,16
cell451,127,83,49,29,448,10,43,76,252,14,73,226,42,2,1071,44,352,17,39,712,0,124,0,66,17,51,125,28,7,6,0,277,52,28,47,105,62,206,0,8,255,81,45,605,26,8,2,293,381,105,1,32,26,15,400,139,32,19,85,0,58,1276,51,276,519,1312,3,1,75,2,574,955,65,1,0,0,235,78,501,44,199,60,5,291,331,43,370,84,64,0,13,40,0,422,1,189,173,1136,11,21,39,12,2,4,8,0,22,0,18,63
cell452,186,55,45,21,898,39,3,142,114,0,14,147,9,5,4,8,33,1,27,1128,4,266,2,18,61,71,106,11,9,17,0,336,34,39,29,424,29,204,4,2,47,1,43,71,84,0,0,265,26,13,9,6,10,23,30,12,121,35,7,2,52,112,13,681,1334,97,1,1,16,0,4,90,120,20,0,0,693,140,34,26,92,51,12,623,17,38,0,251,26,38,67,28,66,1400,6,417,16,118,18,32,3,39,3,0,121,1,82,0,912,22
cell453,154,64,63,49,532,12,42,79,298,11,225,169,30,0,1654,21,710,24,26,892,1,77,0,67,4,42,112,18,1,4,15,291,112,28,193,43,35,588,17,32,298,111,47,987,26,7,7,77,383,49,4,23,10,11,288,153,4,12,98,3,63,2219,48,387,576,1519,0,0,69,16,111,987,62,2,22,0,352,115,776,46,276,73,11,38,135,40,648,84,3,0,50,125,4,329,12,228,109,1384,9,74,27,14,4,10,5,7,33,0,19,11
cell454,82,65,57,34,477,2,31,55,288,18,186,156,69,0,1028,106,1351,11,51,775,0,153,0,44,13,30,68,5,21,7,0,245,0,11,136,25,44,1723,0,4,272,18,44,958,21,3,0,154,323,37,2,74,34,16,376,175,34,10,98,1,40,3199,57,240,293,1470,0,3,60,3,0,1083,57,0,0,1,298,104,353,30,215,40,18,166,281,51,223,58,82,0,23,92,16,330,46,162,170,1273,13,66,32,7,2,11,5,7,72,0,17,2
cell455,154,41,34,8,567,17,26,132,110,8,13,194,22,0,42,23,22,16,28,432,0,294,9,13,34,60,120,17,29,10,0,321,16,13,8,316,16,330,1,15,35,4,53,116,83,2,0,209,34,7,3,12,0,23,44,37,180,45,2,8,21,114,41,620,572,114,0,0,20,9,13,108,210,10,16,0,572,73,103,116,234,82,6,225,55,18,0,238,33,0,22,0,17,2115,24,322,2,136,33,1,10,53,6,2,124,0,13,0,482,3
cell456,161,45,38,9,704,39,70,130,180,3,21,124,19,1,21,20,19,0,38,885,1,225,0,22,42,59,127,28,4,21,6,331,167,51,15,235,35,42,7,2,54,12,29,87,84,1,0,216,28,3,2,13,8,8,24,22,62,36,3,13,30,105,16,778,663,118,0,0,20,2,15,108,159,13,0,0,647,113,91,61,465,37,10,676,30,44,0,293,0,0,9,33,28,1302,0,117,3,126,17,94,10,55,7,3,109,12,367,0,1189,18
cell457,119,50,33,9,774,63,64,124,98,7,12,109,13,10,25,39,29,2,50,864,7,252,43,26,24,52,157,27,8,27,32,341,278,7,7,84,52,233,4,9,58,3,66,52,96,2,61,161,57,1,1,7,4,28,50,16,231,48,1,0,34,135,50,713,708,142,0,0,17,2,22,125,211,4,0,0,845,150,47,192,735,73,14,147,28,16,3,301,35,0,23,33,169,1387,51,259,18,143,8,2,6,55,0,3,143,13,90,0,637,17
cell458,143,46,55,10,596,12,53,114,100,4,3,229,18,0,1,34,36,0,47,512,5,215,0,22,57,56,71,14,18,4,13,242,88,27,8,364,47,30,12,34,66,0,31,125,78,5,0,264,42,11,1,6,13,17,61,18,37,39,12,0,11,129,20,787,510,102,0,0,27,8,4,102,254,11,28,12,703,131,20,175,100,81,7,417,42,43,0,343,0,0,27,0,171,2086,26,418,3,131,15,28,7,48,12,1,77,1,64,0,1312,23
cell459,184,48,71,20,873,37,29,157,134,12,20,112,8,21,6,30,26,5,34,565,0,248,0,18,43,47,116,33,6,16,0,254,347,5,6,198,49,163,7,6,86,1,36,121,86,3,103,41,11,0,1,21,0,10,78,6,17,49,13,4,44,89,24,749,287,115,0,0,27,5,6,109,138,6,0,26,585,173,70,138,124,25,6,159,13,102,16,270,0,0,22,0,306,1635,4,331,31,135,33,3,4,63,5,6,147,0,58,0,660,46
cell460,60,38,57,13,806,12,35,131,179,2,25,159,15,0,45,27,50,2,25,444,1,217,0,20,38,27,94,19,8,7,0,180,37,36,2,199,37,62,6,8,82,9,30,112,81,3,0,297,36,6,0,12,2,6,59,53,134,34,3,1,44,97,47,603,537,109,4,0,21,1,0,110,75,22,4,12,569,159,60,71,96,52,9,648,18,8,0,269,0,0,14,0,18,1071,1,154,3,126,30,43,4,32,11,6,131,3,40,0,1014,63
cell461,174,48,73,24,868,32,15,109,140,8,33,155,10,0,12,23,20,5,46,544,1,241,11,27,25,27,72,7,6,4,0,214,160,76,11,372,54,158,18,22,70,1,43,90,83,1,0,156,30,2,1,12,4,32,49,32,34,28,2,12,6,124,29,524,378,114,0,0,26,0,4,91,204,17,0,16,529,141,18,51,51,38,6,70,28,73,536,273,0,0,37,28,165,1152,1,200,19,108,20,10,13,52,6,7,153,23,92,0,1507,11
cell462,171,82,49,33,847,37,52,94,269,15,52,176,64,1,1409,107,1111,5,29,492,0,134,0,50,13,33,148,18,5,4,0,228,192,28,167,142,69,1575,0,13,348,181,47,703,63,34,0,372,423,166,1,61,16,26,454,183,17,30,96,4,59,3428,57,298,321,1356,0,1,83,8,0,1077,47,5,0,0,450,106,1933,632,77,63,10,410,91,47,0,122,41,0,59,127,1,348,0,118,17,1591,31,31,46,13,19,8,11,1,33,0,10,93
cell463,173,76,40,46,499,20,51,102,252,23,241,158,34,0,1134,69,703,14,53,688,0,147,1,63,34,28,99,20,43,8,0,244,373,85,2,35,27,577,0,10,278,53,41,819,20,13,0,268,349,141,1,17,7,20,392,117,36,9,74,0,78,2473,59,149,460,1124,95,3,77,13,286,1095,48,2,36,0,381,121,667,50,189,52,0,56,490,15,0,97,26,0,19,95,109,630,34,123,79,1465,0,41,33,16,0,3,17,1,81,0,23,13
cell464,206,74,52,36,859,46,62,106,364,7,200,133,25,0,564,50,892,4,35,1026,0,104,0,41,17,37,178,12,90,6,6,333,229,50,129,51,63,3245,15,10,294,55,39,653,49,1,0,265,443,228,3,10,27,82,347,213,61,20,44,1,45,3438,142,829,809,1804,24,1,82,12,11,1125,100,2,16,0,678,142,432,99,25,30,7,470,656,96,10,88,61,0,21,99,0,653,26,364,87,1493,12,73,21,13,13,5,6,0,49,0,13,6
cell465,117,44,78,16,490,43,45,113,119,2,47,81,9,0,9,26,19,2,47,244,0,185,11,11,59,57,150,15,1,3,0,203,344,33,6,140,19,2,7,11,79,4,20,64,45,1,1,329,51,2,6,4,3,28,54,8,72,29,7,1,12,139,25,557,471,119,1,1,21,2,0,92,133,9,1,0,496,254,34,50,251,22,9,369,30,43,0,160,1,0,18,22,44,1018,2,226,1,107,33,18,25,68,3,2,130,0,40,0,1954,93
cell466,142,50,110,13,799,38,46,125,114,1,21,72,7,0,25,28,48,0,38,464,2,145,0,15,28,56,134,26,1,6,0,186,17,79,5,132,29,202,10,11,54,6,37,58,70,1,8,362,47,3,2,2,7,30,46,36,58,23,7,5,18,67,17,857,439,78,1,0,17,2,4,86,119,2,8,1,808,193,1,75,559,40,6,501,23,55,3,260,2,0,46,33,52,846,7,372,2,120,34,45,1,53,4,1,116,5,93,0,1258,19
cell467,148,57,58,13,776,17,43,97,107,4,24,119,9,0,22,15,20,2,48,378,0,159,18,15,32,24,110,15,4,7,0,193,87,26,6,232,47,152,5,26,47,2,24,72,66,0,261,314,23,3,1,7,11,23,44,15,92,44,6,4,16,81,12,853,931,112,0,0,20,3,0,104,160,2,12,10,673,163,3,744,135,50,7,64,24,76,56,224,0,2,40,27,9,710,4,444,0,69,8,22,8,61,4,1,83,9,23,0,940,39
cell468,109,102,82,19,854,83,12,168,128,1,18,106,11,0,31,27,32,0,44,191,3,165,0,16,10,56,89,22,2,3,0,161,95,27,9,251,32,10,5,2,30,15,28,93,82,1,1,95,26,4,1,2,1,44,49,24,94,35,14,1,17,55,23,443,385,58,0,2,19,2,1,108,160,5,15,8,339,214,38,150,193,43,3,98,20,166,0,235,3,0,32,9,40,618,0,302,0,113,10,32,13,57,6,2,100,14,68,0,804,10
cell469,191,64,29,30,836,35,32,107,349,6,61,202,80,0,646,93,1595,1,61,1336,0,155,0,73,23,35,216,25,18,5,0,396,232,4,70,113,64,15,1,5,278,90,56,489,55,2,0,220,285,73,1,11,19,39,134,121,35,11,17,0,58,3019,108,750,838,1912,3,0,71,9,139,994,149,4,2,0,143,172,1841,262,454,79,10,203,441,74,702,97,145,0,26,9,14,905,0,313,5,1423,8,37,11,11,0,10,12,1,149,0,9,178
cell470,62,74,31,42,573,1,44,52,288,11,109,70,128,0,657,44,1040,2,48,1238,11,122,27,42,32,48,166,2,20,7,0,371,227,37,60,55,77,7896,2,3,309,70,31,1359,42,4,12,200,304,90,1,21,4,61,606,155,5,16,70,3,59,3231,82,180,489,1672,0,5,47,12,390,1046,68,3,9,0,362,160,456,54,186,107,8,47,130,11,738,75,95,0,31,55,0,825,3,220,26,1470,2,49,43,16,9,6,11,1,90,0,15,30
cell471,94,56,46,13,1096,67,69,236,123,1,33,176,10,0,10,6,7,0,37,309,0,211,0,19,31,54,85,23,9,13,0,170,211,4,13,423,34,167,10,0,68,17,36,57,83,1,0,485,41,7,1,4,6,29,53,39,35,43,4,8,30,63,36,619,420,114,4,0,22,4,39,95,140,4,19,2,728,221,5,146,427,49,5,160,9,102,0,302,23,1,53,0,28,315,39,145,9,96,35,6,15,57,11,1,120,0,56,0,566,12
cell472,108,50,70,20,792,39,14,138,113,3,3,129,15,2,27,28,26,0,29,256,2,184,0,19,55,34,81,16,6,6,0,160,204,30,16,250,42,13,5,3,44,4,31,70,44,7,0,196,15,4,3,9,8,61,23,26,74,32,3,4,7,56,32,489,261,105,5,1,17,3,1,95,94,16,0,7,429,228,50,60,77,65,10,148,22,40,0,214,57,0,29,24,1,807,32,354,2,114,27,10,31,64,7,3,127,1,40,0,1125,72
cell473,197,103,35,41,802,8,33,87,327,16,64,204,36,1,1346,123,741,23,40,1134,0,136,8,46,4,26,155,15,42,7,11,293,550,19,140,171,83,240,1,3,263,64,69,881,59,14,0,208,379,48,1,30,25,23,222,67,4,23,80,8,40,2400,65,312,633,1453,0,6,69,10,46,1048,53,17,0,0,387,128,245,25,117,70,11,91,431,22,464,151,121,0,16,130,5,1064,11,244,32,1335,19,23,42,14,12,12,9,0,68,0,19,141
cell474,130,57,55,16,709,37,25,122,75,14,1,109,9,1,7,22,28,1,24,263,25,196,0,19,28,38,89,23,11,3,0,147,46,19,6,126,47,5,3,4,55,3,36,91,62,2,0,180,55,20,0,9,2,42,26,33,120,29,6,0,4,116,16,115,327,100,5,0,24,10,30,120,146,5,3,11,454,170,21,159,206,50,6,334,14,24,0,161,1,0,41,14,0,411,2,358,33,98,30,8,15,77,7,5,79,0,78,0,571,17
cell475,181,82,21,45,815,14,23,117,317,32,51,187,34,0,795,71,555,0,58,1034,11,110,1,54,33,42,115,27,13,10,0,362,571,15,298,148,82,2849,9,18,314,144,71,895,47,8,230,170,324,190,1,28,24,14,597,235,207,15,68,6,70,3458,46,363,708,1855,8,0,63,7,50,1114,83,2,1,2,409,120,1050,88,134,38,10,382,508,23,320,78,18,0,46,105,86,418,3,207,8,1469,1,61,51,13,3,6,13,2,135,0,19,41
cell476,119,46,40,16,508,23,49,126,101,2,31,116,15,0,1,22,13,4,34,158,5,163,2,18,8,52,54,17,10,11,0,141,39,7,12,113,43,4,17,13,75,3,13,98,55,7,1,414,31,8,0,7,6,7,32,12,71,24,1,4,38,98,22,647,356,120,3,0,26,4,1,119,206,8,0,4,703,139,1,109,449,12,7,148,16,75,7,192,0,31,29,28,6,328,85,516,1,120,15,6,13,52,8,1,114,0,30,0,573,25
cell477,135,87,24,35,796,23,29,88,297,7,210,188,42,1,104,100,1262,8,17,1262,2,154,0,63,19,29,125,17,21,7,12,355,123,40,168,135,55,325,18,19,336,53,66,1032,49,23,702,532,359,76,4,38,24,24,344,246,11,6,51,0,82,3278,75,776,1000,1667,0,2,61,6,423,1331,45,2,4,0,441,181,203,109,77,65,5,239,327,68,1121,80,34,0,38,125,45,1038,26,439,155,1953,18,19,44,15,1,10,17,0,61,0,16,115
cell478,89,62,33,21,583,7,21,119,115,0,20,142,10,0,9,24,13,0,26,246,2,129,12,18,11,29,85,20,7,1,0,131,37,42,22,161,41,2,5,6,56,4,31,103,73,4,0,119,13,6,0,6,8,50,18,23,65,19,4,1,11,116,15,354,121,108,2,0,21,3,0,101,174,7,3,16,419,182,79,82,30,32,3,182,15,12,0,182,0,0,34,0,0,354,50,108,27,121,37,16,13,59,12,6,71,2,56,0,819,9
cell479,182,80,76,33,590,59,72,126,341,6,83,205,33,0,53,73,1097,21,35,923,1,105,0,63,47,43,139,16,61,2,15,372,245,120,79,63,60,1846,0,4,337,54,45,1616,52,10,0,301,294,66,5,12,18,27,338,158,25,11,86,3,36,3450,80,584,732,2213,18,4,74,17,2,1118,99,2,0,0,633,97,558,68,360,78,6,414,423,138,1563,116,147,0,27,133,4,346,29,350,95,1553,27,34,19,17,2,7,15,7,35,0,13,43
cell480,164,284,57,20,1044,39,42,115,375,7,77,174,85,1,240,176,1058,17,55,952,18,120,8,58,9,49,93,13,5,9,1,345,163,60,126,82,31,120,3,2,309,188,52,1860,50,1,0,154,533,194,2,12,37,99,427,152,77,15,62,3,43,5005,152,480,738,2853,37,5,88,6,994,1497,95,3,0,0,444,225,2175,69,147,40,6,112,331,250,337,78,115,21,34,131,81,389,0,293,159,2131,10,42,70,13,10,4,13,0,48,0,21,50
cell481,127,58,67,17,589,13,65,106,94,5,39,63,13,3,28,26,21,1,28,200,11,210,0,19,28,49,53,14,23,8,16,104,21,25,20,172,22,305,5,1,64,4,6,58,64,0,1,228,34,7,1,24,5,27,32,15,62,15,2,4,12,90,0,586,356,128,0,0,33,6,33,87,145,4,0,8,344,143,67,40,144,52,8,434,36,49,0,142,0,49,12,0,16,698,1,332,52,125,30,1,12,48,5,6,83,2,33,0,919,20
cell482,110,76,34,37,538,13,31,91,276,11,467,177,68,0,409,83,962,17,33,438,2,127,29,62,52,50,94,23,7,12,0,268,139,0,106,74,32,540,19,2,349,173,42,1604,41,6,275,298,483,99,3,27,34,16,578,184,110,18,55,2,74,4107,89,243,421,2060,2,1,82,10,1096,1250,135,9,0,1,508,202,3148,130,208,54,13,381,193,43,944,58,136,0,12,138,0,602,5,340,36,1798,31,38,42,10,2,4,6,0,75,8,7,71
cell483,144,97,82,22,839,106,9,144,85,0,8,109,12,0,6,15,30,0,42,345,0,150,0,21,17,45,94,9,12,3,28,168,17,29,6,102,30,229,3,6,54,3,9,100,74,2,0,243,28,2,4,1,3,4,63,17,294,32,9,6,22,90,19,477,700,154,0,0,13,7,46,100,64,2,4,11,699,108,33,71,440,73,9,317,29,63,0,195,1,69,51,0,0,599,4,355,14,127,26,27,17,59,3,4,95,6,62,0,884,85
cell484,109,70,58,31,376,16,13,75,295,4,84,156,73,0,69,122,730,47,48,483,0,117,1,40,16,38,100,16,24,7,8,221,359,125,582,91,61,2869,2,10,385,132,40,1597,36,2,3,139,433,125,1,57,7,37,639,236,18,16,80,1,44,5770,34,324,503,3729,269,4,90,14,1149,1546,99,1,10,0,400,118,2139,56,106,40,6,25,247,28,556,60,108,0,7,140,26,1013,3,317,126,2169,11,54,40,13,15,6,14,0,108,0,14,113
cell485,104,49,62,15,453,7,76,68,332,29,290,141,98,2,261,67,1050,4,25,507,0,107,0,85,19,45,84,11,126,10,0,196,303,4,47,27,57,1144,0,9,424,117,58,2103,30,10,0,142,502,12,1,12,16,6,354,158,68,12,135,0,25,4011,132,306,388,1956,0,1,92,18,165,1577,62,3,1,1,355,108,1414,25,125,61,9,138,1023,70,856,54,37,0,10,140,61,885,9,179,121,2308,14,51,50,14,6,17,12,7,33,0,19,29
cell486,136,63,59,34,661,23,80,81,122,8,12,169,22,2,8,29,16,0,55,203,0,218,0,20,44,40,65,17,13,15,1,144,15,19,8,110,40,0,21,20,89,18,29,98,74,1,12,147,41,36,0,11,8,16,45,15,116,22,5,9,14,130,39,381,703,126,0,0,31,2,30,109,167,8,0,2,548,233,14,46,258,97,7,140,59,39,0,175,1,1,6,37,51,197,4,162,8,150,25,67,16,37,10,5,125,2,97,0,844,26
cell487,122,47,81,11,704,51,15,116,152,5,11,145,17,0,10,44,45,5,28,275,0,263,25,21,26,40,84,25,15,3,0,125,96,25,35,36,52,256,18,2,78,20,21,76,75,1,97,96,27,19,1,12,27,39,32,15,4,19,5,3,50,173,38,379,576,148,0,0,18,3,50,134,124,7,0,1,551,221,60,84,578,15,5,173,54,34,0,154,2,0,9,6,5,243,8,428,19,149,9,2,27,55,9,8,97,2,36,0,845,29
cell488,103,81,99,31,632,31,83,113,299,21,297,230,51,0,922,133,1408,18,45,643,3,167,0,69,35,57,102,16,31,4,0,243,381,27,219,52,38,7394,0,7,372,39,30,2359,25,7,0,318,502,95,0,34,3,13,643,290,162,19,200,1,26,4667,104,562,530,2992,6,1,95,9,31,1266,51,1,11,0,482,191,788,100,372,57,7,196,1146,29,348,63,87,4,7,144,2,594,1,258,38,1765,13,35,21,24,4,9,9,0,64,0,14,112
cell489,190,57,48,16,1072,40,17,183,116,7,21,158,11,2,5,39,56,2,38,334,0,267,0,15,8,35,100,16,25,5,0,175,75,34,32,190,58,365,19,4,86,4,23,158,73,4,0,373,74,8,1,9,1,14,68,44,99,27,4,1,16,161,52,774,436,199,0,0,22,3,1,126,157,4,0,5,474,205,69,91,126,79,4,540,80,37,7,180,8,4,25,56,30,888,3,388,5,170,9,16,30,61,1,0,95,0,59,0,808,43
cell490,154,48,14,22,655,27,38,121,96,2,24,80,19,0,17,36,30,1,41,280,4,233,5,24,21,45,68,18,0,3,0,109,45,11,7,195,40,1,0,8,77,6,17,47,68,1,1,259,27,1,0,8,11,42,52,52,197,31,11,1,46,160,36,576,720,127,0,0,13,3,0,120,102,18,0,6,649,182,76,92,778,39,10,50,22,119,1,206,69,1,15,0,4,367,87,344,5,135,11,21,17,40,10,3,97,0,107,1,723,30
cell491,159,66,109,19,829,40,65,145,120,3,8,132,23,0,4,32,75,1,31,295,0,168,0,21,17,27,104,10,38,8,12,126,27,14,14,108,53,322,8,0,63,18,16,72,46,5,0,332,52,10,3,10,6,16,64,30,5,30,2,2,8,177,37,684,677,105,1,2,14,4,2,118,139,10,0,2,696,175,29,49,169,107,4,263,36,254,0,181,0,0,21,0,5,378,2,301,18,150,45,63,27,57,4,1,46,18,33,0,598,88
cell492,170,45,49,24,646,35,57,119,113,3,16,138,12,0,39,19,56,0,40,303,6,229,26,21,15,34,86,13,33,12,0,148,211,24,5,70,20,32,2,11,56,2,10,119,48,4,4,468,16,3,1,6,6,77,87,17,31,20,10,1,18,88,29,657,736,134,0,0,22,0,3,125,176,16,2,8,714,132,78,54,185,45,3,492,30,133,3,111,0,0,46,38,20,1431,3,207,12,174,22,20,12,47,7,7,51,0,85,0,984,10
cell493,157,88,101,31,459,22,48,89,343,10,134,217,56,0,204,73,708,50,17,711,0,147,0,60,17,41,161,15,28,6,11,272,21,62,54,58,46,1810,14,2,349,120,44,972,33,10,1,671,330,220,2,19,29,31,636,123,33,10,17,0,39,3451,64,750,1114,704,0,4,75,12,97,1180,108,8,5,0,826,137,858,364,551,32,6,114,184,18,3188,73,1,0,29,92,3,967,4,176,79,1574,6,51,37,16,5,1,14,0,113,0,13,32
cell494,48,97,58,35,529,26,56,55,295,4,199,237,47,0,336,76,560,20,29,756,2,88,0,45,13,29,127,12,74,3,31,255,127,61,184,44,59,6828,0,2,347,37,66,1448,25,19,103,248,481,84,1,29,0,36,456,187,16,12,45,0,36,3507,50,578,475,1960,0,1,64,10,10,1080,72,1,29,0,530,58,182,115,447,33,7,252,233,40,0,43,110,0,17,125,9,332,39,336,34,1462,1,29,34,24,13,5,12,0,40,0,21,138
cell495,81,53,56,12,439,23,6,79,96,2,36,147,21,0,48,23,21,11,54,245,2,229,0,13,25,52,72,13,31,6,0,124,31,18,6,149,76,46,1,3,89,7,25,103,48,8,68,153,56,0,0,2,2,14,27,31,20,18,12,0,14,139,40,386,564,98,0,0,20,10,7,136,89,14,0,7,133,193,66,18,196,118,9,227,62,6,0,159,0,0,24,37,6,1407,6,289,7,161,21,38,21,60,1,3,98,0,33,0,663,34
cell496,163,65,33,14,726,11,44,96,108,1,30,131,14,0,17,11,34,1,30,186,1,298,0,17,21,22,67,30,4,1,0,126,21,4,2,189,31,42,11,4,71,18,9,154,59,3,0,167,42,4,0,9,3,34,34,8,224,18,6,9,19,190,49,513,470,148,1,0,23,11,3,125,198,7,3,6,529,201,7,101,221,109,9,342,58,94,0,205,0,0,31,24,95,652,1,293,3,152,18,23,31,57,16,5,80,0,14,0,720,18
cell497,80,75,34,22,450,20,5,84,96,0,20,92,10,0,1,23,33,0,23,165,0,197,0,23,17,24,77,13,20,5,0,84,50,4,18,210,22,237,7,1,74,1,12,119,74,2,150,198,19,38,0,0,0,4,52,27,52,19,8,0,1,149,23,385,338,94,0,0,24,0,14,125,154,15,10,5,380,109,163,30,30,62,11,119,12,63,0,196,0,0,8,0,149,716,19,361,15,163,20,25,21,39,16,4,98,0,15,0,691,7
cell498,174,75,51,27,1223,106,35,249,141,7,43,178,16,0,5,20,15,0,25,186,0,256,10,29,17,33,49,23,21,13,3,105,65,11,6,299,61,339,0,0,57,4,20,91,87,1,0,160,53,0,0,11,2,60,62,13,29,51,7,18,39,132,30,514,237,137,3,0,25,4,7,117,193,9,2,7,430,142,40,52,330,4,6,248,41,150,1,416,1,0,54,0,47,458,15,282,3,134,11,6,19,46,15,1,105,0,12,0,681,48
cell499,146,122,32,7,1049,45,101,125,89,4,15,190,14,0,69,22,72,3,35,232,5,225,0,21,6,22,53,21,2,5,12,140,48,34,32,275,66,96,8,16,78,5,22,86,84,5,0,79,38,7,1,1,1,46,21,12,33,24,8,2,2,131,12,328,455,159,0,1,21,1,0,123,91,6,0,14,354,198,16,72,384,13,12,52,33,70,0,228,15,0,7,0,0,1100,101,356,33,128,11,27,6,54,2,5,47,0,52,0,709,75
cell500,155,92,67,28,516,7,26,93,256,14,128,149,86,0,1098,50,305,27,16,422,1,186,0,70,28,22,63,4,36,3,7,203,2,12,121,38,53,3175,0,24,322,80,40,1802,24,7,38,555,313,161,3,1,10,13,392,137,35,9,48,6,44,3328,84,458,369,2146,155,0,80,23,52,1351,78,5,0,0,754,127,588,480,334,64,12,213,432,183,72,30,59,0,17,137,0,558,3,275,48,1964,0,18,51,16,18,3,13,1,35,0,21,85
cell501,169,64,53,23,464,14,6,96,83,5,24,101,33,3,9,11,44,6,43,104,0,261,1,19,7,34,64,22,5,15,0,106,57,2,11,118,31,216,0,0,85,5,22,138,68,0,0,155,36,3,0,5,3,48,64,31,29,13,3,1,9,143,29,233,97,70,2,0,22,3,28,121,108,5,2,7,373,183,99,24,34,34,3,132,65,177,0,169,5,2,7,0,34,1163,20,256,20,141,5,30,35,53,18,9,91,0,37,0,429,4
cell502,194,75,29,26,747,54,38,107,87,7,24,171,13,0,23,36,53,4,22,233,6,209,0,25,22,41,79,23,13,18,8,137,3,12,14,130,45,0,15,23,66,13,33,107,71,1,0,86,59,7,5,18,9,40,68,25,86,20,8,17,33,170,11,445,381,132,0,0,26,3,1,147,66,15,0,8,393,117,171,82,342,64,8,84,64,90,0,130,0,36,13,41,50,1047,5,130,2,160,30,8,52,39,0,4,71,0,38,2,679,14
cell503,68,48,81,21,610,12,9,104,133,3,7,100,17,0,15,27,55,1,46,287,0,194,0,24,15,27,91,17,9,17,4,152,107,52,6,171,45,118,1,14,87,16,23,87,59,10,22,338,22,2,0,23,2,9,63,29,73,23,7,6,24,157,23,618,431,127,0,0,18,3,4,133,141,4,6,10,244,177,21,62,594,88,4,353,35,101,0,164,1,0,14,0,216,643,0,350,11,142,7,10,13,33,8,6,93,3,20,0,403,45
cell504,165,57,46,27,859,55,7,178,128,7,10,214,12,0,63,27,25,6,38,203,0,293,0,19,13,10,75,6,11,15,2,125,16,42,10,125,54,253,5,7,91,12,21,143,63,4,0,134,30,9,0,9,5,63,53,51,118,35,13,2,7,175,34,381,342,164,9,0,26,2,9,123,201,10,0,2,612,107,68,167,52,83,6,354,45,108,0,240,5,0,27,32,343,520,0,190,1,174,12,16,12,39,14,13,84,3,18,0,461,19
cell505,115,91,57,39,623,12,47,87,280,7,78,108,55,0,35,86,535,82,22,488,0,90,2,66,64,30,107,12,35,8,3,225,165,64,134,70,53,689,3,32,323,25,46,502,23,16,0,254,477,55,2,38,5,26,438,204,11,12,72,1,10,2968,51,544,521,647,0,1,74,4,146,1118,49,1,39,0,365,201,2953,39,176,18,12,24,470,41,0,50,34,40,21,123,0,683,12,271,211,1454,5,75,33,18,6,6,8,1,20,3,13,66
cell506,108,46,31,26,459,32,29,86,246,11,84,90,37,0,200,110,1431,7,38,343,0,92,0,82,7,38,116,15,8,3,0,127,240,2,86,53,27,4247,0,12,288,4,26,711,20,9,0,184,370,225,1,40,10,16,80,92,16,18,25,0,37,2859,112,377,396,1762,0,0,70,33,485,1085,77,4,12,0,407,117,297,90,279,63,7,190,736,36,1080,61,107,0,16,122,87,340,12,79,60,1435,13,25,42,22,4,5,16,0,13,1,11,72
cell507,141,48,24,16,720,45,8,111,146,0,24,155,7,0,82,29,21,0,19,270,0,276,4,19,38,43,55,12,7,3,7,140,128,30,26,190,68,261,2,2,58,5,20,89,74,0,0,207,31,4,4,18,6,7,27,60,21,43,3,0,52,161,28,357,431,94,23,2,30,12,15,137,51,5,4,0,336,202,81,10,128,137,1,89,29,45,0,206,29,48,37,4,17,1945,28,247,38,133,25,77,16,38,5,4,122,1,49,0,544,13
cell508,113,65,15,44,553,6,31,71,315,9,61,181,30,0,462,75,349,2,21,417,38,109,0,31,1,44,52,4,32,4,0,202,280,17,186,71,79,7831,12,5,345,39,32,1103,23,2,0,216,302,162,0,13,59,64,350,105,149,12,85,0,65,3085,88,134,785,1392,22,0,86,13,641,1165,68,6,9,0,399,117,783,28,527,53,5,141,396,34,0,51,102,0,29,123,33,263,21,212,57,1390,6,5,46,22,4,5,11,0,37,0,10,40
cell509,38,70,38,28,534,9,48,121,112,1,48,210,10,4,12,20,19,6,28,221,0,272,21,22,14,47,91,19,22,20,0,147,106,50,5,225,40,359,0,0,69,13,11,78,86,2,2,153,66,1,1,14,3,28,44,16,2,43,4,5,16,112,24,259,371,124,0,0,27,7,14,117,124,5,0,11,310,143,45,55,239,40,9,88,21,71,0,203,0,0,38,0,28,1055,28,165,12,156,6,86,20,25,6,1,87,16,31,0,432,33
cell510,145,84,38,36,628,40,11,87,254,12,8,171,69,0,349,88,696,44,49,541,11,127,28,78,29,57,83,9,14,4,19,239,128,0,61,53,27,4994,13,2,302,7,48,1067,21,7,343,34,383,35,0,28,2,46,304,163,41,5,60,0,79,2975,75,334,393,1844,2,0,65,18,80,1326,95,2,0,0,354,153,455,79,290,64,9,81,318,136,0,56,155,0,44,133,2,202,13,58,76,1584,1,41,65,20,4,7,13,0,16,0,13,38
cell511,139,64,61,27,574,22,12,104,90,1,7,187,7,0,3,21,36,0,41,267,3,198,0,22,43,28,88,20,26,22,18,124,124,55,7,138,17,30,1,5,62,4,12,67,89,1,0,147,54,9,0,9,6,65,27,54,47,43,3,1,19,117,31,331,313,114,0,0,28,3,2,100,136,2,0,2,316,101,1,65,68,49,5,98,28,29,0,219,1,0,41,48,6,804,10,213,10,136,40,27,21,40,11,18,102,0,20,1,471,127
cell512,132,60,45,10,449,21,6,90,130,0,8,150,20,4,25,38,35,4,16,334,0,234,1,24,18,65,97,25,15,9,0,142,1,9,30,180,43,431,0,10,85,14,33,100,61,1,0,159,43,9,1,12,7,31,40,12,68,20,12,1,18,151,32,447,182,160,9,2,19,2,11,116,111,9,10,6,418,129,82,55,194,44,4,173,19,27,24,202,0,0,12,0,28,1152,13,235,30,127,44,7,26,34,3,7,98,3,17,0,502,18
cell513,127,61,73,16,435,11,25,111,273,2,40,144,35,0,2075,166,607,16,34,449,26,129,0,60,7,49,106,10,86,6,0,216,94,52,16,56,51,643,10,8,256,33,35,1241,17,0,0,266,408,92,0,23,13,31,460,202,57,11,17,6,53,2366,62,88,374,1781,0,5,65,15,184,1106,85,0,0,0,314,152,3681,40,185,66,5,225,653,89,0,57,127,0,6,80,6,434,1,239,33,1599,16,37,52,21,7,8,10,0,41,0,13,158
cell514,127,66,24,26,407,15,3,81,263,2,51,72,58,2,422,96,604,0,39,473,0,143,0,71,18,50,50,15,129,4,0,222,29,2,114,55,40,3861,0,11,341,68,33,626,25,0,0,123,502,4,2,43,27,59,250,191,82,8,68,1,77,3418,95,280,258,1143,4,3,63,7,695,1295,57,3,8,0,324,83,638,56,140,45,4,90,542,48,0,41,34,0,10,109,0,309,2,172,227,1688,8,70,21,25,5,5,7,0,62,0,24,76
cell515,110,43,51,5,583,25,11,142,138,5,16,117,4,0,42,22,38,1,43,365,0,262,0,14,19,57,93,23,18,18,0,165,215,7,25,271,49,70,0,4,92,11,22,67,91,1,223,106,35,8,2,15,13,17,61,40,18,48,15,3,6,138,40,230,120,119,0,0,18,2,1,111,122,5,0,10,319,110,2,52,204,122,13,110,42,61,0,237,7,0,18,0,21,669,24,168,41,159,20,55,14,41,6,14,87,9,26,0,260,8
cell516,104,59,43,14,322,17,15,87,245,34,160,178,43,0,47,45,1086,30,22,396,30,101,0,50,27,26,85,7,33,5,0,188,173,47,148,48,53,6904,1,0,308,14,31,1216,23,6,0,176,387,455,2,47,16,7,473,195,9,6,58,1,51,3463,88,263,273,2023,6,4,74,9,111,1149,50,1,8,0,377,114,1110,34,7,48,6,215,686,10,0,34,21,0,28,102,3,512,8,274,35,1420,3,25,6,19,3,3,7,1,32,0,17,23
cell517,165,51,34,24,600,13,10,168,151,0,13,223,12,0,44,29,44,0,49,195,5,228,0,24,24,54,65,12,11,19,0,134,187,8,8,129,39,134,0,2,93,9,25,114,79,0,0,239,40,18,0,4,6,38,54,20,127,32,16,7,49,98,34,519,443,111,3,0,22,2,14,148,183,12,0,2,455,122,94,93,511,126,16,405,43,0,0,260,0,0,17,42,4,1677,1,204,10,186,8,11,14,44,1,5,93,17,35,0,265,7
cell518,121,61,75,19,509,28,39,74,99,2,3,182,9,0,52,41,67,0,23,353,0,204,0,24,33,31,85,26,16,15,0,167,81,64,7,327,35,398,0,28,74,22,28,96,84,5,0,226,35,4,1,11,0,19,53,12,51,37,5,0,26,153,14,344,248,169,1,0,29,4,5,115,128,14,7,0,242,113,106,63,297,109,12,192,31,65,0,279,6,0,17,45,0,1830,16,238,16,132,3,35,11,51,14,5,94,5,32,0,258,64
cell519,130,74,33,18,799,17,105,143,152,3,12,207,27,1,44,42,62,1,55,337,0,262,2,23,19,45,122,17,4,36,10,172,183,39,21,109,27,2,4,32,89,7,17,111,77,0,0,240,39,28,0,6,8,80,38,15,45,36,10,12,33,125,24,403,354,144,17,1,28,5,7,142,158,14,9,21,425,143,54,84,21,161,8,201,55,55,0,296,0,0,22,0,44,1009,91,229,29,152,21,39,35,67,11,9,133,0,12,0,273,0
cell520,76,78,44,45,390,10,4,43,176,14,130,128,90,0,241,133,365,23,28,260,52,118,0,63,5,27,65,10,40,4,0,152,16,51,99,40,25,4133,0,1,277,195,26,406,18,5,188,138,275,6,0,27,30,10,409,97,25,17,142,3,40,1298,87,315,167,639,0,1,57,19,154,848,75,2,0,0,316,114,466,24,99,45,7,141,324,66,0,28,100,0,24,122,0,296,3,135,33,1142,4,13,60,8,7,8,15,3,17,0,12,99
cell521,76,58,51,13,684,43,21,121,157,1,32,134,10,0,12,19,22,10,64,392,0,220,2,27,44,41,111,18,3,7,3,193,15,7,1,134,30,305,3,0,75,4,30,97,82,4,0,126,59,21,0,3,6,16,68,16,16,35,1,3,4,143,20,356,80,92,0,0,27,3,0,120,158,19,11,0,216,153,57,58,89,81,4,45,29,51,0,322,28,4,19,3,50,1097,45,141,8,138,21,26,24,37,3,16,110,0,36,0,275,16
cell522,133,43,41,10,522,18,21,120,118,2,51,189,21,0,19,29,20,3,53,345,0,200,0,24,21,35,115,17,4,19,0,213,274,20,13,117,21,358,0,28,89,13,23,93,91,2,0,304,28,31,2,3,2,19,55,4,3,49,17,3,43,124,17,578,326,125,2,0,17,5,79,118,147,2,0,5,319,88,38,84,361,90,10,104,18,20,0,226,3,5,24,14,104,1789,6,255,7,128,14,2,17,35,7,2,74,0,19,0,244,13
cell523,139,75,44,39,324,21,16,76,166,0,100,118,71,0,435,87,829,46,28,339,9,86,0,58,16,17,71,9,33,5,3,155,30,20,99,14,31,3459,1,4,276,63,31,1074,16,3,161,196,248,44,1,22,10,7,103,203,62,16,83,0,26,1655,135,244,308,1124,0,2,49,20,13,813,29,5,0,0,244,153,1943,73,427,43,4,350,364,76,0,24,200,0,6,98,24,241,0,272,81,1154,12,25,36,25,0,11,5,0,61,0,14,46
cell524,63,46,51,18,514,32,6,121,109,1,0,151,26,2,17,39,28,0,50,329,0,264,1,21,14,59,96,28,12,7,0,164,0,14,7,287,26,176,0,3,76,2,24,105,77,2,0,241,21,9,6,8,2,19,38,17,21,43,15,2,13,148,16,242,388,124,0,0,23,5,16,107,151,7,0,8,144,118,47,38,182,99,9,176,12,58,0,235,0,0,26,25,0,1309,18,158,18,142,25,39,15,56,5,4,73,0,3,0,282,6
cell525,109,49,32,10,784,21,4,166,144,5,9,169,4,0,5,21,37,0,41,306,12,218,0,15,6,41,87,38,0,13,0,162,1,11,7,102,44,1,1,6,67,2,35,57,78,1,175,130,49,2,0,4,1,17,26,19,0,22,9,3,29,158,34,220,76,139,0,0,7,1,11,106,149,12,1,0,327,129,56,62,46,90,8,38,39,75,0,331,0,0,27,26,14,1278,22,179,17,138,2,5,21,46,3,3,79,23,3,0,171,10
cell526,190,46,29,9,1673,87,10,304,159,8,15,216,9,2,10,44,18,1,44,386,0,195,0,15,20,68,95,46,1,12,0,167,249,38,14,458,90,202,1,4,67,2,7,70,107,1,0,68,42,10,2,11,1,45,31,25,2,35,12,0,42,112,13,304,347,147,0,1,23,2,1,116,306,23,14,6,340,173,26,78,88,38,7,343,25,56,0,755,31,0,32,33,44,1099,5,206,1,127,23,52,17,40,5,1,105,5,16,0,270,18
cell527,164,65,31,26,1249,35,6,214,243,1,15,182,11,0,15,28,22,2,42,378,0,256,0,19,24,38,73,45,11,24,8,188,56,18,4,272,56,399,0,5,71,12,27,78,109,0,0,162,41,5,2,2,10,18,61,22,14,38,17,2,15,166,30,123,266,117,1,0,29,2,14,110,113,12,2,0,305,119,7,65,244,69,25,174,41,90,0,392,18,0,22,30,31,2129,2,179,7,132,9,7,27,37,4,9,128,0,4,0,150,19
cell528,122,73,73,16,299,8,1,20,196,7,190,131,85,0,358,44,760,36,40,301,7,54,0,69,8,49,41,11,50,5,2,138,86,13,159,5,53,2202,0,9,276,52,20,527,21,17,201,213,250,58,1,39,9,17,428,112,49,16,34,8,42,1836,64,261,275,1054,5,4,68,11,106,967,70,1,0,0,356,39,1902,22,550,27,12,37,90,25,0,16,8,0,24,102,88,310,1,162,4,1349,7,3,31,21,22,5,7,2,23,0,9,165
cell529,98,53,75,15,949,19,32,179,129,0,14,102,18,1,23,31,42,1,39,296,1,220,0,22,38,38,85,24,8,27,0,156,191,5,12,362,50,178,0,7,60,5,31,39,97,2,0,90,29,32,0,7,0,51,35,14,24,20,8,1,24,51,29,160,352,94,0,0,18,2,8,103,48,23,4,0,272,101,56,196,100,71,7,76,26,91,0,336,29,0,37,21,3,1338,36,163,40,114,23,73,34,53,5,1,94,7,15,0,192,11
cell530,46,69,57,17,317,14,18,60,178,8,133,82,41,0,556,77,852,58,34,270,11,122,0,48,10,48,56,7,23,7,0,127,45,20,85,12,17,3954,7,6,248,114,33,854,18,8,0,108,276,271,1,22,24,2,87,107,30,17,44,0,52,2065,107,404,344,634,32,2,70,6,255,940,54,6,10,0,401,62,933,11,487,33,8,270,145,55,0,14,190,0,15,103,5,130,27,58,42,1145,26,16,48,18,19,7,9,0,37,0,15,73
cell531,104,84,71,10,940,11,27,131,133,1,26,141,10,5,8,39,13,1,25,286,0,229,2,17,28,23,79,25,9,21,0,130,27,24,17,146,70,316,12,23,70,11,18,66,86,2,0,186,36,11,1,5,7,31,32,15,4,33,7,1,13,99,14,342,101,69,0,3,19,6,0,123,194,8,0,16,315,211,46,133,69,123,8,22,22,71,0,294,11,7,42,0,153,1416,2,60,19,104,29,36,27,34,4,2,88,0,14,0,311,13
cell532,118,52,61,8,275,9,42,64,178,17,17,135,43,0,312,103,1005,3,26,308,15,93,22,53,14,27,96,12,39,2,0,142,35,30,59,16,61,1140,0,12,256,77,36,420,24,2,0,171,327,26,3,35,11,4,250,133,77,7,28,2,49,1886,125,94,398,459,0,0,58,0,512,879,54,1,4,0,304,111,1077,43,71,43,7,193,272,49,0,20,54,0,17,121,0,391,5,157,70,1104,4,25,27,16,1,6,10,0,54,0,13,24
cell533,138,57,53,20,615,50,95,102,124,9,19,166,16,0,11,22,21,1,49,347,0,186,0,15,32,39,105,30,2,15,27,140,11,7,4,192,42,119,4,5,69,10,22,102,48,3,0,240,48,13,2,21,7,15,37,10,52,35,12,14,20,104,40,345,102,116,0,0,15,2,0,103,121,5,0,0,387,112,52,71,127,155,3,176,29,13,0,247,7,0,37,37,65,983,7,177,6,132,10,23,37,42,8,8,112,1,9,0,221,2
cell534,129,57,63,16,784,15,5,155,81,2,10,184,17,3,18,28,22,4,56,328,0,231,0,20,35,56,91,14,4,18,1,134,96,32,14,84,32,175,5,7,55,2,26,44,83,2,1,149,12,0,0,12,0,29,11,22,48,42,10,0,37,95,16,283,149,105,1,0,18,7,1,106,43,11,0,0,300,138,24,67,65,59,2,99,25,86,24,278,1,0,24,0,163,1038,8,215,9,112,9,21,49,42,7,3,129,2,12,0,254,20
cell535,52,49,39,18,781,24,33,101,107,1,25,92,18,0,22,21,17,0,39,290,0,240,0,9,67,48,102,23,9,13,0,172,54,68,2,96,32,98,0,11,68,3,22,102,84,2,0,148,37,9,1,9,5,56,51,19,51,37,8,3,14,49,26,315,202,99,3,7,20,2,3,105,129,6,27,1,342,183,62,19,171,88,4,110,25,37,0,312,0,8,44,32,53,807,0,176,13,112,1,11,31,52,7,2,78,1,9,0,193,49
cell536,154,50,63,7,329,2,18,56,210,8,160,125,65,0,66,93,856,5,38,366,2,112,0,44,13,17,71,5,11,4,0,166,17,2,33,16,21,1327,0,5,273,74,26,1046,13,9,0,188,223,22,0,27,20,10,450,169,6,12,137,0,16,1525,56,422,437,721,5,1,82,3,406,1025,48,3,0,0,337,58,139,23,173,36,7,258,157,46,12,17,108,0,5,102,0,322,0,238,105,1296,10,56,19,26,2,7,6,0,41,0,13,5
cell537,105,61,41,17,893,53,7,163,118,0,17,158,27,0,86,21,43,2,42,329,0,227,0,22,18,60,72,48,16,12,0,156,132,29,16,455,98,237,1,23,69,11,32,40,101,3,0,144,41,11,1,13,0,37,52,38,106,63,5,6,11,111,14,197,168,99,0,0,20,2,15,93,165,15,12,21,347,122,106,55,250,117,5,53,41,21,0,546,0,0,4,35,54,528,41,102,1,123,27,50,10,48,6,7,122,0,12,0,281,111
cell538,141,85,40,28,373,22,22,62,195,18,78,75,38,0,849,44,730,17,34,349,0,72,14,35,11,24,91,13,24,2,9,150,122,1,30,16,22,3463,0,27,172,22,23,731,23,1,0,329,230,114,0,13,4,26,290,85,16,7,19,3,49,1519,61,433,240,1177,0,0,60,6,535,723,73,1,40,0,452,106,259,106,350,46,6,45,346,12,84,17,44,0,15,115,18,200,14,302,76,1037,14,33,30,27,23,7,8,0,22,1,22,33
cell539,28,40,27,19,708,12,10,109,71,1,44,121,8,0,10,8,48,0,39,312,0,274,0,17,23,34,76,16,0,28,1,135,51,10,4,449,28,120,10,8,66,3,6,75,79,2,0,152,39,6,3,2,11,26,14,31,5,47,6,13,19,93,19,272,147,115,1,1,20,1,7,111,100,10,0,20,298,126,81,42,142,116,3,50,33,29,0,370,25,0,15,0,33,1373,53,204,3,105,21,17,40,35,2,3,89,4,5,0,120,11
cell540,150,60,60,15,992,34,54,128,133,6,38,140,34,0,49,17,37,6,43,358,0,197,0,25,44,47,124,31,3,12,0,175,125,50,11,313,29,178,12,0,86,12,31,77,84,1,3,80,63,0,2,8,0,68,51,26,22,45,5,5,38,167,18,507,534,113,0,0,28,2,27,116,226,10,2,8,496,101,13,65,69,118,4,111,26,42,0,429,2,0,18,1,281,275,10,252,15,136,37,37,15,62,4,4,71,7,12,0,123,35
cell541,130,42,13,10,648,11,15,158,137,2,51,214,20,5,28,50,59,2,65,371,18,237,0,22,8,27,96,40,3,21,0,141,48,2,20,136,14,428,6,0,74,18,29,116,109,1,32,121,48,20,1,13,6,3,12,6,27,36,12,9,15,157,17,377,186,186,0,1,29,2,16,135,123,19,0,4,317,112,0,38,154,138,7,96,111,14,0,536,2,0,30,0,152,2106,30,189,22,153,17,27,27,43,7,13,70,1,13,0,140,25
cell542,144,57,35,24,703,17,48,136,101,3,8,144,25,0,43,6,75,0,42,414,1,217,0,21,31,58,117,31,7,4,0,183,131,4,35,438,17,94,21,22,89,20,37,111,80,0,0,31,28,12,1,9,4,7,38,2,73,23,15,3,16,135,13,196,488,140,0,2,21,9,0,125,171,8,10,4,324,47,100,53,156,78,18,190,39,20,70,344,8,0,15,32,96,1060,16,223,19,133,4,55,11,32,12,9,102,1,19,0,89,19
cell543,183,49,54,23,916,34,1,146,141,3,7,88,18,0,23,21,79,1,44,532,10,169,0,18,8,59,126,23,6,26,4,222,52,15,24,420,43,5,11,26,91,1,18,99,86,5,0,253,46,5,1,2,5,33,53,28,26,58,23,1,18,158,5,407,242,147,0,0,27,6,18,121,161,18,0,0,398,114,14,57,88,178,15,118,22,28,0,469,0,0,33,33,193,1527,3,217,7,132,14,28,21,37,5,17,91,1,2,0,88,9
cell544,161,50,75,14,582,17,45,130,103,7,22,180,20,2,22,15,40,0,44,468,0,248,0,22,31,48,102,20,1,6,11,211,139,70,9,390,46,297,14,21,68,6,30,121,96,2,99,154,26,4,2,17,14,5,41,62,23,27,5,0,56,126,24,299,101,158,0,0,23,6,10,130,109,11,8,0,352,75,96,36,5,113,6,125,32,57,0,389,0,0,24,0,107,1329,1,228,22,169,7,24,32,40,5,2,134,0,15,0,83,44
cell545,166,58,43,6,713,18,11,121,95,2,40,224,10,0,73,35,39,2,59,450,25,317,0,27,28,30,108,28,3,25,0,196,166,76,6,534,41,0,13,11,86,9,37,116,100,2,8,144,32,2,3,13,0,20,68,35,20,17,2,1,23,154,42,167,386,144,0,0,21,2,18,123,150,13,8,0,392,109,19,54,118,192,8,187,33,27,4,378,14,0,8,26,204,1526,16,242,3,136,2,26,23,33,6,9,84,4,17,3,79,20
cell546,107,72,57,19,309,15,5,52,157,21,36,104,32,2,119,58,601,1,43,293,0,86,0,59,11,54,91,8,31,8,0,140,55,3,27,14,54,5962,2,15,172,72,23,798,18,3,0,253,200,164,1,23,11,19,334,95,8,10,11,2,32,974,67,32,366,1225,1,4,55,4,0,598,48,2,25,0,350,90,453,34,450,51,5,87,208,23,0,15,39,9,15,95,1,129,33,224,2,944,5,34,39,13,8,3,10,0,7,0,19,73
cell547,156,116,65,25,341,24,13,46,221,14,58,77,30,0,140,27,478,19,42,295,0,69,0,57,11,52,81,12,25,3,0,125,13,53,94,24,42,1045,3,1,186,54,12,483,23,0,0,243,237,111,1,23,13,15,91,135,136,8,45,0,33,788,38,367,423,965,0,3,54,2,12,568,78,3,0,0,408,65,862,24,264,42,4,302,504,87,0,19,27,0,10,106,39,225,14,237,35,818,1,60,34,27,14,10,11,0,11,0,14,39
cell548,74,93,17,36,330,18,19,58,156,18,27,83,43,0,680,88,379,21,14,221,1,78,4,55,1,33,65,12,4,10,0,107,14,20,47,31,68,994,0,20,199,47,23,396,19,5,0,127,132,82,1,27,15,22,202,64,6,4,17,0,12,345,42,295,352,1033,0,2,58,12,471,567,40,3,0,0,350,107,392,125,211,44,13,111,270,31,332,28,66,0,12,81,52,85,14,301,22,913,17,20,53,28,5,3,10,0,21,0,17,23
cell549,118,55,73,20,841,15,8,172,148,0,18,171,14,2,29,26,12,10,42,384,0,204,0,15,15,73,110,21,23,18,0,170,21,12,5,164,34,163,3,4,70,5,28,101,102,0,284,167,37,20,1,5,3,31,40,15,41,44,10,6,46,128,16,122,217,125,0,3,23,7,0,121,161,5,2,4,256,91,51,66,182,153,11,148,35,70,0,452,0,0,13,33,61,771,4,156,2,100,14,69,24,52,3,6,114,5,3,1,93,7
cell550,118,107,69,29,323,15,21,72,147,4,86,79,49,1,219,19,240,0,36,202,0,72,3,44,22,19,49,19,16,3,0,116,11,18,243,23,24,2869,1,11,150,57,19,467,18,3,0,122,202,3,2,29,0,7,211,133,58,10,20,0,36,875,31,344,311,750,0,0,49,8,19,526,58,3,0,0,344,120,529,61,265,47,6,239,240,57,0,16,114,0,6,84,1,214,16,271,26,715,5,36,32,20,9,5,9,0,11,0,15,6
cell551,177,50,61,20,698,6,11,100,123,0,23,171,13,0,37,21,36,3,59,346,0,243,1,20,16,63,100,20,6,8,5,175,178,8,29,205,31,70,16,5,69,4,29,51,84,1,0,207,42,11,1,14,4,15,38,10,8,43,9,9,31,120,29,247,499,86,0,0,13,4,0,119,70,13,0,0,367,127,60,197,298,130,12,87,33,23,0,331,0,1,23,36,137,1009,1,191,6,138,0,29,24,52,8,0,116,0,7,0,135,9
cell552,33,35,28,17,791,66,31,158,145,2,18,133,11,5,10,31,27,3,27,345,3,228,6,19,44,22,102,24,3,14,1,173,2,12,10,384,40,240,5,10,74,2,30,96,84,1,0,165,39,24,1,1,1,19,87,9,29,43,16,8,6,146,16,232,238,149,0,0,26,4,26,103,189,12,1,4,258,69,52,136,281,84,4,221,45,12,0,428,1,2,11,0,199,1117,29,190,0,140,20,11,9,56,4,3,81,0,20,0,83,4
cell553,132,80,46,22,254,29,73,48,157,7,36,51,48,0,66,95,322,32,26,245,0,69,28,48,3,32,27,8,9,2,8,125,163,22,21,12,37,681,0,1,170,31,20,554,13,6,0,188,193,6,0,20,2,8,151,40,19,7,18,2,38,630,7,364,236,932,0,2,67,7,9,470,23,1,5,0,314,130,1176,21,338,40,4,271,150,36,0,8,99,0,2,82,0,234,0,259,51,656,6,77,65,25,18,9,6,1,20,0,15,31
cell554,54,51,46,29,315,4,27,83,167,2,20,85,10,0,180,75,319,7,13,188,0,58,0,37,5,44,45,22,6,4,3,97,44,23,86,16,32,1677,2,0,187,25,28,494,19,2,19,126,187,43,3,27,16,12,223,45,42,10,27,0,48,1162,37,322,376,94,0,2,56,8,24,447,37,5,0,0,168,137,1614,16,624,31,4,63,231,23,12,10,21,0,1,121,11,219,0,215,50,771,5,22,24,31,5,2,16,0,29,0,10,2
cell555,69,78,29,37,241,12,3,70,148,6,144,89,29,0,133,94,344,1,16,136,0,60,0,49,5,24,37,15,37,4,0,94,104,6,88,6,12,4275,0,11,180,35,17,749,12,2,0,87,153,141,0,9,6,11,122,77,96,5,37,2,38,1185,72,345,313,1032,3,1,54,2,1,568,29,1,0,0,401,39,1033,23,348,28,10,86,202,70,0,14,83,0,9,106,0,209,34,241,3,830,15,45,49,29,4,4,6,0,12,0,20,19
cell556,140,38,48,3,459,18,11,89,84,1,48,122,15,0,1,28,76,4,16,292,0,266,0,18,12,51,69,20,12,7,0,157,7,8,18,207,46,197,15,3,78,5,3,86,81,3,0,122,44,4,0,9,5,39,34,33,3,16,3,3,11,123,21,242,261,138,0,0,23,8,0,121,116,20,3,7,392,120,63,73,163,111,10,100,12,41,6,210,4,0,28,31,33,1156,24,149,5,143,14,26,22,40,5,3,99,7,9,0,150,40
cell557,218,62,66,13,1213,8,5,204,218,0,32,146,30,0,10,9,7,1,53,434,7,189,2,15,36,50,87,19,18,17,1,190,57,51,4,141,58,70,12,31,80,12,40,75,89,3,1,228,32,10,0,3,15,31,40,36,253,44,10,4,8,139,34,740,532,133,10,0,25,1,5,101,234,24,2,1,711,155,114,183,38,111,8,287,8,49,0,408,0,0,54,8,209,976,10,286,18,120,3,11,12,48,7,2,101,0,14,0,119,14
cell558,135,45,59,7,699,11,9,140,110,2,17,164,10,0,16,20,46,1,6,454,0,178,0,20,51,63,81,15,13,15,48,201,234,5,12,46,56,50,12,9,62,24,21,58,86,3,0,227,28,3,0,4,3,37,49,28,40,45,5,2,54,103,15,478,306,32,0,0,19,3,11,104,232,26,7,6,330,127,89,38,12,104,6,76,27,51,0,342,11,1,7,0,65,877,20,304,49,116,21,16,11,43,10,2,135,17,26,0,146,14
cell559,155,34,64,7,689,34,5,150,114,6,8,126,7,1,5,40,26,1,44,426,0,261,0,18,36,36,105,6,8,10,0,186,114,39,8,321,37,356,12,15,84,5,12,89,97,0,0,483,35,0,2,9,0,28,53,25,70,36,19,0,39,83,20,814,410,112,0,0,27,7,10,103,146,6,11,10,370,104,9,424,485,112,8,257,46,137,0,274,0,0,23,0,102,1036,43,341,3,130,23,26,15,48,1,3,86,0,18,0,153,46
cell560,83,43,71,16,535,9,16,96,75,4,27,124,17,1,10,34,9,9,38,321,0,198,3,23,8,35,75,22,8,4,0,140,127,9,7,142,56,178,10,8,66,14,24,82,86,1,0,219,14,10,4,13,3,10,76,10,35,21,10,6,17,149,14,210,248,82,0,0,27,7,2,112,118,5,5,6,338,148,53,83,208,136,9,14,15,55,0,203,20,16,19,0,112,558,14,179,24,121,8,14,9,34,6,13,70,19,4,0,47,12
cell561,96,34,33,17,522,13,53,86,125,7,9,89,17,0,8,30,29,0,16,312,0,208,0,17,16,56,82,12,3,12,0,171,0,17,4,135,62,95,5,0,71,8,16,72,67,1,0,164,49,4,6,3,3,10,31,29,21,33,4,1,27,83,21,294,322,67,1,0,14,5,0,80,112,1,0,0,282,102,48,53,157,108,4,227,27,55,0,191,0,0,39,16,181,1119,32,116,4,100,13,31,8,38,2,5,77,8,7,0,83,22
cell562,64,39,43,11,796,2,19,144,77,1,27,106,16,3,21,17,43,0,41,215,0,179,0,12,10,41,71,12,13,4,0,125,27,25,13,331,27,52,16,0,54,6,18,32,85,2,0,152,13,2,0,3,3,9,40,16,22,29,10,7,24,95,11,288,352,72,0,0,23,3,2,86,93,23,0,0,327,149,62,52,42,119,6,173,24,46,0,277,24,0,15,0,176,361,19,235,25,116,12,26,20,47,1,1,104,0,31,0,99,20
cell563,68,61,20,23,211,16,10,48,130,6,80,70,21,0,314,66,150,2,13,126,0,66,0,60,4,21,25,6,41,0,0,76,13,27,34,5,38,1524,4,3,188,108,22,577,18,3,0,155,99,7,1,9,9,16,159,131,24,11,47,1,17,884,21,122,265,779,35,3,67,17,14,527,51,1,0,0,248,92,961,253,76,41,6,363,268,11,0,14,139,0,17,104,10,88,39,289,114,842,2,51,37,31,15,4,9,0,24,0,17,31
cell564,104,50,80,27,677,11,14,136,95,2,14,58,20,0,24,21,16,3,22,234,0,140,4,14,11,61,67,15,3,16,14,173,87,32,16,232,48,221,7,27,65,14,28,63,57,2,0,175,40,14,2,10,1,35,25,13,79,24,5,5,18,93,19,354,405,90,1,0,17,5,12,101,149,8,15,0,391,167,26,46,112,90,11,134,24,29,151,226,1,1,27,30,72,409,2,254,1,106,10,19,22,38,5,8,99,5,5,0,85,10
cell565,28,55,55,32,593,16,1,128,121,3,14,113,9,0,16,35,13,1,29,358,0,172,0,13,9,38,74,19,6,8,41,126,72,30,7,145,32,0,2,0,62,8,20,65,82,1,0,205,30,6,0,5,4,16,57,21,27,29,6,3,8,118,15,251,215,92,0,0,22,4,2,108,141,9,8,6,305,162,73,60,143,64,5,162,39,53,6,136,12,0,27,0,25,533,3,209,10,112,18,20,16,42,0,1,95,0,7,0,67,18
cell566,139,57,23,15,746,14,83,137,113,1,0,138,24,0,20,9,39,20,34,313,0,181,0,17,11,47,94,29,11,10,2,138,89,23,7,193,56,198,5,6,84,11,10,97,62,2,0,98,21,24,3,3,4,30,28,16,7,25,3,5,35,58,26,206,601,122,0,0,25,1,0,87,91,2,0,1,429,156,27,70,77,90,7,74,33,61,0,202,64,0,15,23,49,1132,0,292,0,103,20,34,28,43,5,1,82,0,28,1,130,24
cell567,93,58,96,24,475,21,49,95,56,1,27,69,12,0,34,17,38,3,16,269,0,139,0,15,13,26,88,7,11,13,0,131,17,7,1,163,39,222,9,14,57,14,17,63,68,1,0,141,45,3,1,6,3,28,26,21,73,23,20,1,14,61,19,301,236,75,0,8,18,2,7,109,183,6,2,0,390,182,29,93,67,105,3,306,23,54,0,211,4,1,33,0,53,578,1,262,0,91,24,11,15,36,12,8,93,0,13,0,96,22
cell568,108,84,83,35,297,20,7,65,108,16,108,50,11,0,53,30,205,12,25,102,1,37,14,29,5,15,50,10,8,1,0,68,44,1,40,10,25,116,0,10,152,61,20,463,12,5,28,137,29,133,0,7,6,8,148,111,17,12,9,3,17,516,65,298,198,686,8,0,53,8,302,441,60,0,3,0,322,92,220,45,264,35,3,26,95,28,0,12,151,0,0,79,82,94,14,250,2,572,5,18,52,45,10,3,13,15,19,0,12,92
cell569,109,65,97,21,569,1,22,74,80,3,37,107,7,0,5,10,33,3,29,224,1,115,0,13,15,31,65,15,16,12,0,126,101,7,4,208,41,190,5,0,53,15,9,57,63,0,0,156,26,0,0,13,0,35,36,14,1,21,7,3,6,103,6,352,65,89,0,0,21,1,0,84,75,8,0,0,350,180,36,45,64,130,5,24,12,13,0,216,7,0,15,0,88,212,3,206,0,87,6,33,19,40,7,0,109,7,13,0,120,12
cell570,134,84,60,10,782,33,17,154,106,4,22,84,9,3,6,18,27,1,15,256,3,145,0,15,5,26,94,10,0,4,0,110,129,30,11,224,33,159,6,8,63,1,25,61,79,3,0,159,21,1,0,12,4,38,49,33,68,27,2,13,5,60,6,261,379,105,0,0,19,6,1,95,132,9,0,0,429,207,49,18,72,63,9,123,38,62,0,184,25,0,8,1,136,897,13,226,15,94,6,16,22,35,7,2,117,6,17,0,152,46
cell571,83,67,72,34,225,43,3,49,122,2,67,69,25,0,126,42,178,2,10,44,0,57,0,43,7,7,13,6,14,4,0,61,26,12,21,16,37,1647,0,5,129,38,8,329,24,1,0,199,82,69,0,7,5,12,192,70,122,16,15,0,11,323,62,319,310,215,0,0,43,5,46,304,61,5,0,0,141,104,54,240,227,47,4,219,110,123,0,14,87,1,5,73,1,94,37,216,36,370,2,34,20,46,12,4,14,0,10,0,15,181
cell572,45,75,32,16,605,22,6,143,102,3,43,121,10,0,7,16,23,0,35,179,0,180,0,15,6,28,92,14,5,14,0,103,10,44,3,207,17,142,13,2,51,7,18,49,79,3,0,89,25,0,0,21,11,21,24,7,150,17,6,2,4,116,22,374,153,94,0,0,22,2,0,87,115,8,9,3,657,221,144,133,642,96,5,313,36,78,0,177,13,0,9,0,241,606,2,286,8,102,5,11,26,54,7,1,92,0,4,0,87,9
cell573,154,57,18,18,756,24,22,153,48,0,9,94,8,0,47,10,7,0,24,222,2,143,0,19,8,19,54,15,9,17,0,113,40,18,2,165,17,34,6,6,58,5,16,36,65,1,5,110,34,7,2,3,2,14,27,21,26,27,5,3,20,102,17,329,232,97,0,0,16,1,2,80,67,6,1,6,298,191,2,72,16,109,14,136,20,103,0,193,15,0,9,0,201,215,25,190,25,101,26,30,31,51,10,4,79,12,6,0,80,17
cell574,109,61,44,18,698,7,6,114,66,0,9,113,13,0,77,16,29,2,17,151,0,124,9,15,3,28,89,14,13,3,3,101,27,11,22,135,25,121,8,12,44,2,22,43,72,2,0,102,21,4,0,2,4,28,38,16,55,30,12,0,8,73,19,346,196,80,0,0,13,4,1,93,138,9,3,1,328,220,9,33,86,82,3,186,17,130,0,198,13,0,22,19,135,367,38,230,0,75,25,11,10,56,7,2,80,1,7,0,87,27
cell575,78,60,103,21,466,1,33,87,113,7,21,134,4,0,23,14,24,0,14,159,0,205,0,18,20,29,75,14,5,12,0,78,41,23,1,134,28,29,6,0,51,7,19,53,52,2,0,120,34,1,0,9,10,17,46,18,34,20,4,4,6,114,12,251,178,80,7,0,16,1,0,84,139,12,0,1,317,283,0,105,364,96,8,205,46,68,0,121,0,0,33,6,154,894,44,221,0,102,17,12,27,57,4,3,62,1,31,0,138,11
cell576,103,65,72,25,439,15,38,117,89,4,31,102,8,0,8,18,16,0,28,177,0,142,1,17,21,24,31,20,6,10,0,94,94,22,10,185,49,78,10,6,42,4,16,39,74,1,0,134,20,3,1,4,4,21,10,37,7,22,12,0,17,75,25,324,252,105,0,0,15,3,3,75,93,18,0,0,332,197,1,41,86,82,8,226,37,64,0,122,1,0,37,0,165,722,47,233,10,103,15,8,27,40,6,3,89,7,13,0,79,31
cell577,186,79,122,16,1123,39,57,193,126,8,9,153,7,1,12,12,12,1,29,212,0,142,0,14,2,38,83,20,1,15,0,127,32,15,5,284,63,141,4,6,52,1,27,63,70,1,0,119,12,0,1,12,3,38,36,14,16,34,3,0,10,81,33,236,34,97,0,0,15,1,18,87,137,8,8,0,260,201,60,25,70,86,1,42,19,32,0,230,33,1,26,30,121,633,22,207,20,84,2,37,28,63,10,2,89,2,18,0,103,4
cell578,83,55,34,18,424,37,3,97,82,0,20,66,6,0,2,18,29,0,34,139,0,145,0,15,5,34,73,11,5,9,0,119,36,13,11,152,36,34,7,4,57,7,14,71,77,0,0,69,41,0,1,3,2,30,25,20,40,30,3,4,14,81,11,429,441,85,0,0,21,3,14,85,171,4,0,3,685,179,21,144,537,65,10,559,40,203,0,110,13,0,8,21,306,437,50,286,24,88,35,7,21,47,6,8,82,0,11,0,139,21
cell579,112,50,37,24,461,2,2,89,80,4,11,106,4,2,8,25,12,0,19,204,0,141,0,13,0,29,54,5,5,1,0,93,44,18,3,208,26,2,9,1,62,0,8,26,67,1,0,157,25,3,0,5,8,19,57,24,12,12,6,0,1,78,7,317,187,72,13,0,18,2,0,96,83,4,1,0,341,166,18,39,89,107,8,206,29,38,0,165,2,0,28,0,111,568,0,244,4,99,2,34,11,56,10,8,88,2,17,0,99,37
cell580,94,92,57,23,344,9,46,92,109,1,125,86,28,0,352,49,110,50,12,98,0,61,0,43,1,7,28,15,40,8,4,49,22,4,42,30,27,2181,6,9,154,41,16,368,17,1,0,153,74,6,0,5,27,47,163,85,22,12,17,0,19,452,55,124,226,583,0,0,45,8,69,360,31,5,0,0,351,71,343,48,187,55,2,145,62,54,0,23,79,5,6,80,97,128,6,232,28,454,1,40,64,28,7,3,23,1,9,2,12,19
cell581,151,58,46,14,821,8,73,114,87,7,15,50,12,2,4,26,14,0,51,197,0,125,15,23,17,26,76,16,5,3,1,110,53,12,7,200,54,175,4,0,49,13,22,37,68,0,0,152,24,8,3,4,4,17,31,3,13,30,3,1,19,61,9,461,142,49,0,1,19,4,1,77,137,9,8,0,396,136,22,71,149,96,4,131,31,138,0,163,2,2,16,19,68,469,3,211,8,99,17,31,21,43,1,4,71,0,23,0,84,35
cell582,121,66,64,13,558,30,8,116,96,2,17,72,15,0,14,19,25,11,18,171,0,139,8,15,7,37,71,12,15,6,0,97,14,32,21,178,26,128,6,9,35,11,12,49,76,2,0,168,19,2,0,7,3,53,30,7,3,23,2,4,13,65,9,354,51,76,0,0,10,2,0,68,129,6,17,12,351,124,0,33,176,91,4,34,23,48,0,177,18,32,32,0,85,432,16,171,4,90,3,19,16,41,2,1,74,3,17,0,94,27
cell583,115,76,91,23,410,12,29,73,154,14,61,106,14,0,204,89,77,3,6,112,0,65,20,52,1,23,36,14,19,7,1,61,18,3,35,29,33,87,0,0,136,76,3,242,14,1,0,177,39,32,1,25,15,9,130,100,58,19,23,1,12,486,30,363,329,387,5,0,40,7,43,327,77,0,0,0,454,84,275,83,240,43,8,168,83,76,0,38,0,1,7,68,20,142,11,328,71,431,9,15,25,41,16,2,24,1,35,0,12,23
cell584,50,45,68,19,450,15,37,109,86,2,19,75,19,0,9,21,21,2,7,125,2,136,0,15,1,14,51,30,3,8,0,92,13,2,21,195,54,32,7,1,45,6,2,59,64,4,0,101,17,4,1,4,1,7,36,11,67,33,8,0,7,50,3,300,265,58,0,0,16,0,16,73,108,16,4,10,296,178,0,72,36,83,11,150,25,58,0,194,2,31,13,0,126,110,3,211,12,76,15,26,15,36,9,4,108,11,27,0,82,7
cell585,124,61,37,8,790,26,8,130,86,3,11,53,8,0,12,23,32,2,21,103,0,134,0,11,4,39,71,15,2,15,0,106,104,27,4,176,34,62,2,22,47,6,16,43,79,1,55,84,44,3,2,5,0,20,32,16,23,20,4,11,19,51,11,278,160,68,0,0,12,2,4,86,93,10,6,0,271,241,16,75,135,56,4,203,28,40,0,150,8,1,22,24,84,336,17,169,7,96,14,29,23,41,1,4,105,0,16,0,90,0
cell586,127,69,50,15,848,23,79,101,135,1,16,114,2,1,11,22,9,2,16,144,0,138,2,6,4,17,45,16,7,11,0,97,130,10,4,131,31,11,3,2,36,11,21,52,66,0,0,48,20,1,0,3,2,97,49,9,5,20,3,9,22,30,5,243,231,91,0,0,12,3,11,76,114,0,27,2,285,248,16,56,76,93,15,154,21,127,0,185,0,0,6,0,162,396,68,197,17,88,22,36,17,53,4,6,72,18,3,0,151,12
cell587,96,59,47,22,401,22,25,59,74,3,17,90,8,0,13,23,20,2,9,129,2,146,0,14,5,17,37,19,7,12,0,73,14,2,6,155,15,32,3,26,37,2,16,32,56,0,0,71,10,5,0,2,0,37,35,25,52,17,3,4,34,52,16,245,126,97,2,0,12,1,6,82,59,1,7,0,117,281,20,87,117,65,4,346,15,77,0,116,1,14,12,9,81,115,5,122,15,100,3,1,8,40,1,0,68,5,32,0,85,9
cell588,125,58,94,19,618,8,5,120,88,4,17,95,11,0,4,20,28,4,16,124,0,130,0,15,4,22,52,21,11,6,0,85,34,18,16,89,9,129,7,0,37,9,17,61,66,4,19,151,16,4,1,5,5,33,46,17,0,14,6,2,26,66,12,243,137,88,0,0,29,1,10,68,104,4,15,5,251,175,61,51,53,50,6,208,9,25,289,118,2,0,30,16,125,255,4,166,9,97,26,29,11,40,11,0,74,1,6,0,132,48
cell589,155,44,63,21,771,32,7,145,91,5,10,107,8,2,32,16,18,1,31,169,0,181,8,19,10,31,72,27,7,15,0,94,24,28,13,164,57,159,9,0,40,9,12,47,71,2,2,173,14,8,1,4,1,52,39,17,31,27,11,16,29,87,6,317,140,57,0,1,21,7,25,75,170,19,4,0,351,137,39,236,99,84,7,79,15,27,2,223,61,1,8,27,73,329,2,224,8,85,14,10,31,46,7,3,91,0,12,0,152,18
cell590,139,53,63,15,721,65,7,175,85,5,4,112,8,0,21,10,12,2,29,164,0,146,0,16,23,26,55,9,4,18,0,108,78,8,5,217,41,71,2,0,47,6,13,63,94,1,0,76,30,3,4,3,0,80,38,4,21,29,7,8,8,60,15,118,110,82,0,0,25,5,21,77,101,12,0,0,328,170,41,84,201,90,7,50,19,67,0,202,0,0,18,0,60,291,4,187,5,82,12,43,8,28,8,0,96,3,21,0,104,5
cell591,80,58,75,33,501,20,33,114,94,0,16,75,7,1,34,18,9,9,26,190,0,129,1,14,1,50,74,14,2,16,1,116,44,48,3,74,46,70,10,2,41,1,13,35,62,3,70,124,30,1,2,5,5,45,37,13,18,18,9,14,14,66,19,246,170,95,2,0,18,3,6,74,74,15,0,8,259,155,14,27,70,51,9,154,26,20,13,123,4,18,15,0,51,162,19,103,4,73,30,13,22,34,4,0,92,0,7,0,130,13
cell592,64,61,37,12,453,29,10,95,50,3,32,95,5,0,7,11,22,0,10,163,0,156,0,13,0,22,59,14,11,7,0,100,70,8,2,154,26,115,4,8,31,3,17,33,52,2,0,107,13,3,0,5,5,55,19,0,4,29,9,6,46,57,17,119,86,74,0,1,25,1,5,63,151,7,0,0,306,108,5,52,156,95,9,116,8,76,0,142,0,0,13,22,190,114,0,189,35,103,15,17,16,26,7,0,62,1,48,0,128,25
cell593,42,41,44,18,598,23,13,140,68,0,29,70,8,4,15,11,22,2,22,199,1,100,0,10,3,38,37,21,3,11,1,93,8,8,4,160,26,9,3,1,30,2,11,44,65,0,4,50,18,13,2,1,0,23,15,2,18,17,4,2,10,59,13,278,56,77,0,0,13,2,0,63,95,7,0,6,287,154,25,14,202,62,0,122,14,45,0,170,1,13,8,11,196,185,4,123,3,70,10,46,29,30,10,3,95,1,2,0,164,35
cell594,96,54,37,17,643,27,8,165,76,4,21,97,7,13,21,10,16,2,26,137,5,133,0,20,8,9,58,23,9,11,0,79,88,12,11,263,23,81,5,1,34,23,22,70,72,1,0,26,25,10,1,0,1,23,41,13,6,27,3,1,16,55,29,176,137,97,0,2,11,3,25,67,178,2,6,3,319,143,4,74,32,73,11,161,15,33,0,224,0,0,19,0,118,141,5,200,4,74,23,19,15,37,5,2,68,5,31,0,243,25
cell595,85,73,59,8,297,27,35,91,134,7,75,101,28,3,149,75,257,3,23,125,1,62,9,60,5,21,32,13,53,6,0,69,59,22,98,0,22,1022,1,7,121,81,10,159,16,2,0,148,100,16,0,7,2,49,107,70,57,5,18,1,28,539,22,154,211,142,1,0,43,6,40,311,55,2,1,0,255,150,351,456,114,52,6,127,127,21,0,20,30,0,12,83,7,276,21,200,57,434,2,58,21,26,7,18,33,0,21,0,15,54
cell596,113,65,77,33,544,11,38,99,75,7,19,79,9,4,3,12,15,0,14,123,4,127,0,10,5,40,74,16,4,7,8,88,16,23,5,105,10,37,6,9,45,0,19,81,68,0,0,184,14,1,1,3,1,30,16,6,5,25,3,5,6,97,15,271,141,77,0,0,21,2,1,64,123,12,1,0,334,114,51,41,266,51,5,271,18,60,0,132,0,14,26,8,103,417,0,193,29,84,26,32,17,42,10,3,65,0,35,0,85,31
cell597,53,59,38,33,603,25,1,142,93,7,11,97,8,0,26,19,3,0,28,167,0,116,0,14,4,35,51,16,4,3,0,114,11,11,21,83,25,64,4,1,33,5,17,72,61,0,4,46,22,0,0,10,0,9,38,11,59,20,5,10,27,51,35,308,214,68,0,0,12,5,1,65,48,11,7,4,371,125,59,77,174,76,10,59,17,80,0,156,0,0,16,23,124,201,34,157,17,78,16,25,29,28,2,2,124,1,11,0,120,42
cell598,115,39,63,12,414,10,1,99,82,5,3,105,7,0,12,13,16,0,36,188,2,164,0,13,2,36,66,14,1,3,1,114,3,11,5,113,24,114,7,2,40,5,16,51,60,2,25,177,27,0,2,2,1,26,22,9,8,12,6,1,41,97,7,242,241,97,0,1,16,9,12,70,90,3,7,3,337,98,54,31,43,27,4,135,20,12,65,133,29,15,15,19,172,111,73,89,0,81,14,15,32,50,11,8,80,2,19,0,94,17
cell599,131,44,65,23,504,5,58,114,80,2,5,120,8,0,36,20,22,0,30,87,0,199,4,13,4,23,68,25,4,15,0,87,17,15,8,179,12,89,5,16,32,7,17,67,46,0,0,182,20,3,1,5,7,34,44,12,52,20,6,1,18,74,14,304,293,51,0,0,26,7,27,74,101,10,0,22,337,107,69,61,202,110,4,144,29,41,0,155,0,0,31,27,40,584,25,224,6,86,56,2,24,21,3,3,74,0,7,0,82,4
cell600,119,79,49,23,412,5,44,71,158,30,14,119,16,0,281,78,161,14,26,66,0,84,11,28,7,14,30,18,4,2,0,88,33,3,45,19,32,2455,0,2,174,45,8,393,19,11,0,80,66,16,0,5,12,22,76,62,8,14,75,4,14,622,35,174,206,642,3,0,53,7,2,430,37,2,0,0,232,132,463,46,185,61,5,54,146,81,0,14,0,0,6,96,10,182,1,144,6,550,0,47,32,38,16,13,45,13,51,1,13,78
cell601,123,52,50,36,611,29,7,114,102,2,3,139,6,0,10,16,13,5,28,208,4,207,0,13,14,32,60,20,19,5,0,100,127,36,2,129,24,150,6,18,48,3,21,42,60,10,0,105,17,5,1,1,7,47,19,16,11,28,4,0,11,60,9,250,399,48,0,0,16,2,0,74,122,15,0,6,200,161,10,50,129,103,3,157,23,102,0,180,0,0,24,15,29,447,4,193,22,104,28,36,12,60,5,2,97,4,9,0,116,15
cell602,85,64,118,18,447,4,5,76,209,16,61,99,15,0,251,51,261,21,33,134,0,65,0,27,9,28,55,10,8,4,11,72,15,19,26,17,29,16,9,1,138,47,13,386,15,2,17,51,70,28,3,17,11,34,172,119,21,10,32,3,25,759,48,170,187,672,0,0,43,0,1,386,39,0,0,0,164,95,389,37,91,37,3,115,58,32,1,26,15,1,10,59,4,114,8,39,4,561,2,77,17,30,24,7,46,0,14,0,13,81
cell603,138,71,80,11,268,0,5,76,164,1,92,76,32,0,103,63,187,0,17,167,1,98,14,46,9,22,58,8,16,6,3,104,93,18,78,25,26,1084,5,1,127,54,16,202,26,1,0,87,61,97,0,8,3,21,56,59,12,7,26,0,23,466,52,227,215,498,0,0,43,7,68,313,65,1,1,1,145,273,81,9,105,36,1,118,79,82,0,23,0,0,6,82,0,95,26,154,65,395,0,41,25,34,23,17,54,0,43,0,18,5
cell604,78,47,66,8,443,1,1,112,59,7,4,86,4,2,13,19,5,1,29,219,1,124,0,18,17,15,49,19,8,12,0,118,66,17,14,57,13,71,7,2,32,1,12,56,65,2,0,29,13,7,1,0,0,11,29,17,15,14,17,3,57,30,21,148,124,74,0,0,11,3,2,73,85,3,0,0,200,100,24,74,16,115,6,2,34,75,0,122,1,0,10,22,69,305,3,121,5,71,12,27,17,44,3,6,66,0,4,0,147,9
cell605,147,57,73,16,664,20,66,113,108,2,6,95,7,0,2,25,9,2,28,298,0,151,0,8,5,37,68,26,8,9,1,143,156,10,2,93,44,12,10,4,19,5,11,36,84,0,39,118,26,5,2,4,5,21,16,8,23,21,3,3,15,60,12,302,117,85,0,0,13,1,4,69,97,10,2,0,240,100,10,66,112,134,7,106,27,54,0,150,24,0,4,11,131,501,0,144,1,78,3,15,11,44,9,1,65,17,91,0,150,15
cell606,119,36,17,13,510,22,63,113,88,4,24,107,9,0,3,22,34,0,14,226,4,162,0,5,9,21,55,17,7,4,1,136,27,23,9,86,34,50,5,0,45,3,20,78,67,1,0,123,44,16,2,6,0,35,26,25,30,18,6,3,37,72,14,310,202,89,0,0,20,2,25,58,116,7,0,1,203,169,18,45,161,82,3,178,41,44,2,117,2,0,11,0,85,336,0,182,17,70,3,34,8,31,7,5,69,0,21,0,102,34
cell607,114,87,72,28,841,6,3,187,116,5,28,77,2,2,1,15,11,1,27,228,0,164,0,20,3,26,85,17,11,9,0,112,120,7,4,178,41,136,2,1,45,2,15,69,89,0,0,131,18,2,3,1,2,46,25,21,13,37,11,5,6,67,8,155,206,74,3,0,19,4,2,91,77,24,12,11,291,185,36,53,196,82,5,190,8,54,0,236,9,0,30,0,33,219,4,139,6,101,39,19,8,30,10,3,78,0,32,0,177,14
cell608,101,64,63,8,325,17,111,82,160,11,8,122,21,0,145,59,416,10,49,211,0,120,1,59,3,24,67,16,20,3,0,108,44,9,31,15,45,440,0,10,143,36,13,149,15,1,0,60,56,100,0,24,23,26,91,87,14,4,39,3,25,593,74,120,223,585,0,0,51,2,6,391,48,3,0,0,138,140,604,149,145,68,2,68,69,30,0,23,3,0,29,78,28,471,8,87,29,476,11,54,10,30,1,12,26,0,39,0,14,7
cell609,169,50,57,16,831,16,23,145,76,1,14,96,4,0,6,7,8,2,26,329,7,125,1,13,5,18,82,19,1,3,0,119,96,45,13,226,27,10,4,2,45,1,20,58,72,0,0,97,24,1,1,8,5,20,21,9,0,26,0,0,15,55,8,175,201,79,0,4,15,3,0,65,61,7,1,0,238,208,18,26,93,57,6,230,23,40,0,214,0,0,6,0,125,73,1,122,9,80,4,20,20,34,9,0,78,0,31,0,158,10
cell610,179,54,40,24,566,15,52,77,286,14,24,98,8,0,94,55,460,4,34,195,0,91,3,56,3,30,81,8,29,0,0,131,141,0,30,31,56,2639,0,12,151,61,26,535,16,7,0,108,115,137,2,26,16,15,231,58,21,17,35,4,23,648,36,275,334,791,0,0,58,12,73,424,65,1,0,0,255,159,1317,75,177,78,10,47,93,69,0,43,10,0,14,74,88,284,0,127,25,629,3,40,24,31,24,14,31,0,47,0,19,28
cell611,93,68,36,26,836,2,58,90,91,3,7,67,7,3,2,26,22,0,32,351,3,139,23,11,2,55,87,25,16,12,0,177,32,26,6,90,23,108,4,27,43,4,21,47,70,0,1,29,33,19,1,4,4,19,25,10,14,27,14,9,25,60,8,290,120,95,0,0,25,2,7,80,70,13,5,8,230,235,15,46,75,45,0,32,10,42,0,199,16,0,31,0,129,286,9,105,0,72,45,20,15,24,4,0,76,0,53,0,166,120
cell612,180,79,61,8,561,14,31,70,209,4,100,117,42,0,346,53,244,8,27,257,1,114,0,44,1,12,49,15,23,6,0,104,83,22,60,25,43,1819,3,5,161,48,15,372,10,3,131,110,89,172,1,13,23,58,206,111,38,11,7,0,29,660,20,292,377,485,0,1,43,4,24,412,44,1,0,0,293,142,179,52,265,29,3,41,171,28,0,41,83,0,10,73,1,325,35,201,29,491,2,24,39,34,21,15,23,1,19,0,15,11
cell613,158,48,33,13,399,13,32,60,181,15,79,101,18,0,54,67,164,0,30,212,1,84,16,27,8,39,48,17,11,2,0,103,10,22,21,16,31,2238,1,2,150,13,23,329,16,5,177,114,46,58,0,5,23,27,147,58,17,16,20,5,24,649,26,238,125,185,0,1,52,11,43,396,65,4,1,0,211,114,662,48,88,85,5,166,163,22,0,33,185,0,21,61,12,296,3,120,3,477,7,56,20,39,32,6,39,0,9,0,12,59
cell614,108,60,38,30,781,19,2,136,103,3,12,103,3,0,1,13,12,0,32,405,8,172,0,19,23,56,87,15,1,13,0,187,64,12,17,137,40,74,12,8,35,5,16,52,79,5,0,85,21,3,0,8,2,18,30,16,33,26,10,11,1,74,2,228,174,75,0,0,17,3,0,68,56,3,4,0,203,134,3,25,43,71,2,203,6,85,0,214,0,0,43,14,37,361,9,132,10,97,19,11,8,24,9,4,63,2,51,0,88,24
cell615,157,161,59,38,739,28,25,130,165,20,24,40,14,0,193,52,169,11,49,177,0,76,0,35,5,26,59,16,4,6,0,120,38,24,6,19,35,876,7,1,115,57,15,272,16,0,1,90,63,48,0,14,17,29,114,59,66,13,13,4,13,400,25,228,233,335,13,0,49,3,1,341,50,2,0,0,102,130,708,20,114,51,9,155,99,12,0,40,91,4,8,80,0,262,29,128,43,403,5,20,38,32,25,10,30,0,33,0,21,111
cell616,130,50,34,29,613,55,2,116,104,10,9,125,9,2,4,17,22,0,21,369,3,168,0,13,16,40,68,9,2,7,2,144,55,12,4,246,39,109,9,18,39,6,21,56,67,1,0,138,18,6,1,7,4,16,25,7,4,35,3,11,7,62,16,192,211,49,0,0,10,5,6,62,101,5,14,0,228,158,21,55,50,66,6,39,10,29,0,218,0,3,27,0,27,204,3,153,33,68,2,7,14,17,15,5,113,68,15,0,127,35
cell617,108,34,75,22,573,10,47,134,116,0,32,99,5,0,3,12,32,0,27,339,0,79,0,11,15,23,92,25,1,15,0,135,37,3,11,85,32,9,1,2,36,2,21,28,70,1,95,157,29,1,0,4,7,18,17,12,0,27,3,3,8,65,13,174,155,72,2,0,13,4,13,82,100,6,14,5,169,108,42,62,88,80,14,35,28,15,0,214,0,0,38,21,73,102,10,85,8,75,29,4,10,23,6,2,86,22,31,0,97,33
cell618,158,39,33,28,509,25,13,79,88,3,3,76,2,1,11,13,11,0,29,467,0,103,0,12,8,49,110,25,8,8,64,191,0,61,4,165,9,66,2,1,36,10,21,41,35,1,0,72,25,9,0,3,2,45,33,6,36,17,14,2,53,70,10,213,102,78,0,1,17,1,8,69,61,4,4,0,203,105,2,25,67,58,16,49,19,28,0,208,1,0,18,0,88,236,18,125,1,61,19,32,5,11,4,5,72,0,16,2,111,13
cell619,123,53,74,13,500,12,94,102,126,0,14,46,4,0,7,13,7,0,41,417,0,100,0,13,9,27,117,18,6,6,3,186,116,12,5,103,40,133,8,5,40,7,30,69,86,0,177,93,15,0,3,0,1,25,37,12,7,39,6,3,4,51,20,309,143,86,0,0,18,0,1,78,69,18,3,0,166,95,38,39,22,105,4,152,4,85,0,190,0,0,19,24,40,190,0,98,8,93,9,46,13,25,2,2,57,3,52,6,85,31
cell620,192,83,3,27,780,9,105,90,207,5,35,118,28,0,150,36,212,0,23,207,2,64,24,35,18,45,21,8,37,1,6,108,95,3,30,15,46,1448,0,12,133,54,13,275,16,0,14,139,109,7,1,3,5,22,100,83,51,3,6,1,22,585,59,70,374,358,6,1,62,2,0,298,96,5,0,0,297,184,230,143,217,75,8,173,101,24,0,37,52,12,15,66,13,336,0,123,2,446,6,60,22,40,14,12,42,0,38,0,15,3
cell621,138,42,61,13,689,14,60,165,87,1,26,90,12,2,0,15,22,4,29,435,0,113,10,18,8,28,100,32,1,6,0,211,12,87,8,312,34,141,6,13,39,11,15,72,92,0,7,73,26,8,0,3,0,44,36,16,11,25,7,13,6,48,10,240,178,35,1,1,26,3,3,72,67,17,0,15,129,133,11,38,65,61,7,127,24,34,0,309,72,0,5,0,53,199,14,65,1,79,18,29,14,19,3,0,113,0,99,0,102,8
cell622,130,90,33,52,842,27,81,95,220,11,40,85,13,0,54,47,352,16,34,231,4,78,0,29,12,52,71,19,13,5,0,92,100,0,101,48,25,1770,3,3,114,40,12,424,28,1,0,180,13,14,1,21,26,20,90,82,15,22,23,2,31,541,22,210,296,427,0,0,38,1,14,328,56,1,2,0,209,132,254,57,129,30,7,35,68,45,0,59,337,1,7,60,3,130,9,165,36,436,10,19,25,57,45,4,32,0,38,0,21,78
cell623,95,44,49,10,576,19,24,98,105,4,17,91,5,0,0,16,6,1,20,651,0,72,31,11,21,37,129,15,3,23,72,249,18,80,8,156,39,126,11,3,42,0,27,28,64,0,1,146,14,9,2,1,5,10,27,25,7,21,9,5,23,82,11,106,148,76,0,1,13,7,0,83,88,12,1,10,207,144,10,47,28,51,8,165,19,32,0,233,4,0,23,0,52,304,12,44,20,103,25,13,30,23,15,5,91,11,85,0,147,8
cell624,179,94,79,53,1182,30,49,111,294,10,6,76,17,0,63,80,87,0,37,288,0,62,10,31,12,18,83,6,19,1,0,136,10,6,8,44,19,2133,1,4,134,36,16,162,28,2,207,254,55,38,2,11,3,35,104,33,11,15,14,0,17,733,57,189,417,508,0,0,42,12,67,296,119,2,5,0,333,189,188,84,255,63,7,70,240,61,0,77,337,0,9,70,32,245,3,211,5,446,2,63,34,57,10,19,41,2,68,0,17,83
cell625,169,36,47,6,709,4,7,144,105,1,7,105,4,1,7,8,18,0,20,626,0,117,1,9,6,72,131,35,1,10,0,301,96,7,6,489,40,84,4,0,44,4,16,71,87,0,0,177,6,0,5,8,5,15,15,23,31,36,1,1,14,38,9,194,308,102,0,0,28,2,2,81,38,5,0,4,181,125,9,47,85,76,11,64,16,8,0,389,0,0,19,16,18,371,29,125,7,77,34,16,6,17,11,1,74,0,68,0,134,25
cell626,111,54,46,14,866,33,98,151,141,5,36,126,15,1,10,27,8,6,34,809,0,170,11,17,22,82,133,36,1,10,2,309,222,58,6,413,11,136,6,25,33,11,40,68,84,1,63,117,23,1,2,7,4,16,18,7,70,40,10,14,10,59,20,242,376,98,8,0,15,1,0,78,159,2,3,16,250,114,9,52,114,111,14,63,19,8,26,392,0,0,25,16,43,435,4,155,26,102,26,2,17,23,7,0,82,10,54,0,77,86
cell627,60,28,36,8,551,31,22,110,110,3,11,119,6,0,6,8,34,0,32,688,1,138,0,20,25,51,163,27,4,20,0,294,0,76,4,166,52,55,1,3,42,3,24,55,77,1,0,94,32,7,1,4,5,19,26,4,29,36,2,5,13,82,15,280,125,83,0,0,14,4,5,83,102,10,40,4,257,119,13,124,83,46,11,13,12,21,0,271,4,0,12,25,24,117,5,125,1,90,6,10,17,29,3,1,72,2,34,0,149,12
cell628,159,37,29,11,463,45,13,85,86,0,46,92,6,1,2,13,13,4,49,851,0,172,0,14,22,71,138,25,1,12,14,282,164,37,10,127,31,126,6,8,40,8,46,34,85,5,0,82,28,0,0,7,4,19,36,27,4,35,7,10,42,62,11,161,284,70,0,0,24,1,0,63,92,13,32,1,165,65,62,22,94,96,4,56,38,18,0,265,24,0,20,0,69,407,12,103,16,98,10,11,16,28,5,4,49,4,66,0,133,19
cell629,130,48,40,11,509,18,22,122,106,2,16,92,7,1,25,13,16,8,39,667,12,118,13,19,24,33,165,26,2,27,0,258,318,29,16,175,20,3,3,1,43,2,22,53,78,3,0,32,28,2,1,5,4,29,35,11,50,38,12,1,11,49,4,294,81,80,1,0,16,3,0,87,140,14,0,15,231,115,15,62,104,74,9,126,11,55,0,270,1,0,38,0,23,171,23,108,14,80,49,20,8,22,9,4,83,0,43,0,142,17
cell630,158,79,62,44,684,23,24,94,269,6,32,122,39,0,197,68,159,1,36,360,4,97,0,49,5,35,71,10,40,13,0,164,25,57,20,19,22,1841,0,1,135,41,20,268,17,5,20,160,67,56,3,23,18,16,88,66,9,24,27,0,55,249,64,273,286,255,0,0,47,15,33,337,34,3,1,0,194,192,670,32,108,44,12,140,78,66,10,62,78,0,10,84,0,239,0,154,43,411,11,22,20,46,30,7,51,20,90,0,11,111
cell631,113,70,51,45,918,32,22,95,217,5,55,106,19,1,6,43,114,0,44,403,0,54,0,39,12,24,83,15,41,4,0,159,97,32,14,104,36,1235,0,0,135,62,20,367,38,11,0,114,103,74,0,20,5,38,148,53,3,13,23,1,24,274,15,247,249,444,5,0,59,7,112,308,39,8,0,0,158,222,192,66,41,24,6,52,105,14,4,81,111,0,5,64,13,187,0,163,16,487,7,28,20,47,30,6,42,0,105,0,19,105
cell632,62,29,53,7,556,73,36,101,104,1,22,179,5,1,1,28,25,1,20,636,0,177,1,13,35,50,68,21,1,6,0,262,124,63,3,378,28,87,4,20,55,8,55,70,104,3,1,184,26,3,1,5,2,33,27,4,18,47,3,14,29,68,11,399,343,118,20,0,16,8,0,91,84,9,0,14,380,88,31,39,277,139,7,159,14,32,311,324,0,0,55,0,127,308,0,192,3,97,36,11,13,25,0,2,100,13,28,0,61,8
cell633,131,45,85,29,737,19,17,127,107,3,9,130,17,1,22,17,23,0,45,593,0,138,0,14,26,73,113,35,8,40,0,237,411,158,5,235,38,135,1,14,47,14,38,53,78,2,0,101,33,0,2,6,4,3,16,28,23,39,3,19,18,79,8,328,161,76,0,0,18,3,4,72,111,15,0,3,227,135,70,30,99,117,4,98,19,40,0,322,9,0,24,17,58,229,18,156,8,99,35,17,1,24,7,2,71,0,56,0,81,44
cell634,158,50,55,21,753,7,29,145,137,0,18,96,27,0,11,26,31,0,29,742,3,155,0,21,19,72,131,35,0,14,11,278,192,17,5,395,71,140,4,3,57,2,21,51,92,0,0,54,30,9,4,6,3,25,35,4,2,47,1,14,17,113,45,237,331,107,0,0,23,1,1,102,116,10,0,7,178,104,15,29,105,78,6,157,7,32,0,367,0,0,13,0,72,380,8,111,9,111,26,9,19,14,12,3,109,0,50,1,109,13
cell635,162,24,17,21,860,13,47,107,75,3,11,65,9,0,1,23,14,1,37,663,0,120,0,12,16,43,158,17,10,14,0,239,307,4,19,265,5,228,1,4,61,2,48,77,73,4,1,133,25,7,9,11,3,20,45,28,31,44,2,17,30,36,30,228,345,113,6,0,16,4,25,94,74,11,19,3,134,74,73,42,44,122,8,74,41,6,0,208,0,0,5,25,102,310,35,134,41,107,7,31,8,16,23,6,67,0,37,0,126,39
cell636,208,54,63,22,1072,14,70,101,169,4,22,164,16,3,9,15,29,9,42,620,0,110,0,14,3,60,131,37,0,12,29,278,1,16,7,300,53,90,0,8,72,7,37,73,92,6,105,60,24,1,1,7,4,14,26,14,3,56,5,1,48,57,22,185,280,94,0,0,31,3,35,85,128,15,0,0,220,85,179,22,92,55,16,158,47,28,0,320,41,8,16,26,30,316,4,103,35,126,43,9,3,13,7,2,96,0,45,0,169,15
cell637,140,48,19,20,440,12,92,116,102,1,19,93,13,2,0,20,12,3,14,487,0,149,20,11,22,50,95,15,6,14,0,191,187,27,14,81,31,154,10,26,53,16,36,76,65,0,127,142,22,0,0,8,1,15,27,10,7,30,4,4,7,86,8,209,208,106,0,0,7,3,18,77,65,10,2,8,190,150,46,25,49,66,2,89,14,50,0,166,0,0,23,0,32,356,1,90,7,91,19,17,20,21,13,1,66,2,40,0,110,4
cell638,172,53,38,16,786,35,3,146,137,6,4,101,7,0,16,6,25,0,38,339,1,150,0,14,9,59,114,20,7,12,4,233,231,38,11,213,33,12,5,0,43,1,38,77,90,1,0,109,21,5,0,3,2,2,47,18,23,41,4,8,22,67,17,290,168,104,0,1,18,6,2,62,113,17,1,0,163,106,8,51,71,91,8,60,15,7,41,253,0,0,4,0,18,304,2,60,6,93,5,13,20,12,7,4,97,0,39,0,74,51
cell639,173,49,17,30,902,27,32,124,86,4,6,144,7,0,10,24,12,0,25,567,0,99,4,15,15,30,135,18,12,13,0,287,29,17,2,278,39,90,4,1,33,6,42,46,90,3,15,121,20,4,1,3,1,24,26,9,0,51,10,7,27,55,13,211,154,66,3,0,14,5,28,67,117,14,7,0,162,120,36,41,58,55,2,35,35,50,0,342,3,0,19,0,66,331,5,107,0,76,4,17,12,20,14,2,51,18,67,0,192,19
cell640,72,37,64,20,450,12,51,128,108,0,6,92,7,5,2,11,11,3,31,655,0,123,0,9,28,78,166,29,1,3,1,222,1,6,3,68,16,68,8,3,23,8,51,44,85,1,0,98,27,1,2,2,0,3,32,8,20,34,0,7,12,61,8,166,51,47,0,0,13,5,0,63,101,9,2,0,187,108,19,55,39,112,4,147,20,29,95,194,9,0,21,11,21,262,0,87,3,75,15,8,19,19,4,6,77,0,9,0,146,6
cell641,146,30,17,20,664,22,18,108,53,0,6,83,8,7,13,11,18,0,29,507,0,108,3,13,7,39,136,8,0,14,0,278,91,45,3,127,22,0,5,10,31,2,54,72,78,2,163,113,17,11,2,2,2,25,15,6,25,44,11,3,8,66,12,78,123,58,22,0,13,4,0,68,103,6,4,0,185,120,37,55,46,102,4,129,9,12,0,253,3,0,18,0,10,140,2,95,3,83,20,18,8,18,20,0,79,8,88,0,125,12
cell642,179,57,48,55,640,2,91,103,182,11,16,80,21,0,39,30,142,2,27,402,0,68,0,43,55,30,93,18,38,1,1,188,35,38,41,82,55,927,11,2,99,30,41,161,35,2,0,165,53,18,1,6,10,28,90,96,17,12,11,1,22,305,57,180,498,342,62,0,42,0,179,332,67,1,3,0,252,127,362,150,143,45,7,84,44,63,0,60,125,0,17,67,95,221,1,119,27,342,3,16,23,47,13,7,22,11,36,0,10,96
cell643,143,50,55,22,540,31,76,76,96,5,4,120,3,1,14,23,15,5,16,642,1,174,25,10,50,28,129,22,9,10,0,278,274,64,0,108,9,21,1,15,36,0,37,50,82,4,55,66,17,8,5,1,2,56,10,21,41,19,5,10,29,57,17,204,254,69,0,2,19,1,0,63,87,0,8,0,157,91,22,74,50,92,3,97,29,19,118,219,0,0,20,0,80,278,23,108,1,82,33,2,11,22,8,2,73,0,48,0,99,48
cell644,81,34,60,21,614,23,13,112,106,8,20,165,4,0,7,18,22,0,56,701,0,174,0,12,28,61,181,30,1,17,0,303,500,92,1,222,21,136,0,20,44,14,51,52,69,0,0,142,31,2,1,5,5,1,37,16,8,36,3,1,23,83,10,190,258,74,0,0,10,3,0,85,83,2,0,10,204,82,69,40,50,150,2,219,39,32,0,193,1,2,24,0,23,386,5,89,8,83,22,4,10,11,12,0,85,2,75,0,77,0
cell645,204,58,47,32,1219,28,46,173,314,15,41,150,18,0,44,8,222,0,44,690,2,80,0,43,8,47,86,26,5,15,0,237,169,84,45,127,72,1466,0,5,131,21,48,231,49,3,328,173,37,34,2,19,8,48,86,43,81,7,17,2,72,333,39,333,576,393,25,0,55,7,47,280,91,2,1,0,328,133,51,114,113,49,2,135,88,40,0,71,56,0,34,76,27,238,23,139,3,318,3,8,18,52,11,4,56,0,67,0,12,15
cell646,122,24,54,10,545,1,9,69,111,8,4,109,23,1,10,5,23,8,39,729,1,133,25,21,55,72,148,31,12,7,0,311,240,42,16,225,32,135,9,6,43,13,35,63,80,1,0,86,28,2,3,12,3,6,24,12,46,24,12,0,48,86,17,150,102,86,4,0,18,9,13,100,65,4,0,0,136,112,27,41,55,107,5,66,5,26,0,208,0,0,15,0,23,274,7,84,28,91,9,27,9,11,15,1,68,0,51,0,61,42
cell647,179,79,77,25,728,13,1,84,193,1,61,114,26,0,93,41,169,2,43,413,0,102,0,27,23,41,75,14,4,4,4,163,113,2,37,85,63,1309,0,7,124,42,36,293,35,1,0,118,29,17,4,15,11,125,136,37,31,6,6,1,47,367,39,239,213,405,0,1,32,0,24,228,83,0,5,0,255,163,147,21,111,34,3,52,87,71,0,72,97,0,0,64,0,243,1,97,7,319,12,17,21,54,16,7,35,0,24,1,19,2
cell648,109,35,49,17,586,17,17,99,85,0,3,136,4,0,2,9,17,0,32,743,4,196,0,8,11,59,164,40,5,7,21,278,262,12,6,258,52,90,5,4,36,4,50,43,90,0,0,53,23,2,3,5,0,18,15,12,45,23,3,11,13,65,11,59,164,53,0,0,17,3,1,65,88,8,6,0,162,108,27,30,32,109,8,45,14,12,0,217,4,6,7,14,86,442,0,61,2,84,14,29,9,16,19,2,76,0,44,0,127,24
cell649,97,36,45,17,574,21,16,107,113,1,3,101,7,0,2,9,3,4,41,532,14,154,0,13,33,33,119,19,6,11,0,259,73,23,2,281,43,114,1,17,39,6,45,42,67,0,0,59,13,8,2,2,4,23,19,2,8,30,6,31,27,72,3,214,277,69,0,0,25,6,4,68,111,8,61,2,170,129,10,18,47,117,8,132,9,28,92,230,1,0,25,0,28,324,3,59,26,84,14,10,15,11,7,4,78,0,28,0,129,10
cell650,153,61,36,19,816,10,45,168,91,8,6,78,4,0,20,16,22,1,29,611,1,135,0,14,7,32,103,24,3,16,1,220,27,0,0,277,22,3,0,2,33,4,31,50,69,1,0,40,29,0,1,4,2,30,15,2,16,20,8,10,11,41,13,137,118,45,0,0,25,1,1,76,68,12,0,7,119,170,39,47,25,114,8,65,13,18,0,264,12,0,23,12,29,323,2,55,2,73,34,7,20,12,2,5,97,1,38,0,61,33
cell651,85,38,73,23,639,33,42,132,60,4,5,98,4,3,14,7,16,4,42,512,0,126,31,18,14,63,87,18,6,12,5,201,138,26,0,193,46,80,1,1,31,3,49,51,76,2,0,21,11,0,2,4,1,23,37,6,7,34,5,13,53,52,9,153,114,58,0,0,14,2,3,60,112,9,0,11,122,193,7,45,77,98,7,93,12,17,0,185,0,0,13,0,74,146,0,86,10,72,27,10,14,21,11,2,86,0,35,0,97,53
cell652,191,71,47,26,964,84,4,112,241,12,81,88,27,0,100,48,70,0,44,682,0,81,30,31,17,16,152,16,4,3,0,278,119,85,12,111,18,108,1,2,102,43,36,144,42,1,0,114,20,0,2,4,2,49,101,70,9,10,15,1,85,345,51,209,121,342,0,0,28,6,0,237,22,2,44,1,234,256,4,20,64,64,9,123,45,46,0,90,90,0,23,69,3,265,0,67,7,327,25,76,24,44,0,24,20,2,15,0,12,21
cell653,157,68,79,38,1226,43,60,157,296,2,35,108,16,7,13,13,45,2,57,969,0,76,0,39,26,28,140,8,6,4,0,286,790,80,1,132,53,945,1,6,111,15,50,209,57,3,0,161,55,21,1,12,7,32,52,58,69,25,12,1,41,202,38,206,451,260,0,0,19,8,28,170,58,9,0,0,355,164,75,212,42,31,8,23,36,199,0,138,44,0,22,65,0,227,17,15,21,204,16,32,28,71,1,22,32,0,73,0,18,17
cell654,117,48,70,23,339,0,25,65,93,0,14,56,11,0,2,9,18,3,25,468,2,129,1,9,12,30,120,25,12,7,1,211,198,18,8,115,30,32,0,23,30,2,31,56,58,1,0,82,17,5,0,1,2,44,30,12,1,25,2,4,11,51,8,179,220,61,0,0,9,5,10,66,51,4,1,0,130,120,8,41,19,102,3,66,18,43,0,161,0,0,24,24,36,149,22,65,1,69,32,13,4,10,4,3,65,0,42,0,126,48
cell655,175,38,54,21,678,20,48,172,94,4,6,83,11,0,7,16,13,0,37,626,8,128,3,15,16,60,121,18,5,17,0,247,36,83,8,208,57,67,3,2,31,1,30,38,72,1,2,51,13,10,1,5,0,20,32,6,31,36,4,1,21,56,14,156,88,60,0,0,25,0,7,71,43,11,27,10,136,177,2,37,67,63,2,129,3,12,0,215,24,0,32,1,55,129,1,80,2,66,16,51,12,17,17,1,74,0,24,1,107,10
cell656,135,74,45,12,712,40,3,113,100,8,19,74,5,3,8,14,21,1,51,658,0,169,0,14,24,59,99,23,7,22,7,231,207,49,1,186,42,25,0,11,44,4,46,37,69,1,0,116,20,1,0,3,4,8,24,4,34,34,8,10,58,43,12,213,252,72,0,1,14,7,4,79,55,7,5,0,126,116,50,50,26,61,9,62,17,16,0,204,1,0,30,0,68,162,11,79,7,69,5,6,20,18,9,0,78,1,63,1,177,13
cell657,157,58,58,22,893,33,39,125,112,1,14,65,12,1,2,6,24,0,32,802,0,121,0,8,10,46,170,31,9,8,84,287,66,104,7,218,26,34,0,2,36,0,38,35,51,0,175,57,43,5,0,0,3,10,21,31,28,35,2,10,73,64,4,198,153,71,0,0,16,1,0,62,40,14,1,0,153,195,13,74,26,65,9,52,40,15,3,245,7,0,12,0,45,283,0,74,4,58,33,18,7,11,14,1,68,11,24,0,185,32
cell658,110,33,55,18,595,6,39,99,87,2,4,75,5,5,6,7,6,0,20,762,49,109,8,10,23,69,163,20,1,19,39,295,18,28,1,101,35,0,0,1,25,1,44,31,76,0,0,89,11,17,1,1,3,25,25,12,14,35,17,2,16,61,11,76,179,74,0,0,18,5,2,54,61,9,3,0,116,187,2,30,53,39,7,112,31,31,7,217,0,0,7,2,43,196,22,75,2,89,18,27,11,15,8,2,87,0,54,0,111,6
cell659,175,54,57,16,921,55,60,138,106,6,21,145,6,2,34,9,9,4,24,674,0,107,0,13,46,51,180,29,3,21,0,311,114,75,5,142,44,23,0,7,35,4,51,45,92,0,0,100,26,0,1,1,7,20,34,17,10,40,1,1,50,40,12,126,143,80,0,0,17,4,4,81,104,17,0,0,179,176,23,63,22,88,8,227,9,34,0,291,57,0,44,6,62,164,0,53,9,64,2,19,16,8,5,0,111,45,8,0,107,3
cell660,128,60,54,26,982,23,15,133,96,4,15,105,9,0,2,12,6,0,18,475,0,89,0,11,26,67,133,20,8,5,0,227,218,7,14,157,53,124,0,1,24,1,33,31,73,0,0,100,14,0,2,4,1,42,46,7,9,31,5,9,17,52,20,31,119,70,1,0,16,6,1,66,107,22,0,0,132,206,54,47,41,63,2,0,32,22,0,262,26,0,24,25,36,64,10,79,1,70,6,6,18,22,5,1,85,0,20,0,182,13
cell661,138,34,50,25,776,10,66,126,133,0,7,72,10,0,1,19,17,0,26,531,1,115,0,8,21,34,144,33,5,15,0,230,195,15,6,197,32,53,0,14,33,0,42,46,67,0,0,23,26,5,0,0,0,10,36,5,18,39,3,2,19,49,8,140,77,66,0,2,18,5,4,63,74,8,57,0,117,181,9,37,35,41,5,44,4,36,0,221,0,0,33,0,80,217,2,91,27,82,1,46,1,24,13,1,52,23,25,0,112,3
cell662,181,46,86,13,1243,12,5,158,117,2,11,127,8,2,23,23,22,0,26,484,2,95,0,15,61,54,116,24,9,11,0,236,187,17,3,104,73,165,3,5,37,11,39,63,98,1,0,102,29,5,1,0,0,51,47,14,2,41,4,1,8,70,25,78,133,80,1,0,27,6,1,78,69,7,0,0,152,210,13,49,35,91,4,15,10,59,0,241,0,0,31,3,43,203,23,88,17,84,16,21,16,21,8,6,94,0,54,0,120,5
cell663,173,71,69,24,994,9,22,131,114,3,20,78,8,0,30,17,35,2,21,385,0,100,0,17,22,57,78,28,5,16,0,185,38,10,23,77,26,99,0,8,41,1,48,36,74,1,0,115,43,10,5,13,12,43,29,23,5,41,3,2,30,63,8,172,32,100,0,0,22,5,4,83,85,6,23,0,103,233,22,23,18,63,5,26,31,64,0,240,5,9,24,25,13,163,11,96,1,74,22,8,37,24,5,2,80,0,10,0,111,24
cell664,138,49,45,8,782,7,70,144,116,5,17,116,14,1,15,14,17,2,43,367,0,106,0,20,26,27,80,23,4,7,0,162,2,0,4,90,32,77,1,1,58,9,35,48,66,4,0,120,29,0,2,4,12,12,39,11,1,21,6,2,27,98,10,166,173,47,0,0,25,2,0,84,78,6,24,6,128,215,49,21,30,97,9,56,23,45,0,199,0,0,25,0,37,259,14,87,15,108,21,9,19,29,16,0,73,0,20,0,161,18
cell665,85,57,72,10,882,12,74,125,67,4,22,83,5,0,30,8,20,0,37,366,2,121,0,15,5,44,100,10,1,10,0,164,20,11,9,127,37,36,3,11,45,2,25,42,50,0,0,32,13,13,1,2,2,29,28,17,13,12,7,13,40,15,16,107,157,36,0,0,20,6,4,69,58,12,0,0,66,263,15,42,24,76,8,67,12,33,0,166,10,0,27,21,21,221,7,86,22,91,9,15,10,21,10,1,77,2,9,0,164,13
cell666,200,22,49,19,909,24,65,131,85,0,24,132,8,0,13,18,14,2,39,315,1,166,0,19,28,34,88,15,12,16,4,184,42,25,2,120,65,36,3,3,54,5,26,58,89,0,0,5,24,0,2,8,1,49,33,11,12,26,7,2,2,87,20,130,145,40,1,0,20,1,1,81,85,6,10,0,128,206,28,22,41,65,9,121,21,34,5,198,0,0,19,6,26,252,4,17,2,98,7,44,30,34,7,4,87,2,21,0,198,6
cell667,212,80,48,13,1636,3,18,167,216,1,8,120,23,0,90,21,35,1,36,759,35,77,0,25,13,24,123,38,6,9,4,223,461,60,10,281,39,899,0,5,110,19,40,102,68,4,0,84,25,14,3,13,1,91,76,53,37,32,9,1,75,225,22,254,342,158,0,2,22,4,2,158,122,2,16,0,257,284,24,68,144,41,12,213,33,32,0,245,14,0,48,60,2,112,7,147,3,219,30,34,57,37,9,8,42,0,59,2,11,23
cell668,138,45,78,17,457,13,45,76,96,1,7,99,10,2,14,7,15,9,15,271,0,114,0,12,10,71,77,23,7,14,0,102,14,1,5,163,34,124,7,9,32,3,21,68,78,0,26,56,35,9,2,2,2,27,23,14,0,19,13,18,7,71,6,129,120,60,10,0,19,4,1,82,61,9,2,0,101,173,9,21,20,82,5,50,16,54,0,154,0,0,12,0,3,172,25,70,9,86,4,20,19,22,13,0,72,0,22,1,102,63
cell669,116,50,56,18,544,16,4,88,116,0,5,52,11,0,3,16,20,0,29,233,4,151,18,21,6,9,66,20,2,8,0,117,11,8,5,81,24,187,12,0,38,2,13,64,54,1,0,66,13,0,0,3,2,10,26,7,3,26,5,14,16,34,17,162,89,56,2,0,18,3,2,68,84,4,0,0,130,136,27,28,19,52,18,78,17,41,0,204,13,0,9,0,51,212,25,68,0,95,11,32,15,24,3,1,81,0,20,0,142,41
cell670,61,56,118,13,626,8,32,122,101,3,13,89,7,0,38,24,27,2,10,269,3,103,3,9,10,34,80,17,3,14,0,131,156,10,6,174,19,131,7,0,49,5,19,36,80,0,0,34,34,3,2,3,2,10,34,23,12,16,4,4,22,81,11,155,139,79,1,0,21,10,0,87,28,7,8,4,147,216,9,13,30,66,2,114,27,44,0,159,0,0,4,17,28,142,4,95,26,78,28,23,17,20,9,5,60,5,16,9,109,31
cell671,160,44,32,10,949,23,105,201,62,1,13,87,7,0,14,21,12,6,30,259,0,125,2,11,1,42,72,17,10,10,8,130,39,13,9,138,22,98,3,0,46,6,20,46,82,1,0,52,28,6,0,7,3,28,26,5,22,27,9,1,13,80,14,145,57,59,0,0,23,5,42,71,65,10,1,1,99,192,26,48,13,62,14,32,15,29,0,210,0,0,20,22,41,189,27,81,1,89,10,15,16,20,13,5,59,1,19,0,119,21
cell672,124,48,39,16,493,1,3,83,68,3,1,127,1,0,1,14,18,9,36,166,6,162,0,16,14,19,74,15,1,4,12,124,14,21,16,133,33,18,4,1,44,7,11,43,49,0,15,36,12,9,0,2,2,38,29,5,5,26,3,2,16,85,8,146,42,80,0,0,21,1,2,66,57,2,5,0,106,173,26,12,32,76,8,5,14,59,0,155,45,0,10,0,36,251,9,73,15,88,6,28,13,25,12,4,53,1,24,0,124,17
cell673,167,90,72,11,1494,24,87,244,227,11,6,93,13,0,76,40,20,0,31,1022,30,79,1,22,28,31,127,15,37,11,0,307,18,32,49,123,47,158,4,0,89,19,39,85,70,5,0,141,42,17,4,8,19,32,64,11,22,13,9,23,65,212,37,162,358,136,0,0,34,8,4,170,24,10,3,0,165,181,47,25,33,56,13,60,17,42,0,263,15,0,8,52,89,101,16,77,14,200,20,38,21,44,9,5,50,0,74,0,16,162
cell674,29,51,63,16,507,34,14,145,71,8,10,147,12,3,11,23,20,0,23,155,0,130,0,15,13,38,79,27,9,15,5,115,108,35,11,154,37,161,6,0,50,12,16,56,57,0,4,38,15,6,2,4,1,17,29,5,2,23,2,3,10,77,7,53,38,77,6,0,24,7,0,90,78,6,0,0,95,149,14,38,38,73,6,71,21,46,21,187,19,0,12,19,16,260,8,79,21,94,9,16,15,34,14,10,94,11,30,0,106,6
cell675,93,63,61,27,535,7,7,115,99,3,8,117,9,3,46,7,15,0,22,228,3,166,26,16,9,19,61,19,1,5,0,126,5,5,1,179,26,93,8,8,31,2,27,52,37,1,0,58,21,13,0,1,2,25,34,19,12,22,3,6,10,68,10,34,70,76,0,0,17,4,24,76,37,12,5,0,104,115,2,32,15,85,3,124,21,65,0,159,2,0,10,0,34,416,20,77,14,76,13,14,12,24,14,5,79,0,29,0,162,34
cell676,143,42,41,14,745,7,18,159,95,3,14,96,9,0,11,18,7,5,40,289,0,177,17,18,18,56,81,18,2,3,0,144,72,6,3,101,42,93,7,3,30,9,27,36,59,2,0,82,16,4,0,4,1,51,26,13,15,13,5,3,22,37,7,82,103,55,1,0,8,4,8,75,84,6,8,0,136,146,1,36,30,106,2,31,10,28,0,161,0,0,7,0,27,146,11,41,12,70,7,13,13,28,6,11,85,2,17,0,91,18
cell677,136,44,71,16,824,31,55,103,94,6,19,103,4,3,16,11,17,0,23,285,0,145,0,10,12,35,66,25,0,10,0,141,0,17,7,82,28,53,13,4,46,11,22,43,57,0,71,46,24,1,2,7,5,34,55,20,32,29,5,3,17,39,14,106,145,50,0,1,25,4,0,76,85,16,0,7,127,116,32,40,30,100,9,101,10,79,0,187,50,0,35,0,86,238,0,37,15,81,20,19,19,25,13,4,80,2,44,0,100,39
cell678,183,84,43,7,1226,7,125,116,279,15,20,74,14,10,14,34,73,4,56,341,0,68,4,28,6,77,136,19,7,21,0,334,490,0,12,117,25,291,4,14,93,8,35,101,73,1,0,67,15,13,5,7,3,47,61,16,0,23,13,1,30,144,37,263,373,208,9,1,18,1,24,142,27,7,0,0,256,156,28,96,37,50,11,244,40,37,0,321,1,0,22,48,61,96,22,97,1,166,9,25,38,39,16,5,33,2,22,0,21,47
cell679,288,77,44,23,2165,27,7,288,301,3,17,141,16,1,31,15,42,3,34,1236,0,72,0,25,36,47,112,31,19,6,0,359,478,15,4,462,34,826,0,22,85,32,43,137,114,1,0,75,17,7,1,15,16,40,82,72,1,32,14,0,141,243,18,98,258,172,0,0,24,3,18,161,152,8,13,0,177,122,84,60,15,14,18,105,54,70,1,430,1,6,5,55,41,109,19,26,16,216,8,14,23,53,16,8,32,0,50,0,18,52
cell680,122,55,18,26,419,37,19,65,102,2,12,70,12,1,25,15,26,0,37,207,3,144,0,15,20,15,93,22,2,6,2,108,127,20,1,102,41,110,5,9,55,4,25,65,58,0,0,70,17,1,3,4,1,19,15,17,12,20,3,3,21,69,10,112,140,60,0,0,21,1,3,60,55,8,9,4,102,135,11,21,35,77,5,65,17,20,29,128,37,0,9,0,6,229,2,83,6,91,15,20,14,21,3,3,62,0,15,0,116,11
cell681,84,80,94,10,1683,40,16,158,259,30,20,113,13,1,25,26,42,1,40,934,0,76,0,21,28,37,142,33,26,7,2,339,64,33,7,390,50,381,2,0,78,33,48,122,100,4,5,151,31,23,3,5,5,83,42,31,22,21,9,1,44,231,14,217,377,171,1,0,38,0,1,116,93,22,1,0,193,195,38,100,47,35,10,286,62,27,0,474,2,0,18,40,32,162,0,115,1,152,4,22,57,49,9,9,50,2,18,0,31,20
cell682,274,62,80,18,1388,29,27,200,198,8,40,140,18,6,79,24,43,5,52,1069,0,69,15,16,70,44,228,29,9,29,1,376,55,9,27,240,20,164,2,4,80,16,30,103,96,3,288,141,33,2,3,5,1,6,58,37,71,33,8,9,59,168,18,400,531,182,0,1,24,3,1,131,140,11,0,0,370,123,20,292,70,45,25,182,78,85,0,292,18,0,52,34,99,328,44,80,1,128,8,26,25,29,17,4,60,4,6,0,19,29
cell683,118,44,53,20,618,12,13,97,113,2,29,68,7,0,0,15,20,1,30,193,3,91,0,7,4,45,51,14,9,4,0,123,36,17,6,104,32,13,2,2,31,4,20,62,45,0,24,63,18,0,1,8,0,36,29,7,15,14,3,3,2,76,18,65,56,65,3,0,16,1,2,79,66,1,15,0,116,119,36,21,9,71,2,4,21,12,0,128,2,0,17,0,5,230,15,68,6,68,17,39,9,31,8,3,69,0,17,4,128,33
cell684,223,78,83,21,1570,29,9,219,193,8,56,109,18,4,51,39,24,0,37,1084,1,71,1,21,39,52,185,7,15,17,0,333,394,53,3,270,32,438,1,11,92,25,35,46,108,0,0,102,35,2,2,3,7,58,42,30,17,31,3,8,111,87,49,229,248,157,0,0,32,1,34,145,108,8,0,0,128,253,37,52,43,61,5,117,88,61,0,266,0,0,24,46,30,139,4,136,54,164,3,19,53,33,3,11,25,0,18,0,16,21
cell685,167,34,55,12,859,19,31,129,100,2,9,100,9,0,4,15,11,0,13,172,0,108,29,15,3,35,63,21,4,4,0,86,46,9,9,147,41,48,4,1,20,2,14,25,60,0,0,59,10,1,1,4,3,38,27,5,2,26,4,12,24,51,6,108,43,72,0,0,18,2,0,59,62,8,0,0,102,163,15,47,26,61,3,108,10,16,0,143,0,1,25,22,25,64,0,52,8,58,29,0,14,24,6,1,85,0,10,0,112,18
cell686,112,51,77,14,738,84,33,134,71,11,14,106,9,0,1,11,10,2,5,126,0,126,0,15,2,23,51,17,1,6,0,85,30,0,2,63,39,115,10,4,30,5,18,35,72,1,26,75,21,2,0,0,11,28,14,14,5,21,4,3,39,55,16,53,89,44,0,0,9,4,0,54,39,3,0,0,95,147,10,113,24,92,3,90,14,86,12,145,0,0,44,16,26,130,1,16,3,81,17,4,11,24,0,0,73,0,7,0,79,33
cell687,69,42,73,14,465,13,27,114,89,3,0,83,5,0,6,20,18,2,17,114,0,91,0,12,8,25,50,25,4,2,4,81,4,14,8,68,31,89,1,0,31,7,14,44,48,0,0,87,22,9,4,2,3,23,12,6,16,20,0,3,25,41,22,126,80,39,0,0,15,1,5,57,53,2,0,0,107,154,31,33,28,38,14,41,21,19,6,108,1,0,9,20,13,76,0,74,19,75,13,9,22,27,3,8,52,0,4,1,104,7
cell688,151,68,74,9,577,21,24,119,86,1,9,62,2,0,12,21,20,2,14,185,0,100,1,15,16,29,68,24,5,3,0,104,60,34,2,111,18,1,5,2,34,6,4,33,52,1,0,41,25,1,0,1,4,32,17,8,4,9,12,1,38,57,14,77,83,38,0,0,14,2,11,72,35,9,10,0,100,200,21,33,33,49,7,58,11,87,0,144,38,0,18,14,24,89,16,53,1,77,8,3,19,34,1,1,60,0,8,0,159,18
cell689,141,47,42,16,762,8,22,109,117,0,1,68,3,0,3,19,4,1,21,173,2,54,0,9,0,35,57,21,1,11,0,111,102,7,2,45,34,106,1,13,21,3,17,36,55,0,0,40,20,9,0,4,1,18,19,16,4,22,3,0,1,71,9,101,108,25,0,0,10,6,0,71,65,10,1,0,105,120,13,2,19,85,4,90,4,90,0,149,0,0,22,11,21,57,11,37,11,49,1,21,4,16,1,2,56,0,7,0,105,26
cell690,110,41,63,16,398,13,16,118,56,0,17,73,4,0,1,16,12,0,24,143,0,80,2,25,3,26,45,20,4,5,0,82,24,1,14,37,16,1,7,0,31,16,21,59,51,1,1,55,23,3,0,0,1,15,47,5,18,26,5,0,25,32,14,79,97,81,2,0,13,1,3,70,47,2,14,0,97,131,16,18,26,50,6,75,15,15,58,114,2,0,21,0,42,158,6,50,4,63,27,10,24,25,6,1,70,0,4,0,112,23
cell691,229,45,82,5,1105,80,33,124,234,5,18,106,33,3,14,44,50,1,36,1193,4,43,45,18,18,60,191,32,8,29,0,487,6,23,12,88,39,259,0,3,67,18,49,75,72,0,0,107,4,8,2,1,4,32,78,14,41,35,12,5,65,83,38,254,483,86,0,0,13,2,14,96,58,7,0,0,202,40,39,105,56,34,5,46,27,85,10,226,27,0,20,26,8,52,8,83,0,153,37,32,31,45,26,6,39,0,15,0,16,44
cell692,117,34,55,28,593,12,22,87,71,1,10,100,15,4,3,17,8,0,9,168,0,104,10,16,3,21,56,19,8,14,1,95,29,6,7,109,38,149,0,13,35,1,6,24,34,2,0,49,35,5,1,6,1,16,6,11,11,29,7,1,21,38,7,128,55,85,0,0,14,3,11,73,90,7,0,0,94,126,15,35,33,49,1,55,15,23,0,134,0,0,13,33,28,170,0,37,41,91,7,12,30,22,4,1,80,0,4,0,174,15
cell693,213,55,35,20,1329,31,10,119,273,11,20,99,9,5,36,21,44,3,23,1364,8,46,0,17,27,57,223,28,18,17,150,457,310,25,27,190,35,578,1,3,91,12,63,28,71,1,399,161,58,3,0,8,5,45,69,15,65,33,11,1,74,187,22,324,272,140,0,0,22,0,2,135,113,3,1,0,213,126,24,38,23,62,9,157,72,54,0,254,0,0,15,53,51,149,11,56,11,166,6,38,15,47,14,7,72,1,77,0,15,67
cell694,285,63,57,10,1407,15,63,161,196,9,25,139,8,0,31,49,66,11,66,1431,0,61,0,13,21,56,214,24,5,10,49,429,493,46,5,150,31,131,0,2,97,8,68,100,85,0,23,41,38,9,1,3,3,48,45,8,57,50,10,2,59,170,23,98,339,172,2,0,14,5,33,121,42,16,50,0,185,140,108,53,39,33,1,130,23,26,1,227,37,0,60,39,44,184,16,19,1,153,4,21,15,41,18,6,50,2,17,0,19,27
cell695,169,47,41,11,587,3,16,62,162,1,30,103,14,0,12,55,72,0,50,1058,7,67,0,27,33,34,76,13,13,3,0,361,165,27,11,247,10,171,0,1,83,15,65,139,58,0,81,122,31,8,3,2,0,41,28,14,26,7,10,5,80,139,29,148,313,113,0,0,21,4,27,135,88,12,0,0,143,75,35,34,37,28,6,56,24,29,4,218,0,0,22,36,44,195,1,45,25,159,20,59,18,18,21,5,37,0,56,0,16,39
cell696,146,60,29,11,653,15,85,107,121,4,26,84,12,0,39,17,60,0,17,109,0,98,0,10,13,23,77,14,7,13,16,98,28,8,10,63,26,3,4,6,52,14,12,104,58,2,0,107,30,12,0,3,0,28,32,10,2,25,13,1,27,76,13,151,152,95,0,1,23,3,14,87,38,3,0,1,131,92,15,49,78,86,8,40,20,62,1,121,4,0,20,0,67,130,12,81,15,93,23,28,44,29,4,1,69,0,12,0,174,18
cell697,35,49,81,17,406,22,4,78,55,6,15,63,16,1,23,21,7,0,12,139,0,58,0,15,10,16,54,20,7,7,19,94,12,0,8,71,18,65,1,1,33,1,21,69,45,1,119,69,35,3,1,5,2,12,32,4,15,10,6,1,29,82,11,82,60,97,0,0,14,3,3,74,73,2,0,0,60,120,7,42,22,43,0,6,22,78,0,107,6,1,12,29,22,151,17,33,29,110,2,0,40,22,13,0,48,1,9,0,121,10
cell698,108,42,37,12,458,3,20,120,60,1,4,81,10,5,21,25,27,2,33,133,0,78,0,18,4,22,63,12,3,6,0,111,113,28,13,92,46,166,0,0,40,6,19,61,43,1,5,29,20,14,0,2,0,16,34,13,2,20,0,3,37,63,14,26,27,77,3,5,21,1,3,76,60,6,0,0,97,131,5,29,23,34,6,88,20,35,0,126,60,0,41,0,21,169,10,64,3,90,4,16,26,30,7,3,50,1,1,0,128,95
cell699,213,24,42,13,1415,51,25,95,215,8,27,124,22,0,6,37,49,0,44,1343,0,63,0,16,43,67,103,41,14,17,15,335,259,57,14,210,62,62,0,7,76,23,41,90,91,6,500,79,42,6,2,18,13,82,53,13,38,17,7,3,59,102,31,191,187,61,0,0,24,6,0,108,102,18,17,0,122,62,130,161,26,28,7,83,52,19,1,360,0,0,13,42,48,175,0,58,18,169,12,39,36,28,5,6,51,2,76,4,14,9
cell700,247,37,71,8,1157,33,30,170,168,15,5,105,14,0,25,42,30,1,54,1240,0,93,0,25,17,35,160,28,0,11,17,379,154,193,8,340,57,443,3,17,70,27,29,90,89,3,0,150,58,5,5,12,4,31,44,32,8,37,20,2,82,99,41,216,342,108,0,0,21,0,39,135,74,6,0,0,153,102,120,52,89,40,7,86,36,59,0,292,0,0,26,34,2,95,2,48,37,151,1,24,33,19,12,6,55,0,18,0,26,12
cell701,188,59,65,12,1108,25,0,158,213,5,21,119,15,0,24,42,39,4,54,822,0,76,0,21,20,53,121,30,9,15,0,286,86,17,21,340,36,64,1,6,80,25,36,50,105,0,23,91,13,3,1,6,16,9,89,67,16,52,8,12,32,74,31,103,332,159,0,0,23,4,12,161,130,19,0,0,204,116,126,66,17,32,9,73,12,23,0,325,4,0,13,43,20,146,24,51,20,175,4,29,23,39,4,15,32,6,18,0,23,98
cell702,103,77,15,6,739,22,25,123,96,3,5,94,9,3,17,22,20,0,11,117,0,89,15,12,4,38,58,24,10,2,3,80,106,1,25,76,12,150,1,11,43,2,11,58,52,1,0,40,19,1,0,12,0,15,49,7,3,22,2,0,34,49,14,164,89,57,3,0,16,2,11,91,78,3,0,0,135,211,46,20,59,56,1,93,21,66,0,107,0,0,37,0,73,106,9,60,1,81,4,10,47,27,8,1,55,0,2,0,147,80
cell703,168,36,29,6,878,0,30,110,236,4,6,123,34,2,42,49,34,5,33,1426,0,65,3,23,47,52,214,16,44,12,0,369,529,138,22,215,21,0,2,3,96,14,62,98,81,0,0,88,17,13,2,4,7,36,36,39,0,20,17,14,51,110,8,150,82,159,3,0,11,4,8,135,39,6,11,0,160,45,72,16,35,38,12,54,42,20,0,219,1,0,13,36,20,192,0,42,26,166,9,28,29,39,14,0,46,0,106,0,19,31
cell704,133,33,61,18,424,35,24,94,60,7,7,59,18,0,21,18,18,1,14,177,3,101,12,13,11,16,65,16,7,4,7,88,11,43,19,63,46,168,2,3,66,12,13,56,34,1,44,35,19,1,0,8,5,60,25,6,23,9,5,7,23,70,19,179,93,81,0,0,13,3,0,79,65,4,1,1,138,119,0,60,16,61,5,51,26,12,0,84,0,0,13,23,29,226,4,58,1,86,0,5,20,24,5,6,70,0,2,8,121,137
cell705,136,62,86,13,848,51,40,137,125,1,12,89,8,0,3,27,28,14,11,152,0,117,1,14,1,32,66,21,2,7,2,110,35,28,2,117,28,170,0,15,48,11,20,64,63,0,0,63,13,7,2,5,2,9,59,30,22,14,4,1,35,24,13,79,52,98,0,0,16,1,5,75,54,5,1,1,93,122,22,31,46,76,1,103,32,32,0,133,1,0,23,2,18,274,6,78,23,102,13,1,23,14,5,1,49,0,6,2,130,19
cell706,74,43,54,9,405,7,23,103,61,0,24,70,12,2,17,13,21,6,18,181,0,64,4,22,2,17,48,15,6,3,0,104,30,7,7,25,16,116,1,7,67,10,12,86,28,0,13,70,22,8,3,3,8,15,27,11,8,14,8,4,28,74,12,78,61,67,1,0,18,0,0,72,43,7,0,0,88,122,27,20,34,52,1,51,33,36,7,78,4,0,12,26,32,191,8,71,15,98,7,35,32,17,5,0,46,3,4,0,144,127
cell707,103,48,23,10,376,2,40,72,101,3,25,95,9,1,70,22,23,2,14,221,2,83,0,18,18,41,43,17,5,5,26,126,88,10,13,44,13,126,0,4,68,9,30,60,24,1,101,82,35,0,1,4,6,8,49,44,3,19,2,1,11,84,8,93,94,126,5,0,19,6,9,112,56,0,0,0,71,101,15,21,49,40,3,49,54,52,0,67,0,0,14,2,32,73,0,76,32,98,13,11,29,22,6,1,30,0,7,0,228,59
cell708,81,56,27,12,449,20,88,95,111,0,26,79,8,0,14,23,15,0,10,216,0,70,0,17,19,45,66,11,0,3,2,120,56,35,7,36,19,11,3,13,85,9,7,72,23,0,0,95,22,3,0,4,0,42,44,6,5,13,7,1,26,100,29,140,192,113,2,0,18,7,3,91,60,1,0,0,124,112,38,19,22,48,6,19,17,13,0,94,6,0,11,20,46,105,0,21,11,124,7,7,18,21,5,1,57,0,1,0,155,8
cell709,153,48,85,12,586,12,47,63,146,32,10,129,15,0,19,26,45,0,33,388,0,95,0,15,4,36,112,28,18,9,5,255,147,46,14,127,32,386,0,0,83,15,41,96,51,2,0,51,20,0,6,15,3,21,38,25,6,10,13,2,52,87,26,127,151,161,0,0,27,7,8,128,56,4,0,0,160,52,168,20,10,29,6,72,44,23,0,97,0,0,12,43,4,233,0,68,5,144,8,65,15,28,26,12,38,4,74,0,15,41
cell710,116,54,33,13,519,11,24,90,123,3,17,72,13,0,85,12,27,2,19,241,9,82,0,16,2,42,67,18,8,8,1,121,167,35,8,100,34,22,10,21,51,7,27,33,49,6,55,81,43,18,1,6,14,13,52,25,25,11,13,2,18,125,8,99,161,127,0,0,19,5,0,116,42,7,3,1,126,78,23,14,39,48,1,89,15,17,0,99,1,0,21,0,9,142,9,74,5,121,31,20,35,33,9,2,47,0,8,0,274,19
cell711,115,43,50,11,362,8,29,98,94,5,20,75,23,0,18,15,18,0,23,192,1,43,2,15,6,40,84,21,2,4,1,122,11,0,1,68,25,168,0,4,66,11,24,60,33,2,0,42,40,5,1,4,2,20,66,2,3,23,20,2,25,143,6,63,105,87,0,0,31,3,5,125,55,7,0,0,115,90,60,22,62,49,3,52,11,5,0,86,32,0,7,0,50,61,9,50,20,131,19,9,31,20,3,4,39,0,5,0,136,6
cell712,145,46,33,15,911,13,14,122,225,1,7,62,14,1,14,12,38,3,48,832,1,52,19,13,18,67,107,13,9,4,1,299,82,33,6,128,26,178,0,1,64,23,49,67,69,5,436,68,44,0,6,1,5,28,40,26,19,8,15,0,23,118,40,165,107,115,0,0,26,2,65,117,54,4,0,0,94,59,72,12,35,41,1,55,51,39,0,143,17,0,48,15,53,105,18,74,1,141,26,52,33,26,10,23,29,0,141,0,19,4
cell713,159,57,60,6,907,5,41,110,197,2,33,56,5,0,28,40,50,0,46,864,0,77,0,12,79,54,97,3,5,9,8,338,203,11,17,102,12,361,0,11,75,19,51,49,74,1,0,71,13,3,0,2,3,28,69,16,14,11,7,2,91,87,19,168,148,118,0,0,18,3,18,119,84,15,2,0,122,30,29,11,17,64,9,89,32,14,24,162,2,0,45,36,34,183,1,44,2,140,9,43,23,20,4,12,30,0,33,3,20,83
cell714,90,66,54,12,649,30,4,120,103,7,22,32,12,0,0,28,15,0,23,280,0,64,0,29,12,31,69,13,16,7,0,124,128,39,7,46,16,205,3,3,73,2,29,86,53,0,0,30,54,25,1,15,3,42,21,17,2,19,13,3,33,94,13,132,43,84,0,0,18,7,9,96,98,1,9,0,123,127,3,76,24,24,3,41,18,41,2,136,29,1,22,23,38,116,13,68,7,114,11,36,37,25,9,1,44,0,41,0,120,39
cell715,207,48,46,13,865,9,4,132,162,9,17,98,15,3,15,19,36,9,28,1070,0,67,0,18,31,46,138,15,2,12,0,322,37,9,8,254,23,21,2,7,54,26,54,50,90,0,0,36,18,2,1,15,8,25,25,33,20,35,7,5,63,87,25,101,134,100,0,0,19,1,5,104,51,16,11,0,99,51,4,18,10,37,2,83,25,2,0,184,0,0,19,45,36,161,3,52,28,133,7,20,20,38,6,9,31,0,113,0,34,43
cell716,117,45,16,22,363,6,36,76,122,1,13,47,22,0,43,16,28,18,25,191,0,73,0,9,5,49,77,23,11,10,0,126,157,3,43,75,22,203,0,0,82,11,13,60,38,1,0,16,40,3,1,7,0,20,29,7,6,26,8,0,32,139,30,112,94,111,0,0,20,7,0,96,65,3,4,0,135,134,48,31,32,50,4,33,24,81,1,79,6,1,9,26,67,128,7,76,1,123,3,9,30,19,6,4,22,0,27,0,122,6
cell717,185,52,41,13,839,30,24,111,195,5,11,95,9,0,5,32,16,14,37,1258,3,75,0,20,67,53,191,6,16,6,4,356,821,29,11,215,44,104,0,9,65,9,35,76,67,4,2,87,48,0,2,8,8,6,58,45,11,22,6,8,39,131,35,192,216,119,0,0,23,2,3,115,61,12,0,0,85,75,20,47,46,47,8,84,25,9,0,203,2,0,40,28,32,84,6,57,40,123,28,46,18,20,1,5,25,0,42,0,23,37
cell718,113,48,48,12,675,34,6,152,74,2,12,90,14,1,19,19,30,2,20,121,0,65,7,16,7,26,84,18,8,1,0,93,63,13,12,193,34,210,0,1,46,2,19,54,46,2,1,52,35,8,2,4,3,29,45,7,1,24,6,12,18,83,20,142,97,105,2,1,20,3,0,89,55,9,12,0,133,97,6,63,38,66,10,39,45,20,16,160,0,0,9,0,8,110,4,74,4,88,6,9,25,20,6,2,40,0,15,0,139,111
cell719,106,37,18,13,953,22,97,170,169,7,27,95,17,0,57,26,42,2,25,287,10,49,9,23,9,37,75,6,15,10,11,134,4,29,9,132,30,7,0,17,69,7,22,61,57,0,0,32,33,3,0,3,8,16,20,31,10,18,9,2,32,101,24,64,61,50,0,0,22,6,2,86,80,3,2,0,122,85,38,24,25,50,5,33,19,5,0,103,1,0,15,0,53,83,3,30,5,134,3,22,21,19,9,0,56,0,49,0,88,4
cell720,206,65,47,13,949,16,59,118,240,8,15,90,6,1,17,25,51,0,37,809,0,138,0,13,21,36,172,27,6,16,1,323,441,5,1,213,28,63,0,3,73,20,33,65,79,5,4,81,30,5,9,18,0,17,61,19,17,26,2,10,50,64,16,217,275,92,0,0,18,0,6,100,89,3,3,0,126,79,55,28,10,38,4,92,62,68,0,216,1,0,11,26,20,337,27,39,4,118,9,27,18,21,8,14,26,0,111,0,16,9
cell721,107,58,47,19,441,11,14,77,165,1,43,50,12,0,19,6,13,0,33,234,0,76,0,20,4,36,67,24,13,6,0,114,0,20,1,72,38,30,0,8,60,2,19,74,33,6,51,44,21,12,2,16,8,25,44,28,8,16,7,0,20,55,13,74,36,103,0,0,26,3,5,86,46,8,0,1,109,123,26,21,29,26,3,28,24,47,0,94,2,0,9,23,10,71,1,61,10,114,20,11,19,11,8,11,41,2,24,0,99,49
cell722,138,63,91,10,731,4,3,119,111,1,35,40,20,0,16,16,33,1,10,252,0,82,1,8,9,51,72,16,6,12,2,118,26,4,11,105,37,201,1,1,50,5,21,91,46,1,0,48,35,16,1,6,2,70,26,11,3,18,1,1,40,61,21,125,97,71,5,0,24,13,5,95,36,0,0,0,77,149,10,17,9,73,5,77,14,30,0,120,24,0,21,0,8,81,9,67,12,103,3,12,21,8,3,3,45,6,19,0,134,192
cell723,142,76,43,18,854,10,120,72,169,9,14,73,4,0,12,46,12,4,37,512,38,75,0,8,26,35,130,11,3,6,8,368,28,0,12,91,26,70,0,0,77,14,34,61,67,2,0,40,47,5,3,6,3,6,49,11,4,24,6,2,36,86,17,154,255,112,0,0,18,5,0,115,47,15,0,0,133,83,34,12,23,36,4,77,42,20,0,164,32,0,16,33,28,143,7,79,2,120,10,53,24,20,1,7,24,0,67,0,16,22
cell724,209,47,42,6,1039,24,21,116,243,14,15,92,10,1,51,40,25,0,45,762,0,64,0,14,38,25,137,12,7,23,0,253,195,34,19,61,44,322,0,2,79,20,20,73,73,1,0,60,51,0,5,4,5,17,35,8,45,14,9,1,57,111,12,169,298,112,0,3,15,5,0,116,81,5,14,0,164,63,51,33,48,82,5,90,18,35,3,153,0,0,37,30,13,234,3,47,40,129,19,27,22,20,21,9,16,0,297,0,15,12
cell725,195,53,61,3,1016,12,7,98,179,3,7,140,17,0,41,36,40,1,47,1008,1,93,0,11,83,46,188,30,1,11,0,379,191,58,11,82,63,192,3,1,74,6,52,48,69,1,511,37,56,8,10,13,3,74,35,33,22,11,4,13,85,110,11,129,150,107,0,0,13,2,6,114,61,10,20,0,123,77,37,11,16,56,6,62,21,23,1,117,2,0,14,29,11,232,0,45,6,129,18,31,17,15,11,7,27,0,123,0,25,23
cell726,196,52,73,15,1015,12,91,196,240,7,26,113,12,2,59,31,15,0,46,938,5,89,0,20,13,44,180,34,9,3,0,325,843,34,7,278,26,13,0,1,56,11,36,77,75,0,9,98,18,4,4,10,0,34,30,37,1,15,4,0,56,116,34,139,219,115,0,0,8,2,2,82,82,12,12,0,125,107,17,42,12,22,11,12,22,28,0,169,0,0,12,36,17,108,2,56,4,134,2,2,34,18,13,15,21,2,159,0,22,4
cell727,183,52,19,9,849,17,54,106,156,0,28,77,24,1,28,13,20,3,24,991,3,42,0,9,8,29,149,20,8,13,22,358,269,0,16,108,57,0,0,21,66,7,44,82,59,1,6,83,33,14,3,13,3,36,30,4,2,9,3,3,25,116,8,84,137,158,0,1,21,7,0,105,56,7,1,1,91,61,36,10,27,54,5,30,9,25,0,118,0,0,7,8,22,115,1,55,19,136,13,19,21,18,18,15,18,5,71,0,21,34
cell728,82,36,42,17,584,5,24,114,86,0,17,73,9,0,5,5,10,0,21,280,2,67,7,14,17,38,83,9,11,12,0,123,20,0,2,104,24,114,0,2,46,1,17,65,67,1,0,75,16,0,0,10,1,26,24,10,20,13,15,5,58,55,24,96,194,72,0,0,13,14,5,79,73,3,1,1,123,160,34,44,27,46,2,25,2,48,0,106,0,0,19,14,27,24,4,60,47,104,17,21,20,17,8,1,31,13,85,0,294,28
cell729,160,56,48,17,537,8,56,111,74,0,4,71,20,0,31,16,26,4,11,262,0,46,0,22,6,31,95,8,6,7,11,125,65,11,18,130,25,161,2,2,49,18,23,59,39,3,0,88,23,1,0,2,13,27,26,11,17,17,2,6,36,71,28,168,144,83,0,0,20,1,0,66,40,6,8,0,137,144,95,27,42,48,6,51,26,13,0,122,7,0,17,0,32,45,24,85,12,90,16,9,12,15,8,0,51,11,59,0,160,49
cell730,109,45,79,18,430,17,0,93,71,3,6,93,10,0,0,12,9,0,23,223,1,63,0,13,5,41,67,21,3,2,1,122,41,10,2,107,19,150,3,16,45,7,22,59,42,0,0,88,14,3,0,3,3,14,25,6,5,17,7,3,18,51,23,73,127,67,0,1,21,3,10,92,60,0,8,0,100,100,8,9,19,53,4,20,24,21,0,118,3,0,22,17,61,102,5,63,9,83,13,2,20,16,7,2,51,0,21,1,213,63
cell731,119,36,35,10,453,6,70,105,119,2,15,90,13,0,5,18,12,0,17,240,4,72,0,16,8,46,56,27,8,10,0,125,79,7,5,104,41,20,0,0,46,8,21,56,34,1,0,57,26,0,0,3,0,18,14,24,6,22,7,0,29,82,24,103,92,51,0,0,25,5,9,95,56,8,0,0,102,156,18,32,23,27,4,11,24,9,0,110,9,2,9,31,28,36,12,43,3,96,1,4,14,19,3,2,49,0,77,2,189,9
cell732,126,58,61,13,476,3,1,98,86,6,14,54,18,2,13,13,9,1,27,219,0,44,0,13,10,60,74,10,8,2,0,153,127,13,13,61,26,167,0,0,44,2,30,88,38,1,162,42,14,5,2,7,4,12,25,6,6,13,7,3,40,96,4,115,115,77,0,0,27,1,4,94,60,6,0,0,81,130,48,15,31,43,2,5,52,6,0,90,4,0,1,31,16,104,0,58,13,111,9,9,20,21,6,3,49,0,30,0,158,27
cell733,118,35,62,14,380,12,1,79,82,2,24,84,16,1,24,12,20,0,20,241,0,66,0,20,3,37,99,13,9,7,6,123,150,23,7,112,25,84,2,3,43,10,21,39,44,2,8,32,35,13,0,18,2,9,35,18,19,22,8,1,39,70,21,102,131,101,0,0,19,1,4,91,43,3,0,0,92,116,22,13,31,46,10,26,12,24,0,96,4,0,37,32,25,71,5,25,4,89,5,5,20,18,9,0,40,1,50,0,142,23
cell734,118,61,58,10,492,18,23,110,82,2,12,68,10,0,30,21,28,0,12,181,0,74,1,11,19,29,80,26,9,9,0,103,12,31,2,76,33,144,1,1,43,11,24,60,39,3,9,39,22,1,0,7,7,10,28,5,2,15,2,1,27,89,5,121,113,94,0,0,17,1,6,78,43,0,3,0,95,154,12,29,39,29,7,19,25,10,0,93,11,0,19,0,56,86,0,41,1,101,25,31,27,12,4,1,40,0,12,0,216,45
cell735,124,46,31,9,563,9,65,60,178,5,15,63,12,0,27,17,23,1,43,1235,2,51,18,15,21,10,168,12,4,2,0,387,90,143,9,169,34,1,0,1,74,9,43,59,58,0,0,46,66,6,2,8,1,9,32,12,9,8,3,0,79,104,17,155,187,75,0,0,16,0,0,118,58,11,3,3,115,101,59,29,39,35,7,29,22,18,0,148,20,0,10,33,41,86,18,50,6,110,16,38,51,21,23,15,15,0,53,0,16,26
cell736,127,46,26,16,742,18,38,103,176,4,12,88,4,0,36,17,14,4,51,1024,0,72,0,7,32,40,196,11,2,25,0,362,437,12,24,121,39,0,4,9,59,6,48,26,58,3,0,45,39,0,0,1,5,20,48,15,46,15,11,2,46,76,29,239,258,44,5,1,25,4,20,102,69,13,0,0,106,70,9,20,18,33,7,104,36,44,0,110,22,0,19,24,38,50,14,67,17,101,5,20,32,11,9,4,14,0,167,0,21,33
cell737,57,55,25,4,1197,5,31,182,282,5,11,111,26,3,32,24,5,0,36,1011,21,85,0,11,49,59,94,31,2,17,0,388,107,46,3,91,25,103,0,4,74,15,4,69,75,1,167,60,32,9,4,15,4,8,61,20,16,20,6,0,43,48,0,285,316,97,0,0,18,4,8,86,107,3,1,1,177,66,60,286,32,37,11,87,5,32,0,284,0,0,30,39,27,185,17,97,0,116,7,32,28,16,17,11,11,0,113,0,10,40
cell738,129,47,27,16,366,12,28,96,86,1,16,44,3,2,6,14,20,0,17,246,0,75,1,11,14,27,68,13,7,3,1,115,46,29,9,68,39,24,0,2,40,12,14,65,35,4,0,55,42,0,0,4,5,27,21,5,2,13,6,5,19,53,11,42,92,81,5,0,25,5,0,91,43,8,8,0,94,77,9,16,18,27,4,47,9,33,2,80,1,0,19,14,10,80,1,45,24,85,3,6,16,10,5,3,29,0,48,0,104,17
cell739,139,55,55,20,498,6,5,138,68,0,20,89,15,0,23,19,10,2,20,221,0,70,0,25,4,20,45,12,7,1,0,103,99,22,5,77,31,119,0,3,44,16,22,73,31,3,0,43,35,7,0,6,0,48,48,12,8,9,11,3,47,92,9,158,63,85,0,0,14,2,4,79,72,1,1,0,140,108,23,23,19,34,6,13,18,30,12,67,0,0,11,11,15,14,3,71,33,106,9,8,6,13,5,3,51,0,31,0,101,29
cell740,127,47,23,6,552,8,31,65,91,1,3,52,12,2,18,21,21,0,21,288,3,78,0,17,12,20,64,21,0,12,0,101,216,55,10,95,45,7,0,8,53,4,27,54,44,0,0,82,32,12,1,1,7,28,54,26,9,16,9,1,3,60,16,36,172,66,1,0,23,3,1,85,49,2,3,0,120,110,20,16,38,36,8,57,7,45,0,78,0,0,12,25,27,106,0,59,1,91,17,0,17,15,3,2,29,3,39,0,103,126
cell741,106,42,53,6,317,15,5,84,76,8,8,49,15,0,11,18,12,1,13,235,0,28,0,13,24,45,79,9,3,10,1,149,36,12,13,97,9,62,0,3,53,6,30,67,40,0,0,65,21,0,2,9,8,10,23,10,18,23,4,1,5,90,18,132,163,73,0,0,12,4,0,89,49,2,1,1,107,76,38,43,42,26,3,96,14,17,0,96,0,0,6,31,33,87,4,70,23,93,3,10,13,14,2,1,35,0,36,0,146,24
cell742,179,39,49,4,877,54,113,94,191,4,34,83,13,0,32,12,16,4,36,942,0,63,0,8,4,41,143,20,4,9,19,292,189,73,12,240,22,103,0,0,52,29,12,49,75,0,376,22,11,6,3,3,0,21,35,18,19,8,10,2,28,60,10,120,138,60,0,0,18,0,7,80,54,11,0,0,104,59,13,31,25,38,1,64,23,16,0,172,1,0,5,31,37,73,4,51,13,101,32,10,21,24,19,6,23,0,120,0,15,36
cell743,136,43,56,3,501,5,56,91,96,8,9,103,6,0,5,28,45,0,25,247,0,79,0,20,8,60,78,19,26,6,1,141,12,19,4,90,26,238,0,1,58,6,17,75,31,0,113,88,11,1,0,11,0,6,31,29,22,13,2,1,3,84,14,146,117,123,0,0,20,4,1,92,47,9,2,0,147,82,46,18,37,34,3,20,16,71,55,97,3,0,21,36,46,92,11,37,26,113,26,6,6,13,16,1,40,9,62,1,147,81
cell744,181,78,72,6,738,22,53,79,140,20,13,84,6,2,17,26,34,2,20,878,22,68,0,13,39,41,81,4,0,18,11,280,55,4,2,167,40,191,0,8,73,5,49,50,63,0,518,65,19,10,3,9,5,19,25,1,2,14,7,8,49,44,29,178,141,93,0,0,13,1,9,103,79,11,5,0,148,39,49,38,45,18,10,133,27,25,0,121,0,0,10,21,20,87,4,53,1,86,5,48,45,18,4,4,23,0,438,0,36,31
cell745,64,32,26,4,499,3,70,123,113,1,14,87,12,0,41,18,11,0,10,258,0,66,1,19,21,12,75,14,24,6,2,138,93,19,13,113,62,215,1,4,73,4,37,49,34,2,41,70,26,5,4,2,3,20,46,42,2,22,5,0,6,86,16,72,122,83,0,0,21,5,7,95,33,6,15,0,87,99,52,18,46,54,5,70,34,35,0,102,0,0,18,29,76,120,3,68,0,112,10,10,8,8,2,3,51,6,64,0,94,31
cell746,71,51,58,16,881,31,21,96,194,0,18,60,17,3,28,15,16,1,30,860,0,46,0,12,38,43,138,14,4,11,0,288,65,45,35,162,33,147,0,5,58,8,47,22,59,0,0,70,30,4,0,11,1,21,12,27,7,16,6,9,47,44,12,102,79,63,1,0,19,2,0,77,73,1,0,0,126,58,7,18,25,32,3,0,7,14,0,105,5,0,22,17,16,79,1,70,2,90,11,34,28,20,11,2,20,0,310,0,11,16
cell747,135,42,16,8,434,29,29,59,118,18,9,70,17,0,7,9,8,5,33,715,0,41,29,7,32,47,174,19,10,7,53,244,504,83,6,63,33,117,0,7,50,13,47,29,48,1,0,86,27,4,1,0,3,16,38,32,0,17,2,3,44,59,3,124,160,65,0,0,12,3,0,88,51,6,4,0,126,52,13,39,23,22,3,55,5,43,0,106,6,0,11,14,39,69,0,35,8,89,5,39,39,20,15,3,18,1,131,0,21,33
cell748,101,27,40,6,328,11,31,79,119,0,14,88,22,0,3,19,17,0,12,330,1,91,0,14,14,55,126,20,0,4,6,132,92,14,7,62,24,140,0,0,56,7,32,80,36,0,128,47,31,0,1,4,3,17,23,8,13,23,3,0,19,30,22,82,113,101,0,0,13,2,4,85,55,7,6,5,99,59,40,11,28,25,5,39,29,16,0,85,22,1,2,23,5,60,0,33,11,98,23,19,12,16,1,1,35,0,69,0,137,11
cell749,141,38,36,11,352,4,36,88,127,3,9,71,9,2,33,23,29,15,20,250,0,80,0,13,6,34,76,23,6,2,15,146,42,19,21,64,16,175,0,1,49,17,28,68,32,1,0,21,10,1,2,7,3,8,39,8,0,21,6,1,29,92,18,153,169,75,0,0,26,5,3,89,56,2,1,0,88,90,79,14,33,58,3,23,27,5,0,77,0,5,3,13,46,104,3,53,1,93,9,20,10,22,11,3,35,24,106,1,58,28
cell750,84,41,49,9,305,10,7,69,107,7,42,77,8,0,16,8,35,0,17,192,0,84,6,12,7,24,60,14,11,3,0,95,1,13,9,89,25,35,0,3,38,5,24,62,35,3,23,96,24,2,1,5,0,17,34,12,5,18,7,4,9,66,13,98,147,74,0,0,17,3,15,77,61,12,7,0,122,61,32,26,50,29,4,72,36,26,0,94,0,0,9,0,68,69,15,19,8,84,10,1,17,17,8,2,28,0,81,0,90,44
cell751,46,27,69,10,268,4,27,87,85,1,10,62,10,0,16,3,34,0,14,182,0,50,0,21,3,33,93,15,11,8,1,107,20,19,13,118,39,133,0,1,48,3,25,63,45,1,46,65,26,1,1,3,2,10,27,11,4,23,5,5,12,49,20,85,112,64,3,1,15,0,0,75,62,9,19,0,106,51,25,15,21,29,9,12,26,13,0,104,5,0,2,0,24,75,2,4,14,87,3,15,9,8,7,3,30,6,57,1,69,11
cell752,133,16,47,18,442,10,13,114,145,2,7,84,19,0,7,24,12,0,17,191,0,67,4,15,14,47,62,23,0,7,0,104,37,8,2,77,26,21,1,0,60,0,18,73,38,0,0,14,15,22,0,7,2,15,7,22,0,21,4,1,24,54,18,97,68,55,8,0,22,2,5,80,45,4,0,0,67,56,12,11,19,20,4,21,16,21,0,105,1,0,8,23,32,82,1,38,2,75,4,7,29,7,2,0,29,4,67,1,64,12
cell753,190,38,42,9,760,8,13,96,128,10,11,104,23,1,19,14,25,0,55,821,25,74,0,5,23,56,110,14,10,2,0,307,218,32,7,81,46,135,1,12,47,6,35,24,59,0,0,34,8,17,6,1,2,41,29,12,9,16,6,2,44,41,22,107,100,76,1,0,10,5,2,76,85,2,0,0,94,60,66,35,25,30,7,48,4,25,28,130,1,0,4,31,17,67,1,53,1,107,13,10,34,14,4,5,17,13,32,0,18,24
cell754,103,27,47,12,419,16,11,117,108,3,17,72,9,0,0,5,22,0,23,192,9,46,0,8,3,10,69,9,1,4,0,137,36,32,8,39,28,4,0,17,28,4,20,58,54,4,0,74,16,0,0,11,10,10,27,17,12,20,4,3,16,66,21,56,30,73,0,0,26,4,0,59,80,0,33,0,131,48,28,17,17,36,5,43,21,11,0,88,0,0,9,18,22,65,0,66,13,94,6,8,13,14,8,2,46,8,134,1,83,26
cell755,80,24,26,13,348,14,37,84,112,3,15,76,8,0,9,16,21,1,20,168,0,28,0,11,7,25,66,7,15,7,0,86,65,15,4,56,29,4,5,4,36,2,25,71,34,0,0,23,20,2,1,4,3,11,24,10,10,13,9,1,20,79,9,30,47,57,0,0,29,2,0,86,42,1,0,0,120,72,8,31,15,25,6,38,20,38,0,102,0,0,8,23,8,36,2,74,12,78,5,2,19,14,2,2,27,2,224,0,64,14
cell756,152,51,24,7,605,2,28,65,115,9,9,98,4,2,10,18,24,1,23,579,0,48,27,11,13,42,59,17,7,4,0,214,88,8,15,44,58,67,0,6,48,10,18,31,54,0,0,66,20,1,0,3,6,5,67,18,22,16,5,4,71,62,11,127,80,109,0,0,14,1,9,106,36,1,1,0,107,83,72,9,59,39,1,23,13,65,0,132,0,0,19,28,30,90,0,61,2,96,20,16,15,26,21,9,21,0,125,0,22,15
cell757,103,18,20,13,266,10,37,91,63,0,10,70,6,1,1,18,18,0,15,136,0,72,0,11,5,18,27,15,6,13,0,113,19,20,7,98,40,88,0,0,51,2,30,54,32,0,2,54,23,2,2,4,2,35,44,14,6,13,9,3,8,51,23,50,72,36,0,0,13,2,1,72,51,6,1,0,86,75,31,5,18,21,0,3,22,19,0,94,0,0,9,24,29,73,2,47,11,62,1,11,17,23,5,1,29,10,30,0,50,52
cell758,87,26,18,5,248,8,0,55,70,2,40,55,5,0,1,14,17,0,19,169,0,62,0,20,6,39,55,5,12,2,0,108,5,59,8,36,16,13,0,16,64,2,28,50,24,1,0,47,14,0,1,1,2,4,36,20,5,11,1,5,19,86,5,164,137,85,0,0,15,2,6,75,30,1,13,0,136,47,0,85,40,34,9,25,25,37,0,55,0,3,20,25,41,69,10,80,5,105,11,8,14,15,1,4,24,11,40,0,76,63
cell759,71,28,31,8,247,0,11,48,82,4,20,57,13,0,26,11,13,1,24,187,0,49,0,15,5,48,71,27,0,6,1,100,24,26,14,38,17,166,0,5,53,0,18,86,35,0,20,60,41,0,1,4,1,7,45,20,8,18,11,1,13,46,17,99,39,76,0,0,24,2,7,66,38,3,1,0,99,67,61,10,19,59,2,62,19,8,0,87,10,0,5,25,43,69,0,83,22,79,7,8,16,14,8,3,14,13,45,0,72,28
cell760,113,36,43,9,334,12,40,86,69,4,20,40,7,0,23,32,27,0,23,213,0,67,4,9,4,28,64,19,8,9,0,107,53,4,9,3,14,31,0,5,60,1,18,57,23,0,49,67,44,1,0,0,3,7,49,10,5,15,6,3,9,67,36,38,108,116,0,0,21,2,19,92,36,4,0,0,147,74,19,42,37,34,7,102,8,13,0,73,12,0,7,29,16,21,1,74,18,118,4,6,11,24,4,0,11,0,73,0,24,10
cell761,81,22,12,5,190,8,8,56,86,11,11,58,10,0,2,3,27,4,19,213,1,39,0,17,7,34,43,21,3,12,0,91,52,6,0,44,15,1,4,10,55,8,31,67,26,2,0,62,25,2,4,3,1,2,39,16,26,15,12,0,22,104,4,156,64,94,2,0,21,13,1,85,38,4,0,6,139,60,82,30,6,33,4,79,6,7,0,60,0,6,5,18,18,33,7,92,3,82,27,9,12,13,2,3,15,1,69,0,56,7
cell762,81,26,22,9,201,1,2,78,86,4,7,58,8,1,36,27,22,4,16,192,0,73,6,8,6,34,81,11,5,6,0,106,112,11,6,22,28,22,1,0,47,12,16,73,17,3,0,53,14,12,0,9,1,7,47,15,16,17,0,0,19,56,13,98,124,112,1,0,18,3,3,94,34,4,2,3,107,42,58,8,27,32,5,39,4,7,0,67,1,0,13,23,27,42,1,34,5,91,20,1,15,21,1,9,21,3,100,0,47,27
cell763,117,57,35,8,679,15,9,137,148,3,17,75,16,0,3,15,22,1,51,556,1,36,0,8,2,34,88,21,16,7,0,205,70,25,10,152,21,0,0,2,53,21,28,63,65,0,0,27,33,0,2,2,2,10,24,21,2,20,1,2,57,46,30,115,162,85,0,0,12,9,8,79,39,8,0,0,86,73,46,43,19,42,6,1,11,39,0,177,1,0,34,22,12,56,2,33,4,85,16,14,31,12,14,13,33,0,70,0,28,3
cell764,190,47,26,13,960,26,17,132,166,2,24,58,17,0,23,9,35,4,39,730,3,52,0,7,22,25,144,17,9,7,0,297,232,56,4,158,21,4,7,7,39,14,47,43,64,0,0,37,28,9,0,10,0,22,26,9,10,30,3,5,29,83,17,150,92,91,0,0,27,1,21,82,71,5,1,0,97,67,17,22,6,25,13,37,10,16,0,151,5,0,11,21,6,66,0,34,0,96,3,22,34,18,4,9,15,1,32,0,23,11
cell765,48,21,52,3,325,19,18,85,87,2,38,47,17,0,34,6,30,0,9,211,0,71,0,10,5,26,71,13,7,7,0,133,21,17,12,78,12,8,0,1,64,10,35,45,33,1,0,26,49,10,0,25,5,12,35,12,3,13,8,0,62,92,24,178,59,100,4,0,16,11,2,125,49,7,0,0,126,72,22,16,28,22,7,26,36,4,0,79,3,0,9,25,20,37,18,44,39,112,12,5,30,16,3,2,20,0,79,0,26,43
cell766,93,41,38,13,270,22,5,70,113,7,25,81,15,0,16,23,16,9,17,233,0,71,12,23,6,47,70,13,8,3,2,109,135,59,16,47,29,43,3,4,73,7,33,38,19,0,0,103,59,6,1,6,3,15,36,4,35,15,5,2,40,130,17,100,43,115,0,0,19,2,25,115,66,4,0,0,117,61,46,48,10,39,1,18,36,31,0,54,0,2,6,22,24,113,17,70,35,110,25,29,14,16,3,5,17,16,119,0,42,27
cell767,117,66,59,10,860,22,3,85,120,9,29,74,16,2,10,41,46,0,31,357,1,45,0,16,6,17,77,21,8,7,0,146,12,26,6,63,56,164,0,15,56,10,11,86,36,1,0,52,18,0,0,2,2,68,42,10,9,22,8,2,32,54,20,43,102,97,0,0,31,9,2,105,83,6,1,0,121,126,20,50,27,38,4,39,21,39,0,89,0,0,44,30,39,110,6,11,1,122,15,16,39,14,31,3,36,0,132,0,26,9
cell768,66,27,6,12,244,2,36,66,122,3,9,68,6,0,12,16,29,0,12,184,3,59,0,20,21,31,59,22,6,12,0,133,7,6,17,66,32,237,0,9,57,8,19,92,26,2,0,81,21,1,3,14,6,9,24,14,28,15,10,1,6,93,26,111,122,63,0,0,22,1,0,110,49,8,16,0,114,59,5,21,19,51,3,79,20,23,0,65,0,0,30,0,44,49,1,61,10,80,9,0,21,16,2,1,25,30,89,0,56,64
cell769,71,25,45,4,367,21,0,91,151,15,17,99,13,0,11,26,14,0,16,186,0,59,0,15,2,30,80,13,15,7,6,107,14,35,3,100,23,50,0,6,72,1,16,61,35,4,0,69,40,6,0,6,6,36,54,12,11,22,2,2,17,57,24,104,97,107,1,0,34,0,17,89,46,5,0,0,95,59,10,8,21,45,3,43,12,29,0,84,0,0,15,0,40,53,0,66,16,95,10,1,5,12,2,1,12,2,295,0,38,63
cell770,93,28,9,4,277,0,28,80,122,0,25,43,6,3,15,18,9,0,22,257,0,73,24,24,9,24,86,21,33,2,0,141,15,1,7,36,15,180,0,9,54,2,32,53,22,3,45,37,29,9,2,5,2,7,34,27,2,19,9,1,21,89,19,45,89,77,0,0,19,4,11,103,33,5,0,1,89,61,84,10,26,32,8,65,42,13,0,91,4,11,12,0,16,58,3,72,3,103,20,5,7,10,4,9,22,1,121,0,27,112
cell771,174,50,31,12,881,5,86,115,182,3,27,80,17,0,0,10,17,4,25,380,0,34,0,17,4,26,100,6,6,4,0,164,19,19,20,162,17,47,1,1,71,2,15,47,49,1,0,51,8,6,0,1,2,47,29,20,3,13,3,1,62,64,11,109,94,66,0,0,13,6,0,80,56,15,3,0,97,92,27,19,17,25,4,30,15,23,5,130,32,0,9,20,23,26,3,3,14,91,15,3,10,22,8,11,21,8,102,0,66,12
cell772,145,37,51,7,991,24,39,149,135,4,11,42,5,2,19,20,14,6,13,307,0,43,0,15,16,27,72,28,6,12,2,147,117,26,29,82,39,21,0,4,54,4,30,55,48,0,0,68,22,7,2,5,2,27,20,26,9,37,3,0,10,35,4,109,112,108,0,0,12,5,0,77,64,10,0,0,95,65,17,109,15,25,3,36,25,6,0,139,0,0,12,22,30,20,3,59,8,92,10,46,40,10,17,6,23,7,70,0,70,7
cell773,92,27,40,14,328,10,1,67,96,1,28,52,5,0,0,16,11,0,21,171,10,46,4,8,7,41,54,18,8,11,0,97,15,3,4,50,43,156,0,2,53,4,18,38,36,1,0,106,7,0,1,10,11,20,30,12,25,21,6,2,24,68,9,119,130,52,1,1,20,3,4,76,34,10,0,0,110,50,16,13,27,47,17,9,23,6,0,108,7,3,7,17,7,48,13,76,51,89,14,9,22,17,8,8,40,0,91,3,70,4
cell774,130,29,31,25,223,3,21,87,91,3,10,63,15,0,1,18,32,6,13,221,1,65,0,11,4,22,84,13,16,4,0,119,78,13,29,62,16,12,0,5,45,3,12,33,33,2,0,61,20,1,1,5,2,4,40,32,11,19,5,2,41,110,11,123,8,48,0,0,16,2,0,109,77,4,2,7,106,80,15,7,54,34,5,55,15,19,0,69,0,0,14,23,77,36,2,79,10,103,33,26,21,11,3,2,25,16,117,0,24,67
cell775,111,42,51,10,351,13,0,75,117,8,16,40,17,0,12,12,11,2,9,251,0,39,0,24,8,3,87,14,11,9,0,158,141,23,20,59,18,116,0,16,32,13,14,56,21,1,1,89,21,0,2,2,2,19,15,9,5,20,6,0,28,35,29,141,126,52,3,0,19,7,12,68,50,4,16,10,133,84,11,15,32,36,10,80,4,18,0,101,9,0,20,21,46,47,2,15,27,91,21,28,15,20,4,3,21,0,9,0,45,110
cell776,120,65,70,13,907,24,57,111,137,4,14,82,6,0,12,27,18,0,23,198,0,42,0,7,5,32,64,17,14,10,5,131,16,26,14,220,26,153,5,0,63,10,15,77,58,1,0,47,22,44,0,4,0,25,29,14,14,22,11,8,16,60,11,131,79,77,0,0,17,6,0,111,41,13,1,0,109,58,48,12,20,17,8,22,37,18,0,181,23,0,11,23,4,32,0,72,58,93,2,20,37,14,1,5,10,0,32,0,73,14
cell777,134,28,32,5,388,5,27,66,124,3,15,80,12,0,14,12,23,5,28,182,5,60,3,11,5,43,70,11,19,6,11,94,12,60,11,39,47,4,2,0,45,9,23,23,27,3,0,53,16,2,1,1,4,18,12,18,7,13,7,0,39,69,12,82,90,46,0,0,18,2,4,72,8,5,0,7,89,47,15,3,22,23,9,16,22,26,0,78,0,0,4,29,10,45,3,26,0,95,25,0,13,20,0,2,20,0,78,0,25,17
cell778,67,21,31,7,346,8,3,59,122,2,8,70,4,2,11,32,12,2,20,262,0,66,8,15,8,57,64,11,0,1,0,135,21,18,5,81,39,123,0,2,27,4,13,51,45,1,0,56,20,0,0,9,1,6,9,11,14,12,2,2,31,84,11,52,111,51,1,0,18,2,0,97,58,8,1,2,92,49,9,6,31,58,12,47,16,4,0,92,3,0,15,14,1,57,0,66,18,78,16,2,13,15,14,3,19,0,175,0,42,3
cell779,126,23,33,13,278,5,9,62,127,8,25,49,16,2,19,34,27,8,14,217,0,51,0,21,10,43,83,14,23,6,17,138,65,34,11,94,30,150,1,5,63,5,22,79,31,2,0,45,21,40,2,10,1,10,48,28,22,13,4,0,14,91,9,177,100,90,0,0,13,5,13,90,40,4,0,0,125,51,12,11,21,34,12,0,49,7,0,93,0,0,16,23,42,128,2,51,15,123,12,2,21,10,0,9,19,0,176,0,15,39
cell780,151,54,58,6,523,3,3,73,122,6,42,78,4,0,14,20,20,1,27,259,0,62,4,4,5,40,44,9,11,17,2,139,10,19,8,125,14,109,0,0,54,2,15,31,63,0,0,30,7,0,2,6,2,40,43,21,3,5,9,2,12,57,17,98,87,97,2,0,22,0,1,106,41,2,0,0,97,102,23,105,20,15,2,32,17,11,0,102,0,4,17,26,15,95,0,18,15,96,29,28,26,25,2,4,34,2,111,0,116,12
cell781,82,45,69,6,323,8,10,86,120,3,5,86,6,0,11,10,16,4,13,252,0,36,0,13,2,27,36,11,1,8,3,118,60,11,21,131,6,192,0,10,50,8,21,60,46,1,18,36,16,14,1,7,4,22,28,21,9,17,3,3,21,57,22,94,43,72,0,0,24,1,7,80,48,2,0,0,60,85,1,24,42,23,11,29,11,6,0,110,0,0,9,18,46,23,6,46,1,82,12,0,36,25,0,10,23,5,93,0,100,1
cell782,103,31,9,6,275,1,32,71,110,1,5,66,13,0,7,14,7,0,25,171,0,75,0,20,8,45,58,17,5,7,0,117,8,4,2,85,31,90,3,9,51,12,18,81,38,2,1,39,29,4,0,2,4,25,17,19,8,15,0,10,20,69,20,96,34,76,9,1,17,6,7,80,53,0,2,5,121,36,19,20,55,24,15,40,18,27,0,105,0,1,7,23,25,18,5,53,1,90,23,6,15,18,2,6,20,1,71,0,30,19
cell783,189,52,55,12,860,9,92,141,154,3,10,70,18,5,27,17,29,2,48,519,1,76,3,13,11,53,77,13,4,2,0,192,4,21,13,38,46,63,7,11,55,2,46,68,70,3,0,85,19,20,3,3,0,9,30,3,14,18,5,3,49,35,37,126,88,116,0,1,21,2,4,96,22,3,0,0,75,106,0,10,10,27,7,18,28,2,0,86,2,0,9,19,48,71,6,42,11,85,2,35,26,20,0,12,12,0,34,2,89,37
cell784,71,30,25,3,310,3,3,86,106,2,14,54,9,1,14,16,9,2,11,116,0,78,0,15,9,13,57,3,2,5,0,104,1,9,2,55,44,42,2,1,43,2,23,44,59,0,0,49,20,0,0,3,4,0,32,10,13,22,1,1,41,82,21,150,109,105,0,0,14,3,5,72,75,2,1,9,125,57,60,17,21,50,5,43,21,25,0,156,0,0,4,18,20,55,7,44,9,88,0,18,18,24,6,11,32,7,109,0,34,79
cell785,107,16,29,10,317,14,1,83,108,1,6,71,5,3,16,11,12,8,15,204,2,50,0,19,2,44,83,10,6,3,0,119,25,50,15,126,48,68,2,0,30,6,22,65,64,0,7,73,26,12,1,8,8,5,26,0,3,30,12,3,45,43,18,90,110,76,0,0,26,2,10,66,55,9,0,0,89,53,7,8,36,41,2,29,13,4,0,193,0,0,5,22,61,80,0,44,7,76,3,6,25,20,0,4,27,1,49,0,27,60
cell786,166,56,20,26,1428,29,84,188,189,24,13,72,5,6,6,14,26,3,28,363,0,83,0,11,6,17,84,35,10,19,0,147,25,11,10,315,29,118,1,8,35,2,16,41,76,0,0,53,30,5,4,3,0,55,20,18,31,37,4,4,30,49,12,79,90,98,0,0,25,5,1,82,92,13,0,0,87,75,6,124,36,16,4,48,14,19,0,230,3,0,17,14,36,44,0,49,23,92,16,4,12,23,18,3,18,0,164,0,70,99
cell787,103,55,34,4,777,22,8,100,134,4,24,78,12,0,1,36,39,0,22,346,2,37,22,19,7,29,38,10,6,3,0,159,66,27,5,76,11,224,0,2,62,14,24,36,69,1,0,44,19,8,2,9,4,3,22,11,2,16,7,13,9,67,4,124,131,49,3,0,20,8,0,91,78,7,4,0,93,49,32,29,25,14,2,54,15,55,1,171,0,0,5,22,38,88,0,54,9,100,9,39,19,21,8,7,18,0,103,2,113,23
cell788,151,31,39,7,478,9,31,67,121,1,6,62,6,0,12,18,13,0,18,363,2,52,0,16,19,58,79,21,0,9,0,134,79,8,5,172,29,86,1,0,26,2,22,34,73,1,0,70,11,3,0,1,0,38,43,5,25,36,6,0,86,68,6,87,175,84,1,2,17,1,2,65,82,8,6,0,86,54,39,7,15,29,18,7,31,1,0,157,1,0,17,28,41,60,4,45,16,71,24,5,18,27,7,2,27,2,78,0,32,38
cell789,111,19,14,8,313,4,0,53,94,3,11,27,14,0,7,20,18,1,14,329,33,56,0,24,12,13,105,22,1,6,1,139,28,6,8,161,33,21,0,1,27,2,31,39,46,1,94,35,18,2,0,2,0,19,31,2,23,20,2,3,55,28,17,39,161,68,0,0,12,4,2,61,81,3,0,0,114,59,1,23,38,37,7,107,6,9,0,166,3,2,7,11,34,55,3,68,1,59,21,8,24,21,4,7,27,9,136,0,42,16
cell790,33,29,26,7,361,12,2,96,109,2,12,59,7,3,6,13,5,0,30,285,0,57,0,15,29,32,82,17,7,16,0,132,14,12,5,150,32,19,0,2,43,1,30,53,74,6,0,77,17,2,0,0,1,8,39,3,15,20,1,0,16,73,6,120,69,66,3,0,22,3,12,78,94,5,3,8,106,44,5,18,11,24,4,21,7,16,0,153,0,0,2,26,19,19,8,69,7,81,6,5,16,21,2,7,21,2,329,0,21,43
cell791,76,24,34,10,323,14,0,81,112,2,36,37,13,0,30,11,18,1,22,244,0,38,0,13,5,56,109,17,7,11,0,149,1,20,10,103,34,121,1,3,31,4,21,66,83,0,0,75,10,8,0,3,8,15,20,8,5,26,5,7,37,88,4,159,189,44,3,0,8,2,0,71,74,6,5,1,133,51,8,13,18,40,8,84,4,14,0,125,0,0,15,25,18,64,1,74,26,80,10,31,21,20,2,9,22,1,131,0,32,35
cell792,238,52,53,7,1083,30,40,150,283,4,16,98,7,0,27,3,54,1,23,433,0,41,3,16,22,66,111,20,25,13,0,303,23,12,10,107,20,81,1,2,70,5,55,75,85,1,243,68,23,20,0,16,2,78,37,33,21,31,5,8,36,109,26,150,181,96,0,0,21,6,0,113,62,9,22,0,41,43,19,24,19,29,9,39,7,17,0,204,13,0,7,24,14,46,4,78,49,128,6,5,11,32,3,6,20,2,56,6,20,39
cell793,195,58,52,7,1141,8,65,165,246,4,40,85,10,0,0,22,19,9,23,326,0,52,0,14,39,52,76,26,5,12,58,260,94,33,11,184,46,255,1,1,50,8,31,70,96,2,47,200,10,3,3,7,5,53,41,20,96,43,2,14,84,59,18,284,386,100,0,0,9,1,1,97,101,12,54,1,166,44,33,25,26,36,8,134,5,7,0,278,0,0,69,27,18,127,51,61,1,120,9,33,22,15,8,3,9,0,74,0,24,61
cell794,36,67,17,8,1167,15,7,136,250,15,18,111,9,0,47,31,29,8,20,660,0,61,0,19,54,54,117,26,7,8,27,269,59,5,1,266,41,97,0,9,72,11,46,90,90,2,0,101,43,17,7,8,5,11,44,38,22,28,6,6,37,99,34,195,225,129,0,0,22,2,31,132,134,12,3,2,156,83,110,25,27,5,8,64,19,10,4,197,4,0,9,3,33,105,5,83,2,117,34,15,25,19,4,8,20,0,80,0,12,40
cell795,178,34,20,14,846,8,4,160,117,1,5,60,5,2,6,4,12,0,17,458,0,35,7,13,40,37,94,25,6,16,0,202,33,14,6,169,36,2,3,27,29,4,27,35,80,0,29,64,21,2,1,2,2,16,19,6,18,39,7,0,49,28,8,133,69,50,0,0,23,1,5,49,91,10,13,10,121,36,28,25,36,22,3,43,7,6,0,224,15,0,18,16,34,36,1,53,7,64,20,2,15,20,1,4,16,1,201,0,24,7
cell796,65,36,48,12,427,13,8,98,127,1,11,46,7,1,20,21,10,9,31,339,0,78,0,14,0,62,114,18,0,10,0,133,284,11,2,49,13,69,0,0,29,2,48,54,65,0,0,34,10,2,1,3,9,21,15,0,1,26,4,0,26,39,10,67,110,63,0,1,13,0,11,64,68,4,5,7,113,83,0,9,13,31,9,120,15,8,0,134,9,0,20,22,40,66,15,34,5,73,28,5,17,29,0,10,18,0,56,0,9,73
cell797,116,35,25,10,598,15,107,105,156,5,19,81,10,0,14,13,6,2,14,356,0,75,0,13,6,47,77,12,1,13,0,148,102,10,2,128,34,0,2,2,34,9,29,58,66,0,0,44,23,8,1,2,1,8,29,3,25,24,4,3,33,73,8,116,143,75,7,0,16,4,0,62,77,6,0,0,103,79,35,15,24,20,10,44,10,26,0,132,0,40,15,25,32,73,0,28,9,74,5,1,16,24,5,11,19,0,190,1,24,12
cell798,83,29,10,8,428,21,4,89,133,7,8,74,6,0,2,20,18,0,33,421,8,80,0,15,2,70,95,17,4,10,0,192,80,32,8,132,5,5,1,0,43,5,25,54,53,1,0,44,39,0,1,2,4,10,31,5,7,18,8,0,14,86,1,125,125,90,0,0,24,0,0,73,37,7,0,0,115,57,15,16,28,32,1,35,7,42,0,115,0,0,17,25,1,67,13,75,14,90,21,15,11,30,3,9,15,7,175,0,14,82
cell799,170,44,28,5,526,38,3,107,155,1,11,98,12,0,0,7,22,0,17,336,1,53,0,19,3,37,95,17,12,7,13,159,117,62,1,44,61,1,1,0,49,13,30,52,59,1,5,98,23,4,0,1,2,19,22,9,7,18,7,3,48,45,14,143,82,66,0,0,15,2,0,97,27,16,0,2,137,66,40,17,14,38,15,48,21,8,0,168,0,0,9,20,23,69,4,11,0,90,33,13,7,30,1,3,12,0,113,2,22,116
cell800,109,36,73,7,590,22,7,103,149,4,19,70,10,0,63,24,23,6,19,328,10,70,0,11,25,28,108,6,1,9,0,164,4,42,21,83,29,202,0,11,55,3,36,74,74,2,84,40,28,5,0,11,0,41,35,5,17,18,22,2,33,84,20,156,147,90,0,0,16,6,22,82,27,4,5,0,109,83,35,16,33,25,12,50,16,15,0,136,4,0,7,31,26,97,9,23,9,102,11,10,26,35,5,10,27,2,405,0,36,75
