,V1,V2,V3,V4,V5,V6,V7,V8,V9,V10,V11,V12,V13,V14,V15,V16,V17,V18,V19,V20,V21,V22,V23,V24,V25,V26,V27,V28,V29,V30,V31,V32,V33,V34,V35,V36,V37,V38,V39,V40,V41,V42,V43,V44,V45,V46,V47,V48,V49,V50,V51,V52,V53,V54,V55,V56,V57,V58,V59,V60,V61,V62,V63,V64,V65,V66,V67,V68,V69,V70,V71,V72,V73,V74,V75,V76,V77,V78,V79,V80,V81,V82,V83,V84,V85,V86,V87,V88,V89,V90,V91,V92,V93,V94,V95,V96,V97,V98,V99,V100,V101,V102,V103,V104,V105,V106,V107,V108,V109,V110
1,0,0,0,0,1231,0,0,7590,0,839,80,8810,0,0,271,6864,2796,700,398,10994,0,0,0,101,1744,0,0,0,264,0,889,28,3880,244,698,1040,1325,409,0,566,98,1157,438,23475,56,226,923,131,234,0,0,22272,73,2302,2789,577,14,0,972,0,3559,6285,1103,0,258,239,919,8288,86,355,1385,94,0,2128,8950,767,13,0,0,0,954,775,5,0,594,0,357,5602,63,0,797,349,0,1948,0,0,197,1881,0,0,147,0,0,10509,970,0,953,5099,134,0
2,457,0,0,492,0,1762,0,1906,172,675,35,5973,0,0,101,2669,4549,0,140,4851,27,0,0,0,614,0,231,0,801,0,1226,131,2316,640,482,1766,477,75,962,298,31,893,1710,23223,28,48,381,146,186,1386,0,9262,0,8462,11120,109,14,0,1038,952,4960,0,0,0,110,0,1333,4223,80,133,1876,1074,0,1152,2177,321,8,0,0,0,0,1328,0,0,665,32,202,890,0,0,410,0,23,1210,148,0,0,2624,0,2455,729,0,502,6955,182,2272,0,5392,0,26781
3,0,0,0,0,1505,1,0,451,1834,244,0,361,9,0,1184,2012,2178,71,517,11379,0,0,0,0,291,471,307,57,78,0,8572,63,190,219,197,494,364,5090,144,182,7,13709,303,3379,30,411,242,178,780,2809,125,91,0,93,11137,176,0,0,1648,14209,5512,61,2323,0,3909,0,71,505,0,393,2209,159,0,0,9416,278,19,0,277,221,3604,131,0,0,244,81,1764,1224,31,0,9264,0,9,63961,35,0,1087,1965,0,355,0,0,1037,4120,870,443,44,68,187,8802
4,1077,62,0,10,0,764,0,1267,44,14,11,1151,0,0,0,0,467,0,91,0,0,0,0,0,74,298,0,443,0,1051,0,0,11,144,46,26262,51,387,198,0,0,802,0,77,5016,0,16,0,62,0,6,1360,0,204,146,893,46,1232,111,5852,69,0,125,0,0,163,31,1194,0,32,2894,20,0,0,0,6344,0,1202,0,0,0,0,394,0,204,67,0,16924,51,0,149,0,0,8,0,0,0,529,0,486,120,654,0,48,0,0,211,282,38,128
5,2663,0,0,85,171,0,0,798,116,0,0,4421,79,0,647,2108,7650,0,3127,36182,630,133,0,0,389,6458,0,0,15,0,26437,1278,2309,387,95,1071,66,14502,1985,0,0,3697,15,655,1856,370,684,34,1135,348,0,6232,0,190,376,7205,94,0,941,0,308,1846,126,0,1017,0,417,795,0,0,46653,330,0,0,390,990,0,0,0,0,312,3816,0,922,4927,0,0,813,181,0,2961,60,0,1171,70,0,272,8574,0,2670,0,0,0,1800,19169,0,0,519,333,4398
6,0,3,0,0,0,95,0,972,110,0,0,132,0,0,347,390,144,0,21,0,0,10,0,0,0,62,0,151,0,2330,0,0,4,2,4,23409,110,286,0,18,0,2024,64,402,1539,175,15,77,99,497,11,35,15,175,1228,8,261,1970,232,37012,465,0,0,0,0,16,17,3056,0,0,153,0,23,36,503,2779,0,2140,44,0,1826,0,401,0,19,89,952,65236,154,0,663,0,0,360,24,0,0,120,0,0,62,0,0,227,42,0,61,364,22,67
7,2281,0,162,29,1757,386,0,1443,0,0,0,666,0,0,0,1779,246,0,194,0,0,0,0,0,0,292,0,314,4,298,0,59,29,91,52,18391,48,673,320,0,0,1010,0,72,7850,0,31,0,198,356,502,4058,29,212,194,37,27,1274,56,11027,0,137,146,0,0,0,0,974,46,0,10929,101,84,124,0,5470,0,663,0,0,0,0,138,0,1226,14,8,21553,115,0,0,0,0,51,0,1028,0,2036,0,0,0,0,0,185,993,0,0,197,85,26
8,1509,12,0,0,704,1225,0,2021,469,327,37,2968,1047,0,356,7902,1337,301,6502,14601,0,24,0,0,0,0,0,320,5,0,5135,1000,566,322,297,2164,263,16210,0,0,227,6430,47,335,2559,0,585,12,2368,0,1616,5071,0,428,384,2344,368,0,855,15759,309,2623,0,0,205,0,35,1346,0,912,33630,114,0,78,72,944,0,81,0,1771,0,0,0,1905,5755,703,95,3899,0,0,1325,0,888,400,44,0,0,15418,0,7671,0,0,1255,78,8622,1229,162,285,14779,2322
9,365,0,0,0,295,1323,0,4573,767,258,17,28190,0,0,137,1565,3489,506,272,8046,173,0,0,22,1838,416,76,0,217,160,514,433,4562,648,768,1996,930,253,791,427,300,213,360,13688,101,150,429,185,672,1029,1287,12709,0,7849,6249,61,129,0,1570,6328,5346,1244,331,0,425,2698,250,3111,2,28,1796,268,0,1170,3561,221,53,11,0,1537,103,2751,0,0,400,12,0,7063,0,21,1331,454,4,1274,0,0,306,2113,0,435,0,0,205,3933,99,180,339,965,136,15719
10,152,27,0,315,0,166,0,592,419,0,0,292,0,0,187,39,154,0,22,587,0,0,0,0,6,0,0,104,0,5741,632,0,0,0,24,21894,68,260,9,0,1,1045,0,313,786,75,0,0,0,709,8,10,16,192,2532,24,719,662,43,79782,589,0,1171,0,0,0,3,2355,58,0,123,164,0,50,0,2526,4,1756,0,0,595,0,459,0,27,684,114,66674,250,0,2578,0,0,0,0,0,0,114,0,0,6,0,0,0,0,325,149,136,0,97
11,0,28,0,82,0,7364,0,3754,295,194,0,3371,0,0,0,0,2078,0,3535,0,0,0,0,0,0,1113,0,0,69,0,2537,0,1106,411,624,4011,389,6960,0,0,0,5523,0,711,5803,1183,255,0,0,0,0,7326,48,0,783,473,240,2410,286,0,471,1280,3660,0,0,0,64,1255,81,884,8579,278,0,237,551,2641,0,0,0,0,0,8220,327,0,405,0,61,2611,463,0,902,215,0,183,23,0,0,13972,0,8488,0,0,0,814,21314,0,0,35,5543,6497
12,0,0,0,2004,0,9700,0,20062,1190,492,22,44916,134,0,87,0,1357,591,900,812,0,234,8,0,0,273,0,81,748,0,379,18,1137,268,1996,9598,1577,5,0,0,0,1558,0,886,574,0,187,166,0,198,0,22998,190,6022,9436,116,0,387,992,30306,4584,5157,0,0,0,0,37,3815,319,0,719,0,403,707,1938,2132,93,5,0,5210,105,2576,208,0,384,280,217,19083,267,0,0,0,0,221,0,0,575,3835,0,4195,0,0,371,2579,1148,0,592,3096,6774,15580
13,89,0,0,336,751,2043,0,1451,0,0,23,868,0,0,75,0,188,0,299,0,0,0,0,0,0,162,2,402,4,261,0,0,24,0,267,27608,22,843,0,11,0,1950,0,152,10969,0,0,15,0,111,0,621,0,126,120,380,0,2403,73,1660,0,0,0,0,58,0,10,893,10,0,5264,9,0,95,0,5683,18,92,4,0,0,0,199,0,349,81,11,18604,160,0,33,0,0,19,45,0,0,1502,0,0,36,0,0,115,4481,312,0,282,72,54
14,0,457,1018,0,2327,6110,0,2676,359,184,0,1158,0,0,471,0,2202,0,2701,10160,637,0,0,0,0,4400,0,941,9,0,0,0,198,1,0,2588,147,2745,684,0,0,5715,0,197,1513,0,507,102,1034,0,521,7803,0,0,124,9395,0,0,406,0,465,842,535,0,256,0,323,0,427,583,57090,106,210,879,794,1194,0,761,769,290,318,0,0,765,1039,356,103,1681,0,0,1455,0,1339,516,0,8509,1760,8013,0,18259,0,0,0,1500,26844,0,1246,17,5474,3782
15,315,3,429,54,142,0,0,1983,0,0,0,3414,0,0,64,1897,309,10,500,0,0,0,0,0,0,0,0,340,7,574,0,712,0,37,91,20552,23,653,523,0,0,646,0,241,5039,0,33,0,138,0,156,2683,0,53,338,0,0,762,115,5504,53,85,299,0,0,0,13,684,12,117,9354,17,0,204,11,4332,0,746,0,0,0,0,924,0,0,85,10,20031,371,0,595,0,0,30,0,327,0,4740,0,0,0,0,0,234,2011,0,0,340,70,42
16,0,0,30,76,2767,13711,0,13081,453,538,21,11528,0,0,36,849,25,563,3318,1305,125,0,0,0,0,0,0,12,151,1113,45,51,1621,292,693,9473,1576,0,3095,0,0,417,0,9404,221,0,65,907,102,0,0,7181,0,0,2475,93,268,0,228,5439,5631,64,553,0,151,0,1245,7009,109,144,396,151,0,4729,420,443,261,0,4794,11390,291,1515,0,1,358,24,184,9553,105,29,128,0,0,124,1017,23,273,2128,0,204,0,0,1967,14883,842,0,0,4740,2540,24900
17,0,0,0,1954,0,0,0,12212,1638,0,0,42929,0,0,59,699,75,100,958,0,0,0,0,0,0,69,0,24,208,1350,261,5,894,405,1228,19805,2738,5,4324,0,0,650,992,12218,480,115,0,0,0,0,8984,3527,0,0,0,1256,0,2058,2310,46491,2275,26,113,251,75,0,51,3051,253,0,400,416,0,0,1674,1635,71,138,1903,7472,503,995,209,113,146,0,607,22990,0,0,994,0,4,196,0,433,0,852,0,673,0,0,0,2490,623,0,0,7040,8732,11803
18,0,0,0,0,2762,99,0,1122,10715,171,0,1309,0,0,576,2470,356,0,2899,193,24,0,0,0,0,0,0,306,7,0,933,0,33,19,36,1912,373,766,0,249,0,3409,0,966,415,0,851,73,308,3880,31,42,0,0,2433,209,2215,0,490,13471,6618,141,0,0,0,0,69,0,0,392,2265,0,275,0,0,197,189,305,283,317,9948,378,1612,89,106,0,3710,4794,132,0,712,0,0,9173,0,0,0,153,0,392,0,0,0,1023,0,1874,0,125,858,19591
19,508,148,0,224,2017,3886,0,1864,0,101,31,6027,205,0,687,616,7394,161,5677,6864,0,0,0,0,1589,4517,0,0,58,0,6900,817,1844,1284,195,251,156,22597,1897,0,1224,20080,0,564,519,628,745,26,1340,928,0,3627,0,151,949,10209,0,282,716,0,303,405,1258,0,301,738,167,0,88,89,62249,62,0,0,238,581,11,0,17,2840,0,0,363,234,350,110,139,572,0,23,1441,41,209,1380,225,0,0,12183,0,1679,0,0,0,798,13802,0,177,152,256,5502
20,1959,0,0,1107,0,7902,0,20141,1352,0,173,16040,0,0,56,0,469,310,271,1956,0,0,0,0,0,0,0,22,52,0,64,116,208,81,934,7709,1210,276,0,601,0,1190,0,30544,222,0,110,1039,278,0,1478,4952,0,0,3115,236,0,933,106,44715,0,2861,0,0,20,0,179,24575,0,592,1280,0,1025,4446,3881,1841,0,15,0,2270,0,1883,122,24,114,89,119,26833,0,0,593,0,187,312,0,0,0,2708,0,6189,0,0,0,0,3396,2788,0,10630,9107,22166
21,0,0,0,0,0,151,0,2500,8014,544,27,1735,0,0,76,201,315,38,1083,2107,0,226,0,0,0,1663,0,97,115,5784,3400,0,31,30,78,3595,311,401,0,339,0,12836,245,1492,402,0,349,363,0,565,94,220,0,269,5695,300,0,1611,1930,44996,0,35,579,0,788,167,40,9270,197,0,1869,253,238,155,0,214,134,521,0,698,0,973,0,46,101,0,880,5684,0,0,13060,0,30,12414,0,0,1318,413,0,335,119,0,0,1703,1065,1871,685,335,360,15629
22,186,0,276,0,284,6945,0,19942,747,0,317,11073,0,0,147,0,2092,0,219,0,0,0,0,0,0,587,0,0,0,763,0,0,394,0,3597,16032,1359,92,3638,0,0,1680,0,25853,782,0,113,535,0,245,1036,23290,0,0,8554,370,0,879,1787,22438,4420,1091,0,0,371,0,931,22845,0,0,1237,831,0,5086,0,1297,270,0,0,2592,0,5119,0,0,145,20,206,21784,6,0,1782,0,0,190,835,0,0,1331,0,0,0,0,0,3467,352,2553,6415,13861,3823,10847
23,123,48,0,886,0,792,0,11043,149,0,10,8062,0,0,7,295,88,0,17,0,0,0,0,0,138,36,0,31,35,391,0,0,55,24,141,96822,176,15,336,0,0,176,31,756,548,15,0,0,42,66,1151,0,0,10470,284,83,2,1308,353,10043,133,0,62,0,0,0,71,26192,0,0,146,0,27,3057,0,6382,3,128,0,0,76,0,62,0,26,93,17,160124,62,0,106,0,0,16,0,0,0,450,0,0,423,33,0,1258,0,0,0,3553,0,84
24,0,15,0,115,64,506,0,2507,2,105,0,1805,0,0,176,636,475,0,370,0,106,0,8,0,0,1528,0,981,4,1239,0,620,0,0,183,12495,96,2168,167,0,0,1805,0,115,11632,0,0,8,0,0,0,4556,0,38,45,0,22,3048,0,7887,63,322,0,0,0,141,39,1433,80,0,1726,0,71,435,73,7355,12,1450,0,0,0,0,219,0,397,194,26,19990,59,0,62,0,0,104,0,0,0,2374,0,0,191,23,0,68,11949,1394,0,498,0,182
25,0,0,632,38,0,0,0,714,304,298,50,6194,0,0,662,4176,3302,130,3608,13764,445,0,0,0,347,0,0,384,52,0,19708,2964,1294,691,283,160,119,15629,350,102,497,5603,0,594,194,2331,0,224,1691,501,0,5247,0,93,971,6868,185,1381,908,3036,1038,813,1142,0,171,0,93,136,0,0,62409,18,0,135,98,0,62,0,0,57,133,1341,1065,648,1529,221,204,730,246,0,1045,0,0,1433,0,0,0,7186,0,2769,0,0,0,371,11369,69,270,51,240,5979
26,0,0,0,0,581,0,0,10063,660,459,0,2862,0,0,66,0,3192,1110,444,0,8,0,0,0,170,0,225,0,142,0,210,0,839,564,1944,3560,1404,238,0,0,458,1401,0,26840,121,88,385,202,81,846,0,15945,0,5463,4060,331,0,0,584,3098,7530,2678,0,0,78,0,1129,9925,0,0,1854,0,0,0,1289,706,95,15,776,4234,0,531,0,52,642,0,279,10732,63,39,497,0,0,786,785,0,96,2966,0,6036,0,0,0,4968,333,0,658,2670,1410,27406
27,0,0,0,0,0,1304,0,14333,727,2184,0,59385,0,0,0,0,2330,622,1000,1652,0,0,0,0,0,285,0,0,271,0,193,0,1578,0,4856,15092,1071,79,0,0,0,585,177,6345,457,0,0,1318,0,0,890,13569,0,9358,1781,394,0,702,0,14336,1236,0,0,0,0,8164,415,15436,0,478,727,2019,0,5254,4230,1850,110,60,0,12720,0,0,556,0,105,0,0,22384,0,0,0,0,0,201,0,0,2131,6687,0,0,314,0,0,19424,601,0,1478,11644,10481,15577
28,0,18,0,0,24,792,0,622,457,256,139,5534,74,0,82,755,4884,137,28044,6638,0,0,0,0,1163,3424,12,149,9,0,13200,2001,2625,1089,1770,1276,83,14819,969,0,791,6624,0,305,419,0,233,133,0,0,0,5836,14,0,736,0,486,0,976,1983,991,2894,0,0,1458,0,203,81,74,0,52405,0,0,0,279,838,45,33,393,261,31,0,71,0,419,0,269,765,0,0,499,0,660,1446,0,0,1273,15903,0,489,0,0,205,980,0,1218,692,51,22,2414
29,0,0,0,0,1407,4810,0,21596,835,21,17,20828,0,0,100,3693,2448,0,510,0,0,0,0,0,0,0,0,0,338,0,0,0,0,526,2849,17853,1869,20,3979,886,0,34,0,9753,132,0,0,0,0,106,0,8490,28,4152,3539,0,0,0,1228,49137,0,0,0,0,257,0,137,22003,124,0,1388,406,0,0,0,3382,88,24,0,0,2554,0,0,0,187,0,585,17719,0,0,1040,0,0,737,0,0,398,1475,0,1386,0,0,2992,8701,1041,0,4201,1450,10655,16342
30,0,0,0,110,0,439,0,843,0,0,0,927,0,0,1627,329,2916,0,1529,13825,77,45,0,0,250,2057,0,0,17,0,1526,0,126,110,41,334,316,5247,50,587,0,17343,0,1445,137,544,14,101,404,4865,55,252,50,0,6050,0,0,0,2769,0,5040,0,1006,0,6137,0,209,735,208,479,2437,0,50,11,4233,921,0,0,0,0,2125,0,101,0,245,172,372,1512,0,57,8780,0,0,79188,0,0,2251,1592,0,101,0,0,326,6359,0,335,42,63,0,12232
31,0,0,0,47,259,0,0,1096,92,574,261,6533,491,0,1009,1387,7824,293,6872,12511,0,0,0,0,527,2527,4,1537,42,0,17026,81,1562,1320,1010,873,251,16305,837,286,0,4319,6,665,2569,0,336,18,780,0,0,2153,0,222,806,15121,0,375,968,2177,498,701,1758,0,346,1017,145,0,8,802,89743,134,0,0,205,1169,0,148,0,667,146,4276,729,0,8891,127,103,565,0,0,1603,0,0,1791,0,0,807,18884,0,2039,144,0,0,515,1027,1372,228,98,304,3137
32,610,0,0,0,0,7485,11,4779,43,155,91,15276,105,0,90,0,1884,407,635,2998,0,0,0,0,2097,124,0,0,134,0,179,213,1000,460,1200,2317,723,309,1025,0,449,802,720,15526,30,59,324,837,534,390,282,2790,0,7022,1828,548,55,432,1180,0,1071,1508,0,0,342,1157,257,3147,24,0,1680,732,0,2994,1296,737,41,6,0,1920,41,3040,76,50,210,0,31,13170,0,17,569,0,0,876,0,0,1312,1751,0,644,0,0,0,9315,346,0,289,3042,632,39468
33,232,6,567,171,225,114,0,1032,0,59,25,586,0,0,109,1062,102,31,27,0,6,25,0,0,41,336,0,72,11,4050,0,0,0,0,58,18514,90,94,5,78,3,3084,0,161,1115,0,12,0,0,0,9,39,0,261,4497,4,17,1429,238,77460,0,34,193,0,716,0,25,5934,4,0,143,0,0,27,67,4087,26,2687,0,0,0,0,765,0,7,11,199,59531,157,0,1772,74,3,477,0,285,311,235,0,34,56,0,0,540,164,0,0,908,0,288
34,0,0,0,0,5470,994,0,1586,15139,0,81,748,0,0,350,1873,1460,190,523,0,0,0,0,0,0,2225,0,28,85,0,0,0,0,147,0,4471,492,2427,227,0,0,26527,0,2850,118,0,119,0,0,0,0,127,688,789,14344,0,0,637,1468,63045,0,786,2279,0,0,0,93,17459,0,962,919,716,0,107,654,204,0,0,0,0,0,0,3296,0,30,0,1292,3852,96,0,4675,0,39,23488,0,0,0,316,0,356,0,0,0,9418,557,0,0,410,1073,5968
35,0,139,0,7119,0,7167,0,8131,29,308,0,38655,0,0,48,0,2733,491,1538,0,282,0,0,0,0,553,0,0,0,0,0,0,1072,451,454,8230,1837,46,0,0,255,1456,0,7614,373,0,0,5005,0,589,906,29642,248,29522,5690,348,85,0,1152,12983,1151,181,0,0,268,0,425,34377,23,1688,650,0,0,0,3392,1443,75,0,0,0,0,0,180,0,182,0,360,18600,0,0,742,0,0,533,0,0,0,2759,0,646,0,0,680,12554,1453,2844,3416,19346,14840,11798
36,0,456,0,1414,4151,0,0,19199,2208,1076,0,39730,0,0,42,2572,1566,854,1006,0,0,0,0,238,0,0,0,0,489,0,83,0,512,50,9035,6854,1980,221,0,0,0,286,0,9557,274,0,0,592,1288,0,3679,8759,0,23773,6901,374,52,232,2122,0,0,5753,0,0,0,0,1253,8773,138,0,421,0,0,0,0,2420,138,0,0,0,0,0,114,142,125,0,68,26997,0,0,1103,0,0,461,0,0,0,2780,43,4131,426,0,0,18993,199,0,0,5017,1776,4447
37,3531,0,0,1789,0,3166,0,12180,1267,0,0,20294,0,0,41,2101,1066,0,357,0,0,0,0,0,0,0,0,0,171,0,0,0,280,281,981,8970,346,22,0,0,0,1289,0,22165,213,0,130,0,0,0,0,16435,0,6061,7431,0,446,0,697,22501,9829,2219,0,0,0,0,1335,1229,0,0,768,855,0,4341,7628,974,38,15,0,3510,0,4878,201,248,296,21,52,22747,0,0,516,0,0,400,1008,0,0,1959,0,3218,0,0,0,1244,1369,0,2019,4342,4283,23062
38,0,22,0,0,3042,1984,0,3022,616,160,0,1444,0,0,271,0,2415,0,23144,2673,0,0,0,0,0,0,2,1535,0,415,1904,0,0,521,372,3103,435,3073,0,0,905,9925,53,309,3938,0,672,98,0,0,0,2412,0,311,213,11507,0,461,528,2428,114,484,0,0,0,0,102,785,69,0,41705,0,0,137,33,582,184,0,0,1924,0,4133,0,0,4705,0,50,1472,0,0,762,0,284,804,0,0,0,11861,0,3710,0,0,0,1084,8789,286,966,505,6206,2445
39,0,115,0,17,1971,438,0,1937,0,0,32,759,0,0,137,0,432,213,0,0,23,0,0,0,0,1011,0,427,0,579,0,0,84,31,134,15526,35,1312,96,0,0,1183,0,52,13758,0,54,0,0,27,219,1020,0,209,99,2519,0,3486,15,7817,54,205,196,0,31,0,5,1332,8,322,3881,0,0,144,5,7229,0,630,0,0,0,1425,385,0,437,116,0,20448,252,0,0,0,0,6,0,3474,34,1215,0,0,50,361,0,216,3173,108,55,377,0,190
40,0,0,0,0,0,6403,0,29930,994,0,0,0,0,0,42,0,1268,0,66,0,0,0,0,0,0,0,0,45,999,2310,32,0,672,297,7330,16230,350,22,16867,329,0,890,669,9236,147,0,0,1033,0,691,0,12366,0,10863,4544,0,0,682,557,9271,645,1547,0,0,0,1298,838,15251,129,0,925,0,2842,3054,2299,1450,0,0,0,12090,0,1620,268,0,505,0,388,40081,0,0,452,0,0,264,0,0,276,1837,0,3629,0,0,0,7730,1260,0,3118,0,1690,15635
41,0,75,3,0,0,4287,0,6042,0,0,19,5328,0,0,7,609,185,25,53,0,0,0,0,0,0,16,0,4,21,339,0,0,0,56,219,76470,301,23,414,41,0,27,0,223,469,0,19,124,87,226,922,5362,0,9160,834,27,0,1199,175,24868,111,58,0,0,0,0,62,14014,2,0,153,134,96,0,0,5683,0,52,250,0,49,284,17,10,61,38,5,196789,46,0,156,0,0,35,0,0,0,304,0,0,151,0,0,1857,22,227,1258,21137,0,76
42,395,34,0,0,0,101,0,1041,1464,95,0,257,0,0,277,0,97,19,62,0,0,0,0,0,8,0,0,35,0,11666,0,0,1,31,28,12246,86,597,7,0,0,3301,112,1066,1447,0,0,42,70,652,61,28,0,20,8779,108,0,1179,47,48523,225,0,130,0,0,0,22,1529,61,0,206,0,0,19,153,2853,0,1334,0,0,0,0,780,0,56,193,0,74728,353,33,258,0,10,492,0,0,331,212,0,115,116,0,0,2881,0,0,415,810,0,508
43,1914,0,0,738,3163,945,0,3008,17823,0,36,535,0,0,387,0,128,57,351,1297,0,0,545,0,0,1058,0,106,83,0,2371,11,0,134,259,3114,709,868,106,0,0,7148,225,4609,650,245,112,114,2173,4151,117,437,0,118,8911,0,201,466,354,145481,2725,250,0,0,0,0,144,1652,685,0,1418,698,437,45,0,521,0,214,821,0,2510,1579,647,0,0,496,744,7532,0,0,8369,0,66,25722,0,0,0,515,0,1067,0,0,0,3374,357,0,6,204,717,5879
44,31,2,193,69,934,32,0,534,0,75,8,375,0,0,304,0,96,22,44,0,0,16,0,0,15,622,0,71,1,0,0,0,7,0,27,22453,107,558,3,59,0,2861,0,771,1460,121,3,29,338,1193,33,72,9,35,2031,60,0,738,327,61149,434,43,241,0,0,0,39,3505,135,165,163,79,0,41,239,3823,8,487,0,0,197,7,524,0,28,24,166,62101,56,0,322,0,2,2193,7,0,0,221,0,0,72,0,0,612,178,0,0,309,5,68
45,7014,0,0,0,0,1174,0,1294,0,157,14,5318,81,0,579,984,4928,490,9635,19847,0,0,0,550,3258,3321,47,759,33,0,12950,2481,1221,752,347,405,126,17459,622,0,0,13009,9,399,645,408,430,8,917,421,0,6973,42,0,399,6634,76,0,1051,3416,496,1093,1329,0,967,837,173,195,20,472,49687,510,0,0,477,1003,17,61,0,0,133,0,234,0,4890,88,73,547,0,0,1339,91,245,969,0,0,24,12493,0,3558,0,0,0,738,5550,0,0,17,141,7051
46,94,35,7,336,963,1106,0,13200,48,188,0,6528,0,0,15,0,158,0,46,105,3,0,0,0,0,0,0,14,55,2498,3,0,0,0,572,80323,200,90,747,0,131,228,0,2971,385,45,12,0,0,0,0,5656,6,10988,645,0,0,1117,159,28238,641,545,339,0,0,0,86,20973,19,10,98,0,32,460,0,4051,0,48,0,0,26,228,34,0,155,4,34,156312,162,0,73,0,0,26,0,0,0,181,0,228,1774,0,0,480,89,1195,969,10904,0,200
47,0,0,0,3606,393,0,0,9414,386,658,0,15448,0,0,17,2400,0,778,261,0,0,0,0,0,0,232,0,0,51,0,0,0,106,108,300,21423,1643,147,2426,4126,560,0,0,3352,321,120,0,197,1415,0,0,6286,0,7504,4556,795,0,2122,273,13381,1810,1164,0,0,0,0,230,14483,0,765,573,0,0,3246,426,3759,351,0,0,0,0,0,31,0,587,0,37,30865,0,151,581,0,0,188,1495,51,0,1060,0,2217,0,0,0,6745,198,0,8632,12109,10520,32317
48,0,0,0,353,442,1604,0,7847,0,641,77,8347,0,0,23,566,1547,238,1492,8043,258,0,4,0,2547,579,271,0,320,0,549,0,2994,809,699,5227,484,64,3033,867,0,411,0,13251,0,30,464,836,1488,1521,0,6734,0,1412,3327,266,0,274,1357,0,4420,2070,705,0,99,0,755,10964,71,140,1007,83,409,434,4743,286,12,0,0,0,465,1435,90,47,317,83,118,3928,0,0,1178,1366,0,821,1018,21,0,1833,0,785,244,0,813,17998,245,0,0,2381,217,24180
49,188,5,540,540,0,331,0,566,0,0,14,168,0,0,159,0,323,14,38,151,0,0,0,0,3,0,83,0,7,2819,0,0,2,7,10,8856,139,841,12,139,0,4042,264,226,1812,99,16,39,157,217,0,55,0,150,1649,66,122,2580,271,70415,223,164,320,0,0,0,55,6336,78,28,167,301,0,9,606,4040,42,348,0,0,0,251,278,0,19,181,401,73186,90,23,1993,0,0,5699,0,0,219,130,0,111,80,0,0,1914,84,518,0,423,0,178
50,43,14,106,520,959,0,0,4551,925,387,53,10501,0,0,143,0,1749,278,328,5934,201,0,0,33,202,409,0,21,453,0,566,241,3134,329,1207,478,1311,145,411,0,0,1069,0,14298,30,56,592,1675,640,3360,722,6068,20,0,4798,409,124,898,2063,5279,7280,81,1254,0,360,0,13,0,40,188,1321,262,0,3903,6382,196,0,0,0,0,202,0,0,0,582,49,109,4402,0,0,1791,0,0,481,0,73,253,1949,0,1246,0,0,0,7330,322,0,0,1040,2718,29392
51,0,0,0,1262,0,1100,0,11967,164,13,15,2147,0,0,11,0,361,184,42,0,0,32,0,0,0,0,0,24,78,338,6,0,0,15,196,75593,324,25,582,77,0,373,74,1782,535,93,9,0,106,35,0,2248,0,11039,314,5,17,953,161,12982,287,196,0,0,0,0,32,9892,14,68,197,107,0,455,242,4977,12,48,0,0,148,0,61,0,134,55,14,180666,124,0,0,304,1,16,217,14,132,261,0,174,471,0,0,0,36,0,599,7269,156,287
52,0,0,0,172,2752,57,0,834,0,0,0,295,0,0,576,0,382,15,82,234,0,0,0,0,23,260,34,149,2,2353,222,0,0,38,17,20212,82,510,9,0,0,7853,0,421,1102,0,0,37,0,336,18,54,0,159,997,31,0,1016,407,42151,0,22,0,0,0,38,29,2491,0,117,199,212,24,19,0,3657,12,1556,0,74,0,0,761,13,26,313,0,74191,84,0,4533,0,3,1831,12,0,0,368,0,0,7,0,0,1943,158,372,0,808,16,297
53,0,23,369,0,144,0,0,722,0,577,15,534,0,0,413,608,633,81,1073,7451,39,139,0,0,372,5117,53,51,43,1448,8321,87,211,58,152,1005,67,2282,0,0,0,13398,793,671,47,0,703,286,217,5492,44,208,0,13,8017,83,0,184,1243,936,7240,266,0,0,3085,0,18,1411,80,375,898,75,53,7,4455,51,0,421,135,17,1850,1090,493,0,78,0,1236,992,0,0,2979,0,10,22804,17,0,460,759,0,420,40,0,72,4126,433,603,0,14,216,20761
54,0,42,0,0,1238,1149,0,1609,80,191,50,3865,0,0,387,317,2532,0,21412,85639,1731,0,0,0,3738,4830,33,0,4,0,20283,2081,2441,1862,493,408,82,6839,865,142,0,6234,14,345,501,0,2125,23,836,633,1348,5221,0,0,602,5566,224,1353,976,2715,680,915,1439,0,993,0,124,0,73,123,25040,0,0,0,925,0,40,0,128,556,67,1102,528,487,1878,193,0,778,0,0,3933,0,0,820,20,1193,0,6395,0,1476,0,0,0,766,7034,1032,590,62,288,1070
55,3974,9,1457,0,0,520,0,1723,372,295,0,3667,0,0,252,447,793,191,12691,38230,793,0,0,0,1383,3561,0,0,21,0,8673,0,1943,920,229,322,101,4191,1331,117,0,5725,128,292,1197,793,1545,36,660,144,790,7558,0,22,443,1873,22,0,1344,3926,122,372,713,0,561,0,200,35,66,137,38839,106,36,100,726,81,0,124,0,70,0,567,224,305,588,65,55,476,93,0,996,0,296,837,0,0,1170,7649,0,10493,0,0,1461,163,1212,0,0,64,1457,7584
56,0,0,8,201,1461,1524,0,8838,145,0,27,5999,0,0,33,0,36,100,17,0,13,0,0,0,41,0,0,22,116,1205,0,0,23,8,167,60513,442,67,666,0,0,206,0,1865,426,32,2,204,168,102,0,3117,0,1930,1033,0,6,576,451,15382,30,87,447,0,0,109,75,10835,3,0,99,308,0,6495,800,6250,0,43,0,81,0,0,117,21,17,48,18,208157,209,0,21,0,10,85,0,0,286,392,0,358,1177,0,0,2412,219,0,662,23646,0,702
57,0,0,0,162,211,1998,0,4945,0,0,0,8632,0,0,15,0,110,0,57,0,0,0,0,0,0,70,0,29,9,2431,5,11,0,0,580,75513,167,40,0,46,0,112,0,3525,573,0,24,0,588,6,503,2084,19,7664,698,19,0,1109,194,24719,432,113,84,0,0,0,129,23721,8,0,173,0,166,4910,0,5423,6,46,0,0,0,105,43,0,26,29,0,185556,169,0,306,0,1,32,0,0,262,198,0,279,150,0,0,168,62,190,0,13642,540,32
58,0,0,0,0,4488,222,0,182,5341,678,147,277,0,0,604,0,350,41,2031,7491,153,0,0,0,294,3090,0,61,54,0,12261,68,425,222,36,1009,343,1000,51,102,26,6199,0,2162,107,0,1088,210,1845,1710,95,240,0,47,3286,99,0,0,917,10973,6821,207,2332,77,8285,0,173,0,188,209,1310,0,150,10,9951,182,0,0,0,0,0,67,107,76,94,319,231,2387,0,0,7886,0,0,17114,24,11,0,1050,160,364,0,0,56,5051,92,720,236,116,25,10008
59,2689,0,0,33,147,698,0,1988,0,35,20,4705,0,0,183,0,120,0,446,238,0,0,0,0,0,989,0,365,5,0,565,0,34,77,91,24733,75,1557,155,0,0,2707,0,52,4798,0,0,25,0,0,75,1230,0,79,201,753,74,1616,63,7135,39,55,0,0,0,0,70,1243,20,71,5362,0,0,1087,0,7687,2,753,0,0,0,703,272,0,543,63,30,18474,155,0,23,0,0,110,0,0,648,1727,0,369,13,0,0,409,0,0,0,7,140,19
60,0,0,0,0,0,4557,0,2839,326,237,0,9733,0,0,814,0,1984,0,19113,0,0,0,0,0,0,0,59,852,0,0,11395,2832,241,30,143,3501,334,14294,740,78,0,3075,0,354,3766,0,326,256,0,203,0,8762,0,192,160,6009,0,0,287,0,382,915,327,0,1778,0,72,1760,218,210,47307,231,0,545,0,756,0,0,0,2242,484,0,0,0,673,165,349,2274,0,0,276,0,254,1139,0,0,0,8353,0,17004,0,0,0,238,22770,0,0,793,2617,1666
61,0,30,4312,0,629,1144,0,1188,76,0,0,2544,0,0,235,0,623,226,208,0,0,0,0,0,0,0,3,746,22,124,564,0,9,12,90,17873,36,2036,214,25,162,902,13,52,1875,79,23,0,112,72,144,639,0,570,242,1443,0,1698,27,6732,12,59,0,0,0,0,30,1347,21,116,7663,51,0,13,61,7139,8,1352,7,0,0,1360,526,0,1448,130,22,17077,392,0,544,0,28,108,0,0,95,3595,0,2464,370,0,0,96,13610,0,100,643,10,96
62,0,0,0,0,6098,126,0,691,7752,258,43,212,19,0,140,1175,952,43,199,2233,17,0,0,0,106,4041,59,0,0,0,4021,52,135,208,0,284,98,1877,32,296,0,8755,0,428,48,569,1134,237,0,2008,44,167,0,0,11150,302,517,104,1297,0,5918,77,0,0,5381,0,22,0,0,885,731,303,428,0,3664,517,196,0,0,0,862,774,0,0,81,9,0,4189,0,0,6802,0,9,9586,0,42,951,887,0,328,142,0,0,5654,457,302,0,237,15,24755
63,0,38,0,0,0,10129,0,21986,875,0,69,10432,0,0,13,435,1886,305,285,0,0,0,0,0,0,1242,0,105,0,3234,0,0,252,18,964,6382,1994,195,0,1582,0,1601,0,1885,1117,304,79,915,105,528,0,6504,0,39839,6657,283,92,1645,56,17391,1863,3339,1502,0,147,0,454,29615,152,61,1343,99,716,0,2639,227,0,73,0,1229,0,0,41,32,152,55,173,11367,0,0,0,0,0,312,0,0,4867,5211,0,4667,0,0,0,4213,282,0,6293,5085,2671,16853
64,0,0,0,629,0,0,0,2123,14240,0,80,1767,0,0,1283,0,1131,0,608,762,0,0,0,0,0,0,0,217,0,0,0,0,19,95,462,3458,250,59,0,0,0,0,0,1445,1567,0,0,503,3014,0,0,0,0,0,17760,50,522,1766,1252,0,3957,544,0,0,1244,0,141,0,458,2133,2313,0,0,10,3356,2466,0,0,0,651,0,5011,0,85,292,571,0,5273,0,0,2702,0,0,27124,0,0,0,1709,0,767,0,0,0,10476,0,0,639,1205,7,9495
65,0,0,0,995,0,1613,0,32960,881,665,0,43400,0,0,88,0,3298,571,394,0,0,0,0,0,0,0,197,72,266,0,49,0,1018,80,1410,7064,2092,43,0,0,0,855,0,8793,310,0,287,0,0,487,0,7242,0,9686,5050,0,0,1865,2589,21529,420,1509,4066,0,0,0,655,11071,220,0,1010,0,0,0,0,799,0,237,0,0,1141,0,190,0,437,0,54,25077,0,0,301,0,16,768,0,203,0,2432,0,529,0,0,0,24298,2305,0,0,5212,909,21826
66,0,8,1815,104,1495,1763,0,1589,26,0,0,6549,0,0,48,0,154,223,903,0,183,0,0,0,122,0,0,1113,14,1429,412,0,141,96,15,14539,29,2441,447,0,0,1150,8,26,13161,0,29,4,0,20,141,1169,0,219,84,2176,0,3368,128,7975,43,251,0,0,0,0,22,1467,2,286,6459,99,0,0,0,7221,5,549,0,0,0,0,146,0,722,26,43,19090,82,7,56,0,0,45,0,1327,68,1295,0,25,40,0,245,430,2122,0,0,122,0,0
67,0,0,0,0,2290,0,0,1754,14077,0,0,1358,0,0,895,2816,1211,661,1450,1012,0,0,0,0,0,0,0,0,0,0,2730,0,106,134,534,1679,497,521,77,0,0,20453,0,4356,1872,0,183,497,0,0,0,532,0,639,9599,0,0,0,3889,0,2839,445,0,0,3105,0,197,3877,541,1383,2652,0,0,153,0,265,0,0,0,0,15500,0,1107,0,67,0,0,6664,0,0,5648,0,0,28910,0,0,0,602,0,0,0,0,0,18053,996,0,0,0,291,4544
68,0,0,0,0,318,1291,0,27788,940,0,0,31806,0,0,194,19909,1349,548,124,0,0,0,0,0,0,1938,63,0,0,2023,255,0,1039,467,3788,11135,1191,140,3022,1740,0,1630,0,19643,242,0,104,842,329,0,0,0,0,25384,13399,287,227,0,1355,11384,4260,3426,1300,0,148,0,33,0,18,0,136,572,0,928,97,1766,0,87,0,0,0,1616,267,0,426,0,0,8352,118,127,773,0,15,1036,706,0,0,1524,0,1404,0,0,0,6583,308,1132,2017,17710,4795,12242
69,0,52,0,580,6019,0,0,842,9282,289,0,788,0,0,962,513,648,263,1471,7131,100,126,0,0,207,4069,233,0,39,0,7039,45,343,629,29,611,313,991,0,278,0,10868,1553,1520,0,177,29,523,657,4248,150,131,0,145,2589,325,976,708,2176,10313,8636,159,0,0,4817,0,34,0,26,729,1634,127,0,9,14174,778,643,687,0,381,0,1550,210,27,19,132,2077,1363,0,0,15331,0,0,6009,33,0,398,469,0,433,0,0,0,9442,482,659,143,57,132,8759
70,0,0,0,0,988,0,0,1359,24,0,0,5948,0,0,121,0,2747,0,18354,19447,157,272,0,0,587,468,0,377,14,0,9970,625,1886,1376,771,473,16,2352,307,60,0,2445,17,170,0,0,1636,7,0,0,1114,3376,126,366,118,0,0,2193,263,0,415,989,0,2492,1115,0,116,0,0,0,21646,52,0,1401,638,967,0,0,0,232,357,1383,403,1037,338,81,174,511,389,61,804,0,0,1028,59,0,0,9532,0,2120,93,0,0,381,11737,0,520,38,490,7441
71,0,0,0,0,0,0,0,835,6631,266,99,959,0,0,1170,0,990,50,535,17430,70,0,0,0,227,4839,0,59,255,0,9164,58,210,276,155,701,195,2488,128,0,0,8147,0,2990,314,0,928,210,448,4396,235,420,0,115,11448,199,0,624,1467,0,12021,347,1210,0,3799,0,88,495,558,69,1681,987,115,52,1677,333,0,94,0,0,0,0,372,0,60,252,1418,2164,0,0,15891,0,43,24416,49,0,0,1204,0,13,0,0,230,1465,152,2609,116,0,227,7937
72,0,131,0,3557,1989,3602,0,4002,1275,284,0,16275,389,0,57,869,563,897,246,9756,489,26,0,0,745,145,0,0,357,0,616,0,2945,707,501,2636,1063,133,118,0,0,282,0,9391,46,0,0,601,0,973,0,22925,0,3083,1701,225,0,75,1483,18522,4087,1034,0,0,228,0,883,10329,37,143,861,641,0,0,2560,477,142,0,0,837,0,1533,0,142,72,0,121,9359,0,0,1340,0,16,940,965,0,179,1163,0,1845,0,0,1224,7754,0,3172,2832,9499,703,26109
73,0,0,0,0,2439,0,0,3655,660,97,0,5780,646,0,186,0,2101,0,4255,3996,0,0,0,0,0,1497,0,0,24,0,6975,0,691,131,0,1958,117,9573,0,0,0,7877,68,729,3031,1652,603,85,0,0,0,5834,0,0,791,0,0,3484,287,6175,279,805,0,0,50,0,469,678,0,0,41427,0,38,150,526,1047,4,0,0,0,0,0,190,0,2900,69,163,1771,0,0,825,0,241,244,90,0,402,23299,34,8831,0,0,0,1675,6662,0,1282,133,2721,6078
74,0,20,0,120,0,2065,0,2783,49,13,0,792,0,0,12,0,603,13,212,0,0,0,0,0,0,0,0,352,1,1864,26,127,0,48,184,24363,57,873,116,106,79,861,2,55,12400,0,10,0,0,0,0,0,0,22,0,1249,12,3756,137,8787,36,36,0,0,51,0,76,1669,1,0,2851,58,26,1291,98,6757,0,278,24,0,10,0,390,0,304,55,44,14589,64,0,185,0,0,10,0,0,0,1654,0,1047,27,0,0,107,1995,0,108,1149,57,0
75,1872,29,0,518,0,275,0,1193,10070,1231,103,917,0,0,355,767,766,0,520,1519,0,0,0,0,234,0,0,323,98,0,1708,0,86,220,170,1927,494,833,370,1119,0,20406,1015,2861,933,0,203,0,0,4891,113,177,76,375,4417,0,0,1856,2949,60621,1554,214,7117,0,707,611,301,5884,224,0,1224,649,0,16,0,1270,0,0,164,1549,0,0,665,7,165,0,1503,4969,0,0,5688,0,0,14308,0,0,958,1807,0,0,0,0,0,4101,1948,1658,0,657,284,6750
76,0,0,0,0,0,7772,0,20667,1318,294,0,31272,0,0,121,0,800,0,601,647,0,0,0,0,0,0,0,88,183,0,117,0,3336,1378,856,11020,795,176,4193,0,0,444,219,1246,657,0,715,4172,460,0,2814,12470,0,0,2883,239,0,3269,2013,13283,3781,1063,0,0,523,0,789,17938,88,0,324,0,0,0,537,3358,117,0,0,3083,666,7733,0,0,785,0,22,15000,0,0,368,0,56,618,0,0,0,3386,0,0,0,0,0,9582,407,1074,0,1311,8192,17064
77,356,99,0,1503,9124,911,0,1318,10795,270,64,2148,169,0,195,4095,1222,0,1337,3803,0,0,0,0,0,8867,0,71,138,0,2497,0,155,68,54,1939,394,0,122,294,0,8456,654,508,527,0,466,0,0,4762,118,0,0,250,0,481,317,2310,584,0,6878,0,0,0,0,0,111,3352,0,915,1312,0,0,77,2534,615,144,0,0,649,0,427,442,0,176,0,928,3785,0,0,6901,825,9,8121,0,278,0,528,0,310,69,0,0,2726,413,0,920,359,191,15692
78,0,0,0,274,347,0,0,668,0,264,0,267,0,0,648,556,1295,0,420,4785,58,0,0,0,324,9315,0,324,66,0,1154,58,165,225,119,474,177,554,18,0,0,6619,0,2326,557,0,629,773,231,1231,54,209,0,107,17679,116,169,422,1827,19963,3221,64,0,0,0,0,185,3145,965,0,1662,282,0,62,5069,0,0,0,0,0,339,1788,0,0,61,0,0,1135,0,0,14129,0,0,36096,41,0,0,601,0,313,0,0,0,598,449,0,282,13,108,21666
79,292,0,0,13,0,242,0,3260,7908,734,0,850,0,0,415,0,1198,0,1496,0,7,432,0,0,0,0,0,0,167,0,4262,117,65,77,17,1337,639,1306,165,0,0,1634,0,840,239,0,0,0,870,0,0,254,0,286,7818,123,1047,927,641,0,19689,98,0,0,12236,0,73,1302,477,1130,1016,0,127,41,4516,1215,122,0,305,0,0,0,0,0,46,576,0,7195,0,0,4522,0,39,10880,0,0,0,1290,0,0,0,0,0,917,877,0,0,306,279,12493
80,1533,0,0,0,0,0,0,1183,10237,209,0,563,42,0,303,1529,1109,172,648,5157,0,58,0,0,127,2789,61,17,130,0,4353,23,159,172,0,143,89,1256,118,0,0,8028,89,1577,150,0,0,469,55,2904,219,204,0,116,7548,49,210,210,718,0,5359,395,382,0,11368,0,177,0,0,0,1116,0,0,0,5308,147,378,159,181,0,0,0,520,0,184,0,3090,1999,31,0,5823,0,1,9381,0,0,1008,638,51,486,0,0,0,1002,938,670,2351,422,0,15389
81,470,72,0,5,1981,2136,0,1766,49,7,33,2378,0,0,43,176,684,0,266,0,0,23,0,0,0,0,3,500,3,413,208,0,20,9,103,19928,63,1162,111,45,197,1144,0,57,22254,405,0,20,29,170,0,488,0,167,38,1117,0,3534,81,10067,4,0,301,0,0,0,0,1350,3,0,4365,18,6,1122,35,14358,0,239,0,0,0,0,367,0,397,109,6,14298,138,5,100,0,30,35,31,0,27,757,0,391,90,0,0,358,3177,288,0,458,0,0
82,0,0,396,832,0,620,0,1745,353,0,2,238,8,0,333,0,51,0,128,100,29,0,0,0,0,0,0,280,27,1290,32,0,2,13,14,21314,84,194,2,0,2,1520,123,57,2264,86,0,34,173,1200,0,33,0,210,629,18,63,524,423,57810,0,9,0,0,0,0,25,4840,0,198,189,129,0,4,0,8758,13,608,0,0,99,70,680,0,5,218,209,51315,49,0,168,0,0,951,3,0,0,77,0,59,112,0,0,444,119,556,0,646,0,171
83,1340,0,0,0,434,918,0,4279,459,52,211,11553,0,0,608,857,4186,1482,3743,0,2281,26,0,0,0,5700,33,558,0,0,3809,3684,339,1175,502,935,175,12292,1736,132,149,3462,34,278,4843,0,807,96,0,207,0,13756,19,0,316,7231,0,509,482,1802,304,1640,0,0,0,0,38,942,57,0,22104,278,0,374,632,312,13,0,0,1072,0,3817,311,0,1475,182,0,1246,0,0,918,0,0,427,135,0,1511,13109,24,8638,154,0,0,1782,863,759,0,730,3823,6137
84,0,0,0,0,451,1989,0,1860,579,0,0,6675,0,0,286,0,2830,0,2150,0,0,0,0,0,0,5965,0,1135,117,0,4202,1646,339,432,785,999,355,5106,595,0,0,3655,28,385,4134,0,249,48,0,286,0,516,178,0,1094,3868,0,0,1426,0,0,4107,0,2261,0,0,83,0,18,0,45024,65,0,0,1190,1832,0,408,0,0,0,0,177,680,11042,596,38,2730,0,0,0,0,0,516,50,0,0,16861,0,17746,0,0,0,33,12286,0,804,442,3023,6596
85,0,27,0,115,1042,1695,0,1504,6,0,25,1476,0,0,69,0,893,64,124,0,0,0,0,0,368,0,0,182,5,676,147,0,0,32,109,19147,70,592,60,12,0,573,0,57,23174,51,12,24,20,153,84,164,0,208,226,618,0,3003,8,8086,75,0,0,0,0,0,54,971,10,45,4196,22,55,522,13,15054,0,125,0,0,0,239,350,0,739,135,20,14801,50,0,237,0,13,7,6,0,272,205,0,0,209,0,0,313,2332,170,0,732,0,48
86,0,0,0,0,0,2809,0,4064,1188,129,0,19724,0,0,42,746,1101,0,393,2875,0,0,0,0,0,2108,0,0,13,7618,168,35,645,260,2298,16295,2233,108,0,132,38,419,0,9477,120,7,548,1252,560,0,0,9106,133,13081,1752,236,0,303,1538,0,415,1492,3687,0,60,598,141,7125,116,0,452,285,0,1534,1638,1119,29,0,0,3404,0,3661,89,0,395,59,545,31934,0,0,513,0,0,379,0,20,1305,1937,75,2285,0,0,0,8695,240,1448,0,9914,3673,33020
87,0,0,29,0,1197,2986,21,8617,36,146,7,3703,0,20,3,0,209,0,10,0,0,91,0,0,87,0,68,79,24,1029,7,0,0,19,247,59980,139,21,301,0,0,202,0,0,1647,0,5,0,0,41,863,1059,0,149,609,86,0,1223,61,10751,0,0,113,0,0,0,0,29484,0,0,111,0,0,491,0,10729,0,26,0,0,0,291,129,13,98,70,24,161972,270,0,171,0,0,40,0,0,152,165,0,0,0,0,0,2290,78,595,0,29185,55,722
88,0,0,0,0,0,0,0,1981,13000,106,118,251,0,0,1446,2412,216,161,2539,0,0,0,74,0,0,2467,0,0,0,0,0,0,80,87,444,3388,244,2251,31,771,4,19935,0,5228,1683,0,264,0,1260,1022,0,97,0,18,2848,397,287,2825,1622,35962,3748,369,0,0,4190,0,407,12634,618,1271,880,0,0,15,2393,1108,109,380,101,0,0,1560,923,0,49,0,1330,7252,70,0,6727,352,32,8496,0,0,0,326,0,0,0,0,0,2366,627,2259,0,278,175,11151
89,0,0,0,298,1504,0,0,6428,1025,0,0,50985,245,0,94,573,910,0,1054,1126,0,358,0,0,0,0,0,0,0,0,0,0,732,0,3118,8726,1746,77,0,0,0,499,0,35648,245,0,222,433,1740,0,0,7036,64,20723,5928,70,51,1456,1531,0,1338,0,0,0,573,0,884,7362,39,0,2134,858,455,0,2563,2573,0,47,2018,8122,921,0,0,0,479,0,0,38767,0,0,411,0,100,446,475,0,0,904,0,6888,1189,0,0,27764,73,3725,0,0,313,12826
90,0,1,0,0,1604,65,0,612,1737,118,0,192,0,0,482,0,259,63,17,0,0,0,0,0,0,1396,0,144,0,5118,458,0,0,14,36,15009,120,642,0,148,0,0,125,578,2313,108,0,15,0,170,44,3,0,222,3243,16,0,2429,459,78514,53,36,0,0,0,0,6,7628,59,0,353,0,241,100,124,4690,0,84,0,0,0,0,140,0,16,293,0,61438,64,0,1309,0,0,124,17,211,0,166,0,36,42,0,0,1660,65,71,0,1013,7,206
91,2726,10,0,0,55,0,0,695,6796,242,73,647,0,0,913,332,1866,0,710,29749,48,0,0,0,35,2778,0,78,76,0,10824,0,170,288,52,755,119,1522,13,734,0,20216,725,1796,162,149,1164,485,174,4135,116,286,0,196,6100,631,0,1306,2224,0,3193,0,2701,0,7506,0,307,3113,370,0,1162,0,0,0,7206,25,0,179,0,0,0,790,551,17,94,186,628,3819,25,6,14918,0,0,27797,0,0,0,187,0,0,0,0,0,6534,524,0,603,103,128,9378
92,0,0,0,164,490,0,0,1434,220,152,0,5528,0,0,0,5293,1654,2546,8659,0,0,0,0,0,0,0,0,573,16,0,2367,0,305,2454,1825,1636,78,12197,0,0,0,13263,0,115,24102,0,825,0,0,0,783,0,46,0,1808,4749,99,3207,1017,2998,955,5820,0,0,0,0,148,1558,273,1843,47351,159,0,0,62,2523,0,229,0,0,0,0,1627,0,6379,618,92,3353,0,0,937,0,1481,455,0,0,0,20081,0,4098,0,0,0,822,4060,0,1071,383,2272,3553
93,0,0,1951,0,1168,2592,32,2098,69,0,0,2171,0,0,0,0,210,0,410,0,0,0,0,0,28,0,0,255,15,1729,6,0,0,119,140,19164,50,773,39,24,0,626,4,50,18177,0,69,13,0,0,0,408,0,173,57,683,39,1750,194,4547,18,0,0,0,8,0,16,1346,0,0,5004,0,5,381,39,12897,11,707,2,35,0,0,597,0,674,136,36,15533,95,0,0,0,0,43,0,0,125,1393,0,207,18,0,0,187,0,656,102,1140,0,48
94,0,171,9,141,17,4098,0,10392,231,0,2,6868,0,0,5,0,166,0,40,454,32,0,0,0,0,0,0,37,15,144,2,0,0,42,265,68875,499,5,0,6,0,123,0,1612,1209,0,8,29,0,42,363,850,0,540,672,54,0,1299,47,35004,96,0,0,0,0,0,51,15206,2,0,50,0,108,1877,115,12898,0,27,411,0,90,229,131,0,51,30,23,145261,217,0,0,0,0,30,0,0,125,428,0,78,94,0,0,1014,198,0,236,19409,131,175
95,0,33,0,0,2148,6287,0,2093,424,322,224,3855,184,0,500,742,3057,0,1331,24942,1024,0,0,0,3186,4052,4,669,26,0,8770,3123,1778,692,560,778,132,447,0,32,225,3891,64,261,1135,281,855,53,0,0,567,1802,0,0,357,0,42,782,652,1029,666,510,1629,0,1204,0,128,0,144,503,21715,73,0,197,999,466,84,0,0,147,76,351,125,0,5390,55,54,211,165,0,2147,0,297,1092,99,0,414,12892,0,9267,0,0,0,421,11707,129,631,5,0,5977
96,141,101,0,0,0,0,0,7056,825,450,57,15243,125,0,52,4543,1146,0,259,16496,169,0,0,0,684,935,217,6,108,0,388,40,3577,863,199,3200,1446,98,917,0,0,796,256,17078,62,14,741,356,160,359,1483,12367,36,2705,5712,154,67,449,1699,0,1287,90,654,0,364,0,427,4073,0,56,520,66,0,0,5125,283,0,13,0,0,62,374,0,0,254,43,74,4394,0,0,1119,0,16,439,0,0,232,599,25,8261,0,0,0,11440,463,127,1747,11103,1297,36079
97,0,0,0,0,2317,467,0,2318,4188,425,18,511,0,0,1291,0,716,121,689,1975,140,0,0,0,0,0,24,33,93,0,439,0,45,143,70,4040,246,2332,35,0,0,2473,1609,1844,1594,0,231,493,0,380,0,272,0,469,3353,502,0,642,1558,0,1913,495,0,0,11252,0,85,7878,0,0,353,1899,0,7,1289,2639,64,554,0,0,0,2201,946,18,365,0,0,15026,0,10,0,0,74,1677,0,0,0,223,0,1156,206,0,0,8057,366,1068,305,154,245,12594
98,0,0,0,396,0,306,0,1586,0,55,3,369,0,0,538,0,202,0,44,0,0,0,0,0,0,691,0,165,3,1660,255,0,0,3,17,20104,46,306,20,0,2,1145,0,366,1596,0,4,115,316,196,9,36,0,35,1816,19,0,2670,0,59411,245,19,0,0,0,0,46,6917,0,225,109,136,0,118,305,4797,30,651,14,29,1383,64,457,13,6,124,226,56664,64,0,2405,0,0,547,0,0,28,214,0,19,0,0,0,56,344,0,20,1645,43,41
99,0,0,0,2460,576,0,0,6400,967,777,0,27371,0,0,14,0,1845,186,90,11905,153,0,0,0,867,54,0,8,387,0,1325,147,3754,1022,844,4511,1168,11,410,254,74,160,933,3242,33,24,719,2739,141,790,0,11617,0,13786,2527,224,0,0,1751,0,3260,344,1638,0,311,0,122,14358,36,0,813,312,0,674,6935,786,27,0,0,1697,43,1001,0,170,398,122,54,4796,0,0,150,0,37,653,0,0,533,2213,0,2053,179,0,0,5361,888,1383,3760,8063,1433,23234
100,0,7,156,677,3303,435,7,1165,0,0,0,424,0,0,18,0,104,0,27,0,11,0,0,0,0,0,0,232,5,1916,26,0,2,29,17,13875,48,179,8,25,0,0,0,271,2189,0,0,112,0,58,13,1,0,137,1412,30,0,1294,215,149644,0,33,0,0,0,0,37,6087,87,89,91,220,0,6,0,7041,0,417,0,0,0,41,602,0,0,140,0,53972,8,0,843,0,0,517,9,0,93,70,0,0,0,0,0,863,214,583,0,567,6,0
101,1936,4,0,0,4961,451,5,236,0,752,63,1280,9,0,508,0,1414,311,1167,16379,28,51,0,0,63,11571,0,0,86,0,11176,7,217,265,12,70,262,911,76,0,0,14769,142,1664,171,0,1190,88,1406,2889,232,185,0,48,5557,163,0,0,278,2858,5763,87,3069,0,6291,0,115,378,0,816,1191,0,0,0,3486,399,25,437,55,0,0,159,66,69,179,75,2023,1126,90,0,7251,0,1,32811,50,307,0,453,0,19,343,0,1081,0,668,543,186,0,107,12957
102,1159,0,515,0,402,2993,0,2669,43,0,37,1511,0,0,34,0,141,0,82,0,0,9,0,0,0,228,0,624,0,1011,0,280,0,101,80,12466,67,2941,112,51,0,1577,0,77,26308,0,0,0,144,0,0,347,9,31,266,956,0,4923,120,6568,10,25,0,0,9,0,9,1061,35,0,4815,0,0,425,36,17886,3,240,0,0,0,686,1000,0,926,32,35,19131,117,7,214,0,0,15,0,0,427,2176,0,0,129,0,0,125,2925,219,35,973,0,90
103,705,0,0,951,1248,9678,0,14738,1230,161,31,8201,0,0,40,0,302,0,509,4982,0,0,0,0,0,0,0,11,0,0,405,84,1507,285,445,6541,3005,3,0,1073,0,71,0,6810,777,103,143,2837,0,439,0,9766,0,0,178,88,0,3659,507,27727,2965,4288,0,0,92,0,942,2777,0,45,472,149,1368,0,2073,2637,82,0,0,2886,284,2551,34,0,85,198,86,32769,0,0,88,0,0,155,0,0,0,1161,0,2308,0,0,0,16479,342,0,3027,4354,2257,17009
104,0,0,0,0,3229,3577,0,10095,711,0,0,2870,0,0,0,0,962,0,1392,0,0,43,0,0,0,384,0,0,329,112,431,0,1241,513,1088,14749,1596,45,2122,727,0,1053,0,7337,481,0,43,480,732,0,4201,5134,72,3069,2392,493,0,1007,930,41269,4952,497,0,0,204,0,186,20907,0,663,642,43,88,0,8420,2602,0,0,0,1245,0,0,40,0,0,293,102,25417,0,0,1736,0,14,190,0,0,0,1765,0,4721,0,0,0,5388,120,0,2636,4682,924,22247
105,0,0,0,0,0,2186,0,7127,0,329,30,13416,119,0,17,4022,1634,245,236,11029,259,0,0,0,1178,0,0,22,31,0,216,0,3228,580,500,1145,886,286,2259,371,16,584,0,8932,100,32,478,122,50,850,1775,2393,75,9747,3804,186,29,1655,1098,1507,556,175,0,183,222,299,651,846,29,66,879,179,0,0,5243,590,108,0,0,0,115,300,66,0,116,45,0,4223,37,0,646,0,8,370,0,34,0,1806,21,932,0,0,170,2453,706,461,1204,714,596,44620
106,0,0,455,0,0,209,0,1413,6087,191,0,1375,0,0,1227,0,596,223,827,3607,90,0,0,0,0,143,100,0,25,4324,915,40,197,45,54,3233,304,624,0,0,0,5853,377,370,343,72,902,694,614,0,0,286,147,298,9758,341,0,3641,2109,18049,789,57,0,0,1407,0,13,743,205,2415,787,0,106,81,5674,2113,26,0,0,305,7008,77,615,0,103,0,2469,14579,0,0,4045,0,19,5186,242,0,0,122,0,559,0,0,1228,3369,981,245,780,704,581,12634
107,0,0,0,86,1439,6573,0,1651,0,157,0,1577,0,0,31,0,529,0,0,0,0,25,0,0,0,0,0,920,0,270,0,0,48,0,0,17721,67,1206,12,0,102,608,5,33,19927,0,0,11,0,31,0,236,0,98,92,0,0,3112,85,5828,112,76,0,0,0,0,19,1522,0,141,3792,0,310,1084,0,15661,1,423,0,0,0,0,788,0,316,143,10,14980,7,0,2,0,0,38,0,0,37,1643,0,0,42,0,0,0,0,0,0,350,58,0
108,336,8,0,0,0,0,0,1079,286,57,75,2000,0,0,717,0,3870,0,3673,21292,0,0,0,0,2780,7271,20,1186,29,0,6468,3203,3009,495,600,727,202,14388,329,0,0,13068,0,530,2166,0,1531,39,578,206,592,6969,22,315,562,6729,20,1244,549,2461,725,81,1451,0,86,1262,183,104,0,477,37181,0,51,0,412,240,5,58,0,0,0,6539,444,0,1586,0,71,1651,0,0,582,0,0,451,0,0,568,13141,0,6525,0,0,1848,388,21577,2062,0,233,2425,6493
109,0,0,0,0,366,0,0,400,755,38,0,154,0,0,597,1589,1215,78,740,11927,0,0,0,0,204,5424,409,63,22,0,7370,140,279,445,180,155,294,3520,100,93,0,6196,0,1758,151,454,431,541,317,1259,0,190,0,0,8625,50,1275,294,2943,5619,7246,250,936,0,8184,0,144,2045,0,925,1502,57,0,0,7351,159,0,404,0,0,0,0,105,19,308,301,255,893,30,0,13947,0,0,21534,0,0,0,1407,0,267,149,0,0,3047,1977,466,94,283,33,14156
110,0,0,832,78,0,47,0,1052,0,0,0,366,0,0,95,237,324,41,67,0,0,0,0,0,5,0,0,47,14,2776,0,0,2,33,8,16590,91,437,36,137,0,259,0,284,3172,0,16,0,244,0,14,25,0,98,2446,0,0,717,113,53580,535,5,0,0,0,0,0,9582,105,0,83,273,131,171,309,8043,0,98,25,0,0,0,673,28,8,284,0,60783,37,0,1249,0,0,2164,0,0,0,205,0,60,379,0,0,652,198,328,0,1049,0,67
111,1012,23,866,87,232,4256,0,1637,58,0,0,2428,0,0,65,0,453,0,114,93,75,0,0,0,0,0,0,133,3,1601,250,0,80,52,113,19297,47,697,62,0,0,229,0,48,19897,341,0,1,0,41,392,1677,0,288,21,1120,0,462,66,6413,121,62,361,0,12,0,26,1955,0,13,1985,7,44,634,13,14900,4,412,0,0,0,0,423,0,29,28,26,15330,27,0,319,0,5,44,16,0,0,1611,0,0,0,0,0,341,1720,0,0,660,0,14
112,396,0,0,739,2609,0,0,5513,764,656,54,21097,36,0,22,305,727,133,1162,11668,305,79,0,0,370,243,0,0,81,0,1120,11,2021,824,398,634,500,91,361,473,0,645,208,7614,60,0,1062,249,1091,84,0,11368,196,3569,2992,227,0,95,1157,0,5387,539,502,0,461,0,492,0,0,257,928,0,0,1176,8483,0,103,99,0,0,38,691,44,66,200,32,37,4929,71,3,1275,106,20,167,273,0,196,1828,0,229,192,0,0,6312,347,1540,721,4209,883,21939
113,2037,0,0,0,13,1922,0,6616,1290,332,31,10855,0,0,113,3740,1784,937,409,6212,68,0,0,0,1106,750,0,2,299,0,1282,157,2195,912,1593,936,735,195,2936,0,0,430,209,8089,37,35,594,1101,748,1028,4321,11173,0,2787,3824,306,0,592,1334,1958,3176,3276,1604,0,218,0,215,1367,55,281,905,727,0,0,5590,302,238,37,0,0,126,0,26,9,224,58,46,4934,112,9,371,0,0,494,192,0,551,1995,0,2884,213,0,0,4198,290,0,0,8696,1150,17060
114,579,0,0,738,0,0,0,8624,925,0,0,12675,534,0,82,5423,941,0,299,8431,53,348,0,0,1341,69,167,18,386,0,683,71,2311,769,1496,926,1445,213,3121,72,0,621,0,17106,52,0,671,1504,0,498,1548,14101,0,14495,7158,268,55,960,515,0,3974,2872,594,0,171,694,536,0,0,86,1300,0,0,330,5274,214,77,62,0,0,0,805,44,0,126,0,147,6454,63,0,211,0,12,860,0,0,841,1627,0,0,0,0,0,1832,611,681,2020,2839,3795,20329
115,695,15,0,161,2033,186,0,1078,621,228,48,441,10,769,101,45,264,0,28,0,0,0,0,0,2,0,0,171,19,1927,0,0,10,27,30,11457,87,403,21,280,2,1250,129,351,3721,48,13,12,0,309,17,29,0,248,130,8,0,2642,185,49299,221,34,217,0,0,17,0,5095,144,30,188,0,125,198,0,6029,45,788,15,0,0,72,466,0,42,173,221,66518,51,0,181,0,1,1531,0,0,0,50,0,0,0,0,0,582,138,49,0,1221,8,97
116,0,23,0,53,375,0,0,2059,114,48,142,6375,0,0,38,1168,4948,0,3862,22933,861,108,0,0,1331,0,92,0,36,0,15056,0,2313,1180,0,635,173,5780,0,185,0,4282,0,344,0,0,73,8,0,526,0,2517,0,103,657,15372,0,788,604,0,566,0,356,0,613,0,26,203,26,1413,57926,295,0,156,748,0,0,165,0,0,0,0,437,0,518,572,35,556,0,0,1079,0,0,470,0,0,0,4553,0,0,0,0,0,994,28571,0,0,246,0,10367
117,251,125,0,978,0,0,0,8543,1433,927,0,6591,0,0,86,1285,2390,0,2912,14097,0,0,0,0,384,742,86,25,306,0,1942,6,4208,475,1222,755,869,85,0,0,84,821,82,4806,0,91,951,238,203,283,0,7380,0,9785,2590,287,0,234,2644,0,3377,1946,869,0,158,0,772,0,0,293,482,587,132,993,3302,1154,104,15,3915,0,0,692,39,22,648,77,0,6555,43,22,742,0,40,715,0,0,170,1908,72,1249,309,0,0,6838,307,241,2853,4469,1323,6582
118,0,0,0,0,6673,170,0,831,5894,258,0,506,17,0,669,0,2158,0,526,8845,0,0,0,0,123,586,0,0,17,3367,8357,16,247,269,49,680,184,4249,28,0,14,454,0,1674,239,168,529,550,256,0,92,367,0,155,8524,21,0,674,1566,0,7177,199,1320,0,4216,152,20,216,437,474,1082,714,0,15,8198,628,38,288,0,0,487,268,732,0,0,883,397,854,0,34,1717,0,27,20054,0,0,535,589,0,304,0,0,0,963,0,0,0,92,247,15039
119,1437,0,0,83,349,2475,0,2378,42,0,0,1647,0,3981,15,0,124,0,379,0,21,0,0,0,64,160,0,1002,3,498,0,0,119,69,62,14786,54,1074,0,14,0,1607,0,34,17553,0,0,11,139,131,0,482,6,47,277,257,0,4904,16,14883,24,34,0,0,0,0,21,1338,0,60,5793,0,127,185,0,24547,3,300,0,118,0,585,63,0,809,62,29,16011,37,0,96,0,15,19,0,0,123,1111,0,1286,58,0,0,0,6796,266,233,302,0,0
120,6187,0,0,426,0,0,0,4219,451,150,237,9630,614,0,444,0,2117,227,2733,14528,379,161,0,0,0,3052,0,1598,35,0,15183,1996,1684,1687,843,2530,281,6212,97,0,0,8504,25,806,5616,0,373,17,750,280,381,1977,0,20,649,433,79,4674,963,3235,1444,1479,202,0,915,0,58,806,50,0,12391,25,0,251,489,1924,20,0,0,1554,0,0,508,0,3487,57,35,2540,0,8,3335,0,201,157,227,0,0,5696,0,0,199,0,0,3087,8676,919,0,108,5909,1624
121,0,0,0,0,541,3988,0,6323,1117,247,53,29518,0,0,12,0,1708,0,493,6727,0,156,0,0,958,234,0,67,175,0,943,180,3875,428,1024,1141,2363,287,874,166,0,916,0,18092,195,0,880,2277,467,844,1199,24287,0,2895,5681,104,0,0,1868,0,5889,3367,0,0,43,0,339,0,0,0,876,263,0,0,8853,0,0,43,13552,0,0,146,0,0,182,128,0,6943,0,0,753,0,17,538,0,0,0,2763,128,0,424,0,0,0,92,0,4832,2201,2051,15065
122,0,0,0,392,0,63,0,306,13720,230,100,719,24,0,788,1629,1416,31,2460,14872,0,0,0,11,349,4309,256,0,25,0,7780,3,234,232,78,501,223,967,55,0,3,5649,0,2915,73,67,1170,364,294,253,83,123,44,90,5379,36,0,128,1845,0,5870,90,628,0,6846,78,145,0,52,1858,892,469,0,0,1789,117,15,0,45,0,0,75,0,23,107,0,198,970,33,0,14188,0,11,18115,0,101,0,547,0,571,0,0,0,8474,917,0,321,218,73,14200
123,0,80,0,0,101,0,0,3783,544,79,0,5139,0,0,90,0,2265,0,12485,8344,198,0,0,0,3279,8858,0,276,0,0,21444,3727,1780,1815,0,800,183,3712,0,0,0,1659,0,189,4527,0,1139,79,0,0,447,26332,0,353,1380,4179,0,0,1275,2196,677,4717,3207,0,1370,0,248,616,109,1892,32171,637,0,0,259,1506,0,0,59,959,0,0,0,0,3124,0,116,2409,92,0,1451,0,622,95,0,0,0,9460,0,11692,419,0,0,2197,0,0,0,300,2111,3709
124,0,11,0,479,489,2601,0,10997,244,161,12,7620,0,0,6,1121,51,153,35,84,0,0,0,0,0,0,0,17,89,3957,0,0,18,25,435,24598,541,31,820,23,32,149,0,434,1745,15,16,311,0,0,845,1937,0,1387,604,65,8,855,63,54981,271,386,129,0,0,0,88,39579,5,28,149,165,41,153,0,22672,0,11,2205,0,0,0,155,0,14,31,23,174986,79,0,195,0,2,32,0,0,325,445,11,537,0,0,71,784,131,0,643,11275,33,130
125,0,81,0,1027,150,510,0,12422,13,23,0,7214,0,0,5,0,272,0,28,0,0,0,0,0,0,148,0,17,11,248,0,0,5,8,0,51853,132,58,93,0,0,363,0,1556,1254,0,0,0,55,0,82,2788,0,7765,968,36,0,2282,214,44524,183,422,0,0,0,0,170,41537,0,0,87,194,95,4884,0,19478,0,44,0,0,0,0,110,0,21,13,5,156937,52,0,0,0,0,11,0,0,19,305,0,0,676,0,0,918,64,0,0,4238,152,0
126,4522,11,0,261,0,1531,0,1986,398,428,90,4647,20,0,311,0,2871,1790,11639,2440,578,0,0,0,464,3283,14,0,20,0,8576,241,1399,989,340,364,80,5944,943,0,0,7257,0,543,1590,1506,66,54,764,440,457,6680,0,80,503,12724,0,565,681,2321,944,1660,1887,0,873,0,182,0,37,530,25780,0,0,309,584,367,27,342,30,0,55,958,151,747,1085,128,45,706,29,0,979,0,33,667,0,0,0,9978,0,3434,40,0,0,145,1097,381,478,69,713,6345
127,0,0,0,92,1733,875,0,1409,56,108,0,2093,0,0,176,448,255,22,53,289,0,0,0,0,0,60,0,1096,7,533,49,0,54,0,147,18046,58,955,0,13,0,683,0,17,16271,88,0,4,0,0,52,776,0,79,86,812,0,1374,26,11800,42,442,92,0,0,0,16,1256,4,0,5546,0,40,556,0,24295,3,18,11,0,11,407,249,0,861,64,0,15009,54,0,219,0,0,5,0,0,0,1991,0,749,84,0,0,212,6577,507,0,681,80,47
128,28,154,0,751,0,0,0,4835,923,926,91,11768,114,0,18,0,2005,0,535,16041,132,100,0,0,3877,107,585,80,886,0,1052,219,3083,893,176,1180,1768,48,2784,169,402,757,0,8175,35,153,552,690,0,0,858,10189,0,853,4499,69,0,187,1259,9113,5781,3876,2004,0,279,0,310,2533,2,0,837,219,0,0,6717,609,49,0,3326,0,0,782,62,73,89,13,0,5067,96,0,422,0,0,433,0,0,199,1066,0,1422,0,0,0,9668,724,676,3246,714,3725,25983
129,171,0,0,0,9017,115,0,1395,10385,429,0,1279,0,0,1140,0,1011,0,3211,746,62,0,0,0,68,3330,27,0,0,0,3912,0,299,237,69,1230,6,651,109,0,0,12479,0,1944,139,0,1320,0,0,2690,0,139,0,36,1578,160,0,461,2228,24825,10927,663,1126,0,7048,0,174,1048,0,732,953,1223,0,13,10271,625,302,934,393,496,0,1038,1205,67,289,349,0,2465,0,19,22701,0,0,13969,0,0,280,686,0,277,0,0,0,5643,249,0,0,0,29,3700
130,7692,6,0,0,73,0,0,450,8550,74,199,343,0,0,223,975,827,0,1003,21237,42,0,0,0,238,193,0,0,100,0,3187,19,366,72,130,183,288,2305,27,0,1,14743,1287,1381,277,104,620,36,809,2572,4,80,68,80,6371,204,0,0,1351,0,11725,297,604,0,3763,133,100,1190,33,1062,741,0,0,31,2748,107,29,186,0,222,0,434,163,0,243,305,2688,1215,131,11,4182,0,0,22232,20,0,0,455,0,1151,0,0,0,6467,0,38,417,70,228,16162
131,0,0,176,53,964,3266,0,1827,34,8,35,3824,30,0,0,0,831,0,123,0,0,98,0,0,0,0,0,325,8,610,0,374,76,0,52,9378,69,1312,398,0,94,2177,0,120,24872,107,46,0,0,64,0,367,0,182,36,0,0,4073,295,12055,22,113,326,0,26,0,26,1641,0,83,7910,0,0,661,18,25567,0,40,0,0,0,0,553,0,595,105,18,15199,0,16,142,0,0,31,22,809,419,734,0,624,45,0,0,108,3539,0,0,1352,26,49
132,0,0,0,0,0,0,0,4531,728,770,40,13736,136,0,32,0,899,0,2313,9262,132,0,0,0,76,471,85,9,6,0,411,134,3003,255,456,1411,440,101,136,881,0,1293,761,6509,174,116,566,233,0,0,4778,5746,0,0,2946,129,0,44,77,0,3658,669,932,0,78,0,329,0,11,149,307,0,0,0,2193,344,4,25,0,888,0,0,6,0,295,33,0,7567,0,0,793,0,29,162,0,0,0,852,127,272,0,0,0,9234,121,524,0,2810,1176,46903
133,138,2,1096,63,0,81,0,1514,7,0,0,647,0,0,332,0,411,9,90,340,0,57,0,0,0,294,2,190,25,5610,0,0,2,28,41,13252,111,461,4,0,0,1333,0,536,1364,0,5,8,62,113,5,34,0,409,2882,71,0,2886,146,62635,671,23,847,0,0,0,30,4787,0,70,237,71,26,85,0,9150,0,948,0,49,257,0,709,0,7,195,338,61919,125,0,169,0,7,1772,0,0,56,169,0,0,25,0,0,287,76,154,0,570,0,37
134,2906,0,0,0,0,198,0,1005,6967,129,40,425,0,0,1050,0,836,0,2862,534,83,0,0,0,897,4110,54,186,27,0,7462,123,521,386,74,1756,257,349,0,271,11,12045,0,352,53,718,2099,915,1557,0,67,25,0,230,15796,40,0,0,2699,5306,5923,209,1723,0,3141,0,119,1529,604,2497,1512,0,0,0,5736,1475,176,0,0,214,2518,134,748,0,0,309,310,2377,0,0,0,0,42,17154,0,0,0,996,0,0,0,0,0,9917,653,0,292,167,70,5362
135,0,0,0,0,0,0,0,8103,1379,0,40,12054,0,0,207,0,1876,541,388,13634,153,0,0,0,2136,414,0,0,421,0,1535,0,1572,724,0,1930,456,367,0,0,0,56,0,12072,132,0,745,1018,1231,316,2474,25849,0,0,1463,222,0,0,480,0,3452,0,400,0,152,0,1199,0,0,0,891,644,0,1483,4993,186,0,0,0,0,0,3308,74,0,586,0,84,6016,0,0,563,0,30,58,0,0,176,2186,0,690,0,0,0,0,1193,1733,0,0,2122,28121
136,0,0,0,0,3411,274,0,1277,14109,182,55,1144,17,0,422,0,1486,0,584,1867,0,0,0,0,403,4232,0,0,43,2581,8506,172,380,161,418,531,294,268,0,170,0,7821,822,3312,382,515,1596,254,0,7341,0,17,461,222,1541,271,494,328,204,0,5532,429,0,0,566,0,135,0,199,364,1106,457,0,208,8820,565,0,0,0,0,0,779,0,0,78,281,0,5082,0,0,5741,0,0,13037,0,0,1713,1138,0,338,0,0,0,2632,0,3303,1071,154,879,7127
137,0,0,0,1236,1440,2420,0,10215,1176,92,105,13654,129,0,68,998,924,668,244,13566,0,0,0,104,1826,209,0,14,342,0,567,162,3243,655,1560,2684,818,341,2136,158,0,584,192,7820,26,86,432,244,0,116,206,14975,57,0,5097,308,0,0,1533,7656,3306,984,0,0,71,0,210,1469,35,161,1311,686,0,0,5171,355,54,46,8495,1150,251,871,18,24,208,0,0,4667,0,0,717,0,0,548,1492,0,262,1475,0,2192,0,0,107,24588,181,0,899,0,1517,26373
138,0,104,0,0,127,1265,0,5405,1049,0,5,9577,0,0,10,892,331,423,404,10400,0,0,0,0,1104,72,247,0,288,0,1305,63,3669,574,1379,4192,50,281,511,0,0,482,812,7548,149,0,849,1040,452,96,456,13489,0,9024,2821,0,0,0,919,12848,5690,718,282,0,230,0,509,2905,87,296,1179,0,0,0,4543,916,0,0,10433,0,15,0,11,0,67,82,67,2112,0,14,1211,0,2,533,0,0,0,1630,0,1197,0,0,0,16503,854,2687,4543,7235,1548,19238
139,0,16,0,278,13718,0,0,220,12885,0,0,569,0,0,255,116,765,103,3867,8966,114,0,0,0,0,5419,0,50,44,0,3975,58,440,263,183,1047,325,708,38,699,0,17320,0,1670,69,0,290,380,0,946,0,102,0,77,7208,0,0,131,2373,52726,11550,66,0,0,233,0,74,1599,406,578,2231,0,0,10,7114,643,185,0,0,0,0,155,236,0,206,0,779,4230,0,0,12833,0,13,16087,0,0,0,797,0,0,0,0,0,1009,1425,0,0,367,95,4529
140,0,17,0,0,37,4252,0,15002,41,0,5,10831,0,0,11,0,349,0,23,0,8,25,0,0,0,60,0,31,159,2174,7,0,48,11,465,83254,501,74,0,43,106,72,196,1584,1398,51,6,0,0,76,222,731,0,5342,185,16,0,1080,173,22662,573,0,0,0,0,0,157,31007,0,0,66,267,44,533,0,11127,16,4,1947,98,0,141,92,0,24,48,0,148372,52,0,115,0,0,65,0,0,0,407,0,0,412,0,0,0,211,238,0,24257,152,180
141,0,0,0,0,4136,0,0,4737,987,191,0,17235,164,0,184,476,1839,483,2642,0,0,240,0,0,81,380,0,0,114,0,962,183,4741,767,3341,1276,1158,383,3558,0,987,1489,0,2901,0,0,1019,318,420,3834,0,11514,0,0,4146,0,185,0,182,9592,3980,1237,0,0,822,0,776,0,102,0,259,175,0,0,4599,2018,52,36,0,0,0,1600,173,62,170,0,187,4465,0,0,2198,0,26,249,0,129,0,1134,0,1068,0,0,0,5689,259,0,5727,4941,616,0
142,155,0,0,0,3144,622,0,13087,955,0,156,39347,0,0,53,0,1921,1634,174,0,274,0,0,0,677,606,611,32,131,0,828,15,4720,1165,2493,3973,1027,111,0,0,69,905,73,2614,67,0,421,1331,645,207,3351,16252,0,23655,8145,72,0,953,467,17484,10119,930,0,0,204,0,735,0,26,88,364,65,0,3675,896,1221,0,82,0,499,0,3515,51,69,21,24,0,4899,0,39,1165,0,55,445,3665,0,307,1110,0,3924,0,0,0,769,135,0,0,0,4642,17547
143,0,0,0,570,2362,2870,0,16381,349,288,52,21316,0,0,24,0,2203,455,249,7335,0,0,0,0,3861,0,0,75,415,2697,942,0,3791,1060,309,1530,1172,132,0,121,0,1598,0,11691,25,151,416,624,477,0,0,6837,0,3983,6167,57,78,86,1148,0,4729,364,0,0,294,0,191,1628,79,277,86,0,0,0,8087,1193,55,19,2796,0,0,0,34,0,451,96,0,13363,142,0,969,0,0,384,3450,122,190,1900,80,6071,668,0,0,3605,119,0,0,1457,1882,18074
144,0,0,0,0,207,578,29,7227,1287,255,5,13319,0,0,40,0,954,231,444,6485,268,0,0,0,2360,106,0,3,127,0,1172,74,4110,702,352,7959,1797,560,1957,0,305,1051,30,20984,452,0,756,1754,634,1232,5611,15272,0,3557,5489,237,86,789,551,10641,6587,2192,667,0,204,0,476,916,13,696,757,0,0,0,3988,1103,81,0,0,3909,540,0,39,101,164,0,190,9937,0,0,554,2372,0,377,200,0,0,1433,23,3804,527,0,0,7797,542,717,2158,7122,600,13507
145,0,0,0,2139,0,3369,0,7580,1000,487,0,25993,0,0,68,1941,1466,219,1680,14274,241,0,0,0,1727,502,406,5,124,0,542,86,4099,666,903,1024,948,250,3739,0,0,346,0,11437,20,37,36,102,110,326,1630,20359,0,13956,3108,78,54,0,847,2053,8933,1529,3611,0,257,0,336,136,37,153,1796,125,0,0,10263,230,22,39,0,2265,397,2773,37,103,249,86,45,7028,32,0,1373,0,0,232,0,0,171,2899,0,1360,0,0,0,27300,466,1652,1120,1805,5051,12024
146,0,0,20,0,260,0,0,2903,1232,524,0,12753,464,0,73,2656,2178,140,487,11211,85,0,0,0,1733,526,825,0,440,0,1253,30,3535,637,1141,1659,1299,137,1515,456,0,1206,342,9083,123,238,875,331,0,1846,0,21049,57,11646,4669,121,0,113,624,1167,5571,3206,1953,0,126,0,251,0,53,127,1169,481,0,0,2629,483,4,34,0,1419,0,0,52,15,300,40,0,2274,100,0,970,2515,0,380,0,0,0,1348,0,3837,0,0,0,13059,347,0,266,0,9811,16754
147,1344,11,0,0,1498,844,0,1811,38,0,37,1973,64,0,18,211,1547,36,225,10,0,0,0,0,0,0,0,701,10,136,171,0,7,30,251,18486,55,2920,0,0,132,1900,0,75,22288,106,21,0,266,15,575,1439,16,114,194,3945,0,3629,0,5443,48,0,178,0,0,0,28,1172,21,0,8392,0,0,452,0,11350,13,238,0,0,30,0,275,0,455,31,22,15293,14,0,339,0,0,72,0,0,0,1466,0,1956,7,0,0,210,4262,0,139,463,142,0
148,8309,94,0,0,200,2442,0,1622,318,825,29,1994,0,0,371,2929,4833,41,9333,31416,501,0,0,0,3868,801,0,1086,56,0,15274,627,2279,1439,557,276,140,8196,2719,0,0,9984,23,253,1742,1322,1406,14,0,939,1433,9070,0,563,368,8966,0,0,459,2945,455,987,0,0,530,0,181,0,36,346,42173,384,0,160,1331,1646,9,331,0,0,0,2105,288,336,3118,0,77,749,48,0,642,0,0,674,0,564,176,7696,0,6520,0,0,0,1919,1754,911,1589,146,7400,2628
149,137,0,0,0,0,0,0,1698,1400,0,0,28889,0,0,104,2530,3264,151,1094,4708,30,0,0,0,586,0,0,0,171,0,878,96,2115,673,853,2649,1525,177,787,0,262,788,0,17356,50,0,961,289,385,0,989,5186,19,1882,4463,115,0,0,1601,0,6928,1300,0,0,134,0,738,0,0,116,1264,147,0,0,4967,59,0,3,0,1122,0,0,45,22,149,0,58,1161,0,0,724,0,0,336,0,0,761,1795,0,2316,0,0,0,6969,250,940,0,3590,1774,24878
150,21326,127,0,0,581,0,0,1153,520,165,0,1685,0,0,700,1525,4147,241,4336,38033,210,0,0,0,1890,5940,0,528,6,0,16500,2362,3112,2828,1014,479,283,15968,1451,0,0,0,0,579,242,565,2788,36,251,1267,408,12993,0,102,318,17317,0,782,1359,547,767,614,2034,0,280,0,328,279,45,0,40158,290,0,505,320,726,15,0,556,0,0,2429,71,0,960,94,65,263,0,0,1819,67,0,577,58,0,0,6242,18,2374,0,0,0,2746,14413,0,0,129,3390,1151
151,0,0,3225,0,0,131,0,1054,10906,443,63,493,24,0,1690,1757,3990,5,1759,7728,43,0,0,0,382,0,113,98,101,0,2702,44,344,332,29,669,462,4814,51,0,0,16885,417,4797,0,533,1256,478,719,964,88,221,0,98,12423,425,43,53,1452,23243,4122,225,0,0,1524,45,331,2844,94,317,2960,449,0,0,5323,804,129,0,230,0,1409,735,234,5,209,371,1538,2580,0,0,4615,0,0,44800,0,0,2581,1228,0,51,46,0,0,7263,0,5488,79,184,11,2729
152,13657,13,0,0,0,920,65,925,360,139,0,6059,0,0,1352,3234,2746,665,3459,35426,963,54,0,573,4448,1227,39,617,37,0,24869,2171,2269,1599,1282,96,184,9965,244,121,0,5603,0,632,2018,1425,1617,30,60,176,1206,7088,0,0,272,11467,73,492,1417,4170,464,0,755,0,267,0,235,106,0,127,60220,187,0,110,1452,747,1,0,0,0,59,1648,361,191,5087,36,0,37,65,20,2879,0,0,828,64,1336,855,12358,0,1060,0,0,0,3258,5867,0,0,87,631,1686
153,6473,0,0,160,0,2104,0,1258,159,122,286,3673,0,0,179,1081,4238,537,9987,19119,57,0,0,1274,3252,15241,1,0,23,0,19190,611,2285,2024,187,797,62,4269,22,719,0,6189,11,216,411,0,1988,44,917,420,442,17580,0,142,811,1928,0,0,1037,3517,891,1321,3526,0,465,0,256,193,0,0,47360,0,0,75,1467,592,13,0,0,0,0,2607,557,436,2540,13,0,855,66,0,2048,0,0,844,0,0,0,17087,0,3127,0,0,0,2592,0,0,0,26,1521,2295
154,1369,12,1183,0,4078,82,0,1416,14122,706,66,1223,0,0,493,646,874,56,712,17444,0,0,0,0,0,4212,278,118,0,0,4567,51,299,354,135,338,713,1774,0,0,0,6746,650,1784,315,0,1123,441,1068,399,335,189,55,0,20758,228,0,0,906,9400,14955,109,0,0,3795,0,154,0,0,339,1038,0,323,27,12987,256,245,260,0,0,907,2749,747,153,154,0,0,2250,25,0,9570,0,0,7194,99,765,446,518,0,558,0,0,0,6206,737,1939,462,375,428,7345
155,0,85,0,0,0,2282,0,494,473,49,25,5195,0,0,346,3772,3696,327,3127,10808,0,0,0,0,0,0,0,0,0,0,34788,3396,3583,3094,616,702,359,10843,142,0,0,6879,75,244,1071,0,1881,28,0,287,823,7541,0,33,0,806,201,747,61,0,1277,208,0,0,1009,0,29,71,52,30,33004,0,125,64,714,668,0,0,138,0,0,0,153,80,1823,0,59,1329,0,0,1255,0,165,473,0,0,0,8972,0,4320,0,0,0,1399,24842,0,0,104,2478,2800
156,12991,48,0,61,512,426,17,1018,320,4,0,2610,0,0,1213,1193,2713,581,4105,21598,1119,0,0,0,3525,4222,0,491,81,0,18012,2117,2685,2220,1154,1251,294,6844,973,0,0,9764,0,231,2944,0,618,24,0,125,0,21182,15,442,378,4235,0,772,1224,3338,733,3268,0,0,1135,0,118,246,35,767,57767,151,0,545,252,3047,2,0,0,2322,102,2560,0,856,1650,36,161,486,0,0,835,0,0,491,32,0,303,9145,0,10842,158,0,0,622,6456,998,495,739,123,3039
157,0,0,0,0,2077,0,0,760,538,178,217,169,60,0,758,214,1116,25,667,20602,39,0,0,16,94,2458,0,89,59,0,10315,72,339,221,0,864,23,1871,23,0,0,2634,207,657,62,0,619,167,0,4919,295,417,69,98,6120,300,0,320,3134,0,20306,417,1443,0,2005,0,228,0,0,0,973,0,0,0,7649,40,206,0,0,488,0,2860,1379,77,236,335,2227,1606,0,82,5085,0,0,27739,41,0,1534,840,0,840,0,0,0,8545,127,0,0,0,0,12568
158,0,0,0,270,1209,167,0,1294,350,6,8,278,0,0,286,256,461,0,26,0,0,10,0,0,0,0,0,73,25,2603,0,0,1,19,21,19849,101,816,52,0,0,4030,0,491,2643,85,9,0,463,144,0,35,0,132,4342,35,0,693,72,96876,361,76,0,0,0,0,17,5496,48,0,375,81,262,6,175,7852,0,335,16,0,0,254,136,0,35,144,0,52393,116,0,0,0,1,1165,18,0,210,239,0,13,28,0,0,596,257,858,36,199,1,150
159,0,0,0,234,509,0,0,1798,366,196,47,5834,0,0,231,0,4163,0,3069,6729,322,147,0,0,676,0,83,0,35,0,17301,334,1098,516,134,159,107,11605,298,0,0,4182,66,377,2115,0,1317,0,1081,68,0,8806,0,249,153,8607,0,0,392,0,284,1230,1492,229,1913,0,83,515,67,1487,44852,100,0,0,790,1275,0,73,0,0,0,0,1295,0,1672,516,0,1109,0,0,2010,0,74,1111,175,0,591,22641,0,2699,0,0,0,2699,49892,1996,0,80,161,5641
160,0,12,0,139,158,39,0,1824,0,0,0,755,0,0,70,97,295,0,40,553,0,0,0,0,0,0,0,99,6,5926,22,3,0,40,15,12838,148,1227,21,0,0,2613,0,418,2724,210,23,0,0,400,56,46,0,159,2150,38,0,1722,553,174487,0,54,1328,0,111,0,38,8588,21,0,492,129,0,113,114,7789,8,383,0,0,0,0,996,0,16,389,789,59513,61,0,0,0,0,762,33,219,0,279,0,354,0,0,0,515,49,0,0,362,31,113
161,489,431,0,813,0,8407,0,13869,633,0,33,16371,210,0,83,1876,255,271,576,12731,76,285,5,0,5939,106,0,21,200,0,325,77,7497,931,589,2317,761,218,0,711,0,611,0,8732,207,0,205,2159,538,219,6255,3818,78,18987,3698,1000,90,375,3973,0,1910,1139,0,0,741,0,838,13875,270,371,1009,233,0,2420,14412,668,84,29,0,2434,0,1653,368,0,325,16,19,8186,88,0,587,0,0,190,0,26,964,1685,0,1212,0,0,0,1698,965,667,0,12401,5144,8308
162,0,32,237,213,2434,100,0,1125,1302,0,0,391,19,0,175,53,498,38,0,132,0,26,0,0,0,0,0,320,23,3814,13,4,3,9,33,14612,104,1301,1,0,0,4545,0,280,2900,0,0,33,196,142,24,28,0,296,3851,24,0,1110,523,71986,0,121,427,0,0,0,12,6975,19,0,212,0,0,181,0,3415,0,224,9,0,0,202,705,0,19,201,125,59150,95,0,922,0,3,374,1,0,0,316,0,49,54,0,0,1286,77,240,66,839,2,85
163,0,0,0,0,134,2485,0,12222,82,64,0,12728,0,0,14,0,408,87,5,0,0,0,0,0,0,0,0,10,38,1494,14,0,122,0,449,42207,447,32,684,0,0,304,132,2053,1911,0,14,0,131,249,347,3653,0,6676,276,5,7,2053,251,19789,619,111,85,0,0,0,198,21312,10,26,173,0,0,1144,0,9270,0,16,766,0,0,145,126,0,199,44,0,173273,103,0,164,0,0,46,0,0,12,169,0,398,0,12,0,1572,221,240,339,66173,0,98
164,0,0,0,0,1025,780,0,11947,85,0,34,9430,89,0,15,221,327,0,64,0,18,0,0,0,0,133,0,8,101,689,9,0,0,56,96,48322,591,79,657,0,0,245,418,837,1460,10,4,66,146,0,0,6853,0,0,970,178,0,2821,465,36971,186,0,0,0,0,0,21,13472,10,0,274,242,582,1509,0,7620,0,28,1008,724,0,0,82,0,187,85,55,157867,0,0,103,0,0,52,0,0,0,757,0,306,1424,0,0,0,201,373,1039,26219,55,0
165,18557,0,0,21,1117,3749,0,3114,518,0,128,1054,0,0,143,6401,2319,0,5531,35248,276,0,0,0,1273,8901,0,166,19,605,12173,0,2564,1282,772,74,150,8912,0,108,0,4959,10,83,1722,3090,2028,61,311,0,1696,6034,0,372,1015,0,0,0,657,1466,812,281,1607,0,519,188,177,677,23,0,40902,0,0,237,1244,295,19,0,0,0,0,5677,573,0,3645,0,101,1464,0,0,4742,0,0,369,51,3092,1099,14330,0,3757,313,0,0,1282,8394,0,240,106,585,1984
166,941,0,0,0,293,823,0,11375,747,206,0,16586,0,0,60,944,653,289,671,10678,637,0,0,0,2203,30,620,0,321,0,1279,140,4618,807,1385,2134,847,372,1045,0,0,137,0,10366,45,122,826,596,235,1145,5119,17231,0,18079,1132,214,247,468,2079,1819,4307,2413,0,0,224,0,473,3433,19,0,1286,463,0,432,5518,222,0,45,0,0,0,791,56,0,124,49,64,4369,92,0,1521,0,0,732,622,0,0,1443,0,832,0,0,0,3783,0,1556,1571,0,2063,14175
167,0,0,0,155,0,0,0,1273,660,394,111,1995,0,0,212,1029,6683,0,7065,38388,774,0,0,0,787,2734,0,352,17,0,19596,1558,2358,845,756,1128,179,3213,1384,0,407,5387,58,136,1266,1326,1911,81,1049,1213,211,4647,0,0,1003,13410,293,285,767,2699,547,1026,1659,0,1462,0,41,370,40,0,31745,154,0,0,933,694,17,187,0,500,0,2217,216,61,1925,162,0,799,0,0,3249,0,0,2293,123,0,0,12939,0,9944,0,0,17,1401,3674,921,533,28,2425,1766
168,0,0,0,120,0,0,0,454,20034,0,0,1474,0,0,779,1512,1262,59,667,17507,83,0,0,0,317,15570,0,50,102,0,8000,120,343,505,297,773,548,2187,0,266,0,13102,0,1617,437,0,801,773,85,852,0,230,0,0,8687,255,1013,517,800,0,12753,488,0,0,5324,0,175,2625,237,843,1264,186,0,0,13355,125,13,459,226,208,0,115,178,25,353,255,1363,2735,0,0,3924,0,12,7557,0,0,780,272,0,109,0,0,0,1333,593,0,217,172,102,5758
169,0,0,0,602,0,0,0,8285,1328,755,12,8218,0,0,118,0,1530,0,171,7854,60,0,0,0,2340,371,727,0,0,0,1041,126,5454,1559,1127,2460,1404,449,0,214,0,1369,258,13678,125,168,338,2504,0,0,1484,9929,0,0,422,1035,0,0,1095,6286,11002,2145,0,0,392,6636,1271,1896,10,171,1679,178,171,813,2992,1187,78,0,1598,1598,394,129,0,60,150,0,0,3415,0,0,401,0,88,355,0,0,1084,3550,0,3903,0,0,0,0,0,0,5288,710,138,9852
170,0,85,0,0,407,43,0,10839,93,0,0,5434,44,0,34,0,53,0,42,0,0,0,0,0,0,37,0,28,0,190,0,0,0,0,348,73828,305,36,212,79,0,146,28,2065,1546,0,0,494,0,15,140,6465,0,0,1857,79,0,1322,23,29423,797,170,221,0,0,436,196,37285,8,100,160,0,141,3751,1023,10608,0,5,0,364,0,193,94,0,50,3,18,154323,9,0,114,0,15,2,0,0,113,277,0,543,0,0,0,294,0,0,0,5648,0,0
171,705,0,0,0,3858,56,0,1436,12323,102,22,1174,11,0,228,1822,491,0,697,17414,0,0,0,0,158,9071,102,54,0,0,8788,77,333,404,144,726,334,609,0,0,0,18170,52,3784,331,0,1846,474,0,0,19,108,0,146,10779,211,0,493,0,0,18638,9,0,0,1797,20,237,1190,342,0,1321,373,0,0,5707,244,81,1946,0,429,0,0,702,158,119,371,242,5474,0,0,10198,0,0,14896,0,0,0,1516,0,0,0,0,0,5443,186,965,0,326,157,3607
172,0,0,0,344,1241,2648,0,10197,41,1,11,6657,54,0,12,282,117,142,11,0,0,0,0,0,0,0,94,5,92,372,9,0,231,43,582,63598,461,62,483,186,59,222,0,610,1799,5,0,17,0,167,30,3588,0,3883,1119,22,0,1030,334,46312,0,70,0,0,0,0,174,31352,0,0,168,90,79,2063,775,12422,0,9,0,0,0,105,68,0,7,33,0,151170,0,11,547,0,1,28,242,0,0,623,0,0,754,0,287,576,32,0,2226,35785,70,144
173,0,0,0,95,0,0,0,1776,559,184,307,14532,0,0,408,1922,3117,584,4564,10447,415,392,0,0,0,0,0,224,61,0,10683,400,2069,1797,1397,132,272,3180,1224,0,0,7606,67,128,2185,0,1082,0,1806,188,0,19455,0,1091,227,2973,0,363,620,7201,947,3606,0,0,1636,0,351,183,106,826,43333,32,0,298,1187,2598,41,0,0,80,0,7155,1418,0,1188,0,71,732,0,0,301,0,0,317,117,0,0,15341,0,0,0,0,0,0,11058,0,1420,112,415,2843
174,0,4,0,42,0,0,0,1393,465,139,0,7264,0,0,25,788,4772,0,2505,51126,2084,0,0,0,1398,730,0,909,24,0,22208,2071,3305,2802,501,377,69,7861,664,0,0,13530,21,375,1493,0,1730,14,0,608,1339,14900,70,858,131,147,0,1231,1156,0,1216,1369,144,0,354,0,94,0,35,0,54348,34,0,373,840,1017,6,136,0,0,0,2556,244,0,3089,535,0,441,0,0,2615,0,170,991,0,0,125,5437,0,413,0,0,0,1284,25011,0,689,0,1203,3232
175,0,43,0,0,994,1120,0,2062,292,0,166,4275,0,0,1145,0,3753,0,4250,42170,222,0,86,0,2031,7610,0,0,16,0,13972,0,5063,1631,370,665,143,9020,0,296,0,5800,34,96,1053,0,0,91,65,318,2796,11535,78,42,1089,5295,0,1045,1347,5638,1673,1909,0,0,349,0,441,1150,125,511,45172,0,0,0,1446,274,0,144,0,737,0,0,0,0,5864,42,117,645,0,0,3486,0,73,98,0,0,435,19536,0,12892,0,0,0,780,2289,0,397,413,870,2224
176,0,0,0,40,0,322,0,595,780,21,7,231,6,0,144,394,232,14,24,0,0,0,0,0,0,699,0,189,13,421,17,0,9,20,17,19288,56,265,1,0,1,1079,0,382,2446,149,9,26,185,288,4,53,0,106,2372,71,0,688,299,93031,171,48,163,0,0,27,42,4406,34,58,245,0,43,48,138,6224,0,336,0,0,580,93,810,0,75,152,349,52580,4,7,272,0,0,0,1,173,0,162,0,26,116,0,0,223,7,0,110,1161,6,0
177,2288,0,2547,0,24,0,19,1274,216,192,0,4057,0,0,289,0,1132,0,12377,67784,0,0,0,0,643,984,0,0,0,0,45354,4071,4691,1662,1443,499,171,2161,471,0,0,6610,0,357,6927,0,2344,127,712,0,1462,10860,0,81,156,4111,0,0,292,12291,1293,1065,650,0,19,0,45,0,18,68,20486,0,11,0,286,111,0,42,0,896,65,1352,274,420,1739,41,127,765,0,19,1326,0,183,324,0,0,0,7444,3,0,57,0,0,1358,5809,0,0,76,817,1013
178,0,0,0,0,4105,207,0,946,478,0,0,509,0,0,73,260,192,0,0,0,0,0,0,0,0,814,0,154,6,9488,126,5,0,12,13,10684,104,684,0,0,4,3045,113,94,2645,19,2,0,0,0,0,75,0,0,4148,81,0,3317,324,32703,413,8,0,0,841,0,107,4624,0,0,363,0,0,22,109,8022,18,227,118,0,0,182,1269,0,49,43,445,71967,13,0,456,0,0,400,0,0,0,298,0,0,44,0,100,0,0,0,27,1253,0,47
179,95,0,12,0,0,1857,0,11217,213,131,0,9380,0,0,13,507,749,73,26,0,8,0,0,0,0,69,0,18,7,107,0,0,0,0,463,61632,278,11,0,0,107,262,58,1619,1611,36,0,97,37,49,0,2371,0,2139,661,13,5,315,139,36633,205,591,0,0,0,0,44,15965,2,0,112,65,0,1846,0,8907,12,4,0,0,0,659,98,0,29,13,0,171363,0,0,136,0,0,61,0,0,216,211,0,78,0,0,0,498,144,0,0,25167,40,158
180,0,0,0,0,276,2200,0,6425,1391,468,10,18365,0,0,49,0,1041,180,480,12807,337,0,0,0,1218,1515,0,10,231,0,1540,405,5015,2074,1451,2427,1660,36,3896,837,197,284,447,0,120,0,772,516,0,0,9280,9398,0,16295,5427,202,0,0,1530,0,9183,0,0,0,32,0,639,7040,61,355,519,885,0,0,7120,433,67,85,0,0,0,1500,59,0,352,77,0,6569,63,5,1492,0,7,508,275,110,0,783,0,0,0,0,0,9910,0,0,0,8770,343,13832
181,0,130,24,137,0,256,1,11336,96,37,2,6880,0,0,19,538,214,0,0,0,0,0,0,0,0,0,0,61,50,1849,18,0,0,0,0,75748,222,65,0,0,0,168,310,753,564,0,0,84,0,20,15,1088,21,3692,2133,79,7,1576,296,24776,62,536,412,0,0,0,139,24038,11,52,96,0,0,1536,0,12459,2,0,67,397,0,0,53,0,7,4,0,160460,42,0,0,156,8,60,1462,0,65,314,0,58,270,0,0,383,63,204,297,34892,99,205
182,12281,0,843,0,861,0,0,3932,16,343,16,3749,0,0,270,1899,4212,1443,999,14955,759,0,0,0,5921,4633,0,0,33,0,29873,4140,2462,1668,1501,246,93,2636,403,0,0,6021,88,245,1045,346,1972,0,2065,0,471,4693,0,343,318,4599,174,521,1012,5319,207,3095,0,0,496,0,154,1074,16,685,39367,128,0,83,2402,241,0,0,77,0,0,185,421,97,818,0,229,374,0,0,1122,22,269,334,0,0,0,7276,0,3501,0,0,0,987,14119,334,454,303,746,3897
183,142,0,0,159,0,0,0,355,6318,369,0,470,0,0,783,0,674,0,322,18383,0,0,0,0,112,6804,0,0,0,0,15639,70,137,591,187,0,351,3799,63,1127,0,14388,565,1405,406,0,1693,1008,1614,0,0,249,0,0,16364,0,0,2617,663,6555,1643,0,0,0,10235,0,371,1956,161,400,1902,539,0,61,1913,1055,0,0,0,0,0,0,144,42,186,0,1151,1007,0,0,27210,0,38,2324,0,0,978,1430,0,1173,0,0,0,9074,1625,0,0,344,27,5193
184,105,10,0,0,112,2744,0,1708,4,23,63,1554,0,0,2,594,72,0,298,0,0,0,0,0,0,0,0,619,5,1688,0,0,0,53,128,21193,61,1187,0,0,0,2811,4,68,20196,0,110,10,167,36,413,1680,0,192,76,1989,0,628,153,8927,14,0,221,0,0,16,41,1389,14,106,5675,0,29,453,36,15208,0,234,0,123,0,0,677,0,555,7,3,15938,143,0,385,28,0,0,0,757,58,1846,0,0,77,0,0,183,158,0,0,923,0,22
185,0,0,30,2877,1308,1874,0,7863,1217,76,70,8536,0,0,50,1128,1163,0,974,19120,0,0,0,0,4565,419,0,0,118,0,1333,502,4114,754,379,0,766,18,0,62,0,847,0,9496,0,48,1050,2134,0,315,0,4183,55,0,2619,492,0,1311,578,0,12222,1533,0,0,660,1241,334,1707,0,58,731,0,0,0,12740,1205,34,28,0,0,0,4106,87,50,258,0,226,2499,70,0,710,0,26,223,115,0,777,1713,0,907,114,0,0,4749,255,3747,0,11011,0,3147
186,5007,0,0,0,161,123,25,859,11214,501,4,684,14,0,632,443,853,90,1015,17643,77,7,0,0,196,1238,90,0,10,1537,11738,33,672,499,104,718,305,1005,34,229,0,7028,42,728,39,0,293,29,620,434,300,159,0,24,3754,172,973,0,663,7144,12700,75,2499,0,5631,0,76,352,63,0,909,0,129,35,11299,522,24,35,0,0,744,0,252,12,96,0,1223,1974,0,23,12994,0,0,25443,0,0,1168,838,68,217,0,0,0,2817,128,0,70,67,412,6047
187,2100,0,0,98,175,0,0,1361,311,0,132,7525,0,0,1274,3697,5558,0,6780,25137,1073,0,0,0,0,12426,99,0,1,0,30267,5903,4310,1218,0,201,185,2620,0,0,0,2552,0,306,0,624,2440,18,664,181,0,0,0,516,811,7688,124,0,286,9237,1786,2486,1052,0,95,0,77,0,0,0,30275,0,0,0,671,1022,29,0,0,154,0,0,15,0,841,48,66,824,0,0,361,0,0,418,0,0,0,21948,0,0,214,0,0,140,19788,0,1706,0,0,3168
188,659,0,0,0,267,1334,0,618,280,423,0,3547,0,0,102,0,1808,198,10698,17749,2561,0,0,0,5085,1270,0,296,0,0,28197,6088,5880,2920,319,387,111,7682,597,238,0,4791,10,230,1045,375,3145,11,258,432,302,2337,0,0,318,1078,0,0,149,954,1297,247,0,0,361,0,15,211,63,0,14224,83,0,291,1208,111,24,142,0,0,8,1916,178,0,5473,0,38,481,16,0,1549,0,0,782,49,0,0,8235,3,2420,0,0,0,857,0,0,0,0,577,4390
189,5263,17,0,35,615,0,0,2070,314,90,0,2539,0,0,87,1572,2162,450,4753,58727,0,0,0,0,8034,1375,0,0,0,0,14153,8588,3288,3134,965,0,129,4928,0,76,99,10788,0,118,543,3507,3142,21,816,863,0,8382,0,26,184,672,0,672,712,0,1354,2077,1319,0,1741,0,72,798,12,322,19658,0,21,0,1087,620,64,99,30,1643,84,1003,383,422,2110,0,122,78,160,0,4474,72,608,440,73,980,0,15676,0,1215,0,0,0,0,0,910,367,347,2188,1556
190,0,0,0,420,0,0,0,3466,152,524,9,3174,0,0,6,464,174,1348,411,36198,161,0,0,0,4136,530,0,1,0,0,2208,238,8682,1406,1137,4685,377,120,1870,41,0,707,133,809,170,131,1202,629,27,389,5707,2811,0,5395,3708,204,0,280,1662,0,7779,3740,899,509,69,0,54,3953,88,0,501,0,150,0,6021,693,141,30,554,0,349,0,22,11,21,75,57,4912,0,0,1650,0,9,188,0,0,0,1254,0,1136,0,0,0,10740,0,0,0,1192,3895,12418
191,219,42,388,571,1627,0,0,792,11560,0,141,767,0,0,489,2267,660,214,879,10466,104,0,0,0,221,7989,646,0,69,0,6477,31,396,534,0,603,136,1174,0,813,0,14306,0,728,170,786,2009,203,532,1468,434,358,97,117,14761,203,78,622,1904,14739,12790,61,801,0,9309,134,0,0,47,0,618,155,46,0,10091,540,198,528,0,0,0,0,1057,80,104,159,1311,0,191,0,14245,0,74,30848,0,0,767,772,181,80,0,0,0,1851,936,0,0,493,63,3227
192,0,12,0,0,2510,50,0,1474,0,33,17,364,0,0,112,0,157,36,14,0,7,0,0,0,0,0,0,153,7,1216,0,0,11,9,11,14218,116,409,25,0,0,2677,0,398,3594,0,0,3,0,123,55,10,0,56,2123,37,0,3327,602,114714,65,98,0,0,0,0,25,9370,0,189,375,0,206,58,188,8898,26,102,0,0,0,0,550,0,66,10,616,57163,83,0,1355,0,0,165,0,67,0,119,0,50,168,0,0,737,25,0,67,1170,10,0
193,0,21,0,0,0,294,0,1931,12888,405,96,434,0,0,813,1300,807,0,1687,9697,129,0,94,0,141,19735,0,0,46,0,7945,0,537,459,142,969,289,2565,40,0,32,18047,0,4032,285,445,546,669,433,1511,554,146,0,75,8310,154,587,967,3457,0,2908,737,0,0,12016,0,212,1225,380,0,2124,421,0,27,14009,232,274,0,167,0,0,1060,0,37,50,0,1465,0,0,0,11021,0,0,29849,40,239,1195,429,128,572,0,0,0,0,405,2820,0,52,139,1878
194,0,69,0,196,2297,145,0,321,579,0,0,134,10,0,80,385,346,14,17,30,3,0,0,0,0,0,0,338,6,8726,49,0,5,0,34,19707,60,257,26,194,1,0,126,604,2342,24,9,0,0,183,41,39,0,138,1067,48,0,1400,192,55435,985,12,55,0,0,0,49,6076,100,18,213,0,121,48,291,5056,0,225,0,44,0,0,1013,0,18,104,125,60252,19,10,2261,0,3,996,11,0,201,180,0,0,0,0,0,591,191,0,31,806,0,33
195,0,0,0,0,2710,125,0,942,694,0,0,532,0,0,220,0,92,0,28,0,0,0,0,0,0,0,33,346,3,4154,112,4,0,0,88,17660,51,244,0,0,0,3638,126,467,2843,10,0,29,45,193,0,10,27,0,253,18,0,1052,255,88520,0,79,0,0,0,89,26,8940,38,0,134,0,0,12,324,7059,23,213,0,0,0,0,1141,5,24,107,0,53646,119,0,0,0,0,1241,16,0,742,151,0,83,75,655,0,0,54,358,86,1304,5,103
196,0,6,0,122,240,66,0,458,128,42,0,118,0,0,122,0,442,0,0,0,0,0,0,0,0,0,0,82,0,5284,0,0,0,0,59,16155,101,418,6,0,0,1229,234,423,2682,0,0,0,95,160,27,64,81,7,303,0,0,1383,261,116807,86,86,0,0,0,0,21,8736,29,0,356,0,0,114,0,7329,82,265,0,98,0,0,1055,0,80,86,0,55912,31,0,737,0,0,2313,0,0,0,85,0,8,64,0,0,339,185,124,64,383,0,0
197,0,38,0,4,0,270,0,902,2019,0,0,443,0,0,59,225,157,0,59,0,0,0,0,0,0,1366,0,484,11,20748,98,0,3,8,7,11276,30,98,10,0,4,466,312,416,3552,0,0,0,0,163,4,29,0,123,4121,39,0,2184,32,75682,541,47,0,0,0,0,36,9665,20,0,276,0,122,154,286,9851,0,248,0,9,0,0,1495,0,34,22,256,66292,0,0,0,0,0,556,0,0,175,197,0,317,82,0,0,595,90,0,0,864,0,0
198,0,0,0,2110,0,0,22,9231,2034,240,0,3840,503,0,90,0,866,793,2766,3958,38,0,0,0,231,72,0,16,305,2359,1192,43,4227,767,1152,1084,911,94,0,982,0,737,0,5360,108,101,0,472,610,0,2703,6141,0,13488,256,91,0,1113,2008,7312,3054,731,2344,0,395,0,1211,0,212,172,878,464,0,0,19353,870,20,0,0,0,1070,0,0,0,108,0,52,573,107,0,1513,0,7,918,0,0,1022,435,0,4764,0,0,0,10949,989,1449,2476,1270,761,10073
199,0,0,0,130,3131,0,0,621,9028,439,12,217,0,0,159,262,451,0,880,30828,47,0,11,0,509,1709,11,0,46,0,20002,130,608,186,28,826,282,52,39,770,6,4267,231,317,129,0,2788,209,0,1572,144,43,0,265,2919,33,272,151,594,16241,13644,82,725,0,3568,0,23,1480,16,315,392,149,190,12,14799,456,22,200,20,150,0,130,240,16,189,56,1125,3162,38,0,2211,0,3,29496,0,0,0,246,25,0,0,0,0,3281,972,0,155,59,140,2429
200,0,17,0,0,7196,0,0,885,4542,0,58,347,17,0,595,240,311,56,209,19428,152,0,0,0,430,6464,84,101,28,0,18763,147,536,374,68,1333,175,544,0,481,0,1049,0,575,306,0,2243,0,127,3630,108,53,41,170,10130,109,0,800,134,0,13518,0,47,0,2962,0,20,813,110,0,809,238,4,0,8956,167,0,589,0,0,0,453,647,0,32,0,569,3445,37,0,6759,0,0,27438,0,349,586,572,0,36,135,0,0,4183,458,383,18,0,68,4067
201,2792,0,0,0,0,0,0,2018,456,581,0,4585,0,0,630,0,2668,1534,8091,24358,2017,200,0,0,731,0,0,0,36,507,23927,0,1160,1200,551,535,146,21935,0,0,2403,6016,0,524,786,0,3270,34,0,0,0,5042,0,125,373,7990,0,1001,1373,0,1184,600,0,0,1271,0,80,0,0,0,32497,0,0,934,320,0,0,0,0,2835,0,2825,141,0,7902,0,130,711,247,0,2338,0,434,763,0,0,1475,17029,102,0,0,0,0,371,8152,2170,0,565,0,1353
202,0,10,0,83,0,4006,0,2307,70,37,22,3942,0,0,114,101,231,176,153,0,80,0,4,0,0,354,0,219,1,1448,81,0,0,28,138,12164,34,740,41,25,0,2137,6,62,22870,0,31,0,0,99,0,700,59,20,170,743,0,6147,186,16108,53,0,0,0,0,0,8,2342,24,0,6245,10,0,324,0,15370,4,108,0,523,0,595,730,0,575,141,16,16007,0,0,159,0,0,31,18,0,0,1599,7,0,0,0,0,83,7486,0,71,1642,0,214
203,0,0,0,137,0,1524,0,8310,0,116,0,7306,0,88,9,0,211,0,27,0,0,0,0,0,0,0,0,22,46,573,2,0,0,39,730,53461,202,47,330,0,0,132,0,1666,1460,0,16,0,146,98,771,1948,0,0,971,0,0,2226,0,40153,0,239,264,0,0,302,233,17765,0,72,207,125,0,4860,75,9978,0,35,0,0,0,467,39,0,70,31,21,143426,144,0,113,0,5,29,178,0,0,80,0,89,0,0,0,2653,82,0,256,82407,120,0
204,1280,0,0,1659,0,0,0,9299,916,123,68,30937,0,0,54,0,419,0,1076,17939,338,123,0,0,1981,928,124,4,404,0,1725,283,9487,1008,531,2366,759,73,2053,0,0,248,73,10628,134,140,72,54,474,532,1618,5497,0,5765,2223,80,36,370,1317,19115,8682,928,978,0,489,0,142,968,37,10,369,73,0,1263,12016,1243,0,5,0,0,287,428,51,0,58,18,18,9810,130,0,676,0,15,688,0,0,314,1404,0,74,0,0,0,12460,39,0,748,8880,1494,4831
205,0,133,0,30,421,4195,0,11443,85,83,0,11309,0,9,23,0,31,87,61,0,0,0,0,0,0,288,0,9,0,1072,44,0,33,9,562,51590,283,22,434,0,10,94,238,2584,1633,32,3,0,0,0,0,787,0,6540,1321,35,0,502,463,5781,282,84,621,0,0,0,117,31178,21,0,209,10,180,192,0,11628,0,20,2257,0,0,380,14,0,149,24,40,186477,60,0,41,0,0,77,0,0,0,421,0,468,78,0,0,0,173,0,380,18220,193,0
206,3,0,743,93,1417,0,0,1246,8560,226,41,323,40,0,231,55,486,0,973,13118,61,0,0,0,124,2210,74,58,67,0,24619,59,875,405,43,664,448,390,7,0,0,8295,50,1033,232,0,443,205,79,481,68,232,0,87,6230,77,78,879,494,49352,8700,19,0,0,2811,0,100,754,26,637,530,372,0,32,13078,363,28,1259,0,0,0,81,194,2,103,109,873,4978,0,102,7323,0,0,21849,44,0,0,476,0,314,0,0,0,0,989,0,207,44,227,4578
207,0,84,0,0,0,3507,0,5961,121,25,0,5137,0,0,16,0,267,74,0,0,0,0,0,0,58,153,0,1,19,2069,0,0,24,0,226,52467,148,25,0,0,0,0,0,667,1383,53,0,127,62,0,134,4818,0,2490,1336,42,0,1600,50,25274,350,285,73,0,18,0,189,14512,12,53,165,50,526,1199,567,8068,8,18,581,0,0,751,91,9,25,25,11,170137,32,8,47,91,0,37,0,0,0,526,0,107,169,0,0,457,21,0,0,93400,73,515
208,0,0,0,0,145,0,0,1649,289,23,320,7028,135,0,65,0,1630,57,6017,73300,2405,0,0,0,4881,973,0,59,1,0,21667,5498,6322,1988,164,915,114,6545,0,255,0,6584,6,237,3064,159,3504,39,1155,181,1088,1532,0,372,235,1325,113,616,538,3572,987,48,1146,0,439,0,37,244,35,335,17880,59,0,495,1185,726,2,0,23,654,28,190,172,164,1046,0,0,1165,37,0,2490,0,0,421,25,0,619,8764,10,708,92,0,0,1469,3584,0,0,0,990,1190
209,0,7,3069,48,1385,0,0,1171,247,186,0,1375,65,0,57,848,197,0,24926,93463,562,0,0,0,13452,1441,0,0,4,0,52905,5903,3161,1932,254,755,67,4863,362,0,0,1585,0,151,921,0,721,17,409,78,360,3749,4,32,131,1668,0,908,394,0,686,73,0,0,697,0,25,15,14,124,5986,44,0,0,1862,813,1,0,0,0,0,2529,212,157,1830,131,114,614,68,33,1284,0,0,529,20,302,0,5605,10,6064,70,0,143,632,11860,0,131,11,488,1353
210,0,28,0,0,2655,3074,0,5873,265,82,9,20115,42,0,18,0,692,0,617,25473,943,103,0,0,2192,0,0,0,205,0,2794,0,7911,1278,431,717,383,52,1319,889,0,823,0,0,20,0,1542,70,279,0,0,5617,0,0,6776,0,0,88,251,6793,5854,0,0,0,173,0,232,3060,0,186,554,161,0,1401,6505,530,0,0,1329,0,291,1014,131,41,46,13,0,3312,41,0,1598,0,3,124,0,0,136,1120,0,0,0,0,0,2499,45,0,1545,1233,5551,7663
211,0,0,0,363,9187,254,0,1007,11090,160,5,544,0,0,834,2429,1891,95,399,8659,0,0,0,0,0,15145,0,0,0,0,7013,0,196,486,211,0,711,3584,90,0,0,5602,0,3732,74,1001,950,165,0,2660,0,397,0,0,11900,172,1091,534,399,20006,9409,157,0,0,2578,85,0,0,0,550,2954,0,0,0,12227,103,38,0,0,62,3800,0,771,0,577,0,0,0,16,0,14686,0,12,28874,0,643,2754,1589,0,129,0,0,0,8234,1386,3416,474,101,48,6217
212,738,6,1445,0,226,0,0,539,6720,155,30,984,0,0,916,94,188,78,1311,28123,113,0,0,52,319,0,900,0,29,0,18891,103,707,278,110,935,87,424,4,594,0,0,64,359,412,191,2160,0,0,3991,87,12,0,95,6376,0,0,582,279,0,11693,0,2367,0,1109,0,30,1479,120,0,678,0,0,84,8726,128,0,114,0,35,0,0,915,2,43,67,1539,3951,0,0,10530,14,0,16754,0,0,520,270,0,21,0,0,0,955,894,614,0,0,131,3683
213,175,0,0,0,32,0,0,4070,732,402,80,6322,0,0,12,0,607,0,1933,13681,446,0,0,0,6249,186,0,19,374,0,2121,333,8589,1057,728,3439,435,107,820,1274,0,301,103,3687,167,67,1540,0,0,0,8612,0,0,0,411,128,0,660,1418,2153,6521,0,666,0,70,0,0,12345,72,160,191,0,81,0,16663,984,23,13,0,1065,0,0,73,0,88,0,0,10372,38,0,947,0,17,276,0,0,0,374,22,1406,0,0,0,2978,540,0,0,0,3045,3271
214,886,141,0,0,3332,912,0,567,11507,0,90,1045,0,0,344,0,688,0,542,10544,0,0,0,0,0,5757,0,0,0,0,2761,0,133,121,19,1276,488,3146,0,575,0,316,0,2599,125,0,395,1373,2427,2743,0,79,182,106,7119,0,748,1314,2006,35257,7178,138,0,0,12647,0,38,0,0,2430,2583,0,0,0,4011,0,141,3096,4,268,5757,539,1280,0,42,892,3856,0,0,0,27456,0,173,15154,0,0,241,1722,165,1658,0,0,0,22183,522,0,194,643,103,5532
215,0,15,0,0,5794,25,0,873,6918,387,20,803,0,0,660,0,445,35,524,19331,90,0,0,0,315,540,98,13,37,0,21568,20,508,409,41,1751,87,868,39,0,0,3683,225,841,458,0,818,0,0,834,0,55,0,53,7580,92,0,342,809,38591,8555,0,914,0,198,345,91,1552,0,0,785,33,0,34,15801,196,0,167,0,0,0,43,61,0,42,153,843,4328,63,0,10686,0,0,20845,0,0,0,306,0,619,0,0,0,6259,152,730,0,67,335,4625
216,198,6,0,117,559,116,0,1101,0,29,6,337,0,0,90,103,174,18,4,271,0,35,0,0,0,165,0,92,7,5016,36,0,0,3,63,19381,91,449,1,70,0,2460,0,603,2720,21,7,0,0,0,13,19,32,34,2391,18,0,1961,209,107968,861,14,0,0,0,0,14,5859,10,81,128,48,0,18,30,5512,4,196,55,0,0,128,468,0,20,23,210,55748,6,0,794,0,0,1944,17,0,55,185,0,0,0,0,0,759,168,16,89,1590,10,113
217,0,18,0,0,1827,16,0,839,1879,0,6,559,3,0,139,0,371,6,33,274,0,0,0,0,19,0,0,133,8,424,169,0,3,6,44,20019,121,421,0,0,0,1691,0,301,2437,112,0,0,0,1864,13,26,92,264,1100,112,0,1795,140,110557,103,34,0,0,0,11,29,8451,23,0,113,12,23,43,60,4886,14,154,46,0,0,0,506,0,36,35,490,55269,31,0,0,0,12,681,0,83,0,192,0,0,0,0,0,309,11,0,11,989,11,188
218,1822,0,0,98,916,0,0,478,5803,34,29,285,0,0,168,83,146,41,962,51152,73,0,0,0,433,0,168,0,37,0,22577,45,738,286,56,567,153,882,0,71,0,528,167,277,64,73,2958,39,0,0,49,191,0,43,3428,0,0,0,469,4290,11597,0,0,0,1558,0,52,531,0,0,501,0,0,55,18417,121,28,24,0,0,0,359,78,0,54,0,0,3327,35,0,5885,0,0,9719,0,0,74,15,265,184,24,0,0,1723,428,0,187,0,108,2642
219,0,4,0,0,0,365,0,414,251,0,0,1028,0,0,103,0,524,61,7903,71385,3246,0,0,0,0,0,38,0,5,0,100792,2084,4400,1706,218,260,61,398,0,40,0,927,0,129,1608,0,2150,24,92,300,981,7489,0,64,12,257,0,285,276,0,824,539,232,0,346,0,54,183,0,0,7873,0,0,0,1792,614,0,0,25,142,0,873,0,263,0,0,0,426,0,0,1387,0,0,112,23,0,0,2006,0,5095,42,0,0,666,4184,0,193,27,1069,1202
220,0,0,0,3268,1847,0,0,7128,1465,1176,94,10560,0,0,29,0,2505,314,1056,10666,220,158,6,0,0,727,341,7,0,0,549,53,2258,505,2097,0,1228,119,0,0,105,544,0,6849,303,116,802,3195,0,434,0,29948,0,8165,4328,137,0,108,2757,0,1989,714,0,0,297,0,99,819,31,49,1122,261,632,0,3315,954,13,0,958,3239,1199,0,158,0,738,11,66,4303,0,0,967,0,78,298,586,60,494,822,0,778,270,0,0,7085,0,0,0,25543,200,17584
221,13,17,0,95,414,1811,0,6468,86,154,18,1223,0,0,2,138,290,0,20,0,0,0,0,0,0,21,0,67,24,778,10,0,29,10,98,79595,228,16,410,60,0,116,20,1037,1129,0,0,0,0,6,1399,1333,0,3540,971,38,0,1103,123,36058,376,37,0,0,0,352,85,21117,5,85,119,146,26,1167,0,9196,3,6,0,0,0,758,102,0,10,4,19,144397,22,12,48,0,6,1,0,0,97,420,0,336,18,0,0,596,281,0,432,93650,164,197
222,53,0,39,752,19,245,0,4886,573,113,21,3279,0,0,26,323,283,0,280,22326,241,0,0,14,3247,795,59,0,130,0,3345,13,6419,1598,1017,2708,419,36,617,646,119,161,126,6940,132,99,1581,210,510,505,3943,3287,0,5344,2550,48,0,577,407,14648,7238,426,650,0,222,0,233,0,71,0,204,652,188,969,17389,156,26,31,0,0,0,117,20,0,113,33,27,6839,0,0,895,176,0,73,0,0,0,762,0,0,0,0,0,10968,377,0,594,709,1754,8727
223,0,25,0,28,342,0,0,2111,192,42,54,2136,52,0,173,738,1709,380,7035,32648,1283,0,0,0,3505,4433,98,282,3,0,54510,15453,5767,1866,269,1025,133,6512,0,0,0,4470,0,45,3369,0,1158,38,1701,366,2633,5119,0,128,241,1075,71,1397,502,0,1656,1025,0,0,282,560,16,0,1,0,6950,6,0,350,1334,601,0,86,32,270,0,4041,57,274,388,27,50,1209,205,0,2393,0,276,515,0,0,0,6185,0,269,0,0,0,104,6946,228,544,79,359,1551
224,0,0,0,0,851,0,0,864,223,66,25,1023,0,0,158,1365,801,0,15957,67210,1366,18,0,0,10849,3535,44,79,14,0,62281,7345,7437,889,58,614,104,3080,523,204,336,6405,1,33,1382,0,440,15,468,222,1402,1575,0,112,38,0,0,153,284,2755,1138,84,0,0,117,0,62,75,0,261,6874,110,0,0,2188,951,0,0,0,93,97,0,67,176,1016,186,28,533,8,0,2127,0,39,577,52,0,67,5505,0,421,0,0,0,447,7809,0,0,0,3416,763
225,0,0,0,2630,0,1837,0,16124,575,214,43,2630,0,0,77,2903,398,0,572,13859,32,0,0,0,0,1991,0,0,372,0,1111,6,1905,1359,2069,329,881,26,1751,759,0,111,1223,7925,55,214,252,7320,507,0,0,33059,35,11098,5006,0,0,1138,2362,46770,7207,2830,0,0,447,0,553,0,0,0,345,237,0,0,9185,208,147,12,0,1316,2792,0,66,0,397,97,210,4130,0,0,1352,0,72,104,0,0,615,2289,0,817,0,0,0,7604,274,0,3129,66978,3503,12499
226,0,29,0,32,863,8340,0,1676,12,46,0,526,0,0,11,688,111,0,35,0,0,0,0,0,0,766,0,1327,8,178,213,0,73,14,130,6261,69,2055,463,0,0,78,0,33,26750,0,7,17,67,147,565,626,0,126,106,0,32,3189,47,15036,18,81,0,0,0,0,2,1060,39,0,4796,0,0,1177,60,18313,0,64,0,0,0,540,623,0,1003,27,3,23329,23,1,255,0,14,11,0,0,86,2362,0,2222,124,0,0,80,982,0,0,833,237,10
227,0,0,0,725,45,0,25,7687,844,0,215,12090,0,0,39,0,1178,0,325,21091,0,0,0,0,0,284,0,66,987,0,1174,25,3237,1421,2261,0,1058,84,0,0,0,277,0,4301,100,0,587,3054,769,0,4424,22437,0,28211,5520,62,0,234,1641,0,7417,0,0,0,475,0,657,5810,145,0,1627,1348,0,0,17585,124,118,0,8634,0,488,3244,0,0,261,18,230,521,0,27,2608,0,41,238,0,0,128,4202,0,6153,0,0,0,3515,596,0,0,16402,205,12303
228,0,2,793,0,0,790,0,473,128,152,0,1485,0,0,160,0,734,253,904,109161,1404,48,0,0,7240,2011,0,152,4,0,76780,9089,8450,2283,218,478,31,2734,0,19,0,1947,31,25,393,0,722,23,814,147,954,3498,0,189,320,6863,0,82,170,3433,1078,73,383,0,128,0,27,147,0,307,7294,26,0,55,2522,582,0,0,0,0,0,946,0,0,455,61,10,620,0,0,925,0,0,222,0,0,0,3357,0,1409,15,0,0,1033,15621,0,0,39,619,1056
229,0,0,0,106,0,45,0,656,47,0,0,789,0,0,69,167,143,0,46,0,0,29,0,0,0,0,0,87,17,12019,167,2,11,24,32,25242,135,0,4,0,0,3212,0,491,1391,0,33,0,197,121,40,0,0,137,657,0,0,723,548,34625,800,0,0,0,0,0,24,7137,121,0,148,0,0,40,149,3856,0,214,0,0,0,0,332,0,25,20,263,62268,8,0,470,0,0,716,0,33,0,98,0,61,5,0,0,1073,37,115,262,2232,0,208
230,0,0,0,0,620,0,0,1216,130,220,0,667,38,0,206,693,698,669,1850,67972,2131,0,0,0,12814,3575,25,0,0,0,65587,12252,5918,1464,340,820,55,1551,166,32,0,4290,0,172,997,1044,1866,62,361,151,126,877,0,62,376,6574,270,157,321,1945,1374,311,0,0,737,0,15,273,0,0,8774,87,0,0,2049,1327,0,86,0,0,0,1406,778,55,205,21,0,385,189,0,1180,0,0,429,0,0,0,5229,0,0,62,0,0,707,24765,0,70,31,1898,1109
231,0,0,0,0,53,1467,0,5437,205,0,6,3364,0,0,5,0,510,0,22,0,0,0,0,0,0,0,0,40,0,102,2,0,0,18,160,86204,368,15,597,0,0,160,0,1229,1169,0,30,145,40,0,354,951,0,8736,214,0,0,894,633,16266,163,58,0,0,20,0,35,23850,0,0,132,27,0,5011,0,4410,12,22,0,0,0,81,111,10,22,14,23,173179,60,0,299,0,0,25,0,0,0,372,0,0,1442,0,0,672,329,0,0,49103,0,0
232,0,27,0,508,191,5920,0,6593,10,0,0,4804,35,39,8,12,241,0,71,0,0,0,0,0,0,0,20,44,23,229,17,0,0,87,0,89640,350,48,124,0,11,88,0,1973,705,19,14,0,101,16,215,619,7,366,552,21,0,341,97,8292,482,0,0,0,0,0,132,30857,40,102,102,0,56,2523,0,6133,0,0,475,0,87,101,143,0,16,19,5,174627,0,0,86,0,0,34,0,11,0,322,0,219,337,0,0,1329,130,0,112,76488,0,173
233,0,48,0,199,1723,439,0,990,31,85,6,156,0,0,15,0,13,0,10,0,8,0,0,0,0,1322,0,178,3,3955,0,0,0,6,29,18153,54,40,1,17,0,1643,0,488,1502,85,0,47,313,95,13,35,0,15,1066,0,46,1973,257,110235,695,60,170,0,0,0,7,1665,98,160,281,0,0,6,0,1893,0,215,0,85,0,0,320,0,26,49,0,61853,28,0,1221,0,2,909,0,0,0,67,0,25,25,0,0,664,153,0,101,630,14,110
234,254,0,0,13,0,324,0,750,250,0,34,714,33,0,122,4718,250,220,1233,78442,1413,60,0,0,11023,1021,0,0,15,155,86524,6514,7862,1808,137,781,87,7466,361,95,297,5591,0,247,1219,235,1049,14,64,60,1449,3945,0,9,269,2804,35,708,166,1228,1137,0,344,0,131,0,39,0,24,124,15255,118,6,95,2051,390,4,28,14,0,15,0,203,0,1989,10,12,579,10,0,580,0,0,671,10,980,0,3878,0,7089,0,0,0,840,15484,0,323,46,1353,1117
235,0,0,0,2378,128,0,0,8806,653,472,8,7098,0,0,86,806,1964,489,600,3475,165,0,0,0,0,517,0,3,49,0,1562,0,4511,1236,192,4321,1736,91,0,357,325,866,339,6498,172,34,570,1045,311,0,1854,13758,0,13515,3275,0,83,0,3216,9495,8091,446,0,452,650,0,945,0,80,253,1058,67,552,0,8743,334,133,0,0,7817,0,4845,0,63,623,184,130,3296,0,3,2764,0,46,361,0,0,525,1672,39,0,0,0,104,1289,125,0,6536,68012,744,8169
236,0,0,0,0,971,12793,21,8497,753,192,45,20911,0,0,12,0,1723,0,724,21821,98,221,3,0,1252,183,156,16,66,0,1218,0,5496,1160,1645,44,1044,203,681,2114,0,795,0,7699,50,64,1260,3171,917,68,4699,238,0,15897,4240,0,82,383,954,0,8133,228,1834,0,579,0,600,6884,92,380,394,0,0,374,8005,86,105,5,0,0,1247,662,57,0,78,89,382,2271,0,0,669,169,26,354,733,0,0,1135,10,5526,0,0,0,2698,773,0,970,63745,0,388
237,0,312,0,273,0,718,0,3810,57,48,14,2229,19,0,15,0,135,0,27,0,0,0,0,0,0,0,0,45,17,461,14,17,45,5,128,76471,153,8,0,0,0,52,0,491,365,18,21,0,163,0,760,2394,0,6735,1695,67,0,605,442,23469,508,54,0,0,0,0,103,11643,17,35,47,92,26,2320,308,7635,0,7,0,0,170,0,103,0,92,19,0,174903,42,0,158,0,0,8,846,5,139,244,0,0,0,0,0,0,140,0,1311,78575,0,42
238,0,0,0,286,1222,11004,0,6294,68,0,36,4210,31,0,0,419,511,0,56,0,0,0,1,0,21,0,0,36,57,352,16,0,38,37,634,56676,279,21,0,0,109,215,0,2303,709,0,4,174,43,0,259,4073,0,6202,0,66,0,743,224,35488,405,402,0,0,0,0,41,16961,19,74,196,157,47,3748,598,7082,7,16,0,0,82,582,134,0,12,0,21,184905,0,3,176,0,0,44,0,0,115,574,0,424,1585,0,0,380,0,0,0,37483,210,865
239,372,0,0,829,6698,0,0,1894,11603,293,0,188,0,0,893,1810,749,0,1021,6921,12,0,0,0,363,3229,109,342,75,0,8240,76,408,223,38,0,150,194,0,0,11,14703,2553,2028,128,0,815,117,1043,4702,48,53,0,503,22691,630,1031,781,591,0,8318,149,1404,0,14981,0,179,2764,0,113,1255,750,0,0,7203,320,153,34,0,0,0,0,0,0,357,475,993,3289,85,107,11708,0,7,24000,0,612,808,872,0,0,0,0,0,6813,515,0,440,2053,22,2521
240,0,0,0,46,4392,0,0,653,5595,215,18,445,0,0,284,0,222,29,1999,28351,37,0,0,0,500,1984,0,31,1,589,22779,97,1054,540,56,631,145,331,4,0,0,4627,0,468,73,0,1591,116,0,1284,37,60,0,0,2659,138,204,88,562,2944,8266,114,0,0,1956,0,52,469,17,252,537,171,65,21,20531,214,24,221,104,0,1083,872,160,0,0,93,0,3246,35,0,7441,0,5,17550,0,0,0,496,0,110,0,0,0,4518,226,0,0,12,15,1826
241,539,0,0,0,0,188,0,668,8035,198,70,1558,0,0,745,907,605,1,811,8702,186,0,0,0,0,0,258,324,0,0,4050,32,392,216,92,167,202,2185,82,334,0,8664,0,2049,52,0,1391,630,2216,4895,195,286,24,331,9967,175,1973,245,7716,0,9112,259,0,0,10918,0,65,2032,79,520,932,30,0,0,6334,179,306,768,0,111,1440,956,257,19,259,541,2493,2778,0,0,6882,382,35,20888,128,279,587,400,0,745,0,0,0,3321,0,0,374,6571,65,3064
242,0,0,0,0,0,404,0,462,9307,339,31,357,30,0,180,0,550,0,684,5375,91,20,0,0,0,0,0,14,47,0,7072,53,448,227,159,56,111,1320,0,327,0,14194,545,1112,227,163,968,823,222,1421,0,139,9,106,9402,82,792,1639,3345,0,8028,246,0,442,13823,51,72,168,45,0,1196,278,0,0,6608,136,0,1099,0,383,0,2487,0,0,157,506,6738,1390,0,40,7550,0,3,32065,0,2079,2240,836,0,274,0,0,0,4232,322,1281,156,7429,35,5010
243,105,0,413,0,145,118,8,579,840,305,12,256,0,0,17,183,281,0,41,90,0,6,0,0,0,0,0,72,29,2713,0,0,0,23,6,13889,90,439,0,151,0,1195,0,553,1449,0,26,0,195,0,23,47,0,0,1336,2,0,1977,88,64043,0,19,0,0,0,45,39,7712,40,0,395,224,0,75,36,4594,75,155,0,0,0,90,387,0,45,0,0,69953,14,0,1048,0,0,542,15,0,0,6,0,176,92,0,0,594,108,0,31,3769,63,0
244,0,0,0,293,669,540,0,660,0,0,17,109,0,0,121,0,100,56,0,485,0,0,16,0,0,0,0,245,10,1740,0,0,0,18,28,21888,66,737,22,0,0,3835,0,40,2289,0,12,5,0,418,0,41,0,18,3387,143,0,2501,743,37030,542,0,0,0,0,0,16,4154,70,141,298,0,65,40,777,4583,0,0,0,0,0,0,325,0,0,0,1564,57475,93,0,3060,0,4,748,0,0,168,231,0,0,0,175,0,0,27,0,0,1053,0,0
245,314,0,0,50,0,105,2,794,1781,131,21,926,7,0,0,603,140,86,23,0,5,0,0,0,22,2882,0,211,3,2910,0,0,0,7,31,6810,149,580,0,0,0,2743,0,265,2379,34,32,0,246,113,43,11,0,64,2133,23,0,1364,209,82453,239,84,0,0,186,0,21,6703,79,0,307,48,0,53,127,4716,49,574,33,32,0,0,987,0,19,32,106,79083,81,0,438,0,0,624,39,90,0,114,0,73,0,0,0,923,40,491,83,3938,0,528
246,0,0,0,0,0,1603,0,1809,325,150,0,3439,0,0,252,1130,3995,0,8992,23887,563,222,101,0,0,1976,0,32,72,0,20876,1708,2805,1998,198,568,88,4852,0,64,0,10284,0,341,1951,1935,2372,212,209,0,0,2247,0,243,1135,5866,0,655,843,0,777,2968,2004,1433,2477,0,6,1142,63,1127,25212,0,0,1364,205,1071,76,0,16,3215,0,1823,1878,0,0,293,728,398,0,0,1439,0,111,219,0,0,1666,11437,97,0,0,0,0,441,12039,3642,0,483,796,3266
247,0,0,0,15,1686,508,0,829,168,0,68,998,0,0,113,0,287,64,6471,85256,677,0,0,0,5829,6318,7,513,0,0,79908,1742,4551,1342,254,1854,22,369,248,66,22,2089,12,79,326,535,3516,15,0,184,1337,1053,16,0,298,568,0,989,438,1814,1019,197,184,0,294,0,14,0,0,223,7229,15,52,0,1292,413,0,0,0,83,0,0,261,0,806,84,2,986,101,0,798,45,0,245,0,0,0,2868,0,2884,0,0,0,236,5423,0,276,0,32,784
248,0,10,0,206,5217,60,6,608,5286,167,4,195,0,0,149,120,252,82,170,33019,181,6,24,4,678,3010,170,0,0,0,23738,70,544,327,8,1753,124,635,0,39,0,3919,0,390,109,45,3260,219,63,1325,127,21,0,129,2209,18,28,198,1749,14435,10635,43,507,0,339,0,23,217,0,28,412,239,51,0,17094,264,11,0,0,0,0,665,319,0,0,143,476,2952,29,14,6537,77,6,9660,0,0,0,268,79,48,0,0,0,418,734,0,0,12,69,2099
249,0,122,0,995,0,0,0,6166,481,92,85,6590,0,0,20,0,519,0,344,42928,417,56,0,0,5911,381,0,0,37,0,2461,137,11180,1389,237,5762,366,14,814,0,0,245,283,872,81,25,1190,126,0,5,1161,1903,0,2264,3892,109,0,365,603,0,8544,362,0,0,90,0,70,3580,13,0,170,72,131,0,14284,214,0,10,0,0,382,1261,16,0,72,16,34,11884,50,0,1093,744,32,322,0,0,0,371,0,517,0,0,0,2356,150,907,267,1072,676,7875
250,0,0,0,209,1366,137,0,792,4313,0,30,321,0,0,290,0,608,24,543,54117,191,0,0,0,141,3784,0,0,17,0,27192,116,935,605,0,1101,131,25,0,0,0,0,0,202,369,0,588,131,539,1205,75,85,0,29,2466,0,0,677,874,0,10436,146,0,0,695,0,75,1691,116,427,444,0,0,105,24699,506,0,400,0,0,0,694,528,0,124,0,0,3693,0,0,9654,164,0,7794,0,0,0,209,0,91,0,0,0,345,1454,483,194,0,84,2347
251,0,0,0,0,1362,9015,0,7161,697,437,175,7676,0,0,53,0,3968,1117,264,19023,0,0,0,0,0,1355,0,33,622,0,484,122,5881,608,1602,3271,2163,64,0,2114,0,465,600,15236,95,69,289,223,211,207,0,12420,0,8433,11071,496,0,463,2674,19667,3866,708,0,0,525,0,263,861,27,183,554,150,0,0,13223,311,217,70,0,477,0,1848,0,49,33,41,469,8913,0,0,1149,0,59,641,0,17,295,2567,0,1662,0,0,0,5670,387,1049,6496,48552,534,9655
252,0,0,45,205,0,2355,26,7055,503,149,45,7065,0,0,9,808,231,0,190,51655,473,105,0,0,4305,145,0,0,161,312,2542,105,9749,1747,875,8687,438,47,749,0,0,86,0,6506,110,49,1876,0,829,502,796,1165,0,1468,1286,0,0,369,625,3403,9054,444,0,0,159,0,228,3198,0,46,83,0,110,664,12070,385,0,14,1482,0,0,130,4,21,18,14,16,15888,22,0,363,0,35,175,787,40,253,740,0,630,397,0,134,1989,711,635,963,7222,1083,2191
253,2196,0,0,0,1383,0,0,961,106,225,0,3509,0,0,8,580,618,49,1092,68653,1160,0,0,0,6054,2434,0,286,0,0,79604,5074,8994,1054,116,772,81,2252,0,0,0,4714,4,115,927,0,2558,11,119,391,303,1536,0,316,423,1016,0,858,405,2319,1054,455,169,0,218,0,8,145,39,0,5513,50,42,0,551,287,0,85,5,170,2,0,93,457,1649,0,25,1658,0,0,1011,0,0,628,0,766,1028,3797,0,2078,0,0,0,616,12239,292,0,22,1600,540
254,0,15,0,45,420,0,0,1758,170,100,0,5118,0,0,42,52,1411,0,1607,74258,2984,0,0,790,4146,4084,5,80,5,0,84941,5967,6522,2310,168,1341,36,3045,247,0,0,411,8,182,673,0,649,18,110,28,356,897,0,257,264,1102,45,2314,518,785,1421,379,859,0,68,0,28,354,59,143,14302,41,0,47,490,1471,35,87,0,0,51,0,320,0,712,0,59,936,137,0,1279,48,0,425,0,0,642,1965,4,3840,8,0,0,266,9206,0,0,7,374,603
255,3469,65,0,0,1603,5166,0,798,344,27,0,665,0,0,394,1330,1831,0,6351,36410,547,329,0,0,0,19350,0,1114,9,0,24173,680,2323,2432,289,107,242,1922,0,1444,546,8964,14,299,2394,0,1762,399,532,229,1246,2242,0,310,570,0,0,0,0,0,1714,874,2056,0,445,0,192,0,86,802,30229,0,0,88,840,656,42,277,0,2076,242,0,476,108,1920,426,102,198,103,0,1059,0,39,300,0,0,0,11055,0,0,0,0,0,639,22371,1003,0,706,2108,2541
256,32,0,0,0,1848,1356,0,6022,381,159,6,7417,0,0,17,275,679,0,2506,41168,114,0,0,0,2127,542,0,0,75,0,2627,93,8301,1446,1018,2841,540,35,0,0,0,20,0,3242,97,0,1875,125,0,102,4161,2290,0,0,674,0,13,411,275,2395,5323,0,278,0,55,0,49,1283,0,0,236,0,113,1099,17754,311,10,22,0,321,0,742,34,0,0,0,27,10982,0,0,537,0,31,231,0,4,0,243,0,445,0,0,0,3995,501,1595,0,0,772,4223
257,2081,27,0,0,19,474,0,804,192,155,0,741,0,0,207,672,504,0,9210,75687,1565,0,0,0,9486,1129,3,312,3,0,96890,1168,5349,829,104,490,20,470,204,0,0,2326,11,60,1847,143,2389,21,0,142,1340,1095,0,0,41,3537,0,540,205,0,520,188,38,0,449,0,40,248,3,0,4280,41,0,38,1715,448,0,20,0,569,22,721,102,0,855,72,0,1075,39,0,1859,0,0,364,0,0,0,3306,0,1815,0,0,0,118,3333,0,275,14,143,340
258,0,0,2536,0,2585,0,0,749,8872,588,233,1889,0,0,342,0,682,0,500,16374,62,0,0,0,0,7129,206,0,17,0,6464,53,436,653,46,185,464,1146,0,292,0,3939,2448,256,0,0,800,529,0,0,0,136,0,13,4321,0,0,528,1230,0,12365,190,0,0,7914,0,345,0,0,0,882,0,504,104,1510,793,218,0,0,122,0,1873,0,44,138,0,0,5143,0,0,11957,0,0,15919,48,0,968,1223,0,1108,0,0,0,2849,212,0,2826,730,119,7555
259,0,0,0,0,7593,198,94,1674,6954,0,0,1465,0,0,781,0,1988,0,0,9960,63,0,0,0,0,5311,0,482,100,0,10579,168,251,523,357,496,227,2461,0,258,0,18542,0,1455,311,0,1316,0,0,0,0,88,0,220,17812,0,0,1438,1870,0,2040,0,0,0,4068,0,57,1246,793,1155,810,783,0,0,3670,509,0,3702,0,0,0,2203,119,0,103,0,3538,3046,188,0,20088,0,38,13501,0,0,528,959,0,3391,0,0,0,2056,282,0,154,1508,217,4854
260,0,0,0,210,15,3369,0,4526,150,358,20,4782,0,0,22,0,381,0,238,43752,86,0,0,0,2453,114,0,0,102,564,2388,188,8128,1184,628,3060,586,65,875,276,0,197,51,2372,66,18,2266,0,164,368,3409,0,44,0,1392,38,0,811,311,15304,12204,1166,224,0,98,774,284,2120,12,56,110,94,0,311,12642,942,64,13,0,0,142,1403,82,3,126,6,9,7967,26,0,733,0,18,187,0,0,0,397,0,1313,566,0,0,2996,628,785,654,1642,187,6982
261,777,0,0,0,0,20,0,998,1460,148,21,339,0,0,403,744,203,118,929,37061,154,0,0,0,954,4184,0,39,16,1606,16545,70,608,459,69,1573,235,717,0,221,0,3439,0,590,180,0,3232,198,0,2272,190,201,0,175,872,34,0,0,1984,0,13876,42,349,0,987,0,23,1213,74,0,526,0,0,13,19160,162,0,0,150,0,0,1294,361,0,48,0,340,4369,75,0,7593,0,0,6815,33,0,0,123,0,244,0,0,0,395,628,729,0,218,26,2555
262,215,0,0,1098,10226,348,0,1527,6472,0,0,777,17,0,0,0,741,0,450,16255,0,0,0,0,0,20644,0,369,100,0,7492,184,407,158,42,580,331,645,33,230,0,7428,0,2094,374,943,320,383,0,9887,27,67,0,0,174,26,210,243,666,81925,5707,0,0,0,13496,0,42,0,60,0,672,0,0,73,27660,103,138,0,0,0,0,1105,754,7,148,130,895,1633,0,0,19779,0,0,10100,61,194,351,655,0,1566,0,0,0,5005,205,762,0,512,0,6949
263,270,0,0,0,2275,1545,0,13199,912,51,29,8330,0,0,4,1767,672,0,522,21810,607,39,0,0,373,71,379,13,83,131,1730,328,7940,2073,878,6387,962,23,472,162,0,17,0,2264,71,78,1925,74,0,750,485,1296,0,1953,2538,0,0,98,843,24644,10062,1464,0,0,150,0,20,8535,0,102,369,0,167,1132,18020,726,0,21,0,3062,0,278,17,0,16,10,63,6247,0,0,454,0,0,226,454,0,87,714,0,207,0,0,0,3337,854,0,2318,821,569,8378
264,0,0,0,0,74,3240,0,5388,101,0,13,7492,0,0,0,0,582,0,7,91,26,0,0,0,0,0,0,42,37,1720,8,0,82,37,193,87069,113,30,45,113,0,51,121,208,831,108,0,0,508,0,367,7219,0,5520,761,0,0,134,276,15119,281,0,0,0,4,0,145,35682,19,10,159,0,389,1801,480,7104,10,30,0,1253,95,0,85,0,35,30,12,180184,0,0,0,0,0,0,0,0,37,417,0,0,81,0,0,0,210,0,0,39991,0,201
265,0,0,0,224,0,4449,22,18541,1349,278,49,9040,0,0,29,426,1213,0,610,23460,444,55,0,0,0,1007,1952,9,99,0,1393,191,5684,1681,1961,5454,1763,76,983,918,224,137,736,14980,68,37,329,1588,499,0,110,2422,0,6025,1530,618,201,0,1149,0,8340,1848,491,0,605,0,486,5857,0,0,886,267,0,670,7171,2339,40,32,0,0,0,3609,23,0,269,420,63,7707,30,0,1684,407,0,235,768,0,678,1104,0,0,0,0,0,0,357,468,0,28506,216,7844
266,0,0,0,0,0,174,0,903,6063,0,0,1430,0,0,391,0,232,0,2573,40941,9,0,205,0,16,0,153,237,89,0,18521,104,400,703,25,183,213,1920,15,1108,0,5175,5237,3319,0,0,280,356,0,656,59,126,0,0,3994,258,0,324,1641,0,18025,0,676,0,4553,0,110,988,419,0,552,139,0,0,12965,216,0,284,0,330,407,0,495,0,342,0,1031,2266,56,0,10926,0,5,2505,61,0,0,280,413,558,0,0,0,3940,45,0,137,789,91,5007
267,107,5,0,0,0,261,0,531,708,52,0,174,0,0,0,548,385,0,72,0,0,0,0,0,24,185,0,32,28,4284,0,0,17,1,30,23286,55,591,6,0,0,2856,131,315,1089,0,0,23,86,632,41,19,5,0,4578,17,0,0,267,62522,716,43,0,0,0,0,18,8156,113,0,244,0,0,53,0,3279,0,365,0,26,1635,0,662,0,19,28,352,63688,4,7,828,0,0,0,0,0,0,200,0,0,34,0,0,1274,125,152,85,1662,35,0
268,1293,0,0,0,1430,0,0,1383,234,95,0,459,0,0,161,262,1705,308,6017,65389,833,0,0,0,708,1053,32,94,0,0,70653,2289,7104,1488,466,1754,53,2855,181,0,0,5257,18,32,967,0,3577,32,384,459,0,532,0,0,80,4379,0,1769,813,0,790,795,499,0,200,0,57,993,0,0,2911,38,0,75,1139,1176,12,90,136,0,0,3040,357,325,273,275,90,1154,0,0,649,0,741,383,42,0,0,4983,0,466,0,0,0,245,1817,0,1321,20,0,1329
269,0,0,378,0,263,121,0,536,1547,0,0,175,0,0,504,0,159,0,0,0,9,0,0,0,0,295,0,114,0,1502,96,0,0,1,26,20391,67,176,8,0,0,1265,0,440,681,31,17,4,141,742,7,22,0,67,955,46,0,392,771,26498,840,41,148,0,0,0,0,1688,67,0,147,284,0,11,69,2937,3,72,0,250,0,0,89,0,0,105,231,54939,64,0,2542,0,5,1061,0,0,0,231,0,106,0,0,0,0,0,0,51,5761,0,0
270,0,0,0,3131,14057,213,0,212,9538,278,0,1184,0,1192,1571,0,861,0,413,26165,369,0,0,0,0,3563,169,63,12,0,15704,152,410,147,68,805,285,1527,150,300,0,2190,2170,2532,14,319,424,259,0,3318,0,64,0,367,4717,59,0,1638,367,0,4030,327,0,0,1590,0,161,2062,173,0,591,0,0,0,5406,0,143,929,0,0,0,1335,417,28,272,862,2955,3283,60,0,15560,173,0,26200,22,0,0,380,0,196,0,0,0,717,1201,0,167,0,370,5865
271,0,11,0,0,175,591,0,757,16581,0,0,2112,0,0,613,0,568,0,1091,32645,21,0,0,0,0,3001,465,0,0,0,10960,122,411,126,34,697,364,791,0,0,0,1629,537,1118,127,0,1985,289,0,1078,156,265,0,56,3003,237,0,384,496,0,8849,272,0,0,8197,0,138,1489,0,250,806,0,82,0,10232,433,124,1261,0,225,0,52,76,10,0,108,288,1925,46,8,13597,0,66,8155,0,0,1233,593,0,431,0,0,0,2509,489,0,0,1286,54,5567
272,334,18,0,0,2811,68,0,571,3113,4,3,377,0,0,0,0,331,0,1142,37126,221,0,0,0,359,477,0,146,33,0,34845,182,573,326,0,578,90,259,0,0,0,4980,364,136,99,95,1324,9,118,127,0,75,42,136,719,105,0,242,601,8760,10376,11,846,0,2543,0,45,748,321,315,304,156,58,9,12512,324,12,123,0,74,0,743,192,7,35,14,0,2627,8,22,4592,0,3,4900,0,0,132,212,0,171,0,0,0,323,287,691,0,8,22,1646
273,0,61,0,0,3341,4209,0,5532,880,325,0,19986,0,0,2,0,211,0,898,21011,216,0,7,0,390,1497,425,0,0,0,2459,0,6623,1504,1001,2150,895,53,5581,243,367,0,224,0,0,0,497,119,0,0,2046,3359,0,5063,605,280,72,552,735,0,7211,1920,0,0,107,0,508,4696,129,333,609,632,0,0,14317,2031,10,0,0,2205,0,0,78,0,210,10,203,6693,146,0,1165,0,12,59,0,0,320,1673,0,381,0,0,0,21832,591,1852,0,9372,0,7881
274,21,0,0,81,1187,586,6,4290,571,218,0,1561,0,0,6,153,286,264,551,26355,83,5,0,0,1450,186,0,0,53,0,5125,244,10588,1143,71,2356,328,40,600,31,0,520,0,3258,85,23,1223,476,0,467,1654,3222,0,2475,575,155,0,605,138,9716,7707,639,759,0,107,0,131,4834,0,0,206,0,0,447,9300,319,0,10,0,3002,0,426,44,32,35,0,0,7640,0,0,301,0,6,307,0,0,0,568,19,445,0,0,114,0,321,0,0,0,0,2887
275,0,0,0,10,904,0,0,7057,887,76,64,4144,0,0,35,2373,376,124,289,15266,204,159,2,0,1451,498,674,6,103,0,1782,117,8387,1053,0,7152,694,74,442,477,0,245,561,5241,91,0,1880,110,0,323,758,1386,25,10997,3998,36,4,37,1793,15529,8490,613,1348,0,296,0,235,0,6,61,374,80,0,2797,16524,1397,60,27,0,0,0,200,3,20,61,63,13,13861,11,0,938,0,10,147,531,0,0,889,0,0,0,0,0,1794,611,0,0,0,0,10680
276,1830,0,1049,715,86,111,0,229,10528,184,111,1363,0,0,0,0,1554,0,1362,30697,88,0,0,0,0,0,385,280,41,0,14177,110,422,610,175,1421,289,2413,0,112,0,13482,0,2803,466,0,161,454,0,3608,0,94,0,5,2524,135,562,0,774,0,14448,36,248,0,14160,0,104,1100,114,1270,1444,0,274,32,4146,485,0,638,74,0,0,1443,144,81,37,0,2434,4334,0,0,17971,1001,84,13291,0,0,408,976,0,489,0,0,0,2156,611,168,323,0,184,4734
277,0,5,0,51,70,1129,0,1476,41,0,0,2963,0,0,16,434,0,0,0,0,0,0,0,0,42,0,0,428,10,0,0,0,148,0,59,10988,90,1127,144,0,0,912,2,59,11705,0,52,27,176,0,0,1561,0,23,95,1229,0,2528,139,6736,71,0,0,0,0,0,7,1335,24,373,6488,25,40,31,0,6461,0,196,0,119,0,521,973,0,128,122,0,19436,304,0,42,0,0,43,3,0,0,127,0,969,43,0,0,99,3785,0,137,4523,178,36
278,0,11,0,1131,621,374,0,6300,595,233,0,4453,0,0,20,538,549,834,414,23818,323,0,0,27,1286,506,176,10,169,0,3759,70,7362,962,196,6186,615,38,782,0,0,377,0,8681,114,0,1505,49,200,387,4366,5122,29,3603,1577,44,0,192,193,0,8629,128,0,0,165,0,323,5669,14,0,377,0,92,0,14471,1235,0,29,760,2877,0,918,70,7,99,0,38,13372,20,0,949,0,0,168,0,0,0,779,0,133,120,0,0,2729,344,660,844,569,71,3404
279,1233,0,0,972,0,1511,0,16664,835,0,0,8124,0,0,29,2456,880,0,779,33419,0,0,0,0,3557,524,0,18,126,0,994,185,7454,1992,1713,608,944,71,0,118,0,369,0,14028,68,0,845,3438,0,303,14402,2431,0,0,1649,281,0,1767,0,9179,10722,0,0,0,422,0,893,0,133,162,488,282,0,0,4338,297,19,163,0,3501,0,0,0,73,206,18,153,4911,0,0,2210,0,79,171,176,105,462,1271,24,0,0,0,0,6402,429,504,10177,20150,0,5279
280,0,0,0,52,0,0,0,1801,421,172,147,2247,0,0,291,0,1256,321,3792,45078,217,56,0,572,2789,2000,9,0,21,0,52324,2314,4801,1128,622,1359,128,4161,318,109,0,2713,6,189,2568,1211,2695,19,79,172,1318,2106,0,152,424,6076,0,0,584,4093,1277,293,0,0,176,424,68,304,28,0,25264,36,40,275,1636,613,16,110,0,0,0,2660,956,524,1456,30,13,1280,0,0,5117,0,181,495,0,303,141,5855,0,2183,0,0,0,635,4940,0,69,69,178,2677
281,6507,0,0,207,53,2967,0,2718,392,0,0,3526,0,0,77,2097,730,0,2175,32748,1711,0,117,0,0,3115,0,219,31,0,37626,2597,4859,1457,232,259,125,5677,255,74,0,4573,0,150,1338,235,2886,187,2113,0,212,1083,0,271,0,13937,399,0,0,2332,718,860,1124,0,1174,0,87,78,31,0,39903,53,0,150,1140,2152,20,311,0,495,349,4674,552,808,2012,100,21,893,371,55,2067,0,723,301,197,0,145,3014,16,9503,0,0,0,1425,260,0,0,276,3224,1658
282,876,0,0,1339,0,0,0,4511,400,476,86,15179,0,0,44,0,327,57,258,29848,318,0,0,0,3554,805,0,85,65,0,1403,51,7323,1934,908,4345,590,115,315,155,163,534,0,4232,171,2,1242,1138,0,1170,9039,5557,25,12900,3245,371,48,707,432,5183,11572,1752,0,0,317,0,241,8299,79,0,595,235,0,1715,6780,732,14,0,2664,0,0,714,40,0,68,0,0,12428,0,0,728,0,0,213,0,0,0,1076,53,374,0,0,0,2523,794,511,3278,4781,351,10903
283,0,24,0,22,0,0,71,1500,611,81,0,3358,0,0,265,984,749,111,2880,61403,1401,0,0,0,8749,3172,0,153,10,0,32095,1596,4960,1893,30,1373,58,7897,0,53,0,6481,0,116,2772,130,3149,32,171,0,342,2171,0,405,117,7469,595,2076,1065,0,1144,710,1074,0,496,0,114,244,13,80,23857,150,0,0,621,982,0,156,0,624,0,0,133,0,1928,110,45,1238,0,0,1690,0,0,584,125,0,0,9211,0,17260,0,0,0,427,5108,0,0,16,766,2225
284,1613,0,0,0,7039,0,0,863,2780,302,0,1146,0,0,54,173,515,71,1934,32352,19,0,0,0,762,2445,0,40,53,0,14157,71,402,283,55,1327,268,2604,7,196,0,1874,481,791,68,174,2499,380,0,0,72,139,0,221,8100,19,869,1211,2058,0,14409,49,251,0,2090,0,171,1933,584,265,404,0,121,91,9607,508,0,338,0,21,0,0,0,22,57,0,1553,3058,65,0,8133,0,0,6013,0,0,0,624,0,0,0,0,0,560,141,0,132,230,18,4048
285,0,0,0,0,0,2530,0,17055,1210,435,0,7528,0,0,47,840,1047,0,537,14897,173,0,4,0,0,95,0,0,213,1437,1277,25,4016,556,409,911,1652,175,1757,0,0,0,0,4314,245,33,765,599,791,0,0,5171,0,37990,2581,0,94,0,0,0,7534,892,0,0,417,0,43,0,38,87,332,0,0,2717,5992,1767,0,0,0,0,0,2589,49,101,123,6,225,8980,0,0,1147,1229,17,183,2394,0,234,930,147,1447,0,0,0,1838,575,0,1136,15492,5457,19974
286,0,2,291,214,0,288,0,453,911,0,0,165,0,0,99,0,34,0,64,0,0,0,13,0,0,272,0,30,0,0,0,0,1,0,16,16763,15,8,0,0,0,857,0,113,1064,0,0,25,0,0,23,0,0,0,552,169,0,678,56,51447,0,0,0,0,0,0,0,2321,68,64,178,0,0,17,0,1355,24,245,0,0,0,0,459,11,17,90,0,62153,91,0,3286,0,0,349,0,0,0,0,0,71,0,0,0,846,24,350,0,7186,4,205
287,1692,47,0,2863,0,9822,0,10251,636,0,0,41112,0,0,0,3246,713,0,1555,29242,0,0,0,118,0,2308,0,0,135,0,507,247,2962,880,0,6242,3728,177,0,620,0,0,831,2110,140,71,5,1544,277,0,0,14556,0,7352,2514,166,150,651,0,0,5000,244,2839,0,219,0,450,17577,42,0,390,0,1671,2163,10076,1558,0,17,0,0,0,2300,40,0,497,0,266,11904,0,0,463,2653,0,71,0,0,0,1106,0,0,0,0,0,14535,297,0,1362,26598,2608,19282
288,0,73,0,0,101,2246,0,4892,11,0,22,2389,0,0,0,0,242,0,0,92,0,0,1,0,0,0,0,27,10,433,0,0,117,23,232,88295,266,10,0,0,0,0,0,1138,524,0,0,256,0,0,767,875,0,438,537,0,0,1627,32,18161,304,41,0,0,17,0,24,20483,2,0,155,64,0,0,0,4541,0,30,0,0,0,0,80,0,0,32,0,161189,0,0,196,0,0,29,0,3,0,337,0,0,113,0,0,392,158,0,246,96565,0,0
289,0,0,0,0,7591,0,0,730,10285,562,126,431,0,0,385,365,758,22,1688,14639,46,0,0,0,118,1983,148,99,39,625,14684,40,396,251,52,998,41,2530,58,59,21,6334,172,488,113,117,1933,187,348,3785,104,104,0,0,5866,72,478,221,354,14266,7998,227,39,0,3063,0,49,1517,0,475,1713,691,32,53,7209,512,57,425,0,0,0,547,143,6,277,34,450,3452,86,0,7811,0,11,16600,0,0,384,500,0,0,23,0,0,2312,66,0,376,137,41,6480
290,104,0,0,0,0,0,0,6744,1143,688,134,5210,238,0,81,148,929,0,1083,21554,48,0,0,0,3171,636,303,3,286,0,1764,285,3250,861,1528,4729,375,50,2851,64,29,493,393,8653,92,0,1146,241,237,522,6413,5441,28,2662,2167,301,21,310,847,16668,7817,1233,1428,0,56,0,239,2308,11,151,648,65,0,0,5817,68,0,0,0,0,0,2015,37,30,191,0,17,9355,0,4,1098,0,29,573,0,0,76,1845,0,0,192,0,0,4635,392,0,2550,807,757,10739
291,0,0,4231,80,0,0,0,1635,346,22,16,4966,0,0,1036,0,975,177,9148,69091,1677,0,0,0,3787,1115,17,287,16,808,47664,5302,3767,1678,595,1239,68,6487,855,73,87,2748,48,413,759,323,791,28,411,212,1214,3913,0,117,298,2658,130,4553,643,0,1130,263,1095,0,533,0,143,84,20,327,23707,102,0,241,732,848,0,174,0,0,0,0,109,115,229,13,0,1090,58,0,1005,81,77,389,60,3146,0,3865,0,860,0,0,0,483,5669,0,94,0,0,1984
292,0,0,0,0,0,2331,0,4796,66,18,20,10813,0,0,14,0,123,0,10,0,234,0,6,0,17,0,0,38,0,703,0,0,85,31,0,62380,290,10,0,0,0,195,158,3609,616,0,0,0,0,0,669,0,24,1922,809,129,0,0,238,13679,363,0,0,0,10,0,0,31032,0,0,57,133,498,0,0,4308,0,30,0,1612,212,0,47,0,0,46,29,168862,7,0,206,0,0,35,0,0,503,281,0,963,173,0,0,0,0,2351,677,104408,0,479
293,0,0,8350,0,3226,4352,0,1283,295,0,57,7749,0,0,209,880,998,0,5007,29857,1405,0,35,0,0,11575,40,0,11,0,16720,3984,2825,722,737,339,172,1437,0,0,0,908,28,504,2092,0,2582,43,278,0,939,8900,0,684,0,1468,0,3811,585,0,591,917,0,0,2033,0,173,1427,39,0,21772,0,0,379,985,1562,91,156,28,177,0,6340,163,929,2072,368,267,1193,97,20,1518,0,0,515,0,0,615,12082,13,43140,0,0,0,809,0,544,0,1225,1328,1945
294,0,0,0,14,33,1175,0,1031,16,0,0,415,0,0,0,0,513,0,23,0,0,0,0,0,0,1299,0,905,5,1134,451,0,0,3,0,22957,47,914,0,0,105,1541,0,131,8693,0,20,8,38,82,0,3982,0,34,123,1721,0,0,13,5686,34,120,0,0,0,230,60,1017,0,0,6174,1,0,233,0,4085,0,101,0,0,0,760,427,0,328,102,42,16186,0,0,154,0,0,61,0,0,0,1020,15,0,370,0,0,381,1995,287,0,2770,0,40
295,442,0,0,784,6419,0,0,702,5874,216,0,1075,33,0,480,266,1106,40,1678,31968,72,0,13,0,248,977,0,17,34,0,8727,38,559,586,73,1439,188,1630,0,66,20,6994,773,1040,404,95,1517,50,534,4554,86,158,0,0,4151,286,0,57,957,15194,12025,118,273,0,1324,0,57,1098,304,0,1005,292,53,72,11249,199,180,0,0,141,0,529,221,0,165,0,1406,4675,0,0,7146,0,7,10683,0,0,0,499,74,108,30,0,0,2508,373,80,147,262,0,7311
296,0,0,0,182,0,0,0,212,440,45,0,476,302,0,29,0,913,0,4346,69027,76,0,0,0,0,5075,25,0,32,0,23344,7596,3522,969,343,1325,82,10795,448,297,0,6729,89,233,10993,0,3128,36,1169,461,0,8489,0,0,253,3268,507,1563,482,0,1036,179,0,0,578,0,204,869,0,637,35193,0,0,374,1047,1733,14,342,0,0,0,1954,246,345,457,107,12,1534,0,0,594,0,0,466,0,0,819,9293,2,0,208,0,0,224,5965,0,156,0,185,2001
297,0,16,0,383,0,168,0,1372,20683,43,0,877,0,0,81,622,62,0,1769,9092,109,0,0,0,0,2179,0,79,0,0,2479,91,164,350,0,142,164,2130,89,320,0,10214,877,1541,287,68,1050,1219,522,1551,232,48,107,113,4374,255,1812,0,332,0,11617,432,0,0,7270,0,195,0,0,792,146,0,0,0,13030,199,235,0,0,624,5454,528,182,344,27,428,6401,2569,284,0,21783,577,16,16832,0,0,0,321,0,0,0,0,0,0,2072,0,0,1908,27,10357
298,210,0,0,33,0,370,0,1040,15247,298,11,864,0,0,623,1394,632,67,751,25388,77,118,0,0,655,1444,0,0,42,0,4343,60,393,355,149,1842,499,1635,20,0,3,8212,0,1416,629,0,28,39,0,3524,31,61,17,199,9986,75,191,866,866,15369,5579,159,1677,0,3365,0,57,757,0,89,1891,33,52,29,5182,718,0,329,0,0,926,141,391,0,113,169,585,6204,26,3,6515,491,9,38648,0,0,415,1422,142,257,0,0,210,1788,71,97,0,47,109,9960
299,16570,0,0,20,691,5900,60,4289,523,0,0,4920,165,0,259,0,2103,420,900,44308,0,0,0,2674,0,160,0,415,0,0,23816,832,4300,1765,120,586,109,2220,780,196,0,0,0,108,2787,475,1932,29,0,0,962,0,0,368,0,0,0,771,512,0,1837,0,0,0,1457,0,160,0,17,0,12999,179,0,90,1014,2160,156,790,0,3170,27,0,1616,133,2894,460,202,1076,0,0,1389,0,430,528,0,0,418,10016,0,9158,159,0,0,808,17282,2674,150,1247,1189,871
300,0,0,0,0,0,2001,0,9897,846,191,39,25339,69,0,38,1842,1411,114,789,12735,31,0,0,0,813,0,45,7,98,0,2670,262,7319,1019,1411,5455,531,189,845,0,0,539,115,8322,45,107,612,81,0,341,3953,4866,0,4501,5312,96,0,659,516,10551,7366,776,1998,0,115,0,687,3772,17,0,701,893,61,0,11009,857,3,9,0,420,236,306,22,0,128,17,47,9466,56,0,852,0,2,487,123,0,318,811,0,2396,0,0,0,955,172,140,6648,0,0,11990
301,0,0,1522,111,301,797,0,1824,329,31,150,2156,0,0,212,3049,1385,0,8500,37087,285,0,0,0,0,4725,0,153,40,0,34559,5464,3870,1752,474,477,0,365,2917,106,481,11096,5,0,4839,0,148,52,0,0,0,0,0,109,44,4313,1666,271,183,4262,2229,753,0,0,1401,0,104,102,60,0,13414,58,529,1379,1064,1301,39,0,0,935,441,0,229,1652,527,145,397,1380,90,0,2158,0,131,434,0,0,0,4157,0,0,0,0,0,478,17147,826,811,478,1411,2755
302,14,0,0,1093,0,2326,0,9121,0,53,22,4731,0,0,3,0,403,0,4,0,0,0,0,0,88,0,0,11,19,224,10,46,202,18,573,70261,433,44,370,0,262,117,83,620,202,0,23,69,273,0,976,3788,0,747,2655,217,0,0,206,30289,415,474,527,0,0,0,54,5309,0,38,130,51,0,2553,218,4032,0,16,0,0,39,358,104,0,76,10,46,183541,68,0,0,0,0,0,0,0,0,111,24,0,257,0,0,575,184,0,0,118037,120,245
303,0,0,0,0,156,0,26,1111,11438,1189,17,540,0,0,169,0,614,0,3129,20012,0,291,59,0,0,6906,68,0,22,0,3336,47,331,319,6,1580,361,356,19,567,0,5759,92,618,172,0,1721,912,616,0,0,169,0,89,2216,72,0,699,364,28123,16441,124,3540,0,11304,0,96,2384,327,590,556,82,0,46,18628,416,467,0,45,142,1687,643,826,65,0,54,1615,4216,20,152,17761,0,71,18940,0,1218,0,285,7,672,0,0,0,636,532,0,336,516,477,4721
304,0,0,0,449,1180,0,0,1538,11572,0,0,540,0,0,0,1550,959,26,626,10778,6,0,0,0,0,2218,0,0,0,0,2235,112,318,406,124,786,149,3164,367,0,0,554,614,0,197,741,1412,1120,4516,649,0,190,0,0,1115,351,3975,1115,5500,25082,11148,0,0,451,4763,0,214,3411,274,0,624,177,0,0,1779,3460,135,706,0,129,0,0,633,133,368,245,5917,5200,0,0,32290,0,54,17008,0,0,0,879,0,719,0,0,0,11481,0,0,258,1299,480,2666
305,0,0,0,0,0,0,0,6483,971,0,18,7353,0,0,25,2303,1030,0,503,20053,491,32,0,0,492,653,0,3,90,958,1884,74,6066,1220,995,6222,794,40,425,0,0,302,53,11099,126,0,829,405,0,855,5032,11830,0,0,1354,17,12,307,227,9123,2889,485,0,0,215,0,216,0,12,31,783,0,0,2712,4204,223,6,0,0,910,0,1620,151,13,132,2,94,6655,0,13,1757,0,0,59,895,59,0,713,0,1196,0,16,0,2973,84,0,0,2237,191,31124
306,0,0,0,0,0,971,0,2395,499,0,0,8887,712,0,186,819,1677,0,4581,26628,469,0,0,0,0,729,0,1644,32,0,15833,0,2720,2678,297,888,399,0,724,0,0,4150,88,219,2414,0,2438,284,0,0,409,4294,0,259,0,7791,627,112,0,552,1306,1229,0,0,2644,0,0,144,0,174,10067,22,0,0,675,2316,19,0,0,1184,72,8695,33,275,946,268,495,1492,0,22,1536,0,0,913,0,0,0,9542,0,9951,0,0,0,0,10553,0,0,706,5404,2110
307,0,0,0,0,7825,0,0,765,4547,225,0,407,0,0,961,1253,585,67,515,6585,9,0,0,0,209,1523,0,0,32,4082,9368,0,534,289,47,1012,221,1341,41,221,0,5018,408,1896,241,309,2430,479,1608,1476,88,51,42,62,8054,392,0,0,1720,0,8039,14,1397,0,4921,0,70,3182,421,0,1182,85,33,53,16511,635,24,209,50,0,0,0,0,16,44,0,0,3844,16,0,10697,0,18,10202,0,0,0,478,0,107,0,0,0,1634,251,793,686,354,91,10475
308,0,0,0,298,1467,83,0,396,1229,98,17,472,8,0,256,0,559,0,78,0,0,0,0,0,13,90,0,142,40,2079,34,0,0,4,49,17842,76,807,12,0,0,3040,22,1051,1475,80,19,17,431,494,0,87,7,48,3567,60,0,533,355,47113,103,0,0,0,0,225,15,799,54,0,330,326,285,26,126,996,0,154,0,0,0,263,222,0,73,343,495,70263,25,27,2812,0,13,769,0,0,330,249,0,315,64,0,0,292,340,934,179,1206,16,53
309,722,0,0,1081,128,0,0,1168,11193,521,0,854,0,0,350,0,409,0,938,12026,98,0,0,0,246,3108,121,26,69,0,6700,108,416,202,105,1687,269,274,31,163,8,3079,0,1706,342,406,432,328,0,2327,95,167,17,133,6582,0,0,0,859,34480,11002,0,525,0,2895,0,48,985,64,1860,1140,79,0,32,3950,497,118,0,0,0,0,536,368,0,0,54,974,3352,0,0,2435,0,0,8576,0,0,1918,751,94,0,0,405,0,0,802,2006,176,120,0,18188
310,297,50,0,0,2043,2027,0,9540,1199,401,0,3085,0,0,25,0,1217,225,940,21049,609,112,0,0,1442,189,379,7,216,0,1526,91,3133,1032,306,6342,648,39,1473,304,0,189,608,4872,173,97,651,1295,80,186,1723,5166,0,3286,4360,65,5,374,1069,0,5754,693,0,0,21,0,193,0,24,131,577,665,150,830,4626,2084,22,12,0,1288,0,1095,119,6,121,33,26,7728,0,0,1007,0,0,283,0,0,40,1246,0,451,0,0,0,144,41,674,4640,2239,805,23967
311,0,0,0,0,0,0,9,16291,1001,66,0,11144,0,0,84,0,1195,0,1370,28416,195,0,0,0,0,1025,256,0,310,1381,947,0,2666,582,1096,3560,1441,92,0,433,0,712,0,13986,216,0,906,1127,0,386,0,7678,0,25146,1175,0,0,1288,381,12299,10194,269,0,0,663,4830,0,10982,102,0,210,0,0,5548,1263,2158,147,0,0,857,806,750,146,28,138,225,147,19171,0,0,2467,0,0,88,1561,0,797,1069,311,0,0,0,106,3161,951,2190,4094,19729,1799,11862
312,0,106,0,51,812,7911,0,1820,69,221,0,1798,0,0,294,467,455,203,1183,0,340,50,0,0,0,0,0,44,7,470,0,0,107,125,97,13759,48,4162,0,0,0,2566,0,112,6581,0,86,5,2312,0,0,5018,0,117,188,2018,126,0,0,4866,69,196,0,0,0,0,79,1256,4,0,27436,0,47,1006,0,3869,14,0,0,227,0,0,495,0,643,94,230,16606,83,0,163,0,0,150,0,2816,0,4250,0,0,256,0,0,116,1887,0,628,2300,100,130
313,0,18,0,168,748,54,0,310,0,163,17,171,8,0,316,0,178,14,37,0,0,29,0,0,14,0,15,47,0,0,0,0,4,0,89,18186,52,390,0,0,0,2972,0,458,1154,0,0,34,0,0,0,53,0,35,3293,146,0,0,595,10379,242,122,0,0,0,0,28,2704,0,144,465,0,0,39,0,776,0,104,11,173,0,219,125,0,0,31,238,65809,38,0,951,0,0,996,25,0,247,170,0,72,76,0,140,369,106,977,0,5909,6,27
314,0,19,0,0,2218,1,0,797,475,0,41,602,13,0,269,0,201,56,113,0,0,7,0,0,6,432,0,41,0,9524,307,0,0,0,89,14698,98,448,20,0,0,0,0,865,639,0,23,0,338,299,12,40,39,94,1595,26,195,0,249,50511,489,66,0,0,0,0,150,4163,292,338,239,0,66,0,128,1424,0,910,0,0,5061,139,464,9,13,329,0,65858,20,0,1383,244,0,1871,0,306,0,250,0,106,0,0,0,1432,92,0,0,5463,67,0
315,34,0,0,0,280,0,0,8487,1415,198,0,8595,0,0,0,0,944,916,624,20266,189,55,0,0,1500,570,0,24,320,0,699,32,7078,1172,295,2057,575,121,2165,509,0,77,134,10809,136,64,1039,1308,73,450,4491,8655,0,1020,2762,10,0,0,208,0,1696,50,210,0,412,0,522,3150,6,160,1371,0,99,634,5610,860,27,36,0,917,0,0,91,130,608,87,0,14465,0,0,368,0,0,226,0,0,0,1192,27,3258,0,0,0,2283,702,234,7092,9759,545,26948
316,2155,2,0,29,0,0,0,3277,5,101,0,7624,0,0,210,0,3670,273,2765,4421,284,0,0,0,2978,0,7,0,16,0,21899,2706,2714,877,712,1715,138,3317,361,249,66,9738,0,448,2976,405,1185,56,495,56,1374,1737,0,192,446,9661,120,0,33,0,910,407,765,0,379,1132,205,905,28,137,22492,0,0,0,1179,1189,11,664,150,0,0,1410,1593,79,0,0,83,1776,0,0,1441,0,136,768,0,1322,2521,11289,0,12824,0,430,0,444,13161,3066,635,142,2048,4581
317,1688,0,0,0,1702,158,144,763,4524,0,0,769,0,0,660,2507,1091,0,3814,5897,20,0,0,0,0,5556,0,0,25,0,927,57,324,132,18,1959,305,1479,28,451,0,2847,843,694,71,895,1198,434,418,0,159,83,268,86,1723,224,306,269,2580,0,6375,148,1748,0,4393,0,12,516,146,678,1283,0,472,57,1311,704,202,1692,0,0,3259,0,404,34,144,2131,2063,4725,66,0,22325,813,19,4024,14,0,0,563,0,311,81,0,0,8462,8,2249,231,3576,36,8515
318,72,0,5,739,1453,0,0,7240,499,98,0,16149,0,0,75,573,685,355,417,10937,266,0,0,0,0,264,0,31,84,0,1464,153,5664,1143,1417,6224,972,143,1948,139,0,928,472,7984,372,255,1123,121,62,688,2614,5060,0,0,2103,260,0,133,989,8709,6724,153,604,0,177,0,114,11804,19,0,937,0,446,1227,5178,606,0,0,0,527,271,699,23,0,30,30,170,16990,17,3,1217,0,12,145,781,49,0,674,50,979,0,0,0,1601,51,2894,1243,1553,790,24102
319,0,0,0,248,596,32,0,341,0,40,0,724,0,0,69,0,192,0,69,0,0,0,0,0,0,0,0,35,13,0,0,0,0,0,23,24979,0,3847,0,0,0,7763,0,487,450,0,17,64,448,21,0,79,0,1,652,120,311,0,905,34586,38,116,162,0,0,0,5,2954,0,0,296,0,0,0,0,492,6,134,0,201,0,0,362,0,107,66,1141,41483,0,0,390,0,15,2398,0,736,0,69,0,0,0,0,0,1617,0,38,0,6225,5,0
320,0,0,0,0,0,8591,0,4083,853,762,0,16047,0,0,51,0,1241,0,218,6620,262,0,0,0,0,1636,0,0,719,0,429,91,3896,306,1374,3400,1457,119,2437,416,0,532,353,6570,410,0,0,1330,0,0,8911,886,0,6487,2128,177,392,500,0,14175,13437,0,1981,0,197,0,754,16136,0,1129,495,478,0,2429,6963,1976,100,54,0,0,216,0,50,316,30,117,150,19230,0,25,1029,0,47,752,1493,60,766,662,72,695,0,0,0,10460,410,3006,0,115513,7439,10712
321,879,0,0,0,0,470,0,1331,7999,237,31,1258,0,0,467,1288,786,0,1317,16479,257,0,0,0,36,837,0,0,19,0,14653,73,312,107,53,2223,237,1647,41,0,0,7793,171,2406,226,0,1598,46,270,3531,198,110,0,212,3996,322,0,1747,652,36940,6536,445,1711,130,1877,0,54,270,142,648,1540,329,0,100,4086,774,119,0,0,194,0,0,616,0,36,0,236,3900,0,0,4234,0,0,17711,0,0,1174,256,0,0,0,0,0,745,953,1778,404,133,291,5559
322,38,76,0,0,1626,0,0,4784,442,300,0,8860,0,0,48,0,1399,0,492,21656,306,0,1,0,0,509,168,22,310,1986,1608,0,3174,549,498,12830,311,127,894,0,0,436,84,13461,168,0,747,305,159,0,6829,0,0,3546,2831,151,156,592,317,6156,5799,0,0,0,229,1262,383,8914,3,0,394,211,0,0,7818,1502,61,17,0,1055,0,164,87,19,98,25,86,9957,72,0,1470,29,0,187,719,0,754,1635,0,333,0,0,0,1810,261,0,8859,1078,914,23079
323,0,0,0,0,2625,30371,0,18744,205,480,0,2487,0,0,16,2327,549,376,817,9308,91,0,0,0,0,0,0,15,41,0,1470,167,4484,1162,0,7213,1698,128,0,0,0,2229,0,6479,317,0,1229,363,0,191,1344,0,69,2464,0,0,0,0,1719,10584,6534,0,0,0,947,0,0,6589,29,167,179,0,0,3662,2838,3114,86,0,0,0,490,0,0,214,22,50,723,8911,215,0,1248,0,23,237,0,0,0,277,0,0,0,0,0,11676,0,0,0,24320,4652,5360
324,0,0,0,0,3778,692,0,2653,502,389,0,6646,0,0,638,0,1122,0,4987,16968,57,772,61,0,0,7044,0,0,49,0,13358,0,2241,1876,0,476,207,7106,0,161,0,4725,39,297,1669,0,296,16,0,244,0,6199,0,384,298,6853,0,2038,273,261,820,0,0,0,667,0,156,497,67,0,17263,0,0,0,588,2623,134,337,17,0,0,0,370,0,2961,0,335,235,299,0,3859,44,0,730,46,0,0,8242,0,0,0,0,0,304,11667,0,0,597,5445,4204
325,0,16,0,0,5158,1840,0,2408,368,0,0,3397,0,0,0,2077,1368,0,6754,8170,0,0,0,0,0,3197,0,383,31,0,17405,1379,4103,547,90,3878,278,4368,0,72,0,2540,0,200,2519,0,1319,146,1395,55,895,260,0,285,92,2330,107,343,73,5308,1392,171,0,0,1214,0,73,57,35,447,22681,14,0,433,629,1985,0,397,42,1816,322,0,863,1191,999,372,315,1768,0,0,4963,0,382,550,0,0,0,8356,0,15104,0,0,0,776,9604,0,518,1487,881,1617
326,0,286,132,0,409,5631,0,5687,2159,2832,0,25538,0,0,0,2410,508,0,115,13957,0,0,0,0,0,456,0,22,292,0,544,228,3107,879,83,3065,2425,112,0,0,70,1764,1968,14073,308,0,710,0,0,369,0,2142,140,18605,4478,82,125,730,307,0,5659,254,0,0,580,0,221,13216,133,159,476,0,0,5697,8340,0,0,0,13466,1331,0,976,0,0,26,665,0,11515,118,0,2453,0,42,76,0,0,0,913,0,0,0,0,0,0,872,1029,4810,13824,4859,10461
327,0,0,0,0,790,150,0,1039,727,9,0,520,0,0,64,129,955,42,80,0,0,8,0,0,4,1913,0,106,25,9681,150,0,7,0,94,10992,119,715,19,0,0,6610,127,1236,1080,0,0,35,0,1139,21,101,0,232,4438,229,33,0,407,50628,934,74,460,0,453,0,48,2614,254,0,620,219,0,82,0,1122,0,248,0,0,0,0,636,0,94,159,196,59966,41,0,1247,0,0,791,0,0,302,513,116,56,29,0,0,520,0,304,19,6306,0,213
328,8583,0,0,117,1373,1633,0,2551,501,113,97,7351,0,0,118,0,2363,187,15364,11607,0,100,0,0,0,4251,0,0,0,0,7234,748,2263,2026,0,86,342,8546,0,229,0,4485,0,26,5596,0,1383,97,0,275,0,3811,0,178,324,0,0,1514,287,515,585,0,1427,0,2301,0,81,428,57,2600,12884,183,0,70,698,1738,0,44,0,1080,304,0,394,0,2743,100,94,745,150,0,3583,0,0,677,0,0,701,11130,38,1133,136,0,0,549,8294,0,1069,794,5055,2733
329,0,0,0,537,0,1307,0,9386,301,2657,0,27430,0,0,55,0,388,0,1303,33092,0,0,0,0,0,42,0,79,0,0,1529,0,5083,620,1365,9349,1252,55,0,2575,0,226,0,1958,111,546,1374,2287,0,339,0,4737,0,15835,4383,0,0,0,480,2155,4763,245,0,0,228,0,569,0,0,0,288,0,0,5267,3488,1654,168,0,0,14413,0,0,94,0,413,384,42,15137,0,0,0,0,391,194,0,0,0,1963,0,1165,693,0,0,5558,197,0,5150,8496,1841,2698
330,740,0,0,0,1732,0,0,12708,1047,449,0,23855,0,0,14,1195,1169,235,1835,11015,211,22,0,0,0,453,15,11,46,0,1057,119,6729,1179,1596,4317,1147,65,622,0,955,229,532,12286,106,520,307,1123,0,201,9701,9489,0,10516,5325,47,0,298,1186,5219,9224,0,176,0,114,0,210,15320,0,199,1055,220,183,553,7039,1750,0,0,823,2914,0,1109,85,0,401,95,60,10521,0,0,463,0,0,90,0,0,588,2307,0,3406,0,0,0,10022,192,0,3482,2569,0,7498
331,0,0,0,77,3621,773,21,1733,330,0,26,4734,0,0,454,1181,1268,171,6146,17605,964,0,0,334,0,303,0,571,26,0,27015,4182,4780,3278,0,1849,218,10808,0,134,644,3463,25,175,10391,0,391,168,295,371,784,7248,0,187,347,4530,0,1233,1253,285,470,681,568,0,1872,45,34,310,67,1060,20845,86,0,0,897,2267,17,79,145,414,415,1353,433,752,806,374,254,1624,0,0,2976,0,0,113,0,0,0,4455,0,709,0,0,0,466,4398,2689,519,252,705,1880
332,0,10,0,226,338,107,0,539,1287,6,20,341,12,0,455,185,300,0,8,0,0,0,0,0,17,0,0,67,10,3087,0,3,8,0,30,20293,79,644,20,0,0,5057,0,403,741,0,0,96,538,212,0,77,11,0,1882,168,0,0,94,29994,143,14,255,0,0,0,16,2354,0,0,543,89,0,9,216,1201,4,0,0,29,209,0,274,0,26,408,0,33580,7,0,246,0,4,2688,56,0,0,105,0,125,136,0,0,319,21,0,54,11381,14,56
333,259,0,0,322,355,2941,0,7204,0,0,35,5913,31,0,9,0,298,119,97,0,0,0,0,12,71,0,0,18,75,0,12,0,37,0,874,46217,538,68,0,0,0,390,79,2099,637,87,33,126,32,238,0,4722,0,13909,2010,0,6,0,231,29329,1097,0,490,0,0,0,304,9795,0,48,385,167,0,2887,508,3101,0,20,0,902,69,0,16,0,72,82,31,175865,63,0,32,0,0,10,0,0,0,657,39,231,0,0,0,936,80,0,1089,94398,90,0
334,1170,0,0,24,0,0,0,478,0,0,0,1557,0,0,44,192,618,173,533,356,0,0,0,0,169,3009,0,322,3,0,1053,74,31,0,197,18884,35,3586,263,0,0,1411,18,31,4725,0,0,0,0,280,0,2307,13,0,338,622,0,407,190,2766,0,157,0,0,19,0,17,516,9,313,15053,82,0,37,18,1796,0,231,3,0,89,0,19,0,589,37,12,12015,0,10,621,0,0,68,31,0,0,4666,0,279,31,0,0,12,2873,0,338,8499,76,62
335,0,25,0,0,0,4564,0,6840,95,41,0,7378,0,0,37,0,428,147,2,0,0,29,0,0,0,180,0,45,0,0,34,0,0,97,621,88756,945,145,0,259,0,279,0,4322,537,0,0,0,0,0,308,2901,0,9831,1621,21,16,0,611,7507,246,487,0,0,39,0,88,14646,0,0,215,0,177,1719,0,2031,0,100,2012,687,62,382,114,40,219,39,50,125591,39,0,0,0,0,18,0,0,0,746,0,0,0,0,0,3384,201,0,560,113117,257,667
336,0,0,0,1410,0,72,0,3814,10481,133,0,707,0,0,0,0,100,0,574,15822,0,0,97,0,0,3278,0,69,26,0,8925,76,351,207,28,1725,187,1179,0,1204,0,3590,629,1805,310,0,2469,504,218,3478,0,9,0,0,8478,80,87,0,42,35704,9664,33,4536,0,7723,0,11,3164,296,0,1288,0,0,85,7565,862,146,396,0,57,1980,0,1668,95,15,393,2184,7479,176,112,4363,0,13,8296,52,0,0,850,0,1382,102,0,402,1820,128,0,0,550,118,5788
337,449,0,0,1291,0,69,0,776,12171,325,36,1382,164,0,721,1440,752,0,1593,13522,196,0,0,0,113,4688,0,0,143,0,4702,142,282,74,128,3896,214,127,152,0,7,1370,2709,2042,754,0,260,76,166,706,50,78,0,329,12880,468,0,1980,1048,41785,6678,467,0,0,1923,0,106,5685,291,1604,762,0,0,147,5397,621,0,229,0,0,1542,0,0,0,52,0,419,6617,0,0,16519,0,0,27180,0,305,441,1152,0,666,0,0,0,11155,0,1165,0,257,297,5107
338,0,0,0,0,6376,0,0,1079,15781,0,0,1387,0,0,1348,0,540,0,1303,21565,68,0,0,0,0,16110,0,62,0,0,6072,19,231,329,16,1199,290,563,0,0,22,7531,0,1317,158,0,983,91,0,209,166,0,0,326,0,0,0,0,258,41700,12033,1086,0,0,6905,0,118,0,373,0,716,0,0,0,1309,1376,52,678,0,0,0,168,579,0,0,0,3311,4540,0,0,10360,0,0,33437,0,0,0,800,0,1705,0,0,0,7761,75,0,0,1883,573,1729
339,0,22,0,99,3025,0,0,1831,357,1245,0,4345,0,0,1293,0,3605,0,8031,42803,2185,0,0,0,1138,3198,0,0,0,0,18821,830,2794,1479,1059,3593,114,3056,494,88,0,9256,16,1208,4806,0,383,75,0,0,404,10964,0,0,280,13112,0,459,781,1746,1187,134,0,0,125,0,54,655,23,0,14872,81,84,315,1648,1501,4,1045,46,0,0,0,1057,0,1370,385,289,1676,0,0,0,0,0,566,0,0,0,13620,0,8157,0,0,0,1130,14736,0,0,79,0,1676
340,246,0,78,0,51,0,0,14108,963,377,0,11543,0,0,23,0,795,1997,736,7248,51,0,0,0,820,252,0,21,0,0,358,59,4267,757,322,14403,1404,26,3034,0,0,1122,0,3327,437,0,1128,0,0,394,13819,2718,0,1545,4649,0,0,1157,428,6575,5143,0,1934,0,93,0,227,3244,0,213,667,286,343,804,17153,3147,246,146,0,0,0,0,348,0,251,48,0,31950,0,0,1357,0,22,267,247,0,0,1676,0,0,0,0,0,2534,1339,0,0,4387,1484,16116
341,0,2,0,0,0,176,0,1570,8040,182,0,1006,17,0,854,316,1005,0,6919,13785,43,0,0,0,137,6628,0,0,26,0,7327,1,114,227,204,2290,629,460,129,0,12,7542,0,763,423,0,1102,886,915,0,0,38,0,0,0,213,0,281,529,27859,8936,0,660,0,0,0,23,1439,575,0,1058,260,0,4,3133,385,0,0,0,81,0,0,570,35,10,0,816,5101,111,0,21267,0,0,16352,0,0,948,441,0,0,0,0,0,3695,360,1893,171,25,373,5345
342,112,0,0,982,4339,13546,0,16103,863,0,0,18744,569,0,19,4107,393,0,452,20892,0,0,0,0,354,1024,0,57,57,1539,467,34,3921,474,1322,716,1288,85,0,228,0,579,0,4815,81,0,733,2356,0,394,0,3364,0,1850,8928,32,32,0,691,14407,11782,328,0,0,118,0,484,4812,54,598,481,0,0,1092,10793,348,5,39,0,11488,0,1156,105,21,202,238,94,8205,254,0,1726,0,22,284,1972,0,0,928,0,3420,514,0,0,2902,344,0,0,9443,2307,7887
343,550,0,0,688,398,70,0,490,0,0,0,325,0,0,390,2167,580,19,275,0,0,50,0,0,43,0,0,47,13,7353,80,0,20,0,101,18675,147,786,0,0,0,7674,0,950,964,0,0,134,0,2947,0,143,0,90,2756,96,659,0,2290,56816,323,86,952,0,0,0,0,2958,109,0,658,0,65,96,0,3252,0,886,0,37,0,0,0,0,119,132,0,40652,86,0,629,0,0,2838,0,0,1045,343,0,428,0,0,0,2453,278,2863,76,4946,14,342
344,0,0,0,0,0,474,0,1658,813,0,0,2919,0,0,0,0,1370,0,3220,38927,0,0,0,0,0,0,0,461,0,0,4762,7559,3621,3259,333,569,128,4075,0,226,0,3879,0,0,2129,0,556,26,0,0,1643,4384,133,117,806,0,0,5599,2491,3782,1518,1681,410,0,1244,0,0,0,0,4021,18070,0,413,0,622,1438,164,0,0,5836,403,0,723,0,1907,235,241,708,69,0,2882,0,357,429,0,0,0,8807,0,0,0,0,0,312,29342,1234,0,2084,9119,2182
345,0,0,0,0,0,1885,0,1042,319,89,0,6184,0,0,134,0,2149,0,2636,52940,1014,0,0,0,1584,3708,0,872,13,0,20988,1285,3849,725,217,5030,187,4711,0,0,0,2578,12,36,1484,0,1516,38,0,286,0,3733,0,108,480,4334,0,384,549,5336,973,860,0,0,300,0,272,1059,72,0,23137,0,0,479,294,2457,0,382,0,1206,0,3438,128,0,1098,0,201,1844,0,0,1214,0,181,359,0,0,0,8684,0,2467,0,0,0,137,2720,0,165,154,657,3766
346,0,0,149,543,350,2435,0,26186,717,835,0,46496,0,0,0,0,826,0,1182,7647,166,0,0,0,0,246,0,18,603,798,598,0,5223,838,1927,1040,2132,19,0,0,279,546,0,5975,65,0,851,733,0,0,0,4370,174,12453,938,0,0,1898,269,7799,17457,2152,0,0,395,1965,300,19939,0,0,816,0,0,0,2482,1281,378,51,0,0,0,1099,0,19,286,0,0,17491,0,0,1347,2651,0,179,0,0,1735,2234,0,0,0,0,0,465,567,0,0,24959,3389,9310
347,0,0,0,0,8535,819,0,1583,17548,888,0,918,0,0,182,0,0,65,1838,548,34,0,0,0,0,7476,0,525,52,0,192,80,352,316,171,1770,657,1432,0,0,14,8536,2293,2577,1015,0,389,0,294,419,0,100,221,0,1398,0,0,786,1635,0,7688,365,0,0,4260,0,96,3999,148,89,1174,1528,0,54,4111,1967,569,248,0,0,0,0,313,23,219,920,403,3990,28,0,1708,829,19,14810,0,0,117,454,1154,172,0,0,0,2217,0,0,827,966,174,7489
348,0,0,0,93,39,1387,0,793,0,62,0,2362,0,0,133,0,773,237,711,0,0,0,0,0,0,506,0,141,1,0,1416,0,150,70,121,16616,64,188,0,0,0,2193,0,87,5723,0,126,0,958,103,899,1631,0,108,98,5059,78,0,73,3688,0,234,0,0,0,0,9,336,10,71,9947,0,0,152,0,2369,0,126,0,209,17,0,471,78,338,66,15,11283,38,16,698,0,0,109,17,0,0,2716,0,448,35,0,0,19,869,234,0,10685,0,34
349,0,0,0,22,0,1257,89,1686,91,12,33,1825,0,0,121,0,848,330,242,0,0,0,0,0,287,0,0,760,1,201,0,0,17,45,0,12192,42,2245,69,0,0,4190,0,47,4516,0,0,1,350,0,0,1750,0,0,0,2002,39,484,184,954,0,235,0,0,0,0,0,622,12,0,17980,0,0,94,28,3394,0,83,89,1186,144,1033,162,0,0,109,92,17850,16,0,247,0,161,59,0,0,0,2059,0,1724,33,0,0,0,681,207,214,5362,0,59
350,0,0,0,0,0,6587,0,2528,449,295,30,2935,0,0,101,0,1937,47,4730,22237,2169,0,11,0,0,23013,0,333,19,0,12377,6515,3324,1528,572,2263,222,1015,0,225,0,1783,0,108,7760,434,659,142,1764,0,911,3308,0,916,0,2248,288,1550,202,4222,503,734,964,0,494,0,119,1680,43,448,17557,167,17,517,756,2846,28,408,0,492,0,4449,2212,769,3899,315,0,1614,178,0,2078,0,947,974,0,1341,0,7762,0,19305,91,0,0,942,4938,0,742,503,1379,4159
351,0,28,0,143,0,1053,0,1404,122,317,52,7944,0,0,665,0,3836,671,2519,9188,675,202,0,0,0,1296,0,567,88,1311,22760,1684,2106,997,207,2892,219,8999,1256,0,0,4545,0,308,6163,0,735,179,0,0,814,5795,0,70,713,5703,0,838,955,4655,853,541,3397,0,1028,0,58,651,147,504,29809,0,0,729,123,3291,41,130,0,308,241,0,536,0,629,281,19,2725,135,0,3374,0,475,158,0,0,0,13744,0,7506,0,0,0,1643,15274,1072,712,1465,792,3614
352,0,95,0,0,10345,0,0,758,17903,332,0,2236,0,0,391,639,1559,0,357,6746,0,0,0,0,56,0,217,0,10,0,8801,7,269,344,112,2058,437,1425,0,0,0,7238,0,1989,884,0,0,872,121,914,0,184,0,309,7744,654,0,207,172,8906,4276,77,3792,699,2916,199,267,5229,211,192,1711,678,0,76,15852,405,68,489,0,0,0,88,124,0,20,171,3107,10347,0,0,15398,0,30,6134,0,0,0,901,0,484,27,0,0,1738,737,0,162,1027,256,3506
353,0,0,0,0,0,0,26,656,355,121,439,8109,0,0,0,1389,5543,0,2923,45532,170,0,0,0,3475,2572,0,151,23,0,24356,403,1765,1167,597,2534,32,1009,0,0,0,0,0,0,2732,0,2043,13,0,0,938,2644,0,392,234,3956,563,3145,982,0,579,845,0,0,892,0,42,193,84,974,19543,0,0,0,727,2751,0,0,246,2426,0,1452,1383,0,573,0,117,3096,0,0,1491,0,0,544,0,0,0,4739,23,0,0,0,0,154,3621,1060,0,369,920,4641
354,0,0,13,1677,0,8441,0,11192,757,224,0,14582,0,0,107,0,1409,985,764,6052,0,0,0,0,0,419,530,0,244,0,410,294,2906,194,1580,10127,2305,25,0,0,0,933,0,15375,897,248,839,3843,0,855,2953,11205,0,0,7622,164,138,2348,1034,26615,6571,2100,1286,0,919,0,313,4833,35,29,496,113,0,5585,1881,3020,129,0,7654,4225,0,1943,62,28,0,55,55,13635,0,10,1521,0,63,310,0,0,173,2192,52,3376,0,0,0,7482,0,0,0,32768,769,6235
355,0,0,0,22,1027,937,0,2416,0,0,18,1874,0,0,65,660,1710,295,913,0,0,27,0,0,0,734,0,63,15,0,0,522,22,88,249,15873,89,2140,419,0,0,4664,0,43,6742,364,64,11,304,0,0,1043,0,254,40,5869,0,0,58,4614,0,0,0,0,0,0,23,770,0,78,16757,48,0,0,0,3063,18,59,65,0,0,1223,300,0,1057,57,174,14311,86,0,430,0,210,157,0,0,0,6384,15,0,0,0,0,226,1604,0,167,5897,0,109
356,0,0,0,40,546,2527,0,1138,0,0,45,3670,0,0,72,368,779,176,399,0,0,0,0,0,0,0,0,646,5,695,0,0,6,0,56,16769,45,1509,72,0,0,1839,0,88,6400,0,29,7,121,96,170,3168,31,164,172,3118,48,115,137,2725,82,0,337,0,0,0,99,580,0,9,9358,42,0,1108,0,2957,0,164,0,421,0,0,462,0,214,191,28,16565,64,0,301,0,15,82,0,0,0,3951,0,0,0,0,0,236,7994,711,218,6029,0,0
357,3181,0,0,83,91,32,0,1128,10091,408,16,679,0,0,621,708,634,12,3873,13713,15,0,0,0,0,8108,43,173,6,0,8201,20,317,325,33,2708,293,1071,0,119,0,2642,275,359,186,0,1117,847,0,0,110,38,57,29,4840,204,582,543,804,27168,12857,68,0,0,3871,0,126,5895,111,0,842,204,82,29,5767,616,44,0,0,127,1392,432,247,29,146,115,728,5949,17,45,4238,0,32,9846,112,559,1119,285,54,208,0,0,0,5460,375,0,278,1522,113,6026
358,1386,0,0,113,1109,1325,0,3026,121,12,0,7940,0,0,830,0,3542,0,2553,16717,1119,0,0,0,2501,0,63,732,29,0,11329,0,1483,1519,183,2387,202,3512,0,0,0,4567,67,156,7697,588,1092,24,0,97,1304,5287,0,294,725,5135,382,4034,1095,12733,827,58,0,0,991,0,116,399,110,741,31545,4,41,0,375,2485,0,63,69,0,207,1147,310,0,4147,128,72,1514,188,0,2848,209,412,407,0,0,0,13546,22,13176,246,1039,0,0,16301,770,2347,300,304,2947
359,0,0,0,0,381,1266,0,7282,923,721,0,8466,0,0,50,0,667,1605,751,14407,75,0,0,0,0,132,0,39,190,0,1700,220,3979,1109,1135,5989,1421,109,0,133,0,229,332,13370,200,64,571,847,0,622,0,5554,0,9586,2835,0,73,664,605,10303,5171,934,0,0,152,0,257,2360,367,143,258,0,0,1481,12396,1199,49,21,1880,0,429,0,157,0,241,127,138,15451,0,0,1110,0,24,455,0,0,0,1188,0,3589,0,0,0,6564,245,1257,0,49098,356,15247
360,0,5,0,204,210,2296,0,1601,0,19,51,1309,20,0,7,162,1084,100,843,0,0,0,5,0,65,0,0,145,15,206,142,0,42,0,0,22169,94,1376,115,0,0,283,0,61,6017,297,7,7,0,129,115,1059,22,152,197,6527,0,0,297,1172,76,89,189,0,0,104,80,1019,13,0,6411,0,126,264,0,2013,0,57,0,150,0,291,47,0,1032,65,46,14425,54,0,586,0,0,18,67,0,261,6738,0,2165,94,0,0,139,0,0,114,5040,0,50
361,0,0,0,0,1935,2905,0,23241,494,284,0,17121,0,0,31,5963,642,0,906,15310,321,0,0,0,0,301,420,0,148,0,1516,0,2763,785,0,3983,613,0,3312,0,0,0,828,4767,40,32,652,1359,0,0,2578,17894,0,6464,3210,0,108,1564,342,0,9047,0,1021,0,257,0,0,1371,0,0,698,0,0,1381,4694,509,174,0,0,2220,1695,0,110,0,68,110,405,5937,63,0,2792,0,0,217,0,0,309,1471,0,0,0,0,0,5975,0,6065,1078,9764,655,19242
362,0,0,0,91,7244,55,0,1493,9346,0,0,837,106,0,0,0,269,56,487,7555,58,0,0,0,324,3795,0,253,59,0,6077,84,256,185,46,966,466,1236,0,0,6,7308,279,846,121,353,1921,1063,512,186,71,190,0,512,7638,128,971,1006,443,27205,7347,32,0,0,7804,0,168,0,177,387,743,652,0,0,6798,298,37,0,0,261,7579,334,592,21,137,260,1389,6369,76,0,11011,0,27,18855,12,381,0,338,0,503,0,0,0,1302,571,487,0,1274,0,6363
363,0,0,0,300,0,1289,0,5005,189,27,46,3155,61,0,30,1390,526,0,37,0,0,0,0,0,0,138,0,4,18,0,0,0,0,49,456,86185,355,79,0,0,0,297,0,7069,367,15,15,592,0,60,0,4258,0,0,3086,110,0,0,503,9635,0,543,912,0,0,0,117,10676,1,0,382,795,0,203,251,1199,0,63,0,232,0,0,20,13,17,61,0,156310,0,0,88,0,7,48,80,0,0,598,0,107,76,0,0,4532,463,0,543,75651,0,423
364,1977,0,0,0,1374,0,0,1248,1093,761,57,1046,0,0,863,3282,722,0,1783,11373,155,49,0,0,0,5561,135,324,63,0,3567,24,209,270,209,1109,363,1671,40,271,0,7611,548,877,393,0,1411,434,163,2167,53,311,117,490,3155,88,237,1527,4094,0,11146,78,1118,0,0,31,189,828,76,0,1682,1107,0,0,4756,1356,39,0,0,76,0,1699,290,16,255,59,248,7005,33,0,15196,0,0,2550,93,0,366,230,47,591,0,337,0,1655,0,0,0,518,103,10088
365,0,0,0,119,450,2165,0,899,0,0,61,626,0,0,140,0,1765,77,363,0,0,25,0,0,321,0,0,305,4,0,0,0,206,54,424,14388,50,3295,0,0,87,2517,0,90,7486,306,7,20,0,0,1330,4372,0,179,197,4236,0,0,168,7175,142,324,0,0,143,0,48,203,2,49,3345,43,0,0,0,3867,7,267,0,66,0,0,1006,0,465,441,56,15420,114,14,516,0,0,18,0,0,0,6716,0,0,43,0,0,266,1296,114,180,5007,569,0
366,205,0,0,1112,169,0,0,1419,14419,21,105,256,30,0,342,2357,1444,33,1315,6150,110,0,0,0,485,2835,23,77,41,0,5113,107,183,217,112,2872,289,2804,0,258,7,4143,634,1083,531,0,156,160,174,838,60,125,18,132,8056,318,0,302,1524,23246,7453,87,3214,0,0,0,43,2945,71,837,1512,489,257,10,7609,129,175,162,0,0,2450,848,316,0,98,0,141,8757,0,0,11847,0,0,9153,70,118,0,895,0,458,0,0,0,584,492,0,0,253,95,10123
367,35,58,0,0,6236,0,0,514,10555,0,0,1947,71,0,200,0,228,151,363,5768,0,0,0,0,0,384,340,0,82,0,3474,0,244,211,86,1331,141,1074,0,0,0,11858,0,4158,481,102,1297,558,0,1130,78,171,72,186,13292,0,0,1690,2356,0,8295,295,5026,0,3314,224,136,6297,79,0,474,0,202,93,2757,776,99,642,0,143,0,200,275,160,198,0,5721,8249,161,0,2333,0,8,29364,0,546,2810,640,0,132,0,0,0,0,246,0,205,1359,347,7861
368,0,0,0,0,115,1275,0,2459,427,239,0,5504,0,0,187,0,4340,0,3949,17337,148,0,0,0,3627,3434,0,369,63,0,11674,1037,2966,1567,2414,1816,269,404,0,0,0,3407,7,314,3995,654,1458,77,0,0,367,3948,0,210,757,2823,0,1331,187,1063,1015,808,0,0,507,0,116,1710,0,0,18392,0,0,1084,892,2296,148,69,0,0,409,1706,319,1461,1713,0,298,756,0,0,791,0,167,440,0,2789,0,10334,0,8682,28,0,0,846,28967,5283,342,2647,1151,3441
369,59,0,0,0,0,0,0,11601,733,1700,128,13181,0,0,0,0,768,0,776,9161,0,0,0,0,756,1168,98,108,497,0,226,112,4072,323,538,11657,1379,35,8824,0,0,1422,0,12874,228,0,523,1472,0,536,0,0,0,1525,0,31,31,850,760,23684,4141,644,1962,0,0,0,844,0,57,167,440,0,0,1697,5928,1028,55,0,0,12128,0,0,14,379,65,54,324,12114,109,0,2903,0,79,491,572,0,1250,1284,0,444,0,0,0,5425,753,6195,0,70031,563,15772
370,0,13,0,0,0,354,0,765,0,0,0,593,0,0,0,474,1014,0,181,0,0,0,0,0,29,0,0,19,0,2061,726,0,13,0,45,5591,31,1292,25,32,0,7153,155,30,813,104,0,0,0,610,8,90,20,234,5136,0,0,0,1655,81472,1624,58,0,0,0,0,6,2312,56,257,433,0,0,63,562,1262,0,0,0,66,1076,0,1491,0,118,99,1223,54949,32,0,0,0,0,5773,0,0,0,411,0,232,125,0,0,840,595,0,127,11186,0,154
371,0,28,0,140,1985,0,0,3072,713,162,193,9200,0,0,0,973,1852,0,1361,25095,802,0,0,0,0,0,158,3079,0,0,28412,12679,3492,489,1302,2196,135,3505,0,0,0,288,76,224,1737,0,1404,39,0,0,293,21418,0,0,565,0,0,800,254,9830,652,133,1824,0,0,0,59,34,0,0,36314,0,0,0,1287,2027,17,0,0,0,0,8222,407,425,2724,0,111,894,0,114,281,0,157,684,0,0,0,5950,0,7904,0,0,0,643,9346,0,463,489,0,1535
372,163,0,903,0,0,159,0,1009,0,0,0,76,0,0,627,508,561,177,96,0,0,29,0,0,3,0,0,88,4,8049,41,0,3,0,52,19493,68,1286,0,0,0,6020,0,580,375,132,19,0,1221,111,0,67,35,158,1547,107,0,0,1736,58983,0,0,673,0,0,0,39,2467,88,0,683,162,46,8,246,737,0,140,128,78,0,116,943,0,9,479,30,49161,76,0,1009,0,0,628,0,0,0,346,23,45,0,0,0,4225,52,0,0,5565,0,0
373,301,17,0,235,6,143,0,731,0,217,23,344,46,0,531,107,432,0,162,0,0,0,0,0,0,1590,0,205,0,8454,0,0,15,0,42,23809,60,1664,0,0,3,2428,0,1049,363,212,30,0,733,660,53,276,0,270,193,17,0,0,205,14916,0,19,0,0,0,0,51,1168,0,262,1046,289,0,79,0,1251,0,385,0,156,0,200,494,0,126,519,1808,45401,0,0,117,0,0,4554,0,218,0,358,0,47,0,0,0,5993,45,1461,0,2033,0,39
374,0,0,0,0,558,4726,0,6544,0,0,0,3714,0,0,6,0,664,102,74,0,0,0,13,0,0,0,0,14,430,0,25,0,105,0,450,77780,509,130,330,815,0,411,311,1368,90,0,19,302,195,0,0,5446,0,0,2293,76,0,0,49,5164,341,283,0,0,0,0,69,2963,0,14,101,0,126,249,91,1870,0,38,0,0,0,1311,78,0,132,29,0,120658,0,0,121,474,8,37,0,34,0,1111,0,143,0,0,0,5002,231,138,403,264766,0,0
375,4065,0,0,81,2485,0,0,1265,405,75,51,8468,0,0,418,1866,898,0,2808,34045,388,36,0,0,0,757,147,536,19,0,12886,2008,3090,682,317,2439,117,5738,465,358,0,1518,0,30,852,0,123,77,961,70,0,3203,0,237,499,2615,139,1934,914,9889,1150,939,1156,0,807,0,108,216,19,0,20492,0,251,0,963,742,57,287,0,1575,524,2703,566,853,2087,0,171,1597,0,0,880,0,85,427,0,0,889,8110,0,4579,0,0,0,835,18046,0,796,880,256,2953
376,0,0,1667,0,3139,0,0,3391,401,0,98,1935,134,0,226,1963,2227,0,214,20690,772,93,0,0,0,402,0,0,31,0,8262,2002,1068,913,1345,1982,186,6483,769,0,681,770,0,477,5439,0,1164,188,0,600,171,0,0,16,63,0,0,1675,213,3540,392,839,726,0,810,0,155,448,8,748,32428,22,0,272,638,2457,74,76,0,494,469,0,324,255,7767,0,133,2427,0,0,3749,0,155,530,0,0,0,16906,0,7286,101,0,343,622,21445,1422,0,687,1054,4114
377,0,15,0,470,365,251,0,672,838,0,0,342,35,0,529,0,575,0,252,0,0,0,0,0,0,346,0,186,27,2705,51,0,14,8,41,10392,288,1235,0,0,0,1889,0,622,451,184,0,0,0,69,33,107,71,144,4254,143,298,0,325,89109,86,36,1853,0,0,0,193,5224,21,275,745,0,0,0,0,1885,0,206,199,0,1083,544,922,0,33,0,665,36839,127,0,2888,0,0,4110,99,0,0,265,0,128,66,0,0,2058,0,1541,95,10726,0,249
378,593,0,1837,0,8742,95,0,806,10201,168,0,818,86,0,1281,210,576,142,640,7313,93,0,0,0,0,2791,0,30,33,0,3198,13,304,217,178,2360,360,1443,0,457,10,6439,231,412,548,128,1506,883,410,1313,19,21,0,172,6212,240,269,279,1102,63281,6317,326,131,0,0,48,28,450,11,497,1729,0,107,58,4448,498,42,379,0,362,0,451,360,72,134,202,1982,6080,0,0,14430,0,0,26313,0,0,0,324,0,710,0,0,0,641,959,174,553,1088,49,7670
379,0,0,0,1303,541,9921,0,6438,0,267,0,0,0,0,50,0,803,0,298,4313,67,0,0,0,0,0,0,49,0,0,205,0,559,127,169,44633,565,10,0,107,0,312,0,1591,492,154,77,175,0,155,0,3978,0,1010,1609,43,0,1023,885,41107,0,719,0,0,0,1396,440,21953,45,0,196,0,211,269,0,2771,34,17,0,1523,0,747,117,0,30,4,70,94393,85,0,217,0,5,194,0,0,0,671,0,334,1303,0,0,2319,129,0,0,333723,170,1028
380,8831,0,0,0,0,0,0,1474,4824,519,0,2431,114,0,507,1303,1575,0,623,10869,91,0,0,0,0,2275,95,72,15,0,5242,0,192,372,161,1091,233,1561,5,0,0,4061,0,3266,361,0,1487,443,0,1530,126,262,0,426,11976,339,590,768,919,24522,8630,0,0,0,12295,0,114,6467,184,0,1679,689,98,69,9161,989,0,0,0,266,5078,0,2118,37,299,1183,3696,10647,187,18,9865,0,0,26260,0,0,0,1164,0,321,0,0,787,1693,480,1127,168,1058,131,3260
381,0,0,3099,61,2043,1925,0,2385,184,162,0,3373,0,0,0,2084,1442,0,561,0,0,0,0,0,0,229,12,0,25,1030,70,0,137,88,207,16383,35,7326,612,0,0,2295,0,225,4487,0,0,0,779,453,242,5584,0,130,336,5354,179,0,206,1066,130,0,0,0,0,0,30,370,17,0,17489,55,26,306,34,3974,0,94,0,1808,68,615,343,0,791,121,21,11468,79,34,101,0,0,217,0,0,176,6123,9,1914,106,0,78,570,6181,0,0,3731,386,119
382,1997,0,0,108,1075,0,0,1790,362,440,100,5784,0,0,155,0,1147,453,5384,17201,0,0,0,0,0,407,0,0,24,0,22712,2220,2361,832,325,2030,102,0,0,0,0,8835,0,278,641,1033,994,161,0,0,319,6259,74,347,576,2951,218,44,376,3098,653,1876,0,0,0,0,130,376,0,0,12973,117,83,217,913,939,16,0,0,0,80,2447,520,1333,2598,0,231,2221,0,0,2305,0,117,925,74,0,0,10027,0,4289,54,0,0,1195,6682,4074,0,354,866,5285
383,0,0,0,0,899,0,0,1334,0,0,0,4990,0,0,71,0,765,0,919,0,0,117,0,0,735,1096,0,0,2,0,775,0,109,36,226,11967,140,1549,0,42,354,3029,0,195,5895,0,0,20,0,447,327,1524,14,28,317,4282,0,0,0,6255,289,0,0,0,0,0,20,966,38,0,7634,75,33,56,0,3315,0,9,13,316,0,2587,428,0,1475,346,0,14672,251,0,171,0,0,478,0,0,421,5478,0,0,151,0,0,107,2081,0,169,6091,0,0
384,0,0,2352,0,97,1999,0,954,483,90,57,1677,0,0,142,0,1443,0,6101,12203,1179,0,0,0,0,760,0,1310,0,0,14637,2875,2012,1746,895,938,225,2981,0,521,0,8540,6,353,7715,261,1912,199,760,351,0,7164,0,173,632,7514,768,1505,1094,2524,619,0,0,0,0,2679,155,407,155,0,32886,122,87,862,1006,1534,166,477,0,3546,121,0,0,854,3919,0,82,1544,0,0,5701,0,716,370,0,1511,0,12913,0,6115,16,0,0,365,18680,0,0,2109,468,2480
385,2195,3,0,0,6693,8551,0,4700,711,724,144,10644,0,0,191,0,540,870,4831,14925,738,0,0,0,683,3039,0,850,28,0,11347,0,1072,1126,382,897,265,8228,707,0,0,5542,0,228,2061,0,1427,187,0,0,1128,4425,0,401,644,4610,0,682,50,2473,709,69,0,0,1604,0,180,359,49,0,10504,173,69,23,285,1154,0,0,0,0,0,0,255,0,5741,332,76,1466,552,0,225,0,201,1117,0,0,0,14865,0,11080,0,0,0,434,17029,0,833,465,393,1040
386,0,0,0,0,341,957,0,3004,791,522,69,6331,0,0,287,0,992,0,17056,16395,997,0,0,0,0,6598,0,276,0,1029,26450,1089,1387,652,1340,1707,78,6186,195,0,0,14603,14,196,404,474,1790,70,1070,232,0,8565,0,35,421,6116,0,1498,455,910,1109,0,1049,0,1459,0,42,318,0,0,12143,70,0,840,620,701,50,267,149,1921,0,4929,217,0,0,38,288,1698,0,0,1453,101,426,830,0,0,514,3698,0,9355,0,0,0,1248,9079,0,608,438,0,1000
387,0,0,0,0,0,0,0,2518,10310,188,0,1150,0,0,1373,700,659,34,2008,15066,0,117,0,0,0,0,44,103,71,0,9734,3,293,186,69,1901,299,909,53,0,8,10453,133,293,420,0,774,583,1199,4459,5,167,0,328,7755,64,0,1049,0,9574,1357,0,0,0,50,0,149,3914,20,3114,1007,105,0,67,1456,710,398,734,0,182,7694,96,0,23,245,208,0,7090,0,0,23615,0,0,26705,0,0,0,1615,0,0,0,0,0,2826,1326,3280,470,1060,81,2991
388,3895,0,0,0,8018,680,0,764,8824,598,0,500,0,0,145,0,743,82,1045,13188,0,239,0,0,563,3154,0,468,41,3797,7414,78,178,393,100,385,572,289,0,51,0,6135,336,1283,250,0,1302,222,2637,1832,0,195,0,142,1863,250,0,141,0,46878,6247,0,0,0,310,0,0,2982,521,0,1020,335,0,74,2731,644,53,0,53,179,0,1894,0,0,122,572,629,3637,0,0,10660,0,0,16068,74,0,989,778,383,86,140,0,0,4600,354,3261,0,850,18,7373
389,0,36,0,0,0,1077,0,18065,390,946,110,29127,0,0,0,1527,1084,0,283,7924,0,0,0,0,1625,1029,1233,0,499,0,540,96,4673,839,1057,6597,1199,340,717,0,0,634,246,5243,61,0,578,3372,0,0,0,3911,22,2729,1676,440,0,1909,2758,29318,6186,1088,0,37,677,0,284,3141,12,0,686,1346,727,2969,8148,1583,36,0,0,0,392,750,40,199,16,0,134,38372,0,54,1525,0,52,178,0,0,467,1056,62,1199,0,0,508,3934,597,1776,1085,11389,652,10789
390,2102,0,0,0,0,72,0,1039,17630,670,44,1002,19,0,83,347,2691,0,780,2039,71,0,0,0,0,5260,179,111,19,0,3379,64,178,147,556,2720,872,625,9,0,37,7232,773,2479,447,923,287,0,211,427,0,422,0,74,8091,63,0,0,287,20057,9683,355,0,0,8633,0,191,8870,195,887,596,0,1763,99,5856,623,0,104,0,99,0,809,0,0,194,136,2587,5761,0,0,4761,0,0,22276,0,0,2676,919,0,0,0,0,0,3154,89,2293,658,1003,78,7280
391,7062,8,0,0,55,1580,0,1412,0,0,0,2475,56,0,196,0,765,104,1118,551,0,0,0,0,519,0,0,52,25,0,153,150,0,107,164,21426,62,1042,276,0,0,337,18,131,6747,0,59,41,0,59,108,0,0,154,37,8467,35,0,47,2887,14,156,0,0,0,0,16,572,14,0,16645,0,0,363,14,3174,0,217,56,0,0,0,436,0,0,137,79,13285,53,8,175,0,143,153,0,0,49,3669,0,1761,223,0,0,157,4219,0,0,4610,54,0
392,2314,0,851,307,0,0,0,1791,7159,399,37,1058,0,0,800,1159,544,184,1720,11385,32,152,0,0,0,2279,40,140,36,1129,5309,0,246,304,45,956,353,1574,0,790,0,9789,0,826,208,0,1193,0,0,901,25,113,0,89,11857,228,3057,1281,858,16966,13338,72,0,0,8148,0,127,3204,86,372,1044,90,0,49,10162,587,325,0,0,645,5186,3381,0,62,179,635,2116,3484,0,0,19470,0,27,40125,0,0,1751,342,0,0,40,0,0,1582,729,1626,0,794,154,4809
393,0,0,0,617,3897,249,0,711,0,269,11,662,8,0,136,894,353,9,132,453,0,37,0,0,0,740,0,538,0,278,78,10,4,0,77,19758,162,840,2,0,0,2536,71,260,228,0,36,0,154,0,50,37,19,175,6828,31,0,0,173,35618,265,10,0,0,0,0,69,4652,0,172,203,264,0,275,235,1071,18,463,0,184,0,0,201,4,44,168,1156,57468,99,0,5865,0,5,3775,78,0,0,122,29,407,0,0,0,2200,250,0,0,2538,6,163
394,0,0,0,0,0,0,14,378,8478,621,0,527,0,0,723,683,657,0,531,35052,0,209,0,0,0,2261,504,939,0,0,4238,22,203,576,13,1297,262,3210,145,0,0,5365,478,356,899,0,972,204,0,0,0,273,0,388,6506,552,0,868,987,81050,8509,364,0,0,9286,0,139,832,0,228,866,0,0,0,3181,881,82,0,0,0,2253,1203,1657,301,190,0,1675,6419,0,0,6914,0,0,19023,22,627,0,104,0,1128,0,0,0,9208,473,4870,234,1244,61,5791
395,0,33,0,601,0,0,0,8799,1014,278,0,13120,0,0,34,6663,1048,463,659,15012,166,0,0,0,0,449,0,0,132,0,1406,45,4801,666,1975,6909,1477,118,4705,219,0,543,0,22460,342,0,882,947,368,154,8342,8997,0,13784,566,74,0,916,1125,0,8422,394,1214,0,447,0,1123,0,79,0,744,0,0,0,3698,877,55,7,2743,11693,0,0,83,52,82,129,234,4272,52,6,1311,0,49,536,0,122,0,1410,8,1088,454,0,0,829,699,0,5649,35535,640,8272
396,89,73,0,0,0,0,0,11712,852,327,0,11617,0,0,78,695,1289,0,646,9264,260,42,0,0,0,854,0,38,48,0,1752,92,5001,1166,2817,6269,1302,151,2113,29,447,411,0,7738,95,18,394,2407,94,273,0,13725,123,16578,6755,162,64,322,596,2060,6113,1925,0,0,83,0,928,1527,63,0,478,212,0,1308,7625,1288,77,18,0,1588,477,1804,0,4,105,107,115,7570,76,53,1199,0,21,376,0,22,0,1088,0,0,0,0,0,8722,484,351,610,4977,0,15082
397,0,45,0,0,12089,394,0,1275,19283,510,0,1406,0,0,0,375,665,176,2285,6148,0,739,0,0,147,3378,0,197,0,0,4143,37,315,0,135,892,606,974,0,0,21,11709,1013,1564,493,776,25,152,1559,1823,7,283,62,0,5834,0,1303,2759,2395,14015,15638,105,1188,0,0,0,102,0,311,0,1257,0,0,17,8295,746,157,0,0,0,0,1364,315,157,182,383,2395,3669,85,142,13050,0,0,14273,30,0,0,795,179,809,0,0,0,2619,740,0,527,447,46,6095
398,569,0,0,305,3085,0,0,10737,772,405,0,36402,0,0,75,0,2096,628,1781,6488,0,0,0,0,65,433,0,14,0,0,361,38,1625,728,2222,2527,1500,180,1658,547,60,1221,205,18519,131,43,647,404,295,851,638,13467,0,7458,4944,386,36,518,1791,0,5557,1680,0,321,38,0,1001,8989,49,127,1146,52,0,0,7794,1775,14,14,0,3419,596,0,0,70,80,107,29,15356,82,0,1611,0,12,406,204,15,623,1920,4,3133,322,0,0,2176,1012,0,921,5377,464,10799
399,0,0,0,381,6218,180,0,958,755,0,0,338,0,518,86,0,373,9,184,656,0,0,0,0,12,926,0,214,0,0,456,5,7,3,85,15785,128,347,0,0,0,6938,0,318,1197,123,0,0,344,2685,0,103,0,233,2771,47,265,196,155,14553,2191,64,0,0,0,0,19,2752,281,0,650,40,21,28,1079,1661,0,1195,24,32,2041,0,163,13,55,230,297,49320,0,0,3440,0,0,13442,0,0,0,343,86,72,0,0,0,4145,337,0,0,3070,0,565
400,0,58,1399,0,2327,1309,0,2072,395,679,0,12947,58,0,205,0,799,0,4797,30481,854,0,0,0,0,4650,0,123,60,0,11866,2032,2605,969,782,2198,227,6991,0,0,1000,10675,0,0,4564,1568,1730,16,603,0,343,9052,0,56,363,11372,235,662,2076,0,896,1119,596,0,0,0,193,463,0,534,26958,0,0,85,1337,1023,46,0,0,0,0,0,0,3217,3405,329,408,1566,0,18,3002,0,0,825,0,0,58,853,0,0,0,0,0,843,19789,0,0,418,1020,1957
401,88,0,0,0,0,4898,0,21492,0,38,0,7403,0,0,0,352,640,472,286,670,0,16,0,0,136,123,0,31,71,0,136,33,534,0,383,65347,806,84,755,0,0,323,0,4601,333,114,88,479,1036,0,0,13318,36,867,4005,83,0,0,478,930,1156,355,0,0,0,0,27,21978,0,0,260,0,0,0,971,2353,0,39,10281,3037,0,0,80,0,13,99,21,132273,124,0,630,0,0,338,0,0,0,350,0,639,0,20,0,2599,385,783,1478,102618,142,611
402,0,74,154,0,0,112,0,1658,890,0,31,637,16,0,590,486,510,94,256,110,0,0,0,0,2,0,0,252,7,0,338,6,15,26,72,21004,175,1136,15,0,6,3217,54,509,481,0,29,72,519,2338,30,78,0,70,1494,27,0,0,499,15852,598,79,0,0,0,0,25,1649,0,0,449,113,0,14,1606,924,9,804,0,250,0,569,438,0,164,620,324,42003,40,16,8236,0,0,2391,0,0,1046,469,0,78,15,0,0,2136,0,1049,38,4373,8,21
403,406,0,0,89,2963,41,0,1715,9601,261,0,1245,0,0,454,423,859,0,1774,17475,11,32,0,0,0,0,0,333,21,0,4659,47,258,188,51,1159,477,279,0,133,1,3747,724,623,307,0,1052,352,0,320,6,227,0,426,11320,0,1313,291,796,9208,18589,249,1339,0,3947,0,22,954,86,903,457,445,0,0,6823,945,72,0,0,62,3549,0,1581,43,79,418,5640,4686,0,25,18461,0,0,24459,0,0,0,887,0,452,0,0,0,956,764,2743,232,625,31,5913
404,0,0,0,411,0,0,0,10964,405,296,0,3972,0,0,74,1719,554,640,994,17611,41,75,0,0,0,630,0,0,220,0,448,68,4640,430,937,9351,1315,118,0,1127,23,0,229,15584,75,54,0,1019,0,359,1922,10521,0,3083,6182,483,207,0,1560,14074,8481,1344,0,0,620,0,73,5468,110,79,595,297,0,2633,1714,394,0,0,0,3150,347,955,232,101,217,0,28,17354,10,18,1121,0,0,611,0,96,1874,1832,0,511,0,0,0,12442,157,0,3253,9057,0,22575
405,30,116,0,113,319,2999,0,14192,354,0,0,34466,0,0,17,0,1088,0,36,105,0,62,0,0,0,0,0,34,0,0,64,0,37,84,435,64898,898,74,1286,0,0,207,124,4094,308,0,32,144,242,0,1597,0,0,338,75,152,0,170,543,20955,451,916,224,0,0,0,127,7447,0,0,254,142,434,387,0,2823,0,17,0,0,0,446,25,0,28,5,58,141739,61,0,555,0,0,183,0,0,79,1362,0,433,474,0,0,1757,308,1655,959,100440,910,50
406,907,0,0,0,374,0,31,2477,20716,188,7,488,0,0,541,0,833,188,1183,14918,0,0,0,0,153,18926,0,150,64,0,4755,83,360,373,89,2309,139,139,0,0,0,11852,0,1385,598,186,1861,619,1493,2185,30,68,0,96,13553,418,0,1050,963,39259,6260,0,1931,0,0,0,283,4742,0,0,689,0,0,62,12534,914,209,520,0,0,817,1047,216,0,151,0,1330,5022,0,49,6103,0,0,7137,0,0,0,718,439,672,0,0,0,911,128,0,40,516,58,4947
407,0,0,0,1504,2938,2326,0,15070,482,130,0,7905,0,0,46,0,71,0,579,21261,359,0,1,0,0,0,0,0,648,0,105,356,6181,1180,850,6966,1248,378,2361,151,0,251,4039,9371,220,367,188,2031,149,96,0,23345,0,9670,3897,358,0,517,807,32261,7910,0,0,0,0,0,466,9039,42,241,810,0,0,1331,1657,1960,63,0,0,7830,856,3641,0,49,292,68,575,13237,0,0,3201,0,21,586,0,0,0,2448,20,1372,0,0,0,15503,291,1150,1536,24214,1703,7404
408,0,4,0,0,11224,0,6,2203,10268,106,0,885,0,0,281,0,1245,0,901,14981,138,0,168,0,0,1952,0,7,22,5305,4478,46,202,431,130,1735,115,447,61,0,5,2050,0,1509,297,0,950,151,179,0,45,104,57,66,8263,0,896,154,815,49489,9561,345,0,0,795,0,66,8391,89,0,1286,806,927,95,2383,590,232,450,0,158,12862,806,716,96,26,0,3632,10538,50,0,14768,0,28,30659,50,0,0,1020,0,575,0,0,0,1920,1434,2107,0,730,23,3140
409,13741,0,1380,207,0,2439,0,932,189,0,0,3757,0,0,646,0,545,0,14690,30864,247,0,0,0,0,1086,0,0,29,0,18840,2421,2836,3439,84,1026,203,10144,689,118,0,498,10,49,2046,0,794,69,510,682,1079,633,0,0,221,0,2499,0,651,0,1540,109,0,0,1072,0,171,513,0,0,13826,0,0,110,1568,2551,23,0,34,193,0,782,1124,0,917,206,317,1412,270,0,2466,0,491,50,0,0,0,8405,0,15130,0,0,0,0,27413,1701,819,325,621,2916
410,0,24,0,870,0,7863,0,10317,339,0,0,4797,0,24,3,0,598,49,262,0,58,0,0,0,66,193,0,34,126,0,31,0,91,58,695,52031,788,34,382,0,0,378,0,3236,649,0,0,0,64,427,0,1008,0,1679,332,103,63,0,289,12734,0,1492,0,0,0,1261,469,14732,0,216,323,0,0,0,0,3610,0,86,0,6775,0,706,109,0,15,67,58,153765,65,5,459,0,0,27,0,0,0,930,0,231,137,0,0,1327,987,810,0,128439,203,39
411,0,20,0,0,0,2712,0,6611,62,0,73,10047,58,0,0,0,685,0,145,0,66,94,0,0,590,293,0,10,22,0,0,37,91,114,931,54634,475,39,0,48,0,116,275,5230,534,0,25,0,235,0,1094,10392,0,0,2454,0,0,0,144,11919,65,312,0,0,30,804,67,8017,0,0,361,270,0,0,967,2361,4,11,0,0,0,1179,24,0,42,63,35,139547,0,0,792,0,10,132,0,0,157,706,0,1469,733,0,0,6873,679,0,1662,247079,542,511
412,4193,0,0,419,1260,4835,0,2219,402,236,138,6141,230,0,139,0,0,0,8395,37122,2585,0,0,0,0,742,0,1486,34,0,14998,4626,1904,1143,118,2571,110,6035,0,0,0,0,0,108,0,0,1297,30,0,0,1605,3360,0,622,0,0,603,942,64,7150,964,0,1768,0,0,0,19,1218,0,0,20606,0,28,0,50,2264,27,0,0,200,0,1929,290,0,1241,0,423,1818,0,31,3353,0,0,642,197,0,0,9692,0,4418,0,0,0,1121,25232,0,0,21,421,3935
413,0,6,0,379,9518,101,0,695,0,0,0,515,0,679,500,0,283,83,103,2879,0,0,0,0,0,0,0,175,18,0,93,0,17,17,53,17144,144,359,37,0,0,4207,236,388,1156,0,35,114,0,0,0,90,0,18,6116,178,267,858,743,101611,2267,19,0,0,0,0,62,3897,0,0,896,0,417,15,1216,1731,0,1969,0,323,0,1033,0,0,56,400,2664,46060,153,0,2562,0,0,11777,0,517,331,325,0,687,73,0,0,723,326,0,635,532,11,293
414,0,0,2153,179,3138,1626,0,1880,391,243,52,7097,0,0,105,2321,2926,0,3737,52687,2881,217,0,0,0,2595,0,761,18,927,6694,2901,4127,1944,497,1678,184,1289,384,830,0,11748,19,382,6589,0,1833,35,0,0,1035,1993,0,0,231,2063,631,1061,224,5948,1065,135,409,0,1333,0,307,287,74,0,28638,0,0,0,645,2565,7,78,163,599,672,1169,0,0,3075,1182,347,952,62,0,2746,0,460,441,0,0,984,7662,0,7310,0,0,0,1481,13868,0,460,387,49,2248
415,10,0,0,0,1620,0,0,14915,1839,121,0,24500,0,0,29,0,1211,0,498,12713,275,0,0,0,0,240,0,57,0,0,405,116,6487,816,1723,8014,1635,173,2567,2295,0,178,0,2105,23,0,628,2533,0,0,5245,3840,65,26222,271,0,19,272,1588,1511,10287,1117,2172,0,241,0,217,2797,67,1061,495,146,0,1147,10963,2079,44,0,0,0,374,6459,116,131,399,27,358,16935,139,0,1772,0,0,435,897,0,0,598,0,2927,0,0,0,5130,249,1020,0,34002,0,506
416,0,0,0,0,598,0,0,2870,312,94,0,3606,0,0,101,0,1490,0,2707,45787,516,86,0,0,132,3401,0,155,7,0,23025,4364,1881,693,223,2154,149,1395,257,0,0,3647,43,50,2089,933,1520,0,0,164,0,5027,0,245,249,8548,0,774,95,10012,1013,0,0,0,701,0,65,1249,0,311,6466,0,0,568,658,2638,68,0,0,3162,324,1670,1001,0,318,204,121,1466,0,0,1893,0,645,1274,74,0,0,550,16,5927,0,0,0,1114,31817,955,72,1349,97,3369
417,0,0,0,538,0,321,0,940,20760,317,49,210,0,0,927,0,96,0,1358,6916,0,125,0,0,0,2717,0,0,40,0,12195,41,263,242,45,1681,266,752,9,0,12,8241,835,482,608,0,1722,671,0,2228,33,39,0,0,1162,0,1763,89,831,4642,17440,70,0,0,2552,0,28,2517,0,0,239,226,0,46,16059,744,85,0,0,749,4125,750,0,0,0,387,3398,5052,27,0,18327,0,45,4385,20,0,0,108,840,1062,0,0,950,6507,239,550,0,555,28,6543
418,1095,0,0,135,9063,19,9,1301,7933,174,0,168,0,0,0,0,247,325,403,12259,166,0,29,0,0,551,0,72,26,0,4600,84,150,248,14,2027,243,570,0,0,3,10456,596,924,335,0,368,312,376,693,12,42,0,24,3935,0,0,154,148,17145,12684,0,0,0,14684,71,206,1540,0,172,721,0,0,59,8568,706,0,185,0,445,0,4001,152,30,271,0,3902,9848,0,11,18331,0,20,43896,0,0,0,560,0,1310,0,0,0,5138,86,3174,95,2086,36,5133
419,0,6,0,0,557,3309,80,682,0,0,0,1282,0,0,0,180,396,0,553,0,0,0,0,0,163,0,0,285,4,0,2321,441,105,265,388,21442,14,344,0,0,0,1746,0,8,7382,522,0,0,0,49,0,4550,0,0,61,0,640,0,635,10571,80,243,260,0,0,0,77,241,0,158,8431,0,0,112,0,3064,30,35,0,0,0,1630,454,0,2512,0,33,10088,0,0,877,0,9,174,0,0,0,6324,6,4574,0,0,0,0,16126,0,0,5863,0,137
420,477,167,0,0,2163,88,0,1091,1183,0,16,1006,0,737,544,0,278,89,373,0,0,0,0,0,5,0,0,48,1,0,631,0,30,21,0,13336,187,38,6,0,0,6937,168,760,298,0,142,129,0,2474,0,161,0,0,14978,0,0,1215,1131,0,0,0,0,0,0,19,22,6300,0,281,1155,904,0,19,0,1697,0,379,0,139,0,672,669,0,78,84,436,41361,152,0,12171,0,0,15738,6,138,0,473,39,599,169,0,0,922,420,0,400,4775,0,0
421,0,0,0,0,8119,104,0,1341,5067,0,0,717,0,560,0,951,473,28,226,539,0,0,0,0,11,6795,0,231,0,1312,100,0,19,0,90,14912,197,1107,17,0,3,5805,0,37,588,189,92,9,176,1082,0,67,0,446,10152,0,368,0,2228,51481,1430,25,0,0,760,0,54,5385,0,0,305,1314,0,177,407,1225,0,891,0,296,707,0,108,0,79,55,1184,35972,17,0,2732,0,0,2983,35,0,0,386,38,0,349,0,0,3767,1630,1016,137,3927,0,68
422,9955,0,0,0,203,1064,0,2841,496,312,0,2786,0,0,102,1824,1875,269,4700,48697,0,10,0,0,0,7737,7,607,43,783,14559,0,2085,1256,285,1373,50,2332,897,0,0,3779,14,351,4729,0,948,100,466,44,1343,6154,13,0,288,2998,167,2164,645,5872,566,318,843,0,794,174,44,1283,14,2299,6290,0,0,159,911,1673,0,0,0,2093,0,3130,758,0,626,39,307,2059,0,0,661,0,341,1311,31,0,0,9474,0,0,0,0,0,0,21152,0,508,320,1893,3794
423,12171,0,0,0,1380,2422,0,1273,100,204,0,1407,0,0,186,0,2155,0,2293,37683,0,0,0,0,3069,7000,5,0,19,0,17722,0,1831,1499,656,2631,105,3324,327,77,0,1395,51,0,275,0,1422,32,467,0,568,10979,0,278,760,9673,0,466,449,22389,895,1377,0,0,0,0,153,730,36,726,8927,0,0,211,135,2986,14,0,0,0,310,0,258,289,1736,0,522,1500,0,0,4095,0,0,702,0,0,0,10659,13,4925,0,0,0,1490,48791,0,421,1449,102,2222
424,1752,0,0,402,0,305,0,2218,14368,369,0,1110,0,0,1256,0,875,0,703,16922,18,99,0,0,0,10476,0,180,82,0,5113,22,357,202,47,1114,372,772,0,0,0,13332,341,830,845,0,2221,181,1193,4690,0,37,0,234,8766,0,4988,440,3644,14432,6015,204,0,0,5222,0,85,2348,62,1769,1418,234,0,149,2759,947,244,0,0,1517,10200,1190,572,0,44,0,1910,10778,18,0,4868,0,11,19845,0,0,0,472,0,696,81,0,0,5507,469,0,0,1880,35,1750
425,0,0,0,0,0,0,0,20383,1551,0,50,8228,125,0,3,2858,0,0,1670,1721,0,0,0,0,0,454,132,11,235,0,804,39,4277,706,187,5114,1034,87,977,303,264,9,0,5214,51,0,498,2574,0,0,0,2430,0,11062,1126,0,337,1126,1223,6042,5228,1535,0,0,1179,0,1433,6585,0,0,304,362,0,371,6910,475,142,0,0,3922,1278,1430,0,44,433,0,715,20692,0,0,2472,0,55,513,0,0,0,2005,82,3144,0,0,0,10956,831,1779,0,15210,452,14002
426,0,15,0,55,0,0,0,524,7724,1136,59,723,0,0,125,1726,751,25,214,8245,15,404,180,0,0,2320,0,198,18,0,6051,14,109,133,221,4991,369,2029,156,0,0,5288,0,411,653,0,1002,532,0,0,307,22,0,469,7842,0,273,159,2387,18519,4619,72,1464,0,7144,0,61,8758,430,0,2008,0,0,108,7133,851,0,0,0,55,21571,2123,628,130,112,0,299,8961,130,0,33879,0,81,18634,0,0,0,1152,0,114,0,0,249,4828,347,0,644,539,56,8586
427,0,0,0,814,10980,0,0,1745,1098,0,14,115,0,0,224,1160,270,0,0,3936,0,0,0,0,0,3227,0,157,0,0,817,0,27,34,0,13905,254,2360,0,0,0,2652,0,252,2386,0,260,203,0,2697,0,95,0,20,19092,0,0,0,619,52325,5180,0,1157,0,0,0,0,511,145,0,258,0,0,0,1247,606,21,739,0,391,3553,0,0,0,0,1518,94,21894,0,0,8463,0,0,4819,0,0,0,579,0,0,134,0,0,6471,0,0,0,8679,22,0
428,0,0,0,938,0,0,0,715,1430,125,0,1383,0,0,224,0,754,0,835,9652,0,0,0,0,0,6897,0,0,69,0,5550,100,367,87,40,4202,682,1111,0,0,0,5682,0,3178,796,0,268,1206,67,0,51,234,299,137,5389,210,0,532,3630,0,18217,0,673,0,10073,0,55,3073,213,474,1357,1501,169,0,1583,718,323,286,0,0,12189,0,890,0,339,116,1737,6742,156,204,30801,0,66,29492,72,974,0,1146,0,0,77,0,995,0,1854,1064,280,929,103,5766
429,0,0,0,0,0,90,0,1171,13670,603,0,1743,0,0,2027,299,1366,0,569,3890,39,15,0,0,0,6157,0,69,11,0,2391,15,89,285,56,1188,404,947,23,302,6,4652,189,1426,675,0,755,79,0,872,0,68,0,784,14194,291,0,493,5317,122739,13999,26,0,0,0,140,62,92,457,266,797,0,0,59,4002,1289,286,282,0,62,1659,0,217,26,23,0,0,9732,0,54,11069,209,12,26897,0,0,0,670,59,1050,0,0,0,1659,633,861,0,237,17,7041
430,86,185,0,0,0,7570,0,4846,0,0,13,17840,0,0,4,0,520,465,0,2078,0,0,0,0,406,35,0,82,0,0,14,34,164,270,300,47386,150,0,0,0,0,66,0,2743,526,198,0,303,0,0,2368,1067,0,7357,0,0,0,0,355,24744,1430,239,209,0,0,0,500,4306,73,0,281,68,0,1665,0,3388,0,0,0,3545,159,2021,39,0,6,25,35,105880,80,0,963,636,28,348,1157,189,0,615,89,1534,453,0,0,0,188,0,835,297806,0,0
431,128,54,0,929,0,423,0,2035,0,0,9,1015,26,1147,77,0,815,225,317,1182,49,0,0,0,136,0,0,196,0,2434,999,0,69,0,31,10769,133,1671,0,0,2,7935,0,1416,379,104,140,0,0,761,87,11,0,200,2803,180,1080,0,121,47805,341,15,0,0,0,0,14,3822,137,296,504,318,23,173,3738,1343,33,757,0,334,0,360,274,0,72,43,1557,37786,9,15,14959,0,0,9638,0,0,0,497,0,801,25,0,0,5484,743,0,240,7457,11,122
432,0,0,0,58,4439,0,0,1715,415,150,0,7105,0,0,123,1105,1460,351,6451,18869,260,0,0,0,0,8468,0,348,13,0,13360,0,2661,1353,309,383,290,3434,0,0,78,6162,0,420,6823,1631,686,110,1916,27,0,5125,0,297,147,0,84,214,368,540,791,0,0,0,2085,0,109,580,24,193,14380,13,0,872,181,5793,32,0,0,0,93,1756,1037,0,2517,350,234,2001,71,0,245,0,231,140,66,0,0,14630,0,5338,0,0,0,313,4814,0,0,143,161,4461
433,0,0,0,0,0,5536,0,2753,804,0,0,3321,0,0,238,0,4664,240,2559,24480,2875,71,64,0,0,3501,0,404,23,0,2306,0,2090,2870,90,4473,324,920,0,0,0,0,0,131,0,0,991,20,0,1513,0,1200,0,0,692,5403,0,1796,0,0,591,941,0,0,2091,0,62,1762,0,0,13186,0,0,622,954,1251,60,0,197,8498,0,0,0,0,1119,0,124,2575,0,0,354,0,357,453,0,0,1300,6231,0,0,0,0,775,456,14290,0,1881,887,968,3412
434,62,192,61,2491,0,3794,0,15990,385,0,0,17829,65,0,56,294,842,0,88,1090,172,0,0,0,605,566,0,129,13,925,188,0,600,245,1683,47496,1226,46,0,0,0,118,70,6617,617,0,81,2268,292,0,3513,1717,0,23288,2502,119,76,0,1294,7779,2327,945,0,0,0,2693,43,15757,27,200,147,0,0,604,3499,2026,20,93,0,447,0,592,131,0,103,48,164,83276,415,0,950,0,0,169,0,0,0,1024,0,2117,986,0,0,5301,2567,0,0,148816,301,0
435,0,0,0,1051,9578,0,0,1645,13216,562,117,1785,167,0,574,0,1493,0,781,3364,0,0,0,0,12,4306,0,80,31,0,5271,0,110,256,112,5690,844,634,0,0,33,1298,801,1021,270,0,616,197,968,5632,154,79,0,56,3122,18,0,1089,987,0,9782,246,1678,0,12652,0,75,5841,0,577,1380,455,0,67,443,1639,0,0,0,0,456,0,687,0,311,0,1185,6887,0,0,4753,0,10,21205,0,0,0,731,0,0,0,0,0,4285,1467,901,0,1408,377,2843
436,0,0,0,423,2218,99,0,1709,12662,138,0,2120,0,0,745,775,585,0,159,2841,0,0,0,0,0,4892,93,0,41,0,2973,204,125,320,27,2230,612,1444,0,188,0,17498,350,1930,406,24,836,1082,1737,1184,0,42,0,3,14543,0,0,106,1468,43959,3737,167,3462,0,11679,0,214,3865,357,0,1119,0,0,15,4419,1080,116,172,0,639,0,1122,2818,23,75,208,6114,13575,80,142,10352,0,84,9496,72,0,767,522,0,500,0,0,0,12382,792,0,1152,452,0,3569
437,3658,0,0,372,3503,1278,18,1866,185,131,0,1054,0,0,412,2107,2608,890,4967,13152,0,0,0,0,0,3058,0,397,20,0,19162,1201,1561,408,238,4012,336,398,142,0,0,4025,0,313,2394,0,651,31,0,0,0,7165,131,195,630,2443,44,3238,1008,3082,603,1353,0,396,792,0,124,165,0,395,18967,57,102,1070,407,1847,35,0,0,2474,441,0,0,0,3037,327,341,3308,0,25,3344,0,210,312,0,884,0,10261,0,15294,0,0,0,1492,22442,980,0,299,573,3341
438,1203,345,0,614,4479,3760,0,19215,1344,418,190,29029,0,0,107,0,652,0,451,3096,75,0,0,0,0,0,0,106,478,556,174,0,1397,770,0,19986,2004,62,0,509,0,785,0,8307,165,194,248,2395,337,336,4123,8608,0,0,2127,695,13,151,3214,27204,349,0,526,0,345,0,655,1277,28,0,390,1034,0,1985,3502,1845,55,0,733,2867,1569,0,0,67,179,0,355,18611,0,108,1591,0,8,414,0,141,167,1403,0,3286,0,0,0,3032,74,0,4927,8087,1420,6209
439,0,22,0,71,0,0,0,3186,621,444,107,4082,0,0,805,3072,4272,815,3795,8642,0,53,0,0,0,11282,0,990,36,0,10142,0,1833,1367,471,2628,240,11362,303,0,71,10059,64,980,5617,459,763,104,36,0,0,6697,141,94,508,10017,0,354,0,7637,647,0,1511,0,2159,0,188,1435,0,479,68150,47,0,569,405,2505,17,0,0,0,158,0,1113,0,2727,20,290,2281,0,0,1976,511,0,1107,0,3214,396,7564,0,6939,0,0,625,1099,7946,0,2029,234,206,1034
440,0,41,0,0,0,522,0,1928,1481,760,3,1686,0,0,798,1153,498,285,387,1276,138,0,0,0,123,1790,0,111,33,0,1196,0,18,35,36,11018,383,764,43,0,0,2324,0,1956,1087,141,313,189,422,192,0,24,0,142,8571,233,0,0,30,53983,6007,167,0,0,2501,245,60,3328,0,0,878,460,0,0,813,1062,0,840,0,148,0,615,499,0,84,399,486,22407,0,0,7819,0,0,10570,0,0,0,378,0,23,319,0,0,2076,635,688,0,7369,0,564
441,509,0,0,928,4412,21,3,1021,10933,644,22,744,0,0,59,1456,842,131,980,9521,0,88,0,0,0,0,66,0,56,0,2190,14,202,338,188,2978,533,2297,0,185,0,20136,0,1163,236,226,155,439,2081,468,26,216,49,562,9597,0,401,1816,4506,23012,7616,180,0,0,3897,0,210,2930,0,158,713,1253,0,69,7303,854,83,0,0,0,3626,474,418,1,76,18,3732,7948,0,141,14722,0,42,7342,0,0,704,799,0,388,156,0,651,2156,543,0,111,445,46,10564
442,0,0,389,190,1924,97,0,1328,13395,267,0,1160,0,0,1261,0,1587,0,636,6534,0,0,0,0,0,1858,0,214,37,0,1297,97,51,88,74,4405,490,3388,0,0,9,22370,425,2279,336,624,742,903,866,5494,60,318,0,254,18594,136,326,607,1032,43064,3564,293,1178,0,0,0,102,966,231,335,709,0,234,49,2215,1122,6,0,0,688,1400,669,187,33,154,447,5980,10333,0,0,14762,0,38,15530,0,459,1115,515,0,1967,0,0,139,5368,28,1185,0,812,0,7158
443,0,8,0,306,4156,0,88,3761,308,0,14,4350,0,0,151,111,2854,0,1292,11145,0,0,0,0,0,0,74,0,43,0,3303,0,1152,736,543,4168,343,4360,0,0,0,30330,193,120,1416,700,1386,57,0,404,0,4906,0,375,861,10097,40,395,882,948,274,1677,1182,0,1462,0,233,715,37,0,19815,0,0,527,29,6353,0,0,0,0,0,861,765,0,728,0,450,3401,0,0,340,0,0,172,290,0,214,11097,0,0,0,0,658,1189,7371,0,0,1607,939,2284
444,0,0,0,1077,10454,389,19,1488,14565,401,60,2008,0,0,577,0,1371,0,728,250,0,0,0,0,0,0,0,375,53,0,2712,0,101,133,0,5263,502,2709,7,1124,0,3788,433,2987,549,377,484,327,601,873,0,79,0,655,15421,93,618,0,2980,18618,6400,427,0,0,14191,0,112,3866,44,0,925,0,150,70,2535,700,91,0,178,634,399,0,303,0,105,185,7376,13549,48,128,15459,396,65,17420,15,0,0,232,0,382,0,0,0,0,896,0,0,1331,54,540
445,0,0,0,0,8778,95,0,647,26429,165,41,1441,0,0,814,0,659,0,637,12867,0,0,0,0,0,1906,0,50,67,0,657,144,228,36,20,2588,565,1873,5,0,0,19462,0,1845,279,0,40,162,1421,1974,0,280,0,170,9007,403,2655,0,749,73133,4834,322,1337,0,2374,119,0,274,432,0,1250,1598,0,80,598,475,245,387,110,0,2375,478,1256,34,119,184,3470,10393,0,50,11850,0,19,17536,0,0,0,1322,0,932,0,0,0,2405,1662,6324,777,691,220,6198
446,0,0,0,150,0,3731,0,2564,313,333,125,5025,0,0,701,0,3852,0,7172,8681,0,51,41,0,3080,6631,97,805,35,3636,4817,0,651,959,916,3716,89,2017,0,0,263,13495,0,151,1709,0,666,47,0,279,399,2809,0,98,314,4255,0,3076,243,4420,171,1528,1391,0,1323,0,139,527,0,1107,22832,379,0,982,1378,1241,96,0,155,0,203,3024,0,0,6489,139,863,2803,0,0,872,0,232,410,0,9119,0,18932,0,13952,26,0,112,490,25162,0,1726,1238,1768,2288
447,0,20,0,237,241,2198,0,2522,98,0,0,1715,0,0,0,472,1550,115,1061,12084,271,0,0,0,450,3163,120,2593,15,216,1728,0,419,182,100,4392,173,1510,291,0,0,9163,70,342,5973,0,374,0,367,242,0,4591,0,0,694,13103,0,0,627,2019,388,0,515,0,0,387,50,803,71,547,16165,210,0,512,296,2347,5,138,32,0,0,4673,541,0,2066,281,88,5158,55,0,2586,0,0,513,104,2430,46,7579,0,4132,0,630,0,402,14480,191,0,10341,944,0
448,0,0,0,30,219,0,0,1997,511,339,0,6063,0,0,414,0,3800,423,1436,8229,527,0,0,0,379,1635,0,380,82,0,9231,0,2051,1045,262,6127,276,10849,739,203,0,5871,0,505,2318,0,520,167,0,574,619,11734,242,0,1086,2035,35,2212,737,0,450,1164,0,0,2305,0,164,181,0,0,16269,175,360,870,442,1276,71,48,0,3223,558,0,699,1566,3155,75,454,3780,0,0,2287,0,325,940,0,0,1413,13648,0,11879,0,0,0,471,16775,1729,1219,1225,421,823
449,277,26,0,0,0,24,0,914,0,180,10,1226,25,0,1638,0,672,38,146,1783,56,0,0,0,32,1518,0,73,24,3868,2331,33,77,120,5,4685,457,566,80,444,9,12073,235,1803,992,210,122,90,0,0,26,41,0,272,4194,71,1838,0,1498,35321,4726,230,0,0,0,0,90,4431,149,0,1365,0,0,12,11604,845,0,103,0,383,0,388,417,0,126,636,0,15626,35,0,18643,0,0,8374,96,0,1674,346,0,577,137,0,0,3384,278,0,0,12823,0,339
450,0,0,0,0,143,0,0,313,600,15,13,18580,124,0,818,6978,2573,0,3564,26670,282,213,0,0,0,534,0,180,12,0,9759,820,1626,1117,365,4074,167,16037,0,569,763,6034,0,280,5432,0,36,174,0,0,342,9523,0,335,1660,13641,0,1555,521,862,511,1644,335,0,1948,0,44,509,0,262,38144,56,0,1350,540,643,38,0,0,0,728,2270,674,1092,0,104,164,2986,0,0,2043,0,0,1448,0,0,316,24423,0,4816,0,0,0,902,18805,0,0,620,2488,2466
451,720,0,0,377,0,0,27,14510,831,347,0,31997,0,0,64,3370,2353,380,281,5401,0,0,0,0,17,0,0,45,216,1381,450,0,624,357,690,7933,2402,200,1924,0,83,334,0,21063,268,0,193,457,441,967,0,8070,0,8775,9930,71,17,203,1012,24027,2745,1306,0,0,279,407,230,14698,0,242,828,188,0,4692,725,1055,48,9,0,2326,241,2367,65,32,268,0,258,34612,0,0,959,0,37,438,250,0,0,2369,73,765,0,0,0,5365,347,0,0,64382,1715,16325
452,0,0,0,379,0,3631,0,4470,8,74,54,9352,0,0,412,4767,1995,0,2105,7622,1094,0,0,0,2087,0,0,0,14,0,2179,0,1628,129,774,9952,190,4750,104,378,0,24501,0,395,6723,0,280,48,1601,150,1582,12315,0,216,132,0,124,0,419,5479,322,1108,0,0,0,0,32,338,38,517,35138,375,0,630,340,2562,47,1088,0,199,130,0,369,0,5230,179,59,5897,301,0,2181,0,51,1525,0,0,2987,14063,0,5987,62,0,0,677,79821,1139,2453,310,0,290
453,0,0,0,0,3399,0,0,1412,660,526,0,9396,452,0,599,893,5589,0,8401,12121,294,0,0,0,0,747,0,0,36,0,13609,833,1332,876,223,2557,227,16273,0,0,244,9636,0,317,3315,388,483,46,0,331,0,4063,0,22,365,8848,387,4411,1045,2627,47,167,70,0,613,0,243,1375,0,0,41395,116,37,606,166,1902,36,107,399,635,32,850,0,0,3152,67,142,1828,0,0,814,0,223,702,0,0,0,8719,0,6804,0,0,410,2264,15536,0,0,870,506,1872
454,0,30,0,30,0,1710,0,1279,573,408,209,15867,0,0,837,5738,5263,1179,4163,7320,40,40,0,0,0,524,51,872,53,0,6125,534,1131,1482,537,3608,240,14152,0,0,0,5855,0,468,4343,0,590,21,689,333,921,10477,0,694,678,8925,0,1815,1421,1887,424,937,0,0,749,0,178,552,78,0,57641,34,0,495,272,1015,26,0,0,292,0,3207,0,317,3528,176,341,3483,19,127,2083,0,193,901,38,0,0,19785,0,0,0,0,0,524,16546,164,0,1105,0,2054
455,0,63,19,0,6221,4823,0,22346,1022,259,22,28414,0,231,59,0,1004,0,231,1615,229,27,0,0,1012,0,0,49,140,1086,388,0,496,96,0,15899,1167,64,0,0,195,376,85,243,242,0,108,768,0,113,2621,9810,0,21552,4418,0,9,0,335,4765,2567,354,561,0,0,0,413,13021,0,7,176,0,0,264,2158,1675,0,302,0,1517,0,0,0,15,187,392,76,26353,67,0,1080,0,0,539,641,0,0,624,0,1100,754,0,0,1107,779,1015,0,233431,0,462
456,0,0,0,0,0,0,0,7076,997,1378,33,11733,0,0,70,0,1103,0,1464,11271,0,69,0,0,1002,0,0,0,0,0,225,256,2511,0,1486,16380,1323,325,1107,940,0,206,530,10705,59,0,412,1625,0,578,1608,12522,0,14022,6586,0,11,3407,1179,9410,2201,0,0,0,250,0,1229,4782,0,79,473,472,0,254,6400,1575,0,0,0,411,204,0,121,23,116,103,413,26976,0,20,797,0,17,766,0,26,680,2400,0,1447,0,0,290,1874,404,310,1160,18823,623,13813
457,0,0,0,0,0,257,0,4016,0,469,0,340,0,100,264,455,1088,299,278,2611,0,0,0,0,167,1920,0,20,45,2885,1782,9,71,198,67,4531,276,1342,24,0,0,14639,0,109,179,0,0,0,4465,3778,194,187,0,288,9282,0,0,0,475,803,8171,0,569,0,0,0,0,4888,369,0,1462,1140,0,0,2404,519,141,1153,0,664,0,0,0,21,240,165,1347,12144,19,159,31250,0,29,25888,142,0,0,1562,0,1451,0,167,0,3139,1600,0,495,9511,45,405
458,0,0,0,2098,2884,8108,0,5869,1084,445,24,20054,0,0,10,3874,1373,864,707,8233,157,299,0,0,0,0,176,42,130,0,279,0,1616,919,784,18233,1319,57,0,0,0,1084,0,2666,277,0,230,1202,835,240,0,4563,0,6326,4717,391,56,191,748,22071,6252,721,0,0,625,0,128,1814,8,0,354,0,726,0,2749,1336,35,14,7628,2667,0,2704,0,0,153,21,224,35271,23,22,806,0,56,43,0,0,0,1591,0,5964,0,0,0,17988,99,4723,0,36858,2144,8764
459,0,60,516,0,0,0,0,3704,0,0,0,23810,306,0,407,0,1587,678,1349,13456,0,0,0,0,206,1339,0,771,35,0,6144,0,485,0,0,5083,120,3708,344,0,0,2977,0,390,7365,1619,432,84,774,287,0,3822,0,155,240,5986,150,0,759,5181,92,0,0,0,0,0,267,424,0,0,23069,0,0,537,340,2100,0,1569,0,787,161,0,267,0,7016,260,0,3576,214,0,658,0,0,1192,0,1539,0,6947,0,5722,571,0,0,0,9282,0,0,7361,750,348
460,0,0,9331,0,0,0,0,634,10521,331,248,2873,0,0,485,414,1364,42,1281,13856,0,0,0,0,0,7181,0,0,123,2323,619,0,149,154,23,2209,623,2959,15,711,0,16948,108,5576,726,0,350,1183,0,640,46,293,0,114,13160,836,2440,1960,2126,23954,4224,0,3937,56,11523,161,152,3041,413,774,1976,1071,0,78,7904,758,250,0,0,76,0,794,181,28,69,0,2510,6670,0,12,3339,0,12,31909,53,0,703,529,208,0,0,0,0,14424,291,0,540,400,180,4215
461,0,0,0,0,3326,2538,0,2692,296,94,122,2552,0,0,339,0,4799,2374,2080,24475,0,165,0,0,0,2203,0,500,26,0,1864,6272,906,1193,277,3118,65,6002,0,255,0,22992,0,359,5373,3898,362,46,325,177,0,3536,0,217,823,7452,0,3163,587,4375,278,0,0,0,1387,0,59,1301,0,0,32607,0,192,435,96,1944,36,0,51,1752,80,1110,951,1398,900,155,206,1586,0,33,2476,0,1629,416,0,0,0,9798,0,7204,0,0,1028,250,14128,5500,0,480,695,3383
462,0,0,0,0,0,5720,0,8599,1208,214,0,35936,118,0,152,0,986,0,282,14839,0,0,0,0,493,0,0,28,319,0,531,0,2039,550,0,8309,1069,103,1893,0,0,1081,0,3910,393,0,12,1493,438,473,5112,12079,0,6034,1708,0,134,3418,542,37835,5139,1450,2390,0,741,0,1181,2903,48,0,963,0,0,3301,7365,547,26,17,0,919,0,41,58,0,139,40,151,27567,0,0,867,0,0,212,0,61,149,633,0,0,0,0,57,5345,693,0,0,115105,2365,12014
463,0,0,0,0,625,3072,0,7487,1127,197,66,12081,0,0,18,741,2523,0,262,284,0,0,0,0,0,774,109,0,599,0,450,32,952,655,1398,9806,1400,154,745,0,0,791,0,8283,225,58,37,1644,751,25,0,12542,0,16924,3784,483,97,611,1648,33960,2549,0,4365,532,156,5944,766,2286,47,0,979,286,1269,0,4166,993,304,0,13512,10633,189,1114,38,0,22,36,243,22243,0,0,2411,0,15,545,0,61,67,1789,0,4426,0,0,0,2236,386,0,0,18020,3317,14485
464,0,0,1583,0,4106,131,17,921,16829,688,95,1397,0,0,1103,0,751,0,572,9429,0,0,0,0,0,3192,0,34,90,1638,7686,43,226,315,158,1166,500,2542,0,0,16,6030,0,3944,182,117,168,305,42,3864,34,115,0,259,8806,388,1523,1541,2289,31507,10688,0,315,0,7553,0,385,4900,22,208,1504,0,66,60,3013,568,0,0,0,0,7241,0,272,80,301,303,1470,5991,0,29,22663,298,6,21869,54,0,277,672,0,224,89,0,0,1963,325,196,0,1358,10,2608
465,0,0,0,121,3578,102,0,1041,17214,0,59,2222,10,0,376,155,1008,0,850,5743,0,0,0,0,0,4415,117,41,55,0,5930,136,143,246,64,2654,455,378,17,0,0,15298,202,891,166,154,504,200,294,0,0,415,0,153,10816,337,0,1195,752,29182,2434,421,0,0,7586,0,144,2426,146,0,1979,545,204,17,1522,407,58,0,445,300,0,521,295,0,378,135,2592,5683,0,0,5437,0,15,37580,0,0,1345,1390,0,744,0,0,881,849,362,0,199,1282,0,5510
466,0,0,0,0,1764,854,0,11317,708,268,0,10996,0,0,57,0,915,170,455,5881,67,211,0,0,0,32,0,56,351,0,701,0,1905,498,977,15960,686,60,3928,0,446,827,135,14773,307,0,365,149,1798,223,728,14172,139,0,6728,220,563,25,1221,38299,3996,1487,0,0,607,0,134,23740,31,0,603,271,593,2220,3728,471,120,47,0,5167,0,3524,27,26,175,0,409,40012,0,0,1859,0,50,581,2589,17,0,151,0,0,0,0,1727,10973,752,2702,0,77794,0,0
467,0,281,0,3716,1219,0,0,4409,0,0,110,20623,78,147,0,0,1186,0,375,8290,235,118,0,0,1468,313,0,0,257,0,718,312,863,126,873,7197,849,341,5999,0,0,1101,0,9391,269,0,317,0,0,121,6163,11052,0,0,5505,249,0,0,315,3142,2653,960,0,0,0,1559,301,35074,69,0,1075,315,0,2020,5670,1603,0,86,0,3549,0,0,242,0,293,111,0,21961,298,0,2027,0,7,488,0,0,0,1200,0,0,3577,0,0,1343,3123,0,4212,273887,0,0
468,0,0,0,0,0,0,0,1076,13753,520,30,862,0,0,1235,697,1796,178,304,7646,0,0,0,0,0,1812,0,55,32,15992,2643,16,97,52,112,3458,512,1018,102,0,0,19843,314,1097,659,116,639,638,959,9480,80,229,80,10,9425,29,0,0,920,35579,11812,121,3236,0,5180,0,143,1141,0,0,1663,148,0,47,3872,216,0,225,29,556,2585,273,250,102,217,962,4397,7536,54,0,10518,0,60,10862,34,617,563,1122,0,1321,33,0,0,908,958,1695,0,1712,0,4966
469,0,19,0,0,84,157,0,2085,0,107,0,2059,97,0,685,525,591,25,128,1026,48,0,0,0,42,1615,0,123,123,1358,2351,0,62,20,17,2988,622,4233,0,402,0,24675,0,2016,205,199,141,0,0,712,65,180,0,0,777,401,215,0,177,22381,2543,0,2372,0,0,0,74,9559,0,0,760,203,110,7,4436,632,0,1333,0,274,0,962,0,0,107,800,1704,12223,0,0,8555,0,0,33944,0,0,3588,442,191,1227,361,0,0,0,1244,1249,0,11418,0,532
470,0,130,0,0,2002,661,0,15646,409,263,63,20384,0,82,111,5562,1057,0,207,3513,5,68,0,0,0,375,0,5,288,1770,328,0,1297,305,387,16265,319,254,203,0,0,612,802,18879,431,0,337,0,0,578,3278,22525,0,16482,8861,102,62,964,64,0,4199,562,742,0,0,1124,541,4278,0,227,396,97,0,0,1546,811,0,32,0,946,784,727,0,43,201,47,0,26425,183,34,1846,0,0,325,0,0,0,2177,0,0,428,0,0,4558,1358,0,0,255415,0,3830
471,0,0,0,47,0,0,0,2179,298,178,0,4850,0,0,405,907,2389,0,1942,6658,868,0,0,0,0,3322,0,0,17,519,9746,1360,991,308,613,1764,280,9536,1495,764,0,5742,0,469,5296,448,1614,84,1809,232,388,6164,127,200,1111,7239,0,1287,791,12285,423,2062,2074,0,1022,0,145,307,14,0,43472,17,497,307,207,1491,52,285,0,635,257,377,355,0,1775,630,464,2201,0,0,1844,149,499,690,0,2880,1351,21038,26,1325,52,0,511,318,12455,0,0,1999,309,734
472,0,0,0,112,9193,0,0,921,14354,898,110,447,173,0,96,936,1525,108,235,7445,0,0,0,0,0,0,0,197,29,0,1276,9,106,54,0,1955,403,2659,36,597,5,20565,0,2150,948,0,340,401,324,12897,0,228,0,0,15172,223,2222,1627,796,77192,11239,0,1647,0,3268,0,327,5367,0,0,1240,0,768,44,488,596,0,770,431,483,1373,0,285,0,131,531,2227,6430,0,0,19189,578,59,4442,94,0,0,1258,0,439,0,0,0,1686,200,0,206,142,15,7035
473,0,54,3128,0,0,2421,0,2791,0,43,0,7045,0,1223,426,1091,266,0,309,8704,0,0,0,0,277,2582,0,0,39,0,5185,0,809,201,313,2712,239,4373,225,0,0,4928,0,314,3060,0,0,54,0,596,198,7523,11,602,272,4521,0,544,84,7076,570,135,1584,0,0,0,42,267,0,704,11471,56,48,394,368,1387,18,608,480,155,0,2953,535,19,430,220,24,2166,96,0,698,0,0,682,0,0,0,9374,24,5339,0,0,0,0,22871,0,414,12449,77,139
474,0,0,0,1694,3382,6139,0,6018,627,1692,166,21593,0,0,43,0,1333,0,778,0,68,0,0,0,352,0,89,39,154,0,416,0,2887,498,0,7319,1185,118,0,0,1553,840,0,8517,635,0,669,1748,0,1004,0,4608,0,6854,5782,0,20,997,50,25297,5910,791,2504,0,643,0,686,22169,50,235,1252,0,0,504,2463,1146,0,0,0,3858,0,2081,0,0,53,199,674,20322,0,8,1605,650,71,336,0,101,0,2335,296,2869,0,0,508,11027,1224,1587,5870,0,0,9686
475,0,0,0,3589,529,0,0,10580,443,513,39,35956,0,0,50,2018,467,335,211,11180,136,0,0,0,0,0,0,0,270,0,252,77,2070,1032,92,18646,2259,70,0,0,460,1041,307,10805,451,0,16,2202,0,1460,0,3477,0,0,2088,264,23,202,725,4492,5449,3509,0,0,666,6810,429,4714,286,0,1892,1035,1308,0,4821,3911,246,114,0,0,920,4489,93,0,400,173,242,31412,197,0,1498,0,0,211,0,0,1425,4360,0,1960,0,0,0,897,0,0,6310,77613,1044,3728
476,3814,0,0,176,0,3725,0,3720,500,78,0,13502,0,0,0,3182,3613,0,2004,15517,0,240,0,0,0,1069,0,382,13,0,2897,3399,1647,1417,859,4735,220,13508,0,131,0,996,0,204,2537,0,148,43,0,606,0,15724,0,116,213,15460,0,5471,612,0,846,1654,0,0,797,0,41,752,20,548,35915,49,156,0,1269,1977,66,0,0,0,0,0,525,1769,0,40,250,4262,0,0,1403,0,0,382,204,0,0,21125,0,2510,0,0,2339,88,10091,1260,751,2312,0,925
477,4709,0,0,0,3099,3838,0,2500,835,142,0,4158,0,0,410,0,3753,1177,4870,10005,0,25,0,0,0,4267,48,0,10,0,11057,939,2305,931,284,2891,182,3206,0,205,228,7606,10,554,4299,576,579,115,0,923,0,3389,5,183,306,3661,67,1675,497,9781,823,976,0,2946,558,0,134,369,6,0,32071,43,105,294,112,1090,79,237,25,3446,82,0,1211,0,2712,0,119,2837,0,0,3384,0,454,338,0,2978,0,16770,0,3133,61,0,453,676,3682,0,753,718,728,738
478,0,0,0,0,1604,82,0,1692,26450,156,75,1482,15,258,600,0,1176,8,1050,3291,80,0,0,0,0,955,0,24,15,0,4127,0,116,33,47,1719,434,2292,31,2050,0,6764,0,5718,335,0,528,687,0,1933,0,167,149,0,12884,538,1380,61,3617,0,4789,67,2240,0,0,0,157,3511,343,144,1556,1233,0,120,2640,292,379,0,0,0,0,677,185,0,179,670,4288,8501,0,27,17997,0,38,4368,25,0,842,904,0,374,0,0,0,4157,58,544,1475,2893,44,3543
479,0,0,0,1003,3175,5611,0,15307,1164,1236,0,5176,0,0,33,0,1758,608,521,6657,99,0,0,0,0,0,0,0,379,0,413,138,459,69,0,11937,1374,210,1282,227,46,482,679,9252,211,0,165,2904,382,1320,0,17213,0,2049,712,0,38,0,809,21143,970,409,1298,0,0,0,757,8505,5,201,1368,1114,0,0,4938,523,313,0,0,2527,0,0,69,0,40,43,444,26957,0,0,1195,607,20,621,0,49,320,383,0,995,0,0,0,1967,0,1382,0,11946,4460,11153
480,0,0,0,0,0,6261,39,5918,997,897,135,20952,0,0,46,3807,1779,0,341,3725,0,34,0,0,0,0,283,34,429,0,291,49,1193,439,647,13091,1413,72,2884,1155,0,1142,0,13950,480,444,475,1836,0,193,4776,8722,0,3677,3786,524,0,245,928,3624,6315,1147,0,0,590,0,899,8390,0,0,1022,63,1263,1706,5126,1795,90,51,743,2246,452,876,75,0,98,103,182,24678,45,0,1183,0,79,440,348,0,906,1981,0,2912,659,0,0,11278,455,0,2762,24773,172,11309
481,0,0,0,0,0,6570,0,48419,1519,282,0,16535,0,93,101,0,1420,0,158,4447,26,0,0,0,531,0,1020,21,21,0,379,22,1833,356,605,38583,1723,0,0,2101,0,78,0,461,459,0,185,1369,157,0,0,21869,0,19948,2824,0,0,356,482,0,1286,1270,0,0,0,0,107,1397,26,0,589,185,0,0,2637,1577,107,0,0,3080,0,3584,0,32,238,0,0,52937,311,0,1392,0,0,888,0,54,0,1400,0,1781,1532,0,0,0,2271,2072,0,77951,264,0
482,0,0,0,1448,512,0,0,15047,1875,878,0,11974,0,0,124,0,3369,0,238,2924,255,0,0,0,0,699,0,42,0,0,364,0,958,642,1528,8984,1856,362,0,0,0,572,0,11249,375,0,125,462,597,208,257,25217,0,0,6209,405,0,809,1731,11388,2437,870,5834,0,275,557,758,9557,0,607,1225,0,0,8029,2078,966,17,46,0,0,266,1939,62,0,469,247,648,24577,0,16,0,0,29,522,0,0,0,2154,0,4846,534,0,0,5626,679,0,0,22316,911,8721
483,0,0,0,0,0,139,0,849,5505,0,59,2603,53,0,818,439,1249,0,245,7520,25,92,0,14,118,11100,0,164,47,0,2687,45,222,15,145,7989,177,307,0,0,0,17808,186,2416,159,236,159,361,927,1485,186,215,0,419,16549,0,0,0,1793,23795,1595,110,0,0,5447,0,55,3203,142,503,1473,0,0,179,4702,223,154,266,0,709,0,1664,192,0,387,0,1008,14593,20,0,14830,0,0,41654,65,0,0,657,0,503,649,0,0,0,1619,0,1566,5378,0,161
484,578,0,0,0,0,5861,0,7940,1855,538,0,46805,0,0,153,0,2117,0,1360,2518,0,0,0,0,0,0,0,0,916,0,515,97,2447,1141,1214,5320,1716,54,834,0,0,1285,0,20773,49,232,0,0,1925,152,1752,14607,0,4716,3755,279,0,0,1035,0,8271,0,79,0,399,0,689,201,0,76,1013,1908,540,0,4066,1232,104,0,0,0,437,1203,37,0,372,159,245,12708,0,0,2008,0,26,421,192,117,283,1755,0,2571,605,0,416,12863,550,0,0,75742,0,9349
485,0,0,0,0,81,8282,0,10542,2070,448,0,13367,0,0,9,0,310,630,694,9973,0,0,0,0,0,1887,0,14,395,693,360,62,496,212,1051,9165,1339,92,4068,645,0,715,0,25033,185,0,456,1616,628,1458,3436,7855,0,16592,4429,476,48,1167,1658,23761,5187,2897,976,0,442,0,262,1051,77,0,1392,366,470,1273,2460,1155,17,14,1883,0,820,1063,48,14,319,0,19,17004,0,29,2328,0,42,291,0,68,0,3100,0,1506,0,0,132,998,0,4022,1248,8720,0,10288
486,0,0,1576,106,1684,0,0,608,339,967,0,0,0,0,677,0,3721,0,3358,24375,0,0,0,0,0,11426,98,1128,172,0,17487,0,952,327,1043,2364,268,12204,587,0,0,3109,0,541,2298,1261,619,72,1159,584,0,8537,0,673,442,4446,0,0,689,4592,710,1399,1725,0,420,0,33,254,0,0,54275,0,58,0,1046,2080,24,199,0,400,0,1719,766,967,1195,0,181,2249,0,0,609,0,132,518,0,0,336,21421,0,7172,0,0,0,926,14302,0,1124,996,0,1676
487,5156,0,0,0,7837,165,0,651,13917,275,144,1148,0,0,1220,0,2825,162,683,5526,11,0,0,0,0,0,388,0,91,0,2506,97,131,234,199,1641,233,2553,102,70,0,20632,104,1404,282,0,811,266,70,2372,38,220,0,0,11578,155,1820,1044,1764,12287,11721,460,1372,0,0,0,127,6217,188,309,971,398,160,0,4515,997,213,538,68,419,3884,1450,501,0,219,431,3203,6587,0,0,7351,0,33,20535,0,202,0,1324,0,612,0,0,0,8124,382,690,741,755,21,7115
488,7090,0,0,23,160,0,0,2577,426,457,5,6933,159,0,556,4567,5973,485,3856,10762,1118,216,0,0,0,2609,0,353,10,244,6708,1614,1591,514,739,4704,559,18328,301,352,561,4508,63,236,2077,1792,452,54,0,744,0,6541,12,1189,811,531,0,2036,1113,2704,504,1770,0,0,665,964,212,2113,27,0,61113,0,45,1778,296,1203,10,66,66,751,117,0,270,0,2035,232,251,2074,0,0,631,0,0,739,0,0,0,17954,24,10508,0,0,449,1092,20357,2020,861,450,538,154
489,0,0,0,1700,3004,0,22,14150,1867,383,0,27064,338,0,25,8020,1571,893,1241,2942,110,0,0,0,187,559,156,0,81,0,451,17,2194,688,2000,12911,1628,49,0,487,0,406,140,11434,238,3,0,314,418,771,1537,12994,0,7028,8588,229,0,1095,1992,16886,2576,2924,3038,0,305,4706,605,24618,39,594,1049,116,33,1383,1700,487,25,9,0,0,208,1164,17,0,121,18,226,16455,30,0,1204,0,6,691,0,89,263,1730,0,4077,556,0,269,15267,151,1082,3425,13081,214,5874
490,0,3,0,306,9554,69,0,1190,0,0,14,2367,0,0,332,0,537,124,245,8255,3,0,0,0,276,3164,0,109,0,996,3642,14,76,113,156,4003,230,574,0,0,0,3809,42,446,356,0,92,264,323,0,96,35,0,146,4469,118,1129,0,557,55265,8496,0,200,0,0,30,66,1044,0,339,398,460,313,9,5363,846,105,0,0,0,0,242,215,0,44,431,736,10484,95,0,3872,0,0,30126,31,0,1271,356,228,569,154,0,0,471,1581,277,265,14077,0,232
491,1774,145,0,834,0,1002,0,1708,690,248,0,11102,0,0,106,890,5130,0,3150,4612,707,0,0,0,0,272,0,0,26,870,0,0,955,1076,780,2312,204,26177,2391,27,0,13461,0,460,7602,0,0,236,1215,99,0,18131,0,535,152,8152,212,1229,576,3699,704,3095,4611,649,2141,123,46,880,0,478,98500,132,66,252,646,0,0,1417,106,2228,492,3039,0,0,3243,918,247,2465,251,0,1466,0,0,87,0,0,0,14298,0,3041,0,0,0,1590,3899,940,269,75,892,292
492,0,387,21,0,596,0,0,12604,984,558,140,7096,286,0,39,1357,1648,1208,368,6179,37,0,0,0,0,388,0,0,154,0,568,287,1960,256,567,4982,1554,162,0,163,0,1039,315,16843,211,0,329,203,1015,565,2089,26732,0,14527,7953,30,0,713,786,14408,5298,2439,266,0,266,0,598,21595,6,338,858,202,0,1487,5032,1121,180,116,0,683,0,1215,158,0,385,107,23,28694,0,0,1215,1770,0,847,0,0,760,2243,0,212,0,0,0,2008,190,0,0,22357,0,12730
493,0,156,0,1908,3731,2354,0,9212,314,0,16,8607,428,152,0,2068,601,0,233,3470,141,0,0,43,309,532,0,0,31,1166,1077,39,3119,586,257,7585,974,93,0,596,0,138,344,3847,166,0,603,130,124,111,459,7366,0,7843,3612,0,20,0,994,14129,5104,555,0,0,0,0,301,15103,32,0,167,0,1178,3520,4429,515,46,10,0,7305,0,2416,175,0,51,84,56,38671,43,80,1403,720,4,706,1166,0,0,702,0,509,315,0,0,4086,530,1030,0,192015,0,1728
494,353,0,87,363,0,571,0,17051,575,673,86,28353,0,0,83,0,2793,296,772,18012,102,0,0,0,0,478,36,79,514,0,518,11,2761,1237,1381,9114,1718,318,1445,0,0,652,0,12886,338,183,482,0,0,1096,0,16783,0,8930,6819,459,69,2806,2582,14624,5816,1964,0,0,0,2189,217,11192,7,188,1075,895,2171,3407,3933,1548,92,17,0,568,0,235,44,0,716,53,52,20345,106,1,939,0,43,280,0,0,2542,2000,56,1622,135,0,0,17192,65,2691,2033,17739,304,5957
495,0,0,0,0,0,1080,4,18991,480,459,70,25092,0,0,143,1391,2066,188,339,10545,132,0,0,0,0,0,120,0,629,0,465,56,4318,453,227,7341,1112,468,0,904,0,852,0,12755,279,0,94,967,177,453,3481,28616,0,9325,5472,646,152,98,930,0,4773,4375,0,0,87,0,408,7685,0,55,1489,217,1580,2099,10642,766,150,35,0,2085,417,1144,0,0,82,0,565,9317,33,0,321,0,39,788,0,0,377,2944,129,4650,0,0,224,1531,928,0,2153,20875,1144,7786
496,148,29,0,0,119,6800,0,11091,0,0,0,18824,0,234,7,0,459,0,61,5890,210,0,0,0,1774,41,0,31,0,0,341,67,2347,588,355,33435,206,51,764,0,129,132,397,2245,241,0,562,2074,141,0,943,0,0,4101,906,0,32,0,467,4588,5824,914,1216,0,0,1672,36,8728,104,0,308,0,1639,7671,1870,1184,79,36,0,4637,192,0,73,29,112,147,20,52412,62,0,1964,0,47,953,0,59,0,754,29,1344,2721,0,0,2244,1786,0,2531,175374,301,1205
497,0,28,0,0,1547,7224,0,2382,397,0,251,8145,0,0,285,738,1951,517,2763,31113,0,139,0,0,0,3982,0,577,52,0,14367,3797,1476,990,152,1647,272,12763,810,53,0,3254,39,542,480,710,1290,123,0,794,1270,10159,58,434,570,5116,208,0,1078,8227,505,2248,0,0,0,0,189,1291,8,204,30673,179,100,310,1195,1263,62,174,0,0,0,1679,168,0,2314,173,173,1723,0,0,660,0,0,320,0,0,0,14719,3,15308,0,0,0,1786,11894,1062,0,475,350,1930
498,0,0,0,0,0,0,0,2501,783,375,0,7972,0,0,305,834,6518,0,3535,23970,0,0,0,0,0,5992,0,409,38,0,14015,6636,1700,2062,0,488,136,21085,836,217,0,15476,0,362,4789,279,760,71,171,807,779,10530,0,1114,438,3935,317,811,710,480,786,1063,0,0,282,0,224,1127,47,0,36280,43,436,1848,466,2725,0,303,0,1539,0,295,256,0,4411,0,50,2086,399,0,470,0,0,525,0,2694,450,16405,16,12671,0,0,0,1183,8713,0,268,962,561,2022
499,3138,15,0,401,0,326,0,1773,0,0,0,886,0,0,86,958,286,20,612,7332,33,0,115,0,395,2764,0,235,52,0,6432,39,289,97,29,5898,204,375,10,64,0,1340,682,642,550,0,382,369,195,1323,227,24,0,280,981,4,195,0,273,16783,9465,109,0,0,594,77,111,87,110,0,442,0,0,144,2800,1515,0,1431,0,440,1107,172,458,0,0,155,887,14543,222,0,17110,0,0,33163,47,0,0,390,26,1163,0,0,0,751,2117,0,0,6389,0,391
500,1128,0,0,608,1274,0,0,12578,1548,135,0,19568,314,0,102,0,593,0,234,11708,0,0,0,0,1954,1067,0,0,959,0,506,0,2552,611,984,10233,499,77,3164,0,0,900,0,13075,166,184,475,2216,169,697,1372,8748,114,6332,7433,941,172,2009,585,0,7554,236,0,0,318,0,832,9352,0,0,291,362,2290,4545,7378,2162,22,8,0,3681,0,769,34,0,513,551,355,19442,0,0,780,0,0,384,0,188,0,2671,0,3232,0,0,377,5908,719,0,0,5868,0,4766
501,0,0,0,0,1353,0,25,22420,1307,490,9,8664,0,0,83,6055,797,255,611,1173,19,0,0,0,0,0,0,29,180,414,226,180,3733,682,0,16409,1856,137,0,1087,311,1189,0,8762,186,53,151,1277,0,226,0,31225,0,24325,1273,53,43,0,2496,15780,8524,0,0,0,189,0,208,10325,0,185,1090,0,229,0,1619,0,0,0,0,0,0,0,174,0,270,36,122,19333,0,0,1024,0,0,566,0,0,0,277,0,1973,0,0,155,7891,318,0,0,11761,0,13149
502,0,0,0,36,0,0,0,4161,374,0,139,10681,0,0,186,14736,6409,0,1803,20615,64,0,0,0,0,4169,0,631,51,2361,35803,159,2020,784,414,565,104,3466,824,0,442,6519,0,267,2426,0,1131,47,0,1272,0,11783,179,449,778,7683,88,1481,1052,2112,630,0,750,0,827,0,30,452,0,0,26079,75,0,644,0,0,55,203,480,0,0,0,661,1254,2644,342,0,1462,0,44,1789,0,0,553,0,0,0,30934,0,6650,0,0,0,870,1604,915,0,632,1193,1877
503,0,0,0,1307,0,3864,0,9296,1086,207,0,22281,0,0,23,0,2095,0,223,12905,0,0,0,0,0,246,441,19,310,0,245,11,3181,663,507,4110,1656,180,0,148,854,818,501,13595,500,0,620,1197,593,602,0,15600,122,0,1694,0,0,0,1479,44576,9798,6852,1851,131,322,0,171,15421,50,0,1428,455,1430,968,8976,2177,118,6,0,3073,918,1957,67,58,309,19,446,16544,116,0,1229,0,25,132,0,0,0,2175,0,380,31,0,0,14081,0,2061,0,4165,0,10537
504,0,0,0,0,1698,8746,0,8011,0,717,0,16988,0,0,48,0,538,0,38,2019,0,248,8,0,566,117,0,4,0,0,625,69,3011,455,1061,18053,806,57,4754,0,110,647,0,8491,303,0,568,1843,171,392,455,15354,0,8442,2314,0,41,0,927,17165,5754,172,1125,0,0,0,259,8327,27,263,339,0,0,6161,1137,1241,112,45,0,1975,186,3108,126,0,22,12,0,36330,0,0,1506,0,0,855,0,11,0,1333,50,1460,1303,0,0,0,2093,0,0,254824,1549,359
505,0,0,0,0,1301,5618,0,12004,318,294,95,23361,0,0,19,767,406,43,76,5170,0,0,0,49,1469,0,0,69,106,0,745,0,2164,524,782,15663,669,64,0,0,0,738,0,5674,324,0,320,1393,0,0,1966,3673,0,2197,3768,118,19,0,739,9456,3817,0,1817,0,0,0,334,11802,0,0,335,240,0,710,3067,546,80,0,0,1165,93,2074,110,0,145,91,85,29822,0,19,730,0,0,1788,1042,0,398,379,31,975,51,0,0,3571,1628,377,0,319269,0,511
506,0,21,0,446,0,0,0,1607,14140,617,81,1311,0,0,695,1839,2037,30,1061,16899,202,0,0,0,0,2588,0,38,18,0,1416,0,163,161,73,3109,349,3872,120,0,0,7163,0,2960,771,426,735,601,2794,1275,234,53,0,137,19511,409,572,0,3510,58517,1482,82,2701,0,5986,0,257,792,136,0,2558,982,732,41,4269,570,15,707,0,206,0,610,257,15,213,515,2368,5596,0,0,16224,0,81,33359,0,0,1528,945,0,236,0,0,0,3198,76,1738,0,1057,0,964
507,0,0,0,94,1335,0,0,1961,763,400,0,5049,0,0,431,1682,3171,384,2435,19064,829,0,0,0,0,1751,52,0,70,645,14199,2963,2457,500,2165,3323,255,7941,0,87,0,3883,0,42,4600,2919,1492,9,335,448,0,11938,67,62,424,2714,0,2765,1692,3980,274,1648,0,0,597,0,75,110,52,0,74758,0,101,0,148,1143,0,39,0,0,0,2675,1051,0,2370,63,173,2008,105,0,2315,0,454,745,0,0,0,17686,52,7042,0,0,2278,1256,8677,0,361,333,1865,1798
508,9204,27,0,0,0,2678,0,3599,127,14,50,5570,0,0,831,0,8407,0,7416,13457,0,100,0,0,0,4794,0,0,9,0,8151,0,2031,161,0,335,288,3753,0,0,1214,14570,66,233,2222,471,1448,53,1729,385,0,16420,0,0,481,0,411,0,1064,6667,609,2142,0,0,1189,0,230,0,0,507,47775,0,0,903,10,1900,72,166,0,182,0,0,0,0,1724,431,636,2828,0,0,2721,0,0,823,0,0,0,10155,64,6732,0,0,928,452,10888,1105,240,855,0,1263
509,979,0,0,2603,524,1438,3,12547,690,318,38,14972,0,0,26,0,456,137,256,8375,203,0,0,0,914,731,43,37,302,0,1041,49,3548,309,1065,18108,1078,162,0,0,0,688,0,9641,192,24,606,282,0,309,2325,3505,0,0,1334,402,18,46,922,14339,4489,0,1532,0,0,0,190,7873,33,34,576,0,0,2374,3243,2631,15,24,0,3646,0,812,140,6,169,37,214,35515,86,0,618,0,0,1174,0,70,0,1160,0,2754,354,0,0,1232,1523,0,247,121377,2055,1124
510,0,5,0,37,3040,0,0,1810,227,16,71,4164,0,0,111,1377,2686,0,788,15748,0,0,0,0,2500,512,0,120,22,0,24331,0,873,571,33,2738,60,4191,0,0,0,3052,31,150,2129,145,1011,58,64,0,1235,2502,0,257,182,0,0,0,363,5604,585,66,0,0,506,0,55,1228,89,173,9396,173,0,248,419,560,0,0,0,1348,0,1738,540,0,0,173,57,2906,0,0,2044,0,0,564,0,0,0,3524,0,7746,46,0,0,152,25466,628,0,10803,66,190
511,0,0,897,1198,16101,149,0,1024,9563,1143,0,1075,0,0,730,716,1705,0,1070,3710,61,158,0,0,0,11742,0,0,35,0,4095,7,230,176,141,1804,237,2817,90,0,16,12302,123,3083,404,89,240,885,0,4316,0,271,0,0,17246,78,0,595,152,47260,3232,410,3489,0,5845,0,124,1665,0,261,2174,192,729,0,6517,430,150,64,100,292,3108,1029,0,0,192,332,1798,8705,15,0,2634,0,0,9574,33,0,665,989,0,760,0,0,0,1248,330,2449,0,876,45,4805
512,1158,124,0,478,0,0,0,13721,728,0,0,16140,0,0,7,124,1050,158,248,2344,0,0,0,0,579,121,0,18,350,0,1172,37,1882,808,132,18665,607,63,0,0,0,362,450,1044,244,251,540,549,0,0,2482,4888,41,7081,4253,139,53,688,1498,6375,8849,444,0,0,461,0,305,26774,0,187,223,0,0,0,6852,1421,0,79,0,640,0,1452,35,120,152,219,77,34577,0,0,1873,0,5,1041,0,0,770,1647,15,1156,881,0,0,6363,1754,651,358,148590,430,268
513,434,0,0,0,0,3644,0,1508,246,24,0,8621,173,0,373,0,1650,224,626,25178,1507,0,0,0,2617,1118,20,232,26,0,10865,2726,2959,846,281,3507,96,3061,0,72,187,3050,47,130,3967,104,154,3,0,271,803,6790,0,356,59,1547,0,0,672,7094,1340,0,0,0,0,0,117,320,8,173,20452,0,0,0,746,2725,20,66,67,0,46,1777,45,0,0,204,26,3336,0,0,2104,114,105,194,0,5736,0,9506,6,1879,0,0,776,466,15820,523,0,8895,0,214
514,0,0,0,0,0,0,3,766,13827,490,81,1855,0,0,1315,5297,2300,0,719,11888,0,0,0,0,0,782,0,155,163,0,3495,0,86,19,120,2908,952,1856,0,0,0,25340,71,5174,617,431,603,192,0,4864,93,313,0,283,14113,139,0,444,2742,45648,5742,741,0,0,2559,0,106,2116,0,0,3804,747,0,19,1539,725,0,0,0,183,574,192,297,31,110,430,708,7362,94,16,4064,768,0,39433,0,0,323,1478,103,227,0,0,0,0,82,3850,0,359,66,921
515,0,162,0,0,2068,2062,12,18651,819,0,22,32027,0,0,102,0,2787,619,331,3048,0,32,0,0,0,188,544,53,451,367,483,42,1345,395,1324,14954,1779,102,0,0,0,1727,0,16446,6,84,467,1302,478,1863,0,15755,0,7864,6090,15,0,1023,1709,15073,7751,2811,492,0,337,0,530,10644,0,541,1131,40,882,0,651,336,0,30,0,2880,301,0,57,0,24,75,52,28226,52,0,1180,0,11,429,162,0,294,2361,0,3380,928,0,0,13236,209,0,3219,36402,0,5322
516,1554,0,0,0,6988,0,0,1816,679,464,0,6091,0,0,95,0,3708,0,1792,14810,0,0,0,0,0,6775,42,457,36,6084,3353,0,1738,157,1187,3215,268,858,571,0,0,740,7,266,1279,3516,1025,0,761,1083,0,15689,85,837,593,0,0,875,270,7734,733,123,0,0,114,0,336,281,0,0,41286,0,0,481,665,2312,36,0,127,487,0,694,0,0,1248,0,0,2785,0,0,3427,0,0,1030,0,0,0,21160,0,3512,0,0,0,703,28735,0,0,739,0,707
517,11423,0,0,0,2434,1378,0,2789,1159,62,19,6196,0,0,475,6598,2947,228,2453,15245,108,0,0,0,0,0,137,0,0,0,10260,530,1906,1199,1456,2449,48,21022,0,0,0,14570,0,455,871,1624,784,38,0,1238,362,14824,0,696,1265,2799,0,2362,460,0,354,3147,0,0,0,0,69,216,0,0,51593,229,0,0,413,3626,0,0,86,323,0,23,267,186,2501,0,0,2282,88,0,1897,0,0,402,0,0,0,10811,0,1166,0,0,370,653,2614,0,0,292,0,2199
518,111,0,0,1555,1576,2099,0,13768,93,52,27,19161,184,0,49,0,2142,310,263,8496,261,0,0,0,0,772,437,46,50,0,605,131,1750,378,900,6674,1601,315,518,241,343,949,0,20790,188,237,604,732,830,1425,1243,18566,0,1693,5791,251,75,125,1295,25234,3965,3909,1505,0,8,0,815,2713,0,32,1979,0,844,2347,5570,640,17,80,0,5490,0,0,25,137,555,42,0,15218,12,0,313,0,0,885,1395,0,192,2757,0,0,0,0,0,4604,355,591,2578,19207,607,1267
519,0,0,0,0,0,1778,0,3045,1113,932,9,25047,0,0,137,2523,1117,333,280,6169,120,0,0,25,140,107,330,37,724,615,415,0,2636,474,934,12802,2008,248,0,0,113,428,0,18734,938,380,408,610,2062,2657,1614,14683,0,0,6103,251,0,1564,1764,9446,1773,3839,3719,0,307,0,668,9793,0,413,1741,0,852,2168,6564,52,90,110,0,0,20,1889,107,0,272,100,145,22401,0,0,987,0,50,298,0,0,0,2785,0,2252,0,0,0,8821,92,0,564,12436,0,6744
520,0,26,2486,0,142,2135,0,2421,736,567,0,3745,107,0,1156,1443,7619,0,2385,10561,125,0,0,0,0,1126,0,242,50,0,4379,643,2322,150,94,2863,170,13127,0,0,0,3533,0,260,1304,2749,1109,52,378,1150,264,10890,0,167,942,21719,0,4404,1342,2006,315,2418,3570,0,0,0,41,887,0,511,77587,89,0,0,451,222,62,0,38,0,0,178,133,0,1702,226,0,2604,0,0,2264,145,0,843,0,0,0,28544,0,3326,0,0,0,2179,6094,925,997,386,0,1534
521,0,0,34,0,1017,0,0,16749,339,381,0,20955,0,0,114,1329,1439,0,22,8534,218,13,4,0,919,274,0,55,120,0,1508,24,1641,532,915,7497,553,29,0,321,0,1127,231,8067,121,0,311,1969,373,156,8048,3790,0,8383,4047,59,123,0,881,0,6824,1289,287,0,77,0,387,22285,152,22,793,0,0,1024,3211,1794,29,0,1686,9268,0,2294,125,60,399,0,32,27558,36,0,1114,0,5,950,0,0,0,454,0,2452,1409,0,0,0,2029,0,0,174611,343,95
522,0,0,0,366,2226,46,0,1593,16409,492,34,1421,0,0,2094,465,2149,44,281,2595,0,0,0,0,0,3638,9,65,45,0,3362,0,149,21,154,2752,383,5380,23,18,0,7145,0,2145,488,71,701,230,200,5937,73,247,0,128,14654,562,0,109,1762,9110,3145,395,790,0,0,37,241,3755,308,816,4542,0,272,54,3252,763,0,741,263,531,0,0,704,0,300,496,2766,10349,0,0,6202,925,14,40220,0,383,181,1844,0,690,0,0,0,213,0,0,490,882,11,578
523,0,17,0,0,1045,3763,0,2200,560,0,98,4541,0,0,171,1136,8907,513,2085,8045,0,0,0,0,0,5721,0,0,37,0,7401,0,1069,904,1374,2326,269,20129,657,0,1960,19627,0,683,976,0,465,43,2006,1714,0,6606,0,0,994,7827,36,456,1183,1923,683,462,0,0,389,0,238,82,60,668,80763,28,43,0,393,944,0,44,0,951,0,3654,74,0,2472,144,0,2411,0,0,1163,179,424,2267,0,2098,353,20242,0,1638,227,0,0,739,11931,2258,514,130,393,611
524,0,93,0,0,0,0,0,12879,1198,867,100,30947,0,0,117,4580,1895,205,475,7100,0,192,0,0,515,969,0,23,201,155,494,86,2089,157,2279,16162,1407,305,4662,0,0,711,0,9879,113,866,370,364,0,961,1418,18708,47,1073,5380,109,0,169,1018,7243,2512,3692,0,0,240,0,623,0,0,476,2215,661,736,0,768,401,92,65,5245,1276,0,2968,126,51,553,36,123,23157,244,0,522,0,0,801,0,0,0,3592,211,359,0,0,212,5279,330,437,5655,5499,525,3445
525,0,0,0,45,0,3618,0,3168,373,584,117,9491,0,0,1234,1525,8167,0,3542,17829,0,87,0,0,0,2712,60,486,21,0,6532,426,1806,338,1206,2031,165,19710,460,139,0,11081,3,654,3144,114,390,46,819,1856,663,4608,13,43,685,7846,0,1479,546,5490,485,1299,474,0,583,0,296,157,24,399,52844,334,179,522,318,660,6,307,0,2091,35,4796,0,152,5786,96,139,2127,235,0,2064,0,0,1779,0,828,0,17326,0,10858,0,0,912,612,0,3792,306,252,0,567
526,0,0,0,0,314,0,0,2927,306,274,12,4069,0,0,780,1291,6362,234,4273,7978,0,0,0,0,1018,5569,0,526,30,0,8316,2694,1968,807,749,3667,218,29672,219,20,0,5621,0,219,2121,0,728,52,949,315,1618,3320,0,0,471,11018,175,0,1412,2168,467,5802,0,0,0,0,295,419,0,0,117963,148,57,1256,161,1241,0,489,0,0,0,146,65,0,5279,635,30,2169,88,0,2238,0,0,865,0,4611,607,9960,0,5168,118,0,748,0,4284,0,0,652,288,239
527,0,186,0,0,468,0,0,2485,499,588,0,4059,199,0,782,3435,3928,2796,2183,6605,0,0,0,0,0,0,0,2247,27,0,9532,559,1709,636,364,2203,158,2945,1349,0,800,16113,0,726,5655,416,345,12,0,785,950,18435,0,115,1211,1940,7,0,803,12871,352,2015,440,593,0,0,141,483,45,51,52512,7,0,179,526,1227,0,571,457,0,0,1833,374,0,5825,230,158,1829,81,0,1880,0,0,1264,0,7042,428,19943,0,4755,0,0,200,365,29271,0,420,476,172,1989
528,896,0,0,230,0,41,0,1485,8861,679,49,1189,0,0,67,0,3023,68,759,4071,12,0,0,0,0,3549,24,0,49,0,3757,41,129,56,98,3269,254,1615,22,0,4,23859,0,4174,1174,182,391,466,504,2636,0,227,0,616,18550,230,461,732,2547,47167,4839,666,674,0,1130,0,225,1472,55,0,2349,781,979,65,5465,338,166,524,435,0,0,36,1338,0,100,118,855,12369,0,0,10217,0,8,26065,22,0,0,821,0,1240,0,0,0,4379,1525,0,296,79,29,2697
529,0,36,0,0,0,9538,0,3289,359,212,70,8129,0,7818,102,0,2475,1008,1493,13889,199,17,0,0,5416,1066,0,358,16,0,8244,2938,1431,1028,467,9648,181,2871,108,38,0,3618,9,32,4502,0,1393,14,1108,622,112,5717,0,206,679,0,0,0,224,6533,509,179,0,0,0,1607,93,915,48,700,20256,0,0,0,500,2084,130,0,8,0,179,7175,622,399,1092,93,58,5222,0,0,2814,0,0,1247,57,2203,1314,9114,26,2742,573,0,0,361,30501,0,0,1315,698,0
530,0,0,0,866,0,0,17,17091,750,351,149,30124,53,0,190,0,1362,0,280,3859,0,0,0,0,0,216,0,5,393,281,493,43,1566,461,1029,7820,777,534,1356,356,0,885,291,22933,349,66,192,149,229,850,368,17980,26,22725,3133,238,0,0,1674,14883,794,3619,871,0,439,3625,383,27164,0,0,1732,0,19,755,5284,815,0,171,2865,3757,85,312,51,21,601,156,101,20729,0,0,365,0,7,1179,1211,0,731,2255,0,1196,0,0,179,6093,196,0,1262,11481,0,4946
531,853,31,0,847,0,0,0,12525,727,126,0,29051,157,0,0,2893,961,0,61,1951,178,0,0,0,973,0,226,29,208,78,1108,20,2475,384,1497,20706,722,129,689,0,369,566,0,4358,162,0,563,273,0,31,1733,12921,0,24493,2929,140,39,0,683,2250,7450,63,2646,0,64,0,520,2211,37,0,567,63,0,1744,7712,1254,41,10,0,9413,273,0,55,124,303,172,255,32210,0,4,1966,0,13,1493,0,71,0,1164,0,762,524,0,0,3353,743,0,773,71447,0,306
532,1004,0,0,541,5131,2462,0,17238,1066,74,21,9552,0,0,66,0,4124,755,474,8119,35,0,0,0,0,48,15,22,76,0,487,18,2736,329,543,3586,1021,148,660,0,139,1592,261,24287,51,30,342,101,213,353,718,10064,41,10739,5315,251,0,2153,1552,23569,3322,1824,680,0,19,0,521,18921,21,0,1334,998,0,600,2820,666,68,110,0,9494,0,214,54,0,247,22,215,19014,110,6,1121,0,0,512,0,0,0,3254,0,470,273,0,376,1073,793,0,0,4095,0,8336
533,0,0,0,0,0,2717,0,16666,1219,857,25,16706,212,0,165,3032,2508,0,582,2401,0,59,0,0,0,600,0,9,452,0,445,64,2403,395,1444,17893,556,404,0,0,102,561,0,13815,186,269,34,816,0,1341,0,12906,0,2416,3896,142,0,0,3381,16072,7132,1719,0,0,0,0,939,6893,74,172,1623,268,243,0,3619,741,21,0,0,2346,32,59,23,0,358,174,119,24070,67,17,257,0,0,1023,692,7,442,3426,0,1399,329,0,0,10770,0,0,0,24103,162,5026
534,0,0,0,742,1035,123,0,887,14050,580,174,1420,24,0,395,897,1649,0,545,8976,94,0,0,0,0,3158,0,311,101,0,3080,0,183,79,62,1694,370,3918,0,0,0,31355,0,2316,378,186,840,105,534,8152,0,220,0,578,22556,175,0,0,1479,1304,8438,946,6422,0,0,0,157,2093,0,0,3522,92,151,32,3213,381,85,1588,354,368,536,499,1171,0,282,785,0,3936,40,0,14782,0,0,15390,62,429,0,1769,0,525,0,0,0,4458,111,0,693,303,0,1599
535,2628,0,0,1139,3629,232,0,1182,12320,729,58,2021,0,0,438,0,3109,0,1317,4339,21,0,0,0,0,2822,0,37,24,0,3639,14,103,98,125,4329,456,3436,64,0,10,13498,0,3330,413,473,577,62,45,3514,0,284,135,112,9485,608,684,392,2641,33280,5689,904,958,0,2126,61,356,3225,246,479,3045,1201,68,0,978,510,0,795,86,123,0,0,0,0,219,410,872,7554,0,19,11747,0,13,36319,109,0,599,1614,0,165,0,496,625,446,365,208,0,274,247,961
536,0,552,0,2558,3277,4791,0,16459,299,0,17,8579,0,0,45,1299,649,417,268,14167,179,0,0,0,2195,566,192,0,320,771,1158,0,3443,616,1879,13616,377,94,0,0,0,447,0,5124,421,227,594,2172,0,493,1461,10759,0,4641,2009,354,35,925,314,12612,5707,598,328,0,0,0,266,5737,0,119,335,0,0,587,5763,428,147,68,0,4813,1028,373,11,0,248,95,167,32923,0,0,2238,0,0,791,83,139,0,778,99,369,660,0,0,1907,1948,308,0,75309,340,238
537,3979,6,2293,111,4992,4024,0,3098,0,121,48,1411,0,0,118,2332,984,122,1273,35078,1399,103,0,0,6040,3407,0,678,0,0,20151,1458,2965,1750,168,4259,154,6593,305,84,0,801,0,140,2086,0,1232,35,0,22,2762,1984,0,190,349,11230,806,0,334,1101,937,232,0,0,0,250,78,1017,17,0,4325,47,0,1072,824,2940,0,744,0,584,51,1650,275,0,715,395,4,3688,20,13,3226,0,0,2279,39,0,0,5078,0,7734,528,0,0,145,21747,0,77,1063,85,340
538,0,0,0,165,0,690,0,1890,8980,259,186,597,31,0,4638,0,2274,55,237,1199,0,119,0,51,0,4728,0,63,126,0,3582,18,127,147,187,2581,287,2879,133,45,75,10800,0,4934,198,112,788,228,1299,7559,0,186,0,0,4542,492,628,0,629,12938,5718,426,597,0,0,43,80,772,683,403,2643,107,257,76,441,60,42,83,0,112,2179,958,218,0,474,435,1083,12001,0,28,6726,0,18,34864,0,0,1624,1038,0,232,0,0,746,5255,795,3076,195,897,14,3442
539,0,0,0,991,1388,7121,0,10928,1373,1429,13,21246,0,0,73,428,4570,340,664,5525,309,0,0,0,0,408,0,47,638,0,302,0,813,28,2083,15008,1291,297,1713,0,0,1151,0,21067,212,135,623,513,137,251,2127,16595,9,17969,4720,202,11,0,1231,18747,6608,3618,545,0,0,0,285,13532,4,0,2171,0,0,0,1411,366,28,11,20860,2501,625,0,0,0,257,76,0,30436,0,0,1246,0,0,403,0,38,456,2345,0,244,0,0,0,4350,0,0,651,2523,0,856
540,308,0,0,53,485,71,20,1024,17167,567,97,1363,50,0,1220,2309,2800,139,448,2071,0,0,0,0,0,1652,217,128,10,0,1370,14,56,141,172,5116,534,6521,53,0,0,9064,0,4448,499,392,488,0,1089,4052,0,508,0,38,4339,835,0,0,692,33942,10839,796,0,0,0,0,338,1094,56,0,4307,520,124,12,3157,855,0,0,0,91,3996,294,0,0,427,525,1075,11079,52,0,2465,0,12,16017,87,0,0,2836,0,315,0,0,178,1342,737,0,0,25,0,2282
541,0,0,0,3853,0,6220,0,27966,2293,0,0,14479,470,0,5,1045,4897,108,421,7268,0,0,0,0,0,0,0,0,350,608,401,0,1339,347,3277,9481,2571,727,2568,0,0,958,0,30750,123,558,120,336,272,1238,0,25092,0,0,12366,25,0,0,852,14488,3706,1448,1875,0,0,4519,1348,1586,0,0,2751,299,16,2195,3700,667,0,0,4495,2475,0,0,202,0,378,37,0,19401,0,0,560,0,0,357,0,218,659,3941,0,191,392,0,0,2825,737,0,0,2174,648,1090
542,245,0,25,369,0,1770,0,23651,564,112,45,5957,0,0,302,0,3543,340,210,533,0,0,0,0,0,66,0,73,10,0,403,0,1254,744,745,7317,1358,966,7365,0,100,676,0,16802,67,91,270,134,0,914,0,11377,126,0,7497,254,0,0,1070,0,2085,7756,0,0,0,0,1206,9077,0,129,2256,0,290,0,2712,1743,0,0,0,1162,0,153,52,0,249,249,39,21489,0,0,482,0,0,711,0,0,556,4644,0,1309,0,0,0,2594,694,0,0,6083,0,2441
543,201,0,2067,0,0,25,0,1300,11829,649,11,727,0,0,1751,988,3169,361,493,6475,9,83,0,0,0,3556,0,87,51,0,3215,22,182,158,122,1054,466,12706,8,412,0,16947,0,4511,653,145,529,273,1759,14314,86,277,47,182,9350,212,0,0,1835,0,4327,0,339,0,120,141,215,1525,87,0,3893,71,0,0,6044,515,30,503,88,147,1382,400,57,0,456,499,2383,4938,127,0,4048,0,6,35963,28,0,948,1145,0,509,0,0,620,842,605,0,119,250,25,1202
544,0,15,0,535,0,69,0,1404,0,0,0,485,0,0,0,0,532,0,120,14047,107,175,312,0,267,0,0,270,10,8548,6945,14,256,305,0,3311,498,1251,0,0,0,12186,0,935,770,37,285,396,232,1293,24,65,0,52,6697,349,0,0,483,33154,14572,0,976,0,0,0,89,4283,201,153,553,410,0,88,8412,345,55,169,36,349,6532,1746,1766,58,80,89,1689,12512,149,0,17066,0,0,41612,62,0,0,381,20,396,119,159,0,1183,884,173,282,6652,0,168
545,1970,0,0,185,11948,150,0,1048,9050,149,77,2162,0,0,1242,2412,2099,75,415,4682,0,37,0,0,34,1117,0,0,71,0,3716,22,116,18,190,2207,327,6980,41,0,20,15851,0,5288,147,475,391,222,1037,13285,12,207,0,15,6275,69,0,631,1504,39764,7696,60,0,0,0,151,114,4655,57,443,3248,517,74,21,3557,487,0,667,249,231,0,0,719,0,251,179,2228,5090,0,0,1331,0,13,37586,93,281,0,536,0,830,0,0,0,224,172,2403,411,930,13,2115
546,1658,2,1301,0,83,0,0,1407,393,185,85,5249,0,0,1071,1527,5868,2684,1180,20921,0,388,0,0,77,3922,0,0,34,1546,17981,1571,1628,632,270,2699,209,20167,938,0,0,10517,20,987,904,283,793,116,973,381,1508,5367,34,76,544,2349,0,0,983,5768,976,2045,2471,0,0,0,311,683,14,354,88698,301,0,270,1775,616,14,0,297,0,137,0,0,0,3774,333,60,2587,0,0,740,170,74,285,0,0,334,9871,12,5721,0,0,0,204,9461,0,1036,434,459,423
547,685,39,0,5307,2698,0,1,11458,0,1402,179,21444,439,0,49,0,1089,0,98,13944,118,0,0,0,1435,209,0,29,69,0,1548,44,4096,882,663,13070,484,50,0,0,0,632,321,4564,102,0,104,3004,189,310,2697,13287,0,16810,4029,84,58,395,57,14281,8089,643,0,0,0,0,653,16362,8,96,638,0,0,1254,3212,1168,58,45,781,5841,129,4812,66,0,99,115,67,19630,15,7,2588,0,0,888,0,89,483,2038,0,2095,0,0,0,1741,273,408,4393,78960,495,0
548,0,17,0,463,4754,30,0,1113,6442,165,23,1622,0,0,510,0,796,37,175,8884,27,95,0,0,31,4579,0,230,23,0,13585,148,443,343,26,2581,45,490,14,678,0,14831,113,1370,579,264,1531,611,1421,2232,218,18,0,0,5913,255,747,74,794,35235,12265,155,572,0,1794,61,30,1749,36,0,931,436,0,15,6559,995,247,409,0,925,1255,1342,730,24,317,47,717,5949,0,0,21145,0,0,39251,0,0,0,301,0,545,84,0,0,0,749,0,0,1376,3,574
549,324,0,0,0,0,570,0,16793,1263,139,0,28106,47,0,114,2098,1633,1236,461,6935,0,0,0,0,0,374,27,55,374,39,633,17,3000,443,1098,10543,920,445,1555,500,164,1278,231,12204,133,365,552,680,162,2002,3162,32273,26,59917,1380,420,0,241,2207,29409,3539,2360,1237,0,84,0,957,2726,4,447,1666,170,90,481,4002,1233,38,22,0,0,249,656,14,0,535,81,83,17057,246,18,431,0,26,599,1827,0,0,1411,0,1159,942,0,319,0,390,0,908,5529,0,4631
550,203,0,0,0,1839,0,0,10120,838,849,0,21208,316,0,54,783,2243,965,694,14427,0,210,0,44,0,504,0,0,93,415,463,56,1407,121,953,5410,385,607,0,0,0,1422,487,34524,152,266,173,1334,0,478,2825,17407,39,8189,7129,496,68,0,938,15226,7292,2394,0,0,0,844,952,5695,0,92,1730,52,1516,0,5346,220,86,9,0,3002,151,0,12,0,390,4,231,8841,0,0,677,2813,26,165,0,0,0,2034,0,326,0,0,0,11361,719,1273,0,10564,0,11373
551,55,0,0,337,0,0,0,1273,11712,661,34,360,0,0,1278,333,2597,0,502,5653,66,0,0,49,0,3226,8,103,37,0,4898,45,323,117,288,1481,606,4997,71,640,3,13358,56,4101,237,0,963,221,1906,9001,27,358,100,45,20839,292,56,0,2101,18569,8799,620,0,0,318,22,167,1637,67,0,3316,226,128,31,5240,95,180,678,68,522,2500,317,0,0,0,120,2670,7992,48,49,6024,1169,27,8068,0,90,273,1263,0,265,0,0,0,4524,0,835,0,1134,0,3565
552,107,0,0,0,5302,255,0,830,0,0,24,1285,0,0,625,1472,231,42,1335,12818,71,0,0,0,842,0,616,92,21,0,17890,6,242,64,95,1883,494,0,0,0,0,6214,1256,2070,517,0,57,137,616,3502,379,70,0,188,6554,0,0,0,270,0,10129,0,1492,0,2180,0,147,1838,0,0,747,0,0,0,6554,272,0,499,0,0,0,150,0,12,111,324,1010,7256,19,0,26328,0,0,36603,0,0,0,400,0,374,738,0,0,0,979,0,81,4534,23,0
553,1363,43,0,0,562,0,0,698,10567,131,52,2127,22,0,3758,989,3240,211,279,12308,54,77,0,0,0,0,0,40,57,0,2740,27,209,170,74,177,499,11918,0,945,4,16795,0,4615,774,816,924,25,853,2276,24,126,188,0,9654,381,0,0,3139,6927,5521,208,0,0,2780,0,261,2963,86,0,2148,1038,355,14,6594,466,260,483,0,89,1424,376,0,28,168,232,1916,7045,215,0,8207,0,24,27036,236,0,0,1865,59,580,12,0,1820,1294,183,0,182,549,0,2791
554,0,0,0,79,0,0,0,1704,349,348,15,4467,0,0,772,3513,6660,1231,2279,25944,0,273,0,0,0,0,1,336,30,0,19692,1264,2876,680,796,1579,113,33902,314,477,0,9710,19,669,704,1343,1519,106,785,2343,54,2175,42,127,860,8526,0,0,492,6113,602,754,1347,0,0,0,211,271,12,0,72502,248,0,361,1325,1339,0,156,81,0,265,819,0,432,6405,284,83,974,79,14,2159,0,214,1156,0,5816,135,11419,0,496,0,0,0,193,9355,365,171,1565,110,399
555,0,0,0,0,4252,0,0,5822,719,163,110,4383,0,0,192,1513,3472,909,266,6841,0,0,0,0,0,359,83,0,69,0,473,78,2285,1222,656,3301,893,552,357,309,0,930,0,23799,99,54,929,1157,110,1195,570,15416,0,14570,5552,624,0,0,434,9514,92,0,0,0,136,1032,650,12107,31,112,2044,1127,0,2377,1720,1189,89,58,0,2515,212,18,10,0,197,117,253,10116,0,0,368,0,11,600,0,0,635,2332,0,1682,0,0,0,971,409,0,0,2653,1389,8409
556,560,0,1824,213,0,106,0,1418,16302,160,0,1164,0,0,871,1191,2413,55,692,17093,19,0,0,0,0,2314,0,45,49,129,10465,231,407,191,42,1725,204,4343,107,1026,0,5998,184,3472,346,420,1506,618,566,5201,0,80,28,43,8370,165,720,0,472,8592,6806,283,755,0,0,374,165,1180,90,814,1937,0,79,12,5885,301,110,427,289,0,0,1434,387,6,224,412,549,4238,0,0,4182,0,24,33537,28,178,663,1109,0,269,0,0,187,2066,513,193,0,406,11,1991
557,0,0,6,1218,0,2086,4,9610,1484,233,135,32928,0,0,214,3243,2592,749,296,9968,29,0,0,28,0,77,0,12,458,0,590,0,4246,435,2026,5980,1067,172,2452,0,70,1464,579,16127,120,56,53,1230,574,1216,1058,15974,99,5198,7701,781,27,0,1075,9783,7416,3515,2392,0,34,473,202,1279,108,541,1867,0,281,335,2879,343,146,19,1121,7570,1314,2141,10,26,395,151,150,14316,0,0,1134,0,98,1484,441,0,0,2011,0,1201,0,0,0,1632,957,0,0,7257,548,3241
558,2489,0,0,0,0,873,0,2036,444,198,79,7386,19,0,261,120,5245,533,2392,38384,0,0,0,0,0,1033,8,0,37,0,22537,282,2660,1755,458,934,181,38318,589,0,0,6781,1,734,1157,0,1571,44,209,607,176,7499,0,459,567,1636,326,0,285,2354,748,1038,910,0,267,0,212,153,36,904,63549,95,0,225,552,689,24,0,33,740,43,0,294,614,4775,32,219,1469,0,0,1815,0,0,1692,0,0,0,11358,0,3945,118,0,0,185,14558,0,631,320,188,592
559,0,10,1459,40,1410,0,0,1614,0,0,0,2910,0,0,225,0,1555,0,1798,35604,540,0,0,0,5483,7387,27,918,9,0,41265,4413,4702,1981,0,801,207,6010,0,0,0,3035,80,168,2429,0,2013,157,1259,94,1089,1411,0,298,231,2578,325,0,359,0,1259,286,761,0,570,0,127,180,27,220,25026,36,342,693,1287,1566,29,953,25,1100,155,5938,721,0,756,739,71,910,73,0,2827,0,0,1017,0,0,0,4501,0,12518,52,0,0,214,23743,0,0,2128,519,97
560,0,0,0,0,8600,200,0,1452,11543,246,0,793,0,0,1308,0,2023,0,167,19988,13,180,0,0,0,1125,0,29,23,0,7489,50,484,205,95,849,383,5598,17,99,11,9916,150,3871,80,249,1425,134,373,7162,22,21,0,0,9567,197,63,80,579,0,7522,378,614,0,45,0,87,791,93,779,2478,453,222,0,2902,212,37,355,49,0,1234,34,150,3,185,87,852,4020,91,0,8470,0,22,29767,0,338,388,1303,0,276,0,0,0,3849,1132,0,317,336,33,1783
561,0,0,44,0,0,0,0,6943,822,101,85,22709,0,0,224,2526,2633,0,165,15349,301,84,0,0,0,98,303,10,463,0,1236,124,4449,645,961,4810,480,705,0,192,0,1184,307,4793,136,302,447,79,0,1657,4614,6038,0,6011,6896,208,0,0,1003,4892,4154,3326,450,0,0,0,787,12891,5,285,1766,814,0,1331,3429,612,22,16,1037,0,0,3326,9,0,387,72,237,8627,0,0,730,0,17,860,650,0,280,3363,0,2997,0,0,0,2720,0,0,742,8498,0,6564
562,12287,55,0,0,35,1444,0,1820,16,118,0,6981,0,0,369,1773,1803,29,860,31994,2525,0,70,0,3944,3543,15,0,0,0,19958,1061,3148,1309,0,1711,260,109,1761,0,0,0,17,163,3901,0,3017,46,0,212,1166,5085,0,27,68,11164,259,0,130,1079,679,101,6616,0,325,0,67,760,0,0,16732,56,0,1804,1191,703,0,0,0,2539,0,3871,0,0,1546,254,0,1827,0,0,4538,0,234,870,0,5228,0,4431,0,0,101,0,0,305,49058,0,1223,7978,0,78
563,0,124,0,0,0,0,0,9452,774,51,0,18894,86,0,48,0,387,0,212,18925,407,0,0,0,806,0,584,41,0,0,1348,306,4431,1703,955,5708,790,26,0,0,0,248,0,7022,99,0,1013,1821,365,239,0,0,92,29503,3065,137,0,0,877,4691,8817,392,0,0,0,3226,0,11076,0,0,428,0,0,7274,9864,1784,50,80,0,8894,0,3739,58,0,0,53,55,10973,0,0,103,0,32,526,0,0,555,938,0,2657,126,0,0,0,1304,0,0,172379,482,1860
564,0,19,0,330,9284,57,0,514,7486,147,45,1372,0,0,965,479,1727,113,175,28943,233,226,0,0,0,7802,0,93,27,0,5576,144,290,348,127,1425,169,3656,73,196,0,6662,681,2473,207,0,1742,363,75,3264,14,338,0,0,5005,197,0,0,911,2352,6756,630,711,0,0,0,155,179,391,0,2191,992,103,29,4438,33,75,276,0,0,0,2444,542,37,170,197,829,3318,24,0,11072,326,11,54055,0,0,61,886,0,171,0,0,1255,2488,818,0,0,226,28,1985
565,0,0,0,677,0,0,0,7684,274,183,0,9782,0,0,43,3532,3672,467,177,18395,289,0,0,0,0,48,120,0,110,0,1540,42,8338,765,1154,5451,404,634,798,284,0,1433,691,24533,208,8,1027,47,499,1454,320,18231,76,14579,3894,0,142,0,1180,19306,6970,1749,0,0,13,0,198,7842,25,0,1181,76,0,202,5334,324,107,61,0,0,0,937,108,40,157,48,4,9044,34,0,1441,0,0,866,0,0,190,2917,0,48,126,0,0,7261,191,1845,524,10734,308,781
566,11668,0,0,0,446,1013,0,2551,274,27,0,3322,41,0,662,1974,4227,0,1923,41618,527,0,0,0,0,3282,63,0,2,0,18026,4526,2911,1536,484,1381,204,19495,489,0,271,9124,39,536,1120,1835,1946,91,3645,687,348,6183,10,460,1812,2396,151,0,523,0,811,319,1663,0,0,2828,71,478,45,0,74434,113,83,0,1049,679,19,91,86,420,31,4961,222,0,4007,32,48,1056,0,0,1338,0,124,541,0,0,523,15483,0,0,45,0,0,241,11844,798,777,545,292,1332
567,0,0,0,0,70,2335,0,13120,327,217,122,10717,181,0,134,0,1910,1119,151,22909,54,0,0,0,0,132,591,0,201,0,1576,22,4312,866,2275,7304,1030,645,1966,0,0,1198,0,20752,118,47,992,1537,665,737,668,15194,0,5376,6932,244,33,0,1139,1654,6248,140,717,0,0,0,466,4813,55,0,1668,1816,311,732,7879,392,148,7,0,933,292,1056,45,0,315,51,35,10552,169,0,157,0,0,523,0,0,0,3325,0,566,0,0,0,3511,817,0,259,5744,0,1241
568,0,181,0,461,33,1232,0,12130,0,66,41,16483,0,0,6,483,275,0,208,21893,14,0,0,0,1149,180,0,66,111,0,1728,113,5612,559,1096,6473,550,28,0,418,0,263,198,3397,187,0,1240,278,0,139,6480,1863,0,2935,4156,412,146,0,361,5151,7671,0,733,0,224,0,86,6365,0,82,328,0,110,1875,4881,1016,52,63,0,1216,0,0,54,0,26,159,201,19786,40,0,1489,0,0,1527,0,53,791,1445,0,3482,0,0,0,263,1206,1297,0,140622,496,1279
569,879,0,1010,273,123,0,0,1106,14756,184,107,814,17,0,2273,187,2296,15,2277,24452,74,0,0,0,0,2803,30,0,49,0,5599,49,378,253,102,1274,322,4776,12,0,1,7351,0,1455,193,155,1877,110,345,2973,116,123,13,146,9523,280,0,0,1177,24336,4995,391,503,0,715,44,195,2107,247,649,3012,1004,8,13,3824,98,265,55,120,0,0,251,47,0,339,485,955,5268,0,0,12679,0,0,28185,26,0,0,726,0,57,74,0,275,1543,1342,233,266,377,0,1452
570,337,0,3729,0,0,0,0,1287,0,0,0,620,76,0,1380,0,698,0,202,21781,110,0,0,0,330,0,0,32,0,0,8408,0,315,181,178,669,440,377,0,917,0,8185,0,655,635,0,428,381,0,1437,130,87,0,0,4963,0,1823,0,1521,0,18457,86,0,0,0,0,63,86,160,750,267,0,303,0,16187,524,50,2150,77,133,4593,1391,0,0,316,1323,4456,4179,0,89,15373,0,27,19889,50,0,107,250,0,0,245,0,0,0,2214,0,93,9007,337,0
571,59,0,0,0,675,0,0,5379,1091,496,5,23443,28,0,63,9870,3400,0,231,16453,177,22,0,0,0,384,0,0,210,0,501,108,3756,664,1090,5929,883,844,314,858,57,680,0,20533,137,19,509,458,777,398,795,8344,85,9978,4846,363,22,311,855,14434,3811,1109,1230,0,11,384,783,5102,1,44,1759,1442,0,461,9515,613,0,0,0,0,164,662,0,0,147,71,156,12221,0,0,1018,0,24,683,0,12,0,2540,14,1038,0,0,0,2894,479,0,0,16834,31,2058
572,0,0,0,0,1787,0,7,5399,971,215,0,19402,90,0,171,670,2510,304,162,4108,61,50,0,0,0,93,0,0,112,0,585,219,4001,530,856,8345,935,1015,633,58,370,918,0,22171,163,0,788,594,638,1437,1751,9088,9,1547,3033,322,78,0,802,3347,6007,2831,0,0,75,1271,555,7646,12,0,2144,192,185,999,8605,463,21,18,6200,0,0,2495,22,13,177,31,61,13972,0,0,964,103,10,846,0,0,41,1617,0,555,0,0,303,2491,369,0,0,16156,222,1843
573,2296,142,0,1095,4959,0,0,1249,7127,79,55,943,0,0,573,0,34,0,709,19070,19,224,0,0,351,0,0,143,19,0,6397,0,212,313,0,827,191,1302,0,0,0,0,285,1435,204,0,1275,1980,0,1903,183,138,0,9,13437,0,2770,0,290,0,10362,105,0,0,0,0,0,0,255,0,1051,0,0,53,3691,1205,36,1845,0,0,8843,0,0,0,0,2501,6828,2375,181,9,7041,0,55,67514,0,0,0,1366,0,440,218,0,0,2957,2090,0,430,4515,0,0
574,0,4,0,0,534,1877,0,1449,414,361,0,10487,19,0,256,3150,6981,337,2381,27230,55,132,0,0,0,6285,0,166,58,0,14923,3072,1512,709,261,567,124,38263,0,0,0,2878,10,574,3954,408,2151,28,0,1933,0,4619,30,288,593,3902,38,0,359,4676,856,2683,621,143,41,194,299,417,15,0,73170,146,231,0,871,248,8,63,384,1620,214,762,154,0,3566,140,271,1807,88,0,2273,0,211,1076,0,0,0,16983,0,4373,0,0,0,748,7461,0,654,174,580,978
575,0,0,0,460,0,77,0,991,6650,258,26,123,0,0,539,1047,2516,26,322,20189,14,51,0,0,0,4661,0,59,72,0,2903,40,188,343,76,647,127,9084,91,0,0,12015,111,4083,271,176,877,30,2829,9756,0,397,0,0,11482,89,3125,0,915,32682,2305,649,478,0,1126,74,280,2091,284,1397,4006,326,75,20,8776,453,101,0,242,0,2384,299,965,0,291,404,1497,2899,67,0,6684,0,16,56337,16,141,2576,991,0,0,0,0,0,1742,1076,0,118,504,0,1386
576,0,0,0,0,2050,5132,0,9665,894,111,0,20214,0,0,16,0,2196,247,387,12514,29,0,0,0,0,197,51,81,439,0,933,90,3384,821,1718,1261,679,527,422,0,0,741,587,16260,43,523,865,1149,167,2270,1567,10614,0,10667,9927,246,27,0,2322,0,1975,1691,1654,0,0,0,1118,689,13,0,1763,778,178,3801,3130,592,0,2,0,935,38,1735,19,0,315,75,166,12183,22,0,1118,0,20,593,0,0,0,3337,0,1353,0,0,0,4766,396,0,905,19017,0,1722
577,307,0,0,328,4682,0,0,172,0,0,0,547,0,1830,71,388,209,0,132,2828,70,0,112,0,179,1178,40,118,35,0,6844,44,147,361,107,1105,262,654,81,677,0,11850,0,0,91,0,684,189,945,0,60,68,0,107,2827,0,1626,0,2005,0,11016,0,0,0,10597,0,54,1183,0,430,517,0,0,0,1114,676,30,739,0,442,0,472,20,0,68,274,1870,3417,152,0,9745,221,26,44433,0,0,0,369,86,1242,110,0,0,404,2449,0,130,13264,14,0
578,0,81,0,285,0,0,0,1874,22,0,0,2358,0,0,65,0,1788,291,1432,18266,928,250,0,0,7583,528,33,24,0,0,12973,6696,1753,1059,47,284,163,6519,0,312,0,333,4,197,2378,0,1949,214,0,153,1407,6855,0,923,509,1781,1102,0,96,3259,794,308,0,0,0,0,0,16,73,0,15716,0,7,306,966,1554,86,220,0,2587,0,2582,0,1476,1546,774,496,2249,176,46,2823,0,340,1467,44,2847,0,6085,0,14463,237,0,0,54,14895,0,0,6613,660,261
579,0,0,928,0,6324,214,0,522,7440,278,103,1673,37,0,654,703,2760,38,439,14635,9,67,0,0,0,5663,0,0,74,0,5497,62,210,227,159,381,204,9264,9,264,43,7770,0,6919,104,120,1092,436,741,10628,0,178,125,23,18312,78,243,0,2757,0,6469,368,110,0,0,0,119,2271,0,287,4598,441,193,0,4415,249,84,0,48,258,2426,68,30,0,418,285,557,1495,16,10,5329,0,13,53727,0,0,803,1986,0,810,65,0,0,483,448,0,0,851,0,956
580,0,0,0,0,752,0,0,1043,266,100,193,8001,28,0,763,95,10539,568,2433,16025,132,0,0,613,48,5222,36,22,39,0,14808,513,1567,785,805,185,153,49462,830,0,217,3336,14,723,857,0,1045,22,214,2359,1106,8171,0,58,712,4000,0,0,845,0,349,2161,2036,0,85,908,314,78,11,694,88351,66,18,0,860,788,27,31,404,1224,66,0,0,26,3488,269,99,526,49,16,2340,0,121,2267,2,0,58,20601,0,899,0,0,0,345,9299,0,138,217,49,442
581,0,0,0,215,1372,0,0,1402,432,94,70,8704,0,0,760,764,10927,81,843,13022,461,0,0,0,0,1204,18,133,10,0,5796,303,2438,1033,594,599,100,49211,332,50,1406,14815,22,962,1384,675,19,31,1324,2983,154,8228,25,236,1006,5271,211,0,1001,1613,581,1060,0,0,0,0,243,370,0,0,101152,151,65,51,502,256,42,0,0,1646,0,5342,301,106,8236,259,79,420,0,0,2025,0,105,1781,0,0,0,14546,0,3599,0,0,0,600,18774,0,483,374,0,561
582,1057,26,0,450,0,84,0,445,7732,171,37,468,0,0,2741,1507,2106,61,713,5165,0,41,0,0,0,5717,0,0,101,0,4211,41,302,234,201,615,363,8064,22,422,7,14562,697,6211,439,804,1070,398,218,10300,86,34,30,0,6890,77,0,0,2094,9608,4683,745,285,0,0,0,85,1819,229,213,3546,0,0,27,2089,111,82,520,0,72,2205,1050,1230,0,150,190,254,1616,0,0,14613,460,26,55149,10,0,0,1455,0,1061,0,0,0,1274,1114,0,367,468,11,1278
583,0,0,0,0,0,922,0,1899,293,239,43,8624,128,0,598,7180,5845,896,1840,33955,0,0,0,0,0,1323,0,218,37,0,7615,0,1575,1265,466,1091,159,48130,709,105,91,10108,0,760,1559,739,869,17,2326,2578,157,14657,44,113,1918,3758,0,0,444,3546,1033,3576,403,0,40,372,203,518,0,0,83701,54,157,0,801,655,34,184,64,0,209,757,905,0,6951,538,47,901,66,18,1743,0,0,1128,34,0,333,25434,0,10509,0,0,42,79,1973,604,100,367,0,366
584,298,0,0,2388,17,4239,0,5026,645,997,3,42821,40,0,33,2247,3156,1004,195,6431,77,0,0,0,0,0,0,0,179,0,556,37,2813,250,1912,1347,476,1656,7786,127,365,1054,0,20998,153,558,180,830,109,1931,0,12052,23,0,5443,440,0,0,345,9061,5096,2193,177,0,0,0,221,4090,28,213,2712,0,0,3465,5188,112,22,24,10841,624,0,859,0,0,232,30,22,4633,0,0,692,0,2,392,0,0,375,2939,0,0,61,0,0,1046,523,0,0,4084,0,2387
585,0,0,0,0,0,1274,0,7921,791,295,99,23779,126,0,131,2579,4105,46,379,16169,30,187,0,18,201,783,0,13,435,0,962,42,2836,600,486,2171,501,772,915,344,0,1389,181,34744,165,0,106,1470,0,1137,0,10751,0,12999,5870,215,47,302,1568,10272,5903,4325,948,0,0,0,779,4768,42,174,2441,45,867,2589,6870,834,4,5,554,302,0,957,177,0,291,150,15,7694,0,0,896,1103,15,495,1171,0,203,1704,0,84,582,0,0,8478,459,0,0,17449,202,1822
586,0,0,857,0,0,169,0,907,14022,157,0,1715,16,0,2300,197,1597,144,279,7882,27,0,0,0,0,2025,0,80,3,0,6719,0,216,179,63,540,317,11104,74,319,0,10560,0,2385,151,0,865,591,393,5373,108,194,0,9,12114,371,305,1386,778,18771,5913,415,211,0,0,0,122,820,309,1325,4460,292,0,26,4777,873,64,477,0,19,0,3387,44,0,521,20,68,1954,14,0,12995,0,25,44417,0,0,3297,961,0,552,0,0,0,4212,1022,304,140,1409,0,1428
587,0,0,0,107,2687,1642,0,10007,855,618,28,14116,218,0,141,0,3335,550,292,8034,99,0,0,0,0,140,0,0,462,0,1390,160,2780,408,1821,4030,881,735,0,240,0,1045,0,22568,355,334,234,2079,160,786,1954,14428,0,1819,4294,166,90,0,580,580,6776,4111,1227,0,43,0,1049,3717,0,0,2550,635,654,0,2450,390,34,91,5916,6424,0,1187,0,87,643,28,116,8279,295,0,1260,0,12,320,0,0,580,1296,0,829,0,0,573,76,94,0,0,7308,0,634
588,16,61,0,1687,0,585,0,10189,857,636,33,43646,204,0,152,5200,1578,609,183,16509,0,0,0,87,0,547,77,0,637,702,597,50,2100,501,1004,1654,991,772,0,0,92,1047,0,36333,277,79,0,709,433,2229,2603,8826,0,1037,5630,90,28,0,1909,0,9117,3614,1584,0,0,804,712,6995,2,135,1659,0,188,44,9966,573,49,50,8891,298,423,3585,0,32,707,45,100,12800,133,0,978,0,0,766,0,0,409,2558,0,544,94,0,0,4325,481,361,2563,16339,285,2724
589,0,0,0,0,2137,0,0,1675,6226,91,14,1539,27,0,2761,1000,1932,25,512,3592,0,0,0,0,0,2911,162,54,33,0,5123,80,262,199,95,1085,150,7872,26,38,33,16203,130,5422,320,272,1114,211,1375,17082,18,181,34,159,10279,464,1436,0,1627,31048,7059,41,1202,0,1197,0,224,282,469,0,2649,276,0,0,7378,248,130,439,56,220,0,339,0,36,679,218,1783,2741,7,0,3977,113,25,35946,0,330,377,829,0,580,0,0,0,1927,837,0,0,227,6,1320
590,0,0,0,56,36,704,0,8510,910,224,0,14541,0,0,117,526,1807,550,195,4808,32,225,0,0,0,338,73,0,216,0,1069,54,2481,526,414,3072,1083,1106,1222,0,0,544,0,16363,218,177,454,125,831,2162,3372,5040,39,6609,9749,380,22,0,2004,8574,3799,555,296,0,0,0,931,3999,37,0,2722,697,594,205,8571,372,40,4,0,8489,186,371,15,0,166,40,238,8984,0,0,2184,1628,0,421,0,35,0,3439,0,1580,137,0,0,3928,282,0,1418,986,0,4288
591,153,0,0,75,8261,0,0,610,11208,392,0,2009,0,0,2797,0,2348,127,353,19789,16,11,0,0,0,455,67,25,99,0,4750,24,127,225,199,650,417,10593,14,936,27,25488,0,4249,488,70,350,436,453,8207,68,460,0,234,7214,62,105,0,1098,0,4961,145,2715,0,0,76,226,580,0,191,3668,0,283,0,5702,288,26,64,22,0,852,50,0,0,313,269,502,2370,34,0,5180,0,10,40467,11,0,0,1612,0,22,45,0,0,3012,232,905,248,435,8,991
592,0,25,0,126,563,0,15,1093,8223,214,41,1254,5,0,1077,180,2959,0,231,9745,86,72,0,0,0,1807,0,0,51,1767,5769,22,200,163,202,331,48,11859,25,168,0,13522,0,4112,296,600,1204,170,826,8637,53,171,0,190,13931,572,640,0,2515,0,5885,604,2016,65,1165,0,182,167,110,0,3877,0,0,54,2677,337,63,499,0,129,391,1499,0,0,252,0,0,2956,0,58,9034,0,22,55093,41,0,387,1112,0,1494,0,0,0,0,965,135,250,240,0,2208
593,0,0,0,349,0,0,0,6824,494,90,58,27485,79,0,207,4987,2691,601,270,13569,0,0,0,0,0,163,0,45,623,0,778,280,3728,471,951,3331,1158,728,4007,202,105,227,140,38405,17,188,46,186,812,1297,0,9924,0,692,7863,127,70,0,1252,18470,2441,3720,317,0,13,0,506,2353,0,0,1571,41,494,0,10667,237,23,72,0,0,99,1757,0,202,598,46,255,8995,44,0,849,0,10,1162,2305,0,109,2436,0,1180,388,0,0,5184,515,0,359,26209,128,1149
594,0,0,0,76,3016,26,0,738,11605,1337,210,1156,0,0,1830,627,3490,181,330,7346,7,0,0,11,0,2507,0,0,25,0,2473,0,172,183,207,901,489,9265,48,0,0,12791,0,2217,309,142,942,393,1149,11810,81,366,0,29,17923,160,1058,0,2234,0,5817,374,478,0,0,0,251,1198,73,592,3385,623,158,0,7477,393,0,678,9,158,0,2298,487,26,175,802,3391,1299,0,63,10393,322,9,64546,0,0,543,1730,0,934,0,0,0,1691,1759,485,0,928,20,1325
595,0,0,0,0,1231,0,0,991,177,30,0,7788,0,0,1030,971,6817,1498,2455,10850,0,176,0,0,0,3546,0,0,21,0,8272,2946,2126,448,1345,1730,59,62726,720,50,0,9875,38,449,0,0,0,68,897,4550,0,12786,24,201,943,9427,286,0,500,3683,899,677,1430,0,118,0,190,45,71,812,83878,163,130,386,309,460,0,506,98,418,0,6954,468,0,6208,77,205,752,0,0,1300,0,0,803,0,0,376,30821,0,13484,212,0,0,444,3195,0,253,142,0,401
596,2604,0,0,125,1817,0,0,697,361,138,26,5062,315,0,525,341,8101,618,1819,13957,201,0,0,996,0,4661,31,0,10,0,12574,0,1979,528,197,308,181,58461,0,0,444,11267,0,411,527,337,1026,41,1159,1731,901,11547,9,440,945,3636,0,0,536,507,812,2715,0,0,93,0,311,180,21,15,130186,0,217,0,278,822,59,262,0,966,150,0,78,0,3786,158,139,188,49,0,1563,0,79,2456,0,0,0,10100,0,12791,262,0,0,227,20438,0,421,539,40,492
597,282,0,0,587,267,0,0,895,9578,0,51,1201,35,0,2588,1019,2476,32,512,9300,0,60,0,0,0,0,81,97,30,0,5175,23,218,110,114,218,486,12555,103,0,0,10937,321,4792,62,274,420,285,1995,14797,0,274,19,13,7182,219,195,0,1919,9236,5453,155,2078,0,0,0,219,1629,159,169,3263,994,145,23,5141,436,193,91,212,66,0,745,300,0,628,561,1902,2704,0,9,2392,0,0,46353,5,2053,0,1109,0,340,0,0,1885,3759,675,0,0,232,8,341
598,0,0,0,132,0,0,0,1351,198,84,188,3809,0,0,505,2585,10764,117,1515,19350,0,0,0,0,0,0,0,208,29,0,10111,227,1137,326,865,630,85,58476,132,309,725,14730,16,613,2558,77,889,49,0,1072,43,5640,18,56,1038,11206,0,0,1162,0,450,1400,1206,0,276,0,312,197,0,40,92139,144,0,0,564,1000,57,48,0,201,462,3995,253,206,5603,154,93,307,0,0,555,66,378,4079,0,0,294,24706,0,1077,0,126,0,992,27062,1435,0,250,0,314
599,0,29,375,0,0,527,0,1217,337,286,96,4369,158,0,882,4025,5139,465,4177,23911,200,197,0,0,0,0,0,764,27,0,9620,2176,1847,316,499,800,171,74624,0,49,0,12455,32,678,2574,629,705,0,872,484,0,12013,0,535,595,12587,76,0,627,0,547,824,1951,0,62,566,306,272,64,0,92791,385,0,0,941,474,5,393,61,0,0,1246,79,0,4924,109,68,484,0,0,2399,0,0,1627,0,0,247,18111,0,7647,0,0,0,752,22942,0,0,365,74,320
600,0,21,0,811,2292,0,6,4906,652,563,7,19449,139,0,113,3111,3267,147,207,1087,0,0,0,0,0,168,0,30,414,0,854,42,1445,496,831,1963,789,969,2153,0,92,1285,196,17596,110,0,263,488,157,1155,1552,7867,0,2052,5792,233,55,173,1677,0,3286,2479,1481,0,339,0,1065,5984,0,220,2213,45,0,262,958,486,0,64,0,1442,0,2693,14,19,446,117,280,5979,92,14,982,0,0,788,398,0,113,2322,60,1840,0,0,0,8188,1384,581,2745,17942,253,3830
601,0,0,0,3208,0,0,0,16146,1000,440,0,25789,0,0,86,0,1029,0,13,7257,237,0,0,0,208,252,0,23,255,0,442,0,2763,395,395,9589,1609,108,1990,0,0,0,431,9278,358,76,280,1188,0,389,6951,12813,0,23167,3286,388,105,0,0,1702,4333,425,0,0,0,0,313,23808,10,303,920,0,1809,3162,403,1270,195,58,3654,5749,201,747,28,0,604,388,334,16194,24,13,1432,0,121,943,5957,0,0,1396,0,2060,0,0,0,0,733,1593,3046,233607,182,1659
602,14,0,12,298,174,200,0,5388,721,5,3,27866,191,0,7,1959,1270,584,107,3246,0,0,0,0,1036,0,73,0,362,0,145,0,1102,254,1951,4158,402,117,221,0,0,776,265,4139,89,0,201,1026,0,291,0,6443,0,9552,723,253,28,0,347,418,5973,354,2354,0,5,0,51,7213,36,67,537,0,0,1192,1413,563,224,127,3016,881,293,351,0,0,275,4,314,18298,102,38,738,0,5,1234,633,0,0,2044,0,133,1505,0,0,568,483,768,2279,418167,0,332
603,0,0,0,54,3332,222,0,1567,434,114,21,4412,0,0,575,2039,4620,430,6439,35172,0,0,0,0,0,0,0,112,23,0,16834,1420,1735,325,465,325,246,35330,310,0,407,9863,7,348,1060,1338,1348,0,937,658,112,13143,0,481,699,13334,0,0,455,1745,603,1835,1071,0,175,0,172,0,0,0,67101,109,119,0,890,645,0,33,377,948,83,4099,0,354,3698,237,0,515,0,0,2407,0,25,439,43,5346,276,15453,0,7547,0,0,0,1102,11626,0,0,400,0,846
604,0,0,0,951,6336,0,0,808,8120,571,38,2902,0,0,1191,0,2007,131,579,5874,121,450,0,0,0,0,0,0,136,0,4303,42,161,176,110,0,403,7871,60,1450,0,8260,630,2428,159,1688,1197,86,0,4097,0,114,31,0,15636,68,0,0,994,0,16837,0,0,0,0,0,96,0,229,0,3056,321,238,55,728,278,0,192,0,0,0,696,1045,34,255,682,2364,513,128,104,14898,0,35,62535,0,329,508,1168,0,922,0,0,0,760,950,0,0,98,0,2548
605,1040,5,0,201,6861,70,0,1704,8423,75,18,1142,8,0,3680,2130,2711,89,364,13799,0,49,0,0,0,371,0,0,108,0,6348,114,198,66,194,806,359,7617,0,407,0,3343,0,2120,94,0,218,230,0,3614,88,155,0,0,2912,112,0,0,1099,0,8807,67,1137,0,7666,0,177,1416,304,299,2485,313,6,53,6483,89,0,787,0,928,0,1191,828,68,222,361,2936,1699,0,0,2382,0,14,65239,0,101,451,1425,0,703,62,0,0,3050,539,0,0,335,16,1773
606,0,8,0,53,59,0,31,1143,477,36,99,6960,0,0,748,3187,9042,310,2360,32897,0,371,0,372,0,1008,0,0,29,0,9329,5867,2507,1654,1476,269,36,34597,0,92,696,7887,26,660,568,0,1381,55,51,1559,411,9258,0,88,1037,12788,600,0,715,3967,660,2040,569,0,40,293,231,301,0,0,49482,164,0,0,179,982,6,107,0,1344,464,6816,62,0,2195,124,548,119,100,0,1133,0,88,2064,0,1009,607,19002,0,8820,0,0,0,814,6217,0,607,768,682,530
607,0,0,0,52,0,1720,108,788,428,386,301,6375,43,0,459,1425,6495,0,1658,23452,0,0,0,0,0,1259,12,0,30,0,12048,331,1077,610,1390,776,131,27137,0,0,161,11684,12,751,960,622,41,21,62,1549,318,5256,0,105,856,4080,0,0,232,1786,753,3190,0,0,0,0,257,210,0,0,80113,275,36,0,684,186,21,453,0,628,75,5142,0,0,5298,328,290,346,0,0,1642,0,442,4273,0,1924,325,13003,4,4969,0,0,0,347,10629,0,462,655,694,708
608,155,0,0,168,0,0,0,819,14353,475,71,484,0,0,2173,247,2467,203,343,5234,63,193,0,0,0,5515,0,0,64,0,2304,0,237,212,79,710,510,7586,58,0,10,14231,0,5774,316,407,782,392,147,3444,0,383,0,125,23941,285,0,49,2890,16646,5556,526,3431,0,0,0,332,1032,170,0,3261,250,0,0,10098,541,67,654,0,118,411,490,1121,0,379,1542,450,581,192,0,1982,0,66,50066,0,0,0,1119,0,43,131,0,386,6160,1498,0,411,396,125,769
609,0,0,0,0,1163,365,0,13709,1516,127,0,29536,417,0,145,2988,2542,526,460,12701,207,699,0,0,0,940,7,14,627,0,506,106,4006,528,140,1452,1100,411,576,0,374,312,620,15349,145,0,402,1519,145,1826,0,16209,0,5774,7778,0,38,0,362,12117,8038,1331,433,0,0,0,1088,2584,0,0,1408,747,0,0,3041,170,0,48,0,0,648,245,48,6,311,162,171,3910,285,0,218,0,59,757,1001,0,0,1740,0,2223,0,0,0,3287,967,2000,1491,23054,0,6105
610,0,0,0,181,0,185,0,625,8913,322,14,936,17,0,4379,1275,3231,61,94,5723,0,116,0,0,0,4812,46,72,74,0,3588,18,125,177,20,250,324,5869,0,676,45,8368,125,4047,109,0,1078,466,426,11017,0,362,0,367,9172,146,0,0,207,5646,2851,421,1315,0,0,0,213,1456,52,433,2859,174,0,16,842,23,228,261,0,330,0,1447,76,12,436,756,0,1232,60,82,7464,0,17,84853,0,0,215,1230,0,490,0,0,0,7961,483,0,0,418,54,1251
611,592,0,0,0,0,1746,0,12373,836,601,31,30209,0,0,81,0,1588,118,244,3251,208,0,0,0,0,72,0,0,62,0,602,0,2981,616,2306,5243,1800,477,0,325,295,476,0,18523,292,0,733,851,1332,2888,11160,24601,0,0,1547,564,96,0,1637,7252,15283,938,0,0,0,0,100,0,34,0,2224,702,208,0,3833,117,140,0,0,7222,0,0,25,0,192,120,764,11986,324,0,1419,0,33,501,0,0,1000,2240,0,1460,290,0,235,1708,1215,5295,0,33337,600,0
612,0,9,0,0,0,0,0,598,13697,328,85,1131,153,0,212,1782,2442,66,308,4097,0,0,0,0,0,653,161,73,65,0,8069,76,161,107,315,67,454,5562,5,368,0,16012,219,5794,307,168,964,22,0,11544,94,461,285,120,9491,129,1420,0,3383,9625,7798,557,0,0,0,0,72,112,0,169,2903,241,76,0,1842,752,178,0,0,324,438,952,546,0,316,653,1583,2187,32,24,5894,0,51,69771,47,0,0,572,0,52,0,0,0,446,852,0,1002,1819,72,1120
613,13569,10,0,0,2911,0,0,1407,261,180,181,11525,31,0,834,424,8052,245,1848,12914,0,218,0,0,0,1472,5,0,16,0,5653,4235,1711,449,770,442,251,43442,358,0,0,12210,0,492,2912,386,1060,109,894,1357,0,12170,61,18,970,15317,0,0,469,0,135,678,252,0,213,637,323,167,14,0,50348,0,49,0,355,497,15,281,59,1094,342,4782,86,179,2250,607,434,335,116,0,2465,89,506,1924,0,0,126,15858,0,5353,0,0,0,760,17534,0,982,193,0,730
614,280,31,0,0,0,0,0,940,12004,60,143,1686,0,0,1595,4585,1246,307,836,4219,0,140,0,0,0,0,0,0,48,0,2300,19,166,120,250,323,208,6626,27,0,5,15537,0,2116,163,0,817,500,590,1530,0,230,0,456,15546,267,0,0,727,13464,11928,138,5334,0,4334,0,328,734,0,1218,2886,449,628,0,1441,377,220,566,102,111,9601,1920,0,0,434,230,4020,812,0,0,11933,0,11,47356,0,0,1494,325,0,993,0,0,0,3589,1121,0,0,1008,0,2703
615,0,0,0,486,979,0,0,1561,9826,0,100,172,0,0,47,0,0,101,72,4008,0,280,0,0,232,0,21,0,46,0,2124,0,73,72,0,915,178,1818,0,150,0,25588,663,1444,601,285,0,404,3330,1923,0,157,0,41,5114,212,2602,0,1442,22020,4779,248,0,0,0,0,110,231,0,0,1815,0,0,32,2140,419,149,1252,0,668,0,1424,0,0,242,1188,4088,7185,106,0,14438,0,6,40566,107,0,61,714,0,665,178,0,0,0,346,1143,111,12356,35,477
616,1679,0,8119,176,6434,236,0,1285,11653,310,6,1189,0,0,1111,2164,3296,53,366,10406,19,113,0,0,0,0,0,156,57,0,2068,58,192,96,212,440,276,6172,63,152,0,9681,0,7710,36,0,609,618,119,8064,0,157,0,34,8354,488,0,0,1765,5625,9433,45,1269,0,0,0,434,887,41,0,2900,981,116,10,4349,3,194,480,17,55,2500,249,0,0,401,716,7786,386,87,0,6730,0,54,81776,48,0,0,1491,0,208,57,0,0,6006,1141,0,0,520,53,2281
617,209,0,0,0,0,806,0,14062,0,0,31,11492,0,0,23,556,759,0,19,4875,0,0,0,0,0,220,0,13,168,0,439,119,714,195,1572,10834,620,249,413,0,0,851,0,4009,316,0,71,537,0,105,320,10647,0,3468,2178,125,175,0,421,23230,4090,1042,0,0,0,0,301,12977,77,0,440,0,538,588,1165,1790,0,109,0,4622,1063,6481,20,0,103,253,156,21783,0,0,1064,745,73,845,1878,79,0,1450,54,162,0,0,0,0,333,682,0,403109,0,401
618,0,0,0,0,534,0,0,3986,1383,125,0,23713,0,0,202,2711,3610,225,244,9153,20,204,0,125,158,461,0,14,239,0,327,16,2262,155,1703,818,1169,424,0,252,143,1710,131,29584,242,184,784,1631,1558,2247,0,22644,0,12685,2518,445,22,0,1336,6620,5609,3366,0,0,13,0,1246,5245,0,65,1430,707,0,0,3153,668,3,37,0,0,382,4643,0,0,991,72,355,1882,0,0,754,0,103,813,0,63,0,3103,77,3599,0,0,0,1136,396,0,0,9709,610,3631
619,0,132,0,0,0,398,0,1181,4857,0,0,2081,38,0,924,0,627,0,91,0,55,152,0,0,49,0,0,223,49,0,199,12,55,32,122,1870,322,89,0,0,27,9324,0,1657,558,0,360,251,0,716,0,142,0,339,8120,237,678,0,0,23617,2775,359,0,0,1354,0,80,3978,209,0,1449,933,0,4,2646,232,391,1575,0,80,7877,3058,136,18,361,1635,3574,7218,0,87,11749,0,6,35820,222,0,198,328,0,275,264,0,0,0,426,0,389,13420,21,267
620,2014,231,0,104,0,4203,0,1466,155,69,0,4971,0,0,55,0,3142,0,1131,7408,536,0,0,0,273,773,0,0,14,0,497,0,515,720,50,3022,270,4373,0,0,48,2868,0,145,4784,0,383,275,0,1094,0,18801,0,423,547,0,452,0,394,6451,586,0,1294,0,429,513,87,0,15,204,20775,0,104,886,136,0,3,1573,15,656,152,9720,0,0,0,979,692,1487,197,0,2632,0,142,1551,0,0,0,7824,0,6627,0,0,0,0,8730,0,150,7413,0,0
621,0,0,41,0,1902,4222,0,15149,630,28,0,21652,0,0,18,2683,687,110,72,2742,28,92,0,0,940,362,38,75,112,0,197,97,1782,181,327,2730,231,118,0,217,0,1826,303,13655,17,41,370,2186,0,642,0,5488,28,6713,3012,0,146,0,1104,15551,4833,670,0,0,0,0,229,8189,0,306,510,673,0,0,2943,613,163,86,0,3171,1978,769,89,0,105,68,782,8450,409,56,1591,0,90,562,290,0,0,801,0,3880,2216,0,0,513,464,0,6600,275526,387,1089
622,0,62,1464,0,175,4488,0,1495,158,659,0,12491,449,0,388,0,9920,184,2790,4373,286,468,0,0,0,0,0,0,8,127,8972,6244,987,527,411,94,34,42823,457,0,0,4387,0,289,1537,458,272,39,0,3934,0,13983,89,146,1396,1627,0,0,1646,0,845,1924,1853,0,0,0,304,0,20,0,75314,140,0,0,835,645,120,308,0,3085,429,5250,327,2756,1194,200,589,499,48,0,632,0,0,2768,0,0,0,22176,0,12389,0,0,0,981,3534,0,759,431,0,927
623,0,196,0,680,2092,6743,0,9218,826,0,0,32990,0,0,0,867,1169,0,278,2037,78,31,0,0,0,0,0,49,0,0,451,37,978,256,272,4160,805,79,0,247,0,1170,0,3782,207,0,142,1300,322,93,7008,4932,0,0,2600,0,165,0,1142,0,8443,370,0,0,39,0,47,2702,42,51,525,0,446,1624,1317,2627,99,95,0,3072,582,206,20,0,120,60,702,24484,123,0,1819,0,13,529,0,108,867,890,0,525,573,0,0,0,746,0,0,390570,753,0
624,234,26,17,4161,959,0,0,11840,1386,1070,186,16555,0,0,112,1356,1662,1069,385,12712,109,0,0,0,0,403,0,0,670,0,1069,0,2541,665,1940,1350,1554,837,2623,315,155,634,0,17831,22,0,438,655,0,0,0,16383,0,538,5392,132,76,0,571,4944,5878,82,168,112,343,0,625,0,0,0,2048,0,0,1453,6515,674,190,32,0,1344,847,946,54,0,444,81,108,2917,26,0,450,809,29,371,0,0,643,2588,0,1950,0,0,0,1864,87,0,1592,40733,0,2588
625,1244,0,0,0,225,3128,0,7860,640,599,55,15246,0,0,97,2660,3017,593,263,7835,283,0,0,0,822,203,207,0,376,0,336,98,3033,283,1012,716,1173,362,1242,1174,0,815,0,15345,362,271,503,1955,302,691,1721,13220,0,14531,2649,405,21,0,377,0,5155,3178,124,0,286,0,541,10036,44,110,1883,273,522,559,4533,409,241,65,10089,558,1858,2136,60,0,257,200,172,3962,445,0,420,0,13,768,0,92,380,3238,78,3395,0,0,0,3591,249,366,5537,27108,882,9175
626,619,0,48,404,2957,1796,0,10965,1102,165,95,16715,0,0,213,4741,3066,25,283,5523,40,0,0,0,0,310,0,0,60,0,78,130,1327,481,287,2215,987,711,2179,0,0,808,0,25297,70,32,254,1134,132,1924,0,13789,26,1496,5043,202,0,0,1977,0,3519,5745,0,0,0,0,599,0,59,225,1511,657,3125,0,8460,313,43,34,0,0,229,2667,0,77,367,276,268,5796,0,14,440,0,78,1994,2566,0,257,1875,83,5404,0,0,0,4489,292,978,0,15555,0,3542
627,0,72,0,0,0,122,0,779,2126,240,32,905,0,0,131,813,591,251,127,5390,0,0,0,0,223,0,0,136,23,0,1613,0,90,112,32,1552,193,952,15,242,0,6187,0,2658,338,0,338,342,329,1379,57,0,0,462,7213,59,290,0,468,51481,4070,432,426,0,0,0,71,4532,221,189,866,0,659,34,2991,382,96,4248,0,957,4760,198,243,0,47,990,4933,3438,62,0,10209,0,18,30335,0,169,0,167,54,308,42,0,0,574,2203,1080,141,12715,20,336
628,0,0,0,0,253,361,0,519,12893,301,0,956,0,0,2216,0,3052,234,612,10100,0,0,0,0,0,0,0,0,87,0,4632,0,125,47,225,198,157,8213,0,505,23,20261,0,4161,44,72,80,129,781,13231,66,252,52,139,14576,378,0,219,3099,42722,6098,87,5113,0,0,24,339,2071,0,0,3006,486,290,0,9054,0,0,260,221,0,0,2224,17,52,389,758,3231,1202,0,0,10249,0,37,71546,0,86,0,1712,0,1198,0,0,0,1120,409,0,699,992,0,1842
629,0,0,0,0,3012,0,0,11946,613,239,72,8928,0,0,127,1334,1600,224,356,6462,359,349,3,0,0,0,365,17,953,0,273,0,2607,1001,1601,3715,607,932,1195,0,0,960,0,6886,7,0,34,616,199,1246,0,10445,24,0,4818,370,0,0,2140,0,3283,1399,1617,0,378,0,110,1630,0,0,2379,742,1426,0,8159,492,72,11,6615,5796,0,1452,48,0,341,196,280,7137,0,47,1023,0,19,1185,0,0,100,3196,35,5683,390,0,0,1428,2065,0,977,8311,344,4813
630,0,8,0,0,2440,41,0,666,8826,127,0,1582,0,0,1495,1230,2885,195,723,8079,13,0,15,0,0,410,72,182,95,0,5449,0,179,96,255,977,212,7547,17,0,5,21897,0,5008,62,285,1142,110,0,5742,0,377,0,274,7161,105,1237,0,365,0,6076,250,399,0,2244,73,158,1244,50,376,3181,1309,222,0,2444,0,12,730,510,275,3946,331,91,42,445,278,3823,2001,35,111,2532,0,82,25751,90,0,82,1325,0,1235,0,0,0,3577,1509,0,88,829,5,3920
631,0,69,0,0,0,1490,0,7637,877,409,0,25778,0,0,102,1755,2171,400,430,7526,0,76,0,0,0,307,0,0,148,389,826,93,2409,985,1269,1605,1040,533,5987,189,0,1038,0,30824,130,79,257,1754,172,1067,482,10686,21,7807,6730,417,0,0,1098,463,5076,1738,1143,0,0,0,1222,0,0,196,1650,272,0,0,5493,531,47,27,0,600,684,6506,0,126,442,51,218,2109,40,48,2768,0,0,1334,0,0,229,3366,43,2132,503,25,0,3804,300,0,0,46423,0,7402
632,0,0,0,605,1484,0,0,648,2158,1435,0,1196,0,0,1574,347,1117,0,554,6199,0,131,0,0,0,7797,0,172,67,0,6538,49,164,154,96,381,337,10311,0,0,0,9447,0,3186,0,0,301,178,392,12471,15,303,0,292,17799,200,0,0,1797,10735,9467,1064,172,307,9434,0,200,2805,391,893,4330,0,0,0,0,1336,101,0,0,73,10499,0,425,0,104,0,9102,2877,0,36,14653,0,9,32055,185,0,0,902,0,1953,0,0,0,0,689,0,220,451,0,2418
633,1375,0,0,409,0,2751,0,9453,1963,337,116,13097,12,0,67,0,2747,519,419,13208,151,0,0,0,0,697,0,18,288,0,941,97,4710,333,0,1349,608,612,2268,0,0,1113,0,10807,64,246,637,972,523,3213,1056,11326,30,3024,5177,455,0,0,1752,9560,6499,1292,1119,28,232,0,620,0,63,0,1665,0,0,0,6744,204,182,27,0,1182,2459,18,59,0,187,41,226,2155,0,69,1505,0,59,1016,152,0,0,2137,0,693,0,0,0,3234,0,0,612,18360,0,2835
634,2396,0,0,0,5988,73,0,1181,9227,297,18,949,0,0,1751,0,2067,0,546,6379,0,405,0,0,0,0,0,170,14,0,8939,57,223,420,26,807,160,5311,27,131,19,4208,0,3718,395,0,726,165,490,5540,36,322,0,46,12072,503,572,0,240,0,9717,116,1554,0,78,0,233,363,0,0,2308,313,76,25,1915,0,95,1146,0,40,7410,134,0,0,101,1103,7500,377,24,40,9885,0,32,62367,0,0,3708,1207,94,1223,0,0,0,0,438,0,97,1174,0,3506
635,0,0,0,33,2323,0,0,1008,451,144,8,7034,47,0,332,5604,2413,1850,1913,32761,0,125,0,0,0,0,0,0,15,0,21858,3195,1099,1091,440,618,96,30254,0,195,0,7029,20,542,1197,3633,91,97,139,467,570,8907,99,341,539,1816,88,0,1300,1609,917,617,2078,0,74,0,221,83,26,441,31503,0,44,0,982,1034,95,65,0,633,77,0,144,253,3774,71,601,752,221,0,2238,0,1372,3020,0,2541,0,13216,5,0,389,0,0,348,16927,0,0,939,267,1270
636,0,0,2543,65,744,1822,0,2794,267,189,59,2610,144,0,190,0,6054,875,1059,3140,0,0,0,0,1165,3351,0,642,18,0,9381,109,439,276,30,1857,83,18085,0,0,661,2562,0,87,1897,1029,433,152,0,560,181,7132,0,479,495,7955,717,0,234,472,395,349,0,851,62,0,98,491,78,0,22065,273,0,0,346,882,15,191,0,1584,300,6386,191,214,1502,369,476,2152,489,89,1843,0,894,1131,84,0,744,8233,0,4256,0,0,0,0,18668,901,803,8096,0,224
637,0,0,43,1597,0,385,0,12515,544,832,141,16058,837,0,92,2880,2128,0,160,2754,0,0,0,0,218,0,0,66,905,0,157,7,83,185,280,8931,507,284,2314,379,0,507,0,10144,646,36,116,366,614,640,0,24554,0,5000,2509,586,149,0,1078,2708,3429,840,0,0,0,0,804,5961,0,0,1096,0,247,501,3049,917,0,59,0,673,0,0,12,0,657,124,192,17100,169,0,531,0,72,1044,0,0,768,466,0,2958,1340,0,0,0,540,0,3343,323766,771,509
638,0,0,0,968,785,0,0,922,6816,0,91,2522,62,0,1320,0,375,90,48,771,0,720,0,0,186,372,0,0,9,0,1655,124,92,6,0,1631,182,6531,62,221,15,12919,0,3037,528,0,512,519,79,303,64,325,0,309,8350,403,1951,0,4041,51306,6840,59,0,0,0,0,37,345,182,0,1404,532,449,88,1531,831,116,1212,0,527,4327,191,202,52,82,1424,1544,6587,57,147,19345,0,80,106817,50,0,1152,936,92,277,94,0,0,1864,661,0,153,4487,44,0
639,7503,0,913,0,119,2748,0,1042,482,349,79,3398,0,0,640,2770,9737,72,2528,24850,0,317,0,0,0,0,0,0,32,0,6951,1446,1274,1019,353,716,107,50517,637,0,893,7591,24,684,226,0,1128,3,763,322,460,12723,0,404,1357,9272,0,0,668,4157,413,1060,411,0,0,0,350,116,0,176,76316,110,0,165,578,0,6,117,0,408,79,4224,149,0,6150,177,50,236,183,0,1846,0,352,1913,0,0,1463,15328,0,1176,0,0,0,155,5376,0,484,651,161,1472
640,0,331,0,1748,4130,6179,0,8560,245,834,0,14053,181,0,79,4105,886,172,235,4027,114,132,0,0,680,413,0,0,110,0,298,0,1622,0,2001,5843,1101,258,0,0,0,943,0,1877,277,0,34,950,0,0,225,3224,0,14164,5571,79,284,0,1353,3432,5103,1113,0,1499,103,0,870,1470,22,358,704,675,0,1500,4710,1364,21,91,3089,338,1197,3168,0,0,53,268,222,5177,0,0,2249,0,16,1193,0,0,536,712,0,2867,304,0,0,958,212,3064,5892,190080,184,2436
641,0,0,0,50,0,0,0,2747,393,59,52,5966,0,0,309,3551,9838,0,1688,15771,684,0,0,0,0,2306,0,197,54,237,8048,4066,1440,800,1182,623,68,54387,11,322,0,10577,83,501,522,0,1652,20,756,873,0,15758,0,127,1043,9000,219,0,647,0,240,1311,323,0,0,0,36,204,0,470,101466,115,0,273,851,524,11,0,0,0,54,8469,86,750,7161,49,67,323,67,0,2803,0,285,2235,0,0,227,29084,0,6973,0,0,0,199,39840,0,138,205,0,1398
642,1976,18,0,41,0,428,0,1029,378,173,135,5004,0,0,781,0,8482,1101,1947,40732,383,149,0,0,0,852,14,198,30,0,4031,650,1599,651,449,692,164,53242,1306,227,435,9550,20,363,645,2082,1130,105,1098,1332,1596,7925,0,918,1151,1945,0,0,1599,0,889,1274,610,0,0,0,169,27,11,185,88540,105,186,310,386,0,49,244,0,1046,212,1118,122,0,3383,188,169,299,40,58,781,0,542,767,0,0,825,22225,0,6288,43,0,0,259,14702,0,580,14,0,302
643,813,1,0,0,0,0,0,1736,536,284,76,11193,0,0,1236,1349,5382,983,1831,22664,159,156,21,0,607,2735,0,112,41,0,11196,4135,1330,499,471,284,171,37782,547,113,0,12579,6,731,0,0,835,64,0,212,390,10087,0,350,505,9248,0,0,822,0,343,1414,834,0,168,43,273,909,15,705,82291,385,0,366,370,417,0,136,0,0,0,7383,0,0,1981,356,315,869,84,0,1591,46,819,945,0,1856,306,26135,0,8251,0,0,0,71,5620,979,0,811,47,1171
644,0,0,0,1509,3925,0,0,650,16612,327,182,1658,42,0,1506,200,3216,304,231,13532,53,0,23,0,0,1845,0,28,63,0,4330,31,233,295,99,887,135,10361,0,0,0,6965,331,750,15,352,976,93,2257,5581,0,347,121,189,4000,399,0,0,742,5015,2528,883,608,0,3144,29,40,5,116,13,3804,288,114,19,5402,30,37,212,182,226,11651,354,0,0,378,643,5998,953,0,0,5482,0,64,30624,49,0,2626,1663,0,238,0,0,0,3842,1013,0,0,548,0,1388
645,0,0,0,1053,370,2796,0,5173,513,0,20,30873,0,0,110,0,1145,142,275,4444,299,0,0,0,2863,1000,0,0,0,0,249,0,3591,581,299,1857,751,305,598,2416,0,537,0,4733,55,467,405,344,146,80,2853,10472,0,1462,4923,224,72,0,2447,31808,7606,1398,0,0,0,0,856,10537,68,0,696,0,0,2325,5278,909,94,244,0,256,1568,7387,11,29,225,131,900,20571,0,0,850,0,24,1172,780,184,0,497,0,2036,0,0,0,1103,1155,2663,1908,122542,527,613
646,0,0,0,35,0,4977,0,2993,1656,373,15,21180,0,0,98,2010,2369,308,220,2857,0,0,0,0,0,187,0,21,142,176,284,148,3065,609,665,1263,798,846,341,700,0,1027,0,28063,77,148,959,1973,193,1073,2937,5077,70,8984,6789,552,65,0,1601,1473,2716,880,1918,0,359,0,820,3259,0,21,1589,235,81,335,6526,200,60,7,29282,658,0,2135,14,26,312,41,295,466,126,25,438,0,16,1329,574,0,1704,2126,36,2293,614,0,0,6024,345,0,1548,15270,358,7520
647,7970,31,0,390,3218,4910,0,2638,244,138,0,19358,0,0,182,2790,2923,861,847,26142,725,16,0,0,898,5262,0,0,20,0,11053,915,937,113,490,1887,230,19495,0,0,0,3964,0,193,6271,0,774,130,1024,38,373,801,0,766,746,16149,476,195,246,1304,480,980,0,0,0,1756,115,247,0,169,29999,116,0,237,300,1738,24,522,25,1892,281,572,0,128,1234,855,477,1943,12,42,2099,0,635,1475,0,0,0,7636,0,2792,83,0,73,0,27029,0,0,1057,675,219
648,764,0,0,0,8714,455,0,1713,5506,140,25,478,12,0,301,2142,1463,0,359,6834,23,0,0,0,582,2012,0,0,23,0,2463,9,144,223,90,1421,223,2448,38,203,0,6577,0,908,771,230,20,638,512,1942,0,255,0,137,6704,533,1246,0,2654,85458,8445,366,0,0,0,0,168,3288,12,531,1134,331,331,0,4294,647,252,1445,231,305,0,1961,802,0,181,302,5947,8285,152,61,7813,0,40,37543,14,361,103,786,112,0,0,0,0,0,1053,2315,97,4129,0,1353
649,0,0,0,3192,167,0,2,3599,670,461,122,18924,0,0,200,558,2274,437,300,14265,40,633,0,0,184,428,0,0,117,0,817,32,3785,852,1029,1874,641,708,1095,0,0,905,300,23584,0,0,915,852,298,192,1391,12226,9,811,7971,157,26,0,579,0,3661,485,0,0,125,0,699,0,21,0,1189,776,579,867,7331,228,0,61,0,673,304,0,26,112,468,104,154,5293,291,21,806,0,6,1167,0,0,51,1550,0,0,0,0,0,729,511,0,1589,23386,270,8442
650,841,17,0,542,2103,0,0,4056,1868,54,43,8237,0,0,125,0,3820,457,368,11420,35,47,0,0,0,100,0,0,136,0,579,196,2968,531,1920,767,570,688,2513,0,0,947,71,26007,34,49,630,3418,55,1067,0,20175,0,7613,5882,514,18,0,1009,0,6751,1813,0,0,31,0,784,1159,11,348,1767,235,0,0,8375,18,0,50,1192,0,395,6348,0,65,156,122,181,2947,30,0,1856,0,29,404,0,0,129,3172,19,4502,6,0,0,3001,255,0,0,16760,653,4780
651,0,0,0,0,9984,112,0,1079,13883,137,66,1968,0,0,451,220,3512,35,613,8721,0,35,0,0,0,1561,273,147,32,0,5175,45,235,174,5,202,245,11587,0,0,0,15611,902,1679,88,190,890,420,0,1597,16,410,173,367,6558,249,1065,534,933,10507,4304,1106,1240,0,0,0,142,1562,73,70,2790,138,0,0,6327,0,339,88,0,249,0,1217,98,0,587,793,1077,965,0,29,13638,0,102,6596,45,154,1553,2130,0,291,0,0,0,794,1403,0,439,367,12,1491
652,1087,0,0,430,5055,23,0,629,6025,246,85,897,0,0,2322,223,3168,71,643,9446,0,107,0,0,0,1724,0,0,90,801,6084,42,100,398,41,192,269,8477,105,410,4,17187,119,2567,3,73,1044,457,0,772,35,338,0,89,13011,211,0,0,929,0,7080,342,194,0,2118,0,208,204,289,186,3716,78,0,0,2198,219,120,63,0,170,720,479,153,29,220,399,1445,469,33,0,15312,0,26,34493,0,0,1307,1451,0,186,0,0,0,3239,722,844,573,454,10,3403
653,0,0,659,0,746,794,89,1658,9126,0,16,1944,0,0,424,139,734,34,136,3246,0,0,0,0,0,774,0,92,24,0,3460,0,76,0,96,2126,117,4281,4,0,0,12114,0,1022,370,0,487,147,0,0,83,106,0,338,7309,194,0,0,1067,30290,3472,34,249,0,0,0,126,2103,0,0,1487,0,0,5,4003,1095,0,1087,0,374,7038,826,149,0,108,32,1113,6752,79,23,8931,0,34,57150,64,254,4384,840,53,886,0,0,0,0,620,1046,0,10010,98,624
654,0,6,0,655,0,0,31,668,5709,212,71,597,20,0,849,555,2768,30,404,19063,15,0,0,0,0,4078,84,31,27,0,5546,33,251,180,77,158,192,14635,90,757,4,14381,425,6415,18,0,293,275,581,8777,57,76,96,271,12584,236,170,0,1065,0,9345,70,0,0,927,55,160,242,337,0,3699,244,0,0,6620,188,0,88,0,118,7064,1323,118,15,232,264,1372,459,7,20,4490,0,35,33253,0,0,1326,1773,46,351,60,0,0,1387,339,0,543,964,0,3311
655,0,22,0,165,0,105,0,446,6036,623,55,499,0,0,1832,302,2751,151,228,12132,0,40,0,0,0,3501,23,0,32,0,3780,22,148,232,20,158,205,17001,130,0,32,24826,291,9815,60,217,1095,529,149,7737,0,253,38,50,14578,430,0,0,1362,3025,4774,915,1556,0,1293,0,286,1252,0,0,4821,341,0,0,7256,0,22,0,270,46,7951,625,0,0,433,234,1758,600,0,23,13412,0,30,42189,20,0,2442,839,0,69,49,0,254,2647,991,0,182,219,36,709
656,1821,0,0,560,542,95,0,430,6113,413,22,965,37,0,1083,2163,1601,0,409,7371,109,0,18,0,0,2883,0,0,79,0,6045,8,319,155,54,389,262,11064,105,91,0,14187,0,5187,22,149,774,318,663,3525,5,153,56,253,10201,204,133,0,2990,6520,8139,762,1722,0,447,31,159,654,150,0,3362,277,0,0,3462,34,168,786,180,0,1544,160,0,0,397,622,3236,781,132,16,3319,0,44,38857,49,330,0,1650,25,1530,0,0,354,1217,426,0,84,1040,52,3988
657,332,0,0,0,1001,3371,0,2139,334,143,278,5106,0,0,328,3135,8976,547,918,34062,719,0,0,0,0,8361,20,0,80,0,16113,3149,2680,774,364,67,58,41973,108,0,0,17099,0,786,812,449,1682,92,1164,233,348,12908,23,341,791,597,0,0,2034,1422,497,0,3635,0,98,0,217,0,39,972,67229,0,37,231,916,178,3,211,0,448,352,1561,681,497,2265,249,295,321,0,32,1265,0,206,1372,0,0,1280,12259,0,0,718,0,0,246,6175,0,475,152,433,1543
658,0,305,0,1701,959,0,0,11550,950,0,48,37460,0,0,61,0,949,209,84,12939,108,0,0,0,433,273,0,0,0,1738,360,9,2301,292,589,5405,1200,318,0,2037,602,685,0,11165,214,0,147,981,0,0,0,9743,112,8571,980,264,182,0,1332,38397,3620,1427,0,0,0,0,387,2380,0,0,329,122,2438,2722,5708,2250,67,227,0,3130,1565,5006,41,0,343,111,416,24675,119,0,560,0,112,1317,0,0,252,970,0,2585,646,0,0,0,28,4972,1439,133835,0,1777
659,0,0,0,39,0,2796,0,1705,366,501,95,2821,0,0,165,1894,4485,781,2974,8442,1687,0,0,0,0,1088,4,340,0,0,14123,562,3743,2196,453,436,84,27452,1677,254,497,7467,99,425,0,1338,705,114,98,1866,0,7259,0,56,150,10762,614,2127,660,0,411,2047,0,0,0,0,176,0,0,267,51325,250,0,0,623,182,8,75,234,421,28,4564,490,0,5942,487,380,516,175,0,1736,0,1038,1239,0,4998,381,23270,12,1075,163,0,0,756,51550,0,134,493,89,2554
660,662,2,0,122,0,0,0,125,7303,433,0,1146,0,0,861,1965,1769,19,2078,19454,87,0,0,70,112,3559,0,0,45,0,10641,13,504,120,82,176,302,5528,197,607,2,4460,45,2842,79,0,1411,499,725,0,64,371,37,307,22133,504,0,0,1813,23330,8196,440,0,0,0,0,175,770,319,0,3037,692,0,42,7293,133,87,0,0,71,4840,0,210,0,82,106,2124,833,77,33,5742,0,91,37536,88,0,0,1487,203,390,0,0,0,567,463,501,47,446,0,1484
661,764,55,0,181,1284,4180,0,2999,314,0,74,22150,0,0,418,5256,6759,333,822,9836,335,0,0,0,74,0,0,1391,15,776,8057,0,1060,317,28,2020,234,20231,0,88,282,1799,0,536,1020,0,101,114,883,938,0,8442,0,117,602,5761,113,0,337,4944,392,1708,2139,0,107,0,247,494,19,0,59510,175,0,1009,454,1491,75,791,63,3522,0,314,0,0,3840,1124,213,1785,487,11,3842,0,336,1615,426,0,0,17683,17,2790,177,0,0,332,10278,0,517,3432,0,126
662,0,0,0,290,0,0,0,2005,128,446,0,3358,466,0,348,8997,5070,1646,0,32679,0,0,33,0,0,15472,0,924,0,0,6045,783,1605,801,695,79,48,24942,1476,0,1048,1564,20,866,0,165,414,21,0,300,1073,4061,313,209,929,0,1173,0,820,4523,1605,813,0,0,0,0,336,214,82,1289,110610,0,131,0,1323,0,81,215,0,0,549,0,0,0,1280,260,331,538,141,30,499,0,1173,1039,0,0,0,12024,0,10179,0,0,0,69,0,0,1584,1510,0,2030
663,0,0,0,414,648,26,0,740,9574,700,123,258,27,0,2676,2404,2662,180,284,4131,69,200,0,0,0,2204,43,39,77,0,2747,53,185,60,9,318,263,14387,84,124,2,5758,674,4083,31,146,695,393,644,5971,11,100,85,224,15484,152,134,0,2264,0,5011,1117,0,0,6812,0,120,928,354,1216,3333,442,516,0,7335,69,55,419,169,109,3558,869,372,16,144,291,1397,1970,98,14,12098,0,13,60377,43,351,905,1224,0,673,0,0,0,1918,104,365,0,685,26,3102
664,160,0,0,0,2763,49,0,1118,5883,230,14,562,0,0,754,1476,1474,0,2420,9795,9,50,0,0,0,2067,0,0,30,0,2599,0,235,249,122,399,232,6241,189,0,0,21415,0,5104,70,76,1014,577,0,3987,51,144,68,58,13134,412,282,0,815,0,9674,335,0,0,4086,0,161,0,0,0,2707,173,0,14,6343,0,119,659,1384,832,1018,1786,108,64,194,605,4776,2805,0,0,9009,0,36,25674,0,0,399,477,0,136,0,0,1354,3360,404,0,0,443,34,4391
665,1800,29,612,0,5448,181,0,555,9343,333,0,1451,0,0,1542,457,1323,165,406,4183,24,149,0,0,0,2783,0,0,0,0,2765,2,269,189,100,155,235,12016,61,345,25,21581,382,7488,129,0,814,643,1127,1972,18,336,0,200,12290,216,1187,0,1338,0,5851,603,3197,0,0,0,200,0,0,125,3030,0,102,0,5131,179,374,0,0,0,0,938,188,35,159,1091,4613,1715,48,172,2895,0,17,38306,84,437,0,1236,0,704,0,0,0,234,0,2328,334,88,0,5499
666,8405,80,0,67,2272,2765,0,2354,237,181,213,9916,0,0,301,0,1687,2419,1375,3596,0,0,0,0,700,0,0,345,29,0,1567,0,1125,0,515,4288,170,15248,0,666,0,4495,0,43,1928,358,387,155,0,1114,0,9161,0,591,1007,10054,593,0,596,7833,310,1363,0,433,0,0,150,1248,15,172,28669,0,363,261,156,2403,279,769,11,2372,268,0,141,1021,2777,600,452,2911,386,0,3682,0,1191,1850,43,0,0,6398,0,6846,219,0,0,0,38375,0,0,1812,0,40
667,243,0,0,0,0,1816,0,769,467,48,22,1166,150,0,1363,0,4102,0,848,45037,897,0,0,0,0,424,50,772,0,0,5694,946,1169,1802,373,111,121,32435,943,0,2313,7903,35,309,1297,368,2057,195,316,272,587,13497,0,572,1402,8939,77,0,635,2572,1089,1985,529,0,0,0,207,0,72,293,78981,422,81,0,1772,55,26,59,227,2103,346,1894,0,219,3991,432,294,403,0,0,508,0,311,782,66,0,1343,23937,42,5513,0,0,0,0,28122,0,280,679,469,470
668,0,0,0,0,4474,1288,0,3877,533,0,0,9208,0,0,257,0,1270,3155,1787,17553,1012,0,0,0,1584,0,0,0,0,0,2220,1230,776,318,608,3077,190,8661,1352,0,0,3737,0,724,3745,0,448,61,608,120,0,4938,48,815,1332,12893,129,0,1842,7344,114,736,0,0,0,0,201,0,251,0,40118,477,0,57,0,254,0,1174,0,854,396,1818,268,0,2345,2756,206,3192,1403,0,4438,0,1438,791,318,3861,0,0,0,1628,776,0,0,0,21485,0,0,231,0,86
669,0,289,0,246,86,6447,0,10216,817,172,106,37108,0,0,39,3075,240,0,65,1441,0,298,0,49,321,0,913,6,595,0,110,39,336,438,1550,12240,780,539,0,0,0,1894,704,20054,181,0,149,2285,1148,0,1486,19022,0,4596,3378,0,166,0,1132,11611,4165,0,0,0,18,0,977,1883,65,893,969,746,0,1609,4629,845,169,259,0,0,0,0,37,219,115,246,582,40692,0,62,306,0,227,903,0,0,531,2093,0,1855,1115,0,526,0,569,1244,0,88430,0,797
670,579,0,1319,133,0,0,78,897,425,217,121,899,0,0,778,945,3133,353,2054,66468,169,96,0,0,44,5052,0,53,43,0,36996,137,4052,910,533,206,70,23614,575,34,521,8524,0,647,698,290,8,38,412,705,1178,10047,16,372,939,10748,249,0,673,242,755,618,175,0,0,0,114,150,17,543,38747,0,0,247,1205,366,49,466,0,1526,123,0,78,570,3056,103,347,317,0,0,1264,0,134,599,0,1316,789,15925,0,816,25,0,116,964,15413,0,309,486,75,1755
671,679,0,0,0,0,0,0,1516,268,96,35,6287,0,0,457,1216,5612,222,777,26748,189,217,0,0,0,2403,0,190,83,0,16649,3943,2698,648,415,772,142,34351,508,119,844,4696,41,560,77,192,1461,86,566,272,0,5937,29,207,1079,6686,338,0,179,0,892,1254,0,0,1759,148,329,344,0,276,67105,304,0,93,562,0,16,72,0,487,165,4464,81,33,2070,77,214,227,93,0,1421,0,211,486,31,1724,550,16003,0,12901,0,0,0,1107,7067,0,323,1157,0,2567
672,0,0,4187,427,239,0,0,1364,257,11,88,2640,0,0,1059,0,4910,0,446,26100,659,0,0,0,103,2905,0,0,19,0,24988,3953,3102,839,196,0,128,40442,795,245,224,7568,0,463,1224,98,1351,54,211,1669,62,8164,0,46,990,2163,87,0,348,621,483,646,1135,0,0,0,256,126,23,874,60832,22,0,460,523,440,61,959,399,218,10,201,360,0,2385,289,288,216,87,49,2031,0,275,1776,74,1973,227,15934,0,6365,23,0,0,150,11985,0,160,623,0,880
673,0,75,0,0,0,0,0,712,10340,532,31,680,0,0,2026,0,2258,0,603,21893,45,47,0,0,0,1862,0,132,36,0,6386,0,274,364,32,276,329,6407,16,0,0,42501,422,5320,41,359,114,61,2015,2121,125,197,0,231,12865,372,762,0,996,0,10530,0,975,0,1187,0,277,581,0,0,1857,0,559,0,16142,174,48,1016,410,0,0,0,779,0,276,426,3400,1035,21,112,16511,1032,36,30994,0,0,0,955,0,505,0,0,0,2476,0,0,0,444,19,4409
674,770,0,0,0,1314,328,0,844,7746,315,28,832,0,0,1115,1810,2961,22,383,18630,0,0,0,0,0,3200,0,44,37,0,11358,25,387,216,6,219,75,6810,11,89,5,4824,715,4559,0,116,183,567,0,2970,25,135,54,188,17739,121,0,0,1484,5246,7906,629,163,0,691,69,165,761,0,0,2821,253,101,11,12350,0,0,814,0,94,0,276,0,14,103,1008,2877,650,0,0,14925,0,43,29150,0,153,1895,626,0,268,167,0,0,1566,399,0,161,1001,0,4227
675,204,19,0,0,1389,0,0,13980,744,303,99,13671,24,0,127,1272,4351,264,370,14217,213,0,0,0,265,159,0,3,631,0,795,39,4582,439,503,374,784,754,218,193,10,570,671,12040,61,0,460,1534,537,1710,5475,9368,0,8380,6374,207,129,0,1165,1133,6503,2275,2329,0,0,2454,772,8724,0,120,1306,666,177,0,3782,245,125,5,0,604,588,2113,0,61,487,130,283,2825,13,9,999,0,21,396,2678,0,689,1598,0,1439,0,0,0,0,408,184,2335,36090,0,7421
676,2940,12,270,157,457,33,0,411,11832,570,26,494,0,0,1142,339,1432,151,375,15091,0,109,0,0,0,1027,407,63,65,0,13975,73,383,341,98,607,133,4748,106,0,15,15086,0,2313,93,85,1703,1408,540,8306,10,156,0,120,11051,24,431,0,1066,0,9606,201,0,0,3885,0,87,1263,0,0,2417,217,0,0,8184,53,140,397,336,230,7191,699,0,0,186,1058,4808,1389,0,0,13010,0,7,29405,25,176,1982,809,0,424,0,0,0,3235,416,1132,518,982,29,1198
677,3560,0,0,697,2517,373,0,1697,3327,0,0,1783,0,0,696,1451,1110,0,138,3554,16,0,0,0,169,0,0,74,38,0,651,7,58,106,9,1553,317,2641,36,0,0,6124,0,2889,351,0,77,997,0,4650,48,139,0,569,9044,113,2982,0,1979,31819,0,234,0,0,6153,0,273,3407,0,0,321,0,641,55,3724,1298,308,397,0,531,18037,503,376,29,257,661,6982,11824,106,40,29232,0,66,24090,0,797,0,1198,0,733,0,0,0,3093,745,0,0,4675,12,1154
678,0,8,0,107,0,954,0,1451,393,318,0,5511,171,0,359,0,7653,308,2882,17628,111,0,0,0,255,3651,15,0,33,0,23213,1439,3115,1743,255,445,130,24942,1391,0,0,5502,3,364,598,0,2567,103,88,81,0,7121,0,516,771,4592,0,0,1032,1785,742,1614,1880,0,25,0,121,0,6,77,68014,58,14,126,911,361,68,380,219,1350,453,3449,32,360,1777,36,109,554,143,0,2140,0,687,482,0,0,1481,22910,0,4312,75,0,0,179,9139,0,649,509,645,1534
679,234,0,0,0,5785,0,0,606,7784,277,143,1531,0,0,2371,0,1430,109,238,16261,28,23,0,0,0,0,0,31,30,3727,10113,125,270,300,62,70,259,8467,86,50,0,16404,320,6189,280,493,712,267,0,7589,94,133,18,319,15024,34,324,0,2393,12411,8178,430,722,0,0,19,214,269,25,0,2833,0,122,0,3227,276,74,490,0,264,6924,1808,39,0,409,74,596,1393,133,0,8444,0,29,33393,0,30,1946,1742,24,426,0,0,0,1012,987,0,0,494,19,1376
680,0,37,0,464,3131,471,0,1634,10387,176,26,2439,0,0,286,0,800,132,172,3170,0,0,0,0,81,2725,0,0,79,0,1338,2,29,0,130,5085,458,1367,36,0,0,6791,0,3556,601,611,177,323,119,4550,38,139,13,39,3563,260,3365,0,3927,113225,0,142,0,0,2437,64,46,6967,69,0,930,485,0,97,2933,523,287,999,0,0,10488,1729,795,34,410,2173,3516,10261,144,82,13729,0,14,50511,27,169,2322,775,0,2127,71,0,0,563,678,0,0,1920,0,259
681,0,0,0,204,153,207,0,827,7411,695,56,1512,14,0,1811,0,1930,38,273,9412,15,0,0,0,0,962,0,60,21,0,10305,23,384,307,21,723,194,8071,152,0,3,14662,1451,2183,82,91,1929,347,794,452,9,180,27,213,16044,404,1554,0,1881,17572,8234,689,0,0,542,0,80,1418,0,0,3035,161,0,0,10280,147,13,712,0,0,1084,1255,47,2,225,681,6021,1021,0,48,10073,0,14,19929,19,181,55,1250,0,236,0,0,0,1526,204,0,0,1136,0,2086
682,872,11,2463,0,2035,524,0,2005,8989,413,0,512,0,0,785,536,976,0,41,1128,0,186,0,0,3,1846,0,50,84,0,567,10,70,103,178,3713,548,3766,5,101,0,5401,0,2376,1012,214,477,482,511,3371,25,190,0,86,12533,73,1648,0,2282,128777,7729,41,2380,0,8577,0,46,1803,100,1342,1458,431,0,74,802,820,234,1521,69,151,9859,1502,258,0,127,1371,8084,7195,0,27,13426,0,6,36583,52,377,1103,953,0,718,55,0,0,0,1245,456,923,4516,55,284
683,9595,87,0,588,3575,738,0,3779,238,48,214,7108,126,0,377,905,1460,0,2742,2148,158,543,0,0,829,0,0,451,25,0,3741,0,682,19,808,3272,154,9494,1585,0,0,5277,32,329,3567,680,156,36,0,0,306,5563,0,1152,245,2274,328,0,1019,7279,563,164,0,0,222,0,149,991,10,170,24617,0,318,0,68,2161,92,147,0,479,173,5137,372,0,2166,473,443,2204,699,54,2229,0,0,1169,231,9441,0,6520,0,9647,0,0,0,343,5039,2652,586,2658,160,899
684,16,654,0,2480,5268,7954,0,17561,0,89,0,23250,201,0,38,1387,1234,1020,12,268,0,114,0,0,48,107,0,3,158,0,74,157,542,285,1164,17155,939,171,6183,0,0,612,81,6509,318,33,0,2640,1242,0,0,5650,0,2445,4398,6,279,0,570,28800,5137,545,1332,0,239,0,266,11484,0,281,576,665,0,2397,5072,1381,134,4,494,0,542,4555,63,6,312,393,369,29126,232,0,775,0,80,314,0,205,292,356,10,2929,856,0,0,3346,463,0,2594,118168,699,3714
685,168,0,0,65,1107,955,0,1883,462,436,76,9318,0,0,67,3250,5036,221,1698,52037,170,0,0,0,0,3006,0,127,58,0,14670,399,2536,1288,240,65,161,21363,615,0,59,8579,0,372,2951,478,2075,73,380,886,953,8758,134,509,584,4497,151,0,876,1044,1128,716,2513,521,0,0,117,311,0,0,57714,189,164,0,1636,836,0,644,0,1123,313,0,0,0,5600,341,285,502,174,0,2489,0,336,806,43,0,671,21321,0,7559,0,0,0,605,0,685,0,343,0,1166
686,0,75,0,990,0,7978,0,18350,1208,251,0,36687,106,0,23,4013,1752,19,75,1414,0,0,0,0,141,302,0,4,0,0,138,0,886,0,603,12001,1844,222,0,0,85,767,0,2344,323,0,204,1083,288,348,0,4315,29,1100,4374,591,16,0,558,30928,0,2424,1609,0,365,0,184,7106,0,0,692,0,0,4187,323,3341,192,328,0,0,36,1921,0,0,576,135,528,35432,63,0,312,0,134,938,783,62,0,1537,0,1685,229,87,0,0,510,0,1146,119398,1286,3954
687,0,109,0,2300,0,6316,0,14065,387,522,0,35644,161,0,38,0,1753,0,206,0,0,80,0,0,0,811,140,98,597,0,108,0,1748,124,1142,16396,902,447,942,0,0,308,1499,12206,301,0,0,306,1055,314,1845,33260,0,23107,8949,603,46,0,2049,4068,2049,858,0,0,309,0,436,14070,8,58,615,229,747,6873,0,2395,154,109,0,1813,1184,2669,14,0,495,107,206,41660,179,190,1872,0,55,809,0,29,0,1687,0,3393,3397,0,0,2553,783,2742,3206,76606,2385,4276
688,0,0,0,1705,0,0,0,11339,604,78,131,12960,0,0,56,0,2531,313,201,21671,74,0,0,0,0,835,189,4,352,0,1950,4,4577,1493,850,3113,578,391,725,429,363,1836,0,7626,0,0,449,445,0,2045,1505,18124,0,6950,1889,112,20,0,81,0,9663,0,1399,0,0,0,607,746,0,0,1210,165,333,1139,5881,366,246,13,0,1483,0,0,99,0,363,115,90,2461,320,42,1449,0,17,1632,1374,59,525,1500,0,719,0,0,0,7003,385,0,0,12637,0,7488
689,0,72,0,0,1044,419,0,3213,8648,276,0,955,0,0,323,0,1498,0,0,8097,53,45,0,0,139,0,0,543,28,0,0,0,56,0,9,3294,124,2695,38,0,0,8184,0,3138,1022,0,69,452,2424,0,51,585,144,668,19407,0,1357,0,717,41313,7862,222,2739,0,6216,0,63,6262,731,676,2557,0,0,144,6209,2586,0,1052,0,846,6086,1451,0,0,37,772,400,19768,285,71,3682,0,18,34683,0,606,0,2166,0,431,0,0,0,915,666,1922,0,979,0,967
690,0,0,0,0,523,12622,0,27881,732,0,62,13029,0,0,9,2289,203,0,49,1945,0,253,0,0,54,48,129,18,24,0,46,0,458,190,1452,9713,1223,88,0,0,0,333,0,1865,510,0,135,307,133,0,0,12086,0,0,1992,235,50,0,1602,43600,3910,197,0,0,0,0,241,7961,0,0,506,0,0,2296,0,3656,211,307,0,2603,0,0,224,0,0,130,538,36159,0,0,1166,0,21,467,0,314,0,1037,0,1028,0,0,0,7852,611,359,0,243668,0,8979
691,0,0,0,0,0,0,0,9080,580,75,0,6098,105,0,49,0,277,257,404,24616,32,203,0,0,0,966,0,0,38,0,1980,263,6877,1535,521,2449,498,436,0,0,55,211,0,9335,68,48,1219,315,0,95,2895,5755,0,4859,4837,0,37,0,864,0,413,4241,485,0,0,0,255,2038,0,0,742,0,121,0,12606,135,234,110,0,0,240,2621,34,0,967,130,80,2360,0,83,1233,0,3,1100,0,0,117,1122,0,0,0,0,0,2695,1446,0,0,15062,245,4773
692,0,36,0,0,0,0,0,1130,8140,90,0,634,0,0,578,0,1456,0,481,29905,176,0,0,0,0,4656,0,0,57,0,20087,104,473,478,15,373,659,4318,132,0,10,8903,414,1014,0,282,1991,37,0,1166,95,169,0,42,14799,328,0,0,1640,0,8019,63,4269,0,8550,0,124,0,333,0,2016,28,0,0,12712,0,294,0,0,0,0,631,677,0,538,537,1182,1327,0,0,0,0,45,37782,0,0,334,813,0,438,88,0,0,0,789,1961,542,505,7,2360
693,80,0,0,218,0,25,0,719,12927,167,157,1171,60,0,1415,309,1549,0,479,19476,8,0,0,0,0,0,0,53,121,0,9670,0,459,415,126,392,410,5508,31,0,18,16982,61,4167,423,0,9,396,371,3650,6,201,0,297,19077,231,669,0,3071,0,6709,349,1125,0,0,0,172,2151,23,0,2333,237,36,6,5481,199,72,1646,0,0,1161,951,681,30,138,264,2561,544,8,0,6870,0,70,56971,11,188,891,1119,0,808,0,0,0,4950,623,21,151,205,15,5129
694,0,0,0,29,3290,1868,0,1239,424,117,4,9199,0,0,0,4944,3617,383,973,6513,0,47,0,0,0,0,0,677,36,0,35125,1950,1728,719,1260,341,171,15392,1222,427,344,6545,27,452,2427,0,1679,150,1078,663,2214,6742,0,810,597,5988,825,0,175,3927,561,748,0,0,379,602,128,0,0,0,68131,62,0,306,813,365,60,0,0,783,361,0,203,0,6882,388,228,773,489,0,692,0,985,1251,0,947,698,17103,0,9664,16,0,0,226,5519,3740,0,64,0,263
695,0,24,2315,428,0,0,0,920,7860,116,37,473,0,0,253,0,2126,0,153,33422,29,0,0,0,0,0,0,0,66,0,15469,0,499,362,257,612,427,5729,8,105,0,10848,1565,2532,0,520,1274,543,600,490,30,131,143,280,9467,129,40,0,338,10559,7808,64,1688,0,0,0,237,0,0,0,2020,0,0,4,6457,0,116,982,35,0,3846,207,0,0,562,372,2317,1244,34,0,3182,0,11,35939,0,0,219,355,0,310,0,0,0,1026,377,464,604,588,0,1752
696,0,10,0,77,0,7488,69,340,312,0,0,12331,0,0,779,0,3481,302,3145,107047,2717,0,0,0,0,6693,65,405,117,0,15188,7036,4676,1383,0,596,258,27625,0,0,938,8000,9,631,197,82,494,184,0,377,1929,4961,0,194,384,10696,175,0,442,1475,1056,676,0,0,332,0,291,90,56,0,46771,148,65,0,926,111,61,0,0,127,342,3267,333,0,2628,180,105,214,0,0,1996,0,0,1182,0,0,0,10846,0,5736,97,0,0,0,8841,1069,797,794,0,1002
697,20045,139,0,0,0,4000,0,1981,35,505,0,7264,337,0,582,1235,2726,0,0,0,1190,0,0,0,781,2425,0,0,18,0,11406,0,666,448,505,1577,209,18091,0,0,0,13400,0,295,4000,0,257,111,275,0,659,3987,84,297,968,11807,471,0,516,7844,265,288,0,0,389,0,644,1496,0,0,13424,354,400,1296,285,1808,22,1038,0,0,14,2837,265,343,4785,139,320,1598,556,103,2688,0,206,1533,28,0,0,10195,0,2803,54,0,0,0,14128,778,1036,5042,718,207
698,830,0,0,319,0,3294,0,14726,998,101,53,21956,0,0,81,2117,2029,1973,189,28153,0,0,0,0,0,888,173,0,211,0,1379,32,4831,766,707,937,368,483,446,1308,0,1286,0,4370,49,0,1166,192,190,0,2241,10437,0,15164,4013,108,27,0,796,6846,5957,1056,17,139,19,1677,495,273,0,213,1380,242,88,0,7199,168,85,66,909,0,695,6126,11,0,241,80,290,3826,224,0,1205,0,47,387,954,0,187,1360,0,533,0,0,0,8277,268,394,0,11922,0,4950
699,0,5,379,858,7523,109,0,1307,5265,0,19,2080,0,0,596,0,1503,201,485,16871,8,229,0,0,50,2346,0,57,57,0,9897,84,405,238,4,607,311,8270,7,95,0,9098,609,2927,137,149,799,223,0,2051,104,259,0,193,15298,239,512,0,992,0,11567,606,0,0,1691,0,150,0,78,0,2231,460,0,0,9095,152,34,2071,237,0,2950,520,314,13,37,707,1871,255,242,0,3813,636,21,32823,10,0,1955,745,23,346,40,0,0,657,0,0,39,403,6,2533
700,0,19,0,0,4414,186,49,2036,0,692,121,198,0,0,449,5834,404,269,0,4163,0,0,0,0,30,781,0,323,14,0,0,14,44,0,146,1375,422,1512,77,165,0,22017,0,1534,294,793,35,222,300,2044,58,151,90,0,24789,287,0,0,1200,92752,4781,678,0,0,7613,0,357,2501,0,1403,878,0,0,18,0,1513,41,105,0,1936,16593,3610,1591,0,54,778,15013,11731,201,0,26575,0,60,50983,235,1577,1239,730,0,689,0,0,0,1511,2252,0,0,3377,56,577
701,489,0,26,1365,119,0,0,6062,915,0,35,10219,165,0,71,0,653,207,1147,18130,39,0,0,0,0,652,0,4,148,0,1463,403,10754,888,670,2409,768,320,766,383,0,879,28,3990,119,0,1427,1169,504,684,8076,16618,18,18110,2451,133,0,0,621,3262,13072,545,280,0,0,0,490,0,0,130,484,559,0,256,10463,348,75,189,0,841,0,796,62,10,233,12,101,10094,96,0,1117,0,34,232,0,0,0,1376,0,268,1063,0,0,678,363,164,0,8514,0,2781
702,1516,7,2468,129,618,0,0,742,558,16,5,11108,0,0,276,7094,3736,0,2377,8341,632,0,48,0,0,1054,67,45,25,0,33300,2053,6166,2082,194,632,86,13413,0,92,0,3010,52,329,1295,392,2486,29,1290,0,1106,4743,13,184,1056,2375,497,0,277,650,1298,354,1262,0,67,293,235,1076,111,116,42094,307,0,214,1980,1189,25,156,0,1048,53,0,121,490,2147,126,56,394,0,16,2391,0,440,1260,0,1530,511,18189,0,9181,146,0,0,0,1280,0,959,0,0,980
703,667,0,0,0,1863,0,0,10115,342,0,0,7858,0,0,67,3296,672,171,187,7647,142,0,0,0,0,0,87,13,204,0,1943,354,5839,1396,0,3725,428,442,561,694,0,1688,871,8392,149,54,1533,1042,118,104,0,18453,102,0,7831,524,36,0,1115,0,11525,1089,0,0,118,0,1211,647,0,592,1069,0,0,0,10111,268,32,0,0,0,0,786,0,0,92,87,12,2807,351,0,378,707,0,241,0,0,0,1726,0,0,0,0,0,4763,364,0,0,10000,0,2895
704,0,22,0,604,0,0,0,1280,1697,701,0,569,40,0,278,2022,949,91,60,1505,0,0,0,0,65,0,0,73,69,0,1637,37,61,38,240,3116,551,4290,115,0,25,34868,0,978,370,0,177,410,220,777,81,189,68,142,15297,0,478,0,3665,10004,3964,245,1324,0,6945,0,210,2132,130,419,2174,866,939,64,0,1379,0,560,0,197,4492,0,278,0,102,675,9098,5485,97,0,3212,1191,75,48404,72,1117,1704,1486,0,1549,237,0,0,0,157,1066,0,8946,11,0
705,0,0,0,132,3380,121,0,2316,381,0,256,5885,53,0,420,1648,2064,262,5047,16664,480,0,0,0,0,497,42,0,0,0,12237,7904,2188,1394,383,1476,115,23025,382,105,0,7472,56,603,3419,0,2590,20,0,150,0,8332,0,276,714,13459,189,0,722,1649,1556,2588,1520,0,564,0,93,476,22,629,33582,0,0,0,1079,1565,0,0,147,113,92,8375,179,0,2184,442,202,744,50,0,1244,0,0,511,273,1185,98,1852,0,3199,105,0,0,1369,14428,0,661,409,518,1105
706,0,29,0,1195,572,8804,0,17415,1779,288,101,35454,170,0,20,6065,838,0,194,3578,0,0,0,0,964,456,0,0,0,0,513,46,695,0,258,9020,876,289,3129,0,0,1375,1169,29720,494,0,208,2911,0,0,351,10295,92,11497,6662,349,44,0,2088,25754,1410,0,0,467,79,0,427,27325,0,345,943,66,0,0,4022,1497,117,115,0,8660,817,0,57,0,352,87,627,21992,51,0,665,0,44,460,1520,60,0,3126,0,91,1521,0,0,1682,179,4060,166,118898,1291,1598
707,1206,43,0,0,0,13975,0,15072,1204,242,60,6592,0,0,9,0,825,0,341,11483,0,0,0,0,0,0,154,51,296,0,2327,99,6920,521,684,1764,662,260,0,1306,0,690,852,19988,300,0,317,975,0,81,1970,4516,0,26148,4011,51,0,0,766,3732,4389,819,0,0,0,0,455,2618,0,308,1105,153,1626,0,12301,345,142,58,0,1822,224,1650,0,0,699,128,270,11216,0,0,766,0,45,89,148,0,1026,1722,0,0,0,0,0,827,179,2117,4933,8005,0,3342
708,0,0,2654,88,417,0,0,3340,463,267,270,5883,0,0,229,743,4347,327,6249,64787,0,676,0,0,1420,6256,0,0,28,0,25823,7032,1755,986,92,1596,166,14723,0,0,319,6952,52,431,2944,838,912,9,0,1296,2347,3162,0,525,0,9160,670,0,793,2454,899,1044,0,0,0,0,49,631,103,513,37203,0,0,294,321,1566,63,54,133,7419,0,848,171,0,3802,242,156,1104,143,0,1594,0,471,837,0,1442,200,11208,0,0,0,0,0,937,31195,0,0,528,187,1285
709,6731,0,0,1216,9669,0,0,1648,6395,0,0,411,0,0,461,91,999,46,434,18555,5,0,0,0,53,2064,0,0,38,0,9374,53,208,269,0,1843,450,5658,0,69,42,10880,0,1492,480,369,992,781,1249,1635,0,107,0,198,11762,365,0,0,641,30284,12059,98,0,0,15272,0,108,2143,0,0,1634,282,303,27,3373,663,287,126,0,216,3015,954,430,0,314,1637,1903,6958,97,0,6049,0,8,8755,16,0,0,387,0,57,0,0,0,619,2196,794,180,239,35,454
710,0,20,0,0,1120,4425,0,1615,194,153,56,3045,0,0,86,5955,4675,0,1603,37260,3152,0,0,0,0,11092,0,0,10,0,34022,8410,2625,372,673,1093,154,29712,0,229,0,14438,0,650,2778,0,1264,38,0,0,0,5765,0,24,584,12112,0,0,450,3511,1159,1616,604,0,73,537,62,578,0,216,25056,0,0,150,978,1878,42,0,29,0,112,1861,678,473,4457,302,281,1385,0,0,0,0,0,45,0,0,527,19920,0,9095,0,0,0,573,57910,2145,205,6,171,2069
711,18868,0,0,0,216,0,0,2864,328,146,0,3986,0,0,888,2208,4285,0,2305,43596,0,0,0,0,0,398,0,0,78,0,26452,7656,1840,640,322,2006,165,30173,767,0,0,5929,82,439,2940,1360,931,12,1011,957,0,9987,0,0,1210,3885,327,2856,474,1203,866,3648,0,0,0,0,81,0,0,0,58598,98,0,405,769,746,42,563,0,0,0,0,487,0,3090,424,667,615,0,0,594,153,0,518,0,6047,225,10125,0,5526,628,0,0,0,8592,0,177,395,0,939
712,0,9,0,298,8734,151,0,530,7521,145,123,1367,11,0,1406,979,1792,0,331,15518,0,0,0,0,0,2385,0,0,49,0,676,17,168,41,67,2150,542,4267,3,0,0,15313,0,3960,303,1238,2038,553,93,6230,200,226,0,723,6991,353,213,0,1698,27578,10360,113,85,0,3446,0,95,278,0,233,1735,142,304,140,5468,807,0,392,0,42,2680,549,0,15,160,469,2259,6488,52,0,4946,359,20,33608,0,242,158,1263,206,715,0,0,0,0,1133,0,438,193,46,2995
713,0,9,0,0,2556,9573,0,13731,983,781,14,3151,0,0,82,3714,2401,476,329,19966,0,474,0,0,0,0,0,8,182,2478,1025,145,4650,411,188,1114,668,328,0,787,276,300,354,9017,208,0,732,1733,596,1299,5724,8390,0,26064,5462,90,124,0,141,0,4869,766,588,0,0,0,385,0,49,249,469,1212,0,3630,1511,575,205,14,0,804,313,1828,27,0,143,237,264,21804,389,0,590,0,37,264,0,0,56,1003,0,2003,687,0,0,0,223,0,1772,5551,386,6400
714,1657,30,0,72,3735,668,0,1407,572,123,0,6641,128,0,380,0,4984,618,5390,18410,237,0,0,0,686,5712,18,601,21,0,11430,0,1691,428,315,1017,286,19363,276,0,0,6556,0,342,1249,0,1165,88,0,735,141,6435,94,473,299,5447,479,0,1202,4530,796,324,677,1406,586,0,90,118,14,0,48676,240,70,117,841,1533,50,900,27,0,43,0,0,0,4739,600,168,786,201,0,4580,0,293,426,0,1467,0,14328,0,2575,0,0,0,972,12073,0,35,691,63,1760
715,0,0,0,0,399,1539,0,891,515,0,242,7138,0,0,619,0,4558,719,2947,16896,0,0,0,0,0,0,0,0,66,136,9452,3224,2945,0,0,566,286,22174,0,0,0,14765,99,645,732,925,2098,173,531,633,787,10969,0,348,1008,4174,88,0,1174,6073,710,1047,0,0,1520,0,186,457,20,0,27603,0,0,215,1314,968,36,211,0,308,44,2872,0,395,2102,832,356,1672,0,0,2202,0,403,849,0,0,0,12827,0,2968,0,0,0,0,28237,0,241,502,0,1379
716,0,182,0,1839,488,0,0,15397,0,685,25,15251,0,0,113,0,1325,646,16,2478,0,39,0,0,1057,315,0,0,107,551,129,243,595,62,1156,10700,1444,509,0,0,0,1114,358,14263,93,344,17,0,46,320,0,16234,122,23610,5308,276,0,0,1070,22895,2282,1608,523,540,871,0,239,13896,0,300,2094,488,557,3774,2215,1070,137,30,0,6460,654,357,109,129,382,0,536,12356,0,30,1722,0,26,935,1113,0,0,3059,0,949,273,0,0,0,1642,0,1243,147707,398,2569
717,0,96,0,0,0,234,0,886,0,232,58,1379,9,0,1600,2839,981,0,100,6914,0,0,0,0,61,0,0,102,57,0,450,0,43,78,217,3123,556,7272,0,0,0,22452,0,3559,1052,0,306,774,0,0,30,285,0,0,7945,245,2070,1233,2867,71586,3029,644,0,0,5798,0,21,2005,340,0,1590,0,232,327,719,222,394,0,0,1173,6839,2604,0,170,199,849,6557,6907,0,0,8782,0,70,12826,89,342,5766,1296,0,421,0,0,0,247,942,0,1003,4180,0,1478
718,0,0,2154,0,4782,9451,0,1503,546,0,0,4630,1015,0,170,1915,3034,0,1430,12485,373,49,0,0,0,6235,0,0,30,0,13220,3225,3017,1130,94,1509,194,14269,405,0,0,14159,27,80,3449,0,1881,168,2878,0,0,5077,76,298,589,9156,328,0,841,0,806,1051,0,0,107,0,177,734,6,0,42515,0,53,1009,1724,1503,0,179,0,258,138,2621,0,1403,4245,280,199,691,244,0,1540,0,228,308,0,881,1360,18952,0,4016,0,0,0,273,16275,69,320,571,0,1340
719,2697,0,0,1287,210,184,0,805,1159,704,0,931,0,0,265,0,2224,134,325,5230,63,60,0,23,0,0,0,89,224,0,960,0,46,51,135,2164,193,5528,128,0,0,13926,0,1650,146,0,286,548,378,823,0,168,22,638,8032,297,1110,0,1328,4357,1175,223,1383,0,5138,0,18,1471,0,2364,1208,68,0,50,5880,1301,493,208,0,613,7201,0,254,0,76,860,6517,7337,98,434,4755,0,41,20603,40,978,581,879,0,323,336,1113,0,4388,1449,974,0,7502,29,2463
720,344,0,0,0,2445,0,0,8121,764,352,26,28934,0,175,41,2430,1403,0,402,14476,34,134,0,0,0,0,0,33,225,0,412,161,3218,46,952,4127,1552,305,1435,0,0,584,267,10878,251,0,1042,1367,151,0,4108,25813,0,19319,931,213,15,0,1177,7600,18024,2186,528,314,0,0,1041,23210,40,0,439,0,0,4511,5206,2316,106,8,0,0,1650,6423,78,48,286,391,56,6557,498,0,235,0,22,0,0,274,333,1991,0,7771,0,77,0,7473,1688,0,2056,17478,577,4142
721,0,0,0,741,0,4815,0,32835,0,936,0,37922,0,0,54,336,2167,1290,187,3276,0,0,0,0,26,0,0,0,1118,0,96,17,781,279,2396,11069,1367,536,0,0,0,366,135,8394,224,248,0,1396,0,1205,0,20564,170,1447,4169,859,28,0,2248,9959,1361,1475,0,0,614,0,146,8911,152,0,852,1066,1663,9565,2676,3476,43,113,0,4202,827,1703,132,289,0,0,379,20198,425,47,230,0,25,78,0,0,0,1699,0,1838,156,112,0,0,514,0,16892,54783,0,10948
722,0,0,0,0,0,757,0,3654,160,88,147,424,0,0,1203,3233,1141,0,391,14851,1047,0,0,0,0,0,0,0,0,0,20465,1191,4882,1101,474,797,112,8609,0,150,384,10544,99,209,275,681,3876,247,875,1190,649,6049,23,0,638,3287,193,0,244,0,1256,1195,0,0,707,0,55,55,15,0,13221,190,0,0,1026,1099,48,618,0,1975,168,1305,341,0,3264,531,277,1066,660,34,1287,0,0,382,0,0,1664,10835,8,4264,0,0,0,24,12859,401,127,682,423,1575
723,3224,32,0,816,4346,8739,0,1514,289,0,0,2838,414,0,288,0,1435,448,1549,39905,0,0,0,0,0,3804,0,580,45,0,16693,0,1396,1035,973,1387,257,4681,0,52,0,10144,9,377,2418,199,2299,91,0,654,2870,5730,0,550,365,4050,702,0,698,0,733,0,0,0,0,0,87,0,0,625,30775,119,36,794,1034,600,22,499,0,2604,59,0,916,1453,2383,441,456,1476,577,0,850,0,255,65,0,0,0,9662,0,4795,117,0,0,74,5681,1584,88,174,124,2269
724,0,37,1189,293,145,267,0,2390,169,115,112,7641,0,0,428,0,6063,2176,1756,12266,0,381,0,952,0,3108,0,161,6,0,21071,5426,3564,992,224,1511,322,15816,723,0,266,2080,0,280,1160,0,1712,228,550,143,185,3872,0,0,92,12490,221,0,734,1185,895,608,0,0,0,0,136,1051,74,1474,22990,0,53,236,1590,1758,35,2315,28,471,375,244,0,0,1013,622,92,1188,673,17,1807,0,39,512,114,0,796,5504,3,3297,0,0,0,914,9845,972,0,363,245,1801
725,0,113,0,69,0,2288,0,3250,318,154,181,5737,0,0,204,0,4765,0,1326,9046,946,0,0,0,1422,0,0,0,51,0,10486,17641,4113,3076,0,570,644,11180,0,444,0,17686,43,318,4209,128,916,247,920,1022,1793,9159,0,758,753,1859,1237,0,1375,3237,1672,219,830,0,805,0,302,0,37,1688,15186,59,33,199,977,2864,23,1303,54,4733,0,0,538,0,3057,276,436,1220,500,99,466,88,0,270,109,0,801,11929,0,0,0,809,0,391,53,0,654,472,787,502
726,598,0,3945,718,1934,611,0,1741,12359,0,0,1271,0,0,23,331,1626,0,802,18429,60,0,0,0,0,5816,0,39,0,0,5791,25,264,343,0,1415,234,2093,0,0,0,9997,0,3809,854,127,1889,1230,2921,0,0,258,0,262,10456,170,0,0,1004,39209,14760,472,0,0,8193,270,376,270,0,0,2945,0,0,13,7203,448,0,1301,0,0,5260,0,0,0,462,372,1885,331,12,0,10663,0,102,2945,0,0,0,1175,0,0,0,0,0,6964,459,0,0,1478,127,2297
727,0,0,0,0,0,1357,24,1726,320,25,102,9460,0,0,489,0,1053,0,805,42459,739,74,0,0,0,0,0,0,34,0,23114,303,3380,515,941,692,118,18424,497,0,269,7530,63,88,0,0,1904,111,1264,666,626,17130,36,208,271,0,121,0,296,5590,1591,858,0,0,0,0,54,962,51,0,15161,53,0,252,1166,2211,66,71,0,526,297,980,40,51,1440,359,229,1951,122,0,1467,0,381,138,13,0,540,4924,0,1893,0,0,0,0,15655,0,417,315,350,2204
728,2224,63,0,49,3970,90,0,2278,1606,155,0,3303,0,0,0,0,1191,227,0,3927,0,0,0,0,552,0,0,0,48,0,237,0,119,0,0,5351,418,1394,136,0,0,22953,0,4024,965,481,194,340,2332,0,69,321,0,192,10291,0,0,0,1342,45039,0,0,0,0,2823,0,0,1168,0,0,1814,0,255,15,2742,1538,59,1931,274,543,19149,0,0,0,0,0,2618,8254,0,21,15926,0,0,32301,0,0,0,1362,0,2826,662,0,0,0,375,2635,492,1994,52,3461
729,303,0,0,1565,0,4040,100,27712,1227,0,30,34302,0,0,8,0,632,0,272,8496,281,0,0,0,0,0,0,16,25,0,1187,0,5459,794,0,5784,725,314,0,680,0,757,0,3990,148,0,1667,1266,683,1137,1482,14257,230,8834,4359,183,184,0,148,0,13731,1120,0,0,0,0,356,8507,72,0,682,0,0,0,5828,1364,32,49,0,3623,938,723,122,0,120,166,569,21098,218,7,1819,1611,92,139,0,0,931,1301,42,734,155,0,0,2399,1109,0,0,6508,244,5391
730,0,26,0,0,4031,3472,0,17112,1947,0,0,27460,0,0,22,3753,732,735,184,18770,1,0,3,0,0,1126,0,0,264,0,1446,25,3530,581,0,6186,2149,134,1914,0,0,50,65,13705,266,0,781,44,134,527,0,2310,0,583,2821,82,0,309,331,3972,5772,376,0,0,272,0,619,0,0,305,454,291,0,1503,1767,1028,128,94,0,3376,464,693,19,136,286,172,193,9942,76,31,1179,0,48,31,0,0,659,1271,0,1998,349,0,0,1239,109,0,13236,4539,0,7435
731,0,0,0,0,0,0,0,3162,0,0,48,29947,0,0,0,2251,56,608,0,4451,0,0,0,0,555,1690,0,27,0,0,441,208,578,209,1822,13746,172,186,349,585,0,2203,0,7538,298,0,217,1331,0,442,0,7676,264,0,3781,269,331,0,2611,5831,3564,0,0,0,151,0,709,7663,0,0,1351,0,0,4038,820,4221,355,126,0,23265,5481,4350,0,0,550,0,1595,37090,0,194,2055,2953,78,273,0,308,0,2911,0,1805,0,0,0,0,1123,9405,7986,26721,1089,7585
732,0,0,0,0,428,7976,0,1828,554,48,0,10696,292,0,231,0,3045,1749,245,32495,538,0,0,0,0,5968,0,821,31,0,17899,997,2083,1120,205,1317,268,5315,1161,210,0,5356,88,226,3878,1234,1276,43,0,279,2358,19208,0,207,630,4214,447,0,777,0,1278,532,0,0,378,661,202,0,0,0,17864,0,0,0,1124,776,114,282,254,2999,671,0,0,2747,3893,606,871,819,0,0,2658,0,544,1521,0,4180,19,14135,42,7021,198,0,0,1797,26253,0,0,233,157,1020
733,0,0,0,2516,264,0,0,23099,1199,441,0,10985,0,0,99,0,271,0,290,13040,60,44,0,0,0,585,0,16,845,0,1032,39,3972,1042,257,4258,1417,223,995,168,0,1523,0,7673,74,0,0,1317,114,120,0,10197,0,31475,6388,0,0,0,488,8241,9499,1121,0,0,138,0,585,1962,83,0,839,0,0,932,3120,1231,112,0,0,3729,0,861,0,0,81,242,142,7018,8,61,3036,0,17,659,422,0,0,3325,0,529,0,0,0,4992,1999,0,0,50499,0,11223
734,0,0,0,0,0,0,0,7297,690,346,0,2087,0,0,36,0,1771,0,131,32578,49,39,7,0,0,0,0,22,0,0,1460,121,5375,363,1061,2312,1280,313,0,0,0,598,623,12617,54,0,465,485,938,429,0,4920,65,12014,2501,280,339,0,257,42982,10549,2961,0,0,0,0,322,7330,0,0,250,86,92,2876,7513,1624,272,101,0,2084,605,0,73,84,147,90,246,4721,64,71,1589,0,169,654,3623,0,1226,373,0,1952,694,0,0,0,64,0,1005,4844,302,10851
735,0,0,5848,71,0,0,0,2977,319,390,18,4011,0,0,449,0,1869,279,3140,76167,134,355,0,0,0,12151,0,0,5,0,8958,2272,3596,833,405,2052,66,9405,0,101,0,5466,0,155,444,267,2555,93,278,420,875,9249,0,573,1240,2491,495,0,590,1445,1282,989,0,0,0,0,218,136,37,0,21479,284,0,329,1484,705,78,1396,0,2052,0,6298,0,0,1619,1779,335,584,0,0,2404,0,58,627,48,0,0,11971,0,7022,0,0,0,1630,17913,3504,693,486,125,1101
736,1491,0,0,0,0,0,0,3428,536,0,182,6937,307,0,544,116,2801,466,1984,69354,0,210,0,0,0,0,0,99,86,0,9908,6010,3118,1330,205,1196,284,14485,230,290,0,7113,10,422,775,0,1183,123,1326,1064,0,15204,0,0,214,3162,834,0,135,4295,1028,2356,1547,0,0,0,201,117,0,286,22192,0,83,0,956,1108,8,1111,0,1060,829,1285,258,0,1318,1081,737,1348,565,0,3585,0,466,1200,0,1869,0,13447,31,5247,122,0,0,0,2480,3077,25,720,569,1529
737,0,0,0,0,2653,773,99,5200,378,0,0,5471,0,0,256,0,4883,987,1822,34799,0,0,0,0,0,0,0,0,26,0,10714,0,3365,2956,5,1074,357,6895,1063,0,0,10851,16,198,2422,292,1387,94,265,45,567,6380,0,729,722,9559,643,1370,1199,3013,565,0,0,0,0,0,8,84,0,0,21386,57,0,195,1966,528,0,73,0,1243,0,0,329,0,2775,653,336,1211,221,118,2313,0,67,1203,252,0,760,19565,0,16296,0,0,0,231,36745,4124,327,2045,120,0
738,0,10,0,1603,335,0,0,2059,9662,703,0,1376,37,0,57,0,532,114,309,12645,39,0,0,0,0,1506,167,0,90,11941,11377,0,339,323,52,920,147,2350,0,242,0,0,0,802,122,66,971,161,264,881,47,0,0,99,6218,78,357,0,845,0,10463,39,0,0,5437,0,161,1647,340,2699,802,0,0,0,6251,91,255,362,0,465,6345,379,0,0,302,1760,16732,3952,100,50,3589,0,48,59186,0,0,0,218,0,208,0,0,0,0,2155,0,0,2193,154,3425
739,0,0,0,97,1608,6126,0,2383,375,458,293,5945,292,0,342,0,1836,751,88,0,0,0,0,0,1445,0,0,20,183,0,3042,1095,495,401,397,2347,222,33584,0,0,0,9056,0,419,3211,1378,448,104,55,2575,1390,11668,0,906,636,16521,0,0,1892,0,144,2003,1869,0,0,0,236,294,0,0,69672,49,36,0,456,1937,0,157,0,0,389,0,0,0,1322,321,557,2739,0,0,985,0,0,1154,0,0,1441,19112,0,10423,0,0,0,0,13751,0,0,2307,1912,709
740,10447,0,6900,316,366,0,0,2508,126,0,0,8637,0,0,101,6898,5550,0,3344,29803,451,0,0,0,0,1840,0,421,0,0,20687,4519,5641,673,803,451,199,7308,0,0,0,12535,76,581,2192,0,893,13,0,254,507,1542,91,597,868,0,421,0,1092,0,1184,2947,0,0,127,0,281,137,13,1048,34310,0,411,0,637,319,154,570,0,3171,220,0,399,0,2283,561,405,1452,193,0,3361,0,0,933,0,23485,0,15155,0,1061,0,0,0,231,14332,1351,5200,1247,1628,561
741,0,0,0,312,187,0,0,3525,412,0,0,3953,0,0,66,0,2836,0,1753,41556,1884,0,0,0,0,1540,0,367,26,0,15146,0,4395,1588,146,446,259,21498,0,0,0,3367,93,182,791,0,787,91,85,1104,0,10182,0,1190,468,6493,0,0,1077,0,1140,0,0,0,776,0,154,354,0,0,36448,0,335,0,2165,1218,0,0,0,2706,0,4680,384,0,2820,107,483,374,0,0,3447,0,0,844,0,0,216,12780,0,30577,0,0,0,580,22903,0,0,716,0,2414
742,0,99,0,0,120,1478,0,2416,203,381,125,4857,0,0,517,1976,10692,0,272,3786,443,69,0,0,0,220,0,0,15,0,736,1131,449,757,1000,376,200,23117,0,407,0,12522,25,229,1535,188,131,121,556,1815,0,6085,0,492,1021,7033,56,0,1544,7992,528,1551,954,0,52,0,131,0,28,1154,42032,0,104,712,258,1666,81,153,0,1356,1370,0,174,0,12256,804,902,2596,50,49,1239,0,682,539,0,5664,64,9388,0,7826,66,0,0,0,6204,439,97,4682,1236,479
743,0,0,0,176,8166,0,0,1268,3406,0,28,1170,0,0,1347,0,1443,0,146,7210,0,0,0,0,89,5677,17,111,67,0,4075,71,390,13,0,1178,218,2791,0,1705,18,5793,0,1590,158,0,2422,285,0,2329,0,45,173,196,0,258,766,0,634,0,12605,260,1995,0,3257,0,212,1112,291,259,517,199,0,0,1455,381,501,177,81,0,0,785,1091,0,227,0,4012,2096,73,181,11960,0,29,17225,400,0,33,519,0,541,0,0,0,0,1033,0,471,2342,0,5105
744,0,0,4466,549,24943,437,0,1312,11325,303,79,3037,0,0,591,0,989,32,556,6387,0,0,0,0,0,9548,0,188,0,0,5632,0,485,255,19,327,724,2269,0,1156,0,2999,1895,349,213,0,1513,648,2207,0,301,211,0,202,11408,0,4227,0,711,20663,10954,142,1323,0,0,0,31,1091,0,0,1240,1121,0,0,0,415,243,8027,0,0,0,0,352,0,234,270,3877,1819,0,0,21395,0,38,7128,0,0,0,639,0,1512,0,0,0,296,856,0,430,348,0,1146
745,145,0,0,2113,2919,0,0,17418,723,377,0,18661,0,0,16,2810,571,0,88,8771,167,0,0,0,0,0,105,0,453,0,1708,193,3300,753,832,5041,549,325,0,698,0,160,1184,8024,26,75,1036,1799,0,0,0,18177,38,16662,2747,234,67,0,2963,4529,10890,2548,0,0,0,0,349,4919,131,152,351,0,0,2374,1432,1081,307,107,0,0,683,2795,32,0,92,84,480,8381,660,37,2262,0,117,297,0,0,0,1407,204,3501,1201,0,0,1376,615,0,982,20559,0,5721
746,2870,0,0,2785,149,21718,0,20411,529,298,0,24548,0,0,20,3054,358,0,259,17491,389,0,0,0,0,262,0,0,45,0,1417,105,6656,727,10,4492,2074,206,0,63,0,115,394,0,137,0,1625,1955,0,779,850,5643,0,3574,1612,0,613,0,192,19069,7233,0,2237,0,0,0,133,12685,161,0,746,0,0,6815,6679,1260,371,11,0,3506,206,1554,0,0,913,380,8,3307,0,0,488,0,167,377,0,0,0,171,0,5643,0,0,0,0,1055,0,0,16287,206,4284
747,1743,0,0,0,2696,159,0,1139,8036,439,113,2419,0,0,1525,0,2176,0,167,12572,0,0,0,0,0,8657,0,0,0,0,6949,0,330,253,0,1320,915,5228,208,0,0,8268,0,1772,601,0,1060,1894,259,1147,42,263,0,0,12692,95,880,1045,324,0,14736,0,0,0,3935,0,153,0,1109,0,644,594,0,59,14379,0,725,0,0,807,4657,70,0,10,307,1834,8164,2244,0,0,21699,0,70,6411,0,0,0,2062,0,992,747,0,0,788,2789,0,0,773,0,92
748,0,0,0,676,13632,371,0,1185,12099,0,0,1040,0,0,638,0,2140,333,376,8140,154,0,0,0,0,1763,0,0,0,0,5544,0,387,13,95,124,244,4762,0,179,23,5493,0,0,115,0,1061,557,1640,3927,109,117,0,0,6306,185,1037,0,1307,7377,11172,0,0,0,4213,0,22,3133,212,0,884,416,1349,50,18654,728,172,2380,0,200,0,941,0,0,246,529,3742,1936,0,13,10253,0,0,17428,49,0,1433,871,0,758,0,0,0,0,502,9973,372,327,0,5591
749,0,0,0,251,0,1041,0,1231,683,162,172,2617,0,0,857,352,3368,0,3359,26908,6068,0,0,0,0,568,111,165,0,0,23504,4275,1981,1088,647,595,201,12658,1064,146,0,6163,0,765,2611,2663,2706,133,472,275,633,1976,0,29,472,987,487,0,318,0,952,865,669,0,744,0,210,140,12,0,27162,334,0,0,720,524,22,1247,0,0,202,0,355,1652,2338,1047,262,835,213,48,937,0,2494,387,0,4444,325,19843,0,12426,0,0,0,845,11622,0,278,281,0,1798
750,18759,0,0,0,1621,0,0,1799,750,0,0,2469,283,0,99,0,3972,206,522,95559,0,0,0,0,0,3197,99,767,45,0,9419,2515,1836,866,0,597,195,10823,675,0,0,1769,205,88,5958,4232,2483,102,0,0,167,5051,0,167,294,2526,576,0,0,4285,404,538,0,5793,1921,0,172,0,42,0,34294,719,0,0,1023,1178,82,787,0,241,136,2561,0,0,390,549,638,504,774,0,4076,0,592,675,0,3563,0,13987,57,0,0,0,0,0,0,2847,897,477,0,947
751,0,0,0,581,2192,3095,0,1363,0,325,45,3792,59,0,0,517,2268,0,141,0,322,0,0,0,0,3665,0,208,37,0,3499,0,795,355,254,1710,221,8897,286,0,0,9673,0,941,5165,854,351,78,1119,287,492,10224,80,333,471,7297,77,0,13,0,562,400,445,0,464,0,0,0,14,192,54171,0,0,125,140,1423,95,112,487,1398,508,0,418,0,5319,115,148,973,31,0,3097,0,361,148,0,8074,0,17640,0,0,233,0,0,117,35055,5,560,11069,0,527
752,3726,76,0,12,0,9193,0,2052,297,0,103,7655,184,0,627,2144,7960,718,575,16444,0,433,0,0,0,1611,0,800,69,0,3275,929,576,23,0,2485,288,23822,1403,111,0,7127,0,555,3538,1467,474,268,1513,0,269,9601,0,107,1285,10313,1359,0,375,6120,639,1730,0,0,0,0,90,469,65,489,54910,94,0,37,84,993,81,664,43,4594,1159,0,202,0,4554,221,862,2647,76,11,1757,0,279,913,88,0,1064,14923,0,0,139,0,0,328,30562,564,0,2278,0,470
753,0,0,0,1847,0,160,0,1468,17403,1012,0,530,0,0,488,0,1354,0,479,8610,27,282,0,0,0,1017,0,69,104,0,4570,306,531,108,76,568,548,3684,21,0,4,7531,739,2230,142,158,372,312,1429,0,139,152,0,759,23433,195,1811,0,0,9328,15892,340,115,0,0,0,230,2338,181,43,2099,1421,0,88,6614,0,548,103,0,0,5158,583,156,0,56,770,9227,1596,259,50,18286,0,45,13068,151,0,0,1464,406,1399,0,0,0,3947,2355,884,373,681,39,2581
754,0,0,2258,404,1344,5080,0,1407,629,178,396,6007,0,0,224,1718,2903,0,5044,32911,0,0,0,0,0,0,0,625,21,0,7918,3535,2813,542,0,765,232,8375,0,505,0,12195,15,43,824,662,2500,88,1120,533,0,5892,0,111,332,0,0,0,982,0,1884,187,1414,0,2291,0,180,1021,69,812,31593,0,200,73,471,0,276,232,0,2096,463,0,888,0,1146,369,774,440,1366,0,553,0,1857,322,0,0,127,5022,0,8869,0,0,0,1099,20879,739,2594,59,0,658
755,0,13,1808,182,2827,836,0,969,0,0,81,1737,25,0,1074,471,1923,0,33,0,0,0,0,0,0,4826,0,142,47,0,1264,39,50,3,152,2297,340,5051,32,465,0,15447,0,152,534,174,115,1261,1041,6453,57,143,0,406,8868,59,897,0,1420,51025,4958,375,3995,0,0,0,139,2582,96,0,2582,982,0,137,1409,1007,563,1795,0,274,9222,1019,0,0,290,196,15241,8048,0,0,8297,0,17,39931,210,275,0,1216,162,0,166,0,0,133,1093,203,651,987,0,3259
756,0,219,62,5921,4448,4146,0,3699,1119,0,0,14976,0,0,0,2804,2262,489,205,4716,0,0,0,0,0,923,268,7,552,0,2739,13,4057,400,3023,514,171,277,1224,0,276,146,0,973,9,0,1227,2409,0,510,0,3038,0,3126,2665,211,26,0,0,6416,8998,746,0,239,0,0,54,4479,20,230,736,457,559,0,6996,468,66,96,290,0,0,0,12,31,83,217,310,2788,272,20,1158,0,10,92,0,0,593,2468,0,1823,360,0,0,1369,1478,3763,2159,27191,0,3422
757,0,151,0,0,3155,9011,23,6576,431,0,212,6141,0,0,126,686,2105,457,176,4699,280,0,0,0,208,258,0,0,0,0,145,82,1856,38,664,3179,665,539,1517,0,109,1112,923,2973,387,0,243,1153,723,674,0,13100,0,11075,3343,392,184,0,1128,9458,926,5207,280,0,0,0,290,0,76,0,1801,386,107,0,2475,736,136,131,0,0,529,2679,0,0,503,148,604,7088,119,0,764,0,30,541,0,0,403,1605,0,0,0,0,0,0,576,0,0,181563,0,8691
758,0,0,0,730,0,264,0,1518,0,205,35,1030,0,0,2368,2089,1564,0,249,1629,17,0,0,110,0,368,0,243,110,347,1858,0,71,116,183,2090,370,7206,0,0,0,9592,0,2752,1384,350,182,564,554,7867,59,206,0,308,11955,67,1760,310,2029,53224,6906,605,1249,0,0,78,133,0,518,0,3020,452,247,41,0,507,416,1811,47,571,13002,310,580,0,350,119,7200,2669,0,104,10690,0,132,25993,0,0,1712,1889,0,0,0,0,0,0,838,1223,223,3325,101,1636
759,0,0,0,0,0,268,0,2462,13564,0,27,693,0,0,1118,0,659,273,481,12069,0,0,0,0,0,6399,53,55,0,0,7153,0,205,272,84,555,553,3397,0,1278,0,2207,0,1667,435,0,997,2029,0,1618,0,329,52,125,4519,490,4675,0,1516,24915,12606,0,0,0,704,0,275,3118,267,0,985,0,0,40,2755,111,253,2745,0,261,10047,96,0,0,43,1533,7529,2995,454,0,9590,0,105,2148,204,0,0,1036,0,473,0,0,0,0,734,498,306,444,0,5920
760,997,0,0,10351,0,16541,0,17083,519,0,0,16540,0,0,78,3849,1146,0,17,17943,0,0,0,0,0,0,0,25,0,0,1411,83,3245,704,1571,1428,966,197,1497,350,536,467,189,13466,162,78,0,2955,0,208,0,22099,0,34297,1695,799,0,0,1817,0,13148,3572,0,0,0,3961,463,2730,66,294,256,0,0,4193,19185,266,0,270,0,4682,0,0,167,0,327,110,498,16125,215,0,765,0,67,107,0,289,0,1029,0,6626,0,0,0,0,531,0,0,20939,177,7780
761,0,0,0,622,241,5067,0,1465,496,0,0,7429,0,0,125,0,5235,0,7374,6746,0,0,0,0,0,10805,0,447,54,1711,31340,0,3359,101,248,737,280,10132,284,1454,0,0,0,362,1192,1023,948,202,0,376,0,3736,177,223,296,0,691,0,1547,0,747,0,0,0,189,0,197,0,0,0,17411,48,0,0,573,830,119,1313,0,2299,866,0,0,0,4215,0,635,1717,1216,46,499,0,0,127,0,0,0,11400,0,0,362,0,0,2663,24502,0,0,440,0,1930
762,240,0,0,0,0,2103,0,7917,745,437,128,18405,51,0,144,5063,3394,604,119,2288,0,272,0,0,0,161,0,0,137,0,452,149,2017,177,2086,3877,784,555,0,316,156,808,51,10309,31,158,406,1282,1147,1499,232,11714,0,9565,2798,0,314,0,1228,10079,4818,3069,2529,0,603,0,1231,10716,99,0,1751,578,80,1026,3256,1089,299,83,0,4630,2578,0,0,64,261,70,833,7844,0,8,918,0,29,499,850,21,853,1622,0,689,1134,0,0,0,238,0,4357,70047,416,3948
763,0,0,0,925,1369,113,0,1894,9875,481,175,1240,0,0,1343,118,2275,0,117,1737,42,0,0,28,0,3858,0,41,309,0,2431,44,153,74,79,738,269,4986,89,0,0,14294,0,4665,195,0,506,1218,0,1289,0,209,0,90,11403,214,1787,0,3792,92239,4714,736,2724,0,902,0,38,2149,490,0,3992,338,100,14,642,595,58,808,0,254,4126,292,889,0,246,415,10764,4184,247,37,5074,0,69,37300,0,765,1145,1324,0,0,180,0,0,569,125,0,787,827,103,1614
764,275,0,0,584,13362,441,0,115,10650,0,127,1342,124,0,670,3663,702,0,145,11217,97,0,194,0,0,5187,0,0,80,0,5738,31,350,277,0,2527,436,1194,0,1075,0,3875,1124,4649,164,0,0,686,759,0,0,0,0,115,12844,655,1321,0,459,0,11091,489,0,0,215,0,119,2765,0,0,43,1894,0,0,13051,421,470,60,0,65,6151,0,0,258,62,2792,2948,6022,0,0,5733,0,123,8744,226,0,0,499,0,300,0,0,0,5297,758,0,1300,646,164,3309
765,0,0,0,512,1717,1901,0,4077,96,324,0,3794,0,0,125,3871,11155,0,927,19119,1074,116,0,8143,0,0,0,0,61,0,11497,328,1962,1397,167,2690,128,12544,0,0,0,7304,49,378,5605,1863,562,284,0,81,866,12438,0,591,824,0,80,0,1061,4326,932,273,948,0,68,0,299,454,0,917,25066,134,0,137,178,2098,88,1750,0,0,341,0,0,140,4991,771,526,774,609,290,3756,0,356,518,175,20311,576,16956,0,4962,0,0,0,388,19733,0,569,1384,375,1828
766,0,0,1717,204,3910,0,0,3542,512,378,68,3295,0,0,387,0,1308,429,2472,46561,537,0,0,0,0,0,19,0,25,0,14657,300,2077,324,819,642,181,11193,0,0,0,4636,0,261,496,207,684,35,0,513,0,10288,0,640,553,1272,474,688,1068,3527,782,240,0,0,476,1567,253,144,0,939,18668,287,11,202,976,1252,92,654,34,1938,183,2554,135,0,3242,527,639,427,380,0,1708,0,588,412,151,2600,1155,9541,0,10357,0,0,0,0,19019,0,0,161,111,1840
767,0,0,0,3469,1465,0,0,26754,1275,149,0,22010,0,0,142,0,883,239,249,7170,232,0,0,0,0,0,315,0,356,0,256,185,2439,386,0,5645,929,262,0,0,0,205,0,8019,0,0,342,4342,20,322,0,3362,64,50465,7257,549,330,0,852,8211,3608,0,0,212,1103,142,120,24614,106,0,383,0,0,0,180,370,551,9,0,5994,1600,3218,0,99,913,84,839,17011,24,42,1440,0,183,321,1719,0,180,1600,108,0,1150,29,0,0,684,852,1852,29785,0,7852
768,0,0,0,0,164,665,0,1763,368,162,126,2483,0,0,674,4121,6788,0,110,7664,1275,0,0,0,0,5359,0,0,24,0,6643,611,1726,41,304,597,181,21296,1884,0,0,11514,0,39,6365,23,462,87,0,363,94,14015,0,531,718,13870,0,0,556,4974,586,1726,0,0,184,1742,329,659,70,0,59494,39,0,187,869,1428,48,619,0,939,143,2390,0,0,2822,266,866,1267,0,0,469,285,482,624,70,0,0,3314,42,3225,0,0,0,270,5047,3667,0,1641,175,2621
769,0,0,0,90,0,7412,0,1878,292,101,77,1714,116,0,763,0,3258,261,184,9649,0,0,0,0,0,1166,0,0,51,0,8908,0,752,504,249,1670,180,35787,573,0,0,17346,0,867,5187,2081,0,0,767,0,0,1413,0,295,392,3812,92,0,2536,1671,178,4003,0,1502,923,0,289,1205,9,0,55812,0,0,0,400,2246,0,527,85,630,166,3486,1662,257,2618,23,1653,677,0,45,1880,0,0,1026,0,0,0,13028,8,0,0,0,0,0,0,0,0,1458,0,2147
770,0,342,0,2901,979,7128,0,16731,1710,0,58,9803,0,0,47,4246,1754,0,0,5228,107,0,0,0,0,1549,0,0,0,0,527,0,3690,0,3655,2102,1199,464,0,590,0,712,95,14434,35,0,662,2480,216,633,0,33713,0,0,6400,242,526,479,1110,14482,10026,0,0,0,897,0,448,7514,18,292,1281,294,0,2538,578,100,0,255,0,0,864,0,29,0,229,222,593,10299,19,69,736,0,105,448,4062,0,0,1891,0,528,0,0,0,0,2623,0,4914,43196,184,2902
771,12308,0,2925,118,1384,711,0,4867,623,124,0,4533,0,0,2309,0,3872,926,628,10976,1090,413,0,0,0,14520,0,1032,19,0,8715,5497,1647,1235,208,1571,395,14687,226,0,303,10933,31,627,2205,0,0,143,366,305,0,8761,0,1310,957,19772,418,1433,1076,3845,406,0,0,0,0,0,169,503,22,0,20646,0,0,339,714,175,52,0,0,0,364,10843,0,0,713,1123,722,1282,690,0,2222,0,174,145,0,0,0,2606,0,3685,0,0,0,0,16260,0,1267,146,421,656
772,0,0,0,57,421,892,0,874,331,82,162,4490,404,0,156,5442,6200,685,961,26606,0,0,0,0,979,0,0,590,0,0,12322,770,1464,367,404,1769,103,14805,156,261,0,12066,18,1390,2319,1594,1057,259,432,176,0,5783,0,0,696,19179,449,0,858,8809,212,1226,1300,0,1339,0,42,397,49,296,59119,0,209,214,772,0,16,947,0,2311,634,527,157,0,4388,370,1030,1636,270,31,1860,0,182,235,155,0,0,7495,0,3671,61,0,0,334,12887,854,0,1284,298,2310
773,746,167,0,100,26,0,0,1154,378,207,0,1435,442,0,170,815,708,0,2201,23131,691,0,0,5034,0,2026,0,1309,0,0,3049,4840,1664,447,0,464,159,17002,0,0,0,25746,0,923,3986,1614,159,133,2220,67,2576,11277,0,551,1343,6140,167,0,611,0,207,2727,0,0,0,0,161,1348,0,518,82315,0,115,0,640,1988,84,959,0,158,312,12876,954,0,4749,296,374,933,843,0,0,0,1327,276,77,0,2853,4380,0,6909,0,0,1023,428,48955,621,0,723,0,3504
774,0,21,0,0,0,343,0,1426,7995,0,0,1497,0,0,737,2382,1213,0,601,4750,0,0,0,0,0,4262,163,0,0,0,6134,0,155,9,30,1107,284,4082,53,0,0,8789,662,3890,226,2045,253,1795,3278,1142,0,314,0,337,1490,535,3674,0,1146,26625,9101,120,777,0,0,0,62,1139,0,536,1904,198,0,47,3388,781,0,1390,0,401,4427,0,0,79,63,1437,7830,7322,235,121,6655,0,86,31292,63,0,5896,956,0,207,0,0,0,0,686,0,85,339,0,7260
775,0,0,0,0,3584,0,0,12666,641,1680,45,34077,231,0,78,0,549,0,75,7980,0,0,0,0,0,1696,0,0,109,0,591,0,2433,601,148,2355,1885,441,293,0,0,712,0,18539,28,0,128,2474,0,252,1701,28834,0,20691,3837,0,79,0,160,19552,1428,383,430,0,409,0,200,12387,0,0,674,1171,0,2802,6209,1365,91,30,0,0,203,6605,31,0,307,145,523,9379,389,0,0,733,0,356,2650,47,338,4460,0,4768,0,0,0,13119,1557,0,1368,7907,2861,8940
776,0,0,0,0,0,1059,9,2224,393,251,35,2919,0,0,510,301,4464,1022,328,13885,205,15,20,0,0,1484,5,0,54,0,5870,0,1200,526,322,1614,96,31382,529,91,194,3450,13,244,694,470,175,182,484,251,239,6769,0,91,597,7543,1736,0,1078,9735,364,1204,326,0,469,0,57,60,10,0,72048,83,0,1176,1056,913,28,108,15,3078,57,4206,814,0,2478,361,1130,1614,0,37,2673,0,0,701,354,489,289,18890,14,9094,45,0,0,1020,11081,0,0,1835,299,2584
777,0,0,0,0,5130,782,23,1200,10542,0,115,514,44,0,1384,2157,579,72,277,20236,128,124,0,0,0,14560,271,141,0,0,8063,0,179,102,36,797,645,2188,15,0,0,9493,328,1307,407,0,55,1384,322,2043,0,63,126,683,7584,165,2826,0,593,0,1109,78,0,0,5856,0,148,1035,0,0,1298,463,0,70,4471,517,72,3010,45,214,2686,2028,722,25,75,2224,3146,5028,81,0,7866,0,24,9027,0,0,0,1086,240,2095,0,0,0,2322,0,2271,0,1209,0,3485
778,580,0,77,0,0,8031,0,7779,128,38,109,3421,0,0,104,0,3038,0,198,6653,0,0,0,0,1810,0,0,49,188,0,619,54,1738,456,114,8766,1090,487,1401,0,0,1331,87,25775,104,34,147,1195,1640,314,0,29418,0,1690,8297,104,0,0,1042,26327,3817,2907,0,0,195,0,276,5056,0,141,1513,9,0,417,152,1244,593,106,13886,0,61,1953,0,139,508,5,643,8588,29,82,1268,357,38,378,921,0,0,2829,51,1393,0,0,0,0,1340,2002,558,44965,0,4169
779,0,0,0,0,0,4077,0,8957,1755,300,114,20465,0,0,73,0,1752,2058,394,8161,0,0,0,0,0,1186,0,19,107,0,296,0,2180,408,0,1222,4332,379,0,2737,417,1277,0,0,98,0,0,1320,162,0,0,12642,69,35375,6527,773,79,797,1847,17065,14827,709,0,0,0,0,105,14538,27,0,564,0,337,7664,2622,1192,177,191,0,0,0,1856,0,146,317,189,193,13632,219,0,410,0,31,637,0,0,1603,816,0,530,0,31,0,0,462,0,0,32965,0,4922
780,0,0,0,1011,0,0,0,829,16256,396,0,1134,0,0,343,0,317,15,112,6717,0,0,0,0,0,1772,439,0,157,0,5426,0,194,34,188,1410,969,1876,0,0,114,8869,0,627,0,155,160,1284,0,48,21,59,0,406,9293,198,6771,0,2150,0,21146,276,0,0,18404,486,404,4352,0,0,1380,0,0,0,7818,0,281,2183,222,228,0,0,173,350,29,2098,8728,2498,0,0,7247,0,91,24078,0,0,0,945,0,0,0,0,0,0,0,0,698,663,0,3906
781,0,60,0,0,5348,5159,0,1575,391,126,75,15344,0,0,0,0,676,0,662,34519,0,0,0,0,0,14685,0,371,45,0,31343,4973,1018,777,862,1530,481,4982,0,0,1414,8055,0,386,4396,0,1197,39,772,656,1155,1050,0,457,742,0,362,699,1326,0,958,558,988,0,328,0,142,22,0,0,28243,0,0,0,647,2900,45,377,0,178,894,972,176,759,2842,271,416,381,0,13,382,0,136,437,0,0,1906,9039,0,2857,659,558,0,383,3445,0,414,375,944,1203
782,0,92,0,763,0,172,0,1037,8699,195,0,1968,0,0,591,0,899,264,291,14967,8,0,0,0,0,4553,0,0,0,0,4206,29,189,0,0,808,408,1248,0,0,0,1599,0,2821,0,0,304,917,0,5275,0,48,0,459,2159,326,4653,0,720,0,13213,0,0,228,2374,0,173,865,411,0,1739,0,700,0,3891,192,340,1927,9,1765,18320,2026,2566,0,266,1647,11399,3943,204,84,1874,0,0,15866,245,0,0,1065,0,3726,0,0,0,0,231,6580,0,931,16,7324
783,0,44,2995,82,197,0,0,2030,372,145,245,561,0,0,356,0,6429,0,1839,30971,1672,0,0,0,0,7298,0,0,13,0,13343,3320,2540,713,94,512,108,24894,701,0,0,2576,49,162,769,570,1376,144,0,487,0,5735,0,203,114,7482,960,0,714,979,411,981,0,0,716,1638,109,102,0,0,41935,536,0,0,844,572,396,50,0,0,0,5975,168,1262,3404,563,648,1302,26,0,1729,0,572,650,235,1744,707,10159,0,1490,0,0,0,0,26075,1088,0,460,0,3374
784,0,18,0,0,0,6898,0,1540,395,357,119,3417,0,0,445,13183,2769,0,660,33422,806,0,0,0,0,0,0,0,33,0,19532,3117,2819,1192,912,1069,224,21379,0,0,0,10259,0,167,2436,2490,1535,30,6010,251,371,8713,0,100,1249,0,334,0,0,4415,463,907,0,0,195,537,39,0,0,0,46989,0,0,0,1204,5618,171,653,0,0,0,3064,1396,0,3474,0,391,1463,120,52,733,0,999,322,0,0,0,2244,0,0,0,0,0,979,34768,2762,174,0,0,2908
785,0,0,0,1408,4979,263,51,3286,1339,0,31,785,0,0,650,0,1000,298,363,16247,0,0,0,0,0,16484,0,117,0,0,5977,142,165,205,0,1665,95,1408,0,2862,70,14158,604,4302,268,0,733,405,381,8959,0,58,0,243,16540,131,176,0,242,33383,4378,0,0,0,0,0,252,1851,0,0,1968,0,0,0,2172,0,0,2390,188,132,17137,923,75,195,243,1445,10326,2441,503,0,7695,0,72,12813,72,0,1662,348,0,0,0,0,0,0,0,0,348,288,0,5976
786,0,134,0,0,3944,6821,0,19725,1081,0,0,8905,0,0,0,2276,591,0,25,15845,150,0,0,0,0,523,111,33,116,0,365,48,4307,1241,1091,3897,1189,313,180,0,0,271,0,11307,190,89,314,614,240,0,2145,1430,0,2291,2382,138,249,504,228,14676,6385,871,0,0,532,0,1252,5436,2,58,894,0,64,3078,8400,1296,5,159,0,0,826,6746,32,0,280,397,446,15080,394,60,626,0,50,144,2185,34,524,2056,75,1463,0,0,0,909,186,1110,339,13352,0,10264
787,0,0,0,1838,440,1530,0,17459,793,1107,8,9153,0,0,51,497,745,0,89,13819,0,128,0,0,0,832,0,48,334,0,161,25,4024,0,406,6475,1636,375,888,0,0,702,904,4053,161,325,0,7832,838,2169,6198,6895,0,0,9742,378,208,0,1761,0,2672,1065,0,0,0,0,677,13339,24,203,1085,1012,0,1488,15356,1966,325,0,0,0,996,0,0,84,342,89,1122,11419,37,0,651,0,55,194,1315,71,1148,1807,0,4103,276,0,0,0,1400,1798,4155,34737,0,13772
788,0,0,0,0,7391,528,0,1385,13817,273,13,1062,0,0,1181,541,1181,0,205,457,0,0,0,0,0,4207,0,213,30,0,2229,20,254,277,0,1306,512,3385,0,387,0,8265,0,1067,296,568,0,1387,1243,1347,35,261,0,152,10032,58,1297,0,1165,37678,2933,259,0,0,87,0,152,1870,0,0,3172,512,0,0,6106,88,0,0,0,493,17354,636,169,0,160,689,10926,4890,63,0,9144,0,89,18004,105,391,728,1288,0,484,0,0,0,1298,1681,1195,235,1052,4,5073
789,0,0,0,535,0,2704,0,2789,315,0,0,13630,0,0,360,6507,3273,935,1404,27575,1172,193,0,0,0,0,0,521,45,967,5715,0,2377,405,29,1680,391,25458,0,0,0,2221,0,573,8126,0,702,319,0,0,0,12108,0,919,503,20245,433,0,755,6011,888,2750,0,0,0,1560,334,0,31,241,56549,0,514,268,0,4352,101,1289,0,6439,100,0,0,0,2666,292,134,1759,214,40,1843,0,1687,0,331,0,2393,18086,0,6728,0,0,0,0,15031,0,405,872,0,374
790,1043,47,0,454,5744,3863,0,14587,774,0,47,21252,0,0,32,2802,603,71,185,7201,0,0,0,0,510,1563,0,0,288,0,240,0,1887,607,922,2715,885,191,215,1839,0,1496,0,29517,138,0,341,411,903,216,0,2464,0,4162,1321,0,39,0,939,0,12219,0,0,0,614,0,509,6781,0,0,404,665,508,0,7750,1768,69,335,4477,0,529,6950,53,0,259,256,128,7677,0,156,1474,0,10,1093,1375,0,0,1251,0,0,0,0,128,0,1035,2240,2133,29286,0,5173
791,0,241,0,356,0,166,0,2156,14146,584,0,1034,100,0,1274,0,708,0,630,11362,24,0,0,0,63,10328,93,0,0,2096,7937,0,265,141,273,702,174,2924,0,35,0,6711,630,1800,724,232,884,846,776,0,0,200,63,383,8631,222,371,0,1933,27987,2442,143,0,0,0,0,279,4176,52,1383,1033,0,811,69,6841,855,197,1904,13,145,28399,0,0,11,31,1076,8976,6770,0,108,23159,0,20,26917,152,740,644,123,0,0,106,0,0,1132,244,2033,0,1999,0,1932
792,0,24,2744,0,0,3432,0,3703,352,382,0,5420,0,0,460,2824,1923,0,2271,14765,306,0,0,0,0,0,8,0,2,0,13243,527,2543,279,1187,1209,200,8813,0,324,171,11852,0,199,3171,926,130,275,116,0,0,4650,75,0,533,4343,635,0,1375,0,643,1986,1170,0,1940,795,66,507,18,219,43385,0,278,0,391,289,147,269,0,259,1354,4324,0,423,3462,150,638,1496,34,43,1613,0,2007,534,0,1815,0,10967,0,11309,0,0,0,0,17192,1298,243,2092,156,2117
793,0,20,0,1067,0,0,0,759,11044,1406,41,779,16,0,984,1090,2645,286,766,5669,117,117,0,0,0,0,0,0,100,0,10465,63,123,143,260,776,185,5418,47,878,0,9060,0,2253,91,559,359,1253,0,5304,111,404,49,134,13126,496,201,0,3453,0,2854,283,3658,0,1483,0,295,1913,0,507,2875,819,135,17,468,632,286,628,0,490,6924,1067,197,109,567,398,9388,2702,21,6,6604,0,34,15459,46,0,0,631,0,417,62,0,0,2558,647,0,0,1110,0,4511
794,0,0,0,670,0,27947,0,9899,390,248,0,19804,0,0,76,1842,2024,299,359,27579,29,0,0,0,843,582,0,0,315,784,490,58,4868,539,162,4916,693,503,1086,332,365,573,0,14553,197,44,567,1791,54,0,3227,16050,0,17970,9268,483,278,0,1398,0,4386,1599,0,0,72,0,418,0,0,0,799,0,0,1463,8111,1292,45,117,0,7266,306,0,20,113,160,43,600,20298,114,0,633,0,21,361,461,0,1070,1094,0,0,0,21,0,0,381,0,0,100482,0,5540
795,392,0,0,66,1735,2962,0,3599,223,82,67,5659,0,0,369,0,2608,1422,2866,9022,738,32,0,0,0,9482,0,0,90,1008,13355,0,2212,181,377,1722,62,26065,0,178,0,7007,0,191,2787,415,1096,82,454,0,1601,10764,0,269,299,3044,594,0,669,0,669,701,181,0,295,828,89,1392,0,875,57349,55,264,114,595,1460,137,514,8,1420,527,4237,375,159,779,263,877,1516,0,0,1181,0,187,937,181,3623,1625,13054,12,1862,90,0,0,0,20051,0,0,526,703,1917
796,0,0,0,1802,3358,839,0,11761,884,1264,97,26449,119,0,55,4605,2057,378,158,9497,0,61,0,0,482,212,0,0,0,0,346,58,3305,192,1153,6722,2279,474,0,1181,0,478,0,21694,84,122,519,3271,0,662,1282,8006,0,2900,3573,331,0,0,1572,15185,3724,0,1770,0,0,0,1360,8355,30,253,1075,0,0,2909,15662,82,167,37,10690,1331,1041,0,0,32,233,30,303,6993,0,0,228,0,131,771,498,0,0,2907,0,613,0,0,0,2662,127,0,4694,5820,0,12224
797,1269,0,2608,0,0,1570,0,1164,7660,548,0,2547,0,0,187,0,1141,565,0,14464,0,0,0,0,0,18725,0,95,91,0,1475,75,227,178,40,3512,297,2943,0,0,0,835,0,4981,1469,299,286,462,0,0,27,346,0,695,13056,395,925,0,1427,27763,10366,604,0,0,4392,0,52,4359,0,0,904,632,0,32,4921,1587,161,710,174,395,24437,842,290,0,38,358,5056,5701,56,130,2029,0,118,7709,26,434,0,2299,0,559,0,0,0,0,0,4474,0,1243,129,2923
798,0,0,0,0,2670,2914,0,4420,115,48,66,6750,0,0,677,2244,4042,1566,393,13717,0,245,0,0,0,0,0,0,9,0,28767,3402,2012,356,519,890,181,5775,0,332,0,11239,45,462,5819,0,45,233,344,356,0,9360,0,51,1210,2901,232,0,1682,3249,480,2247,0,0,0,0,201,0,0,0,34353,0,0,0,217,0,13,130,310,455,66,0,0,0,5841,940,781,751,0,116,3965,159,369,911,106,0,58,17928,0,10005,562,0,0,0,16904,623,0,2997,0,1689
799,1073,45,0,0,0,223,0,684,8640,359,41,2339,0,0,1629,249,1106,0,46,5325,29,0,0,0,0,4008,0,106,0,0,1283,0,229,147,0,1122,265,4815,0,478,30,14278,0,601,76,0,1554,888,0,4311,154,118,62,151,19180,530,3108,0,3904,11550,4076,70,2677,0,10962,98,23,545,395,0,756,0,0,44,3355,884,1041,2928,0,887,7003,1600,781,57,279,0,5529,5829,0,0,6979,0,60,24746,79,0,5467,1701,0,433,0,0,0,0,616,0,0,2971,0,3025
800,0,27,0,32,0,5465,0,697,423,112,106,7216,215,0,337,313,4634,585,2060,13073,0,166,0,0,0,5882,0,0,18,0,13895,1010,2492,860,279,499,223,20555,65,163,0,8348,0,121,5359,1522,903,188,1726,1131,0,9148,0,353,432,9166,546,0,854,1442,502,1883,273,0,0,0,205,883,34,122,43886,0,0,0,308,2631,288,223,0,987,890,1961,876,2722,1985,122,466,2302,0,50,2691,0,290,696,34,0,331,12599,0,884,59,0,0,158,30834,554,0,2077,280,2002
