,V1,V2,V3,V4,V5,V6,V7,V8,V9,V10,V11,V12,V13,V14,V15,V16,V17,V18,V19,V20,V21,V22,V23,V24,V25,V26,V27,V28,V29,V30,V31,V32,V33,V34,V35,V36,V37,V38,V39,V40,V41,V42,V43,V44,V45,V46,V47,V48,V49,V50,V51,V52,V53,V54,V55,V56,V57,V58,V59,V60,V61,V62,V63,V64,V65,V66,V67,V68,V69,V70,V71,V72,V73,V74,V75,V76,V77,V78,V79,V80,V81,V82,V83,V84,V85,V86,V87,V88,V89,V90,V91,V92,V93,V94,V95,V96,V97,V98,V99,V100,V101,V102,V103,V104,V105,V106,V107,V108,V109,V110,V111,V112,V113,V114,V115,V116,V117,V118,V119,V120,V121,V122,V123,V124,V125,V126,V127,V128,V129,V130,V131,V132,V133,V134,V135,V136,V137,V138,V139,V140,V141,V142,V143,V144,V145,V146,V147,V148,V149,V150,V151,V152,V153,V154,V155,V156,V157,V158,V159,V160,V161,V162,V163,V164,V165,V166,V167,V168,V169,V170,V171,V172,V173,V174,V175,V176,V177,V178,V179,V180,V181,V182,V183,V184,V185,V186,V187,V188,V189,V190,V191,V192,V193,V194,V195,V196,V197,V198,V199,V200,V201,V202,V203,V204,V205,V206,V207,V208,V209,V210,V211,V212,V213,V214,V215,V216,V217,V218,V219,V220,V221,V222,V223,V224,V225,V226,V227,V228,V229,V230,V231,V232,V233,V234,V235,V236,V237,V238,V239,V240,V241,V242,V243,V244,V245,V246,V247,V248,V249,V250,V251,V252,V253,V254,V255,V256,V257,V258,V259,V260,V261,V262,V263,V264,V265,V266,V267,V268,V269,V270,V271,V272,V273,V274,V275,V276,V277,V278,V279,V280,V281,V282,V283,V284,V285,V286,V287,V288,V289,V290,V291,V292,V293,V294,V295,V296,V297,V298,V299,V300,V301,V302,V303,V304,V305,V306,V307,V308,V309,V310,V311,V312,V313,V314,V315,V316,V317,V318,V319,V320,V321,V322,V323,V324,V325,V326,V327,V328,V329,V330
1,0,0,0,0,22,0,0,126,0,0,16,10,1,0,0,0,0,0,0,0,0,0,0,0,3,0,2,0,0,0,0,2,0,0,0,0,1,0,0,1,0,0,0,0,0,0,0,4,0,0,0,0,0,2,0,0,0,0,7,1,0,9,0,0,0,0,0,1,0,0,0,0,0,0,0,0,0,0,0,15,1,0,0,0,0,0,0,0,0,0,2,0,0,2,19,0,0,0,0,3,2,0,11,0,13,0,0,0,0,0,0,8,1,0,0,1,0,0,0,2,0,8,5,0,0,4,0,1,0,0,0,0,0,0,0,0,0,1,0,0,0,2,0,0,0,1,0,0,0,0,0,1,0,0,0,0,0,0,0,0,0,0,1,0,0,0,0,0,0,0,0,47,14,3,0,0,4,0,3,0,1,0,0,1,0,0,0,0,0,1,0,0,0,0,0,0,0,0,0,0,16,2,2,0,0,0,2,0,0,0,0,42,0,0,0,0,0,0,2,0,0,0,0,0,0,0,0,1,1,0,0,0,0,0,0,0,0,2,0,10,0,7,7,0,0,0,0,0,0,2,0,0,0,6,0,0,0,0,0,0,8,39,5,0,0,0,0,0,1,0,3,0,0,2,4,0,0,2,0,0,0,0,0,0,0,0,0,0,3,0,0,0,0,0,0,2,0,0,7,5,0,0,0,0,0,0,0,0,0,0,0,0,2,3,0,0,0,0,0,0,0,1,14,0,0,0,11,0,3,0
2,0,0,0,0,0,0,0,14,0,5,60,4,5,0,0,0,2,0,0,0,1,1,0,0,11,0,5,0,0,0,2,0,0,0,0,3,2,0,0,0,0,0,0,0,0,0,0,0,9,0,0,1,0,0,0,0,0,13,0,0,0,3,0,0,0,1,0,1,0,7,0,0,22,1,0,0,0,0,0,4,0,0,7,0,0,0,0,0,13,0,0,9,0,0,0,0,0,2,0,0,3,1,0,0,1,0,0,0,0,0,15,3,0,0,0,0,8,0,0,2,0,0,0,0,0,0,0,0,0,0,0,0,0,0,1,0,0,13,5,6,0,0,0,0,0,0,6,0,0,14,0,0,0,0,0,0,0,0,0,0,0,7,24,0,0,6,0,1,0,0,0,0,0,1,0,6,0,0,0,0,0,0,6,0,0,0,22,0,0,0,0,0,1,0,0,0,0,0,0,0,0,0,0,0,0,0,0,1,0,0,0,0,0,4,0,0,0,0,11,0,0,0,0,0,0,4,1,0,0,0,0,0,0,3,0,0,0,0,0,0,1,0,16,0,0,0,0,0,1,0,0,4,0,0,1,1,0,1,0,0,0,0,0,4,3,0,0,0,0,0,9,0,1,0,5,0,0,0,0,0,2,0,0,0,0,0,1,0,6,0,0,0,0,0,0,0,0,0,4,2,0,0,44,0,0,0,12,0,3,0,0,0,3,5,0,0,0,0,54,0,0,0,2,0,0,0,0,0,0,0
3,0,0,1,0,46,0,0,14,0,0,5,3,0,0,0,0,0,0,1,0,0,1,1,0,0,0,1,1,0,0,0,0,0,0,2,0,0,0,0,4,0,0,0,0,0,0,0,0,0,0,0,0,0,4,0,10,0,0,0,1,1,11,0,0,0,0,0,0,0,0,0,0,0,0,0,0,0,0,0,0,0,0,0,0,0,0,0,0,0,3,0,1,0,0,0,0,0,0,0,3,0,12,2,0,6,0,0,0,0,0,0,0,0,0,0,0,3,0,0,0,1,18,1,0,0,0,0,0,0,26,21,0,0,0,0,0,0,25,0,0,0,3,1,0,0,0,0,0,0,1,0,0,0,0,0,0,0,3,0,0,1,0,1,0,0,0,0,0,0,0,0,15,0,0,0,0,0,0,0,0,0,0,0,0,0,0,0,0,0,0,0,0,2,0,0,3,0,0,2,0,0,0,2,0,0,0,0,0,0,0,1,0,1,4,0,0,0,0,3,0,0,0,0,0,0,0,0,0,0,0,0,0,0,0,0,0,0,0,14,0,11,0,4,14,0,0,0,0,0,0,0,0,0,5,0,0,0,0,0,0,6,0,0,37,0,0,0,0,0,0,4,10,0,0,5,0,0,0,0,0,0,0,0,0,0,0,0,0,1,0,0,0,3,0,0,0,0,0,8,0,0,0,0,0,0,0,9,0,0,0,0,0,5,0,1,2,0,0,21,0,0,1,25,0,0,0,6,0,0,0
4,0,1,0,0,0,0,0,98,0,0,18,4,1,0,0,0,0,0,0,0,0,0,2,0,2,3,1,0,0,1,0,0,1,0,0,0,26,1,2,0,0,0,0,0,0,0,0,0,5,0,0,0,0,0,0,0,0,3,0,0,0,1,1,0,0,0,0,0,0,0,0,0,0,0,0,0,0,0,1,0,0,0,0,3,0,0,0,0,9,0,3,2,0,1,0,0,0,1,0,0,1,0,7,0,7,1,0,0,0,0,0,1,1,5,0,0,0,0,0,0,0,0,8,0,0,2,0,0,0,0,0,0,0,0,0,1,0,29,0,0,0,0,0,0,0,0,8,0,0,1,0,0,0,0,0,0,0,0,0,12,0,7,2,0,2,2,0,11,0,0,0,0,0,1,0,0,3,0,0,0,0,0,8,0,0,0,2,0,3,0,0,0,0,0,1,0,0,0,0,0,0,1,0,0,0,0,0,0,0,1,0,0,0,8,1,0,0,0,3,0,0,0,5,1,0,0,0,0,0,0,0,0,0,0,0,0,0,0,12,0,17,0,0,0,0,0,2,0,0,2,0,1,0,0,0,0,0,0,0,0,0,9,0,14,1,0,0,0,1,2,15,0,0,4,0,0,0,0,0,0,0,0,0,0,0,0,11,0,1,0,0,0,0,1,0,0,1,0,0,0,0,2,2,0,0,0,7,11,0,0,0,0,1,16,0,0,0,1,8,0,0,1,4,0,0,0,0,0,0,0
5,0,0,0,0,1,0,28,87,0,8,28,0,0,0,1,0,0,0,0,0,0,0,0,8,45,0,0,2,0,0,0,2,0,0,0,0,3,0,0,0,0,0,1,0,2,0,0,0,0,0,0,0,0,0,0,0,3,0,0,0,0,0,0,0,0,0,0,1,0,1,0,0,4,0,0,0,0,0,0,0,0,0,0,0,0,0,0,0,0,0,0,0,0,25,2,0,0,0,6,0,2,0,16,1,7,0,0,0,0,0,0,0,0,0,0,0,0,0,0,1,0,0,11,0,0,1,0,4,0,0,0,0,0,0,1,0,0,18,11,0,0,0,0,0,0,0,0,0,0,0,0,0,0,0,0,0,0,1,0,0,1,0,2,3,0,0,0,0,0,0,0,0,1,1,0,0,1,0,1,0,0,0,0,1,0,0,0,1,0,0,0,0,15,0,1,0,0,0,0,0,10,0,0,0,0,0,0,0,0,3,8,1,0,0,0,0,0,0,43,0,0,0,0,0,3,1,0,0,0,3,0,0,20,6,6,0,0,6,0,0,0,9,0,0,0,0,0,0,3,6,0,0,0,0,1,0,0,0,0,0,25,87,6,1,0,0,0,0,30,0,1,1,0,0,2,3,0,0,0,2,0,0,0,0,5,13,0,0,0,0,0,0,0,12,0,0,62,0,0,1,0,0,1,2,0,0,6,0,0,0,0,1,0,0,0,0,0,0,0,0,0,1,3,0,7,0,0,0,0,0
6,0,1,0,0,1,0,0,29,0,12,15,0,5,3,0,0,0,1,0,1,0,0,0,0,0,5,11,0,0,3,1,0,0,0,0,0,0,0,0,0,0,1,0,0,3,5,0,0,10,0,0,2,0,0,0,1,0,16,0,0,0,0,0,0,0,1,1,1,0,5,0,1,14,0,0,0,0,2,1,0,0,0,0,0,0,0,0,0,10,0,0,18,0,0,0,0,0,0,1,0,2,0,2,2,1,1,0,0,0,2,36,7,2,0,0,0,20,1,0,0,0,0,9,0,0,0,0,0,2,0,7,0,0,0,0,34,0,7,0,4,0,0,0,0,0,0,20,0,2,12,1,0,0,0,0,0,0,0,0,0,0,5,23,0,0,6,0,0,0,0,1,0,0,0,0,0,0,0,0,0,0,0,0,1,0,0,9,0,0,0,0,0,1,0,0,0,0,0,0,0,3,0,1,0,8,0,0,0,10,0,0,0,0,2,0,0,0,0,11,0,0,4,0,0,0,0,0,0,0,1,0,0,0,2,0,2,12,0,0,0,1,0,7,0,1,0,0,0,0,0,0,6,13,0,1,0,0,0,0,0,0,1,0,8,3,0,0,0,0,0,15,0,0,0,0,0,0,0,0,0,1,0,0,1,0,0,3,0,12,0,0,0,0,0,0,0,6,0,0,0,0,0,4,2,0,0,18,0,0,0,0,1,4,9,0,2,1,0,9,0,0,0,8,0,0,2,0,0,0,0
7,0,0,0,0,0,0,0,37,0,0,25,6,7,0,0,0,0,0,0,0,0,0,3,0,0,1,0,0,0,0,0,0,0,0,0,0,18,0,1,0,0,0,0,0,0,0,0,0,0,0,0,0,0,0,0,0,0,22,0,0,0,0,0,0,2,1,3,0,0,0,0,9,3,0,0,0,0,0,4,0,0,0,0,0,0,13,0,0,1,0,0,6,0,27,0,4,0,0,2,0,4,0,34,0,10,1,0,0,0,0,0,0,2,0,0,0,0,0,0,0,0,0,0,7,1,0,0,0,0,0,18,0,0,0,0,0,1,55,0,0,0,1,0,0,0,0,0,2,0,4,1,0,0,0,1,0,0,2,0,0,0,10,3,0,0,18,0,0,0,0,9,4,2,43,0,0,0,0,0,0,0,0,2,0,0,0,0,0,0,0,0,0,0,0,0,0,0,0,0,0,0,0,0,0,0,0,1,0,16,0,0,0,0,2,0,0,0,0,46,0,0,0,8,4,4,0,0,0,0,0,0,1,0,0,8,0,0,0,0,0,7,0,8,0,1,0,0,0,0,0,0,0,0,0,0,0,0,0,1,0,0,28,0,6,0,0,9,0,0,1,1,0,0,0,0,0,7,0,0,0,1,0,0,1,3,0,0,0,1,0,0,0,0,20,0,0,0,0,0,1,0,0,0,0,0,0,32,1,0,2,0,3,1,0,4,0,0,0,1,0,0,1,3,0,0,0,0,7,0,0
8,0,0,0,0,9,0,14,14,0,0,27,2,2,0,0,2,4,0,0,0,0,0,0,0,0,0,0,0,0,0,0,3,0,0,0,0,1,0,0,0,0,0,0,0,0,0,1,0,0,0,0,1,0,0,0,1,8,0,0,0,0,0,1,0,0,0,0,1,0,0,0,1,8,0,0,0,0,0,0,4,0,0,0,4,0,0,0,2,0,0,1,0,0,0,10,0,0,6,0,20,3,0,0,0,0,0,0,0,0,0,0,1,0,0,25,0,0,0,0,3,0,1,10,0,0,0,0,21,0,0,0,0,0,0,0,0,1,17,0,0,0,3,0,0,0,0,0,0,0,0,0,1,0,0,0,0,0,0,0,0,1,4,0,0,0,0,4,0,0,0,0,2,0,1,0,2,1,0,0,0,1,0,0,1,0,0,0,0,0,0,0,0,0,0,0,0,0,0,0,0,0,0,4,1,0,0,0,0,10,0,2,0,0,0,0,0,0,0,32,11,0,0,0,0,2,2,1,1,0,0,0,0,1,0,0,0,0,0,0,0,1,0,5,0,0,0,1,5,0,3,0,0,0,0,0,1,0,0,0,0,3,8,1,3,10,0,0,0,37,0,2,0,0,0,2,0,0,2,0,1,0,0,0,0,0,0,0,0,47,0,0,0,0,0,2,0,0,0,11,0,0,6,15,0,0,0,11,0,0,0,0,0,0,0,0,0,0,0,0,0,0,2,1,0,0,6,1,0,0,0
9,0,1,0,0,0,0,0,28,0,0,25,2,3,0,0,1,0,0,0,0,0,0,0,33,12,0,3,0,0,0,0,0,1,0,0,0,4,0,0,0,0,0,0,0,0,4,0,0,0,0,0,1,0,0,0,0,0,30,1,0,0,4,0,0,0,0,0,1,0,6,0,0,43,0,0,0,0,0,0,0,0,0,0,0,0,0,0,0,5,0,0,0,0,0,0,2,0,0,0,0,3,0,2,0,4,2,0,0,5,2,0,2,5,0,0,0,0,0,0,0,0,0,4,11,0,0,1,0,0,0,0,0,0,0,0,18,0,8,0,2,0,0,0,0,0,4,32,0,0,7,6,0,0,0,0,0,0,0,0,0,0,4,72,0,0,3,0,0,0,0,0,2,0,0,0,4,0,0,0,0,0,0,5,1,0,0,0,0,0,0,0,0,0,0,0,0,0,0,0,0,0,0,14,0,0,0,0,0,0,0,0,0,0,11,0,0,0,0,13,0,0,4,0,0,0,0,1,0,1,0,0,0,0,2,0,0,0,0,0,0,10,0,22,0,0,0,0,0,0,0,0,5,0,0,0,0,0,6,0,0,0,1,0,7,10,0,0,0,0,1,5,12,0,0,0,0,0,0,0,0,0,0,0,0,0,0,1,0,6,0,0,0,0,0,0,0,4,0,26,0,0,0,0,0,0,1,22,0,0,0,0,0,1,5,0,0,1,0,0,3,0,1,10,0,0,0,0,0,0,0
10,0,0,0,0,3,0,0,9,0,0,3,3,0,0,0,0,0,0,0,0,0,0,1,0,4,0,0,0,0,0,0,0,0,0,0,0,5,5,0,6,0,0,0,0,0,0,0,0,0,0,0,0,0,0,0,0,4,0,0,0,0,12,24,0,0,0,0,0,0,0,0,3,0,0,0,4,1,1,0,0,0,0,0,0,0,0,0,0,0,0,0,11,0,15,0,0,0,0,0,0,2,2,60,0,0,1,0,0,0,0,0,0,0,0,0,0,0,0,0,0,8,1,7,4,0,0,0,0,0,1,0,0,0,0,0,0,0,8,8,11,1,1,4,0,0,0,0,4,0,0,3,0,0,0,0,0,0,0,0,0,0,13,0,1,1,4,0,0,0,0,0,0,0,0,0,0,0,0,4,0,10,0,0,0,0,1,0,0,0,0,8,0,0,1,0,0,0,0,1,0,8,0,0,0,0,0,0,0,0,0,0,1,0,1,0,0,0,0,53,0,1,0,0,2,0,0,1,0,0,0,0,0,0,4,0,0,4,0,1,8,2,8,11,0,0,1,0,0,5,0,0,3,0,0,2,0,0,0,3,0,6,0,2,6,0,0,0,0,0,1,0,0,0,0,1,0,0,0,0,0,0,5,0,0,0,0,0,0,5,0,0,0,0,26,0,1,17,0,0,0,1,0,0,0,0,0,0,2,0,0,0,0,0,0,0,0,0,0,0,2,0,2,6,0,0,0,3,0,0,0
11,0,0,1,0,6,0,0,78,0,3,16,0,1,0,0,2,0,4,3,0,0,0,0,0,0,5,0,0,0,0,0,0,0,0,0,0,6,0,0,0,0,1,0,0,0,0,0,0,0,0,0,0,0,0,0,2,1,0,2,0,2,9,0,0,0,0,0,0,0,0,0,0,13,0,0,0,0,0,0,0,0,0,0,0,0,0,0,0,0,0,0,8,0,0,0,0,0,0,0,0,3,0,1,3,0,0,0,0,0,3,0,0,0,0,0,0,0,1,0,0,0,3,5,0,0,0,0,0,0,1,0,0,0,0,0,0,0,14,0,6,0,0,0,0,0,0,0,0,0,0,3,0,0,0,1,0,0,0,0,0,0,2,11,0,0,7,2,0,0,0,0,0,0,0,0,0,0,0,0,0,0,0,0,0,0,0,0,0,0,0,0,0,1,0,0,0,0,0,0,0,0,0,0,1,0,0,0,1,0,0,0,0,10,3,0,0,0,0,16,0,0,1,0,0,0,0,1,9,0,0,1,0,0,2,0,0,0,0,1,1,4,0,5,0,0,0,0,0,0,0,0,2,0,0,0,1,0,2,0,0,0,4,0,8,0,0,0,0,0,0,7,0,0,1,5,0,0,0,0,0,0,0,0,0,0,0,0,0,1,0,0,0,12,0,0,0,4,0,0,0,0,0,0,0,0,0,13,0,0,0,0,0,0,0,0,0,0,0,0,3,0,1,2,0,0,0,0,0,0,0
12,0,1,0,0,4,0,11,23,0,0,17,0,0,0,0,0,0,0,0,1,0,0,0,0,0,0,5,2,0,0,0,1,0,0,0,0,5,5,0,0,0,0,0,0,0,1,0,0,0,0,0,0,0,2,3,0,0,0,0,0,2,0,0,0,0,3,0,0,0,0,0,0,0,0,0,0,0,0,0,0,0,0,0,1,0,0,0,0,0,0,0,0,0,13,3,0,0,0,0,13,5,0,0,1,13,1,0,0,0,1,0,0,0,0,0,0,0,0,0,0,0,1,7,0,0,2,0,1,0,0,0,0,0,0,0,0,1,14,0,8,0,0,0,0,0,0,0,4,0,0,3,0,0,0,0,0,0,0,0,7,0,9,0,4,0,9,0,0,0,0,5,2,0,0,0,0,0,0,0,0,22,0,0,0,0,0,0,0,0,0,0,0,4,0,0,0,0,0,0,0,0,0,0,0,0,0,0,0,0,0,0,1,0,2,0,0,0,0,34,0,0,0,0,0,0,0,1,0,0,0,0,0,12,0,2,0,0,0,0,3,4,0,0,0,0,0,0,0,0,0,1,1,0,0,0,0,1,10,0,0,0,0,1,6,0,0,0,0,0,1,1,0,0,0,1,0,0,0,0,0,0,0,0,1,0,0,0,0,0,0,0,0,0,6,0,0,0,0,0,0,0,0,0,0,0,0,0,2,0,0,0,0,0,0,0,0,0,0,3,3,0,0,4,0,0,0,0,6,0,0
13,0,0,0,0,3,0,0,11,0,0,3,0,1,0,0,0,0,0,0,0,1,0,0,0,0,0,4,0,0,0,0,1,0,0,0,0,0,0,0,0,0,0,0,0,0,0,0,0,0,0,0,0,0,0,0,1,0,0,0,0,1,5,0,0,0,1,0,0,0,0,0,0,7,2,1,0,0,0,0,15,0,0,0,5,0,0,5,0,0,0,0,2,0,0,0,0,0,0,0,0,2,0,0,4,1,0,0,0,0,0,0,0,0,0,0,0,8,0,0,0,0,1,6,0,0,0,0,0,0,8,0,0,1,0,1,0,0,1,0,3,0,2,0,0,0,0,0,0,0,0,12,0,0,0,0,0,0,0,0,0,0,3,2,1,0,21,0,0,0,0,11,0,0,0,0,0,0,0,0,0,0,0,0,1,0,1,0,0,0,0,0,0,0,0,0,0,0,0,0,1,0,0,4,0,0,2,0,0,0,0,0,0,9,1,0,0,0,0,10,0,1,0,0,0,0,0,1,0,0,0,1,1,0,0,0,0,0,0,2,1,1,0,12,1,0,0,0,0,0,0,0,0,0,2,0,0,0,0,1,0,0,1,0,8,0,0,0,0,26,0,0,0,0,0,1,0,3,0,0,0,0,0,0,0,0,0,0,0,3,0,0,0,0,0,0,0,0,0,0,2,0,7,9,0,0,0,14,0,0,0,0,0,0,0,0,0,0,0,20,0,0,0,3,0,0,0,1,0,0,4
14,4,0,0,0,0,0,0,124,0,0,13,0,1,0,0,0,0,0,1,0,0,1,1,0,1,1,0,0,0,0,0,2,0,0,6,0,4,0,0,0,0,0,0,0,0,0,0,0,0,0,0,0,0,0,0,0,0,1,0,0,0,2,0,0,0,0,0,0,1,0,0,5,0,0,0,1,0,0,1,0,0,0,0,0,0,0,4,2,0,0,0,0,0,0,0,0,0,0,0,4,0,0,23,0,8,0,0,0,0,0,0,11,1,0,0,0,0,0,0,0,0,0,0,0,0,4,0,1,0,0,0,0,1,0,0,0,0,18,0,0,0,0,0,0,0,0,0,0,0,0,0,0,0,0,0,0,0,0,3,0,0,32,1,0,0,1,0,0,0,0,0,55,0,1,0,0,1,0,0,0,0,0,0,2,0,0,57,0,0,0,0,0,0,4,0,0,0,0,0,0,0,0,0,0,0,0,0,0,0,1,1,0,0,4,0,0,0,0,1,0,0,1,0,0,0,0,0,0,0,0,0,0,0,0,0,0,3,1,0,0,30,0,3,0,0,2,0,0,0,0,0,3,0,0,0,0,0,1,4,0,0,0,0,23,0,0,0,0,0,1,7,0,2,0,0,0,0,0,0,0,0,0,0,0,0,0,4,0,2,1,0,0,9,5,0,0,0,0,0,0,0,0,1,0,0,0,11,0,0,0,0,0,0,21,0,0,0,0,16,2,0,0,33,5,0,0,0,0,0,0
15,0,0,0,0,9,0,2,144,0,0,7,0,0,0,0,0,0,0,1,0,0,0,0,0,0,0,0,0,0,0,0,2,0,0,0,0,0,0,0,1,0,0,0,1,0,0,0,0,0,1,0,8,0,0,0,0,1,0,9,1,0,1,0,0,0,0,0,0,0,0,0,0,0,0,0,0,0,0,0,0,1,0,0,0,0,0,0,0,0,0,0,0,0,1,0,0,0,0,0,0,2,0,21,1,12,0,0,0,0,0,0,8,1,0,2,1,0,0,0,13,1,7,15,0,3,0,0,2,0,0,0,0,0,0,0,0,0,36,0,0,10,1,0,0,0,0,11,0,0,1,0,0,0,0,0,0,0,0,0,0,0,0,1,0,0,0,0,0,0,0,0,23,0,1,0,0,3,0,0,0,0,0,0,2,0,0,0,0,3,0,0,0,0,0,0,0,0,0,0,0,0,0,0,0,0,0,0,0,0,0,1,0,1,0,0,0,0,0,3,2,0,2,6,0,0,3,0,0,0,0,0,0,0,0,0,0,0,0,89,0,5,0,5,1,0,0,0,0,0,0,0,0,8,13,0,0,0,0,1,0,16,5,27,0,0,0,0,0,0,0,2,0,1,0,25,0,0,0,1,0,1,0,0,0,0,0,15,0,3,0,0,0,0,2,0,0,0,0,28,1,0,0,1,0,0,2,4,0,0,0,0,0,0,0,0,0,0,0,0,3,0,0,12,0,0,1,14,0,1,0
16,0,0,0,0,0,0,0,18,0,0,13,0,1,0,0,0,2,2,0,11,0,1,0,0,9,7,7,1,0,0,0,0,0,0,0,0,15,2,0,0,0,0,0,0,0,0,0,0,0,0,0,0,1,0,0,0,0,19,4,0,0,3,0,0,0,0,0,1,0,0,0,1,0,5,0,0,0,0,0,0,0,0,0,0,0,0,2,0,6,0,1,5,0,0,0,0,0,0,0,0,0,0,1,0,1,1,0,1,0,0,0,1,2,0,0,0,0,0,0,0,6,0,6,0,0,3,0,16,0,1,0,0,1,0,0,0,0,3,0,0,10,0,0,0,0,0,77,0,0,0,3,0,0,0,0,0,0,0,0,0,0,4,51,0,0,3,0,0,0,0,0,2,0,0,0,0,0,3,0,0,0,0,0,0,0,0,8,0,0,0,0,0,1,1,0,0,0,1,0,0,0,0,0,0,0,0,0,0,0,2,0,0,0,1,0,1,0,0,9,0,0,3,0,0,0,0,1,3,1,0,0,1,0,0,0,0,14,0,1,0,8,0,15,0,0,0,0,5,0,0,0,9,12,0,0,0,0,0,0,0,0,2,0,9,4,0,0,0,0,0,7,0,0,0,0,0,2,0,1,0,0,0,0,0,0,0,2,0,31,0,0,0,0,0,0,0,0,0,2,0,0,0,0,0,0,0,28,0,4,0,0,1,6,2,0,0,0,0,23,0,0,0,8,0,0,0,0,0,0,0
17,0,0,0,0,21,0,0,29,0,0,24,3,2,0,0,0,0,0,0,0,0,0,1,0,3,0,0,0,0,0,0,2,1,0,0,0,0,0,1,3,0,0,0,0,0,0,0,8,0,0,0,0,0,4,0,3,0,0,0,1,0,8,0,0,0,0,0,0,0,0,0,0,0,0,0,0,0,6,0,0,0,0,1,0,0,0,0,0,2,3,0,0,1,2,10,0,0,0,0,0,1,0,3,0,0,1,0,0,0,0,0,0,0,0,0,0,0,0,0,1,0,4,0,0,0,0,0,0,0,0,15,0,0,0,0,1,0,21,0,0,0,4,0,0,0,0,0,0,0,0,0,0,0,0,0,0,0,0,0,0,1,3,4,0,0,0,0,6,0,0,0,33,3,0,0,0,1,0,2,0,0,0,0,0,0,0,0,0,0,0,0,0,0,0,1,0,0,0,0,0,0,1,0,0,0,0,0,0,0,0,0,0,0,8,0,1,0,0,2,0,0,0,3,0,0,0,0,0,0,0,0,0,0,0,0,0,3,0,9,3,0,0,0,23,0,0,0,0,4,0,0,2,0,0,0,0,0,1,0,0,0,9,0,83,1,0,0,0,0,0,3,0,1,0,16,0,0,0,0,0,0,0,0,0,0,0,0,0,0,0,0,0,0,3,0,0,0,0,11,0,0,0,1,0,0,0,4,1,0,0,0,0,0,0,0,0,0,0,11,0,0,1,26,0,0,0,0,0,0,0
18,0,1,2,0,14,2,3,53,0,0,33,4,0,2,0,0,0,0,0,0,0,2,0,0,0,0,0,0,0,0,0,0,0,0,0,2,0,0,0,1,0,0,0,0,0,0,0,0,0,0,0,0,0,0,0,2,0,0,0,0,4,4,0,0,0,0,0,0,0,4,0,0,0,0,0,0,0,1,0,0,0,0,7,6,0,0,0,3,0,0,0,0,0,0,0,0,0,0,0,0,1,0,0,1,2,2,0,0,0,3,0,0,0,0,0,3,11,1,0,0,0,2,0,0,0,0,0,0,0,4,0,0,0,0,0,0,0,8,0,7,0,3,9,0,0,0,0,1,0,0,15,0,0,0,0,0,0,1,0,0,0,3,9,0,0,0,0,0,0,0,6,3,0,0,0,0,0,0,0,0,0,0,1,1,0,0,0,0,0,0,0,0,0,0,0,0,0,0,0,0,0,0,3,0,0,0,0,0,9,0,0,0,2,0,0,3,0,0,32,0,0,0,0,0,0,0,1,0,0,0,0,0,0,0,0,0,0,0,2,0,5,0,9,0,0,0,0,0,0,0,0,3,14,0,0,1,0,0,0,0,0,0,0,15,0,0,0,0,0,0,6,0,0,0,7,0,1,0,5,0,0,0,0,0,0,1,0,0,7,0,0,0,0,0,0,0,2,0,0,0,0,0,0,0,0,1,2,0,0,0,0,1,0,0,0,0,0,0,32,17,0,1,9,0,0,0,1,0,0,0
19,0,0,0,0,0,1,0,47,0,0,20,3,5,0,0,0,0,0,0,1,0,0,4,0,0,0,0,0,0,0,0,0,0,0,0,0,8,0,0,0,0,0,0,0,0,0,0,10,0,0,0,0,0,0,0,0,0,1,0,0,0,2,0,0,0,0,0,0,0,0,0,0,0,4,0,2,0,1,0,0,0,0,0,0,0,0,0,4,4,4,0,12,0,0,0,0,1,0,0,0,1,0,12,2,2,1,0,0,0,0,0,18,1,2,0,0,0,0,0,0,0,0,2,0,0,0,0,0,0,0,0,0,0,0,0,1,0,38,0,0,0,0,1,0,0,0,14,0,0,3,0,0,0,0,0,0,2,4,0,0,0,7,2,0,0,1,0,0,1,0,0,0,14,0,0,0,2,1,0,2,0,0,0,0,0,0,16,0,0,0,0,0,2,2,0,0,0,0,0,0,0,0,0,0,0,0,5,0,10,0,0,0,0,7,0,0,0,0,0,0,0,0,0,0,0,2,0,0,1,0,0,0,0,0,0,0,2,0,11,0,2,0,2,8,0,0,0,0,0,0,0,0,0,0,2,0,0,0,0,0,9,0,0,51,0,0,0,0,0,0,5,0,0,3,0,0,0,0,0,0,0,0,0,0,0,0,3,0,1,0,0,0,0,2,0,0,1,0,0,1,0,0,2,0,0,1,11,0,0,0,0,0,2,14,0,0,2,0,10,0,0,1,37,0,0,0,0,0,0,0
20,0,0,0,0,0,0,0,7,0,0,0,3,0,0,0,0,0,0,0,0,0,2,2,17,2,0,6,0,0,0,0,0,2,0,0,0,0,0,0,3,0,0,0,1,2,0,20,0,0,0,0,0,0,0,0,0,0,0,2,0,0,2,0,0,0,0,0,0,0,0,0,0,0,0,0,0,0,1,0,0,0,0,0,0,0,10,0,0,1,0,0,0,0,9,2,0,0,2,0,6,0,0,21,0,21,0,0,0,0,0,1,0,0,1,0,0,0,0,0,0,0,0,4,0,0,0,0,1,0,0,0,3,0,0,0,2,0,15,0,4,0,0,0,1,0,0,6,1,0,0,7,0,0,0,0,0,0,1,0,0,0,26,0,1,0,0,0,0,0,0,0,0,0,0,0,0,0,14,0,0,0,0,0,0,0,0,0,0,0,0,0,0,6,0,0,0,0,0,0,0,7,0,0,0,0,0,0,0,14,0,3,0,1,0,0,0,0,0,18,0,0,0,0,0,0,0,1,0,0,0,2,0,8,8,1,0,0,0,1,0,3,4,0,0,0,0,12,0,8,0,0,1,0,0,8,0,0,39,0,0,0,44,1,3,0,0,11,0,0,0,0,0,0,0,3,0,0,0,0,0,0,0,0,0,3,0,0,0,13,0,0,0,0,10,0,0,0,0,0,0,0,0,0,1,1,0,38,3,0,0,0,0,1,1,0,0,0,0,0,0,0,4,6,21,2,0,0,0,0,0
21,0,1,0,0,0,0,10,40,0,0,10,0,16,0,0,0,0,0,0,0,0,0,2,0,27,0,4,0,0,0,0,0,0,0,0,0,3,0,0,0,0,0,0,0,0,0,0,0,0,1,0,2,3,0,0,0,0,1,0,1,0,1,0,0,0,2,0,0,0,0,0,10,3,0,0,0,0,0,0,0,0,0,0,0,0,0,1,0,0,0,0,14,0,10,0,0,0,0,0,12,1,0,17,0,5,0,0,0,0,0,1,0,3,0,0,0,0,8,0,0,4,0,3,0,0,0,0,0,0,0,9,3,1,0,0,0,0,18,15,3,0,0,0,0,0,0,3,4,0,5,0,0,0,0,0,0,0,0,0,0,0,10,1,1,1,5,0,0,0,1,0,5,0,0,0,0,0,0,0,0,8,0,0,0,0,0,0,0,0,1,0,0,6,0,0,0,0,0,1,2,0,0,0,0,0,0,0,0,0,0,0,2,0,0,0,0,0,0,22,0,0,17,0,0,0,0,0,0,0,0,0,0,0,0,8,0,1,0,0,0,8,0,7,0,0,0,0,22,0,0,0,2,1,0,0,0,1,0,0,0,5,25,0,4,0,0,0,2,0,3,1,2,0,0,0,0,13,0,0,0,3,0,0,0,0,0,1,0,12,1,0,0,0,13,0,0,0,0,0,0,0,0,0,0,0,0,16,1,0,0,3,5,1,0,0,0,0,0,1,0,0,2,9,0,0,0,4,2,0,0
22,0,0,0,0,21,0,0,105,0,0,5,0,3,0,0,0,0,0,0,0,0,0,3,0,0,0,0,0,1,0,0,2,0,0,0,0,0,0,0,0,0,0,0,0,0,0,0,0,0,0,0,0,0,0,0,1,0,1,11,0,0,5,0,0,0,0,0,0,0,0,0,0,0,0,0,0,0,0,0,0,0,0,0,0,0,0,4,0,0,4,2,0,0,1,0,0,0,0,0,0,1,0,0,2,6,0,0,0,0,0,0,0,0,0,0,4,1,0,0,0,0,7,2,0,0,3,0,0,0,10,0,0,1,2,0,0,0,3,0,0,0,0,0,5,0,0,14,1,0,0,0,0,0,0,0,0,0,0,0,0,0,4,1,0,0,1,0,0,0,0,0,23,0,0,0,0,3,0,0,1,0,0,0,0,0,0,0,3,0,0,0,0,5,0,0,0,0,0,0,0,0,1,0,0,0,0,0,0,0,0,0,0,2,2,0,2,0,0,1,0,0,3,0,0,0,0,0,0,0,0,0,0,0,0,0,0,0,0,0,0,8,6,4,0,1,0,4,1,0,0,0,0,0,0,0,0,0,0,0,0,5,0,0,16,1,0,0,0,0,0,1,0,0,0,4,0,0,0,0,2,0,0,0,0,0,0,0,0,2,0,0,0,0,2,0,0,0,0,0,0,0,0,0,0,0,0,3,0,0,0,2,0,0,11,0,14,2,0,3,1,9,1,68,0,0,1,3,0,0,0
23,0,0,0,0,0,0,0,34,0,0,32,1,3,0,0,0,3,0,0,0,0,0,0,9,0,0,17,0,1,0,0,0,0,0,0,0,12,0,0,0,0,0,0,0,0,0,0,0,0,0,0,0,0,0,0,0,0,4,4,0,0,3,0,0,0,0,0,1,0,0,0,2,44,0,0,0,0,0,0,0,0,0,0,1,0,0,0,0,0,0,0,0,0,0,0,0,0,0,3,0,0,0,1,0,2,1,0,0,4,0,0,3,1,0,6,0,0,0,0,0,0,0,3,0,0,0,0,0,0,12,0,0,0,0,0,4,0,28,0,1,0,0,0,0,2,0,54,0,0,7,8,0,0,0,0,0,0,1,0,1,0,2,75,0,0,0,0,0,0,0,0,0,0,1,0,1,0,0,1,0,0,1,0,0,0,0,0,0,0,0,0,0,3,0,0,0,0,0,0,0,0,0,0,0,0,0,0,0,10,0,0,0,0,1,0,0,0,0,15,0,1,2,0,0,1,0,0,0,0,0,0,0,0,0,0,1,8,0,0,0,17,2,30,0,0,0,4,0,0,0,0,1,0,0,0,0,0,0,0,0,0,2,0,6,0,0,0,0,9,0,18,0,0,0,0,0,0,0,0,0,0,0,0,0,0,0,1,0,8,9,0,0,0,0,0,0,0,0,0,0,0,2,7,3,0,0,19,0,0,0,0,0,0,0,0,0,0,0,21,4,0,0,5,4,0,1,0,0,0,3
24,0,0,0,0,44,0,1,35,0,0,1,2,0,3,0,1,0,0,0,0,0,2,1,0,2,0,1,0,6,0,0,0,0,0,0,0,0,0,3,0,0,0,0,1,0,0,0,3,0,0,0,0,0,0,0,1,0,0,17,0,1,1,0,0,0,0,0,0,0,0,0,23,0,2,0,0,0,0,0,0,0,0,0,0,0,0,0,1,0,0,0,0,0,0,29,0,0,0,0,0,0,0,0,2,14,0,0,1,0,0,2,5,1,0,0,1,5,0,1,0,0,14,0,2,2,4,0,0,0,0,0,0,0,0,0,0,0,12,0,0,18,5,0,0,0,0,0,0,0,1,1,0,0,0,0,0,0,0,1,8,0,0,1,0,0,0,1,0,0,0,0,0,2,0,0,0,2,0,0,0,0,0,0,0,0,0,0,0,0,0,0,0,2,6,0,0,0,0,0,0,0,1,0,0,1,0,0,0,0,0,0,0,1,6,0,0,0,0,2,0,0,1,0,0,0,3,1,0,0,0,0,0,0,0,0,0,0,1,59,6,3,0,2,0,0,0,0,0,0,0,0,1,0,0,0,0,0,0,0,0,0,13,0,47,0,0,0,0,0,0,2,0,0,0,0,0,0,0,0,0,0,0,0,0,0,0,0,0,3,1,0,0,0,14,0,0,0,0,0,3,3,0,0,0,0,0,13,5,0,0,0,0,0,0,0,5,0,0,35,3,0,0,0,0,0,0,6,0,0,0
25,0,0,4,0,2,0,0,18,0,8,13,2,0,0,0,0,0,0,0,0,1,0,0,0,0,0,2,0,0,0,0,0,0,0,0,0,0,0,0,0,0,0,1,0,0,0,0,0,0,1,0,0,0,0,0,0,3,0,0,0,0,0,15,0,0,1,1,0,0,0,0,0,2,0,0,0,1,0,0,1,0,0,0,0,0,11,0,0,1,0,0,0,0,9,0,0,0,0,9,0,1,0,27,0,9,1,0,0,0,0,0,0,0,0,31,0,0,3,0,0,0,0,9,0,0,0,0,4,0,0,0,0,0,0,0,0,0,10,12,0,0,3,0,0,0,5,0,4,0,0,0,0,0,0,0,0,0,0,1,0,0,0,0,0,1,0,0,0,0,0,0,3,0,52,0,0,1,11,0,0,3,0,0,0,0,0,0,1,0,1,2,0,15,0,1,0,0,0,0,0,0,0,0,0,0,0,0,0,14,3,0,0,0,0,0,0,0,0,79,0,0,11,42,0,0,1,0,0,0,0,0,0,0,0,3,0,0,5,1,0,2,0,0,2,0,0,0,0,0,0,0,0,0,0,0,1,0,0,0,1,9,89,5,0,0,0,0,0,23,0,0,0,0,0,3,0,0,3,0,0,0,0,0,0,0,0,0,0,5,0,0,0,0,1,0,0,0,1,1,2,0,1,0,5,0,0,0,0,0,0,0,13,0,0,0,0,0,0,0,0,0,0,3,0,2,0,0,0,30,0
26,0,0,0,0,0,4,13,61,0,0,33,3,3,0,0,0,0,4,0,0,0,0,0,0,29,3,4,1,0,0,0,0,0,0,0,0,30,0,0,0,0,0,0,0,0,0,0,0,0,0,0,2,0,0,0,0,0,10,0,0,0,0,0,0,0,0,0,0,0,5,0,0,0,0,0,0,2,0,0,0,0,0,0,0,0,0,2,0,9,0,0,0,0,0,0,0,0,0,0,0,1,0,0,0,0,3,0,0,0,0,0,2,3,0,0,0,0,0,0,0,0,0,2,0,0,2,0,0,3,3,0,0,0,0,0,50,0,23,0,1,15,0,0,0,2,0,5,0,0,18,0,0,0,0,0,1,0,0,0,0,0,4,0,0,0,5,0,0,0,0,0,0,0,0,0,0,0,0,0,1,0,0,11,0,0,1,17,0,0,0,4,0,0,0,3,0,0,0,0,1,0,0,0,0,0,1,0,0,9,0,0,0,2,7,0,0,0,0,3,0,0,1,0,0,0,2,1,0,0,0,0,0,0,0,0,0,1,0,0,0,2,2,6,0,0,0,0,8,0,0,0,0,0,0,0,0,0,0,0,0,0,1,0,15,0,0,0,0,0,0,21,0,0,0,0,0,0,2,2,0,0,1,0,0,0,0,0,0,10,8,0,0,0,0,0,0,2,0,0,8,0,0,35,0,3,0,21,0,6,0,0,0,2,1,0,3,0,0,24,0,0,1,9,0,0,4,0,0,12,0
27,0,0,2,0,8,0,0,5,0,0,18,1,12,0,1,0,0,0,0,2,0,0,0,0,0,0,0,0,0,0,0,0,3,0,0,0,2,3,0,0,0,0,1,0,2,0,3,0,0,0,0,0,0,3,5,0,0,0,0,0,2,2,0,0,0,0,0,0,0,0,0,0,0,1,0,0,0,0,0,0,0,0,0,0,0,3,2,0,1,0,0,0,1,11,0,0,0,0,0,0,2,0,13,1,11,0,0,0,0,0,0,0,0,1,0,0,0,0,0,0,0,1,0,0,0,0,0,0,0,0,0,0,0,0,0,1,0,8,23,18,0,0,0,8,0,2,0,4,0,0,0,0,0,0,0,0,0,1,0,0,0,3,0,0,0,3,0,0,0,0,0,2,0,0,0,0,1,0,0,0,0,0,0,0,0,0,0,0,0,1,0,0,17,0,0,0,0,0,0,0,0,0,0,0,0,0,0,0,0,0,2,0,0,2,1,0,0,0,49,0,0,0,0,0,0,0,0,0,0,0,4,0,0,0,3,0,0,0,8,14,2,0,0,1,0,0,0,0,0,0,0,2,0,0,0,0,0,0,0,1,2,18,0,8,0,0,0,0,0,0,0,0,0,0,0,0,0,0,0,0,4,0,0,0,0,0,0,0,4,0,0,0,0,9,0,0,14,0,0,0,0,0,0,0,0,0,24,2,0,0,0,0,0,0,0,0,0,0,5,10,0,3,6,0,0,0,5,0,0,0
28,0,0,0,0,0,0,0,18,1,8,21,0,1,0,0,0,0,0,15,0,0,0,1,0,0,3,0,0,1,0,1,0,0,0,0,0,0,0,3,0,0,0,0,0,0,0,0,0,12,1,0,0,0,0,0,0,6,9,0,0,0,4,0,0,3,1,0,0,0,0,0,0,16,2,0,1,0,0,0,0,0,0,0,2,0,0,0,0,40,0,0,11,0,0,0,0,0,4,0,0,1,0,2,0,2,0,2,0,0,0,28,1,4,0,2,0,0,0,0,0,0,0,8,0,0,0,0,14,0,2,0,0,0,0,0,31,1,33,0,9,0,0,0,0,0,0,0,0,0,0,2,0,0,0,2,0,0,0,0,0,0,11,60,0,0,3,0,0,0,0,7,2,0,1,0,4,0,0,1,0,0,0,0,0,0,0,17,0,0,0,0,0,1,0,0,0,0,0,0,0,0,0,6,0,0,0,0,0,0,1,1,0,0,2,0,0,0,0,11,0,1,1,0,0,0,3,0,0,0,2,0,0,0,0,0,0,3,0,0,0,19,0,0,0,0,0,0,0,0,0,0,2,0,0,0,0,0,0,0,0,0,1,0,9,5,0,0,0,0,0,16,0,0,0,4,0,0,0,0,0,0,1,0,1,0,0,1,0,21,0,0,0,0,0,0,0,2,1,0,1,0,0,8,0,5,0,23,0,0,0,0,1,3,4,0,0,0,0,3,0,0,0,16,0,0,0,0,0,0,11
29,0,0,0,0,2,0,0,0,0,0,37,4,0,0,0,0,0,0,0,0,0,3,0,0,0,0,2,0,0,0,0,4,0,0,0,0,0,0,0,9,0,0,0,0,0,0,0,0,0,0,0,0,0,1,3,0,4,0,0,1,0,0,0,0,1,0,3,0,0,0,0,0,0,0,0,0,0,0,1,3,0,0,1,0,1,0,0,0,0,0,0,0,0,1,0,0,0,0,0,6,3,0,31,2,7,0,0,0,0,0,0,0,0,0,8,0,0,0,12,1,13,0,0,0,0,0,0,4,0,0,0,0,0,0,0,0,0,30,8,0,0,2,0,0,0,0,0,8,0,0,0,0,0,0,0,0,0,0,0,0,0,0,1,0,1,0,0,0,0,0,0,12,0,81,0,0,1,0,1,0,7,0,2,0,0,0,0,0,0,0,0,0,13,0,1,1,0,0,0,1,0,0,0,0,0,0,0,0,0,2,5,0,0,0,1,0,0,0,58,2,0,0,6,0,3,2,1,0,0,2,0,0,0,0,7,0,0,5,1,0,1,0,1,0,0,0,0,0,0,0,0,0,0,0,0,0,0,0,0,0,10,0,4,0,0,0,0,0,12,0,0,0,0,0,1,0,0,0,0,0,0,0,0,1,0,0,1,0,17,0,0,0,0,15,0,0,0,0,0,1,0,0,0,0,0,0,0,2,0,0,0,7,1,0,8,0,4,0,0,5,0,2,3,0,0,0,7,4,19,0
30,0,0,1,0,9,0,3,25,0,0,81,0,0,0,0,0,0,0,0,0,0,0,0,0,0,9,2,0,0,0,0,2,0,0,0,6,0,0,0,0,0,0,0,0,0,0,1,0,0,2,0,0,0,0,0,0,2,0,3,0,0,3,0,0,0,0,0,1,0,0,0,0,0,0,0,0,0,1,0,0,0,0,0,0,0,0,0,0,0,0,1,0,0,0,0,3,0,0,1,0,0,0,1,0,7,0,1,0,0,0,0,1,0,0,5,2,0,0,0,15,0,2,2,0,0,1,6,53,0,0,19,0,0,0,0,0,1,10,0,0,29,1,0,0,0,0,9,0,0,0,2,1,0,0,0,1,0,0,0,0,0,0,0,0,0,0,2,0,0,1,2,2,0,1,0,0,0,0,0,0,1,0,0,0,0,0,0,0,0,0,0,0,0,1,0,0,0,0,0,1,0,0,0,0,0,0,0,0,0,0,1,0,0,0,0,0,0,0,16,15,1,0,0,0,3,4,0,9,0,1,0,4,0,0,0,0,5,0,0,0,0,0,0,0,0,0,0,0,0,0,3,0,0,0,0,0,0,0,0,0,0,0,2,0,0,0,0,0,0,0,2,0,0,0,11,0,0,0,0,0,0,0,0,0,0,0,1,0,2,0,0,0,0,0,0,0,2,0,8,1,0,0,0,0,0,1,0,0,0,0,0,1,0,0,0,0,1,0,0,0,0,1,2,0,0,0,0,0,0,0
31,0,0,0,0,6,0,12,20,0,0,57,1,0,0,0,0,0,0,0,0,0,0,0,0,0,0,7,0,0,0,0,3,0,0,0,0,1,0,0,1,0,0,0,0,0,6,0,0,3,0,1,0,0,0,0,0,1,2,0,0,0,0,0,0,0,0,0,1,0,0,0,0,6,0,0,0,0,0,0,0,0,0,5,0,0,0,0,0,0,0,1,0,0,1,14,0,1,0,1,0,5,0,0,0,5,0,1,0,0,0,0,5,1,0,19,3,5,0,0,2,0,2,0,0,0,6,0,32,0,0,0,0,0,0,0,0,0,8,0,0,0,2,0,0,0,0,0,2,0,0,0,0,0,0,1,0,0,0,0,0,0,0,0,0,0,9,0,0,0,1,0,1,0,0,0,0,1,0,0,1,0,0,0,0,0,0,7,2,6,0,4,0,0,0,0,0,0,0,0,0,0,0,0,0,0,0,0,0,2,0,2,2,0,0,0,1,0,0,10,0,0,0,3,0,0,2,0,9,0,0,0,1,0,0,0,0,0,0,0,0,1,0,0,0,0,0,0,0,0,3,0,0,0,0,0,0,0,0,0,0,0,0,1,0,0,0,0,0,0,0,0,0,0,1,4,0,0,0,0,0,0,1,0,0,1,0,1,0,14,0,0,0,0,0,0,0,5,0,0,0,0,3,6,4,0,0,15,0,0,0,0,1,0,0,0,0,0,0,30,0,0,1,6,0,1,0,0,0,0,0
32,0,0,1,0,5,0,0,24,0,0,4,3,0,4,0,0,0,0,0,0,0,0,0,6,13,0,0,0,0,0,1,0,0,0,0,0,6,0,0,0,0,0,0,0,0,0,0,0,4,1,0,0,0,0,0,2,4,0,0,0,1,4,0,0,0,0,0,0,0,0,0,0,0,0,0,0,0,0,0,0,0,0,0,0,0,0,0,0,0,0,0,0,0,1,0,0,0,0,0,0,1,0,0,5,2,1,1,0,0,1,14,0,0,0,0,0,0,0,0,0,0,1,0,0,0,0,0,0,1,4,0,0,0,0,0,0,0,0,0,3,0,3,0,0,0,0,0,1,0,18,4,0,0,0,0,0,0,0,0,0,0,2,0,0,0,17,0,0,0,1,5,0,0,0,0,0,0,0,0,0,0,0,0,3,0,0,0,0,0,0,0,0,0,2,0,0,0,0,0,1,0,0,0,3,0,0,0,0,0,1,1,4,1,4,0,0,0,0,30,0,0,2,0,0,0,0,0,0,0,1,0,0,0,0,0,0,3,0,1,0,3,0,6,0,0,0,0,0,0,0,0,0,0,0,0,0,0,0,0,0,0,2,0,6,0,0,0,0,0,1,14,16,0,0,4,0,0,0,0,0,0,2,0,0,1,0,0,0,0,0,0,0,0,0,0,0,1,0,7,0,0,0,9,0,0,1,0,0,0,0,0,0,0,0,0,0,0,0,10,0,0,4,1,0,0,0,0,0,0,0
33,0,0,0,0,10,0,0,11,0,8,41,7,0,0,0,0,0,0,0,0,0,0,0,0,0,0,11,3,0,0,0,0,0,0,0,0,21,2,0,5,0,0,0,0,0,0,0,6,0,0,0,0,0,0,5,0,0,0,0,1,0,0,0,0,0,0,0,0,0,0,0,0,0,0,0,0,0,1,0,3,0,0,0,3,0,0,0,0,0,0,1,0,1,0,3,0,0,0,0,0,2,0,18,0,9,0,0,0,0,3,0,0,0,0,3,0,0,0,0,1,0,1,1,0,0,5,0,6,0,0,0,0,0,0,0,0,0,23,0,0,0,0,0,2,0,0,0,8,0,0,0,0,0,0,0,0,0,0,1,0,0,0,1,0,0,0,5,0,1,0,0,4,0,38,0,0,0,0,1,0,0,1,0,0,0,0,0,0,0,1,0,0,0,0,0,0,0,0,0,0,0,0,0,0,0,0,0,3,4,0,1,1,0,0,0,0,0,0,20,0,2,0,29,0,0,0,0,0,0,0,0,0,0,2,3,0,0,0,0,0,2,0,0,0,0,0,0,0,0,0,3,1,0,3,2,0,0,19,2,0,9,77,9,0,0,0,0,0,97,0,1,0,0,0,0,0,19,0,0,0,0,0,0,1,0,0,1,0,11,0,2,0,0,21,0,0,9,0,1,3,0,0,0,0,0,0,21,1,0,0,0,17,0,0,0,0,0,0,1,0,0,3,7,0,6,2,0,0,0,0
34,0,0,0,6,0,0,0,11,0,0,12,5,1,0,0,0,0,1,0,0,0,0,1,0,0,1,1,0,0,0,0,0,0,0,0,0,7,0,0,0,0,0,0,0,0,0,0,0,4,0,0,0,0,0,0,0,0,1,0,1,0,0,0,0,0,0,0,0,0,0,0,0,0,0,0,1,0,1,0,0,0,0,1,0,0,1,12,0,1,4,0,0,0,1,0,0,0,0,0,0,1,0,30,0,0,1,0,0,0,0,1,20,1,0,0,3,0,0,0,0,0,1,2,0,0,0,0,0,0,0,65,0,0,0,0,0,0,9,2,0,0,0,0,0,0,0,0,0,0,0,0,0,0,0,0,0,3,0,0,0,0,2,1,0,0,1,0,0,0,0,0,63,0,1,0,0,1,0,5,0,0,0,4,2,0,0,9,0,0,0,0,0,0,0,0,5,0,0,0,0,0,1,0,0,0,0,0,0,0,0,0,0,0,0,0,0,0,0,1,0,0,0,0,0,0,0,0,0,0,0,0,0,0,0,0,0,0,0,0,0,18,0,1,9,0,0,0,0,0,2,0,1,4,0,0,0,0,0,0,0,0,0,0,40,0,0,0,0,0,2,8,5,0,0,7,0,0,0,0,0,0,0,0,0,0,0,3,0,4,0,0,0,3,0,0,2,0,0,0,0,0,0,0,0,1,0,20,4,0,0,0,0,1,0,0,0,0,0,12,0,0,2,35,0,0,0,16,0,0,0
35,0,0,0,0,0,10,1,21,0,1,6,6,8,0,0,0,0,0,0,0,0,0,1,0,0,0,0,0,0,0,0,0,0,0,0,0,0,0,4,0,0,0,0,0,0,1,0,0,0,0,0,0,0,0,0,0,0,0,0,0,1,2,0,0,0,0,0,0,0,0,0,0,1,0,0,0,0,0,0,0,0,4,0,6,0,0,0,0,13,0,2,0,0,4,0,0,0,0,0,2,2,0,5,0,14,7,0,0,1,0,0,7,4,0,0,0,0,0,0,0,0,0,4,0,0,0,0,0,0,0,0,0,0,0,0,2,0,12,0,0,0,1,0,4,0,0,8,0,0,1,0,0,0,0,0,0,0,2,0,2,0,0,6,0,0,1,0,0,0,0,0,28,0,1,0,2,2,1,0,0,0,0,0,0,0,0,14,0,1,0,0,0,0,0,0,0,0,0,0,0,0,0,0,0,0,0,4,0,0,0,0,0,0,4,0,2,1,0,0,0,0,0,0,0,0,0,0,1,0,0,0,0,0,0,0,0,5,0,19,0,17,7,2,8,1,0,0,0,0,0,0,4,0,0,0,0,0,0,4,0,0,2,0,32,0,0,0,0,0,2,13,0,0,0,0,0,0,0,0,0,0,0,0,0,0,0,5,0,1,0,0,0,4,10,0,3,0,0,0,2,0,0,0,0,0,1,15,5,0,0,0,0,4,3,0,0,1,0,25,0,0,0,5,0,0,0,0,0,0,0
36,0,0,0,0,0,0,32,28,0,0,51,2,1,0,0,0,0,0,0,0,0,0,0,0,0,0,0,0,0,0,0,3,0,0,0,0,4,1,0,1,0,0,0,0,0,0,0,0,0,0,0,2,0,0,0,0,4,0,0,0,0,0,0,0,2,0,0,1,0,0,0,0,0,1,0,0,0,0,0,7,0,0,0,11,0,0,1,6,0,0,0,0,0,2,32,0,0,0,1,0,1,0,0,0,3,0,1,0,4,0,0,8,0,0,30,1,0,0,0,15,0,2,0,0,0,2,0,88,0,0,0,0,0,0,0,18,0,13,0,0,0,4,0,0,0,0,0,1,1,0,0,0,0,0,0,0,0,0,0,0,0,0,0,0,0,0,0,0,0,2,0,5,0,1,0,0,0,3,1,1,0,0,0,0,0,0,0,1,0,0,0,0,0,0,0,0,0,2,0,1,0,0,0,0,0,0,0,0,30,0,2,3,0,0,0,1,0,0,28,16,0,0,0,0,2,6,0,0,0,0,0,0,0,2,0,0,0,0,0,0,1,0,0,0,0,0,5,0,0,0,0,0,0,0,0,0,0,0,0,0,0,9,1,0,6,0,0,0,0,0,1,12,0,0,7,0,0,0,0,0,0,1,0,0,1,0,0,0,6,0,0,0,0,0,0,0,4,0,0,1,0,0,0,0,0,1,0,0,0,0,0,1,0,0,0,4,0,0,0,0,0,1,2,0,1,0,1,0,0,0
37,2,0,2,0,3,0,0,20,0,0,5,7,8,0,0,0,0,0,0,0,0,0,2,34,4,0,5,0,0,0,0,0,0,0,0,0,3,0,0,0,0,0,0,0,5,0,0,0,0,0,0,0,0,0,1,0,0,0,0,0,0,6,0,0,0,1,0,0,0,0,0,38,3,0,0,0,1,0,0,0,0,0,0,0,0,0,3,1,0,0,0,29,0,0,0,0,0,0,0,0,1,0,0,3,0,0,0,0,0,0,1,0,0,0,1,0,0,22,0,0,0,1,2,0,0,0,0,0,0,0,0,4,0,0,0,1,0,16,0,6,0,1,0,0,0,0,0,2,0,0,2,0,0,0,0,0,0,2,0,0,0,0,0,0,0,0,0,0,0,0,4,5,0,0,0,0,0,0,0,0,0,1,0,0,0,1,0,0,0,0,0,0,23,0,0,0,0,0,1,0,0,0,6,0,0,1,1,0,0,0,2,0,0,1,0,0,0,0,47,11,0,6,36,0,1,0,0,0,0,0,0,0,0,3,0,0,0,0,0,0,2,0,6,0,0,0,0,0,3,0,0,2,0,0,0,0,0,0,2,0,0,0,0,4,0,0,0,0,0,1,0,0,0,0,1,0,0,0,0,0,0,0,0,0,10,10,0,0,1,0,0,0,0,9,0,0,0,0,1,0,0,0,0,0,0,0,37,1,0,0,0,0,0,1,0,0,0,0,3,0,0,3,4,0,0,0,0,0,0,0
38,0,0,0,0,21,0,5,106,0,0,39,18,0,0,0,0,1,1,1,0,0,0,0,0,0,1,0,0,0,0,0,8,0,0,0,0,4,0,0,0,0,0,0,1,0,0,0,0,0,0,0,0,0,0,0,0,0,0,0,1,0,0,1,0,0,0,0,0,0,0,0,0,0,0,0,0,0,1,0,0,0,0,0,0,0,0,0,0,0,0,6,0,0,0,11,0,0,0,0,0,1,0,39,4,4,1,0,0,0,9,0,17,0,0,1,0,5,0,0,13,1,12,2,0,0,0,0,1,0,0,0,0,0,1,0,0,1,25,0,0,0,5,0,3,0,0,10,0,0,0,0,0,0,0,0,0,0,0,0,16,0,0,7,0,0,0,0,0,1,0,0,54,0,3,0,0,2,0,0,0,1,0,5,1,0,0,0,0,0,1,0,0,0,0,0,0,1,0,0,0,0,0,0,0,0,0,0,0,48,0,0,0,0,0,1,0,0,0,2,0,2,0,4,0,0,1,0,0,0,0,0,0,1,0,0,0,0,3,0,0,8,0,0,0,0,0,0,0,0,0,0,0,0,0,0,0,0,0,0,0,22,35,31,0,0,0,0,0,0,0,1,0,0,0,4,0,0,1,0,0,0,0,0,0,1,0,4,0,1,0,0,0,0,0,0,0,1,0,22,1,7,0,1,0,0,0,0,0,0,0,0,2,0,0,0,0,0,0,0,0,12,1,13,0,0,1,5,0,0,0
39,0,0,0,1,0,0,6,54,0,3,41,5,11,0,0,0,1,0,0,0,0,0,1,0,0,0,9,0,0,0,0,0,2,0,0,0,14,0,0,0,0,0,1,1,0,0,0,3,0,0,0,0,0,0,0,0,0,13,0,0,1,0,0,0,0,3,1,0,0,0,0,0,7,1,0,0,0,0,0,0,0,0,0,4,0,0,1,0,0,0,0,8,0,5,0,0,0,3,0,0,2,0,71,2,2,2,0,0,0,6,0,0,4,0,0,0,0,0,0,0,4,0,4,0,0,0,0,0,0,0,12,0,0,0,0,1,0,18,0,3,0,0,0,0,0,0,0,3,0,0,6,0,0,0,0,0,0,0,0,0,0,9,1,6,0,6,0,0,0,1,8,0,0,27,1,0,0,31,0,0,0,0,0,0,0,0,1,0,0,0,0,2,11,0,0,0,0,0,0,0,0,0,0,0,0,0,0,0,36,0,0,0,0,0,1,0,0,0,51,0,0,0,0,0,0,0,1,0,0,0,0,0,0,0,9,0,0,4,0,4,7,2,5,0,0,1,0,0,0,0,0,0,0,0,0,0,0,8,0,0,0,37,2,9,0,0,0,0,0,1,0,0,0,0,0,1,0,0,0,0,0,6,0,0,0,15,0,0,8,0,0,0,0,5,0,0,21,0,0,0,0,0,0,0,0,0,35,0,2,0,0,4,2,0,0,0,0,0,0,0,0,0,12,18,0,5,0,0,32,0
40,0,0,1,0,4,0,5,84,0,0,5,2,10,0,0,0,1,0,0,2,0,0,2,0,56,0,0,0,0,0,0,0,0,0,0,0,6,0,0,4,0,0,0,0,0,0,4,0,0,1,1,0,0,0,0,0,0,0,0,0,1,0,0,0,0,1,2,0,0,0,0,0,0,0,0,0,0,0,0,0,0,0,0,0,1,0,2,0,0,0,0,0,0,4,0,0,0,0,0,0,0,2,2,1,17,0,0,0,0,2,0,0,0,0,4,0,0,3,0,0,0,0,9,0,0,2,0,0,0,0,0,0,0,0,0,0,0,4,8,0,0,3,0,0,0,0,0,4,0,0,2,0,0,0,1,0,0,0,0,0,0,9,0,0,1,0,0,0,0,0,4,4,0,0,0,0,0,0,0,0,0,0,1,0,0,0,0,0,0,0,0,0,0,0,0,0,0,0,2,0,0,0,0,0,0,0,0,0,0,6,0,0,1,1,1,0,1,0,46,0,1,0,0,0,2,0,0,0,0,0,0,0,36,0,0,0,0,0,5,0,1,0,13,1,0,0,0,0,0,0,0,3,0,8,0,0,0,0,0,0,0,9,0,4,0,0,18,0,0,0,0,0,0,0,0,0,0,0,0,0,0,3,0,0,0,0,0,0,6,0,0,0,0,12,0,0,0,0,0,0,0,0,0,0,0,0,25,1,0,0,0,3,0,0,0,0,0,0,1,4,0,3,7,0,0,0,4,2,0,0
41,3,0,0,12,0,0,0,14,0,0,24,3,5,0,0,0,0,1,0,0,0,1,10,0,2,0,1,0,0,0,0,0,0,0,0,0,20,0,2,0,0,0,0,0,0,0,0,1,0,0,0,0,0,0,0,0,0,2,0,0,0,2,1,0,0,0,0,0,0,2,0,0,0,0,0,0,0,0,0,6,0,0,0,0,0,0,0,0,4,0,0,0,0,1,0,1,0,0,0,0,2,0,7,0,0,3,0,0,0,2,1,8,1,2,0,0,6,0,0,0,0,3,0,0,6,0,0,0,0,0,0,0,0,0,0,0,8,12,0,0,9,0,0,10,0,0,0,0,0,0,0,0,0,0,0,0,0,0,0,0,0,3,0,0,0,3,0,0,0,0,0,0,0,2,0,0,1,0,0,0,0,0,4,0,0,0,23,0,0,0,0,0,8,0,0,0,0,0,5,0,0,1,0,0,0,0,3,0,0,0,0,0,0,5,0,0,0,2,4,0,1,0,0,1,0,2,0,0,0,0,0,0,0,0,0,0,0,0,0,0,29,1,3,9,0,0,7,0,4,0,0,0,0,3,0,0,0,0,0,0,0,7,0,23,2,0,0,0,1,0,5,0,0,0,0,0,0,0,0,0,0,0,0,0,0,0,0,0,6,0,0,0,0,2,0,0,0,0,0,0,0,0,1,0,0,0,0,0,0,0,0,0,2,4,0,0,0,0,0,0,0,0,73,2,0,0,0,0,1,0
42,0,0,0,0,0,0,0,109,0,0,11,4,3,0,0,0,0,0,0,0,0,0,7,9,2,0,0,0,3,1,0,0,2,0,0,0,7,0,0,0,0,0,0,1,0,0,0,4,9,0,0,0,0,0,0,2,0,0,0,0,0,2,0,0,0,0,0,0,0,0,0,0,0,0,0,0,0,0,0,0,0,0,0,0,0,0,5,0,14,0,3,5,0,3,0,0,0,1,0,1,1,0,13,2,0,3,0,0,0,0,0,2,1,0,0,1,0,0,0,0,0,0,2,0,0,0,0,0,0,0,22,0,0,0,0,4,0,40,0,0,8,0,0,0,0,0,0,0,1,0,0,1,0,0,0,0,0,2,0,7,1,26,3,0,0,0,0,0,0,0,1,0,0,0,0,1,3,0,0,2,0,0,0,1,1,0,4,0,0,0,2,0,5,0,0,0,0,0,0,0,0,1,3,0,0,0,0,0,6,0,0,0,1,6,0,0,0,1,3,0,0,0,0,0,0,0,1,0,0,0,0,0,0,0,0,0,1,0,0,3,6,2,3,7,0,4,0,0,0,0,0,1,4,0,0,0,0,0,0,0,0,0,7,7,0,0,0,0,0,1,6,0,0,0,8,0,0,0,0,1,0,0,0,1,0,0,4,0,2,0,0,0,5,0,0,0,0,0,0,1,0,0,0,0,0,0,16,0,0,0,0,0,4,0,0,0,0,0,28,0,0,0,101,0,0,0,0,0,0,0
43,1,0,0,1,1,0,0,63,0,0,14,2,17,0,3,1,0,0,0,0,0,0,1,0,7,0,0,0,0,0,0,0,2,0,0,0,2,0,0,2,0,0,0,0,2,0,0,8,0,0,0,2,0,0,0,0,0,9,0,0,0,3,0,0,0,2,0,0,0,0,0,0,4,0,0,0,0,0,0,0,0,0,0,0,0,0,0,0,1,0,0,3,1,35,3,0,0,0,2,0,3,0,15,0,1,0,0,1,0,0,1,0,0,0,0,0,0,0,0,1,0,0,0,0,0,0,0,0,0,0,12,2,0,0,0,0,0,7,0,6,0,0,0,0,0,3,5,5,0,0,1,13,0,0,0,0,6,0,0,0,0,3,2,0,0,0,0,0,0,0,0,2,0,0,0,1,0,0,0,0,7,1,0,0,0,1,1,0,0,1,1,5,0,0,0,0,0,0,0,0,0,0,0,0,0,0,0,0,0,0,0,0,0,3,0,2,0,0,57,4,0,0,0,1,0,0,0,0,0,2,0,2,0,0,3,0,2,3,0,8,2,0,20,0,0,0,0,0,5,0,0,4,0,0,0,0,0,0,0,0,0,16,1,1,0,0,4,0,0,0,0,0,1,0,1,0,0,0,0,0,4,0,0,0,0,0,2,0,8,0,0,0,0,8,0,0,13,1,0,0,0,0,1,2,0,0,45,0,0,0,3,8,2,0,0,0,0,0,0,0,1,0,6,0,0,0,0,4,0,0
44,0,0,2,0,9,0,0,3,0,0,0,0,0,1,0,0,0,0,0,0,0,0,0,0,0,0,1,0,1,0,0,0,0,0,0,0,0,0,0,0,0,0,0,0,3,0,0,0,0,1,0,0,0,0,0,2,0,2,0,0,0,1,0,0,0,0,0,0,0,0,0,0,0,0,0,0,0,0,0,0,0,0,0,0,0,0,0,0,0,0,0,0,0,0,0,0,0,0,0,0,0,0,1,9,4,0,0,0,0,0,134,0,1,0,0,0,18,0,0,0,4,1,3,0,0,3,0,3,0,9,17,0,1,0,0,0,0,3,0,11,0,1,4,0,0,0,0,1,0,0,0,0,0,0,0,0,2,0,0,0,0,2,0,0,0,15,2,0,0,0,0,0,0,0,0,1,1,0,0,1,0,0,0,0,0,0,0,0,0,0,0,0,0,1,0,0,0,0,0,0,0,0,0,1,0,0,0,0,0,0,0,0,0,8,0,0,0,0,22,0,0,0,0,0,0,1,0,0,0,0,1,0,0,2,0,0,0,0,1,0,1,0,7,0,0,0,0,0,0,0,0,3,19,0,0,1,0,0,0,0,1,0,0,14,0,0,0,0,0,0,16,0,0,1,0,0,0,0,0,2,0,0,0,0,0,0,0,0,0,0,0,0,0,0,0,0,1,0,0,1,0,0,16,0,5,0,0,0,0,0,0,0,0,9,0,0,0,0,3,5,0,1,4,0,0,4,0,0,0,0
45,0,1,0,0,13,0,10,17,0,0,777,0,0,0,1,0,1,0,0,0,0,0,0,14,0,0,0,1,0,0,0,2,0,0,0,0,0,0,0,0,0,1,0,0,0,1,0,0,0,0,0,0,0,0,3,0,3,1,0,0,0,0,0,0,0,0,0,2,0,0,0,0,14,0,0,0,0,1,0,19,0,0,0,0,0,0,0,4,0,0,0,0,0,0,48,0,1,0,3,0,2,0,1,0,1,1,0,0,0,0,0,5,0,0,36,1,8,0,0,5,0,1,5,0,0,0,0,136,0,3,0,0,0,0,0,0,0,25,0,0,0,3,0,0,0,0,0,1,0,0,0,0,0,0,0,0,1,0,0,0,0,1,81,0,0,0,0,0,0,0,0,0,0,1,0,0,1,3,0,0,1,0,0,1,0,0,0,0,0,0,0,0,0,0,0,0,0,0,0,0,0,0,0,0,0,2,0,0,0,0,0,0,0,0,0,0,0,0,20,0,0,0,0,0,1,15,3,0,0,0,0,0,0,7,0,0,13,0,0,0,0,0,0,1,0,0,0,0,0,4,0,0,0,0,0,0,0,3,1,0,9,8,8,0,3,0,0,0,41,0,7,0,0,0,3,0,0,1,0,0,0,0,0,0,0,0,0,0,27,0,0,0,0,0,0,0,0,0,0,0,0,0,0,0,0,0,0,0,0,0,0,1,0,3,0,0,0,0,0,0,0,2,2,0,0,0,0,0,0,3
46,0,1,0,13,0,0,0,42,0,1,15,0,2,0,0,1,0,0,0,0,0,0,1,0,0,0,1,0,0,0,0,0,0,0,0,0,12,0,0,0,0,0,0,0,0,0,0,0,0,0,0,0,0,0,0,0,0,2,0,0,0,2,0,0,0,0,0,0,0,0,0,0,1,0,0,0,0,0,0,0,0,0,0,7,0,0,9,0,0,0,2,2,1,0,31,0,0,0,0,0,3,33,14,0,0,0,0,0,1,0,5,2,1,0,0,0,0,0,0,0,0,0,0,2,0,0,0,0,0,7,0,0,0,0,0,1,0,13,0,0,4,0,0,0,0,0,7,0,0,0,1,0,0,0,0,0,7,0,0,0,0,4,3,0,0,1,0,0,1,0,1,0,4,5,0,0,0,0,0,0,0,0,11,1,1,0,0,0,0,0,3,0,0,0,0,0,0,0,2,0,3,1,0,0,0,0,0,0,7,0,0,0,0,2,0,0,0,0,2,0,0,0,0,1,0,0,0,0,0,0,0,0,0,0,0,0,17,2,0,0,15,0,2,0,1,0,9,0,0,0,0,4,0,10,0,0,0,0,0,0,0,10,0,71,0,0,0,0,0,1,11,0,0,5,2,0,0,0,0,0,0,1,0,0,0,0,48,0,1,0,0,0,0,6,0,0,1,0,0,0,0,0,1,0,1,0,9,2,0,0,0,0,1,12,0,0,0,0,3,0,0,0,0,0,0,0,0,0,0,0
47,0,0,0,0,8,28,3,136,0,0,25,4,0,0,0,0,0,0,0,1,0,2,0,0,0,1,0,0,1,0,0,9,1,0,0,0,6,0,0,4,0,0,0,0,0,0,0,0,0,0,0,0,0,0,0,0,0,0,0,1,0,4,0,0,0,0,0,0,0,0,0,0,0,0,0,0,0,0,0,3,0,0,1,3,0,0,4,0,0,0,11,0,0,2,55,0,0,0,0,0,1,0,17,4,9,0,0,1,0,0,2,31,0,0,3,0,0,0,1,13,0,6,6,0,0,0,0,5,0,0,0,0,1,0,0,0,0,2,0,0,0,2,0,0,0,1,20,0,0,0,0,0,0,0,0,0,0,0,3,0,0,0,0,0,0,0,2,12,0,0,0,46,37,9,0,1,2,0,0,0,1,1,0,0,1,0,0,0,0,0,0,0,0,4,0,0,0,0,0,0,0,0,0,0,0,0,0,0,23,0,0,0,0,0,0,0,0,0,0,0,0,2,14,0,0,1,0,1,0,0,0,0,0,0,0,0,0,2,0,0,4,5,2,3,0,12,5,0,0,0,1,0,0,0,0,0,0,0,0,0,19,37,12,0,1,0,0,0,0,0,4,0,1,4,32,0,0,0,2,0,0,0,0,0,0,0,0,0,2,0,0,0,0,1,0,0,1,0,45,3,0,0,1,0,0,0,0,3,0,0,0,1,0,6,0,0,0,1,0,0,0,1,3,0,1,0,7,0,0,0
48,0,0,0,0,17,0,0,17,0,0,110,0,0,4,0,0,0,0,0,0,0,0,0,6,0,1,0,0,0,0,0,2,1,0,2,0,5,0,0,1,0,0,0,0,0,0,0,0,0,1,0,0,0,0,0,0,0,0,0,5,0,0,0,0,0,0,0,1,0,0,0,6,0,0,0,2,0,0,0,4,0,0,0,3,0,0,0,0,0,0,1,0,0,2,59,1,0,0,0,0,0,0,9,1,6,0,0,0,0,0,0,11,0,0,0,0,0,0,0,6,0,14,2,1,0,2,0,3,0,0,56,0,0,0,0,0,0,55,0,0,8,1,0,0,0,4,0,1,0,0,0,0,0,0,0,0,0,0,0,8,0,0,5,0,0,0,0,0,0,0,0,0,22,6,0,1,1,0,0,0,0,0,0,1,0,0,0,0,0,2,0,0,0,0,0,0,0,0,0,0,0,0,0,0,0,0,0,0,25,0,1,0,0,0,0,0,0,4,3,0,0,2,0,0,1,10,0,3,1,0,0,0,3,0,0,0,0,0,0,0,2,0,0,0,0,0,0,0,0,0,0,0,0,0,0,0,0,0,2,0,23,61,21,0,2,1,0,0,0,0,5,0,0,3,1,0,1,0,0,0,0,0,0,0,0,0,0,0,1,0,0,0,0,7,0,0,0,0,18,2,3,0,0,0,0,0,5,5,0,0,2,0,0,4,0,0,0,0,0,0,0,0,6,0,0,0,2,0,1,0
49,0,0,3,0,1,0,10,37,0,0,463,1,0,0,0,0,0,0,0,0,0,0,0,0,16,0,10,1,0,0,0,1,0,0,0,0,0,0,0,3,0,0,0,1,1,0,0,17,0,0,0,3,0,0,4,0,0,4,0,0,0,0,6,0,2,0,0,0,0,0,0,0,0,0,0,0,0,0,0,6,0,0,0,0,0,0,0,1,0,0,0,0,0,10,4,4,0,0,11,0,1,0,127,0,0,0,0,0,0,0,1,0,0,0,6,0,0,0,0,0,0,1,5,0,0,1,0,5,0,0,0,0,0,0,0,0,0,38,0,0,0,1,0,3,0,0,0,12,0,0,1,8,0,0,0,0,0,0,0,0,0,0,0,0,0,0,0,0,1,0,0,9,1,17,0,0,1,0,0,0,0,1,3,0,0,0,1,0,0,4,0,0,0,0,0,0,0,0,0,0,0,0,0,0,0,0,0,0,0,0,1,0,0,0,0,0,0,0,79,0,0,0,0,0,0,1,0,0,0,0,0,0,0,0,15,0,0,3,0,0,1,0,0,0,0,0,0,10,0,24,0,0,0,0,2,0,0,0,0,0,19,17,1,0,0,0,0,0,0,0,0,0,0,0,2,0,0,0,0,0,0,0,0,0,0,0,1,0,4,1,2,0,0,4,0,0,2,0,0,1,1,2,0,0,0,0,0,0,4,0,0,6,0,0,0,0,0,0,0,0,0,1,4,22,1,0,10,0,28,0
50,0,0,0,0,12,0,9,23,0,0,18,8,1,3,0,0,0,0,0,0,0,0,0,0,0,1,2,0,0,0,0,2,0,0,0,0,5,0,0,0,0,0,0,0,0,0,0,0,0,0,0,0,0,0,0,3,0,0,0,5,0,0,0,0,0,0,0,0,0,0,0,0,0,0,0,0,0,0,0,6,0,2,0,5,0,0,4,0,0,0,6,0,1,0,0,0,0,0,0,0,0,4,7,2,6,0,0,0,0,0,2,8,0,3,1,0,0,0,0,8,0,11,2,0,5,4,0,1,0,0,30,0,0,0,0,0,0,26,0,0,0,2,0,0,0,1,10,0,0,0,0,0,0,0,0,0,3,0,0,0,0,0,1,0,0,0,0,0,0,1,0,28,12,2,4,0,3,0,0,0,0,0,0,3,0,0,2,0,0,1,0,0,0,0,0,0,1,0,0,0,0,1,0,0,0,0,0,0,27,0,0,0,0,0,0,0,1,0,3,0,0,0,2,0,0,4,0,0,0,0,0,0,0,0,0,0,0,3,9,0,0,9,0,0,0,0,0,0,0,0,0,0,0,0,0,0,0,0,4,0,25,22,25,0,0,0,0,0,0,0,2,0,0,0,12,0,0,0,0,0,0,0,0,0,0,0,12,0,9,1,0,0,4,0,0,0,0,0,14,2,0,0,0,0,1,0,0,10,0,0,2,2,0,0,0,8,0,0,0,0,0,1,15,0,0,0,6,0,0,0
51,0,0,0,0,0,0,0,8,0,17,36,8,21,0,0,0,0,0,0,0,0,2,1,0,8,0,3,3,0,0,0,1,1,0,0,0,17,3,0,0,0,0,0,0,0,0,0,0,0,0,0,0,0,0,0,0,3,30,0,0,0,0,0,0,0,2,0,0,0,0,0,0,9,0,0,0,0,0,0,0,0,0,0,0,0,0,0,0,0,0,0,23,0,9,0,4,0,0,5,0,0,0,32,0,34,2,0,0,0,0,0,0,6,0,0,0,0,0,0,0,0,0,5,4,0,0,0,1,0,0,0,2,0,0,0,1,0,8,0,4,0,0,0,0,0,0,0,3,0,0,0,0,0,0,0,0,0,0,0,0,0,3,1,0,1,0,0,0,0,0,0,0,0,0,1,0,1,0,0,0,0,0,0,0,0,0,0,0,0,1,0,0,0,0,0,0,0,0,0,0,0,0,0,1,0,0,0,1,0,0,0,0,0,2,0,0,0,0,183,0,0,0,0,0,0,1,0,0,0,0,0,0,0,0,1,0,0,0,0,9,7,0,46,0,0,0,0,0,0,20,0,0,0,0,0,0,0,0,0,0,0,14,1,8,0,0,0,0,0,1,1,0,3,0,0,0,0,0,0,5,0,0,0,0,0,0,3,0,9,0,0,0,0,27,0,0,6,0,0,0,1,0,0,0,0,0,2,0,3,0,3,0,1,0,0,0,2,0,6,0,0,4,16,0,0,7,0,3,17,0
52,0,0,1,0,4,0,0,28,0,0,9,12,0,0,0,0,0,0,0,0,0,0,1,0,0,0,0,7,0,0,0,0,0,0,0,0,0,0,0,0,0,0,0,0,2,0,0,0,2,0,0,0,0,0,0,0,0,2,0,1,0,2,10,0,0,1,0,0,0,0,1,0,0,0,0,1,0,0,0,0,0,0,0,0,0,0,1,1,0,0,0,0,0,9,0,8,0,0,0,0,0,0,19,4,3,3,0,0,0,0,3,0,0,0,8,0,0,0,0,0,0,1,3,0,0,0,0,1,0,0,0,0,0,0,0,2,0,8,21,3,0,1,0,0,0,1,7,2,0,0,2,0,0,0,2,0,0,0,1,0,0,5,0,3,0,7,0,1,0,0,0,5,0,10,1,0,0,0,0,0,0,0,0,0,0,0,0,0,0,1,0,0,3,0,0,1,0,0,0,0,0,0,0,0,0,1,0,0,0,0,0,0,0,0,0,0,0,0,0,0,0,0,0,0,1,0,0,0,0,4,2,0,0,0,1,0,0,2,2,12,0,0,16,0,0,0,0,0,3,0,1,1,0,0,0,0,0,4,0,0,0,26,0,2,0,0,3,0,0,2,1,0,0,0,0,0,7,0,0,0,0,0,0,0,0,0,0,0,2,0,0,0,0,16,0,0,0,0,0,0,0,0,0,3,0,0,21,0,0,0,0,0,0,0,8,1,0,0,0,4,1,1,4,0,0,0,6,4,0,0
53,0,0,1,0,16,2,17,22,0,0,50,3,0,2,0,0,0,0,8,0,0,0,0,0,0,0,0,0,0,0,0,1,0,0,0,3,0,0,0,0,0,0,0,0,0,0,2,0,0,0,0,0,0,0,0,0,0,0,2,0,0,0,0,0,2,0,0,0,0,0,0,2,0,0,0,0,0,0,1,0,0,0,0,0,0,2,0,6,0,0,1,0,0,0,3,0,0,0,0,0,7,0,0,0,1,0,0,0,0,0,0,9,0,0,4,0,0,0,0,3,0,0,6,0,0,0,0,22,0,3,0,0,1,0,0,0,0,32,11,0,12,4,10,0,0,6,0,0,0,0,0,0,0,0,0,0,0,0,0,0,0,0,18,0,0,0,0,0,0,0,0,3,1,1,0,0,0,0,0,1,1,0,0,1,0,0,0,0,6,0,0,0,0,0,0,0,0,0,0,0,0,0,0,0,0,0,0,0,7,0,1,0,2,0,0,0,1,0,7,0,0,0,4,0,2,0,0,13,0,0,0,0,1,0,0,0,0,0,1,0,0,0,0,0,0,0,0,12,0,0,14,1,0,0,0,0,0,0,1,0,4,4,3,0,3,0,0,0,51,0,10,0,0,2,12,0,1,0,1,0,1,0,0,1,1,0,0,0,19,9,0,0,10,0,0,0,0,0,19,3,0,0,6,0,0,0,0,0,0,0,0,3,1,0,0,0,0,0,0,5,0,2,5,0,1,0,0,0,16,0
54,0,1,0,0,37,0,12,45,0,0,14,1,0,2,0,0,0,0,0,0,0,2,0,4,0,0,0,0,0,0,0,4,2,0,0,0,0,0,4,0,0,0,0,1,1,0,0,6,0,0,0,15,0,0,0,1,0,0,0,3,0,0,0,0,0,0,0,0,0,0,0,9,0,0,0,0,0,0,0,0,2,0,0,3,0,0,0,0,10,4,0,0,2,3,11,0,0,0,0,4,0,0,36,2,19,0,0,0,0,0,0,3,0,0,3,0,0,0,0,8,0,3,0,0,0,0,0,2,0,0,0,0,0,0,0,0,2,27,0,0,0,5,0,0,0,0,11,0,0,0,0,0,0,0,0,0,9,0,0,0,0,0,0,0,0,0,1,0,0,0,0,22,25,5,4,0,1,0,0,0,0,0,0,0,0,0,9,3,0,1,0,0,0,0,0,0,0,0,0,0,5,0,2,0,0,0,3,0,35,0,1,46,1,0,0,0,0,3,0,4,1,0,0,0,0,11,1,2,0,0,0,0,0,0,0,0,0,6,0,0,0,0,2,0,0,0,0,0,0,0,0,0,0,8,0,0,0,0,0,0,26,17,16,0,1,0,0,0,1,0,3,0,0,0,6,1,0,0,0,0,0,0,0,0,0,1,17,0,3,0,0,0,0,0,0,0,1,0,17,2,0,0,1,0,0,1,0,0,0,1,0,3,0,0,0,0,0,0,14,0,2,0,6,0,0,1,9,0,0,0
55,0,0,1,0,9,0,0,10,1,13,14,0,2,4,0,0,1,0,0,0,0,0,1,0,0,0,2,0,0,1,0,2,0,1,0,3,6,0,1,0,0,1,0,0,0,0,0,0,0,0,0,0,0,0,0,0,0,0,0,0,1,3,0,0,3,0,0,0,0,6,0,0,0,0,0,0,0,0,0,0,0,0,0,1,0,0,0,0,0,0,0,0,0,0,0,0,0,0,0,0,4,0,1,1,2,1,0,0,0,0,0,1,0,0,9,0,0,2,0,0,0,1,2,0,0,0,0,0,0,5,0,0,0,0,0,0,0,6,0,5,12,2,0,0,0,0,30,0,0,5,27,0,0,0,0,0,0,0,0,0,0,0,8,0,0,7,0,0,0,1,0,0,0,0,0,0,1,2,1,0,0,2,0,1,0,0,0,0,4,0,5,0,1,0,10,0,0,0,0,0,0,0,0,0,0,0,0,0,6,0,0,9,0,7,0,0,0,0,27,0,0,0,0,0,0,0,0,0,1,0,0,8,0,0,0,0,4,0,0,0,2,0,3,0,0,0,0,0,0,0,0,5,9,0,0,0,0,0,0,0,0,1,0,0,0,0,0,0,0,0,6,10,0,0,1,1,0,0,0,0,0,0,0,0,0,0,0,0,5,0,0,0,0,0,4,0,0,0,0,0,0,0,11,0,0,0,1,1,0,0,0,0,0,0,0,2,0,0,19,0,0,2,5,0,0,0,0,0,0,0
56,0,1,0,0,2,0,21,5,0,0,18,1,7,0,0,6,0,0,0,0,0,0,0,0,0,0,7,0,0,0,0,4,0,0,0,0,0,0,0,0,0,0,0,0,0,0,0,0,5,0,0,0,0,0,13,0,2,0,0,1,0,0,0,0,2,1,1,0,0,1,0,0,0,0,0,0,1,0,0,0,0,0,0,0,0,8,1,0,0,0,1,0,0,7,0,0,0,0,9,0,4,0,46,0,32,0,0,0,0,0,0,0,0,0,7,0,0,0,0,1,0,1,3,0,0,0,0,4,0,0,0,1,0,0,0,0,0,1,0,1,0,1,0,0,0,0,0,7,0,0,0,0,0,0,0,0,0,0,1,0,0,0,0,0,0,0,0,0,0,0,8,13,1,35,0,0,0,0,0,0,8,0,0,0,0,0,0,0,0,1,0,0,0,0,0,1,0,0,0,1,0,0,0,0,1,0,0,0,0,3,3,0,0,0,0,0,0,0,77,0,2,0,36,0,0,0,0,0,1,0,0,0,0,0,2,0,0,12,0,0,2,0,0,0,1,0,0,0,8,0,0,0,0,0,1,0,0,0,0,0,11,0,1,0,0,0,0,0,66,0,0,0,3,1,1,1,0,0,0,0,0,0,0,1,0,0,0,0,15,0,0,0,0,20,0,0,26,0,1,1,0,0,1,0,0,0,5,0,5,0,3,6,0,0,0,0,0,0,0,0,0,2,1,0,0,3,8,0,0,0
57,0,0,0,1,0,0,0,155,0,0,17,4,4,0,0,0,0,0,0,1,0,0,3,0,0,0,0,0,0,0,1,0,7,0,0,0,6,0,0,0,0,0,0,0,0,0,0,0,0,0,0,0,0,0,0,0,0,18,0,0,1,0,0,0,0,2,0,0,0,0,0,0,1,0,0,4,0,0,0,2,0,0,0,0,0,28,0,0,0,0,0,12,0,0,0,0,0,0,3,7,0,0,48,0,10,1,0,0,0,0,0,0,1,0,7,0,0,0,0,0,0,0,2,0,0,0,0,0,0,1,15,0,0,0,0,0,0,11,0,5,0,0,15,0,0,0,3,2,0,0,14,0,0,0,0,0,0,0,0,0,0,6,0,3,0,0,3,0,0,1,0,0,0,0,1,0,0,0,0,0,0,0,2,0,0,0,0,0,1,1,0,0,22,0,0,0,0,0,1,0,0,0,0,0,0,1,0,0,0,0,1,0,0,1,0,0,0,0,46,0,0,0,32,0,0,1,1,0,0,0,2,0,0,0,16,0,3,6,0,0,8,0,36,0,0,0,18,0,0,0,0,2,0,0,0,0,0,0,0,0,7,0,1,1,0,0,0,0,0,0,0,0,0,0,0,1,0,0,0,0,0,0,0,0,0,0,4,0,7,0,0,0,0,6,0,0,0,0,0,0,0,1,0,0,0,1,12,0,0,0,0,0,0,0,0,0,0,0,5,0,0,0,4,0,0,0,0,18,16,2
58,0,0,1,0,1,0,0,73,0,0,10,7,15,0,0,11,0,0,1,0,0,1,1,0,23,0,6,0,0,0,0,0,0,0,0,0,10,0,0,0,0,0,0,0,0,0,9,0,0,0,2,0,4,0,0,0,5,21,0,0,0,2,0,0,0,0,0,0,0,0,0,0,0,0,0,3,0,0,0,0,0,0,0,0,1,0,2,0,2,0,0,12,0,8,0,0,0,0,0,3,1,0,63,0,12,0,0,0,0,0,0,0,4,0,2,0,0,0,0,0,0,0,3,0,0,1,0,1,0,0,0,0,1,0,0,0,0,8,0,18,0,0,0,0,0,0,15,6,0,1,2,0,0,0,0,0,0,0,0,0,0,16,1,0,0,0,0,0,0,0,0,1,0,0,0,0,1,0,0,0,10,0,2,0,0,0,1,0,3,0,0,0,28,0,0,0,0,0,0,0,0,0,0,0,0,0,0,0,0,0,2,0,0,3,0,0,0,0,26,0,0,5,30,0,0,0,0,0,0,0,0,0,0,0,12,0,4,0,0,0,7,0,11,0,0,0,0,0,0,10,0,5,0,0,0,0,0,0,2,0,0,25,0,3,0,0,0,0,0,0,1,1,0,0,0,0,0,0,0,0,0,0,0,0,5,0,1,0,4,1,0,0,0,17,0,1,0,0,0,0,0,0,0,0,0,0,4,1,12,3,0,0,1,0,0,0,2,0,1,0,0,1,7,0,0,0,0,5,0,0
59,0,0,1,0,1,0,0,39,0,0,20,3,17,0,0,0,1,0,0,3,1,1,1,0,10,0,19,6,0,0,0,0,0,0,0,0,0,0,0,0,0,0,0,0,0,0,0,0,0,0,0,3,0,0,0,0,0,21,0,0,0,1,13,0,1,1,0,0,0,0,0,0,5,0,0,0,0,0,2,0,0,0,0,0,0,0,0,0,0,0,0,57,1,12,2,0,0,0,3,12,2,0,35,0,32,0,0,0,0,0,0,0,0,0,1,0,0,0,0,0,0,0,3,0,0,0,0,0,0,0,0,2,0,0,0,0,0,10,0,0,0,0,26,0,0,0,0,1,0,3,6,0,0,0,0,0,0,0,0,0,0,17,1,0,1,9,3,0,0,0,0,6,1,0,0,0,0,0,0,0,0,0,0,0,0,0,0,0,0,0,4,0,8,0,0,0,0,0,0,0,0,0,0,0,0,1,0,0,0,0,0,0,0,5,1,0,0,0,25,0,0,0,0,0,0,0,1,0,0,0,4,0,0,0,6,0,0,0,3,0,1,9,41,0,0,0,0,0,2,0,0,2,0,6,4,0,2,0,0,0,0,0,2,2,0,0,0,0,37,0,1,0,0,0,0,0,0,5,0,0,0,3,0,0,8,0,1,0,12,0,0,0,0,0,0,0,0,0,1,0,0,0,0,0,0,0,8,2,0,0,0,6,1,1,0,1,0,0,4,0,0,1,4,27,0,0,0,0,0,0
60,0,1,0,0,5,0,0,30,0,0,2,12,1,2,0,2,0,0,1,0,0,0,1,0,1,0,1,0,0,1,0,0,0,0,0,0,5,0,0,0,0,0,0,0,0,0,0,4,0,0,0,0,0,0,0,3,0,0,0,0,0,0,0,0,0,0,0,0,1,0,0,0,0,0,0,0,0,1,0,0,0,0,0,0,0,0,0,0,0,2,0,1,0,0,0,1,0,0,0,0,0,12,16,0,9,9,0,0,0,0,1,0,0,0,0,1,0,0,0,0,0,8,0,0,0,2,0,0,0,18,0,0,0,0,0,1,0,2,0,0,0,1,0,0,0,0,13,0,0,0,0,0,0,0,0,1,0,0,0,5,0,4,0,0,3,1,0,0,0,0,0,0,9,0,7,2,1,0,0,0,0,0,0,1,0,0,0,0,3,0,0,0,5,0,0,0,0,0,0,0,0,0,0,0,1,0,0,0,31,0,0,0,1,0,0,0,0,0,2,0,0,0,0,0,1,0,0,0,0,0,0,0,0,0,0,0,2,1,31,0,15,0,2,0,0,3,0,1,0,0,0,2,0,6,1,0,0,2,0,0,0,8,0,60,0,0,0,0,0,1,14,0,0,0,0,0,0,0,0,1,1,2,0,0,0,1,4,0,1,0,0,0,0,3,0,0,0,0,0,0,0,0,1,0,0,0,18,9,0,0,0,0,1,2,0,0,0,1,0,1,0,1,40,0,0,0,0,0,0,0
61,0,0,0,0,0,0,0,73,0,0,18,4,2,0,0,0,0,0,0,0,0,0,3,0,12,0,0,0,0,0,0,0,0,0,3,0,15,0,0,0,0,0,0,0,0,1,0,0,0,0,0,0,0,0,0,0,0,3,0,0,0,4,0,0,0,0,0,0,0,3,0,0,0,0,0,3,0,0,0,0,1,0,0,0,0,0,0,0,0,0,3,4,0,2,28,0,0,0,0,0,0,0,17,0,2,3,0,0,0,0,0,6,1,0,1,0,6,0,0,0,0,0,1,3,2,0,0,0,0,0,0,0,0,0,0,0,0,18,2,0,0,1,0,0,0,0,0,0,0,1,0,1,0,0,0,0,6,0,0,0,1,24,3,0,0,1,0,0,0,0,0,0,0,5,0,0,0,0,0,0,0,0,0,0,0,0,2,0,0,0,0,0,2,7,0,0,0,0,0,0,12,0,0,0,0,0,0,1,0,0,0,0,0,11,1,0,0,4,2,0,0,0,11,1,0,0,0,0,0,0,0,0,0,0,0,0,3,0,0,0,15,0,4,2,0,3,0,0,0,2,0,0,0,5,0,0,0,0,0,4,7,0,0,34,0,0,0,0,1,0,8,0,0,0,0,1,0,0,2,0,0,0,0,0,0,0,14,0,0,0,1,0,0,2,0,0,1,0,0,0,0,0,1,0,1,0,12,4,0,0,0,0,0,0,0,0,0,1,15,0,0,0,55,0,0,0,0,1,0,0
62,0,0,0,0,1,0,31,43,0,0,34,1,0,0,0,0,0,0,1,0,0,0,0,0,0,0,5,0,0,1,0,1,0,0,0,0,0,0,0,0,0,0,0,0,0,2,6,0,0,0,0,0,0,0,0,0,2,0,11,0,0,0,0,0,0,1,0,0,0,0,0,0,7,0,0,0,0,1,0,0,1,0,0,0,0,0,0,0,0,0,0,0,0,4,0,0,0,0,0,0,4,0,14,0,0,0,0,0,0,0,0,0,0,0,2,0,0,0,0,1,0,0,1,3,0,0,0,6,0,1,0,0,0,0,0,0,0,13,0,6,1,2,0,0,0,0,0,13,0,0,0,0,0,0,0,0,0,0,1,14,0,1,0,0,0,0,5,0,0,1,0,0,0,0,0,0,0,0,1,0,4,0,0,0,0,0,0,0,0,4,0,0,0,0,0,0,0,0,0,1,0,0,1,0,0,0,0,0,0,0,0,0,0,0,0,0,0,0,98,0,0,4,45,0,5,2,1,0,0,0,3,0,0,0,4,0,0,10,0,0,1,0,0,0,0,0,0,0,0,0,0,0,1,0,0,0,0,0,0,0,7,68,1,0,0,0,0,1,0,0,0,0,0,0,2,0,0,5,0,0,0,2,0,0,0,0,2,0,16,0,3,0,0,6,0,0,0,0,0,2,0,1,0,0,0,0,0,0,0,0,3,4,0,0,0,0,0,0,1,3,0,1,2,0,1,4,5,0,0,0
63,0,0,0,0,26,0,0,30,0,0,8,0,3,0,0,0,1,0,0,1,0,0,6,0,0,0,0,0,2,0,0,0,0,0,0,0,0,0,0,0,0,0,0,0,0,0,0,0,0,0,0,0,0,0,0,7,0,0,0,0,1,1,0,0,0,0,0,0,0,0,0,0,0,5,0,0,0,0,0,0,0,0,0,0,0,0,0,0,0,0,0,3,1,1,0,0,0,0,0,0,2,0,5,6,11,5,0,0,0,2,0,0,0,2,0,0,0,0,0,0,0,2,1,0,0,0,0,0,0,10,0,0,0,0,0,0,0,10,1,0,0,1,0,0,0,0,0,0,0,3,1,0,0,0,0,0,0,0,0,0,0,2,0,1,0,0,1,0,0,0,0,61,6,4,0,0,0,0,0,0,0,0,0,0,0,1,0,0,0,0,0,0,1,0,0,0,1,0,0,0,0,0,0,0,0,0,0,0,0,0,0,20,0,0,0,0,0,0,2,0,0,0,4,0,0,0,1,0,0,0,0,0,0,0,0,0,0,0,0,1,4,0,0,4,0,0,0,0,4,0,1,2,0,0,0,0,0,0,0,0,0,18,0,15,0,0,0,0,0,0,3,0,0,4,6,0,0,0,0,2,0,0,0,0,0,0,0,0,1,0,0,2,0,3,0,2,1,0,4,0,0,0,0,0,0,0,2,4,0,1,3,2,0,1,0,0,0,0,24,6,0,2,6,0,0,0,6,0,0,0
64,0,0,0,2,0,0,0,6,0,0,3,2,0,0,0,0,0,0,0,0,0,0,1,0,10,0,7,0,1,0,0,0,1,0,0,0,0,0,0,1,0,0,1,0,0,0,0,5,0,0,0,0,0,3,0,0,0,0,0,2,2,8,0,0,0,0,0,0,0,0,0,0,6,0,0,0,0,1,0,0,0,0,0,1,0,0,0,0,0,0,0,12,1,25,0,0,0,0,0,0,0,0,37,0,14,1,0,0,0,0,0,0,0,0,0,0,0,0,0,0,0,0,2,5,3,2,0,1,0,1,0,0,3,0,0,0,0,5,0,8,0,2,0,3,0,1,0,0,0,0,3,0,0,0,0,0,6,0,0,0,0,34,0,0,0,3,3,0,0,0,0,0,0,21,0,0,0,0,0,0,0,0,0,0,0,0,0,0,0,1,0,0,0,0,0,0,0,0,1,0,0,0,0,0,0,0,0,0,0,0,0,0,0,1,0,0,0,0,59,0,0,0,61,2,0,0,1,0,0,0,0,0,0,1,0,0,0,0,0,0,1,0,20,0,0,0,20,0,4,0,0,2,0,0,0,0,0,0,0,0,3,7,0,6,0,0,0,0,0,0,0,0,0,0,0,0,0,0,0,0,0,0,0,0,0,0,0,0,11,0,0,0,0,0,0,0,0,0,0,0,0,0,0,0,0,0,5,2,0,0,0,0,0,0,0,1,0,0,0,3,0,3,7,0,0,0,0,4,0,0
65,0,0,0,8,3,2,0,38,0,10,0,5,0,0,0,0,0,0,0,0,0,0,0,0,21,0,5,0,0,0,0,0,0,0,0,1,6,0,0,0,0,1,0,0,0,0,0,5,0,0,0,2,0,0,0,0,3,13,0,0,0,0,0,0,1,0,0,0,0,6,0,0,0,2,0,0,0,0,0,0,0,0,0,0,0,0,0,0,3,0,0,15,0,0,0,0,0,16,0,0,2,0,1,0,1,1,0,0,5,0,0,2,1,0,0,0,0,0,0,2,0,0,1,0,0,2,0,13,4,5,0,0,0,0,0,26,0,6,0,0,0,2,0,0,0,2,9,1,1,0,0,3,0,0,0,0,0,0,0,0,0,0,7,0,0,0,0,0,0,0,0,0,0,0,0,5,1,0,0,0,0,0,0,0,0,0,0,0,0,0,0,0,4,0,0,0,0,0,0,4,0,0,0,0,0,0,0,0,0,0,0,0,0,4,0,0,0,0,2,0,0,1,0,0,1,0,1,0,0,0,0,0,0,0,0,0,3,0,0,0,11,1,7,0,0,0,0,0,0,0,0,6,0,0,0,0,0,0,0,0,0,1,0,4,0,0,0,1,0,0,17,10,0,0,3,0,0,1,0,0,0,0,0,0,1,0,0,0,7,0,0,0,0,0,0,0,0,0,7,0,0,0,23,0,0,0,54,0,0,0,0,0,5,0,0,3,0,0,0,0,0,0,11,0,0,0,0,1,0,0
66,0,0,0,0,6,0,0,27,0,8,18,3,4,0,0,0,0,0,0,0,1,0,1,0,16,0,0,0,0,0,0,0,0,0,0,0,0,1,0,0,0,1,0,0,2,0,0,0,0,0,0,0,0,0,0,0,4,8,2,0,1,4,0,0,0,0,0,1,0,0,0,0,12,0,0,0,0,0,0,11,0,0,0,4,0,0,0,0,8,0,0,17,0,0,0,0,1,0,0,0,1,0,1,0,1,1,1,0,0,0,0,0,1,0,0,0,0,1,0,0,0,0,0,10,0,0,2,0,2,6,0,0,0,0,0,37,0,19,0,0,45,0,2,0,0,0,23,1,0,0,3,0,0,0,0,0,0,0,0,0,0,13,61,0,0,6,0,0,0,0,0,0,0,0,0,5,0,3,0,0,0,1,30,0,0,0,5,0,0,0,0,0,0,0,0,0,0,0,0,0,0,0,0,0,25,0,0,0,0,1,0,0,1,2,0,0,0,0,17,0,0,0,0,0,0,5,6,0,0,0,0,0,0,0,0,0,4,0,2,0,2,0,0,0,0,0,0,0,0,0,0,1,0,1,0,0,0,0,0,0,0,1,0,8,4,0,0,0,0,1,20,0,0,0,2,0,0,0,0,2,0,0,0,0,0,0,1,0,9,0,0,0,0,0,5,0,2,0,0,2,0,0,9,0,5,0,28,0,0,0,0,0,7,2,0,0,0,0,12,0,0,0,12,0,0,0,0,1,0,0
67,0,1,0,0,12,0,0,18,0,0,12,2,1,3,0,0,0,0,0,0,0,0,1,2,0,1,0,0,0,0,0,0,0,0,3,0,14,0,0,0,0,0,0,0,0,0,0,0,0,0,0,5,0,0,0,0,0,2,0,0,0,2,0,0,0,0,1,0,0,4,0,0,0,0,0,0,1,0,0,0,1,0,0,0,0,0,3,0,13,0,0,8,1,1,41,0,0,0,0,2,1,9,12,2,0,2,0,1,0,0,1,17,1,2,0,0,4,0,0,0,0,0,3,0,0,0,0,0,0,23,0,0,0,1,0,0,0,21,0,0,6,0,1,0,0,0,0,0,0,0,0,0,0,0,1,1,0,0,0,0,0,4,2,0,0,0,0,0,1,0,0,0,0,0,0,0,0,1,0,0,0,0,0,0,0,0,23,0,0,0,0,0,0,0,0,0,0,0,0,0,0,0,1,0,0,0,0,0,0,0,0,0,0,7,0,0,0,0,1,2,0,0,0,0,0,0,0,0,0,0,0,0,0,0,0,0,0,0,0,0,5,0,2,0,0,0,0,0,0,0,0,3,0,0,0,0,0,0,0,0,0,13,3,43,0,0,0,0,0,1,13,3,0,0,0,0,0,0,0,0,0,0,0,0,0,0,7,0,1,1,0,1,0,5,0,0,0,0,0,0,0,0,1,0,2,0,16,0,0,0,0,0,0,21,0,0,0,0,0,2,4,1,41,0,0,0,0,1,0,0
68,0,0,0,31,31,0,0,13,0,0,10,6,1,0,0,0,0,0,0,0,0,0,3,0,0,0,0,0,1,2,0,0,0,0,0,0,0,1,0,2,0,0,0,0,1,0,0,0,6,0,0,0,0,0,0,2,0,0,0,1,0,3,0,0,0,0,0,0,1,0,0,0,0,0,0,0,0,0,0,0,0,0,1,0,0,0,0,0,0,0,0,6,0,1,14,0,0,0,0,0,0,0,3,1,16,1,0,0,0,0,1,4,2,2,0,0,0,0,0,0,1,3,1,0,0,5,0,0,0,22,0,0,0,0,0,0,0,4,0,0,0,1,1,0,0,0,0,0,0,0,1,0,0,0,0,0,7,3,0,0,0,6,1,0,1,0,0,0,0,0,0,0,3,0,0,0,0,0,0,0,0,0,0,0,0,0,0,0,3,0,0,0,2,4,0,0,0,0,2,0,1,0,0,0,0,0,0,0,0,0,0,0,0,0,0,3,0,0,2,0,0,3,0,0,0,0,0,0,0,0,0,0,0,0,0,0,0,0,11,0,3,3,9,0,0,3,0,0,0,0,0,0,6,0,0,0,0,0,0,0,0,0,0,12,0,0,0,0,0,0,4,0,0,0,5,0,0,0,0,0,0,0,0,0,0,0,0,0,1,1,0,0,0,5,0,0,0,0,0,0,3,0,1,0,0,1,21,7,0,0,0,1,0,19,0,0,0,0,8,0,0,1,17,0,0,1,0,0,0,0
69,0,0,0,0,3,0,0,70,0,0,20,9,11,0,0,0,0,0,0,0,1,0,1,0,0,0,0,0,0,0,0,0,0,0,1,0,10,0,0,0,0,0,0,0,0,0,0,0,5,0,0,2,0,0,0,0,0,0,0,0,0,1,0,0,0,2,0,0,0,0,0,0,0,0,0,0,1,1,0,0,1,0,0,0,1,0,3,0,0,0,0,17,1,9,0,0,0,0,8,0,0,1,32,1,17,1,2,0,0,2,0,0,2,0,0,0,0,3,0,0,0,1,2,9,0,0,0,0,0,0,0,0,0,0,0,1,0,6,0,17,0,1,0,0,0,0,0,0,0,0,0,0,0,0,0,0,0,0,1,0,0,7,0,0,0,0,0,1,0,0,5,4,0,0,0,0,0,0,0,0,0,0,0,0,0,0,0,0,0,0,0,3,0,0,0,0,0,0,2,0,0,0,0,1,0,1,1,0,0,0,2,0,1,1,0,0,0,0,16,0,0,0,0,0,0,0,1,0,0,0,0,0,0,2,3,0,3,0,0,27,2,0,0,0,0,0,0,0,0,6,0,6,0,0,0,0,0,0,0,0,0,0,0,8,0,0,0,0,0,0,2,0,0,0,0,0,0,4,0,2,0,0,0,0,0,0,1,0,15,0,0,0,0,12,0,0,0,0,0,0,0,0,0,3,0,0,14,0,0,1,0,1,0,0,0,0,0,0,0,4,0,1,7,28,4,5,14,0,0,0
70,0,0,1,0,11,0,0,23,0,6,4,2,0,12,0,1,0,0,0,0,0,0,0,0,0,0,0,0,0,2,0,0,0,0,0,0,0,2,0,1,0,0,0,0,0,0,0,0,9,0,0,0,1,0,0,2,0,0,0,0,0,8,0,0,0,0,0,0,0,0,0,1,0,0,0,0,0,0,1,0,0,0,0,0,0,0,0,1,0,0,0,0,0,0,0,0,0,0,0,0,0,0,1,6,1,2,0,0,2,0,0,0,0,0,0,0,0,0,0,0,0,2,3,3,0,0,4,0,0,2,2,4,0,0,0,0,0,4,9,1,7,8,0,0,0,0,19,1,0,0,5,0,0,0,0,1,1,1,0,0,0,2,21,0,0,6,0,0,0,0,0,0,0,0,0,0,1,0,0,1,0,0,8,0,0,0,0,0,0,0,0,0,1,0,0,0,1,1,0,0,0,0,0,0,0,0,0,0,0,0,0,0,0,3,0,1,0,0,36,0,0,0,0,0,0,0,0,0,1,0,0,3,0,0,0,0,0,0,1,0,3,2,12,0,1,0,0,0,1,1,0,1,0,0,0,0,0,0,0,0,0,0,1,8,0,0,0,0,4,0,3,0,0,0,0,0,0,0,0,0,0,0,0,0,0,0,0,0,0,0,0,0,0,0,0,0,0,0,9,0,0,0,3,0,5,0,53,0,0,0,0,0,0,2,0,0,0,0,0,4,0,3,6,2,0,0,1,0,0,1
71,0,0,0,2,3,3,0,50,0,0,3,2,13,0,0,0,1,0,0,0,0,0,0,0,20,1,0,0,0,0,0,0,0,0,0,0,4,1,0,0,0,0,0,0,0,0,1,0,6,0,1,0,0,0,0,0,9,11,0,0,0,4,0,0,0,2,0,0,0,0,0,0,70,0,0,0,0,0,0,0,0,0,0,0,0,0,3,10,18,0,0,7,0,0,0,0,0,1,0,0,6,1,1,0,3,0,0,0,2,0,0,2,6,0,0,0,4,0,0,0,0,0,2,14,0,0,0,0,0,0,11,0,0,0,0,43,0,29,0,6,0,0,0,0,1,0,0,0,0,0,0,0,0,0,0,0,0,0,0,1,0,2,2,0,0,8,0,0,0,0,0,1,0,0,0,0,1,0,0,0,0,0,0,0,0,0,22,0,15,0,7,0,0,0,0,0,0,0,0,0,3,0,0,0,16,0,0,2,0,0,0,0,0,2,0,0,0,0,33,0,0,0,0,0,1,0,1,0,0,0,0,0,0,0,0,1,1,0,0,0,5,1,27,0,0,0,0,0,0,0,0,4,0,1,0,0,0,1,0,0,0,2,1,9,0,0,0,0,21,0,13,19,0,0,0,0,0,0,3,0,0,0,0,0,0,0,0,0,14,0,0,0,0,0,3,0,0,0,0,0,0,0,14,3,6,2,7,0,0,0,0,0,3,1,0,0,0,0,4,0,0,0,5,0,0,6,0,1,10,0
72,0,2,0,0,19,0,1,78,0,0,9,7,0,0,3,0,0,0,0,0,0,0,0,7,2,0,0,0,2,0,0,0,0,0,0,0,0,0,0,2,0,0,0,1,0,0,0,0,0,0,0,0,0,3,0,0,0,0,0,0,0,2,0,0,0,0,0,0,0,0,0,18,0,0,0,0,0,2,0,0,0,0,0,0,0,0,14,0,8,0,0,0,0,1,0,0,0,0,0,0,0,0,1,3,6,4,0,0,0,3,1,0,0,1,0,0,6,0,0,0,0,4,2,0,0,0,0,0,0,0,0,0,0,0,0,0,0,35,1,0,0,7,0,0,0,0,0,0,0,0,0,0,0,0,0,0,4,2,0,0,0,5,3,0,0,0,0,0,1,0,0,54,0,0,0,0,0,1,0,0,0,0,10,2,0,2,0,0,0,0,0,0,0,0,0,0,1,0,8,0,0,0,0,0,0,0,0,0,0,0,0,0,0,8,0,0,0,0,1,3,0,2,2,1,0,0,1,0,0,0,0,0,0,0,0,0,0,0,0,0,0,0,0,0,1,0,0,0,0,1,0,2,0,0,0,0,0,0,0,0,0,37,0,31,0,1,0,0,0,2,5,0,0,0,0,0,0,0,0,0,0,0,0,0,0,0,0,0,2,0,0,1,0,0,0,0,0,0,0,0,0,0,4,0,0,0,1,0,0,0,0,0,0,9,0,0,0,0,0,0,3,1,22,0,0,0,7,0,0,0
73,3,1,0,17,25,0,0,75,0,0,3,1,1,1,0,0,0,2,0,0,0,0,5,0,0,0,0,0,3,0,0,0,0,0,0,0,2,0,0,0,0,0,0,0,0,0,0,0,0,0,0,0,0,0,0,0,0,0,0,1,0,6,0,0,1,0,0,0,0,0,0,0,0,0,0,0,0,0,0,0,0,0,0,0,0,0,15,0,0,0,0,0,0,0,0,0,0,0,0,0,0,0,17,2,0,0,0,0,0,0,0,0,0,1,0,0,5,0,0,5,0,8,0,0,4,0,0,0,0,14,0,0,0,0,0,0,0,7,0,0,0,3,0,0,0,0,0,0,0,0,0,0,0,0,0,0,0,0,0,0,0,6,2,0,0,1,0,0,0,1,0,5,0,2,4,1,4,0,0,0,0,2,0,0,0,0,0,0,0,0,0,0,0,0,0,0,0,0,0,0,0,0,0,0,0,0,0,0,0,0,0,0,0,5,0,0,0,2,1,0,0,0,0,0,0,0,0,0,0,0,0,0,0,0,0,0,0,0,13,0,3,0,4,6,0,0,0,0,0,0,0,1,0,3,0,0,0,0,0,0,0,13,0,37,0,0,0,0,0,0,4,0,1,2,0,0,0,0,3,0,0,0,0,0,0,0,0,0,1,2,0,0,0,0,0,0,0,0,10,0,0,0,0,0,0,0,7,0,0,0,6,0,0,4,0,0,0,0,11,1,2,2,67,0,0,0,5,0,0,0
74,0,1,0,9,18,0,1,79,0,0,31,0,2,0,0,0,0,0,0,0,0,0,0,0,0,0,2,0,0,0,0,4,1,0,0,0,7,0,0,0,0,0,0,0,0,0,0,0,0,0,0,0,0,0,0,4,0,0,5,0,0,0,0,0,0,0,0,0,0,0,0,8,0,0,0,6,0,0,0,9,0,0,0,0,0,0,7,0,0,0,14,0,0,1,11,0,0,0,0,0,1,0,8,0,6,0,0,0,0,0,0,6,0,0,2,0,0,0,0,6,0,9,2,0,0,0,0,3,0,0,0,0,0,0,0,0,0,17,0,0,0,3,0,0,0,0,0,1,0,0,0,0,0,0,0,0,0,0,0,0,1,0,0,0,0,1,0,0,0,0,1,19,6,3,0,0,2,0,0,0,0,0,0,1,0,0,0,4,0,2,0,0,0,0,0,0,0,0,0,0,7,0,0,1,0,0,0,0,25,0,1,0,0,0,0,0,0,0,1,0,0,2,0,0,0,3,0,3,0,0,0,0,0,0,0,0,0,1,5,2,5,0,1,0,0,0,0,1,0,0,0,0,0,0,0,0,0,0,0,0,3,20,34,0,0,0,0,0,0,0,1,0,0,9,9,0,0,0,0,0,0,0,0,0,0,0,0,0,4,0,0,0,0,2,0,2,1,0,0,0,0,0,0,0,1,0,3,0,0,0,3,2,1,0,0,2,0,0,0,1,5,2,0,0,0,0,0,0,3,0
75,0,0,0,0,17,0,0,8,0,0,7,2,1,3,1,0,0,0,0,0,0,0,3,0,0,0,2,0,0,1,0,0,0,0,1,0,0,0,3,0,0,0,0,0,0,0,0,0,2,0,0,0,0,0,1,0,0,0,0,0,0,6,0,0,0,0,0,0,0,0,0,0,0,0,0,0,0,0,0,0,0,0,0,0,0,0,5,1,0,0,3,0,0,2,14,0,0,0,0,0,0,13,13,7,0,2,0,0,0,0,2,3,0,0,0,0,0,0,0,0,0,3,0,0,2,8,0,0,0,21,0,0,0,0,0,0,2,12,0,0,0,3,1,0,0,0,0,0,0,0,1,0,0,0,0,0,0,0,0,0,0,0,1,0,0,0,0,0,0,0,0,0,5,1,2,0,4,0,0,1,0,0,1,0,0,0,0,0,1,0,6,0,0,0,1,0,0,0,0,0,0,0,0,1,1,0,0,0,0,0,0,0,0,5,0,0,0,0,0,0,0,1,0,0,0,0,0,0,0,0,0,0,0,0,0,0,0,0,4,5,3,0,6,0,0,3,0,1,0,0,0,1,0,0,0,0,0,0,0,0,0,6,2,82,1,0,0,0,0,0,3,0,0,4,6,0,0,0,0,1,0,0,0,0,0,0,4,0,1,0,0,2,0,2,0,0,1,0,9,0,0,0,0,0,1,0,8,0,0,0,0,0,0,6,0,7,0,0,4,2,0,2,24,0,0,0,5,0,0,0
76,0,0,0,0,6,9,0,134,0,0,8,0,2,0,7,0,0,0,0,0,0,2,2,2,3,0,0,0,0,0,0,0,0,0,0,0,3,0,4,0,0,0,0,0,0,0,0,0,0,0,0,0,0,0,0,0,0,1,0,0,0,7,0,0,0,0,0,0,0,0,0,0,0,0,0,3,0,0,0,0,0,0,0,0,0,1,0,0,0,0,4,3,0,0,0,0,0,0,0,4,0,0,15,0,0,3,0,0,0,0,0,6,0,0,0,0,8,0,0,1,0,3,0,0,0,0,0,0,0,0,0,0,0,0,0,0,0,26,0,0,0,0,0,0,0,0,53,0,0,0,0,0,0,0,0,0,3,0,3,0,0,3,6,0,1,0,0,7,0,0,1,0,0,0,0,0,3,0,0,0,0,0,9,0,0,0,11,5,0,0,0,0,0,0,0,2,0,0,0,0,6,2,0,0,0,0,0,0,0,0,0,0,1,10,0,0,0,0,1,0,0,0,0,0,0,0,0,0,0,0,0,0,0,0,0,0,1,0,0,6,9,0,4,0,0,0,0,1,5,2,0,3,0,4,1,0,0,0,0,4,0,0,0,49,0,0,0,0,0,1,5,0,0,5,0,0,0,0,0,0,0,0,0,0,0,0,9,0,1,0,0,0,0,3,0,0,0,1,15,0,0,0,0,0,0,0,5,3,0,0,0,0,3,0,0,0,1,0,14,0,0,0,34,0,1,0,0,0,0,0
77,0,0,0,4,4,0,0,31,0,0,15,4,2,0,0,0,0,0,1,0,0,0,3,0,6,0,0,0,0,0,0,0,0,0,0,0,0,1,0,0,0,0,0,1,0,0,0,0,0,0,0,0,0,0,0,4,0,0,4,0,0,3,0,0,0,0,0,0,0,0,0,0,0,0,0,0,0,0,0,0,0,1,0,0,0,1,0,0,0,0,0,4,0,1,11,0,0,0,0,0,0,24,1,0,5,6,0,0,0,0,0,12,0,0,0,0,0,0,0,0,0,0,2,0,0,0,0,0,0,0,0,0,0,0,0,0,0,6,0,0,0,0,0,0,0,0,0,0,0,1,1,0,0,0,0,0,6,0,0,6,0,11,1,0,0,2,0,4,4,0,0,18,0,0,0,2,2,0,0,0,0,1,0,0,0,0,7,1,0,0,0,0,6,0,0,0,0,0,0,0,0,2,0,0,0,0,0,1,0,0,0,0,0,1,0,0,0,0,3,0,0,0,11,0,0,0,0,0,0,0,0,0,0,0,0,0,0,0,0,0,10,0,4,0,0,0,0,0,0,0,0,1,0,12,0,0,0,2,0,0,0,0,7,35,1,0,0,0,0,2,8,3,0,3,9,0,0,0,0,0,0,0,0,0,0,1,0,0,0,0,0,0,0,2,0,0,0,0,11,0,0,0,1,0,0,0,0,0,0,1,0,0,2,0,0,0,0,0,0,0,7,1,13,0,0,1,0,0,0,0
78,0,0,0,0,4,0,0,37,0,0,22,0,0,0,0,0,0,0,0,0,0,0,0,16,0,0,6,0,0,0,0,1,2,0,0,0,2,0,0,0,0,0,1,0,1,0,0,0,0,1,0,0,0,0,4,0,3,0,5,1,0,0,0,0,0,1,0,0,0,0,0,0,0,1,0,0,0,0,1,0,0,0,0,0,0,0,0,0,0,0,0,0,0,75,2,0,0,0,0,0,2,0,62,2,0,0,0,0,0,0,0,0,2,0,4,0,0,0,0,1,0,0,0,0,1,0,0,2,0,0,0,0,1,0,1,0,0,33,10,0,0,0,0,0,0,0,0,9,0,0,2,0,0,0,0,0,0,0,0,0,0,0,0,0,0,0,0,0,0,0,0,5,1,21,0,0,0,0,0,0,13,0,0,0,0,0,0,0,0,1,0,0,0,0,0,0,0,0,0,1,0,0,0,0,0,0,0,0,0,0,3,0,0,1,0,0,0,0,152,0,0,10,0,0,0,0,1,0,0,0,0,0,4,0,12,0,0,12,0,0,2,6,1,0,0,1,0,16,0,0,0,0,0,0,0,1,0,0,0,0,11,7,0,0,0,0,0,0,17,0,1,0,2,1,2,1,0,6,0,0,0,0,0,0,0,13,2,0,29,0,5,0,0,0,0,0,17,0,1,0,0,0,0,0,0,0,0,1,0,0,0,11,0,0,0,0,0,0,0,0,0,1,0,0,0,0,0,0,7,0
79,0,0,1,0,3,0,0,25,0,0,16,1,1,4,0,0,0,0,0,0,0,0,1,0,0,0,0,0,0,0,1,0,0,0,0,6,2,0,0,0,0,0,0,0,0,0,0,0,0,0,0,0,0,0,6,0,0,0,0,0,0,0,0,0,0,0,0,0,0,0,0,2,18,0,0,0,0,0,0,0,0,0,6,0,0,0,0,8,0,0,0,4,0,0,0,0,0,4,0,0,1,0,1,4,2,2,0,0,0,0,33,0,1,0,7,0,19,0,0,0,0,0,1,0,0,0,0,0,0,7,0,0,0,0,0,0,0,9,0,3,0,5,3,0,0,0,9,1,0,0,5,0,0,0,0,0,0,0,0,0,0,0,0,0,0,0,0,0,0,0,0,2,0,0,0,0,1,0,0,0,0,0,18,0,0,0,0,0,4,0,0,0,1,2,0,0,0,0,0,0,0,0,0,0,4,0,0,0,0,0,0,0,0,7,0,0,1,0,6,0,0,4,0,0,0,0,1,3,0,0,0,0,0,6,0,0,0,0,3,0,7,0,9,0,0,0,0,0,0,1,0,2,0,0,0,0,0,0,0,0,0,2,0,14,0,0,0,0,0,0,16,0,0,0,1,0,0,0,0,0,1,0,0,0,0,0,0,0,9,0,0,0,0,0,9,0,1,0,0,1,0,6,0,0,0,0,2,1,0,0,0,0,2,1,0,0,0,1,6,6,0,2,7,0,0,0,1,0,1,0
80,4,0,0,0,25,11,0,51,0,0,2,13,2,0,0,0,0,0,0,2,0,0,2,0,0,0,2,0,0,0,0,0,0,0,0,0,0,0,0,0,0,0,0,0,1,0,0,0,0,0,0,0,0,3,0,2,0,0,0,0,0,0,0,0,0,0,0,0,0,0,0,0,0,0,0,0,0,0,0,0,0,0,0,0,0,0,3,0,0,3,0,8,0,0,0,0,0,0,0,2,1,0,13,0,14,3,0,0,0,2,0,0,1,0,1,0,0,0,0,0,0,2,2,0,3,0,0,0,0,3,0,0,0,0,0,1,0,5,0,0,0,7,0,0,0,0,0,0,0,0,0,0,0,0,0,0,0,3,0,0,0,23,2,0,0,0,0,0,0,0,0,26,0,1,0,1,0,0,0,0,0,0,0,0,0,1,8,0,0,1,0,0,5,0,0,0,0,0,0,0,0,1,0,0,0,0,0,0,0,1,0,0,0,3,1,0,0,0,2,0,0,2,0,0,0,0,0,0,1,0,0,0,0,0,0,0,0,0,13,0,3,0,0,0,0,0,0,0,0,0,0,1,0,0,0,0,0,0,0,8,0,0,3,16,0,0,0,0,0,1,3,4,1,0,0,1,0,0,0,0,0,0,0,0,0,0,0,0,3,0,0,2,0,0,0,0,0,0,0,0,0,0,2,0,0,0,10,6,0,0,0,0,0,50,0,4,0,0,1,0,0,1,15,0,0,0,10,0,0,0
81,0,1,0,0,5,0,0,59,0,0,6,0,0,3,3,0,0,0,0,0,0,0,0,7,3,0,0,0,0,0,0,2,0,0,0,0,0,0,0,0,0,0,0,1,1,0,0,4,0,0,0,0,0,2,0,0,0,2,13,1,0,1,0,0,0,0,0,0,0,0,0,0,0,0,0,0,0,0,0,0,0,0,0,0,0,0,1,0,0,4,2,7,0,1,0,0,0,0,0,0,1,0,17,0,3,1,0,0,0,0,0,3,1,0,0,0,0,0,0,0,0,0,1,0,0,3,0,0,0,0,0,0,0,0,0,0,0,6,0,0,7,0,0,0,0,4,9,0,0,1,1,0,0,0,0,0,0,1,0,0,1,12,4,0,0,0,1,0,0,0,0,0,0,0,0,0,2,0,0,0,0,0,0,2,1,0,11,0,0,0,0,0,2,0,0,0,0,0,0,0,0,0,0,0,0,0,0,0,0,0,0,4,0,2,0,0,0,0,2,0,0,0,0,0,1,0,0,0,0,0,0,0,0,0,0,0,3,0,32,0,12,0,7,0,0,0,0,0,0,0,0,1,16,0,0,0,0,0,0,6,0,10,0,16,0,0,0,0,0,1,3,0,0,0,0,0,0,0,0,0,0,0,0,0,0,0,0,0,4,0,1,3,0,3,0,0,0,0,0,0,0,0,0,0,0,0,25,4,0,0,0,0,1,11,0,0,0,0,5,0,19,0,39,2,0,0,0,0,0,0
82,0,0,2,4,6,0,0,18,0,5,24,2,2,0,1,0,0,3,0,0,0,0,0,0,53,11,0,0,0,0,0,0,1,0,0,0,7,0,0,0,0,0,0,0,5,0,1,0,0,1,0,0,0,0,0,0,6,0,2,0,0,0,0,0,0,0,0,0,0,0,0,0,6,0,0,0,0,0,0,0,0,0,4,6,0,0,8,0,0,0,0,9,0,0,0,0,1,0,0,27,3,1,1,0,1,1,0,0,0,1,0,14,2,0,13,2,0,2,0,0,2,0,0,0,0,0,0,10,0,0,0,7,0,0,0,18,0,25,0,1,25,3,0,0,3,1,15,0,0,0,0,0,0,0,0,0,0,0,0,0,0,8,19,0,0,0,1,0,0,0,0,2,0,0,0,0,1,0,1,0,0,0,0,0,0,0,7,0,0,0,0,0,1,2,0,0,0,0,0,0,0,0,6,0,6,0,0,0,0,0,0,0,0,6,0,0,1,0,17,0,0,0,0,0,0,0,1,0,0,0,0,0,0,4,0,0,5,0,0,0,3,2,8,0,0,0,0,0,0,0,0,6,10,0,0,0,0,0,0,0,0,2,0,8,5,0,0,0,0,0,2,0,1,0,0,1,0,0,0,0,0,0,0,0,0,0,1,0,23,0,0,0,0,0,0,0,0,0,0,0,0,0,25,0,0,0,32,0,0,0,0,1,3,5,0,0,0,0,10,3,0,0,12,0,0,0,0,0,0,0
83,0,0,0,0,5,0,0,45,0,0,17,0,3,0,0,0,0,0,0,0,0,1,6,0,1,0,0,0,0,1,0,0,0,0,0,0,11,0,0,0,0,0,0,0,0,0,0,0,6,0,0,9,1,10,1,3,0,1,0,0,0,5,0,0,0,0,0,0,0,0,0,0,1,0,0,0,0,1,0,0,0,0,0,0,1,0,0,0,0,0,0,11,0,0,0,0,0,0,0,0,2,0,16,3,8,4,0,0,0,0,0,2,0,0,0,0,0,0,0,0,0,0,2,0,0,0,0,0,0,7,0,0,0,0,0,2,1,30,2,0,12,2,1,0,0,0,75,0,0,0,1,0,0,0,0,0,0,0,0,0,0,7,1,0,1,1,0,0,0,0,0,20,0,1,9,0,3,0,0,7,0,0,0,0,0,1,7,0,0,0,3,0,5,0,0,0,0,0,0,0,0,0,0,0,0,0,0,0,0,0,0,8,3,1,0,0,0,0,0,0,0,0,0,0,0,0,1,0,0,0,0,0,0,0,0,0,5,0,0,0,18,0,5,0,0,0,0,2,0,0,0,6,0,0,3,0,0,1,0,0,0,8,0,63,0,0,0,0,0,1,12,0,0,0,0,0,0,0,0,0,0,0,0,0,0,0,4,0,0,0,0,0,0,2,0,0,1,0,0,0,0,0,0,0,0,0,6,15,0,0,0,0,0,12,0,0,0,0,0,0,0,0,3,0,0,0,0,0,0,0
84,0,0,0,0,5,0,19,43,0,0,49,4,4,0,0,4,0,0,0,2,0,0,0,0,0,0,3,0,0,0,0,1,0,0,0,0,4,2,1,3,0,0,0,0,0,0,0,0,0,0,0,0,0,0,0,0,0,1,0,1,0,3,0,0,0,1,0,0,0,0,0,0,1,0,0,0,0,0,0,0,0,0,0,0,0,0,0,1,0,0,0,0,0,9,0,0,0,0,3,0,2,0,72,0,8,0,0,0,0,0,0,0,0,0,0,0,0,0,3,1,0,0,0,0,0,2,0,2,0,0,9,0,0,0,0,1,0,24,0,2,0,1,0,0,0,0,0,2,0,0,0,0,0,0,0,0,0,0,0,0,0,0,0,0,0,0,0,0,0,0,0,13,0,53,0,0,0,0,0,0,21,0,0,0,0,0,0,0,0,1,0,0,0,0,0,0,0,0,0,1,0,0,0,0,0,0,0,9,12,0,1,0,0,3,0,0,0,0,19,0,0,3,0,0,0,0,0,0,0,0,0,0,0,0,3,0,0,5,0,0,0,0,0,0,0,0,0,0,0,0,1,0,0,10,0,0,0,0,1,0,4,24,5,0,0,0,0,0,0,0,2,0,0,2,0,0,4,0,0,2,0,0,0,0,0,0,0,0,22,0,3,0,0,0,0,0,30,0,1,1,0,0,0,0,0,0,9,0,5,3,0,7,1,0,0,0,0,0,0,0,0,1,1,0,1,0,5,3,0,0
85,4,0,0,0,14,15,0,116,0,0,27,3,0,0,0,0,0,0,0,0,0,0,3,0,6,0,0,1,0,0,0,0,0,0,0,0,0,0,0,0,0,0,0,0,0,0,0,0,0,0,0,6,0,1,0,0,0,1,0,0,0,3,0,0,0,0,0,0,0,0,0,0,0,5,0,0,0,1,0,5,0,0,0,0,0,0,0,0,0,0,3,6,0,0,0,0,0,0,0,2,1,0,13,1,1,4,0,0,0,2,0,4,1,2,0,0,2,0,0,2,0,3,0,0,0,0,0,0,0,1,0,0,0,0,0,1,0,9,2,0,0,1,0,0,0,0,27,0,0,1,0,1,0,0,0,0,0,3,0,4,0,10,0,0,0,1,0,0,0,0,0,0,0,3,0,1,1,0,0,0,0,0,0,0,0,0,12,0,1,0,0,0,2,0,0,0,0,0,0,0,0,0,0,0,0,0,6,0,0,0,0,0,0,4,0,0,0,0,1,0,0,0,0,0,0,0,0,0,0,0,0,0,0,0,1,0,11,2,0,0,0,0,2,0,0,0,0,0,2,0,0,4,0,0,2,0,0,0,2,0,0,11,0,55,1,0,0,0,1,0,11,0,0,7,0,0,0,0,3,0,0,0,0,1,0,1,11,0,1,0,0,0,0,3,0,0,1,0,0,0,6,0,0,1,2,0,7,3,0,0,0,0,4,3,0,0,2,0,7,0,0,0,33,0,0,0,0,0,0,0
86,0,0,0,0,8,0,0,54,0,0,20,2,1,0,0,0,0,0,6,6,0,1,0,0,0,4,11,1,0,0,0,3,0,0,0,1,7,0,0,0,0,0,0,0,0,0,1,6,8,1,0,2,0,0,0,0,4,0,0,0,0,0,0,0,0,0,0,0,0,10,0,0,0,0,0,0,0,1,0,13,0,0,0,0,0,0,2,0,0,0,0,0,0,0,0,1,0,0,0,0,2,0,2,0,0,0,0,0,0,0,0,7,0,0,43,0,0,0,0,10,0,0,8,0,0,0,0,35,0,0,0,0,0,0,0,0,0,42,0,0,0,3,0,0,0,0,10,2,0,7,5,0,0,0,2,0,1,0,0,0,0,0,23,0,0,3,4,0,0,0,0,2,0,0,0,0,0,0,0,0,2,0,0,1,0,0,0,0,0,0,0,0,0,0,0,0,2,0,0,0,0,0,0,0,0,0,0,0,5,0,0,0,0,0,0,0,0,0,8,0,0,0,0,0,1,0,3,5,0,2,1,0,0,0,0,0,0,0,1,0,1,2,7,0,1,0,0,0,0,3,0,0,1,0,0,1,0,0,0,0,9,1,2,0,13,0,1,0,10,0,4,0,0,0,0,0,0,0,0,0,0,0,0,0,0,0,0,0,43,0,0,0,0,0,0,0,3,0,4,0,0,0,4,0,0,0,0,0,0,0,0,7,0,0,0,0,0,0,0,9,0,2,5,0,0,0,0,0,21,5
87,0,0,0,0,1,0,9,23,0,0,6,4,12,0,0,0,0,0,0,0,0,0,0,8,5,0,17,0,0,0,0,0,0,0,0,0,0,0,0,2,0,0,0,0,0,0,0,0,0,1,0,0,0,0,5,0,0,0,0,0,1,0,0,0,0,0,1,0,0,0,0,0,0,0,0,3,0,0,0,0,0,0,0,0,0,0,2,0,0,0,0,0,0,27,0,0,0,0,0,0,2,3,25,4,0,2,0,0,0,1,1,0,0,0,5,0,0,0,0,0,0,1,0,0,0,0,0,0,0,1,0,0,0,0,0,1,0,6,9,5,0,1,30,1,0,0,5,5,0,0,1,0,0,0,0,0,0,1,0,0,0,0,0,3,1,15,0,0,0,0,10,6,0,19,0,0,1,0,0,0,0,0,0,0,0,0,0,0,0,0,0,0,4,0,0,0,0,0,0,2,0,0,0,0,0,1,0,4,0,0,0,0,0,0,0,0,0,0,29,0,0,0,0,0,1,0,1,0,3,0,0,0,0,0,0,0,3,0,0,2,3,0,0,0,0,0,0,0,3,8,0,3,0,0,0,0,0,0,0,0,0,16,0,5,0,0,1,4,0,2,1,0,2,0,1,0,0,0,0,4,0,0,0,0,0,0,0,0,5,0,2,0,0,16,0,0,0,0,0,0,0,0,0,0,0,0,34,1,0,0,0,0,0,1,0,0,0,0,3,0,0,4,5,0,0,0,0,0,20,0
88,0,1,0,0,27,0,0,46,0,0,17,0,2,4,0,0,0,0,0,0,0,0,3,0,2,0,0,0,0,0,0,0,0,0,0,0,0,0,0,0,0,0,0,0,0,0,0,0,0,0,0,0,0,0,0,0,0,1,5,0,0,2,0,0,0,0,0,0,0,0,0,0,0,0,0,3,0,0,0,0,0,0,0,0,0,1,0,0,12,0,0,2,0,0,0,0,0,0,0,0,0,0,17,3,0,4,0,0,0,0,3,3,0,0,0,0,0,0,0,0,0,2,0,0,0,0,0,0,0,4,0,0,0,0,0,0,0,11,0,0,0,0,0,0,0,0,6,1,0,0,0,0,0,0,0,0,0,0,0,0,0,7,0,0,0,0,0,14,1,0,0,10,0,2,0,0,1,0,0,1,0,0,0,0,0,0,9,2,0,0,0,0,5,5,0,0,1,0,0,0,0,0,2,0,0,0,0,0,64,0,0,21,0,1,0,0,0,0,1,0,1,0,0,0,0,0,0,0,0,0,0,0,0,0,0,0,3,0,0,0,17,0,3,0,0,0,0,0,0,0,0,0,0,0,0,0,0,0,0,14,0,0,0,14,1,0,0,0,0,0,12,0,0,0,4,0,0,0,0,0,0,1,0,0,0,0,17,0,0,0,0,3,0,6,0,0,0,0,8,0,0,1,1,0,0,0,10,0,0,0,0,0,0,8,0,0,0,0,36,0,6,0,28,0,0,0,6,0,0,0
89,0,0,2,0,8,0,0,36,0,9,29,6,2,4,0,0,0,0,6,0,0,1,0,0,20,0,4,0,0,2,0,4,1,0,0,0,0,2,0,0,0,0,0,0,0,0,1,0,0,0,1,2,0,0,0,2,0,0,0,0,0,2,0,0,0,1,0,0,0,0,0,0,0,1,0,0,0,0,0,11,0,0,0,0,0,0,1,0,11,0,0,9,0,0,0,2,0,0,0,11,0,0,0,2,4,1,0,0,4,3,0,2,0,0,0,0,0,0,0,0,0,0,5,0,0,0,0,0,0,8,0,4,0,0,0,11,0,10,0,0,0,4,2,0,6,0,0,1,0,0,5,0,0,0,2,0,0,0,0,0,0,3,41,1,0,0,0,0,0,0,13,1,0,0,0,0,1,4,0,0,0,0,2,0,0,0,0,0,0,0,0,0,0,0,0,0,0,2,0,0,2,0,0,0,0,2,0,0,0,0,0,0,0,1,0,0,1,0,21,0,0,0,0,0,0,0,0,0,0,0,0,0,0,0,0,0,0,0,1,0,4,0,0,0,0,0,0,0,0,0,4,2,11,0,2,0,0,0,0,0,5,2,0,16,0,0,0,0,0,1,8,0,0,0,3,0,1,0,7,0,0,0,0,0,0,0,0,0,16,0,0,0,14,0,0,0,2,0,0,2,0,1,10,0,0,0,22,0,2,0,0,0,0,3,0,0,1,0,21,0,0,2,5,0,0,2,0,0,23,0
90,0,2,0,0,5,0,13,53,0,0,28,0,0,0,0,0,0,0,0,1,0,0,0,0,0,0,3,0,0,0,0,1,2,0,1,0,1,0,0,0,0,0,0,0,0,2,8,0,0,1,0,0,0,0,0,0,3,0,0,0,0,3,0,0,0,0,0,1,0,0,0,4,2,0,0,0,0,0,0,1,0,0,0,0,0,0,0,0,0,0,0,0,0,7,0,0,0,0,3,15,0,2,23,0,0,0,3,0,0,0,0,1,0,2,10,0,0,0,0,1,0,0,3,0,0,0,0,1,0,0,6,0,0,0,0,0,0,10,0,6,0,4,0,0,0,0,0,3,0,0,0,9,0,0,0,0,0,0,0,4,0,0,2,0,0,6,3,0,0,0,0,5,1,0,0,0,1,0,0,0,21,0,2,0,0,0,0,0,0,1,0,0,0,0,0,0,0,0,0,0,0,0,3,0,0,0,0,1,0,0,0,0,0,0,0,0,0,0,29,0,0,0,0,3,0,0,1,0,0,0,0,0,0,0,0,0,0,12,0,11,0,0,5,0,0,0,17,0,6,0,0,0,0,0,0,1,0,9,0,0,6,25,5,1,1,0,0,8,31,0,1,0,0,0,1,0,0,0,0,1,0,0,0,0,0,0,0,0,4,0,0,0,0,6,0,1,24,0,0,0,0,0,0,0,0,0,0,0,4,0,0,4,0,0,0,0,0,0,0,0,0,2,3,12,5,0,1,0,22,0
91,0,0,0,1,6,0,21,55,0,12,23,0,0,0,0,0,0,0,0,0,0,0,0,0,0,0,7,0,0,0,0,1,0,0,0,0,2,0,0,2,0,0,1,0,0,0,5,0,0,0,0,0,9,0,0,0,4,6,0,0,0,0,5,0,0,0,0,1,0,0,0,0,0,0,0,0,0,0,0,1,0,0,0,0,0,0,0,0,0,0,0,0,1,6,0,0,0,1,6,0,1,0,84,0,0,0,0,0,0,0,0,1,0,0,32,0,0,0,0,1,0,1,6,7,0,0,0,2,0,0,0,0,0,0,0,0,0,41,0,0,0,3,0,0,0,0,0,4,0,0,0,0,0,0,1,0,0,0,0,0,0,0,0,0,0,25,0,0,0,0,0,2,1,43,1,0,1,0,0,0,22,0,0,0,0,0,0,0,0,2,0,0,0,0,0,0,0,0,0,1,0,0,0,0,0,0,1,0,0,0,2,0,0,0,0,0,0,0,95,0,0,0,0,0,1,2,0,1,0,0,0,0,0,0,1,0,5,5,0,0,1,0,27,0,0,0,0,0,0,0,0,0,0,0,4,1,1,0,2,0,3,115,4,0,0,0,0,0,8,0,1,0,0,0,2,0,0,0,0,0,0,0,0,1,0,0,2,0,17,0,0,0,0,15,0,0,17,0,2,0,0,0,0,0,1,0,16,0,0,0,0,12,0,0,10,0,0,0,0,0,0,0,3,0,2,0,3,0,0,0
92,0,0,0,0,0,0,0,81,0,0,5,5,0,0,0,0,0,0,2,0,0,0,5,0,0,0,1,0,0,0,0,1,0,0,0,0,0,0,0,0,0,0,0,0,0,0,0,0,0,0,0,0,0,0,0,3,0,0,0,0,0,5,0,0,1,0,0,0,0,0,0,0,0,0,0,0,0,0,0,0,0,4,0,0,0,0,3,0,0,0,0,7,0,0,0,1,0,0,0,3,0,20,0,0,6,4,0,0,0,0,0,2,1,2,0,0,0,0,0,0,0,4,0,0,0,2,0,0,0,0,114,0,0,0,0,2,0,4,0,0,0,1,0,0,0,0,0,0,0,0,1,0,0,0,0,0,3,0,0,0,0,4,1,0,1,1,0,0,0,0,0,18,0,4,1,0,4,0,0,0,0,0,0,0,0,3,2,0,0,0,0,0,2,1,0,0,0,0,3,0,0,0,0,0,0,0,0,0,43,1,0,0,0,2,0,0,0,0,1,2,0,0,0,0,0,0,0,0,0,0,0,0,1,0,0,0,2,0,34,12,4,0,0,0,0,0,2,0,0,0,0,2,8,0,0,0,0,0,0,0,4,2,11,61,0,0,0,0,0,1,1,0,0,15,0,0,0,0,0,1,0,0,0,0,0,0,0,0,3,0,0,2,0,7,0,0,1,0,0,0,0,0,1,0,1,0,9,4,0,0,0,0,2,0,0,0,1,0,0,2,0,2,6,0,0,0,0,0,0,0
93,0,0,0,0,14,0,0,67,0,0,17,0,0,3,1,0,0,0,0,0,0,0,3,0,0,0,0,1,0,0,0,0,0,0,0,0,0,1,0,0,0,0,0,0,0,1,0,0,10,0,0,0,0,0,0,0,0,0,0,0,1,0,0,0,0,0,0,0,0,0,0,19,0,0,0,0,0,0,0,0,0,2,0,9,0,0,4,0,0,0,4,0,0,1,0,0,0,0,0,3,1,17,7,0,0,2,0,0,0,0,2,3,3,0,0,0,2,0,0,0,0,6,2,0,2,0,0,0,0,19,26,0,0,0,0,0,0,1,0,0,0,1,1,0,0,0,0,0,0,1,0,0,0,0,0,0,0,0,3,0,1,3,2,0,0,1,1,5,0,1,0,0,0,2,0,0,1,0,0,0,0,0,0,0,0,0,16,0,2,0,1,0,2,0,0,0,0,0,0,0,0,0,0,0,0,0,0,0,0,0,0,0,0,4,0,1,0,0,1,0,0,1,0,0,0,8,0,0,0,0,0,0,0,0,1,0,2,0,0,0,7,0,4,0,0,0,0,3,4,0,0,2,0,0,0,0,0,0,0,0,0,0,0,11,0,0,0,0,0,1,2,0,0,0,0,0,0,0,0,0,0,0,0,0,0,0,0,0,1,0,0,0,0,2,0,0,0,0,0,0,0,0,0,0,0,0,6,5,0,0,3,0,0,2,0,0,0,0,28,0,0,0,19,0,0,0,0,0,1,0
94,0,0,0,0,14,0,1,38,0,0,94,6,0,0,0,0,0,0,0,0,0,0,0,0,3,0,1,0,0,0,0,7,0,0,0,0,13,0,0,3,0,0,0,0,0,0,0,0,0,0,0,0,0,0,0,0,0,0,6,2,0,1,0,0,0,0,0,0,0,0,0,13,0,0,0,0,0,0,0,6,0,0,0,10,0,0,1,0,0,0,2,0,0,0,14,0,0,0,0,2,0,0,8,0,0,0,0,0,1,0,0,3,0,0,0,0,5,0,0,12,1,15,3,0,0,0,0,2,0,0,0,0,0,0,0,0,0,15,0,0,0,2,0,7,0,1,10,1,0,1,0,0,0,0,0,0,0,1,0,0,0,0,1,0,0,1,0,0,0,0,1,20,12,5,0,0,2,0,0,0,1,0,0,0,3,0,10,0,0,1,0,0,2,0,0,9,0,0,0,0,0,0,0,0,1,0,0,0,0,0,1,0,1,0,0,4,1,0,2,2,0,0,0,0,0,4,0,1,0,0,0,0,0,0,0,0,0,1,0,0,0,6,0,0,0,0,0,0,0,0,0,0,0,0,0,0,1,0,0,0,17,1,4,0,0,0,0,0,0,1,1,0,0,0,0,0,0,0,0,0,0,1,0,0,0,0,0,0,8,0,0,0,7,1,0,1,1,0,45,4,0,0,0,0,0,0,0,3,0,1,0,3,2,0,0,7,0,0,0,0,0,0,11,0,0,0,0,0,0,0
95,0,0,0,0,0,0,0,11,0,0,24,6,1,0,0,2,2,0,0,0,0,0,0,21,22,16,0,0,2,0,0,0,0,0,0,0,4,3,0,0,0,0,0,0,0,0,0,0,0,0,0,0,0,0,0,0,0,12,0,0,0,6,0,0,1,0,1,0,0,0,0,4,0,0,0,0,0,0,0,0,0,0,1,0,0,0,0,0,0,0,0,0,0,0,0,3,0,0,0,19,4,0,0,0,0,1,1,0,0,2,0,10,1,0,0,0,0,0,0,0,4,0,2,0,0,0,0,0,1,4,0,0,0,0,0,0,0,22,0,0,0,2,0,0,0,0,16,0,0,12,14,0,0,0,0,0,0,0,0,0,0,10,37,0,0,0,0,0,0,0,0,1,0,0,0,0,0,0,0,1,0,1,0,0,0,0,12,0,0,0,4,0,0,0,0,0,1,0,0,0,0,0,0,0,0,0,0,0,0,0,1,0,1,4,0,2,0,0,17,7,0,0,0,0,0,0,1,0,0,0,0,0,0,0,0,0,0,0,0,0,6,0,23,0,0,0,2,1,0,0,0,4,0,0,0,0,0,0,0,0,0,2,0,16,12,0,1,0,0,1,7,0,0,0,0,0,0,0,7,1,1,0,0,0,0,0,1,0,33,0,0,0,0,0,0,0,0,1,8,0,0,0,7,8,10,1,15,0,3,0,0,0,0,7,0,0,0,0,17,0,0,0,6,0,1,0,0,1,0,0
96,0,0,0,0,0,0,0,75,0,0,22,5,3,0,0,5,0,0,0,0,0,0,2,12,11,0,0,0,0,0,0,0,0,0,0,0,0,1,0,0,0,0,0,0,0,0,0,0,0,0,0,0,0,2,0,0,0,13,0,0,0,4,0,0,0,1,0,0,0,0,0,0,1,0,0,0,0,1,0,0,0,0,0,0,1,19,1,0,1,0,0,1,0,0,0,0,0,1,0,11,0,2,31,2,12,1,0,0,0,0,0,0,1,0,0,0,0,2,0,0,0,0,0,0,1,0,0,0,0,1,0,0,0,0,0,0,0,12,0,29,1,0,0,0,0,0,5,4,0,0,3,0,0,0,0,0,3,0,0,0,0,3,1,0,0,32,0,0,0,0,2,3,0,0,0,0,0,0,0,0,0,0,0,0,0,0,0,1,0,0,0,5,4,0,0,0,0,0,0,0,0,0,4,3,0,0,0,0,0,0,0,0,0,3,0,0,0,0,94,0,0,8,0,3,1,0,1,0,0,0,0,1,0,0,4,0,0,0,0,0,1,0,2,0,0,0,0,0,0,0,0,2,0,0,0,0,2,0,0,0,0,28,0,11,0,0,0,0,16,1,1,0,0,0,0,0,0,0,0,0,0,0,0,0,0,0,1,0,3,0,0,0,0,4,0,0,0,1,0,0,0,0,0,0,0,0,24,1,0,0,0,5,0,0,0,0,1,0,7,3,0,0,4,0,3,5,0,0,0,0
97,0,0,1,0,1,0,8,25,0,0,9,0,0,0,1,5,0,0,0,2,0,0,1,0,0,0,0,0,0,0,1,0,0,0,0,0,0,0,0,0,0,0,0,0,0,0,0,0,0,0,0,2,0,0,0,0,0,0,0,0,1,0,0,0,0,1,0,0,0,1,0,0,0,0,0,0,0,0,0,0,0,0,0,0,1,0,4,0,0,0,0,5,0,0,0,5,0,0,0,0,4,0,83,0,6,1,0,0,0,0,0,0,0,0,0,0,0,0,0,0,3,0,3,4,0,0,0,0,0,1,0,0,0,0,0,1,0,1,0,3,0,2,0,0,0,0,0,3,0,0,2,9,0,0,0,0,0,0,0,0,0,5,1,0,0,13,0,0,0,1,0,4,0,0,0,0,2,0,1,0,0,0,0,0,0,0,0,0,0,1,0,1,0,0,0,0,0,0,0,0,0,0,0,1,0,0,0,8,0,0,0,0,1,2,0,0,0,0,24,0,0,0,0,1,0,0,1,0,0,0,0,1,0,2,0,0,1,0,0,7,0,0,12,0,0,0,0,0,0,0,1,3,0,0,0,0,0,0,0,0,0,0,0,0,0,0,0,0,29,0,1,1,0,0,0,0,0,0,0,0,0,0,0,0,0,0,0,0,6,0,0,0,0,7,0,0,0,0,0,0,0,0,0,0,0,1,2,1,0,3,1,0,1,1,0,1,0,0,0,5,0,0,4,23,0,9,12,1,0,0
98,0,0,0,0,0,0,0,34,0,0,8,4,0,0,0,0,0,0,0,2,0,0,1,0,24,1,0,0,0,0,0,1,0,0,0,0,2,2,0,0,0,0,0,0,0,0,0,7,5,0,0,4,0,0,0,0,0,22,2,0,0,3,0,0,0,0,0,0,0,0,0,0,2,0,0,2,1,0,0,0,0,0,0,0,0,0,3,0,0,0,0,20,0,5,0,0,0,0,1,0,0,4,23,4,5,1,0,0,0,2,0,0,3,0,0,0,0,5,2,0,0,0,0,0,0,0,0,0,0,0,0,0,0,0,0,0,0,5,0,0,0,0,0,0,0,3,0,4,0,0,3,0,0,0,0,0,0,0,0,0,0,17,0,4,0,15,0,0,0,0,0,0,0,0,0,0,1,0,0,0,6,0,0,0,0,0,0,0,0,0,0,0,12,0,0,0,0,0,0,0,0,0,0,0,0,0,0,0,0,1,0,0,0,3,0,0,0,0,92,0,0,0,0,0,0,0,3,0,0,3,0,0,0,0,7,0,3,0,0,15,6,5,48,1,0,0,0,0,0,0,1,1,1,0,0,0,0,0,0,0,0,26,0,0,0,0,0,0,7,2,1,0,0,0,1,0,0,0,0,0,0,0,0,0,0,0,3,0,2,0,0,0,0,1,0,0,12,0,0,0,0,1,0,2,0,0,25,0,0,0,0,0,0,4,0,0,0,0,2,0,0,1,11,0,2,0,0,4,0,1
99,0,0,1,0,7,0,0,101,0,9,19,0,2,0,0,0,0,0,0,0,0,2,1,0,37,0,0,0,0,0,0,0,0,0,0,0,4,0,0,0,0,0,0,0,0,0,0,0,0,0,0,0,0,0,0,0,0,8,0,1,0,0,0,0,0,3,0,0,0,1,0,0,2,0,0,0,0,0,0,1,0,0,0,0,0,0,2,1,0,0,0,23,0,0,5,0,0,0,0,0,1,0,88,0,2,3,0,0,0,0,0,0,2,0,0,0,0,0,3,0,0,0,8,1,0,0,0,0,0,0,0,0,0,0,0,0,0,18,0,11,0,0,6,0,0,0,6,9,0,8,1,0,0,0,0,0,0,0,1,0,0,11,1,0,1,0,0,0,0,0,0,2,0,19,0,0,1,0,0,0,0,0,0,0,0,0,0,0,2,0,0,2,17,0,0,0,0,0,0,0,0,0,3,0,0,0,0,0,0,0,0,0,0,3,0,0,0,0,9,24,0,0,0,2,0,0,2,0,0,0,2,0,0,0,7,0,5,0,0,0,2,2,12,1,0,0,0,0,0,0,0,2,0,0,0,0,0,0,1,0,0,10,0,4,0,0,1,4,0,0,1,0,0,0,0,0,0,0,0,3,0,0,0,0,0,0,1,0,2,0,0,0,0,6,0,0,9,0,1,1,1,1,0,0,0,0,33,2,0,0,0,0,1,1,0,0,0,0,1,0,0,2,8,0,0,0,0,1,0,3
100,0,0,0,0,3,0,0,77,0,0,37,1,0,0,1,0,0,0,0,0,0,0,0,11,0,0,0,2,0,0,0,0,0,0,0,0,0,0,0,0,0,0,0,0,0,1,5,0,0,1,0,0,0,9,4,0,3,0,3,0,0,5,9,0,0,0,0,0,0,0,0,3,5,0,0,0,0,0,2,3,0,0,0,0,0,0,0,0,0,0,0,0,0,20,4,0,0,2,0,0,5,0,68,0,18,0,0,0,0,0,0,1,0,0,1,0,0,0,0,1,0,0,0,0,0,0,0,4,0,0,0,0,0,0,1,0,0,0,0,0,0,1,0,0,0,0,0,12,0,20,0,8,0,0,1,0,0,0,0,0,0,0,0,0,0,17,0,0,0,0,6,3,2,19,0,0,1,0,0,0,10,0,0,0,0,0,0,0,0,0,5,2,0,0,0,0,0,0,0,1,0,0,0,4,0,0,0,0,0,0,1,0,0,0,0,0,0,0,108,0,0,0,0,1,3,0,1,0,0,0,0,0,0,0,4,0,0,7,0,0,3,0,3,1,0,0,0,0,1,0,0,0,0,0,0,0,0,0,0,0,15,23,1,0,0,0,0,0,21,0,0,1,0,0,1,0,0,0,0,0,0,0,0,0,0,0,0,0,31,1,0,0,0,0,0,0,12,0,0,0,0,0,0,0,0,0,0,1,0,0,2,7,0,0,0,1,0,0,0,0,0,4,3,0,0,0,5,4,0,0
101,0,0,0,0,9,0,0,11,0,0,7,9,0,0,0,0,0,0,0,0,0,0,1,0,4,0,1,0,0,0,0,1,2,0,0,0,0,0,0,0,0,0,0,0,0,0,0,0,6,0,0,0,0,0,0,5,0,0,0,0,0,10,0,0,0,0,0,0,0,0,0,28,0,0,0,12,0,0,0,0,0,0,0,0,0,0,2,1,0,0,0,5,0,2,0,0,0,0,0,0,2,0,13,0,0,6,0,2,0,0,4,4,0,0,0,2,0,0,1,0,1,1,2,0,12,0,0,1,0,7,0,1,0,0,0,0,0,8,0,0,0,2,0,0,0,0,0,0,0,0,1,1,0,0,0,0,0,0,0,5,0,0,1,0,0,1,0,0,0,0,1,21,6,2,2,0,5,0,0,0,0,0,0,0,0,0,0,0,0,0,0,0,4,0,0,0,0,0,0,0,0,0,0,0,0,0,0,0,0,0,0,0,0,4,0,0,0,2,0,0,0,1,0,0,0,0,0,0,0,0,0,0,0,0,0,0,4,0,17,0,0,0,1,0,0,4,0,0,0,0,0,2,0,0,0,0,0,2,0,0,0,26,0,33,0,0,0,0,1,0,1,0,0,0,7,0,0,0,0,2,0,0,0,0,0,0,0,0,1,0,0,0,0,0,0,0,0,0,6,0,4,1,0,0,0,0,7,0,0,0,0,0,0,0,0,0,0,0,0,0,0,1,6,0,0,0,3,0,0,0
102,8,0,0,9,7,0,0,59,0,0,7,3,3,0,0,0,1,0,0,0,0,0,4,0,5,0,0,0,0,0,0,0,0,0,0,0,5,0,0,0,0,0,0,0,0,0,0,0,0,0,0,0,0,0,0,0,0,2,0,0,0,0,0,0,0,0,0,0,0,0,0,0,0,0,0,0,0,1,0,0,0,0,0,6,0,0,1,0,0,5,4,0,0,0,21,0,0,0,0,0,1,5,38,0,0,9,0,0,0,0,3,11,1,0,0,4,0,0,0,0,0,0,0,2,0,4,0,0,0,6,0,0,1,0,0,0,0,16,0,0,0,3,1,0,0,0,13,0,0,0,1,1,0,0,0,0,0,5,0,0,0,2,0,0,0,0,0,0,0,0,0,0,0,0,0,0,3,0,0,1,0,0,0,1,0,3,26,2,0,0,3,0,0,0,0,1,0,0,2,0,0,0,0,0,0,0,0,0,0,0,0,0,0,1,1,0,0,0,1,0,0,0,0,0,0,0,0,0,0,0,0,0,0,0,0,0,7,2,18,0,6,0,1,0,0,0,0,0,0,0,0,0,0,0,0,0,0,0,0,4,0,0,5,31,0,1,0,0,0,0,8,0,0,0,0,0,0,0,0,2,0,0,0,1,0,0,3,0,1,1,0,0,0,0,0,0,0,0,9,2,0,0,0,0,0,0,0,12,0,0,0,1,4,17,0,0,0,0,10,0,0,0,13,3,0,0,0,0,1,0
103,0,0,2,0,0,0,0,90,0,0,3,1,0,0,0,0,0,0,0,0,2,0,0,0,10,1,0,3,0,0,0,0,0,0,0,1,0,0,1,0,0,0,0,0,0,0,3,0,0,0,0,2,0,0,0,0,0,0,0,0,0,5,9,0,0,0,0,0,0,0,0,0,0,0,0,0,0,0,4,0,0,0,0,0,0,0,1,0,0,0,0,0,0,3,0,0,0,1,0,9,0,2,15,4,16,3,0,0,0,0,0,0,2,0,0,0,0,0,0,0,0,0,2,0,0,0,0,0,0,1,0,0,0,0,0,0,1,8,0,7,0,1,0,0,0,0,13,2,0,0,1,0,0,0,0,0,0,0,0,8,0,0,0,0,0,9,0,0,0,0,0,2,0,34,0,0,0,0,0,0,0,0,2,0,0,0,0,0,4,0,0,0,7,0,0,0,0,0,0,0,0,0,0,0,0,0,0,0,8,0,0,0,0,2,0,0,0,0,62,5,2,22,0,0,0,0,1,0,1,1,5,0,0,0,6,0,0,0,2,0,0,9,46,0,0,0,0,0,2,24,0,3,0,0,0,0,0,0,0,0,0,0,0,5,0,0,0,0,0,1,0,0,0,0,0,0,6,0,0,0,0,0,0,0,0,0,0,0,6,0,0,0,0,0,0,1,0,0,0,2,1,0,0,2,0,0,81,1,0,0,2,0,1,0,0,0,0,0,0,0,0,0,1,0,0,0,0,0,3,0
104,0,1,0,6,36,0,3,183,0,1,42,5,0,0,0,0,0,0,0,0,0,0,0,0,0,0,1,0,0,0,1,6,1,0,0,0,0,1,0,1,0,0,0,0,0,0,0,0,0,0,0,0,0,0,0,1,0,0,0,1,0,0,0,0,0,0,0,1,0,0,0,0,0,0,0,0,0,0,0,18,0,0,0,0,0,0,0,0,3,0,6,0,0,0,8,0,0,0,1,0,1,0,4,3,31,0,0,1,0,0,0,5,0,0,2,0,0,0,0,20,0,6,0,0,0,0,0,3,0,0,0,0,0,0,0,0,0,30,0,0,0,2,1,0,0,0,20,0,0,1,0,0,0,0,0,1,2,8,0,0,0,0,1,0,0,2,0,0,0,0,0,13,21,9,0,0,1,0,0,0,0,0,0,1,1,0,0,1,0,1,3,0,0,0,0,0,0,0,0,0,5,0,0,0,1,0,0,0,107,0,0,0,0,0,0,0,1,0,6,1,0,0,0,0,1,4,0,1,0,0,0,0,0,0,0,0,0,0,49,3,8,0,0,0,1,0,0,0,0,0,0,0,0,0,0,0,0,1,8,3,19,18,2,0,0,0,0,0,0,0,5,0,0,0,14,0,1,0,0,0,0,0,0,1,0,0,5,0,3,0,0,0,0,1,0,0,0,0,15,0,0,0,0,0,0,1,0,0,0,0,3,2,0,0,0,5,0,1,0,0,0,1,18,0,1,0,6,1,0,0
105,0,0,0,0,5,0,7,48,0,0,86,2,0,0,1,6,0,0,0,0,3,0,0,0,0,1,6,0,0,0,0,1,1,0,0,0,3,0,0,0,0,0,0,0,0,0,0,0,0,0,0,1,4,0,0,0,1,0,5,0,1,0,47,0,0,1,0,0,0,0,0,0,0,0,0,2,0,0,0,0,0,0,0,0,1,0,2,0,0,0,0,0,0,21,0,0,0,0,3,0,0,0,17,0,0,0,1,0,0,3,0,1,0,0,13,0,0,0,5,0,0,0,9,0,0,0,0,3,0,0,0,3,0,0,0,0,0,6,0,0,0,1,0,0,0,2,2,9,0,0,0,0,0,0,0,0,0,0,0,1,0,0,0,0,0,0,0,0,0,0,0,10,0,34,0,0,0,9,0,0,5,0,0,0,0,0,0,0,0,1,0,0,0,0,0,1,0,0,0,1,0,0,0,0,0,0,0,0,0,0,1,0,2,0,0,0,0,0,32,0,0,0,0,0,1,2,0,0,5,0,0,0,0,3,3,0,1,0,0,0,0,0,10,0,0,1,0,9,0,0,0,1,1,0,0,0,1,0,0,0,15,48,15,0,0,0,0,0,0,0,0,0,0,0,0,0,11,0,0,0,0,0,0,0,5,8,0,0,21,0,0,0,0,3,0,0,0,0,1,1,0,0,0,0,0,0,0,0,0,0,0,5,0,0,0,0,0,0,0,0,0,2,4,2,5,0,11,2,0,0
106,1,0,0,0,6,0,0,131,0,2,7,1,1,0,0,0,0,0,0,1,0,0,0,0,0,0,4,0,0,0,0,0,0,0,0,0,0,0,0,0,0,0,0,1,1,0,0,0,0,0,0,0,0,0,0,2,0,0,0,0,0,3,0,0,0,0,0,0,0,0,0,0,0,0,0,0,0,0,1,0,0,0,0,8,0,0,13,0,7,0,0,2,0,0,0,0,0,0,0,0,1,0,5,4,6,3,0,0,0,2,0,0,1,3,0,1,0,0,1,0,0,7,3,0,4,0,0,0,0,6,0,0,0,0,0,0,0,5,0,0,4,1,0,5,0,0,11,0,0,0,0,0,0,0,0,0,0,0,0,0,0,2,0,0,0,0,0,0,0,0,0,26,0,0,4,0,2,0,2,3,0,0,0,0,0,0,10,0,0,0,4,0,0,0,0,0,0,0,3,0,0,0,0,0,0,0,0,0,14,0,0,0,0,0,0,0,0,0,5,0,0,0,1,0,0,3,0,0,0,0,0,0,0,0,0,0,0,0,0,0,4,0,0,0,0,0,0,0,0,0,0,0,0,0,0,0,0,0,0,0,0,8,0,15,0,1,0,0,0,1,2,0,0,0,0,0,0,0,0,0,0,0,0,0,0,0,0,0,1,0,0,2,0,0,0,0,1,0,7,0,0,0,0,0,0,0,8,6,0,0,0,0,0,0,0,0,3,0,0,0,0,1,14,0,0,0,2,0,0,0
107,0,0,2,0,3,0,0,24,0,0,45,0,0,0,0,0,0,0,0,1,0,0,2,0,0,0,0,0,0,0,0,0,0,0,0,0,0,0,0,0,0,0,0,0,0,0,0,0,0,0,0,0,0,0,0,0,0,18,3,0,1,4,7,0,0,0,3,0,0,0,0,0,0,0,0,0,0,0,0,0,0,0,0,2,0,0,5,0,0,0,0,0,0,0,0,0,0,0,0,0,0,0,38,1,33,1,0,0,0,0,0,0,1,0,0,0,0,0,0,0,0,0,4,0,1,0,0,0,0,0,4,4,0,0,0,1,0,6,2,0,0,0,0,0,0,3,10,7,0,0,2,0,0,0,0,0,1,0,0,0,0,14,2,0,1,39,1,0,0,1,0,4,0,12,0,0,0,0,0,0,0,1,0,0,0,0,0,0,0,0,0,1,9,0,0,0,0,0,0,0,10,0,0,0,0,1,0,0,0,0,0,0,0,1,0,0,0,0,67,7,0,0,0,0,0,0,0,0,0,0,0,0,0,0,3,0,0,0,0,0,5,0,9,0,0,0,0,0,0,0,0,2,0,0,0,0,0,0,5,0,0,23,0,7,0,0,4,0,0,0,0,0,0,0,1,0,8,0,0,0,0,3,0,0,0,0,0,0,2,1,0,0,0,14,0,0,0,0,0,0,0,3,0,0,0,0,7,0,7,0,0,0,1,0,0,0,0,0,1,0,0,1,5,89,2,0,0,4,33,0
108,0,0,0,0,2,0,0,39,0,0,7,1,0,0,0,0,1,0,0,0,0,0,0,0,0,0,0,0,0,0,0,1,1,0,0,0,0,0,0,2,0,0,0,0,2,0,0,8,0,0,1,0,0,0,0,0,3,0,0,0,0,2,11,0,0,0,0,0,0,0,0,0,3,0,0,0,0,0,0,0,0,0,0,0,0,0,3,0,0,0,0,14,0,0,0,0,0,0,3,0,2,0,0,0,21,1,0,0,0,1,0,0,0,0,0,0,0,0,0,0,0,0,0,0,0,2,0,0,0,0,0,0,0,0,0,1,1,18,25,0,0,1,0,0,0,0,2,0,0,0,1,10,0,0,0,0,2,0,0,0,0,3,1,0,0,4,0,0,0,0,2,7,1,25,0,0,0,0,2,0,0,0,0,0,0,0,0,0,0,0,0,0,0,0,0,0,0,0,0,0,0,0,0,0,0,0,0,5,0,0,0,0,0,1,0,0,0,0,4,5,0,7,0,0,0,0,1,0,2,0,0,0,0,3,0,0,0,0,1,0,3,0,27,0,0,0,0,9,0,0,0,0,0,0,0,0,0,0,0,0,8,0,0,4,0,0,0,0,0,0,1,4,0,0,0,0,0,0,0,0,0,0,0,0,0,8,0,0,2,0,0,0,0,5,0,0,0,0,0,0,0,0,0,0,0,0,14,0,0,0,0,0,1,0,0,0,0,0,0,0,0,0,1,25,0,0,8,9,16,0
109,0,1,1,0,0,3,0,39,0,0,55,4,4,0,0,2,1,0,0,0,0,0,1,13,8,0,4,0,0,2,0,0,0,0,0,0,14,0,0,0,0,0,0,0,0,0,2,0,0,0,1,0,0,0,0,0,5,0,0,0,0,1,0,0,2,1,0,0,0,0,0,0,0,0,0,0,0,0,0,0,0,0,0,0,0,0,2,0,39,0,0,0,0,0,0,0,0,0,0,0,1,0,0,0,1,3,0,0,0,0,0,10,2,0,0,0,0,0,0,0,7,0,1,0,0,0,0,12,0,3,0,0,0,0,0,45,0,19,0,7,13,2,0,0,0,0,19,0,0,0,7,0,0,0,1,0,0,0,0,1,0,1,7,0,0,22,0,0,0,0,0,9,0,0,0,0,1,0,1,0,0,0,0,0,0,0,12,0,0,0,0,0,1,0,0,0,0,0,0,0,0,0,0,0,0,0,0,0,0,0,0,0,0,1,0,0,0,0,11,0,0,2,0,0,0,2,1,0,0,0,0,9,0,2,0,0,3,0,0,0,6,0,9,0,0,0,0,0,0,0,0,5,0,0,0,0,0,0,0,0,0,2,0,8,0,0,0,0,0,0,15,0,0,0,0,0,0,0,0,0,0,0,0,0,1,0,1,0,26,5,0,1,0,0,0,0,1,0,10,0,0,0,8,0,14,1,48,0,0,0,0,0,3,8,0,0,0,0,0,10,0,1,17,0,0,8,0,0,0,0
110,0,0,0,7,14,0,0,25,0,0,8,0,1,0,0,0,0,0,0,0,0,0,1,0,1,0,0,0,2,0,0,0,1,0,0,0,0,0,0,0,0,0,0,0,0,0,0,11,0,0,0,0,0,0,0,4,0,0,6,0,0,1,0,0,0,0,0,0,1,0,0,8,0,0,0,4,0,0,0,0,0,4,0,0,0,0,0,0,5,0,0,3,1,1,0,0,0,0,0,0,1,0,9,3,0,5,0,0,0,0,1,3,2,2,0,0,0,0,0,0,0,0,0,0,0,0,0,0,0,27,21,0,0,0,0,1,0,7,0,0,12,4,0,0,0,0,0,0,0,0,0,0,0,0,0,0,0,0,0,0,0,0,4,0,0,2,0,1,0,0,0,0,0,2,0,0,4,0,0,0,0,0,0,0,1,0,0,4,0,0,0,0,4,0,0,0,0,0,1,0,3,0,0,0,0,0,0,0,0,0,0,0,2,4,0,0,0,0,3,0,0,0,0,0,0,2,0,0,0,0,0,0,0,0,0,0,0,0,0,0,5,0,2,0,0,7,0,0,0,0,0,0,0,0,0,0,0,0,0,0,0,4,0,24,0,0,0,0,0,0,9,0,0,0,0,0,0,0,0,1,0,0,0,0,0,0,5,0,2,0,0,2,0,0,0,0,0,0,0,0,0,0,0,0,1,0,2,9,0,2,0,0,4,5,0,0,0,0,10,0,0,2,26,0,0,0,5,0,0,0
111,0,0,2,4,6,0,0,5,0,6,16,1,2,5,0,0,3,0,0,4,0,0,0,0,6,0,0,1,0,0,0,0,0,0,0,0,0,0,0,0,0,0,0,0,3,0,0,0,4,0,0,0,0,0,9,0,0,1,0,0,0,2,0,0,0,0,0,0,0,23,0,1,7,0,0,0,0,0,0,3,0,0,10,0,0,0,7,0,0,0,0,0,0,0,0,4,0,0,0,18,0,0,0,0,6,0,0,0,0,0,0,2,0,0,0,0,0,0,0,0,0,1,1,0,0,0,0,0,0,8,0,0,0,0,0,0,0,0,0,5,0,2,0,0,0,0,0,1,0,0,6,0,0,0,0,0,0,0,0,0,0,16,5,0,0,5,0,0,0,0,0,5,0,0,0,1,1,0,0,0,0,0,0,0,0,0,0,0,0,0,0,0,3,1,0,0,0,0,0,0,0,0,0,0,0,3,0,0,0,5,0,0,0,1,0,0,0,0,2,0,0,0,16,0,0,0,2,0,0,0,0,3,0,2,0,0,0,0,0,0,7,0,2,0,0,0,0,0,0,0,0,7,0,0,0,1,0,0,1,0,0,1,0,0,0,0,0,0,0,0,5,0,0,0,13,0,1,0,0,0,0,0,0,0,0,0,0,0,24,0,0,1,0,0,12,0,1,0,5,0,0,12,12,0,3,1,22,0,0,0,0,0,1,0,0,0,0,0,0,0,0,2,2,0,0,0,0,0,0,0
112,0,0,0,0,4,0,8,18,0,21,54,1,0,0,0,0,0,0,0,0,1,0,0,0,0,0,7,1,0,0,0,3,0,0,0,0,11,0,0,0,0,0,0,0,2,0,0,0,0,0,0,0,0,0,0,0,3,8,0,0,0,0,0,0,0,0,0,1,0,0,0,0,0,0,0,0,0,0,0,5,0,0,0,0,0,0,0,0,0,0,0,19,0,0,0,6,0,0,3,0,2,0,110,0,10,0,0,0,0,0,0,0,0,1,0,0,0,0,0,1,0,1,6,0,0,0,0,10,0,0,0,0,0,0,0,0,0,8,0,0,1,1,28,0,0,0,0,4,0,0,0,0,0,0,0,0,0,0,0,6,0,0,0,0,1,0,0,0,0,0,7,2,4,90,0,0,1,11,0,0,0,0,0,0,0,0,0,0,0,2,0,0,0,0,0,1,0,0,0,0,0,0,0,0,0,0,0,0,0,0,1,0,1,0,0,0,0,0,22,0,0,0,0,0,0,1,1,1,1,0,0,0,14,0,15,0,5,3,0,0,4,3,12,0,0,0,0,0,0,0,0,1,0,0,3,1,0,0,0,0,25,23,5,0,0,0,3,0,65,0,0,0,0,0,2,0,5,0,0,0,0,0,0,0,0,0,0,0,3,1,0,0,0,7,0,0,37,0,1,0,0,0,0,0,0,0,0,0,0,0,0,0,0,0,0,0,2,0,0,0,0,4,4,0,13,4,3,0,0,0
113,0,1,0,1,0,0,0,10,0,0,10,0,1,5,0,0,0,0,0,0,1,0,0,0,0,0,8,0,2,0,0,0,0,0,0,3,12,2,0,0,0,0,0,0,0,0,1,0,0,0,0,0,0,0,6,1,0,1,0,0,0,2,1,0,0,1,0,0,0,0,0,0,23,0,0,0,0,0,0,7,0,0,3,16,0,0,5,4,0,0,0,19,0,0,0,0,0,0,0,0,1,0,0,2,0,0,1,0,0,0,34,1,0,0,0,0,0,0,0,0,0,0,0,0,0,0,0,0,0,15,0,0,0,0,0,5,0,11,0,0,0,0,0,0,0,0,0,0,0,0,7,0,0,0,0,1,2,0,0,2,0,5,12,0,0,10,0,0,0,0,0,0,0,0,0,0,0,7,0,0,0,0,0,0,0,0,0,0,0,0,7,0,0,0,0,0,0,0,0,1,0,0,0,0,0,0,0,0,0,0,1,0,2,1,0,0,0,0,12,0,0,2,0,0,0,5,3,0,3,0,0,0,0,0,0,0,0,0,0,0,2,0,5,0,0,0,0,0,0,1,0,2,0,0,0,0,0,2,0,0,0,0,0,0,0,0,0,0,0,0,21,0,0,0,0,0,0,0,0,0,0,0,0,0,0,0,0,0,19,0,0,0,10,0,8,0,1,0,0,0,0,0,8,0,0,1,45,0,0,0,0,0,6,2,1,0,0,0,0,0,0,0,4,0,0,0,0,0,0,0
114,0,0,0,0,17,0,4,96,0,0,21,13,0,0,0,0,0,0,0,0,0,0,0,1,0,1,0,0,0,0,0,6,0,0,0,0,25,0,0,1,0,0,0,0,1,0,0,0,0,1,0,0,0,0,0,6,0,0,10,0,0,0,0,0,0,0,0,1,0,0,0,4,0,0,0,2,0,1,0,0,0,0,0,0,0,0,0,0,0,0,3,0,0,4,0,0,0,0,0,0,1,0,20,0,8,1,0,0,0,0,0,6,0,0,3,0,0,0,0,5,0,5,2,0,3,0,0,4,0,0,0,0,0,0,0,0,0,46,4,0,0,2,1,0,0,2,0,1,0,0,0,2,0,0,0,0,0,0,0,0,0,0,2,0,0,0,4,0,0,0,1,88,6,9,3,1,2,0,5,8,0,0,7,0,1,0,0,0,0,0,0,0,0,0,0,6,0,0,0,0,0,0,0,1,0,0,0,0,0,0,0,0,0,0,0,0,1,0,1,0,0,0,0,1,0,0,0,0,0,0,0,0,0,0,1,0,0,4,0,0,3,0,2,0,0,0,0,0,0,0,0,1,0,0,0,0,0,0,2,16,2,30,10,26,0,0,0,0,0,0,3,3,0,0,30,0,0,0,2,0,0,0,0,0,0,0,4,0,4,0,0,0,4,3,0,0,0,0,0,1,0,1,0,0,0,0,0,0,0,0,0,1,2,4,0,0,0,0,0,0,0,0,4,0,0,0,5,0,0,0
115,0,0,1,1,0,0,0,82,0,0,3,3,13,0,2,0,0,0,0,0,0,0,0,0,0,0,0,0,1,0,1,0,0,0,0,0,8,0,0,0,0,0,0,0,0,0,17,0,0,0,0,0,0,0,0,0,2,0,0,0,0,0,0,0,0,1,0,0,0,1,0,0,2,0,0,5,0,0,0,1,0,0,0,0,0,0,0,1,0,0,0,18,2,37,2,0,0,0,0,4,1,0,5,0,0,1,0,0,0,0,0,0,0,0,0,0,0,0,0,0,5,0,3,0,0,0,0,0,0,0,0,0,2,0,0,0,1,2,0,2,1,0,0,0,0,0,0,4,0,0,2,13,0,0,0,0,0,0,0,0,0,12,2,0,0,2,0,0,0,0,0,0,0,10,0,0,1,0,0,0,0,0,0,0,0,0,0,0,0,0,0,0,1,0,0,0,0,0,0,0,0,0,0,0,0,0,0,5,0,0,0,0,0,1,0,0,0,0,107,0,0,9,0,0,0,0,1,0,0,0,0,0,0,1,11,0,0,0,0,0,0,0,21,0,0,0,0,0,0,12,0,1,1,0,0,0,0,0,0,0,5,84,0,6,0,0,0,3,0,0,1,0,0,0,0,0,0,7,0,0,0,0,0,0,0,0,0,0,0,0,0,0,0,16,0,0,0,0,0,0,0,2,1,0,0,0,11,0,0,3,0,0,1,0,12,0,0,0,2,0,0,1,2,0,0,0,10,1,0,0
116,0,0,0,0,20,0,7,62,0,0,290,7,0,0,0,0,0,1,0,0,0,1,0,0,0,0,1,0,0,0,0,7,0,0,2,0,10,0,3,0,0,0,0,0,0,0,0,0,0,0,0,0,0,0,0,0,0,0,0,2,0,1,0,0,0,0,0,1,0,0,0,0,0,0,0,0,0,1,0,0,0,0,0,0,0,1,0,0,6,0,5,1,0,1,0,0,0,0,0,0,1,0,1,0,15,0,0,0,0,1,0,2,0,0,1,2,0,0,0,13,0,7,0,0,2,2,0,3,0,0,0,0,0,1,0,0,4,36,0,0,0,6,0,0,0,0,0,0,0,2,0,2,0,0,0,0,0,0,3,0,0,0,4,0,0,0,0,0,0,0,0,0,21,15,0,0,1,0,0,2,0,0,0,0,2,1,0,0,2,0,0,0,0,0,0,0,0,0,0,0,0,0,0,0,0,0,0,0,0,0,1,0,0,0,0,0,0,0,1,0,0,0,0,0,0,0,0,3,0,0,0,0,0,0,0,0,0,4,0,0,3,0,1,0,0,0,12,1,0,1,0,0,0,0,0,0,0,0,0,0,3,18,29,0,0,1,0,0,0,0,6,0,0,0,14,0,0,0,0,0,0,4,0,0,0,1,0,0,3,0,0,0,0,7,0,0,1,0,0,0,0,0,1,0,0,0,0,0,0,0,0,1,1,0,0,0,2,0,7,0,0,1,11,0,0,0,17,0,0,0
117,2,0,0,0,0,0,0,47,0,1,15,9,3,0,0,1,0,0,0,0,0,1,0,0,1,0,1,0,0,0,0,2,0,0,2,0,11,0,0,1,0,0,0,1,1,0,0,0,0,0,0,0,0,0,0,8,0,0,9,0,1,3,0,0,0,0,0,0,0,0,0,0,0,0,0,0,0,0,0,0,0,0,0,0,0,0,2,1,0,0,0,1,0,2,0,0,0,0,0,0,0,0,8,1,5,2,0,0,0,0,1,8,1,2,0,0,0,0,0,0,0,0,0,0,0,2,0,0,0,0,0,0,0,0,0,0,0,0,0,0,0,2,0,0,0,0,0,0,0,0,0,1,0,0,0,0,0,0,2,0,0,24,1,0,0,1,3,0,0,0,0,30,11,0,0,0,3,0,0,0,1,1,1,0,0,0,0,0,0,0,1,0,5,0,0,0,0,0,0,0,0,1,0,0,0,0,0,0,0,0,0,0,0,4,0,0,0,0,3,0,0,1,0,0,0,0,0,0,0,0,0,0,0,0,0,0,0,0,0,0,3,0,0,0,0,0,3,0,0,2,4,1,0,3,0,0,0,0,0,0,0,0,0,33,0,0,0,0,0,3,1,0,0,0,4,0,0,0,0,0,0,0,0,0,0,0,0,0,0,1,0,0,0,10,0,0,0,0,3,0,0,1,0,0,0,0,3,11,0,0,0,0,2,4,0,0,0,0,0,0,0,2,8,0,0,0,0,0,0,0
118,4,0,0,6,17,0,0,57,0,0,7,4,1,0,0,0,0,0,0,0,0,0,1,0,0,0,0,0,2,0,0,0,0,0,0,0,0,0,0,0,0,0,0,0,0,0,0,0,0,0,0,0,0,0,0,0,0,0,8,3,1,0,0,0,0,0,0,0,0,0,0,0,0,0,0,0,0,7,0,0,0,0,0,0,0,1,5,0,0,0,0,2,0,1,16,0,0,0,0,3,0,0,13,0,0,6,0,0,0,0,2,7,0,0,0,2,0,0,0,0,0,3,0,0,4,0,0,0,0,9,52,0,0,0,0,0,0,22,1,0,0,3,1,0,0,0,14,0,0,0,0,0,0,0,0,0,0,0,0,0,0,1,1,0,0,1,0,0,0,0,0,97,0,0,0,1,4,2,0,0,0,0,0,0,0,0,0,0,0,0,0,0,1,3,0,0,0,0,0,0,5,0,0,0,0,0,0,0,0,0,0,0,1,0,0,0,0,0,0,0,2,3,5,0,0,0,0,0,1,0,0,0,0,0,0,0,0,1,0,8,5,0,0,0,0,0,1,0,0,0,0,2,0,0,0,0,0,0,0,0,0,0,0,21,0,2,0,0,0,0,16,0,0,0,0,1,0,0,0,0,0,0,0,0,0,0,0,0,2,0,0,0,2,8,0,0,0,0,0,1,0,0,0,0,1,0,23,2,0,0,0,0,1,0,0,0,0,0,30,0,3,1,24,0,0,0,6,0,0,0
119,0,0,0,0,8,0,0,111,0,0,8,2,2,0,0,0,0,0,0,0,0,0,1,0,5,1,0,0,2,0,0,1,1,0,0,0,6,0,0,0,0,0,0,0,1,0,0,0,9,0,0,8,0,0,0,0,0,2,0,0,0,2,0,0,0,0,0,0,0,0,0,0,0,0,0,0,0,0,0,0,0,7,0,0,0,0,10,0,0,0,4,0,0,0,0,0,0,1,0,0,0,0,31,0,15,2,0,1,0,0,0,0,1,0,0,0,0,0,0,0,1,0,1,0,4,0,0,0,0,14,0,0,0,0,0,0,7,17,0,0,0,2,0,0,0,1,14,0,0,1,1,1,0,0,0,0,0,0,1,0,0,1,1,0,0,0,0,0,0,0,0,13,0,2,0,0,5,0,3,1,0,0,0,3,0,0,0,0,2,0,0,0,0,0,0,0,0,0,2,0,0,0,0,0,1,0,2,1,0,0,0,0,0,0,0,0,0,1,2,0,0,1,0,0,0,0,0,0,0,0,0,0,0,0,0,0,0,0,0,0,10,7,9,0,0,0,0,0,1,0,0,2,0,6,0,0,0,0,0,0,0,2,0,28,1,0,0,0,0,3,6,0,0,6,9,0,0,1,0,0,0,0,0,0,0,0,5,0,1,0,0,0,0,0,0,0,0,0,7,1,0,0,1,0,0,0,1,0,0,0,0,0,2,12,0,0,0,0,0,0,0,0,29,0,1,0,6,0,0,0
120,0,0,0,0,6,3,9,23,0,0,19,2,0,0,0,0,0,0,8,0,0,1,0,0,0,0,0,0,0,0,0,1,0,0,0,0,0,0,1,1,0,0,0,0,4,0,0,0,8,1,0,0,0,0,8,0,3,0,0,1,1,5,0,0,0,0,1,1,0,11,0,0,0,0,0,0,0,0,0,0,0,0,0,0,0,0,0,0,0,0,1,0,0,1,0,0,0,0,0,0,4,0,0,0,10,0,0,0,0,0,0,4,1,0,13,0,0,0,0,10,0,0,0,0,0,0,3,55,0,0,13,6,0,0,0,0,0,26,5,0,0,1,0,0,0,0,0,1,0,20,0,0,0,0,0,0,2,0,0,0,0,0,7,0,0,0,4,0,0,0,0,1,0,2,0,0,0,0,0,0,0,0,0,0,0,0,0,0,0,0,0,0,0,1,0,0,0,0,0,0,0,0,3,0,0,0,0,0,0,0,3,0,2,2,0,0,0,0,33,0,0,0,0,0,4,4,0,7,1,0,0,0,0,2,1,1,0,1,1,0,0,0,0,0,0,0,0,0,0,0,0,0,0,0,0,0,0,5,0,0,1,1,4,0,0,0,0,0,0,0,4,0,1,0,8,0,0,1,0,0,0,0,0,0,0,0,0,0,13,0,0,0,0,1,0,0,5,0,34,0,0,0,0,0,0,0,0,0,0,0,0,4,0,0,0,0,1,0,0,0,0,0,7,0,0,0,0,0,20,0
121,0,0,0,0,1,0,0,43,0,8,23,6,1,0,0,0,0,0,0,0,0,0,1,0,50,1,0,3,0,0,0,1,0,0,0,0,0,0,0,0,0,0,0,0,0,0,0,0,0,0,0,0,0,0,0,0,0,7,0,0,0,0,0,0,0,3,1,0,0,0,0,0,1,0,0,1,0,0,2,0,0,0,0,0,0,0,1,1,0,0,0,0,0,0,4,0,0,0,0,0,1,1,51,0,0,1,0,0,0,0,0,0,1,0,0,1,0,0,0,0,0,0,7,0,0,0,0,0,0,0,0,0,0,0,1,0,0,8,0,8,0,0,0,0,0,0,2,2,0,0,2,6,0,0,0,0,0,0,0,7,1,24,2,1,0,11,0,0,0,0,5,0,0,15,0,0,1,0,0,0,0,0,0,0,0,0,0,0,0,1,0,0,0,0,0,0,0,0,0,1,0,0,0,0,0,0,0,0,0,0,0,0,0,0,0,1,0,0,29,0,0,0,0,0,0,0,1,0,0,0,0,0,2,0,0,0,0,0,0,7,0,0,17,0,1,0,0,8,0,0,0,1,0,0,0,0,2,6,0,0,0,3,0,0,0,0,0,0,0,1,1,0,8,0,1,0,11,5,0,0,0,7,0,0,9,5,6,0,3,0,0,0,0,5,0,0,9,0,0,0,0,0,0,2,0,0,13,0,0,1,0,4,1,0,0,0,0,0,2,6,0,1,7,69,0,0,7,6,0,1
122,0,0,0,0,10,0,0,95,0,0,20,0,2,0,0,0,0,0,0,0,0,0,5,0,6,0,0,0,0,0,0,0,0,0,0,0,10,0,0,0,0,0,0,0,0,0,0,0,0,0,0,0,0,0,0,0,0,1,0,2,0,2,0,0,0,0,0,0,0,2,0,0,0,0,0,0,0,0,0,0,0,0,0,12,0,0,6,0,3,0,7,0,0,1,0,0,0,0,0,0,2,14,0,3,12,1,0,0,0,0,0,5,1,0,0,0,0,0,0,0,0,0,1,0,8,0,0,0,0,0,0,0,0,0,0,0,8,19,0,0,9,0,0,0,0,0,27,0,0,1,0,0,0,0,0,0,0,0,0,2,1,7,0,0,0,1,4,0,1,0,0,19,0,5,0,0,4,1,0,0,0,0,0,0,0,0,0,4,0,0,0,0,0,0,1,1,0,0,2,0,0,1,0,0,0,0,0,0,0,0,0,0,0,3,0,0,0,2,2,0,0,1,0,0,0,0,0,0,0,0,0,0,0,0,0,0,5,0,0,0,10,0,5,2,0,0,3,1,0,0,0,1,0,0,0,0,0,0,0,0,0,18,0,10,1,0,0,0,0,1,6,0,0,0,27,0,0,0,1,0,0,0,0,0,0,0,4,0,2,1,0,0,0,5,0,0,0,0,0,0,0,0,2,0,0,0,17,4,0,1,0,0,2,0,0,0,0,0,0,0,0,0,16,0,0,0,0,1,0,0
123,0,0,0,0,0,0,1,17,0,6,59,4,0,0,0,2,0,0,4,0,0,0,0,0,0,0,0,1,0,2,0,4,0,0,0,0,9,0,0,1,0,1,0,0,0,0,0,0,0,0,0,0,0,0,0,0,4,0,0,1,0,6,0,0,0,0,0,1,0,2,0,0,0,6,0,0,0,0,1,0,0,0,0,0,0,0,0,0,0,0,1,0,0,1,11,1,0,0,0,0,1,0,2,0,2,0,0,0,0,0,0,9,0,0,10,3,0,0,0,23,0,3,3,5,0,0,0,76,0,0,0,10,0,0,0,0,0,0,0,0,0,10,0,0,0,0,4,0,1,0,0,0,0,0,0,1,0,0,0,0,0,0,0,0,0,0,0,0,0,0,0,3,1,1,0,0,0,0,0,0,0,0,0,0,0,1,20,0,5,0,0,0,0,0,0,0,0,2,0,0,0,0,0,1,0,0,0,0,0,0,0,0,1,0,0,0,0,0,53,0,0,0,0,0,3,0,2,10,1,0,0,0,0,0,0,0,0,0,0,0,1,0,0,0,1,0,0,0,0,0,0,0,9,0,3,0,0,0,0,0,2,2,2,0,0,0,0,0,0,0,5,0,0,0,4,0,0,0,0,0,0,0,0,2,0,0,1,0,40,0,0,0,0,0,0,0,2,0,4,2,0,0,0,0,6,1,0,0,0,0,0,5,1,0,1,0,0,0,0,0,0,0,1,0,0,0,0,0,0,0
124,0,0,1,0,1,0,0,85,0,0,29,5,32,0,1,0,0,0,0,3,0,0,2,0,6,0,0,0,0,0,1,0,0,0,0,0,3,2,0,0,0,0,0,0,0,0,3,0,0,0,0,1,0,0,3,0,2,22,13,0,0,0,0,0,5,1,7,0,0,0,0,0,0,0,0,0,0,0,3,0,0,0,0,0,0,0,0,0,1,0,0,5,0,5,0,0,0,0,0,0,4,0,104,0,8,1,1,0,0,0,0,0,2,0,0,0,0,0,0,0,0,0,3,0,0,0,0,0,0,0,8,0,0,0,0,0,0,6,0,3,0,0,0,0,0,0,3,2,0,6,0,0,0,0,0,0,2,0,0,0,0,2,3,0,1,6,0,0,0,0,0,2,0,1,0,1,0,0,2,0,0,2,0,0,0,1,0,0,0,0,0,0,6,0,1,0,0,0,0,0,8,0,0,0,0,0,0,0,0,0,1,0,1,2,0,0,1,0,31,0,1,0,0,0,0,0,0,0,0,0,0,0,0,0,0,0,9,0,0,0,3,0,20,0,0,0,0,0,0,0,0,1,0,0,0,0,0,0,0,0,6,13,0,3,0,0,0,0,0,1,0,0,5,0,0,0,12,0,0,0,8,0,0,0,0,0,1,0,11,0,0,0,0,0,0,0,0,0,0,0,0,0,1,0,0,0,39,0,0,0,0,0,0,0,0,0,0,0,2,5,0,0,11,0,0,0,9,0,0,0
125,0,0,0,0,5,0,10,56,0,0,49,0,0,0,0,0,3,0,0,0,2,0,0,0,28,9,0,0,0,0,0,5,0,0,0,1,0,3,0,0,0,0,0,0,3,0,0,0,0,0,0,0,0,0,0,0,3,0,0,0,0,4,0,0,4,0,0,1,0,13,0,0,0,0,0,0,0,0,0,7,0,0,0,0,0,0,0,0,9,0,0,0,0,0,12,0,0,0,0,0,1,0,0,0,2,0,0,0,0,0,22,1,0,0,68,3,0,0,0,8,0,1,0,0,0,0,0,23,4,0,9,0,0,1,0,0,0,21,6,0,0,9,0,0,0,0,0,0,0,0,0,1,0,0,0,1,0,0,0,0,0,0,51,0,0,3,0,0,1,0,0,0,0,2,0,0,1,2,0,0,1,0,0,0,0,0,0,0,0,0,0,0,0,1,0,0,0,0,0,1,0,0,3,0,0,0,0,0,7,0,1,0,0,0,0,2,1,0,44,0,1,0,5,0,1,0,4,2,1,1,0,0,2,0,0,0,0,0,0,0,6,0,0,0,1,0,0,0,0,0,0,0,0,0,0,2,0,0,0,0,4,2,1,4,0,0,0,0,0,0,15,0,0,2,4,0,0,0,0,0,0,0,0,0,0,0,0,0,51,6,0,0,0,0,0,0,0,0,0,2,0,0,22,0,0,1,0,0,0,0,0,0,3,0,0,0,0,1,0,0,0,0,1,0,0,5,0,1,5,0
126,0,0,0,3,6,1,0,19,0,0,2,0,1,0,0,0,0,0,0,0,0,0,0,0,8,0,0,0,0,0,0,1,1,0,0,0,0,0,0,1,0,1,0,0,0,0,0,0,0,0,0,2,0,0,6,0,0,0,0,0,0,2,0,0,0,0,0,0,0,0,0,0,0,0,0,0,2,0,0,0,0,0,0,0,0,0,3,0,13,0,0,0,0,1,0,0,0,0,0,0,0,1,0,0,0,4,0,0,0,2,13,0,0,0,1,0,0,0,0,0,0,0,3,0,0,0,0,0,0,3,0,22,0,0,0,0,0,2,7,0,0,0,1,0,0,3,0,0,1,0,0,0,0,0,0,0,0,0,0,0,0,1,0,0,0,8,0,0,0,0,0,0,0,0,0,0,1,0,1,0,0,0,8,1,0,0,0,0,0,0,4,0,3,0,0,0,0,1,0,0,0,0,0,0,0,0,0,0,0,0,0,0,2,2,0,1,0,0,26,0,0,0,0,0,2,3,0,0,0,0,0,0,0,0,0,0,0,0,0,0,5,0,2,0,0,0,5,0,0,2,0,3,0,0,0,0,0,1,0,0,0,1,0,13,0,0,0,0,0,1,0,0,0,0,0,1,0,0,0,0,0,0,0,0,0,0,0,0,9,0,0,0,0,0,0,0,0,0,0,0,0,0,6,2,0,0,15,0,3,0,0,0,0,0,2,0,0,0,0,5,0,1,6,0,0,0,0,0,0,0
127,0,0,1,1,1,0,0,35,0,0,20,1,13,0,0,0,1,0,0,1,0,0,2,0,0,1,0,2,0,0,0,0,0,0,0,0,3,0,0,0,0,0,0,0,3,1,5,4,0,0,0,0,0,0,0,0,0,19,0,0,0,3,13,0,0,2,0,0,0,0,0,0,2,1,0,0,0,0,0,0,0,0,0,0,0,0,1,0,0,0,0,7,0,0,0,8,0,0,0,0,1,1,6,0,0,1,0,0,0,0,0,0,1,0,0,0,0,0,0,0,0,0,5,6,0,0,0,0,0,0,0,0,0,0,0,0,0,11,0,8,0,0,0,0,0,0,0,1,0,0,4,0,0,0,0,0,8,0,0,7,0,3,1,0,0,11,0,0,0,0,0,0,0,0,0,0,0,0,0,0,0,0,0,1,0,0,0,0,0,0,2,0,12,0,0,0,0,0,0,0,0,0,0,0,0,0,1,13,0,0,0,0,0,3,0,1,0,0,19,0,0,6,18,0,0,0,1,0,0,2,3,0,0,0,3,0,17,0,0,16,0,4,3,0,0,0,0,9,0,0,0,3,1,7,0,0,2,0,0,0,0,0,0,7,0,0,0,0,0,2,0,0,0,0,0,1,0,0,0,0,0,0,0,0,0,16,3,0,3,0,0,0,0,6,0,0,11,0,0,0,0,0,0,0,0,0,8,0,0,1,0,0,1,1,0,0,0,0,1,0,0,2,17,0,0,0,0,1,0,0
128,0,0,0,1,1,0,0,86,0,0,51,2,0,0,0,0,0,0,0,0,0,1,1,0,44,1,9,0,0,0,0,0,0,0,0,0,0,0,0,0,0,0,0,0,0,0,0,0,0,0,0,0,0,0,0,0,0,5,0,0,0,1,0,0,0,1,0,0,0,0,0,24,11,0,0,0,0,0,0,0,0,0,0,0,0,0,0,0,0,0,0,8,0,4,0,0,0,0,2,0,1,0,86,0,11,1,0,0,0,0,0,0,0,0,3,0,0,0,0,0,0,0,0,1,0,0,0,0,0,0,0,0,0,0,0,0,1,10,0,0,0,0,11,0,0,0,0,9,0,0,3,0,0,0,0,1,0,0,1,0,0,0,4,3,0,8,0,1,0,0,0,2,0,11,0,0,1,0,0,0,0,0,1,0,0,0,1,0,0,0,0,0,0,0,0,0,0,0,0,1,6,0,0,2,0,0,0,0,9,0,0,0,0,1,0,0,0,0,71,0,0,0,0,2,0,0,1,0,0,0,4,0,0,0,5,0,10,0,0,0,0,0,12,0,0,0,0,0,0,14,0,9,0,0,0,0,0,0,0,0,0,0,0,4,0,0,0,0,0,1,1,1,0,0,0,0,0,0,0,0,0,0,0,0,8,0,0,0,17,0,0,0,0,0,0,0,0,0,1,0,0,0,0,0,0,0,36,0,0,0,0,0,0,1,0,0,1,0,0,3,0,0,6,27,0,0,0,6,0,0
129,0,0,0,0,1,0,5,68,0,0,9,0,8,0,0,4,0,0,1,0,0,2,0,0,8,0,0,0,0,0,0,0,0,0,0,0,1,0,0,0,0,0,0,0,0,0,0,0,0,0,0,0,0,0,0,0,0,29,0,0,0,1,0,0,0,1,0,0,0,0,0,0,4,0,0,0,0,0,3,0,0,0,0,0,0,0,1,0,1,0,0,4,0,21,0,9,0,0,0,43,1,0,75,0,20,1,0,1,0,0,0,0,3,0,0,0,0,0,0,0,0,0,3,0,0,1,0,0,0,0,0,0,0,0,0,0,0,17,0,5,0,0,0,0,0,0,0,6,0,24,8,13,0,0,0,0,0,0,1,0,0,3,3,0,0,38,0,0,0,0,0,2,0,39,0,0,1,0,0,0,4,0,0,0,0,0,0,0,10,0,0,0,0,0,0,0,0,0,0,0,1,0,0,2,0,0,1,0,0,0,0,0,0,2,0,0,0,0,70,0,0,4,0,0,0,0,1,0,0,0,0,0,3,0,0,0,12,0,0,24,10,0,10,0,0,0,0,0,0,13,0,5,0,10,0,1,1,0,1,0,0,67,0,1,0,0,0,0,0,3,0,0,1,1,0,1,0,0,0,0,2,0,0,0,0,0,1,0,4,0,0,0,0,0,0,0,6,0,2,0,0,0,0,3,0,0,37,0,0,2,0,0,0,1,0,0,0,0,0,0,0,1,5,28,0,0,0,0,0,0
130,0,0,3,0,1,0,0,11,0,0,14,0,9,1,0,0,0,0,0,0,0,0,0,0,0,0,0,3,0,0,0,0,0,0,0,0,0,0,0,4,0,0,0,0,0,0,0,14,0,0,3,0,0,2,0,0,2,6,0,0,1,11,22,0,1,1,0,0,0,0,0,13,0,0,0,3,0,1,0,1,1,0,0,0,0,0,2,0,0,0,0,46,0,39,0,0,0,0,0,11,0,1,30,0,20,0,0,0,0,0,0,0,0,1,4,0,0,2,0,0,0,0,4,0,1,0,0,0,0,1,0,0,1,0,0,0,0,2,0,0,0,1,0,6,0,0,0,1,0,0,3,0,0,0,0,0,0,0,0,0,0,6,0,0,0,13,0,0,0,0,0,2,0,16,0,0,0,10,0,0,0,0,0,0,0,0,0,0,0,0,0,0,13,0,1,0,0,0,0,0,0,0,2,0,0,0,0,0,0,0,0,1,0,0,0,0,0,0,32,0,0,20,0,0,1,0,2,0,1,0,0,0,9,0,0,0,0,0,0,0,2,0,10,0,0,0,0,0,0,0,0,2,0,0,0,0,0,0,0,0,0,7,0,6,0,0,0,0,0,1,0,0,0,2,0,0,0,7,0,0,0,0,0,0,6,0,0,0,3,0,0,0,0,0,0,1,0,0,0,0,0,0,0,6,0,0,13,1,8,0,5,0,0,0,0,0,0,0,3,0,0,0,6,8,0,4,5,0,0,1
131,0,0,3,0,1,0,0,30,0,0,9,7,0,0,0,0,0,0,0,0,0,0,1,0,7,0,0,0,0,0,1,0,0,0,0,0,0,0,0,5,0,0,1,0,0,0,0,0,0,0,0,0,0,2,0,0,0,2,0,0,0,8,0,0,0,2,0,0,0,0,0,0,0,0,0,3,0,0,2,0,0,0,0,0,0,9,3,1,0,0,0,35,0,9,0,21,0,0,0,0,2,0,77,0,28,1,0,0,0,0,0,0,0,0,0,0,0,0,0,0,0,0,0,0,0,0,0,0,0,2,0,0,0,0,0,0,0,4,0,7,0,0,0,0,0,0,0,0,0,0,0,0,0,0,0,0,0,1,0,0,0,0,1,0,0,8,0,0,0,1,0,0,0,45,0,0,1,8,0,0,12,0,0,0,0,0,0,0,0,0,0,0,3,0,0,0,0,0,2,0,0,0,2,0,0,0,0,0,13,0,0,0,1,0,0,0,0,0,43,0,0,8,0,0,0,1,0,0,0,0,0,0,0,0,0,0,3,0,0,0,0,0,0,2,0,0,0,0,0,0,0,6,0,0,0,0,0,0,6,0,0,0,0,5,0,0,0,0,0,1,0,0,0,0,1,0,0,0,0,3,0,0,0,0,0,0,1,0,4,0,0,0,0,0,0,1,7,0,0,0,0,0,0,0,0,0,10,1,0,0,0,0,0,1,0,0,0,0,2,4,0,0,7,0,0,0,0,15,0,0
132,0,0,0,0,20,0,2,54,0,0,124,6,2,0,0,1,0,0,0,0,0,0,0,7,0,1,0,0,0,0,0,4,0,0,0,0,11,0,0,1,0,0,0,0,0,1,0,0,0,0,0,0,0,0,0,0,0,0,0,1,0,0,0,0,1,0,0,0,0,0,0,0,0,3,0,0,0,0,0,0,0,0,0,0,0,0,0,0,0,0,4,3,0,0,0,0,0,0,0,0,1,0,22,0,10,0,0,1,0,0,0,20,1,0,1,0,0,0,0,9,0,11,6,0,0,0,0,2,0,11,0,1,0,0,0,0,0,21,4,0,0,3,0,0,0,1,0,0,0,0,0,0,0,0,0,0,0,0,0,3,0,0,0,0,0,0,0,7,0,0,0,28,8,7,0,0,2,0,0,0,1,0,0,0,0,0,0,0,0,0,0,0,0,0,0,3,0,0,0,0,0,0,0,0,0,0,0,0,0,0,0,17,0,0,0,0,0,4,3,0,0,0,0,0,0,0,0,3,0,0,0,0,1,0,0,0,0,0,0,0,13,0,0,4,0,0,0,2,0,0,1,0,0,0,0,0,0,1,0,0,0,6,39,0,1,0,0,0,0,1,1,0,0,0,17,0,0,1,0,0,0,0,0,0,0,0,3,0,0,0,0,0,0,1,0,0,0,0,11,2,0,0,0,1,0,0,0,0,0,0,0,1,0,0,0,4,0,0,0,1,0,0,12,0,1,0,7,0,0,0
133,0,0,0,0,1,3,0,33,0,9,35,0,0,0,0,0,0,2,0,0,0,0,0,0,0,0,4,0,2,0,0,3,0,0,0,2,10,0,0,0,0,0,0,0,0,0,0,0,0,0,0,2,0,1,0,0,3,0,0,0,1,3,0,0,0,0,0,0,0,12,0,0,32,0,0,0,0,0,0,7,0,0,0,0,0,0,2,6,3,0,0,0,0,0,0,0,0,0,1,0,2,0,1,2,0,1,0,0,7,0,29,2,0,0,0,0,14,0,0,0,0,2,0,0,0,0,0,0,0,5,0,7,0,0,1,0,0,3,0,2,0,4,0,1,0,0,0,0,0,0,4,0,0,0,0,0,0,0,0,0,0,1,23,0,0,11,0,0,1,0,0,0,0,1,0,0,0,0,0,0,0,0,0,0,0,0,0,0,0,0,0,0,0,0,7,0,0,0,0,1,0,0,0,1,20,0,0,2,0,0,0,0,0,0,0,0,0,0,7,0,0,4,0,0,1,0,1,0,0,1,0,0,2,9,0,0,0,0,1,0,7,2,11,1,0,0,0,0,0,1,0,2,0,1,0,2,0,0,1,0,3,1,0,14,0,0,0,0,0,0,14,0,0,0,0,0,0,0,0,0,0,0,0,1,1,0,1,0,21,0,0,0,0,0,0,0,2,0,0,0,0,3,0,0,0,0,30,0,0,0,0,0,5,1,0,0,0,0,0,0,0,0,4,0,0,0,0,0,0,0
134,0,0,0,0,4,2,7,37,0,0,32,2,0,0,0,1,0,4,0,0,0,0,0,0,0,5,0,0,0,2,0,2,0,0,0,0,10,0,0,0,0,0,0,0,0,0,0,0,0,6,0,0,0,0,0,0,3,2,0,0,0,0,0,0,1,0,0,1,0,0,0,0,0,0,0,0,0,0,1,0,0,0,0,0,0,0,1,0,12,0,0,0,0,0,4,0,0,0,0,0,1,0,3,0,2,0,0,0,0,0,0,2,0,0,0,2,0,0,0,7,0,0,2,5,0,0,0,26,0,0,0,0,0,0,0,0,0,14,0,0,0,6,0,0,0,0,0,1,0,18,0,1,0,0,0,0,0,0,0,0,0,0,0,0,0,0,4,0,0,0,5,6,1,1,0,0,1,0,0,0,0,0,0,0,0,0,0,0,0,0,0,0,1,0,0,0,0,0,0,0,0,0,0,0,0,0,0,0,0,0,1,0,0,0,0,0,0,0,25,0,1,0,0,0,0,6,1,21,0,0,0,0,1,0,1,0,0,1,0,0,0,0,0,0,0,0,0,0,0,0,28,0,0,1,0,0,0,0,0,0,0,7,4,0,7,0,0,0,7,0,9,0,0,0,0,0,0,1,0,0,1,0,0,1,1,0,0,0,54,3,0,0,0,0,0,0,7,0,5,2,0,0,6,0,0,0,0,0,0,0,0,0,0,0,0,0,0,0,0,0,0,1,3,0,0,0,0,0,0,0
135,0,0,0,0,0,14,0,29,1,0,8,0,3,0,0,0,0,1,0,0,0,1,0,0,0,2,0,0,0,0,0,2,0,0,0,0,3,0,4,0,0,0,0,0,0,1,0,0,0,0,0,8,0,0,1,0,0,3,0,0,0,0,0,0,0,0,0,0,0,0,0,0,0,0,0,3,0,0,0,0,0,0,0,0,0,0,0,0,0,0,0,0,0,1,0,0,0,0,0,2,1,11,1,0,0,2,0,1,0,0,0,0,1,0,0,1,0,0,0,0,0,0,0,0,0,3,0,0,0,18,0,0,0,0,0,0,0,0,0,0,0,0,0,0,0,0,14,0,0,1,0,0,0,0,0,0,0,4,0,4,0,8,1,0,0,3,0,0,0,0,0,5,0,0,0,0,3,0,0,0,0,0,0,0,0,0,31,0,0,0,0,0,0,0,0,5,0,0,2,0,6,0,0,0,0,0,0,0,0,0,0,0,1,0,0,0,0,0,1,5,0,0,2,0,0,0,0,0,0,0,0,0,0,0,0,0,0,0,0,0,20,0,2,0,0,0,7,0,0,0,0,0,0,0,2,0,0,0,0,0,0,16,0,38,1,0,0,0,0,1,8,0,0,6,17,0,1,0,0,0,0,0,0,0,0,0,6,0,0,0,0,0,0,3,0,0,0,0,7,0,6,1,1,0,0,0,8,10,0,0,0,0,0,6,0,0,1,0,31,0,0,0,25,0,0,0,0,0,1,0
136,5,0,0,11,37,0,0,11,0,1,3,0,0,0,0,0,0,0,0,0,0,0,1,4,1,0,1,0,0,1,0,2,3,0,0,0,8,0,0,2,0,0,0,1,0,0,0,0,0,1,0,0,0,0,0,0,0,0,0,0,0,3,0,0,0,0,0,0,0,0,0,0,0,0,0,0,0,5,0,0,0,0,0,0,0,0,0,1,4,0,11,3,0,1,0,0,0,0,0,0,1,12,11,0,0,0,0,0,0,0,1,15,0,0,1,0,0,0,0,4,0,12,3,0,0,0,0,0,0,0,16,0,0,0,0,0,0,22,0,0,0,2,0,0,0,0,0,0,0,0,0,0,0,0,0,0,0,0,0,0,0,4,3,0,0,0,0,0,0,0,0,88,8,2,0,0,4,1,0,0,0,0,0,0,1,0,0,0,1,0,0,0,0,0,0,0,0,0,0,0,3,0,0,0,0,0,0,0,0,1,1,0,0,0,0,0,0,0,1,0,2,0,0,0,0,0,0,0,0,0,0,0,0,0,0,0,0,0,0,0,7,0,4,0,0,0,0,0,0,0,4,0,0,0,0,0,0,0,0,0,20,5,9,0,0,1,0,0,0,0,7,0,1,0,5,0,0,0,0,0,0,1,0,0,0,0,6,0,5,0,0,0,0,0,0,0,0,0,0,1,7,0,1,0,0,0,0,0,0,0,0,1,0,0,0,0,2,0,0,0,0,0,25,0,0,0,8,0,0,0
137,0,0,0,0,0,0,8,81,0,0,31,1,5,0,0,0,0,0,0,0,0,0,1,0,0,0,0,0,0,0,0,0,0,0,1,0,4,0,0,0,0,0,3,0,0,2,0,0,0,0,0,0,0,0,0,0,0,8,0,0,1,2,0,0,0,2,1,0,0,0,1,0,3,0,0,0,0,0,0,0,0,0,0,1,0,0,2,1,0,0,0,34,0,0,0,0,0,0,0,0,1,0,0,0,41,4,0,0,0,0,1,0,1,0,0,0,0,0,0,0,0,0,4,0,0,0,0,0,0,1,0,0,0,0,0,0,0,6,0,0,0,0,0,0,0,1,0,0,0,0,0,0,0,0,1,0,0,0,1,0,0,8,0,2,0,11,0,1,0,0,0,10,0,21,1,0,0,0,0,0,0,0,0,0,0,0,0,0,0,0,0,0,0,0,0,0,0,0,2,0,0,0,0,0,0,0,2,0,0,4,0,0,0,0,0,0,0,0,20,0,0,0,16,0,5,0,0,0,0,0,0,0,0,0,0,0,7,0,0,0,5,0,9,0,0,0,0,0,0,0,0,3,0,0,0,0,0,0,0,0,0,13,0,2,0,0,0,2,40,1,0,0,0,0,1,0,0,0,0,0,0,3,0,0,0,0,0,0,3,0,3,0,0,6,0,0,7,0,0,0,0,0,0,0,0,0,61,0,4,0,0,0,1,0,0,0,0,0,1,0,0,0,13,17,0,0,0,0,0,0
138,0,0,0,0,2,0,0,8,0,8,16,2,0,0,0,4,1,0,0,0,0,0,2,0,35,0,9,0,0,0,0,1,5,0,0,0,0,0,0,4,0,0,0,0,0,0,0,0,0,0,0,0,0,0,0,0,0,0,0,0,0,0,0,0,0,0,0,0,0,0,0,0,2,2,0,0,0,1,2,0,0,0,0,0,0,0,2,0,0,0,0,3,0,0,2,0,0,0,0,0,0,5,58,0,9,1,2,0,0,0,0,0,0,0,0,0,0,0,4,0,0,0,0,0,0,0,0,0,0,0,0,0,0,0,0,0,1,0,0,15,0,0,0,0,0,3,0,3,0,0,2,0,0,0,0,1,2,0,0,7,0,4,2,0,0,11,0,0,0,0,0,2,0,16,1,0,1,0,1,0,0,2,0,0,0,0,0,0,2,0,0,0,14,0,0,0,0,0,0,1,0,0,0,0,0,0,0,6,0,0,1,0,0,0,0,0,0,0,80,0,0,0,0,0,5,0,1,0,1,0,1,0,0,0,0,0,0,4,2,0,4,0,0,0,0,0,0,13,1,0,0,3,0,0,0,0,0,0,0,0,0,0,0,7,0,0,6,0,0,1,1,0,0,0,1,0,6,3,0,0,0,0,0,0,0,0,2,0,5,0,0,0,0,27,0,0,15,0,0,1,0,1,0,0,0,0,0,1,7,2,0,0,3,0,0,0,0,0,0,0,0,5,7,0,0,6,10,0,0,0
139,0,0,0,0,23,0,1,8,0,0,21,0,0,0,0,0,3,0,0,0,0,0,0,12,0,0,0,0,0,0,0,0,0,0,0,0,6,0,0,2,0,0,0,0,0,0,0,0,0,0,0,0,0,0,0,0,0,0,0,1,0,2,0,0,1,0,0,0,0,1,0,0,0,0,0,0,0,0,0,4,0,0,0,0,0,0,0,0,5,0,2,0,0,0,0,0,0,0,0,0,1,0,13,0,7,0,0,0,0,0,0,17,0,0,1,0,0,0,0,15,0,4,2,0,0,0,0,2,0,3,0,0,1,0,0,0,0,16,0,0,0,2,0,0,0,0,12,0,0,0,0,0,0,0,0,0,4,0,0,0,0,0,2,0,0,1,0,16,1,0,0,20,0,5,0,0,2,0,0,0,0,0,0,0,0,0,0,0,0,1,0,0,0,6,0,0,0,0,0,0,2,0,0,0,0,0,1,0,0,0,0,0,1,0,0,0,0,0,2,0,0,0,5,0,0,4,0,0,0,0,0,0,0,0,0,0,1,0,0,0,5,0,7,0,0,0,0,0,0,0,0,0,11,0,1,0,0,0,3,0,9,0,2,0,0,0,0,0,0,0,3,7,0,0,0,0,0,0,0,0,0,0,0,0,0,0,0,0,1,0,0,0,3,7,0,0,2,0,7,1,0,0,0,0,0,0,0,0,0,1,0,2,0,0,0,4,0,0,0,0,7,1,23,0,1,1,3,0,0,0
140,0,0,0,0,9,0,1,108,0,0,11,5,0,2,0,0,1,0,0,0,0,1,0,0,0,0,2,0,0,0,0,10,0,0,0,0,3,0,4,0,0,0,0,0,0,0,0,0,11,0,0,0,0,0,0,0,0,0,5,1,0,4,0,0,0,0,0,0,0,0,0,0,0,0,0,0,0,0,0,0,0,0,0,6,0,0,0,0,0,0,0,0,0,2,0,0,0,0,0,0,1,0,1,0,6,0,0,0,0,0,0,8,0,5,2,0,0,0,0,11,4,3,4,0,0,0,0,2,0,0,0,0,0,0,0,0,0,36,0,0,0,1,0,0,0,0,0,0,0,0,0,0,0,0,0,0,0,0,0,0,0,0,0,0,0,1,0,0,0,0,0,0,7,6,4,0,0,0,0,0,0,0,0,0,0,0,0,0,0,0,0,0,0,0,0,0,0,0,0,0,0,0,0,0,0,0,0,0,0,1,1,0,1,0,0,1,1,0,3,0,2,0,0,0,1,5,0,0,0,0,0,0,0,0,0,0,0,2,0,5,0,0,1,0,0,0,0,0,0,0,0,0,0,0,0,0,0,0,0,0,3,0,19,0,0,1,0,0,0,0,10,0,2,0,9,0,0,0,0,2,0,0,0,0,0,0,5,0,2,0,0,0,0,7,0,0,0,0,0,0,0,0,1,0,0,0,0,7,0,0,2,1,2,0,0,0,3,0,0,0,0,3,12,0,0,0,0,0,0,0
141,0,0,0,0,2,0,3,40,0,0,28,1,1,0,0,0,0,0,0,0,0,0,0,0,0,10,0,0,1,0,0,0,0,0,0,0,29,0,0,0,0,1,0,0,0,0,0,0,0,0,0,0,0,0,0,0,0,10,0,0,0,3,0,0,0,0,0,0,0,7,0,0,0,0,0,0,0,0,0,0,0,0,0,0,0,0,5,0,21,0,0,7,0,0,0,0,0,0,0,0,0,0,1,0,3,0,0,0,2,0,0,3,2,0,0,0,0,0,0,0,0,0,3,0,0,0,1,0,0,0,0,0,0,0,0,0,0,53,11,7,0,0,4,0,0,0,13,0,0,0,7,0,0,0,2,0,0,0,0,0,0,1,59,1,0,0,2,1,0,0,0,0,0,0,0,0,1,0,0,0,0,0,0,0,0,0,16,0,0,0,0,0,1,0,0,0,0,0,0,0,0,0,10,0,0,0,0,0,10,2,0,0,0,4,0,0,1,0,1,0,0,0,0,0,0,0,3,0,0,0,0,0,0,1,0,0,10,0,0,0,8,3,13,1,0,0,3,0,0,0,0,3,0,0,0,0,0,0,0,0,0,3,0,7,4,0,0,0,0,0,6,0,0,1,0,0,1,0,0,0,0,0,0,2,0,0,1,0,19,0,0,0,0,0,0,0,1,0,0,0,0,0,1,0,0,0,33,1,0,0,0,1,7,5,0,0,0,0,0,0,1,0,6,0,0,0,0,1,0,0
142,0,1,0,0,18,0,3,145,0,0,7,0,0,0,0,0,0,0,0,0,0,0,0,0,0,2,0,0,0,0,0,5,0,0,0,0,6,0,0,0,0,0,0,0,1,0,0,0,0,1,0,2,0,0,0,0,0,0,0,2,0,0,0,0,0,0,0,1,0,0,0,0,0,0,0,2,0,0,0,6,1,0,0,0,0,0,0,0,0,0,2,0,1,1,0,0,0,0,0,4,0,0,10,1,12,1,0,0,1,0,0,14,1,0,2,1,0,0,0,11,2,10,3,0,0,0,0,1,0,0,0,0,0,0,0,1,0,7,0,0,0,4,0,0,0,0,0,1,0,2,0,0,0,0,0,0,0,0,0,0,0,0,0,0,0,0,0,0,0,0,0,48,5,8,3,2,1,0,0,2,0,0,0,0,1,0,5,3,0,0,4,0,1,0,0,0,0,0,0,0,0,0,0,0,0,0,1,0,0,0,0,0,1,0,1,0,0,0,4,0,0,0,0,0,0,0,0,0,0,0,0,0,1,0,1,0,1,2,0,0,5,5,3,0,0,0,6,0,0,0,0,0,0,0,0,0,0,0,0,0,23,21,29,0,0,0,0,0,0,0,3,0,1,0,5,0,0,0,0,0,0,0,0,0,0,0,5,0,5,0,0,0,3,0,0,0,1,0,9,1,0,0,0,0,0,0,0,0,0,0,0,1,0,4,0,0,1,0,2,1,0,0,14,0,0,0,2,0,0,0
143,0,0,0,0,5,0,0,112,0,1,2,2,1,0,1,0,0,0,1,0,0,0,2,0,7,0,2,0,3,0,0,0,0,0,0,0,0,1,1,0,0,0,0,0,4,0,0,0,3,0,0,0,0,3,1,0,0,0,0,0,0,0,0,0,0,0,0,0,0,0,0,0,0,0,0,0,0,0,0,0,0,0,1,0,0,0,5,0,7,4,8,5,0,0,0,0,0,0,0,0,1,25,0,0,12,0,0,0,0,2,0,9,5,0,0,0,11,0,0,0,0,0,0,0,0,0,0,0,0,2,0,0,0,0,0,0,1,22,0,0,0,0,1,0,0,0,9,0,0,0,0,0,0,0,0,1,0,0,0,0,0,17,2,0,0,1,1,0,0,0,0,0,0,3,0,0,1,0,0,0,1,0,0,0,0,0,20,3,0,0,4,0,0,5,0,0,0,0,0,1,0,0,0,0,0,0,0,0,0,0,0,16,0,9,0,0,0,0,1,0,2,0,3,0,0,0,0,0,0,0,0,0,0,0,0,0,8,0,0,0,8,0,0,0,0,0,0,0,0,0,0,1,0,0,0,0,0,0,0,0,0,22,0,44,0,1,0,0,0,1,1,0,0,3,12,0,0,0,0,0,0,0,0,0,0,1,6,0,0,0,0,0,2,0,0,0,1,0,17,1,0,0,0,0,0,0,5,9,0,0,3,0,1,6,0,0,0,1,10,0,0,0,19,0,1,0,0,0,1,0
144,3,1,0,0,5,16,2,81,0,0,5,0,0,0,0,0,1,0,0,0,0,0,0,10,2,0,1,0,0,0,0,1,0,0,0,0,11,0,0,0,0,0,0,0,0,0,0,0,0,0,0,0,0,4,0,0,0,0,0,0,0,2,0,0,0,0,0,0,0,0,0,7,0,0,0,0,0,1,0,3,1,0,0,0,0,1,0,0,0,3,0,3,0,1,0,0,0,0,0,0,1,0,1,2,0,0,0,0,0,2,0,8,1,0,1,0,6,0,0,5,0,3,1,0,0,0,0,2,0,0,0,0,0,0,0,2,2,25,0,0,0,2,0,0,0,0,0,0,0,0,0,0,0,0,0,0,4,0,0,0,0,0,1,0,0,0,0,20,0,0,0,160,0,4,0,0,1,0,0,0,0,0,0,0,0,0,7,0,2,1,0,0,0,0,0,5,0,0,7,0,0,2,0,0,0,0,0,0,0,0,0,16,0,0,0,1,0,0,2,0,0,0,0,0,0,5,0,3,0,0,0,0,0,0,0,0,0,1,0,8,2,0,2,0,0,0,0,0,0,0,3,0,8,0,0,0,0,0,0,0,4,21,5,0,0,0,0,0,0,0,3,0,0,0,7,0,0,0,0,0,0,0,0,0,0,0,0,0,3,0,0,3,0,0,0,1,1,0,0,1,0,0,0,0,0,0,7,0,0,0,0,1,0,0,0,0,0,0,0,0,0,1,6,0,0,0,10,0,0,0
145,0,0,0,0,0,0,6,43,0,0,18,0,6,4,0,0,1,0,0,0,0,0,4,0,11,1,1,0,0,0,0,0,0,0,0,0,11,0,0,2,0,0,0,0,0,0,0,0,0,0,0,0,0,0,0,0,0,1,0,0,0,4,0,0,0,0,0,0,0,0,0,0,0,3,0,0,0,0,0,0,0,0,0,0,0,0,16,0,10,0,7,1,0,1,0,0,0,0,0,1,1,11,5,0,21,1,0,0,0,0,0,1,3,0,0,1,0,0,0,0,0,0,2,1,0,0,0,0,0,0,25,0,0,1,0,0,0,10,0,0,0,2,0,0,0,0,1,0,0,0,0,0,0,0,0,0,3,0,3,4,1,6,3,0,1,0,0,5,0,0,0,0,0,2,0,1,3,0,2,1,0,0,0,0,0,0,5,0,0,0,0,0,0,0,0,0,0,0,0,0,0,0,0,0,0,0,0,0,0,0,0,20,0,2,0,0,0,1,5,5,0,0,0,0,0,0,1,0,1,0,0,0,0,0,0,0,2,0,0,16,4,0,0,9,0,0,0,0,0,0,0,0,0,4,0,0,0,1,0,0,0,9,0,8,0,1,0,0,0,1,1,0,0,2,8,0,0,0,0,0,0,0,0,0,0,0,24,0,2,0,0,0,0,1,0,2,1,0,30,3,0,0,1,0,1,0,6,5,0,0,3,0,1,13,0,0,0,0,0,0,0,0,28,0,0,0,0,0,0,0
146,0,0,0,0,7,0,4,7,0,0,27,0,0,0,0,0,0,0,0,0,0,0,0,5,15,2,4,0,0,0,0,2,0,0,0,0,36,0,0,0,0,0,0,0,2,0,0,0,0,1,0,0,0,0,0,0,0,0,0,0,0,0,1,0,0,0,0,1,0,0,0,1,0,0,0,0,0,0,0,0,0,1,5,1,0,0,0,0,0,0,1,0,0,0,0,0,0,28,2,0,2,0,0,0,4,0,0,0,0,0,0,1,0,0,46,0,0,0,0,4,0,2,2,0,0,0,0,18,0,0,8,0,0,0,0,0,0,20,6,0,0,1,0,0,0,0,0,1,1,0,0,0,0,0,0,0,0,0,0,0,0,0,65,0,0,4,0,0,0,0,0,4,0,1,0,2,0,3,0,0,0,0,0,0,0,0,0,0,0,0,0,0,0,0,0,0,0,4,0,0,0,0,0,0,5,0,0,0,0,0,0,0,3,0,0,1,0,0,17,0,0,0,0,0,0,1,1,6,0,1,0,2,0,0,0,0,0,1,0,0,3,0,0,0,0,0,0,0,0,2,0,0,0,0,2,2,0,0,0,1,0,0,3,0,0,0,0,0,12,0,4,0,0,1,3,0,4,0,0,0,0,0,0,0,0,0,0,0,10,0,0,0,13,0,0,0,0,0,2,2,0,0,0,0,0,0,0,0,2,0,0,1,0,0,0,2,0,0,0,0,0,2,3,0,0,0,0,0,16,3
147,0,0,0,0,4,0,19,99,0,0,30,3,0,0,0,0,0,0,0,1,0,0,0,0,27,1,12,0,0,0,0,2,0,0,0,0,9,0,0,3,0,0,0,0,2,0,0,0,0,0,0,0,0,0,0,0,0,6,0,1,1,2,0,0,0,0,1,1,0,0,0,0,0,0,0,0,0,0,0,1,0,0,0,0,0,0,0,0,0,0,0,0,0,30,0,0,0,0,3,0,2,0,86,1,6,0,0,0,0,0,0,0,0,0,5,0,0,0,0,0,0,1,16,0,0,0,0,2,0,0,0,0,0,0,0,0,0,12,0,6,0,1,0,0,0,0,2,5,0,0,0,0,0,0,2,0,0,0,0,4,0,0,1,0,1,3,3,0,0,0,8,7,2,35,0,0,0,10,0,0,12,1,0,0,0,0,0,0,0,0,5,0,0,0,0,0,0,0,0,0,0,0,0,0,0,0,2,0,12,0,3,0,0,0,0,0,0,0,63,0,1,0,41,2,0,0,0,0,0,0,0,0,0,0,11,0,0,0,0,0,7,0,36,2,0,0,0,0,0,0,0,0,0,0,4,0,2,32,0,0,34,85,4,4,0,0,0,0,9,0,0,0,0,0,1,0,0,0,0,2,1,0,0,0,11,0,1,0,0,1,0,0,0,7,0,0,22,0,0,0,0,0,1,3,0,0,0,1,0,3,0,6,0,0,0,0,0,0,0,0,0,1,3,17,4,0,7,0,5,0
148,4,0,0,0,0,0,0,110,0,0,1,0,1,1,0,0,0,0,1,0,1,1,2,0,8,0,0,0,0,0,0,0,0,0,0,0,0,0,0,4,0,0,0,0,0,1,0,0,0,0,0,0,0,0,0,0,0,0,11,0,0,4,0,0,0,0,0,0,0,0,0,10,0,0,0,1,0,4,0,0,0,0,0,0,0,0,6,0,4,0,0,0,0,1,5,0,0,0,0,0,0,0,2,4,5,1,0,0,0,0,0,5,0,2,0,0,0,0,0,0,0,3,0,0,0,0,0,0,0,14,44,0,1,0,0,0,0,9,0,0,0,0,0,0,0,0,0,1,0,0,1,0,0,0,0,1,0,0,0,0,0,0,2,0,0,0,3,0,0,0,0,0,0,0,0,0,1,0,0,0,0,2,0,0,0,0,24,0,0,0,1,0,2,0,0,7,0,0,2,0,0,0,0,0,0,0,0,0,0,0,0,0,0,0,0,0,0,0,2,0,0,4,0,0,0,3,1,0,0,0,0,0,0,0,0,0,0,1,0,0,5,0,6,0,0,0,5,0,0,1,0,0,0,4,0,0,0,1,0,0,0,0,0,6,1,0,0,0,0,0,5,0,0,0,9,0,0,1,0,1,0,0,0,0,0,0,0,0,1,0,0,0,0,3,0,2,0,0,0,1,1,3,3,0,0,0,11,3,0,1,0,0,1,0,0,0,0,0,0,0,10,1,8,6,0,0,19,0,0,0
149,0,0,0,0,0,0,8,44,0,0,27,0,1,0,0,0,0,0,0,0,0,0,0,0,16,5,6,0,0,0,0,2,0,0,0,0,10,0,0,0,0,1,0,0,0,0,0,0,0,0,1,5,0,1,0,0,5,0,0,0,0,12,0,0,0,0,0,1,0,0,0,0,10,1,0,0,0,1,0,7,0,0,0,0,0,0,0,0,0,0,0,0,0,1,9,0,0,6,0,0,3,0,1,2,1,0,0,0,0,3,0,9,0,0,25,4,0,0,0,8,0,0,1,0,0,0,0,10,0,0,0,0,0,0,0,0,0,12,0,2,0,6,6,0,4,7,0,2,0,0,1,0,0,0,0,0,2,0,0,0,1,1,18,0,0,0,0,0,0,2,0,5,1,2,0,0,0,3,2,0,1,0,6,0,0,0,0,0,0,0,0,0,0,0,0,0,0,0,0,1,4,0,0,0,0,2,0,0,7,0,1,7,0,2,0,0,0,0,59,0,0,1,8,0,0,0,2,2,0,0,0,0,0,0,0,0,0,0,0,0,3,0,0,0,0,0,0,0,0,2,0,0,0,1,0,1,0,0,1,0,1,2,2,0,0,0,0,0,0,0,0,17,0,0,12,0,0,0,0,0,1,0,0,0,0,0,0,0,30,0,0,1,0,0,0,0,0,0,11,2,0,0,0,3,0,0,0,0,0,0,0,1,0,3,0,1,0,0,0,0,0,3,0,1,0,0,0,0,0,0
150,0,0,1,0,3,0,21,37,0,0,13,1,0,0,0,0,0,0,0,0,0,0,0,0,29,0,0,2,0,0,1,1,0,0,0,0,0,0,0,0,0,0,0,0,0,0,0,0,0,0,0,0,0,2,0,0,1,22,0,0,0,3,0,0,0,5,0,0,0,0,0,0,4,0,0,0,1,0,0,0,1,0,0,0,0,0,0,0,0,0,1,0,0,18,0,0,0,2,2,0,0,0,35,0,23,1,0,0,0,0,0,0,1,2,0,0,0,0,0,0,0,0,0,0,1,4,0,0,0,1,0,0,0,0,0,0,0,23,12,0,0,1,0,0,0,8,3,1,0,0,4,0,0,0,1,0,0,1,1,0,0,8,0,0,0,2,0,0,0,0,0,2,0,0,1,0,1,0,0,0,0,0,2,0,0,0,0,0,0,0,0,1,11,0,1,0,0,0,0,2,7,0,0,0,0,1,0,0,0,0,0,0,1,1,0,0,0,0,56,0,0,0,0,1,0,0,1,0,0,0,0,0,0,0,1,0,0,0,0,0,13,0,27,0,0,0,0,0,5,0,1,2,0,0,0,0,0,4,0,0,0,78,1,9,0,0,0,0,0,3,1,0,3,0,0,0,0,4,0,4,2,0,0,0,6,10,1,0,3,0,0,0,0,8,0,0,0,0,1,0,0,0,0,0,0,0,18,1,0,0,0,0,1,1,0,0,0,0,2,0,0,0,5,0,4,0,0,5,8,0
151,0,0,0,0,1,0,0,62,0,11,13,0,0,0,0,3,0,0,1,0,2,0,1,0,8,0,6,0,0,0,0,0,0,0,0,0,0,0,0,0,0,0,0,0,7,0,12,0,0,0,0,0,0,0,0,0,0,2,0,0,1,4,0,0,2,0,0,0,0,1,0,0,0,1,0,0,0,0,0,0,1,0,0,0,0,15,3,0,0,0,0,0,0,29,0,0,0,0,0,0,1,1,5,0,12,0,0,0,0,0,1,0,0,0,0,0,0,0,0,0,0,0,4,0,0,0,0,0,0,0,5,0,0,0,0,0,0,0,12,0,0,2,0,0,0,2,0,4,0,8,0,1,0,0,1,0,0,0,1,0,0,13,0,0,0,27,0,0,0,0,3,3,1,25,1,0,0,0,0,0,0,1,0,0,0,0,0,0,0,1,2,0,0,0,0,0,0,0,0,0,8,0,0,0,0,0,0,7,0,0,0,0,0,0,0,0,0,0,16,0,0,4,0,0,0,0,0,0,0,0,0,0,0,0,1,0,0,0,0,11,4,0,29,1,0,0,0,0,0,0,1,2,0,0,0,0,0,0,0,0,0,0,0,2,0,0,0,0,0,1,1,0,0,0,0,0,0,0,0,0,7,0,0,0,0,0,0,0,19,0,0,0,0,6,0,0,0,0,0,0,0,1,0,0,0,0,66,1,0,0,2,0,1,0,0,0,0,0,6,0,0,0,5,0,0,0,5,0,0,0
152,0,0,0,0,4,4,1,2,0,0,40,0,0,0,1,0,0,0,0,1,0,0,0,0,7,0,2,0,1,0,0,2,0,0,0,0,22,0,0,0,0,0,0,0,0,4,0,0,0,0,0,0,0,1,0,0,0,2,0,1,0,4,0,0,0,0,0,3,0,7,0,0,0,0,0,0,1,1,1,0,0,0,0,0,0,0,0,0,0,0,0,0,0,0,4,0,0,0,1,5,2,0,1,0,1,0,0,0,0,3,0,0,0,0,31,0,0,0,0,8,0,1,2,0,0,0,0,24,0,0,0,0,0,0,0,0,0,42,0,2,0,3,0,0,0,2,0,2,0,0,0,0,0,0,0,0,0,0,0,0,0,1,61,0,0,0,0,0,0,1,0,6,1,2,0,0,0,0,0,0,0,1,0,1,0,0,0,0,0,0,0,0,0,0,0,0,1,0,0,0,0,0,0,0,14,0,0,2,0,0,0,4,0,0,0,2,0,0,0,0,0,0,0,0,0,12,0,0,2,1,0,3,0,2,0,0,12,1,0,1,4,0,1,0,1,0,5,0,0,0,0,0,0,0,0,2,0,1,1,0,3,5,2,0,0,0,0,0,0,0,2,0,0,0,0,0,1,0,0,0,0,0,0,0,0,0,1,0,9,0,0,0,0,0,0,0,0,1,0,1,0,5,4,0,0,0,0,0,0,0,0,0,0,0,0,3,0,0,0,0,0,0,0,0,0,0,0,0,0,0
153,0,0,0,1,3,0,0,38,0,0,5,0,2,0,1,0,0,0,0,0,0,1,2,0,28,1,3,0,0,0,0,0,1,0,1,0,0,0,0,8,0,0,0,0,7,1,0,0,0,0,0,0,0,3,0,0,0,2,0,0,3,0,0,0,0,0,0,0,0,1,0,0,1,0,0,0,0,0,0,0,0,0,0,0,0,6,0,0,0,0,0,0,0,24,0,0,0,0,0,13,0,0,13,0,8,1,0,0,0,0,0,0,0,0,0,0,0,0,0,0,0,0,0,4,2,0,0,0,0,1,4,2,0,0,0,0,0,0,0,0,0,1,0,0,0,5,0,5,0,0,1,0,0,0,1,0,0,0,0,0,0,8,1,0,0,4,2,0,0,0,0,6,1,23,0,0,1,0,0,0,0,0,0,0,0,0,0,0,0,0,0,0,0,0,0,0,0,0,0,0,0,0,0,0,0,0,1,0,0,0,0,0,0,2,0,0,0,0,29,0,0,12,0,1,0,0,0,0,0,0,0,0,0,0,2,0,0,0,0,7,4,0,35,0,0,0,0,0,0,0,0,4,1,0,0,0,0,0,0,0,0,29,0,2,0,0,0,0,0,1,1,0,0,0,0,0,0,0,0,0,0,0,0,0,0,0,1,0,3,0,0,0,0,0,0,0,0,0,0,0,0,0,1,0,0,0,8,2,0,0,0,0,2,0,0,0,0,0,0,5,0,3,1,0,0,0,3,6,0,0
154,0,0,0,0,4,0,16,106,0,0,15,0,0,0,0,0,0,0,0,0,0,2,0,0,10,1,15,0,0,0,0,1,0,0,0,0,0,0,0,6,0,0,0,0,0,0,0,0,0,0,0,0,0,10,0,0,2,0,0,0,0,4,0,0,0,0,0,0,0,0,0,6,0,0,0,0,0,0,0,0,0,0,0,0,0,0,0,0,0,0,0,0,0,21,2,0,0,0,4,0,1,3,46,1,9,0,0,0,0,0,0,0,0,0,1,0,0,0,0,1,0,0,14,0,0,0,0,4,0,0,2,0,0,0,1,0,0,13,0,0,0,2,0,0,0,0,3,7,0,0,0,0,0,0,0,0,0,0,1,0,0,0,2,0,0,2,0,1,0,0,5,6,0,42,0,0,1,0,0,0,0,0,0,0,0,0,0,0,0,0,0,0,0,0,1,0,0,0,0,0,9,0,0,3,0,0,0,0,0,0,1,0,0,0,0,0,0,0,35,0,2,0,0,0,2,0,0,0,3,0,0,0,0,0,20,0,0,10,1,0,0,0,0,0,0,0,0,0,0,0,0,0,0,0,0,0,0,0,0,0,0,18,5,0,0,0,0,0,0,0,1,0,0,0,0,0,0,3,0,0,3,0,0,0,0,0,1,0,10,0,0,0,0,8,0,0,13,0,1,3,0,0,0,0,0,0,0,1,2,0,0,4,0,0,0,0,0,0,0,6,0,0,5,0,5,0,0,0,0,0
155,0,0,0,0,2,0,0,18,0,11,22,0,16,0,0,0,0,0,0,0,0,0,1,0,18,0,0,0,0,0,0,0,0,0,0,0,7,0,0,0,0,0,0,0,0,0,0,0,0,0,0,0,0,0,0,0,0,36,3,1,0,0,8,0,0,4,0,0,0,0,0,0,7,0,0,0,0,0,0,0,0,0,0,0,0,0,0,0,1,0,0,6,0,13,0,0,0,0,0,0,1,0,168,0,10,3,0,0,0,0,0,0,1,0,0,0,0,0,0,0,0,0,12,0,0,0,0,1,0,0,0,0,0,0,0,0,0,11,0,5,0,0,0,0,0,0,0,0,0,0,2,0,0,0,0,0,0,0,0,0,0,3,0,0,0,7,2,0,0,0,0,0,0,29,0,0,1,0,1,0,0,1,0,0,0,2,0,0,0,0,0,0,5,0,0,0,0,0,0,0,0,0,0,2,0,0,0,0,5,0,0,0,0,5,0,0,0,0,26,0,0,0,0,0,0,0,1,0,0,0,0,0,0,0,0,0,4,0,0,0,1,0,6,0,0,0,24,0,0,0,0,0,0,0,0,0,2,0,0,1,0,0,1,3,1,0,0,1,23,1,1,0,3,0,0,0,0,7,0,0,0,0,0,0,0,0,2,0,23,1,0,0,0,0,0,0,25,0,2,0,0,0,0,0,0,0,28,1,0,0,0,4,1,1,4,0,0,0,2,0,0,1,4,0,0,0,0,3,0,0
156,0,0,1,0,3,0,7,73,0,3,16,0,0,0,0,3,0,0,0,0,0,0,0,0,0,0,22,0,0,0,0,2,0,0,0,0,6,2,0,4,0,0,0,0,0,0,0,0,0,0,0,0,0,0,0,0,2,0,0,0,1,8,12,0,0,1,0,1,0,0,0,0,0,0,0,0,0,0,0,0,1,0,0,0,0,0,0,0,0,0,0,8,0,7,3,0,0,0,1,0,3,0,44,0,4,0,0,0,0,0,1,0,0,0,3,0,0,0,0,0,0,1,8,0,0,0,0,5,0,0,0,0,0,0,0,0,0,23,0,4,0,1,19,0,0,0,0,2,0,0,0,9,0,0,1,0,0,1,0,0,0,0,1,0,0,9,0,0,0,0,3,3,4,27,0,0,1,0,0,0,7,0,2,0,0,0,0,0,0,1,1,0,6,0,0,0,0,0,0,2,0,0,0,0,0,1,0,0,0,0,0,0,0,0,1,0,0,0,53,0,0,0,0,0,1,0,0,0,0,0,0,1,0,0,8,0,0,0,0,10,4,0,0,1,0,0,0,0,0,0,1,0,0,0,1,0,1,0,0,0,7,148,5,0,0,0,0,0,0,0,0,0,0,0,0,0,0,0,0,9,0,0,0,0,0,0,2,0,12,0,0,0,0,9,0,0,10,0,0,2,0,0,0,0,0,0,14,0,9,0,3,0,0,0,6,0,0,0,0,0,0,1,0,0,1,0,0,10,0,0
157,0,0,0,0,5,0,0,37,0,0,13,0,2,0,0,0,0,0,0,0,1,0,0,0,47,2,0,1,0,0,0,0,0,0,0,0,26,0,0,0,0,0,0,0,0,0,0,0,0,0,1,0,0,0,0,1,0,21,4,0,2,3,1,0,0,1,1,0,0,0,0,0,28,0,0,0,0,0,0,0,0,0,0,0,0,0,0,0,0,0,0,14,0,0,0,0,0,0,0,0,2,0,2,0,2,1,0,0,0,0,0,5,0,0,0,0,11,0,0,0,0,0,0,0,0,0,0,0,0,11,0,0,0,0,0,0,0,6,1,3,18,1,0,0,0,1,18,1,0,0,5,0,0,0,0,1,0,0,0,0,0,2,44,0,0,10,0,0,1,1,3,0,0,1,0,4,0,0,0,0,0,0,10,0,0,0,10,0,0,0,0,0,2,0,6,0,0,0,0,0,0,0,0,0,11,0,0,0,0,0,0,0,0,18,0,0,0,0,16,0,0,0,0,0,0,0,0,0,0,0,0,0,0,0,0,0,5,0,0,0,2,0,10,0,0,0,0,0,0,0,0,0,0,1,0,0,0,0,0,0,0,0,0,5,6,0,0,0,0,1,11,0,0,0,0,0,0,0,0,0,0,0,0,1,0,1,1,0,17,0,0,0,0,0,6,0,0,0,0,0,0,1,5,0,0,0,5,0,0,0,0,1,1,4,0,0,0,0,5,0,0,0,8,0,0,0,0,0,0,0
158,1,0,1,0,2,0,0,26,0,0,6,3,0,0,0,0,1,0,0,0,0,0,1,0,13,0,0,0,0,0,0,1,0,0,0,0,3,0,0,0,0,0,0,0,0,2,0,3,0,0,1,0,0,4,10,0,0,2,0,0,1,3,0,0,2,0,0,0,1,0,0,0,0,1,0,0,2,0,0,0,0,0,0,1,0,0,6,0,1,0,0,13,0,7,0,0,0,0,0,0,0,1,27,3,7,1,0,0,0,3,0,0,0,0,0,0,0,5,5,0,0,0,4,3,0,0,0,0,0,1,0,0,0,0,0,0,0,4,0,7,0,0,0,4,0,3,0,0,0,0,0,0,0,0,0,0,0,0,0,0,0,0,1,0,0,9,0,1,0,0,7,2,0,23,0,0,0,0,0,0,0,0,0,0,0,0,0,0,3,0,0,0,0,0,0,0,0,0,1,0,0,0,0,0,0,0,0,9,0,0,0,0,1,0,0,0,0,0,75,0,0,0,0,0,0,0,1,0,0,0,0,0,0,0,4,0,0,0,0,0,1,0,11,1,0,0,22,0,0,0,0,2,0,0,0,0,0,0,0,0,0,39,0,0,0,0,0,0,0,0,0,0,0,0,0,1,0,0,0,4,0,0,0,0,6,0,0,0,3,0,0,0,1,6,0,0,0,0,0,0,1,1,1,0,1,0,9,0,4,0,0,0,0,0,0,0,0,0,1,0,0,2,2,0,0,0,5,14,0,0
159,0,0,0,7,10,0,3,68,0,1,23,2,0,5,0,0,0,0,1,0,0,0,0,4,2,1,3,0,0,0,0,2,0,0,0,0,6,0,0,2,0,0,0,0,0,0,0,0,0,1,0,0,0,14,0,0,0,0,0,1,0,7,0,0,0,0,0,0,1,5,0,0,0,0,0,0,0,0,0,9,0,4,0,0,0,0,0,0,0,0,2,0,0,0,0,1,0,0,0,0,1,20,8,0,16,1,0,0,0,0,0,2,1,2,0,0,2,0,0,18,0,4,2,0,0,0,0,1,0,0,23,0,0,0,0,1,0,23,0,0,1,0,0,0,0,2,14,0,0,0,0,0,0,0,0,0,0,0,0,0,0,0,3,0,0,1,0,0,0,0,0,29,4,5,0,0,3,0,0,0,0,0,0,0,0,1,0,0,0,0,0,0,0,0,0,0,0,0,0,0,0,0,2,0,0,0,0,0,0,0,0,0,0,0,0,0,0,0,2,1,0,0,0,0,0,0,0,0,0,0,0,0,0,0,0,0,4,1,0,0,2,0,1,0,0,5,5,0,0,0,0,0,4,0,0,1,0,0,0,0,19,10,25,0,0,0,0,0,0,0,1,3,0,0,0,0,0,0,0,0,1,0,0,0,0,0,0,0,1,0,0,3,0,1,0,0,1,0,0,1,0,0,2,0,0,0,0,7,0,0,0,1,0,0,0,0,3,0,0,0,0,1,9,0,0,0,0,0,0,0
160,0,0,0,0,9,0,0,65,0,0,14,6,1,0,1,0,0,0,0,0,0,1,0,1,3,0,0,0,0,1,0,1,0,0,0,0,11,0,2,0,0,0,0,0,0,0,0,0,0,0,0,8,0,5,0,0,0,0,0,1,0,3,0,0,0,0,0,0,0,0,0,0,0,4,0,0,0,0,0,0,0,0,0,0,0,0,6,0,0,0,2,0,0,1,0,0,0,0,0,0,1,0,5,0,11,0,0,0,0,0,0,0,0,2,1,0,0,0,0,10,0,14,4,0,7,0,0,1,0,0,0,0,0,0,0,0,2,5,0,0,0,10,1,0,0,0,14,1,0,0,0,1,0,0,0,0,0,0,1,0,1,0,3,0,0,0,0,0,0,0,0,0,5,10,0,0,2,0,0,1,0,0,0,0,0,0,0,0,0,0,0,0,0,0,1,4,0,0,0,1,0,0,0,0,0,0,0,0,0,0,0,0,0,0,0,0,0,0,2,0,2,0,0,0,0,5,1,0,0,0,0,0,0,0,0,0,0,0,0,0,5,0,1,3,0,0,0,0,0,0,0,0,0,7,0,1,0,0,3,0,14,8,5,1,0,0,0,0,0,0,0,0,0,0,6,0,0,0,0,2,1,0,0,0,0,0,4,0,2,0,0,4,0,0,0,2,0,0,0,1,0,0,1,0,0,0,0,0,0,1,0,0,1,0,0,3,0,0,0,0,7,1,3,2,0,0,11,0,0,0
161,0,0,0,25,22,0,4,122,0,2,17,2,6,0,0,0,0,0,0,0,0,0,1,0,1,1,0,0,0,0,0,1,0,0,0,0,20,0,0,0,0,0,0,0,0,0,0,0,0,0,0,0,0,0,0,2,0,3,0,0,0,3,0,0,0,0,0,0,0,0,0,0,0,0,0,0,0,0,0,0,0,0,0,0,0,0,6,0,0,0,6,5,0,0,0,0,0,0,0,0,1,6,35,0,10,0,0,0,0,0,0,4,0,0,0,2,0,0,0,0,0,0,0,0,0,0,0,0,0,3,120,0,0,0,0,1,0,9,0,0,5,1,0,0,0,0,10,0,0,0,0,1,0,0,0,0,3,1,0,0,0,1,3,0,0,2,0,0,0,0,0,17,0,0,0,1,1,1,0,1,0,0,0,0,1,1,10,0,0,0,0,0,0,2,0,0,0,0,0,0,0,0,2,0,0,0,0,0,0,0,0,0,1,5,0,0,0,0,7,0,5,0,11,0,0,0,0,0,0,0,0,0,0,0,0,0,7,0,0,6,17,0,6,0,1,0,0,0,0,1,0,0,0,7,1,0,0,0,0,0,0,18,0,37,0,0,0,0,0,1,0,0,0,0,2,0,0,0,0,1,0,0,0,0,0,1,4,0,1,0,0,0,0,2,0,0,0,0,0,0,0,0,1,0,0,0,11,0,0,0,0,0,4,17,0,0,0,0,0,0,0,0,55,0,0,0,0,0,0,0
162,0,0,0,0,42,36,1,25,0,0,5,4,0,2,3,0,0,0,0,0,1,0,0,0,6,1,4,0,2,0,0,6,0,0,0,0,4,0,0,0,0,0,0,0,0,0,0,0,0,0,0,11,0,0,0,0,0,0,0,1,1,2,0,0,0,0,0,0,0,0,0,0,0,14,0,0,0,1,0,0,0,0,0,0,0,0,0,0,0,0,1,5,0,2,24,0,0,0,0,0,0,0,13,1,38,0,0,0,0,0,0,3,0,1,1,0,0,0,0,6,0,5,1,0,0,0,0,2,0,0,0,0,0,1,0,1,0,36,0,0,0,0,0,0,0,0,0,0,0,1,0,0,0,0,0,0,0,0,5,0,1,0,2,0,0,0,1,0,0,0,0,54,4,7,0,0,3,0,0,0,1,0,5,1,1,0,12,0,0,3,0,0,0,0,0,0,0,0,6,0,0,0,0,0,0,0,0,0,0,0,0,0,0,0,0,0,0,0,1,0,0,0,0,1,0,6,0,0,1,0,0,0,0,0,0,0,0,0,0,3,11,0,4,0,0,0,0,0,1,3,0,1,0,0,0,0,0,0,0,0,24,4,8,0,0,0,0,0,0,0,0,0,0,0,6,0,0,0,1,1,0,0,0,0,0,0,0,0,2,0,0,0,0,5,0,0,1,0,0,0,0,0,0,0,0,0,0,0,0,1,0,1,2,0,0,3,0,0,0,0,0,1,6,0,0,0,13,0,0,0
163,0,0,0,0,0,0,0,50,0,0,7,0,0,0,3,0,0,0,0,1,1,0,2,0,5,0,0,0,0,0,0,3,0,0,0,0,0,0,0,2,0,0,0,0,0,0,0,0,0,0,0,0,0,0,0,3,0,0,0,0,0,0,0,0,0,0,0,0,0,0,0,0,0,0,0,0,0,0,0,2,0,0,0,0,0,0,0,0,4,0,7,12,1,1,1,0,0,0,0,0,0,15,11,0,0,6,0,0,0,3,0,11,0,0,0,0,0,0,0,0,0,2,0,0,0,0,0,1,0,6,0,0,0,1,0,0,0,0,2,0,0,3,0,0,0,2,0,0,0,3,0,0,0,0,0,0,4,0,1,2,0,0,4,0,1,3,0,0,0,1,1,32,3,2,0,0,1,0,0,0,0,1,0,0,0,0,0,0,1,0,0,0,0,0,0,0,0,0,0,0,0,2,0,0,1,0,0,0,50,0,0,0,0,6,1,1,0,0,1,0,0,0,3,0,0,0,0,0,0,0,0,0,0,0,0,0,0,0,0,0,1,5,1,0,1,2,0,1,0,0,2,1,0,0,0,0,0,0,0,8,0,7,0,10,0,0,0,0,1,0,3,0,0,0,0,0,0,0,1,0,0,0,0,0,0,0,8,0,1,0,0,0,4,2,0,0,0,0,8,0,0,0,0,0,0,0,0,4,0,0,0,1,2,0,0,0,3,0,12,0,0,0,14,4,0,0,15,0,2,0
164,0,0,2,2,9,0,15,126,0,0,31,0,0,0,0,0,1,0,0,0,0,0,0,0,9,1,4,0,0,0,0,0,0,0,0,0,2,0,0,0,0,0,2,0,0,0,3,0,0,1,0,0,0,5,0,0,4,2,0,0,0,0,10,0,0,1,0,0,0,0,0,0,0,0,0,0,0,0,0,0,0,0,0,1,0,7,0,0,0,0,0,0,0,1,0,0,0,0,11,11,2,0,65,0,33,0,0,0,0,0,0,0,0,0,10,0,0,0,0,1,0,0,5,0,0,0,0,3,0,0,0,0,0,0,0,0,0,17,0,0,0,2,0,0,0,3,0,11,0,0,0,0,0,0,0,0,0,1,0,0,0,3,2,0,2,14,0,0,0,0,0,2,0,64,0,0,0,0,0,0,0,1,0,0,0,0,0,0,0,0,0,0,0,0,0,1,0,0,0,0,0,0,0,0,0,0,0,15,0,0,0,0,0,0,0,0,0,0,81,0,0,0,0,0,0,1,1,0,0,0,0,0,4,0,12,0,0,0,0,0,2,0,8,0,0,0,0,12,0,10,0,0,0,0,0,0,0,0,0,0,19,15,4,0,0,0,0,0,0,0,1,0,0,1,0,0,0,0,0,0,0,3,0,0,0,0,0,0,4,2,0,0,0,5,0,0,0,0,0,0,0,0,0,0,0,0,0,0,0,0,0,11,0,0,0,0,2,0,0,0,0,1,5,0,0,0,3,4,0,0
165,6,0,0,0,14,0,0,102,0,0,7,0,0,0,0,0,0,0,0,0,0,1,1,0,3,0,3,0,0,1,0,1,0,0,4,0,6,0,0,0,0,0,0,2,0,1,1,0,23,0,0,0,0,0,0,5,0,0,10,1,0,0,0,0,0,0,0,0,0,0,0,0,0,0,0,4,0,1,0,0,1,0,0,0,0,0,0,0,0,0,0,0,0,1,23,0,0,0,0,4,0,14,13,0,8,1,0,0,0,0,0,16,0,0,0,0,0,0,0,0,0,1,2,0,0,0,0,0,0,19,32,0,0,1,0,0,0,2,0,0,0,3,0,0,0,0,9,0,0,0,0,0,0,0,0,0,7,0,1,0,0,0,1,0,0,1,0,0,0,0,0,17,5,2,0,0,2,0,0,1,0,0,0,0,0,0,0,1,0,0,0,0,0,4,0,0,0,0,3,0,0,0,0,0,0,0,0,0,45,0,0,0,0,2,0,0,0,0,0,0,2,0,0,0,0,0,1,0,0,0,0,0,0,0,0,0,0,0,0,0,1,0,0,0,0,0,5,0,0,0,0,3,0,0,0,0,0,0,0,0,0,0,0,66,0,0,0,0,0,0,5,0,2,0,10,0,0,0,4,0,0,0,0,0,0,0,12,0,0,0,0,0,0,0,0,0,0,0,0,0,0,0,1,0,0,0,8,3,0,0,0,1,1,0,0,0,0,0,32,0,7,0,11,0,1,0,0,0,0,0
166,0,0,0,0,2,0,24,97,0,6,27,0,6,0,0,0,0,0,0,0,0,0,0,0,16,1,0,3,0,0,0,0,0,0,0,0,7,0,0,0,0,0,0,0,0,0,0,0,0,0,0,2,0,1,0,0,2,0,0,0,0,9,0,0,0,0,0,1,0,0,0,0,1,0,0,0,0,0,0,0,0,0,0,0,0,0,0,0,0,0,0,0,0,9,0,0,0,0,9,0,2,2,16,2,56,0,0,0,0,0,0,0,0,1,16,0,0,0,0,1,11,0,5,0,0,0,0,4,0,0,0,4,0,0,0,0,0,6,10,0,0,0,0,0,0,0,0,9,0,0,0,18,0,0,0,0,0,0,2,0,0,0,0,0,0,15,0,0,0,0,10,0,2,28,0,0,1,0,0,0,0,3,0,1,0,0,0,0,0,1,2,0,0,0,1,0,0,0,0,0,0,0,0,0,0,0,0,0,14,0,1,0,0,0,1,0,0,0,83,0,0,0,0,0,0,4,1,0,0,0,0,0,2,0,4,0,0,0,1,0,2,0,0,0,1,1,0,0,0,0,0,1,0,0,0,0,0,0,1,0,12,40,11,2,0,0,3,0,9,0,0,0,0,0,0,0,0,0,0,1,0,0,0,0,5,0,2,0,7,0,0,0,0,9,0,0,0,0,1,0,1,0,0,0,0,0,0,0,13,0,0,7,0,0,0,0,0,0,0,0,0,2,1,0,0,0,0,0,0,0
167,0,0,0,0,15,0,3,18,0,0,11,0,1,0,0,0,0,1,0,0,0,1,0,0,3,1,0,0,0,0,0,6,0,0,0,0,22,0,0,8,0,0,0,0,0,0,0,2,0,0,0,0,0,0,0,0,0,0,0,1,0,1,0,0,0,0,0,0,1,0,0,0,0,0,0,0,0,1,0,0,0,0,0,0,0,0,0,0,2,0,4,0,0,0,10,1,0,0,0,0,0,0,11,5,12,0,0,0,0,0,0,14,0,0,1,0,0,0,0,20,0,2,2,0,3,0,0,2,0,0,0,0,0,0,0,0,0,19,3,0,0,4,0,0,0,0,0,0,1,0,0,0,0,0,0,0,0,3,0,0,0,0,0,0,0,0,0,0,0,0,0,39,4,7,0,0,2,0,0,0,0,0,0,0,1,2,0,0,0,0,2,0,0,0,0,0,0,0,13,0,0,0,0,0,0,0,0,0,0,0,1,0,1,0,0,0,0,0,5,0,1,0,4,0,0,2,0,0,0,0,0,0,0,0,0,0,0,1,0,0,2,0,0,6,0,0,0,0,6,0,0,1,0,24,0,0,0,1,0,7,10,42,18,0,2,0,0,0,1,0,2,0,2,0,20,0,0,0,0,1,0,0,0,1,0,0,4,0,2,0,0,0,0,0,0,0,0,0,11,2,0,0,0,0,0,2,0,0,0,0,0,0,0,0,0,0,0,0,0,0,0,2,9,0,1,0,0,0,0,0
168,0,0,0,0,4,0,0,51,0,11,25,2,25,0,0,0,0,0,0,2,0,0,1,0,20,0,4,0,0,0,0,0,2,0,0,0,3,1,0,0,0,0,0,0,0,0,0,0,0,0,0,2,0,0,0,0,3,27,0,0,0,0,0,0,0,3,0,0,0,0,0,11,0,0,0,5,0,1,0,0,0,0,0,0,1,0,0,0,0,0,0,6,0,0,0,0,0,0,0,0,1,0,121,0,31,1,0,0,0,0,0,0,0,0,4,0,0,0,7,0,0,0,5,0,0,0,0,0,0,0,0,0,1,0,0,0,0,7,0,0,0,0,13,0,0,0,0,2,0,0,1,5,0,0,0,1,3,0,0,4,0,13,0,0,0,10,1,0,0,0,0,1,0,27,0,0,0,0,1,0,0,1,1,0,0,0,0,0,0,0,0,2,11,0,1,1,0,0,0,0,6,0,0,4,0,0,0,0,9,0,0,0,1,0,0,0,0,0,1,0,0,0,0,0,1,0,0,0,0,0,0,1,0,2,0,0,0,0,0,0,7,0,5,0,0,0,0,0,0,0,0,5,0,0,4,0,0,0,0,0,5,34,0,0,0,0,0,0,55,1,1,0,0,0,1,0,9,0,0,0,0,0,0,0,0,0,3,0,1,0,0,0,0,0,0,1,0,0,0,0,1,0,0,0,0,0,6,1,0,0,3,0,2,2,0,1,0,0,1,0,0,0,10,0,0,3,0,12,0,0
169,0,0,0,0,30,0,0,138,0,0,24,0,0,0,0,0,1,0,0,0,0,0,0,4,2,1,0,0,0,0,0,5,0,0,0,0,8,0,1,1,0,0,0,0,1,0,0,0,0,0,0,0,0,0,0,6,0,0,0,1,0,3,0,0,0,0,0,0,0,1,0,0,0,0,0,0,0,0,0,0,0,0,0,0,0,1,0,1,6,0,0,0,0,0,0,1,0,0,0,1,2,0,20,0,11,3,0,0,0,3,0,11,0,0,1,2,0,0,0,9,0,3,0,0,0,0,0,0,0,0,35,0,0,0,0,0,0,23,0,0,6,4,0,0,0,0,0,0,0,0,0,0,0,0,0,1,0,6,0,0,0,0,4,0,0,2,0,0,0,0,0,0,17,0,3,1,2,1,0,0,0,0,0,0,0,0,0,0,0,0,0,0,0,0,0,0,0,0,0,0,4,0,0,0,0,0,0,0,0,0,0,0,0,1,0,0,0,0,1,0,0,0,0,0,0,0,0,0,0,0,0,0,0,0,0,0,0,0,0,3,9,0,0,0,0,0,0,0,11,0,0,0,0,7,0,1,0,0,0,0,7,32,6,15,0,0,0,0,0,0,4,0,0,0,4,0,0,4,1,2,0,0,0,0,0,0,0,1,1,0,0,0,0,0,0,1,1,0,2,1,0,0,0,0,0,0,0,0,0,0,0,4,0,0,0,1,0,0,0,0,0,0,19,0,0,0,6,0,0,0
170,0,0,0,0,5,0,0,100,0,0,12,0,2,0,0,0,1,0,0,0,0,4,0,0,7,1,0,0,0,0,1,1,0,0,0,0,4,0,0,0,0,0,0,0,0,0,0,0,0,0,0,0,0,5,0,0,0,2,0,0,0,2,0,0,0,0,0,0,0,0,0,0,0,0,0,0,0,1,0,0,0,0,0,0,0,1,0,0,0,0,4,6,0,0,0,1,0,0,0,0,1,0,4,0,1,3,0,0,0,0,0,9,0,2,0,0,0,0,0,1,0,0,2,0,0,0,0,0,0,6,34,0,0,0,0,0,0,25,0,0,0,1,0,0,0,0,7,0,0,0,0,0,0,0,0,0,0,0,0,0,0,15,0,0,0,1,0,0,0,0,0,18,0,0,0,1,1,0,0,0,0,0,0,1,0,0,15,0,1,0,0,0,0,0,1,0,1,0,0,0,0,0,0,0,0,0,3,0,0,0,0,0,0,1,0,0,0,0,1,0,0,0,0,0,0,0,0,0,0,0,0,0,0,0,0,0,13,2,0,17,40,0,8,0,0,0,0,0,0,0,0,1,0,0,0,0,0,1,0,0,0,43,0,35,0,0,0,0,0,3,4,0,1,0,0,0,0,0,2,0,0,0,0,0,0,0,15,0,2,0,0,5,0,3,0,0,0,0,19,0,0,0,0,0,0,1,16,0,0,0,0,0,3,0,0,0,0,0,0,0,0,0,28,0,0,0,0,0,0,0
171,0,1,0,0,24,0,1,81,0,0,16,3,2,0,1,2,0,1,0,0,0,1,3,0,4,0,3,0,0,0,0,1,0,0,0,0,4,0,1,0,0,0,0,1,0,0,0,0,0,0,0,0,0,0,0,0,0,4,0,0,0,0,0,0,0,0,0,0,1,0,0,0,0,0,0,0,0,0,0,0,0,3,0,0,0,0,2,0,0,0,7,10,0,1,0,0,0,0,0,0,0,14,27,0,2,2,0,0,0,0,0,5,0,1,0,0,3,0,0,1,0,0,3,0,2,0,0,0,0,4,0,0,0,0,0,1,0,8,0,0,0,1,0,4,0,0,0,1,0,1,0,0,0,0,0,0,0,0,2,0,0,4,1,0,0,1,0,0,0,0,0,0,0,1,2,3,3,0,1,0,0,0,0,1,0,0,11,0,0,0,0,0,2,0,0,0,0,0,0,0,0,0,0,0,0,0,0,0,0,1,1,0,0,4,0,0,0,1,1,0,0,1,0,0,0,0,0,0,1,0,0,0,0,0,0,0,4,0,0,2,15,0,6,0,0,0,0,0,0,2,0,2,0,0,0,0,0,0,0,0,0,8,0,59,0,0,0,0,0,0,8,0,0,0,4,0,0,0,0,0,0,0,0,0,0,0,5,0,2,0,0,0,1,0,0,0,0,0,0,1,0,0,0,0,0,0,11,0,0,0,0,0,7,37,0,0,0,0,11,0,6,1,27,0,0,0,8,0,0,0
172,0,1,4,0,4,0,0,72,0,0,14,0,30,0,0,0,0,0,0,0,0,2,1,1,0,1,0,0,0,0,0,0,0,0,0,0,0,0,1,0,0,0,0,0,0,3,4,0,0,0,0,0,3,0,0,0,0,18,0,0,0,8,0,0,0,4,1,0,0,0,0,0,4,0,0,9,0,0,0,0,0,0,0,0,0,0,1,0,0,0,0,0,0,5,2,0,0,0,0,0,1,0,72,1,19,1,0,0,0,0,0,0,0,1,0,0,0,0,0,0,0,0,3,0,0,1,0,0,0,0,0,2,0,0,0,0,0,11,0,14,0,0,12,0,0,0,0,3,0,0,1,7,0,0,0,0,0,0,0,0,0,2,1,0,0,9,3,0,0,0,6,6,0,7,0,0,0,0,0,0,0,0,1,0,0,0,1,0,0,0,0,0,5,0,0,0,0,0,0,0,0,0,0,0,0,0,0,0,0,0,0,0,0,0,0,0,0,0,22,0,0,5,0,0,0,0,0,0,0,0,0,0,0,0,0,0,9,0,2,9,12,0,16,1,0,0,0,0,0,0,0,3,0,0,6,0,2,0,0,0,0,86,0,8,0,0,4,0,0,0,1,0,0,0,0,0,0,6,0,0,0,0,0,0,23,11,1,0,5,0,0,0,0,0,0,0,32,0,0,0,1,0,0,0,0,0,19,1,0,0,0,0,0,2,9,0,0,0,0,0,0,0,13,0,2,0,0,0,3,2
173,0,0,0,0,3,0,0,54,0,0,5,0,1,0,2,1,0,0,1,0,0,0,3,0,3,1,1,0,0,0,0,0,0,0,3,0,0,0,0,1,0,0,0,0,0,0,0,4,0,0,0,0,0,0,0,0,0,0,0,0,1,2,0,0,0,0,0,0,0,0,0,0,0,0,0,0,0,0,0,0,0,0,0,0,1,0,0,0,4,0,2,0,0,1,0,0,0,0,0,0,0,0,14,0,4,1,0,0,0,0,0,14,0,0,0,0,0,0,0,0,0,4,1,0,0,10,0,0,0,0,0,0,0,0,0,1,3,4,2,0,0,2,0,1,0,2,0,0,0,0,0,0,0,0,0,0,0,0,0,0,0,1,0,0,0,1,0,0,0,0,0,20,7,0,0,0,2,0,2,0,0,0,3,2,0,1,2,0,0,0,0,0,0,0,0,4,1,0,0,0,0,0,2,0,0,0,0,0,0,0,0,0,0,2,0,0,0,0,3,0,0,0,0,0,0,0,0,0,0,0,0,0,0,0,0,0,0,0,0,3,4,0,2,0,0,0,0,0,0,2,4,1,0,0,2,0,0,0,0,0,0,0,0,0,0,0,0,0,0,0,0,0,0,0,8,0,0,0,0,0,0,0,0,0,0,0,0,0,0,0,0,2,3,3,0,0,0,0,0,3,0,1,2,0,0,0,3,5,0,0,0,0,5,0,0,8,0,0,9,0,0,0,5,0,0,0,8,0,0,0
174,0,0,0,0,0,0,0,62,0,3,6,1,2,3,0,0,0,1,0,0,0,0,0,22,49,0,0,0,0,0,0,0,0,0,0,0,2,2,0,0,0,0,0,0,0,0,1,0,0,1,0,0,0,0,0,0,0,2,0,0,1,3,0,0,0,0,0,0,0,0,0,0,0,0,0,0,0,0,1,0,0,0,0,0,0,0,2,0,0,0,0,12,0,0,0,0,0,0,0,0,0,0,1,0,3,0,0,0,0,2,0,6,1,0,17,0,11,0,0,1,0,0,5,0,0,2,0,11,0,4,0,0,1,1,0,0,0,4,0,0,0,2,0,1,0,0,0,1,0,8,0,0,0,0,0,0,0,0,0,1,0,2,0,0,0,31,0,0,0,0,0,0,0,0,0,0,1,0,0,0,0,0,0,0,0,0,0,0,9,0,5,0,0,0,0,0,0,0,0,0,0,0,0,0,10,0,0,0,0,2,0,0,0,11,0,0,0,0,19,3,0,0,2,0,0,0,2,0,0,0,0,0,1,0,0,1,0,0,0,0,3,0,7,0,0,0,0,0,0,0,0,1,0,0,1,0,0,0,0,0,0,0,0,5,0,0,0,0,0,1,2,0,0,1,0,0,0,0,0,0,0,0,0,0,0,0,0,0,8,0,0,0,0,0,23,0,1,0,0,0,0,0,10,0,0,1,54,0,2,0,0,0,3,0,0,0,0,0,0,0,0,2,5,0,0,0,0,1,0,0
175,0,0,0,1,0,0,0,1,0,0,0,1,0,0,0,0,0,0,0,0,0,0,0,0,0,0,3,4,0,0,0,0,0,0,0,0,0,0,0,0,0,0,0,0,0,0,10,0,0,0,0,0,0,0,1,0,0,0,0,0,2,4,0,0,0,0,0,0,0,0,0,0,4,0,0,1,0,1,0,2,0,0,0,0,0,0,0,0,0,0,0,6,0,9,4,0,0,0,0,0,0,0,14,1,0,2,0,0,0,0,0,0,0,0,3,0,0,0,0,0,0,0,0,0,0,4,0,0,0,0,5,0,0,0,0,0,0,3,0,0,0,0,20,0,0,0,3,2,0,0,2,0,0,0,0,0,0,0,0,5,0,3,1,0,1,8,0,1,1,0,0,0,0,0,0,0,0,0,0,0,0,0,0,0,0,0,1,0,1,0,0,0,0,0,0,0,0,0,0,0,0,0,0,2,0,0,0,0,16,0,0,0,1,0,0,0,0,0,61,7,1,7,0,0,0,0,0,0,0,0,0,0,8,0,0,0,0,0,0,16,1,0,0,1,0,0,0,9,0,0,0,2,0,0,0,0,0,0,0,0,0,0,0,14,0,0,0,0,0,0,1,0,0,1,0,0,3,0,0,3,0,0,0,0,0,0,1,0,11,0,0,0,0,0,0,1,22,0,0,0,0,0,0,2,0,0,30,1,0,0,0,3,0,0,4,1,0,0,1,0,0,1,3,0,0,0,2,10,0,0
176,0,0,0,8,0,0,0,53,0,0,8,0,0,0,0,2,0,0,0,0,0,0,0,33,17,0,5,0,0,0,1,1,0,0,0,3,0,0,0,0,0,0,0,0,0,0,1,0,0,1,0,0,0,0,0,0,0,1,0,0,4,0,0,0,0,0,0,0,0,0,0,1,0,0,0,0,0,0,0,5,0,0,4,0,0,0,5,0,0,0,0,18,0,0,3,0,0,0,1,0,1,0,1,0,1,0,0,0,0,0,0,0,0,0,17,0,0,0,0,0,3,0,0,0,0,0,2,0,5,0,0,0,1,0,0,0,0,3,0,0,0,2,6,0,0,0,22,1,0,0,0,0,0,0,0,0,2,0,0,0,0,5,7,0,0,5,2,0,0,0,17,1,0,1,0,0,1,0,0,0,0,0,0,0,0,0,7,1,0,0,0,0,1,0,0,0,0,0,0,0,2,0,0,0,0,0,0,2,0,0,0,0,0,2,0,0,0,0,6,0,0,0,0,0,2,0,4,0,0,0,0,0,3,0,0,0,0,0,0,0,2,2,0,0,0,0,0,0,1,1,0,1,0,0,0,0,0,1,0,0,0,0,0,4,0,0,0,0,0,0,11,0,0,0,0,0,0,0,0,0,0,0,1,0,0,0,0,0,4,16,0,0,0,0,0,0,0,0,0,0,0,0,4,0,0,0,92,0,0,0,0,0,7,1,0,0,0,0,10,0,0,1,9,3,0,0,0,0,0,0
177,0,0,1,0,0,0,0,59,0,0,8,3,0,0,0,0,0,0,0,0,2,1,1,12,0,0,4,0,0,0,0,1,0,0,0,0,0,0,0,4,0,0,0,0,0,0,6,6,0,0,0,2,0,5,5,0,0,1,0,0,1,9,0,0,0,0,0,0,0,0,0,0,0,0,0,0,0,0,0,0,0,0,0,0,0,0,0,0,0,0,0,0,0,9,0,11,0,0,0,0,1,0,28,0,0,0,0,0,0,0,0,0,0,0,0,0,0,0,0,0,0,0,0,0,0,0,0,1,0,0,0,1,2,0,0,0,0,2,0,0,0,0,0,0,0,0,0,10,0,0,6,0,0,0,0,0,0,0,0,0,0,18,1,0,0,27,3,0,0,1,0,0,0,3,0,0,1,0,0,0,0,0,0,0,0,1,0,0,0,0,0,0,0,0,0,0,0,0,3,0,0,0,0,7,0,0,0,0,0,4,0,0,1,1,0,0,0,0,77,0,0,0,0,0,1,0,1,0,0,1,0,0,0,0,2,0,4,0,0,0,2,0,16,0,0,0,0,0,0,0,0,1,0,3,0,0,0,0,0,0,9,0,0,9,0,0,0,4,0,3,1,0,3,0,0,0,0,0,0,0,0,0,0,0,0,0,0,0,0,0,0,0,0,1,0,0,8,0,0,0,0,2,0,0,0,0,38,0,0,0,0,0,1,0,14,0,0,0,7,0,0,2,4,0,0,0,10,2,0,0
178,0,0,0,0,4,0,6,18,0,0,7,0,5,0,0,6,1,0,0,0,0,0,0,19,30,1,6,0,1,0,2,3,0,0,0,0,8,0,0,0,0,0,0,0,0,1,0,8,0,0,0,0,0,0,0,0,14,3,0,1,0,4,0,0,3,0,0,1,0,0,0,0,0,1,0,0,0,0,0,0,0,0,0,1,0,7,0,0,0,0,0,20,0,6,0,17,0,1,0,0,3,0,50,0,33,0,0,0,0,0,0,0,0,0,18,0,0,4,0,0,0,1,2,3,0,0,0,2,0,0,13,0,0,0,0,0,0,21,0,9,0,0,20,0,0,0,9,11,0,0,0,0,0,0,0,0,0,0,0,0,0,0,5,2,0,7,0,0,0,0,0,4,0,62,0,0,0,0,0,0,29,0,0,0,0,0,0,0,0,2,0,0,0,0,0,0,0,0,4,0,4,0,0,0,0,0,0,0,0,0,0,0,0,0,0,0,0,0,208,0,0,0,19,0,1,0,0,0,0,0,3,0,0,0,4,0,0,0,0,0,2,1,9,0,0,0,0,0,0,0,0,0,1,0,0,0,0,0,0,0,8,49,2,0,0,0,0,0,0,0,0,1,3,0,2,0,0,0,0,0,0,2,0,0,0,0,0,0,5,1,0,0,0,0,0,0,23,0,0,3,0,1,0,0,0,0,0,1,0,0,0,0,0,0,0,0,0,0,0,5,0,1,3,0,0,0,0,0,14,0
179,0,0,0,0,11,0,0,32,0,0,16,0,0,0,0,0,0,0,0,5,0,0,0,0,0,8,0,0,0,0,0,0,0,0,0,0,20,2,2,0,0,0,0,0,0,0,0,0,0,0,0,0,0,0,0,0,0,18,0,0,1,5,0,0,0,0,0,0,0,0,0,0,11,0,0,0,0,0,0,0,0,0,0,4,0,0,5,0,17,0,0,18,0,1,0,0,0,0,1,0,4,0,2,0,4,1,1,0,0,0,0,1,1,0,0,1,0,0,0,0,0,0,0,0,0,0,0,0,0,0,0,6,0,0,0,0,0,5,0,4,0,4,0,0,0,2,4,2,0,0,0,1,0,0,0,0,0,0,0,1,0,4,0,0,0,26,5,0,0,0,0,4,0,1,0,2,0,0,1,0,0,3,0,0,0,0,0,0,0,0,0,0,1,0,0,0,0,0,0,1,0,0,0,0,0,0,0,0,0,0,1,0,0,6,0,0,0,0,15,0,0,1,0,0,0,0,4,0,0,0,0,0,0,0,0,0,6,0,0,0,11,0,21,1,0,0,0,8,0,0,0,9,0,0,0,0,0,0,0,0,2,1,0,3,0,0,0,0,4,1,7,0,0,0,0,0,0,0,2,0,0,0,0,0,0,0,2,0,13,0,0,0,0,0,0,0,0,0,12,0,0,0,4,0,0,0,23,0,4,0,0,0,0,12,0,2,0,0,5,0,0,0,4,0,0,0,0,0,20,2
180,0,0,0,0,1,0,0,22,0,0,21,1,15,0,0,0,0,0,1,0,1,0,1,11,4,0,0,0,0,0,0,1,0,0,0,0,3,0,0,0,0,0,0,0,0,1,0,0,0,0,0,7,0,4,0,0,0,17,0,0,2,2,8,0,0,1,0,0,0,0,0,7,2,0,0,0,0,0,0,0,0,0,0,1,1,0,0,0,0,0,0,15,0,5,0,0,0,2,0,0,3,0,139,0,8,0,0,0,0,0,1,0,1,0,0,0,0,0,0,0,0,0,1,4,0,0,0,0,0,0,0,0,0,0,0,0,0,3,8,0,0,1,0,0,0,0,3,7,0,6,2,0,0,0,0,0,3,1,0,2,0,4,2,0,0,33,0,0,0,0,0,0,0,11,0,0,0,0,0,0,0,0,0,0,0,0,0,0,0,0,0,2,7,0,0,0,0,0,0,0,4,0,0,0,0,0,0,0,0,0,0,0,0,1,1,1,0,0,48,0,0,0,0,0,0,0,1,0,0,0,0,0,0,0,0,0,18,0,1,21,5,4,68,0,0,0,0,0,0,0,0,4,1,8,0,0,0,0,2,0,0,8,0,1,0,0,0,2,0,2,0,1,0,1,1,0,2,0,0,0,0,0,0,0,8,0,0,0,4,0,0,0,0,6,0,0,0,0,0,0,0,0,0,0,1,0,27,0,6,2,0,0,0,1,0,0,0,0,0,0,0,0,1,0,2,0,0,4,0,0
181,0,0,0,0,1,0,0,66,0,0,20,0,0,0,1,0,0,0,0,0,0,1,0,0,5,0,0,0,0,0,0,2,0,0,0,0,4,4,0,3,0,0,0,0,0,0,0,0,0,0,0,0,0,6,0,0,3,0,0,0,0,0,0,0,0,1,2,0,0,0,0,0,0,0,0,0,0,0,0,0,0,0,0,0,1,0,0,0,1,0,0,11,0,43,0,0,0,2,2,10,0,0,25,1,21,0,0,0,0,0,0,1,1,0,3,0,0,0,4,0,13,0,9,0,0,0,0,0,0,0,0,3,0,0,0,1,0,18,9,0,0,0,39,0,0,2,6,10,0,0,0,0,0,0,0,0,3,0,0,0,0,5,6,0,0,22,0,1,1,0,0,9,1,32,0,0,0,0,0,0,9,0,0,0,0,0,1,0,0,1,0,3,0,0,0,1,0,0,0,0,0,0,0,0,0,0,0,0,7,0,0,0,0,0,0,0,0,0,63,0,0,0,0,0,0,0,2,0,0,2,0,0,0,0,7,0,0,6,3,0,1,0,2,0,0,0,0,0,0,13,0,0,1,0,0,0,0,0,0,0,33,128,2,0,0,0,0,0,35,0,0,2,2,0,1,0,0,0,0,0,0,5,0,0,0,0,2,0,33,0,3,0,0,18,0,0,2,0,0,4,0,0,0,0,0,0,0,0,0,0,1,3,0,0,0,0,1,0,0,0,0,1,3,0,0,8,4,3,0,0
182,0,0,0,0,5,0,0,87,0,0,13,3,5,7,0,0,7,1,0,0,0,0,0,0,0,12,0,0,1,0,1,1,0,0,0,0,0,0,0,0,0,0,0,1,0,0,0,0,0,0,0,0,0,0,0,0,0,11,0,0,0,3,0,0,2,0,0,0,0,0,0,0,16,0,0,0,0,0,0,6,0,0,0,0,0,0,6,0,0,0,1,10,0,0,0,0,0,0,0,0,0,0,2,0,4,1,0,0,0,1,7,5,3,0,0,0,8,0,0,0,0,1,3,0,0,0,0,0,0,10,0,0,0,0,0,0,0,21,0,0,0,2,0,0,0,1,26,1,0,0,13,0,0,0,0,0,0,0,0,0,0,4,17,0,0,10,0,0,0,1,0,4,0,0,0,2,1,0,0,0,0,0,13,1,0,0,19,0,0,0,0,0,3,0,5,0,0,0,0,0,5,0,0,0,0,0,0,0,0,0,0,0,0,8,0,0,0,0,16,14,0,1,15,0,0,0,1,0,0,0,0,3,0,3,0,0,3,0,2,0,8,0,7,0,0,0,0,0,0,0,0,4,0,0,0,1,0,1,0,0,0,1,0,1,16,0,1,0,0,0,7,0,0,0,5,1,0,0,0,0,0,0,0,0,1,0,0,0,7,0,0,0,25,0,0,0,0,0,0,1,1,0,11,0,0,0,9,0,8,0,0,0,3,7,0,0,0,0,22,0,0,0,20,0,0,11,0,1,0,0
183,0,0,0,0,60,0,0,41,0,0,32,3,1,0,0,1,0,1,0,0,0,0,0,0,1,1,2,0,0,0,0,5,0,0,2,0,13,0,0,3,0,0,0,0,0,0,0,0,0,0,0,0,0,1,0,0,1,0,12,0,0,4,0,0,0,0,0,0,1,0,0,0,0,0,0,0,0,0,0,0,0,0,0,12,0,0,5,0,0,0,1,7,0,0,0,0,0,1,0,0,1,0,6,0,10,0,0,0,0,0,0,11,0,0,1,0,2,0,0,26,0,0,4,0,0,0,0,2,0,0,41,0,0,0,0,0,0,24,0,0,0,0,0,2,0,0,0,0,0,0,0,0,0,0,0,0,0,0,0,0,0,0,2,0,2,1,2,0,0,0,1,17,0,6,7,0,4,0,0,0,0,1,0,0,0,0,0,0,0,0,0,0,0,0,0,4,0,0,0,0,0,0,0,0,0,0,0,0,0,0,0,0,0,0,0,0,0,0,0,0,2,0,0,0,0,1,0,0,0,0,0,0,0,0,0,0,0,0,0,0,9,0,2,0,0,0,0,0,0,0,0,0,0,0,1,0,0,0,0,0,12,25,9,6,1,1,0,0,0,0,2,16,0,0,18,0,0,0,9,0,0,0,0,0,0,1,0,0,3,0,0,0,0,0,0,2,0,0,35,2,0,0,2,0,0,0,3,4,0,0,0,0,0,14,0,2,0,0,0,0,0,0,11,4,0,0,1,0,0,0
184,0,0,0,0,5,0,7,15,0,0,30,0,0,0,0,0,2,0,0,1,0,0,0,7,17,0,0,0,0,0,0,4,0,0,0,0,7,0,0,1,0,0,0,0,0,0,0,4,8,2,0,0,0,1,0,0,0,0,0,0,0,0,0,0,0,0,0,0,0,0,0,0,0,0,0,0,0,0,0,0,0,0,0,0,0,0,0,0,0,0,0,5,0,0,0,0,0,0,0,0,3,0,1,4,3,0,0,0,0,0,0,11,1,0,12,0,0,0,0,7,0,0,6,0,0,0,0,61,0,0,0,0,0,0,0,0,0,17,5,0,0,6,0,0,0,0,0,1,1,0,0,0,0,0,0,0,0,0,0,0,0,0,20,0,0,4,0,0,0,0,5,0,0,1,0,0,1,0,0,2,0,3,0,0,0,0,0,0,0,0,0,0,1,0,0,0,0,0,0,0,0,0,0,0,0,0,0,0,0,0,0,0,0,0,0,0,0,0,23,0,1,0,0,0,0,1,1,8,0,0,0,0,0,3,0,0,0,0,0,0,6,0,7,0,1,0,0,9,0,0,11,0,0,0,0,1,0,0,0,0,6,2,4,0,7,0,0,0,0,0,17,0,0,1,5,1,3,0,0,0,0,0,0,0,0,0,0,0,7,0,0,0,0,0,0,0,1,0,5,7,0,0,9,0,5,0,0,0,0,0,0,0,0,1,0,0,0,0,0,0,0,1,5,0,0,6,0,1,0,2
185,0,0,2,10,3,0,0,3,0,0,19,0,0,0,0,0,0,0,0,0,0,0,0,0,19,0,2,0,0,0,3,0,1,0,0,5,8,0,0,0,0,0,0,0,0,6,0,0,0,0,0,0,0,0,0,0,0,1,2,0,0,0,0,0,2,0,0,0,0,12,0,0,24,0,0,0,0,0,0,0,0,0,0,0,0,0,2,0,2,0,1,25,0,1,0,0,0,2,0,0,3,0,0,0,3,1,0,0,0,0,0,2,0,0,7,0,0,1,0,0,0,1,1,1,0,0,0,0,0,1,0,0,0,0,0,7,1,8,0,0,14,1,0,0,0,0,0,1,0,0,4,0,0,0,0,0,0,0,0,0,0,0,12,0,0,7,0,0,1,0,0,2,0,0,0,0,1,0,2,0,0,0,0,0,0,0,0,0,0,0,0,0,0,0,0,0,0,0,0,0,0,0,0,0,0,0,0,0,0,2,0,0,0,2,0,1,0,0,22,7,0,0,5,0,1,2,1,0,0,0,0,0,0,0,0,1,0,0,0,0,4,0,4,0,0,0,0,13,0,0,0,2,0,0,0,0,0,0,0,0,2,0,0,2,0,0,0,0,0,1,6,0,0,0,0,0,0,0,0,0,0,0,0,2,0,0,1,0,3,0,0,0,0,0,0,0,2,0,0,0,0,0,0,0,0,0,48,0,0,0,0,0,3,0,0,0,0,0,35,0,0,1,7,0,0,0,0,1,0,0
186,0,0,0,0,0,0,0,39,0,0,6,0,4,0,0,0,0,0,1,0,0,5,1,0,12,0,0,0,0,0,0,0,0,0,0,0,0,0,1,0,0,0,0,0,0,1,3,0,0,0,0,2,0,0,0,0,0,17,0,0,0,3,0,0,0,2,0,0,0,0,0,0,0,0,0,0,0,1,2,0,0,0,0,0,0,0,1,0,0,0,0,10,1,18,0,0,0,0,13,0,3,0,21,0,12,2,0,0,0,0,0,0,1,0,0,0,0,0,0,0,4,0,12,0,0,0,0,0,0,0,20,0,0,1,0,1,0,1,0,1,0,0,0,0,0,0,5,2,0,0,5,8,0,0,0,0,0,0,0,0,0,0,0,0,1,26,0,0,0,0,0,0,0,8,0,0,0,0,1,0,0,0,0,0,0,0,0,0,6,0,0,0,20,0,0,0,0,0,1,1,0,0,0,0,0,0,0,6,0,0,0,0,0,0,0,0,0,0,10,0,2,0,0,0,0,0,0,0,1,0,3,1,0,2,3,0,6,0,0,12,5,4,3,2,0,0,0,0,3,0,0,1,0,0,0,0,0,0,1,0,1,45,2,5,0,0,6,0,0,0,0,0,2,0,0,0,0,0,0,0,0,0,0,0,7,0,3,0,10,0,0,0,0,6,0,1,0,0,0,0,0,1,0,0,0,0,15,0,0,0,0,0,0,1,0,0,0,0,0,0,0,3,7,0,0,0,0,10,0,1
187,5,0,0,0,10,0,0,73,0,0,23,0,0,0,3,0,0,0,0,0,0,0,0,16,0,1,0,0,0,0,0,7,0,0,0,0,15,0,0,2,0,0,0,0,0,0,0,0,0,0,0,0,0,0,0,0,0,0,0,0,0,4,0,0,0,0,0,1,0,0,0,16,0,0,0,1,0,2,0,0,0,0,0,0,0,0,0,0,0,0,0,0,0,0,0,0,0,0,0,0,0,0,6,2,4,0,0,0,0,0,0,9,1,0,1,0,0,0,0,4,0,17,9,1,0,0,0,0,0,10,0,0,0,1,0,0,0,47,0,0,6,1,0,0,0,0,0,1,0,0,0,0,0,0,0,0,0,0,0,6,0,0,5,0,0,0,0,0,0,0,2,50,4,6,0,0,1,0,0,0,0,0,0,0,0,0,0,0,0,1,11,0,0,0,0,0,0,0,2,1,0,0,0,0,0,0,0,0,0,0,0,0,0,0,1,0,0,0,2,0,0,0,0,0,0,2,0,0,0,0,0,0,0,0,0,0,0,1,0,0,4,0,0,0,0,0,0,0,0,0,0,0,0,0,1,0,0,0,0,3,0,6,8,0,0,1,0,0,0,0,0,7,0,0,0,1,0,0,0,0,0,0,0,0,0,0,15,0,0,0,0,0,0,2,0,0,1,0,25,4,0,0,0,0,0,2,0,7,0,0,8,0,0,0,0,0,2,0,24,1,0,1,18,0,0,0,0,0,0,0
188,0,0,0,0,0,12,0,25,0,2,4,0,0,0,0,0,2,0,0,0,0,0,1,0,1,1,1,0,0,0,0,1,0,0,4,0,0,0,3,0,0,0,0,0,0,1,0,6,0,0,0,0,0,0,0,0,0,0,0,0,1,0,0,0,0,0,0,0,0,7,0,0,0,0,0,0,0,2,0,0,0,0,0,0,0,1,0,0,0,0,0,3,0,0,0,0,0,0,0,0,1,0,4,0,4,3,0,0,0,0,0,19,0,0,0,1,6,0,0,0,0,4,0,0,0,0,0,1,0,6,0,0,1,0,0,0,0,0,1,0,0,1,1,0,0,0,0,0,0,0,0,1,0,0,0,0,0,0,0,5,1,5,2,0,0,1,0,8,1,0,0,22,0,3,3,0,9,0,0,0,0,0,0,0,0,0,0,0,0,0,0,0,0,6,0,0,0,0,0,0,7,0,0,0,0,0,5,0,57,0,0,0,1,5,0,3,1,0,1,0,0,0,0,0,0,0,0,1,0,0,0,0,0,0,0,0,0,0,0,0,1,0,9,0,0,0,9,0,0,0,0,1,0,0,0,0,0,0,0,0,4,11,0,0,0,0,0,0,0,1,20,0,0,0,0,0,0,0,0,0,0,0,0,0,0,0,0,0,1,2,0,0,0,0,0,0,0,0,0,0,0,0,0,0,1,0,12,16,0,0,0,0,0,0,0,0,0,0,22,0,0,1,6,0,0,0,25,0,0,0
189,0,0,1,0,1,0,0,40,1,9,37,1,0,0,0,0,0,0,5,0,0,0,0,0,3,0,4,1,0,1,0,2,0,0,0,2,28,0,0,1,0,1,0,0,0,0,0,0,0,0,0,0,0,0,0,0,17,0,0,0,0,7,0,0,0,0,0,1,0,0,0,0,0,0,0,0,0,1,0,0,0,0,0,9,0,0,0,1,0,0,1,13,0,0,0,0,0,6,0,26,1,0,1,2,4,0,0,0,0,0,0,5,0,0,11,0,0,1,0,0,0,2,3,0,0,0,0,14,0,0,0,0,0,0,0,9,0,40,0,0,0,1,12,1,0,0,0,1,0,0,0,0,0,0,1,0,0,0,0,0,0,0,43,0,0,0,0,0,0,0,18,4,0,2,0,0,0,0,0,0,1,1,0,0,0,0,0,0,0,0,0,0,1,0,0,0,0,0,0,0,2,0,0,0,0,2,0,0,0,1,0,0,0,0,0,0,1,0,8,0,0,0,6,0,3,2,1,5,0,0,0,0,0,0,0,1,0,0,0,1,1,3,8,0,0,0,0,25,0,0,0,0,0,0,0,0,0,0,0,0,1,5,2,0,0,0,0,0,15,0,8,11,0,0,4,0,0,0,0,0,0,0,0,1,0,0,0,0,10,0,0,0,0,0,0,0,2,0,0,6,0,0,0,0,0,0,0,0,0,1,0,0,0,0,0,0,0,0,14,0,0,0,0,0,0,0,0,0,0,0
190,0,0,0,0,5,0,1,37,0,0,11,0,0,2,0,0,0,0,0,1,0,0,1,9,2,0,1,0,0,0,0,0,0,0,0,0,0,0,3,3,0,0,0,0,0,0,0,0,0,0,0,0,0,3,0,0,0,0,0,0,1,6,0,0,0,0,0,0,0,0,0,0,0,0,0,0,0,2,0,0,0,0,0,7,0,0,0,0,0,0,0,14,0,0,0,0,0,0,0,4,1,20,2,2,5,2,0,0,1,3,1,12,1,2,0,0,0,0,0,0,0,0,0,0,0,4,0,0,0,6,0,0,0,0,0,0,0,0,0,0,0,1,0,2,0,2,0,0,0,1,0,0,0,0,0,0,0,0,0,3,0,0,0,1,0,0,0,0,0,0,0,22,0,0,0,0,2,0,0,1,0,0,0,0,0,0,0,0,0,0,0,0,0,0,0,6,0,0,0,0,0,2,4,0,0,0,0,0,0,0,0,0,0,0,0,0,0,0,2,0,0,0,4,0,0,0,1,0,0,0,0,0,1,0,0,0,0,0,12,0,7,0,1,0,0,0,0,0,0,0,0,2,0,0,0,0,0,0,0,3,0,0,0,23,2,0,0,0,1,0,9,0,0,0,0,0,0,0,0,0,0,0,0,0,0,0,7,0,0,0,0,0,0,0,0,5,1,0,0,0,5,1,1,0,0,0,0,15,0,0,0,0,1,0,0,0,2,0,0,1,0,1,21,0,0,0,5,0,0,0
191,0,0,0,0,0,0,0,9,0,0,6,0,0,0,2,0,0,0,0,1,0,1,1,0,3,0,0,0,0,0,0,2,0,0,0,0,0,0,4,1,0,0,0,0,1,0,1,6,0,0,0,0,0,0,0,2,0,1,0,0,0,1,0,0,0,0,0,0,1,0,0,0,0,0,0,0,0,0,0,3,0,0,0,0,0,1,10,0,0,0,0,2,0,0,0,0,0,0,0,3,1,0,7,0,0,15,0,0,0,5,0,6,0,0,0,3,4,0,0,0,0,12,0,2,9,0,0,0,0,10,0,0,0,0,0,1,0,1,0,0,0,2,0,0,0,0,0,0,0,0,0,1,0,0,0,0,3,0,0,0,0,17,0,1,0,1,0,0,0,0,0,18,0,1,0,0,3,0,0,0,0,0,0,2,0,0,0,0,0,0,0,0,2,15,0,0,1,0,3,0,0,0,0,0,0,0,0,0,0,0,0,0,1,3,0,0,1,0,2,1,0,0,0,0,0,0,0,1,0,0,0,0,0,0,0,0,0,7,0,0,2,0,0,0,0,0,0,0,0,0,3,5,0,11,0,0,0,0,2,0,0,0,8,34,0,0,0,0,0,1,2,0,0,0,9,0,0,0,0,0,0,0,0,0,0,1,4,0,2,0,0,0,0,2,0,0,2,0,0,0,0,0,1,0,0,0,22,2,0,0,0,0,2,0,0,0,2,0,3,0,0,1,14,3,0,0,8,0,0,0
192,0,0,1,0,6,0,0,16,0,0,16,0,0,1,0,0,0,0,0,0,0,0,0,0,0,2,7,0,0,0,0,1,0,0,0,0,0,0,0,0,0,0,0,0,0,0,0,0,3,0,0,2,0,0,0,0,0,12,0,0,0,0,0,0,0,0,0,0,0,0,0,0,0,2,0,0,1,0,0,0,0,0,0,0,0,0,0,0,0,0,0,8,0,0,0,4,0,0,0,0,3,0,4,0,1,2,0,0,0,0,34,3,0,0,0,0,28,2,0,4,0,0,0,4,1,0,0,0,1,2,0,0,0,0,0,0,0,9,0,10,18,1,0,0,0,0,21,1,0,0,0,0,0,0,0,0,0,1,0,0,0,5,0,0,0,14,0,0,0,1,0,0,0,0,0,0,0,0,0,0,0,0,0,0,0,0,0,0,13,0,9,0,1,0,0,0,0,0,0,0,0,0,0,0,6,0,0,0,0,0,0,5,4,3,0,0,0,0,17,0,0,6,0,0,0,0,2,0,0,0,0,0,0,0,0,0,2,0,0,0,18,0,3,0,2,0,0,0,0,0,33,8,0,0,0,0,0,0,0,0,0,3,0,0,0,0,0,0,28,0,4,0,0,0,14,2,4,0,0,0,0,0,0,1,1,0,1,0,9,0,0,0,0,0,0,0,1,0,5,0,0,0,2,0,12,0,36,0,0,0,0,0,3,12,0,0,0,0,0,0,0,0,8,3,0,0,0,1,0,0
193,0,0,0,6,6,0,5,45,0,0,38,0,0,2,0,0,0,0,0,0,1,0,0,0,0,12,0,0,0,0,2,4,0,0,0,0,16,0,0,0,0,1,0,0,0,0,0,0,0,3,0,0,0,0,0,0,7,0,1,0,0,4,0,0,0,0,0,2,0,0,0,0,0,0,0,0,1,1,1,0,0,0,5,0,0,1,0,0,14,0,0,0,0,1,0,3,0,0,0,0,1,0,4,2,5,0,0,0,4,0,0,6,0,0,13,3,0,1,0,13,0,0,3,0,0,0,0,44,0,0,0,0,0,0,0,0,1,15,9,4,0,0,0,0,0,4,10,3,0,0,1,3,0,0,0,0,0,0,0,0,0,0,84,0,0,16,0,0,0,0,0,1,0,1,0,0,0,3,0,0,0,0,0,0,0,0,0,0,0,0,0,0,0,0,0,0,0,0,0,0,0,0,5,0,0,0,0,0,4,0,0,0,0,0,0,0,0,0,19,0,0,0,0,0,0,0,1,0,0,1,0,0,0,0,0,0,0,0,0,0,6,1,6,0,0,0,0,0,0,0,0,1,4,2,0,0,0,0,0,0,1,1,2,0,13,0,0,0,0,0,14,0,0,0,17,0,0,0,0,0,0,0,0,0,0,0,0,0,32,7,0,0,0,0,5,0,1,0,0,0,0,0,0,0,0,0,0,0,0,0,0,0,0,0,0,0,0,0,41,6,0,0,4,0,0,0,0,0,0,2
194,0,0,0,0,3,0,0,20,0,0,16,2,3,5,0,0,0,0,0,0,1,0,0,7,10,0,0,1,0,0,0,0,0,0,0,0,9,0,0,0,0,0,0,0,0,0,0,0,0,0,0,0,0,0,0,0,0,13,0,0,0,3,0,0,0,1,0,0,0,0,0,2,10,0,0,0,0,0,0,0,0,0,0,0,0,0,1,0,0,0,1,22,0,0,7,0,0,0,0,0,1,0,1,0,0,2,0,0,0,0,0,2,2,0,0,1,2,1,0,0,2,0,3,0,0,0,0,0,0,0,0,0,0,0,0,0,0,7,0,0,16,3,0,0,0,0,11,0,0,0,2,0,0,0,0,0,0,0,0,0,0,0,0,0,0,34,1,0,0,0,0,1,0,0,0,3,1,0,0,1,0,2,0,0,0,0,5,0,0,0,6,0,0,0,11,0,0,0,0,1,0,0,0,0,0,0,1,0,0,0,1,5,0,1,0,0,0,0,0,0,0,0,0,0,0,0,5,0,0,0,0,0,0,3,0,0,1,0,0,1,0,0,5,1,2,0,0,2,0,1,0,3,0,0,0,0,0,0,1,0,0,1,0,7,9,0,0,0,19,1,4,0,0,1,0,0,0,0,0,0,0,0,0,0,0,0,0,0,28,0,0,0,0,0,0,0,2,0,1,0,0,0,0,0,12,0,34,0,0,0,0,0,4,2,0,0,0,0,8,1,0,0,4,2,0,0,0,1,0,4
195,0,0,0,0,3,0,0,41,0,0,18,0,0,0,1,0,2,0,0,0,0,0,0,0,10,3,4,1,0,0,0,6,0,0,0,0,3,2,0,0,0,0,0,0,0,0,0,0,0,2,0,0,0,0,5,0,9,0,0,0,0,0,0,0,0,0,2,1,0,0,0,0,0,0,0,0,0,0,0,0,0,0,0,0,0,0,0,0,0,0,0,0,0,0,6,0,0,0,0,0,0,0,1,0,3,0,0,0,0,0,0,11,0,0,2,0,6,0,0,4,0,2,1,0,0,0,0,33,0,0,0,0,0,0,0,0,0,14,0,0,0,2,0,0,0,0,0,2,0,0,0,0,0,0,0,0,0,0,0,0,0,1,20,0,0,8,0,1,0,0,5,1,0,1,0,0,0,0,0,0,0,0,0,0,0,0,0,0,0,0,0,0,0,0,0,0,1,0,0,2,2,0,3,0,0,0,0,0,0,0,1,0,2,0,0,0,0,0,19,0,0,0,4,0,0,2,1,1,0,0,0,0,0,0,0,0,0,0,0,0,3,0,12,0,1,0,3,0,1,0,0,0,11,0,0,1,0,0,2,0,4,2,2,0,5,0,0,0,0,0,5,43,0,0,0,0,0,0,2,0,0,0,0,0,0,0,1,0,42,0,0,1,0,0,0,0,1,0,0,0,0,0,7,0,0,0,12,0,0,0,0,2,0,0,0,0,0,0,0,3,0,1,2,0,0,0,0,0,0,0
196,0,0,0,3,4,0,0,35,0,3,3,1,0,0,1,23,0,0,0,0,2,0,0,0,20,0,10,0,0,0,0,0,0,0,0,0,4,0,0,5,0,0,0,0,0,0,5,16,0,0,0,0,0,0,0,0,0,2,3,1,0,19,0,0,0,0,0,0,0,0,0,0,0,1,0,0,0,0,0,0,2,0,0,0,0,0,2,0,1,0,0,10,0,18,0,0,0,1,0,0,0,0,11,0,21,1,0,0,0,0,0,0,0,0,0,0,0,0,0,0,0,0,0,0,0,0,0,0,0,1,0,0,0,0,0,0,0,0,3,0,0,0,22,0,0,1,0,2,0,0,3,5,0,0,0,1,0,0,0,0,0,0,0,0,0,8,1,0,0,0,20,3,0,0,0,0,0,0,1,0,0,0,0,0,0,1,0,0,0,0,4,0,0,0,1,0,0,0,1,1,0,0,3,0,0,0,0,0,0,0,1,1,1,1,0,0,0,0,52,0,0,5,0,2,0,0,1,0,0,0,0,0,0,0,6,0,11,0,0,0,1,0,0,0,0,0,0,0,0,0,1,2,0,0,0,0,0,2,2,0,0,1,0,2,0,0,0,0,0,0,1,0,2,0,0,0,6,4,0,0,0,5,0,0,5,8,0,0,7,0,0,0,0,2,0,0,0,0,0,0,0,0,0,3,0,0,11,2,0,0,0,0,1,0,0,0,0,0,4,0,1,1,1,0,0,0,2,0,0,0
197,0,1,0,0,5,0,0,22,0,0,11,0,0,0,0,0,0,0,0,0,0,0,0,17,16,0,0,0,2,0,0,1,0,0,0,0,0,1,0,0,0,0,0,0,0,0,0,0,0,0,0,0,0,0,0,0,0,2,0,0,1,2,0,0,1,0,0,0,0,0,0,0,0,0,0,0,0,0,0,0,0,1,0,0,0,0,0,4,0,0,0,9,0,1,0,5,0,0,1,17,1,0,1,0,6,0,0,0,0,0,0,1,0,0,0,0,0,1,0,0,0,1,0,0,0,0,0,0,0,0,0,0,0,0,0,0,0,0,3,0,27,4,0,0,0,1,10,0,0,0,3,0,0,0,0,0,0,0,0,0,0,0,67,0,0,16,0,0,0,1,0,1,0,1,0,0,0,0,0,0,0,0,9,0,0,0,0,0,0,0,0,0,1,0,0,0,0,0,0,1,1,0,0,0,3,0,0,0,0,0,0,0,0,2,0,0,0,0,39,9,0,0,0,0,0,0,2,0,0,0,0,0,0,1,0,0,0,0,0,0,13,0,0,0,0,0,0,0,0,0,0,4,0,0,0,0,0,0,0,0,0,0,0,0,9,0,0,0,0,1,11,0,0,0,0,0,2,0,0,0,0,0,0,0,0,0,1,0,1,0,0,0,0,0,0,0,2,0,0,0,0,0,0,0,0,3,9,0,0,0,0,0,0,0,1,0,0,1,123,3,0,2,3,0,0,8,0,0,0,0
198,0,0,0,0,2,0,2,44,0,0,26,1,1,0,0,0,0,3,0,4,0,0,0,18,0,4,4,0,0,1,0,0,0,0,0,3,8,0,0,0,0,0,0,0,0,1,0,4,0,1,0,0,0,0,0,0,0,13,0,0,0,6,0,0,1,1,0,0,0,0,0,2,3,0,0,0,0,0,0,0,0,0,0,5,0,0,1,0,18,0,1,0,0,0,0,0,0,0,0,0,1,0,1,0,1,2,0,0,0,0,0,2,0,0,0,2,0,0,0,0,0,0,5,0,0,0,0,0,9,9,0,0,0,0,0,0,0,14,0,3,0,0,7,0,0,0,34,0,0,0,0,0,0,0,0,0,0,0,0,0,0,12,13,0,0,15,0,0,0,0,0,1,0,0,0,0,0,0,0,0,0,0,6,0,0,0,0,0,0,0,0,0,0,0,0,0,0,0,0,0,0,0,0,0,0,0,0,0,6,0,0,0,0,2,0,0,0,0,6,0,0,0,0,0,0,0,1,2,0,0,0,0,0,2,0,0,15,0,1,0,10,1,47,0,0,0,0,0,0,0,0,0,0,0,0,0,0,0,0,0,0,1,0,12,7,0,0,0,0,0,2,13,0,0,0,2,0,0,0,1,1,0,0,0,2,0,1,0,12,0,0,1,0,0,9,0,4,0,17,0,0,0,16,1,0,1,17,0,0,0,0,0,6,7,0,0,0,0,0,0,0,0,3,0,0,0,0,0,0,2
199,0,0,0,0,6,0,0,27,0,0,32,0,0,0,0,0,0,0,0,0,0,0,0,4,26,0,0,0,0,1,0,3,0,0,0,0,49,1,0,0,0,1,0,0,0,0,0,0,0,1,0,0,0,0,5,0,7,4,0,0,0,3,0,0,0,0,0,0,0,0,0,0,0,0,0,0,0,0,1,0,0,1,0,7,0,0,0,0,9,0,0,13,0,1,0,0,0,0,2,0,2,0,1,0,3,0,0,0,0,0,0,1,0,0,30,0,0,0,0,8,0,0,26,0,0,0,0,14,0,0,0,0,0,0,0,0,0,8,0,3,0,4,0,0,0,0,13,0,1,0,0,0,0,0,0,0,0,1,0,0,0,0,0,0,0,2,0,0,0,0,3,1,1,2,0,0,1,0,1,0,0,0,0,0,0,0,0,0,0,0,0,0,0,0,2,0,0,0,0,1,0,0,0,0,0,0,0,0,0,0,0,21,0,0,0,0,0,0,10,0,0,0,0,0,0,1,1,0,0,0,0,0,0,3,0,1,0,0,0,0,7,0,6,1,0,0,0,17,0,0,0,2,0,0,0,0,0,0,1,0,6,0,0,0,0,0,0,0,0,0,0,0,0,0,9,0,0,0,0,0,0,0,0,0,0,0,0,0,35,0,0,0,0,0,0,0,0,0,3,1,0,0,0,0,0,0,0,0,0,0,0,1,0,0,0,0,0,0,0,2,1,1,4,0,0,6,0,0,7,0
200,0,0,0,0,0,0,0,28,0,0,12,0,0,8,0,1,4,0,0,0,0,0,0,0,2,0,0,0,0,0,0,0,0,0,0,0,0,0,0,1,0,0,0,0,0,0,1,0,11,0,0,0,0,0,0,0,11,5,0,0,1,0,0,0,0,0,0,0,0,8,0,0,0,2,0,0,1,1,0,0,0,0,0,0,0,1,0,0,0,0,1,6,0,0,0,0,0,0,1,0,1,0,0,0,0,1,0,0,5,0,41,2,0,0,0,0,0,0,0,0,6,1,3,0,0,0,1,6,0,3,0,1,0,0,0,0,0,0,0,1,0,4,0,0,4,0,0,0,5,0,8,0,0,0,0,0,0,0,0,0,0,0,17,0,0,14,0,0,0,0,0,1,0,1,0,0,1,4,0,0,0,0,0,0,0,0,0,0,20,0,0,0,1,0,5,0,0,0,0,0,0,0,15,0,0,0,0,1,0,0,0,0,0,0,0,0,0,0,8,0,0,0,0,0,1,3,1,0,0,0,0,0,1,0,0,0,0,0,0,0,0,0,6,0,0,0,0,8,0,0,6,2,0,0,0,1,0,0,0,0,0,0,0,18,0,0,0,0,0,1,9,0,0,1,0,0,2,0,0,0,0,0,0,0,0,0,0,0,22,5,0,0,0,0,7,0,2,0,10,0,0,0,31,3,0,0,10,0,2,0,0,0,0,0,0,0,0,0,19,0,0,1,5,1,0,3,0,0,0,2
201,0,0,0,15,2,0,3,53,0,0,1,3,2,0,0,0,0,2,0,0,1,0,0,0,11,0,8,0,0,0,0,0,0,0,0,0,8,0,0,0,0,0,0,0,6,0,1,1,7,0,0,0,0,1,0,0,0,13,0,0,0,4,0,0,0,1,0,0,0,0,0,0,26,3,0,0,0,0,0,0,0,0,7,0,0,0,2,4,6,0,1,24,0,0,0,1,0,0,0,8,4,1,1,0,2,0,0,0,0,0,0,3,1,0,8,0,0,0,0,6,0,0,9,0,0,2,0,0,0,0,0,0,0,0,0,0,0,4,0,0,10,1,0,0,0,5,23,0,0,0,0,0,0,0,0,0,0,0,0,0,0,2,0,0,0,21,3,0,0,0,0,0,0,0,0,0,1,0,0,0,0,0,0,0,0,0,0,0,0,0,0,0,0,0,0,0,0,0,0,0,0,0,0,1,0,0,0,0,0,0,0,0,0,11,0,1,0,0,41,0,0,1,0,0,0,1,2,0,0,1,0,0,0,0,0,1,19,0,1,1,9,0,9,0,0,0,8,0,0,2,0,3,0,0,0,0,0,0,0,0,0,4,0,2,2,0,0,1,0,0,5,0,0,0,0,0,0,0,2,0,0,0,0,0,3,0,3,0,7,0,0,0,0,0,0,0,3,0,0,0,0,0,7,0,0,0,10,0,4,0,0,0,0,9,0,4,0,0,0,2,0,0,7,0,0,0,0,0,0,0
202,2,1,0,0,11,0,2,89,0,0,7,0,0,0,0,0,0,0,0,0,0,0,1,8,0,0,0,0,0,0,0,0,0,0,0,0,0,0,4,1,0,0,0,1,0,0,0,0,0,0,0,0,0,0,0,3,0,0,0,1,1,5,0,0,0,0,0,0,0,0,0,0,0,0,0,0,0,0,0,0,0,0,0,1,0,0,3,1,2,0,2,4,0,4,0,0,0,0,0,0,1,0,7,0,8,0,0,0,0,0,0,4,0,0,0,0,0,0,0,0,0,11,0,0,0,0,0,0,0,6,0,0,0,0,0,0,0,0,0,0,0,1,0,0,0,0,0,0,0,0,0,0,0,0,0,0,0,3,0,5,0,0,5,0,0,1,1,0,0,0,0,0,0,7,0,0,4,0,0,0,0,0,0,0,0,0,0,0,0,0,0,0,0,0,0,0,1,0,0,0,7,0,0,0,0,0,0,0,0,0,0,0,0,2,0,0,0,1,1,2,0,0,0,1,0,0,0,0,0,0,0,0,1,0,0,0,4,0,0,6,20,0,0,0,0,0,0,0,0,0,0,1,0,0,0,1,0,0,0,0,0,2,0,68,0,0,0,0,0,1,11,8,0,0,0,0,0,0,0,2,0,0,0,0,0,0,0,0,7,0,0,0,0,3,0,2,0,0,14,0,0,0,0,0,0,0,9,7,0,0,0,0,0,0,0,0,0,0,10,0,0,0,12,0,0,0,0,0,0,0
203,0,0,0,0,3,0,33,66,0,0,17,0,0,0,0,0,0,0,0,3,0,0,0,0,15,1,4,0,0,0,0,1,0,0,0,0,6,0,0,7,0,0,0,0,0,0,7,0,0,0,0,0,0,7,0,0,2,2,0,0,0,12,0,0,0,0,0,1,1,0,0,0,0,0,0,0,1,0,0,0,0,0,0,0,0,0,0,0,0,0,0,0,0,38,0,0,0,0,0,0,0,0,30,2,28,0,0,0,0,0,0,1,0,0,13,0,0,0,0,0,0,0,4,0,0,0,0,5,0,0,0,0,0,0,0,0,0,7,0,11,0,1,0,0,0,0,0,2,0,0,0,0,0,0,1,0,0,0,1,0,0,0,1,0,0,4,0,1,0,0,0,0,0,31,0,0,0,0,0,0,5,0,0,0,0,0,0,0,0,0,0,0,0,0,0,0,0,0,0,0,0,0,0,0,0,0,0,0,0,0,0,0,0,0,0,0,0,0,121,0,0,0,0,0,0,1,1,0,0,0,0,0,0,0,3,0,0,6,1,0,1,0,8,0,0,0,0,0,0,0,0,0,0,0,0,0,0,0,0,0,16,13,3,0,0,0,2,0,0,0,0,0,3,1,0,0,0,18,0,0,0,0,0,0,3,0,1,0,11,1,0,0,0,8,0,0,30,0,0,3,1,0,1,0,0,0,0,0,0,0,0,0,0,0,0,0,0,0,0,0,0,0,4,0,1,3,9,0,0,0
204,0,0,0,0,6,0,0,82,0,3,20,0,0,0,0,1,0,0,11,0,0,0,0,21,0,0,4,0,0,0,1,1,0,0,0,0,0,2,0,0,0,0,0,0,0,0,0,0,0,0,1,2,0,0,0,1,0,0,0,0,1,2,0,0,0,0,0,0,0,0,0,0,8,0,0,0,0,0,0,0,0,0,0,0,0,0,0,4,0,0,0,44,0,0,0,2,1,4,0,0,2,0,0,0,0,0,0,0,0,0,0,6,0,0,0,0,0,2,0,0,0,1,0,0,0,0,0,0,0,6,0,5,0,0,0,0,0,0,0,5,0,0,0,0,3,0,15,0,0,0,5,0,0,0,0,0,0,0,0,0,0,2,0,0,0,2,0,0,0,0,4,1,0,0,0,2,1,1,0,0,0,0,4,1,0,0,0,0,0,0,0,0,0,0,0,0,0,0,0,0,0,0,0,0,0,0,0,0,0,0,1,0,1,2,0,0,0,0,2,0,0,0,3,0,0,0,1,2,0,0,0,0,0,0,0,1,2,0,0,0,1,0,0,0,0,0,0,0,0,0,0,3,0,0,0,0,0,0,0,0,0,0,0,3,6,0,0,0,0,0,10,0,0,0,0,0,0,0,0,1,0,0,0,1,2,0,1,0,9,0,0,0,0,0,0,0,3,0,0,0,0,0,0,0,0,0,9,0,0,0,0,0,0,0,0,0,0,1,55,4,0,3,5,0,0,3,0,1,0,0
205,0,0,0,0,2,0,0,26,0,0,7,0,0,0,1,0,2,0,0,0,0,0,0,0,5,0,3,2,0,0,0,0,0,0,0,4,0,0,1,0,0,0,0,0,0,7,1,0,10,0,0,0,0,0,2,0,2,2,0,0,2,1,0,0,0,0,0,0,0,0,0,0,0,0,0,0,2,0,0,0,0,0,0,4,0,0,0,0,0,0,0,14,0,0,0,2,0,1,1,0,1,0,0,0,1,0,1,0,0,0,0,3,0,0,7,0,0,0,0,0,0,0,0,0,0,3,0,19,0,7,0,0,1,0,0,0,0,3,4,0,0,0,0,0,2,0,32,0,0,0,0,0,0,0,0,0,0,0,0,0,0,2,18,0,0,4,0,0,0,0,0,4,0,1,0,0,0,0,0,0,0,0,1,0,0,0,0,0,0,0,0,0,0,0,0,0,0,0,0,0,2,0,0,0,0,0,0,0,0,0,0,0,0,0,0,0,0,0,35,0,0,0,0,0,0,0,3,0,0,0,0,0,0,0,0,0,13,0,0,0,2,1,4,0,1,0,0,0,0,0,0,4,0,2,0,0,0,0,1,0,0,1,0,7,7,0,0,0,0,1,4,0,0,0,0,0,0,0,0,0,0,0,0,0,0,0,1,0,12,0,0,1,5,0,0,0,5,0,4,0,0,0,0,0,5,1,22,0,0,0,0,0,8,0,0,0,0,0,32,0,0,1,7,0,0,0,0,0,0,0
206,0,0,1,0,10,0,4,38,0,0,24,2,2,0,0,1,1,1,0,2,0,0,0,0,0,5,6,1,0,0,0,0,0,0,0,0,19,1,0,0,0,0,0,0,0,0,1,6,0,0,0,0,0,0,0,0,0,12,0,0,0,0,0,0,0,0,1,0,0,0,0,0,0,0,0,0,1,0,0,0,0,1,0,0,0,0,4,0,0,0,1,17,0,0,0,2,0,0,1,0,1,1,1,0,2,1,0,0,0,0,44,5,1,0,0,1,0,0,0,0,0,0,3,15,0,0,0,0,0,4,0,5,0,0,0,0,1,2,0,4,10,5,0,1,0,0,0,0,0,0,6,0,0,0,0,0,1,0,0,0,0,4,0,0,0,17,0,0,0,0,0,3,0,1,0,11,1,2,0,0,0,0,0,0,0,0,8,0,0,0,6,0,3,1,0,0,0,2,0,1,0,0,0,0,0,4,0,1,0,0,0,0,0,12,0,0,0,0,4,0,0,2,0,0,1,0,2,0,0,0,0,0,0,0,0,0,6,0,0,0,15,0,13,0,0,0,2,0,0,1,10,8,0,0,0,0,0,0,0,0,0,1,0,8,7,0,0,0,0,0,7,7,0,0,0,0,0,0,3,0,0,0,0,1,4,0,0,0,6,0,0,0,0,0,0,0,2,0,0,0,0,0,21,0,0,0,64,0,0,0,0,0,2,4,0,0,0,0,12,0,0,1,5,0,0,0,0,0,0,0
207,0,0,0,0,0,0,4,49,0,0,5,0,6,0,0,0,0,0,0,0,0,0,0,18,0,0,7,0,0,0,0,2,0,0,0,0,8,0,0,2,0,0,0,0,7,2,0,0,0,0,0,0,0,0,0,0,5,0,0,0,0,0,0,0,1,1,0,0,0,0,0,7,8,0,0,0,1,0,0,0,0,0,0,0,0,0,0,0,0,1,0,0,0,8,0,0,0,0,4,0,0,0,51,2,8,0,0,0,0,0,0,0,0,1,0,0,0,0,0,2,0,0,12,0,0,0,0,3,0,0,0,0,0,0,0,0,0,13,9,4,0,0,0,0,0,0,0,5,0,0,0,0,0,0,0,0,6,0,0,0,0,0,1,0,0,0,0,0,0,2,7,10,1,7,0,0,1,0,0,0,10,0,0,0,0,0,0,0,0,2,0,0,0,0,0,0,0,0,2,0,0,0,0,0,0,0,0,0,0,0,0,0,0,0,0,0,0,0,37,0,0,0,0,0,0,1,1,0,0,0,4,0,4,0,2,0,0,0,0,12,0,0,0,0,0,0,13,0,1,9,0,0,0,5,0,0,0,0,0,0,9,49,0,0,0,0,0,0,0,0,1,1,0,0,3,0,0,3,0,0,0,0,0,0,0,0,1,0,18,1,0,0,0,6,0,0,8,0,0,0,0,0,0,0,0,0,0,0,0,5,0,2,0,0,0,0,0,0,0,0,0,0,2,0,0,1,0,19,10,0
208,0,0,0,0,6,0,1,34,0,0,4,3,2,0,0,1,0,0,1,0,0,0,3,0,0,0,1,0,0,0,0,1,1,0,0,0,8,0,0,0,0,0,0,0,0,0,0,0,0,0,0,0,0,0,1,0,0,1,0,0,0,0,0,0,0,0,0,0,0,0,0,0,0,10,0,0,0,0,0,0,0,12,0,4,0,0,5,0,0,0,15,0,0,0,0,0,0,0,0,0,0,0,14,0,5,3,0,0,0,0,1,13,3,0,0,0,0,0,0,6,0,0,1,0,0,0,0,0,0,2,0,0,0,0,0,0,0,12,1,0,8,4,0,7,0,0,7,0,0,0,0,1,0,0,0,0,0,0,0,0,0,4,0,0,1,1,0,9,0,0,0,0,0,2,0,0,1,0,6,0,0,0,0,0,0,0,6,0,1,0,0,0,0,0,0,0,0,0,0,0,0,0,0,0,0,0,1,0,34,0,0,0,0,2,0,0,0,0,3,0,0,1,0,0,0,0,0,0,0,0,0,0,0,0,0,0,3,0,0,6,8,0,1,0,0,0,0,0,0,0,0,2,0,0,0,0,0,0,3,0,6,12,0,42,0,0,0,0,0,0,10,0,0,0,3,0,1,0,1,2,0,0,0,1,1,0,15,0,1,1,0,0,0,3,0,0,0,0,13,0,0,1,1,0,1,0,7,0,0,0,0,0,2,41,0,9,0,0,0,0,0,0,54,0,0,0,0,0,0,0
209,0,0,0,0,2,0,0,33,0,0,11,0,6,0,0,0,0,0,0,0,0,0,2,5,2,1,0,0,0,0,1,2,0,0,0,0,8,0,1,0,0,0,0,0,2,0,12,0,0,0,0,0,0,0,0,0,0,4,0,1,0,3,0,0,0,4,0,0,0,2,0,0,1,0,0,0,1,0,0,0,0,0,0,0,0,8,0,0,0,0,1,5,0,13,0,0,0,0,0,0,1,0,2,0,13,0,0,0,0,0,0,0,0,0,5,0,0,0,0,0,0,0,1,0,0,1,0,0,0,1,0,0,0,0,0,0,1,10,0,0,0,1,0,0,0,0,10,0,0,0,0,0,0,0,0,0,0,0,0,0,0,20,0,3,0,31,1,0,0,0,0,0,0,28,1,0,1,7,0,0,0,0,0,0,0,0,1,0,0,0,0,2,30,0,1,0,0,0,0,0,0,0,0,0,0,0,1,0,0,0,0,0,0,4,0,0,0,0,47,0,0,5,0,0,0,0,2,0,0,0,1,0,0,0,4,0,5,0,0,11,5,0,10,0,0,0,0,0,0,16,1,7,0,0,0,0,3,0,0,0,6,42,0,5,0,0,0,0,42,1,0,0,3,0,0,0,4,0,0,0,3,0,0,0,12,0,0,0,6,0,0,0,0,0,0,0,0,0,0,0,0,0,0,4,1,0,5,0,0,0,0,0,0,1,0,0,0,0,0,0,0,1,3,0,0,0,0,10,0,0
210,0,3,0,0,1,0,0,28,0,0,29,2,0,0,0,2,0,0,0,0,0,0,0,0,37,8,0,0,0,0,0,0,0,0,0,0,6,3,3,0,0,0,0,0,0,5,0,4,0,0,0,0,1,0,0,0,0,10,0,0,0,4,0,0,0,0,0,0,0,0,0,0,4,1,0,0,0,1,0,0,0,0,7,0,0,0,0,0,0,0,0,13,0,0,0,0,0,0,0,0,4,0,2,0,0,2,0,0,0,0,0,1,2,0,0,0,0,0,0,0,0,0,0,12,0,0,0,15,0,2,40,9,0,0,0,0,0,13,0,5,0,1,0,0,0,0,0,0,0,0,4,0,0,0,0,0,1,0,0,0,0,8,0,0,0,10,0,0,1,0,8,2,0,0,0,2,1,1,0,0,0,0,0,0,0,0,71,0,0,0,4,0,1,0,0,0,0,0,0,0,0,0,0,1,0,0,0,0,0,2,0,0,0,1,0,0,0,0,52,0,0,3,0,0,0,0,1,4,0,0,0,0,0,0,0,0,2,0,1,1,20,0,24,0,0,0,0,0,0,0,0,4,0,0,0,0,0,2,0,0,0,6,1,6,0,0,0,0,0,1,5,0,0,1,0,0,1,0,0,0,0,0,0,1,2,0,0,0,10,0,0,0,0,0,0,0,0,0,16,0,0,11,5,0,0,0,17,0,0,0,0,0,5,1,0,2,1,1,0,0,0,1,0,0,0,0,0,0,4,1
211,0,0,0,0,4,0,4,113,0,0,10,0,0,0,8,0,0,0,1,0,0,0,1,0,0,0,0,0,0,0,0,2,0,0,5,0,23,0,0,1,0,0,0,0,1,0,0,0,0,0,0,0,0,7,1,0,1,0,0,0,0,1,0,0,0,0,0,0,0,0,0,0,0,8,0,0,0,0,0,19,1,0,1,0,0,0,0,0,0,0,5,0,0,1,13,0,0,0,0,1,0,0,13,0,7,0,0,0,0,0,2,4,0,0,1,3,0,0,0,9,0,2,1,0,0,0,0,0,0,0,0,0,0,0,0,0,0,29,0,0,0,2,0,0,0,0,8,1,0,0,0,0,0,0,0,0,0,0,0,0,0,0,4,0,0,0,0,0,0,0,0,21,3,3,0,0,1,0,0,0,1,0,0,0,0,1,0,0,0,0,0,0,0,0,0,0,0,0,0,0,0,0,4,0,0,0,0,0,0,0,0,31,0,0,0,0,0,0,1,1,0,0,0,0,0,0,0,0,0,0,1,0,0,0,0,0,0,0,0,0,2,0,4,0,0,0,0,0,0,0,0,1,0,0,0,0,0,0,0,3,29,11,5,0,0,0,0,0,0,0,1,2,0,5,6,0,0,0,3,0,0,0,0,0,0,1,8,0,3,0,0,1,0,7,0,1,0,0,35,1,0,0,0,0,0,0,3,0,0,0,0,0,0,0,0,0,2,0,0,0,0,0,12,0,0,0,17,0,0,0
212,0,0,0,0,4,0,10,131,0,0,32,0,5,0,0,0,1,0,0,3,0,0,1,0,29,1,1,0,0,0,0,1,0,0,0,0,0,0,0,6,0,0,0,0,0,0,0,0,3,1,0,7,0,2,2,0,8,2,0,0,0,4,0,0,0,0,0,1,0,0,0,7,0,0,0,0,0,0,0,1,0,0,0,0,0,0,0,0,0,0,1,0,0,14,0,0,0,0,4,0,0,0,54,3,9,0,1,0,0,0,0,0,0,0,0,0,0,0,0,0,6,0,0,0,0,0,0,2,0,0,0,3,0,0,0,0,0,2,0,0,1,0,0,0,0,1,0,5,0,5,0,0,0,0,0,0,0,0,0,10,0,0,2,1,0,16,0,0,0,0,25,6,0,172,0,0,1,0,0,0,0,0,0,0,0,0,0,0,0,0,0,0,0,0,0,0,0,0,0,0,0,0,0,0,1,1,0,0,0,0,0,0,0,0,1,0,0,0,57,0,1,0,0,0,2,1,0,0,2,0,0,0,0,0,23,0,0,26,0,0,1,0,0,0,0,0,0,0,0,6,0,0,0,1,0,0,1,0,0,0,0,41,1,0,0,0,0,0,14,0,1,0,0,0,0,0,0,0,0,0,0,0,0,1,7,0,2,0,27,0,3,0,0,11,0,0,2,0,0,4,0,0,0,0,0,0,0,0,0,0,0,2,0,0,0,0,0,0,2,0,0,0,1,0,0,3,5,7,16,0
213,0,0,0,1,2,0,0,104,0,0,12,2,8,0,0,0,0,0,0,0,0,0,1,0,11,1,7,0,0,0,0,0,0,0,0,0,10,0,1,0,0,0,0,0,0,0,0,0,0,0,0,0,0,0,0,0,0,4,0,0,0,5,0,0,0,0,0,1,0,0,0,0,2,1,0,0,0,0,2,0,0,0,0,0,0,0,0,0,0,0,0,17,1,13,0,0,0,0,0,0,1,0,42,0,18,0,0,0,0,0,1,0,0,0,5,0,0,0,0,0,0,0,3,0,0,0,0,0,0,0,0,0,0,0,0,0,0,10,0,0,0,0,25,0,0,0,1,0,0,0,2,3,0,0,0,0,0,1,0,0,0,13,0,0,0,13,0,0,0,0,0,1,0,0,0,0,0,0,0,0,0,0,0,0,0,0,1,0,2,0,0,2,30,0,0,0,0,0,0,0,0,0,0,0,0,0,0,0,0,0,2,0,1,1,0,0,0,0,55,0,0,26,0,0,0,0,1,0,0,0,0,0,20,0,7,0,9,0,0,0,9,0,4,0,0,0,0,3,0,0,1,1,1,0,2,0,0,0,0,0,0,33,0,7,0,0,0,0,31,1,1,0,0,1,0,2,0,0,0,0,0,0,0,0,10,5,2,0,5,0,0,0,0,7,0,0,0,0,1,0,0,0,0,0,0,0,7,1,0,0,0,0,1,0,0,0,0,0,4,0,0,1,9,0,0,0,5,0,0,0
214,0,0,0,0,6,0,3,70,0,0,8,0,0,0,0,0,0,0,0,0,1,2,0,0,2,0,4,1,0,0,0,3,0,0,0,0,9,0,0,1,0,0,0,0,0,0,0,0,0,0,0,0,0,0,0,0,1,0,0,0,0,1,0,0,0,0,0,0,0,0,0,0,0,0,0,0,0,0,0,0,0,3,0,0,0,0,0,0,0,0,8,0,0,0,0,0,0,0,0,0,1,0,11,0,14,2,0,0,0,0,2,16,0,2,2,2,0,0,0,5,0,2,2,0,0,0,0,3,0,0,23,0,0,0,0,0,0,9,1,0,0,1,0,0,0,0,0,0,0,1,0,0,0,0,0,0,0,0,0,2,0,0,0,0,1,1,1,0,0,0,1,53,0,11,0,0,1,0,0,2,0,0,0,0,0,0,6,0,0,0,0,0,0,0,0,0,0,0,0,0,0,0,0,0,0,0,1,0,4,0,0,0,2,2,0,1,0,0,1,3,1,0,0,0,0,0,1,0,0,0,0,0,0,0,0,0,4,5,0,0,8,0,3,0,0,0,8,0,0,0,0,0,0,0,0,0,0,0,1,0,12,33,0,0,0,0,0,0,0,0,0,2,0,0,0,0,0,0,0,0,0,0,0,0,0,0,16,0,2,0,0,0,0,0,0,0,0,0,0,0,0,1,0,0,2,0,0,0,0,1,1,0,0,0,0,2,0,0,0,0,0,0,28,0,0,0,2,0,0,0
215,0,0,1,4,15,0,0,35,0,0,16,0,0,0,0,0,0,0,2,0,0,0,0,37,32,5,10,0,0,0,1,4,0,0,0,6,5,0,1,0,0,0,0,0,0,0,0,0,3,1,1,0,0,1,0,1,27,0,0,0,0,1,0,0,0,0,1,1,0,6,0,0,0,0,0,0,0,0,0,5,0,0,9,0,0,0,0,0,0,0,1,0,0,0,4,0,0,0,0,0,1,2,1,0,2,0,0,0,0,0,0,7,0,0,20,1,0,2,0,15,4,0,3,0,0,0,0,25,0,0,9,0,0,0,0,10,0,29,7,0,2,3,0,0,0,0,0,2,0,0,3,0,0,0,0,0,0,1,0,1,0,3,52,0,0,3,4,0,0,0,3,0,0,2,0,0,0,0,0,1,0,0,0,0,0,1,22,0,0,0,2,0,0,0,0,0,0,2,0,0,0,0,0,0,0,0,0,0,4,1,0,0,0,0,0,0,0,0,8,0,0,0,0,0,0,0,1,0,0,0,0,1,0,2,0,1,0,0,1,0,3,0,10,0,0,0,0,0,0,2,0,2,22,0,0,1,0,0,0,0,2,0,5,0,0,0,0,0,0,0,2,48,0,0,9,0,0,0,0,0,1,0,0,0,0,0,0,0,16,0,0,0,0,0,0,0,0,0,5,4,0,4,0,0,0,0,0,0,0,0,0,0,1,0,0,0,0,0,0,0,0,3,5,0,0,0,0,0,0,0
216,0,0,0,0,9,0,0,174,0,0,22,7,0,0,0,0,0,0,0,0,0,2,0,0,3,0,3,0,0,0,0,4,0,0,0,0,7,0,0,0,0,0,0,0,0,0,0,0,0,0,0,0,0,2,0,0,0,0,0,1,0,5,0,0,1,0,0,0,1,0,0,0,0,0,0,0,0,0,0,3,0,0,0,0,0,0,0,0,0,0,1,0,0,0,0,0,0,0,0,1,0,0,15,2,13,0,0,0,0,0,0,4,0,0,3,1,0,0,0,10,0,18,2,0,4,0,0,1,0,0,40,0,0,0,0,0,0,7,1,0,0,0,0,6,0,0,0,0,0,0,0,0,0,0,0,0,0,0,0,3,0,0,0,0,0,0,0,0,1,0,1,101,0,11,0,0,3,0,0,1,0,0,0,1,0,0,0,0,0,0,0,0,0,3,0,3,0,0,10,0,0,0,0,0,0,0,0,0,0,0,0,23,0,2,0,0,0,0,4,0,0,0,0,1,0,5,1,0,0,0,0,0,0,0,0,0,0,0,0,0,10,0,0,0,0,0,0,0,0,0,5,0,0,0,2,0,0,2,3,0,9,13,5,0,0,0,0,0,0,0,4,0,0,0,3,0,0,0,0,0,0,0,0,0,0,0,10,0,0,0,0,0,0,0,0,0,0,0,7,0,0,0,1,0,0,0,0,0,0,0,0,0,0,0,0,0,0,0,0,0,0,0,2,2,0,1,4,0,1,0
217,0,0,0,0,0,0,0,48,0,1,2,3,0,8,0,0,0,0,1,0,0,0,0,0,0,1,1,0,0,0,0,2,0,0,0,0,0,0,0,5,0,0,0,0,0,0,0,0,0,0,0,0,0,0,0,0,0,1,0,0,1,2,0,0,0,0,0,0,0,5,0,0,0,6,0,0,0,5,0,0,0,2,0,0,0,0,0,0,0,3,0,2,0,2,0,0,0,0,0,0,0,0,7,0,9,4,0,0,0,0,2,0,0,0,0,1,0,0,0,0,0,15,0,0,0,0,0,0,0,6,0,0,0,0,0,0,0,0,0,0,0,4,0,0,0,0,56,0,0,0,1,0,0,0,0,0,0,0,0,0,0,0,0,0,0,0,0,3,0,0,0,23,0,6,0,0,2,0,3,0,0,0,0,0,0,0,0,0,0,1,0,0,0,0,0,0,0,0,0,0,0,0,1,0,0,0,3,0,0,0,0,0,0,10,0,0,0,0,3,0,0,0,0,0,0,0,2,0,0,0,0,0,0,0,0,0,0,0,0,0,15,7,2,0,0,0,0,0,3,0,0,1,0,0,7,0,0,1,0,0,0,0,0,25,0,0,0,0,0,2,6,0,1,5,0,0,0,3,0,0,0,0,0,0,0,0,1,0,3,0,0,2,3,0,0,0,0,0,0,0,0,2,1,0,0,0,17,3,0,0,0,0,0,0,0,0,0,0,11,0,0,2,8,0,0,0,0,0,0,0
218,0,0,0,0,0,3,0,20,0,0,5,2,0,3,0,0,0,4,0,0,1,0,0,1,13,0,3,0,0,0,0,1,0,0,0,0,0,0,0,0,0,0,0,0,0,2,0,0,0,0,0,0,0,0,0,0,0,3,0,0,0,1,0,0,0,0,0,0,0,0,0,0,0,2,0,0,0,2,0,0,0,0,5,5,0,0,0,0,10,0,0,0,0,0,0,0,1,0,0,0,0,0,1,0,1,1,0,0,2,0,0,1,1,0,0,0,0,0,0,0,0,0,0,13,0,0,1,0,0,13,0,0,0,0,0,0,0,1,0,0,0,2,0,0,0,1,0,0,0,0,0,0,0,0,0,0,0,0,0,0,0,0,0,0,0,7,0,0,1,0,0,2,0,1,0,0,0,0,0,0,0,2,0,0,0,0,6,0,0,0,0,0,0,1,0,0,0,1,0,0,0,0,0,0,6,0,0,1,0,0,0,0,0,7,0,0,1,0,16,0,0,0,0,0,0,0,2,0,0,0,0,3,0,1,0,0,2,0,0,0,2,0,11,0,0,0,3,0,0,0,0,3,0,1,1,0,0,2,0,0,0,0,0,5,7,0,0,0,0,0,1,9,0,0,0,0,0,0,0,0,0,0,0,0,0,0,0,0,12,7,0,0,0,0,3,0,2,0,0,1,0,2,0,0,0,0,3,0,0,0,0,0,2,0,0,0,0,1,109,0,0,1,7,0,0,0,0,0,0,0
219,0,0,0,0,3,0,7,6,0,0,46,0,0,8,0,0,3,0,0,0,0,0,0,0,3,5,4,0,0,0,0,5,0,0,0,0,20,0,0,0,0,1,0,0,0,0,0,10,0,2,0,0,0,0,0,0,15,0,0,0,0,0,0,0,0,1,0,1,0,0,0,0,0,0,0,0,0,0,0,0,0,0,0,0,0,0,0,0,0,0,0,0,0,0,0,1,0,4,1,0,2,0,4,2,1,0,0,0,0,0,0,4,0,0,24,3,6,0,0,9,0,2,3,0,0,0,2,6,0,0,21,7,0,0,0,0,3,4,0,2,0,1,0,0,0,0,0,2,0,0,0,0,0,0,0,0,0,0,0,1,0,1,34,0,0,33,0,0,0,0,12,2,0,3,0,0,0,0,0,0,0,0,0,0,0,0,0,0,3,0,0,0,0,0,0,0,0,0,0,0,3,0,0,0,0,0,0,2,0,0,1,0,0,0,0,1,0,0,15,0,0,0,0,0,1,7,2,0,0,0,0,4,0,2,0,0,3,0,0,0,4,0,0,0,0,0,0,0,0,5,0,0,5,0,1,0,0,0,0,0,3,1,1,0,0,0,0,0,26,0,3,14,0,0,2,0,0,0,0,0,0,1,0,1,0,0,0,0,9,0,0,0,0,0,0,0,1,2,3,1,0,6,7,3,0,0,0,0,0,0,0,1,0,0,1,0,0,0,0,0,0,1,3,0,0,0,0,1,0,0
220,0,0,1,0,1,0,7,47,0,0,3,0,0,0,0,0,0,0,0,1,0,0,0,0,7,0,1,0,0,0,1,1,0,0,0,0,6,0,0,0,0,0,0,0,6,0,18,0,2,1,0,2,0,0,0,0,3,0,0,1,0,3,0,0,0,0,0,0,0,0,0,11,3,2,0,0,0,0,0,2,0,0,0,0,0,2,0,0,0,0,0,0,0,30,3,0,0,0,3,0,1,0,16,1,7,1,0,0,0,0,0,1,0,1,7,0,0,0,0,2,8,0,1,0,0,2,0,2,0,0,0,0,0,0,0,0,0,9,8,0,0,0,11,0,0,0,0,15,0,0,1,0,0,0,0,0,0,1,0,0,0,0,1,0,0,0,0,0,0,1,9,5,1,91,0,0,0,5,2,0,23,0,2,0,0,0,0,0,0,1,0,0,7,0,0,0,0,0,1,0,0,0,0,0,0,0,0,0,19,4,0,0,0,0,0,0,0,0,51,0,0,0,0,0,0,1,0,0,0,0,0,0,0,0,5,0,0,0,0,0,3,0,12,0,0,0,0,0,0,0,0,0,0,0,0,1,0,0,3,1,12,30,9,0,0,0,0,0,0,0,0,4,3,1,0,0,0,0,0,0,0,0,0,0,0,0,0,0,9,0,0,0,0,20,0,0,12,0,0,1,1,0,0,0,0,0,5,0,0,0,0,3,0,0,0,0,0,0,0,0,0,2,3,0,0,0,0,11,0,0
221,0,0,0,0,0,0,0,23,0,0,6,0,0,0,0,2,0,0,0,0,1,0,0,0,0,7,0,0,0,1,1,0,0,0,0,0,7,0,0,0,0,0,0,0,0,0,0,5,13,0,1,0,0,0,0,1,0,7,0,0,0,2,0,0,0,2,0,0,0,8,0,1,20,0,0,0,1,0,0,0,0,1,3,0,0,0,1,0,0,0,1,5,0,0,0,0,0,0,0,0,1,0,1,0,0,3,0,0,0,0,24,1,4,0,0,0,0,0,0,0,0,0,8,0,0,0,2,0,0,0,0,6,0,0,0,0,0,11,0,3,0,4,0,0,0,3,0,0,0,0,3,0,0,0,0,0,0,0,0,1,0,2,0,0,0,17,0,0,0,0,0,2,0,0,0,5,1,0,0,0,0,0,0,0,0,0,13,0,0,0,0,0,0,0,0,0,0,2,0,0,3,0,7,0,0,0,0,0,0,1,0,0,0,10,0,0,0,0,23,18,0,5,0,0,1,0,2,0,0,0,0,0,0,0,0,0,14,0,0,0,7,1,5,0,0,0,1,0,0,0,0,4,0,1,0,0,0,0,0,0,0,0,0,3,3,0,1,0,0,1,6,0,0,0,0,0,0,0,2,0,0,0,0,0,1,0,0,0,3,0,0,0,0,0,0,0,0,1,0,0,0,0,21,0,0,1,62,0,0,0,0,0,1,1,0,0,0,0,0,0,0,0,14,1,0,0,0,1,0,2
222,0,0,0,0,19,0,1,131,0,5,11,4,0,0,0,0,0,0,0,0,0,0,1,0,0,2,0,0,3,0,0,1,0,0,4,0,11,0,0,1,0,0,0,0,0,0,0,0,0,0,0,0,0,2,1,0,1,0,0,0,0,1,0,0,0,0,0,0,1,0,0,0,0,0,0,0,0,0,0,5,0,0,0,0,0,0,6,0,8,0,3,0,0,0,0,0,0,0,0,0,0,0,3,1,4,0,0,0,0,2,0,33,0,0,2,0,0,0,0,11,0,5,7,0,2,3,0,1,0,0,72,0,0,0,0,0,0,32,4,0,0,5,0,0,0,0,0,0,0,0,0,0,0,0,0,0,0,0,0,0,0,0,2,0,0,0,0,0,0,0,0,44,0,10,0,0,2,1,0,0,0,0,0,0,0,0,0,0,1,1,0,0,0,3,0,0,0,0,0,0,0,0,0,0,0,0,0,0,0,0,0,0,0,0,0,0,0,0,0,0,0,0,4,0,0,1,1,0,1,0,1,0,0,0,0,0,0,0,0,0,4,0,3,0,0,0,0,0,8,0,0,0,15,0,0,0,0,0,0,0,13,3,7,0,0,0,0,0,0,0,1,5,0,0,0,0,0,0,0,0,0,2,0,0,0,0,14,0,4,0,0,0,0,3,0,0,0,0,30,0,0,0,0,0,0,0,0,4,0,0,0,1,0,0,0,8,0,1,0,0,7,0,9,0,0,0,1,0,0,0
223,0,0,0,0,0,0,0,55,0,0,11,1,0,0,0,0,0,0,0,0,0,2,0,0,0,1,6,0,0,0,0,0,0,0,0,0,3,0,0,0,0,0,0,1,0,0,14,0,4,0,0,3,0,2,3,0,0,1,0,0,0,7,12,0,0,2,0,0,0,0,0,0,1,1,0,0,0,0,0,0,0,0,0,0,0,0,1,0,0,0,0,0,0,4,0,3,0,0,3,0,2,1,91,0,0,5,0,0,0,0,1,0,0,0,0,0,0,0,0,0,0,0,0,0,0,0,0,0,0,1,0,0,0,0,0,0,0,2,0,2,0,1,12,4,0,0,0,2,0,0,1,9,0,0,0,0,0,0,0,3,0,4,0,3,0,25,0,0,0,0,0,0,0,12,0,0,0,0,0,0,0,0,3,0,0,0,0,0,0,0,0,2,7,0,1,1,0,0,0,0,0,0,0,0,0,0,0,8,0,0,1,2,0,1,0,0,0,0,32,0,0,0,0,0,0,0,2,0,1,0,0,0,0,0,3,0,3,0,0,0,0,0,10,0,0,1,0,0,0,7,0,2,0,0,0,0,0,0,1,0,0,9,0,0,0,0,4,0,0,1,0,0,0,0,0,0,0,0,0,0,0,0,0,0,14,0,1,0,19,0,0,0,0,6,0,0,0,0,1,0,0,0,0,1,1,0,4,0,0,2,0,0,1,1,0,0,0,0,1,7,0,0,13,0,0,0,0,0,0,0
224,0,0,0,0,7,0,0,46,0,0,13,2,0,0,0,0,0,0,0,0,0,0,0,0,0,0,0,0,0,0,0,0,1,0,0,3,22,0,0,0,0,1,0,0,0,0,0,0,0,1,0,0,0,0,9,0,0,3,0,0,1,0,0,0,0,1,1,0,0,0,0,0,20,0,0,0,0,0,0,0,0,0,0,0,0,0,2,0,5,0,1,4,0,0,0,0,0,0,1,0,2,0,1,0,1,1,0,0,0,0,0,3,0,0,0,0,0,0,0,1,0,0,2,0,0,0,0,0,0,11,0,0,0,0,0,0,0,9,0,0,0,9,0,0,0,0,128,1,0,0,0,0,0,0,0,0,0,0,0,0,0,13,0,0,0,0,8,0,0,0,2,3,0,0,0,0,1,0,0,0,0,0,0,1,0,0,3,0,0,0,0,0,1,0,0,0,0,0,0,0,4,0,0,0,0,0,1,0,0,0,1,6,1,5,0,1,0,0,1,11,0,2,0,0,0,0,4,0,0,0,0,0,0,0,0,0,0,0,0,0,9,0,13,0,0,0,0,0,0,0,18,0,0,0,0,0,0,0,1,0,1,2,0,5,4,0,0,0,0,0,11,0,0,0,0,0,0,0,0,0,0,0,0,0,2,0,0,0,9,0,0,0,0,0,5,0,0,0,29,0,0,0,9,0,0,0,21,0,0,0,0,0,5,8,0,0,0,0,17,2,0,3,7,0,1,4,0,0,0,0
225,0,0,0,0,0,0,8,12,0,15,0,0,3,0,0,0,0,0,0,0,0,0,1,0,0,0,0,0,0,0,0,0,0,0,0,0,2,3,0,0,0,0,0,0,0,1,9,0,3,0,0,0,0,0,0,0,0,13,0,0,0,0,0,0,0,1,0,0,0,0,0,4,0,0,0,0,0,0,1,0,0,0,0,0,0,0,0,0,0,0,0,0,0,0,0,0,0,0,0,0,0,0,36,0,0,1,0,0,0,0,1,0,3,1,0,0,0,0,6,0,0,0,7,0,0,0,0,0,0,0,0,0,0,0,0,0,0,4,12,0,0,0,16,0,0,0,0,0,0,0,2,0,0,0,0,0,0,0,0,0,0,14,1,4,2,32,0,0,0,0,0,6,0,24,0,0,1,13,0,0,0,0,0,0,0,0,1,0,2,0,0,0,1,0,0,0,0,0,1,1,0,0,0,0,0,0,0,0,0,0,1,0,2,2,0,0,0,0,38,0,0,0,0,0,0,0,1,0,0,0,0,0,0,0,3,0,0,3,0,13,5,0,0,0,0,0,0,0,0,0,1,10,0,0,0,0,0,7,1,0,0,5,0,2,0,0,0,0,0,2,0,0,0,0,0,0,0,0,0,0,0,0,0,0,1,0,0,0,16,0,0,0,0,5,0,0,0,0,1,0,0,0,0,0,0,0,42,3,0,0,0,0,1,0,9,1,0,0,2,0,0,2,2,0,0,0,13,5,8,0
226,0,2,1,0,0,0,5,28,0,0,14,0,4,2,0,0,0,0,0,2,0,0,0,0,0,1,0,1,1,0,0,0,0,0,0,0,6,0,1,0,0,0,0,0,0,0,0,0,0,0,0,0,0,0,0,0,0,6,0,0,0,0,0,0,0,0,0,1,0,0,0,0,8,0,0,0,0,0,0,0,0,0,0,0,0,0,0,0,0,0,0,11,0,0,0,0,0,0,0,0,0,1,0,0,0,1,0,0,7,0,0,3,5,0,0,0,0,2,0,1,0,0,2,3,0,0,0,0,0,5,17,0,0,0,0,0,0,2,0,1,0,1,0,0,0,2,35,0,2,12,2,2,0,0,1,0,0,0,0,0,0,0,0,0,0,3,0,0,0,0,0,4,0,0,0,0,1,0,0,1,1,0,0,0,0,0,10,0,0,0,0,0,1,0,0,0,0,0,0,0,0,0,0,0,0,2,0,0,0,1,0,0,0,11,0,0,0,0,26,0,0,2,0,0,0,0,5,0,0,0,0,3,2,0,0,0,2,0,0,0,11,0,5,0,0,0,0,11,0,0,0,7,0,0,0,0,0,0,0,0,0,0,0,0,0,0,0,0,0,0,0,0,1,0,0,0,0,0,0,0,1,0,0,0,0,0,0,0,5,0,0,0,7,0,3,0,1,0,9,0,0,0,10,0,0,0,79,0,5,0,0,1,0,5,1,0,0,0,21,0,0,0,10,0,0,0,0,1,13,0
227,0,0,0,0,21,0,1,54,0,0,9,0,0,0,0,0,0,0,0,0,0,0,0,0,4,0,0,0,0,0,0,7,0,0,0,0,3,0,0,2,0,0,0,0,0,0,0,0,0,0,0,10,0,3,0,0,1,0,0,1,0,0,0,0,0,0,0,0,1,0,0,0,0,0,0,0,0,0,0,0,0,6,0,0,0,0,0,0,0,0,3,0,0,1,0,0,0,1,0,4,1,0,14,5,30,2,0,0,0,3,0,17,0,0,1,0,0,0,0,6,0,1,4,0,5,0,0,1,0,0,0,0,0,2,0,0,0,34,0,0,0,0,0,0,0,0,0,0,0,0,0,0,0,0,0,0,0,2,0,0,0,0,1,1,0,1,0,0,0,0,1,10,9,1,0,1,2,0,0,0,0,0,0,0,0,0,7,0,0,0,4,0,0,0,0,5,0,0,5,0,0,0,0,0,0,0,0,0,0,0,0,0,0,0,0,0,0,0,1,0,0,0,0,0,0,1,1,0,0,0,0,1,1,0,0,0,0,0,0,0,10,0,0,0,0,0,0,0,5,0,0,0,0,0,0,0,1,0,3,4,8,20,12,0,0,0,0,0,0,0,2,0,0,0,2,0,0,0,0,0,0,0,0,0,0,0,9,1,2,0,0,0,0,2,0,2,0,0,10,2,0,0,1,0,0,1,0,0,0,0,0,1,2,0,0,6,0,0,5,0,0,0,18,0,0,0,18,1,0,0
228,0,0,0,0,5,0,4,49,0,6,11,0,0,1,0,1,0,0,0,0,0,0,0,0,21,12,6,0,0,0,0,2,0,0,0,0,14,0,0,1,0,0,0,0,3,0,0,0,0,3,0,0,1,0,0,0,11,1,3,0,0,3,0,0,0,0,0,0,0,0,0,0,0,0,0,0,0,0,0,0,0,0,0,0,0,0,2,0,0,0,0,6,0,0,0,0,0,0,1,0,1,1,1,0,2,0,0,0,1,2,0,7,0,0,31,0,9,2,0,7,0,2,6,0,0,0,0,59,0,0,0,0,1,0,0,0,1,15,0,2,0,2,8,0,0,0,0,2,0,0,0,0,0,0,0,0,2,0,0,1,0,0,0,0,0,0,3,0,0,0,4,2,1,1,0,1,0,0,0,0,1,0,0,0,0,0,10,0,0,1,5,0,0,0,5,0,0,0,0,1,0,0,0,1,0,0,0,0,0,0,0,0,0,0,0,0,0,0,9,0,0,0,0,0,0,1,2,0,0,0,0,0,0,0,0,1,0,0,0,0,1,0,0,0,0,0,0,0,0,0,0,0,0,0,1,1,0,0,0,0,1,5,0,0,0,0,0,0,31,0,13,34,1,0,0,0,0,1,0,0,0,0,0,0,1,0,0,0,8,0,0,0,4,0,0,0,5,1,0,1,0,0,0,0,0,0,0,0,5,0,0,1,0,0,0,0,0,0,9,0,0,3,3,0,0,0,1,0,0,0
229,0,0,0,4,1,0,0,24,0,0,6,0,0,0,0,1,0,0,0,3,1,0,0,0,15,0,5,0,0,0,0,1,0,0,0,0,0,1,0,0,0,0,0,0,0,0,1,0,0,0,0,0,0,0,0,0,0,1,0,0,1,4,0,0,0,0,0,0,0,0,0,0,0,0,0,0,2,0,0,0,0,0,0,0,0,0,0,0,0,0,0,0,0,1,0,0,0,0,0,0,1,0,1,0,1,0,0,0,0,2,0,1,0,0,0,0,0,0,0,2,0,0,0,0,0,0,0,0,0,0,0,0,0,0,0,0,0,0,0,0,0,1,0,0,0,0,7,0,1,0,0,0,0,0,1,0,0,0,0,1,0,3,0,0,0,5,0,0,0,0,7,0,0,1,0,0,0,0,1,1,0,0,0,0,0,0,0,0,0,0,0,0,0,1,4,0,0,0,0,0,0,0,0,0,0,0,0,0,0,0,0,0,0,3,0,0,0,0,13,15,0,0,0,0,0,0,4,0,0,0,0,15,0,0,0,0,0,0,0,1,5,0,4,0,0,0,0,0,0,0,0,7,0,0,0,0,0,0,0,0,0,0,0,7,3,0,0,0,0,0,8,23,0,0,3,0,0,0,0,0,0,0,0,0,0,0,1,0,4,0,0,0,0,0,0,0,0,0,0,0,0,0,0,0,0,2,24,0,0,0,0,0,9,1,0,0,0,1,0,0,0,0,6,0,0,9,0,0,0,0
230,0,0,2,0,3,0,10,51,1,0,7,1,3,0,0,0,0,2,0,0,0,0,0,0,0,0,0,0,0,0,0,0,0,0,0,0,3,0,0,0,0,1,0,0,0,0,0,0,0,0,0,0,0,0,0,0,0,12,0,0,0,2,0,0,0,0,0,0,0,0,0,0,6,0,0,0,0,0,0,0,0,0,0,5,0,0,5,0,0,0,1,22,0,0,0,0,0,0,0,0,0,0,2,1,2,1,0,0,16,0,66,4,2,0,0,0,0,0,0,0,0,0,5,0,0,2,0,0,0,0,0,6,0,0,0,10,0,0,5,0,0,1,0,0,0,2,0,1,0,0,0,0,0,0,0,1,0,0,0,0,0,4,27,0,0,6,0,0,0,1,0,0,0,0,0,0,2,0,0,0,0,0,0,0,0,0,7,0,0,0,0,0,0,0,0,0,0,0,0,0,0,0,0,0,0,0,0,0,0,0,0,0,0,4,0,0,0,0,2,0,0,2,0,0,0,0,3,14,0,1,0,0,0,0,0,0,10,0,0,2,14,2,0,0,0,0,0,0,0,0,0,7,0,0,0,0,0,0,0,0,0,2,0,3,7,0,1,0,6,1,21,0,1,0,0,0,0,0,0,0,0,1,0,0,1,0,0,0,11,0,0,0,6,0,0,0,4,0,29,1,0,0,2,0,0,0,5,0,0,0,0,0,0,2,1,0,0,1,22,0,0,0,6,0,0,0,0,1,10,0
231,0,1,0,0,0,0,0,18,0,0,9,0,1,4,0,0,0,0,0,0,1,0,0,0,17,0,0,0,0,0,0,0,0,0,0,0,0,0,0,0,0,0,0,0,0,4,2,0,0,1,0,0,0,1,0,1,0,5,6,0,0,5,0,0,0,1,1,0,0,0,0,1,0,0,0,0,0,0,0,0,0,0,6,0,0,0,0,0,0,0,0,0,0,1,0,0,1,0,1,0,0,0,0,0,0,0,0,0,6,0,0,0,0,0,0,0,0,0,0,0,0,0,0,6,0,2,0,0,5,9,0,0,0,0,0,0,0,3,0,0,0,0,0,0,0,1,24,1,0,0,0,0,0,0,0,1,0,0,0,0,0,0,9,0,1,5,2,0,0,0,0,0,0,0,0,0,0,0,0,0,0,2,0,1,0,0,0,0,0,0,0,0,2,0,0,0,0,0,1,1,0,0,0,0,0,0,0,0,0,0,0,0,0,4,0,0,0,0,9,0,0,0,0,0,0,2,3,0,0,0,0,0,0,0,0,0,0,0,0,1,3,0,0,0,0,0,0,0,0,0,0,2,0,1,0,0,0,0,0,0,0,0,1,18,0,0,0,0,0,0,18,0,0,0,0,0,0,0,0,0,0,0,0,0,0,0,0,0,11,0,0,0,0,0,3,0,2,0,0,0,0,3,17,0,0,0,41,0,0,0,0,0,0,2,0,0,0,0,14,0,0,0,3,0,0,0,0,0,0,0
232,0,0,0,0,0,1,0,15,0,29,0,0,9,0,0,0,2,0,0,0,0,0,2,0,18,0,0,0,0,0,0,0,0,0,1,0,3,0,0,0,0,0,0,0,0,0,11,0,0,0,0,0,3,2,0,0,0,10,4,0,0,4,0,0,0,0,0,0,0,0,0,17,0,0,0,0,0,0,0,0,0,0,0,0,0,0,0,0,0,0,0,10,0,13,1,0,0,2,0,0,0,1,68,0,10,0,0,1,0,0,0,0,1,0,0,0,0,0,3,0,0,0,0,2,0,0,0,1,0,0,0,0,0,1,0,0,0,8,7,5,0,0,17,1,0,0,7,4,0,7,2,16,0,0,0,0,0,0,0,0,0,6,1,0,0,15,0,0,0,0,0,11,1,54,0,0,1,0,1,0,0,0,0,0,0,0,0,0,0,0,0,0,0,0,0,0,0,0,0,0,0,0,0,0,0,2,0,0,0,0,0,1,1,0,0,0,0,0,25,0,0,0,0,3,0,0,0,0,0,0,2,0,0,0,5,0,0,5,0,13,3,0,0,0,0,2,0,0,0,8,0,2,0,0,0,0,1,0,0,0,0,0,0,4,0,0,0,0,0,1,1,0,0,0,0,1,15,0,0,0,0,3,0,0,5,0,4,0,15,0,2,0,0,12,0,0,0,0,0,0,0,0,0,0,0,0,0,0,0,2,0,0,1,0,0,0,1,0,3,1,0,2,2,23,0,0,1,0,0,0
233,0,0,3,0,0,7,7,14,0,0,33,3,1,3,0,0,0,0,0,0,0,0,0,0,11,0,0,0,0,0,0,0,0,0,0,0,0,0,1,0,0,0,0,0,0,0,0,0,0,0,0,0,0,0,0,0,6,3,0,1,0,3,0,0,0,2,0,0,0,0,0,0,12,0,0,0,0,0,2,0,0,0,6,0,0,0,1,0,0,0,0,12,0,1,0,0,0,0,1,6,1,1,1,0,0,1,0,0,1,0,33,11,5,0,0,0,0,0,0,0,0,0,6,0,0,0,0,0,0,2,0,0,0,0,0,0,0,10,0,2,0,8,0,0,0,0,0,0,0,0,5,1,0,0,0,0,0,0,0,0,0,2,0,0,0,8,5,0,0,0,0,0,0,0,0,0,0,0,0,0,0,0,0,0,0,0,11,0,0,0,0,0,1,0,0,0,0,0,0,0,3,0,0,0,0,0,0,0,0,0,0,0,0,6,0,0,0,0,5,6,0,1,4,0,0,1,0,0,2,1,0,0,0,0,0,0,8,0,0,0,13,0,5,0,0,0,0,33,0,0,15,9,0,0,1,0,0,3,0,0,0,2,0,21,6,0,0,0,0,1,9,0,0,0,0,0,0,0,0,0,0,0,0,0,5,0,1,0,6,0,0,0,0,0,0,0,2,0,0,0,0,0,0,0,0,0,71,1,2,0,0,0,1,0,1,0,0,0,37,2,0,0,7,0,0,0,0,1,0,0
234,0,0,0,0,2,0,0,41,0,0,0,0,0,0,1,0,0,0,0,0,0,0,0,0,0,0,0,0,0,0,0,1,0,0,1,0,9,0,0,2,0,0,1,0,1,0,0,0,0,0,0,2,0,0,0,0,7,6,0,0,1,2,0,0,0,0,0,0,0,0,1,0,0,0,0,0,0,1,2,1,0,0,1,0,0,0,0,0,1,0,0,6,0,28,0,0,0,0,5,0,0,0,16,0,37,0,0,0,0,0,0,0,0,1,4,0,0,0,0,1,2,0,11,0,0,0,0,3,0,0,0,0,0,0,0,0,0,6,0,0,0,0,0,0,0,0,0,4,0,7,2,0,0,0,0,0,0,1,0,6,0,0,1,0,0,0,0,2,0,0,19,2,0,73,0,0,0,0,0,0,8,0,0,0,0,0,0,0,0,0,0,0,7,0,0,0,0,0,0,1,0,0,0,0,0,0,0,0,0,0,0,0,0,0,0,0,0,0,65,0,1,8,0,0,3,1,3,0,1,0,0,0,0,0,4,0,0,2,3,0,4,0,9,0,0,0,0,0,0,0,0,0,0,0,0,0,0,0,0,0,5,0,6,3,0,0,5,0,0,0,1,9,0,0,1,0,1,0,0,0,0,5,0,0,0,12,4,0,11,0,0,0,0,0,0,0,0,0,0,0,0,0,0,0,0,0,0,0,0,0,0,4,1,0,0,0,7,0,0,2,0,1,1,0,4,0,0,2,0,0
235,0,0,2,5,2,0,6,12,0,5,10,3,1,3,0,1,1,0,27,0,0,0,0,0,0,0,0,0,0,0,0,0,0,0,0,0,18,0,0,0,0,1,0,0,0,0,0,0,16,0,0,0,0,0,0,0,0,10,0,0,0,0,0,0,0,0,0,0,0,0,0,0,23,0,0,0,0,0,0,0,0,0,0,1,0,0,4,0,0,1,1,0,0,0,0,0,0,0,0,0,0,0,4,0,2,3,0,0,0,0,0,1,2,0,0,0,0,0,0,0,1,0,4,0,0,2,0,0,0,0,0,0,0,0,0,0,0,4,0,1,0,1,0,0,0,0,0,0,0,0,0,0,0,0,2,0,0,0,0,0,0,5,11,0,0,14,3,0,0,0,0,0,0,1,0,1,2,0,0,0,0,0,0,0,0,0,12,0,0,0,0,0,0,0,0,0,0,0,0,0,0,0,2,1,0,0,0,0,0,0,0,0,0,5,0,0,0,0,15,0,0,0,2,0,0,0,2,0,1,0,0,0,0,0,0,0,2,0,0,0,23,0,0,0,0,0,0,0,0,0,10,3,0,1,0,0,0,0,1,0,0,0,0,11,0,0,0,0,47,0,1,0,0,0,0,0,0,0,0,0,0,0,0,0,1,0,0,0,9,0,0,0,0,0,2,0,2,0,5,0,0,0,7,0,0,0,85,0,0,0,0,0,12,8,0,0,0,0,0,0,0,1,6,0,0,4,1,0,22,0
236,0,0,0,0,3,3,20,23,0,0,28,0,1,0,0,0,0,0,5,0,0,0,0,0,22,15,2,0,0,0,0,1,1,0,0,0,19,0,0,0,0,0,0,0,2,5,0,0,0,3,0,0,0,0,0,0,2,2,0,0,0,4,0,0,0,0,0,0,1,8,0,0,0,0,0,0,0,0,0,0,0,0,0,0,0,0,0,0,11,0,0,4,0,0,0,0,0,0,0,76,0,0,1,0,1,0,0,0,0,0,0,7,0,0,7,2,8,0,0,17,0,2,2,6,0,3,0,75,0,0,0,0,0,0,0,0,0,25,0,3,0,1,0,0,0,2,0,0,0,0,3,0,0,0,0,0,2,0,0,0,0,0,0,0,0,6,0,0,0,0,17,1,1,1,0,0,1,0,1,0,1,0,0,0,0,0,12,0,7,0,0,0,0,0,0,0,0,0,0,1,0,0,0,0,0,0,0,0,0,0,0,6,0,4,0,0,0,0,11,28,0,0,0,0,3,0,2,5,0,0,0,0,0,0,0,0,0,0,0,0,4,1,0,0,0,0,7,2,0,2,0,2,0,0,0,0,0,2,0,0,1,3,0,3,0,0,0,0,0,0,5,13,0,0,0,0,0,0,0,0,1,0,0,0,0,0,0,0,1,0,0,0,5,0,0,0,4,0,2,2,0,0,0,0,0,0,0,0,0,0,0,1,2,0,0,0,0,0,0,0,0,1,1,0,0,0,1,0,0,3
237,0,0,0,0,4,0,4,21,0,0,8,1,0,0,0,0,2,0,0,0,0,0,0,0,0,0,11,1,0,2,0,1,0,0,0,0,7,2,0,0,0,0,0,0,0,0,1,0,0,0,1,0,0,0,0,0,6,1,0,0,0,7,0,0,0,0,0,0,0,0,0,0,21,0,0,0,0,0,0,5,0,0,0,0,0,0,0,0,8,0,1,12,0,0,0,0,1,0,0,13,0,0,3,0,1,0,0,0,0,0,0,0,1,0,0,2,14,0,0,0,0,0,0,0,0,1,1,0,0,10,0,0,0,0,0,13,0,5,0,0,0,0,7,0,0,0,54,1,0,0,0,0,0,0,0,0,0,0,0,0,1,0,21,0,0,1,5,0,0,0,31,2,0,1,0,0,0,0,1,0,0,0,6,0,0,0,0,0,0,0,0,0,0,1,0,0,0,0,0,0,0,0,0,2,0,0,0,3,0,0,0,0,0,1,0,0,0,0,11,0,0,0,1,0,0,0,1,0,0,0,0,0,0,2,0,0,2,0,0,1,0,0,7,0,0,0,0,0,0,6,0,5,0,0,0,0,0,0,0,0,1,0,0,9,6,0,0,0,0,0,7,0,0,1,0,0,0,0,0,0,0,0,0,0,0,0,0,1,5,0,0,0,0,0,15,0,4,1,8,0,0,0,10,5,0,0,46,0,5,0,0,1,0,0,0,3,0,0,22,0,0,1,3,0,0,0,0,0,0,0
238,0,0,0,0,5,23,0,43,0,0,14,0,0,0,0,0,0,0,0,0,0,0,2,2,0,3,0,0,2,0,0,5,0,0,0,0,5,0,0,0,0,0,0,0,0,0,0,0,10,1,0,0,0,3,0,3,0,0,0,1,0,0,0,0,0,0,0,0,0,0,0,0,0,0,0,0,0,0,0,4,0,0,0,0,0,0,0,0,0,0,11,0,0,1,0,0,0,0,0,0,0,0,8,3,7,0,0,0,0,0,0,0,0,2,0,0,0,0,0,12,0,16,1,0,0,0,0,1,0,0,0,0,0,0,0,1,0,5,0,0,4,0,0,0,0,0,5,0,0,0,0,0,0,0,0,0,0,0,0,0,0,0,0,0,0,0,0,0,0,0,0,14,5,3,0,0,1,0,0,0,0,0,0,0,0,0,9,0,0,0,0,0,0,6,0,0,0,0,9,0,0,1,0,0,0,0,1,0,0,0,0,0,0,4,0,0,0,0,1,3,0,0,0,0,0,2,1,0,1,0,0,0,0,0,0,0,0,1,19,0,11,0,5,0,0,0,0,0,0,2,3,0,0,0,0,1,0,0,0,0,11,9,24,0,0,0,0,0,0,0,3,0,2,0,6,1,0,1,2,0,0,0,0,0,0,0,6,0,2,0,0,3,2,0,0,0,0,0,11,3,0,0,0,0,0,0,0,0,0,0,0,1,0,0,0,0,0,0,4,0,0,1,16,4,0,0,4,0,0,0
239,0,0,0,0,3,0,0,4,0,0,10,4,3,0,0,0,0,4,0,5,1,0,0,0,0,3,0,0,1,0,0,1,0,0,0,0,0,0,0,0,0,0,0,0,0,0,0,0,0,0,0,0,0,0,0,0,0,2,0,0,0,0,0,0,0,0,0,0,0,0,0,0,15,0,0,0,4,0,0,0,0,1,12,0,0,0,2,0,0,1,0,8,0,0,0,0,0,0,2,0,1,0,0,0,5,3,0,0,0,0,30,2,1,0,0,0,0,0,0,0,6,0,5,0,0,4,0,0,0,1,0,0,0,0,0,0,0,4,0,2,0,0,1,0,0,0,0,0,0,0,11,0,0,0,0,0,1,1,0,0,0,1,0,1,0,36,0,0,0,0,0,0,0,0,0,0,1,7,0,1,0,0,0,0,0,0,26,0,0,0,0,0,1,0,0,0,0,0,0,0,0,0,0,1,0,0,0,0,0,0,0,0,2,6,0,0,0,0,22,0,0,0,0,0,0,0,4,0,0,2,0,0,1,0,0,1,3,0,1,1,11,3,39,0,0,0,2,7,0,0,10,0,9,0,1,0,0,0,0,0,0,0,0,7,0,0,0,0,0,0,5,0,0,0,0,0,0,0,0,0,1,0,0,0,0,0,0,0,7,2,0,0,0,0,0,0,1,0,6,0,0,0,40,7,0,0,67,0,0,0,0,0,3,3,0,0,0,0,24,0,0,0,7,0,0,0,0,0,0,0
240,0,1,0,0,0,0,0,24,0,0,8,0,0,0,0,3,0,0,0,3,4,0,0,0,7,0,4,0,0,0,0,0,0,0,0,0,0,0,0,2,0,0,0,0,0,0,9,0,16,0,0,0,0,0,2,0,2,3,0,0,0,0,0,0,0,0,0,0,0,0,0,0,0,0,0,0,0,0,0,0,0,0,0,0,0,0,0,0,0,0,0,0,0,17,0,0,0,0,1,5,0,0,11,0,17,1,0,0,0,1,0,0,0,0,0,0,0,0,0,0,0,0,0,4,0,0,0,0,0,0,7,0,0,0,0,0,0,4,0,0,0,0,0,0,0,0,0,1,0,0,0,0,0,0,0,0,0,1,0,0,0,0,1,0,1,12,0,0,0,0,3,3,0,13,0,0,0,0,0,0,0,2,0,0,0,0,0,0,0,0,0,0,3,0,0,0,0,0,0,0,0,0,0,0,0,0,0,0,0,0,0,0,0,1,0,0,0,0,71,0,0,0,0,0,2,0,1,0,0,3,4,0,24,0,22,0,0,0,2,0,2,1,0,1,0,0,0,0,0,0,0,3,0,5,0,0,0,7,0,0,2,14,1,2,0,0,0,0,0,1,1,0,3,0,0,0,0,8,0,0,0,0,0,0,5,0,0,0,11,0,0,0,0,0,0,0,0,0,0,1,0,0,0,0,0,0,63,2,0,0,3,0,0,1,2,0,0,0,0,0,0,0,2,0,0,0,0,0,0,0
241,0,0,0,23,12,0,3,16,0,0,9,0,0,0,12,0,0,2,0,0,0,1,0,0,2,1,1,0,0,1,0,1,0,0,2,0,2,0,0,2,0,0,0,0,0,0,0,0,0,1,0,0,0,0,0,0,0,0,0,0,0,5,0,0,0,0,0,0,0,0,0,0,0,0,0,0,0,0,0,0,1,0,0,5,0,0,0,0,0,0,0,1,0,1,0,0,0,0,0,0,1,0,29,2,15,0,0,0,0,0,0,2,0,0,2,0,0,0,0,19,0,10,5,0,10,0,0,1,0,0,0,0,0,2,0,1,0,26,0,0,0,0,0,16,0,0,0,1,0,1,0,0,0,0,0,0,0,0,0,0,0,0,0,0,0,0,0,0,0,0,0,73,5,20,0,1,3,0,2,0,0,0,0,0,0,1,0,6,3,2,1,0,0,0,0,4,0,0,0,0,0,0,1,0,0,0,0,0,0,0,0,0,0,0,0,0,0,0,3,0,0,0,5,0,0,1,1,2,0,0,0,0,0,0,1,0,0,0,0,0,4,0,0,0,0,0,0,0,0,0,0,0,0,0,0,0,0,0,0,0,22,27,9,11,0,0,0,0,0,0,3,0,0,0,16,0,0,0,0,0,0,0,0,0,0,0,0,0,7,1,0,0,0,5,0,0,0,0,0,2,0,0,0,0,0,0,0,0,0,0,0,1,0,0,0,2,0,0,0,0,0,1,18,0,0,0,6,0,0,0
242,0,0,0,0,9,0,0,35,0,0,5,4,1,0,1,0,0,0,0,0,0,0,3,0,1,1,0,0,0,0,0,0,0,0,0,0,7,0,0,0,0,0,0,0,0,0,0,0,0,0,0,0,0,0,0,1,0,0,2,0,0,2,0,0,0,0,0,0,0,0,0,0,0,0,0,0,0,0,0,0,0,0,0,4,0,0,0,0,0,0,0,0,0,1,0,0,0,1,0,0,0,0,3,2,0,4,0,0,0,0,0,9,0,0,0,0,3,0,0,0,1,4,0,0,3,0,0,0,0,16,0,0,1,0,0,0,0,7,0,0,0,0,0,7,0,0,9,0,0,0,0,0,0,0,0,0,0,0,0,0,0,0,0,0,0,1,3,0,1,0,0,0,0,2,0,0,1,0,0,0,0,0,0,0,0,0,0,3,0,0,0,0,1,3,0,0,0,0,0,0,0,0,0,0,0,0,0,0,0,0,0,24,0,0,0,0,0,0,1,0,0,0,0,0,0,0,0,0,0,0,0,0,0,0,0,0,0,0,0,0,12,0,4,0,0,0,0,0,0,2,0,0,8,14,1,0,0,0,0,0,0,0,0,11,1,0,0,0,0,1,8,1,0,1,6,1,0,0,0,0,0,1,0,0,0,0,2,0,0,1,0,0,5,0,0,0,0,0,5,0,3,0,0,0,0,0,40,7,0,0,0,0,0,0,0,0,0,0,22,2,0,0,28,5,0,0,0,1,0,0
243,0,0,0,0,4,0,10,39,0,0,11,5,0,0,0,0,0,0,0,0,0,1,0,0,20,5,0,0,1,0,0,1,0,0,0,0,14,0,1,1,0,1,0,0,0,6,0,0,0,0,0,0,0,1,0,0,13,0,0,0,0,0,0,0,0,0,0,1,0,0,0,0,0,0,0,0,0,0,0,6,0,0,0,5,0,0,0,0,0,0,0,0,0,0,12,0,0,0,1,0,0,0,0,0,1,1,0,0,0,0,0,2,1,0,17,3,33,0,0,4,0,2,8,0,0,0,0,5,0,0,7,0,0,0,0,0,0,6,9,0,0,3,0,0,0,0,0,1,0,0,0,0,0,0,0,0,0,0,0,1,0,3,0,0,0,0,6,0,0,0,4,1,0,1,0,0,0,0,0,0,0,0,0,0,0,0,0,0,0,0,18,0,0,0,0,0,0,2,0,0,0,0,0,0,1,0,0,0,0,0,1,0,0,0,0,2,0,0,37,0,0,0,0,0,1,0,3,2,0,0,0,0,0,3,0,0,0,0,1,0,8,0,0,0,0,0,0,0,0,0,5,1,0,0,1,0,0,0,0,0,8,1,2,0,0,0,0,0,0,0,0,0,0,0,3,0,0,0,0,0,0,0,0,1,0,0,1,0,22,0,0,0,0,0,0,1,0,1,0,2,0,15,8,2,0,2,0,0,0,0,0,1,0,0,0,0,0,0,0,5,0,1,6,2,0,0,0,0,0,0
244,0,0,0,0,0,0,0,64,0,0,2,0,0,0,2,0,0,0,0,0,0,0,0,0,0,0,0,0,0,0,0,0,0,0,0,0,3,0,0,0,0,0,1,0,0,0,9,0,0,0,1,2,0,0,4,0,0,6,0,0,0,0,8,0,1,0,0,0,0,0,0,0,0,0,0,3,0,1,0,0,0,0,0,0,0,0,0,0,1,0,0,4,0,4,0,0,0,1,0,0,0,0,24,0,8,1,0,0,0,4,0,0,1,1,1,0,0,2,2,0,0,0,0,0,0,0,0,0,0,0,0,0,0,0,0,0,0,12,0,0,0,0,0,0,0,0,3,0,0,0,0,0,0,0,1,0,0,0,0,0,0,0,0,0,0,10,2,1,0,0,0,3,0,44,1,0,0,0,0,0,9,0,0,0,0,0,0,0,3,0,3,0,0,0,1,0,0,0,0,0,0,0,0,0,0,0,0,0,0,0,0,0,0,1,0,0,0,0,92,0,1,0,28,0,0,0,3,0,0,0,0,0,0,0,0,0,0,0,0,25,3,0,29,1,0,0,0,16,0,0,0,3,0,0,0,0,0,0,0,1,0,0,0,2,0,0,0,0,32,1,2,0,0,0,0,0,0,0,0,8,0,0,0,0,0,0,1,0,4,0,0,0,0,6,0,0,11,0,0,0,0,0,0,0,0,0,0,0,3,2,2,0,0,0,0,0,0,0,0,0,0,1,3,0,0,0,4,21,0,0
245,0,0,0,0,1,0,0,75,0,2,9,0,0,0,0,0,0,0,0,0,0,2,0,0,0,0,0,0,0,0,0,1,0,0,0,0,2,3,0,1,0,0,0,0,0,0,8,2,0,0,0,0,0,0,0,0,0,4,0,0,1,0,0,0,0,0,0,0,0,0,0,0,1,2,0,0,0,1,0,2,0,0,0,0,0,0,0,0,0,0,0,0,0,31,0,0,0,0,0,0,1,0,92,0,13,0,0,0,0,0,0,0,2,0,6,0,0,0,0,0,0,0,0,7,0,0,0,0,0,1,0,0,1,0,0,0,0,3,0,4,0,0,23,0,0,0,0,1,0,9,0,0,0,0,0,0,7,0,0,0,0,4,1,0,0,18,0,0,0,0,0,0,0,47,0,0,1,0,2,0,0,0,0,0,0,0,0,0,0,0,0,0,0,0,0,0,0,0,1,1,6,0,0,0,0,0,0,0,30,0,1,0,1,1,0,0,0,0,49,8,0,0,0,2,0,0,0,0,0,0,0,0,0,0,0,0,0,0,0,6,3,0,11,0,0,0,0,0,0,4,0,2,0,0,0,0,0,0,0,0,0,0,0,9,0,0,4,1,17,0,1,0,0,0,0,0,0,0,0,0,0,0,0,0,0,0,0,0,7,0,0,0,0,0,0,0,0,0,1,0,0,1,0,0,0,0,28,0,4,0,0,0,2,0,0,1,0,0,1,0,0,1,4,0,0,0,0,2,0,0
246,0,0,0,5,1,0,0,22,0,0,12,3,0,0,0,0,2,4,0,3,1,0,0,0,39,5,13,0,0,0,0,1,0,0,0,0,10,1,0,0,0,0,0,0,0,0,1,0,0,0,0,3,0,1,0,0,0,2,0,0,3,6,0,0,2,0,0,0,0,5,0,0,0,2,0,0,2,2,0,0,0,0,0,0,0,0,5,0,0,0,1,3,0,1,0,3,0,5,0,81,0,0,1,0,4,0,0,0,0,0,0,5,0,0,0,0,0,0,0,2,0,0,0,0,0,0,0,0,0,0,0,0,0,0,0,14,0,6,0,0,0,0,5,0,0,0,16,0,0,14,0,0,0,0,0,0,0,0,0,0,0,6,29,0,0,6,0,0,0,0,0,4,0,0,0,0,0,0,0,0,0,0,0,0,0,0,0,0,6,0,4,0,0,0,0,0,0,0,0,0,0,0,2,0,1,0,0,0,0,0,0,0,0,5,0,0,0,0,18,16,0,0,0,0,0,0,3,5,0,0,0,0,0,0,0,0,5,1,0,1,1,0,2,1,0,0,0,0,0,0,0,2,2,0,0,0,0,0,0,0,0,1,1,14,7,0,0,0,0,1,9,0,0,0,0,0,0,0,0,0,0,1,0,0,2,0,1,0,4,0,0,0,0,0,2,0,0,0,0,0,0,0,6,0,0,0,65,0,0,0,0,0,1,0,0,0,0,0,0,0,0,0,3,0,0,0,0,1,0,0
247,0,0,0,0,0,0,0,37,0,0,18,1,0,3,0,0,0,0,0,2,1,0,0,0,0,0,1,0,0,0,0,0,0,0,0,11,5,0,0,0,0,0,0,0,0,7,0,0,0,0,0,0,0,0,0,0,0,4,0,0,1,3,0,0,0,2,0,0,0,5,0,0,29,0,0,0,0,0,0,8,0,0,6,0,0,0,0,0,0,0,0,16,0,0,0,0,1,0,0,0,1,0,0,0,0,2,0,0,0,0,49,4,4,0,0,0,0,2,0,0,0,0,2,0,0,0,0,0,0,5,0,0,0,0,0,0,0,2,0,3,0,1,0,0,4,0,34,0,0,0,8,0,0,0,0,0,0,0,0,0,0,0,17,0,0,17,0,0,0,0,0,2,0,0,0,0,1,0,0,2,0,2,0,0,0,0,0,0,10,0,0,0,4,0,6,0,0,0,0,0,3,0,0,0,0,0,0,0,13,2,0,1,0,10,0,0,0,0,23,0,0,2,0,0,0,0,2,0,0,0,1,0,0,0,0,0,7,0,0,0,11,0,1,0,0,0,2,0,0,0,0,2,0,0,0,0,0,0,0,0,0,0,0,6,12,0,0,0,0,0,13,0,0,0,0,0,0,1,2,0,0,0,0,0,1,0,0,0,2,0,0,0,0,0,0,0,2,0,9,0,0,0,7,0,0,0,30,0,0,0,0,0,3,6,0,0,0,1,0,0,1,1,4,1,0,0,0,0,0,0
248,0,0,0,0,9,11,0,98,0,0,6,2,0,0,0,0,1,1,0,0,0,0,0,0,6,0,0,0,0,0,0,1,0,0,0,0,0,0,0,0,0,0,0,0,0,0,0,0,0,0,0,0,0,0,0,0,0,0,0,1,1,0,0,0,0,0,0,0,0,4,0,24,0,0,0,5,0,9,0,0,0,0,0,0,0,0,0,0,5,0,1,3,0,2,0,0,0,0,0,0,0,0,11,2,6,2,0,0,0,0,0,5,0,0,0,0,0,1,0,0,0,1,0,2,1,0,0,0,0,0,0,0,0,0,0,0,0,0,0,0,0,0,0,3,0,0,0,1,0,0,0,0,0,0,0,0,0,2,0,0,0,9,10,0,0,0,0,0,0,0,0,31,6,10,0,0,2,0,0,0,0,1,0,0,0,1,0,0,0,0,0,0,0,0,0,0,0,0,0,1,0,1,2,0,0,0,0,0,0,0,0,0,0,2,0,0,0,0,0,2,0,0,0,0,0,0,0,0,0,0,0,0,0,0,0,0,4,0,0,8,8,0,0,5,0,0,0,0,0,0,0,2,1,0,0,0,0,0,0,0,3,0,5,30,1,0,0,0,1,1,8,0,0,0,0,0,0,0,0,0,0,0,0,0,1,0,5,0,1,0,0,0,10,9,0,0,1,0,5,0,0,0,1,0,0,0,20,1,0,0,0,1,1,0,0,0,0,0,29,0,0,1,4,0,0,1,0,1,0,0
249,0,0,0,6,4,0,0,69,0,2,2,0,0,0,0,0,0,0,0,0,0,0,1,0,3,0,0,0,0,1,0,0,1,0,0,0,2,0,2,2,0,0,0,0,0,0,0,4,0,0,0,0,0,2,0,0,0,0,0,0,0,3,0,0,0,0,0,0,0,0,0,0,0,0,0,3,0,0,0,7,1,0,0,0,0,0,0,0,2,0,2,0,0,0,0,0,0,0,0,0,0,0,0,1,0,4,0,0,0,0,0,5,0,0,1,3,7,0,0,0,0,7,0,0,0,0,0,0,0,11,25,0,0,0,0,0,0,4,0,0,0,0,1,0,0,0,3,0,0,0,1,0,0,1,0,0,0,0,0,0,0,2,0,1,0,1,3,0,0,0,0,35,0,3,0,0,0,0,0,0,0,0,0,2,0,0,0,0,0,0,0,0,0,0,0,0,0,0,1,0,0,0,0,0,0,0,3,0,0,0,0,23,0,1,0,0,0,0,0,0,0,0,0,0,0,0,1,1,0,0,0,0,0,0,0,0,0,0,3,0,4,3,1,0,0,1,0,0,0,0,0,2,10,0,1,0,0,0,0,0,0,0,0,27,1,0,0,0,0,0,15,0,0,0,0,0,0,0,0,0,0,0,0,0,0,0,0,0,2,1,0,0,0,1,0,0,0,0,0,0,0,0,1,0,0,0,4,12,0,0,0,0,1,0,0,0,0,0,6,0,0,0,4,5,0,0,0,0,0,0
250,0,1,0,0,17,0,1,94,0,1,13,0,2,0,0,2,1,1,0,0,0,0,1,0,0,1,0,0,3,0,0,2,0,0,0,0,0,0,4,1,0,0,0,0,0,0,0,0,0,0,0,0,0,5,0,0,0,0,14,1,0,0,0,0,0,0,0,0,0,0,0,0,0,0,0,0,0,0,0,0,0,2,0,10,0,0,0,0,0,0,2,0,0,2,0,0,0,0,0,0,0,0,12,0,1,0,0,0,0,0,0,21,0,0,2,1,0,0,0,9,1,24,4,1,0,4,0,1,0,0,0,0,0,0,0,0,0,21,0,0,0,0,0,0,0,0,0,1,0,0,0,0,0,0,0,0,2,0,0,0,0,0,1,0,0,0,0,0,0,0,1,32,0,13,0,1,2,2,0,0,0,0,0,0,0,0,0,0,0,1,0,0,0,16,0,0,0,1,0,0,0,0,0,0,0,0,0,0,0,0,0,0,0,0,0,0,0,0,2,0,0,0,0,0,0,0,0,0,0,0,0,0,0,0,0,0,0,2,0,0,6,5,6,0,0,0,0,0,0,0,0,0,0,0,0,0,0,0,0,5,16,18,7,0,0,0,0,0,1,0,0,0,0,0,10,0,0,0,0,0,0,0,0,0,0,0,4,0,1,0,0,3,1,8,0,0,0,0,0,4,0,0,0,0,0,0,0,0,0,0,0,1,1,0,0,0,0,0,0,0,0,0,16,0,0,0,5,0,0,0
251,0,0,0,0,1,0,0,3,0,5,16,0,0,0,0,0,4,0,0,0,0,0,0,9,15,0,0,0,0,4,0,1,0,0,0,0,15,0,0,0,0,0,0,0,0,0,0,0,0,0,0,0,0,0,0,0,0,10,4,0,1,3,0,0,0,0,0,0,0,0,0,0,0,0,0,0,0,2,0,0,0,0,0,15,0,0,0,0,0,0,0,0,0,1,0,0,0,0,0,0,2,0,0,4,3,1,0,0,3,0,0,1,4,0,0,0,17,0,0,0,0,0,0,0,0,0,0,0,0,4,0,0,1,0,0,0,0,2,4,0,0,0,0,0,0,2,0,0,0,0,0,0,0,0,0,0,0,0,0,0,0,2,0,0,0,6,2,0,0,0,0,2,0,0,0,0,0,0,0,0,0,0,0,0,0,0,0,0,0,0,0,0,0,2,0,0,0,0,1,0,0,0,0,0,3,0,0,0,0,0,0,5,0,4,0,1,0,0,9,0,0,0,0,0,0,0,2,0,0,0,1,0,0,0,0,0,0,0,0,0,4,0,4,0,0,0,0,15,0,0,0,4,0,0,0,0,0,0,0,0,0,0,0,16,0,0,0,0,0,0,9,12,0,0,0,0,0,0,0,0,0,0,0,0,0,0,0,0,17,0,0,0,0,0,0,0,0,0,0,0,0,0,12,0,0,0,37,0,0,0,0,0,0,0,0,2,0,0,21,0,0,0,2,2,0,0,0,0,0,10
252,0,0,1,0,1,0,41,21,0,0,9,0,6,0,0,3,0,0,0,0,1,0,1,0,0,0,0,0,0,0,1,0,0,0,0,0,0,0,0,0,0,0,0,0,0,0,3,0,0,0,0,0,1,2,0,0,0,12,0,0,0,0,0,0,0,2,0,0,0,0,0,0,0,0,0,0,1,0,0,0,1,0,0,0,0,0,2,1,0,0,0,0,0,5,0,9,0,0,0,0,1,0,54,0,0,1,0,0,0,0,2,0,5,0,0,0,0,0,0,0,0,0,0,0,0,1,0,0,0,0,0,0,0,0,0,0,0,0,0,5,0,0,7,2,0,0,1,0,0,0,3,9,0,0,0,0,0,0,0,0,0,2,0,0,1,18,0,0,0,0,0,2,0,0,0,0,1,0,1,0,0,0,0,0,0,0,1,0,2,0,0,0,20,0,1,0,0,0,0,0,0,0,0,0,0,0,0,0,0,0,0,0,0,0,0,0,0,0,24,0,0,3,15,0,0,0,0,0,0,1,0,0,0,0,6,0,0,6,1,0,4,1,1,0,0,0,0,0,0,0,0,7,0,0,0,0,0,0,0,1,0,17,0,4,1,0,5,0,0,1,1,0,0,0,0,0,0,0,0,0,0,0,0,0,5,15,1,0,2,0,2,0,0,6,0,1,7,0,1,1,0,0,0,0,0,0,86,0,0,0,0,3,2,0,0,1,0,0,0,0,0,0,1,47,1,0,2,5,18,0
253,0,1,0,0,4,0,5,22,0,0,8,0,0,0,0,0,2,0,0,0,0,0,0,0,0,7,13,0,0,0,0,3,0,0,0,0,0,0,0,0,0,0,0,0,0,4,0,0,0,2,0,0,4,1,0,0,4,0,0,0,0,1,0,0,0,0,0,2,0,0,0,0,0,0,0,0,0,0,0,5,0,0,0,0,0,0,0,1,0,0,2,0,0,0,0,0,0,0,3,0,1,0,1,0,1,0,0,0,0,0,0,2,0,0,7,0,0,2,0,8,0,2,6,3,0,0,0,67,0,0,0,0,0,0,0,0,0,32,0,3,4,1,0,0,0,0,19,1,0,11,0,1,0,0,0,0,0,0,0,0,0,0,8,0,0,3,0,0,1,1,7,3,0,1,0,4,0,0,0,0,0,0,0,0,0,0,15,0,0,0,0,0,1,0,7,0,0,0,0,0,0,0,0,0,0,0,0,0,0,0,0,15,0,2,0,0,0,0,3,13,1,0,3,0,0,6,3,16,0,1,0,0,0,0,0,0,4,4,0,0,6,0,5,0,0,0,0,0,0,2,0,0,0,0,0,0,0,0,0,0,1,6,1,0,5,0,0,0,0,0,3,0,0,0,0,0,1,1,0,0,1,0,0,0,0,0,2,0,48,0,0,0,6,0,0,0,2,0,6,0,0,0,0,0,0,0,0,0,0,0,0,5,0,0,0,0,0,0,0,0,0,0,7,0,0,0,0,0,0,0
254,0,0,0,6,3,15,1,75,0,0,8,0,0,0,0,0,0,0,0,0,0,4,2,0,2,1,2,0,0,0,0,5,0,0,0,0,20,0,3,0,0,0,0,0,0,0,0,0,0,0,0,0,0,0,1,0,1,0,0,1,0,2,0,0,0,0,0,1,1,2,0,0,0,0,1,0,0,0,0,0,0,0,0,0,0,0,0,0,0,0,5,0,0,1,0,0,0,0,0,0,0,0,7,0,5,1,0,0,0,0,1,3,0,0,1,0,0,0,0,18,2,2,8,1,0,0,0,2,0,7,0,0,0,2,0,0,0,5,0,0,0,1,0,0,0,0,0,0,0,0,0,0,0,0,0,0,4,0,0,1,0,0,1,0,0,0,0,0,0,0,0,40,11,3,0,0,2,1,0,2,1,0,6,4,1,0,0,0,0,1,0,0,0,0,0,0,0,0,0,0,0,1,2,0,0,0,0,0,0,0,1,11,0,1,0,0,0,0,3,0,0,0,10,0,0,0,0,0,0,0,0,0,1,0,0,0,5,0,0,0,7,0,0,0,0,0,0,0,0,0,0,0,0,2,0,0,0,0,0,0,3,30,27,0,0,1,0,0,0,0,1,0,1,0,8,0,0,0,0,0,0,0,0,0,1,0,0,0,0,0,0,0,0,4,0,0,0,0,0,3,0,0,1,0,1,1,0,0,0,0,0,0,0,0,0,0,0,0,0,0,0,0,21,0,0,0,12,0,0,0
255,0,0,0,0,2,0,7,21,0,0,8,0,0,0,0,0,0,0,0,0,0,1,0,0,17,0,0,0,0,0,0,0,3,0,0,0,3,0,0,2,0,0,0,0,0,1,0,0,0,0,0,0,5,3,0,0,0,2,6,0,1,4,0,0,0,0,0,0,0,0,0,0,0,0,0,0,0,2,0,0,0,0,0,0,0,0,0,0,0,0,0,44,0,25,0,0,0,7,0,0,0,0,36,0,9,2,0,0,0,0,0,0,1,0,0,0,0,4,0,0,0,0,0,13,0,2,0,0,0,0,0,0,0,0,0,0,1,3,0,0,0,0,0,2,0,1,0,1,0,0,0,13,0,0,0,0,0,0,0,0,0,2,0,0,0,9,2,2,0,0,0,0,0,74,0,0,0,0,0,0,0,0,0,0,0,0,0,0,0,0,0,1,5,0,0,0,0,0,3,0,0,0,0,3,0,0,0,13,0,0,0,0,0,2,1,0,0,0,7,0,1,0,0,0,0,0,1,0,0,0,0,0,0,2,0,0,0,0,0,12,8,0,0,0,0,0,0,0,0,8,0,6,0,0,2,0,0,0,0,0,0,0,0,10,0,0,0,0,0,0,2,0,0,0,0,0,0,14,0,0,0,2,0,0,0,0,1,0,5,0,2,0,0,14,0,0,9,0,0,1,0,0,0,0,0,0,77,2,0,0,0,0,0,0,0,1,2,0,5,7,0,1,10,39,0,0,0,0,0,0
256,11,0,0,0,15,0,0,65,0,0,1,4,1,2,3,0,0,0,0,0,0,0,9,4,2,0,0,0,0,0,0,2,0,0,0,0,5,0,0,0,0,0,0,0,1,0,0,0,0,0,0,0,0,0,0,0,0,1,0,0,0,0,0,0,0,0,0,0,0,0,0,0,0,0,0,5,0,0,0,8,0,0,0,0,0,0,5,0,1,0,0,0,0,0,0,0,0,0,0,0,0,0,11,0,1,1,0,0,0,0,0,5,1,0,0,2,0,0,0,1,0,0,3,0,0,0,0,0,0,16,0,0,0,1,0,1,0,8,0,0,0,1,0,0,0,0,0,0,0,0,0,0,0,0,0,0,0,0,0,0,0,0,0,0,0,0,1,0,0,0,0,29,0,2,0,0,3,0,0,0,0,1,0,0,0,0,0,0,0,0,0,0,2,4,0,0,0,0,0,0,0,0,0,0,0,0,0,0,18,0,0,24,0,7,0,0,0,3,2,0,2,0,0,1,0,0,0,0,0,0,0,0,0,0,0,0,7,2,17,0,14,0,2,0,0,0,0,0,0,0,0,1,0,0,0,0,0,5,0,0,7,5,0,41,2,0,0,0,0,1,0,0,0,0,0,0,0,0,0,1,0,0,0,0,0,0,2,0,0,0,0,0,0,0,0,0,0,0,12,0,0,0,0,0,0,0,15,4,0,0,0,0,3,12,0,15,1,0,21,0,0,0,37,2,0,0,2,1,0,0
257,0,0,0,0,2,4,0,40,0,0,28,2,0,0,0,0,0,0,0,0,0,0,0,0,0,3,0,0,0,0,0,3,0,0,0,0,4,0,0,0,0,0,0,0,0,0,0,0,0,0,0,0,0,1,0,0,5,0,1,0,0,0,0,0,0,0,0,2,0,0,0,2,11,0,0,0,0,0,0,9,0,0,0,4,0,0,0,0,0,0,0,0,0,0,0,0,0,0,2,0,0,0,1,0,1,0,0,0,0,1,0,2,0,0,6,4,0,0,0,1,0,1,3,0,0,0,0,20,3,4,0,0,0,0,0,11,0,3,0,0,0,7,0,0,0,1,0,1,0,0,3,0,0,0,0,0,1,0,0,0,0,0,0,0,0,0,0,1,0,1,14,2,0,0,0,0,0,1,0,0,0,0,0,1,0,0,0,0,2,0,2,0,1,0,0,0,0,0,0,0,0,0,0,0,0,0,0,0,0,0,0,0,0,0,0,0,0,0,15,0,0,0,0,0,0,5,2,2,0,0,0,4,0,0,0,1,1,1,0,0,10,1,10,0,0,0,0,0,0,2,0,0,0,0,0,1,0,0,0,0,5,2,1,0,6,0,0,0,36,0,6,0,0,0,0,0,0,0,0,0,0,0,0,0,0,0,1,0,10,0,0,0,0,0,0,0,3,0,8,2,0,0,0,0,0,0,64,0,0,0,0,3,0,2,0,0,0,0,0,0,0,1,2,2,0,0,0,1,0,0
258,0,0,0,0,7,0,0,128,0,0,14,0,0,0,0,0,0,1,0,0,0,3,0,0,0,0,3,0,2,0,0,6,0,0,0,0,0,0,7,0,0,0,0,0,0,3,0,0,0,1,0,0,0,0,0,0,0,0,0,2,0,3,1,0,0,0,0,1,0,0,0,0,0,0,0,0,0,0,0,0,0,0,0,0,0,0,0,0,0,0,6,0,0,2,0,0,0,0,0,2,0,0,13,0,4,0,0,0,0,0,0,33,1,0,0,6,0,0,0,2,0,8,9,0,0,4,0,1,0,3,0,0,0,0,0,1,0,17,1,0,0,5,0,0,0,0,0,0,0,0,0,1,0,0,0,0,0,0,0,0,0,0,2,0,0,1,0,0,0,0,0,17,3,12,0,0,2,0,0,0,1,0,1,0,0,0,6,4,0,0,5,0,0,0,0,5,0,0,0,0,0,0,0,0,0,0,0,0,0,0,0,19,0,3,0,0,0,2,3,0,0,0,0,0,0,3,2,1,0,0,0,0,1,0,1,0,0,3,0,11,9,0,1,6,0,0,0,0,0,7,0,0,0,9,3,0,0,0,0,0,9,18,15,0,1,0,0,0,0,0,0,0,0,0,11,0,0,0,0,0,0,0,0,0,0,0,27,0,5,0,0,0,0,0,0,0,0,0,0,0,3,0,0,0,1,0,17,0,0,0,0,1,3,0,0,0,0,0,0,1,0,1,2,0,0,1,5,0,0,0
259,0,0,1,0,7,7,0,76,0,0,10,0,1,3,0,0,0,0,13,0,0,0,0,0,0,0,4,0,0,2,0,0,0,0,0,0,0,0,4,0,0,0,0,0,0,0,0,0,3,0,1,2,0,1,2,0,0,7,0,0,0,1,0,0,0,1,0,0,0,4,0,0,6,0,0,0,2,2,0,0,0,0,0,0,0,0,3,0,0,0,1,0,0,0,10,0,0,0,1,0,1,1,1,0,1,0,0,0,0,0,21,4,1,0,0,0,0,0,0,0,0,0,1,0,0,0,0,2,0,8,0,0,0,0,0,0,2,10,7,0,0,4,0,0,0,0,14,0,0,0,6,0,0,0,0,0,0,0,0,0,0,1,28,0,0,15,0,0,0,0,0,1,0,0,0,1,1,0,2,0,0,0,0,0,0,0,32,0,0,0,20,0,2,0,5,0,0,5,0,0,2,0,0,0,0,0,0,0,0,0,0,0,0,2,0,0,0,0,13,13,1,2,0,0,0,0,1,0,0,0,0,0,0,0,0,2,11,0,0,0,8,2,4,0,0,0,0,0,0,0,0,2,4,0,2,0,0,0,0,0,0,2,0,22,4,0,0,0,6,1,4,12,0,0,5,0,0,0,0,0,0,0,0,0,2,0,0,0,4,2,0,0,0,0,7,0,0,0,1,0,0,0,0,0,0,0,66,0,0,0,0,0,2,3,2,0,0,0,28,5,0,0,8,0,0,0,0,0,0,0
260,0,0,0,0,2,0,0,100,0,0,4,0,2,0,0,0,0,0,0,1,0,0,0,0,0,1,0,0,0,0,0,0,3,0,1,1,3,0,0,5,0,0,0,0,0,0,3,0,0,0,0,3,0,0,4,0,2,8,2,0,0,0,7,0,0,2,0,0,0,1,0,9,0,1,0,0,0,0,0,1,0,0,0,0,0,5,1,0,0,0,0,4,2,14,0,16,0,0,0,0,2,0,4,0,8,1,0,0,0,0,1,0,2,0,0,0,0,0,0,0,0,0,7,7,0,0,0,0,0,0,0,0,0,0,0,0,0,10,26,3,0,1,0,0,0,0,0,2,0,0,0,4,0,0,0,0,0,0,0,0,0,2,0,0,0,9,0,0,0,1,0,2,1,16,0,0,1,14,0,0,0,0,0,0,0,0,0,0,0,0,0,0,12,0,0,0,0,0,0,1,0,0,4,0,0,0,0,0,0,0,1,0,0,1,0,0,0,0,60,4,0,0,0,0,0,0,0,0,0,0,0,0,0,0,4,0,3,0,0,0,6,0,13,1,0,0,0,0,0,0,0,4,0,5,0,0,0,0,0,0,0,9,1,6,0,0,0,0,0,1,1,0,0,1,0,0,0,0,0,0,0,8,0,0,9,0,0,0,0,0,4,0,0,0,0,0,0,0,0,0,0,0,0,0,0,0,35,1,0,0,0,0,0,2,0,0,0,0,0,2,0,3,3,28,0,0,0,8,0,0
261,0,0,0,0,25,27,6,82,0,1,22,0,0,0,0,0,0,0,0,0,1,0,0,0,5,1,1,0,0,0,0,8,0,0,0,0,7,0,0,2,0,0,0,0,0,1,0,0,0,0,0,0,1,0,0,3,1,0,0,0,0,3,0,0,0,0,0,0,0,0,0,0,0,0,0,10,0,1,0,2,1,0,0,0,0,0,0,0,0,0,7,0,0,1,0,1,0,0,0,0,1,0,14,0,0,0,0,1,0,0,1,19,0,2,1,0,0,0,0,16,0,3,8,0,0,0,0,1,0,0,0,0,0,0,0,0,1,14,0,0,0,3,0,0,0,0,0,0,0,0,0,0,0,0,0,0,0,3,0,0,0,0,5,0,0,0,0,0,1,0,0,30,14,6,0,0,1,0,0,0,0,0,0,0,0,0,0,0,0,0,0,0,3,5,0,0,0,0,4,1,0,0,0,0,0,0,0,0,0,0,1,0,0,0,0,0,0,0,6,0,0,0,0,0,0,2,0,0,0,0,0,0,0,0,0,0,0,3,0,0,5,0,1,0,0,0,0,3,0,0,7,0,15,0,4,0,0,0,0,0,39,18,7,0,0,0,0,0,1,0,5,7,0,0,0,0,0,1,0,0,0,0,0,0,0,0,0,0,3,0,0,4,11,6,0,0,0,0,0,0,0,0,0,0,0,0,0,0,0,0,0,0,0,0,0,0,0,0,0,0,12,0,15,0,0,0,8,1,0,0
262,0,0,0,0,1,0,0,47,0,0,17,2,0,0,0,0,0,0,7,0,0,0,0,0,0,1,11,0,0,4,0,1,0,0,0,0,0,0,0,0,0,1,0,0,0,0,0,2,10,0,0,0,0,0,0,0,0,4,4,0,2,0,0,0,0,1,0,0,0,0,0,0,10,0,0,0,0,0,0,0,0,0,4,0,0,0,2,0,33,0,1,7,0,0,0,0,1,0,0,0,1,0,1,0,0,0,0,0,0,2,12,2,3,0,0,0,0,0,0,0,0,0,1,0,0,0,0,0,0,7,12,0,0,0,0,14,0,1,0,4,3,0,0,0,0,0,0,0,0,0,4,0,0,0,0,0,0,0,0,0,0,1,0,0,0,53,4,0,0,0,4,1,0,0,0,0,1,0,0,1,0,0,0,0,0,1,0,0,0,0,0,0,1,0,0,0,0,0,0,0,0,0,0,0,0,0,0,0,0,0,0,0,0,3,0,0,0,0,17,43,0,1,0,0,0,0,1,0,0,0,0,0,0,0,0,0,11,0,0,0,13,0,0,0,0,0,0,10,0,1,0,7,0,0,4,0,0,0,0,0,0,1,1,2,7,0,0,0,0,0,4,0,0,0,0,0,0,1,0,0,0,0,0,0,1,0,0,1,0,0,0,0,0,0,0,0,0,0,0,0,0,0,13,0,0,0,51,1,0,0,0,0,6,6,0,0,0,0,26,0,0,2,23,0,0,0,0,0,0,2
263,0,1,0,0,0,0,7,41,0,0,39,0,4,0,0,0,0,0,0,0,1,3,0,0,29,0,14,0,0,0,0,3,0,0,0,0,13,0,0,3,0,0,0,0,0,1,0,0,0,0,0,0,0,1,0,0,6,6,4,2,0,2,0,0,0,0,0,1,0,0,0,0,0,2,0,0,0,0,4,1,1,0,0,0,0,0,0,0,0,0,0,0,0,26,0,0,0,1,4,0,0,0,12,0,9,0,0,0,0,2,0,1,0,0,7,0,0,0,0,1,0,1,5,0,0,0,0,2,0,0,0,0,0,0,0,0,0,6,0,0,0,0,0,0,0,0,0,3,0,8,1,0,0,0,0,0,0,1,0,0,0,0,1,3,0,0,0,0,0,0,7,4,0,60,0,0,1,0,1,0,20,0,0,1,0,0,0,1,0,0,0,3,10,0,3,0,0,0,0,2,0,0,0,0,0,0,0,0,0,7,2,0,0,0,0,0,0,0,66,0,0,0,0,0,0,1,0,0,0,0,0,0,0,0,4,0,0,0,0,0,3,0,0,0,0,0,21,12,2,7,1,1,0,0,0,0,0,0,0,1,14,31,4,0,0,0,0,0,32,1,0,0,0,0,0,0,0,13,0,0,0,4,0,0,0,0,1,0,11,0,3,0,0,7,0,1,15,0,0,0,0,0,0,0,0,0,6,0,0,0,0,2,0,0,0,0,1,0,0,0,0,2,2,0,0,4,2,2,0,0
264,0,1,1,0,4,0,0,54,0,0,9,0,0,0,0,0,0,0,0,0,1,0,0,0,18,8,0,0,0,0,0,1,0,0,0,0,0,0,1,0,0,0,0,0,0,0,0,9,0,0,0,0,0,0,0,0,0,0,2,0,0,0,0,0,0,1,0,0,0,0,0,0,0,0,0,0,0,0,0,0,0,0,0,0,0,0,0,0,9,0,0,0,0,1,0,0,0,0,0,37,0,0,1,0,0,1,1,0,0,0,38,5,1,0,0,0,0,0,0,0,0,0,1,5,0,0,0,0,0,6,0,6,0,0,0,46,0,6,0,0,0,2,0,0,0,0,31,0,0,0,8,0,0,0,0,0,0,0,0,1,0,0,0,0,0,8,0,0,0,0,4,3,0,0,0,0,1,3,0,0,0,2,0,0,0,0,0,1,0,0,0,0,1,0,0,0,0,1,0,0,0,0,0,0,0,0,0,0,0,0,0,0,0,0,0,0,0,0,11,0,0,0,0,0,0,0,5,0,0,0,0,0,0,0,0,0,1,0,0,0,3,2,21,1,0,0,1,0,0,0,0,0,0,0,1,0,0,0,0,0,0,4,3,8,6,0,0,0,0,1,5,16,0,0,0,0,0,0,0,0,0,0,0,0,0,0,2,0,4,0,0,0,0,0,0,0,4,0,14,0,0,0,0,7,0,0,18,0,0,0,0,0,0,16,0,0,0,0,0,0,0,0,12,5,0,0,0,1,0,0
265,0,0,1,0,1,3,0,31,0,5,15,0,0,0,0,0,0,0,0,0,0,1,0,0,0,3,8,0,0,0,0,1,0,0,0,0,32,2,0,1,0,1,0,0,0,8,0,0,0,1,0,0,0,1,0,0,6,0,3,0,0,0,0,0,0,0,0,2,1,5,0,0,0,0,0,0,0,1,0,0,0,0,0,0,0,0,0,0,0,0,1,0,0,1,0,0,0,0,3,0,1,0,1,0,1,0,0,0,0,0,0,2,0,0,24,0,0,0,0,10,9,0,1,0,0,0,0,5,5,4,6,0,0,0,0,0,0,0,0,0,3,4,0,0,1,0,0,1,1,0,0,0,0,0,0,0,0,0,0,0,0,0,17,0,0,0,0,0,0,0,1,3,1,2,0,0,0,0,0,0,1,0,0,0,0,0,0,0,0,0,0,0,0,1,0,0,0,0,0,2,0,0,0,0,3,0,0,0,0,3,0,0,0,2,0,1,0,0,6,0,0,2,3,0,1,3,1,4,0,0,0,0,0,1,0,0,0,1,0,0,4,0,0,1,0,0,2,16,0,0,0,0,0,0,2,0,0,0,0,0,4,3,1,2,0,0,0,0,62,0,8,0,0,0,0,1,0,0,0,1,0,1,0,2,0,0,1,0,13,8,0,0,0,0,0,0,2,0,10,3,0,0,9,0,0,1,0,0,3,0,0,3,3,0,0,0,0,0,0,0,0,1,1,0,0,0,1,0,0,0
266,0,0,0,16,0,30,1,41,0,0,9,1,0,0,0,0,0,0,0,0,0,0,2,0,0,1,1,0,0,0,0,0,0,0,0,0,0,0,0,0,0,0,0,0,0,0,0,25,0,0,0,0,0,0,0,0,0,1,0,0,0,1,0,0,0,0,0,0,1,0,0,0,0,0,0,0,0,0,0,0,0,0,0,0,0,0,13,1,0,0,3,0,1,1,13,0,0,0,0,0,0,0,12,0,10,6,0,0,0,0,2,8,1,0,0,0,0,0,1,0,0,1,1,3,0,0,0,0,0,6,0,0,0,0,0,0,0,10,0,0,0,2,0,0,0,0,6,0,0,0,1,0,0,0,0,0,0,0,0,1,0,5,0,0,0,0,0,0,0,0,0,10,4,0,0,0,3,0,3,4,0,0,0,0,1,0,3,0,0,0,0,0,0,0,0,0,0,0,0,0,0,0,0,0,0,0,0,0,11,0,0,0,0,1,0,0,0,2,2,0,0,2,0,1,0,0,0,0,0,0,0,0,0,0,0,0,3,0,14,0,5,0,0,0,0,0,10,0,3,0,0,1,0,3,0,0,1,0,0,0,3,5,10,23,0,0,0,0,0,0,2,0,0,0,0,0,1,0,0,0,0,0,0,0,0,0,20,0,0,0,0,3,8,3,0,0,1,0,20,1,0,0,0,0,0,0,2,5,0,0,0,0,0,2,0,0,0,0,0,2,0,0,57,0,0,0,3,0,0,0
267,0,0,0,0,1,0,0,84,0,0,6,0,0,0,0,0,0,0,0,0,1,0,1,0,27,0,4,0,0,0,0,1,1,0,0,0,2,0,0,1,0,0,0,0,1,0,9,0,0,0,0,0,0,4,0,0,1,4,0,0,1,0,0,0,0,0,0,0,0,0,0,0,0,0,0,0,0,1,0,0,0,0,0,0,0,0,0,0,0,0,0,13,0,24,0,0,0,0,1,0,0,0,12,1,19,3,0,0,0,0,0,0,0,0,0,0,0,0,0,0,0,0,2,1,0,0,0,0,0,0,7,0,0,0,0,0,1,1,0,0,1,0,0,0,0,0,0,1,0,0,0,0,0,0,2,0,0,0,2,0,0,8,0,0,0,21,0,0,0,0,0,0,0,27,0,0,0,0,1,0,0,0,0,0,0,0,0,0,0,0,0,0,0,0,0,0,0,0,0,0,0,0,4,0,0,0,0,0,0,0,0,0,0,0,1,1,0,0,47,0,0,0,0,0,1,0,2,0,0,2,0,0,0,0,1,0,0,6,0,43,6,0,0,0,0,0,0,10,5,0,0,6,0,0,0,0,0,0,0,0,0,19,0,2,0,0,0,0,0,2,1,0,0,0,2,0,0,0,0,0,0,2,0,2,0,0,0,0,8,0,0,0,0,8,0,0,0,0,0,2,0,0,0,3,0,0,75,0,0,0,0,0,0,0,0,1,0,0,0,9,0,0,3,0,0,0,0,5,0,0
268,0,0,0,0,1,0,0,62,0,0,26,0,0,0,0,0,0,0,0,0,0,0,0,0,0,0,0,0,0,0,1,0,0,0,0,0,2,4,1,0,0,0,0,0,0,0,0,0,7,0,0,0,0,0,0,0,0,10,0,0,0,0,0,0,0,0,0,0,0,0,0,0,2,1,0,0,0,0,0,0,0,0,0,0,1,0,3,0,0,0,0,3,0,0,6,0,0,1,0,0,0,0,65,3,4,1,1,0,0,0,0,0,4,0,0,0,0,0,0,0,0,0,8,0,0,0,0,1,0,1,0,0,0,0,0,0,0,8,0,3,0,1,0,0,0,1,2,1,0,0,1,0,0,0,2,0,0,0,0,0,0,0,0,0,1,79,0,0,0,0,0,2,0,24,0,0,0,0,0,0,0,0,0,0,0,0,0,0,0,0,0,0,0,0,0,0,0,0,0,0,16,0,0,0,0,0,0,0,8,7,1,0,0,2,0,0,0,0,50,5,0,18,0,0,0,0,0,0,0,0,1,0,0,0,8,0,0,0,0,0,2,0,1,0,0,0,0,0,0,0,0,0,1,0,0,0,0,0,0,1,0,0,0,5,0,0,0,0,0,0,0,0,0,1,0,0,0,0,0,2,0,0,0,0,4,0,0,0,0,0,0,0,0,0,1,0,0,0,0,1,0,0,0,0,0,0,27,1,0,0,2,0,0,0,0,0,0,0,0,0,0,3,5,0,0,0,3,0,0,0
269,5,0,0,0,3,0,4,36,0,3,12,0,0,2,5,0,0,0,1,1,0,0,0,0,0,0,0,0,0,1,0,0,0,0,0,0,9,0,0,1,0,0,0,0,0,1,0,0,8,0,0,0,1,0,0,0,0,0,0,0,0,0,0,0,0,0,0,0,0,3,0,0,0,0,0,0,0,0,0,4,0,0,0,0,0,0,5,0,0,0,8,0,0,0,0,0,0,0,0,0,0,13,4,0,8,1,0,0,0,2,2,4,0,0,3,0,0,0,0,7,0,2,2,1,0,0,0,1,0,7,0,0,0,0,0,0,0,24,2,0,0,2,1,1,0,0,0,0,0,0,0,0,0,0,0,0,0,0,0,0,0,0,0,0,0,0,0,0,0,0,1,40,0,0,0,0,1,0,0,2,1,0,0,0,1,0,0,0,3,1,0,0,0,0,0,0,0,0,0,0,0,0,2,0,0,0,0,0,0,0,0,0,0,0,0,0,0,0,0,0,0,0,7,0,0,2,0,0,0,0,0,0,0,0,1,0,0,3,0,0,7,0,0,0,0,0,0,0,0,0,0,0,0,0,0,0,0,0,1,0,13,34,14,4,0,0,0,0,0,0,1,0,0,0,0,0,0,4,0,0,0,0,0,0,0,0,13,0,4,1,0,0,0,3,0,0,0,0,0,4,0,0,1,0,0,0,0,0,0,0,0,1,0,11,0,9,0,0,0,0,0,0,14,0,0,0,9,0,0,0
270,0,0,0,0,0,0,16,44,0,0,21,3,0,0,0,0,0,0,0,0,0,0,0,13,2,0,5,0,0,0,1,0,0,0,0,0,7,0,0,5,0,0,0,0,1,0,0,0,0,0,0,0,0,0,4,0,0,10,0,0,0,12,0,0,0,0,0,0,0,0,0,0,0,0,0,3,0,0,0,0,0,0,0,0,2,8,0,0,0,0,0,0,0,10,0,0,0,0,3,0,2,0,62,1,0,0,0,0,0,1,0,0,0,0,13,0,0,0,6,1,0,0,12,0,0,0,0,4,0,0,0,0,0,0,0,0,0,6,12,0,0,0,0,0,0,0,3,1,0,0,0,11,0,0,0,0,0,2,1,0,0,0,1,0,0,12,2,0,0,0,7,0,1,121,0,0,0,13,0,0,11,0,2,0,0,0,0,1,0,1,0,0,0,0,0,0,0,0,0,0,0,0,4,0,0,0,0,0,0,0,3,1,0,0,0,0,0,0,69,7,0,0,0,0,2,0,0,0,0,0,0,0,0,0,2,0,0,3,0,8,6,0,0,0,0,0,0,0,0,0,0,0,0,0,0,1,0,0,0,1,10,71,1,0,0,0,0,0,24,0,0,0,0,0,0,0,21,0,0,0,2,0,0,0,0,0,3,0,23,0,0,0,0,16,0,0,29,0,1,0,0,0,0,0,0,0,6,0,0,0,0,2,0,0,11,0,0,0,0,0,0,1,0,0,0,0,0,6,0,0
271,0,0,0,5,2,0,0,47,0,5,5,0,2,17,0,1,2,0,0,0,1,0,0,0,103,0,0,0,0,0,0,0,0,0,0,0,0,0,1,0,0,0,0,0,0,11,0,0,0,0,0,0,0,0,0,0,0,0,3,0,0,0,0,0,12,0,0,0,0,0,0,1,0,0,0,0,0,1,0,0,0,0,0,0,0,0,0,5,0,0,0,0,0,0,11,0,0,0,1,0,0,1,1,0,1,0,0,0,0,3,0,8,0,0,0,5,0,0,0,0,7,0,0,4,0,0,0,0,0,17,0,0,0,0,0,11,1,4,0,2,0,0,0,0,2,0,23,0,0,0,0,0,0,0,0,0,0,0,0,0,0,4,35,0,0,7,0,0,0,0,0,3,0,1,0,0,0,0,0,0,0,0,0,0,0,0,0,0,7,0,0,0,0,0,0,0,0,0,0,0,3,0,0,0,11,0,0,0,6,0,0,0,0,1,0,0,0,0,5,0,0,0,0,0,0,0,2,0,0,0,0,0,0,0,0,1,0,0,0,0,6,0,0,0,0,0,0,0,1,0,0,0,0,0,0,0,0,0,0,0,2,0,0,15,4,0,0,0,0,0,14,0,0,1,2,0,0,1,2,0,0,0,0,0,0,0,1,0,7,3,0,0,0,0,0,0,1,0,0,2,0,0,5,0,0,0,21,0,0,0,0,0,0,0,0,0,1,0,24,6,0,0,1,0,0,0,0,1,76,0
272,0,1,0,4,2,0,0,37,0,2,4,4,1,0,0,0,0,0,0,0,0,1,3,0,4,0,0,0,0,0,0,3,0,0,3,0,0,0,3,0,0,0,0,0,0,0,0,0,0,0,0,0,0,0,0,0,0,0,0,1,0,3,0,0,0,0,0,0,0,0,0,0,0,0,0,0,1,0,0,0,0,0,0,0,0,0,2,0,4,0,9,1,2,0,0,0,0,0,0,0,0,0,14,0,21,0,0,2,0,0,4,8,1,0,0,0,0,0,0,0,1,0,5,2,0,0,0,0,0,0,0,0,1,0,0,0,0,16,0,0,6,1,0,0,0,0,0,0,0,0,0,0,0,0,0,0,3,0,0,0,0,3,0,1,0,0,2,0,0,1,0,26,0,1,0,0,2,0,0,0,0,0,8,2,0,0,3,8,1,0,0,0,0,0,0,5,0,0,0,0,0,0,0,0,0,0,0,0,0,0,0,0,0,10,0,5,1,0,1,0,6,2,0,1,0,0,0,0,0,0,0,0,0,0,0,0,0,0,0,0,21,0,6,0,0,6,0,0,4,2,0,0,0,0,0,0,0,1,8,0,0,7,0,16,0,0,0,0,0,0,3,13,0,6,5,0,0,0,0,2,0,0,0,0,0,0,0,0,2,0,0,0,0,0,0,0,0,0,11,0,0,0,0,0,0,0,25,7,0,0,0,0,1,16,0,0,0,0,15,0,0,1,13,0,0,0,10,0,0,0
273,3,0,0,0,27,3,1,56,0,0,11,1,1,0,0,0,0,0,0,0,0,0,0,4,3,0,0,0,0,0,0,0,0,0,0,0,0,0,0,0,0,0,0,0,0,0,0,0,0,0,0,0,0,0,1,0,0,1,0,0,0,1,0,0,0,0,0,0,0,0,0,0,0,0,0,3,0,0,0,0,1,0,0,9,0,0,6,0,2,3,4,3,0,1,0,0,0,0,0,0,0,0,7,0,20,4,0,0,0,0,2,0,2,0,0,1,0,0,0,2,2,2,0,0,0,0,0,0,0,14,0,0,0,0,0,1,0,5,0,0,0,4,0,0,0,0,17,0,0,0,0,0,0,0,0,0,0,0,0,0,1,0,0,0,0,0,0,0,0,0,0,32,0,0,4,0,4,0,0,0,0,0,0,0,0,0,0,0,0,0,0,0,3,0,0,0,0,0,0,0,0,0,0,0,0,0,2,0,0,0,0,0,0,4,0,0,0,1,3,0,0,1,4,0,0,0,0,1,0,0,0,0,0,0,0,0,6,1,8,4,5,1,2,0,0,0,0,0,0,0,0,1,8,0,0,0,0,0,0,0,6,0,0,33,0,0,0,0,0,1,3,0,0,0,0,0,0,0,0,0,0,0,0,0,0,0,4,0,0,0,0,0,0,1,0,2,0,0,0,1,3,1,2,0,2,0,28,2,0,0,0,0,0,21,0,0,2,0,0,0,0,1,30,0,0,0,14,0,0,0
274,0,0,0,0,12,0,3,78,0,0,11,5,0,0,2,0,0,0,0,0,0,0,0,3,0,1,0,0,0,0,0,1,0,0,0,0,6,0,2,3,0,0,0,1,0,0,0,0,8,0,0,0,0,1,0,0,0,0,0,1,0,2,0,0,0,0,0,0,1,0,0,0,0,0,0,0,0,0,0,14,0,0,0,6,0,0,3,0,0,2,3,0,0,2,0,0,0,0,0,0,0,0,6,0,0,0,0,0,0,0,0,33,0,0,0,0,0,0,0,3,0,5,1,0,4,0,0,3,0,0,0,0,1,0,0,0,0,25,3,0,0,1,0,0,0,0,0,1,0,0,0,0,0,0,0,0,0,0,0,0,0,3,0,0,0,1,3,0,0,0,2,71,3,2,2,0,5,0,2,0,0,0,0,0,0,0,0,0,0,0,0,0,0,0,0,0,0,0,0,0,3,0,0,0,0,0,0,0,0,0,0,0,0,0,0,2,0,0,3,0,0,0,11,0,0,4,1,2,0,0,0,0,0,0,0,0,6,0,0,5,4,0,8,0,0,0,0,0,0,0,0,0,0,0,0,0,0,4,3,0,4,60,3,0,0,0,0,0,0,0,4,0,0,0,0,0,0,0,0,2,0,0,0,0,0,0,16,0,1,0,0,0,0,0,0,0,0,0,14,1,0,0,1,0,0,0,0,1,0,0,0,4,0,0,0,0,2,0,0,0,0,0,3,0,0,0,8,0,0,0
275,0,0,0,0,0,0,7,30,0,0,15,1,0,3,0,3,0,0,0,0,0,1,0,0,0,10,13,0,0,0,0,3,0,0,0,0,15,0,0,0,0,0,0,0,0,2,0,0,0,0,0,0,0,0,0,0,0,1,0,0,0,4,0,0,2,1,0,1,0,2,0,1,0,0,0,0,0,0,1,8,0,0,6,0,0,0,0,6,0,0,1,0,0,0,13,0,0,4,2,0,1,0,2,1,0,0,0,0,0,2,24,5,0,0,0,0,0,3,0,10,5,0,8,0,0,0,0,5,0,0,0,0,1,0,0,0,0,43,0,0,0,3,0,0,0,0,0,0,0,0,0,1,0,0,0,0,0,0,0,0,0,0,0,0,0,1,11,0,0,1,18,2,0,1,0,0,1,0,0,1,0,0,0,0,0,0,0,0,7,0,0,0,0,0,7,0,0,0,0,0,0,0,0,0,4,0,0,0,0,0,1,0,1,0,0,1,0,0,4,0,0,0,0,0,0,4,1,2,0,0,0,0,0,1,0,0,0,0,0,0,5,0,0,0,0,0,0,0,0,0,0,0,0,0,0,0,0,0,0,0,0,2,1,0,0,0,0,0,12,0,2,0,0,0,0,0,0,0,0,0,0,0,0,0,0,0,0,0,18,0,0,0,0,0,4,0,2,0,0,0,0,0,0,3,0,0,0,0,3,0,0,1,4,3,0,0,0,0,0,2,0,1,2,0,0,0,0,0,0,0
276,0,0,0,0,2,1,0,44,0,0,6,7,1,0,0,0,0,0,0,0,0,0,0,0,6,0,7,0,1,0,0,1,0,0,0,0,7,2,0,0,0,0,0,0,0,0,0,0,0,0,0,0,0,0,0,1,0,4,0,0,3,4,0,0,0,0,0,0,0,0,0,1,0,1,0,0,2,0,1,0,0,0,0,0,0,0,0,0,7,0,0,0,0,0,0,2,0,0,0,12,0,0,1,2,0,1,0,0,0,2,0,5,0,0,0,0,0,4,0,0,0,1,0,0,0,3,0,0,0,0,0,0,0,0,0,0,0,7,0,0,0,0,0,0,0,0,85,1,2,0,0,0,0,0,1,0,1,0,0,0,0,7,13,0,0,2,0,0,1,0,0,1,0,1,0,3,0,0,0,0,0,0,0,0,0,0,0,0,7,0,0,0,0,0,0,0,0,0,0,0,3,0,0,0,0,2,0,0,0,0,2,5,0,2,0,0,0,0,7,0,0,0,0,0,0,0,5,0,0,0,0,0,0,0,0,0,1,0,0,1,4,0,9,0,0,0,0,0,0,0,0,8,15,6,0,0,0,0,0,0,0,0,0,5,3,0,0,0,0,0,21,0,0,0,0,0,0,0,0,0,0,0,0,1,1,0,1,0,16,0,0,0,0,1,0,0,1,0,0,0,0,0,20,0,4,0,0,0,0,0,0,0,2,3,0,0,0,1,30,0,0,1,2,0,0,0,0,1,0,0
277,0,0,0,0,2,0,3,61,0,0,18,0,1,1,0,0,0,0,0,0,0,0,0,0,12,0,3,0,0,0,1,1,0,0,0,0,0,0,0,0,0,1,0,0,0,0,0,0,0,0,0,0,0,1,0,0,0,6,0,0,1,8,0,0,0,0,0,0,0,0,0,0,0,2,0,0,1,0,0,0,0,0,0,0,0,0,0,0,0,0,0,8,0,1,0,0,0,4,2,0,0,0,2,0,0,2,0,0,0,0,0,1,0,0,8,0,24,0,0,0,3,1,0,0,0,0,0,0,0,4,0,5,0,0,0,0,0,0,0,0,0,0,0,0,1,0,30,1,0,0,0,0,0,0,0,1,0,0,0,0,0,4,0,0,0,2,0,0,0,0,0,4,0,0,0,0,0,3,2,0,0,0,0,0,0,0,0,0,0,0,0,0,2,0,0,0,0,3,2,0,0,0,0,0,0,0,0,0,0,2,0,0,2,0,0,0,0,0,13,0,0,0,7,0,0,0,2,0,0,0,0,3,0,0,0,0,1,0,1,1,4,0,0,0,0,0,0,0,0,0,9,4,0,0,0,0,0,0,0,0,2,0,0,0,0,0,0,0,0,1,18,0,0,0,0,0,0,0,2,0,0,0,0,1,0,0,1,0,67,0,0,0,0,0,0,0,2,0,0,0,0,0,34,4,0,0,108,0,0,0,0,0,0,0,0,0,0,0,10,4,0,0,1,0,0,0,0,0,0,0
278,0,0,0,0,14,50,0,69,0,1,0,3,0,0,0,0,0,0,0,0,0,0,6,15,2,1,0,0,1,0,0,0,0,0,0,0,0,0,0,1,0,0,0,0,1,0,0,1,7,0,0,0,0,11,1,0,0,0,0,0,0,2,0,0,0,0,0,0,0,10,0,16,0,0,0,0,0,2,0,2,0,0,0,0,0,0,0,0,0,0,5,6,0,0,0,0,0,0,0,0,0,0,9,0,13,5,0,0,0,0,2,12,0,0,0,0,10,0,0,0,0,0,0,0,0,0,0,0,0,0,64,0,0,0,0,0,0,9,0,0,0,0,0,0,0,0,10,0,0,0,0,0,0,0,0,0,0,0,0,0,0,0,6,0,0,0,0,7,0,0,0,0,0,0,0,0,1,1,1,0,0,0,0,0,0,0,0,0,0,0,0,0,0,0,0,0,0,0,2,0,0,0,0,0,0,0,0,0,0,0,0,0,0,2,0,0,0,0,1,0,0,0,0,0,0,0,0,0,0,0,0,0,1,0,0,0,6,0,0,2,10,0,1,0,0,11,0,1,0,0,0,0,7,0,0,0,0,0,0,6,0,0,0,37,0,0,0,0,0,1,11,0,0,0,0,0,0,0,0,0,0,0,0,0,0,0,15,0,5,1,0,0,0,3,0,0,0,0,0,0,0,0,0,0,0,0,1,4,0,0,3,0,0,13,0,0,0,0,0,1,0,0,7,0,0,0,4,0,0,0
279,0,0,0,0,24,3,1,65,0,1,1,4,0,7,0,0,0,0,0,0,0,0,1,0,0,0,1,0,0,0,0,2,0,0,0,0,1,1,0,3,0,0,0,0,0,0,1,0,0,0,0,0,0,7,0,0,0,1,0,0,1,8,0,0,0,0,0,0,0,6,0,7,0,0,0,0,0,7,0,0,0,0,0,0,0,0,0,0,0,3,1,5,0,1,0,0,0,0,0,1,0,0,11,0,6,10,0,0,0,2,0,4,0,1,0,1,0,0,0,2,0,3,0,0,0,0,0,0,0,5,0,0,0,0,0,0,0,27,0,0,0,0,0,0,0,0,16,0,0,2,0,0,0,0,0,0,0,0,0,0,0,0,3,0,0,1,0,0,1,0,0,44,0,2,0,0,1,0,0,0,0,0,0,0,0,0,7,0,1,0,0,0,0,5,0,1,0,0,1,0,0,0,0,0,0,0,0,0,0,0,0,0,1,2,0,0,0,0,2,0,0,0,0,0,0,0,1,0,0,0,0,0,0,0,0,0,2,0,6,3,9,0,3,0,0,0,3,0,0,0,3,5,0,0,2,0,0,0,0,0,0,13,0,13,0,0,0,0,0,1,0,0,0,0,17,0,0,0,0,0,0,0,0,0,0,0,0,0,1,0,0,0,4,3,0,2,0,0,0,0,0,0,1,0,0,0,4,1,0,0,0,0,1,0,0,0,0,1,9,0,3,1,0,0,1,0,0,2,0,0
280,0,0,0,0,13,0,1,106,0,0,15,0,2,0,0,0,0,1,1,0,0,0,1,0,2,0,0,0,0,0,0,3,1,0,0,0,0,0,0,0,0,0,0,0,0,0,0,0,0,0,0,0,0,0,0,0,0,0,6,0,0,2,0,0,0,0,0,0,0,0,0,0,0,0,0,0,0,2,0,2,0,0,0,0,0,0,2,0,14,1,2,1,0,1,0,0,0,0,0,0,1,0,19,0,2,2,0,0,1,0,0,17,0,0,1,0,0,0,0,0,0,0,0,2,2,0,0,1,0,0,0,0,0,0,0,0,0,7,0,0,0,0,1,6,0,0,0,0,0,1,0,0,0,0,0,1,0,0,0,4,0,4,2,0,0,0,0,0,0,0,0,0,0,5,0,0,2,0,0,0,0,0,6,0,0,0,0,0,0,0,0,0,0,0,0,0,0,0,0,0,0,1,0,0,0,0,0,0,0,0,0,0,1,2,0,0,0,0,6,0,0,0,0,0,0,2,0,0,0,0,0,0,0,0,0,0,0,0,0,0,3,0,4,13,0,0,13,0,0,1,11,2,0,0,0,0,0,0,0,0,0,0,0,0,1,0,0,0,0,1,15,0,0,2,0,0,0,0,0,2,0,0,0,0,0,1,11,0,0,0,0,0,0,14,0,0,0,0,0,0,3,0,1,0,0,0,2,0,0,0,0,1,0,0,0,0,0,0,27,0,0,1,19,0,0,0,0,0,0,0
281,0,0,1,2,5,0,0,11,0,4,18,1,2,12,0,0,3,0,0,0,0,0,0,0,65,0,4,0,0,0,0,1,0,0,0,0,3,0,0,0,0,0,0,0,0,0,1,0,13,0,1,0,0,0,0,1,0,7,0,0,0,3,0,0,0,0,0,1,0,0,0,0,0,0,0,0,0,2,0,0,0,0,0,0,0,0,0,0,0,0,0,5,0,0,0,0,0,7,1,0,0,0,0,0,1,0,1,0,0,0,0,4,0,0,0,0,0,0,0,0,0,0,0,0,0,2,1,0,3,4,0,0,0,0,0,0,1,0,0,0,0,1,0,0,0,0,18,0,1,8,0,0,0,0,0,0,0,0,0,0,0,0,36,0,0,9,0,0,0,0,0,2,0,0,0,1,0,0,0,0,0,0,4,0,0,0,0,0,0,0,0,0,0,0,4,0,0,0,1,0,0,0,0,0,0,0,0,0,0,0,0,0,0,1,0,0,0,0,0,0,0,0,0,0,0,0,3,4,0,0,0,0,0,0,0,0,5,0,0,0,4,0,7,1,0,0,2,0,0,0,0,1,0,0,0,0,0,0,0,0,0,0,0,20,0,0,0,0,0,0,23,0,0,0,5,0,1,0,2,0,0,0,0,0,2,0,1,0,0,0,0,0,0,0,0,0,0,0,0,0,0,0,4,0,0,0,33,0,0,0,0,0,0,0,0,0,0,0,8,0,0,1,2,0,1,0,0,0,0,0
282,0,0,1,0,5,0,4,54,0,14,10,4,0,0,0,0,0,0,0,0,0,1,0,0,0,0,8,0,0,0,0,2,2,0,0,0,3,0,0,2,0,0,0,0,0,0,4,0,4,0,1,0,0,7,3,0,11,1,5,0,0,0,0,0,0,0,0,1,0,1,1,0,0,2,0,0,0,0,0,2,1,0,0,0,1,6,0,0,0,0,0,0,1,4,4,0,0,1,5,0,3,1,28,0,7,0,0,0,0,0,0,0,0,0,15,0,0,0,0,1,8,0,9,0,0,0,0,3,0,0,0,0,0,0,0,0,0,20,0,0,0,0,0,0,0,0,0,14,0,7,0,9,0,0,0,0,0,0,0,0,0,4,0,0,0,4,0,0,0,0,3,5,1,52,1,0,0,0,0,0,2,0,0,0,0,0,0,0,2,0,3,0,0,0,0,0,0,0,0,0,4,0,0,1,0,0,1,0,0,0,1,0,0,0,0,1,0,0,65,0,0,0,0,0,0,0,2,0,0,0,0,0,0,0,9,0,0,0,0,0,2,0,7,0,0,0,0,5,0,0,0,0,4,1,1,0,0,9,0,0,4,24,8,0,0,0,0,0,0,0,0,0,0,0,0,0,6,0,0,0,0,0,0,0,0,0,0,0,14,0,0,0,0,7,0,1,0,0,0,1,0,0,0,0,0,0,0,1,2,0,0,11,0,0,0,0,0,0,0,0,0,0,2,32,0,0,0,7,0,0
283,0,2,1,0,0,0,11,59,0,0,22,0,0,0,1,3,0,0,0,0,0,2,0,0,0,0,0,0,0,0,0,3,0,0,0,0,4,0,0,0,0,0,0,0,3,0,0,0,0,0,0,0,3,0,0,0,2,0,5,0,0,0,0,0,0,0,0,0,0,0,0,5,0,1,0,0,0,0,0,0,0,0,0,0,0,0,0,0,0,0,0,6,0,14,3,0,0,0,2,0,0,0,10,3,9,0,0,0,0,0,0,0,1,0,25,0,0,0,0,1,0,0,4,0,0,0,0,2,0,0,0,1,0,0,0,0,0,7,49,0,0,0,0,0,0,1,0,4,0,0,0,0,0,0,0,0,0,0,0,0,0,0,1,0,0,18,5,0,0,0,7,3,0,20,0,0,1,0,0,0,0,0,4,0,0,1,0,0,0,0,2,0,0,0,0,0,0,0,1,0,0,0,0,0,0,0,0,0,0,0,1,0,0,1,1,0,0,0,55,0,1,0,0,3,0,0,2,0,1,0,0,0,0,2,29,0,0,0,0,0,1,0,25,0,0,0,0,0,0,0,0,0,0,0,2,0,0,0,0,0,3,36,2,0,0,0,0,0,0,0,0,0,0,3,1,0,1,0,0,0,0,0,0,0,0,8,3,0,18,1,0,0,0,11,0,0,0,0,1,2,0,0,0,0,0,0,0,0,0,2,0,10,0,0,0,0,0,0,0,0,0,1,2,0,0,0,5,0,0,0
284,0,0,0,0,1,0,7,46,0,0,3,2,1,0,0,1,0,2,0,0,0,0,0,0,0,5,0,0,0,0,0,2,0,0,0,0,0,0,0,0,0,0,0,0,0,0,0,7,0,2,0,0,1,0,0,0,5,0,0,0,0,0,0,0,6,0,0,0,0,5,0,0,0,0,0,0,0,0,0,30,0,0,0,0,0,0,2,0,0,0,1,0,0,0,0,0,0,0,2,0,0,0,1,0,1,0,1,0,3,1,0,3,0,0,12,0,0,0,0,5,0,0,2,6,0,0,1,48,0,0,0,0,0,0,0,33,0,0,20,0,0,0,6,0,0,0,0,0,0,0,2,0,0,0,0,0,0,0,0,1,0,0,35,0,0,5,2,0,0,0,8,1,0,1,0,0,0,0,0,2,0,0,0,0,0,0,3,0,0,0,0,0,0,0,0,0,0,0,0,1,0,0,3,0,8,0,0,0,0,0,0,7,0,2,0,0,0,0,12,0,0,2,0,0,0,0,2,4,0,0,0,0,0,0,0,1,0,0,0,0,3,0,0,0,1,0,3,0,0,0,0,0,0,0,2,0,0,0,0,0,5,2,1,0,0,0,0,0,0,0,10,0,0,0,13,0,0,1,0,0,0,0,0,0,1,0,0,0,31,0,0,0,0,0,0,0,0,0,12,4,0,0,6,0,0,0,34,0,0,0,0,1,0,0,0,0,0,0,0,3,0,1,1,0,0,0,0,1,0,0
285,0,0,0,0,0,1,0,0,0,25,18,1,0,0,0,5,0,0,0,2,0,0,0,0,0,0,3,0,0,0,0,1,0,0,0,0,8,0,0,0,0,0,0,0,0,1,0,30,0,0,0,0,0,0,0,0,5,5,0,0,0,2,0,0,0,0,0,0,0,0,0,0,0,0,0,0,0,0,0,0,0,0,0,0,0,9,0,1,0,0,0,0,0,24,0,0,0,0,2,10,0,0,36,0,9,0,2,0,0,0,0,0,0,0,12,0,0,2,5,1,0,0,9,8,0,0,0,1,0,0,3,0,0,0,0,0,0,19,12,0,0,1,33,0,0,0,0,0,0,0,0,0,0,0,1,0,0,1,2,0,0,0,2,0,0,15,0,0,0,0,0,1,1,101,0,0,0,25,0,0,19,0,4,0,0,0,0,0,0,0,0,0,0,0,0,0,0,0,1,0,6,0,0,0,0,1,0,0,0,0,0,0,0,0,0,0,0,0,51,0,0,0,0,0,0,0,1,0,0,0,2,0,0,0,11,0,0,0,0,0,4,0,4,0,0,0,0,0,13,0,0,0,0,0,3,0,2,0,0,0,18,10,4,0,0,0,0,0,0,0,0,1,0,2,1,0,0,0,0,0,0,1,0,0,0,0,1,0,9,1,0,0,0,7,0,0,46,0,0,1,1,0,0,3,0,0,0,4,0,0,0,2,1,0,4,0,0,0,0,0,0,4,3,0,0,0,5,0,0,0
286,0,0,0,0,2,0,0,106,0,0,17,4,0,0,0,1,0,3,0,0,0,4,0,0,0,0,1,0,0,1,0,1,0,0,0,0,9,0,0,1,0,0,0,1,0,1,0,0,6,1,0,0,0,0,0,0,1,0,0,1,0,0,1,0,1,0,0,0,0,0,0,0,0,5,0,3,1,0,0,39,0,0,0,8,0,0,0,0,0,0,8,0,0,1,0,0,0,0,0,0,0,0,14,0,0,0,0,0,0,0,0,12,0,0,1,2,2,1,0,7,0,3,4,0,2,0,0,2,0,0,0,0,0,2,0,0,0,0,2,0,0,0,0,10,0,2,0,0,0,0,0,0,0,0,0,0,0,0,0,0,0,4,2,0,0,0,0,0,0,0,1,16,5,6,4,0,0,1,0,0,0,0,0,0,0,0,0,0,0,0,0,0,0,4,0,0,2,0,0,0,0,0,0,0,0,0,0,0,0,0,1,0,0,0,0,0,0,0,2,0,0,0,0,0,0,1,0,2,0,0,0,0,0,0,0,0,0,2,0,0,23,0,5,0,0,0,0,0,0,2,0,0,16,0,0,2,0,0,0,0,9,24,3,0,0,1,0,0,0,1,4,0,1,0,0,0,0,0,0,0,0,0,0,0,0,0,5,0,2,0,0,0,0,2,0,0,0,0,0,0,0,0,0,0,0,0,0,0,0,0,0,0,2,0,0,0,0,0,0,0,7,1,8,2,0,0,0,0,1,0
287,0,0,1,0,0,0,0,86,0,0,16,0,0,0,0,0,0,0,0,0,1,0,0,12,0,0,0,0,0,0,0,3,0,0,1,0,1,0,0,3,0,0,0,0,0,0,0,0,0,0,0,0,3,0,5,0,3,0,0,0,0,1,1,0,0,0,1,1,0,0,0,0,0,0,0,1,0,0,0,5,1,0,0,0,0,0,0,1,0,0,0,0,0,9,0,0,0,0,0,0,0,0,27,1,0,0,0,0,0,0,0,0,0,0,16,0,0,0,5,0,0,0,4,0,0,0,0,0,0,0,0,0,0,0,0,0,0,7,0,0,0,0,0,0,0,2,0,1,0,0,0,0,0,0,0,0,0,0,0,0,0,0,0,0,1,16,0,1,0,0,9,6,0,97,0,0,1,0,0,0,6,0,0,0,0,0,0,0,1,0,0,0,0,0,1,0,0,0,0,0,2,0,0,0,0,1,0,0,17,0,1,0,0,1,0,2,0,0,55,0,0,0,0,0,0,1,2,0,0,3,0,0,0,0,3,0,0,1,0,0,2,0,0,0,0,0,29,0,0,0,1,1,0,0,0,0,0,0,0,0,8,9,0,0,0,0,3,0,32,0,0,0,0,0,0,0,2,4,0,0,0,8,0,0,4,0,2,0,2,0,0,0,0,0,0,0,0,0,0,1,0,0,0,0,0,0,8,1,0,0,0,1,1,0,0,0,0,0,0,3,0,0,0,0,0,0,0,5,0,1
288,0,1,0,0,0,0,1,17,0,1,10,0,0,0,0,0,0,0,0,0,0,0,3,0,3,0,0,0,1,0,0,0,0,0,2,0,0,1,5,1,0,0,0,0,0,0,0,0,0,0,0,0,0,0,0,9,0,1,9,0,0,1,0,0,0,0,0,0,0,0,0,0,0,0,0,0,0,2,0,0,0,0,0,2,0,0,9,0,8,0,7,6,0,0,0,0,0,0,0,0,0,0,2,0,26,2,0,0,0,0,0,1,1,0,0,0,0,0,0,0,0,4,3,0,0,2,0,0,0,15,29,0,0,0,0,0,0,5,1,0,0,4,0,6,0,1,0,0,0,0,0,0,0,0,0,0,0,0,0,0,1,10,0,0,0,0,0,0,1,0,0,17,0,1,0,0,1,0,0,0,0,0,0,0,0,0,8,0,0,0,0,0,3,0,0,0,0,0,0,1,13,0,0,0,0,0,0,0,0,0,0,0,0,3,0,0,0,0,2,0,3,0,0,0,0,0,0,0,0,0,0,0,0,0,0,0,2,0,12,0,10,5,3,0,0,0,0,1,0,0,0,1,0,0,0,0,0,0,0,11,0,0,0,20,0,0,0,0,0,0,5,0,1,0,14,0,0,0,0,0,0,1,0,0,0,0,9,0,0,2,0,0,7,2,0,0,0,0,0,0,0,0,0,0,0,0,4,7,0,0,0,0,3,37,0,0,0,0,0,0,10,0,10,0,0,0,3,0,0,0
289,0,0,0,0,7,0,3,100,0,0,6,0,0,3,0,0,0,0,0,0,0,1,0,0,5,1,0,0,0,0,0,2,0,0,0,0,0,0,0,2,0,0,0,0,0,1,0,4,0,0,0,0,1,6,0,12,0,0,0,0,0,0,0,0,0,0,0,0,0,2,0,0,0,0,0,0,0,0,1,6,1,0,1,0,0,0,1,1,0,0,2,0,1,1,0,0,0,0,0,0,0,3,15,0,0,0,0,0,0,0,0,4,0,1,1,0,6,0,0,2,0,3,0,0,0,0,0,1,0,0,0,0,0,1,0,1,0,4,0,0,0,0,0,1,0,3,0,0,0,0,0,0,0,0,0,0,0,0,1,7,0,0,2,0,0,1,0,4,1,0,1,79,0,0,5,0,1,0,1,0,1,0,0,0,0,0,0,0,0,0,11,0,0,0,0,0,0,0,0,0,0,0,0,0,0,0,0,0,0,0,0,0,0,0,0,0,0,0,1,0,0,0,28,0,0,2,0,0,0,0,0,0,0,0,0,0,0,0,0,0,7,0,2,0,0,0,0,0,8,0,0,0,0,0,0,0,0,0,0,0,7,0,10,0,0,0,0,0,0,0,0,4,0,0,10,0,0,2,1,0,0,0,0,1,0,0,5,0,2,0,0,0,3,2,0,4,0,0,3,2,0,1,0,0,0,0,0,0,0,0,1,1,1,0,0,0,3,0,0,2,0,1,18,0,0,0,1,0,0,0
290,0,0,0,0,8,0,0,153,0,0,9,0,0,0,0,0,0,0,0,1,0,0,1,0,0,0,1,0,0,1,0,4,0,0,0,0,4,0,0,3,0,0,0,0,0,1,0,3,0,0,0,0,0,6,0,0,0,0,13,1,0,0,0,0,0,0,0,1,0,0,0,0,0,0,1,0,0,0,0,3,0,0,0,0,0,0,0,2,0,4,3,0,0,2,6,0,0,0,0,5,0,24,31,0,4,0,0,0,0,3,0,6,0,0,1,0,0,0,0,10,0,2,1,1,0,0,0,1,0,0,0,0,1,0,0,0,0,33,0,0,0,4,0,0,0,0,0,0,0,1,0,0,0,0,0,0,0,0,0,0,0,0,0,0,0,0,0,0,1,0,0,16,9,1,0,0,1,0,1,0,0,0,0,1,0,0,0,0,0,0,0,0,0,0,0,0,1,0,0,0,0,0,0,0,0,0,0,0,0,0,0,0,0,0,0,0,0,0,0,0,2,0,0,0,0,1,1,0,0,0,0,0,1,0,0,0,1,0,0,0,7,0,0,9,0,0,0,0,0,0,0,0,0,0,0,0,0,0,0,0,20,5,10,0,0,0,0,0,0,0,3,0,0,15,0,0,0,0,0,0,0,0,0,1,0,0,11,1,0,0,0,2,0,2,0,0,0,0,0,4,0,0,0,0,0,0,9,0,0,0,0,0,0,0,0,0,1,0,0,1,0,0,2,0,0,0,4,0,0,0
291,0,0,0,0,3,0,0,73,0,0,0,0,0,0,0,0,0,0,1,0,0,0,0,0,0,0,0,0,2,0,0,2,0,0,0,0,17,0,0,0,0,0,0,0,0,0,0,0,0,0,0,0,1,0,0,0,0,1,0,1,0,0,0,0,0,0,0,0,1,0,0,0,0,0,0,0,0,0,0,1,0,0,1,0,0,0,7,0,0,0,3,0,0,0,19,0,0,0,0,0,0,0,6,0,9,0,0,0,0,0,0,14,0,0,2,0,0,0,0,5,0,1,1,0,0,0,0,3,0,0,0,0,0,0,0,0,0,35,1,0,0,1,0,0,0,1,0,0,1,0,0,0,0,0,0,0,0,0,0,0,0,9,2,0,0,1,0,0,0,0,1,43,4,12,0,0,2,0,2,0,0,0,0,0,0,0,0,0,0,0,3,0,0,0,0,0,1,0,0,0,0,0,0,0,0,0,0,0,0,0,0,0,0,0,0,0,0,0,0,0,1,0,0,0,0,1,0,0,0,0,0,0,0,0,0,0,0,1,0,0,16,0,7,6,0,0,0,1,0,0,0,0,10,8,0,0,0,0,9,5,11,26,14,0,0,0,0,0,0,0,2,0,0,0,0,0,0,0,0,0,0,1,0,0,0,1,9,0,1,0,0,0,0,0,0,0,0,0,0,0,0,3,0,0,1,0,0,0,0,2,0,2,2,0,0,0,0,0,0,0,0,1,18,3,0,0,0,0,0,0
292,0,1,0,0,0,0,2,8,0,7,42,2,0,0,0,0,0,0,0,0,0,0,0,0,10,0,0,0,0,0,0,2,0,0,0,0,0,8,0,1,0,0,1,0,0,0,0,0,0,0,0,0,0,6,0,0,5,2,0,0,0,0,0,0,0,0,0,0,0,0,0,0,0,0,0,0,0,0,0,0,0,0,0,0,0,0,0,0,0,0,0,0,0,41,0,4,0,0,2,0,2,0,40,0,22,1,1,0,0,0,0,0,1,0,15,0,0,2,4,1,7,0,3,4,1,0,0,3,0,0,0,0,0,0,0,0,0,3,21,0,0,0,0,0,0,0,0,1,0,0,0,7,0,0,0,0,0,0,0,0,0,0,1,0,0,0,0,0,0,0,7,2,1,69,0,0,0,0,0,0,7,1,2,1,0,0,0,0,0,1,6,2,0,0,0,0,0,0,0,0,0,0,0,0,0,0,0,0,11,7,3,0,0,0,0,0,0,0,82,0,0,0,0,1,3,0,1,0,0,2,0,0,15,0,2,0,0,0,0,15,0,0,0,0,0,1,0,0,3,11,0,0,0,0,0,0,1,10,0,0,2,78,2,0,0,0,0,2,0,0,0,0,0,0,0,0,3,0,0,1,0,0,0,0,0,0,1,0,6,0,0,0,0,6,0,0,0,0,0,0,0,0,0,0,0,0,12,0,0,0,0,0,0,0,0,0,0,0,0,0,0,1,3,21,0,2,0,18,0,1
293,0,0,0,6,10,0,0,24,0,0,10,1,0,0,0,1,3,1,0,0,0,0,0,0,25,0,1,0,0,0,0,2,0,0,0,0,0,2,0,0,0,0,0,0,0,0,1,0,0,0,1,0,0,2,5,2,0,2,0,0,0,5,0,0,0,0,0,0,0,0,0,0,0,0,0,0,0,1,0,0,0,0,0,0,0,0,0,0,0,0,1,8,0,1,0,0,0,0,1,0,1,0,1,0,0,1,0,0,0,1,36,1,0,0,0,0,0,0,0,0,3,0,0,0,0,0,0,0,0,7,0,0,0,0,0,16,0,0,0,0,0,0,1,0,2,0,6,1,0,6,0,1,0,0,0,0,0,0,0,1,0,0,24,0,0,5,0,0,1,0,2,1,0,0,0,0,0,0,1,0,0,0,0,0,0,0,0,0,0,0,0,0,0,1,3,0,0,0,0,0,0,0,0,0,0,0,0,0,0,0,0,0,0,1,0,0,0,0,21,0,1,0,5,0,0,0,3,0,0,0,0,0,0,2,0,0,0,0,1,1,4,0,34,2,0,0,0,8,0,0,0,0,0,0,0,0,0,0,1,0,0,3,0,2,3,0,0,0,0,0,20,4,0,0,6,0,1,0,0,0,0,0,0,0,0,0,0,0,18,0,0,0,0,1,6,0,0,0,0,2,0,0,5,0,0,0,10,0,0,0,0,0,0,0,0,0,0,0,0,0,0,0,1,2,1,5,0,0,0,0
294,0,0,0,0,0,0,0,32,0,0,47,2,0,0,0,0,0,0,0,0,0,0,0,0,10,0,2,0,0,0,0,0,0,0,0,0,6,0,0,4,0,0,0,0,0,0,0,0,0,0,0,2,3,2,0,0,4,0,3,0,0,2,20,0,0,1,1,0,0,0,0,0,2,0,0,7,0,0,0,0,0,0,0,1,2,0,0,0,0,0,0,0,0,8,3,0,0,0,3,0,1,0,37,0,46,0,0,0,0,0,2,0,0,0,11,0,0,0,7,0,0,0,7,2,0,0,0,1,0,0,0,0,0,0,0,0,0,7,0,0,0,1,0,6,0,0,0,12,0,2,0,0,0,0,0,0,0,0,0,0,0,0,0,0,0,0,0,0,0,0,7,4,0,35,0,0,0,24,0,0,3,1,0,0,0,0,0,0,0,0,0,0,0,0,2,0,0,0,1,0,0,0,4,0,0,0,0,0,0,7,3,1,0,0,0,0,0,0,67,0,0,0,0,0,3,0,1,0,0,0,0,0,0,0,6,0,0,0,0,0,2,2,0,0,0,1,0,0,0,0,1,0,1,0,0,0,0,0,2,0,14,28,0,2,0,0,0,8,46,0,0,0,0,1,1,0,3,6,0,4,0,6,0,0,0,0,1,0,17,0,0,0,0,0,0,0,18,0,0,1,0,0,0,0,0,0,0,0,0,0,0,7,1,0,0,0,0,0,0,0,0,2,1,27,2,0,0,4,0,1
295,0,0,0,0,0,0,0,36,0,0,4,0,0,10,0,0,0,0,0,0,0,0,0,0,0,0,0,0,0,0,0,0,0,0,0,0,0,0,1,0,0,0,0,0,0,4,0,0,0,0,0,0,0,0,0,1,0,4,0,0,0,6,0,0,0,1,0,0,0,0,0,0,0,0,0,0,0,1,0,0,0,0,0,0,0,0,0,0,29,0,0,18,0,1,0,0,0,0,0,8,0,0,2,0,3,1,0,0,0,0,0,1,0,0,0,0,0,0,0,0,0,0,0,7,0,0,1,0,0,0,0,0,0,0,0,0,0,11,0,0,0,1,0,0,0,0,13,0,0,14,0,0,0,0,0,0,0,0,0,0,0,0,23,0,0,0,0,0,0,1,0,2,0,1,0,0,0,0,0,1,0,0,0,0,0,0,13,0,0,0,11,0,1,0,0,0,0,0,0,0,0,0,0,0,0,0,0,0,0,1,0,0,0,5,0,0,0,0,8,8,0,0,0,0,0,2,2,2,0,0,0,0,0,0,0,0,3,0,1,1,7,0,8,0,0,0,0,0,0,0,0,3,0,0,0,0,0,0,0,0,0,1,0,8,6,0,0,0,0,1,0,0,0,0,0,0,0,0,0,0,0,0,0,0,2,0,0,0,13,0,0,0,0,0,5,0,0,0,0,0,0,0,8,0,0,0,23,0,0,0,0,0,0,0,0,0,0,0,2,0,0,1,1,0,0,0,0,0,0,0
296,0,0,0,0,6,0,6,16,0,0,14,2,1,0,0,0,3,0,0,0,0,0,0,16,0,0,0,0,1,0,0,1,0,0,0,0,17,0,0,0,0,0,0,0,0,0,0,1,5,0,0,0,2,0,0,0,3,2,0,1,0,6,0,0,0,0,0,2,0,0,0,0,0,0,0,0,0,1,0,0,0,0,0,0,0,0,2,5,0,0,1,0,0,0,0,0,1,0,1,0,0,0,0,0,2,0,0,0,0,3,0,3,0,0,16,0,0,0,0,9,0,1,3,17,0,0,1,24,0,0,0,0,0,0,0,0,0,31,0,0,0,5,5,0,0,0,11,1,0,11,2,0,0,0,0,0,0,0,0,0,0,0,0,0,0,3,2,0,0,0,0,2,0,0,0,0,0,0,0,0,0,0,0,1,0,0,0,0,0,0,0,0,0,0,0,0,0,2,0,0,0,0,0,0,0,0,0,0,3,0,0,0,0,0,0,0,0,0,1,14,0,2,0,0,0,0,3,4,0,0,0,3,0,0,0,0,0,0,0,0,1,0,16,0,0,0,1,0,0,0,0,1,0,0,0,0,0,0,0,0,0,0,2,0,0,0,0,0,0,0,3,0,0,1,0,0,0,0,0,0,1,0,0,0,0,0,0,0,1,0,0,0,2,0,0,0,3,0,0,0,0,0,28,0,0,0,10,0,0,0,0,2,2,4,1,1,0,0,0,4,0,0,0,0,0,0,0,0,0,0
297,0,3,1,0,2,3,0,4,0,0,13,0,0,0,0,0,0,0,0,0,0,0,0,0,58,4,0,0,0,0,0,0,1,0,0,0,0,0,0,0,0,0,0,0,0,0,0,0,0,0,0,0,0,0,0,1,0,2,0,0,0,3,1,0,0,1,0,1,0,0,0,0,0,0,0,0,0,0,0,0,0,0,0,0,0,0,3,0,0,0,0,0,0,0,0,0,1,0,0,0,3,0,2,0,0,1,0,0,0,0,0,1,4,0,7,0,0,0,0,0,0,1,1,0,0,0,0,0,0,4,0,0,1,0,0,11,0,2,0,2,0,8,6,0,6,4,0,0,2,0,0,0,0,0,0,0,0,0,0,0,0,0,14,0,0,6,0,0,0,0,0,6,0,0,0,0,0,0,0,0,0,0,3,0,0,0,0,0,0,0,0,0,7,0,0,0,0,0,0,0,0,0,0,0,17,0,0,0,0,0,0,7,4,7,0,0,0,0,20,25,0,0,0,0,0,0,1,0,0,0,1,0,0,0,0,0,7,0,1,0,8,0,9,0,0,0,0,0,0,0,0,1,3,0,0,0,0,0,0,0,0,0,0,0,0,0,0,0,0,0,8,0,0,0,0,0,0,1,0,0,0,1,0,0,0,0,0,0,12,0,0,0,0,0,0,0,0,0,6,0,0,3,27,0,3,0,0,0,0,0,0,0,0,2,0,0,0,0,0,22,0,1,2,0,0,0,0,0,0,0
298,0,0,0,0,32,0,0,34,0,0,7,8,0,0,0,0,0,0,0,0,0,0,2,0,4,0,1,0,0,0,0,0,0,0,0,0,0,0,0,2,0,0,0,0,0,0,0,5,0,0,0,6,0,0,0,0,0,2,0,0,0,1,0,0,0,0,0,0,0,0,0,0,0,0,0,0,0,0,1,0,0,5,0,0,0,0,4,0,0,0,2,0,2,0,35,0,0,0,0,0,1,0,26,0,0,2,0,0,0,0,1,3,1,0,0,0,0,0,0,1,0,0,4,0,0,0,0,0,0,2,0,0,0,0,0,0,0,12,0,0,0,1,0,0,0,0,9,0,0,1,0,0,0,0,0,0,0,0,0,0,0,0,1,0,0,1,0,0,0,0,0,26,1,7,0,0,4,0,0,2,0,0,0,0,0,0,0,0,0,0,0,0,0,0,0,0,0,0,6,0,0,1,0,0,1,0,0,0,0,1,0,0,0,1,0,0,0,0,1,0,2,3,0,1,0,0,0,0,0,0,0,0,0,0,0,0,3,1,0,21,13,0,0,0,0,0,0,0,0,0,0,1,0,1,0,0,0,0,0,0,0,22,0,7,0,0,0,0,0,1,5,0,0,0,7,0,0,0,0,0,0,0,0,0,0,1,6,0,0,0,0,0,0,2,0,0,0,0,30,0,0,0,2,0,0,0,43,0,0,0,0,0,0,11,0,0,0,0,1,0,0,0,29,0,1,0,0,0,0,0
299,0,0,0,5,4,0,0,5,0,0,28,1,1,0,0,2,3,0,0,3,0,1,0,0,11,0,0,1,0,0,0,0,1,0,0,0,0,0,1,0,0,1,0,0,0,0,0,0,0,0,0,0,0,0,0,1,0,8,6,0,0,5,0,0,0,0,0,0,0,0,0,0,0,0,0,0,0,1,0,0,0,0,0,0,0,0,0,0,0,0,0,50,0,0,0,0,0,0,0,25,2,0,2,0,2,1,0,0,0,0,0,3,2,0,0,0,0,0,0,0,0,1,6,0,0,0,0,0,0,7,9,0,0,0,0,0,0,2,0,4,0,2,0,0,0,0,0,1,1,0,5,0,0,0,0,1,2,1,0,0,0,0,0,0,0,11,0,0,0,0,4,0,0,0,0,0,1,0,0,2,0,0,0,0,0,0,0,0,0,0,0,0,1,0,3,0,0,2,0,0,3,0,0,0,2,0,0,1,0,0,0,0,0,3,0,0,0,0,10,0,0,1,0,0,0,0,3,0,1,0,0,0,0,2,0,0,5,0,0,1,2,0,8,0,0,0,0,0,0,2,0,10,0,0,0,0,0,0,2,0,0,2,0,10,0,0,0,0,0,0,16,0,0,0,0,0,1,0,2,0,0,0,0,0,0,0,0,0,0,0,0,1,0,0,0,0,0,0,4,0,0,0,8,0,4,0,19,0,3,0,0,1,0,4,0,0,0,0,0,7,0,1,15,0,0,0,0,0,11,0
300,0,0,0,0,9,0,8,29,0,0,0,0,4,0,0,0,0,2,0,0,0,0,0,0,0,0,0,0,0,0,0,2,0,0,0,0,6,1,0,1,0,0,0,0,0,0,0,0,39,0,0,0,0,9,0,0,1,0,0,2,0,3,0,0,0,0,0,0,0,0,0,0,0,0,0,0,1,0,0,0,0,0,0,0,0,1,5,0,3,2,0,0,0,2,0,0,0,0,0,0,0,15,9,0,16,0,0,0,0,0,0,11,0,0,1,1,24,0,0,6,0,1,3,0,6,0,0,0,0,0,0,0,0,0,0,0,0,16,3,0,9,4,0,0,0,0,0,0,0,0,0,0,0,0,0,0,0,0,0,0,0,0,2,0,3,0,0,3,0,1,1,0,3,2,0,0,2,0,0,2,0,0,7,0,0,0,0,0,0,0,0,0,0,0,0,0,0,0,0,0,0,0,0,0,1,0,0,0,0,0,1,0,2,0,0,0,0,0,0,0,0,0,0,0,0,0,0,2,0,0,0,0,0,0,1,0,0,0,0,0,2,0,0,0,0,0,8,0,0,0,0,0,0,0,0,0,0,0,2,0,2,30,10,0,0,0,0,0,0,0,3,7,0,6,0,0,0,0,1,0,0,1,0,0,0,0,5,0,2,0,0,0,0,4,0,0,0,0,0,8,0,0,0,0,0,0,21,2,0,0,2,0,0,0,0,0,0,0,0,0,0,0,6,0,0,0,20,0,0,0
301,0,0,0,0,2,7,1,39,0,0,17,0,0,3,0,0,0,0,0,1,0,1,0,0,0,0,3,0,0,1,0,11,0,0,0,0,5,0,0,1,0,0,0,0,0,0,0,7,0,0,0,0,0,4,0,0,0,0,0,0,0,7,0,0,0,0,0,0,0,0,0,0,0,5,0,0,0,0,0,0,0,0,0,0,0,0,0,0,0,3,3,0,0,3,0,0,0,0,0,0,0,0,2,0,0,0,0,0,0,0,0,9,2,0,1,0,0,0,0,6,0,3,5,0,5,0,0,2,0,0,0,0,0,0,0,0,0,8,0,0,0,5,0,0,0,0,0,0,0,0,0,1,0,0,0,0,0,0,4,4,0,3,0,0,0,0,1,0,0,0,3,37,1,4,0,0,2,0,0,1,0,3,0,0,0,0,0,0,0,0,0,0,0,0,0,0,0,0,0,0,0,0,0,0,0,0,3,0,9,0,0,17,1,2,0,1,0,1,3,0,0,0,0,1,0,0,1,0,0,0,0,0,0,0,0,0,0,0,0,0,10,0,0,0,0,0,0,0,4,0,0,0,0,0,0,0,0,0,0,5,0,28,18,0,0,1,0,0,0,0,0,0,0,0,0,0,0,1,3,1,0,0,0,0,0,0,0,0,1,0,0,0,0,6,0,5,1,0,4,0,0,0,0,0,0,0,0,0,0,0,0,2,0,12,0,0,0,0,0,1,0,0,16,0,1,0,6,0,1,0
302,6,0,0,0,22,14,0,46,0,3,5,0,0,0,0,0,0,0,0,1,0,0,5,0,1,0,0,0,0,0,0,1,0,0,0,0,0,0,0,2,0,0,0,0,1,0,0,0,0,0,0,0,0,10,0,0,0,1,0,0,0,0,0,0,1,0,0,0,0,2,0,14,0,0,0,0,0,0,0,0,0,0,0,0,0,0,0,0,0,0,18,1,1,1,0,0,0,0,0,2,0,12,4,0,14,1,0,0,0,0,1,0,4,0,0,0,0,0,0,0,0,2,4,0,0,3,0,0,0,0,0,0,0,1,0,0,0,2,0,0,0,0,0,0,0,0,9,0,0,0,1,0,0,0,0,0,0,0,0,0,1,0,2,0,0,1,0,0,0,0,0,12,0,6,0,0,2,0,0,0,0,0,0,5,0,0,7,0,0,0,0,0,0,0,0,0,0,0,0,0,11,1,0,0,0,0,2,0,9,2,0,0,0,3,0,0,0,0,1,0,0,0,0,0,0,0,0,1,0,0,0,0,0,0,0,0,1,0,0,0,29,4,6,14,0,0,0,0,3,0,0,0,0,0,0,0,0,0,0,0,0,7,0,20,1,1,0,0,0,0,5,0,0,0,3,0,1,1,0,0,0,2,0,0,0,0,1,0,3,0,0,0,3,5,0,0,0,0,8,0,0,0,2,0,0,0,4,9,0,0,0,0,2,12,0,0,0,0,0,0,0,1,50,4,0,0,7,1,0,0
303,0,0,0,0,2,0,10,15,0,0,17,0,0,0,0,0,0,0,0,0,0,0,0,0,0,0,6,1,0,0,0,2,1,0,0,0,5,0,0,0,0,0,0,0,0,0,1,0,0,3,0,0,0,1,7,0,12,1,0,1,0,0,0,0,0,0,0,0,0,0,0,0,0,1,0,0,0,0,0,0,0,0,0,0,0,0,0,0,7,0,1,0,0,0,0,0,0,0,2,0,0,0,0,0,1,0,0,0,0,2,0,14,0,0,0,1,0,0,0,3,0,0,1,0,0,0,1,2,0,0,0,0,1,0,0,0,0,5,0,0,0,4,0,0,0,7,0,1,0,1,0,0,0,0,0,1,0,0,0,0,0,2,0,0,0,1,4,0,0,0,6,6,0,0,0,2,1,0,0,1,1,0,0,0,0,0,0,0,0,0,0,0,0,0,0,0,1,0,0,0,2,0,0,0,0,0,0,0,0,0,0,0,0,1,0,0,0,0,15,0,0,0,0,0,1,0,3,0,2,0,0,0,0,3,0,0,0,0,0,0,9,0,0,1,0,0,0,0,0,0,0,0,0,0,0,1,0,0,0,0,1,4,5,0,0,0,0,0,0,0,8,0,0,0,0,0,0,0,5,0,1,0,0,0,0,0,0,0,9,0,0,0,0,0,0,0,4,0,7,3,0,0,0,0,3,1,3,0,0,0,0,1,0,0,0,0,0,0,0,0,0,0,3,0,0,0,0,0,0,0
304,0,0,0,0,14,0,1,27,0,1,10,0,0,0,0,0,0,0,0,0,0,0,0,4,0,0,0,0,0,0,0,6,0,0,0,0,11,0,0,1,0,0,0,0,0,0,0,0,0,0,0,0,0,0,0,0,0,0,0,1,0,0,0,0,0,0,0,0,0,0,0,0,0,0,0,0,0,0,1,0,0,0,0,0,0,0,0,0,0,3,0,0,0,0,0,1,0,0,0,0,1,0,8,0,6,1,0,0,0,0,0,4,0,0,1,1,0,0,1,12,2,2,0,0,0,17,0,2,0,0,34,0,0,0,0,0,0,9,2,0,0,3,0,2,0,0,9,0,0,0,0,0,0,0,0,0,0,0,0,0,0,0,0,0,1,0,2,0,0,0,0,14,13,5,0,0,6,0,0,0,0,0,0,2,0,0,0,2,0,0,11,0,0,0,0,0,0,0,0,0,0,0,0,0,0,0,0,0,26,0,0,5,0,0,0,2,0,0,3,3,0,0,0,0,0,2,0,1,0,0,0,0,0,0,0,0,0,0,0,0,10,0,2,3,0,2,4,0,0,2,0,0,0,0,0,0,0,0,0,0,5,7,7,5,0,0,0,0,0,0,2,0,0,0,0,0,0,0,0,0,0,0,0,0,0,0,13,0,1,0,0,0,0,1,0,0,1,0,13,4,8,0,1,0,0,0,8,0,0,0,0,1,0,0,0,1,1,0,0,0,5,0,47,4,0,0,0,0,0,0
305,0,0,2,0,0,5,7,9,0,0,2,0,0,0,0,0,4,0,0,0,0,0,0,0,17,0,4,0,0,0,0,1,1,0,0,0,4,0,0,1,0,0,0,0,0,7,1,0,0,0,0,0,0,0,6,0,3,0,0,1,0,2,0,0,0,0,0,1,0,0,0,0,0,0,0,0,2,0,0,0,0,0,0,0,0,0,2,0,0,0,0,0,0,0,0,0,0,0,4,0,1,0,1,0,0,0,0,0,0,0,0,8,0,0,0,1,0,0,0,5,0,1,8,0,0,2,1,9,0,0,0,0,0,0,0,0,0,7,7,0,0,0,6,0,0,0,0,0,0,12,0,1,0,0,0,0,0,0,0,0,0,0,0,0,0,0,0,0,0,0,12,2,0,0,0,0,0,3,0,0,0,0,0,0,0,0,11,0,0,0,0,0,2,0,0,0,1,4,0,0,0,0,0,0,0,0,0,4,0,0,0,0,0,0,0,0,0,0,7,0,0,0,0,0,0,1,0,3,0,1,0,0,1,3,0,0,0,0,0,0,1,0,0,0,0,0,0,11,0,0,0,0,0,0,2,1,0,0,1,0,0,3,1,0,0,0,0,0,90,0,9,0,0,0,0,0,0,0,0,0,0,1,0,0,0,0,1,0,4,0,0,0,0,0,0,0,1,0,10,5,0,0,7,0,5,0,12,0,0,0,0,2,0,0,0,2,0,0,0,0,0,0,4,0,0,0,0,0,0,0
306,0,0,2,1,1,0,0,13,0,19,31,1,9,0,0,0,1,0,0,2,0,0,2,23,35,0,0,0,0,0,0,0,0,0,0,0,0,3,0,8,0,0,0,0,0,0,12,0,0,0,0,0,0,2,4,0,0,8,0,0,1,3,0,0,0,1,0,1,0,0,0,0,0,0,0,0,1,0,4,0,0,0,0,1,0,8,0,1,0,0,0,9,0,8,3,0,0,0,4,0,0,0,44,0,0,0,0,0,0,0,0,0,3,0,3,0,0,0,0,0,0,0,4,8,2,0,0,0,0,0,0,0,0,0,0,0,0,8,0,4,0,0,0,0,0,0,0,1,0,0,2,0,0,0,0,0,0,0,0,0,0,8,3,0,0,50,0,0,0,0,0,6,0,45,0,0,0,0,0,0,16,0,0,0,0,0,0,0,0,0,0,0,8,0,0,0,0,0,1,0,0,0,0,0,0,0,0,0,0,0,0,0,0,1,0,0,0,0,34,0,0,13,0,0,0,0,1,0,0,0,0,0,0,0,10,0,7,1,0,0,2,0,7,0,0,0,0,0,0,0,0,2,0,0,0,0,0,0,0,0,0,2,0,3,0,0,0,1,0,0,0,1,1,1,0,0,0,0,0,0,6,0,0,0,0,0,0,0,6,0,0,0,0,7,0,0,0,0,1,0,0,0,0,0,0,0,25,2,0,0,0,0,0,0,0,0,0,0,0,4,0,1,5,37,0,5,5,6,0,0
307,0,0,0,0,0,0,0,79,0,0,48,2,0,0,0,1,0,0,0,0,2,0,0,4,10,0,5,0,0,0,0,0,0,0,1,0,3,0,0,0,0,0,0,1,5,0,0,0,0,0,0,0,3,1,6,0,4,0,0,0,2,0,0,0,2,0,0,0,0,0,0,0,0,0,0,0,0,0,0,0,0,0,0,0,0,0,0,0,0,0,0,7,0,8,0,15,0,0,4,0,0,0,16,0,8,0,0,0,0,2,1,0,0,0,2,0,0,0,0,0,0,0,3,0,0,3,0,3,0,0,0,0,0,0,0,0,0,8,0,0,2,1,0,0,0,0,0,5,0,0,0,0,0,0,0,0,0,1,2,0,0,3,0,0,0,0,0,0,0,0,8,0,1,22,0,0,1,0,0,0,18,1,0,0,0,0,0,1,0,0,0,1,0,0,0,1,0,0,0,0,0,0,0,0,0,0,0,0,0,0,1,0,0,0,0,0,0,0,58,0,0,0,0,0,1,1,2,0,0,0,0,1,0,0,10,0,0,8,0,0,3,0,7,0,0,0,14,0,0,0,0,0,0,0,0,0,0,0,0,0,4,26,5,0,0,0,0,0,72,1,1,4,0,0,0,0,5,0,0,1,0,0,0,0,0,0,1,0,9,0,0,0,0,0,0,0,23,0,1,0,0,1,0,3,0,0,10,1,0,0,0,7,0,0,0,0,0,0,1,0,0,1,0,0,0,0,0,2,0,0
308,0,0,0,0,6,0,6,35,0,0,9,2,1,12,0,0,0,0,0,0,0,0,0,0,30,0,0,1,0,0,0,0,1,1,0,2,0,0,0,0,0,0,0,0,0,0,0,0,0,1,0,0,0,0,0,1,4,1,2,0,0,7,0,0,1,1,0,0,0,0,0,2,0,0,0,0,1,0,0,0,0,0,0,0,0,0,2,6,7,0,0,5,0,0,0,0,0,4,0,0,0,0,1,0,1,2,0,0,0,0,0,2,0,0,11,2,0,2,0,0,4,1,0,0,0,0,0,34,0,2,0,0,0,0,0,18,0,22,7,0,0,0,0,0,2,0,4,0,0,0,1,0,0,0,0,0,0,0,0,0,0,3,49,0,0,0,0,0,0,0,0,2,0,1,0,0,0,3,0,0,0,0,0,0,0,0,5,0,0,0,0,0,0,0,7,0,0,0,0,1,0,0,0,0,0,2,0,1,0,0,0,0,0,0,0,0,0,0,21,3,0,0,0,0,0,0,4,0,0,0,0,0,0,0,0,0,6,1,0,1,4,0,0,0,0,0,0,0,0,0,0,2,0,1,0,0,1,0,0,0,0,0,0,15,0,0,0,0,0,0,7,0,0,0,1,0,1,0,0,0,0,0,0,0,0,0,1,0,2,0,0,0,0,0,0,0,0,0,0,0,0,0,5,0,0,0,20,0,0,0,0,0,0,0,0,0,0,0,0,0,0,0,2,0,0,0,0,0,0,0
309,0,0,1,0,1,0,4,23,0,0,8,0,0,0,0,0,0,0,0,0,0,0,0,0,0,0,20,0,0,0,0,2,0,0,0,0,0,3,0,3,0,0,0,0,0,1,0,6,0,1,0,0,1,0,0,0,4,0,0,1,0,2,0,0,0,1,0,0,0,0,0,0,0,0,0,0,0,0,1,0,0,0,0,0,1,0,0,0,0,0,0,0,1,6,0,6,0,0,12,0,1,0,39,0,0,0,0,0,0,0,0,1,0,0,4,0,0,0,0,1,0,0,6,0,0,0,0,2,0,0,0,0,1,0,0,1,0,16,28,0,0,0,0,0,0,0,0,0,0,9,4,0,0,0,0,0,0,0,1,6,0,0,0,0,0,0,0,0,0,0,22,3,1,77,0,0,0,0,0,0,4,0,0,0,0,0,0,0,0,0,0,0,8,0,0,0,0,0,0,0,0,0,0,0,0,0,0,7,0,0,1,1,0,1,0,0,0,0,30,0,0,0,0,3,0,2,1,0,0,0,0,0,0,0,12,0,0,0,0,0,3,0,0,0,0,1,0,7,5,25,0,0,1,0,0,0,0,0,0,0,0,110,1,0,0,0,0,2,0,0,0,0,0,0,0,0,0,0,0,0,0,2,0,0,0,0,3,0,1,0,1,0,0,0,0,0,0,0,0,0,0,0,0,0,0,0,5,0,0,0,0,2,0,0,9,0,5,0,2,0,0,1,1,0,0,0,0,2,0,0
310,0,0,4,0,0,0,0,28,0,0,21,0,0,0,0,0,0,0,0,1,0,1,0,0,0,0,0,0,0,0,0,0,0,0,0,0,0,0,0,0,0,0,0,0,0,0,0,0,0,0,0,0,3,4,0,0,0,6,0,0,0,0,0,0,1,2,0,0,0,0,0,0,2,0,0,11,0,0,0,0,0,0,0,0,0,0,2,0,0,0,0,7,0,18,0,0,0,0,0,0,1,0,65,0,12,0,0,0,0,0,1,0,0,0,0,0,0,0,0,0,0,0,6,4,0,0,0,0,0,1,0,2,0,0,0,0,0,5,3,6,0,1,24,7,0,0,7,4,0,0,0,0,0,0,1,0,3,0,0,0,0,14,1,0,0,6,0,0,0,0,0,2,0,14,0,0,0,0,4,0,2,0,0,0,0,0,0,0,0,0,0,0,0,0,3,0,0,0,0,2,0,0,4,0,0,0,0,0,0,0,0,0,0,1,0,0,0,0,27,0,0,10,0,0,0,0,1,0,0,0,3,0,0,0,1,0,10,0,0,6,0,0,6,0,0,1,16,5,0,12,0,3,0,0,0,0,6,0,0,0,0,6,2,1,0,0,0,3,0,2,0,0,0,0,0,0,0,0,0,0,0,0,0,0,0,0,0,0,16,1,0,0,0,5,0,0,17,0,0,0,0,0,0,0,0,0,23,0,0,0,0,0,0,0,0,0,0,0,0,0,0,3,3,46,0,6,4,3,0,1
311,0,4,0,1,9,1,10,4,0,0,5,2,0,0,0,1,0,1,0,0,2,0,0,12,8,0,0,0,0,2,0,0,0,0,0,0,0,0,0,0,0,0,0,0,0,0,0,0,0,0,0,2,0,0,0,0,5,11,0,1,0,3,0,0,0,0,0,0,0,4,0,0,0,0,0,0,2,0,0,0,0,0,0,0,0,0,0,2,0,0,0,11,0,0,0,3,0,0,0,0,0,0,2,0,0,1,0,0,0,0,23,1,0,0,0,0,0,0,0,0,0,0,0,0,0,0,0,0,5,0,13,11,0,0,0,0,0,23,0,0,0,3,0,0,0,0,0,1,0,0,11,0,0,1,1,0,0,1,0,0,0,1,36,1,0,16,0,0,0,0,11,1,0,0,0,2,1,4,0,0,0,0,15,0,0,0,0,1,0,0,0,0,0,3,0,0,0,1,0,0,0,0,0,0,0,0,0,0,0,0,0,0,0,6,0,4,0,0,15,0,0,4,9,0,0,0,5,2,0,0,0,0,0,0,0,1,0,0,0,0,0,4,7,0,0,0,0,0,0,0,0,3,0,0,1,0,0,0,0,0,1,4,0,14,0,0,0,0,9,0,6,0,0,1,4,0,2,0,0,0,0,0,0,0,0,0,0,0,0,0,0,0,0,0,0,0,0,0,8,0,0,8,13,0,0,0,16,0,0,0,0,0,2,7,0,0,0,0,33,0,0,2,5,0,0,5,0,0,0,0
312,0,1,2,0,7,0,13,27,0,0,14,0,0,0,0,0,0,0,2,1,0,0,0,0,43,0,0,0,0,0,0,0,0,0,0,3,0,0,0,0,0,0,0,0,0,0,0,0,0,0,0,0,0,1,0,0,0,1,0,0,0,0,0,0,0,0,0,1,0,0,0,1,0,2,0,0,2,0,0,0,0,0,0,0,0,0,0,0,0,0,1,34,0,0,0,0,0,0,0,0,1,0,1,3,0,0,0,0,0,0,34,3,4,0,31,0,0,0,0,0,0,0,6,0,0,0,0,0,0,3,0,0,0,0,0,20,0,6,0,1,3,0,0,0,0,0,6,1,0,5,16,0,0,0,0,0,3,0,0,0,1,8,20,0,0,2,0,0,0,1,0,0,0,1,0,0,1,0,1,0,0,0,0,0,0,0,11,0,0,0,0,0,0,0,0,0,2,0,0,0,0,0,0,0,0,0,0,0,16,0,0,0,0,14,0,0,0,0,13,0,0,0,0,0,0,0,1,0,0,0,0,0,0,0,0,0,0,0,0,0,4,0,40,0,0,0,0,12,1,0,0,4,0,0,0,0,0,0,0,0,0,0,0,7,5,0,0,0,0,1,4,26,0,0,0,0,0,0,0,0,0,0,0,1,0,0,1,0,12,0,0,0,0,0,0,0,0,0,0,0,0,0,4,0,0,0,27,0,0,0,0,0,1,1,0,0,0,0,0,11,0,1,12,0,0,8,1,0,0,0
313,0,0,0,0,0,0,0,7,0,6,36,0,0,0,0,0,0,1,0,0,0,0,0,0,0,0,7,0,0,0,0,1,0,0,0,0,6,0,0,0,0,0,0,0,0,7,0,0,0,1,0,3,3,0,0,0,0,0,5,0,0,3,0,0,0,0,1,0,0,8,0,0,0,2,0,0,0,0,0,0,0,0,0,0,0,0,0,0,0,0,0,4,0,0,0,0,0,9,0,0,0,0,1,0,3,0,0,0,0,0,0,12,1,0,67,0,0,0,0,4,0,1,2,0,0,0,0,0,0,0,0,0,3,0,0,0,0,11,0,2,0,3,0,0,0,0,5,1,0,0,0,0,0,0,0,0,0,0,0,0,0,2,13,0,0,19,0,0,1,0,24,1,0,1,0,0,1,0,2,0,1,0,0,0,0,0,0,0,8,0,0,0,1,0,7,0,0,0,1,1,0,0,0,0,8,0,0,0,0,0,0,3,0,0,0,0,0,0,26,0,0,0,3,0,0,0,2,3,0,0,0,4,0,0,0,0,0,1,1,0,3,0,5,0,0,0,3,4,1,3,5,0,0,0,0,0,0,0,0,0,2,2,3,0,0,0,0,0,0,0,9,0,0,0,7,0,0,0,2,0,0,0,0,0,0,0,1,0,3,0,0,0,0,1,0,0,0,0,6,2,0,0,0,2,0,0,7,0,0,0,0,1,0,0,0,0,0,0,0,6,0,1,4,0,0,0,0,0,0,0
314,0,0,0,0,11,27,0,87,0,0,6,7,0,3,2,0,1,0,0,0,0,0,4,0,9,0,0,0,0,0,0,0,0,0,0,0,0,0,0,0,0,0,0,0,0,0,0,0,0,0,0,11,0,3,0,14,0,0,0,1,0,3,0,0,0,0,0,0,0,0,0,0,0,0,0,0,0,2,0,0,0,0,0,0,0,0,0,0,0,0,6,2,0,1,0,0,0,2,0,0,0,0,6,0,7,1,0,0,0,0,0,0,1,0,0,0,2,0,0,1,2,14,1,0,0,0,0,0,0,3,0,1,0,0,0,0,0,18,0,0,3,0,0,0,0,0,24,0,0,0,0,0,0,0,0,0,0,0,0,0,0,13,0,0,1,0,0,15,0,0,0,0,5,2,0,0,3,0,6,0,0,1,0,0,0,0,0,0,0,0,0,0,0,0,0,4,0,0,5,0,6,3,0,0,0,0,0,0,0,0,0,0,0,5,0,3,0,0,1,0,0,0,0,0,0,0,0,0,0,0,0,0,0,0,0,0,3,0,0,7,8,2,4,7,0,6,0,0,1,0,0,4,9,3,0,0,0,0,0,0,0,35,0,30,1,0,0,0,0,0,3,0,0,0,6,0,0,2,0,0,0,0,0,0,0,0,0,0,0,1,0,0,0,9,0,0,0,0,19,0,0,0,1,0,0,0,0,5,0,0,0,0,0,0,0,7,0,0,0,4,0,0,3,0,0,0,0,0,0,0
315,0,0,0,0,27,0,0,41,0,0,4,1,0,0,0,1,1,0,0,0,0,0,0,0,3,0,1,0,1,0,0,0,0,0,0,0,0,0,0,0,0,0,0,0,0,0,0,0,0,0,0,14,0,0,0,1,0,1,0,0,0,4,0,0,0,0,0,0,0,0,0,0,0,0,0,0,0,0,0,0,0,0,0,0,0,0,0,0,0,0,3,2,0,0,0,0,0,0,0,0,0,0,4,0,9,3,0,0,0,0,0,7,0,1,0,0,0,0,0,0,0,0,0,0,0,0,0,0,0,5,0,0,0,0,0,0,0,3,2,0,0,2,0,7,0,0,13,0,0,1,1,0,0,0,0,0,0,3,0,0,0,6,5,0,0,1,0,5,0,0,0,46,0,0,0,0,1,0,0,0,0,1,0,0,0,0,0,0,0,0,0,0,4,0,0,0,0,0,0,0,0,0,0,0,0,0,0,0,0,0,0,0,0,3,0,0,0,0,2,0,0,0,0,0,0,0,0,0,0,0,0,0,2,0,0,0,2,0,8,0,8,0,1,0,0,0,0,0,0,0,0,1,0,0,0,0,0,0,0,6,3,15,6,24,0,0,0,0,1,2,10,0,1,0,2,0,0,0,4,0,0,0,0,0,0,0,4,0,2,0,0,4,0,3,0,0,1,0,7,0,0,0,1,0,1,0,6,5,0,0,0,0,0,9,0,0,0,0,0,0,0,0,29,0,1,0,0,0,0,0
316,0,0,0,0,0,0,3,82,0,0,8,0,0,0,0,0,0,0,0,0,0,0,0,0,0,0,2,0,0,0,0,0,0,0,0,0,5,1,1,5,0,0,0,0,11,1,0,5,0,4,0,0,5,5,4,0,5,2,0,0,0,0,14,0,1,0,2,0,0,0,0,3,0,0,0,0,1,0,0,0,0,0,0,0,1,0,0,0,0,0,0,5,2,44,0,8,0,0,5,0,0,0,61,0,0,0,0,0,0,3,1,0,0,0,0,0,0,0,0,0,0,0,3,0,0,0,0,2,0,0,0,2,0,0,0,0,0,10,0,6,0,0,0,0,0,0,11,2,0,0,0,0,0,0,0,0,0,0,0,0,0,6,0,0,0,0,0,0,0,0,37,4,0,23,0,0,1,9,1,0,0,0,3,0,0,0,0,0,0,0,0,0,0,0,0,0,0,0,1,0,0,0,6,0,0,0,2,0,0,0,1,0,0,0,1,0,0,0,6,6,1,0,28,0,0,2,0,1,2,0,0,0,0,0,2,0,8,8,0,5,1,0,0,0,0,1,0,0,0,8,0,0,0,0,0,0,0,0,0,0,8,17,4,0,1,0,5,0,0,0,1,1,0,0,0,1,5,0,0,0,0,0,0,0,0,0,0,0,1,0,0,0,0,18,0,0,11,0,0,1,0,0,0,0,0,0,0,0,3,0,0,9,1,0,1,1,0,0,1,0,0,1,1,0,0,0,0,0,58,0
317,0,0,0,0,14,0,0,51,0,0,3,3,0,4,0,0,0,0,7,0,0,0,0,0,0,4,0,0,0,0,0,1,0,0,0,0,8,0,0,0,0,0,0,0,0,0,1,3,0,1,0,0,0,2,0,0,0,6,0,0,0,0,0,0,0,0,0,0,0,20,0,0,0,2,0,0,1,0,0,0,0,0,4,0,0,0,1,0,0,0,1,0,0,0,0,2,0,0,0,0,1,0,1,0,2,0,0,0,0,2,22,0,0,0,0,0,0,0,0,0,0,0,7,0,0,0,0,0,0,0,0,0,0,0,0,46,0,7,7,0,0,2,0,0,0,0,23,0,0,8,0,0,0,0,0,0,0,0,0,0,0,1,22,0,0,3,0,0,1,0,0,0,0,1,0,0,0,3,0,1,0,0,7,1,0,0,0,0,0,0,0,0,0,0,0,0,0,0,0,1,0,0,0,0,0,0,0,1,0,0,0,0,0,1,0,0,1,0,20,29,0,0,0,0,0,0,0,0,0,1,0,2,0,0,0,0,2,0,0,0,3,0,7,0,0,0,1,0,0,0,0,3,0,0,0,0,0,0,0,0,0,1,0,4,0,0,0,0,12,0,20,0,0,0,3,0,0,0,0,0,0,0,0,0,0,0,0,0,5,0,0,0,0,0,3,0,2,0,10,0,0,0,7,0,0,0,26,0,0,0,0,0,0,1,0,0,0,0,0,2,0,0,2,0,0,0,0,1,13,0
318,0,0,0,0,0,0,0,27,0,8,15,2,0,0,0,1,2,0,0,0,1,0,0,0,0,0,0,0,0,0,0,1,0,0,0,0,0,1,0,0,0,0,0,0,0,0,0,0,0,0,0,0,1,0,0,1,20,1,0,0,0,0,0,0,0,0,0,1,0,0,0,1,0,0,0,0,0,1,0,0,0,1,0,20,0,0,0,0,0,0,0,0,0,1,0,0,0,0,0,0,1,0,0,0,3,0,0,0,0,0,0,4,0,0,29,0,0,0,0,7,6,1,0,0,0,3,0,0,0,0,0,0,0,0,0,18,0,18,1,0,0,0,0,0,1,0,33,1,4,0,0,0,0,0,0,0,0,0,0,0,0,1,49,1,0,9,4,0,0,0,15,1,0,0,0,0,1,0,1,0,0,0,0,1,0,0,0,0,0,0,0,0,0,0,6,0,0,0,0,0,0,0,6,0,7,0,0,0,0,0,0,0,0,0,0,0,0,0,7,0,0,0,4,0,1,1,1,0,0,0,0,0,0,0,0,0,0,0,0,0,1,0,0,0,0,0,2,0,0,4,0,0,0,0,4,0,0,1,0,0,3,0,2,0,3,0,0,0,0,0,1,6,0,0,0,0,0,0,0,0,0,0,0,0,0,0,0,0,22,0,0,0,0,0,0,0,0,0,0,0,0,0,8,0,0,2,0,0,0,0,0,2,0,0,1,1,0,0,0,0,0,0,3,0,0,0,0,1,0,0
319,0,0,0,0,0,0,2,46,0,0,11,2,0,0,0,0,0,0,0,0,0,0,0,2,0,0,0,0,0,1,0,2,0,0,0,0,0,0,0,0,0,0,0,0,0,0,0,9,0,1,0,0,0,5,0,3,0,0,8,4,0,2,0,0,0,0,0,0,2,0,0,0,0,2,0,3,0,0,0,0,0,0,0,0,0,0,0,0,6,5,2,0,0,0,0,0,0,0,0,0,0,0,3,1,2,2,0,0,0,0,2,21,0,0,2,0,0,0,0,4,0,15,0,0,0,0,0,1,0,0,31,0,0,0,0,0,0,4,0,0,0,0,0,0,0,2,9,0,0,0,0,0,0,0,0,0,0,0,0,0,0,0,0,1,0,0,1,0,0,0,2,63,1,2,0,0,3,0,0,0,2,0,0,0,0,1,10,0,0,2,4,0,0,0,0,9,0,0,0,0,0,0,0,0,0,0,0,0,12,0,1,0,0,0,0,0,0,0,0,0,0,1,0,0,0,0,1,0,0,0,0,0,1,0,0,0,4,0,0,0,12,0,9,0,0,0,0,0,0,4,0,0,2,9,0,0,0,0,0,0,3,12,33,0,0,0,0,0,0,0,2,0,0,0,0,0,0,0,3,0,0,0,0,0,0,1,5,0,3,0,0,2,0,0,0,0,2,0,0,2,4,0,0,0,1,0,0,0,0,0,0,1,0,0,0,0,0,0,0,0,0,0,10,0,0,0,0,0,0,0
320,0,0,0,11,7,0,0,66,0,0,4,0,0,0,0,0,0,0,0,0,0,0,1,0,0,0,3,0,0,0,0,3,0,0,0,0,5,0,0,6,0,0,0,0,0,0,0,2,0,0,0,0,1,2,0,10,0,0,10,0,0,3,0,0,0,0,0,1,1,0,0,0,0,5,0,7,0,0,0,0,0,3,0,0,0,0,0,0,0,0,9,1,0,2,14,0,0,0,0,0,0,0,13,2,16,0,0,0,0,0,0,35,0,0,1,0,3,0,0,7,0,6,0,1,0,0,0,1,0,0,0,0,0,0,0,0,0,0,0,0,0,0,0,0,0,0,0,0,0,0,0,1,0,0,0,0,0,2,4,6,0,0,1,0,0,0,0,0,0,0,0,25,0,1,0,0,0,0,0,0,0,0,3,0,0,0,0,0,0,0,0,0,0,0,1,0,0,0,9,0,0,0,0,0,0,0,0,0,95,0,0,0,0,0,0,0,0,0,1,0,0,0,0,0,0,4,0,0,0,0,0,0,0,0,0,0,0,0,0,0,1,0,0,0,0,0,0,0,6,2,0,0,0,3,0,0,0,0,0,0,0,16,18,0,0,0,0,1,1,0,5,3,0,0,0,0,0,0,0,0,0,0,0,1,0,0,2,0,2,0,0,0,5,1,0,2,0,0,0,0,6,0,2,0,0,0,0,0,0,1,0,2,0,0,0,0,0,0,12,0,0,0,20,0,0,0,0,0,0,0
321,0,1,0,1,4,0,0,44,0,0,24,10,0,0,0,0,1,0,0,0,0,0,0,0,22,0,0,0,0,0,0,1,0,0,0,0,2,0,0,0,0,0,0,0,0,0,0,0,0,0,0,0,0,0,0,0,0,8,6,0,3,0,0,0,0,0,3,0,0,0,0,17,0,0,0,0,0,1,2,0,1,0,0,0,0,0,0,0,0,0,0,26,0,6,0,14,0,0,0,0,2,1,41,0,26,2,1,0,0,0,0,0,2,0,0,0,0,12,0,0,0,0,0,0,0,0,0,0,1,0,0,0,1,0,1,0,0,7,9,5,0,0,0,0,0,0,4,1,0,0,4,0,0,0,0,0,0,1,0,0,0,13,3,0,0,1,0,0,0,0,0,6,0,39,0,0,1,0,0,0,4,0,0,0,0,1,0,0,0,0,0,0,0,0,0,0,0,0,0,0,0,0,0,0,0,0,0,0,0,0,0,0,0,1,0,0,0,0,9,0,0,0,0,0,0,0,0,0,0,0,2,0,14,0,1,0,0,0,0,0,9,0,16,0,0,0,33,0,4,0,0,3,0,0,0,0,0,0,0,0,0,32,0,1,0,0,0,0,0,1,0,1,0,0,2,0,0,0,0,0,0,0,0,0,0,0,2,0,10,0,0,0,0,6,0,1,13,0,0,0,0,0,0,0,0,0,21,1,1,0,0,0,1,1,0,0,0,0,2,4,0,1,3,0,0,0,5,1,28,0
322,5,0,0,0,0,0,6,69,0,0,17,2,0,0,0,0,0,0,0,1,0,0,0,0,1,0,1,0,0,1,0,4,0,0,0,0,4,0,0,1,0,0,0,0,1,0,0,0,0,0,0,0,0,5,0,0,1,0,0,1,0,3,0,0,0,0,0,0,0,0,0,0,0,0,0,0,0,0,0,6,0,4,0,0,0,0,0,0,0,0,5,0,0,1,0,0,0,0,0,0,0,7,14,0,3,0,0,0,0,0,0,10,0,0,1,0,0,0,0,8,0,0,0,0,0,0,0,2,0,0,0,0,0,0,0,0,0,2,1,0,0,0,0,4,0,1,0,0,0,0,0,0,0,0,0,0,3,0,0,0,0,0,1,0,0,0,2,0,0,0,2,18,6,1,3,0,1,0,0,0,0,0,0,0,0,0,0,1,0,1,0,0,0,0,0,0,0,0,3,0,0,0,0,0,0,0,0,0,0,0,1,0,1,0,0,0,0,0,0,3,0,1,6,0,0,3,0,0,0,0,0,0,0,0,0,0,2,0,0,0,17,0,5,0,0,0,0,0,0,0,0,0,0,0,0,0,0,0,0,0,0,9,13,0,0,1,0,0,0,0,6,4,0,0,0,0,0,0,0,0,0,0,0,0,0,0,12,0,3,1,0,0,0,3,0,0,0,0,0,0,0,0,0,0,0,0,0,0,0,0,2,0,1,0,0,4,0,0,0,1,0,0,13,0,0,1,0,0,0,0
323,0,0,0,0,0,0,16,45,1,0,7,0,0,0,0,0,0,0,0,0,0,0,0,0,0,3,0,0,0,0,0,2,0,0,0,0,16,2,0,1,0,0,0,0,5,4,0,0,0,0,0,0,0,0,0,0,4,1,0,0,0,3,0,0,0,0,0,0,0,4,0,0,0,0,0,0,0,0,0,0,0,0,0,0,0,1,0,0,0,0,1,0,0,0,0,0,3,0,0,0,1,0,1,0,2,0,0,0,0,2,27,6,2,0,0,0,0,0,0,5,0,0,7,0,0,0,0,57,0,0,0,0,0,0,0,0,0,14,6,0,0,0,0,0,0,0,4,1,0,0,4,0,0,0,0,0,2,0,0,0,1,2,31,0,0,0,0,0,0,0,5,1,0,0,0,0,1,0,0,0,0,2,0,0,0,0,0,0,0,0,0,0,0,0,0,0,1,0,0,0,0,0,0,0,0,0,0,0,0,0,0,4,0,0,0,1,0,0,13,0,0,0,0,0,1,0,3,0,0,0,0,2,0,0,0,0,0,0,0,0,8,0,3,0,0,0,0,0,1,0,0,0,0,0,0,0,0,2,0,0,0,1,1,0,5,0,0,0,15,0,2,13,0,0,0,0,2,0,0,1,1,0,0,0,0,0,0,0,7,12,0,0,0,0,2,0,3,0,0,5,0,0,21,0,0,0,10,0,0,0,0,1,0,0,1,0,0,0,0,0,0,2,0,4,0,0,0,1,0,0
324,0,0,0,6,2,2,0,12,0,0,36,1,0,0,0,0,0,1,0,0,0,0,0,0,0,5,7,0,0,0,0,0,0,0,0,0,14,0,0,0,0,1,0,0,0,0,0,0,12,2,0,0,0,0,0,0,11,2,0,1,0,7,0,0,0,1,0,1,0,0,0,0,0,0,0,0,0,0,0,0,0,0,0,0,0,0,0,0,0,0,0,0,0,0,0,0,0,0,1,0,0,0,1,0,2,0,0,0,0,0,0,1,0,0,16,0,0,4,0,3,0,0,5,0,0,0,0,3,0,0,0,1,0,0,0,0,0,21,0,0,0,0,9,0,0,0,0,2,0,0,12,0,0,0,0,0,1,0,0,0,0,0,21,0,0,0,0,0,0,1,13,0,0,1,0,0,0,0,0,0,0,0,0,0,0,1,0,0,5,1,3,0,1,0,0,0,0,0,0,0,1,0,0,0,0,0,0,0,0,0,1,0,0,0,0,0,0,0,1,0,0,0,0,0,2,2,5,0,0,0,0,0,1,0,0,0,5,0,1,0,2,1,0,0,0,0,2,0,0,0,0,0,8,0,0,0,1,2,0,0,0,6,0,0,0,0,0,0,26,0,7,31,0,0,0,0,0,0,0,0,0,0,0,0,0,0,2,0,2,6,0,0,0,0,0,0,4,0,4,0,0,0,17,0,0,0,0,0,0,0,0,0,1,0,0,0,0,0,58,3,0,2,2,0,0,0,0,1,0,0
325,0,0,0,0,28,0,0,44,0,5,4,3,0,8,0,0,0,0,0,0,0,0,2,5,0,0,0,0,0,0,0,1,0,0,5,0,0,0,0,3,0,0,0,0,0,0,0,0,0,0,0,4,0,4,0,0,0,0,0,0,1,6,0,0,0,0,0,0,0,0,0,0,0,0,0,0,0,1,0,0,0,0,0,0,0,0,18,0,0,0,0,5,1,0,0,0,0,0,0,0,0,0,14,0,7,0,0,0,0,0,0,0,0,0,0,0,10,0,0,0,0,2,0,0,0,5,0,0,0,0,44,0,0,3,0,0,0,6,0,0,4,0,0,0,0,0,8,0,0,2,0,0,0,0,0,0,4,0,4,0,1,0,13,1,0,1,0,0,0,0,0,85,0,2,0,0,0,0,0,0,0,0,0,0,0,0,6,0,0,0,0,0,0,0,0,5,0,0,0,0,0,0,0,0,0,0,0,0,0,0,0,0,0,13,0,2,0,1,2,0,0,0,0,0,0,0,1,0,0,0,0,0,0,0,0,0,2,0,0,6,11,0,0,6,0,0,0,0,0,0,0,1,0,0,0,0,0,0,0,0,0,0,0,74,0,0,0,0,0,2,4,13,0,0,11,0,0,0,0,0,0,0,0,0,0,0,7,0,0,0,1,2,0,3,0,0,0,0,0,0,6,0,0,0,0,0,3,0,0,0,0,0,0,0,0,0,0,0,0,2,0,1,24,0,0,0,3,0,0,0
326,0,0,0,6,1,0,0,7,0,0,5,7,0,4,0,1,0,0,0,0,0,2,3,0,0,0,3,0,2,0,0,0,0,0,0,0,0,0,0,0,0,0,0,0,0,0,0,0,0,0,0,0,0,0,0,10,0,1,0,0,0,1,0,0,0,0,0,0,0,0,0,0,0,0,0,0,0,1,0,0,0,0,0,0,0,0,0,0,0,4,2,2,0,1,0,0,0,0,0,0,0,0,13,0,14,3,0,0,0,0,0,3,0,0,0,0,0,0,0,0,1,1,2,0,7,0,0,0,0,8,0,0,0,0,0,0,0,38,0,0,0,0,0,0,0,0,11,0,0,1,0,2,0,0,0,0,0,0,0,0,0,4,4,0,0,0,0,0,0,0,0,12,6,2,0,0,2,0,3,1,0,0,0,0,0,0,35,0,0,0,0,0,5,0,0,0,0,0,2,0,0,1,0,0,0,0,4,0,46,0,0,0,0,0,0,0,0,1,1,0,0,0,0,0,0,0,0,0,0,0,0,0,0,0,0,0,15,1,0,8,9,0,5,0,0,0,0,0,0,0,0,2,0,0,0,0,0,0,0,9,0,0,0,35,0,0,0,0,1,1,13,0,0,0,7,0,0,1,0,0,0,0,0,0,0,0,3,0,0,0,0,0,0,9,0,1,0,0,13,2,0,0,1,0,0,0,15,8,0,0,0,0,0,0,0,0,0,1,9,0,10,1,9,1,0,0,0,1,1,0
327,0,0,0,0,25,0,0,41,0,0,41,0,0,0,0,0,0,0,6,0,0,0,0,0,20,6,2,0,2,0,0,0,0,0,0,0,6,0,0,0,0,0,0,0,0,0,1,5,0,0,0,0,0,0,0,0,0,2,0,0,2,3,0,0,0,1,0,0,0,0,0,0,0,0,0,0,1,0,0,0,0,0,1,6,0,0,0,0,0,0,0,26,0,0,0,0,1,0,0,0,0,1,1,0,4,0,0,0,4,0,45,2,1,0,0,0,2,1,0,0,4,0,8,0,0,0,3,14,0,0,0,0,0,0,0,0,0,5,0,0,0,2,0,0,2,0,0,1,0,0,3,0,0,0,1,0,3,0,0,0,0,0,74,0,0,1,0,0,0,0,0,0,0,1,0,0,1,0,0,0,0,0,0,0,0,0,11,0,0,0,4,0,0,0,0,0,0,0,0,0,0,0,0,1,0,0,0,0,0,0,0,0,1,11,0,1,0,0,7,0,0,0,1,0,0,0,3,3,0,0,0,0,0,0,0,0,0,0,0,1,10,0,37,0,0,0,0,0,0,0,0,5,8,0,0,0,0,0,0,0,0,2,0,5,3,0,0,0,0,0,3,0,0,0,5,0,0,0,1,0,0,0,1,1,0,0,1,0,5,0,0,0,0,0,0,0,1,0,16,0,0,0,12,0,15,0,0,0,0,0,0,1,0,2,0,0,0,0,33,0,0,2,4,0,0,0,0,0,9,0
328,0,0,1,0,2,2,0,39,0,0,2,1,1,0,0,0,0,0,0,5,0,0,0,4,46,0,0,0,0,0,1,2,0,0,0,0,4,0,0,0,0,0,0,0,0,0,1,0,0,0,0,0,0,1,0,0,0,2,0,0,1,5,0,0,0,2,1,3,0,0,0,0,0,0,0,0,0,0,0,0,0,0,0,0,0,0,0,0,11,0,0,19,0,0,0,0,1,0,0,0,2,1,0,0,0,1,0,0,0,0,9,3,1,0,0,0,0,0,0,0,0,1,0,0,0,3,1,0,0,0,0,0,0,0,0,0,0,18,0,5,0,4,0,0,0,1,0,1,0,8,0,0,0,0,1,0,1,0,0,0,0,3,91,0,0,18,0,0,0,0,0,4,0,1,0,0,1,0,0,0,0,2,0,0,0,0,0,0,2,0,0,0,1,0,0,0,0,1,0,0,0,0,0,0,0,0,0,0,0,0,0,5,0,0,0,0,0,0,4,0,0,0,0,0,1,0,0,0,0,0,0,8,0,0,0,0,0,0,0,1,8,0,16,0,0,0,2,0,0,0,0,4,0,0,0,0,0,0,0,0,0,0,0,7,4,0,0,0,0,0,3,12,0,0,3,0,0,0,0,0,0,1,0,0,0,0,0,1,3,0,0,0,0,0,0,0,1,0,6,0,0,0,0,0,0,0,39,0,2,0,0,0,2,3,0,0,0,1,0,0,0,1,1,0,0,0,0,0,18,0
329,0,0,0,0,1,3,7,13,0,0,20,1,0,4,0,0,0,0,0,0,0,0,0,0,4,0,0,0,0,1,0,1,0,0,0,1,0,0,0,0,0,0,0,0,0,0,1,0,7,1,0,0,0,0,0,0,13,1,0,0,1,1,0,0,1,0,0,0,0,0,0,0,8,0,0,0,0,0,0,5,0,0,0,0,0,0,0,8,34,0,0,20,0,1,0,2,1,0,0,0,0,0,0,0,6,2,0,0,0,0,22,2,0,0,0,0,0,1,0,0,0,1,1,3,0,0,0,0,0,1,0,0,0,0,0,0,0,2,0,3,0,0,0,0,0,0,6,0,0,4,5,0,0,0,0,0,0,0,0,0,0,0,28,0,0,0,0,0,0,0,0,2,0,1,0,0,1,1,0,0,0,0,0,0,0,0,0,0,0,0,0,0,0,0,5,0,0,0,0,0,0,0,0,0,0,0,0,0,8,0,0,6,4,3,0,1,0,0,22,0,0,1,0,0,0,0,1,0,0,0,0,0,0,2,0,0,6,0,0,1,8,0,9,0,0,0,0,0,0,0,0,6,31,1,3,1,0,0,1,0,1,1,0,31,0,0,0,0,0,0,29,13,0,0,0,1,0,0,2,0,0,0,0,0,0,0,0,0,12,3,0,0,0,0,0,0,0,0,0,0,0,0,0,3,0,0,25,0,0,0,0,2,0,0,0,6,0,0,1,0,0,0,1,0,0,0,0,0,0,0
330,4,0,0,0,0,0,1,28,0,2,18,16,0,7,0,0,0,0,0,0,0,0,1,0,0,1,0,0,0,0,0,3,0,0,0,0,15,0,4,1,0,0,0,0,0,0,1,0,0,0,0,0,1,1,0,0,0,0,0,1,0,1,0,0,0,0,0,0,0,0,0,0,0,1,0,0,0,0,0,1,0,0,0,0,0,1,0,0,0,0,1,0,0,0,19,0,0,0,0,2,0,0,16,0,0,2,0,0,0,0,0,9,0,2,0,0,0,0,1,14,0,4,1,1,0,0,0,0,0,0,68,0,0,0,0,0,0,60,2,0,0,0,0,0,0,0,0,0,0,0,0,0,0,0,0,0,0,0,0,8,0,0,0,1,0,0,1,0,0,0,1,82,4,1,0,0,2,0,0,1,0,0,0,0,0,0,0,0,0,1,0,0,0,20,0,0,0,0,0,0,0,0,0,0,0,0,0,0,0,0,0,1,0,2,0,1,0,0,1,0,0,0,0,0,0,2,1,0,1,0,0,0,0,0,0,0,0,0,0,0,4,0,3,0,0,4,0,0,0,0,0,0,0,0,0,0,0,2,0,5,8,10,4,0,0,1,0,0,0,0,3,0,0,2,0,0,0,0,3,2,0,0,0,0,0,0,13,0,1,2,0,0,4,0,0,0,1,0,0,1,0,0,0,0,3,0,0,0,0,0,0,1,3,0,0,0,0,0,0,0,0,0,6,0,0,0,0,0,0,0
331,0,0,0,0,12,4,2,63,1,0,7,0,0,6,0,0,0,0,0,0,0,0,2,0,3,0,0,0,0,2,0,0,0,0,0,0,0,0,0,2,0,0,0,0,0,1,0,6,11,0,0,0,0,7,0,2,0,0,17,0,0,0,0,0,0,0,0,0,0,0,0,0,0,0,0,0,0,0,0,0,0,0,1,13,0,0,11,0,0,0,1,0,1,0,0,1,0,0,0,0,0,0,8,0,9,7,0,0,0,0,0,3,0,0,0,3,1,0,0,0,0,6,1,4,0,0,0,0,0,21,0,1,0,0,0,0,0,3,0,0,0,1,0,6,0,0,14,0,0,2,0,0,0,0,0,0,0,0,0,0,0,7,1,1,0,2,0,0,1,0,1,0,2,2,0,0,2,0,0,0,0,0,6,0,0,0,0,6,0,0,0,0,0,0,0,2,0,0,0,0,3,0,0,0,0,0,0,0,0,0,0,0,0,4,1,0,0,2,6,0,1,0,0,0,0,0,1,2,0,0,0,0,0,0,0,0,0,0,0,0,1,0,7,0,0,0,3,0,4,0,0,5,0,2,0,0,0,0,0,0,0,0,0,12,0,0,0,0,0,1,11,0,0,4,0,0,0,0,2,3,0,0,0,0,0,0,0,0,1,0,0,0,0,0,0,0,1,0,6,0,0,0,2,0,0,0,5,4,0,0,0,0,0,0,0,0,0,0,0,0,0,1,78,0,0,0,0,1,0,0
332,0,0,1,0,6,0,3,18,1,0,9,3,0,4,0,1,0,0,0,0,0,0,0,0,11,3,4,0,1,0,0,0,0,0,0,0,0,0,0,0,0,0,0,0,0,0,0,0,0,0,0,0,0,1,0,0,0,6,0,0,2,4,0,0,0,0,1,0,0,10,0,0,0,0,0,0,0,1,0,6,0,0,0,6,0,0,0,0,0,0,0,18,0,0,0,0,0,6,0,0,0,0,0,0,3,2,0,0,0,0,0,1,0,0,0,0,0,1,0,2,0,1,0,0,0,0,0,0,0,6,0,0,0,0,0,0,0,5,0,11,0,0,0,0,3,0,56,0,0,109,2,1,0,0,0,0,0,0,0,0,0,0,27,0,0,8,3,0,0,0,0,1,0,0,0,0,0,3,0,0,0,0,0,0,0,0,7,0,0,0,0,0,4,0,5,0,0,0,0,0,0,0,0,1,5,0,0,0,0,0,0,0,4,1,0,0,0,0,8,0,0,0,0,0,0,1,3,0,0,1,0,0,0,0,0,0,0,1,0,0,12,0,12,0,0,0,0,23,1,0,0,3,0,2,0,0,0,0,0,0,1,3,0,2,8,0,0,0,0,0,18,0,0,0,0,0,0,0,0,0,1,0,0,0,0,0,1,0,5,0,0,0,20,0,0,0,0,0,0,0,0,5,37,6,0,1,0,0,6,0,0,0,0,0,0,0,0,0,13,0,0,2,4,4,0,0,0,0,0,0
333,0,2,0,0,6,0,0,36,0,0,6,2,0,6,0,0,0,0,0,0,0,0,0,11,24,0,0,0,0,0,0,1,0,0,0,0,0,0,0,0,0,0,0,0,0,0,1,0,0,0,0,0,0,0,0,0,4,1,4,0,0,3,0,0,0,0,0,0,0,0,0,1,0,3,0,0,0,0,0,0,0,1,0,0,0,0,2,0,25,0,0,10,0,0,0,2,0,4,0,3,0,0,1,0,2,2,0,0,0,0,0,2,0,0,0,2,0,2,0,0,0,1,0,0,0,0,0,0,0,0,0,0,0,0,0,0,0,16,4,7,0,0,0,0,0,0,56,0,1,0,9,0,0,0,0,1,1,0,0,0,0,0,17,0,0,4,2,0,0,1,0,4,0,0,0,0,0,0,1,0,0,0,0,0,0,0,5,1,0,0,0,0,1,0,0,0,0,0,0,1,0,0,0,0,0,0,0,0,0,5,0,6,0,2,0,0,0,0,21,0,0,0,3,0,0,0,3,0,0,0,0,4,0,0,0,0,1,0,0,0,12,0,26,0,0,0,2,0,0,0,0,8,0,0,0,0,0,0,0,0,0,0,0,9,0,0,0,0,0,0,19,0,0,0,0,0,2,0,0,0,0,0,0,0,0,0,1,0,10,0,0,0,13,0,4,0,0,0,0,0,0,0,2,0,0,0,7,0,14,0,0,0,0,0,0,0,1,0,30,20,0,2,3,0,0,0,0,0,0,0
334,0,0,4,0,1,0,0,40,0,0,7,11,0,0,0,0,1,0,0,0,0,0,1,53,55,0,0,0,0,0,0,1,0,0,0,0,0,0,0,1,0,0,0,0,0,0,0,0,4,0,0,0,0,0,0,0,0,0,0,0,7,3,0,0,0,0,0,0,0,0,0,9,0,1,0,0,0,0,0,0,0,0,0,0,0,0,0,0,1,0,0,0,2,2,5,0,0,0,0,0,0,0,95,0,0,2,0,0,0,0,0,0,0,0,0,0,0,0,0,0,10,0,0,0,0,0,0,0,0,1,0,0,0,0,0,0,0,7,7,14,0,0,0,0,0,0,2,0,0,8,1,8,0,0,0,0,4,2,0,0,0,9,0,0,0,6,0,0,0,0,0,1,0,36,4,0,1,0,0,0,0,0,0,0,0,0,0,0,0,0,0,0,0,0,0,0,0,0,1,1,0,0,6,0,0,0,0,0,0,0,0,0,0,0,0,0,0,0,51,0,0,0,0,2,0,0,0,0,0,0,0,1,0,0,5,0,0,0,0,14,2,3,2,0,0,0,13,0,0,0,0,3,1,0,0,0,0,0,0,0,0,22,0,5,0,0,0,0,0,0,1,0,0,0,1,0,0,0,0,0,0,0,0,0,0,0,0,0,5,0,0,0,0,4,0,0,15,0,0,0,0,0,0,0,0,0,27,0,0,0,0,2,0,0,0,0,3,0,0,14,0,2,1,0,0,4,0,3,0,4
335,0,0,0,9,7,14,0,35,0,0,6,0,0,0,0,0,1,0,0,0,0,0,5,0,5,0,0,0,0,0,0,1,0,0,0,0,0,0,0,0,0,0,0,0,1,0,0,0,0,0,0,0,0,4,0,0,0,1,0,0,1,1,0,0,0,0,0,0,0,0,0,0,0,0,0,0,0,0,0,6,1,0,0,0,0,0,0,4,4,0,7,4,0,0,14,1,0,0,0,0,0,0,8,0,3,1,0,0,0,0,0,1,0,0,0,0,0,0,0,0,0,3,0,0,0,0,0,0,0,26,0,0,1,0,0,0,0,15,0,0,0,0,0,0,0,0,51,0,0,2,1,0,0,0,0,0,5,0,0,4,0,0,2,0,0,0,0,2,0,0,0,9,0,1,5,0,5,0,0,0,0,0,1,0,1,0,0,0,0,0,0,0,7,0,0,6,0,0,4,0,0,2,0,0,0,0,0,0,0,0,0,4,0,0,0,0,0,0,4,0,0,0,0,0,0,1,1,0,0,0,0,0,0,0,0,0,2,0,0,5,7,4,3,0,0,0,0,0,0,0,0,2,0,0,0,0,0,1,0,0,0,0,0,39,0,0,0,0,0,0,3,0,0,5,22,0,0,0,0,0,0,0,0,0,0,0,4,0,1,0,0,0,0,0,0,0,0,0,34,0,0,0,0,0,0,0,15,4,0,0,0,0,4,0,0,9,0,0,11,1,0,2,20,0,0,0,0,0,0,0
336,0,0,0,0,0,0,1,14,0,0,1,0,0,0,0,0,0,0,4,0,0,0,0,0,0,0,2,0,0,2,0,2,0,0,0,0,3,0,0,0,0,0,0,0,0,14,0,6,0,2,0,4,0,1,0,0,0,2,0,0,0,0,0,0,0,0,0,1,0,0,0,0,0,0,0,0,0,0,0,6,0,0,0,0,0,0,0,6,16,0,0,0,0,0,0,0,1,10,6,0,0,1,0,0,1,0,0,0,6,0,0,3,0,0,17,0,0,0,0,8,0,1,0,3,0,1,0,12,1,0,0,0,1,0,0,0,0,18,0,0,0,0,0,0,0,0,0,2,0,0,8,0,0,0,0,0,4,0,0,0,0,0,0,0,0,0,0,0,0,0,13,1,0,2,0,3,0,0,0,1,1,0,0,0,0,0,8,0,0,0,0,0,0,0,0,0,0,0,0,1,0,0,0,0,0,0,0,1,0,0,0,0,0,1,0,0,1,0,4,0,0,0,0,0,0,0,3,0,0,0,0,0,0,0,0,0,6,0,0,0,5,0,3,0,0,0,0,0,0,1,9,0,0,0,1,0,0,0,0,0,1,6,0,0,1,0,0,0,11,0,1,0,0,0,0,0,0,0,0,0,0,2,0,0,0,0,2,0,21,7,0,1,0,0,0,0,2,0,0,2,0,0,10,0,0,0,15,0,0,0,0,2,7,0,1,0,0,0,0,0,0,0,0,0,0,0,0,1,12,0
337,0,0,0,0,0,0,14,48,0,9,6,3,0,0,0,0,0,0,0,0,0,0,0,0,0,0,0,0,1,0,2,0,0,0,0,1,4,3,0,0,0,0,0,0,0,1,0,7,0,0,0,0,1,2,0,0,2,0,0,0,0,0,6,0,0,0,0,0,0,1,0,8,0,1,0,3,0,0,0,0,0,0,0,1,1,0,0,0,0,0,0,0,0,21,0,7,0,6,10,15,0,0,39,0,7,0,0,0,0,1,0,0,0,0,4,0,0,0,0,0,0,0,0,0,0,0,0,0,0,0,0,0,0,0,0,0,0,10,0,0,0,0,2,0,0,2,0,0,0,0,0,5,0,0,0,0,0,0,1,0,0,0,0,0,0,7,0,1,0,0,0,5,0,28,2,0,1,5,0,0,2,0,0,0,0,0,0,0,0,0,0,0,0,0,1,0,0,0,0,0,0,0,0,2,0,0,0,4,0,0,0,0,0,0,0,0,0,0,36,0,0,0,0,1,2,0,2,0,3,0,0,0,9,0,20,0,0,0,0,0,1,0,0,0,0,0,0,6,0,0,0,0,0,0,0,0,0,10,0,0,2,23,1,0,0,0,0,0,0,0,0,4,2,0,0,0,0,0,0,0,0,0,0,0,0,0,0,0,9,0,0,0,0,17,0,0,6,0,0,0,0,0,0,0,0,0,3,0,4,0,0,0,0,0,0,0,0,0,0,0,0,1,0,0,0,0,9,3,7,0
338,0,0,0,0,1,0,0,44,0,0,14,10,0,0,0,0,0,0,0,0,0,0,0,11,0,0,0,0,1,0,0,0,0,0,0,0,0,0,0,0,0,0,0,0,0,0,0,0,0,0,0,0,0,1,0,0,6,3,0,0,0,2,0,0,0,0,0,0,0,6,0,1,0,0,0,0,0,0,0,0,0,0,0,11,0,0,0,0,30,0,0,3,0,0,0,0,0,1,0,0,0,0,1,2,2,3,0,0,1,0,0,1,0,0,0,0,0,0,0,0,0,0,0,0,0,0,0,0,2,11,0,0,0,0,0,0,0,10,3,0,0,0,0,0,3,0,18,1,0,25,0,0,0,0,0,0,0,0,0,1,1,0,0,0,0,0,0,0,0,0,0,1,0,0,0,0,1,0,2,0,0,0,11,0,0,0,54,0,0,0,4,0,0,1,0,0,1,0,0,0,0,0,0,0,0,0,0,1,0,0,0,0,3,6,0,0,0,0,9,4,0,0,0,0,0,0,3,0,0,1,0,0,1,0,0,0,5,0,0,0,0,0,21,1,0,0,0,0,0,0,0,0,0,0,0,0,0,0,0,0,1,1,0,9,2,0,0,0,0,1,4,0,0,0,0,0,0,0,0,0,0,0,1,0,1,0,0,0,5,0,0,0,0,0,0,0,0,0,5,0,0,0,10,0,0,0,102,0,0,0,0,0,2,0,1,0,0,1,0,2,0,1,7,0,0,7,0,0,0,0
339,0,1,0,0,4,0,0,19,0,0,11,1,0,0,0,5,0,0,0,0,0,3,1,0,17,0,0,0,0,0,0,2,0,0,0,0,0,0,0,7,0,0,0,0,0,2,8,8,0,0,0,0,0,0,0,0,0,3,0,0,1,7,0,0,0,0,0,0,0,0,0,0,0,0,0,0,0,1,0,0,0,0,0,0,0,0,1,0,0,0,0,10,0,0,0,11,0,2,0,0,0,0,137,0,18,0,0,0,0,0,0,0,0,0,0,0,0,0,0,0,2,0,0,0,0,0,0,0,0,0,0,0,0,0,0,1,0,2,0,5,0,0,0,1,0,3,11,3,0,0,3,0,0,0,0,0,0,0,0,0,0,5,1,0,0,14,2,0,0,0,0,4,0,16,1,0,0,0,0,0,0,0,2,0,0,2,0,0,0,0,0,0,0,0,0,0,0,0,1,0,0,0,0,4,0,0,0,0,0,5,0,0,0,0,0,0,0,0,37,0,0,0,0,0,0,0,1,0,1,0,0,0,0,0,0,0,0,0,0,12,0,0,10,1,1,0,0,0,0,0,0,3,0,0,0,0,0,0,1,0,4,0,0,4,0,0,0,0,35,0,1,0,0,0,0,0,0,0,0,0,0,0,0,0,0,0,1,0,4,0,0,0,0,3,0,0,0,0,0,0,0,0,0,0,1,0,21,0,0,0,0,2,0,0,0,1,0,0,0,0,0,1,0,0,0,0,7,0,0,0
340,0,0,1,0,0,0,7,0,0,5,29,2,0,0,0,0,2,0,0,0,1,0,0,0,0,6,13,1,1,0,0,2,0,0,0,4,1,0,0,0,0,0,0,0,7,0,0,0,0,1,1,0,1,0,0,0,3,0,0,0,0,3,0,0,0,1,1,1,0,0,0,0,6,4,0,0,0,0,0,10,0,0,0,0,0,0,0,1,0,0,0,0,0,0,0,1,0,0,0,0,0,0,0,0,0,0,0,0,4,0,0,1,1,0,0,0,0,0,0,7,0,1,3,9,0,0,0,23,0,0,0,0,1,0,0,0,0,4,1,0,0,0,0,0,0,0,0,1,0,0,0,0,0,0,0,0,0,0,0,2,0,0,0,0,0,0,2,0,0,0,11,2,0,1,0,2,1,0,0,0,0,2,0,0,0,0,0,0,4,0,0,0,0,0,0,0,1,0,0,0,0,0,0,0,0,0,0,0,0,0,2,9,0,4,0,0,0,0,4,0,0,0,0,0,0,3,2,0,0,0,0,0,1,0,0,0,0,0,0,0,5,0,0,0,0,0,0,0,0,6,0,0,3,0,2,0,0,2,1,0,5,2,1,0,0,0,0,0,0,0,7,0,0,0,0,0,0,1,0,0,2,0,0,0,1,0,3,0,13,9,0,0,0,0,0,0,1,0,0,0,0,0,0,0,0,0,14,0,0,0,0,1,2,0,0,0,0,1,0,0,0,0,1,0,0,5,0,0,0,0
341,0,0,0,9,0,0,0,30,0,0,17,5,1,0,3,0,0,0,0,0,0,0,0,0,0,0,1,0,0,0,0,2,0,0,0,0,2,1,0,3,0,0,0,0,1,1,0,0,6,1,0,7,0,2,0,0,0,0,0,1,0,1,0,0,0,0,0,0,0,0,0,0,0,0,0,1,0,0,0,0,0,0,0,0,0,0,0,0,7,0,0,0,1,1,0,0,0,0,0,0,1,45,5,0,1,2,0,0,0,0,0,23,0,0,1,0,0,0,0,8,0,3,0,0,0,0,0,0,0,0,0,0,0,0,0,0,1,6,0,0,0,0,0,0,0,2,0,1,0,2,0,1,0,0,0,0,0,0,0,0,0,0,0,0,0,0,1,5,2,0,1,0,16,1,0,0,2,0,1,0,0,0,0,1,0,0,0,0,0,0,6,0,0,5,0,0,0,0,0,0,0,0,0,0,0,0,0,0,28,0,0,0,1,3,0,0,0,0,4,1,1,0,0,0,0,2,1,0,0,0,0,0,0,0,0,0,0,0,0,0,2,11,3,0,0,3,0,1,0,0,0,0,0,0,0,0,0,0,0,0,7,26,7,0,0,0,0,0,0,0,0,2,0,0,0,0,0,0,0,0,0,0,0,0,0,0,0,0,2,0,0,0,0,0,0,1,0,0,0,2,0,0,0,0,0,0,3,0,0,0,0,0,2,0,0,0,0,0,0,0,0,1,29,0,0,0,0,0,0,0
342,0,1,0,0,21,0,0,39,0,3,9,13,2,6,0,0,0,0,0,1,0,0,1,4,7,0,0,0,0,0,0,1,1,0,0,0,0,0,0,0,0,0,0,0,0,0,1,0,10,0,0,6,0,4,0,0,0,0,0,0,1,1,0,0,0,0,0,0,0,0,0,0,0,0,0,0,0,0,0,0,0,0,0,0,0,0,15,0,19,0,3,1,0,0,0,1,0,2,0,0,0,0,28,0,3,3,0,0,0,0,0,3,0,0,0,0,5,0,0,0,0,9,1,0,0,0,0,0,0,0,0,1,0,0,0,0,0,3,0,0,0,0,0,0,0,0,37,0,0,0,0,0,0,0,0,0,0,2,0,2,0,4,7,0,0,0,1,4,0,0,0,37,0,0,0,1,2,0,0,0,0,0,0,0,0,0,11,0,1,0,0,0,0,0,0,9,0,1,3,0,0,1,0,0,0,0,0,0,0,0,0,0,0,0,0,0,0,0,2,0,0,0,0,0,1,0,1,0,0,0,0,0,0,0,0,0,3,0,5,0,3,0,0,0,0,0,3,0,5,0,0,3,0,0,0,0,0,0,0,0,0,7,0,55,0,0,0,0,0,1,5,0,0,0,0,0,0,0,0,0,0,0,0,0,0,0,10,0,1,1,0,0,0,8,0,2,1,0,0,0,0,0,2,0,0,1,30,0,0,0,0,0,2,0,0,0,0,0,0,0,0,1,8,0,1,0,0,0,0,0
343,0,0,0,0,2,0,19,44,0,3,10,3,0,0,0,1,0,0,7,2,0,0,0,0,0,14,0,0,0,0,0,0,0,0,0,0,4,0,0,1,0,0,0,0,0,0,0,0,10,2,0,0,0,1,5,0,5,1,0,0,0,0,0,0,0,0,0,1,0,0,0,0,0,0,0,0,0,0,0,0,0,0,0,4,0,0,1,0,11,0,0,0,0,0,0,0,0,0,3,0,3,0,2,0,0,0,0,0,0,0,0,7,0,0,14,7,0,0,0,8,5,0,6,0,0,0,0,0,0,0,0,0,0,0,0,6,0,3,2,0,0,0,0,0,0,0,22,0,0,0,0,0,0,0,0,1,0,0,0,0,0,0,53,0,0,4,0,0,0,0,32,5,0,0,0,0,1,0,0,0,0,0,0,0,0,1,0,0,0,0,0,0,0,0,0,0,0,0,0,0,1,0,0,0,0,0,0,0,0,1,1,0,2,0,0,0,0,0,17,0,1,0,0,0,0,0,4,0,0,1,0,0,0,0,0,1,0,0,0,0,4,0,0,0,0,0,0,12,0,0,0,0,0,0,0,0,0,0,1,0,2,1,0,0,0,0,0,0,18,0,8,0,0,0,0,0,0,0,0,0,1,0,0,0,0,0,2,0,24,2,0,0,0,1,0,0,0,0,0,0,0,0,0,0,5,0,20,0,0,0,0,0,2,0,0,0,0,1,0,0,0,0,5,0,0,0,0,1,0,0
344,1,0,0,0,0,0,0,23,0,0,14,2,0,0,0,0,0,0,0,0,0,0,0,0,0,0,10,0,0,0,0,1,0,0,0,0,0,0,0,5,0,0,0,0,0,0,0,0,0,0,0,0,1,1,4,0,4,9,10,1,0,0,0,0,3,0,0,0,0,0,0,0,0,0,0,0,0,0,0,0,0,0,0,0,0,0,0,0,0,0,0,0,2,57,0,0,0,0,3,17,1,0,23,0,0,0,0,0,0,0,0,0,0,0,0,0,0,3,0,0,6,0,13,0,2,0,0,2,0,0,0,0,0,0,0,0,1,14,24,0,0,0,0,0,0,0,0,4,0,0,1,0,0,0,0,1,0,0,0,4,0,0,2,1,0,4,0,0,0,0,43,6,0,46,0,0,0,0,4,0,0,0,0,0,0,0,0,0,0,1,5,1,0,0,0,1,0,0,0,0,21,0,0,0,0,0,0,10,0,0,0,0,1,0,0,0,0,0,27,0,2,0,0,3,0,1,1,0,0,0,0,0,0,0,3,0,0,0,0,0,8,0,31,0,0,0,0,0,0,0,0,1,0,0,0,0,0,0,1,0,0,30,3,2,0,0,0,0,39,0,0,1,2,0,0,0,0,0,0,0,0,0,0,0,0,0,1,0,7,0,0,0,0,6,0,0,15,0,0,0,0,0,0,0,0,0,0,0,7,0,3,0,0,0,12,0,0,0,1,0,0,0,1,0,0,2,0,0,16,0
345,0,0,0,0,7,0,1,20,0,0,5,0,1,0,0,0,0,0,0,0,0,2,5,0,4,0,0,0,1,0,0,0,0,0,0,0,5,0,0,2,0,0,0,0,2,0,0,0,0,0,0,0,0,0,0,0,0,0,0,0,1,2,0,0,0,0,0,0,0,3,0,19,0,0,0,0,0,0,0,6,1,3,0,2,0,0,0,0,0,0,0,0,1,0,15,0,0,0,0,0,0,0,4,0,14,2,0,1,0,1,0,1,0,1,0,0,0,0,2,0,0,14,0,0,0,0,0,0,0,8,0,0,0,0,0,0,0,9,0,0,5,0,1,0,0,0,20,0,0,0,0,0,0,0,0,1,0,0,0,0,0,6,1,0,0,0,0,0,0,0,0,30,0,4,3,0,0,1,0,0,1,0,0,5,0,0,5,0,0,0,2,0,2,0,1,0,0,0,2,0,10,0,0,0,0,0,0,0,0,0,0,26,0,4,0,3,0,0,3,0,0,0,2,0,0,0,0,0,0,0,0,0,0,0,0,0,0,0,0,10,6,0,0,0,0,0,0,0,0,2,0,3,0,0,4,0,0,0,0,0,0,15,5,24,0,0,0,0,0,2,6,3,0,0,0,0,0,2,0,0,0,0,0,0,0,0,9,0,1,0,0,0,0,3,0,0,0,0,0,0,0,0,2,0,0,2,6,0,0,0,0,0,0,0,0,0,0,0,4,2,0,0,12,0,0,0,0,0,0,0
346,0,0,0,0,0,0,0,49,0,0,7,6,0,2,0,0,0,0,0,0,0,0,2,5,6,0,0,0,0,1,0,1,0,0,0,0,0,0,1,3,0,0,0,1,0,0,0,0,0,0,0,0,0,1,0,0,0,1,8,0,1,5,0,0,0,0,0,0,0,0,0,18,0,0,0,0,0,0,0,0,0,0,0,10,0,0,0,1,4,0,7,3,0,0,16,0,0,1,0,0,0,32,17,0,7,2,0,0,0,0,0,0,0,0,0,0,7,0,0,0,0,7,0,0,0,0,0,0,0,11,20,0,0,0,0,0,8,4,0,0,0,0,0,0,0,0,34,0,0,0,1,0,0,0,0,0,3,0,0,0,1,0,1,0,0,0,0,4,0,0,0,0,9,0,4,0,5,0,0,0,0,0,0,0,0,0,8,3,0,0,0,0,4,0,0,0,0,0,0,0,0,0,0,0,0,0,0,0,0,1,0,0,0,2,0,0,0,0,1,0,0,0,4,0,0,0,1,0,0,0,0,0,0,0,0,0,0,0,0,7,12,0,0,0,0,0,0,0,0,0,0,2,0,0,0,0,0,0,0,0,0,17,4,60,0,0,0,0,0,3,5,2,0,0,4,1,0,0,1,0,0,0,0,0,0,0,0,0,3,0,0,0,0,2,0,0,0,0,0,1,0,0,0,0,0,0,7,0,0,0,0,0,0,0,0,0,0,0,0,0,0,0,15,0,0,0,0,0,0,0
347,0,0,2,0,3,0,0,58,0,0,10,5,9,0,0,0,0,0,0,0,0,3,0,0,17,0,0,0,1,0,0,0,0,0,0,0,0,0,0,0,0,0,0,0,0,2,2,13,0,0,0,0,0,0,0,0,0,5,4,1,0,0,0,0,0,1,1,0,0,0,0,0,0,0,0,2,0,0,2,0,0,0,0,0,0,2,0,0,0,0,0,50,0,3,0,0,0,0,2,0,0,0,69,0,21,1,0,0,0,0,1,0,3,0,0,0,0,0,0,0,0,0,3,6,0,0,0,0,0,0,8,0,0,0,0,0,0,18,0,0,1,0,17,0,0,4,2,1,0,0,5,0,0,0,0,0,3,1,0,6,0,10,5,0,0,13,0,0,0,0,0,3,0,47,0,0,1,14,0,0,0,0,0,0,0,0,0,0,0,0,0,0,3,0,0,0,0,0,0,0,3,0,0,0,0,0,0,0,0,0,0,0,0,1,1,0,0,0,29,0,2,8,0,0,0,0,1,0,0,3,0,0,0,0,2,0,0,0,0,6,7,0,13,0,0,0,0,0,0,0,0,5,1,0,0,0,0,0,0,0,0,0,0,1,0,0,0,0,0,1,1,0,0,0,1,0,4,0,0,2,10,0,0,0,0,8,0,0,14,0,0,0,0,13,0,0,0,0,0,0,0,0,0,0,1,0,19,0,0,0,0,3,0,0,0,0,0,0,4,0,0,0,0,0,0,0,0,3,0,0
348,0,0,2,0,4,0,7,55,0,11,0,3,0,0,0,0,0,1,0,6,0,0,0,0,24,0,4,0,0,0,0,0,0,0,0,0,0,0,0,0,0,0,0,0,0,0,0,0,7,0,0,0,0,0,0,0,0,1,0,0,0,0,0,0,0,1,0,1,0,0,0,0,9,2,0,0,0,0,0,0,0,0,0,0,0,0,4,0,7,0,1,15,0,0,5,0,0,4,1,0,0,0,2,0,7,0,0,0,3,0,0,0,0,0,0,0,0,0,0,0,0,0,7,0,0,0,0,0,0,0,0,0,0,0,0,0,0,17,0,0,0,0,0,0,0,0,7,2,0,0,0,0,0,0,0,0,0,0,0,0,0,2,2,0,0,7,0,0,0,0,0,1,0,2,0,0,0,0,1,1,0,2,0,0,0,0,3,0,0,0,0,0,0,0,0,0,0,0,0,0,0,0,0,0,0,0,0,0,0,2,1,0,4,7,0,0,0,0,20,13,0,1,0,0,0,0,2,0,0,2,0,4,0,0,0,0,0,0,0,0,3,0,18,0,0,0,0,0,0,0,0,1,12,0,0,0,0,0,0,1,0,4,0,8,1,0,0,0,0,0,14,21,0,1,0,0,0,0,0,0,0,0,0,1,0,0,1,0,35,0,0,0,0,0,0,0,1,0,0,0,0,0,5,0,0,0,67,0,0,0,0,0,0,0,0,0,0,0,18,0,0,2,4,0,0,5,0,0,0,0
349,0,1,0,0,0,0,8,43,0,0,9,2,0,0,0,0,0,0,0,0,0,0,0,0,0,0,10,0,0,0,0,0,0,0,0,0,11,1,1,0,0,0,0,0,0,10,0,0,0,1,0,0,0,0,0,0,24,0,2,0,0,7,0,0,0,0,0,1,0,16,0,0,11,0,0,0,0,0,0,0,0,0,5,0,0,0,0,4,0,0,0,0,0,0,0,0,0,0,0,6,1,0,0,0,6,0,0,0,4,3,12,9,3,0,12,0,6,0,0,3,0,0,6,0,0,2,0,7,3,0,0,7,0,0,0,0,0,3,5,1,4,0,0,0,0,0,0,0,0,0,0,0,0,0,0,0,0,0,0,0,0,0,11,0,0,14,0,0,0,0,0,0,0,1,0,0,1,0,0,0,1,0,0,0,0,0,0,0,2,0,0,0,0,1,0,0,0,0,0,0,0,0,14,0,0,0,0,0,7,0,2,7,0,0,0,0,0,0,15,0,0,1,0,0,0,0,2,0,0,0,0,0,0,0,0,0,0,0,1,0,7,0,5,0,0,0,0,0,0,1,0,0,0,0,2,1,0,0,1,0,1,8,1,3,0,0,0,0,14,0,4,16,0,1,0,0,0,0,0,0,2,1,0,0,0,0,0,0,3,0,0,0,0,0,0,0,0,0,5,2,0,0,6,0,0,1,8,0,0,0,0,1,5,0,0,0,0,0,0,0,0,1,0,1,0,0,0,1,0,0
350,1,1,0,0,2,0,0,2,0,0,15,6,5,0,0,0,0,0,0,0,0,0,1,0,44,0,0,0,0,0,0,1,0,0,0,1,0,0,0,0,0,0,0,0,0,0,0,0,0,0,0,0,0,2,0,0,0,2,0,0,0,0,0,0,0,1,2,0,0,0,0,6,1,0,0,0,0,0,0,0,0,0,0,0,0,0,2,0,0,0,0,5,0,0,12,7,0,0,0,0,1,2,62,0,54,0,0,0,0,0,0,0,1,0,0,0,0,0,0,0,0,0,2,0,0,0,0,0,0,0,0,0,0,0,0,0,0,5,0,0,0,0,0,0,0,0,6,1,0,0,0,9,0,0,0,0,0,0,0,0,0,9,0,0,0,0,0,0,0,0,0,2,0,13,1,0,0,0,0,0,6,0,0,0,0,0,0,0,0,0,0,0,0,0,0,2,0,0,0,0,10,0,0,0,0,0,0,0,0,0,0,0,0,2,0,0,0,0,180,0,0,0,0,0,0,3,2,0,2,2,0,0,0,0,3,0,0,0,1,0,4,4,0,0,0,0,0,0,2,0,0,2,0,0,0,0,0,0,0,0,0,7,0,3,0,0,0,0,0,1,0,0,3,0,2,0,0,0,0,2,0,0,0,0,0,0,1,0,9,0,0,0,0,0,0,0,0,0,0,0,0,0,0,0,0,0,56,1,0,0,0,0,1,0,0,1,0,0,6,0,0,1,5,26,3,0,0,0,0,0
351,0,0,4,0,2,0,0,47,0,0,12,2,0,0,0,0,0,0,0,1,0,1,1,0,7,0,0,0,0,0,0,0,0,0,0,0,0,3,0,0,0,0,0,0,0,0,0,0,0,0,0,0,0,0,4,0,0,4,0,0,1,2,6,0,0,0,0,0,0,0,0,0,0,0,0,7,1,0,2,0,0,0,0,0,0,0,6,4,0,0,0,0,0,30,0,0,0,1,0,0,0,0,67,0,23,0,0,0,0,0,0,0,0,0,0,0,0,4,5,0,0,1,0,0,0,0,0,0,0,0,0,0,0,0,0,0,0,16,0,16,0,1,0,0,0,0,10,2,0,14,0,0,0,0,0,0,0,0,1,0,0,18,2,0,0,1,0,0,0,0,0,4,0,26,0,0,0,0,0,0,0,0,0,0,0,0,0,0,0,0,0,0,0,0,0,0,0,0,4,0,8,0,0,0,0,0,2,0,0,0,0,1,0,0,0,0,0,0,18,0,0,0,0,2,0,0,2,0,0,0,0,0,0,0,0,0,4,4,0,0,3,0,26,0,0,0,17,0,0,0,0,3,0,0,0,0,1,0,0,0,0,19,1,3,0,0,0,2,0,0,1,2,0,0,1,0,0,0,0,0,0,3,0,0,0,0,0,0,5,0,0,0,0,0,0,0,0,0,0,0,0,0,0,0,0,0,17,2,0,0,0,0,0,0,0,0,2,0,2,2,0,1,1,0,0,0,0,0,8,0
352,0,0,1,1,0,0,10,16,0,0,10,0,0,0,0,0,0,0,0,2,0,0,0,0,0,4,18,0,0,0,0,1,1,0,0,0,0,0,0,0,0,0,0,0,1,3,0,0,0,2,0,1,1,1,0,0,4,3,0,1,0,0,0,0,0,0,1,1,0,5,0,0,0,0,0,0,0,0,0,0,0,0,0,0,0,0,1,4,0,0,0,10,1,0,0,0,0,0,2,0,1,0,2,0,0,1,0,0,0,0,0,7,0,0,5,0,0,0,0,5,0,0,4,0,0,0,0,16,0,2,0,0,0,0,0,0,0,16,0,0,13,0,0,0,2,0,0,0,1,25,0,0,0,0,1,0,0,0,0,0,0,9,11,0,0,4,0,0,0,1,11,2,0,0,0,0,1,0,0,0,0,0,0,0,0,0,0,0,0,0,0,0,0,0,0,0,0,0,0,0,0,0,3,0,12,0,0,0,0,0,0,0,3,0,0,0,1,0,18,0,0,0,7,0,1,0,1,0,0,0,0,0,0,0,0,0,0,0,0,0,7,0,0,0,0,0,0,0,0,0,0,0,0,2,0,0,0,0,0,0,3,2,0,0,0,0,0,0,5,0,2,24,0,0,0,1,0,0,2,0,1,0,0,0,0,0,0,0,10,5,0,0,12,0,0,0,6,0,11,4,0,0,12,0,0,0,10,0,0,0,0,1,0,0,0,0,0,0,9,0,0,1,3,0,0,0,0,0,0,0
353,0,0,1,0,0,0,6,47,0,21,21,0,1,0,0,0,0,0,0,0,1,0,0,15,0,2,4,0,1,0,1,1,0,0,0,5,2,0,0,0,0,0,0,0,0,7,0,0,0,1,0,0,0,0,0,0,12,0,0,0,0,6,0,0,0,1,0,1,0,0,0,0,0,0,0,0,0,0,0,0,0,1,0,7,0,0,0,1,0,0,0,0,0,1,0,0,0,10,4,0,0,0,0,0,0,0,0,0,0,0,0,11,0,0,0,0,0,0,0,9,0,0,2,0,0,0,0,7,0,0,0,0,0,0,0,0,0,3,7,0,0,0,0,0,0,0,0,1,0,0,0,2,0,0,1,0,0,0,0,0,0,0,0,0,0,6,0,0,0,0,22,2,0,1,0,1,0,0,0,0,0,0,9,1,0,0,0,0,0,0,0,0,0,0,0,0,0,0,0,0,0,0,5,1,0,0,0,0,0,1,1,0,0,0,0,1,0,0,25,0,0,0,0,0,2,2,0,4,0,0,0,0,0,0,0,0,0,0,0,0,0,0,0,0,0,0,4,0,1,0,0,0,5,1,1,0,0,1,0,0,2,0,0,0,0,0,0,0,0,0,0,27,0,2,0,0,0,0,0,0,1,0,0,0,0,0,0,0,7,0,0,0,5,0,0,0,0,0,6,0,0,0,9,0,15,0,14,0,4,0,0,0,0,0,1,0,0,0,0,0,0,0,4,1,0,0,0,1,0,0
354,0,0,1,0,5,0,6,26,0,0,3,0,0,3,0,0,2,0,0,0,0,1,0,0,48,0,1,0,0,0,0,1,0,0,0,2,0,0,0,0,0,1,0,0,2,0,0,8,0,0,0,0,0,0,0,1,12,5,2,0,1,1,0,0,0,0,0,0,0,0,0,0,0,0,0,0,0,0,0,9,0,0,0,0,0,0,0,0,0,0,0,13,0,0,0,0,0,0,0,0,1,0,2,0,2,0,0,0,0,0,0,3,4,0,0,0,0,0,0,0,0,1,1,9,0,0,0,0,0,3,0,0,0,0,0,0,1,5,5,5,0,11,0,0,0,0,7,0,0,12,4,0,0,0,0,0,0,0,0,0,0,8,0,0,0,10,0,0,0,0,0,3,0,0,0,0,1,0,0,2,0,0,0,0,0,0,0,1,0,0,0,0,1,0,4,0,1,0,0,0,0,0,0,0,0,0,0,0,0,0,0,0,0,4,0,0,0,0,22,0,0,0,0,0,0,2,2,2,0,0,0,0,1,0,0,0,0,0,0,0,9,0,9,0,0,0,0,9,0,0,0,6,0,0,0,0,0,0,0,0,0,0,0,6,4,0,0,0,0,1,4,0,0,0,7,0,0,0,0,1,0,0,0,0,0,0,1,0,7,0,0,0,0,0,0,0,0,0,9,0,0,0,8,0,0,0,8,1,0,0,0,2,0,0,0,0,0,0,20,4,0,4,8,0,0,0,0,0,0,0
355,0,0,0,0,23,0,2,59,0,0,17,0,0,0,0,0,0,1,0,0,0,0,1,0,4,0,1,0,0,0,0,2,0,0,0,0,0,1,0,3,0,0,0,0,0,0,0,0,0,0,0,0,0,0,0,4,0,0,10,0,1,2,0,0,0,0,0,0,0,0,0,0,0,0,0,4,0,0,0,0,0,0,0,2,0,0,7,0,6,0,6,0,0,0,0,0,0,0,0,0,1,6,13,0,12,3,0,0,0,1,0,2,2,0,0,0,0,0,0,0,2,10,0,0,0,0,0,0,0,0,7,0,0,1,0,0,0,15,0,0,0,6,2,0,0,2,8,0,1,0,0,0,0,0,0,0,0,0,0,0,0,17,2,0,0,0,0,0,0,0,0,31,6,1,0,1,1,0,0,0,0,0,5,0,0,0,0,0,0,0,0,0,0,0,0,4,0,0,0,0,0,0,0,0,0,0,0,0,0,0,0,0,1,6,0,0,0,0,3,0,0,0,0,0,0,0,0,0,0,0,0,0,1,0,0,0,3,0,0,14,14,0,5,0,0,1,0,2,0,0,0,2,8,0,7,0,1,1,0,0,0,4,0,17,0,0,0,0,0,1,4,0,0,0,0,0,0,0,0,0,0,0,0,0,0,0,16,0,1,2,0,0,0,0,0,0,0,0,26,0,0,0,0,0,0,0,0,9,0,0,0,1,0,9,0,0,0,0,6,2,0,0,38,0,1,0,0,0,0,0
356,0,0,0,0,0,6,0,87,0,0,0,0,0,2,0,0,0,0,0,0,1,0,1,0,2,0,0,0,0,0,0,0,0,0,0,0,0,0,6,1,0,0,0,0,0,0,0,0,0,0,0,0,0,0,0,0,0,1,10,1,1,7,0,0,0,0,0,0,0,0,0,0,0,0,0,0,0,0,0,0,0,0,0,0,0,0,0,0,0,0,3,0,0,0,0,0,0,1,0,0,0,0,20,0,9,5,0,0,0,0,0,2,0,1,0,1,0,0,0,0,0,0,0,0,0,5,0,0,0,4,0,0,0,0,0,0,0,9,0,0,0,0,0,0,0,0,47,0,0,2,0,0,0,0,0,0,0,0,0,0,0,6,2,0,0,0,0,0,0,0,0,44,0,2,0,0,2,0,0,0,0,0,0,0,0,0,0,4,0,1,4,0,1,0,1,0,0,0,0,0,0,0,1,0,0,0,0,0,0,1,0,19,0,5,0,0,0,0,7,0,0,0,0,0,0,0,0,0,1,0,0,0,0,0,0,0,1,0,0,3,0,5,2,0,0,0,0,0,0,0,0,1,4,0,0,0,0,0,0,0,0,0,5,9,1,0,0,0,0,0,3,6,0,2,0,0,0,0,0,0,0,0,0,0,0,0,0,0,3,0,0,0,0,0,0,0,0,0,0,0,0,0,0,0,0,0,16,0,0,0,7,0,0,6,0,0,2,0,0,0,0,0,4,0,0,0,0,0,0,0
357,0,0,0,0,5,0,0,13,0,0,14,1,0,0,0,4,0,0,1,0,0,0,3,0,102,0,0,0,0,0,0,0,1,0,0,0,0,0,1,9,0,0,0,0,0,0,4,0,1,0,0,0,0,3,0,0,0,2,0,0,1,6,0,0,0,0,0,0,0,1,0,0,0,0,0,0,0,0,0,0,0,0,0,0,0,0,3,0,0,0,0,3,1,1,0,0,0,5,0,0,0,0,113,1,28,2,0,0,0,0,0,0,0,0,0,0,0,0,0,0,0,0,1,0,0,0,0,0,0,0,0,6,1,0,0,0,0,8,0,11,0,0,0,3,0,0,6,8,0,6,0,0,0,0,0,0,0,0,1,0,0,7,0,0,0,12,0,0,0,0,0,6,0,20,1,0,0,0,0,0,0,0,0,0,0,0,0,0,0,1,5,0,0,0,0,0,0,0,0,0,0,0,0,0,0,0,0,0,0,0,0,0,0,2,0,0,1,0,37,3,0,6,0,0,0,0,2,0,0,2,0,0,14,2,12,0,0,0,0,0,1,0,7,0,0,0,33,0,0,0,0,1,0,0,0,0,0,0,0,0,0,15,0,2,0,0,0,0,0,0,1,0,0,0,0,0,0,0,0,1,2,0,0,0,0,0,2,0,1,0,0,0,0,1,0,0,25,0,0,1,0,0,0,0,0,0,45,1,0,0,0,0,0,0,0,0,0,0,0,0,0,1,2,0,0,0,0,0,0,0
358,0,0,3,0,7,0,0,58,0,7,5,0,0,0,0,0,0,0,0,0,2,0,3,0,69,0,0,0,0,0,0,0,0,0,0,0,0,0,0,3,0,0,0,0,0,1,8,0,0,0,0,0,1,0,0,0,0,19,0,0,1,4,0,0,0,4,1,0,0,0,0,0,0,0,0,8,0,0,0,0,0,0,0,0,0,0,0,0,0,0,0,30,0,0,0,3,0,0,0,5,2,0,52,0,16,0,0,0,0,2,0,0,2,3,2,0,0,0,0,0,7,0,2,0,1,0,0,0,0,0,12,0,0,0,0,0,0,9,0,4,1,0,0,0,0,0,5,3,0,4,0,0,0,0,0,0,0,0,0,3,0,0,2,2,0,13,2,1,0,0,0,9,0,25,1,0,0,0,0,0,0,0,0,0,0,2,0,0,0,0,0,3,0,0,0,0,0,0,0,0,0,0,0,0,0,0,0,0,0,0,2,0,0,1,0,0,0,0,32,4,0,0,0,0,0,0,2,0,0,0,0,0,0,0,8,0,0,0,0,18,4,0,8,0,0,0,10,0,0,4,0,2,2,0,0,0,0,0,0,0,0,23,0,17,0,0,0,0,20,2,0,1,0,0,0,0,4,3,0,0,4,0,0,0,0,0,0,0,8,0,2,0,0,0,0,0,52,0,0,0,0,0,0,3,0,0,24,0,0,3,0,0,0,0,0,0,0,0,2,5,0,3,3,0,0,0,0,0,0,0
359,0,0,0,0,3,0,0,33,0,0,8,1,0,0,0,0,0,0,1,1,2,0,1,0,25,0,0,0,0,0,0,1,0,0,0,0,0,0,0,0,0,0,1,0,0,0,0,0,0,0,0,0,0,0,1,0,0,3,7,0,6,3,0,0,0,1,0,0,0,0,0,0,6,0,0,0,1,0,0,0,0,0,0,0,0,13,1,0,0,0,0,19,1,15,0,0,0,0,2,0,0,0,49,0,34,1,0,0,0,0,0,0,0,2,0,0,0,0,2,0,0,0,5,7,0,0,0,0,0,0,0,0,0,0,0,0,1,7,0,24,0,0,0,0,0,0,2,1,0,0,0,0,0,0,0,0,0,1,0,0,0,2,6,0,0,9,0,0,0,0,4,4,0,0,0,0,0,0,0,0,0,0,0,0,0,1,0,0,2,0,0,0,0,0,0,0,0,0,0,0,0,0,0,0,0,0,0,0,18,0,0,0,0,0,0,0,0,0,32,0,0,0,0,0,1,1,0,0,0,0,0,0,0,0,0,0,0,0,0,0,4,0,7,0,0,0,0,0,0,0,1,2,0,7,0,0,0,0,0,0,5,52,0,4,0,0,6,0,0,1,1,0,0,0,1,0,0,0,0,0,1,0,0,0,0,0,0,0,6,0,1,0,0,20,0,0,10,0,0,0,0,0,0,1,0,0,25,1,0,0,2,0,0,0,0,0,0,0,0,0,0,1,4,0,2,0,0,0,0,0
360,0,0,1,0,1,5,0,13,0,0,5,2,0,3,0,0,0,0,0,0,2,1,0,0,21,0,5,1,0,0,0,0,0,0,0,0,0,2,0,0,0,0,0,0,0,0,0,0,0,0,1,0,0,0,0,1,5,2,8,0,1,0,0,0,0,1,0,1,0,0,0,0,0,1,0,0,0,0,0,0,0,0,0,0,0,0,0,0,0,0,0,0,0,0,10,0,0,15,0,0,0,0,1,1,1,2,0,0,0,0,0,1,0,0,9,0,0,0,0,0,0,1,0,0,0,3,0,0,5,6,23,0,0,0,0,0,0,6,0,5,0,0,0,0,0,0,37,0,0,2,5,0,0,0,0,0,0,0,0,0,0,0,43,0,0,11,0,0,0,0,0,1,0,0,0,0,0,0,0,0,0,0,0,0,0,0,0,0,0,0,0,0,0,0,5,0,0,0,0,0,3,0,0,0,25,3,0,0,0,0,0,0,0,2,0,1,0,0,24,0,0,0,0,0,0,0,3,3,0,0,0,0,0,0,0,0,2,0,0,1,7,0,20,0,0,0,0,0,0,0,0,0,0,0,0,1,0,0,1,0,0,4,0,0,0,0,0,0,0,0,7,22,0,0,0,0,0,0,0,0,0,1,0,0,0,0,1,0,3,12,0,0,0,0,0,0,0,0,8,0,0,0,14,0,0,0,10,1,0,0,0,0,0,0,0,4,0,0,31,0,0,1,2,0,0,0,0,0,0,0
361,3,0,0,0,0,0,0,50,0,0,12,2,0,8,0,1,1,0,0,0,0,0,5,0,2,0,0,0,3,0,0,3,0,0,0,0,3,0,0,3,0,0,0,0,0,0,0,0,6,0,0,0,0,0,0,0,0,1,0,0,0,9,0,0,0,0,0,0,0,0,0,0,0,0,0,0,0,0,0,0,0,9,0,0,0,0,0,0,23,0,8,8,0,2,0,0,0,0,0,0,0,0,17,0,5,3,0,0,0,0,1,0,2,0,0,2,0,0,0,0,0,8,0,0,0,0,0,0,0,19,56,0,0,0,0,0,0,30,0,0,0,0,0,0,0,2,46,0,0,0,1,2,0,0,0,0,2,0,2,4,0,4,3,0,0,0,0,0,0,0,0,37,0,0,0,0,3,0,0,1,0,0,0,1,0,0,0,0,3,0,8,0,0,0,0,0,0,0,0,0,17,0,2,0,0,0,0,0,0,0,0,11,1,1,0,0,1,1,1,0,1,0,5,0,0,0,0,0,0,0,0,0,0,0,0,0,0,0,0,0,10,0,1,0,1,0,3,0,0,0,0,3,0,0,0,0,0,0,0,0,0,0,0,54,1,0,0,0,0,1,2,0,0,0,27,0,0,1,0,1,0,1,0,0,0,0,0,0,1,0,0,5,0,2,0,0,0,0,0,0,0,0,0,0,0,0,7,7,0,0,0,0,0,0,0,0,0,0,3,3,0,1,10,3,0,0,0,0,0,0
362,0,0,1,0,7,0,5,24,0,10,19,2,0,0,0,1,0,0,0,0,0,0,1,7,15,0,0,0,1,0,1,0,0,0,0,0,0,2,0,0,0,1,0,0,0,0,0,7,0,0,1,1,1,0,0,1,0,5,0,0,0,3,0,0,0,1,0,0,0,0,0,0,0,0,0,0,0,0,0,12,0,0,0,0,0,0,0,4,0,0,1,21,0,0,0,0,0,0,0,6,1,0,1,0,7,0,0,0,0,0,0,0,0,0,13,0,0,0,0,2,0,0,0,0,0,0,0,0,0,4,0,0,0,0,0,0,0,31,0,7,0,8,0,0,3,0,32,0,0,0,9,0,0,0,0,0,0,0,0,0,0,7,4,0,0,23,4,0,0,0,0,0,0,0,0,0,0,0,0,0,0,0,0,0,0,0,1,0,0,0,0,0,0,0,2,0,1,2,0,0,1,0,0,1,0,0,0,0,0,0,0,0,0,0,0,0,0,0,6,0,0,0,0,0,0,0,3,0,0,0,0,0,0,3,0,1,3,0,0,0,7,0,11,0,0,0,0,0,0,0,0,0,0,0,0,0,0,2,0,0,1,4,0,4,0,0,0,0,0,0,9,0,0,0,0,0,0,0,2,0,0,0,0,1,0,0,0,0,0,0,0,0,0,0,0,0,5,0,9,0,0,0,0,4,0,1,10,1,0,0,0,0,0,2,0,2,0,0,0,4,0,1,10,0,0,0,0,0,4,0
363,0,0,0,0,0,0,0,41,0,0,4,7,0,0,0,0,0,0,0,0,0,0,1,0,0,1,0,0,0,0,0,3,0,0,1,0,5,0,1,3,0,0,0,1,2,2,0,0,0,1,0,0,0,4,0,0,0,0,0,0,0,0,0,0,0,0,0,0,0,3,0,0,0,0,0,0,0,0,0,0,1,0,0,0,0,0,0,0,0,2,0,0,0,1,0,0,0,1,0,0,0,13,5,0,0,0,0,0,0,0,0,10,0,0,0,0,6,0,0,2,0,7,1,1,0,0,0,0,0,0,0,0,0,0,0,0,2,8,0,0,0,0,0,0,0,0,0,0,0,0,0,2,0,0,0,0,0,0,0,0,0,12,1,0,0,1,0,4,0,0,3,39,6,0,0,0,0,0,0,0,0,0,7,0,0,0,0,1,0,0,0,0,0,6,0,0,0,0,0,0,0,0,1,0,0,0,0,0,0,0,0,0,1,0,0,0,0,0,0,0,0,0,0,1,0,0,1,0,0,0,0,0,0,0,0,0,0,0,0,0,5,4,0,0,0,0,0,0,0,0,0,0,4,0,1,0,0,0,0,0,2,17,5,0,0,0,0,0,0,0,1,9,0,0,0,0,0,0,3,0,0,0,0,0,0,0,2,0,2,0,0,0,0,0,0,4,1,0,0,2,2,0,0,0,1,0,0,0,0,0,0,0,3,0,0,0,0,0,2,0,1,0,7,0,0,0,0,0,0,0
364,2,0,0,0,6,0,0,0,0,0,1,0,0,0,0,0,0,0,0,1,0,0,1,0,0,0,2,0,0,0,0,3,0,0,0,0,9,0,1,0,0,0,0,0,1,1,0,0,0,0,0,0,0,3,0,0,0,0,0,0,0,0,0,0,0,0,0,0,0,4,0,7,0,0,0,0,0,0,0,0,0,0,0,6,0,0,0,0,0,0,0,0,1,1,0,0,0,0,0,0,0,7,4,0,1,0,0,0,0,0,0,10,1,0,0,0,0,0,0,9,0,2,0,0,0,0,0,0,0,0,62,0,0,0,0,0,0,5,0,0,0,1,0,0,0,1,0,1,0,1,0,0,0,0,0,0,1,3,0,0,0,0,1,0,0,0,0,0,0,0,2,24,0,2,0,0,2,0,0,0,0,0,5,0,0,0,0,0,0,0,0,0,0,0,0,0,0,0,0,0,0,0,0,0,0,0,2,0,37,0,0,9,0,0,0,2,0,0,2,0,0,0,0,0,0,0,0,0,1,0,0,0,0,0,0,0,0,0,0,11,10,0,0,0,0,0,0,0,3,0,0,0,0,0,0,0,0,1,0,7,13,28,0,35,0,0,0,0,0,0,2,12,0,0,0,0,0,0,0,0,0,1,0,0,0,0,13,0,4,1,0,0,0,0,0,0,0,0,0,0,0,0,1,0,1,0,9,0,0,0,0,0,1,0,0,3,0,0,0,0,0,0,15,0,0,0,0,0,1,0
365,0,0,4,0,1,0,0,65,0,13,12,1,0,0,0,6,0,0,0,0,0,0,1,20,21,0,0,20,0,0,0,0,0,0,1,0,4,0,0,0,0,0,0,1,0,0,2,0,0,0,0,1,0,0,0,0,0,0,0,0,0,5,0,0,0,0,0,0,0,0,0,0,0,0,0,0,0,0,0,0,0,0,0,0,0,0,0,0,1,0,0,23,0,14,0,16,0,0,0,0,0,0,26,0,33,1,0,0,0,1,0,0,0,1,0,0,0,0,2,0,0,0,0,0,0,0,0,0,0,1,11,0,0,0,0,0,0,6,0,2,0,0,0,2,0,0,9,0,0,8,1,0,0,0,0,0,0,0,0,0,0,5,2,0,0,9,0,0,1,0,0,4,0,0,1,0,0,0,1,0,0,0,0,0,0,0,0,0,0,0,0,0,0,0,0,0,0,0,0,0,0,0,0,0,0,0,0,0,0,0,0,0,0,1,0,0,0,0,0,0,0,0,0,0,0,0,4,0,1,0,0,0,0,0,11,0,12,4,0,0,5,0,0,1,0,0,16,0,0,0,0,1,0,7,0,0,0,0,0,0,0,0,0,7,0,0,0,5,0,0,0,0,0,1,0,0,0,17,0,0,0,0,0,0,0,0,1,0,0,0,1,0,0,0,0,0,29,0,0,0,0,0,0,0,0,0,18,3,0,0,0,0,0,0,0,0,0,0,0,4,0,0,4,0,0,0,0,0,14,0
366,0,0,0,0,5,0,1,114,0,0,4,3,0,6,0,0,0,0,0,0,0,0,7,0,13,0,0,0,0,0,0,1,0,0,0,0,0,0,0,0,0,0,0,0,0,0,0,0,10,0,0,0,0,0,0,0,0,0,0,0,1,2,0,0,0,0,0,0,0,4,0,0,0,0,0,0,0,0,0,0,0,0,0,0,0,1,0,0,0,0,5,0,0,0,0,0,0,0,0,0,0,13,10,0,3,0,0,0,0,0,0,0,0,2,0,0,0,0,0,0,1,3,0,2,0,0,0,0,0,0,33,0,0,0,0,0,0,4,0,0,0,0,0,0,0,0,57,0,0,5,1,0,0,0,0,0,0,0,0,0,0,4,3,0,2,1,0,0,0,0,0,53,2,6,0,0,2,0,0,0,0,0,0,0,0,0,2,3,0,0,3,0,0,0,0,1,1,0,0,0,0,0,0,0,0,0,0,0,0,0,0,0,0,2,0,0,0,0,0,0,0,0,0,0,0,0,1,0,0,0,0,0,0,0,0,0,7,0,0,4,15,0,8,0,0,0,2,0,0,3,7,1,0,0,0,0,0,0,0,0,5,7,0,15,0,0,0,0,1,1,3,0,0,0,3,0,0,0,0,0,0,0,0,1,0,0,0,0,0,0,0,0,0,0,0,0,0,0,0,0,0,0,0,0,0,0,5,6,0,0,0,0,0,0,0,0,2,0,13,3,0,0,19,0,1,0,0,0,1,0
367,0,0,0,0,0,0,1,42,0,0,11,0,0,0,0,0,0,0,0,0,0,2,0,1,0,0,0,0,0,0,0,3,0,0,0,0,14,0,0,0,0,0,0,0,0,0,0,0,0,0,0,0,0,0,0,2,1,0,0,0,0,0,0,0,0,0,0,0,0,0,0,0,0,0,0,0,0,0,0,3,0,0,0,0,0,1,5,0,0,0,0,0,0,0,0,0,0,0,0,2,1,0,1,0,4,0,0,0,0,2,0,11,1,0,0,0,4,0,0,12,0,2,0,1,0,0,0,0,0,0,0,0,0,0,0,0,0,3,0,0,0,0,0,0,0,5,0,0,0,1,0,1,0,0,0,0,0,0,0,0,1,1,2,0,2,1,2,0,0,0,0,26,0,10,0,0,1,0,2,0,0,0,0,0,0,0,0,4,0,0,0,0,0,0,0,0,0,0,0,0,0,0,0,0,0,0,0,1,0,0,1,0,0,1,0,0,0,0,1,0,0,0,0,0,0,0,1,0,0,0,0,0,0,0,0,0,0,0,0,0,8,0,0,0,0,0,0,0,0,5,0,0,0,0,0,0,0,0,0,0,9,46,0,0,0,0,0,0,1,0,2,4,0,0,0,0,0,0,0,2,0,0,0,0,0,0,0,0,0,0,0,0,0,3,0,0,0,0,0,0,0,0,0,0,2,0,0,0,0,0,0,0,0,5,0,0,0,0,9,0,9,0,2,0,0,0,0,0,0,0
368,0,0,1,0,5,0,0,6,0,0,13,8,0,0,0,0,0,0,0,2,1,0,0,0,120,0,0,0,0,0,1,1,0,0,0,0,0,0,0,0,0,0,0,0,0,0,0,0,0,3,0,2,2,0,0,1,0,5,1,0,1,4,0,0,0,0,0,1,0,0,0,0,26,0,0,0,0,1,0,0,0,0,0,0,0,0,0,0,0,0,1,7,0,0,0,0,0,4,0,0,0,0,1,0,2,3,0,0,0,0,0,2,0,0,0,0,0,0,0,0,6,2,0,0,0,0,1,0,0,1,0,0,0,0,0,0,2,15,0,10,9,0,0,0,0,0,0,0,0,9,0,1,0,0,0,0,0,0,0,1,0,0,25,0,0,2,0,0,0,0,0,1,0,1,0,0,1,0,2,0,0,0,0,1,0,1,2,0,0,0,0,0,0,0,16,0,0,0,0,0,0,0,0,0,0,3,0,0,9,2,0,0,0,2,0,0,0,0,5,0,1,0,0,0,0,0,5,0,7,0,0,5,0,0,0,0,4,0,0,0,3,0,1,0,0,0,0,0,0,0,3,2,0,0,0,0,0,0,0,0,0,5,0,15,0,0,0,0,0,1,2,0,0,0,0,0,0,0,0,0,1,0,0,0,1,0,1,0,0,0,0,0,0,0,0,0,1,0,7,0,0,0,12,0,0,0,30,0,5,0,0,0,0,0,0,0,0,0,0,0,0,1,5,0,0,0,0,0,0,0
369,0,0,2,0,5,0,0,13,0,0,2,3,4,0,0,0,0,1,0,0,0,0,0,9,64,0,0,1,0,0,0,2,0,0,0,0,0,0,0,0,0,1,0,0,0,6,2,0,0,1,0,0,0,0,14,2,0,1,2,0,0,3,0,0,0,0,0,0,0,5,0,0,0,0,0,0,0,0,0,0,0,0,0,0,0,0,1,0,0,0,1,33,0,0,0,1,0,0,0,0,1,0,1,0,3,1,0,0,0,0,8,1,0,0,0,0,0,0,0,0,0,1,0,0,0,0,0,0,0,5,0,0,0,0,0,0,0,14,0,2,9,4,0,0,0,0,26,1,0,0,4,0,0,0,2,1,0,0,0,0,0,1,86,0,0,6,0,0,0,0,0,2,0,1,0,0,1,0,0,0,0,0,0,0,0,0,0,0,0,0,0,0,3,1,5,0,0,0,0,0,0,0,0,0,0,0,0,0,14,0,0,0,0,7,0,0,0,0,4,0,0,0,3,0,4,3,0,0,2,0,0,0,0,0,0,0,0,0,0,1,8,0,7,0,0,0,0,0,1,0,0,2,0,0,0,0,0,0,0,0,5,2,1,4,0,0,0,0,9,0,10,9,0,0,3,0,0,0,0,1,0,0,0,0,0,0,0,0,9,0,0,0,0,0,0,0,0,0,8,0,0,0,8,0,0,2,44,0,0,0,0,0,2,0,0,0,0,0,0,14,1,1,0,0,0,6,0,0,0,0
370,0,0,2,0,2,0,0,47,0,0,23,2,7,0,0,0,0,0,0,0,0,2,3,0,7,0,0,0,0,0,0,0,0,0,0,0,0,0,0,0,0,0,0,0,0,1,15,0,0,0,0,0,0,2,0,0,0,5,0,0,1,0,0,0,0,0,0,0,0,0,0,0,0,0,0,0,0,0,0,0,0,0,0,1,0,0,1,1,1,0,0,3,0,26,0,6,0,2,0,14,5,0,25,0,13,0,1,0,0,0,1,0,2,0,7,0,0,0,0,0,8,0,0,0,0,0,0,0,0,0,0,0,0,0,0,0,1,12,3,6,0,1,0,3,0,0,3,0,0,0,2,0,0,0,0,0,0,0,0,0,0,6,0,2,0,0,0,0,0,0,0,5,0,35,1,0,0,0,2,0,0,0,2,0,0,0,0,0,2,0,0,0,0,0,1,0,0,0,0,0,0,0,4,0,0,0,0,7,0,0,0,0,0,2,0,0,0,0,36,0,0,0,26,0,0,0,1,0,0,2,0,0,12,0,3,0,0,3,0,45,5,0,24,0,1,0,17,0,0,0,0,0,0,0,0,0,0,0,1,0,0,16,0,3,0,0,0,0,0,1,0,0,0,0,1,0,0,0,0,3,0,0,0,0,0,0,0,0,0,0,0,0,0,35,0,0,0,0,1,1,2,0,0,0,0,0,17,2,0,0,0,0,1,0,0,0,0,0,0,6,0,2,1,0,0,3,13,0,0,0
371,0,0,2,6,3,0,0,19,0,0,8,3,0,0,0,1,0,0,10,0,0,0,0,0,42,0,0,0,0,0,0,1,0,0,0,0,15,0,0,0,0,0,0,0,4,2,0,0,0,0,0,0,0,1,0,1,10,1,5,0,1,0,0,0,0,1,0,0,0,0,0,2,0,0,0,0,0,0,0,0,0,0,4,0,0,0,2,0,7,0,0,0,0,0,0,0,0,5,0,0,0,0,1,0,5,0,0,0,0,0,0,0,0,0,0,0,0,0,0,0,0,1,2,0,0,6,0,0,8,0,0,0,0,0,0,0,0,25,4,8,0,1,0,0,0,0,10,0,0,10,2,0,0,0,0,0,0,0,0,0,0,2,53,0,0,0,0,0,0,0,0,0,0,0,0,0,1,0,0,0,0,0,0,0,0,0,0,0,0,0,0,0,0,0,0,0,0,0,0,0,1,0,0,0,0,0,0,0,0,1,0,0,0,3,0,2,0,0,7,0,0,0,2,0,0,0,1,0,0,0,0,0,0,0,0,0,0,1,0,1,2,0,4,0,0,0,0,0,0,0,0,2,0,0,0,0,0,0,0,0,0,1,1,14,4,0,0,0,0,1,2,0,0,0,0,0,0,0,0,0,1,0,0,0,0,0,0,0,0,0,0,0,0,0,0,0,0,0,0,0,1,0,19,5,4,0,22,0,0,0,0,0,0,0,0,0,0,0,0,0,0,0,6,2,0,2,0,0,0,0
372,0,0,0,0,0,0,1,46,0,0,8,0,0,0,2,0,0,1,0,0,0,0,0,0,0,0,2,0,0,1,0,0,0,0,0,0,0,0,1,0,0,0,0,2,0,0,0,0,0,0,0,0,0,3,0,0,0,0,1,0,0,4,0,0,1,0,0,0,1,0,0,0,0,0,0,0,0,1,0,15,0,0,0,0,0,0,0,0,5,0,0,0,0,1,0,0,0,0,0,0,1,0,4,0,3,0,0,0,0,0,0,13,0,0,0,1,0,0,0,9,3,0,3,2,0,0,0,0,0,0,0,0,0,0,0,0,0,7,0,0,0,0,0,4,0,1,0,0,0,0,0,0,0,0,0,0,0,0,0,0,0,0,3,0,0,0,0,0,0,0,0,46,0,0,0,0,1,0,1,0,0,0,6,2,1,0,0,0,0,0,0,0,0,0,0,0,0,0,10,0,0,1,2,0,0,0,0,0,17,0,0,0,0,0,0,2,0,6,2,0,0,0,0,0,0,0,0,0,1,0,0,0,0,0,0,0,0,3,0,4,19,2,0,0,0,0,8,0,0,0,0,0,0,0,0,1,0,0,2,6,8,0,5,0,0,0,0,0,0,0,5,2,1,0,0,0,0,0,0,0,0,0,0,0,0,0,22,0,1,0,0,0,0,0,0,0,1,0,13,1,0,0,0,0,1,0,4,0,0,0,2,1,3,0,0,0,0,0,0,0,9,0,0,0,0,0,0,0,0,0
373,0,0,0,15,26,13,0,66,0,2,12,5,1,2,5,0,0,0,0,0,0,0,6,0,4,0,0,0,0,0,0,3,0,0,0,0,0,0,0,0,0,0,0,0,0,0,1,0,0,0,0,0,0,0,0,1,0,1,0,1,1,3,1,0,0,0,0,0,0,0,0,0,0,0,0,0,0,0,0,0,0,0,0,0,0,0,15,0,11,0,2,3,0,0,0,1,0,0,0,3,0,0,11,0,9,2,0,4,0,0,0,6,0,0,0,0,0,0,0,0,0,7,0,0,3,0,0,0,0,0,0,0,0,0,0,0,0,2,0,0,0,0,0,0,0,0,0,0,0,0,0,1,0,0,0,0,0,0,0,0,1,4,1,0,0,0,0,0,1,0,0,0,7,4,0,0,1,0,0,0,0,0,0,0,0,0,0,10,0,0,0,0,3,0,0,0,0,0,0,0,0,0,0,0,0,0,2,0,0,0,0,14,0,2,0,0,0,0,1,0,0,0,0,0,0,0,0,0,0,0,0,0,0,0,0,0,0,0,17,0,26,0,2,0,0,7,2,0,0,0,0,0,6,0,0,0,0,0,0,4,0,0,6,56,0,0,0,0,0,1,2,0,0,4,0,0,0,0,0,0,0,0,0,1,0,0,0,0,1,0,0,0,0,6,0,0,0,0,19,0,0,0,1,0,0,0,12,0,0,0,0,0,0,0,1,0,0,0,15,2,0,1,29,0,0,0,0,0,1,0
374,0,0,0,0,1,0,0,21,0,0,5,2,9,0,0,0,0,0,0,0,0,0,2,0,20,0,0,0,0,0,1,0,0,0,0,0,0,3,0,0,0,0,0,0,0,0,10,0,0,0,0,0,0,3,0,0,0,4,0,0,0,1,0,0,0,0,1,0,0,1,1,0,0,0,0,0,0,0,0,0,0,0,0,0,1,8,1,0,0,0,0,27,0,10,0,0,0,0,0,0,0,0,77,1,32,2,0,0,0,0,0,0,0,0,4,0,0,0,0,0,0,0,0,0,0,0,0,1,0,0,0,0,1,0,0,0,0,13,0,0,0,0,0,0,0,0,12,7,0,0,2,0,0,0,0,0,6,0,1,0,0,5,1,0,0,11,0,0,0,0,0,2,0,13,0,0,0,0,0,0,0,0,0,0,0,0,0,0,0,0,0,2,0,0,1,0,0,0,2,1,0,0,10,2,0,0,0,0,0,0,2,0,1,2,0,0,0,0,42,0,0,0,0,0,1,0,0,0,0,0,0,0,0,0,0,0,5,0,0,13,5,0,8,0,0,0,0,0,0,0,0,9,0,0,3,0,0,0,0,0,5,8,0,1,0,0,0,0,35,1,1,1,0,0,1,0,0,0,0,0,0,0,0,1,0,0,1,0,22,1,0,0,0,10,0,0,0,0,0,0,0,1,0,0,0,0,20,0,0,0,0,0,0,0,6,0,0,0,0,2,0,2,3,0,2,0,2,0,0,0
375,0,0,0,0,0,0,0,93,0,0,15,0,0,0,0,0,0,0,0,0,0,0,1,0,1,0,0,0,0,0,0,1,0,0,0,0,9,0,0,2,0,0,0,0,0,0,0,0,0,1,0,0,0,4,0,0,0,0,0,0,0,1,0,0,0,0,0,0,0,0,0,0,0,0,0,0,0,0,0,0,0,2,0,0,0,0,0,0,0,2,0,2,0,1,0,0,0,0,0,0,0,27,2,0,10,0,0,1,0,0,0,14,0,0,0,0,0,0,0,4,0,0,1,0,0,6,0,0,0,0,0,1,0,0,0,0,0,22,3,0,0,0,0,4,0,0,0,0,0,0,0,0,0,0,0,0,0,0,0,9,0,0,0,0,0,1,1,4,0,0,1,16,0,7,0,1,5,1,0,0,0,0,0,0,0,1,0,0,14,1,0,0,0,0,0,0,0,0,0,0,13,1,0,0,0,0,0,0,0,0,0,0,0,0,0,0,0,0,1,0,0,0,18,0,0,0,0,0,0,0,0,0,0,0,0,0,0,0,0,0,3,0,0,0,0,0,0,0,0,0,0,0,0,8,0,0,0,0,0,0,0,14,2,0,0,0,0,0,0,0,3,16,0,0,0,0,0,0,0,1,0,0,0,0,0,0,8,0,2,0,0,0,8,8,0,0,1,0,13,2,0,0,0,0,0,0,3,0,0,0,0,1,1,14,0,0,0,0,34,0,0,0,6,0,1,0,0,0,0,0
376,0,0,0,0,3,0,0,69,0,0,13,0,0,0,0,1,0,0,0,0,0,0,3,0,2,0,0,0,0,1,0,0,1,0,0,0,0,0,0,0,0,0,0,0,0,0,0,0,0,0,0,0,0,0,0,0,0,0,0,0,0,1,0,0,0,0,0,0,0,0,0,0,0,0,0,1,0,1,0,0,0,0,0,0,0,0,6,1,0,0,0,6,0,1,0,0,0,0,0,0,1,0,12,0,0,6,0,0,0,0,0,0,0,1,0,0,0,0,0,0,0,2,0,0,0,0,0,0,0,28,41,0,0,0,0,0,0,21,2,0,6,1,0,7,0,3,23,0,0,2,1,0,0,0,0,0,2,0,0,0,0,6,3,0,0,0,0,16,0,0,0,24,0,0,0,0,1,2,0,2,0,1,9,0,0,0,0,0,0,0,6,0,0,0,0,3,0,0,0,0,0,0,0,0,0,0,0,0,0,0,0,0,0,2,0,3,0,2,0,0,0,4,0,1,0,0,0,0,1,0,0,0,0,0,0,0,0,1,8,8,6,0,2,8,0,0,3,0,0,0,0,2,0,0,0,0,0,2,0,5,0,37,0,12,0,0,0,0,0,0,3,8,0,0,0,0,0,0,0,0,0,0,0,0,0,0,19,0,2,0,0,0,3,7,0,0,1,0,25,0,0,2,1,0,0,0,21,4,0,0,0,0,0,2,0,6,0,0,13,0,0,0,22,9,0,0,0,0,0,0
377,0,0,0,0,7,0,0,95,0,0,6,3,0,0,0,0,0,0,1,0,0,0,0,0,0,0,1,0,0,0,0,3,0,0,4,0,7,0,0,1,0,0,0,1,0,0,0,0,0,0,0,2,0,17,0,0,0,0,0,0,0,0,0,0,0,0,0,0,2,0,0,0,0,0,0,0,0,2,0,0,0,0,1,1,0,0,8,1,0,1,0,0,0,2,0,0,0,0,0,0,1,0,3,0,0,0,0,0,0,0,0,4,0,3,0,0,0,0,0,1,0,2,2,0,4,0,0,0,0,0,35,0,0,0,0,0,0,4,1,0,0,0,0,0,0,0,0,0,0,0,0,0,0,0,0,0,3,0,0,0,0,0,4,0,0,1,0,0,0,0,2,77,0,1,0,0,2,0,0,0,0,0,0,0,0,0,0,0,0,1,0,0,0,0,0,0,0,0,1,0,0,0,0,0,0,0,0,0,0,0,0,0,0,0,0,0,0,0,1,0,0,1,0,0,0,0,1,0,0,0,0,0,0,0,0,0,0,0,0,0,11,0,0,0,0,0,0,0,0,6,1,0,0,0,0,0,0,0,0,0,2,20,5,0,1,0,0,0,0,0,8,5,0,0,2,0,0,0,0,0,1,0,0,0,0,0,5,0,3,0,0,0,0,4,0,0,0,0,0,0,9,0,0,0,0,0,0,0,0,0,0,1,2,0,0,0,0,0,0,0,0,0,0,0,0,0,0,0,0,0
378,0,0,1,0,8,0,0,45,0,0,32,3,0,0,0,0,0,0,0,0,0,2,2,5,23,0,7,0,0,0,0,1,1,0,0,1,0,1,0,0,0,0,0,0,0,1,3,0,0,0,0,0,0,0,0,0,0,1,0,0,1,0,0,0,0,1,0,0,0,0,0,0,0,0,0,0,0,0,0,2,0,0,0,0,0,0,0,0,1,0,0,31,0,25,2,0,0,0,2,18,0,4,81,0,29,1,2,0,0,0,0,0,2,2,0,0,0,0,0,0,12,1,0,0,0,0,0,0,0,1,0,0,0,0,0,0,0,5,0,9,0,0,0,0,0,0,0,2,0,0,6,0,0,0,0,0,0,0,0,0,0,5,1,0,0,5,0,0,0,0,7,0,0,16,0,0,0,0,0,0,0,0,2,1,0,0,0,0,1,0,0,0,0,0,0,1,0,0,0,0,0,0,0,3,0,0,0,0,0,0,0,0,0,1,0,0,0,0,91,0,2,6,17,0,0,0,1,0,0,0,0,0,0,0,3,0,0,4,0,0,0,0,0,0,0,0,0,0,7,0,0,6,0,0,3,0,0,0,0,0,0,0,0,8,0,0,0,0,0,1,1,0,0,0,1,0,4,0,0,2,0,0,0,0,0,0,1,0,4,0,0,0,0,14,0,0,4,0,1,0,0,0,0,0,0,0,25,1,0,0,0,0,1,0,0,0,0,0,2,5,0,1,2,0,0,0,0,0,0,0
379,0,0,0,0,5,0,0,21,1,0,44,1,0,3,0,0,0,0,0,0,0,0,0,0,55,0,0,0,0,0,0,1,0,0,0,0,0,0,0,0,0,0,0,0,0,0,0,0,0,0,0,1,0,0,0,3,0,0,0,0,0,6,0,0,3,0,0,0,0,8,0,0,0,0,0,0,0,0,0,3,0,0,0,0,0,0,1,0,3,0,0,0,0,1,14,0,1,0,0,0,1,0,1,3,2,1,0,0,0,0,0,1,0,0,6,0,0,1,0,0,0,0,0,0,0,0,0,0,0,2,0,0,0,0,0,0,0,8,0,12,0,1,0,0,0,0,65,1,0,22,6,0,0,0,0,0,0,0,0,0,0,0,36,0,0,13,0,0,0,0,0,2,0,1,0,0,0,0,1,0,0,0,16,0,0,0,0,0,0,0,0,0,0,0,0,0,1,0,0,1,0,0,0,0,0,0,0,0,0,0,0,0,0,0,0,0,0,0,26,0,0,0,0,0,0,0,1,7,0,0,0,0,0,0,0,1,0,0,2,0,2,0,8,0,0,0,0,16,0,0,4,6,0,1,0,0,0,0,0,0,0,1,0,3,5,0,0,0,0,1,6,0,0,0,4,0,0,0,0,0,1,0,0,0,0,0,0,0,3,5,0,0,0,0,0,0,3,1,0,0,0,0,0,0,0,0,0,0,0,0,0,0,3,0,0,3,0,0,0,7,0,3,1,0,0,0,0,0,0,0
380,0,2,1,0,10,0,0,24,0,0,10,3,1,0,0,0,0,0,0,0,0,0,0,0,31,3,0,0,0,0,0,0,1,0,0,0,12,0,0,0,0,0,0,0,0,3,1,0,7,0,0,0,0,0,0,0,0,5,0,0,1,5,0,0,2,0,0,0,0,0,0,0,10,0,0,0,0,0,0,1,0,0,0,9,0,0,6,0,4,0,0,0,0,0,0,0,0,5,1,0,0,0,0,0,8,1,0,1,0,0,0,3,1,0,0,0,0,1,0,0,5,0,0,4,0,0,0,0,3,13,0,0,0,0,0,0,0,33,0,2,0,1,0,0,0,2,0,0,0,0,4,2,0,0,0,0,0,0,0,0,0,0,81,0,0,9,0,0,0,0,5,3,0,1,0,0,2,0,0,0,0,0,0,0,0,0,0,0,0,0,3,0,0,1,0,0,0,0,1,0,0,0,0,0,0,0,0,1,0,0,0,0,0,5,0,0,0,0,2,20,0,0,0,0,0,0,1,0,0,0,1,0,0,0,0,0,0,0,0,0,6,0,13,0,0,0,6,9,0,0,0,4,29,0,2,0,0,0,0,0,0,0,0,6,5,0,0,0,0,1,13,27,0,0,4,0,0,1,0,0,0,0,0,1,0,0,0,0,29,0,0,0,0,0,0,0,0,0,0,0,1,0,0,0,0,0,48,0,4,0,0,0,0,0,0,0,0,0,16,8,0,1,0,0,0,0,0,0,0,0
381,0,0,0,0,0,0,0,17,0,12,5,1,0,0,1,0,0,0,0,0,0,0,0,0,0,0,3,0,0,0,0,0,1,0,0,0,0,2,0,4,0,0,0,0,0,0,0,0,0,1,0,0,0,3,0,0,6,0,0,0,0,4,0,0,0,4,0,0,0,0,0,23,0,1,0,0,0,0,0,0,0,0,0,0,0,0,0,0,0,0,0,0,1,42,0,0,0,0,3,0,1,1,29,0,0,0,0,0,0,4,0,0,0,0,0,0,0,0,0,1,0,0,6,0,1,0,0,0,0,0,0,0,0,0,0,0,0,0,0,0,0,0,0,0,0,0,0,0,0,16,1,31,0,0,0,0,0,0,0,0,0,0,0,0,0,7,1,0,0,0,6,0,1,28,1,0,1,0,0,0,8,1,0,0,0,0,0,0,0,1,8,0,0,0,1,0,0,0,0,0,0,0,0,0,0,0,0,5,12,0,0,0,0,0,1,0,0,0,5,0,1,0,0,5,6,0,0,0,2,0,0,2,0,0,8,0,14,9,0,4,1,0,4,0,0,0,0,0,8,0,0,0,0,0,3,0,1,0,0,0,0,26,3,0,0,0,5,0,0,0,0,1,0,0,0,0,0,0,0,0,3,0,0,1,0,0,2,0,3,0,0,0,0,8,0,1,6,0,0,3,0,0,0,2,0,0,11,0,0,0,1,0,0,1,0,0,0,0,0,0,0,1,0,0,0,0,0,3,9,1
382,0,0,0,0,4,0,0,76,0,0,0,0,0,0,0,0,0,0,0,0,0,0,0,0,0,0,0,0,0,0,0,4,0,0,0,0,0,0,0,1,0,0,0,0,0,0,0,0,0,0,0,10,0,4,0,0,1,0,0,0,0,6,0,0,0,0,0,0,0,0,0,0,0,0,0,0,0,0,0,0,0,0,0,0,0,0,0,1,0,0,0,0,0,1,0,0,0,0,0,0,0,0,15,0,13,0,0,0,0,0,0,35,0,0,0,0,0,0,0,6,4,2,4,0,0,0,0,0,0,0,0,0,0,0,0,0,0,12,1,0,4,0,2,3,0,0,0,0,0,0,0,0,0,0,0,0,0,0,0,0,0,0,0,0,0,1,0,0,0,0,1,77,0,0,4,0,4,1,0,0,0,0,0,1,0,0,3,0,0,0,0,0,1,0,0,0,0,0,4,0,0,0,0,0,0,0,0,0,0,0,0,0,0,0,1,0,0,0,3,0,0,0,14,1,0,0,0,0,0,0,0,0,0,0,0,0,0,3,0,5,2,0,0,0,0,0,0,0,0,0,0,1,12,8,0,0,0,0,4,0,0,34,0,10,0,0,0,0,1,0,4,0,1,0,0,0,0,0,0,1,0,0,0,0,0,0,11,0,3,0,0,0,0,0,0,0,0,0,0,5,0,0,0,0,0,0,0,0,0,0,0,0,0,0,0,11,3,0,0,2,5,0,6,0,0,0,0,0,0,0
383,0,0,0,5,7,0,0,70,0,0,14,7,3,7,1,1,0,0,0,2,0,0,1,4,1,0,0,0,1,0,0,1,0,0,0,0,0,0,0,0,0,0,0,0,0,0,0,0,0,0,0,6,0,0,1,4,0,0,0,1,0,2,0,0,0,0,0,0,0,0,0,0,0,0,0,0,0,1,0,0,1,0,0,0,0,1,0,0,0,0,0,2,1,0,0,0,0,0,0,0,0,0,22,0,0,2,0,0,0,0,0,8,0,0,0,0,3,0,0,0,0,11,0,0,0,0,0,0,0,8,0,0,0,1,0,0,0,11,0,0,0,0,0,0,0,0,11,0,0,2,0,0,0,0,0,0,0,0,0,3,0,0,1,0,0,0,0,2,0,0,0,8,14,3,0,0,2,0,0,0,0,0,3,0,0,0,0,0,0,0,0,0,3,0,0,0,0,0,2,0,0,0,1,0,0,0,0,0,22,0,0,0,0,2,0,0,0,0,0,1,0,0,2,0,0,0,0,1,2,0,0,0,0,0,0,0,0,0,0,3,4,0,4,0,0,2,0,0,0,0,4,0,0,0,0,0,0,0,0,0,0,10,0,18,0,1,0,0,0,0,3,0,0,8,0,0,1,0,0,0,0,0,0,1,0,0,5,0,2,0,0,0,0,6,0,0,0,0,0,0,0,0,0,0,0,0,16,3,0,0,7,0,0,0,0,0,0,2,37,0,8,1,2,3,0,0,0,0,0,0
384,0,1,1,0,11,0,0,45,0,5,12,6,0,9,0,1,0,0,0,0,0,0,1,0,56,0,0,0,0,1,0,0,1,0,0,0,0,0,0,0,0,1,0,0,0,0,1,0,0,0,1,2,0,1,0,1,0,1,0,0,1,5,0,0,0,0,1,0,0,0,0,0,0,0,0,0,0,1,0,0,0,0,0,0,0,0,0,0,0,0,0,10,1,1,0,0,1,2,1,0,1,0,1,0,2,3,0,0,1,0,0,2,1,0,0,0,0,2,0,0,0,1,4,6,0,1,1,0,0,0,0,0,0,0,0,0,1,4,0,1,0,1,0,0,0,0,15,0,0,51,0,0,0,0,0,0,0,0,0,1,0,0,56,0,0,16,0,0,0,0,0,1,0,0,0,0,1,0,0,0,0,0,0,0,0,0,8,0,0,0,0,0,4,0,13,0,0,0,0,1,2,0,0,0,9,0,0,0,0,0,0,0,0,0,0,0,0,0,21,0,0,0,0,0,0,0,3,11,0,0,0,0,0,1,0,0,0,0,1,0,4,0,25,0,0,0,0,0,0,0,0,2,22,0,0,1,0,0,0,0,0,0,0,15,0,0,0,0,0,0,35,0,0,0,3,0,2,1,0,0,0,0,0,0,0,0,0,0,9,0,0,0,0,0,0,0,0,0,5,0,0,0,47,0,0,1,15,0,0,0,0,0,0,0,0,0,0,0,0,0,0,0,6,2,0,0,0,0,0,2
385,0,0,0,0,6,0,0,13,0,0,4,10,0,4,0,2,0,1,12,0,0,0,0,0,3,2,6,0,0,0,2,0,1,0,0,0,0,0,0,1,0,0,0,0,0,2,2,0,0,0,0,2,0,0,0,0,0,2,0,0,0,13,0,0,0,2,0,0,0,0,0,0,0,0,0,0,0,0,0,0,0,0,4,2,0,0,0,3,0,0,1,41,0,0,0,0,1,0,0,0,0,0,2,0,3,0,0,0,0,0,0,0,0,0,0,1,0,0,1,0,0,1,0,0,0,0,0,0,0,0,0,0,0,0,0,22,0,2,0,1,0,0,0,0,0,0,4,0,0,0,0,0,0,0,0,0,7,0,0,0,1,2,52,0,0,0,0,0,0,0,0,1,0,0,0,2,1,0,0,3,0,1,0,0,0,0,0,0,0,0,0,0,0,0,0,0,0,0,0,0,0,0,0,0,0,0,0,0,8,0,0,0,0,0,0,0,0,0,2,7,0,0,0,0,1,0,3,4,2,0,0,0,0,0,0,0,0,0,0,1,2,0,5,0,0,0,0,0,0,0,12,3,14,1,0,0,0,0,0,0,0,1,0,13,3,0,0,0,0,1,15,0,0,0,2,0,0,0,0,0,0,0,0,0,0,0,1,0,7,0,0,0,0,0,0,0,0,0,0,0,0,0,5,0,0,0,16,0,0,0,0,0,6,0,1,0,0,0,0,0,0,0,8,0,0,0,0,0,0,0
386,0,0,0,0,15,0,5,23,0,0,13,2,0,2,0,0,2,0,6,0,0,0,0,0,37,0,0,0,0,0,0,1,0,0,0,0,0,0,0,0,0,0,0,0,0,0,0,0,0,0,0,0,0,0,0,0,2,3,0,0,0,0,0,0,0,0,0,0,0,0,0,0,0,2,0,0,0,1,0,0,0,0,0,0,0,0,4,0,0,0,0,13,0,1,0,0,0,3,0,0,1,0,1,0,4,3,0,0,0,0,0,0,0,0,10,0,0,0,0,1,0,1,0,0,0,3,0,0,4,6,11,0,0,0,0,0,0,0,0,2,10,1,0,0,0,0,0,0,0,5,8,0,0,0,0,0,0,0,0,0,0,6,39,0,0,0,0,0,0,0,11,1,0,0,0,0,1,0,1,0,0,0,8,0,0,0,0,0,12,0,0,0,2,0,0,0,0,0,0,0,0,0,0,1,0,0,0,0,0,0,0,0,0,2,0,0,0,0,12,0,0,0,0,0,0,3,2,0,0,0,0,0,1,0,0,0,0,0,0,0,4,0,13,1,0,0,3,8,0,0,0,0,0,0,0,0,0,0,0,0,0,2,0,6,0,0,1,0,0,0,8,0,0,0,0,0,2,0,0,0,0,0,0,0,0,0,0,0,3,0,0,0,0,0,0,0,4,0,8,0,0,0,5,3,0,0,39,0,0,0,0,0,0,0,1,0,0,0,0,2,0,2,3,0,0,0,0,0,0,1
387,0,0,0,0,0,0,0,55,0,0,4,0,0,0,0,0,0,0,0,1,0,2,0,0,0,1,1,0,0,0,0,1,0,0,0,0,4,0,0,1,0,0,0,0,1,0,0,0,0,0,0,0,1,0,0,0,0,0,0,0,1,2,0,0,0,0,0,0,0,13,0,9,0,4,0,0,0,0,0,0,1,3,0,0,0,0,0,1,0,0,2,0,1,0,0,0,0,0,0,0,0,0,8,0,5,0,0,0,0,0,1,22,0,0,0,2,0,0,0,4,0,0,1,0,0,0,0,0,0,0,0,0,0,0,0,0,0,20,4,0,5,0,0,0,0,0,0,0,0,0,0,2,0,0,0,0,2,0,4,0,0,0,1,0,0,0,0,8,0,0,2,20,0,6,0,0,2,1,0,1,0,0,0,0,0,0,0,0,0,0,0,0,0,2,0,0,0,0,0,0,0,1,0,0,0,0,0,0,0,0,0,0,0,0,0,0,0,0,3,0,0,0,0,0,0,0,1,0,0,0,0,0,1,0,0,0,2,0,0,0,11,0,0,5,0,0,0,0,0,0,0,0,0,0,0,0,0,0,0,6,3,0,4,0,0,0,0,0,0,0,3,0,0,10,0,0,0,0,1,0,0,0,0,1,0,0,6,0,1,0,0,0,1,0,0,0,0,0,0,1,3,0,0,0,0,0,3,0,0,0,0,0,0,0,0,0,0,0,0,0,0,0,22,0,0,0,0,0,0,0
388,0,0,1,0,4,0,8,0,0,0,11,6,0,0,0,0,0,0,0,0,3,0,3,0,16,0,0,0,0,0,0,0,2,0,0,1,1,1,0,0,0,0,0,0,0,0,0,0,0,0,0,2,0,1,0,0,0,8,0,0,0,9,6,0,0,1,0,0,0,0,0,0,0,0,0,0,0,0,0,0,0,0,0,0,0,0,1,0,0,0,0,50,0,21,0,0,0,0,0,0,0,1,98,1,16,2,0,0,0,0,0,0,0,1,0,0,0,0,5,0,0,0,3,0,1,0,0,0,0,1,0,5,1,0,0,0,0,1,0,16,0,0,3,0,0,0,4,2,0,0,3,0,0,0,0,0,0,0,0,0,0,3,2,0,0,2,0,0,0,0,0,5,0,0,0,0,1,0,1,0,0,0,0,0,0,0,0,0,0,0,0,0,10,0,1,0,0,0,0,0,0,0,0,0,0,0,0,5,0,0,0,0,0,2,0,1,0,0,39,0,1,0,0,3,0,0,2,0,0,0,0,0,24,0,1,0,4,0,0,8,3,0,43,0,0,0,0,0,0,0,0,4,0,0,0,0,1,5,0,0,0,0,1,10,0,0,0,0,0,0,1,3,0,1,2,0,0,0,0,0,0,0,0,0,0,0,1,0,6,0,0,0,0,12,0,0,13,0,0,0,0,0,0,0,0,0,27,1,0,0,0,0,1,0,0,0,0,0,0,5,0,0,3,0,0,0,0,0,0,0
389,0,0,0,1,0,0,0,85,0,0,11,0,3,0,0,0,0,0,0,0,2,0,0,8,13,0,5,3,0,0,0,3,0,0,0,0,14,3,0,0,0,0,1,0,0,1,25,0,0,0,0,0,2,0,0,0,2,0,0,0,0,2,0,0,0,0,0,0,0,0,0,0,0,0,0,3,2,0,0,1,0,0,0,0,0,0,0,0,0,0,0,0,1,29,0,0,0,0,5,0,3,0,5,0,4,1,0,0,0,0,0,1,0,2,0,0,0,5,7,0,0,0,2,8,0,0,0,0,0,0,0,0,0,0,0,0,0,3,20,0,0,0,0,0,0,0,0,1,0,0,0,0,0,0,0,0,0,0,0,0,0,0,1,0,3,3,0,0,0,2,9,4,0,28,0,0,1,12,2,0,0,0,0,0,0,0,0,0,0,0,0,0,6,0,0,0,0,0,0,0,0,0,0,3,0,0,0,0,0,0,2,0,0,0,0,0,0,0,57,0,1,0,0,0,0,0,1,0,0,0,0,0,0,0,9,0,0,0,0,0,1,0,12,0,0,0,11,0,0,0,0,0,0,0,0,0,0,0,0,0,8,0,1,4,0,0,0,0,0,0,0,0,0,0,0,0,6,0,0,1,0,0,0,0,0,17,4,0,3,0,0,0,0,2,0,0,0,0,0,0,0,0,0,2,0,0,12,0,0,0,0,2,0,0,0,0,0,0,0,0,0,1,0,36,0,0,0,4,8,4
390,0,0,2,0,2,0,0,1,0,0,14,16,2,1,0,0,0,0,0,1,0,0,2,0,49,0,15,3,0,0,0,0,0,0,0,0,0,0,0,0,0,0,0,0,0,0,4,0,0,0,0,0,0,0,0,0,2,0,0,0,0,11,17,0,2,1,0,0,0,0,0,0,0,0,0,0,0,1,0,0,0,0,0,0,0,0,4,1,0,0,0,2,0,17,0,0,0,0,2,0,1,0,128,0,7,2,0,0,0,1,0,0,0,0,0,0,0,0,0,0,5,0,3,0,0,0,0,0,0,0,6,4,0,0,0,0,0,2,0,48,0,0,0,0,0,0,4,0,0,0,0,0,0,0,0,0,0,1,0,0,0,4,0,0,0,0,0,0,0,0,5,0,0,15,3,0,1,0,0,0,0,0,0,0,0,0,0,0,0,0,0,0,0,0,1,0,0,0,0,0,0,0,2,2,0,0,0,0,0,0,0,0,0,0,0,1,0,0,58,0,0,0,0,2,2,1,1,0,0,0,0,0,0,0,5,0,0,6,0,17,2,0,17,2,0,0,0,0,5,0,0,2,0,0,4,0,0,15,1,0,0,0,0,16,0,0,0,0,33,2,1,2,0,0,0,0,0,0,0,0,0,0,0,0,0,0,0,0,6,0,4,0,0,3,0,0,0,0,0,0,0,0,0,2,0,0,80,0,0,0,0,0,0,1,0,0,0,0,0,3,0,1,1,15,0,0,0,3,0,0
391,0,0,1,0,1,0,0,0,0,0,4,4,0,0,1,4,0,0,0,0,0,1,0,0,26,0,0,0,0,0,0,1,0,0,0,0,0,0,0,0,0,0,0,0,3,0,0,0,0,0,1,0,0,3,0,0,0,11,4,0,0,0,0,0,0,0,1,0,0,0,0,0,2,0,0,5,1,0,0,0,1,0,0,0,0,0,0,0,1,0,0,20,0,25,0,0,0,0,0,0,0,0,38,0,23,1,0,0,0,2,0,0,0,0,0,0,0,0,7,0,4,0,0,6,0,2,0,1,0,1,0,0,0,0,0,0,0,9,0,9,0,0,0,2,0,0,0,4,0,10,4,0,0,0,0,0,0,1,0,0,0,22,1,3,0,8,0,0,0,1,0,2,0,29,0,0,0,0,0,0,4,0,0,0,0,0,0,0,0,0,7,0,0,0,2,0,0,0,0,4,0,0,0,0,0,0,0,0,0,0,0,0,0,2,0,0,0,0,121,0,0,0,74,0,0,1,2,0,0,1,0,0,11,0,3,0,0,0,0,7,6,0,20,0,0,0,0,0,2,0,0,5,0,0,0,0,0,0,0,0,4,0,0,3,0,0,0,0,0,0,0,1,0,0,0,0,0,0,0,0,0,0,0,0,0,0,3,0,6,0,0,0,0,3,0,0,0,0,0,0,0,0,0,1,0,0,10,0,0,0,0,1,0,0,9,0,0,0,3,0,0,2,3,0,3,0,0,0,9,1
392,0,0,0,0,15,0,0,50,0,0,3,6,2,4,0,0,0,0,0,1,0,0,0,0,7,0,0,0,0,0,0,1,0,0,4,0,0,1,0,2,0,0,0,0,0,1,0,0,0,0,0,0,0,7,0,8,0,1,13,0,0,2,0,0,0,0,0,0,0,0,0,0,0,0,0,0,0,0,0,0,1,0,0,6,0,0,0,0,0,0,0,5,0,2,0,0,0,0,0,0,0,0,7,0,3,4,0,0,0,0,0,0,0,2,0,0,0,0,0,1,0,1,4,0,0,0,0,0,0,0,0,0,0,2,0,0,0,0,0,0,0,0,0,4,0,3,0,0,0,1,0,0,0,0,0,0,0,0,0,0,1,7,4,1,0,1,0,0,0,0,0,91,0,1,0,0,1,0,0,0,0,0,8,0,1,0,0,0,0,0,0,0,0,0,0,0,0,0,0,0,0,0,0,0,0,0,2,0,0,0,0,0,0,6,0,0,0,0,1,2,0,1,0,0,0,0,0,0,0,0,0,0,0,0,0,0,0,0,0,12,5,0,7,0,0,0,0,0,0,0,0,2,0,0,0,0,0,1,2,0,0,0,0,65,0,0,0,0,0,0,3,5,0,0,0,0,0,0,0,1,0,0,0,0,0,0,20,0,0,0,0,0,0,10,0,4,0,0,17,0,5,0,0,0,1,0,27,0,0,0,2,0,0,0,0,0,0,0,11,0,0,1,19,0,0,0,3,0,3,0
393,0,1,1,0,3,0,0,19,0,0,14,7,0,9,0,0,2,0,0,0,1,0,0,5,38,0,0,0,0,0,0,1,0,0,0,0,7,3,1,0,0,1,0,0,0,0,1,0,0,0,1,0,0,0,0,0,3,1,0,0,0,6,0,0,1,1,0,1,0,22,0,0,0,0,0,0,0,0,0,0,0,0,0,0,0,0,0,8,10,0,0,31,0,0,0,0,0,6,0,0,0,0,1,0,1,3,0,0,0,0,0,4,0,0,4,0,2,0,0,0,0,1,0,9,0,0,0,0,0,2,0,0,0,0,0,0,0,7,5,14,20,0,0,0,0,0,34,1,0,0,10,0,0,0,0,0,0,0,0,0,0,1,39,0,0,0,0,0,0,0,0,2,0,0,0,0,1,0,0,0,0,0,0,1,0,0,0,0,0,0,1,0,0,0,0,0,0,3,0,0,0,0,0,0,0,0,0,0,0,2,1,5,0,0,0,1,0,0,14,0,0,1,0,0,0,0,2,0,0,0,1,0,0,0,0,1,0,0,0,1,2,0,19,0,0,0,0,0,0,2,0,7,0,0,0,0,0,1,0,0,0,0,0,7,0,0,0,0,12,0,4,0,0,0,18,0,0,0,0,2,0,0,0,0,0,1,0,0,0,5,0,0,0,0,0,0,0,1,0,0,0,5,7,0,0,0,55,0,0,0,0,0,0,0,0,0,0,0,0,0,0,2,1,0,0,0,0,0,0,0
394,0,1,0,18,0,4,0,54,0,0,6,7,0,0,0,0,0,0,1,1,0,0,6,0,6,0,0,0,6,0,0,0,0,0,0,0,0,0,0,1,0,0,0,0,0,0,0,0,0,0,0,0,0,0,0,0,0,0,0,0,1,2,0,0,0,0,0,0,0,0,0,0,0,0,0,0,0,0,0,0,0,0,0,0,0,0,14,0,4,0,1,0,0,3,0,0,0,0,0,0,0,0,10,0,15,0,0,0,0,0,0,2,0,0,0,0,0,0,0,1,0,0,1,0,0,3,0,0,0,7,0,0,0,0,0,0,0,15,0,0,8,0,0,0,0,6,8,1,0,0,0,0,0,0,0,0,0,3,0,0,0,3,2,0,0,0,0,0,1,0,0,19,0,2,0,0,1,1,0,1,0,0,0,0,0,0,0,0,0,0,0,0,0,0,0,0,0,0,0,0,0,0,0,0,0,0,0,0,0,0,0,0,0,0,0,0,0,0,0,0,0,2,0,0,0,1,0,0,0,0,0,0,2,0,0,0,1,0,0,10,17,0,6,0,0,0,0,0,0,0,0,3,0,0,0,0,0,0,0,0,5,21,0,4,0,0,0,0,0,1,2,6,0,0,8,1,0,0,0,0,0,0,0,1,0,0,7,0,1,0,0,0,6,6,0,0,0,0,7,0,0,0,0,0,1,0,0,6,0,1,0,0,0,0,0,0,0,0,0,3,11,1,9,0,0,0,5,0,0,0
395,0,0,4,0,8,0,0,24,0,0,2,6,0,1,0,0,0,0,0,0,0,0,2,0,43,0,0,0,0,0,1,0,0,0,0,0,0,2,0,0,0,0,0,0,0,0,6,0,3,0,0,0,3,0,8,0,0,3,0,0,0,11,0,0,0,1,0,0,0,0,0,0,0,0,0,0,0,0,0,0,0,0,0,0,2,0,5,0,0,0,0,18,0,34,0,0,0,0,0,0,0,0,9,0,0,0,2,0,0,0,1,0,0,0,0,0,1,0,0,0,0,0,2,0,0,5,0,0,0,0,0,0,0,1,0,0,0,12,0,10,0,0,0,0,0,0,21,8,0,0,2,10,0,0,1,0,0,0,0,0,0,19,1,1,0,32,0,0,0,0,0,1,0,30,1,0,1,0,0,0,0,0,2,0,0,0,0,1,0,1,0,0,0,0,0,0,0,0,0,0,0,0,0,0,0,1,2,0,0,0,0,0,0,2,0,0,0,0,65,0,0,7,0,0,0,0,1,0,3,1,0,0,25,0,8,0,0,0,0,39,6,0,4,0,0,0,0,0,0,5,1,0,0,0,0,0,0,27,0,0,0,19,0,3,0,0,0,0,0,2,0,0,0,0,0,0,5,0,0,0,0,0,0,0,0,0,2,0,0,0,0,0,0,23,0,0,17,0,1,0,1,2,0,0,0,0,14,2,0,0,0,0,1,0,5,0,0,0,0,7,0,4,4,0,5,0,11,0,0,0
396,0,0,2,1,1,0,0,26,0,0,7,3,0,0,0,0,0,0,1,0,0,1,1,0,18,0,0,0,0,0,0,1,0,0,0,0,0,0,0,0,0,0,0,1,0,0,0,0,0,0,1,2,0,0,0,0,0,8,0,0,0,3,0,0,4,0,0,0,0,0,0,0,0,0,0,0,0,0,0,0,0,0,0,1,0,0,1,0,1,0,0,5,0,0,2,9,0,1,7,0,0,0,35,0,45,1,0,0,0,0,1,0,2,0,0,0,0,0,0,0,5,0,0,0,0,0,0,1,0,0,0,0,0,0,0,0,0,0,0,5,0,0,0,0,0,2,8,3,0,2,0,0,0,0,0,0,0,0,0,0,0,5,2,0,0,9,0,0,0,0,0,6,1,18,1,0,0,0,0,0,0,0,0,0,0,0,0,0,3,0,0,0,0,0,1,0,0,0,0,0,0,0,0,2,0,0,0,0,0,0,0,0,0,3,1,0,0,0,41,8,0,0,0,2,0,0,1,0,0,0,2,0,12,1,2,0,0,0,0,0,3,0,24,0,0,0,0,0,0,12,0,1,0,0,0,0,0,0,0,0,0,8,0,11,1,0,0,1,0,1,1,0,0,0,0,0,0,0,0,0,0,0,0,0,0,0,0,0,0,0,0,0,0,3,0,0,11,0,1,0,0,0,0,0,0,0,9,1,0,0,0,0,0,0,5,0,0,0,0,0,0,3,2,16,0,0,0,0,0,0
397,0,0,0,0,0,0,2,96,0,0,18,0,0,2,0,0,0,1,0,0,0,0,0,0,4,1,1,0,0,0,0,1,0,0,4,0,0,1,0,7,0,0,0,0,0,0,0,0,0,0,0,0,0,10,0,0,0,0,13,0,0,7,0,0,0,0,0,0,0,0,0,0,0,0,0,0,0,0,0,0,0,0,0,0,0,0,0,0,0,0,0,0,0,1,0,0,0,0,0,0,0,16,5,0,12,3,0,0,0,0,0,22,0,0,0,2,5,0,0,9,1,4,0,0,2,0,0,0,0,0,0,0,0,0,0,0,0,8,0,0,0,2,0,0,0,0,0,0,0,0,0,1,0,0,0,0,0,0,0,0,0,0,0,0,0,1,0,0,0,0,1,25,6,5,0,0,1,1,0,0,1,0,5,2,0,0,0,5,0,0,0,0,0,0,0,0,0,0,0,0,0,0,0,0,0,0,0,0,0,1,0,0,0,3,0,0,0,2,2,0,0,0,0,0,0,0,1,0,0,0,0,0,0,0,0,0,3,0,0,0,4,5,0,0,0,0,4,3,0,0,0,0,0,0,2,0,0,0,0,0,4,4,6,0,0,0,0,0,0,0,0,7,0,0,0,0,0,1,0,0,0,0,0,0,0,0,5,0,1,1,0,0,0,6,0,0,1,0,0,2,0,0,0,0,0,0,0,0,0,0,0,0,0,0,0,0,0,0,0,1,0,0,3,0,0,0,7,0,0,0
398,0,1,0,0,12,0,0,26,0,0,3,4,0,4,0,0,2,0,0,0,0,1,1,0,43,0,0,0,0,3,0,0,0,0,0,0,0,0,1,0,0,0,0,0,3,0,1,0,0,0,0,0,0,1,0,1,5,5,3,0,1,3,0,0,0,1,1,0,0,0,0,1,0,0,0,0,0,0,0,0,0,0,0,0,0,0,0,0,0,0,0,14,0,0,0,0,0,0,1,0,1,0,1,0,5,3,0,0,0,1,0,1,0,0,0,1,0,4,0,0,0,2,0,0,0,1,1,0,2,0,0,0,0,0,0,14,0,23,0,9,0,1,0,0,0,3,0,0,0,9,0,0,0,0,1,0,0,0,0,0,1,3,12,0,0,1,0,0,0,0,11,0,0,0,0,1,1,0,0,0,0,0,0,0,0,0,0,0,0,0,8,0,0,0,4,0,0,0,0,0,0,0,4,0,0,0,0,0,0,0,0,0,4,9,0,0,0,0,14,0,0,0,0,0,0,0,2,0,0,0,0,0,0,0,0,0,5,0,0,0,2,0,0,0,0,0,0,0,1,0,0,3,0,0,0,0,0,0,0,0,3,0,0,9,0,0,0,0,0,0,9,32,0,0,12,0,3,0,0,0,0,0,0,0,0,0,0,0,12,0,0,0,3,0,0,0,1,0,13,0,0,5,19,0,0,0,0,0,0,0,0,0,0,0,0,0,1,0,0,0,0,1,2,0,0,0,0,0,0,0
399,0,0,0,0,19,0,1,74,0,0,1,1,0,0,0,0,0,1,0,0,0,0,5,0,7,0,0,0,0,0,0,1,0,0,0,0,11,0,2,0,0,0,0,0,0,0,0,0,0,0,0,0,0,0,0,0,0,0,0,0,1,1,0,0,0,0,0,0,0,0,0,0,0,0,0,0,0,0,0,0,0,0,0,2,0,0,7,0,0,0,1,2,0,1,0,0,0,0,0,2,0,0,0,0,26,5,0,1,0,0,0,9,0,0,1,2,0,0,0,0,0,7,1,1,0,0,0,0,0,5,0,0,0,1,0,0,0,17,0,0,3,2,0,0,0,0,7,0,0,0,0,0,0,0,0,0,0,4,0,0,0,4,1,0,0,0,0,0,0,0,0,22,0,0,0,1,1,0,0,2,0,0,0,1,0,0,0,0,0,0,0,0,0,0,0,0,0,0,0,1,0,1,0,0,0,0,0,0,0,0,0,0,0,1,0,0,0,0,1,0,0,1,0,1,0,0,1,0,2,0,0,0,0,0,0,0,0,2,11,5,7,0,2,0,0,2,0,2,0,0,0,2,0,0,0,0,0,0,0,4,0,12,0,26,0,1,0,0,0,0,2,2,0,6,17,1,0,0,0,0,0,0,0,0,0,0,6,0,2,1,1,0,0,3,0,0,0,0,12,0,0,0,1,0,0,2,0,11,0,0,0,0,0,0,0,0,0,1,0,1,0,1,2,0,0,0,0,0,0,0
400,0,0,0,0,28,7,0,45,0,0,13,5,0,0,0,0,0,0,0,0,0,0,3,7,5,1,0,0,0,1,0,2,0,0,0,0,4,0,0,0,0,0,0,1,0,0,0,0,0,0,0,0,0,5,0,8,0,1,0,0,0,4,0,0,0,0,0,0,0,0,0,0,0,14,0,14,0,0,0,0,0,0,0,0,0,0,3,0,0,0,0,14,1,0,0,0,0,1,0,0,1,0,9,0,4,0,0,0,0,0,0,5,0,0,0,0,0,0,1,3,0,9,0,2,0,0,0,0,0,7,0,0,0,0,0,0,0,7,0,0,3,2,0,0,0,2,0,0,0,6,0,1,0,0,0,0,0,2,0,0,0,5,0,0,0,1,2,0,1,0,0,14,8,0,0,1,0,0,0,0,0,0,0,0,0,0,0,5,2,0,0,0,0,0,0,0,0,0,0,0,0,0,0,0,0,0,0,0,0,0,0,0,1,4,0,1,0,1,1,1,4,2,0,0,0,0,1,0,0,0,0,0,0,0,0,0,0,0,0,0,1,0,8,0,0,0,0,1,1,0,0,1,11,0,0,0,0,0,0,0,8,10,0,34,0,0,0,0,0,0,11,11,1,0,17,0,0,0,0,0,0,1,0,0,0,0,3,0,1,0,0,0,0,0,0,0,2,0,0,0,0,0,1,0,0,0,6,6,0,1,0,0,0,0,0,0,0,0,0,2,0,0,12,0,0,0,6,0,1,0
401,0,0,0,0,0,0,0,48,0,0,7,0,0,3,6,0,0,0,0,0,1,0,0,6,4,0,3,0,0,0,0,4,0,0,0,0,10,0,0,4,0,0,0,1,0,0,0,0,0,0,0,0,0,2,0,0,1,0,0,0,0,0,0,0,0,0,0,0,0,0,0,0,0,0,0,0,0,0,0,0,0,0,0,1,0,0,0,0,0,0,0,0,0,0,0,0,0,0,0,5,1,0,11,0,0,0,0,1,0,0,0,13,0,0,1,0,0,0,0,7,0,3,0,0,0,0,0,1,0,0,0,0,0,0,0,0,0,8,0,0,0,0,1,7,0,1,0,0,0,0,0,0,0,0,0,0,0,0,0,0,0,5,0,0,1,0,0,0,1,0,1,92,7,5,0,0,2,0,9,0,0,0,0,0,0,0,0,0,0,0,0,0,0,0,0,0,1,0,0,0,0,1,0,0,0,0,0,1,0,0,1,0,0,3,0,0,0,0,2,0,0,0,5,0,0,0,1,0,1,0,0,0,0,0,0,0,0,0,0,0,6,0,2,0,0,0,0,1,0,0,0,0,4,7,1,0,0,0,0,0,2,19,1,0,0,0,0,0,0,0,5,5,0,0,8,0,0,0,0,0,0,0,0,0,0,0,3,0,2,1,0,0,0,7,0,0,0,0,0,0,0,0,0,0,0,0,0,0,0,0,0,1,1,0,0,0,0,0,0,0,0,1,7,0,0,0,0,0,0,0
402,1,0,0,0,18,0,0,84,0,0,1,8,0,8,0,0,0,0,1,0,0,0,4,0,4,0,0,0,0,0,0,1,0,0,0,0,0,0,0,1,0,0,0,1,0,0,0,0,0,0,0,0,0,0,0,13,0,1,0,0,0,0,0,0,0,0,0,0,0,0,0,0,0,0,0,0,0,0,0,0,0,0,0,0,0,0,8,0,9,4,2,5,0,0,0,0,0,0,0,0,0,0,27,1,23,0,0,1,0,0,0,3,0,0,1,0,2,0,1,0,1,6,5,0,0,0,0,0,0,3,0,0,0,0,0,0,0,1,0,0,0,0,0,0,0,4,0,0,0,0,0,0,0,0,0,0,3,0,0,0,0,0,6,0,0,0,0,0,0,0,0,41,8,1,0,0,3,0,0,1,0,0,0,0,0,0,0,0,0,0,0,0,0,7,0,3,0,0,0,0,0,0,0,0,0,0,0,0,46,0,1,12,0,6,0,0,0,0,2,0,4,0,0,0,0,0,0,0,0,0,0,0,1,0,0,0,1,0,12,4,4,0,1,6,1,0,5,0,0,0,0,1,0,0,0,0,0,2,0,0,0,6,0,12,0,0,0,0,0,1,3,6,0,0,9,0,0,0,0,0,0,0,0,0,0,0,15,1,2,0,0,3,0,4,0,0,0,0,0,0,0,0,0,0,0,1,8,11,0,1,0,0,0,0,0,0,0,0,0,3,0,1,8,0,0,0,0,0,0,0
403,2,0,0,0,5,0,0,29,0,0,6,10,0,0,0,0,1,0,0,0,0,6,0,0,30,0,0,0,0,0,0,0,0,0,0,0,4,0,0,0,0,0,0,0,0,1,0,0,0,0,0,7,0,0,3,0,0,6,0,0,2,3,0,0,0,2,0,0,0,0,0,0,0,0,0,0,0,0,2,0,0,0,1,0,0,0,0,0,0,0,0,44,0,25,4,0,0,1,0,14,0,0,117,0,33,1,0,0,0,0,0,0,0,0,3,0,0,0,6,0,0,0,2,0,0,0,0,0,0,0,0,0,0,0,0,0,0,19,0,7,0,1,0,0,0,3,5,0,0,0,4,0,0,0,1,0,3,0,0,3,0,12,0,0,0,6,0,0,0,1,6,6,0,13,0,0,0,0,0,0,0,0,0,0,0,0,0,0,0,0,0,0,0,0,1,1,0,0,3,0,0,0,0,2,0,0,0,0,0,0,0,0,0,3,0,0,0,0,10,0,0,0,0,0,0,0,2,0,0,0,0,1,0,2,3,0,0,7,1,15,0,0,1,2,0,0,0,0,0,0,0,1,2,0,0,0,0,0,0,0,0,17,0,13,0,0,0,0,37,2,1,0,0,0,0,1,0,0,0,0,0,0,0,0,0,0,0,0,3,0,0,0,0,1,0,0,0,0,0,0,0,0,1,0,1,0,48,1,0,0,0,0,0,0,0,1,0,0,0,0,0,0,1,0,0,0,4,0,0,1
404,0,0,0,0,0,0,0,33,0,0,4,0,0,0,0,0,0,0,1,0,0,0,0,0,0,0,0,0,0,0,0,0,0,0,0,0,3,0,0,1,0,0,0,0,0,0,0,0,0,0,0,0,0,1,0,0,11,0,0,0,0,5,0,0,0,0,0,0,0,0,0,0,0,0,0,0,0,0,0,3,0,0,0,0,0,0,0,0,0,0,0,10,1,26,0,0,0,0,6,4,0,0,10,1,0,0,2,0,0,1,0,0,0,0,0,0,0,0,0,1,0,0,0,0,0,0,0,1,0,0,0,0,0,0,0,0,0,10,0,0,0,0,0,4,0,0,0,1,0,0,3,7,0,0,0,0,0,1,2,0,0,0,0,0,0,5,0,1,0,0,28,1,1,62,0,0,0,0,0,0,0,0,1,0,0,0,0,0,0,0,0,3,0,0,0,0,0,0,0,0,0,0,0,0,0,0,0,0,20,0,0,0,0,0,0,1,0,0,41,6,0,0,0,0,0,0,0,0,1,0,0,0,0,0,20,0,0,0,0,7,2,0,0,0,0,0,12,8,0,12,2,0,1,0,0,0,1,0,0,0,2,0,0,0,0,0,0,0,26,0,0,0,0,0,0,1,8,0,0,0,1,0,0,0,7,0,1,0,13,0,0,0,0,0,0,0,14,0,0,4,0,1,0,0,0,0,18,2,0,0,0,1,0,0,0,0,4,0,0,0,1,0,2,0,0,0,0,8,0,1
405,0,0,2,0,5,0,0,31,0,0,4,0,0,0,0,1,0,0,0,2,1,0,1,0,59,2,0,0,0,0,0,0,0,0,0,0,0,1,0,0,0,0,0,0,0,0,0,4,0,1,1,0,0,0,0,1,0,5,0,0,1,6,0,0,0,0,1,0,0,0,0,1,21,0,0,0,0,0,2,0,0,0,0,0,0,0,0,0,7,0,0,12,0,1,0,0,0,0,0,28,0,0,3,0,1,2,0,0,0,0,2,0,0,0,12,0,0,0,0,0,0,2,2,0,0,0,0,0,0,10,0,5,0,0,0,0,0,0,0,22,0,2,0,0,4,0,49,0,0,2,2,0,0,0,0,0,0,0,0,0,0,0,19,0,0,0,0,0,0,0,0,0,0,0,0,0,0,0,0,0,0,0,0,0,0,0,0,0,0,0,0,0,0,0,0,0,0,0,0,0,1,0,0,0,0,0,0,0,7,0,0,0,6,14,0,0,0,0,7,0,0,1,5,0,0,2,1,0,0,1,0,0,0,5,0,1,0,0,0,1,5,0,24,0,0,0,2,9,0,0,0,8,0,0,0,0,0,0,0,0,0,0,0,5,0,0,0,0,0,0,3,47,0,0,14,0,0,0,0,0,0,0,0,0,0,0,0,0,0,0,0,0,0,1,0,0,0,0,0,0,1,0,12,0,0,0,63,0,5,0,0,0,0,0,0,0,0,0,14,2,0,0,4,0,0,0,0,0,0,0
406,0,0,0,3,0,0,3,26,0,0,14,0,0,0,0,0,0,0,0,0,0,0,0,0,0,0,0,0,0,0,1,0,0,0,0,3,10,0,0,0,0,0,0,0,0,4,0,0,0,3,0,0,0,1,0,0,17,0,0,0,0,7,0,0,1,0,0,0,0,0,0,0,0,1,0,0,0,0,0,0,0,0,0,0,0,0,0,0,0,0,0,5,0,1,0,2,0,0,1,0,1,0,0,4,4,0,0,0,0,0,0,0,0,0,0,0,4,0,0,3,0,1,0,0,0,0,0,0,0,0,0,0,0,0,0,0,0,22,0,3,0,0,0,0,0,0,0,0,0,0,0,0,0,0,0,0,0,0,0,0,0,0,32,0,0,0,0,0,0,1,18,0,0,1,0,0,0,0,0,0,0,0,0,0,0,0,0,0,0,0,4,0,0,0,0,0,0,0,0,0,0,0,0,0,0,0,0,0,0,0,0,0,0,0,0,0,0,0,6,0,0,1,9,0,0,0,3,0,1,1,0,0,0,1,0,0,0,0,0,0,6,0,10,0,0,0,0,0,0,1,0,0,0,0,0,0,0,0,1,0,2,0,0,0,0,0,0,0,0,0,8,0,0,0,0,0,0,0,0,0,0,0,0,0,0,0,1,0,15,0,0,0,0,0,0,0,1,0,0,0,0,0,0,0,0,0,10,0,0,0,0,0,3,0,0,0,0,0,0,0,0,1,0,0,0,0,0,0,0,0
407,0,0,2,0,8,0,0,1,0,0,0,4,2,5,0,0,0,2,0,0,0,0,0,0,70,6,0,0,0,0,0,0,0,0,0,0,0,2,0,0,0,1,0,0,6,0,1,0,5,0,0,0,0,0,0,1,0,3,0,0,1,5,0,0,0,1,0,0,0,0,0,0,0,0,0,0,0,0,0,0,0,1,0,0,0,0,0,0,7,0,0,17,0,0,0,1,0,8,0,0,1,0,3,0,3,2,1,0,0,0,0,1,2,0,8,0,0,0,0,0,0,1,1,0,0,0,0,31,0,2,0,0,0,0,0,0,0,4,0,3,0,5,0,0,0,0,0,1,0,1,0,0,0,0,0,0,1,0,0,1,0,2,80,0,0,0,0,0,0,0,0,2,0,1,0,0,0,0,0,1,0,0,0,0,0,0,0,0,0,0,0,0,0,0,1,0,0,1,0,2,0,0,0,0,0,7,0,0,0,0,0,0,0,0,0,0,0,0,21,0,0,0,0,0,0,0,2,0,0,0,1,0,0,0,0,0,0,0,2,0,6,0,6,0,0,0,2,0,0,0,0,8,0,0,0,0,0,0,0,0,0,0,0,2,0,0,0,0,0,0,10,0,0,1,10,0,0,0,0,1,3,0,0,0,0,0,0,0,3,9,0,0,0,0,0,0,0,0,0,0,0,0,10,0,0,1,20,0,0,0,0,0,2,0,0,0,1,0,11,0,0,1,3,0,0,0,1,1,0,0
408,0,0,1,0,0,0,0,18,0,0,9,0,0,0,0,0,0,0,0,1,0,0,0,0,6,0,0,0,0,0,0,2,0,0,0,0,0,0,0,3,0,0,1,0,2,0,0,6,3,1,0,0,0,0,0,0,10,0,2,1,0,3,0,0,0,0,0,0,0,0,0,0,0,0,0,0,0,0,0,1,0,0,0,0,1,0,0,1,1,0,0,0,0,12,0,0,0,0,1,0,0,0,8,0,5,0,0,0,0,0,0,0,0,1,0,0,0,0,0,1,0,0,0,0,0,1,0,0,0,0,0,0,0,0,0,0,0,8,0,2,0,0,0,0,0,0,0,1,0,0,3,0,0,0,1,0,0,0,0,0,0,0,0,0,0,0,0,0,0,0,20,0,1,88,2,0,1,0,0,0,0,0,0,0,0,0,0,0,0,0,0,0,0,0,0,0,0,0,0,0,3,0,0,3,0,0,0,0,9,0,0,0,0,0,0,0,0,0,0,0,0,0,25,1,3,0,1,0,0,3,0,0,0,0,0,0,0,0,0,0,3,0,13,0,0,0,0,0,3,7,0,0,0,0,0,0,1,0,0,0,6,27,2,0,0,0,2,0,0,0,0,1,0,0,0,1,0,0,0,0,0,0,0,0,0,0,0,0,6,0,0,0,0,15,0,0,4,0,0,0,1,0,0,0,0,0,6,0,3,0,0,3,0,0,0,0,1,0,0,0,0,0,0,0,0,3,0,3,24,0
409,0,1,0,0,0,0,0,4,0,5,10,0,0,0,0,0,0,3,0,0,0,1,0,0,0,0,17,0,0,0,1,0,0,0,0,0,4,0,0,0,0,0,0,0,0,2,0,0,0,1,0,0,0,0,0,0,14,0,0,0,0,3,0,0,0,0,0,0,0,6,0,0,0,0,0,0,0,0,0,0,0,0,6,0,0,0,0,0,0,0,0,0,0,0,14,0,0,0,1,0,2,0,1,0,0,0,0,0,0,0,0,8,0,0,0,0,0,0,0,2,0,1,0,3,0,0,0,8,0,0,9,0,0,0,0,0,1,8,0,3,0,0,4,0,0,0,17,0,0,0,0,0,0,0,0,0,0,0,0,0,0,0,0,0,0,1,2,0,0,1,15,4,0,1,0,0,0,2,0,0,0,0,0,0,0,0,0,0,0,0,0,0,0,0,0,0,0,0,0,0,0,0,0,0,4,4,0,0,0,0,0,0,0,1,0,2,0,0,14,13,0,2,0,0,0,0,0,0,0,0,0,0,1,0,0,0,0,0,0,0,5,0,0,1,1,0,0,0,0,2,0,0,0,0,0,0,0,0,0,0,1,0,2,0,0,0,0,0,0,0,9,0,1,0,2,0,0,0,0,0,0,0,0,0,1,0,0,0,6,0,0,0,0,0,0,0,1,1,0,3,0,0,0,0,0,0,14,0,0,0,0,0,0,2,0,0,0,0,0,4,0,0,0,0,0,0,0,0,0,0
410,0,0,0,8,0,0,0,68,0,0,14,0,0,0,0,0,0,4,0,0,0,0,0,16,17,0,0,1,0,0,0,0,0,0,0,0,2,0,0,0,0,0,0,0,0,11,0,0,0,0,0,0,0,1,0,0,9,0,0,0,0,0,0,0,0,0,0,0,0,0,0,0,0,0,0,1,1,0,1,0,1,0,0,0,0,0,0,0,0,0,0,0,0,0,0,0,0,0,3,0,1,0,2,0,1,0,0,0,0,0,0,5,0,0,0,0,0,0,0,2,4,1,0,0,0,0,0,0,0,0,0,0,0,0,0,9,0,20,11,0,0,2,0,0,0,3,0,1,0,0,0,0,1,0,0,0,0,0,0,0,0,0,0,0,0,0,2,0,0,0,12,1,0,0,0,3,0,0,0,0,0,0,0,1,0,0,7,0,0,0,2,0,0,0,6,0,0,1,0,0,0,0,0,0,0,0,0,0,0,0,0,0,0,0,0,0,0,0,2,0,1,0,0,0,1,0,0,0,0,0,0,0,1,0,0,0,0,0,0,1,3,0,0,0,0,0,0,0,0,0,0,0,0,0,1,0,0,0,0,0,2,2,2,0,0,0,0,0,0,0,4,0,1,2,0,0,0,0,0,0,0,1,0,0,0,0,2,0,31,0,0,0,0,0,0,0,2,0,0,0,0,0,0,0,0,0,14,0,0,0,0,1,3,0,0,0,1,0,0,0,0,0,3,0,0,0,0,0,0,0
411,0,0,1,0,8,0,0,24,0,0,13,1,4,1,0,0,0,0,0,0,0,0,2,0,46,0,0,0,0,0,0,2,2,0,1,0,3,0,0,0,0,0,0,0,0,1,0,0,0,0,3,0,0,0,0,0,0,9,5,0,1,5,0,0,0,2,0,0,0,0,0,0,0,0,0,0,0,1,0,0,0,0,0,0,0,0,3,0,0,0,0,50,1,38,0,0,0,1,0,0,0,0,80,0,40,0,0,0,0,0,1,0,1,0,1,0,0,0,6,0,0,0,2,9,0,0,0,0,0,1,0,2,1,0,0,0,1,9,0,9,0,0,16,0,0,0,0,9,0,0,0,8,0,0,0,0,0,1,0,0,0,7,1,0,0,19,0,1,0,0,0,2,0,9,2,0,0,10,1,0,0,0,0,0,0,0,0,0,2,0,0,0,12,0,1,0,0,0,0,0,0,0,2,0,0,0,0,10,3,0,0,0,1,1,0,1,0,0,44,0,0,0,0,2,0,0,1,0,0,0,0,2,5,0,4,0,0,5,0,0,6,0,18,4,0,0,0,0,0,0,0,8,0,0,0,0,0,0,0,0,3,13,0,16,0,0,0,0,0,0,1,0,0,0,2,0,0,0,0,0,0,7,0,0,0,0,0,0,0,0,0,0,0,9,0,0,1,0,1,0,0,0,0,0,0,0,79,0,0,0,0,0,0,0,0,0,1,0,0,2,0,1,1,0,0,0,0,7,0,1
412,0,0,0,0,0,0,0,32,0,0,13,0,0,0,0,0,0,0,0,0,0,0,0,0,0,0,0,0,0,0,0,0,0,0,0,0,4,0,0,3,0,0,0,0,0,1,6,0,7,0,0,0,3,6,0,0,2,0,0,0,0,2,0,0,0,0,0,0,0,0,0,7,0,0,0,0,0,0,0,0,0,0,0,0,0,0,0,0,0,0,0,0,0,27,3,0,0,0,1,0,2,0,74,0,13,0,0,1,0,0,0,0,0,2,0,0,0,3,0,0,0,0,2,0,1,0,0,0,0,0,0,0,0,0,1,0,0,7,0,0,0,0,0,0,0,0,2,5,0,0,0,0,0,0,0,0,0,0,0,2,0,0,0,0,0,0,0,0,0,0,9,4,0,30,0,0,0,0,0,0,0,0,1,0,0,0,0,0,0,0,0,0,0,0,0,0,0,0,0,0,0,0,0,0,0,0,1,0,19,0,0,0,0,0,0,0,0,0,88,16,0,0,0,0,1,0,0,0,0,0,0,0,6,0,2,0,0,0,0,10,2,0,11,0,0,0,0,0,15,0,0,0,0,0,0,0,0,0,0,0,3,13,3,0,0,0,0,0,34,0,0,0,0,0,0,0,0,0,0,0,0,0,0,0,4,0,2,0,11,0,0,0,0,19,0,0,29,0,0,0,0,0,0,0,0,0,32,0,0,0,0,2,0,0,0,0,1,0,0,0,0,0,3,0,0,0,0,5,0,0
413,0,0,0,0,0,0,0,37,0,0,21,2,3,2,0,0,0,2,4,0,0,0,0,0,190,2,0,0,0,0,0,1,0,0,0,0,0,0,0,0,0,0,0,0,0,0,3,0,0,3,0,0,0,0,6,1,0,2,2,0,0,0,0,0,0,0,0,0,0,0,0,0,0,0,0,0,0,0,0,0,0,0,0,6,0,0,0,0,11,0,0,29,0,0,0,0,1,0,0,0,0,0,1,0,1,3,0,0,0,0,0,1,0,0,12,0,0,0,0,0,0,2,0,7,0,0,0,0,0,0,0,0,0,0,0,0,0,6,0,0,0,0,0,0,0,0,17,0,1,24,0,1,0,0,0,0,0,0,0,0,0,4,4,0,0,21,0,0,0,0,0,3,0,1,0,0,0,0,0,0,0,0,0,0,0,0,34,0,1,0,0,0,0,0,5,0,1,0,0,0,0,0,5,0,0,0,0,0,0,0,0,0,0,5,0,0,0,0,14,0,0,0,1,0,0,0,2,2,0,0,0,0,0,1,0,0,1,0,0,1,5,0,24,0,0,0,0,0,0,0,0,9,0,0,0,0,0,0,0,0,0,0,0,1,0,0,0,0,0,0,27,0,0,0,11,0,0,0,0,0,0,0,0,0,0,0,1,0,5,0,0,0,32,0,5,0,1,0,0,0,0,0,0,0,0,0,50,0,0,0,0,0,0,0,0,0,0,0,0,0,0,0,16,1,0,0,0,0,0,0
414,0,0,3,0,0,0,0,13,0,0,34,0,0,0,0,0,0,0,0,0,0,0,1,0,107,1,0,0,0,0,0,1,0,0,0,0,0,0,1,3,0,0,0,0,0,0,0,0,3,0,0,0,0,6,0,0,0,4,0,1,4,0,0,0,1,1,0,0,0,0,0,0,0,0,0,0,0,0,0,0,0,0,0,0,1,0,0,0,0,0,0,35,0,35,0,0,0,0,0,0,0,0,83,0,9,1,0,0,0,0,0,0,1,0,0,0,0,0,1,0,0,1,19,0,0,0,0,1,0,1,0,5,0,0,0,0,0,11,0,8,0,0,0,0,0,0,0,3,0,9,3,0,0,0,0,0,0,0,0,0,0,6,3,0,0,6,0,0,0,0,0,3,0,89,0,0,0,0,0,0,0,0,3,0,0,1,0,1,4,0,6,0,0,0,3,0,0,0,0,1,5,0,0,2,0,0,0,0,0,7,0,0,0,3,0,0,0,0,42,0,0,0,0,0,1,0,1,0,0,0,0,0,0,0,4,0,0,0,0,20,6,0,20,1,0,0,0,0,0,0,0,5,1,0,0,0,0,0,0,0,0,75,0,6,0,0,0,0,0,0,0,2,2,0,0,0,0,0,0,0,0,0,0,0,5,0,0,0,8,0,3,0,0,8,0,0,0,0,0,0,1,0,0,0,0,0,43,0,0,0,0,0,0,0,0,0,0,0,0,4,0,0,3,0,0,0,0,0,0,1
415,0,0,0,0,29,11,0,83,0,0,7,5,2,1,0,0,0,0,0,0,0,0,3,0,18,0,0,0,2,0,0,0,1,0,0,0,1,0,0,0,0,0,0,0,0,0,0,0,0,0,0,0,0,13,1,5,0,0,0,0,0,3,0,0,0,0,0,0,0,0,0,0,0,0,0,0,0,0,0,0,0,0,0,0,0,0,0,0,0,3,6,8,0,1,16,0,0,1,0,3,0,0,9,1,5,5,0,0,0,0,0,0,0,0,0,0,0,0,0,0,0,5,0,0,0,0,0,0,0,6,0,0,0,0,0,0,0,13,0,0,0,0,0,0,0,0,15,0,0,0,0,0,0,0,0,0,1,0,2,0,0,7,3,0,0,2,4,0,0,0,0,0,3,1,0,0,1,1,0,0,0,0,0,0,0,1,0,0,0,0,0,0,3,0,0,0,0,1,3,1,0,0,0,0,0,0,0,0,27,0,0,0,1,0,0,0,0,2,1,0,2,2,0,0,0,0,0,0,0,0,0,0,0,0,0,0,0,2,0,2,8,0,5,0,0,0,6,0,0,0,5,1,0,0,0,0,0,0,3,0,0,0,0,93,1,1,0,0,0,1,6,0,0,0,0,1,0,1,0,1,0,1,0,0,0,0,8,0,1,0,0,0,0,4,0,0,0,0,0,0,0,1,1,0,1,0,7,3,0,0,0,1,0,0,0,0,0,0,7,0,0,0,21,2,0,0,0,0,0,0
416,0,0,0,0,0,0,3,24,0,0,10,0,5,0,0,0,1,0,0,0,0,0,0,0,11,0,0,0,0,0,0,1,0,0,0,0,9,0,1,0,0,0,0,0,0,8,1,0,0,0,0,0,0,0,0,0,23,0,0,0,0,2,0,0,0,0,0,0,0,0,0,0,0,0,0,0,0,1,1,0,0,0,7,0,0,0,0,0,0,0,0,0,0,0,0,0,0,0,1,14,0,0,1,0,0,0,0,0,0,0,0,10,0,0,0,0,0,0,0,1,0,1,0,0,0,0,0,7,0,0,0,0,0,0,0,0,1,9,0,0,0,0,0,0,1,0,0,0,0,0,0,0,0,0,1,0,1,0,0,0,0,0,9,0,0,0,0,0,0,0,21,0,0,1,0,0,0,0,1,0,0,0,0,0,0,0,20,0,0,0,0,0,0,1,0,0,1,0,0,0,0,0,0,0,0,0,0,1,0,0,0,0,0,0,0,0,0,0,13,0,0,0,0,0,0,0,4,0,0,0,0,1,0,0,0,0,0,0,0,0,0,0,0,2,0,0,0,0,0,1,0,0,0,0,0,0,0,2,0,0,0,6,1,0,0,0,0,0,3,0,6,0,0,0,0,0,0,0,10,0,0,0,0,0,0,0,2,0,3,0,0,0,9,0,2,0,3,0,0,0,0,0,13,0,0,0,0,0,0,0,0,0,0,0,0,0,0,0,0,5,0,0,0,0,0,0,0,0,5,0
417,0,0,0,0,19,0,0,48,0,0,6,3,0,0,0,0,0,0,1,0,0,1,3,0,7,0,0,0,2,0,0,0,0,0,0,0,6,0,0,1,0,0,0,0,3,0,0,0,13,0,0,0,0,3,0,0,0,1,0,1,0,0,0,0,0,0,0,0,0,2,0,0,0,0,0,0,0,2,0,0,0,0,0,0,0,0,0,0,1,0,2,9,0,1,10,0,0,0,0,0,0,16,13,0,6,2,0,0,0,0,1,3,0,2,0,0,0,0,0,0,0,4,0,0,0,0,0,0,0,8,0,0,0,0,0,1,3,4,1,0,0,0,0,0,0,0,17,0,0,0,0,0,0,0,0,0,0,0,0,0,1,6,1,0,0,1,0,0,0,0,0,15,0,2,0,0,2,0,0,2,0,0,0,2,0,1,7,1,0,0,0,0,0,0,0,0,0,0,0,0,0,1,0,1,0,0,0,0,0,0,0,0,0,5,1,0,0,0,0,0,0,0,0,0,0,2,1,0,1,0,0,0,0,0,0,0,0,0,0,0,9,0,2,0,0,0,0,0,0,0,0,1,0,0,0,0,0,0,4,0,0,12,0,48,0,0,0,0,0,1,6,11,0,0,0,0,0,1,0,0,0,1,0,0,0,0,0,0,0,0,0,0,0,0,0,1,0,0,4,0,0,0,0,0,0,0,0,21,0,0,0,0,0,8,0,5,0,0,14,4,0,1,13,0,0,0,0,0,0,0
418,0,0,0,0,39,0,0,51,0,1,22,0,0,0,0,0,0,4,0,0,0,0,3,0,6,0,0,0,0,0,0,1,0,0,2,0,4,0,0,2,0,0,0,0,1,0,1,0,0,0,0,0,0,7,0,3,0,1,0,0,0,2,0,0,0,0,0,0,0,0,0,0,1,9,0,0,1,1,0,0,0,0,0,0,0,0,6,0,0,0,5,27,0,2,0,0,0,1,0,0,0,0,12,0,0,4,0,0,1,0,0,10,0,0,0,0,0,0,0,0,0,2,1,2,0,0,0,0,0,9,0,0,0,1,0,0,0,22,0,0,0,0,0,0,0,0,7,0,0,3,0,0,0,0,0,1,0,0,0,0,0,11,1,0,0,0,0,0,0,0,0,0,3,5,0,1,2,0,2,4,0,0,0,0,0,1,0,0,0,0,0,0,0,0,0,4,0,0,0,0,12,0,0,0,0,0,1,0,0,0,0,0,0,11,0,0,0,0,3,3,0,0,7,0,0,3,0,0,0,0,0,0,0,0,0,0,4,0,0,1,4,0,10,0,0,0,0,1,3,0,1,0,0,0,2,0,0,0,3,0,0,0,0,56,0,1,0,0,0,0,12,7,0,0,16,0,0,0,0,0,0,0,0,0,0,0,0,0,1,0,0,0,5,7,0,0,0,0,15,1,0,0,1,0,0,0,9,3,0,0,0,0,0,0,0,6,1,0,0,0,0,0,14,0,0,0,0,0,0,0
419,4,0,0,0,5,11,0,103,0,0,3,3,0,0,0,0,0,0,0,0,1,0,3,0,9,0,0,0,0,0,0,1,0,0,1,0,6,0,0,0,0,0,0,0,0,0,0,0,0,0,0,10,0,0,0,0,0,0,0,0,0,6,0,0,0,0,0,0,0,0,0,0,0,0,0,7,0,2,0,0,0,0,0,0,0,0,0,0,5,0,8,6,0,2,0,0,0,0,0,0,0,0,2,2,2,4,0,0,0,0,2,3,1,0,1,0,0,0,0,0,0,12,0,2,2,0,0,0,0,0,32,0,0,0,0,0,0,7,0,0,0,1,0,9,0,5,17,0,0,0,0,0,0,0,0,0,0,0,0,0,0,9,2,0,0,0,0,0,0,0,0,34,0,2,0,0,0,0,0,1,0,0,0,3,0,0,0,0,0,0,0,0,0,4,0,0,0,0,2,0,0,0,0,0,0,0,0,0,0,0,0,0,0,2,0,0,0,0,3,0,0,0,0,0,0,0,0,0,0,0,0,0,0,0,0,0,0,0,0,2,18,0,3,0,0,0,0,0,0,0,2,1,5,0,0,0,0,0,0,0,0,0,0,24,0,0,0,0,1,2,6,5,0,0,16,0,0,1,0,0,0,0,0,0,0,0,0,0,1,0,0,0,0,0,0,0,0,0,0,0,0,0,0,0,0,0,22,2,0,0,1,0,0,0,0,0,0,1,0,0,0,0,20,0,0,0,10,0,0,0
420,0,0,1,0,5,0,6,25,0,4,11,2,0,2,0,0,0,0,0,0,0,0,0,0,60,4,0,1,0,0,0,0,1,0,0,0,4,0,1,0,0,0,0,0,3,0,0,0,0,0,0,0,1,0,4,0,10,2,0,0,0,1,0,0,5,0,0,0,0,0,0,0,4,0,0,0,0,0,0,0,1,0,0,0,0,0,0,0,0,0,0,23,0,0,0,0,0,14,0,0,0,0,1,2,1,1,0,0,0,0,0,0,1,0,0,0,0,0,0,1,0,2,7,0,0,0,0,0,3,1,5,6,0,0,0,24,0,13,11,0,0,0,0,0,0,0,13,0,0,0,0,1,0,0,0,1,0,0,0,0,1,1,82,0,0,6,4,0,0,0,0,0,0,0,0,0,0,4,1,0,0,0,0,0,0,1,0,0,0,0,0,0,0,2,0,0,0,0,0,0,0,0,0,0,0,0,0,0,0,0,1,0,0,7,0,0,0,0,22,0,0,0,0,0,0,0,1,0,0,0,0,0,0,0,0,0,0,0,0,1,8,2,39,0,0,0,0,0,0,0,11,3,0,0,0,0,0,0,0,0,2,0,0,30,0,0,1,0,0,0,11,19,1,0,4,0,4,0,0,0,0,0,0,0,0,0,1,0,2,0,0,0,0,0,4,0,0,0,9,0,0,0,38,0,0,0,16,0,0,0,0,0,0,0,0,0,0,0,38,0,0,0,1,0,0,5,0,0,0,0
421,0,0,0,0,12,17,0,20,0,0,1,3,1,2,0,0,0,0,0,1,1,0,2,0,5,0,0,0,0,0,0,1,0,0,0,0,19,1,0,0,0,0,0,0,0,0,0,0,0,0,0,0,0,6,0,2,0,1,0,0,1,3,0,0,0,0,0,0,0,0,0,0,0,0,0,0,0,0,0,1,0,7,0,0,0,0,0,0,5,0,2,4,0,1,15,0,0,1,0,0,0,0,17,0,0,3,0,1,0,0,0,0,0,0,0,0,5,0,0,0,4,16,0,2,0,7,0,0,0,13,0,0,0,0,0,1,0,0,0,0,0,8,0,0,0,0,23,1,0,0,1,3,0,0,0,0,0,0,0,4,0,2,3,0,0,0,0,0,0,0,0,0,0,3,4,0,0,0,1,0,0,0,0,0,0,0,0,0,0,0,0,0,0,0,0,4,1,0,0,0,0,0,1,0,0,0,0,0,0,0,0,0,0,5,0,0,0,0,0,0,0,0,0,0,0,0,0,0,0,0,0,0,1,0,0,0,0,1,0,0,7,0,0,0,1,2,0,2,0,0,7,0,0,0,0,0,0,0,0,0,0,0,0,60,0,0,0,0,0,0,9,0,0,0,6,0,0,0,0,0,0,0,0,0,0,0,0,0,1,0,0,0,0,0,0,3,0,0,0,0,0,0,2,0,0,0,10,4,0,0,0,0,1,0,0,0,0,0,0,0,0,0,8,3,0,0,0,0,0,0
422,0,1,2,0,5,0,0,86,0,6,9,1,0,0,0,0,0,0,0,1,0,0,0,0,22,0,0,0,0,0,0,0,0,0,0,0,0,0,0,0,0,0,0,0,0,0,0,4,0,0,0,0,0,1,0,1,0,3,0,0,0,6,0,0,0,0,0,0,0,0,0,0,5,1,0,0,0,0,0,0,0,1,0,0,0,0,0,3,0,0,1,45,0,0,0,0,0,37,2,0,0,0,1,3,2,1,0,0,0,0,0,1,0,0,0,0,0,0,0,0,0,1,4,0,0,0,0,0,0,3,0,0,0,0,0,14,1,11,0,5,0,0,4,0,10,0,0,1,0,6,0,0,0,0,0,0,0,0,0,0,0,7,22,0,0,4,3,0,0,0,2,0,0,1,0,0,0,0,2,0,0,0,9,0,0,1,0,0,0,0,0,0,0,0,0,0,0,0,0,0,0,0,0,0,0,0,0,0,0,0,0,0,0,4,0,0,0,0,10,0,0,2,0,0,0,0,4,0,2,0,1,0,0,0,0,0,0,0,0,0,3,0,18,0,0,0,0,0,0,0,0,4,18,0,0,0,0,0,0,0,0,0,0,3,0,0,0,0,0,0,20,12,0,0,0,0,0,0,0,0,0,0,0,0,0,0,1,0,10,0,0,0,7,0,0,0,1,0,0,0,0,0,8,0,0,0,24,0,0,0,0,0,0,0,0,0,0,1,0,0,0,0,2,0,0,8,0,0,0,0
423,0,0,0,0,0,0,5,15,0,13,8,0,0,0,0,0,0,0,0,4,0,0,0,0,0,0,7,0,0,0,0,2,0,0,0,0,6,4,0,0,0,0,0,0,0,0,0,0,0,0,0,0,0,5,0,0,6,0,0,0,0,2,0,0,0,0,0,0,0,0,0,19,0,0,0,0,0,0,0,0,0,0,0,0,0,0,1,0,0,0,0,0,2,1,0,0,0,1,1,0,3,0,28,0,6,0,0,0,0,0,0,1,0,0,0,0,0,1,0,0,0,0,0,6,0,4,0,0,0,0,0,0,0,0,2,0,0,7,0,0,0,0,0,0,0,0,0,0,0,0,0,0,0,0,0,0,0,0,0,0,0,6,0,0,1,0,0,0,0,1,7,13,0,47,0,0,0,0,0,0,0,0,0,0,0,0,0,0,0,1,4,0,0,0,0,0,0,0,0,1,0,0,0,0,0,0,0,0,0,0,0,0,0,0,1,0,0,0,26,0,0,0,0,0,0,0,1,0,0,0,0,0,8,0,9,0,0,0,0,0,2,0,6,0,1,1,0,0,10,30,0,0,0,7,0,0,0,0,0,0,3,58,1,0,0,0,0,0,42,0,1,0,0,0,0,0,0,1,0,0,0,0,0,0,10,0,1,0,3,0,0,0,0,11,0,0,6,0,0,0,0,1,0,0,0,0,13,0,0,2,0,4,1,0,5,0,0,0,0,0,0,1,3,0,4,0,0,4,0,0
424,0,0,0,0,6,0,0,7,0,0,2,0,0,0,0,0,0,0,0,0,0,2,0,0,0,0,0,0,0,0,0,6,0,0,0,0,15,0,0,1,0,0,0,1,0,1,0,6,0,0,0,0,0,9,0,0,0,0,0,1,0,2,0,0,0,0,0,0,0,0,0,0,0,0,0,9,0,0,0,1,0,0,0,2,0,1,0,0,4,0,1,2,0,1,0,0,0,0,1,2,0,0,2,2,6,0,0,0,0,0,1,22,0,0,1,0,0,0,0,2,0,0,0,0,0,0,0,1,0,9,0,0,1,0,0,3,2,5,0,0,0,3,0,0,0,0,0,0,0,4,0,0,0,0,0,0,0,0,5,3,0,0,3,0,0,1,0,0,0,1,0,21,4,8,3,0,0,0,0,0,0,0,12,2,0,0,0,0,0,0,0,0,1,0,0,0,0,0,0,0,0,0,0,0,0,0,0,0,37,0,0,22,0,0,1,0,0,0,0,0,1,0,0,0,0,0,0,0,0,0,0,0,0,0,0,0,1,0,0,0,5,0,0,0,0,0,0,0,0,3,0,0,0,0,0,0,0,1,0,0,26,0,5,0,0,1,0,0,0,0,4,0,0,0,0,0,1,0,1,0,0,1,0,0,0,0,9,0,1,0,0,0,0,1,0,0,2,0,0,0,0,0,0,0,0,0,12,4,0,0,0,0,0,0,0,0,0,0,16,2,0,0,7,0,0,1,0,0,1,0
425,1,1,0,0,0,0,6,17,0,0,7,0,0,0,0,0,0,0,0,0,0,0,0,0,21,0,11,0,0,0,1,0,0,0,0,0,2,3,0,6,0,0,0,0,0,1,2,0,0,0,0,0,4,0,0,0,1,0,0,0,0,0,0,0,0,0,0,0,0,0,0,0,0,1,0,3,0,0,3,0,0,0,0,0,0,0,0,0,0,1,0,10,0,45,0,0,0,0,1,2,2,0,63,0,15,0,0,0,0,0,0,0,0,1,0,0,0,0,4,0,0,0,0,0,1,2,0,0,0,0,0,0,2,0,0,0,0,8,0,0,1,0,0,3,0,0,0,6,0,0,0,0,0,0,0,0,0,0,0,0,0,2,0,0,2,0,2,0,0,0,20,11,0,22,0,0,1,16,0,0,0,0,0,0,0,1,0,0,0,1,0,0,0,0,0,0,0,0,0,1,0,0,0,0,0,0,0,2,0,0,0,0,0,0,0,1,0,0,40,0,0,0,0,0,0,0,1,0,0,0,0,0,0,0,2,0,0,0,0,0,4,0,0,0,0,0,0,0,0,0,2,0,0,8,0,0,0,0,0,0,0,11,3,0,0,0,0,0,0,0,0,1,3,0,0,0,3,0,0,0,0,5,0,0,0,0,1,0,18,0,0,0,0,0,0,0,16,0,1,0,0,0,0,0,0,0,6,0,0,0,5,3,0,0,0,1,0,0,1,0,0,0,2,0,0,0,0,0,8,0
426,0,0,0,0,3,0,0,22,0,0,7,2,0,0,0,0,0,0,0,0,0,0,2,12,44,0,0,0,0,0,0,0,0,0,0,0,2,0,0,0,0,0,0,0,3,0,3,0,0,1,0,0,0,0,0,0,0,17,0,0,1,9,0,0,0,0,0,0,0,0,0,0,0,0,0,0,0,0,0,0,0,0,0,0,0,8,0,0,0,0,0,6,0,10,0,0,0,0,0,0,0,0,66,0,13,0,0,0,0,0,0,0,1,0,0,0,0,0,5,0,0,0,10,4,0,0,0,0,0,0,0,4,0,0,0,0,0,6,9,0,0,0,0,0,0,2,9,7,0,21,0,0,0,0,0,0,0,0,0,0,0,3,2,1,2,11,0,0,0,0,0,0,0,1,0,0,0,0,0,0,0,0,0,0,0,0,0,0,0,0,7,0,0,0,0,0,0,0,0,0,0,0,0,0,0,0,0,0,20,0,0,0,0,1,0,0,0,0,29,0,0,0,23,0,0,0,1,0,0,0,0,0,0,0,3,0,0,0,0,27,5,0,15,0,0,0,0,0,7,11,0,2,1,0,0,0,0,0,0,0,0,11,0,5,0,0,0,0,0,1,0,3,0,0,3,0,6,0,0,0,3,0,0,0,0,0,3,0,1,0,3,0,0,22,0,0,0,0,0,2,0,0,0,0,0,0,17,0,0,3,0,0,0,0,0,0,0,0,0,0,0,2,1,0,1,4,0,0,0,0
427,0,0,0,0,6,0,0,23,0,3,6,5,0,2,2,0,1,0,0,0,0,0,3,0,4,0,0,1,0,1,0,1,0,0,0,0,0,0,1,0,0,0,0,0,0,0,0,0,0,0,0,0,0,0,0,0,0,0,0,0,1,5,0,0,0,0,0,0,0,8,0,0,0,0,0,12,0,0,0,0,0,0,0,0,1,0,7,0,0,0,5,4,0,0,0,0,0,0,0,0,0,0,11,2,7,2,0,0,0,0,0,2,2,0,1,0,0,0,0,0,0,3,0,2,0,0,0,0,0,16,0,0,0,0,0,0,0,13,0,0,0,1,1,0,0,0,16,0,0,1,1,0,0,0,0,0,0,3,1,0,1,16,2,0,0,2,0,0,0,0,0,10,0,2,0,0,4,0,0,0,1,0,7,0,0,1,0,0,0,0,0,0,0,7,0,0,0,0,0,1,0,0,0,0,0,0,0,0,0,0,0,0,0,2,0,0,1,0,0,0,1,0,0,0,0,3,0,0,0,0,0,0,1,0,0,0,0,0,0,0,17,5,2,0,0,0,0,0,0,0,0,3,6,0,0,0,0,0,0,0,0,0,0,7,0,0,0,0,0,0,11,0,1,0,4,0,0,2,0,0,0,0,0,0,0,0,0,0,0,0,0,0,0,0,0,2,0,0,0,0,0,0,2,0,0,1,11,12,0,0,2,0,0,0,0,0,0,0,17,2,0,0,26,0,0,0,0,0,0,0
428,0,0,1,0,15,0,0,19,0,9,2,3,0,0,0,0,0,0,0,1,0,0,0,0,62,0,0,0,0,0,0,0,0,0,0,2,0,0,0,1,0,0,0,0,0,0,0,0,0,0,0,1,0,1,0,0,3,6,0,0,0,3,0,0,0,0,0,0,0,0,0,0,0,0,0,0,0,0,0,0,0,0,0,0,0,0,2,0,19,0,0,30,0,1,0,0,0,28,1,0,1,1,4,0,1,0,1,0,0,0,20,2,0,0,0,0,12,1,0,0,2,0,2,0,0,0,0,0,7,4,0,0,0,0,0,0,0,12,0,1,0,2,0,0,0,0,0,1,1,20,0,0,0,0,0,0,0,0,0,0,0,3,16,0,0,6,0,0,0,0,0,2,0,0,0,0,0,0,0,0,1,5,0,0,0,0,12,0,0,0,0,0,0,0,0,0,1,0,0,0,0,0,0,0,0,2,0,3,0,0,0,0,0,1,0,0,0,0,8,0,0,0,4,0,0,0,0,0,0,0,0,0,0,0,0,0,0,0,0,0,4,1,22,0,1,0,0,0,0,0,7,4,0,0,0,0,0,0,0,0,0,0,1,10,0,0,0,0,0,1,11,17,1,0,1,0,0,0,0,0,0,0,0,0,0,1,0,0,26,0,0,0,5,0,0,0,0,0,0,0,0,0,0,6,0,0,19,0,0,0,0,0,0,0,1,0,0,0,15,3,0,1,3,0,0,0,0,0,15,0
429,0,0,1,0,1,0,0,78,0,0,12,1,9,0,1,0,0,0,0,0,0,0,2,0,56,0,17,0,0,0,0,0,0,0,0,0,0,0,0,3,0,0,1,0,0,0,15,0,0,0,0,0,0,0,0,0,2,6,0,0,1,2,0,0,0,0,0,0,0,0,0,0,0,0,0,0,0,0,0,0,0,0,0,2,0,0,1,0,0,0,0,0,0,10,0,3,0,0,0,0,0,0,30,0,43,0,0,0,0,0,0,0,0,0,1,0,0,0,0,0,7,1,3,2,0,0,0,0,0,0,0,0,0,0,0,1,0,3,0,7,0,1,0,2,0,0,9,4,0,10,2,0,0,0,1,0,3,0,0,0,0,6,3,0,0,1,0,0,0,0,0,2,0,0,0,0,0,0,0,0,7,0,0,0,0,0,0,0,0,0,0,0,6,0,0,1,0,0,0,0,0,0,5,0,0,0,0,0,0,0,0,0,0,1,1,0,0,0,56,0,0,0,0,0,1,0,2,0,0,0,0,0,0,2,9,0,0,0,1,3,7,0,18,0,0,1,0,0,3,0,0,5,1,0,0,0,0,0,0,0,0,0,0,3,0,0,0,0,0,0,0,0,0,0,0,0,0,10,0,0,0,0,0,0,0,0,1,0,1,0,0,0,0,6,0,2,0,0,0,0,0,0,0,0,0,0,25,0,0,0,2,0,0,0,0,0,3,0,5,4,0,1,0,0,0,0,0,0,0,1
430,0,0,1,0,1,0,0,19,0,0,26,0,0,0,0,0,0,0,0,0,0,0,0,0,33,0,5,0,0,0,1,0,0,0,0,0,8,0,0,0,0,0,0,0,0,0,0,0,0,0,1,0,2,4,0,0,0,4,0,0,0,6,0,0,0,1,0,0,0,0,0,0,0,0,0,0,0,1,0,0,1,0,0,0,0,0,0,0,0,0,0,11,0,23,0,0,0,3,0,0,0,0,34,0,14,4,0,0,0,0,0,0,4,0,0,0,0,0,0,0,0,1,1,0,0,0,0,0,0,1,0,8,0,0,0,0,1,6,0,6,0,0,0,0,0,0,2,8,0,0,2,0,0,0,0,1,0,0,0,0,0,6,1,0,0,0,0,0,0,0,0,2,0,0,0,0,0,0,0,0,0,0,0,0,0,0,0,0,0,2,0,0,0,0,0,1,0,0,0,0,0,0,0,0,0,0,0,0,0,0,0,0,0,1,0,0,0,0,67,0,1,0,0,0,0,0,1,0,0,2,0,0,0,0,4,0,0,0,0,22,1,0,26,0,0,0,11,0,0,0,0,2,1,0,0,0,0,0,0,0,6,0,0,6,0,0,0,0,0,0,1,1,3,0,0,0,0,10,0,0,0,0,0,0,0,0,0,0,0,0,1,0,0,1,0,0,6,0,0,0,0,0,0,0,0,0,8,0,7,1,2,1,1,0,0,0,0,0,0,0,0,2,1,0,0,0,7,4,0,0
431,0,0,0,0,8,0,0,48,0,0,5,14,0,6,0,1,0,0,0,0,1,0,1,3,1,0,0,0,0,0,0,1,0,0,0,0,0,0,1,0,0,0,0,0,0,0,0,0,8,0,0,0,0,13,0,0,0,0,0,0,0,11,0,0,0,0,0,0,0,0,0,27,0,0,0,2,0,0,0,0,0,0,0,0,0,0,5,0,4,0,12,5,0,2,12,2,0,0,0,0,0,0,8,2,7,1,0,0,1,0,0,0,0,0,0,0,0,0,0,0,0,3,1,0,0,0,0,0,0,0,0,0,0,0,0,0,1,6,2,0,0,0,0,0,0,0,0,1,0,2,0,0,0,0,0,1,0,5,5,0,1,45,3,0,1,1,0,0,0,0,0,29,0,3,0,0,2,0,0,0,0,1,0,0,0,1,0,0,0,0,0,0,0,0,0,4,0,0,0,0,11,0,1,0,0,0,0,0,0,0,0,0,0,0,0,0,0,0,4,0,0,0,0,0,0,0,1,0,0,0,0,0,0,0,0,0,0,0,6,5,11,6,1,0,0,0,4,0,0,0,0,3,0,0,0,0,0,0,0,5,1,8,0,34,0,0,0,0,0,1,8,0,0,0,14,0,0,2,0,1,0,1,0,0,0,0,0,0,0,0,0,0,5,7,0,0,0,0,48,0,0,0,1,0,0,0,5,0,0,0,0,0,0,0,0,0,0,0,0,0,0,0,6,0,0,0,0,0,1,0
432,0,0,0,0,8,0,2,27,0,0,4,0,0,1,0,0,0,0,0,0,0,0,0,0,2,1,0,0,0,0,0,1,0,0,0,0,0,0,0,1,0,0,0,0,0,0,0,0,0,1,0,0,1,3,0,0,1,0,19,1,0,2,0,0,0,0,0,0,0,7,0,0,0,0,0,0,0,0,0,0,0,0,0,0,0,0,0,0,0,1,4,0,0,1,10,0,0,0,0,4,1,8,12,0,3,0,0,0,0,0,0,11,0,2,1,0,0,0,0,4,0,4,0,0,0,0,0,0,0,0,0,0,0,0,0,0,3,30,0,0,0,0,0,0,0,5,0,0,0,0,0,1,0,0,0,0,0,0,2,0,0,0,0,0,0,1,0,0,0,0,1,55,0,3,0,0,6,0,0,0,0,1,5,2,0,0,0,0,0,1,0,0,0,0,0,4,0,0,4,0,4,0,0,0,0,0,0,1,0,0,0,25,1,0,1,0,0,0,0,0,0,0,0,0,0,0,0,0,0,0,0,0,0,0,0,0,11,0,0,0,3,0,1,14,0,0,0,0,0,10,0,0,17,0,0,0,0,0,0,0,0,3,8,0,1,0,0,0,0,0,1,4,0,3,0,0,0,0,0,0,0,0,0,0,0,0,0,0,0,0,0,3,0,6,0,0,1,0,16,0,0,0,0,0,0,0,3,0,0,0,6,1,1,10,0,0,0,0,0,0,0,0,0,0,0,0,6,1,1,0
433,0,1,0,0,7,0,0,18,0,0,8,11,1,5,0,0,0,0,0,0,1,0,0,0,31,0,0,0,0,0,0,1,0,0,0,0,0,0,0,0,0,0,0,0,0,0,0,0,0,0,0,0,0,1,0,0,0,1,0,0,0,4,0,0,0,0,0,0,0,7,0,0,0,0,0,0,0,0,0,0,0,0,0,0,0,0,7,0,0,0,0,75,0,0,0,1,0,0,0,0,1,1,2,0,2,1,0,0,0,0,0,0,1,0,0,0,0,0,0,0,0,1,0,0,0,0,0,0,0,9,4,0,0,0,0,0,1,6,6,8,0,0,6,0,0,0,0,1,0,27,4,0,0,0,0,0,0,1,0,0,0,2,11,0,0,0,0,0,0,0,0,2,0,1,0,0,0,0,0,1,1,0,0,0,0,0,0,0,0,0,3,0,0,1,0,0,0,0,0,0,0,0,0,2,0,3,0,0,0,0,0,0,0,10,0,0,1,0,5,0,0,0,0,0,0,0,2,0,2,0,0,0,0,0,0,0,0,1,0,0,5,0,9,0,0,0,0,4,0,0,0,2,0,0,0,0,0,0,0,0,0,0,0,3,0,0,0,0,0,0,12,0,0,0,9,0,0,1,0,0,0,0,0,0,1,0,0,0,18,0,0,0,0,0,0,0,0,1,0,0,0,0,9,0,0,0,26,0,0,0,0,0,2,0,0,0,0,0,0,0,0,0,1,0,0,0,0,0,0,0
434,0,0,0,0,0,0,0,64,0,0,14,0,0,3,0,0,0,0,0,0,0,0,0,0,0,0,2,0,0,0,0,2,0,0,0,0,12,0,2,0,0,0,0,0,0,0,0,0,0,0,0,0,0,0,0,4,0,0,0,3,0,0,0,0,0,0,0,0,0,0,0,0,0,0,1,0,0,0,0,3,0,0,0,12,0,0,0,0,0,0,0,0,0,0,0,0,0,0,0,0,1,0,19,0,0,0,0,0,0,1,0,19,0,0,0,0,0,0,0,9,0,1,0,0,0,0,0,0,0,0,0,0,0,0,0,0,0,10,0,0,3,0,0,0,0,0,0,0,1,0,0,0,0,0,0,0,0,0,0,0,1,0,0,0,1,0,1,0,0,0,0,64,6,7,0,0,0,0,0,0,0,1,0,2,1,2,0,0,0,0,0,0,0,0,0,0,0,0,0,0,0,1,0,0,0,0,2,0,13,0,0,0,0,0,0,2,0,0,5,0,0,0,0,0,0,0,0,0,0,0,0,0,0,0,0,0,2,0,0,0,4,0,0,6,0,0,0,0,0,0,0,0,0,0,0,0,0,0,0,0,0,0,3,0,0,0,0,0,0,0,0,0,0,3,0,0,0,0,0,0,0,0,0,0,0,0,7,0,1,0,0,0,4,16,0,0,0,0,0,1,0,0,0,0,0,1,1,6,0,0,0,0,0,0,0,0,0,0,7,0,0,0,5,0,0,0,0,0,0,0
435,0,0,0,0,6,0,2,101,0,3,2,1,1,0,0,0,0,0,0,0,0,0,0,6,1,1,1,0,2,0,0,1,0,0,0,0,0,0,0,4,0,0,0,0,0,0,0,1,0,0,0,0,0,0,0,0,0,0,0,0,0,3,0,0,0,0,0,0,0,0,0,0,0,0,0,0,0,0,0,0,0,0,0,6,0,1,4,0,0,0,0,2,0,0,15,0,0,0,0,0,2,0,17,0,0,1,0,1,0,0,2,21,0,2,0,0,0,0,0,3,0,6,1,0,0,0,0,1,0,0,0,0,0,0,0,0,3,11,2,0,5,1,2,0,0,0,0,0,0,0,0,0,0,0,0,0,0,0,0,0,0,0,0,0,0,0,0,0,0,0,1,30,16,2,0,0,2,0,5,0,0,0,0,0,1,0,4,0,3,1,5,0,0,0,0,0,0,1,0,0,0,0,0,0,0,0,0,1,25,0,0,0,0,0,0,0,0,0,1,0,0,1,0,0,0,0,1,0,0,0,0,0,1,0,1,0,4,0,0,0,7,0,0,19,0,0,0,0,2,1,0,0,0,0,0,0,0,0,0,8,0,37,0,19,0,0,0,0,1,0,1,2,0,0,0,0,0,0,0,0,0,0,0,0,0,0,10,0,1,0,0,0,0,4,0,0,2,0,0,0,0,0,0,0,0,0,6,6,0,0,0,0,2,0,0,0,0,0,0,0,8,1,13,0,0,0,0,0,1,0
436,0,0,0,0,0,0,0,25,0,0,2,0,0,0,0,0,0,0,3,0,0,0,0,0,0,0,2,0,0,0,0,1,0,0,0,0,7,0,0,0,0,0,0,0,0,7,0,0,0,1,0,0,1,0,0,1,8,1,0,0,0,0,0,0,0,0,0,0,0,7,0,0,0,0,0,0,0,1,0,7,0,0,0,0,0,0,0,0,0,0,0,0,0,0,8,0,0,0,0,0,1,0,1,0,0,1,0,0,0,0,0,4,0,0,6,0,6,0,0,5,0,1,1,0,0,0,0,0,0,0,0,0,0,0,0,0,0,7,0,0,0,0,0,0,0,0,0,1,0,6,3,0,0,0,0,0,0,1,0,0,0,0,13,0,0,4,2,0,0,0,14,0,0,0,0,0,1,0,0,0,0,0,2,0,0,0,6,0,0,0,0,0,0,0,0,0,0,1,0,0,0,0,0,1,9,0,0,0,0,0,0,0,2,0,0,0,0,0,20,0,0,2,0,0,0,0,2,0,0,0,0,0,0,4,0,0,0,0,0,0,1,0,0,0,0,0,0,6,0,1,0,1,0,0,0,0,0,0,1,0,1,5,1,2,0,0,0,0,0,0,0,23,0,0,9,0,0,2,1,1,1,0,0,0,0,0,1,0,0,0,0,0,0,0,9,0,2,0,0,0,0,0,0,0,0,0,77,0,0,0,0,0,7,0,0,2,0,0,0,3,0,1,1,0,0,0,0,1,0,1
437,0,0,0,1,1,0,7,24,0,0,19,0,0,0,0,0,0,0,0,0,0,0,0,0,0,1,4,0,2,0,0,3,0,0,0,0,9,2,1,11,0,0,0,0,5,1,4,0,0,1,0,0,3,5,0,0,12,1,0,0,0,3,0,0,0,0,0,0,0,0,0,0,0,0,0,0,0,0,0,0,0,0,0,0,0,8,0,0,0,0,0,0,0,4,3,0,0,0,17,3,0,0,9,2,0,0,0,0,0,0,0,0,0,0,7,0,0,0,14,0,0,0,0,0,0,0,0,0,0,0,0,0,0,0,0,0,0,4,0,0,0,0,0,0,0,2,0,0,0,0,0,0,0,0,0,0,9,0,0,0,0,0,0,0,0,4,0,0,0,0,17,3,0,13,3,0,0,0,0,0,0,0,0,0,0,0,0,0,0,0,0,0,0,0,0,0,0,0,0,0,0,0,0,2,0,0,1,0,0,0,0,0,0,0,1,0,0,0,27,0,0,0,0,0,1,0,1,0,0,0,2,0,0,0,0,0,0,0,0,0,1,0,0,0,1,0,0,3,0,0,0,0,1,8,0,0,0,0,1,0,3,24,1,0,0,0,0,0,0,0,0,2,0,0,0,0,0,0,0,0,0,4,0,0,0,0,2,0,0,0,0,0,0,0,0,0,0,0,0,0,0,0,0,0,0,0,0,0,0,0,0,1,0,0,0,0,0,0,0,0,0,1,0,0,1,0,4,0,0,0
438,0,0,0,0,31,0,0,66,0,0,2,0,1,3,0,0,0,0,0,0,0,0,2,0,9,0,0,0,0,0,0,0,0,0,0,0,0,0,0,0,0,0,0,0,0,0,0,0,0,0,0,9,0,0,0,0,0,0,0,0,0,5,1,0,0,0,0,0,1,3,0,0,0,0,0,0,0,0,0,0,0,0,0,4,0,1,0,0,0,0,0,6,0,2,0,0,0,0,0,0,0,0,24,0,0,8,0,0,0,0,0,9,1,0,0,0,0,0,0,0,1,5,2,0,6,0,0,0,0,11,0,0,0,0,0,0,0,7,0,0,0,1,0,0,0,0,29,0,0,2,0,0,0,0,0,0,0,0,3,0,0,6,5,0,0,0,0,4,0,0,0,19,0,3,0,1,2,0,2,2,0,0,0,0,0,0,0,0,0,0,0,0,0,0,0,0,1,0,0,0,0,0,0,0,0,0,0,0,0,0,0,0,3,5,0,0,0,0,4,0,0,0,0,0,0,0,1,0,0,0,0,0,1,0,0,0,0,0,0,16,6,0,0,0,0,0,0,0,0,0,0,1,0,0,0,0,0,0,0,0,0,0,0,53,0,0,0,0,0,0,0,5,0,0,0,0,0,0,0,1,0,0,0,0,0,0,0,0,2,0,0,0,4,2,0,0,0,0,33,0,0,0,1,0,0,0,0,0,0,1,3,1,0,0,0,0,3,0,0,0,0,0,20,0,0,0,6,0,1,0
439,0,0,0,0,0,0,0,12,0,0,11,27,0,5,0,0,0,0,0,0,0,2,1,10,5,0,0,0,0,0,0,2,0,0,2,0,0,0,0,0,0,0,0,0,0,0,0,0,7,0,0,0,0,0,0,0,0,0,0,0,0,5,0,0,0,0,0,0,0,0,0,19,0,0,0,0,0,0,0,7,0,0,0,0,0,0,0,2,0,0,0,6,0,1,0,0,0,0,0,0,0,0,1,0,11,4,0,0,0,0,2,7,0,0,1,5,4,0,0,2,0,2,0,1,0,0,0,0,0,0,0,0,0,0,0,0,0,3,0,0,0,3,0,0,0,0,23,1,0,0,0,0,0,0,0,0,0,0,0,9,0,3,7,0,0,0,0,6,1,0,0,39,10,6,0,0,0,0,0,1,0,0,0,0,0,1,0,2,0,0,0,0,0,5,0,5,0,0,0,0,0,0,0,0,0,0,0,0,0,0,0,0,1,2,0,0,0,0,0,0,1,0,0,0,0,0,1,0,0,0,0,0,0,0,0,0,1,0,0,0,18,0,15,0,0,0,0,0,0,0,0,1,0,0,0,0,0,0,0,0,0,3,0,6,0,0,0,0,0,0,10,0,0,0,5,0,0,0,0,0,0,0,0,0,0,0,10,0,0,1,0,0,0,0,0,0,0,0,0,0,0,0,0,0,0,2,16,0,0,0,0,1,0,0,0,0,1,0,0,0,0,0,20,0,0,0,0,0,0,0
440,0,0,0,0,0,0,0,16,0,0,14,0,0,0,0,0,0,0,0,0,0,0,0,0,17,0,0,0,0,0,1,1,0,1,0,0,0,0,0,0,0,0,0,1,4,8,0,0,0,5,0,0,0,1,0,0,13,0,0,0,0,7,0,0,0,0,0,0,0,0,0,0,0,1,0,0,0,0,0,0,0,0,0,7,0,0,0,4,0,0,0,0,0,0,0,3,0,0,0,0,1,0,0,0,0,0,0,0,0,0,0,12,0,0,4,0,0,0,0,3,0,1,0,0,0,0,1,0,0,0,6,0,1,0,0,0,0,7,3,0,0,2,7,0,0,4,0,0,1,0,0,0,0,0,0,0,0,0,0,0,0,0,0,0,0,3,3,0,1,0,16,3,0,0,0,0,1,0,1,1,0,0,0,0,0,1,0,0,0,0,0,0,0,0,5,0,1,0,0,0,0,0,6,0,20,0,0,0,0,0,0,0,0,0,0,0,0,0,6,0,1,0,0,0,1,0,1,0,0,0,0,0,0,0,0,0,0,0,0,0,7,0,0,0,0,0,0,0,0,0,0,0,0,2,0,1,0,0,0,0,1,4,0,0,0,0,0,0,0,0,1,0,0,0,0,0,0,0,3,0,0,0,0,0,0,0,0,0,12,0,0,0,0,0,0,0,1,0,0,0,0,0,6,11,0,1,26,0,0,0,0,1,2,0,0,0,0,0,0,0,0,0,2,0,0,7,0,0,0,0
441,0,0,2,0,11,0,0,1,0,0,35,1,0,0,0,2,3,0,0,2,0,0,0,0,17,9,2,0,0,0,1,1,0,0,0,0,0,0,0,0,0,0,0,0,0,0,0,8,0,1,0,0,0,1,0,1,0,7,0,0,3,0,0,0,0,0,0,0,0,0,0,0,6,0,0,0,0,0,0,0,0,0,0,0,0,0,0,0,9,0,0,21,0,0,9,1,1,0,0,0,0,0,3,0,4,3,0,0,0,1,0,6,0,0,0,2,0,0,0,0,0,0,0,0,0,0,0,0,3,2,0,0,0,0,0,0,1,17,0,0,0,5,9,0,0,0,37,0,1,15,3,0,0,0,0,0,0,0,0,0,0,1,0,0,0,0,0,0,0,0,0,0,0,0,0,0,0,1,3,0,0,1,0,0,0,0,0,0,0,0,5,0,0,0,0,0,0,0,0,0,0,0,0,0,0,0,0,0,0,1,0,0,0,1,0,0,0,0,7,0,0,1,0,0,0,0,2,0,0,1,0,0,0,0,0,0,0,1,0,1,6,0,33,0,0,0,0,1,1,1,0,6,0,1,0,1,0,0,0,0,0,1,0,3,0,0,0,0,18,0,0,9,0,0,0,0,0,0,1,0,0,0,0,0,0,0,0,0,2,0,0,0,0,0,5,0,1,0,21,0,0,0,9,0,6,0,11,0,5,0,0,0,0,0,0,1,0,0,0,0,0,0,6,0,0,0,0,1,0,0
442,0,0,0,0,12,0,0,11,0,0,20,3,0,0,0,0,0,0,0,0,0,0,0,9,66,0,0,0,0,0,1,2,0,0,0,0,0,0,0,0,0,0,0,0,0,4,0,0,0,0,0,0,1,0,0,0,0,0,0,0,1,4,0,0,3,0,0,1,0,0,0,0,0,2,0,1,0,0,1,0,0,0,0,5,0,0,3,0,15,0,1,33,0,0,0,0,0,0,1,0,0,0,1,4,3,0,0,0,0,0,0,2,0,0,8,0,0,0,0,1,3,0,1,0,0,0,0,0,0,0,0,15,1,0,0,0,0,12,0,5,0,5,0,0,0,0,13,0,0,12,0,0,0,0,1,0,0,1,0,0,0,2,92,0,0,6,0,0,0,0,0,7,0,1,0,0,0,0,0,0,0,0,0,0,0,0,2,0,0,0,0,0,0,0,0,0,0,0,0,0,0,0,0,0,1,0,0,0,0,0,0,6,0,5,0,0,0,0,5,0,0,0,0,0,0,0,1,0,0,0,0,0,1,0,0,0,3,0,0,0,7,0,21,0,0,0,0,0,0,3,0,1,0,1,3,0,0,4,0,0,0,1,0,8,0,0,0,0,9,0,5,0,0,0,0,0,0,0,1,0,0,0,0,0,1,0,0,0,4,10,0,0,0,0,10,0,0,0,0,2,0,0,10,0,0,0,5,0,0,0,0,0,1,0,0,0,0,1,18,0,0,1,9,2,0,0,0,0,0,0
443,0,0,0,0,39,0,1,60,0,0,3,4,0,2,0,0,1,4,0,0,0,0,1,0,7,0,0,0,5,0,0,0,0,0,0,0,4,0,2,0,0,0,0,0,0,0,0,3,0,0,0,0,0,0,0,0,0,1,0,0,0,1,0,0,0,0,0,0,0,0,0,0,0,0,0,3,0,0,0,0,0,0,0,0,0,0,0,0,0,0,2,7,2,0,0,0,0,0,0,0,0,0,20,0,10,1,0,0,0,0,0,2,0,2,0,1,10,0,0,0,0,3,1,0,0,0,0,0,0,0,0,0,0,0,0,2,0,2,1,0,9,0,0,0,0,0,23,0,0,0,1,0,0,0,0,0,0,0,0,0,0,4,1,0,0,3,0,0,0,0,1,0,0,2,0,0,2,0,0,0,0,0,5,0,0,0,0,0,0,0,1,0,0,0,0,0,0,0,4,0,0,0,2,0,0,0,0,0,0,0,0,0,0,0,0,0,0,0,3,0,2,0,0,0,0,1,0,0,0,0,0,0,0,0,0,0,0,0,0,0,13,0,3,7,0,0,2,0,0,0,0,0,0,0,0,0,0,0,0,0,5,13,0,38,0,0,0,0,0,1,4,0,1,0,0,1,0,2,0,2,0,0,0,3,0,0,0,0,0,0,0,0,3,3,0,0,1,0,20,0,0,0,2,0,0,0,6,0,0,0,0,1,0,6,0,0,0,0,0,0,0,0,9,0,0,0,0,0,0,0
444,0,0,0,5,2,0,0,18,0,0,2,5,1,0,0,0,0,0,0,0,0,0,1,0,35,4,0,0,2,2,0,0,0,0,0,0,0,2,0,0,0,1,0,0,0,0,0,0,3,0,0,0,0,1,0,1,4,2,0,0,1,1,0,0,0,0,1,0,0,8,0,0,0,0,0,0,0,0,0,0,0,0,0,0,0,0,0,0,11,0,0,17,0,1,0,0,0,0,0,0,0,0,0,0,2,0,0,0,0,0,0,0,0,0,0,0,0,4,0,1,0,1,3,0,0,0,0,0,0,0,1,0,0,0,1,26,0,5,0,3,0,2,0,0,8,0,19,0,0,0,14,3,0,0,0,0,0,0,0,0,0,3,54,0,0,4,0,0,0,0,0,1,0,1,0,0,0,0,0,0,0,1,0,0,0,0,0,0,5,0,0,0,1,1,6,0,0,0,0,0,0,0,1,0,0,0,0,0,0,0,0,0,0,5,0,2,0,0,30,21,0,0,0,0,1,0,0,0,1,0,0,0,0,2,0,0,0,0,0,1,10,1,3,0,0,0,0,0,0,0,17,2,0,1,0,0,0,0,0,0,0,1,0,15,0,0,0,0,0,1,9,0,0,0,0,0,0,0,0,0,0,0,0,0,0,0,0,0,20,0,0,0,0,1,0,0,0,0,0,0,0,0,1,0,18,0,29,0,0,0,0,0,0,0,0,0,0,0,0,7,0,0,2,0,0,0,0,0,0,2
445,0,0,0,5,6,10,0,17,0,0,10,7,0,0,0,0,2,2,0,0,0,0,0,0,26,0,0,0,0,0,0,0,0,0,0,0,6,0,0,0,0,0,0,0,4,0,0,0,0,0,0,0,0,0,0,0,0,6,0,0,1,8,0,0,0,0,0,0,0,0,0,0,0,0,0,0,0,0,1,0,0,0,2,0,0,0,0,0,0,0,0,0,0,0,0,0,0,0,0,0,1,0,0,0,1,1,0,0,0,0,0,0,0,0,0,0,0,0,0,2,6,0,0,0,0,0,0,0,6,0,0,8,0,0,0,0,0,5,0,8,0,2,0,0,0,0,0,0,0,6,1,1,0,0,0,0,0,0,0,1,0,5,36,0,0,10,0,0,0,0,0,3,0,1,0,0,0,0,0,0,0,0,0,3,0,0,0,0,7,0,5,0,0,0,0,0,0,1,0,0,1,0,0,0,0,0,0,1,0,0,0,0,0,5,0,0,0,0,24,0,0,0,0,0,0,0,1,4,0,0,0,2,0,3,0,0,0,0,0,1,1,0,7,0,0,0,0,0,0,0,0,8,0,0,0,0,0,2,0,0,0,0,0,11,0,0,0,0,0,0,6,0,0,0,3,1,0,0,0,0,0,0,0,1,0,0,0,1,3,0,0,0,0,0,0,0,0,1,4,0,0,0,13,6,0,0,4,1,0,0,0,0,0,1,0,0,0,0,7,3,0,0,3,0,0,10,0,0,0,0
446,0,0,0,7,0,0,3,98,0,0,5,4,0,1,0,0,0,1,0,0,0,0,0,0,1,0,1,0,0,0,0,0,0,0,0,0,4,0,7,0,0,0,0,1,0,2,0,0,0,0,0,0,0,3,0,1,0,0,0,1,0,6,0,0,0,0,0,0,0,0,0,0,0,0,0,0,0,0,0,0,0,0,0,0,0,0,0,1,0,3,0,1,0,0,0,0,0,0,0,0,0,0,0,0,4,0,0,0,0,0,0,13,0,0,0,0,0,0,0,5,0,3,0,0,0,0,0,0,0,0,0,0,0,0,0,1,0,34,0,0,0,0,1,9,0,0,0,0,0,0,0,0,0,0,0,0,3,0,0,3,0,16,0,0,0,0,0,0,0,0,2,115,2,5,0,0,2,0,3,0,0,1,0,0,0,0,0,0,2,0,0,0,5,0,0,0,0,0,0,0,0,0,0,0,0,0,0,0,0,0,0,0,0,0,0,0,0,0,2,0,0,0,0,0,0,0,0,0,0,0,0,0,1,0,0,0,0,0,0,0,1,0,3,6,0,0,0,0,5,2,2,0,0,0,0,0,0,0,0,0,0,0,0,0,0,0,0,0,1,0,3,0,0,6,0,1,0,0,0,0,0,0,0,0,0,0,8,0,0,0,0,2,0,0,0,0,1,0,32,0,0,0,0,0,0,0,5,0,0,1,3,1,0,7,0,0,0,0,5,2,0,0,5,0,0,0,0,0,0,0
447,0,1,0,0,0,0,2,98,0,0,5,0,1,0,0,0,2,0,0,0,0,0,0,0,0,0,1,0,0,0,0,2,0,0,0,0,4,0,0,0,0,0,0,0,0,0,0,0,0,0,0,2,0,0,0,0,0,0,0,0,0,1,0,0,0,0,0,0,0,0,0,0,0,0,0,0,0,3,0,0,0,0,1,5,0,0,0,1,0,0,0,1,0,0,36,0,0,0,0,2,0,0,0,1,0,0,0,2,0,0,0,1,0,0,0,0,0,0,0,5,0,2,0,2,0,10,0,0,0,0,46,0,0,0,0,0,3,1,0,0,0,0,0,0,0,0,0,0,0,0,0,0,0,0,0,0,0,0,0,0,0,0,0,0,0,0,2,0,0,0,2,53,0,3,0,0,1,0,0,0,0,0,0,0,1,2,0,0,0,2,0,0,4,0,0,0,0,0,5,0,7,0,0,0,0,0,0,0,17,0,0,12,0,1,0,1,0,0,0,0,0,0,0,0,0,0,0,1,0,0,0,0,0,0,0,0,2,0,34,4,4,0,1,0,0,0,0,1,0,3,0,0,0,0,0,0,0,2,0,0,0,10,0,30,0,0,0,0,0,1,3,14,0,0,7,0,0,0,0,0,0,0,0,0,0,0,7,0,2,0,0,0,0,4,0,0,2,0,0,0,0,0,1,1,2,0,0,0,0,0,0,2,1,0,0,0,0,0,24,2,0,0,3,0,0,0,0,0,0,0
448,0,0,0,1,1,0,0,50,0,0,8,5,0,0,0,0,0,0,0,0,0,0,0,0,20,0,0,0,0,0,0,0,0,0,0,0,0,0,0,2,0,0,0,0,0,0,0,0,0,0,0,0,4,0,0,0,1,6,0,0,2,0,0,0,5,0,0,0,0,0,0,0,0,0,0,1,0,1,0,0,1,0,0,0,0,0,0,0,1,0,1,13,0,56,0,12,0,0,0,0,1,0,107,1,33,0,0,0,0,0,0,0,0,0,0,0,0,0,4,0,0,0,1,0,0,0,1,0,0,1,0,0,2,0,0,1,0,7,0,5,1,0,0,0,0,0,5,1,0,9,1,0,0,0,0,0,0,0,0,0,0,6,1,2,0,7,0,0,0,0,0,2,0,0,2,0,0,0,0,0,0,0,0,0,0,0,0,0,0,0,0,0,2,0,0,1,0,0,0,0,0,0,0,0,0,0,0,0,0,0,0,0,0,0,0,1,0,0,14,0,0,0,0,0,0,0,0,0,0,0,0,0,0,0,4,0,0,0,0,12,2,0,31,0,0,0,0,0,0,0,0,1,0,0,4,0,0,0,0,1,0,25,0,6,0,0,0,0,29,0,1,3,0,1,0,0,0,0,0,0,0,0,0,0,0,11,0,1,3,0,0,0,0,2,0,0,12,0,1,0,0,1,0,5,0,0,8,0,0,2,2,0,0,0,0,0,0,0,1,0,0,0,1,36,0,0,0,0,0,0
449,0,1,1,0,6,0,4,78,0,0,18,7,7,0,0,0,1,0,0,0,0,0,1,0,85,0,0,0,0,0,1,1,0,0,0,0,0,0,0,0,0,0,0,0,0,0,0,0,0,0,0,0,2,0,0,0,0,3,0,0,1,6,0,0,0,0,1,0,0,0,0,0,0,1,0,0,0,0,0,0,0,0,0,1,0,20,3,0,0,0,0,12,0,10,0,0,0,0,0,0,0,0,41,0,42,1,3,0,0,3,0,0,0,0,6,0,0,0,5,0,0,0,4,0,0,0,0,0,0,1,5,0,0,1,0,1,0,19,0,0,0,0,0,0,0,0,0,1,0,2,0,0,0,0,0,0,0,0,0,0,0,7,1,1,0,0,0,0,0,0,0,1,0,40,0,0,0,0,0,0,0,0,0,0,0,0,0,0,0,0,0,0,0,0,0,0,0,0,0,0,0,0,1,0,0,0,1,0,0,5,0,0,0,1,1,0,0,0,43,12,0,0,0,0,0,0,2,0,0,0,0,0,0,4,0,0,4,0,0,24,6,0,4,0,0,0,0,0,0,0,0,2,0,6,0,0,0,0,0,0,0,22,0,0,0,0,0,0,0,0,1,1,0,0,0,0,0,7,0,0,0,0,0,0,0,27,3,0,4,1,0,0,0,14,0,0,0,0,1,1,0,0,0,0,0,0,19,0,0,0,0,0,0,0,0,1,0,0,0,0,0,2,3,0,0,0,0,12,0,0
450,0,0,3,0,2,0,0,55,0,0,13,4,6,0,0,0,0,0,0,0,0,0,2,0,13,0,0,0,0,0,0,0,0,0,0,0,0,0,0,0,0,0,1,0,0,0,3,11,0,0,0,0,0,1,0,0,0,0,0,0,1,2,0,0,2,0,0,0,0,0,0,6,2,0,0,0,0,0,0,0,0,0,0,0,3,0,0,0,0,0,0,14,0,38,2,0,0,1,0,0,0,0,59,1,4,0,0,0,0,0,0,0,0,0,0,0,1,0,0,0,0,0,0,0,0,0,0,0,0,0,2,0,0,0,0,0,1,3,0,9,0,0,0,0,0,0,0,2,0,6,2,9,0,0,0,0,0,0,0,0,0,3,0,0,0,3,0,0,0,0,0,7,0,21,0,0,0,0,0,0,0,0,0,0,0,0,0,0,0,0,0,0,0,0,1,0,0,0,4,0,0,0,4,0,0,0,0,7,0,0,0,0,0,0,0,0,0,0,22,0,0,0,44,0,1,0,0,0,0,0,0,0,0,0,12,0,0,0,0,27,5,0,10,0,0,0,6,5,0,0,0,2,0,0,0,0,0,0,0,0,0,10,0,10,0,0,0,5,10,2,1,0,3,0,0,0,0,0,0,1,0,0,0,0,0,0,0,0,2,0,3,0,0,2,0,0,0,0,1,0,0,0,0,0,0,0,10,1,0,1,0,0,0,0,0,0,0,0,0,6,0,1,3,0,0,0,0,5,0,0
451,0,0,0,0,7,0,0,80,0,0,5,15,2,0,2,0,0,0,0,0,0,0,2,0,6,1,0,0,0,0,0,2,1,0,0,0,1,0,0,0,0,0,0,0,0,1,0,0,0,0,0,19,0,7,0,5,0,1,0,0,0,6,0,0,0,0,0,0,1,0,0,0,0,3,1,4,0,0,0,2,0,3,0,10,0,0,14,2,0,0,0,3,0,1,0,0,0,0,0,2,0,0,14,0,0,0,0,0,0,0,0,0,0,0,1,0,2,0,0,0,0,3,0,3,0,0,0,0,0,7,0,1,1,0,0,0,0,3,0,0,0,0,0,0,0,0,11,0,0,0,1,2,0,0,0,1,0,0,0,0,0,6,2,0,0,0,1,3,0,0,0,19,0,3,0,0,2,0,0,0,0,0,6,2,0,0,0,0,0,0,0,0,0,0,0,0,0,0,0,0,0,0,0,0,0,0,0,0,0,0,0,0,0,5,0,2,0,0,1,0,0,0,0,0,0,0,0,0,0,0,0,0,0,0,0,0,0,0,0,6,4,0,0,0,0,0,0,0,0,0,0,3,0,0,0,0,0,0,0,9,7,0,0,12,0,0,0,0,0,1,2,0,0,0,0,0,0,0,0,0,0,0,0,0,0,0,5,0,1,0,0,0,4,16,0,0,1,0,2,0,0,0,0,0,0,0,19,0,0,0,0,0,0,0,0,0,0,0,6,1,0,0,35,0,0,0,0,0,0,0
452,0,0,0,0,0,2,3,5,0,0,27,2,2,2,0,0,0,0,0,0,0,0,0,14,63,0,5,0,1,0,0,0,0,0,0,2,0,1,1,0,0,0,0,0,0,0,0,3,0,0,0,0,0,0,0,1,0,4,0,0,1,1,0,0,1,0,0,0,0,7,0,0,0,0,0,0,0,1,0,0,0,0,7,0,0,0,0,5,0,0,1,19,0,0,0,0,1,0,0,0,1,0,1,0,4,2,0,0,0,0,0,5,0,0,0,0,0,1,0,0,0,2,3,0,0,0,0,1,0,5,17,0,0,0,0,0,1,7,4,6,9,0,0,0,0,2,23,1,0,0,3,0,0,0,0,0,0,0,0,1,0,5,61,0,0,3,5,0,0,0,0,5,0,0,0,0,0,0,0,0,0,0,10,0,0,0,0,0,0,0,0,0,0,0,0,0,0,0,0,0,3,0,0,2,0,2,0,0,0,0,0,0,0,4,0,0,0,0,0,0,1,1,0,0,1,0,8,0,0,0,0,4,0,0,0,0,5,0,0,1,5,3,4,0,0,0,0,0,0,0,0,3,0,0,0,0,0,1,0,0,0,1,0,10,0,0,0,0,0,1,6,0,0,0,6,0,0,0,3,0,0,0,0,0,0,0,1,0,7,5,0,0,0,0,4,0,0,0,12,0,0,0,1,4,0,0,19,0,0,0,0,0,0,0,0,0,0,1,0,0,0,1,11,0,0,6,0,1,0,0
453,0,0,0,0,0,0,6,4,0,0,8,0,0,0,1,0,0,0,0,0,1,0,0,0,17,0,14,0,0,0,1,1,0,0,0,0,0,2,1,1,0,0,0,0,0,1,0,0,3,0,0,0,1,0,0,0,3,0,0,0,0,3,0,0,0,1,0,0,0,0,0,11,2,0,0,3,0,0,0,0,1,0,0,0,0,0,0,0,0,0,0,0,0,8,0,0,0,0,5,0,2,0,8,0,0,0,0,0,0,0,0,0,0,0,0,0,0,0,0,0,0,0,0,0,0,0,0,0,0,0,0,0,0,0,0,0,0,7,0,0,0,0,0,0,0,0,0,5,0,0,1,8,0,0,0,0,0,0,0,0,0,0,0,6,0,3,0,0,0,0,54,2,1,11,0,0,0,0,1,0,0,0,0,0,0,0,0,0,0,0,0,0,0,0,0,0,0,0,0,1,0,0,0,0,0,0,0,0,0,0,0,1,0,0,0,1,0,0,40,0,0,0,0,0,0,0,1,0,0,0,0,0,0,0,1,0,0,0,1,0,1,0,0,0,0,0,0,0,0,0,0,0,0,0,0,0,0,0,2,0,0,0,3,2,0,0,0,0,0,0,0,3,0,0,0,1,0,0,0,0,0,0,0,0,0,0,0,0,0,0,0,0,0,11,0,0,7,0,1,0,0,0,0,0,0,0,0,1,4,0,0,0,0,0,0,0,1,0,0,0,0,0,0,0,0,0,0,0,0,0
454,0,0,2,0,5,0,0,25,0,0,21,5,2,4,0,0,0,0,0,0,0,1,0,0,43,0,0,0,0,0,0,0,0,0,0,0,0,0,0,0,0,0,0,0,0,0,0,0,0,0,0,0,0,0,0,6,0,2,2,0,0,5,0,0,0,0,0,0,0,0,0,0,0,0,0,0,0,0,0,0,0,0,0,0,0,0,0,0,7,0,2,0,0,0,0,0,0,0,0,0,0,1,2,0,1,0,0,0,0,0,0,2,0,0,0,0,0,0,0,0,0,0,3,4,0,0,0,0,0,0,0,7,0,0,0,0,0,0,10,7,0,0,0,0,0,0,5,1,0,0,4,1,0,0,0,0,0,1,0,0,0,3,87,0,0,5,0,0,0,0,0,0,0,0,0,2,0,2,0,0,0,0,12,0,0,0,0,0,0,0,0,0,0,0,0,0,0,0,0,0,0,0,0,0,0,0,0,0,0,0,0,0,0,1,0,0,0,0,14,0,0,0,0,0,1,0,0,0,0,0,0,0,0,0,0,0,5,1,0,0,2,0,0,0,0,0,0,0,0,0,0,5,0,0,0,0,0,0,0,0,2,0,0,23,0,0,0,0,0,0,8,17,0,1,0,1,0,0,0,0,0,0,0,1,0,0,0,0,5,0,0,0,5,0,0,0,2,0,1,0,0,0,9,0,0,0,18,0,0,0,0,0,6,0,0,0,0,0,0,6,0,0,4,0,0,0,0,0,0,0
455,0,0,2,0,3,0,0,16,0,0,16,7,6,0,0,2,0,0,1,0,0,2,1,0,2,0,0,0,0,0,0,0,0,0,0,0,0,0,0,0,0,0,0,0,0,0,0,9,0,0,0,0,0,0,0,0,0,7,0,0,0,16,0,0,3,0,1,0,0,0,0,0,0,0,0,0,0,0,2,0,0,0,0,0,0,0,0,0,0,0,0,0,0,0,3,0,0,0,3,0,0,0,63,0,4,1,0,0,0,0,0,0,0,0,0,0,0,1,0,0,0,0,0,3,0,0,0,0,0,0,0,0,0,0,0,0,0,12,26,4,0,0,0,0,0,0,3,2,0,10,0,0,0,0,0,0,0,0,3,0,0,3,1,0,1,8,0,0,0,0,0,3,0,20,0,0,0,13,0,0,0,0,0,0,0,0,0,0,0,1,0,0,4,0,0,0,0,0,2,0,0,0,0,0,0,0,0,0,0,0,0,0,0,0,0,0,0,0,62,0,0,0,0,0,0,0,1,0,0,0,3,0,0,0,3,0,0,0,0,19,2,0,13,0,0,0,0,0,0,0,0,4,0,4,0,0,0,6,0,0,0,0,0,5,0,0,0,0,0,1,1,0,0,0,1,0,5,0,0,0,0,9,0,0,0,16,1,0,4,0,0,0,0,16,0,0,0,0,0,0,0,0,0,0,0,0,32,1,0,0,0,3,0,0,0,0,0,0,0,0,0,0,6,31,0,6,0,5,0,0
456,4,0,0,6,8,0,0,33,0,0,9,0,1,1,0,0,0,1,0,0,0,0,3,0,2,0,0,0,0,0,0,0,0,0,0,0,0,0,0,0,0,0,0,0,1,0,0,0,0,0,0,0,0,0,0,3,0,0,0,0,0,0,0,0,0,0,0,0,0,0,0,6,0,0,0,0,1,0,0,0,0,2,0,0,0,0,1,0,4,0,0,0,2,1,0,0,0,0,0,0,1,29,9,6,3,5,0,0,0,0,0,8,0,0,0,0,0,0,0,0,0,1,0,0,0,0,0,0,0,24,0,0,0,0,0,1,0,10,3,0,0,1,0,0,0,0,33,0,0,0,0,1,0,0,0,0,4,0,0,0,0,2,7,1,0,1,0,0,0,0,0,0,3,4,0,0,2,0,0,0,0,0,0,0,0,0,7,0,0,0,5,0,0,0,0,2,0,0,0,0,0,0,0,0,0,0,0,0,0,1,0,0,0,2,0,2,0,0,3,0,0,0,0,0,0,0,0,0,0,0,0,0,0,0,0,0,0,2,0,10,6,0,1,0,0,0,0,0,0,0,1,2,6,5,0,0,0,0,4,7,0,0,0,19,0,0,0,0,0,0,5,6,0,0,0,0,0,0,0,0,0,0,0,0,0,0,7,0,1,0,0,0,3,5,0,4,0,0,6,0,0,0,1,0,0,0,12,6,0,0,0,0,0,0,0,0,3,0,1,0,12,0,7,0,0,0,5,0,0,0
457,0,0,0,0,6,0,0,32,0,0,14,4,3,0,1,0,0,0,0,0,1,0,0,0,70,0,0,11,0,0,0,0,0,0,0,0,5,0,0,3,0,0,0,0,0,0,0,0,0,0,2,0,3,0,2,0,0,7,4,0,0,0,0,0,2,0,1,0,0,0,0,0,0,0,0,0,0,0,3,0,0,0,0,2,0,0,1,1,0,0,1,20,0,0,0,10,0,0,0,0,0,0,44,0,21,1,0,1,0,0,0,0,0,0,0,0,0,0,0,0,0,0,4,0,0,0,0,0,0,0,0,0,1,0,0,0,0,15,0,5,0,0,0,0,0,0,5,1,0,7,1,0,0,0,0,0,9,0,0,5,0,22,2,0,0,6,1,0,0,0,0,0,0,5,1,0,0,13,0,0,0,0,0,0,0,1,0,0,0,0,0,0,7,0,0,0,0,0,0,0,0,0,0,0,0,1,0,0,0,0,0,0,0,0,0,0,0,0,37,8,0,0,0,0,0,0,1,0,0,0,0,0,0,0,3,0,0,0,0,10,3,0,24,0,0,0,0,0,0,8,0,3,0,0,0,0,2,0,1,0,4,0,0,3,0,0,0,0,0,0,1,2,0,0,1,0,0,0,0,0,0,0,0,0,0,15,1,0,7,0,0,0,0,17,0,0,0,0,1,0,2,0,0,0,0,0,28,0,0,0,0,0,1,0,0,0,0,0,0,0,0,1,2,0,0,7,0,0,0,0
458,0,0,0,0,0,0,0,63,0,0,14,0,7,0,0,0,0,0,0,0,0,0,0,0,0,0,1,0,0,0,0,0,0,0,0,0,8,0,0,0,0,0,0,0,0,0,0,0,6,1,0,0,2,0,0,0,8,6,0,1,1,0,11,0,0,0,0,0,0,0,0,0,6,0,0,0,0,0,0,0,0,0,0,0,1,0,0,0,0,0,0,0,0,0,0,0,0,0,1,0,1,1,51,0,23,0,0,0,0,0,0,0,0,0,0,0,0,0,8,0,0,1,0,0,0,0,0,0,0,1,6,0,0,0,0,0,0,13,0,0,0,0,0,0,0,3,0,6,0,0,0,0,0,0,0,0,0,0,0,9,0,2,0,0,0,11,0,0,0,0,26,7,0,35,0,0,1,0,0,0,0,0,0,0,0,1,0,0,0,3,0,0,5,0,0,0,0,0,0,0,0,0,0,0,0,0,1,6,16,0,0,0,0,0,0,0,0,0,6,0,0,0,0,1,0,0,2,0,0,0,6,0,0,6,0,0,8,3,0,0,0,0,0,0,0,0,8,0,0,32,0,0,0,0,0,0,1,0,0,0,0,16,1,0,0,0,0,0,67,0,0,2,0,0,0,0,0,0,0,0,0,0,0,0,0,0,3,0,8,1,2,0,0,6,0,0,10,0,0,0,0,0,0,0,0,0,0,0,0,0,0,2,0,1,0,0,2,0,1,0,0,0,5,0,4,0,0,6,19,0
459,0,0,0,0,21,3,0,25,0,0,28,4,1,12,0,0,0,0,0,0,0,0,0,0,23,0,0,0,0,0,1,0,0,0,0,0,0,0,0,0,0,0,0,0,0,0,0,3,0,0,0,0,0,0,0,0,0,1,0,0,0,3,0,0,0,0,0,1,0,0,0,1,0,0,0,0,0,1,0,0,0,0,0,0,0,0,5,0,0,0,0,4,0,1,52,0,0,0,0,0,0,0,0,0,0,1,0,0,0,0,0,0,0,0,0,2,6,0,0,0,4,1,1,0,0,0,0,4,0,3,0,0,0,0,0,0,0,7,0,7,0,1,6,0,0,0,0,0,0,0,4,0,0,0,0,0,0,0,0,0,0,0,21,0,0,0,0,0,0,0,0,0,0,0,0,0,0,0,0,1,0,0,0,1,0,0,0,0,0,0,0,0,0,0,0,0,0,0,0,0,0,0,0,0,0,0,0,0,7,0,0,0,0,0,0,0,0,0,15,0,0,0,0,0,0,0,2,2,0,0,0,0,1,0,0,0,0,0,1,0,7,1,11,0,0,0,0,0,0,1,0,3,0,0,0,0,0,0,0,0,0,0,0,4,0,0,0,0,0,0,1,18,0,0,4,0,0,0,2,0,0,0,0,0,0,0,0,0,14,6,0,0,2,0,0,0,1,0,6,2,0,7,7,0,0,1,17,0,0,0,0,0,0,0,0,0,0,0,29,0,0,1,1,0,0,0,0,0,0,2
460,0,0,0,4,0,0,6,0,0,0,17,0,0,0,0,0,0,0,0,0,0,0,0,13,0,0,4,0,0,0,0,0,0,0,0,0,7,9,0,0,0,0,0,0,0,16,0,0,0,0,0,0,0,0,0,0,15,0,8,0,0,0,0,0,0,0,0,0,0,0,0,0,0,4,0,0,1,0,0,0,0,0,0,0,0,0,0,7,0,0,0,0,0,0,0,0,0,0,0,0,0,0,0,0,2,0,1,0,0,0,0,2,0,0,0,0,0,2,0,2,0,0,0,0,0,0,0,0,0,0,0,2,0,0,0,0,0,7,0,0,0,0,0,0,0,0,0,1,0,4,0,1,0,0,1,0,0,0,0,0,0,0,0,0,0,6,0,0,0,0,15,9,0,0,0,0,0,2,0,0,0,0,0,0,0,0,0,0,0,0,2,0,0,0,0,0,0,0,0,0,0,0,0,0,0,0,0,0,0,0,0,5,0,0,0,0,0,0,33,0,0,0,0,0,1,0,1,0,0,0,0,0,0,0,0,0,0,0,0,0,2,0,0,0,0,0,0,0,0,1,0,0,0,0,0,0,0,1,0,0,0,1,2,0,0,0,0,0,20,0,0,7,0,1,0,1,0,0,0,0,0,1,0,0,0,0,1,0,6,0,0,1,0,0,0,0,2,0,0,0,0,0,0,2,0,0,4,0,0,0,0,0,2,0,0,0,0,0,0,0,0,1,6,0,0,0,0,0,32,0
461,0,0,1,0,1,0,25,33,0,0,12,0,1,6,0,0,2,0,0,0,0,0,0,0,13,0,1,0,0,0,1,0,0,0,0,1,8,7,1,0,0,0,0,0,0,0,1,0,0,1,0,0,2,1,0,0,22,0,0,0,0,0,0,0,0,0,0,0,0,0,0,0,0,0,0,0,0,0,0,0,0,0,0,0,0,0,2,0,3,0,0,0,0,0,0,1,0,0,1,0,0,0,1,0,1,0,0,0,0,0,14,4,0,0,23,0,0,0,0,6,0,1,0,0,0,0,0,0,0,0,0,21,0,0,0,0,0,29,0,0,0,0,0,0,0,1,0,0,0,0,0,0,0,0,0,0,0,0,0,0,0,0,0,0,0,0,0,0,0,0,10,4,0,0,0,0,0,0,0,1,0,2,0,0,0,0,0,0,0,0,0,0,0,1,0,0,0,0,0,3,0,0,0,0,0,1,0,0,0,0,2,7,0,0,0,0,1,0,17,0,0,0,0,0,0,0,1,0,0,1,0,0,0,0,0,1,0,0,0,0,4,0,0,0,0,0,0,0,0,0,8,0,8,0,0,0,0,0,0,0,2,0,1,0,4,0,0,0,0,0,0,6,1,0,0,0,3,1,0,0,1,0,0,1,0,0,0,0,18,0,0,0,0,0,0,0,3,0,0,0,0,0,0,0,0,0,0,0,0,0,0,0,1,0,0,0,0,0,0,0,0,0,3,0,0,0,0,0,0,6
462,0,0,0,0,0,0,5,92,0,8,17,0,0,0,0,0,0,0,0,0,0,1,0,11,0,0,20,0,0,0,1,2,0,0,0,0,5,2,0,3,0,0,0,0,0,1,0,0,0,1,0,2,7,8,0,0,9,0,0,0,0,0,0,0,0,0,0,0,0,0,0,0,0,2,0,0,0,0,0,0,0,0,0,1,0,0,0,0,0,0,0,17,0,0,0,10,0,0,14,0,0,0,0,0,0,0,0,0,0,0,0,0,1,0,0,0,0,0,0,0,0,0,0,5,0,0,0,0,0,0,11,0,0,0,0,0,0,4,0,0,0,1,0,0,0,0,0,3,0,0,0,0,0,0,0,0,2,1,0,0,0,0,0,0,0,0,7,0,0,0,13,13,1,11,0,0,0,0,0,0,0,0,2,0,0,0,0,0,0,0,0,0,0,0,0,1,0,0,0,1,0,0,0,0,0,0,0,5,0,0,1,0,0,0,0,0,0,0,56,0,0,0,20,0,3,0,2,0,0,3,5,0,14,0,3,0,0,0,1,18,1,0,11,0,0,0,17,0,0,1,0,1,1,0,2,1,1,0,0,0,4,0,3,0,0,0,0,0,0,0,0,0,0,0,1,0,0,0,0,0,0,0,0,0,0,0,0,0,0,0,0,0,0,13,0,0,0,0,0,0,0,0,0,0,0,0,11,0,0,0,3,0,0,0,0,0,0,0,0,0,0,0,2,0,3,0,0,0,14,1
463,0,0,0,0,17,0,2,24,0,0,6,6,3,0,0,0,0,0,0,0,0,0,0,1,6,0,1,0,0,1,0,1,0,0,0,0,0,0,0,0,0,0,0,0,0,0,0,0,0,0,0,0,0,2,0,3,0,0,0,0,0,2,0,0,0,0,0,0,0,0,0,0,0,1,0,0,0,0,0,0,1,0,0,0,0,0,3,0,3,4,6,5,0,1,0,0,0,0,0,0,0,0,9,0,0,0,0,0,0,0,0,6,0,0,0,0,0,0,0,1,0,0,0,1,5,0,0,0,0,7,22,0,0,0,0,1,0,10,1,0,0,0,1,0,0,0,0,0,0,3,1,0,0,0,0,0,0,0,0,0,0,14,1,0,0,0,0,20,0,0,0,89,0,1,0,0,1,1,0,0,0,0,0,0,0,0,0,4,0,0,2,0,0,0,0,0,0,0,3,0,0,0,0,0,0,0,0,0,0,0,3,8,0,0,0,0,0,4,1,0,0,0,0,0,0,0,1,1,0,0,0,0,0,0,0,0,1,0,13,0,0,14,5,0,0,5,0,0,1,0,4,0,0,0,0,0,0,0,0,0,0,6,1,16,0,0,0,0,1,1,5,0,0,0,10,0,0,0,0,0,0,0,0,0,0,0,2,0,1,0,0,5,0,5,0,0,0,0,0,0,0,0,0,0,0,0,23,3,0,0,0,0,0,0,0,0,0,0,13,0,3,1,13,0,0,0,0,0,0,0
464,0,0,0,7,5,0,0,10,0,0,1,11,1,4,3,0,0,1,0,0,0,0,0,0,4,0,0,1,0,0,0,0,0,0,3,0,0,1,0,1,0,0,0,0,0,0,0,3,17,0,0,0,0,0,0,2,0,0,0,0,0,1,0,0,0,0,0,0,0,2,0,0,0,0,0,2,0,0,0,0,0,0,0,0,0,0,0,2,0,1,0,2,0,2,0,0,0,0,0,0,0,0,0,0,6,9,0,0,0,0,0,2,0,0,0,0,0,0,0,0,0,0,0,0,0,0,0,0,0,1,0,0,0,0,0,0,0,1,1,0,0,0,0,0,0,0,64,1,0,0,0,1,0,0,0,0,0,0,0,0,0,23,3,0,0,1,0,0,0,0,0,12,0,7,0,0,0,0,0,0,0,0,0,0,0,0,0,0,2,0,0,0,9,5,0,0,0,0,0,0,0,0,0,0,0,0,0,0,0,1,0,0,0,6,0,0,0,0,2,0,0,0,0,0,0,3,0,0,0,0,0,0,0,0,0,0,0,0,18,3,5,0,3,0,0,0,0,2,0,2,0,3,0,0,0,0,0,0,0,0,0,13,0,32,0,0,0,0,0,0,4,15,0,16,0,0,0,0,0,0,0,0,0,0,0,0,11,0,1,0,0,0,0,1,0,0,1,0,7,0,0,0,1,0,1,0,0,0,0,0,0,0,0,0,0,0,0,0,0,0,10,1,0,0,0,0,0,0,0,0
465,0,0,0,0,0,0,0,15,0,0,2,0,0,0,0,0,0,0,0,0,0,1,0,0,0,0,0,0,0,0,0,0,0,0,0,0,0,0,0,1,0,0,0,0,0,0,0,0,9,0,0,0,0,0,0,0,0,0,0,2,0,2,0,0,0,0,0,0,0,0,0,0,0,0,0,0,0,0,0,0,0,0,0,3,0,0,0,3,0,0,0,0,0,0,6,0,0,0,1,0,0,0,10,0,12,0,0,0,0,0,0,15,0,0,1,0,0,0,0,10,0,2,1,3,0,0,0,0,0,7,0,0,0,3,0,0,0,11,0,0,0,0,0,0,0,0,16,0,1,0,0,0,0,0,0,0,0,0,2,0,0,0,0,0,0,0,0,0,1,0,1,37,19,5,0,0,2,1,0,0,0,0,0,0,0,0,0,0,2,0,0,0,0,4,0,0,0,0,0,0,0,0,0,0,0,0,0,0,0,0,0,2,0,0,0,0,0,0,2,1,0,0,0,0,0,2,0,0,0,0,0,0,0,0,0,0,0,0,0,4,4,0,0,0,0,0,0,0,0,4,1,0,0,0,1,0,0,0,0,0,6,10,0,0,0,1,0,0,0,0,0,8,0,4,0,0,1,0,0,0,0,0,0,0,0,0,13,0,3,0,0,0,0,2,0,0,0,0,0,0,0,1,0,0,0,1,0,0,0,0,0,0,5,7,0,0,0,0,4,0,0,0,7,0,0,0,0,1,0,0
466,0,0,0,0,17,0,0,49,0,0,46,2,1,0,0,0,0,0,6,0,0,0,0,0,37,0,4,0,0,0,0,1,0,0,0,0,0,0,0,0,0,0,0,0,1,0,1,0,4,0,0,0,0,0,0,5,0,3,0,0,1,3,0,0,0,0,0,0,0,5,0,0,0,0,0,0,0,0,0,0,0,0,0,0,0,0,2,0,0,0,0,8,0,1,0,0,0,0,0,16,1,1,4,0,0,0,0,0,0,2,0,0,0,0,0,0,0,0,0,0,0,0,0,0,0,0,0,10,0,6,17,18,0,0,0,0,0,0,0,6,0,0,0,0,0,0,7,0,0,6,1,0,0,0,0,1,0,0,0,0,0,3,42,0,0,10,0,0,0,0,0,8,0,0,0,3,0,0,0,0,0,0,0,0,0,0,6,0,9,0,0,0,0,0,0,0,0,0,0,0,0,0,7,0,0,0,0,0,0,0,0,0,0,4,0,0,0,0,2,0,0,2,4,0,0,0,0,3,0,0,0,0,0,2,0,0,0,0,0,0,4,1,0,0,0,0,0,0,0,0,0,1,2,0,0,0,0,0,0,0,0,2,0,3,4,0,0,0,0,0,1,11,0,0,0,0,2,0,0,1,0,0,0,0,0,0,2,0,5,0,0,0,0,0,0,0,0,0,0,0,0,0,11,0,0,0,2,0,0,0,0,0,0,5,0,0,0,0,56,0,0,0,3,3,0,0,0,0,25,0
467,7,0,0,0,0,0,0,94,0,0,32,0,0,0,0,0,1,0,0,0,0,3,0,0,0,0,1,0,0,0,0,1,0,0,6,0,4,1,0,1,0,0,0,0,0,1,0,0,0,0,0,7,0,0,0,0,0,0,0,0,1,0,0,0,0,0,0,0,1,0,0,0,0,0,0,0,0,0,0,3,0,0,0,0,1,1,0,0,0,0,0,2,0,2,0,0,0,0,0,0,0,0,6,2,0,0,0,0,0,0,0,3,2,0,1,0,0,0,0,5,0,5,0,0,0,0,0,0,0,1,0,1,0,0,0,0,0,5,0,0,0,0,0,0,0,3,0,0,0,1,0,0,0,0,0,0,1,0,1,0,0,0,0,0,0,0,0,0,0,0,2,6,13,1,2,0,1,0,0,3,1,0,0,0,0,0,22,0,0,1,0,0,0,0,0,0,0,0,0,1,0,0,0,0,0,0,2,0,12,0,0,0,1,0,0,0,0,1,1,0,0,0,0,0,0,0,1,0,0,0,0,0,0,0,0,0,0,0,0,0,0,0,0,0,0,4,0,0,0,8,0,0,8,0,2,0,0,0,0,4,3,0,1,0,0,0,0,0,0,0,0,0,0,0,0,0,0,0,0,0,0,0,0,0,0,0,0,0,0,0,0,0,0,0,0,0,0,0,19,0,0,0,0,0,0,0,4,1,0,0,0,0,1,0,0,0,0,0,0,0,0,0,5,0,0,0,0,0,0,0
468,0,0,0,0,1,0,0,8,0,0,4,3,2,3,0,0,0,0,0,0,0,0,0,0,5,0,10,1,1,0,0,1,0,0,0,0,0,0,0,0,0,1,0,0,0,8,0,0,0,0,0,0,0,0,0,1,0,4,2,0,0,2,0,0,0,1,1,0,0,0,0,1,0,0,0,0,0,0,1,0,0,0,0,10,0,0,2,0,0,0,1,15,0,0,10,0,0,0,0,0,0,1,1,0,2,0,0,0,8,0,0,0,3,0,0,0,8,0,0,0,0,0,1,5,0,0,2,0,0,1,0,0,0,0,0,0,0,5,10,1,0,1,0,0,0,0,18,0,0,19,3,1,0,0,0,0,0,0,0,0,0,2,28,0,0,5,0,0,0,0,0,0,0,1,0,0,0,0,0,0,0,0,8,0,0,1,0,0,0,0,0,0,0,0,0,0,0,0,0,0,0,0,0,1,0,0,0,0,0,2,0,0,0,5,0,0,0,0,18,0,0,0,0,0,0,1,2,0,0,0,0,0,0,0,0,0,0,0,0,1,5,2,4,0,0,0,3,7,0,2,0,1,0,0,1,0,0,1,0,0,1,4,2,5,0,0,0,0,0,0,1,0,0,0,8,0,0,0,0,0,0,0,0,1,0,0,1,0,22,0,0,0,0,0,0,0,1,0,0,0,0,0,1,8,0,0,50,0,0,0,0,0,0,2,2,0,1,0,0,3,0,0,7,0,0,0,0,0,11,0
469,0,1,1,0,3,3,0,15,0,0,10,3,0,10,0,0,0,0,6,2,0,0,0,0,79,0,0,0,1,0,0,0,0,0,0,0,0,0,0,0,0,0,0,0,0,0,0,0,0,0,0,0,1,0,0,1,0,2,0,0,0,2,0,0,0,0,0,0,0,0,0,1,0,0,0,0,0,0,0,0,0,0,0,0,0,0,0,0,0,0,0,0,0,0,9,0,0,2,0,3,0,0,1,0,3,0,0,0,4,0,0,2,0,0,0,0,0,0,0,2,0,0,1,0,0,0,1,0,0,0,0,0,0,0,0,49,1,9,0,0,0,1,0,0,0,2,3,1,0,25,0,0,0,0,0,0,5,0,0,0,0,12,14,0,0,5,13,0,0,0,0,0,0,1,0,0,0,0,0,0,0,0,0,0,0,0,9,0,0,0,8,0,0,1,8,0,0,0,0,0,0,0,0,0,0,0,0,0,0,0,0,0,0,2,0,0,0,0,10,9,0,0,5,0,0,0,2,0,0,0,0,0,0,0,0,0,0,0,0,0,4,0,0,0,0,0,0,0,0,0,0,2,0,0,0,0,0,0,1,0,0,0,0,4,4,0,0,0,0,0,10,10,0,0,0,0,0,0,0,0,0,0,0,0,1,0,2,0,11,0,0,1,5,0,0,0,0,0,0,0,0,0,0,0,0,0,91,0,0,0,0,0,0,0,0,0,0,0,0,2,0,0,3,0,0,8,0,0,0,0
470,0,0,1,0,2,0,0,8,0,0,19,2,0,12,0,0,0,2,0,0,0,0,0,10,16,0,0,2,0,0,0,1,1,0,0,0,0,4,0,0,0,0,0,0,0,0,0,2,8,1,0,0,0,0,0,1,0,1,0,0,0,0,0,0,0,1,0,0,0,0,0,0,0,0,0,0,0,0,0,11,0,0,0,0,0,0,2,2,3,0,0,11,0,0,0,0,1,0,0,7,1,0,2,1,2,2,0,0,0,0,0,1,0,0,0,0,0,0,0,0,0,1,2,0,0,0,2,0,0,4,0,9,0,0,0,0,0,4,0,3,0,0,0,0,0,0,0,0,0,0,25,0,0,0,0,0,0,0,0,0,0,4,12,0,0,4,0,0,0,0,0,0,0,0,0,0,0,0,1,1,0,0,0,0,0,0,0,0,0,0,5,0,1,0,0,0,0,0,0,1,0,0,0,1,0,4,0,0,7,0,0,0,0,4,0,0,0,0,22,0,0,0,0,0,0,0,4,0,0,1,0,0,2,0,0,0,0,0,0,0,1,0,29,1,0,0,0,0,0,2,0,4,0,0,0,0,0,0,0,0,0,1,0,12,0,0,0,0,17,0,2,0,0,0,0,1,0,0,7,0,3,0,0,0,0,0,0,0,10,0,0,0,0,0,2,0,0,0,0,0,0,0,4,0,0,0,0,1,4,0,1,0,0,0,0,0,0,0,0,0,0,0,6,0,0,0,0,0,0,0
471,0,0,0,0,4,0,0,44,0,0,20,1,1,5,0,1,0,0,0,0,0,0,0,4,17,0,0,0,0,0,0,0,0,0,0,2,0,0,0,0,0,0,0,0,1,0,1,5,0,0,0,0,0,2,0,0,0,1,0,0,0,0,0,0,0,0,0,0,0,0,0,0,0,0,0,0,0,1,0,7,0,0,0,5,0,0,0,0,13,0,0,0,0,0,22,0,1,0,0,18,0,0,1,0,3,1,0,0,0,0,0,6,2,0,4,0,0,0,0,0,6,0,5,0,0,0,0,0,0,0,27,0,0,0,0,0,0,19,0,0,0,1,8,0,0,0,20,0,0,18,4,0,0,0,0,0,0,0,0,0,0,3,39,0,0,6,0,0,0,0,0,0,0,1,0,0,0,0,0,0,0,0,0,0,0,0,0,0,0,0,0,0,1,0,0,0,0,0,0,0,0,0,0,0,0,0,0,0,0,0,0,3,0,0,0,0,0,0,15,0,0,0,0,0,1,0,0,0,0,0,0,13,0,0,0,0,4,0,0,0,7,0,9,0,0,0,0,0,0,0,0,4,0,0,1,0,0,0,0,0,0,0,0,4,0,0,0,0,0,0,9,17,0,0,7,0,0,1,0,0,0,0,0,0,0,0,1,0,4,6,0,0,0,0,0,0,0,0,0,0,0,0,0,5,0,0,37,0,3,0,0,0,2,0,0,0,0,0,0,0,0,1,5,1,0,11,0,0,0,0
472,0,1,0,0,0,4,0,4,0,0,13,5,1,4,0,0,0,0,10,0,0,0,1,0,9,0,0,0,0,0,0,1,0,0,0,0,0,0,0,0,0,0,0,0,0,0,0,0,0,0,0,0,1,0,0,1,0,2,1,0,1,3,0,0,0,0,0,0,0,0,0,0,0,0,0,0,0,0,0,0,0,0,0,0,0,0,7,4,6,0,1,45,0,1,0,0,0,0,0,0,0,0,2,0,1,0,0,0,0,0,0,1,0,0,14,0,4,0,0,0,0,1,0,0,0,0,0,0,0,8,0,0,0,0,0,11,0,5,7,4,0,2,13,0,0,0,18,1,1,13,2,1,0,0,0,0,0,0,0,0,0,0,39,0,0,4,0,0,0,0,0,0,0,0,0,0,0,0,2,0,0,0,0,0,0,0,0,0,0,0,5,0,0,0,0,0,0,0,0,0,0,0,0,0,0,0,0,0,0,3,0,7,0,2,0,0,0,0,2,0,0,0,0,0,0,5,2,0,3,0,0,0,0,0,0,0,0,0,0,1,2,0,10,0,0,0,0,8,0,0,0,0,0,0,1,0,0,0,1,0,0,0,0,4,3,0,0,0,17,0,10,19,0,0,14,0,0,0,0,0,0,0,0,0,0,0,1,0,2,0,0,0,5,0,0,0,2,0,0,0,0,0,8,0,0,1,18,0,0,0,0,0,0,0,0,0,1,0,0,9,0,1,7,0,0,2,0,1,3,0
473,0,0,0,0,7,0,0,16,1,0,9,2,0,0,0,0,1,0,0,0,0,0,0,0,9,6,0,0,1,1,0,0,0,0,0,0,4,0,0,0,0,0,0,0,3,0,0,1,0,0,0,0,0,1,0,1,0,1,0,0,1,2,0,0,2,2,0,0,0,0,0,2,0,3,0,0,0,1,0,0,0,0,0,0,0,0,3,0,2,0,0,0,0,0,0,1,0,0,0,0,0,0,2,3,2,0,0,0,0,0,26,3,0,0,0,0,0,0,0,1,0,0,5,0,0,0,0,0,0,11,0,0,0,0,0,0,0,0,0,1,0,0,0,0,1,0,0,0,0,13,0,0,0,0,0,0,0,0,0,0,0,2,121,0,0,9,0,0,0,1,0,1,0,0,0,0,0,4,0,1,0,0,0,0,0,0,0,1,0,0,0,0,1,0,0,0,0,0,0,0,0,0,2,0,0,0,0,4,5,0,1,0,0,2,0,0,0,0,7,0,0,0,0,0,0,0,1,0,3,0,0,0,0,0,0,0,0,0,0,0,6,0,9,0,0,0,0,0,1,0,0,6,0,0,0,2,0,2,0,0,0,1,0,10,0,0,0,0,0,0,2,0,0,1,0,0,0,0,0,0,0,0,0,0,0,0,0,0,7,0,0,0,0,0,0,0,0,0,0,1,0,0,19,0,0,3,0,0,0,0,0,0,0,0,0,0,0,0,17,0,0,0,15,0,0,0,0,1,0,0
474,0,0,0,0,0,0,0,113,0,0,4,0,0,0,0,0,1,0,0,1,0,0,0,0,1,0,1,0,0,0,0,2,0,0,0,0,0,1,0,0,0,0,0,0,0,0,0,0,13,0,0,0,0,2,0,2,2,0,18,1,0,0,0,0,0,0,0,0,0,0,0,0,0,0,0,0,0,0,0,0,0,0,0,0,0,0,4,0,0,0,0,0,2,0,9,0,0,0,0,0,1,12,5,5,14,0,0,1,0,0,0,5,0,1,1,0,0,0,1,4,0,3,1,2,0,5,0,0,0,0,0,0,0,0,0,0,0,17,0,0,0,0,0,15,0,0,0,0,0,0,0,0,0,0,0,0,0,0,0,0,0,0,0,0,0,1,0,0,0,0,1,35,0,1,0,2,3,0,2,0,0,0,0,0,0,1,0,0,0,1,0,0,4,0,0,0,0,0,0,0,0,1,0,0,0,0,0,0,23,1,0,0,0,0,0,0,0,0,3,0,0,0,0,0,0,4,0,1,0,0,0,0,0,0,0,0,0,0,0,4,8,0,2,7,0,0,0,1,0,0,0,0,0,0,0,0,0,0,0,0,7,17,4,0,1,0,0,0,0,0,2,0,0,0,2,0,0,0,0,0,1,0,0,0,0,0,0,0,1,0,0,0,4,2,0,0,1,0,0,0,0,0,0,0,0,0,3,0,0,0,3,0,3,11,0,0,0,0,0,2,0,0,10,0,0,0,8,0,0,0
475,0,0,1,0,9,0,0,31,0,0,48,4,1,0,0,0,0,0,0,0,0,0,0,0,0,0,6,0,1,0,0,2,0,0,0,0,0,0,0,0,0,0,0,0,0,0,0,15,0,0,0,2,0,0,0,2,1,2,3,0,1,1,0,0,0,0,0,0,0,6,0,2,0,0,0,0,0,0,0,6,0,0,0,0,0,0,0,6,0,0,0,4,0,0,0,0,0,0,0,0,0,0,1,0,2,1,0,0,2,0,0,0,0,0,0,1,10,0,0,0,3,0,1,0,0,6,0,0,0,19,0,0,0,0,0,0,1,5,0,4,23,0,6,0,0,0,0,1,0,17,1,0,0,0,0,0,0,0,0,0,0,0,0,0,0,0,1,0,0,0,0,1,0,1,0,0,0,0,0,1,0,2,0,1,0,0,0,0,0,0,5,0,0,0,0,0,0,2,0,0,0,0,0,0,0,0,0,0,0,1,1,0,0,2,0,0,0,0,9,0,0,0,3,0,0,0,2,0,0,0,0,0,0,0,0,0,0,0,0,0,3,0,24,0,0,0,0,0,0,0,0,1,29,0,0,0,0,0,0,0,0,0,0,9,0,0,0,0,0,0,17,17,0,0,0,0,0,0,0,0,0,0,0,0,0,0,0,0,14,0,0,0,0,0,0,0,5,0,0,0,0,0,24,4,0,0,24,0,7,0,0,0,0,0,0,1,0,0,0,4,0,1,8,0,0,0,0,0,0,0
476,0,0,0,1,3,0,0,27,0,0,1,0,2,1,0,0,0,0,0,0,0,0,2,0,0,0,0,2,0,0,0,0,0,0,0,0,0,0,0,2,0,0,0,0,4,0,0,0,0,0,0,0,0,0,0,0,0,4,4,0,0,3,0,0,0,0,0,0,0,0,0,0,0,0,0,1,0,0,0,0,0,0,0,0,0,5,0,2,0,0,0,0,0,5,0,18,0,0,0,0,0,0,34,0,7,1,0,0,0,0,0,0,0,1,0,0,0,0,0,0,0,0,0,0,0,0,0,0,0,0,0,0,0,0,0,0,0,5,0,0,0,0,0,0,0,0,0,11,0,6,0,0,0,0,0,0,3,0,0,15,0,20,3,0,2,0,0,0,0,0,0,1,0,0,3,0,0,0,0,0,0,0,0,0,0,0,0,0,3,0,0,0,0,0,0,0,0,0,0,0,11,0,0,0,0,0,0,0,0,0,0,0,0,0,0,1,0,0,85,0,0,0,0,2,0,0,1,0,0,7,6,0,0,4,1,0,2,0,0,11,3,0,31,1,0,0,0,0,0,0,0,7,0,0,0,1,0,0,0,0,0,33,0,10,0,0,0,3,0,0,0,0,0,0,1,0,0,0,0,0,0,0,0,0,0,0,0,0,1,0,0,0,0,25,0,0,15,0,0,0,0,0,0,0,0,0,11,0,0,0,0,1,1,0,0,0,6,0,1,4,0,1,0,0,2,0,0,0,0,0
477,0,0,0,0,17,0,0,43,0,0,11,1,2,2,0,0,1,0,0,0,0,0,4,0,5,0,0,0,0,0,0,0,0,0,0,0,5,0,0,4,0,0,0,0,1,0,0,5,0,0,0,0,0,3,0,11,0,0,0,0,0,9,0,0,1,0,0,0,0,0,0,0,0,5,0,0,0,0,0,0,0,5,0,6,0,1,0,0,0,4,3,1,0,1,3,0,0,0,0,6,0,0,4,0,0,1,0,0,0,0,0,1,0,0,0,0,0,0,0,2,0,12,0,0,0,3,0,0,0,7,0,0,0,0,0,0,0,1,0,0,0,0,0,1,0,6,0,0,0,1,0,0,0,0,0,0,2,0,0,0,0,3,0,0,1,0,0,0,0,0,0,88,0,5,0,0,0,0,0,0,0,0,0,0,0,0,0,0,0,0,0,0,0,0,0,0,0,0,0,0,0,0,1,0,0,0,0,0,0,0,0,0,0,8,0,0,0,0,2,0,0,1,0,1,0,0,0,0,0,0,0,0,0,0,0,0,0,0,0,7,1,0,9,6,0,0,0,1,0,0,0,0,0,0,0,0,0,0,0,3,0,13,0,31,0,0,0,0,0,1,3,13,0,0,18,0,0,0,2,1,0,0,0,0,0,0,0,0,2,0,0,0,0,0,0,0,1,0,0,0,0,1,1,0,0,0,6,6,0,0,0,0,1,0,0,0,5,0,0,0,0,0,11,0,0,0,29,0,0,0
478,0,0,0,0,65,0,0,89,0,0,6,0,1,3,0,0,0,0,0,0,0,0,2,0,6,0,0,0,0,0,0,1,0,0,0,0,0,0,0,1,0,0,0,0,0,0,0,0,0,0,0,0,0,2,0,0,0,0,5,0,0,5,0,0,0,0,0,0,0,0,0,0,0,0,0,0,0,0,0,0,0,0,0,0,0,0,0,2,0,3,0,0,1,0,0,0,0,0,0,0,0,5,5,2,7,0,0,0,0,0,0,0,0,0,0,0,0,0,0,0,0,2,1,0,0,0,0,0,0,0,0,1,0,0,0,0,0,0,0,0,0,0,0,0,0,0,4,0,0,1,0,0,0,0,0,0,5,0,0,0,1,4,7,0,0,0,0,4,0,0,0,8,0,0,0,0,1,0,0,0,0,0,0,0,0,0,0,0,3,0,0,0,2,0,0,7,0,0,3,0,6,0,2,0,0,0,0,1,0,0,0,0,0,1,0,0,0,0,1,0,2,0,0,0,0,0,1,0,0,0,0,0,1,0,0,0,0,0,0,2,5,3,2,0,0,1,0,0,0,4,0,2,0,0,0,0,0,0,0,0,0,9,1,5,0,0,0,0,0,0,5,0,0,0,6,0,0,0,1,0,0,0,0,1,0,0,0,0,2,0,0,0,1,7,0,0,0,0,10,2,5,0,0,0,0,0,2,7,0,0,8,0,0,0,0,0,0,0,1,0,0,2,1,0,0,0,0,0,0,0
479,0,0,0,0,18,0,0,17,0,0,5,1,1,1,0,0,1,0,0,0,0,1,2,0,3,0,0,0,0,0,0,2,0,0,0,0,0,0,0,2,0,0,0,0,0,0,0,2,0,0,0,0,0,0,0,1,0,1,0,0,0,0,0,0,0,0,0,0,0,0,0,16,0,0,0,0,0,0,0,0,0,0,0,0,0,0,0,1,0,0,0,6,0,2,0,0,0,0,0,0,0,0,6,0,10,3,0,0,0,0,0,8,0,0,0,0,0,0,0,0,0,2,0,0,0,1,0,0,0,14,0,0,1,0,0,0,0,14,4,0,0,0,0,0,0,0,0,0,0,0,0,1,0,0,0,0,0,0,1,0,0,9,2,0,0,0,0,5,0,0,0,9,0,0,0,1,1,1,0,0,0,1,0,0,0,0,0,2,0,0,10,0,0,0,0,2,1,0,5,0,0,2,3,0,0,0,0,0,8,0,0,0,0,0,0,0,0,0,3,6,1,0,9,1,0,0,1,0,0,0,0,0,1,0,0,0,0,2,29,15,13,0,0,0,0,0,0,1,0,0,0,0,0,2,0,0,0,0,0,0,0,18,0,11,0,1,0,0,0,0,0,0,0,0,8,0,0,0,0,0,0,0,0,0,0,0,0,0,1,0,0,0,0,2,0,0,0,0,13,0,0,1,0,0,0,1,5,0,0,0,0,0,0,0,0,0,3,0,19,0,0,0,33,0,1,0,0,0,0,0
480,0,0,1,0,1,0,2,60,0,0,9,0,0,0,0,0,0,0,0,10,0,4,0,4,15,0,1,0,0,0,0,0,0,0,0,0,3,0,0,0,0,0,0,0,0,1,0,0,0,0,0,1,4,0,2,0,7,0,0,0,0,2,8,0,0,0,0,0,0,0,0,0,0,0,0,0,0,0,0,0,0,0,0,0,0,0,0,0,0,0,0,2,0,4,2,8,0,0,6,0,0,0,29,0,0,0,0,0,0,0,1,0,0,0,0,0,0,0,0,0,0,0,3,0,0,0,0,0,0,0,0,0,0,0,0,0,0,11,0,0,0,0,0,0,0,0,0,5,0,0,0,0,0,0,0,0,1,1,0,0,0,0,0,0,0,7,0,0,0,1,6,1,0,56,0,0,0,10,0,0,3,0,0,0,0,0,0,0,0,0,0,1,0,0,0,1,0,0,0,1,0,0,0,0,0,0,0,0,15,0,0,0,0,0,0,0,0,0,84,0,2,4,0,0,4,0,2,0,1,0,0,0,9,0,0,0,0,0,0,0,1,0,0,0,0,0,0,0,0,0,1,0,0,0,0,0,0,1,0,0,9,9,0,0,0,0,0,0,0,0,0,1,0,0,0,1,0,0,0,0,0,0,0,0,0,0,0,0,4,0,0,0,0,2,0,0,44,0,1,1,0,0,0,0,0,0,0,0,0,0,0,0,1,0,0,1,3,0,0,0,0,0,0,0,0,0,0,0,8,0
481,0,0,0,0,5,0,0,5,0,8,15,0,0,0,0,0,2,0,0,0,0,0,0,0,21,0,0,0,0,0,0,1,0,0,0,0,5,0,0,0,0,0,0,0,0,0,0,0,0,0,1,0,0,0,0,0,0,1,0,0,0,7,0,0,3,0,0,0,0,0,0,2,0,1,0,0,0,0,0,8,0,0,0,0,0,0,0,0,11,0,0,10,0,0,0,2,1,0,0,0,0,0,2,0,0,1,0,0,0,0,0,2,1,0,7,0,0,1,0,0,0,0,0,0,0,0,0,0,2,0,0,0,0,0,0,51,0,3,0,2,0,2,0,0,0,0,35,0,0,0,5,0,0,0,0,0,2,0,0,2,0,15,6,0,0,3,0,0,0,0,12,2,0,1,0,3,0,0,0,1,0,0,21,0,0,0,0,0,0,0,9,0,2,0,5,0,0,0,0,0,0,0,0,0,0,4,0,0,0,0,1,0,0,3,0,2,0,0,9,0,0,0,0,0,1,4,1,0,0,0,0,0,0,0,0,0,0,0,0,1,2,0,4,0,0,0,2,11,0,0,0,1,0,0,0,0,0,0,0,0,1,0,0,15,0,0,0,0,0,0,7,0,1,0,7,0,0,0,0,0,0,0,0,1,0,0,0,0,5,0,0,0,31,0,0,0,0,0,0,0,0,3,0,0,0,1,2,0,0,0,0,0,0,0,0,0,0,0,10,0,0,1,11,0,0,0,0,0,0,0
482,0,0,0,0,5,0,0,31,0,0,3,4,1,4,0,0,0,5,0,2,0,0,0,11,61,0,0,1,0,0,0,1,0,0,0,0,0,0,0,0,0,0,0,0,0,0,0,0,0,1,0,0,1,0,0,1,8,2,3,0,0,5,0,0,1,0,1,0,0,0,0,1,0,0,0,0,7,0,0,7,0,1,13,0,0,0,1,0,4,0,0,4,0,0,0,0,2,0,1,0,0,0,0,0,3,0,0,0,0,0,0,4,0,0,0,2,0,0,0,0,0,1,1,0,0,0,5,20,0,6,0,0,0,0,0,0,0,2,0,3,0,0,0,0,0,0,0,1,0,25,12,0,0,0,0,0,0,0,0,0,0,2,77,0,0,9,0,0,1,0,0,0,0,1,0,0,0,0,0,0,1,0,0,0,0,0,0,0,0,0,0,0,0,0,5,0,0,0,0,0,0,0,0,0,0,0,0,2,0,1,0,0,0,3,0,0,0,0,4,0,0,0,0,0,1,0,4,0,0,1,0,0,0,0,0,0,0,0,0,0,1,1,13,0,0,0,0,7,0,0,0,1,0,1,0,0,0,2,0,0,0,1,0,16,0,0,0,0,18,0,7,25,0,0,0,0,0,0,5,0,0,1,0,0,0,0,0,0,20,0,0,0,0,0,0,0,4,0,8,3,0,0,0,0,0,0,5,0,0,0,0,0,1,4,0,0,0,1,22,0,0,2,12,0,0,0,0,0,0,0
483,0,0,2,0,8,0,0,0,0,0,2,2,0,0,0,0,0,0,6,0,0,0,0,0,11,0,0,1,0,0,0,0,0,0,0,0,3,0,0,0,0,0,0,0,0,0,0,0,0,0,0,2,0,0,0,3,0,1,0,0,2,4,0,0,0,0,0,0,0,0,0,0,10,0,0,0,0,0,0,0,0,0,0,0,0,0,0,4,0,0,0,0,0,0,0,0,0,0,0,0,1,0,2,0,1,2,0,0,0,0,0,3,0,0,0,0,0,0,0,0,0,0,1,0,0,3,1,0,0,2,0,0,0,0,1,24,0,11,2,2,15,0,0,0,0,0,0,1,0,0,2,1,0,0,0,0,0,0,0,0,1,0,36,0,0,2,0,0,0,0,0,0,0,1,0,3,0,0,0,0,0,0,0,0,0,0,12,0,0,0,0,0,0,1,8,0,0,0,0,1,0,0,0,0,0,0,0,0,0,0,0,0,0,2,0,0,0,0,11,4,0,0,0,0,0,0,1,0,0,0,0,0,0,0,0,0,0,0,0,0,2,3,41,0,0,0,0,0,0,0,0,5,11,0,0,1,0,0,0,0,0,0,0,6,3,0,0,0,0,0,25,0,0,0,3,0,0,0,0,0,0,0,0,1,0,0,0,0,2,0,0,0,0,0,0,0,0,0,0,0,0,0,5,0,0,1,5,0,0,0,0,0,0,0,0,0,0,0,4,0,0,0,8,0,0,0,0,0,0,3
484,0,0,2,1,3,0,0,27,0,0,22,0,0,0,0,7,0,0,0,0,0,0,0,0,8,1,0,0,0,0,1,0,0,0,1,0,0,2,0,2,0,0,2,0,0,0,0,4,0,0,1,0,0,0,0,0,0,2,0,0,0,5,10,0,0,0,0,0,0,0,0,11,0,0,0,0,1,0,0,0,0,0,0,0,0,0,0,1,0,0,1,19,0,18,0,0,0,0,1,0,0,0,24,0,0,0,0,0,0,0,0,0,0,0,0,0,0,11,0,0,0,0,1,0,0,0,0,0,0,0,0,0,0,0,0,0,0,9,9,16,0,0,0,0,0,0,0,0,0,4,0,0,0,0,1,0,0,0,0,0,0,0,0,0,0,0,1,0,0,0,0,2,0,16,0,0,0,12,0,0,0,0,2,0,0,0,0,0,0,1,0,0,6,0,0,0,0,0,0,1,8,0,2,0,0,0,0,0,0,0,0,0,0,1,0,0,0,0,26,7,0,0,0,0,0,0,0,0,0,0,2,0,0,0,2,0,0,0,0,5,3,0,21,0,0,0,0,0,0,0,1,2,0,0,3,0,0,0,0,0,0,0,0,0,0,0,0,0,33,0,0,0,0,1,0,0,0,0,0,0,0,6,0,0,3,13,0,0,9,0,0,0,0,4,0,0,44,0,1,0,1,0,0,0,0,0,11,1,0,0,0,0,0,0,7,0,0,0,2,3,0,1,3,7,0,0,0,0,0,0
485,1,0,0,0,5,0,0,0,0,7,8,2,0,0,0,0,0,0,0,0,0,0,0,0,0,0,0,0,0,0,0,0,6,0,0,0,0,0,0,0,0,0,0,0,0,0,1,0,0,0,0,0,2,0,0,0,0,2,8,0,0,2,0,0,0,0,0,0,0,0,0,0,3,0,0,0,0,0,0,0,0,0,0,0,0,0,0,1,0,0,0,16,0,9,0,3,0,1,0,23,0,0,37,0,7,0,0,0,0,0,0,0,0,0,4,0,0,0,0,0,0,0,0,0,0,0,0,0,0,2,0,5,0,0,0,0,1,5,56,11,0,0,0,0,0,0,0,7,0,0,0,0,0,0,0,0,0,0,0,0,0,27,0,0,0,0,0,0,0,0,7,2,0,29,0,0,0,0,0,0,0,1,0,0,0,0,0,0,0,0,0,0,5,0,0,0,0,0,0,0,0,0,0,1,0,0,0,0,0,0,0,0,0,0,0,0,0,0,22,4,0,0,0,0,0,0,1,0,0,0,0,0,0,0,2,0,0,0,0,42,2,0,20,0,0,0,0,0,0,0,0,1,0,0,0,0,0,0,0,0,0,0,0,5,0,0,0,0,0,1,1,0,0,0,1,0,0,0,0,0,0,0,0,0,1,13,0,0,4,0,2,0,0,4,0,0,19,0,0,0,0,0,0,0,1,0,3,1,0,3,0,0,0,0,3,0,4,0,1,0,1,5,2,0,0,0,0,0,0,0
486,0,0,0,0,6,0,1,6,0,3,5,2,1,12,7,0,0,0,0,0,0,0,3,0,0,0,0,0,3,1,0,3,0,0,0,0,0,0,0,1,0,0,0,4,3,0,0,0,0,0,0,0,0,7,0,0,0,0,0,0,0,3,0,0,0,0,1,0,0,0,0,0,0,0,0,0,0,0,0,0,0,0,0,0,0,0,2,0,0,0,6,2,0,2,41,0,0,0,0,0,0,0,25,0,0,1,0,0,0,0,0,0,0,0,0,1,0,0,1,0,0,3,1,0,0,0,0,0,0,9,0,0,0,3,0,0,0,3,0,0,0,0,0,0,0,2,0,0,0,1,0,0,0,0,0,0,0,0,0,0,0,3,0,0,0,1,0,0,0,0,0,0,0,0,0,0,0,0,2,0,0,0,3,0,0,0,0,0,0,0,3,0,3,0,0,2,1,0,0,0,0,0,0,0,0,0,0,0,0,1,0,0,0,3,0,0,0,0,1,0,2,1,0,0,0,1,0,0,0,0,0,0,1,0,0,0,0,0,0,7,8,0,0,7,0,0,0,0,0,0,0,1,0,0,0,0,0,0,3,0,4,25,0,38,0,0,0,0,0,0,6,0,0,0,21,0,0,0,0,0,0,0,0,0,0,0,11,0,2,0,0,0,1,3,0,2,0,0,0,0,0,0,0,0,0,0,0,0,0,0,0,0,0,0,0,3,0,0,0,0,0,1,2,0,1,0,0,0,0,0
487,0,0,0,0,23,0,0,21,0,0,21,6,1,2,0,0,0,0,0,0,0,0,2,0,10,0,0,0,0,0,0,0,0,0,2,0,5,1,0,0,0,0,0,0,1,0,0,0,0,0,0,0,0,2,0,2,0,0,0,0,0,9,0,0,0,0,0,0,0,0,0,0,0,0,0,0,0,0,0,6,0,0,0,0,0,0,0,0,0,0,0,1,0,0,0,0,0,0,0,0,0,0,4,0,10,4,0,0,0,2,0,0,0,0,0,0,0,0,0,0,0,4,0,0,0,0,0,0,0,31,0,0,0,0,0,0,0,17,0,0,0,0,1,0,0,0,0,0,0,3,0,0,0,0,0,0,0,0,0,6,0,0,1,0,0,0,0,7,0,0,0,13,0,2,0,0,1,0,0,0,0,0,0,0,0,0,11,0,0,1,0,0,0,6,0,0,0,0,0,0,0,0,0,0,0,0,2,0,0,0,0,0,0,0,0,0,0,0,4,2,0,0,0,0,0,0,0,0,0,0,0,0,0,0,0,0,0,3,0,4,0,0,3,0,0,0,0,0,0,0,0,1,0,0,0,0,0,0,0,0,0,14,0,16,1,0,0,0,0,0,12,0,0,4,0,1,0,0,2,0,0,0,0,1,0,2,0,0,2,0,0,1,0,2,0,0,0,0,13,1,0,0,1,0,0,0,3,1,0,0,0,1,0,0,0,0,0,0,5,0,0,0,38,0,0,0,0,0,0,0
488,0,0,0,0,0,0,0,13,0,0,10,0,0,3,0,0,0,0,0,3,0,1,0,13,0,3,10,0,0,1,1,0,0,0,0,0,5,0,0,0,0,0,0,0,3,5,0,0,0,1,0,1,1,0,0,0,7,0,0,0,0,6,0,0,0,0,0,0,0,0,0,0,0,0,0,0,0,0,0,4,0,0,9,5,0,0,0,0,0,0,0,0,0,0,0,0,0,0,0,0,2,0,0,2,2,0,0,0,0,0,0,3,0,0,0,5,0,0,0,5,0,0,0,4,0,0,0,0,0,0,0,0,0,0,0,0,0,0,9,0,0,4,0,0,0,0,0,1,1,0,0,0,0,0,0,0,0,0,0,0,0,0,24,0,0,8,0,0,0,0,30,7,0,0,0,1,0,0,0,0,0,0,0,0,0,0,7,0,0,0,0,0,0,0,0,0,0,0,0,0,0,0,0,1,0,0,0,0,0,0,0,0,0,0,0,0,0,0,7,0,0,0,0,0,2,0,4,2,0,0,1,4,0,0,0,0,0,0,1,0,1,0,0,0,0,0,1,0,0,1,0,2,0,0,0,1,0,0,0,0,1,8,0,0,0,0,0,0,24,0,4,1,0,0,3,0,0,1,0,0,0,0,0,0,0,0,0,0,23,0,0,0,18,0,0,0,2,0,0,0,0,0,0,3,0,0,12,0,0,0,0,0,13,0,0,0,0,1,16,0,0,2,2,0,0,0,0,0,0,0
489,0,0,0,0,1,0,0,38,0,1,10,1,2,2,0,0,0,0,0,0,0,0,2,0,0,0,0,0,0,0,0,0,0,0,0,0,0,0,0,1,0,0,0,2,0,0,0,0,0,0,0,0,0,0,0,0,0,0,0,0,0,4,0,0,0,0,0,0,0,0,0,0,0,0,0,0,0,0,0,0,1,0,0,0,0,0,0,0,0,0,2,0,0,0,0,0,0,0,0,0,0,0,16,3,5,0,0,0,0,0,0,1,0,0,0,1,5,0,0,0,0,0,0,2,0,0,0,0,0,0,0,0,0,0,0,0,0,0,2,0,0,0,0,0,0,0,0,1,0,0,0,0,0,0,0,0,0,3,0,0,1,2,6,0,0,0,0,3,1,0,1,14,0,2,0,0,0,0,0,0,0,0,0,0,0,0,0,0,0,0,0,0,0,0,0,4,0,0,1,0,0,0,0,0,0,0,0,0,0,1,0,0,0,3,0,0,0,0,1,0,1,0,0,0,0,0,0,0,0,0,0,0,0,0,0,0,3,0,0,0,3,0,2,0,0,0,0,1,0,3,0,1,12,0,0,0,0,1,1,12,0,6,0,59,0,0,0,0,0,0,0,0,0,0,0,0,0,2,0,0,0,0,0,0,0,0,0,0,1,0,0,0,5,5,0,0,0,0,0,0,0,0,1,0,2,0,3,2,0,0,0,0,0,0,0,0,0,1,11,0,0,0,4,2,0,0,6,0,0,0
490,0,0,0,0,25,0,0,53,0,0,7,0,0,4,0,0,1,0,0,0,1,0,3,8,1,0,1,0,4,1,0,1,0,0,0,0,0,0,0,2,0,0,0,0,0,0,0,0,9,0,0,0,0,0,0,0,0,0,0,0,0,1,0,0,0,0,0,0,0,0,0,0,0,2,0,0,0,0,0,0,0,10,0,0,0,1,7,0,5,0,4,0,0,0,0,0,0,0,0,0,0,17,13,0,23,0,0,0,0,0,0,5,1,0,2,1,0,0,0,0,0,9,1,0,0,0,0,1,0,2,18,0,0,0,0,2,0,15,0,0,0,0,0,0,0,0,20,1,0,0,0,0,0,0,0,0,0,0,0,2,0,0,0,0,0,0,1,0,0,0,0,91,6,6,0,0,0,1,0,0,0,0,0,2,0,0,0,0,0,0,0,0,0,0,0,0,1,0,0,0,12,0,3,0,0,0,0,0,0,0,0,0,0,3,0,1,0,0,0,0,0,0,0,0,0,0,0,0,0,0,0,0,0,0,0,0,0,0,0,0,5,0,2,0,1,0,5,0,0,0,0,2,0,0,0,0,0,0,0,0,0,6,0,9,0,0,0,0,0,0,2,0,0,0,7,0,0,0,1,0,0,0,0,0,0,0,5,0,1,0,0,0,4,1,0,0,0,0,45,0,5,0,1,0,0,0,7,4,0,0,0,0,2,4,0,0,0,0,0,5,0,1,37,0,0,0,0,0,0,0
491,0,1,1,0,3,0,0,23,0,0,8,2,0,0,1,0,0,0,0,0,0,0,1,0,34,0,3,0,0,0,0,0,0,0,0,0,2,0,0,0,0,0,0,0,0,0,7,0,2,0,0,0,5,0,0,0,0,3,0,0,0,2,0,0,0,1,3,0,0,0,0,0,2,1,0,2,0,0,0,0,0,0,1,0,0,0,0,0,0,0,0,0,0,47,0,0,0,0,0,0,0,1,75,1,10,2,0,0,0,1,0,0,0,0,0,0,0,0,0,0,0,0,4,0,0,1,0,0,0,0,0,0,0,0,0,0,0,2,25,4,0,0,19,0,0,0,0,4,0,9,2,0,0,0,0,0,0,0,0,0,0,16,1,0,0,5,0,0,0,0,0,0,0,33,0,0,0,0,0,0,0,1,0,0,0,0,0,0,0,0,0,0,0,0,0,0,0,0,0,0,0,0,0,0,0,0,1,0,9,0,0,0,0,1,0,0,0,0,36,0,1,0,0,0,0,0,0,0,0,0,0,1,0,0,6,0,0,0,0,0,7,0,12,0,0,0,0,0,0,0,0,2,0,0,0,0,0,0,0,0,0,21,0,3,0,0,0,0,0,0,0,1,0,0,2,0,0,0,0,0,0,0,0,0,0,0,0,0,1,0,0,0,0,2,0,0,0,0,1,3,0,0,0,0,0,0,0,0,0,3,0,0,0,0,0,0,0,0,6,10,0,2,9,0,0,0,5,0,0,0
492,0,0,0,0,5,3,0,9,0,0,13,2,1,0,0,0,2,0,0,0,0,0,0,0,45,0,0,0,0,0,0,1,0,0,0,0,0,0,0,0,0,0,0,0,0,0,1,0,0,0,0,4,0,0,0,2,0,6,0,0,0,6,0,0,0,0,0,0,0,0,0,0,0,0,0,0,0,0,0,0,0,0,0,5,0,0,0,3,11,0,0,0,0,1,0,0,0,0,0,0,0,0,1,0,0,0,0,0,0,0,0,0,0,0,0,1,4,0,0,0,0,1,2,0,0,0,3,0,0,6,0,7,0,0,0,0,0,8,0,3,14,0,0,0,0,0,22,1,0,4,9,0,0,0,1,0,2,0,0,0,0,4,22,0,0,4,0,0,0,1,0,1,0,0,0,2,0,0,1,0,0,0,0,0,0,0,10,0,0,0,0,0,1,0,0,0,0,0,0,0,0,0,0,0,0,0,0,0,0,0,1,0,0,1,0,0,0,0,11,0,0,0,0,0,0,3,1,0,1,0,0,0,0,0,0,0,0,0,0,2,11,0,6,0,0,0,1,0,0,1,0,0,0,0,0,0,0,0,0,0,0,2,0,0,8,0,0,1,0,0,15,0,0,0,3,0,0,0,0,0,0,0,0,0,0,0,0,0,25,0,0,0,0,0,0,0,1,0,4,5,0,0,9,4,0,0,29,0,0,0,0,0,0,0,0,0,0,0,11,0,0,0,6,0,0,0,0,0,0,0
493,0,0,5,0,4,0,0,40,0,0,40,2,21,0,0,0,1,0,0,0,0,0,0,0,0,0,0,0,0,0,0,0,0,0,0,0,1,0,0,0,0,0,0,0,0,0,0,0,0,0,0,0,0,3,0,0,0,0,0,0,0,8,9,0,0,0,0,0,0,0,0,0,0,1,0,3,0,0,1,0,1,0,0,0,0,0,0,0,0,0,0,7,0,0,0,0,0,1,0,0,0,0,32,1,0,1,0,0,0,0,1,0,0,0,0,0,0,0,0,0,0,0,9,0,0,0,0,0,0,0,0,0,0,0,0,0,0,10,0,9,0,1,0,0,0,0,0,4,0,0,1,0,0,0,0,0,0,0,0,0,0,7,0,0,0,15,0,2,0,0,0,0,0,21,0,0,0,3,0,0,0,0,3,0,0,0,0,0,0,0,3,0,0,0,0,0,0,0,0,0,0,0,0,5,0,0,0,0,0,0,0,0,0,2,0,0,0,0,6,0,1,0,0,0,0,0,2,0,0,0,1,0,0,0,0,0,0,0,0,14,8,0,34,1,0,0,6,0,0,0,0,3,0,0,0,0,0,5,0,0,0,25,0,0,0,0,0,0,0,0,1,0,0,0,2,0,0,0,0,0,0,0,0,0,0,0,0,0,7,0,0,0,0,0,0,1,7,0,1,0,0,1,0,3,1,0,21,1,3,0,7,0,0,0,0,0,0,0,0,7,0,2,1,0,0,0,5,0,0,0
494,0,0,0,0,5,0,6,16,0,0,16,0,0,0,0,2,0,0,0,0,4,0,1,0,18,0,0,5,0,0,0,0,0,0,0,0,0,0,0,0,0,0,0,0,0,0,0,8,0,0,0,0,0,0,3,0,0,7,0,0,4,0,0,0,1,0,0,0,0,0,0,0,0,0,0,0,0,0,0,0,0,0,0,0,0,0,0,0,0,0,0,0,0,9,6,0,0,1,0,0,0,0,44,0,11,0,0,0,0,0,0,0,0,0,0,0,0,0,0,0,0,0,4,0,0,0,0,0,0,0,0,0,1,0,0,1,0,8,9,5,0,0,0,0,0,0,4,1,0,2,3,0,0,0,0,0,0,0,0,5,0,6,0,0,0,2,0,0,0,1,0,0,0,2,0,0,0,0,0,0,0,0,0,0,0,1,0,1,0,0,0,0,6,0,0,0,0,0,0,0,0,0,0,0,0,1,0,0,0,0,0,1,0,0,0,0,0,0,30,0,0,0,44,0,0,0,2,0,0,0,0,0,0,0,2,0,0,0,0,0,4,1,10,0,0,0,0,0,0,0,0,1,0,0,2,0,0,0,0,0,0,0,0,8,0,0,0,0,8,1,0,0,0,0,2,0,0,0,0,0,0,0,0,0,4,0,1,0,0,0,0,0,0,6,0,0,36,0,0,0,0,0,0,2,0,0,23,1,3,0,0,0,0,0,5,0,0,0,0,3,0,3,5,0,0,0,1,3,0,0
495,2,0,0,0,5,0,0,6,0,0,9,2,1,0,0,0,0,0,0,0,0,0,2,0,0,0,1,0,2,0,0,3,0,0,0,0,0,0,0,1,0,0,0,0,2,1,0,0,0,0,0,0,0,4,0,0,0,0,13,1,0,5,0,0,0,0,0,0,0,0,0,0,0,0,0,0,0,0,0,0,0,0,0,4,0,0,0,0,0,0,3,4,2,0,0,0,0,0,0,0,0,0,1,0,6,2,0,0,0,0,0,5,1,0,0,1,0,0,0,0,0,2,0,0,2,0,0,0,0,0,0,0,0,0,0,2,0,0,3,0,0,0,1,4,0,1,13,1,0,0,0,1,0,0,0,0,1,3,0,0,0,15,0,0,0,1,2,0,0,1,0,4,0,4,0,0,1,0,0,0,0,0,0,0,0,0,0,0,0,0,0,0,0,0,0,1,0,0,0,0,0,0,0,0,0,0,0,0,0,0,0,0,1,4,1,0,0,0,3,3,0,0,0,0,0,0,1,0,0,0,0,0,0,0,0,0,0,0,0,0,4,0,2,0,0,0,0,0,1,0,0,1,0,0,0,0,0,0,5,0,0,0,0,7,0,0,0,0,0,1,8,0,0,0,8,0,0,0,0,2,0,0,0,0,0,0,0,1,2,0,0,0,0,0,0,0,0,0,6,0,0,0,0,0,0,0,2,0,0,0,2,0,0,0,0,6,0,0,10,0,10,1,16,0,0,0,11,0,0,0
496,0,0,0,0,0,0,0,9,0,0,9,0,0,0,0,2,0,0,0,0,0,0,0,0,0,0,0,0,0,0,0,1,1,0,0,0,0,0,0,0,0,0,0,0,0,0,0,0,0,0,0,5,0,5,0,3,1,0,0,1,0,2,0,0,0,0,1,0,0,0,0,0,0,0,0,0,0,0,0,0,0,0,0,8,0,0,4,1,0,0,1,0,0,0,53,0,0,0,1,3,0,0,2,3,5,0,0,0,0,0,3,7,1,0,0,0,0,0,0,9,0,1,0,0,0,0,0,0,0,0,0,0,0,0,0,0,3,12,0,0,6,0,0,0,0,2,19,0,0,0,0,0,0,0,0,0,0,0,0,0,0,0,0,0,0,0,0,0,0,0,2,70,12,0,0,0,5,0,1,0,0,0,0,0,0,0,0,0,0,1,0,0,0,0,0,0,0,0,0,0,0,0,0,0,0,0,0,0,0,0,0,8,0,0,0,0,1,0,1,4,0,0,0,0,0,0,1,0,0,0,0,0,0,0,0,0,0,0,0,5,8,0,0,0,0,0,0,0,0,3,0,0,8,0,0,0,0,0,0,0,0,15,0,0,0,1,0,0,4,0,2,0,0,0,0,0,1,1,0,2,0,0,0,0,0,0,5,0,1,1,0,0,0,2,0,2,1,0,0,0,0,0,1,0,0,0,5,0,0,0,0,0,2,5,0,0,0,0,0,0,0,0,0,3,0,0,0,0,0,0
497,0,1,1,0,0,0,10,41,0,7,7,0,0,0,0,0,0,0,0,0,0,1,0,0,0,0,24,0,0,0,0,2,0,0,0,0,0,2,0,3,0,0,0,0,0,0,0,0,2,0,0,0,0,2,0,0,7,0,4,0,0,6,0,0,0,1,0,0,0,1,0,0,0,0,0,0,0,0,5,0,0,0,0,0,0,0,0,1,0,0,0,0,0,0,0,0,0,0,0,0,1,0,10,0,29,0,0,0,0,0,0,0,0,0,0,0,0,0,0,0,0,0,0,0,0,1,0,0,0,0,0,0,1,0,0,0,1,15,8,0,0,0,0,0,0,0,0,2,0,0,0,0,0,0,1,0,0,0,0,0,0,0,0,0,0,0,0,1,0,0,27,5,1,34,0,0,1,7,0,0,0,0,0,0,0,0,0,0,0,0,0,0,0,0,0,0,0,0,0,1,0,0,0,0,0,0,0,0,2,0,0,1,0,0,0,0,0,0,62,2,1,0,49,0,0,0,1,0,0,0,3,0,0,0,1,0,0,0,0,0,4,0,0,1,0,0,0,0,0,8,0,0,0,0,1,1,0,0,0,0,5,19,0,0,0,0,0,0,19,0,0,4,0,0,0,0,0,0,0,4,0,0,0,0,0,0,1,0,8,0,0,0,0,0,0,0,0,0,0,0,0,0,0,0,0,0,2,1,7,0,0,5,0,0,0,0,0,0,0,6,0,1,1,31,0,0,3,0,0,0
498,0,0,6,1,5,0,0,17,0,0,2,6,3,0,0,0,1,0,0,0,0,2,1,0,30,0,0,0,1,0,0,0,0,0,0,0,0,0,1,1,0,0,0,0,0,2,0,0,0,0,0,0,0,0,0,0,0,4,0,0,0,6,0,0,0,2,0,0,0,0,0,0,0,1,0,0,1,0,0,0,0,0,0,0,0,0,0,0,0,0,0,0,0,4,0,0,0,1,0,0,0,0,34,0,28,2,0,0,0,0,0,0,0,1,0,0,0,0,0,0,0,0,1,0,0,0,0,0,0,0,0,0,0,0,1,0,0,5,0,10,0,0,0,0,0,0,0,0,0,0,5,0,0,0,0,0,0,0,0,0,0,5,1,0,0,3,0,0,0,0,0,3,0,13,0,0,0,0,0,0,0,0,0,0,0,0,0,0,0,1,0,0,24,0,0,0,0,0,0,0,6,0,0,2,0,0,0,0,0,7,0,0,0,1,0,0,0,0,15,0,1,0,0,1,0,0,0,0,0,2,0,0,13,0,15,0,4,0,0,5,5,2,10,0,1,0,0,0,0,0,0,0,0,0,0,0,0,5,0,0,0,24,0,2,0,0,0,0,0,1,0,0,0,0,1,0,0,0,0,0,0,0,0,0,0,0,0,0,6,0,2,0,0,3,0,0,13,0,0,0,0,0,0,0,0,0,33,1,6,0,0,2,0,0,0,1,5,0,1,0,0,1,4,0,0,0,0,5,0,1
499,0,0,0,0,2,0,12,4,0,0,7,1,3,0,0,0,0,0,0,0,0,0,2,0,0,0,0,0,0,0,0,0,0,0,0,0,0,3,0,0,0,0,0,0,0,0,8,0,0,0,0,0,6,2,0,0,0,5,0,0,0,0,0,0,0,0,0,0,0,0,0,0,0,0,0,3,0,0,2,1,0,0,0,1,1,0,0,1,0,0,0,21,0,73,0,0,0,0,0,0,0,0,25,0,2,2,0,0,0,0,0,0,0,0,0,0,0,6,0,0,0,0,4,0,1,0,0,0,0,0,0,0,0,0,0,0,0,4,0,3,0,1,0,0,0,0,0,5,0,5,0,0,0,0,0,0,0,0,0,3,0,22,0,1,0,18,0,0,0,1,3,3,0,36,0,0,0,0,2,0,0,0,3,0,0,0,0,0,0,0,0,0,0,0,0,0,0,0,2,0,0,0,0,0,0,0,0,0,0,0,2,0,0,1,0,0,0,0,92,0,5,5,60,0,0,0,0,0,0,0,0,0,0,0,6,0,0,0,0,0,2,0,4,0,0,0,0,0,0,0,1,0,0,0,0,0,0,0,0,0,0,33,0,4,0,0,0,0,26,0,0,0,4,3,2,0,0,0,0,0,0,0,0,0,0,0,0,0,1,2,3,0,0,6,0,0,22,0,1,0,0,0,0,1,0,0,0,3,0,0,0,0,1,0,0,0,0,0,2,0,0,0,5,0,0,0,0,0,0,0
500,0,0,0,0,4,0,0,8,0,18,21,4,0,0,0,3,0,0,0,0,0,0,1,1,30,0,0,0,1,0,0,0,0,0,0,0,0,0,0,3,0,0,0,0,0,0,0,0,0,0,0,0,0,0,0,0,0,4,4,0,0,4,24,0,0,1,0,0,0,0,0,0,0,0,0,0,0,0,0,0,0,0,0,0,0,0,0,0,0,0,0,0,1,0,0,0,0,0,0,7,0,0,35,1,26,1,0,0,0,0,0,0,1,0,1,0,0,0,0,0,0,0,4,0,0,0,0,0,0,1,0,0,0,0,0,0,0,8,0,5,0,0,0,0,0,0,0,0,0,18,0,0,0,0,1,0,0,0,0,0,0,31,0,0,0,0,0,0,0,0,0,0,0,27,0,0,0,0,0,0,0,0,0,0,0,0,0,0,0,0,0,0,0,0,0,0,0,0,0,0,6,0,0,0,0,0,0,0,0,0,0,0,0,0,1,0,0,0,15,0,1,0,0,0,0,0,3,0,0,1,0,1,0,0,0,0,0,0,0,0,4,0,19,0,0,0,0,0,3,12,0,2,0,0,0,0,1,0,0,0,0,22,0,0,0,0,0,0,0,0,1,0,0,0,2,0,0,0,0,0,1,0,0,0,9,0,0,0,3,0,0,0,0,4,0,0,0,0,0,0,0,0,0,0,0,0,1,1,0,0,4,0,0,0,0,1,0,0,0,0,0,1,5,0,0,0,0,0,0,0
501,0,0,0,0,26,0,0,25,0,0,17,0,3,1,0,0,0,0,0,0,0,0,1,0,6,0,0,0,0,0,0,0,1,0,0,0,0,0,0,1,0,0,0,0,0,0,0,0,0,0,0,0,0,1,0,2,0,0,0,0,0,7,0,0,0,0,0,0,0,4,0,0,0,9,0,0,0,0,0,0,0,0,0,7,0,0,0,0,0,0,0,0,0,1,0,0,0,0,0,0,1,0,4,1,6,0,0,0,0,0,0,0,0,0,0,0,0,0,0,0,0,5,2,0,0,0,0,0,0,10,8,0,0,0,0,2,0,19,4,0,0,0,0,0,0,0,8,0,0,0,0,0,0,0,0,0,4,0,0,0,0,4,0,0,1,0,1,8,0,0,0,21,0,0,0,0,0,0,3,0,0,0,0,0,0,0,0,0,0,0,0,0,0,0,0,0,0,0,0,0,0,3,0,0,0,0,0,0,0,0,0,0,0,0,0,1,0,0,1,0,0,0,0,0,0,2,0,2,0,0,0,0,0,0,0,0,0,0,11,0,0,0,2,0,0,3,0,0,0,8,0,1,0,0,0,0,0,0,0,0,0,0,0,39,0,0,0,0,0,0,6,2,0,0,0,0,0,0,0,2,0,1,0,1,0,0,0,0,1,1,0,0,0,4,0,0,0,0,20,4,0,1,1,0,0,0,0,0,0,0,0,0,1,0,0,0,0,0,0,0,0,1,11,14,0,0,5,0,0,0
502,0,0,1,0,0,0,0,0,0,0,17,2,1,1,0,0,1,0,0,0,0,0,0,0,41,0,0,0,0,4,0,0,0,0,0,3,0,0,0,0,0,1,0,0,3,2,0,0,0,0,0,0,0,0,0,1,0,2,0,0,0,9,0,0,0,0,0,0,0,0,0,0,0,0,0,0,2,2,0,0,0,0,0,0,0,0,0,0,0,0,0,10,0,0,0,0,1,3,0,0,0,0,0,0,0,0,0,0,0,0,21,1,0,0,12,2,0,0,0,0,5,0,3,0,0,0,0,11,0,8,0,7,2,0,0,26,0,4,10,3,0,0,0,0,0,0,0,0,0,16,10,0,0,0,0,0,0,0,0,0,0,4,13,0,0,0,0,0,0,0,0,0,0,1,0,0,0,0,0,0,0,0,0,1,0,0,0,0,0,0,0,0,0,0,0,0,1,0,0,0,0,0,0,0,0,0,0,0,0,2,0,0,2,0,0,0,0,0,18,13,0,0,0,0,2,0,3,0,0,0,0,0,2,3,0,0,0,0,0,0,6,0,5,0,0,0,0,17,0,1,0,6,0,0,0,1,0,2,0,0,0,0,0,5,0,0,0,0,17,0,0,0,0,0,5,0,0,0,2,0,0,0,0,0,0,0,0,0,7,0,0,0,0,0,0,0,0,0,14,0,0,1,0,3,0,0,13,0,4,0,0,0,0,0,0,1,0,0,0,10,0,1,6,0,0,0,0,0,0,0
503,0,0,1,3,1,8,0,1,0,5,10,5,0,1,0,0,0,0,10,2,0,0,0,6,54,0,0,0,0,0,1,1,0,0,0,0,0,0,0,0,0,0,0,0,0,0,0,0,5,0,0,0,0,0,4,0,0,0,0,0,0,2,0,0,0,0,0,0,0,0,0,0,17,0,0,0,0,0,1,0,0,0,0,3,0,0,0,0,14,0,0,7,0,0,0,2,0,0,0,0,0,0,0,0,6,0,0,0,0,0,0,2,0,0,0,2,0,2,0,0,0,1,2,0,0,0,1,0,0,3,0,6,0,0,0,25,0,0,12,10,0,4,3,0,0,0,4,2,0,0,0,0,0,0,0,1,3,1,0,0,1,1,46,0,0,4,0,0,0,1,0,2,0,0,0,2,0,4,0,2,1,0,0,0,0,0,0,0,0,0,0,0,2,0,0,0,1,0,0,0,0,0,0,0,0,3,0,1,0,1,0,0,0,0,0,0,0,0,11,0,0,0,0,0,2,2,1,2,0,0,0,0,0,0,0,1,0,0,0,0,3,0,4,0,0,0,4,0,0,0,9,2,15,0,0,0,0,0,0,0,0,1,1,7,0,0,0,0,0,0,15,0,0,0,0,0,0,0,0,0,0,0,0,0,0,0,0,0,8,0,0,0,0,0,0,0,5,0,0,0,0,0,0,0,0,0,0,0,0,0,0,1,0,0,0,0,0,0,13,1,0,1,5,0,0,0,0,0,0,0
504,0,1,0,10,6,0,0,20,0,0,14,5,0,0,0,1,0,0,0,0,0,0,0,0,0,0,0,0,0,0,1,2,0,0,0,0,0,0,0,1,0,0,0,0,0,0,0,0,0,2,0,0,0,2,0,0,0,1,4,0,0,0,0,0,0,0,2,0,0,0,0,0,0,0,0,0,0,0,0,0,0,0,0,7,0,0,3,0,0,0,0,13,0,0,0,0,1,0,1,0,2,0,1,2,4,1,0,0,0,0,21,6,0,0,0,3,0,0,0,0,0,0,2,0,0,0,0,0,0,10,0,3,0,0,0,0,1,2,0,13,0,0,0,0,0,0,0,1,0,0,0,0,0,0,0,0,1,0,0,0,0,4,102,0,0,3,0,0,0,0,0,2,0,1,0,0,0,0,0,0,0,0,0,0,0,0,0,1,12,0,0,0,0,0,0,0,0,0,0,0,0,0,0,0,0,0,0,0,0,0,0,0,0,0,0,2,0,0,4,0,0,0,5,0,0,0,5,9,0,0,0,0,1,0,0,0,0,0,0,1,1,2,6,0,0,0,0,0,0,0,29,0,0,0,0,0,0,0,0,0,0,1,0,3,0,0,0,0,0,0,10,0,0,0,0,0,0,0,0,0,0,1,0,0,0,0,0,0,2,0,0,0,0,1,0,0,0,0,11,0,0,0,41,0,0,0,19,0,0,0,0,0,0,2,0,0,0,0,0,0,0,1,2,1,0,0,0,1,0,0
505,0,0,0,0,3,0,0,18,0,0,10,1,1,0,0,0,0,0,1,0,0,0,0,0,65,0,0,0,0,2,1,0,0,0,0,0,0,0,0,0,0,0,0,0,0,0,0,0,0,1,0,0,0,0,0,2,0,0,0,0,0,14,0,0,0,0,0,0,0,0,0,0,0,0,0,0,0,0,0,0,0,0,0,0,0,0,0,18,0,0,0,0,0,0,0,0,0,7,1,0,0,1,1,0,4,0,0,0,5,0,9,0,0,0,0,0,0,0,0,0,0,0,15,0,0,0,0,0,0,4,0,0,0,0,0,35,0,6,2,13,0,1,0,0,0,0,0,0,0,14,0,0,0,0,0,0,0,0,0,0,0,3,10,0,0,5,7,1,0,0,0,1,0,1,1,0,0,0,0,0,0,1,13,0,0,0,17,0,0,0,0,0,0,0,0,0,1,0,0,0,0,0,0,0,0,0,0,0,0,0,0,0,0,5,0,0,0,0,17,0,0,0,0,0,0,0,2,0,2,0,0,0,0,1,0,0,0,0,0,1,2,0,17,0,0,0,0,0,0,0,0,1,0,0,0,1,0,0,0,0,0,2,0,4,0,0,0,0,0,0,8,0,0,0,3,0,2,0,0,0,0,0,0,0,0,0,0,0,2,6,0,0,0,0,0,0,0,0,3,2,0,0,0,0,0,0,20,0,7,0,0,0,0,0,0,0,0,0,0,0,0,1,3,0,0,0,0,0,0,0
506,0,0,0,0,2,0,0,100,0,0,2,0,0,2,0,0,0,0,0,1,0,0,0,0,4,0,2,0,0,0,0,0,0,0,0,0,10,0,0,0,0,0,0,1,0,4,0,3,0,0,0,0,0,2,0,4,0,0,0,0,0,0,0,0,0,0,0,0,0,0,0,0,1,0,0,3,0,0,0,0,0,0,0,0,0,0,0,0,0,0,0,0,0,0,0,0,0,0,0,0,1,0,8,1,19,0,0,0,0,0,0,12,0,8,0,1,0,0,0,10,0,4,0,2,0,0,0,0,0,0,45,0,0,0,0,0,0,16,0,0,0,1,0,0,0,0,0,0,0,0,0,0,0,0,0,1,1,0,0,3,0,0,0,0,0,1,0,11,0,0,1,41,4,2,4,0,3,0,2,0,0,0,0,1,0,0,4,2,0,0,0,0,0,0,0,0,0,0,0,0,0,0,0,0,0,0,0,0,0,0,1,0,0,0,0,0,0,3,3,0,2,0,0,0,1,0,0,1,0,0,0,0,0,0,0,0,0,0,0,0,1,2,0,0,0,0,0,0,5,3,0,0,8,0,0,0,0,1,0,0,0,17,2,15,0,0,0,0,1,0,13,0,0,0,0,0,0,0,0,0,0,0,0,0,0,0,8,0,5,0,0,0,0,0,0,0,0,0,0,2,0,0,0,0,0,0,16,0,0,0,3,0,4,0,0,3,0,0,0,0,0,0,0,0,0,0,0,0,0,0
507,0,0,5,0,5,0,0,15,0,0,38,1,0,0,0,0,0,0,0,3,0,0,0,28,51,0,0,0,0,0,1,1,0,0,0,0,0,0,0,0,0,0,1,0,4,0,0,0,0,0,0,0,0,1,0,0,0,1,0,0,0,10,21,0,3,0,0,0,0,0,0,0,1,0,0,0,0,0,0,0,0,0,0,1,0,0,2,0,0,0,0,14,0,27,0,0,0,0,0,0,0,0,23,0,21,1,0,0,0,0,1,0,0,0,0,1,0,0,0,0,0,1,6,0,0,0,0,0,0,0,0,0,0,0,0,0,0,6,0,4,0,0,0,0,0,0,0,2,0,0,3,0,0,0,0,0,0,0,0,0,0,39,0,0,0,9,0,0,0,1,0,0,0,36,0,0,0,10,0,0,0,0,0,0,0,0,0,0,0,0,0,0,0,0,0,1,0,0,0,0,0,0,0,0,0,0,0,0,15,0,1,1,0,1,1,0,0,0,43,0,1,0,0,2,0,0,3,0,0,0,2,0,11,4,12,0,0,6,0,11,2,0,7,1,0,0,0,0,0,5,0,1,0,0,0,0,0,13,0,0,0,0,0,0,0,0,0,0,0,1,1,0,0,0,0,0,0,0,0,1,0,4,0,0,0,0,0,0,6,0,1,0,0,25,0,0,0,0,0,0,2,0,0,0,0,0,11,0,0,6,0,2,0,0,0,0,0,0,2,10,0,2,6,0,1,6,0,0,0,0
508,0,2,0,0,6,2,0,6,0,10,20,2,0,5,0,0,0,0,0,0,0,0,0,0,9,0,0,0,0,0,0,0,0,0,0,1,0,0,0,0,0,0,0,0,0,0,0,0,0,1,0,0,0,1,0,0,0,1,3,0,0,2,0,0,0,0,0,0,0,0,0,0,0,0,0,0,0,0,0,0,0,0,0,4,0,0,0,0,6,0,0,37,0,0,0,0,0,0,0,0,1,0,1,2,5,1,0,0,0,0,0,0,0,0,11,1,0,1,0,0,0,0,2,0,0,0,0,18,0,12,0,8,0,0,0,11,0,4,0,14,0,1,0,0,0,0,23,1,0,0,0,2,0,0,0,0,0,0,0,0,0,1,0,0,0,2,3,0,0,0,0,1,0,0,0,0,0,0,0,0,0,0,0,0,0,0,0,0,0,0,0,0,0,0,0,0,0,0,0,0,0,0,0,1,5,0,0,0,0,0,0,5,0,0,0,0,0,0,0,0,0,0,0,0,0,0,1,0,0,1,0,0,0,2,0,0,0,0,0,1,0,0,6,0,0,0,0,0,0,0,0,1,0,0,0,0,0,1,0,0,0,5,0,0,0,0,0,0,0,0,2,23,0,1,4,0,0,0,0,0,0,0,0,0,0,0,0,0,32,0,0,0,0,0,0,0,3,0,0,0,0,0,0,0,0,0,43,0,2,0,0,1,0,0,0,0,0,0,0,0,0,2,4,0,0,0,0,0,0,0
509,0,0,0,0,16,0,0,30,0,2,1,3,0,1,0,1,0,3,0,1,0,0,1,0,4,0,0,0,0,1,0,1,2,0,0,0,0,1,0,0,0,0,0,0,0,0,0,0,0,0,0,0,0,0,0,1,0,0,0,0,0,1,0,1,0,0,0,0,0,0,0,0,0,0,0,2,0,0,0,0,2,0,0,0,0,0,0,0,5,0,0,0,0,0,0,0,0,0,0,0,0,18,8,0,12,0,0,0,0,1,0,9,0,0,0,0,0,0,0,0,0,0,2,0,2,0,0,0,0,0,23,0,0,0,0,1,0,10,1,0,0,1,0,0,0,0,0,0,0,0,0,0,0,0,0,0,0,0,0,0,1,11,0,0,0,1,0,0,0,0,0,11,0,4,0,0,0,0,0,0,0,0,0,0,1,0,0,0,0,0,0,0,5,0,0,0,0,0,0,1,0,0,2,0,0,0,3,0,43,0,1,0,0,0,0,0,0,0,1,0,0,4,0,1,0,0,0,0,0,0,0,0,1,0,0,0,0,0,0,3,2,0,4,0,0,0,0,0,0,0,4,2,8,0,0,0,0,4,0,0,0,32,3,0,0,0,0,0,1,0,6,0,0,0,11,0,0,1,0,0,0,0,0,1,0,0,5,0,1,0,0,0,0,0,0,0,0,0,8,3,0,0,0,0,1,0,4,2,0,0,0,0,0,0,0,6,3,0,53,1,0,0,4,0,0,0,0,0,0,0
510,0,0,0,0,26,0,0,86,0,0,0,0,1,1,0,0,0,0,0,0,1,0,3,0,15,0,0,0,0,0,0,3,0,0,0,0,0,0,0,1,0,0,0,0,0,0,0,0,11,0,0,11,0,0,0,3,0,0,0,1,0,0,0,0,0,0,0,0,0,0,0,0,0,0,0,0,0,1,0,0,0,0,0,4,0,0,0,0,5,0,0,2,0,3,0,0,0,0,0,0,0,0,17,0,2,0,0,0,0,0,0,2,1,0,0,2,0,0,0,0,0,6,2,0,4,2,0,0,0,19,0,0,0,2,0,1,0,9,1,0,0,2,0,0,0,0,0,0,0,0,0,0,0,0,0,0,0,0,0,3,0,15,2,0,0,1,0,0,0,0,0,0,6,1,0,0,1,0,0,1,0,0,0,0,0,0,11,0,0,1,0,0,0,0,0,0,1,0,0,0,6,0,0,0,0,0,0,0,0,0,0,12,0,2,0,0,0,2,2,0,0,0,7,0,0,1,0,0,0,0,0,0,0,0,0,0,0,0,0,6,8,0,1,0,0,0,0,3,0,0,0,0,13,0,0,0,0,0,0,0,4,8,0,26,1,0,0,0,0,0,1,0,0,9,9,0,0,2,0,0,0,0,0,0,1,0,0,0,1,0,0,0,0,10,0,0,1,0,13,0,0,0,1,0,0,1,0,4,0,0,0,0,1,0,0,0,1,0,0,0,0,0,29,0,0,0,0,0,0,0
511,0,0,1,0,1,0,0,0,0,18,22,0,3,0,0,0,0,0,0,0,0,0,2,4,7,0,0,0,0,0,0,0,0,0,0,0,0,0,0,0,0,0,0,0,0,0,0,0,0,0,0,0,3,0,0,0,0,0,4,0,0,0,0,0,0,2,1,0,0,0,0,0,2,0,0,0,0,0,0,0,0,0,0,0,0,0,3,0,0,0,0,12,0,11,0,0,0,0,1,0,1,0,54,1,4,0,0,0,0,0,0,0,0,0,0,0,0,0,0,0,0,0,0,0,0,0,0,0,0,0,18,0,1,0,0,1,0,3,9,11,0,0,0,3,0,0,0,0,0,0,0,0,0,0,0,0,0,0,1,0,0,17,1,0,0,7,0,0,0,0,0,8,0,17,0,0,0,0,0,0,7,0,1,0,0,0,0,0,0,0,0,0,0,0,0,0,0,0,0,0,0,0,0,0,0,0,0,5,0,0,0,0,0,0,0,0,0,0,50,0,0,0,0,2,0,0,1,0,0,0,0,0,0,0,1,0,0,0,0,14,2,0,19,0,0,0,14,0,0,0,0,1,0,0,2,0,0,11,0,0,0,0,0,0,0,0,0,4,0,0,0,0,0,3,0,0,0,0,0,0,0,0,0,0,0,15,0,0,0,0,0,0,0,2,0,0,15,0,1,0,0,0,0,0,0,0,24,0,0,0,0,0,0,0,0,0,0,0,1,0,0,1,5,24,0,0,0,0,9,0
512,0,0,0,0,6,0,0,18,0,0,25,4,12,0,1,0,0,0,0,2,0,0,1,0,10,0,0,5,0,0,0,1,0,0,0,0,0,0,0,2,0,0,1,0,4,0,0,0,0,0,0,0,1,0,0,0,0,9,0,0,0,5,0,0,1,0,0,0,0,0,0,0,0,0,0,1,0,0,1,0,0,0,0,0,0,0,0,0,0,0,0,11,1,8,0,9,0,0,0,0,0,0,65,0,7,0,0,0,0,0,0,0,0,0,0,0,0,2,0,0,0,0,0,0,0,3,0,1,0,0,0,0,1,0,0,1,0,17,0,0,0,0,0,4,0,2,1,6,0,0,2,0,0,0,0,0,0,0,0,0,0,11,0,0,0,4,5,0,0,1,0,7,0,28,0,0,0,19,0,0,6,0,0,0,0,0,0,0,0,0,0,0,8,0,0,0,0,0,0,0,0,0,0,0,0,1,0,0,0,0,0,0,0,0,0,0,0,0,12,6,0,0,0,1,0,0,0,0,0,0,0,0,0,0,3,0,0,0,1,9,3,1,11,0,0,1,0,12,0,0,0,1,1,9,3,0,1,7,0,0,2,41,0,0,0,0,0,0,0,0,0,0,0,0,0,1,0,0,0,0,0,0,0,0,4,0,0,0,9,0,0,0,0,3,0,0,10,0,0,0,0,0,0,3,0,0,21,1,0,0,0,0,0,0,0,0,0,0,0,0,0,1,3,0,8,0,0,0,0,0
513,2,0,3,0,4,0,0,7,0,0,10,0,0,0,0,4,0,0,0,0,0,0,0,0,34,0,0,0,0,0,0,0,3,0,0,0,4,0,0,6,0,0,0,0,0,0,0,0,0,0,0,0,0,0,0,0,0,5,0,0,0,6,0,0,0,0,0,0,0,0,0,0,0,1,0,0,0,0,0,2,0,0,0,0,0,0,0,0,1,0,0,21,0,0,0,0,0,0,0,0,0,0,26,2,0,1,0,0,0,1,0,0,0,0,0,0,0,0,0,0,0,0,0,0,0,0,0,0,0,1,0,0,0,0,0,1,0,12,0,0,1,0,0,0,0,0,0,4,0,0,5,0,0,0,1,0,0,0,0,0,0,11,0,0,0,7,2,0,0,1,0,12,0,10,0,0,0,0,0,0,0,0,0,0,0,0,0,0,0,0,0,0,4,0,1,0,0,0,0,0,0,0,0,0,0,0,0,0,14,0,0,0,0,1,0,1,0,0,32,0,0,8,44,0,0,0,1,0,0,5,0,0,0,0,2,0,0,0,0,10,2,0,7,0,0,0,0,0,6,8,0,1,0,11,0,0,1,0,0,0,0,17,0,4,0,0,0,0,0,1,1,0,0,0,2,0,0,0,0,0,6,0,0,0,0,0,0,0,0,0,0,0,0,9,0,0,11,0,1,0,0,0,0,0,0,0,16,0,8,0,0,1,0,0,0,0,0,0,0,0,0,1,5,0,0,0,0,0,0,0
514,0,0,0,0,10,0,0,0,0,0,14,3,1,3,0,0,0,1,0,0,0,0,6,0,2,0,2,0,1,0,0,1,0,0,0,0,0,0,0,3,0,0,0,0,0,0,0,0,0,0,0,0,0,8,0,0,0,0,0,1,0,5,0,0,0,0,0,0,0,0,0,0,0,0,0,0,0,0,0,0,0,0,0,0,0,0,0,0,6,0,0,0,1,0,0,0,0,0,0,0,1,0,7,0,3,1,0,0,1,0,0,3,0,0,1,0,0,0,0,1,0,7,0,1,0,3,0,0,0,0,0,0,0,0,0,1,2,5,0,0,0,3,0,14,0,0,0,0,0,1,0,0,0,0,0,0,0,2,0,0,0,6,1,0,0,0,1,0,0,0,0,51,0,0,0,1,1,1,0,0,0,0,5,0,0,0,0,2,0,0,0,0,0,0,0,0,0,0,13,0,0,1,0,0,0,0,0,0,0,0,0,0,1,3,0,0,0,0,1,0,1,0,0,0,0,0,0,1,0,0,0,0,0,0,0,0,7,1,0,0,1,0,14,0,0,0,0,0,0,0,0,2,18,8,0,0,0,0,0,0,0,6,0,44,0,0,0,0,0,0,3,0,0,8,18,0,0,0,0,0,0,0,0,0,0,0,4,0,1,1,0,0,0,3,0,0,1,0,9,0,0,0,0,0,0,0,2,2,0,0,0,0,2,0,0,0,0,0,7,1,6,1,16,0,0,0,0,0,0,0
515,0,0,0,3,0,0,0,59,0,0,15,1,0,0,0,0,0,0,0,0,0,0,0,0,25,0,3,0,0,0,0,0,0,0,0,0,0,0,0,3,0,0,0,0,0,1,0,0,10,0,0,0,3,1,0,0,7,1,0,0,0,1,0,0,0,0,0,0,0,0,0,9,3,0,0,0,1,0,0,2,2,0,0,2,0,0,0,0,1,0,0,0,0,0,3,0,0,0,2,0,1,1,9,2,6,0,2,0,0,0,0,0,5,0,7,0,0,6,0,1,0,0,4,0,0,1,0,0,1,0,0,0,0,0,0,1,0,0,0,0,0,0,0,7,0,0,0,3,0,0,0,0,0,0,0,1,0,0,0,0,0,0,1,0,0,0,0,0,0,0,6,12,0,5,0,0,0,0,0,0,0,0,0,0,0,0,0,1,0,0,0,0,0,0,0,0,0,0,1,1,0,0,0,0,0,1,0,0,0,0,0,1,0,1,0,1,0,0,20,0,0,0,0,4,0,0,2,0,0,0,0,0,0,0,0,0,0,0,0,0,1,0,3,0,0,0,0,0,4,0,0,0,2,0,0,0,0,0,0,0,4,6,1,0,0,0,4,0,0,0,0,0,0,0,0,0,4,0,0,3,3,0,0,0,5,0,2,0,2,0,3,0,0,2,0,0,6,0,0,1,0,0,0,0,0,0,17,2,2,1,0,3,0,0,0,0,0,0,0,0,0,0,2,27,3,0,0,4,0,0
516,0,0,0,0,1,0,5,24,0,0,0,2,0,0,0,0,1,0,0,3,0,0,3,0,18,0,0,4,0,0,0,1,0,0,0,0,0,2,1,0,0,0,0,0,0,0,0,0,0,0,0,0,0,0,2,0,2,0,0,0,0,5,0,0,0,1,0,0,0,0,0,0,0,0,0,0,0,0,0,0,0,0,0,0,0,0,1,0,0,0,0,19,1,23,0,0,0,0,0,0,0,0,71,0,27,0,0,0,0,0,0,0,0,0,1,0,0,0,0,0,0,1,2,0,0,0,0,0,0,1,10,0,0,0,0,0,0,0,0,5,0,2,0,0,0,0,0,7,0,0,0,9,0,0,0,0,0,1,0,0,0,6,0,2,0,24,0,0,0,0,8,0,0,20,1,0,0,0,0,0,5,0,0,0,0,0,0,0,0,1,0,1,0,0,1,0,0,0,0,0,0,0,0,0,0,1,2,7,6,0,0,2,1,2,0,0,1,0,27,0,0,0,0,0,1,0,0,0,0,1,7,0,0,0,6,0,0,0,0,0,2,1,5,3,0,0,0,0,0,0,0,1,0,0,2,0,0,7,0,0,6,33,0,6,0,0,0,0,0,1,2,0,0,3,1,0,0,0,0,0,0,0,0,0,0,28,0,0,2,0,1,0,0,9,0,0,14,0,0,0,0,0,0,0,0,0,30,0,3,0,0,0,0,0,9,0,2,0,0,0,0,2,4,21,0,4,2,0,5,0
517,0,0,0,0,19,0,0,75,0,2,16,3,0,0,0,0,0,0,1,0,0,1,0,0,2,0,0,0,0,0,0,2,0,0,0,0,0,0,0,0,0,0,0,0,0,0,0,0,0,0,0,0,0,0,0,0,0,1,24,0,0,8,0,0,0,0,0,0,0,0,0,0,0,0,0,0,0,0,1,0,1,3,0,0,0,1,3,0,0,0,0,0,0,1,0,0,0,0,0,3,0,7,0,0,4,0,0,0,0,0,0,1,0,0,0,1,0,0,1,0,0,2,0,0,0,0,0,0,0,13,0,0,0,0,0,1,0,1,0,0,0,1,0,0,0,0,0,0,0,0,0,0,0,0,0,1,0,0,0,0,0,19,1,0,0,2,0,0,0,0,0,38,0,4,0,0,2,0,1,0,0,0,0,0,0,0,0,0,0,0,2,0,2,0,0,0,0,0,0,0,0,0,0,0,0,0,0,0,0,1,0,0,0,2,0,0,0,0,1,0,0,2,0,0,0,2,0,0,0,0,0,0,0,0,0,0,0,0,0,11,2,0,0,0,0,0,0,0,0,0,0,0,0,0,0,0,0,0,0,0,0,10,0,20,0,0,0,0,0,0,2,0,0,0,14,0,0,0,0,0,0,0,0,0,0,0,0,0,2,0,0,0,0,13,0,1,0,0,11,0,4,0,2,0,0,0,14,4,0,0,0,0,0,5,0,0,0,0,0,0,0,0,23,0,0,0,0,0,0,0
518,0,0,1,0,2,0,0,18,0,0,25,1,1,2,0,0,0,1,10,0,0,0,0,0,8,0,0,0,0,0,2,0,1,0,0,0,0,0,0,0,0,0,0,0,0,0,0,0,2,2,0,0,0,1,0,0,0,0,0,0,0,2,0,0,0,0,0,0,0,6,0,0,0,2,0,0,0,0,0,0,0,0,0,0,0,0,0,0,0,0,0,9,0,0,0,0,0,0,0,16,3,0,1,1,0,0,0,0,3,2,0,1,0,0,10,5,0,0,0,0,0,1,0,0,0,0,0,0,0,0,0,9,0,0,0,0,1,16,0,0,0,2,4,0,0,0,0,0,0,0,14,1,0,0,0,0,0,0,0,0,0,6,8,0,0,0,0,0,1,0,0,0,0,0,0,0,0,6,0,1,0,3,0,0,0,0,0,0,6,0,0,0,0,0,4,0,1,0,0,0,7,0,8,0,0,0,0,0,0,0,0,0,0,2,0,0,0,0,7,0,0,0,0,0,0,0,0,5,0,0,0,0,0,0,0,1,0,0,3,0,3,0,14,1,0,0,1,0,0,1,0,6,0,0,0,0,0,0,0,0,0,0,0,1,4,0,0,0,0,0,11,0,0,0,4,0,0,0,0,0,0,0,0,3,0,0,0,0,13,19,0,0,0,0,0,0,1,0,0,0,0,0,7,0,0,0,16,0,0,0,0,0,0,0,0,3,0,2,0,0,0,1,6,0,0,0,0,0,0,0
519,0,0,1,0,0,0,0,78,0,0,4,0,0,0,0,0,0,0,0,0,0,0,0,0,10,5,3,0,0,2,0,0,0,0,0,0,0,0,0,0,0,0,0,0,0,7,0,0,0,1,1,0,1,0,0,0,25,0,0,0,0,0,0,0,0,0,0,0,0,0,0,0,0,0,0,0,0,0,0,4,0,1,0,0,0,0,0,3,6,0,0,0,0,0,0,0,0,0,1,0,1,0,0,4,1,0,0,0,3,0,0,0,0,0,3,0,0,0,0,0,0,1,1,0,0,0,0,0,0,0,0,0,0,0,0,0,0,7,0,0,0,0,4,0,0,0,15,1,0,0,0,0,0,0,0,0,0,0,0,0,0,0,0,0,0,0,0,0,0,0,32,2,0,0,0,0,0,0,0,0,0,0,0,0,0,0,0,0,0,0,0,0,0,0,0,0,0,2,0,1,0,0,0,0,3,0,0,0,0,0,0,0,0,3,0,0,0,0,9,0,0,0,0,0,0,0,2,0,1,0,0,6,4,0,0,1,0,0,0,1,1,0,0,0,0,0,2,0,0,0,0,0,0,0,2,0,0,0,0,0,1,0,0,0,0,0,1,0,17,0,7,6,0,0,0,0,0,0,0,0,0,0,0,0,0,0,0,0,6,4,0,0,0,0,0,0,2,0,0,0,0,0,0,0,0,0,23,0,0,0,0,1,0,0,0,0,0,0,0,0,0,0,3,0,0,5,0,0,3,0
520,0,1,0,0,33,0,0,19,0,0,3,5,0,0,0,0,0,0,0,0,0,0,4,0,5,0,0,1,0,0,0,0,0,0,0,0,0,0,0,4,0,0,0,0,0,0,0,0,0,0,0,12,0,9,0,3,0,0,0,0,1,1,0,0,0,0,0,0,0,0,0,0,0,0,0,0,0,0,0,0,0,0,0,0,0,0,0,0,0,0,0,6,1,0,0,0,0,0,0,2,0,0,22,0,1,5,0,0,0,0,0,1,0,2,0,3,0,0,0,0,0,15,0,0,5,0,0,0,0,9,0,0,1,0,0,0,0,5,2,0,0,0,0,0,0,0,17,0,0,0,0,0,0,0,0,0,0,0,0,0,0,8,0,0,0,0,2,16,0,0,0,0,6,3,3,0,0,1,0,0,0,0,0,0,0,1,0,0,0,0,0,0,0,0,0,0,1,0,0,0,0,0,0,0,0,0,0,0,0,0,1,0,0,2,0,3,0,1,3,0,0,1,0,0,0,0,0,0,0,0,0,0,0,0,0,0,0,1,9,5,8,9,2,0,0,0,0,0,0,0,4,1,0,0,0,0,0,0,0,0,0,16,0,10,0,1,0,0,0,1,2,0,2,13,0,0,0,0,0,2,0,0,0,0,0,0,0,0,1,1,0,3,0,19,0,0,0,0,0,0,5,0,1,0,0,0,7,3,0,0,0,0,0,0,0,0,0,0,0,0,0,1,19,3,0,0,2,0,2,0
521,0,0,0,0,24,0,0,34,0,0,9,9,3,8,0,0,0,0,0,0,0,1,0,0,3,0,1,0,0,0,0,0,0,0,0,0,0,0,0,1,0,0,0,1,0,0,0,0,0,0,0,0,0,5,0,9,0,0,0,0,0,3,0,0,0,0,0,0,0,2,0,0,0,0,0,6,1,0,0,0,4,0,1,0,0,0,0,0,0,0,0,2,0,1,0,0,0,0,0,0,2,0,15,0,17,0,0,1,0,0,2,0,0,0,0,3,0,0,0,0,0,1,1,0,4,0,0,0,0,14,0,0,1,0,0,0,0,4,1,0,0,0,0,0,0,0,0,1,0,0,0,0,0,0,0,0,0,0,0,0,0,3,2,0,1,2,0,0,0,0,0,26,0,4,0,0,4,0,0,0,0,0,0,0,0,0,0,0,0,0,0,0,0,0,0,0,0,0,0,0,3,0,0,0,0,0,0,0,0,0,0,0,0,0,0,0,0,0,0,0,1,2,0,0,0,0,0,0,0,0,0,0,0,0,0,0,6,1,0,4,3,5,1,8,0,0,0,0,0,0,0,0,0,0,0,0,0,0,0,0,0,0,0,14,0,0,0,0,0,1,5,0,0,0,7,0,0,0,0,0,0,2,0,0,0,0,0,0,1,0,0,0,0,3,0,2,0,0,10,0,2,0,0,0,0,0,19,0,0,0,0,0,0,0,0,0,0,0,11,0,3,0,19,0,0,0,0,0,0,0
522,0,0,2,0,0,0,0,20,0,0,4,3,2,1,0,0,0,0,0,0,0,1,0,0,9,0,0,0,0,0,0,0,0,0,0,0,3,7,0,0,0,0,2,0,0,0,0,0,0,0,0,0,0,0,0,0,0,2,4,0,0,4,0,0,6,0,0,0,0,0,0,7,2,0,0,0,0,0,0,0,0,0,0,1,0,0,0,0,0,0,0,25,0,12,0,7,0,0,0,0,0,0,8,0,5,0,2,0,0,0,0,0,0,0,0,0,0,0,0,0,0,0,4,0,0,1,0,0,0,0,0,0,0,0,0,0,0,3,0,0,0,0,0,0,0,0,0,2,0,3,0,7,0,0,0,0,0,0,0,0,0,3,0,0,0,0,0,0,0,1,0,4,0,29,0,0,0,8,1,0,0,0,0,0,0,0,0,0,2,0,0,0,9,0,0,0,0,0,0,2,0,0,0,0,0,0,0,0,0,0,0,0,0,1,0,0,0,0,6,0,1,0,0,0,0,0,2,0,0,0,0,0,0,2,1,0,0,0,0,24,1,0,22,0,0,0,0,0,0,0,0,1,0,0,0,0,0,0,0,0,0,23,0,2,0,0,8,0,0,0,0,0,0,0,0,0,0,5,0,0,0,0,0,0,0,0,0,0,1,0,2,0,0,0,0,0,8,0,0,1,0,0,0,0,0,0,10,3,0,0,6,0,0,0,0,0,0,0,0,2,0,1,1,24,0,0,0,0,0,0
523,0,0,0,0,15,0,2,18,0,0,9,1,0,4,0,0,0,0,1,0,0,0,4,0,2,0,4,0,0,0,0,0,0,0,0,0,0,1,0,0,0,0,0,0,0,0,0,0,0,0,0,0,0,0,0,6,0,1,3,0,0,9,0,0,0,0,0,0,0,0,0,0,0,3,0,0,0,0,0,0,2,0,0,3,0,0,0,0,0,0,0,0,2,1,13,1,0,0,0,2,0,0,9,0,13,1,0,0,0,0,0,12,0,0,0,0,5,0,0,0,0,5,5,0,0,0,0,0,0,0,0,0,0,0,0,0,2,15,0,0,0,0,0,6,0,0,10,0,0,0,0,0,0,0,0,0,0,0,0,0,0,4,4,0,0,1,2,0,0,0,0,9,7,6,0,0,1,0,0,0,0,0,0,0,0,0,0,3,0,0,0,0,2,0,0,0,0,0,0,0,6,1,0,0,0,0,1,0,0,0,0,0,0,2,0,0,0,2,1,0,0,0,0,0,0,0,0,0,0,0,0,0,0,0,0,0,0,0,0,20,8,0,2,4,0,0,0,0,0,0,0,3,0,0,0,0,0,0,0,0,0,10,0,17,0,0,0,0,1,0,3,2,0,1,15,0,0,0,0,0,0,1,0,0,0,0,0,0,1,0,0,0,0,9,0,0,1,0,0,0,0,0,1,0,0,0,6,0,0,0,0,0,0,0,0,0,0,0,56,0,0,1,18,0,0,0,1,0,0,0
524,0,0,3,0,1,0,0,46,0,8,22,0,0,0,2,4,0,0,0,0,0,0,0,15,54,0,7,3,0,0,0,0,0,0,0,0,0,0,0,0,0,0,0,0,0,0,0,0,32,0,0,0,0,3,0,0,0,0,4,0,0,0,0,0,0,0,0,0,0,0,0,0,2,0,0,0,0,0,0,0,2,0,0,0,1,15,0,0,0,0,0,6,1,0,5,0,0,0,0,0,2,0,62,1,15,0,0,0,0,0,0,0,0,0,0,0,0,0,0,0,0,0,0,0,0,0,0,0,0,0,7,0,2,0,0,2,0,11,0,2,0,1,0,0,0,0,0,4,0,0,1,0,0,0,0,0,0,1,1,7,0,0,1,0,1,3,0,0,0,1,0,3,0,0,0,0,0,12,0,0,0,0,0,0,0,1,0,0,0,0,0,2,15,0,0,1,0,0,4,0,0,0,0,0,0,1,0,18,0,0,0,0,0,1,0,0,0,0,33,0,0,11,0,0,2,0,0,0,0,0,0,0,0,0,5,0,0,0,0,0,0,0,12,0,0,0,4,11,0,0,0,2,0,0,0,0,0,0,1,0,0,13,1,2,0,0,0,0,0,1,1,0,0,0,2,0,0,3,0,0,0,0,0,0,0,0,0,0,2,0,0,0,0,5,0,0,1,0,1,0,0,0,0,0,0,0,10,1,0,0,2,0,0,0,0,0,2,0,1,0,0,2,2,21,0,0,0,0,0,0
525,0,0,1,2,4,0,0,21,0,14,9,3,0,0,0,0,0,0,0,0,0,0,0,0,0,0,0,0,0,0,1,0,0,0,0,0,0,0,0,2,0,0,0,0,0,0,4,0,0,0,0,0,0,2,0,0,0,2,0,0,2,3,0,0,0,0,0,0,0,0,1,0,2,1,0,0,0,0,1,1,0,0,0,0,0,0,0,0,0,0,0,21,0,7,3,0,0,2,3,11,0,0,28,0,12,0,0,0,0,0,0,0,0,0,0,0,0,0,0,0,0,0,0,0,0,0,0,0,0,0,0,4,0,0,0,0,0,10,0,14,0,0,16,0,0,0,0,0,0,3,0,0,0,0,0,0,0,1,0,0,0,11,2,0,1,3,0,0,0,0,12,0,0,0,0,0,0,0,0,0,0,0,0,0,0,0,0,0,0,0,0,0,0,0,0,0,0,0,0,0,0,0,0,3,0,0,0,0,0,0,0,0,0,0,0,0,0,0,19,11,0,0,0,0,0,0,0,0,1,0,0,0,0,2,0,0,0,0,0,0,0,0,6,0,0,0,0,0,0,0,1,2,0,0,0,0,0,0,0,0,0,8,2,2,0,0,0,0,0,1,3,0,0,1,1,1,0,0,0,2,4,0,0,0,0,0,0,0,9,0,0,0,0,0,0,0,3,0,2,2,0,0,0,0,0,0,31,0,0,0,0,0,0,0,3,0,2,0,0,13,0,1,4,0,0,0,0,0,0,0
526,0,0,1,0,13,0,7,32,0,0,4,2,0,0,0,0,0,0,0,0,0,0,0,8,7,0,2,0,0,0,0,0,0,0,0,3,16,4,0,0,0,0,0,0,0,0,0,0,11,0,1,0,0,0,0,1,0,0,0,0,0,0,0,0,4,1,0,0,0,0,0,0,17,0,0,0,0,0,0,0,0,0,0,0,0,0,0,0,0,0,0,23,0,0,0,0,0,0,0,25,1,0,1,0,3,1,1,0,0,0,0,4,0,0,0,1,7,2,0,0,0,1,3,0,0,0,0,0,0,2,0,0,0,0,1,0,0,0,8,5,0,2,0,0,0,3,10,1,0,0,0,0,0,0,0,0,0,0,0,0,1,2,0,0,0,3,0,0,0,0,0,6,0,0,0,2,0,0,0,0,0,0,5,0,0,0,0,0,0,0,0,0,0,0,0,0,0,0,0,0,0,0,5,0,0,1,0,0,0,0,0,0,0,2,0,0,0,0,31,0,0,0,0,0,0,0,0,0,0,0,0,0,2,0,0,0,3,0,0,1,3,0,2,0,0,0,0,0,0,0,5,0,0,0,0,0,0,0,0,0,0,5,0,0,0,0,0,0,0,0,12,0,0,1,0,1,0,4,2,0,1,0,0,0,0,0,0,0,2,0,0,0,0,0,0,0,4,0,6,0,0,9,8,6,0,2,14,0,0,0,0,0,0,0,0,0,0,0,0,0,0,1,8,0,0,0,0,0,0,0
527,0,0,2,5,5,0,0,10,0,12,18,9,0,5,0,0,0,0,0,0,0,0,0,0,19,0,0,0,0,1,0,0,0,0,0,0,0,0,0,0,0,0,0,0,0,0,0,0,0,0,0,0,0,0,0,0,0,1,0,0,0,0,0,0,0,0,0,0,0,0,0,2,0,0,0,0,0,0,0,0,0,0,0,0,0,0,1,0,0,0,0,8,0,0,0,0,0,0,0,0,0,1,0,0,0,1,0,0,0,0,0,2,0,0,0,1,0,2,0,0,0,1,0,0,0,2,2,0,0,0,4,0,0,0,0,0,0,5,0,1,0,0,0,0,0,8,16,1,0,0,14,0,0,0,0,2,0,0,0,0,0,2,0,0,0,7,0,0,0,0,0,2,0,0,0,0,0,0,0,0,1,1,0,0,0,0,0,0,0,0,0,0,1,0,0,0,1,0,0,0,0,0,5,0,0,0,0,0,0,0,0,0,0,1,0,1,0,0,15,0,0,0,0,0,2,0,1,0,0,1,0,2,0,0,0,1,0,0,0,1,8,0,0,0,0,0,3,7,0,0,0,2,0,0,0,0,0,0,0,0,2,0,0,1,0,0,0,0,0,0,7,0,0,0,4,0,0,0,0,0,0,0,0,1,0,0,0,0,0,0,0,0,28,1,0,0,0,0,4,0,0,0,0,0,0,0,41,0,0,0,0,0,1,0,0,0,0,0,0,0,0,0,0,0,0,0,0,0,0,0
528,0,0,0,0,47,0,0,56,0,0,4,22,0,0,0,0,0,0,1,0,0,0,1,0,1,0,0,0,0,0,0,1,0,0,2,0,0,0,0,0,0,0,0,0,0,0,0,0,0,0,0,13,0,0,1,3,0,0,0,0,0,3,0,0,0,0,0,0,0,0,0,0,0,0,0,0,0,0,0,0,0,0,0,2,0,0,0,0,0,0,0,3,1,0,0,0,0,0,0,0,0,0,14,0,3,0,0,0,0,0,0,1,0,0,0,7,6,0,0,0,1,9,1,0,0,0,0,1,0,5,0,0,0,0,0,1,0,7,2,0,0,0,0,0,0,2,0,0,0,0,0,0,0,0,0,0,0,3,0,0,0,18,7,0,0,0,0,0,0,0,1,51,0,2,0,0,1,0,0,0,0,0,3,0,0,0,0,0,2,0,0,0,3,0,0,0,0,0,0,0,7,0,0,0,0,0,0,0,9,0,0,0,0,2,0,0,0,1,2,0,0,0,0,0,0,0,0,0,0,0,0,0,0,0,0,0,0,2,0,0,6,1,8,14,0,1,0,0,0,0,3,0,0,0,0,0,0,0,0,0,0,0,0,22,0,0,0,0,0,0,5,0,0,0,16,0,0,0,0,0,0,0,0,0,0,0,4,0,1,0,0,0,0,0,0,0,1,0,20,3,0,0,1,0,0,0,3,17,0,0,1,0,0,0,0,0,0,1,0,0,0,1,17,0,0,0,0,0,0,0
529,0,0,1,0,1,0,0,20,0,0,12,8,0,0,0,0,0,0,0,0,0,0,1,0,6,0,0,0,0,0,0,0,0,0,0,0,0,0,0,2,0,0,0,0,0,0,0,0,0,0,0,0,3,0,0,0,0,4,0,0,1,6,0,0,0,2,0,0,0,0,0,0,0,0,0,0,0,0,0,0,0,0,0,0,0,14,2,0,0,0,0,0,0,16,0,12,0,0,3,0,3,0,39,0,9,1,0,1,1,0,0,0,0,0,3,0,0,0,0,0,0,0,0,0,0,0,0,0,0,0,15,0,0,0,0,0,0,7,13,5,0,0,0,2,0,0,8,3,0,6,0,0,0,0,1,0,0,0,0,0,0,25,0,0,0,9,0,0,0,0,0,3,0,3,0,0,0,0,0,0,0,0,0,0,0,0,0,0,0,0,0,2,0,0,0,0,0,0,0,0,0,0,0,0,0,0,0,0,13,0,0,0,0,2,1,0,0,0,33,0,0,5,0,0,1,0,1,0,0,0,0,0,0,0,2,0,0,0,0,0,2,2,12,0,0,0,0,11,0,0,0,2,0,0,0,0,0,6,0,0,0,0,0,0,1,0,0,0,0,0,1,0,0,0,0,0,5,0,0,0,0,0,0,0,0,0,0,0,18,0,0,0,0,0,0,0,10,0,0,0,0,0,0,0,0,0,5,3,0,0,1,3,0,0,0,0,0,0,0,5,0,0,6,0,0,0,0,0,0,1
530,1,0,0,0,14,0,0,76,0,0,11,3,2,3,0,0,0,0,1,1,0,1,3,0,0,0,0,0,3,0,0,0,1,0,0,0,2,0,0,0,0,0,0,0,0,0,1,0,12,0,0,0,0,3,0,0,0,0,0,0,0,1,0,0,0,0,0,0,0,0,0,0,0,0,0,1,0,0,0,0,1,5,0,0,0,0,0,0,0,0,1,2,0,0,11,0,0,0,0,0,0,0,0,0,11,5,0,0,1,0,0,2,0,0,0,1,0,0,1,3,2,7,1,0,0,0,0,0,0,0,24,0,0,1,0,2,2,6,2,0,0,0,0,0,0,0,12,0,0,1,0,1,0,0,0,0,0,0,0,5,1,0,2,0,0,0,0,12,0,0,0,53,0,3,6,0,0,1,1,0,0,0,0,0,0,0,0,0,0,0,0,0,0,0,0,0,0,0,0,0,4,0,0,0,0,0,0,0,0,0,0,0,0,1,0,0,0,1,1,0,0,0,0,0,0,0,0,0,0,0,0,0,0,0,0,0,0,0,0,0,0,0,0,7,0,3,0,0,0,0,0,1,0,0,0,0,0,0,0,0,0,8,2,0,0,1,0,0,0,0,6,0,1,0,0,0,0,0,0,0,0,0,0,0,0,0,0,0,1,0,0,0,0,3,0,0,0,0,0,0,4,0,0,0,0,2,0,0,0,0,0,0,0,0,0,0,0,0,10,1,0,0,30,0,0,0,4,0,0,0
531,0,0,0,0,5,0,0,4,0,0,37,2,0,12,0,1,0,0,0,2,0,0,0,0,9,0,0,0,0,0,0,1,0,0,0,3,0,0,1,0,0,0,0,0,0,0,0,0,0,0,1,0,0,1,0,0,0,2,0,0,1,5,0,0,0,0,0,0,0,0,0,0,0,0,0,0,0,0,0,0,0,0,0,0,0,0,0,0,0,0,0,0,0,0,0,0,0,8,0,0,1,0,1,0,3,1,0,0,4,0,33,0,0,0,12,3,0,0,0,0,0,1,3,0,0,0,0,15,2,0,0,0,0,0,0,14,0,0,4,0,0,2,0,0,0,0,19,1,0,0,2,0,0,0,0,0,0,0,0,0,1,3,18,0,0,0,4,0,0,1,0,2,0,0,1,0,0,6,0,0,1,0,0,0,0,0,0,0,0,0,0,0,0,0,2,0,0,2,0,0,0,0,0,0,0,0,0,2,0,0,0,0,1,4,0,0,0,0,0,0,0,1,0,0,0,0,1,0,0,0,0,2,0,0,0,0,0,0,0,0,0,0,10,0,0,0,0,0,0,1,0,5,0,0,0,0,0,0,1,0,0,0,0,10,5,0,0,0,0,0,13,0,0,0,0,0,0,0,0,0,0,0,0,0,0,0,0,0,15,0,0,0,0,1,0,0,2,0,5,0,0,0,8,0,0,0,7,0,0,0,0,0,0,0,1,0,0,0,0,0,0,2,4,0,0,0,0,0,2,0
532,0,1,0,0,8,25,0,20,0,0,5,0,1,0,0,1,0,0,0,0,0,0,0,0,0,1,1,0,0,0,0,0,0,0,0,0,0,0,0,0,0,0,0,0,0,1,0,0,0,0,0,0,0,0,0,0,1,0,28,1,0,2,0,0,0,0,0,0,0,0,0,0,0,0,0,0,0,0,0,12,0,1,0,0,0,0,5,0,0,4,0,0,1,1,0,0,0,0,0,0,1,0,5,0,0,0,0,1,0,0,1,9,0,2,0,2,0,0,0,6,0,4,0,0,2,0,0,1,0,0,0,0,0,0,0,0,0,2,0,0,0,0,0,0,0,0,0,1,0,0,0,0,0,0,0,0,2,0,0,3,0,0,4,0,1,0,0,4,0,0,0,42,3,0,0,0,5,1,0,1,0,0,0,0,0,0,0,0,0,2,0,0,0,0,0,3,0,0,0,0,0,0,0,0,0,0,4,0,24,0,0,0,0,0,0,3,0,0,2,0,0,0,0,0,0,0,0,0,0,0,0,0,0,0,0,0,0,0,0,0,9,0,0,0,0,0,0,0,0,2,0,0,0,0,0,0,0,0,0,0,3,5,0,0,1,1,0,0,0,0,3,4,0,0,4,0,0,0,0,0,0,0,0,0,0,0,0,0,1,0,0,0,0,0,0,0,0,0,0,0,0,0,0,0,1,0,6,6,0,0,3,0,0,0,0,4,0,0,0,0,0,1,3,6,0,0,0,0,0,0
533,1,0,0,0,25,0,1,17,0,0,15,0,0,3,0,2,0,1,0,0,0,0,1,0,4,0,0,0,4,0,0,0,0,0,0,0,0,0,0,2,0,0,0,0,0,0,0,6,0,0,0,0,0,1,0,0,0,0,0,0,0,0,0,0,0,0,0,0,0,0,0,16,0,0,0,2,0,0,0,0,0,0,0,0,0,0,0,0,11,0,0,2,0,0,0,0,0,1,1,3,0,0,6,0,2,1,0,0,0,0,0,0,0,0,0,3,5,0,0,0,0,16,6,0,0,3,0,0,0,6,52,0,0,0,0,1,0,3,0,0,0,0,1,0,0,0,0,0,0,0,0,0,0,0,0,1,0,0,2,0,0,5,4,0,0,1,0,4,0,0,0,25,0,4,0,0,0,0,0,0,0,0,0,0,0,0,0,0,0,0,0,0,0,0,0,0,0,0,0,0,3,0,0,0,0,0,7,0,0,0,0,0,2,2,0,0,0,0,1,0,0,0,4,0,0,0,0,0,0,0,0,0,0,0,0,0,0,0,0,0,3,0,4,0,0,0,1,0,0,0,0,0,3,0,2,0,0,0,0,0,0,8,0,16,0,0,0,0,0,0,9,4,0,0,0,0,0,0,0,0,0,1,0,0,0,0,0,0,2,0,0,1,10,0,0,0,0,0,8,0,0,0,1,0,0,0,13,0,0,2,0,0,0,0,0,0,0,1,0,0,0,0,15,0,0,0,0,0,2,0
534,0,0,0,0,25,0,0,31,0,0,12,0,0,0,0,0,0,0,0,0,0,0,0,17,0,0,0,0,0,2,0,0,0,0,0,0,0,0,0,0,0,0,0,1,0,3,0,8,0,0,0,0,1,0,0,0,0,0,2,0,0,2,0,0,2,0,0,0,0,0,0,0,9,0,0,0,0,0,0,0,0,0,0,6,0,0,2,0,0,0,0,0,0,0,0,0,0,0,0,0,2,2,2,0,1,0,0,0,0,3,2,1,0,0,0,5,0,1,0,0,0,0,0,0,1,0,0,11,0,7,0,0,0,0,0,14,0,9,10,1,0,1,5,0,0,0,0,0,0,0,0,0,0,1,0,0,0,0,0,0,0,0,25,0,0,4,0,0,0,0,0,0,0,0,0,0,0,0,0,1,0,0,0,0,0,0,12,1,0,0,0,0,3,0,0,0,1,0,0,0,0,0,6,1,12,0,0,0,4,0,0,0,0,2,0,0,0,0,15,0,0,0,0,0,1,0,3,3,0,0,0,0,2,0,0,0,0,0,0,0,2,0,28,0,0,0,0,0,0,1,0,6,20,4,0,0,0,0,0,0,0,1,0,0,0,0,0,0,16,0,6,0,0,0,0,0,0,3,0,0,0,0,0,0,0,0,1,0,28,0,0,1,0,1,0,0,0,0,27,0,0,0,4,0,0,0,5,0,0,0,0,0,0,0,0,0,2,0,0,2,0,3,5,0,0,0,0,0,0,0
535,1,0,0,0,1,0,0,68,0,0,6,0,0,0,0,0,0,0,0,0,0,0,0,0,0,1,5,0,0,0,0,1,0,0,0,0,3,0,0,0,0,0,0,0,0,1,0,11,0,0,0,0,8,0,0,0,7,0,7,0,0,9,0,0,2,0,0,0,0,0,0,0,0,0,0,0,0,0,0,0,0,0,0,0,0,0,2,0,0,0,0,7,1,17,0,0,0,0,3,0,5,0,67,2,6,1,0,0,0,0,0,0,0,0,0,0,0,7,0,0,0,0,0,3,0,0,0,0,0,0,0,2,0,0,0,0,0,21,0,0,1,0,0,0,0,0,0,0,0,0,0,0,0,0,0,0,0,0,0,8,0,0,1,0,0,0,0,0,0,0,4,13,0,0,2,0,0,0,0,0,26,0,0,0,0,0,0,0,0,2,7,0,0,0,1,0,0,0,0,0,0,0,0,0,0,0,0,0,0,4,0,0,0,0,0,0,0,0,29,6,0,13,0,2,4,0,1,0,0,0,2,0,0,0,4,0,5,0,0,0,0,0,0,0,0,0,0,0,0,10,0,0,0,0,0,0,0,20,0,0,3,24,1,0,0,0,7,0,12,0,1,0,0,1,1,0,0,0,0,6,1,0,0,0,0,0,0,0,1,0,0,0,0,12,0,0,0,0,1,1,0,0,0,0,1,0,0,1,0,1,7,0,0,0,0,0,0,0,0,0,0,1,8,0,0,0,0,0,0,0
536,0,0,2,0,2,0,0,5,0,0,12,2,1,5,0,0,0,0,0,0,1,0,1,15,0,0,4,0,2,0,0,0,0,0,0,0,13,0,0,1,0,0,0,0,0,4,0,0,0,1,0,0,0,0,0,1,0,2,0,0,0,0,0,0,0,0,0,0,0,9,0,0,0,0,0,0,0,0,0,0,0,0,0,4,0,0,0,0,0,0,0,3,0,0,0,0,0,0,1,39,0,0,2,0,2,2,0,0,0,2,0,2,2,0,0,0,0,0,0,0,0,1,4,0,0,0,0,0,0,3,0,14,0,1,0,40,0,19,9,4,22,4,0,0,4,0,0,1,0,0,3,0,0,0,0,0,0,0,0,0,0,7,23,0,0,22,0,0,1,0,0,3,0,0,0,3,0,0,0,0,0,2,0,0,0,0,0,0,0,0,0,0,0,0,3,0,1,0,0,0,0,0,0,0,0,0,0,0,0,0,0,7,2,1,0,0,0,0,5,0,0,0,3,0,0,0,1,0,0,0,0,0,0,0,0,0,0,0,0,0,3,0,26,0,0,0,0,0,0,2,0,0,0,0,0,0,0,1,0,0,0,2,0,5,0,0,0,0,0,0,12,0,0,0,2,0,2,0,0,0,1,0,0,0,0,0,0,0,20,8,0,0,0,0,0,0,1,0,2,0,0,0,3,0,0,3,23,0,0,0,0,0,0,2,0,0,0,0,4,0,0,1,4,0,0,0,0,0,0,0
537,10,0,0,0,27,10,0,47,0,2,5,7,2,0,0,0,0,0,0,0,0,0,2,0,3,0,0,0,0,0,0,0,1,0,0,0,0,0,0,2,0,0,0,0,0,0,0,5,0,0,0,0,0,0,0,0,0,0,0,0,0,1,0,0,0,0,0,0,0,0,0,0,0,0,0,0,0,0,2,0,0,0,0,2,0,0,0,0,0,0,0,0,0,0,0,0,0,0,0,1,1,0,13,0,6,0,0,0,0,0,0,3,0,0,1,2,8,0,0,0,1,0,0,0,0,0,0,0,0,0,0,0,1,0,0,1,5,8,4,0,0,0,1,0,0,0,0,0,0,0,0,0,0,0,0,0,0,0,0,0,0,0,2,0,0,0,0,0,0,0,0,10,0,6,0,0,1,1,0,0,0,0,0,0,0,0,0,0,0,0,0,0,3,0,0,0,0,0,0,0,0,0,0,0,0,0,0,0,6,0,0,0,2,0,0,0,1,1,1,4,0,0,0,0,0,0,0,0,0,0,0,0,0,0,0,0,2,0,7,2,3,0,4,0,0,3,11,0,2,0,0,1,0,0,0,0,0,0,0,0,4,10,0,14,0,0,0,0,0,0,5,3,0,0,30,0,0,1,0,2,0,0,0,1,0,0,0,0,4,0,0,0,0,2,0,0,1,0,0,1,0,0,0,0,0,0,7,13,0,0,0,0,0,0,0,4,0,0,0,0,0,0,8,0,0,0,0,1,1,0
538,0,0,1,0,3,0,0,39,0,0,9,3,0,0,1,0,0,0,0,0,0,0,0,0,10,0,0,2,0,0,0,0,0,0,0,0,0,0,0,0,0,0,0,0,0,0,0,0,0,0,0,2,0,0,0,0,0,2,0,0,0,3,8,0,0,0,0,0,0,0,0,0,0,0,0,0,1,0,0,0,0,0,0,0,0,10,5,0,0,0,0,16,0,7,0,0,0,0,0,0,0,0,25,0,13,0,0,0,0,0,0,0,0,0,0,0,0,0,0,0,0,0,10,7,0,0,0,0,0,0,11,0,0,1,0,2,0,6,25,6,0,0,0,0,0,0,0,0,0,3,0,0,0,0,0,0,0,0,0,0,0,6,2,3,0,0,0,0,0,0,4,0,0,59,0,0,0,0,0,0,0,0,1,0,0,0,0,0,1,0,0,0,0,0,0,0,0,0,0,0,0,0,0,0,0,0,0,0,0,0,0,0,1,1,0,0,0,0,35,0,0,3,0,1,0,0,0,0,0,0,0,1,0,0,3,0,0,0,0,9,4,0,9,1,0,0,0,0,0,0,0,1,1,0,0,0,0,0,0,0,0,19,0,0,0,0,0,0,0,0,1,2,0,0,1,0,0,0,0,3,0,0,0,0,0,0,0,0,0,0,0,0,0,23,0,0,7,0,1,0,0,0,0,0,0,0,12,1,0,0,0,0,0,0,0,0,0,0,0,2,0,3,3,32,2,0,0,0,0,0
539,8,0,0,0,35,11,0,7,0,0,12,5,0,1,0,0,0,0,0,0,0,0,7,0,2,2,0,0,0,1,0,0,0,0,0,0,0,0,0,1,0,0,0,0,0,0,0,0,6,0,0,0,0,0,0,5,0,0,0,0,0,2,0,0,0,0,0,0,0,0,0,0,0,0,0,0,1,0,0,5,1,4,0,0,0,0,4,0,4,3,0,4,0,0,22,1,0,0,0,1,0,0,3,0,1,1,0,0,0,0,0,0,0,0,0,5,0,0,0,0,0,3,1,0,0,0,0,0,0,0,0,0,0,0,0,0,0,0,0,0,0,0,0,0,0,1,0,0,0,0,0,0,0,0,0,1,0,4,0,0,0,5,1,0,1,0,0,0,0,0,1,51,0,5,0,0,1,0,0,0,0,1,0,0,0,2,0,5,0,1,0,0,0,0,0,3,0,0,5,0,0,0,0,0,0,0,0,0,0,0,0,0,0,0,0,1,0,1,3,0,2,0,0,0,0,0,0,0,0,0,0,0,0,0,0,0,2,4,0,0,12,0,4,0,0,0,0,0,0,0,0,1,0,0,0,0,0,0,0,0,0,19,4,0,0,0,0,0,0,0,3,0,0,0,8,0,0,2,0,0,0,0,0,1,0,0,9,0,3,0,0,0,0,1,0,2,0,0,10,0,0,0,0,0,0,0,28,4,0,0,5,0,0,0,0,1,0,0,6,0,0,0,0,0,0,0,0,0,1,0
540,0,0,0,6,12,0,8,15,0,0,19,1,3,0,0,1,1,0,0,0,0,0,0,0,7,0,0,0,0,0,0,1,0,0,0,0,0,4,0,0,0,0,0,0,0,6,0,0,6,0,0,0,0,1,14,0,0,1,0,0,0,6,0,0,0,0,1,0,0,0,0,0,0,0,0,0,0,0,0,0,0,0,0,0,0,0,0,0,0,0,0,25,0,0,10,1,0,0,0,0,0,1,1,0,0,0,0,1,0,0,0,0,1,0,0,0,0,0,0,0,0,0,0,0,0,0,0,0,0,0,0,0,0,0,0,0,0,13,8,5,0,0,0,0,5,0,3,2,0,25,2,0,0,0,0,0,0,0,0,1,0,4,9,0,0,10,0,0,0,0,0,5,0,0,0,0,0,0,0,0,0,0,4,0,0,0,0,0,0,0,8,0,0,1,0,0,0,0,1,1,0,0,5,0,0,0,0,0,0,0,0,0,2,0,0,0,0,0,27,0,0,0,3,0,0,2,2,0,1,0,0,6,0,0,0,0,5,1,1,0,1,0,6,0,0,0,3,0,0,2,2,3,0,0,1,0,0,2,0,0,0,0,1,1,0,0,0,0,0,0,8,0,0,0,4,0,0,0,0,1,0,1,0,0,0,0,1,0,11,6,0,0,0,0,11,0,2,0,8,0,0,0,10,0,0,0,45,0,0,0,0,0,0,0,1,5,1,0,0,0,0,2,8,0,0,0,0,0,11,0
541,0,0,0,0,1,0,0,60,0,8,26,0,0,0,0,6,0,0,0,0,2,0,0,0,0,0,4,0,0,0,0,0,5,0,0,0,8,0,0,5,0,0,1,0,5,0,0,0,2,0,0,0,1,2,0,0,7,0,0,0,0,4,1,0,0,0,0,0,0,0,0,7,0,0,0,0,0,0,0,0,0,0,0,0,0,0,0,0,0,0,0,0,0,45,2,6,0,0,1,26,2,0,0,2,3,0,0,0,0,0,0,0,2,0,0,0,0,0,5,0,0,1,0,0,1,1,0,0,0,0,0,0,0,0,0,1,0,8,0,3,1,0,0,0,0,0,0,5,0,6,0,0,0,0,0,0,0,0,0,0,0,0,0,0,0,0,0,0,0,0,3,4,0,0,0,0,0,0,0,0,0,0,0,0,0,0,0,0,4,1,0,1,0,0,0,0,0,0,1,0,0,0,0,0,0,0,0,0,0,0,0,0,0,0,0,1,0,0,40,0,0,6,0,0,2,0,0,0,0,1,2,0,0,0,13,0,0,0,2,0,1,0,0,0,0,0,0,0,11,19,0,0,0,0,0,0,0,0,0,0,3,13,0,0,0,0,0,0,0,1,0,1,0,0,2,0,0,3,0,0,0,0,0,0,0,0,0,0,2,0,1,0,0,5,0,0,14,0,0,0,0,0,0,0,0,0,0,0,0,0,0,0,0,0,0,0,0,0,0,0,1,0,2,0,3,0,0,0,0,1
542,0,0,0,0,1,0,4,19,0,0,16,7,0,0,0,4,0,0,0,0,0,3,2,0,23,0,0,0,0,0,0,1,0,0,0,0,2,0,0,0,0,0,0,0,0,1,0,0,0,0,0,0,1,0,0,0,0,3,4,0,0,4,0,0,0,0,0,0,0,0,0,0,0,0,0,5,0,1,0,0,0,0,0,0,0,0,0,0,0,0,0,0,0,8,0,0,0,0,2,0,2,1,31,0,5,0,0,0,0,0,1,0,0,0,0,0,0,0,0,0,0,0,4,0,0,0,0,0,0,0,0,0,0,0,1,0,0,11,6,6,0,0,0,2,0,0,0,2,0,0,0,0,0,0,0,0,0,0,3,0,0,13,2,0,0,12,0,0,1,0,0,2,0,22,0,0,0,0,0,0,0,0,0,0,0,0,0,0,0,0,4,1,9,0,0,0,0,0,0,0,0,0,0,0,0,0,0,0,0,0,0,0,0,0,0,0,0,0,54,3,0,0,0,4,0,0,1,0,1,0,0,0,0,3,0,0,0,0,0,0,0,1,53,0,0,0,0,6,0,0,0,0,1,0,0,0,0,0,0,0,0,11,1,1,0,0,0,0,0,0,1,0,0,0,0,0,0,0,0,1,0,0,0,0,0,0,0,0,8,0,0,0,0,0,0,0,15,0,0,1,0,0,0,0,0,0,3,0,0,0,0,0,0,0,0,0,1,0,2,0,0,3,1,0,0,0,0,0,0,0
543,6,0,0,0,0,0,3,72,0,3,2,16,0,2,0,0,0,0,0,0,0,0,8,0,4,0,0,0,0,0,0,1,0,0,0,0,0,1,0,1,0,0,0,0,0,0,0,3,8,0,0,0,0,0,0,3,0,0,0,0,0,6,0,0,0,0,0,0,0,0,0,0,0,0,0,0,0,0,0,0,2,0,0,0,0,0,0,0,0,0,0,0,0,0,18,0,0,0,0,0,1,0,12,0,0,1,0,0,0,5,0,5,0,0,0,0,0,0,0,0,2,4,1,0,0,0,0,0,0,0,0,0,0,0,0,0,0,10,4,0,0,0,0,0,0,0,0,0,0,0,0,1,0,0,0,0,6,1,0,0,1,27,1,0,0,1,0,0,1,0,0,0,0,1,3,0,1,0,0,2,0,0,0,0,0,0,0,0,0,0,0,0,0,0,0,0,0,0,3,0,0,0,0,0,0,0,0,0,52,0,1,0,0,1,0,0,0,2,1,3,0,0,0,0,0,0,0,0,0,0,0,0,0,0,0,0,1,0,0,0,2,0,8,0,1,0,0,0,5,0,0,0,0,0,0,0,0,1,0,0,6,10,0,49,0,0,0,0,0,2,4,0,0,0,0,0,0,0,0,0,0,0,0,0,0,0,0,0,2,0,0,0,0,1,0,0,0,0,13,0,0,0,1,0,0,0,7,14,0,0,0,0,0,0,0,0,0,0,19,0,15,2,25,7,0,0,2,0,0,0
544,0,0,0,0,4,0,0,9,0,0,0,4,0,0,0,0,1,0,0,0,1,3,0,0,43,0,0,1,0,0,0,0,0,0,0,0,0,0,0,3,0,0,0,0,1,0,0,0,0,0,1,1,7,0,0,0,2,3,2,0,0,15,0,0,0,0,0,0,0,0,0,0,12,0,0,0,0,0,0,0,0,0,0,0,0,0,0,1,0,0,0,7,0,0,1,0,0,0,5,0,0,0,69,3,0,0,0,0,0,0,0,0,0,0,0,0,0,0,0,0,0,0,4,0,0,1,0,0,0,0,0,0,1,0,0,1,0,15,12,5,0,2,0,0,0,0,5,1,0,3,5,0,0,0,0,0,0,0,0,0,0,21,1,0,0,0,6,0,0,0,0,2,0,11,0,0,0,0,0,0,0,0,0,0,0,0,0,0,2,0,0,0,5,0,0,1,0,0,0,0,7,0,0,0,0,0,0,5,0,0,0,0,0,1,0,0,0,0,45,0,0,0,0,0,1,0,1,0,0,0,0,0,0,0,2,0,0,2,0,0,2,3,0,1,0,1,0,0,0,0,0,2,0,0,0,0,0,0,0,0,0,122,0,0,0,0,0,6,0,0,1,3,0,0,1,0,0,4,0,0,0,0,0,0,0,0,0,0,14,0,0,0,0,11,0,0,0,0,0,0,0,0,0,0,0,0,29,0,0,2,0,13,0,0,0,0,1,0,0,0,0,2,3,0,0,0,0,4,0,0
545,0,0,0,0,13,0,0,2,0,0,20,5,2,4,0,0,3,0,0,1,0,0,0,8,13,0,0,0,1,2,0,0,0,0,0,0,0,0,0,1,0,0,0,0,0,0,0,0,0,0,0,0,0,0,1,0,0,0,0,0,0,6,0,0,0,0,0,0,0,0,0,0,18,0,0,0,0,0,0,3,0,0,0,0,0,0,0,0,12,0,0,0,0,0,0,3,0,7,0,0,1,1,0,0,0,0,0,0,0,0,0,1,0,0,0,2,0,0,0,0,0,1,0,0,0,0,0,0,3,2,0,0,0,0,0,6,0,24,18,8,11,3,5,0,3,2,0,0,0,6,4,0,0,0,0,0,3,0,0,0,0,1,15,0,0,6,3,0,0,0,0,0,0,0,0,0,0,0,0,0,0,0,12,0,0,0,0,0,0,0,0,0,0,0,6,0,0,2,0,0,0,0,2,1,0,0,0,0,0,0,0,0,0,1,0,0,0,0,15,0,0,0,0,0,1,0,1,0,2,0,0,0,0,0,0,0,0,0,0,0,0,0,1,0,0,0,0,0,0,0,0,1,0,0,0,1,0,1,0,0,0,0,0,3,0,0,0,0,0,1,6,0,0,0,7,0,2,1,0,0,0,0,0,0,1,0,1,0,6,0,0,0,0,0,0,0,2,0,8,0,0,4,0,0,0,0,21,0,3,0,0,0,2,0,0,0,0,0,15,0,0,0,7,2,0,0,0,0,0,0
546,0,0,0,0,5,0,0,19,0,0,8,1,1,0,0,0,1,0,1,1,0,0,0,0,3,0,1,1,1,0,0,1,0,0,0,0,3,0,0,2,0,0,0,0,0,1,0,0,7,0,0,0,0,11,0,0,0,0,0,1,0,0,0,0,0,0,0,0,1,0,0,0,0,6,0,0,0,0,0,15,0,0,0,1,0,0,4,0,0,0,0,0,0,2,0,0,0,0,0,2,0,0,4,0,0,3,0,0,0,0,0,22,0,0,0,0,0,0,0,3,0,13,0,0,0,0,0,0,0,0,0,0,0,1,0,0,0,30,0,0,0,1,0,3,0,2,22,0,0,0,0,0,0,0,0,0,0,0,0,0,1,0,0,1,0,0,0,0,0,0,1,21,21,0,0,0,2,2,0,1,0,0,0,0,0,0,0,0,1,0,0,0,0,0,0,0,0,0,0,0,7,0,0,0,0,0,0,0,0,0,0,8,0,0,0,0,0,2,2,0,0,0,0,0,0,3,0,0,0,0,0,0,0,0,0,0,0,0,0,4,0,0,0,0,0,0,0,0,0,0,0,0,0,0,0,0,0,1,0,0,8,0,8,16,0,0,0,0,0,1,4,0,0,0,10,0,0,0,0,0,0,0,0,0,0,0,4,0,3,0,0,0,0,8,0,0,0,0,14,0,7,0,2,0,0,0,1,3,0,0,0,0,0,0,0,0,0,0,0,1,6,0,22,0,0,0,0,0,0,0
547,0,0,4,0,2,0,10,36,0,0,6,1,12,0,0,0,1,0,0,0,0,0,2,0,34,0,0,0,0,0,0,0,0,0,0,0,0,0,0,4,0,0,0,0,2,1,0,0,0,0,1,3,0,2,0,0,0,0,0,0,0,7,0,0,0,0,0,0,0,0,0,0,12,0,0,0,0,0,0,0,0,0,0,0,0,10,0,0,0,0,0,0,1,11,0,0,0,0,0,0,0,0,32,0,7,1,0,0,0,3,0,0,0,0,0,0,0,0,0,0,3,0,0,0,0,0,0,0,0,0,0,0,0,0,1,0,0,5,0,3,0,0,0,0,0,3,4,0,0,0,3,0,0,0,0,0,0,0,0,0,0,33,2,0,0,0,0,0,0,0,0,2,0,32,0,0,0,0,0,0,0,0,4,0,0,0,0,0,2,0,4,0,0,0,0,0,0,0,0,0,0,0,0,0,0,0,0,6,19,0,0,0,1,1,0,0,0,0,6,0,0,0,0,0,1,0,2,0,3,0,0,0,0,0,0,0,0,4,0,0,2,0,0,0,0,0,0,0,0,0,1,4,0,0,3,0,0,0,5,0,0,17,2,4,0,0,0,3,0,1,1,0,0,1,2,0,2,0,0,0,0,0,0,0,0,0,0,0,0,0,0,0,0,3,0,0,10,0,1,0,0,0,0,0,0,0,33,1,0,5,0,0,0,0,0,0,0,0,5,5,0,2,2,0,0,0,0,0,15,0
548,0,0,0,8,4,0,0,14,0,0,8,7,0,6,0,0,0,0,12,0,0,0,0,0,11,6,0,0,0,0,0,0,0,0,0,0,5,0,0,0,0,0,0,0,0,0,0,0,0,0,0,0,0,0,0,0,0,0,1,0,0,4,0,0,0,0,0,1,0,0,0,0,0,0,0,0,1,0,0,0,0,0,0,0,0,0,0,0,0,0,0,10,0,0,0,0,0,0,1,0,0,1,1,0,2,0,0,0,0,0,0,3,0,0,0,1,0,0,0,3,2,1,0,0,1,0,1,0,0,3,0,0,0,0,0,15,0,2,0,0,0,0,0,0,0,1,0,0,0,1,0,0,0,0,0,0,0,0,0,0,0,1,23,0,0,0,0,0,0,0,0,2,0,0,0,0,0,0,1,0,0,2,16,0,0,0,0,0,0,0,11,0,0,0,0,0,0,0,0,0,0,0,0,0,0,0,0,0,0,2,0,0,0,7,0,1,0,0,12,0,0,0,0,0,0,0,3,0,0,0,0,0,1,0,0,0,3,0,0,0,4,0,6,0,0,0,0,0,0,2,0,3,0,0,0,0,0,0,0,0,0,0,0,3,0,0,0,0,0,0,5,0,0,0,7,0,0,0,0,1,1,0,0,1,0,0,0,0,1,0,0,0,5,0,0,0,0,0,0,0,0,0,5,0,0,0,24,0,0,0,0,0,0,1,1,3,0,0,0,4,0,1,1,2,0,0,0,0,0,7
549,0,0,3,0,3,0,5,24,0,0,6,2,0,2,0,1,0,0,0,0,0,0,0,0,87,0,0,0,0,0,3,0,0,0,0,0,7,0,0,0,0,0,0,0,0,4,0,0,0,1,0,0,0,0,0,1,0,0,0,0,0,5,0,0,0,0,0,0,0,0,0,1,10,0,0,0,0,0,0,4,0,0,0,7,0,0,0,4,0,0,0,0,0,0,12,0,0,0,0,0,0,0,1,0,3,1,0,0,0,0,0,4,0,0,0,0,0,0,0,0,5,1,5,7,0,0,3,0,0,7,11,5,0,0,0,22,0,10,6,11,0,1,0,0,0,0,0,1,0,27,6,0,0,0,0,0,1,0,0,1,0,3,13,0,0,0,0,0,0,0,3,0,0,1,0,0,1,0,0,0,0,0,0,0,0,0,0,0,6,0,0,0,0,0,7,0,0,0,0,0,0,0,0,0,0,0,0,0,0,0,0,0,0,3,0,0,0,0,11,0,0,0,3,0,0,0,1,0,0,1,0,0,0,0,0,1,0,1,1,0,6,0,18,0,0,0,0,14,0,0,0,2,0,0,0,0,0,0,0,0,1,1,0,0,1,0,0,0,0,1,11,0,0,0,3,0,0,0,0,0,0,0,0,0,0,0,0,0,14,0,0,0,3,1,0,0,1,0,0,0,0,0,5,1,0,0,18,0,0,0,0,0,0,0,0,3,1,0,0,3,0,2,3,0,0,0,0,0,0,0
550,0,0,1,0,2,0,0,46,0,0,1,4,0,0,0,0,0,0,0,0,0,0,1,0,24,0,0,0,0,0,0,0,0,0,0,0,0,6,0,2,0,0,0,0,0,0,0,0,0,1,0,0,0,0,0,0,0,4,0,0,0,3,0,0,0,0,0,0,0,0,0,0,3,0,0,0,1,0,0,0,0,0,0,0,1,5,0,0,0,0,0,1,0,5,0,0,0,0,0,0,0,0,70,0,4,0,0,0,0,0,0,0,0,0,2,0,0,0,0,0,0,0,3,0,0,0,0,0,0,0,15,0,0,0,1,0,0,5,24,9,0,1,0,0,0,0,0,5,0,0,2,0,0,0,0,0,0,0,0,0,0,14,0,0,0,0,6,0,0,0,0,0,1,12,2,0,0,27,4,0,0,0,0,0,0,0,0,1,0,0,0,0,7,0,0,0,0,0,0,0,0,0,0,0,0,0,0,0,0,0,0,0,0,2,0,0,0,0,48,0,1,0,0,0,0,0,0,0,0,0,6,0,0,0,1,0,0,0,0,0,1,0,2,1,0,0,0,0,0,0,0,1,0,0,0,0,0,0,0,0,4,0,0,3,0,0,0,0,20,0,0,0,0,0,0,0,0,0,0,0,0,0,0,0,0,0,0,0,0,0,0,0,1,2,0,0,0,0,0,0,0,0,0,0,0,0,0,3,0,3,0,2,0,0,0,1,0,0,2,0,0,4,5,0,2,0,0,0,0,1
551,0,0,0,0,2,0,4,34,0,0,18,0,0,0,0,0,0,0,0,0,0,0,0,0,0,1,8,2,0,0,0,0,4,0,0,0,8,0,0,0,0,0,0,0,0,0,0,0,0,0,0,0,8,0,0,0,2,0,0,0,0,0,0,0,0,1,0,0,0,0,1,0,0,0,0,2,0,0,0,1,0,0,0,0,0,0,0,0,0,0,0,0,0,25,3,0,0,0,3,0,1,0,39,1,0,0,0,0,0,0,0,0,1,0,0,0,0,0,0,0,0,0,0,13,0,3,0,0,0,0,0,0,0,0,0,0,0,15,7,4,0,0,0,0,0,0,0,5,0,0,1,5,0,0,1,0,0,0,0,0,0,0,0,0,0,22,0,0,0,0,1,5,1,0,0,0,0,6,0,0,0,0,0,0,0,0,0,0,0,0,4,0,0,0,0,0,0,0,0,0,0,0,0,0,0,0,0,0,13,3,0,0,1,1,1,0,0,0,13,7,0,0,0,1,2,0,0,0,1,0,3,0,10,0,0,0,0,0,0,0,1,0,0,0,0,0,0,0,0,5,0,0,0,0,0,0,0,0,0,0,0,0,0,1,0,0,10,0,15,0,0,0,0,0,0,0,0,0,0,0,4,2,0,1,0,0,0,0,0,0,0,0,0,3,0,0,0,0,2,0,0,0,0,0,0,0,0,0,0,0,0,0,1,0,0,0,0,0,0,0,0,0,0,0,0,0,0,0,0,0
552,0,0,0,0,0,0,0,15,0,0,1,0,1,0,0,0,0,1,0,0,0,0,0,0,2,1,2,0,0,0,0,1,1,0,0,0,0,0,0,0,0,0,0,0,0,0,0,0,0,0,0,0,0,3,0,0,0,0,0,1,0,0,0,0,0,0,0,0,1,0,0,0,0,0,0,0,0,0,0,0,0,0,0,0,0,0,0,0,0,0,0,0,0,0,0,0,0,0,0,0,0,0,1,7,7,0,0,0,0,0,0,8,0,0,0,1,0,0,0,7,0,0,0,0,0,0,0,0,0,0,0,0,0,0,0,0,0,17,0,0,0,0,0,0,0,0,0,1,0,0,0,0,0,0,0,0,0,0,0,0,0,0,0,0,0,1,0,0,0,0,1,29,0,0,10,0,0,0,0,0,0,0,0,0,0,3,4,0,0,0,0,0,0,0,0,0,0,0,0,0,0,0,0,0,0,0,0,0,23,0,1,0,0,0,0,0,0,2,2,0,1,0,0,0,0,0,0,0,0,0,1,0,0,0,0,0,0,0,0,0,0,0,0,7,0,2,0,0,0,0,0,0,0,0,0,0,0,1,0,8,6,13,0,35,0,0,0,0,1,0,3,0,2,0,2,0,0,0,2,1,0,1,0,0,0,0,0,0,1,0,0,0,4,3,0,1,0,0,0,0,2,0,0,0,0,0,20,0,0,0,0,0,0,0,0,0,0,0,10,1,0,0,0,0,0,0,10,0,2,0
553,0,0,4,0,2,0,0,15,0,24,9,5,0,0,0,15,0,0,0,0,0,0,1,0,20,0,0,0,0,0,0,0,0,0,0,0,10,4,0,16,0,0,0,0,0,0,4,0,0,0,0,0,0,4,0,0,3,1,0,0,0,3,0,0,0,0,0,0,0,0,0,0,0,0,0,0,1,0,0,0,0,0,0,0,0,5,0,0,0,0,0,0,0,34,2,0,0,0,4,0,0,0,11,0,11,0,0,0,0,0,0,0,0,0,8,0,0,4,0,0,0,1,0,0,0,0,0,0,0,0,0,0,1,0,0,0,0,22,10,0,0,0,0,0,0,0,0,3,0,0,2,0,0,0,0,0,0,0,0,0,0,4,1,0,0,10,0,0,0,0,0,2,0,7,0,0,0,0,1,0,8,0,0,0,0,0,0,0,0,0,0,0,0,0,0,0,0,0,0,0,5,0,0,2,0,0,0,4,0,4,0,1,0,0,0,0,0,0,0,0,0,0,0,0,0,0,1,0,3,2,0,0,7,3,16,0,8,0,0,0,3,0,11,1,0,0,0,0,0,0,0,0,0,0,0,0,0,0,0,0,10,20,0,3,0,0,0,0,0,0,0,0,0,3,1,0,0,0,0,0,0,0,0,1,0,0,0,0,0,1,1,0,0,9,0,0,0,0,0,0,0,0,0,0,0,0,23,0,5,0,0,1,0,0,0,0,4,0,6,3,0,3,2,0,0,0,5,0,0,0
554,0,0,0,0,5,0,0,29,0,9,22,8,0,0,0,0,0,0,1,0,0,0,1,0,11,0,0,0,0,0,0,1,0,0,0,0,3,0,0,2,0,0,0,0,0,2,7,0,0,0,1,0,0,0,0,0,0,0,7,0,0,6,0,0,0,0,0,0,0,0,0,0,2,0,0,0,0,0,0,0,0,0,0,0,0,0,2,0,1,0,0,9,0,29,0,0,0,0,2,0,0,0,17,0,14,0,1,0,0,0,0,0,0,0,0,0,0,0,2,0,0,1,0,0,0,0,0,0,1,0,1,0,0,0,0,0,0,6,0,10,0,0,0,0,0,1,0,2,0,4,3,0,0,0,1,0,0,0,0,0,0,8,1,0,0,10,0,1,0,0,9,2,0,26,0,0,0,12,0,0,0,0,0,0,0,0,0,0,0,0,1,0,2,0,0,0,0,0,1,0,0,0,0,0,0,0,1,0,0,0,3,0,0,1,0,0,0,0,19,0,0,0,0,0,1,0,0,0,0,0,0,0,0,0,8,0,0,0,0,0,4,0,12,0,0,0,0,0,0,0,1,1,0,7,0,0,0,12,4,0,4,23,0,1,0,0,0,6,20,1,0,0,0,0,2,0,0,0,0,0,0,0,0,0,0,0,0,0,5,0,0,0,0,5,0,0,0,0,0,0,0,0,0,1,0,0,20,1,0,0,0,11,0,0,13,0,0,0,1,0,0,2,1,0,0,0,0,0,0,2
555,0,0,0,0,9,0,0,11,0,0,13,0,0,5,0,0,3,0,0,0,0,0,0,0,26,0,0,1,0,0,0,0,0,0,0,0,0,1,1,0,0,0,0,0,0,0,0,0,12,0,0,0,0,0,0,1,0,0,3,0,0,2,0,0,0,0,0,0,1,0,0,0,0,0,0,0,0,0,0,0,0,0,0,0,0,0,0,0,0,0,0,3,0,1,0,0,0,22,0,14,2,0,1,0,1,0,1,0,0,0,0,2,0,0,0,0,0,1,0,0,0,0,0,0,0,0,0,0,0,0,0,0,0,0,0,31,1,0,0,10,0,1,0,0,0,0,0,0,0,11,0,0,0,0,0,1,0,1,0,0,0,2,14,0,0,0,2,0,0,0,0,1,0,0,0,0,0,0,0,0,0,0,5,1,0,0,0,0,0,0,0,0,1,0,0,0,0,0,0,0,0,0,0,0,0,0,0,1,15,1,0,0,0,0,0,0,0,0,8,0,0,0,0,0,0,0,1,0,0,2,0,0,0,0,0,0,0,0,0,0,2,0,5,0,0,0,0,0,0,1,0,4,0,0,0,0,0,1,0,0,1,1,0,0,3,0,0,0,0,0,3,0,0,0,0,0,2,0,0,1,0,0,0,0,0,0,0,0,8,0,0,0,0,1,0,0,1,0,14,0,0,0,0,0,0,1,0,0,0,0,0,0,2,0,0,0,0,0,17,0,0,2,0,0,0,0,0,0,0,0
556,0,0,1,1,3,0,0,13,0,8,11,12,0,0,0,0,0,0,0,1,0,2,2,0,0,0,0,0,0,0,0,0,0,0,0,0,0,0,0,0,0,0,0,0,4,0,6,0,0,0,0,0,0,2,0,0,0,0,5,0,0,1,0,0,2,0,1,0,0,0,0,0,0,0,0,0,0,0,0,0,0,0,0,0,0,0,0,0,0,0,0,0,0,5,0,10,0,0,0,0,0,0,0,0,0,0,0,0,0,0,0,0,0,1,0,0,0,0,0,0,0,0,1,0,0,0,0,0,0,0,5,0,0,0,0,0,0,4,8,0,0,1,0,4,0,0,0,2,0,0,3,7,0,0,0,0,0,0,0,0,0,4,3,0,0,0,0,0,0,0,0,3,0,0,0,0,0,14,0,0,7,0,2,0,0,0,0,0,0,0,5,3,0,0,0,0,0,0,4,1,4,0,0,0,0,0,0,0,0,0,0,0,0,1,0,0,0,0,45,0,0,0,0,0,0,0,1,0,0,6,0,0,0,0,2,0,0,0,0,0,0,0,0,0,0,0,0,0,0,0,0,1,1,0,0,0,0,0,0,0,0,0,0,1,0,0,0,0,0,0,1,0,0,0,1,0,0,0,0,2,0,0,0,0,0,14,0,0,0,0,2,0,0,8,0,0,22,0,0,1,0,1,0,0,1,0,12,0,0,6,0,0,0,0,0,0,0,0,0,7,0,1,3,0,0,0,2,0,0,0
557,0,1,0,1,1,0,1,40,0,0,2,1,3,0,1,0,0,0,0,0,0,2,0,0,0,1,0,0,0,0,0,1,0,0,1,0,8,0,1,3,0,0,0,0,0,0,0,0,0,0,0,2,1,0,0,0,5,3,0,1,0,11,0,0,0,0,0,0,0,0,0,0,2,0,0,0,0,0,0,0,0,0,0,1,0,0,0,0,1,0,0,0,0,11,0,0,0,0,0,0,1,1,11,0,0,0,1,0,0,0,0,0,0,0,0,0,0,2,0,0,0,1,0,0,0,0,0,0,0,0,0,0,0,0,0,0,0,27,0,0,0,0,0,0,0,3,0,3,0,0,0,0,0,0,0,1,0,0,0,0,0,0,0,0,0,0,0,0,0,2,14,0,1,3,1,0,1,0,0,0,0,1,2,0,0,0,0,0,0,0,0,0,0,0,0,0,0,1,0,0,0,0,0,5,0,0,0,0,59,0,2,1,0,0,0,0,0,0,26,0,0,9,0,0,1,0,1,0,0,0,3,0,0,0,0,0,0,0,0,0,6,0,0,0,0,0,0,0,0,0,0,0,0,0,2,0,0,0,0,0,0,10,2,0,0,0,0,0,37,0,0,2,0,0,1,0,0,0,0,0,0,2,0,0,0,0,0,0,0,0,0,0,0,0,0,0,12,0,0,0,0,1,0,0,0,0,32,0,0,0,0,1,0,0,0,1,0,0,0,0,0,0,3,0,0,0,0,0,0,0
558,0,0,0,0,4,0,0,62,0,0,5,6,0,0,0,1,1,1,0,0,0,0,1,0,4,0,0,0,0,0,0,0,0,0,0,0,0,1,0,2,0,0,0,0,0,0,0,5,0,0,0,0,0,0,0,3,0,0,0,0,0,1,0,0,0,0,0,0,0,0,0,36,0,0,0,0,0,0,0,0,0,0,0,0,0,0,15,0,17,0,0,4,0,0,0,0,0,0,0,0,0,0,3,0,14,0,0,0,0,0,1,2,0,0,0,2,4,0,0,0,0,19,0,2,0,0,0,0,0,4,0,0,1,0,0,0,0,21,0,0,0,0,0,6,0,0,11,0,0,4,1,0,0,0,0,0,0,0,0,5,0,5,1,1,0,0,0,0,0,0,0,58,0,0,0,0,2,1,0,0,0,0,0,0,0,2,0,4,2,0,0,0,0,0,0,0,0,0,0,0,0,1,2,0,0,0,0,0,0,0,3,0,0,0,0,0,0,0,2,0,0,0,0,0,0,0,0,0,0,0,0,0,0,0,0,0,0,0,0,0,7,0,4,0,0,0,0,0,2,0,0,0,0,4,0,0,1,0,2,0,14,0,0,0,0,0,0,0,0,0,7,0,0,0,19,0,0,0,6,1,0,0,0,0,0,0,0,0,2,0,0,0,0,5,0,0,0,0,0,0,0,0,0,0,1,0,3,4,0,0,0,0,0,1,0,0,0,0,30,0,9,0,24,5,1,0,0,0,0,0
559,4,0,0,0,6,0,0,34,0,2,12,9,0,1,0,0,0,1,0,0,0,0,0,0,9,0,0,0,0,0,0,0,0,0,0,0,4,0,0,0,0,0,0,0,1,0,0,0,0,0,0,0,0,0,0,0,0,0,0,1,0,7,0,0,0,0,0,0,0,2,0,0,0,0,0,4,0,0,0,0,0,0,0,0,0,1,0,0,0,0,0,12,0,1,17,0,0,0,0,0,0,0,11,0,30,0,0,1,0,0,0,4,0,0,0,0,0,0,0,1,0,18,0,0,4,0,0,0,0,0,0,0,0,0,0,3,0,1,0,0,0,0,0,0,0,0,0,0,0,2,0,0,0,0,0,0,4,0,0,0,0,4,1,0,0,0,0,0,0,0,1,23,0,0,0,1,2,0,0,0,0,0,0,0,0,0,0,0,2,0,0,0,0,0,0,0,0,0,0,0,0,1,0,0,0,0,2,0,0,0,1,7,0,2,0,3,0,0,3,0,0,0,1,0,0,0,0,0,0,0,0,0,1,0,0,0,0,0,0,0,9,0,3,0,0,0,0,0,0,0,0,2,0,0,0,0,0,0,0,0,0,0,0,50,0,0,0,0,0,0,0,0,0,0,9,0,0,0,0,0,0,0,0,0,0,0,0,0,3,0,0,0,0,5,0,0,3,0,0,1,0,0,1,0,1,1,1,4,0,0,0,0,0,0,0,0,0,0,0,2,0,0,9,0,0,0,0,0,0,0
560,0,1,0,0,8,4,0,15,0,0,30,4,0,2,0,0,0,0,0,0,0,0,0,26,0,0,0,0,0,3,0,0,0,0,0,3,0,0,0,0,0,0,0,1,0,0,1,0,0,0,0,0,0,0,0,0,0,0,0,0,2,5,0,0,0,1,0,0,0,0,0,0,0,0,0,0,0,0,0,0,0,0,0,0,0,0,0,0,0,0,0,17,0,1,0,0,0,0,0,0,1,0,1,0,1,0,0,0,0,0,0,1,0,0,0,0,3,0,0,0,0,0,0,0,0,0,0,45,0,0,0,0,0,1,0,10,0,17,0,2,8,0,0,0,0,5,0,1,0,10,0,0,0,0,0,0,0,1,0,0,0,1,29,0,0,0,0,0,0,0,0,1,0,0,0,0,1,4,1,0,0,0,0,0,0,0,0,1,0,0,0,0,0,0,13,0,0,0,0,0,0,0,3,0,0,1,0,0,0,0,0,0,0,3,0,0,0,0,13,10,0,0,0,0,0,0,1,0,0,0,0,0,0,3,0,0,0,0,1,0,3,0,7,0,0,0,0,0,0,1,0,4,0,2,1,0,0,0,0,0,1,5,0,9,7,0,0,0,0,0,11,0,0,1,3,0,0,0,0,0,0,1,0,0,0,0,0,0,4,0,0,0,0,0,0,0,0,0,0,0,0,0,0,0,0,0,45,0,0,0,0,0,0,0,0,0,0,0,3,0,0,0,6,0,0,0,0,0,12,2
561,0,0,0,0,12,14,0,13,0,0,6,2,1,3,0,1,0,0,1,0,1,0,1,5,0,0,0,0,0,1,0,0,0,0,0,0,0,0,0,2,0,0,0,0,0,0,0,0,4,0,0,0,0,0,0,1,0,0,12,0,0,0,0,0,0,0,0,0,0,0,0,0,0,0,0,0,0,0,0,0,0,0,0,0,0,1,4,0,2,0,0,2,0,1,0,0,0,0,1,6,0,0,0,0,0,0,0,0,0,0,0,2,0,0,0,0,0,0,0,1,4,15,0,0,0,0,0,0,0,19,22,0,0,1,0,0,0,36,0,0,5,0,0,0,0,0,0,0,0,2,1,0,0,0,0,0,0,5,0,0,0,0,1,0,3,0,0,0,0,0,0,0,0,2,0,1,1,0,0,1,0,0,0,0,0,0,0,0,0,0,0,0,0,6,0,0,0,0,0,0,0,0,0,0,0,0,0,0,0,0,0,0,0,2,0,5,0,0,0,0,4,1,12,1,0,0,0,1,0,0,0,0,0,0,0,0,0,0,0,0,0,0,3,9,0,0,0,0,0,0,0,0,0,0,0,0,0,0,0,16,5,9,0,19,0,0,0,0,0,1,7,0,0,0,14,0,0,0,0,1,0,0,0,0,0,0,0,0,0,0,0,0,2,3,0,2,0,0,0,0,0,0,2,0,1,0,17,9,0,0,0,1,0,0,0,6,2,0,0,2,1,0,22,0,0,0,0,0,0,0
562,0,0,0,24,9,0,0,49,0,0,0,0,0,1,0,0,0,0,0,0,0,0,3,0,3,0,0,0,0,0,0,0,0,0,0,0,7,0,0,0,0,0,0,0,0,0,0,0,0,0,0,0,0,0,0,0,0,0,0,0,1,2,0,0,0,0,0,0,0,0,0,0,0,0,0,0,0,0,0,0,0,0,0,1,0,1,5,0,0,0,0,3,0,0,8,0,0,0,0,0,0,0,5,0,12,4,0,0,0,2,0,0,0,0,0,0,0,0,0,0,0,8,0,2,0,10,0,0,0,0,30,0,0,0,0,1,0,7,3,0,0,0,0,0,0,0,0,0,0,1,1,0,0,0,0,0,0,0,0,0,0,8,3,0,0,0,0,3,1,0,0,14,0,0,0,0,0,0,0,0,0,0,4,0,1,0,0,2,0,0,0,0,2,0,0,0,0,0,10,0,0,2,0,0,0,0,1,0,53,0,0,0,0,0,0,0,0,0,3,3,0,0,0,0,0,1,0,0,0,0,0,0,0,0,0,0,0,0,0,6,5,0,1,0,0,0,0,0,3,0,4,1,0,0,0,0,0,0,3,0,6,0,0,14,0,0,0,0,0,0,3,0,0,0,7,0,0,0,0,0,0,0,0,0,0,0,0,0,0,0,0,0,4,10,0,0,1,0,10,0,0,0,0,0,0,0,7,14,0,0,0,1,0,0,0,0,0,0,0,0,0,0,30,0,0,1,0,0,0,0
563,0,0,0,0,0,0,0,29,0,0,16,1,0,0,0,0,2,0,0,0,0,0,0,0,13,8,7,0,0,0,0,1,0,1,0,0,22,0,0,1,0,1,0,1,0,0,2,0,0,0,0,0,0,0,0,0,30,0,2,0,0,6,0,0,0,0,0,0,0,0,0,0,0,1,0,0,0,0,1,0,0,0,0,0,0,0,0,0,0,0,0,0,0,0,0,0,2,0,0,0,1,0,0,0,1,0,0,0,0,0,24,5,0,0,0,0,0,0,0,1,0,0,0,0,0,0,0,0,0,3,24,0,2,0,0,8,0,14,0,0,9,1,0,0,0,0,0,2,1,13,0,0,0,0,0,0,0,0,0,0,1,0,29,0,0,0,0,0,0,0,8,5,0,0,0,0,0,0,0,0,0,0,0,0,0,0,9,1,0,1,0,0,0,0,0,0,0,0,0,0,0,0,6,0,0,0,0,0,6,0,0,8,1,0,0,0,0,0,11,16,0,1,0,0,0,6,2,0,0,0,0,2,0,0,0,0,0,0,0,0,1,0,0,0,0,0,7,0,0,0,0,0,0,0,1,0,0,0,0,0,2,2,0,0,0,0,0,0,23,0,7,0,0,0,2,1,0,0,3,0,0,0,0,0,0,0,0,0,3,0,0,0,0,0,5,0,4,0,0,0,0,0,9,0,9,0,4,0,0,0,0,0,0,0,0,0,0,0,0,0,0,1,8,3,0,0,0,0,27,0
564,0,0,0,0,0,0,0,46,0,0,4,0,0,0,0,0,0,0,0,0,0,0,0,3,5,0,0,0,5,1,0,1,1,0,0,0,7,0,0,4,0,0,0,0,0,0,0,0,0,0,0,0,0,2,0,0,1,0,0,3,0,0,0,0,0,0,0,0,0,0,0,15,0,0,0,5,0,0,0,0,0,0,0,9,0,0,6,0,0,0,0,0,0,0,0,0,0,0,0,0,1,0,0,0,3,0,0,0,0,5,3,23,0,0,0,0,0,0,0,3,0,8,0,0,0,0,0,0,0,0,0,0,0,0,0,0,0,12,0,0,21,0,0,0,0,0,6,0,0,0,0,0,0,0,0,0,1,0,0,0,1,0,0,0,0,0,0,6,0,0,1,20,0,0,0,0,2,0,0,0,0,0,0,0,0,0,16,0,0,0,0,0,0,0,0,0,0,0,0,0,9,1,0,0,0,0,0,0,18,0,1,25,0,0,0,0,0,0,2,0,0,0,19,1,0,2,0,0,0,0,0,0,0,0,0,0,0,0,9,0,3,0,0,0,0,0,0,0,0,0,0,0,0,0,0,0,0,0,0,5,13,9,6,0,0,0,0,0,2,0,0,0,0,1,0,0,0,0,0,0,0,0,0,0,0,0,2,0,1,0,0,0,0,0,0,0,1,0,0,0,0,0,0,0,0,0,2,0,0,0,0,0,2,0,0,0,1,0,0,0,0,0,9,0,0,0,0,0,0,0
565,0,0,0,0,0,0,0,22,0,0,9,0,0,0,0,0,0,0,0,0,0,0,0,0,6,1,0,0,0,0,0,1,2,0,0,0,2,0,0,0,0,0,2,0,0,1,0,0,1,0,2,5,0,2,0,0,5,0,0,0,0,5,0,0,0,0,0,0,0,0,0,0,4,0,0,0,0,0,0,0,0,0,0,1,0,0,0,0,0,0,0,0,0,27,0,0,0,1,2,11,3,0,22,0,10,0,0,0,0,0,0,0,0,0,0,0,0,0,0,0,0,0,0,0,0,1,0,1,0,1,0,0,0,0,0,0,0,5,0,0,0,3,14,0,0,2,3,2,0,4,0,0,0,0,0,0,0,0,0,0,0,0,0,0,2,12,0,0,0,0,0,6,0,0,0,0,0,0,0,0,0,0,0,0,0,0,0,0,1,0,6,0,10,0,0,0,0,0,0,0,0,0,0,0,0,0,0,0,0,0,0,0,0,1,0,0,0,0,23,0,0,0,0,0,1,0,0,0,0,2,0,0,0,0,2,0,0,0,0,0,3,0,3,0,0,0,0,24,0,0,0,0,0,0,0,0,1,0,0,0,16,28,0,5,0,0,7,0,15,0,0,1,4,0,2,0,6,0,0,0,0,0,0,0,0,0,1,0,8,0,0,0,0,0,0,0,14,0,0,0,0,0,0,0,0,0,11,0,0,0,0,0,0,0,0,0,0,0,0,0,0,0,1,0,0,6,0,6,0,0
566,0,0,0,0,0,0,0,71,0,0,12,2,4,0,0,10,0,0,0,0,1,0,0,0,0,0,14,0,0,0,0,1,1,0,1,0,3,0,0,0,0,0,0,0,3,7,0,0,0,0,1,0,3,0,0,0,0,0,0,0,0,7,0,0,0,2,0,0,0,0,0,0,0,0,0,0,1,0,2,0,0,0,0,0,0,8,0,0,0,0,0,0,0,0,0,0,0,0,0,0,1,0,6,1,6,1,0,0,0,0,0,0,0,0,0,0,0,0,18,0,0,1,2,0,0,0,0,0,0,0,10,0,1,0,0,0,0,8,0,0,1,1,0,0,0,0,0,0,0,0,1,0,0,0,1,0,0,0,0,0,0,0,0,0,0,0,0,0,0,2,4,10,0,8,0,0,0,0,0,0,15,0,0,0,0,0,0,0,1,2,0,0,0,0,0,0,0,0,0,0,0,0,0,0,0,0,0,0,8,0,0,0,0,0,0,0,1,0,7,0,0,9,0,0,0,0,1,0,0,0,0,1,0,0,0,0,0,0,0,17,0,1,9,0,0,0,0,0,0,0,0,0,0,0,0,0,0,0,0,0,4,6,2,0,0,0,20,0,28,1,0,0,0,0,1,0,0,16,0,0,8,0,0,0,4,0,2,0,6,1,0,0,0,7,0,0,5,0,0,2,0,0,0,1,0,1,0,0,0,0,4,0,0,0,5,0,4,0,0,0,0,1,4,0,0,0,5,0,63,0
567,0,0,1,0,2,0,0,23,0,0,35,1,0,0,0,0,0,0,5,0,0,0,0,0,7,2,0,0,2,2,0,0,0,0,0,0,0,0,0,0,0,0,0,0,2,0,0,0,0,0,0,0,0,0,0,0,0,0,1,0,0,9,0,0,0,0,0,0,0,4,0,0,0,0,0,0,0,0,2,0,0,0,7,5,0,0,0,0,7,0,0,0,0,0,0,0,0,0,1,0,2,0,0,0,0,0,0,0,0,0,12,0,0,0,0,0,4,1,0,0,8,1,0,0,0,0,0,0,0,1,0,0,0,0,0,11,0,4,3,16,0,2,0,0,0,0,0,1,0,19,7,0,0,0,0,0,0,0,0,0,0,1,9,0,0,0,0,0,0,0,0,6,0,0,0,0,1,0,0,1,0,0,0,0,0,0,0,0,6,0,5,0,1,0,0,0,0,0,0,0,0,0,0,0,0,0,0,0,0,0,0,0,3,1,0,0,1,0,9,0,0,1,10,0,0,2,5,0,0,0,0,0,0,0,0,0,1,0,0,1,1,0,4,0,0,0,0,0,0,0,0,0,0,0,0,0,0,0,0,0,0,1,0,5,0,0,0,0,0,0,12,0,0,0,0,0,0,0,0,0,0,0,0,1,0,1,0,0,0,7,0,0,0,0,0,0,2,0,0,0,0,0,3,0,0,1,53,0,2,0,0,1,1,3,0,3,0,0,8,0,0,4,1,0,0,4,0,0,13,0
568,4,1,0,0,8,1,0,17,0,0,10,4,0,0,0,0,0,0,0,0,0,0,4,5,6,0,0,0,0,0,0,0,0,0,3,0,0,0,0,3,0,0,0,0,0,0,0,0,0,0,0,0,0,0,0,0,0,0,29,1,0,10,0,0,0,0,0,0,0,3,0,0,0,0,0,0,0,0,0,0,0,0,1,0,0,0,3,3,0,0,0,0,0,1,0,0,0,0,0,0,1,0,6,0,2,0,0,0,0,0,1,0,0,0,1,0,0,0,0,0,0,7,0,0,1,2,0,0,0,0,0,0,0,0,0,0,0,0,2,0,0,0,0,0,0,0,30,0,0,3,0,0,0,0,0,0,0,0,0,0,0,0,2,0,0,0,0,0,0,0,0,46,0,2,0,0,9,0,0,0,0,0,0,0,0,0,0,0,0,0,0,0,0,0,0,0,0,0,0,1,0,0,3,0,0,0,0,0,0,0,0,0,1,3,0,0,0,0,2,3,0,0,0,0,0,0,0,0,0,0,0,0,0,0,0,0,2,2,0,0,7,0,0,0,0,0,0,0,0,0,2,2,0,0,0,0,0,0,0,0,18,8,0,5,0,0,0,0,0,0,3,0,0,2,24,0,0,1,0,0,0,0,0,0,0,0,0,0,1,0,0,0,0,1,0,0,1,0,45,0,3,0,0,0,0,0,9,4,0,0,2,0,0,6,0,0,1,0,0,0,0,1,17,0,0,1,3,0,0,0
569,0,1,1,0,15,2,0,0,0,0,27,2,0,9,0,0,2,0,0,0,0,0,0,14,16,1,0,0,1,1,0,0,0,0,0,0,0,0,1,0,0,0,0,0,2,5,0,0,0,0,0,0,2,0,0,2,0,1,0,0,0,0,0,0,0,1,0,0,0,0,0,2,4,0,0,0,0,0,1,0,0,0,0,0,0,0,2,0,0,0,0,0,0,0,0,0,0,0,0,0,0,0,1,0,3,0,0,0,0,0,0,0,0,0,15,0,11,1,0,0,0,0,0,0,0,0,0,0,0,0,0,0,0,0,0,0,0,5,6,13,0,2,0,0,2,3,47,1,0,0,9,0,0,0,0,0,0,0,0,0,0,3,0,0,0,2,5,1,0,2,1,0,0,0,0,0,1,0,1,0,1,2,0,0,0,0,6,0,0,0,0,0,0,0,0,1,0,0,0,0,0,0,7,0,0,0,0,0,0,0,0,0,0,6,0,0,0,0,32,0,0,0,6,0,1,0,2,0,0,0,0,0,0,0,0,0,0,0,0,0,1,0,5,0,1,0,0,0,0,0,0,1,0,3,0,0,0,0,0,0,0,2,0,4,0,0,0,0,0,0,12,0,0,0,0,0,2,0,0,0,1,0,0,0,0,0,0,0,6,2,0,0,0,0,0,0,8,0,0,0,0,0,0,0,0,0,47,0,10,0,0,0,0,5,0,0,0,0,0,0,0,1,3,0,0,0,0,0,11,2
570,0,0,0,14,11,11,0,60,0,5,2,18,0,0,5,0,0,0,0,1,0,0,3,0,2,0,0,0,0,0,0,1,2,0,0,0,10,0,0,0,0,0,0,0,0,0,0,0,0,0,0,0,0,0,0,0,0,0,0,2,1,2,0,0,1,0,0,0,0,1,0,43,0,0,0,0,0,0,0,0,0,0,0,0,0,0,5,0,3,2,0,0,0,1,0,1,0,0,0,0,0,0,17,0,9,1,0,0,0,3,2,0,0,0,0,0,12,0,0,0,0,3,1,0,4,0,0,0,0,0,0,0,0,0,0,0,3,6,0,0,1,1,0,3,0,0,0,0,0,1,0,0,0,0,0,0,0,3,0,6,0,4,0,0,0,0,0,0,0,0,0,9,0,0,0,0,2,1,0,1,0,0,0,0,0,0,15,0,5,0,0,0,0,0,1,0,0,0,0,0,9,0,0,0,0,0,2,0,0,0,1,0,0,0,0,0,0,0,3,0,1,1,0,0,0,0,0,0,0,0,0,0,1,0,0,0,3,0,3,7,6,0,2,5,0,2,0,0,0,0,0,0,0,0,3,0,0,1,0,0,0,23,0,6,0,0,0,0,0,0,4,0,0,7,0,0,0,0,0,0,0,0,0,0,0,0,0,0,0,0,0,0,0,3,0,1,0,0,11,0,0,0,0,0,0,1,9,5,0,0,1,0,0,0,0,0,0,0,0,2,0,0,31,0,0,0,0,0,0,0
571,0,0,0,0,4,0,0,17,0,0,6,0,0,4,0,1,0,0,0,0,0,0,0,9,22,0,0,0,0,0,0,0,0,0,0,0,0,0,0,0,0,2,0,0,0,0,0,0,0,1,0,0,0,0,6,0,0,0,0,0,0,4,0,0,2,0,0,0,0,2,0,0,0,0,0,0,1,0,0,0,0,0,0,0,0,0,0,0,0,0,0,21,0,1,0,0,0,0,0,0,1,0,2,0,0,0,1,0,0,0,0,2,0,0,0,0,0,2,0,0,0,1,0,0,0,0,1,0,0,0,0,0,0,0,0,0,1,12,0,12,0,2,0,0,0,0,0,2,0,5,0,0,0,0,0,0,0,0,0,0,0,0,0,0,0,0,0,0,0,0,0,0,0,0,0,2,0,0,0,0,0,0,0,1,0,0,0,0,0,0,0,0,0,0,0,0,0,0,0,0,0,0,0,0,0,0,0,0,0,2,1,0,0,6,0,0,0,0,6,0,0,4,0,0,0,0,0,0,0,0,0,0,0,0,0,0,0,0,0,0,1,2,14,0,0,0,0,0,0,0,0,4,0,0,1,0,0,0,0,0,1,3,0,3,0,0,0,0,0,0,2,0,0,1,1,0,0,0,0,0,2,0,1,0,0,0,0,0,0,0,0,0,0,0,0,0,5,0,0,0,0,0,0,0,6,0,16,0,0,0,0,0,0,0,0,1,1,0,0,0,0,0,3,0,0,0,0,0,0,0
572,0,0,5,0,2,0,0,41,0,12,12,11,0,0,1,0,0,0,0,0,0,0,1,0,32,0,0,0,0,0,0,0,1,0,0,0,0,0,0,4,0,0,0,0,0,0,0,0,6,0,0,2,0,0,0,0,3,0,0,1,2,3,0,0,0,1,0,0,0,0,0,0,0,0,0,3,0,0,0,0,0,0,0,0,0,0,2,0,0,0,0,3,0,8,0,0,0,2,2,0,1,1,21,0,0,0,4,0,0,0,0,0,0,0,0,0,0,0,0,0,0,1,0,0,0,0,0,0,0,0,7,0,0,0,0,0,0,8,7,9,0,0,12,0,0,0,1,8,0,0,0,0,0,1,1,0,0,0,0,0,0,0,1,3,0,7,0,0,0,0,0,6,0,0,0,0,0,0,0,0,0,0,0,0,0,0,0,0,0,0,0,0,0,0,0,1,0,0,2,0,0,0,0,0,0,0,0,10,0,0,0,0,0,0,0,0,0,0,41,0,0,0,0,0,0,0,1,0,0,0,0,0,0,0,0,0,2,3,0,0,3,2,0,0,0,0,0,2,4,0,0,0,0,0,5,0,0,0,0,0,0,25,0,0,0,0,0,0,0,1,1,0,0,0,1,0,0,0,0,0,2,0,0,0,0,15,1,0,2,0,0,0,0,7,0,0,0,0,0,0,0,0,0,2,0,0,8,2,0,0,0,0,0,0,0,0,0,0,0,0,0,2,6,20,0,0,5,0,0,0
573,0,0,0,0,0,0,1,0,0,0,2,6,0,0,0,0,0,0,0,0,0,0,1,0,7,0,0,0,0,0,0,0,0,0,3,0,0,0,0,3,0,0,0,0,0,0,0,0,0,0,0,0,0,0,0,6,0,0,0,0,0,1,0,0,0,0,0,0,0,0,0,0,0,0,0,0,0,0,0,0,0,2,1,0,0,1,5,0,0,0,0,0,0,1,10,0,0,1,0,0,0,0,6,0,21,0,0,0,0,0,0,0,0,0,0,1,0,0,0,0,0,3,2,0,0,0,0,0,0,0,41,0,0,0,0,0,0,6,3,0,0,2,1,0,0,4,0,0,0,0,0,0,0,0,0,0,0,0,0,0,0,25,1,0,0,0,0,0,0,0,0,0,0,0,0,0,1,0,0,0,0,0,4,0,0,0,0,0,2,0,0,0,0,0,0,3,0,0,0,0,0,0,0,0,0,0,0,1,0,0,0,0,1,5,0,0,1,0,4,0,0,1,0,1,0,0,0,0,0,0,0,0,0,0,0,0,0,0,0,0,5,6,5,0,0,0,0,0,3,0,0,2,0,0,0,0,0,0,0,0,0,13,0,0,0,0,0,0,0,0,3,0,0,0,0,0,1,0,0,0,0,0,0,0,0,0,0,0,0,0,0,0,0,1,0,0,1,0,13,0,0,0,1,1,0,0,0,0,0,0,0,1,0,0,0,0,2,0,0,0,0,1,19,9,0,0,0,0,1,0
574,0,0,2,0,2,0,0,17,0,0,8,5,0,1,0,0,0,0,0,0,0,0,1,11,9,0,0,0,0,0,0,0,0,0,0,0,0,0,0,0,0,0,0,0,0,1,0,0,0,0,0,0,0,0,0,0,0,0,0,0,1,0,10,0,0,0,0,0,0,0,0,0,0,0,0,0,0,0,0,0,0,0,0,0,1,0,0,0,0,0,0,21,1,10,0,0,0,0,5,0,2,0,28,2,17,0,0,0,0,0,1,0,0,0,0,0,0,4,0,0,0,0,0,0,0,2,0,0,0,0,0,0,0,0,0,0,1,0,0,5,0,0,0,1,0,0,1,3,0,0,1,0,0,0,0,0,0,0,0,0,0,1,0,4,3,11,0,0,0,0,6,5,0,0,0,0,0,12,0,0,0,0,0,0,0,1,0,0,2,0,0,0,0,0,0,0,0,0,4,0,0,0,0,3,0,1,0,0,0,0,6,0,0,1,0,0,0,0,9,0,0,0,44,0,0,0,0,0,0,0,0,0,0,0,3,0,0,0,0,9,1,0,17,0,0,1,0,4,0,0,0,0,0,0,0,0,0,10,0,0,0,0,0,3,0,0,0,5,0,1,0,0,0,0,3,0,0,0,0,0,0,0,0,0,0,0,0,0,3,0,0,0,0,9,0,0,13,0,0,0,0,1,0,0,1,0,10,1,0,0,0,0,0,0,7,1,0,0,0,0,0,1,2,0,0,8,0,0,0,0
575,0,0,1,0,3,0,0,74,0,0,14,4,0,0,1,0,0,0,0,0,0,2,2,0,36,0,0,0,0,0,0,0,0,0,0,0,0,2,1,0,0,0,0,0,0,0,0,0,0,0,0,0,0,0,0,0,0,0,0,0,0,0,0,0,2,0,0,0,0,0,0,0,0,0,0,3,0,0,2,0,0,0,0,0,0,0,0,0,0,0,0,0,0,16,3,0,0,0,0,30,0,0,11,0,5,0,0,0,0,0,0,0,0,0,0,0,0,0,0,0,0,0,0,4,0,0,0,0,0,0,0,0,0,0,0,0,0,12,0,0,0,1,0,0,0,0,8,0,0,0,2,0,0,0,1,0,0,0,0,0,0,10,1,0,0,0,0,0,0,1,0,7,0,0,0,0,0,0,0,0,0,0,2,0,0,0,0,1,0,0,2,0,0,0,0,0,0,0,0,0,0,0,0,0,0,0,2,5,0,0,1,0,1,1,0,0,0,0,11,0,0,2,0,0,2,0,0,0,0,0,0,0,0,0,0,0,0,0,0,0,1,3,36,0,0,1,0,9,0,0,0,2,0,0,0,0,0,3,0,0,1,10,1,3,0,0,0,0,0,1,0,1,0,1,0,0,0,3,0,0,0,0,0,0,4,6,0,0,2,0,0,0,0,6,0,0,39,0,0,0,0,0,0,0,0,0,38,1,5,0,0,4,1,0,0,0,0,0,0,0,0,2,2,0,0,0,0,0,0,0
576,0,0,1,0,1,0,0,7,0,0,23,0,2,0,0,0,1,0,0,0,0,2,0,0,17,0,7,0,0,0,0,0,0,0,0,0,3,0,1,2,0,0,0,0,0,2,0,0,0,0,0,0,0,11,0,0,5,0,0,2,0,0,0,0,3,1,0,0,0,0,0,0,0,0,0,0,0,0,0,0,0,0,0,2,0,8,0,0,0,0,0,0,1,2,0,0,0,1,9,0,1,0,11,1,1,0,0,0,0,0,0,0,5,0,0,0,0,0,0,0,16,1,0,0,0,0,1,0,0,0,0,0,1,0,0,0,1,3,0,2,0,0,0,2,0,0,0,2,0,0,3,0,0,0,0,0,0,0,0,0,0,0,0,3,2,38,0,0,0,0,6,0,0,0,0,0,1,0,0,0,0,0,0,0,0,0,0,1,0,1,0,1,0,0,0,1,0,0,1,0,0,0,0,0,0,0,1,0,22,0,0,0,0,0,0,0,0,0,7,9,1,0,0,0,2,1,1,0,0,0,4,0,0,0,4,0,0,0,0,0,0,0,0,2,0,0,0,0,0,14,0,0,0,0,0,0,0,0,0,0,4,0,1,0,0,0,0,0,12,0,0,0,0,1,0,0,0,7,0,0,0,3,0,0,5,0,0,0,1,0,0,0,0,11,0,0,11,0,0,0,0,0,0,0,0,0,21,0,3,0,0,0,1,0,8,0,0,0,1,0,0,0,4,0,0,0,0,0,0,0
577,0,1,2,0,3,0,0,17,0,0,8,7,0,1,0,0,0,0,0,0,1,0,0,29,50,0,0,0,0,0,0,0,0,0,0,0,0,0,0,0,0,0,0,0,0,0,0,5,0,0,0,5,0,0,4,1,0,1,0,0,2,3,0,0,0,0,0,0,0,0,0,0,0,0,0,0,0,0,0,0,0,0,0,0,0,0,4,0,0,0,0,0,0,0,0,0,0,0,0,0,0,0,1,0,1,0,0,0,0,0,0,0,0,0,0,4,0,0,0,0,0,0,0,0,0,0,0,0,0,0,0,33,0,0,0,17,1,14,3,4,0,3,0,0,0,0,0,1,1,11,5,1,0,0,0,0,0,0,0,0,0,0,8,0,0,24,8,0,0,0,0,3,0,0,0,3,0,0,1,0,0,0,0,0,0,0,0,0,0,0,0,0,0,0,0,0,0,0,0,0,2,0,0,0,9,3,0,0,0,0,1,0,0,2,0,0,0,0,24,20,0,0,0,0,0,0,1,0,2,0,0,3,1,0,0,0,0,0,0,0,2,0,16,0,0,0,0,0,0,0,0,1,0,0,0,0,0,2,0,0,0,0,0,16,0,0,0,0,14,0,9,13,0,0,5,0,0,0,0,0,0,0,0,0,0,0,0,0,0,0,0,0,8,0,0,0,3,0,17,0,0,0,0,0,0,0,26,0,0,0,0,0,0,0,0,0,0,0,16,0,0,2,5,0,0,0,0,0,0,2
578,6,0,0,0,14,0,0,20,0,0,5,3,0,5,0,0,0,0,0,0,0,0,1,0,6,0,0,0,4,0,0,0,0,0,0,0,0,0,0,1,0,0,0,0,0,0,0,1,0,0,0,0,0,0,0,0,0,0,0,1,0,5,0,0,0,0,0,0,0,0,0,9,0,0,0,0,0,0,0,0,2,0,0,0,0,0,6,0,0,0,0,3,1,0,0,0,0,0,0,0,0,0,3,0,5,2,0,0,0,0,0,0,0,0,0,0,0,0,0,0,0,0,0,0,0,0,0,0,0,0,0,0,0,0,0,0,0,30,2,0,0,9,0,0,0,0,0,0,0,2,0,0,0,0,0,0,0,0,0,0,0,5,0,0,0,0,0,0,0,0,0,0,0,0,0,0,3,0,0,1,0,0,0,0,0,2,0,0,0,0,0,0,0,0,0,0,0,0,0,0,0,0,0,0,0,0,0,1,0,0,1,0,1,1,0,0,0,0,0,3,0,0,0,1,0,0,0,0,0,0,0,0,0,0,0,0,0,0,0,0,6,0,0,0,0,3,0,4,0,2,0,1,0,0,0,0,0,0,0,0,0,0,0,20,0,0,0,0,0,0,5,0,0,0,10,0,0,0,0,0,0,0,0,0,0,2,0,0,0,0,0,0,1,0,0,0,1,0,52,0,0,0,0,0,0,0,10,0,0,0,0,0,1,0,0,0,0,1,0,0,0,1,10,16,0,0,5,0,0,0
579,0,0,0,0,40,0,0,25,0,0,3,5,0,3,0,0,0,2,0,0,0,0,1,0,0,1,0,0,2,0,0,0,0,0,0,0,0,0,0,0,0,0,0,0,1,0,0,0,0,0,0,0,0,0,0,0,0,0,12,0,0,3,0,0,0,0,0,0,0,0,0,7,0,0,0,2,0,1,0,0,0,0,0,2,0,0,8,0,0,0,0,0,1,1,0,0,0,0,0,0,0,9,1,0,2,0,0,0,0,0,0,5,0,0,1,0,9,0,0,0,0,7,2,0,5,0,0,0,0,12,0,0,0,0,0,1,3,6,0,0,2,0,0,4,0,0,0,0,0,2,0,0,0,0,0,0,0,3,4,0,0,10,2,0,0,1,0,0,0,0,1,5,0,0,0,0,2,0,0,0,0,0,3,0,0,0,0,0,0,0,0,0,0,6,0,0,0,0,0,0,0,1,0,0,0,0,4,0,0,0,0,13,0,0,1,0,0,0,2,0,0,0,0,0,0,0,0,0,0,0,0,0,0,0,0,0,0,1,0,6,1,0,2,0,0,3,0,1,15,0,0,2,0,0,0,0,0,0,0,0,3,19,0,21,0,0,0,0,0,2,2,6,0,5,7,0,0,0,2,0,0,0,0,0,0,0,0,0,1,0,0,0,0,0,0,0,0,0,21,0,0,0,0,0,0,0,19,0,0,0,1,0,0,0,0,0,0,0,0,0,0,0,11,0,0,1,2,0,0,0
580,0,0,0,1,4,0,0,39,0,16,22,0,0,0,0,0,0,0,0,0,0,0,0,0,10,0,31,0,0,0,0,0,0,0,1,0,10,3,0,0,0,0,0,0,2,0,0,11,0,0,0,0,0,0,0,0,4,0,0,0,2,8,29,0,0,0,0,0,0,0,0,0,0,2,0,0,0,0,0,0,0,0,0,0,1,3,0,0,0,0,0,0,0,0,3,0,0,0,1,18,3,0,0,1,0,0,3,0,0,0,0,1,0,0,0,0,0,0,0,0,0,1,0,0,0,1,0,0,0,0,0,0,1,0,0,0,0,10,0,0,0,0,0,0,0,0,0,7,0,0,0,0,0,0,0,0,0,1,0,7,0,0,0,0,1,3,0,0,0,0,9,6,0,0,2,0,0,0,3,0,0,0,3,0,0,0,0,0,0,0,5,0,0,0,0,0,0,0,0,1,6,0,1,0,0,0,0,0,16,0,1,0,0,0,0,0,0,0,27,0,0,0,0,0,0,0,0,0,0,0,2,0,9,0,1,0,0,6,0,0,2,0,5,0,0,0,0,0,1,0,0,0,0,10,0,0,1,3,0,0,7,42,2,0,0,0,2,0,15,0,0,0,0,0,0,0,0,0,0,0,0,0,0,0,0,31,1,0,4,0,0,0,0,0,0,0,9,0,0,0,0,0,0,0,0,0,0,1,7,0,0,0,0,0,0,0,0,0,0,0,0,1,8,0,0,0,0,4,0,0
581,0,0,1,0,7,0,0,9,0,0,12,4,0,0,0,0,0,0,10,0,0,0,0,0,29,0,0,0,0,0,0,0,0,0,0,0,0,0,0,0,0,0,0,0,5,0,0,0,0,0,0,0,0,0,0,4,0,0,0,0,1,0,0,0,0,0,0,0,0,2,0,0,0,0,0,0,0,0,0,0,0,1,0,0,0,0,0,3,1,0,0,0,0,0,0,1,0,0,2,0,0,0,1,1,0,0,0,0,0,0,0,3,0,0,12,4,0,0,0,0,0,0,0,0,0,1,0,4,0,3,0,0,0,0,0,17,0,8,25,9,0,3,6,0,0,0,23,0,0,9,5,0,0,0,0,1,0,0,0,0,0,0,28,0,0,5,0,0,0,0,3,2,0,0,0,0,1,0,0,0,0,0,0,0,0,0,0,0,6,0,4,0,0,0,4,0,0,0,0,0,0,0,0,0,0,0,0,0,0,0,0,0,0,1,0,0,0,0,5,1,0,0,0,0,0,0,0,0,0,0,0,0,0,0,0,1,4,1,0,0,5,0,33,0,0,0,0,0,0,0,0,0,0,0,0,0,0,0,0,0,1,0,0,9,0,0,0,0,0,1,9,26,0,0,0,0,1,0,0,0,0,0,0,0,0,0,0,0,0,0,0,0,0,0,0,0,5,0,4,0,0,0,5,0,0,0,29,0,0,0,0,1,1,0,0,0,0,0,8,0,0,1,5,0,0,0,0,0,0,0
582,0,0,1,0,45,0,0,27,0,0,3,3,0,0,0,0,0,0,0,0,1,0,3,0,0,1,0,0,0,1,0,0,0,0,0,0,0,1,3,0,0,0,0,0,0,0,0,0,0,0,0,9,0,0,0,0,0,0,0,0,0,1,0,0,0,0,0,0,0,0,0,0,0,0,0,0,0,1,0,0,0,0,0,0,0,0,0,0,0,0,0,4,0,0,0,0,0,0,0,4,0,0,4,0,2,1,0,0,0,2,1,7,0,0,0,0,0,0,0,0,0,9,0,0,0,0,0,0,0,0,40,0,0,1,0,0,0,4,1,0,5,0,0,0,0,0,0,1,0,0,0,0,0,0,0,1,0,0,3,0,0,4,0,0,0,1,0,0,0,0,0,0,0,0,0,0,2,0,0,0,0,0,0,0,0,1,0,0,0,0,2,0,0,0,0,0,0,0,5,0,0,0,0,0,0,0,2,0,0,0,0,0,0,5,0,0,0,0,3,0,0,2,5,0,0,0,0,0,0,0,0,0,0,0,0,0,2,0,0,0,9,10,2,0,0,2,3,0,6,0,4,0,0,10,0,0,0,0,0,17,0,33,0,18,0,0,0,0,0,0,2,0,0,0,21,0,0,0,0,0,0,0,0,0,0,0,0,0,0,1,0,2,0,2,0,0,0,0,20,0,0,0,0,0,0,0,5,0,0,0,2,1,0,0,0,0,0,0,0,0,0,1,14,0,0,0,7,0,0,0
583,0,0,1,0,0,0,0,7,0,0,9,0,0,0,0,0,5,0,0,0,0,0,0,22,19,8,0,1,0,1,0,0,0,0,0,0,5,0,0,0,0,0,0,0,4,0,0,0,0,1,0,0,0,1,6,0,6,0,0,0,0,5,0,0,0,0,0,0,0,0,0,0,0,1,0,0,0,0,0,0,0,0,0,24,0,0,0,0,9,0,0,0,0,1,0,0,0,0,6,0,1,0,0,3,0,0,0,0,8,0,0,0,0,0,0,0,6,1,0,8,0,1,0,8,0,0,0,0,0,0,0,6,0,0,0,14,0,7,0,3,29,2,0,0,0,0,0,0,0,0,0,0,0,0,0,0,0,0,0,0,0,0,44,0,0,0,0,0,0,0,0,2,0,0,0,0,1,0,0,0,0,2,0,1,0,1,0,0,0,0,0,0,1,0,0,0,1,0,0,1,2,0,0,0,0,0,0,0,4,0,0,6,1,0,0,0,0,0,21,11,0,0,0,0,2,0,0,0,0,0,0,0,1,0,0,0,0,0,1,0,0,3,0,0,0,0,0,0,0,2,0,0,0,0,1,0,0,1,0,0,3,3,0,0,0,0,0,0,15,0,6,0,0,0,14,0,0,0,0,0,0,0,0,0,2,0,1,0,5,0,0,0,0,0,0,0,1,0,0,1,0,0,2,0,0,3,13,0,0,0,0,1,0,0,0,0,0,0,17,0,0,1,3,0,0,0,0,0,0,0
584,0,0,1,35,37,0,1,2,0,1,23,1,0,13,0,0,0,0,0,0,0,0,1,0,0,0,0,0,0,0,0,0,0,0,0,0,6,0,0,0,0,0,0,0,0,0,0,5,4,0,0,0,0,0,0,5,0,0,0,0,1,3,1,0,0,0,0,0,0,0,0,29,0,0,0,0,0,0,0,0,1,0,0,0,0,0,6,1,0,0,0,4,0,1,0,0,0,0,0,0,0,0,9,0,4,0,0,0,0,0,0,0,0,0,0,2,4,1,0,0,0,5,0,0,0,0,0,0,0,0,0,0,0,0,0,0,0,3,1,0,0,0,0,0,0,0,2,0,0,0,1,0,0,0,0,0,0,0,0,0,0,0,0,0,0,0,0,0,0,0,0,24,11,0,0,0,0,1,0,0,0,0,0,0,0,0,0,0,0,0,0,0,0,4,0,0,0,0,5,0,0,0,5,0,0,0,0,0,0,0,0,0,0,4,1,0,0,1,1,0,5,0,0,0,0,0,1,0,0,0,0,0,0,0,0,0,0,0,0,0,6,0,2,0,0,0,0,0,0,1,0,1,0,7,0,0,0,0,0,0,0,15,0,10,0,0,0,0,0,1,8,0,0,0,8,0,0,0,0,0,0,0,0,0,0,1,0,0,1,0,0,0,0,5,0,0,0,0,11,0,0,0,0,0,0,1,0,0,0,0,0,0,0,10,0,0,0,0,0,0,0,2,7,4,0,0,0,0,0,0
585,0,0,3,0,4,0,0,13,0,0,8,1,0,1,0,0,1,0,0,0,0,1,0,0,0,0,0,0,0,0,0,0,1,0,0,0,0,3,0,0,0,0,0,1,0,0,0,0,0,0,0,0,0,0,0,0,0,0,8,0,0,0,0,0,0,0,1,0,0,0,0,0,0,0,0,0,0,0,0,0,0,0,0,0,0,0,1,0,0,0,0,3,1,10,0,0,0,1,0,0,1,0,70,0,23,2,0,0,0,0,1,0,0,0,0,0,0,0,0,0,0,0,0,0,0,0,0,0,0,0,0,4,2,0,0,0,0,5,5,4,0,1,0,0,0,1,0,5,0,45,2,5,0,0,0,0,2,0,0,0,0,13,1,0,0,7,0,0,0,0,8,3,0,0,0,0,0,0,0,0,0,0,0,0,0,0,0,0,0,1,0,1,13,0,0,0,0,0,0,0,0,0,0,0,0,1,1,0,0,0,0,0,0,0,0,0,0,0,30,0,0,0,11,0,0,0,0,0,0,0,0,0,0,0,3,0,25,0,0,0,3,0,10,0,0,1,16,5,0,0,0,1,1,0,0,1,0,0,0,0,0,15,0,0,0,0,0,0,0,1,1,1,6,0,1,0,0,0,0,4,0,0,0,0,0,6,0,0,0,0,0,0,0,0,0,0,11,0,0,0,0,0,0,0,0,0,0,0,0,3,1,5,1,0,0,0,0,0,0,0,1,1,4,0,0,0,0,0,0,0
586,0,0,0,0,0,0,0,59,0,0,8,0,0,0,2,0,0,0,0,0,0,5,0,0,0,0,0,0,0,1,0,0,0,0,0,0,0,0,0,0,0,0,0,0,0,0,0,0,0,0,0,0,0,0,0,3,0,0,0,1,0,3,0,0,0,0,0,0,0,0,0,0,0,0,0,0,0,0,0,0,0,0,0,0,0,0,3,0,0,0,0,0,0,1,0,0,0,0,0,2,1,0,3,3,3,0,0,0,0,0,0,12,0,0,0,2,0,0,0,2,0,3,0,0,0,0,0,0,0,0,0,0,0,0,0,0,0,0,0,0,0,0,0,4,0,1,0,0,0,0,0,0,0,0,0,0,0,0,0,0,0,0,0,0,0,0,0,0,1,0,1,27,9,0,0,0,1,0,2,3,1,0,0,1,0,0,0,0,0,0,0,0,0,0,0,3,1,0,0,0,0,0,0,0,0,0,0,0,34,0,0,27,0,5,0,0,0,0,1,0,1,0,0,1,0,0,0,0,0,0,0,0,0,0,0,0,0,0,0,8,0,2,6,0,0,6,2,0,1,0,0,0,0,0,0,0,0,0,0,2,0,10,0,5,0,0,0,0,0,0,5,0,0,0,0,0,0,0,2,0,0,0,0,0,0,0,11,0,1,0,0,0,0,7,0,3,1,0,0,0,5,0,0,0,0,0,0,0,0,1,0,2,0,0,0,0,0,0,0,0,0,0,5,13,0,0,10,0,2,0
587,0,0,3,0,5,0,0,11,0,0,19,4,0,5,0,0,0,1,0,4,0,0,0,0,23,0,0,0,0,0,0,0,0,0,0,0,0,0,0,0,0,0,0,0,0,0,0,0,0,0,1,0,0,0,0,0,5,0,0,0,2,9,0,0,0,0,0,0,0,0,0,0,0,1,0,0,0,0,0,0,0,0,0,0,0,0,9,0,5,0,0,3,0,0,9,1,0,0,0,0,1,0,1,0,0,2,0,0,0,0,17,2,0,0,0,1,0,0,0,0,0,1,0,0,0,0,0,0,9,9,0,0,0,0,0,0,1,13,0,1,0,5,0,0,6,0,0,1,0,12,3,1,0,0,1,0,0,0,0,0,0,0,0,0,0,3,0,0,0,0,0,0,0,0,0,0,0,0,0,0,0,0,0,0,0,0,0,0,0,0,0,0,0,0,0,0,0,0,1,0,0,0,0,0,11,3,0,2,0,0,0,0,0,0,0,1,0,0,0,0,0,0,0,0,0,0,2,0,0,0,0,0,2,0,0,0,0,0,0,0,3,0,22,0,0,0,0,0,0,0,0,0,0,0,0,0,0,0,0,0,1,1,0,5,2,0,0,0,0,1,2,0,0,0,5,1,0,0,0,0,0,0,0,0,0,0,1,0,6,0,0,0,0,0,0,0,1,2,0,0,0,0,0,3,7,0,0,0,0,0,0,0,0,2,0,3,0,0,0,0,0,0,6,0,0,0,0,1,0,0
588,0,0,2,0,4,0,0,3,0,0,18,5,0,10,0,0,0,0,19,2,0,0,0,0,60,4,5,0,0,2,0,1,0,0,0,0,0,0,0,0,0,0,0,0,0,0,0,0,0,0,1,0,0,0,0,3,0,0,0,0,1,3,0,0,0,0,0,0,0,0,0,0,0,0,0,0,0,0,0,0,0,0,0,0,0,0,0,0,1,0,1,20,0,0,5,5,0,0,0,0,1,0,1,0,1,1,0,0,0,5,0,2,0,0,0,1,0,0,0,1,0,0,0,0,0,0,0,0,0,5,0,0,0,1,0,0,0,4,10,2,18,0,0,0,2,0,0,0,0,0,1,0,0,0,0,0,0,1,0,0,0,3,3,0,0,6,0,0,0,0,0,0,0,0,0,1,0,0,0,0,0,0,0,0,0,0,0,0,0,0,0,0,1,0,0,0,0,0,0,0,0,0,0,0,0,0,0,0,0,1,1,0,0,0,0,0,0,0,4,6,0,0,0,0,0,5,1,0,0,0,0,0,0,4,0,0,9,0,0,0,2,0,10,0,0,0,4,0,0,0,0,3,0,0,0,0,0,0,0,0,0,1,0,9,0,0,0,0,0,0,4,0,0,0,0,0,0,0,0,1,1,0,0,0,0,0,1,0,4,3,0,0,0,0,7,0,0,1,0,0,0,0,9,0,0,0,0,0,0,0,0,2,0,0,0,1,0,0,78,0,0,1,3,0,0,0,0,0,0,0
589,0,0,1,0,6,0,0,0,0,0,10,7,0,0,0,0,0,0,0,0,0,0,1,0,26,0,0,0,0,0,0,0,0,0,0,0,0,0,0,2,0,0,0,1,2,0,3,0,3,0,1,0,0,0,0,0,0,0,0,0,0,3,0,0,0,0,0,0,0,0,0,0,0,0,0,0,0,0,3,0,0,0,0,0,0,0,2,1,0,0,0,0,0,0,0,0,0,0,0,0,0,0,55,0,10,0,0,0,0,1,0,0,0,0,8,0,0,0,0,0,0,0,5,3,0,0,0,0,0,0,0,5,0,0,1,0,0,4,12,4,0,1,0,0,0,1,4,3,0,0,3,10,0,0,0,0,0,0,2,4,0,2,1,0,0,11,0,0,0,1,0,1,0,2,0,0,1,9,1,0,0,0,2,0,0,0,0,0,0,0,0,0,0,0,0,0,0,0,0,0,0,0,0,3,0,0,0,0,0,0,0,0,0,0,0,0,0,0,35,0,0,0,42,0,0,0,0,0,1,0,0,1,7,0,0,0,4,0,0,2,0,0,0,0,0,0,0,0,0,0,1,2,0,0,0,0,0,0,0,0,10,0,0,0,0,0,0,0,0,2,0,0,7,0,1,0,0,0,0,0,0,0,0,1,0,0,0,0,0,0,0,0,0,0,0,1,8,0,1,2,0,0,0,0,0,0,34,3,0,3,0,3,0,0,4,0,1,0,0,0,0,0,2,0,0,0,0,0,0,0
590,0,0,0,0,7,0,6,39,0,0,5,0,0,0,0,0,2,0,0,0,0,0,0,0,7,8,7,2,1,1,0,0,0,0,0,0,0,0,0,0,0,0,0,0,3,0,0,0,0,1,0,0,0,1,1,0,5,0,0,0,0,0,0,0,0,0,1,0,0,0,0,1,12,0,0,0,0,0,0,8,0,0,0,14,0,0,0,0,0,0,0,0,0,0,0,0,0,2,0,24,2,1,0,2,1,0,0,1,0,0,0,6,0,0,0,0,0,1,0,0,0,1,0,0,0,2,0,7,6,3,0,0,0,0,0,4,0,6,0,0,0,1,0,0,0,0,8,0,0,0,0,0,0,0,0,0,0,0,0,0,0,0,0,0,0,11,2,0,1,0,0,1,0,0,0,0,0,0,0,0,0,1,0,0,0,0,0,1,0,0,0,0,0,0,0,0,0,0,0,0,0,0,1,1,0,3,0,0,0,0,1,0,0,0,0,0,0,0,4,0,0,0,0,0,0,4,0,0,0,0,0,1,0,0,0,0,0,0,0,0,3,0,9,0,0,0,0,0,0,0,0,0,0,0,0,0,0,2,1,1,0,1,0,0,0,0,0,0,0,0,13,0,0,0,16,0,0,0,0,1,0,0,0,0,0,0,0,0,0,0,0,0,7,0,3,0,2,0,0,0,0,0,4,0,4,0,0,0,0,0,0,0,0,0,0,6,0,1,0,0,0,1,7,0,0,0,0,0,0,2
591,0,0,1,0,3,3,0,13,0,6,24,7,0,4,0,0,0,0,0,2,1,0,0,0,54,0,3,0,0,0,0,0,0,0,0,0,0,0,0,0,0,0,0,0,0,0,0,0,0,0,0,0,0,0,4,1,0,1,0,0,0,0,0,0,0,0,0,0,0,0,0,0,0,2,0,0,0,0,0,0,0,0,0,0,0,0,0,0,0,0,0,0,0,0,0,0,0,0,0,0,0,0,1,2,2,0,0,1,0,0,0,1,0,0,0,1,0,1,0,0,0,0,0,0,0,0,0,0,3,0,0,4,1,0,0,0,1,0,0,2,0,2,0,0,0,0,0,1,0,18,8,0,0,0,0,0,3,0,0,0,0,1,0,0,0,0,0,0,0,0,0,2,0,0,0,0,0,0,1,0,0,0,0,0,0,0,0,0,4,0,0,0,0,0,0,0,0,2,0,0,0,0,3,0,0,2,0,0,11,0,0,0,0,0,0,0,0,0,9,12,0,0,0,0,0,0,1,0,0,0,0,0,2,0,0,0,0,0,0,0,1,0,13,0,0,0,0,0,0,2,0,0,0,0,0,0,0,0,0,0,0,0,0,0,0,0,0,0,0,0,1,0,0,0,8,1,0,0,0,0,0,0,0,0,0,0,0,0,0,0,0,0,0,0,0,0,0,0,9,0,0,0,0,0,0,0,28,0,3,0,0,0,0,0,0,3,0,0,51,0,0,1,6,0,0,0,0,0,0,0
592,0,1,1,0,13,0,0,44,0,9,9,1,0,0,0,0,0,0,15,0,0,0,0,0,28,0,0,0,0,3,0,0,1,0,0,0,13,0,1,0,0,0,0,0,0,0,0,0,0,0,0,0,0,1,0,1,6,0,2,0,0,0,0,0,3,0,0,1,0,0,0,0,0,0,0,0,1,0,0,0,0,0,0,0,0,0,6,0,0,0,0,8,0,0,0,0,0,0,0,0,0,0,1,0,1,0,0,0,0,0,0,1,0,0,0,0,6,0,0,3,0,0,0,0,0,0,0,0,0,0,0,0,0,0,0,0,0,23,6,4,0,3,0,1,0,0,0,0,1,6,0,0,0,0,1,0,0,0,0,0,0,2,0,0,0,6,0,0,1,0,5,3,0,0,0,0,0,0,1,0,0,0,0,1,0,0,0,0,0,0,0,0,1,0,0,0,0,0,0,0,0,0,0,0,0,0,0,0,0,0,1,15,0,0,0,2,0,0,3,15,0,0,0,0,1,0,1,0,1,0,0,0,0,0,0,0,0,0,1,0,5,0,16,0,0,0,9,0,0,0,0,3,0,2,0,0,0,0,0,0,0,0,0,3,0,0,0,0,0,1,16,43,0,0,3,0,2,0,0,0,1,1,0,0,0,0,0,0,5,0,0,0,0,0,0,0,0,0,18,0,0,0,0,5,0,2,19,0,0,0,0,0,0,0,0,0,0,0,20,2,0,2,2,0,0,0,0,0,0,0
593,0,0,3,0,11,0,0,1,0,0,4,2,6,6,0,0,2,0,0,0,2,0,0,0,17,0,0,0,0,0,0,0,0,0,0,0,0,0,0,0,0,0,0,0,0,6,0,0,0,1,0,0,0,2,0,0,0,0,2,0,1,3,1,0,0,0,0,0,0,0,0,0,0,3,0,0,0,0,0,0,0,0,0,0,0,0,0,0,0,0,0,9,0,0,0,0,1,0,0,0,0,0,1,0,3,0,0,0,0,2,22,3,0,0,0,4,0,0,0,0,0,0,0,0,0,0,0,25,0,0,0,0,0,0,0,0,1,2,6,1,44,0,8,0,0,2,0,0,0,10,0,0,0,0,0,0,0,0,0,0,0,3,0,0,0,17,1,0,0,0,0,7,0,0,0,2,0,0,0,0,0,0,0,0,0,1,1,0,5,0,0,0,1,0,0,0,0,2,0,0,0,0,0,0,0,0,0,0,0,0,0,2,0,1,0,0,0,0,12,18,0,0,0,0,0,0,0,0,0,0,0,0,0,0,0,0,0,0,3,0,2,3,5,1,0,0,0,0,0,0,0,1,0,1,0,0,0,0,0,0,0,1,0,1,0,0,0,0,0,0,7,7,0,0,0,0,0,0,0,0,0,0,0,0,0,0,0,0,0,0,0,0,4,0,0,0,0,1,6,0,0,15,0,0,7,1,7,0,0,0,0,1,0,0,0,0,0,0,0,0,0,1,1,0,0,16,0,0,0,0
594,0,0,2,0,10,0,0,17,0,17,0,5,0,0,0,5,0,0,0,4,0,1,1,0,35,0,0,0,0,0,0,0,0,0,0,0,0,0,0,0,0,0,0,0,0,0,0,0,0,0,0,0,2,2,0,0,0,0,0,0,0,4,0,0,0,0,0,0,0,0,0,11,0,0,0,0,1,0,1,0,0,0,0,0,0,7,1,0,0,0,0,0,4,0,0,0,0,0,0,0,0,0,0,2,21,0,0,0,0,2,0,0,4,0,0,0,0,0,0,0,0,0,0,0,0,1,0,0,0,0,0,0,0,0,0,0,0,8,12,4,0,0,0,0,0,0,0,4,0,0,0,0,0,0,0,0,0,0,0,10,0,4,0,2,0,14,0,0,0,0,0,1,0,0,0,0,0,5,0,0,0,1,0,0,0,0,0,0,0,1,0,0,0,0,0,0,0,0,0,0,0,0,0,0,0,0,0,0,0,0,3,0,0,1,0,0,0,0,23,0,1,0,0,0,0,0,0,0,1,0,0,0,0,3,9,0,0,0,2,0,1,0,3,0,0,0,0,0,0,0,0,0,0,6,0,0,0,0,0,0,0,0,0,4,0,0,0,0,0,0,0,0,0,0,0,0,0,0,0,0,0,0,0,0,0,0,0,0,3,0,0,0,0,0,0,0,0,0,1,0,0,0,0,0,0,0,9,0,0,0,0,0,0,0,0,0,0,0,0,0,0,0,4,0,0,0,0,0,0,0
595,0,0,2,0,5,0,0,11,0,0,16,2,0,0,0,0,0,0,0,0,0,0,0,0,9,0,5,0,0,0,0,0,0,0,0,0,0,0,0,0,0,0,0,0,0,0,0,0,0,0,0,0,0,0,0,0,0,0,0,0,4,5,5,0,0,0,1,0,0,0,0,14,0,0,0,0,0,0,0,0,0,0,0,0,0,0,0,0,1,0,0,0,0,2,0,0,0,2,4,0,0,0,21,1,8,0,2,0,0,0,0,0,0,0,0,0,0,0,0,0,0,0,1,6,1,0,0,0,0,0,0,0,1,0,0,0,0,14,0,10,0,1,8,0,0,1,0,0,0,11,1,0,0,0,0,0,0,0,0,0,0,0,0,0,0,3,0,0,0,1,0,0,0,0,0,0,0,0,0,0,0,1,1,0,0,0,1,0,0,0,0,0,0,0,0,0,0,0,1,0,0,0,0,0,0,0,0,0,0,0,3,0,0,1,0,0,0,0,70,5,0,0,43,1,0,0,2,0,0,2,0,0,0,0,3,0,5,0,0,4,2,0,9,0,0,0,0,0,0,0,1,0,0,0,0,0,0,0,0,0,0,18,0,0,0,0,0,0,0,1,1,0,0,1,2,0,0,2,0,0,0,0,0,0,0,0,0,0,3,0,0,0,0,5,0,0,15,0,0,0,0,1,0,0,0,0,45,1,0,0,0,0,0,0,3,0,0,0,0,0,0,1,4,27,0,0,0,7,0,0
596,0,0,0,0,7,0,2,24,0,5,17,2,2,0,0,0,0,0,0,0,0,0,0,0,0,7,0,1,1,3,0,1,0,0,0,0,0,0,0,0,0,3,0,0,0,0,0,10,0,0,0,0,0,0,0,0,14,0,0,0,0,1,0,0,0,0,0,0,0,0,0,0,0,0,0,0,0,0,0,9,0,0,0,0,0,0,1,0,0,0,0,0,0,0,0,0,0,0,2,0,1,0,0,0,0,0,0,0,0,0,0,2,2,0,0,4,0,0,0,6,0,1,0,0,0,1,1,0,0,0,0,3,0,0,0,17,1,18,0,7,0,3,0,0,3,0,0,1,0,0,0,0,0,0,0,0,0,0,0,1,0,0,0,0,0,0,0,0,0,0,11,10,0,0,0,1,0,0,2,1,2,1,0,0,0,0,9,0,0,0,0,0,1,0,0,0,0,0,0,0,0,0,4,0,14,0,0,0,6,0,1,0,0,2,0,0,0,0,4,0,0,0,0,0,0,0,0,0,0,0,0,0,0,4,0,0,0,0,0,0,1,0,0,1,0,0,0,0,0,0,0,0,0,0,0,0,0,0,0,0,0,0,0,0,4,0,0,0,0,0,6,0,0,0,6,0,0,0,0,0,0,0,0,2,0,0,0,0,0,0,0,0,0,0,0,0,0,0,5,0,0,0,0,2,14,0,0,0,12,0,0,1,2,0,0,0,0,0,0,0,0,0,2,0,0,0,0,0,0,0
597,0,1,1,0,12,0,0,23,0,4,6,6,0,0,0,1,0,0,0,0,1,0,0,0,0,4,0,0,0,0,0,1,0,0,0,1,0,0,0,0,0,0,0,0,0,0,0,0,0,1,0,0,1,0,0,0,0,0,0,0,0,10,0,0,0,0,0,0,0,0,0,0,0,0,0,0,5,0,0,0,0,0,0,0,0,1,2,0,0,0,0,6,0,0,0,0,2,0,0,15,0,0,0,1,6,0,0,0,0,0,28,0,0,0,0,0,6,0,0,0,0,0,0,3,0,0,0,0,0,0,6,0,1,0,0,0,0,3,0,15,0,0,6,1,0,0,0,0,0,18,2,2,0,0,0,0,1,0,0,0,0,5,7,0,0,14,2,0,0,0,0,3,0,0,0,0,0,7,0,0,0,0,4,0,0,0,27,0,0,0,0,0,0,0,0,0,0,0,0,0,0,0,0,0,0,0,0,0,0,0,1,0,0,1,0,0,0,0,17,0,0,0,0,0,1,0,1,0,0,0,0,0,0,0,0,0,8,0,0,0,2,0,5,0,0,0,0,0,0,0,0,0,0,0,0,0,0,2,0,0,0,0,0,0,5,0,0,0,0,0,10,0,0,0,0,0,0,0,0,1,1,0,0,0,0,1,0,0,6,0,0,0,0,0,0,0,2,0,8,1,0,0,0,2,6,0,19,0,0,0,0,1,2,1,1,4,0,0,0,6,0,0,3,0,0,0,0,0,0,9
598,1,1,0,0,2,0,0,68,0,0,13,0,7,0,0,0,0,0,0,4,0,1,0,0,0,0,11,0,0,0,0,0,0,0,0,0,0,0,0,1,0,0,0,0,0,0,0,0,0,0,0,0,0,2,4,0,0,0,0,2,0,0,9,0,0,0,1,0,0,1,1,0,2,1,0,0,1,0,0,0,0,0,0,1,0,0,3,0,0,0,0,0,0,12,5,0,0,0,3,6,3,0,14,0,7,0,0,0,0,0,0,0,2,0,1,0,0,0,0,1,8,0,0,0,0,2,0,0,0,0,0,0,0,0,0,0,0,7,0,0,0,1,0,0,0,0,2,7,0,0,0,0,0,0,1,0,0,0,0,6,0,0,0,0,0,0,0,0,0,0,0,1,1,0,0,0,1,0,0,0,9,0,0,0,0,0,0,0,0,0,0,0,0,0,0,0,0,0,0,0,0,0,0,0,0,0,0,0,0,0,2,0,0,0,0,0,0,0,50,0,2,4,8,0,0,0,2,0,0,0,0,0,0,3,5,0,0,0,0,0,0,0,0,1,0,1,15,0,0,0,0,0,0,0,0,0,0,9,0,0,0,30,1,0,0,0,6,0,0,0,0,1,0,0,2,0,2,4,0,0,0,0,0,0,3,0,4,0,0,0,0,0,0,0,0,0,0,0,1,0,1,0,0,0,0,0,12,0,0,0,0,6,0,0,5,0,0,0,0,0,0,0,2,0,2,0,0,0,0,0
599,0,0,0,0,0,0,0,15,0,0,6,5,0,0,0,0,0,0,0,2,0,0,0,14,10,0,0,1,0,0,0,0,0,0,0,0,0,0,0,0,0,0,0,0,0,0,0,0,0,0,1,4,0,3,13,0,2,0,0,0,0,12,0,0,0,0,0,0,0,0,0,0,0,0,0,0,1,0,0,2,0,0,0,0,0,0,0,0,0,0,0,10,0,0,0,0,0,0,0,11,0,0,24,0,0,0,0,1,0,0,0,0,1,0,0,0,0,0,0,0,0,0,0,0,2,0,0,0,0,0,0,0,0,0,0,0,0,0,0,0,0,1,0,0,0,0,0,2,0,0,5,0,0,0,0,0,0,0,0,4,0,12,2,0,1,9,0,0,1,0,5,12,0,0,2,0,0,0,0,0,0,3,0,0,0,0,0,0,0,0,0,0,0,0,0,0,0,0,0,1,0,0,0,0,0,0,0,0,9,0,1,0,0,1,0,0,0,0,17,0,0,0,0,0,0,0,0,0,0,0,0,0,0,0,6,0,0,7,0,0,0,2,27,1,0,1,0,0,0,0,0,1,0,0,0,0,0,0,2,0,0,0,0,1,0,0,1,0,0,0,0,0,0,0,0,0,0,0,0,2,0,0,0,0,0,0,0,0,0,0,0,0,0,5,0,0,31,0,0,0,0,0,0,0,0,0,0,3,0,0,0,0,0,0,0,0,4,0,0,0,0,1,2,0,0,0,0,0,0,0
600,0,1,0,0,6,0,0,66,0,0,14,2,0,0,0,0,0,0,0,0,0,0,0,0,0,1,1,0,0,0,0,0,0,0,0,0,7,0,3,0,0,0,0,0,0,0,0,3,8,0,0,0,0,3,0,0,0,0,0,2,1,0,0,0,0,0,0,1,0,0,0,0,0,0,0,0,0,2,0,0,0,0,0,0,0,0,2,5,0,0,0,0,0,0,0,0,0,0,0,0,1,0,0,1,6,0,0,0,0,2,0,0,0,0,0,0,0,0,0,4,0,0,0,0,6,0,0,0,0,0,0,0,0,0,0,0,0,15,0,0,28,1,0,0,0,3,0,0,0,0,0,0,0,0,0,0,0,0,1,0,0,0,0,0,0,0,0,0,0,0,0,41,0,0,0,0,1,0,1,5,0,0,0,0,0,0,0,0,0,0,2,0,0,0,0,2,0,0,0,0,7,0,0,0,0,0,2,0,18,0,2,0,0,0,0,0,0,2,1,0,0,0,0,0,0,0,0,0,0,0,0,0,0,0,0,0,0,0,7,0,2,0,0,0,1,2,0,1,0,0,0,0,0,0,0,0,0,1,0,0,17,27,3,0,0,0,0,0,0,0,3,0,0,0,4,0,0,0,0,0,0,0,0,0,0,1,0,0,0,0,0,0,3,0,0,0,0,0,0,0,0,1,1,0,0,2,0,0,0,0,0,1,0,0,0,0,2,0,0,0,0,0,6,0,0,0,0,0,0,0
601,1,1,0,0,1,0,0,37,0,13,6,6,13,0,0,0,0,0,0,0,0,0,1,8,23,0,4,4,0,0,0,0,0,0,0,0,4,0,0,0,0,0,0,0,0,0,6,0,0,0,0,0,0,3,5,0,0,3,0,0,1,7,0,0,0,0,0,0,0,0,0,0,0,0,0,0,0,0,0,0,0,0,0,0,0,0,0,0,0,0,0,0,0,0,0,0,0,0,1,14,0,1,17,0,0,0,2,0,0,0,0,0,0,0,0,0,0,0,0,0,0,0,0,0,0,0,0,0,0,0,0,3,0,0,0,0,1,5,14,18,0,0,0,0,0,0,0,0,0,0,4,0,0,0,0,0,0,0,1,4,0,0,1,0,0,0,0,0,0,0,0,0,0,0,0,0,0,0,0,0,0,0,3,0,0,0,0,0,0,0,0,0,0,0,0,0,0,0,0,0,21,0,0,0,0,0,0,0,0,4,0,0,0,0,0,0,0,0,52,0,0,5,0,0,0,0,2,0,0,0,5,0,0,0,8,0,0,0,2,23,0,0,0,0,0,0,0,0,0,15,0,1,0,0,0,0,0,0,0,0,0,39,1,0,0,0,4,0,0,0,1,0,0,0,1,0,0,0,0,0,0,0,0,0,0,12,0,0,3,0,0,0,0,5,0,0,22,0,0,0,1,0,0,0,0,0,11,0,0,0,0,0,1,0,0,2,0,0,0,0,0,5,6,0,0,0,0,0,0,0
602,0,0,1,5,10,0,0,20,0,0,0,4,0,0,0,0,0,0,0,0,0,0,0,0,38,0,0,0,1,0,0,0,0,0,0,0,0,0,0,0,0,0,0,0,3,0,0,0,9,0,0,0,0,0,0,1,0,0,0,0,0,11,0,0,0,0,0,1,0,2,0,0,0,0,0,0,0,1,0,0,0,0,0,4,0,0,1,0,11,0,0,0,0,0,0,0,0,0,0,15,0,0,1,0,4,0,0,0,0,0,0,7,0,0,0,2,0,0,0,0,2,1,0,0,0,0,0,0,0,0,0,0,0,0,0,0,0,5,0,3,0,2,0,0,0,0,20,1,0,0,0,0,0,0,0,1,1,0,0,0,0,7,0,0,0,10,0,0,0,0,0,0,0,0,1,0,0,0,0,0,0,0,0,0,0,0,0,0,12,0,7,0,0,1,0,0,0,0,0,0,0,0,0,0,0,0,0,0,0,2,1,0,2,3,0,0,0,0,11,0,0,0,0,0,0,2,3,0,0,0,0,0,1,0,0,0,0,0,1,1,6,0,2,1,0,0,0,7,0,0,0,1,0,0,1,1,0,2,1,0,0,1,0,0,0,0,0,0,0,0,2,14,0,0,0,0,0,1,0,0,0,0,0,0,0,0,0,0,0,0,0,0,0,0,0,0,1,0,0,0,0,0,0,2,0,0,12,1,0,0,0,0,0,1,0,0,0,0,0,0,0,1,6,1,0,5,0,0,0,4
603,0,0,4,0,4,0,0,10,0,0,11,6,0,0,0,1,0,0,0,6,0,0,0,0,0,0,5,0,0,0,1,0,0,0,0,0,0,0,0,0,0,0,0,0,0,0,0,0,8,0,0,0,0,0,0,1,0,0,5,0,0,4,0,0,0,0,0,0,0,0,0,0,0,0,0,0,0,0,0,0,0,0,0,0,0,0,0,0,5,0,0,5,0,0,0,0,0,0,0,0,0,0,1,0,3,1,0,0,0,0,0,0,0,0,0,1,0,0,0,0,0,1,0,0,0,0,0,0,0,0,4,4,1,0,0,0,0,2,5,1,0,7,0,0,0,0,22,0,0,0,0,0,0,0,0,0,0,0,0,0,0,0,64,0,0,9,0,0,0,0,0,0,0,0,0,3,1,0,0,0,0,0,0,0,0,0,21,0,10,0,0,0,0,0,0,0,2,0,1,0,0,0,0,0,0,0,0,0,4,0,0,0,0,3,0,2,0,0,12,0,1,0,0,0,0,0,3,0,0,1,0,0,0,1,0,0,4,0,0,0,6,0,7,1,0,0,0,0,0,0,0,1,0,0,0,0,0,0,0,0,2,4,0,7,0,0,0,0,0,0,6,0,0,0,0,1,0,0,0,0,1,0,0,0,0,0,0,0,10,0,0,0,0,0,0,0,0,0,8,1,0,0,4,0,0,0,1,0,0,0,0,1,0,0,0,0,0,1,0,4,0,0,6,0,0,0,0,0,9,0
604,5,1,1,0,48,0,0,200,0,0,0,11,0,2,1,1,0,0,0,0,0,0,1,0,0,0,1,0,0,0,0,0,0,0,0,0,0,1,0,2,0,0,0,0,0,0,0,0,0,0,0,0,0,0,0,9,0,0,0,0,0,9,0,0,0,0,0,0,0,0,0,0,0,0,0,0,0,0,0,0,0,0,1,0,0,0,0,0,0,0,0,2,0,0,0,0,0,0,0,0,0,0,10,0,11,0,0,0,0,0,0,2,0,0,0,0,0,0,0,0,0,2,0,0,0,0,0,0,0,0,0,0,0,0,0,0,0,24,0,0,0,3,0,0,0,0,21,0,0,0,0,1,0,0,0,0,2,0,2,0,0,5,1,0,0,0,0,0,1,0,1,50,0,0,2,0,1,0,5,0,0,0,0,1,0,0,0,0,0,0,0,0,0,0,0,0,0,0,0,0,0,0,0,0,0,0,0,0,0,0,0,21,0,1,0,5,0,2,0,0,0,0,0,0,0,0,0,0,0,0,0,0,0,0,0,0,2,0,0,0,3,3,2,0,0,0,0,0,0,0,0,3,0,0,2,0,0,1,0,7,0,15,0,0,0,0,0,0,0,0,7,0,0,6,0,0,0,0,0,4,0,0,0,0,0,0,0,0,0,0,0,0,0,2,0,0,1,0,0,0,0,0,0,0,0,0,4,0,0,0,0,1,0,9,0,0,0,0,0,3,0,1,7,4,0,0,6,0,0,0
605,0,0,2,0,12,1,6,12,0,0,8,2,1,2,0,0,4,1,0,0,0,0,0,0,43,0,0,0,0,0,0,0,0,0,0,0,10,0,0,0,0,0,0,0,0,0,1,0,0,1,0,0,0,1,0,1,0,0,0,0,0,2,0,0,0,1,0,0,0,0,0,0,0,0,0,0,0,0,0,0,0,1,2,0,0,0,6,0,0,1,0,10,0,0,0,1,0,2,0,0,0,0,1,0,1,0,0,0,0,0,30,1,0,0,0,3,0,0,0,0,0,0,0,0,0,0,0,12,0,0,0,0,0,0,0,0,0,5,9,6,12,1,0,0,2,4,8,0,0,0,0,0,0,0,0,0,0,0,0,0,0,6,36,0,0,0,0,0,0,0,0,2,0,0,0,0,0,8,0,0,0,0,0,0,0,0,9,0,0,0,0,0,1,0,0,0,0,0,0,0,3,0,0,0,0,0,0,0,0,0,0,0,0,6,0,0,0,0,12,0,0,0,2,0,0,0,1,0,0,1,0,0,0,0,0,0,0,0,0,0,6,1,8,0,0,0,0,0,0,0,0,0,0,0,0,1,0,0,1,0,1,3,0,4,0,0,0,0,0,0,16,0,0,0,0,0,1,1,0,0,1,1,0,0,0,0,0,0,10,0,0,0,30,0,0,0,2,0,2,0,0,0,0,2,9,0,10,0,0,0,0,0,0,0,1,0,0,0,0,0,0,0,4,0,0,0,0,0,0,0
606,0,0,0,0,21,0,1,4,0,0,5,15,1,1,2,0,0,0,0,0,0,0,3,0,5,0,0,1,2,1,0,0,1,0,0,0,0,0,0,0,0,0,0,0,1,0,0,0,0,0,0,0,0,0,0,1,0,0,0,0,0,8,0,0,0,0,0,0,0,2,0,0,0,0,0,0,0,0,0,0,0,0,0,0,0,0,0,0,0,2,0,2,0,0,0,0,0,0,0,0,0,19,4,0,0,0,0,0,0,0,0,1,0,0,0,5,0,0,0,0,0,3,0,0,0,0,0,0,0,0,0,0,0,0,0,0,0,3,0,0,0,1,0,0,0,0,9,1,0,0,0,0,0,0,0,0,0,0,0,5,0,7,1,0,0,1,0,5,2,0,0,14,0,1,0,0,3,0,1,0,0,0,0,1,0,0,0,0,0,0,4,0,0,3,0,0,0,0,0,0,0,0,0,0,0,0,2,0,0,0,0,4,0,8,0,0,0,0,2,2,0,0,0,0,0,0,0,0,0,0,1,0,0,0,0,0,0,0,0,8,2,7,0,0,0,0,0,0,0,0,0,2,0,8,0,0,0,0,0,0,8,21,2,39,0,0,0,0,0,0,4,0,0,0,0,0,0,0,0,0,0,0,0,0,0,0,0,0,0,0,0,0,0,8,0,0,1,0,1,2,0,0,0,0,1,0,13,4,0,0,0,1,0,5,0,0,0,0,12,0,0,2,14,2,0,1,4,0,0,0
607,0,0,0,0,7,0,1,62,0,0,6,0,0,0,0,0,0,0,1,0,0,0,0,0,0,1,2,0,0,0,0,2,0,0,0,0,0,0,0,0,0,0,0,0,0,0,0,0,0,0,0,0,0,0,0,0,0,0,0,1,0,2,0,0,0,0,0,0,0,0,0,0,0,0,0,0,0,0,0,0,0,6,0,0,0,0,8,1,0,0,2,0,1,0,0,0,0,0,1,0,0,0,0,0,5,0,0,0,0,0,1,26,0,0,0,0,0,0,0,7,0,0,0,0,0,0,0,0,0,0,0,0,1,0,0,0,0,10,0,0,0,3,0,0,0,0,0,1,0,0,0,0,0,0,0,0,0,0,0,0,1,0,0,0,0,0,0,0,1,0,1,0,4,0,6,0,1,0,0,0,0,0,5,0,0,1,0,0,0,0,0,0,0,0,0,0,0,0,4,0,0,1,0,0,0,0,1,0,0,0,0,27,1,0,0,0,0,0,3,0,0,0,0,0,0,0,1,1,0,0,0,0,0,0,0,0,0,0,0,0,7,0,0,0,0,0,0,0,0,0,2,0,0,0,0,0,1,0,0,7,1,11,4,0,0,1,0,0,0,0,2,12,0,0,7,0,0,0,0,0,0,0,0,0,0,0,10,0,1,0,0,0,3,8,0,0,1,0,0,1,4,0,0,0,0,0,5,0,0,0,4,2,1,0,0,4,0,0,0,0,0,0,22,0,0,0,0,0,0,0
608,5,0,0,0,0,0,0,25,0,2,8,0,0,0,2,0,0,0,1,0,0,0,1,0,0,0,0,0,0,0,0,0,0,0,1,0,0,0,0,0,0,0,0,0,0,0,0,5,0,0,0,0,0,0,0,0,0,0,10,0,0,0,0,0,0,0,0,0,0,0,0,0,0,0,0,0,0,0,0,0,0,0,0,0,0,0,0,0,0,0,0,2,0,0,0,0,0,0,0,0,0,0,0,0,0,0,0,0,0,0,0,9,0,3,0,4,0,0,0,4,1,0,0,0,0,3,0,0,0,0,0,0,0,0,0,0,2,28,0,0,0,0,0,4,0,0,0,2,0,0,0,0,0,0,0,1,3,0,0,0,0,0,0,0,0,3,0,0,0,0,1,74,12,2,1,1,2,0,0,0,0,0,0,1,1,1,0,0,0,0,0,0,0,0,0,0,0,0,0,0,0,1,0,0,0,0,0,0,18,0,1,0,1,0,0,0,0,0,0,0,0,0,0,0,0,0,1,0,0,0,0,0,0,0,0,0,0,0,0,0,2,0,2,6,0,0,0,0,0,0,0,0,0,6,0,0,0,0,0,0,5,7,3,0,0,0,0,0,0,0,4,3,0,7,9,0,0,0,0,0,0,0,0,0,0,0,4,0,0,0,0,0,0,6,0,0,1,0,0,0,0,0,0,0,0,0,0,0,0,0,0,1,0,0,0,0,0,0,9,0,6,0,5,0,0,0,0,0,1,0
609,3,0,0,0,28,27,0,18,0,0,6,0,0,7,0,1,0,0,1,0,0,0,1,3,3,0,0,0,0,0,0,0,0,0,0,0,0,0,0,0,0,0,0,2,0,0,0,0,0,0,0,0,0,0,0,3,0,0,23,0,0,9,0,0,0,0,0,0,0,5,0,0,0,0,0,4,0,0,0,21,0,0,0,0,0,0,0,1,0,0,3,0,0,0,0,0,0,0,0,0,0,11,12,0,7,2,0,0,0,0,2,0,0,0,0,2,0,0,0,0,0,0,0,0,5,0,0,0,0,0,0,0,0,0,0,0,0,3,3,0,0,3,0,0,0,0,0,0,0,0,0,1,0,0,0,1,0,5,0,0,0,2,0,0,0,0,0,0,0,0,0,77,4,0,0,0,0,0,0,2,0,0,0,0,0,0,0,0,2,0,0,0,0,0,0,3,0,0,0,0,0,1,0,0,0,0,0,0,0,0,0,0,1,0,0,3,0,0,0,0,0,0,0,0,0,1,0,0,0,0,0,0,0,0,0,0,0,0,0,4,4,0,8,0,0,2,0,0,0,0,4,0,0,0,0,0,0,0,0,0,0,33,0,11,0,0,0,0,0,1,1,0,1,0,23,0,0,0,4,0,0,0,0,0,0,0,0,0,0,0,0,0,7,0,0,0,0,0,0,0,0,0,0,0,1,0,10,7,0,0,0,2,0,0,0,0,0,0,0,0,0,0,10,8,0,0,0,0,0,0
610,0,0,1,0,3,0,0,33,0,0,19,1,0,0,0,0,0,0,0,0,1,0,0,11,0,5,0,0,0,0,0,1,1,0,0,0,19,1,0,0,0,0,0,0,0,0,0,0,0,0,0,0,0,0,0,1,3,0,0,0,0,0,0,0,0,0,0,0,0,0,0,0,0,0,0,0,0,0,1,0,0,1,3,8,0,0,0,4,9,0,0,6,0,0,0,0,0,8,1,0,2,0,0,0,0,0,0,0,0,1,0,9,0,0,0,2,0,0,0,5,0,0,0,29,0,0,0,0,0,0,0,13,0,0,0,0,0,9,0,0,12,0,0,0,0,0,0,1,0,0,0,0,0,0,1,0,0,0,0,0,0,0,0,0,0,11,0,0,0,0,0,3,0,0,0,0,1,0,1,1,0,0,0,1,0,0,6,0,0,0,3,0,0,0,0,0,2,0,0,0,0,0,0,0,0,0,0,0,31,0,1,0,1,1,0,2,0,0,18,0,0,0,0,0,1,0,5,0,0,0,0,0,0,0,0,0,0,0,0,1,1,3,2,0,0,0,0,0,0,0,0,0,0,0,2,0,0,0,0,0,0,0,1,0,5,0,0,0,8,0,11,0,0,0,1,0,0,0,0,0,0,2,0,0,0,0,0,0,0,0,0,0,0,0,0,0,0,0,0,2,0,0,0,0,0,0,25,0,0,0,0,1,0,8,1,0,0,0,0,0,1,0,8,0,0,0,0,0,0,0
611,0,0,0,0,23,4,0,25,0,0,3,13,0,3,0,0,0,0,0,0,1,0,3,0,4,0,0,0,0,0,0,0,0,0,0,0,0,0,0,0,0,0,0,0,3,0,0,0,0,0,0,0,0,5,0,3,0,0,0,0,0,2,0,0,0,0,0,0,0,3,0,0,0,0,0,0,1,0,0,0,0,0,0,0,0,0,3,1,0,0,0,0,0,0,0,0,0,0,0,0,0,0,1,0,6,0,0,0,0,0,0,0,0,0,0,1,5,0,0,0,0,7,0,0,0,4,0,0,0,0,0,0,0,1,0,1,0,10,0,0,0,2,1,0,0,0,0,0,0,0,1,0,0,0,0,0,0,0,0,0,1,1,6,0,0,1,0,0,0,0,0,0,16,0,0,0,1,0,0,0,0,0,0,2,0,0,0,0,0,0,0,0,0,1,0,0,0,0,0,0,5,0,0,0,0,0,0,0,0,0,0,0,3,1,0,2,0,0,1,0,0,0,0,0,0,0,1,0,0,0,0,0,0,0,0,0,0,0,12,2,6,0,1,0,0,0,0,0,0,0,4,0,12,8,0,0,0,0,0,0,0,7,0,3,0,0,0,0,0,1,9,0,0,0,0,0,0,0,0,1,0,0,0,0,0,0,0,0,0,0,0,0,10,8,0,0,0,0,15,0,0,0,0,0,1,0,0,10,0,0,0,3,0,0,0,0,0,0,0,0,0,0,35,0,0,0,0,0,0,0
612,0,0,0,0,17,0,2,20,0,0,0,0,0,0,0,2,0,0,0,0,1,0,0,5,11,0,0,0,0,0,1,0,0,0,0,2,0,0,0,0,0,0,0,0,0,0,1,0,0,0,0,0,0,0,0,1,0,0,0,0,1,8,0,0,0,0,0,0,0,0,0,0,0,0,0,0,0,0,0,0,0,0,0,13,0,0,0,0,0,0,0,11,0,0,0,0,0,0,1,0,0,0,0,0,2,0,0,0,0,2,6,5,1,0,0,0,0,0,0,2,0,0,1,4,0,0,4,0,0,0,12,0,0,0,0,0,0,8,3,2,0,3,6,0,0,0,0,0,0,24,0,0,0,0,0,0,3,0,0,0,0,2,6,0,0,4,0,0,0,1,0,7,0,0,0,0,0,0,0,0,0,0,8,0,0,0,0,0,2,0,0,0,0,0,0,0,0,2,0,0,1,0,8,0,0,0,0,0,0,0,1,0,0,3,0,0,0,0,13,46,0,0,3,0,0,0,1,0,2,0,0,0,0,0,0,0,0,0,0,1,6,0,3,0,0,0,3,0,1,3,3,3,0,0,0,0,0,0,0,0,0,2,0,10,0,0,0,0,17,0,11,0,0,0,9,0,0,0,0,0,0,1,0,0,1,0,0,0,5,0,0,0,10,0,0,0,5,0,6,0,0,0,0,0,0,0,10,0,0,0,0,0,6,0,0,0,0,0,17,0,0,1,2,0,0,16,0,0,0,0
613,0,0,1,2,2,1,0,64,0,0,4,7,0,0,2,2,0,0,1,0,0,0,0,0,4,0,0,0,1,0,0,2,0,0,0,0,0,0,0,0,0,0,0,0,0,0,7,0,1,0,0,0,2,0,0,0,0,1,0,0,0,4,0,0,0,2,0,0,0,0,0,0,2,0,0,0,0,0,0,0,0,0,0,0,0,0,2,0,0,0,1,0,0,7,0,9,0,0,0,8,0,0,51,0,28,0,0,0,0,0,0,0,0,1,0,0,0,0,4,0,5,0,0,9,1,0,0,0,0,0,0,0,0,0,2,0,0,8,12,0,0,1,0,0,0,0,0,2,0,0,0,0,0,0,0,0,3,0,0,5,0,3,0,0,0,8,0,1,0,0,0,12,0,0,0,0,1,0,0,0,0,2,0,0,0,0,0,0,0,0,0,0,4,0,0,1,0,0,0,0,0,0,1,0,0,0,0,0,0,0,1,0,0,0,0,0,0,0,36,0,0,0,0,0,0,1,0,0,0,0,4,0,0,0,0,0,0,0,0,11,0,0,12,0,0,0,0,0,0,0,0,0,0,0,0,0,0,0,0,0,5,36,1,0,0,0,0,0,0,0,0,1,0,0,0,1,0,0,0,0,0,0,0,0,0,0,0,0,2,0,0,0,0,16,0,0,0,0,0,0,1,0,0,0,0,1,0,1,0,0,0,1,0,0,7,0,0,0,0,0,0,1,1,0,0,0,2,0,0,0
614,0,0,0,0,4,0,0,30,0,0,9,6,0,0,0,6,0,0,0,0,0,0,0,0,0,0,2,3,0,0,0,0,0,0,0,0,0,0,0,0,0,0,0,0,0,0,8,0,0,0,0,0,0,3,7,0,1,0,0,2,1,0,0,0,1,0,0,0,0,0,0,0,7,1,0,0,0,0,0,0,0,0,0,0,0,0,0,0,0,0,0,0,0,4,0,0,0,0,0,0,0,0,26,1,0,0,0,0,0,0,0,0,0,0,0,0,0,0,0,0,0,0,0,0,0,0,0,0,0,0,0,6,0,0,0,0,0,9,10,0,0,0,0,0,0,3,0,5,0,0,0,12,0,0,0,0,4,1,1,0,0,0,0,0,0,0,0,0,0,0,0,5,1,0,0,0,0,0,0,0,9,0,0,0,0,0,0,0,0,0,0,0,0,0,0,0,0,0,5,0,25,0,0,0,0,1,0,0,0,0,1,1,0,0,0,0,0,0,34,0,0,0,0,0,0,0,1,0,1,0,0,0,3,0,0,0,1,0,0,0,2,0,4,0,0,0,13,0,0,0,0,0,0,0,0,0,0,0,0,0,2,23,2,0,0,0,0,3,0,0,0,0,0,0,0,0,0,8,0,0,8,0,0,2,0,0,0,0,5,0,3,0,0,24,0,0,11,0,1,0,0,0,0,2,0,0,6,0,0,0,0,0,0,0,0,0,0,0,0,0,0,1,3,0,0,0,0,0,0,0
615,0,0,2,0,7,0,0,23,0,0,9,2,5,7,0,0,2,0,0,0,1,0,0,0,5,0,4,0,0,0,0,0,0,0,0,0,3,0,1,0,0,0,0,0,2,0,0,0,9,0,0,0,0,0,0,0,0,0,0,0,2,0,0,0,3,0,0,0,0,0,0,0,0,0,0,0,0,0,0,0,0,0,0,7,0,1,3,0,0,0,0,11,0,0,7,2,1,0,0,10,0,0,0,0,3,0,0,0,4,0,0,4,0,0,0,0,0,5,0,0,0,1,0,0,0,3,0,0,0,0,27,0,1,0,0,0,0,4,1,4,0,3,0,0,0,2,0,1,0,18,5,0,0,0,0,0,0,0,0,0,0,2,5,0,0,6,5,1,0,0,0,3,0,0,0,0,1,0,0,0,0,0,0,0,0,0,5,0,0,0,0,0,0,1,3,0,0,0,0,0,0,0,0,1,0,0,0,0,0,0,0,6,0,2,0,0,0,0,16,27,0,0,0,0,2,0,1,0,0,0,1,0,0,0,0,0,0,0,1,0,1,0,22,0,0,0,2,33,1,2,0,2,0,0,0,0,0,0,0,0,0,2,0,9,0,0,0,0,0,0,4,4,0,0,13,0,0,0,3,0,0,0,0,1,0,0,0,0,0,0,0,1,0,0,0,0,1,0,5,0,0,0,0,0,0,0,0,0,0,0,0,1,1,0,0,0,0,0,0,0,0,1,4,0,0,0,0,1,0,0
616,0,0,0,1,1,0,0,28,0,11,11,4,0,0,1,0,0,0,0,1,0,1,0,5,0,0,0,0,0,0,0,0,0,0,0,0,0,3,0,3,0,0,0,0,0,0,0,0,0,0,0,0,0,4,0,0,2,0,0,0,2,0,0,0,2,2,0,0,0,0,0,5,4,0,0,1,0,0,0,1,0,0,0,0,0,0,0,1,0,0,0,0,1,4,0,9,0,0,0,0,1,0,33,1,12,0,2,1,0,0,0,0,0,0,0,0,0,0,0,0,3,0,0,0,0,0,0,0,0,0,0,2,0,0,0,0,0,11,0,0,0,0,0,0,0,0,4,0,0,0,0,0,0,0,0,0,3,0,0,12,0,0,1,0,0,15,0,2,0,1,11,1,1,0,0,0,0,0,0,0,0,0,0,0,0,0,0,0,1,0,0,0,9,0,0,0,0,0,0,0,10,0,0,0,0,0,0,0,0,0,1,0,0,0,0,1,0,0,24,6,0,0,0,0,0,0,1,0,0,0,3,0,0,0,0,0,4,0,0,0,4,1,0,0,0,1,13,0,0,0,0,0,1,7,0,0,0,7,0,1,5,22,1,0,0,0,0,0,0,0,0,2,0,1,1,1,11,0,0,0,0,0,0,0,0,9,0,0,4,1,0,0,0,2,0,0,0,0,0,0,0,0,0,0,0,0,0,0,0,0,2,3,0,0,0,0,2,0,0,0,0,0,6,0,0,8,0,0,11,0
617,0,0,0,0,33,0,1,51,0,0,0,13,0,1,0,0,0,0,0,0,0,0,0,0,0,0,0,0,0,0,0,1,0,0,0,0,0,0,0,1,0,0,0,0,0,0,0,0,0,0,0,2,0,0,0,2,1,0,0,1,0,0,0,0,0,0,0,0,0,0,0,36,0,0,0,0,0,0,0,0,3,0,0,0,0,0,0,1,5,0,2,0,0,0,0,0,0,0,0,0,0,0,3,0,7,0,0,0,0,0,1,2,1,0,0,0,0,0,0,1,0,5,0,0,1,17,0,0,0,0,0,0,0,0,0,0,0,8,0,0,0,5,0,0,0,1,0,0,0,0,0,0,0,0,0,0,0,0,0,0,0,0,0,1,0,0,0,0,0,0,0,36,4,0,2,0,3,0,1,2,1,0,2,0,0,0,30,0,0,0,1,0,0,0,0,11,0,0,0,0,0,0,0,0,0,0,2,0,0,1,0,0,0,0,0,0,0,0,1,1,0,0,0,0,0,0,0,0,0,0,0,0,0,0,0,0,0,0,0,0,4,0,3,9,1,0,6,0,0,4,4,0,0,0,0,0,0,1,0,0,0,6,7,0,0,0,0,0,0,0,3,1,0,5,7,0,0,0,0,0,0,1,0,1,0,1,4,0,0,0,0,4,0,0,0,0,2,0,0,0,0,0,0,0,2,0,4,0,0,0,0,0,1,0,0,0,0,0,16,4,0,2,6,7,2,0,0,0,0,0
618,0,0,0,0,1,0,0,5,0,0,24,2,0,0,0,0,0,0,0,0,0,0,0,15,0,0,8,0,0,0,0,0,0,0,0,0,1,0,0,0,0,0,0,0,0,0,0,0,4,0,0,0,0,0,0,0,2,0,0,1,0,4,0,0,0,0,0,0,0,0,0,0,0,0,0,0,0,1,0,0,1,0,0,1,0,0,0,0,0,0,0,0,0,0,0,0,0,0,0,0,0,1,6,0,0,0,1,0,0,0,0,0,0,1,0,0,0,0,0,0,9,0,0,0,0,0,0,0,0,0,0,0,0,0,0,0,0,25,0,1,1,0,0,0,0,0,4,8,0,0,0,0,0,0,0,0,0,0,2,0,0,0,0,0,0,32,0,1,0,0,0,6,1,0,1,0,0,0,0,0,0,0,1,0,0,0,0,1,0,0,0,3,0,0,0,0,0,0,0,0,11,0,0,0,0,0,0,0,0,0,0,0,0,0,0,1,0,0,39,6,0,31,0,2,0,0,1,0,2,0,0,0,15,0,0,0,7,0,1,0,1,0,27,0,0,0,0,6,0,13,0,0,0,0,2,0,0,0,0,0,1,47,2,0,0,0,0,1,27,0,0,0,0,0,0,0,0,0,0,0,0,0,0,0,0,0,1,0,3,0,0,0,0,0,0,0,13,0,1,0,0,0,0,0,0,0,11,0,0,0,4,6,0,0,8,0,0,0,0,2,0,1,1,0,0,0,4,0,0,0
619,0,0,0,0,18,0,0,23,0,0,7,3,0,0,0,0,0,3,0,0,0,3,0,0,4,0,0,1,0,0,0,0,0,0,0,0,0,1,0,0,0,0,0,0,1,0,0,0,0,0,0,0,0,0,0,1,0,0,0,1,0,3,0,0,1,0,0,0,0,0,0,0,0,0,0,0,0,0,0,0,0,0,0,0,0,0,0,0,0,0,0,3,0,2,0,0,0,0,0,0,0,0,4,0,0,0,0,0,0,0,0,3,0,0,0,0,0,0,0,1,0,1,0,1,0,2,0,0,0,0,0,0,0,0,0,0,0,12,0,0,0,0,0,0,0,1,0,0,0,4,0,0,0,0,0,0,2,3,0,0,0,19,0,0,0,1,0,4,0,0,0,35,0,0,0,0,1,0,0,0,0,1,0,0,0,1,0,0,0,0,0,0,3,0,0,0,0,0,7,0,16,1,3,0,0,0,0,0,0,0,0,0,0,0,1,0,0,0,1,0,0,0,0,0,0,0,1,1,0,0,0,0,0,0,0,0,0,0,0,0,14,0,0,0,0,0,4,1,0,0,0,1,0,0,0,0,0,0,0,0,0,8,0,13,0,0,0,0,0,0,3,0,0,0,22,0,0,0,0,0,0,1,0,0,0,0,3,0,1,0,0,0,0,5,0,0,1,0,4,0,0,0,0,0,0,3,3,0,0,0,0,0,1,0,0,0,0,0,0,0,0,2,6,0,0,0,4,0,0,0
620,0,0,0,0,24,1,0,16,0,0,12,0,0,0,0,0,0,0,0,0,0,0,0,0,4,0,0,0,0,0,0,0,0,0,0,0,0,0,1,0,0,0,0,0,2,0,0,0,0,0,0,0,0,0,0,1,0,0,0,0,1,10,0,0,0,0,1,0,0,7,0,0,0,0,0,0,2,0,1,0,0,0,9,0,0,0,1,0,14,0,0,9,0,0,0,0,1,0,0,0,0,0,1,0,1,1,0,0,2,0,0,0,0,0,0,0,0,1,0,0,0,0,0,0,0,0,0,0,0,0,0,0,0,0,0,0,0,2,0,6,0,1,0,0,0,0,2,1,2,0,5,0,0,0,0,0,0,0,0,0,0,7,28,0,0,0,0,0,1,0,0,0,0,0,0,0,1,0,0,0,0,0,0,0,0,0,8,0,7,0,0,0,0,0,0,0,0,0,0,0,1,0,0,0,0,0,0,0,0,0,2,6,0,2,0,2,0,0,12,0,0,0,0,0,0,0,4,0,1,0,0,0,0,0,0,0,0,0,0,0,1,0,0,0,0,0,0,0,0,0,0,1,15,0,0,0,0,0,0,0,0,0,0,0,0,0,0,0,0,0,17,0,0,0,3,1,0,0,0,0,0,1,0,0,0,0,0,0,8,0,0,0,0,1,0,0,6,0,0,0,0,0,0,0,0,0,6,0,0,0,0,0,0,0,1,0,0,0,0,5,0,1,1,0,0,0,0,0,0,0
621,2,0,0,0,10,18,0,73,0,0,5,2,0,0,0,0,1,0,0,0,0,0,0,11,0,0,0,0,0,0,0,1,0,0,0,0,0,0,0,0,0,0,0,0,0,0,0,0,0,0,0,0,0,0,0,0,0,0,0,1,0,0,0,0,0,0,0,0,0,0,0,0,0,0,1,0,0,0,0,6,0,0,0,0,0,0,0,0,0,2,2,0,0,1,0,0,0,0,0,0,0,18,0,0,4,0,0,0,0,1,0,4,0,0,0,2,0,0,1,4,0,1,0,0,0,0,0,0,0,0,55,0,0,0,0,0,0,17,0,0,14,2,0,0,0,0,0,0,0,0,0,0,0,0,0,0,0,2,0,0,1,0,1,0,0,1,0,0,0,1,0,0,4,1,0,0,1,0,0,0,0,0,0,0,0,0,0,0,0,0,0,0,0,0,0,3,0,0,0,0,3,0,0,0,0,0,0,1,0,0,0,0,0,0,0,0,0,0,2,0,0,0,0,0,0,0,0,0,0,0,0,0,0,0,0,0,0,0,0,0,0,0,2,0,0,0,0,1,3,0,0,0,0,0,2,0,0,0,0,7,2,36,0,0,0,0,0,0,0,0,0,0,0,0,0,0,0,0,0,0,0,1,0,0,0,0,4,0,0,0,0,0,0,5,0,0,0,0,9,0,0,0,0,0,0,1,0,0,0,0,0,0,0,0,0,0,0,0,0,0,0,0,9,0,0,0,0,0,0,0
622,0,0,1,1,5,0,0,33,0,7,7,1,4,0,0,0,0,0,0,0,0,0,0,0,36,0,0,0,0,0,0,0,0,0,0,0,0,0,0,0,0,0,0,0,0,0,8,0,0,0,0,0,0,0,0,0,0,8,0,0,2,6,0,0,0,1,2,0,0,0,0,0,2,0,0,0,0,0,0,0,0,0,0,0,1,0,0,0,0,0,0,0,0,4,0,0,0,0,0,0,0,0,44,0,0,0,0,0,0,0,0,0,0,0,0,0,0,5,0,0,0,0,0,0,0,0,0,0,0,1,0,6,0,0,0,0,0,16,0,5,0,0,0,0,0,0,0,1,0,0,0,0,0,0,1,0,0,1,0,3,0,19,0,0,0,10,0,1,0,0,0,12,0,0,0,0,1,0,1,0,6,1,0,0,0,0,0,0,0,0,0,0,13,0,0,0,0,0,0,0,0,0,0,0,0,0,0,0,0,0,2,0,0,0,0,1,0,0,46,7,3,0,49,0,0,0,2,0,2,0,0,0,18,0,0,0,0,0,0,5,0,0,7,0,0,0,0,0,0,0,0,0,0,0,0,0,0,0,0,0,10,21,0,7,0,0,0,0,0,1,1,0,2,0,0,0,4,0,0,0,0,0,0,0,0,0,0,0,1,0,0,0,0,10,0,0,2,0,0,0,0,0,0,0,0,0,14,0,0,0,3,0,0,0,0,0,0,0,0,0,0,2,2,0,0,0,0,0,15,0
623,0,0,0,2,4,0,0,42,0,0,8,1,1,0,0,0,0,0,0,1,2,0,0,0,0,0,0,1,0,0,0,0,0,0,0,0,0,0,1,0,0,0,0,0,0,6,1,0,0,0,0,0,0,0,0,0,13,0,0,0,0,9,0,0,0,0,0,0,0,0,0,0,0,2,0,0,0,0,0,0,0,0,0,0,0,0,0,6,0,0,0,0,0,0,0,0,0,4,0,19,1,0,0,2,0,0,0,0,0,0,0,3,0,0,0,1,0,0,0,4,4,0,0,0,0,1,0,0,0,0,0,0,0,0,0,0,0,6,0,7,0,0,0,0,0,0,0,0,0,0,0,0,0,0,0,0,0,0,0,0,0,0,19,0,0,0,0,0,0,0,0,5,0,0,0,0,1,0,0,1,0,0,0,0,0,0,0,0,0,0,0,0,0,3,0,0,0,0,0,1,0,0,0,0,0,0,0,0,0,0,0,0,0,0,0,0,0,0,8,0,0,0,0,0,1,0,1,0,0,0,0,0,0,0,0,0,0,0,0,0,2,0,0,0,0,0,0,0,0,0,0,0,0,2,0,0,0,1,0,0,1,1,0,0,0,0,0,0,0,0,4,0,0,0,0,0,0,0,0,0,0,1,0,0,0,0,1,0,0,0,0,0,0,0,0,0,1,0,9,0,0,0,0,1,9,0,0,0,0,0,0,0,0,0,0,0,0,0,0,0,0,0,6,0,0,5,0,0,0,0
624,0,0,0,0,5,0,0,19,0,0,12,5,0,2,0,0,6,0,0,0,0,0,0,0,14,0,9,0,0,0,0,0,0,0,0,0,6,0,0,1,0,0,0,0,0,0,0,9,0,0,0,0,0,0,8,1,0,0,0,0,1,11,0,0,0,0,0,0,0,0,0,1,0,0,0,0,0,0,0,0,0,1,10,0,0,0,2,0,0,0,0,0,0,0,0,0,0,0,0,19,0,1,2,0,2,0,0,0,0,0,0,3,0,0,0,0,0,0,0,0,0,1,2,0,0,0,0,0,0,6,30,0,0,0,0,16,0,7,0,6,0,3,0,0,0,0,6,1,0,9,4,0,0,0,0,1,0,0,0,0,0,7,0,0,0,3,0,0,0,0,0,4,0,0,0,0,0,0,0,0,0,0,0,0,0,0,0,1,0,0,0,0,0,0,0,0,0,2,0,0,0,0,2,0,0,0,0,2,0,2,1,0,0,4,0,0,0,0,9,0,0,0,0,0,1,0,2,0,0,0,0,0,0,0,0,0,0,0,0,0,0,0,8,0,1,0,0,12,0,3,2,1,0,0,0,0,0,0,0,0,0,3,0,0,0,0,0,0,0,0,33,0,0,0,5,0,0,0,0,0,0,0,0,0,2,0,0,0,8,0,0,0,0,0,0,0,2,0,0,5,0,3,0,0,0,0,10,0,0,0,0,1,0,0,0,0,0,0,0,0,0,1,2,3,0,0,0,0,0,0
625,0,0,2,0,1,0,0,4,0,0,4,2,0,0,0,0,0,0,0,0,0,0,0,0,28,0,0,0,0,0,0,0,0,0,0,0,0,1,0,0,0,0,0,0,0,0,1,0,3,0,1,0,0,0,4,0,0,1,0,0,1,5,0,0,0,0,0,0,0,0,0,0,0,0,0,0,3,0,0,0,0,0,7,0,0,0,5,0,0,0,0,0,0,0,0,0,0,0,0,0,2,0,2,0,2,0,0,0,8,0,0,0,0,0,0,0,0,0,0,3,0,0,1,0,0,0,0,8,5,0,0,7,0,0,0,11,0,6,0,5,0,2,0,0,0,0,0,1,0,3,27,0,0,0,0,1,1,0,0,0,0,2,0,0,0,0,0,0,0,0,0,3,0,0,0,0,0,0,0,0,0,0,7,0,0,0,0,0,0,0,0,0,0,0,3,0,0,0,0,1,0,0,13,1,0,0,0,0,0,1,2,0,0,4,0,0,0,0,5,0,2,0,0,0,0,0,5,0,0,0,0,0,0,0,0,0,0,0,0,0,3,0,0,0,0,0,0,0,0,0,0,1,0,0,0,0,0,0,0,0,0,0,0,0,4,0,0,0,30,0,27,0,0,0,0,0,0,1,4,0,1,0,0,0,0,0,0,0,8,0,0,0,0,0,7,0,0,0,3,0,0,0,0,0,0,0,10,0,0,0,0,0,0,0,0,0,0,0,0,0,0,1,3,0,0,0,0,0,9,0
626,1,0,0,0,4,0,0,4,0,17,0,1,0,1,0,0,1,0,0,0,0,3,2,0,20,0,0,0,0,0,0,0,0,0,0,0,0,0,0,0,0,0,0,0,0,0,0,0,0,0,0,0,0,0,0,0,0,0,0,0,2,9,0,0,3,0,0,0,0,0,0,0,0,0,0,0,0,0,0,1,0,0,0,0,0,0,0,0,0,0,0,3,0,5,0,0,0,1,0,0,0,0,32,0,11,0,0,0,0,0,0,0,0,0,0,0,0,0,0,0,0,0,0,0,1,0,0,0,0,0,8,0,0,0,0,0,0,3,21,5,1,1,14,0,0,0,6,7,0,0,2,0,0,0,0,0,6,1,0,0,0,4,0,0,0,10,0,1,0,0,9,3,1,0,0,0,0,9,0,0,0,0,0,0,0,0,0,0,2,0,0,0,0,0,0,0,0,0,0,0,8,0,0,0,0,0,0,0,5,0,3,0,1,1,0,0,0,0,80,0,0,0,0,0,0,0,1,0,0,0,5,0,0,2,6,0,0,0,0,0,4,0,10,0,0,0,0,0,10,12,1,1,0,0,0,0,0,0,1,0,0,17,0,1,0,0,0,0,27,0,0,0,2,0,0,0,0,0,0,0,0,0,0,0,0,0,0,0,4,0,0,0,0,2,0,0,4,0,0,0,0,1,0,0,0,0,4,0,0,2,2,3,1,1,2,1,0,0,0,0,0,1,0,0,0,3,0,0,0,0
627,0,0,0,0,9,11,0,75,0,0,2,0,2,0,0,1,0,0,0,0,0,0,1,0,4,0,0,0,2,0,0,0,0,0,0,0,0,1,0,0,0,0,0,0,0,0,0,0,14,0,0,0,0,0,0,0,0,0,0,0,0,2,0,0,0,0,0,0,0,0,0,0,0,0,0,0,0,0,0,0,0,3,1,0,0,0,0,0,0,0,0,2,0,0,0,0,0,0,0,0,0,0,12,0,0,0,0,0,0,2,0,6,0,0,0,2,0,0,0,0,0,1,0,0,0,0,0,0,0,0,0,0,0,1,0,0,0,7,5,0,3,0,0,0,0,0,0,0,0,0,0,1,0,0,0,0,0,0,4,0,0,0,0,0,0,0,0,0,0,0,0,0,0,1,0,0,5,0,0,3,0,0,0,0,0,0,0,0,0,1,0,0,0,0,0,0,0,0,1,0,0,0,0,0,1,0,2,0,14,0,0,0,0,0,0,0,0,0,1,2,0,0,7,1,0,0,0,0,0,0,1,0,0,0,0,0,0,1,0,0,0,0,3,0,1,0,0,0,0,0,0,0,0,0,0,0,0,1,0,0,9,31,4,0,0,0,0,0,0,0,0,0,0,0,7,0,0,0,0,0,0,0,0,0,0,0,13,0,1,0,0,0,0,0,0,0,0,0,0,0,0,0,0,0,0,1,0,0,0,0,0,2,0,0,0,0,2,0,0,0,0,0,7,0,0,0,0,0,0,0
628,0,0,0,0,42,0,0,40,0,0,10,4,0,8,0,0,0,0,0,0,1,0,1,0,3,0,1,0,0,0,0,0,0,0,0,0,0,1,0,0,0,0,0,0,0,0,0,0,19,0,0,0,0,0,0,0,0,0,0,0,0,11,0,0,0,0,0,0,1,0,0,0,0,0,0,0,0,0,0,0,0,0,0,0,0,0,8,0,9,0,0,3,1,3,0,0,0,0,0,0,0,0,11,0,0,0,0,0,0,2,0,2,0,0,0,0,0,0,0,0,0,5,0,0,0,0,0,0,0,9,0,0,0,0,0,0,0,17,0,0,0,3,0,3,0,0,0,0,0,0,0,0,0,0,0,0,0,1,2,0,0,9,1,0,0,1,1,0,0,0,0,0,0,2,0,0,2,0,0,0,0,0,0,0,0,0,0,0,0,0,8,0,0,0,1,0,0,0,0,0,0,0,0,0,0,0,0,0,28,0,1,0,0,0,0,0,0,0,1,6,0,0,0,0,0,0,1,0,0,0,0,0,0,0,0,0,0,0,0,0,1,0,2,0,0,0,0,0,0,2,0,0,0,4,0,0,0,0,0,0,0,0,0,32,0,0,0,0,0,0,2,3,0,0,0,0,0,1,0,0,0,1,0,0,0,0,0,0,1,0,0,5,0,2,0,0,0,0,0,0,0,0,0,0,1,0,10,0,0,0,0,0,0,4,0,0,0,0,0,0,11,0,22,0,0,0,0,0,1,0
629,0,0,0,0,14,0,1,39,0,0,13,2,0,9,0,0,0,0,0,0,0,0,2,0,8,0,0,0,0,0,0,1,0,0,4,0,0,0,0,0,0,0,0,0,0,0,0,0,0,0,0,0,0,8,0,0,0,0,0,0,0,4,0,0,0,0,0,0,1,0,0,0,0,7,0,0,0,0,0,4,0,0,0,0,0,0,1,0,6,0,0,0,0,2,0,0,0,0,0,0,0,0,8,0,10,0,0,0,0,0,0,0,0,0,0,0,0,0,0,1,0,0,0,0,0,0,0,0,0,0,0,0,1,3,0,1,0,24,3,0,0,0,0,0,0,0,0,0,0,0,1,1,0,0,0,0,0,0,0,4,2,3,0,1,0,1,0,0,0,0,0,0,0,2,5,0,3,0,0,0,0,0,3,2,0,0,0,0,0,0,4,0,3,0,0,0,0,0,0,0,0,0,0,0,0,0,0,0,0,0,0,0,0,0,0,0,0,0,2,0,2,0,0,0,0,0,1,0,0,0,0,0,0,0,0,0,1,0,0,2,0,0,5,0,0,5,0,0,0,0,0,0,0,0,1,0,0,0,0,0,0,2,3,7,0,0,0,0,0,2,4,0,0,8,6,0,0,1,0,0,0,0,0,0,0,0,0,0,1,0,0,0,0,4,0,0,0,0,0,0,0,0,0,1,0,2,0,0,0,0,3,1,0,0,0,0,0,0,0,0,3,1,17,5,1,0,0,0,0,0
630,0,0,4,0,10,1,12,11,0,0,4,3,0,2,0,0,1,0,0,0,0,0,0,0,0,3,0,0,0,1,0,0,0,0,0,0,0,1,0,1,0,0,0,0,0,0,0,2,4,0,0,0,0,0,8,2,0,0,0,0,1,7,0,0,0,0,0,0,0,0,0,0,0,0,0,0,0,1,0,0,0,0,0,0,0,0,0,0,6,0,0,0,0,0,0,0,0,0,0,0,0,0,0,0,0,0,0,0,0,0,0,2,1,0,0,5,0,0,0,3,0,0,0,0,0,0,2,0,1,0,0,0,0,0,0,22,1,3,14,8,0,1,0,0,0,0,0,0,0,0,21,0,0,0,0,0,0,1,0,0,0,4,68,0,0,0,0,1,1,0,0,2,0,0,0,0,0,0,0,0,0,0,0,0,0,0,0,0,3,0,0,0,0,0,0,0,0,0,0,0,0,0,0,0,0,0,0,0,11,0,1,0,0,0,0,0,0,0,18,6,0,0,0,0,1,0,1,0,0,0,0,0,0,0,0,1,0,0,0,0,0,0,0,0,0,0,1,0,0,0,0,1,0,0,0,0,0,0,0,0,0,0,0,0,0,0,0,0,0,1,10,0,0,0,0,0,0,0,1,1,0,0,0,0,1,0,0,0,0,0,0,0,0,0,0,0,1,0,6,0,0,0,0,0,5,0,7,1,0,0,0,0,0,0,0,3,0,0,0,0,0,2,4,2,0,0,0,0,0,0
631,4,1,0,0,12,0,0,4,0,0,5,3,1,5,0,0,1,2,0,0,0,0,0,0,0,0,1,0,0,0,0,0,0,0,0,0,0,0,0,1,0,0,0,0,0,0,0,0,5,0,0,0,0,8,0,1,0,0,0,0,0,10,0,0,0,0,0,0,0,0,0,0,0,0,0,0,0,0,0,0,0,0,0,0,0,0,0,0,0,0,3,0,0,0,0,0,0,0,0,0,0,0,9,4,0,0,0,1,0,0,0,5,0,0,0,0,0,0,1,0,0,0,3,0,0,0,0,2,0,0,0,0,0,0,0,0,3,0,1,0,0,7,0,0,0,0,0,0,0,1,0,0,0,0,0,1,0,0,0,0,1,4,1,0,1,0,0,0,0,0,0,14,0,2,0,0,4,1,0,0,0,0,0,2,0,0,13,0,0,0,0,0,2,0,0,0,1,0,0,0,3,0,0,0,0,0,3,0,0,0,1,0,0,0,0,0,0,0,4,0,0,0,0,0,0,3,0,0,0,0,0,1,1,0,0,0,0,0,0,0,5,0,4,0,1,0,0,0,0,0,0,0,5,23,0,0,0,0,0,0,0,0,0,19,0,0,0,0,0,1,2,0,0,3,0,0,0,0,0,0,0,0,0,1,0,0,6,0,0,0,0,0,2,1,0,2,1,0,0,0,0,0,0,0,0,0,0,2,0,0,1,0,0,0,0,6,0,1,0,0,0,0,8,0,0,0,4,0,2,0
632,1,0,2,0,7,0,0,8,0,8,4,5,2,0,0,0,0,0,0,0,0,0,1,0,8,0,0,4,0,0,0,0,0,0,0,0,0,0,0,0,0,0,0,0,2,1,0,0,0,0,0,0,0,0,0,0,0,2,0,0,1,4,0,0,0,1,1,0,0,1,0,0,0,0,0,0,0,0,2,0,0,0,0,1,0,11,0,0,0,0,0,3,0,6,0,0,0,0,0,0,0,0,41,0,0,1,0,0,0,0,0,0,0,0,2,0,0,0,0,0,0,0,0,0,0,0,0,0,0,0,0,0,0,0,0,0,0,5,13,2,0,1,0,0,0,0,0,2,0,0,1,0,0,0,0,0,0,0,0,0,0,13,0,0,1,3,0,0,0,0,0,0,0,23,0,0,0,30,0,0,0,0,0,0,0,0,0,0,2,0,0,0,0,0,0,0,0,0,0,0,0,0,0,0,0,0,0,0,0,0,1,1,0,0,0,0,0,0,25,0,0,6,0,0,0,0,0,0,0,0,0,0,4,0,6,0,0,0,0,4,1,0,7,0,0,0,0,0,5,0,0,0,0,0,0,0,0,3,2,0,0,10,0,6,1,0,16,0,0,1,1,0,0,0,0,1,0,0,0,0,0,0,0,0,0,0,0,0,4,0,0,0,0,4,0,0,0,0,0,0,0,0,0,0,0,0,1,1,0,0,3,4,0,0,0,0,0,0,0,2,0,0,1,26,0,0,0,0,15,0
633,0,0,0,10,17,0,0,11,0,0,11,14,0,0,0,0,0,1,0,0,0,0,1,0,5,0,0,0,0,1,0,0,0,0,0,0,3,0,0,8,0,0,0,1,0,0,0,0,0,0,0,0,0,0,0,0,0,0,0,0,0,1,0,0,0,0,0,0,0,0,0,0,0,0,0,0,0,0,0,6,0,0,0,0,0,0,0,0,0,0,0,0,1,1,0,0,0,0,0,0,0,0,9,1,5,1,0,0,0,0,0,0,2,0,0,2,8,0,0,0,0,3,0,0,10,0,0,0,0,0,0,0,1,0,0,0,0,5,2,0,0,3,1,0,0,0,0,0,0,3,0,0,0,0,0,0,0,0,0,0,0,0,0,0,1,0,0,0,0,1,0,19,8,1,0,0,0,1,0,0,0,0,0,0,0,0,0,0,0,0,0,0,0,2,0,0,0,0,0,0,0,0,0,0,0,0,2,0,0,0,0,14,0,3,0,0,0,0,0,0,0,0,0,0,0,0,0,0,0,0,0,0,0,0,0,0,2,1,0,0,5,0,1,0,0,0,0,1,0,0,2,0,0,9,0,0,0,0,0,0,0,7,0,0,0,0,0,0,0,0,3,0,2,0,0,0,0,0,0,0,0,0,0,0,0,0,0,0,1,0,0,3,0,0,0,0,0,0,0,0,3,0,0,0,0,0,0,0,0,0,0,2,0,0,0,0,0,0,0,0,2,0,4,0,1,0,0,0,0,0
634,0,1,0,1,1,0,0,6,0,0,19,2,6,0,0,0,0,0,0,0,0,0,0,14,7,0,0,0,0,0,0,0,0,0,0,0,0,0,0,0,0,0,0,0,0,0,0,0,0,0,0,0,0,7,0,1,0,0,0,0,0,3,0,0,2,0,0,0,0,0,0,7,0,0,0,0,1,0,0,3,0,0,0,0,0,5,0,0,0,0,0,0,0,4,0,0,0,0,0,0,0,4,20,0,0,0,0,0,0,0,0,0,0,0,0,0,0,0,0,0,0,0,0,0,0,0,0,0,0,0,0,0,1,0,0,0,0,15,13,0,1,1,0,0,0,0,0,5,0,15,4,5,0,0,0,0,0,0,0,0,0,0,0,1,0,8,0,0,0,0,0,2,1,0,0,0,0,0,2,0,11,0,0,0,0,0,0,0,0,0,0,0,0,0,0,0,0,0,0,0,0,0,0,0,0,0,0,6,10,0,7,0,0,1,0,0,0,0,22,0,0,0,15,0,0,0,1,0,1,0,0,0,0,0,6,0,5,0,1,0,2,0,8,0,0,0,20,0,0,0,0,2,1,6,0,0,0,0,0,1,0,8,0,7,0,0,0,0,0,1,1,1,0,0,1,0,4,0,0,0,0,0,0,0,0,0,0,0,0,0,0,0,0,0,0,0,0,0,0,0,0,0,0,2,0,0,8,1,5,0,0,3,0,0,0,0,0,0,1,0,0,0,1,0,0,0,0,0,0,0
635,3,1,0,0,10,0,0,48,0,2,3,2,0,0,0,1,0,0,0,0,0,0,0,0,0,0,1,0,0,0,0,0,0,0,2,0,0,0,0,0,0,0,0,0,0,0,0,0,0,0,0,0,0,2,0,0,0,0,0,0,0,0,0,0,0,0,0,0,0,0,0,0,0,0,0,9,0,1,1,0,0,0,0,0,0,0,0,1,0,0,0,0,0,0,0,0,0,0,0,0,1,0,8,1,6,0,0,0,0,0,0,14,0,0,0,4,0,0,0,8,0,5,0,0,0,5,0,0,0,7,29,0,0,0,0,0,0,6,0,0,0,2,0,0,0,0,0,0,0,0,0,1,0,0,0,0,3,0,0,0,0,0,1,0,0,0,0,0,0,0,0,27,9,0,0,0,1,0,0,0,0,1,0,0,0,0,0,3,0,0,0,0,0,0,0,0,0,0,0,0,8,0,4,0,0,0,0,0,0,1,1,0,0,0,0,0,0,0,2,0,0,0,0,0,0,2,0,0,0,0,0,0,0,0,0,0,4,2,0,0,3,0,0,12,0,0,3,0,0,0,0,0,0,0,0,1,0,1,2,0,10,9,15,0,0,0,0,0,0,0,1,0,0,0,7,0,0,0,0,0,0,0,0,0,0,0,2,0,0,0,0,0,0,4,0,0,1,0,39,0,0,0,0,0,0,2,3,0,0,0,0,1,1,0,0,0,0,0,0,1,0,0,25,0,0,0,4,0,0,0
636,0,0,0,0,8,0,0,11,0,0,4,4,0,0,0,4,0,0,0,0,0,2,1,10,0,0,3,0,0,0,0,0,0,0,0,0,0,0,0,0,0,0,0,0,5,0,0,0,0,0,0,0,0,1,0,0,0,0,0,0,3,2,0,0,3,0,0,0,0,0,0,0,3,0,0,0,0,0,0,0,1,0,0,0,0,12,0,0,0,0,0,0,0,18,6,0,0,0,0,0,0,0,27,0,9,0,0,0,0,0,0,0,0,2,5,0,0,3,0,0,0,0,0,6,0,0,0,0,0,0,0,0,0,0,0,0,0,5,2,11,0,2,6,0,0,0,0,1,0,7,1,0,0,0,0,0,0,0,2,0,0,6,0,3,0,0,0,0,0,0,0,4,0,3,0,0,0,0,0,0,8,0,0,0,0,0,0,0,0,0,0,0,0,0,1,0,0,0,0,0,0,0,0,0,0,0,0,0,0,3,5,0,1,1,0,0,0,0,32,0,0,0,18,0,0,0,1,0,0,0,0,0,0,0,2,0,0,0,1,0,5,2,14,0,0,0,0,0,14,23,0,2,0,0,0,0,0,0,0,0,0,29,0,1,0,0,0,0,0,0,1,2,0,0,0,0,0,2,0,0,0,0,0,0,0,6,0,0,4,0,0,0,0,0,0,0,8,0,0,0,0,0,0,0,0,1,0,0,0,2,0,2,0,0,0,0,2,0,0,2,0,1,0,0,0,0,1,0,0,0
637,0,0,0,0,1,0,0,31,0,0,2,0,0,0,0,0,0,0,0,0,0,0,0,0,0,0,3,0,0,0,0,1,0,0,0,0,0,1,0,1,0,0,0,0,0,2,0,0,0,0,0,0,0,13,0,0,0,0,0,0,0,2,0,0,0,0,0,0,0,0,0,0,0,0,0,0,0,0,0,0,0,0,0,0,0,0,13,0,8,0,0,0,1,0,17,0,0,0,0,0,0,0,2,0,11,0,0,0,0,0,1,2,1,0,0,2,5,0,0,7,0,2,0,0,0,0,0,0,0,8,0,0,0,0,0,0,0,9,0,0,0,2,0,0,0,2,0,0,0,1,0,0,0,0,0,0,0,0,0,0,0,0,0,0,2,0,0,0,0,0,0,22,17,1,0,0,1,0,0,0,0,0,0,0,0,0,0,0,0,0,0,0,2,0,0,0,0,0,0,0,9,2,0,0,0,0,0,0,21,0,0,0,0,0,0,0,0,0,3,0,2,0,0,0,0,0,0,1,0,0,0,0,1,0,0,0,0,4,10,0,0,0,0,0,0,0,0,0,5,0,0,0,0,0,0,0,0,0,0,0,9,31,0,0,0,1,0,0,0,0,2,6,0,0,3,0,0,0,2,0,0,1,0,0,0,0,0,0,1,0,0,0,0,4,0,4,0,0,0,0,0,0,0,0,2,1,8,0,0,0,0,1,1,0,0,6,0,0,0,0,0,0,7,6,0,0,1,0,0,0
638,0,0,2,0,0,0,0,6,0,0,12,0,0,0,0,0,0,0,0,1,0,0,0,0,0,0,0,0,1,0,0,1,0,0,0,0,0,0,0,0,0,1,0,0,0,0,2,0,0,0,0,0,0,2,0,0,0,0,0,0,0,1,0,0,0,0,0,0,0,0,0,0,9,2,0,0,0,0,0,0,0,0,0,0,0,0,0,0,0,0,0,9,0,0,0,0,0,0,1,0,1,0,0,0,0,0,0,0,3,0,0,2,0,0,0,0,0,0,0,2,0,0,0,0,0,0,0,0,0,0,0,0,0,0,0,0,0,2,0,0,0,1,0,0,4,0,0,0,0,0,0,1,0,0,0,0,4,0,0,0,0,0,27,0,0,14,0,0,0,0,0,7,0,0,0,0,0,3,0,0,0,0,0,0,0,0,0,0,0,0,0,0,1,1,0,0,0,0,0,0,0,0,0,0,0,0,0,0,0,0,1,0,0,0,0,1,0,0,9,1,0,0,0,0,0,0,3,4,0,0,0,0,2,0,0,0,0,0,0,1,1,0,0,0,0,0,0,0,0,0,0,0,0,0,0,0,0,0,0,0,1,3,4,0,0,0,0,0,0,0,7,5,0,0,3,0,1,0,0,0,0,0,0,0,0,0,0,0,0,4,0,0,0,0,0,0,2,0,5,0,0,0,0,3,0,0,0,0,0,0,0,0,0,0,0,0,0,0,0,5,0,0,2,2,0,0,0,0,9,0
639,0,0,2,0,0,0,0,9,1,0,16,2,1,0,0,0,0,0,0,0,0,1,0,22,8,0,0,0,0,0,0,0,0,0,0,0,4,0,0,0,0,1,0,0,4,0,0,0,0,0,0,0,0,1,0,0,3,3,0,0,0,0,0,0,0,1,0,0,0,8,0,0,0,0,1,0,0,1,1,8,0,0,0,3,0,0,0,0,0,0,0,3,0,0,0,0,2,0,0,12,1,0,1,0,0,0,0,0,0,0,0,1,1,0,0,1,0,0,0,2,0,0,0,9,0,0,2,0,0,0,0,0,1,0,0,0,1,8,0,1,6,3,0,0,0,0,0,1,0,0,0,0,0,0,0,0,0,0,0,0,0,0,0,0,0,0,0,0,0,0,0,2,0,0,0,4,0,0,0,0,0,0,0,1,0,0,8,0,0,0,0,0,0,0,0,1,0,3,0,0,0,0,0,0,0,0,0,0,0,1,1,4,0,0,0,0,0,0,33,0,0,2,0,0,0,0,4,2,0,0,0,1,0,1,0,0,0,0,0,1,2,0,3,0,0,0,6,0,0,0,0,0,11,0,0,0,0,0,0,0,1,6,0,0,6,0,0,0,0,0,7,19,0,0,0,0,0,0,0,0,0,0,0,1,0,0,0,0,14,0,0,0,0,0,9,0,6,0,0,0,0,0,0,0,0,0,5,0,0,0,0,0,1,4,0,0,0,0,16,0,0,0,0,0,0,5,0,0,0,0
640,1,1,0,0,4,0,0,17,0,0,8,6,0,0,0,0,0,0,0,0,0,0,0,0,0,0,0,0,0,0,0,0,0,0,0,0,0,1,0,0,0,0,0,0,0,0,0,0,0,0,0,0,0,0,3,0,2,0,5,0,3,7,0,0,0,0,0,0,0,0,0,0,0,0,0,0,0,0,0,0,0,0,0,1,0,0,0,0,0,0,0,0,0,16,0,0,0,0,8,0,0,0,40,0,0,0,0,0,0,0,0,0,0,0,0,0,0,0,5,0,0,0,0,7,1,0,0,0,0,0,0,0,1,0,0,0,0,13,0,0,0,0,0,0,0,0,0,2,0,0,0,0,0,0,0,0,0,0,1,0,0,0,0,0,0,0,3,1,0,0,0,1,1,0,0,0,0,0,0,0,10,0,0,0,0,0,0,0,0,1,0,0,4,0,0,0,0,0,0,0,0,0,0,0,0,0,0,0,0,6,0,0,0,0,0,0,0,0,29,0,0,14,0,2,0,0,0,0,0,0,0,0,0,0,6,0,0,2,0,0,2,0,0,1,0,0,0,0,0,0,0,0,0,0,0,0,0,8,0,0,5,18,2,0,0,0,0,0,0,0,0,0,0,0,2,0,0,0,1,0,0,0,0,0,0,0,3,0,0,0,1,0,0,6,0,0,6,0,1,0,0,0,0,3,1,0,26,0,0,0,0,1,0,0,0,0,0,0,3,0,1,0,3,0,0,2,0,0,0,0
641,0,0,0,0,9,0,0,25,0,0,9,3,0,0,0,0,0,0,0,0,0,2,0,0,11,0,10,2,0,0,0,0,0,0,0,0,0,3,0,0,0,0,0,0,3,0,0,8,2,0,0,0,0,2,2,0,0,1,5,1,1,6,0,0,0,0,0,0,0,0,0,0,0,1,0,0,0,0,0,0,0,0,0,0,0,17,0,1,1,0,0,8,0,0,0,10,0,0,2,0,0,1,10,0,7,0,1,0,0,0,0,0,3,0,0,0,0,0,0,0,0,0,0,0,0,0,0,0,0,0,0,0,0,0,0,0,0,8,5,6,0,0,0,0,0,0,3,6,0,5,0,0,0,0,0,0,0,0,0,0,0,0,2,0,0,10,0,0,0,1,0,6,0,0,0,0,0,0,0,0,0,0,3,0,0,0,0,0,0,0,0,1,0,0,0,0,0,0,0,0,7,0,0,0,0,0,0,0,8,0,0,1,0,0,0,1,0,0,19,0,2,0,0,5,0,0,0,0,2,0,0,0,0,1,10,0,0,1,2,10,0,0,8,0,0,0,0,0,0,0,0,1,0,0,0,0,0,0,0,1,4,0,1,2,0,0,0,0,0,1,1,0,0,0,0,0,6,4,0,0,4,5,0,0,0,0,0,0,2,1,0,0,0,8,0,0,5,0,1,0,0,0,0,0,0,0,0,0,0,0,0,0,0,0,0,1,0,0,0,6,0,1,2,0,2,0,0,0,0,0
642,0,0,0,0,8,0,0,2,0,8,32,3,1,3,0,0,0,0,0,0,0,0,0,0,0,5,0,0,0,0,0,0,0,0,0,0,0,0,0,0,0,0,0,0,0,5,0,0,0,2,0,2,0,0,0,0,0,0,5,0,0,3,0,0,0,0,0,0,0,0,0,0,6,0,0,0,2,0,0,9,0,0,12,0,0,0,1,0,0,0,0,0,0,0,5,0,0,0,0,24,0,0,0,0,0,0,0,0,0,0,0,1,0,0,7,0,0,0,0,2,0,0,0,8,0,0,0,5,6,0,0,0,0,0,1,0,3,10,3,4,0,2,0,0,0,0,19,0,0,0,7,3,0,0,0,0,0,0,0,0,0,1,21,0,0,5,0,0,0,0,0,0,0,0,0,0,1,0,0,0,0,0,0,0,0,0,0,0,0,0,0,0,1,0,0,0,1,1,0,0,0,0,0,0,0,0,0,0,26,0,1,0,0,0,0,0,0,0,5,0,0,0,0,0,0,0,5,0,3,0,0,0,0,0,0,0,0,0,0,0,0,1,1,0,0,0,0,0,0,0,0,0,0,0,0,0,0,0,0,0,0,4,0,0,0,0,0,0,8,0,0,0,0,0,0,0,0,0,0,0,0,0,0,0,0,0,0,0,5,0,0,0,0,0,0,0,1,0,3,1,0,0,0,0,0,2,0,0,0,0,0,1,0,0,0,0,0,0,0,0,0,1,1,0,1,1,0,0,0,0
643,0,0,0,0,6,0,0,34,0,0,0,16,0,1,0,0,0,0,0,0,0,0,3,0,3,0,1,0,0,0,0,0,1,0,0,0,0,0,0,1,0,0,0,0,0,0,0,5,9,0,0,0,0,0,0,5,0,0,0,0,0,1,0,0,0,0,0,0,0,0,0,0,0,0,0,0,0,0,0,0,1,0,0,0,0,0,0,1,2,0,2,0,0,1,0,1,0,0,0,0,0,14,23,2,0,1,0,0,0,0,0,0,0,0,0,0,0,0,0,0,0,2,1,0,0,0,0,1,0,0,0,0,0,0,0,0,0,2,3,0,0,5,0,0,0,0,10,1,0,0,0,0,0,0,0,0,0,1,3,0,0,0,2,0,0,0,0,0,0,0,0,49,11,10,0,0,1,0,0,1,0,0,0,2,0,0,0,0,0,0,0,0,0,0,0,0,0,0,0,0,0,0,0,0,0,0,6,1,0,0,0,0,0,0,0,0,0,0,1,0,1,0,0,0,0,0,1,0,1,0,0,0,0,0,0,0,4,5,9,0,0,0,4,0,0,0,0,0,0,1,0,1,0,0,0,0,0,0,0,0,0,12,0,0,0,0,0,0,0,1,7,0,0,0,0,0,0,0,0,0,0,3,0,0,0,0,0,0,0,0,0,0,2,3,0,5,0,0,27,5,6,0,0,0,0,1,0,1,0,0,0,1,0,0,0,0,0,0,7,0,19,0,4,0,0,1,0,0,1,0
644,0,0,2,0,2,0,0,46,0,25,5,1,0,0,0,0,0,0,0,0,0,0,0,0,0,0,0,0,0,0,0,0,0,0,0,0,0,0,0,0,0,0,0,0,1,0,5,5,0,0,1,0,0,3,0,0,1,3,0,1,1,0,3,0,0,0,0,0,0,0,0,0,0,0,0,0,0,0,0,0,0,0,0,1,0,0,0,0,0,0,0,0,0,0,3,0,0,1,0,16,1,0,1,4,0,0,2,0,0,0,0,0,0,0,0,0,0,0,0,0,0,0,3,0,0,0,0,0,0,0,0,6,0,0,0,0,0,1,14,0,0,0,0,0,0,0,0,7,0,3,0,0,0,0,0,0,0,1,0,0,0,4,0,7,0,0,0,0,0,0,0,0,1,0,0,0,0,0,1,0,0,0,0,0,0,0,0,0,0,0,0,0,0,0,0,0,0,0,0,1,0,0,0,0,0,0,2,0,0,0,3,1,0,0,0,0,0,0,6,7,0,0,0,0,1,0,1,0,0,0,3,0,0,0,5,0,0,0,2,0,1,1,11,0,0,0,0,0,0,0,0,1,0,3,2,0,1,0,0,0,0,40,0,0,0,0,8,3,0,0,0,0,0,0,0,0,0,0,0,0,0,0,0,1,0,0,1,0,0,0,0,0,0,0,0,0,0,0,0,0,0,0,0,2,0,0,0,0,4,0,0,5,0,0,0,0,0,0,2,0,0,0,2,0,0,0,0,10,0,0
645,0,0,0,0,40,0,0,124,0,1,14,5,0,2,0,0,0,1,0,1,0,0,0,0,1,0,1,0,1,0,0,0,0,0,0,0,0,0,0,3,0,0,0,0,0,0,0,0,0,0,0,0,0,0,0,6,0,0,0,0,0,2,0,0,0,0,0,0,0,0,0,0,0,0,0,0,0,0,0,3,0,0,0,0,0,0,0,0,0,0,5,0,0,0,0,0,0,0,0,0,0,18,2,0,0,0,0,0,0,0,1,5,1,0,0,0,0,0,1,0,0,5,0,0,0,0,0,0,0,0,16,0,0,0,0,0,0,6,5,0,0,2,0,0,0,2,11,0,0,0,0,0,0,0,0,0,0,0,0,0,0,3,5,0,0,0,0,0,0,0,0,0,0,1,0,0,0,0,0,0,0,0,0,0,0,0,0,0,0,0,3,0,0,6,0,7,0,0,0,0,16,0,0,0,0,0,0,0,0,0,0,0,0,0,0,0,0,0,0,4,0,0,0,0,0,0,1,0,0,0,0,0,0,0,0,0,12,0,0,0,2,0,0,0,0,3,2,0,2,0,6,0,0,0,0,0,0,0,0,0,0,8,8,0,0,0,0,0,0,0,3,0,0,5,0,0,0,0,0,0,0,0,0,0,0,0,0,0,1,0,0,0,0,0,0,0,0,0,17,0,0,1,0,0,0,0,0,0,0,0,0,0,0,0,0,4,0,0,0,1,0,0,23,0,0,0,0,0,1,0
646,0,0,2,0,9,0,0,17,0,0,20,0,0,0,0,1,0,0,0,0,0,0,0,0,0,6,0,0,0,0,0,1,0,0,0,0,8,3,0,0,0,0,0,0,8,0,0,0,0,0,0,2,0,2,0,0,5,2,0,0,0,2,0,0,3,0,0,0,0,4,0,0,0,0,0,0,0,1,1,0,0,0,0,2,0,0,0,0,0,0,0,0,0,0,0,0,0,0,1,0,2,0,1,0,0,0,0,0,0,0,36,4,0,0,0,2,0,0,0,0,5,1,4,0,0,0,0,0,0,0,0,0,0,0,1,0,0,12,2,3,0,1,0,0,0,0,0,1,0,10,0,0,0,0,0,0,1,0,0,0,0,0,0,0,0,2,0,0,0,0,0,1,0,0,0,0,0,0,0,0,0,0,0,0,0,0,0,0,0,0,0,0,0,2,0,0,0,0,0,1,2,0,2,1,0,0,0,0,7,0,0,0,0,3,0,1,0,0,2,0,0,0,0,0,0,0,2,0,1,0,0,0,0,0,0,0,0,0,0,0,1,3,28,0,0,0,0,8,0,0,0,0,0,0,0,0,0,2,0,0,2,1,0,0,0,0,0,0,0,0,8,0,0,0,3,0,0,2,0,0,0,0,0,0,0,0,2,0,5,0,0,0,3,0,0,0,5,0,0,0,0,0,0,0,3,0,11,0,0,0,0,0,0,0,0,0,0,0,13,0,1,0,3,0,0,7,0,0,0,0
647,0,0,0,0,3,0,0,32,1,0,8,1,0,0,0,1,2,0,0,0,0,0,0,0,11,0,18,0,0,0,0,0,0,0,0,0,7,0,0,0,0,0,0,0,3,0,0,0,3,1,0,1,0,1,0,0,3,0,0,0,0,0,0,0,2,0,0,0,0,0,0,0,0,0,0,0,0,0,0,5,0,0,0,6,0,0,0,0,0,0,0,0,0,0,0,0,0,0,1,0,3,0,0,0,0,1,0,0,0,0,0,2,0,0,0,3,0,0,0,2,0,0,0,0,0,0,0,0,0,0,0,0,1,0,0,48,0,21,9,0,0,4,0,0,0,0,0,2,0,0,0,1,0,0,0,0,2,0,0,0,0,0,0,0,0,8,3,0,0,0,0,0,0,0,0,3,1,1,0,0,0,0,0,0,0,0,7,0,3,0,0,0,0,0,5,0,1,0,0,0,0,0,0,1,0,2,0,0,0,1,0,4,0,0,0,0,1,0,14,0,0,3,0,0,0,0,1,6,0,0,0,0,0,0,0,0,0,0,0,0,0,1,6,0,0,0,0,0,0,0,0,0,0,0,0,0,0,0,0,0,6,4,1,0,3,0,0,0,0,0,9,0,1,0,5,0,2,1,1,0,0,0,0,1,0,0,1,0,0,0,0,0,0,0,5,0,0,0,0,0,0,4,0,0,3,2,19,0,0,0,0,2,0,2,0,0,0,0,0,0,0,0,2,0,0,0,0,0,0,0
648,0,0,3,0,4,0,0,23,0,0,9,3,0,0,0,0,1,0,0,0,1,0,0,26,0,0,0,7,0,0,0,1,2,0,0,0,0,3,0,2,0,0,0,0,4,2,0,0,0,0,2,0,0,3,0,0,0,0,0,0,0,0,0,0,0,0,0,0,0,0,0,0,0,0,0,4,0,0,0,1,0,0,0,1,0,0,0,0,0,0,0,9,0,0,0,0,0,0,0,0,0,0,6,0,0,0,0,0,0,0,0,0,0,0,0,0,0,0,2,0,0,0,6,0,0,0,0,0,0,0,1,0,0,0,0,0,0,5,0,0,1,0,0,0,0,0,5,1,0,0,0,0,0,0,0,0,8,0,0,2,0,5,1,0,0,6,0,0,0,1,0,4,0,43,0,0,0,0,1,0,26,0,0,0,0,1,0,0,0,0,0,0,0,0,0,0,0,0,1,0,0,0,0,0,0,0,0,0,22,0,2,0,0,0,0,0,0,0,22,0,0,0,0,0,0,0,1,0,0,2,0,0,0,0,10,0,0,0,0,0,3,0,0,1,0,0,0,0,0,0,1,0,0,0,0,0,0,0,0,0,14,0,0,0,0,0,0,0,0,0,1,0,7,0,2,0,0,0,0,0,0,0,0,0,0,0,0,0,2,0,0,0,0,0,0,0,0,0,1,1,0,0,0,1,0,0,11,0,0,0,0,4,0,0,5,0,0,0,0,0,0,0,1,0,0,0,0,0,0,0
649,0,0,0,0,22,0,0,27,0,0,7,7,4,0,3,0,0,0,0,0,0,0,1,0,7,0,0,0,0,0,0,0,0,0,0,0,0,0,0,0,0,0,0,0,0,0,0,0,0,0,0,0,0,2,0,0,0,0,0,0,0,6,0,0,0,0,0,0,0,3,0,0,0,0,0,0,0,0,1,0,0,0,0,0,0,0,0,0,0,0,0,6,0,1,0,0,0,0,0,0,0,0,10,0,25,0,0,0,0,0,0,1,0,0,0,0,0,0,0,2,0,0,2,0,0,0,0,0,0,0,0,0,0,0,0,0,0,10,4,0,7,2,0,0,0,2,0,0,0,0,1,0,0,0,0,0,0,0,0,2,0,12,0,0,0,0,0,0,0,0,0,72,0,0,3,0,0,0,0,0,0,1,0,0,0,0,0,0,0,0,0,0,0,0,0,0,0,0,0,0,0,0,0,0,0,0,0,0,20,0,2,0,0,0,1,0,0,2,2,0,0,0,5,0,0,0,0,0,0,0,0,0,0,0,0,0,0,0,0,0,0,0,0,0,0,0,0,0,0,0,0,0,4,0,0,0,0,0,0,9,0,7,6,11,0,0,0,0,0,1,4,0,0,3,0,0,0,0,0,2,0,0,0,0,0,0,0,0,1,0,0,0,0,0,0,0,1,0,0,0,0,0,0,0,0,0,0,0,0,0,1,1,0,0,0,3,0,0,0,1,0,1,4,0,0,0,0,0,0,0
650,0,0,1,0,2,0,0,31,0,0,27,7,0,6,0,2,0,0,0,0,0,0,0,0,12,0,3,0,0,0,1,0,0,0,0,1,0,0,0,0,0,0,0,0,6,0,0,0,0,0,0,0,0,1,6,1,3,2,0,0,2,4,0,0,2,0,0,0,0,0,0,0,0,2,0,0,0,0,0,0,0,0,6,16,0,0,4,0,0,0,0,18,0,0,0,0,0,0,2,0,0,0,0,0,2,0,0,0,0,0,13,0,1,0,0,2,15,0,0,3,0,1,0,5,0,0,0,12,0,16,0,5,0,0,0,0,1,9,8,6,0,5,0,0,0,0,0,1,0,8,2,0,0,0,0,1,2,0,0,0,0,4,0,0,0,2,0,0,0,1,0,0,0,0,0,3,0,0,0,0,0,0,0,0,0,0,0,0,0,0,0,0,0,0,4,0,0,0,0,1,0,0,0,0,0,3,0,2,0,0,1,8,0,1,0,0,0,0,22,0,0,0,0,0,0,0,2,0,0,1,0,5,1,0,0,1,0,0,0,0,3,0,0,0,0,0,0,0,0,0,0,1,12,0,1,1,1,0,0,0,0,1,0,0,0,0,0,0,0,1,13,18,0,0,0,0,0,0,0,0,0,0,0,0,0,0,0,0,1,0,0,0,0,0,0,0,0,1,0,2,0,0,0,0,0,0,0,0,3,0,0,0,0,3,0,0,0,0,0,0,0,0,2,0,0,4,0,0,0,0
651,0,0,0,0,36,0,0,9,0,0,6,0,0,0,2,0,0,0,0,0,0,0,0,0,2,0,0,0,0,0,0,1,0,0,0,0,0,1,0,0,0,0,0,0,0,0,0,6,11,0,0,7,0,0,0,1,0,0,0,2,0,2,0,0,0,0,0,0,0,0,0,11,0,0,0,0,0,0,0,8,0,0,0,0,0,0,0,0,0,0,0,0,0,0,0,0,0,0,0,7,0,0,6,0,0,1,0,0,0,0,0,2,0,0,1,5,0,0,0,5,1,1,3,0,0,0,0,0,0,0,0,0,0,0,0,1,0,6,0,0,0,2,0,0,0,0,0,0,0,0,0,0,0,0,0,0,0,4,0,3,0,0,0,0,0,0,0,5,0,0,0,84,10,1,1,0,2,0,1,0,0,0,0,0,0,1,0,0,0,0,0,0,0,5,1,0,0,0,0,0,0,0,0,0,0,0,0,0,0,0,0,0,0,0,0,0,0,0,4,7,0,0,0,0,0,0,0,0,0,0,0,0,0,0,0,0,3,0,0,0,1,0,0,0,0,0,3,0,0,0,0,0,3,5,0,0,0,0,0,10,0,38,7,0,0,0,0,0,0,0,2,0,0,6,0,0,0,0,0,5,0,0,0,0,0,0,6,0,0,0,0,0,0,3,0,0,0,0,42,0,0,0,0,0,0,0,4,0,0,0,0,2,0,0,1,0,0,0,0,2,0,0,6,0,0,0,0,0,1,0
652,0,1,1,0,5,0,0,45,0,0,5,0,0,0,0,0,0,0,0,0,0,0,0,0,0,0,0,0,0,0,0,0,0,0,0,0,3,0,1,1,0,0,0,0,0,0,0,0,0,0,0,0,0,2,5,0,0,0,0,0,0,0,0,0,0,0,2,0,0,0,1,0,0,0,0,0,0,1,0,0,1,0,0,0,0,12,0,0,0,0,0,0,0,11,0,0,0,0,4,0,1,4,26,4,3,0,0,0,0,0,0,0,0,0,0,0,0,0,0,0,0,0,1,0,0,0,0,0,0,0,0,0,0,0,0,1,0,13,0,0,0,0,0,0,0,0,6,0,0,0,1,0,0,0,0,0,0,0,0,0,0,6,0,0,0,39,0,0,0,0,0,3,1,7,0,0,0,0,0,0,21,0,0,0,0,0,0,0,0,0,0,1,5,0,2,1,0,0,0,1,0,0,0,0,0,0,0,0,0,0,1,0,0,0,0,0,0,0,7,0,0,0,0,1,1,0,1,0,0,0,0,0,1,0,19,0,0,0,0,0,0,2,0,1,1,1,0,8,5,6,0,0,0,0,0,0,0,0,0,0,5,19,1,0,0,0,0,0,0,0,0,0,0,1,0,0,0,0,0,3,3,3,0,0,0,0,0,0,4,0,0,0,0,2,0,0,5,0,0,0,0,0,0,0,0,0,13,0,14,0,0,1,0,0,0,0,0,0,0,0,0,1,6,0,0,0,0,0,0,1
653,0,0,2,0,1,0,0,37,0,0,12,0,0,0,0,0,0,0,0,0,0,0,0,0,0,0,0,0,0,0,0,1,0,0,0,0,0,0,0,0,0,0,0,0,0,0,0,0,0,0,0,3,0,0,0,0,1,0,0,0,0,5,8,0,0,1,0,0,0,0,0,0,0,2,0,0,0,0,3,1,1,0,0,1,0,0,0,1,1,0,0,0,0,9,0,0,0,0,3,67,1,0,14,2,0,0,0,0,0,0,0,0,0,1,0,0,0,0,0,0,0,0,9,0,0,0,0,0,0,0,0,0,0,0,1,1,0,12,0,0,0,0,0,2,0,0,0,2,0,0,0,0,0,0,0,0,0,0,3,0,0,0,0,3,0,0,0,0,0,0,4,5,0,15,0,0,0,0,0,0,0,0,0,0,0,0,0,1,1,0,0,0,0,0,0,0,0,0,0,0,0,0,0,0,0,0,0,7,0,0,0,1,0,0,0,0,0,0,40,6,0,0,0,5,0,0,0,0,0,0,0,0,0,0,0,0,0,0,0,0,1,0,0,1,0,0,0,0,0,0,0,0,0,0,0,0,0,46,3,0,6,75,1,0,0,0,0,0,0,0,0,0,0,0,2,0,0,0,0,0,0,0,0,0,0,16,0,0,1,0,1,0,0,9,0,0,0,0,0,0,0,0,0,0,0,0,0,1,0,0,0,6,0,0,4,0,0,0,0,0,0,1,1,28,3,10,0,3,0,0
654,0,0,2,1,10,0,8,38,0,0,5,5,3,0,0,0,0,0,1,7,0,0,0,0,10,0,6,0,0,0,0,0,0,0,0,0,0,3,0,0,0,0,0,0,0,1,0,0,0,0,0,0,0,6,0,0,0,0,0,0,0,8,0,0,0,0,0,0,0,0,0,0,0,0,0,0,0,0,0,0,1,0,0,0,0,0,4,0,0,0,0,0,0,17,0,0,0,0,12,0,0,0,11,0,6,0,2,0,0,0,0,0,0,0,0,0,0,0,0,0,0,0,0,0,0,0,0,0,0,0,0,2,0,0,0,0,0,2,17,3,0,2,0,0,0,0,2,4,0,0,4,6,0,0,0,0,0,0,2,0,0,10,0,0,0,0,0,0,0,0,4,0,0,0,0,0,0,0,0,0,7,0,1,0,0,0,0,0,2,0,1,0,0,0,0,0,0,0,0,0,0,0,0,0,0,1,0,12,0,0,2,0,0,0,2,0,0,0,0,0,1,0,0,0,0,0,0,0,0,0,0,0,12,0,9,0,0,0,0,0,5,0,11,0,0,0,0,0,0,0,1,0,0,0,0,0,0,0,0,0,0,10,0,3,0,0,0,0,0,1,1,0,2,1,0,0,0,0,0,0,0,0,0,0,0,0,0,0,5,0,0,0,0,2,0,1,14,0,1,0,0,0,0,0,0,0,0,2,0,0,2,0,0,0,0,1,0,0,0,0,0,0,2,0,3,5,0,0,0,0
655,0,0,0,0,0,0,0,33,0,0,6,0,0,0,0,0,1,0,0,0,0,0,1,0,0,0,0,0,0,0,2,0,0,0,0,0,0,0,0,0,0,0,0,0,2,0,0,0,3,0,0,0,0,0,0,0,0,3,3,0,0,6,8,0,0,0,0,0,0,0,0,0,0,0,0,1,0,0,0,4,0,0,0,0,0,0,0,0,0,0,0,0,0,0,5,0,0,0,3,0,0,0,14,0,12,0,0,0,0,0,0,0,0,0,0,0,0,0,0,0,0,0,0,0,0,0,0,0,0,0,7,0,1,0,0,0,0,14,14,13,0,1,45,0,0,0,0,10,0,0,1,0,0,0,0,0,0,0,1,0,0,0,1,0,1,14,0,0,0,0,0,6,0,0,0,0,0,0,0,0,0,0,0,0,0,0,0,0,0,0,0,0,0,0,1,0,0,0,1,1,0,0,0,1,0,0,0,5,0,0,2,0,1,0,0,0,0,0,40,0,0,5,0,0,0,0,2,0,0,0,0,0,0,0,0,0,0,0,0,0,2,0,0,0,0,1,50,0,0,0,0,0,1,0,0,0,0,0,2,0,0,10,0,2,0,0,0,0,0,0,1,0,0,0,0,0,10,5,0,0,0,0,0,0,3,0,0,0,1,0,1,0,0,4,0,0,12,0,0,0,0,0,0,0,0,0,0,3,0,0,0,6,0,0,0,0,0,0,1,2,0,1,0,0,0,0,0,0,0,0
656,0,0,1,0,10,0,0,23,0,0,11,3,0,3,0,0,0,2,0,0,0,0,0,0,10,0,0,0,0,0,2,0,0,0,0,2,0,0,0,0,0,0,0,0,0,2,0,0,0,0,0,0,0,0,0,1,0,0,0,0,0,3,0,0,0,0,0,0,0,0,0,0,0,0,0,0,0,0,0,4,0,0,0,0,0,0,0,0,0,0,0,8,0,0,0,0,0,8,0,0,0,0,1,0,2,0,0,0,0,0,0,0,0,0,0,7,0,0,0,0,0,0,0,1,0,0,0,0,0,0,8,0,0,0,0,0,0,7,0,0,0,5,0,0,0,0,0,1,0,2,0,0,1,0,0,0,0,1,0,0,0,3,18,0,0,5,3,0,0,0,0,0,0,0,0,0,1,0,0,0,0,0,0,0,0,0,0,0,0,0,0,0,0,0,10,0,2,0,0,0,0,0,0,0,0,0,0,0,0,0,0,0,0,1,0,0,0,0,45,0,0,0,0,0,0,0,0,0,0,1,0,14,1,0,0,0,0,0,0,0,7,2,0,2,0,0,0,0,0,0,0,0,0,5,0,0,0,0,0,0,0,2,0,0,0,0,0,0,0,0,11,0,0,0,7,0,3,0,0,0,0,0,0,0,0,0,2,0,7,0,0,0,0,0,0,0,1,1,13,0,0,0,0,0,0,0,0,0,0,0,0,0,1,2,1,0,0,0,0,0,0,0,1,0,0,0,0,0,0,0
657,0,0,2,0,3,0,3,31,0,0,29,4,0,4,0,0,0,0,13,0,0,0,0,0,5,0,0,1,1,2,1,0,0,0,0,1,0,0,0,0,0,0,0,0,0,0,1,6,0,1,0,0,0,0,0,2,3,0,1,0,0,5,0,0,0,0,1,0,0,0,0,0,0,0,0,0,0,1,0,7,0,0,0,0,0,0,0,0,0,0,0,8,0,0,0,3,0,0,0,0,1,0,1,0,1,0,0,0,3,0,0,1,2,0,0,0,0,0,0,0,0,0,0,0,0,0,0,0,0,0,0,0,0,0,0,0,1,7,0,15,0,3,0,0,0,2,32,1,0,21,0,0,0,0,0,0,0,0,0,0,0,4,0,0,0,3,0,0,0,0,0,3,0,0,0,0,0,0,1,1,0,0,0,0,0,0,0,0,0,0,0,0,2,0,0,0,0,0,0,0,0,0,0,1,0,0,0,0,0,1,1,6,0,0,0,0,0,0,18,0,0,0,0,0,0,0,3,0,1,0,0,4,0,2,0,1,0,0,0,0,3,2,5,2,0,0,2,0,0,0,0,0,0,1,0,0,0,0,0,0,0,4,0,0,0,0,0,1,0,0,3,0,0,0,0,0,0,0,0,0,0,0,0,0,0,0,0,0,3,14,0,0,0,0,0,0,7,0,0,0,0,0,0,0,0,0,6,0,0,0,0,1,0,0,0,0,0,0,24,0,0,1,4,0,0,0,0,0,0,0
658,0,0,0,0,8,0,0,16,0,0,0,2,0,2,0,1,0,0,0,0,0,0,0,0,0,0,0,0,0,0,0,0,0,0,0,0,0,0,0,0,0,0,0,0,0,0,0,0,0,0,0,0,0,0,0,0,0,1,0,0,1,3,0,0,0,0,0,0,0,0,0,0,12,2,0,0,0,0,0,0,0,0,0,0,0,0,0,0,0,0,0,0,0,0,0,0,0,0,0,0,0,1,1,0,0,0,0,0,0,5,9,1,0,0,0,0,0,0,0,0,0,2,0,6,0,4,0,0,6,0,8,0,0,0,0,0,0,0,13,0,0,3,0,0,0,0,0,1,0,14,0,0,0,0,0,0,0,0,0,0,0,0,21,0,0,0,0,0,0,1,0,2,0,0,0,0,0,0,0,0,0,0,0,0,0,0,8,0,0,0,0,0,0,0,0,0,0,0,0,0,0,0,3,1,0,0,0,1,0,0,1,6,0,0,0,0,0,0,12,11,0,0,0,0,0,0,2,0,0,0,0,0,0,8,0,0,0,0,0,0,3,0,0,0,0,0,0,0,0,0,0,1,0,0,2,0,0,0,0,0,0,1,0,0,5,0,0,0,0,1,11,0,0,0,5,0,0,1,0,0,0,0,0,0,0,0,0,0,5,0,0,0,0,0,0,0,3,0,0,0,0,0,0,0,0,1,0,0,0,0,0,0,0,0,0,0,0,0,61,0,0,2,2,1,0,0,0,0,0,0
659,0,0,1,0,9,0,0,16,0,0,17,4,0,0,0,0,0,0,0,0,0,0,0,14,18,7,5,0,0,0,0,0,0,0,0,0,9,0,0,0,0,0,0,0,0,5,0,0,0,0,0,2,0,0,0,0,0,0,0,0,0,0,0,0,0,0,0,0,0,14,0,1,0,0,0,0,0,0,0,2,0,0,0,1,0,0,0,0,4,0,0,4,0,0,0,0,0,5,0,0,1,0,0,0,0,0,0,0,0,0,0,4,1,0,0,5,0,1,0,0,0,1,0,4,0,0,0,4,0,0,0,0,0,0,0,0,0,9,20,3,0,8,0,1,0,2,0,0,0,10,3,0,0,0,1,0,1,0,0,0,0,2,0,0,0,1,0,0,0,0,0,0,0,0,0,19,0,1,0,0,0,0,5,0,0,0,0,0,5,0,0,0,0,1,0,0,0,0,0,0,0,0,0,0,0,1,0,0,0,0,1,9,0,0,0,0,0,0,20,0,0,0,0,0,0,0,2,0,0,0,0,2,0,0,0,0,0,1,0,1,5,0,10,0,0,0,0,0,0,0,0,0,0,0,0,0,0,2,0,0,0,0,0,0,0,0,0,0,0,1,0,0,0,0,1,0,0,0,0,0,0,1,0,0,0,0,0,0,12,0,0,0,0,0,0,0,4,0,0,1,0,0,0,0,0,0,0,0,0,0,0,0,0,0,0,3,0,0,0,0,0,0,2,0,0,0,0,0,0,0
660,0,0,1,0,5,0,0,38,0,0,16,0,0,0,0,0,0,0,0,3,0,0,0,0,0,0,13,0,0,1,0,1,0,0,0,0,0,0,0,1,0,0,0,0,6,0,1,0,0,0,0,0,0,1,18,1,0,0,0,0,0,2,0,0,0,0,0,0,0,0,0,0,9,0,0,0,0,0,0,0,0,0,0,2,0,0,0,0,0,0,0,0,0,0,7,0,0,0,1,0,0,0,0,4,1,0,0,0,0,0,0,0,0,0,0,0,0,0,0,3,0,1,0,0,0,0,0,0,6,0,0,0,0,1,2,0,0,20,0,0,0,3,0,0,0,1,0,0,1,0,0,0,0,0,0,0,0,0,0,0,0,0,0,0,0,7,0,0,0,0,0,7,1,0,0,0,0,0,0,0,0,0,0,1,0,0,0,0,0,0,7,0,0,0,0,0,1,0,0,0,2,0,0,0,0,0,0,0,0,0,1,0,3,1,0,0,0,0,13,0,0,0,0,0,0,0,2,0,0,0,0,0,0,0,0,0,0,0,0,0,1,0,7,0,0,0,0,0,0,0,0,0,0,0,0,0,0,1,0,0,0,6,0,0,0,0,0,0,0,0,8,26,0,2,3,0,0,0,0,0,0,0,0,1,0,0,0,0,8,0,0,0,0,0,0,0,0,0,0,1,1,0,0,0,0,1,7,0,0,0,0,0,0,0,0,0,0,0,0,5,0,1,0,0,0,0,0,0,0,0
661,0,0,0,0,12,0,0,20,0,2,5,13,0,6,0,0,1,0,0,0,0,2,2,0,2,0,0,0,0,0,0,0,1,0,0,0,0,0,0,1,0,0,0,0,0,0,0,0,0,0,0,0,0,1,0,3,0,0,3,0,0,5,0,0,0,0,0,0,0,0,0,0,0,6,0,1,0,0,0,3,0,0,0,0,0,0,0,0,0,0,0,1,0,0,0,1,0,0,0,0,0,0,0,0,0,0,0,1,0,0,0,2,1,0,0,2,0,0,0,2,0,3,0,0,7,0,0,0,0,0,0,0,0,0,0,1,0,20,1,0,0,4,0,0,0,0,0,0,0,0,0,0,0,0,0,0,0,0,0,0,0,1,0,0,0,0,1,0,0,0,0,32,6,0,0,1,0,0,0,0,0,0,0,0,0,0,0,0,0,0,1,0,0,0,0,3,0,0,0,0,10,2,0,0,0,0,0,1,0,0,1,0,0,0,0,0,0,0,2,0,0,0,0,0,0,0,0,1,0,0,0,1,0,0,0,0,3,0,0,4,12,8,2,0,0,0,0,0,0,0,0,0,8,0,0,0,0,0,0,3,0,0,0,0,0,0,0,0,0,1,4,0,0,0,5,0,0,4,1,0,0,0,0,0,0,0,3,0,0,0,0,0,3,6,0,0,1,0,0,1,0,0,1,0,0,0,12,0,0,1,0,1,1,0,0,0,3,0,20,0,0,1,26,0,0,0,0,0,0,0
662,0,0,2,0,1,0,0,18,0,7,3,2,0,5,0,0,0,0,0,0,0,0,0,24,0,0,4,0,0,0,0,0,0,0,0,2,5,0,0,0,0,0,0,0,0,5,1,0,0,0,1,0,0,0,3,0,2,0,0,0,0,4,0,0,0,0,0,0,0,0,0,0,0,0,0,0,1,0,0,0,0,0,0,0,0,0,3,0,0,0,0,0,0,0,0,0,0,0,2,49,0,0,0,4,0,0,0,0,0,0,0,3,0,0,0,0,0,0,0,4,0,1,2,0,0,0,0,0,0,0,11,0,0,0,0,0,0,16,0,0,10,6,0,0,2,0,0,0,0,0,3,0,0,0,0,0,0,0,0,0,0,0,0,0,0,2,0,0,0,0,0,2,0,1,0,2,0,0,0,0,0,0,0,0,0,0,0,0,0,0,0,0,0,0,2,0,0,0,0,1,0,0,0,0,0,0,0,0,0,0,0,0,0,0,0,0,0,0,3,0,0,0,13,0,0,0,0,0,0,0,0,0,0,0,0,0,0,0,0,0,1,0,0,0,0,0,0,0,0,0,0,1,0,0,0,0,0,0,0,0,2,3,0,2,0,0,0,0,0,0,5,0,0,0,0,0,1,0,1,0,1,0,0,0,0,0,1,0,0,5,0,0,0,0,0,0,2,0,6,0,0,2,0,0,0,0,0,0,0,0,0,3,0,0,1,0,0,0,0,3,0,0,3,0,0,0,0,0,0,2
663,0,0,0,0,30,0,0,57,0,0,6,5,0,1,0,0,0,0,0,0,0,0,0,0,8,1,1,0,0,1,0,0,0,0,0,0,9,0,0,0,0,0,0,1,0,0,0,9,0,0,0,0,0,0,0,0,0,0,3,0,1,0,0,0,0,0,0,0,0,0,0,0,0,0,0,0,0,1,0,0,0,5,0,0,0,0,3,0,0,0,0,2,1,1,0,0,0,0,0,0,0,0,20,2,15,0,0,0,1,0,0,4,0,1,0,0,0,0,0,0,0,2,0,0,0,0,0,0,0,0,0,0,0,0,0,0,0,10,5,0,0,0,0,0,0,0,0,0,0,0,0,0,0,0,0,0,0,1,0,0,0,5,3,0,0,0,0,0,0,0,0,0,0,0,0,0,1,0,0,0,0,0,0,0,0,0,0,0,1,0,0,0,0,0,0,0,0,0,0,0,0,0,0,0,0,0,2,0,0,0,1,0,1,3,0,0,0,0,3,0,0,0,4,0,0,0,0,0,0,0,0,0,0,0,0,0,0,1,0,0,3,2,8,7,0,0,0,0,0,0,0,0,7,0,0,0,0,0,0,0,0,3,0,0,0,0,0,0,0,2,1,0,1,0,0,0,0,0,0,0,0,1,0,0,0,1,0,0,1,0,0,0,0,6,0,0,0,0,0,0,0,0,0,0,0,0,0,1,0,0,0,2,0,0,0,0,0,0,0,0,0,0,7,0,0,0,0,0,0,0
664,0,0,0,15,8,0,0,28,0,0,18,0,0,0,0,0,0,0,3,0,0,0,0,0,0,3,5,0,0,0,0,0,0,0,0,0,8,0,0,0,0,0,0,0,0,0,0,0,0,1,0,0,0,1,0,0,11,0,0,0,0,0,0,0,0,0,0,0,0,0,0,0,0,0,0,0,0,0,0,0,0,0,0,0,0,0,0,0,0,0,0,0,0,0,0,0,0,9,0,0,1,0,1,5,0,1,1,0,0,2,0,0,0,0,10,0,0,1,0,1,0,0,4,0,0,0,0,0,0,0,0,0,0,0,0,0,0,16,0,0,0,0,0,0,0,1,0,1,0,7,8,0,0,0,0,0,0,0,0,0,0,0,0,0,0,0,9,0,0,0,6,0,0,1,0,0,0,0,0,0,1,0,0,0,0,0,0,0,10,0,7,0,0,0,0,0,0,0,0,0,2,0,0,0,0,3,0,0,0,0,0,0,0,0,0,0,0,0,3,0,0,0,0,0,0,5,0,0,0,0,0,0,0,0,0,0,0,0,0,0,0,0,18,0,0,0,0,0,1,0,0,1,0,2,1,0,0,0,1,0,0,10,0,3,0,0,0,0,0,0,4,0,0,0,0,0,1,0,0,0,0,0,0,0,0,0,0,0,5,0,0,0,11,0,0,0,0,0,4,0,0,0,5,0,0,1,0,0,0,0,0,0,1,0,0,0,0,0,0,0,0,0,4,0,0,0,0,0,0,0
665,0,1,1,0,1,1,0,21,1,0,16,4,0,3,0,0,0,0,0,0,0,0,0,9,16,5,0,0,0,4,0,0,0,0,0,0,3,0,1,0,0,0,0,0,0,14,0,0,0,0,1,0,1,2,0,2,0,0,0,0,0,5,0,0,3,1,0,0,0,0,0,1,0,0,0,0,0,0,0,0,0,1,0,8,0,0,0,0,10,0,1,7,0,0,2,0,1,3,0,0,0,0,1,0,1,0,1,0,0,4,0,0,0,0,13,0,0,0,0,0,0,0,2,0,0,1,0,0,0,2,0,0,1,0,0,0,0,14,21,2,0,1,0,0,0,0,0,0,3,0,0,0,0,0,0,0,1,0,0,0,0,2,28,0,0,6,0,0,0,0,0,9,0,0,0,0,0,0,0,0,0,2,0,0,0,0,0,0,0,0,0,0,1,0,0,0,1,0,0,0,2,0,0,0,0,0,0,0,0,0,1,0,0,3,0,0,0,0,24,0,1,0,0,0,0,5,1,0,0,0,0,0,0,0,0,0,3,0,0,1,1,0,11,0,0,0,0,0,0,0,0,3,12,0,0,0,0,0,0,0,0,4,1,1,3,0,0,0,0,0,0,0,0,0,0,0,0,0,0,0,0,0,0,0,0,0,0,0,0,0,0,0,0,0,0,0,0,0,3,0,0,0,11,0,0,0,0,0,0,0,0,1,0,4,0,0,0,0,0,0,0,0,0,1,0,0,0,0,0,0
666,0,0,0,0,4,0,0,16,0,0,10,0,8,0,0,0,1,0,0,0,0,0,0,0,11,0,2,0,0,0,0,0,2,0,0,0,0,0,1,1,0,0,0,0,0,0,0,0,0,0,0,0,0,6,4,0,0,0,0,1,0,3,0,0,2,0,0,0,0,0,0,0,0,0,0,0,0,0,0,1,0,0,0,1,0,0,2,0,0,0,0,0,0,0,0,0,0,1,4,0,1,0,41,5,8,0,0,0,0,0,0,0,0,0,5,0,0,0,4,0,0,0,0,0,1,0,0,0,0,0,0,0,0,0,0,0,0,3,21,0,2,0,23,0,0,0,0,5,0,0,0,0,0,0,0,0,2,0,0,0,0,3,0,0,0,18,0,1,0,0,0,0,0,7,1,0,1,0,1,0,9,1,0,0,0,1,0,0,0,0,0,0,0,0,0,0,0,0,0,0,0,0,0,0,0,0,1,0,0,0,3,0,0,0,0,0,0,0,27,8,0,0,17,0,0,2,2,0,0,0,0,0,0,3,3,0,0,0,1,0,0,0,0,2,0,0,0,0,0,14,1,0,1,0,0,0,0,0,0,0,6,107,3,0,0,0,0,0,0,0,1,0,0,0,0,0,0,0,0,0,1,0,0,0,6,35,2,0,5,0,0,0,0,7,0,0,26,0,0,0,0,0,0,0,0,0,0,0,0,0,0,0,1,0,0,0,0,0,0,0,0,2,1,0,2,0,11,2,0,0
667,0,0,0,0,2,0,0,59,0,0,7,9,0,3,0,0,1,0,0,0,0,0,0,0,0,0,0,0,0,0,0,0,0,0,8,0,20,0,0,0,0,0,0,0,0,0,0,0,0,0,0,0,0,3,0,0,0,0,0,0,0,0,0,0,0,0,0,0,0,0,0,0,0,0,0,0,0,0,0,0,0,0,0,0,0,0,0,0,0,0,0,3,1,0,0,0,0,0,0,0,0,0,13,0,0,2,0,0,0,0,3,12,0,0,0,2,0,0,0,3,0,0,0,0,6,0,0,0,0,0,24,0,0,0,0,0,0,20,4,0,6,2,0,0,0,0,0,0,0,0,0,0,0,0,0,0,0,0,0,1,0,0,0,0,0,0,0,8,0,0,0,25,10,0,0,0,2,0,0,0,0,0,0,0,0,0,0,0,0,0,0,0,0,0,0,5,0,0,0,0,0,0,0,0,0,0,0,1,0,0,0,0,0,0,0,0,0,0,4,0,0,0,0,0,0,2,0,1,0,0,0,0,0,0,0,0,0,0,21,0,1,0,0,0,0,0,0,0,0,0,0,0,0,0,0,0,0,0,0,0,30,8,0,0,0,0,0,0,0,0,4,0,0,0,11,0,0,1,0,0,0,2,0,0,0,0,3,0,0,2,0,0,0,0,0,0,0,0,16,1,0,0,0,0,0,0,4,0,0,0,0,1,0,0,0,0,0,0,0,0,0,0,0,3,0,0,3,0,0,0
668,0,1,1,0,1,0,0,11,0,0,10,5,0,0,0,0,0,0,0,0,0,0,1,0,39,0,0,4,0,0,0,0,0,0,0,0,2,0,0,0,0,0,0,0,1,0,7,3,0,0,0,0,0,0,0,1,0,3,0,0,0,4,0,0,1,0,0,0,0,0,0,10,0,0,0,0,0,0,0,1,0,0,0,0,0,0,0,1,0,0,0,5,0,8,0,0,0,0,0,0,0,0,74,0,0,0,0,0,0,0,0,0,0,0,0,0,0,0,0,0,0,0,0,0,0,0,0,0,0,0,0,0,0,0,0,1,0,18,20,11,0,1,0,4,0,0,14,9,0,0,3,0,0,0,0,0,0,0,1,6,0,5,1,0,0,37,0,1,0,0,0,2,0,0,0,0,0,8,0,0,10,2,0,0,0,0,0,0,0,0,0,1,13,0,1,0,0,0,0,0,0,0,0,0,0,0,0,0,0,4,0,0,0,0,0,3,0,0,21,0,2,8,31,3,0,0,0,0,0,0,0,0,0,0,1,0,0,0,0,0,6,7,0,0,0,1,0,13,0,0,0,0,0,0,3,0,0,0,0,0,0,0,0,3,0,0,0,3,34,1,0,0,0,0,0,0,0,0,0,0,0,0,0,0,8,10,0,0,3,0,0,0,0,14,0,1,8,0,1,1,0,0,0,0,0,0,0,0,0,0,2,4,0,0,3,0,0,0,0,0,0,1,4,0,0,0,0,0,0,0
669,0,0,1,0,3,0,10,19,0,12,24,2,0,0,2,3,0,0,0,0,0,0,0,0,0,0,0,1,0,0,0,1,0,0,0,0,5,0,1,0,0,0,0,0,4,1,0,0,0,0,0,2,6,2,0,0,0,0,0,0,0,5,0,0,0,0,0,0,0,1,0,0,0,0,0,0,0,1,3,0,0,0,0,0,0,0,0,1,0,0,0,0,0,0,0,0,0,0,1,0,1,0,0,1,0,0,0,0,0,0,0,0,2,1,0,0,0,0,0,0,0,0,0,0,0,0,0,0,0,0,0,0,0,0,1,0,0,7,5,0,0,0,0,2,0,0,2,0,0,0,1,0,0,0,0,0,0,0,0,4,0,8,0,0,0,0,0,0,0,0,0,3,2,0,0,0,1,0,3,0,0,0,0,0,0,0,0,0,0,0,0,0,0,0,0,0,0,0,0,0,0,0,0,3,0,0,0,0,0,4,1,1,0,0,0,0,0,0,51,0,0,0,0,0,0,0,0,0,0,0,0,0,38,2,0,0,0,0,0,6,4,0,25,1,0,0,0,10,0,0,1,0,0,0,0,0,0,0,0,0,4,20,2,0,0,0,0,0,14,0,1,0,0,0,0,0,0,0,0,0,0,0,0,0,0,0,0,0,0,1,0,0,0,7,0,0,1,0,0,0,0,1,0,2,0,0,0,0,0,2,0,0,0,0,0,1,0,0,0,0,0,1,2,0,0,0,0,0,0,0
670,0,1,0,0,29,0,2,26,0,0,9,7,0,0,0,0,0,0,0,0,0,1,2,0,2,0,3,0,0,0,0,0,0,0,0,0,7,0,3,1,0,0,0,0,0,0,0,0,0,0,0,12,0,0,1,0,0,0,0,0,0,4,0,0,0,0,0,0,1,0,0,0,0,0,0,0,0,0,0,0,0,0,0,0,0,0,5,0,0,0,2,4,0,0,0,1,0,0,0,0,0,6,18,2,0,0,0,0,0,0,0,6,0,0,0,0,0,0,0,0,0,2,2,0,0,7,0,0,0,0,0,0,0,0,0,0,0,26,1,0,0,2,0,0,0,1,15,0,0,1,1,0,0,0,0,0,0,0,0,0,0,3,4,0,2,0,0,0,0,0,0,18,7,2,0,0,1,0,0,0,0,0,0,0,0,0,0,0,4,0,0,0,1,0,0,0,0,0,0,0,5,1,0,0,0,0,0,0,0,0,0,0,0,2,0,0,0,0,4,0,0,0,0,0,0,0,0,1,0,0,0,0,0,0,0,0,0,0,44,0,3,0,2,0,0,0,0,0,2,0,0,0,9,6,0,0,0,0,0,0,3,9,0,13,0,1,0,0,0,1,1,0,0,0,13,0,0,1,0,2,0,0,0,0,0,0,3,0,0,0,0,0,0,0,0,0,1,0,0,0,0,0,0,0,0,0,0,4,0,0,0,0,0,0,0,0,3,1,0,2,0,0,5,0,0,0,0,0,0,0
671,0,0,1,0,1,0,0,40,0,0,9,0,0,0,0,0,1,0,0,0,0,0,0,0,10,0,0,0,0,0,0,0,0,0,0,0,0,0,0,0,0,0,0,0,0,0,0,0,0,0,0,0,0,0,0,0,3,0,0,1,0,5,0,0,0,0,2,0,0,0,0,11,4,1,0,1,0,0,5,0,0,0,0,0,0,0,3,0,0,0,0,0,0,24,0,0,0,3,6,0,0,0,21,0,0,0,0,0,0,0,1,0,0,2,0,0,0,5,0,0,0,0,7,0,1,0,0,0,0,0,0,0,0,0,0,0,0,15,0,0,0,1,3,2,0,1,3,7,0,0,0,0,0,0,0,0,0,0,0,0,0,0,1,0,0,8,0,0,0,0,0,0,2,0,0,0,0,0,0,0,17,0,0,0,0,0,0,0,7,0,7,0,0,0,0,0,0,0,1,0,0,0,0,3,0,0,0,4,0,0,0,0,1,0,0,0,0,0,14,0,0,10,0,2,1,0,1,0,0,0,2,0,0,2,3,0,0,2,0,0,1,2,11,1,0,0,0,0,0,0,1,0,0,0,0,0,0,0,0,0,2,46,4,2,0,0,0,0,0,0,0,0,0,0,3,1,0,0,0,0,0,0,0,0,0,11,1,0,2,0,0,0,0,5,0,0,0,0,0,0,0,0,0,0,0,0,6,0,0,0,0,0,0,0,0,0,0,0,2,1,0,0,1,0,0,2,12,0,0,0
672,0,0,2,0,0,0,0,13,0,0,19,5,0,0,0,0,0,0,10,0,0,1,0,0,21,0,0,0,1,2,2,0,0,0,0,0,0,0,0,0,0,0,0,0,0,0,0,0,0,0,0,0,0,1,0,2,0,0,0,0,0,3,0,0,0,0,0,0,0,4,0,0,0,0,0,0,0,1,1,17,0,0,0,6,0,0,0,0,0,0,0,0,0,0,0,0,1,0,0,0,0,0,0,1,0,0,0,1,0,0,0,2,0,0,0,0,0,0,0,0,0,1,0,0,0,2,0,0,0,0,0,0,0,0,0,0,0,23,6,3,0,7,6,0,0,0,0,0,0,0,0,0,0,0,0,0,0,0,0,0,0,1,39,0,0,0,0,0,0,0,0,5,0,0,0,0,0,0,0,0,0,0,0,0,0,0,19,0,0,0,6,0,0,0,0,0,1,0,0,0,0,0,0,0,0,0,0,0,0,0,0,0,1,0,0,0,0,0,20,0,0,2,0,0,0,0,1,0,0,1,0,0,0,0,0,0,3,0,0,0,3,0,4,0,0,0,2,0,0,4,0,0,0,0,1,0,0,0,0,0,0,3,0,0,0,0,0,0,0,0,4,15,0,0,3,2,1,0,0,1,0,1,0,0,0,0,0,0,0,0,0,1,0,0,0,0,3,0,0,0,0,0,0,0,6,0,0,0,2,0,0,0,0,0,0,0,0,1,0,0,0,0,2,1,0,0,0,0,0,0
673,0,0,0,0,0,0,0,3,0,2,2,10,1,1,0,0,0,0,0,0,0,0,1,0,1,1,0,0,0,0,0,1,0,0,0,0,4,0,1,0,0,0,0,0,1,0,0,0,0,0,0,0,0,0,0,0,0,0,0,0,0,5,0,0,0,0,0,0,0,0,0,0,0,0,0,0,0,0,0,0,1,0,0,0,0,0,0,0,3,0,0,8,0,0,0,0,0,0,0,6,0,0,12,0,0,0,0,0,0,0,0,4,0,1,0,0,0,0,0,1,2,2,0,0,0,0,0,0,0,0,0,0,2,0,0,0,1,12,3,0,0,1,0,0,0,0,0,1,0,1,0,0,0,0,0,0,0,0,0,0,0,2,3,0,0,0,1,0,0,0,0,17,0,2,0,0,0,0,1,0,0,0,0,0,0,0,0,0,0,0,0,0,0,0,0,0,0,0,0,0,15,0,3,0,0,0,0,1,0,0,1,0,0,0,0,0,0,0,1,0,0,0,15,0,0,0,0,0,0,0,0,0,0,0,0,0,7,1,0,0,13,0,4,0,0,0,0,0,0,0,0,0,0,0,0,0,0,0,0,0,0,26,0,0,1,1,0,0,1,1,0,0,0,0,0,0,0,0,0,0,0,0,0,0,0,0,3,1,0,0,0,0,0,0,0,0,0,0,0,0,2,0,0,0,0,0,4,3,0,0,0,0,0,3,0,0,0,0,0,0,0,2,15,0,0,0,0,0,0,0
674,0,0,0,0,40,0,0,5,0,0,6,10,1,0,0,2,0,0,0,0,0,1,1,0,3,0,0,0,0,0,0,0,0,0,0,0,3,1,0,0,0,0,0,0,0,0,0,0,0,0,0,5,0,0,0,0,0,0,0,0,0,0,0,0,0,0,0,0,0,0,0,8,0,0,0,0,0,0,0,0,0,0,0,0,0,1,14,0,0,2,0,1,0,0,0,0,0,0,0,0,0,0,18,0,5,0,0,1,0,0,0,0,0,0,0,3,0,0,1,0,0,0,0,0,0,0,0,0,0,0,32,0,0,0,0,0,0,3,2,0,0,0,0,0,0,0,0,0,0,0,0,1,0,0,0,0,0,0,2,0,0,0,1,0,0,1,0,2,3,0,0,8,0,4,0,0,2,1,0,4,0,1,0,0,0,0,0,0,2,0,0,0,0,16,0,0,0,0,3,0,0,0,0,0,0,0,0,0,0,0,0,0,0,0,0,0,0,1,2,0,0,0,0,0,0,0,0,0,0,0,0,0,0,0,0,0,5,0,0,0,2,0,1,0,0,0,2,0,0,0,0,0,0,0,0,0,0,0,2,0,21,0,0,0,0,0,0,0,0,0,7,3,0,0,17,0,0,0,0,0,0,0,0,0,0,0,7,0,0,0,0,3,0,0,0,0,0,0,7,0,5,1,0,0,0,0,5,0,0,0,0,0,0,0,0,0,0,0,16,0,0,0,13,0,0,0,0,0,0,0
675,0,0,0,0,17,0,1,29,0,0,7,2,0,0,0,0,0,0,0,0,0,0,1,0,2,0,0,0,0,0,0,0,1,0,0,0,9,0,0,1,0,0,0,0,0,1,0,0,0,0,0,0,0,0,0,0,0,1,0,0,0,7,0,0,0,0,0,0,0,0,0,11,0,0,0,0,0,1,0,0,0,0,0,0,0,1,4,0,0,2,0,0,0,1,0,0,0,1,0,0,0,3,3,0,0,0,0,1,0,4,0,0,0,0,0,2,0,0,0,0,1,0,0,0,0,0,0,0,0,0,0,0,0,2,0,0,0,15,5,0,0,3,0,0,0,0,0,1,0,0,0,0,0,0,0,0,0,0,0,10,0,0,0,0,3,0,0,0,0,0,0,15,8,1,0,0,2,0,0,1,0,0,0,0,0,0,0,0,3,0,4,0,0,0,0,4,0,0,0,0,0,0,0,0,1,0,0,0,0,0,1,0,1,3,0,0,0,1,1,2,1,2,24,1,0,2,0,0,0,0,0,0,0,0,0,0,4,0,0,0,6,0,0,0,0,0,0,0,0,0,0,0,5,0,0,0,0,1,0,0,0,7,4,0,0,0,0,0,0,0,7,0,0,3,0,0,0,0,0,0,0,0,0,0,0,0,15,0,1,1,0,0,11,3,0,0,1,0,11,0,0,2,0,0,0,0,10,0,0,1,0,0,3,6,0,0,0,0,25,0,0,0,29,0,0,0,0,0,0,0
676,0,0,0,0,4,0,0,1,0,0,5,3,0,0,0,0,0,0,0,2,0,0,1,0,19,0,0,0,0,0,0,0,0,0,0,0,2,2,0,0,0,0,0,0,0,0,0,0,2,0,0,0,0,0,7,0,0,0,0,0,1,28,0,0,0,1,0,0,0,0,0,0,0,0,0,0,1,1,0,0,1,0,0,0,0,0,0,2,0,0,0,8,0,0,0,0,0,1,0,0,0,0,31,0,7,0,0,0,0,2,0,0,0,0,0,0,0,0,6,0,5,0,3,4,0,0,0,1,0,0,0,0,0,0,1,0,0,26,0,8,0,1,0,0,0,0,0,10,0,7,2,0,0,0,1,0,0,0,0,0,0,5,0,5,0,7,0,0,0,0,0,0,1,0,0,0,0,0,2,0,0,0,0,0,0,0,0,0,0,0,0,0,0,0,0,0,0,0,1,0,0,0,0,0,0,0,0,0,8,5,5,0,1,0,0,0,0,0,77,0,0,0,0,0,0,0,1,0,0,4,0,0,0,0,13,0,5,7,0,0,2,0,27,0,0,0,0,3,7,0,0,0,0,0,0,0,0,0,0,0,0,0,0,2,0,0,0,0,0,1,1,0,0,1,2,0,0,0,0,0,0,0,0,0,6,0,0,0,2,0,0,0,0,17,0,0,29,0,1,0,0,1,0,0,0,0,0,0,0,0,0,0,0,0,0,0,0,0,0,0,0,0,2,0,0,0,0,0,0,0
677,0,0,1,1,0,0,0,24,0,0,8,2,0,0,0,0,0,0,1,0,0,0,0,23,21,0,4,0,0,0,1,1,0,0,0,0,0,0,0,2,0,0,0,0,0,0,7,0,0,0,0,0,0,7,0,0,0,0,0,0,0,13,31,0,0,0,0,0,0,1,0,0,0,0,1,0,0,0,0,0,0,0,0,0,0,0,0,0,0,0,0,0,0,8,0,0,0,0,0,0,1,0,14,1,12,0,3,1,0,0,0,0,5,0,0,0,0,0,0,0,1,0,1,0,0,0,0,1,0,0,0,0,0,0,0,1,0,16,18,0,0,0,0,0,0,0,4,1,0,0,0,0,0,0,1,0,0,0,0,0,0,0,0,0,0,6,0,0,0,0,0,4,1,0,0,0,0,0,0,0,0,0,0,0,0,0,0,0,2,2,0,4,7,0,0,0,0,0,0,0,0,0,0,3,0,0,1,0,0,0,4,0,0,0,0,0,0,0,43,0,0,0,0,0,0,0,2,0,0,0,0,0,0,2,2,0,0,0,0,0,1,0,10,0,0,1,0,0,0,0,1,0,1,0,0,0,1,0,0,0,1,22,1,0,0,0,7,0,0,0,0,0,0,0,0,0,0,0,0,0,0,0,0,0,0,0,0,0,6,0,2,0,0,1,0,0,0,0,1,0,0,0,0,0,0,0,0,0,0,0,0,0,0,0,0,0,0,0,0,0,0,0,3,0,0,0,0,0,0,0
678,0,0,0,0,2,0,6,17,0,0,15,3,0,2,0,0,0,0,0,0,0,0,0,2,4,0,0,0,0,0,0,0,0,0,0,0,0,2,0,0,0,0,0,0,0,0,0,0,0,0,0,0,0,0,2,0,6,0,0,0,0,2,0,0,3,0,0,0,0,8,0,0,4,0,0,0,0,1,0,0,0,0,8,15,0,0,0,0,0,0,0,0,0,0,7,0,1,0,1,0,1,0,0,3,1,0,0,0,0,0,0,3,0,0,0,2,25,0,0,1,0,0,2,0,0,0,0,0,0,0,0,0,0,0,0,0,0,15,0,0,0,3,0,0,0,2,0,1,0,0,4,0,0,0,0,0,0,0,0,0,1,0,0,0,0,3,0,0,0,0,0,2,0,0,0,0,0,4,0,1,0,0,0,0,0,0,1,0,0,0,0,0,0,0,0,0,0,0,0,2,0,0,0,0,0,0,0,0,0,0,0,0,2,0,0,0,0,0,10,18,0,0,3,0,0,3,2,3,1,0,0,0,0,0,0,0,0,0,0,0,3,0,7,1,0,0,0,0,0,0,0,1,0,0,0,0,0,1,0,0,2,5,1,5,0,0,0,0,0,0,24,0,0,1,0,0,1,1,0,0,0,0,0,0,0,0,1,0,3,0,0,0,11,1,0,0,0,0,11,0,0,0,0,0,0,0,20,0,0,0,0,2,0,0,1,0,0,0,0,6,0,0,1,0,0,0,1,0,0,0
679,0,0,1,0,0,0,0,10,0,0,3,0,0,0,0,0,0,0,0,0,0,1,1,0,20,0,0,0,0,0,0,0,1,0,0,0,0,3,1,0,0,0,0,0,0,1,0,0,5,0,0,0,0,0,0,0,0,0,0,0,0,1,0,0,0,0,0,0,0,0,0,0,0,0,0,1,0,0,2,0,0,0,0,0,0,0,7,0,0,0,0,2,0,2,0,0,0,0,0,0,0,0,32,0,7,0,0,0,0,6,0,0,3,0,0,0,0,0,0,0,0,0,0,0,0,0,0,0,0,0,0,0,0,0,0,0,0,7,10,5,0,0,11,0,0,0,4,6,0,0,4,0,0,0,0,0,0,1,0,0,0,2,1,2,0,10,0,0,0,0,0,4,0,0,0,0,0,0,2,0,7,0,0,0,0,0,0,0,0,0,0,1,0,0,0,0,0,0,1,1,7,0,0,2,0,0,0,0,0,5,0,0,0,1,0,0,0,0,38,4,0,0,19,0,0,0,1,0,0,0,0,0,0,0,11,0,2,6,2,0,0,0,16,0,0,0,0,15,0,11,0,1,0,0,0,0,0,0,0,0,0,17,0,0,0,0,0,0,0,1,0,0,4,0,0,0,0,4,0,0,0,3,0,0,0,0,1,0,0,0,2,0,0,8,0,0,0,0,0,2,0,0,0,0,0,0,0,0,0,0,0,2,0,0,0,0,0,0,0,0,0,0,1,0,3,0,0,0,0,0
680,0,1,1,0,2,0,0,34,0,0,6,6,10,0,0,0,0,0,0,0,0,0,0,0,11,1,4,0,0,0,0,0,0,0,0,0,0,0,0,4,0,0,0,1,0,0,0,0,0,0,0,0,0,0,0,0,0,0,0,0,0,0,0,0,0,0,0,0,0,0,0,0,0,0,0,3,0,0,0,0,0,0,1,0,0,0,0,0,0,0,0,0,0,5,0,0,0,1,0,0,1,0,8,1,26,1,0,0,0,0,1,0,0,1,0,0,0,0,0,0,3,1,1,0,0,0,0,0,0,0,0,0,0,0,0,0,0,9,0,0,0,2,0,0,0,0,0,4,0,0,0,0,0,0,0,0,0,0,2,0,0,0,0,0,0,19,3,1,0,0,0,5,1,0,0,0,1,0,0,0,4,0,0,0,0,0,0,0,0,0,0,0,0,0,0,0,0,0,1,1,0,0,0,0,0,0,0,0,0,0,0,1,0,0,0,0,0,0,78,0,3,0,0,0,0,0,1,0,0,0,0,0,9,0,26,0,0,0,0,0,0,0,7,0,0,0,0,0,0,0,0,0,0,0,0,0,0,0,0,0,3,32,1,0,0,0,0,0,0,0,0,1,5,0,0,0,0,0,0,0,1,3,0,0,0,0,0,0,0,0,2,0,0,0,0,0,11,0,0,0,0,0,0,0,0,0,6,0,0,3,0,1,0,0,6,0,1,0,8,0,0,2,2,0,0,5,1,4,0,1
681,0,0,1,0,3,0,0,24,0,0,19,8,0,0,0,0,0,0,0,0,0,1,0,0,0,0,4,0,0,0,1,0,0,0,0,1,0,0,0,1,0,0,0,0,0,1,0,14,0,0,0,2,0,0,0,0,1,0,1,0,0,1,0,0,1,0,0,1,0,7,0,0,5,0,0,0,0,0,0,5,0,0,0,7,0,0,0,0,0,0,0,0,0,0,6,0,0,3,0,10,0,0,1,5,0,0,0,0,0,0,0,0,0,0,0,5,0,0,0,1,0,0,0,0,0,0,0,0,0,0,0,8,0,0,0,0,1,12,0,0,0,4,0,0,0,0,0,0,0,17,0,0,0,0,0,0,0,0,0,0,0,0,43,1,0,1,0,0,0,0,0,4,0,0,0,2,1,0,0,0,0,0,0,0,0,0,0,0,0,0,0,0,1,1,0,0,0,0,0,0,3,0,0,0,0,0,0,0,0,0,2,0,2,0,0,0,0,0,8,0,0,1,0,0,0,3,1,0,0,0,0,0,0,3,0,0,1,0,0,0,0,0,6,0,0,0,0,0,0,0,12,0,0,0,0,0,0,0,0,0,7,1,2,0,0,0,0,0,0,0,34,0,0,0,3,0,0,0,0,0,1,0,0,0,0,0,0,0,0,0,0,0,0,0,0,0,3,0,0,0,0,0,0,0,13,0,0,0,6,0,0,0,3,2,0,0,0,0,0,0,0,0,4,0,0,4,0,0,14,0
682,0,0,2,0,2,0,0,30,0,0,11,2,0,0,0,0,0,0,0,0,0,2,0,0,13,0,0,0,0,0,0,1,0,0,0,0,1,0,0,0,0,0,0,0,0,0,0,0,0,1,1,0,0,7,0,0,0,0,4,1,0,0,0,0,0,0,0,0,0,1,0,5,0,1,0,0,0,0,0,1,0,0,0,2,0,0,0,0,0,0,0,0,0,0,0,3,0,0,3,0,0,0,66,0,0,0,0,0,0,0,0,0,0,0,0,0,0,0,0,0,0,0,3,0,0,1,0,1,0,0,8,1,0,0,0,0,0,13,0,0,0,1,0,0,0,0,0,2,0,0,0,16,0,0,0,0,4,0,0,0,0,4,0,0,0,36,0,0,0,0,0,5,0,0,0,0,0,0,0,0,15,1,1,0,0,0,0,1,0,1,4,3,0,0,1,0,0,0,0,1,0,0,0,1,0,0,0,0,0,0,0,0,0,0,0,0,0,0,38,0,0,0,0,0,0,0,0,0,0,0,0,0,7,0,3,0,0,0,0,0,0,0,65,0,0,0,0,0,4,0,0,0,0,0,0,0,0,0,0,0,2,35,0,2,0,0,0,0,0,0,0,0,0,0,0,1,0,0,0,0,4,9,0,0,0,0,1,0,1,0,5,0,0,0,0,0,0,0,0,1,0,0,0,0,0,0,0,0,5,1,2,3,0,0,0,0,0,0,1,5,0,0,1,0,0,6,0,0,0,0
683,0,0,2,0,1,0,0,54,0,0,10,2,0,0,0,3,0,0,0,0,0,0,0,0,0,0,8,0,0,0,0,0,0,0,0,0,0,0,0,0,0,0,0,0,0,0,15,1,0,0,0,0,1,4,0,0,3,0,0,1,0,2,0,0,0,0,0,0,0,2,0,4,0,0,0,7,0,0,0,0,0,0,0,2,0,0,0,0,0,0,0,0,0,10,0,0,0,0,0,7,2,0,12,3,0,1,0,0,0,0,0,0,0,0,0,0,0,3,0,1,0,0,3,5,0,0,0,0,0,0,0,0,0,0,0,0,0,2,0,0,1,0,0,0,0,0,0,2,0,0,0,0,0,0,0,0,5,0,0,0,0,0,0,0,0,4,0,0,0,0,5,0,0,0,0,0,0,0,3,0,0,0,0,1,0,0,0,0,0,0,4,2,0,0,1,0,0,0,0,0,0,0,0,0,0,0,0,7,0,0,0,0,0,0,0,0,0,0,70,0,0,0,0,0,0,1,1,0,0,0,0,0,0,0,9,0,0,0,0,0,1,0,5,0,0,0,13,0,4,0,0,0,0,0,10,0,1,0,0,0,6,30,0,0,0,0,0,0,0,0,1,0,0,0,2,0,7,0,0,0,0,0,0,0,0,0,0,0,5,0,0,0,0,5,0,0,0,0,0,1,0,0,0,0,0,0,0,0,1,0,0,0,0,0,0,0,0,0,0,0,0,1,5,0,0,4,7,10,0,0
684,0,0,1,3,3,0,0,59,0,13,4,9,4,0,0,0,0,0,0,0,0,3,0,0,46,0,0,0,0,0,0,1,0,0,0,0,0,6,0,0,0,0,0,0,5,0,0,0,0,0,0,0,0,2,6,0,2,0,0,0,0,0,0,0,3,0,0,0,0,0,0,0,0,1,0,0,0,1,0,0,0,0,0,0,2,15,1,0,0,0,0,24,0,0,0,0,0,2,0,0,0,0,33,1,0,0,0,0,0,0,0,0,0,0,0,0,0,0,0,0,0,0,0,0,0,0,0,2,0,0,0,0,0,0,0,0,0,13,15,15,0,0,0,1,0,0,6,1,0,14,1,0,0,0,0,0,7,0,0,0,0,12,1,0,0,8,0,0,0,0,6,0,0,16,0,0,0,0,0,0,18,0,0,0,0,0,0,0,0,2,0,0,9,0,0,0,0,0,0,0,0,0,0,0,0,0,1,0,4,3,0,0,0,1,1,0,0,0,22,0,0,0,0,0,0,0,2,0,0,0,0,0,0,2,5,0,0,3,0,0,2,0,15,0,0,0,0,13,0,0,0,0,0,4,0,0,0,7,0,0,0,37,0,0,0,0,0,0,0,2,0,0,0,0,0,0,0,0,0,0,0,0,0,0,0,0,0,0,0,2,0,0,0,0,0,0,15,0,1,0,0,0,0,0,0,0,8,2,2,0,1,2,1,0,0,0,0,0,2,0,1,0,5,0,0,0,0,0,0,2
685,0,0,1,0,6,1,8,0,1,8,24,3,0,9,0,0,0,0,4,0,0,0,0,29,61,0,0,1,0,0,0,0,1,0,0,0,0,0,0,0,0,0,0,0,0,0,0,5,0,1,0,0,0,0,0,2,0,0,0,0,0,0,0,0,0,0,0,0,0,0,0,0,0,0,0,0,4,1,0,0,0,0,0,0,0,0,0,0,0,0,0,0,0,0,0,0,0,0,0,0,0,0,0,0,3,1,0,0,6,0,0,0,0,0,0,2,0,2,0,0,0,0,2,0,0,2,0,0,0,0,0,0,0,0,0,0,0,19,7,9,16,0,0,0,3,0,0,3,0,10,0,0,0,0,0,0,0,0,0,0,0,2,19,0,0,0,0,0,0,0,0,0,0,0,0,0,0,0,0,0,0,0,0,0,0,0,0,0,17,0,0,0,0,0,0,0,1,0,0,0,0,0,0,0,0,0,0,1,0,0,1,0,3,3,0,0,0,0,25,0,0,0,0,0,0,0,6,0,0,0,0,0,1,1,0,0,0,0,0,0,5,0,10,1,1,0,2,7,0,0,1,0,0,0,0,0,0,0,0,0,0,2,0,19,0,0,0,0,0,0,19,0,1,0,9,1,0,0,0,0,0,0,0,0,0,0,0,0,0,0,1,0,0,0,0,0,0,0,5,1,0,0,0,0,0,1,5,0,0,0,0,1,0,0,0,0,0,0,22,0,0,0,0,0,0,0,0,0,0,0
686,0,0,3,0,1,0,4,7,0,0,3,10,1,0,0,0,0,0,0,0,0,0,1,12,21,0,0,0,0,0,0,0,0,0,0,0,2,0,0,0,0,0,0,0,0,0,3,0,0,0,0,1,0,3,0,0,1,0,0,0,0,10,0,0,0,0,0,0,0,0,0,0,0,1,0,0,0,0,0,0,0,0,0,2,0,0,1,0,0,0,0,9,0,0,0,0,0,0,0,0,0,0,22,0,8,0,0,0,0,0,0,0,0,0,0,0,0,0,0,0,7,0,0,0,0,0,0,0,0,0,0,0,0,0,0,0,0,17,0,6,0,0,0,0,0,0,0,1,0,14,0,0,0,0,0,0,0,0,0,8,0,6,0,0,0,0,0,0,0,0,0,8,0,2,1,0,0,11,0,0,0,0,0,0,0,0,0,0,0,0,0,0,0,0,0,0,0,0,0,0,5,0,0,0,0,0,0,0,0,0,1,0,0,0,0,0,0,0,16,4,0,0,16,0,0,0,0,0,0,1,0,0,0,1,4,0,5,0,0,0,1,0,22,0,1,0,0,0,0,0,0,0,0,0,0,0,0,0,7,0,0,34,0,5,0,0,0,0,0,0,0,0,0,0,0,0,0,0,0,0,0,0,0,0,0,0,0,0,8,0,0,0,0,0,0,0,0,0,0,1,2,2,0,0,0,0,15,0,4,0,0,2,0,0,0,0,0,0,3,0,0,4,4,0,0,7,0,9,0,0
687,0,0,0,0,28,0,0,12,0,0,2,9,0,0,0,0,1,1,0,0,0,0,1,0,0,0,0,0,0,0,0,0,0,0,0,0,2,0,0,0,0,0,0,0,0,0,0,1,0,0,0,0,0,0,0,0,0,0,0,0,0,6,0,0,0,0,0,0,0,0,0,0,0,3,0,1,0,1,0,0,0,0,0,0,0,0,4,3,0,0,0,1,0,0,0,0,0,0,0,1,0,0,11,4,11,0,0,0,0,0,0,0,0,0,0,2,5,0,0,1,0,4,2,0,0,0,0,0,0,0,0,0,1,0,0,0,0,14,0,0,4,0,0,5,0,2,0,1,0,0,1,0,0,0,0,0,0,0,0,4,0,5,2,0,2,0,0,0,0,0,0,38,0,0,0,0,1,0,0,0,0,0,0,0,0,2,12,0,0,0,0,0,0,3,1,0,0,0,0,0,0,0,0,0,0,0,0,0,0,0,1,0,0,0,0,3,0,0,2,3,1,0,0,0,0,0,0,2,0,0,0,0,0,0,0,0,4,0,0,0,1,0,1,0,0,0,0,0,0,0,0,0,0,0,0,0,0,0,0,0,0,0,3,0,0,0,0,0,0,1,6,4,0,0,0,0,1,0,0,0,0,0,0,0,0,0,7,0,0,0,1,0,0,0,0,0,0,0,0,0,0,0,0,0,1,0,2,0,0,0,0,0,1,0,0,0,1,0,0,0,0,0,2,0,0,0,0,0,0,0
688,0,0,0,0,2,0,0,10,0,0,13,5,3,0,0,0,0,0,0,0,2,0,1,0,3,0,1,0,0,0,0,0,0,0,1,0,2,0,0,0,0,0,0,0,0,0,0,0,3,0,0,0,0,7,0,0,0,5,0,0,0,6,11,0,2,0,2,0,0,0,0,0,0,0,0,0,1,0,0,0,0,0,0,0,0,0,0,0,0,0,0,0,0,4,0,0,0,0,0,0,0,1,41,0,8,0,0,0,0,0,0,0,0,0,0,0,0,0,0,0,0,0,0,2,0,0,0,0,0,0,0,0,0,0,0,0,0,13,29,18,0,1,0,0,0,0,0,22,0,7,0,0,0,0,1,0,0,0,0,0,0,3,0,0,0,16,0,0,0,0,0,3,0,0,0,0,0,0,0,0,5,0,0,0,0,0,0,0,0,0,0,0,0,0,0,1,0,0,0,0,0,0,2,0,0,0,0,0,0,0,1,0,1,0,0,0,0,0,44,0,0,0,0,0,0,0,1,0,0,0,6,0,4,0,10,0,0,0,0,0,3,1,0,1,0,0,0,4,4,0,0,1,0,10,0,0,0,0,2,1,0,0,0,2,0,0,0,0,0,1,1,0,0,0,1,0,10,0,0,0,0,0,0,0,0,0,1,0,2,1,0,0,0,15,0,0,4,0,1,0,0,0,0,1,0,0,13,0,0,2,0,0,0,0,0,2,0,0,0,0,0,0,2,30,0,0,0,0,20,0
689,0,0,0,0,0,0,1,89,0,1,7,9,0,0,0,0,0,0,0,1,0,0,0,0,5,0,0,0,3,0,0,0,0,0,2,0,0,0,0,1,0,0,0,0,0,0,0,2,3,0,0,0,0,0,0,0,0,0,0,0,0,5,0,0,0,0,0,0,0,0,0,0,0,0,0,0,0,1,0,0,0,0,0,0,0,0,0,0,0,2,0,0,1,0,8,0,0,0,0,4,0,0,1,0,13,0,0,1,0,0,0,0,0,0,0,1,6,0,0,0,0,2,0,0,0,0,0,0,0,0,0,0,1,0,0,0,3,17,1,0,0,2,0,4,0,0,12,1,0,0,0,0,0,0,0,0,9,5,0,0,0,15,2,0,1,1,1,0,0,0,0,8,4,0,0,0,1,0,0,0,0,0,0,0,0,0,0,5,0,0,0,0,0,0,0,0,0,0,3,0,4,0,2,0,1,0,0,0,0,0,0,0,0,2,0,2,0,0,4,0,0,0,0,0,0,0,0,1,0,0,0,0,1,0,0,0,2,0,0,0,2,0,0,13,1,0,3,0,0,1,0,1,0,0,0,0,0,0,0,0,7,7,0,0,0,0,0,0,0,0,4,9,0,0,0,0,0,0,1,0,0,0,0,0,0,0,10,0,0,0,0,0,0,0,0,0,0,0,0,2,0,0,0,0,0,0,12,3,0,0,0,0,0,0,0,0,0,0,0,0,7,1,12,0,0,0,0,0,0,0
690,0,0,0,0,17,0,0,186,0,0,3,2,0,0,0,0,1,0,0,0,2,0,0,0,0,0,0,0,2,0,0,2,0,0,0,0,0,0,0,0,0,0,0,0,0,0,0,0,0,0,0,0,0,0,0,0,0,0,0,0,0,1,0,0,0,0,0,0,0,2,0,0,0,5,0,0,0,0,0,5,0,0,0,0,0,2,0,0,0,0,7,0,0,1,0,0,0,1,0,0,0,0,15,0,7,0,0,0,0,3,0,16,0,1,0,0,0,0,0,1,0,3,0,0,0,0,0,0,0,0,0,0,0,0,0,0,0,19,0,0,1,1,0,0,0,0,0,1,0,0,0,0,0,0,0,0,0,0,1,0,0,0,3,2,0,1,1,5,0,1,0,24,4,2,0,0,3,0,0,0,1,0,4,0,0,2,0,2,0,0,1,0,0,10,0,0,1,0,0,0,5,2,0,0,0,0,0,0,0,0,1,0,0,0,0,0,0,0,1,0,0,0,9,0,0,0,1,0,0,0,0,0,0,0,0,0,0,0,0,0,3,0,0,0,0,2,0,0,0,6,0,0,12,0,0,0,0,1,0,0,0,0,6,0,0,0,0,0,0,0,2,0,0,1,0,0,0,0,0,1,0,0,0,0,0,0,4,0,1,0,0,0,0,0,0,0,0,0,15,0,0,1,1,0,0,0,6,4,0,0,0,0,0,3,0,0,0,0,0,0,0,0,4,0,0,0,6,1,0,0
691,0,2,1,0,8,0,0,14,0,0,6,4,3,6,0,0,0,0,0,0,1,0,0,0,35,0,0,0,0,0,0,0,0,0,0,0,5,0,0,0,0,0,0,0,0,0,0,0,0,0,0,0,1,0,0,0,0,1,0,0,0,15,1,0,0,0,0,0,0,0,0,0,0,0,0,0,0,2,0,0,0,0,0,0,0,0,0,4,0,0,0,10,0,0,10,0,0,0,1,0,0,0,1,0,2,0,0,0,3,3,0,0,0,0,5,0,7,0,0,0,0,0,0,0,0,2,0,2,0,6,0,0,0,0,0,15,0,10,7,0,0,2,0,0,0,0,0,0,2,0,7,0,0,0,0,0,0,0,0,0,0,2,0,0,0,0,0,0,0,0,0,0,0,0,0,0,0,0,0,0,1,0,0,0,0,1,0,0,0,0,0,0,2,1,0,0,2,0,0,0,0,0,0,0,0,0,0,0,10,0,1,0,0,2,0,2,1,0,17,0,0,0,0,0,0,0,2,5,0,1,0,0,0,2,0,0,5,0,0,0,3,0,0,1,0,0,0,15,0,0,0,0,0,1,0,0,0,0,0,0,0,1,1,10,0,0,0,0,8,0,6,26,0,0,0,0,0,1,1,0,0,0,0,0,0,0,0,0,0,11,0,0,0,0,0,0,0,1,4,0,0,0,0,0,0,0,23,0,0,0,0,0,0,0,0,0,0,0,0,0,0,1,2,1,0,0,0,1,0,0
692,0,0,1,0,0,0,1,22,0,0,19,2,0,0,0,0,0,0,0,0,0,0,0,0,7,0,13,0,0,0,0,0,0,0,0,0,1,0,0,3,0,0,0,0,0,0,2,0,0,0,1,0,2,2,0,0,4,0,0,0,0,2,0,0,0,2,0,0,0,0,0,0,0,0,0,0,0,0,0,0,0,0,0,1,0,0,2,0,0,0,0,0,0,10,0,0,0,0,8,0,0,0,0,1,8,0,0,0,0,0,0,0,0,0,0,0,0,0,0,0,0,0,0,0,0,0,0,0,0,0,0,0,1,0,0,0,0,6,0,0,0,0,0,0,0,2,0,12,0,0,1,0,0,0,0,0,0,0,0,8,0,0,0,0,0,2,0,1,1,0,0,1,1,8,1,0,1,0,0,0,8,2,0,0,0,0,0,0,3,0,0,0,3,0,0,0,0,0,0,0,0,0,2,2,0,0,0,0,0,0,2,0,0,1,0,1,0,0,25,0,0,0,0,2,1,0,1,0,0,0,3,0,0,2,0,0,0,0,1,0,2,0,5,0,0,0,8,8,0,0,0,0,0,0,0,0,0,0,2,0,2,119,0,0,0,0,0,0,43,0,1,1,0,2,2,0,0,0,0,0,0,3,0,0,6,0,0,0,0,0,0,0,0,2,0,0,37,0,0,0,0,0,0,0,1,0,29,2,0,4,1,1,0,0,0,0,0,0,0,0,0,1,0,0,0,3,0,6,16,0
693,0,0,0,1,1,0,0,6,0,0,14,5,0,0,0,0,0,0,0,2,0,0,0,0,51,0,0,0,1,0,1,0,0,0,0,0,0,0,0,0,0,0,0,0,0,3,0,3,0,0,0,0,0,0,0,0,0,0,0,0,0,0,0,0,0,0,0,0,0,0,0,0,0,0,0,0,0,0,0,0,0,0,0,3,0,0,0,0,0,0,0,2,0,0,0,0,0,0,1,0,0,0,11,1,17,1,3,0,0,0,0,0,1,0,0,0,0,0,0,0,0,0,0,5,0,0,0,0,0,0,0,0,1,0,0,0,0,3,3,20,0,0,0,0,0,0,4,7,0,6,0,9,0,0,0,0,0,0,0,0,0,3,0,6,0,3,0,0,0,0,0,1,0,4,0,0,0,0,0,0,4,0,0,0,0,0,0,0,0,0,0,0,0,0,0,0,0,0,0,0,0,0,0,0,0,0,0,0,0,0,0,1,0,0,0,0,0,0,24,0,0,0,0,0,0,0,2,0,2,0,3,0,0,0,0,0,3,0,0,0,4,0,10,0,0,0,0,0,0,0,0,0,0,0,0,0,0,0,0,0,0,0,0,0,0,0,0,0,0,2,1,0,0,0,0,0,4,0,0,0,0,11,0,0,0,12,0,0,0,0,0,0,0,0,0,0,0,0,0,0,0,0,0,0,0,0,5,1,0,0,0,7,0,0,0,0,0,0,1,0,0,1,3,0,0,0,0,0,0,1
694,0,0,3,0,2,0,0,26,0,0,23,2,0,0,0,5,0,0,0,0,0,0,0,10,11,0,6,0,0,0,0,0,2,0,0,0,0,2,0,0,0,0,0,0,0,0,8,0,0,0,0,1,0,0,0,0,0,0,13,0,0,5,0,0,0,0,0,0,0,1,2,0,0,0,0,0,0,0,0,0,0,0,0,0,1,0,0,0,0,0,0,5,0,8,0,0,0,0,0,0,0,1,41,0,5,0,0,0,0,0,0,0,0,0,0,0,0,0,0,0,0,0,0,5,0,4,0,0,0,0,0,0,0,0,0,1,0,7,0,22,0,0,0,0,0,0,0,0,0,3,1,0,0,0,0,0,5,0,0,0,0,15,0,0,0,0,0,0,0,0,0,4,0,0,0,0,0,0,3,0,0,0,0,0,0,0,0,0,0,0,0,0,0,0,0,0,0,0,1,0,11,0,0,0,0,0,0,0,0,0,3,0,0,0,0,0,0,0,8,0,0,0,0,0,0,1,1,0,0,0,0,1,0,1,8,0,1,0,0,0,9,0,15,0,0,0,0,0,0,0,1,0,0,9,0,0,0,0,0,0,0,0,0,1,0,0,4,0,0,0,1,1,0,1,0,0,0,0,0,3,0,0,0,0,0,9,2,0,5,0,0,0,0,5,0,0,15,0,0,0,0,0,0,3,1,0,30,1,0,0,0,0,0,0,10,0,1,0,2,0,0,0,2,0,0,0,4,0,0,0
695,0,0,1,0,3,0,0,34,0,0,3,4,0,3,0,0,0,0,0,0,0,0,0,0,0,0,0,0,0,0,0,0,0,0,0,3,0,0,1,0,0,1,0,0,0,0,0,0,0,1,0,0,0,2,0,0,13,0,0,0,0,0,0,0,0,0,0,0,0,0,0,0,0,0,0,0,0,0,1,0,0,0,4,0,0,0,0,0,11,0,0,0,0,0,0,0,0,0,0,0,2,0,1,0,4,0,0,0,0,0,0,3,2,0,0,0,0,0,0,3,3,0,0,0,0,0,1,0,0,0,0,0,0,0,2,0,0,6,0,0,0,2,0,1,2,0,0,0,0,0,5,0,0,0,0,0,0,0,0,0,0,0,0,0,0,0,0,0,0,0,0,2,0,0,0,10,0,0,0,0,0,0,0,1,0,0,6,0,0,0,0,0,0,0,0,0,0,0,0,0,4,0,0,0,0,0,0,0,0,0,1,9,0,0,0,3,0,0,11,0,0,0,2,0,0,0,2,0,0,0,0,0,0,0,0,0,0,1,0,0,1,0,3,0,0,0,0,0,0,0,20,1,0,1,0,0,0,0,0,0,0,4,1,0,9,0,0,0,0,0,20,0,0,0,0,0,0,0,0,0,0,0,0,0,0,0,1,0,14,0,0,0,0,0,0,0,0,0,7,0,0,0,0,0,0,1,0,0,0,0,0,0,3,0,0,0,0,0,17,0,0,2,0,0,0,0,0,1,0,0
696,0,0,2,0,0,0,0,34,0,0,3,1,0,0,0,0,1,0,0,0,0,0,0,0,0,0,4,3,0,0,0,0,0,0,0,0,2,0,0,0,0,0,0,0,0,1,9,5,0,0,0,0,0,2,0,0,0,0,3,0,0,0,0,0,0,0,0,0,0,0,0,0,0,0,0,0,0,0,1,0,0,0,0,0,0,0,1,1,0,0,0,10,0,0,1,0,0,0,0,0,2,0,0,0,0,0,3,0,0,0,0,0,0,0,0,0,0,0,0,0,0,0,0,0,1,2,0,0,0,0,5,0,0,0,0,0,1,2,21,4,0,0,0,0,0,0,0,2,0,0,0,8,0,0,0,0,0,0,0,0,0,0,0,1,0,5,0,0,1,0,0,18,0,0,0,0,0,0,0,0,0,0,0,0,0,1,0,0,0,0,0,0,0,0,0,0,0,0,0,0,0,0,2,0,0,0,0,0,15,0,0,0,0,0,0,0,0,0,29,0,1,0,0,0,0,0,1,0,0,0,0,0,0,2,2,0,0,0,0,0,4,0,23,0,0,0,0,0,0,8,0,2,0,0,0,0,0,0,3,0,0,17,0,3,0,0,0,0,0,1,0,0,0,0,1,2,0,0,0,0,4,0,0,0,0,0,2,0,0,0,0,0,0,6,0,0,0,0,1,0,0,0,0,0,0,0,16,3,0,0,7,2,0,0,0,0,0,0,1,0,0,0,0,0,0,0,0,2,0,1
697,0,0,1,0,8,0,8,18,0,0,17,0,1,5,0,0,0,0,0,0,0,0,0,0,0,0,0,1,0,0,0,0,0,0,0,0,20,0,2,0,0,0,0,0,0,0,0,0,0,0,0,0,0,1,0,0,0,1,0,0,0,0,0,0,0,1,0,0,0,0,0,1,0,0,0,0,0,0,0,0,0,0,0,0,0,0,0,0,0,0,0,12,0,0,0,0,0,0,0,0,1,0,1,0,0,0,0,0,2,0,8,1,0,0,0,0,10,0,0,4,0,0,0,1,0,0,0,0,0,0,0,0,0,0,0,0,0,6,0,1,0,0,0,0,0,0,0,0,0,0,0,0,0,0,1,0,0,0,0,0,0,2,0,0,0,5,0,0,0,0,0,0,0,0,0,0,0,0,0,0,0,0,0,1,0,0,7,2,0,0,0,0,0,0,17,0,0,0,0,0,0,0,0,0,0,0,0,0,8,0,1,0,0,0,0,0,0,0,7,15,0,0,0,0,0,0,2,7,0,0,0,0,1,1,0,0,0,0,0,0,3,0,3,0,0,0,0,8,0,0,0,0,0,0,0,0,0,0,0,0,1,2,1,0,0,0,0,0,0,0,0,0,0,0,0,0,0,0,0,1,0,0,0,0,0,0,0,0,0,0,0,0,0,0,0,0,0,0,0,0,0,0,0,0,0,2,0,0,0,0,0,1,0,2,0,0,0,0,0,0,0,0,2,0,0,0,0,0,0,0
698,0,0,1,6,11,0,3,12,0,0,12,10,0,0,0,0,2,0,0,0,0,0,0,0,12,0,0,0,0,0,0,0,0,0,0,0,0,0,1,0,0,0,0,0,0,0,0,0,0,0,1,0,0,0,0,0,0,0,0,0,0,3,0,0,0,1,1,0,0,7,0,2,0,0,0,0,2,0,0,0,0,0,0,0,0,0,3,0,0,0,0,5,0,0,0,0,0,0,0,0,0,0,1,0,0,1,0,0,0,0,4,1,1,0,0,0,0,0,0,1,0,0,0,0,0,0,0,0,0,0,6,4,0,0,0,0,0,8,0,3,0,2,0,0,0,0,0,0,2,7,3,0,0,0,0,0,0,0,0,0,0,4,0,0,0,0,0,0,0,0,0,4,0,0,0,4,0,0,1,1,1,0,0,0,0,0,0,0,0,0,0,0,2,1,0,0,0,0,0,0,0,0,0,0,6,0,0,0,0,0,1,2,1,0,0,0,1,0,9,0,0,1,0,0,0,0,0,4,0,0,1,1,0,0,0,0,0,0,0,0,2,0,0,0,0,0,7,0,0,0,0,0,0,0,0,1,0,0,0,1,0,2,1,3,0,0,0,0,0,0,10,0,0,0,0,0,2,0,0,0,0,0,0,0,0,0,0,0,0,0,0,0,0,0,0,0,3,0,7,0,0,0,0,6,0,0,3,0,0,0,0,0,0,1,0,0,0,0,0,0,0,1,1,0,0,0,0,0,0,0
699,0,0,3,0,2,0,0,32,1,0,16,0,0,0,0,0,2,3,4,0,0,0,0,0,0,0,0,0,0,0,0,0,0,0,0,0,5,0,1,0,0,0,0,0,0,0,0,0,0,0,0,0,0,0,4,0,8,0,0,0,0,1,0,0,0,0,0,0,0,4,0,1,0,0,0,0,0,0,0,0,0,0,0,0,0,0,3,0,0,0,0,0,0,0,13,0,1,0,0,0,0,0,1,0,1,0,0,0,0,0,0,11,0,0,0,0,0,0,0,0,5,1,0,0,0,5,1,0,0,0,12,9,0,0,0,0,2,10,0,0,0,2,0,0,0,0,0,1,1,0,1,1,0,0,0,0,0,0,0,0,0,1,0,0,0,0,3,0,0,0,6,3,0,0,0,0,0,0,0,1,0,0,0,0,0,0,0,0,0,0,0,0,0,0,0,0,0,0,0,1,0,0,0,0,0,2,0,1,0,0,0,0,0,0,0,0,0,0,14,0,0,0,0,0,0,2,1,0,0,0,0,0,0,0,0,0,0,0,0,0,1,0,0,0,0,0,0,0,0,0,0,0,0,1,0,0,0,0,0,0,0,5,1,0,0,0,0,0,0,0,4,0,0,0,0,0,0,0,0,0,1,0,0,0,0,0,1,0,0,0,0,0,0,0,5,0,1,0,0,0,0,0,0,0,0,0,0,0,0,0,0,4,0,0,0,2,0,1,6,0,0,0,2,0,0,0,0,1,0,0
700,0,0,4,0,4,0,0,68,0,0,7,4,0,1,0,0,0,0,1,0,0,0,1,8,9,0,0,0,0,0,0,0,0,0,0,0,7,0,0,0,0,0,0,0,0,0,0,0,0,0,0,0,5,0,0,0,0,0,0,0,0,16,0,0,0,0,0,0,0,0,0,0,2,1,0,0,0,0,0,0,1,0,0,0,1,0,0,0,2,0,1,0,0,0,0,0,0,1,0,0,0,1,8,0,2,0,0,0,0,0,0,0,1,0,0,0,0,0,0,0,0,0,0,0,0,1,0,0,0,0,0,2,0,0,0,1,0,24,4,0,0,1,0,4,0,0,0,5,0,0,0,0,0,0,0,0,0,1,0,3,1,0,0,0,0,3,0,0,0,0,0,5,0,0,0,0,0,0,0,0,17,0,0,0,0,0,1,0,0,1,0,0,0,0,0,0,0,0,0,1,0,0,3,0,0,0,0,0,0,0,4,0,0,0,0,1,0,0,15,0,0,0,0,0,0,0,1,0,0,0,0,0,0,0,1,0,0,0,0,0,4,0,18,0,0,0,0,0,0,0,1,0,0,0,0,0,0,0,0,0,0,0,0,2,0,0,0,0,0,0,0,0,0,0,0,1,0,0,0,0,9,0,0,0,0,0,0,0,0,0,2,0,0,6,0,0,23,0,1,0,0,1,0,3,0,0,4,1,0,0,0,0,0,0,2,0,0,0,0,0,0,1,1,0,0,0,0,0,0,0
701,0,0,0,0,19,0,0,0,0,0,3,5,0,0,0,0,2,0,0,0,0,0,0,0,6,0,1,0,0,0,0,0,0,0,0,0,0,0,0,0,0,0,0,0,0,0,0,0,0,0,0,0,0,0,0,2,0,0,0,0,0,1,0,0,0,0,0,0,1,0,0,0,0,0,0,0,0,0,0,0,0,0,0,0,0,0,3,0,3,0,0,2,0,0,16,0,0,0,0,3,0,0,6,0,6,0,0,0,0,0,0,5,0,0,0,0,0,0,0,0,0,3,0,0,0,0,0,1,0,3,0,0,0,0,0,0,0,13,2,0,2,3,0,0,0,1,0,0,0,0,0,0,0,0,0,0,0,0,0,1,0,0,0,0,0,1,1,0,0,0,0,0,5,5,0,0,2,0,0,0,0,0,0,0,0,0,0,0,0,0,0,0,0,6,0,0,0,0,0,0,0,0,0,0,0,0,0,0,32,0,0,0,0,1,0,0,0,0,4,1,0,0,0,0,0,0,0,0,0,0,0,0,0,0,0,0,0,0,0,0,3,0,11,0,0,0,0,0,4,0,0,1,0,0,0,0,0,0,0,0,4,9,0,0,0,1,0,0,0,1,1,0,1,5,0,0,0,0,0,1,0,0,0,0,0,1,5,0,0,0,0,1,0,3,0,0,1,0,11,0,0,1,0,0,1,0,7,3,0,0,0,2,0,0,0,0,0,0,0,0,0,1,10,0,0,0,0,0,0,0
702,3,0,0,8,21,3,0,0,0,0,5,8,0,1,2,1,0,0,1,1,1,2,1,0,0,0,0,0,0,0,0,0,0,0,2,0,0,0,0,1,0,0,0,0,0,0,0,0,0,0,0,0,0,0,0,0,0,0,8,0,0,1,2,0,0,0,0,0,0,0,0,0,0,0,0,0,0,0,0,0,0,0,1,0,0,0,1,0,2,0,0,1,0,0,0,0,0,0,0,3,0,0,2,0,6,0,0,0,0,0,0,0,0,0,0,1,0,0,0,0,0,0,0,0,0,0,0,0,0,0,38,0,0,2,0,0,0,0,2,0,0,0,0,0,0,0,0,0,0,0,1,1,0,0,0,0,0,0,2,0,0,2,1,1,0,0,0,5,0,0,0,30,0,1,0,0,1,0,0,0,0,0,0,0,0,0,8,3,0,0,0,0,0,0,0,0,0,0,0,0,0,0,0,0,0,0,0,0,0,0,0,0,0,0,0,0,0,0,3,0,0,0,8,0,0,2,0,0,1,0,0,0,0,0,0,0,6,0,0,0,4,0,2,0,0,1,0,0,0,5,0,0,0,1,0,0,0,0,0,0,0,0,2,8,0,0,0,0,1,2,3,0,0,0,0,0,0,2,0,0,0,0,0,0,0,0,4,0,0,0,0,0,0,1,0,3,0,0,64,0,0,0,0,0,0,0,0,12,0,0,0,0,0,0,0,0,0,0,15,1,0,0,5,0,0,0,0,0,0,1
703,0,0,2,0,7,0,0,8,0,14,11,4,0,0,0,0,0,0,1,0,2,0,0,0,0,0,2,0,0,0,1,0,0,0,0,0,2,2,0,0,0,0,0,0,0,0,0,0,9,0,0,0,0,0,0,0,0,0,1,0,1,2,20,0,0,0,0,0,0,0,0,8,0,0,0,0,0,0,1,3,1,0,0,0,0,0,3,1,0,0,1,4,1,22,4,37,0,0,0,0,0,0,35,0,0,0,0,0,0,0,0,0,0,0,0,0,0,0,7,0,0,0,5,0,0,0,0,0,0,0,0,0,0,0,0,0,0,2,7,10,1,0,0,0,0,0,0,6,0,0,0,0,0,0,0,0,0,1,2,0,0,0,1,0,2,11,0,0,0,0,0,6,0,0,1,0,0,0,0,0,0,0,0,0,0,0,0,0,0,0,0,0,0,0,0,2,0,0,0,0,0,0,0,0,0,0,0,2,0,0,2,1,0,0,0,0,0,0,42,0,0,0,0,0,0,0,1,0,0,0,0,0,0,0,10,0,0,0,0,0,7,2,6,0,0,0,0,0,0,5,0,0,0,0,0,0,2,0,2,0,3,0,0,2,0,0,0,1,0,0,1,0,0,0,0,0,0,0,0,3,0,0,0,0,4,0,1,0,0,0,0,0,0,0,0,0,0,0,1,0,0,0,0,0,0,0,0,0,0,0,0,2,0,0,0,0,0,0,0,0,0,0,0,0,0,5,0,0,14,0
704,0,0,0,0,19,0,1,0,0,0,1,4,1,3,0,0,0,0,0,0,0,0,0,0,3,0,1,0,0,0,0,0,0,0,0,0,0,0,3,0,0,0,0,0,0,0,0,0,0,0,0,0,0,0,0,4,0,0,28,0,0,7,0,0,0,0,0,0,0,3,0,0,0,0,0,0,0,1,0,4,0,0,0,0,0,0,17,1,0,0,0,5,0,1,0,0,0,1,0,0,0,0,2,0,2,0,0,0,0,0,0,2,0,0,0,0,0,0,0,0,0,0,0,1,0,6,0,0,0,0,0,0,0,0,0,0,0,19,2,0,0,3,0,0,0,2,19,0,0,2,0,0,0,1,0,0,0,0,4,0,0,1,0,0,0,1,0,0,1,0,0,7,0,0,0,0,1,0,0,0,0,0,3,0,0,0,0,0,0,0,0,0,0,0,1,5,0,0,0,0,0,1,6,0,1,0,0,0,0,1,1,0,1,2,0,0,1,0,3,2,0,0,0,0,0,0,0,0,0,0,0,0,0,0,0,0,0,0,0,8,4,0,6,0,0,0,4,0,0,1,0,4,0,0,0,0,0,0,3,0,0,14,0,12,0,0,0,0,0,1,1,0,0,18,0,0,0,2,0,0,0,0,0,0,0,0,13,0,1,0,0,0,0,0,0,1,1,0,5,0,0,0,0,0,1,2,2,5,0,1,0,0,0,0,0,5,0,0,18,0,14,0,0,0,0,0,0,0,2,0
705,0,2,0,0,3,11,0,9,0,5,8,0,0,6,0,0,0,0,7,2,0,0,0,0,0,0,0,0,0,0,0,1,0,0,0,0,0,0,0,0,0,0,0,0,0,0,0,0,7,2,0,0,0,0,0,0,5,0,0,0,0,0,0,0,3,0,0,0,0,6,0,0,0,0,0,0,0,0,0,0,0,0,0,0,0,0,5,0,0,0,1,0,0,0,0,0,0,0,0,0,0,0,0,1,1,0,0,0,0,0,0,6,0,0,0,0,0,0,0,0,0,0,0,2,0,0,1,0,0,0,0,0,0,0,0,0,0,34,9,0,0,4,0,0,0,0,0,1,1,0,2,0,0,0,0,0,0,0,0,0,0,8,0,0,0,13,0,1,0,0,0,7,0,0,0,0,0,0,0,0,0,0,0,0,0,0,0,0,0,0,0,0,0,3,0,0,0,0,0,0,0,0,0,0,1,0,0,0,3,0,0,0,0,0,0,0,0,0,15,0,0,0,0,0,0,0,0,0,0,0,0,0,0,5,0,0,2,0,0,0,4,2,5,0,0,0,0,0,0,0,0,0,0,0,0,0,0,0,0,0,0,1,0,0,0,0,0,0,0,0,18,0,0,0,0,0,0,0,0,0,0,0,0,0,0,0,1,1,14,0,0,0,0,0,4,0,2,1,0,0,0,4,0,0,7,0,0,0,0,0,0,2,2,0,0,0,1,0,0,0,0,1,1,0,0,0,1,0,0,0
706,0,0,0,0,4,0,0,0,0,0,12,0,3,0,0,0,0,3,0,0,0,0,0,5,0,0,0,1,0,0,0,1,0,0,0,2,6,0,1,0,0,2,0,0,0,5,0,0,0,0,1,0,0,0,0,0,0,0,0,0,0,5,0,0,3,0,0,0,0,6,0,0,0,1,0,0,2,0,0,0,0,0,0,0,0,0,0,5,0,0,0,0,0,0,0,0,0,6,0,0,1,0,0,3,3,0,0,0,0,0,0,2,0,0,0,0,11,0,0,0,0,0,0,0,0,0,0,0,0,0,0,0,0,0,0,0,0,11,7,1,0,0,0,0,1,3,4,1,0,4,0,0,0,0,0,0,0,0,0,0,0,0,27,0,0,0,3,0,0,0,0,0,0,0,0,0,0,0,1,1,0,0,0,1,0,0,0,0,0,0,0,0,0,1,0,0,0,0,1,1,0,0,0,0,0,2,0,0,0,0,1,0,2,0,0,0,0,0,13,0,0,0,0,0,0,2,5,0,0,0,0,3,1,0,0,1,0,0,0,0,0,0,6,0,0,0,0,0,0,2,0,0,0,1,0,0,0,0,0,0,0,0,0,0,0,0,0,0,14,0,16,0,0,0,0,0,0,1,0,0,0,1,0,0,0,0,0,0,0,0,0,0,0,0,19,0,2,0,14,5,0,0,0,0,0,0,0,0,0,0,0,0,0,2,0,0,0,0,12,0,0,0,0,0,0,4,0,0,0,0
707,0,0,2,0,4,0,0,7,0,0,7,8,0,0,0,2,0,0,0,0,0,0,1,0,0,0,0,0,0,0,0,0,1,0,0,0,0,0,2,0,0,0,0,0,0,0,0,0,13,0,0,4,0,0,0,1,0,0,0,0,0,2,0,0,0,0,0,0,0,0,0,0,0,2,0,0,0,2,0,0,0,0,0,0,0,0,3,0,0,0,0,53,0,0,11,0,0,0,0,0,0,1,1,0,1,1,0,0,0,0,0,2,0,0,8,0,0,0,0,0,4,0,0,0,0,0,0,0,0,3,0,0,0,0,0,0,0,0,6,9,0,0,0,0,0,0,6,0,0,0,0,1,0,0,3,1,0,0,0,0,0,3,0,0,0,2,0,0,0,0,0,8,0,0,0,0,1,0,0,0,0,0,0,0,0,0,0,0,0,0,0,0,2,0,0,0,1,0,0,0,0,0,0,0,6,0,0,0,0,0,0,0,3,0,0,0,0,0,10,0,0,0,0,0,0,0,1,3,0,0,0,0,0,0,0,0,0,0,1,0,2,0,3,0,0,0,0,0,0,0,0,0,0,0,0,0,0,2,0,0,0,4,0,0,4,0,0,0,0,2,14,0,0,0,0,0,0,0,0,0,0,0,0,0,0,0,0,0,0,20,0,0,0,0,0,0,0,0,3,0,0,0,0,0,0,0,9,0,0,0,0,3,0,0,0,0,0,0,0,5,0,0,3,0,0,0,0,0,0,0
708,0,0,0,0,6,0,0,11,0,0,6,7,0,2,0,0,0,0,0,2,0,0,0,0,20,0,0,0,0,0,1,0,0,0,0,3,7,0,2,0,0,0,0,0,3,0,0,0,0,0,0,1,0,1,0,0,0,1,4,0,0,6,0,0,0,0,1,0,0,0,0,2,0,0,0,0,1,0,0,18,0,0,0,0,0,0,2,0,9,0,0,0,0,0,0,0,0,6,1,0,0,0,0,0,2,0,0,1,7,0,0,0,0,0,8,2,0,0,0,0,0,0,0,0,0,1,0,14,0,0,0,0,0,0,0,0,1,11,0,9,54,2,0,0,0,0,0,1,0,0,0,0,0,1,0,0,0,1,0,0,0,0,0,0,0,0,3,0,0,0,0,0,0,0,0,0,0,0,0,0,0,0,6,0,0,0,0,0,0,0,4,0,0,0,0,0,0,0,0,1,0,0,0,0,0,0,0,0,0,1,1,0,0,2,0,0,1,0,26,10,1,0,4,0,0,0,2,0,0,0,0,0,0,2,0,0,0,0,0,0,4,0,5,0,1,0,0,0,0,0,0,0,0,0,0,0,0,0,0,0,0,1,0,11,0,0,0,0,0,1,17,15,0,0,1,0,0,0,0,0,0,0,0,0,0,0,0,0,0,0,0,0,0,0,0,0,0,0,3,0,0,0,0,0,0,0,28,0,0,0,0,0,0,0,0,0,0,0,34,0,1,1,1,0,0,0,0,0,18,0
709,0,0,1,5,2,9,0,9,0,0,6,6,0,0,0,0,0,0,0,0,0,0,0,0,13,0,0,0,0,0,0,0,0,0,0,4,8,0,0,0,0,0,0,1,6,0,0,0,0,2,0,0,1,0,0,0,0,0,0,0,0,7,1,0,0,0,0,0,0,0,0,0,0,0,0,0,0,1,0,0,0,0,10,0,0,0,2,0,0,0,0,0,0,0,0,0,0,0,1,0,0,0,0,0,0,0,0,0,0,0,0,0,0,0,7,0,0,0,0,0,8,0,0,0,0,0,0,0,0,0,0,0,0,0,0,8,0,3,0,0,0,2,8,0,2,0,0,1,0,10,0,0,0,0,1,0,0,0,0,0,1,4,0,0,0,4,0,0,0,0,0,5,0,0,0,0,0,0,0,0,0,0,0,0,0,1,0,1,0,0,0,0,2,1,0,0,1,0,0,0,2,0,0,0,0,3,0,0,14,1,0,0,2,0,0,0,0,0,3,0,0,0,0,0,1,0,1,4,0,0,0,0,0,0,0,0,0,0,1,1,2,1,0,0,0,0,0,6,0,1,0,0,0,0,4,0,0,0,0,0,1,0,0,0,0,0,0,0,0,0,9,0,0,0,0,0,0,1,0,0,0,0,1,0,0,0,0,0,14,0,0,0,0,0,5,0,0,0,0,0,0,0,0,6,0,0,24,0,0,0,0,0,0,2,0,0,0,0,0,0,0,1,2,0,0,0,0,0,0,0
710,0,0,1,9,10,0,5,0,0,7,16,4,0,2,0,0,0,0,0,0,0,0,0,0,19,0,6,2,1,0,0,1,0,0,0,0,2,1,1,0,0,0,0,0,0,0,0,0,0,0,0,0,0,0,0,1,2,0,0,0,0,0,0,0,0,0,0,0,0,3,0,0,0,0,0,0,2,0,0,0,0,0,0,0,0,0,3,0,0,0,0,0,0,0,0,0,0,1,1,0,0,0,0,4,1,0,0,0,0,0,0,1,0,0,0,3,10,2,0,0,0,0,0,0,0,0,0,0,0,0,0,0,0,0,0,0,0,11,50,6,0,0,0,0,0,0,0,1,0,0,4,0,0,0,0,0,2,0,0,0,0,0,27,0,0,5,0,0,0,1,0,2,0,0,0,0,0,0,0,0,0,0,0,1,0,0,0,0,0,0,0,0,0,0,0,0,0,0,0,0,0,0,0,0,0,0,0,0,0,0,1,0,0,5,0,2,0,0,12,0,0,1,0,0,0,0,0,5,0,0,0,0,0,0,0,0,0,0,0,0,4,0,10,0,0,0,0,0,0,0,0,0,0,0,0,0,0,0,0,0,2,1,0,3,0,0,0,0,1,0,6,0,0,1,0,0,0,0,0,0,0,0,0,0,0,0,0,0,0,0,0,0,0,0,0,0,1,1,0,1,0,0,0,3,0,0,70,0,4,0,0,0,0,0,1,0,0,0,20,0,0,1,3,0,0,0,0,0,0,0
711,0,0,3,0,4,0,0,7,0,0,6,10,0,0,0,0,0,0,0,0,0,0,0,26,26,0,0,0,0,0,0,0,0,0,0,0,5,0,0,0,0,0,0,0,0,0,0,0,3,0,2,0,0,0,0,0,0,0,0,0,0,13,23,0,0,0,1,0,0,1,0,0,0,0,0,0,0,0,0,0,0,0,0,0,0,0,1,0,0,0,0,14,0,0,0,6,0,0,4,0,0,0,11,0,0,0,0,2,0,0,0,0,0,0,4,0,0,0,0,0,0,0,0,5,0,0,0,0,0,0,0,0,0,0,0,0,0,6,0,7,0,1,0,0,0,2,0,2,0,0,0,0,0,0,0,0,0,0,0,4,0,2,0,2,0,7,0,0,0,2,0,2,0,0,1,0,0,0,0,0,0,0,0,0,0,0,0,0,0,0,0,0,0,0,0,0,0,0,0,0,7,0,3,0,0,0,0,6,0,0,1,0,0,0,0,0,0,0,20,6,0,0,0,0,0,0,0,0,2,10,0,0,0,0,3,0,0,0,0,0,1,0,5,0,0,0,18,1,0,0,0,0,0,0,0,0,0,0,2,0,0,20,0,0,0,0,0,4,0,0,0,3,2,2,0,0,0,0,0,0,0,4,0,0,0,0,0,0,0,0,0,0,0,14,0,0,8,0,2,0,0,0,0,0,0,0,0,0,0,0,0,3,0,0,0,0,0,0,0,0,0,0,2,0,0,0,0,0,0,0
712,0,0,0,0,12,0,0,14,0,0,5,4,0,1,0,1,0,0,0,0,0,0,1,0,0,0,0,0,0,0,0,1,0,0,0,0,11,0,0,1,0,0,0,0,0,0,0,4,0,0,0,7,0,0,0,2,0,0,0,0,0,1,1,0,0,0,0,0,0,1,0,0,0,0,0,0,0,0,0,0,1,0,0,0,0,0,6,0,0,0,0,0,0,0,0,0,0,0,0,0,0,0,6,2,3,0,0,0,0,0,0,1,0,0,0,8,0,0,0,2,0,1,0,0,0,0,0,0,0,0,30,0,1,0,0,0,0,15,0,0,0,0,0,0,0,0,0,0,0,0,0,0,0,0,0,0,0,3,0,0,0,8,0,0,0,0,0,0,0,0,0,0,0,0,2,0,0,0,2,0,0,0,17,0,0,0,0,0,0,0,0,0,0,0,0,0,0,0,0,0,0,0,0,0,0,0,0,0,15,0,1,0,0,0,0,0,0,0,2,0,0,0,0,0,0,1,0,0,0,0,0,0,0,0,0,0,0,0,0,0,0,0,7,0,0,2,0,0,7,0,0,0,0,0,1,0,0,0,0,0,0,7,0,26,0,0,0,0,0,1,6,0,0,7,0,0,0,0,0,0,0,0,0,0,0,1,0,0,0,0,0,0,0,0,0,0,1,0,23,0,0,0,1,0,0,1,4,0,0,0,0,1,0,0,0,0,0,0,0,0,8,1,7,0,0,0,0,0,0,0
713,0,0,3,0,6,0,0,13,0,0,1,2,0,7,0,0,0,0,0,3,0,0,0,0,0,0,0,0,0,0,0,1,0,0,0,0,6,2,0,0,0,0,0,0,0,0,0,0,0,1,0,3,0,3,0,0,5,0,0,0,0,1,0,0,0,0,0,0,0,0,0,0,8,0,0,0,0,0,0,0,0,0,0,0,0,0,0,0,10,0,0,7,0,0,0,0,0,0,0,0,0,2,0,0,0,0,0,0,0,0,0,1,0,0,0,1,0,0,0,2,0,0,0,0,0,0,0,7,0,2,10,0,0,0,0,6,0,16,0,0,0,0,0,0,1,4,0,0,0,0,0,0,0,0,0,1,0,0,0,0,0,1,0,0,0,2,0,0,0,1,0,7,1,0,0,0,0,1,0,0,0,2,0,0,0,0,0,0,0,0,0,0,0,0,0,0,0,2,0,0,0,0,4,0,0,0,0,0,0,0,1,0,0,0,0,0,0,0,23,16,0,0,0,0,1,0,2,0,0,0,0,0,0,0,0,0,0,0,0,0,2,0,0,0,0,0,0,0,0,0,0,0,0,0,0,0,0,0,0,0,0,0,0,0,0,0,0,0,0,0,12,21,0,0,0,0,0,1,0,0,0,0,0,1,0,0,1,0,0,0,0,0,0,0,9,0,2,0,0,0,0,0,2,0,6,0,0,0,3,0,0,1,3,0,0,0,0,0,0,0,0,0,0,0,1,0,0,0,0,0
714,0,0,0,0,28,0,0,27,0,2,4,5,0,3,0,0,0,0,0,1,0,0,0,8,4,0,0,0,4,0,0,1,0,0,2,0,6,0,0,0,0,0,0,0,0,0,0,0,3,0,0,0,0,0,0,0,0,0,0,1,0,6,0,0,0,0,0,0,0,0,0,22,0,0,0,0,0,0,0,0,0,0,0,0,0,0,13,0,0,0,0,0,0,0,0,0,0,0,0,0,0,0,7,0,16,2,0,0,0,1,0,15,0,0,0,4,0,0,0,0,0,3,0,0,2,0,0,0,0,0,0,0,0,0,0,0,0,9,2,0,0,1,0,0,0,0,0,0,0,0,0,0,0,0,0,0,0,0,4,0,2,0,0,0,1,1,0,0,0,0,0,33,0,0,0,0,0,0,0,0,0,0,0,0,0,0,0,0,1,0,0,0,0,0,0,0,0,0,0,0,0,0,0,0,0,0,0,0,0,0,0,0,0,0,0,0,0,0,2,0,0,0,0,0,0,2,0,0,2,0,0,0,0,0,0,0,0,0,21,0,0,3,2,0,0,0,0,0,0,0,0,0,0,0,0,0,0,0,4,0,0,5,0,0,0,0,0,0,0,0,2,0,0,1,7,0,0,0,0,0,0,0,0,0,0,0,5,0,0,0,0,0,0,1,0,0,0,0,8,0,0,0,0,1,0,0,5,2,0,0,0,0,0,0,0,5,0,0,39,0,0,0,0,0,0,0,0,0,0,0
715,0,0,3,0,4,0,0,25,0,0,17,3,0,0,0,0,0,0,0,0,0,2,0,0,7,0,4,0,0,0,0,0,0,0,0,0,1,0,0,0,0,0,0,0,0,0,0,17,0,0,0,7,0,0,0,0,0,0,0,0,0,0,0,0,0,0,0,0,0,0,0,0,0,0,0,0,1,0,0,0,0,0,0,0,0,0,0,1,0,0,0,0,0,0,7,0,0,0,1,0,0,0,25,1,8,0,0,0,0,0,0,0,0,0,0,0,0,0,0,0,0,0,0,0,0,0,0,0,0,0,0,0,1,0,0,0,0,1,18,5,0,0,0,0,0,0,0,3,0,5,0,0,0,0,0,0,0,0,0,0,0,4,0,0,0,9,0,0,0,0,0,7,0,0,1,0,0,0,2,0,0,0,0,0,0,0,0,0,0,0,0,0,0,0,1,0,0,0,0,0,0,0,4,0,0,0,0,7,0,0,3,1,1,0,0,1,0,0,45,0,0,0,0,0,0,0,1,0,0,0,0,0,0,3,1,0,0,0,2,0,5,0,3,0,0,0,0,0,3,0,0,0,0,0,6,0,0,7,0,0,0,16,0,2,0,0,3,0,0,0,1,2,1,0,0,0,0,0,0,0,1,0,0,0,0,0,0,0,1,0,0,0,0,12,0,0,16,0,1,0,0,0,0,0,0,0,0,0,0,0,0,0,0,0,0,0,3,0,0,0,0,2,2,43,0,4,0,0,0,0
716,0,0,2,0,2,0,0,16,0,0,6,21,0,0,0,0,0,0,0,2,1,0,0,0,14,0,0,0,0,0,0,0,0,0,0,0,0,0,1,2,0,0,0,1,0,0,0,0,0,0,0,0,0,0,0,0,0,0,0,0,0,9,0,0,0,0,0,0,0,0,1,0,0,0,0,3,0,0,0,0,0,0,0,2,0,0,0,0,1,0,0,27,0,0,4,0,0,0,0,11,0,0,28,1,0,1,0,0,0,0,0,0,0,1,3,0,0,0,0,0,0,0,3,11,1,0,0,0,0,0,0,1,0,0,0,0,0,5,5,5,0,0,21,0,0,0,0,4,0,7,0,0,0,0,0,0,0,0,0,0,0,0,0,0,0,6,0,1,0,0,0,6,0,0,0,0,0,0,1,0,0,0,0,0,0,0,0,0,0,0,0,0,1,0,0,0,0,0,0,0,3,0,0,2,0,0,0,0,0,0,4,0,0,0,0,0,0,0,14,0,0,8,64,0,0,0,0,0,1,0,0,0,0,0,0,0,0,0,0,12,2,2,0,0,0,1,0,0,0,7,0,0,0,0,6,0,0,0,0,0,6,15,0,0,0,0,0,0,0,1,0,1,0,0,0,0,0,0,0,0,0,0,0,0,0,0,1,0,0,0,0,0,0,5,0,0,9,0,1,0,0,0,0,0,0,0,8,1,0,0,0,0,0,0,4,0,0,0,1,0,0,1,1,0,0,0,0,0,0,0
717,0,0,1,0,1,0,7,21,0,0,12,13,0,3,0,0,0,0,0,0,2,0,0,0,0,0,9,0,0,0,0,1,0,0,0,0,0,0,0,0,0,0,0,0,0,0,0,0,0,0,0,0,0,0,0,0,3,1,0,0,0,4,0,0,0,0,1,0,0,0,0,0,10,0,0,0,0,1,0,0,0,0,5,11,0,0,1,0,0,0,0,0,0,0,0,0,0,0,0,13,1,0,0,3,0,0,0,0,0,0,0,2,0,0,0,0,0,0,0,1,0,0,2,0,0,0,0,8,0,0,0,0,0,0,0,0,3,0,0,0,0,5,0,0,0,0,0,1,0,0,0,0,0,0,0,0,0,0,0,0,0,0,0,0,0,11,0,0,0,0,0,1,0,0,0,3,1,0,0,0,0,0,0,0,0,0,0,0,0,0,0,0,0,0,0,0,0,0,0,0,0,0,0,0,0,0,0,0,0,0,1,0,2,1,0,0,0,0,14,7,0,1,0,0,1,0,0,6,1,0,0,0,1,0,0,0,0,1,0,0,1,0,10,0,0,0,0,13,0,0,0,0,0,0,2,0,0,0,1,0,4,1,0,0,0,0,0,0,0,0,11,6,0,0,0,0,0,1,0,0,0,0,0,1,0,0,0,0,0,0,0,0,0,0,4,0,2,0,7,0,0,0,21,0,0,0,0,0,0,0,0,2,2,0,0,0,0,0,19,0,0,0,0,2,0,0,0,1,0,0
718,0,0,0,11,12,0,3,19,0,0,18,3,0,7,0,0,0,0,0,0,0,0,0,0,15,0,2,0,0,0,0,0,0,1,0,3,0,0,0,0,0,0,0,0,0,0,0,0,5,0,0,0,0,0,0,1,0,0,0,0,0,5,0,0,0,0,0,0,0,0,0,0,0,0,0,0,0,0,0,0,0,0,0,6,0,0,0,4,0,0,0,0,0,0,0,1,0,0,1,0,0,0,0,0,0,0,0,0,0,0,0,0,0,0,5,0,7,0,0,0,0,0,0,0,0,2,0,0,0,8,7,0,1,0,0,0,0,9,0,0,0,0,1,0,0,0,0,3,0,16,0,0,0,0,0,0,0,0,0,0,0,0,12,0,0,0,0,0,0,0,0,1,0,0,0,0,0,0,0,0,0,0,0,0,0,0,0,0,0,0,0,0,0,0,3,0,1,1,0,0,0,0,0,0,0,0,0,0,0,0,0,0,0,0,0,0,0,0,31,0,0,0,4,0,0,3,0,4,0,0,1,0,0,0,0,0,0,0,0,0,4,0,14,0,0,0,0,0,0,0,0,0,0,5,1,0,0,0,0,0,0,0,0,5,0,0,0,0,0,0,26,0,0,1,0,0,0,0,0,0,1,1,0,0,0,0,1,0,0,0,0,0,19,0,0,0,2,0,0,0,0,0,8,3,5,0,17,0,0,0,0,1,0,2,0,0,0,0,0,0,0,1,0,0,0,0,0,0,15,3
719,0,0,0,6,6,0,0,0,0,0,9,5,0,0,0,0,0,0,0,1,0,0,0,0,0,8,4,0,3,0,1,0,0,0,0,0,9,0,0,0,0,0,0,0,0,0,0,0,0,0,0,1,0,0,0,0,0,1,0,0,0,1,0,0,0,1,0,0,0,0,0,1,0,0,0,0,0,0,1,20,0,0,0,0,0,0,0,6,0,0,0,0,0,0,0,0,0,0,0,0,0,0,1,0,1,0,0,0,0,0,0,4,1,0,0,0,0,0,0,2,0,0,0,0,0,0,0,0,0,0,0,0,0,0,1,0,0,9,23,2,0,0,0,0,0,0,0,0,0,0,0,0,0,0,0,0,0,0,0,0,0,1,0,0,0,0,0,0,0,0,0,2,0,0,0,0,0,0,0,0,0,0,0,0,0,1,0,0,4,0,0,0,0,0,7,0,0,0,0,1,0,0,0,0,0,0,0,0,0,0,1,4,0,0,0,0,0,0,14,0,0,0,0,0,0,1,3,0,0,0,0,0,0,0,0,0,0,0,0,0,2,0,0,0,0,0,0,7,0,0,0,0,0,0,0,0,0,0,0,0,0,0,0,0,0,0,0,0,0,0,7,8,0,0,0,0,0,1,0,0,0,1,0,0,0,0,0,0,0,0,0,0,0,0,0,0,1,0,0,0,0,0,0,0,0,0,26,0,3,0,0,0,0,3,0,0,0,0,14,0,1,0,2,0,0,0,0,0,0,0
720,0,0,0,0,10,15,0,15,0,0,3,4,0,2,0,0,0,1,0,0,0,0,0,0,0,0,1,0,0,0,0,1,1,0,0,0,0,0,0,0,0,0,0,0,0,0,0,0,11,0,0,0,0,10,0,0,0,0,0,0,0,0,0,0,0,0,0,0,0,0,0,0,0,0,0,3,0,0,0,0,1,2,0,0,0,0,5,0,0,0,2,0,0,0,0,0,0,0,0,0,0,0,2,0,0,0,0,0,0,1,0,9,0,1,0,0,0,0,0,6,2,3,0,0,0,0,0,0,0,8,78,0,0,0,0,1,0,6,0,0,0,0,0,0,0,3,0,1,0,0,0,0,0,0,0,0,0,0,0,0,0,0,1,0,0,2,0,0,0,0,0,0,10,1,0,0,2,0,0,0,2,0,0,1,0,0,0,0,0,0,0,0,0,5,0,0,0,0,0,0,0,0,0,0,0,0,2,0,0,0,1,0,0,0,0,0,0,0,3,0,0,0,5,0,0,0,1,2,0,0,0,0,0,0,0,0,0,1,0,0,3,0,4,0,0,0,0,2,3,0,1,0,0,0,0,1,0,3,0,0,0,0,1,0,0,0,0,0,0,0,4,6,0,6,0,1,0,0,0,0,0,0,0,0,0,1,0,0,1,1,0,0,3,7,0,0,1,1,0,1,0,0,2,0,0,0,8,5,0,0,0,1,0,0,0,0,0,0,0,0,0,0,5,0,0,0,8,0,1,0
721,0,0,0,0,7,0,0,28,0,0,9,3,0,0,1,0,0,0,0,0,0,1,0,0,18,0,0,0,0,0,0,0,3,0,0,0,0,0,0,0,0,0,0,1,4,0,0,0,0,0,0,0,0,5,4,0,0,0,4,0,0,10,0,0,0,1,0,0,0,1,0,0,0,0,0,5,0,0,0,0,0,0,0,0,1,4,2,0,1,0,0,0,0,0,0,0,0,0,0,0,0,0,5,0,0,0,0,0,0,1,0,0,0,0,0,0,0,6,4,0,0,0,0,0,0,0,0,0,0,0,0,0,0,0,0,0,0,3,8,0,0,0,0,0,0,0,1,2,0,0,0,0,0,0,0,0,0,0,0,0,0,5,0,0,0,11,4,0,0,0,0,2,0,11,0,0,0,0,0,0,13,0,0,0,0,0,0,0,0,0,0,0,15,0,1,1,0,0,0,0,0,0,0,0,0,0,0,0,0,0,1,0,0,0,0,1,0,0,56,0,2,0,0,0,0,0,1,0,0,1,0,0,0,0,0,0,3,0,0,0,0,0,31,1,1,0,0,0,0,0,1,0,0,10,0,0,0,0,0,0,4,45,1,0,0,0,0,2,0,0,1,0,0,0,1,0,6,0,0,1,0,0,0,0,0,0,1,0,0,0,0,0,0,5,0,0,7,0,0,0,0,0,0,0,0,0,2,0,0,0,0,7,1,0,0,0,0,0,0,0,0,0,0,0,1,0,0,0,0,0
722,0,0,2,0,8,0,7,14,0,0,8,3,0,2,0,0,0,2,0,0,0,0,0,0,0,0,0,0,0,0,0,0,0,0,0,0,0,0,2,0,0,0,0,0,4,5,0,0,0,0,0,0,0,1,0,0,11,0,0,0,0,0,0,0,0,0,0,1,1,0,0,0,0,2,0,0,0,0,1,0,0,0,4,1,0,0,0,0,12,0,0,0,0,0,4,0,0,0,0,0,0,0,0,0,0,0,0,0,0,1,0,0,0,0,0,0,0,0,0,0,0,0,0,0,0,0,0,0,0,0,0,0,0,0,0,16,0,10,9,0,11,4,0,0,0,0,0,0,0,6,5,0,1,0,0,0,0,0,0,0,0,1,0,0,0,11,0,0,0,0,5,0,0,0,0,0,0,4,0,0,0,0,0,0,0,0,11,0,0,0,0,0,0,0,4,0,0,0,0,0,0,0,0,0,0,0,0,0,0,0,1,2,0,0,0,0,0,0,3,0,0,6,0,0,3,0,2,0,0,0,0,0,0,0,0,0,0,0,0,0,2,1,4,1,1,0,5,0,0,0,0,1,0,1,0,0,0,0,1,0,0,0,3,5,0,0,0,0,0,0,9,0,0,0,0,2,0,0,0,0,0,0,0,0,2,0,0,0,0,0,0,0,0,0,0,0,1,0,24,0,0,5,0,3,0,0,14,0,0,0,0,0,1,0,1,0,0,0,25,0,0,0,2,0,0,0,0,0,0,0
723,0,1,0,0,3,0,0,5,0,0,1,1,0,0,0,0,0,0,0,0,1,0,0,0,3,0,0,0,0,0,0,0,0,0,0,0,7,0,0,0,0,0,0,0,0,0,0,0,0,0,0,0,0,0,0,0,0,0,3,0,0,3,0,0,0,0,0,0,0,0,0,2,0,0,0,0,0,0,1,0,0,0,0,11,0,0,0,0,0,0,0,3,0,0,0,2,0,0,0,0,0,0,1,0,5,0,0,0,4,3,0,0,0,0,0,0,0,0,0,0,0,0,0,0,0,0,0,0,0,0,0,0,0,0,0,0,2,7,8,0,0,0,1,0,3,0,0,0,2,22,0,0,0,0,0,0,0,0,0,0,0,15,0,0,0,22,0,0,0,0,0,0,0,0,0,2,0,6,0,0,0,0,0,0,0,0,0,0,2,0,0,0,0,0,0,0,0,1,0,0,0,0,0,2,0,0,0,0,0,1,1,0,0,1,0,0,0,0,26,0,0,0,0,0,1,0,0,0,0,0,1,5,0,0,0,0,0,0,0,0,1,0,0,0,0,0,0,0,0,0,0,0,0,0,1,0,0,0,0,0,0,6,0,4,0,0,0,0,0,0,0,0,1,0,0,1,0,0,0,0,0,0,0,0,0,0,0,0,4,0,0,0,7,0,0,0,2,0,0,1,0,0,4,0,0,0,31,0,0,0,0,0,5,2,0,0,0,0,0,0,0,0,2,0,0,0,0,0,0,0
724,0,0,0,0,5,0,0,46,0,0,13,2,0,0,0,0,0,0,0,0,0,0,0,0,1,0,0,0,0,0,0,0,0,0,0,0,0,0,3,0,0,0,0,0,0,0,0,0,0,0,0,0,0,1,0,0,0,0,0,2,0,0,0,0,0,0,0,0,0,0,0,0,0,0,0,0,0,0,0,0,0,0,0,0,0,0,0,2,0,0,0,3,0,0,0,0,0,0,0,0,0,0,5,0,8,0,0,0,0,0,0,14,0,0,0,2,0,0,0,1,2,0,0,0,0,0,0,0,0,0,0,0,0,0,0,2,4,22,0,0,0,3,0,0,0,0,0,0,1,1,0,0,0,0,0,0,0,0,0,0,0,0,4,0,0,0,0,0,0,0,0,9,0,0,0,0,3,1,0,0,1,0,0,2,0,1,3,0,3,0,0,0,0,0,0,0,1,0,0,0,0,0,0,0,1,0,0,0,0,0,0,4,0,0,0,0,0,0,0,0,0,1,0,0,0,0,0,0,0,0,0,0,1,0,0,0,0,0,0,0,11,0,0,20,0,0,0,0,0,0,0,0,21,0,1,0,0,0,0,0,0,39,0,0,0,1,0,0,0,0,2,0,0,0,5,0,0,5,0,0,0,0,0,0,0,0,6,0,0,1,0,0,0,0,0,0,1,0,0,0,0,0,0,0,0,1,7,0,0,0,0,1,0,0,0,0,6,1,9,0,0,0,0,0,0,0,13,0,0,0
725,0,0,0,0,3,1,0,14,0,0,0,1,0,0,0,0,0,0,0,0,0,1,0,0,43,0,0,0,0,1,0,0,0,0,0,3,0,0,0,0,0,1,0,0,3,0,0,0,9,0,0,0,0,0,0,1,0,0,0,0,0,4,0,0,0,0,0,0,0,0,0,1,0,0,0,0,0,0,0,0,0,0,0,0,0,0,0,0,0,0,0,2,0,0,0,0,0,4,0,0,0,0,0,0,0,0,0,0,4,0,0,0,1,0,0,4,0,2,0,1,0,0,2,0,0,0,0,0,0,0,0,0,0,0,0,0,0,9,8,8,0,4,0,0,0,0,0,1,3,0,0,1,0,0,1,0,0,0,0,0,0,8,0,0,0,0,4,0,0,0,0,1,0,0,0,0,0,0,1,0,0,0,0,0,0,0,0,0,0,0,0,0,1,0,0,0,0,0,0,1,0,0,0,0,0,0,0,0,0,0,0,0,0,3,0,0,0,0,18,0,0,0,0,0,0,0,3,0,0,0,0,0,0,0,0,0,0,0,0,0,0,2,3,0,0,0,0,9,0,1,0,1,0,0,0,0,0,3,0,0,0,3,1,0,0,0,0,0,0,0,8,0,0,0,0,1,0,1,2,0,0,0,1,0,0,0,0,0,0,9,0,0,0,0,0,0,5,0,0,0,0,0,0,0,0,0,13,0,0,0,0,0,0,2,0,0,0,0,0,0,0,1,2,0,0,0,0,0,0,8
726,0,0,0,0,13,0,0,0,0,0,17,2,0,11,0,0,0,0,0,6,1,0,1,9,13,0,0,0,0,0,0,0,0,0,0,0,0,0,0,0,0,0,0,0,0,0,0,0,0,0,0,0,0,0,0,1,13,0,0,0,1,3,0,0,0,0,0,0,0,0,0,0,0,1,0,0,2,0,0,16,0,0,0,0,0,0,0,0,0,0,1,0,0,0,0,0,2,0,0,0,0,0,1,0,0,0,0,0,0,0,0,0,0,0,0,0,0,0,0,0,0,0,1,6,0,0,0,0,0,0,0,0,0,0,0,0,0,3,50,0,20,4,0,0,2,0,0,0,0,11,6,0,0,0,0,0,5,0,0,1,0,0,0,0,0,4,0,0,0,0,0,2,0,0,0,0,1,2,0,0,0,0,0,1,0,0,0,0,0,0,0,0,0,0,6,0,0,0,0,0,0,0,0,2,4,0,0,0,0,2,0,0,0,0,0,0,0,0,18,0,0,0,0,0,0,0,4,0,1,0,2,0,0,1,0,1,0,0,0,0,3,0,21,1,0,0,0,5,0,0,0,0,0,0,0,0,0,1,1,0,0,4,0,0,0,0,0,0,46,0,14,0,0,0,0,0,0,0,0,0,0,0,1,1,0,0,1,0,0,0,0,0,0,0,7,0,4,0,6,0,0,4,0,0,0,0,3,0,0,0,0,2,0,0,1,2,0,0,19,0,0,2,0,0,0,0,0,0,0,0
727,0,0,1,0,2,0,0,75,0,0,9,4,0,0,0,0,0,0,0,0,0,0,0,0,34,0,0,0,0,0,1,0,0,0,1,0,7,0,0,0,0,0,0,0,0,0,0,0,0,0,0,0,0,1,0,0,0,0,0,0,0,0,0,0,0,1,0,0,0,0,0,0,0,1,0,0,1,0,0,0,0,0,0,0,0,0,0,0,0,0,0,0,0,0,0,0,0,1,0,0,0,0,46,0,6,0,0,0,0,0,2,0,1,0,0,0,0,0,0,0,5,0,4,0,0,0,0,0,0,0,0,0,0,0,0,1,0,4,0,0,0,0,20,0,0,2,0,0,0,0,0,0,0,0,0,0,3,1,1,0,0,5,0,0,2,43,0,0,0,0,0,2,0,0,0,0,1,8,0,0,0,0,0,0,0,0,0,0,2,0,0,0,6,0,0,1,0,0,0,1,0,0,0,0,0,0,0,0,0,0,3,0,1,0,0,0,0,0,72,6,0,0,0,0,0,1,2,0,0,0,4,0,61,0,13,0,4,0,0,0,1,0,22,1,0,0,0,0,9,0,1,1,0,1,0,0,0,0,0,0,0,52,3,0,0,0,0,0,50,1,1,0,0,0,1,0,0,0,0,3,1,0,0,0,0,38,1,0,0,0,1,0,0,0,0,0,10,0,0,0,0,0,0,1,0,0,0,1,0,1,2,7,0,0,3,0,0,0,2,0,0,0,1,0,0,3,0,0,0,0
728,0,0,2,0,6,0,0,8,0,0,5,6,2,5,0,0,1,0,0,5,0,0,0,0,5,3,0,1,3,0,1,0,0,0,0,0,19,0,0,0,0,0,0,0,5,0,0,0,0,0,0,1,0,0,0,1,0,0,0,0,0,1,0,0,0,0,0,0,0,0,0,1,9,2,0,0,0,1,0,0,0,0,0,0,0,0,1,0,0,0,0,0,0,0,0,0,0,0,0,0,0,0,2,0,0,1,1,0,9,1,36,0,0,0,12,0,0,0,0,0,0,0,0,0,0,0,0,0,2,6,0,4,0,0,0,0,1,15,8,4,0,0,0,0,0,0,0,0,0,0,0,0,0,0,0,0,0,1,0,1,0,0,0,0,0,8,0,0,0,0,5,1,0,0,0,3,0,0,0,0,0,0,0,0,0,0,0,0,1,0,0,0,0,0,0,0,0,0,0,0,0,0,0,0,15,0,0,0,0,2,0,0,0,0,0,0,0,0,13,0,0,0,0,0,0,0,9,0,0,0,0,0,0,0,0,0,0,0,0,0,0,0,17,0,0,0,0,0,0,0,0,0,0,1,0,0,0,1,0,0,0,2,0,2,0,0,0,0,17,0,8,0,0,2,3,0,0,0,0,0,0,0,0,0,0,0,0,0,0,0,0,1,7,0,0,0,4,1,5,0,0,0,0,4,0,0,14,0,4,0,0,2,0,0,0,0,0,0,0,0,0,1,1,3,0,0,0,0,0,0
729,0,0,1,0,7,1,0,13,0,0,5,5,0,8,0,0,1,2,0,0,0,0,0,0,42,0,0,0,0,0,0,0,0,0,0,2,0,0,0,0,0,0,0,0,0,0,1,0,3,1,0,0,0,0,6,0,0,0,0,0,1,2,0,0,0,0,0,0,0,0,0,0,0,0,0,0,0,0,0,0,0,0,0,7,0,0,0,0,0,0,0,0,0,1,0,0,0,0,0,11,0,0,1,2,2,1,0,0,4,0,0,3,0,0,0,0,0,0,0,0,0,0,0,0,0,0,0,0,0,6,0,8,0,0,0,0,0,17,0,0,0,10,0,0,1,0,0,0,0,0,0,1,0,0,0,0,0,0,0,0,0,1,0,0,0,14,0,0,0,0,8,0,0,0,0,9,0,0,0,0,0,0,2,0,0,0,0,2,0,0,0,0,0,0,0,0,1,0,0,0,0,0,0,0,6,0,0,0,5,2,0,0,1,2,0,0,0,0,19,0,0,0,0,0,0,0,2,4,0,0,0,0,0,0,0,0,0,1,0,0,4,0,0,0,0,0,0,0,0,0,6,0,11,0,0,0,0,0,0,0,5,1,0,0,0,0,0,0,39,0,4,0,0,0,0,0,0,0,0,0,2,1,0,0,0,0,1,0,0,0,0,1,0,0,0,0,6,0,7,4,0,0,4,0,0,0,0,0,1,0,0,1,0,0,0,0,0,0,15,0,0,0,3,2,0,0,0,0,0,0
730,0,0,1,0,4,7,5,16,0,0,1,10,0,3,0,0,0,4,0,0,0,0,0,10,6,0,0,0,0,0,0,0,0,0,0,2,11,0,0,0,0,0,0,0,0,0,0,0,0,0,0,0,0,0,0,0,0,0,0,0,0,5,0,0,0,0,0,0,0,6,0,0,6,0,0,0,0,0,0,0,0,0,0,0,0,0,0,0,0,0,0,0,0,0,0,0,1,0,0,0,0,0,0,0,1,0,0,0,0,0,0,0,0,0,0,0,26,0,0,1,0,0,0,0,0,1,0,0,0,0,0,0,0,0,0,0,0,8,4,3,0,1,0,0,0,0,0,0,0,94,0,3,0,0,0,0,1,0,0,0,0,0,10,0,0,4,0,0,0,0,0,2,0,0,0,4,0,0,0,0,0,0,0,0,0,0,0,0,0,0,9,0,0,0,0,0,0,0,0,0,0,0,0,0,0,0,0,1,0,0,0,0,7,7,0,0,0,0,9,0,0,0,5,0,0,0,5,3,0,0,0,0,0,0,0,1,0,0,0,0,1,0,0,0,0,0,0,0,0,0,0,0,0,0,0,0,0,0,0,0,0,0,0,0,7,0,0,0,0,0,3,16,0,0,3,0,0,0,0,0,1,0,1,1,0,0,1,0,0,0,0,0,0,0,0,0,3,0,5,0,0,0,0,0,0,0,0,0,0,0,0,1,0,2,0,2,0,0,0,0,0,0,0,2,0,0,0,0,0,0
731,0,0,2,0,0,0,0,4,0,0,2,0,0,0,0,0,0,0,0,0,0,0,0,15,101,0,0,0,1,0,0,0,0,0,0,2,0,0,0,1,0,0,0,0,0,0,2,0,4,0,0,0,0,2,3,0,0,1,2,0,0,5,0,0,4,0,0,0,0,0,0,0,0,0,0,0,0,0,0,0,0,0,0,0,0,0,0,6,0,0,0,0,0,0,0,2,0,5,0,17,1,0,0,5,0,0,0,0,0,0,0,0,0,0,10,0,0,0,0,0,0,0,0,4,0,0,1,15,0,0,0,19,0,0,0,0,0,0,11,3,0,5,0,0,0,0,0,0,0,0,0,0,0,0,0,0,0,1,0,0,0,0,0,0,0,9,0,0,0,0,0,1,0,0,0,0,0,3,0,0,0,0,0,0,0,0,0,0,0,0,0,0,0,0,0,0,0,0,0,1,2,0,15,0,0,0,0,0,0,0,1,0,0,0,0,1,0,0,2,0,0,0,0,0,0,0,1,0,0,0,0,0,0,0,0,0,0,0,0,0,3,0,13,0,0,0,0,0,0,0,0,0,0,0,0,0,0,0,0,0,0,2,0,0,9,0,0,0,0,0,3,0,0,0,0,0,0,1,0,0,0,0,0,0,0,0,0,0,0,0,0,0,15,0,0,0,0,1,0,0,0,0,0,0,5,0,10,0,0,0,0,1,0,0,1,3,0,1,0,0,0,1,0,0,0,0,0,0,0,0
732,0,0,2,0,5,0,0,0,0,0,0,10,0,0,0,0,0,0,0,0,0,0,0,0,58,0,0,0,0,0,0,0,0,0,0,0,0,0,0,4,0,0,0,0,5,0,0,0,0,0,0,1,0,8,3,0,0,0,0,0,0,3,9,0,0,0,1,0,0,0,0,0,2,0,0,0,0,0,0,0,0,0,0,0,0,0,0,1,0,0,0,0,0,0,4,10,0,0,0,0,0,0,0,0,39,1,1,0,0,0,0,0,0,0,0,0,0,0,14,0,0,0,0,3,0,1,0,0,0,0,0,0,0,0,0,0,1,11,19,3,0,0,0,0,0,0,0,2,0,6,0,0,0,0,0,0,0,0,2,0,0,6,0,0,0,0,0,2,0,0,0,5,0,8,0,0,0,0,1,0,0,0,0,0,0,0,0,0,0,0,0,0,0,0,0,0,0,0,0,0,0,0,2,1,0,0,0,0,0,5,4,0,0,0,0,0,0,0,0,0,0,0,0,2,1,0,2,0,1,0,0,0,0,0,3,0,0,0,0,8,5,0,26,0,0,0,45,0,9,0,0,1,0,0,9,0,0,0,0,0,0,0,0,7,0,0,0,0,0,1,1,0,2,1,0,0,0,3,0,0,0,0,0,0,0,0,1,0,0,0,0,0,0,0,0,0,0,0,1,0,0,1,0,0,0,0,18,0,0,0,0,0,0,0,7,0,0,0,0,0,0,0,1,0,0,3,0,0,0,0
733,0,0,1,0,3,0,0,25,0,0,12,5,0,0,0,0,1,0,0,0,0,0,0,0,12,0,0,0,1,0,1,1,0,0,0,2,0,0,0,0,0,0,0,0,0,0,2,0,0,1,0,0,0,0,0,0,2,0,0,0,0,0,0,0,3,0,0,0,0,0,0,0,0,0,0,1,0,0,1,0,0,0,0,0,0,0,0,0,0,0,0,0,0,0,10,0,0,0,2,22,0,0,0,0,1,0,1,0,0,3,0,4,0,0,0,1,0,1,0,0,0,0,0,0,0,0,0,0,0,3,0,5,0,0,0,0,0,2,0,3,17,1,4,0,0,1,0,1,0,0,0,0,0,0,1,0,2,0,0,0,0,0,0,0,0,3,0,0,1,0,0,0,0,0,0,0,0,0,2,0,0,0,0,0,0,0,0,0,3,0,0,0,0,0,0,0,0,0,0,0,2,0,7,0,0,0,0,0,0,0,0,0,0,0,0,0,0,0,14,0,0,0,0,0,0,0,1,0,0,0,1,4,1,0,0,0,6,0,1,0,1,0,17,0,0,0,0,0,0,0,0,0,0,7,0,0,0,0,0,0,0,0,0,2,12,0,0,0,0,1,17,0,0,0,3,0,0,0,0,1,0,1,0,0,0,0,0,0,5,0,0,0,5,0,0,0,1,0,0,2,0,7,0,0,0,0,0,0,0,0,0,1,0,0,0,0,1,0,0,0,0,0,0,0,1,0,0,0,0,0
734,0,0,0,0,1,0,0,0,0,17,7,2,0,0,0,0,0,0,2,0,0,0,0,0,0,0,0,0,0,0,0,0,0,0,1,0,0,0,0,0,0,0,0,0,2,0,0,3,0,0,0,0,5,2,0,0,0,0,0,0,1,6,7,0,0,0,0,0,0,0,0,0,0,0,0,0,0,0,0,0,0,0,0,0,1,0,0,0,0,0,0,0,0,0,0,0,0,0,0,2,0,0,0,0,0,0,0,0,0,0,0,0,0,1,0,0,0,0,6,0,0,0,2,0,0,0,0,0,0,0,0,0,0,0,0,1,1,2,0,3,0,0,10,0,0,0,0,3,0,0,0,0,0,0,0,0,0,0,0,0,0,0,0,2,0,9,0,0,0,0,0,1,0,0,0,0,0,0,0,0,3,0,1,0,0,0,0,0,0,0,0,2,0,0,1,0,0,0,0,1,0,0,4,0,0,0,0,0,0,0,1,0,0,0,0,0,0,0,62,0,0,0,0,0,0,1,1,0,0,2,0,0,0,0,2,0,3,0,0,0,1,0,11,0,0,0,0,0,0,13,0,0,0,0,0,0,0,0,0,1,0,64,0,11,0,0,0,0,0,2,2,0,0,0,0,0,0,4,0,0,5,4,0,0,0,0,1,0,0,0,0,0,0,8,0,0,0,0,0,0,0,0,0,0,0,0,13,0,12,0,0,6,0,0,20,0,0,0,0,0,0,0,7,0,0,0,0,0,0,0
735,0,0,0,0,5,0,0,22,0,0,1,0,0,0,0,0,0,0,5,0,0,0,0,0,7,0,12,0,0,1,0,1,0,0,0,0,0,5,0,0,0,0,0,0,0,0,0,0,0,1,0,0,0,0,0,1,0,0,0,0,0,9,0,0,0,0,0,0,0,18,0,0,0,0,0,0,0,0,0,0,0,0,0,0,0,0,1,0,0,0,0,7,0,0,0,3,0,0,0,14,0,0,0,0,1,0,0,0,0,1,0,0,0,0,0,4,0,2,0,0,0,0,0,0,0,0,0,0,0,0,9,0,0,0,0,0,3,12,3,0,0,3,0,0,3,2,0,0,0,9,0,0,0,0,0,0,1,0,0,0,0,0,0,0,0,7,0,3,0,1,0,0,0,0,0,1,0,0,1,0,0,2,10,0,0,0,11,1,0,0,3,0,0,0,4,0,0,0,0,0,0,0,0,0,5,0,0,0,0,0,0,6,0,0,0,0,0,0,11,0,1,1,0,0,0,0,2,0,0,0,0,0,0,0,0,0,0,0,0,0,1,0,0,0,0,0,0,0,0,0,0,0,0,0,2,0,0,0,1,0,0,2,0,0,11,0,0,0,0,0,7,0,0,0,0,0,0,0,0,1,0,0,0,0,0,0,2,0,0,7,0,0,0,1,6,0,3,0,6,0,0,0,7,0,0,0,0,0,0,0,0,0,0,2,0,0,0,0,0,0,0,0,0,0,0,0,0,0,0,0
736,0,0,0,0,2,0,0,12,0,0,2,0,1,0,0,1,0,1,0,0,0,0,0,0,2,0,1,0,1,2,0,0,0,0,0,0,13,1,0,0,0,0,0,0,0,0,0,0,0,0,0,0,0,0,0,2,0,0,10,0,0,6,0,0,0,0,0,0,0,0,0,0,0,0,0,0,0,0,0,0,0,0,0,0,0,0,0,0,0,0,0,0,0,0,0,0,0,0,0,0,0,0,1,1,0,0,0,0,0,0,0,2,0,0,0,0,0,0,0,0,0,0,0,0,0,0,0,0,0,11,0,0,0,0,0,0,1,8,0,0,0,2,0,0,0,0,0,0,0,0,0,0,0,0,0,1,0,0,0,0,0,0,1,1,0,1,0,0,0,0,0,29,0,0,0,0,1,0,0,0,0,0,0,0,0,2,0,2,0,0,0,0,0,0,0,1,0,0,0,0,6,0,0,0,0,0,0,0,0,0,1,0,0,0,0,0,0,0,0,0,0,0,5,0,0,0,1,0,0,0,0,0,0,0,0,0,0,0,0,0,2,0,7,19,0,3,5,0,0,0,3,2,0,0,0,0,0,0,0,0,0,3,0,0,0,0,0,0,0,1,4,0,0,0,0,0,0,0,0,0,0,0,0,1,0,0,0,0,0,0,0,0,0,7,0,0,1,0,9,0,0,0,0,0,0,0,5,0,0,0,0,0,0,0,0,0,0,1,0,0,11,0,0,0,0,0,0,0,0,0
737,0,1,0,0,8,0,2,110,0,0,3,3,0,0,0,0,0,0,0,0,0,0,0,0,2,0,0,0,3,0,0,0,0,0,0,0,0,0,0,4,0,0,0,0,0,0,0,0,0,0,0,0,0,0,0,0,0,0,0,0,0,0,0,0,0,0,0,0,0,0,0,0,0,0,0,0,0,0,0,0,0,4,0,0,0,0,0,0,0,0,0,0,0,0,0,1,0,0,0,0,0,0,4,0,13,0,0,1,0,0,0,11,0,0,0,0,5,0,0,0,4,0,0,1,14,0,0,0,0,0,0,0,0,0,0,0,0,4,2,0,0,2,0,0,0,0,0,0,0,0,0,0,0,0,0,0,0,6,0,0,0,7,0,0,0,2,0,0,0,0,0,43,0,0,2,0,3,0,0,0,0,0,0,0,0,0,7,0,4,0,4,0,0,0,0,0,1,0,5,0,0,0,0,0,0,0,0,0,0,0,1,0,0,0,0,0,0,1,1,0,0,0,0,0,0,0,0,0,0,0,0,0,0,0,1,0,0,0,0,0,0,7,0,0,0,0,0,0,0,0,0,0,0,0,0,0,0,0,0,0,0,0,2,0,0,0,0,0,2,1,4,0,0,0,0,0,0,0,2,0,0,0,0,0,0,0,29,0,1,1,0,0,0,6,0,0,0,0,0,0,0,0,0,0,0,0,0,0,0,0,0,1,0,0,0,0,0,0,0,0,0,0,10,0,0,0,6,0,0,0
738,0,0,6,0,3,0,14,70,0,0,9,3,0,0,0,0,0,0,0,0,0,0,0,0,11,0,0,0,0,0,0,0,0,0,0,0,0,0,0,3,0,0,0,0,0,0,3,0,0,0,0,2,0,4,0,0,2,0,0,0,1,0,0,0,0,0,0,0,0,1,0,0,4,0,0,3,0,1,1,0,0,0,0,0,1,0,0,0,0,0,0,0,0,16,0,5,0,0,2,0,0,0,7,0,0,0,2,0,0,0,0,0,3,0,0,0,0,0,0,0,0,0,0,0,0,0,0,0,0,0,6,5,0,0,0,1,0,6,11,0,0,1,0,0,0,2,0,5,0,0,0,0,0,0,0,0,0,1,0,0,0,0,0,0,0,14,0,0,0,0,0,1,1,0,0,0,0,0,0,0,11,0,0,0,0,0,0,0,1,0,6,0,10,0,0,1,0,0,1,0,1,0,2,0,0,0,0,0,17,0,1,0,0,0,0,0,0,0,50,0,0,0,0,0,0,0,0,0,1,0,0,0,0,0,2,0,5,0,0,0,2,0,3,0,0,0,0,0,0,0,0,0,0,0,0,0,0,0,0,0,0,19,0,2,0,0,0,2,10,0,1,1,0,1,0,0,0,0,0,0,0,0,0,0,0,0,3,0,3,1,0,0,0,0,0,0,12,0,0,0,0,0,0,0,0,0,0,0,16,0,0,0,0,0,0,0,2,0,0,0,0,0,1,0,0,0,5,11,0,0
739,0,0,1,0,3,0,0,0,0,0,11,7,0,0,0,0,0,0,0,6,0,0,0,0,0,0,0,0,0,0,0,0,0,0,0,0,0,0,0,7,0,0,0,0,0,0,0,0,0,0,0,1,0,3,0,0,0,0,0,1,0,0,0,0,0,0,0,0,0,0,0,13,0,0,0,0,0,0,0,1,1,0,0,0,0,9,0,0,0,0,0,0,0,0,0,0,0,0,0,0,0,0,22,0,0,0,0,0,0,0,0,0,0,1,0,0,0,0,0,0,9,0,1,0,0,0,0,0,0,0,0,0,0,0,0,1,0,5,4,9,0,1,0,0,0,2,3,3,0,3,0,0,0,0,1,0,0,0,0,0,0,2,0,2,0,0,0,0,0,0,6,2,0,20,0,0,0,0,0,0,0,1,0,0,0,0,1,0,0,0,0,0,0,0,0,0,0,0,1,0,0,0,3,0,0,0,0,0,0,0,0,0,0,0,0,1,0,0,35,11,2,0,5,0,0,0,0,0,0,0,0,0,0,0,8,0,3,0,0,0,2,0,5,0,0,2,0,0,0,0,0,0,0,1,0,0,1,0,0,0,1,24,0,0,0,0,0,0,13,0,1,0,0,0,1,0,0,0,0,0,0,0,0,2,0,0,0,0,2,0,1,0,0,15,0,0,0,0,1,0,0,0,0,0,0,0,0,0,5,2,0,2,0,0,0,0,0,0,0,0,0,0,0,0,1,0,0,0,22,0
740,0,0,0,0,8,3,0,0,0,0,2,1,0,4,0,0,0,0,0,0,1,0,0,0,0,0,18,0,0,0,0,0,0,1,0,0,0,0,0,0,0,0,0,0,0,0,0,0,0,0,0,0,0,2,0,2,0,0,0,0,0,1,0,0,0,0,1,0,0,0,0,1,0,0,0,0,0,0,0,0,0,0,3,0,0,0,1,0,0,0,0,0,0,0,0,0,0,0,1,0,0,0,1,0,0,0,0,0,0,0,24,0,0,0,0,0,0,0,0,1,4,0,0,0,0,0,0,0,0,0,0,0,1,0,0,0,0,9,3,2,0,6,0,0,0,0,0,1,0,0,2,0,0,0,0,1,1,0,0,0,0,4,0,0,0,0,0,1,0,0,0,2,0,0,0,0,0,0,1,0,0,0,0,1,0,0,0,0,0,0,0,0,0,1,0,0,0,0,0,0,0,0,0,0,0,2,0,0,0,0,1,0,1,2,0,0,0,0,0,10,0,0,0,0,0,0,3,0,0,0,0,0,0,3,0,0,0,0,0,1,1,0,6,0,0,0,0,0,0,0,0,0,0,0,0,0,0,3,0,0,3,2,0,4,0,0,0,0,0,0,11,21,0,0,0,0,0,0,0,0,0,0,0,0,0,0,0,0,0,0,0,0,0,0,0,0,1,0,11,0,0,0,4,0,0,0,13,0,0,0,0,0,3,0,0,0,0,0,21,0,0,0,0,0,0,0,0,0,0,0
741,0,0,0,0,1,0,0,4,0,0,3,1,0,5,0,0,0,0,0,0,0,0,0,0,0,0,0,0,0,0,0,1,0,0,0,0,1,0,0,0,0,0,0,0,0,0,0,2,0,1,0,0,0,1,0,0,0,0,0,0,0,0,0,0,0,0,0,0,0,0,0,0,0,0,0,0,2,0,0,0,0,0,0,0,0,0,1,0,4,0,1,13,0,0,0,0,0,0,0,0,1,0,0,0,0,0,0,0,0,0,19,0,0,0,0,0,8,0,0,1,7,0,3,0,0,2,0,0,0,0,13,0,0,0,0,0,0,4,0,4,0,0,0,0,0,2,0,0,0,0,2,0,0,0,0,0,0,0,0,0,0,0,6,0,0,0,0,0,0,1,0,0,0,0,1,0,0,0,0,0,0,0,0,0,0,0,0,0,0,0,0,0,0,0,0,0,0,0,0,0,2,0,0,0,0,0,0,0,0,0,0,0,0,0,0,1,0,0,7,0,0,0,0,0,0,0,2,0,1,0,1,0,0,0,0,0,0,0,0,0,0,0,7,0,0,0,0,10,0,0,0,0,17,1,0,1,0,0,0,0,1,0,1,0,0,0,0,0,0,1,2,0,0,0,0,1,1,0,0,0,0,0,0,0,0,0,0,0,0,0,0,0,0,0,0,0,0,0,0,0,0,0,0,0,2,0,24,0,0,0,0,1,7,0,0,0,1,0,0,0,0,0,0,0,1,0,0,0,0,0
742,3,0,0,0,32,11,0,36,0,0,12,12,1,7,0,0,0,0,1,2,0,0,0,0,0,0,0,0,0,0,0,0,0,0,0,0,7,0,0,0,0,0,0,0,0,0,0,0,0,0,0,0,0,1,0,0,0,0,39,0,0,1,0,0,0,0,0,0,0,2,0,0,0,0,0,0,0,0,0,0,0,0,0,0,0,0,12,0,0,0,0,2,0,0,0,0,0,0,0,0,0,0,7,0,2,0,0,1,0,0,0,7,1,2,0,0,0,0,0,0,0,1,0,1,0,0,0,0,0,0,0,1,0,3,0,0,0,16,2,0,0,2,0,0,0,0,0,1,0,0,0,0,0,0,0,0,2,0,0,0,0,4,0,1,0,0,2,0,0,0,0,28,0,0,0,0,3,0,0,0,1,0,0,0,1,1,0,0,0,0,0,0,0,4,0,0,0,0,0,0,0,0,0,0,0,0,0,1,0,0,0,22,0,0,0,0,0,0,2,0,0,1,0,0,0,0,0,0,0,0,0,0,0,0,0,0,2,0,0,5,4,0,0,0,0,0,0,0,0,0,1,0,0,0,0,0,0,0,0,0,2,0,0,11,0,1,0,0,0,0,4,0,0,7,0,0,0,0,0,0,0,0,0,0,0,0,0,0,0,2,0,2,0,7,0,0,1,0,0,0,0,0,0,0,0,0,1,5,0,0,0,0,0,0,0,0,0,0,6,0,8,0,1,0,0,0,7,1,1,0
743,0,0,0,0,14,3,0,53,0,0,6,11,0,0,0,0,0,0,0,0,0,0,0,0,9,0,2,0,0,0,0,0,0,0,0,0,6,0,0,0,0,0,0,0,0,0,0,0,0,0,0,0,0,0,0,0,7,0,0,0,1,2,0,0,0,0,1,0,0,0,0,0,0,0,0,0,0,1,0,23,0,0,0,5,0,0,0,0,4,0,0,0,0,0,0,0,0,0,0,0,0,0,1,0,0,2,0,0,3,0,62,4,0,0,0,2,0,0,0,1,4,0,0,0,0,0,0,0,0,0,0,0,0,0,0,12,0,28,6,1,0,3,0,0,0,0,0,0,0,0,0,0,0,0,0,0,0,0,0,0,0,2,0,0,0,21,3,0,0,0,1,1,0,0,0,0,1,0,0,0,1,0,0,0,0,0,0,0,0,0,0,0,0,0,0,0,0,0,0,0,0,0,0,0,4,0,0,0,0,0,1,0,0,0,0,0,0,0,5,0,0,0,0,0,0,0,0,0,0,0,0,0,0,0,1,0,0,0,0,1,2,0,12,0,0,0,0,9,0,0,0,0,0,0,0,0,0,2,0,0,0,4,2,0,0,0,0,0,0,0,4,0,0,0,6,0,0,0,2,0,0,0,0,0,0,0,0,0,5,0,0,0,0,0,7,0,3,0,6,0,0,0,0,0,0,0,0,0,0,0,0,0,2,0,0,0,1,0,0,0,0,0,2,0,0,0,0,0,0,0
744,0,0,0,0,0,4,0,0,0,0,14,10,0,3,0,0,3,0,0,0,0,0,0,0,14,0,0,0,0,0,0,0,0,0,0,0,0,0,0,0,0,0,0,0,0,5,1,0,0,0,0,1,0,0,6,0,0,0,0,0,1,8,0,0,0,0,0,0,0,0,0,0,0,0,0,0,1,0,1,0,0,0,0,0,0,0,2,0,0,0,0,9,0,0,5,0,0,0,0,0,0,0,0,0,0,0,0,0,0,0,0,2,1,0,0,2,0,2,0,0,6,0,0,5,0,0,2,0,8,0,0,0,0,0,0,0,0,6,0,0,0,1,0,0,0,5,0,0,0,0,4,0,0,0,0,0,0,0,0,0,0,3,0,0,0,6,0,0,0,0,0,0,0,0,0,0,0,0,0,0,1,0,0,0,0,0,7,0,0,0,0,0,0,0,8,0,0,0,0,0,0,0,0,0,0,0,0,0,17,1,1,3,0,2,0,1,1,0,4,0,0,0,1,0,0,0,1,0,0,0,0,0,0,0,0,0,0,0,0,0,3,3,20,0,0,0,0,9,0,1,4,0,0,0,0,0,0,0,0,0,0,0,0,2,5,0,0,0,0,1,7,0,0,2,0,0,2,0,0,0,0,0,0,0,0,0,0,0,3,0,0,1,0,0,0,0,2,0,6,0,0,0,0,0,0,0,11,0,0,0,0,0,0,0,1,1,0,0,0,0,1,0,0,0,1,2,0,0,0,0
745,0,0,2,0,3,0,0,14,0,0,3,5,0,0,0,3,0,0,0,0,0,0,0,0,17,0,0,0,0,0,0,0,0,0,0,0,0,3,0,0,0,0,0,0,0,2,0,0,0,0,2,0,3,5,0,0,1,0,0,0,2,1,0,0,0,0,0,0,0,0,0,0,0,0,0,0,0,0,0,0,0,0,0,0,0,0,0,0,0,0,0,0,0,0,0,13,0,0,0,0,0,0,8,0,0,0,0,0,0,0,1,0,0,0,0,0,0,1,0,0,3,0,0,0,3,0,0,0,0,0,0,2,0,0,0,0,0,5,14,4,1,1,0,0,0,1,4,6,0,0,0,0,0,0,1,0,0,0,0,0,0,8,0,0,0,8,0,0,0,0,0,8,0,15,0,0,0,0,0,0,0,0,3,0,0,0,0,1,0,0,0,0,5,0,1,0,0,0,0,0,0,0,0,0,0,1,0,0,0,0,1,0,0,2,0,0,0,0,19,0,0,0,6,1,0,0,1,0,0,0,0,0,0,0,5,0,10,0,0,0,2,0,0,0,0,0,0,0,0,0,0,0,0,0,0,0,0,0,0,0,0,9,2,0,0,0,0,0,0,1,1,1,0,1,0,0,12,5,0,0,3,3,0,1,0,0,2,0,6,0,0,0,0,3,0,0,0,0,0,0,0,0,0,1,1,0,0,0,0,0,4,3,0,0,0,0,0,0,5,0,0,0,0,0,5,0,0,4,0,0
746,0,1,2,0,7,0,0,31,0,0,1,5,0,18,0,0,2,0,0,0,0,0,0,11,38,0,0,0,0,0,0,0,0,0,0,0,0,0,0,0,0,0,0,0,0,0,1,0,0,0,1,0,0,0,0,1,0,3,0,0,0,0,0,0,0,0,0,0,0,0,0,0,4,0,0,1,0,0,0,0,0,0,0,5,0,0,0,0,0,0,0,0,0,0,0,0,0,0,0,0,0,0,0,0,0,0,0,0,0,0,0,0,0,0,0,1,0,0,0,0,0,0,0,0,0,2,0,0,0,0,0,0,0,0,0,0,0,14,16,3,0,2,0,0,3,0,0,0,1,8,3,0,0,0,1,0,0,1,0,1,0,3,0,0,0,0,0,0,0,0,0,1,0,0,0,0,1,0,0,0,0,0,0,0,0,0,0,0,0,0,0,0,0,1,0,0,0,0,0,0,0,0,0,0,0,6,0,0,0,1,1,0,0,0,0,0,0,0,24,0,0,0,0,0,3,0,2,0,0,0,0,0,0,0,0,1,0,0,0,0,2,0,0,1,0,0,0,0,0,0,0,1,0,0,0,0,0,2,0,0,0,0,1,9,0,0,0,0,0,0,4,0,0,0,0,0,0,0,0,0,0,0,0,1,0,0,0,0,0,11,0,0,0,1,0,0,0,0,2,2,0,0,0,0,5,0,17,0,0,0,0,1,0,0,0,0,0,0,0,0,0,0,0,0,0,0,0,0,0,0
747,0,0,0,0,4,0,0,66,0,0,13,10,0,0,1,0,0,0,0,0,0,0,0,0,0,0,0,0,0,0,0,0,0,0,0,0,0,0,0,0,0,0,0,0,0,0,0,6,0,0,0,0,0,0,0,0,3,0,0,0,0,0,0,0,0,0,0,0,0,0,0,0,0,0,0,2,0,0,0,0,0,0,0,1,0,0,0,0,0,0,0,0,0,16,0,12,0,0,0,7,0,0,11,0,0,0,0,0,0,0,0,1,1,1,1,0,0,0,0,0,0,0,0,0,0,2,0,0,0,0,0,0,0,0,0,0,0,6,4,0,0,0,0,0,0,4,0,3,0,0,0,14,0,0,0,0,0,0,0,0,0,0,0,0,0,0,0,0,0,0,0,2,0,0,0,0,0,0,0,0,0,0,0,0,0,0,0,0,2,0,0,0,0,0,0,0,0,0,0,0,3,0,0,1,0,0,0,0,0,0,1,1,0,0,0,0,0,0,43,0,0,0,0,0,2,0,1,0,0,1,0,0,32,0,4,0,0,4,0,0,1,0,8,0,0,0,0,0,0,0,0,0,0,0,0,0,0,0,0,0,0,79,0,0,0,0,0,0,0,0,1,0,0,0,0,0,0,0,0,0,0,0,0,1,0,0,0,0,2,0,0,0,0,0,0,0,0,0,0,0,1,1,1,3,0,0,0,0,0,0,0,0,0,0,0,2,0,0,0,0,0,0,0,0,0,4,0,14,0,0
748,0,0,0,0,7,1,3,24,0,0,5,1,1,2,0,0,0,0,0,0,0,0,0,12,0,0,0,0,0,2,0,0,0,0,0,2,3,0,0,0,0,0,0,1,0,0,0,0,0,0,0,0,0,1,0,0,14,0,0,0,0,2,0,0,0,0,0,0,0,14,0,0,0,0,0,0,0,0,0,8,0,0,0,0,0,0,0,0,0,0,0,0,0,0,0,0,1,0,0,23,0,0,2,0,1,0,0,0,0,2,0,0,0,0,0,0,9,0,0,3,0,1,0,13,0,0,0,0,0,0,0,0,0,0,0,0,0,30,0,0,0,6,0,0,0,0,22,0,2,0,0,0,0,0,0,0,0,0,0,0,0,2,0,0,0,4,0,0,0,0,0,6,0,0,0,0,0,0,0,0,0,0,6,0,0,0,0,0,0,0,0,0,0,0,0,0,0,0,0,2,3,0,0,0,0,2,0,0,0,2,0,0,0,0,0,1,0,0,8,0,0,0,0,0,0,0,2,3,0,1,0,0,0,0,0,0,0,0,1,0,7,0,4,1,0,0,0,0,0,2,0,0,0,0,0,0,0,1,0,0,1,7,0,0,0,0,0,0,40,0,11,0,0,0,1,0,0,0,0,0,0,0,0,0,0,0,0,0,5,0,0,0,0,0,0,0,0,0,10,0,0,0,0,0,0,0,0,0,0,0,0,0,0,2,0,1,1,0,0,0,0,1,2,0,0,0,0,0,0,0
749,0,0,2,0,7,0,0,26,1,0,8,2,0,7,0,0,0,0,0,0,0,0,0,0,13,0,0,0,0,0,0,0,1,0,0,0,9,0,0,0,0,0,0,0,3,0,0,0,0,1,0,0,0,1,0,0,0,0,4,0,0,3,0,0,1,1,0,0,0,0,0,0,0,0,0,0,0,0,0,10,1,0,0,0,0,0,1,0,0,0,0,1,0,0,0,2,0,0,0,0,0,0,0,0,0,0,0,0,0,0,0,0,0,0,0,0,0,0,0,1,0,0,0,0,0,0,0,0,3,0,0,30,0,0,1,0,0,16,13,6,0,0,0,0,0,0,0,0,0,0,0,0,0,0,1,1,0,0,0,0,0,3,0,0,0,0,6,0,0,0,0,0,0,0,0,0,0,0,0,0,0,0,7,0,0,0,0,1,0,0,0,0,0,0,0,0,0,0,0,0,0,0,0,0,0,0,0,0,0,1,2,6,0,0,0,1,0,0,12,0,0,0,0,0,0,7,1,0,0,0,0,0,0,0,0,0,0,2,0,0,2,2,0,0,0,0,0,0,0,0,0,0,0,0,0,0,0,0,0,0,0,1,0,4,0,0,0,0,0,0,11,17,0,1,6,0,0,0,0,0,0,0,0,0,0,0,0,0,6,0,0,0,0,0,0,0,2,0,11,0,0,6,0,0,0,0,11,1,0,0,0,2,0,0,0,0,1,0,0,6,0,1,1,1,0,0,0,0,0,0
750,0,0,0,0,9,0,0,23,0,0,11,2,0,4,0,0,0,1,0,0,0,0,0,12,24,5,0,0,0,0,0,0,0,0,0,2,34,0,0,0,0,0,0,0,0,0,0,0,0,1,0,1,0,0,0,0,4,0,2,0,0,0,0,1,0,1,0,0,0,0,0,1,0,0,0,0,0,0,0,0,0,0,0,0,0,1,0,0,0,0,0,0,0,0,0,0,0,0,1,0,1,1,1,2,0,3,0,0,0,0,0,1,1,0,0,0,11,0,0,3,0,1,0,0,0,0,0,0,0,0,8,0,0,0,0,22,0,4,10,0,0,1,0,0,0,3,0,1,0,0,0,0,0,0,0,0,1,0,0,0,0,2,0,0,0,13,0,0,0,0,0,1,0,0,0,0,1,0,0,0,1,0,0,0,0,0,0,0,0,0,0,0,0,0,5,0,0,0,0,0,0,0,0,0,0,0,0,0,0,0,0,0,2,0,0,0,0,0,11,0,0,0,0,0,0,0,1,0,0,0,1,0,0,0,0,0,3,0,0,0,3,0,0,1,0,0,0,0,0,0,0,0,0,0,0,0,0,0,0,0,1,4,0,0,0,0,0,0,0,0,17,0,0,0,3,0,0,0,0,0,0,0,0,0,0,0,1,1,0,0,0,0,0,0,0,0,3,0,0,0,0,0,0,0,0,0,0,0,0,0,0,1,0,2,1,0,0,0,22,0,0,0,6,0,0,0,1,1,35,0
751,0,0,0,0,25,0,0,33,0,0,6,9,1,2,0,0,0,0,0,0,0,0,5,0,3,0,0,0,0,0,1,0,0,0,0,0,21,0,0,0,0,0,0,1,0,0,0,0,8,0,0,7,0,0,0,0,0,0,0,0,0,2,0,0,0,0,0,0,0,0,0,0,0,0,0,0,0,0,0,0,0,0,0,0,0,0,4,0,0,0,0,2,0,0,0,0,0,0,0,0,0,0,3,0,0,0,0,0,0,0,0,3,0,0,1,0,0,0,0,2,0,0,0,0,0,0,0,0,0,0,17,0,1,0,0,0,0,16,2,0,0,2,0,0,0,0,0,0,0,0,0,0,0,0,0,0,0,0,0,0,0,4,0,0,0,1,0,0,1,0,0,23,0,0,9,0,1,2,0,0,1,0,8,0,0,2,4,0,0,0,4,0,0,0,0,0,0,0,0,0,0,0,1,0,0,0,0,0,0,0,0,10,0,2,1,0,0,0,1,6,0,0,0,0,0,0,1,0,0,0,0,0,0,0,0,0,0,0,0,0,0,5,4,0,0,0,0,0,1,0,0,1,6,0,0,0,0,0,0,0,0,8,0,0,0,0,0,0,1,0,4,0,0,0,0,0,1,0,0,1,0,1,0,0,0,0,0,0,0,0,0,0,0,2,0,0,1,0,8,0,0,0,0,0,1,0,0,0,0,0,0,2,0,0,0,0,1,0,0,0,0,0,8,0,0,0,7,0,0,0
752,0,0,2,0,6,0,0,6,0,3,2,8,0,1,0,0,0,0,0,0,0,0,0,0,25,0,0,0,0,0,0,1,0,0,0,3,15,0,0,0,0,0,0,0,0,0,0,1,0,0,0,0,0,0,0,0,0,1,0,0,0,2,0,0,0,0,0,0,0,0,0,0,0,2,0,0,0,0,0,4,0,0,0,0,0,0,0,0,0,0,0,7,0,0,9,0,0,3,0,0,0,1,0,2,2,1,0,0,8,0,12,1,1,0,0,0,0,2,0,0,0,0,0,0,0,0,0,0,2,2,0,0,0,0,0,0,0,12,22,4,0,2,0,0,0,0,9,1,0,0,0,0,0,0,1,0,0,0,0,0,0,2,0,0,0,13,2,0,0,0,0,2,0,0,0,0,0,0,0,0,0,0,0,0,0,0,0,0,0,0,0,0,0,0,0,0,0,0,0,0,0,0,0,0,0,0,0,0,0,0,1,0,0,0,0,0,0,0,8,0,0,0,6,0,0,4,4,0,0,0,0,0,0,0,0,0,0,0,1,1,0,0,8,0,0,0,0,0,0,0,11,5,0,0,0,0,0,4,2,0,0,1,0,2,5,0,0,0,0,0,1,0,0,0,0,0,0,0,0,0,0,0,0,0,0,0,0,0,0,0,0,0,0,0,0,0,0,0,5,0,0,0,0,0,0,0,4,0,0,0,0,1,0,0,0,0,0,0,0,0,0,0,0,0,0,3,0,0,37,0
753,0,2,1,0,4,0,16,29,0,0,15,0,1,0,0,0,0,0,0,0,0,0,0,0,10,0,0,0,0,0,0,0,0,0,0,0,8,0,0,0,0,0,0,0,0,0,0,0,0,0,0,0,0,1,5,0,3,1,0,0,0,2,0,0,0,0,0,0,0,8,0,0,0,0,0,0,1,0,1,0,0,0,0,0,0,0,1,0,0,0,0,0,0,0,0,0,0,0,3,0,0,0,0,0,0,0,0,0,0,1,0,1,0,0,0,1,0,0,0,2,0,0,0,0,0,0,0,13,0,0,0,0,0,0,0,0,0,10,11,0,0,7,0,0,0,0,0,0,0,13,0,1,0,0,0,0,0,0,0,0,0,2,0,0,0,5,0,0,0,0,0,2,0,0,0,0,0,2,0,1,0,1,4,1,0,0,0,0,0,0,0,0,0,0,0,0,0,0,0,0,0,0,0,0,0,0,0,0,0,0,1,7,0,0,0,0,0,0,16,0,0,0,0,0,0,0,0,0,0,0,0,0,0,0,0,1,9,0,0,1,3,0,12,0,0,0,3,0,0,0,0,0,19,0,0,0,0,0,0,0,0,10,0,0,4,0,0,0,0,0,2,0,0,0,0,0,0,1,0,0,0,0,0,0,0,0,0,0,15,0,0,0,0,1,4,0,3,0,0,0,0,0,0,3,0,1,0,0,5,0,0,0,2,0,1,0,0,0,0,4,0,0,2,0,0,3,0,2,11,4
754,0,0,0,0,35,0,0,27,0,0,7,14,0,7,0,0,0,0,0,0,1,0,3,2,3,0,0,0,1,0,0,0,1,0,0,0,15,1,0,0,0,0,0,1,0,0,0,0,10,0,0,20,0,3,0,3,0,0,0,0,0,1,0,0,0,0,0,0,0,0,0,0,0,0,0,1,0,2,0,0,0,0,0,0,0,0,0,0,0,0,0,3,0,0,33,1,0,0,0,0,0,0,2,0,11,2,0,0,0,0,0,8,0,0,0,0,0,0,0,0,0,0,0,0,0,2,0,0,0,0,0,0,0,0,0,2,0,31,3,0,0,5,0,0,0,0,0,1,0,0,1,0,0,0,0,0,0,5,2,0,0,0,0,0,0,1,0,0,0,0,1,33,2,0,3,0,0,0,0,0,0,0,0,0,0,0,4,0,0,0,0,0,0,0,0,0,0,0,0,0,0,0,0,0,0,0,0,0,0,0,0,0,1,0,0,0,0,2,0,0,0,0,0,0,0,0,0,0,0,0,0,0,0,0,0,0,0,0,0,0,3,4,0,0,0,0,0,0,0,0,0,0,0,0,1,0,0,0,0,0,7,0,0,43,0,0,0,0,0,1,2,0,0,11,0,0,0,0,0,2,1,0,0,0,0,0,0,0,0,0,0,0,0,0,0,0,1,0,0,0,0,0,0,0,0,0,12,4,0,0,0,1,0,0,0,0,0,1,0,0,0,1,1,5,0,0,5,0,0,0
755,0,2,2,0,9,0,1,7,0,1,5,1,0,1,0,0,0,0,0,0,0,0,0,0,8,0,0,1,0,0,0,0,0,1,0,0,0,0,0,0,0,0,0,0,0,0,0,0,0,3,0,1,0,0,0,1,0,0,0,0,0,0,0,0,0,0,0,0,0,0,0,4,0,0,0,0,0,0,0,0,0,0,0,0,0,0,0,0,0,0,0,12,0,0,0,3,1,0,0,0,0,0,0,0,0,0,0,0,0,0,0,1,0,0,0,6,0,0,0,1,5,0,0,0,0,0,0,0,0,0,0,0,0,0,0,0,0,16,4,2,24,7,0,0,0,0,0,1,0,0,0,0,0,0,0,0,0,0,0,0,0,0,9,0,0,6,2,0,0,0,0,0,0,0,0,0,0,0,0,0,0,2,0,1,0,0,3,0,0,0,0,0,0,0,0,0,1,0,0,0,0,0,0,0,0,2,0,0,0,0,1,0,0,0,0,1,1,0,18,0,1,0,0,0,0,0,1,0,0,0,0,0,0,0,0,0,0,1,0,0,0,0,5,0,0,0,0,5,0,0,0,0,0,0,0,0,0,0,0,0,0,0,0,0,0,0,0,0,0,0,20,0,0,0,0,0,2,0,0,0,0,0,1,1,0,0,0,0,0,0,0,0,0,0,0,0,2,0,24,0,1,0,0,0,0,0,10,0,0,0,0,1,0,0,0,0,0,0,0,0,0,0,2,0,0,6,0,0,0,0
756,0,0,2,0,4,0,5,7,0,0,28,0,0,11,0,0,0,0,0,0,0,0,0,0,5,0,0,0,0,0,0,0,0,0,0,3,17,0,0,0,0,0,0,0,0,0,0,0,0,0,0,0,0,1,0,1,5,0,0,0,0,0,0,0,0,0,0,1,0,0,0,0,0,1,0,0,0,1,0,0,0,0,0,11,0,0,4,0,0,0,0,0,0,0,0,1,0,4,0,0,0,0,0,0,1,0,0,0,3,0,0,0,0,0,0,0,23,0,0,2,0,0,0,0,0,0,2,0,0,0,0,3,0,0,0,0,2,0,5,3,15,3,0,0,0,0,0,0,0,0,3,1,0,0,0,0,0,0,0,2,0,2,0,0,0,0,0,0,0,0,1,1,0,0,0,0,0,0,1,0,0,0,0,1,0,0,0,0,3,0,3,0,0,0,0,0,1,0,0,0,0,0,0,0,0,0,0,0,0,0,0,0,0,1,0,2,0,0,9,7,0,0,0,0,0,2,3,0,0,0,0,0,0,1,0,0,0,0,0,0,2,2,0,0,1,0,0,0,0,0,0,0,0,0,0,0,0,0,0,1,0,1,0,0,0,0,0,0,0,1,10,21,0,0,0,0,0,0,0,0,0,0,0,0,0,0,0,0,0,0,0,0,0,0,0,0,0,0,7,0,0,0,5,0,0,4,0,0,0,0,0,2,0,1,1,0,1,0,0,0,0,0,2,0,0,0,0,0,0,4
757,0,0,4,1,6,0,0,13,0,0,6,5,0,0,1,0,1,0,0,0,0,0,0,0,25,0,0,2,0,0,0,0,0,0,0,0,0,0,0,0,0,0,1,0,0,0,1,0,0,0,0,0,0,3,0,0,1,0,0,0,0,1,3,0,0,0,0,0,0,1,0,0,0,1,0,0,0,0,4,0,0,0,0,0,0,7,4,1,0,0,0,14,1,2,0,0,0,0,0,0,0,0,14,0,0,0,0,0,0,0,1,0,0,0,0,0,0,0,0,0,0,0,0,0,0,0,0,0,0,0,0,0,0,0,0,0,0,3,12,13,0,1,0,0,0,0,3,2,0,6,2,0,0,0,0,0,0,0,0,7,0,5,0,0,0,3,0,0,0,0,5,2,0,0,1,0,0,19,1,0,0,0,0,0,0,1,0,0,0,0,0,0,0,0,0,0,0,0,0,1,0,0,2,0,0,0,0,0,0,0,2,0,0,1,0,0,0,0,3,0,0,20,0,0,0,0,0,1,0,0,0,0,0,0,5,0,0,0,0,0,0,0,10,0,0,0,0,0,0,11,0,1,0,0,0,0,2,0,0,0,0,0,0,4,0,0,0,0,25,0,1,2,0,0,0,0,0,0,0,0,0,0,0,0,0,0,0,0,0,0,2,0,0,10,0,0,13,0,1,1,0,0,0,0,0,0,6,0,0,0,0,0,0,0,9,0,0,0,0,0,0,1,0,0,3,0,0,0,0,0
758,0,1,2,0,3,0,0,23,0,0,6,2,0,3,0,0,0,1,0,0,0,0,0,0,58,0,2,0,0,0,0,0,0,0,0,0,13,0,0,0,0,0,0,0,3,0,0,0,0,0,0,1,0,0,1,0,0,0,0,0,0,3,0,1,0,1,1,0,0,0,0,2,0,0,0,0,0,1,0,0,0,0,0,0,0,0,3,0,0,0,0,0,0,0,8,0,0,5,0,0,0,0,1,2,0,0,0,0,0,0,0,0,0,0,0,0,0,0,0,0,0,0,0,0,0,1,0,14,0,3,19,3,0,0,0,0,0,2,6,0,0,2,0,0,0,0,0,0,0,0,0,0,0,0,0,0,0,0,0,0,0,0,0,0,0,0,0,0,0,1,0,2,0,0,0,3,0,0,0,0,0,0,3,0,0,1,0,0,0,0,0,0,0,0,0,0,0,0,1,0,2,0,0,0,14,2,0,0,0,0,1,0,0,0,0,0,0,0,11,0,0,0,0,0,0,0,3,0,0,1,0,2,0,0,0,0,4,0,0,0,0,2,10,0,0,0,0,0,0,1,0,0,0,0,2,0,0,0,1,0,1,10,0,0,0,0,0,0,11,1,3,0,0,0,0,0,0,0,2,0,0,0,0,0,1,0,0,0,14,0,0,0,0,0,0,0,3,0,1,0,0,0,0,0,0,3,0,0,0,0,0,4,0,2,0,0,0,0,0,0,0,1,2,0,0,0,0,1,0,0
759,1,0,0,0,1,0,0,28,0,0,11,0,5,1,0,0,0,0,0,0,0,0,0,15,7,0,0,4,0,0,2,0,0,0,0,0,8,0,0,0,0,0,1,0,0,0,0,0,0,0,0,0,0,9,0,0,0,0,0,0,0,3,0,0,0,0,0,0,0,0,0,0,0,0,0,0,0,0,0,2,0,0,0,0,2,0,3,0,0,0,0,4,0,0,0,0,0,0,0,0,0,0,3,1,6,0,2,0,0,1,0,0,0,0,0,0,0,0,0,0,0,0,0,1,0,0,0,0,0,0,0,0,0,0,0,0,0,17,7,0,0,1,0,0,0,0,0,3,0,0,0,0,0,0,0,0,3,0,0,5,0,0,0,0,0,5,0,0,0,1,0,12,0,0,0,0,0,0,0,0,0,0,0,0,0,0,0,0,3,0,0,0,0,0,0,0,0,0,0,2,0,0,0,0,0,0,0,0,16,0,1,0,0,0,0,0,0,0,38,0,0,0,54,0,0,1,2,0,0,0,0,0,0,0,0,0,0,0,0,2,3,0,0,0,0,0,0,0,8,0,1,0,0,0,0,2,0,0,3,0,0,22,0,0,0,0,0,0,0,0,1,0,0,0,0,0,0,0,0,0,3,0,0,0,0,0,0,0,0,0,0,0,0,0,0,1,12,0,0,0,0,0,0,0,0,0,0,2,0,0,0,2,0,0,0,0,0,0,2,0,0,0,1,0,0,0,0,0,0,0
760,0,1,0,0,3,0,0,41,0,0,8,0,7,0,0,0,0,0,0,1,0,0,0,14,0,0,0,3,0,0,0,0,0,0,0,0,0,0,0,0,0,0,0,0,0,0,6,5,0,0,0,2,0,4,4,0,1,0,0,0,0,3,9,0,1,0,0,0,0,0,0,0,0,0,0,0,0,0,0,0,0,0,0,0,0,0,0,0,0,0,0,9,0,29,0,6,0,0,0,0,0,0,0,0,10,0,0,0,0,0,0,0,2,0,0,0,0,0,0,0,0,0,0,0,0,0,0,0,0,0,9,3,0,0,0,1,0,13,16,3,0,1,9,0,0,0,0,2,0,0,0,0,0,0,0,0,0,0,3,0,0,0,2,3,0,5,2,0,0,0,0,4,0,0,0,0,0,0,0,0,0,0,0,0,0,1,0,0,0,0,0,0,0,0,0,0,0,0,0,0,0,0,0,0,0,0,0,0,8,4,2,0,1,1,0,0,0,0,98,0,0,0,0,0,0,0,1,0,0,0,0,0,9,2,12,0,2,0,0,7,4,0,6,0,0,0,0,0,0,16,0,0,0,0,0,0,0,0,3,0,1,13,2,0,0,0,0,0,0,0,1,0,2,0,0,0,0,0,0,0,0,5,0,0,0,0,0,0,0,0,0,0,0,10,0,0,8,0,0,2,0,0,0,0,0,0,8,0,0,0,0,5,0,0,0,0,0,0,0,0,0,0,0,0,2,1,0,0,24,0
761,0,0,1,0,2,0,0,3,0,0,2,7,0,0,0,0,0,0,0,2,0,0,0,11,1,0,0,0,0,0,0,0,0,0,0,0,0,0,0,0,0,0,0,0,0,0,0,0,0,0,0,0,0,0,1,0,0,0,0,0,0,3,16,0,0,0,0,0,0,0,0,0,0,0,0,0,1,0,2,0,0,0,0,0,0,0,1,0,0,0,0,0,0,0,13,0,0,0,0,11,0,0,0,0,0,0,0,0,0,2,0,0,0,0,0,0,0,0,0,0,0,0,0,0,0,0,0,0,0,0,0,0,0,0,0,0,0,17,15,2,0,0,0,0,0,5,0,4,0,0,1,0,0,0,0,0,0,0,1,0,0,4,0,3,0,3,2,0,0,0,0,0,0,0,0,0,0,0,0,0,0,0,0,0,0,0,0,0,0,0,0,2,0,0,0,0,0,0,0,0,7,0,1,0,0,1,0,0,0,0,0,0,1,2,0,0,0,0,23,0,0,8,0,0,0,0,0,0,0,0,2,0,0,0,6,0,0,0,0,0,2,0,12,0,1,0,22,0,0,0,0,0,0,0,0,0,0,0,0,0,0,6,0,3,0,0,0,2,0,0,0,0,0,0,0,0,0,0,0,2,0,0,0,0,0,13,0,0,2,0,0,0,0,8,0,0,15,0,3,0,0,0,0,1,0,0,33,2,0,0,0,4,0,0,0,0,3,0,2,0,0,0,0,0,0,0,0,0,0,0
762,0,0,1,0,5,0,0,2,0,1,7,1,1,2,0,0,10,0,2,0,0,0,0,0,23,0,0,0,0,0,0,0,0,0,0,0,0,0,0,0,0,0,0,0,0,0,1,0,0,0,0,2,0,1,0,0,5,0,0,0,0,7,0,0,1,0,0,0,0,0,0,0,0,0,0,0,0,0,0,0,0,0,0,0,0,0,0,0,0,0,0,0,0,0,0,0,0,0,0,0,0,0,0,2,1,0,0,0,0,0,0,2,0,0,0,0,0,0,0,1,0,0,0,0,0,0,0,0,3,0,0,0,1,1,0,0,0,19,3,0,0,1,6,0,0,0,0,1,0,0,0,0,0,0,0,0,0,0,0,2,0,4,0,0,0,11,0,0,0,1,0,2,0,0,0,0,1,0,0,0,0,0,0,0,0,0,0,0,0,0,5,0,0,0,0,0,1,0,1,0,0,0,0,0,0,0,0,1,14,0,0,0,0,3,0,0,0,0,10,0,0,0,0,0,1,0,1,0,3,0,0,0,0,0,0,0,0,0,0,0,0,0,4,0,0,0,0,11,0,0,0,0,0,0,0,0,0,0,0,0,0,6,0,0,0,0,0,0,0,0,1,0,0,0,0,0,0,0,1,0,0,1,0,0,0,0,0,0,4,9,0,0,0,0,4,0,0,0,0,0,0,0,0,0,0,0,24,1,0,0,0,2,2,2,0,0,0,1,0,0,0,0,1,0,0,0,0,1,0,0
763,0,0,1,0,1,0,0,8,0,0,6,2,0,0,0,0,0,0,0,0,0,2,0,9,6,0,0,2,0,0,0,0,0,0,0,0,2,0,0,0,0,0,0,0,0,0,5,0,0,0,1,0,0,8,0,0,0,0,5,0,0,7,0,0,1,0,0,0,0,0,1,18,0,1,0,1,0,0,0,0,0,0,0,0,0,0,0,0,0,0,0,0,0,0,0,14,0,2,0,0,0,1,15,0,0,0,0,0,0,0,0,0,0,0,0,0,0,0,0,0,0,0,0,0,0,3,0,0,0,0,4,0,0,0,0,0,0,3,19,0,1,0,19,0,0,0,0,2,0,0,2,10,0,0,0,0,0,0,1,0,0,2,0,2,1,14,0,0,0,0,0,1,0,0,0,0,0,0,0,0,0,0,0,0,0,0,0,0,2,0,0,0,0,0,0,0,0,0,2,0,0,0,0,0,0,0,0,0,0,0,3,0,0,0,0,0,0,0,40,5,0,0,0,0,0,0,0,0,0,0,0,0,6,7,3,0,0,0,0,9,1,0,0,0,0,0,7,0,0,19,0,1,0,2,0,0,0,8,0,0,9,19,0,1,0,0,0,0,0,0,1,0,0,1,0,1,0,0,0,0,0,0,0,0,0,0,0,0,0,0,0,0,0,10,0,0,0,0,0,0,0,0,0,2,0,0,0,0,6,2,0,2,0,0,0,1,0,0,1,0,0,0,0,0,0,5,2,0,0,0
764,0,0,5,0,3,0,0,16,0,12,4,2,0,0,0,0,0,0,0,0,0,0,0,0,0,0,0,0,0,0,0,0,0,0,0,0,2,0,0,0,0,0,0,0,0,0,8,0,0,0,0,0,0,2,0,0,0,0,0,0,0,2,0,0,0,0,0,0,0,0,0,0,0,4,0,1,0,0,0,0,0,0,1,0,0,0,2,0,0,0,0,0,0,0,0,7,0,0,0,0,0,0,0,0,0,0,0,0,0,0,0,0,0,1,0,0,0,0,0,0,0,0,0,0,0,0,0,0,0,0,9,0,0,0,1,0,0,6,35,1,0,1,0,0,0,0,0,2,0,0,2,5,0,0,0,0,0,0,0,0,0,0,0,0,6,5,0,0,0,0,0,5,0,0,0,0,0,0,0,0,0,1,0,0,0,1,0,1,0,0,0,0,0,0,0,0,0,0,0,1,0,0,0,0,0,0,0,0,0,0,3,0,0,0,0,0,0,0,33,0,0,0,0,3,2,0,0,0,3,2,1,0,5,6,13,0,0,0,0,0,1,2,0,2,0,0,0,0,4,0,0,0,0,0,0,0,0,12,0,0,3,36,2,7,0,0,0,0,0,0,0,0,0,0,0,0,0,0,0,0,0,4,0,0,0,0,0,0,11,1,0,0,0,0,0,0,26,0,1,1,0,0,0,0,0,0,7,2,0,0,0,3,0,0,0,1,4,0,0,0,0,0,1,0,0,0,0,0,0,0
765,2,0,0,0,26,0,0,18,0,0,6,4,0,2,0,0,1,0,0,0,0,0,2,0,2,0,0,0,0,0,0,1,0,0,0,0,4,0,0,0,0,0,0,0,0,0,0,4,0,0,0,0,0,0,0,0,0,0,0,1,0,1,0,0,0,0,0,0,0,0,0,0,0,5,0,0,0,0,0,0,3,0,0,0,0,0,0,5,0,0,0,0,0,1,0,0,0,0,0,0,0,13,4,0,0,0,0,0,0,0,0,0,0,0,1,2,0,0,0,0,1,2,0,0,0,0,0,1,0,0,16,0,0,0,0,0,0,3,4,0,0,6,0,0,0,0,0,0,0,1,0,0,0,0,0,2,0,0,1,0,0,12,0,1,0,3,0,0,0,0,0,0,4,0,4,0,0,0,0,0,0,0,0,0,0,0,0,0,0,0,0,0,0,0,0,0,0,0,0,0,0,1,0,0,0,0,0,0,0,0,0,0,0,0,0,0,0,0,4,0,2,0,0,0,0,0,0,0,0,0,0,0,0,0,0,0,0,0,0,16,0,3,0,0,0,0,0,0,0,0,5,0,0,5,0,0,0,0,0,0,0,10,0,12,1,0,0,0,0,0,4,0,0,0,0,0,0,0,0,0,0,0,0,0,0,0,7,0,0,1,0,0,0,3,0,0,1,0,0,0,0,0,0,0,0,0,0,0,0,0,3,0,0,0,0,0,0,0,0,0,5,0,0,0,0,0,4,0,0,1
766,0,1,1,0,7,0,0,21,0,0,17,1,0,5,0,1,0,0,0,0,1,0,0,0,48,0,0,0,0,0,0,0,0,0,0,0,0,0,0,0,0,0,0,0,1,0,0,0,0,0,0,0,0,1,0,1,0,0,0,0,0,3,0,0,0,0,0,0,0,0,0,0,0,0,0,0,0,0,0,0,0,0,0,0,0,0,6,12,0,0,0,7,0,0,0,0,0,0,0,0,0,0,1,0,1,0,0,0,0,0,0,1,0,0,7,3,0,0,0,0,0,0,0,0,0,0,0,0,0,0,0,0,0,0,0,0,0,13,25,4,7,4,0,0,0,0,0,0,0,11,18,0,0,0,0,0,0,0,0,0,0,4,0,0,0,7,0,0,0,0,0,0,0,0,0,0,0,0,0,3,0,0,0,0,0,0,14,0,0,0,6,0,1,0,0,0,1,0,0,2,0,0,0,0,0,0,0,0,0,0,1,4,0,0,0,0,0,0,8,0,0,0,0,0,0,0,2,3,0,0,0,0,0,0,0,0,0,1,0,0,0,0,23,0,1,0,3,0,0,0,0,0,0,0,0,0,0,0,0,0,0,1,1,0,4,0,0,0,37,0,12,0,0,0,0,0,0,1,0,0,0,0,0,0,0,0,1,0,0,0,0,0,0,0,0,0,2,0,0,0,0,0,0,0,0,0,0,0,0,0,0,0,0,0,0,0,0,0,0,0,0,0,0,0,0,0,0,0,0,0
767,0,1,0,17,26,0,0,11,0,0,3,1,0,1,0,0,0,0,0,0,0,0,1,0,1,0,0,1,0,0,0,0,0,0,0,0,2,0,2,0,0,0,0,0,0,0,0,0,3,0,0,0,0,0,0,6,0,0,0,0,0,3,0,0,0,0,0,0,0,0,0,10,0,5,0,0,0,0,0,0,0,0,0,0,0,0,0,0,3,0,0,0,0,0,14,0,0,0,0,0,0,0,2,3,0,0,0,0,0,0,0,2,0,1,0,1,0,0,0,0,0,0,2,4,0,0,0,1,0,0,0,0,0,0,0,0,0,9,4,0,0,2,0,0,0,0,0,0,0,0,0,0,0,0,0,0,0,0,0,0,0,0,0,0,0,0,0,0,0,0,0,0,0,0,0,0,0,1,0,2,0,0,0,0,0,0,0,2,0,0,0,0,1,4,0,0,0,0,0,0,0,1,0,0,0,0,0,0,2,0,0,0,0,0,0,0,0,1,0,0,0,0,0,1,0,0,0,0,1,0,0,0,0,0,0,0,3,1,17,0,0,0,2,0,0,0,0,0,0,3,2,0,0,0,0,0,0,2,0,0,0,9,0,0,0,0,0,0,0,1,7,4,0,0,0,1,0,2,0,0,0,0,0,0,0,0,0,0,0,0,0,0,0,0,0,0,0,0,0,0,0,0,0,0,1,0,4,0,0,0,0,0,4,0,0,0,0,0,0,0,0,1,0,0,0,0,4,0,0,0
768,0,0,0,0,8,0,0,30,0,5,3,16,0,6,0,0,0,0,0,0,0,2,1,3,3,0,0,0,0,0,0,0,0,0,0,0,7,0,0,0,0,0,0,0,0,0,0,0,0,0,0,0,0,5,0,5,0,0,0,0,0,8,0,0,0,0,0,0,0,0,0,0,0,0,0,0,0,0,0,7,0,0,0,0,0,0,0,0,0,0,0,3,0,0,0,0,0,0,0,4,0,0,3,0,0,0,0,0,0,0,3,3,0,0,0,0,4,0,0,0,0,0,0,1,0,0,0,0,0,0,0,0,0,0,0,0,0,12,0,0,0,5,1,0,0,1,0,0,0,0,0,0,0,0,0,0,0,2,0,0,0,8,0,0,1,0,0,5,0,0,0,23,0,1,0,0,1,0,0,0,0,1,0,0,1,1,0,0,0,1,0,0,0,0,0,0,0,0,0,0,0,0,0,0,0,0,0,0,0,0,0,19,0,0,0,0,1,0,2,0,0,0,0,0,0,0,0,3,0,0,0,0,0,0,0,0,0,2,0,0,3,0,0,0,0,0,0,0,6,5,0,1,10,0,0,0,0,0,0,0,0,18,0,0,0,1,0,0,0,1,7,0,0,0,5,0,0,0,0,0,0,1,0,0,0,0,0,0,0,0,0,0,0,0,0,0,0,0,0,0,0,0,0,0,0,0,0,2,0,0,0,0,0,4,0,0,0,0,0,0,0,1,0,0,0,0,7,0,0,0
769,0,0,0,0,25,0,0,8,0,0,4,13,0,1,0,0,0,0,0,0,0,0,1,0,3,0,0,0,0,0,0,0,0,0,4,0,7,0,0,0,0,0,0,0,0,0,0,3,0,0,0,0,0,11,0,1,0,0,0,0,0,10,0,0,0,0,0,0,0,0,0,0,0,0,0,0,0,0,0,0,0,0,0,0,0,0,0,2,0,0,0,8,1,0,14,0,0,0,0,0,0,0,5,0,0,0,0,0,0,0,0,4,0,0,0,0,0,0,0,0,0,0,3,0,0,0,0,0,0,0,0,0,0,0,0,0,0,20,2,0,0,1,0,3,0,0,0,0,0,0,0,0,0,0,0,0,0,0,0,0,0,4,0,0,0,0,0,3,0,0,0,43,0,0,0,0,1,0,2,0,0,0,0,1,0,0,0,4,0,0,0,0,0,0,0,0,0,0,0,0,0,0,0,0,0,0,0,0,0,0,0,0,0,0,0,0,0,0,2,0,1,0,0,1,0,0,1,1,0,0,0,0,1,0,0,0,0,0,0,0,0,0,4,9,0,0,0,0,4,0,0,0,11,0,0,0,0,0,0,5,7,26,0,32,0,0,0,0,0,1,3,0,0,0,0,0,0,0,0,0,0,0,0,0,0,0,0,0,0,0,0,2,0,1,0,0,0,0,14,2,3,1,0,0,0,0,0,6,0,1,0,1,0,0,0,3,0,0,0,0,0,1,0,5,0,0,0,0,0,0
770,0,0,0,0,12,0,0,4,0,0,1,0,0,3,0,0,0,1,0,0,0,0,1,4,0,0,0,0,0,0,0,0,0,0,0,0,0,0,0,0,0,0,0,1,0,0,0,0,0,0,0,0,0,5,0,2,0,0,0,0,1,5,0,0,0,0,0,0,0,0,0,0,0,0,0,0,0,0,0,0,0,0,0,2,0,0,0,0,2,3,0,0,0,0,0,0,0,1,0,2,0,0,0,0,0,0,0,0,0,0,1,7,0,0,1,1,5,0,0,0,0,0,0,0,0,4,0,0,0,0,0,0,0,0,0,0,0,13,0,0,1,7,0,4,0,0,0,1,0,0,0,0,0,0,0,0,0,0,1,0,0,8,0,0,1,0,0,0,0,0,0,61,0,0,0,0,0,0,0,0,0,0,0,2,0,1,0,0,0,0,0,0,0,0,0,0,0,0,0,0,0,0,0,0,0,0,0,0,0,0,0,0,0,0,0,0,0,0,3,0,1,0,0,0,0,3,0,0,0,0,0,0,1,0,0,0,2,0,48,0,4,0,2,0,0,0,0,2,0,0,0,1,0,7,0,0,0,1,0,9,0,0,0,0,0,0,0,0,1,0,4,0,0,5,0,1,0,2,0,0,0,0,0,0,0,0,7,0,0,0,0,0,3,6,0,0,0,0,2,0,0,1,1,0,0,0,0,0,0,0,0,1,0,8,0,4,0,0,0,2,0,0,3,0,0,0,0,0,0,0
771,0,0,2,0,1,0,5,28,0,0,26,4,0,2,0,0,0,1,0,0,0,0,0,0,21,0,0,0,0,0,1,0,0,0,0,2,0,0,0,0,0,1,0,0,0,0,0,0,0,0,0,0,0,1,0,0,0,0,0,0,0,0,0,0,0,0,0,0,0,0,0,0,0,0,0,0,0,0,0,0,0,0,0,0,0,0,1,0,3,0,0,0,0,0,0,0,0,0,0,10,0,0,0,0,0,0,0,0,0,0,11,2,0,0,0,0,0,0,0,0,0,0,1,5,0,2,0,0,0,0,0,0,1,0,0,0,0,5,0,0,0,2,0,0,1,0,0,1,1,0,0,0,0,0,0,0,0,0,0,0,0,2,0,0,0,9,5,0,0,0,0,1,0,0,0,0,0,3,0,0,0,0,0,0,0,0,0,0,0,0,0,0,0,0,0,0,0,0,0,0,2,0,0,0,0,0,0,0,0,0,0,0,0,3,0,0,0,0,18,0,0,0,3,0,0,0,3,9,0,0,0,0,2,0,0,0,0,0,0,0,4,0,5,0,1,0,0,0,0,0,0,0,0,0,0,0,0,0,0,0,0,0,0,9,0,0,0,0,0,1,14,0,0,0,0,0,0,0,0,0,4,0,1,0,0,0,1,0,0,0,0,0,0,0,0,0,3,0,0,0,0,0,9,0,7,1,0,0,0,0,0,0,0,0,0,0,0,0,0,0,0,0,0,0,0,0,0,0,0,0
772,0,0,1,0,4,2,0,26,1,0,5,3,1,0,0,0,0,0,1,3,0,0,0,0,0,0,3,0,0,0,0,0,0,0,0,0,2,0,1,0,0,0,0,0,0,0,0,10,11,0,0,0,1,0,0,0,3,1,2,0,0,5,0,0,0,0,0,0,0,0,0,0,0,3,0,0,0,0,0,0,0,0,6,0,0,0,0,0,0,0,0,5,0,0,0,0,0,10,1,21,2,0,0,0,1,0,0,0,0,0,0,0,0,0,4,0,19,2,0,3,0,1,0,0,0,0,0,0,0,0,0,0,0,0,0,0,0,3,0,0,0,4,0,0,0,0,23,1,1,0,6,2,0,0,0,1,0,0,0,0,0,0,0,0,0,24,4,0,0,0,0,1,0,0,0,0,0,0,0,0,0,1,0,0,0,0,0,0,2,0,0,0,0,0,0,0,0,1,0,1,0,0,0,0,0,0,0,0,1,0,0,0,0,2,0,1,0,0,24,0,0,0,0,0,1,0,1,0,0,1,0,0,0,0,0,0,2,0,0,0,4,0,6,1,0,0,0,0,0,0,0,0,0,0,0,1,0,0,0,0,1,1,0,0,0,0,0,0,0,1,5,0,0,0,0,0,2,1,0,0,1,1,0,0,0,0,0,0,4,0,0,0,0,0,0,0,1,0,8,0,0,0,0,0,0,0,0,0,0,0,0,1,0,1,0,1,0,1,0,0,0,1,3,0,0,0,0,1,0,0
773,0,0,0,0,4,0,0,11,0,0,15,4,0,0,0,0,0,0,0,3,0,0,0,11,10,0,0,1,0,0,0,0,0,0,0,0,1,0,0,0,0,0,0,0,0,0,9,4,0,0,0,0,0,5,0,0,0,0,0,1,0,11,0,0,0,0,0,0,0,0,0,0,0,0,0,0,0,0,2,0,0,0,0,0,0,0,1,1,2,0,0,0,0,0,0,6,0,0,0,0,0,2,32,0,13,0,0,0,0,0,0,0,0,0,0,0,0,0,0,0,0,0,0,2,1,3,0,0,0,0,0,0,0,0,0,0,0,6,14,4,0,3,0,0,0,4,3,1,0,6,0,0,0,0,0,0,0,0,0,0,0,10,0,0,0,0,0,0,0,0,0,5,0,0,0,0,0,0,0,0,0,0,0,0,0,0,0,0,2,0,0,0,8,0,0,0,0,0,0,0,0,0,3,0,0,0,1,0,0,0,4,1,0,0,1,0,0,0,25,9,0,0,0,0,0,0,4,0,0,0,0,0,0,0,5,0,0,0,0,0,1,0,18,0,1,0,0,0,0,11,0,0,0,0,0,0,0,0,0,0,0,20,0,0,0,0,0,1,0,1,0,0,0,1,0,0,0,0,0,0,0,0,0,1,0,0,0,0,0,0,0,0,0,4,0,0,0,0,0,0,0,0,0,0,0,0,9,0,14,0,0,1,0,0,0,0,3,0,0,0,0,0,1,0,0,0,0,0,26,0
774,0,0,1,0,8,0,0,21,0,0,14,2,0,0,0,0,0,0,0,0,0,0,0,7,0,0,0,2,0,0,0,0,0,0,0,0,4,0,0,0,0,0,0,0,0,0,7,0,5,0,1,0,3,0,4,0,0,0,11,0,0,0,0,0,0,0,0,0,0,0,0,0,0,0,0,0,0,0,0,0,0,0,0,0,0,0,6,0,0,0,0,0,1,0,0,0,0,2,0,19,0,0,6,0,0,0,0,0,0,0,0,0,0,0,0,0,0,0,0,0,0,0,0,0,0,0,0,0,0,0,0,1,0,0,0,1,0,12,8,14,0,1,0,0,0,0,0,4,0,9,2,0,0,0,2,0,2,0,1,0,0,0,0,0,0,13,0,0,0,0,0,2,0,0,0,0,0,0,0,0,0,0,0,0,0,0,0,0,0,0,4,0,0,0,0,0,0,0,0,0,0,0,0,0,0,1,0,0,0,0,1,0,0,0,0,0,0,0,95,0,0,18,0,0,0,0,1,0,0,0,1,0,0,3,2,0,0,0,0,13,0,0,31,0,1,0,0,11,0,0,0,0,0,4,0,0,0,0,0,0,0,0,0,1,0,0,0,1,0,0,0,0,3,0,0,0,19,0,0,0,0,0,0,0,0,0,2,0,0,0,0,0,0,7,0,0,17,0,0,0,0,0,0,0,0,0,0,1,0,0,0,6,0,0,0,0,5,0,0,0,0,2,0,0,0,0,0,0,0,0
775,0,0,0,0,6,0,0,12,0,0,5,0,0,4,0,0,0,0,0,0,0,0,0,0,12,1,0,0,0,0,0,0,0,0,0,0,0,0,0,0,0,0,0,0,5,0,0,1,0,0,1,0,0,2,0,1,0,0,0,0,0,16,0,0,0,0,0,0,0,0,0,0,0,0,0,0,2,0,0,0,0,0,0,0,0,0,0,4,0,0,0,0,0,0,0,1,0,0,2,0,0,0,0,0,0,0,1,0,5,0,0,2,1,0,20,0,0,0,0,0,0,0,0,0,0,0,1,0,0,0,0,0,0,0,0,0,0,17,0,3,0,0,3,0,0,0,0,0,1,0,0,2,0,0,0,0,0,1,0,0,0,0,0,0,0,8,0,0,0,0,0,2,0,0,0,0,1,0,0,0,0,0,0,0,0,0,9,0,0,0,0,0,0,1,0,0,0,0,0,0,0,0,0,0,0,0,0,1,0,0,0,0,0,1,0,0,0,0,2,0,0,2,0,0,0,0,1,0,0,0,0,1,0,1,0,0,0,1,1,0,3,1,2,0,0,0,4,0,0,0,5,0,11,0,0,0,0,0,0,0,0,1,0,4,0,0,0,0,0,0,7,0,1,0,0,0,1,0,0,0,0,0,0,0,0,0,0,0,0,0,0,0,0,0,0,0,5,1,0,0,0,0,0,0,0,1,0,0,0,0,0,1,0,0,0,0,0,0,0,3,0,0,0,0,0,0,0,0,0,0
776,0,0,0,0,39,0,0,75,0,0,1,0,0,0,0,0,0,0,0,0,0,2,0,0,0,0,0,0,0,0,0,1,0,0,0,0,0,0,0,1,0,0,0,0,0,0,0,0,0,0,0,0,0,0,0,0,0,0,2,0,0,1,0,0,0,0,0,0,0,0,0,0,0,0,0,0,0,0,0,0,0,0,0,0,0,0,0,0,0,0,0,4,0,0,0,0,0,1,0,0,0,7,0,1,12,0,0,0,0,2,0,6,0,0,0,0,0,0,1,2,0,2,0,0,0,0,0,1,0,0,0,0,0,0,0,0,0,18,3,0,0,1,0,0,0,0,0,0,0,0,0,0,0,0,0,0,0,0,0,2,0,0,0,0,0,1,1,1,1,0,0,9,0,0,0,0,1,0,1,0,0,0,3,0,0,0,0,0,0,0,0,0,0,0,0,9,0,0,0,0,0,0,0,0,0,0,0,1,0,0,0,0,0,0,0,0,0,0,3,0,2,0,6,0,0,0,0,0,0,0,0,0,0,0,0,0,0,1,0,0,3,0,5,16,0,3,0,0,0,0,0,1,0,0,0,0,0,0,0,0,0,42,5,11,0,0,0,0,0,0,6,0,0,0,0,0,0,0,0,0,0,0,0,1,0,0,11,0,0,0,0,0,0,0,0,0,1,0,0,3,0,0,0,0,0,1,0,7,0,1,1,2,0,0,0,0,0,0,0,0,8,0,6,0,0,0,0,0,0,0
777,0,0,0,0,1,0,0,15,0,0,9,4,0,6,0,0,8,0,0,2,0,0,0,5,17,0,0,0,0,0,2,0,0,0,0,0,7,0,0,0,0,0,0,0,3,0,0,0,12,1,0,0,0,0,0,1,4,3,0,0,0,12,0,0,0,0,0,0,0,9,0,0,9,1,0,0,0,0,0,9,0,0,0,0,0,0,0,7,0,0,0,0,0,0,0,0,0,6,1,0,0,1,0,0,0,0,0,0,0,0,27,5,0,0,0,0,0,0,0,1,0,0,0,0,0,0,0,0,0,0,0,0,1,0,1,14,0,7,0,0,0,3,0,0,0,0,0,1,0,0,6,0,0,0,0,1,0,0,0,0,1,1,0,0,0,3,0,0,0,0,0,6,0,0,0,0,0,0,0,0,0,0,0,0,0,0,0,0,0,0,0,0,1,0,0,0,0,2,0,0,0,0,0,0,0,0,0,1,0,0,0,7,0,1,0,0,0,0,3,0,1,0,0,0,0,0,3,5,0,0,0,0,0,0,0,0,6,0,0,0,4,2,9,0,1,0,0,0,0,0,0,0,0,0,0,0,0,0,0,0,2,2,0,0,0,0,0,0,0,0,6,0,0,0,0,0,0,0,0,0,0,0,0,0,1,0,1,0,0,0,0,0,21,0,5,0,3,0,0,0,0,0,18,0,0,0,0,0,0,0,0,1,0,0,0,0,0,0,0,5,0,0,1,0,1,0,0,0,11,5
778,0,0,0,0,24,0,0,41,0,0,3,4,0,0,0,0,0,0,0,0,0,0,0,0,2,0,0,0,0,0,0,1,1,0,0,0,0,0,0,1,0,0,0,0,0,0,0,8,0,0,0,8,0,1,0,3,0,0,5,0,0,1,0,0,0,0,0,0,0,0,0,0,0,0,0,0,0,1,0,9,1,0,0,0,0,0,0,0,0,0,0,1,0,0,0,1,0,0,0,0,0,0,9,0,13,0,0,0,0,0,0,5,0,0,0,0,6,0,0,0,0,0,0,2,0,0,0,0,0,0,0,0,0,0,0,0,0,6,0,0,0,2,0,0,0,2,16,0,0,0,0,0,0,0,0,0,0,0,0,0,0,0,0,0,0,0,0,0,0,0,0,65,0,0,0,0,1,0,0,0,0,0,6,0,0,0,0,3,2,0,0,0,0,0,0,0,0,0,0,0,29,0,0,0,0,0,0,0,0,0,1,0,0,5,0,0,0,0,2,0,0,0,4,0,0,0,1,0,1,0,0,0,0,0,1,0,0,0,0,5,0,0,0,0,0,0,0,0,0,0,0,0,0,0,0,0,0,0,0,0,0,19,0,35,0,1,0,0,0,1,3,13,0,0,0,0,0,0,0,0,0,0,0,0,0,1,0,0,1,1,0,1,0,1,0,0,0,0,12,0,0,0,0,0,0,0,9,5,0,0,0,2,0,8,0,0,0,0,11,0,0,0,4,0,0,0,0,1,0,0
779,0,0,0,10,11,0,0,18,0,0,3,0,0,0,0,0,0,0,0,1,0,0,1,0,2,0,0,0,0,0,0,0,0,0,0,0,6,0,0,0,0,0,0,0,2,0,0,0,0,0,0,0,0,3,0,0,0,0,0,0,0,4,0,0,0,0,0,0,0,0,0,22,0,0,0,3,0,0,0,0,0,0,0,0,0,1,7,0,3,0,4,0,0,0,0,0,0,1,0,0,0,0,0,2,0,0,0,0,0,0,1,0,1,0,0,4,0,0,0,0,0,3,0,0,0,1,0,0,0,0,24,0,0,0,0,0,0,5,2,0,0,3,0,4,0,1,18,0,0,2,0,0,0,0,0,0,0,0,2,0,0,4,0,0,1,1,0,0,0,0,0,49,0,0,0,0,2,0,0,0,0,0,0,0,0,0,0,0,0,0,4,0,0,0,0,0,0,1,0,0,0,2,2,0,0,0,0,0,0,0,1,0,0,0,0,0,0,0,1,0,0,0,21,0,0,0,1,0,0,0,0,0,0,0,0,0,5,0,0,0,4,0,6,0,0,0,7,0,0,0,0,1,0,0,0,0,0,0,5,0,0,0,0,0,0,0,0,0,0,0,2,0,0,4,6,1,0,0,0,0,0,1,0,0,0,0,0,0,0,0,0,0,0,0,0,0,0,0,6,0,0,0,0,0,1,0,0,5,0,0,0,0,2,0,0,0,0,0,0,0,0,0,0,1,0,0,0,0,0,0
780,0,0,0,0,1,0,1,24,0,0,0,4,0,0,0,0,0,0,0,1,0,0,2,0,27,1,0,0,1,0,0,0,0,0,0,0,6,0,0,0,0,0,0,0,0,3,0,0,0,0,0,0,0,4,6,0,0,2,0,0,0,9,0,0,0,0,0,0,0,0,1,0,0,1,0,0,0,0,0,0,0,0,0,1,0,6,2,1,0,0,0,21,1,0,0,0,0,0,0,0,0,0,0,2,11,0,0,0,0,0,0,0,0,0,0,0,0,2,0,0,0,0,2,0,1,0,0,0,0,0,0,2,1,0,0,0,0,2,3,5,0,1,0,0,0,0,0,4,0,0,0,0,0,0,0,0,2,0,1,0,0,3,1,0,0,5,2,0,0,0,0,2,0,0,0,0,0,12,3,0,6,0,2,0,0,0,0,0,2,0,0,2,0,0,1,1,0,0,0,0,11,0,1,0,0,0,0,0,15,7,3,1,0,1,0,0,0,0,67,0,1,9,0,0,0,0,0,0,0,0,0,0,0,0,4,0,0,0,0,0,2,2,0,1,0,0,0,0,5,0,0,0,0,4,0,0,0,0,0,0,0,0,1,0,0,0,0,0,0,1,0,0,0,0,0,0,7,0,0,0,0,0,0,0,0,15,0,0,0,0,0,0,0,5,0,0,0,0,1,0,0,0,0,0,1,0,13,0,0,0,0,2,0,0,0,0,0,0,1,0,0,1,0,0,0,3,3,0,0,0
781,1,1,2,0,4,0,14,38,0,0,14,9,0,1,0,0,0,0,0,0,0,0,0,0,42,0,0,0,0,0,0,0,0,0,0,0,3,0,0,0,0,0,2,0,0,0,0,0,2,0,0,2,0,0,5,0,0,0,4,0,0,6,13,0,0,0,0,0,0,0,0,0,1,0,0,0,1,0,0,0,1,0,0,1,0,0,1,0,0,0,0,0,0,0,0,0,0,0,8,0,0,0,27,0,2,0,0,0,0,0,0,0,3,0,0,0,0,0,0,0,0,0,0,0,0,0,0,0,0,0,8,0,0,0,0,0,0,7,14,4,0,0,0,0,0,0,0,2,0,0,0,0,0,0,0,0,0,0,0,0,0,3,0,0,0,0,0,1,0,0,7,0,1,0,0,0,0,6,0,0,4,0,0,0,0,0,0,0,0,1,1,0,0,0,0,0,0,0,0,0,8,0,0,0,0,0,1,0,12,0,1,0,0,0,0,0,0,0,9,0,0,0,0,0,0,0,1,0,0,0,0,0,0,2,3,0,2,0,0,13,0,0,6,0,0,0,0,0,0,0,1,0,0,0,3,0,1,0,0,0,0,0,0,6,0,0,0,0,30,1,1,0,1,1,1,0,0,0,0,7,0,0,0,0,0,6,0,0,0,0,0,0,0,10,0,0,19,0,0,1,0,1,0,0,0,1,0,0,0,0,2,15,0,0,0,1,0,0,0,0,0,0,0,0,0,0,0,0,0,0
782,0,0,0,0,0,0,11,39,0,0,8,5,0,0,0,0,0,0,0,0,0,0,0,0,0,0,0,0,0,0,1,0,2,0,0,0,0,0,0,0,0,0,0,0,2,0,0,0,0,0,0,0,0,2,0,0,0,0,4,0,0,4,7,0,0,0,1,0,1,0,0,0,2,0,0,2,0,1,0,0,1,0,0,0,0,0,0,1,0,0,0,22,0,0,0,0,0,0,0,0,0,0,29,0,0,0,0,0,0,0,0,0,0,0,0,0,0,0,12,0,0,0,0,8,0,0,0,1,0,0,8,0,0,0,0,0,0,7,10,0,1,0,0,0,0,0,2,13,0,0,0,0,0,0,0,0,0,0,1,0,0,0,0,0,0,0,0,0,0,0,0,5,0,0,0,0,0,0,0,0,7,0,0,0,0,0,0,0,0,1,0,0,7,0,0,0,0,0,0,0,0,0,0,0,0,0,0,14,0,0,1,0,0,0,1,0,0,0,19,0,0,1,12,0,1,0,0,0,0,0,0,0,0,0,3,0,0,0,0,0,3,0,12,0,0,0,6,0,0,10,0,0,0,0,5,0,2,0,0,0,0,14,0,0,0,0,0,0,0,1,0,0,3,1,0,1,0,0,0,0,0,3,0,0,0,41,0,0,0,0,0,0,0,13,0,0,22,0,0,2,2,0,0,0,0,0,2,1,0,0,0,1,1,0,8,0,0,0,2,0,0,1,0,0,0,0,3,4,0,0
783,0,0,1,0,11,0,0,11,0,0,8,7,0,7,1,0,0,1,0,0,2,0,0,0,40,0,0,0,0,0,0,0,0,0,0,0,0,0,0,0,0,1,0,0,0,0,0,0,0,2,1,0,1,1,0,0,0,0,3,0,0,2,0,0,0,0,0,0,0,0,0,0,0,3,0,0,0,0,0,0,0,0,0,0,0,0,2,0,0,0,0,0,0,0,0,4,0,0,0,0,0,0,1,0,0,0,0,0,5,0,26,4,0,0,0,2,0,0,0,0,0,0,3,0,0,0,0,0,0,0,10,12,0,0,0,0,0,10,8,2,0,5,0,0,3,0,19,1,0,0,0,0,0,0,0,0,5,0,0,0,0,0,10,0,0,7,0,0,0,0,0,1,0,0,0,0,0,0,0,0,0,0,0,0,0,0,19,0,0,0,0,0,0,0,0,0,0,0,0,0,4,0,0,0,12,0,0,0,0,0,1,0,0,0,0,1,0,0,11,24,0,4,0,0,0,0,1,0,2,0,0,0,0,2,0,0,3,0,0,0,1,0,8,0,1,0,0,0,0,0,0,0,0,0,0,0,0,0,0,1,0,4,1,8,0,0,0,0,0,0,5,0,0,0,0,0,0,0,0,0,0,0,0,0,0,0,0,0,0,8,0,0,0,0,4,0,0,0,4,0,0,13,0,4,0,1,0,0,17,0,0,1,2,0,0,1,0,0,0,0,0,0,0,0,0,4,0,1,0,0
784,0,0,1,4,1,0,0,22,0,0,6,9,0,4,0,0,0,5,0,0,0,0,0,0,17,0,0,1,0,0,0,0,0,0,0,0,0,1,0,0,0,0,0,0,0,0,0,0,0,1,0,0,0,1,0,0,0,1,0,0,0,3,0,0,0,0,0,0,0,0,0,0,6,0,0,0,1,0,1,0,0,0,0,0,0,1,0,0,19,0,0,0,0,0,0,0,0,3,0,9,0,1,0,0,0,0,0,0,0,0,0,4,1,0,8,3,0,0,1,2,0,1,0,0,0,0,0,0,0,3,0,0,0,0,0,24,0,6,11,0,0,2,0,0,0,0,0,0,0,0,0,0,0,0,0,0,0,0,0,0,0,4,0,0,0,0,0,0,0,0,0,9,0,0,0,0,0,0,0,1,1,0,0,0,0,0,24,0,0,0,0,0,0,0,0,0,0,1,0,0,2,0,0,0,0,0,0,0,0,3,1,0,1,0,0,0,0,0,9,0,0,0,0,0,0,0,0,0,0,0,0,0,0,0,0,0,3,1,0,0,3,4,2,0,0,0,0,0,0,0,9,0,6,2,0,0,0,0,0,0,1,2,0,0,2,0,0,0,0,1,13,20,0,0,0,0,0,0,0,0,0,1,0,0,0,0,0,0,0,0,0,0,0,0,0,0,0,0,0,0,0,0,0,0,0,0,14,0,0,0,0,0,2,0,0,0,1,0,0,0,0,0,1,0,0,0,0,0,0,0
785,0,0,0,0,7,0,0,2,0,0,1,4,0,0,0,0,0,0,0,6,0,0,0,0,13,0,0,0,0,1,1,0,0,0,0,0,0,0,2,0,0,0,0,0,0,0,0,0,0,0,0,1,1,0,0,0,6,0,0,0,0,9,0,0,0,0,0,0,0,0,0,0,0,0,0,0,0,1,0,0,0,0,10,0,0,0,0,12,0,0,0,7,0,0,7,0,0,0,0,0,1,0,0,0,2,1,0,0,0,0,0,2,0,0,0,1,15,0,0,0,0,0,0,0,0,0,0,0,0,0,0,0,0,0,0,0,0,9,0,0,0,8,0,0,0,0,0,1,0,0,5,0,0,0,0,0,0,0,0,0,0,0,0,0,0,11,0,0,0,0,0,1,0,0,0,0,0,0,0,0,0,0,0,0,0,0,0,0,0,0,0,0,0,0,0,0,0,0,0,0,0,0,3,0,0,0,0,0,0,0,1,0,0,0,0,1,0,0,26,9,0,1,0,0,0,2,3,1,0,0,1,0,0,0,0,0,4,0,0,0,0,1,11,0,0,0,0,10,0,0,0,0,0,0,0,1,0,0,0,0,1,0,0,0,0,0,0,0,10,0,3,0,0,0,0,0,0,0,0,0,0,0,0,0,1,0,0,0,0,0,0,0,11,0,0,0,2,0,0,0,0,0,0,0,0,2,0,0,15,0,0,0,2,0,0,0,1,0,0,6,0,1,0,0,0,0,0,0,0,0
786,0,0,0,0,2,0,0,16,0,0,5,1,0,0,0,0,0,0,0,0,0,5,0,0,0,0,0,0,0,0,0,0,0,0,0,0,0,0,0,0,0,0,0,0,0,0,6,0,0,0,0,0,0,0,0,0,0,3,0,0,0,4,0,0,0,0,0,0,0,0,0,0,0,2,0,0,1,0,0,0,0,0,0,0,0,0,0,1,0,0,0,0,0,0,0,0,0,0,0,0,0,0,9,0,6,0,1,0,0,0,0,0,0,0,0,0,0,0,0,0,0,0,0,0,0,0,0,1,0,0,0,0,0,0,0,0,0,9,15,4,0,1,0,0,0,0,0,1,0,0,0,0,0,0,0,0,0,0,0,8,0,2,1,0,0,5,1,1,0,2,7,5,0,0,0,0,0,0,1,0,37,0,0,0,0,0,0,0,2,0,3,0,5,0,0,0,0,0,0,0,0,0,0,0,0,0,0,0,4,0,1,1,0,0,0,1,0,0,54,0,0,0,0,0,2,0,1,0,0,0,0,0,0,0,30,0,0,0,1,0,1,0,10,0,0,0,0,0,0,0,0,0,2,0,2,0,2,0,1,0,0,32,0,6,0,0,0,0,0,1,1,0,3,0,0,0,4,0,0,0,0,0,0,0,0,0,0,0,0,1,0,0,0,0,0,0,27,0,0,0,0,1,0,0,1,0,4,0,17,0,2,1,0,0,0,0,0,0,0,0,0,1,0,0,0,8,0,5,0,0
787,4,0,0,0,9,0,0,12,0,0,2,6,0,0,0,0,0,0,1,1,0,0,2,5,0,1,0,0,0,0,0,0,0,0,0,0,0,0,0,0,0,0,0,0,0,0,0,0,0,0,0,0,0,7,0,0,0,0,0,0,0,0,0,0,0,0,0,0,0,0,0,0,0,0,0,0,0,0,0,0,0,0,0,0,0,0,0,0,0,0,0,2,0,0,0,0,0,0,0,0,0,0,2,0,0,0,0,0,0,2,1,0,1,0,0,1,0,0,0,0,0,2,0,0,0,0,0,0,0,0,0,0,0,0,0,0,3,19,2,0,0,1,0,0,0,0,0,0,0,0,0,0,0,0,0,1,0,0,0,0,0,0,0,0,0,2,0,0,0,0,0,37,2,0,0,0,0,0,3,0,1,0,0,0,0,0,0,0,0,0,8,0,0,0,0,0,0,0,0,0,0,0,2,0,0,0,2,0,0,1,1,0,0,0,0,0,0,0,0,0,0,0,0,0,0,0,0,0,0,0,0,0,1,0,0,0,0,0,0,0,1,7,3,8,0,0,0,1,0,0,0,0,0,0,0,0,0,0,0,0,0,12,0,0,0,0,0,0,0,0,5,0,0,16,0,0,0,0,3,3,0,0,0,0,0,1,2,0,0,0,0,1,0,2,0,0,1,0,0,0,0,0,0,0,0,1,1,4,0,0,0,0,0,4,0,0,0,0,0,0,7,0,5,0,0,1,0,0,0,0
788,0,0,0,0,25,0,0,25,0,0,9,10,0,0,0,0,0,0,0,1,0,0,0,0,0,0,0,0,0,0,0,0,0,0,0,0,0,0,0,2,0,1,0,0,0,1,0,0,0,0,0,0,0,0,0,2,0,0,0,0,0,0,0,0,0,0,0,0,0,0,0,0,0,10,0,0,0,0,0,0,0,4,0,5,0,0,6,0,0,0,0,1,0,1,0,0,0,0,0,0,0,0,0,0,0,0,0,0,0,0,1,0,0,0,0,0,0,0,0,0,0,3,0,0,0,0,0,1,0,0,0,0,0,2,0,0,0,14,1,0,0,2,0,0,0,0,0,0,0,1,0,0,0,0,0,0,0,0,0,0,0,9,0,1,0,0,0,0,0,1,0,11,4,0,0,0,2,0,0,0,1,0,1,0,0,0,0,0,0,0,0,0,0,0,1,3,0,0,0,0,0,0,0,0,0,0,0,0,0,0,1,5,0,0,0,2,0,0,1,0,0,0,7,0,0,0,0,0,0,0,0,0,0,0,0,0,0,1,3,0,1,0,3,0,0,0,0,0,4,0,0,0,0,0,0,0,0,0,0,0,0,13,0,0,0,0,0,0,0,1,5,4,0,0,0,0,0,0,7,0,0,0,0,0,0,0,0,0,0,0,0,0,0,4,0,0,0,0,0,0,0,0,0,0,1,0,0,7,0,0,1,1,0,0,0,0,0,0,0,0,0,0,2,0,0,0,0,0,0,0
789,0,0,0,0,7,0,6,79,0,0,9,6,0,1,0,0,1,0,0,0,0,0,1,0,19,0,8,0,0,0,0,0,0,0,0,0,0,0,1,0,0,0,0,0,0,3,0,0,0,0,0,0,0,0,0,0,0,0,0,0,0,5,0,0,1,0,1,0,0,0,0,0,0,1,0,0,0,0,0,3,0,0,0,0,0,0,0,0,0,0,0,0,0,0,0,0,0,0,0,0,0,0,11,0,0,0,1,0,0,0,0,0,1,0,0,0,0,0,3,0,0,0,0,0,0,0,0,0,0,0,0,0,0,0,0,0,0,7,0,4,0,0,0,0,0,2,0,9,0,0,0,0,0,0,0,0,0,0,0,0,0,14,0,4,0,23,0,1,0,0,0,1,0,0,0,0,0,13,0,0,0,0,0,0,0,0,0,0,0,0,0,0,0,0,0,1,0,0,0,0,7,0,0,0,0,0,0,0,3,0,0,0,0,0,0,0,0,0,66,0,0,0,0,0,0,0,0,0,0,0,0,1,16,0,3,0,0,0,1,13,3,0,0,0,0,1,0,0,0,1,0,0,0,9,3,0,2,0,0,0,6,18,1,0,0,0,0,1,6,0,1,0,0,1,1,0,0,0,0,0,0,0,0,0,0,0,1,0,0,0,2,0,0,0,0,0,38,0,0,1,0,0,0,3,0,0,0,2,0,0,0,2,0,0,5,0,0,0,1,0,0,0,2,0,0,0,9,0,0,0
790,0,5,0,0,9,0,0,32,0,0,8,6,0,0,0,0,0,0,0,0,0,0,0,0,0,0,0,0,0,0,0,0,0,0,0,0,0,2,0,0,0,1,0,0,0,1,0,0,0,0,0,0,0,1,5,0,0,0,0,0,0,6,0,0,0,0,1,0,0,0,0,0,0,0,0,0,0,0,0,0,0,0,0,0,0,0,0,0,0,0,0,0,0,0,0,0,0,0,0,0,1,0,1,0,3,0,0,0,0,0,0,0,0,0,0,2,0,0,0,0,0,0,0,0,0,0,1,0,0,0,0,0,0,0,0,0,0,19,10,3,0,3,0,1,0,0,0,1,0,0,0,1,0,0,0,0,0,0,0,0,0,1,0,0,0,7,2,0,0,0,0,2,0,0,0,0,1,0,0,0,0,0,0,1,0,0,0,0,0,0,0,0,0,0,0,0,0,0,0,0,0,0,0,0,0,4,0,0,5,0,0,6,0,0,0,0,0,0,14,0,0,0,0,0,0,0,2,0,0,0,0,5,1,1,0,0,2,0,0,0,2,0,16,0,0,0,0,5,0,0,0,1,0,0,0,0,0,0,0,0,0,5,0,0,0,0,0,0,25,0,4,18,0,0,0,0,0,0,0,0,0,0,0,0,0,0,2,0,0,0,0,0,0,0,8,0,1,0,0,2,0,0,0,0,2,0,10,0,0,0,0,1,0,0,0,0,0,0,0,0,0,0,0,0,1,0,0,0,0,0
791,0,0,0,0,18,0,0,7,0,1,3,9,0,3,0,0,0,0,0,0,0,0,0,0,1,0,0,0,0,0,0,0,0,0,0,0,0,0,0,0,0,0,0,1,0,0,0,0,7,1,0,0,0,0,0,0,0,0,0,0,0,0,0,0,0,0,0,0,0,0,0,11,0,0,0,0,0,0,0,7,0,0,0,0,0,0,0,0,0,2,0,0,0,0,21,0,0,0,0,2,0,0,0,1,0,0,0,0,0,0,1,0,1,0,1,0,0,0,0,2,0,2,0,0,6,0,0,0,0,0,0,0,0,0,0,1,0,9,0,0,0,0,0,0,0,0,0,0,0,0,0,0,0,0,0,0,0,2,0,0,0,4,0,0,0,0,1,0,0,0,0,19,0,0,5,0,2,0,0,2,0,0,0,1,0,0,0,1,0,0,0,0,0,0,0,0,0,0,3,0,0,0,0,0,0,0,0,0,0,0,1,0,0,0,0,0,0,0,1,0,0,0,0,1,0,0,0,0,0,0,0,0,0,0,0,0,4,0,0,0,4,0,0,0,0,0,0,0,0,0,0,0,6,0,0,0,0,1,0,0,0,29,0,0,0,0,0,0,0,0,0,0,0,0,0,0,0,0,1,0,0,0,0,0,0,0,0,0,0,0,0,0,0,0,0,0,0,0,0,0,0,0,0,0,0,0,3,0,0,0,0,4,0,0,0,0,0,0,0,0,0,0,1,0,0,0,0,0,0,0
792,0,0,0,0,33,9,0,37,0,0,8,13,0,3,2,0,0,0,0,0,0,0,1,2,4,0,0,0,0,0,0,0,0,0,0,0,0,0,0,0,0,0,0,1,1,0,0,6,0,0,0,0,0,0,0,3,0,0,0,0,0,2,0,0,0,0,0,0,0,0,0,0,0,2,0,0,0,0,0,0,0,0,0,0,0,0,4,1,0,0,3,7,0,0,0,0,0,0,0,3,0,0,2,0,18,0,0,0,0,0,0,8,0,0,0,2,0,0,0,0,0,0,2,0,0,0,0,0,0,0,0,1,0,4,0,0,0,11,1,0,0,2,0,0,0,0,0,0,0,0,0,0,0,0,0,0,0,0,0,0,0,0,0,0,0,1,0,0,0,0,0,12,0,0,0,0,1,0,1,0,0,0,0,0,0,2,0,3,0,0,0,0,0,0,0,0,0,0,0,0,8,0,0,0,0,0,0,0,0,0,0,0,0,0,0,0,0,0,2,0,0,0,0,0,0,0,0,1,0,0,0,0,0,0,0,0,2,0,2,0,1,0,2,0,1,0,0,0,7,1,0,0,4,0,0,0,0,0,0,0,17,2,0,0,0,0,0,0,0,0,21,0,0,0,19,0,0,1,0,0,0,0,0,0,0,0,0,0,0,0,0,1,0,1,0,0,0,0,4,1,0,0,0,0,0,0,6,0,0,0,2,1,0,0,0,0,0,0,0,2,0,0,0,0,0,0,0,0,0,0
793,0,1,5,0,5,0,0,56,0,0,8,7,6,0,1,0,0,0,0,0,0,2,0,0,5,0,0,0,0,0,0,0,0,0,1,0,0,0,0,0,0,0,0,0,0,0,0,0,0,0,2,0,0,4,0,0,0,0,0,0,1,4,0,0,0,0,0,0,0,0,0,0,0,0,0,0,0,0,0,0,0,0,0,0,0,0,0,0,0,0,0,9,0,7,0,0,0,0,0,0,0,0,1,0,34,0,0,1,0,0,1,0,1,0,6,0,0,0,0,0,0,0,0,6,0,0,0,0,0,0,0,0,0,0,0,0,0,7,11,4,0,1,0,0,0,0,0,7,0,6,1,0,0,0,0,0,0,0,1,0,0,11,0,0,0,17,0,0,0,0,5,3,0,0,0,0,0,0,0,0,0,0,2,0,0,0,0,0,1,0,0,0,0,0,3,1,0,0,2,0,0,0,0,0,0,1,0,0,7,9,0,0,0,0,0,0,0,0,14,0,0,0,0,0,1,0,1,0,0,0,0,0,0,3,3,0,6,0,0,0,0,0,6,0,0,0,0,0,0,17,0,0,0,0,0,0,0,0,0,0,0,33,0,0,0,0,0,0,0,0,0,0,0,0,0,0,7,0,0,0,0,0,0,0,0,0,1,0,0,0,0,0,0,0,0,0,27,0,0,0,0,0,0,0,0,0,17,0,0,0,0,0,1,0,0,1,0,0,0,2,0,0,1,8,0,0,0,0,0,0
794,0,0,0,0,29,0,0,27,0,3,2,11,0,0,0,0,0,0,0,0,0,0,1,0,0,0,0,0,0,0,0,0,0,0,3,0,2,0,0,1,0,0,0,0,0,1,0,0,0,0,0,0,0,4,0,0,0,0,0,2,0,1,0,0,0,0,0,0,0,0,0,0,0,0,0,0,0,1,0,0,1,3,0,0,0,0,3,1,0,0,0,2,0,0,0,0,0,0,0,2,0,0,1,0,9,0,0,0,0,0,0,0,0,0,0,0,7,0,0,0,0,3,0,0,3,0,0,0,0,0,34,0,0,0,0,0,0,13,2,0,0,0,0,0,0,0,0,0,0,1,0,0,0,0,0,0,0,0,0,0,1,0,0,0,0,1,0,0,0,0,0,11,0,0,0,0,0,1,0,0,0,0,0,0,0,1,0,0,0,0,0,0,0,6,0,1,0,0,0,0,0,1,0,0,0,0,0,0,0,0,0,0,1,0,0,0,0,0,2,3,0,0,5,1,0,0,1,0,0,0,0,0,0,0,0,0,9,0,0,5,1,0,0,0,0,0,0,0,4,0,0,0,0,5,0,0,0,1,0,0,0,0,0,0,0,0,0,0,0,1,6,3,0,0,0,0,0,0,0,0,0,0,0,0,0,0,0,0,0,0,0,0,0,6,0,0,1,0,4,0,0,0,0,0,2,0,2,1,0,0,0,1,0,0,0,0,0,0,5,0,0,2,12,0,0,0,0,0,0,0
795,0,0,1,0,6,0,0,23,0,1,1,14,0,3,0,0,0,0,0,1,0,0,2,0,5,0,0,0,0,1,0,0,0,0,0,0,0,0,0,0,0,0,0,0,0,0,0,2,0,0,0,21,0,5,0,0,0,0,0,2,0,0,0,0,0,0,0,0,0,2,0,0,0,0,0,0,0,0,0,10,0,0,2,5,0,1,0,4,0,0,0,0,0,0,0,0,0,0,0,0,0,0,0,0,2,0,0,0,0,0,0,2,0,2,1,1,0,0,0,0,3,0,0,0,0,0,0,0,0,0,0,1,0,0,0,0,0,5,4,0,0,2,0,0,0,0,0,0,0,4,0,3,0,0,0,0,1,0,3,3,0,19,0,0,0,0,0,0,0,0,0,109,0,0,12,0,0,0,0,2,0,0,6,0,0,0,5,0,0,0,0,0,0,7,0,0,0,0,0,0,0,0,0,0,0,0,0,0,32,0,0,0,0,0,0,0,0,0,2,0,0,0,0,0,0,2,0,0,0,0,0,0,0,0,0,0,3,0,0,0,5,0,0,0,0,0,0,0,0,1,0,0,0,0,0,1,0,0,0,0,0,0,0,0,0,0,0,0,0,0,4,0,1,0,0,0,0,1,0,0,0,0,0,0,0,0,8,0,0,0,0,0,0,0,0,0,1,0,0,0,6,0,0,0,1,2,0,0,0,1,3,3,0,6,0,11,2,0,0,0,0,0,0,5,0,0,1,0,0,0
796,0,0,0,0,12,0,0,5,0,0,3,7,0,1,0,0,2,0,0,1,0,1,0,2,1,0,0,0,0,0,0,0,0,0,0,0,4,0,0,1,0,0,0,0,1,1,0,4,0,0,0,0,0,10,0,0,0,0,0,0,0,4,0,0,0,0,0,0,0,0,0,0,0,0,0,8,0,0,0,0,0,0,0,0,0,0,0,0,8,0,0,3,0,0,0,0,0,0,0,0,0,0,4,0,2,1,0,0,0,0,2,6,0,2,0,1,0,0,0,0,2,0,0,2,0,0,0,0,0,0,0,0,0,0,0,0,4,3,4,0,0,1,0,0,0,0,0,1,0,0,0,0,0,0,0,0,0,0,0,0,0,5,0,0,0,1,0,0,0,0,0,68,0,0,0,0,0,0,0,0,0,0,6,0,0,1,0,0,0,0,0,0,0,0,0,0,0,0,0,0,0,1,2,0,0,0,0,0,0,2,0,0,1,0,0,3,0,0,2,0,0,0,0,0,0,0,1,0,0,0,0,0,0,0,0,0,0,0,8,4,2,0,1,0,0,0,0,0,0,0,0,0,8,0,0,0,0,0,0,0,0,6,0,0,0,0,0,0,0,1,4,9,0,0,0,0,0,0,0,0,0,0,0,0,0,0,0,0,0,1,0,0,5,2,0,0,0,0,0,0,0,0,0,0,0,0,3,0,0,0,0,2,0,0,0,8,0,1,0,0,0,1,0,9,0,0,0,0,0,0
797,0,0,0,5,15,0,0,0,0,0,1,0,0,0,0,0,0,0,0,0,0,0,0,11,2,0,0,0,0,0,0,0,0,0,0,0,0,0,4,2,0,0,0,0,1,0,0,3,0,0,0,9,0,2,0,0,0,0,34,0,0,2,0,0,0,0,0,0,0,0,0,8,0,10,0,3,0,0,0,0,0,9,0,0,0,0,0,0,0,5,0,2,3,0,0,2,0,0,0,0,0,0,3,0,8,0,0,0,0,0,0,0,0,0,1,0,0,0,0,0,0,0,0,0,0,0,0,0,0,0,0,0,0,0,0,0,5,10,0,0,4,0,0,2,0,0,0,0,0,0,1,0,0,0,0,0,0,0,3,0,0,3,0,0,0,0,0,0,0,0,0,106,0,0,0,0,1,0,0,0,0,0,0,0,0,0,0,0,0,0,0,0,0,0,0,0,0,0,0,0,0,0,0,0,0,0,0,0,0,0,0,10,0,0,0,1,0,0,0,0,0,0,0,0,0,0,2,0,0,0,0,0,0,0,0,0,2,0,0,0,3,0,0,0,0,0,0,0,0,2,0,0,0,0,0,0,0,2,0,2,0,29,0,0,0,0,0,0,0,0,3,0,0,5,0,0,0,0,0,0,0,0,0,1,0,0,3,0,0,0,0,0,0,0,0,0,0,0,0,0,0,0,0,0,0,0,0,2,0,0,0,0,2,0,0,0,0,0,0,0,0,0,14,3,0,0,0,0,0,0
798,0,0,0,0,54,14,0,55,0,0,2,0,1,6,0,1,0,0,0,0,0,0,1,0,0,0,0,0,0,0,0,0,0,0,7,0,0,0,0,0,0,0,0,0,0,0,0,0,0,0,0,0,0,0,0,0,0,0,0,0,0,9,0,0,0,0,0,0,0,0,0,0,0,0,0,0,0,0,0,14,0,0,0,0,0,0,0,0,0,1,0,0,0,0,0,0,0,1,0,0,0,0,4,0,0,0,0,1,0,0,0,1,2,0,0,0,0,0,0,0,3,0,0,0,0,0,0,0,0,18,0,0,0,0,0,1,0,3,0,0,3,1,0,0,0,1,0,0,0,0,1,0,0,0,0,1,3,0,0,6,0,5,0,0,0,0,0,0,0,0,0,19,0,0,0,0,2,0,0,3,0,0,0,2,0,0,8,0,0,0,0,0,0,0,0,0,0,0,0,0,0,0,2,0,0,0,3,0,0,1,1,18,0,0,0,0,0,0,2,0,3,1,0,0,0,0,0,0,0,0,0,0,0,0,0,0,11,0,9,0,9,0,6,0,0,0,0,0,0,0,0,0,0,0,0,0,0,2,0,0,0,1,0,0,1,0,0,0,0,1,5,0,0,0,9,0,0,0,3,2,0,0,0,0,0,0,0,0,0,0,0,0,0,2,0,0,0,0,13,0,0,0,1,0,0,0,2,0,0,0,0,1,0,9,0,0,0,1,0,0,1,1,0,0,0,0,0,0,0,0
799,0,0,0,0,17,0,0,55,0,0,1,22,0,1,2,0,0,0,0,0,1,0,1,0,7,1,1,0,1,0,0,0,0,0,0,0,0,0,0,0,0,0,0,0,0,0,0,0,0,0,0,0,0,1,0,0,0,0,0,1,0,1,1,0,0,0,0,0,0,6,0,0,0,0,0,2,1,2,0,0,0,0,0,0,0,0,0,0,0,0,0,0,1,0,11,0,0,0,0,0,0,0,0,0,8,0,0,0,0,0,0,3,0,0,0,0,0,0,0,0,2,0,0,0,0,0,0,1,0,0,38,0,0,1,0,0,1,6,0,0,3,2,0,0,0,0,10,0,0,0,1,0,0,0,0,0,0,0,3,0,0,18,0,0,0,0,0,0,0,0,0,14,0,0,0,0,4,0,0,0,0,1,0,0,0,0,0,0,0,0,0,0,0,0,0,0,0,0,0,0,0,0,0,0,0,0,0,0,0,0,1,0,0,0,0,0,0,3,2,0,0,1,0,0,0,0,0,0,0,0,0,0,0,0,0,0,3,0,0,9,6,0,3,13,0,0,0,0,4,0,0,0,5,0,2,0,0,0,0,10,0,0,0,10,0,1,0,0,0,0,2,0,0,4,0,0,0,0,2,0,0,3,0,0,0,1,17,0,0,0,0,0,0,1,0,0,0,0,0,0,0,0,0,0,0,1,0,2,0,0,0,1,0,0,0,2,0,0,0,0,0,1,0,0,0,0,0,0,0,0
800,0,0,2,0,4,0,0,7,0,0,1,16,0,0,0,0,0,0,0,1,0,0,0,0,34,0,4,0,0,0,0,0,0,0,1,0,0,0,0,0,0,0,0,0,0,0,6,0,0,0,0,1,0,0,0,0,1,0,0,0,0,4,0,0,0,0,2,0,0,0,0,0,0,0,0,0,1,0,0,0,0,0,0,2,0,9,0,0,0,0,0,0,0,0,0,0,0,0,0,15,0,0,11,0,14,0,0,0,0,0,0,0,0,0,0,0,0,0,0,0,5,0,0,4,0,0,0,1,0,0,0,0,0,0,0,0,0,3,0,0,0,1,0,0,0,0,5,2,0,2,0,0,0,0,0,0,0,0,0,0,0,3,1,2,0,7,0,0,0,0,0,4,0,0,0,0,0,12,0,0,0,0,0,0,0,0,0,0,0,0,0,0,0,0,0,0,0,0,0,0,0,0,0,0,0,0,0,0,0,0,4,0,0,2,0,0,0,0,5,0,0,0,0,0,3,0,2,0,0,1,0,1,0,0,2,0,4,0,0,9,2,0,3,0,0,0,0,0,0,0,0,0,0,0,0,0,0,0,2,1,0,13,0,0,0,0,0,0,0,1,1,0,0,0,0,0,0,0,0,0,0,0,0,0,0,0,1,0,0,0,0,0,0,8,0,0,0,0,0,0,0,0,0,0,0,0,0,2,0,0,0,0,0,1,0,0,0,0,0,4,1,0,0,0,0,0,4,0,0,0
