cell1_type5_2,cell5_type5_2,cell7_type5_3,cell8_type4_1,cell10_type4_1,cell12_type4_1,cell19_type4_1,cell27_type5_3,cell28_type5_3,cell30_type5_2,cell36_type4_1,cell38_type5_2,cell39_type4_1,cell40_type5_2,cell45_type5_2,cell46_type5_2,cell47_type4_1,cell50_type4_1,cell58_type5_2,cell63_type4_1,cell65_type5_2,cell67_type5_2,cell69_type5_3,cell75_type4_1,cell79_type5_3,cell80_type5_3,cell82_type5_2,cell93_type5_2,cell103_type4_1,cell104_type5_3,cell106_type4_1,cell113_type4_1,cell114_type4_1,cell115_type5_2,cell116_type4_1,cell126_type4_1,cell127_type5_3,cell132_type4_1,cell133_type4_1,cell138_type4_1,cell139_type4_1,cell140_type4_1,cell141_type4_1,cell143_type5_2,cell145_type5_3,cell148_type4_1,cell149_type4_1,cell150_type5_2,cell151_type5_2,cell152_type5_3,cell153_type5_3,cell155_type5_2,cell157_type5_3,cell159_type5_2,cell161_type5_3,cell168_type4_1,cell169_type4_1,cell170_type5_3,cell174_type5_2,cell175_type5_2,cell181_type5_2,cell183_type5_2,cell194_type4_1,cell196_type5_3,cell197_type4_1,cell199_type5_3,cell203_type5_2,cell211_type5_2,cell216_type4_1,cell218_type5_2,cell223_type5_2,cell229_type5_2,cell230_type4_1,cell232_type5_3,cell236_type5_3,cell239_type4_1,cell241_type5_3,cell242_type4_1,cell246_type5_2,cell253_type5_3,cell255_type5_2,cell257_type5_3,cell258_type5_3,cell261_type4_1,cell263_type4_1,cell264_type5_3,cell266_type4_1,cell269_type4_1,cell270_type5_3,cell272_type5_3,cell274_type5_3,cell275_type5_2,cell280_type5_3,cell281_type4_1,cell282_type5_3,cell283_type5_2,cell285_type4_1,cell289_type5_3,cell294_type5_3,cell297_type5_3,cell299_type4_1,cell300_type5_2,cell301_type5_2,cell304_type5_3,cell305_type4_1,cell311_type4_1,cell313_type4_1,cell315_type4_1,cell317_type5_3,cell318_type5_3,cell321_type5_3,cell323_type5_2,cell326_type4_1,cell330_type5_2,cell333_type4_1,cell334_type5_2,cell337_type4_1,cell338_type5_2,cell340_type5_2,cell342_type4_1,cell345_type4_1,cell346_type4_1,cell347_type4_1,cell349_type5_2,cell350_type5_3,cell353_type4_1,cell358_type5_3,cell360_type5_2,cell361_type4_1,cell362_type5_3,cell368_type5_3,cell369_type4_1,cell372_type5_3,cell373_type5_3,cell375_type5_3,cell376_type5_3,cell381_type5_3,cell384_type4_1,cell385_type4_1,cell386_type5_2,cell390_type4_1,cell396_type5_3,cell400_type5_2,cell403_type4_5,cell404_type4_1,cell411_type4_5,cell413_type4_1,cell422_type4_5,cell423_type4_1,cell424_type4_5,cell425_type4_1,cell426_type4_1,cell439_type4_5,cell443_type4_5,cell444_type4_5,cell445_type4_1,cell446_type4_5,cell451_type4_1,cell452_type4_5,cell455_type4_5,cell457_type4_5,cell460_type4_5,cell461_type4_1,cell470_type4_5,cell471_type4_1,cell478_type4_5,cell480_type4_5,cell481_type4_5,cell487_type4_5,cell490_type4_1,cell491_type4_5,cell492_type4_5,cell495_type4_5,cell500_type4_1,cell501_type4_5,cell504_type4_1,cell506_type4_1,cell507_type4_5,cell508_type4_5,cell511_type4_1,cell512_type4_5,cell514_type4_5,cell516_type4_5,cell517_type4_5,cell519_type4_5,cell521_type4_1,cell524_type4_1,cell527_type4_5,cell528_type4_5,cell529_type4_5,cell533_type4_5,cell539_type4_5,cell545_type4_1,cell549_type4_5,cell550_type4_5,cell554_type4_5,cell555_type4_1,cell556_type4_1,cell560_type4_5,cell565_type4_1,cell568_type4_5,cell571_type4_1,cell575_type4_5,cell578_type4_5,cell582_type4_5,cell586_type4_1,cell589_type4_5,cell592_type4_5,cell596_type4_1,cell597_type4_1,cell599_type4_1,cell600_type4_5,cell611_type4_5,cell613_type4_5,cell614_type4_5,cell615_type4_5,cell617_type4_5,cell618_type4_1,cell628_type4_1,cell631_type4_5,cell634_type4_1,cell636_type4_5,cell638_type4_5,cell640_type4_5,cell643_type4_5,cell645_type4_1,cell646_type4_5,cell647_type4_1,cell649_type4_1,cell651_type4_5,cell654_type4_5,cell655_type4_5,cell661_type4_1,cell664_type4_1,cell665_type4_1,cell666_type4_5,cell670_type4_1,cell672_type4_5,cell673_type4_5,cell676_type4_1,cell677_type4_1,cell678_type4_5,cell680_type4_5,cell681_type4_5,cell686_type4_1,cell690_type4_1,cell692_type4_5,cell695_type4_5,cell697_type4_1,cell698_type4_5,cell704_type4_5,cell705_type4_5,cell707_type4_5,cell710_type4_5,cell715_type4_1,cell717_type4_5,cell722_type4_5,cell725_type4_1,cell726_type4_1,cell727_type4_1,cell729_type4_5,cell732_type4_5,cell734_type4_5,cell735_type4_1,cell739_type4_1,cell741_type4_1,cell742_type4_5,cell743_type4_5,cell746_type4_5,cell750_type4_5,cell751_type4_5,cell760_type4_1,cell761_type4_5,cell762_type4_1,cell765_type4_5,cell766_type4_5,cell770_type4_1,cell771_type4_5,cell772_type4_5,cell775_type4_5,cell779_type4_5,cell780_type4_1,cell786_type4_5,cell787_type4_1,cell788_type4_1,cell789_type4_5,cell792_type4_5,cell793_type4_1,cell795_type4_5,cell796_type4_5
0.0102646240586602,0,0,0.00267928949028278,0.00562690491886189,0.00432858460541607,0.00655028759688778,0,0,0.0236197202746189,0,0.0166281945726801,0.00600766624313112,0.00808537988096436,0.00591027485288241,0.0175473817506577,0.00492175393181295,0.00933339988112876,0.00561016652715251,0.0134777344587474,0.00504009059944793,0.00597463854903637,0.0073985216853154,0.00542677318968634,0,0.0103898190188167,0.000158343952891672,0.0120666326942243,0.0203390998662735,0,0,0,0.000382836635430823,0,0.000492480432697398,0,0,0.0106818594132346,0,0.00488930101368645,0,0,0.0141547909395881,0.00927685878817758,0.000814382591562628,0.0158601929008623,0.00492826529676789,0,0.00653607198554017,0,0,0,0,0.00830382324674529,0.00216445585320887,0.0067163378998556,0.00696715865806629,0,0.0047305044124113,0.00524540114372162,0.00758581201368062,0.0146916307562527,0,0,0.0190886790214057,0,0.0039574743319754,0.0049909061325837,0.00788674947714643,0.00554320252261288,0.00125991208438519,0.00645440128831208,0,0,0,0.00802061429763259,0,0.00826311920066995,0.00776927711393132,0,0.0180947613445045,0.00871529535234262,0,0,0.00307321003510707,0.000585201534780886,0,0.00520971584360022,0,0,0.0160076091425722,0,0.0124602784957899,0.00493734494419623,0.00912196050600602,0.0168374630605197,0.0137787791295114,0.00352173460834988,0.00476411520439417,0,0,0.00883711717096473,0,0,0.00367825215962378,0.00262481060028763,0.00439430173107918,0.0049606773715352,0.00638620344612986,0,0,0,0.00841084070318045,0,0.00603816224073451,0.00499167544517008,0,0,0.00576886072584631,0,0,0,0.00078827031255131,0,0,0.00454304067805628,0.0246159651099748,0,0,0.0139665879743225,0,0.0115057723820173,0.00120542938314414,0,0,0.0063140066008668,0.00530110800795776,0,0,0,0.000733461439997251,0,0.0193996641602248,0,0,0.00975545147715661,0,0.00741830890524188,0,0.00387308534579792,0.00298342150015824,0,0,0.0176569806505062,0.00379375149422598,0,0.015839629688217,0,0.00210550345508124,0.0028997319778054,0,0.0083528532589023,0,0,0,0,0.00713450228638088,0,0,0,0.00542109618268145,0.00967437923470717,0.00812581838615298,0.00942319873598614,0.0122304466712531,0,0,0,0,0,0.00816617324143491,0,0,0,0,0,0.0100695318836841,0.00370984997245938,0.00581854412373595,0,0.00329271081335798,0.00983858248151531,0,0.00596673117196301,0.000744122289144075,0.00224479307623134,0,0,0.0143247968100223,0.00852373217457706,0.0432801010397313,0,0.000405855292862068,0.00980252816138389,0,0.00664932311027817,0,0.00707872988619783,0,0,0,0,0.00276532022895935,0,0.0149345450715608,0.0109767944212864,0,0,0,0.00959650661650235,0,0.0264323991358747,0.0100349776925169,0.0283312666246352,0.0111604316110202,0,0.000160308105416593,0.00668877651666917,0.0116809622267273,0.000613193201554064,0,0,0,0,0,0,0.0075426287509416,2.08290212991947e-06,0.0642257816337355,0,0.0060687531207127,0,0.0314091597403688,0,0.0039390263575939,0.0111821278435534,0.00249219708248694,0,0,0,0.0248384563903457,0.00731456569073169,0.000511848795445064,0,0.0075788677532551,0.00816305017950407,0,0,0.00239879750536975,0,0.00252627464239142,0.020679318081343,0,0,0.00243376375632352,0,0,0.00628191438423898,0,0.018295958315153,0,0.0201539638520122,0.0116878358930818,0,0.0145964156160964,0,0.00867964934929849,0,0.0121671707716613,0,0.0121182910090043,0,0,0,0.00864886537046146,0.00532029663314164,0.00805523018196394,0.0051066333974289,0,0.0052017971791832
0.0466380333387019,0.0259563374743772,0.0148631578695925,0.00531052264974929,0.00711488916432286,0.0151745114660389,0.0474566763397571,0.0125099534581559,0.00351471960917664,0.0152242689004207,0.0317436552327942,0.0122576258084387,0.0382024994744756,0.0318527926252039,0.0110879274687091,0.0119186210388802,0.0188053649780549,0.0285259908078016,0.00347439105184563,0,0.0337651163073764,0.0109154895675403,0.0207618593157339,0.0328336618428256,0.00880905411458006,0.0573033804019582,0.0239337271134181,0.0204277589396239,0.0133908945040204,0.0288055468829611,0,0.014001828275249,0.0135730864246743,0.0190599631332201,0.00232224445150492,0,0.00645984402349907,0.0242437178817067,0,0.00689141682048411,0,0,0.00619780514977037,0.0629681778316962,0.00365650440560512,0,0.00961591877220114,0,0.0228677606624922,0.0158575769217324,0.0442697447031205,0.0279191152047412,0.0301743017776654,0.0441278990835105,0.0104026042799674,0.0234903026615171,0,0,0.0246594388421944,0.0161618667719875,0.00548900693142112,0.0181030620404071,0.0312022255472581,0.0270161834576425,0,0.00440991396885957,0.0476593250533956,0.0382476503464134,0,0.0363252322498763,0.00608101846491705,0.0280187082191355,0,0.0443374079006544,0.0300993506147415,0.0122722090455285,0.0174316554811851,0,0.0149247023505954,0.0161675067156755,0.0356126335717612,0.0136201501112223,0.056163234501675,0.00804255113640055,0.00233938548564674,0.0310352374796033,0.0176251005798303,0.0221927356515958,0,0.0144397354362515,0.0225075227141712,0.0575195029231886,0.0135865982304419,0.00968677028314188,0.034233563567309,0.0165871132524092,0.0133241685034591,0.00338098781843177,0.0236592277668555,0.0399699359978287,0.030895733033982,0.0443823356782871,0.0364152627192804,0.0358542748448116,0.00277435944802725,0.014844703703782,0.0325036602919966,0,0.0490859601535398,0.0115504321909345,0.0458780469626198,0.0127693208149175,0.000445867051101626,0.019761240709248,0.000962809727177164,0.0258162949872472,0.0133063305307321,0.00214522588344838,0.00871080972246968,0,0.0202976092978316,0,0.00795942085698106,0,0.0352520988049151,0.0116330421866857,0.0178118127654948,0.0238636653177219,0.0694085848660554,0.031617615323444,0.0132350662686954,0.0235452655946031,0.00783524891305376,0.0362848167764725,0.0167462107718992,0,0.0459767097792044,0.0015566149359764,0.041941695100844,0.0183727046723848,0.0139150541961132,0.0194329530884108,0.0097529728416775,0.0436272192476883,0.0132990094746764,0.0194566669284925,0.0156292382911532,0.00295858626884574,0.0419099664355415,0.031700417993116,0.0515384296909517,0.00568367118412526,0.00102175446064423,0,0.0301540936884457,0.0299880804797896,0.0135297258687681,0.0175877207394835,0.0155598375145402,0,0.0135772462829991,0.00238745415572252,0.00773404155340193,0.00175274803933702,0.0289422741488892,0.043289584862002,0.0046497182247884,0.0171456976181986,0.0180398888322214,0.00575194904681806,0,0.0226340959295687,0,0.0081145029530785,0.0261787857141712,0.0216127380929643,0.00212767064941893,0.000300456089067329,0.00162224812954136,0,0.000891329455930994,0.00552193744277983,0.00287296909436948,0.01336799461665,0.0443706269958711,0.00881739132570748,0.01872279344563,0.00468299974006404,0,0.0198217272612751,0.0188718771317944,1.73162841601704e-05,0.0136417149329926,0.0110080425145791,0.0238986805100557,0.0334823507693458,0.00633113910707041,0,0.0168198022077552,0.0168580137635035,0,0.023915259480287,0.0472556015298884,0,0.0029895718100651,0,0,0.000350353598535457,0.00781910241437475,0.0227755010366141,0.0334240713741659,0,0.0259337180444081,0,0.00655671349636753,0,0,0.0307519441315335,0.00282369472620194,0.000307285011989026,0,0.00101986172255281,0,0.0104651892834771,0,0.00643553869391624,0.0214240096655498,0,0.0053724417247629,0,0,8.32651841513565e-05,0.00652661372195376,0.0126408984304242,0.0404075569169151,0,0.00925112471848319,0.0189138098767002,0,0.0235287850368117,0.00951913237548574,0.00888792674564227,0.0188289116926275,0.0117569885835582,0,0.0411996692838705,0,0.00116214889542092,0.0288850034445092,0.0022117557340429,0,0,0.0170248185537298,0,0,0,0.00844007951474436,0.0129238605062614,0,0.00139989847488042,0.00462364233259058,0.0126725338456964,0,0.00406617344497763,0.0135715801522129,0.0173403510718616,0,0.014958506874772,0,0,0,0,0.00303678361199372,0,0.00242858128251747,0,0,0.0062971896180774,0.00815455620680974,0.0114190539744762,0.0142830535100182,0.0114707401922001,0.0326610174272335,0,0.0269548205892405,0,0.0128821823796635,0,0,0
0,0.0156844585014745,0.0360943232735909,0.0120952619067975,0.0281526602851781,0.00743614679650371,0,0.00498151835159415,0.0397718746641289,0,0.00246864630069759,0.00839735222940733,0,0,0,0,0,0,0,0.0696896577123989,0.00310159561306591,0.0099594278014227,0.0142695209269954,0,0,0,0.0100704221811949,0,0,0.00902128969881223,0,0.00662354671579165,0,0.021835756562921,0.00782711780025731,0.00260121543954032,0.0012166844142799,0,0,0.0369973825493017,0,0,0,0.000722851280286577,0.000152664622813284,0.00334257106467452,0,7.18157568382534e-05,0,0.00142355325276034,0.00182396316662672,0.0528799990536064,0.0528414528728204,0.00255188143059985,0.0103515821015794,0,0.0333639429442531,0.00696485252228461,0,0.00957243224484178,0,0,0.0175229420881155,0,0.0040632032451366,0.0533036759664628,0,0.0334137075744894,0,0,0,0,0.035762268519513,0.00412789799429883,0,0,0.0248758698674105,0,0.00142395163589441,0.000565837922887477,0,0.00322003885713583,0.00176931516568248,0.0258452268077971,0.000479842687270498,0.0146579054915527,0.000752590446604937,0,0.0507136898561035,0.00587827574633475,0,0.00237711579380938,0.00778964392080011,0.000171345573166695,0.0013397216276625,0,0,0.00206041483397253,0,4.31923724659022e-05,0,0,0,0,0,0,0.00305991429936081,0,0,0,0.0184751784417569,0.0488731960230449,0,0,0,0,0,0.00178699685745834,4.8598937804226e-05,0,0,0.0366117018492807,0.00582076076265282,0,0.0598869986815367,0.013803468555735,0,0,0,0.0049698236359162,0,0,0,0,0,0.00141247433662753,0.0339997881072005,0,0,0.0300418273465254,0,0.00552437449826925,0.00402284737943373,0.00423438680119965,0.0491083872649255,0,0.000107483188689623,0.0618376572931048,0.00115793717701918,0,0.00342375890989546,0.00450996530671315,0.00702526781593347,0.0465559280518209,0.0227090882737761,0.00836945774364952,0,0,0.117334891796806,0,0.0059177363642531,0.000811426681786493,0.108192592130064,0.0530894794540551,0,0.00512404461835164,0,0.00123024294131371,0.0346096506383796,0.00295949471449647,0,0.0119502363795733,0,0.0558370254840452,0.0132024068211075,0.00756644184113531,0,0.013783114313668,0.00234771535166922,0.0106082443308679,0,0.00568307458535815,0.00978816896770853,0.000336337080751114,0.000998009509679584,0,0.0456630310271129,0,0,0,0,0,0.00501741601046717,0,0.00219006735264383,0,0,0.0392770853999159,0.000949614266903775,0,0,0.0462602512387903,0,0,0.0011577631159518,0.0114973720319527,0.00347856234631506,0.00558022402009406,0.00158922192811262,0,0,0.0207397118523333,0,0,0,0.00358400521103932,0,0,0,0,0.00691128294075295,0,8.10052427723368e-05,0,0,0,0.00133140802062939,0,0,0.0610929211454678,0,0,0,0.00322557868737943,0.00306470780865903,0.00825859810037706,0.0196848726020772,0,0.104566535718747,0,0,0,0.0161847858368522,0,0,0.0354385087850332,0,0,0.0396273123010154,4.61571507749554e-05,0.00422573676447976,0.00258012781791745,0,0.00196857211919248,0,0.0215567603456161,0,0,0.00409165991128455,0.00312428181834893,0,0.000264757246309981,0.00658941771052202,0,0,0,0.00334816724722056,0,0.00498768321577466,0.0252047089636056,0,0,0,0,0,0,0,0.00395946354856015,0,0,0,0,0.0292229163181315,0.00075614010444536,0,0.154596813481425,0,0,0,0
0,0,0.00222523920306621,0.0327539761231172,0.05847935470728,0.0175924097468454,0.0286036629208815,0.00802890160412344,0.00166778652940525,0,0.0456992992599086,0,0.0433143769883556,0,0,0,0.0369375420936354,0.0377299195503975,0,0.00555201984331492,0,0.0119320457732368,0,0.0336074141850397,0.0236491936829211,0,0.00521203054931654,0,0.0284873877429454,0.00121840822932756,0.0208254361246609,0.0332927481016423,0.0213190117617348,0,0.0411592646411695,0.0198760378955739,0.00408155402091815,0.0272461090828239,0.0529828170851753,0.0636222149108191,0.0623711744792498,0.0453763500628075,0.0199970146346225,0,0.00242152438335739,0.0327201364943847,0.0328921424497398,0.00324967227562883,0.00594028217450214,0,0,0,0,0,0,0.0163946406915575,0.0679270348971971,0,0.000379852715610972,0.00643880572802552,0,0,0.0245070516791904,0,0.0940580260218013,0,0,0.00766857997018741,0.0641434785460054,0,0.00808137944144352,0,0.048738827572809,0.0112621502417081,0,0.022975493641988,0,0.0240833767825239,0.00223453206218017,0,0,0,0.00732722950059944,0.0320071960679545,0.0360209677157984,0,0.0225911007096815,0.0286568361990165,0.00238524241229613,0,0.0161287939840372,0.002269125198572,0.0163163613428475,0.019868694954252,0,0,0.035276902120949,0.00640762256455099,0.00384121978525677,0.00882538019936404,0.0397813087333888,0,0,0.00772223588239769,0.0514255888730114,0.019113933041175,0.0186352418015364,0.0142310650120383,0.00378315865715009,0,0,0,0.049443727085522,0,0.0592525359667018,3.41106232893553e-06,0.0160930489329759,0,0,0.0821233296166778,0.0421763303947149,0.0356043491653064,0.0365327514440324,0,0.00182184249859735,0.0139089666473171,0,0,0.0122368039469641,0,0,0.0203069391299694,0,0,0,0,0,0.0201218160212427,0.0601109179048748,0,0.0149327218200026,0,0.0275824291087554,0.00719075813740779,0.0188944403856383,0,0.0343749474039942,0.00856036041881786,0.0365605190846256,0.0104844949855968,0.0250384651648513,0.0431924412541345,0.0062686271103439,0,0,0.023333905373303,0,0.00945050119109935,0,0.00187142813945752,0,0.00355717674885352,0.0123158097085568,0.00525684666164305,0.0364661133444336,0.00789678166665004,0.00138223307579714,0.0155110518608757,0.00978605947806851,0.0333196025775665,0.0198900261776864,0.00401181901821593,0,0.0223172030160485,0,0,0.0140577433888229,0.00739269738562161,0,0.0150058681992166,0.0134947083684917,0,0,0.000480144751030001,0,0.000619414666114317,0.0318057105781675,0,0,0.000167974359324513,0.010459209158683,0,0.0191492233202572,0.0136726252268609,0.000790807717634154,0.000640105986651329,0.033488758784455,0.0272191714067718,0.00119329922579699,0.0291413074271979,0,0.00814481567433947,0,0.0042049525526229,0.00245315072328579,0.00699605043039049,0,0.0126460368194892,0.0137011531297341,0.0212086703122751,0.0117092020955836,0.0322083316183676,0,0.00960135318494678,0.0116450112105249,0,0.00882205834192975,0.0249260955429883,0,0,0.0217031665046198,0.000824418079320447,0.0062559729124898,0,0.00736091386707404,0.016880579881348,0.019101625919372,0,0.0119619011450271,0,0.0133759052524273,0,0.0176961835443372,0.00721543993483262,0.0232966202861779,0.0142627355327172,0.0197810062933043,0.00097406521387132,0,0.022805144782446,0.0198358018420871,0,0,0,0.0116270918892078,0.0194403626547644,0.00786739781307224,0,0.0425593783572666,0.00974052148828733,0,0,0,0.00183283777845394,0.000590437353989263,0.00424439207874886,0.00493143944988352,0.040848097774522,0.0526415534636379,0.021908632138754,0.00312606578188366,0,0.0082766471370096,0.00549528979290659,0.0031752275136781,0.0390434054651514,0.00716209584588566,0.00733585979028132,0.0295597023931644,0.0145369102432957,0,0,0,0.0255989832775791,0.00710744955603781,0.00700017705876412,0,0.0272724856741453,0.0122795274234056,0.0327965273551173,0.00167515377887279,0.0334966517408672,0.00907866899858367,0.00402361147569837,0.0169156683454299,0,0,0.0206365528411678,0.00131135118952016,0
0,0.00344469774059341,0,0,0.0283857501429754,0.000254494194634168,0.00887507639504502,0,0.00135051320035543,0.00777585476379618,0.000781223125623047,0,0.00187566196965913,0,0,0,0,0.000644546821094676,0,0,0.00473054803130591,0,0.0157461583974901,0,0,0,0,0.00613898491499524,0,0.0157611721817814,0.010757821839983,0,0,0,0.0118439401938164,0,0.0066677945963964,0.000856632858168784,0,0,0,0,0.0141874037330318,0,0.00194636513346467,0,0.0178197984819918,0.000968348734008631,0,0,0,0,0,0,0,0.0030846604920257,0.00048417310397211,0,0,0.0043195645530001,0,0,0.00916786392097972,0,0,0,0,0,0,0,0,0,0,0.0170335458312871,0,0.005842345860741,0,0,0,0,0,0,0,0,0,0,0,0,0.000912238269976684,7.02148157056536e-05,0.000122428648527567,0,0,0,0,0,0,0.00080326432910241,0,0.00257003592127499,0,0.000774223397967823,0,0,0,0,0.000429970320296047,0,0.000249418637097049,0,0,0,0,0,0.00666602113864794,0,0,0.00345296159186245,0,0,0,0,0,0,0,0,0,0,0,0,0,0.00858916525208079,0,0,0.00252142009330972,0,0,0,0,0.00279044034863967,0,0.00082522815511973,0,0,0,0.00437595311564329,0,0,0,0,0,0,0,0,0,0,0,0.0143944862594736,0.000614537070647286,0,0,0,0,0.00272468009272244,0,0.000581388528337142,0.000937867647569687,0.00205337017682849,0,9.26787010593818e-05,0,0,0,0,0,0.00328221108648895,0.00943540191251513,0,0,0.000762242999952653,0.000358520099508383,0,0,0,0,0,0.000427009687974803,0.00142577890113243,0,0,0.00314736898655291,0,0.000651329280630316,0,0,0,0,0,0.000564071408172077,0.0008501274766802,0,0,0,0.0445656893494992,0,0,0,0.00241806005759229,0,8.3830782579237e-06,0,0.00276806806717205,0.0014502721004923,0.044425377405794,0,0,0,0,0,0,0,0,0,0,0.00105688695460226,0.00567172930535759,0.00331037388353541,0.00996465382967726,0,0,0.00485165517044176,0.00280857239675506,0,0,0.00494733404340429,0.000135930298872271,0,0,0,0,0.00649711727863403,0,0,0,0,0.0038407116440117,0.000493038850993602,0,0.00337837285832597,0.000223331177684498,0,0,0,0,0,0,0,0,0,0,0,0,0,0.00920290242505526,0,0,0,5.30592809047526e-05,0.00857785694190999,0,0,0,0,0,0.000697887851944928,0.0164112492628719,0.0179619304926357,0,0,0.0230144140599871,0.000392361181093566,0.010587499550869,0,0,0.000400824990348941,0,0.00687020295654499,0.000509005655119903,0,0
0,0,0.000185692830669027,0.000399900004917778,0,0,0,0,0,0,2.39863651776622e-05,0.00107535119607708,0,0,0,0,0,0.000698500599952349,0,0.000146947445682669,0,0,0,0,0,0,0.000636793415015004,0,0.00112036624098923,0.00174366068891174,0,0,0.000117824323929838,0,6.94156900516488e-05,0,0,0,0,0,0,0.00191976777550403,0.000980168169973741,8.76572903937829e-05,0.00102134585660523,0,0,0,0.000776053753188445,0,0,0.00122527314843518,0,0,0,0,0.000135546446509229,0,0,0,0,0,0.00239534739614255,0,0.000715964063600494,0,0.00378798354286391,0.000196847081169283,0,0,0.000462815993937095,0,0.00256804908101557,0.000338416956347002,0,0,0,0,0,8.62083802768777e-05,0,0,0,0,0,0.00220607834870419,0.000375079263802603,0,0,0,0,0,0,0,0.0115231184196675,0,0.00253607921350846,0,0.00103196832383923,0,0.00691347653871599,0.000357651729398773,0,0.00596737189269174,0,0,0.000391152315819587,0,0,0,0.00700862266620808,0,0.000128796193317296,0.00117438409246201,0,0,0,0,0,0,0,0,0,0,0.00172890694832253,0.00189863654334857,0.00057899151625399,0.000399391423279703,0.00274119481870873,0,0.00224024707980638,0,0,0.00209345257313321,0,0.00103561942022368,0,2.76232211275424e-05,0,0,0,0,0,0.00170124586666224,0.000825396041927576,0.000226158535630664,0,0,0.000886228749960387,0.00215650552370661,0.00148390004828741,0,0.000332332414129658,0,0.00207121692565641,0,0,0,0,0,0.000722589922430418,0,0,4.10826546063542e-05,0,0.0010573775695908,0,0.00112158369389412,0,0,0.0136094651076172,0.00312398365689654,0.00645361865454735,0.0013534961548944,0,0,0,0.00101440753886119,0.0035925979234722,0,0,0.00133093929319036,0.00277092721004798,0.000117150014981032,0,0,0,0,0,0.007146551721192,0,0.00152024809572767,0.000882843652545184,0.00300678339075815,5.78797432662818e-05,0.000197659650090306,0.00132537009731075,0,0,0,0,0,0.00182171624699218,0,0.000903338117615636,0,0.00702460538141176,0,0,0,0,0.0018520230443362,0,0,0,0,0,0.000485368389194421,0,0,0,0,0,0,0.000403426013503423,0.000323665666317315,0.00175140920358175,0,0.00034227802955679,0.00953365702758643,0,0,0.00606111260258952,0.00228265433009682,0,0,0,0.000857538959992447,0,0.00261857617402372,0,0.00418714012011003,0.00093768393417145,0,0,0,0,0,0,0,0,0,0.00121264039766385,0.00187869313425999,0.00239121681920817,0.00142893535852321,0.00161102057204618,0,0,0.000739801116781697,0.00108251062229356,0,0,0,0.00149214947250743,0,0.00100818652606878,0.00126466726434036,0,0,0,0,0.026463318674665,0,0,0,0,5.28943642077535e-05,0,0.000597009561877892,0,0,0,0,0,0,0,0,0,0
0.000130569930171395,0.00359731789562623,0,0.00566494147511109,0,0,0.000973466448829288,0.0107481328370855,0.00582165324234865,0,0,0,0,0,0,0,0.00602654148648418,0.00430635078258795,0,0,0.00338476246623196,0,0.00514467535541678,0.00466496024841173,0.0026627459654356,0.00204913669402016,0,0.00160743849201532,0,0,0,0,0.0044501393394863,0,0.0031967454847879,0.0214703559888666,0,0.00380286009067482,0,0.00161393596655973,0.0200279115027726,0,0.00719424036530721,0.000931865226629567,0,0.00542783963186352,0.0007439355491429,0.00305827698813097,0.00183119866151018,0.000438174678785234,0.000860633005437739,0.000984429573495106,0,0.0029532222462459,0,0,0.000656176065770623,0,0.00395774301130885,0,0.00025623373085816,0.00386184394388629,0.00469347265352924,0.00103580113299835,0,0,0,0.00100841625278497,0,0,0,0,0.0152472126649824,0.0011932194146875,0,0.000939040790325889,0.00036202220378647,0,0,0.0136565199961196,0,0,0,0,0.00189602794822515,0,0,0,0,0,0,0,0,0.000985139439125218,0.00216502456902752,0.00161312711894237,0,0.00255192339616083,0,0,0.00257534206467475,0,0,0.000206905432018259,0,0.000636956615699515,0,0,0,0,0,0,0,0.000484936241590836,0,0,0.00092501503446072,0,0,0,0.00286587580999859,0,0.000829412687038085,0,0,0.0117089634380339,0,0,0.00325125188287941,0.00716503482407762,0,0.00860257007116689,2.96935486506129e-05,0,0,0,0.00450332262201024,0.00238771016789032,0,0,0.00296203996729691,0,0.00122585012205237,0.00262373853853455,0,0,0.000726736572730176,0.000528918072982038,0,0.0041013266289784,0,0.00657978327078342,0,0,0,0,0,0,0,0.000485671093609074,0,0.00338282540164458,9.50783261928162e-05,0.00287531222957211,0,0,0,0.00156885252743458,0,0.00100437710301764,0.00374947836055996,0.00124381122790091,0,0,0,0.00131120684438035,0,0,0,0,0.00870775355806589,0,0,0,0,0,0,0,0,0,0,0,0,0,0.00409711457294015,0.00720523960632169,0,0.00497068652919444,0.00229879114432977,0,0,0.0115554195464136,0,0,0,0.005213965497704,0,0.00532100967228111,0.00333988025200259,0,0.00186795987707405,0,0,0,0,0,0,0,0,0.00102841095873976,0.00324778328674667,0,0,0,0,0,0,0.00189089255037331,0.00131686400189341,0.00893740831075939,0,0.00209022098618491,0.00207363474377166,0,0.000148331801842707,0,0,0.0142287801873313,0,0,0,0.00278329310006898,0,0.0173452011250136,0.00832793992469329,0,0,0,0,0,0,0,0,0,0.00930897896691999,0,0,0.0067551911330877,0,0.000369259539657634,0,0,0.00121055913244069,0,0,0.00290013767111002,0.00436516736621151,0,0.000696953960739178,0,0,0,0,0.0390876098810455,0.00127077828875967,0.00192498608274898,0,0,0,0,0,0,0.00380702988843275,0.0077343471332318,0.000332685606265964,0.00969814404805763,0,0,0,0
0.000185649421900495,0.0283910486576666,0,0.00366862968852493,0,0.0171722350827619,0,0,0.00110641824655645,0.00904934592916375,0,0,0,0.00882914589287207,0.0228655196989482,0,0,0.000870243211431303,0.00676433046590819,0.00589804880574724,0,0.00543319443923003,0,0.00286553485161099,0,0.0120770402555427,0,0.00232866745619031,0,0.00197532042575118,0,0,0,0,0,0,0,0,0.00971928510910603,0.00576466302345487,0.00970308246802573,0,0,0.00113780131998713,0,0.0052385639944043,0,0.0114941390399325,0,0,0.0228315116662716,0.0196043645408242,0,0,0.00256351379532479,0.00760207315521552,0,0.0368679736351704,0,0,0,0.00082975849918304,0.00153446902067713,0.0120716162244292,0,0,0,0,0.00795369742904142,0,0,0,0.00105416569007283,0.00303970383932308,0.0026537446700197,0,0,0,0.000470980172303781,0,0,0,0.00783040238100194,0,0,0.00114838130290574,0.00846188497986917,0,0,0,0,0.00305313549445127,0.00166462943015488,0,0,0,0,0.0115801063601886,0,0,0,0,0.013283874346153,0,0.00638441499280103,0,0,0,0,0,0.00230238328912349,0.00504409888960936,0,0,0,0,0,0.00805934620911321,0.00739710661077438,0,0.00241883914048115,0,0,0,0,0,0.0370278807138345,0.0125813926154528,0,0,0,0.00505627774586926,0,0,0,0.0263035571126076,0.00277139239590681,0.00071608300724291,0,0.00380434100954707,0,0,0,0,0.00179324481466608,0,0,0,0,0,0.000578969387482439,0,0,0.00911342160355753,0,0.00523230708749382,0,0,0,0.00552182901853958,0,0.000168685360923543,0,0.00473088359853039,0,0,0,0,0,0.00206626950247949,0,0,0,0,0,0,0,0,0,0,0.000416270593986018,0.00611636226301304,0.0112506229505985,0,0.00320210070526052,0,0,0,0,0.00231005712726021,0,0.00287650615911933,0.00217132251167586,0.00252981009035796,0.0155316167789787,0.00196461917415355,0,0,0,0,0.0038729534004359,0.0109818158332116,0.0413461556300058,0,0.00149155731055147,0,0,0,0,0,0.00798000129330829,0.00434130881025681,0.00958773529467692,0,0,0,0,0,0,0.0326808990671933,0.00108890258828179,0,0.0128455568350866,0,0.000716216728414674,0.0183870258784177,0.0132748060961574,0,0.000342074008072225,0,0.0130783594176901,0.0113930373244622,0,0,0,0.00286969889709771,0,0,0.000855853960327285,0.00795239040291685,0,0.00387909555450898,0,0.0151280441517421,0,0,0,0.0298232151778101,0,0.0161476518714289,0,0,0.0148645486932808,0,0,0,0.00304648922509451,0,0,0.0187235272825229,0.0203728803616376,0,0,0,0.00179951278369138,0.00157775865219554,3.9187959168756e-05,2.65280073260636e-05,0.0216520612692149,0.00601835627091606,0,0,0,0.00894433550521577,0,0.0193184783705839,0,2.53618286911392e-05,0,0,0.0207862538080261,0,0.000848537494215868,0.00867112036143208,0,0,0,0,0,0
0,0,0,0,0,0,0,0,0,0,0,0.104233077183442,0,0,0.133309166337755,0,0,0,0,0.0929657723944453,0,0,0,0,0,0.000378984512254326,0,0.00148977731318679,0,0.0923959564969305,0,0,0,0,0,0,0.144134967317564,0,0.000465609993455692,0,0,0.00241806401553979,0,0,0,0.00178598724413214,0,0,0.00332422157210021,0,0,0,0.00208032573717461,0,0,0,8.34805639327547e-05,0,0,0,0.0980462737914919,0.00210921442708944,0.00652943263354295,0,0,0,0,0.000220058119508629,0,0,0,0,0,0.00101946796613925,0,0,0,0,0.000397399523424764,0,0,0,0.00130709129654235,0,0,0,0,0,0,0,0,0.00079181552104441,0,0,0.00335190875947677,0.00780811758630376,0,0,0,0,0.000277675471599982,0,0,0,0,0,0,0.0607030809089423,0,0,0,0,0,0,0,0,0,0,0,0,0.00106632300345585,0.134739850708458,0,0,4.1167899238355e-05,0,0,0,0,0,0,0.00445031979047572,0,0,0,0.00831954146954362,0.00124023627371591,0,0,0,0.00502377545055622,0,0.0011769036097494,0,0,0.002923674065135,0,0,0,0,0,0,0,0.00475828649228923,0,0.000612641400274445,0.00112453446917796,0,0,0,0,0,0,0,0,0.00299292713897645,0,0,0,0,0.14005114483211,0,0.00116519038000987,0,0,0,0,0,0.00390350344279355,0,0.0127798668746844,0,0,0,0,0,0,0,0,0,0.00148774396467759,0,0,0,0.000264319824578927,0,0.000121040813405884,0.107191014211244,0,0.000434455023979182,0,0.00426806759030528,0,0,0,0,0,0,0.000141955655996662,0,0,0,0,0,0,0,0.000480797958085128,0.00148293640364343,0,0.00420438152968863,0,0,0,0,0,0,0,0,0,0,0,0,0,0,0,0,0,0.0021862015143866,0,0,0.0925914828765105,0,0,0,0,0.00489611424555364,0,0,0,0.00425795951514509,0,0,0,0,0,0,0,0,0.00482982993473003,0,0,0,0,0,0,0.00293705719630744,0,0,0.000457282424041181,0,0,0,0,0,0,0,0,0,0,0,0,0.00401292262811399,0.00493930352461495,0,0,0,0,0,0.00104139513861344,0
0,0,0,0.000498436534092754,0,0,0.000375861137199057,0.0283021417119394,0.00122564127526583,0,0.00173443748200093,0,0.0135515923821017,0,0,0,0,0.00155313449294649,0,0.00636749589751618,0,0,0,0,0,0.000560163151434308,0.0102523024861276,0.00310640960512301,0,0,0,0.169053642843106,0,0,0,0,0,0.00788075513555115,0.000950846679995754,0,0.000410897526979447,0.00185073224960884,0,0,0.0342875860590872,0,0,0,0,0.023866937962644,0,0,0,0,0,0,1.09942742191814e-05,0,0,0,0,0,0,0.0322280654365172,0.000210292334233753,0,0,0,0,0.000811731671897225,0.0245630523413462,0,0.00106190664714031,0,0,0,0,0,0,0,0.0353802964210348,0.0230110388381914,0,0,0,0,0.0217161450583158,0,0,0.0239516306608541,0,0.000602978690332315,0.0220917460755952,0.00132100996403847,0.000746965787476647,0,0.00080119650046507,0.000975106617631315,0.00675917015674937,0,0,0,0,0.0517668312511633,0,0.0408859385501156,0,0,0,0,0,0,0,0,0,0,0,0,0,0.0118025285657604,0.000685357523338697,0,0,0.0725023544669477,0,0,0.00247045766178356,0.000395367330300453,0.0118736806679388,0,0,0,0,0.0261910744110389,0,0.00217804571660309,0.0014702174026968,0.000364901152814801,0.00100220985878483,0,0.000226069623596905,0,0,0,0,0.00181297338649658,0,0,0,0,0.0159904432504672,0,0,0,0,0.000788877707394843,0,0,0.0184513011325804,0.000911262330793628,0.000617775215847607,0.0422388555125722,0.00406685481593294,0,0,0.000164144494108068,0.060610212863669,0,0,0,0.0572468207876172,0,0,0,0,0,0,0,0,0,0,0.0121210385843735,0,0,0,0.00166994250820347,0.0286280866815752,0,0.00232605989949989,0,0,0,0,0,0.0209450193656014,0,0.0175813549708356,0,0,0,0,0,0,0,0.0279730243626957,0,0.0755951489065638,0.00210499050321257,0.000410048859084037,0.00250966640763763,0.000668886187329893,0.000895818622399431,0.0085859345517621,0,0.0014429182849321,0,0.0217575817694948,0,0,0,0,0.0231712469349446,0,0,0,0,0,0,0.0254510445714627,0.0625849083557668,0.0269899160696417,0,0,0.0117818084649061,0.00397906194086179,0.00243835894276173,0,0,0,0.000171579924650849,0,0,0,0,0,0.00282558041259496,0.0599957836667993,0.0346460468308544,0.0616284131068474,0.00200750723567914,0,0,0,0.00250347586263892,5.29351696943535e-05,0.00261680270615302,0.000292633095593386,0,0.0344264255382527,0.0347742251824867,0,0,0.0190897836005808,0,0,0.00199026078778565,0,0,0,0,0.02001793022079,0,0,0,0,0,0.0158124942496308,0,0,0,0,0,0,0.00237910081192764,0,0,0,0.0164737429542344,0,0.0318695607583132
0,0,0,0,0,0,0.00999533631025011,0,0,0,0,0,0,0.00309030475959304,0,0,0.000262568078073841,0,0,0.0109379722002996,0.000936433275264434,0,0,0,0,0,0,0,0,0.00202730120097867,0,0.000641679882609875,0.0146975149449583,0,0,0,0.000155200219430985,0,0,0,0,0,0,0,0,0,0.00226581884538959,0.00227617353611055,0,0.00146154955286631,0,0.000258370358342847,0,0,0,0,0.00260252118962221,0.00468688496514447,0,0,0,0,0,0,0,0.17260160641529,0,0.00107819305508023,0,0.000977601837686067,0.0012884117464989,0,0.00136957109104203,0,0,0,0,0,0,0,0,0,0.016841513389277,0.00261516769018682,0,0,0.00467747193088625,0,0.00347073634723637,0,0,0.00416594793775243,0,0,0,9.78617033112313e-05,0.0070598437016932,0.00343868813204908,0.00869927069705803,0,0,0.00060179990952694,0,0,0,0,0,0,0.0039075367017063,0.0172142263327869,0,0,0,0,0,0,0,0,0,0,0,0,0.000596760278947353,0,0.000411546119817988,0,0,0.00337041055598118,0,0,0,0,0,0,0,0,0,0,0,0,0,0,0,0,0,0,0,0,0,0.00201379068069445,0,0,0,0,0,0,0.0152843369538151,0.00123351597568762,0,0,0.00192339995437564,0,0.0209368792155113,0.000783676439858005,0.014504893571633,0,0,0,0.0137067494534148,0.00184387974261779,0,0,0,0,0,0,0,0,0,0.024151824422967,0,0,0.00123762287715331,0,0,0.00314926280358301,0,0,0,0,0,0,0,0.0190916585386034,0,0,0,0.00112794678477654,0,0,0.00168150111550765,0,0.00250080964132274,0.00115771704217139,0.0022931465824665,0,0,0.000167505645156573,0,0.00526112379704253,0,0,0,0,0,0.0191902060571991,0.00197051276596608,0,0.0229904372764289,0.0228007001537043,0,0,0,0,0.00394489379222044,0.000256447296423736,0.0266834368561703,0,0.00138093632836221,0,0.000261803140039998,0,0,0,0.00268839182085413,0.00435533395450355,0.00302830478430358,0.00235217285281545,0.0349074190424356,0.00940781460642173,7.89710017869987e-05,0,0,0,0,0,0,0,0.00287668140960621,0.0005227841262813,0,0,0,0.00264921327282527,0.00330127062221232,0,0,0,0,0,0.00830678900538111,0.000771889023172965,0,0,0,0.00277805209232319,0,0,0.000624034780511781,0.00634078112541913,0.0247168944209346,0,0,0,0,0,0,0.0018835868189237,0.000894390579687484,0,0,0,0.000142298431253652,0,0.00192148575241589,0,0.00359547775989704,0,0,0
0,0.00356182380660925,0,0.00637373420285945,0.00271083041748006,0,0.000143016410203061,0,0,0.00193057936302615,0.000475853133851359,0,0,0.00474480643480051,0,0.0210488894117728,0,0,0.000645546761595897,0,0.00346556250655162,0,0.0390026320839041,0,0.001314948789744,0.0209584427040016,0,0.00214662396536498,0.000585077964292357,0.00504904782583547,0.000830963832114391,0,0.0157895355061561,0.0304501948129712,0.00562261401444626,0,0.0196950836161999,0,3.83741262703159e-05,0.00252438949477149,0.000838612222740657,0,0.0341337105190356,0,0.0320281523897342,0.00612620607391645,0.00119008704049439,0.0338808867391102,0,0.0266089837372773,0,0,0,0.0023832979584216,0,0,2.98133449111689e-05,0,0,0.000278688442178012,0,0.00150053333240266,0,0,0,0,0,0,0,0,0.052525699263295,0.0140564027953249,0.00318602878171839,0.0123529774390105,0.075180626069981,0.000208126589041158,0.0190269086741088,0,0.00554683665749494,0.00474179397387562,0.0137144932206728,0.00208856443322149,0.000139291156704442,0.00952642748186521,0.00545277285269857,0.00187073594591288,0,0,0,0,0,0.00155718264371994,0,0,0.00253915369341586,0,0.00582695582400418,0.00168726526144449,0.0110253808725253,0.00494249647041449,0.000988729293102649,9.82056744883711e-05,0,0.00323125475061468,0,0,0,0,0,0,0.0187418171068841,0.0095462203753644,0.0287806030052186,0.00105622434935263,0.00317209500171831,0,0,0,0,0,0,0,0.000919038875121925,0,0,0.00460558228182694,0,0,0,0,0.000742255363115621,0.00039461847470463,0.00910408072283697,0,0,0,0.00802158030170607,0,0,0,0,0.000876625857050464,0.00270941212257535,0,0.0167939182835411,0.00342043669271736,0,0.00272702416402801,0,0.00639323480176685,0.000644389055056647,0.00166145054035411,0.00174444781566423,0,0,0,0.000739029641756682,0.00695894021043186,0,0,0.00348254084249418,0,0.000664208794073627,0,0,0,0,0.00116316789911052,0.00112811668632118,0,0.00308963493491849,0.00451556284825387,0.0248772003997072,0,0,0,0,0.00330178350589265,0,0.0215532593058902,0,0,0.0047568557738859,0,0,0.0230036637689591,0,0,0.0376772266971636,3.01952563276163e-05,0,0,0,0.00273688235786336,0.0236752473285217,0,0,0,0,0,0.0333981602617561,0,0,0.00335106202371781,0.0262338737969545,0,0.00115273000655349,0.00661781961473482,0,0.00181923203347693,0,0,0,0.000603263766940913,0,0.000238603456977047,0,0,0,0.00474316263158548,0.00138979084169541,0,0,0.000871512180325034,0,0.00318526090710753,0,0,0,0.0127270710684152,0,0,0,0,0.0002868085912069,0.00356590334411441,0.0385569262286573,0.00186774300017473,0,0,0,0.0511026741532419,0.00440227785461892,0,0.0306964914919136,0,0.0297987216383487,0,0,0,0,0.00146190332066059,0,0.0375359722319781,0.0216223835347491,0.00252805750108155,0,0,0,0,0.00467040357152535,0.00050555373396711,0.0173346272644279,0.00911102055377169,0,0.00259232516845256,0.0291622346376518,0,0.00160040112127508,0.00340573540674871,0,0.00848202802325795,0.000939656986837508,0,0.000363751583291359,3.16815036766245e-05,0.000175012682651156,0.00246493142475935,0,0,0,0.00029508194872547,0,0,9.67030292091494e-05,0.0104104359324343,0.0642148794535487,0,0.0117081934248683,0
0.000220264921407949,0.0109200303465794,0,0,0,0,0,0,0.00312650385739585,0.00120232167287878,0.000362691928307556,0,0.0529492484454174,0,0,0,0,0,0.0139764672713131,0,0,0,0,0,0,0,0,0,0.00285259067995051,0,0,0,0,0.000784724492768937,0.00137079195821247,0.0348473933613516,0.0206760586286147,0,0,0,0,0.000228433661670377,0,0.000851727478399925,0,0.00160840224075333,0,0,0.0148182732092315,0,2.62835637623462e-05,0.00120682195968042,0.0230396005346109,0,9.4890730623425e-05,0,0,0,0,0.00258944866499982,0,0.00160864012943257,0,0.0497348364504282,0,0.0961634584396764,0,0.000245009031321077,0.0125666321671399,0,0.0007098373118446,0,0,0.0173009509420566,0.0111511490428878,0.0217857170660984,0.00041161280169954,0,0.000697553309387744,0.000418922524680346,0,0,0,0,0.0119553778884601,0,0.00156220966197718,0,0,0.00146091681565827,0,0.0107688570402668,0,0,0.000258108737379098,0,0,0,0,0,0,0,0.00184226240020105,0,0,0,0,0,0,0,7.78185065707748e-05,0,0.00122875668337643,0.00135040478367214,0,0.000539498049207458,0.00709784726692329,0,0,0,0,0,0,0.00359829124965755,0.00140604359847502,0.00329775251221418,0.0256477676087862,0,8.00180533765422e-05,0.000981722167419343,0.00156649527246419,0.0022049092097444,0,0,0,0,0.00052714543267736,0.0297696392051989,0,0.000253696042606494,0,0,0,0,0.00217960084939017,0.000574591922425889,0,0,0.00043572337724312,0.0241917278510815,0.0273548519797895,0,0,0,0,0,0.0102464460584513,0,0.0269891805265533,0,0.000530967381804506,0,0,0,0,0.0127797064669087,0,0.0132366921103262,0.0147125595233638,0,0,0.00187262107844322,0,0,0.0124782880786543,0.0373351446645227,0,0,0.00259450938499885,0,0.000653953775731722,0.0138716818557581,0.00643103085891958,0,0,0,0,0,0,0.000109182442780624,0,0,0.000276667318182327,0,7.69050695931235e-06,0.000249174339778123,0.00075641630061533,0,0,0.00202618890261057,0,0.00592474729496635,0.0016241849483127,0,0.00123542340568069,0.00436215806776912,0.056755992211188,0.0150796561483508,0.00267057384369438,0.0101974366422519,0,0.00453899883988391,0,0,0,0.0899183959163336,0.000385879565473071,0,0,0,0.0225844353177293,0,0.000192057726551863,0,0.00080518850153787,0.0303090562793915,0.0227338170190365,0.000273807464333771,0.0563514679682201,0,0.0184514605751242,0.00140942286305861,0.000697974375405837,0.000245163835567815,0.0104503456752362,0,0,0.00371274423707568,0.0266330156603004,0,0,0,0,0.0182038506030562,0.0383944331738851,0,0,0,0,0,0.00266209392970929,0,0,0.000104816231499537,0.00186093730808263,0,0,0.000829825294629903,0,0,0,0,0.000392187224541574,0.0160884811701255,0.0313452816183936,0,0.0192981908713516,0.0186668004082217,0,0,0,0,0,0,0,0.0237045959257836,0,0.00247106979056164,0,0.0256629204864425,0.0145470650206375,0,0,0,0,0,0.00114215064442392,0,0.000569235925400575,0.0164251410696648
0.0472961362071854,0,0,0.0034964915238253,0,0,0,0,0,0,0,0,0.000114895751133391,0,0,0.000994334957416671,0.00242505803119815,0,0,0,0,0.000263588646354914,0,0,0,0,0,0,0,0,0.000606256857268651,0,0,0,0.00035896902426271,0,0,0.0467098463948299,0,0,0,0,0,0,0,0.000767935139572655,0.000238805958208928,0,0,0,0,0,0.0924902636799144,0,0,0.001359645157633,0,0,0.000184996345181894,0,0,0,0.000225909835937721,0,0.000423422729832653,0,0,0.00108212172420795,0,0,0,0,0,0,0,8.30062238786404e-05,0,0.0016087225070587,0,0,0,0,0,0,0,0,0,0.000671771117407677,0,0,0,0.000272690267928465,0,0.00232712353791334,0,0,0,0,0,0,0.00328226564410648,0,0,0,0,0,0,0.00151516562877767,0,0,0,0,0,0.00112326242169025,0.000223992951069225,0.00538756100196282,0.000443177652610133,0,0,0,0.00121645663872445,0,0,0,0,0.0014489734802463,0,0,0,0,0.00157928129734766,0,0,0,0,0,0.0579581149017638,0,0,0,0,0,0.00115686357492979,7.23571267542139e-05,0,0,0,0,0,0.00105769673367491,0,0,0,0,0.00175094324426315,0.000442171103595766,0.00254986814512871,0,0,0,0,0.00189700001665535,0,0,0,0,0.000460302719478964,0,0,0.000706928171877638,0,0,0,0,0.0597895643822243,0.00124306008889121,0,0,0,0,0,0,0,0.00134005849306719,0,0,0,0,0,0,0,0.000279968892539044,0.00110583509533805,0.00104819602195352,0.000443453532428047,0,0,0,0,0,0,0,0,0,0.00222898934564902,0,0,0.00603641620109589,0,0,0,0.00244201111027234,0,0,0,0,0.00282616072927874,0,0.0827356205628398,0.00543324467512663,0.0792024393501096,0.000359434531983101,0,0,0,0,0,0,0,0,0,0.000996241532166388,0,0,0,0,0,0,0,0,0.000791200377947914,0.0809025657227026,0,0,0,0,0,0,0,0.00240431286338632,0,0,0,0.00133569204163883,0,0,0,0,0,0,0,0,0,0,0.00120381151038468,0,0,0,0,0,0,0.154383877326312,0,0,0,0,0,0.00224153778796354,0.00257795060160748,0,0,0,0,0,0.00391967715645298,0.0665787373959913,0.00352717144933748,0,0,0
0,0.00737154292570003,0.0385281377855549,0,0,0.00321531467008553,0,0.0767572060427813,0.00521610300522928,0.00266468949279022,0,0,0,0,0.0137536538233699,0.000148087797465167,0,0,0.0083913020390927,0,0.000385874893928828,0.00106675465952766,0.00281646311306388,0,0.0211456426239676,0.00491050106438485,0.00162843797335489,0.0102897729133939,0,0.00570523580572267,0.00139274111895585,0,0,0.00533991514988277,0,0,0.025137427321147,0,0.00023056062864357,0,0,0,0,0.000491701969027238,0.0348927684548033,0.00152761044690731,0.000686340357104346,0.00601393483398509,0.0007724665030559,0.0168178696905889,0.0122864437579063,0.000783946219247077,0.023584664924004,0,0.0296609435640231,0,0.00145270508106351,0.0244058943689527,0.00727312712483762,0.015133364077322,0,0.00320581837586375,0,0.0832389833206801,0,0,0.00515016775961025,0.00460090221448132,0.000517082520699519,0.00558927428175212,0.0176138983612086,0.00540733171901986,0,0.00325221814407856,0.0182470907539213,0,0.0355560988360876,0.00959071230014167,0.0171072984159321,0.0106130131890501,0.00984449913439153,0.0033182847824172,0.0323099866780742,0,0,0,0,0,0.0412400174770718,0.00547356509421701,0.0213441558428194,0.0100312491894476,0.0147287486841574,0.00248538438375689,0.0168025396178348,0.0143258990385595,0,0.00117305110852772,0.0194463637056597,0.00238918148888631,0,0.000577392046784678,0.00138006935323354,0.00756358635951179,1.81023001745833e-05,0.00837071344671575,0,0,0.0133669390867709,0.0172161807560339,0.00191611689043468,0,0,0.00250561088034203,0.000601656043698806,0.0133847600124909,0,0.0109588589447841,0,0.0270663423785904,0.000393526717777994,0,0,0.0272140985271851,0.0242337990014208,0.00469933427308198,0.00693686971572652,0.00200350164406301,0,0,0.00170753961012119,0,0.0241973542874821,0.0250815536050264,0.00269397523534094,0.00938118288332484,0,0,0,0.0254785346601367,0,0.00329348480261001,0.00339786081238059,0.000532563809149854,0.00119352604829859,0,0.014865354405768,0.011708282887065,0.000559459072781076,0.0040814024727656,0,0.0172090046604821,0,0,0.012863143736573,0,0.00119192864449567,0,0,0,0.000132093004778337,0,0,0.0053415848763107,0,2.68944916497591e-05,0.00171386158451711,0,0,0.00497775174380398,0,0,0.00226097757693243,0,0,0.00335613852578482,0.0104508831458107,0.00194248550169924,0.0251304054397396,0.00167367487109287,0,0.00272637694634158,5.8205662109151e-06,0.00582948611047865,0.000773189431290421,0,0.00334744351776863,0.0120971527374051,0,0.0032909701251549,0.000199283256101153,0,0.000127570091577494,0.00127623498138048,0,7.84979583762204e-05,0.0118577916105857,0,0.00101131570395527,0.00143107900883474,0,0,0,0,0,0.013780412001572,0,0,0,0,0,0,0,0.000655532296231552,0,0,0.00701259775802774,0.00701388138738673,0.0186546262507815,0.00969672108916147,0,0,0.00587566706826593,0.0046879151180502,0,0,0.00411763604756497,0.00422107419039658,0.000336426841117942,0.00546184951775475,0.0176968850022046,0.00497079796231795,0,0,0.000635081381725979,0.000854945172156823,0.0175212404317218,0,0,0.00120643872506013,0,0,0,0.00120769859593022,0,0,0,0,0,0,0,0.00287241360569997,0,0.000403018484485969,0,0.020025524593291,0,0.000289678877401241,0,0,0.0016432642797055,0.0012678109892095,0.00322115896616309,0.011870237249806,0.00888499995779698,0,0.00297354363372224,0.00153567023657863,0.000888675410106454,0,0.0200543603198731,0,0,0,0.000261516454151684,0,0,0,0.00149159580418485,0,0,0.00406729539542907,0.00174898825255045,0,0,0,0,0,0.00242428109026766,0.00120552938839553
0.000134260531853646,0,0,0,0,0.00474188744212351,0,0,0,0.0144439652599199,0.0121557832379971,0,0.0137656487742056,0.00463036260055662,0,0.00667100585338898,0.00205292685680818,0.00719087674273607,0.0101155345545015,0,0.00514319392823395,0,0.00517904466122397,0,0,0.00124268122674759,0,0.00271355328572583,0,0.00100030544129748,0,0.0157820015462917,0,0.00260741139319916,0.0105441480320819,0.000608305587050657,0.000335475780008801,0,0,0,0,0,0.000733150988265148,0.00464345885996506,0,0,0.000423679699306128,0.00201820199448096,0.0153186459952241,0.00494210577773067,0,0,0.00832586759552617,0.000223909736635915,0,0.00984397334795665,0,0.0085762680658749,0,0.00736747663126894,0,0.00635427410865206,0.0169010489164446,0.00681198122695425,0,0,0.00421031310646963,0.00722333843989013,0.011027149262442,0.00183906589526668,0.0223721616468362,0.0114319260348328,0.00689184618014024,0,0,0,0,0.00484600592990701,0.00455477953613951,0.00541784880167531,0.004412474469934,0.0121529628445785,0,0.00569967306314414,0.0153712657749464,0.000904034684697375,0.0133192310045411,0,0,0.00915539234293342,0,0.00146428174859856,0.00428218684864644,0,0.0219376699958035,0.0101163862078694,0.00510690670861756,0.00539734537493756,0,0.0121082273314539,0.0111719683309886,0.014226916074694,0.0165796885046279,0,0.0139049865101026,0.00677259132756304,0,0.00178728973669001,0.0125427690765467,0.0500189924108558,0.0387525705632198,0.00787251309743666,0,0,0.000958442680935539,0.00102687520886536,0.00333928158637208,0.00102592110365511,0,0.0056068408029151,0.00288626250363753,0,0.00587211996497385,0,0.00622364188226097,0.0112758632719559,0.0211714141924486,0.00294492117525564,0.00646688523196004,0.00384143420774725,0,0.0106680149125619,0,0.0157755838905417,0,0.000518364535358834,0,0.0050056634146956,0.00816009281636111,0.00610528705743074,0.0153494595351389,0,0.00919253101364499,0.00233871082762667,0.00845412674602562,0.0149586021107638,0.00653919752750339,0,0.0106506951803024,0.00216601767809261,0,0.00259600092342696,0,0.0235554160746503,0.0261502113476397,0.00555034687071719,0,0.00625538599250707,0,0.00768694183366766,0.0136318304664156,0.00259159944909708,0.00184741040462133,0.0168130690531637,0,0,0.00453447294756918,0.0108156114745924,0.00897761525869303,0.00777734234065249,0,0,0.00193643843470839,0.0190488463757629,0.00964807768478016,0.00205616506984733,0.0269367405629582,0.00265808457651433,0.0283501032794636,0.00546258316278563,0.00289438972083665,0.00977224040890905,0.00658877591494596,0.0142232397766666,0.0128799116638388,0.00608909319205245,0,0,0.0104819068608708,0.00246798114038051,0.000270451174858814,0.00339559479699251,0.00582306237203995,0.000282814251055848,0,0.00676134714186793,0.00414837333926299,0,0.00638182439917495,0.00791007528256328,0.0126228023398091,0.00581197557273079,0,0.0469170470918341,0,0.0169249839550668,0,0,0.0270771150774983,0.016973178501857,0.003877230431168,0.0160004861995697,0,0.012286500766348,0,0.0070995067732943,0.00575409945483041,0.000352577075683994,0.0150431632601698,0.00469391055295867,0.00837407003514252,0,0,0.00520677547225555,0.0106855655362805,0.012487630273103,0,0.0364631065709546,0.0148755891513547,0,0,0.0194159678947298,0.014973501187807,0.00838190052868697,0,0,0.00399706535082178,0.00618598200194319,0.00408616504503467,0.0058757585077711,0.00185916361585361,0,0.0163466405202258,0,0,0.0109627104002376,0.00431470309068121,0,0,0,0.00814770526075996,0,0.00164094718952889,0,0.00619125641041499,0,0.0203620826584116,0.0121952761550758,0.00861078199184142,0,0.00594642996197551,0,0,0.0100009232671609,0.0287768864025801,0.0142400659639158,0.00381439185185049,0,0,0,0,0,0,0,0,0.00351766484585298,0,0.0137118912244095,0.00620064490376693,0,0.00379917146315109,0,0.000903560377317822,0,0.00397006646684344,0,0.010400662819771,0.00233172363169012,0.0158383992716154,0.000660061927628704
0,0.00191331207491752,0,0.0099517396273303,0,0,0.0205308918919997,0,0,0.0225392697058399,0.000677845371617297,0.022580605336772,0,0,0,0,0.00211950877190036,0,0,0,0.0103870790431644,0,0.00452548084335184,0.000213282266456879,0.0724578518899543,0,0,0,0,0,0.00251427523020812,0,0,0.00228698185911094,0.00237119089583756,0.0333712420914427,0,0,0,0,0,0,0.0200128622031666,0,0,0,0.0221456653652765,0,0,0.00272203773136245,0.000545027396935735,0,0,0.0452119087906111,0,0.00314940943547224,0.00144903689779813,0,0.0013147679261932,0,0.00260629303593807,0,0,0,0,0,0.0301790234506483,0,0.0323525004467584,0.00670769972400303,0,0,0,0,0,0.023110338915291,0.0397089540940067,0,0,0,0,0,0,0,0.000310416186801882,0,0,0,0,0.037720379839566,0,0,0,0.0234413773826885,0,0.00920800961863658,0.00316832957394155,0.0409120632867951,0,0,0,0.00166646259984007,0,0,0,0.000203934352693292,0,0,0,0,0,0.000145274289059019,0.0138534255285396,0.000960998927396795,0,0,0.0270677699311785,0,0.000362489048546935,0,0.00223826428474011,0,0.000463139481442845,0.0293218137813832,0,0.00339942479571815,0,0.00194150141745799,0.0003631630305864,0.0281754717938112,0,0,0.0411767354628032,0,0,0.000989879774497433,0,0,0.000925219743651945,0,0,0.00157152322658884,0,0.00290979368614901,0.0199616636688131,0,0,0.00243219099228147,0,0,0,0.0013042496589849,0,0,0.0163223849635138,0,0,0.000941465192182537,0,0,0,0.0272274928764822,0,0,0.0263592246226165,0.000863732730963142,0,0,0.0209747613851864,0.00133371282391551,0,0.0477706382801501,0,0,0.0504197575927845,0.00717227165194712,0,0.00377367383687893,0,0,0,0.0196805733486527,0,0.000610292796212207,0,0.000885735610105597,0,0.0496226662411723,0,0,0.00435552044441049,0,0.000139597075371513,0.000170047467324537,0.000784046696919012,0,0.0564877757477573,0.0181327314627693,0,0,0,0,0.0086874572823521,0,0,0,0,0.000305998450179383,0,0.000419079288917083,0.0525437871689951,0,0.00416749888375304,0,0,0,0.0613239073579175,0.0630625216315237,0.042985182387361,0.00820567086065606,0,0.0455135925341586,0.037621937506208,0.0054260470917738,0.000257854711338065,0,0.00252885941694771,0.000929088668011706,0.00251471212841968,0.00215613199459778,0,0.00478663042126391,0.000926626261842631,0.0336686842339013,0,0.0057613322521481,0,0,0,0.00453629487114759,0.0444044339529428,0,0,0,0,0,0.0106481576064783,0.0180221193927863,0,0.00225470030442968,0,0.0046456778795809,0.00238016145066632,0.00184377097446365,0,0.00319911235592733,3.53610914206025e-05,0.0251884467814679,0.000856892139351653,0.00313987301370044,0,0.00156307965845261,0.00170113647374166,0.0190496309125158,0,0.0573745103401182,0.00330357082524366,0.042090938726322,0,0,0,0,0,0,0.00410199551771628,0.0323929561475175,0.0279893840712678,0.00195049890953132,0.00434599004335646,0,0,0.0569150652947025,7.19080606921264e-06,0,0.0368090049538597,0.0644739118120339,0,0.0511083791405457,0.00149374890397381,0.0224181058769304
0,0.000402415953614135,0,0.000925061144144638,0.103642173078517,0,0.00139230955479882,0,0,0,0,0.000144600099037895,0,0.0274349784324183,0,0,0,0,0,0,0,0.0197785239343168,0.00142398363467311,0,0,0,0.00162757526038989,0.000431378654627237,0.000780479654730591,0,0.002348582310201,0,0,4.32684285746816e-05,0.00118027069037162,0.0606190906880841,0,0,0,5.96897295740073e-05,0,0,0,0,0,0.0010349977059711,0,0,0,0,0,0,0,0,0,0,0,0,0,0,0,0,0,0,0.00134546333190776,0,0,0,0,0.0273305970161117,0,0,0,0,0,0.000915448878098373,0.000768297972758986,0.00019964733828333,0,0,0,0,0,0,0.0410733493462663,0,0,0,0,0,0.000263640399693217,0,0.0498989114764061,0.0324555436320087,0,0,0,0,0,0,0.0597508538049808,0,0,0,0,0,0.000271614823067418,0.000685759102290965,0,0,0,0,0,0,0.0498406278041225,0,0,0,0,0,0,0.00246810928510822,0,0.0784420997038085,0,0.0014479633205815,0,0,0,0,0.000177868079557442,0.0635220713331139,0,0,0,0,0,0,0,0.0489920749793848,0,0,0,0.000205875671868192,0,0,0,0.00013618506136718,0,0,0,0,0,0,0,0,0.00119091412528456,0,0,0,0,0.000672866691687093,0,0,0,0.000731256109048307,0,0,0,0,0,0,0,0,0,0,0.0388808137165647,0,0,0.000905453836670109,0,0,0,0,0,0,0,0,0,0,0,0.000159521799432197,0,0,0,0,0,0,0,4.17856498171171e-05,0,0,0,0,0,0,0,1.4642699950338e-05,0,0,0,0,0,0.000622164512614976,0.000468870252893039,0.0655995894202228,0,0,0,0,0,0.000196787302876086,0,0,0,0,0,0,0,0.0676318965954477,0,0,0,0,0,0,0,0,0,0,0,0,0,0,0,0,0,0,0,0,0,0,0,0,0,0,0,0,0,0,0,0,0,0,0,0,0,0,0.00171241419429641,0,0,0,0,0,0,0,0,0,0,0.000350852416533053,0,0,0.0446829651053153,0,0,0.000514726369233961,0,0,0,0.0680752279553562
0.0016405314155758,0,0,0,0,0.00148965584577981,0,0,0,0.00121537099217826,0,0.00981301229970996,0,0.0112467953550361,0,0,0,0,0,0.00344685059496624,0,0,0,0,0,0.0024788090490293,0,0.00130256951174085,0,0,0,0,0,0,0.00483116149344748,0,0.000313421187622964,0.0115300487138326,0,0,0.00588055725698245,0,0,0.0118625274813714,0,0,0,0,0.0114238945234182,0.00125464085294838,0,0,0,0,0.00388496062809248,0,0.00336568112199377,0,0,0.00136809706335984,0,0.00679069796826459,0.000207487534594627,0,0,0,0.0348226712866499,0,0.00144566704573487,0,0.00175224914330545,0,0,0,0.000666310855628524,0,0,0.0225222567018229,0.00518983897853942,0,0,0,0,0,0,0,0,0,0,0.0103269255436766,0,0.00155551747134787,0,0.00243896470756945,0,0.00360842224667306,0.00175971485580661,0,0,0,0.00735139915393465,0,0,0,0.00397984448801817,0,0.0114786237574687,0,0.0107301493887452,0,0,0,0,0,0,0.00110877011930966,0,0.00673963373002727,0,0,0.00486449552678667,0.00604343411434235,0.00109059226568544,0,0,0.00867493266090844,0.00213733636632431,0.00398753662057127,0,0,0,0.00418595780726683,0,0,0.00617209086118352,0.022286890700194,0.00133771837104843,0,0,0.0412974683009609,0.0235121355135527,0.0200815073568282,0,0,0,0,0.00366492707017417,0,0.00110592937275491,0.000847536674580661,0.00438313535581115,0.0555750605906165,0.04229596283876,0,0.0133085198770635,0.00281902593607015,0.0229345516604524,0.0306262477962517,0,0.00107354071752047,0.00181274633640454,0,0.00436910047633479,9.01231547982014e-05,0.0111231230087889,0.00325099997664939,0.00190321001572043,0,0,0.0144196400592679,0.00622573437910812,0,0.0148522943802645,0,0,0,0,0.018115987490487,0,0.00274486566824363,0.00484550233741653,0,0.0333908344468727,0,0.00085626663004982,0.0212020136414684,0,0.0195602455380531,0,0,0.00583549519128965,0.0262154206045615,0.0262747407003434,0.001802558791576,0.00866534168670839,0,0,0,0,0.0109929553054564,0.00559014310393085,0.000109931308041737,0,0,0,0.00590431791759681,0.00562418675194642,0,0,0.00999408936971269,0,0.00475895802905711,0.00254685699952622,0,0.00674235656065595,0.00276220898142961,0.000655012185813113,0.00267698573251015,0.02299990189925,0,0.00402428671110876,0.00362455772795373,0.00205343866338762,0.0225526550013243,0,0,0.000673773956624408,0.00721437706978479,0.00590402722720916,0,0,0,0.00148029417118209,0.00296167548383443,0,0.000747283082058006,0,0,0,0,0,0,0.00189894815494139,0,0,0.00204348550309429,0,0,0,0.00521632986014141,0,0.00304178146601082,0,0.060330783231749,0,0.00647084024408438,0,0.00747662171374897,0.00273279863190045,0.0196492728623382,0,0,0,0.0197320096548255,0.00929875680858724,0.00321024421147589,0.00665953699379443,0.0470936726311293,0.00717329481762901,0,0,0,0.0265329629454292,0,0,0.00697875832482371,0,0,0.000527661270993017,0.00478668551040978,0,0.00564498836175795,0.00417015892275995,0.164767476183819,0.00454569750511984,0,0,0,0.000401623216778804,0.0345420625559548
0.00941611454620409,0,0,0,0,0.00660159460424989,0,0,0,0,0.000326893099492232,0,0,0,0,0.00483681121132101,0.0031512042979226,0,0,0,0.0050835443387591,0,0,0,0.00686153847296459,0.0263699267193311,0,0.000796125238751525,0,0.000113233668758471,0.000678453763641639,0.000266497288497549,0,0,0,0.0263869548330435,0.000850500598057771,0,0,0.0106850674616468,0,0,0,0,0.00909571553342021,0,0.000617291995369155,0.00133726816651763,0,0.0138414693480643,0,0.00101074756728434,0,0.000122875395810887,0,0.000884743474991029,0.000219427074253282,0.0013175545707314,0,0,0.0106892422120893,0,0.00110988188370362,0.00012569010792889,0,0,6.97459443843293e-05,0.00191059571385365,0.000607720336204594,0.000564392198188999,0.00986422275382734,0,0,0,0.000915108358753644,0,0,0,0,0,0,0.0104647387698698,0,0.0493169619244076,0,0.00202078084065708,0,0.0333223129217033,0,0,0,0.00014264558329574,0.0234923699414484,0.00140624201401668,0,0,0,0,0.000154683670535115,0,0,0,0.000228641259065434,0.0459748099981212,0,0,0.000759084509689054,0,0,0,0,0.00874115525871431,0,0.000645214660384885,0.000340649243460219,0,0,0,0.0231554940097258,0,0,0.0106398345456177,0.0151843593602927,0.0118177595658037,0.0272752638921966,0,0,0.008637118646218,0.0268327322303924,0,0,0,0,0,0.0105809255702458,0,0,0.031989364441398,0,0,0,6.45797753830343e-05,0,0,0,0,0.00830183449280385,0.00242292487164268,0,0.000505542706187319,0,0,0.0303835032169099,0.00079046347153088,0.00410794859677125,0,0.00742574479863743,0,0,0,0.0406392360340752,0.000852196862457674,0.00265840397988183,0.00154402362027073,0,0.000300936681590539,0,0,0,0,0,0,0.0127382860051786,0,0,0.00215032875717989,0,0.0158874429127147,0.0002173311043713,0,0,0.0154227168591222,0,0,0,0.000574253925951643,0,0,0.0559305183327223,0,0.000479107155868703,0,0.0116575145721113,0,0.00281423335416156,0.00109325532242457,0,0,0.00944382693610435,0,0,0,0.00243196656493805,0.00072278350521653,0,0,0,0.00120952921655873,0,0.00592628293219336,0.000145592462414183,0.00402159044155885,0,0.0366084001774631,0,0,0.00524763662904,0,0.00318239706315789,0.0327629317789363,0,0,0.070644967683221,0.000624096723942912,0,0.0617237298311373,0,0.00180147808196294,0,0,0,0.00244433496467111,0,0,0.00344163800250753,0.00445262746766316,0.00287005135991491,0,0,0.00894757183941819,0.000343185215192559,0,0.0205257931397811,0,0,0.00120652796340726,0.0274535333832949,0,0.00282350240227651,0.00165464171882424,0.014559826656352,0,0,0.00464756389830579,0.00225746281756762,0.00297831123081952,0,0,0.0140271778396876,0,0.00930619223122398,0,0,0,0,0.00336965646712713,0.00122471011695911,0,0.000913673092631434,0,0,0.00644461828622742,0,0,0,0.00244230337371064,0,0.0240770894118209,0.0459643582796776,0,0.0325793957481834,0,0.000561355474969554,0,0.00557544204408829,0,0.00254001488330293,0.000514114727705646,0,0
0,0,0,0.0311573352006899,0.00559990652146408,0,0,0.00315716727439362,0,0,0,0,0,0,0.000207042356036648,0.00158178509473672,0.000491054899780161,4.13667456963031e-05,0.0155234863155007,0,0.005838726399508,0.00549922483943534,0,0,0.000204347020851094,0,0.0164132801013276,0.00326292918205519,0,0.000742510769529184,0.00571454152183863,0.00399138775577539,0,0.0217731953342272,0,0,0.00271265303618437,0.0187883447836405,0,0,0.00349270780847675,0.00697984508700672,0.0240813893415632,0,0.00130472778432425,0,0.0146708318452422,0,0,0,0.000859899528127232,0,0,0.0120238359252162,0.0232109013582279,0.000914920934874342,0,0,0.00163335894933832,0.000204649945643172,0,0.000546725551139796,0.00135622350766041,0,0,0,0,0.000712383597314308,0,0,0.000130868805679496,0,0.00422834976139119,0.00158979073169448,0.00069895264253888,0,0.00277719250744082,0.000735089346853564,0.000918907551585957,0,0.00133151183741885,0.0492871736426914,0.00117718083644757,0,0,0.0219392069530702,0.00158803240931581,0.00321456985750063,0,0.0267406167769761,0,0.000976271368888936,0,2.38204819423122e-06,0,0,0,0.00333071968576623,0,0.012042416562652,0.00300865381301383,0,0.00164709821322764,0,0,0.028707038824575,0.0192080298255365,0.0251249211837549,0,0,0,0.000834205267572459,0,0.0587285824176395,0.00423699158235245,0.00202733597593882,0.038711578777603,0.0456008464465426,0,0,0,0.0321058642028219,0.000904225810249474,0,0.0212987326437722,0.00439062233275839,0,0.00513516686046034,0,0,0,0,0,0,0,0,0.00104251387544943,0.0214571690931713,0,0,0.00389567658220242,0,0,0,0,0.00674198703140137,0,0.0216966800728447,0,0.00439344893808558,0.00200780649923437,0,0,5.81817489836196e-05,0.028547231171176,0.00302411557876795,0.0273061629482524,0.00287360370761086,0,0,0.00637439497831139,0.00145797561845718,0.0175215148324409,0.000861836044160897,0,0.00323876141270898,0,0.00050716804837263,0.00317581317330631,0,0,0,0,0.000641947886919448,0,0,0,0.00300621650169592,0.00357185594505069,0.00255247698146231,0,0,0.000697691339494216,0,0,0.0259972117282431,0,0,0.0315011204488405,0.00681684413704662,0.000258417353812183,0,0.000550583607338173,0.00234781475474047,0.000266252833856698,0.00204470948279109,0,0,0.0172727950125571,0,0.00460656700842919,0,0,0,0,0.00166666051335498,0.0329146323099042,0.00378479666939173,0.00104743931571555,0,0,0.00374915413008747,0.0132605763540943,0.0147077754874904,0,0,0.00240967319619241,0.000243188938159457,0,0,0.00159161541028684,0,0,0.00128619721308151,0.00420170974798909,0.0109150121089932,0,0.0218160996765696,0.00257994368110505,0,0,0.00915965088065745,0.0575569246440547,0.00208744282760994,0.0235325109726976,0.00357354047464395,0.00104375791340746,0,0,0.00673047194960183,0.00190583735702696,0,0,0,0,0,0,0,0.00080110388762227,0.00354099049253965,0.0023584827732955,0.00173921953920564,0,0.00670679070421931,0.0239490639464355,0.00450279169501477,0.00117865818839198,0,0.00539565064494909,0.00136982551845004,0.0432434805954511,0.00090330290168353,0.000645057464014138,0,0.00140680271411999,0.000565030176548938,0.00181028204080289,0.00149995426167132,0.00135561686561307,0.0128347840719878,0,0,0,0.00258887869078414,0.00974727598986778,0,0,0.00347266009488849,0.000726092334391594,0.00873859446538246,0.00673689024347233,0.00369285179612527,0.00651316097185398,0,0.00352443633454907,0,0.00324742638841346,0.00104093574870456,0.0275735694505513,0.00998844660882429
0,0,0,0,0,0.00187488453409834,0,0,0,0,0,0.0010677009061083,0,0.00152636192991026,0,0,0,0,0,0,0,0,0,0,0,0,0,0,0,0,0,0,0,0,0.00561726655691627,0,0,0.0656668936416126,0.000629650868350647,0.00133569737062605,0,0,0,0,0,0.00108008869802283,0,0,0,0,0,0.00550811891392357,0,0.00123630520526051,0,0.00415069873705141,0.00069120180586163,0.00196924187093444,0.00164534835775424,0,0,0.000295914849522441,0,0,0,0,0,0,0,0.00186555585402888,0.00111019022883366,0,0,0,0,0,0.00114555084680819,0,0.00023540138084208,0,0,0,0,0,0,0,0,0,0,0,0,0.00551346429318741,0,0.00102032128725388,0,0,9.70478006810354e-05,0,0.0780231275686662,0.00161230406609617,0,0,0,0,0,0.00073038577228847,0,0,0,0,0,0,0,0.00165795860185647,0,0,0,0,0,0.105636553189756,0.000289887657960107,0.00310613974152346,0.000535578397535373,0,0,0.00236144894770159,0,0,0.000182672916460938,0,0,0,0,0,0,0.00224974472771105,0,0,0.00662437270882878,0.000733734064635785,0.000285220339775832,0,0,0.00118003782304001,0,0,0,0,0.00137995138194483,0,0.102067108601726,0,0,0,0,0,0,0,0,0,0,0.00188771389788341,0,0,0,0,0,0.000391437235550553,0.00462665011212268,0,0,0.000688840816723993,0,0,0,0,0,0.0001415057072515,0.00259999038821816,0,0,0.100483716391402,0.00493695682938189,0,0.00173510315355173,0,0,0,0,0,0,0.0012824208183946,0.000532293052789769,0.00155547558359809,0,0.000871518091204301,0,0.001121827149002,0.000814497834097661,0,0,0,0,0,0,0,0,0.00133117303523694,0,0,0.0031679561983294,0,0.0953188066703606,0,0,0,0.00107093906018193,0.000307410047636363,0,0,0.00155968338377157,0,0,0,0.00429910870648432,0.00511669486681692,0.0081455678701283,0,0.000799783459990076,0,0,0,0.00209422000408135,0.105760590413435,0,0.00407955750735628,0.00107505841138461,0.0047932756499007,0,0,0,0,0,0,0,0,0.0032851751414044,0.00186690994975145,0,0,0,0.00279599983443297,0,0,0.000459014946948626,0,0,0,0,0.00325551676301276,0.00329720359666342,0.00168634437169233,0,0.000909738458710313,0,0,0,0.0033033164728279,0,0.00187742350868872,0.161167050353493,0,0,0,0,0.00541105665113506,0.00346699210072253,0,0,0,0.00501072068589025,0,0,0,0,0,0.0015399942994186,0.130733841982444,0,0.00135995084618282
0,0,0.0210802676688318,0,0,0,0,0.000855644150368241,0.00255673984680657,0.000465222153123777,0,0,0,0,0,0,0,0.0023093938301148,0.000876804043926294,0.00502307520643676,0,0.00422100624399592,0.000294053232073172,0,0.0266952160491445,0.000149598769706853,0,0.00165438833529084,0,0.00254379913825827,0,0.000692661466537479,0.0019095857757712,0,0,0,0,0,0,0,0.00150578849180898,0,5.0084372893661e-05,0,0.0041016780206196,0,0,0.00777250182796612,0.00289018987411837,0.021077774815524,0,0.00200995515619973,0,0,0.00195618216848382,0.0024992884707213,0.00124740118761508,0,0,0.00119165052111844,0,0,0,0,0.0190511301010502,0,0.00110868771707781,0,0,0,0.0014061439155331,0.00122694222953851,0.00122353491609157,0,0.0198154889375206,0.0236881804942181,0,0.0780908362530555,0.00453010865568667,0,0,0,0.00375573623597105,0,0.00288723144292206,0.0252391245642316,0.0196648963622421,0,0,0,0,0,0.0221631622217187,0.0214398460355342,0.00727547689690981,0,0.000550381819602785,0.000252901050377114,0,0,0.00152267719641244,0.00181266448246463,0,0,0,0,0.000871485751602054,0.0117740886400904,0.0269559290813827,0.0373317386445326,0,0.0310678252891782,0,0,0.0253823722766037,0,0,0,0,0.00249469630528597,0.00108981443462038,0,0,0.00288682095814513,0,0.0022326758237066,0,0.0035769377182074,0.00173516977195522,0,0,0,0.0204329530388855,0,0.0355966541557995,0,0,0.00952445138297521,0.000194233206632003,0,0.0270881722474018,0.000781209811530199,0,0.000804020197554972,0.0148266518067383,0,0.0500087819932345,0,0,0.0184998293427331,0,0.00302674909138525,0,0,0,0,0,0,0,0.0164345784323249,0,0,0,0,0,0,0.0001910642044474,0.0183333196276403,0.000411537971552914,0.00158036395850706,0,0,0,0,0,0,0,0.00232995736805541,0,0.0204361798107519,0,0.0127076186351812,0,0.00100068385273538,0.0328591771290584,0,0,0,0,0.00179937238320682,0,0.0176321903549721,0,0.033487099821343,0.00264782604323733,0.0136224244715201,0,0.00318169721218743,0.00042163350137436,0.031092252577588,0,1.28530037197905e-05,0.001806874583922,0,0,0.000703739951108717,0.0102879069976256,0.0306154723620889,0.000997787189420554,0.000874837710704018,0.00367170131007849,0,3.89279676945025e-06,0.00371504323192592,0.00208332309758922,0,0.000431136434973792,0.00172348903280962,0,0.00241144939831728,0,0,0,0,0.0530900119515209,0,0,0,0.00419299353002297,0,0.00114652293431541,0,0.00963040773588758,0,0.0168697951267715,0.000158265118972855,0,0,5.94763275533498e-05,0.0120900829060586,0.0216547420669814,0.0401461778450944,0.00161412385397199,0.00768518542914457,0,0.0564643713958748,0,0.000401183483378996,0.00121897498368133,0.000258176119763512,0,0,0,0,0.0172650636920126,0.00196582008707057,0.00537567230845132,0.0865826617185683,0.00500602772709726,0.00372165694205405,0.0183547336142967,0.00016406844504036,0,0.000359824723351604,0.00128670682077859,0.00142170943384392,0.000815889297018747,0,0,0.00139812417650138,0,0,0,0,0.00215344843145627,0,0.0430335137869247,0,0.000214873482138682,0,0,0.00035798887160777,0.000682139471695759,0.000195072302202866,0.000475359028163002,0,0,0.00591680765677758,0.000235806541231951,0
0.0108613488680605,0,0.0347650007916363,0.0203305924873962,0,0,0,0.000585523940570441,0,0,0,0.00152143288087525,0.000639696641644612,0,0.0161446585888911,0.00242434693345252,0.00101171679864044,0,0,0.0274370006407077,0.0122004176893609,0.0011368018692662,0.0189143319856533,0.00037729930476731,0,0.0151221279563749,0,0,0.0173171471216286,0.00184214452517632,0.00170002063987776,0,0.00120425711037121,0.0123573069479434,0,0,0,0,0,0.000763014847323342,0,0.0504978846680118,0,0.000195454506157058,0.0378257683978015,0.00196475766734144,0.0013685305938542,0,0,0.000580043046733891,0,0,0.0174769286392801,0,0,0,0.00169558877048478,0,0.00272273433531115,0,0.0107262083711995,0.000791440747841651,0,0.0312715909716212,0.00151855906908856,0,0,0,0,0,0,0.0189474501151505,0.0278305298198253,0.0015706308418911,0,0.00986505482047574,0,0.0382509269378886,0.00233467465285623,0.0150681872550545,0,0,0,0.000337760640927563,0,0.0171697566605084,0.015389945004876,0.012272340016568,0.0636029057038271,0,0,0,0,0.00997644687957556,0.0175964166666691,0.00311044459817656,0.00106565381981964,0.0023345060005744,0,0.0122003270529623,0.00228039481841659,0,0,0,0,0,0.0275554072109654,0,0.00175049956650908,0,0,0,0.0120848178696824,0,0.030561478780991,0.0376544767621591,0.00870287301131646,0,0.0177620193522611,0,0,0,0.0446826796286009,0,0,0,0,0,0.00849119542956906,0,0,0.0023642991694733,0.0131345247162941,0.000996232063717134,0,0,0,0.0118634957715379,0.000541141076368513,0,0.0119169578998806,0.00347712836770738,0,0.00124415130538884,0.000854506529988687,0,0,0.0140831956292315,0.000104251224937702,0,0.0139003892002532,0.000416159954284557,0.0452847697468026,0.00117277709573631,0.00532175013467695,0,0,0.0519878970680444,0,0.0167612695097928,0.0339531611072791,0,0.000209000745814429,0.0230247939057768,0,0,0,0,0.000727454759696686,0.0195233748965629,0,0,0,0,0.00152850281732992,0.0175386393303897,0,0,0,0,0,0.0169876770433579,4.25669311555035e-05,0,0,0,0,0,0,0.0016165599792811,0,0,0.00164568986496863,0.0324082130595056,0,0.0003644220538768,0,0,0.0127979490900493,0,0.00340752420146203,0,0,0,0,0,0,0.000218903966563578,0.0105756550857377,0.00227117441025769,0,0,0,0,0.0459426532356246,0,0,0,0,0.000218151918639827,0.0187465515444627,0.000232735342723565,0,0.000886411135799263,0.00151251159327467,0,0,0,0.000556766172135469,0,0.0154495639566446,0,0.00283119835764977,0,0,0.00159114462791583,0,0,0,0.0279457210542474,0.00142760534383641,0,0,0,0.0451107200533021,0.0213263510970054,0,0,0,0.0272659646405296,0,0,0,0.000272539281674793,0.00144561463501026,0.00356078121192625,0.00249155300580728,0,0,0.00191824704284939,0.000835277184405449,0,0,0.0194671130330438,0.00509254575185776,0,0,0,0,0,0.00094012903958133,0,0,0,0.000217145642167594,0.00221118429397819,0.000235429875161054,0.00193878180525122,0.000582006594244157,0,0.0253151326308605,0,0.00089017251097037,0,0.000167582152747523,0,0,0,0,0.025502497345184
0,0,0,0.00340023361214102,0,0.0258239543042707,0,0,0.0409693332463622,0,0.0022793922387419,0.000962391785929168,0.000534144469222255,0,0,0.00149953728267762,0,0.000324243765225027,0,0,0,0.00270166683844429,0,0.0180773145771161,0,0,0,0.0039718364035221,0,0,0,0,0,0.0295153362373828,0.00341927898332079,0,0.0372330389737729,0,0.0261096493405872,0,0,0,0,0,0.00244284347148284,0,0,0,0.00113848411997669,0,0,0,0,0,0.001266630244084,0.00229562298106993,0.000690525084649743,0,0.00306566152099589,0.00442700768146721,0,0.000315350290644837,0,0,0,0,0,0.00121320571976765,0,0.00379411556493868,0,0.0342258811211713,0,0,0,0,0.0288944400257015,0,0.00371085891839234,0,0.0266121154759546,0,0,0,0,0,0,1.20011591840664e-05,0,0.000827012908738017,0,0.000802578571078529,0,0.00456317805391149,0,0,0,0,0,0.000378508453089875,0.00529614108966013,0,0.00040201510553824,0.000454405649194382,0,0,0.00128581799745988,0.0362843335306078,0.00104669793955615,0,0.000127340088363046,0.0013019738070329,0,0.000930642216521085,0.000233806651898488,0.00683914902092092,0.000139875149027702,0,0,0.0012264539764516,0,0,0.000855330626533731,0,0,0.00521049023286935,0,0.016909756120221,0.00138744215843153,0.00187192046712671,0,0,0,0.0014249910581073,0,0,0,0,0.0055713798206681,0,0,0,0,0.00448143687280004,0.032638746366831,0.0343959119884089,0,0,0.00132805960644828,0.00120266241768198,0,0.0226081551351208,0,0,0,0.00192485885821841,0.00342016398894111,0,0,0.0711156328911035,0,0,0.00689129830304442,0.00412263540965673,0,0.00255514474308953,0.00408329744457576,0.0339019628705105,0.0325827250197008,0,0,0,0,0,0,0,0,0,0.00267720354350163,0.0522532084756219,0.0286691140229232,0,0.00436838530240763,0.00544595862150794,0.00315473361034836,0,0,0,0,0.0581130717758616,0,0.00156304973844534,0.00429939842505653,0.000442248750641908,0.00262664093630719,0.00315445386925071,0,0,0.030977931202159,0,0,0,0.00038328283181224,0,0.0408302321108511,0.00336189938847233,0,0.0038322274331112,0,4.01454451559992e-05,0,0.0186504651212368,0.000160720768443671,0,0.0453798209932752,0.00139653224481961,0.0320078095154986,0.0286988505287998,0,0,0.00245750249868346,0.0351086401646811,0,0,0.0019781607630842,0,0.0610296777088589,0,0,0,0.0041765610922384,0,0,0.0294502452093689,0,0.0055990375269229,0,0,0,0.00611376547733686,0,0.0297308860400146,0.0729525712681741,0.000871369380300284,0,0,0,0.0031665703677977,0,0.0612820357645755,0.000615766962892023,0,0,0.00347744901209082,0,0.00434043281613873,0.00096324995783005,0,0,0.0117056565915814,0,0.00199427116057839,0,0,0.00459836500114762,0,0.00441254801661533,0.0078909698590688,0,0,0.00701840074408075,0.0623494177529165,0,0.053089768415302,0,0,0.0275526625813061,0.00328900320974456,0.000426408275513031,0.0523673679516522,0.00324680877156719,0.00210836160529648,0.00282160377256438,0,0.0031576234426643,0,0,0,0,0.0525632081480021
0.0061358651723489,0,0,0.0062751023518655,0,0,0.00934579337770985,0.000294763608074874,0.00312608812643174,0,0.00624368165994557,0,0,0,0,0,0,0.00501952109721887,0,0.0214978197884581,0,0.00287858273298146,0.00313670794461753,0,0,9.31170649486039e-05,0,0.00411818040532177,0,0.012377310360493,0.0935601065889385,0,0.001085159173929,0,0.0136126190654093,0,0,0,0,0.00245679004964275,0,0,0.00019877792125004,0,0.00500560515312902,0,0,0,0,0,0.00210771750850683,0.00315036285691625,0,0,0.00288901369720359,0.00220077122105695,0.0048419520032343,0.00319504434290596,0.0128013011034776,0.00946774240664292,0.00660409616024782,0,0.000207501665253853,0.0199471862466295,0,0,0,0,0.00861635627412876,0.00160167447965158,0,0,0,0,0.0211908918282819,0,0,0.0030827568930563,0.00490828557866182,0.0799736420642781,0,0.00335110132214596,0,0,0,0.033345041841411,0,0.00232997952716766,0,0,0,1.19486495632856e-05,0,0.00613800603241574,0.0196500039360632,0,0.0110315959249613,0.00114436860049293,0,0.00423722881832451,0.00395944460067069,0.00315002196201555,0,0.0128363878059198,0,0.00284827583482562,0,0.00545019297761934,0,0.0459272057349618,0,0.00351024770234605,0.0500269213319143,0,0,0,0.00382184457019719,0.0175525625224013,0,0.012796880362244,0.00271887363255562,0.0101236290780746,0,0,0,0.00795273550396919,0,0,0.000990769968264289,0,0.0401740190617804,0.000459365719621775,0,0,0,0,0,0,0.0120216571693083,0,0,0,0,0,0,0,0,0.0234071929220089,0.00167477364731081,0.0020403404778069,0.00181846070376097,0,0,0.000301522092092554,0,0,0.00445278524256522,0.024931240249996,0,0,0.00264565865729867,0,0,0.0048070302687349,0,0.00604898980541216,0,0.00197369568019882,0,0,0,0,0,1.5098775809869e-05,0,0,0.0210380384263881,0.00204364368209407,0.00126004279487531,0,0,0,0,0,0,0,0,0,0.0265245421266145,0,0.0298422990471403,0,0,0.000427348482773341,0.0108498595752275,0.00114974128120599,0,0,0,0,0,0,0,0,0,0,0.000676586745993527,0.0126483012089705,0.0280021907157708,0,0,0.00217496180363287,0.024326237638419,0,0,0,0.00364497825522187,0.0148893478287073,0,0,0,0,0,0,0.00639783247779193,0.00719388061830885,0.0262090251714862,0,0,0,0,0,0,0.00074380952424379,0,0.00482404112225899,0.0224038780307812,0.0330999822929758,0.064194992590976,0.0150515947009099,0,0,0,0,0,0,0.00293660180730349,0,0,0.00234836249303763,0,0,0,0.00262083230321178,0,0,0.0143327762926725,0,0,0.0102337071601167,0,0,0.0175233508237361,0,0.00176720604734715,0.0158644935082473,0,0.00440423360857931,0,0,0.00590249435201835,0,0,0,0.032378975194654,0.0363996553278099,0.00916453036245673,2.64103390897228e-05,0,0.0208243324980519,0.00941089254304377,0,0.00149018257879172,0.0688371518200647,0.0021671167205722,0.00865079501797138,0,0,0,0.004220382592878
0.0026767596313159,0.000797191828465159,0,0,0,0.00149476690955038,0.00188810434987565,0,0,0.00902219126510821,0,0.00306002471350645,0,0.000842427217219615,0,0.00424888306690886,0.000376593861377678,0.00491836199093369,0.00381055459100214,0.00663756938190342,0.00333761794689377,0.0217582776372967,0,0.000991889716810431,0,0.00085810597616822,0.0260079905643457,0.00349022490013609,0,0,0.00241502500046829,0.0121484245828521,0.00110307599223511,0.000520600964313749,0.000217486326809178,0.00624443386124129,7.08745962598452e-05,0,0,0.000539795636416762,0,0.00278591775954303,0.000219153334805015,0.000743661825136827,0,0.00276633843503051,0,0.00237717102965657,0,0,0,0.00138133643082272,0.000110268974517681,0,0,0,0.000142222764638127,0.00326941300380865,0.000251484923276702,0.00136897321277472,0.000262810585535542,0,0,0,0.000340345380487849,0,0.00529929015325589,0.000227580609921271,0.00138197339899949,0.00160311555694131,0.00135690892185381,0,0.00300570677468212,0,0,0,0,0.00249333495477319,0.000751023496632656,0,0,0,0,0,0,0,0.00368932443229829,0,0,0,0,0,0,0,0,0,0,3.6659223050995e-05,0,0,0,0,0,0,0,0.00156007791439235,0.000507147979454187,0,0,0.00870081501230119,0,0,6.41733477287441e-06,0,0.000392585313554957,0,0,0,0,0,0,0,0,0,0,0.000937321934063654,0.00558198086169079,0.00206635348821213,0,3.9460500036639e-05,0.000379652089293353,0,0,0.00463946530660662,0,0,0,0.00409309013861747,0,0,0,0.00188433400436333,0,0.000777472685635844,0,0.00424461670254923,0,0,0,0,0,0,0,0.00367023232365398,0,0,9.05876873761361e-05,0.00123506746084713,0,0,0,0,0,0,0,0.00170396290977071,0,0.000287311972052773,0,0,0,0.001459015206162,0.00236196662888917,0,0,0,0,0.000529854415980499,0.00646701673786555,0.000997522651972774,0,0,0,0.00145960768900616,0,0.00239562423979638,0,0.000146433929522653,0,0,0.00101885561738247,0,0,0,0,0.00155542226366932,0,0,0,0,0,0.00162880666648892,0.0017716518099829,0,0,0,0.000316534239306154,0,0,0,0,0.000544499845716098,0,0,0,0,0,0.000226329821479365,0,0,0.00182147982760335,0,0,0,0,0,0,0,0.00191900726416398,0,0,0,0.000272991738626278,0,0.00011855960134793,0,0,0,0,0,0,0,0,0,0,0,0,0,0,0.000707942220490583,0,0,0,0.000458346181141367,0.00256546380102347,0,0.00171208239307189,0,0,0,0,0,0,0,0,0,0,0,0,0,0,0,0,0,0,0,0,0.0039630260533706,0.00496247554179078,0,0,0,0,0,0,0,0,0,0,0.00366775499802594
0.00442978098520628,0.00828625122124128,0.0168893582653068,0,0,0.00330227919735252,0,0.000658558068702716,0.00282762354501426,0,0.00424991104360989,0.0016377781311616,0.00102833193431879,0,0,0.00587859131087895,0,0.00179505345527524,0.019526766353617,0,0.0180528091063999,0.000334169604907847,0.00129625570896648,0,0.00338820730373517,0.016338386225676,0,0.00374932783953931,0,0.00199092821302368,0,0,0,0,0.00537140980487809,0.00544396626965732,0,0,0,0.00114106591102444,0.0209145348533752,0.0236270361904588,0,0.0130975449303902,0.0269772695816202,0,0.000221357014901594,0.0318670413742276,0.000457772065059334,0.00325096059714713,0.000292011612872099,0.0193414722647357,0.000804096248999408,0,0,9.6024700821408e-05,0.00214128700286883,0,0.00435719513302769,0.00211730162786622,0.00481761354613389,0.00122830668587273,0,0,0,0.040608088667654,0,0.00012007324069408,0,0.00197612652875493,0.0165431388590315,0.0231620344919087,0,0.00144941403420852,0,0.0101743939893984,0,0,0.00512189006170708,0,0,0.0287105263468561,0.0175707703596029,0.0146572077406219,0.05012628180565,0,0,0.0150314376166572,0,0.00152220222287496,0,0.000591833949812193,0.0071771289142223,0.00493622749031817,0,0.00143668527928142,0.00632694418753302,0,0,0.0030197853991303,0,0.00627354285430816,0,0.021999550009844,0,0.00457380105757831,0.000163219853416654,0.00202119223712225,0.00179100541256844,0,0,0.0083309834363888,0,0,0,0,0.00109129174395296,0.0287242883505711,0.0320513227686418,0.00753882925441262,0.000978061636560935,0.00405314005462482,0.00497397168884991,0.0288057868889293,0.00972817351523661,0.00397407848010369,0.0276527092534879,0.0203334446784777,0.0104003815072548,0,0,0,0.0239654902923425,0.00195946580523998,0.0172897227020257,0,0.00040311877933003,0.00984835964313915,0.00794059392069984,0,0,9.40810211954249e-05,0,0.00160333479694362,0,0,0.0205386861909766,0,0.00376366025640773,0,0,0,0.0121716037111107,0,0,0,0,0.00292214181991996,0,0,0.0113661221999921,0,0,0.0104816829950139,0,0,0.0304748046376923,0,0,0,0,0.0021357493463795,0.00190330612883694,0,0.000994104550090116,0,0,0.0126284510470689,0,0.0209459932921525,0.00226594161220746,0,0.000239286242444013,0.000910468018253588,0,0.00172461476725168,0.000178152702780468,0,0.0222776818806478,0,0,0,0.00370038858034677,0,0,0.000919055149274324,0.0205884258156697,0.0340703937212941,0.00374764181109405,0,0,0,0,0,0,0.00129076799891048,0.0224336201701371,0.00431107938153088,0,0,0,0.000178774582198009,0.0123076249820905,0.0104305690912663,0.0149878798732431,0.0442079779195019,0.000789430440646195,0.000222539633515437,0,0.00582451898112133,0.0264667698476146,0,0.0231062855294891,0.00203346147735918,0.00563286397217739,0.0243861952386056,0.0140677181300812,0.0159104657607622,0.00275877396485558,0,0,0,0,0,0.0150334313283058,0.00442703607248093,0,0,0,0,0,0.0154102945106513,0.0119763988100624,0.000486750455991004,0,0,0.0140955145227811,0.00784311842030625,0,0,0.00820390841626601,0,0,0,0.0176134196232838,0.0296217241717304,7.90825802719345e-05,0,0.00750403978415377,0.0038497209686417,0.00327909136890935,0,0,0,0,0.0064693511674754,0.000624720544647976,0.00257273573190531,0,0.00278239150286967,0.0758402724848065,0,0.00164478627840582,0,0.00426785671197926,0,0.00410256636594916,0.00899432337181742,0.0555175106469617,0,0.00507808201558329,0,0,0,0,0,0,0,0,0.00238418101409891
0,0.00139546100465263,0,0.00187570803255946,0,0.00829398385652214,0.0121209382345191,0.0032214203212636,0.00301082397378333,0,0.000410178271179659,0.00193432550259284,0,0.00867762593517247,0,0.00421543841030038,0.005420628836662,0,0.00150465362125944,0.0015719402705873,0,0.00259938571879663,0,0.0074049535056647,0.018845521452271,0,0.0129463981807994,0.00232351817415745,0,0.0011949959193514,0.0352932173077935,0,0,0.00962630521594516,0.00047449619978511,0,0.00286218653674714,0,0,0,0,0.0049889480007609,0,0.000425540083824424,0.00112324095666885,0,0.0188961771253455,0,0.00544997449174873,0.0232726001424537,0.0337746647625362,0.00387648918889591,0,0.000395866578011302,0.0275729829319597,0,0.0360445723258311,0.0212702922019975,0.00125876909839835,0.00547185743871308,0.0727500416051972,0.00286611914477247,0,0.000378437355977129,0,0,0.0678375171774992,0.0020499777360173,0.0139796761102822,0.00465808130078564,0,0,0.000630139768442196,0.0041344329628682,0.0211683111130163,0.00148878261195286,0.000590079644915335,0,0.00139501156458436,0,0,0,0,0.0289925384735337,0.0147136807812463,0,0.00202099866799471,0,0.0162280055105514,0.0066513369828059,0,0.00110877148871812,0,0.0164584175757381,0,0.0237205998044242,0.0533647685673786,0.0210500813005245,0,0,0,0.0169218251496525,0,0,0,0,0.000580594892870519,0.0120107154052573,0,0,0.0021683204025824,0.0199717237824184,0.000326688940042102,0,0,0,0,0,0,0,0,0,0.00195618964396805,0.00380570293366513,0,0.000586759376085733,0,0.0106915681103665,0,0.00231586354838314,0,0.00165284514345476,0.00143852517073507,0.00319648149134295,0.0154002196249249,0.00266322823283191,0.00190021783773711,0,0,0,0,0.0323099785120308,0,0.00364293571183554,3.76993812648507e-05,0,0,0.0201155523683539,0,0.00296360004674881,0,0.00534773827289541,0.00787190017400713,0,0.00586639452310776,0.00144395695910052,0.00130929907261411,0,0,0,0,0,0,0.00230012431115901,0,0.0251490615377026,0,0.00112199581795671,0.00340634026784267,0.00352811940497693,0,0.0035979690458127,0,0,0.00675014807182934,0.0684107743553474,0,0.00114596567495977,0.00431929511299689,0.00540269385170927,0,0.0207716095835013,0.001953761622986,0,0,0,0,0.00316566578088657,0,0.0246639958782093,0.0177733633353043,0,0,0,0.0174951395535255,0,0.000564849833500139,0.000963266376005064,0.000110123297015844,0,0,0.00258172054727314,0.028342203270617,0,0.00386162925176753,0.00200150809115345,0,0.00819200982143418,0.000180157469633112,0.0010660715528637,0,0.00438959377123275,0.0217008647906748,0,0.00189766006714484,0.000162609796550209,0.00199219953757564,0.000745973488665891,0.00217657627989877,0,0.00410406330512383,0.0028141103637024,0.0022552892403399,0.0871753665713551,0.00145372975727016,0,0.00203489649228115,0,0.0134224629040212,0.00378453581995292,0.00354327605908514,0,0,0.00325948345260379,0,0.0257335526920691,0,0,0.000431812494914147,0.00431907869493366,0.003297749431843,0,0,0.0803852202384988,0,0,0,0.00128192400814347,0,0.00244807397779272,0.00509549087922505,0,0.0203762327018159,0.0348340023302303,0,0.00135859160457997,0.00234713823824753,0,0.0224785330379786,0,0,0.0120217513238144,0.00336142657311381,0.0214263680621517,0.00143953812060781,0.000769070947594661,0,0.0016323914202937,0,0.00699517195563213,0.000307841160688053,0,0,0,0.0470034493366278,0,0,0.00206273569642163,0.000559363782811101,0,0,0.0489065684618886,0,0,0,0,0,0,0,0
0,0.0131503977318305,0.0256733548076071,0.0010904658870706,0,0.0231864252396037,0,0.00504688399868053,0,0,0.00384780463763001,0.000685837435853722,0,0,0.0296063867183219,0,4.78895454048108e-05,0,0.000775573532149496,0,0,0.0016355881039726,0,0,0.00251899830570926,0.0017749676972774,0.000528159889701702,0.0154442918562384,0,0.0376194545836977,0,0,0.00101105963467495,0.0026661582784707,0.00253851826145062,0,0.00285584148058384,0,0,0,0.000751127878500053,0.00506881596029697,0,0.000679772391960015,0,0.00143046220730055,0,0,0.00541514181184014,0,0,0.00210945385587009,0.0483499168532478,0,0.0308470011422278,0,0.00886119790783587,0,0.000868012956270028,0.000110608105774621,0,0.0130728186453118,0.0157041024191314,0.0457874573005739,0.00162898770341081,0,0.0135429696834411,0.00293039889839233,0,0.0210585746114562,0,0,0.00215378613461432,0.0585832250079293,0,0,0,0.071091525501242,0.00434817738767147,0.0249939271412199,0,0,0,0,0,0.000882058218184342,0.000569081465774711,0,0.0527783119974654,0.0297690672769742,0,0.00129944913312562,0,0.000328737350195305,0.00302910076484482,0.00015370027898315,0,0,0.0248973949352888,0.0155383098725384,0,0,0.000668156489653379,0.0461074686985697,0.033380098215215,0,0,0,0.000157239141270248,0,0,0,0,0,0,0,0,0,0,0,0,0.00020959650672939,0.000518493173451547,0.000971567070077817,0.00307847203813031,0,0.000233058927199596,0,0,0.00187403302997392,0,0.00118575537802848,0.0545737489910274,0,0,0,0,0,0,0,0,0.00107736959486945,0.000394669263546827,0,0.000509781002105893,0.0393913792985854,0,0,0,0,0,0,0.010689752567609,0.00137805221165969,0,0.0136155873451446,0.021551645982235,0,0,0,0,0,0,0.00277652787176477,0.0155016902501158,0.00104252918693074,0.0243982923354409,0,0.00790926456869947,0.000633621884938211,0,0,0,0.000879407473791863,0.00178983423987269,0,0,0.040444663573378,0.00453166385876172,0.000893323995181939,0,0.0517482457610164,0,0,0.0162367762826851,0.0144642601673204,0.0437801385847971,0,0.00135105199894751,0,0,0,0,0.0225721172724609,0.00884276125979377,0,0,0,0.00788045867429555,0.00301254050498244,0.00235917047678232,0,0.000689853338059409,0,0.00216399559279617,3.19667923163241e-05,0,0,0.000355739926721581,0,0,0.0029375183364497,0.00130710281678824,0.0448386628480834,0.00164007740379443,0,0.00015574099134027,0,0,0.00553728453279729,0,0,0.00201431070612576,0.000101097489918278,0.0445592461377709,0,0.00204882655016567,0,0.000200907135576401,0,0.0387382652511189,0.000399607162547416,0,0,0,0.00467231529060113,0,0,0.00313276358449457,3.65959247285319e-05,0.00203289345596553,0.0538416833517984,0,0.000350778304997888,0,0.0117267668156307,0.0194572216596247,0,0,0.00175769942870631,0.0481245094132379,0.00298489101563015,0,0.00453252633809269,0,0,0.00191441999897554,0,0,0.0185116545398772,0,0.00317696213861556,0.00268736692311569,0,0,0.00348697605111888,0.0303253106062943,0.00203688586022935,0.000773176938058011,0.0776101444988659,0,0,0,0.000907919189926216,0,0,0,0.000956890497271145,0.00183763215384416,0.00243103101591025,0,0.00635760718697357,0,0,0.00137337652345879,0,0,0,0,0.00363597931084107
0,0.00960635772763415,0,0.0262070050218284,0,0,0,0.00229293031871016,0.0307585958115116,0,0.00691448933061569,0.000260655652008632,0,0.00335289960527883,0,0.0184699262890702,0,0,0.000952783189421796,0,0,0.00733758467914782,0,0,0,0,0,0.00149695826595101,0,0,0.00819573070781333,0,0.010188826128651,0,0,0,0,0.0026360729263326,0,0,0.00804330488172149,0,0,0.00901437403834782,0,0.0268377143476324,0,0,0.00469771845498639,0.00243704092907465,0,0.0193050194379876,0,0,0,0.00817118098796804,0,0.000593968668688793,0.00692466643475978,0.0117788994541402,0.00363699683283031,0.00559451519653994,0.00980547414244207,0,0.00335327059017711,0,0,0.000203565187720285,0,0.000896502366553411,0,0,0,0.0250718127675784,0.00393842983938611,0,0,0,0.00301040320645481,0.000671017810665184,0,0,0,0,0,0.0150969476010922,0.00194970447848826,0,0.0361099085377963,0,0,0.00138648339156614,0.00163710636289073,0.00672925211254391,0.00149692827307218,0.0300526082717285,0,0.00925366536851181,0,0.0105788103644861,0.00782733823553513,0.00013874499418666,0.00803553717278985,0,0.00151550029539996,0.00509319666272315,0.00416051366670743,0,0,0.00876516201698635,0,0,0,0.0016209554773497,0.000367190214676359,0.00798177600060555,0.00514605102317463,0.0421006349869685,0,0,0.000302300047181432,0.0330513404634941,0,0,0.00191647083544127,0,0,0,0,5.9283525883097e-06,0,0.0106284437876914,0,0.015714394957431,0,0,0,0,0,0,0.0245506894079685,0,0.014588049702004,0.00603455505618532,0,0,0,0,0,0.0069160712688753,0.000361849935755576,0.0191452538758852,0,0.069228587723889,0,0,0.0160475389526159,0,0.0243326055428946,0,0,0,0.00229343383780534,0,0,0.00513022161019002,0.00594024556835956,0,0.00217698415637239,0.0320581602713761,0,0.0129024382100879,0,0.0164448976239063,0,0,0,0.0145584260513455,0.00650135956735157,0,0.0100983989549926,0.0108833222341443,0.0018787613447107,0.0214387071286464,0,0.000753381787502613,0,0.00934339197615361,0,0,0,0,0.0201907119079583,0,0.0121371208120022,4.64998657509556e-05,0,0,0,0,0,0.0186155086164704,0.00686955424369043,0,0,0.0102420397904179,0,0.00864934095246742,0.00134615892090575,0.00103848692684671,0.00494970961990857,0.0015943731696018,0.00701082906897687,0.0226896525199666,0,0,0.0003462218667036,0,0,0.01185665785693,0.000886280400612752,0.00900562854472048,0.022086485232987,0.0139558498759814,0.0129414777955391,0.00856511182732916,0,0.0237813431649482,0,0,0.0125849767229712,3.62771049412737e-05,0.0167681011830202,0,0.0160246471455307,0.0023448787088969,0,0.0486134931139152,0,0,0,0,0,0,0,0.00161632085504636,0,0,0,0.014261301333065,0.0408946538523889,0.113666895277648,0,0.00291160779647513,0,0.00132984266326238,0.00421310059961662,0,0,0,0,0.000734167879132199,0.00919926850563495,0.0387845107092244,0.0156486061141018,0.0029819862246158,0,0.000507558890852016,0,0,0,0.0183194479721147,0.00115815224401899,0,0.00152019954521416,0,0.0238858059708105,0.000395989170266318,0.00184537462342999,0.00254202262401813,0,0,0,0,0.00234960479967587,0.0029273446980965,0.00130248914491806,0.017244416550345,0,0.0164951817141768
0,0,0,0,0,0,0,0,0,0,0,0,0,0.00143214656053632,0.000395082263600978,0,0.000119321645903511,0,0,0,0.000923608659707888,0,0,0,0,0,0,0,0,0,0,0,0,0,0,0,0,0,0,0,0.000294091244870667,0.00419562461479063,0,0.00185702765326132,0,0.00181595105401531,0,0,0.000445792479381555,0,0,0,0,0.000352130675437149,0,0.00244242124372566,0,0.000470202856690703,0.00111280996151151,0,0,0.000828708148159333,0,0,0.00187984984021531,0,0,0.00035683488386383,0,0.000538986095846621,0.00218766722777573,0,0,2.34647726302588e-05,0,0,0,0,0,0,0,0,0,0,0,0.00577435104026337,0,0.000649878721491262,0,0.00114733070501043,0,0.000549227520208975,0.00228332759862879,0,0,0.000478575964606108,0,0.000844596682703454,0,0.00124423184628678,0,0.00318081808301142,0,0,0,0,2.01060316299904e-05,0,0.00239860428795349,0,0,0,0,0.00141920628075916,0,0.00956087742789998,0,0,0,0,0.000253052390934225,0,0,0,0.000503336965226461,0,0,0,0,0,0,0,0,0.0026009708611673,0,0,0,0,0.00192433021129943,0.00824110268174758,0,0.00204130761292991,0,0.00178562479751055,0,0,0,0,0,0,0.000426935886818064,0,0,0,0,0,0,0,0.0036016830237556,0.000288089936077235,0.00106878541544109,0.000217654287750224,0,0,0,0,0.00169857984729597,0.00174125352987758,0,0.00328530236087413,0,0,0,0.000712411151743156,0.00019990809413706,0,0,0.00611555179302815,0.000746377116216181,0,0.000304219662101964,0,0.00197466871795719,0.00446680214331447,0.0003099913937539,0,0,0.00025323584810297,0,0.00418961641335514,0.0149485757096808,0.00398753594626803,0,0.00255714838125817,3.85320070317534e-05,0,0,0,0,5.6181222357834e-05,0.0199049395716168,0,0,0,0,0.00203586355966482,0,0,0,0,0,0.00154097273854653,0.000280624068466465,0,0,0,0,0.00130233591112283,0,0,0.00145654143380757,0.00298891290717103,0.00302383115521552,0,0.00101378180007509,0.000419667787578326,0.000431096438915697,0,0.000122876448560547,0.00311959536901179,0,0.00428772765669896,0,0,0,0.00262794961658005,0.00244943903265526,0.00486739719032348,0,0,0,0,0.000104256335593131,0,0,0,0,7.58877713123576e-05,0,0,0,0,0,0,0.000148452340537162,0.000328326779670441,0.00327164495913601,0,0,0.000900704564417054,0,0,0.000709756056104525,0,9.48496860353951e-05,0,0.00240108081792343,0.00564081889290059,0.00106970171944599,0.00270346988518226,0.000132512236522043,0,0,0,0,0,0,0.00135849785376737,0,0,0,0.00246499515590047,0,0,0,0,0,0,0,0
0,0,0,0.00510839109343224,0,0.00344148815180577,0.00191878824545361,0.000639991754253878,0,0,0.00288799690328417,0.00259567713568896,0.00124567427625454,0,0,0.00113165309615272,0.00263178703516435,0.00259290807079757,0,0.0115858609947762,0,0,0,0.0249724338087625,0,0.0021460844762624,0,0.00208580819944564,0.0559470486611487,1.80411150281e-05,0.00189475720570929,0,0.0613637029415153,0,0.00487703851489636,0,0.0246860717247873,0,0,0.0120761525394666,0.00186985063881283,0,0.00185761795613017,0.0014687950213808,8.56948612559619e-05,0,0.000369745216340672,0,0.000167288724381231,0,0.0242191601119962,0.00326389868399942,0,0,0.00201216993405835,0.0211675488600081,0,0.0532971817971108,0,0.00331176177565298,0,0.000319069977774814,0.00114430198636872,0,0.00331424424263924,0,0,0.0313196369985486,0,0.000728718738449065,0,0.000532886959636426,0,0.00260720562365746,0,0.0262949938352438,0,0.000419488491825018,0.00145149376742073,0.000323630368609669,0,0,0,0,0.00577807455455855,0,0,0.041698801741073,0,0,0.0441293556108075,0.000476731311461932,0,0.000524292251473702,0,0,0.00139157363890678,4.5214099330675e-05,0.0210625353452369,0,0,0,0.000954119710600838,0,0.000370388237981733,0.00935012136786678,0,0.0380665030348414,0,0,0,0,0,0.000879664282055572,0,0.00187546254174898,0,0,0,0,0.0247746885348692,6.16076938697679e-05,0.0040574370477724,0,0,0.00109439813612739,0,0,0,0.0260088435085616,0.00276167847611611,0.004358992172854,0.00575978042435685,0.000788393219192253,0.0453959285906439,0.0336612519197246,0.00242063656236015,0.0191220027816709,0,0,0,0.000564016631464969,0,0.000446616785798723,0.00152231680093629,0,0,0,0,0.00279244031679155,0.00179374683486857,0,0,0.000238747572340834,0,0.0384104576396049,0.000383448841484075,0,0.0270332772146427,0.00156712921786723,0.00303125004922401,0.000130628490897412,0,0.00391036222390539,0.0243326091135411,0.0190315793916827,0,0.00170304241742864,0.000202695004173208,0.00227591621570793,0,0,0,1.25073458292037e-05,0.00021750490294764,0,0,0,0.00204412564291389,0,0.000753353838789927,0.00129622387756725,0.0294544469723505,0,0.0176522778039278,0,0,0.0412493982681345,0,0.0169976764969498,0.00148045420645007,0.0479933604536403,0.000552519522011501,0,0.000395806534897005,0.00466690301693152,0,0,0.000472947148027596,0.00144391039317855,0,0,0,0.00134423844046656,0.026639063326269,0.00469417930765043,0,0.00428574632785475,0.021380577113951,0.000573474438575515,0,0.00497102005058934,0.0052230368710114,0,0,0.00753212642766367,0.000392706194000221,0,0,0.00243843396684745,0,0,0,0,0,0,0,0.0279136533316549,0.000714180256134525,0.00545411770862557,0,0.000903050649017514,0,0.000738524201905951,3.97173325288622e-07,0.00100457843022073,0,0,0,0.000633934787069333,0,0,0,7.67850131944939e-06,0,0,0,0,0,0.00451318208718789,0,2.80834743192938e-05,0.051752776005275,0,0.0013603482400572,0.0030289276480851,0.00116077904739152,0,0,0.00439959617409796,0.0229540709465025,0,0.0555006444300964,0,0.00487911607907433,0.00170125135999148,0.00387084933029533,0.00150896386896336,0,0,0,0,0,0,0.031216644098179,0.00435792231124424,0,0.00279571705147907,0.000473810482846714,0,0.0230150734064191,0,0.0392074143778443,0,0.00566103877562748,0,0.0449541190834341,0,0.0740860977566343,0
0.00159479311455394,0,0.00711408879279817,0,0.00273757853740621,0,0,0,0,0,0.0192860815253702,0,0,0.00638556510857004,0.0248004459334672,0.0105653147019049,0,0.0149515394216889,0,0,0.000361543852207671,0,9.98037534079992e-05,0,0,0,0.0123161586644103,0.000669001658363943,0,0,0,0,0,0,0.000459888004440969,0,0,0,0.0261892665204492,0.00672844661856614,0,0,0,0,0,0,0.00202300946074486,0,0,0,0,0.0121168060834373,0,0.0018090410755768,0,0,0,0.0119822525086237,0,0.00120614877744321,0.00780941274092473,0.00390702646947954,0,0,0,0.00602191544933709,0.0341285248442283,0,0,0,0,0,0,0.000832996424092823,0.0111662886971947,0.00129340204985413,0,0,0,0,0,0,0.00903867869496451,0,0,0.00287504587257384,0,0.0382292360344584,0,0,0.00248887236073839,0.00214886195387595,0,0.00456664241515794,0.00262896066585164,0.00236600704835517,0.0432871976137728,0,0,0,0.000834918332181339,0,0,0.00306353125475884,0.0029016336283511,0.0147474401651922,0,0,0.000517879016897931,0,0,0,0,0,0.00132585319331813,0.0188923283629026,0.000774641070171817,0.00499680584606063,0,0.00473725999586285,0,0,0.00199331108097201,0.0281478454257867,0,0,0.0433311984576095,0.0147672399154196,0,0,0,0,0,0.0205602682793102,0,0,0,0,0.0183630351939238,0.0198515859901034,0,0,0.0409503335226425,0.00451340505933174,0.00110739089053386,0,0.0241510546543622,0,0,0,0.000904258448607655,0,0.00663546546494534,0,0,0,0,0.0359817707364156,0,0.0310092880181912,0.00217407952006175,0,0.0127426568306146,0.00146687373586619,0.00565801825051631,0,0,0,0,0,0.0139809482240502,0,0.00459170281468933,0,0.012706056635802,0,0.0508992139826446,0,0.00134151585541876,0,0,0.00463019044240458,0.00446463291582544,0.0242320926541729,9.08887714543709e-07,0.00620433166997051,0,0,0,0.0133613711993533,0.0280485784300619,0.000385081060749807,0,0,0,0,0.00563221236142197,0,0,0,0,0.020687036605965,0,0.000356704990391836,0,0,0,0,0,0,0,0,0,0.00149450546370099,0.0564027219432976,0,0,0,0,0,0.00533212453117231,0.0286198058176215,0,0,0.000557663551346048,0.00968211750272731,0,0,0.000870379511586968,0.000288910692324959,0,0,0.000794610685555034,0,0,0.00517931931206933,0,0,0,6.49724279189706e-05,0.0149283672719182,0.00875984770659671,0.0172566579768869,0.0278262119615007,0,0,0,0,0,0,0.0267679449712326,0.00132324911894159,0,0,0,0,0,0.0215932947153451,0,0.000774912735602322,0.0106348652910015,0.0162218172392652,0.00497293931858689,0.00892868124566458,0.0155334160539784,0,0.0219077201518647,0,0.0425705397286548,0,0,0,0,0,0,0.00966504700235581,0.00475494959481914,0,0,0,0.00793238218924627,0.000158604039082075,0,0,0,0,0.0208557714961411,0,0,0.00918330353705891
0.0103326141600194,0.00864786865090763,0.0228300021902863,0.00536880514521424,0.0100196782683785,0,0.000617357722086701,0.00181794468465549,0.00180064410896414,0,0.000100655617723328,0,0.00131655307167988,0.00142468602002188,0,0.0064376090054384,0.00310855315126825,0.00062320475445333,0,0.0136656316258462,0.000591157772854859,0,0,0,0.00263026718407921,0.000290414300027766,0.000100553621498705,0.00841519529684279,0.0107817545097943,0.00548341454380706,0,0,0.00155940188800707,0.0025546910893001,0.00610318023328553,0.0119360842900441,0.00145431775692644,0,0.00194127507856837,0.00655233399547689,0.000204498322283672,0.00100544410906222,0.00624431767782927,0.000854047647524307,0,0.00642232319008442,0.00182944401785835,0.0120059595177228,0.00419814946393599,0.000539707559921399,0,0.01485363693404,0,0.00651104240369231,0,0.00569542965981246,0,0.0064298509526087,0.000918449956195406,0.00173290820250755,0,0.000547982438139096,0.00895306180374885,0,0,0.00471352835057986,0,0.000413006317620787,0.000668681611617288,0.00367148842964677,0.00293916455454147,0.000446266900298463,0,0.005952163446224,0,0,0,0.00147845673930371,0.00366184706831555,0.000803492584179852,0.000245292597439227,0.00971167909349638,0,0,0,0.00674958723817312,0.00203012519923484,0,0,0.00236364442470651,0,0,0.00551421739825907,0,0.00354306993897228,0.000770871806584387,0,0.00698198157490136,0,0,0.00235533321517923,0.000616502034013178,0,0,0.00437857950545956,0.000345110127108852,0.0044141340796925,0,0.000638491976820483,0,0,0,0,0.00529686152395132,0,0.00147322943349811,0.00300059903816597,0,0.00440591586480973,0,0.000220019861021815,0,0.00650752260013488,0,0.000848478354556673,0.00143216309114287,0,0.00438147491637081,0,0,0.0317510013298981,0.0016362651553366,0.00123655264964437,0.00904542290369893,0.00387523361567122,0.00316669866576733,0,0,0,0.00261802097545002,0,0.000429205275309989,0,0.00084527661501353,0.000863279415257077,0.00216401327730745,0,0.0131462792322444,0,0.000324357425503029,0.00130129417544951,0,0.00122612520671158,0,0,0.000957690901130565,0.00936141795980105,0,0,0,0.00502694203683018,0,0.00944683622316693,0.00429559074867923,0.000218709959243349,0,0.00362530099787163,0.000632336304411823,0.00315424754124793,0.0147452086684628,0.0119842253868258,0,0.00464229932436358,0,0.010677582075916,0,0.00388589445662058,0.01742671958843,0.0153036774206465,0.000538186392809647,0.00107029245242204,0.000186082573291259,0.00130607892752103,0.0104348729119516,0,0,0.00212510243809038,0,0,0,0.00871687531880355,0,0,3.71457234574986e-05,0,0.00191753395512651,0,0,0,0.0116902280007439,0.0194739592415556,0,0,0.00577225270839196,0.0167042320576138,0.00613027604490857,0.00990573955074,0.00472314470626948,0,0.00380620303683886,0.0126743133547308,0.000311027803114424,0.00144055161084664,0,0.00740642568412022,0.0271342968808698,0.0111471335065318,0,0,0,0,0.000300730805486374,0,0.0016837684652034,0.00412318263164532,0.00994305872058136,0,0.00307890272756434,0,0.00289587668575113,0.000243684188798844,0,0.00425171839850084,0.00160602361555634,0.00218164420389124,0,0.00352897406161873,0.00137805796853556,0,0.00263919294426223,0.00159572627670146,0,0,0.0122513389882182,0,0,0,0.0670879912079933,0,7.971935196658e-05,0.0109218828692723,0,0,0.00726013984714312,0.00144138263671399,0.00155523388959773,0,0,0,0.00293651816744424,0,0.00117572520091632,0.00109313287723782,0.000890715451335223,0.00192866484604058,0.00429064730822797,0.00221608370238603,0.000469438804818461,0.0190333663774306,0.0100416299375808,0,0,0.0427478142694702,0,0.00156501306405893,0.11487890542302,0,0.00413831779582917,0.00754253792185212,0.02010334079315,0.0131327533323682,0.000982458967740209,0.00286146774779583,0.0168102410433042,0.00625984232308936,0,0,0.000604398480321873,0.000390070362443484,0
0,0,0,0,0,0,0.000875806435283079,0,0.0410194914371836,0.00062562213783434,0,0,0,0.000432306851973989,0.0051794380972002,0,0.00191738291330189,0,0.00140909976050319,0,0.000136940155778865,0,0.0351704657742162,0,0,0,0,0.00214982889777625,0,0.000912414939802941,0,0,0,0.00126221034466977,0,0,0,0,0,0,0,0,0,0,0.00237007007297201,0,0,0.000843975849988977,0,0,0,0,0.0390149435170034,0,0.00179838483123668,0.010626548674322,0,0,0,0,0,0.000261864524602945,0.00200062606163124,0,0,0,0.00110779103336923,0.00114359838935123,0,0,0.000182127442755384,0.00031757417087953,0,0,0,0,0.0286123713172438,0,0.000926168745885477,0,0,0,0.000764757978945267,0.00170488114218298,0.00034369694293466,0,0,0,0,0.00126458070632649,0,0.000566309842640881,0,0.00126176155457264,0.00109587008239019,2.63482287977131e-05,0,0,0.0226769797183636,0.000692119806613778,0.00160660221159026,0,0.0314988175930211,0,0,0,0.00534121195405936,0.0166298205867974,0,9.76645975724813e-05,0,0,0,0,0,0,0,0.0015555411143901,0.0405460342770841,0,0.00451172352416888,0,0,0,0,0.000648928359383166,0,0.00546331063497227,0.000277594026930511,0.0306312228496208,0,0,0,0,0,0.0128770737576321,0,0.0298385195367896,0.000391651220515534,0,0.000584531646204361,0.00331771803213885,0.052698655809761,0,0,0,0,0.000857233064755665,0.0297139891299599,0,0.000370666918107505,0,0.0460543181266788,0,0,0,0,0.00168358043200396,0,0.0403781772508403,0,0.000732327850456625,0.000274552416488029,0.0002225221302899,0.0365541907885875,0,0,0,0,0.00142324694434585,0.00229885327039204,0,0.043279227815863,0.000620432044452375,0,0.00312949495499024,0,0.00155021057937164,0,0.000711843818156883,0,0,0,0.00471105181883524,7.84929041694085e-05,0,0,0,0,0.000242077722759435,0.00826612120176796,0.00147035482424208,0,0.000178870964919538,0,0,0,0,0.00146129344626908,0.0429044280508946,0,0,0,0,0,0,0.0302180716024553,0.00167375372206705,0,0.00148531575659412,0.0076374099706908,0.000585015777029561,0.00535180303536476,0.00305965348344641,0,0,0.00335151496013254,0.00226228977578628,0,0.00713273152295555,0,0.00218986893827891,3.39908066821841e-05,0,0,0,0,0.00305946066122921,0,0.00303584360480139,0,0,0.0094579664706645,0,0.00143692658693669,0,0.0475234868486652,0,0,0.00219100242318069,0,0,0,0,0,0.0569288940396811,0,0.0684356815029309,0,0.000895234903873389,0,0,0,0,0,0.00320230352975313,0.002055848095272,2.90969774566747e-05,0.00160064180042943,0.0048451573701123,0,0,0.000399976494600557,0,0,0,0.000334633301493713,0,0,0,0,0.0649985771751657,0,0,0.00205767946909484,0,0.00198734202989697,0,0.00132409415167889,0,0,0,0.00097918914610274,0,0,0,0,0,0.00477612697105643,0
0.0239210085707773,0.00692120884383368,0.00663794250545139,0,0,0.00211929678136,0,0,0.00341440617194721,0.00709736365210192,0.00408135684533526,0.035194299788331,0,0.0248254513979088,0.0735402484954338,0.00619254385222603,0.00562276001135949,0.00581259406966902,0.0587131370841839,0,0.0178124018931016,0.016958429910862,0.016178410962501,0,0.00220888092871144,0.0128643354710037,0.0154802995401747,0.019159976955482,0,0,0.0107276563726569,0,0.00458235516329644,0.0157623461490133,0.00210667832637376,0,0.00162652729294867,0,0,0,0,0.014973832219064,0.00382198588258841,0.00485711409880797,0.0115346356406775,0.0150869213000076,0,0.0590055065999404,0.028430138560486,0.0260324859969228,0.00479287442094154,0.0032014028330759,0,0.0025826222653624,0.0101376337255196,0,0,0.00646856787844521,0.0401340928389064,0.00782454358879572,0,0.0169058927877376,0,0,0,0,0.00125309101961543,0.0136637577341323,0,0.0147238918130999,0.0144408334284452,0.0233750578774938,0,0.00666995785507651,0.00286491325624754,0,0,0,0.0461806722697605,0.00723728182379122,0.00412040669349887,0.0126477189980481,0.0140420638190244,0.00399267223270214,0,0.00370737991900866,0.000455990837366543,0,0,0.0117861729129781,0.00909494586721223,0.0336032888308928,0,0.00311465319422461,0.00322348775852943,0.0252465877759516,0,0.0211674645582553,0.0184004341000478,0.00936503378723312,0,0.0338938238998648,0.00168631616233833,0.0290950677563417,0.00954014039481646,0,0.00194353028922775,0,0.0198950718779617,0.0247691448992509,0,0.0374594706218597,0.00607560872805753,0.0285318788044227,0,0.0215728128953419,0.0021600436045453,0.00368953248937704,0.0500047661700367,0.00390421531805136,0,0,4.64561653803249e-05,0.0454447085685612,0.0113923476235573,0,0.00839255927294309,0.00868718545974419,0,0.014090678100976,0.0391662727608175,0,0.00775343731628367,0,0.00895605461295279,0.0194061301278824,0.0245006163026948,0,0,0.00713760625242735,0,0.00341304749082767,0.0223213684635818,0.00745827396374357,0,0,0,0.0188087671938612,0,0.0107974746586448,0,0,0.0209792143238929,0.0064832580496358,0.00643057953248879,0,0.015635722543862,0.00154228471522354,0.00833508963445116,0.0156665730018844,0.022183170126625,0.033041871860057,0.0131691042399167,0.0224586566474705,0,0.0134175297173619,0.0112113920891738,0.014058636868649,0.0038295671099492,0,0.0265107656383102,0.0112710506509072,0.0352691446930083,0,0,0,0.00679110176022238,0.0317951724829155,0.0231558664193475,0.000399107160954522,0.00265681682108492,0.0053097465986751,0.00465068587274191,0.00100222994470581,0.000972525526927233,0.00541303403988997,0,0.0142646656408376,0.0247634014462676,0.0152258374396328,0.00560552524799515,0.0165038775339678,0.00238382986258592,0.0201858842839806,0.0218284541097343,0.00329547119798336,0.00522315273311308,0.0122803798645303,0.00427558135141219,0,0,0.000289407985543015,0.0071515649168158,0.0259585582703764,0.00343100622243381,0,0.0043182619920144,0.0203576404517527,0.000798632085522085,0.0199589357518802,0.00384813468775361,0.00075493526660705,0,0.00113204626681543,0,0.000394056038894414,0.00182034049803706,0.00211323734019734,0.0108104630698611,0.00349564615359602,0.00151963608745805,0.0145704776858974,0.00294982701976085,0,0.0160221614563657,0,0.00124095032743369,0,0,0.00272871860512564,0.00930548087968699,0.0189631695199413,0.00897778632110872,0,0.00385928462226824,0.00120349806558694,0.0156304542322753,0,0,0.00857375327308032,0,0.0247872525914777,0.00133532421643957,0.0074044287931078,0,0.00159318142062748,0.0147079119488067,0.00430141849344511,0.0178220212467484,0,0.00959004877217096,0,0,0.00519819067625115,0.00536855503657882,0.010858893279197,0.00771628261381897,0.00132758615513726,0.000232614944907742,0.00811564881155582,0,0.00406989542101427,0.00385218635421164,0,0,0.0064006148032361,0.00414750635734111,0.00168558471614308,0,0,0,0,0,0.00391849175510144,0,0,0,0.00371250198104429,0,1.70929853617074e-05,0.0185459722176603,5.84879400425094e-05,0,0,0.0185924304311126,0,0.00418721277640453,0.00872076603139941,0.015288156246936,0
0,0,0,0.000380924905723335,0,0,0,0.00081419481236542,0.00392399483556251,0,0.00260040926912228,0,0.000529908386581369,0,0,0,0,0,0,0,0.00157234975106538,0,0,0,0,0,0,0,0,0,0,0,0,0,0.000517017110240809,0,0.000223712147765038,0,0,0,0,0,0.000333250208264135,0.000364526712058995,0,0,0.00231348925413935,0,0.000198562210499916,0.000392084260278918,0,0,0,0.000525927604343138,0,0.000258748560147996,0,0,0.000167871241492267,0,0,0.00495037961979428,0,0,0,0,0,0,0,6.62423845869388e-05,0,0,0,0,0,0,0,0,0,0.00118013975900099,0,0,0.0666508714434021,0,0,0,0.00104457686973439,0,0,0,1.30493746386734e-05,0.00127301844383894,0,0.000121784203940683,0,0,0,0,0,0,0.00348183374045415,0,0.00098371096295193,0.00414472002275815,0.0712105469313919,0,0,0,0.00132332233221518,0,0,0,0.00101885509883088,0,0,0.00770688206855932,0.00287936119853256,0,0,0,0,0,0,0,0,0,0,0,0,0.000439630717993476,0,0,0,0.000110056815635451,0,0,0,0,0.00259235554220259,0,0.00522389863333702,0,0,0,0,0,0,0.00101485486502873,0,0,0,0.00200476544903865,0,0,0,0,0.000270645461319607,0,0,0,0,0,0.00363509299299048,0,0,0,0.00107308998991637,0,0,0,0.000402166184978507,0,0.112031412769096,0,0,0,0,0,7.78190236118021e-05,0,0,0,0,0.00257450897002592,0,0,0,0,0,0,0,0.000996300501084616,0,0,0,0.000492655181329085,0,0,0,0,0,0,0,0,0,0,0,0,9.68147180846594e-05,0,0,0,0,0.000683912885959591,0.00240307165792525,0,0,0.00132283117915234,0,0,0.000842915159926854,0.00169735211265025,0,0,0.00229129506593688,0,0,0,0.00323920437324893,0,0,0,0,0,0.0012450881544527,0,0,0,0,0.00551941987850777,0,0,0.0062216961877224,0,0.288503367458777,0,0,0,0,0,0,0,0,0,0.0022967893020025,0,0,0,0,0,0,0,0,0.00221121208154402,0.00185060611616223,0.0007432334424501,0,0,0.00437040944169349,0,0,0.0012221737372797,0,0.00605244423376061,0,0,0.00195266119393001,0,0,0,0,0.0017625788350813,0,0,0,0,0,0.00174665576122153,0,0
0,0.00404861583188855,0.0116391964381483,0,0,0.00728817846250245,0,0.0228968824877402,0.00115716501903502,0.05411643254231,0.00140346175105908,0.0058517920413935,0,0.00288748551734273,0.000165575758571546,0.003294599396135,0.00703306992001919,0.0126648190550057,0.00912114142958386,0.0115584188402126,0.00680633225530991,0.000161646705927782,0.00686260787120713,0,0.0100254343890087,0.00145293221282358,0,0.00981529582422943,0,0.0300024182144165,0,0,0,0.00555919719175022,0.0013764282465065,0,0.00389142728864261,0,0,0,0.00308151076512481,0.0067486386690422,0,0.0019645423050953,0.000434972033992911,0.00214423358223463,0,0.00350566214084644,0.000228018154810411,0.0127139596675787,0,0.0076167844981425,0,0.0230757013804986,0.0129490363549997,0,0,0.0014803419003052,0,0.00491938038211555,0.0227847128642357,0.00987604631439357,0.00611748034952858,0,0,0,0,0,0,0.00355314347870129,0.00150574837291164,0.00347319548683126,0.0101909142473147,0,0.00134316883911816,0,0.0223312250272348,0,0.00626489868182823,0,0.0280699678686441,0.00159462772185079,0,0.00359513128502419,0.0128045313858032,0.00425746721964549,0.016782992633708,0,0.00671435059784031,0.00399901860209002,0.0263401368375434,0.00953110552586798,0.0126634521499267,0.00371554970835491,0,0,0,0.00107088868135686,0,0.0451281040701985,0,0.00644020020573652,0.0249000842907496,0,0,0,0.00190742636759162,0,0.00237206920593062,0,0.0383172858011804,0,0,0.0267124748276253,0,0,0.00162293539525462,0.00981951413348441,0.00101009912819716,0,0.00529968890249773,0,0.0171520797076591,0,0,0.0107253321053268,0,0.0149197744447448,0,0.00201852137000102,0.029072766334605,0,0.00244320147406117,0.00449748149176821,0.000609761599356878,0.022685999972455,0.00515568943986557,0.00928996455456188,0,0,0,0.0644077032738967,0.000229329147505301,0.00331658232467507,0.0102869417208921,0.0519293565286192,0.00664375484905205,0,0.0080202016441846,0.00527056640479124,0,0,0.00432135072384686,0,0,0.0110922986848647,0.00231117573930154,0.0102576372621476,0.0184449472807344,0,0.00772308860120925,0.00662996266177063,0,0.00678762511620564,0.015109379704408,0.0114411154328779,0.00754232310034518,0.010677540718675,0,0.00223132059765109,0.0124764479857255,0.00999372135226149,0,0.00133288164280808,0.00790328091169564,0.0199205662398623,0,0,0.00442606162272416,0,0.0302019277045801,0,0,0.000379729202221677,0.013824861366117,0.0262100821850431,0.0192180645981681,0,0,0.00345540295041972,0,0.0212992876066609,0,0.00776930731706892,0.0036927990264355,0.00966473787368499,0,0,0.00608318308176457,0.0020235056508063,0.00277265281974482,0,0,0.0128160460230794,0.0117105921991235,0,0,0.0190966351534713,0.00738951802987464,0.0025315217079503,0,0.00612050212761344,0,0.00449991480325103,0.0284933170494811,0.0189475321395149,0.011399218914195,0,0,0.00260137671571939,0,0,0,0.00189282709268166,0.00106566719523368,0.00574817797218518,0.00268870363244353,0,0.019119822472944,0.00587671170024726,0,0.0425968033494706,0.00125204673333407,0.00587999058412132,0,0.0523354705346978,0,0.00361890911793121,0.015668395687326,0.00162651582694255,0,0,0.00340648112556457,0.000902943610037755,0,0,0.00098189494723722,0,0,0.00491581591875244,0.00851180760735407,0.00132858729912779,0.0191984906328353,0.0147958166951311,0.0166395776906155,0.00622206764602334,0.0144242935911047,0,0.00178308869139872,0.00487145594110585,0.00141079703808868,0.00222634543831072,0.00291944884346885,0,0,0.00976971935628081,0.00152344946120365,0.000757949054802264,0.0711467061594894,0.0413495479626714,0,0,0.0441300864973722,0.00619504255213068,0.00244956804133244,0,0.0222588021951573,0.00341150564251623,0.00731859316413184,0.00415692910772236,0,0.00339554772223437,0.00162813754516672,0.0225371436799901,0.00269158499381179,0,0.00113863502913812,0,0.00916717593518497,0.0010275328661207
0.000344464591628881,0.0266329755416551,0.0176014362831189,0.00486628830534691,0,0.00132315815060468,0,0.00455862711340602,0,0.00442741478489059,0.000764322094223525,0.00200171395775737,0,0.0221044823596497,0,0.00101670439344088,0.0148088347264517,6.93809784478522e-05,0,0.0131655380839949,0.000302370624492373,0.0045327023118135,0.00228493607318297,0,0,0,0.00490266950538101,0.000437299142147943,0.00285357907014144,0.0137734840164411,0.0637318978305721,0,0,0.0100143912289214,0,0,0,0,0.0184575577121509,0.000770323670498582,0.00705549271222681,0.00404120573887181,0.0129827966037458,0.000274554687784023,0,0.0112189639795495,0,0.00608787623775486,0.00195879057157006,0,0,0.00130179854168502,0,0.000526685713697269,0.0363081123345787,0,0,0,0.00149393610182042,0.00129530487560787,0.0104557171675508,0.00280864669950727,0.0209716220721262,0.00942023883512903,0.00640081294307845,0,0,0.000712034567395066,0,0,0.00144838112608601,0.00158583533533338,0.0319861179784337,0,0,0.00286495598811987,0,0.00027424532753469,0,0,0,0,0,0,0,0,0,0.00971361810469288,0,0.00522939347625159,0.0372417881860086,0.000695973526836315,0.0146198971161083,0.00130133354618049,0,0.0323382112756537,0.00286926240039889,0,0.001477279291432,0,0,0,0,0,0,0,0.0159032731095194,0,0,0.00674267357097148,0.00339703996222009,0.0151708188353276,0.00989562919959209,0,0.00385074562231874,0,0,0,0,0,0.0150467343714698,0,0.00100008554619171,0,0,0.00161719287588236,0,0,0,0,0.00274483567009872,0.00742234980071366,0,0.00269761600080468,0.0205355536614541,0,0,0.0149788493316419,0.00164352283997112,0.000589358431634204,0,0,0,0,0.00414358453499004,0,0,0,0,0.00183470388679027,0.00851534356630841,0,0.0128223494096575,0.0295820826007536,0.00457721808024266,0.00155255456861756,0.0162273424538656,0,0,0.0217524463035203,0.0007351424954852,0.0205214959108789,0,0,0,0,0.00110243608023218,0.010394124386378,0,0.000846460868379019,0,0.000544449628948121,0,3.24603730746822e-05,0,0.0211501978912462,0.00444475569286606,0.00141225220487027,0,0.014232683269474,0.0132280404905283,0.000896897861364508,0.00391767549034466,0,0.0199701747174641,0,0,0,0,0.00268278041338682,0.0174612993719777,0.000180827752712085,0,0.0015566474036397,0,0.0130855653332421,0,0,0.000235389597427675,0.0144360951170606,0.0600872375406157,0.00505165031810925,0,0,0.00258537176273169,0.0040615281727816,0.0296241332427421,0.00330185776527644,0,0,0.0246309667948098,0.00239996900312494,0,0,0,0.00354983653873577,0,0.000394956641919294,0,0.0238554313817272,0,0.00216947633718925,0,0.000418510613039558,0.00145643141859253,0,0,0,0,0.00111357365738552,0.0161814526268413,0,0.00151541337540536,0,0,0.00779668007585892,0,0.0110237878363484,0.00086219130919183,0.00031245942142957,0.000914171359589898,0,0.00329655586060547,0,0,0,0,0,0,0.00119830871531593,0,0.0184252666315985,0,0.00459831483644573,0,0.00172822811995,0.0015240882138757,0.018318942598973,0.0263300135075142,0.00197232735991081,0.0100915950409582,0.0946258756258959,0.00159977850981562,0,0.00957732323622866,0,0.0262807145869621,0.0175417527328102,0.00115858148835442,0.00816469821940011,0,0.0356256037287058,0,0,0,0,0,0.000850656157038415,0.00104227477221115,0.00887432349348809,0.00189046342183733,0.000443228928872094,0,0,0.0016150889431171,0.00197031655655014,0.00191300244371271,0,0,0
