cell1_type5_3,cell2_type5_3,cell9_type5_3,cell12_type5_2,cell16_type5_2,cell17_type5_2,cell20_type5_2,cell22_type5_2,cell23_type4_1,cell26_type5_3,cell27_type5_2,cell29_type5_2,cell32_type5_3,cell35_type5_2,cell36_type5_2,cell37_type5_2,cell40_type5_2,cell41_type4_1,cell46_type4_1,cell47_type5_2,cell48_type5_3,cell50_type5_3,cell51_type4_1,cell56_type4_1,cell57_type4_1,cell63_type5_2,cell65_type5_2,cell68_type5_2,cell72_type5_3,cell76_type5_2,cell86_type5_2,cell87_type4_1,cell89_type5_2,cell94_type4_1,cell96_type5_3,cell99_type5_3,cell103_type5_2,cell104_type5_2,cell105_type5_3,cell112_type5_3,cell113_type5_3,cell114_type5_3,cell117_type5_3,cell121_type5_3,cell124_type4_1,cell125_type4_1,cell128_type5_3,cell132_type5_3,cell135_type5_3,cell137_type5_3,cell138_type5_3,cell140_type4_1,cell141_type5_2,cell142_type5_2,cell143_type5_2,cell144_type5_2,cell145_type5_3,cell146_type5_3,cell149_type5_3,cell161_type5_2,cell163_type4_1,cell164_type4_1,cell166_type5_3,cell169_type5_2,cell170_type4_1,cell172_type4_1,cell179_type4_1,cell180_type5_3,cell181_type4_1,cell185_type5_2,cell190_type5_3,cell198_type5_2,cell203_type4_1,cell204_type5_3,cell205_type4_1,cell207_type4_1,cell210_type5_3,cell213_type5_3,cell220_type5_2,cell221_type4_1,cell222_type5_3,cell225_type5_2,cell227_type5_2,cell231_type4_1,cell232_type4_1,cell235_type5_2,cell236_type5_2,cell237_type4_1,cell238_type4_1,cell249_type5_3,cell251_type5_2,cell252_type5_3,cell256_type5_3,cell260_type5_3,cell263_type5_3,cell264_type4_1,cell265_type5_2,cell273_type5_2,cell274_type5_3,cell275_type5_3,cell278_type5_3,cell279_type5_2,cell282_type5_3,cell285_type5_2,cell287_type5_2,cell288_type4_1,cell290_type5_3,cell292_type4_1,cell300_type5_3,cell302_type4_1,cell305_type5_3,cell310_type5_3,cell311_type5_2,cell315_type5_3,cell318_type5_3,cell320_type5_2,cell322_type5_3,cell323_type5_2,cell326_type5_2,cell329_type5_2,cell330_type5_3,cell333_type4_1,cell335_type4_1,cell340_type5_3,cell342_type5_2,cell346_type5_2,cell354_type5_2,cell359_type5_2,cell361_type5_2,cell363_type4_1,cell369_type5_2,cell374_type4_1,cell379_type4_1,cell389_type5_3,cell395_type5_3,cell396_type5_3,cell398_type5_2,cell401_type4_1,cell404_type4_5,cell405_type4_1,cell407_type4_5,cell410_type4_1,cell411_type4_1,cell415_type4_5,cell425_type4_5,cell430_type4_1,cell434_type4_1,cell438_type4_5,cell451_type4_5,cell455_type4_1,cell456_type4_5,cell458_type4_5,cell462_type4_5,cell463_type4_5,cell466_type4_5,cell467_type4_1,cell470_type4_1,cell474_type4_5,cell475_type4_5,cell479_type4_5,cell480_type4_5,cell481_type4_1,cell482_type4_5,cell484_type4_5,cell485_type4_5,cell489_type4_5,cell492_type4_5,cell493_type4_1,cell494_type4_5,cell495_type4_5,cell496_type4_1,cell500_type4_5,cell501_type4_5,cell503_type4_5,cell504_type4_1,cell505_type4_1,cell509_type4_1,cell512_type4_1,cell515_type4_5,cell518_type4_5,cell519_type4_5,cell521_type4_1,cell524_type4_5,cell530_type4_5,cell531_type4_1,cell532_type4_5,cell533_type4_5,cell536_type4_1,cell539_type4_5,cell541_type4_5,cell542_type4_5,cell547_type4_1,cell549_type4_5,cell550_type4_5,cell555_type4_5,cell557_type4_5,cell561_type4_5,cell563_type4_1,cell565_type4_5,cell567_type4_5,cell568_type4_1,cell571_type4_5,cell572_type4_5,cell576_type4_5,cell584_type4_5,cell585_type4_5,cell587_type4_5,cell588_type4_5,cell590_type4_5,cell593_type4_5,cell600_type4_5,cell601_type4_1,cell602_type4_1,cell609_type4_5,cell611_type4_5,cell617_type4_1,cell618_type4_5,cell621_type4_1,cell623_type4_1,cell624_type4_5,cell625_type4_5,cell626_type4_5,cell629_type4_5,cell631_type4_5,cell633_type4_5,cell637_type4_1,cell640_type4_1,cell645_type4_1,cell646_type4_5,cell649_type4_5,cell650_type4_5,cell658_type4_1,cell669_type4_1,cell675_type4_5,cell684_type4_1,cell686_type4_1,cell687_type4_1,cell688_type4_5,cell690_type4_1,cell691_type4_5,cell698_type4_5,cell701_type4_5,cell703_type4_5,cell706_type4_1,cell707_type4_5,cell713_type4_5,cell716_type4_1,cell720_type4_5,cell721_type4_1,cell729_type4_5,cell730_type4_5,cell731_type4_1,cell733_type4_5,cell734_type4_5,cell745_type4_5,cell746_type4_5,cell756_type4_5,cell757_type4_1,cell760_type4_5,cell762_type4_1,cell767_type4_5,cell770_type4_5,cell775_type4_5,cell778_type4_1,cell779_type4_5,cell786_type4_5,cell787_type4_5,cell790_type4_5,cell794_type4_1,cell796_type4_1
0,0,0.00197395727268673,0.0134773814537755,0.0031782452432636,0,0,0.00179535816843387,0.0188608285816309,0,0,0.0116164325556094,0.00628858901952884,0.000375204834272825,0,0,0,0.0747899298871588,0.0347560766119435,0.00195890598209664,0.0321774736734743,0.00547275514800755,0.0215393239345013,0.114964342432499,0.039630139190614,0,0.0120175804955291,0.00924529157727327,0.00658572658048079,0,0,0.00404381127103436,0.00455517111554295,0.0136460167492921,0,0.00139941190370048,0.00290562564897766,0.00163047418980122,0,0.0252911396792144,0.00344573621021106,0.00439097004710865,0.000650237197085089,0,0.0271117888517676,0.00380334701606214,0.00480583793535258,0.0015458226356589,0.0299153662038185,0.000406634544361612,0.000188927684368514,0.0219958109470004,0.00560386121727831,0.0220520469969976,0,0.000419905015989635,0.0120381615082904,0.0497237929798331,0.0195201725796465,0,0.00249585133165438,0.0521662541730841,0.00996744684134571,0,0,0.00414263723777349,0.0640592309854515,0,0.0192950574212023,0.000916274370074691,0.0730846510300892,0,0.0238696739059535,0.0325576652939678,0.00162642205953434,0.00359282040917701,0.00618608213643406,0.0235493069163672,0.000950174364801099,0.0167310847845392,0,0,0,0.0157818601702391,0.0298778098768764,0,0,0.00356040932037261,0.0707511857639111,0.0445505785802637,0,0.0855936620114405,0.00512282215135841,0.0354109808526058,0.014213796569427,0.0337797409483861,0,0.00499509776218402,0,0.00689521885730771,0.00136466346944987,0.00471400219956189,0.0169866229990883,0,0,0,0.00998123083540449,0.00338895797727409,0.0159017489447971,0.0182532455905017,0.0549756551572487,0.00235901121278821,0.00234402733221011,0.0135159532098656,0.0160876496178488,0,0.0422787719626461,0.00770238606137722,0,0,0.0138245589416433,0,0.00257459465863471,0.0242842749222435,0,0,0.00378516631272575,0.0153313056908392,0.00105190792534438,0.00512277641610291,0,0.00343792385222797,0,0.0200665302717475,0,0,0.00814437024990788,0.00789982215550517,0,0,0.00344705754786117,0.00496944594521,0.00335574060520149,0.000860786203088417,0,0.00997038718935083,0,0.00257133932163442,0,0.0305360111486171,0,0.0184132993458327,0,0,0,0,0,0,0,0.00272836452104691,0,0.00341868257005111,0,0.00283897859542373,0.0414657768260214,0.00409145604227743,0,0.0185869131230394,0.0308029319931344,0,0.0233905046807907,0.00441367702138589,0.0858241873800785,0,0.0199508947445897,0.0124855840003822,0.00788388404363671,0.0497473028400945,0,0,0,0.00154945133392152,0.00640188814807768,0,0.0172378366928745,0,0,0.046516614328874,0,0,0,0.0446817984315362,0,0,0,0.00614260876530358,0,0,0,0,0,0,0,0,0.00081637326921295,0.0187606864856573,0,0,0,0,0,0,0,0,0,0.00464367603604693,0.00539478929811723,0,0.000414933731469904,0,0,0,0,0,0.00798979283311982,0,0,0.00149860547930526,0,0,0,0,0.0189717758475344,0.0437641848620299,0,0,0,0,0.00136212661825758,0,0,0,0,0,0,0,0.0445000332578067,0.00460688927716013,0,0,0,0.00140418312626611,0,0,0.00612519936651691,0,0.00575861489177156,0,0,3.28510396137877e-05,0.0146864190802959,0.0357273995541592,0.000428635949496438,0.0312679810283411,0.0207100443522047,0,0.00998572129142799,0.000224303261242512,0,0
0,0,0,0,0,0.00159397848953928,0,0,0,0,0,0.00405235392045825,0,0,9.90869300921652e-05,0,0,0,0,0.0771215152253792,0,0,0,0,0,0.0389242205542746,0,0,0,0,0,0.00276106184473297,0,0,0.000918920532673005,0,0,0.002404620553796,0,0.0471668399187057,0,0,0,0.000590846424960625,0,0,0,0,0,0,0,0,0,0,0,0,0,0,0,0,0,0,0,0.00490848656906192,0,0,0,0,0.00227108484279234,0,0.0713896206255974,0,0,0,0,0.00100546668407381,0.000229493087664502,0,0,0,0.0015503495144314,0.000976011358738682,0,0,0,0,0,0,0,0,0,0.000397174342720084,0,0.00359420379056591,0,0.00602128606484178,0,0,0.00195289246297786,0,0,0,0,0,0,0,0.00119016612550419,0,0,0,0,0,0,0,0,0.00100700657081935,0,0,0.00178200004180788,0,0,0,0,0,0.00027462160968841,0,0,0,0,0.00171420542511824,0,0,0,0,0,0,0.000134551499786978,0,0.00118444520932779,0,0,0,1.57896165625945e-05,0,0,0.00237031658781965,0,0,0.00209124355904332,0,0.000506146283384936,0,0,0,0,0,0,0,0,0,0,0,0,0.000473354975488169,0,0,0,0,0,0.000434572410475303,0,0.0015592882226378,0,0.00753403224908383,0.00196501717274391,0,0,0,0,0,0,0.000659578738370747,0,0,0,0,0,0.0020630389379926,0,0,0,0,1.59032256973863e-05,0,0.00133981347537035,0,0,0,0.000371685422674756,0,0,0.0012934549001422,0,0.00311901064562366,0,0.000775295522385294,0,0.0066516643499139,0,0,0,0.000650452095531426,1.73970121093447e-05,0,0,0,0,0,0,0,0,0.000447534907522949,0,0.00378563112794013,0,0.00648092711718372,0,0,0,0.000517055588754174,0,0,0,0,0,0,0,0,0,0,0,0,0,0,0,0,0,0.000392877839402582,0,0.000816244259300963,0.111369357104442,0,0,0,0.00118294386288169,0,0,0,0.00222633863655134,0,0,0,0,0,0,0.000925265485223061,0,0,0,0
0.0110519457209881,0.00833864391256636,0.0243124225510881,0.0286787494880024,0.0275976751959312,0.0140451300075872,0.0247205395772579,0.0107064381096222,0.000665421385403796,0.000962362058736289,0.0612221546166818,0.0257542468458991,0.0197364401226649,0.018956787539376,0.009958359079287,0.0326917049265092,0.0213309011047313,0.00406091547006949,0.00156703299892529,0.0305466744387278,0.0161027567480869,0.00857592291430089,0.013004977149248,0,0,0.0301253385049907,0.00733380012431991,0.030314948485688,0.0110567009751195,0.0232320971411108,0.0168125295244546,0.00727806462552854,0.00867546907824499,0,0.0212413688391831,0.0171452670411357,0.00330046718114053,0.0183838607439863,0.00324848772388721,0.00603333676364879,0.020443972668161,0.00801883126755104,0.0198452256383006,0.0305068555483578,0.00355707974483311,0.0143149633529274,0.0135091958164974,0.0220801118122629,0.0140627862356394,0.000130543787077762,0.0128387279975965,0,0.0281481673743293,0.0347222692093707,0.00505280957478167,0.0345168523349858,0.00569726015272668,0.00430315808723044,0.00903666185720938,0.0273021990562697,0.00456148533422674,0,0.0101933791163737,0.0433355020494217,0.00241381310062915,0.00165759724080599,0,0.000209473674841931,0.00245190324907566,0.0171251078690317,0.0031727820867967,0.0199603979926193,0,0.00136260082140237,0.00900955870192845,0,0.00905398053287594,0.0081712630664709,0.0131553322532222,0.00137943382704929,0.00392249263833095,0.0115143577619736,0.0169319235851687,0.00743567770115015,0,0.0517489368092556,0.0483894989728926,0,0.00842986794744007,0.0276339093436291,0.0126122965960213,0.0127336766824859,0,0.00727308865702466,0.00311672855525213,0,0.0159098554044666,0,0.00672751176452902,0.000508220621505634,0,0.010128085661856,0.0113479567470586,0.0187409738707289,0.0209321853108006,0.00131131974756628,0.00718116834147792,0.0202225601200703,0.00472441716176785,0,0.00263307949931356,0.0225063158545917,0.0198058097900327,0.00564296771313666,0.019254369571513,0.00584810601608829,0.0163372242189227,0.0168203202357288,0.0134275373656483,0.0112046965722167,0.00338180802973542,0,0,0.0114708264956364,0.0112768613150774,0.0113671819361601,0.0200986694318446,0.00994037495809057,0.018699894590917,0.00459195722601411,0.00760618721306536,0,0,0.0100253221863422,0.0206833121183646,0.00856856075746788,0.00330618621732073,0.0172439811632278,0.0139934935926741,0.00160263234711934,0.00453724385951102,0.00638887420406273,0.000345670069128318,0.00473956163097556,0.0148953123866455,0,0,0.0181279461763303,0.00680067678422141,0.0105625423048535,0.00888242779249771,0.0125260021897429,0.00387936551870558,0.0215520339759382,0,0.000285531227948648,0,0.0120149786203382,0.00933659091971889,0.0157485699910759,0,0.0094975442098906,0.00467300786610715,0.00265523443087943,0.00463220112958723,0.00289214605750339,0,0.0118277241150898,0,0,0.00765865088503733,0.0105058147347673,0,0,0.00523802139174681,0.00260118857119754,0.00397635037993176,0,0,0,0.000239881872198735,0.00302441100246938,0,2.56736914733111e-06,0,0.00252102458837537,0,0.00306758542964056,0,0,0,0.00264253990532698,0.0189017596760284,0.00507767459534976,0.000513293301180888,0,0,0.0155035810239886,0.0028890384656331,0,0.00205787235239659,0.00740290600526524,0,0.00573264614344757,0.00179770101325542,0.00551823863599378,0,0.00438925309601655,0.00608113243919782,0,0.00542991459165052,0.00564783480452525,0.0179680756925106,0,0,0.00603354477398087,0.0147630913134328,0.0105312759835309,0.00497116218544487,0.00407472465756057,0.00319653513713212,0,0,0,0.00727653666678482,0.00161816377166316,0.00247596807213925,0.00485702924165372,0,0.00392293014473663,0.0056831309700494,0,0.000514901884186823,0.0356334214558698,0.00549719770598519,0.00679455490202341,0.00280299637935948,0.00123338334750259,0,0.00436527648125466,0,0,0,0,0,0,0,0,0,0.00433377647951068,0,0,0,0.00200787838152971,0.000479072940671517,0,0.00116736216963638,0.0160973974740928,0,0.00405785836341976,0,0.0110071060944208,0,0.00888418021566805,0,0,0,0,0,0
0,0.0021582648508534,0.00282916023388343,0,0,0.0002979642051388,0,0.00171355924279283,0,0.0158324563249356,0.0276627780180747,0,0.00470432299033701,0.00449401814563978,0,0,0.00439746096598854,0,0,0.00643110890651965,0,0,0,0,2.60305211490179e-05,0,0.0088347439712046,0.000881013436442913,0.0303894098375171,0.0035732149780719,0.00126473483346351,0,0.00410483470057462,0.0182613324036875,0.00714414048933098,0.0167741610542097,0.00290884273131983,0,0,0.000982074276006427,0.00317919444109986,0,0.000122645468165996,0,0,0.00413986133484266,0.00170214193832923,0.000533395364813373,0,0.0113734926427997,0,0.0102387447620343,0,0.0027451046745458,0.0100399857132069,0.00774814397144969,0,0,0,0.0475306487386039,0,0,0.000120023170522989,0.0338626610942246,0,0,0,0,0,0.0699708628840129,0,0.026364461541484,0.0127336225531975,0,0,0,0.00513506559831716,0,0.011933891289485,0.0047783401043378,0,0.028238489704452,0.042350066748167,0,0.00263097057554883,0.00609477964797686,0.0565994844781446,0,0.000823690950531589,0.0144577827074744,0.00450937147305732,0.00474145154405976,0,0,0.00331952130163177,0,0.0209505403220102,0,0,0,0.000312131599389598,0.0213115682479319,0,0.0418607394555013,0,0,0.00670233055754217,0,0.00712786829071245,0.00321716139002189,0.00727411176184269,0,0.0104077341048939,0.00559472277360632,0,0,0,0,0,0.00200015932889616,0,0.00351343447283205,0.00180487635650238,0.0020625876796433,0.000527752084623292,0.00227931509431014,0.00469397911895561,0.00142255183746819,0,0.00773442008141254,0.00202003794113134,0.00237767261905979,0,0.0039746343458273,0.00408143942812883,0,0,0.0169177733434539,0,0,0.00670299144587128,0.00802318583464949,0.00287995163650431,0,0.0115470261563672,0.0121573764430322,0,0,0.0271085538904852,0,0.0084157509778519,0.0201548517848003,0.042179973060727,0.0154277139648891,0.00369189838668918,0,0,0.00670426072798824,0.0155639109779925,0.0166985455375031,0,0.024326822527793,0.000717735206297026,0,0,0.0194164504740398,0.0242974496182625,0.000808149080046433,0.00300698240652583,0,0.00326759204621964,0.00801283363807458,0.000805330732790166,0.0125083056399767,0,0,0.0193930085766789,0,0.00229743718128272,0.00133591420312617,0,0.0183852784147245,0.000555138802082042,0,0.0123905514772695,0,0,0,0,0,0,0.000410748298741781,0.000282814106777458,0,0.00375235081665104,0.010543928098317,0,0,0.00709341808728747,0.000416880778339498,0,0.00800697655617951,0.0290256460810784,0.0187727754562011,0,0,0.0014542278495893,0,0.00101033814135024,0,0.00773664110818269,0.000843801933203659,0.00552399663482317,0,0,0.00517343419786416,0.0154656958054878,0.00645797684936645,0.00267064371431422,0.000114109342776367,0.00287842503884206,0.00817603885187026,0,0,0,0,0,0.00391615513122266,0.0224892298772712,0.000644443343506654,0.00128149030716381,0,0.00652391776791424,0,0,0.0299994728957133,0.0153658658208014,0.0279713217939346,0.000888249985021547,0.0195786998622467,0,0,0,0.00370009461630711,0.000653917841995702,0.0101125464642649,0,0,0.0207286560455658,0.00113566931310017,0,0.0118724838366552,0.00438888869560468,0.000365137178796046,0.000433475277407414,0,0.0148021878648324,0.0161743416301028,0,0.000938406563814646,0,0.00237746984124136,0,0,0.0268273768750355,0,0,0.00594394179416648,0.0440026863334472,0.00630948506853907
0,0.022438841686607,0.00420189734957098,0,0,0.00203402839096986,0.0249748335805472,0,0.00161243131319305,0.00136508879894169,0.0757611807716415,0.00188074903398911,0.00888813363927201,0.00101264376812908,0.0321857431844748,0.0171378440505174,0.0214945741075689,0,0,0.00175599955028688,0,0,9.0067546906113e-05,0.000677147232282848,0,0,0.0139554039679511,0,0,0.0900433631946874,0.00441877924765624,0.0019482282983133,0.00125923276967943,0,0,0.0241551804394104,0.0512883061124809,0,0,0.0136581379557878,0.00649534750747223,0.000349104043149374,0.00558235935619236,0.0029981845984767,0,0,0,0.00174141670781941,0.00187349203335457,0.000459507705055329,0.0316189179541114,0.0200953946070396,0.0131563147553784,0.000777051592495323,0,0.00255063922150124,0.00179383787107858,0,0.000611612977235125,0,0,0,0,0.00148519258428395,0.0677144738592723,0,0.0377666346500449,0.0426189157741732,0,0.00664946104470687,0,0,0,0.00375131255957189,0,0.00289167936198332,0,0,0.000446206732495664,0,0.00793045492910418,0.0175017965928688,0,0,0,0.00015286983765839,0,0,0,0,0.00300230451828126,0,0.00697890539003402,0.00947247744687437,0,0,0,0,0,0,0.0214311446227575,0.00195702610014668,0,0,0.000115291676631304,0.00127142064113876,0,0,0.022609624270889,0,0,0.0154126127607592,0.0206188382262813,0.00536461885345523,0,0.019783071911641,0,0.00096710406534537,0.000636669338867997,0,0.000755090269631313,0,0,0.00170421856384767,0,0,0,0,0,0.0256344486697111,0.00345863113946391,0,0,0.00225562175805987,0,0.018222001619035,0.000743588030617111,0.0601894579811641,0,0,0,0,0.00243906897705278,0.00425056608190191,0,0,0,0.0284874267513243,0,0,0,0,0,0.00242568982474479,0.0466344752625148,0,0.0461614191836356,0,0,0.00153457440005871,0,0,0,0.000153376180766732,0,0.0437002491402459,0.0135101437406627,0.000513909125595348,0,9.03428744903714e-05,0.00277595739638183,5.78304422876246e-05,0,0,0,0,0,0.00217520365651095,0,0.045570149461581,0,0,0,0,0,0,0,0,0,0.00379356732556236,0,0,0,0.00389739791573238,0,0,0.00121671748810638,0,0,0,0,0.00162064858966518,0,0,0.00201365049191682,0,0.00516458171410581,0.00379691112275689,0,0,0,0.00321695131077537,0,0.0394749295908357,0,0.0391353837168017,0.00459275771173986,0,0,0.0131703830398198,0,0,0.0258900440891539,0.0183766527288309,0,0.00135894849774378,0.00172208526298375,0.000348602318446706,0,0.00137261373329274,0.00137157537962667,0,0,0.00231834901364202,0.00200840536928237,0.0200676108855218,0.00903819338398463,0,0.064968165253944,0.00171502321606172,0.0433043719209252,0,0,0.050305819613114,0.0276350115793062,0,0,0,0.00161607891912987,0,0,0,0.00340601392425447,0,0,0,0.00479478963890487,0,0.00245141671106796,0.00293423374420984,0.0496162734566597,0.00168233995169005,0.00927630986936907,0,0.00373043582564026,0.0850701713484731,0.0283303367608676,0.0262357258314629,0.00522624077216177,0
0.00998684741602077,0.00025161657227038,0.0206547640704568,0,0.0103344909170292,0.00237170911898068,0.0115455430611198,0,0,0,0.00483792198814952,0.00576164328128392,0.0105040226446513,0,0,0,0,0,0,0.00453114815406966,0.033020228801658,0.00238783208291192,0,0,0,0.00756319154451273,0.00816374016200095,0,0.00590448479238268,0,0.00137989089844129,0,0.0186246646104045,0.000852905063413332,0.00851693417983608,0.00391206710952083,0,0.00281312490293706,0.000207642599637181,0.00356243482527657,0.00179823465866107,0.00984590253332785,0.000985047242974444,0.000488829327302388,0,0,0.000778687135020764,0.00294403002199162,0.00482463237943332,0,0.00256854105707262,0,0,0.0086347592264258,0,0,0,0.00355816723962907,0.00668213287140675,0,0.00817122630492907,0,0.00153745393775344,0,0.00230345668572242,0,0,0,0,0,0.00405364729389685,0.000685165981090458,0.0051092669598762,0.0228894525942362,0,0,0.000787106497384237,0.00108950692012077,0,0.00151113940674161,0,0,0.0225070347011936,0,0,0.000448395333823593,0,0,0,0,0.00414868265614469,0,0,3.12173734596271e-05,0.00197224371267974,0.00378750192986831,0,0.00666183301399072,0,0.00108530138633136,0,0.00118067590870502,0,0.000120262492869264,0.00406235108703206,0,0,0,0,0,0.00257403925814458,0.00295724735885923,0,0.0178420265880975,0,0.00761057834780027,0.0175768704159641,0.00787848103405242,0,0,0.0041888864611832,0,0.00264000984363462,0.00618925426172427,0,0,0,0,0.00014182480315985,0,0.00104257544730074,0,0,0.0132226000067584,0.00625631488240105,0,0.000862213934911433,0,0,0,0.000263062062306945,0,0,0,0.00849662105475391,0.00970574603073488,0.00283580033620919,0.0157277769742591,0.00650252061259148,0.0265590563377692,0.0366908387292249,0.0197501741604434,0.0288964379573438,0.0166267105636139,0.0120183524752638,0,0,0.0146064766869741,0.00356480864195804,0,0.0169732850880753,0,0.0829063043234921,0.00198547158988117,0.0178844173794201,0.0139350208035454,0.0121603846011074,0,0.00143656588373667,0.00431609810638859,0.0108033210145966,0.0189314516850497,0.00186286083057716,0.0256804248269916,0,8.60668852043453e-05,0,0,0,0.0343245333830431,0.0200848616796736,0.0109699421511165,0.0154461693154088,0,0,0,0.00850129782298432,0,0.00248807161377164,0.0786242608616911,0,0.0202925130279603,0.0689432001774573,0.0186051282561636,0.0331298851884827,0.011106358171395,0.00983110072555672,0,0.0046742258067647,0.0131771663060065,0,0.0131989774041547,0.00992154083151295,0.024340116410899,0.0070596880946163,0.0149570278900306,0.0460367400693235,0.00177499021094919,0.0160587185371281,0.02050972170321,0.00217796082276594,0,0,0,0.0131233493934814,0,0.000623386671293111,0.000607144417838398,0.00215046726537526,0.0027737561348647,0.00216599526612629,0,0.0289538794321096,0,0,3.22281787230806e-05,0,0,0,0.00284225272435511,0.00305697883259158,0,0.0015136768662846,0,0.0010230556346621,0,0,0,0.0153496188819738,0.00387180579829267,0.0266416450226821,0,0,0,0.00117753696985598,0,0,0,0.00116255853452255,0.0162105505477486,0.00835730194439185,0,0.0128939878565436,0.00303459756565487,0,0,0,0.000719341471464348,0,0,0.015151388016449,0.00286734845582183,0.00138014234302827,0,0,0,0.000408160106404721,0,0,0
0.0101504451583153,0,0.000821930451494789,0,0,0,0.000227448846246701,0,0,0,0,0,0,0,0,0,0,0,0,0,0,0.00881265696696953,0,0,0,0,0,0,0,0,0,0,0,0,0,0,0,0,0,0,0,0,0,0.00231922806558876,0,0,0,3.58281356914057e-05,0,0,0,0,0,0,0,0,0,0,0,0,0.0253495128212484,0,0,0,0.00672882815854278,0,0.0128561369236367,0,0,0.00237101827574204,0,0,0,0,0,0,0,0.00105310407251713,0,0,0,0,0,0,0,0.00231883363200944,0,0.000592898113143206,0,0.00252626281782915,0,0,0,0,0,0,0,0,0.00175809894355954,0.00147957265760149,0,0,0,0,0,0,0,0,0,0.0012138499777001,0,0,0,0,0,0,0,0,0,0,0,0,0,0,0,0,0,0,0,0.0170618644224487,0.000429300650960846,0,0,0.00291407607371111,0,0,0,0,0,0,0.00219385804040953,0,0,0,0,0,0,0,0,0,0,0,0,0.000784944572827643,0,0,0,0,0,0,0,7.75257352098867e-05,0,0,0,0,0,0,0,0,0,0.00607722086673652,0,0,0,0,0,0,0.0270989593497443,0,0,0,0,0,0,0,0,0,0,0,0,0,0,0,0,0,0,0,0.0401048167614359,0,0,0,0,0,0,0,0,0.00130602876520851,0,0,0,0,0,0,0,0,0,0,0.00203510760463408,0,0,0,0,0,0,0,0,0,0,0,0.0515632024522083,0,0,0.0239483834243145,0.000518189820021375,0,0.0063146838384398,0,0,0,0,0,0,0,0,0.000756976342131418,0,0.0171868941453417,0,0,0,0,0,0.0378856257129209,0,0,0,0,3.38192600737441e-05,0.0118690387479495,0,0,0.00243687350553509,0.0532624773678252,0.000817740832115483,0,0.000965482367335185,0,0,0
0,0.0376902995616604,0.0484005601590964,0,0,0,0.000536989310236459,0.00232395074239662,0,0.0194374541010504,0,0,0,0.0018602586368338,0.00067162244660716,0,0,0,0,0,0,0.00413863099341793,0,0,0.0298390603697426,0,0,0.000738464668195395,6.36098546574275e-05,0,0.000755497446544965,0.000755406033071924,0,0,0,0.00191616323031556,0,0.000406449455212565,0.00119851018468462,0.0196712203598781,0.00157349822602701,0,0,0,0,0,0.00304325940972515,0,0.000687081718750887,0.000818094542957472,0.00033599706236055,0,0.000458959179792446,0,0.00346142976084177,0.00427553610933294,0,0,0,0,0,0.000381296738703674,0.00368392805345443,0,0,0,0.0364964235098647,0,0,0.00158327407700165,0,0,0,0,0,0,0.000797356458570095,0,0,0.00384151815151491,0.000157430538233472,0,0,0.0345387440754551,0,0.000131674520868744,0,0,0,0.024883916192694,0.00249101309673384,0,0,0,0,0.000357291681431936,0,0,0.000371347694671632,0.000305214514904237,0,0,0,0,0,0,0.0206450293176067,0,0.00428661103210725,0,0.00202048796711595,0,0,0,0,0,0,0,0.0122492609476539,0.00121187589466787,0.00180525087856236,0,0.001779651764341,0,0,0,0.000620608519033104,0.000545330553280526,0,0.000568208941475813,0,0,0,0.00228768100046609,0.000165218005929757,0.0214158709773588,0,0.00247038918756379,0,0,0,0.0807031277846523,0.00221053557242281,0,0.0032370219132036,0.00402621992730744,0,0.0536070446156948,0,0,0,0,0,0.000757990811726577,0,0.0361204888539174,0,0.00117580551315245,0.0136669200506348,0,0,0.00132886600451193,0.00253144782909982,0.00314524777390461,0,0,0,0,0,0.000975464663423273,0.0031258929420631,0,0.000349483481651934,0.0330064470963457,0.00214180610106895,0.0324418522639724,0.0100289977575582,0,0,0,0,0.0336325467533082,0,0,0.000113581119979688,0,0,0,0.043776817435607,0,0,0,0.00313145751725719,0,0.00575189239429769,0,0,0,0,0.00104553692645665,0.00219841237475579,0.000140026008980337,0.0023868959777504,0.0604234687912761,0,0.0469119249775654,0.00153441700546324,0,0,0,0.000762244127691405,0,0,0.0623346053845562,0.00221750629633254,0,0.0108153856025459,0,0,0,0.00230169941555395,0,0,0,0,0,0,0,0,0,0,0.00385827944314445,0,0,0.00100817524365371,0.00623986327130297,0,0,0,0.042682149724445,0,0,0,0.00464802628191295,0.00065938190894427,0.0534268309463344,0,0,0,0,0,0.00125822282174006,0,0,0,0.0548287893101703,0,0,0,0,0,0.00100337792847963,0.00108991161988066,0,0,0.00144361145111804,0.0279937815383336,0.00667833993738945,0.00265252065973162,0.00725212593585747
0,0.00772478817208329,0,0,0.00103099702497917,0.00162690345847017,0.000236081913719738,0.00162825926737222,0,0,0,0.00302095394351893,0,0,0,0.0160556599796737,0,0,0.0104398488679432,0.00790815942749657,0,0.00540877344013352,0.00797352701436248,0.00145460955222583,0.00165617672270344,0,0.0122402659803213,0.0217709755336522,0.0062169987853935,0.00440469918210852,0,0.0084547548988012,0,0.00111279379328589,0.00946532686902432,0.000564430849421897,0.00128869715400971,0.0172372225156662,0,0,0,0.0132948988875851,0.000726145938338208,0,0.00309508251012397,0,0.0119856401084534,0,0,0,4.93084752841329e-05,0,0.00389857049065537,0,0.00130129557423032,0,0,0,0.0077125628635603,0.00210056173567871,0.00850510957288875,0,0,0,0.002696860977644,0.00789728406237931,0.0283148970510742,0,0.00553036088372492,0.00361467340742916,0.011565113330715,0,0,0,0,0.00328539822266092,0.000298976328728638,0.000412255407427629,0.0372321129482557,0.0113369255097552,0.000108466115607521,0,0.0277963034497063,0,0,0,0.00253065291767374,0.0117625961312523,0,0,7.69549371256407e-05,0,0.00133571574008323,0.0068531686464513,0.0153314420663047,0,0.00865575171375877,0.0104253904621,0,0.00279405993986115,0,0.000536874577135215,0,0.000203255195034737,0.000483110692446392,0.00138577130813548,0.00506119545806542,0,0.0174468498217561,0.0558153910282241,0,0.000284464976446048,0.00217167720647618,0.000470139386799616,0,0.0266852043106079,0.0248797201487318,0.000549887706157655,0.0142988795909867,0,0,0.0591958439984582,0.00278145453097428,0.00127199779781178,0,0,0.012664936227914,0,0.000596864109379153,0.00375195287773013,0,0.0248483978881174,0.0679107022120427,0.00087865156844615,0,0,0,0,0.00941390118114534,0,0.00156530045690081,0.0731676325884357,0.00162630106408262,0,0,0,0,0.0471785295136189,0.0046122880088492,0,0,0.00403928446239849,0.021749557838347,0.0223382395320094,0.00188539042745555,0,0,0,0,0,0,2.18250998117533e-05,0.000753950055219753,0.0150777678649721,0.00575327003376911,0.00368489655112975,0.00405010210802433,0.0149793928315986,0,0.033717400771694,0,0.00545500472194391,0,0,0,0,0,0.0170463094440955,0.0228639936744603,0.0272725751307975,0.0992377057844261,0.0141133411296901,0.0284323460004817,0.0502873825944979,0,0,0.0138047296330728,0,0,0.00190787202882847,0.0052168112969204,0,0.000982533312156715,0,0.00326389775966161,0,0.0043434272061566,0,0,0,0,0.0160795693682427,0,0.0196340049956939,0,0.0217895046025029,0.00195062488751359,0.00860860362632436,0,0.0220892252424645,0,0.0178517938819938,0,0,0.00153752461021141,0,0,0.00217293195920287,0.0081764188769524,0,0.000761719025913989,0,0,0,0.0649587061515177,0.0462453900976553,0,0,0,0.000718782005489745,0.00717702872479259,0.00141351403345075,0.00134360447881257,0,0,0,0.0118579245306385,0.0168795909898824,0,0,0,0,0.00262211736846748,0.0242819988660303,0.0398524662379466,0,0,0.00193210639495171,0.025101751675287,0.000256627832146112,0,0.00994752104657188,0.0189941707758814,0.00201184570263076,0.0182198036102126,0,0.0261908965230708,0,0.00612503474357601,0.0107566074192129,0,0.00377831268644417,0,0,0.0070615350559224,0,0,0,0,0
0,0.00968953753994631,0.00101650210969262,0.00776807586631202,0.000626987428731089,0,0,0,0,0,0,0,0.0331594716329482,0,0.00117574167427194,0,0,0.000614396647921437,0.00105825286349103,0.00167894274547349,0,0,0,0,0.00432626497343219,0.00977096381725157,0.000116053148746174,0.0201722766935153,0,0.000380457873148702,0,0.0107904782707343,0.0250603485772677,0.00740255072198457,0,0,0,0,0,0,0,0,0,0.00351302073307377,0,0.0956614293379611,0,0.00241676102384288,0.00277940454904804,0,0,0.0210890434897104,0,0,0.000367009393788154,0.00252936966303866,0.0511656082212234,0,0,0.000296933595610146,0.000459698767837813,0.0166385140698548,0,0.00590986284353142,0,0.00432502548781724,0,0,0,0,0,0,0,0,0,0,0.000943298384161659,0,0.00466856703141932,0,0,0.0010197290308008,0,0.0302982358544296,0.00348241826181298,0.00754998602581006,0,0.00366597630798069,0.0432863643324399,0,0,0.00130274865866307,0,0.00112211058047921,0.000259525544127008,0.00123180225623423,0,0.00705161382097843,0.0020650307791042,0,0.000453324016497743,0,0,0,0.0309328089568013,0,0.000562841006456852,0,0,0,0,0,1.75604671624542e-05,0,0,0.00939363733769151,0.0162109759512556,0.00317111493887246,0,0,0.00093558194119244,0,0.0454335977290804,0.0109995507879644,0.00128970682383086,0.00101910185853068,0.00352379656085055,0,0.00703710978300913,0.001956832375626,0,0.0167498160287518,0,0,0.00352176415154752,0.0232699866389561,0,0,0,0,0.00226652328767366,0.0171140574904889,0.00604331769754136,0,0,0.0217526412616883,0,0,0,0.0100571122310353,0.00394873334909511,0.0334158674908374,0.000569111085605048,0.00209400483971258,0.0086248797084549,0.0282832662465108,0.0110716414547591,0,0,0,0,0.0055512396619983,0,0.00496404350446984,4.01121331787522e-05,0,0,0.0450060597578191,0.000837455097459091,0,0.0279389468357814,0.00067477646137906,0,0,0.0043838056928412,0.000677872214845861,0.00174498530962106,0,0,0,0,0.00334780877830877,0.00806208304749922,0,0.0363490258668663,0,0.0618148016055429,0.0121516735246496,0,0,0.0677052494366902,0.0126382879121386,0,0,0.000813622869700403,0.00433771588263036,0,0.126401204459569,0,0.0136782663234739,0.0021901111679552,0.0068005204057644,0.0236294995821335,0,0,0,0.0396921523231116,0,0,0,0.00400420325626982,0.0105789561252438,0.0440840319358503,0,0,0.00134068230669599,0,0.018936585551079,0.0166766566975165,0.00889079223171253,0.0531986857103046,0.00131047033540703,0,0,0.00371633949738208,0,0.00064153283531192,0.0198444468340712,0,0,0.038494936412559,0.0496017074426517,0,0,0.0095839571980427,0.000439308651470782,0,0.00253391831673839,0,0.000511511829196121,0.00137388841791031,0,0,0,0.0409697123728384,0,0,0,0,0.0068867359190972,0,0.00100299810110392,0.0432971915019719,0,0.0214919530170865,0.000465682527635395,0,0,0.0419528457460554,0.00306293890251825,0,0.00126015707070772,0.00577390653266112,0,0.000531029291291712,0.0270961504428644,0,0,0.00234590369842886,0.029229978366688
0,0,0.00554611906059092,0.0258064409009396,0,0.0168477144234624,0.0181548645996128,0.0533057376566703,0,0.0544206125300893,0,0,0.0431165430212886,0.0355800999647244,0,0,0.0286422008068103,0.0184358899130326,0.00802492930567575,0.016376050988028,0.00536662007789561,0.0435621850599329,0,0,0,0.0366345051412588,0.0273187560006163,0.00150777959749732,0.046476839156011,0,9.84176542197878e-05,0,0.0209701552078554,0,0.0479980274935672,0.0187598930755655,0,0,0.0552651903014755,0.0383433801258381,0.00422552199208052,0,0.0252565851817584,0.0189505472708413,0,0,0.0481845808652686,0.00234259450631877,0.00646683904505083,0.0185476999152757,0.00564684616041749,0,0.0198758451517112,0.000272646103050685,0.0480845595442745,0,0.0282082165019474,0.0349999854192418,0.0503363455905776,0.0147842539155129,0,0,0.00585445275097169,0,0,0.0202008292052333,0,0,0,0.00213437687054624,0.0194332995094202,0,0,0.0187208991923115,0,0,0.0340083634133622,0.0232882402516399,0,0,0.0636515249803223,0,0,0,0.0247627037158881,0.000774714480722834,0,0,0,0,0.0312655555403474,0.0399314670358661,0.0751605505770403,0.0157449462363123,0.0311232270261685,0,0.0546192523041261,0.000873976323154742,0.0385900376320963,0.0623215958245255,0.0407110867996192,0.00467299273685733,0.0296233309120841,0.0216074584470406,0.0120092185720476,0,0.0099994103988873,0,0.029901194433935,0,0.0123103515133793,0.00281505861454864,0,0.0296001984115818,0,0.0373844331511924,0,0.0224739161326368,0.0658968644706014,0.0477990819852315,0.0314418164284524,0.00641776959888282,0,0.0433986440553483,0.000153740073713418,0.0136832625018296,0,0.0337436328647075,0,0,0.0207681693499268,0,0,0.0249816119421651,0,0.0301536454736915,0.00869702266757386,0,0.0149322149423221,0,0.0020771805082686,0,0,0.0584337968630061,0,0,0,0,0,0,0,0,0.0157740855732398,0.00249239904289771,0.0312656697574445,0,0,0.000297715666685476,0.00783662904165093,0,0,0.000328866860844947,0,0,0,0,0.0468307218844778,0,0,0.00160324262122392,0,0.0190568891522645,0.0374890556654707,0.044051311334248,0,0,0,0,0.0568114361848532,0.00138187443003928,0,0,0,0,0.00472738776602552,0.0159903522739873,0,0.0349132117595036,0,0,0,0,0.000746857959258592,0,0,0,0.0391878322161849,0,0,0.020958380906371,0,0,0.0283527124913204,0.0157231904858871,0.00880223706807275,0,0,0,0,0,0,0,0,0,0,0,0,0,0,0,0,0,0,0.0512779493741073,0,0,0,0,0,0.0051231372961771,0.0228849636439525,0,0,0,0,0.00113524767784101,0.0206242095785324,0,0,0,0,0,0,0.0162136183720269,0.01042834899378,0,0,0,0,0,0,0.00934333244099111,0,0,0.0625509221644626,0,0,0,0.00301408786774714,0.014962234054276,0,0.000373179958095071,0,0,0.0320425701709785,0,0,0.0127979569925626,0,0.000826601030128941
0,0,0,0,0.000345972955993268,0.0024148533314756,0,0.000446527310915422,0.00746046591550446,0.00064876767748118,0,0.00175460576463958,0,0.000481624015772284,0,7.40070073221064e-05,0,0.00554980760593484,0.00187689557961823,0,0,0.000660693726536322,0.00366718749366006,0.00218603753467261,0.000988691489488578,0.000313406281551192,0.00160751764307064,0,0.000566212072493254,0.00015378177453457,0.000237236355925214,0.00587608413369383,0,0.00188961194435479,0,0.000384884211555784,0,0,0.000700003988908834,0,0,0,0,0,0.00101498105439906,0.00393635489833525,0,0,0,0,0,0.00223081709467601,0,0,0,0,0,0,0.00137122313429214,0.00102072421732057,0.000184156241984425,0,0,0,0.00113047693943359,0.00492751576634853,0,0,0.00335092317142456,0,0,7.00103391511795e-05,0.0022849321054917,0,0.0018917963421996,0.00660067463147682,0.000706087395821382,0.000328161176595476,0,5.00106865329587e-05,2.26652219853238e-05,0,0,0,0.000908557906579935,0,0,0.00164917260356814,0.00405056875883246,0,0,0,0,0.000200759162110118,0,0.00109961687812701,0,0.00169116136663431,0,0.000495890847794844,0,0,0,0.000298653799671195,0.000379983388472595,0.000502902299594469,0.000262282794274958,0.000624553203293015,0.00016579657481705,0.00127017748823424,0,0,0.00030521496692205,0.000451901678599023,0,0,0,0,0,0,0.000909212517761729,0.00224765634584267,0.0011086793367999,0.000252528184254913,0,5.68294413112875e-05,0,0,0,0.00321631685193846,0.000536222800281668,0.000334064007540936,0,9.59981931343005e-05,0,0,0.000847425545161649,0.00145311292831449,0,0,0.000413269390725865,0.000901640503399742,0.000759514828666304,0.000271510669071992,0,0.000217306518384174,0,0,0,0,0,0.0014208606567412,0,0,0,0.000232081906185439,0.000736581246342766,0,0,0.000471957877820092,0,0.00108821331273816,0,0,0.000305682818155827,0,0.00130128578416109,0,0.000938439780767495,0,0.00117545600555733,0.000662392525669538,0,0,0.00236895956433693,0.000842691485149833,0,0,0,0,0,0.00137565018989536,0,0,0.002277803141639,0,0,0.000373777697199714,0,0,0,0,0.0041132458241157,0,0,0,0.00123902228796887,0,0,0.000629555272601079,0,0.00268131108825403,0,0,0.000955004849157123,0,0,0.00348504995152634,0,0.000573809335372381,0,0.00223082986043264,0,0,0,0.000262952934689501,0.000400178003931457,0.000448569324187177,0,0.000361222412384374,9.37663962697884e-05,0,0,0,0,0.000149253442529695,0.00059568350460687,0,0,0,0,0,0,0.000487279533234106,0,0,0,0,0.000581179971294083,0,0,0,0.00136809533457222,0,0,0,0,0.000285212668977846,0,0,0,0.000219859130513322,0.000985636497752351,0,0.000571240062189725,0,0,0.000242869174181915,0.000614115640197394,6.87525819179076e-05,0,0,0.00218372853727102,0,0,0,0,0,0,0
0.0031467768986271,0,0.00255027537947739,0.00271559707842758,0.0209876921959957,0,0.00688411200647313,0.00249129757116677,0,0,0.0229716853152462,0.00326699546740802,0.00469846701613021,0.0151242561323922,0.136593176465959,0,0,0,0,0.0246941180062491,0.013230126150988,0.00427484115916089,0.00928772086413853,0,0.00312951656641815,0,0.000183418253254352,0,0.000126379142899301,0.0138212895172573,0.00347804238065027,0.00775542536819838,0.00852635411882272,0,0,0,0.0413095917644282,0.0118579564903323,0.0151395888307172,0.00725473911382945,0.00910539643292939,0.0373524473330332,0.0102905975324852,0.0201672068563177,0.000879195481847159,0.0230068972897156,0.00633730114446377,0.0252234371354589,0.0067930987116452,0.0188252588354568,0.0309086107884673,0.00532841615393574,0,0,0.0133206711130495,0.00626636822468047,0,0.0178707496780828,0.0034877395257076,0.0160017462550136,0,0.000257137511596776,0.00667095386270641,0,0,0.00784692657037592,0.00276168876508239,0.00714354484171233,0,0.00133904195868262,0,0.00637348329783864,0,0.0104912015915988,0,0.0177265811916238,0.00681812771529128,0.0164232879625307,0,0,0.0242759175233141,0.0277681172849004,0.0475713810375294,0.00600631680652597,0,0.00188660438466156,0,0,0,0,0,0.005204920255521,0.0143657746875431,2.11985198272483e-05,0.0120958376855058,0.00309788062810037,0.00126110770512635,0.00359395244678806,0.048675545399171,0.00568653412395686,0,0.00452605369764069,0.00157115459880829,0,0.00468929735333172,0,0.00389997108789202,0.000228123883748261,0.0134004939462578,0,0,0.00185245187536122,0.00382376615317823,0,0,0.0136030517466574,0.0128142963660281,0.00120644549629989,0.00137140263650761,0.020298450517525,0,0,0.0077787649937511,0.00021392122463203,0.0308281077267936,0.0119505466759714,0,0.00195424053520647,0.0266508171785501,0.0167815812008318,0.0365320633104127,0.0105984747241102,0,0.00166401089259619,0,0,0.00682664607646449,0.00306291399606011,0.00787538243723764,0,0.000971154591895981,0,0.0187358062473592,0,0.00948903803439315,0.00661520205809244,0,0.00254277816525019,0.00375394538660581,0,0,0.00329531983783791,0,0.000190495314334879,0.00496575049234362,0.00994047766032722,0,0.00412733017097947,0.00309643404597736,0.0244759694042449,0,0.00452848173546357,0.00392183503623582,0.0202236201620018,0.00630023679331973,0,0.00272317793429536,0,0.00599314217467626,0.0193769540236755,0.00637046249006572,0.00162629371045853,0,0.00651569953243056,0,0,0,0,0.00277871983309589,0,0.015184365463631,0,0.0185748534584808,0.0135471362564174,0,0,0,0,0.00170218333095065,0.0113997838117396,0,0,0,0.0175060783085952,0,0,0,0,0.00388491454441216,0.00390934790660629,0.00105849728592073,0.0188700005983079,0.00673880030841051,3.15471305511222e-06,0.00930361127454229,0,0.00318308542911796,0.0030456662436822,0,0.00161238158260598,0,0,0.00800549793411936,0.0474181062278,0.00340709853951889,0.004964737916755,0.00220060060320322,0,0,0,0,0.0494544519239493,0,0,0.0072874142557541,0.0112648424959635,0.00284331363723986,0,0,0,0.0136297437479506,0,0,0.00223592949563973,0.00335106760340907,0.00601368526875523,0,0.00147321774987537,0.0122283232798135,0.00250315038129051,0.0385108916925741,0,0.00463960320803508,0,0,0,0.0184536581932957,0.00526413881077867,0,0,0,0.0124329567627663,0,0,0,0,0,0,0,0.00500586559800599,0.0222624883464914,0.00859695480008508,0.0178863696591203,0,0,0.00517444364814451,0.0116906508875035,0,0.00368065831951941,0.000879280167198151
0,0,0,0.000931784453872903,0,0,0,0,0.00208527038216293,0,0,0,0.00612758710906677,0.00151928007446913,0,0.00387152192283728,0.00501682905062049,0,0,0,0,0,0.00104784108159466,0,0,0,0,0,0.00257428062119833,0.0140556013144767,0,0,0.00433736026773194,0,0.00195529083351273,0,0.000164614916598856,0.00150248700061165,0,0,0,0.00037294782052141,0.00901338962053211,0,0.00626928898595408,0,0,0,0.00398515010911246,0,0.000279154301183683,0,0,0,0.00378592801135638,0.00698873441896756,0,0,0,0,0,0,0,0.00254526533945038,0,0,0.00230021768414372,0,0,0,0,0,0.00789018618322669,0,0,0.00250539629464172,0,0,0,0.00920989520523331,0,0,0,0,0,0,0.0255540751320812,0.00227746086449729,0,0,0,0,0,0.000431324515005692,0,0.00844033930773458,0,0.00120366598822333,0.00231580947712194,0,0,0.00166244145626194,0,0.00417291377924695,0.0142473897027361,0.00333578164934599,0,0,0,0,0,0.00123453444380289,0,0,0.00257747837084711,0.000625786089073122,0,0.00513786678704732,0,0,0.00804431522308981,0,0,0,0.00424434911946121,0.00711613983465303,0,0,0,0,0.0030942865518352,0,0.00350300065133878,0,0,0.0101502801144409,0.00317883127015475,0,0,0,0,0,0,0,0,0,0,0,0.00215654595215298,0.00215890112391474,0,0,0,0,0,0,0,0,0,0.0196466195983143,0,0,0,0,0,0,0,0.000295869353727552,0,0.00239774797814144,0,0,0,0.0105917491315294,0.00510769097950373,0,0,0,0.00261464570225472,0,0.0167021468440073,0,0,0,0,0,0,0,0,0,0,0,0,0,0,0,0,0,0,0,0,0,0,0.00248601826984129,0,0,0,0.00176385811152533,0,0,0,0,0.01035299507308,0,0,0,0,0,0.00345505094863666,0,0,0,0,0.00749021293963643,0,0.0359963719121811,0.0207158027397517,0,0,0,0.0163686497928371,0,0.0367183892028506,0,0,0,0.0146979832421629,0,0.00375253142416496,0,0,0,0.0365108295964804,0,0,0.0088583232281539,0,0.00622903305810975,0.0153608789417434,0,0.00488411537160406,0,9.94353381722284e-05,0,0.000601372770203978,0,0,0.0249352935817458,0.000531203795319874,0.0149467446413372,0.00686691537378271,0,0.00476900682575869,0.00287325891347747,0.0014056020252484,0,0,0.0103456027824332,0.0700980397838292,0
0,0.0351521381754483,0,0.00372878573887022,0,0.012719822317702,0,0.0105439679957581,0.0106567847624872,0.00286011649295883,0,0.0618679091295487,0,0,0,0.000890037566115719,0.000163867727048386,0.000609285827499554,0.0217730047522508,0.00376010772750184,0,0.00293610770842452,0,0,0,0.00368342676381667,0.0011817835692186,0,0.000340930371442516,0,0.0683109135965766,0,0.000216708523357266,0.0172935692268485,0,0.00312967886448063,0.0017609758893007,0.00119054847114541,0.00289547244310285,0.00168695451052409,0,0,0,0.00104685844169987,0.0863709219426346,0.015927375044226,0.00106604536241195,0.000547109610125984,0,0.0135643640858814,0,0.0342790657436598,0,0.0512685469262995,0,0,0.00145838018584051,0.000550593189372587,0.000377556012879997,0.00329671639203018,0.0316656790785997,0,0.0291956637217607,0.000845536942220897,0.0185537852202246,0.00297285698932685,0.0170388834769722,0,0,0,0.0125314953979647,0,0,0,0,0,0.0107760095805201,0,0.000583657294464789,0,0.00164961300166447,0,0,0,0.00409515886857552,0,0,0,0,0,0.000202648417941188,0,0.00439037302354508,0.000729569513083121,0.0026997791828839,0,0.00325752460270095,0,0.00269276442134223,0.000203536082255867,0.00389528068292879,0,0.00179777794666626,0,0,0,0.0100691442642379,0,0.000571931545650751,0.0107082950466295,0,0,0,0.00921037948727281,0,0.00023427363186769,0,0,0.00162715509135598,0.0040906476528099,0.0023723721959478,0,0.000529940096657355,0.00345624258230858,0.0284234061053597,0.00142219216108963,0.033662932399801,0.00152953496663942,0,0,0,0,0,0.00302458513789502,0.0186666642171352,0,0.00300796503539085,0.0264284378398224,0.00405664099075261,0.0572928006834392,0.000418848159284605,0,0.0317999195947913,0.0151621679366024,0,0,0,0,0,0.0413879664961451,0.00626806851292113,0,0.013917944597411,0,0.0295318570443241,0,0,0.0317981031847491,0.0333131320547241,0,0,0.000411218272481628,0,0.0107537658447339,0,0,0.00556700110219059,0,0,0.0413743542637006,0,0.000259223879394515,0.00196342031376655,0,0,0.0430044035150459,0,0,0.00590834745643549,0.0166130456085227,0,0,0,0,0.000792873743022229,0.00622203006171714,0.0715180600880254,0,0,0,0,0,0,0,0,0.00117999198023455,0.00366436812585064,0,0,0,0,0,0,0,0.00975451349807938,0.0377638504046643,0.00189203688930812,0.0451966224587459,0,0,0,0,0,0,0,0,0.00682627681538191,0,0,0.00154440082544763,0.0307086784034536,0.0249641900044503,0,0.00319471879659572,0,0,0,0,0.0638345252364118,0.000968672477229626,0.00733801679915716,0,0,0.00110999050114105,0.00319052361898912,0,0.000622215124012052,0,0,0.000375255363793208,0,0,0.0133570095293939,0,0.0142200334248896,0,0,0,0,0,0,0.000697876916010352,0.0406661735239141,0,0.0048738169412921,0,0,0,0.0310823963930649,0.000276863184645692,0.0183120969881917,0.0288452835753695,0.00892256435413924,0,0.0105085916251911,0.00712038192829091,0,0,0,0.0629472927733556
0,0.00395557208983823,0,0,0,0,0,0.00011799741110528,0.0110017055304988,0,0,0,0.000226374987409997,0.000890771414508082,0,0.0263053390853975,0,0,0.0115891345030473,0.00104917385560186,0,0.000173189615542284,0,0,0,0.0297808185863943,0,0,0,0,0,0,0.00983400965634239,0,0,0,0.0010450248939079,0.025972215447119,0.0181196418654886,0,0.0251401004987999,0,0,0,0,0,0,0.0037746726247785,0.000188028185411606,0,0,0,0,0,0.00922124870331802,0.00018617056430328,0.0269539065406287,0,0.0223732113369541,0,0,0,0,0.00959068955692276,0.00744487279682834,0,0,0,0,0,0,0.0318131097669634,0,0,0,0.000303425699593898,9.13197675706896e-05,0,0.0453643287700077,0.00315938164114659,0,0.0579840641631727,0,0.0336992242142669,0,0,0.000891499402858357,0,0.000818516591687979,0.030274813252812,0,0.00523463561374353,0,0,0.000981930808093002,0.000192133497807805,0,0.00452734973131101,0,0,0,0.000214037197854803,0.00112246463346406,0,0,0,0.000277482515830345,0,0,0,0,0.00212055781628979,0,0.0232977924234661,0,0,0,0,0,0,0,0.0259156151007381,0.00239228970240059,0,0,0.0313163084107411,0,0,0,0.00234382263298318,0,0,0,0,0.0118192951722202,0.0462935598682884,0,0,0.0392753995863219,0,0,0.010978819525472,0.000238177465266276,0.000895069720326252,0.0256140759133438,0,0.00114146940051577,0,0.0351292146288098,0,0,0,0,0.00224275819006527,0.0269260979996929,0,0.0592739014601221,0.0109941038550595,0,0,0.00396752418920428,0,0,0.0118947842286796,0.0123442929713388,0.00205501914114276,0,0.000922766340255918,0.00101442788030666,0,0,0,0,0.000322263779135665,0,0.00122765324092953,0,0,0,0,0,0,0,0,0.000625968938408599,0,0,0.00222281055026979,0.00113170479629621,0,0,0,0,0,0,0.000745382834180708,0.0726706638948959,0,0.000744585551625067,0.0579177596676674,0.0370103188180947,0.00169887455084725,0,0,0.0198175696251318,0.000341915760067373,0.00685881264335592,0,0,0,0.00273769685187854,0,0,0,0,0,0.000730208266167473,0.00239300783591286,0.00192498407025671,0,0,0.00613649399353663,0.117771157745128,0.0366875220528351,0.0115870757827978,0,0,0,0,2.84069936905896e-05,0.00327331907203162,0,0.00576857295732821,0.00505621819546726,0.00280636609001335,0.00136690998241042,0,0.00845144112738094,0,0.00317416192727787,0,0,0,0.0155596874836307,0.00338736273488999,0,0,0.0494801551142484,0.00292091972217748,0,0,0,0.000574601012748796,0.00518654247737608,0.0331957849673122,0,0.0339320954150856,0.000390466107152601,0,0,0.00387665917475704,0.00630708902475079,0.0329520232594401,0.0290024237937611,0.0342062163622922,0,0,0.00869345086538671,0,0
0,0,0.00221707661586296,0,0.00106749118681479,0,0.0340383754000174,0,0,0,0,0,0,0.00533018011945663,0,0,0,0,0,0,0,0,0,0.00061017656475148,0.00443576142570695,0,0,0.00412833760245389,0.00181707837086789,0,0,0,0,0,0,0,0,0,0,0,0,0,0,0,0,0,0.00542925878039899,0.000770965541832683,0.000813105794418295,0.00373502378396762,0.000303985950949714,0,0,0,0.00530298455484441,0.00408806941981218,0,0,0.00139302074967346,0,0,0,0.00819184863675056,0,0,0,0,0.00781652970250069,0.00150196783933967,0.00962651460922967,0,0,0,0,0,0,0,0,0,0.00319513003103362,0,0,0,0,0,0.000936154178328305,0,0.000685516285739772,0,0.00135538260369304,0.00479967319372269,0,0,0.000327702869612358,0,0.00115895053824186,0,0.00125451369658116,0,0.0030548813972912,0,0,0.000395761479402271,0,0,0,0.00363907116895754,0,0.00295489730781567,0,0.00382775867230703,0,0,0,0,0,0,0,0,0.0015640913070302,0.00104119011060661,0,0,0,0,0.00119184347672187,0,0.00343857556678056,0,0,0,0,0,0,0,0,0.00147377813625924,0.00457702056923569,0,0,0,0.00685906453835631,0,0,0.00847128248100549,0.00496716864808349,0,0,0,0,0,0,0,0,0,0,0,0,0.0167222905130783,0,0,0.00418836345421289,0.00228499599855683,0.00131336905889434,0,0,0,0,0,0,0.00119429744441029,0.00116908113266206,0,0.0018847416237152,0,0,0.0124119968358155,0,0,0,0,0,0,0,0,0,0,0.000378973774182192,0,0,0,0,0,0,0.00172404776590666,0.0059092709076892,0,0,0.00428439845612477,0,0,0.000363346993827546,4.10412250616787e-05,0.00401851845597162,0,0.000148275667794131,0,0,0,0,0,0,0,0,0.00251930600642279,0,0.0133473416174463,0,0,0,0,0,0,0,0.0291563721852651,0,0,0,0,0,0,0,0,0,0,0.00856294568622621,0,0,0,0,0,0,0,0.0488148097998849,0,0,0,0,0,0,0,0,0,0,0,0,0,0,0,0,0,0,0,0,0,0.00441635810998992,0,0.00925088890721867,0,0.0105720118890981
0.00243215038472725,0,0,0,0,0.00374499981630263,0.00707588026944386,0.0258935699797482,0,0,0,0,0,0,0.00494133774576247,0.00666847122840952,0.00599633411592498,0,0.0150057257393761,0.00176806115977176,0,0.0117201509283752,0.00220039315175155,0,0,0,0,0,0,1.59686684779277e-05,0,2.31419861719344e-05,0,6.79190431875922e-05,0,0,0,0,0,0,0,0.00226930129740455,0,0.00168698507689753,0,0,0,0.000926851927338972,0,0,0,0.00674052838578245,0.0216202394907843,7.12377937913351e-05,0,0,0,0.00784140713596722,0,0,0,0.0517463620291361,0,0,0,0,0.0290282200523777,5.3695270657705e-05,0,0.000998629633586216,0,0.0017673823140977,0.000600826911165038,0,0.00239113399910478,0,0.00445315385010908,0.00218483503021951,0,0,0.0225351086950651,0,0,0,0.00260738550837698,0.00364422552899479,0,0.0116604677700338,0,0,0,0,3.90726746792773e-05,0,0,0.00300223467523351,0,0,0,0.0194524297702098,0,0,0,0,0,0.0130216786610115,0,0,0,0,0,0.0119202111932831,0,0.00139850511708182,0,0,0.00203020466057011,0,0,0,0,0,0.00556612892459091,0,0,0.00772105878312069,0,0.00214071555644848,0,0.0203065576199692,0.0328860677654539,0.0349735760318559,0,0,0,0.00269106975051285,0.0120429125232294,0,0.0265862739638667,0,0,0.0479681855901534,0,0.00103757976877888,0,0,0.00166434965669862,0,0.0104438992429857,0.0061711816404763,0.00125304628081575,0,0,0.00176783047706414,0,0,0,0,0.00389789782949852,0.0214356336968294,0.00217613366360392,0,0.00998550511053669,0,0.000461128718916795,0,0.00189535196134969,0,0,0,0.000159839753503803,0,0,0.0142758867252886,0,0,0,0,0,0,0,0,0.00804951067061897,0.00211029406130799,0,0,0.0111353390306053,0,0,0.00216910392006128,0,0.00647341369061579,0,0,0,0.00346782758915292,0,0.00225331657437461,0.0209638854797899,0.00576544619768067,0,0.00211903170310378,0,0,0.00317180868288966,0.0342302393150028,0.00107070009414799,0,0.00437339757208437,0,0,0.000129539719002007,0,0,0.000190624113868025,0,0,0,0.00481019710615055,0.00165487139808579,0,0,0,0,0,0,0,0,0,0,0,0.0174871523588425,0,0.00411415608635279,0,0,0,0,0,0.00414817513128613,0,0.245353882780877,0,0.0337404999022901,0,0,0,0.000217093841975588,0,0.00866315325144072,0.00968675370715948,0.00177914609554768,0.00221070063795508,0.00352001553285132,0.00784797468797366,0,0,0,0,0,0,0.00113444071959536,0,0,0,0.00295689525474554,0,0,0.00113665418910382,0
0.0108236551532511,0,0.00104315806776134,0.028422242066685,0,0.00126172702265408,0,0,0.0123870848932735,0.0226559789036367,0,0,0,0.00488292494563426,0,0,0.0110707289806731,0,0.00130992509307935,0,0,0,0.0447068609979001,0.0312609442840071,0.0319088319305742,0,0.00124476599859601,0,0.00122028489483452,0.0224140274571068,0,0,0,0.01684182742369,0,0.000693221642758876,0.0322906468817361,0.000715338545467664,0,0,0.0023502847497489,0,0.00764470619602515,0.00124209591726923,0,0,0,0.0419738416256364,0.00398038657104754,0.0294669695732912,0.0245157780994682,0,0,0.019905941176386,0,0,0.00234877281501982,0,0,0.000143215310943759,0,0,0,0,0.00144448453181775,0.00126714187845721,0,0,0.0315211848884072,0.03504707015198,0.0146397762634844,0,0.0258103183423664,0.000996944432137819,0,0.00298023520617079,0.000328186846763005,0.0021862996148752,0,0,0,0,0,0,0.00280069048859005,0.000816628403228969,0,0.0206580602826329,0,0.00247967687663124,0,0,0,0,0.000375243202351036,0.00133978630334165,0.0134043392882392,0.00625304572335475,0.0242658546677576,0,0,0.000788063249020373,0.00135043863827366,0,0.00311899053334064,0,0.00110236911991016,0,0,0,0.014143852340048,1.10351327204332e-05,0,0.000814036027859159,0,0,0,0.0010303272188889,0,0,0,0,0,0.000198509815379553,0.0169960296774198,0.0312573145502224,0.000516591159284788,0.013369362358989,0,0,0,0,0,8.78755090273039e-05,0.0350703927143654,0.00375231481388343,0.0018457128526011,0.0039456745066621,0,0,0.00620530565106018,0,0.0149065970392814,0,0.00933175634503862,0.000206853943241623,0.0357208707990153,0.00618868322120841,0,0.00140698431405796,0,0,0,0,0,0,0.00433364823408499,0,0,0,0,0,0.000186599144404372,0.0219864364174229,0.0214056966531832,0,0,0,0.0215458025153135,0,0,0.00163588144202862,0,0,0,0.00379487431938243,0,0,0,0,0,0,0.0997104972155023,0,6.91259568391162e-05,0,0,0,0.00745923555597385,0,0.0465857421170099,0,0,0.00204713094126536,0,0.0036827768477605,0.000343320551280264,0.00153656514203669,0.0029844188000113,0,0,0.000866450464306173,0,0,0.000482548809396384,0,0,0,0,0,0,0,0,0,0.00388677457288983,0,0.00104670962093015,0.0181557030334943,0.0189546703810495,0.000229593688938605,0,0.0512229337313742,0,0,0.000608468907114271,0,0,0,0,0.0567470024775425,0,0,0,0,0.0037997050448771,0,0,0,0.00471669536429948,0.00162302501808707,0,0,0.0139012809580152,0.000910481285372854,0,0,0,0,0,0,0,0.00342895580765672,0.00271634661341043,0,0,0,0,0.00798123248370907,0.000102784917180402,0,0.0181908113421794,0.00155825036820595,0.00471314585685464,0,0.00200829669286659,0,0,0,0.00254134278482392,0
0.00219704678605601,0,0.00661371904119834,0,3.10573068824506e-05,0,0,0,0,0,0,0.000321204143308289,0,0.000528718804497015,0.00407875295583294,0.00762899885429402,0,0,0.000903479184187323,0,0,0.00473938561747552,0,0.000641925837379529,0,0,0.000151030465338026,0,0.0016649608723382,0,0.007414166658827,0,0,0,0.000463141671114432,0.00892046407616889,0,0.00115948029963613,0.00388480125591523,0.00484799685686025,0,0.00159498441786354,0,0,0,0,0,0.00096634312572157,0.000892723073815723,0.00129151196535687,0.00242442119364099,0.00226452891813689,0,0,0.00625714117920339,0.00375548653783113,0,0,0,0,0,0.00105897759892577,0.0024548948438178,0,0,0.00127395055693134,0,0,0.00276187759001553,0.00715424195111057,0.000461344094573312,0,0.00668545804216748,0,0.00512775112147985,0.00656868566004066,0.00142693942491678,0,0,0.00970244765845623,0,0,0,0.000990132125230716,0.00157459868777553,0.00150309684560163,0,0.0062213470327093,0,0,0.00208146792893245,0,0,0,0.000169045266637385,0,0,0,0,0.00184807125284379,0,8.13899255324511e-05,0,0.000101702603077332,0.00403449013098955,0.00985226205720429,0.00364846624248968,0.00865155662504634,0.00148020988896752,0.0026320272845104,0.0025436117807261,0.000144581881656819,0,0,0,0.00130639553587362,0,0.000913473471333792,0,0.00292163032180993,0.001301633980465,0,0.00570230655057498,0,0,0,0,0.00280308236136458,0,0,0.00169369529502611,0.0045482349052053,0.00568895789145297,2.68691965163802e-05,0,0,0.00393244856622803,0.00595176318289902,0.00308435554863588,0.0552628699957441,0.00331392901780986,0,0.00430480489093277,0,0.00076700391389938,0.00967568762587703,0,0,0,0,0,0,0,0,0,0,0,0,0.00795073291191004,0,0.00978739236478452,0.00272974717750143,0.00351614348863296,0.00143829884280593,0,0.00340137525321953,0,0.00235587610597645,0,0,0.00308896773099175,0,0,0,0,0,0.0102462495274057,0,0,0.0065778568161222,0,0,0.00091738973729285,0.00196055390052099,0.00271708132236612,0,0,0.00331897541708083,0.00328482510929835,0,0,0.00577642631706154,0.00257156018310744,0,0.00483417777346243,0.00210460917509604,0,0.00512301351345455,0,0.0025776850366241,0,0,0,0,0,0,0.00244308856753207,0,0,0.00196887971723315,0,0.00518716025736475,0.00266746708320995,0,0.00915743300604553,0.0115095665941813,0.00815496338120881,0,0.00243332558592496,0.00250226408391495,0.00206178040327584,0,0,0,0,0,0,0,0.000449348849852179,0,0,0,0.00226204210210486,0.00141703912769577,0.00650948704513102,0.00285580595656087,0.00288525541280508,0,0,0,0.00382519577439453,0,0,0,0.00299072700037721,0.00232690833489588,0,0,0.000460737814473525,0,0,0,0.00160674371547953,0.00169599524623458,0,0.000569108721923203,0.00482325102353369,0.000755011764481377,0.00219911979288598,0,0,0,0.00432065347724524,0,0.0047742134080759,0,0,0.00445742114029058,0,0.00075593357707079
0.00945906393445386,1.38528871606985e-05,0.000457129668503278,0.0107774734218346,0.00481906638729457,0,0,0.0211674145925406,0,0,0.0174726729177345,0.00658600887454794,0,0.00711773428461998,0,0.0233191804839815,0.00200017650589985,0,0.000341282061273291,0.0133453477042692,0.0171463924486902,0,0.00388590520814154,0.000404453330978272,0,0.00523117957783379,0.00146095425370873,0,0,0,0.0128357148227642,0.00503663818270124,0.00563650954842759,0.00322828086280471,0,0.00230345940517315,0.00167387117016705,0.00272567461126235,0.00147118455984647,0,0.00162912760951014,0,0.0160992329442058,0.0109145374160471,0,0.000574608405856816,0,0.0109914225174852,0.000584843029974685,0.00213013199738442,0,0.0037079120463406,0,0,0.0362685532474382,0.0018808229088844,0.00398935880744217,0.00594051503953833,0,0.00073131532509396,0,0,0,0.00115945004182263,0.0238133924155591,0.00213203040177603,0,0,0,0,0.00641101614968999,0.0144575894705665,0.00763861686862719,0.026742117181285,0.0107810230746235,0.000949383554521107,0,0.000747145627149006,9.36683019243887e-05,0.00515481019644641,0,0,0,0,0.0243067472430362,0.000891257847486992,0,0.0050930945712663,0.0289556999137051,0,0.00895123257905667,0,0.00440396083623335,0.0275013622111315,0.00519141019343136,0,0.0200120318814986,0.00339777900249918,0,0,0,0,0.00209202858286457,0,0,0.0104517712851533,0,0,0,0.0010128188488746,0,0,9.55228741574193e-05,0.0106874653355229,0,0,0,0,0,0.0104295002937924,0.0104597743913247,0,0.0124829644439309,0.0117940972752746,0.0151207575949693,0,0,0,0,0.00364414264860819,0,0.0317070787142738,0.0823681105464488,0,0.00200358741088195,0.00554168243879659,0.00662842334919916,0,0.000340591348094341,0,0.0296050938873903,0.00740508068501471,0.0131666760184837,0.00136773802265948,0,0,0.0587551985384575,0,0.0178012870831164,0.0136195209620665,0,0,0.0150295448136807,0,0.00199550621449085,0,0.00156308584848292,0,0,0.0386380482566807,0.0771112865102766,0.00377601710539028,0.0105190036410389,0.0188963133116131,0,0,0.000131103268494513,0.0109029803748936,0.0015097831101228,0,0.0105466807332697,0,0,0,0.0344644179531454,0.0110910374274731,0.0230439958751194,0.0408614571091321,0,0.0198034707826552,0,0.0105189763954525,0.00217905858769879,0,0.000187887289554337,0.00705565661270262,0.0143700897849507,0.00713616726026311,0.00602018185198683,0.00138061640856861,0,0.0041619809843581,0,0,0.000369579197646866,0,0,0,0.0171137033957891,0.0127592080392319,0.0157697138414736,0,0.00961779030509828,0,0,0,0.000649701152492701,0,0,0,0.0028410676573387,0.0148728880773381,0.0190171243291706,0.0458603219955558,0,0.0223341376303884,0.00469890180595904,0.0196321815187707,0.00700737234434475,0.00612630865914172,0.00816485246625098,0.0221791591411047,0.0239146392402435,0.0123373024559878,0,0.0602397985136454,0.0256822972082862,0.00536328472261935,0.0126331383014986,0.0344205297941718,0.0129445175171369,0,0.00698123982355213,0,0.00100871723917658,0,0.0050141269860522,0,0,0.0291121214999748,0.000766825976347137,0,0,0,0.00388997054703897,0.0225910710679004,0,0.00548477316097919,0,0,0,0.0131915642449787,0,0,0,0.000601852508251568,0,0,0.00292777018583476,0,0,0.00098206091522953,0,0,0,0.017139053472499,0.000114726282676399,0.00475868763532205,3.62641457977525e-05,0.0291659653236804
0.009204499792854,0.00838044699659438,0.00354766308958295,0.000477887774772261,0.00226371777097347,0,0,0,0.0183594467484454,0,0.00192914790429685,0,0.000685070334172169,0.0185595656949797,0,4.26636424804977e-06,0.0152796333357398,0.000777669837705547,0.00433069530472163,0.00396605033592607,0.00539961517891968,0,0,0,0,0,0,0.00816991563383624,0.00109632536610174,0,0.000706205064445225,0.0149716894150078,0.00838988161447494,0,0,0.0010583645816774,0,0.0021389505630474,0,0.00431903762227598,0.00215047829399064,0,0.0121896535858483,0,0,0,0,0,0.00951054225593242,0,0,0,0,0,0,8.99008849427828e-05,0.00129448815701854,0,0,0.000200454797799811,0,0,0.0113776452219723,0.000413361193150824,0,0,0,0,0,0.00557190524474801,0,0.00205031093948676,0.00144737091477001,0.00178272850484983,0.0138602112532091,0,0,0.000624507172708716,0.00430667327180745,0.00162490343873848,0,0,0,0,0,0.00612254814835226,0,0.00575903693231433,0,0.00649006141755452,0.000820063375231223,0,0.00111103204291081,0,0,0,0,0.01256265221864,0,0.00284108537171704,0,0.00349057906093533,0.00510122120242301,0,0.00112235354315856,0.024693118204549,0,0.00100883484313006,0,0,0,0.00120257727940534,0.0137906342127678,0,0.0116367671436201,0.00351087714681749,0,0.00180490899339917,0,0,0.00198056811491437,0.0334598488714932,0.00326321995792172,0,0,0.00559400786896144,0,0.00205908372865333,0,0,0,0.00219633684426732,0.00972087785520669,0.000717628125383496,0,0.00751760473572065,0,0.00703541680797825,0.00133972343814039,0,0.0139826467197694,0,0.00578512575447383,0,0.0146417266494156,0.0264809366576568,0.00488281367017055,0.0230645322558801,0.0197697447356782,0.00473143567407708,0.0137326205822482,0,0,0.00203051224008999,0.00214369758830082,0,0.0150384986485255,0,0.00163614431151656,0,0,0,0.00381418631574921,0.00629093704836766,0,0.00290453923946619,0,0.00760035338333073,0,0,0,0.00525885821362119,0,0.00355078224122098,0.0013844310210699,0.00450642093685828,0,0,0,0.00255924773117229,0,0.0368093455099968,0.00074991575709985,0.00177012985871594,0.0105968214547332,0.0108206592674318,0,0,0.0109024036254812,0,0,0,0.000693793237673938,0.00740454219836018,0,0.00843055561812892,0,0.000120158995949527,0.0108193397724461,0.00173167124050276,0.00431258292737867,0.00456229837973253,0.00196109365851959,0,0.00367051529250985,0,0.00377542397775409,0.00222451169137682,0.025997766792866,0.0233272339333719,0.00322455503468268,0,0,0.00586080684848901,0.0121806157541876,0.00223321775573857,0.00904648818403302,0.0220323460936949,0.0067574496595268,0.00535346357678739,0.00536481286395043,0.0214425764890403,0,0,0,0,0,0.014760791960266,0,0.0192569835112165,0,0,0.0277880298077336,0.00211189263322408,8.31283292708837e-05,0,0.00165409093671928,0.00207343701943763,0.00339126229097769,0.00634714140346908,0.00765173609577342,0.00163401909800127,0.0387810135018973,0,0.0108417825949451,0.00201503115807697,0.00289959502854531,0.019017593442911,0.0171557054663786,0.0177518681615462,0.0287637188999979,0.0201865836188277,0.00250013809345981,0.0315740904510229,0.000845456952541569,0.0174272520446448,0.0300927779910254,0.0109560276390318,0.00107518509377071,0.011943222838437,0.00764279088087486,0.0148052566177187,0.000150974430377178,0.00794328945701186,0.00390136869808586,0.0209880549568708,0.0128425016457095,0.00545643768353419,0.00299981640092176,0.00122510489076715
0.0816242234464478,0.00373508232629656,0.00229201091921882,0.0137400222633795,0.000597307944612609,0,0,0,0.00918117648139015,0,0,0.0158933942339387,0.00135580416630857,0,0,0,0.0044551379268769,0,0.0151873740478297,0,0,0.00387662815257438,0,0,0,0,0.00326766534973891,0.0269195389310454,0,0.00413715621748606,0,0.00680438490808242,0.00736717363065921,0.00185143740922413,0,0.00205576850492468,0.00156203809251098,0.0139146084854113,0,0.0014168318181423,0.00667454765957125,0.0305329566857795,0.0150848918209361,0,0.00887804402303834,0,0,0.00241047243957818,0.00497354795764377,0,0.0237481287685985,0,0.0255213044883692,0,0.0151289723348537,0.00229094756023803,0,0.0267838404576877,0,0,0.00472359457860647,0.000239553539085117,0,0.0623280500585477,0,0.00889946034574421,0.00285274295952799,0,0.0122249189834638,0,0.00712705756943235,0,0.00574425580964069,0.0114917417210589,0,0,0.0069696133263243,0.0318961209435392,0.0281483057359014,0.00816849228137066,0.00145572543445799,0.0021944108739696,0,0,0.00775564523999265,0.0313938203602529,0.000783021189755539,0.00629059202071141,0.00388411692942814,0.00127542594557001,0.00238890232337228,0.000724622876904166,4.66148066817168e-05,0.00465375153884821,0.00479123366881368,0.0667910581911711,0,0.0138236776543622,0.017249321813028,0,0.0041489311919475,0.00848174889324966,0.00433106756630262,0.0276288427097186,0.00420093791306587,0.00235718526926397,0.00720782178970425,0,0.00132682598523022,0.0339259214955764,0.00510527260080648,0.0147825941932855,0.0358978867802226,0,0,0.00978715553831437,0.0123106294607972,0.00597614350460617,0,0,0.00501221634713082,0,0.00671459099534659,0,0.00976733689376661,0.00695740246446235,0.0111298631946762,0,0,0.00917723484265602,0.00306448566428501,0.00682682965893053,0.0423643603298436,0.00346088779734872,0.00673913802048614,0,0.0279300019621585,0,0.00962509364054898,0,0.00780302224249871,0.00162136999630541,0.0104466302018972,0,0,0.00074838176608529,0,0.00946898338980645,0,0.00071913355940701,0.00116179852128221,0.00222778799420038,0.00604191942224449,0.0106876975586751,0,0.0418418022460429,0.00207155310120757,0,0,0,0,0.00360541290867421,0,0.00748896822288269,0.00241530209166231,0,0,0.0240507211666921,0.00888995805641916,0,0.00184429504458045,0.00436576398779802,0,0.00793652474625912,0.0146370216442652,0.00362508132517575,0.00492514080650745,0.0566708085104977,0.0209610280761757,0.000594194411294033,0,0.00627948764502523,0,0.0294532004634336,0.00741916873299498,0.0301837156783608,0,0.0106997585627406,0.00327925824963395,0,0,0,0,0,0.0306049283769448,0.0107972500284241,0.00887459216567333,0.00517762693640255,0.00630678361822697,0,0,0.0108313343535491,0,0.00417867138918937,0.00404632918109446,0,0.00522901806499937,0.00716995487687624,0,0.000595282868358005,0.00465029215230868,0.0410842198202615,0,0.0133704948080832,0.0266647043092038,0.0135118146179835,0,0.034745976228929,0.0149067957390524,0.01538692810846,0.00986137611317634,0,0,0.0131264844053424,0,0,0.0725728669926182,0.035524421947073,0.0312326559276709,0.00254739189599554,0,0.00489459336791518,0.00929823671935471,0.00637968899832484,0.0381227979374232,0.00786517037078324,0.0719725763396512,0.00964412411667995,0.00878204762962455,0.00471104483684352,0,0,0,0,0,0,0,0.00694030588576887,0.000840309364292021,0.00359007846401398,0,0.0086769658442735,0.0103738178531141,0.0070400848517723,0,0.0597200833641745,0,0.0283816922902194,0.00538820123823111,0.0159871805242905,0,0,0.0582836700012545,0.00910103442436257,0,0,0.000293612319822706,0,0,0
0,0,0,0,0,0.0280337964279515,0,0,0.0171728294941077,0.0224557342077666,0,0.00885414094650618,0,0.0140926451546224,0.0205920164594578,0.0113523375259193,0.00506777837072677,0,0.00158590498374422,0,0,0.00280486239019682,0,0.00486625121393548,0,0.000155521096912859,0.0192711980592397,0.00451945816406095,0.00600879102716671,0.00435515232343105,0,0.00625615168532365,0,0,0,0,0,0,0.0192888546770243,0,0,0.00348889833850507,0,0,0,0,0.00262884828425565,0.00026549655556181,0,0.00664754029640241,0.00809962719967876,0,0,0,0,0.0341955454378544,0,0,0,0,0.00057663797526579,0.0252962186295812,0.00238221152903424,0.0133865980530129,0,0,0,0,0.00114050194159862,0,0,0,0,0.00419225333620187,0.0143923765583251,0.00906301454732537,0,0,0.0164765210228391,0,0.00498455211171312,0,0.0254383037137316,0,0,0,0,0.00789541474184503,0,0,0.0180224223121877,0,0,0.00664984761722128,0,0,0,0.0166097250674887,0.0171557324665649,0,0.0106077326634289,0.00366536305134218,0,0.0228628535775341,0.0267818573250386,0,0.000130506849547815,0,0.0252610435303507,0,0.00353249987969295,0.0116830518963028,0,0.0131361771589179,0,0.0143706152667287,0.0198246631250852,0,0.00845557052127652,0,0.0169462711532218,0,0,0,0.0488261096807939,0.0230507767378783,0.0421547512384911,0,0.0255890636902578,0,0.00567296533378953,0,0.00546441190433553,0.00621110502898969,0,0.00225359878933793,0.00445953653634192,0,0,0.012049487244928,0.00607462513655707,0,0,0,0.0123384605426497,0,0.0076602014193538,0,0.0186155922151518,0.0059478122322194,0,0.013328105978936,0.029824587232775,0,0.0786501070225479,0,0,0.0136687250806554,0,0.0075335218849601,0.106933237086298,0,0.0057959314753804,0,0.0153699498404928,0,0.00372833339063827,0.00520471655199789,0.0258238702616731,0,0,0,0,0.00539409649157135,0.0423691520582067,0.0143874054256131,0,0,0,0,0,0,0.00566010938851885,0,0.0227490634082026,0.0150639434241173,0.0355788503069294,0.0144291951822324,0.0235174375307979,0.0397230992658505,0.0403460269300302,0,0.0395586836201099,0,0,0.0177819679692604,0,0,0.00810638626969684,0,0.0906470954075126,0,0,0.00729775952785679,0.0384195443545043,0,0.00781795107865161,0.000582195125984073,0.00266261449959121,0.0100347716345644,0,0,0,0.0153637626657599,0.0191505637477705,0,0,0,0.00266240351368861,0,0,0,0,0.00289065661568522,0.0597716545988061,0.0155505525636405,0.0154902814138052,0.015264812748155,0,0,0,0.0106104137278306,0.0207784919940998,0,0.0248537047938085,0.02248175512854,0,0.0189315930684401,0,0.00917163427224783,0.00739005627477221,0,0,0,0.0131335994243442,0,0,0,0.0793666015084373,0.00920832322065388,0.00823214678129643,0.00888387578164612,0,0,0.00497557185549115,0,0,0.0245603005921118,0.00823976662200408,0.0201807090366688,0.00119542131098224,8.06523230410994e-05,0,0.0409293988537701,0,0.0106562239956021,0.0673233535335711,0.0148622660747213,0.0430473825561415,0
0.0410749422389552,0.00308370196849878,0.00172408102425116,0,0.00136102015024819,0,0,0.000956242829817091,0,0,0,0,0.00100567477755095,0,0,0,0,0,0,0,0.0701649310331498,3.12950790408284e-05,0,0,0.00290347839638072,0,0,0,0.000153092534399974,0,0,0,0,0,0,0.00111742579847729,0,0,0.000274944535054067,0,0.00252739959120321,0,0,0.000618837193805948,0,0,0,0.00159173214805497,0.000960644797320109,4.73808491163033e-05,0.00194956491342667,0.00132071803305831,0,0,0,0,0.0418186257162702,0,4.80431489165284e-05,0,0,0,0.00221078973328172,0.000484548755469029,0,0,0,0.0966238747027234,0.0306723250580857,0,0,0,0,0.046984329128934,0,0,0.0196825836340244,0.00239759249388021,0.0030029553505671,0,0,0,0,0,0,0.00208324335787785,0,0.000656662869424359,0,0,0,0,0.000706863038654922,0.00012971959575302,0,0,0,0,0.000298182811540645,0.00485969188769032,0,0,0.0035822757276935,0,0,0,0,0,0,0,0,0,0,0.000335361947656895,0.0520392434682226,0,0,0,0,0,0,0,0,0,0,0,0,0.000559513080175537,0,0,0,0,0,0,0,0,0,0,0,0,0.0015538424235529,0,0,0,0,0,0,0,0,0.000516339611873024,0,0,0,0.000457729991327006,0,0,0,0.0454005094666919,0.000665950712440262,0,0.0055818085998731,0,0.0534215911547642,0.0358190337563348,0,0,0,0,0,0.0638335418419556,0.000921763926627247,0.000774031160734499,0.0419733389063225,0,0,0,0,0,0,0,0,0,0.00404759845818085,0.00134564694850363,0,0,0,0,0,0,0,0.00240037618928451,0,0,0,0.0095738228694639,0,0.00151864327444627,0,0,0,0.00698394763317606,0,0,0,0,0,0.000663149733875539,0.0677774704429049,0.00187433770055637,0,0,0,0,0.061431647063413,0,0.0020107192511468,0,2.78758613712315e-05,0.0384024002940501,0.000519104289538805,0,0,0,0,0,0,0,0,0.00157515955842718,0,0,0,0.000896514828561686,0.000608849118443531,0,0,0.00069883254228014,0,0,0,0.00100124586033394,0,0,0,0,0,0,0,0,0.00190959833161681,0,0.0023376914587556,0.00403037711808543,0,0.076262817229959,0,0,0,0,0,0.00102354056436957,0.00138856257220029,0,0.00157692559650809,0.00259255131409155,0,0,0,0.00104994328771445
0,0,0,0,0,0,0,0.0215339465630962,0.000346044838185102,0,0,0,0,0,0,0.0506593001861705,0,0,0,0,0,0,0,0,0,0.0111670358221718,0,0,0,0,0.00213373767151731,0,0,0,0.0242043165897067,0.00362198776769444,0.0183184360727542,0,0.000326140626620034,0,0.0306553504163107,0.00104377228063867,0,0,0,0,0,0.000695724538800519,0,0,0,0,0,0,0,0,0,0,0,0,0,0.0275748611837424,0,0,0,0,0,0,0,0,0,0,0.055788255021263,0.00189757768913982,0,0,0,0,0,0,0,0,0,0,0,0.000358760328731684,0.074295001796292,0,7.00300311646108e-05,0.000262270098924589,0,0,0,0.0139695636938462,0.0136863773963726,0.00016221149281255,0,0,0,0,0,0,0,0,0,0,0,0,0,0.0353110024410635,0,0.0446122191597702,0,0,0,0,0,0,0,0,0.00160617714378344,0,0,0.0158563895120931,0.045255858440287,0,0,0,0.0326909759029893,0,0.000435762446256659,0.000336428847265117,0.0282583572331981,0,0,0.0162354966931106,0.000134652397984619,0,0,0.0370487763772439,0,0,0,0,0,0,0,0,0,0,0,0,0,0,0,0,0.0666279603841906,0,0.0318809777395675,0,0.0522771742173907,0.0486104183111323,0,0,0.0168237255996477,0.0296952465878175,0,0.000208857232482322,0,0.000643809332428956,0,0.00175951167876967,0.0267233393098757,0,2.99986351953056e-05,0,0.0278170498250155,0,0,0.0423863417226803,0,0,0.0290959196404264,0.0208929328905553,0.0235420220082352,0.0516674752202124,0.0186758793701606,0,0,0,0,0.0552604869002963,0,0,0,0,0,0.0213344368281944,0,0,0,0,0.0258614529252121,0.0455187521515253,0,0.000745702134273947,0,0,0,0,0,0,0,0,0,0,0.001298215025799,0,0,0,0,0,0,0,0.00275777773261058,0,0,0,0,0,0,0,0,0,0,0.0522907678211734,0.0181256472721729,0,0,0.0376154544569937,0,0,0,0.0418800837438298,0,0.00351392971595707,0,0,0.000703095833181372,0,0.0796450189291726,0,0.000816242572850355,0,0,0,0.0611391038323967,0,0.0143414139478524,0,0,0.000319009907998413,0,0,0.000513570972300103,0,0,0,0,0
0,0,0.000675321978085293,0,0,0,0,0.000673727486973466,0,0.000320834316363421,0,0,0.00117113645102436,0,0,0,9.37129062612444e-05,0.000434962290719833,0,0,0.00190273943401339,0.00127079177099953,0.00190497933257897,0,0,0,0.00102152545290651,0,0,0,0,0.000489737112386133,0,0,0,4.13714999993246e-05,0,0,0.00133897262397847,0,0.0023690233117733,0.000224668902571451,0.00105999718940308,0,0,7.93624058992982e-05,0.000384202598337501,0.00261303071813234,0.00108103151853653,0.000984202011696865,0.00195281635381292,0,0,0,0.000761612436942808,0,0,0.00117864605437226,0.00170628771757599,0.0025071716201973,0,0,0,0.00121122638595335,0.000975807907410091,0.000435812964057223,0,0,0,0,0,0.000452424720249283,0,0.00174610262575801,0,0,0,0.000197062589558321,0,0.00265148818684768,0,0,0,0,0,0,0.000315795279031937,0,0,1.55329723434804e-05,0,0,0,0,0,0,0,0,0.0002031453175653,0,8.21668339659997e-05,0.000259904028850072,0.000521606066644118,0,0,0,0.00056563037715118,0,0,0,0,2.78517174935872e-05,0.000131959840914433,0.00118798775311566,0.00650909174609967,0,0,0,0,6.92396237421458e-06,0,0,0.000485331029963313,0,0.000335520774865334,0,0,0,0,0,0.000335805565331971,0.00206816795632251,0,0,0.000989077224468038,0,0,0,0,0,0,0,0.000335710865247996,0.000202844852535042,0,0,0.000449675613778939,0,0,0,0,0,0,0,0,0.000123414154810645,0,0,0,0,0,0,0,0,0.00044015778532615,0.000129699894859742,0,0,0.00143137535748856,4.24524707239142e-05,0,0.000206612726141828,0,7.57039704473751e-05,0,0,0,0,0,0.000990008486620457,0,0,0,0,0,0,0,0,0,0,0,0,0,0,0,0,0.00053192024418925,0,0,0,0,9.272417737021e-05,0,0,0.000916243245252232,0.000719100682095879,0.000108657004134877,0,0,0.00150041142712836,0,0,0,0,0,0.00156470173720471,0.00154130793564463,0.00223317233037174,0,0,0,0,0.000624125423693261,0,0,0.000333481421726755,0.000719943233337943,0.00539244441695946,0,0.00372035704892177,0.000578567203863945,2.95073457449926e-06,0,0.00125391075489895,0.00399076326755717,0.00159814930925578,0.000559265704623027,0,0,0,0,0,0,0,0,0,0.0218484070895082,0.00180753103208717,0.00571782282059618,0.00251568071336,0,5.43623596034157e-05,5.47024847358729e-05,0.00104508839953266,0.00079110711139928,0,0.000565198313854337,0,0.000569402205097406,0.00101057028822901,0,0.000232100457054537,0.000606233870287177,0,0,0,0.00260907703778885,0,0,0.00107239079399744
0,0,0,0,0.0185325592869824,0,0.010884854911989,0.00361817709953929,0.000711279539774739,0,0,0.0164345446507183,0.00493707765330787,0.00497020702745639,0.00792793297969088,0.00456491920042377,0.0198770708107469,0.0113482774014849,0.00195889699757263,0,0,0.0017958819784002,0,0.0210266482059944,0.00198186215813484,0,0.0145058861365841,0,0,0.0202002656502018,0.00634200941000055,0.00582063502926598,0.00366953707967346,0,0,0.00167476377614969,0,0.0147089318164895,0,0.00176708304158423,0.00904587728125063,0,0,0.00308507196875376,0,0.0220645025523778,0,0.0203128129872377,0.00604430480154789,0,0,0.00806106035861788,0.0329607221248333,0.0348901324407764,0,0,0,0,0.000224303905552921,0,0,0,0,0.0346795430868668,0.00654455734618089,0.00238576595817036,0,0.046667379629543,0.0153811161432216,0,0.0272355957967319,0,0.00895732357769243,0,0,0.0672097759130105,0.00436155987141938,0,0.0244381139080316,0.000944545952074274,0,0.0474776829639679,0.0173405925281552,0,0,0,0,0.0118031677709718,0.00370568838361899,0,0.00626621068312614,0,0.0132626287757863,0.000708583354287574,0.00972567164192752,0,0,0.0364515436677823,0,0.00408275489083072,0,0.0269402002535642,0.00593720850647268,0.0202179070362718,0.00222123900139277,0.0137456062035515,0.0246301456679574,0,0.0172105582796277,0,0,0,0.024478808827143,3.29102889634043e-05,0.0030091568235709,0.00481577229943631,0,0.00264144971468142,0.00357828401994927,0.0103786934971306,0.00048843939189039,0,0.0443821399717956,0.0030775209566153,0,0.0274740668350133,0,0,0.0146006172687538,0.0133504294387284,0,0.00237247555608819,0,0.00984532885100476,0.00160749943315312,0,0.000929559420075391,0,0.0197314694445339,0,0,0,0.000245388808253576,0.0146048494872037,0.00491814216678951,0,0.0192526355809458,0,0.0130606712096914,0.00169450144261915,0.0395188005795145,0.0240241301958522,0.0105133338193071,0.00924872255009682,0.00417110090443962,0.0184437523229631,0,0.00998195126940971,0,0.0482344930642148,0,0,0.0120135549744635,0.00167807779641013,0,0.0178007371697309,0.00921009531144222,0.00209245304318801,0.00264393697657279,0.0296349516364558,0.00166641812573735,0.0126166013339521,0.0208854113554757,0,0,0,0.0162307804741375,0,0.00812095653476234,0.000679153181845114,0,0,0.00388616302788769,0.0163953038509721,0,0,0,0,0.012109997627093,0.00671429765143877,0,0.00436846876542095,0.0312420301085163,0.144331068245368,0.0374426787185622,0.0409976860009509,0.000850066393680852,0,0.0206070414430219,0,0.0112330983723949,0.00200803657873234,0.015040338034472,0.0160689642378023,0.00907750349536261,0.0427685529285477,0.0157842873707106,0.00965882555053221,0,0.0308814455134938,0.00912626373256406,0,0.197756117682662,0,0,0,0.00243336772409726,0.00202089799402599,0,0.00844922548065526,0.000846756036435932,0.0135856457572491,0,0.00916534096939674,0,0.0168826149560762,0,0,0,0,0,0,0,0.0168964208014548,0.00240080186320319,0,0,0.00344484636602071,0,0.0228887522171892,0.00289098187330074,0,0.0319704962480291,0,0,0.0298326175546526,0,0.0275924801465287,0.00296986266146406,0.0110978003720552,0.00833276722703508,0,0,0.0259437187977217,0.0197689142696122,0,0.0187188397488034,0.0389095925978847,0.00212975005265702,0.0055140936540151,0,0.0369649233043226,0.018120535172739,0,0.00772384319246364,0.0142484818275576,0.0370639426828418,0.00224063852884788,0.0171098712164922,0.000581163815431709
0,0.0179439653886709,0.00128078218568106,0,0,0.0148745538783088,0.000773944954682009,0,0.00858503379481283,0,0.0335106694316478,0,0.00228332300365265,0.00138345843302602,0,0,0,0,0,0.0116825318222316,0.00199786888969248,0,0,0.00039128339709256,0,0,0,0,0.00175707750256046,0.00144752347913745,0.0151366663309994,0.0143965372375639,0.000929215613685025,0,0.000626563570259603,0.00179458038479755,0,0,0.000328954258178966,0,0.0029522776779616,0.00706178066000745,0.00199237598468802,0,0,0,0,0,0.00285373704110188,0,0.00207690717455,0,0,0,0,0,0,0.0191727950753839,0.00677554447659924,0,0,0,0,0.00430478324685171,0.000954632296189711,0.00029687880283959,0.0326985949385568,0,0,0,0.0132535739037224,0.00961467946996671,0,0.00119069159990369,0,0.00182061954572488,0.000343073915767047,0.00327257048972396,0.0250524828007108,0,0.00148638988596532,0.0259182753053269,0,0,2.64765572367643e-05,0.00446401641551321,0.00923714679063766,0,0,0.000567694859214817,0,0.00282880924803042,1.72564436242036e-05,0.00654813707389853,0,0.0241440557662265,0,0,0.000680166267638704,0.00210712357269529,0.0121233406654591,0.0162287441097084,0.0247883222984635,0.00342882395886484,0,0,0,0,0.000513509533241308,0,0.00082142697203658,0.0032867914246853,0,0.0275545843006904,0.0378609418446202,0,0,0,0,0.0148423145534237,0.00160735498349977,0,0,0,0,0.000883484092780132,0,0,0.0881156443461948,0,0.00380375048166518,0.00257843870604825,0,0.00775392769185476,0.00103619550760085,9.63250733733942e-05,0.000934367712811062,0,0,0,0.0594929890093781,0,0.000801092664247228,0,0,0,0,0,0.00235307659123942,0.0233506920551836,0.00352008562180593,0,0.000329003896775617,0.0104360679480376,0,0,0.00012572888132212,0,0,0,0,0.00475260841718271,0,0,0,0.000580246125734713,0,0,0,0.00106482578509082,0.00190585892516783,0,0,0.00166895730049006,0.00179476905904226,0.00104892329784475,0.0180764149934744,0,0,0,0.0608036886969724,0.00133262138566204,0.027398408634619,0,0,0.0022407842312985,0,0,0,0,0.00631911271094142,0.00156543331394329,0.00695190400239093,0.0700196212355419,0.00120310218050397,0,0.0134644628417774,0,0.00172431681977064,0.00229322040856884,0.000610514049675415,0.00434023870428515,0,0.00831796566786295,0.000307598482449486,0,0.00235986222515635,0.0186784307011473,0.000722908505049346,0.0141525931942191,0.0801119578891333,0,0,0,0,0,0.0102877178790101,0.00783981705204974,0.00231097449852793,0.0241737297459364,0.00369220155603543,0.000583011645229208,0,0,0.0116560235997222,0,0,0,0,0.00801919564680509,0,0,0,0.000755338212595539,0,0.000582867331327244,0,0.0259001136634477,4.50357885655303e-05,0.00525257371707437,0,0,0,0,0.0252352839428739,0,0.00791635178091255,0,0.0079955757773982,0.0186116919188034,0.00495238175078793,0,0.0249008236721462,0.000523248244540602,0.0141747504917207,0.023736565329805,0,0,0,0,0,0.00313599703743342,0.00066075468686844,0,0.00148041859573672,0,0.00108877248485798,0,6.65992831893398e-05,0
0,0,0.00092058210850072,0.00985640926004023,0,0.000809748267728559,0.0093740911429365,0,0,0,0,0,0,0,0,0,0,0,0,0,0.00136268994397194,0.00151936174457956,0.00268374536858394,0,0.00534062383865956,0,0,0,0.000164774543489706,0.00167529756874539,0,0.00429167440969713,0,0.000533733758491774,0,0,0,0.00383569157560972,0,0,0.000409661301572229,0,0,0.00312282787132318,0.0110297061480138,0,0,0.00188353712683123,0.00200138534034523,0.016309791803782,0,0,0,0.00356919116432501,0,0.00243468054734384,0,0,0.00199048348558541,0,0.0351083632173271,0,0.011587789151816,0,0,0.0101431783322139,0,0,0.00358492799087209,0.00338977835963991,0,0,0,0.000786458719255371,0.0348717944969309,0.00393280677558718,0.00405799209040857,0.00392725588040529,0,0.00171411416515124,0,0,0.00814086075670961,0.00504384978151565,0.000346148936900463,0,0,0.000110829065724344,0,0,0,0,0,0.0195810485054804,0.000705828633469711,0,0,0,0,0.00134489412324532,0.0225923350726319,0.0192405710450728,0.00017270481501492,0,0.000304982868007299,0.0104480054780647,0.0098672157912925,0.0032435161915805,0.00192627363043222,0.0124986830344601,0.0195114256749927,0.00148629679507399,4.27970333734425e-05,0,0,0.00974002157482684,0.000743051745248055,0,0.0220070524480755,0,0,0,0.00691865018435799,0,0,0.00434005296073198,0.0192830389822574,0.0221118689533765,0.0402992775274599,0.0157463643531526,0,0.0313242350705194,0,0,0,0,0,0,0,0,0.0020758343153428,0,0.000336606438656718,0,0.02150785485886,0.00384440589690531,0.059262718787299,0,0.000793989638955179,0.000288777542468062,0,0.00679995724989456,0,0,0,0.0186345224469948,0,7.90996314149429e-05,0.00243734123338925,0,0,0.0222797917520297,0,0,0,0.00495613623434907,0.0148986729617339,0.000910966697939482,0.00535399164082042,0,0.00201628727213926,0.0017972433284337,0.020861060117817,0.00107173833494666,0.000770222812263192,0,0.00516752807790672,0.00398061957013803,0.0029672922158554,0,0,0.00741832122964189,0,0,0.00718056338365689,0,0,0.0227987485177115,0,0,0,0.000559851230075096,0,0,0.017778963325327,0,0.000755731820916223,0.00125884441675374,0,0.0196616870256848,0,0.0124229699386195,0.00440969248256306,0.00109683850804967,0,0,0.00229268553372393,0.00750459142491613,0.0430300340596243,0.000235433286936018,0,0.00650232464301694,0,0,0,0.0212646324039632,0.00157291087715993,0.00424669989188585,0.0217995475978834,0.000139081163488883,0.000350778381584128,0,0.0340602703650572,0.0161356313156768,0,0.049724795604017,0.000717125692970916,0.00396436014885508,0.00316154270094603,0.00012130845078998,0.00472174514599185,0.02208362557928,0,0,0,0.00491383250294865,0,0.0354249936908956,0.0588623636232739,0.00696468898052014,0,0.0069449515437109,0.00181292923968745,0,0.0132330419183721,0,0.00368845727900895,0,0,0.00146038646569979,0.00275570204584892,0,0,0,0.00163384872682067,0,0.0547346978663879,0,0.00407601170427973,0,0.0125338186185041,0.00215752643138157,7.43638049322849e-05,0,0.00275931625402757,0.000392525419580012,0.000359320018368044,0.0310221272663417,0.0183593745095126,0.00511608164299543
0,0,0.00122742556258819,0,0,0,0.000718657232127869,0,0,0,0.000153908629695655,0,0,8.3642056675776e-05,9.65542093168573e-05,0,0,0,0,0,0,0.000256617067795412,0,0,0,0,0.000604201216076548,0,0.00089420328240889,0,0,0,0,0,0,0.000240248047014318,0,0.00349641392310867,0,0,0,0,0,0,0,0,0.000822815009827935,0,3.44098794626192e-05,0,0,0,0,0,0.00111542267897546,0.00424932035513813,0,0.000841478908793242,4.66243981197901e-05,0,0,0,0.000371248146386422,0,0,0,0,0,0,0.000592548461343565,0,0.000395339556927441,0,0,0.000407782895534925,0,0.00068820098028728,0,0,0,0,0,0,0,0,0,0,0.000715403002656825,0,0.000215414309267861,0.000483298288441648,0,0,0.000252150162840117,0.000405168925918999,0,0,8.6340673940891e-05,0,0,0,0.000131776351619271,0.00168372466154085,0,0,0.0033533780708703,0.00114981637055072,0,0,0,0.0051406246771218,1.59688686702453e-05,0.00169509378533483,0.000494998076179311,0,0,0,0.000471858820514061,0,0.000824179393553599,0.00036934053504315,0,0,0.000372279023742482,0.000285177120898967,0,0.00113660654398631,0,0,1.71819783664234e-05,0,0,0,0.000705632144509942,0.000419823556078867,0,0.00312293263806014,0,0,0,0.000892409985144728,0,0,0.000681237679866642,0.000841792479032802,0,0,0,0,0,0,0,0,0,0,0,0,0,0,0,0,0,0,0.00116233037457885,0,0.0019970346543932,0,0,0,0,0,0.000655478333066936,0,0.000407282412784436,0,0.00043944928328485,0,0,0.00171760451067482,0,0,0,0,0,0,9.1704508857409e-05,0.00120802932943372,0.000413585964059919,0.0135155458881849,0,0.00448110695736346,0,0,0.00122803078647239,0,2.9425557402738e-05,0.000370806587177871,0.00215301637090515,0,0,0,0,0,0,0.000972951880292141,0,0.00174421135564614,0,0.00891159519679011,0,0,1.12212912281551e-05,0,0,0,0,0,0,4.16747641187609e-05,0.000575640801862781,0.000168656703455392,0,0.000173831545988316,0,0,0.000178679915768688,0,0,0.00214360958119326,0,0.000691707465093415,0,0,0,0.00242423218817761,0,0,0,0.000159081175356743,0,0,0,0,0,0,0,0,0,0,0.000239284589414292,0.000122807770403845,0.000843668740982529,0,0,0.00010776194587222,0,0,0.000931926003616835,0,0.00181201023648288,0,0,0,0,0,0,0,0.000578164741530836,0,0
0.0195808811256558,0,0,0,0.000877510349312256,0.0165928488218977,0.00186573163627057,0.00251360997845511,0,0.0257461137044507,0.00022169630227995,0,0,0,0,0,0,0,0,0.0018074543343838,0,0,0.00623554225169526,0.0082096748053065,0.00252624651155758,0.0122789412370838,0.0164985147315524,0,0,0.0192146495356905,0,0.00127501441150026,0.0117367442531275,0.0245589254999554,0.0212928629290493,0,0.0161771132238619,0,0,0.011319818909586,0,0,0,0.00372312676096844,0,0.0345252565282451,0,0.00171167195074236,0,0.000151542723870729,0,0.0210142620613009,0,0.0185401127553379,0,0.00334827727645487,0,0,0,0,0,0,0,0.00241044039061015,0.0091075051601358,0.00339974682635415,0,0,0,0.000679864093281217,0,0,0.0250722914003355,0,0,0.0150168425868237,0,0,0.00354937797497533,0.0151713251336193,0.0216468219198907,0.002002503173346,0,0,0,0,0,0,0.000781306911014162,0,0,0.00266141507545908,0,0,0.0107980412106397,0.00347330653841252,0,0,0.00251754672982078,0,0.00145245717217398,0,0.00136777054245615,0,0,0,0.0019545499599287,0.0734887176279483,0.0167946334960801,0.00275930103814636,0,0,0,0,0.00282607669509666,0.00105818946773222,0,0.0156590143209158,0.00143845234488277,0,0,0.0226782993581072,0,0.00649391699449802,0,0,0,0,0,0.00316223181969634,0,0,0,0,0.0182087793011943,0.000966380675699734,0.00149105583030811,0,0,0,0.00417797299630884,0,0.000700983730730887,0.0153868854389397,0,0,0.00270766863502125,0,0.000758062358078111,0.0287667009254912,0,0.000514951453836175,0,0,0,0,0,0,0,0.0409548896288803,0,0.00441113805247978,0,0,0,0,0,0.0204100341696227,0,0,0.000380392895079098,1.32145387132628e-05,0,0,0.00285971459297074,0.00361149589585669,0,0,0,0,0,0,0,0,0,0,0,0.0174950876302621,0,0.0674066252947806,0,0,0,0,0,0,0.00115121367745763,0,0,0.00244768297428103,0,0,0.0560601771474692,0.00302514948618182,0.0113860299260123,0,0.00902553333849791,0,0.0384382241263084,0.0393263528417825,0.00631983513141279,0.0180035619345628,0,0.0032689218606735,0,0,0.00365110956136934,9.25986211828987e-05,0,0,0.00340385733545467,0.0985940981075862,0.0600624731463286,0.00450377495586736,0.0104757695454934,0,0.00202013652866155,0,0,0,0.00398737427300898,0,0,0.00264181768458445,0.00170057508122241,0,0,0.00390748508644835,0,0.000227405134423725,0.000419237553403247,0,0,0.0772502184173075,0.0277518838839436,0,0,0,0,0.000363998829164309,0,0,0,0,0.00179681975372602,0,0,0.000962923989511903,0,0,0,0.00121150899728962,0.00422503831801481,0,0,0.00204681240282437,0,0,0,0.00186085804430169
0,0.000101076582829208,0,0,0.0116650550962789,0.047314223264441,0.00463843565054535,0.000749770592185297,0.0202391472049555,0,0,0.000200675367596467,0.00969237525917574,0.000716340329685956,0.000722912375706784,0,0.0269633781500417,0.0275704042856103,0,0,0.000509361744380664,0.000536790396297166,0.0287097107208972,8.62219856975114e-05,0,0.00257722683493066,0,0.0166270678136089,0,0.00207305154976652,0.00376480995282829,0,0.00305230160062456,0,0.000379283889225304,0.00505419295738596,0.0160916298325982,0.00634413154558845,0,0.00011662012415263,0.00391221272559364,0.0626065819178215,0,0,0,0,0.00751144874632016,0.00161708987479435,7.29269842531603e-06,0,0.00170438039527383,0,0,0,0,0.0093353041124997,0.0359805746225254,0,0.0004586410386511,0.0188842387193277,0,0,0.00232818668345987,0.00751607623447066,0.0206120797101267,0.00136577350860451,0,0,0,0,0.00755932643252137,0.0153530828173532,0.00200239954668793,0,0,0.000446168881576745,8.18394921254904e-05,0,0.0023791460879004,0,0,0.00176223937101958,0,0,0,0.0106885592193916,0,0.000654067276731344,0.00136349268150189,0.0308862447070724,0.00188972164523462,0.00305877922685606,0,0.0165264860600943,0,0.00093807886146362,0.00466591776831681,0,0.00285788855231706,0,0,6.81120820313527e-05,0,0.00133846302260862,2.66777793477761e-05,0.000290177511585484,0,0.0443423382354043,0.00302407217114839,0,0.00454364259676044,0.012139388056177,0,0,0,0.000475951616762998,0.0101280517750083,0,0,7.74813165237289e-05,0.00362033475882126,0,0,0,0.00172669406182931,0.00274776130781877,0.00147263240662779,0,0,0,0.00233188849567264,0.00488988266707643,0,0.0262301846297789,0.00633441535613908,0,0.000899207987801228,0.000443093901728582,0.000740355547073077,0,0,0,0.00184415376602638,0.014951086294241,0.0178356976886361,0.00110319976249767,0,0.00280768806626644,0.000331553613233134,0.0100966495880584,0.0260098331437747,0.00182829451760234,0.0278191611985754,0.00753317645368421,0.00565921292100532,0,0.0078957936827053,0.0114479627513467,0.00336806059944,0,0.0135396937097685,0.00437051705189233,0.0157156215685405,0.00105142711708404,0,0.0130564145021193,0,0.000859215629104206,0.0225287013342744,0.0102842455358916,0.0211700748449629,0.000877446997342831,0,0.00209515840426332,0.00506261234844812,0,0.00539471984431881,0,0,0,0,0.000856035425967719,0.0106638135499191,0.0359659371244479,0,0,0,0.00167690923257841,3.45254061904198e-05,0,0.00991967593105441,0.00256119813963911,0.00317498938514296,0,0.0220526655778613,0.0038778705137112,0,0.0110237087999442,0.0525201017537348,0.0022645722082506,0.0412294845575296,0.00449336868308596,0,0.0046791291669346,0.011535918173251,0.00194546225622637,0.014992086689873,0.00135807148566756,0.0150689454055714,0.0318041124872961,0.0078691635462161,0.0132962889603149,0,0.0141588388037406,0.0232672110082918,0.00146347640336048,0.0312058302104872,0.0018212339833492,0.00875115408914486,0.0340913680608238,0.00425241080054243,0,0,0.0225883325501366,0.00499252406701298,0.00111132121057862,0.0114928410158754,0.00242139846513813,0,0,0,0.0104384866640835,0,0.000352317294863107,0,0.000114032932959049,0.000660458660917914,0.0131271341376994,0,0.0270960029728714,0.0255214515368891,0,0.00182885571815693,0.00178380722292352,0.000341396580714328,0.0244479832037645,0.0398808098658466,0,0.0192925454179336,0,0.0169823314155939,0,0.00168481175730851,0.0432994409057294,0,0,0.00441626811724751,0,0.0143562503755365,0,0.00361070609651611,0.00261471185950621,0,0,0,0.00417664818627913,0,0,0.00962601795762574,0.000579741154085186
0,0.0168599948967167,0,0.00199794532136064,0.00240080172915176,0.00249843332422017,0.000122506265314038,0.0074379327949509,0.000110940211755717,0,0,0,0.00230232467845596,0.00111807229578056,0,0,0,0.00812441153097966,0.010704179824987,0,0,0.0036293211247559,0.0101174724491535,0.0185835264757599,0.0231010936783995,0,0,0.0105033504093716,0,0.00804862024600355,0,0.000325220769575118,0.00865723660474975,0.00525745350133436,0,0,0.0153036220629047,0.00576378371809438,0.00603889793538346,0,0.00699647276386697,0.00825730975639091,0,0.00843683087632427,0.00390375382639782,0.022391948166213,0.00913658508876272,0,0.018515925344401,0.0179553312220058,0,0.0237917750480488,0.000837531574335758,0,0.017732536533144,0,0,0.011323213715987,0.00436914161291601,0.00744634160635842,0.00156014836610276,0.0469201847552617,0.012068404354579,0,0.0179234486170667,0.00182047626692823,0,0,0,0.0062691708888575,0,0.00790764758259408,0,0.00336101396168329,0.028322110191505,0.005920600533683,0,0.00774504675273129,0.00101870300049422,0,0.000552639905812485,0.0127022882914678,0.0108345788474383,0,0.00664484928939881,0.011349926918877,0.0147589752167539,0.00550123941230994,0.0111279455014203,0.00530206024588667,0.0167416688386755,0,0,0,0.00547775153833917,0.0174144527139412,0.0128635020236276,0.0020410043594211,0.00988840710729055,0,0.00764750342552062,0.0015608076085334,0.0118645928964288,0.0022728443132186,0,0,0.00893552499032111,0,0,0,0.000547036657870469,0.0141469171907781,0.00690639669253987,0,0.00255811730247279,0.0041539126300109,0,0.00781978112872419,0.000768168335222745,0.00830784768532629,0.0240095215009404,0,0.00242457347485634,0.00571276904887533,0.00111658194325649,3.74385911846245e-05,0.00143152779504129,0.0108536255872418,0,0,0,0,0,0.00383621184400361,0.00684021030475441,0.00244908750462493,0.0212975179580575,0.0087547320982666,0.00536030683305825,0,0.00242648257636766,0,0.00046378727426889,0.00823692809223253,0.0146251925946622,0,0.0191111328157889,0.0122881101389662,0.000706116336968616,0,0.00163286537131207,0.00494890534245804,0,0.00501019922119364,0,0.00412632891372864,0.0102286843758432,0,0.00462461527645665,0.0120038677472179,0.0121844865791375,0,0,0,0.0119399282222855,0.0195498671978229,0,0.00959729841165571,0.00103766166203434,0.00554503719586193,0.0140503746089169,0,0,0.0055975150641366,0,0.00580801460993307,0.00565263182361085,0.0208270645648086,0.00675401210408467,0,0,0,0,0,0.00726719848816203,0.00504355842848991,0.00158317354186209,0,0.00750969991587734,0.0118111569774899,0,0.0141892976288737,0,0,0.0149045763263469,0.00698995318704463,0.00191611162507244,0,0,0.00882692316374697,0.0254662576838885,0.00501352633417291,0,0,0,0,0,0,0.00474104855712303,0.0100555447497905,0.000234596154767429,0.00478162651797381,0,0.00934641939735799,0,0,0,0.00867750915372266,0.00974365323486342,0.00967776165970106,0.00448413754865415,0,0,0,0,0.01938197520952,0.0100186819121396,0.0229399785682229,0,0,0,0.00687243433747193,0,0,0.00245560058309869,0.0146898256580669,0.000989087744326546,0.00119817915445596,0,0.00427674943666665,0.0194713427369066,0,0,0.000494381955017141,0,0,0.00294411621976677,0,0,0.000200248304368729,0,0.011316672526481,0,0,0.0042251687881215,0.0192149076486424,0,0.00606453052320053,0,0.00474829920814505,0.028573686222937,0,0,0,0.0126485890383388,0.00172441939387373,0,0.00906817362642069,0,0
0,0.00492140756819074,0.000730683826069685,0,0,0,0,0,0,0.00568315989697795,0.00343541854370611,0,0,0,0,0,0,0,0.00399234805291407,0,0,0,0,0,0,0,0.000405650670977248,0.00859607336481922,0,0,0,0.00178199011967491,0,0,0,0,0,0,0.00317058078287478,0,0.000549806641581314,0,0.00192469210409372,0.00032128720739428,0,0,0,0.000413756343661113,0,0,0,0.0203159704451043,0.00118678921008154,0,0,0.00283196924624882,0,0,0,0,0.00128015056662638,0.00602675142000942,0,0,0,0.0106372878999774,0,0,0.00821381216278734,0.0277770553652106,0,0,0,0,0,0,0,0.0138934996308513,0.000372950454912161,0,0.00810845228661391,0,0,0.00175145946975497,0,0,0,0.00445285578385092,0,0.0170464331760613,0,0,0,0.00172194370888948,0.00100995327867453,0,0.00983158247099627,0.0189703168686839,0,0,0,0.00928982468169832,0,0.000640921778766222,0,0.0274593572917847,0.000804435424389791,0.0709378054246928,0,0.101823397719867,0,0.00142927785590762,0,0,0,0,0,0.00694838211516374,0,0,0.00955891615857855,0.0245655974906386,0.000465925846544348,0.00984169784443517,0.0183317358190676,0,0,0.00480808852403081,0,0,0.00546855157982776,0.0450739646656562,0.046855792445913,0.00116512710571528,0.000808704422699516,0,0.00162718311676583,0.0349546099284648,0,0.00701856469597692,0.00193332493014558,0,0.0187317822680278,0.0104498416859455,0.00625870501449712,0.00102620134499177,0,0,0.0368016245126463,0.000509100323854047,0,0,0,0,0,0.0274090578462453,0.0120291231516895,0,0,0.00912764555500156,0.0419000636717987,0.0113987991342422,0,0,0,0,2.69430603986067e-06,0,0.00792606483578816,0,0.00228971950795104,0.0220604984795895,0,0.00903304928146781,0,0.000878023315394312,0,0,0,0,0.0165592901943787,0.000750515052350406,5.37097654809488e-05,0,0.00151827939016354,0,0.00615043103578373,0,0,0.00115811995214819,0.0258354284022041,0.00454865419993753,0.000234247868774541,0,7.7491068961448e-05,0.000802479379990852,0,0,0.0115844489548467,0,0.0424056703474823,0.000757724618111323,0,0,0,0,0.00085919277905687,0,0,0,0,0,0,0,0,0.000842684337700571,0.00241693974619912,0,0.0112881423273208,0.0474950034727207,0,0.0161034748915011,0,4.17359203451932e-05,0.0138581571915381,0,0,0,0,0,0,0.00339331023602104,0.0177910540668761,0.0021673854890646,0.0106800784494347,0,0,0,0.033537237251921,0,0,0.0163171755371021,0.0305048411576719,0,0,0,0,0,0.00957808863449939,0,0,0.0119169346203995,0.00111781076450386,0,0.00126066563444279,0.0994849195313252,0,0.0154275621568062,0,0,0.00598752551660084,0.00434702965258563,0,0,0.00176404675107004,0,0.00843290447732643,0,0.0696833609763681,0
0,0.00635404580034983,0.000853482305705004,0,0,0.0146835124521744,0,0,0,0,0,0.0155597170000325,0,0,0,0,0,0,0.00640649803460742,0,0,0,0,0.000117576555713703,0.000168239079660261,0,6.20424116633803e-05,0,0,0,0.00183193522083099,0,0,0.0309854959321533,0,0.00476249384198846,0.0159046519838264,0,0,0.0248681389564517,0,0,0,0,0,0,0,0.00165479545501109,2.98246966492927e-05,0.0139135389116009,0.00177296359272167,0,0,0,0,0,0,0,0.0167694543140827,0,0,0,0,0.000138041237387429,0,3.91148884957743e-05,0,0,0,0,0,0,0,0,0,0,0.00032678326508176,0.00151041338527349,0,0,0,0,0.0585859137868264,0,0,0.000900341624713103,0,0.0153868754805377,0,0,0,0,0.000425255038869571,0,0,0.0526819445060247,0,0,0,0.0255525639246927,0.0267835484815041,0,0,0.000414108534977125,0,0,0,0,0,0,0,0,0.0441392404098976,0,0,0,0,0.000146235701123353,0.003739194149088,0,0.000407184867900866,0.0549657660869651,0,0,0,0,0,0,0,0,0,0,0,0,0.000800644157192714,0,0.00765856908938935,0,0,0,0,0,0,0.0234699286590797,0,0,0,0,0,0.00086643020235529,0.0458979650493405,0,0.00884836721946815,0.00166337646166971,0,0.0265235399961311,0,0,0,0,0.0557464911218102,0,0,0,0.00859824223839421,0,0.000489692944616965,0,0.0318823510076371,0.000769150390147747,0.000744802957806595,0,2.42659779367289e-05,0,0,0.0377825307840384,1.45508113118093e-05,0.0351702746484437,0,0.0983308882679839,0,0,0.00317491349505983,0.0638652635519935,0,0.0754897366943514,0.0068908543308421,0,0.0355628263596447,0.0486784939697102,0,0.0603586383138289,0,0,0.000601456622129652,0,0,0,0,0,0,0.00151427092409212,0,0,0,0.00290891671800806,0.000175838000294911,0.010188242252207,0,0,0.0705409164550252,0,0,0,0,0,0.0389978439029831,0,0,0.000312492197961938,1.60708638860413e-05,0,0,0,0.00169292406926965,0,0.0761314421520469,0,0.0477736016469087,0,0,0,0,0,0.00163227400703427,0,0,0.0353423675645743,0,0,0.000306925099160539,0,0,0,0,0.000678969083836562,0,0.0114759538929482,0,0,0,0,0.0156189111272432,0,0,0,0,0,0,0,0,0.000988300318613484,0,0,0.000446508054603543,0,0,0,0.00027915263680341,0
0,0.00270040618177325,0,2.82979452462077e-05,0.000864833943299918,0,0,0,0.0203787899921622,0.0170468172501638,0,0,0,0,0,0.00443489151482948,0.00322363016528761,0,0,0,0,0,0.00568980013372092,0,0,0,0.0211503655265109,0,0,0,0,0,1.77203691782211e-06,0.013276629761235,0,0,0,0.00044609864125491,0,0,0,0,0,0,0.013317629305717,0,0,0.00223230753811996,0,0,0,0,0,0,0,0,0,0.00390030173832022,0,0,0.0556635424151056,0,0,0.000223203715159895,0,0,0,0.00493611190933079,0,0,0,0.0583442521584677,0.000710123442985095,0,0,0,0.0154405224144993,0,0,0.0134727705491364,0,0.000143829092272173,0,0,0.00290791412330468,0,0,0,0,0,0.0201585669465646,0.0215163248530203,7.21999317190132e-05,0,0,0,0,0,0,0,0.00976581706583548,0,0,0,0,0,0,0,0.0195129245195026,0,0.0175015145526668,0.00269913276376368,0,0.00309540179528819,0,0,0,0.01827152121946,0.0106862046133849,0,0,0,0,0,0,0,0.00209534992321625,0.017815354634102,0,0,0.0210564189043365,0,0,0,0.000179922531482613,0,0,0,0.0226551854423082,0,0,0,0.000169924373282839,0,0,0,0,0,0,0.000308688115673955,0,0,0,0.0298790466450754,0,0,0,0.0232974136059918,0,0,0,0,0,0.000613597310477215,0.00207321223326386,0,0,0.00242570682559683,0.000281807184349822,0,0,0.00111448666483848,0,0,0.0229788304103793,0,0,0,0.00929927206254365,0,0.04791569498278,0,0.00605278202523265,0.00109475065496921,0,0,0,0.00245319687051777,0,0,0,0.00338584555622568,0,0.0385263459898396,0.000246854648152455,0.00439843290505066,0,0.0210730688560479,0,0,0.00135052887307991,0.00543389537852409,0.0221679235953379,0,0,0,0.00111290218975707,0,0,0,0,0.0235856308458297,0,0,0,0.00107084939767535,0.000422276345668273,0.000255853923031274,0,0,0,0,0,0,0.0270246414043788,0,0,0,0,0,0.00806104340432597,0.064795897337076,0,0,0,0,0,0.0277394608515079,0,0.00412069830522816,0,0.0659078245584128,0,0,0,0.00181755096432446,0,0,0,0.0367635955697873,0,0.000188804783547302,0,0,0,0,0,0,0,0.0185736678885007,0,0,0,0,0,0.00156523939763333,0,0.00155139799534817,0,0
0,3.90604378065975e-05,0.00308586256890774,0,0.0102431946531376,0,0.000632293159137108,0,0.0157923981322347,0,0,0,0,0.00174912838962751,0,0.0113841977505215,0.00192789766359993,0,0,0,0,0,0.00234503829682942,0,0.00038923253619094,0,0,0,0,0,0,0,2.57271811135636e-05,0.00252079769824914,0,0,0,0,0.000169721208919211,0.0179572184995391,0,0,0.00752718053914721,0,0,0.00109519771182425,0.00148256472358471,0,0.00254385560649582,0.0010625019881957,0.0127265192640418,0.0177833760496562,0,0,0,0.00360213407058418,0.00812287202593084,0.00082902323246767,0,0,0,0,0.0149362885348909,0,0,0.00117409568741649,0,0,0.00584164703722892,0.00235810715769207,0,0,0.00718200855842021,0,0,0.000768252182098659,0.00230153393676818,0,0,0.00112879186277977,0,0,0,0.0451203718785315,0.00181348993809756,0,0,0.000785270289933009,0.000575069668515485,0,0.00264141903205235,0,0,0.00114897221868805,0.00131619104627877,0,0,0.000111061689888981,0.00144501746727708,0,0.000100983528522519,0,0.00125899814373331,0,0.016140223298467,0,0.00808686571780034,0,0.00137286289401486,0.00184117526372218,0.000456508522797668,0.00237936786001088,0,0.00127515049419514,0.0273232842256233,0,0.000363395745078029,0.000758839273431288,0,0.00128692657984982,0,0,0.000772356748534093,0,0.00130083912786563,0,0,0,0.010415942244441,0,0,0,0.0159479587294293,0.000108044338248884,0,0,0,0.0011012808440713,0,0,0.00419727683007387,0,0,0,0.00184000435595494,0.000907787681886837,0.00209823931029587,0,0,0,0,0,0.014382108758381,0,0,0,0,0,0.00675998942616039,0,0,0.00513273309009929,0.00232032725473563,8.68111129586782e-07,0.000902760632504668,0.0207890430841817,0,0,0.00103655568217832,0,0,0,0,0,2.5437737093548e-05,0.000335301539887146,0.00401437561324368,0.0060751256801518,0.000209488783315692,0,0.042241643454301,0.0196338763427258,0,0,0.00157649951251763,0,0,0,0.00383145241746416,0,0,0.043358494314265,0.0243164615874287,0,0,0.0021554122930989,0,0.000571644421472606,0,0.00126714464482885,0,0,0.0355854076064172,0.00162643002923389,0.00658846216978,0,0.00438255805120893,0,0,0,0.00100437641960973,0,0.00418728826874527,0.0402493788320986,0.00332131015444584,0.000333163323677224,0.00456498167565266,0.000239886149590963,0,0,0.00166807424053261,0,0,0.0220148731770178,0,0,0.0108874599839588,0,0,0,0,0.0147858788129057,0,0.0282502746591955,0.0120724110613138,0.00282914582051273,0,0,0,0,0,0.0569485294181464,0.000738351743747104,0,0.00362097804894847,5.48332070320221e-05,0.0232491688500718,0.00242118045218528,0.0129054948946388,0,0,0.00275007916807649,0.000721346175466712,0,0.000748723703309085,0,0,0.00432440422966457,0.00114208386347446,0.00180378002090125,0,0,0.00253546927066254,0,0,0.0399697592874834,0.00950870659385471,0.00807563650361484,0,0.00807913151117645
0,0,0,0.0105890282632656,0.00141253785426295,0.00167993509499,0.00802320809819193,0.00210020473617904,0,0,0.0101290842690963,0,0.00482035973026713,0,0.0010230412885686,0.0287935901331766,0.00793960476926719,0.00982486815416635,0.00614259939225649,0,0,0,0,0.00267609710686803,0,0,0,0,0,0,0.00867714272753223,0,0,0,0,0.0124863511109921,0,0,0.00192327564955773,0,0,0,0,0,0,0.000766391001362091,0,0.00249080391667363,0,0,0,0.0133178985047501,0.0254626158030456,0,0,0,0.00985770120010465,0,0,0,0.000224751665410835,0.00802102073197184,0,0,0.0370126913786858,0,0,0.0910105177596078,0.00473919125975374,0,0.00176039283004299,0.0114780063132194,0,0,0.00200004088842273,0.00100581091571869,0.00449452159207657,0,0.0120648335764136,0.00284322312812395,0.0133326544714801,0,0,0.010172793396066,0,0,0,0.00960793488731142,0,0.00141735605646751,0,0.00859001179519873,0,0,0,0,0,0,0.000111305847135173,0,0,0,0.00187754215466517,0.0133896719275086,0,0,0,0.0212719729049266,0.0145366942878905,0,0.00531741332280621,0,0.00639300645336088,0.0163863460275014,0,0,0,0.00760354738589632,0.00264959820626355,0,0,0,0.000498039841963903,0.000916404999573246,0,0,0,0.016393844414018,0.017125429073357,0,0.0149414266858312,0,0,0.00117465192682941,0.0105495718609812,0,0,0.015056525707775,0.00704860004784692,0,0,0,0.0134733321855994,0,0.00285649000643601,0.00101543063465984,0,0,0,0,0,0,0.00839299258477756,0,0,0.00578792058310266,0.0508498317869981,0,0,0,0.0280048867080169,0,0,0.00230879354658629,0.0299943257421313,0,0.00784453482888834,0.00150318186335702,0.0126575993998198,0,0.0158809804880929,0,0.00103980758885845,0.00118966491633406,0,0,0,0.0174381999526377,0,0.00897344957083464,0.023440513910027,0,0,0.0318125962497744,0,0.00507500924021044,0,0,0,0,0.0719410997008558,0.00129056902848194,0,0,0.00612914281351387,0.00207897022268707,0.0241673249983261,0,0.0262390899790383,0,0,0.0141849138792013,0,0,0.0194937265650026,0.00156354599688241,0.010710640577965,0,0,0,0,0,0,0,0.042810121729983,0.00756600677978971,0.00204924052153857,0,0.000364121315780682,0,0.00857133378005017,0.0248492966937306,0.00671671449661132,0,0,0,0,0.0041694909760536,0.00106475626350974,0,0,0,0,0,0.00568961762067257,0.0145692643560834,0,0,0.0171230691357163,0.00303140352068611,0.0148822283077951,0,0.0170627620147869,0,0.00215400404494363,0.125962986161145,0.0195419295031024,0,0.00105929033804498,0,0,0.0111693219938344,0,0,0,0,0,0.00300065763679765,0.000105639538906539,0,0,0.0202164813444805,0,0.00941154174003828,0.00338494543836009,0,0.0108675120392884,0.000926291899557272,0,0.0205338156889071
0,0.00037363212999867,0.00381696544177117,0,0,0.00231853651001332,0.00478512198362766,0,0.00101855594334478,0,0,0.0146850373941816,0,0.00126771679985549,0,0,0,0,0,0,0.00291078364687523,0.000997738128545894,0.000312905268402845,0.000362634512499511,0.00231331234553067,0,3.22629421973629e-07,0.0238459682097676,0.011969755386363,0,0,0.00493441950529808,9.92750536997627e-05,0.0252040490362818,0.0469341411965724,0,0,0.0034238291371321,0,0,0.00413073593723346,0,0.000160995473904748,0.0556059054980684,0.000349393782447928,0,0.000949102890709726,0.00321406133800379,0.00160066889960516,0,0,0,0.0158873898975273,0.00102619094818317,0,0.000705193717104107,0.0191448133626078,0.0198157139548757,0.00128631844267015,0,0.000749327132631442,0,0,0,0.000817572516854877,0.00254245493722918,0,0,0.00132819913306865,0.00108299933498934,0,0,0,0.001133874161111,0,0.00116382392317024,0,0.000577028189362657,0,0.0394596081256754,0,0,0,0.0262517710823136,0.0202139642831785,0.00330154087544163,0,0.0213697487529149,0,0,0.00297390242151607,0.000178122343413788,0.000273075590381585,0.000685905682785444,0.00128803894198417,0,0,0.00172414466729851,0.00287902648482799,0.00202071877453059,0,0.0180528689075489,0.00106999545860994,0.0229354993578876,0.0225108151980001,0.0312174663802907,0.00189670483859326,0,0,0,0,0.000369148299157265,0.00110823717776571,0.000811598651629496,0,0.000736695584583794,0.046885778540757,0.00323647501487896,0,1.56568903645191e-05,0,0,0.00332607783737042,0.0327798608804609,0,0,0.000972538751816886,0,0,0.0263182464637534,0.0243869546733856,0.00953291691869583,0,0,0.000151094988418932,0,0.00172761458524748,0.00674124574739301,0,0,0.00546458701670435,0.00358658432239237,0.00383399981888621,0,0,0.0527886953179772,0,0,0,0.000414353748984651,0.0231162351285302,0,0,0.0250454692771285,0,0.0244832374768883,0.0304825564762564,0.000375738051676536,0,0,0,0.0296425631741871,0,0,0.000910741190387414,0,0,0.00594607013024265,0.00164322414900147,0,0.00351119440624221,0.0018894135690783,0,0,0.0276311074537121,0.00301182980881106,0.0338278019586543,0.000660226016798495,0,0,0,0.00260698414836652,5.4486264633757e-05,0,0.00158750932984166,0,0,0.0234728242170197,0.000682012944319063,0.0519476429936864,0,0,0,0,0.0231624912864676,0.000645128547006508,0.00249285881463555,0.00615382031531289,0,0,0.0314626604426984,0.000177349589580725,0,0,0.0375743602733323,0,0.00401311983242696,0,0,0,0.0406390494172039,0.0056501255129525,0,0,0.0390790530293803,0.0352432504299354,0.00556315015443516,0.000645159856560185,0.00442212566161952,0.00377538676076568,0.00185900148015243,0,0,0,0,0,0.00347245992282078,0.00156162703404205,0.0281717679071254,0.0460437335203366,0,0,0.0207281551958729,0,0.0262138142098136,0.000955074757207902,0,0,0,0,0,0,0,0,0,0,0,0.000349088858031204,0.00168087885998644,0.0368218709951997,0,0.020044710890743,0.00187016814254422,0.00107847577829326,0,0,0.000124183291316205,0,0.014492582100738,0.00267041919217652,0,0,0.00801445024399588,0.025916345066962,0,0.00263100547833071,0.0324484331218813,0,0,0.00134599514291585
