cell3_type5_3,cell6_type4_1,cell10_type4_1,cell18_type5_2,cell21_type5_2,cell30_type5_3,cell33_type4_1,cell34_type5_2,cell42_type4_1,cell43_type5_2,cell44_type4_1,cell49_type4_1,cell52_type4_1,cell53_type5_3,cell58_type5_3,cell62_type5_3,cell64_type5_2,cell67_type5_2,cell69_type5_3,cell71_type5_3,cell75_type5_2,cell77_type5_2,cell78_type5_3,cell79_type5_2,cell80_type5_3,cell82_type4_1,cell88_type5_2,cell90_type4_1,cell91_type5_3,cell97_type5_2,cell98_type4_1,cell100_type4_1,cell101_type5_3,cell106_type5_2,cell109_type5_3,cell110_type4_1,cell115_type4_1,cell118_type5_3,cell122_type5_3,cell129_type5_2,cell130_type5_3,cell133_type4_1,cell134_type5_2,cell136_type5_2,cell139_type5_2,cell151_type5_3,cell154_type5_2,cell157_type5_3,cell158_type4_1,cell160_type4_1,cell162_type4_1,cell168_type5_2,cell171_type5_2,cell176_type4_1,cell178_type4_1,cell183_type5_2,cell186_type5_3,cell191_type5_2,cell192_type4_1,cell193_type5_2,cell194_type4_1,cell195_type4_1,cell196_type4_1,cell197_type4_1,cell199_type5_3,cell200_type5_3,cell206_type5_3,cell211_type5_2,cell212_type5_3,cell214_type5_2,cell215_type5_3,cell216_type4_1,cell217_type4_1,cell218_type5_3,cell229_type4_1,cell233_type4_1,cell239_type5_2,cell240_type5_3,cell241_type5_2,cell242_type5_2,cell243_type4_1,cell244_type4_1,cell245_type4_1,cell248_type5_3,cell250_type5_3,cell258_type5_2,cell259_type5_2,cell261_type5_3,cell262_type5_2,cell266_type5_2,cell267_type4_1,cell269_type4_1,cell270_type5_2,cell271_type5_2,cell272_type5_3,cell276_type5_2,cell284_type5_3,cell286_type4_1,cell289_type5_3,cell295_type5_3,cell297_type5_2,cell298_type5_3,cell303_type5_2,cell304_type5_2,cell307_type5_3,cell308_type4_1,cell309_type5_3,cell313_type4_1,cell314_type4_1,cell317_type5_2,cell319_type4_1,cell321_type5_3,cell327_type4_1,cell332_type4_1,cell336_type5_2,cell337_type5_3,cell338_type5_2,cell341_type5_3,cell343_type4_1,cell347_type5_2,cell352_type5_2,cell357_type5_3,cell362_type5_2,cell364_type5_3,cell366_type5_3,cell367_type5_2,cell370_type4_1,cell372_type4_1,cell373_type4_1,cell377_type4_1,cell378_type5_3,cell380_type5_3,cell387_type5_2,cell388_type5_2,cell390_type5_3,cell392_type5_2,cell393_type4_1,cell394_type5_3,cell397_type5_2,cell399_type4_1,cell402_type4_1,cell403_type4_5,cell406_type4_5,cell408_type4_5,cell413_type4_1,cell417_type4_5,cell418_type4_5,cell420_type4_1,cell421_type4_1,cell424_type4_5,cell426_type4_5,cell427_type4_1,cell428_type4_5,cell429_type4_5,cell431_type4_1,cell435_type4_5,cell436_type4_5,cell440_type4_1,cell441_type4_5,cell442_type4_5,cell444_type4_5,cell445_type4_5,cell449_type4_1,cell457_type4_1,cell460_type4_5,cell464_type4_5,cell465_type4_5,cell468_type4_5,cell469_type4_1,cell472_type4_5,cell478_type4_5,cell483_type4_1,cell487_type4_5,cell490_type4_1,cell499_type4_1,cell506_type4_5,cell511_type4_5,cell514_type4_5,cell522_type4_5,cell528_type4_5,cell534_type4_5,cell535_type4_5,cell538_type4_5,cell540_type4_5,cell543_type4_5,cell544_type4_1,cell545_type4_5,cell548_type4_1,cell551_type4_5,cell552_type4_1,cell553_type4_5,cell556_type4_5,cell560_type4_5,cell564_type4_5,cell569_type4_5,cell570_type4_1,cell573_type4_1,cell575_type4_5,cell577_type4_1,cell579_type4_5,cell582_type4_5,cell586_type4_5,cell589_type4_5,cell591_type4_5,cell592_type4_5,cell594_type4_5,cell597_type4_5,cell604_type4_5,cell605_type4_5,cell608_type4_5,cell610_type4_5,cell612_type4_5,cell614_type4_5,cell615_type4_1,cell616_type4_5,cell619_type4_1,cell627_type4_1,cell628_type4_5,cell630_type4_5,cell632_type4_5,cell634_type4_5,cell638_type4_1,cell644_type4_5,cell648_type4_1,cell651_type4_5,cell652_type4_5,cell653_type4_1,cell654_type4_5,cell655_type4_5,cell656_type4_5,cell660_type4_5,cell663_type4_5,cell664_type4_5,cell665_type4_5,cell673_type4_5,cell674_type4_5,cell676_type4_5,cell677_type4_1,cell679_type4_5,cell680_type4_1,cell681_type4_5,cell682_type4_1,cell689_type4_1,cell692_type4_5,cell693_type4_5,cell695_type4_5,cell699_type4_5,cell700_type4_1,cell704_type4_1,cell709_type4_5,cell712_type4_5,cell717_type4_1,cell719_type4_1,cell726_type4_5,cell728_type4_1,cell738_type4_5,cell743_type4_5,cell744_type4_5,cell747_type4_5,cell748_type4_5,cell753_type4_5,cell755_type4_1,cell758_type4_1,cell759_type4_5,cell763_type4_1,cell764_type4_5,cell774_type4_5,cell777_type4_5,cell780_type4_5,cell782_type4_5,cell785_type4_5,cell788_type4_5,cell791_type4_1,cell793_type4_5,cell797_type4_5,cell799_type4_5
0.009969949570062,0,0,0.00401293015578469,0.00530305042226953,0.0110302668683706,0.000976998464558709,0,0.00710298216750769,0.000157355961282147,0.000220543837011894,0,0,0.00526042602272759,0.0303446721617349,0.00767307915598627,0,0,0.022610831113409,0.0299727737085951,0.0156029901476506,0.0157420745476216,0.00520232651530345,0.00374122045500346,0.0334551919583094,0.000138346232230774,0,0.00356391750659598,0.00840368179090005,0.0223637265455182,0,0,0.0273541998351042,0.0108147521555969,0,0,0,0.00710507893442286,0.00594028891593252,0.00568925018412048,0,0,0.00416059689494814,0,0.00744312723045574,0.00703644606743443,0.0249010416107406,0.0263878628239335,0,0.00280015179771239,0,0,0,0,0.000778809401082101,0,0.0315294118731397,0.0427018711373019,0.00252812723820332,0.0602116334095827,0.00530492128283972,0,0.000796398351696204,0.00422563053988903,0.00608729971530868,0.0194679737538747,0.00245938910748192,0.00206963680801432,0.00744197020129272,0,0.00251809165680841,0,0,0,0.00731889219536327,0.000798798252614399,0,0,0.0488647002841835,0.0162456779387383,0,0,0.0020102515314344,0.0231253676117382,0.0155024923348055,0,0,0.0268731840342254,0,0,0.00287611523100052,5.33973890396478e-05,0.0463806591068917,0.00753278090615339,0.0185444745105,0.00132223301795178,0,0,0.0111703604604806,0.00603484857522842,0.032842283382048,0.00429112939507724,0,0.00606824603352459,0.00489336880026695,0,0.0169197107698051,0,0.00376035909204197,0.0203170827544882,0.000755936997508808,0.0494408147599485,0.00346131004716638,0,0,0.0236296906320666,0.0116512471716073,0.00307669077108513,0.00154946965561721,0,0,0.00807882439550508,0.00538594208538242,0.0272243904305103,0.0158095537871997,0.00370417553004565,0,0.000239606022732549,0.00877961539135156,0,0.00494267559652103,0.0130049254436661,0,0,0.00551328233145346,0,0,0.00103333660182165,0,0,0,0,0,0.0153737283887743,0,0,0.0135574281621453,0,0,0,0.0247404614497014,0,0.00164575806414801,9.39385145804133e-05,0.00668912782515238,0.00870366001976311,0,0.0178910133935957,0,0.00110719443720744,0,0,0.00914144075777719,0.01150940605541,0,0,0,0.0153827192116045,0.00582438875184016,0,0.00756326917904463,0.0103374784298261,0.00192400751382534,0.0028744637320494,0.0190038934260854,0.0353732277485021,0.0085265382087383,0.00495526741293302,0.00383909362872368,0,0.00677651661151103,0,0,0,0.00407325391777436,0.00822326042606339,9.37349915635301e-05,0.0101456535902978,0.00506416425572831,0.038443366461737,0.00332010696366964,0,0,0.0204593140993977,0.00946061489447114,0.0146234937319851,0.00694669317468148,0,0.0120122260815118,0,0.00158017453451612,0.00786730572944184,0,0.00276601940475221,0.010614221691897,0.00159423931861479,0.00616299499417937,0.0123853710679436,0.00132299260259178,0.00376874734427488,0,0.00279059661463261,0,0,0,0,0,0,0,0,0,0.000208441327953367,0.000681026831825445,0.000533951478003676,0,0.00208562883046454,0.00300297698735216,0.00370815986702197,0,0.0176099753189522,0.0134579008161174,0.00918556734037375,0.0104133228695546,0.00490086720253111,0.00681283481949476,0,0,0.00511965116031253,0.00892759476591684,0,0.00160500153419308,0,0.00525818352996061,0.0241536809130164,0,0,0.000807659221597859,0.00608520352466439,0.00891856399162723,0,0.0118657492199632,0,0.00270688915297864,0,0.00503691447432469,0.00941794712233108,0,0.0135242873995607,0.00203039324159387,0.0236810884761382,0.0043281144777291,0,0,0,0.00262354066870317,0.00646181699658732,0.000143170636100702,0.0129883344332438,0,0,0,0.000640666962092741,0,0.0306637210387429,0,0.0113199413054197
0,0.0381889150127866,0.0306923488646824,0.00749016471950226,0.000552325721855932,0,0.0251160740950737,0.00600338558072143,0.0250983864585411,0.00287228573299537,0.0322447012769953,0.0137578851964517,0.0312983668408792,0.00225018010678351,0,0.000125683814323574,0.00792165702630303,0.00743427017295616,0,0.00137030016384716,0,0.000203037410514788,0.000868632716488452,0,0,0.029727531562835,0.00400107405161167,0.0170255476394327,0.0012982643759647,0.00642330452148814,0.0270063577507951,0.0113882141648012,0,0,0,0.0207638356441311,0.0143842797575877,0,0.000405053609901378,0,0.00224872348612858,0.0176219412713495,0.00293851486279568,0.00281729425917542,0,0.000422625035427979,0.000706523467551227,0.00206320698196313,0.0214294209770963,0.00844810523784722,0.0187203573498793,0.00271057924132284,0.00256393580338139,0.021160341385636,0.0141607470921967,0,0.000267335173598696,0.00283415845296361,0.0110812527583843,0,0.0241560516234439,0.0173793450144266,0.0147839887848001,0.00745102770129157,0.000817893847836402,0.00335280889679132,0,0.00293265118365388,0,0,0.00293024205423784,0.0179547063335134,0.0191555431699129,0.00227218265091197,0.0358432901477877,0.018836264892329,0.00343519756311071,0.00267248106339445,0,0,0.0188271548826209,0.0323524398409657,0.0111220848914204,0.00179196764929114,0.000112114408400232,0,0.00334762988165525,0.003940074649439,0.000670464771036713,0,0.0306170232083221,0.0401493069050674,0.00387298901311731,0,0,0.00100272859927632,0.00109798629681968,0.0309894835247067,0.0022873880581475,0.00317489069919118,0,0.00144453976995713,0,0.00281444571856209,0.000781133593836032,0.0297408725355278,0.00117341661945992,0.0435435076804387,0.0232315838304581,0.00174682392685436,0.044625827128299,0,0.0193051709395854,0.039343101286382,0.00632443525363752,0.0053125669272407,0.000883851323569477,0.00525854535125207,0.0280586262352163,0,0.00077586536675199,0.00284392083010137,0.000686749031673114,0,0.00629039834927656,0.000298775965188687,0.0107416996808914,0.0303743019787745,0.0466263490658073,0.01675416130723,0,0.00503081913901967,0,0,0.006828063774712,0,0.0359018948506668,0,0,0.0297699404902882,0.0418258991509411,0.000409532792409145,0.00138020117317112,0.00120788359815179,0.0188979771441813,0.00304226932493631,0.000268255776075608,0.0253551472117963,0.0197901726397677,0.00151467434677407,0.0065737231213559,0.0187987593788281,0.00434491179583446,0,0.0162723988613495,0.00933013191902052,0.00512877039327792,0.0123932871200555,0.00234076592435134,0.00448395705546917,0.00505470331056511,0.00150459352336581,0.00487460533813435,0.00349919558686733,0.00199539232972848,0,0.00207401952868339,0.000314601414373675,0.00201935407266746,0,0.000748200262675253,0.00872306842091584,0.0018414587525358,0.0066408527426713,0.0110845013455306,0.00295324142161685,0.00460062154130308,0.00301614082562551,0.00476656925223854,0.00417562192136128,0.00532360435295487,0.00341986383861147,0.00398023437894662,0.00671789773606702,0.00101456769532867,0.00417706486179752,0.00167508544222042,0.00117238580043887,0.00543857991712576,0,0,0.000498403804347901,0.00219431334724178,0.00110291553640598,0.000857001498380736,0,0.00217998987748267,0.00208440719766389,6.71372920846807e-05,0,0.000338078469687855,0,0,0.000453914745912077,0,3.28904723494973e-05,0,0.000983115588920488,0.000103029674785833,0.00446156177528319,0,0.000589473294818572,0,0.00142044342986374,0.000381225855105982,0,0,0,0.000627234105734185,0,0,0.000965056491999166,0.00132743144243475,0.00141461197736413,0,0.000105641589563595,0.00170826941303871,0,0,0.0001533011462103,0,0,0.000143758958510494,0,0,0,0,0.00268453160741651,0,0.00351846740994343,0,0,0.00522810508954409,0,0.00112438893349964,0.00172637082439706,0.00484583759233483,0.00136182859604658,0.00494749474354585,0.0036656569649755,0.00256276804268327,0,0,0.000693362680955755,0.00127917409945794,0,0,0,0,0,0.00623811813557893,0,0,0.00454948877471954,0.00343847245788372,0,0.00343810695374198,0.00116151908242585,0,0.00174455094881733,0.00661818767532114,0,0,0.000490725208051189,0,0
0.00572726777249944,0,0,0.0524755213785984,0.0185825207786404,0.00255820375660524,0,0.0256831134038555,0,0.0209624869865006,0.00142154351697116,0,0,0.0125521804591013,0.0073698111535043,0,0.0117977300054259,0.0279665219771052,0.00430120758504053,0.0272265820763788,0.0251367099944701,0.0115342258426816,0.0348985269670234,0.0436896104392441,0.000491810996798707,0,0.0281207452288504,0.00133146833930922,0.0103025236602518,0.0100637482328572,0.00333955021443997,0,0,0.0215796705686893,0.00646908231961804,0.000263905010268176,0.00440041982044213,0.0276710004217978,0.00505702279429907,0.00543241994419791,0,0.000301716702884671,0.0211696287924748,0.0388371017179838,0.0176239013450524,0.0028442523334419,0.00881115907911966,0,0,0,0,0.0109773213589948,0.0127848907481787,0,0,0.00877370228550147,0.01396543507148,0,0,0.0148181979207498,0.00194593531601109,0,0,0,0.00239531948048588,0.000371863522157319,0.00586792491584206,0.00331316305558908,0.0014487548584213,0,0.0104068689012075,0,0,0,0,0.000753440019811996,0,0.00374697760997776,0.00566881251203283,0,0.00266844522935302,0.00379626437694703,0,0,0.00372825288818168,0.00691767119932436,0.0311573548977715,7.26135379618071e-05,0,0.0139207879984252,0.00105952457298081,0.000489854101124583,0.0151654965599056,0,0.00744795761156049,0.0096745985083625,0.0213673799406926,0,0.00412187101752653,0.00838976198595588,0,0.0035314134624444,0.0263474471181558,0.0346858353606804,0.0178904089480789,0,0,0,0.00291248926092919,0.00292752140457052,0,0.0141169910953446,0.00162178411809371,0,0.00474208291152695,0.0160992973471085,0.0232284475843525,0.0471642295417075,0.00172431961291107,0.0139220783201055,0.013735008662469,0.013784413608947,0,0.0180830964245299,0.00398472866367708,0.00919470305881867,0,0,0,0,0,0,0.00387523209143186,0.0120081737323091,0.00840825292204251,0.00779569685537596,0.00584383164668378,0.00923280100964412,0.0104773408464388,0.00619860087308627,0,0.00442126044004238,0.000595372982306567,0.000823460582981095,0,0,0,0,0,0,0.0174173712230283,1.33846711508618e-05,0,0.00813652193412413,0,0.0110786705599907,0.00235095341971149,0,0.00306119529990573,0.00125897745749192,0.00410992063717552,0.00750824287183494,0,0.00506047750785183,0.00889100268996774,0,0,0,0,0,0.00640103852274175,0,0.0023197953473343,0,0,0.00417149018459217,0.00496308984232104,0.00244343712417448,0.00257841103355162,0,0,0.00919094754436952,0.0103832286682208,0,0,0,0,0,0,0,0,0.00110769509296309,0,0.00416377668424718,0.00159689820685758,0.00541903298917023,0.00259073986872801,0.00373153170081446,0,0,0.00333506562375073,0.00187546384203829,0.00324914952739014,0,0,0,0,0.00218085217092382,0.00296069926614939,0.00386250255996243,0,0,0,0,0.00169704427644477,0,0.00259619673333387,0,0,0.00873942526507911,0,0.00019267645763884,0,0,0,0.00780650159970817,0,0.00368061473583318,0,0.00338995620811415,0.0126480828852084,0.00550392230043305,0.005096818006131,0,0,0,0,0,0,0,0.00144711746623939,0,0.0114986195900009,0.00796946540135331,0,0,0,0,0.00230264392876977,0,0,0.00758877970138677,0,0.000321991000538258,0,0.00654679093400983,0,0,0.0285192044042284,0,0,0,0.0100417931310331,0.00430206778800761,0.00838183753986959,0,0,0,0,0,0,0,0,0,0.00131152176179727,0.000256166474469653
0.00783165126445312,0,0,0,0.0209450960647486,0.0166566291441984,0.00213119008730199,0,0.000566459202426797,0,0,0,0,0.00561987808097593,0,0.0170468030630927,0,0,0.00598568413904826,0.000207109508698426,0.00996624694448033,0.00366193254356349,0,0.000227468002694615,0.0144280945491431,0,0,0,0,0.00386338566156756,0.00113335880389069,0,0,0,0,0.00170339933682092,0.0028971523892228,0.00608846052226788,0,0.00667804829952272,0,0.000290969288106753,0,0.0238482323442858,0,0.0225911333540505,0.00505939550994246,0.0158850936675507,0,0,0.00181519947047838,0.00727803557397755,0.00255267113795575,0,0,0.0101763978796904,0.00855457525774701,0.010541793136966,0,0.0114456664211407,0.000620316359084465,0.000966678918886347,0.00142798658355333,0.00140392114479559,0.00200049472502874,0.00401705060430394,0,0.0245319760554532,0.00502471615500313,0.00327721301637246,0,0,0,0.00271340378830193,0,0,0.00656094836536292,0,0.00919557024218134,0.0226117363227841,0.000829437955388739,0,0,0.00139404182443444,0,0.0150948661862978,0.00168135248494491,0.00176880271324899,0.00207286902559258,0,2.06630061032253e-05,8.52350492346467e-05,0,0.0204094976965987,0,0.00142832578258877,0.00171728241840985,0,0.00773983258524252,0.00272111593438317,0,0.00102041405117237,0.00377715565558384,0,0.00491554403085721,0.00255004811795601,0.0184284286669068,0.0045784209687718,0,0.00037189707966772,0.000351637813037279,0.0157762112195683,0.00240740961557763,0,0,0.0015925709955377,0,0.00460231933855505,0.0137660129479085,0,0,0.0100935104594908,0,0.00617790094273034,0,0.0317820637130676,0.000263593472282157,0,0.00247369563553611,0,0.00060512405674763,0,0.00147162683126632,0.00778975748815067,0.0284093580430404,0.0169326268514401,0.00729579439993442,0,0,0,0.0141932501538493,0,4.70276810769017e-05,0.000670376535088083,0.00157755491925345,0.00118525670282438,0.00133721504878788,0,0.00400312524478995,0.0080013250333284,0.00368809577226553,0,0,0.00114634694223357,0.00157285532748659,0,0.00794272345256716,0,0.00768606403398919,0.0120340481040855,0.00266196352458776,1.15905308048809e-05,0.0144470148130885,0,0.00365659289615523,0.000909698098005308,0.013657683142496,0.00781474362126024,0.0336505117407774,0.00106678499773282,0.0111177825599674,0.00573871038717774,0,0.00674726523773974,0,0.0150919536312956,0.00821819003560475,0.00468969304998158,0.00323352731629585,0.00112587818864084,0.00221611792938892,0.0014324677361349,0.0139286562715915,0.0011328399518448,0.00700040565644466,0,0.000247668006164774,0.00283505787761537,0.00211813811840423,0,0,0.00444492749077297,0.00295911242323405,0,0,0,0,0.0170116930731916,0,0.00723336322418506,0,0.0270030967145515,0.00453062882117274,0,0.00527712620318609,0.00292200144967075,0,0.0037339250373549,0.00665306065931895,0.00158858856448574,0.00321113641926773,0.00271653375905411,0.0136904082663903,0.000505672587370117,0.000512419345221687,0,0.00316324844256323,0,0.00334645355112815,0,0.0311611618169103,0.0091602370077642,0.0255343479857155,0.00159211440503818,0.0245025084334592,0.0130908839738698,0.0380997558690071,0.00836600387018079,0.0196600887480124,0.000925044940009627,0.000571462897881108,0.00552786753747012,0.00744969345774565,0,0,0.0178301587385062,0.0169472802179964,0.000880357075884619,0.0164679101864021,0.0137500587727547,2.65012042404031e-05,0.00630861181675816,0.00177266374610305,0.00777862763446677,0.00685346316676812,0.00225969097294872,0.0146693917318771,0.00942675013191087,0.01667587726117,0,0.00644103181307472,0.0597742297492162,0.00194350077068252,0.00338404311056867,0,0,0,0,0.00556839640850956,0.0155419275784299,0,0.000405509680626484,0.0174716477746464,0,0.00614002904043955,0,0.0568492614805165,0,0,0,0.00645789871314218,0.0063698952056492,0.00307584198084324,0.00446378053383263,0.00176350054631983,0.0612388649370911
0.00240281783403562,0.00402338575727561,0.00235098032496415,0.0096154067382804,0.0019328025491754,0.00975763235274224,0.00041946275682548,0.114289843006964,0,0,0.000686342701090405,0,0,0.00265005673896117,0,0.00184591030347766,0,0.0134723995592788,0,0,0.0117951452590686,0.000894392955931785,0,0,0,0,0,0.000281568391782949,0,0,0,0,0,0.0397470328815063,0.00339600049897941,0.000365341713892852,0.000365023828197872,0.000899775357348047,0.0119524146755896,0,0.0161804849965362,0,0,0.143322748425466,0,0,0.0119646019732374,0.0117074219351246,0,5.65875335818536e-05,0.00155168151722017,0.00149089821121238,0.00286497061800174,0,0,0,0.00129660729210584,0.0194421827906676,0,0.000302486457126848,0.00055587558713009,0.00218376189985157,0.0133409445147064,0.00219177923507641,0.000975304550998789,0.00899506245110283,0,0.00208599149022827,0,0.0315867940600516,0.000603992325446072,0.00492931452083182,0.0136196768528737,0.000458056072959097,0.00180897396132768,0,0,0,0.00970275901206585,0.0015765050980559,0,0,0,0.000414420246683783,0,0,0,0.00162634736652674,0,0,0.00201968985249396,0,0,0,0.00761995186958594,0,0,0,0,0,0.0179234283975441,0.00500519955700953,0,0.00133775676011883,0.0122184577773983,0.000754447337503615,0.00165049314666591,5.13640495633879e-05,0.00923050469365255,0.0800610834740497,0,0.000713170613200416,0.00186766880194564,0.00221781334306167,0,0.000729376700772663,0.000839263841392229,0,0.00626832953986752,0.059649722500177,0,0.00952015002622475,0,0.0393038692225712,0.00823512463155988,0.0177242444542958,0.00572735972323905,0.00942892579494421,0.00150323466053484,0.0107671749875726,0,0.000226317467714908,0,0,0.00209617583373545,0,0.00554082724907936,0,0.0102211649922618,0,0,0,0,0.0107645612879488,0,0,0,0,0.00358161753843095,0.00225259019689727,0.00338015674486858,0.0020108720886679,0.0593837313064961,0.00115222049447816,0,0,0,0,0.0130244366523883,0,0,0,0,0,0,0,0,0.0140990916766019,0,0,0.0414830994222394,0.000891587295428036,0,0,0,0.000626369851674142,0,0.00609386432677617,0,0.00106429186840112,0,0.0242693516272204,0,0.0023211885165502,0.00770746831067692,0,0.000899943278899879,0,0.0202928198020874,0,0.0384102103894957,0.00690049777618501,0,0,0,0.000172496844802278,0,0,0,0.024891565755436,0.00823034334500529,0,0.00185347082621032,0,0.000939877267905696,0,0,0.00563166236543874,0.00198980437322534,0,0,0.0542252389076632,0.00207776229286787,0,0.00201320086307439,0,0,0.00617303222976554,0,0,0,0.0018155537064599,0.0225678510068904,0.000627375534092353,0.0369478881779612,0,0.000448680469435274,0.0189391064435398,0.00334042488260245,0.0138924901815111,0.00689177811409662,0.0148315420151998,0.0101750284316317,0,0,0.011510705401492,0,0.00224656923849548,0.0029360513854344,0.00305300237803233,0.00230351443297629,0.00116864702865745,0.020907552406805,0,0,0.0273465715741686,0,0.0110088103824035,0.0140141116229674,0,0.00228834031167768,0.0038279807605616,0.000181255046581432,0.000869425365513167,0.0024981436398741,0,0.0469954446841242,0,0,0,0,0.000995030642816719,0,0.0123604457548882,0,0.00291418365152235,0.00108472411230892,0.0296521130075877,0,0,0.000823641226946354,0.000618369379338955,0.0135003949830743,0.013460242097004,0.00548082130105502,0.0109551429093563
0.0351142384211404,7.81929512090025e-05,0,0.000689871632068743,0,0.0112279789692897,0,0,0,0,0,0,0,0.00173110133604946,0.00190343731424574,0,0,0,0,0.00985757314519007,0,0.000228933580264498,0,0,0,0,0,5.54357964118033e-05,0.000632754826871179,0,0.000271945232530006,0,0.0468995410288602,0.0622264607683756,0,0,0,0,0,0,0,0,0,0,0,0,0.00101755992174434,0,0,0,0.0004710188808983,0,0.000554768905469989,0,0.00330650861487115,0.000564796348034173,0,0,0,0,0,0,0,0,0,0,0,0.000210676815497583,0,0.000475044273596072,0,0,0,0.00082813281417465,0,0,0.00225694246962458,0.00041613631871809,0.00171268502727907,0.00314975105868559,0,6.14179186497454e-05,0,0,0.000973044656024994,0,0,0,0.000780491398941418,0.00117158982372704,0,0,0.000744098434643634,0.00278856305185974,0,0.00191903974637025,0,0,0,0.00236316608644441,0,0.00840432693452064,0.00239883488083258,0,0,0,0,0.00739995457543947,0,0,0.00107082669604899,0,0,0,0.0172975490882503,0,0,0.00100753682459418,0,0,0,0.00315650435738061,0.000484583348342965,0,0.000932271403744544,0.0012170510106193,0,0,0,0,0,0.0282940974855812,0,0,0,0,0.000161100876881179,0.00215964153247416,0,0,0,6.82927668157741e-05,0.000366769971188763,0,0.000268915461900291,0.0413045163665699,0,0,0,0.00217054243447539,0.00712418811684942,0.000311596071434392,0.0412697353850831,0,0,0.00234453710322701,0,0,0.0275165972806896,0.00568525203368591,0.00157100891381036,0,0,0,0,0.000175861630639048,0.0343840396125752,0.00177709736343193,0,0.000686813377679116,0,0,0,0,0,0.00112048795486129,0.000178642334914137,0.000286087834021692,0.00076442844817279,0,0.00302319469955993,0.0236497253301435,0.0254397238925051,0.0102173908649079,0.0265338723572602,0,0,0,0,0,0.0744126268759193,0.00630186606967527,0.00135794371804279,0.0456166001252751,0.0105913930359715,0,0.000239329440980321,0,0,0.000862111437872084,0,0,0,0.00103999109608035,0,0,0.0775760365641643,0,0.000278809286489742,0.013799969126166,0,0,0,0,0,0,0,0.000116847858508241,0.000879976537888085,0,0,0,0.00281333043543275,0,0.00141940571937047,0,0,0.000990899947447112,0.00826955982082215,0.016461522830553,0,0,0.0577319435238164,0,7.19167250805452e-05,0,0,0.00114190495474496,0.000512378823120916,0,0,0,0.00312434211984059,0,0.0016152477534878,0,0,9.01026643640246e-05,0,0.000106906355221203,0.000445291930499211,2.56059018368969e-05,0,0.00258428766292181,0,0,0,0,0,0,0,0,0,0.00239480931194459,0.000368235743493047,0,0,0,0,0,0.000503035721370046,0.00182732772442671,0,0,0.00239296149654433,0
0.00903278334754293,0,0,0.0389592968815643,0.0435052507990924,0.0135860375967632,0,0.0237896734501255,0,0.018709428317541,0,0.00114106693371646,0,0.0491955076579641,0.0333347835578835,0.0589995755799744,0.0382649421235335,0.0219973905210837,0.0392640242784064,0.0289054124898285,0.021533230913171,0.0547519008855632,0.038523094435461,0.0706560641618566,0.0490820630564986,0,0.0223417138349022,0,0.0328954532316767,0.0991732769994066,0,0,0.0283942429392581,0.0361592330731768,0.0288954469843496,0,0,0.0325007144001265,0.0352357891113767,0.0112492614115267,0.0558326635258794,0.00038839100193254,0.0102800527990845,0.053159426133341,0.0141979888295381,0.0102977925765826,0.0503230380024509,0.0342976436224926,0,0,0,0.030578782822863,0.0252807289969551,0,0.00257880759099347,0.0405488749986021,0.0257452813344848,0.0099097258242006,0,0.0243701204570343,0,0,0,0,0.0131466551871051,0.0172600046890535,0.0196758234046452,0.0203358741308001,0.00565839076633253,0.0222956652728561,0.0157642143292898,0,0,0.00915453612204673,0,0,0.0473853852975316,0.00839000681728042,0.0149309143397569,0.00844541919252048,0,0,0,0.00322512531480935,0.0072235625907015,0.0861318773988267,0.0315561283232332,0.00638073599166349,0.0266497985403177,0.0634569445805796,0,0,0.0354574762919147,0.0384792145843613,0.00842367832995874,0.0259476680909232,0.0237629236021597,0,0.0179931288162592,0.0211380036288283,0.0253179504823291,0.0244090539540521,0.0177876324251841,0.00274014563617445,0.028400043296353,0.000364805149531984,0.030725366072606,0,0,0.0164908574669346,0,0.0118120884893218,0.000895831980074713,0,0.0208944821533871,0.0414102256630443,0.0247219233686277,0.0256170582467742,0,0.0643275936915244,0,0.0235266000054417,0.0376125653772363,0.053992014381803,0.03121931117286,0.0145215303252262,0,0,0,0,0.0187326204222482,0.0218781554442275,0.0120122807191137,0.0266246872181675,0.0484772279625603,0.0190043192358929,0.00213194071903277,0.017494154189475,0.0332081405245541,0.00351345689730407,0,0.0335202515076418,0.0233505680351371,0.00837933760897628,0.000505621802029038,0.0313784778832859,0.0378694080070339,0,0.00727078309781828,0.0161525219405773,0.0234127007521653,0.00484448980639406,0.0235562487508347,0.0167497909692024,0.00125706348477514,0.055322273215914,0.0321684298131821,0.0101655749669999,0.0384391723230145,0.0283731650671048,0.028621685750103,0.0241561142847676,0.00767296947855918,0.0118014902877437,0.0279823639728205,0.028533927237096,0.0351045263331595,0.0167791869723574,0.0129617033412766,0.016535235074934,0.0210391146713637,0.0193757191548549,0.0230256976453951,0.00503948744937459,0.011221522119899,0.0117104717142583,0.0232175009607779,0.0141503505200085,0.00247336775523705,0.0179019444163211,0.0162055731637438,0.010463985346307,0.00531327242243723,0.012390434657691,0,0.00250815960059708,0.000863270837604551,0.00658769398259352,0.0112153220808089,0.0238936013636148,0,0,0.00513863895462973,0.0117313369174372,0.00427293961758535,0,0,0,0.00749377087097697,0,0,0.0014330291218395,0,0.00463074866199237,0,0.00830009614955754,0,0.00729213571915125,0.00761251972829323,0.000403556687289867,0,0.00125261404501015,0.0126127115138094,0.0091368525802572,0.000920501532899384,0,0,0,0,0,0.00151768185223566,0,0.00299141168383861,0,0.0251746472178354,0.0120519355925006,0.00711613687424947,0.00074176979602603,0,0,0,0.00152681674945461,0,0.00098835745540344,0.00711003108614317,0.00958801091690639,0.000483822953849938,0.0152300473679723,0.0057855003388929,0.00506584216453976,0.0160265312506835,0.00561246553195014,0.00343846095003884,0.0174330887485949,0.0152112405515609,0.0203973417059186,0.00624190092634042,0,0.0071036643480905,0.0200639729791671,0.0184273655703438,0.0042879777735758,0,0.022761289396313,0.0168523924030702,0,0.00820116943664355,0.0320338806921145,0.0281949930472845,0.0169656087440157,0.0307200806535336,0.00329250603181363,0,0.00874925357496878,0.00514058122747429,0.0202676559722679,0.00429444894856479,0.0409302385039727,0.0238692383130112,0.00116514529016747,0,0.0163434166957487,0,0.00370440784598989,0.0152374240247449,0.00475990600799707
0,0.000234032421778424,0,0.00231986268726642,0,0,0,0,0,0,0,0,0,0,0.0179602369335937,0,0,0,0.00558431679269334,0,0,7.96680037935084e-05,0,0,0.00526787108081541,0.00126379809002644,0,0,0,0.00216375187329113,0.000555682442335587,0,0,0,0,0,0,0,0,0.00350814925478152,0,0,0.000920228554206032,0,0.000161979208684658,0.00141410762965568,0.000255137144974487,0,0,0,0.000654927013759853,0,0,0.000282599485969027,0,0,0.00405433069217359,0.0137787054372715,0,0.011455805375037,0,0,0.000127213246348506,0.00034319849830599,0.00218330468251025,0,0,0,0,0.0101612058480809,0,0,0,0.0291629695232926,0,0.000125403216747672,0.0045862167458979,0.000672641428410398,0.00256507524490733,0,0.000167684049539043,0.000392732452872193,0,0.00707655361772502,0,0.00345185763225365,0,0,0,0.0530770825155538,0,0.000251034090511044,0,0.00189896329490286,0.000264387257718241,0,0.000215910083060038,0,0.00297585620185882,0.010833655576394,0.00181227297949444,0.00943315932312489,0.00377259038021669,0,0.000107925893870093,0,0.00837047987213079,0,0,0.0052779225251261,0,0.000402871560284195,0.0102324824226353,0,3.47833834466926e-06,0.00243022097947888,0,0.00212984375381396,0,0.168391648345606,0,0.00801422060333671,0,0.00972581270851117,0,0,0.000176387259420117,0.00130619477207131,0.00051722420185895,0,0,0,0.00347158186455916,0.0354744111153703,0,0.000453132559419157,0.0068101751069019,0.00216961237990027,0.0194967106083018,0.0084333290468378,0.000467744382764905,0.00264441212423382,0.0369111973900988,0,0,0.0868356424157136,0,0.00221054586016077,0.00253767247150654,0.00451073785387637,0,0,0,0.00497013439572131,0,0,0,0.00152431199491336,0,0.000633623486396427,0.000364833514456286,0,0,0,0.0131554577064256,0,0,0,0.0152649664198519,0,0,9.99187057484253e-05,0,0.0182043904633409,0.00342697912953757,0,0,0.00750237222747073,0,0,0.00057393743539392,0,0,0,0,0,0,0.000778282972162424,0.000572002305736427,0,0.00506331414479399,0,0.000234560471753453,0,0.00368625481254056,0,0,0,0.00447694608023073,0,0.00149731802432835,0,0.000250468048465845,0,0,2.62730352750185e-05,0,0.00027079401799779,0,0,0.00185571752300031,0,0,0,0.000182602952930508,0.00130367875853021,0.00347383104274371,0,0,0,0.00700306929070962,0.00276050347744632,0,0.00662152129010673,0.00141124200766176,0,0.00177162949531592,0.00125045046123101,0,0.00240512130121906,0.0172961580527607,0.000397611321486702,0.00100008906070985,0.000624015966992391,0.00113970925391967,0.000477894109645438,0,0,0.00139007460779255,0,0.00589055675975832,0.000179085940741724,0.00035453089896514,0.00126028710222967,0,0.00383039122414988,0.000573286874121668,0,0,0,0.0182151926891634,0,0,0,0,0,0,0.00345128801909363,0.0017129631006231,0,0.0390202681151769,0.0138243454133683,0,0,0,0,0,0.0242990081354947,0,0,0,0,0.00128627133109792,0.00176055548277464,0,0.00430887447737954
0.0276820229991656,0.000741121768203759,0,0.000317294871801872,0,0,0,0,0,0,0,0.00626114287940063,0.00386552034278741,0.00734783875875305,0,0.00627261617604197,0.0088981768757389,0.0062131979559579,0.0271002501358169,0,0.000930503287590548,0,0.000452753468552888,0,0.00849592028164239,0.00152945818594644,0.0024049096926923,0,0,0.00214626698831905,0.000367233585152709,0.000117773432750032,0,0.0104775767749473,0.0534617235392686,0,0,0,0.0327558031480413,0.000343761916410015,0,0.000482453666673642,0.00598373555537983,0.00203992695626157,0,0.00804246789395712,0.0288466925371161,0,0,0,0.00117970371924827,0.00423738117329065,0.01143688438599,0,0,0.000427547786305766,0.00985158340105377,0.0633452762047579,0,0,0.0016733200018032,0.00370313569521745,0,0.00100881370761022,0.000172582328917775,0.0106725014625588,0.00729689472451644,0.00130317786152006,0.11757255980507,0,0.00834150960379787,0,0,0.0209234978513415,0,0.000156362300491456,0.0146975510873115,0,0.0350143212320351,0,0,0.00131056121784179,0.000418672406307427,0.0190850247560598,0,0.0251242343742423,0.00857383309413454,0,0.00250660995420917,0.0206628669606347,0,0,0.0222707006355644,0.0596786463724419,0.00283503208108634,0.04577725422318,0,0,0.017673470852827,0,0,0,0.00163491419430312,0,0,0.000679887917284005,0.0161827625794741,0.00168027623262585,0,0,0,0,0,0,0,0,0,0,0,0.00555936416173318,0.0193364809816729,0.00426786325848792,0.00213964763228152,0.0248485004078782,0.00443538207882485,0.0404500180015695,0,0,0.000721251592284988,0.000114794510486921,0.000189118313515073,0.00743346912085254,0.0045398708988702,0.00140689283267661,0.0266805337322992,0.00425978266071888,0.00562562354346337,0.0456488599101592,0.00309636107736796,0.00164965293855822,0.00310737175321099,0.00359944897933996,0,0,0.000243410487622395,0,6.28086002276209e-05,0,0,0.00019770643832357,0,0,0,0,0.000537221086558431,0.000146168074418919,0.00526574911834449,0.000958686891171451,0.00774215492732975,0.00121983039151039,0.00268768977239611,0,0,0,0,0.000505443976510615,0.0116683528596719,3.5683750894547e-05,0,0,0,0.00124528643165468,0.037660516251007,0.00185882378393324,0.000270503949819247,0,0,0.000388321491961384,0.00126777820005623,0,0.00189315271442128,0,0,0.0258073210784653,0.000822876916288186,0,1.14807631673578e-05,0.00151333589806446,0.00175254917076408,0.0697419696563659,0,0.000761955675890141,0,0,0.00254775031489818,0.00041193130462938,0,0,0.00448887786358702,0,0.000792450659524172,0.000152569532216537,0.014324797649779,0.00853025129389492,0,0,0.00750988696322422,0.00202565489566374,0.00223229874723879,0,0.00228175848182178,0.0176813684348526,0.001765485579946,0.000286347575312753,0.000513525329055756,0,0,0.000856685637390965,0.014915583476116,0,0,0,0.0028747353609927,0,0.032516202543867,0,0,0.00683974697984268,0,0,0,0.0020644512302126,0,0,0,0,0.0393192450386472,0,4.7471450731699e-05,0,0,0,0.00101690529687356,0,0,0.00400502996940972,0.000720005042012969,0,0,0,0,0,0,0,0,0.0155160753078545,0,0.00170205757317147,0,0,0,0,0.00223316704693443,0.00706125676846906,0,0,0.0182509137362792,0.0297605481897925,0.0477995006635618,0,0,0,0.00667454218860469,0.00522852017479642,0,0
0.000874279985414251,0,0.00163924335953361,0,0.00626063368680461,0,0,0.0181635207016585,0,0.0144481231957814,0.00130720050883027,0.00760931506664592,0.0049751467191243,0.0033129159850565,0.00104233802053763,0.0122746208086435,0,0,0.00120438115941353,0.0361249982584362,0.0114499187438812,0,0.00987578767175557,0,0,0.00265698967836627,0,0,0,0.11637098217721,0.002307539975587,0.00430903178447386,0,0,0,0.00773223734810144,0,0.0333967486691035,0.0167664055958609,0.0396251114867878,0.00095291293715143,0,0.000963018841660837,0.0101963825997064,0,0.00819662061832734,0,0.0007134541554106,0.000430192779715153,0.001670187997074,0,0.00390569936074841,0.0114061699493314,0,0,0.0210482399980824,0,0.00180153594576166,0,0.00695319239584539,0,0,0,0,0.00355364284867199,0.00909178261427204,0.00977017185956525,0,0,0.0117768701056333,0.0024175141145459,0,0,0,0,0,0.022464566970433,0.00626898339805374,0.00262033755181912,0.00458970344798431,0.00648052815672914,0,0.000685111733616525,0.00783397283504867,0,0,0.0359969417915476,0,0,0.00514500767541264,0,0.0112586171336339,0,0.00335417851901785,0.00993548248477017,0.00260156738214152,0,0,0.0249670652640585,0.00929664340469778,0,0,0.00392200826758023,0,0.00273936302063387,0.0101116248023872,0,0,0,0,0.000560391345124496,0.0071847537782818,0.00593131477488945,0.00278291448772979,0.00130148424864241,0.000639902581414521,0.00222595898815484,0.00355104902179885,0,0.0683537384899001,0.0170817130810518,0.00898565423426246,0.0216321378914928,0.0487827393367915,0.0150372595699914,0,0,0.00299359375493516,0.0115471014364681,0,0,0.0189596223810044,0,0.010245343460718,0,0,0.00976010950722847,0.00327033669325929,0,0.00135358259870654,0.00185045649920929,0.0130183422363232,0,0.0199894382605743,0,0.0109214146329018,0.00202262473814331,0.0353958274267267,0.0383904228679651,0.00321512892968248,0.000923304293781022,0.000596301926991743,0.0451867641725901,0.000799616636252757,0.00962366967455576,0.0141348701516831,0.00387093269368053,0.0161893921735537,0.0373185433972902,0.00475266344192443,0.000717154900858539,0.0354059846142109,0,0.0415409826646737,0.0217242176583066,0,0.0160101014986968,0.00638589921565213,0.00662184501313162,0.00121006748777144,0.0490039132354056,0,0.0149340656366172,0.0118903611017491,0,0.0241304528818565,0.00428929826278298,0.0153961250412615,0.000395177215305979,0.0229576375771155,0.00481555861609299,0.0332370189811289,0,0.0189754075576869,0,0.0094302191193502,0.0140986645387935,0.00935119283157261,0.00502575783668749,0,0.0308203805132876,0,0.0173339597966534,0.0294845248929933,0.0274555984501557,0,0,0.00535690393096304,0,0.0129774055326527,0.000559745139231539,0.00852900242039059,0.00928830050222222,0,0.00241137146255358,0.0164359325258434,0.0298933444100685,0.010235846118174,0.0097521829669707,0.0102911421864129,0.00545665041140047,0.00694636203145317,0.00995922912706049,0,0.0234240335486164,0.0322108682942449,0,0.0120432515442083,0.0544820694293236,0.00450076142242969,0.0112545410134075,0.0106861450121425,0.0101968057537109,0.0067089396159417,0.0115468492001256,0.00263538927354489,0,0.00800256455205482,0.0099561376912762,0.0165277234069723,0.0220302401418363,0.0141365402827527,0.00300421607732883,0,0,0.0107341495324612,0.00478897257380963,0.000560395596528348,0,0.0100357110661874,0.00638753895228999,0.00568192349070622,0.00110401308715203,0.0026428043175094,0.0116403173091491,0,0.0134588611446255,0,0.0275019292910636,0.0048666597554746,0.000989054217301016,0,0,0.00272775060417875,0.000532251775836193,0,0.00814223580747316,0.0325515223204568,0.0224928800508527,0.00906714941279541,0.0466040505898273,0.0201101900022245,0.00936740636373228,0.00231869984599389,0.00778018745091342,0.0767070948302565,0.00192592560443723,0.0185055409515109,0,0,0,0.0167927984145473,0,0.0328340612931765,0.0214493397505037,0
0.00439339366999248,0,0,0.0383698795595744,0.00853619542148421,0.000131665454854193,0.00354595626560245,0.0280474053779182,0.00324636211702596,0,0.00105578213992022,0,0.0043935228008564,0.0040969191024968,0.0197646383198413,0,0.00224491319249571,0.00418426388784611,0.00723307119242957,0.0157554656325166,0.0201547235475788,0.0090794479553876,0,0.00316403725080955,0.0212441735280088,0.000844089988952348,0.00185798571515565,0,0.0140991253428736,0.0218527628108887,0.000660928277931461,0,0.0221864708592235,0.000261578314557866,0.00492930944615373,0.00362917562849427,0,0.00433431596643182,0.00417025187548811,0.0249060353289763,0.00147280086633173,0.00405739243787586,0.00982801571542318,0,0.0018794858832119,0.00406018456118562,0.0259313397819069,0.0306797985846026,0,0.00190461863466675,0.00119530594064442,0.0060791819825863,0.0266428894270528,0.00213676630282017,0.00707150803898386,0.00387097165979891,0.00818610549245792,0.027759157485471,0,0.0070088657510271,0.00316202028241053,0,0.00237073476595316,0.00394024468176168,0.00574247286463078,0.00563236198740812,0.000885760280930037,0.00305655736797478,0.0157588543717039,0.00334255235572034,0,0,0,0,0,0,0.00192972128737156,0,0.00419092936908319,0,0.000401363140605711,0,0.00354470780675333,0.00182819829061244,0.00233669779696292,0.00643954408669432,0.00381912626246936,0.0044933400505797,0.00641823152788641,0.00830245960752678,0.00229952897670343,0,5.65123716912043e-05,0,0.00376290356167112,0.0123587013048604,0.00499726904116856,0.00258803945436698,0.00184422230574482,0.00210639807693951,0.0504262277044348,0.00517115398703697,0.0231696316940103,0.015971456993268,0.00667840672923729,0,0.00116408892800935,0,0,0.00625197951960766,0,0.00742334367132913,0.00180343132959923,0,0.0408662252131333,0,0.00124238075475581,0.0121006165973902,0,0.00122749738226565,0.00143360729177264,0.00419228594178629,0.00871472665534666,0.0115703596328406,0.00916325218452145,0.0472545339648393,0.00943778368498047,0.00495889553053341,0,0.0103071935242104,0.00969029204531274,0.0205092794398634,0.00219048952864348,0,0,0.00617706059460498,0,0.0419675097174678,0.0245261737285724,0,0,0.0219180540398025,0.00530966395307129,0.0152652653326752,0,0,0.00330230583195924,0.00372885021319172,0,0.00228956438431095,0.02480470783671,0,0.0124407075116449,0.00161806654827904,0,0.0107105490818882,0.0329088892755932,0.0023125653865418,0.00449283524159319,0.000580933061033212,0.00218247673636514,0.0135458571795853,0,3.76274053249973e-05,0.0137052484452339,0.0145506838848522,0.00268481981272256,0.0134736865120661,0.000832577170817975,0,0.00106410821743564,9.94069913717911e-05,0.0045608379052369,0,0.00403856810614619,0.00534850349039051,0.00400902098773071,0.00959004373588407,0.00181121589528558,0.0107962112438825,0.0205329689856829,0,0,0,0,0.0195332733315583,0.00461118640406832,0.00757924680687826,0,0.000334427383788907,0.0044061657840158,0.00306204065321031,8.38856933930928e-05,0.0087794672708101,0,0,0,0.00519341529970458,0.00168386452055853,0,0.0143187601243333,0,0.00258327336059724,0.00274966759637079,0.0023822650827104,0.00183749390434037,0,0.0162058232340145,0.0214168643053153,0.00984555202087313,0,0.00134887962804365,0.00961197869610926,0,0,0,0,0.00919239623608098,0.0093510317906295,0.0039273539422177,0,0,0,0.00327958251861826,0,0.0063885336544684,0,0,0,0.00213402938498489,0.000246361665079111,0.00541726537360275,0.00945459232426477,0.00283535940246832,0.00415811016855424,0,0,0.00323558989692458,0.000196787159603677,0.00210932256558804,0,0.00089211462244439,0,0.0138838980661276,0.0129552863771376,0.00083779643548966,0.00264613433566464,0.00576981609246847,0.000688606490474988,0,0,0.017176083885346,0,0,0,0,0.024754573546012,0,0,0,0,0.00393256030427451,0.00746691179344816,0,0.016326913460288,0.0331359435384756,0.00130601908192863,0,0.0488255223377188,0.016050724934652,0.0199459214218745,0,0,0.0347014738658819,0.00264368244129672,0.0202702352115711
0,0,0,0,0,0.00270551587764586,0.000549895746331353,0.00544352352149196,0,0,0,0.00164320038867968,0,0,0,0,0,0,0,0.0034457704968125,0.00572238693537897,0.0119346370977302,0.00169187349850627,0.00927314763462772,0,0.00491619166518986,0,0,0,0.00274980748483149,0,0.00125883847003098,0,0,0,0,0,0.00143820221266601,0,0,0,0.00123467746757626,0.000753222521619975,0,0,0,0,0.00275268139754273,0.000204594914324969,0,0.00220709507408598,0.000765791009624883,0,0.00135431668606186,0,0,0,0,0,0,0.00293464894195671,0.0753993896809759,0,0.000175957630390862,0.00105135405784533,0.00174655210595629,0.0118682143622798,0,0,0,0,0,0.00112823516645631,0,0,0,0.020294400455916,0,0.000404410689548861,0.00447692142572725,0,0.0271182911474512,0,0.00017894431183305,0,0,0.00473272562018681,0,0.0033089403881898,0,0,0,0.00554975610040028,0,0.00760569401251727,0.00148633348834895,0,0,0,0,0,0,0.0107652814883588,0,0,0.00362751314092552,0.0700853234483947,0,0,0,0.0025904942461012,0,0,0,0.00616056299479364,0.00911284579978984,0,0,0,0,0,0.00343225456032315,0.00323086588257186,0.068545872855745,0.00421485935169785,0,0,0,0.000832655797663744,0.000415481902437643,0,0,0.0013167830672583,0,0,0,0.00238370505476371,0.000493871500517786,0.00635499547917602,0.000245566612476312,0.00123137769006748,0.00596539297600428,0.0037442707859784,0,4.86906501677243e-05,0,0,0,0.00165826842292878,0.00440032856710592,0,0,0.0225412192213909,0.00564875659795674,0.000417062027667398,0,0.00801433870675256,0,0.0184928246733114,0.0023045816928104,0.0171179110606096,0.00401231782907627,9.6130755886027e-05,0.0380495490441067,0,0.0026067295309561,0,0,0.000225525539414261,0,0,0,0,0,0,0,0.000323106011335055,0.00176541518662659,0.00138108294441051,0.00371160298094739,0.006798212071911,0.0647522245094654,0,0,0,0.0152760317799565,0.00050262230313579,0,0,0,0,0.000963685405709955,0,0,0,0.00166212294585334,0,0.00217593294346053,0,0,0,0,0,0,0.00525618145992266,0.00168069504879746,0.00462074924119409,0.00661801742968896,0,0,0.00331502250038925,0,0,0,0,0.00781324579169515,0,0,0.0131857033973107,0.00366636104981933,0.000123081163381506,0.0071387586659781,0,0.00328744465778955,0.00127025743913358,0,0.00164718907944051,0.00287434739678326,0,0.00199090290540548,0,0.00122007844329329,0,0.0139903578382884,0.01238493399606,0,0,0.00560450197072516,0,0.00338558442687574,0.00791926335697065,0.00127334236980835,0.0116273712574514,0,0.00134768610560133,0,0,0,0.00781138138054794,0,0.00297524362883044,0,0.258087436680104,0,0.00270657763794077,0.00389002046041144,0.0203772845912771,0,0,0,0.0141131784502437,0,0,0,0.00670229428711448,0,0.0109922953715091,0,9.12731740316693e-05,0.00306488421819681,0,0,0.0116439053553388,0,0.0104239467611531,0
0.00614419638905513,0,0,0.00902306778067237,0.00195553932839544,0.012359843977992,0,0.0101224826571743,0.000782046664042731,0,0.00112529656391386,0.00169136663815917,0.00273002580197884,0.0098956172641716,0.010420510954473,0.0244234532180607,0.0634027438697784,0.048694569644261,0.0287727146088709,0,0.0129673442578629,0.0262095467190828,0,0.018889228190671,0,0.000162166776134479,0.0237811608143503,0.000572964127348807,0.00600617062612423,0.00820977249128722,0.00238960643525692,0,0.00914842702176681,0.0529948150901047,0.0207566157202937,0,0,0.00889254771902775,0.0495314924308961,0.0275529204390079,0.0226436176945528,0.00111358929526595,0.0688376809566534,0,0.0129263135310173,0.00853283207475425,0.00421537735225958,0.0126215721482696,0,0,0,0.0160452828922413,0.00637230111498393,0,0,0.0175132827437518,0.000804784936531874,0.00165815620561812,0.00262728794808408,0.000639653470175418,0,0,0,0,0.00668991432767882,0.00176018432010521,0.00679339254885863,0.0143258944143413,0,0.0533745740414386,0.00264443920318038,0.000237981366578423,0,0,0,0.00250348107616944,0.00364396632792412,0.0112283024608908,0.0121849052688634,0.00755553271903073,0,0,0,0,0.00493681050702969,0,0.0125484381075437,0,0.000891380786969836,0.00151000395923354,0,0,0,0.00733693168089013,0.00290447804695603,0.0166237318754207,0.00223963164844326,0,0.00896288649905018,0.00335878784934509,0.014249539644266,0.000546341831655755,0.00922702429031792,0.00644856080848695,0,0,0.0243246224843578,0.000769264512984105,0.00282573084222988,0.0294437784794078,0,0.011157852100541,0,0,0,0.027391999807481,0.00737354136400192,0.0129624227983638,0,0,0,0.0108914264299592,0.00667263373539266,0,0.0132319908472747,0,0.0018360649336825,0.00164462286236215,0.0128440898809914,0.000570838026013312,0.00823978669949801,0.000640414816897571,0.0532371034672113,0,0.0119995473191103,0.00776483213990982,0,0.00571126155701644,3.38818625927764e-05,0.00224449368378008,0.00182450867665537,0.0118231692519688,0.000621444349060658,0,0,0.00930358501662297,0.00638623204502645,0.00455023045798054,0.00298278626339052,0.038481554075848,0,0.00728473382231319,0.00350017523666965,0.00283303776489822,0.00692278187808369,0.0165218575688325,0.0137915394719988,0,0.00268985420669008,0.00893139819550698,0.00103952681940176,0,0,0.00267071653444681,0.0208727600292745,0.00194787431705493,0.000418963220685614,0.000510022237609978,0,0,0.00283439552284408,0.00730397759994672,0.0122508222610149,0,0,0.00163129658565677,0.00535229676705972,0,0.0124123600641027,0.00179271411227878,0.00389189735671004,0.000130415469744629,0.00578740365836132,4.21397648238236e-05,0,0,0.00308843113939621,0.00335629345065685,0.00659101186724641,0,0,0.00964403755981034,0.0128453125718901,0,0.0113781381148087,0.00750451293904898,0,0.0133070553719681,0.0090546912677723,0.00310280825036905,0.0028914972824069,0.0188494575720998,0,0.00341501637228891,0,0.00623712720773683,0,0,0.0122475301766481,0.00564744969911235,0.0139427696171835,0.00228099383290837,0.0198380256561926,0,0.00271452324209916,0,0.00805861696715443,0,0.00783682040950882,0.0103284587732522,0,0,0.00609860207556605,0.00460189355572058,0,0.00551919962801724,0,0,0,0,0,0.0155149968946128,0.00602308898463139,0,0,0,0.000189987635611728,0.000449257308782912,0,0,0,0.00970909734709876,0.00874366262612155,0,0.00174474221463462,0,0,0.0182562642632213,0,0.000949319805484612,0,0,0.0349579807423759,0.00679926035687084,0,0.0376449811884586,0,0,0,0,0,0,0,0,0,0,0.000704237462485244,0,0,0.00713856938710434,0,0.00125187295393655,0.0183141983490598,0.0161051715940544,0,0.000937097823302699
0,0.0265312837644293,0.0253595941053278,0.00156499696187305,0.00255446842234072,0,0.0267341058658208,0.00379440615924731,0.0279352212239879,0.00459379347371281,0.00478586230848815,0.00490500495063466,0.0165768466642036,0.00376661868694602,0,0,0.00476630460973836,0,0.0130542260497042,0,0,0.028007104146283,0.0020921999006145,0,0,0.00703007321263501,0.000266161062126546,0.000645930290659711,0.00140163436832986,0.00169721562270677,0.00632077580544376,0.00408798837536249,0.00364778466451276,0,0,0,0.0118844761429736,0.00582338089994788,0,0.00761161357575158,0.000778427402970628,0.0120833466857625,0.00281764821707106,0,0.00178377175752895,0,0.00404319781573749,0,0.00403366330971968,0.00420042752921867,0.0108193531015303,0,0.0201096582388515,0.0012314459204333,0.000890103676866563,0,0,0.0121114699082624,0.00305806566202533,0.00342834030481058,0.0157809270768184,0.00109558442803515,0.000941373457175309,0.0060590814731576,0.00188273884774868,0.0101664980828132,0.0094378003334743,0,0,0.0513394307663743,0.00445529890530016,0.000389291409670053,0.00368453160678319,0,0,0.0104818020575805,0,0.00291231952970036,0.00460127037504222,0.00109639670278689,0,0.000523778526429753,0.00459028551226168,0.00375383715235985,0.002967154858512,0,0.0482546626791061,0.00248832242186134,0,0,0.00176643973517089,0,0.00591037096951087,0.0181219316631688,0.00632146813343066,0.00223764507602266,0.00926740274710383,0.00298797024189987,0.00420390281039264,0,0.00967210758286522,0.00271923498364967,0,0,0.000301238766108805,0.000520686542505108,0,0.00307963212134876,0.0130175108391238,0.0185348404634206,0,0,0.00324369998234043,0,0.00534262286150442,0,0.0075300981733069,0.00598753266973225,0.00564374636577889,0.00173069026785747,0.0228428800829074,0,0.00574407442627018,0,0,0.0232589300511561,0.00312589308882922,0.00060379544784131,0.00748186693339977,0.00528879805540764,0.00276463513782865,0.00732405397528291,0.00879771598060779,0.00156841869821922,0,0,0.00695016767329287,0,0.013426162622961,0.0148555168416564,0.0350616666390717,0.00218092842235246,0.000349070609678982,0.00404761786289459,0.0195400549226448,0,0,0.0569093614235583,0.007605610397783,0,0.00708730275187125,0.00678365687342749,0.00124893973632328,0.00338505956339568,0.0192992052785007,0,0.00322817141027123,0.0170928365430114,0,0.00221766202863381,0,0.000710863281273139,0.00711064893061898,0.0123524075923702,0,0,0,0,0.0159160652698616,0.00206649459232755,0,0.00341736841558324,0.000383342330372456,0.00450223159764165,0.0307547123483418,0.00770583758444419,0,0.00101384038388317,0.00879986640167547,0.00494322810735454,0.0123476559935042,0.00439999914097501,0,0,0.00556195037109852,0.00877117122290886,0.00390254499045784,0.00554890064906501,0.00171656631334522,0.00878273652920435,0.0134009386363395,0,0.00749059994229349,0.00781380232094652,0,0.0177497657677126,0.0526859128200219,0,0.0109589381898687,0,0.00832237802171161,0.0065619736696978,0.00354141469914606,0.000545139366048428,0.00703915772455389,0.00618452615197227,0,0.00185056228005904,0.0100512527202076,0.0084610001193459,0.00401836303082597,0,0.00974996460365347,0.0105464160893571,0.00114672284295431,0.0495514936347646,0.0557594549430596,0.00130798001437315,0.0048731529799968,0,0.0123326485349852,0.00862915110896234,0,0.0128224742218629,0,0.00111437005091261,0.0120661056067778,0.000878612272949999,0,0.00871951890811558,0,0.00416572074435743,0.00207351503715627,0.00379375685099987,0.0208611362583339,0.00789001702467651,0.00356697673891331,0.00752502756514001,0.00795887565211508,0.0144608442236725,0.00521019504784536,0.00981427653007356,0.0322115669463208,0.00424854423892422,0.0129349461636474,0.0115220196035203,0.029754958220501,0.00460917088010174,0.0105056636524844,0.00235610617553101,0.00975440829953167,0.0163252832909084,0,0.00912914118613032,0.0271396241966468,0.00579886994115791,0,0.0729175405530823,0.00468106608323595,0.0189438487717165,0.00730169013806031,0.0136902402430821,0.00754711509090405,0.0388283349094043,0.00646039579006744,0,0.0214379826252416,0.042902339376986,0.0198346631441812,0.0477571256596924,0.0248721949936096,0.0014013159985023,0.0522964234391091,0.00295807173692442,0.000288510393128753,0.0308785361983416
0.0115291539782149,0,0.0104652318831101,0,0.00347023316136104,0.00468568965579834,0,0.000136321431985037,0,0.00676078710889264,0.000219012085995953,0.00269655299481809,0.000414449799366352,0,0.01318666239229,0,0,0,0,0.0223192398720693,0.0232579415107329,0.000208607903488553,0.00188742483482477,0.0254177836976915,0.00197154809687078,0.00320632161402034,0,0.00396410421218208,0.0102913110796792,0,0.000283371177108378,0.000514039858132831,0.0124998497044021,0,0.00570066342733944,0.00373237739257467,0.00264788091044652,0.0260320251336999,0,0,0.0102624729085848,0.00529763080877204,0.00856845969670185,0.00491436991870493,0,0.0066223386953897,0,0,0.0024434327869729,0.00668757328293245,0.00397951979617496,0.00554232339380513,0,0.00268980444036476,0,0,0.00782810008356359,0,0,0,0,0,0,0,0.0027125734501931,0,0.00288658252767762,0,0.00611873816010738,0,0.00595615787878355,0.000369289320792667,9.25158122168111e-05,0.0025570199981964,0.00140958498270431,0,0.0110220212353607,0,0,0.0122915431486619,0.00109226110345184,0,0,0.00200933170435097,0,0,0,0,0.00251094339211242,0.00268707377340116,0.0010033534604876,0.0014213900209633,0.00682652407434208,0,0.0041358100047849,0,0.000987887650012029,0,0,0,0,0.00770957792771983,0.00644297258847636,0,0.00612883501881181,0.00692905343277141,0.00185449620945666,0,0.00327020851436492,0.0459963358059879,0.00442888734066368,0.00439459942134477,0.0038502436690048,0.0100176133489717,0.00809111616966134,0.00505186729724203,0,0,0.00542682949686229,0.0145145607534959,0.0178038931446344,0,6.8799282063063e-06,0,0.0128347260893704,0.0134928465611566,0,0.00696000938323627,0.00934127862917353,0.00420345323468417,0,0.00402469745631935,0.00139282974485323,0.00728961639465815,0.00200883221439788,0.000950049074858584,0,0,0,0.000657521208667028,0.00747527179790909,0.00134040145722458,0.00531247591129753,0,0.00340935071877563,0.000617021190514466,0,0,0,0,0,0.0258106724704917,0,0,0,0.00307943036573949,0,0.00180876032806607,0,0.00894698949313731,0,0,0.00658173558617909,0,0.0118904506124279,6.5117302426717e-05,0.000638147841680285,0.0186927604594026,0.0307169759627703,0.00725375237231562,0.0157766656021714,0,0.00982383690622704,0.00241541153834697,0,0.00902916361591311,0.0175598403711856,0.00744952555738574,0.00924737351811844,0,0.0341531173991803,0.00160535687688851,0.00966143261317976,0.00164833935787258,0.00611045285727664,0,0.00156762157005572,0,0,0.0108995616197587,0,0.00675569492300809,0.00274210728375235,0,0.00647403180898835,0.0129078665971211,0.023683971738528,0.00384821647925292,0,0.00559975001734533,0.000357934095414095,0,0.00317011177392389,0.0184820139546619,0.00551438642032436,0.00533122700711759,0.020749138982399,0.00748672610888816,0.00539829721476407,0.0302031285208244,0.0136381700308041,0.00704180187874583,0.0170968042407045,0.0100800605298631,0.0108208191517479,0.0175172871510767,0.00779825342206225,0.0211182077998479,0.00118395613654989,0,0.0175419257742551,0.00762843582746586,0.00895388601198401,0,0.0167116530180221,0.00713065877150603,0,0.00127921182154207,0.00756637853781256,0.0183237375515115,0,0.00270445934986538,0.00290899374847666,0.0256808320506928,0.00390848381812699,0.0153340914332894,0.0139971249941601,0.00147412977671184,0,0.0163458153073779,0.0044503646055618,0.0183774986988186,0.0157341951194403,0.0238460655838246,0.00588406506025807,0.0139890494035795,0.00864360288522296,0,0.0158548123059324,0.0207949614348131,0.00600803537771636,0.000913588374915996,0.023008311986648,0,0,0.0215631378146057,0,0,0.0207146850191143,0.00244378837253905,0.00550816599977759,0.00938068238570974,0,0.00529492300894358,0.0179390683270314,0.0299541956828522,0.0131446938418066,0.0241501411567316,0.0103570045801902,0,0,0.00415346666974592,0.00273971957518388,0.0101776236657567,0.00249052924516492,0
0.00104917215089524,0.00347423165011756,0,0,0.0368298693883639,0.000702407423751933,0.000379027445565062,0.00233441289524788,0,0,0.000360232543156544,0.000182060151760715,0.00853099478069382,0.000829876405846338,0.000469441158735593,0.00151721106372546,0,0,0,0.000304620611428906,0.125159397647743,0,0.000743709479806606,0,0,0,0.000589173916059052,0,0.00202174829414212,0,0,0,0.00122484090217691,0,0.000861539951586337,0,0.00218518541719248,0.0453186981264623,0.0194442928223768,0,0.0301008148614252,0,0,0,0.000917763821125296,0.00831003647266215,0,0,0.000603896841198266,0.000466890049062498,0,0,0.00699715533069512,0.00506785725741125,0,0.00218703765308148,0,0.0253979724107201,0.000107398412767945,0,0,0.0138415722242146,0.000259534120465377,0,0.000900495883599531,0,0,0.0135806568529817,0,0.000210228740601211,0.0655498694006234,0.000140179159352203,0.00225195396332018,0,0,0.000107689773807809,0,0,0,0.00959293594078807,0.00932560101390721,0,0,0,0,0,0,0,0,0,0.000430154122662738,0.000214923833323462,0,0.000592556535163154,0,0,0.000249400505951011,0,0,0,0,0,0.000237448479925763,0,0.00022779396294718,0.0496588432365512,0,0,0,0,0.00129660778877678,0,0,0,0,0,0,0,0,0,0.0459052422283241,0,0,0.00906678373581845,0,0.0530466751523961,0.000381929192117745,0,0,3.51795399457114e-05,0.00785180090750239,0,0,0,0,0,0,0.000295364380592311,0,0,0,0,0.000449873309803648,0,2.18733463615603e-05,0,0.0114826456888572,0.00260558317229243,0,0,0,0.000571156567221184,0,0.0195680795304931,0,0,0.00169487200759624,0.0540727469706787,0.00164390901885743,0.00142604319535134,0.000169405599643556,0.0169672578010318,0,0.000565772800008414,0.0262044414611844,0,0,0.00227692811636321,0.00116278015251941,0.00351106077695388,0.000294627819544831,1.90157466519149e-05,0.000414286609163427,0.00378365573405584,0.0155235947298766,0.00190524778706761,0.003134354199677,0.000661346647903779,0.00624865684676282,0.00164671797890453,0.00233958621753342,0.0101988893994866,0.00385313680934278,5.22757460004295e-05,0.0296063358204603,0,0.0264911719727686,0.0108320756697181,0.0055108807372329,0,0,0.0798921609229257,0,0,0.00603731480827551,0,0,0.0112073734884718,0,0.000109531857948086,0,0,0,0.0179170707059649,0,0,0,0,0,0.000897265486069123,0,0,0,0,0.00104937925577296,0,0.00218856170383383,0.00435132380014756,0.0183320571329299,0,0,0,0.00252702743944376,0.000289000400632997,0.000890314528289388,0.00116768896339123,0,0.0138420914951984,0.00154600334285943,0.00822383079636963,0.00244937698907344,0,0.00117725237379359,0.00251924176133144,0.0027240074336453,0.0144771306585845,0,0,0.00387360491373661,0.00512908053965374,3.80400941311696e-05,0,0.00257494832047123,0.000778396893658435,0.000764675312493545,0.000627136258498619,0,0.00114932794075611,0.00224579445909309,0,0,0,0,0.0516482436402178,0.00233141101651815,0,0.000106596685470391,0,0.00116530421328855,0,0,4.48613614858094e-05,0.0128837622955703,0.00127581006006648,0,0,7.12204275608866e-05,0,0.0991920781215207,0,0.00201883300594604,0.000437470606032643,0,0.00199892102513443,0.00155357659271839,0.0187320917145175
0,0.00236831949322068,0.00296663528736563,0.00614393007249039,0.00151116146192823,0,0.00181866132183858,0.000941545210427187,0.00788452456451697,0,0.00107425801382776,0.00570635594576775,0.00156211452681555,0,0,0.00444913757283179,0,0.022275894275116,0.0231835008729105,0,0.0029155138944296,0.0015948083409289,0,0,0.00929233097398754,0.00198678957363089,0.015528486212158,0.00407425251802166,0.00493441023836291,0.0025663485319987,0.00218705461419087,0.00122599511183691,0.0088762660223414,0.0328022089880498,0,0,0.00279865882788112,0,0,0.00232680421707926,0,0.0030252943529732,0.0132048998451036,0,0.01450194936425,0,0.00447145608654588,0.00234186406862424,0.00249646131135498,0.00164446378988507,0.00117596767929337,0,0,0,0,0.0107819041715966,0,0.0265666257074476,0.00175915834447448,0.000354616172888515,0,0,0,0,0.00707707241280577,0.00329027685451319,0.000503907161526449,0,0.00079182883345142,0.00732069307083821,0,0.000239790051257799,0,0,0,0,0.00639456224941534,0,0.0188521109205396,0,0.00020478259846025,0.00250696131314049,0.00452124314215847,0.00360796461201095,0,0,0.00578881227276147,0.00767537456867561,0.00335118296816946,0.00553478494130575,0,0,0.0225440509209176,0.00207341960858865,0,0,0.00587247005529821,0,0,0.00433198091619179,0.0216555037531093,0,0.0166590629386611,0.00160769789639732,0.00544591374767409,0.000151340414383099,0,0,0,0.0162623077670723,0,0,0,0,0.0348442970873198,0,0,0.00212704603628693,0,0.000438931234033092,0,0.00919367348118246,0.00914172352465652,0.00235542865666859,0.0111109246294559,0.00763678561192236,0,0.00335040711287145,0,0.00532093349333475,0.00856732528036342,0.00672643265262939,0.0104917327686923,0,0,0.0141065979621963,0.00623769637668929,0,0.0105048309142924,0,0,0.00451196146831191,0.00917232140222461,0.00622778796629335,0.00224582873947369,0,0.00595477137107513,0,0,0,0.00452756783270345,0.00301036376786292,0.0317736196678746,0.00932822246152062,0.0077096211021221,0,0.0199469017481393,0.00554581948582495,0.0161127375229341,0,0.0317424354341541,0.0012090175932374,0.00782301211281401,0.0250490477050594,0.00784274639792107,0.00365283676114039,0,0.00631322574441152,0,0.00603720461738223,0.042406096102991,0.000552041501968619,0.00528435871483869,0.00719638353315481,0.0095259502951988,0.00178906012656354,0.00114957779563238,0,0,0.0022714463494505,0,0.000821704805940049,0,0.00736567156976978,0.0151355451678705,0.00485728384272411,0.00124733748945265,0.0109515351106799,0.00507940281138977,0,0.0372593561341004,0.0147771245764617,0.000745694016001332,0.00252518938620621,0.00755130676228428,0.0171654699305671,0.00931437419238461,0,0.0117508395084024,0,0.0029886143667363,0.00171253395538924,0.00150492568732685,0.00829741439243137,0,0,0,0.0291784770519282,0.000602680361212998,0.0114477446339701,0.0127658262135561,0.00629287874199293,0.011542067138967,0.0124694033098349,0.0128782040854584,0.0236021112708079,0.00883711654038147,0.00324677465562799,0.0162019012178413,0.0111289821281433,0.00269219588950933,0.0141995900587716,0.0208966135985684,0.00940238932233246,0.0141369892959127,0.0101885706289625,0.0035601415043983,0.00719261234263664,0,0.0115456758897852,0.0146528921589102,0.00607489071681455,0,0.024770947418986,0,0,0.00483949512565782,0.0178584461378339,0.00594135329693761,0.0111274323180732,0.00218759142236934,0.0036577027994192,0.00025193171979166,0.00356173962692991,0,0.00212027007952956,0.0131412892637174,0.0201044415238941,0.00543071294773908,0.0200447107129218,0.0037562480003416,0.00121925784782077,0.0276258163998631,0.00872201544742201,0.00180666448076572,0.0361421189811605,0.100308745984321,0.00942806221171735,0.0277547059728187,0.0135751082632821,0.0401016544436221,0.0267233670687207,0.0103121339991843,0.070526770300423,0.00932812416987929,0.048305041587597,0.0134679637143725,0,0.00861564096247536,0.0391774168792769,0.0679443253421291,0.0201116655831065,0.015873251361458,0.0437351809691984,0.031427962699645,0.0245591849173979
0.00591644829704039,0.00169953336971397,0,0.000274563406118663,0,0.0113817367436928,0,0.0020813320283642,0,0.0053506485273063,0.00345438471459982,0.000903622248317579,0.00267341838621413,0.00185032911670393,0.00253731786544389,0.0241175371068415,0,0,0.0128986556214377,0,0,0.0127343129493623,0.00827013928847233,0,0,0,0,0.00498765094870267,0.00110535854845151,0.00403915949711283,0.000709034141698667,0.00199106847813294,0.0133019213509742,0,0.0100538768764369,0,0,0.0145836574929312,0.0031694750816232,0.0120152542933263,0,0,0.0194553499374942,0.0165377000997384,0.0155183271252827,0.0113050821182056,0.00420832863557768,0.00199657717326107,0.00245671866524996,0.00257610801399855,0.000682555226108946,0.00984726319240156,0.00641693692230362,0.00256824874634028,0.000672745997578602,0.00245692798027832,0,0.0151533029327547,0.00080406586356511,0.0208790881617695,4.92794477680715e-05,0.0014990255237743,0,0,0.000777506577619973,0.0115985155749325,0,0.0327461911541441,0,0.00301395993059322,0.00588897357789857,0.000304421848685201,0.00301791454007678,0,0,0.0025728789025615,0.000723379577620175,0.00541429133187771,0,0,0,0,0.000708330325321255,0.0068494950524957,0.00290023460153436,0.004175642458096,0.0174693064590483,0.00274401087640243,0.0309636696509017,0,0.000125386381776149,0.00175929891340331,0.0240770061886971,0,0.00265527266767975,0,0.00928130789018448,0,0.00622615189767459,0.00691980439710517,0,0,0.00236376650778036,0.0022886700737041,0.0155459709792888,0.00354928538878483,0.00929970784042927,8.94843983622324e-05,0.00111946968441279,0.0257382381313575,0,0,0,0.000221371482545699,0.00281044192399054,0.00117453043038844,0.0217937049782862,0.00797545075490782,0,0,0.000667987136861556,0.00752383463402331,0.0108903668683121,0.0014099600950656,0.000924320907378972,0.00277694175345006,0.000553873015172497,0.00249230939479816,0.00498422811859888,0.0053824106171835,0.0130696322928976,0,0,0.00650696698664571,0.0195556705914584,0.000490732256616378,0.00223819799840034,0,0.0236815290534933,0.00728266300238473,0,0,0.0165056946421006,0.0115484738818811,0.00874942295859162,0,0.00824085086243205,0,0.0133474725129589,0.00643977285621547,0,0.0111625442118034,0,0.00742562296769619,0.000455505363140489,0.0104217519891748,0.00336047304100241,0.00335782455114436,0.00058791615362535,0.012942058883497,0.0136600587582524,0.006587197198219,0.00807323948659814,0,0,0.00357751424004802,0.00545944385126217,0.00226081920986692,0.00647703978452427,0.00214163256782086,0,0.0113638907229762,0.00649491209858755,0.00986189291103118,0,0.0036624424362607,0.0263610381089832,0.00311302514760516,0.00567104287002649,0.00229934740538301,0,0.00855380613565545,0.0151059821636835,0.00379972846592127,0.00251289781420192,0,0.0165501973372505,0.00939569901927392,0,0.00046909578609687,0.0232214552839134,0.0104787189930476,0.0141193338507351,0.0128121516976479,0.00648592368297242,0,0.000166504362534576,0,0.00156373196801431,0.00802259725268712,0.0224165408222693,0.00233132584692484,0.00708058389429661,0.00973869142145711,0.00954465269565256,0.00416387012822788,0.000833941524098639,0.0352151811207073,0.0147766277532787,0.00942682914551126,0.0119882404277486,0,0,0,0.00197752160433605,0,0,0.00277528605774841,0.00928552389648036,0.002690199878568,0.00776559721850866,0,0.00914142775320775,0.00827618778700611,0.0113256606240634,0.0107220563937705,0,0,0.00065824670718972,0.00275211316129463,0,0.00437351917228519,0.001699830288871,0.00650096273914057,0.00564203418644403,0.00535706988140498,0,0,0.0134351760826815,0.0119089935803333,0.000113377475119327,0.00426817889093306,0,0.00480153226102972,0,0.00200888716892388,0.00855793317940318,0.00604593675347876,0,0.014466089917211,0.0291951380765947,0,0,0.00221664925968372,0.0124887871360312,0,0.0244737205331206,0.0256382344361364,0.0124607978042514,0.0165207735107844,0,0.00401237693928717,0.00508598051510061,0.0046968160695845,0.00139156422553315,0.0149599251903363,0.0349286324759357,0.0207129768535948,0,0.00598474918839336,0.0161649240238337,0.01986561390556,0.0071692321426858,0.00501407839898537,0.0204279697303011,0.00227395014028595
0,0,0,0.00120468864810617,0.00301792216395702,0,0.00470702804087374,0,4.85810691360051e-05,0,0.00112543366494127,0.00473749832737406,0,0.00378614034389491,0,0.00347043616942081,0,0,0.00276450258708415,0,0,0.00387204345984953,0.000562637111348524,0,0,0.00242095197204292,0.00250866495309328,0,0.00752336240026852,0.00955923803448325,0,0.000205695984589584,0,0.00774219618723476,0,0.00621921171557628,0,0,0,0,0.000255357513855334,0.0105341540241092,0,0,0,0.0303091427597082,0.013406818443369,0.00276923937106475,0,0,0.00108544324919886,0.00222468122825428,0.00216368805297523,0,0.000965915133781657,0,0.000324857979241856,0.0026238151112294,0,0,0.000324249775035711,0,0,0.00149075736342352,0,0.000702658196313221,0.00642554672233666,0.000579806254151475,0.0130847805071496,0,0.000557634006332376,0,0.000166958428825359,0,9.64248776746517e-05,0,0.00613316235243105,0.00164346632748062,0.000727467072262166,0.000434951368714207,0.00307132678731984,0.00110233710623227,0,0,0,0.0261225239266037,0.00196735888308218,0,0,0.00310145422137425,0,0.00374482069178901,0,0.00323133207773358,0.00170019751363685,0.0104045625366854,0,0.00372660263707377,0,0.00200609749262202,0,0,0,0.000247401623231184,0.0046494282340287,0,0,0.000604420701089001,0,0,0.00149907749969502,0.00167964903159543,0.00205511843073746,0.00121128043079827,0,0.00340506676110659,0,0.000688499344487687,0.000768734145901909,0,0.00558025009981607,0.0028921819196908,0,0,0.00309773336564615,0,0,0.00870213323226042,0,0,0.0159259342589062,0.00141435684798677,0,0.00227517576304196,0,0.00818712855448046,0,0.00800198933029812,0,0,0,0,0.00442146644313947,0,0.00138456829852905,0,0,0,0,0,0,0,0.000660430685526294,0.00140330095923449,0,0,0,0.000657662516175378,0,0.00352729628873037,0,0.00111961080599673,0,0,0.0773133856719065,0.0155597186728786,0.00206545302431398,0,0.00583131767998628,0,0.0045521746346425,0,0,0,0,0.000993828490100735,0.00640470152194542,0,0.00464618555651159,0,0,0.0036543517224919,0.00101279202375226,0.00791149236117001,0.0188645342673106,0.00245265562678192,0,0.00235453888889273,0,0,0,0.0188847336310584,0.000103777992337148,3.64301042669914e-05,0.00871730416283415,0.0350767421068011,0,0,0,0.00658101499887149,0,0.0103015070990423,0.0029280737523378,0,0.00578023680972864,0,0.000527534407973072,0,0,0,0,0,0.00125503629839561,0,0.0634898497376602,0.000229081655900697,0,0.00164931977379946,0,0,0.00599515337080817,0.00212218679758378,0,0.00445842423964464,0.000654725655920806,0,0.00799375846426072,4.4784499243085e-05,0.00089682974184159,0.000396956618463721,0.0027306168074089,0,0.00108087495865056,0.00649462295113575,0.000714725512735552,0.000460419713027698,0,0,0,0.00172499876764277,0.00253758609167746,0.0123904569994578,0,0.00234107149400348,0.00121231933058625,0.0220070472785969,0.00464688938948235,0,0,0.0023179064950976,0.00173466044854207,0,0,0.0335180894527251,0,0,0.00109932793380078,0.0399941102782204,0,0.00121653186453391,0,0.0110522733351549,0,0.00535402219194941,0,0.00385550274867689,0.00476032740485106,0.00279976380495175,0,0.0031546609821403,0,0,0,0.0037436197291587,0.0254837714414829,0.00502955752597823
0.0165179365689228,0,0,0,0,0.0114178459470223,0,0,0,0,0,0,0,0.0328841605629286,0.041672210493587,0.0177940077509008,0,0,0.0308035018036047,0.0277437648211858,0,0,0.0217778959147443,0.00517857302479077,0,0,0,0,0.0242534226888504,0,0,0,0.0122725105579275,0,0.0397134241550935,0,0,0.0269595606279178,0.0303866248773204,0.0214735421560038,0.0144639357454205,0,0.0694629182106689,0.0469331743807287,0.0255632755727623,0.0197424335666401,0.0205411795184693,0.0344815956671776,0,0,0,0.0516138770376836,0.0420951892519934,0,0,0.0370999308711547,0.0382965568248406,0.0308047109531274,0,0.0174496840261908,0,0,0,0,0.0793549259291027,0.0791549547388022,0.050792230067727,0.0161388744648331,0.0809760767982135,0.00261381295040573,0.0518965908671689,0,0,0.0961995802488123,0,0,0.025089446774845,0.104791805800519,0.0144738061027292,0.0076655441006224,0,0,0,0.09801365548608,0.0978430599676621,0.0297395034708976,0.0275987939245293,0.118334869511337,0.0301282232668529,0.0456414757289453,0,0,0.0202065436995004,0.0530519355354126,0.106886752462875,0.0371225328288552,0.0866393720004372,0,0.0436467229022342,0.054351665429711,0.0207426785236811,0.0366058838612482,0.0237188934344068,0.0105593067338883,0.0525569692614096,0,0.0324238528551217,0,0,0.00467973312381373,0,0.0270298008666304,0,0,0.0265056061927513,0.0113014873166861,0.01959536931905,0.0285007908002492,0,0,0.0059855404331443,0.0244928524827306,0.0303729654041585,0.022868651182479,0.0329418073327816,0.00283537314920661,0,0,0,0,0.0129145124214155,0.00140752513988906,0.0136726941944979,0.0226700369761917,0,0.0152324217528602,0,0.0105338203160472,0.0057296316648955,0,0,0.025289201774886,0.0298837400911247,0.00613749996703485,0,0.024461310093126,0.0143684062304831,0,0,0.016180707358478,0,0.00176356280972784,0.00989778130423825,0.00747941322764622,0,0,0.0120350936908008,0,0.00442084016623542,0.00349623251775714,0,0.00361780813031422,0.0102811091820349,0.00333668082482237,0,0.0117130056934761,0.00861117087347183,0,0,0,0,0.00278754840573774,0.00425702793815035,0.0119528223403718,0.0200523425674114,0.0027688901313207,0,0,0,0.00241501830319335,0.00421586148403386,0,0,0,0.00375915471487996,0.0101379269049655,0,0.0363363433642731,0.0109669779544265,0.0427672087144805,0,0.040937755772041,0.0280944140619202,0.0313042426022995,0.0268417324028344,0.0404121985256955,0.0215298327463174,0.0125481920790508,0,0.0136684677319827,0.0132445081352881,0.0099463265634178,0.0134397645896883,0.0108912955602208,0.0112680745355417,0.00766879820957454,0,0.00712862331732133,0.0161441552961778,0.00454559667896244,0.00113901510570569,0.00535493849270151,0,0.000485581022807303,0.00224497948976832,0,0.00509829499795984,0.00325892971500012,0,0,0.00912786437769222,0,0.0068147578642548,0.0113202163205064,0.00987267447297862,0.0133861787954357,0,0.0152647932506345,0.00557257310971297,0.00166783676259232,0.020547150154996,0.00150136068980459,0.00209764892749494,0,0.0186565274356563,0.0251026033393452,0.0248449465470357,0,0.0222614771488766,0,0.0272274061792445,0,0,0.0489337527403289,0.0162912100945202,0.036548156104549,0.0288659170808223,0,0,0.00888319271236093,0.00916493014385934,0,0,0.0233382641555922,0,0.0115904044504815,0.0267567278383422,0.0177798097210383,0.0145836445863637,0.0147874106689588,0.0193751884655909,0,0,0.00923498093326169,0,0,0,0.00347679962716627,0,0,0.00633224098171766,0,0.00563348808497432,0,0,0
0.000551199685826065,0,0,0,0,0.000264574319928378,0,0,0,0.112127422102296,0,0,0,0,0,0,0,0,0.00268928888955802,0,0.00076614969687589,2.44178945585379e-05,0.000401680303190828,0,0,0,0.0260475826623524,0,0.00184137748859281,0,0,0,0,0,0,0,0,0,0,0,0.000942367846915749,0,0,0,0,0,0,0,0,0,0,0.00081620976296565,0.00302171166635038,0,0,0,0.000672774936648552,0.00128186049887632,0,0.0300411793168596,1.10337549280928e-05,0,0.000495767738693616,0,0.00298785545432508,0,0,0,0,0,0,0,0,0.000341125258508403,0.000478229874747695,0,0.00227109592946042,0.000307164253660478,0,0,0,0.0049173408998727,0,0.00714180962204967,0.00227139226249435,0,0,0,0.000634828082903912,0.0820864504769817,0.000824521227268334,0,0.00209540102098109,0.0001653945249139,0,0.000667621452570851,0,0.00378323995601388,0,0.00821274821865809,0.00131646823160674,0,0.0168152034006146,0,0.0031570275799597,0,0,0,0,0,0,0,0,0,0.0347905031164332,0,0,0,0,0,0.000739626116498129,2.22388653814915e-05,0,0,0.000418587083442669,0,0,0,0,0,0,0.00160428081354519,0,0,0.000244601149547666,0.00192576858814753,0,0,0,0,0,0,0,0.0446896776906503,0,0.00197595775078466,0.0105910485331033,0,0,0.00149297307904923,0.0508525737322409,0.00128592200943874,0,0,0,0,0.00150400672051136,0,0.000820898023397331,0,0.00230139103151768,0,0.00103980005584814,0.00284650371451955,0,5.3462394048564e-05,0,0.000986346370930253,0.000185251505625832,0,0,0.000717322766002178,0,0,0.0460583676245043,0.00103511653113497,0.000545694773810539,0.000798108163756074,0.0008257385480136,0,0,0,0,0,0,0.088917995466035,0.00131798338356936,0.00257856275106416,0.000530590194515838,0,0,0,0,0,0,0,0,0.000109888611410027,0.0459510160455745,0.000135197731508048,0.00118698421158714,0,0.000570422535056043,0,0.000217145863282934,0,0,0.00048037499974438,0.00495729965140345,0,0.000840039248756681,0,0.000179288257387563,0.00158516156121011,0,0,0.00352436415644542,0.000221281950924972,0.00498981385171431,0,0,0.000211838420826727,0.00860860052957873,0,0,0.000246111075155052,0,0.00253011690376595,0.000129437415193807,0.00720805429304888,0.000958283473933108,0.000638949466501231,0.00136402505650736,0,0.00163149744606649,0.00173374010791518,0,0,0,0,0,0,0.00304268590363427,0.00024924501943974,0.00119275063025665,0.00163583482990785,8.94996989258397e-06,0.00196987659107503,0,0.00213880566962632,0,0.000814344353044697,0,0,0.000274013841798948,0.00318399335336139,0,0,0.000959684359053008,0.000368633998927105,0,0,0,0,0,0.0751210504981797,0.00069317534965062,0,0,0.00397763092610551,0.000886088037098297,0,0,0,0,0
0,0.00185348387940197,0.00189790420067313,0.0292268000345891,0.000332244435262199,0,0,0,0,0,0,0,0,0,0,0,0.00833380076439409,0,0.00649438581841094,0,0,0,0.00138783457392006,0.00767900744143609,0.003809266902273,0,0,0,0,0.0021290056454104,0.000788781335151929,0,0,0,0.00952624238440853,0,0,0.00185067517526331,0,0,0,0,0,0,0,0,0,0.00256469288781764,0,0,0,0.0112535875593758,0.0040310161464775,0,0,0.00483235928110873,0.00399334241481879,0,0,0.00512180659307262,0,0,4.63696268132242e-05,0,0,0,0,0.00305539762690892,0,0.0180112378718952,0,0,0,0,0,0,0,0,0.0195003872773432,0.00919827104624233,0,0,0,0,0,0.000957707198426471,0,0,0.00202396213610694,0,0,0.0015947419615066,0,0.00349717903166164,0,0.00829237409484842,0.00541430537758501,0,0,0,0.0303083690769697,0,0.00407161268607047,0.0355847644892876,0,0,0,0,0.001261015270303,0,0.00425623431541519,0,0,0,0,0,0.00143642240383302,0.00048852427857024,0.00170535232378959,0,0,0.00760920001689686,0.0170750739176722,0,0,0,0,0,0,0,0.00495525548387832,0.00844346848447114,0,0,0,0.0220070285742037,0,0.00211251312957937,0.004612274861055,7.84500214587772e-05,0,0.0121356666060661,8.96155441654828e-05,0.00921911742869449,0.00137460492210039,0.027847459062101,0.00652478885437546,0,0,0.0444208726653263,0.0130317920074636,0.0035104199668799,0.00703481565442305,0,0.00259243248251014,0,0.00715754625465193,0,0.00258121077054426,0.0120062017595702,0.00963986218373602,0.0120199365307005,0.00993213231496655,8.94681805774826e-05,0.00913636636618606,0.01008058774811,0.000700534378091662,0.010400893285379,0,0.0131266311451736,0.00681729812580786,0.00194952067650973,0.0147774404139376,0.00353675193031756,0.00285559006149929,0.00556339934961884,0.00322051359467273,0,0.000672025217072296,0,0,0,0,0,0,0.00109727675982664,0,0.010431809673282,0.00124727424263213,0,0,0.00148854529384141,0,0,0,0.0162341683128435,0.0339822237059019,0.0137855832195628,0.0128295224066329,0.00278565083101777,0,0.000551370530895113,0.00825189854643282,0,0.00400357839043522,0.00720713166992782,0,0,0.00734778647868384,0,0,0.0077331648340549,0.00173768155687189,0.022916802228398,0.00262662928442479,0.00466252184597669,0.00915610200868005,0,0.0136001086036224,0.00744204733924807,0.00982767120608496,0.0131114822702466,0.00853679017052155,0.00990437270991602,0.0124977474756027,0.00205977347157292,0.00145945848535682,0.00751417474766714,0.0038823098897306,0.00477759901530123,0.00324650561737907,0.00173377365221184,0.015128174955865,0.0100003243730922,0.0020714049330537,0.00381347227857561,0.0157951290713091,0.0370642997698206,0.00473027531052757,0.0177119697399866,0.015625807316108,0.0120689361079211,0.0136948398493757,0,0.00560824650159133,0.00239530899473191,0.00131970717369409,0.0115782876521881,0.00776238276774474,0.00498857888025963,0.00307243833083633,0.0292333338083604,0.0158246513694421,0.0101608951648169,0.0140441698196443,0.0117431629960669,0,0.0271759687228553,0.0344918754353875,0.00689265169702075,0.0129154114552858,0.0180225350991969,0.0217991635462218,0.0561382954766499,0.0147335863353214,0.0175653964138792,0.0406197331557596,0.0390724882918296,0.0609078000660199,0.0672175660305932,0.0054052220655964,0.0324582847431005,0.0157703790980035,0.0147430835214578,0.025663370754028,0.0318180229974964
0,0.000867527669608667,0.000168481006012477,0,0,0,0.00450179449227866,0,0.00262847714506893,0,6.3389797193451e-05,0,0,0.00350376486524439,0,0.00148614836068481,0,0.000260328833533866,0,0,0,0,0,0.00139432893538669,0,0,0,0.00275047764503194,0,0,0,0,0.00312401830477359,0,0,0.000296894558907314,0,0.00307375261148145,0.019896738690174,0,0,0,0,0,0,0,0.00660397206042166,0.0223514475870703,0,0.00129611117983929,0.000497616955673366,0,0,0.0019224060552943,0,0,0,0,0.000198445339856414,0,0,0,0,0,0,0.00360474755701694,0.00392108725393044,0.0063336302370838,0.084231551485242,0.00059043651635607,0.0012178085308924,0,0.000264683943145442,0.000491725381519623,0,0,0.00776601107075056,0.00144667656084048,0,0.0249521391470561,0,0,0.000746252795457128,0.00558061713741031,0,0,0,0,0,0,0,0,0,0,0.00100635529251547,0,0.0010013572858939,0,0.00149969404498346,0,0,0,0.0197437326092641,0,0,0,0,0,0.00235858092817511,0,0.0127328655905992,0,0,0,0.000852646867217798,0.00131287656173521,0,0,0,0,0,0.00739650203359087,0.00362165780475043,0,0,0.00453480674986218,0,0,0.00163785954262013,0,0,0,0,0,0,0,0.000938197039777208,0.00312481022079006,0.000506637874888324,0,0,0,0,0,0.00308025102653755,0,0,0,0,0,0.00478442500176885,0,0.0181282457664007,0.000253931222209659,0,0,0.00134734870664562,0,0.003081782591814,0.00410084372173049,0.00121466808110447,0,0,0,0,4.2476308693737e-05,0,0.00673325263127034,0,0,0,0.0118629537402546,0,0,0,0,2.95330049544011e-05,0.000511655153363046,0.00358031236134181,0,0.00176168632455629,0,0.0705823353239845,0,0,0,0.00230288336893048,0,0.0711530844786804,0,0,0,0.00470008148559795,0,0,0,0,0,0,0,0,0,0.00136685578064801,0,0,0.0141544455212808,0.0222525599302932,0.00696485868594877,0.000745790587976845,0,0.00160096670003317,0,0,0,0,0,0.000187107870938602,0,0.0049652955079337,0.000377905545536242,0,0.00168270458431832,0,0.00589835614639733,0.000907973999078462,0,0.00208905021950332,0,0,0.00614476967677175,0.0923317573009435,0.00633127944634403,0,0.00823903791767413,0.000545131858553802,0.00272553415023009,0,0.0104816969254844,0,0.00048296434833616,0.00341267788903412,0.00133236303860885,0.0100006409008207,0,0.00348374622367357,0,0,0.0130373366310438,0.0146076901859724,0,0.00108266965961193,0.00299959189977961,0.0561934187876056,0,0.000417553200570842,0.000586299988927117,0,0,0,0,0,0,0.136974442646032,0.00147419387542985,0.0370104580229089,0,0.00456787571167955,0,0,0,0,0.00629073069668763,0.0115280177466069,0,0.0136670161564878,0
0,0,0.00192688161702396,0.0159979872528639,0.00771509104224626,0.00470439656484119,0,0.0220994918969158,0,0.0119262162005882,0,0.00881533724770325,0.000361959614153447,0.00442414106339284,0.00655628311566199,0.00151465574012262,0.00325655087912779,0.00473329019527844,0.0044964770671137,0.0149891568402668,0.0115676239692044,0.0243494252648066,0,0.000987417314409237,0.00788897516947637,0.0162425238983158,0.0102863765487265,0,0,0.0269946072343713,0.00374789673302753,0.00848402452300066,0.0106653448103745,0,0.000331124623033013,0,0,0.00327982689310704,0,0.00660570507976649,0.00185641076098852,0,0.000328091325659026,0.032933669047122,0.000603127852806729,0.0250202115398987,0.00905088312006218,0,0.00434453492038332,0,0.000712416194000074,0.00530752680787321,0.00317953749000939,0.00341397922369657,0,0,0.00202978982908898,0,0,0.0245365673441466,0,0,0,0,0,0,0,0.0196376838368529,0,0.0103599816795662,0.00196751991224679,0,0,0,0,0.00570026973702915,0,0.000669940657345473,0.000117174649338577,0.0140026326123392,0,0.00856597660438483,0.00168600035453971,0.00089505588702371,0.00830488254937313,0,0,0.00272034681270472,0.00910988944771247,0,0.00344178490986711,0.000143924308487554,0.0213725838412897,0.016245426398935,0.00433280635319008,0.00329743877030248,0,0.00669409815907232,0,0.00257128128941368,0.00640624039027488,0.00677370181294315,0,0,1.45279368456155e-05,0.00397120097570381,0.0148895768816229,0.00863211106091285,0,0.0121405538154497,0.00246101954556169,0.0228993557692913,0.00078770378311748,0.000855191490132031,0.00372118692263695,0.0135781682376173,0.0127693210515628,0.0106373323581514,0.0168722239655015,0.0176482411471508,0,0,0.000561768280959689,0,0.00227182040978139,0,0.0042057515414818,0,0.00970814272162477,0.0114762595655154,0.0036499526542972,0,0.0118671540447313,0.0240205265260896,0.0111189480381807,0.00565600007810341,0.00368187874610475,0.0202418453974006,0.00225451317679363,0.00336325664230648,0.00604555693119009,0.0159885984972187,0,0.00776918319570368,0,0.0068730268475051,0.0133378504316011,0,0.00203161479149844,0.00679392015411211,0,0.000977531843294317,0.00297288966008935,0.000868613060001449,0.00802447385649583,0.00734056061445154,0,0.0135478972767891,0.00249564947542903,0.00658917357943868,0.012271089606362,0.0263967211309338,0,0,0,0,0.00334664225457822,0.00352823279920333,0.00500273358548988,0,0,0,0.00719402914334562,0,0.00478918440648841,0.00378915735312462,0.0199420748176058,0.0195176604898694,0.000273753244733727,0.00324164468096726,0.0128516617248084,0.0147326544302005,0.0260298717674675,0.00465515782881852,0,0,0.00826711787847055,0,0.00722631799270904,0,0,0.0026871666296905,0.00429269123757948,0.0055322340238105,0.00204096968202607,0,0.000205231326821923,0.00494250322727849,0,0.000143497763086445,0.00718050571096259,0.00306408022007028,0,0.000248241221284243,0.00131569549551556,0,0,0,0,0.000103577553107701,0,0,0,0.00645639937061189,0,0.00486474355000791,0.00983743370637065,0,0,0.00813212346438314,0,0,0.0150725582320679,0.0140956891785061,0.0130294146606657,0.00504258482167123,0.0176133373720729,0,0.00666399148807819,0.00861956846574017,0.00270935908010674,0.010167944804258,0,0.0175405580915056,0,0.0106286286456853,0.00426196424438708,0.00669390599706365,0,0.00568203495854297,0.00863653156202075,0.00502115603561988,0.0115377663585716,0.00547228037162617,0.000786918759312283,0.0026767071359646,0.011086609301887,0.00319196504223987,0.00267484865532383,0.00591494986735314,0,0.0049841827745931,0.0132948601332109,0.0164874269656418,0.0109620516353649,0.0020861748155001,0,0.0075854723142208,0,0.0559973920444695,0.0118125064050059,0.0108739158198894,0.0135881972113583,0.00193290865681915,0.0077823038429761,0.0104321863881875,0.00241374472265595,0.0271057927028721,0,0.0362067534025718,0.003981056565669,0.0152297856201404,0.00822635525375383,0.000818388862160605,0.0577306246146073,0
0,0.000605388008442869,0,0.0214279755369352,0.00851372491885083,0.00214047808627246,0,0,0,0.0101719316272579,0.000855174668067982,0,0.000245911372800453,0.00866572480404133,0.00601427783133562,0.0216559558969948,0,0,0.00337053031108676,0.00688046061532136,0.00205807148349228,0,3.68949755308577e-05,0.00207889043942241,0,0,0,0.0076220513971026,0.000280311402550335,0,0,0,0.000489198925042239,0.00663290468099675,0,0.00357507381905268,0.00261690866934407,0,0,0,0.000853656566978163,0,0,0.00703756543740058,0,0,0.0131893743033561,0.00330251692617786,0.00743182450772914,0.000641890105702791,0,0,0,0.00136571080189865,0,0,0.00354115636077211,0,0.00504656267020618,0,0.00364632602059889,0,0,0.00252531872642631,0.00612123944391826,0.00204965629568965,0,0,0.00350173121124041,0,0.000903508864441495,0,0.00207523785270814,0,0,0,0.000564128504445799,0.00336870091422225,0.00768388459598803,0,0,0.00135019467378685,4.45211440568842e-05,0.00153130076274325,0.000361702335642287,0.0232365385472484,0.00115817786070878,0.00170277084896303,0.00906671176058878,1.36949837859462e-05,0.00033789880443008,0.000309883199997239,0,0.00236121278773407,0.00167412720627324,0.0127310309236915,0.0022460722340793,0,0.00248208038633052,0.00560999891920305,0,0.00230188043839765,0,0,0,0.0117969489333324,0.00199519870817666,0,0.00206425025441878,0.0198457071478099,0,0.00129954634271667,0,0.000338038962204121,0.00318253364018827,0,0,0,0.00544062605041516,0,0,0.00403492119038167,0,0.00271173560309753,0.00931528975576093,0.00599265402300961,0,0,0,0.000843807051822954,0.00239500436604904,0.00231149703764059,0.00421986569753149,0.00251421967645868,0.0640699943446562,0,0.0024378898586234,0.00433964524803782,7.82681293397888e-05,0.00280059899905112,0.00179872265792102,0.000415032068430352,0,0.02752319455384,0.0115227101134518,0.000428441949847578,0.00128800140651471,0.00024133732112674,0.00102119687688358,0.00418714780520073,0.00119402054664885,0.00192032951006165,0.00480588197787786,0.000918433403849747,0,0.00367725705477742,0,0,0,0.0111656007463152,0.00295169814210131,0.00161871332895113,0,0.00173639979799643,0,0.00431573640022759,0.00247637161354398,0.00746337023593774,0.0038647170347949,0.0280552247583118,0,0.00134028095727889,0.00304491776533082,0.0104549551557336,0.00107490952156089,0.017594167993433,0.0266852305974545,5.67164945446369e-05,0.010178669935749,0.0274274169551792,0.00787543872844485,0.00061754559576906,0.0104309873222436,0.00169285913327387,0.00889367496150669,0.00134343208276137,0.0132285077672674,0.000261817519851334,0.0092549185963654,0.00144486181430974,0.0110732589501772,0.00408070506851328,0.0123438802214408,0.00193597741419075,0,0.00946397012022911,0,0.00478216955369889,0,0.0115652110316998,0.004886531630768,0,0.0107702848313915,0.0123564130250506,0.00448500320544166,0.00949070448572295,0.0133485682404278,0.0078322720290479,0,0,0.00414370577812973,0.00766335817855592,0.016572692883055,0,0.00578193604668447,0.00262757824914083,0.0226597209291193,0.0125874731638379,0.0111665920898162,0.0140669175972746,0.00613306576516619,0.00888700774390209,0.00344221459043797,0.00720815918504812,0,0,0,0.0037179378070581,0,0,0,0.0163157896089396,0,0.00156228789513523,0.0124626637570447,0.00121104301104987,0.00568326687978889,0.0232995058443886,0.00597535118642178,0.00410046552813947,0,0.00270861927339979,0,0,8.48572393141612e-05,0,0,0.00158459604392083,0.0312710125862616,0.00925606243339508,0.0126518880019893,0.00470528678465711,0,0,0.0111921833033219,0,0.00816912191933485,0,0,0.0544996616988101,0,0.00478247079023929,0.0105529027616095,0.000535001359373485,0,0,0,0.000496729988752183,0,0.0428536754462518,0.00556354355090127,0.00155929113857192,0.0250882969221865,0.00560772464804565,0,0.00327709565188276
0.000848533495922649,0.00505267468343234,0,0.00322597908788715,0.0135379651362448,0.00182721393894739,0.0032105114041945,0,0.00915905842842285,0,0.00651195548798344,0.00545767977407485,0,0.00536803040278598,0.0017508436595514,0.0196859208650129,5.62290739029372e-06,0.00677117865809152,0.00346783568234206,0,0,0.00994281367073722,0.00286235011017406,0.00035270978786615,0.00157936992700679,0.0102255662639652,0,0.00249771960165662,0,0.0308057296935026,0,0,0.0411000157155894,0.00102602450703033,0.019058221728409,0.0385379727474624,0,0.000764644637888658,0.000241364983782433,0,0,0,0.00390612406505002,0,0.00305066728708945,0.00383956813350698,0,0,0.00164052352758472,0,0.00309001129373088,0,0,0.00989521960111264,0.00148907801810444,0,0,0,0.0121355975957856,0.000611068488662001,0,0.00242187867120311,0.00383772078485432,0.00372684968890639,0,0.014850980677027,0,0.00349913855844964,0.000221295673019596,0.00361258780426233,0.00100774347071072,0,0,0.00348110921441198,0,0.0010814426424636,0,0,0,0,0.00746060557249794,0,0,0.00177944382742507,0,0,0,0.00239582598518031,0,0,0.0021084881602652,0,0,4.35101683542148e-05,0,0,0.00149252734734282,0,0.00261403841047243,0.00361383796177919,0,0.00245297757046511,0,0,0.00225798179057494,0.00609952038626825,0,0.00995556865740613,0,0.00298940799783433,0,0,0.000679480556171036,0.0190087668299059,0.00863532420689199,0,0,0.00125993553353351,0,0.00162581657088608,0.00330084005525096,0,0.00161890520680156,0,0.000998971754909247,0,0.0104068288470845,0,0,0.00353611889410577,0.00203610876864704,0.00112924766533623,0,0.0157570680029586,0,0.00254338717590556,0,0,0.00301637707905347,0,0.000141306802215131,0,0,0.00112552641241258,0.00569812123791114,0,0.000416369767942136,0.0226028145868904,0.0323836002429471,0.00800626399242409,0.00440994573376351,0.0112852064601971,0.00984641275090238,0,0.0018093411707888,0.00119889367301447,0,0.037118158425372,0.0134697254488883,0,0,0,0.0152598504314064,0.00318214855870891,0.00107035171101098,0.00603465343442326,0,0.00185956171260693,0.0373310194198617,0,0,0.0582217373279723,0,0.0162607707607309,0.000836716022748753,0.00084636421454629,0.00214389021823808,0,0.00213294701056676,0,0,0,0,0.00139950723025252,0.00261129981236578,0.00868861012472155,0.00077599630191053,0.00657659111596512,0,0.0819044377889922,0,0,0,0.000283754760779154,0.00688636251187196,0.0258310742660491,0.0214575194216617,0.00147982909676571,0.0113384043133155,0.00921275038195651,0,0.00302743928279585,0,0.00517123312468875,0,0,0,0.00255966213765847,0.00444904509654057,0.01211463936635,0,0,0.00124721465177067,0.0188689479188969,0.00443994261629878,0.030536382995905,0.00718997660849258,0,0,0.00194042069935776,0,0.00687901130647418,0.00268944715435026,0,0,0.0010467090721173,0,0.00558185165541588,0.00483815489857845,0,0.00160438419099607,0,0,0,0,0.0163013468790268,0,0,0,0.00623294774777508,0,0.00382255375892817,0.00354407774001663,0.00854695218744751,0,0,0.00464241675095728,0,0.0220574228220773,0.00142446136407275,0,0,0.0354684843934145,0.00417718887550848,0.0641695492107049,0.00036533746280969,0,0.0014002843290066,0.0771203681480772,0.00226146036310608,0,0.0144212672483972,0,0,0.0140009873460064,0,0.0016431411268731,0,0,0.00342518808099475,0.000913649558932287,0.00589747702638896,0.0106550788977523,0.00690592394424738,0.00563746417029519,0
0.0370102090628799,0,0,0,0,0.0378564362113507,0,0.00698320664182239,0,0.000742170182794534,0.00353962338439988,0.0011284063390525,0.00238501694646662,0.0139960370712898,0.0212650129865684,0.000726425553261218,0.0480775090549282,0.0434475645207929,0.00402042376285626,0.0358585471836729,0.0177400398869762,0,0.0158781980989093,0.000768654405633542,0.0172700823596725,0,0.031911178549646,0,0.0249082295172702,0.00952401915315612,0,0,0.00739921954664365,0,0.0288715086444395,0,0,0.0121775925847212,0.0168675904960632,0.0212372980284199,0.0164390424976381,0.000976277571092207,0.0154859539017849,0.00371603310303129,0.00838103797485142,0.0394841830473802,0.000278231667348853,0.0307397340185806,0.00346006726060675,0.00224696874480743,0.00252207596492027,0.0227186730376515,0.0145279890179418,5.03922532111961e-05,0.0033763769135149,0.0225278191803495,0.00842044896494993,0.00884937746324461,0.000303070109293618,0.0206042999927163,0,0,0.00109589455982305,0,0.00326738902062952,0.00302335578863325,0.00336721696840511,0.0207716719676683,0.00126252206916639,0.00601572795915107,0.000207123461902178,0.00120296815629954,0.00130518218548146,0,0,0,0.0164462162651676,0.0049398742756566,0.0282532914466138,0.00444126103666477,0,0.000165277035762057,0.000817615694164374,0,0,0,0.00504186547308399,0.00543546032122016,0,0,0.000769994982002432,0,0,0,0,0.00604294876477731,0.00354977107766798,0,0.0236969689526179,0.0110699473588613,0,0.0188917233368647,0,0.0218958911552195,0.0132555347769176,0,0,0.0015888979173717,0.00259913827301422,0,0.00504365643493539,0.0134100724274651,0.0120523850377278,0,0,0.00458879080015758,0.00164819563351455,0.000435295590454547,0.0082108188284798,0,0.00552133357609995,0,0,0.0248807117891729,0.0153707770317961,0.00548246115526165,0.00478652817980054,0.00638587709813697,0.0112762610426833,0,0.00566417873058234,0.0109753970940617,0.0204741541400791,0,0.00138971904611449,0.00660297468617294,0,0.000934215965470019,0,0.00448376489476092,0.0136427819890172,0.00335295240134813,0.0114286478771676,0,0,0,0.000257395296041792,0.00499651799693493,0,0.0100384031892526,0.00463043778751115,0,0,0.0102723660664112,0.000832009852710335,0.00644107552943556,0.00756113067444809,0.00492216234242466,0.0149891188773755,0.0202498492907026,0.00626657933407017,0.00457175721267665,0.0104051708616765,0.0220033148734218,0.00899025519793224,0.0231819628641026,0.0210993812823236,0.0258138886569689,0.000787726641941585,0.0147914084777821,0.0221327460785079,0.00323828429138766,0.0320115394352236,0,0,0.0308373201168127,0.00744959361082432,0.0452403363413986,0.059070860850187,0.0303633245594759,0.0524664089174271,0.039699193276957,0.056088719318855,0.0780796689003831,0.0739179788310224,0,0.0402238496999023,0.0109940151871589,0.0536481818985649,0,0.0479694538943145,0.0299037248945262,0.0394153454250443,0.0287663992330222,0.0399523285766979,0,0,0.0504801501335174,0,0.059484261738454,0.058423404522745,0.054918710103402,0.0638332484244903,0.0610975869320314,0.0686114706623444,0.0703786009252661,0.0664075326221131,0.0283092235871579,0.0483338577427612,0.0539531445431709,0.0620559963027069,0.0480898206941586,0.0470781017455292,0.0183465421654774,0.0404342613882399,0.00208842766482736,0.00191109314969369,0.050714795820024,0.0577775916027534,0.0502965684042412,0.0337966824138666,0.012190489476446,0.0633448736578763,0.0155522036374956,0.0554957758916716,0.0591662126986093,0.00748940211656843,0.0613182679209987,0.0765349711392059,0.0626192830244477,0.0395618601327131,0.0647292133199036,0.0377315619172138,0.0514271516781152,0.0363709158908284,0.0385491636377617,0.0328980389652979,0.012394764693081,0.0580851301768687,0.00805549226519863,0.0556330464464783,0.00639630517435253,0.0159186190477253,0.0242836531149997,0.044666104881776,0.0305136372622151,0.0267499661503912,0.0165548982726089,0.0174344193289737,0.00213915349614729,0.0292363205587983,0.0245989291596016,0.00222509449685021,0.0165823348264864,0.000365186113791876,0.00648139174899397,0,0,0.00562429584486188,0,0.0126585558500468,0.0258501229485794,0.0385184276923596,0.00568440464809695,0.0347541027207661,0,0.0167045341473603,0,0,0,0.001793142702629,0.0143445744184694,0,0.0679808842286561,0,0.0182666121284021
0,0,0,0,0.0164051749200879,0,0,0.0125795275594236,0,0,0,0,0,0,0,0,0.00320254538353948,0.0119511597452563,0,0,0.0107061217715957,0,0.012923462348866,0,0.00153992023037521,0,0.00159939829143766,0.00127757082562419,0,0,0.00218004838651339,0,0,0,0.0103894388771088,1.85439573040277e-05,0,0,0.00462029182887271,0,0,0,0,0,0.0135537185703735,0,0.0184424749117134,0,0,0,0.00269204551176817,0.00419717178444245,0.00091190991782465,0,0,0.0107788404288345,0,0.000385163736840178,0,0.000215044024711007,0.00201173414895229,0,7.12565738724414e-06,0.00659859821106099,0.00872391688746985,0.00098573713708228,0.00915481597747177,0.0087383920733073,0.00382351954539722,0,0,0,0,0.00455182747531309,0.000847497680095601,0,0.00201328393794945,0,0,0.00175682799960176,0,0,0,0.00458474871637475,0.0145995378665391,0,0.00251418064253927,0.000778087517072862,0,0,0.00451801472554977,0,0,0.00166059671073231,0,0,0,0,0,0,0.0211632640059905,0.00172446166938174,0,0,0,0,0.00798118507986481,0,0,0,0,0.00387451496106141,0,0,0,0,0,0,0,0,0.0169234602584607,0.00775084105262177,0.00283809310022217,0,0.00775454110781189,0.0126671284845937,0,0,0,0,0.00438020338065857,0,0.0140321319390448,0.00521375470487835,0.00617356088960218,0.00726220967726077,0.010269052967528,0.00382554789313536,0.00888240311923475,0,0,0.00749108159056295,0.0102468377730589,0.0253620656376632,0,4.40452587989223e-05,0,0.00451248089143768,0.0204736922170773,0,0.01667941833272,0,0.00712251972065233,0.00242355047438314,0,0.0156298932207235,0.00235823965525707,0.000115113134618601,0,0.00117812258564863,0.0091133121082113,0.0164779294518597,0,0.00398655899831105,0,0.00674448448924825,0,0.0113106152934892,0.00633320571974987,0.000115948182755036,0.00921037695368159,0.0215318884522353,0,0.00520218676248628,0.0164420503173724,0.00342491628775084,0.00784787568830852,0,0,0.0119962276179042,0.00190880390168713,0,0,0.00131857173917643,0,0.0118704083781385,0,0.0012341728403762,0,0,0,0.00565140305539012,0.0136939039351065,0.00379188745092145,0.011104508309574,0.0120422858601966,0.0271647341792301,0.00180895432384998,0,0.00489753298967967,0.00878001244746318,0.0136385619104252,0,0,0.0128295097030299,0.0178964326754798,0,0.00618323168778137,0,0.0204102979006858,0,0.00982581924933144,0.0106779399743255,0,0.00812587640046439,0.0103175115154475,0.0222301025647094,0.00416511077653572,0.0103376749422252,0.00796052264282206,0.00749218281913947,0.00261762995018061,0.000117016258005322,0.00280645191384429,0.00643122895935623,0,0.00943918978419269,0.00248871689023641,0.00746569868877733,0,0.00947850858540656,0,0,0,0,0.00669758211374577,0.00337228397610162,0,0.0132432197625359,0.00494680725357424,0,0.00906233256527091,0.0175899919015031,0.00468633219726679,0.0146288994667725,0,0,0.0168370127724167,0,0.0172998077419162,0.00749704373857384,0.00498538603685389,0,0,0,0.0187683460904101,0,0,0.0159991971005267,0,0.0322134070217691,0.00173385606145363,0,0,0,0.00292331041439382,0,0,0,0,0,0.0237659714776642,0.0142840335851856,0.00380617370560935,0,0.00152665106540166
0,0,0,0,0,0,0.00366032235338652,0,0.000343657795277139,0,0,0,0,0,0.0012789467873372,0,0,0,0,0,0,0.0638816744510031,0,0.00318687992314715,0,0,0.0214443542505954,0.000188406447428455,0,0.0021736225992884,0.000269928118112906,0,0,0,0,0,1.86434200946778e-05,0,0.00238067373170849,0.000758979650058669,0,0.000263016154791324,0,0,0.00056623064066377,0,0,0,0,0,0.000288492245129866,0.000212297192030034,0.000621514086745632,0,0,0.000637666777809357,0,0.00165089759156664,0,0.000712458532046213,0,0,0,0,0.000475027876297237,0,0,0,0,0.00284158788700321,0,0,0,0,0,0,0.00170461891371071,0.000720937535033662,0.02717662795821,0,0.000484438334457903,3.96862597675573e-05,0,0.00359173730719559,0.00855465850299588,0.000507859649968279,0,4.27265037000072e-05,0.000980050056565083,0.000853062070919187,0,0.000110882124511047,0.0074754038501538,0.00313049174547468,0,0.0594185224505696,0.000989063427796579,0,0.000802189257394705,0.000560581743351799,0.0337735811186245,0.0267187354210534,0.00283794534039839,0,0.000534893290814363,0,0.000234954188448997,0,0.0117730995973178,0.0618043894830592,0,0,0,0,0.0014997314878636,0,0,0,0.000902216157920097,0.0669948994558655,0,0.00159773143357342,0,0.00112378857288879,5.46193635150557e-05,0,0,0,0,0,0,0,0,0,0.000422324885736855,0,0.00195478012953319,0.000214518178920986,0,0,0,0.000144125000062963,0,0,0,1.94940063766965e-05,0.000944092621319074,0,0,0,0.000941674355555048,0,0.000496887709034147,0.008658818488295,0,0.00133777546037521,0.000723656001832765,0.000749874198691489,0.00203240776361668,0,0.0270028522494413,0,0,0,0,0.0168001478207108,0,0.00071865852664289,0,0.0251858990230627,0.00324960579175892,0,0,0,0,0.00221550849237804,0.00211048507732934,0.0366526079815808,0.0528092761031274,0.00076272560067949,0,0,0,0.0023552403615131,0.00038868461676547,0,0.000371611574497891,0,0.0673577257608009,0,0,0,0,0.0132141958325732,0,0,0,0,0.015092786843068,0.000495857246692457,0.0247007927582475,0,0.00437446603723856,0.000275075905959501,0.000266465795231843,0.014602487650424,0,0.000197715667268868,0.000180425932670676,0.00095035771447233,0,0.00126753168688686,0,0,0.00141526845469905,0,0,0.000160436065259025,0.00125403748884077,0.00339160194385046,0,0,0,0,0,0,0,0.00191235433119594,0.00138214274107708,0.00287502267821131,0.00106358847599471,0.00110013604664495,0.000750368318182814,0.000475658050542602,0.0493166118614951,0.00172263004839643,0,0,7.43102973119491e-05,0,0,0,0.000347298110715118,0,0.000689843143631882,0,0.0371416850894842,0,0.0630539507363805,0,0.0199254282479601,0.000733315508164442,0,0.00251484971406142,0,0.000385323520599647,0,0,0,0,0.00130168660590096,0,0,0.00260079151022054,0.000201205754777788,0.000166848782189305,0,0,0,0,0.000730360956481837,0,0,0.00260049556169465,0.00252303905507206,0
0.00431950450963831,0,0.000153118743027349,0,0,0.00035000284803642,0.00169991884966935,0,0,0,0,0,0,0,0.0275842021834071,0,0.002849027664548,0.00323956059369315,0,0.000534856306865007,0,0,0,0.0010883928983686,0,0.00142051511055408,0.00806988990544968,0,0,0,0.00113476068395299,0,0,0,0,0,5.41072726258943e-05,0.0151363402210854,0.0041185998426074,0.00119621270231614,0,0,0.00980138584448359,0.00131968463833365,0.00214721941995596,0.000372637551933843,0.000342707489940667,0,0,0,0,0.0039444733448755,0.00285212417029318,0.000122763122295096,0.00294405369907744,0.000528946498537459,0,0,0,0.0279176174189233,0.000286661549606344,1.50459805434224e-05,0.00038463769027074,0.00187090963424252,0.00553239970531955,0,5.96497603988585e-07,0.00194932733976209,0,0,0,0.00016590101548544,0,4.98424179173987e-05,0,0,0.00911436214002346,0.000177311198688355,0.000119801506635962,0.000881633296739172,0,0,2.74736508020834e-05,0,0,0,0,0.000638445939815566,0,0,0,0,0,0,8.83950290174457e-05,0.000694426210020255,0.00108579511520615,0,0.019819969972275,0.0181108795183961,0,0.00230485887745562,0.00020322181673855,0,0,0,0.00846170208406402,0.000293667803050358,0,0,0,0,0,0,8.7408828549848e-05,0.00342862071777692,0.0154763046558906,0.0166441969585714,0.00101882665263901,0.0158941571073601,0,0.00188236807321609,0.00444284199867899,0,0.00625611867508609,0,0,0,0.00210864205574856,0,0.00727817009046067,0.000624207244228765,0.00733298941840953,0,0.0375131966967449,0.00152347764413356,0,0,0.0187811407625915,0,0.00685495472794839,0.00168529984998881,0,0.00310434333937982,0,0.00960738650653295,0.00208678768846459,0,0.00110049888924133,0.0001502641206601,0,0,0.00168388615757022,0.00385135659159418,0,0.0360355118077745,0,0,5.60643233506911e-06,0.00464031944087527,0,0.000248449137838979,0.00759919030499762,0,0.000429550717220149,0.0135421700694997,0.000301578308295703,0.000628331463756569,0,0.0014183749268112,0.00154843678372026,0,0,0.000925234149435712,0,1.27404050867863e-06,0.0119414911974648,0.00142335949432937,0.000647820779238099,0.00195648288335874,0,0.00839645991520739,0.0667195818149799,0.000245408051869054,0.000256011566299386,0,0.0153217305352758,0,0.00391326513403929,5.88027564926853e-05,0.00219657004510362,0,0.00921255835487645,0,0.00214387748390905,0.00058933239518134,0,0,0,0.0328822529626895,0.00540676350029871,0,0.0249795095954471,0.0226013557899353,0,0,0,0,0.00142933365038101,0.00654656882868271,0.0332612462247744,0.00237623951366096,0.00382247807878923,0,0.000668823369129774,0.0255716587599858,0,0.0134204074508535,0.0065311224188968,0.000229934773537483,0.0132236003845989,0.00758094966193412,0,0,0,0.00291961771485866,0,0.00278809287290075,0.0209168967608833,0,0.00140989438762405,0,0.00116046801397802,0.0220123330367024,0,0.00179812428895441,0.0104514967308175,0,0,0.000711138563069941,0.000170868305074336,0.000469014132873483,0,0.00907457984747338,0.0127187097301619,0.00159718693265371,0,0,0.0188557809572861,0.0330770813097238,0,0.000431647811135244,0,0,0,0,0.0207401188930092,0,0,0.0209503375686335,0.00109327680708687,0,0,0.00134795895669749,0,0,0,0,0.103850226103422,0,0.0482983137200489,0,0.00113217883521066,0.000383441144970236,0,0.0240512676195708
0,0,0,0,0,0,0,0,0,0,0,0,0,0,0.0189608761594717,0,0,0,0.00141610259442086,0,0,0,0,0,0,0,0,0.000620515018433343,0.00167658531111388,0,0,0,0,0,0.000829982020074608,0,0,0.000745236625404568,0,0.00385035799192486,0,0,0,0,0,0,0.00245774363325414,0,0,0.00134616925445053,0,0,0,0.000937475487266401,0.0011133979776665,0.000828893365367921,0.000692375739939356,0,0.000535414589423591,0.00232548580401592,0.000815016672081485,0,0,0,0,0,0,0.00451957032987771,0,0.00178078058738435,0.000529346418151784,0,0.00105856412402735,0,0,0,0.00880379850602391,0.000135836835148122,0.00350747132215885,0.136913752643849,0,0,0,0,0,0,0,0,0.00257897225531099,0.00314126783385696,0,0,0,0.00201827792210018,0,0,0,0,0,0.000352307247603937,0.00392683124206761,0,0.0112175861127394,0.111498508049439,0.00419331204535536,0,0,0,3.25829264237533e-05,0.00268282822596013,0.00562601762928128,0.03021075498631,0,0,0,0.00126714979088543,0,0.00110280670756154,0,0,0.188730621108861,0.00388737418203727,0.00430216286142316,0,0,0.00977506131462448,0,0,0.00168177384691118,0,0,0.00443706866388201,0,0,0.000553403798495294,0,0,0.0062926725208388,0.00551489886609407,0,0.000711472860376752,0.00460178578920938,0,0,0.00214221746750607,0,0.00365199937634494,0.0031824324913225,0,0,0,0,0.00906084132810308,0,0,0,0.00404683762924967,0,0.00321493750940525,0.00518977170738002,0.00668391439226124,0.000748400646020977,0,0,0.00398974695201344,0.000478403522575924,0.000457692105811855,0.00511763017811581,0,0,0.000320124360939822,0,0,0,0,0.0036414698692133,0,0,0.00356241815409468,0,0,0,0,0,0,0,0.00129054447753722,0.000354068813555642,0,0,0,0,0.00271464981868449,0,0,0,0,0,0,0,0,0,0.000222865332166943,0,0.015566374302191,0,0.0105502759633342,0.00570539430217182,0,0,0,0,0,0,0,0,0,0,0,0.0649905049663255,0.00272650027332027,0,0,0.00307775097711061,0.000525448747711254,0,0,0,0,0.00135201848722587,0,0.00140900159963865,0,0.00577033519188757,0.00372585631596714,0.00244128838937028,0.00393708195239082,0.0069152593251543,0,0.00102024542647852,0.0057406780772272,0.00148713127504621,0.00291460133750562,0.00277538340389685,0,0.000979666931372687,0,0.0090685790463521,0.00845041555647353,0.00342485928281405,0.00393149260868437,0,0.00106654875124588,0,0.000607182612679684,0.00436681306388564,0,0,0,0.00230308499758869,0,3.79046312777201e-05,0,0,0.00169562378307131,0,0.00980853110400461,0,0.000448678253667322,0.0636467614100481,0,0.00594837312357748,0.0109939791272588,0.00159512356717024,0,0
0.0014009308314604,0.000159846228122843,0,0,0.0286527404265738,0.00553094913586965,0.0023902148606238,0,0.000447641872357736,0,0.00131520516690083,0,3.44197126841575e-05,0.0248061605157347,0.00139643077809718,0.00144984740354487,0,0.00549010281542759,0.0199250786950373,0.0047311392923764,0.00201947728133834,0,0,0.0931918943607447,0.0118348859049788,0,0,0.000211062979561929,0,0,0,0,0.00935892081861004,0,0.000847947245952496,0,0,0.00121071507451673,0,0.00103271309118128,0,0.00674229782041211,0,0,0.000298154572228973,0,0.00165736920279799,0.00467987201727531,0.000646574393542209,0,0.00330687616826751,0,0.00282078601383825,0,0,0,0.00271337268349347,0,0,0,0.000934748219190985,0,0,0.00145282871458658,0.00110706874329844,0.000519742624419494,0,0.00162172398258219,0,0,0,0.00320498316087755,0,0,0.0050216601071996,0,0,0,0,0.00161060184692668,0.000323262185294371,0,0,0,0,0,0,0,0,0,0,0,0,0,0,0,0.00106534527439356,0,0,0.000468397666138685,0,0.0131648339880135,0.0336901927681071,0.00442133396286374,0,0,0.00131551777089758,0.00481563408436095,0.00143759943668535,0,0,0,0.00205492407045096,0,0,0.00303627272405591,5.8848910928901e-05,0,0.00661041096069583,0,0,0,0,0.00721474404899639,0,0,0,0.0059575880211496,0.00391293265478323,0,0,0,0.015404795506785,0.0298370732814895,0.00113487639676195,0.0174524828485555,0.00515576269103371,0.0215601195707428,0.0965990931554818,0,0.000863851859272915,0.00767143700797029,0,0.00123383918284867,0,0.0169523193091262,0.00425418568855668,0,0,0.00975910648736514,0.0440850763265147,0.00135100115169236,0.0026308864086187,0.00261662092285312,0.00103535667939714,0.000480089959772928,0,0.00416387202748154,0.0124648057986027,0,0,0.000698575618525325,0.00120989236604206,0.00688135940109678,0,0.000739061634345291,0,0.00527156673076961,0,0.00162284806527757,0,0.00756192364862076,0.00211872975830559,0.00033191140487877,0,0,0.0189077766064733,0,0,0.000681783191047238,0.000109933940562416,0,0.0145580175948845,0.00333690091466721,0.0123789251305726,0.0185729997778489,0.00282632333349003,0.0101777897724571,2.50840015140448e-05,0,0.00802350244694617,0,0.0234114958665234,0.0269879973529746,0,0,0.0253496694066761,0.00388405152084028,0,0.00700187546668166,0.00290022569697593,0,0,0.00391244280363533,0.00726762573030016,0.0025359946375058,0.00502246999642316,0.0572711814257683,0.00853069433853825,0.0212792708742327,0.0141071430348645,0,0.0161005199630527,0.0333805655775543,0.0114242663648577,0.0178314592447474,0.00182280466248613,0.000232342694506998,0.00106917155689662,0.0170660593205749,0.0475056303890748,0.0615183821557397,0.00157060827375204,0,0.00319530157014068,0.0171863327249331,0,0.00117994965251737,0.0050495359179021,8.1134953053397e-05,0.00031530892443235,0.0242251405637009,0.00671983092571889,0.0204414326208426,0.00529271100201539,0,0.0144691467028222,0,0.0046615137040665,0,0.00199423213031814,0.0129783977567637,0.00825702109689485,0,0,0,0.031749728499356,0,0.000275722773386998,0,0,0,0.00989528317824386,0,0.00271728186164477,0.00289625722573153,0,0,0.00223793828848807,0.00270917023994935,0.0400644237648069,0,0,0,0,0,0,0.0131189349418017,0,0.00310038359667226,0,0,0,0.0198923969336999,0.00714667712326268,0
0.000906487956848737,0,0.00171482422720043,0,0,0.0010265477490832,0.00123467166370182,0,0.00378229086769958,0.00651657455442106,0,0,0,0.00111745319694777,0.00111849054023631,0.000113899185080162,0,0.00226539917392248,0,0.00133390501728521,0.0182132635462495,0.0037157178443847,0.000949380952050023,0.00356848555466143,0.0217574803592582,0,0,5.33600901121511e-05,0.0228580963184717,0,0.000429979787392043,0,0.0211771239322835,0,0.000798187121726884,0.00123828112591371,0.00810938920903879,0,0.00331286607400672,0.00286154706602672,0.0817857558052058,0.00120386093725104,0.0341144930122687,0,0,0.00202342794634226,0.0121544230813524,0,0,0,0.00204715384491918,0,0.00569119749544866,0,0,0.00140325680938268,0.0489518950018794,0.00185657962228871,0,0,0,0,0,0,0.0012405868282494,0,0,0,0.00602578621799844,0.0023489789199625,8.84058327976343e-05,0,0,0.0203303447159628,0,0,0.00345594057052679,0.00105694006295355,0.00425043378489747,0,0.000606664691274281,0,0.00222695739171662,0,0,0.00223928889670124,0,0.013413218023471,0,0,0,0,0,0,0.000203574704686217,0.0142494307701924,0.0240169794006191,0,0.00258054311908255,0.0065901425722769,0,0.00408641328578039,0,0,0,0,0.00659902419439134,0,0,0.0205670382432186,0,0.00711289319626887,0,0,0,0.00430363532441975,0,0.002830028036093,0.00567722365432368,0,0,0.0320158588205684,0.000386461050991268,0.0275192121838872,0.00212480617858747,0,0,0,0.0040479945722211,0,0.00437277296431035,0.0730337822111385,5.60783046755442e-05,0.0365795340441408,0.0214752649819614,0.0172887868906765,0.00587403963798158,0.00267540338757346,0,0,0,0.00426895208450442,0.00682980127019167,0.000830762334122374,0,0,0.0080551742685317,0.00249321398801334,0.000366671370936832,0.0157426467109544,0.00250258784736846,0,0,0.000323374053035898,0.000740406707812697,0.000362773520822716,0,0.000510448761186075,0.00573158580879369,0,0.00011546275280326,0,0.000392852764572465,0,0,0.000711252003708801,0,0.000361368095260606,0,0,0,0.00103508329699822,0.0424824516572325,0,0.0385947073832562,0.000751380986804196,0.00136645659308022,0.00121428351412947,0,0.00733405727323751,0,0.019567554580661,0,0.00436734299873299,0.00146456262351737,7.56903260969653e-05,0.0143252328994121,0,0,0.00268560204832076,0.0103106328743983,0.00244590814307973,0,0,0.00655533430213792,0.000158659985041732,0.0212227287429584,0,0.00239167502607716,0,0.00724917789784662,0,0,0.00157730778684252,0,0.000834651018570217,0,0.000803599205453334,0.00779105968981276,0.00109743242925016,0,0.000420029013142513,0.00128601598403084,0,0.0132805869450563,0,0.000247955806159267,0,0,0.000206366461657278,0.0195409622770734,2.55410322671431e-05,0,0.0073324005454393,0,0.010433782741585,0,0,0,0.0177881353005626,0.00675000640341684,0,0.00221426969138861,0.0161931680140233,0,0.00524152367195837,0.0233865614242236,0.027849812432995,0.000681748097621095,0.000426238451399315,0.000418998642333492,0.00409182596818997,0.00238133156005605,0,0,0,0,0,5.87241554913628e-06,0.0541344102983398,0.00187357922926606,0.00112994159999453,0.0236426869518691,0.00340061839306308,0.0186880070796753,0,0,0,0.0139020580717308,0,0,0,0,0.00285377097912784,0,0,0,0,0,0,0,0,1.25663620230035e-05,0.0018355983268625,0.0103422770357832,0.00482338374219509
0,0.0415750140946937,0.0301819991642198,0,0.0253599442159955,0,0.0381063805936583,0.0172488013055034,0.0418144112416035,0.00974782204541688,0.0327680259631679,0.0448630543377903,0.0327625058671546,0,0,0,0.0201695745928111,0.0124256516238215,0,0,0.0165116382608295,0.0146561989953923,0.0050756803565868,0.00724923809618667,0,0.0570053498749204,0.0297481477861851,0.0545375024345376,0.00297797216909195,0.0339746236057332,0.0533895569936487,0.0444998435034604,0,0.0307537483058476,0,0.0658361517065018,0.0730278422420483,0.00742246215162584,0,0.00411827179683998,0,0.0648920229571611,0.00120133508297011,0.00173394106300622,0.00264632620856592,0,0,0,0.0464329034825268,0.0490806109774777,0.05474702220304,0,0,0.0458927063175152,0.0794604899955033,0.0114600470023005,0,0,0.0624281307043253,0,0.0601217399034879,0.0560696605595377,0.0551293740340737,0.0892356520032306,0.00274011889685895,0.00435845321721513,0.0067646649498692,0,0.00410397560077325,0.00238708013826706,0.00526096961945607,0.0489963529123758,0.0442015160085756,0,0.0513573960921714,0.0353180801756446,0.00405900641479132,0.00189178097487365,0,0,0.0465197948684405,0.0555346762130325,0.0465630956590036,0.00151828373508368,0.00841379509659801,0,0.00238966141272395,0.00337324919408462,0.00798676012456043,0,0.0337074047989704,0.0244527759689813,0,0,0.00402033276891232,0,0.00776047127622456,0.0218193586652339,0.00526951507968268,0.00213755605552749,0,0.00781179516850589,0,0.00723839437392657,0.00814028846715536,0.0243211276980735,0.000810540812294516,0.0160198261758341,0.0273554714326818,0,0.00734277766111283,0.0122323055203426,0.0332981885283601,0.0152802849121705,0.00995668129504653,0.0102278620861532,0,0,0.0271973191274948,0.0224098031708082,0.00774104562354741,0.00715180580136975,0.00663998376039183,0.0104736224493046,0.00429047624018747,0.00804872608056533,0.0205673495008105,0.0226376393465139,0.0278363389294083,0.0185235545141611,0.00603648702022498,0.00920686071301821,0.00974548649469638,0.0129436724500032,0.00359885548108206,0.00591114096706291,0.0263269476428642,0.0119462938942742,0.00988783809470608,0.0199989326399634,0.0115672287140011,0.00732340850774154,0.0132091758442404,0.0127002673820439,0.0195963544023811,0.00124744296279334,0.00214101164121272,0.0147363274858898,0.0191612385157158,0.0125358647714343,0.00626510590390049,0.014834453699688,0,0.0120715447587115,0.0179953482000073,0.00829524413027522,0.00914934801425492,0.013981333039417,0.0108294746872119,0.00704226905439245,0.0121894843161182,0.00223512215299716,0.013386596299544,0.00258293985707498,0.00604310814849516,0.0122014300757976,0.00651919520543439,0.0187619587530536,0.0034801050581424,0.0149415246667313,0.00428912201991818,0.00111144235791141,0.00742843950074833,0.00305007281719983,0.00859437732811785,0.0035501160504104,0.00064936731791272,0.00503419251210089,0.0077307736187448,0.0122656016952053,0.00459380064776071,0.00098915211143146,0,0.00482256479092457,0.00155119920110467,0.0156492398335247,0.00720603782065677,0.0076301501641434,0,0,0,0.000942799595096215,0,0,0,0,0,0.00350886840973243,0,0,0,0.00440619184357616,0.00119051816125483,0.000541822241422669,0.000437859896498536,0,0,0,0,0,0,0,0,0,0,0.00016148791232947,0.000666795223725274,0.000991227721586521,0,0.00105970150053239,0,0.00155037280014704,0,0.00827069527933256,0.00114012303378712,0,0.00172504773539278,0,0,0,0,0,0,0,0,0,0,0.00676672646823929,0.00299654703992049,0.0111612576897924,0.00106077854705921,0.00955675846007622,0.0187940335563297,0,0,0,0,0.00506660910707752,0,0.00252558840926339,0.00383324974201844,0.014149252789682,0,0.00416612384635533,0.00397143442901333,0.00796892058864934,0,0,0,0,0,0.0110428714927317,0.00822083694405737,0.00501991864360208,0.0043702721649443,0,0,0.00176643629565483,0,0,0,0.00354098509469345,0.0032729859768263,0,0.0119024511227292,0
0.00463873935613821,0,0,0.0103969133417625,0,0,0.00185693068509163,0.00274146800724238,0,0,0,0,0,0,0,0.00863826019742461,0,0,0,0,0.00109709207494752,0.118684646482306,0,0,0.0261922840141855,0.00290483238945283,0,0,0,0,0,0.00193012984005322,0.00290988493962427,0,0.000829324611377093,0,0.000874532670919504,0.00282542861542927,0.0152910178805219,0,0.00763081411574295,0,0,0.00503547654459552,0,0.00640021607604028,0.00211344044033564,0.0277597056563742,0,0.000838007470027642,0.00677705404781989,0.00147660299265095,0.00784987954421304,0.00342782943913079,0,0,0.00869064586739348,0.00173459021794097,0.000665077633605704,0,0.00446422428266634,0,0.000352860733547552,0,0.00251304880828896,0.00689008202467302,0.0199781429564721,0.00374713247181348,0,0,0.00131309417535761,0.000475857552538551,0.00185465866695501,0.000909912795102208,0,0.00124051717743659,0.00838378484894875,0,0.00156106682487323,0.0117591220356238,8.91665664962857e-05,0,0.00293396766469707,0,0,0,0,0,0.00465138989173532,0,0.00104738683363899,0,0.00505772868904666,0,0,0,0,0,0.00277064083554952,0.0163098178114349,0,0,0,0.00439718728626345,0.000230705665266292,0.00296084464256109,0,0.0019145002898657,0.00407786837952854,0,0.00168561280043126,0.000489375438507122,0,0.00714644791261532,6.1700272885218e-05,0.0641321235783609,0,0.00134743548065808,0.00397453827816008,0,0,0.00210380044968219,0.0444189831932413,0.00520811298781894,0.0211322210184952,0.0368464746755214,0,0,0.0243669996188815,0.0129393415417279,0.0308441183721833,0.0455289031689275,0.00135493960238677,0,0.00220052389043448,0.00164050790063136,0.00543705710302126,0.000866771858392169,0,0,0.0107988285727565,0,0,0,0.000861939125814621,0,0,0,0,0,0,0.00253478753126095,0.00197611132805232,0,0.0106836833636108,0.0918909153430357,0,0.000549809238614534,2.62485670620095e-05,0,0,0,0.00752383083697647,0,0,0.000926127708102834,0.0039809307503283,0,0.0410956907720731,0.0536215298703582,0.00214886492102246,0.0201302277224109,0,0,0,0.00028908761334284,0.000432531828834561,0.00601066301379164,0,0,0.0110123779542441,0,0.0101631292365302,0.0263295813840603,0,0,0.00567575934079125,0.00313685853975313,0,0.00177213231219526,0.00208124729174515,0,0,0,0.00605487075170628,0.0321650305323503,0.000683388413992266,0,0,0.0147724962445736,0,0.00478128140903388,0.0151496916708255,0,0,0,0.0204040790358243,0,0.00445347931527895,0,0.00677502824747203,0.0583279357868274,0.00787573175652612,0.000586696023862077,0.00213193645121496,0.0184093531340538,0.000291514095888384,0,0.00153413832768015,0,0,0.0168940761176319,0.0173063738576301,0.00552680522230579,0,0,0,0.00760833332397079,0,0.0223072725636742,0,0.00922471250565562,0.00014726908394123,0,0,0.00022148007180036,0,0.00272872512224149,0,0.0023628999201384,0.00497178119595177,0,0,0,0.021810496298634,0.00233674965454715,0,0.00436748492221524,0.0125841974138348,0.00229800708581696,0.00383013063200861,0.00395964897999408,0,0.00233104893145265,0,0.01788625111689,0,0.00111017906715918,0,0,7.04489416679264e-05,0.00618638865458922,0,0,0.00166804376530976,0.0666904552752678,0,0.019061878730996,0,0,0,0,0.0295241911509901,0.00900284518016043,0,0
0.000192234479298203,0,0,0.00133278378087633,0,0,0,0,0,0.00379203126314117,0.000946842427539104,0,0,0,0.0109433814322037,0,0.0199591568323721,0,0.00246916368782827,0,0,0,0,0.00329345459438228,0,0.000311924131930019,0.00578069868653157,0,0,0,0.00152287986181855,0.00267405866491721,0.00665168412520619,0,0,0,0,0,0,0,0.00365871536466956,0,0.00910401852784278,0,0,0.000610106801139195,0.00534838661198933,0,0.00127167414205615,0,0.000655122506778807,0,0,6.72357046041493e-05,0,0.00698390409254261,0.0200849518583178,0.00151890969256519,0,0.000436805233737895,0,0,0,0,0,0,0,0,0,0.0121537127248877,0,0,0,0,0.0010181289380072,0.000583657373800091,0.00366917151789233,0,0.0151956204201454,0,0.0055283868050863,0,0.00197614920523429,0.00156137531290222,0.00224964900854022,0,0.0688511406994858,0,0.000694618230988834,0,0.000249903473712068,0.000593842540988895,0,0,0,0,0,0,0,0.00121008136556281,0.00107629726637155,0,0.0181836014673085,0.0227466667682313,0.0109068145171045,0.00156437404186538,0,0,0.000421425273741063,0.137927344327859,0.00222331509122725,0,0,0.00289932357951653,0.000161923183943371,0,0,0.00620093947479935,0,0.000628308928091548,0,0.000653135346412159,0.000348264810581271,0.000636787989722841,0,0,0,0.00679192375534611,0.00459990812105707,0,0.000115197141573751,0,0.00570340834313687,0.0131636609053981,0,0,0.00232231939914111,0.00769836736352964,0.00965390167388541,0.00177502511090167,0.00384901397514502,0,0.0254196486165855,0.00266630170965856,0,0,0.00680236313244828,0,0,0.00328108436816506,0,0,0,0,0,0.00199282283097799,0.00714850449245899,0,0.0123703643998403,0.00372200627789088,0.0152797027206818,0.00412731325916741,0,0.0293918643933174,0,0.00702045799340423,0,0.00371284545499455,0,0,0,0.00145575983694939,0,0,0.000154487503697663,0.0113200599232731,0,0,0,0.000410345902864031,0.00043370145076573,0,0.000806171567846938,0.0154860333875225,0.00561763358399276,0,0.00295526518491837,0.00524920445409911,0.00767267429219583,0,0,0,0,0,0,0,0,0.00896435163944185,0.00365886786567477,0,0,0,0.00278832052473094,0,0.0109125960055057,0.000524923626518168,0.00371052664763016,0,0,0,0,0,0,0.0172200504102779,0,0,0,0.000964119935733418,0,0,8.18413097143857e-06,0,0.00815560119599046,0,0,0,0.0536359754539373,0.0198946638571055,0,0.0011831107830746,0.00170158702351995,0,0,0.00342029398703975,0.00857386771266518,0,0,0,0,0,0.000555308850078306,0,0.0105970404424369,0,0,0.000655598440754062,0,0.0173912279805639,0,0.00463779859324582,0,0,0,0.0140148462787778,0.00975563500355073,0,0,0.0110614171858823,0,0.00914186104457106,0.0064555981131581,0.000108461925000171,0,0,0,0.00271163733771183,0.0178877689161303,0.0183181700441146,0,0,0.0300185423639652,0.00580887419046865,0.000489294636900636,0,0,0
0.000244418943553294,0,0,0,0.00585063623495756,0.000621403102346023,0.00128290038014829,0.00196437724647515,0,0.00111588487736584,0.00160217992582201,0,0.00293636897448973,0,0,0,0.0108847181356189,0,0,0,0.00738470749570179,0,0.00531229266572415,0,0,0.00177572356226701,0,0.0022288150711444,0,0,0.00561840501035004,0.00254379648482707,0,0,0,0.00266894663137022,0.00132551116454142,0,0,0,0,0,0.000768150698861293,0,0,0,0.00222270756613625,0.00228806987445529,0,0.00223955197154557,0.00544090319753563,0,0,0.00461501882855859,0,0,0,0,0.00145939405636274,0,0.00160730312624667,0,0.00151960478090831,0,0,0,0.000396138083009481,0,0,0,0,0.00354417793365876,0.00331927523974792,0,0.00584688703364745,0.00250910364303878,0.00307093963776229,0,0.0247613027402197,0.0263536119616297,0.0111213886790019,0.00181559991046067,0.0120535829155892,0.000665864845977214,0,0,0.0085239935298926,0.00510872323168363,0.000392374885350402,0,0.00597786123781385,0.026481203752596,0,0.00286477715771407,0.000321805568387091,0,0,0.0266829098676915,0,0.000559790415020347,0.00267055056981703,0.000155357749863,0.000577870522185377,0,0,0.00572684513252153,0,0.029972903313381,0.0167901214368195,0.00319955372160982,0.0284770243866049,0.000155420571190158,0.0222986945830256,0.0527674104720951,0,0,0.00329361276334881,0.00095657071289472,0.0151002832031534,0,0,0.00418732208912245,0.00613011273410152,0,0.00226911190074407,0.000205400722403798,0.0372821061421167,0.0184582122876555,0.00918550340442318,0.0345257992396369,0.00440355799706656,0.00414370874380276,0.00458263342542298,0.0105430016572045,0,0.00556518728880781,0.017818663624938,0.00731715480689009,2.16908404538399e-05,0.0124153635724973,0.0250657985754695,0.00479188128362352,0,0.000608797964541112,0.00335018787252293,0.00182511068539547,0.00914334401594676,0.0188878218749843,0.0152354603707783,0.0115988614741282,0.00374003101723359,0.0256121074639262,0.00528852779357277,0.00442302432745586,0.0310054428323512,0.00274869731635864,0.00399096150538181,0.0289261414321888,0,0.0061113732501341,0.00675438821657615,0.00340682199580995,0.0475687292730424,0.0427734937935303,0,0.000994868333692202,0.00354108820808935,0.00486401971341412,0.0447110104783788,0,0.00822275367602049,0.0235053261986128,0.000946202942775112,0.0466964725661049,0.034249782152925,0.0020576433865755,0,0.00210490357366782,0.00534046021415804,0.000971740154878053,0.00160645688796218,0,0.0035299771087828,0.00016336614163901,0,0.0231507188649756,0.00141429562127699,0.00970226319842958,0.00100985033513697,0.02096855671571,0,0,0,0,0.00047648170194538,0.0322755879635148,0.0099696877911845,0,0.0497675585372543,0,0.00110040053399837,0.00602286268426387,0.000761937966444633,0,0.0018662575401973,0.00389656832737036,0.00142641774592804,0,0.00682682950397277,0,0.00316155042539142,0.0060362638588384,0.000396482940971194,0.0417495483428513,0,0.0559506762403189,0.0457948720603868,0.0043383588431672,0.00263708601483572,0.000549437533491683,0.00197569609508377,0.0148562522056522,0,0.0145251511247253,0.0025083053679236,0,0.0345066226385856,0.000614268309400646,0,0,0,0,0,0,0,6.49933053987199e-06,0,0.0176678432029144,0,0.00858447874140877,0.00264727655927862,0.0121406101592491,0.0114997954489737,0,0,0,0,0.0164751303485906,0.0275007657966989,0,0.000938495199819099,0.0214867569854436,0.0262504980562874,0,0.00991900048309017,0.00426090232691965,0.0134587548579293,0,0.00653287759285348,0,0.00174887326821968,0.00723335940011233,0.00896933267668136,0,0.00192374257710243,0,0,0.0038589468004365,0,0.012111296304809,0,0.00483092223398149,0.00228493637087096,0,0.00219144078709938,0.0120279640292001
0,0,0.00113119489232711,0,0.0117581941366625,0,0.000581198717233942,0,0.00590833481203493,0,0,0,0,0,0.00319905495010946,0.000288253980655074,0.0197557863299672,0,0.00566593072994399,0.00133406282387267,0,0.0244585074959423,0.00544801008354795,0,0.0663236336452148,0,0.00169315786474327,8.35867539720506e-05,0.0102185545154049,0.00936433279010887,0.000102729146131903,0,0.00332738633894344,0.0134568695155854,3.33613823757313e-05,0,0,0,0.00733366989496484,0.000773029487683968,0.0112921539769021,0,0.00438918058627685,0.0252302235159189,0,0.00110171711706213,0.0158464856770812,0.00517134907974044,0,0,0.000747850417304134,0.00377976854642802,0.000538283608242033,0.00190793866610207,3.44400187242626e-05,0,2.35561102185659e-05,0,0.0012138160882433,0.00153204404117801,5.41259540500636e-05,0,0.00146598390233364,0,0.00139463162672826,0.00085623293423237,0.00217347414123351,0.00633340938165956,0,0.00258164686978836,0,0.00106905061362789,0.000100802775934112,0.00423794834165781,0.00512425714307637,0.000513194764881247,0.00782353109494871,0,0.00966839814520034,0.0084319793812739,0.00105348715338597,0,0.00151098354171792,0,0.00465725335209376,0.0748912634374535,0.00116990147323492,0,0,0.00133766976738808,0.00162056262943526,0,0,0,0,0.00849659890202631,0.00188863540103539,0,0.008901645106003,0.00356242448844571,0,0,0.0112858822196333,0,0.0131843264299714,0.00210412913614101,0.00117328024854402,0,0.00103129901924285,0.00171899431278027,0.00239503267092595,0.00634879479317068,0,0,0,0,0,0.000879813340250878,0,0.0226347596863167,0,0.00815007774302741,0,0,0.00221948833485751,0.00624919391102307,0.00119107718985754,0,0,0.000445866457455162,0.00662183127187612,0.000973676391595759,0.0095520479506032,0,0.0127881293532669,0.00282829109996617,0,0.00526772712355595,0.00665434457755753,0,0,0.00370168237772997,0.000312648094402508,0.000441058617241862,0.00952737891288279,0,0.00219618327584323,0.00903578305675844,0,0.000109019626441506,0.00963861471607996,0,0.00725914426633724,0,0.00158956933908695,0,0.0160340155740142,0,0,0,0,0.00887778589887451,0,0.00563386427904663,0.00898034535841572,0,0.00218198952455631,0,0,0.00203816666297109,0.0334366190654131,0.0249950623256282,0.0166989043191634,0.00288410605072644,0,0,0,0,0.00937937930245456,0.00468422934372167,0.0154965421907664,0,0,0,0,0.00372392359368606,0.00559816358953425,0,0,0,0.00173970181523663,0.000443234769387403,0.0062882048404166,0.000606639334727404,0.00637804107444158,0.000450480964991167,0.00500371751130624,0.00229194321877394,0,0.000448286310059921,0.00522978229657349,0.00325236673095367,0,0.00180860171522078,0.00381697512203251,0.00100372534308637,0.00711859810228954,0,0,0.00521969148810995,0,0.0168044776201925,0.00212211474843555,0.00116628104878209,0,0.0099929839575102,0.00208406022800626,0.0082936940716591,0,0.000823275745183991,0,0,0,0.00276792101799022,0.0138995435180144,0.0121605282113991,0,0.011645787806319,0.0028576779410045,0.00269173281322383,0,0.00232898338141043,0.000956312496811892,0.0084158217791834,0,0.00413077706644316,0.00934861943030253,0.00117643534641788,0.000326513673133055,0,0.00095417574641165,0.0106385052340205,0.00110368573771667,0.0101327242096193,0.00403367004463448,0.0119629744639069,0,0.0023791714744738,0.000152762181913929,0.00316419704806229,0.00600304585618365,0.0187727566787707,0,0,0.00386181064122111,0,0.0132032530543548,0.00553876117596552,0.00373100433661002,0.00529777532676929,0.00599606617810851,0.0119100500043073,0,0.00420597895861147,0.0112327696765278,0.0278586856563636,0,0,0.0129081564413892,0,0.00156733450336639,0.001146961414701,0.000729050179960677,0,0,0.00429192260538411
0.0158292812804066,0.00189777863597829,0,0.0304358348402367,0.00109168549397209,0.000275876623038854,0,0.000562133399108792,0,0.0320740924077578,0.000422330331364941,0,0.000321869650494878,0.0104756665477651,0,0,0.00173243054061816,0.00326315013489445,0.00204326192008858,0,0.0111905442212292,0.00517565715799431,0,0.03012246341147,0.0188122895805869,0,0.00569181202188383,0,0.000551227788878593,0,0.000888793828343011,0,0.00452689144552239,0.0034421487023383,0,4.82013052379758e-06,0.00025637057164396,0,0.00259780166909401,0.0337654718238659,0,0,0,0,0.00223986743487515,0.0125830703004609,0.00287289981201366,0,0.00116258002249927,0.000784865460872936,0.00019477918343395,0.0205591630926862,0.00269756445573995,0,0.00916858580417504,0,0.000123247267576325,0.000245238746270121,0,0.0123088712084141,0,0,0,0,0.000176331424349405,0,7.87887391024767e-05,0.00183148459121942,0,0,0.00147872654170307,0.00332959734116533,0.00290486793966758,0.0010737917103814,0.00175593001126128,0,0,0.0112179170997345,0.00291582735647094,0,0,0,0.00314942311177931,0,0.00149713685551746,0,0,0.0139030778046891,0.00324396697675008,0,0,0,0,0.00537406522502858,0,0.0050239976630367,0,0,0,0.0023781164239702,0.00350631539172212,0,0.00419859758906793,0,0.00515745501536841,0,0,0.000347340485945729,0,0,0.00223120778586648,0.00198900405558394,0.000125764368743009,0.000323729468042633,0,0,0.000439561510990277,0.00380767422619809,0,0,0.00668567395726774,0.00175459683884824,0,0.00147029775528376,0,0.00395645746025594,0.000211036625989748,0.00698040102990071,0.000384924839484688,0.0116311350405498,0,0.00389649262497252,0,0.00133548640867599,0,0.00182055858890062,0,0.000375708307056536,0.00454922438569889,0.00266664620424174,0.00103260802530087,0.00101189741373627,0.000370960701732941,0,0.000181068098600723,0.00203605554819732,0,0.00219012303706784,0,4.58848964520552e-05,0,0,0,0.000258942959137967,0.00166974072226014,0,0.00315021834117989,0.00124312998512542,0,0.00113934031789352,0.011327311235269,0.00696429047844109,0.00485203196286962,0,0.00493648640403722,0,0.0320850417686186,0.00345416081927097,0.00504350333446037,0.0194224343574917,0.00207432482189926,0.00401540626052757,0.00696672481574013,0.00418842596454543,0,0,0.00853456413756642,0.00345887811166374,0.0181017633653192,0.0257268404872445,0.0257340600962419,0.00922441157951648,0,0.00443214251269277,0.00478057069156134,0.00189469858661202,0.0198988770267644,0.00253967719600685,0.00377905213478946,0,0.0040310557826386,0.0209617918426133,0.00290459636803139,0.00215005275147562,0.00628762801307963,0.00482718836812757,0,0.0118030875770731,0,0.00395719816156879,0,0.00322890925804667,0.0066836612262703,0.00687229788884861,0.00106449891966808,0.000573370445823171,0.015207939504933,0.0030396859176168,6.67949348722557e-05,0.00042077992049551,0,0.00211864960342203,0.00734579888832421,0,0.00111559725364505,0.00617902409115345,0,0.0110129446557386,0.0445367128667722,0,0,0.00271500915480195,0.014067416991821,0.011073168271285,0.00623242027451747,0.00108441804571014,0.00358304492796426,0.000499210783125056,0.017664410776853,0.0136249329304109,0.00413491373493528,0.00687310863642259,0.103648978457291,0.00574143786371477,0.0257093497116553,0.00062377225655459,0.0219661148458805,0.000893112150355024,0.00168330298832015,0.00235355383954179,0.00408484419315499,0.00070369293620204,0.00157872881191979,0,0.000771692981278432,0,0.0203384314387846,0,0,0,0.00173566503238847,0.00353342205185047,0,0.000436141475125404,0.0217095319156287,0,0.00995906059217989,0,0.00463934845259506,0.00114794461013947,0,0.0015768387086798,0.000732033854559444,0,0,0.00438648878697721,0.00344682747911032,0,0.0123710199015957,0.00276627904482277,0.00727151644288877,0.00246957611781836,0.00124934798471585,0,0.0140883347547136,0.00317307980797654
0.00180209400084987,0,0,0,0,0.00240540160988819,0.000203694866622208,0,0,0,0,0,0,0.00225582602846493,0.000490339033669348,0.000935384025020606,0,0,0,0,0.000342019428680287,0,0.000830435927822771,0.00223743177279093,0,0.000331338852255347,0,0,0,0,0.000775709553153257,0,0,0,0.0017174759416706,0,0.0487914037084624,0,0.00100275922522676,0,0,0,0.00250153459751634,0,0,0,0,0,0,0,0,0,0,0,0,0.0014299298937094,0,0,0,0,0,0,0,0,0.00151845191716136,0.00261125942362461,0,0.000788932158156409,0,0.000350040181648921,0,0,0,0,0,0,0.0060885585161373,0,0,0.00504647185640121,0,0,0,0.00132026791484415,0,0,0,0.00167779464883846,0.000654018720426953,0,0,0,0.0763082766981884,0,0.000553135965287395,8.87185966875507e-05,0.0028054788086272,0,0,0,0,0.00185204770383837,0.000169835006017854,0,0,0,0,0,0,0,0.00100141031426941,0,0,0,0.000646548676982424,0.000833084058617064,0,0,0,0,0,0,0.00155302876414272,0,0.00209159484995315,0.000435676000934582,0,0,0,0,0,0,0,0.0015182758955434,0,0,0.00143078139606447,0.00056889677156691,0,0.0387219477710427,0,0,0,0,0.031892288155766,0,0.00093173977995521,0.0552303930367347,0.0317183479530526,0,0,0,0.00267233506408642,0,0.0696676474804416,0.00339848402403699,0,0,0,0,0.00242464229391585,0,0,0.00641073086404702,0,0,0,0,0,0,0.0142760648515829,0,0,0.00157250788210127,0.00268905050077178,0,0,0,0,0,0.000419157230528924,0,0,0,0,0,0.000381933446348455,0,0,0.00390825116496307,0,0,0,0,0,0,0.0026576942584346,0.00135585179747934,0.136297037255588,0,0,0,0,0,0,0,0.00495270267930491,0.00158977893400726,0.00130396746410249,0,0.000739748508611878,0,0,0.000104724330979528,0,0,8.9937755673288e-05,0,0,0.00109122172328119,0,0.000853609600291204,0.000382880290754376,0.00220396752058902,0,0,0,0,0,0.000762792744964004,0,0.000918570367071666,0,0,0,0,0,0.00186457954545179,0,0.000918205125445095,0,0,0.00312088013338594,0,0,0,0,0.000121600221520888,0.00118123062689767,0.00195825572372596,0.000174230636246055,0,0,0,0.00129200165060281,0.00163124016525399,0,0,0,0,0,0,0,0,0,0,0,0,0,0,0,0,0,0,0,0.000223097138681426
