cell2_type5_2,cell6_type5_3,cell12_type4_1,cell15_type5_2,cell16_type5_2,cell19_type5_3,cell20_type5_3,cell23_type5_3,cell27_type5_3,cell30_type5_2,cell31_type5_3,cell32_type4_1,cell33_type4_1,cell36_type4_1,cell38_type5_3,cell39_type5_2,cell42_type4_1,cell43_type4_1,cell45_type5_2,cell46_type5_2,cell57_type5_3,cell67_type5_3,cell68_type5_2,cell72_type4_1,cell74_type5_3,cell77_type5_2,cell84_type5_3,cell85_type5_3,cell93_type5_2,cell96_type5_2,cell100_type5_2,cell104_type5_3,cell106_type4_1,cell107_type5_2,cell108_type5_2,cell112_type5_2,cell120_type5_2,cell130_type5_2,cell140_type5_2,cell141_type5_2,cell146_type5_3,cell147_type5_2,cell148_type5_3,cell150_type5_3,cell151_type4_1,cell152_type5_2,cell154_type4_1,cell155_type4_1,cell158_type4_1,cell161_type4_1,cell162_type5_2,cell164_type5_2,cell166_type5_3,cell168_type5_3,cell169_type4_1,cell172_type4_1,cell184_type4_1,cell192_type4_1,cell193_type4_1,cell198_type4_1,cell205_type5_3,cell206_type5_3,cell208_type5_3,cell211_type5_3,cell216_type5_3,cell219_type5_3,cell222_type5_2,cell223_type4_1,cell224_type5_2,cell225_type5_2,cell227_type5_2,cell228_type5_2,cell230_type5_3,cell235_type4_1,cell237_type4_1,cell240_type5_2,cell245_type5_2,cell249_type4_1,cell250_type5_2,cell251_type5_3,cell255_type5_2,cell257_type5_2,cell258_type5_2,cell259_type4_1,cell265_type5_3,cell271_type5_2,cell272_type4_1,cell273_type5_2,cell276_type5_3,cell278_type5_3,cell282_type5_2,cell293_type5_3,cell296_type4_1,cell297_type4_1,cell298_type4_1,cell302_type5_3,cell303_type5_3,cell304_type5_2,cell306_type4_1,cell308_type5_3,cell311_type4_1,cell316_type5_3,cell318_type5_2,cell325_type4_1,cell329_type4_1,cell339_type5_2,cell343_type5_2,cell344_type4_1,cell347_type5_3,cell349_type5_3,cell350_type5_2,cell353_type5_2,cell355_type5_2,cell357_type4_1,cell358_type5_2,cell361_type4_1,cell370_type4_1,cell382_type5_2,cell386_type5_2,cell389_type4_1,cell392_type4_1,cell394_type5_2,cell396_type5_3,cell398_type4_1,cell400_type5_3,cell402_type4_1,cell405_type4_5,cell409_type4_5,cell410_type4_5,cell413_type4_5,cell414_type4_1,cell415_type4_5,cell417_type4_1,cell418_type4_5,cell419_type4_1,cell425_type4_5,cell427_type4_1,cell430_type4_5,cell436_type4_5,cell437_type4_5,cell438_type4_5,cell442_type4_1,cell445_type4_1,cell446_type4_5,cell447_type4_5,cell456_type4_5,cell457_type4_5,cell458_type4_5,cell459_type4_5,cell472_type4_5,cell473_type4_1,cell476_type4_5,cell490_type4_5,cell498_type4_5,cell500_type4_1,cell503_type4_5,cell508_type4_1,cell513_type4_1,cell515_type4_5,cell521_type4_5,cell522_type4_5,cell525_type4_5,cell527_type4_5,cell532_type4_1,cell534_type4_5,cell538_type4_1,cell539_type4_5,cell543_type4_5,cell544_type4_5,cell547_type4_1,cell548_type4_1,cell556_type4_5,cell557_type4_5,cell567_type4_5,cell572_type4_5,cell578_type4_5,cell581_type4_5,cell583_type4_1,cell584_type4_5,cell587_type4_5,cell589_type4_5,cell591_type4_5,cell593_type4_5,cell596_type4_5,cell597_type4_5,cell598_type4_5,cell599_type4_5,cell603_type4_1,cell610_type4_1,cell612_type4_1,cell615_type4_1,cell620_type4_1,cell624_type4_1,cell625_type4_5,cell626_type4_5,cell628_type4_5,cell637_type4_5,cell638_type4_5,cell639_type4_5,cell642_type4_1,cell647_type4_1,cell649_type4_5,cell653_type4_1,cell658_type4_5,cell661_type4_5,cell664_type4_5,cell672_type4_5,cell673_type4_1,cell674_type4_5,cell675_type4_5,cell676_type4_5,cell678_type4_1,cell679_type4_1,cell680_type4_5,cell685_type4_5,cell689_type4_5,cell692_type4_5,cell693_type4_1,cell695_type4_1,cell696_type4_5,cell708_type4_5,cell709_type4_1,cell710_type4_5,cell714_type4_5,cell716_type4_5,cell718_type4_5,cell722_type4_5,cell723_type4_1,cell724_type4_1,cell725_type4_1,cell726_type4_1,cell727_type4_1,cell728_type4_5,cell733_type4_5,cell740_type4_5,cell741_type4_5,cell743_type4_5,cell745_type4_5,cell747_type4_1,cell748_type4_5,cell750_type4_5,cell754_type4_5,cell755_type4_5,cell757_type4_5,cell760_type4_5,cell770_type4_5,cell771_type4_1,cell772_type4_1,cell778_type4_5,cell781_type4_1,cell786_type4_1,cell788_type4_5,cell789_type4_5,cell798_type4_5,cell799_type4_5
0,0,0,0,0,0,0,0,0,0,0,0,0,0,0,0,0,0,0,0,0,0,0,0,0,0,0,0,0,0,0,0,0,0,0,0,0,0,0,0,0,0,0,0,0,0,0,0,0,0,0,0,0,0,0,0,0,0,0,0,0,0,0,0,0,0,0,0,0,0,0,0,0,0,0,0,0,0,0,0,0,0,0,0,0,0,0,0,0,0,0,0,0,0,0,0,1,0,0,0,0,0,0,0,0,0,0,0,0,0,0,0,0,0,0,0,0,0,0,0,0,0,0,0,0,0,0,0,0,0,0,0,0,0,0,0,0,0,0,0,0,0,0,0,1,0,0,0,0,0,0,0,0,0,0,0,0,0,0,0,0,0,0,0,0,0,0,0,0,0,0,0,0,0,0,0,0,0,0,0,0,0,0,0,0,0,0,0,0,0,0,0,0,0,0,0,0,0,0,0,0,0,0,0,0,0,0,0,0,0,0,0,0,0,0,0,0,0,0,0,0,0,0,0,0,0,0,0,0,1,0,0,0,0,0,0,0,0,0,0,0,0,0,0,0,0,0,0,0,0,0,0,0,0,0
0,0,0,0,0,0,0,0,0,0,0,0,0,0,0,0,0,0,0,0,0,0,0,0,0,0,0,0,0,0,0,1,0,0,0,0,0,0,0,0,0,0,0,0,0,0,0,0,0,0,0,0,0,0,0,0,0,0,0,0,0,0,0,0,0,0,0,0,0,0,0,0,0,0,0,0,0,0,0,0,0,0,0,1,0,0,0,0,0,0,0,0,0,0,0,0,0,1,0,0,0,0,0,0,0,0,0,0,0,0,0,0,0,0,0,0,0,0,0,0,0,0,0,0,0,0,0,0,0,0,0,0,0,0,0,0,0,0,0,0,0,0,0,0,0,0,0,0,0,0,0,0,0,0,0,0,1,0,0,0,0,0,0,0,0,0,0,1,0,0,0,0,0,0,0,0,0,0,0,0,0,0,0,0,0,0,0,0,0,0,0,0,0,0,0,0,0,0,0,0,0,0,0,0,0,0,0,0,0,0,0,2,0,0,0,0,0,0,0,0,0,0,0,0,0,0,0,0,0,0,0,0,0,0,0,0,0,0,0,0,0,0,0,0,0,0,0,0,1,0,0,0,0,0,0
0,0,0,0,0,0,0,1,0,0,0,0,0,0,0,0,0,0,1,0,0,0,0,0,0,0,0,1,0,0,0,0,0,0,1,0,0,0,0,0,0,0,0,0,0,1,0,0,0,0,0,0,0,0,0,0,0,0,1,0,0,0,0,0,0,0,0,0,0,0,0,1,0,0,0,0,0,0,0,0,0,2,0,0,0,2,0,0,1,0,0,0,0,0,0,0,0,0,0,0,0,0,0,0,1,1,0,0,0,0,0,0,0,0,0,0,0,1,0,0,0,0,0,0,0,0,1,0,0,0,0,0,1,0,1,0,0,0,0,0,0,0,1,0,0,0,0,0,0,0,0,0,1,0,1,0,0,0,0,1,0,0,2,0,0,0,0,0,0,0,0,0,0,0,0,0,0,0,0,0,0,0,0,0,0,1,0,0,0,0,0,0,0,0,0,0,0,0,0,0,1,0,0,0,0,0,0,0,0,0,0,1,0,1,1,2,0,0,0,0,0,1,1,0,0,1,0,0,1,1,0,0,0,0,0,0,0,0,0,0,0,0,0,0,1,0,0,0,1,0,0,1,0,0,0
0,0,0,0,0,1,0,0,0,0,0,0,0,0,0,0,0,0,1,0,0,0,1,0,1,0,1,0,0,0,0,0,0,0,0,0,0,0,0,1,1,0,0,0,1,0,0,0,1,0,0,0,0,0,0,0,0,0,0,0,1,0,0,0,0,0,0,0,0,0,0,0,0,0,0,0,0,0,0,0,0,0,0,0,0,1,0,0,0,1,0,0,0,0,0,0,0,0,0,0,0,0,0,0,2,0,0,0,0,0,0,0,0,0,0,0,0,0,0,0,0,0,0,1,1,0,0,0,0,1,1,0,0,0,0,0,0,0,0,0,0,0,0,0,0,0,0,2,0,0,0,0,0,0,0,0,0,0,0,0,0,0,0,0,0,0,0,0,0,0,0,0,0,0,0,0,0,0,0,0,0,1,0,0,0,0,0,0,0,0,0,0,1,0,0,0,0,0,0,1,0,0,0,0,0,0,0,0,0,0,0,0,1,0,0,0,0,0,0,0,0,0,0,0,0,0,0,1,0,0,0,0,1,0,0,0,0,1,0,0,0,0,0,0,0,0,0,0,0,0,0,0,0,0,0
0,0,1,0,0,0,0,0,0,0,0,0,0,0,0,0,0,0,0,0,0,0,0,0,0,0,1,0,0,0,0,0,0,0,0,0,0,0,0,0,0,0,1,0,0,0,0,0,0,0,0,0,0,0,0,0,0,0,0,0,0,1,0,0,0,0,0,0,1,0,0,1,0,0,0,0,0,0,0,0,0,0,0,0,1,0,0,0,0,0,0,0,0,0,1,1,0,0,0,0,0,0,0,0,0,0,0,0,0,0,1,0,0,0,0,0,0,1,0,0,0,0,0,0,0,0,0,0,0,0,0,0,0,0,0,0,0,0,0,0,0,0,0,0,0,0,0,0,0,0,0,0,0,0,0,0,0,0,0,0,0,0,0,0,0,0,0,0,0,0,0,0,0,0,0,0,0,0,0,0,0,0,0,0,0,0,0,0,0,0,0,0,0,0,0,0,0,0,0,0,0,0,0,0,0,1,0,0,0,0,0,1,0,0,0,0,0,0,0,1,0,0,0,0,1,0,0,0,1,0,0,0,0,0,0,0,0,0,0,0,0,0,1,0,0,0,0,0,0,0,0,0,1,0,0
2,0,1,0,0,0,2,0,0,0,0,0,0,1,1,0,1,1,0,0,0,0,0,2,0,0,0,0,0,0,0,0,2,0,2,1,0,1,0,0,0,0,0,0,1,2,2,1,1,2,1,0,0,0,2,1,1,7,1,3,0,0,0,0,0,1,0,1,3,3,0,1,0,0,4,0,0,1,0,0,0,0,0,0,1,0,2,0,0,0,1,0,0,0,0,2,0,0,4,2,2,0,0,0,0,0,0,1,0,0,0,0,1,2,1,0,0,0,1,1,0,0,1,0,2,1,0,0,1,0,1,0,3,0,0,0,0,0,1,0,0,0,0,0,0,0,0,0,0,0,0,0,0,0,0,0,0,0,0,0,0,2,3,0,0,0,0,0,0,2,0,0,0,0,2,0,0,9,0,1,0,0,5,0,0,0,0,0,0,1,0,3,2,2,0,4,1,1,2,0,5,1,1,0,0,2,1,1,0,3,1,1,1,0,1,0,1,2,2,1,0,0,2,0,2,1,0,3,5,2,0,6,0,0,2,1,1,0,0,0,0,1,1,2,1,1,5,3,1,3,0,2,8,1,0
0,0,0,0,0,0,0,5,0,13,0,0,0,12,0,12,0,0,0,0,0,5,0,0,0,0,0,0,0,0,10,0,0,0,0,0,0,0,10,0,0,4,0,0,0,5,0,0,0,0,0,0,0,33,0,0,0,0,0,0,0,0,4,0,0,0,7,0,21,10,0,0,0,0,19,0,0,0,0,0,10,0,0,0,0,0,0,0,0,0,0,0,0,0,0,13,0,0,0,0,8,0,0,0,0,0,5,0,0,0,0,0,14,0,0,11,0,0,0,0,0,0,12,0,0,0,0,10,0,0,0,27,0,0,0,0,0,0,0,0,0,0,0,0,0,0,0,6,11,0,0,0,0,0,17,14,0,0,0,0,4,9,0,0,0,0,0,0,4,8,0,0,0,2,0,0,0,0,0,0,0,0,0,0,0,0,0,0,0,0,0,4,0,3,0,0,9,0,0,0,0,0,0,0,0,0,0,0,6,0,11,0,0,0,0,0,12,0,10,10,8,0,0,0,0,0,5,0,0,0,0,0,0,24,0,12,0,0,5,0,0,0,0,0,0,0,22,0,0,0,0,0,0,0,0
5,25,0,0,0,0,0,0,18,12,0,0,17,0,0,0,0,10,0,0,18,11,10,9,8,7,0,0,0,0,0,0,0,0,0,0,0,0,0,0,0,18,21,0,0,0,0,0,0,0,0,0,0,0,0,0,0,0,0,0,0,8,0,0,1,0,0,12,0,0,0,0,0,0,0,0,0,0,0,0,0,8,0,0,17,0,14,0,0,0,8,0,0,0,0,0,0,0,0,0,0,0,0,1,0,16,0,0,0,0,0,0,0,0,0,0,29,7,0,0,0,0,0,0,0,0,0,0,0,0,2,0,0,0,0,0,0,0,0,0,0,0,4,11,0,0,0,0,17,0,0,0,15,0,0,0,0,0,0,0,17,22,0,0,12,0,7,0,0,12,0,0,0,0,20,0,0,0,9,0,0,8,0,0,0,0,0,0,0,0,0,0,21,16,0,0,0,0,0,18,0,0,0,3,0,0,0,0,0,0,0,0,0,6,0,0,0,0,0,0,0,0,0,0,0,5,10,9,43,0,0,0,0,0,0,0,0,0,0,0,0,0,0,0,6,18,0,0,0,0,0,0,0,0,0
0,0,0,0,0,0,0,0,0,0,1,0,0,0,0,0,0,0,0,0,0,0,0,0,0,0,0,0,0,0,0,0,0,0,1,0,0,0,0,0,0,0,0,0,0,0,0,0,0,0,0,0,0,0,0,0,0,0,0,0,0,0,0,0,0,0,0,0,0,0,0,0,0,0,0,1,0,0,0,0,0,0,0,0,0,0,0,0,0,0,0,0,0,0,0,0,1,1,1,0,0,0,0,0,0,0,0,0,0,0,0,1,0,0,0,0,1,0,0,0,0,0,0,0,0,0,0,0,0,0,0,0,1,0,0,0,0,0,0,0,0,0,0,0,0,1,0,1,0,0,0,0,1,0,0,0,0,0,0,1,0,0,0,0,0,0,0,0,0,0,0,0,0,0,0,0,0,0,0,0,0,0,0,0,0,0,0,0,1,0,0,0,0,0,0,0,0,0,0,0,0,0,0,0,0,0,0,0,0,0,0,0,0,0,0,0,0,0,0,0,0,0,0,0,0,0,1,0,0,0,0,0,0,0,0,0,0,0,0,0,0,0,0,0,0,0,1,0,0,0,0,0,0,0,0
11,22,8,2,16,4,15,10,3,1,5,0,4,3,4,10,8,2,17,9,4,11,1,3,0,1,9,15,10,8,11,11,0,8,9,5,16,3,0,8,2,3,6,11,4,3,0,6,0,9,15,6,4,1,10,4,8,2,1,5,6,10,0,0,4,0,3,3,10,12,17,18,2,15,6,9,11,4,18,2,13,10,7,19,2,6,8,7,5,13,8,8,0,7,3,12,6,1,3,5,0,15,0,5,6,13,12,12,10,4,11,6,3,10,4,0,0,0,7,0,2,4,5,8,6,3,0,7,5,6,3,7,16,0,5,0,6,10,14,1,9,7,1,0,6,2,4,9,2,5,9,8,5,11,3,11,8,9,5,3,11,7,13,0,7,0,3,8,0,1,0,0,9,14,3,0,9,2,8,7,6,3,0,2,4,0,1,2,0,8,0,3,0,6,0,0,4,9,13,9,3,4,11,4,2,2,1,0,0,0,3,0,9,0,4,0,0,0,3,0,9,12,0,4,10,1,0,0,6,6,0,3,4,0,0,4,0,1,0,2,0,0,2,4,1,5,0,0,4,3,0,3,3,0,0
4,4,0,5,0,0,0,0,0,0,0,4,0,0,0,3,0,0,0,0,0,6,0,0,0,0,0,0,0,0,0,0,0,0,0,0,0,0,0,0,0,0,0,4,0,0,1,0,2,0,0,0,0,0,0,0,0,0,0,0,0,0,1,0,1,0,0,2,0,0,0,0,0,0,0,0,3,0,0,0,0,0,0,0,0,0,0,0,0,0,0,0,0,0,0,0,0,0,0,0,0,0,0,0,1,0,0,0,0,0,0,0,0,0,0,1,0,0,0,0,0,0,0,0,0,0,0,0,0,0,8,0,0,0,0,0,0,2,0,0,0,0,0,0,1,3,3,0,0,0,3,0,0,0,0,0,0,4,0,0,0,3,1,1,0,0,0,0,0,0,0,0,0,0,0,0,0,0,3,0,0,0,0,0,0,0,0,0,0,0,0,0,0,0,0,2,0,0,1,0,0,0,0,0,0,0,0,0,0,0,0,5,0,0,0,0,0,2,3,0,1,0,5,0,0,0,0,0,0,0,0,0,0,0,0,3,0,0,0,6,3,0,2,1,0,2,0,0,0,0,0,0,0,1,4
0,0,0,0,0,0,0,0,0,0,0,0,0,0,0,0,0,0,0,0,0,0,0,0,0,0,0,0,1,0,0,0,0,0,0,0,0,0,0,0,0,1,0,0,0,0,0,0,0,0,0,0,0,0,0,0,0,0,0,0,0,0,0,0,0,0,0,0,0,0,0,0,0,0,0,0,0,0,0,0,0,0,0,0,0,0,0,0,0,0,1,0,0,0,0,0,0,0,0,0,0,0,0,0,0,0,0,0,0,0,0,0,0,0,0,0,0,0,0,0,0,0,0,0,0,0,0,0,0,0,0,0,0,0,0,0,0,0,0,0,0,0,0,0,0,0,0,0,0,0,0,0,0,0,0,0,0,0,0,0,0,0,0,0,0,0,0,0,0,0,0,0,0,0,0,0,0,0,0,0,0,0,0,0,0,0,0,0,0,0,0,0,0,0,1,0,0,0,0,1,0,0,0,0,0,0,0,0,0,0,0,0,0,0,0,0,0,0,0,0,0,0,0,0,0,0,0,0,0,0,0,0,0,0,0,0,0,0,0,0,0,0,0,0,0,0,0,0,0,0,0,0,0,0,0
0,1,1,0,1,1,1,1,0,0,1,0,0,0,1,1,0,0,0,2,0,0,0,0,1,0,0,2,0,1,1,1,0,1,0,2,1,0,0,0,1,0,0,0,0,0,0,0,1,0,1,0,2,0,0,1,0,0,0,0,0,0,0,0,1,0,1,0,0,0,1,0,2,0,1,0,0,1,2,0,0,0,0,0,0,0,0,0,1,0,0,0,0,1,0,0,1,0,2,1,0,0,2,0,0,1,0,0,1,0,1,0,1,2,0,0,0,2,1,0,3,1,1,1,0,0,0,0,0,1,0,0,0,3,1,0,2,0,0,0,0,1,0,0,0,0,0,0,0,0,0,0,0,1,1,0,1,1,0,0,1,0,0,3,0,1,0,0,0,1,1,1,0,0,0,0,0,4,0,0,0,0,0,0,0,1,0,0,0,0,0,0,0,0,0,0,0,0,1,0,1,1,0,0,1,1,0,1,0,0,0,0,1,0,0,0,0,2,1,0,0,1,0,0,0,0,1,2,0,0,1,1,0,1,0,1,0,0,1,0,1,1,1,0,1,0,1,1,0,0,1,0,1,0,1
0,0,0,0,0,0,0,0,0,0,0,0,0,0,0,0,0,0,0,0,0,0,0,0,0,0,0,0,0,0,0,0,0,0,0,0,0,0,0,0,0,0,0,0,0,0,0,0,0,0,0,0,0,0,0,0,0,0,0,0,0,0,0,0,0,0,0,0,0,0,0,0,0,0,0,0,0,0,0,0,0,0,0,0,0,0,0,0,0,0,0,0,0,0,0,0,0,0,0,0,0,0,0,0,0,0,0,0,0,0,0,0,0,0,0,0,0,0,0,0,0,0,0,0,0,0,0,0,0,0,0,0,0,0,0,0,0,0,0,0,0,0,0,0,0,0,0,0,0,0,0,0,0,0,0,0,0,0,0,0,0,0,0,0,0,0,0,0,0,0,0,0,0,0,0,0,0,0,0,0,0,0,0,0,0,0,0,0,0,0,0,0,0,0,0,0,0,0,0,0,0,0,0,0,0,0,0,0,0,0,0,0,0,0,0,0,0,0,0,0,0,0,0,0,0,0,0,0,0,0,0,0,0,0,0,0,0,0,0,0,0,0,0,0,0,0,0,0,0,0,0,0,0,0,0
0,3,0,0,0,7,2,2,10,0,3,0,0,0,11,2,1,4,2,1,2,3,3,4,11,2,0,6,0,0,0,9,0,0,0,2,0,0,0,0,0,0,3,5,0,0,0,0,7,0,0,8,1,1,0,0,0,0,4,7,0,7,6,2,2,3,0,0,1,0,0,0,0,0,0,0,0,0,0,5,0,0,3,0,0,0,0,0,2,0,8,0,0,0,0,3,2,6,0,6,0,6,0,0,0,0,0,0,3,0,0,3,0,0,4,1,4,0,0,0,0,3,0,0,0,0,10,3,0,1,0,0,0,0,0,0,0,0,3,3,0,0,0,5,16,6,1,4,9,4,0,0,4,10,5,0,0,0,0,4,2,0,0,0,0,0,6,0,3,0,0,0,4,0,0,0,5,0,5,0,3,3,0,5,4,0,7,0,0,4,0,2,0,17,0,2,0,3,0,0,0,1,0,5,2,0,3,0,0,3,0,0,0,0,0,0,0,0,0,0,0,0,0,0,0,0,0,0,0,3,6,8,0,0,1,0,0,5,3,0,0,0,0,0,0,0,0,0,0,0,0,0,0,0,0
0,0,0,0,0,0,0,0,0,0,0,0,0,0,0,0,0,0,0,0,0,0,0,0,0,0,0,0,0,0,0,0,0,0,0,0,0,0,0,0,0,0,0,0,0,0,0,0,0,0,0,0,0,0,0,0,0,0,0,0,0,0,0,0,0,0,0,0,0,0,0,0,0,0,0,0,0,0,0,0,0,0,0,0,0,0,0,0,0,0,0,0,0,0,0,0,0,0,0,0,0,0,0,0,0,0,0,0,0,0,0,0,0,0,0,0,0,0,0,0,0,0,0,0,0,0,0,0,0,0,0,0,0,0,0,0,0,0,0,0,0,0,0,0,0,0,0,0,0,0,0,0,0,0,0,0,0,0,0,0,0,0,0,0,0,0,0,0,0,0,0,0,0,0,0,0,0,0,0,0,0,0,0,0,0,0,0,0,0,0,0,0,0,0,0,0,0,0,0,0,0,0,0,0,0,0,0,0,0,0,0,0,0,0,0,0,0,0,0,0,0,0,0,0,0,0,0,0,0,0,0,0,0,0,0,0,0,0,0,0,0,0,0,0,0,0,0,0,0,0,0,0,0,0,0
0,0,0,0,0,0,0,0,0,0,0,0,0,0,0,0,0,0,0,2,0,0,0,35,0,0,0,0,0,0,55,0,0,0,0,0,0,53,15,0,0,0,0,0,0,0,0,8,0,0,0,0,0,0,0,19,0,4,0,0,0,25,0,0,0,0,0,0,0,19,0,0,0,0,0,0,0,0,0,0,0,0,0,0,0,0,0,0,0,5,0,0,0,0,0,15,0,0,0,0,0,27,0,0,0,0,0,0,0,20,0,28,0,0,0,0,0,0,12,0,12,0,0,0,33,0,13,0,0,0,0,0,12,0,0,0,0,0,0,0,20,0,0,0,0,0,19,24,0,0,0,0,0,0,0,8,0,20,0,0,0,19,22,0,2,0,0,0,0,0,0,0,0,0,0,0,0,0,49,0,0,46,0,0,0,0,0,0,0,0,0,0,0,0,0,0,0,9,0,0,0,0,0,0,0,0,0,0,0,0,0,11,0,0,0,0,32,12,0,0,0,0,0,0,0,15,0,0,0,13,0,32,13,0,0,0,0,38,0,0,0,0,0,0,0,0,0,0,0,0,0,0,0,12,0
0,0,0,0,0,2,0,0,5,0,0,0,0,4,0,0,0,0,0,0,0,14,0,0,0,0,0,0,0,0,0,0,0,0,0,2,1,0,0,4,0,0,0,4,0,2,0,0,10,0,0,0,0,12,0,0,0,6,0,4,0,3,3,0,0,0,0,0,0,0,0,0,0,0,0,0,2,0,0,0,0,0,0,0,0,0,0,0,0,0,0,3,15,0,0,0,0,0,0,0,0,7,0,0,0,0,5,0,0,0,0,0,0,0,0,0,0,1,0,0,0,0,5,0,0,0,0,0,0,4,0,0,0,0,0,4,0,0,0,4,0,0,0,3,0,6,0,0,0,0,0,0,0,4,0,0,0,0,0,0,3,0,0,5,0,0,0,3,0,1,0,0,0,0,0,0,0,0,0,2,0,0,5,0,0,0,0,0,4,0,0,0,0,0,1,0,0,0,0,4,0,0,0,0,7,0,0,0,0,0,0,0,0,0,6,7,0,0,0,0,0,0,0,0,0,0,6,0,3,0,0,0,0,0,0,0,0,0,0,0,0,0,0,0,0,0,0,0,0,0,5,0,5,0,0
0,0,0,0,0,9,0,0,0,13,0,10,21,10,0,19,0,0,12,16,10,13,0,6,0,0,6,0,20,13,0,0,3,18,0,12,0,0,16,0,8,0,16,11,31,19,0,19,7,19,11,12,3,19,6,57,21,4,12,9,0,0,5,0,0,0,0,0,15,0,0,2,0,0,7,7,2,0,39,9,0,11,0,13,1,0,13,0,4,0,7,0,0,28,18,19,6,8,0,0,1,0,0,0,0,8,0,0,8,0,0,0,7,0,0,0,32,0,2,0,9,25,32,10,0,8,0,0,0,6,14,7,0,11,8,0,0,25,0,0,0,0,12,0,0,20,6,6,0,0,0,0,0,0,21,0,8,11,0,8,0,0,0,17,0,11,12,0,0,0,0,0,11,8,6,3,0,0,0,0,0,0,0,25,0,0,0,0,0,0,0,7,0,0,0,0,0,0,10,0,0,0,0,0,0,2,9,0,0,0,0,0,0,0,0,0,0,0,0,0,0,0,0,0,0,4,18,11,0,0,0,16,0,7,14,7,0,0,0,10,11,19,0,0,0,16,0,0,0,7,0,9,2,8,4
1,1,0,1,0,5,1,1,0,0,1,0,0,0,1,0,2,0,0,0,0,3,2,0,0,1,1,4,0,0,2,0,0,0,2,2,1,1,1,1,1,1,1,1,0,0,1,0,0,0,1,1,0,3,1,1,0,0,0,0,4,0,2,1,2,4,0,1,0,0,3,0,2,1,0,0,0,0,0,6,0,1,1,0,1,2,0,1,2,3,1,2,0,0,0,3,0,2,0,1,0,2,0,0,0,1,1,0,0,2,1,2,0,0,0,1,0,2,1,1,1,3,0,1,1,0,1,1,2,1,0,1,0,3,0,0,0,1,0,0,1,1,0,0,0,1,1,3,0,2,1,1,0,0,0,1,1,0,1,0,1,2,1,1,1,0,2,2,1,0,0,0,1,1,0,1,1,0,3,1,1,0,0,0,1,0,1,0,0,0,1,0,0,2,0,1,0,0,1,1,0,3,1,0,1,0,0,1,0,2,1,1,0,1,1,0,1,1,1,1,1,0,2,0,0,0,0,0,1,2,0,0,0,1,3,0,1,1,1,3,0,2,3,1,1,0,0,0,2,2,0,0,0,0,1
2,0,3,4,5,0,0,4,4,5,0,1,0,0,1,16,0,1,3,11,0,2,4,5,1,4,7,0,0,6,7,0,0,2,0,0,1,3,0,2,0,5,0,1,0,6,2,1,3,3,4,1,0,0,3,4,0,7,5,3,5,2,1,0,0,0,1,3,7,0,4,3,1,2,1,3,2,0,0,3,1,0,3,1,0,2,6,2,1,0,2,0,1,8,2,0,2,2,1,2,1,1,0,4,4,0,0,4,1,1,2,2,0,1,2,1,1,1,2,0,3,0,2,2,2,1,1,2,0,3,3,0,2,0,5,0,2,0,1,0,0,3,1,1,0,2,0,0,0,0,4,0,0,0,0,0,1,0,2,0,0,0,0,9,1,4,0,0,0,2,0,0,0,0,0,1,0,1,0,2,0,2,0,0,0,0,0,0,2,4,3,0,0,0,2,1,0,0,0,1,0,0,3,0,0,0,0,6,2,0,2,0,1,0,1,0,1,0,4,0,0,1,1,0,0,0,1,7,1,0,1,1,0,0,0,0,0,1,0,0,2,0,0,0,0,0,1,0,0,0,1,0,0,0,0
1,0,0,0,1,0,0,0,0,0,0,1,0,0,0,0,0,0,0,0,1,0,0,0,1,0,0,0,0,0,0,0,0,0,0,0,0,0,0,0,0,0,0,0,0,0,0,0,1,0,0,0,0,0,0,0,0,0,0,0,0,0,0,0,1,1,2,0,1,0,1,1,0,0,0,0,1,1,2,0,0,0,0,0,0,0,0,1,1,0,4,0,2,0,0,0,2,0,0,2,0,0,0,0,1,0,0,0,1,0,0,0,0,0,0,0,0,0,0,0,0,0,1,2,0,0,0,0,1,0,0,0,1,0,0,0,0,1,0,0,1,0,0,0,0,0,2,0,0,0,1,0,1,0,0,0,1,0,0,1,0,0,0,0,0,0,0,0,1,0,0,2,0,0,0,0,1,0,0,0,0,0,0,0,0,0,0,0,0,0,0,0,0,1,0,0,0,0,0,0,0,0,0,0,0,0,1,0,0,0,0,0,0,1,0,0,0,0,0,0,2,0,0,0,0,0,0,0,1,0,0,0,0,0,0,0,0,0,0,0,0,0,1,0,0,0,0,0,0,0,0,0,0,0,0
1,0,0,0,0,0,0,0,1,0,0,0,0,0,0,0,0,0,0,0,0,0,0,0,0,0,0,0,0,0,0,0,0,0,0,0,0,0,0,0,0,0,0,0,0,1,0,0,0,0,1,0,0,0,0,1,0,0,0,0,0,0,0,0,0,0,0,0,0,0,0,0,0,0,0,0,0,0,0,0,0,0,0,1,0,0,0,0,0,0,0,0,0,0,0,0,0,0,0,1,0,0,0,0,0,0,0,0,0,0,0,0,0,0,0,0,0,0,0,0,0,0,0,0,0,0,0,0,0,0,0,0,0,0,0,0,0,0,0,0,0,0,0,1,0,0,0,0,0,0,0,0,0,0,0,0,0,0,0,0,0,0,0,0,0,0,0,0,0,0,0,0,0,0,0,0,0,1,0,0,0,0,0,0,0,0,0,0,0,0,0,0,0,0,0,0,1,0,0,0,0,0,0,0,0,0,0,0,0,0,0,0,0,0,0,0,0,0,0,0,0,0,0,0,0,0,0,0,0,0,0,0,0,0,0,0,0,0,0,0,0,0,0,0,0,0,0,0,0,0,0,0,0,0,0
0,0,0,0,2,0,0,0,1,0,0,0,0,1,0,1,0,0,0,0,0,0,1,0,0,1,0,0,0,0,2,0,0,0,1,1,0,0,0,1,1,1,0,0,0,0,0,0,0,0,0,1,0,0,0,0,0,0,0,0,1,0,1,0,0,0,0,0,0,0,0,1,0,0,0,1,1,0,1,1,0,0,0,0,0,1,0,0,0,0,0,0,0,0,0,1,0,0,0,0,0,1,0,0,0,0,0,0,0,0,0,0,0,0,0,0,0,0,0,1,0,1,0,0,0,0,0,2,0,1,0,0,0,0,0,0,0,0,0,1,0,0,0,0,0,0,0,1,0,0,0,0,0,0,0,0,0,0,0,0,0,0,0,0,0,0,0,0,0,0,0,0,0,0,0,0,0,0,0,0,0,0,0,0,0,0,0,0,0,0,0,0,0,0,0,0,0,0,1,0,0,0,0,0,0,1,0,0,0,1,0,0,0,0,0,0,0,0,1,0,0,1,0,0,0,0,0,0,0,0,0,0,0,0,0,0,0,0,0,0,0,0,0,0,0,0,0,0,0,0,0,1,0,0,0
0,0,0,0,0,0,1,0,0,0,0,0,0,0,0,0,0,0,0,0,0,0,0,0,0,0,0,0,0,0,0,0,0,0,0,0,0,0,0,0,0,0,0,0,0,0,0,0,0,0,0,0,1,0,0,0,0,0,0,0,0,0,0,0,0,0,1,0,0,0,0,0,0,0,0,0,0,0,1,0,0,0,0,0,0,0,0,0,0,0,0,0,0,0,1,0,0,0,0,0,0,0,0,0,0,0,0,0,0,0,0,0,0,0,0,0,0,0,0,0,0,0,0,0,0,0,0,0,0,0,0,0,0,0,0,0,1,0,0,0,0,0,0,1,0,0,0,0,0,0,0,0,0,0,1,0,0,0,0,0,0,0,0,0,0,0,0,0,0,0,0,0,0,0,0,0,0,0,0,0,0,0,0,0,1,0,0,0,0,0,0,0,0,0,0,0,0,0,0,0,0,0,0,0,0,0,0,0,0,0,0,0,0,0,0,0,0,0,0,0,0,0,0,0,0,0,0,0,0,0,0,0,0,0,0,0,0,0,0,0,0,0,0,0,0,0,0,0,0,0,0,0,0,0,0
0,0,3,0,0,10,0,0,0,0,0,1,13,8,0,15,0,13,0,0,3,11,0,2,0,0,0,0,6,0,0,0,6,20,0,0,0,0,0,4,5,0,0,0,0,0,0,0,0,0,0,0,0,0,21,10,11,3,12,8,0,0,0,15,0,0,0,0,0,0,0,0,5,8,8,0,0,5,7,0,0,0,0,0,0,0,16,0,0,0,0,0,21,6,4,0,0,0,3,0,8,0,0,3,2,0,0,0,0,0,2,0,0,3,6,16,0,1,0,7,18,0,0,8,0,0,0,0,0,8,0,0,0,0,6,0,0,0,0,7,0,6,0,0,0,0,0,0,6,0,0,9,0,0,0,0,7,4,6,0,0,0,0,0,0,0,7,0,0,0,0,0,0,0,0,0,19,0,0,1,0,0,0,0,7,0,0,0,0,0,0,0,0,12,6,0,6,0,19,0,0,0,0,0,0,5,0,5,8,0,0,0,0,0,0,0,1,0,0,0,0,0,0,0,0,0,7,0,0,0,0,0,3,0,0,5,0,0,0,0,0,0,0,0,0,0,8,0,0,0,0,4,0,0,0
3,0,0,0,2,0,0,0,0,0,0,3,0,4,0,4,2,0,0,0,11,0,0,0,0,0,0,0,1,0,0,0,0,0,4,0,0,0,0,0,5,0,0,2,0,0,0,1,0,0,0,0,3,0,0,1,0,2,0,0,0,3,0,2,0,6,0,0,0,0,1,0,4,0,0,2,0,1,5,0,0,0,0,0,0,0,0,0,0,0,0,0,0,0,0,4,0,0,0,0,0,5,0,4,0,0,0,0,0,0,0,0,3,0,0,4,0,0,0,0,0,0,0,0,0,5,0,0,0,0,0,0,0,0,0,0,0,0,0,0,0,1,0,0,0,0,0,0,0,1,0,0,5,0,0,3,3,0,0,0,0,0,0,0,0,0,0,0,0,4,0,0,0,0,0,0,0,0,0,0,1,0,3,0,0,0,0,0,0,0,0,0,0,2,0,0,0,0,0,0,0,0,0,0,0,0,0,0,0,0,0,0,0,0,0,0,0,0,0,3,0,1,0,0,0,3,0,0,0,0,0,0,0,0,0,0,0,1,0,0,3,4,0,0,0,0,0,0,0,0,1,0,0,3,0
0,0,0,0,0,0,0,0,0,0,0,0,0,0,0,0,0,0,0,0,0,0,0,0,0,0,0,0,0,0,0,0,0,0,0,0,0,0,0,0,0,0,0,0,0,0,0,0,0,0,0,0,0,0,0,0,0,0,0,0,0,0,0,0,0,0,0,0,0,0,0,0,0,0,0,0,0,0,0,0,0,0,0,0,0,0,0,0,0,0,0,0,0,0,0,0,0,0,0,0,0,0,0,0,0,0,0,0,0,0,0,0,0,0,0,0,0,0,0,0,0,0,0,0,0,0,0,0,0,0,0,0,0,0,1,0,0,0,0,0,0,0,0,0,0,0,0,0,0,0,0,0,0,0,0,0,0,0,0,0,0,0,0,0,0,0,0,0,0,0,0,0,0,0,0,0,0,0,0,0,0,0,0,0,0,0,0,0,0,0,0,0,0,0,0,0,0,0,0,0,0,0,0,0,0,0,0,0,0,0,0,0,0,0,0,0,0,0,0,0,0,0,0,0,0,0,0,0,0,0,0,0,0,0,0,0,0,0,0,0,0,0,0,0,0,0,0,0,0,0,0,0,0,0,0
5,0,0,0,0,0,0,9,0,0,3,5,0,0,2,0,0,0,0,0,12,4,6,0,0,0,0,0,3,0,0,0,0,0,0,0,0,4,0,0,0,0,4,0,0,0,0,0,0,0,0,0,0,0,0,0,0,0,0,0,0,0,0,0,0,0,0,0,1,0,0,0,0,0,0,0,0,0,0,0,0,0,0,0,0,0,0,0,0,0,11,0,0,0,0,0,0,0,0,0,16,0,5,0,0,0,0,0,0,7,0,7,0,0,0,0,1,0,0,0,0,0,0,0,0,0,0,0,0,0,0,0,5,2,0,0,0,0,0,0,0,0,7,0,0,0,0,2,0,0,0,0,0,0,0,0,3,0,0,0,0,0,0,0,0,0,0,0,0,0,0,0,0,0,10,0,0,0,0,0,0,4,10,0,0,0,0,0,0,0,0,0,0,0,5,6,12,0,0,0,2,1,0,8,0,0,2,1,7,0,0,0,0,2,0,0,2,0,0,6,0,0,0,0,0,7,0,0,1,3,0,3,0,0,0,0,0,0,1,0,0,0,0,0,0,0,0,0,0,0,0,0,0,0,0
0,1,0,0,0,0,0,1,2,0,0,0,1,1,0,0,0,0,1,0,0,0,0,3,0,0,1,0,0,0,0,1,0,0,0,0,0,0,0,0,0,0,0,1,0,0,0,0,2,1,0,0,0,0,0,1,0,2,0,1,0,0,0,0,1,2,0,0,0,0,0,0,0,0,0,0,0,1,0,0,0,0,1,2,0,0,0,0,0,0,1,1,0,1,1,0,1,0,2,0,2,0,0,1,0,0,0,0,0,0,0,0,0,0,0,0,1,0,0,0,0,0,0,0,0,0,0,0,0,0,1,2,0,0,2,1,1,0,0,0,0,0,1,0,0,1,0,0,0,0,1,1,0,0,1,1,0,1,1,0,0,0,0,2,2,1,0,0,1,0,0,0,0,0,0,0,0,2,1,0,0,0,0,0,0,0,0,0,2,1,0,0,0,0,0,0,0,0,0,2,0,0,1,0,0,0,1,0,0,0,0,1,0,0,0,0,0,0,0,0,0,1,0,0,1,0,0,0,1,1,0,0,0,0,0,0,0,1,0,0,0,0,0,0,0,0,0,1,0,0,0,0,0,0,0
0,0,0,0,0,0,0,0,0,0,0,0,0,0,0,0,0,0,0,0,0,0,0,0,0,0,0,0,0,0,0,0,0,0,0,0,0,0,0,0,0,0,0,0,0,0,0,0,0,0,0,0,0,0,0,0,0,0,0,0,0,0,0,0,0,0,0,0,0,0,0,0,0,0,0,0,0,0,0,0,0,0,0,0,0,0,0,0,0,0,0,0,0,0,0,0,0,0,0,0,0,0,0,0,0,0,0,0,0,0,0,0,0,0,0,0,0,0,0,0,0,0,0,0,0,0,0,0,0,0,0,0,0,0,0,0,0,0,0,0,0,0,0,0,0,0,0,0,0,0,0,0,0,0,0,0,0,0,0,0,0,0,0,0,0,0,0,0,0,0,0,0,0,0,0,0,0,0,0,0,0,0,0,0,0,0,0,0,0,0,0,0,0,0,0,0,0,0,0,0,0,0,0,0,0,0,0,0,0,0,0,0,0,0,0,0,0,0,0,0,0,0,0,0,0,0,0,0,0,0,0,0,0,0,0,0,0,0,0,0,0,0,0,0,0,0,0,0,0,0,0,0,0,0,0
0,0,0,0,0,0,0,10,0,0,0,0,12,0,0,0,0,0,0,0,0,0,0,0,0,0,0,0,0,0,0,0,38,0,0,0,0,0,0,0,0,0,0,0,0,0,36,14,0,0,0,0,6,0,0,0,0,5,0,0,0,0,0,15,0,0,0,16,13,0,0,0,0,20,0,0,0,0,21,9,33,0,0,0,0,17,0,11,0,0,0,0,0,14,0,12,0,7,0,0,0,0,0,0,0,0,0,0,11,0,14,0,0,10,0,9,0,0,0,6,0,15,6,2,0,0,0,0,0,0,0,21,0,0,0,15,4,0,0,0,0,0,0,0,0,0,0,0,26,0,0,0,0,0,18,1,0,0,0,17,0,0,0,0,0,0,0,8,0,0,0,0,14,0,44,0,0,0,0,0,0,0,0,0,0,0,0,15,0,0,0,0,32,0,0,11,15,0,0,0,24,0,0,8,0,0,0,0,0,0,0,0,0,0,0,0,12,21,12,0,0,0,0,0,0,0,0,38,0,0,0,0,0,18,0,0,0,0,0,0,0,0,0,0,0,0,0,2,13,0,0,0,0,9,0
0,0,0,0,0,0,2,0,0,3,0,0,0,0,0,6,0,0,0,0,0,2,0,0,0,0,3,4,0,0,0,0,0,0,0,0,0,0,0,0,0,2,0,0,0,0,1,0,0,0,0,0,0,0,0,0,0,0,0,0,2,2,0,0,2,3,0,0,0,0,0,0,2,2,0,0,0,2,2,0,0,6,0,6,0,0,0,0,0,3,0,0,0,4,0,2,2,0,0,0,0,0,0,0,0,0,4,0,0,0,0,1,3,0,0,6,0,0,2,0,0,5,6,0,0,0,0,2,2,1,0,2,3,2,0,3,0,0,0,2,3,0,0,0,1,1,0,2,4,1,2,3,1,0,0,0,0,0,3,0,0,0,0,0,3,0,3,1,3,0,0,5,6,0,0,1,0,0,1,0,4,0,1,0,3,0,0,3,0,0,0,2,0,1,7,0,3,0,0,1,0,3,0,2,1,2,0,0,3,0,4,0,0,2,0,0,6,0,0,7,2,0,3,2,7,10,5,0,0,0,3,0,0,0,0,3,6,0,2,2,2,7,0,9,0,4,3,1,2,2,4,2,6,3,2
0,1,0,1,1,1,1,0,0,1,0,0,0,0,1,0,0,0,0,1,0,0,0,0,1,1,0,0,0,0,0,0,0,0,0,0,0,0,1,0,0,0,0,1,0,0,0,0,0,0,1,0,0,0,0,0,0,0,0,0,0,2,0,1,0,0,1,0,0,0,0,1,1,0,1,0,0,0,0,0,0,1,1,0,1,0,0,0,1,1,0,0,0,0,0,1,1,0,0,0,0,0,0,0,0,1,1,0,0,0,0,2,0,0,0,0,0,0,1,0,0,0,0,0,0,0,0,0,0,1,0,0,0,0,0,0,0,2,0,0,4,1,0,1,1,1,1,1,0,0,0,0,1,0,0,0,1,0,0,1,0,0,1,1,1,0,0,0,0,1,0,1,0,1,1,1,1,0,1,1,0,0,1,0,0,1,0,0,0,0,0,0,0,1,1,0,2,2,0,0,0,0,1,1,0,1,1,0,1,0,1,0,0,0,0,0,1,0,0,0,0,0,0,0,0,0,0,0,0,0,0,0,0,0,0,0,0,0,0,0,0,0,0,0,0,0,0,0,0,0,0,0,0,0,0
0,2,0,0,3,0,0,0,0,0,0,3,0,0,0,0,0,0,0,1,0,0,0,0,0,0,0,0,4,0,0,0,0,0,0,0,3,0,2,0,2,0,0,0,0,0,0,0,0,0,0,2,0,0,0,0,0,1,0,0,1,0,0,0,0,0,0,0,0,0,2,0,0,0,0,0,0,0,0,0,1,0,0,3,4,0,0,0,0,2,0,0,0,0,0,0,0,0,2,0,0,0,0,2,0,3,0,0,2,2,0,0,0,0,4,3,0,0,0,0,0,3,0,0,0,0,0,0,4,0,2,4,0,0,0,5,0,0,0,0,0,1,0,2,2,0,0,0,0,0,0,0,0,0,0,5,0,0,2,0,0,0,0,0,0,0,0,0,0,0,0,0,2,0,0,0,6,0,0,3,0,0,4,0,4,0,0,2,4,2,5,0,0,0,1,0,0,0,0,0,0,0,0,0,0,0,0,0,0,0,3,0,0,0,0,0,0,6,0,0,2,0,0,0,2,1,0,0,0,0,0,1,0,0,1,0,0,0,2,0,0,0,0,3,2,0,0,0,0,2,0,0,0,0,0
2,3,0,0,0,0,2,0,0,0,0,0,0,0,0,3,2,0,1,0,0,3,0,4,0,0,0,0,0,2,0,0,0,0,1,0,0,0,0,0,0,0,0,0,0,0,0,0,2,1,2,0,0,1,0,0,0,0,0,0,0,0,2,2,0,0,0,0,0,0,0,0,0,0,0,1,1,0,0,0,0,0,0,0,0,0,0,0,0,0,0,0,0,0,0,0,0,0,0,0,0,0,0,0,0,0,0,0,0,2,1,0,0,0,0,2,0,0,0,0,0,0,0,2,0,0,0,0,0,0,2,0,0,0,0,0,3,0,0,0,5,0,0,0,0,1,0,1,0,1,0,0,0,0,0,0,0,0,0,0,0,0,0,2,0,1,0,1,1,0,0,0,0,0,3,0,0,0,0,0,0,0,0,0,0,0,0,0,0,0,0,0,1,0,0,0,0,0,0,2,0,0,0,0,0,0,0,0,0,0,0,2,0,0,0,0,0,2,2,0,2,1,0,0,0,4,1,2,0,0,2,2,0,0,0,0,0,0,0,0,2,0,0,0,0,0,1,0,0,0,0,0,0,0,0
0,0,0,0,0,0,0,0,0,0,2,0,3,0,0,0,0,0,0,0,5,0,0,20,0,0,4,0,0,0,0,0,12,0,0,0,6,0,0,7,0,8,0,14,9,0,22,0,7,15,0,0,0,0,0,4,8,0,0,7,0,0,0,0,0,8,0,0,0,3,0,0,0,2,10,0,0,22,0,0,1,0,0,0,5,0,6,5,0,17,0,8,0,0,13,0,0,0,0,0,0,0,0,5,0,0,0,0,9,0,0,0,0,0,0,0,0,0,0,5,0,0,0,0,9,0,0,0,0,0,0,5,5,1,0,13,7,19,4,0,11,0,0,0,4,0,7,19,0,14,0,0,1,0,0,0,9,0,0,0,0,6,23,0,12,0,14,3,0,9,0,2,0,10,0,0,0,0,0,0,0,0,0,3,0,6,0,0,0,0,0,4,4,0,0,4,0,0,6,0,0,15,0,7,6,0,7,0,0,6,27,8,8,0,5,9,25,0,5,0,7,0,0,0,0,0,6,0,8,0,0,0,6,5,8,2,0,11,9,14,0,0,10,8,0,7,11,1,0,0,7,8,0,0,12
0,0,39,0,44,0,0,0,0,0,0,0,0,0,0,0,0,22,0,0,0,0,0,0,0,0,0,0,0,143,0,28,0,0,0,0,51,39,0,27,0,0,0,0,74,76,0,0,0,32,0,0,0,0,0,29,0,0,0,118,39,0,0,0,0,0,0,0,0,0,0,0,82,0,0,0,42,0,0,0,0,0,43,0,0,77,0,0,0,0,0,58,0,0,0,0,0,0,43,104,0,0,44,0,0,0,0,29,0,0,0,0,0,0,0,0,0,0,139,0,0,60,0,0,0,0,0,0,0,0,0,47,0,0,0,0,0,0,0,0,0,0,0,0,0,0,0,0,0,0,0,0,0,0,35,21,0,0,0,0,0,0,43,0,0,0,0,0,0,0,0,0,0,0,0,0,0,0,0,0,0,0,43,0,0,42,0,110,0,58,0,0,0,54,0,0,41,0,0,0,0,0,0,0,0,0,0,0,0,0,0,0,0,0,0,84,64,0,0,0,0,0,0,0,0,0,0,0,0,0,21,27,0,78,33,0,0,0,40,0,0,31,0,0,0,33,0,0,0,99,50,0,0,66,0
0,0,0,0,0,0,0,0,0,0,0,0,0,0,0,0,0,0,1,0,0,0,0,0,0,0,0,0,0,0,0,0,0,0,0,0,0,0,0,0,0,0,0,0,0,0,0,0,0,0,0,0,0,0,0,0,0,0,0,0,0,0,0,0,0,0,0,0,0,0,0,0,0,0,0,0,0,0,0,0,0,0,0,0,0,0,0,0,0,0,0,0,0,0,0,0,0,0,0,0,0,0,0,0,0,0,0,0,0,0,0,0,0,0,0,0,0,0,0,0,0,0,1,0,0,0,0,0,0,0,0,0,0,0,0,0,0,0,0,0,0,0,0,0,0,0,0,0,0,1,0,0,0,0,0,0,1,0,0,0,0,0,0,0,0,0,0,0,0,0,0,0,0,0,0,0,0,0,0,0,0,0,0,0,0,0,0,0,0,0,0,0,0,0,0,0,0,0,0,0,0,0,0,0,0,0,0,0,0,0,0,1,0,0,0,0,0,0,0,0,0,0,0,0,0,0,0,0,0,0,0,0,0,0,0,0,0,0,0,0,0,0,0,0,0,0,0,0,0,0,0,0,0,0,0
0,0,6,0,0,6,0,0,0,6,0,0,0,0,0,0,0,8,0,0,0,0,0,0,7,0,8,14,3,0,0,0,0,0,0,0,0,0,0,0,0,0,8,4,0,0,0,0,0,0,0,0,0,0,0,0,0,3,0,0,0,0,0,0,5,0,6,0,0,0,10,0,0,0,0,0,0,0,0,0,0,0,0,6,20,0,0,0,5,0,0,3,5,0,0,0,4,0,0,0,2,4,0,0,0,0,6,0,0,0,4,0,6,0,0,3,0,0,7,0,0,0,0,0,0,6,0,0,12,2,0,0,0,4,0,0,0,0,0,3,0,0,0,0,0,0,0,0,0,0,0,0,8,0,0,0,8,0,0,0,0,0,0,0,0,3,0,0,4,0,0,0,0,0,0,0,0,0,0,0,0,0,0,0,0,0,8,0,0,1,0,0,0,0,0,0,6,0,0,0,0,0,0,4,0,0,0,0,5,2,0,0,0,0,0,0,0,0,3,2,0,0,0,0,4,0,0,0,0,0,0,0,0,4,0,0,0,0,0,0,0,0,0,0,0,0,3,0,0,5,0,0,0,0,4
0,0,0,0,0,0,0,0,0,0,0,0,0,0,0,0,1,0,0,0,0,0,0,0,0,0,0,0,0,0,0,0,0,0,1,1,0,0,0,0,0,0,0,0,0,0,0,1,0,0,0,0,0,0,0,0,1,0,0,1,0,0,0,1,1,0,0,0,0,0,0,0,0,0,0,0,1,0,0,0,0,0,0,0,0,2,0,1,0,0,0,0,0,0,0,0,0,0,0,0,0,1,0,0,0,0,0,0,0,1,0,0,0,1,0,0,3,0,1,0,0,0,2,0,0,0,0,0,1,1,0,0,1,0,0,0,0,0,1,0,0,0,0,0,0,0,0,0,0,0,0,0,1,0,0,0,0,0,0,0,0,1,0,0,0,0,0,0,0,1,0,0,0,0,0,0,0,0,0,0,0,0,0,1,0,0,0,2,0,0,0,0,0,0,1,0,0,0,2,0,0,1,0,0,0,0,0,0,0,0,0,0,0,1,0,1,0,0,1,0,0,0,0,0,0,1,0,0,0,0,0,0,0,0,0,0,0,0,0,0,0,0,0,0,1,0,1,0,0,0,0,0,0,0,0
0,0,0,0,0,0,4,0,2,0,4,0,0,0,0,0,0,0,0,0,1,0,3,8,0,0,2,5,0,0,2,0,0,5,0,0,1,0,0,0,0,1,0,2,0,0,0,6,2,0,0,0,0,0,0,0,0,0,0,0,0,0,0,0,0,4,0,6,0,0,0,3,2,4,0,0,0,0,0,0,0,0,0,5,2,0,0,0,0,5,3,0,0,0,0,0,0,0,0,0,3,0,0,0,0,0,0,0,0,0,0,0,0,3,0,0,14,0,0,0,0,0,0,0,0,0,2,1,0,0,0,0,4,0,0,0,4,0,0,0,0,0,2,0,6,0,4,3,0,0,0,2,0,0,0,0,0,0,0,0,0,0,0,0,0,0,0,0,0,1,0,3,0,0,0,0,0,0,0,0,0,0,0,0,0,0,0,0,0,0,0,0,0,0,0,0,0,3,0,0,5,0,0,0,0,0,0,0,6,0,0,0,0,0,2,3,0,0,3,0,2,0,0,0,2,0,0,0,2,0,0,15,0,3,0,0,9,0,0,0,1,8,9,3,0,0,17,0,0,0,0,2,0,3,0
0,0,0,0,0,0,0,0,0,1,0,0,0,0,0,0,0,0,0,0,0,0,0,0,1,1,0,0,0,0,1,0,1,0,0,0,0,0,0,0,0,0,0,0,0,0,0,1,0,0,0,0,0,1,0,0,0,0,1,0,0,1,0,0,0,0,1,0,0,0,0,0,2,0,0,0,0,1,0,0,0,0,1,0,1,0,0,0,0,0,0,0,0,0,0,0,0,0,0,0,0,0,0,0,0,0,0,0,1,0,1,0,0,1,0,0,0,0,0,0,0,0,0,0,0,0,0,0,0,0,0,0,0,0,0,0,1,0,0,0,0,0,0,0,0,0,0,0,0,0,0,1,0,0,0,0,0,0,0,0,1,0,0,0,0,0,0,0,0,0,0,0,0,0,0,1,0,0,0,0,0,0,0,0,0,0,0,0,0,0,0,0,0,0,0,0,0,0,0,0,0,0,0,0,0,0,0,0,0,0,0,1,0,1,0,0,0,0,0,0,0,0,0,0,0,0,0,0,0,0,0,0,0,0,0,0,0,0,0,0,0,1,0,0,1,0,0,1,0,0,0,0,0,0,0
0,2,5,0,0,0,0,0,0,0,0,0,10,2,0,0,0,0,0,0,4,0,3,0,0,0,1,1,3,0,0,0,0,0,0,0,0,3,0,0,0,0,0,0,0,1,0,0,0,0,0,0,0,0,0,0,0,0,0,0,0,3,0,0,0,0,4,0,0,0,0,2,3,0,0,0,0,0,0,0,0,0,0,0,0,0,0,1,0,0,0,0,0,0,0,2,0,0,0,1,0,0,0,0,0,0,0,0,0,0,0,0,0,0,0,0,0,0,0,0,0,0,0,0,0,4,4,0,0,1,0,0,0,0,0,0,0,0,0,0,0,0,2,0,3,0,0,0,0,0,0,0,0,0,0,0,2,3,0,0,0,0,0,0,0,0,2,0,0,0,0,0,0,0,0,0,0,2,3,0,0,0,2,0,1,0,2,0,0,0,0,2,0,0,0,0,3,2,0,0,0,0,0,0,0,0,0,0,0,0,2,0,0,1,0,0,0,0,0,0,0,0,0,2,0,0,0,0,0,0,2,0,0,0,0,0,0,0,0,0,0,3,0,0,3,0,0,0,0,0,0,0,0,0,2
2,0,0,0,2,0,0,0,0,0,0,0,0,1,0,0,0,0,0,0,0,2,0,0,0,0,0,0,0,1,0,0,1,0,0,0,0,0,0,1,0,0,0,0,0,0,0,0,0,0,0,0,0,0,0,0,0,1,2,0,0,0,0,0,0,0,0,0,0,0,2,0,0,0,0,0,0,0,0,0,0,0,0,2,0,0,0,1,0,0,0,0,0,0,1,0,0,0,0,0,0,0,0,0,0,0,0,0,0,0,3,1,0,0,1,1,0,0,0,0,0,0,0,0,0,0,0,0,0,0,0,0,0,0,0,0,0,0,0,0,0,0,0,1,1,4,0,0,0,0,0,0,0,0,0,0,2,0,0,1,0,0,0,0,0,0,1,4,0,0,0,1,0,0,0,0,0,0,1,0,0,0,0,0,0,0,0,0,0,0,0,0,0,0,0,0,0,1,0,0,1,0,2,1,0,0,0,0,0,0,0,0,0,0,0,2,2,0,0,0,0,0,0,0,1,4,1,0,0,0,0,0,0,0,1,0,0,0,0,0,0,1,0,0,0,0,0,0,0,0,0,0,0,1,0
1,0,0,0,0,0,0,0,0,0,0,1,0,1,0,0,2,0,0,0,0,0,0,1,0,0,0,0,0,0,0,0,1,0,0,0,0,0,0,0,0,0,0,0,2,1,2,1,1,1,0,0,0,0,0,2,2,1,1,2,0,0,0,1,0,0,0,1,0,0,0,0,0,1,1,1,0,1,0,0,1,0,0,0,0,0,1,0,0,0,0,0,1,2,1,0,0,0,1,0,0,0,0,1,1,0,0,0,0,0,0,0,0,0,0,3,1,0,0,0,0,0,0,1,0,0,0,0,0,0,0,0,0,0,0,0,1,0,0,0,0,0,0,0,0,0,0,0,0,0,0,0,0,0,1,0,1,1,0,0,0,0,0,0,1,1,1,0,0,1,1,0,0,1,0,0,0,0,1,1,0,1,1,0,1,1,1,1,1,0,0,0,1,0,1,0,0,1,0,0,0,0,0,0,0,0,1,1,0,0,1,1,1,1,0,0,0,0,1,1,0,1,0,0,1,0,1,1,1,0,1,1,0,1,0,0,0,0,1,0,0,1,0,0,0,0,0,0,1,0,0,1,1,0,1
0,0,0,6,0,0,0,4,0,0,1,0,0,0,0,0,0,0,0,0,0,1,0,0,6,0,0,0,0,0,10,0,0,0,5,0,0,0,0,0,0,0,0,11,0,0,0,0,2,0,0,0,0,3,0,0,0,0,0,0,0,10,0,0,0,0,7,5,0,4,0,0,0,0,0,0,0,0,0,0,0,0,0,0,0,4,0,0,0,0,0,0,0,0,0,0,0,0,0,0,0,0,3,0,0,0,0,0,0,0,0,0,3,0,0,0,0,0,3,0,3,0,4,0,0,0,5,0,0,0,0,0,0,0,0,0,0,3,0,0,0,4,0,0,0,0,0,0,0,5,0,0,0,0,4,0,0,0,0,0,0,0,0,0,0,0,0,1,0,0,0,0,0,0,0,0,0,0,0,0,0,0,5,0,0,0,0,0,5,0,0,2,0,6,0,0,0,0,0,0,0,4,0,0,0,0,0,2,0,0,0,0,5,0,4,3,0,0,0,1,11,0,0,0,0,0,0,0,0,0,0,0,0,0,0,0,0,0,0,0,0,4,0,0,6,4,0,0,0,0,0,0,0,0,0
0,0,0,0,0,0,0,2,0,1,0,0,0,0,0,0,0,0,2,0,0,0,0,0,0,0,0,0,0,1,0,0,0,2,0,0,1,1,3,2,0,1,3,0,0,0,2,0,0,0,0,0,5,0,0,1,2,0,0,0,0,0,0,3,0,0,2,0,0,0,0,0,0,0,0,0,0,0,0,0,0,0,0,3,0,0,0,0,0,2,7,0,0,0,0,0,0,0,0,0,0,0,0,0,0,3,0,0,0,0,0,0,0,2,1,0,0,0,0,0,0,0,0,0,0,0,3,0,0,0,0,0,0,0,0,2,0,0,0,0,0,0,0,0,0,0,0,0,0,0,0,3,0,0,0,0,3,0,0,0,0,0,0,0,0,0,0,0,0,0,0,0,0,0,0,0,0,0,0,2,0,0,0,0,0,0,0,0,0,0,0,0,0,0,0,0,0,0,0,0,0,0,0,0,2,0,0,0,0,2,0,0,0,0,0,0,0,0,1,0,5,0,0,0,0,0,0,0,0,0,0,2,0,1,0,0,0,0,0,0,0,0,0,3,0,4,0,0,0,0,2,0,0,0,0
0,0,28,0,0,0,0,0,0,0,0,0,8,0,0,0,0,0,23,13,0,18,0,0,14,0,0,0,22,0,23,10,0,0,0,7,17,0,3,0,0,0,0,0,0,0,0,0,0,0,0,0,0,0,0,0,12,0,0,0,0,0,42,0,0,10,23,0,15,0,16,0,0,0,0,0,8,0,0,0,0,12,0,102,0,0,34,0,0,0,0,0,0,0,0,35,0,0,0,0,0,32,0,0,0,0,0,0,0,0,29,9,0,0,0,0,0,0,0,6,14,7,26,0,0,0,35,0,0,0,17,1,0,17,0,23,0,0,0,0,0,0,23,12,0,44,0,0,0,0,0,0,0,0,0,0,0,0,0,0,0,12,0,0,0,6,0,0,0,0,0,0,0,11,0,0,0,0,0,0,0,0,13,22,21,0,27,0,0,38,0,3,0,0,0,0,0,0,0,0,6,0,0,0,0,7,19,0,0,0,9,0,0,0,3,0,0,11,0,0,0,11,0,0,0,0,0,0,0,0,0,0,7,0,0,0,0,0,0,0,0,0,4,0,0,0,0,0,0,0,0,0,0,0,0
0,0,6,0,0,0,2,0,0,0,0,24,8,1,0,0,27,12,0,0,0,0,7,9,0,0,0,0,0,0,0,1,9,0,4,0,0,0,0,0,0,0,0,0,2,0,26,0,10,3,0,0,1,0,18,9,5,7,2,17,0,0,0,0,0,0,0,1,0,5,0,0,7,7,0,2,5,15,0,0,0,0,0,4,0,0,2,7,3,0,0,0,5,0,20,0,3,7,4,0,8,0,0,2,8,6,0,6,0,0,0,0,0,6,0,36,7,6,0,17,12,0,4,7,0,0,0,0,0,3,4,6,23,0,2,0,5,0,0,0,0,17,18,0,0,0,0,0,0,0,11,0,0,0,8,8,3,0,0,0,0,0,0,3,5,0,1,0,0,5,5,0,0,0,0,0,0,5,0,0,8,2,0,0,0,7,0,0,4,0,23,0,6,0,0,0,0,0,0,4,0,0,11,0,7,0,0,16,0,4,0,1,16,5,0,0,0,5,0,0,0,0,6,0,0,0,1,10,4,0,2,0,0,0,0,0,7,3,5,3,6,0,0,2,4,0,19,0,14,6,5,0,4,5,4
0,8,0,0,0,0,0,0,10,0,0,0,0,4,0,0,0,0,0,0,0,5,7,0,0,0,0,0,0,0,0,0,0,0,0,0,0,0,0,0,14,0,0,5,0,0,0,0,0,0,0,0,6,0,0,0,0,0,0,5,0,0,0,0,0,0,11,9,0,7,0,0,0,0,0,0,0,5,0,0,0,0,0,0,0,0,0,2,0,0,3,0,0,0,0,0,0,6,0,5,0,0,0,0,0,0,0,3,0,0,0,3,0,0,0,2,0,0,0,0,0,0,0,5,0,0,3,0,6,2,0,0,0,0,0,0,0,7,0,0,0,4,0,0,7,0,0,0,0,0,0,0,0,0,0,0,0,0,0,0,0,0,0,6,0,0,0,0,0,0,0,0,0,0,0,0,0,5,3,0,0,0,0,0,0,0,0,0,0,0,2,0,0,0,0,0,0,0,3,0,0,0,0,0,0,4,0,0,0,0,0,0,0,2,8,0,0,0,0,0,0,0,0,0,0,0,0,0,0,0,0,0,0,0,0,0,0,3,2,0,0,0,2,0,0,0,0,0,0,15,0,0,0,0,0
0,0,0,0,0,0,0,0,0,0,0,0,0,0,1,0,1,0,0,0,0,0,0,0,0,0,0,0,0,0,0,0,0,0,0,0,1,0,0,0,0,0,0,0,1,0,0,0,0,0,1,0,0,0,0,0,0,1,0,1,2,0,0,0,0,0,0,0,0,0,0,0,1,1,0,0,0,0,1,0,0,0,0,1,0,0,1,0,0,3,1,0,0,0,1,0,0,0,0,0,0,0,0,1,0,0,0,0,1,0,0,0,0,0,1,1,0,1,0,0,0,0,0,0,0,0,0,1,0,0,0,1,0,0,0,0,1,0,0,0,1,0,0,0,0,0,0,0,1,0,0,0,0,1,0,0,0,0,0,0,0,0,0,1,0,0,0,0,1,2,0,0,0,1,0,0,0,0,0,1,0,0,0,0,0,0,0,0,2,0,0,0,0,0,0,0,0,1,0,1,0,0,0,0,0,0,0,0,0,0,0,1,0,0,0,0,1,0,0,0,1,0,1,0,0,0,0,0,0,1,1,0,0,1,0,1,0,0,1,0,0,0,0,0,0,0,0,0,0,0,0,0,0,0,0
0,0,0,4,0,0,0,0,0,0,0,0,0,0,0,0,0,0,0,0,0,0,3,2,0,0,0,3,0,0,0,0,0,0,1,0,0,0,0,0,0,0,0,0,0,0,1,0,1,0,0,0,0,2,1,0,0,0,0,0,0,0,1,0,0,0,1,0,0,0,2,0,0,0,0,1,0,0,0,1,0,0,0,1,0,0,0,0,0,0,1,0,0,0,1,0,1,0,1,1,1,0,0,0,0,0,0,0,0,0,0,0,0,0,0,0,0,0,0,1,0,0,0,2,0,0,0,0,0,0,0,0,0,3,0,0,0,0,0,0,0,0,1,0,0,1,0,0,0,0,0,0,0,2,0,0,0,1,0,0,0,0,0,0,3,1,0,0,1,0,0,1,0,0,0,0,0,0,0,1,0,1,1,0,1,1,1,0,0,1,1,0,0,1,0,0,0,0,1,0,0,0,0,0,0,0,0,0,0,0,0,0,0,0,0,0,0,0,0,1,0,0,0,0,0,0,0,0,0,0,0,0,0,0,0,0,0,0,0,0,0,0,0,0,0,0,0,0,1,0,0,0,0,1,0
1,0,0,0,0,0,0,0,0,0,0,0,0,0,0,1,0,0,0,0,1,0,0,0,1,0,0,0,0,0,0,0,1,0,0,0,1,0,0,0,0,0,0,0,0,1,0,0,0,0,0,0,0,0,0,1,0,0,0,0,0,0,0,0,0,0,0,0,0,0,0,0,0,0,0,0,0,0,0,1,0,0,0,0,0,0,0,0,0,0,0,1,1,1,0,0,0,0,0,0,0,0,0,1,0,0,0,0,0,0,1,0,0,0,0,0,0,0,0,0,0,0,0,0,0,0,0,0,0,0,1,0,0,0,0,0,0,0,1,0,0,0,0,0,0,0,0,0,0,0,0,0,0,0,0,0,0,0,0,0,0,0,0,0,1,0,0,0,0,0,1,0,0,0,0,0,0,1,0,0,0,1,0,1,0,0,0,0,0,0,0,0,1,0,0,0,0,0,0,1,0,0,0,0,0,0,0,0,0,0,0,0,0,0,0,0,1,0,0,0,3,0,0,0,0,0,0,0,0,1,0,0,0,1,0,0,0,0,0,1,0,0,0,0,1,0,0,0,0,0,0,0,0,0,0
0,0,5,6,0,3,7,0,0,0,0,4,3,17,0,0,35,2,0,0,9,0,5,3,0,0,0,0,0,0,0,0,42,0,0,0,0,0,0,0,0,0,0,0,0,0,0,11,6,6,0,0,11,4,1,0,0,0,6,0,0,0,0,0,0,9,0,0,0,5,5,11,0,0,0,9,6,0,23,0,0,0,0,7,4,4,4,0,19,0,0,0,0,0,8,0,7,0,9,0,0,0,0,27,4,4,0,2,4,0,0,0,0,21,8,7,4,0,0,8,22,0,0,16,0,5,6,9,0,3,4,0,0,0,0,0,0,0,0,0,13,0,6,0,0,0,0,0,0,0,5,0,0,0,13,0,10,0,0,0,0,0,0,8,0,0,0,0,0,16,0,0,0,0,0,0,0,3,0,0,0,0,0,0,0,7,0,5,0,7,0,10,0,0,5,0,0,6,0,6,0,0,0,0,0,0,0,20,5,5,10,2,7,0,0,0,9,4,19,0,0,4,15,0,0,0,10,5,0,0,0,0,14,0,0,0,0,0,4,0,4,26,5,16,5,0,9,0,6,7,0,0,0,0,3
0,0,0,0,0,0,0,0,0,0,5,0,0,0,0,0,0,5,0,0,0,1,10,0,0,0,0,0,0,0,0,0,0,2,0,0,4,20,0,0,0,0,0,0,0,0,0,0,0,0,0,0,0,0,0,0,4,6,3,0,7,4,0,0,0,0,0,5,0,0,0,0,0,0,6,0,0,0,0,0,0,0,0,0,5,5,0,0,0,0,11,0,0,0,0,0,0,0,0,0,0,7,0,0,0,0,0,0,0,6,6,0,0,6,0,0,0,0,0,11,0,5,0,5,0,0,0,0,0,4,1,0,5,0,0,0,0,3,0,0,0,0,0,0,0,13,0,0,7,0,0,0,0,8,0,0,0,5,0,0,0,7,0,4,0,0,0,0,0,11,0,0,0,0,0,7,7,0,7,0,0,0,0,0,10,0,0,19,0,0,0,0,0,0,0,0,0,0,0,0,0,0,0,4,0,0,0,0,0,0,0,0,0,0,6,4,0,0,0,0,0,4,0,0,0,0,10,2,0,0,0,0,0,0,0,0,0,0,0,6,0,0,0,0,0,0,0,0,0,11,0,0,0,0,0
0,0,1,2,1,2,0,0,1,0,0,2,0,0,0,0,0,1,0,1,0,0,2,0,2,0,0,0,0,0,1,2,0,2,1,0,1,1,1,2,0,0,0,0,2,1,0,0,1,2,2,0,0,0,1,2,2,0,0,1,1,0,0,0,0,0,0,0,0,0,1,0,0,0,0,0,2,1,0,0,0,0,0,0,0,0,0,0,0,0,0,0,0,0,2,0,1,0,1,2,0,0,0,0,0,0,0,0,0,0,0,0,0,2,0,0,0,0,1,1,0,0,1,0,0,0,0,0,1,0,0,0,0,0,0,0,2,0,0,0,0,0,0,1,0,0,0,0,0,0,0,1,0,0,0,0,0,0,0,1,0,1,0,0,0,0,0,0,0,0,0,0,0,0,0,0,0,1,0,0,0,0,1,0,0,1,1,0,0,0,0,0,0,0,0,0,0,0,3,0,0,0,1,0,1,0,0,0,0,1,0,0,0,0,2,1,0,1,0,0,0,0,0,0,0,0,1,0,0,0,0,1,1,0,1,0,0,0,0,0,0,0,0,0,0,0,0,0,0,0,0,1,0,0,0
0,0,0,0,0,1,0,0,0,3,0,0,0,0,0,1,0,0,0,0,0,0,0,0,0,0,0,0,0,0,0,0,0,0,2,0,0,5,0,0,0,1,0,0,0,0,0,0,0,1,0,0,0,0,0,0,0,1,0,0,0,0,0,1,0,0,0,2,0,0,0,1,0,0,0,0,0,0,0,1,0,1,0,1,0,0,1,0,0,0,0,0,0,0,0,0,2,0,0,0,1,0,0,0,0,0,0,0,0,0,0,0,0,0,1,0,0,0,0,0,0,0,0,0,0,0,0,0,0,0,0,1,0,0,0,1,0,0,0,0,0,0,0,0,0,2,0,0,0,0,0,0,1,0,2,0,2,0,1,0,0,0,0,0,0,0,2,0,1,1,0,0,0,0,0,0,0,1,0,0,0,0,0,0,0,1,0,0,0,1,0,1,0,0,0,0,0,0,0,0,0,0,0,0,0,0,1,0,0,0,0,0,0,0,0,0,0,2,0,0,0,0,0,0,1,0,0,0,0,0,0,0,0,0,0,0,0,0,0,1,0,0,0,0,0,0,0,0,0,0,0,0,0,0,0
0,0,0,0,0,0,0,1,0,0,0,1,0,0,1,0,1,0,0,0,1,0,0,0,0,0,0,0,4,1,0,0,0,0,0,0,0,0,0,1,0,1,0,0,1,0,0,0,0,2,1,0,0,1,0,0,0,1,0,0,0,0,0,0,0,0,0,0,0,0,0,0,0,0,0,0,0,1,0,0,0,0,0,0,0,5,0,0,0,0,0,0,0,0,0,0,1,1,0,2,0,0,0,0,0,0,1,0,0,0,0,0,0,0,0,0,0,0,0,0,1,0,0,0,1,0,0,0,0,1,0,0,0,0,0,0,0,0,1,2,1,0,0,0,0,0,0,1,0,1,0,0,0,0,1,0,1,2,0,0,2,0,0,0,0,0,1,0,2,0,0,1,1,1,1,2,0,0,0,4,0,0,1,0,1,3,0,0,0,0,1,0,0,0,1,0,1,0,0,0,2,1,0,0,0,1,0,0,0,0,0,0,0,0,0,0,0,0,1,0,0,0,0,0,0,0,1,0,0,0,1,0,0,0,0,1,0,1,0,0,0,0,0,0,0,0,0,1,1,0,0,0,0,0,0
0,0,0,0,1,0,0,0,0,0,0,0,0,0,1,0,0,1,2,0,0,0,0,0,0,0,0,1,0,0,0,1,0,0,0,0,0,0,0,0,0,0,0,1,0,0,0,0,0,1,0,0,0,2,0,0,1,1,1,0,0,0,0,0,0,0,0,0,0,0,0,0,0,0,0,0,0,0,0,0,0,0,0,0,0,0,0,1,0,0,0,0,0,0,0,0,0,0,0,0,0,0,0,0,0,0,0,0,0,0,0,0,0,1,0,0,0,0,0,0,0,0,0,0,0,0,0,0,1,0,0,0,0,0,0,0,0,0,1,1,0,1,1,1,0,0,0,0,0,0,0,0,0,0,0,0,0,0,0,0,0,0,0,0,0,0,0,0,0,0,0,1,0,0,0,0,1,0,0,0,0,1,0,0,1,0,1,1,0,0,0,1,0,0,0,1,0,0,1,0,0,1,1,0,0,0,0,0,0,0,2,0,1,0,0,1,1,0,0,0,0,0,0,0,0,0,0,0,0,0,0,0,0,0,0,0,0,0,0,0,0,0,0,0,0,0,0,0,1,0,1,0,0,0,0
0,0,0,2,2,0,0,0,0,1,1,2,2,1,0,0,2,2,1,0,1,0,0,3,0,0,0,0,0,3,0,2,0,0,0,1,1,0,1,0,1,2,2,0,1,1,3,2,2,1,0,0,0,1,0,1,5,3,2,1,0,0,0,0,0,1,1,2,1,1,3,2,1,1,3,0,1,1,1,0,1,2,3,1,0,1,0,0,0,0,2,0,1,0,2,0,1,2,0,2,1,0,1,1,0,0,1,1,2,2,1,2,0,2,0,1,1,0,1,0,1,1,0,2,0,1,1,1,0,0,1,3,1,1,3,1,1,0,1,0,2,0,5,0,0,1,0,1,0,0,1,0,1,1,1,0,1,1,1,1,1,0,0,1,3,0,1,1,1,1,2,1,1,1,0,1,1,0,1,1,1,1,0,1,0,2,1,2,1,1,1,1,1,0,0,0,2,0,2,1,1,1,0,1,2,3,2,0,0,1,1,1,0,1,0,1,1,1,0,2,1,1,0,1,3,2,0,1,0,1,1,2,1,1,1,0,0,1,0,1,2,2,0,0,1,1,0,1,1,1,1,0,1,1,1
0,0,0,0,0,0,3,0,0,0,2,0,0,0,0,0,0,0,0,0,0,0,0,0,0,0,0,7,0,0,2,0,0,0,9,0,0,0,0,0,0,1,0,0,9,0,4,0,6,0,0,4,0,0,2,0,0,2,4,0,0,0,0,4,0,0,0,0,0,2,2,0,0,0,0,0,0,0,0,4,1,0,4,0,4,0,0,0,0,0,0,1,3,0,0,0,3,0,0,0,0,0,0,2,0,0,0,0,4,0,11,0,0,9,0,0,0,0,0,4,0,0,0,0,0,4,0,4,0,0,0,0,5,0,0,6,0,8,2,3,0,0,3,0,0,0,0,0,5,5,0,0,0,0,0,0,5,3,0,0,5,0,4,0,0,0,0,0,7,0,7,0,0,0,0,8,0,0,0,0,0,0,0,0,0,0,0,0,5,0,6,0,0,0,0,8,0,0,0,4,0,0,2,0,0,0,0,0,0,0,0,0,0,0,4,0,0,0,0,0,0,0,0,0,0,0,0,0,0,9,10,0,6,0,0,0,1,0,0,0,0,0,0,5,0,3,0,0,0,0,2,0,0,2,0
0,0,6,0,0,0,0,5,0,0,7,0,0,0,0,0,0,0,4,0,7,0,0,0,0,0,8,4,0,0,0,0,0,0,4,0,4,0,3,0,0,0,0,0,0,0,0,0,0,0,0,0,0,6,0,0,13,0,0,0,0,0,0,0,4,0,0,6,0,0,0,0,0,1,0,0,0,5,0,0,10,0,0,14,2,13,0,0,0,0,0,0,0,6,0,7,0,7,0,0,10,0,0,0,0,0,0,0,0,0,0,0,4,0,0,0,0,2,0,0,0,0,5,0,0,0,0,0,0,0,0,0,0,0,0,0,0,0,0,0,0,0,0,0,0,2,0,0,0,0,0,0,0,0,0,0,0,0,0,0,5,0,0,0,0,0,0,0,0,0,0,0,0,0,0,0,0,0,10,0,0,0,0,4,5,2,0,0,0,0,7,0,0,0,0,0,8,6,8,0,3,0,0,0,0,9,0,0,3,0,0,0,0,0,0,5,0,3,0,0,0,0,1,0,0,6,0,0,6,0,4,0,0,0,0,11,0,1,0,0,0,9,0,0,0,11,0,0,0,0,0,0,9,0,0
0,0,1,0,0,0,0,0,0,0,0,0,0,0,0,0,0,0,0,0,1,0,0,0,0,1,0,0,0,0,0,0,0,0,0,0,0,0,0,0,0,0,0,1,0,0,0,0,0,0,0,0,0,0,0,0,0,1,0,1,0,0,0,0,0,0,0,0,0,0,0,0,0,0,0,0,0,0,0,0,0,0,0,1,0,0,0,0,0,0,1,0,0,0,0,0,0,0,1,0,0,0,0,0,0,1,0,0,0,0,1,0,0,1,0,0,0,0,0,0,0,0,0,0,0,0,0,0,0,0,0,0,0,1,0,0,0,0,1,0,1,0,1,0,0,0,0,0,0,0,0,0,0,0,0,0,0,1,0,1,0,0,0,0,0,0,0,0,0,0,0,0,0,0,0,0,0,0,0,0,0,0,0,0,0,0,0,0,0,0,1,0,0,0,0,0,0,0,0,0,1,0,0,0,0,0,1,0,0,1,0,0,0,0,1,0,0,0,0,0,0,0,0,0,0,0,0,0,0,0,0,0,0,0,0,0,0,0,0,0,0,0,0,0,0,1,0,0,0,0,0,0,0,0,0
0,0,0,0,0,0,0,0,0,0,0,0,0,0,0,0,0,0,0,1,0,1,1,0,0,0,0,0,0,0,0,0,0,0,1,0,0,0,0,0,0,0,0,0,0,0,0,0,0,0,0,0,1,0,0,0,0,0,2,0,0,0,0,0,0,0,0,0,0,0,0,0,0,0,0,0,1,0,0,0,0,0,0,1,0,0,0,1,0,1,0,0,0,0,0,0,0,0,0,0,0,0,0,0,0,1,0,1,0,0,0,0,0,0,1,0,0,0,0,0,0,0,0,0,0,0,1,0,0,0,0,0,0,0,0,0,1,0,0,1,0,0,1,2,0,0,0,1,0,0,0,0,0,0,0,0,0,0,0,1,0,0,0,1,0,0,0,0,1,0,0,0,0,0,1,0,0,0,0,0,0,1,0,0,0,1,0,1,0,1,0,0,1,0,0,0,2,0,0,0,0,0,0,0,0,0,0,0,0,0,0,0,0,0,0,0,1,0,0,0,0,0,0,0,1,0,0,0,0,0,0,0,0,0,0,0,0,0,1,0,0,0,1,0,1,0,0,0,1,0,0,0,0,0,0
2,0,0,2,2,0,2,2,1,3,3,0,2,0,2,1,0,0,7,2,1,1,8,1,2,1,2,2,1,3,1,0,2,2,3,1,1,4,2,2,0,6,0,4,0,4,1,2,3,0,5,1,0,0,2,1,0,1,1,1,1,0,1,1,1,0,3,0,3,2,2,4,3,1,0,0,3,1,2,0,1,2,2,1,2,0,4,1,1,0,3,0,2,0,2,0,0,0,1,1,0,1,3,1,0,1,4,1,4,2,3,0,1,0,1,1,1,1,3,2,2,1,0,1,1,2,3,0,1,1,0,3,1,2,2,1,2,2,0,1,1,0,3,1,2,2,0,1,1,0,3,0,1,1,3,1,0,2,2,0,3,1,0,1,0,4,1,1,0,2,6,1,0,2,1,1,2,1,1,0,0,2,0,3,3,1,0,0,3,1,1,0,1,1,1,0,0,1,1,3,1,0,0,1,0,3,0,1,1,0,0,1,1,0,1,0,1,2,0,0,0,0,0,0,0,1,0,1,2,1,0,0,0,0,0,0,0,0,1,3,1,2,0,1,0,0,0,1,0,1,0,0,0,1,0
0,0,1,0,0,0,0,0,1,0,0,3,1,0,0,0,2,1,0,0,0,0,0,1,0,0,0,0,0,0,0,0,1,0,0,0,0,0,0,0,0,0,0,0,1,0,2,2,2,1,0,0,1,0,1,2,2,0,0,1,0,0,0,0,0,0,0,1,0,0,0,0,0,1,1,0,0,1,0,0,0,0,0,1,0,0,1,0,0,0,0,0,1,1,2,0,0,1,1,0,1,0,0,2,1,0,0,0,0,0,0,0,0,1,0,1,0,0,0,1,1,0,0,1,0,2,0,0,0,1,1,0,2,0,1,0,2,0,0,0,0,1,0,0,0,1,0,0,0,0,1,0,0,0,1,0,1,1,0,0,0,0,0,3,0,1,0,0,0,2,1,0,0,0,0,0,0,3,0,0,0,0,0,0,0,0,0,1,0,0,1,1,1,0,0,0,0,0,0,0,2,0,1,0,0,0,0,1,0,0,0,1,1,0,0,0,0,0,0,0,0,0,0,0,0,0,0,0,0,0,0,0,0,0,0,0,0,0,0,0,0,0,0,0,0,0,0,0,0,1,0,0,0,0,0
0,0,0,0,0,0,0,0,0,0,0,1,0,0,0,0,0,0,0,1,0,0,0,0,0,0,0,0,0,0,0,1,0,0,0,0,0,0,0,0,0,0,0,0,0,0,0,0,0,0,0,0,0,0,0,0,0,0,0,0,1,0,0,0,0,0,0,0,0,0,0,0,0,0,0,0,0,0,0,0,0,0,0,0,0,0,0,0,0,0,0,0,0,0,0,0,0,0,0,0,0,0,0,0,0,0,0,0,0,0,0,0,0,0,0,0,0,0,0,0,0,0,0,0,0,0,0,0,0,0,0,0,0,0,0,0,0,0,0,0,0,0,0,0,0,0,0,0,0,0,0,0,0,0,0,0,0,0,0,0,0,0,0,0,0,0,0,0,0,0,0,0,0,0,0,0,0,0,0,0,0,0,0,0,0,0,0,0,1,0,0,0,0,0,0,0,0,0,0,0,0,0,0,0,0,0,0,0,1,0,0,0,0,0,1,0,0,0,0,0,0,0,0,0,0,0,0,1,0,0,0,0,0,0,0,0,0,0,0,0,0,0,0,0,0,0,0,0,0,0,0,0,1,0,0
68,16,12,15,30,40,21,16,13,53,26,1,18,7,19,12,3,0,27,12,18,12,13,18,5,16,21,9,54,71,16,65,6,24,27,17,11,19,27,24,8,33,3,22,43,21,18,8,13,0,10,56,19,3,5,45,1,0,0,1,1,21,16,22,0,15,59,10,32,23,5,15,25,1,0,15,3,4,0,26,44,30,13,0,15,22,0,46,9,20,6,11,8,7,5,13,24,31,2,28,16,2,16,9,3,9,1,0,20,11,1,11,4,4,8,4,0,24,6,16,7,24,23,0,20,0,38,5,16,10,3,19,5,15,15,27,33,22,8,35,11,3,0,18,26,9,0,10,7,19,0,11,16,35,0,39,0,8,17,33,40,0,4,0,6,8,30,14,10,4,5,5,11,7,31,36,4,6,26,7,3,1,8,1,12,14,18,8,7,0,7,19,8,26,12,3,7,25,5,16,6,5,0,4,0,4,7,5,13,7,12,0,0,14,5,7,4,6,17,25,3,7,0,6,22,0,0,27,0,9,1,0,4,0,2,13,0,8,5,0,2,0,5,2,5,0,16,7,0,6,3,8,4,7,6
0,0,0,0,1,0,0,1,0,0,0,1,2,0,0,0,0,1,0,0,0,1,0,0,2,1,0,0,0,1,0,0,0,0,0,0,0,0,0,0,0,0,2,0,0,0,0,0,0,0,0,0,0,0,2,0,1,0,0,0,0,3,0,0,0,0,0,1,0,0,0,0,2,0,0,0,1,0,0,0,2,6,0,0,1,0,1,0,1,1,0,0,0,0,0,0,0,0,0,0,0,1,0,0,0,0,0,0,0,0,0,2,1,0,1,0,0,0,0,0,0,0,0,2,0,0,0,0,0,0,0,0,0,0,0,0,0,0,0,0,0,0,0,0,0,1,0,0,2,0,0,0,0,0,2,1,0,0,0,0,0,0,0,0,0,0,0,0,1,0,0,0,0,0,0,0,0,0,0,0,0,0,0,0,1,0,0,2,0,0,0,0,0,1,0,0,0,2,2,0,0,0,0,0,0,0,0,0,0,0,0,2,0,0,0,4,0,7,0,0,0,0,0,0,0,0,0,0,0,0,0,1,0,0,0,0,0,0,0,0,0,2,0,2,0,0,0,2,0,0,0,0,0,0,0
0,0,0,0,3,1,2,0,2,0,0,0,0,0,0,0,3,0,3,0,0,0,0,0,2,0,0,0,0,0,0,0,4,0,0,1,2,0,0,2,0,0,0,0,0,0,0,0,0,0,0,0,0,2,0,0,0,0,0,0,0,0,0,0,2,0,0,0,0,0,5,0,1,2,0,0,0,0,4,0,0,0,0,0,3,1,0,0,0,0,2,0,1,0,0,0,0,0,0,3,0,0,0,0,0,0,0,0,0,0,0,1,0,2,0,0,0,0,0,0,0,0,0,0,0,0,0,0,0,0,0,5,0,0,0,0,0,0,0,2,1,3,0,0,0,0,2,2,0,0,0,1,0,0,0,0,0,0,0,0,0,0,0,0,0,0,0,0,0,0,1,0,0,0,0,2,0,0,1,0,0,2,0,0,0,0,0,0,0,0,0,0,0,0,0,1,1,0,0,0,1,0,0,2,0,0,0,0,0,0,0,0,0,0,0,5,0,0,0,1,0,0,0,0,0,0,0,0,0,2,0,0,0,0,0,0,8,0,0,0,0,0,0,0,0,0,0,0,0,0,2,0,0,1,2
0,0,0,0,0,0,0,0,0,0,0,0,0,0,0,0,0,0,0,0,0,0,0,0,0,0,0,0,0,0,0,0,0,0,0,0,0,0,0,0,0,0,0,0,0,0,0,0,0,0,0,0,0,0,0,0,0,1,0,0,0,0,0,0,0,0,0,0,0,0,0,0,0,0,1,0,0,0,0,0,0,1,0,0,0,0,0,0,0,0,0,0,0,0,0,0,0,0,0,0,0,0,0,0,0,0,0,0,0,0,0,0,0,0,0,0,0,0,0,0,0,0,0,0,0,0,0,0,0,0,0,0,0,0,0,0,0,0,0,0,0,0,0,0,0,0,0,0,0,0,0,0,0,0,0,0,0,0,0,0,0,0,0,0,0,0,0,0,0,0,0,0,0,0,0,0,0,0,0,0,0,0,0,0,0,0,0,0,0,0,0,0,0,0,0,0,0,0,0,0,0,0,0,0,0,0,0,0,0,0,0,0,0,0,0,0,0,0,0,0,0,0,0,0,0,0,0,0,0,0,0,0,0,0,0,0,0,0,0,0,0,0,0,0,0,0,0,0,0,0,0,0,0,0,0
0,0,0,0,0,0,0,0,0,0,0,2,0,0,1,0,0,1,0,0,0,2,0,0,0,0,0,0,0,1,0,0,0,0,0,0,0,0,0,0,1,0,2,0,0,0,1,0,0,0,0,2,0,0,0,0,0,0,1,0,0,0,2,0,0,0,1,0,3,1,1,0,0,0,0,0,0,0,0,0,0,0,0,0,5,0,0,0,0,0,2,0,0,0,0,0,1,0,0,1,0,0,1,0,0,2,0,0,0,0,0,0,0,0,0,0,0,1,0,0,0,3,0,0,0,0,0,0,0,0,0,0,0,0,4,0,1,0,3,1,0,0,0,0,0,0,0,0,0,0,0,0,0,1,0,0,0,0,0,0,0,0,1,0,0,0,0,0,0,0,0,0,0,0,0,1,0,0,0,0,0,0,1,0,2,0,0,0,0,0,2,0,0,0,0,0,0,0,0,0,0,0,0,0,0,0,0,0,0,1,0,0,1,0,6,0,0,0,0,2,2,0,0,0,0,2,0,1,1,0,2,0,0,0,0,0,0,0,0,0,0,2,0,0,0,0,0,3,0,0,0,0,0,2,0
0,0,0,0,1,0,0,0,0,1,0,0,0,0,0,0,0,0,0,0,0,0,2,0,0,0,1,0,0,0,0,0,0,0,0,0,0,0,0,1,1,0,0,0,0,1,0,0,0,2,0,0,0,0,0,0,0,0,0,0,0,0,0,1,0,0,0,0,0,0,1,0,0,0,1,0,1,0,0,0,0,0,0,0,1,0,0,0,0,0,0,1,0,1,0,0,0,1,0,0,0,1,1,0,0,0,0,0,0,0,0,0,0,0,0,0,0,2,0,0,1,0,0,0,0,0,0,0,0,1,0,0,0,1,0,0,0,0,0,0,0,0,0,0,0,0,0,1,0,1,0,0,0,0,0,1,0,0,0,0,0,0,0,0,0,0,0,1,0,0,1,0,0,0,0,0,1,0,0,2,0,0,0,0,0,0,1,0,0,0,0,0,0,0,0,0,0,0,0,0,1,0,0,0,0,0,0,0,0,0,0,0,1,0,0,1,0,0,0,0,0,0,0,0,0,0,0,0,0,0,0,0,0,0,0,1,0,0,1,0,0,0,1,0,0,0,0,1,0,0,0,0,0,0,0
0,0,0,0,0,0,0,0,0,0,0,0,0,0,0,0,0,0,0,0,0,0,0,0,0,0,0,0,0,0,0,0,0,0,0,0,0,0,0,0,0,0,0,0,0,0,0,0,0,0,0,0,0,0,0,0,0,0,0,0,0,0,0,0,0,0,0,0,0,0,0,0,0,0,0,0,0,0,0,0,0,0,0,0,0,0,0,0,0,0,0,0,0,0,0,0,0,0,0,0,0,0,0,0,0,0,0,0,0,0,0,0,0,0,0,0,0,0,0,0,0,0,0,0,0,0,0,0,0,0,0,0,0,0,0,0,0,0,0,0,0,0,0,0,0,0,0,0,0,0,0,0,0,0,0,0,0,0,0,0,0,0,0,0,0,0,0,0,0,0,0,0,0,0,0,0,0,0,0,0,0,0,0,0,0,0,0,0,0,0,0,0,0,0,0,0,0,0,0,0,0,0,0,0,0,0,0,0,0,0,0,0,0,0,0,0,0,0,0,0,0,0,0,0,0,0,0,0,0,0,0,0,0,0,0,0,0,0,0,0,0,0,0,0,0,0,0,0,0,0,0,0,0,0,0
0,0,0,0,0,7,0,0,1,0,0,0,0,2,0,0,0,0,3,0,0,0,0,0,0,0,0,0,0,0,6,0,0,0,0,0,0,0,0,0,0,0,0,0,1,0,3,0,0,0,0,0,0,0,3,0,0,0,0,0,0,0,0,1,3,0,0,2,0,0,0,1,2,0,0,0,0,0,0,0,0,0,0,0,2,0,0,0,0,0,0,0,0,0,2,0,0,0,1,0,0,0,0,0,0,0,3,2,0,1,0,0,0,3,0,0,0,0,0,0,0,1,0,0,0,0,0,0,0,0,1,0,3,0,0,0,0,0,0,0,0,0,3,0,0,2,0,0,0,0,0,0,0,0,0,1,0,0,0,0,0,0,3,0,3,0,0,2,3,0,0,0,0,0,0,3,0,0,3,4,0,0,0,0,0,0,0,0,0,0,7,6,0,0,0,0,0,0,0,0,0,3,0,2,0,0,0,0,2,0,1,0,0,0,0,0,0,0,0,2,3,0,0,0,0,0,0,0,0,2,2,0,0,0,0,0,0,0,0,0,0,0,1,0,2,0,0,2,0,0,1,0,0,2,0
0,0,0,0,0,0,2,2,0,0,0,0,0,0,0,0,0,0,0,0,0,0,0,0,0,0,0,0,0,0,0,0,0,0,0,0,0,0,0,0,0,0,0,1,0,0,0,0,1,0,0,0,0,0,0,0,0,0,0,0,2,0,0,0,0,0,0,0,0,0,0,0,0,0,0,0,0,1,0,0,1,0,0,0,0,0,0,0,0,2,0,0,0,0,0,0,0,0,0,0,0,0,1,0,0,0,0,5,0,0,0,0,2,4,0,0,0,1,0,0,0,0,0,0,0,1,0,0,0,0,0,0,0,0,0,0,0,0,0,0,0,0,0,0,0,0,0,0,0,0,0,0,0,0,4,0,0,2,0,0,1,0,0,2,0,0,0,0,0,1,0,0,0,1,0,0,0,0,0,0,0,0,0,0,0,0,0,0,0,0,1,0,1,0,0,1,0,0,1,0,1,0,0,0,0,0,0,0,0,0,0,0,0,0,0,1,0,0,0,0,0,0,0,0,0,0,0,0,0,0,2,0,0,0,0,0,0,0,0,0,3,0,0,0,0,2,0,0,0,0,0,1,0,0,0
0,15,0,0,0,0,0,10,0,0,0,0,0,8,11,8,0,0,6,14,9,0,9,0,0,0,0,8,0,0,13,0,0,0,6,0,7,0,16,7,0,10,4,0,0,0,8,0,9,0,0,15,11,0,11,8,0,0,7,0,0,0,0,0,0,0,0,0,0,0,0,48,0,6,0,12,21,0,0,0,3,5,0,5,9,8,0,14,0,11,0,0,0,0,0,0,0,0,0,0,0,0,7,0,0,0,0,0,0,0,0,0,0,0,8,0,8,0,0,0,0,0,0,8,0,0,0,5,0,0,0,0,26,13,0,9,0,0,0,24,0,0,0,0,17,0,0,19,5,0,9,0,13,0,6,0,0,0,0,0,0,0,3,0,0,0,0,0,0,4,0,0,0,0,0,0,0,0,13,0,0,3,0,0,0,0,0,0,0,1,0,0,0,0,0,0,12,0,0,0,0,0,0,0,0,10,7,0,0,0,0,11,0,0,0,0,5,0,0,2,0,0,0,0,0,0,0,0,0,0,4,0,0,0,0,0,0,0,0,0,0,0,8,0,0,0,16,0,13,0,0,0,0,0,0
7,4,0,0,0,7,0,0,0,0,0,3,1,7,0,0,2,0,0,0,0,0,0,10,0,0,0,0,0,0,0,0,10,0,5,4,0,0,0,0,0,0,0,0,2,5,0,0,0,0,0,0,0,0,0,0,0,0,0,4,0,6,0,0,0,0,0,0,0,0,0,0,0,0,2,0,0,0,0,0,0,0,0,3,0,0,0,0,0,0,3,0,0,0,0,0,0,0,0,3,0,0,0,14,0,0,0,0,5,0,0,0,0,7,0,0,12,0,0,0,0,0,0,0,0,0,0,0,0,0,0,0,0,0,0,0,0,0,0,0,0,0,0,3,0,0,4,4,7,0,0,0,0,0,2,0,0,0,0,6,0,0,2,0,0,0,0,12,4,0,0,0,0,0,0,0,0,0,0,0,0,0,0,0,0,0,0,0,0,0,0,0,0,0,0,9,0,0,5,0,6,0,0,0,0,0,0,0,0,0,6,2,0,0,5,4,0,0,0,0,0,3,0,0,0,0,6,5,0,0,0,0,0,0,0,2,0,11,3,0,0,0,8,0,0,0,0,0,0,0,5,4,0,0,2
0,0,3,0,0,0,8,0,2,1,0,4,3,1,0,0,0,2,0,0,0,0,0,2,0,0,3,0,0,1,0,0,4,0,0,0,0,0,3,1,7,0,0,4,2,0,10,5,0,7,0,1,2,3,5,0,5,14,4,5,0,0,0,0,0,0,0,5,0,0,0,4,0,4,5,0,3,0,2,0,0,0,0,1,0,0,6,0,0,0,0,0,0,5,6,0,0,0,5,0,2,0,0,2,12,0,0,3,0,0,0,0,0,7,0,3,6,0,0,4,14,0,0,2,0,4,0,0,1,0,0,0,3,0,0,0,4,0,0,3,0,3,4,0,2,0,0,0,0,0,7,0,0,0,2,0,0,0,0,2,0,0,0,3,0,2,0,1,1,0,2,0,0,0,0,0,0,3,0,1,0,0,0,1,3,0,0,2,0,0,4,4,0,0,0,0,0,2,0,3,2,3,6,0,0,0,0,0,3,0,2,3,3,0,0,0,0,0,0,1,0,0,0,0,0,0,0,1,8,2,2,2,0,0,2,0,0,1,7,0,0,0,0,0,0,0,4,3,5,3,2,2,2,0,0
0,0,0,1,0,0,0,0,0,0,0,0,0,0,0,0,0,0,0,1,0,0,0,0,0,0,0,0,0,0,0,0,0,0,0,0,0,0,0,0,0,0,0,0,0,0,0,0,0,0,0,0,0,0,0,0,0,0,0,0,0,1,0,0,0,0,0,0,0,0,0,0,0,0,0,0,0,0,0,0,0,0,0,0,0,1,0,0,0,0,0,0,0,0,0,0,0,0,0,0,0,0,0,0,0,0,0,0,1,0,0,0,0,0,0,0,0,0,0,2,0,1,0,0,0,0,0,0,0,0,0,0,0,0,1,0,0,0,1,0,0,0,0,0,0,0,0,0,0,0,1,0,1,0,0,0,0,0,0,0,0,0,0,0,0,0,0,0,0,0,0,0,0,0,0,0,0,0,0,0,0,0,0,1,0,0,0,0,0,0,0,0,0,0,0,0,0,1,0,0,0,0,0,0,0,0,0,0,0,0,0,0,0,0,0,0,0,0,1,0,0,0,0,0,0,0,0,0,0,0,0,0,1,0,0,1,0,0,0,0,0,0,0,0,0,0,0,0,0,0,0,0,0,0,0
0,0,0,0,0,0,0,0,0,0,0,0,0,0,0,0,0,0,0,0,0,0,0,0,0,0,0,0,0,0,0,0,0,0,0,0,0,0,0,0,0,0,0,0,0,0,0,0,0,0,0,0,0,0,0,0,0,0,0,0,0,0,0,0,0,0,0,0,0,0,0,0,0,0,0,0,0,0,0,0,0,0,0,0,0,0,0,0,0,0,0,0,0,0,0,0,0,0,0,0,0,0,0,0,0,0,0,0,0,0,0,0,0,0,0,0,0,0,0,0,0,0,0,0,0,0,0,0,0,0,0,0,0,0,0,0,0,0,0,0,0,0,0,0,0,0,0,0,0,0,0,0,0,0,0,0,0,0,0,0,0,0,0,0,0,0,0,0,0,0,0,0,0,0,0,0,0,0,0,0,0,0,0,0,0,0,0,0,0,0,0,0,0,0,0,0,0,0,0,0,0,0,0,0,0,0,0,0,0,0,0,0,0,0,0,0,0,0,0,0,0,0,0,0,0,0,0,0,0,0,0,0,0,0,0,0,0,0,0,0,0,0,0,0,0,0,0,0,0,0,0,0,0,0,0
0,0,0,0,0,0,0,0,0,0,0,0,0,0,0,0,0,0,0,0,0,0,0,0,0,0,0,0,0,0,0,0,1,0,0,0,0,0,0,0,0,0,0,0,0,0,0,0,0,0,0,0,0,0,0,0,0,0,0,0,0,0,0,0,0,0,0,0,0,0,0,0,0,0,0,0,0,0,0,0,0,0,0,0,0,0,0,0,0,0,0,0,0,0,0,0,0,0,0,0,0,0,0,0,0,0,0,0,0,0,0,0,0,0,0,0,0,0,0,0,0,0,0,0,0,0,0,0,0,0,0,0,0,0,0,0,1,0,0,0,0,0,0,0,0,0,0,0,0,0,0,0,0,0,0,0,0,0,0,0,0,0,0,0,0,0,0,0,0,0,0,0,0,0,0,0,0,0,0,0,0,0,0,0,0,0,0,0,0,0,0,0,0,0,0,0,0,0,0,0,0,0,0,0,0,0,0,0,0,0,0,0,0,0,0,0,0,0,0,0,0,0,0,0,0,0,0,0,0,0,0,0,0,0,0,0,0,0,0,0,0,0,0,0,0,0,0,0,0,0,0,0,0,0,0
0,0,0,0,1,0,0,2,2,2,3,0,2,4,0,0,0,0,5,0,0,0,2,0,0,7,0,0,0,6,0,0,0,15,4,2,0,0,3,5,0,11,0,0,0,0,0,3,0,0,0,1,0,0,0,0,0,0,3,0,0,2,4,0,7,0,5,0,0,2,0,6,0,3,0,0,3,0,3,0,4,1,4,0,0,6,0,0,0,0,6,0,1,0,3,3,7,2,0,0,0,2,0,1,0,2,6,2,0,4,7,6,2,0,8,0,0,2,7,0,2,0,2,0,1,0,4,0,0,2,0,5,0,1,0,0,3,4,6,2,0,0,0,3,2,0,8,0,8,4,0,0,3,0,0,0,0,0,0,0,0,0,0,0,0,0,0,0,1,0,2,0,0,0,0,0,0,0,0,5,0,0,0,0,0,4,0,0,0,0,7,0,0,0,2,0,0,0,0,0,0,0,3,6,0,2,0,2,0,0,0,1,3,3,0,0,1,0,0,1,0,0,0,4,0,0,3,0,0,0,0,0,0,0,0,0,0,0,0,0,0,1,0,0,0,0,0,0,0,0,0,0,0,0,0
0,0,0,0,0,0,17,0,0,0,0,0,0,0,32,0,0,0,0,0,0,16,0,0,0,0,0,0,0,0,0,0,0,0,0,0,0,6,9,0,0,0,0,11,6,0,0,6,0,6,14,0,0,0,0,0,0,16,0,0,0,0,0,0,0,0,0,13,0,3,0,0,14,0,12,22,0,0,0,0,0,0,6,0,0,0,9,0,8,9,0,9,5,0,0,0,0,0,0,0,0,5,0,0,12,0,0,0,0,0,0,12,0,0,7,14,0,0,0,0,0,0,0,0,0,0,0,0,0,0,0,0,0,0,0,0,0,16,0,0,0,0,0,16,0,0,0,31,0,0,0,0,0,0,0,0,0,0,4,0,0,0,0,0,0,0,10,0,19,0,0,0,15,0,0,0,0,5,0,0,17,9,32,0,0,0,10,11,0,0,0,7,0,0,0,0,0,0,0,0,0,0,0,0,0,0,3,0,0,0,0,0,10,0,0,0,0,0,0,0,0,0,0,0,0,0,0,0,0,0,0,0,0,0,0,0,0,0,0,23,0,0,0,9,0,0,0,0,0,0,0,0,0,10,0
0,0,0,0,0,0,0,0,1,0,0,0,0,2,0,0,0,0,0,0,0,0,0,0,0,0,0,0,0,1,0,0,1,0,0,0,0,0,0,0,1,1,0,1,0,0,0,4,0,0,0,0,1,0,0,0,0,0,3,0,0,1,2,1,0,1,0,0,0,0,0,0,0,0,0,0,0,0,0,0,0,0,0,0,0,0,0,0,0,0,0,0,0,0,0,0,0,0,1,0,1,2,0,0,0,0,1,0,0,0,0,0,0,0,0,0,0,0,0,0,0,0,0,0,0,1,0,0,0,0,1,0,0,0,0,0,1,0,0,0,2,0,0,0,0,0,0,1,0,0,0,1,0,0,1,0,1,0,0,0,0,0,0,0,0,0,0,0,0,1,0,0,0,0,0,2,1,0,0,2,0,1,0,1,0,0,0,1,0,0,0,0,0,0,1,0,0,0,0,0,0,0,0,0,0,0,0,0,0,0,0,0,0,0,0,0,0,0,0,0,0,0,0,0,3,0,0,0,0,0,0,0,0,0,1,0,0,0,0,0,0,0,0,0,1,0,0,0,0,1,0,0,0,0,0
0,4,0,0,2,4,0,0,0,0,0,0,0,0,0,4,0,0,0,0,0,0,0,0,0,5,0,0,0,0,0,0,0,0,5,0,0,0,0,0,0,2,0,0,15,0,7,0,0,7,0,0,0,0,0,0,0,0,1,6,13,0,4,0,0,0,0,0,0,0,0,0,0,0,0,0,0,0,3,0,0,0,0,0,0,0,0,0,0,0,0,0,0,2,0,8,0,0,0,7,0,14,0,4,0,0,5,0,4,2,0,6,0,0,0,21,0,0,6,0,0,0,10,0,0,0,0,0,0,7,0,0,0,0,0,7,0,0,0,0,0,0,0,0,6,0,13,5,0,11,4,0,0,0,0,0,0,0,5,0,0,0,7,0,0,0,0,0,0,0,0,0,0,10,0,0,0,0,0,0,10,0,0,0,6,0,0,0,6,0,0,0,0,0,0,0,0,0,0,0,3,0,0,0,0,0,0,0,0,0,0,0,0,5,6,0,0,0,0,0,5,0,5,0,0,0,0,0,1,8,0,0,4,0,0,0,0,0,0,0,0,0,0,0,0,0,6,4,0,0,0,0,0,0,0
4,1,0,2,0,0,0,4,2,0,1,0,0,0,1,0,0,0,0,0,0,0,0,2,0,0,0,0,0,0,0,0,0,0,0,3,0,0,1,0,1,0,0,0,2,0,0,0,0,0,2,0,0,0,0,0,0,0,0,0,0,0,0,0,0,0,0,0,0,0,0,1,0,0,3,0,0,0,0,0,1,0,0,0,0,0,0,0,0,0,0,0,0,0,0,0,0,0,0,2,1,0,0,0,0,0,0,0,0,0,0,1,0,0,0,0,0,2,0,0,0,0,0,2,0,0,0,0,1,0,2,1,0,0,0,0,0,0,0,0,0,0,0,0,0,0,1,0,0,0,2,0,0,0,0,0,0,0,0,0,0,0,0,0,3,4,0,0,0,0,0,2,0,0,0,0,0,0,0,1,0,0,0,0,1,0,0,0,0,0,0,0,0,0,0,0,0,0,0,0,0,0,0,0,0,0,0,0,0,0,0,0,0,0,0,0,0,0,0,0,2,4,2,0,0,0,0,0,2,0,0,0,0,0,0,0,0,0,0,0,4,0,0,0,0,0,0,0,0,0,0,0,0,0,0
0,9,0,0,3,11,13,0,9,4,7,0,0,0,11,5,0,0,0,2,15,6,0,0,5,2,4,19,0,5,5,26,0,0,3,0,2,0,2,6,1,13,0,23,0,3,0,0,2,0,0,5,12,0,0,0,0,0,0,0,14,16,5,7,12,6,2,0,1,0,6,7,3,0,0,2,7,0,3,3,3,0,4,2,2,2,0,2,8,14,5,3,0,0,0,3,12,0,0,6,1,24,20,1,1,7,10,0,7,5,6,4,3,2,15,0,0,0,3,0,0,2,12,0,8,0,5,4,9,2,0,4,2,7,5,2,0,2,0,5,1,5,2,7,0,2,7,0,4,5,0,0,1,5,0,1,0,0,0,7,3,4,3,0,9,0,0,4,0,0,2,4,0,0,5,2,8,0,8,1,4,7,0,0,0,0,0,0,0,0,0,0,0,0,0,4,0,0,0,0,0,0,0,0,0,0,0,2,0,0,3,3,0,0,0,0,0,0,2,0,0,0,0,0,0,0,0,0,0,0,0,0,0,0,0,0,0,0,0,0,0,0,0,0,0,0,1,2,0,0,0,0,0,4,0
0,0,0,0,0,0,0,0,0,0,0,0,0,0,0,0,0,0,0,0,0,0,0,0,0,0,0,0,0,0,0,0,0,0,0,0,0,0,0,0,0,0,0,0,0,0,0,0,0,0,0,0,0,0,0,0,0,0,0,0,0,0,0,0,0,0,0,0,0,0,0,0,0,0,0,0,0,0,0,0,0,0,0,0,0,0,0,0,0,0,0,0,0,0,0,0,0,0,0,0,0,0,0,0,0,0,0,0,0,0,0,0,0,0,0,0,0,0,0,0,0,0,0,0,0,0,0,0,0,0,0,0,0,0,0,0,0,0,0,0,0,0,0,0,0,0,0,0,0,0,0,0,0,0,0,0,0,0,0,0,0,0,0,0,0,0,0,0,0,0,0,0,0,0,0,0,0,0,0,0,0,0,0,0,0,0,0,0,0,0,0,0,0,0,0,0,0,0,0,0,0,0,0,0,0,0,0,0,0,0,0,0,0,0,0,0,0,0,0,0,0,0,0,0,0,0,0,0,0,0,0,0,0,0,0,0,0,0,0,0,0,0,0,0,0,0,0,0,0,0,0,0,0,0,0
5,0,3,7,3,5,5,3,0,1,5,1,0,0,2,0,0,0,3,4,1,0,0,0,1,2,1,1,2,1,2,2,0,2,1,1,0,4,0,3,1,0,1,1,0,5,0,0,0,0,1,0,1,1,0,0,0,0,0,0,6,5,0,1,1,2,1,0,1,5,0,0,0,0,0,6,1,1,1,1,2,1,6,1,0,1,0,3,0,2,2,0,0,3,0,1,0,2,2,6,4,0,1,0,0,1,0,0,6,0,1,0,2,0,1,0,0,2,0,0,0,1,3,0,2,0,5,2,1,0,3,0,0,1,2,3,0,1,3,2,1,0,0,3,2,13,1,2,3,0,4,0,0,0,0,0,0,0,0,0,1,0,2,0,1,0,1,1,3,1,0,0,0,0,2,0,0,1,1,2,4,1,2,0,1,1,3,0,0,0,0,0,0,3,1,3,2,1,0,0,0,4,1,2,0,0,4,1,0,0,1,0,1,1,4,0,2,0,0,0,0,0,1,0,1,0,0,0,0,0,0,0,1,0,0,0,0,0,0,2,0,0,0,0,0,0,0,0,1,0,2,0,0,1,2
4,6,5,4,1,7,3,8,15,2,17,2,1,1,5,5,13,4,2,3,2,7,3,1,9,5,5,9,3,0,4,8,3,3,5,3,3,1,7,0,0,10,7,7,4,10,8,9,5,9,12,2,2,5,0,2,4,3,3,7,4,8,6,2,0,0,2,8,7,1,1,2,3,3,3,3,2,10,6,10,4,7,3,10,4,6,5,12,3,3,6,5,2,6,4,12,3,6,1,8,4,5,0,6,1,16,4,3,3,4,1,8,0,5,8,1,4,4,3,7,1,9,2,0,1,0,3,6,3,0,3,4,3,4,0,5,4,1,2,2,2,4,0,1,1,1,3,6,1,4,8,0,4,4,5,1,1,4,0,1,8,5,5,2,4,1,2,2,6,3,4,4,2,6,1,1,2,5,7,4,8,4,3,2,1,6,8,1,3,2,5,2,2,8,4,1,8,6,2,0,5,2,2,4,4,9,2,4,5,1,9,5,3,6,4,5,12,3,2,5,4,3,0,0,3,7,3,3,8,8,0,5,2,5,4,1,7,8,0,4,4,1,2,1,1,1,2,2,1,1,2,1,5,4,2
0,0,0,0,1,0,1,0,0,0,0,0,0,1,0,0,1,1,0,0,0,0,0,0,0,0,0,0,0,0,0,0,0,0,2,1,2,0,2,1,0,0,0,1,0,0,0,0,1,0,0,0,2,0,0,0,0,0,1,3,4,1,0,0,3,0,0,0,0,0,5,0,0,0,0,0,0,0,0,0,0,0,0,0,0,0,1,0,0,0,2,0,0,0,1,0,0,0,0,0,0,0,2,0,0,0,0,5,0,0,0,0,1,0,0,0,0,1,0,0,0,0,1,0,0,0,1,0,0,0,0,0,1,1,0,0,0,0,0,1,0,0,0,0,0,3,0,0,0,1,0,0,1,0,0,0,1,5,0,0,0,0,0,0,0,0,0,0,1,0,0,0,2,0,0,0,2,0,0,0,2,0,0,0,0,2,0,0,0,0,0,0,1,1,2,0,0,0,0,0,0,0,0,2,0,0,3,0,0,0,0,0,0,0,1,0,0,0,0,0,0,1,0,2,0,0,0,0,0,0,0,1,0,0,0,0,0,0,0,0,0,1,0,0,0,0,0,0,0,3,0,0,0,0,2
0,0,0,0,0,0,0,0,0,0,0,0,0,0,0,0,0,0,0,0,0,0,0,0,0,0,0,0,0,0,0,0,0,0,0,0,0,0,0,0,0,0,0,0,0,0,0,0,0,0,0,0,0,0,0,0,0,0,0,0,0,0,0,0,0,0,0,0,0,0,0,0,0,0,0,0,0,0,0,0,0,0,0,0,0,0,0,0,0,0,0,0,0,0,0,0,0,0,0,0,0,0,0,0,0,0,0,0,0,0,0,0,0,0,0,0,0,0,0,0,0,0,0,0,0,0,0,0,0,0,0,0,0,0,0,0,0,0,0,0,0,0,0,0,0,0,0,0,0,0,0,0,0,0,0,0,0,0,0,0,0,0,0,0,0,0,0,0,0,0,0,0,0,0,0,0,0,0,0,0,0,0,0,0,0,0,0,0,0,0,0,0,0,0,0,0,0,0,0,0,0,0,0,0,0,0,0,0,0,0,0,0,0,0,0,0,0,0,0,0,0,0,0,0,0,0,0,0,0,0,0,0,0,0,0,0,0,0,0,0,0,0,0,0,0,0,0,0,0,0,0,0,0,0,0
0,0,1,0,0,0,0,0,0,0,0,1,1,0,0,0,0,1,0,0,0,0,0,2,1,0,0,0,0,0,0,0,0,0,0,0,0,0,0,0,0,0,0,0,0,0,2,0,0,1,0,0,0,0,0,0,0,0,0,0,1,0,1,0,0,0,0,0,0,0,0,0,0,0,0,1,0,0,0,0,0,1,0,2,0,0,0,0,0,0,0,0,0,0,0,0,1,0,1,0,1,1,0,0,0,0,0,0,0,0,1,0,0,0,0,0,0,0,0,0,0,0,0,0,0,0,0,0,0,0,0,0,0,0,0,0,1,3,0,0,0,0,0,0,0,0,1,0,1,0,0,0,0,0,0,0,0,0,0,0,0,0,0,2,2,0,1,0,0,1,0,0,0,0,0,0,0,0,0,0,0,0,0,0,1,0,0,0,0,0,0,0,0,1,0,0,0,0,0,0,0,0,0,0,0,0,0,0,0,0,1,0,0,0,0,0,1,0,0,0,0,0,0,0,0,0,0,0,0,0,0,0,0,0,0,1,1,1,0,0,0,0,0,0,0,0,0,1,0,1,0,0,0,0,0
0,0,0,0,0,0,0,0,0,0,0,0,0,0,0,0,0,0,0,0,0,0,0,0,0,0,0,0,0,0,0,0,0,0,0,0,0,0,0,0,0,0,0,0,0,0,0,0,0,0,0,0,0,0,0,0,0,0,0,0,0,0,0,0,0,0,0,0,0,0,0,0,0,0,0,0,0,0,0,0,0,0,0,0,0,0,0,0,0,0,0,0,0,0,0,0,0,0,0,0,0,0,0,0,0,0,0,0,0,0,0,0,0,0,0,0,0,0,0,0,0,0,0,0,0,0,0,0,0,0,0,0,0,0,0,0,0,0,0,0,0,0,0,0,0,0,0,0,0,0,0,0,0,0,0,0,0,0,0,0,0,0,0,0,0,0,0,0,0,0,0,0,0,0,0,0,0,0,0,0,0,0,0,0,0,0,0,0,0,0,0,0,0,0,1,0,0,0,0,1,0,0,0,0,0,0,0,0,0,0,0,0,0,0,0,0,0,0,0,0,0,0,0,0,1,0,0,0,0,0,0,0,0,0,0,0,0,0,0,0,0,0,0,0,0,0,0,0,0,0,0,0,0,0,0
0,0,0,1,0,0,0,0,0,0,0,0,0,0,0,1,0,0,0,4,0,2,0,2,0,0,0,0,0,0,0,0,0,0,0,0,0,0,0,0,0,0,0,0,0,0,0,0,1,0,0,0,0,0,0,0,0,2,7,0,2,3,0,0,0,0,0,0,2,0,0,3,0,2,0,0,0,2,0,2,0,0,1,0,2,0,0,0,0,0,0,0,0,0,0,0,2,0,0,1,0,0,0,0,0,0,0,0,1,0,0,2,0,0,0,0,2,0,0,0,0,0,0,0,2,2,0,0,1,0,2,0,1,0,0,2,1,0,0,0,0,0,0,0,2,0,0,0,0,0,0,0,0,0,0,0,2,1,0,0,0,0,0,0,3,0,0,0,0,2,0,0,0,0,0,0,0,7,0,2,3,4,0,0,0,2,0,0,0,4,0,0,1,0,0,0,0,0,0,0,0,0,0,0,0,1,0,0,0,0,4,0,0,0,1,3,0,1,0,0,0,0,0,0,2,4,0,0,0,1,0,0,0,2,0,1,1,0,2,0,0,0,1,0,0,0,2,0,2,0,0,2,0,0,0
0,0,0,0,0,2,0,0,0,0,0,0,0,0,2,2,0,0,0,0,0,0,0,0,1,0,0,0,0,0,0,0,0,0,0,0,0,0,0,0,0,0,0,0,0,0,0,0,0,0,0,0,0,0,0,0,1,0,0,0,0,0,0,0,0,1,1,0,2,0,1,0,0,0,0,1,0,0,0,1,0,1,0,0,2,0,1,0,0,2,1,4,0,1,1,0,0,0,0,0,0,0,0,0,0,0,1,0,0,0,1,0,1,0,0,0,0,0,0,0,0,0,0,0,0,2,0,0,0,2,0,1,0,2,0,0,0,0,0,0,0,0,0,0,0,0,2,0,0,0,1,0,0,0,1,1,0,0,2,0,2,0,0,0,0,0,0,0,0,2,0,0,0,0,0,0,2,0,0,0,2,0,1,0,0,1,0,0,0,0,0,0,1,0,1,0,0,1,0,0,0,0,0,0,2,0,0,2,0,1,0,0,0,0,0,0,0,0,0,0,0,0,1,0,0,0,0,0,0,0,0,0,0,0,1,0,0,0,0,1,1,0,0,0,0,0,0,0,0,1,0,1,0,1,0
1,1,0,3,4,2,1,2,1,0,2,6,0,1,1,6,0,0,3,0,0,2,0,2,1,6,2,5,5,1,2,2,0,1,4,1,3,1,0,1,3,0,4,2,0,6,2,2,0,0,2,6,3,0,0,0,1,1,0,0,2,6,10,2,3,2,2,0,1,4,2,0,3,0,0,4,3,0,0,3,0,3,4,0,3,1,0,2,0,3,2,4,0,0,0,5,2,2,1,1,0,5,1,0,0,9,1,0,2,4,1,0,4,0,2,0,3,0,12,0,0,1,3,0,3,0,1,0,1,1,0,1,0,7,0,8,2,8,8,2,3,0,0,7,0,3,5,1,7,2,0,5,7,7,0,0,0,1,0,2,1,0,2,4,2,0,4,10,6,0,0,6,2,2,4,5,3,0,6,5,9,2,8,5,3,9,7,0,0,0,0,1,1,0,2,3,0,2,5,0,0,5,0,4,1,3,1,0,1,1,3,0,0,3,2,2,5,0,0,8,0,0,1,1,0,1,1,1,0,0,0,0,3,0,0,0,0,0,0,0,1,0,1,0,0,0,1,0,0,0,0,0,0,1,1
0,0,0,0,0,2,0,5,5,0,0,2,14,2,3,0,3,1,0,0,4,4,0,8,0,0,3,5,0,0,0,3,14,0,0,0,1,6,3,0,7,0,3,4,10,0,0,2,3,6,0,0,3,0,3,5,7,21,22,1,0,5,3,0,0,9,0,3,0,0,0,0,0,7,7,0,0,2,0,0,0,0,0,9,9,0,12,0,0,0,0,7,2,8,17,2,5,0,3,1,4,0,0,2,0,0,4,7,0,3,0,0,0,15,0,3,10,1,7,7,6,0,3,12,9,1,2,11,5,2,8,3,7,0,5,2,4,0,0,4,0,8,13,0,0,0,0,0,0,2,12,0,0,3,4,3,7,9,0,1,0,2,0,6,0,3,0,1,0,1,7,0,0,0,8,0,1,0,5,0,0,4,3,0,0,1,4,6,1,5,1,6,7,4,4,3,2,3,3,0,0,6,3,0,0,7,0,2,0,0,14,0,2,6,1,5,0,0,4,0,0,0,0,4,3,8,6,0,0,8,0,5,0,0,2,2,4,5,1,3,6,0,4,0,0,1,8,0,0,8,0,4,1,0,25
22,0,10,15,0,3,0,0,10,12,0,4,0,9,0,17,19,11,6,24,0,0,7,2,24,0,3,0,13,8,7,0,6,16,4,0,12,11,22,25,0,25,0,3,0,16,0,0,0,20,30,50,0,4,14,0,8,0,5,0,10,0,11,0,0,0,7,0,13,2,0,12,0,8,12,11,0,0,16,7,7,7,23,0,0,10,0,7,0,0,23,0,0,0,0,13,0,7,0,0,0,0,5,8,6,8,0,0,32,10,7,0,8,0,16,14,0,5,0,0,0,0,4,14,5,0,7,10,0,0,25,0,13,0,32,22,11,11,1,8,18,8,0,0,22,0,8,0,13,0,9,0,0,0,0,0,13,4,0,0,0,0,0,9,0,0,0,15,12,0,2,0,2,0,7,0,0,7,0,6,0,0,0,3,0,0,9,0,8,3,7,0,8,0,0,0,3,0,0,0,0,0,8,0,0,0,0,5,0,0,0,0,4,8,0,0,0,18,3,0,0,4,17,0,0,0,8,0,0,12,11,0,0,16,0,0,0,0,4,0,0,0,0,0,0,4,5,0,0,16,20,0,0,4,0
0,0,0,0,0,0,0,0,0,0,0,0,0,0,0,0,0,0,0,0,0,0,0,0,0,0,0,0,0,0,0,0,0,0,0,0,0,0,0,0,0,0,0,0,0,0,0,0,0,0,0,0,0,0,0,0,0,0,0,0,0,0,0,0,0,0,0,0,0,0,0,0,0,0,0,0,0,0,0,0,0,0,0,0,0,0,0,0,0,0,0,0,0,0,0,0,0,0,0,0,0,0,0,0,0,0,0,0,0,0,0,0,0,0,0,0,0,0,0,0,0,0,0,0,0,0,0,0,0,0,0,0,0,0,0,0,0,0,0,0,0,0,0,0,0,0,0,0,0,0,0,0,0,0,0,0,0,0,0,0,0,0,0,0,0,0,0,0,0,0,0,0,0,0,0,0,0,0,0,0,0,0,0,0,0,0,0,0,0,0,0,0,0,0,0,0,0,0,0,0,0,0,0,0,0,0,0,0,0,0,0,0,0,0,0,0,0,0,0,0,0,0,0,0,0,0,0,0,0,0,0,0,0,0,0,0,0,0,0,0,0,0,0,0,0,0,0,0,0,0,0,0,0,0,0
0,0,0,0,0,0,0,0,0,0,0,0,0,0,0,0,0,0,0,0,0,0,0,1,0,0,0,0,0,0,0,0,0,0,0,0,0,0,0,0,0,0,0,1,0,0,0,0,0,0,0,0,0,0,0,0,0,0,0,0,0,0,0,0,0,0,0,0,0,0,0,0,1,0,0,0,0,0,0,1,0,0,0,0,0,0,0,0,0,0,0,0,0,0,0,0,0,0,0,0,0,0,0,0,0,1,0,0,0,0,0,0,1,0,0,0,0,0,0,0,0,0,0,0,0,0,0,0,0,0,0,0,0,0,0,0,0,0,0,0,0,0,0,0,0,0,0,0,1,0,0,0,0,0,0,0,0,0,0,0,1,0,0,0,0,0,0,0,0,0,0,0,0,0,0,0,0,0,1,0,1,0,0,0,0,0,0,0,0,0,0,0,0,0,0,0,1,0,0,0,1,0,0,0,0,0,0,0,0,0,0,0,0,0,0,0,0,0,1,0,0,1,0,0,0,0,0,0,0,0,0,0,0,0,1,0,0,0,0,0,0,0,0,0,0,0,0,0,0,0,0,0,0,0,0
0,0,0,0,0,0,0,0,0,0,0,0,0,0,0,0,0,0,0,0,0,0,0,0,0,0,0,0,0,0,0,0,0,0,0,0,0,0,0,0,0,0,0,0,0,0,0,0,0,0,0,0,0,0,0,0,0,1,1,0,0,0,0,0,0,0,0,1,0,0,0,0,0,0,0,0,0,1,0,0,0,0,0,0,0,0,1,0,0,0,0,0,0,0,0,0,0,0,0,0,0,0,0,0,1,0,0,0,0,0,0,0,0,0,0,0,1,0,0,0,0,0,0,0,0,0,0,0,0,0,1,0,0,0,0,0,1,0,0,0,0,0,0,0,0,0,0,0,0,0,0,0,0,0,0,0,0,0,0,0,0,0,0,1,0,0,0,0,0,1,0,0,1,0,0,0,0,0,0,0,0,0,0,0,0,0,0,0,0,0,0,0,0,0,0,0,0,0,0,0,0,0,0,0,0,0,0,0,0,0,0,0,0,0,0,0,0,0,0,0,0,0,0,0,0,0,0,0,0,0,0,0,0,0,0,0,0,0,0,0,0,0,0,0,0,0,0,0,0,0,0,0,0,0,0
0,0,0,0,0,0,0,0,0,0,0,0,0,0,0,0,0,0,0,0,0,0,0,0,0,0,0,0,0,0,0,0,0,0,0,0,0,0,0,0,0,0,0,0,0,0,0,0,0,0,0,0,0,0,0,1,0,0,0,0,0,0,0,0,0,0,0,0,0,0,0,0,0,0,0,0,0,0,0,0,0,0,0,0,0,0,0,0,0,0,0,0,0,0,0,0,0,0,0,0,0,0,0,0,0,0,0,0,0,0,0,0,0,0,0,0,0,0,0,0,0,0,0,0,0,0,0,0,0,0,0,0,0,0,0,0,0,0,0,0,0,0,0,0,0,0,0,0,0,0,0,0,0,0,0,0,0,0,0,0,0,0,0,0,0,0,0,0,0,0,0,0,0,0,0,0,0,0,0,0,0,0,0,0,0,0,0,0,0,0,0,0,0,0,0,0,0,0,0,0,0,0,0,0,0,0,0,0,0,0,0,0,0,0,0,0,0,0,0,0,0,0,0,0,0,0,0,0,0,0,0,0,0,0,0,0,0,0,0,0,0,0,0,0,0,0,0,0,0,0,0,0,0,0,0
0,0,0,0,0,0,0,0,0,0,0,0,0,0,0,0,0,0,1,0,0,1,0,0,0,0,0,0,0,0,0,0,0,0,0,0,0,0,0,0,0,1,0,0,0,0,0,0,0,0,0,0,0,1,0,0,0,0,0,1,0,0,0,0,0,0,0,0,0,0,2,0,0,0,0,0,0,0,1,0,0,0,0,0,0,0,0,0,0,0,1,0,0,0,0,0,0,0,0,0,0,0,1,0,0,0,0,0,0,0,0,0,0,0,0,0,0,0,0,0,0,0,1,0,0,0,0,1,1,0,0,0,0,0,0,0,0,0,0,0,0,1,0,0,0,0,0,0,0,0,0,0,0,0,0,0,0,1,0,0,0,1,0,0,0,0,0,0,0,0,0,0,0,0,1,0,0,0,0,0,0,1,0,0,0,0,0,0,0,0,0,0,0,0,0,1,0,0,0,0,0,0,0,0,0,0,0,0,0,0,1,0,0,0,0,1,0,0,0,1,0,0,0,1,0,0,1,0,0,0,0,0,0,0,0,0,1,0,0,0,0,0,0,0,0,0,1,0,0,0,0,0,0,0,0
0,0,0,0,0,0,0,0,0,0,0,0,0,0,0,0,0,0,0,2,0,0,0,0,0,0,0,0,0,0,0,0,0,0,0,0,1,0,0,0,0,0,1,1,0,0,0,0,0,0,0,0,0,0,0,0,0,0,0,1,0,0,0,0,0,0,0,0,0,0,0,0,1,0,0,0,0,0,0,0,1,0,0,0,0,0,0,1,0,0,0,0,0,0,0,0,0,0,0,0,0,0,0,0,0,0,0,1,0,0,1,0,0,0,0,0,0,0,0,0,0,0,0,0,0,0,1,1,0,0,0,0,0,0,0,0,0,0,0,0,0,0,0,0,0,0,1,0,0,0,0,1,0,0,0,0,0,0,0,0,0,0,0,1,0,0,0,1,1,0,1,0,0,0,0,0,0,0,0,1,0,0,0,0,0,0,0,0,0,1,0,0,0,0,0,0,0,0,0,0,0,0,0,0,0,0,0,0,0,0,0,0,0,1,0,0,0,0,1,0,0,0,0,0,0,0,0,0,0,0,0,0,0,0,0,0,0,0,0,0,0,0,0,0,0,0,0,0,0,1,0,0,0,0,0
0,0,0,0,0,0,1,0,0,1,2,0,0,0,0,0,0,0,0,3,0,0,1,2,0,0,0,0,0,0,0,0,0,0,0,0,0,1,0,1,3,0,2,0,0,0,0,0,0,0,0,0,0,1,0,0,0,0,0,0,0,0,0,0,0,0,1,0,1,0,0,0,0,0,0,0,0,0,1,0,0,0,0,3,1,0,0,0,0,0,2,2,2,0,0,0,0,0,0,0,0,0,0,0,7,0,0,0,2,0,0,0,0,0,2,0,0,0,0,0,0,0,0,0,2,0,0,0,0,0,0,1,0,0,0,2,0,0,2,0,0,0,0,0,2,0,0,3,0,3,0,0,0,0,0,0,0,0,0,1,0,0,0,0,6,0,0,0,0,0,0,0,0,0,0,0,0,0,3,0,2,0,0,0,0,0,2,0,0,0,0,0,1,0,0,0,0,0,0,0,0,0,0,0,0,2,0,0,1,0,0,0,0,0,5,0,0,0,0,0,0,0,0,1,0,0,0,0,0,0,1,2,0,0,0,0,0,0,0,0,3,0,0,0,0,0,5,0,0,0,0,0,0,0,0
2,0,0,2,3,0,0,0,0,2,0,3,0,0,0,3,0,0,4,2,0,0,2,0,0,1,3,0,2,0,8,0,0,4,5,3,0,3,3,0,3,0,0,0,0,0,0,0,0,0,0,0,0,0,0,0,0,0,0,0,0,2,1,0,0,0,0,0,0,0,3,0,0,0,0,4,0,0,7,7,7,0,0,0,0,1,0,1,0,0,6,0,0,1,6,1,0,2,0,0,0,1,0,0,0,0,5,2,0,0,3,9,0,2,0,0,0,3,0,0,0,0,0,0,3,0,0,2,0,0,0,1,0,2,0,1,0,0,0,0,2,0,0,0,0,0,0,3,0,0,0,0,2,0,0,0,0,0,0,0,0,0,0,0,0,0,1,0,0,0,1,4,0,3,0,0,0,0,0,6,3,2,0,0,2,0,0,0,0,0,0,0,2,1,0,2,0,3,0,0,1,0,0,0,0,0,0,0,0,2,0,5,0,1,0,4,0,0,0,0,0,0,0,0,0,0,0,3,6,3,0,0,0,0,3,0,2,0,3,1,0,0,0,0,0,0,0,0,2,0,0,1,0,3,2
0,0,39,0,0,40,26,0,0,0,0,1,0,10,0,15,16,4,0,0,0,0,0,56,0,0,0,20,0,0,0,0,0,0,33,0,0,0,0,0,0,24,16,0,0,0,0,0,3,12,19,0,0,0,13,19,0,40,29,62,0,0,0,0,0,0,5,5,0,0,17,0,0,15,22,30,0,36,50,19,0,0,10,11,0,0,41,0,0,0,0,0,9,0,24,0,27,27,20,0,0,0,0,19,15,0,0,8,0,0,0,0,0,70,0,15,26,0,0,38,4,0,0,0,16,33,0,32,0,14,0,15,0,0,22,0,11,0,0,0,0,6,20,0,0,24,13,8,0,0,37,0,0,26,8,0,0,0,0,0,12,14,0,0,0,0,0,0,0,7,0,24,0,12,40,0,0,26,0,0,0,0,0,0,0,0,0,0,25,0,0,13,15,0,0,0,0,0,0,0,2,0,21,0,8,0,0,0,0,0,0,0,0,0,0,0,0,0,16,0,0,0,0,0,0,0,0,0,0,0,0,0,0,0,0,0,26,0,7,11,0,16,0,0,0,0,0,0,0,0,0,0,0,0,0
0,0,0,0,2,0,0,1,0,0,0,0,0,0,0,0,0,0,0,0,0,0,0,0,0,4,0,0,0,0,0,0,0,0,0,0,0,0,1,0,0,0,0,0,0,0,0,0,0,0,0,0,0,0,0,0,0,0,0,0,0,2,0,0,1,0,0,0,0,0,0,0,1,0,0,0,0,0,0,0,0,0,0,1,0,1,1,0,1,1,0,0,0,0,2,0,0,0,1,0,0,0,0,0,0,0,0,0,0,0,1,0,0,0,0,3,0,0,0,0,0,0,0,0,0,0,0,1,0,0,0,0,0,0,0,0,0,0,1,0,0,0,0,0,0,0,1,0,0,3,0,0,0,0,0,0,0,0,0,0,0,1,5,0,1,0,0,0,0,1,2,0,0,0,1,0,0,0,0,0,2,0,0,0,0,0,0,0,0,0,1,0,0,1,0,0,0,2,0,1,0,0,0,0,0,0,0,0,0,0,0,0,0,0,2,0,0,0,0,0,0,0,0,0,1,0,0,0,0,0,4,0,0,0,0,0,0,0,0,0,0,0,1,2,0,0,0,0,0,0,0,0,1,0,0
0,0,0,0,0,0,0,0,0,0,0,0,0,0,0,0,0,0,0,0,0,0,0,0,0,0,0,0,0,0,0,0,0,0,0,0,0,0,0,0,0,0,0,1,0,1,0,0,0,0,0,0,0,0,0,0,0,0,0,0,1,0,0,0,0,0,0,0,0,0,0,0,0,0,0,0,0,0,0,0,0,0,0,0,0,0,0,0,0,0,0,0,0,0,0,0,0,0,0,0,0,0,0,0,0,0,0,0,0,0,0,0,0,0,0,0,0,0,0,0,0,0,0,0,0,0,0,0,0,0,0,0,0,0,0,0,0,0,0,1,0,0,0,0,0,0,0,0,0,0,0,0,0,0,0,0,0,0,0,1,0,0,0,0,0,0,0,0,0,0,0,0,0,0,0,0,0,0,0,0,0,0,0,0,0,0,0,0,0,0,0,0,0,0,0,0,0,0,0,0,0,0,0,0,0,0,0,0,0,0,0,0,0,0,0,0,0,0,0,0,0,0,0,0,0,0,0,0,0,0,0,0,0,0,0,0,0,0,0,0,0,0,1,0,0,0,0,0,0,0,0,0,0,0,0
2,0,0,0,0,4,0,2,0,1,0,0,5,0,4,0,6,8,0,0,0,0,5,5,0,0,0,0,0,0,0,0,7,0,0,0,4,0,0,0,0,0,0,2,0,0,4,0,3,1,0,0,1,0,0,0,0,4,3,0,0,0,0,0,0,0,0,0,0,0,0,0,0,0,4,0,8,0,0,0,0,0,5,0,0,0,0,0,0,0,0,0,2,0,0,2,3,0,0,0,0,0,0,0,0,0,0,0,3,4,0,0,0,0,0,0,3,0,0,0,0,0,0,0,0,0,0,0,0,0,0,0,0,0,0,0,0,0,0,0,0,0,17,0,0,0,0,0,0,3,0,0,2,0,0,0,0,0,0,0,4,6,2,0,0,0,0,0,0,0,0,0,0,0,0,0,0,1,0,6,0,0,0,0,0,0,5,0,0,0,0,0,0,0,0,2,0,0,0,0,0,0,0,0,0,0,0,0,0,0,0,2,0,3,0,0,0,0,0,0,0,5,0,4,0,4,2,0,3,0,7,0,0,0,0,0,0,0,0,0,0,0,4,0,0,0,0,0,0,2,0,0,0,2,0
0,1,2,3,7,0,5,6,0,3,0,2,1,4,1,3,5,5,5,5,2,0,7,3,0,2,4,0,4,5,3,2,4,3,3,5,0,2,8,2,0,1,1,0,1,2,6,0,0,1,4,5,1,1,5,2,2,3,2,7,1,1,1,0,0,0,0,3,6,5,2,2,0,3,0,1,2,9,2,0,4,4,14,4,0,7,8,10,0,0,11,4,5,0,1,6,0,4,2,2,1,3,3,6,5,2,2,7,0,0,4,4,0,5,9,5,7,1,6,3,5,1,1,4,3,5,8,4,1,2,0,2,7,3,5,0,4,2,2,0,3,2,0,2,1,0,3,0,2,2,4,8,1,2,6,3,9,11,0,0,0,0,1,2,0,4,0,1,0,1,1,2,2,3,0,2,5,2,0,2,1,1,4,6,3,0,4,6,6,0,4,2,2,7,5,3,2,4,3,7,4,4,8,2,3,1,7,4,0,2,5,2,0,0,3,7,5,4,5,1,0,4,16,5,9,8,2,12,1,3,1,1,7,2,7,4,5,7,0,3,11,0,10,0,4,2,9,5,2,5,3,3,1,2,1
0,3,0,0,3,0,5,0,3,0,5,2,0,0,0,0,0,3,7,0,8,0,0,0,6,0,5,0,5,0,0,0,0,0,0,0,0,0,0,0,0,0,0,0,0,0,0,4,0,0,0,0,0,0,0,0,0,0,0,4,2,0,2,4,0,0,0,3,0,0,0,0,0,0,0,3,0,2,0,0,0,0,0,4,0,0,0,0,0,0,0,0,5,0,1,6,0,0,0,0,0,0,0,0,0,0,0,0,0,0,0,0,6,0,0,0,0,0,0,0,0,0,4,0,0,0,0,0,2,0,0,15,5,0,0,0,1,0,0,0,0,0,7,4,0,2,0,0,0,0,0,3,0,3,0,7,0,6,0,0,0,7,0,0,0,0,0,3,0,0,0,0,0,0,0,5,4,0,0,0,0,0,0,0,16,6,0,0,3,2,0,0,3,0,3,0,0,0,0,0,5,0,6,0,7,5,0,0,2,0,5,0,9,0,0,0,0,8,0,0,0,0,0,0,0,0,0,0,0,3,0,14,0,0,0,0,0,0,0,0,5,0,0,0,0,10,8,0,0,0,0,0,13,0,0
4,0,0,0,13,0,17,0,8,0,0,0,8,0,0,0,0,0,18,9,0,5,0,0,0,0,0,0,0,17,7,0,0,5,0,19,0,4,0,4,0,2,0,0,0,0,0,0,0,0,0,0,0,0,0,11,0,5,0,0,0,0,0,6,0,0,6,0,3,0,0,10,0,0,0,0,27,0,0,0,4,0,0,0,0,0,0,0,0,0,0,0,0,0,0,7,0,0,4,0,0,0,4,3,0,0,0,0,6,0,0,0,0,0,0,5,6,0,0,0,0,0,0,0,0,0,6,0,0,0,0,0,0,0,3,0,0,10,0,0,0,0,0,0,0,0,0,0,0,0,0,0,0,0,3,0,0,0,0,0,8,0,0,0,0,0,0,0,0,5,6,0,0,0,0,0,10,0,0,0,0,11,4,0,0,5,0,0,0,4,10,0,0,0,0,5,0,3,0,0,0,0,0,2,6,0,0,0,0,0,0,0,0,0,4,0,0,5,0,0,0,0,0,0,0,3,0,0,0,0,4,0,3,0,0,0,0,0,0,0,6,0,0,1,0,0,0,0,6,8,0,0,0,0,0
0,0,0,0,0,0,0,0,0,0,0,0,0,0,0,0,0,0,0,0,0,0,0,0,0,0,0,0,0,0,0,0,0,0,0,0,0,0,0,0,0,0,0,0,0,0,0,0,0,0,0,0,0,0,1,0,0,0,0,0,0,0,0,0,0,0,0,0,0,1,0,0,0,0,0,0,0,0,0,0,0,0,0,0,1,0,0,0,0,0,0,0,0,0,0,0,0,0,0,0,0,0,0,0,0,0,0,0,0,0,1,0,0,0,0,0,0,0,0,0,0,0,0,0,0,0,0,0,0,0,0,0,0,1,0,0,0,0,0,0,0,0,0,0,0,0,0,0,0,0,0,0,0,0,0,0,0,0,0,0,0,0,0,1,0,0,0,0,0,0,0,0,0,0,0,0,0,0,0,0,0,0,0,0,0,0,0,0,0,0,0,0,0,0,0,0,0,0,0,0,0,0,0,0,0,0,0,0,0,0,0,0,0,0,0,0,0,0,0,0,0,0,0,0,0,0,0,0,0,0,0,0,0,0,0,0,0,0,0,0,0,0,1,0,0,0,0,0,0,0,0,0,0,0,0
0,0,0,0,0,0,0,0,0,0,0,0,0,0,0,0,0,0,0,0,0,0,0,0,0,0,0,0,0,0,0,0,0,0,0,0,0,0,0,0,0,0,0,0,0,0,0,0,0,0,0,0,0,0,0,0,0,0,0,0,0,0,0,0,0,0,0,0,0,0,0,0,0,0,0,0,0,0,0,0,0,0,0,0,0,0,0,0,0,0,0,0,0,0,0,0,0,0,0,0,0,0,0,0,0,0,0,0,0,0,0,0,0,0,0,0,0,0,0,0,0,0,0,0,0,0,0,0,0,0,0,0,0,0,0,0,0,0,0,0,0,0,0,0,0,0,0,0,0,0,0,0,0,0,0,0,0,0,0,0,0,0,0,0,0,0,0,0,0,0,0,0,0,0,0,0,0,0,0,0,0,0,0,0,0,0,0,0,0,0,0,0,0,0,0,0,0,0,0,0,0,0,0,0,0,0,0,0,0,0,0,0,0,0,0,0,0,0,0,0,0,0,0,0,0,0,0,0,0,0,0,0,0,0,0,0,0,0,0,0,0,0,0,0,0,0,0,0,0,0,0,0,0,0,0
0,0,0,0,0,0,0,0,0,0,0,0,0,0,0,0,0,0,0,0,0,0,0,7,0,0,0,0,2,0,0,0,0,15,0,22,0,0,0,7,6,0,12,0,0,0,0,0,12,0,0,0,0,0,0,0,0,0,0,0,8,0,14,0,0,0,18,0,0,0,0,0,0,21,0,0,0,0,4,0,0,0,0,0,5,0,0,0,7,0,0,0,0,0,0,16,0,0,0,0,0,0,0,7,0,0,0,0,0,0,0,0,0,0,0,11,5,0,12,0,5,0,6,0,0,0,0,0,0,0,0,0,0,0,0,0,0,0,0,0,7,0,0,0,0,0,6,12,0,0,4,0,0,0,7,0,2,0,0,0,6,0,0,0,0,0,0,0,0,0,0,0,0,0,0,0,0,3,10,0,0,0,0,8,0,0,0,26,0,0,0,0,10,0,10,0,0,0,0,0,0,0,0,30,0,0,16,0,8,0,0,0,15,0,1,0,0,0,8,0,0,0,0,0,0,0,8,0,0,0,7,5,8,0,0,15,0,0,5,0,0,0,0,0,0,0,28,0,0,0,0,0,7,0,0
3,0,0,0,0,0,0,0,0,0,0,0,0,1,0,0,0,0,3,0,0,2,0,0,0,1,0,0,0,0,0,0,0,0,5,0,0,0,0,0,0,0,0,0,0,0,0,0,0,0,0,3,0,3,0,0,3,0,0,0,4,0,0,0,0,0,5,0,0,0,0,0,0,0,0,2,0,0,2,0,0,0,0,6,0,0,0,0,0,3,0,0,0,0,0,2,0,0,0,0,0,7,0,0,0,0,2,0,0,2,0,0,0,0,1,2,0,0,0,1,0,0,0,0,0,0,0,0,0,0,0,0,0,0,0,2,0,0,0,3,0,1,0,0,0,2,5,0,0,0,3,0,0,0,4,0,2,0,0,0,0,0,0,0,0,0,0,0,0,0,0,0,0,0,0,3,3,0,0,0,5,0,0,0,2,0,0,0,0,4,0,0,4,0,0,2,0,3,2,0,0,3,0,0,0,0,0,3,0,0,0,0,0,0,0,0,0,0,0,0,0,0,0,0,0,1,0,0,0,0,2,0,0,0,0,0,0,0,0,0,0,0,0,0,0,0,0,0,0,0,0,0,0,3,0
3,0,0,0,0,0,0,0,3,0,0,0,0,0,0,0,0,0,0,0,0,0,0,0,0,0,0,0,6,0,0,0,0,0,0,0,0,0,0,0,5,3,4,4,0,0,0,0,0,0,0,6,0,0,2,2,0,0,0,0,0,0,0,0,0,0,0,4,2,2,0,0,5,2,3,0,0,3,0,0,1,0,0,0,9,0,0,3,0,0,0,0,0,0,0,0,0,2,4,0,0,3,0,0,0,0,3,0,0,0,0,0,0,0,0,0,0,0,0,0,0,0,0,6,0,0,0,0,4,10,0,4,0,0,2,0,0,0,0,0,0,4,0,0,0,0,0,0,0,0,0,0,0,0,0,0,0,0,0,0,5,8,0,0,0,0,0,0,0,0,0,0,0,0,0,0,0,7,0,2,0,0,0,0,4,0,0,0,3,0,0,0,2,0,0,0,7,5,0,0,0,0,0,0,1,0,0,0,0,0,0,0,0,1,0,0,0,3,3,0,0,0,0,2,0,3,4,0,0,0,0,2,0,0,0,0,0,4,0,0,0,8,0,4,5,0,0,3,0,0,0,0,7,0,3
0,0,0,0,0,0,0,0,0,0,0,1,0,0,0,0,0,0,0,0,0,0,0,0,0,0,0,0,0,0,0,0,0,0,0,0,0,0,0,0,0,0,1,0,0,0,0,0,0,0,0,0,0,0,0,0,0,0,0,0,1,0,0,0,0,0,0,1,0,0,0,0,1,1,0,0,0,0,0,0,0,0,0,1,0,0,0,2,1,1,0,0,1,1,0,0,0,1,0,0,0,0,0,0,0,0,0,0,1,0,0,0,0,0,0,0,0,0,0,0,0,0,0,1,0,0,0,0,1,0,2,0,0,0,1,0,0,0,0,0,0,0,0,0,3,0,0,1,0,0,0,1,0,0,0,0,0,0,0,0,0,0,0,0,0,0,0,0,0,0,0,3,0,0,1,1,1,0,0,0,0,0,0,0,2,0,0,0,0,0,0,0,0,0,0,0,1,0,0,0,0,0,0,0,1,1,0,1,0,4,0,0,0,0,0,0,0,0,0,0,0,0,0,0,2,0,0,0,0,0,0,0,3,0,0,0,0,0,0,1,0,0,0,0,0,1,0,0,0,0,0,0,0,0,0
0,9,0,0,0,0,0,0,0,0,2,0,0,0,0,3,0,0,0,1,0,0,0,0,0,0,0,0,0,0,0,4,0,4,0,0,3,0,0,0,0,2,0,0,3,2,0,0,0,4,3,0,0,0,0,0,0,0,0,0,0,0,0,0,0,0,0,0,5,0,0,0,4,0,0,0,0,0,0,0,0,0,7,0,0,0,0,0,0,0,0,4,0,3,0,0,0,0,0,0,0,0,1,0,0,4,0,0,5,0,3,0,2,4,0,0,0,1,0,0,0,3,0,0,0,0,1,9,0,3,0,0,0,0,0,6,0,5,3,0,0,1,0,0,1,2,0,3,2,8,0,0,0,0,0,0,0,0,0,0,0,0,3,0,0,0,0,0,0,0,0,0,0,0,0,0,3,0,0,0,0,0,0,0,0,0,0,2,11,0,0,0,0,0,0,1,0,0,4,0,0,3,0,0,4,0,0,2,0,0,0,0,2,0,0,0,0,0,0,3,0,0,0,0,2,2,6,0,2,0,0,0,0,0,0,0,0,0,0,0,0,0,0,3,3,0,0,0,1,0,0,0,3,0,0
0,0,0,0,0,0,0,0,0,0,0,0,0,0,0,0,0,0,0,0,0,0,0,0,0,0,1,0,0,0,0,0,0,0,0,0,0,0,0,0,0,0,0,0,0,0,0,0,0,0,0,0,0,0,0,0,0,0,0,0,0,0,0,0,0,0,0,0,0,0,0,0,0,0,0,0,0,0,0,0,0,0,0,0,0,0,0,1,0,0,0,0,0,0,0,0,0,0,0,0,0,0,0,0,0,0,0,0,0,0,0,0,0,0,0,0,0,0,0,0,0,0,0,0,0,0,0,0,0,0,0,0,0,0,0,0,0,0,0,0,0,0,0,0,0,0,0,0,0,0,0,0,0,0,0,0,0,0,0,0,0,0,0,0,0,0,0,0,0,0,0,0,0,0,0,0,0,0,1,0,0,0,0,0,0,0,0,0,0,0,0,0,0,0,0,0,0,0,0,0,0,0,0,0,0,0,0,0,0,0,0,0,0,0,0,0,0,0,0,0,0,0,0,0,0,0,0,0,0,0,0,0,0,0,0,0,0,0,0,0,0,0,0,0,0,0,0,0,0,0,0,1,0,0,0
0,1,0,0,0,0,2,0,0,0,0,0,0,0,1,2,0,0,0,0,0,0,0,0,0,0,0,0,0,0,0,0,0,0,0,0,0,0,0,0,0,0,3,3,0,0,0,0,0,0,0,0,2,4,0,0,0,0,0,0,3,0,0,0,0,3,5,0,0,0,0,0,1,0,3,0,0,3,0,0,0,0,2,0,0,0,0,0,2,0,0,0,2,0,0,0,0,0,0,2,0,0,0,0,0,0,0,0,0,0,0,0,0,0,0,0,0,0,3,0,0,0,0,0,0,2,0,0,0,0,0,0,3,0,0,0,0,0,0,3,0,2,0,0,0,0,0,0,2,0,0,0,0,0,0,0,0,0,0,0,0,0,0,0,0,2,0,0,0,0,1,0,0,0,1,0,0,0,0,0,1,2,1,0,0,0,1,0,0,0,0,4,1,0,0,0,4,0,1,0,0,0,0,0,0,0,0,2,0,0,0,0,0,0,0,0,0,0,0,0,0,0,0,0,0,0,2,0,0,0,0,0,1,0,0,0,0,0,0,0,0,0,0,0,0,0,0,0,0,0,0,0,0,0,0
0,0,2,0,0,3,0,0,6,0,2,5,0,0,0,0,0,7,0,0,0,0,0,0,0,0,4,0,0,0,0,0,0,0,0,0,4,0,0,2,3,0,0,0,3,0,5,13,2,27,3,0,4,0,1,3,4,3,9,5,0,5,0,0,0,0,0,13,0,0,4,0,0,2,9,0,0,19,0,0,0,3,0,1,0,5,6,0,0,0,0,0,2,0,0,3,0,0,0,0,2,0,1,2,2,4,0,2,0,0,0,0,0,0,0,1,0,0,0,3,10,0,4,4,0,2,0,0,0,0,2,0,2,0,7,0,0,0,0,5,0,5,4,0,0,0,9,0,0,0,5,0,2,0,1,0,1,0,2,0,2,0,0,0,0,0,0,0,0,0,1,0,0,0,0,0,1,0,0,0,0,0,0,1,0,0,0,0,0,0,0,2,3,0,0,0,0,0,0,0,0,0,3,0,0,3,0,3,0,0,0,0,6,0,0,0,0,2,0,0,0,0,0,0,0,0,0,3,0,0,0,0,0,0,0,0,0,0,2,2,0,0,4,0,0,3,0,0,0,0,0,0,2,4,2
3,0,0,0,0,0,0,0,0,5,0,3,0,0,3,0,0,0,0,0,0,1,0,0,0,0,0,0,0,0,0,0,0,0,1,3,2,0,0,0,0,0,0,1,0,0,1,0,0,0,0,2,0,0,0,0,0,1,1,0,2,0,0,3,0,0,0,0,0,1,0,0,0,0,0,0,0,0,0,0,0,0,0,0,0,0,0,0,1,4,0,0,1,2,0,0,0,0,0,0,2,0,0,0,0,0,0,0,0,0,2,0,0,0,0,0,0,0,0,0,0,0,0,0,1,0,0,0,0,0,0,0,0,2,0,0,0,0,0,2,0,0,2,0,0,0,4,0,1,0,0,0,1,0,0,0,0,2,0,0,0,0,0,0,0,0,0,0,0,0,0,0,0,0,1,1,0,2,0,0,0,1,0,0,5,0,0,0,0,0,0,0,0,0,2,0,0,0,0,0,0,1,0,0,0,0,0,0,0,0,1,0,0,0,0,0,2,0,0,0,0,0,2,2,0,0,0,0,2,0,0,0,1,0,0,0,0,0,0,6,2,0,0,0,0,3,0,0,0,0,0,0,0,3,0
0,0,0,0,0,0,0,0,0,0,0,0,0,0,0,0,0,1,0,0,0,0,0,0,0,0,0,0,0,0,0,0,0,0,0,0,0,0,0,0,0,0,0,0,0,0,0,0,0,0,0,0,0,0,0,0,0,0,0,0,0,0,0,0,0,0,0,0,0,0,0,0,0,0,0,0,0,0,0,0,0,0,0,0,0,0,0,0,0,0,0,0,0,0,0,0,0,0,0,0,0,0,0,0,0,0,0,0,0,0,0,0,0,0,0,0,0,0,0,0,0,0,0,0,0,0,0,0,0,0,0,0,0,0,0,0,0,0,0,0,0,0,0,0,0,0,0,0,0,0,0,0,0,0,0,0,0,0,0,0,0,0,0,0,0,0,0,0,0,0,0,0,0,0,0,0,0,0,0,0,0,0,0,0,0,0,0,0,0,0,0,0,0,0,0,0,0,0,0,0,0,0,0,0,0,0,0,0,0,0,0,0,0,0,0,0,0,0,0,0,0,0,0,0,0,0,0,0,0,0,0,0,0,0,0,0,0,0,0,0,0,0,0,0,0,0,0,0,0,0,0,0,0,0,0
0,0,0,0,0,0,0,0,0,0,0,0,0,0,0,0,0,0,0,0,0,0,0,0,0,0,0,0,0,0,0,0,0,0,0,0,0,0,0,0,0,0,0,0,0,0,0,0,0,0,0,0,0,0,0,0,0,0,0,0,0,0,0,0,0,0,0,0,0,0,0,0,0,0,0,0,0,0,0,0,0,0,0,0,0,0,0,0,0,0,0,0,0,0,0,0,0,0,0,0,0,0,0,0,0,0,0,0,0,0,0,0,0,0,0,0,0,0,0,0,0,0,0,0,0,0,0,0,0,0,0,0,0,0,0,0,0,0,0,0,0,0,0,0,0,0,0,0,0,0,0,0,0,0,0,0,0,0,0,0,0,0,0,0,0,0,0,0,0,0,0,0,0,0,0,1,0,0,0,0,0,0,0,0,0,0,0,0,0,0,0,0,0,0,0,0,0,0,0,0,0,0,0,0,0,0,0,0,0,0,0,0,0,0,0,0,0,0,0,0,0,0,0,0,0,0,0,0,0,0,0,0,0,0,0,0,0,0,0,0,0,0,0,0,0,0,0,0,0,0,0,0,0,0,0
0,0,9,0,0,0,0,0,0,1,0,5,3,5,0,2,0,0,0,0,4,0,0,0,1,0,0,0,0,0,0,2,0,2,0,0,1,0,0,0,0,0,0,0,0,0,0,0,0,0,0,0,1,0,0,0,0,0,0,0,0,0,0,0,0,1,0,0,0,0,0,0,0,3,0,1,0,0,0,0,0,0,0,0,0,0,1,0,0,0,0,1,1,0,4,0,0,0,0,0,0,0,0,0,0,2,0,0,0,0,0,0,0,0,2,0,0,0,0,0,0,0,0,0,1,0,0,2,0,1,2,0,0,0,0,0,0,0,0,0,0,0,0,1,0,0,0,0,0,0,0,0,0,1,0,0,0,0,2,0,0,0,0,0,0,2,8,0,0,0,0,0,4,1,0,0,0,0,0,0,0,4,1,3,0,0,0,1,0,2,0,0,9,0,0,0,0,0,0,0,0,1,0,0,0,0,0,1,1,0,0,0,1,0,0,0,0,1,0,0,0,0,0,0,0,0,0,0,0,0,1,0,0,0,1,0,4,0,0,0,2,0,1,0,0,4,0,0,0,0,0,0,0,0,1
0,0,0,0,0,0,0,0,0,0,0,0,0,0,0,0,1,0,0,0,0,0,0,1,0,0,0,0,0,0,0,0,0,0,0,0,0,0,0,0,0,0,0,0,0,0,0,0,0,0,0,0,0,0,0,0,0,0,0,0,0,0,0,0,0,0,0,0,0,1,0,0,0,1,0,0,0,0,0,0,0,0,0,0,0,0,0,0,0,0,0,0,0,0,0,0,0,0,0,0,0,0,0,0,0,0,0,0,0,0,0,0,0,0,0,0,0,0,0,1,0,0,0,0,0,0,0,0,0,0,0,0,0,0,0,0,0,0,0,0,0,0,1,0,0,0,0,0,1,0,0,0,0,0,0,0,0,0,0,0,0,0,0,0,0,0,0,0,0,0,0,0,0,0,0,0,0,1,0,0,0,0,0,0,0,0,0,0,0,1,0,0,0,0,0,0,0,0,0,0,0,0,0,0,0,0,0,0,0,0,0,0,0,0,0,0,0,0,0,0,0,0,0,0,0,0,0,0,0,0,0,0,0,0,0,0,0,0,0,0,0,0,0,0,0,0,0,0,0,0,0,0,0,0,0
116,45,0,60,37,33,52,49,36,64,0,0,0,0,45,80,0,0,108,56,20,44,48,0,79,31,40,0,106,33,71,47,0,2,45,53,63,6,21,3,36,60,55,11,0,34,0,0,3,9,50,0,87,49,0,6,0,20,0,0,56,62,17,30,52,56,55,0,23,55,131,31,59,0,34,62,57,11,15,101,63,52,32,0,64,40,0,76,4,30,5,137,0,0,0,154,94,93,0,44,0,28,5,0,2,6,64,0,124,22,70,15,52,0,29,0,3,75,78,0,0,215,65,0,99,0,32,53,63,61,0,127,9,35,0,94,0,31,43,60,9,0,0,14,80,21,107,48,6,31,0,49,25,25,0,105,0,0,29,54,35,27,106,0,6,0,91,29,38,0,0,34,18,29,6,15,12,0,46,27,6,8,26,63,54,7,9,0,0,0,0,0,6,58,8,29,4,26,11,5,13,0,0,0,42,35,0,17,80,25,27,0,0,9,16,8,13,12,0,0,6,0,0,16,0,8,22,0,0,4,0,0,12,17,5,15,10,12,0,8,0,12,0,0,0,0,0,0,0,6,0,12,45,0,0
0,14,0,14,9,6,0,0,0,17,9,27,0,0,0,6,0,0,13,20,0,0,12,0,0,11,0,0,0,0,0,0,0,9,19,24,9,10,0,9,0,0,0,0,7,10,0,0,0,0,0,2,0,10,0,0,0,0,0,0,0,0,0,0,0,0,0,9,0,0,0,0,0,0,0,0,0,0,0,0,0,0,0,0,0,0,4,9,0,19,0,0,0,3,0,0,0,20,0,0,3,0,0,8,0,4,1,9,0,7,0,6,0,0,0,13,0,0,10,0,0,0,0,2,6,11,25,0,0,7,0,5,0,3,0,0,6,7,6,0,9,0,0,0,0,0,0,33,11,11,1,19,0,0,0,0,5,0,0,0,0,0,0,0,0,0,0,0,0,0,0,0,0,0,0,0,0,7,8,9,0,10,0,0,0,7,0,0,5,0,0,0,0,9,0,0,6,0,0,0,2,11,0,28,0,0,14,5,0,10,0,0,0,0,0,0,0,0,0,0,0,0,0,0,0,0,11,8,16,0,0,0,0,0,0,0,0,0,11,14,0,0,0,0,0,0,0,0,18,0,0,0,0,0,0
0,0,0,0,0,0,0,0,0,1,0,0,0,0,0,0,0,0,0,0,0,0,1,0,0,3,0,1,0,0,0,0,3,0,0,0,0,0,0,1,0,0,0,0,0,0,0,0,0,0,2,0,0,0,0,0,0,1,0,0,1,4,0,0,0,0,2,0,1,0,0,0,1,1,0,0,0,0,0,0,0,0,1,0,0,0,7,0,0,0,0,0,2,0,0,0,0,0,0,0,4,0,0,0,0,0,0,0,0,0,2,0,2,0,0,0,1,0,0,0,0,0,0,0,2,0,2,0,0,0,0,0,0,0,0,0,2,0,0,0,0,0,3,0,0,0,0,0,0,0,0,5,0,2,0,0,0,0,0,1,0,1,0,0,0,0,0,2,0,0,0,0,1,0,0,0,0,2,0,0,0,0,4,2,0,2,0,0,2,0,0,0,0,0,0,0,0,0,1,0,0,0,0,1,0,2,0,0,0,0,0,0,2,0,0,0,0,2,2,1,1,0,0,0,0,2,0,0,0,0,0,0,0,0,0,0,0,0,0,0,0,0,0,0,3,0,0,0,0,0,0,0,2,0,0
0,4,0,0,0,0,11,0,0,0,0,0,0,0,0,3,10,0,0,12,0,0,0,0,0,0,0,0,0,0,0,0,0,2,0,0,0,0,0,0,0,0,0,0,0,0,0,0,0,0,0,0,0,0,0,0,0,0,0,0,0,0,0,0,0,5,0,17,0,0,0,17,0,0,0,5,2,0,9,0,0,0,4,2,0,0,6,5,0,0,0,0,3,3,5,0,0,0,0,0,0,0,12,0,6,0,0,0,0,0,0,0,0,0,0,0,8,1,0,6,19,0,0,3,0,0,0,6,0,0,0,0,0,0,0,0,0,3,0,4,0,0,0,0,0,0,11,0,0,0,0,0,0,0,0,0,20,0,0,0,0,0,0,4,0,0,0,0,0,22,0,0,0,0,0,0,0,0,0,0,3,0,0,0,0,14,7,0,0,2,0,0,0,0,0,0,0,0,0,0,0,0,0,6,0,7,6,0,0,0,10,0,0,0,0,0,0,0,0,0,0,0,4,7,0,0,0,0,14,0,0,1,7,8,6,0,0,0,0,0,0,10,0,0,0,5,4,0,0,0,0,0,0,0,0
0,0,0,0,0,0,0,0,0,0,0,1,0,0,0,0,0,0,0,0,0,0,0,0,0,0,0,0,0,0,0,0,0,0,0,0,0,0,0,0,0,0,0,0,0,0,0,0,0,1,0,0,0,0,1,0,0,0,0,0,0,0,0,0,0,0,0,1,0,0,0,0,0,0,0,0,0,0,0,0,0,0,0,0,0,0,0,0,0,0,0,0,0,0,0,0,0,0,0,0,1,0,0,0,0,0,0,0,0,0,0,0,0,0,0,0,0,0,0,0,0,0,0,0,0,0,0,0,0,0,0,0,0,0,0,0,0,0,0,0,0,0,0,0,0,0,0,0,0,0,0,0,0,0,0,0,0,0,0,0,0,0,0,0,0,0,0,0,0,0,0,0,0,0,0,0,0,0,0,0,0,0,0,0,0,0,0,0,0,0,0,0,0,0,0,0,0,0,0,0,0,0,0,0,0,0,0,0,0,0,0,0,0,0,0,0,0,0,0,0,0,0,0,0,0,0,0,0,0,0,0,0,0,0,0,0,0,0,0,0,0,0,0,0,0,0,0,0,0,0,0,0,0,0,0
0,0,1,0,1,0,0,0,0,0,0,0,0,1,0,0,0,1,0,0,0,0,0,0,1,0,0,0,0,0,0,0,0,0,0,0,0,0,0,0,0,0,0,0,0,0,0,0,0,1,0,0,0,0,1,1,0,0,0,1,0,0,0,0,0,0,0,0,0,0,0,0,0,1,0,0,0,1,0,0,0,1,0,0,0,0,0,0,0,0,0,0,1,1,0,0,0,0,0,0,0,1,0,0,0,0,0,0,0,0,0,0,0,0,0,0,1,0,0,0,0,0,0,0,0,0,0,0,0,0,0,0,0,0,0,0,0,0,0,0,0,1,0,0,0,0,0,0,0,0,0,0,0,0,0,0,0,0,0,0,1,0,0,0,0,0,0,0,0,0,0,0,0,0,0,0,0,0,0,0,0,0,0,0,0,0,0,0,0,0,0,0,0,0,0,0,0,0,0,0,0,0,1,0,0,0,0,0,0,0,0,0,0,0,0,0,0,0,0,0,0,0,0,0,0,0,0,0,0,0,0,1,0,0,0,0,0,0,1,0,0,0,0,0,0,0,0,1,1,0,0,0,0,1,0
3,1,0,0,1,0,0,0,0,1,0,0,0,0,0,1,0,0,0,0,1,0,1,0,0,3,0,2,2,0,0,0,0,1,7,6,5,4,3,0,1,0,0,2,0,6,0,0,0,0,6,0,0,0,0,0,0,0,0,0,0,3,0,1,0,2,1,0,0,0,0,0,0,0,1,2,5,0,1,1,4,0,2,0,0,2,0,0,0,0,0,0,0,0,2,0,2,2,0,0,0,0,1,0,2,0,0,0,0,0,3,0,0,0,2,0,1,0,0,0,0,2,2,0,0,0,0,0,0,0,0,0,2,0,0,1,0,1,0,0,0,0,1,0,0,1,0,0,0,2,0,2,0,0,0,0,0,0,0,1,0,0,0,0,0,0,0,2,0,0,2,0,0,0,0,0,0,0,0,0,0,3,1,0,2,0,0,0,1,0,0,0,0,0,0,0,0,0,0,0,0,0,0,0,0,0,0,0,0,0,0,1,0,0,0,0,1,0,1,0,1,0,0,0,3,0,3,0,1,0,0,0,0,0,0,0,0,0,0,0,0,0,0,0,0,0,0,5,0,0,0,0,0,0,0
0,0,0,0,0,0,0,0,0,4,0,11,0,0,0,0,9,6,0,0,0,0,0,0,22,0,0,0,0,0,0,0,0,0,0,0,0,0,0,0,0,0,0,0,6,0,21,12,0,0,0,6,0,0,0,0,0,0,0,0,0,13,0,0,0,5,0,0,0,7,0,0,0,0,0,0,0,0,0,0,0,0,0,0,0,0,0,0,0,14,13,0,5,0,38,0,14,0,1,0,0,0,0,14,0,10,0,0,0,0,0,0,0,0,0,0,0,0,0,0,0,0,0,0,0,24,0,0,0,0,0,0,0,0,0,0,0,0,11,0,0,0,0,0,0,3,0,0,0,0,0,0,0,0,0,9,0,0,0,0,0,0,0,0,0,11,0,5,15,0,0,0,0,0,14,0,0,0,6,9,0,0,0,0,0,0,0,0,0,0,0,0,0,0,14,0,0,0,6,0,8,0,0,0,0,0,0,0,0,0,0,0,0,0,0,5,0,0,0,0,0,0,0,11,0,0,0,8,4,0,0,14,0,0,10,7,0,0,0,0,0,10,0,0,0,0,0,0,11,43,0,0,14,0,0
0,0,10,0,0,5,6,0,16,0,8,5,0,0,0,0,0,0,9,0,4,3,0,0,37,7,0,8,0,6,18,6,0,0,0,4,0,0,0,4,3,0,8,0,0,21,0,0,3,0,0,13,0,11,0,3,0,0,2,0,15,3,6,0,14,17,0,0,9,0,8,6,8,0,0,6,0,0,7,5,0,0,4,0,8,7,0,5,9,5,4,12,0,0,0,8,0,5,0,12,0,11,10,0,9,0,17,0,5,5,6,5,0,0,6,6,0,0,0,0,0,0,6,9,4,0,6,0,6,9,2,18,0,0,3,6,7,0,0,0,0,0,0,0,0,0,0,5,0,0,0,0,0,0,0,6,0,6,0,0,0,0,0,0,3,0,0,0,0,10,0,0,0,0,0,0,20,0,0,0,0,0,0,0,0,6,0,0,0,0,0,1,0,0,11,0,0,0,0,6,0,0,2,0,0,3,4,0,0,0,0,0,0,0,0,0,0,0,0,6,0,0,0,0,0,0,0,5,0,0,0,0,0,0,0,0,0,0,0,0,0,0,0,0,0,6,0,0,0,0,0,0,0,0,0
0,0,0,0,0,1,0,0,0,0,0,0,0,0,0,0,3,0,0,0,2,0,0,0,0,1,0,0,0,0,0,0,0,0,0,0,1,0,0,0,0,0,0,0,0,0,0,1,0,0,1,0,0,2,0,2,0,0,0,0,0,0,0,1,0,0,0,0,0,0,0,0,1,0,0,0,0,0,0,2,0,0,0,0,0,0,0,1,1,1,0,1,2,0,0,0,0,0,0,0,3,0,0,0,0,0,0,1,1,0,0,0,1,0,0,0,0,0,0,0,0,0,0,0,3,1,0,1,0,0,0,2,0,2,0,0,0,1,0,0,0,0,0,2,0,0,2,0,0,0,0,0,0,0,0,0,0,0,0,4,0,0,0,0,0,0,1,0,0,0,2,0,0,0,0,2,0,0,0,0,0,0,0,0,0,0,1,0,0,0,2,1,0,0,0,0,2,0,0,0,0,0,0,0,0,0,2,1,1,0,0,0,0,0,0,0,0,0,0,0,2,0,0,0,2,0,0,0,0,0,0,0,0,1,2,0,0,0,1,0,0,0,0,0,0,0,0,0,0,0,0,0,0,1,0
4,0,5,0,0,0,0,0,6,0,4,0,0,0,0,0,0,0,0,0,0,0,0,5,4,13,0,0,0,0,0,0,1,2,12,0,3,0,0,0,0,0,0,0,0,0,0,0,0,0,0,0,0,0,0,6,0,0,0,0,6,0,0,0,2,0,2,0,0,0,0,0,0,0,0,0,0,0,0,5,0,0,0,3,0,0,0,0,0,0,0,0,0,0,5,0,2,0,0,0,0,0,5,0,0,0,0,0,9,0,0,0,0,0,0,0,0,0,2,0,0,1,0,0,0,6,0,0,0,0,3,0,0,0,1,0,0,0,0,0,10,0,0,0,0,5,1,0,0,0,0,6,0,0,0,4,0,0,0,0,0,0,3,0,0,5,0,0,0,0,4,0,0,0,0,0,4,5,0,0,5,0,0,0,0,0,0,0,0,0,0,0,7,4,0,0,0,0,0,0,0,0,0,0,0,0,4,6,0,11,0,0,0,0,0,8,0,0,0,0,5,0,0,0,0,0,0,0,0,0,0,0,0,2,0,0,8,0,0,0,0,0,0,0,2,16,0,0,0,0,0,5,0,3,0
0,0,0,1,0,0,1,0,0,1,0,1,0,0,0,0,1,0,0,0,0,0,0,1,0,0,0,0,0,0,1,0,4,0,0,0,0,0,0,1,0,0,0,1,0,0,0,0,0,0,0,1,0,0,0,0,0,0,0,1,0,0,0,0,0,0,0,0,1,1,0,0,0,0,0,0,0,0,0,0,0,0,0,0,0,2,0,1,0,0,2,0,0,0,0,0,1,0,0,0,0,0,0,0,0,0,0,0,0,0,1,0,0,0,0,0,1,1,0,0,0,0,0,1,0,2,3,0,0,0,2,2,0,3,0,0,0,0,1,1,0,0,3,2,3,0,0,1,1,0,0,0,0,0,0,0,0,0,0,0,0,0,0,0,0,0,0,0,0,0,0,0,0,0,0,0,0,0,0,0,1,0,0,0,0,0,0,0,0,0,0,0,0,0,0,0,1,0,0,0,0,0,0,0,0,0,1,0,1,0,0,0,2,0,1,0,0,0,0,0,0,0,0,0,0,0,0,0,1,0,3,0,0,0,0,1,0,1,0,0,0,0,0,0,0,0,0,0,0,0,1,0,0,0,0
1,3,0,2,0,4,1,2,1,2,6,0,0,0,3,5,0,0,5,5,0,0,1,0,1,1,1,5,1,2,1,2,0,2,2,2,0,1,0,0,2,0,1,0,0,0,0,0,0,0,0,1,1,0,0,0,1,0,1,0,1,5,1,1,2,0,1,1,0,1,2,0,1,1,0,1,0,0,2,1,1,0,3,0,2,2,0,2,1,0,3,1,0,0,0,3,3,0,0,0,0,1,3,0,0,1,0,0,1,2,1,2,3,0,2,0,0,3,2,0,0,2,4,0,1,0,0,0,2,2,0,2,1,2,0,0,0,1,2,1,0,0,1,1,0,1,2,1,1,0,0,1,1,0,0,1,0,0,0,0,1,0,2,0,0,0,0,1,0,0,0,0,0,0,0,0,0,0,0,0,0,0,0,0,0,0,0,0,0,0,0,0,1,1,0,0,0,0,0,1,0,0,0,0,0,0,2,1,0,1,0,0,0,0,0,0,0,2,0,0,1,0,0,0,0,0,0,1,0,0,0,0,0,0,0,1,0,0,0,0,0,0,0,0,0,0,0,0,0,1,0,0,0,0,0
0,0,0,0,0,0,0,1,0,0,0,0,0,0,0,0,0,0,0,0,0,0,0,0,1,0,0,0,0,0,0,0,0,1,1,0,0,0,0,0,0,0,0,0,0,0,0,0,0,0,0,0,0,0,0,0,0,0,0,0,0,0,0,0,0,0,0,0,0,3,1,0,0,0,0,0,0,0,0,0,0,0,0,1,0,0,0,0,0,0,0,0,0,0,0,0,0,0,0,0,0,0,1,0,0,0,0,0,0,0,0,0,0,0,0,0,0,0,0,0,0,0,0,0,0,0,0,0,0,1,0,0,0,0,0,0,0,0,0,0,0,1,0,0,0,0,0,0,0,0,0,0,0,0,0,0,0,0,0,1,0,0,0,0,0,0,0,0,0,0,0,0,0,0,0,0,0,2,0,0,0,1,0,0,1,0,1,0,0,0,0,0,1,0,0,0,0,0,0,0,0,0,0,0,0,0,0,0,0,0,0,0,0,0,1,0,0,1,0,0,0,0,0,0,0,0,1,0,0,0,0,0,1,0,0,0,0,1,0,0,1,0,0,0,0,0,0,1,0,0,0,0,0,0,0
1,0,0,0,1,2,0,1,1,0,0,0,0,0,1,0,0,0,0,0,0,0,2,0,0,0,2,1,0,0,0,0,0,0,0,0,2,1,0,0,0,0,0,0,0,0,0,1,0,0,0,0,2,2,0,0,0,3,0,0,0,0,0,0,0,0,0,0,0,0,0,0,0,0,0,0,0,0,0,0,0,0,1,0,0,0,0,0,0,0,0,0,2,2,2,1,0,0,0,0,0,0,0,0,0,0,0,0,0,0,0,0,1,0,0,0,0,0,0,0,1,0,1,0,0,0,0,1,1,0,0,0,0,0,0,0,0,0,0,0,0,1,0,0,0,0,0,0,0,1,0,1,0,0,0,0,0,0,0,0,0,0,1,0,0,0,0,0,0,0,1,0,0,0,0,0,1,0,0,0,1,0,2,0,1,0,0,0,0,0,0,0,0,0,0,0,0,0,0,0,0,0,0,0,0,2,0,0,0,0,0,0,0,1,0,0,0,0,0,1,0,0,0,2,0,0,0,0,0,0,0,0,0,0,0,0,0,0,0,1,1,0,2,0,0,0,0,0,0,0,0,0,0,0,0
0,0,0,0,0,0,0,0,0,0,0,0,0,0,0,0,0,0,0,0,0,0,0,0,0,0,0,0,0,0,0,0,0,0,0,0,0,0,0,0,0,0,0,0,0,0,0,0,0,0,0,0,0,0,0,0,0,0,0,0,0,0,0,0,0,0,0,0,0,0,0,0,0,0,0,0,0,0,0,0,0,1,0,0,0,0,0,0,0,0,0,0,0,0,0,0,0,0,0,0,0,0,0,0,0,0,1,0,0,0,0,0,0,0,0,0,0,0,0,0,0,0,0,0,0,0,0,0,0,0,1,0,0,0,0,0,0,0,0,0,0,0,0,0,0,0,0,0,0,0,0,0,0,0,0,0,0,0,0,0,0,0,0,0,0,0,0,0,0,0,0,0,0,0,0,0,0,0,0,0,0,0,0,0,0,0,0,0,0,0,0,0,0,0,0,0,0,0,0,0,0,0,0,0,0,0,0,0,0,0,0,0,0,0,0,0,0,0,0,0,0,0,0,0,0,0,0,0,0,0,0,0,0,0,0,0,0,0,0,0,0,0,0,0,0,0,0,0,1,0,0,0,0,0,0
0,0,0,1,0,0,0,0,0,0,0,0,0,0,0,0,0,1,1,0,0,0,0,0,0,0,2,0,0,0,0,0,0,0,0,0,0,0,0,0,0,1,0,3,0,0,0,1,0,0,0,0,1,0,0,0,0,0,0,0,1,0,0,0,0,0,0,0,0,0,0,0,0,0,0,0,0,0,0,0,1,0,0,0,0,0,0,2,6,0,0,2,1,0,0,1,2,0,0,2,2,0,0,0,0,1,1,0,0,0,0,0,0,0,0,0,0,0,1,0,0,0,0,0,0,0,0,0,1,2,0,0,0,0,0,0,3,0,0,0,0,0,0,0,0,0,0,1,0,0,0,0,0,0,0,0,0,0,0,0,0,0,1,0,0,0,0,0,0,0,0,0,0,0,0,0,0,0,0,0,0,0,0,0,2,1,0,0,0,0,0,0,1,0,0,0,0,0,0,3,0,0,0,1,0,0,0,0,0,0,1,0,0,0,0,0,0,0,0,0,0,0,0,0,0,1,0,0,0,0,0,0,0,0,0,0,0,0,0,0,0,0,0,0,0,0,0,1,0,0,0,0,0,0,0
0,0,0,1,0,0,0,0,0,0,0,0,0,0,0,0,0,0,0,0,0,0,0,0,0,0,0,0,0,0,0,1,0,0,0,0,0,0,0,0,0,0,0,0,0,0,0,0,0,0,0,0,0,0,0,0,1,0,0,0,0,0,0,0,0,0,0,0,0,0,0,0,0,0,0,0,0,0,0,0,1,0,0,0,0,0,0,0,0,0,0,0,0,0,0,0,0,0,0,0,0,0,0,0,0,0,0,0,0,0,0,0,0,0,0,0,0,0,0,0,0,0,0,0,0,0,0,0,0,0,0,0,0,0,0,0,0,0,0,0,0,0,0,0,0,0,0,0,0,0,0,0,0,1,0,0,0,0,0,0,0,0,0,0,0,0,0,0,0,0,0,0,0,0,0,0,0,0,0,0,0,0,0,0,0,0,0,0,0,0,0,0,0,0,0,0,0,0,0,0,0,0,0,1,0,0,0,0,0,0,0,0,0,1,0,0,0,0,0,0,0,0,0,0,0,0,0,0,0,0,0,0,0,0,0,0,0,0,0,0,0,0,0,0,0,0,0,0,0,0,0,0,0,0,0
0,0,0,0,0,0,0,0,0,0,0,0,0,1,0,0,0,0,0,0,0,0,0,0,0,0,0,0,0,0,0,0,0,0,0,0,0,0,0,0,0,0,0,0,0,0,0,0,0,0,0,0,0,0,0,0,0,0,0,0,0,0,1,0,0,0,0,0,0,0,0,0,0,0,0,1,0,0,0,0,0,0,0,0,0,0,0,0,0,0,0,0,0,0,0,0,0,0,0,0,0,0,0,0,0,0,0,0,0,0,0,0,0,0,0,0,0,0,0,0,0,0,0,0,0,0,0,0,0,0,0,0,0,0,0,0,0,0,0,0,0,0,0,0,0,0,0,0,0,0,0,0,0,0,0,0,0,0,0,0,0,0,0,0,0,0,0,0,0,0,0,0,0,0,0,0,0,0,0,0,0,0,0,0,0,0,0,0,0,0,0,0,0,0,0,0,0,0,0,0,0,0,0,0,0,0,0,0,0,0,0,0,0,0,0,0,0,0,0,0,0,0,0,0,0,0,0,0,0,0,0,0,0,0,0,0,0,0,0,0,0,0,0,0,0,0,0,0,0,0,0,0,0,0,0
0,0,0,0,0,0,0,0,1,0,1,1,0,0,0,0,0,0,0,0,1,1,0,0,0,0,1,0,0,0,0,0,0,0,0,0,0,0,0,0,0,0,1,0,0,1,0,0,0,0,0,0,0,0,0,0,0,0,0,0,0,0,1,0,0,0,0,0,0,0,0,0,0,0,0,0,1,0,0,1,0,0,1,0,0,0,0,0,0,0,0,0,0,0,0,1,0,0,0,0,0,0,0,0,0,0,0,1,0,0,0,0,0,0,0,0,0,0,0,0,0,0,0,0,0,0,0,0,0,0,0,0,0,0,0,0,0,0,0,0,0,0,0,0,0,0,0,0,0,0,0,0,0,0,0,0,0,0,0,0,0,0,0,0,0,0,0,0,0,0,0,0,0,0,0,0,0,0,0,0,0,0,0,0,0,0,0,0,0,0,1,0,0,0,0,0,0,0,0,0,0,0,0,0,0,0,0,0,0,0,0,0,0,0,0,0,0,0,0,0,0,0,0,0,0,0,0,0,0,1,0,0,0,0,0,0,0,0,1,0,0,0,0,0,0,0,0,0,0,0,0,0,0,0,0
0,0,0,0,0,0,0,0,0,0,0,5,0,0,0,0,0,13,0,2,0,0,8,4,0,0,0,0,0,0,0,7,0,0,0,0,0,0,7,0,0,23,1,0,0,0,0,0,0,1,0,0,11,0,0,0,0,0,0,0,0,0,0,0,0,13,0,0,9,0,0,0,0,0,0,0,6,0,12,0,0,0,24,0,0,6,0,0,11,0,0,0,0,15,0,0,9,8,0,0,0,6,8,0,0,11,0,0,0,0,4,0,0,0,5,2,0,0,0,0,0,0,0,0,0,0,0,0,0,0,0,24,6,0,0,6,0,0,0,5,10,0,0,0,7,0,0,7,0,0,0,0,11,0,0,0,0,0,0,0,0,0,0,0,0,0,0,0,0,6,0,0,0,0,0,0,11,0,0,0,16,1,0,0,12,0,0,7,19,0,6,0,0,0,0,0,0,0,0,0,0,0,0,0,0,0,0,0,5,0,0,0,0,0,0,0,0,0,0,0,0,0,0,6,0,0,0,0,6,0,0,0,0,0,0,0,0,0,1,0,0,5,0,9,0,5,0,0,0,23,0,4,0,0,0
0,0,0,0,0,0,0,0,0,0,0,0,0,0,0,0,0,0,0,0,0,0,0,0,0,0,0,0,0,0,0,0,1,0,0,0,0,0,0,0,0,0,0,0,0,0,1,1,1,0,0,0,0,0,0,0,0,0,0,0,0,0,0,0,0,0,0,1,0,0,0,0,0,0,0,0,1,0,0,0,0,0,0,0,0,0,0,0,0,0,0,0,0,0,0,0,0,0,1,0,0,0,0,0,1,1,0,1,0,0,0,0,0,0,0,0,0,0,0,1,1,0,0,1,0,0,0,0,0,0,1,0,1,0,1,0,2,0,0,0,0,1,2,0,0,0,0,0,0,0,1,0,0,0,1,0,1,1,0,0,0,0,0,0,0,0,0,0,0,0,2,0,0,0,0,0,0,1,0,0,0,0,1,0,1,0,0,0,0,1,1,1,1,0,0,0,0,0,0,0,1,0,1,0,0,0,0,0,0,0,0,1,1,0,0,0,0,0,0,0,0,0,0,0,0,0,0,0,0,0,0,1,1,1,1,0,0,0,0,0,0,0,1,0,0,0,1,1,0,1,0,0,0,0,0
0,4,0,0,0,3,0,0,0,0,0,0,0,0,0,0,0,0,0,0,0,1,2,1,0,0,0,0,0,0,0,2,0,0,2,0,0,1,0,0,0,1,0,0,0,0,0,0,0,0,0,0,1,0,2,0,0,0,0,0,1,0,0,0,0,1,0,0,0,1,0,0,0,0,0,1,0,0,0,1,0,1,0,0,0,0,0,0,0,0,1,0,0,0,0,0,0,0,0,0,0,0,0,0,0,0,0,0,0,0,0,1,0,0,0,0,0,0,0,0,0,1,0,0,0,0,1,0,0,0,1,0,0,0,0,1,0,0,0,0,0,0,0,0,0,0,0,1,0,0,2,0,0,0,1,1,0,0,3,0,0,0,0,0,0,0,0,0,0,0,0,0,0,0,0,0,0,0,0,0,0,0,0,0,1,0,0,0,0,0,0,0,1,1,0,0,1,0,0,0,0,0,0,0,1,0,0,0,0,0,0,0,1,0,1,0,0,0,0,1,0,0,3,1,0,0,1,0,0,0,0,0,0,1,0,0,0,1,0,0,0,1,0,0,0,0,0,0,0,0,1,0,0,0,0
0,0,0,0,0,0,0,0,0,0,0,9,0,0,0,0,0,0,0,0,0,0,0,0,0,5,0,0,0,0,0,0,0,0,0,0,4,0,0,0,10,53,0,8,9,0,0,0,0,0,13,0,0,0,1,0,0,3,13,0,0,0,0,0,0,0,0,0,0,0,0,0,0,0,0,0,0,0,9,28,0,0,0,9,9,0,0,0,0,0,0,0,0,0,0,0,0,11,0,0,0,0,0,0,0,0,0,0,0,0,0,0,10,32,0,0,0,14,0,0,14,0,0,0,0,0,0,14,0,6,0,0,0,15,0,0,0,0,0,8,0,0,0,0,9,0,0,0,0,6,0,0,0,11,0,0,0,5,10,0,0,0,13,0,0,0,0,0,0,0,0,0,0,0,0,0,0,0,0,0,0,0,0,0,0,0,12,0,0,0,19,5,0,0,0,0,0,0,0,0,0,0,0,44,0,12,0,0,0,8,0,17,4,0,27,0,0,0,3,8,0,0,0,0,0,10,0,0,0,0,0,0,0,0,0,0,20,15,0,0,11,0,0,0,0,0,0,0,0,0,0,0,0,0,0
0,0,0,0,4,6,0,0,0,0,0,0,0,0,0,0,0,0,0,0,0,0,0,3,0,0,0,0,0,0,0,0,0,0,0,0,0,0,0,0,3,0,0,0,0,0,0,0,0,0,0,0,0,3,0,0,4,0,0,0,0,0,9,3,0,2,0,0,0,0,0,0,0,6,0,0,0,2,0,0,0,0,0,0,2,0,0,0,7,0,0,0,0,0,2,0,0,3,0,0,0,0,0,0,0,4,0,0,0,0,0,0,0,3,0,0,8,0,0,0,0,6,0,2,2,0,0,0,0,2,0,0,0,0,0,0,0,0,0,7,0,0,4,0,0,0,0,0,5,0,0,5,0,0,3,0,0,0,0,4,0,0,0,0,0,0,3,0,8,0,3,0,0,0,0,0,0,0,0,0,0,0,0,0,2,0,0,0,6,0,0,0,0,0,0,2,0,0,4,0,0,0,0,0,0,5,0,0,0,2,0,0,0,0,0,0,0,0,0,0,3,0,0,0,3,0,0,0,0,0,0,0,0,0,0,0,4,0,0,4,9,0,0,0,0,1,0,0,0,4,3,0,0,0,2
0,0,0,0,0,0,3,0,2,3,0,0,1,8,0,0,0,0,0,0,1,0,0,0,0,0,0,8,0,0,0,0,0,0,0,0,0,0,0,0,0,0,0,0,0,0,0,0,4,3,0,0,0,0,2,2,0,1,2,0,0,0,0,0,0,0,0,3,0,0,0,0,0,0,0,0,0,2,0,0,0,2,2,0,0,1,0,0,0,0,0,0,0,0,0,0,0,0,2,0,0,0,0,0,0,0,0,0,0,0,0,0,0,0,0,3,0,0,0,0,0,10,0,0,0,0,0,0,0,4,0,0,4,0,0,0,0,0,0,0,0,5,0,0,0,0,0,0,0,0,0,0,1,4,0,0,0,1,0,0,0,0,0,0,2,0,0,0,0,0,0,0,0,0,0,0,3,0,3,0,0,0,0,0,2,0,0,0,0,0,0,0,0,0,0,0,0,0,0,0,0,0,0,0,1,0,0,0,0,0,0,0,0,0,0,0,1,0,0,2,0,2,0,4,0,5,0,0,0,0,0,0,0,0,0,0,0,0,0,0,0,2,1,0,0,0,0,0,0,4,0,0,0,0,0
0,1,3,0,0,2,2,0,2,0,6,3,0,0,0,0,0,3,0,0,2,0,0,0,12,0,1,2,0,0,0,0,3,0,0,0,3,0,0,0,2,0,0,2,0,0,0,2,0,0,1,0,2,1,0,0,0,0,0,0,3,0,0,2,7,0,0,0,0,0,0,0,0,0,0,0,0,0,0,0,13,0,0,0,0,0,0,3,0,0,0,1,0,0,0,0,0,0,0,0,3,0,0,2,0,4,0,3,0,0,0,0,0,0,0,2,0,3,0,0,0,0,0,0,0,0,0,1,0,0,0,0,3,0,0,0,0,0,0,0,0,0,0,0,0,0,3,0,0,0,2,0,2,1,0,0,2,0,0,0,1,0,0,0,0,0,2,0,0,0,0,0,0,0,0,0,0,0,2,0,0,0,1,4,0,0,0,7,2,0,0,0,0,0,0,0,0,3,0,0,0,0,0,0,2,0,0,0,0,0,0,0,0,2,0,0,3,3,0,0,0,0,0,0,0,0,0,0,0,2,0,5,0,0,0,0,2,0,0,2,0,0,2,0,0,0,0,10,0,5,0,0,1,0,3
0,0,0,0,0,0,0,0,0,0,0,0,0,0,0,0,0,0,0,0,0,0,0,0,0,0,0,0,0,0,0,0,0,0,0,0,0,0,0,0,0,0,0,0,0,0,0,0,0,0,0,0,0,0,0,0,0,0,0,0,0,0,0,0,0,0,0,0,0,0,0,0,0,0,0,0,0,0,0,0,0,0,0,0,0,0,0,0,0,0,0,0,0,0,0,0,0,0,0,0,0,0,0,0,0,0,0,0,0,0,0,0,0,0,0,0,0,0,0,0,0,0,0,0,0,0,0,0,0,0,0,0,0,0,0,0,0,0,0,0,0,0,0,0,0,0,0,0,0,0,0,0,0,0,0,0,0,0,0,0,0,0,0,0,0,0,0,0,0,0,0,0,0,0,0,0,0,0,0,0,0,0,0,0,0,0,0,0,0,0,0,0,0,0,0,0,0,0,0,0,0,0,0,0,0,0,0,0,0,0,0,0,0,0,0,0,0,0,0,0,0,0,0,0,0,0,0,0,0,0,0,0,0,0,0,0,0,0,0,0,0,0,0,0,0,0,0,0,0,0,0,0,0,0,0
0,1,6,0,3,0,0,2,0,2,0,0,2,6,1,0,0,5,0,0,0,1,0,2,0,0,0,0,0,1,1,0,0,0,0,0,0,0,2,0,2,2,0,0,1,0,2,0,1,3,0,0,1,0,4,10,3,5,0,0,0,0,0,0,0,0,0,3,1,0,0,0,0,0,0,0,0,2,0,0,0,0,1,2,0,0,10,0,0,0,0,0,11,0,0,0,0,0,1,0,0,0,0,2,2,0,0,1,0,0,2,0,0,1,0,8,0,0,0,1,0,0,0,0,0,5,0,0,0,0,0,0,2,1,0,0,2,0,0,0,0,6,5,0,0,0,0,0,2,0,0,0,0,0,1,0,0,0,0,0,0,0,0,0,0,0,0,0,0,13,6,0,0,0,0,0,0,1,0,1,0,0,0,0,0,1,2,2,3,5,3,0,0,0,2,0,0,0,0,0,3,0,2,0,0,0,0,0,0,0,0,0,1,0,0,0,2,1,1,0,0,1,0,0,0,0,0,0,0,0,0,0,0,0,0,0,2,3,0,0,1,0,2,0,0,0,0,0,0,0,2,0,2,0,0
0,2,0,0,0,2,0,0,0,0,2,2,0,2,1,0,0,3,3,2,2,0,1,3,1,1,0,0,0,4,1,2,5,1,3,3,0,7,2,0,1,3,0,0,2,6,1,0,1,1,0,0,0,4,5,3,2,2,0,4,0,0,0,0,0,0,5,0,1,1,1,2,0,4,3,2,4,0,5,0,0,0,1,0,1,3,1,0,1,0,2,6,4,5,4,0,1,0,2,3,2,2,3,1,0,5,2,0,0,1,0,3,0,1,1,0,0,2,4,0,0,2,5,2,2,2,6,0,3,3,3,6,0,0,0,2,3,7,2,0,1,2,5,1,3,1,0,0,0,0,2,0,0,0,2,0,2,0,0,0,0,0,0,0,0,4,0,0,0,0,1,0,0,0,0,0,0,0,0,1,0,0,0,0,0,0,0,1,7,0,1,1,10,0,0,0,0,0,0,0,1,0,4,0,0,0,0,0,0,0,0,2,0,0,0,2,0,2,6,0,1,2,0,0,0,0,2,1,0,0,0,1,2,0,0,0,0,2,2,0,0,0,0,0,0,0,0,0,1,0,0,0,0,0,0
1,0,0,1,2,0,0,0,0,2,0,0,0,0,0,0,0,0,1,1,0,0,1,0,0,1,0,0,0,1,1,0,0,0,0,0,1,0,0,0,1,0,0,0,0,0,0,0,0,0,2,0,0,0,0,0,0,0,0,0,0,0,0,1,0,0,0,0,1,0,2,0,0,0,0,2,1,0,2,0,0,1,0,0,0,1,0,0,0,1,0,0,0,0,0,0,0,2,0,0,0,0,0,0,0,0,0,0,0,0,0,1,0,0,1,0,0,0,0,0,0,0,1,0,0,0,0,0,1,0,0,0,0,0,0,0,0,0,0,0,0,0,0,0,0,0,0,0,0,0,0,0,1,0,0,0,0,0,0,0,0,0,0,0,0,0,0,0,0,0,0,0,0,0,0,0,0,1,0,0,0,0,0,0,0,0,0,0,0,0,0,0,0,0,0,0,0,0,0,0,0,0,0,0,0,0,0,0,0,0,0,0,0,0,0,0,0,0,0,0,0,0,0,0,0,0,0,0,0,0,0,0,0,0,0,0,0,0,0,0,0,0,0,0,0,0,0,0,0,1,0,0,0,0,0
5,2,17,0,1,0,2,1,0,0,0,4,14,6,0,3,8,10,3,5,0,0,1,5,0,1,2,3,0,1,1,2,7,3,4,1,3,1,2,2,0,1,0,0,7,6,2,5,22,5,2,2,0,1,7,8,4,6,5,11,1,0,1,1,1,1,2,14,4,3,3,6,1,6,12,4,2,2,0,1,3,0,2,6,1,9,10,1,3,1,3,0,4,5,7,0,1,3,3,0,5,1,0,9,7,0,4,17,0,0,1,2,4,3,1,0,11,1,2,14,17,1,1,6,2,21,1,1,2,2,8,0,9,2,3,2,0,0,1,2,0,11,13,0,2,4,0,1,3,0,9,0,0,2,0,1,10,4,0,0,3,0,4,1,0,4,1,3,1,6,5,2,2,0,4,0,0,5,0,0,0,2,1,0,2,0,1,3,1,9,3,5,17,3,2,1,0,2,0,8,5,0,8,2,0,0,1,6,2,3,3,12,4,1,0,0,1,2,6,1,2,13,3,3,0,0,1,6,3,2,3,6,2,1,2,7,6,1,1,1,3,2,3,2,1,6,6,3,2,4,3,0,3,2,4
0,0,0,0,0,0,0,0,0,0,0,0,0,0,0,0,0,0,0,0,0,0,0,0,0,0,0,0,0,0,0,0,0,0,0,0,0,0,0,0,0,0,0,0,0,0,0,0,0,0,0,0,0,0,0,0,0,0,0,0,0,0,0,0,0,0,0,0,0,0,0,0,0,0,0,0,0,0,0,0,0,0,0,0,0,0,0,0,0,0,0,0,0,0,0,0,0,0,0,0,0,0,0,0,0,0,0,0,0,0,0,0,0,0,0,0,1,0,0,0,0,0,0,0,0,0,0,0,0,0,0,0,0,0,0,0,0,0,0,0,0,0,0,0,0,0,0,0,0,0,0,0,0,0,0,0,0,0,0,0,0,0,0,0,0,0,0,0,0,0,0,0,0,0,0,0,0,0,0,0,0,0,0,0,0,0,0,0,0,0,0,0,0,0,0,0,0,0,0,0,0,0,0,0,0,0,0,1,0,0,0,0,0,0,0,0,0,0,0,0,0,0,0,0,0,0,0,0,0,0,0,0,0,0,0,0,0,0,0,0,0,0,0,0,0,0,0,0,0,0,0,0,0,0,0
0,0,0,0,0,0,0,0,0,0,1,0,0,0,0,0,0,0,0,0,1,0,0,0,0,1,0,1,2,0,0,0,0,0,0,0,0,0,0,0,0,1,0,0,0,0,0,0,0,0,0,0,0,0,0,0,0,0,0,1,0,0,0,0,0,0,0,1,0,0,0,0,0,0,0,0,0,0,1,0,0,0,0,0,0,0,0,0,0,0,1,0,0,0,0,0,0,1,0,1,0,0,0,0,0,0,0,0,0,3,0,0,0,1,0,0,0,0,0,0,1,0,0,0,0,0,0,0,0,0,0,0,0,1,1,0,0,0,0,0,0,0,0,0,0,0,0,0,0,0,1,1,0,0,1,0,0,0,0,0,0,0,0,1,0,0,0,0,0,0,0,0,1,0,0,0,0,0,0,1,0,0,1,0,0,0,0,0,1,1,0,2,0,0,0,0,0,0,0,0,0,3,0,0,1,0,0,0,0,0,0,0,0,0,0,0,0,0,0,0,1,0,2,0,0,2,0,0,0,0,0,0,0,0,1,0,0,0,0,0,0,1,0,0,0,0,0,0,0,0,0,0,0,0,1
1,2,0,2,1,0,0,2,0,0,1,1,1,1,1,0,1,1,0,2,1,1,0,2,1,2,0,0,1,1,2,1,2,1,1,0,0,2,2,1,1,1,0,1,1,1,0,1,1,0,1,1,0,0,1,1,0,0,2,0,2,1,1,0,1,0,1,0,0,2,2,1,1,0,1,0,0,2,2,2,2,0,0,0,1,2,1,1,1,2,1,1,1,0,0,4,1,2,1,0,0,1,0,0,0,1,3,0,2,1,1,1,2,2,1,2,0,2,0,0,2,0,1,1,0,0,2,1,0,2,0,1,2,0,0,1,1,1,1,0,1,2,1,1,1,1,0,1,1,1,0,2,0,1,1,1,2,2,1,1,2,1,1,1,1,2,1,2,1,1,1,0,2,1,1,0,1,2,0,1,1,1,0,1,1,1,0,1,2,0,1,2,0,0,0,1,0,1,1,1,1,1,1,0,2,0,1,1,0,0,0,0,0,2,0,1,0,1,1,1,1,0,0,1,0,1,1,2,1,0,2,0,1,1,1,0,1,1,1,2,1,1,2,0,0,0,1,0,1,1,0,0,1,0,1
0,0,0,0,0,0,0,0,0,1,0,0,0,0,0,0,0,0,0,0,0,0,0,0,0,2,3,0,0,0,0,0,0,0,0,0,0,0,2,0,0,0,1,0,0,0,0,0,0,0,0,0,0,2,0,0,1,0,0,0,0,0,0,0,0,0,1,0,1,0,0,0,0,1,0,0,0,0,0,1,0,0,0,0,0,1,0,0,0,0,0,0,0,0,0,0,0,0,0,0,0,0,0,0,0,0,0,0,0,0,0,0,0,0,0,0,0,0,0,0,0,0,1,0,0,1,0,1,0,0,0,0,0,0,0,0,0,0,2,0,0,0,0,1,0,0,0,0,1,0,0,1,0,0,0,0,0,0,0,0,1,0,0,0,0,0,0,1,0,0,0,0,0,0,0,0,1,0,0,0,1,0,0,0,0,0,0,0,0,0,0,0,0,0,1,0,0,0,0,0,0,0,1,0,0,0,1,0,0,0,0,0,0,0,0,0,1,0,0,0,0,0,0,0,0,0,0,0,0,0,0,0,0,0,0,0,0,0,0,1,0,0,1,0,0,0,0,0,0,0,0,0,0,0,0
0,0,0,0,0,0,0,0,0,0,0,0,0,0,0,0,0,0,0,0,0,0,0,0,0,0,0,0,0,0,0,0,0,0,0,0,0,0,0,0,0,0,0,0,0,0,0,0,0,0,0,0,0,0,0,0,0,0,0,0,0,0,0,0,0,0,0,0,0,0,0,0,0,0,0,0,0,0,0,0,0,0,0,0,0,0,0,0,0,0,0,0,0,0,0,0,0,0,0,0,0,0,0,0,0,0,0,0,0,0,0,0,0,0,0,0,0,0,0,0,0,0,0,0,0,0,0,0,0,0,0,0,0,0,0,0,0,0,0,0,0,0,0,0,0,0,0,0,0,0,0,0,0,0,0,0,0,0,0,0,0,0,0,0,0,0,0,0,0,0,0,0,0,0,0,0,0,0,0,0,0,0,0,0,0,0,0,0,0,0,0,0,0,0,0,0,0,0,0,0,0,0,0,0,0,0,0,0,0,0,0,0,0,0,0,0,0,0,0,0,0,0,0,0,0,0,0,0,0,0,0,0,0,0,0,0,0,0,0,0,0,0,0,0,0,0,0,0,0,0,0,0,0,0,0
0,0,0,0,0,0,0,0,0,0,0,0,0,0,0,0,0,0,0,0,0,0,0,0,0,0,0,0,0,0,0,0,0,0,0,0,0,0,0,0,0,0,0,1,0,0,0,0,0,0,0,0,0,0,0,0,0,0,0,0,0,0,0,0,0,0,0,0,0,0,0,0,0,0,0,0,0,0,0,0,0,0,0,0,0,0,0,0,0,0,0,0,0,0,0,0,0,0,0,0,0,0,0,0,0,0,0,0,0,0,0,1,0,0,0,0,0,0,0,0,0,0,0,0,0,0,0,0,0,0,0,0,0,0,0,0,1,0,0,0,0,0,0,0,0,0,0,0,0,0,0,0,0,0,0,0,0,0,0,0,0,0,0,0,0,0,0,0,0,0,0,0,0,0,0,0,0,0,0,0,0,0,0,0,0,0,0,0,0,0,0,0,0,0,0,0,0,0,0,0,0,0,0,0,0,0,0,0,0,0,0,0,0,0,0,0,0,0,0,0,0,0,0,0,0,0,0,0,0,0,0,0,0,0,0,0,1,0,0,0,0,0,0,0,0,0,0,0,0,0,0,0,0,0,0
0,0,0,0,0,0,1,0,0,0,1,0,0,0,1,1,0,1,0,0,1,0,0,0,0,0,1,1,0,0,1,1,0,0,1,0,0,0,0,0,0,1,1,1,0,0,0,0,0,0,0,0,0,1,0,0,0,0,0,0,1,1,1,3,1,1,0,0,0,0,0,0,0,0,0,0,0,0,0,0,0,0,0,1,1,0,1,0,0,1,0,0,0,0,0,0,2,0,0,1,0,1,0,0,0,1,0,0,0,1,0,0,0,0,1,0,0,0,1,0,0,1,0,0,0,0,1,0,1,1,0,1,0,0,0,1,0,0,1,1,1,0,1,0,0,0,1,0,0,1,0,0,0,0,0,1,0,1,0,0,0,0,0,1,0,0,1,1,0,0,0,0,0,1,0,0,0,1,1,0,0,0,0,0,1,0,1,0,0,0,0,0,0,0,0,0,0,0,1,0,1,0,0,1,0,0,0,0,0,1,0,0,0,0,0,0,0,1,0,0,0,0,0,1,1,0,0,0,0,1,0,0,0,0,0,0,0,0,0,0,0,0,0,1,1,0,0,0,0,0,0,0,0,0,1
0,0,0,0,0,0,0,0,2,1,0,0,0,0,0,0,1,0,0,0,0,0,0,0,0,0,0,0,0,0,0,0,0,0,0,0,0,0,1,0,0,0,0,0,0,0,0,0,0,0,0,0,0,0,0,0,0,0,0,0,0,0,0,0,0,0,0,0,1,0,0,1,0,0,0,0,0,0,0,0,0,2,0,0,0,0,0,0,0,0,0,0,0,0,1,0,0,1,0,0,0,0,0,0,0,0,0,1,0,0,1,0,0,0,0,0,0,0,2,0,0,0,0,0,1,0,2,0,1,0,0,0,0,1,0,0,0,0,0,0,0,0,0,1,0,0,1,0,0,0,0,0,0,0,0,0,0,0,0,0,0,0,0,0,0,0,0,0,1,0,0,0,0,0,0,1,0,0,0,1,0,1,0,0,0,0,0,0,0,0,0,0,0,0,0,0,0,1,1,0,0,0,0,0,0,0,0,0,0,0,0,0,0,2,0,0,0,0,0,2,0,0,0,0,0,2,2,0,0,0,0,0,0,0,0,0,0,0,0,0,0,0,0,0,0,0,1,1,0,0,0,0,0,0,0
0,0,0,0,0,0,0,0,0,0,0,0,0,1,1,0,0,0,1,0,0,0,0,0,0,0,0,1,0,0,0,0,0,0,0,1,1,0,0,0,0,0,2,0,1,0,0,0,0,0,1,0,0,0,0,0,0,0,0,0,0,0,0,0,0,0,0,1,0,0,0,0,0,0,0,0,0,1,0,0,0,0,0,0,0,0,0,0,0,0,0,1,0,0,0,0,0,0,0,0,0,0,0,0,0,0,0,0,0,0,0,0,0,0,0,0,0,0,1,0,0,0,0,0,0,0,0,0,0,0,1,0,0,0,0,0,0,0,0,0,0,0,0,0,0,0,0,0,0,0,0,0,0,0,0,1,0,0,0,0,0,0,0,0,0,0,0,0,0,0,0,0,0,0,0,0,0,0,0,1,0,0,0,0,0,0,0,0,0,0,1,1,0,0,0,2,0,0,0,0,0,0,0,0,0,0,0,1,2,0,0,0,0,0,1,0,1,0,0,0,0,0,0,0,0,0,0,0,0,1,0,1,0,0,0,0,0,1,0,0,0,0,0,0,0,0,0,0,0,0,0,0,0,0,0
0,0,0,0,0,0,1,0,0,0,0,0,1,0,0,0,0,0,0,0,0,0,0,0,0,0,0,0,0,0,0,0,0,0,0,0,0,4,2,0,0,0,0,1,0,0,0,2,0,0,1,0,0,0,0,0,2,0,0,0,0,0,0,0,0,0,1,0,1,0,0,0,0,0,1,0,0,0,0,0,0,0,0,1,0,0,0,1,0,0,0,0,0,0,4,0,1,0,1,1,0,0,0,1,0,0,0,0,0,1,1,0,0,1,0,0,0,0,0,0,0,0,0,0,1,0,0,0,0,0,0,0,0,0,2,1,0,0,0,0,0,0,0,0,0,0,0,0,0,0,0,0,0,0,0,0,0,0,0,0,0,0,0,0,0,0,1,0,0,0,0,0,0,0,5,1,0,0,3,0,0,0,1,0,0,0,0,0,1,0,0,0,0,0,0,0,0,0,1,0,0,0,0,0,0,0,0,0,0,1,0,0,0,0,1,0,0,0,0,1,0,0,0,0,1,1,0,0,3,0,0,0,0,0,0,0,0,0,1,0,0,0,0,1,0,1,0,0,0,0,2,1,0,0,0
0,11,8,0,0,4,0,12,0,0,12,0,0,0,4,0,3,0,6,0,5,0,0,0,9,0,10,19,0,0,4,16,15,0,0,0,0,0,4,18,2,9,5,13,1,3,0,0,0,0,0,4,0,12,0,0,0,8,0,4,0,11,4,0,3,0,0,0,0,0,0,0,0,0,0,3,0,0,1,14,0,0,0,0,0,13,0,0,18,4,4,7,0,0,0,20,18,0,7,2,3,0,0,7,0,23,0,4,0,0,4,0,0,0,0,0,0,0,0,0,0,2,0,0,0,0,0,0,0,12,0,9,1,3,0,0,6,8,0,0,33,5,4,0,3,5,6,10,0,4,4,0,0,5,4,8,18,0,0,0,0,11,0,0,0,8,0,0,0,5,0,0,0,0,0,0,7,0,0,0,4,0,0,0,0,0,8,0,0,0,0,0,2,0,0,2,4,0,0,5,0,0,0,0,0,0,0,4,0,0,0,0,0,0,0,0,0,2,0,0,0,0,8,6,0,0,0,5,0,0,0,0,3,0,0,0,0,0,0,0,0,0,0,0,6,6,0,0,0,0,0,4,0,0,7
0,0,0,1,0,0,0,0,1,0,1,1,0,0,0,0,0,0,0,0,0,0,0,0,0,0,1,0,2,1,1,0,0,1,0,0,0,0,0,0,0,1,0,0,0,0,0,0,0,0,0,0,0,0,0,0,0,0,0,0,0,0,1,1,0,0,0,1,0,0,0,0,0,0,0,0,0,1,0,0,0,0,0,0,0,0,1,0,0,0,0,0,1,0,1,1,0,1,0,1,0,1,1,0,0,0,1,0,1,0,0,1,0,0,0,1,0,0,0,1,0,0,0,0,0,1,0,0,0,0,1,0,0,0,0,0,0,0,0,1,0,0,0,0,0,0,0,0,0,0,0,0,0,0,0,0,0,0,0,0,0,0,0,1,0,0,0,0,0,0,0,0,0,0,0,0,0,1,0,0,0,0,0,0,0,0,0,0,0,0,0,0,1,0,0,0,1,0,0,0,0,0,0,0,0,0,0,0,0,0,0,0,0,0,0,0,0,1,0,0,0,0,0,0,0,0,1,0,0,0,0,0,0,0,0,0,0,0,1,0,0,0,0,0,0,0,0,0,0,0,0,0,0,0,0
23,18,18,14,8,21,0,55,19,23,33,1,3,8,45,19,23,13,7,88,19,17,31,8,24,31,51,15,8,16,21,18,4,39,15,21,28,14,3,36,13,7,9,2,32,7,13,2,3,20,40,4,13,3,17,2,5,0,18,0,15,17,45,5,14,23,6,11,4,9,8,20,3,4,19,3,14,22,23,47,5,18,11,10,9,14,6,1,15,9,11,21,17,8,13,27,0,11,11,3,22,68,7,23,19,8,2,7,21,44,8,7,19,0,15,29,31,12,8,10,20,9,28,0,18,21,10,3,1,2,9,22,7,11,4,9,31,37,3,17,0,6,2,11,15,18,4,16,6,12,6,7,8,1,3,0,18,18,9,8,0,8,5,8,4,12,15,0,0,12,25,20,10,1,1,7,3,15,1,7,5,0,9,0,0,6,0,3,12,37,0,23,10,1,1,6,0,3,0,0,15,7,10,9,0,5,0,9,5,4,0,1,1,0,0,3,7,0,16,0,0,40,0,11,21,11,0,22,23,41,22,19,4,0,2,0,12,0,0,0,9,2,0,4,0,0,5,1,9,3,3,4,4,3,0
0,0,0,0,0,0,0,0,0,0,0,0,0,0,0,0,0,0,0,0,0,0,0,0,0,0,0,0,0,0,0,0,0,0,0,0,0,0,0,0,0,0,0,0,0,0,0,0,0,0,0,0,0,0,0,0,0,0,0,0,0,0,0,0,0,0,0,0,0,0,0,0,0,0,0,0,0,0,0,0,0,0,0,0,0,0,0,0,0,0,0,0,0,0,0,0,0,0,0,0,0,0,0,0,0,0,0,0,0,0,0,0,0,0,0,0,0,0,0,0,0,0,0,0,0,0,0,0,0,0,0,0,0,0,0,0,0,0,0,0,0,0,0,0,0,0,0,0,0,0,0,0,0,0,0,0,0,0,0,0,0,0,0,0,0,0,0,0,0,0,0,0,0,0,0,0,0,0,0,0,0,0,0,0,0,0,0,0,0,0,0,0,0,0,0,0,0,0,0,0,0,0,0,0,0,0,0,0,0,0,0,0,0,0,0,0,0,0,0,0,0,0,0,0,0,0,0,0,0,0,0,0,0,0,0,0,0,0,0,0,0,0,0,0,0,0,0,0,0,0,0,0,0,0,0
0,0,15,0,5,0,0,0,0,3,0,6,14,6,0,0,13,0,0,0,0,0,20,23,0,17,11,3,8,0,8,0,32,0,9,0,0,0,0,0,0,0,0,0,0,10,0,0,0,9,0,0,3,0,21,0,9,10,19,0,0,4,5,0,0,0,11,10,0,0,0,0,0,0,6,9,0,7,0,0,0,0,12,4,0,0,16,7,0,0,0,0,0,0,5,0,0,0,0,0,0,0,0,8,0,0,0,0,0,0,0,0,0,16,0,0,0,7,0,0,0,0,0,4,0,0,0,0,0,0,12,9,34,0,0,0,4,6,0,0,0,7,0,0,0,0,7,0,0,6,1,0,0,7,5,5,0,9,0,0,0,0,0,0,0,0,13,0,8,2,0,0,7,0,0,0,13,0,0,27,0,0,0,0,0,4,4,1,0,0,0,0,10,7,6,5,5,0,0,0,0,0,0,0,7,0,0,0,0,0,0,0,0,0,0,6,0,0,0,0,0,0,0,0,0,0,0,5,0,23,0,0,0,0,0,0,0,0,0,0,0,0,0,0,0,0,0,0,0,0,0,0,0,0,0
0,0,0,0,0,0,0,0,0,0,0,1,1,1,0,0,0,1,0,0,0,0,1,2,0,0,0,0,0,0,0,0,1,0,0,0,0,0,0,0,0,0,0,0,0,0,1,0,1,0,0,1,0,0,0,1,1,1,0,0,0,0,0,0,0,0,0,1,0,0,1,1,0,1,0,0,1,1,0,0,0,0,0,1,0,0,1,0,0,0,0,0,1,1,1,0,0,0,2,0,1,0,0,0,0,0,0,1,0,0,0,1,0,1,0,2,0,0,0,0,1,0,0,1,0,1,0,0,0,0,1,0,0,0,2,0,0,0,0,0,0,0,0,1,0,0,0,0,0,1,0,0,0,0,0,0,0,0,0,0,0,0,0,0,0,0,0,1,1,1,0,0,0,0,0,0,1,0,0,1,1,0,0,1,1,0,0,0,0,1,0,0,0,0,0,0,0,0,1,1,0,0,1,0,0,0,0,1,0,0,0,0,2,0,0,0,0,0,0,1,0,0,0,0,1,0,0,0,0,1,0,0,0,1,0,1,0,0,0,0,0,1,1,0,0,1,0,0,1,1,0,0,0,0,0
2,0,0,3,3,0,0,0,0,0,0,1,1,0,0,1,0,1,2,2,0,0,0,3,2,1,0,0,0,1,2,0,1,2,1,1,1,1,0,0,0,1,0,0,3,1,6,1,0,1,0,1,0,1,4,0,1,2,0,2,0,0,0,0,1,0,1,1,0,1,2,1,0,1,1,3,0,0,1,1,1,0,0,1,0,1,1,1,1,0,1,0,0,2,0,0,0,0,0,0,1,0,0,0,0,1,0,1,0,0,0,0,0,1,1,0,1,0,1,2,1,0,0,1,0,1,1,0,0,0,1,0,0,0,1,0,0,0,0,0,0,2,0,0,0,0,0,0,0,0,0,0,0,0,1,0,0,1,1,0,0,1,1,1,0,1,0,0,1,2,1,2,1,2,2,1,0,1,3,0,0,0,0,0,1,1,0,1,2,0,1,0,1,0,1,1,1,0,2,1,1,0,3,2,1,1,1,1,0,0,1,0,1,0,1,0,2,1,0,0,0,0,3,1,2,0,1,1,0,0,0,0,1,1,1,1,0,0,0,0,0,0,0,1,0,0,1,0,0,2,1,0,0,1,1
0,0,32,0,0,0,49,0,74,0,16,16,0,0,0,27,0,12,0,0,17,68,0,0,74,0,20,0,0,0,24,0,0,0,0,0,0,0,0,0,15,0,17,9,0,0,0,0,0,0,16,0,0,66,0,0,0,0,0,0,22,6,0,0,10,34,25,5,0,0,0,0,0,0,0,0,0,0,0,11,17,0,41,0,44,8,0,17,8,0,74,1,0,0,0,14,11,55,10,0,0,0,34,20,16,0,0,0,0,0,50,18,39,0,28,26,18,0,18,0,0,0,15,0,47,0,0,0,0,9,0,8,0,0,0,32,0,19,19,0,0,0,0,39,22,25,0,4,0,0,0,11,0,0,0,0,18,0,0,0,0,0,13,0,15,0,9,16,12,0,0,0,18,6,0,28,87,0,2,15,0,14,8,0,14,20,51,0,0,0,0,6,0,0,0,0,0,0,0,0,13,19,22,0,0,0,25,11,0,0,2,0,16,12,28,0,31,0,0,16,0,34,0,0,0,0,0,0,61,0,0,0,47,0,0,0,0,0,0,0,0,15,0,0,0,0,24,0,0,0,0,0,0,14,0
0,4,6,4,0,4,0,5,6,4,9,0,0,0,7,0,0,0,0,0,0,0,0,0,12,1,0,0,0,0,0,0,0,0,0,0,0,0,0,0,3,0,0,0,0,0,11,0,0,0,0,0,2,0,0,0,0,0,3,2,3,0,16,8,0,0,3,0,0,0,0,0,13,0,4,0,0,0,1,0,0,0,0,2,0,0,3,5,0,0,0,10,0,0,0,3,0,0,0,0,0,0,0,0,0,0,0,0,0,0,0,0,0,0,4,1,0,5,0,7,0,0,0,0,0,3,5,0,0,3,0,0,0,5,0,4,0,0,0,0,6,0,0,0,0,0,0,0,5,3,0,0,0,0,0,0,7,0,3,0,0,0,0,0,3,3,0,0,0,0,0,0,0,0,0,0,0,0,0,0,0,0,0,0,0,0,0,0,0,0,0,0,0,0,0,0,0,3,0,0,0,0,0,0,0,0,0,4,0,0,0,0,0,0,0,0,0,0,0,0,5,0,0,5,0,0,0,0,0,3,6,3,0,0,0,0,0,0,0,0,0,0,0,1,0,0,0,0,0,0,0,0,0,0,0
0,0,0,0,0,0,0,0,0,0,0,0,0,0,0,0,0,0,0,0,0,0,0,4,0,0,0,2,1,0,12,0,0,0,0,0,0,0,0,0,0,0,3,0,2,3,6,0,0,0,0,0,0,0,0,3,0,8,0,3,2,0,0,0,5,3,7,7,0,4,5,0,5,0,7,1,0,0,7,0,8,0,0,10,0,0,0,0,0,0,12,0,0,11,4,0,0,0,0,0,0,4,0,0,1,0,0,0,0,0,0,6,0,0,0,0,0,0,0,3,4,0,0,0,4,0,5,0,0,0,0,0,0,0,0,0,4,0,0,0,3,0,0,0,5,0,0,0,5,0,0,0,5,0,0,0,0,0,6,0,0,0,0,0,12,0,0,4,7,0,0,12,0,0,0,0,0,0,0,0,0,6,0,4,0,3,0,0,0,0,0,0,0,0,6,0,4,0,0,0,0,0,0,0,0,0,0,0,0,0,0,0,0,2,0,0,0,0,0,0,0,0,0,0,0,4,0,0,0,0,0,0,0,15,0,0,0,8,0,0,4,11,0,4,9,0,0,0,0,0,2,3,0,0,0
0,0,0,0,1,1,1,0,0,0,0,1,0,0,0,0,0,0,0,0,1,0,0,0,1,0,0,0,0,0,1,0,0,0,0,0,0,0,0,0,0,0,1,0,0,0,0,0,0,1,0,0,0,0,0,0,0,0,1,0,0,0,0,0,0,0,0,0,0,0,0,1,0,0,0,0,0,0,0,0,1,0,0,1,0,0,0,0,2,1,0,1,1,0,0,0,0,1,0,0,0,0,0,1,0,0,1,0,0,0,0,0,0,0,0,0,0,0,0,1,0,0,0,0,1,0,0,0,0,0,0,0,1,1,0,0,0,0,0,0,0,1,0,0,0,0,0,0,0,0,0,0,0,0,0,0,0,0,0,0,0,0,0,0,0,0,0,0,1,0,0,1,1,0,0,0,0,0,0,0,1,0,0,0,0,0,0,0,0,0,0,0,0,0,1,0,0,0,0,0,1,0,0,0,0,0,0,0,0,0,0,0,0,0,0,0,0,1,1,0,0,0,1,0,0,1,0,0,0,0,0,0,0,1,0,0,0,0,0,1,0,2,0,0,0,0,0,0,0,0,0,0,0,0,0
0,0,15,0,0,0,0,0,16,0,0,0,0,0,19,0,0,0,0,0,0,0,11,0,5,0,0,0,0,6,0,0,21,10,0,0,0,0,0,0,0,0,0,0,0,0,3,0,0,0,0,0,11,0,13,0,0,0,0,7,0,11,0,0,0,0,11,5,8,0,0,0,0,0,0,0,0,0,0,0,0,0,0,0,0,0,0,25,5,0,0,0,0,0,0,0,0,0,0,0,0,0,0,0,11,0,0,0,0,0,0,0,0,24,0,17,0,0,0,0,0,0,0,0,6,0,0,0,0,0,0,0,0,7,0,0,9,13,0,0,0,0,0,0,0,0,0,0,0,16,0,9,0,0,0,0,0,0,0,0,0,0,17,9,8,0,0,0,0,0,0,0,0,0,0,0,0,0,0,0,0,0,0,0,12,0,0,5,14,8,10,0,0,0,0,0,0,0,0,16,0,0,0,0,0,0,19,0,0,0,0,0,0,9,0,0,0,0,0,0,0,33,0,10,0,0,5,0,0,16,17,0,0,0,0,0,0,0,0,4,0,0,0,0,0,0,0,0,0,0,0,0,0,0,13
0,0,0,0,0,0,0,4,0,0,0,6,0,0,11,0,0,0,3,0,0,0,5,3,0,0,0,0,0,0,0,0,0,0,0,0,0,0,0,5,0,5,0,0,8,5,0,2,0,0,9,0,10,6,0,2,6,0,0,0,2,0,0,0,0,0,0,0,8,8,0,0,0,0,8,0,0,0,0,0,0,0,0,0,0,0,0,3,0,0,0,0,0,0,6,0,0,0,4,0,0,9,0,0,0,0,0,11,0,0,0,0,0,0,0,0,0,0,3,0,9,0,0,0,2,0,0,6,0,0,0,0,0,0,0,13,0,0,0,0,0,0,0,0,5,0,0,0,0,0,0,0,16,0,7,0,0,5,0,0,0,0,0,0,0,0,0,0,0,0,0,0,0,7,0,12,0,0,0,0,0,0,0,8,0,0,0,0,0,0,0,0,0,0,12,0,0,0,0,0,0,0,7,0,0,8,6,12,1,0,0,3,0,5,0,0,0,0,5,0,0,0,8,0,10,0,0,0,0,7,0,0,0,0,0,0,0,0,0,0,9,11,0,4,0,0,0,0,0,16,0,0,0,0,0
0,0,0,0,0,0,0,0,0,0,0,0,0,0,0,0,0,0,0,0,0,0,0,1,0,0,0,0,0,0,0,0,0,0,0,0,0,0,0,0,0,0,0,0,0,0,0,0,0,0,0,0,0,0,0,0,0,0,0,0,0,0,0,0,0,0,0,0,0,0,0,0,0,0,0,0,0,0,0,0,0,0,0,0,0,0,0,0,0,0,0,0,0,0,0,0,0,0,0,0,0,0,0,0,0,0,0,0,0,0,0,0,0,0,0,0,0,0,0,0,0,0,0,0,0,0,0,0,0,0,0,0,0,0,1,0,0,0,0,0,0,0,0,0,0,0,0,0,0,0,0,0,0,0,0,0,0,1,0,0,0,0,0,0,0,0,0,0,0,0,0,0,0,0,0,0,0,0,0,0,0,0,0,0,0,0,0,0,0,0,0,0,0,0,0,0,0,0,0,0,0,0,0,0,0,0,0,0,0,0,0,0,0,0,0,0,0,0,0,0,0,0,0,0,0,0,0,0,0,0,0,0,0,1,0,0,0,0,0,0,0,0,0,0,0,0,0,0,0,0,0,0,0,0,0
0,0,0,0,3,2,0,0,0,0,0,0,0,0,0,0,3,0,0,1,0,0,0,0,0,2,0,0,1,0,0,0,0,0,0,0,0,0,0,0,2,0,0,0,2,2,0,0,0,0,2,0,0,1,0,0,0,0,0,1,0,0,0,0,0,0,0,0,0,0,0,0,0,0,0,0,0,0,0,0,0,0,0,1,0,0,0,0,0,0,1,0,0,0,0,1,0,0,0,0,0,1,1,0,0,0,0,2,0,1,0,0,0,0,0,0,0,0,0,0,0,0,0,0,0,0,0,0,0,0,0,1,0,0,2,0,0,2,0,1,0,4,0,0,3,0,0,0,0,0,1,0,1,2,0,0,0,0,0,2,1,0,0,0,0,0,0,0,0,0,0,0,0,0,0,1,0,2,0,0,0,0,0,0,0,0,0,0,0,0,0,0,0,0,0,5,0,0,0,0,3,0,0,0,0,0,0,0,0,1,0,0,0,5,2,0,0,0,0,1,0,1,2,0,0,0,1,0,0,0,0,0,0,0,0,0,0,0,0,0,2,3,0,0,0,0,0,1,0,0,0,0,1,1,0
1,0,0,1,1,0,1,1,0,0,1,0,0,0,0,0,0,0,0,1,1,0,0,0,0,0,0,0,1,1,1,0,0,1,0,0,1,0,1,0,0,1,0,0,0,0,0,0,0,0,1,0,0,0,0,0,0,0,0,0,0,0,0,0,0,0,0,0,0,0,0,0,0,0,0,0,0,1,0,0,0,0,0,0,0,0,0,0,0,0,0,0,0,0,0,0,0,0,0,0,0,0,0,0,0,0,0,0,0,0,0,0,0,0,1,0,0,0,0,0,0,1,0,0,0,0,1,0,0,0,0,0,0,0,0,0,0,0,0,0,0,0,0,0,0,0,0,0,0,0,0,0,0,0,0,0,0,0,0,0,0,0,0,0,0,0,0,0,0,0,0,0,0,0,0,0,0,0,0,0,0,0,0,0,0,0,0,0,0,0,0,0,0,0,0,0,0,0,0,0,0,0,0,0,0,0,0,0,0,0,0,0,0,0,0,0,0,0,0,0,0,0,0,0,0,0,0,0,0,0,0,0,1,0,0,0,0,0,0,0,0,0,0,0,0,0,0,0,0,0,0,0,0,0,0
0,0,0,0,0,0,1,0,0,0,1,0,0,0,0,0,0,0,0,0,0,0,0,0,2,0,0,0,0,0,0,0,0,0,2,0,0,0,0,0,0,0,0,0,0,0,0,0,0,0,1,0,0,0,0,0,0,0,0,0,1,0,1,3,0,1,0,0,0,0,0,0,0,3,0,0,0,0,1,0,0,0,0,0,0,0,1,0,0,0,0,0,0,0,0,1,0,3,0,4,0,0,0,0,0,1,0,0,1,0,0,1,0,0,0,0,0,0,1,0,0,0,0,0,0,0,0,0,0,0,0,0,0,0,0,0,0,1,2,0,0,0,0,1,0,0,2,2,0,0,0,0,2,0,0,0,0,0,0,0,0,0,0,0,0,1,0,0,0,0,0,0,0,0,0,0,0,0,0,0,0,0,0,0,2,0,0,0,0,0,0,0,2,0,0,0,0,0,0,0,0,1,0,0,0,0,0,0,0,1,0,0,0,0,0,0,0,0,0,0,0,0,1,2,1,0,0,1,0,0,0,0,0,0,2,0,0,0,1,0,0,0,0,0,0,0,0,0,0,0,0,0,0,0,0
0,0,0,0,0,0,3,0,0,0,0,0,4,0,0,0,0,1,0,0,0,0,1,0,0,0,0,2,0,2,0,0,4,0,1,1,0,0,0,0,0,0,0,0,0,0,0,0,0,0,0,0,0,2,0,2,0,0,0,0,2,0,0,0,0,0,0,0,0,0,0,0,0,0,1,0,0,0,0,1,0,0,0,12,0,0,0,0,0,0,0,2,0,0,0,0,0,0,0,0,0,2,2,0,0,0,0,0,0,0,0,0,0,0,4,0,0,0,0,0,0,0,1,0,0,0,0,0,0,0,2,0,0,3,3,1,0,0,0,0,3,0,0,0,0,0,0,0,0,0,0,3,0,0,1,0,0,0,0,0,0,0,0,0,4,2,0,0,0,0,1,5,0,0,0,0,0,0,4,3,0,0,0,0,0,5,2,0,1,0,0,0,0,0,0,15,0,3,0,0,0,0,0,0,0,0,0,0,0,0,0,0,0,0,3,0,0,0,0,0,3,3,0,0,0,0,2,0,1,1,0,0,0,0,0,0,0,0,0,0,3,0,0,5,0,0,0,0,0,0,0,0,0,0,0
5,0,0,0,0,0,0,0,0,0,5,0,3,5,0,0,0,0,2,0,0,0,0,4,0,0,0,0,2,0,0,0,0,0,0,0,0,0,0,0,0,0,0,0,0,0,0,4,0,0,0,0,0,0,0,0,0,0,0,0,0,2,0,0,0,0,8,0,0,0,0,0,0,0,0,6,0,0,0,0,0,0,0,7,4,0,0,2,3,0,0,0,3,0,0,0,2,0,0,0,0,0,0,0,0,2,0,0,0,0,0,0,0,0,0,0,0,0,0,0,0,0,0,0,0,0,0,0,2,4,0,0,0,0,0,0,0,0,0,0,0,0,0,0,4,0,0,0,0,0,0,0,0,4,0,10,0,2,0,0,0,0,0,0,0,0,0,0,0,0,3,0,0,0,4,0,8,0,11,5,0,0,0,0,0,0,0,0,0,0,0,0,0,0,0,0,0,0,0,0,0,0,0,0,0,0,0,0,0,0,0,0,0,3,0,0,0,0,0,0,0,0,0,0,0,0,0,0,0,0,0,3,0,0,0,0,0,4,0,0,9,0,0,0,0,0,4,0,0,3,0,0,0,0,0
1,0,1,0,0,1,0,0,0,0,1,0,0,0,1,0,0,1,2,0,0,0,0,0,1,0,0,1,0,1,0,0,0,1,0,2,0,0,0,0,0,0,0,0,0,0,0,0,0,0,0,0,0,0,0,0,0,0,1,0,0,0,0,0,0,0,0,0,0,0,1,0,0,0,0,0,1,1,0,0,0,0,0,0,0,0,0,1,0,0,0,0,0,1,0,0,0,0,0,0,0,0,0,0,0,1,0,0,0,0,0,0,0,0,0,0,1,0,0,0,0,0,0,0,0,0,0,0,0,0,0,0,0,1,0,0,0,0,0,0,0,0,0,0,0,0,0,0,0,0,0,0,0,0,0,0,0,0,0,0,0,0,0,0,0,0,1,0,0,0,0,0,0,0,2,1,0,0,0,0,0,1,0,0,0,0,0,1,0,0,0,1,0,0,0,0,0,0,1,0,0,0,0,0,0,2,0,0,0,0,0,0,0,0,0,0,0,0,0,1,0,0,0,0,0,0,0,0,0,0,0,1,0,0,0,0,0,1,1,1,1,0,0,0,0,0,0,0,0,0,0,1,0,0,0
0,0,3,0,10,0,0,4,0,0,8,0,0,0,0,10,0,8,6,0,0,0,0,2,0,0,0,0,10,24,0,0,0,0,0,9,0,0,0,0,0,0,0,0,0,0,0,0,0,0,0,0,3,0,0,0,0,0,0,0,25,0,8,0,10,6,0,0,0,0,24,0,0,0,0,8,0,0,0,0,0,0,0,0,0,0,0,13,0,0,0,3,0,0,0,0,0,0,0,0,0,0,0,11,0,0,0,0,0,0,0,0,0,6,0,0,0,0,0,0,0,0,0,0,0,0,0,0,0,11,0,0,0,0,0,0,0,0,0,0,0,0,4,0,0,0,0,0,5,0,11,0,0,0,0,0,0,0,0,19,0,0,0,0,14,0,0,8,0,9,0,0,7,0,7,0,0,0,16,14,0,0,0,0,13,0,9,0,0,0,6,0,8,0,0,4,0,0,0,0,0,0,0,0,10,0,0,0,0,0,16,2,6,0,0,0,0,0,8,0,0,0,0,6,0,0,0,15,1,0,0,0,13,0,0,2,0,0,0,0,9,13,8,0,0,0,8,0,0,0,0,0,0,0,0
1,0,0,0,2,0,0,0,0,1,1,0,0,0,0,1,1,0,0,0,0,1,2,0,0,1,0,1,0,1,0,1,0,1,0,0,1,1,0,0,1,0,0,2,0,0,0,0,0,0,0,0,0,1,1,0,0,0,0,0,0,0,0,1,1,1,0,0,0,0,1,0,1,0,0,0,0,0,0,0,0,0,0,0,0,0,0,0,0,0,1,0,0,0,0,0,0,0,0,0,0,0,0,0,0,0,0,0,0,0,0,0,0,0,0,0,1,0,0,0,0,0,0,0,0,0,0,0,0,1,0,0,0,0,0,0,0,0,0,0,0,0,0,0,0,0,0,0,0,0,0,0,1,0,0,0,0,0,0,0,0,0,0,0,0,0,0,0,0,0,0,0,0,0,0,0,0,0,0,0,0,0,0,0,1,0,0,0,0,0,0,0,0,0,0,0,0,0,0,0,0,0,0,0,0,0,0,0,0,1,0,0,0,1,0,0,0,0,0,0,0,0,0,0,0,0,0,0,0,0,0,0,0,0,0,0,0,0,0,0,0,1,0,0,0,0,0,0,0,0,0,0,0,0,0
0,0,0,0,1,0,0,1,0,0,1,1,0,1,0,0,2,7,0,0,0,0,0,4,0,0,0,0,2,0,1,0,2,0,0,0,0,0,0,0,0,0,0,0,4,1,1,0,4,3,0,0,0,0,1,1,2,5,1,3,0,0,1,0,0,2,0,0,0,0,0,0,0,4,1,0,0,3,0,0,0,1,1,0,0,0,0,0,0,0,0,1,1,1,1,1,1,0,2,1,3,1,0,1,2,1,0,0,1,0,1,0,0,2,1,1,0,0,0,0,1,0,0,1,1,1,0,1,0,1,1,1,3,2,3,0,1,2,0,1,3,1,0,2,0,1,1,2,0,1,0,5,0,0,0,1,1,1,0,2,0,0,0,0,0,0,1,0,1,2,1,0,0,0,0,1,2,0,1,1,0,1,1,2,3,0,0,0,0,0,0,0,1,1,1,1,0,5,0,0,0,1,0,1,0,1,2,1,1,2,0,2,0,1,0,2,0,0,0,1,0,2,1,1,0,1,1,0,0,2,0,0,3,0,1,2,1,0,0,0,1,0,0,2,1,0,2,0,0,1,0,1,0,2,1
0,0,0,0,0,0,1,0,1,1,0,0,0,0,0,0,1,0,0,0,1,1,1,0,3,0,1,1,0,1,0,0,0,0,0,0,0,0,0,0,0,0,0,1,0,0,0,1,0,0,0,0,0,0,0,0,0,0,0,0,0,0,0,0,0,0,0,3,0,0,0,0,0,0,0,0,1,0,0,0,1,1,0,1,0,0,0,0,0,0,0,1,0,0,0,0,1,1,0,0,0,0,0,0,0,2,1,1,0,0,2,1,0,0,0,0,0,0,0,0,1,0,0,0,0,0,0,0,0,0,0,0,0,0,0,0,3,0,1,1,0,0,0,0,0,1,0,0,1,0,0,0,0,0,0,0,0,0,1,0,0,0,0,0,0,0,0,0,0,0,0,1,0,1,2,0,0,0,0,0,0,0,0,0,0,0,0,2,0,0,0,0,0,0,0,0,0,0,1,0,0,0,0,0,0,0,0,0,1,0,0,0,0,0,0,1,0,0,0,0,2,0,1,0,0,3,0,0,1,0,0,0,0,1,0,0,0,0,0,0,0,0,0,1,0,0,0,0,0,0,0,0,0,2,0
0,0,0,0,0,0,2,1,2,1,0,0,0,0,0,0,0,2,0,0,0,0,0,0,0,0,0,0,0,0,0,3,0,1,0,0,0,0,0,2,0,0,0,0,0,0,0,1,0,0,0,0,0,2,3,0,0,0,0,0,0,0,0,0,0,0,0,0,0,0,0,2,0,0,0,2,0,0,0,0,3,0,0,0,4,0,0,2,0,0,0,5,0,0,0,0,3,0,0,0,0,0,0,0,0,0,0,2,7,0,0,0,3,0,0,0,0,0,0,0,0,0,1,0,0,0,0,0,0,0,0,0,0,2,0,0,0,0,0,0,0,0,0,7,2,0,0,0,0,3,0,0,0,1,1,0,0,0,0,0,2,0,0,0,0,0,0,0,0,0,0,1,6,0,0,0,0,0,2,0,4,0,1,0,0,0,0,0,1,0,2,0,0,2,0,3,0,0,1,0,2,0,3,0,0,0,0,0,0,0,0,0,0,2,0,0,0,0,0,0,0,0,0,0,0,0,0,0,0,3,0,0,0,1,0,0,0,0,0,0,0,0,0,0,0,0,0,0,0,3,0,2,0,0,0
0,0,0,1,1,0,0,0,0,0,1,0,0,0,1,0,0,0,0,0,1,0,0,0,0,0,0,0,0,0,0,0,0,0,0,0,0,0,0,0,0,1,0,0,0,0,0,0,0,0,1,0,0,1,0,0,0,0,0,0,0,1,0,0,0,0,0,0,1,0,0,0,0,0,0,0,0,0,0,0,0,0,0,0,2,1,0,0,0,0,0,0,0,0,0,0,0,0,1,0,0,1,0,0,2,0,0,0,0,1,0,1,0,0,0,0,0,0,0,0,0,2,0,0,0,0,0,0,0,1,1,0,0,0,0,0,1,0,0,1,0,0,0,1,0,0,1,0,0,0,1,0,0,0,0,0,0,0,0,0,0,0,0,0,0,0,1,1,0,1,0,1,0,0,0,3,0,0,0,0,0,0,0,0,0,0,0,1,0,0,0,0,0,0,0,0,0,0,1,0,1,0,0,0,0,1,0,0,1,0,0,0,0,0,0,0,0,0,0,2,0,0,0,0,0,0,0,1,0,0,0,0,0,0,0,0,0,0,0,0,0,0,1,0,0,0,0,0,0,0,0,0,0,0,0
0,0,0,0,1,0,0,0,0,0,0,0,0,0,0,0,0,0,0,0,0,0,0,0,0,0,0,0,0,0,1,0,0,0,0,0,0,1,0,0,0,1,1,0,0,1,0,1,0,0,0,0,0,0,0,0,1,0,0,0,0,0,0,0,0,0,0,0,0,1,1,0,0,0,0,1,0,0,0,0,0,0,1,0,0,0,0,0,0,0,0,0,0,1,0,0,0,0,0,0,0,0,0,0,0,0,0,0,0,0,0,0,0,0,1,0,0,0,0,0,0,0,1,0,0,0,0,0,0,0,0,0,0,0,0,0,0,0,0,1,0,0,0,0,0,0,0,0,0,0,0,0,0,0,0,0,0,1,1,0,0,0,0,0,0,0,1,0,0,0,0,0,0,0,0,1,0,0,0,0,0,0,1,0,1,0,1,0,1,0,0,1,0,0,0,0,0,1,0,0,0,0,0,0,1,1,0,0,2,0,0,0,0,0,0,0,0,0,0,0,1,0,2,1,0,1,0,0,0,1,0,1,1,0,0,0,0,0,1,0,0,0,0,0,0,1,0,0,0,1,0,1,0,0,0
0,0,0,2,0,0,0,0,0,0,0,0,0,0,0,0,0,2,1,6,0,0,2,0,0,1,0,0,0,2,1,0,0,0,0,0,0,0,1,0,0,0,0,0,0,2,0,0,0,0,2,2,0,0,0,0,0,0,0,0,0,0,0,0,0,0,0,0,0,0,0,0,0,0,0,0,0,0,5,0,0,0,0,0,2,0,0,0,0,0,2,0,0,0,0,0,0,3,0,0,0,0,0,0,0,0,0,0,0,0,0,0,1,0,0,0,1,0,0,2,0,0,2,0,0,1,0,0,0,0,0,0,0,0,0,0,0,0,0,0,0,0,0,0,0,0,0,0,0,1,0,0,0,0,0,0,0,0,0,2,0,0,2,0,0,0,0,0,0,0,2,0,0,0,0,0,0,0,0,2,4,0,0,0,0,0,0,0,0,0,2,0,0,0,0,0,0,2,2,0,0,0,0,0,0,0,0,0,0,0,0,0,0,0,0,0,2,0,0,0,0,0,0,0,0,0,0,0,0,3,0,0,0,0,0,3,0,0,0,0,0,0,0,0,0,1,0,0,0,0,0,0,2,1,0
0,0,0,0,0,0,1,0,0,0,0,0,0,0,0,1,0,0,0,0,0,0,0,0,0,0,0,1,0,0,0,0,0,0,1,0,0,0,0,0,0,0,0,0,1,0,0,0,0,0,0,0,0,0,0,0,0,0,0,0,0,0,0,0,0,0,0,0,0,0,0,1,0,0,0,1,0,0,0,0,0,0,0,0,0,0,0,0,0,1,0,0,0,0,1,0,0,0,0,0,0,1,0,0,0,0,0,0,0,0,0,0,0,0,0,0,1,0,0,0,0,0,0,0,0,0,0,0,0,1,0,0,0,0,0,0,0,0,0,0,0,0,0,0,0,0,0,0,0,0,0,0,0,0,0,0,0,0,0,0,0,0,0,0,0,0,0,0,0,0,0,0,0,0,0,0,0,0,0,0,0,0,0,0,0,0,0,0,0,0,0,0,0,0,1,0,0,0,0,0,0,0,0,0,0,0,1,2,0,0,0,0,1,0,0,0,0,0,0,0,0,1,0,0,0,0,0,0,0,0,0,0,0,0,0,0,0,0,0,0,0,0,0,0,0,0,0,0,0,0,0,0,0,0,0
0,0,0,0,0,0,0,0,0,0,0,0,0,0,0,0,0,0,0,0,0,0,0,0,0,0,0,1,0,0,0,0,0,0,0,0,0,0,0,0,0,0,0,0,0,0,0,0,0,0,0,0,0,0,0,0,0,0,0,0,0,0,0,0,0,0,0,0,0,0,0,0,1,0,0,0,0,0,0,0,0,0,0,0,0,0,0,0,0,0,0,0,0,0,0,0,0,0,0,0,0,0,0,0,0,0,0,0,0,0,0,0,0,0,0,0,0,0,0,0,0,0,0,0,0,0,0,0,0,0,0,0,0,0,0,0,0,0,0,0,0,0,0,0,0,0,0,0,0,0,0,0,0,0,0,0,0,0,0,0,0,0,1,0,0,0,0,0,0,0,0,0,0,0,0,0,0,0,0,0,1,0,0,0,0,0,0,0,0,0,0,0,0,0,0,0,0,0,1,0,0,0,0,0,0,0,0,0,0,0,0,0,0,0,0,0,0,0,0,0,0,0,0,0,0,0,0,0,0,0,0,0,0,0,0,0,0,0,0,0,0,0,0,0,0,0,0,0,0,0,0,0,0,0,0
0,0,0,0,0,0,0,0,0,0,0,0,0,0,0,0,0,1,0,0,0,0,0,1,0,2,0,0,0,0,0,0,1,0,0,0,0,0,0,0,0,0,0,1,0,0,0,1,0,1,0,0,0,2,1,3,5,0,1,1,1,0,0,0,0,1,0,1,1,0,0,0,0,1,0,0,0,4,0,0,0,0,0,1,0,0,0,1,0,0,0,0,2,0,0,0,0,0,4,0,0,0,0,0,1,0,1,0,0,0,0,0,0,0,3,0,0,0,2,1,2,0,0,2,0,0,0,0,1,0,1,0,1,0,0,1,1,0,0,0,1,1,0,1,0,0,0,0,4,1,0,0,0,0,1,0,2,0,0,0,0,0,1,1,0,1,0,0,0,1,0,0,0,0,0,2,0,2,0,1,1,0,0,0,0,0,0,1,0,1,0,0,0,0,0,1,0,0,1,2,0,0,0,0,0,0,0,0,0,0,0,0,0,0,0,1,2,2,0,0,1,0,0,0,0,0,0,1,0,0,0,0,0,0,0,0,0,0,0,0,0,0,0,1,0,0,1,0,0,0,0,1,0,1,1
0,0,0,0,0,0,0,0,0,0,0,0,0,0,0,0,0,0,0,0,0,0,0,0,0,0,0,0,0,0,0,0,0,0,0,0,0,0,0,0,0,0,0,0,0,0,0,0,0,0,0,0,0,0,0,0,0,0,0,0,0,0,0,0,0,0,0,0,0,0,0,0,0,0,0,0,0,0,0,0,0,0,0,0,0,0,0,0,0,0,0,0,0,0,0,0,0,0,0,0,0,0,0,0,0,0,0,0,0,0,0,0,0,0,0,0,0,0,0,0,0,0,0,0,0,0,0,0,0,0,0,0,0,0,0,0,0,0,0,0,0,0,0,0,0,0,0,0,0,0,0,0,0,0,0,0,0,0,0,0,0,0,0,0,0,0,0,0,0,0,0,0,0,1,0,0,0,0,0,0,0,0,0,0,0,0,0,0,0,0,0,0,0,0,0,0,0,0,0,0,0,0,1,0,0,0,0,0,0,0,0,0,0,0,0,0,0,0,0,0,0,0,0,0,0,0,0,0,0,0,0,0,0,0,0,0,0,0,0,0,0,0,0,0,0,0,0,0,0,0,0,0,0,0,0
0,0,0,0,0,0,0,0,0,0,0,0,0,0,0,0,0,0,0,0,0,0,0,0,0,0,0,0,0,0,0,0,0,0,0,0,0,0,0,0,0,0,0,0,0,0,0,0,0,0,0,0,0,0,0,0,0,0,0,0,0,0,0,0,0,0,0,0,0,0,0,0,0,0,0,0,0,0,0,0,0,0,0,0,0,0,0,0,0,0,0,0,0,0,0,0,0,0,0,0,0,0,0,0,0,0,0,0,0,0,0,0,0,0,0,0,0,0,0,0,0,0,0,0,0,0,0,0,0,0,0,0,0,0,0,0,0,0,0,0,0,0,0,0,0,0,0,0,0,0,0,0,0,0,0,0,0,0,0,0,0,0,0,0,0,0,0,0,0,0,0,0,0,0,0,0,0,0,0,0,0,0,0,0,0,0,0,0,0,0,0,0,0,0,0,0,0,0,0,0,0,0,0,0,0,0,0,0,0,0,0,0,0,0,0,0,0,0,0,0,0,0,0,0,0,0,0,0,0,0,0,0,0,0,0,0,0,0,0,0,0,0,0,0,0,0,0,0,0,0,0,0,0,0,0
0,0,0,0,0,3,0,0,0,0,0,3,0,0,0,0,0,0,0,0,1,0,0,0,0,0,0,2,0,0,0,0,0,0,0,0,0,0,0,0,0,2,0,1,0,0,2,0,0,0,0,0,0,0,0,0,0,0,0,0,0,1,0,0,0,3,0,0,0,0,0,0,0,0,0,1,0,0,0,0,3,0,0,0,0,0,0,0,0,0,0,2,0,0,0,0,0,0,0,0,0,0,1,0,0,0,0,0,0,0,0,0,0,0,3,0,1,0,0,0,0,0,0,0,0,0,0,0,2,2,0,2,0,0,0,0,0,0,0,0,0,0,0,0,1,0,0,2,0,0,0,0,0,0,2,0,0,1,0,0,0,0,0,6,0,0,0,0,0,2,0,0,0,0,0,0,0,0,1,0,0,0,0,0,3,0,0,0,0,0,0,0,0,0,0,0,0,0,2,0,0,0,0,1,0,0,2,0,0,0,0,0,0,0,0,0,0,5,0,0,0,0,0,0,1,0,0,0,0,0,0,0,0,0,0,0,0,0,0,0,0,0,0,0,0,0,1,0,0,0,0,0,0,2,0
0,0,0,0,0,0,0,1,0,0,0,0,0,0,0,0,0,0,0,0,0,0,0,0,0,0,0,0,0,0,0,0,0,0,0,0,0,0,0,0,0,0,0,0,0,1,0,0,0,0,0,0,0,0,0,0,0,0,0,0,0,0,1,0,0,0,0,0,0,0,0,0,1,0,0,0,0,0,0,0,0,0,0,0,0,0,0,0,1,0,0,0,0,0,0,0,0,0,0,0,0,0,0,0,0,0,1,0,0,0,1,0,0,0,0,0,0,0,0,0,0,0,0,0,0,0,0,0,0,0,0,0,0,0,0,0,0,0,0,0,0,1,1,0,0,0,0,0,0,0,0,0,1,1,0,1,0,0,0,0,0,0,0,0,0,0,0,0,0,0,0,0,0,0,0,0,0,0,0,0,0,0,0,1,0,0,0,0,1,0,0,0,0,0,0,0,0,0,0,0,0,0,0,0,0,0,0,0,0,0,0,0,0,0,0,0,0,0,0,1,0,0,0,0,0,0,0,0,0,0,0,0,0,0,0,0,0,0,0,0,0,0,0,0,0,0,0,0,0,0,0,0,0,0,0
2,0,0,2,1,0,0,0,0,2,0,0,0,0,1,0,1,0,0,0,0,0,0,0,0,2,0,0,0,2,0,0,0,0,1,0,0,0,2,0,0,0,0,0,0,0,0,1,0,0,0,0,0,0,1,0,0,1,0,0,0,0,0,0,0,0,1,0,0,0,1,0,0,0,1,0,0,1,0,0,0,0,0,0,0,0,0,0,0,0,0,0,0,0,0,1,0,0,0,0,0,0,2,0,0,0,0,0,0,0,0,0,2,0,0,0,0,0,0,2,0,0,0,0,0,0,0,0,0,0,0,0,0,0,0,0,1,1,0,0,0,0,1,0,0,0,0,0,1,0,0,0,0,1,1,1,0,0,0,0,0,0,0,1,0,0,0,0,0,0,0,0,0,0,0,0,1,1,0,0,0,0,0,0,0,0,0,0,0,0,0,0,0,0,0,0,0,0,0,1,0,0,0,0,0,0,0,0,4,0,1,0,0,0,0,0,1,0,0,0,0,0,0,0,0,0,0,0,1,0,0,0,0,0,0,0,0,0,0,0,1,0,1,0,0,0,0,0,1,0,0,1,0,0,0
0,0,3,0,0,0,0,0,0,0,0,1,1,2,0,0,2,0,0,0,0,0,0,1,0,0,0,0,0,0,0,0,1,0,0,0,0,0,0,0,0,0,0,0,0,1,1,0,1,1,0,0,0,0,1,1,1,1,1,1,0,0,0,0,0,0,0,1,0,0,0,0,0,0,2,0,0,1,0,0,0,0,0,0,0,0,1,0,0,0,0,0,0,0,1,0,0,0,0,0,0,0,0,0,0,0,0,1,0,0,0,0,0,1,0,0,0,0,0,0,1,0,0,0,0,1,0,0,0,0,0,0,0,0,0,0,0,0,0,0,0,0,1,0,0,0,0,0,0,0,0,0,0,0,0,0,1,1,0,0,0,0,0,1,0,0,0,0,0,0,0,0,0,0,0,0,0,0,0,0,0,0,0,0,0,0,0,0,0,1,0,1,0,0,0,0,0,0,0,0,0,0,1,0,1,0,0,1,0,0,0,0,0,0,0,0,0,1,0,0,0,0,0,0,0,0,0,0,0,0,0,0,0,0,1,0,0,1,0,1,0,1,0,0,0,0,1,1,0,0,1,2,0,0,1
0,0,0,0,0,0,0,0,0,0,0,0,0,0,0,0,0,0,0,0,0,0,0,0,0,0,0,0,0,0,0,0,0,0,0,0,0,0,0,0,0,0,0,0,0,0,0,1,0,0,0,0,0,0,0,0,0,0,0,0,0,0,0,0,0,0,0,0,0,0,0,0,0,0,0,0,0,0,0,0,0,0,0,0,0,0,0,0,1,0,0,0,0,0,0,0,0,0,0,0,0,0,0,0,0,0,0,0,0,0,0,0,0,0,0,0,0,0,0,0,0,0,0,0,0,0,0,0,0,0,0,0,0,0,0,0,1,0,0,0,0,0,0,0,0,0,0,0,0,0,0,0,0,0,0,0,0,0,0,0,0,0,0,0,0,0,0,0,0,0,0,0,0,0,0,0,0,0,0,0,0,0,0,0,0,0,0,0,0,0,0,0,0,0,0,0,0,0,0,0,0,0,0,0,0,0,0,0,0,0,0,0,0,0,0,0,0,0,0,0,0,0,0,0,0,0,0,0,0,0,0,0,0,0,0,0,0,0,0,0,0,0,0,0,0,0,0,0,1,0,0,0,0,0,0
0,0,1,0,0,0,1,0,0,0,0,0,0,0,0,0,0,0,0,0,0,1,0,0,0,0,0,2,0,1,0,0,0,0,0,0,1,0,0,0,0,0,0,0,0,0,0,0,0,1,0,0,0,2,0,0,0,0,1,0,0,2,0,2,0,0,0,0,0,0,0,0,0,0,2,0,0,0,0,0,0,1,0,1,2,0,0,0,0,0,0,0,0,0,0,0,0,2,0,0,0,0,2,0,0,0,0,0,0,0,0,0,0,0,1,1,0,0,2,0,0,0,0,0,0,0,0,0,2,0,0,0,2,0,0,0,0,1,0,0,0,0,0,0,0,0,0,2,0,0,0,0,0,0,0,0,2,0,0,0,1,0,0,0,0,0,0,0,0,0,0,0,0,0,0,0,0,1,1,0,0,0,3,0,0,0,0,1,0,0,2,0,0,0,0,0,2,0,0,0,2,0,0,0,0,0,0,0,0,4,0,0,0,0,0,0,0,0,0,0,0,0,0,0,0,0,0,0,0,3,0,0,0,0,1,0,0,0,0,0,0,0,0,0,2,5,0,0,0,0,3,0,1,0,5
0,0,0,0,0,0,0,0,0,0,0,0,0,0,0,0,0,0,0,0,0,1,0,0,0,0,0,0,0,0,0,0,0,0,0,1,0,0,0,0,0,0,0,0,0,0,0,0,0,0,0,0,0,0,0,0,0,0,0,0,0,0,0,0,0,0,0,0,0,0,0,0,0,0,0,0,0,0,0,0,0,0,0,0,1,0,0,0,0,0,0,0,0,0,0,0,0,0,0,0,0,0,0,0,0,0,0,0,0,0,0,0,0,0,0,0,0,0,0,0,0,0,0,0,0,0,0,0,0,0,0,0,0,0,0,0,0,0,0,0,0,0,0,0,0,0,0,0,0,0,0,0,0,0,0,0,0,0,0,0,0,0,0,0,0,0,0,0,0,0,0,1,0,0,0,0,0,0,0,0,0,0,0,0,0,0,0,0,0,0,0,0,0,0,0,0,0,0,0,0,0,0,0,0,1,0,0,1,0,1,0,0,0,0,0,0,0,0,1,0,0,0,0,0,0,0,0,0,0,0,0,0,0,0,0,0,0,0,0,1,0,0,0,0,0,0,0,0,0,0,0,0,1,0,0
0,0,4,0,3,5,0,0,0,0,0,0,0,0,8,0,0,0,0,0,0,0,0,0,0,0,0,0,4,0,0,0,0,0,0,0,0,0,7,0,0,0,8,0,0,0,0,0,0,0,0,0,2,0,0,0,2,0,0,6,0,0,0,0,0,0,0,7,0,0,0,0,0,0,2,7,0,0,0,2,0,0,0,0,0,0,0,0,0,3,0,0,0,0,0,0,0,0,0,2,0,0,0,0,0,7,0,0,0,0,2,0,0,0,0,0,0,5,0,0,0,0,0,5,0,0,0,0,0,6,0,0,3,0,6,0,4,0,0,0,0,0,0,6,2,0,0,0,0,0,21,0,0,0,0,0,0,0,0,0,0,0,0,0,0,0,0,0,10,19,0,0,0,9,0,0,0,6,0,0,0,4,0,5,5,0,11,0,8,6,0,2,0,5,0,0,0,0,13,0,0,4,7,0,0,0,0,6,2,0,0,7,0,0,0,0,0,0,0,0,0,0,0,7,0,0,0,0,0,0,0,0,0,0,12,0,7,0,0,16,0,6,0,6,0,11,7,6,0,0,0,0,0,4,0
17,20,3,12,14,4,1,3,23,12,15,5,13,13,11,6,4,4,13,9,6,5,4,5,12,24,11,2,10,2,22,1,22,18,15,27,14,8,0,10,9,24,7,15,4,17,10,2,4,6,7,10,5,10,5,9,20,16,14,3,17,10,16,7,3,5,19,21,23,6,15,10,6,7,3,13,8,4,7,20,4,8,7,7,25,6,13,10,9,0,17,9,4,3,6,14,12,12,10,7,10,6,20,18,10,9,14,5,24,0,12,0,8,4,12,1,22,20,3,13,15,8,0,10,19,9,12,2,3,8,27,10,0,6,15,13,12,10,18,6,5,6,0,5,4,1,22,8,5,4,4,7,6,3,6,7,15,18,1,4,7,13,19,6,12,11,21,1,2,8,14,11,5,11,20,11,5,8,2,12,13,4,5,6,13,15,21,4,8,27,3,2,36,4,3,5,1,2,16,7,8,7,3,16,2,5,0,16,15,1,14,15,14,21,13,1,3,6,14,27,12,3,9,13,4,3,2,6,5,20,6,12,4,15,7,11,16,0,16,0,13,21,9,4,15,6,16,11,1,14,12,33,1,18,4
0,1,1,5,0,0,0,3,0,0,0,3,7,0,0,0,1,0,0,3,0,0,0,5,1,0,0,3,0,0,0,0,3,0,0,0,0,3,0,0,0,0,0,0,7,0,1,12,0,3,0,0,0,0,0,0,4,2,1,6,0,0,0,0,0,2,0,0,0,0,3,0,2,1,5,2,0,0,0,0,0,0,0,3,0,0,0,0,0,0,0,0,2,2,1,0,0,0,0,0,2,0,0,3,1,0,2,2,0,0,0,0,0,0,0,0,4,0,0,16,7,0,0,0,2,0,0,0,0,0,0,0,0,0,2,0,5,1,0,0,0,1,1,0,0,0,2,0,0,0,0,0,0,0,11,0,2,0,0,0,0,2,0,0,0,0,0,0,0,2,0,0,0,0,1,2,2,1,1,0,0,0,0,0,0,0,0,1,3,0,0,3,0,0,6,0,0,0,0,0,0,0,1,0,0,0,0,0,0,2,3,4,0,0,0,0,0,0,3,2,0,1,0,3,0,0,0,1,1,4,0,1,2,0,1,0,2,0,0,0,0,0,0,0,0,0,0,0,0,0,0,0,0,0,0
0,0,0,0,0,0,0,0,0,0,0,0,0,0,0,0,0,0,0,0,0,0,0,0,0,0,0,0,0,0,0,0,0,0,0,0,0,0,0,0,0,0,0,0,1,0,0,0,0,0,0,0,0,0,0,0,0,0,0,0,0,0,0,0,0,0,0,0,0,0,0,0,0,0,0,0,0,0,0,0,0,0,0,0,0,0,0,0,0,0,0,0,0,0,0,0,0,0,0,0,0,0,0,0,0,0,0,0,0,0,0,0,0,0,0,0,0,0,0,0,0,0,0,0,0,0,0,0,0,0,0,0,0,0,0,0,0,0,0,0,0,0,0,0,0,0,0,0,0,0,0,0,0,0,0,0,0,0,0,0,0,0,0,0,0,0,0,0,0,0,0,0,0,0,0,0,0,0,0,0,0,0,0,0,0,0,0,0,1,0,0,0,0,0,0,0,0,0,0,0,0,0,0,0,0,0,0,0,0,0,0,0,0,1,0,0,0,0,0,0,0,0,0,0,0,0,0,0,0,0,0,0,0,0,0,0,0,0,0,0,0,0,0,0,0,0,0,0,0,0,0,0,1,0,0
0,0,0,0,0,0,0,0,0,0,0,0,6,0,0,0,0,0,0,4,0,0,0,0,0,0,0,0,0,0,0,0,0,0,0,0,1,0,0,0,9,0,0,0,0,0,0,0,1,0,4,0,0,0,0,3,2,1,0,0,0,0,0,1,0,0,0,0,0,0,8,0,0,0,3,0,0,0,0,0,0,1,0,0,4,0,0,0,4,0,0,0,5,0,0,0,4,0,0,0,0,4,0,0,0,0,5,0,3,0,0,0,0,0,0,0,0,0,0,0,0,0,0,3,0,0,0,0,1,0,0,0,0,0,0,0,6,0,2,0,0,0,0,2,0,0,0,0,0,0,0,2,0,0,4,0,0,0,0,0,2,3,3,0,0,0,0,0,0,0,0,0,0,0,0,0,0,0,0,0,0,5,0,0,3,0,0,0,0,0,0,0,0,2,0,0,0,0,0,0,3,0,0,0,0,0,0,0,0,6,0,2,0,0,0,0,0,0,0,0,2,7,0,0,0,0,0,0,6,1,0,0,0,7,0,0,0,0,7,0,5,0,0,0,0,0,9,0,0,3,0,0,0,0,4
0,2,0,13,0,0,5,0,0,9,0,0,0,0,0,0,0,0,0,1,0,0,0,0,0,0,0,0,0,0,0,3,0,0,0,0,9,0,0,0,2,0,0,0,0,0,0,2,0,0,0,0,0,0,0,4,0,0,5,0,0,0,0,0,5,0,0,6,0,0,0,0,0,0,0,0,0,0,2,11,0,0,0,0,0,0,0,0,0,0,0,4,0,0,0,0,0,0,0,0,0,2,0,0,0,0,0,0,0,0,0,3,0,0,4,0,0,0,0,0,0,0,0,0,0,3,0,0,0,0,0,0,0,0,0,0,0,2,0,0,0,5,0,0,3,0,0,2,0,6,0,0,0,0,0,0,0,0,0,0,0,0,0,4,0,0,0,0,0,0,0,3,0,0,0,0,0,0,0,9,0,0,0,0,0,1,0,0,5,0,0,0,0,2,0,0,0,0,3,0,2,0,0,0,0,0,0,0,0,0,0,2,0,0,0,0,0,0,0,0,0,0,0,0,0,3,0,0,0,0,0,0,0,0,4,9,0,10,2,0,0,2,0,0,0,0,0,3,2,0,0,0,0,0,0
0,0,1,0,0,0,1,0,0,0,0,0,0,1,0,1,0,0,0,1,0,0,0,0,0,0,0,0,0,0,0,1,0,0,0,0,1,0,0,1,0,0,0,0,0,0,0,0,0,0,0,0,0,0,0,0,1,0,0,0,0,0,0,0,0,2,0,0,0,0,0,0,0,0,1,0,0,0,0,0,0,0,0,0,0,0,0,0,0,0,0,0,0,0,0,0,0,0,0,0,0,0,0,0,0,0,0,0,0,0,0,0,0,0,0,0,0,0,0,0,0,0,0,0,0,0,0,0,0,1,0,0,0,0,0,0,0,0,0,0,0,0,1,0,0,0,1,0,0,0,1,0,0,0,0,0,0,1,0,0,1,0,0,2,0,1,0,0,0,0,0,0,0,0,0,0,0,0,0,0,0,0,0,0,0,0,0,0,1,0,0,0,0,0,0,0,0,0,0,0,0,0,0,0,0,1,0,0,0,0,0,0,0,0,0,1,0,1,0,0,0,0,0,0,0,0,0,0,0,0,0,0,0,0,0,0,0,0,0,0,0,0,0,0,0,0,0,0,0,0,0,0,0,0,0
11,0,0,0,0,0,0,0,0,0,0,2,7,0,0,0,7,0,3,0,9,0,0,0,0,0,2,0,0,0,0,0,0,0,0,0,0,0,0,0,0,1,0,4,0,0,6,0,0,0,0,0,0,0,2,0,0,0,0,2,0,0,0,2,7,0,7,0,0,0,6,0,6,9,0,0,0,0,0,0,0,0,6,0,0,0,0,0,0,0,0,0,0,0,0,0,0,0,0,0,0,0,0,0,0,0,0,0,0,4,0,0,5,0,0,0,0,0,6,0,4,0,0,11,0,0,0,7,4,0,7,4,3,0,0,2,0,5,10,0,0,0,6,0,2,0,3,0,0,0,0,0,0,0,0,0,0,5,0,0,5,0,0,0,0,6,2,0,2,5,0,0,0,7,0,0,0,0,0,0,0,5,0,0,0,10,0,0,0,0,0,0,0,0,0,9,9,0,0,0,0,0,0,0,0,0,0,0,0,0,0,0,0,3,0,0,0,0,0,0,0,0,7,0,0,0,0,8,8,0,2,0,0,0,0,0,0,0,0,0,0,0,0,12,0,0,0,0,0,0,0,0,0,0,0
0,0,0,0,0,0,0,0,0,0,0,1,0,0,0,3,0,0,0,0,2,0,6,1,0,3,0,0,0,0,0,0,0,0,0,0,0,0,0,0,0,0,0,0,0,0,0,0,0,0,0,0,1,0,0,2,0,0,0,0,0,0,0,0,0,0,0,0,1,0,0,0,0,0,0,0,0,0,0,0,0,0,0,0,2,0,0,1,0,0,1,0,0,0,0,0,0,0,1,1,1,0,0,0,0,0,0,1,0,0,0,0,0,0,0,0,0,0,0,0,0,0,0,0,2,0,0,1,0,0,0,0,1,0,0,0,1,0,0,0,2,0,0,0,0,1,0,0,0,0,3,2,1,0,0,0,0,1,0,0,0,0,0,0,0,0,0,1,0,0,0,0,0,0,0,0,3,0,0,0,0,0,0,2,0,0,0,0,0,0,0,0,1,0,0,0,0,0,1,0,0,0,0,0,0,0,0,0,0,0,0,0,0,0,0,2,1,0,0,0,0,0,0,0,0,0,0,1,0,0,0,1,0,0,0,0,0,2,1,0,0,0,0,1,0,2,0,0,0,0,2,0,0,0,0
4,6,0,0,0,4,6,7,0,0,0,21,0,0,0,0,10,7,0,0,3,4,0,0,3,0,6,0,0,0,0,7,4,0,0,0,0,0,0,0,0,0,0,0,0,0,0,0,0,0,0,0,4,0,0,0,0,0,0,0,0,0,0,0,0,0,8,0,0,0,0,0,0,0,0,0,0,6,0,0,0,0,0,0,0,0,0,0,12,0,0,0,0,0,0,7,0,0,0,3,5,0,0,6,0,0,0,0,0,0,0,0,0,0,0,0,0,0,0,0,0,0,0,0,0,3,0,0,0,7,0,8,0,0,0,0,0,0,0,7,0,0,0,0,0,5,4,0,0,0,0,0,0,6,0,0,0,11,0,5,0,0,0,0,0,4,0,0,0,0,0,0,0,0,0,0,0,14,6,0,0,0,0,0,7,0,4,4,9,9,0,0,0,0,0,10,0,0,0,0,0,0,0,0,0,0,0,0,4,0,0,0,0,3,0,10,0,0,9,4,0,17,0,0,0,0,0,0,0,0,0,0,0,0,0,0,0,0,4,0,12,0,0,0,0,0,3,0,0,0,0,0,0,0,0
0,0,20,2,0,5,6,0,0,6,0,0,6,13,0,0,4,5,0,3,0,0,0,5,0,4,0,0,18,0,0,0,11,6,0,0,0,0,0,0,0,0,3,0,0,0,6,0,5,0,0,0,0,0,4,11,5,6,3,13,0,0,2,0,0,0,0,9,0,0,0,0,0,10,0,3,5,3,0,0,0,0,0,0,1,0,0,0,0,0,0,0,4,4,11,0,0,0,4,0,3,0,0,0,3,0,4,5,0,5,0,4,0,7,0,0,0,3,0,0,0,2,0,0,0,3,0,0,0,0,0,4,8,0,4,0,2,0,0,0,0,3,0,0,0,0,0,4,0,0,0,6,0,0,10,0,0,3,0,0,0,0,0,0,0,3,0,5,4,10,1,0,0,0,0,0,0,0,0,0,1,0,4,0,0,0,4,16,2,4,11,11,4,0,0,2,0,0,0,0,3,0,4,0,0,0,2,4,0,3,0,2,6,4,0,12,0,0,0,0,4,3,0,0,0,0,0,0,0,6,10,0,0,0,0,3,0,0,0,0,0,0,0,0,0,0,0,6,0,0,0,0,0,0,0
8,1,3,9,2,1,4,4,4,7,3,5,5,1,3,2,0,3,3,5,0,0,4,2,2,13,7,0,1,5,2,4,3,1,3,2,1,0,2,3,0,5,0,0,3,4,2,4,4,5,0,6,7,5,3,8,2,3,4,4,1,2,0,2,2,6,5,4,9,2,2,0,2,9,3,4,2,2,1,0,10,5,0,2,3,0,5,14,0,3,0,2,5,1,1,1,3,10,1,2,1,2,5,1,3,6,6,2,0,0,3,6,3,3,4,2,3,3,3,0,3,0,1,3,0,2,1,1,4,0,3,3,4,0,1,1,0,1,2,0,0,3,5,0,1,1,2,1,0,1,4,0,1,0,3,0,2,7,3,1,1,2,2,3,0,0,1,1,7,3,1,0,1,4,0,9,6,2,2,1,0,0,0,1,5,5,0,7,1,1,2,0,2,9,6,2,3,5,1,4,2,1,3,1,4,0,2,1,0,2,5,3,1,0,7,2,2,5,0,0,1,1,2,2,0,2,1,2,0,5,2,2,1,0,1,2,1,0,0,1,4,2,0,0,0,0,1,0,2,0,2,1,1,1,0
0,3,5,0,0,0,0,0,7,3,0,8,9,1,0,0,7,7,0,0,0,0,0,32,0,0,0,0,4,4,0,0,7,0,0,0,0,0,0,0,0,0,0,0,11,0,4,4,4,3,0,0,2,0,11,6,9,15,4,6,0,0,1,0,0,0,1,6,0,0,0,3,0,2,9,0,0,3,0,0,0,1,0,5,0,1,3,0,0,0,0,0,0,13,6,0,0,0,1,0,6,0,0,5,0,3,1,13,1,0,2,0,2,5,0,7,4,6,2,7,6,0,0,0,0,0,0,0,0,0,3,0,2,0,0,0,10,0,0,0,0,0,0,0,0,0,0,9,2,0,2,0,0,2,7,0,6,0,3,3,0,2,2,1,1,0,0,4,4,2,2,0,2,0,3,0,1,3,0,1,2,3,0,0,5,2,4,9,3,2,0,5,0,0,0,3,2,0,0,18,9,0,1,0,0,0,2,2,4,13,4,1,0,0,0,0,0,0,1,0,3,3,2,2,0,4,0,0,0,11,3,6,0,0,0,0,0,0,0,1,2,2,8,2,0,0,0,3,0,0,0,0,2,7,3
3,0,0,0,0,0,0,0,0,3,0,0,0,0,0,3,0,0,0,0,0,0,0,4,0,3,0,0,0,1,0,0,0,6,1,0,1,0,0,0,0,0,0,0,0,0,0,0,0,2,0,0,0,0,0,0,0,0,0,0,0,2,0,0,0,0,4,1,0,0,0,4,0,0,0,0,0,0,0,0,0,0,0,0,0,0,0,0,6,0,0,0,0,0,0,0,0,0,0,0,0,0,0,0,0,0,0,3,3,0,0,0,0,0,0,0,1,1,0,0,0,0,2,0,0,1,3,0,0,0,3,0,0,1,0,0,0,0,0,0,0,7,0,0,1,0,2,0,0,0,0,0,0,0,0,0,1,0,0,0,0,8,0,0,0,3,6,1,0,0,0,7,0,0,8,0,0,0,0,0,0,0,0,0,3,4,0,3,0,0,1,0,2,3,0,0,0,4,0,3,2,0,0,0,0,0,3,0,0,0,0,4,1,0,0,0,0,0,0,0,0,5,0,3,0,0,0,0,0,0,0,0,0,0,0,0,0,2,0,0,1,0,4,0,0,0,0,0,0,0,0,0,0,0,0
0,2,0,0,0,0,2,0,0,0,0,0,0,0,0,0,0,0,2,0,0,0,0,0,0,0,0,0,0,0,0,0,4,0,0,0,0,0,0,0,0,3,0,0,0,0,1,0,0,0,0,0,0,0,0,0,0,0,0,0,0,0,0,0,0,0,0,0,0,0,0,0,0,0,1,0,0,0,0,0,0,0,0,0,0,0,4,0,0,0,2,4,2,1,0,0,0,2,1,0,0,0,0,0,2,1,0,0,0,0,0,0,0,0,0,0,0,0,0,0,0,0,0,0,0,2,0,0,2,2,0,0,0,2,0,1,0,2,0,0,1,1,0,0,0,0,0,0,1,0,0,0,0,0,0,0,1,0,0,0,1,0,0,0,5,0,3,0,0,0,0,0,0,1,1,0,0,3,0,0,4,1,0,0,0,0,0,0,0,0,0,0,0,0,0,0,2,1,0,0,0,0,0,0,1,0,1,0,0,2,0,0,0,2,0,0,0,0,0,0,0,1,0,0,0,0,0,0,0,1,0,0,0,0,0,0,0,1,0,0,0,0,0,1,0,0,0,0,0,0,1,0,0,0,1
0,0,0,1,2,0,0,11,0,3,0,0,0,0,0,0,0,0,4,16,0,0,1,0,0,0,0,0,12,0,3,0,0,4,3,6,17,0,5,0,0,2,0,0,3,11,0,0,0,2,0,5,3,0,2,0,0,1,0,0,0,0,0,0,0,0,1,0,2,3,0,0,0,0,0,6,0,0,0,1,0,0,0,0,0,0,0,0,0,0,0,0,0,0,0,1,0,6,0,0,2,0,6,0,0,6,0,0,0,0,0,0,0,0,0,2,0,0,0,0,0,0,0,0,0,0,1,0,0,0,0,0,0,0,0,0,0,3,0,0,0,0,0,2,2,0,0,0,0,0,1,0,5,0,0,0,0,0,0,0,0,0,0,0,0,0,0,0,2,5,0,0,0,0,0,0,3,0,0,0,5,0,1,4,0,0,0,0,0,0,0,0,0,0,5,4,0,0,0,0,0,0,0,0,0,0,2,0,7,0,0,0,0,0,0,0,0,0,2,0,0,0,0,0,0,0,0,2,2,0,4,2,0,0,0,2,0,0,0,0,0,0,2,0,0,0,4,0,3,0,2,0,2,0,0
0,0,5,0,0,0,0,3,0,0,0,5,9,24,0,0,1,5,0,0,1,0,0,5,0,6,0,0,0,0,0,0,5,0,0,6,0,0,0,0,0,0,2,0,17,0,5,10,15,0,0,0,0,4,14,0,8,16,18,7,0,3,0,0,0,0,2,8,0,3,0,3,0,0,2,0,0,2,0,0,0,0,0,3,3,0,0,0,0,0,0,0,0,0,0,0,0,0,0,0,2,3,0,0,0,0,0,0,0,0,0,0,0,0,0,0,0,0,0,0,4,0,0,0,0,0,0,0,0,0,0,1,0,0,0,0,0,2,0,4,0,0,0,0,0,3,2,0,4,4,0,0,0,0,2,0,0,0,0,0,0,0,5,0,0,0,0,0,0,5,0,0,0,0,4,0,11,0,0,0,3,0,0,0,0,0,0,0,0,0,0,0,1,0,0,0,0,0,0,0,0,0,0,0,0,0,3,0,0,0,9,3,0,0,4,0,0,0,0,4,3,0,6,0,0,0,0,0,4,1,0,0,0,0,0,0,0,0,0,0,0,0,0,3,0,0,0,0,0,5,0,0,12,0,2
0,0,0,0,0,0,0,0,0,0,0,0,0,0,0,0,0,0,0,0,0,0,0,0,0,0,0,0,0,0,0,0,0,0,0,0,0,0,0,0,0,0,0,0,0,0,0,0,0,0,0,0,0,0,0,0,0,0,0,0,0,0,0,0,0,0,0,0,0,0,0,0,0,0,0,0,0,0,0,0,0,0,0,0,0,0,0,0,0,0,0,0,0,0,0,0,0,0,0,0,0,0,0,0,0,0,0,0,0,0,0,0,0,0,0,0,0,0,0,0,0,0,0,0,0,0,0,1,0,0,0,0,0,0,0,0,0,0,0,0,0,0,0,0,0,0,0,0,0,0,0,1,0,0,0,0,0,0,0,0,0,0,0,0,0,0,0,0,0,0,0,0,0,0,0,0,0,0,0,0,0,0,0,0,0,0,0,0,0,0,0,0,0,0,0,0,0,0,0,0,0,0,0,0,0,0,0,0,0,0,0,0,0,0,0,0,0,0,0,0,0,0,0,0,0,0,0,0,0,0,0,0,0,0,0,0,0,0,0,0,0,0,0,0,0,0,0,0,1,0,0,0,0,0,0
3,0,0,0,0,0,1,0,4,0,0,0,0,0,0,0,0,0,0,0,4,0,0,3,0,0,0,5,0,0,0,0,0,0,0,0,0,0,0,0,0,1,0,0,3,0,0,0,0,2,0,0,0,0,0,0,0,0,0,0,0,0,0,0,0,3,0,4,0,0,0,0,0,0,0,0,0,0,0,0,0,0,0,0,0,0,6,0,0,0,0,0,0,2,0,0,0,0,3,0,2,0,0,3,0,1,0,4,0,0,0,0,0,0,3,3,0,0,0,0,0,2,3,4,0,0,0,0,0,0,2,0,0,0,5,2,0,0,0,3,0,0,0,0,0,0,2,0,0,0,0,4,0,0,0,6,0,0,1,0,0,0,0,0,0,0,2,0,0,0,0,0,4,0,8,0,0,0,0,0,3,0,0,0,0,0,0,0,1,0,1,0,3,0,0,0,0,1,1,0,0,0,0,0,0,3,1,0,0,0,0,0,0,3,0,0,0,0,0,0,0,0,0,0,2,0,0,0,0,3,0,2,0,0,4,5,0,0,0,0,0,0,0,0,0,2,0,0,9,0,0,0,3,0,0
0,0,2,0,0,0,1,0,9,5,0,2,4,8,0,0,1,3,3,2,3,0,0,3,0,0,0,1,2,6,5,0,3,0,2,4,5,1,2,1,2,0,0,0,5,3,3,2,6,1,2,1,0,0,2,1,6,2,1,4,0,0,0,0,0,0,0,0,0,0,0,0,2,6,4,0,0,10,0,0,0,0,0,3,0,0,1,0,0,2,0,0,6,2,6,0,0,1,5,1,1,0,0,0,3,0,3,0,1,0,0,0,0,2,0,4,7,0,0,1,0,0,4,4,0,0,0,0,0,0,2,0,6,0,4,0,7,0,0,0,1,5,7,0,0,0,0,0,0,0,6,0,0,0,2,1,5,1,0,0,1,0,1,8,0,1,0,0,0,1,0,0,0,0,0,2,0,3,2,0,0,0,1,0,1,5,0,2,3,3,1,3,2,0,0,0,2,0,0,0,4,2,2,1,0,2,0,5,0,0,0,2,0,0,0,0,1,0,1,0,0,7,0,0,0,0,0,0,1,4,1,5,0,1,0,0,0,0,0,2,1,0,0,1,0,0,0,0,0,0,1,0,0,0,0
0,0,0,2,0,0,0,0,0,1,0,0,0,0,0,0,0,0,0,0,3,0,1,0,0,0,0,0,0,0,0,0,0,0,0,0,0,0,0,0,0,1,0,0,0,0,0,0,0,0,0,0,0,0,1,0,0,0,0,0,0,0,0,0,0,2,0,0,0,0,0,0,0,1,0,0,0,0,0,0,0,0,0,0,0,0,0,0,0,0,0,0,0,0,0,0,1,0,0,0,0,0,2,2,0,0,0,0,0,0,0,0,0,0,0,0,0,0,1,0,0,0,1,0,0,0,0,0,0,0,0,0,0,0,0,0,0,0,0,0,0,0,0,0,1,0,0,0,0,0,0,0,0,0,0,0,0,0,0,0,0,0,0,0,0,0,0,0,0,0,0,0,1,0,0,0,0,0,0,0,0,0,0,0,1,0,1,0,0,0,0,1,1,0,0,0,0,0,0,0,1,0,0,0,1,1,0,0,1,0,0,0,0,0,1,0,0,0,0,1,0,0,0,0,1,0,0,0,0,0,0,0,0,0,0,1,0,2,1,0,0,0,1,0,0,0,0,0,0,0,0,0,0,0,0
0,0,0,0,0,0,0,0,0,0,0,0,0,2,0,0,0,0,0,0,0,0,0,0,0,0,2,2,0,0,0,0,2,0,0,0,5,0,2,0,0,0,0,4,0,0,0,0,0,0,0,0,0,0,0,0,0,0,1,0,0,0,2,0,0,0,0,0,0,0,0,0,0,0,0,0,1,0,0,1,0,0,1,0,0,2,0,0,0,0,0,0,0,0,0,0,0,0,0,0,0,0,2,0,0,0,4,0,3,0,0,1,0,0,0,0,0,0,0,0,0,0,0,0,0,0,0,2,0,0,0,0,0,0,0,0,0,0,0,0,0,0,0,0,0,0,0,0,0,1,3,0,0,2,0,1,0,0,0,0,0,0,0,0,0,3,0,1,4,0,0,0,0,0,0,0,0,0,0,0,0,0,0,0,0,0,0,0,0,1,0,0,0,0,0,0,0,0,8,3,2,0,0,0,0,0,0,0,0,0,0,0,0,0,0,0,0,0,0,2,0,0,0,0,0,0,0,2,0,5,0,0,0,0,1,2,0,0,0,0,0,3,0,0,0,0,0,0,0,2,0,0,0,2,0
0,0,0,0,0,0,0,0,0,0,0,0,0,0,0,0,0,0,0,0,0,0,0,0,0,0,0,0,0,0,0,0,0,0,0,0,0,0,0,0,0,0,0,0,0,0,0,0,0,0,0,0,0,0,0,0,0,0,0,0,0,0,0,0,0,0,0,0,0,0,0,0,0,0,0,0,0,0,0,0,0,0,0,0,0,0,0,0,0,0,0,0,0,0,0,0,0,0,0,0,0,0,0,0,0,0,0,0,0,0,0,0,0,0,0,0,0,0,0,0,0,0,0,0,0,0,0,0,0,0,0,0,0,0,0,0,0,0,0,0,0,0,0,0,0,0,0,0,0,0,0,0,0,0,0,0,1,0,0,0,0,0,0,0,0,0,0,0,0,0,0,0,0,0,0,0,0,0,0,0,0,0,0,0,0,0,0,0,0,0,0,0,0,0,0,0,0,0,0,0,0,0,0,0,0,0,0,0,0,0,0,0,0,0,0,0,0,0,0,0,0,0,0,0,0,0,0,0,0,0,0,0,0,0,0,0,0,0,0,0,0,0,0,0,0,0,0,0,0,0,0,0,0,0,0
0,0,4,0,0,0,0,0,0,2,0,2,1,0,0,0,3,1,4,0,0,0,1,0,0,2,0,0,1,2,0,2,2,3,3,0,2,1,0,0,0,0,0,0,0,0,2,2,1,2,0,0,0,0,1,3,0,0,0,3,0,0,0,1,0,0,1,1,0,0,0,0,0,1,0,0,0,2,2,0,0,0,0,3,0,0,2,0,0,0,0,1,2,1,0,0,1,1,1,0,4,0,0,4,1,0,0,6,0,0,0,0,0,1,0,1,6,0,0,0,1,0,0,3,0,2,0,0,0,0,0,0,0,0,1,0,5,0,0,0,0,0,0,5,0,0,1,0,3,1,1,0,0,1,1,0,0,0,0,0,0,0,0,1,0,0,0,0,0,1,0,0,0,0,0,6,0,3,0,0,0,0,0,0,0,0,0,0,4,0,0,0,0,0,2,0,0,0,0,1,1,0,0,1,0,0,0,0,0,0,0,0,0,0,0,0,0,0,1,0,0,2,5,3,2,2,4,0,0,1,0,0,4,1,2,1,3,0,0,0,1,0,3,0,3,0,0,0,4,4,1,0,4,1,1
0,0,0,0,0,4,3,0,0,0,0,3,3,0,3,0,0,0,0,0,0,0,0,2,4,0,0,0,0,0,0,0,0,0,0,0,0,0,0,2,0,0,0,0,0,0,0,0,0,0,0,0,0,0,0,0,0,4,0,0,1,0,1,0,0,0,2,3,6,4,0,0,0,0,0,0,0,0,0,0,4,0,0,0,0,0,9,0,0,0,0,0,0,0,0,0,0,0,0,0,0,0,0,0,6,0,2,0,0,4,0,0,0,0,3,0,0,0,2,0,5,0,0,0,0,0,3,1,0,0,0,0,0,0,0,1,5,0,0,0,5,0,0,0,0,0,2,0,9,0,0,0,4,0,0,0,0,0,5,4,0,0,2,0,0,0,0,0,0,4,0,0,0,0,0,0,0,0,0,0,0,0,0,5,3,0,0,0,0,0,0,0,0,0,2,0,10,0,0,0,0,4,0,0,4,0,0,0,0,0,0,0,0,0,0,4,0,0,0,0,0,0,0,0,0,4,0,4,0,0,0,0,0,0,0,2,0,0,2,0,0,0,3,0,0,0,0,3,3,0,0,2,0,0,5
0,0,0,2,0,0,0,0,4,0,0,0,0,0,0,0,0,0,5,0,0,0,0,0,0,0,0,2,0,0,3,0,0,0,0,0,0,0,0,0,0,0,0,0,0,0,0,0,0,0,0,0,0,0,0,0,0,0,0,0,0,0,0,0,3,0,0,0,0,0,0,0,0,3,0,0,0,0,0,0,3,0,0,0,0,0,0,0,9,0,0,0,0,0,0,0,3,0,0,0,0,0,0,2,0,0,0,0,0,0,0,0,0,0,0,0,0,0,0,0,0,0,3,3,0,0,0,0,5,0,0,0,0,0,0,0,0,0,0,0,0,0,0,0,0,0,0,5,1,0,0,2,0,0,2,2,0,0,0,0,0,0,0,0,0,0,0,0,0,0,5,0,0,2,0,0,0,0,5,0,0,1,0,0,0,0,0,0,0,0,0,0,0,2,0,0,4,0,0,0,0,0,0,0,0,0,4,0,0,0,0,0,0,0,0,0,1,0,0,0,0,3,2,0,0,3,0,0,1,0,0,0,0,0,0,0,0,0,0,0,0,0,0,0,0,0,0,0,0,0,0,0,0,2,0
0,0,0,0,0,0,1,0,0,0,0,0,0,0,0,0,0,0,0,1,0,0,0,0,0,2,0,0,0,0,1,0,0,0,1,0,0,0,0,0,0,0,0,0,0,0,0,0,0,0,1,0,0,0,1,0,0,1,0,1,0,0,1,0,1,0,0,0,0,0,0,0,1,0,0,0,1,0,0,0,0,0,0,0,0,0,0,0,0,0,0,0,0,0,0,0,1,0,0,0,1,0,1,1,0,1,0,0,0,0,1,0,0,0,0,1,0,0,0,0,0,0,2,0,0,0,0,0,1,0,0,0,0,0,0,0,0,1,0,0,0,0,0,0,0,1,0,0,0,0,0,0,0,0,0,0,0,1,0,0,0,0,0,0,0,0,0,0,0,0,0,1,0,0,0,0,0,1,0,0,0,0,0,0,0,0,0,0,0,0,0,0,0,0,0,0,0,0,0,0,0,1,0,0,0,0,0,0,0,0,0,0,0,0,0,0,0,0,0,0,0,3,1,0,0,0,0,0,1,0,0,0,0,0,0,0,0,0,0,0,1,0,1,0,0,0,0,0,0,0,0,0,0,0,0
0,2,0,0,0,0,0,0,2,0,0,0,0,0,0,0,0,0,0,0,3,0,0,1,0,0,0,0,0,4,3,0,0,0,0,0,0,0,0,0,0,0,0,0,2,0,0,3,1,0,0,0,0,0,0,0,0,0,3,0,0,0,0,0,0,0,3,0,0,0,0,0,0,0,0,0,2,0,0,0,0,0,0,0,0,0,0,0,0,4,2,0,0,7,3,0,0,0,0,0,0,5,0,0,3,0,0,0,0,0,0,0,0,0,0,0,0,0,0,0,0,0,2,0,4,0,0,0,0,0,0,1,3,0,3,0,0,0,2,1,0,0,3,0,0,0,0,4,0,0,0,0,0,0,0,0,0,0,0,0,0,0,0,0,0,0,0,0,0,2,3,0,0,0,0,9,0,0,0,0,0,0,0,0,0,0,2,0,0,0,1,0,0,0,3,0,3,0,0,0,0,4,0,0,0,0,0,0,0,0,0,0,0,0,0,0,3,5,0,2,0,8,0,0,0,1,1,0,0,0,0,3,0,0,0,0,0,0,0,0,0,0,3,0,0,0,0,0,0,0,0,0,0,1,0
2,5,0,2,0,8,1,3,2,0,0,2,0,0,6,0,0,0,2,1,1,1,0,2,3,0,1,3,1,0,0,6,0,2,0,5,2,2,1,0,3,4,4,9,0,2,2,0,0,1,5,9,0,4,0,0,0,2,0,0,5,9,0,3,3,2,0,0,1,1,2,0,2,0,1,2,0,7,0,0,3,0,2,1,2,0,2,1,1,1,1,1,2,1,0,0,3,1,0,1,0,1,0,2,0,0,1,0,2,2,0,0,1,0,0,0,0,1,3,0,0,0,0,0,4,0,2,0,2,0,0,2,0,2,3,4,4,1,0,0,0,1,0,0,0,1,0,0,1,0,0,0,0,0,0,0,0,2,1,0,0,0,0,0,0,0,0,0,0,0,0,3,0,2,7,1,2,0,9,2,1,0,0,0,0,0,0,2,0,0,0,3,0,0,0,0,0,0,0,0,0,0,0,3,3,1,3,0,0,0,1,0,1,2,0,4,2,2,0,0,2,0,3,5,0,3,4,0,0,0,0,1,2,0,0,4,1,3,0,0,5,1,5,2,3,1,1,0,1,2,1,0,1,0,0
0,0,0,0,0,0,0,0,19,0,23,13,27,0,0,11,0,0,0,0,0,0,0,0,19,0,0,0,0,0,0,10,0,0,0,0,13,0,10,11,0,0,0,0,0,0,0,22,0,10,0,0,0,0,0,0,0,0,0,0,0,0,0,0,0,0,0,0,0,0,0,0,0,0,0,0,1,0,0,0,0,0,0,0,21,7,0,0,0,0,31,0,0,0,0,0,0,0,0,0,16,0,31,0,0,0,0,0,0,0,12,34,0,0,0,0,0,0,0,14,0,0,0,4,0,28,0,0,0,0,0,0,0,0,0,0,0,0,0,0,0,37,0,0,16,0,0,0,0,0,28,0,0,0,25,0,0,0,0,7,0,0,0,0,0,0,0,0,23,0,3,0,0,0,0,0,0,0,0,0,0,0,0,0,0,0,0,0,11,0,0,0,13,0,29,0,0,61,0,0,0,0,0,0,0,0,0,0,20,0,0,0,0,0,0,0,0,0,0,0,0,0,0,0,0,0,0,17,0,23,0,0,10,0,0,0,0,0,0,0,0,0,0,0,0,0,0,0,0,0,0,0,0,0,0
57,20,57,45,44,13,24,31,18,0,5,20,47,17,38,0,32,2,35,14,44,15,37,61,54,34,10,19,51,24,46,38,33,15,17,28,30,27,24,68,20,24,17,12,3,20,26,11,27,52,11,25,24,19,18,42,22,52,27,46,18,38,2,33,16,19,18,16,33,21,21,18,30,44,21,26,20,29,19,19,30,29,30,17,26,0,49,20,46,39,18,31,38,49,4,2,27,10,43,10,36,7,30,9,22,8,13,15,43,23,35,21,32,56,34,61,31,26,31,44,31,13,28,34,18,26,18,18,39,21,27,17,25,45,42,10,27,24,35,33,17,5,19,8,23,11,44,19,10,16,5,19,20,1,30,6,44,54,44,16,28,18,9,52,38,24,17,19,28,16,68,8,25,19,8,15,20,38,15,39,14,23,15,21,36,36,19,56,13,9,27,17,29,5,37,59,6,16,19,17,15,5,22,11,8,20,18,5,38,28,16,29,20,26,22,16,38,7,21,24,19,9,15,15,27,13,12,41,14,10,17,6,30,7,29,9,37,17,3,40,5,30,16,5,25,21,11,3,29,31,18,3,31,8,24
0,0,0,0,0,0,0,0,0,0,0,0,0,0,0,0,0,0,0,0,0,0,0,0,0,0,0,0,0,0,0,0,0,0,0,0,0,0,0,0,0,0,0,0,0,0,0,0,0,0,0,0,0,0,0,0,0,0,0,0,0,0,0,0,0,0,0,0,0,0,0,0,0,0,0,0,0,0,0,0,0,0,1,0,0,0,0,0,0,0,0,0,0,0,0,0,0,0,0,0,0,0,0,0,0,0,0,0,0,0,0,0,0,0,0,0,0,0,0,0,0,0,0,0,0,0,0,0,0,0,0,0,0,0,0,0,0,0,0,0,0,0,0,0,0,0,0,0,0,0,0,0,0,0,0,0,0,0,0,0,0,0,0,0,0,0,0,0,0,0,0,0,0,0,0,0,0,0,0,0,0,0,0,0,0,0,0,0,0,0,0,0,0,0,0,0,0,0,0,0,0,0,0,0,0,0,0,0,0,0,0,0,0,0,0,0,0,0,0,0,0,0,0,0,0,0,0,0,0,0,0,0,0,0,0,0,0,0,0,0,0,0,0,0,0,0,0,0,0,0,0,0,0,0,0
2,16,0,14,0,10,4,1,5,14,3,0,0,0,4,17,1,0,20,10,6,12,7,0,2,4,2,3,4,8,18,12,2,18,10,12,11,0,16,9,13,2,9,9,1,27,1,0,0,0,9,14,9,2,0,0,0,0,0,0,17,10,7,5,6,9,3,0,5,5,7,5,3,2,0,6,12,0,14,5,13,3,12,0,0,82,0,24,6,2,374,2,0,2,0,3,9,247,1,12,0,1,9,1,2,9,12,2,5,6,22,21,7,1,5,0,0,11,7,2,0,4,4,1,3,0,4,8,2,9,0,2,1,7,0,6,0,4,2,10,7,2,0,17,8,15,8,1,0,5,0,10,21,0,0,4,0,0,2,3,7,8,12,0,4,0,5,1,6,2,0,14,8,1,13,11,7,1,1,5,11,5,8,9,1,9,10,1,0,0,1,0,4,8,7,1,7,10,3,0,1,5,2,12,5,5,5,0,5,9,2,1,6,8,5,7,2,4,3,6,4,7,2,2,2,3,0,3,1,1,0,3,3,1,2,1,1,2,2,8,1,3,2,4,0,2,4,1,2,4,1,0,1,4,1
0,0,0,0,0,0,0,0,0,0,0,1,0,0,1,1,0,0,0,0,0,0,0,0,0,0,0,0,0,0,1,0,0,0,0,0,1,0,1,0,0,0,0,1,0,0,1,0,0,0,0,1,0,0,0,0,0,1,1,0,1,0,0,0,0,0,0,0,0,0,0,0,1,1,0,0,0,0,0,0,0,0,0,0,0,1,0,0,0,0,0,0,0,0,0,0,0,0,0,0,0,1,0,0,0,0,0,0,0,0,0,0,0,0,0,0,1,0,1,0,0,0,0,0,0,0,0,1,1,0,0,0,0,0,0,0,0,0,0,0,0,0,0,0,0,0,0,0,0,0,0,0,1,0,0,1,0,0,0,0,0,0,0,0,1,0,0,1,0,0,0,0,0,0,0,1,0,0,1,0,0,0,0,1,0,1,0,0,0,0,0,0,0,0,0,0,0,0,0,0,0,0,0,1,0,0,0,0,0,0,0,1,0,0,0,1,0,2,0,0,0,0,1,0,0,0,0,0,0,0,1,0,0,0,0,0,0,0,0,0,0,0,0,1,0,1,0,0,0,0,0,1,0,0,1
0,0,0,0,0,0,0,0,0,0,4,4,6,0,0,0,0,0,3,0,0,0,3,2,2,0,0,0,0,0,0,0,0,0,0,0,0,0,0,4,5,0,0,0,0,0,0,3,0,3,0,0,0,3,0,0,0,0,0,0,0,0,0,0,1,0,2,0,3,0,0,2,0,1,0,0,0,0,0,0,0,0,0,0,0,1,0,0,0,5,0,0,0,0,2,0,0,0,0,0,0,1,2,0,0,0,0,0,0,0,0,4,0,0,1,0,0,0,0,0,0,0,0,0,0,7,0,0,4,0,0,0,0,3,0,0,0,3,0,0,0,1,0,0,0,2,0,4,0,5,2,0,3,0,0,0,0,9,6,0,0,0,3,0,1,0,0,0,0,0,0,0,0,0,0,3,0,0,0,0,0,0,0,0,0,0,0,0,0,0,0,0,0,4,2,0,0,3,0,4,0,0,2,3,0,1,0,0,0,0,0,0,0,0,0,4,0,0,4,0,2,1,0,0,0,2,0,3,5,0,0,0,0,3,0,0,0,0,0,0,0,0,2,3,0,0,0,2,0,0,3,1,0,0,0
0,3,6,4,2,0,0,1,0,0,4,4,0,1,0,3,0,2,0,7,0,0,0,7,3,2,5,3,10,0,0,4,2,13,4,7,2,1,0,2,6,4,9,1,0,0,6,0,2,3,1,5,2,0,2,2,0,7,1,3,1,4,0,1,0,3,0,1,0,0,2,0,0,2,5,4,0,5,2,0,1,11,5,0,2,0,1,6,1,0,2,4,0,0,3,4,0,2,1,0,1,0,2,6,0,2,9,0,0,0,4,4,2,0,4,4,4,4,2,1,2,0,0,1,2,1,6,1,5,3,2,0,5,0,0,4,0,11,1,6,3,3,0,19,4,0,0,3,0,2,0,1,0,5,0,0,11,3,1,0,3,3,0,6,0,3,9,0,0,8,3,9,2,6,3,7,2,2,0,8,4,7,2,5,2,0,5,5,3,7,3,0,5,4,0,2,7,4,8,1,0,2,15,0,5,2,3,2,0,0,9,3,0,2,3,2,0,6,0,0,1,1,1,4,2,1,3,1,1,1,17,0,0,0,3,0,1,10,0,0,0,3,0,3,7,2,0,6,2,0,4,0,6,2,1
0,1,0,0,0,0,0,0,0,0,0,0,0,0,0,0,0,0,0,4,0,2,0,0,0,0,0,0,1,0,0,0,0,1,0,0,0,0,3,0,0,0,0,0,0,0,0,0,0,2,0,0,0,0,0,0,0,0,2,0,0,5,0,2,0,0,0,0,0,0,0,0,0,0,0,0,0,0,0,0,1,0,1,4,0,0,0,0,0,7,0,0,0,2,0,0,3,0,0,0,0,0,0,0,0,0,0,2,4,5,0,0,0,0,0,0,0,0,0,0,0,1,0,3,0,0,0,2,4,0,0,0,0,0,0,0,3,2,2,0,3,0,2,9,0,0,4,0,0,0,0,0,0,0,0,0,0,0,3,0,0,1,2,0,0,0,0,0,0,0,0,0,0,0,0,0,0,0,0,0,0,0,3,0,3,0,0,2,0,0,0,0,2,0,0,0,2,1,0,3,0,0,0,0,0,0,0,0,3,0,0,0,4,0,0,0,0,0,0,0,0,0,0,0,0,0,0,3,0,0,4,0,0,0,0,0,0,3,0,0,0,0,0,3,0,0,0,0,0,0,0,0,0,0,0
0,0,0,0,1,0,0,0,1,0,0,0,0,2,2,0,0,0,0,0,0,0,0,0,0,1,0,0,0,0,0,0,0,1,0,0,0,0,0,0,0,0,0,0,0,0,0,0,2,0,0,0,0,0,0,1,2,0,0,5,1,0,0,3,0,0,1,0,0,0,3,0,2,0,1,0,0,0,0,0,0,0,0,3,0,0,0,2,0,1,0,0,0,1,0,0,0,0,0,0,0,0,2,0,3,0,0,0,0,0,0,0,1,0,1,0,0,0,0,2,0,0,0,0,0,0,0,0,0,1,0,0,0,0,0,2,0,1,0,0,0,0,0,0,0,0,0,0,0,0,4,0,0,2,0,0,0,0,1,0,0,0,0,0,0,0,0,0,0,0,0,1,0,0,0,0,0,0,0,0,0,0,0,2,0,1,3,0,0,0,0,0,0,0,0,0,0,0,0,0,0,0,0,0,2,2,0,0,0,2,0,0,0,2,0,0,0,0,0,0,0,0,0,0,0,0,0,0,0,0,0,0,0,0,0,0,0,1,0,0,0,1,0,0,1,0,1,0,0,0,0,0,0,5,2
0,1,0,0,0,0,0,0,0,0,0,0,0,0,0,0,0,0,0,0,0,0,0,0,0,0,0,0,0,0,0,0,0,0,0,0,0,0,0,0,0,0,0,0,0,0,0,0,0,0,0,0,0,0,0,0,0,0,0,0,0,0,0,1,0,0,0,0,0,0,0,0,0,0,1,0,0,0,0,0,0,0,0,0,0,0,0,0,0,0,0,0,0,0,0,0,0,0,0,0,0,0,0,0,0,0,0,0,0,0,0,0,0,0,0,0,0,0,0,0,0,0,0,0,0,0,0,0,0,0,0,0,0,0,0,0,0,1,0,0,0,0,0,0,0,0,0,0,0,0,0,0,0,0,0,0,0,0,0,0,0,0,0,0,0,0,0,0,0,0,0,0,0,0,0,0,0,0,0,0,0,0,0,0,0,0,0,0,0,0,0,0,0,0,0,0,0,0,0,0,0,0,0,0,0,0,1,0,0,0,0,0,0,0,0,0,0,0,0,0,0,0,0,0,0,0,0,0,0,0,0,0,0,0,0,0,0,0,0,0,0,0,0,0,0,0,0,0,0,0,0,0,0,0,0
0,0,0,0,0,0,0,2,1,0,0,0,0,0,0,0,0,2,0,0,0,1,1,0,0,0,0,0,0,0,0,0,0,0,0,0,0,2,0,0,0,0,0,1,0,0,0,1,0,0,0,0,1,0,1,0,0,1,0,1,0,0,0,0,2,0,0,0,0,0,0,0,0,0,1,0,1,0,0,0,1,0,0,0,0,0,0,2,0,2,0,0,0,0,0,0,0,0,0,0,0,0,0,1,0,1,0,0,0,1,0,1,1,1,0,0,0,0,0,0,1,0,0,0,0,0,0,1,0,2,0,0,0,0,0,1,0,0,0,0,0,1,0,1,0,0,0,2,0,0,0,0,0,0,0,0,0,1,0,0,0,0,1,2,0,1,0,2,0,0,0,0,0,0,0,0,1,3,0,0,1,0,0,0,0,3,0,2,0,0,0,0,0,0,0,1,0,0,0,0,0,0,1,1,0,0,0,0,0,0,0,0,0,0,1,0,0,0,0,0,1,0,1,0,0,0,0,1,0,0,0,1,0,2,0,0,0,0,1,0,0,0,0,0,0,0,3,0,0,0,1,0,0,0,0
0,0,6,0,0,0,0,0,0,7,0,14,13,17,0,0,23,2,0,11,0,0,6,5,0,0,0,0,0,2,4,0,7,0,0,22,0,0,0,9,0,0,6,0,12,0,1,0,11,10,8,12,0,0,25,10,7,11,3,14,5,0,0,0,0,0,0,2,6,0,2,0,0,9,12,0,0,0,2,0,0,0,0,8,0,0,4,6,0,0,0,0,3,0,0,0,0,0,0,0,0,0,0,0,5,0,0,0,0,5,0,2,0,0,0,0,0,0,0,0,0,0,0,0,0,0,9,0,0,0,0,8,0,9,0,0,0,0,10,7,0,0,0,0,0,11,0,0,0,0,0,0,0,0,0,0,0,2,0,6,0,3,0,0,0,0,3,5,13,0,0,0,5,0,5,2,14,0,9,0,11,4,4,10,0,6,4,0,0,0,0,0,0,0,0,5,16,5,0,0,0,4,0,9,9,0,3,4,6,0,14,0,3,0,0,5,0,0,21,3,10,2,15,4,0,0,0,0,4,4,11,0,5,0,0,5,0,0,6,0,0,0,0,0,0,0,3,0,0,0,0,0,10,0,0
14,65,0,30,83,27,17,21,66,72,73,0,0,0,14,94,0,0,77,99,18,0,50,0,23,26,43,18,52,185,86,18,0,46,62,6,56,4,40,8,14,58,26,45,0,66,0,21,21,0,26,36,138,60,0,0,0,0,0,21,60,44,56,17,42,92,53,0,21,46,0,111,38,0,0,60,14,0,71,42,36,84,28,0,62,78,0,40,105,51,21,103,0,0,18,102,35,0,0,77,18,98,0,0,0,53,70,0,20,100,41,15,57,0,19,0,0,143,61,0,0,32,20,17,15,9,0,12,42,35,20,56,19,38,0,55,0,38,0,58,20,0,0,16,13,50,59,76,31,12,0,46,53,46,0,21,6,0,66,0,18,18,24,0,74,0,0,35,21,0,0,44,0,14,18,22,12,0,18,45,9,0,46,37,23,17,38,0,0,0,0,23,57,18,8,55,23,0,0,0,0,7,0,8,0,18,30,0,0,21,0,0,0,0,0,0,0,0,0,0,0,0,40,91,15,0,36,0,0,0,0,0,0,0,8,17,53,0,0,29,0,0,0,0,0,0,0,20,0,0,0,0,0,0,0
1,0,0,0,1,0,0,0,0,0,1,0,0,0,0,0,0,1,0,0,0,0,0,0,0,0,0,0,0,0,0,0,1,0,0,0,0,0,0,0,0,0,0,0,0,0,0,0,0,0,0,0,0,0,0,0,0,1,0,0,0,0,0,0,0,0,1,0,0,0,0,0,0,0,0,0,1,0,0,0,0,0,0,0,0,0,0,0,0,0,0,0,0,0,0,1,0,0,0,0,0,0,0,0,0,0,0,1,0,0,0,0,0,1,0,0,0,0,0,1,0,0,0,1,0,0,1,0,0,0,0,0,0,0,1,0,0,0,0,0,0,0,0,1,0,0,0,0,0,0,0,0,0,0,1,0,0,0,1,0,1,0,0,0,0,0,0,0,0,0,0,0,0,2,0,0,0,0,1,0,0,0,0,0,0,0,0,0,0,1,0,0,0,0,1,0,0,0,0,0,0,0,0,0,0,0,0,0,0,0,0,0,0,0,0,0,1,0,0,0,0,0,0,0,0,1,1,0,1,0,0,0,0,0,0,0,0,0,0,0,0,0,0,0,0,0,0,0,0,0,0,0,0,0,0
33,0,0,9,34,14,0,0,0,10,0,0,0,0,2,20,0,0,34,35,0,31,69,0,0,20,0,0,28,54,80,17,0,8,30,12,0,12,60,0,0,10,0,0,7,15,0,0,3,0,11,14,4,0,0,0,0,0,18,0,12,7,20,0,15,4,0,0,0,16,0,0,2,0,0,13,13,0,0,26,0,7,43,0,0,26,0,17,25,18,22,18,0,0,5,0,7,17,0,33,0,22,0,0,32,0,0,15,43,5,0,0,17,0,27,0,0,20,7,0,0,0,23,0,8,9,9,0,32,33,0,0,0,6,7,0,0,27,7,15,29,0,0,7,26,0,9,0,13,40,1,0,0,0,3,0,0,0,0,38,36,8,0,4,0,0,12,20,6,0,0,14,0,10,14,13,26,0,0,0,21,0,13,10,0,17,0,0,0,0,16,0,11,0,0,0,0,0,0,0,0,0,0,0,0,0,33,0,0,0,0,0,0,0,0,0,0,0,0,0,0,0,0,0,9,0,0,0,0,0,0,0,0,0,0,0,11,0,0,0,0,0,0,0,15,0,0,0,15,0,6,0,0,0,0
0,0,1,0,1,0,0,0,5,0,0,0,0,1,0,0,0,0,0,0,0,0,0,1,0,0,0,0,0,0,0,0,0,0,0,0,0,0,0,0,0,0,1,0,2,0,0,0,0,0,0,0,0,0,0,0,0,0,0,0,0,0,0,0,0,0,0,1,1,0,0,0,0,0,0,0,0,0,0,0,0,0,0,0,0,0,0,0,0,0,0,0,0,0,0,0,0,0,0,0,0,0,0,0,0,0,0,0,0,0,0,0,0,0,0,0,0,0,0,1,0,0,0,0,0,0,0,0,0,0,0,0,0,0,0,1,0,0,0,0,0,1,0,0,0,0,0,0,0,0,0,0,0,0,0,0,0,0,0,0,0,0,0,1,0,0,0,0,0,0,0,0,0,0,0,1,0,0,0,0,2,0,0,0,0,0,0,0,0,0,2,1,0,1,0,0,0,0,0,2,0,0,0,3,0,0,0,0,0,2,0,0,0,0,0,0,0,0,0,0,0,0,2,1,0,1,0,0,0,0,0,2,0,0,1,0,0,0,0,1,1,0,0,1,1,0,0,0,0,0,0,1,0,0,0
0,7,3,0,0,8,19,0,7,4,0,0,0,12,7,9,0,7,0,19,0,11,1,0,29,13,6,0,9,4,11,12,0,3,0,5,21,10,0,9,32,3,5,13,0,15,0,0,0,0,2,2,12,0,0,6,4,0,0,0,8,16,0,0,6,0,1,0,10,5,10,9,8,0,0,0,0,0,5,4,7,15,3,15,10,0,6,4,2,0,10,2,8,0,8,10,2,0,0,4,0,21,0,0,0,0,0,0,5,0,4,0,0,0,6,0,0,8,0,0,0,0,0,0,0,6,0,0,0,0,0,5,0,8,0,5,0,0,0,0,0,0,0,0,0,0,0,0,0,0,0,0,0,8,0,0,0,0,18,6,0,0,0,0,0,0,0,0,0,0,0,0,0,0,0,0,0,0,0,0,0,0,0,0,0,0,0,0,0,0,0,7,0,0,5,3,0,0,0,26,8,0,0,0,0,0,0,0,0,0,0,0,0,7,0,8,0,6,0,0,0,0,4,0,0,0,0,5,0,8,0,0,0,0,0,7,0,0,0,0,0,0,0,7,0,0,27,6,0,0,0,6,0,0,0
0,4,0,0,0,0,12,4,16,5,0,0,0,0,0,0,13,0,15,0,0,0,0,0,14,0,0,0,11,0,0,0,0,0,0,0,0,0,0,0,0,0,0,0,0,0,0,0,0,0,0,0,0,0,0,5,7,0,6,0,0,0,0,0,0,0,0,5,0,0,0,9,0,5,4,0,0,0,0,0,0,0,0,0,0,0,0,0,0,6,0,0,0,0,0,0,0,0,0,0,0,0,0,0,0,0,0,0,0,0,0,0,0,0,0,0,0,0,0,0,8,0,0,0,0,5,0,4,0,0,0,0,27,0,2,0,0,0,0,0,9,0,0,0,0,0,0,6,0,0,0,0,0,0,0,0,0,0,0,0,0,0,0,2,0,0,10,6,0,0,2,0,0,0,4,0,0,0,4,0,1,0,0,0,0,0,8,0,11,0,0,0,5,0,0,0,0,0,3,8,0,4,0,6,0,0,0,0,9,0,0,0,0,0,0,0,0,0,0,0,0,0,0,0,0,0,0,0,0,0,11,0,0,0,0,0,0,0,0,0,4,0,0,0,0,0,0,0,6,0,0,8,0,11,0
0,0,0,0,0,3,0,3,0,2,0,0,0,0,1,0,0,0,0,0,0,0,0,3,0,2,5,1,7,0,0,0,0,0,0,0,0,2,0,0,1,0,2,1,0,0,0,0,0,0,0,0,2,5,0,0,0,0,0,0,2,0,14,11,0,6,0,0,0,0,0,2,2,0,0,0,0,0,0,2,0,0,3,0,7,0,0,0,0,3,0,5,0,0,0,6,0,2,0,3,0,3,0,0,0,0,0,0,2,0,0,0,0,0,3,0,0,0,0,2,0,0,2,0,0,0,2,2,0,3,0,1,2,4,0,3,0,0,0,1,0,0,1,0,7,0,0,6,0,2,0,0,0,4,0,0,0,3,2,0,3,0,0,0,0,0,3,0,2,1,0,0,0,3,0,3,3,0,0,2,0,0,0,0,0,0,0,0,0,2,0,0,0,0,0,0,0,0,0,0,0,0,0,0,0,0,0,3,0,0,0,0,0,0,0,0,0,0,2,2,0,0,0,0,0,0,0,0,0,0,0,0,0,0,0,0,3,0,0,0,0,0,2,0,1,0,1,0,6,1,0,0,0,0,0
0,0,0,0,0,0,12,17,4,0,8,0,10,0,0,5,0,16,0,0,0,0,0,0,5,16,3,0,0,0,0,0,0,0,0,0,0,0,0,0,0,0,0,20,0,4,0,0,0,0,3,0,0,0,0,0,0,0,0,0,5,19,0,0,0,5,0,0,0,7,4,11,0,14,0,13,4,0,0,0,6,0,0,0,0,0,0,0,7,2,0,0,0,0,0,1,7,3,0,1,0,0,0,0,0,0,0,0,0,0,0,0,0,0,0,0,0,0,0,0,5,5,0,0,0,0,0,0,0,0,0,2,0,0,0,10,0,0,0,0,0,0,0,0,0,0,0,0,0,0,0,0,0,0,0,8,0,2,0,0,0,0,0,0,0,0,0,0,0,0,0,0,0,0,0,0,0,0,34,13,0,0,0,7,0,0,5,0,8,6,0,0,0,0,0,0,0,0,5,2,0,0,0,0,0,0,0,5,0,0,3,0,0,0,0,0,0,0,0,0,0,0,0,0,6,0,15,0,0,0,8,0,0,0,5,0,9,6,0,0,0,9,0,7,0,0,0,0,0,0,0,8,0,9,0
1,0,0,0,0,1,1,0,1,0,1,0,0,0,1,0,0,0,0,0,1,0,0,0,0,0,3,0,0,0,0,1,1,0,0,0,0,0,0,0,0,0,1,1,0,0,0,0,0,0,0,1,0,1,0,0,0,0,0,0,1,1,1,1,1,1,0,0,0,1,0,1,1,0,0,0,1,0,0,2,0,0,1,1,1,1,0,1,2,1,0,1,0,0,0,1,0,1,0,0,0,1,0,0,0,0,0,0,1,1,1,1,1,0,0,0,0,1,0,0,0,0,1,0,0,0,0,1,1,0,0,0,0,1,0,0,0,0,1,0,0,0,0,1,1,0,1,1,1,0,0,0,0,0,1,0,0,0,0,1,0,0,0,0,0,0,0,0,1,0,0,1,0,0,0,1,0,0,1,0,1,0,0,0,0,0,1,0,0,1,0,0,0,0,0,1,0,1,1,0,0,0,0,0,0,0,0,0,0,1,1,0,0,1,0,0,0,0,0,0,0,0,1,0,0,0,0,0,0,0,1,1,0,0,0,0,0,0,0,1,0,0,0,0,0,0,0,0,0,0,0,1,0,0,0
6,3,1,3,2,8,2,4,2,8,4,0,0,0,2,2,0,0,5,4,5,7,3,0,3,4,1,1,2,2,8,3,0,2,4,2,2,3,0,2,5,3,2,5,0,2,0,0,0,0,4,5,5,9,0,0,0,0,0,0,6,2,3,8,0,1,2,0,0,2,1,1,0,0,0,1,0,0,0,2,2,4,2,0,1,0,0,1,1,2,0,6,0,1,0,6,1,2,0,4,0,2,1,0,2,0,0,0,1,4,0,0,0,0,0,3,0,0,0,0,0,0,1,0,2,0,0,0,1,0,0,0,0,0,3,0,0,1,0,0,1,0,0,0,0,0,0,1,0,0,0,0,0,0,0,0,0,0,0,1,0,0,0,0,0,1,0,2,0,1,0,0,0,0,0,0,0,0,0,0,0,0,0,1,0,0,0,0,2,0,0,0,0,0,0,1,1,1,0,0,0,0,0,0,0,0,1,1,0,0,0,0,0,0,0,0,3,0,0,1,1,0,0,0,0,0,0,0,0,0,0,0,0,0,1,0,0,0,0,0,0,0,1,2,1,0,0,1,0,0,0,0,0,0,0
0,6,3,5,13,0,2,0,5,4,0,4,19,10,4,1,3,3,0,0,3,0,0,3,10,6,2,0,0,2,4,0,11,0,0,10,12,2,12,0,9,4,7,4,5,0,5,10,24,1,11,4,0,0,9,3,9,13,14,7,0,0,0,0,2,7,1,5,0,3,16,0,0,7,15,7,3,0,0,3,3,3,5,1,0,6,7,7,0,5,10,2,7,0,9,1,0,7,2,1,2,3,0,9,4,4,2,3,2,7,9,0,0,0,0,0,3,5,2,15,0,3,0,19,0,12,0,0,0,3,12,2,5,0,0,8,6,4,1,0,5,9,4,3,0,0,5,0,0,0,21,0,0,0,5,0,1,11,0,0,0,0,0,2,0,12,0,0,0,10,13,0,0,0,0,0,0,4,5,0,0,0,0,0,0,0,0,14,0,2,12,10,4,0,0,0,0,0,0,16,5,0,0,0,0,0,0,0,0,0,0,3,0,2,0,3,0,8,0,0,0,8,0,0,0,2,0,6,12,11,3,0,0,0,3,4,2,1,16,3,8,3,3,2,0,9,2,8,13,0,2,0,15,2,6
0,0,0,0,0,0,0,0,0,0,0,0,0,0,1,0,0,0,0,1,0,0,1,0,0,0,0,0,0,0,0,0,0,0,0,0,0,1,0,0,0,0,0,0,0,0,0,0,0,0,0,0,0,0,0,0,0,0,0,0,1,0,0,0,0,1,0,0,0,0,0,0,0,0,0,0,0,0,0,0,0,0,0,0,0,0,0,0,0,0,0,0,0,0,0,1,0,0,0,1,0,1,0,0,0,0,0,0,0,0,1,0,1,0,0,0,0,0,0,0,0,0,0,0,0,0,0,0,0,2,0,0,0,0,0,0,0,0,0,0,0,0,0,0,0,0,0,0,1,0,0,0,1,0,0,0,0,0,0,0,0,0,0,0,1,0,0,1,0,0,0,0,0,0,1,0,0,0,0,0,0,0,0,0,0,0,0,0,0,0,0,0,0,0,0,0,0,0,0,0,0,0,0,0,0,0,0,0,0,0,0,0,0,0,0,0,0,0,0,0,0,0,0,0,0,0,0,0,0,0,1,0,0,0,0,0,0,0,0,0,0,0,0,0,0,0,0,0,0,0,0,0,1,0,0
0,0,0,0,0,0,0,0,0,0,0,0,0,0,0,0,0,0,0,0,0,0,0,0,0,0,0,0,0,0,0,0,0,0,0,0,0,0,0,0,0,0,0,0,0,0,0,0,0,0,0,0,0,0,0,0,0,0,0,0,0,0,0,0,0,0,0,0,0,0,0,0,0,0,0,0,0,0,0,0,0,0,0,0,0,0,0,0,0,0,0,0,0,0,0,0,0,0,0,0,0,0,0,0,0,0,0,0,0,0,0,0,0,0,0,0,0,0,0,0,0,0,0,0,0,0,0,0,0,0,0,0,0,0,0,0,0,0,0,0,0,0,0,0,0,0,0,0,0,0,0,0,0,0,0,0,0,0,0,0,0,0,0,0,0,0,0,0,0,0,0,0,0,0,0,0,0,0,0,0,0,0,0,0,0,0,0,0,0,0,0,0,0,0,0,0,0,0,0,0,0,0,0,0,0,0,0,0,0,0,0,0,0,0,0,0,0,0,0,0,0,0,0,0,0,0,0,0,0,0,0,0,0,0,0,0,0,0,0,0,0,0,0,0,0,0,0,0,0,0,0,0,0,0,0
0,1,0,0,0,0,0,0,0,0,0,0,0,0,0,0,0,0,10,7,0,0,0,4,0,0,0,0,0,8,7,0,26,0,0,0,0,0,0,0,0,0,0,0,0,0,0,1,0,0,9,8,0,0,0,15,0,0,0,0,0,0,12,0,0,0,0,0,0,7,0,0,0,0,0,0,0,0,0,0,0,0,11,0,0,0,7,0,0,0,0,0,9,0,0,1,3,0,3,0,0,5,0,0,0,0,0,0,0,0,0,11,0,0,0,0,0,0,0,10,0,0,0,10,9,0,0,0,8,0,0,4,0,0,0,3,0,0,12,0,0,13,0,3,0,0,0,0,9,0,0,0,0,0,0,0,0,0,6,0,0,0,10,0,0,0,5,0,0,0,0,0,0,5,14,7,0,0,0,0,0,0,9,0,0,0,0,0,0,0,0,0,0,0,0,14,0,6,0,0,0,0,0,0,14,0,0,0,0,0,16,0,0,16,0,0,0,6,0,0,0,8,0,0,0,0,8,0,0,0,0,0,0,0,0,0,0,10,0,7,0,0,0,0,9,0,0,0,20,0,0,2,0,0,0
0,0,0,0,0,0,0,0,0,0,0,0,0,0,0,0,0,0,0,0,0,0,0,0,0,0,0,0,0,0,0,0,0,0,0,0,0,0,0,0,0,0,0,0,0,0,0,0,0,0,0,0,0,0,0,0,0,0,0,0,0,0,0,0,0,0,0,0,0,0,0,0,0,0,0,0,0,0,0,0,0,0,0,0,0,0,0,0,0,0,0,0,0,0,0,0,0,0,0,0,0,0,0,0,0,0,0,0,0,0,0,0,0,0,0,0,0,0,0,0,0,0,0,0,0,0,0,0,0,0,0,0,0,0,0,0,0,0,0,0,0,0,0,0,0,0,0,0,0,0,0,0,0,0,0,0,0,0,0,0,0,0,0,0,0,0,0,0,0,0,0,0,0,0,0,0,0,0,0,0,0,0,0,0,0,0,0,0,0,0,0,0,0,0,0,0,0,0,0,1,0,0,0,0,0,0,0,0,0,0,0,0,0,0,0,0,0,0,0,0,0,0,0,0,0,0,0,0,0,0,0,0,0,0,0,0,0,0,0,0,0,0,0,0,0,0,0,0,0,0,0,0,0,0,0
22,0,0,0,0,0,46,0,0,0,0,0,0,0,0,0,0,0,0,0,0,0,0,0,0,0,0,0,17,225,0,0,0,0,0,0,0,0,0,0,0,0,97,0,0,0,0,0,0,26,0,0,0,0,0,0,0,0,0,0,0,0,0,0,0,0,0,0,0,0,0,0,0,0,0,0,0,0,0,0,0,10,0,21,0,0,0,0,0,0,0,8,0,24,14,15,19,0,0,0,0,11,0,0,0,0,53,0,0,0,0,0,0,16,0,0,0,0,11,0,0,0,0,0,0,32,0,59,0,0,0,0,0,0,0,0,0,0,0,0,0,0,0,0,0,0,0,0,0,0,0,27,23,25,0,0,0,0,0,0,0,0,0,0,41,0,0,28,0,0,0,0,0,0,0,17,0,0,25,0,27,0,0,0,0,33,0,0,0,0,0,0,0,0,0,0,0,0,27,0,0,32,0,0,0,45,0,16,0,0,0,0,0,0,0,0,0,10,0,63,0,0,0,0,0,0,0,0,0,51,0,0,0,0,0,0,0,0,4,76,0,0,0,27,0,0,0,0,0,0,0,0,0,0,0
0,0,0,0,0,0,0,0,0,0,0,1,0,0,0,0,0,0,0,0,0,0,0,0,0,0,0,0,0,0,0,0,0,0,0,0,0,0,0,0,0,0,0,0,0,0,0,0,0,0,1,0,0,0,0,0,0,0,1,0,0,0,0,0,0,1,0,0,0,0,0,0,1,0,0,0,0,0,0,0,0,0,0,0,0,0,0,0,0,0,0,0,0,0,0,0,0,0,0,0,1,0,0,1,0,0,0,1,0,0,0,0,0,0,0,0,0,0,0,0,0,0,0,0,0,0,0,1,0,0,0,0,1,0,0,0,0,1,0,0,1,0,0,0,0,0,1,0,0,0,0,0,0,0,0,0,0,1,0,0,0,0,0,0,0,0,0,0,0,0,0,0,0,0,0,0,0,0,0,0,0,0,0,0,0,0,0,1,0,0,0,0,0,0,0,0,0,0,1,0,1,0,0,0,0,0,0,0,0,0,0,0,0,1,1,0,0,0,0,0,0,0,0,0,0,0,0,0,0,0,0,0,0,0,0,0,0,0,0,0,0,0,0,0,0,0,0,0,0,0,0,0,0,0,1
1,1,3,4,1,2,0,1,2,3,0,1,1,1,0,1,0,2,0,1,0,0,1,0,0,0,0,0,6,0,2,0,0,5,1,1,0,2,5,0,0,2,0,0,5,1,0,2,0,1,0,0,3,0,0,0,0,0,0,0,0,0,2,0,0,2,2,1,0,0,5,0,0,0,0,0,2,0,1,0,2,0,0,0,0,0,0,0,0,0,1,0,1,0,0,0,0,0,0,0,2,0,0,0,3,0,0,0,0,2,0,0,0,2,0,0,1,0,0,0,1,0,0,1,0,0,0,0,0,0,0,0,0,0,0,0,1,2,2,0,0,1,0,0,0,0,0,0,0,0,0,0,0,0,0,0,0,0,0,0,0,0,1,0,0,1,0,0,0,0,1,0,0,0,0,0,0,0,3,0,0,0,0,0,0,0,0,0,0,0,0,1,0,2,0,0,5,0,0,0,2,0,2,0,0,0,2,0,0,0,0,0,0,0,0,0,0,2,0,0,0,0,0,0,0,2,0,0,0,2,2,0,0,0,0,0,0,0,0,0,2,0,0,0,0,0,0,1,0,0,0,0,0,0,0
0,0,2,0,0,3,0,0,1,0,0,0,3,4,0,0,2,4,0,0,0,4,2,7,0,0,0,0,0,0,0,2,3,0,0,0,0,0,2,0,1,0,0,0,0,0,0,5,0,0,0,1,0,0,1,0,4,4,3,0,0,0,1,0,3,0,0,7,0,0,0,0,0,5,1,0,0,0,0,0,0,0,0,0,0,0,0,2,0,0,0,0,4,4,3,0,0,0,2,2,0,0,0,0,0,0,0,0,0,0,0,0,0,0,1,0,0,0,0,0,0,0,1,0,0,0,0,2,0,3,0,0,0,2,2,0,0,2,0,0,6,0,0,5,2,0,0,0,0,0,1,0,0,0,0,0,0,0,0,0,0,0,0,0,3,0,0,2,0,0,3,0,2,0,0,0,0,0,0,0,1,0,0,0,0,0,0,0,0,0,0,0,0,0,0,0,0,0,0,0,0,0,0,0,0,0,0,0,1,0,0,0,0,0,0,0,0,0,0,0,0,0,0,0,4,0,1,0,0,0,0,0,0,0,0,0,0,0,0,0,0,0,0,0,0,3,1,2,0,0,0,0,0,0,2
0,0,0,0,0,0,0,0,1,0,0,0,0,0,1,0,0,0,0,0,1,1,0,0,1,0,0,0,0,0,0,1,1,0,0,0,0,0,0,0,0,0,0,1,0,0,0,1,0,0,0,0,0,1,0,0,0,0,0,0,0,1,1,1,0,0,1,0,0,0,0,0,0,0,0,0,0,0,0,0,0,0,0,0,0,0,0,0,1,3,0,1,0,0,0,0,1,0,0,0,0,1,0,0,0,0,0,0,0,0,0,0,0,0,0,0,0,0,0,0,0,0,0,0,0,0,0,0,0,0,0,0,0,0,0,0,0,0,0,1,0,0,0,1,0,0,0,0,0,0,0,0,0,0,0,0,0,0,0,0,0,0,0,0,0,0,0,0,1,0,0,0,0,1,0,0,0,0,1,1,0,0,0,0,1,1,0,0,0,0,0,0,0,1,0,0,0,0,0,0,0,0,0,0,0,1,0,0,0,0,0,0,0,0,0,0,0,0,0,0,0,0,0,0,0,0,0,0,0,0,0,0,0,0,0,1,0,0,0,1,0,0,0,0,1,0,0,0,0,0,0,0,0,0,0
5,16,4,8,6,1,0,15,10,0,13,2,0,0,7,15,14,7,7,16,24,21,9,0,41,15,6,6,22,8,14,29,13,55,24,10,11,6,34,34,17,2,12,21,3,15,4,0,0,0,31,31,43,36,0,9,3,11,15,6,9,0,47,37,7,42,16,6,12,17,21,16,6,1,10,4,7,14,6,33,6,0,12,0,17,10,21,21,18,19,19,24,8,0,2,28,12,2,17,15,0,21,25,0,0,14,7,0,11,13,0,17,40,0,8,4,0,10,12,3,8,16,9,23,41,12,15,0,0,13,0,49,0,16,16,18,21,12,5,32,1,12,11,46,5,6,52,4,5,0,11,11,15,31,4,21,0,0,4,19,19,4,0,0,22,2,27,15,12,0,4,4,10,5,19,11,32,8,39,6,28,4,5,0,11,6,11,30,4,0,0,0,0,20,4,10,6,21,17,2,12,4,11,31,5,25,3,2,26,0,36,9,0,7,11,5,5,1,0,7,0,5,0,3,6,4,8,0,3,4,7,8,20,23,3,21,4,3,7,24,10,3,0,6,14,9,18,7,7,0,0,6,11,9,8
0,3,0,0,0,0,0,0,0,0,2,0,0,0,6,0,0,0,3,0,0,0,0,0,0,0,0,1,2,0,0,0,0,0,0,2,0,0,0,0,0,0,0,0,0,0,0,0,7,3,0,0,0,0,0,0,4,1,0,0,0,0,0,2,0,0,2,0,3,0,0,0,0,0,0,0,0,4,0,2,0,0,0,0,5,0,0,0,0,3,0,0,0,0,0,2,0,0,0,0,0,0,0,0,0,0,0,0,0,0,0,0,0,0,0,0,0,0,0,3,3,0,0,0,0,0,0,2,0,0,0,0,2,4,0,0,1,0,0,0,0,0,4,0,4,0,0,0,0,0,0,3,0,0,0,0,0,0,0,0,0,0,0,0,2,0,0,2,0,3,0,7,0,0,0,0,2,0,0,4,0,0,0,0,0,0,2,0,0,0,0,2,1,1,0,0,4,0,0,2,0,0,0,4,0,0,0,0,2,3,0,0,0,1,0,2,0,0,0,0,0,0,0,0,0,2,0,0,0,0,0,0,2,0,0,0,0,0,0,0,0,0,0,4,0,0,2,0,0,0,0,0,2,0,0
0,0,0,0,9,0,0,0,0,0,0,0,0,10,0,18,0,0,12,0,0,0,0,0,0,7,0,0,10,0,0,0,0,4,0,0,0,6,11,0,0,0,0,5,0,3,0,0,22,0,11,5,0,0,0,0,10,0,10,0,0,0,0,7,0,0,0,0,0,0,0,0,0,0,0,3,0,0,7,0,1,0,9,0,0,0,9,0,4,0,0,0,5,0,0,0,0,0,0,0,0,0,0,0,0,0,24,0,0,0,0,0,0,0,0,0,0,0,0,0,0,0,0,6,0,0,0,0,0,0,0,0,0,0,0,0,0,0,0,0,0,0,0,0,0,0,0,0,0,16,0,0,5,0,0,0,4,0,0,0,5,0,0,0,4,0,0,0,0,0,0,0,0,0,0,0,0,0,0,0,0,0,0,0,0,21,8,0,0,0,0,0,0,0,0,0,0,0,5,0,0,7,0,0,2,9,6,0,0,0,0,0,0,0,0,0,0,0,10,5,11,0,0,14,0,0,0,8,21,0,0,11,0,0,0,0,0,0,36,0,0,0,0,0,0,0,1,0,0,0,10,0,0,0,0
1,0,2,2,0,0,0,0,1,0,0,0,5,0,3,0,1,0,0,4,0,1,0,0,0,3,2,3,0,0,0,0,0,0,0,0,0,0,0,2,0,0,0,0,0,0,0,0,0,0,0,0,0,0,0,0,2,0,0,0,0,0,0,0,1,0,0,0,0,0,0,0,0,0,0,5,0,0,2,0,0,0,0,2,0,3,0,0,0,0,0,0,0,0,0,0,0,0,0,0,0,0,0,0,5,0,0,0,3,0,0,0,0,0,0,0,0,0,0,0,2,0,0,0,0,0,1,3,0,0,0,0,0,1,0,0,4,0,0,0,0,3,0,0,0,0,0,0,0,0,0,0,0,0,0,0,1,2,0,0,0,1,0,3,3,1,0,0,0,0,2,0,2,0,1,0,0,2,0,0,0,0,0,0,0,0,4,0,7,0,0,0,0,2,0,0,0,0,0,0,0,0,0,0,0,0,0,1,2,0,0,0,0,0,0,0,0,0,3,5,2,1,0,0,0,0,0,0,0,0,2,4,3,0,0,0,0,0,0,4,0,0,0,0,0,1,0,0,0,0,1,0,0,0,0
0,0,37,0,0,0,0,0,0,0,0,61,16,0,35,0,49,0,27,0,0,0,0,0,0,13,0,0,0,24,0,0,0,0,0,0,4,0,0,0,0,0,0,0,55,0,0,0,11,16,0,0,0,0,52,30,5,55,21,21,0,0,78,0,73,0,0,55,0,0,0,0,15,55,23,17,0,0,0,22,0,0,0,9,0,0,0,0,0,0,0,0,33,6,0,0,0,0,0,0,0,0,0,0,34,0,0,31,0,0,0,0,55,0,0,0,0,0,0,0,0,0,0,0,0,28,0,0,0,18,0,0,0,0,0,0,0,0,0,0,0,0,0,0,0,0,0,0,0,0,29,0,19,0,0,17,0,0,0,0,0,0,0,0,0,0,0,0,0,0,0,9,0,0,0,0,0,50,22,0,0,0,0,0,0,0,21,19,0,26,38,0,47,0,0,0,13,0,0,0,25,0,0,0,7,0,0,0,0,0,0,0,0,0,3,24,0,0,15,0,0,0,0,0,0,0,0,0,0,0,0,0,30,0,0,0,0,30,0,0,0,0,0,0,0,0,0,0,0,0,0,0,0,0,17
0,0,0,0,0,0,0,0,0,0,0,0,0,0,0,0,0,0,0,0,0,0,0,0,0,0,0,0,1,0,0,0,1,0,0,1,0,0,0,0,0,0,0,0,0,0,0,0,0,0,0,0,0,0,0,0,0,0,1,0,0,0,0,0,0,0,0,0,0,0,0,1,0,1,0,0,0,0,0,0,0,0,0,0,0,1,0,0,0,0,0,2,0,0,0,0,0,0,0,0,0,0,0,1,0,0,0,0,0,0,0,0,0,0,0,0,0,0,0,0,0,0,0,0,0,0,0,0,0,0,0,0,0,0,0,0,0,1,0,0,0,0,0,0,0,0,1,1,2,0,0,0,0,0,0,0,0,0,0,0,0,0,0,0,0,0,0,0,0,0,0,0,0,0,0,0,0,0,0,0,0,0,1,0,0,1,1,0,0,0,0,0,0,0,0,0,0,0,0,0,0,0,0,0,0,0,0,0,0,0,0,0,0,0,0,0,0,0,0,0,0,0,1,0,0,0,0,1,0,0,0,0,0,0,1,0,0,0,0,0,0,0,0,0,0,0,0,0,0,0,0,0,1,0,0
5,4,0,0,8,0,0,1,2,4,2,6,1,1,2,6,4,0,4,3,7,3,2,0,0,5,0,0,4,0,2,0,3,6,0,3,0,3,3,0,0,5,0,0,0,0,2,0,5,1,2,0,0,4,0,1,13,1,3,2,0,4,8,0,0,0,2,0,0,7,0,3,4,0,4,0,0,2,5,2,8,6,6,4,2,1,4,0,3,2,1,4,0,0,4,0,4,1,4,1,0,1,3,0,5,3,3,1,1,0,3,0,2,0,2,4,4,2,0,5,0,3,0,0,0,3,0,3,5,5,3,5,1,2,2,0,0,0,1,4,0,5,0,3,2,1,5,2,2,4,0,3,11,0,3,0,0,0,2,1,4,6,5,6,0,3,0,0,1,0,2,0,0,0,0,0,0,3,0,0,0,0,0,0,2,0,0,0,4,0,0,2,0,2,3,8,0,0,0,2,0,0,0,3,0,0,0,0,0,0,3,0,2,3,0,0,0,0,0,1,1,0,3,2,2,4,3,0,0,0,0,0,0,0,0,6,6,0,0,1,1,0,0,1,0,0,0,0,0,0,0,3,0,3,7
9,9,0,4,1,27,2,9,2,18,14,12,0,0,8,3,0,21,8,14,8,0,3,0,4,30,5,0,15,16,11,0,0,8,3,12,4,12,6,15,0,40,4,0,5,6,4,2,4,0,5,0,1,0,0,2,4,3,0,2,1,5,5,0,0,0,10,4,9,12,13,15,5,6,7,10,20,20,0,4,4,7,6,13,1,8,3,11,10,0,21,0,9,3,9,0,3,10,9,1,5,0,18,3,3,18,11,4,16,9,8,2,11,8,2,5,10,2,5,8,3,0,3,0,15,3,12,4,0,5,0,2,0,0,4,6,3,0,6,0,4,3,5,8,0,0,0,0,0,0,5,0,0,0,0,0,5,4,0,0,0,0,0,10,0,0,0,0,0,17,18,0,0,0,0,0,0,6,0,0,0,1,0,0,0,3,6,3,0,0,3,0,2,0,0,8,2,0,0,7,4,0,2,0,0,0,0,3,0,0,0,7,0,0,4,0,0,0,5,5,0,20,0,0,0,0,0,6,0,4,0,0,0,0,4,3,0,0,0,14,2,0,0,0,0,0,0,3,3,0,0,8,4,0,3
2,0,0,6,4,0,0,0,0,5,0,0,0,0,0,4,0,0,4,5,0,0,2,0,0,2,0,0,4,5,1,0,0,2,1,1,1,1,1,1,0,1,1,0,0,0,0,0,0,0,0,0,0,0,0,0,0,0,0,0,0,0,2,0,0,0,0,1,3,1,0,0,0,0,0,0,0,1,0,0,1,0,0,0,0,0,0,0,0,0,0,0,0,0,0,0,0,0,0,1,0,2,0,1,0,0,0,0,0,0,0,1,0,2,0,0,1,0,1,0,0,0,0,0,0,0,0,0,0,0,0,0,0,0,0,1,0,0,1,0,0,0,0,0,0,0,0,0,0,0,0,0,0,0,0,2,1,1,0,1,0,0,0,0,3,0,0,0,1,0,0,0,0,0,0,0,1,0,0,0,0,1,0,0,0,0,0,0,0,0,0,1,0,0,0,0,0,0,0,0,0,0,0,0,0,0,0,0,0,0,0,0,0,0,0,0,1,0,0,0,0,0,0,0,0,0,0,0,1,0,0,0,1,0,0,0,0,0,0,0,0,0,0,0,0,0,0,0,0,0,0,0,0,0,0
2,0,1,0,0,0,0,0,0,0,0,0,2,0,0,0,3,0,0,1,0,0,0,0,0,0,0,0,0,0,0,0,0,0,0,0,0,0,0,0,0,0,1,1,0,1,1,1,1,0,0,0,0,0,1,1,2,1,0,1,0,0,0,0,0,0,0,0,0,0,0,0,1,1,0,0,0,1,0,0,0,0,0,2,0,1,1,0,0,0,0,1,0,0,1,1,0,0,0,0,1,0,0,1,0,0,0,1,0,0,0,0,0,0,0,1,1,0,0,1,0,0,0,1,0,3,0,0,0,0,0,0,1,1,1,0,3,1,0,0,0,0,0,0,0,1,0,0,0,1,1,0,1,0,0,0,1,1,0,1,0,0,1,1,0,1,0,0,0,1,1,1,1,0,1,0,0,0,0,1,0,0,0,0,0,0,3,0,0,0,0,0,0,0,0,0,0,0,1,0,0,0,0,0,0,0,1,0,0,0,0,0,0,0,0,0,0,0,0,0,0,1,0,0,0,0,0,0,0,0,0,0,0,0,0,0,1,0,1,0,1,0,0,0,0,1,0,0,0,0,0,0,0,0,0
0,3,0,1,1,0,0,0,0,0,0,0,0,0,1,0,0,0,0,1,0,0,0,1,0,0,0,0,1,0,0,3,0,0,0,0,0,0,1,0,0,1,0,0,0,0,0,0,0,0,0,0,0,0,0,0,0,2,0,0,0,0,0,0,0,1,0,0,0,1,0,0,0,1,0,0,3,0,0,0,0,0,0,0,0,0,0,0,0,0,0,0,2,1,0,0,0,1,0,0,0,0,0,0,0,0,0,0,0,4,0,0,0,0,0,0,0,0,0,0,1,0,0,0,0,0,0,0,0,0,0,1,0,0,0,0,0,0,0,0,0,1,0,1,0,0,0,0,0,0,0,0,0,0,1,0,0,0,0,0,2,3,1,0,0,0,0,0,0,0,0,0,0,0,2,0,0,0,0,0,0,0,0,0,0,0,0,0,0,0,0,0,0,0,0,0,1,0,1,1,0,0,0,1,0,1,1,0,0,0,0,0,0,0,0,0,0,0,0,0,0,0,0,0,0,0,0,0,0,0,0,0,0,0,0,0,0,0,0,0,0,0,0,0,0,0,0,0,0,2,0,2,0,0,0
0,0,0,0,0,0,0,0,0,0,0,0,0,0,0,0,0,0,0,1,0,0,0,0,0,0,0,0,0,0,0,0,0,0,0,0,0,0,0,0,0,0,0,0,0,0,0,0,0,0,0,0,0,0,0,0,0,0,0,0,0,0,0,0,0,0,0,0,0,0,0,0,0,0,0,0,0,0,0,0,0,0,0,0,0,0,0,0,0,0,0,0,0,0,0,0,0,0,0,0,0,0,0,0,0,0,0,0,0,0,0,0,0,0,0,0,0,0,0,0,0,0,0,0,0,0,0,0,0,0,0,0,0,0,0,0,0,0,0,0,0,0,0,0,0,0,0,0,0,0,0,0,0,0,0,0,0,0,0,0,0,0,0,0,0,0,0,0,0,0,0,0,0,0,0,0,0,0,0,0,0,0,0,0,0,0,0,0,0,0,0,0,0,0,0,0,0,1,0,0,0,0,0,0,0,0,0,0,0,0,0,0,0,0,0,0,0,0,0,0,0,0,0,0,0,0,0,0,0,0,0,0,0,0,0,0,0,0,0,0,0,0,0,0,0,0,0,0,0,0,0,0,0,0,0
6,0,0,3,4,0,0,3,0,3,3,3,0,0,3,1,0,0,2,2,1,0,0,2,1,2,2,4,10,2,5,2,0,2,1,4,9,13,0,7,0,2,0,0,0,9,0,1,0,0,10,6,0,0,0,0,0,0,0,10,1,0,2,0,0,4,6,2,2,1,12,1,11,0,0,6,2,0,10,3,4,4,8,0,1,2,0,2,4,2,3,1,0,0,0,0,0,10,0,0,1,0,5,0,0,6,0,0,8,0,2,6,9,0,2,0,0,6,3,0,0,0,8,2,0,0,2,0,0,5,0,0,0,1,0,2,0,2,0,6,0,0,0,7,0,0,2,0,0,2,0,6,2,2,0,2,0,0,1,0,5,0,8,0,2,0,0,2,9,0,0,16,0,3,6,8,4,3,4,2,0,10,2,8,6,1,20,0,0,2,0,0,0,0,6,4,0,7,0,0,0,4,0,0,3,0,4,0,4,0,2,2,5,5,1,7,0,2,0,0,4,0,0,3,0,0,2,0,0,1,0,0,0,2,4,0,0,0,0,1,3,0,0,0,9,0,0,0,0,0,0,0,0,0,0
4,0,8,4,0,5,0,0,0,0,3,0,0,0,0,0,0,0,31,7,0,0,0,6,0,7,0,0,0,10,8,2,0,15,6,13,0,6,15,6,0,6,0,0,0,6,0,0,0,0,5,0,0,0,0,0,0,0,0,0,0,0,0,0,0,8,0,0,6,0,0,0,0,0,0,0,0,3,0,11,0,0,7,0,6,0,0,0,0,0,0,0,0,0,0,0,0,2,0,0,0,0,0,0,0,6,0,9,0,0,0,7,0,0,0,0,3,0,0,4,0,0,0,0,0,0,7,0,0,0,0,0,0,5,0,0,0,0,0,7,0,0,0,0,0,0,5,0,0,0,0,0,0,0,0,0,0,0,0,0,0,0,0,0,5,0,0,0,0,17,0,0,0,0,0,2,1,0,0,0,2,0,0,0,0,0,0,0,0,0,0,0,0,0,0,5,0,0,0,4,0,0,0,0,6,7,0,0,2,0,6,0,0,0,0,0,0,2,0,0,0,0,0,5,0,0,9,0,1,0,0,0,0,0,0,0,0,0,0,0,0,0,0,0,7,0,0,0,0,0,6,0,0,0,3
0,0,0,0,0,0,0,0,0,0,0,0,2,0,0,0,0,0,0,0,0,0,0,0,1,0,0,1,0,0,0,0,0,0,0,1,1,0,1,0,0,0,0,0,0,0,0,0,0,0,0,0,0,0,0,0,0,2,0,0,0,0,0,0,0,0,0,0,1,0,1,1,0,0,0,0,1,1,0,0,0,0,0,0,1,0,0,0,0,0,1,0,0,0,0,0,0,0,0,0,0,0,0,0,0,0,2,1,0,0,0,0,0,0,0,0,0,0,0,0,0,0,0,0,0,0,0,0,0,0,0,0,0,0,0,0,0,0,0,0,0,0,0,0,0,0,0,1,0,0,0,0,0,0,1,0,0,0,0,0,0,0,0,0,0,0,0,0,1,1,0,1,0,0,0,0,0,1,0,0,0,0,0,0,0,0,0,0,0,0,0,0,0,0,0,0,0,0,0,0,0,0,0,0,1,0,0,0,0,0,0,0,0,0,0,0,0,0,0,0,0,1,0,1,0,0,0,0,0,0,0,0,0,0,1,0,0,0,0,0,0,0,0,0,0,0,0,0,0,0,1,0,0,0,0
0,0,0,0,0,0,0,1,1,0,1,0,0,1,0,0,1,0,0,0,0,0,0,0,0,0,1,0,0,0,0,0,0,0,2,0,0,0,0,0,0,1,0,0,0,3,0,0,0,0,0,0,0,0,0,0,3,4,0,1,1,0,0,0,0,0,0,1,0,0,2,0,0,0,1,1,0,0,0,0,0,0,0,0,0,0,0,0,0,0,0,0,0,0,0,0,0,0,0,0,0,0,0,0,0,0,3,0,0,0,0,0,0,0,0,0,1,0,0,0,0,0,0,0,0,0,0,0,0,1,0,0,0,0,0,1,0,0,0,0,0,0,0,0,0,0,0,0,0,1,0,0,1,0,0,0,0,0,0,1,0,2,0,0,0,0,0,0,0,0,0,0,0,0,0,1,0,0,0,0,2,0,0,1,0,1,0,0,0,0,3,0,0,0,1,0,0,0,0,0,1,0,0,0,0,0,0,0,1,1,0,0,0,0,1,0,0,1,0,0,0,0,0,0,0,0,0,0,0,0,1,0,0,0,0,0,0,0,0,0,0,0,0,0,0,1,0,0,2,0,0,0,0,0,4
0,0,0,0,0,0,2,0,5,0,0,0,0,0,0,0,0,0,0,2,0,2,0,0,0,0,0,0,0,0,0,0,0,3,0,0,0,0,5,0,0,0,0,7,3,0,0,0,3,1,0,0,0,0,0,0,0,0,0,0,0,0,3,0,0,0,0,0,0,0,0,0,0,0,0,0,0,0,0,0,5,0,2,0,0,0,2,0,3,0,0,8,0,0,0,0,4,0,0,0,0,0,0,0,0,0,0,0,0,0,0,0,0,0,0,0,0,0,0,0,0,5,0,0,5,0,0,0,0,0,0,0,0,0,0,0,5,0,0,4,0,2,0,0,0,0,0,0,0,0,0,0,0,0,0,3,0,3,0,0,0,0,0,0,0,0,0,0,0,0,0,0,3,0,0,0,0,0,0,0,0,0,0,0,0,0,0,0,0,0,2,0,0,0,1,0,0,0,0,0,0,0,0,0,1,0,0,0,2,0,0,0,0,0,0,1,0,0,1,0,0,0,0,4,4,2,0,4,10,0,0,0,0,0,0,2,4,0,1,0,0,0,0,0,0,0,0,5,0,0,0,0,0,0,0
1,1,0,0,0,0,3,0,2,0,0,0,0,0,0,0,1,0,0,0,0,0,0,0,0,0,0,0,0,0,0,1,0,0,2,0,2,0,0,0,0,0,0,1,0,0,0,0,0,1,0,0,0,0,0,0,0,0,0,0,0,0,0,0,2,0,2,0,0,1,0,0,0,0,2,1,0,0,0,2,0,0,0,2,0,0,2,1,0,0,0,0,0,0,0,3,0,2,0,0,0,0,0,0,0,0,7,0,0,0,0,0,2,0,0,0,0,0,2,0,0,0,1,0,4,0,0,3,0,0,5,0,0,0,0,0,0,0,0,0,0,2,0,0,3,0,0,0,0,0,0,1,0,0,0,0,2,4,0,0,0,0,0,0,0,2,0,0,2,0,1,0,0,0,0,0,0,0,0,0,0,4,0,0,0,0,0,0,0,0,0,0,0,0,0,0,0,3,0,0,0,2,0,3,0,0,0,0,0,0,3,0,0,0,3,1,0,2,1,0,2,0,0,0,0,0,0,0,0,0,0,0,0,0,0,0,0,0,0,0,0,0,0,0,0,0,0,4,0,3,0,0,0,0,0
0,7,0,0,0,0,5,0,0,0,0,14,0,4,13,0,0,0,0,14,0,0,0,0,0,0,0,0,0,5,0,0,5,0,0,0,0,0,0,0,0,0,0,0,0,0,0,0,0,13,0,0,0,6,0,0,0,0,19,0,7,0,16,0,9,0,11,0,0,0,0,7,0,0,0,0,0,0,0,10,0,0,0,0,0,2,0,0,0,0,0,0,0,0,0,0,0,0,0,0,0,0,0,0,0,0,0,0,0,0,0,0,0,0,0,0,0,7,0,0,0,0,0,0,7,0,0,7,0,0,0,0,0,0,13,0,0,0,0,0,0,3,0,0,15,0,0,0,17,15,0,0,0,0,0,0,0,8,0,0,0,0,0,0,0,0,0,16,10,0,0,0,0,0,0,0,0,9,0,0,0,0,0,8,0,0,0,0,0,0,0,0,0,0,0,0,0,0,0,0,0,0,5,0,0,10,0,0,0,7,0,0,0,0,0,0,0,0,0,0,18,0,0,7,0,0,0,0,0,0,0,0,0,6,0,8,0,0,0,0,1,0,0,0,0,0,10,0,0,0,0,19,0,0,0
0,0,0,0,0,0,0,0,0,0,0,0,0,0,0,0,0,0,0,0,0,0,0,0,0,0,0,0,0,0,0,0,0,0,0,0,0,0,0,0,0,0,0,0,0,0,0,0,0,0,0,0,0,0,0,0,0,0,0,0,0,0,0,0,0,0,0,0,0,0,0,0,0,0,0,0,0,0,0,0,0,0,0,0,0,0,0,0,0,0,0,1,0,0,0,0,0,0,0,0,0,0,0,0,0,0,0,0,0,0,0,0,0,0,0,0,0,0,0,0,0,1,0,0,0,0,0,0,0,0,0,0,0,0,0,0,0,0,0,0,0,0,0,0,0,0,0,0,0,0,0,0,0,0,0,0,0,0,0,0,0,0,0,0,0,0,0,0,0,0,0,0,0,0,0,0,0,0,0,0,0,0,0,0,0,0,0,0,0,0,0,0,0,0,0,0,0,0,0,0,0,0,0,0,0,0,0,0,0,0,0,0,0,0,0,0,0,0,0,0,0,1,0,0,0,0,0,0,0,0,0,0,0,0,0,0,0,0,0,0,0,0,0,0,0,0,0,0,0,0,0,0,0,0,0
0,1,0,0,2,5,0,0,0,2,0,0,4,1,0,4,0,0,2,0,0,0,0,0,0,0,0,0,4,0,0,0,0,0,0,0,0,0,0,0,0,0,0,0,0,5,3,2,0,0,5,0,0,0,0,0,0,0,3,0,0,0,0,0,3,0,0,4,0,0,0,0,0,0,7,0,0,0,0,3,0,0,0,0,0,0,0,0,2,0,0,2,0,0,0,0,4,0,0,0,0,0,0,0,0,9,6,0,0,0,0,11,0,4,0,7,0,0,6,0,0,0,0,0,0,0,4,0,0,0,0,0,0,0,0,0,0,0,0,4,0,1,4,0,1,0,0,0,0,4,0,0,0,0,0,0,0,0,0,0,4,0,4,0,0,3,0,0,0,0,0,0,0,0,0,0,0,0,3,0,2,2,0,0,0,0,0,0,0,5,2,0,0,0,0,0,0,0,0,4,0,0,0,0,0,0,0,0,3,0,0,0,0,0,0,0,0,0,0,2,4,0,0,0,0,4,0,0,0,0,0,0,0,0,0,0,6,0,0,0,0,0,3,0,0,0,0,0,9,0,0,0,0,0,0
7,0,0,0,0,0,0,0,0,0,0,0,0,0,0,0,8,0,0,0,0,0,26,0,0,0,0,0,0,0,0,0,0,0,9,0,0,0,0,0,0,0,0,11,0,0,0,0,0,5,9,0,0,0,0,0,0,5,0,0,0,17,0,5,0,0,0,0,0,0,0,0,0,0,0,0,0,0,0,0,0,0,0,0,0,0,0,0,0,0,0,0,0,0,0,12,0,0,0,8,0,0,0,0,12,0,0,0,0,0,10,4,0,12,0,6,0,0,0,0,10,0,0,0,0,0,0,0,2,0,7,0,0,8,0,0,0,0,0,0,0,11,0,4,6,0,0,0,0,0,0,0,0,0,0,0,5,0,0,0,2,0,8,0,0,13,0,0,9,7,0,0,0,0,0,0,0,3,4,8,16,0,0,0,0,0,4,0,0,0,0,13,0,0,17,8,0,0,0,0,0,6,0,0,0,4,0,0,0,0,6,0,0,0,0,0,0,0,27,0,0,0,0,0,0,0,0,0,0,0,0,3,0,0,0,2,0,0,0,0,0,0,5,0,0,0,0,0,2,0,6,0,0,0,0
0,0,0,0,0,0,0,0,2,0,0,0,0,0,0,0,1,0,0,0,0,0,0,0,0,0,0,0,0,0,0,0,0,0,0,0,0,2,0,0,0,0,0,0,0,0,0,0,0,8,2,0,0,2,0,2,0,0,0,0,0,0,0,2,2,2,0,1,2,0,0,0,0,0,0,0,0,0,0,0,0,0,0,0,0,0,0,0,0,0,2,0,0,0,0,0,0,0,0,0,0,0,0,0,0,0,0,0,0,0,0,0,0,0,0,0,0,0,0,0,0,0,0,0,0,0,0,0,0,0,1,1,0,0,0,0,0,0,0,1,0,0,0,0,0,0,0,0,1,0,0,0,1,1,0,0,0,0,0,2,0,0,0,0,0,0,0,0,1,0,6,0,0,0,0,0,0,1,0,0,1,0,0,0,0,0,0,0,0,1,0,0,0,0,0,0,1,0,0,0,0,0,4,0,1,0,0,0,0,1,0,1,0,1,0,0,2,0,0,0,0,0,0,0,0,0,0,0,0,0,0,0,1,0,0,4,0,0,0,0,0,0,1,0,0,0,0,0,0,0,0,1,0,0,2
0,0,0,0,0,0,0,0,0,0,0,0,0,0,0,0,0,0,0,0,0,0,0,0,0,0,0,0,0,0,0,0,0,0,0,0,0,0,0,0,0,0,0,0,0,0,0,0,0,0,0,0,0,0,0,0,0,0,0,0,0,0,0,0,0,0,0,0,0,0,0,0,0,0,0,0,0,0,0,0,0,0,0,0,0,0,0,0,0,0,0,0,0,0,0,0,0,0,0,0,0,0,0,0,0,0,0,0,0,0,0,0,0,0,0,0,0,0,0,0,0,0,0,0,0,0,0,0,0,0,0,0,0,0,0,0,0,0,0,0,0,0,0,0,0,0,0,0,0,0,0,0,0,0,0,0,0,0,0,0,0,0,0,0,0,0,0,0,0,0,0,0,0,0,0,0,0,0,0,0,0,0,0,0,0,0,0,0,0,0,0,0,0,0,0,0,0,0,0,0,0,0,0,0,0,0,0,0,0,0,0,0,0,0,0,0,0,0,0,0,0,0,0,0,0,0,0,0,0,0,0,0,0,0,0,0,0,0,0,0,0,0,0,0,0,0,0,0,0,0,0,0,0,0,0
0,0,0,0,0,0,0,0,8,0,0,0,12,0,0,0,0,7,0,0,0,3,0,4,0,0,0,0,3,0,0,11,0,0,6,0,0,0,0,0,0,0,0,0,0,0,0,0,7,10,0,0,0,0,0,0,0,0,8,2,0,18,0,0,0,8,2,0,0,0,0,0,0,0,10,0,0,0,0,6,0,0,0,0,0,0,0,0,0,7,0,12,0,0,0,0,0,0,0,0,0,0,0,0,0,0,0,0,0,0,0,10,20,0,0,7,0,6,0,0,3,0,0,8,11,0,0,0,0,7,0,0,0,4,0,0,0,0,0,0,0,0,0,8,0,6,0,0,0,0,0,0,8,0,0,0,0,0,0,1,0,0,0,7,0,10,0,0,0,0,0,0,0,0,0,0,11,0,0,0,0,0,0,0,0,0,0,4,0,0,0,0,0,0,0,0,0,0,0,0,0,0,0,0,0,11,0,0,0,0,0,0,3,0,0,0,0,0,0,0,0,0,0,0,8,0,0,0,0,0,0,0,0,0,0,0,0,0,0,0,0,0,7,0,0,0,0,0,0,11,0,0,0,0,0
0,0,0,0,0,0,0,0,0,0,0,0,0,0,0,0,0,0,0,0,0,0,0,0,0,0,0,0,0,0,0,0,0,0,1,0,0,0,0,0,0,0,0,0,0,0,0,0,0,0,0,0,0,0,0,0,0,0,0,0,0,0,1,0,0,0,0,0,0,0,0,0,0,0,0,0,0,0,0,0,0,0,0,0,0,0,0,0,0,0,0,0,0,0,0,0,0,0,0,0,0,0,0,0,0,0,0,0,0,0,0,0,0,0,0,0,0,0,0,0,0,0,0,0,0,0,0,0,0,0,0,0,0,0,0,0,0,0,0,0,0,0,0,0,0,0,0,0,0,0,0,0,0,0,0,0,0,0,0,0,0,0,0,0,0,0,0,0,0,0,0,0,0,0,0,0,0,0,0,0,0,0,0,0,0,0,0,0,0,0,0,0,0,0,0,0,0,0,0,0,0,0,0,0,0,0,0,0,0,0,0,0,0,0,0,0,0,0,0,0,0,0,0,0,0,0,0,0,1,0,0,0,0,0,0,0,0,0,0,0,0,0,0,0,0,0,0,0,0,0,0,0,0,0,0
0,0,0,0,0,0,0,0,0,0,0,0,0,0,0,0,0,0,0,0,0,0,0,0,0,0,0,0,0,0,0,0,0,0,0,0,0,0,0,0,0,0,0,0,0,0,0,0,0,0,0,0,0,0,0,0,0,0,0,0,0,0,0,0,0,0,0,0,0,0,0,0,0,0,0,0,0,0,0,0,0,0,0,0,0,0,0,0,0,0,0,0,0,0,0,0,0,0,0,0,0,0,0,0,0,0,0,0,0,0,0,0,0,0,0,0,0,0,0,0,0,0,0,0,0,0,0,0,0,0,0,0,0,0,0,0,0,0,0,0,0,0,0,0,0,0,0,0,0,0,0,0,0,0,0,0,0,0,0,0,0,0,0,0,0,0,0,0,0,0,0,0,0,0,0,0,0,0,0,0,0,0,0,0,0,0,0,0,0,0,0,0,0,0,0,0,0,0,0,0,0,0,0,0,0,0,0,0,0,0,0,0,0,0,0,0,0,0,0,0,0,0,0,0,0,0,0,0,0,0,0,0,0,0,0,0,0,0,0,0,0,0,0,0,0,0,0,0,0,0,0,0,0,0,0
0,0,0,0,0,0,0,0,0,0,0,0,0,0,0,0,0,0,0,0,0,0,0,0,0,0,0,0,0,0,0,0,0,0,0,0,0,0,0,0,0,0,0,0,0,0,1,0,0,0,0,0,0,0,0,0,0,0,0,0,0,0,0,0,0,0,0,0,0,0,0,0,0,0,0,0,0,1,0,0,0,0,0,0,0,0,0,0,0,0,0,0,0,0,0,0,0,0,0,0,0,0,0,0,0,0,0,0,0,1,0,0,0,0,1,0,0,0,0,0,0,0,0,0,0,0,1,0,0,0,0,0,0,0,0,0,0,0,0,0,0,1,0,1,0,0,0,0,0,0,0,0,0,0,0,0,0,0,0,0,0,0,0,0,0,0,0,0,0,0,0,0,0,0,0,0,0,0,0,0,0,0,0,0,0,0,0,0,0,0,0,0,0,0,0,0,0,0,0,0,0,0,0,0,0,0,0,0,0,0,0,0,0,0,0,0,0,0,0,0,0,0,0,0,0,0,0,0,0,0,0,0,0,0,0,0,1,0,0,0,0,0,0,0,0,0,0,0,0,0,0,0,1,0,0
0,0,1,0,0,0,0,0,0,0,0,0,0,0,0,0,0,0,0,0,0,0,0,0,0,0,0,0,0,0,0,0,0,0,0,0,0,0,0,0,0,0,0,0,0,0,1,0,0,0,0,0,0,0,1,0,1,1,0,0,0,0,0,0,0,0,0,0,0,0,0,0,0,0,0,0,0,0,0,0,0,0,0,0,0,0,0,0,0,0,0,0,0,0,0,0,0,0,0,0,0,0,0,0,0,0,0,0,0,0,0,0,0,0,0,0,0,0,0,0,0,0,0,0,0,0,0,0,0,0,0,0,0,0,0,0,0,0,0,0,0,0,0,0,0,0,0,0,0,0,0,0,0,0,0,0,0,0,0,0,0,0,0,0,0,0,0,0,0,0,0,0,0,0,0,0,0,0,0,0,0,0,0,0,0,0,0,0,1,0,0,0,0,0,0,0,0,0,0,0,0,0,0,0,0,0,0,0,0,0,0,0,0,0,0,0,0,0,0,0,0,0,0,0,0,0,0,0,0,0,0,0,0,0,0,0,0,0,0,0,0,0,0,0,0,0,0,0,0,0,0,0,0,0,0
32,12,20,28,42,12,7,12,12,39,18,13,13,7,3,17,4,5,48,18,11,6,13,3,24,13,8,14,23,16,10,7,3,12,10,24,22,12,27,19,14,11,3,12,6,5,0,5,7,11,14,5,6,8,3,20,7,14,13,13,20,10,1,5,12,13,12,5,36,28,19,11,15,6,2,46,18,6,20,5,34,26,0,11,2,2,12,15,10,8,53,17,9,12,5,10,32,8,3,5,20,10,24,11,1,11,8,1,9,17,15,20,27,14,12,11,8,19,35,10,6,8,30,10,22,4,19,1,10,29,5,11,12,18,8,5,16,19,25,19,20,12,4,3,5,12,29,11,0,22,14,18,8,22,2,11,3,19,12,11,16,12,15,3,13,2,34,13,2,12,13,13,11,11,12,27,12,14,24,21,16,18,6,6,12,16,9,19,10,7,11,7,0,8,10,4,12,9,2,14,12,23,16,5,3,0,10,13,6,12,10,6,3,3,2,4,2,9,7,21,0,0,1,4,0,20,7,21,17,8,9,8,4,12,5,10,16,6,3,2,6,10,5,24,11,19,9,0,10,11,3,4,16,11,7
0,0,0,0,1,0,0,0,1,0,0,0,0,0,0,0,0,0,0,0,0,0,0,0,1,0,1,0,1,0,0,0,0,0,0,0,0,2,0,0,0,0,0,0,0,0,0,0,0,1,0,0,0,0,0,0,0,0,0,0,0,0,0,0,0,0,0,1,0,0,0,0,0,0,0,0,0,0,0,0,0,0,0,0,0,1,0,0,1,0,0,1,0,0,0,0,0,0,0,0,0,0,0,0,1,0,0,0,0,0,0,0,0,0,0,0,0,0,0,0,0,0,0,0,0,0,0,0,0,1,0,0,0,0,0,0,0,0,0,0,0,0,0,1,0,1,0,0,0,2,0,1,1,2,0,0,0,0,1,0,0,0,0,0,0,0,1,0,0,0,1,1,0,0,1,0,0,0,0,0,0,0,1,0,1,0,1,1,0,0,0,0,0,3,0,0,0,0,0,0,0,1,0,0,0,1,0,0,0,0,0,0,0,0,0,0,0,0,0,0,0,0,0,0,0,0,2,1,0,0,0,0,0,1,0,0,0,0,0,1,1,0,1,0,0,0,0,0,0,0,0,3,0,0,1
0,0,0,0,0,0,0,0,3,0,0,0,0,2,0,0,1,2,0,2,0,0,0,0,4,0,1,0,0,0,0,0,0,0,0,2,0,0,2,0,0,0,0,0,0,0,0,0,0,0,0,0,7,1,0,0,0,0,3,0,2,2,0,0,0,0,0,0,0,0,0,2,0,0,0,0,2,0,2,0,0,0,0,0,0,1,0,1,0,1,0,0,2,0,0,0,0,1,0,4,0,0,0,0,0,0,2,0,0,0,0,0,0,0,0,0,0,0,0,0,0,0,0,3,0,0,3,0,0,0,0,0,0,0,0,0,4,0,0,2,3,0,0,0,0,0,0,0,0,0,1,0,10,1,0,0,1,0,0,0,0,0,0,0,0,0,0,0,0,0,0,0,0,0,0,0,0,0,0,0,0,2,0,0,2,0,2,0,0,1,0,0,0,0,0,0,0,2,0,4,0,0,0,0,2,6,0,0,0,0,0,2,0,0,0,3,0,0,0,0,0,0,0,0,0,0,0,0,0,1,0,0,0,0,0,0,6,0,0,0,2,0,0,0,0,0,0,0,0,3,0,0,0,0,0
0,0,0,0,0,0,0,0,0,0,0,1,0,0,0,0,1,1,0,0,0,0,0,0,0,0,0,0,0,0,0,0,0,0,0,0,0,0,0,0,0,0,0,0,0,0,0,1,0,0,0,0,0,0,0,0,1,1,0,0,0,0,0,0,0,0,0,0,0,0,0,0,0,0,0,0,0,0,0,0,0,0,0,0,0,0,0,0,0,0,0,0,0,0,1,0,0,0,0,0,0,0,0,0,0,0,0,0,0,0,0,0,0,0,0,0,0,0,0,0,0,0,0,1,0,0,0,0,0,0,0,0,0,0,0,0,0,0,0,0,0,0,0,0,0,0,0,0,0,0,0,0,0,0,0,0,0,0,0,1,0,0,0,0,0,0,0,0,0,0,0,0,0,0,0,0,0,0,0,0,0,0,0,0,0,0,0,0,0,0,0,0,0,0,0,0,0,0,0,0,0,0,0,0,0,0,0,0,0,0,0,0,0,0,0,0,0,0,0,0,0,0,0,0,0,0,0,0,0,0,0,0,0,0,0,0,0,0,0,0,0,0,0,0,0,0,0,0,0,0,0,0,0,0,0
0,0,0,0,10,0,0,0,0,0,0,12,0,8,0,0,2,0,13,34,0,0,15,0,0,0,0,0,0,0,0,0,23,0,0,0,0,0,49,0,0,16,25,0,6,0,0,0,0,0,0,0,35,0,0,38,0,0,0,0,0,0,10,0,0,0,0,0,0,0,0,0,12,0,0,19,17,0,0,14,0,0,0,12,0,15,0,0,0,0,0,1,0,0,0,0,0,8,0,0,20,0,0,0,0,0,0,0,0,0,0,0,0,0,0,0,0,0,0,0,0,0,0,0,0,9,0,0,0,0,0,0,0,0,0,0,5,2,0,0,0,0,0,0,0,0,0,0,0,0,0,0,0,0,0,0,0,0,5,0,0,0,0,0,0,0,0,0,0,0,0,0,0,0,0,0,0,0,0,0,0,0,0,0,0,0,0,8,0,0,0,0,0,0,0,0,0,7,0,8,0,0,0,0,9,0,0,0,0,0,0,12,0,0,0,0,0,0,43,0,20,0,0,0,0,0,0,0,0,0,0,0,0,0,0,17,0,0,0,0,0,1,0,0,0,0,0,0,0,0,0,0,0,0,0
3,0,0,0,0,0,0,0,0,0,1,0,0,0,0,0,0,2,0,0,0,0,1,0,0,0,0,0,0,0,0,0,0,0,0,0,0,1,0,0,0,3,0,0,0,0,0,0,2,1,0,0,0,0,0,3,0,1,1,1,0,0,0,1,1,0,0,0,1,0,2,0,0,5,0,0,0,1,0,0,0,0,3,0,0,0,0,2,0,0,0,2,0,0,0,0,0,0,0,0,1,0,0,0,0,0,0,0,0,0,0,0,0,1,0,0,1,0,0,0,1,0,0,0,1,0,0,0,0,0,0,0,0,0,6,0,0,0,0,0,0,0,0,0,0,0,0,0,0,0,1,0,0,2,0,0,2,0,0,0,0,0,0,0,0,0,0,0,0,0,0,0,0,0,0,0,0,0,0,1,0,0,0,0,2,0,0,0,0,0,1,0,0,0,2,0,0,0,0,0,1,1,1,0,0,0,0,0,1,0,0,0,0,1,0,0,0,0,0,0,0,0,0,0,0,0,0,0,0,2,0,1,0,0,0,0,0,0,0,0,0,0,0,1,0,0,0,0,0,0,0,2,0,0,0
0,0,0,0,0,0,0,0,0,0,0,0,0,0,0,0,0,0,0,0,0,0,0,0,0,0,0,0,0,0,0,0,0,0,0,0,0,0,0,0,0,0,0,0,0,0,0,0,0,0,0,0,0,0,0,0,0,0,0,0,0,0,0,0,0,0,0,0,1,0,0,1,0,0,0,0,0,0,0,0,1,0,0,0,0,0,0,0,0,0,0,1,1,0,0,0,0,0,0,0,0,0,0,0,0,0,0,1,0,0,0,0,0,0,0,0,0,0,1,0,0,0,0,0,0,0,0,0,0,0,0,0,0,0,0,0,0,0,0,0,0,0,0,0,0,0,0,1,0,0,0,0,0,0,0,0,0,0,0,0,0,0,0,0,0,0,0,0,0,0,0,0,0,0,0,0,0,0,0,0,0,0,0,0,0,0,0,0,0,0,0,0,0,0,0,0,0,0,0,0,0,0,0,0,0,0,0,0,0,0,0,0,0,0,0,0,0,0,0,0,0,0,0,0,0,0,0,0,0,0,0,0,0,0,0,0,0,0,0,0,0,0,0,0,0,0,0,0,0,0,0,0,0,0,0
86,0,13,68,35,56,23,0,10,22,16,34,2,32,0,49,21,28,0,10,34,35,47,0,20,6,9,13,10,20,18,9,50,41,0,49,5,50,20,80,31,40,0,18,36,43,12,22,14,69,49,32,24,0,38,18,51,15,51,11,31,4,30,8,0,12,37,48,13,28,16,0,44,58,18,51,36,17,0,13,12,0,10,81,29,0,14,0,21,9,21,8,8,7,21,0,0,7,28,25,40,20,15,2,33,54,13,14,8,1,0,3,18,17,16,10,50,2,0,28,0,11,0,11,4,11,0,4,9,20,0,0,8,0,0,8,0,12,45,0,0,24,31,0,0,0,0,0,15,0,0,0,0,9,3,0,13,24,52,2,17,0,0,13,66,0,6,52,0,0,25,16,0,0,7,25,36,0,29,0,27,3,9,10,111,15,64,31,11,0,36,0,13,9,14,15,42,16,9,20,23,10,6,21,10,91,31,54,20,13,20,32,46,5,23,59,85,13,0,12,13,7,21,54,0,8,14,28,24,10,33,71,12,58,5,6,29,23,14,9,0,0,0,16,0,3,7,0,14,20,21,5,30,0,13
8,6,0,6,7,4,5,0,8,1,0,0,0,0,4,5,0,0,10,4,4,1,1,0,5,3,0,2,5,7,9,3,0,5,9,1,7,11,2,9,3,10,3,3,0,5,0,0,0,0,7,10,1,1,0,0,2,1,0,0,1,4,3,1,5,1,2,0,1,2,4,1,0,0,0,3,2,0,4,2,3,1,6,1,2,2,0,3,4,4,13,6,0,0,0,0,1,1,1,4,0,2,3,3,2,0,1,0,0,3,2,3,2,2,7,2,0,3,2,1,1,2,0,5,2,1,6,0,4,3,2,1,0,2,0,3,2,0,2,0,0,1,1,2,1,1,0,1,0,2,4,2,1,5,0,5,6,2,5,1,0,3,3,0,2,1,4,3,1,1,0,0,0,3,1,1,1,2,0,0,1,4,5,2,1,1,4,3,1,1,2,0,1,1,3,0,3,1,0,1,1,1,4,0,1,2,0,2,0,5,2,0,0,1,0,1,2,6,1,3,1,3,0,3,1,4,1,0,2,3,2,2,1,1,0,1,0,0,1,0,2,1,1,0,0,1,0,2,2,1,2,1,6,0,1
2,0,0,10,0,0,0,1,0,11,0,0,0,0,0,10,0,0,11,3,7,0,14,7,0,0,0,0,0,2,23,0,0,7,6,0,9,0,26,18,0,16,0,0,0,0,0,25,0,0,0,0,0,0,5,0,11,0,0,0,0,0,0,0,8,0,0,0,0,8,0,0,0,14,0,0,0,0,5,0,0,0,0,0,0,0,0,0,12,0,7,0,0,0,0,0,0,0,0,0,0,0,0,0,0,0,0,0,0,0,0,17,0,9,0,0,0,0,0,0,0,0,0,4,0,0,0,0,0,0,0,0,0,0,0,0,0,0,0,0,0,8,0,7,0,0,11,0,0,0,0,0,0,0,0,0,0,0,0,0,0,0,0,0,0,0,0,0,0,0,0,6,0,5,0,0,0,0,0,4,0,11,0,0,0,0,0,0,0,0,4,0,5,0,12,0,0,0,0,0,0,0,0,0,2,0,0,0,10,0,0,0,0,0,0,0,0,0,12,0,0,0,0,0,2,0,0,5,2,0,0,0,0,0,0,0,0,0,0,0,0,0,0,0,0,0,0,0,0,0,6,0,0,12,0
0,0,0,0,0,0,3,0,1,0,0,0,0,0,0,0,0,0,0,2,0,0,1,0,0,0,0,0,0,0,0,0,0,0,0,0,0,0,0,0,0,0,0,0,0,0,0,0,0,0,0,0,0,0,0,0,2,0,0,0,0,1,0,0,0,0,0,0,0,0,0,3,0,0,2,1,0,0,3,0,0,2,0,0,0,0,0,0,0,0,0,0,0,0,0,0,0,0,0,0,0,0,0,0,0,0,0,0,0,0,0,0,0,1,0,0,0,0,0,0,0,1,0,0,0,0,0,0,0,1,0,0,1,0,0,0,0,0,0,0,0,0,0,0,0,0,0,0,3,0,0,0,2,0,0,0,0,0,0,0,0,3,4,0,8,0,0,0,4,0,1,0,0,0,1,1,0,0,0,0,2,0,0,0,0,0,0,0,0,0,0,0,0,0,0,0,1,0,4,0,1,0,2,0,1,0,7,0,0,1,0,0,5,0,0,0,0,0,0,0,0,0,0,0,0,0,0,3,2,1,0,2,0,0,0,0,0,0,0,0,3,0,0,0,0,0,0,0,0,3,0,2,3,0,0
1,0,8,3,2,0,0,0,0,3,1,16,13,10,0,2,3,8,0,0,0,0,1,6,0,0,0,0,0,0,1,0,6,1,1,0,1,1,1,2,0,2,0,1,3,3,6,3,5,1,4,4,0,0,11,5,5,0,3,4,0,0,0,0,0,0,0,4,0,1,4,2,1,2,1,1,1,6,2,1,0,1,4,1,2,2,2,2,0,2,0,1,4,8,1,0,0,2,9,2,2,0,6,1,4,1,1,9,1,6,0,2,0,2,1,6,0,4,0,8,8,0,0,8,0,3,1,3,6,2,4,2,7,5,1,3,8,2,1,3,6,5,4,3,1,2,3,0,1,3,9,1,0,3,6,0,11,17,1,0,2,1,4,5,0,7,1,3,1,10,9,5,1,1,0,3,1,7,1,2,0,1,0,1,1,1,0,2,6,6,9,6,5,0,1,1,2,3,3,5,3,2,1,2,4,2,2,3,0,1,0,3,4,4,2,0,2,4,8,3,1,2,2,0,1,1,1,2,8,1,1,4,1,0,1,1,1,0,3,1,2,1,0,2,0,0,5,1,1,5,4,0,0,2,4
0,0,0,0,0,2,0,0,1,0,0,0,0,0,0,0,0,0,1,0,0,0,0,0,0,0,0,0,0,0,0,0,0,1,2,0,0,0,0,1,0,3,1,2,0,0,0,0,0,0,0,0,0,0,1,0,0,0,0,0,0,0,0,0,0,0,0,2,1,0,1,0,0,2,1,0,0,1,0,0,0,0,1,0,0,0,0,0,0,2,0,0,2,0,0,0,0,0,0,0,5,0,0,0,0,0,2,0,2,0,0,0,0,0,2,1,0,0,0,0,0,0,2,0,5,0,0,0,0,1,0,2,0,0,0,1,1,1,0,2,0,1,0,0,0,0,1,2,0,0,0,0,0,0,2,1,0,0,0,0,0,0,0,1,0,0,0,0,0,0,1,0,0,0,0,0,0,0,0,0,0,0,0,0,4,0,1,1,0,0,0,0,0,2,0,0,0,0,0,0,1,0,0,0,0,0,1,0,0,0,0,0,0,0,1,0,0,2,0,0,0,0,0,0,2,1,0,0,0,0,0,0,0,0,0,0,0,0,0,0,0,1,0,0,2,0,0,0,0,0,0,0,0,0,0
0,0,0,0,0,2,0,0,0,0,0,0,4,3,0,0,0,0,0,0,0,0,1,0,4,0,0,0,0,0,0,0,0,2,0,0,0,0,1,1,0,0,0,0,0,0,0,1,0,0,0,0,0,0,0,0,0,0,0,0,1,2,0,0,0,1,0,4,0,2,0,0,2,0,0,0,0,0,1,0,1,0,0,1,0,0,0,0,0,0,0,0,1,1,2,0,0,0,0,0,0,0,0,0,0,0,0,0,1,0,0,1,2,0,2,0,2,0,0,0,0,0,0,0,1,2,2,0,0,0,0,0,0,0,1,0,0,0,0,0,0,0,0,0,0,0,0,1,0,2,0,0,0,0,0,0,0,0,0,0,1,0,0,0,0,0,0,0,0,0,2,0,0,2,1,0,0,3,0,0,1,0,0,2,1,0,0,2,0,1,0,0,0,0,1,0,0,0,1,1,2,0,0,0,0,0,0,0,0,3,0,0,2,0,0,0,0,1,0,0,0,0,0,0,0,0,0,0,0,0,0,0,0,0,1,0,0,0,0,0,1,2,0,0,0,0,0,0,0,0,0,0,0,0,0
0,0,0,0,0,0,0,0,0,0,0,0,0,0,0,0,0,0,0,0,0,0,0,0,0,0,0,0,0,0,0,0,0,0,0,0,0,0,0,0,0,0,0,0,0,0,0,0,0,0,0,0,0,0,0,0,0,0,0,0,0,0,0,0,0,0,0,0,0,0,0,0,0,0,0,0,0,0,0,0,0,0,0,0,0,0,0,0,0,0,0,0,0,0,0,0,0,0,0,0,0,0,0,0,0,0,0,0,0,0,0,0,0,0,0,0,0,0,0,0,0,0,0,0,0,0,0,0,0,0,0,0,0,0,0,0,0,0,0,0,0,0,0,0,0,0,0,0,0,0,0,0,0,0,0,0,0,0,0,0,0,0,0,0,0,0,0,0,0,0,0,0,0,0,0,0,0,0,0,0,0,0,0,0,0,0,0,0,0,0,0,0,0,0,0,0,0,0,0,0,0,0,0,0,0,0,0,0,0,0,0,0,0,0,0,0,0,0,0,0,0,0,0,0,0,0,0,0,0,0,0,0,0,0,0,0,0,0,0,0,0,0,0,0,0,0,0,0,0,0,0,0,0,0,0
0,0,0,0,1,0,0,1,1,0,1,0,0,0,0,1,0,0,0,0,0,0,0,0,0,0,1,0,0,0,0,0,0,0,0,0,0,0,0,0,1,0,0,0,0,0,0,0,0,1,0,0,1,0,0,0,0,0,0,1,2,0,0,0,0,0,0,1,0,1,0,0,0,0,0,0,0,0,0,0,0,0,0,1,0,1,2,0,0,2,0,0,0,0,0,0,0,0,1,0,0,0,0,0,0,2,0,1,1,0,0,0,0,0,0,0,0,0,0,1,0,0,1,1,0,1,0,0,0,0,0,0,0,0,0,0,0,0,0,0,0,0,0,0,0,0,0,0,0,0,0,1,0,0,2,0,0,0,0,0,1,0,0,0,0,1,0,0,0,0,0,0,0,0,0,1,0,0,0,0,0,0,2,0,1,0,0,2,0,0,0,0,0,0,0,0,0,0,0,0,0,4,0,0,0,0,0,0,0,1,0,0,0,0,0,1,0,0,0,0,1,0,0,1,0,0,0,0,0,1,0,0,0,0,0,0,1,1,0,0,0,0,1,0,0,1,0,0,1,1,0,0,0,0,0
0,0,0,0,0,0,0,0,0,5,0,0,0,0,4,4,0,0,0,0,0,2,3,0,0,0,0,5,7,5,0,0,0,0,0,0,0,0,0,3,0,0,0,2,0,3,0,0,0,0,0,0,0,1,0,0,1,0,0,0,0,0,0,0,0,0,3,0,2,0,0,0,0,0,5,4,0,0,0,1,1,0,0,0,0,2,0,0,2,0,0,0,0,0,0,0,0,0,0,0,1,0,0,1,0,0,0,3,0,1,4,3,2,0,0,0,0,0,0,0,0,0,1,0,0,0,0,0,0,0,2,0,0,0,0,0,4,0,0,0,0,0,0,0,0,0,0,0,0,0,0,0,0,0,0,0,0,0,0,2,2,0,1,0,0,0,4,0,0,0,0,2,0,0,0,0,0,1,0,0,0,1,1,2,0,8,1,0,0,0,0,2,0,0,0,0,0,3,0,0,0,0,2,2,0,0,0,0,0,0,0,3,3,0,2,0,0,2,0,0,0,0,0,0,0,0,0,0,0,0,1,0,0,0,0,0,0,1,0,0,1,0,0,0,0,0,0,0,0,0,0,0,0,0,0
0,0,0,0,0,0,5,9,1,0,0,0,0,6,5,0,0,0,0,0,7,0,0,0,0,0,0,0,0,4,2,0,3,0,0,4,15,0,4,0,0,0,0,0,0,4,0,0,0,0,0,0,0,0,0,0,0,0,0,2,0,1,0,0,0,0,0,0,0,0,0,2,0,0,0,5,0,6,0,0,0,0,0,0,0,0,0,0,0,0,3,0,0,0,0,0,0,0,2,0,0,0,0,0,0,1,0,0,0,0,0,0,0,0,8,0,0,0,0,0,0,0,0,0,0,0,0,0,0,0,0,0,0,4,1,3,0,0,0,0,0,0,0,0,0,0,6,0,0,0,7,0,0,0,0,0,0,0,0,0,0,0,0,0,0,19,0,0,0,2,0,3,0,0,0,0,0,0,0,0,0,0,0,4,0,0,0,0,0,0,0,0,0,0,0,0,0,0,0,0,0,0,4,0,0,4,0,0,0,5,0,0,12,0,0,0,0,0,0,0,0,0,0,0,0,0,5,0,7,3,0,12,0,7,7,0,0,0,0,0,0,0,0,0,4,0,0,0,0,0,7,0,0,0,2
0,0,0,0,0,0,0,0,0,0,2,2,0,0,0,0,0,2,0,0,0,0,0,0,0,2,0,0,0,0,0,0,2,3,0,3,0,0,0,0,0,2,5,4,5,0,0,0,0,6,4,0,0,2,0,0,2,0,0,0,0,4,1,0,0,0,0,2,0,0,0,0,0,0,0,0,0,0,3,0,0,1,0,0,0,0,0,0,0,0,0,0,0,0,0,0,0,0,0,0,0,0,0,0,0,0,0,0,0,0,0,0,0,0,0,1,0,0,0,0,0,2,1,0,0,0,0,0,0,0,0,0,3,0,0,1,2,0,2,0,0,0,0,0,5,0,0,0,0,0,0,0,0,0,0,0,0,0,0,0,2,0,0,0,0,1,6,0,0,0,0,0,0,0,0,0,0,0,0,0,0,0,0,0,0,0,0,0,0,0,0,0,0,1,0,0,0,0,2,0,2,0,0,7,0,0,0,0,0,0,0,4,0,0,0,1,0,0,0,1,0,0,3,0,0,0,0,3,0,0,0,0,0,0,0,0,3,0,0,0,0,0,0,0,0,0,0,0,0,0,3,0,0,0,0
0,0,0,2,0,0,1,1,0,1,0,0,0,0,0,0,0,0,2,1,0,0,1,0,0,2,0,0,1,0,0,0,0,0,0,1,0,1,1,2,0,0,0,1,0,0,0,0,0,0,0,0,0,0,0,0,0,0,0,0,0,0,0,0,0,0,1,0,1,0,0,0,0,0,0,0,0,0,0,0,0,1,0,0,0,0,0,0,0,0,0,0,0,0,0,0,0,0,0,0,0,0,0,0,0,1,1,0,0,0,0,0,0,0,0,0,0,0,0,0,0,0,0,0,0,0,0,0,0,0,0,0,0,0,0,0,0,0,0,0,1,0,0,0,0,0,0,0,0,0,0,0,0,0,0,0,0,0,0,0,0,0,0,1,1,0,0,0,0,0,0,0,0,0,0,0,0,0,1,0,0,0,0,0,0,0,0,0,0,0,0,0,0,0,0,0,0,0,0,0,0,0,0,0,0,0,0,1,0,0,0,0,0,0,0,0,0,0,0,0,0,0,0,0,0,0,0,0,0,0,0,0,0,0,0,0,0,0,0,0,0,0,0,0,0,0,0,0,0,0,0,0,0,0,0
0,0,0,0,0,0,0,0,0,0,0,0,0,0,0,4,0,0,0,0,1,0,0,0,0,2,0,0,0,0,0,0,0,0,0,0,2,0,11,4,0,0,0,0,0,0,3,6,0,0,0,0,0,0,0,0,0,0,0,0,0,0,0,0,0,0,0,0,0,0,0,0,0,0,0,6,0,0,0,0,0,6,0,6,0,4,0,0,0,13,0,0,0,0,0,0,0,0,0,0,8,7,0,0,0,0,0,0,0,9,0,0,0,0,0,0,0,19,0,0,4,0,0,17,0,0,0,2,4,0,0,6,0,0,0,0,0,0,0,0,8,0,0,0,0,0,3,0,0,0,0,0,0,0,0,0,0,8,0,3,0,0,0,0,0,0,0,0,28,0,0,0,0,0,0,2,0,0,6,0,0,0,5,14,0,0,0,0,0,0,0,0,0,0,0,0,0,0,0,0,0,0,4,0,0,0,0,0,0,0,0,0,0,0,0,0,0,0,0,0,0,0,0,0,0,0,0,0,0,0,0,0,0,0,7,0,9,0,0,3,0,0,0,0,0,0,0,0,0,0,0,0,8,0,0
1,0,0,0,0,0,0,0,0,1,0,0,0,0,0,0,2,0,0,0,0,0,0,0,0,0,0,0,0,0,0,0,0,1,0,0,0,0,0,0,1,0,0,0,0,0,0,0,2,0,0,0,0,0,0,0,0,0,0,0,0,0,0,0,0,0,0,0,1,0,0,0,0,1,0,0,0,0,1,0,0,0,1,0,0,1,1,0,2,0,0,0,0,0,0,0,1,0,0,0,0,0,0,0,0,0,0,0,0,0,0,2,0,0,2,0,0,0,1,0,0,0,0,0,0,0,0,0,0,3,0,2,0,2,1,0,0,0,0,1,0,0,3,0,1,0,1,0,0,0,0,0,0,1,0,0,0,0,0,0,0,0,0,0,0,0,0,0,0,0,0,0,0,0,0,0,0,0,0,0,2,0,0,1,0,0,0,0,1,0,0,0,0,0,0,0,0,0,0,0,0,1,0,2,1,0,1,0,2,0,0,0,0,0,0,0,0,0,0,1,0,0,0,0,0,0,0,0,0,0,0,0,0,0,0,0,0,0,0,0,0,0,0,0,1,0,0,0,0,5,0,0,1,0,0
1,0,0,0,0,0,0,0,0,0,0,1,2,0,0,0,0,2,0,0,0,0,0,0,0,0,0,0,0,0,0,0,1,0,0,1,0,0,0,0,0,0,0,0,1,0,0,0,1,0,0,0,0,0,1,1,1,0,0,1,0,0,0,0,0,0,0,1,0,0,0,0,0,1,0,0,0,0,0,0,0,0,0,1,0,0,0,0,0,0,0,0,1,2,0,0,0,0,1,0,1,0,0,1,0,0,0,0,0,0,0,0,0,0,0,0,1,0,0,0,0,0,0,0,0,0,0,0,0,0,0,0,0,0,1,0,0,0,0,0,0,0,0,0,0,0,0,0,0,0,1,0,0,0,1,0,0,0,0,0,0,0,0,0,0,0,0,0,0,0,0,0,0,0,0,0,0,0,0,0,0,0,0,0,0,0,0,0,0,0,0,0,0,0,0,0,0,0,0,0,0,0,0,0,0,0,0,0,0,0,0,0,0,0,0,0,0,0,0,0,0,0,0,0,0,0,0,0,0,0,0,0,0,0,0,0,0,0,0,0,1,0,0,0,0,0,0,0,0,0,0,0,0,0,0
0,0,0,0,0,0,0,0,0,0,0,0,0,0,0,0,0,2,1,0,0,0,1,2,0,0,0,0,0,0,0,4,0,0,0,0,0,0,0,0,0,0,0,2,1,0,0,2,0,2,0,0,0,0,0,1,4,0,0,0,0,0,0,0,0,0,0,0,0,0,0,0,1,0,1,1,1,2,0,0,2,0,5,0,0,4,0,0,0,0,0,0,0,0,0,0,0,0,0,0,0,0,0,0,0,0,0,0,0,0,0,0,0,0,0,0,0,0,2,0,0,0,2,0,0,0,4,0,0,2,0,0,0,5,0,0,0,0,0,2,2,2,0,0,0,0,0,0,0,1,0,0,0,0,0,0,0,0,0,0,0,0,0,0,0,0,0,0,0,3,0,0,0,0,1,0,0,0,0,0,0,0,0,0,4,0,0,0,0,0,0,0,0,0,1,0,0,0,0,0,0,2,0,2,0,4,0,0,0,0,0,0,0,0,0,0,0,0,0,0,4,0,2,0,0,0,0,3,2,0,0,2,0,2,0,0,0,0,1,0,0,0,3,3,2,0,0,0,2,0,0,0,0,0,0
0,0,0,0,0,0,0,0,0,0,0,0,0,0,0,0,0,0,0,0,0,0,0,0,0,0,0,0,0,0,0,0,0,0,0,0,0,0,0,0,0,1,0,0,0,0,1,0,1,0,1,0,0,0,0,0,0,0,0,0,0,0,0,0,0,0,0,0,0,0,0,0,1,1,0,1,0,0,0,0,0,0,0,0,0,0,0,0,0,0,0,0,1,0,0,0,0,0,0,0,0,0,0,0,0,0,0,0,0,0,0,0,1,0,0,0,0,0,0,0,0,0,0,0,0,0,0,0,0,0,0,0,0,0,0,0,0,0,0,0,0,0,0,0,0,0,0,0,0,0,0,0,1,0,1,1,0,0,0,1,0,0,0,0,0,0,0,0,0,0,0,0,0,0,0,0,0,0,1,0,0,0,0,0,0,0,0,0,0,0,0,0,0,0,0,0,1,0,0,0,0,0,0,0,0,0,0,0,0,0,0,0,0,0,0,0,0,0,0,0,0,0,0,0,0,0,0,0,0,1,0,0,0,0,0,0,0,0,0,0,0,0,0,0,0,0,0,0,0,1,0,0,0,0,0
0,0,0,0,0,0,1,0,1,0,0,0,0,0,0,0,0,0,0,1,0,0,0,0,0,0,1,1,0,1,0,1,0,0,0,0,0,0,1,1,1,0,1,0,0,1,0,0,1,0,0,1,3,1,0,0,0,0,0,0,1,1,2,0,0,0,1,0,0,0,0,0,0,0,0,0,0,0,0,0,1,0,0,0,1,0,0,1,0,1,1,1,0,0,0,0,2,1,0,1,0,1,0,0,0,0,0,0,0,0,0,0,0,0,1,0,0,0,1,0,0,0,0,0,0,0,0,1,0,1,0,0,0,0,0,0,0,0,0,0,0,0,0,1,0,0,0,0,0,0,0,0,0,0,0,0,0,0,0,0,1,0,0,0,2,0,0,0,0,0,0,0,0,1,0,0,0,0,0,0,0,0,0,0,0,0,0,0,0,0,0,0,0,0,0,0,0,0,0,0,0,1,0,0,0,0,0,0,1,1,0,0,0,1,0,0,0,0,0,0,0,0,0,0,0,0,0,0,0,0,0,0,0,0,0,0,0,0,0,0,0,0,0,0,0,0,0,0,0,0,0,0,0,1,1
9,6,8,9,9,4,0,6,10,14,6,11,0,7,4,0,7,18,14,4,9,3,11,14,2,0,0,8,11,20,5,5,7,2,7,11,17,12,4,20,2,9,8,1,6,7,10,6,4,2,4,7,2,3,6,7,2,5,1,4,1,8,0,4,2,6,2,9,17,16,15,18,7,3,5,15,11,2,14,4,5,11,3,14,6,5,13,18,4,12,1,3,11,6,9,7,10,3,1,5,13,3,6,5,5,9,7,0,3,1,8,12,11,9,8,9,8,9,13,10,4,6,7,6,7,9,17,5,7,2,8,6,8,2,9,15,7,11,8,16,7,1,10,23,6,6,13,8,9,4,6,5,5,0,3,3,3,7,3,10,4,13,5,6,2,6,3,8,2,0,10,5,11,2,6,22,11,4,16,8,2,5,8,5,7,12,3,2,8,4,5,1,7,7,16,22,1,4,6,3,1,13,0,3,2,8,7,5,3,3,3,0,2,6,2,4,4,6,0,8,1,1,6,9,1,7,13,20,9,10,0,5,6,4,6,8,0,9,6,8,9,7,1,3,9,0,0,1,1,1,8,9,8,5,11
