"","ENSMUSG00000023043","ENSMUSG00000031972","ENSMUSG00000032085","ERCC-00116","ERCC-00108","ERCC-00009","ERCC-00111","ENSMUSG00000032231","ENSMUSG00000049382","ERCC-00043","ERCC-00003","ERCC-00145","ERCC-00042","ENSMUSG00000032366","ERCC-00113","ERCC-00092","ERCC-00136","ENSMUSG00000029484","ENSMUSG00000079029","ERCC-00171","ENSMUSG00000024659","ERCC-00112","ERCC-00022","ENSMUSG00000040152","ERCC-00076","ENSMUSG00000072905","ERCC-00004","ENSMUSG00000035783","ERCC-00046","ENSMUSG00000005892","ENSMUSG00000010592","ENSMUSG00000096221","ENSMUSG00000097581","ENSMUSG00000097213","ENSMUSG00000083538","ERCC-00060","ENSMUSG00000074818","ENSMUSG00000078566","ENSMUSG00000029761","ENSMUSG00000005983","ENSMUSG00000000805","ENSMUSG00000060441","ENSMUSG00000078380","ERCC-00025","ENSMUSG00000022753","ENSMUSG00000079034","ERCC-00035","ENSMUSG00000069475","ENSMUSG00000085774","ENSMUSG00000089940","ENSMUSG00000074472","ENSMUSG00000029861","ENSMUSG00000033306","ENSMUSG00000032060","ERCC-00044","ERCC-00165","ENSMUSG00000047793","ENSMUSG00000079505","ENSMUSG00000020258","ENSMUSG00000054517","ENSMUSG00000098235","ENSMUSG00000093847","ENSMUSG00000086799","ENSMUSG00000031910","ENSMUSG00000095905","ENSMUSG00000025867","ENSMUSG00000095180","ENSMUSG00000097467","ENSMUSG00000097136","ENSMUSG00000092181","ERCC-00131","ENSMUSG00000022425","ENSMUSG00000022875","ENSMUSG00000037593","ENSMUSG00000079906","ENSMUSG00000085399","ENSMUSG00000087338","ENSMUSG00000003378","ENSMUSG00000082604","ENSMUSG00000087480","ENSMUSG00000093606","ENSMUSG00000048163","ENSMUSG00000032726","ENSMUSG00000038793","ENSMUSG00000033615","ENSMUSG00000000184","ENSMUSG00000034730","ENSMUSG00000060550","ENSMUSG00000044703","ENSMUSG00000027562","ENSMUSG00000089861","ENSMUSG00000097737","ENSMUSG00000025993","ENSMUSG00000042386","ENSMUSG00000079662","ENSMUSG00000090210","ENSMUSG00000028128","ENSMUSG00000097879","ENSMUSG00000095799","ENSMUSG00000097229"
"ola_mES_2i_2_1.counts",0,1.30122567536776,0,0,0,0,0,4.29309313935668,4.37489341047837,0,0,0,0,3.41482953045221,0,0,1.02336101499274,0,0,0,0,0,3.29014299468915,0,0,0,0.637246233091287,0,1.9794636221636,5.76296465299513,1.30122567536776,2.60103783003557,0,0,0,0,0,2.53262105799365,5.45750499584597,0,0,0,0,0,0.637246233091287,0,0,0,0,1.02336101499274,1.02336101499274,0,2.53262105799365,0,0,0,0,0,0,0,0,0,0,0,0.637246233091287,0,1.84807577775508,1.30122567536776,0,0,0,0,4.55885556475786,0,0,1.30122567536776,0,0,0,0,0.637246233091287,1.51843218067683,0,4.36360941089928,0,0,0,0,0.637246233091287,0,0,0,0,0,0,0,0,0,0,0
"ola_mES_2i_2_10.counts",0,0.309332887905038,0,0,0.16657991305995,0,0,0,0,0,0,0,0,3.59803951078339,0,0.16657991305995,1.53151066241725,0,0,0.545245438799913,3.17130188653844,0,0,0,0,0,0,0,0.819253486055593,4.67654533029051,4.43316392178689,0,0,0,0,0,0.16657991305995,5.34964795405929,3.96037978293306,0,0,0,0.309332887905038,0,0,0,0,0,0,0,0,0,2.21447567900599,0,0,0,0,0,0,0,0,0,0,0,0,0.16657991305995,5.25584475215105,0,0.16657991305995,0.16657991305995,0,0,0,0,0.16657991305995,0,0,0,0,0.309332887905038,0,0.309332887905038,3.44844134300556,5.47491065758966,0,0,0,0,0.309332887905038,2.72911846327011,0.309332887905038,0,0,0,0,0,0,0,0.16657991305995,0.43422993186865
"ola_mES_2i_2_11.counts",0,0.852152548938079,0,0,0,1.17592742374242,0,0,0,0,0,0,0,3.54435101538309,0,0,0,0,0,0.370341771391966,0,0,0,0,0,0.370341771391966,0,0,2.04426017171057,5.23358399600871,4.65811809460995,0.370341771391966,0,0,0,0,0,6.33342133186451,3.67750845973276,0,0,0,0,0,0.370341771391966,0,0,0,0,0,0.370341771391966,0,3.05260054121676,0,0,0,0,0,0,0,0.639988456287535,3.17219101795646,0,0,0,0,0.639988456287535,0,0.370341771391966,0.639988456287535,0,0,0.370341771391966,0,0,0.852152548938079,1.02708691811169,0,0,0.370341771391966,0,0,0,0,0,0,0,0,0.852152548938079,2.38518288967787,0.639988456287535,0,0,0,0,0,0,0,0,0
"ola_mES_2i_2_12.counts",0,0.212889496998917,0,0,0,0,0,0,0,0,0,0,0,5.51810059264165,0,0,1.28363219189512,0,0,1.21564815364914,0,0,0,0,0,0.388316133508856,0.212889496998917,0,1.9696888983597,0.212889496998917,4.24225653686808,0,0,0.212889496998917,0,0,3.46079340031,5.82623103002239,3.84564491273065,0,0,0,0,0,0,0.212889496998917,0,0,0,0.212889496998917,0,0.388316133508856,2.57258506404528,0,0,0,0,0,0,0,0,0,0,0,0,0,4.3641181198868,0.212889496998917,0,0,0,0,0,0,0.212889496998917,0,0,0,0,0,0,0,4.20046990987651,0.388316133508856,0.212889496998917,0,0,0,0,4.59255236222149,0.388316133508856,0,0,0,0,0,0,0.212889496998917,0,0
"ola_mES_2i_2_13.counts",0,0.252142559300332,0,0,0,0,0,0,0.133997300705704,0,0,0,0,0.453339890383324,0,0.453339890383324,0.540548684249701,0,0,0.133997300705704,3.18162025726818,0,0.133997300705704,0,0,0,0,0,1.05224247956748,4.3381582003828,6.56353350507608,0,0,0,0,0,0,4.5530373319878,2.55733179145148,0.620758406537404,0.133997300705704,0.133997300705704,0,0,0,0,0,0,0,0,0.252142559300332,0,3.30994834487278,0,0,0,0,0,0.133997300705704,0,0.133997300705704,0.133997300705704,0,1.35268449084121,0,0.133997300705704,0.540548684249701,0.133997300705704,0,0,0,0,0,0,0,0.133997300705704,0,0,0,0,0.133997300705704,0.133997300705704,0,0.357792758870471,0.252142559300332,0.133997300705704,0,0,0,3.92703451585532,0.133997300705704,0,0,0,0,0,0,0,0,0
"ola_mES_2i_2_14.counts",0,1.52636942321371,0,0,0,0,0,5.00969848087392,0,0,0,1.75818902967824,0,4.3698428691844,0.788675605672862,0,0,0,0,0,0,0,0,0,0,0,0,0.788675605672862,1.52636942321371,4.14985763229635,2.36121634457829,0.788675605672862,0,0,0,0,0,4.85398850437824,5.98130810257787,0,0,0,0,0,0.788675605672862,0,0,0,0,0,0,0.788675605672862,2.87957606515677,0,0,0,0,0,0,0,0.788675605672862,0.788675605672862,0,0,0,0,1.75818902967824,0,0,0,0,0,0,0,0,0,0,0,0,0.788675605672862,0,0.788675605672862,0,1.52636942321371,0,0,0,0,0.788675605672862,4.52435587217968,0.788675605672862,0,0,3.54424220132455,0,0,0,0,0,1.52636942321371
"ola_mES_2i_2_15.counts",0,0.254074733024931,0,0,0,0,0,0,0,0,1.49766081423069,0.544165837707063,0,5.21079095964346,0.1350850014638,0,1.15357736048377,0,0,0,0,0,0.624763652704842,0,0,0,0.360399558098949,0,1.70177209551994,3.88032544095042,6.03957745677092,0,0.1350850014638,0,0,0,0,5.4277724481199,0.254074733024931,0,0,0.254074733024931,0.254074733024931,0,0,0,0,0,0,0,0.1350850014638,0,0,0,0,0,0,0,0.1350850014638,0.1350850014638,0,0,0,0,0,0,0.360399558098949,0.1350850014638,0,0,0,0,0,0,0,0,0,0,0.254074733024931,0,0,0,0.1350850014638,0.1350850014638,0,0,0,0,0,4.7049068758861,0.1350850014638,0,0,0,0,0,0,0.1350850014638,0,0
"ola_mES_2i_2_16.counts",0,0.226802835738999,0,0,0.411556497501566,0,0,4.3186008682616,0.411556497501566,0,0,0,0,4.06527715314433,0,0.226802835738999,0.821062015146736,0,0,0,2.60080210890901,0,0,0,0,0,0,0,1.26577081197367,4.29804713163285,4.9525083989701,0,0,0,0.226802835738999,0,0,4.897033930747,2.94839726194897,0,0,0.411556497501566,0,0,0.226802835738999,0.226802835738999,0,0,0,0.411556497501566,1.11075818697022,0,4.29110092271385,0,0,0,0,0,0,0.226802835738999,0,0,0,0,0.411556497501566,0,1.99667959371755,0.226802835738999,0.226802835738999,0,0,0,0,0,0,0,0,0,0,0,0.226802835738999,0,0,5.69571197797953,0.226802835738999,0,0,0.411556497501566,0,4.65028762617602,0.567440780767915,0.821062015146736,0,0,0,0,0,0,0,0
"ola_mES_2i_2_17.counts",2.83292379845981,0.268191608054885,0,0,0,0,0,0.268191608054885,0,0,0,0,0,4.10551438809986,0,0.268191608054885,0.479455893333954,0,0,0.479455893333954,3.50548996339345,0,0,0,0,0,0,0,1.1484126204795,5.66612010781101,4.80055836480889,0.479455893333954,0,0,0,0,0.268191608054885,1.04576901246741,4.7432884742634,0,0,0,0,0,0.268191608054885,0.268191608054885,0,0,0,0,0,0,5.36387092526742,1.77860036611472,0,0,0,0,0,0,0.479455893333954,0,0,0,0,0,0.931371763800438,0.653778809627907,0.931371763800438,0,0,0,0,0,0,1.87744131176496,0,0.268191608054885,0,0,0,0,0,0.479455893333954,0,0.268191608054885,0,0.268191608054885,0.268191608054885,4.78011042028304,0.268191608054885,0.479455893333954,1.32664492499027,0,0,0,0,0,0,2.46520706239988
"ola_mES_2i_2_18.counts",0,0.671849182881011,0,0,0.59939571964047,0.343950654274358,0,0.128249267498106,5.1548912205391,0,0,0,0,2.40927477418096,0,0,0.436540801315584,0,0,0.671849182881011,0,0,0,0,0,0.521279818944035,0,0.241904606924285,1.98711677520172,4.80931446539067,1.31821006104027,0,0.128249267498106,0,0,0,0.241904606924285,5.67176089038495,3.93343417766001,0,0,0,0.128249267498106,0,0,0.128249267498106,0,0,0,0,0,0,0,0,0,0,0,0,0,0,0.241904606924285,0,3.59192177671532,0.128249267498106,0.128249267498106,0,0.739405929047695,1.15982701076507,0,0,0,0,0,0,0,0,0,0,0,0,0.343950654274358,0.128249267498106,0.128249267498106,0.343950654274358,0,0,0,0,0.128249267498106,5.6055665995727,0.241904606924285,3.42849871650331,0,0,0,0.343950654274358,0,0,0,0
"ola_mES_2i_2_19.counts",0,0.209113739616358,0,0,0,0,0,3.01655706899522,0,2.01655301336382,0,0,0,2.00095182952326,3.80832538260516,0,0.458350343198063,0,0,0.209113739616358,4.36838446129812,0,0,1.0510598742768,0,0.11001300895264,0.209113739616358,0.11001300895264,1.64606551982123,0.529307115789083,6.66603682936712,0,0,0,0,0,0,3.17913379897401,0.529307115789083,0,0,0,0.11001300895264,0,0.209113739616358,0.209113739616358,0,0,0.11001300895264,0,0.381971528299733,0,0,0.11001300895264,0,0,0,0,0.209113739616358,0.11001300895264,0.209113739616358,0,0,0,0,0,0.381971528299733,1.20172583475079,0.657696535155323,0,0,0,0.11001300895264,0,0,0,0,0,0.11001300895264,0,0,0,0.209113739616358,0.29927297007098,0,0,0,0,0.11001300895264,3.15463465843869,0.209113739616358,0,0,0.11001300895264,0,0,0,0.11001300895264,0,0
"ola_mES_2i_2_2.counts",0,0,0,0,0,0,0,0,1.24250138735009,0,0,0.685975145365533,0,4.1905131336027,0,0,0,0,0,2.00243860710828,0,0,0,0,0,0,0,0,1.93358355489296,4.99966354477922,0.685975145365533,0,0,0.400689471201423,0,0,0,4.44012000640877,5.55400396545742,0,0,0,0.400689471201423,0,0.400689471201423,0,0,0,0,0,0.400689471201423,0,3.97485664875442,0,0,0,0,0,0,0,0,0.685975145365533,0,0,0,0,4.94855014343708,0.400689471201423,0,0,0,0,0.400689471201423,0,0.685975145365533,0,0,0,0.400689471201423,0.400689471201423,0,0,0,2.98206113058472,0,0,2.4292112304222,0.400689471201423,0.685975145365533,5.1155886297754,1.08903809866359,0,3.54136638112733,0,0,0,0,0,0,0
"ola_mES_2i_2_20.counts",0,0.804275304903279,0,0,0,0,0,3.76102776463318,3.52445766672599,0,0,0,0,5.23156203577301,0,0,0.804275304903279,0,0,0.344789023460748,3.90358071763904,0,0,0,0,0,0,0.600694174921026,0.973339355139514,5.57309594059753,2.4599301009124,0,0,3.01305764646502,0.344789023460748,0,0,0.973339355139514,5.49506199238143,0.344789023460748,0,0,0,0,0.344789023460748,0,0,0,0,0,0.344789023460748,0,4.19658576749477,0,0,0,0,0.344789023460748,0,0.600694174921026,0,0,0,0.344789023460748,0.600694174921026,0.600694174921026,0.600694174921026,0,0.344789023460748,0,0,0,0,0.344789023460748,0.344789023460748,0.344789023460748,0,0,0,0.344789023460748,0.600694174921026,0,0.804275304903279,0.344789023460748,0.600694174921026,0,0,0,0.600694174921026,4.11262707941143,0,0,0,0,0,0,0,2.42412119783036,0,0.600694174921026
"ola_mES_2i_2_21.counts",0,0.724782792446439,0,0.493823668624833,0.192978349838996,0,0,5.48345353388714,0,0,0,0,0,4.95369922800911,0,0,0,0,0,1.2063964294679,3.03474420177342,0,0.493823668624833,0,0,0,0,0,1.9401770277165,0,1.32631475260844,0.192978349838996,0.192978349838996,0,0.192978349838996,0,0,5.80125628861061,4.70418493931987,0.192978349838996,0,0,0,0,0,0,0,0,0,0,0.354672088135292,0,0,0,0,0,1.3812796800324,0,0.192978349838996,0,0.192978349838996,0,0,0.354672088135292,0,0,1.65958538245891,0,0,0.822919921872337,0,0,0,0,0,0,0,0,0,0.354672088135292,0,0,0,0.493823668624833,0,0,0,0.192978349838996,0.354672088135292,3.85417920914503,0.354672088135292,0,0,0,0,0.192978349838996,0,0,0,4.4876217971295
"ola_mES_2i_2_22.counts",0,0.59018398309544,0,0,0,0,0,1.63637281965406,0,0,0,0,0,0.378170392233947,0,0.206856282194862,0.524383760788143,0,0,0,1.26069257588121,0,0,0,0,0,0,0,1.12110812483753,4.03826632800369,6.49132071178568,0,0,0,0,0,0,4.19192410890823,4.20057164473603,0,0,0,0,0,0.206856282194862,0.108767322235786,0,1.89164137142268,0,0,0.108767322235786,0,0.453946993156687,0,0,0,0,0,0.108767322235786,0.108767322235786,0.108767322235786,0,0.296177425385252,2.70157942754821,0,0.108767322235786,0.296177425385252,0.296177425385252,0,0,0,0,0,0,0,0.108767322235786,0,0.108767322235786,0,0,0.108767322235786,0.296177425385252,0.108767322235786,4.3371758313236,0,0,0,0,0.206856282194862,3.83204521578987,0.108767322235786,0.108767322235786,0,0,0,0,0,0,0.108767322235786,0
"ola_mES_2i_2_23.counts",0,0.336615155015053,0,0,0,0,0,0,0.0953556560543611,0,0,0,0,2.38921704166501,0.0953556560543611,0.26247970014109,0.336615155015053,0,0,0.26247970014109,0,0,0,0,0,0,0,0,1.66811260152685,2.93963559173088,5.58999158483362,0,0,0,0,0,1.98830597769958,0,4.20816593206692,0,0,0,0.0953556560543611,0,0,0.0953556560543611,0,0.0953556560543611,0,0,0.0953556560543611,0,2.66072469666129,0,0,0,0,0,0,0,0.0953556560543611,0,0,0,0.0953556560543611,0,6.32682757877948,0.405631844248609,0.0953556560543611,0.0953556560543611,0,0,0.336615155015053,0.0953556560543611,0.0953556560543611,0,0,0,0,0,0.0953556560543611,0,0.0953556560543611,0.182404928339295,0.26247970014109,0,0,0,0.26247970014109,3.61140452408108,2.39834994226151,1.94633884297443,0,0,0,0.336615155015053,0,0,0,0
"ola_mES_2i_2_24.counts",0,0.27277960872265,0,0,0,0,0,0,3.76660196952808,0.0994261534840189,0,0,0,3.18664978482793,0.0994261534840189,0,0.349351517265783,0,0,0.549137256917967,0,0,0,0,0,0,0,0.189854614477921,0.943148227858798,4.56568667435064,5.88894745413507,0,0,0,0,0,0,2.16742159354367,2.14319736321561,0,0,0,0.0994261534840189,0,3.19952185292203,0.0994261534840189,0,0,0.0994261534840189,0,0.0994261534840189,0,3.35332776376241,0,0,0,0,0,0.420474900537618,0,0,0,0.765424081548894,0,0.0994261534840189,0,5.79075395259913,0,0.0994261534840189,0,0,0,0,0,0,0.27277960872265,0,0,0,0.0994261534840189,0.27277960872265,0,0,4.3586074504234,0.549137256917967,0,0,0,0.0994261534840189,0,0,0,0,0,0,0,0,0,0,1.19386544671862
"ola_mES_2i_2_25.counts",0,0,0,0,1.42558018762469,0,0,0,0,0,0,0,0,2.39171987235809,0,0,0.856286684955637,0,0,0.372574954192484,0,0,0.64339718795672,0,0,0,0,0.64339718795672,2.30551533289077,2.92354986426809,5.5733034970312,0,0,0.64339718795672,0,0,1.62199976447507,3.89806601301769,2.64564634501661,0,0,0,0,0,0,0,0,0,0,0,0,0.64339718795672,3.82199456371644,0,0,0,0,0,0,0,0,0,1.03171332146558,0.372574954192484,0,0,5.62019637593888,0.64339718795672,0,2.544601347924,0,0,0.64339718795672,0,0,0.372574954192484,0,0,0,0,0,0,0,4.21681519769078,0.372574954192484,0,0,0.372574954192484,0.372574954192484,5.3010562759658,0,0,0,3.19770521942705,0,0,0,0,0,0
"ola_mES_2i_2_26.counts",0,0,0,0,0,0,0,3.72337847036975,0,0,0,0,0,0.514857887293929,0.370827963375833,0,1.02809508779137,0,0.202505558362262,0.202505558362262,0,0,0,0,0,0,0,0,1.78141811543332,5.0913925871077,0.202505558362262,0,0,0,0,0,0.514857887293929,5.25291958986803,4.10607866492944,0.202505558362262,0,0,0.202505558362262,0,0,0,0,0,0,0,0,0,1.1053237232561,0,0,0,0,0,0.202505558362262,0,0,0,0,0.202505558362262,0,0,0.514857887293929,0,0,0.202505558362262,0,0,0,0,0,0.202505558362262,0,0,0.202505558362262,0,0.202505558362262,0.370827963375833,0,5.84969343281586,0,0,0,0,0.202505558362262,5.23753385163738,0.370827963375833,0,0,0,0,0,0,0,0,0
"ola_mES_2i_2_27.counts",0,0.497585554965273,0,0,0.497585554965273,0,0,0,0,0,0,0.497585554965273,0,3.07416678503841,0,0,0.497585554965273,0,0,0.497585554965273,0,0,0,0,2.09090045948391,0,1.0764471048401,0.497585554965273,2.23875983558374,3.40164860157505,5.04818074672707,0.497585554965273,0,0,0,0,0,4.60162425476072,1.58278012062689,0.497585554965273,0,0,0,0,0.828329369766549,0,0,0,0.497585554965273,0,0,0.497585554965273,6.09132301029001,0,0,0,0,0,0,0.497585554965273,0.497585554965273,0,0,0.828329369766549,0,0.497585554965273,0.497585554965273,1.0764471048401,0,0,0,0,0.828329369766549,0,0,0,0,0,0,0,1.58278012062689,0,0,4.82146116950928,1.44071782555534,0,0,0.828329369766549,1.27507820751362,4.44049472493538,0.828329369766549,0.497585554965273,0,0,0,0,0,0,0,0
"ola_mES_2i_2_28.counts",0,0.248055871694106,0,0.44664739807458,0,0,0,4.7740573089443,0,0,0,0,0,4.42807817449775,0,0,0,0,0,0,1.65306677482331,0,0,0,0,0,0,0,2.3034855883273,2.27495461052848,4.55716687433117,0.612259521420845,0.248055871694106,0,0,0,0,2.63551179810092,5.22858822021627,0,0,0,4.22781964695506,0,0.612259521420845,0,0,0,0.248055871694106,0,0.44664739807458,0,4.26013890248142,3.01679272101534,0,0,0,0,0,0.87865434859282,0.248055871694106,0,0,0.248055871694106,0,0,0,0.248055871694106,0,0,0,0,0,0,0.248055871694106,0.44664739807458,0.248055871694106,0,0,0,0,0.248055871694106,3.92295403443864,0.248055871694106,0,0,0,0,0,5.60622427445089,0,0,0,0,0,0,0,0,0,0
"ola_mES_2i_2_29.counts",0,0.947381318944186,0,0,0,0,0,5.02768214975521,0,0,0.422856850820033,0,0,4.33418996315424,0,0,1.91537342519523,0,0,0,0,0,0,0,0,0,0.422856850820033,0.719122666963206,3.46737928854346,0,0.422856850820033,0,0,0,0,0,0,5.99658300437492,4.9107180267149,0.422856850820033,0,0,0.422856850820033,0,0,0,0,0.422856850820033,0,0.422856850820033,0,0,0,0,0,0,0,0,0,0,0.422856850820033,0,0,0.422856850820033,0,0,0,0.422856850820033,0,0,0,0,0,3.46737928854346,0,0,0.422856850820033,0,0,0,0.422856850820033,0,0,5.06159519958257,0.719122666963206,0,0,0,0.422856850820033,0.422856850820033,0.422856850820033,0,0,0,0,0,0,0,0.719122666963206,0
"ola_mES_2i_2_3.counts",0,1.26176392935434,0,0,0,0,0,3.39087708083142,0.611873053960459,0,0,0,0,3.36204417677866,0,0,0.988709514437032,0,0,0.611873053960459,2.61434211279111,0,0,0,0,0,0.988709514437032,0.611873053960459,0.611873053960459,5.06235465804083,5.74964826789546,0,0,0,0,0,0,4.55040651972465,5.09390550442565,0,0,0,0,0,3.16904714694644,0.611873053960459,0,0,0,0,0,0,4.13681919881566,0,0,0,0,0,0,0,0.611873053960459,0,0,0,0,0,0.611873053960459,0.611873053960459,0,0,0,0.611873053960459,0,0,0.988709514437032,0,0,0,0.611873053960459,0,0.611873053960459,0,0,4.00748660652765,0,0,1.4760270670944,0,0.611873053960459,3.80403362711653,0.988709514437032,0,0,0,0,0,0,0,0,0
"ola_mES_2i_2_30.counts",0,0.917251808353706,0,0,0,0,0,0.262734018585218,0,0,0,0.262734018585218,0,4.55756441630037,0,0,0.642612707506391,0,0,0.642612707506391,2.91386498567924,0,0,0,0,0,0,0.262734018585218,2.06826148868208,5.17999933203605,0.262734018585218,0,0,0,0.470604410279126,0,0,4.9076046831838,4.09258018611277,0,0,0,0,0,4.36722410621518,0,0,0,0,0.642612707506391,0,0,3.56260190839248,0,0,0,0,0,0.470604410279126,0,0,0,0,0.470604410279126,4.05161770973953,0,5.12793388194241,0.470604410279126,0.262734018585218,0,0,0,0,0,0.642612707506391,0,0.262734018585218,0,0.262734018585218,0,0.642612707506391,0,0.642612707506391,4.61868422781868,0,0,0,0.262734018585218,0,4.14153087680956,0.262734018585218,0,0,0.262734018585218,0,0,0,0,0,0.470604410279126
"ola_mES_2i_2_31.counts",0,0.970530500811152,0,0,1.11487280953989,0,0,0,0,0,0,0,0,3.81247434775684,0,0,1.45364654314938,0,0,0,0,0,0,0,0,0,0,0.801781021562741,2.45579856562993,5.35108089109278,5.43314914281534,0,0,0,0,0,0,2.21884704134939,3.33395940971888,0,0,0.343473432080196,0.343473432080196,0,0,0.343473432080196,0,0,0,0,5.62779800569853,0.343473432080196,0,0,0,0,0,0,0,0,0,0,0.343473432080196,0.343473432080196,0,0.343473432080196,0.598656337139023,0.801781021562741,0.343473432080196,0,0,0,0,0,0.343473432080196,0.343473432080196,0.343473432080196,0,0,0,0,0.343473432080196,0,1.3529579408523,0.343473432080196,0,0,0.343473432080196,0.343473432080196,5.17280990202708,0,0,0,0,0,0.343473432080196,0,0,0,0
"ola_mES_2i_2_32.counts",0,0.936056890105215,0,0,0,0,0,0,0,0,0,0,0,2.27000810141631,0,0,0.806442653022431,0,0,0.270012939490848,3.35299910676783,0,0,0,0,0,2.09550830540622,0.270012939490848,2.27000810141631,5.56836106751558,5.91233444726641,0,0,0,0,0,0.270012939490848,4.82328187986822,3.69802842291584,0.482403187395404,0,0,0,0,0,0,0,0.270012939490848,0,0,0.270012939490848,0,4.54652786655529,0,0,0,0,0,0,0,0.270012939490848,0,0,0.270012939490848,0,0,2.57179316536287,0.482403187395404,0.270012939490848,0,0,0,0,0.482403187395404,3.52217615050571,0,0,0,0,0,0,0.270012939490848,0,1.48382829660831,0.270012939490848,0,0,0,0.270012939490848,1.67517689066396,0.657491092316399,0.270012939490848,0,0,0,0,0,0.270012939490848,0,0
"ola_mES_2i_2_33.counts",0,0.821489976431331,0,0,0,0,0,0,0,0,0,0,0,3.6019259793275,0.492830279546912,1.80755758610465,0,0,0,1.26631943457898,0,0,0,0,0,0.492830279546912,0.821489976431331,0.492830279546912,3.25195325785814,0.821489976431331,5.48268036260234,0,0,0,0,0,0,4.02136285417392,0.821489976431331,0,0,0,0,0,0.492830279546912,0.492830279546912,0,0,0.492830279546912,0,0,0,0.492830279546912,0,0,0,0,0.492830279546912,0,1.57311744808914,1.4314382131363,0,0,0.492830279546912,0,0,0.492830279546912,0,0,0,0,0,0,0.492830279546912,0,0.492830279546912,3.71667428727816,0,0,0,0,0,0.821489976431331,0.821489976431331,0,0,0,0.492830279546912,0.492830279546912,6.34750075206455,0.821489976431331,0,0,0,0,0,0,1.26631943457898,0,0
"ola_mES_2i_2_34.counts",0,1.99954516216742,0,0,2.15904206495528,0,0,4.24800250983934,0,0,0,0,0,1.99954516216742,0.822919921872337,0,2.15904206495528,0,0,0,2.71128039772254,0,2.41744061792631,0,0,0,0.822919921872337,0,3.56904690584758,5.15568060618549,0.822919921872337,0,0.822919921872337,0,0,0,1.26815206553509,1.57513992864223,4.77488601634704,0,0,0,0.822919921872337,0,0,0,0,3.12286552775286,0,0,0,0,5.28016510079369,0,0,0,0,0,0,0,0.822919921872337,0,0,0.822919921872337,0,0,3.82209550328092,0.822919921872337,0.822919921872337,0,0,0,0.822919921872337,0,0.822919921872337,0.822919921872337,0.822919921872337,0,0.822919921872337,0,1.26815206553509,0,1.26815206553509,3.06498905231738,0.822919921872337,4.21081175216321,0,0.822919921872337,0,5.15568060618549,0,0,0.822919921872337,0,0,0,0,0,0,0
"ola_mES_2i_2_35.counts",0,0.325636217279934,0,0,0,0,0,0.176014823746269,0.853218930317655,0,0,0,0,1.49609075120584,0,0,0.176014823746269,0,0.325636217279934,0.932024654557982,3.50074426411177,0,0,0,0,0,0,0,1.65518080485586,5.19286703418039,0.570879508092582,0,0,0,0,0,0,5.26504872754557,2.63149554389365,0,0,0,0.176014823746269,0,0.176014823746269,0,0,0,0,0,0.176014823746269,0,5.4588776817529,0,0,0,0,0,0,0,0,0,0,3.10738932160904,0,0,0,0.325636217279934,0,0,0,0,0.325636217279934,0,0,0,0,0,0,0,0,0,0.176014823746269,4.75600954979791,0,0,0,0,0.570879508092582,4.11163078053235,0.4557571315683,0,0,0.176014823746269,0,0.176014823746269,4.8948652425745,0.176014823746269,0,1.69129102510328
"ola_mES_2i_2_36.counts",0,0.198710302755897,0,0,0.841123640111805,0,0,0,0,0,0,0,0,0.36440493764805,0.198710302755897,0,0.36440493764805,0,0,0,0,0,0,0,0,0,0,0.36440493764805,0.841123640111805,5.18156987388998,5.43834593494451,0,0,0,0,0,3.7297401377077,5.32836159455751,0,0.198710302755897,0,0,0,0,0,0,0,0,0,0,0.198710302755897,0,0.198710302755897,0,0,0,0,0,2.23574892439271,0,0,3.45871112182911,0,0,0,0.36440493764805,0,0.506507675569621,0,0,0,0,0,0,0.198710302755897,0.198710302755897,0,0,0.198710302755897,0,0,0,0.198710302755897,5.70805923989052,0.36440493764805,0,0,0.198710302755897,0.36440493764805,0,0.198710302755897,0,0,0,0,0.198710302755897,0,0,0.198710302755897,0
"ola_mES_2i_2_37.counts",0,0.338773733609492,0,0,0,0,0,0,0,0,0,0,0,4.45058930611118,0,0,1.34092575609004,2.15886370946377,0,0.338773733609492,0,0,0,0,0,0,0,0,1.83129030798469,0,6.11057286905896,0,0,0.338773733609492,0,0,0.338773733609492,5.1635870988779,5.01192478492613,0,0,0,0,0,0.338773733609492,0.338773733609492,0,0,0.591364486250003,0,0,0,0,3.52825625978106,0,0,0,0,0,0,0,3.2886425903703,0,0,0,0,0,0,0,0,0,0,0.591364486250003,0,0,0.338773733609492,0.591364486250003,0,0,0.338773733609492,0,0.338773733609492,0.338773733609492,0,0,0,0,0,0,2.00843050603665,0,1.1039742318095,3.89149108000066,0,0,1.83129030798469,0,0,0,0
"ola_mES_2i_2_38.counts",0,0,3.14596928061667,0,0,0,0,0,0,0,0,0,0,2.84352122270054,0.202670288048427,0,0.515219461537873,0,0,0.641155987528628,5.1195182439405,0,0,0,0,0,0,0,1.85505451930578,3.9976708380709,4.27033982698912,0,0,0,0,0,0,4.81942419611783,4.01808379257646,0,0,0,0,0,0,0,0,0,0,0,0,0,0,0,0,0,0,0,0,0,0.515219461537873,0,0,0,0,0.202670288048427,6.05038340526378,0,0,0.202670288048427,0,0,0,0.202670288048427,0,0.202670288048427,0,0,0,0,0.202670288048427,0,1.17763482628248,3.16511760001348,0.202670288048427,0,0,0,0.371106367516387,3.05495239147025,0.515219461537873,0,0,0,0,0.202670288048427,2.76178864267439,0,0,0
"ola_mES_2i_2_39.counts",2.13493581730597,1.24861186249299,0,0,0,0,0,0,0,0,0.977197978595623,0,0,4.24514011106926,0,0,0,0,0,1.91684950653218,0.603496185159205,0,0.603496185159205,0,0,0,0,1.24861186249299,4.10515310269507,6.40107322666414,3.90965068250926,0.603496185159205,0.603496185159205,0.603496185159205,0,0,0.977197978595623,3.85853832640521,4.44859873808912,0,0,0,0,0,0,0,0,0,0.603496185159205,0,0,0,0.603496185159205,0,0,0,0,0,1.46186593206537,0,0,0,0.603496185159205,0,0,0.603496185159205,0,0,0,0.603496185159205,0,0,0,0,0,0,0,0,0,0.603496185159205,0,0.603496185159205,0.603496185159205,3.21993574348619,0,0,0,0,0.603496185159205,3.34429235937198,0.977197978595623,0,0,0.603496185159205,0,0,0,0,0,0
"ola_mES_2i_2_4.counts",0,0.241278996885236,0,0,0,0,0,0,0,0,0,0.435510671142881,0,1.74568981432239,0,0.0870568553078495,0,0,0,0.646887013175137,1.5915232598414,0,0,0,0,0.0870568553078495,0.0870568553078495,0.0870568553078495,2.79000261628742,6.06580836686004,6.003083612749,0,0,0,0,0,0,3.44617735613731,2.89592500407771,0,0,0.0870568553078495,0,0,0,0.167138043019871,0,0,0,0.0870568553078495,0.167138043019871,0,4.02912907923423,0,0,0,0,0,0,0,0,0,0,0,0,0,0,0.167138043019871,0,0,0,0,0,0,0,0,0,0,0,0,0,0.0870568553078495,0.0870568553078495,2.86011445210102,0,0,0,0,0.0870568553078495,3.05366303272271,0,0,0,0,0,0,0,0,0,0.0870568553078495
"ola_mES_2i_2_40.counts",0,0.236979732261374,0,0.125493425112335,0,0,0,0,3.04719302283314,0,0,0,0.125493425112335,0,1.37157905223369,0,0.904535858985758,0,0,0.125493425112335,4.97583334594546,1.88944924392459,0,0,0,0.125493425112335,0,0.125493425112335,1.61168168290827,4.90509054194957,5.75027532294544,0,0,0,0,0,0,5.54510170872627,4.66432798137837,0,0,0.125493425112335,0,0,0,0.125493425112335,0,0.125493425112335,0,0,0.236979732261374,0.125493425112335,0.337274161283274,0,0,0,0,0,0,0,0.125493425112335,0,0,0,0.125493425112335,0,0,0,0,0,0,0,1.0549766204126,0,0,0,0,0,0.125493425112335,0,0,0,0,0,0.236979732261374,0,0.789987749819063,0,0,2.25730460705658,0.236979732261374,0,0,0,0,0,0,0,0,0
"ola_mES_2i_2_41.counts",0,1.12495661068819,0,0,2.23219833764282,0.712970200620773,0,0,0,0,0,0,0,2.71075065974371,0,0,0.712970200620773,0,0,0,0,0,0,0,0,0,0,0,1.97965568232051,1.12495661068819,4.59273226025464,0.418724019522466,0,0,0.712970200620773,0,0,4.70233653454236,5.9884999385868,4.67846027678042,0,0,0,0,0,0,0,0.712970200620773,0,0,0,0.418724019522466,0,0,0,0,0,0,0.940031634169421,0.712970200620773,0.940031634169421,0,0.418724019522466,0,2.38696256575047,0,4.41453334158418,0.712970200620773,0.418724019522466,0,0,0,0,0,0.418724019522466,0,0,0,0,0,0,0.940031634169421,0,4.46364616163673,0.418724019522466,0,0,0.712970200620773,0.712970200620773,0.418724019522466,0.940031634169421,0,4.09903971098809,0,0,0,0.418724019522466,0,0,0.418724019522466
"ola_mES_2i_2_42.counts",0,0.184377887475235,0,0,1.07276999743059,0,0,0,0,1.23245577404576,0,0,0,4.33624608466964,0,0,0.265210366997559,0,0,0,3.69834554360493,0,0,0,0,0,0,0.0964323388823358,1.07276999743059,4.70075458319332,0.339994790358924,0,0,0.0964323388823358,0,0,0,1.9984767480857,3.95749680775392,0,0,0,0.184377887475235,0,0,0,0,0,0,0,0.184377887475235,0,5.28315850595927,0,0,0,0,0,0,0,0.184377887475235,0,0,0,0,0,0,0,0.0964323388823358,0,0,0,0,0,0.0964323388823358,0,0,0.0964323388823358,0,0,0.0964323388823358,0,0.474624441184489,6.24174770209374,0,0,0,0,0.339994790358924,0,0.0964323388823358,0.0964323388823358,0,0,0,0,0,0,0.0964323388823358,0
"ola_mES_2i_2_43.counts",0,0.775485480356292,0,0,0,0,0,0,0.256896683462296,0,0,0,0,2.11899735707764,0,0,0,3.28751401522461,0,0.775485480356292,3.05451502649157,0,0,0,0,0,0,1.0143133186067,1.44031533213,5.3574784277893,5.12197788143163,0.461103566819861,0,0,0,0,0,3.64282938132061,3.3913265243156,0,0,0,0,0,0.256896683462296,0,0,0,0,0,0,0,2.08316920743694,0,0,0,0,0,0,0.256896683462296,0,0,0,0.256896683462296,2.21936902904859,0,0,0,0,0,0,0,0,0,0,0,0,0,0,0,0,0.256896683462296,0,1.62938985603417,0.256896683462296,0,0,0,0,6.16069923211945,0,0,0,0,0,0,0.775485480356292,0,0,0
"ola_mES_2i_2_44.counts",0,0.320581610563707,0,0,1.29349425595402,0,0,0,0.562957568655454,0,0,0,0,0,0,0,0.320581610563707,0,0.320581610563707,1.48191370772216,0,0,0,0,0,0.562957568655454,0,0.320581610563707,3.08127179440002,5.42329041540489,6.25798175531619,0,0,0,0.757898264138534,0,0.320581610563707,2.38196475166491,0.562957568655454,0,0,0,0,0,0.562957568655454,0.320581610563707,0,0,0,0,0,0,0,0,0,0,0,0,0,0,0.320581610563707,0.320581610563707,0,4.84002419099596,0.320581610563707,0.320581610563707,0.320581610563707,0.320581610563707,0,0,0,0,0,0,0,0,0,0,3.19587716599458,0,0,0,0,0.757898264138534,0.562957568655454,0,0,0,0.562957568655454,3.92960004647673,0.562957568655454,0.320581610563707,0,0,0,0,0,0,0,1.83912088163114
"ola_mES_2i_2_46.counts",0,1.76987675797855,0,0,1.23403582944467,0,0,0,5.20404236504744,0,0,0,0,4.86172339312528,0,0,1.89939013342042,0,0,1.23403582944467,3.55794209666646,0,0,0,0,0,0,0.964462275547521,3.09575388727964,4.94599287145721,4.29374526622629,0,0,0.594259179407737,0,0,0,0,5.51570411951006,0,0,0,0.964462275547521,0,0,0,0,2.57834573741219,0,0,0.594259179407737,0,4.29374526622629,3.13181722126164,0,0,0,0,0,0,1.23403582944467,0,1.44615474904357,0,0,0,0,1.76987675797855,0,0.594259179407737,0,0,0.594259179407737,0,0.594259179407737,0,0,0,0.594259179407737,0,2.01403684465442,0.594259179407737,0.964462275547521,0.594259179407737,0,0,0,0.964462275547521,0,0,0.964462275547521,3.16662513452432,0,0,0,0,0,0,0,0
"ola_mES_2i_2_47.counts",3.74468653218743,0.747994981059614,0,0,0,0,0,0,0,0,0.116573380260625,0,0,2.74659859415507,0,0,0.687692170752181,0,0,0.116573380260625,0,0,0,0,0,0,0,0,0.481314298142221,5.54593059180181,6.40212713707538,0.116573380260625,0,0,0,0,0,1.17109395676885,4.29496130424606,0,0,0,0,0,0.116573380260625,0,0,0,1.20870934367261,0,0.116573380260625,0,0,0,0,0,0,0.116573380260625,0,0,0.220965116944448,0,0.220965116944448,0,0,0,0,0.116573380260625,0,0,0,0,0,0.116573380260625,0,0,0.554941889475735,0.687692170752181,0,0,0.623518244172931,0.401831743252268,0,0.116573380260625,0.747994981059614,0,0,0.116573380260625,0.401831743252268,0,0.401831743252268,0,0,0,0,0.116573380260625,0,0,0.116573380260625,0
"ola_mES_2i_2_48.counts",0,0.114070659509989,0,0,0.114070659509989,0,0,0,0,0,0,0,0,4.34384308285447,0,0,3.43289522883689,0,0,0.114070659509989,5.7071905481171,0,0,0,0,0.114070659509989,0.216451319364341,0.394286376874193,1.88072238040041,0,3.29056009304529,0,0.114070659509989,0,0.216451319364341,0,0.216451319364341,1.7426430072667,4.61679400535483,0,0,0,0,0,0,0,0,0,0,0,0.216451319364341,0,0,0,0,0,0,0,3.25390514379077,0,0.30931681336857,0,0.114070659509989,0,0,0.114070659509989,0,0.216451319364341,0,0,0,0,0,0,0.30931681336857,0,0,0,0.216451319364341,0.676331870256147,0,0,0.114070659509989,0.216451319364341,0,0,0,0,0.30931681336857,5.76792670589193,0,0,0,4.69818853728778,0,0,0,0,0,0
"ola_mES_2i_2_49.counts",0,0.669049628980885,0,0,0,0,0,0,0,0,0,0,0,1.21815743931789,0,0,1.57059807911784,0,0,0.887303195000903,0.389464766761723,0,0,0,0,0,0,0,1.83067488547773,6.41898619867267,2.30733569575264,0,0,0,0,0,0,3.59011092013826,3.90341463089155,0.389464766761723,0,0,0,0,0,0,0,0,0,0,0,0,0,0.389464766761723,0,0,0,0,0,0,0.389464766761723,0,0,0,0,0,4.51085950651685,0.669049628980885,0.669049628980885,0,0,0,0.389464766761723,0,0,0,0,0,0,0,0.669049628980885,0,0,5.21932569364548,0.389464766761723,0,0,0,0,0.669049628980885,0.389464766761723,0,0,0,0,0,0,0,0,0
"ola_mES_2i_2_5.counts",0,1.00653760972193,0,0,0,0,0,0,0,0,0.298044859487328,0,0,4.17267640549201,0.298044859487328,0,1.64222773525709,0,0,0.527354925717201,0.298044859487328,0,0,0,0,0,0,0.298044859487328,3.05111441940558,4.92079162712911,1.00653760972193,0,0,0.713766467762681,0,0,0,4.90032427327857,5.17442193822269,0,0,0,0,0,0.713766467762681,0.298044859487328,0,0.527354925717201,0.298044859487328,0,0.298044859487328,0.527354925717201,0,0,0,0,0,0.527354925717201,0,0,0,0,0.298044859487328,0,0,0.298044859487328,0,0.298044859487328,0.298044859487328,0,0,0,0,0,0,0,0,0,0.298044859487328,0,0.298044859487328,0,1.82589247559751,5.66709928001864,0.298044859487328,0,4.76490050871144,3.49482264110156,0,0,0.527354925717201,0,0,0,0,2.49412330489292,0,0,0,0
"ola_mES_2i_2_50.counts",0,0,0,0,0,0,0,0,0,0,0,0,0,5.14572530051084,0,0,2.59929225063471,0,0,1.92582490725913,0,0,0,0,0,0,0,0,4.38353648328958,1.81290190580186,1.53965980337245,0,0.549623593306973,0,0,0,0,6.03336727610561,4.48764810529099,0,0,0,0,0,0.549623593306973,0,0,0,0,0,0.902273534459768,0,1.81290190580186,0,0,0,0,0,0.549623593306973,0,0,0,0.549623593306973,0,0,0.549623593306973,0.549623593306973,0,0,0,0,0,0,0,0,0,0,0,0,0,0.549623593306973,0,0,5.21575163746122,0,0,0,0,0,0,0.902273534459768,0.549623593306973,0,0,0,3.13453819291178,0,0,0,0
"ola_mES_2i_2_51.counts",0,0.293203428589307,0,0,0,0,0,0,0,0,0,0,0,2.81888124568466,0,0,0.22756307236124,0,0,0.081744835744067,0,0,0,0,0,0,0,0.081744835744067,1.40276780651073,0,6.56746280735743,0.081744835744067,0.081744835744067,0,0,0,0,0,2.40253063338496,3.02071569855164,0,0,0,0,0,0,0,0.081744835744067,0,0,0.157309472394253,0,0.157309472394253,0,0,0,0,3.50247803573604,1.02559575754304,0,0.157309472394253,0.22756307236124,0,0,0,0.081744835744067,5.01502089326537,0,0,0,0,0,0,0,0,0,0,0,0.22756307236124,0,0,0,0.081744835744067,0,0,0,0,0,0.081744835744067,4.02580790206014,0,0,0,0.081744835744067,0,0,0,0,0,0
"ola_mES_2i_2_52.counts",0,1.09120092599847,0,0,0,0,0,0,0,1.42660989829835,0,0,0,2.77456461697471,0,0,2.18733050369102,0,0.333302661859934,0,4.76471317277034,0,0,0,0,0.333302661859934,0.582851864616271,0,2.64289264170519,3.58921646011403,5.17854263358885,0,0,0,0,0,0.948672141377195,1.51735038241261,4.45489910159059,0,0,0.582851864616271,0,0,0.333302661859934,0,0,0,0,0,0.333302661859934,0,6.02866734199132,0,0,0,0,0,0,0,0.782397610180758,0,0,4.77477942604964,0,0,0,0,0,0,0,0,0,0,0,0.333302661859934,0,0,0,0.333302661859934,0,0.333302661859934,0,0.333302661859934,1.09120092599847,0,0,0,0.582851864616271,0,0.333302661859934,0,0,0,0,0,0,0,0,0
"ola_mES_2i_2_53.counts",0,0,1.6537902170507,0,0,0,0,0,2.63396517937938,0,0,0,0,4.56670224760878,0,0,0.403640138709082,0,0,0,4.58208629859577,0,0,0,0,0,0,0.403640138709082,0.55726878639578,6.20009352337696,1.00811398411058,0,0,0,0,0,0,4.16126556125359,5.329672915113,0,0,0,0,0,0.222048969384933,0,0,0,0.222048969384933,0,0.222048969384933,0,2.9652115468522,0,0,0,0,0.222048969384933,0,0.55726878639578,0.222048969384933,0,0,0.55726878639578,0,0.222048969384933,0.690408475997401,0.222048969384933,0,0,0,0,0,0,0.913003385187073,0,0,0,0.222048969384933,0,0.222048969384933,0,0,0.55726878639578,0,0,0,0.222048969384933,0,0.807886747635744,0.222048969384933,0,0,0,0,0,0,0,0,0
"ola_mES_2i_2_54.counts",0,0.680576112051456,0,0,0.680576112051456,0,0,0,0,0,0,0,0,4.15522963213019,0,0,0.796952557085343,0,0,0,0,0,0,0,0,0,0,0,2.88708244856715,5.28556423888834,6.08871318260796,0,0,0.115003090142987,0,0,0,4.13006888119604,2.36351794417858,0,0,0,0.115003090142987,0,0,0,0,0,0.218134071719754,0,0.115003090142987,0,0,0,0.115003090142987,0,0,0,0,0,0.218134071719754,0.218134071719754,0.115003090142987,0.115003090142987,0,0.218134071719754,0.218134071719754,0.218134071719754,0,0,0,0,1.26959620295022,0,0,0,0,0,0,0,0.218134071719754,0,0.115003090142987,0.218134071719754,0,0,0,0,0,5.32489877256529,0.115003090142987,0,0,0,0,0,0,0.115003090142987,0,0
"ola_mES_2i_2_55.counts",0,0.448276073539972,0,0,0,0,0,0,0,0.448276073539972,0.448276073539972,0,0,5.30723674636971,0,0.448276073539972,0.756695392498665,0,0,0.448276073539972,5.09577463333998,0,0,0,0,0,0.756695392498665,0.756695392498665,2.63970353319186,5.53219048000291,1.1824764357672,0,0.448276073539972,0,0.448276073539972,0,0,3.43325711757238,5.01277478354445,0,0,0,0.756695392498665,0,0.448276073539972,0.448276073539972,0,0,0,0,0.448276073539972,0.992077965547597,3.37692323353951,0,0,0,0,0,0,0,0.448276073539972,0.756695392498665,0,0,2.91960346520159,0.448276073539972,3.56959642525175,0,0,0,0,0,0,0.756695392498665,0,0,0,0,0.448276073539972,0,0,0.756695392498665,0,4.47207825722474,0,0,0.992077965547597,0,1.34235665808847,0.756695392498665,0.448276073539972,0,0,0,0,0.448276073539972,0,0,0,0
"ola_mES_2i_2_56.counts",0,0,0,0,0,0,0,0.607654868118844,0,0,0,0,0,2.43812116387095,0,0.607654868118844,0,0,0,0.349289881841271,0,0,0,0,0,0,0.607654868118844,0,2.80143291391366,6.05679184570756,0.812786537521621,0.349289881841271,0,0,0,0,0,0.607654868118844,0,0,0,0,0.349289881841271,0,0.349289881841271,0,0,0,0,0,0,0.349289881841271,4.13444388765318,0,0,0,0,0.349289881841271,0.349289881841271,0,0,0,0.349289881841271,0,0,0,1.128268498251,0.812786537521621,4.40287796102403,0,0,0,1.36772842699736,0,0,0,0,0,0,0,0,0,0,4.86570617869267,0.349289881841271,0,0,0,0.349289881841271,5.5662488170403,0.607654868118844,0.607654868118844,0,0,0,0,0,0,0,0
"ola_mES_2i_2_57.counts",0,0.721651021990658,0,0,0,0,0,0,0,0,0.533693324082665,0,0,0.721651021990658,0,0,0.879808156583463,0,0,1.719891220574,3.27290444395329,0,0,0,0,0.302035548351311,0,0,1.89337532371143,4.32281475741157,6.34024984581794,0.302035548351311,0,0.879808156583463,0,0,0,4.04418886811551,2.88621015634994,0.302035548351311,0,0,3.25945180887647,0,0.721651021990658,0.302035548351311,0,0.302035548351311,0,0,0.302035548351311,0.721651021990658,0.879808156583463,0,0,0,0,0,0,0,0.302035548351311,0,0,0,1.719891220574,0,0.721651021990658,0,0,0.302035548351311,0,0,0,0,0,0,0,0,0.302035548351311,0,0,0.879808156583463,0.302035548351311,5.14141608075402,0,0,0,0,0.302035548351311,3.60041812274272,0,0,0,0,0,0.302035548351311,0,0,0,0
"ola_mES_2i_2_58.counts",0,0.630461505044846,0,0,0,0,0,4.54143953755499,3.2309837788297,0,0,0,0,2.36680328464713,0,0,0.630461505044846,0,0,0,4.36435679724938,0,0,0,0,0.25683034103317,0,0.25683034103317,3.04033043829184,5.6799926998707,1.5700180579308,0,0,0,0,0,0,3.70207892579086,5.05859311493881,3.40085569322987,0,0.25683034103317,0,0,0,0,0,0,0,0,0.25683034103317,0,0,0,0,0,0,0,4.04694800924861,0,0.25683034103317,0,0,0,0.25683034103317,0,0.630461505044846,0.775327482567142,0,0,0,0,0,0.25683034103317,0,0,0,0,0,0,0,0.460995387430201,0,2.73101531688178,0.901838334620016,0,0,0,2.39389420050957,5.12168675976692,0,0,0,0,0,0,0,0,0,0
"ola_mES_2i_2_59.counts",0,0.657640492103036,0,0,0,0,0,0,0.873528872536073,0,0,0,0,4.35740427155394,0,0.144133901583787,0,0,0.144133901583787,0.144133901583787,4.12098900921144,0,0,0,0,0,0,0.144133901583787,2.8222091064652,2.76529474387723,0.734898975240167,0.144133901583787,0,0,0,0,0,6.25575004175337,5.40863071294441,0,0,0,0.144133901583787,0,0,0.144133901583787,0,0.270086310561401,0,0,0,0,0.270086310561401,0,0,0,0,0,0.144133901583787,0,0.144133901583787,0.144133901583787,0,0,0,0,0.482521847603139,0.657640492103036,0.270086310561401,0,0,0,0,0,0,0,0,0,0.144133901583787,0,0,0,0,0.144133901583787,0,0,0,4.03430923702054,0.144133901583787,3.25660466843253,0.38193461069797,0,0,0,0,0.270086310561401,0,0,0.144133901583787,0
"ola_mES_2i_2_6.counts",0,0.242494084437933,0,0,0.863783459246928,0,0,0,0.863783459246928,0,0,0,0,3.04608934496974,0.437511054592856,0,0,0,0,0.437511054592856,2.50563794039576,0,3.26755098582264,0,0,0.437511054592856,0.437511054592856,0,0.242494084437933,6.26577064880757,1.07191437371773,0,0,0,0,0,0,3.23568221138775,3.05905229741113,0,0,2.41176924422592,0,0,0.242494084437933,0.242494084437933,0,0,0.437511054592856,1.45700547749556,0.242494084437933,0,2.68928764745098,0,0,0,0,0,0,0,0,0,0,0,0,0,0.242494084437933,0.242494084437933,0,0,0,0,0,0,0.242494084437933,0,2.65129204291476,0,0,0,0.437511054592856,0,0.242494084437933,5.23289151441734,0,0,0,0,0,0,0,0,0,4.61945840090326,0,3.44874969534881,1.87002740356441,0,0,0
"ola_mES_2i_2_60.counts",0,0.715440862403701,0,0,0,0,0,0,0.139151580489542,2.88316292961457,0,0,0.468247833737046,3.99451487856814,0,0,1.0787081333755,0,0,0.261284139803434,1.0787081333755,0,0,0,0,0,0.139151580489542,0.139151580489542,2.45102054264457,0,1.02660759189711,0,0,0.139151580489542,0,0,0,4.93197463085966,3.71386333803289,0,0,0.139151580489542,0.370110704311148,0,0.139151580489542,0,0,0,0,0.261284139803434,0.139151580489542,0,3.27827650580123,0,0,0,0,0.139151580489542,0,0,0.139151580489542,0,0.785902455734667,0,0.139151580489542,0,6.33108255788521,0.557608912648821,0.139151580489542,0,0,0,0,0,0.261284139803434,0,0,0,0,0.139151580489542,0,0.370110704311148,0,4.88230640093789,0,0,0,0.261284139803434,0.370110704311148,2.17059668033133,0.261284139803434,0,0,0.139151580489542,0.139151580489542,0.139151580489542,0,1.17541111602825,0,0
"ola_mES_2i_2_61.counts",0,0.556208629613808,0,0,0,0,0,0,0,0,0,0,0,3.69044073468089,0,0,0.316286883033444,0,0,1.55185924223159,4.51932695761595,0,0,0,0,0,0,0.556208629613808,0.911517453121497,5.76076836479645,1.17314534053068,1.4697652517875,0,0,0,0,2.33220168367214,0,3.04876512546221,0,0,0,0,0,0.316286883033444,0,0,0,0.316286883033444,0,0.316286883033444,0,0,0,0,0,0,0.316286883033444,0.316286883033444,0,0.316286883033444,0,0,0,0,0,5.96363289831119,0,0,0,0,0,0.316286883033444,3.40179244267347,0,0,0,0,0,0,0,0.749561269840037,0,2.76512042763226,0,0,0,0.316286883033444,0.749561269840037,4.30795872582018,0,0.556208629613808,0,0,0,0,0,0.316286883033444,0,0
"ola_mES_2i_2_62.counts",0,0,0,0,0,0,0,0,0,0,0,0,0,2.20616318433703,0,0,1.39384156675527,0,1.80014174798086,3.41091432861442,0,0,0,0,0,0,0,0.698184974589903,2.49412330489292,6.22263639132405,4.31398028479096,0,0,0,0,0,4.31398028479096,2.40703610426903,4.30037278131704,0,0,0,0,0,0,0,0,0,0,0,0,0,4.15302631948734,0,0,0,0,0.698184974589903,0,0,0,0.698184974589903,0.698184974589903,0,0,0,0,1.61748624561693,0,0,0,0,0,0,0,0,0,0,0,0,0.698184974589903,0,0,0.698184974589903,0,0,0,0,0.698184974589903,4.92263168947437,0,0,0,0,0,0,0,0,0,0
"ola_mES_2i_2_63.counts",0,0.532529313749851,0,0,0,0,0,0,0,0,0,0,0,3.26124711088077,0,0,0,0,0,0.661474096040382,0,0,0,0,0,0,0.384461572480841,0,0.384461572480841,4.98269103400577,5.82951493788064,0,0,0,0,0,0,4.23380750014394,5.08058868762119,0,0,0,0,0,0,0.210594441024959,0,0,0,0,0,0,0.210594441024959,0,0,0,0,0,3.24310865629258,0,0.210594441024959,0.878160844088953,0,0,0,0,0,0,0,0.210594441024959,0,0,0,0,0,0,0,0,0,0.210594441024959,0,0,0.210594441024959,0.210594441024959,0.210594441024959,0,0,0.210594441024959,0,5.35201365516277,0.210594441024959,0,0,0,0,0,3.08477900552573,0.775675166945298,0,0
"ola_mES_2i_2_64.counts",0,0,0,0,0,0,0,0,0,0,0,0,0,4.41041350213784,0,0.505809773756837,1.09023850681551,0,0,0.972980891853428,4.56910288926686,0,0,0,0,0,0,0.505809773756837,3.73328685012827,5.68678341861633,3.45354454230624,0,0,0.505809773756837,0.284550115717065,0,0,5.01356713424846,5.54686042099524,0,0,0,0,0,0,0,0,0.284550115717065,0.284550115717065,0,0.284550115717065,0,0,0,0,0,0,0,2.14835760530162,0,0,0,0,0,0.284550115717065,0,0.505809773756837,0.284550115717065,0,0,0,0,0,0,0,0.284550115717065,0.284550115717065,0,0.284550115717065,0,0,0.284550115717065,0,2.44523378264005,0.686873427111066,0,0,0,0.284550115717065,3.19337907074116,0.505809773756837,0,0,0,0,0,0,0,0,0
"ola_mES_2i_2_66.counts",0,0.107214838796075,0,0,0.0550436094263841,0,0,0,0,0,0,0,0,1.01312244995907,0,0,0.156798661482375,0,0.107214838796075,0.0550436094263841,0,0,0,0,0,0,0,0.0550436094263841,1.05339202367847,3.82217456939303,6.53955717122195,0.0550436094263841,0,0,0,0,0,3.14337537340977,4.05230836070341,0,0,0.0550436094263841,0,0,0.0550436094263841,0.107214838796075,0,1.07293458261236,0,0,0,0,3.47833166086974,0,0,0,0,0,0,0,0.107214838796075,0.0550436094263841,0.0550436094263841,0,0,0,0,0.107214838796075,0.992362757326862,0,0,0,0,0,0,0.0550436094263841,0,0,0.0550436094263841,0.0550436094263841,0,0,0,0.0550436094263841,0.107214838796075,0,0,0.107214838796075,0,3.31560891876052,0,0,0,4.78561885678268,0,0,0,0,0,0
"ola_mES_2i_2_67.counts",0,0.331907048058042,0,0,0.179661063526378,0,0,0.179661063526378,0,0,0,0,0,5.40453649794173,0,0.464007534639716,1.08792758076695,0,0,0.464007534639716,4.30960036576637,0,0,0,0,0,0,0.331907048058042,2.11408823979405,0.331907048058042,1.08792758076695,0,0,0.179661063526378,0,0,0.179661063526378,3.98426036186235,4.30163391003417,0,0,0,0,0,0,0,0,0,0,0,0,0,2.06539431395357,0,0,0,0,0,0.331907048058042,0.179661063526378,0.331907048058042,2.82978062083477,0,4.43146559817746,0.179661063526378,0,0,0.179661063526378,0,0,0,0,0.179661063526378,0,0.179661063526378,0.179661063526378,0,0,0.179661063526378,0.866125877925832,0,0.179661063526378,0,2.818095651295,0,1.70958509844752,1.26935357055742,0,0,6.04402497280718,0,2.16052075800115,1.67332428237253,0,0,0,0,0.179661063526378,0,0
"ola_mES_2i_2_68.counts",0,0.876520077909824,0,0,0,0,0,4.4768426212386,0,0,0,0,0,4.52357063358688,0,0,0,0,0,0.383565847759548,4.66961666221645,0,0,0,0,0,0,0.660115782666327,1.81524647655942,5.11778663164239,4.17513500336351,0,0,0.383565847759548,0,0,0,4.84597453507643,5.0542069410402,0,0,0,0,0,0,0,0,0,0,0.383565847759548,0,0.383565847759548,1.95693576552947,3.09276225377584,0,0,0,0,0.383565847759548,0,0,0,0,0.383565847759548,0.383565847759548,0,0.383565847759548,0.876520077909824,0.383565847759548,0,0,0,0,0,0,0,0,0,0.876520077909824,0,0.383565847759548,0.383565847759548,0.660115782666327,0.383565847759548,0,0,0,0,0.383565847759548,5.08070721542637,0,0,0,0,0,0,0,0,0,0
"ola_mES_2i_2_69.counts",0,1.52150205019318,0,0,0,0,0,6.00320105899252,0,0,0,0.539890875177423,0,5.2240326263903,0,0,0,0,0,0,0,0,0,0,0,0,0.539890875177423,0.888565608903622,2.68106075093761,2.18312742758118,5.25440736518274,0.539890875177423,0,0,0,0,3.60525272472419,0,3.96155598257576,0.888565608903622,0,0,0,0,0.888565608903622,0.539890875177423,0,0,0.539890875177423,0,0,0.888565608903622,3.43606323401837,0,0,0,0,0,0,0,0,0,0,0,0,0.888565608903622,0.888565608903622,0.539890875177423,0,0,0,0,0.539890875177423,0,0,0.539890875177423,2.86013309364559,2.00719022272101,0,0,0,0.539890875177423,0.539890875177423,0,0.539890875177423,0.888565608903622,0,0,0.539890875177423,3.60525272472419,0.888565608903622,0,0,0,0,0,0,0,0,0
"ola_mES_2i_2_7.counts",0,0.293593587317327,0,0,0,0,0,0,0.157532966214462,0,0,0,0,3.29970936854169,0,0,0.413339387570873,0,0,0.293593587317327,0,0,0,0,0,0,0,0.413339387570873,1.05668302530155,6.44393918976941,3.34884089300974,0.157532966214462,0,0.293593587317327,0,0,1.98964208405684,4.1688491456998,3.8551953376926,0.157532966214462,0,0,0,0,0.616858153803607,0.157532966214462,0,2.09998073904262,0,0,0,0,1.66117301332271,0,0,0,0,0,0,0,0,0,0.860758903736924,0,0,0,0.293593587317327,0.413339387570873,0,0,0,0,0.616858153803607,0,0,0,0,0,0,0.413339387570873,0.157532966214462,0.157532966214462,0,3.6515995283129,0.413339387570873,0,0,0,0.157532966214462,4.19747002784376,0.157532966214462,0,0,0,0,0.293593587317327,4.3604270944593,0,0,0
"ola_mES_2i_2_72.counts",0,1.03765853209334,0,0,1.39566706767752,0,0,0,0,0,0,0,0,5.06864434284855,0,1.39566706767752,0,0,0,0,3.38622148305856,0,0,0,0,0,0,0.474700963437886,1.23259922757642,4.44076254668993,4.75207020297362,0.795282574001593,0,0.474700963437886,0,0,0,5.7392848774031,4.19890889223546,0,0,0,0,0,0.474700963437886,0,0,0.474700963437886,0,0,0.474700963437886,0.795282574001593,3.53847327372356,0,0,0,0,0,2.62163513363697,0,0,1.39566706767752,0,0,0,0.474700963437886,0,1.03765853209334,0,0,0,0,0,0.474700963437886,0,0.474700963437886,0.474700963437886,0,0,1.03765853209334,0,0,0,0.795282574001593,0.474700963437886,0,1.03765853209334,0.474700963437886,0.795282574001593,5.0987618853742,0,0,0,0,0,0,0,0,0,0
"ola_mES_2i_2_73.counts",0,0.448992422662663,0,0.757747686174852,0,0,0,0,0,0,0,0,0,3.3494316983953,0,0,1.60284210754728,0,0.993325235672918,0,1.85378882350187,0,0,0,0,0.757747686174852,0,0.615239247511363,1.71088599560751,3.18784095502716,5.63924168658492,0,0,0,0,0,0.615239247511363,4.13046979754624,4.35404235730648,0,0,0,0,0,0.448992422662663,0,0,0.249486619880944,0,0,0,0.448992422662663,0.757747686174852,2.96624246864871,0,0,0,0.249486619880944,0,0.249486619880944,0.249486619880944,3.47981352134161,0,1.09311881018149,0,0.249486619880944,5.68261836556603,0.448992422662663,0,0.249486619880944,0,0,0,0.249486619880944,0,0,0,2.66153288419123,0,0,0.249486619880944,0.249486619880944,0,4.45116259595134,0,0,0,0.448992422662663,0,4.13501466082024,0.249486619880944,0,0,0.249486619880944,0,0.249486619880944,0,0,0,0
"ola_mES_2i_2_74.counts",0,0.605757259446478,0,0,0,0,0,0,0,0,0,0,0,2.7975148527791,0,0.129951581694093,0.870344147873255,0,0,0.527013621796402,0,0,0,0,0,0.129951581694093,0,0,0.348061770315878,2.7364703248695,0.605757259446478,0,0.129951581694093,0,0,0,0.244941433069148,0,4.27352723543259,0,0,0,0,0,0,0.129951581694093,0,0,0,0,0,0,0,3.98145689353954,0,0,0,0,0,0,0,0.129951581694093,0,0,0,0,6.08347848200371,0,0,0,0,0,0.129951581694093,0.129951581694093,0,0,0,0,0,0,0.129951581694093,0,0,5.82451384316801,0.746776074480343,0,0,0.129951581694093,0,3.90059520285719,0.348061770315878,2.37156316189202,0,1.99925715961718,0,0,0,0,0,0
"ola_mES_2i_2_75.counts",0,0.672787776411299,0,0,0,0,0,4.30320878436171,0,0,0,0,0,4.02002494308491,0,0,1.35559767565025,0,0,1.91075027740169,4.59399472877439,0,0,0,0,0,0,0.672787776411299,3.91090914155004,5.89121464374721,1.35559767565025,0,0,0,0,0,0,0,3.80989887636218,0,0,0,0,0,0,0,0,0,0,0,1.07137325050593,1.07137325050593,4.71281025120956,0,0,0,0,0,0,0,0,0,0,0,0,0,0.672787776411299,1.35559767565025,1.07137325050593,0,0,0,0,0,0,0,0,0,0,0,0,0,0,0,0,0,0,0.672787776411299,0,5.19019124723533,0.672787776411299,1.91075027740169,0,0,0,0.672787776411299,0,0,0,0
"ola_mES_2i_2_76.counts",0,0.268119268794137,0,0,0.479338764754986,0,0,0,2.98354266000996,0,0,0,0,4.69917122342925,0,0,1.47762705605803,0,0,0.479338764754986,0,0,0,0,0,0,0,0,2.16189405986111,4.53199091482632,6.14274606474404,0,0,0.268119268794137,0,0,0,4.6591946796025,3.20590149213239,0,0,0,0,0,0.268119268794137,0,0,0,0,0,0,0,0,0,0,0,0,0,0.479338764754986,0,0,0,0.268119268794137,0,0,0,0.268119268794137,0,0.268119268794137,0,0,0,0,0,0,0,0,0,0,0,0.268119268794137,0,0.268119268794137,4.64452098813425,0,0,0,0,0,0,0,1.92316170052748,0,4.04783040377148,0,0,0,0,0,2.12585672122586
"ola_mES_2i_2_79.counts",0,0,0,0,0,1.07369225589121,0,0,0,0,0,0,0,3.75498426403193,0,0.957485048727138,1.35821520202907,0,0.278409681889617,0,0,0,0,0,0,0,0,0.495948247164173,3.03992578518025,2.62764181216487,0.825976079302399,0,0,0,0,0,0,6.1452356547922,4.52713055375084,0,0,0.825976079302399,0.278409681889617,0,0.278409681889617,0,0,0,0,0,0,0,4.57457858735354,0,0,0.278409681889617,0,0,0,0,0,0,0,0,0,0.495948247164173,0,0,0.278409681889617,0,0,0,0,0,0.674515616899719,0,0.278409681889617,0,0.278409681889617,0,0,0,0.278409681889617,0.825976079302399,0.674515616899719,0,4.56459896259035,0.495948247164173,0.674515616899719,5.07660737788191,0.278409681889617,0,0,0.278409681889617,0,0,0,0,0,0
"ola_mES_2i_2_8.counts",0,1.39795674245062,0,0,0,0,0,0,4.9147362755125,0,0,0,0,4.00050699249659,0,0,1.53822267255748,3.97794311286914,0,1.86940865235164,0,0,0,0,0,0.475851821207041,0,0.475851821207041,2.37491992620631,4.29751338124201,4.55224626107128,0,0,0,0.475851821207041,0,0,4.37714729114835,5.81031415067303,0.475851821207041,0,0,0,0,0.475851821207041,0,0,0,0,0,0.475851821207041,0.475851821207041,0,0,0,0,0,0.475851821207041,0,0.475851821207041,0.796952557085343,0.475851821207041,0,0,3.13278806973772,0.475851821207041,3.42945571276838,0.475851821207041,0,0.475851821207041,0,0,0.475851821207041,0,0.475851821207041,0,1.23475554264989,0.475851821207041,0.475851821207041,0.475851821207041,1.03962404815109,0,0,2.92703316930758,0.475851821207041,0,0.796952557085343,0,0,4.25518475252961,0.796952557085343,0,0,0,0,0.475851821207041,0,0,0,0
"ola_mES_2i_2_80.counts",0,0.509098278133202,2.5609586637716,0,0.286602831136615,0.509098278133202,0,0,0,0,0,0,0,1.94220503366337,0,0.286602831136615,0,0,0,0.690987531909267,3.94057272422185,0,0,0,0,0,0,0.844829309406609,2.15566015291497,4.23946019083919,6.18668313498377,0,0,0.509098278133202,0.286602831136615,0,0,1.53704921003992,0.286602831136615,0,0,0.286602831136615,0.286602831136615,0,1.73104149755184,0,0,0,0,0.844829309406609,0.509098278133202,0,0,0,0,0,0,0,0.286602831136615,0,0.286602831136615,0,0.286602831136615,0,0,0,0.286602831136615,0.690987531909267,0,0,0,0,0.690987531909267,0,0,0,0,0,0,0,0.286602831136615,0,0,4.80789561362409,1.09573171942611,0,1.78815745929326,0,0,3.31606096188981,0.844829309406609,0,0,5.14513175911183,0,0,3.18770124733726,0,0,0
"ola_mES_2i_2_81.counts",0,1.27414977809292,0,0,0.82760377287234,0,0,0,0,0,0,0,0,0.82760377287234,0,0,2.30406500189587,0,0,0.82760377287234,1.58175629116476,0,0,0,0,0,0.82760377287234,0.82760377287234,3.57714897586139,0,6.46310981749863,0,0,0,0.497080594092797,0,1.07559781218609,0,5.05514603380936,0.497080594092797,0,0,0.497080594092797,0,0.497080594092797,0.497080594092797,0,0.497080594092797,0.82760377287234,0,0.82760377287234,0,3.85781769062826,0,0,0,0,0.497080594092797,0,0.497080594092797,0,1.07559781218609,0,0,0,0,0,2.48044295687819,1.9162216355224,0,0,0,0,0,0.497080594092797,0,0,1.70609355443209,2.63032647383113,0,0,0.497080594092797,1.27414977809292,0.497080594092797,0.497080594092797,0,0,1.07559781218609,0,3.42165633431732,0.497080594092797,0.497080594092797,0,0,0,0,0,2.87592287842593,0.497080594092797,0
"ola_mES_2i_2_85.counts",0,0.66581390378272,0,0,0.387326185963761,0.387326185963761,0,3.9798142722751,0,0,0,0,0,4.31473440439658,0,0,2.62263727069442,0,0,0.387326185963761,3.96197481385988,0,0,0,0,0.387326185963761,0,0,1.0619993360206,4.47777750174249,3.31382471123811,0.66581390378272,0.387326185963761,0,0,0,0,4.60854197854491,3.82730365871255,0,0,0,0.387326185963761,0,0,0.387326185963761,0,0,0,0.387326185963761,0,0,0.387326185963761,0,0,0,0,0,0,0,0,0,0,0,0,0,6.23623998265518,0.387326185963761,0,0,0,0,0,0,0,0,0,0,0,0,0,0,0.387326185963761,0,1.56533871520975,0,0,0,0.387326185963761,3.08253470408638,0.387326185963761,2.03110657190696,0,0,0,0.387326185963761,0,0,0,0
"ola_mES_2i_2_86.counts",0,1.33118202566286,0,0,0,0,0,0,0,0.38134490980665,0,0,0,4.73863077759189,0,0,2.84774485823502,0,0,0.38134490980665,0,0,0,0,0,0.38134490980665,0,0,4.60402747205781,4.89616848071099,0.656745146719724,0,0,0,0,0,0,6.05176577839039,2.82046101381847,0,0,0,0,0,0,0,0,0,0,0.656745146719724,0,0.38134490980665,3.76692745888366,0,0,0,0,0,0,0,0.38134490980665,0.38134490980665,0,0.872446533495977,2.94999454901104,0,0,0,0,0,0,0,0,0,0,0.38134490980665,0.38134490980665,0,0,0,3.80897076968478,0,0,0.38134490980665,0.656745146719724,0,0,0,0.656745146719724,4.42091919242589,0.38134490980665,0,0,0,0,0,0,0,0,0
"ola_mES_2i_2_87.counts",0,0.748679388907351,0,0,0,0,0,0,0,0,0,0,0,5.41342272571888,0,0,1.33118202566286,0,0,0.44282708466682,3.79445582391091,0,0,0,0,0,0,0,1.4684774805695,4.31875008386191,5.13463439753822,0,0,0,0,0,4.92759676948868,4.85652484868088,4.53176049151593,0.44282708466682,0,0,0,0,0.44282708466682,0,0,0,0,0,0.44282708466682,0,3.85523155685512,0,0,0,0,0,0,0,0.748679388907351,0,0,0,0,0,3.63148342397403,0,0,0.748679388907351,0,0,0.44282708466682,0,0,0,0,0,0.44282708466682,0,0,0.748679388907351,0,1.69686702945626,0,0,0,0.44282708466682,0.748679388907351,3.45444327174314,0,0,0,0,0,0,0,0,0,0
"ola_mES_2i_2_90.counts",0,1.02070405352321,0,0,0,0,0,0,0,0,0,1.63744441034232,0,1.51519225458257,0,0,0,0,0,0.780897929117454,3.36074514125963,0,0.464812664678766,0,0,0,2.86608175984069,0.464812664678766,3.69020992958553,6.72497681308739,1.21398171920326,1.02070405352321,0,0,0,0,0.464812664678766,0.780897929117454,1.02070405352321,0,0,0,0.464812664678766,0,0,0,0,0,0,0,0,0,4.06725509524893,0,0,0,0,0.464812664678766,0,0,0,0,0,0,0,0,0.780897929117454,0,0,0.464812664678766,0,0,0,0,0.464812664678766,0,0,0,0,0,0,0,0,0.464812664678766,1.37588534520515,0,0,0,0.464812664678766,0,0,0,0,0,0,0,0,0,0,0
"ola_mES_2i_2_91.counts",0,0.641333270572143,0,0,0,0,0,0,0.641333270572143,0,0,0,0,5.20893906386521,0,0,0.641333270572143,0,0,0,0.262110665083992,0,0,0,0,0,0.262110665083992,0,2.1390961714447,6.19453197853104,0,0.262110665083992,0,0,0,0,0.641333270572143,0,2.94339747678415,0,0,0,0,0,0.915631239659239,0,0,0,0,0,0,0,4.43092025111713,2.87816085769815,0,0,0,0,0,0.262110665083992,0,0,0,0.262110665083992,0.262110665083992,0,0,0.641333270572143,0.469591497582571,0,0,0,0,0,0,0,0.262110665083992,0,0,0,0,0,0.469591497582571,5.26159649292721,1.02891280173255,0,0,0,0.262110665083992,0.469591497582571,0,0,0,0,0,0,0,0,0,0
"ola_mES_2i_2_93.counts",0,0.289063721858284,0,0,0,0,0,0,0,0,0,0,0,4.45979852140813,0,0,0.919603489007065,0,0,0,0.513035347445374,0,0,0,0,0,0.154940427508037,0.407306883429966,1.8504730728378,5.80560077636274,5.23570269609712,0.154940427508037,0,0,0,0,0,5.19658785021554,1.99719506398761,0,0,0,0,0,0.154940427508037,0,0,0,0.154940427508037,0.154940427508037,0.289063721858284,0,3.53660470203074,0,0,0,0,0.154940427508037,0,0,0.289063721858284,0,0.407306883429966,0,0,0.154940427508037,0,0,0,0,0,0,0,0,0,0,0,0,0.154940427508037,0.154940427508037,0,0,0,5.11545971837035,0.289063721858284,0,0,0,0,0,0,0,0,0,0,0,0,0,0,0.154940427508037
"ola_mES_2i_2_94.counts",0,0.345993879029274,0,0,0,0,0,0,0,0,0,0,0,2.74415501028617,0,0.0794383338976846,0.556243901514311,0,0,0.153027980504085,3.86694607096638,0,0,0,0,0,0,0.0794383338976846,2.01911077395566,0,4.63978128331367,0.0794383338976846,0,0,0,0,0,0.806557064956087,4.54343989940837,0,0,0,0.0794383338976846,0,0.0794383338976846,0,0,0,0,0,0.0794383338976846,0.153027980504085,0,0,0,0,0,0,0,0.221571419096811,0,0,0.153027980504085,0,0.221571419096811,0,6.45059580392206,0,0,0,0,0,0.0794383338976846,0,0,0,0,0,0,0,0,0,0,4.56776576367757,0,0,0,0.221571419096811,0.153027980504085,0,0.221571419096811,0,0,0,0,1.71331738149093,0,0,0,0
"ola_mES_2i_2_95.counts",0,0.485748321807536,0,0,0,0,0,0,0,0,0,0,0,2.21157459936603,0,0,1.41753968854947,0,0,0,5.21623667573782,0,0,0,0,0,2.06423901187668,0,2.84840110633084,4.44767119261386,0.811277595245076,0,0,0,0,0,2.140617826775,0.811277595245076,4.28074887183001,0,0,0,0.485748321807536,0,1.05646045470597,0,0,0,0,0,0.485748321807536,0,1.79228049252958,0,0,0,0,0,0,0,0,0,0,0,0,0,0.811277595245076,0.485748321807536,0.485748321807536,0,0,0,0,0,0,0.485748321807536,0,0,0.485748321807536,0,0.485748321807536,0,0,0,0,0,0,0,0,6.40233403708337,0,0.485748321807536,0,0,0,0,0,0,0,0.485748321807536
"ola_mES_2i_3_10.counts",0.181517769613287,0,0,2.92398696200026,4.45542377667902,4.34469793050712,3.06052316088328,0,0.42696072139252,3.38259292935373,3.57974004005199,3.23400891693863,2.75661792587761,0.341943181350192,4.91400523722422,2.93162646794141,4.70987244234555,0,0,4.55668865269906,0.00410952727085642,1.97963734451369,2.4538142517671,0,2.38405839892822,0,4.99593837528409,0,4.86484837095582,0,0.684522729541826,0,0,0,0,2.34074766401754,0,0.00683985966466329,0.0390352811394546,0,0,0.00274156045780221,0,0.8709305040955,0,0.0416720240765938,2.2008637351396,0,0,0,0,0,0.121358974496001,0,1.88004295103653,1.71584132605962,0,0,0,0,0,0.008202235422379,0,0.00137171974782474,0.00137171974782474,0,0.377387097149689,0,0.00137171974782474,0,1.96800489824094,0,0,0,0,0,0,0,0,0.229571062780981,0.00137171974782474,0,0.00137171974782474,0,0.00137171974782474,0,0,0.00137171974782474,0.00274156045780221,0,0.00137171974782474,0,0,0.00137171974782474,0.612038262207211,0,0,0,0,0
"ola_mES_2i_3_11.counts",0,0,0.00888301217098008,3.03512957820572,4.51866336462554,4.47354027337446,2.99643326848482,0,0.100373612854831,3.48656996143622,3.64364580314665,3.14962337874458,2.78075615412458,0.00148599256708798,4.88873178243134,2.82881095757814,4.58444007261187,0,0.019147769408596,4.51656947828396,0.0365030139638885,2.17202428549297,2.40321975152185,0,2.19927005153971,0.00296978023632344,4.98108357566671,0,4.90620588454243,0.017687810699691,1.72375540012791,0,0,0.00148599256708798,0,2.2976567741189,0,0.274037867167177,0.315020355155672,0,0,0,0,1.52611332881392,0,0.00148599256708798,1.97939642405843,0,0.0868315459844332,0,0.00148599256708798,0.167980003032634,0.0103558727762029,0.0689481584314902,1.48957147829909,1.65938401580004,0,0,0.0147614832420797,0,0,0.0147614832420797,0,0,0.00296978023632344,0.00148599256708798,0.0162257173945519,0,0.0118265672530771,0,1.82100632222785,0,0.00445136954121447,0,0,0.00148599256708798,0.00593076698627308,0.00593076698627308,0,0,0,0,0,0,0,0,0,0,0,0,0,0,0,0.00148599256708798,0.0605851692242086,0,0,0,0,0.00148599256708798
"ola_mES_2i_3_12.counts",0,0.00607629418152479,0,3.0462651897605,4.38348181173385,4.34006541603268,3.04103653283288,0.0562863090677461,0,3.33513626573418,3.64545326184301,3.20481103939673,2.75989320637479,1.01131192136235,4.95143930292259,2.76259010613349,4.63794287443366,0,0.00304276225253504,4.59229619482049,0.0211074355326681,2.3730748622549,2.33131936788577,0,2.24573768030608,0,5.05723050278932,0,4.92419248821299,0,1.03106783992306,0,0,0,0,2.20592519471842,0,0.0505084343260319,0.399199373010455,0,0,0,0,0.722945692428284,0.0790696461999609,0.00304276225253504,1.44225871048024,0.00304276225253504,0,0,0.00304276225253504,0,0.123135825703265,0,1.48733203367164,1.46293461236341,0,0.00607629418152479,0,0,0,0.00910065161865008,0,0,0,0,0,0,0.00304276225253504,0,1.46786194780132,0.00304276225253504,0,0,0,0,0,0.00304276225253504,0.00304276225253504,0.00607629418152479,0,0,0,0.00304276225253504,0,0,0,0,0.00304276225253504,0.00304276225253504,0,0,0,0,0,0,0,0,0,0
"ola_mES_2i_3_13.counts",0,0.00613237382730735,0,2.83822594105978,4.30621790241095,4.29415983104072,2.85871612820935,0.320850668945866,0.00307088765738285,3.3279386735693,3.6194429651418,3.08319424087049,2.75863525011116,0.0712173405088295,4.85852907669524,2.79706740718703,4.54750905895161,0,0.20254840734018,4.70390934671029,0.177110739687524,1.93760057789438,2.25268892865967,0,2.26298125797815,0,5.15684253382256,0,5.00684078024523,0.0273042908644828,0.0122273707386591,0.00307088765738285,0,0,0,2.28669674214129,0,0.00918451589921428,0.00613237382730735,0.00307088765738285,0,0,0,0.949314571135016,0.00307088765738285,0,2.35025554870699,0.00307088765738285,0,0,0,0,0.318616725040452,0,1.52906026626053,1.53636616689682,0.00307088765738285,0.00307088765738285,0,0.00307088765738285,0,0,0.00918451589921428,0,0,0,0.23224334342967,0,0,0,1.62436202256753,0,0,0,0,0.00307088765738285,0.00307088765738285,0,0.113282879672386,0,0.00918451589921428,0,0.00307088765738285,0,0,0,0,0.00307088765738285,0,0.096668395997405,0,0,0,0.00613237382730735,0,0.00307088765738285,0,0,0.0152609946936708,0
"ola_mES_2i_3_15.counts",0,0.00381736676206433,0,2.88486675553075,4.31635976279335,4.40333939703347,2.80806741188743,0.084311028765438,0.178194528585073,3.31450354029288,3.59270520633372,3.09975228408195,2.89061884304162,0.758899653366298,4.91850871566134,2.70128217536579,4.57568614659556,0,0,4.66443427378517,0,1.91044825619779,2.15748121077474,0,2.09968430196997,0,5.13417931737618,0,4.9429234372914,0.00762021663386528,0.764257182150937,0,0,0,0,2.36875147501768,0,0,0.084311028765438,0.00381736676206433,0,0,0,1.73854078578546,0.00381736676206433,0.00381736676206433,1.5808499729097,0,0,0,0.00762021663386528,0,0.42383100561024,0,1.52500846242077,1.23328453257607,0,0,0,0.00381736676206433,0,0,0,0,0,0,0.278594624148871,0,0,0,1.85277225640721,0,0,0,0,0,0.00381736676206433,0,0.00762021663386528,0.00381736676206433,0,0.00381736676206433,0,0.218957505998736,0,0.0226886285112876,0,0,0.00381736676206433,0,0,0,0,0.00381736676206433,0,0,0,0,0.00381736676206433,0
"ola_mES_2i_3_16.counts",0.0700506627125203,0.00353338529901513,0,3.11373985417841,4.54011176971572,4.39762540667659,2.89766916184444,0,0,3.21399907841556,3.69451941397502,3.26096836386849,2.66914342789234,0.140139688588821,4.80688014121113,2.85070762682061,4.63862084580379,0,0,4.65816333385182,0.788428399294382,2.03806623395337,2.55394887830137,0,1.99230385609884,0,5.02531711588781,0,4.89639926726388,0,1.45506952135305,0,0,0.00176825325015454,0,2.31239996230122,0.00881016394059068,0.0227469433576847,0.22701901167206,0,0,0,0,1.00850538048113,0,0,1.72682325001361,0,0,0,0.00353338529901513,0.00353338529901513,0,0,1.52293193195422,1.39987795000426,0,0,0,0,0,0,0,0,0.17787830724739,0,0,0.00353338529901513,0.00176825325015454,0,1.83642307447187,0,0,0,0,0,0,0,0,0,0.00176825325015454,0,0,0,0.00353338529901513,0,0,0,0,0.00529540714583677,0,0,0,0.596573437987364,0,0,0,0.00176825325015454,0,0
"ola_mES_2i_3_17.counts",0,0,0,3.25673949549599,4.50047720720106,4.46783856191324,3.06581875188895,0.140130632201286,0.00113036894840413,3.30175326802037,3.48484374866382,3.18238745044759,2.70136718678149,0.0245776569449302,4.83446818178611,2.91514319159194,4.63832380251545,0,0,4.61988290847563,0.193723410094532,1.77391314316455,2.42720996412563,0,2.45235260492185,0.00113036894840413,5.03433794662397,0,4.90555641842501,0,0.659115437482438,0,0,0,0,2.25776877607146,0,0.00676312675057156,0.304736469241403,0,0,0,0,0.721488024167269,0,0,1.51567572085239,0,0,0,0,0,0.00338728084981981,0,1.64200242036763,1.29098862051233,0,0,0,0,0,0,0,0,0,0,0.00113036894840413,0,0.00113036894840413,0.00338728084981981,1.77160774060688,0,0,0,0,0,0,0,0,0,0,0,0,0.26301646938279,0,0,0,0.00113036894840413,0,0,0.00113036894840413,0,0,0,0,0,0.0938524823219678,0,0.0698846882553793,0
"ola_mES_2i_3_18.counts",0.213123203401735,0.0014517720335575,0,2.93544133524545,4.69184281364633,4.28392886430618,3.2371286671535,0,0,3.15017338307943,3.37640809514873,3.16134612104356,2.8593598735353,0.232308421814943,4.99624897380742,2.95041263370389,4.61473422057616,0,0,4.59977969553375,0.747012897452153,2.39893350450005,2.44104600454864,0,2.2475894601495,0,4.97494221643649,0.000726149472010183,4.81003532563925,0.0293480426323054,0.906966596817927,0,0,0,0.000726149472010183,2.31567308194018,0,0,0,0,0,0,0,0.998011643136244,0,0,1.79609220415885,0,0,0,0.000726149472010183,0,0,0,1.52323238401107,1.4723942948053,0,0,0,0.000726149472010183,0,0.000726149472010183,0,0,0,0,0.0314620191243487,0,0.000726149472010183,0,1.6813877811556,0,0.00217686844876337,0,0,0,0,0,0,0,0,0,0,0,0,0,0,0.255643024476387,0.0014517720335575,0,0,0,0,0,0,0,0,0.000726149472010183,0,0
"ola_mES_2i_3_19.counts",0,0,0,3.01856302903263,4.30192417773589,4.29576319528666,2.87206304705769,0,0,3.16123341610089,3.51155371231302,3.17677120019936,2.82017588448636,0.541709851529934,4.85033085743063,2.55510461165959,4.63017777633702,0,0,4.6905100481716,0.657828285401609,2.01991475831342,2.40985975989318,0,2.26634836312288,0.00335391833685098,5.12649936182166,0,4.97323146135996,0,1.32572364811344,0,0,0,0,2.30596211433564,0.00335391833685098,0.545611085169846,0.329093426926336,0,0,0,0,1.49672926136693,0,0.0265215654877196,1.74868541937618,0,0,0,0,0,0,0,2.22036995461133,1.67343729061527,0,0.00335391833685098,0,0.0166582232182463,0,0.00335391833685098,0.00335391833685098,0,0,0,0.0265215654877196,0,0.00335391833685098,0,1.59751734263875,0,0,0,0,0.172384636050685,0,0,0,0.00669662549639088,0,0,0,0,0,0,0,0,0.00335391833685098,0.350617171365648,0,0,0,0.0100281961804175,0.385491532347289,0,0.00669662549639088,0,0,0
"ola_mES_2i_3_2.counts",0,0,0,3.36972805562462,4.50143263368401,4.47640373099358,3.06701913513798,0,0,3.3008887418779,3.39004588608577,3.11809309998036,2.61849832085282,0.133361399881713,4.87732014552904,2.96165393936814,4.64890203548597,0,0,4.60162111188938,0,2.57444874701029,2.50755625444587,0,2.10784885300525,0.00113160458878148,5.01015247127895,0,4.8247482984997,0,0.0929192129520584,0,0.0667862594407076,0,0,2.21584440945895,0.00226193009589595,0,0.0123777743487379,0,0,0.00113160458878148,0,1.33501215075447,0,0,1.68470241855622,0,0.152985244267,0,0,0,0,0,1.9673203910398,1.24006544092068,0,0,0,0,0,0,0,0.00113160458878148,0,0,0.836270027254893,0,0,0,1.80357699633744,0,0,0,0.00113160458878148,0,0,0,0,0,0,0,0,0.363377626877592,0,0,0,0.00113160458878148,0,0.0877469713316438,0,0.00113160458878148,0,0.603661878348245,0,0,0,0.193916016286253,0.0134954662973364,0
"ola_mES_2i_3_20.counts",0,0.00352057256022474,0,3.05173465708177,4.42292459308657,4.39001563063438,2.96067625237935,0,0,3.23412443390744,3.59393947328355,3.08984824716091,2.77519183985438,0.312461130352967,4.83257683403184,2.88462130398807,4.62039673865245,0,0.00702879415904133,4.61893681054487,0.307287076978062,2.12097005268031,2.2898413422285,0,2.24266700968462,0,5.10302617534823,0,4.93859581524443,0.171361028982636,0,0,0,0.00702879415904133,0.00352057256022474,2.29162575373036,0,0,0.654414454266089,0,0,0,0.251279159888436,1.13543893827861,0,0.0105247511534867,1.87532410114652,0.0877326366251447,0.0548938159561648,0,0.00352057256022474,0,0.460865119405347,0,1.8076644524262,1.74252968384893,0,0,0.186108601195393,0.00352057256022474,0,0.0243876289007634,0.00352057256022474,0,0,0,0,0.00352057256022474,0,0,1.69770021864179,0,0,0,0,0,0,0,0,0,0,0,0,0.02093988461771,0,0,0.00702879415904133,0.0105247511534867,0,0.537901130656445,0,0,0.02093988461771,0,0,0,0,0,0,0.00352057256022474
"ola_mES_2i_3_21.counts",0,0.00105474449629848,0,3.06742748604813,4.61257096416711,4.53826926026227,3.14143512984083,0,0,3.25231935970972,3.53935215580126,3.07695923655159,2.85576698303562,0.368342508577681,4.88799928500714,2.90981313113255,4.65456231360413,0,0.0270681539341568,4.57713075831447,0.00105474449629848,2.03242414205689,2.31897884013804,0,2.43240840177025,0,4.92689582058463,0,4.85691705225817,0,0.225757910396512,0,0.00105474449629848,0,0,2.24196461982081,0,0,0.141467734184134,0.0084069696710237,0,0,0,1.51814492944694,0,0.0623862288313759,1.61251717807782,0.00105474449629848,0,0.00316090188655617,0.00105474449629848,0,0.00105474449629848,0,1.25757785251924,1.59125153091814,0,0.00105474449629848,0,0,0,0,0,0,0,0,0.463679437764224,0.00210837767869402,0.00316090188655617,0,1.8818525988027,0,0,0,0,0,0,0,0,0,0,0,0,0.0791008546582855,0.00105474449629848,0.00105474449629848,0,0.00105474449629848,0,0,0.00105474449629848,0,0,0.00105474449629848,0,0,0,0,0.00105474449629848,0
"ola_mES_2i_3_23.counts",0,0,0,2.9912610531889,4.44074223653311,4.59828504922767,2.99675651017401,0,0,3.27021543182681,3.69003297230982,3.16891427887287,2.55607587353645,0.328820954224638,4.92263637424866,3.00619933355963,4.60658978070952,0,0,4.60166494881217,0.00117908969081244,2.01828281389596,2.17067132611635,0,2.20533265929278,0,4.96878442389962,0,4.87186351744726,0.0705951510459963,0.487134595282795,0,0,0,0,2.28934224468794,0,0,0.107292080790284,0,0,0,0,1.61098270900362,0,0,1.82081603800041,0,0.00117908969081244,0.00117908969081244,0.00117908969081244,0,0.0105620900399876,0,1.71472546752038,1.57598067487514,0,0,0,0.00235679076626749,0,0,0,0.155899950035701,0,0,0.693376032678829,0,0.00235679076626749,0.00235679076626749,1.56937128490272,0,0.0628697983148486,0,0,0,0,0,0.00117908969081244,0,0.00117908969081244,0,0.00235679076626749,0,0,0,0.0267734287052778,0,0.00117908969081244,0.00117908969081244,0,0,0,0,0,0,0,0,0,0
"ola_mES_2i_3_25.counts",0.0246374515444392,0.00207646444535302,0,3.3231531413331,4.23522098860746,4.5197302513241,2.904874634865,0,0,3.37568512368928,3.57830419163166,3.26517074956317,2.65742534307099,0.586781030306359,4.8213065382593,3.00301495599352,4.64790111959638,0,0.01853476126172,4.62254709726512,0,1.9631241589303,2.63352718596306,0,2.27052479425684,0.00414862611912262,5.01555488339356,0.00207646444535302,4.89751858578841,0,1.61633505150657,0.00207646444535302,0,0.00207646444535302,0,2.33393466825136,0,0.239190769432396,0.479503394512911,0,0,0,0,0.86718656337527,0,0.00414862611912262,1.87276619259995,0,0,0,0.00207646444535302,0,0,0,2.1152677067739,1.23616326807493,0,0.00207646444535302,0,0.00207646444535302,0,0.0205731322496902,0,0.00207646444535302,0,0,0.0307031247878102,0,0.00207646444535302,0,1.79988839470313,0,0,0,0,0,0.0144455119098801,0,0,0,0,0,0,1.07322739402432,0,0,0,0,0.00207646444535302,0.00207646444535302,0,0.00828011222260414,0,0.00207646444535302,0,0,0,0,0,0
"ola_mES_2i_3_26.counts",0,0,0,2.98485501901282,4.6311429880972,4.44497011972502,2.94965023715845,0,0,3.2407746310199,3.46088908639539,3.35993897495626,2.86468780871401,0.214070212562855,4.90183031843283,2.75280312101224,4.64265290635099,0,0.0268651141781029,4.59551229583048,0.317688461903677,2.28029990528308,2.29951136688457,0,2.03105846813429,0.00271922303556045,4.95017519479993,0,4.87548544043786,0,0.0667056038685017,0.000907229501458265,0.00181363668352405,0.000907229501458265,0,1.96383115015778,0,0,0.447600032782582,0,0,0,0,1.33238948098383,0,0.00271922303556045,1.72404908235706,0,0,0,0,0,0.530505498409332,0.0197713576795316,1.87519469411846,1.46706501126242,0,0.000907229501458265,0.000907229501458265,0,0,0,0,0.0108328066078296,0,0,0,0,0,0,2.29201779065725,0,0,0,0,0,0,0.00723489419082639,0,0,0,0,0,0.00181363668352405,0,0,0,0,0,0.0126269200661652,0,0,0.119621133946737,0.336016496926024,0,0,0,0,0.0286307183805573,0
"ola_mES_2i_3_28.counts",0.0597913842197431,0.00246157000072338,0,3.01614446243461,4.4735960944755,4.52581770861275,3.06325294085568,0.671037367514593,0,3.3015829306661,3.68609952744735,3.28635629207015,2.75484498212554,0.117305062472672,4.87262877154393,3.0888953860493,4.55645413582035,0,0.00369008647607452,4.59099097134575,0.205367040459751,2.19531679968792,2.2577998253482,0,2.27542820243213,0,4.98395219712078,0,4.88263209334371,0,0.399081998116798,0,0,0,0,2.18442012511497,0,0.00491709555037312,0.26194045268667,0,0,0,0,0.92011095267113,0,0.00736660626087401,1.56484464928356,0,0,0,0.00246157000072338,0,0.00123154241602902,0,1.7877567597434,2.06557019216276,0,0,0.130370170091211,0,0,0,0.00614260091827628,0,0,0,0,0.00123154241602902,0,0,1.64026804767848,0,0,0,0,0,0,0,0,0,0,0.00123154241602902,0,0.284445129629181,0.00123154241602902,0,0.00123154241602902,0.00123154241602902,0,0.701436919300855,0,0,0,0,0,0,0,0,0.00123154241602902,0
"ola_mES_2i_3_30.counts",0,0.0156556519642709,0,2.82434166703097,4.39096981515946,4.31547186026529,2.75729509329904,0.557069901955699,0,3.26179166212345,3.66949626673753,2.90114655355763,2.66669289754658,0.271272288099284,4.84193252068149,2.77712469847589,4.61608084655641,0,0.0233925147458822,4.64961489607695,0,2.04812437796596,2.29484885807178,0,2.26498991983801,0,5.14648063102335,0.00393695095995165,4.99333768113659,0,0.93928856981821,0,0,0,0,2.41987149773379,0,0.0976370017634224,0.0386889461324011,0,0,0,0,1.70777877084584,0,0.0272386141624545,1.62585753247309,0,0,0.368629833319539,0.00785846309905972,0,0.566068756843604,0,1.80772574772854,1.2720071251589,0.108313107778838,0.265239160093483,0,0,0.00393695095995165,0.00785846309905972,0,0,0.00393695095995165,0,0.0117646570316896,0,0.00393695095995165,0,1.62508113732973,0,0,0,0,0,0,0.125857171184647,0,0,0.00393695095995165,0,0,0,0,0,0,0.00393695095995165,0,0,0,0,0.421762615262958,0,0.156681107072456,0,0,0,0.00393695095995165,0
"ola_mES_2i_3_31.counts",0,0,0,3.03195018726089,4.58583089965298,4.46197491581902,3.33559437888988,0,0,3.13982403374258,3.47890079803356,3.21263732195071,2.62184143724928,0.00304822989216496,4.99439788276213,2.9064790143389,4.59400659453178,0,0.0113832658488083,4.5902873859329,0,1.93523060958267,2.47880661726507,0,2.27455653118753,0.00152527640881725,4.92849946852148,0,4.86029469048861,0,0.00228704307387714,0,0,0.0174017697948624,0,2.08631868532022,0,0.00228704307387714,0.24455187120033,0.000762929012895847,0,0,0,1.38558546003,0,0.00304822989216496,1.65422056577078,0,0,0,0.000762929012895847,0,0,0,1.76870211085835,2.00636470583849,0,0,0,0,0,0.000762929012895847,0,0,0,0,0,0,0,0,1.636995863049,0,0.134748178931777,0,0,0,0,0,0,0,0,0,0,0.0038088377457528,0.000762929012895847,0,0,0,0.000762929012895847,0.000762929012895847,0,0,0,0.00228704307387714,0.000762929012895847,0,0,0,0.000762929012895847,0
"ola_mES_2i_3_33.counts",0.210902525324245,0.0069498134560983,0,2.99663941437545,4.2616066775317,4.48835465280354,2.50810536671271,0,0,3.09109232692039,3.3432242893825,2.95490330498996,2.54270595141112,0.0275140702997771,4.71939828126216,2.59106792711842,4.45663475139654,0,4.13649234057363,4.4670711680856,0.440363808862999,2.04900160243437,2.08864659467898,0,2.21784373802612,2.64959810435418,4.8881763287009,0,4.72524979789028,0.0115563333669846,1.45993629377539,0.00232197527863085,0.89727944487915,0,0,2.05229140570459,0,0.222135064684217,0.0931590244005414,0.00232197527863085,0,0.00463857147575021,0,0.624388077446791,0,4.11406690150489,1.55808099338894,0,0,0,0,0,0.138699710285592,0,2.00459297636661,1.6044637795479,0,0,0,0,0,0.721601627441309,0,0.00232197527863085,0,0,0,0.00463857147575021,0,0,1.56927513286774,0,0,0,0,0,0,0,0,0.0115563333669846,0,0,0.00463857147575021,0.00232197527863085,0,0,0,0,0.0229806421605484,0.160715217159641,0,0,0.670615572151447,0.877176687633094,0,0.00463857147575021,0,0,1.39813560131967,0.020706197736366
"ola_mES_2i_3_36.counts",0.0141877543900897,0.00285369997255747,0,3.36706619613073,4.56172102263222,4.5071461483181,2.85938466374309,0,0,3.15611761735678,3.54245718784169,3.16442052175325,2.87546708417737,0.0433425170097351,4.84213199067181,2.93611613878542,4.52439607877547,0,0,4.6088690857461,0.164336607942321,1.71088577610503,2.39314921339788,0,2.1353755722256,0,5.02276503740204,0,4.8955511223551,0,0.0141877543900897,0,0,0,0,2.35632632430199,0,0.0281770291036858,0.0992196290636326,0,0,0.00142786793637511,0,1.62969865949074,0,0.00142786793637511,1.84706529528739,0,0,0,0,0,0,0,1.59057702161904,1.68047590644832,0,0,0,0,0,0.0056992795093737,0,0,0,0,1.38895747378908,0.00285369997255747,0,0,1.84096267811032,0,0,0,0,0,0,0,0,0,0.00142786793637511,0,0.00142786793637511,0.0364776114550808,0,0,0,0.00142786793637511,0,0.00142786793637511,0,0,0,0,0,0,0,0,0.021206854023296,0
"ola_mES_2i_3_37.counts",0,0.00192558077228943,0,3.22939987084001,4.41587381190474,4.29277159017534,2.89336465169199,0,0,3.24814311140495,3.48904055093972,3.14124920524562,2.74171656081066,0.0095910380651556,4.92221448032557,2.84087281716952,4.66392047353662,0,1.4155111815074,4.60369314238627,0,2.17259698146969,2.54050247757926,0,2.47683288191554,0.753157555365358,4.98718471538666,0,4.90531167030865,0,0.902913135485983,0,0.456304452570985,0.00576565430517875,0,2.19323497520996,0.00192558077228943,0.0598506269162863,0,0,0,0,0,1.61470672413309,0.00384746080819379,1.09819587582732,1.80670689685365,0,0,0,0,0.00192558077228943,0.102499195012967,0,2.19129795944997,1.79364657469956,0,0,0,0.00192558077228943,0.00192558077228943,0.261404237242433,0.00576565430517875,0,0,0,0.0247478955649405,0.00768017537916586,0.00192558077228943,0,1.74098245910364,0,0.00192558077228943,0,0,0.0153018149442602,0,0,0.00192558077228943,0,0,0.00192558077228943,0.00576565430517875,0,0,0,0,0,0.726484991108199,0.00192558077228943,0,0.00192558077228943,0,0.0095910380651556,0,0,0,0,0.531561148265,0
"ola_mES_2i_3_38.counts",0,0,0,2.96244796935605,4.40456820502895,4.43796982861753,2.98004650499719,0,0.0699677435715275,3.33903025323455,3.58290648918675,3.07835868101264,2.65166245348568,0.686259002383067,4.89990743788073,2.87643349024341,4.66459820755151,0,0.188939346739588,4.64480677831613,0.6130484093195,2.06875027604186,2.4923814976787,0,2.33186237419831,0.015632303873201,5.00046490439164,0,4.90149017648764,0,0.103197519881959,0,0,0,0,2.10125936493432,0,0.153089121272381,0.354444367920776,0,0,0,0,0.919392198290248,0.00157427293247308,0,1.56205831783727,0,0,0,0,0,0.0109682178327501,0,1.70267974131643,2.02146895147532,0,0,0.00940867577240675,0,0,0.00940867577240675,0,0.00157427293247308,0,0,1.53221250312854,0,0,0,1.92077491074997,0,0,0,0,0.00157427293247308,0,0,0.0218174378767216,0,0.0187296528526691,0.00157427293247308,0,0.0171821775587933,0,0,0,0,0,0.0625954058633987,0,0.00471540324286295,0,0.00784669774113185,0,0.0536762518460876,0,0,0,0
"ola_mES_2i_3_39.counts",0,0,0,2.87886025613674,4.36205162389744,4.15826781456515,2.71578955038337,0.528125500009281,0,3.33468351674816,3.56471254552533,3.13862363432546,2.72762248441703,0.0190112565835578,4.79346961078836,2.78492190730134,4.59276718760237,0,3.04128178060474,4.56456009306153,0,1.95922341526984,2.4515737807837,0,2.20557910738526,2.72448070079473,5.05126251320972,0,4.89985147734018,0,0.433213647236712,0,1.29238286106928,0,0,2.3308879139639,0,1.01991698959503,0.0695019993414856,0,0,0,0,1.33178560059824,0,1.57165978805218,1.58206975339354,0,0,0,0,0,0.0237081295915424,0,2.14846448193791,1.29501476013401,0,0,0.00717164262926464,0,0,2.375807870592,0,0.00478680524181922,0,0.00239626680622798,0.660450759897939,0.00239626680622798,0,0,1.72004089050869,0,0,0,0,0,0,0.0307123327142495,0,0,0,0,0,0,0,0.0605094564580473,0,0.00239626680622798,1.03195687304881,0,0,0,0,0.00239626680622798,0,0,0,0,1.34687248382444,0
"ola_mES_2i_3_4.counts",0,0.00280308522711656,0,2.85767939621062,4.47989335236102,4.54277953197018,3.08608601184214,0,0,3.39681351755037,3.6579679830423,3.31018438846063,2.95450815140763,0.0139375078437817,4.82863929833664,3.0150876044056,4.57043343989961,0,0.00140252477408543,4.47900209379727,0.10641259360863,2.23125867383369,2.48039355711182,0,2.34859780293767,0,5.01875661269701,0,4.91658420434621,0,0.701184966276539,0,0,0,0,2.21223801519465,0,0,0,0,0,0,0,1.46081578162665,0,0,1.7483757166737,0,0,0,0,0,0,0,1.35728102412022,1.49191800005249,0,0,0,0,0,0,0,0,0,0,0,0,0,0,1.56524767866003,0,0,0,0,0,0,0,0,0,0,0,0,0.31417024792036,0,0,0,0,0,0,0,0,0,1.33463165409423,0,0.00140252477408543,0,0,0,0.00420168685369998
"ola_mES_2i_3_41.counts",0,0,0,2.76057315527432,4.19011075090861,4.20847946284234,2.98671559512605,0.586854853459942,0,3.10943480612632,3.5039229550017,3.09146118313181,2.57625618637998,0.552993483981831,4.78357646074274,2.55580886903441,4.62001570250275,0,0.00663066448169358,4.74528436995951,0,2.03331783730689,2.35264638106024,0.0327222205624743,2.16376223653296,0,5.25367091050881,0.00663066448169358,5.01775334377926,0.0644075376070035,1.21046798066181,0,0,0,0,2.40982887560395,0.00663066448169358,0.159539075852305,0.136591105024124,0,0,0,0,1.23010282603366,0.251587890611327,0.0197615362707474,1.54874301904712,0,0.0951196526332131,0.00663066448169358,0,0,0,0,1.78108611707615,1.22815659963768,0,0.456655280390735,0.00663066448169358,0,0,0,0,0,0,0,1.01630417627463,0,0,0,1.81956022149177,0,0,0,0,0,0.00663066448169358,0,0,0.00663066448169358,0,0.00663066448169358,0,0.7248548184234,0,0,0,0,0,0.364002586503742,0,0.0197615362707474,0,0.996853749688824,0,0,0.00663066448169358,0,0,0
"ola_mES_2i_3_42.counts",0,0,0,3.07916987025583,4.51399177058311,4.44547336868553,3.05180778093818,0,0,3.37996860194692,3.515303353537,3.16546526983701,2.86135557568567,0.208802987160005,4.93057523401798,2.87235060419634,4.63327005574175,0,0.0215004129258988,4.55267968062193,0,2.63026883635806,2.24742859726037,0,2.30690614352489,0,4.95611251296624,0.00114319957393966,4.86109319602294,0,0.987215823544772,0,0.00114319957393966,0.00114319957393966,0.0315256935529441,2.09650075730925,0.0674483925536535,0,0.178647239865336,0,0,0,0,1.39065607031426,0,0,2.11350408727596,0,0,0.010242050161204,0,0,0.0068396756530876,0.0158870753013941,1.93317710230259,1.61127736583438,0,0,0,0,0.0147606167001599,0.00114319957393966,0.00114319957393966,0,0.123582299991759,0,0.0780840978378596,0.0068396756530876,0,0,1.73666244058226,0,0,0.0068396756530876,0,0,0,0,0.140621253397444,0,0,0,0,0.00114319957393966,0.0113736073723931,0,0,0,0,0,0,0,0,0.0192588576038567,0.1872208602641,0,0,0,0,0
"ola_mES_2i_3_43.counts",0.00150904018990796,0.00752253149821213,0,2.88338877873616,4.64352189263211,4.47658056369307,3.10767777058285,0,0,3.3409216164916,3.53842621780979,3.23266478691702,2.69186961091215,0.01350007678223,4.96166572113756,2.94768345717589,4.60899679283715,0,0.00602254546683463,4.56861109091818,0.490274990735839,2.55864766193715,2.57211717233782,0,2.3369401845841,0.00301580660830293,4.91439280149753,0,4.77854699683808,0,0.00752253149821213,0,0.00150904018990796,0,0,2.11318260504329,0,0.0600760986277996,0.0825750896380992,0,0,0,0,1.39885571476115,0.0164755034588849,0.00150904018990796,2.12551685649687,0,0,0,0,0,0.293639692735484,0,1.31692136457712,1.37813679100261,0,0,0,0,0,0,0,0,0,0,1.26501391793348,0,0,0,1.71491642654534,0,0,0,0,0,0,0,0.0312212706855157,0.00150904018990796,0,0,0,0,0.00301580660830293,0,0,0.00150904018990796,0,0,0,0.00150904018990796,0,0.00752253149821213,0,0,0,0.00150904018990796,0.184289647812015,0
"ola_mES_2i_3_45.counts",0.00112892949972266,0,0,2.9315559765882,4.45711386014869,4.57732396486653,3.22239027630748,0,0,3.33381828641132,3.46731798586201,3.10561018548435,2.90618457752711,0.0623974662348183,4.92615285667299,2.86957278934071,4.62330148550333,0,0.00112892949972266,4.56925416620581,0,2.20816399535781,2.49471899992112,0,2.47533069559465,0.0033829722327311,4.92439774068602,0.00112892949972266,4.87295853504217,0,0.0190205947928368,0,0,0,0,1.96163688517174,0.21285808956186,0.410986597407961,0.239879579688455,0,0,0,0,1.52971773824456,0,0,1.91879610340131,0,0,0,0,0,0.488763050286228,0,1.94772065726589,1.78240159956447,0,0,0.00112892949972266,0,0,0,0,0.00112892949972266,0,0,0.0431103619589702,0,0,0,1.84590278474704,0,0,0,0,0,0,0,0,0,0,0,0.0134637592180643,0.0602727330189666,0.00225658595467271,0,0,0,0.00225658595467271,0.0549410647498383,0.00112892949972266,0.00787587259577424,0,0,0,0,0,0,0,0.00112892949972266
"ola_mES_2i_3_46.counts",0,0.0035413184494631,0,2.73307977856452,4.58286723347159,4.51302898217572,3.18243981749334,0,0,3.44588301145213,3.58171049368741,3.29630897903018,2.6618664973509,0.33074831047787,4.91648377597795,2.62516287123745,4.60146606477859,0,0.00177222684095736,4.57395816591205,0.0193238654468374,2.23586706223529,2.50141641068983,0,2.09716912572646,0.0035413184494631,4.98807376859316,0,4.85179778619262,0,0.889947871076515,0,0.00177222684095736,0,0,2.25595310219279,0.00882989232229443,0.513120412104784,0.00530728589895946,0,0,0,0,0.878960858405866,0,0.00177222684095736,1.73244220554581,0,0,0,0,0,0,0,1.52082024897715,1.44138342138134,0,0,0,0,0.00177222684095736,0.091471093392537,0,0,0,0,0.0140906442553963,0.253966874549185,0,0,1.66865130679306,0,0.00177222684095736,0,0,0,0,0,0,0,0,0,0.00177222684095736,0,0.00177222684095736,0,0,0,0.0035413184494631,0,0,0,0,0,0,0,0,0.0035413184494631,0.00177222684095736,0
"ola_mES_2i_3_47.counts",0,0.00567319469270313,0,2.4768389804003,4.49462199273125,4.34041060590381,2.86798010082782,0,0,3.45970700125138,3.52981099275645,3.05104115086891,2.64554481976124,0.1000737053933,4.85404899944492,2.7517420438992,4.62452269812017,0,0,4.62471798862881,0,1.71457219522998,2.36333447041949,0,2.36520661127198,0.00567319469270313,5.12366741360992,0,4.92866611162834,0,0.642778122785277,0,0,0,0,2.38531025785576,0,0.538835290403118,0.263543445930372,0,0,0,0.00284062048320902,0.946214909359473,0,0.00284062048320902,1.93314344738592,0,0,0.0084977680831243,0,0,0,0.016923932150913,2.02809674266854,1.6445741179931,0,0,0,0,0,0.00284062048320902,0,0,0,0,1.41668665998968,0,0.0113143857250287,0,1.91946751617979,0,0,0,0,0,0,0,0,0,0.00567319469270313,0,0,0,0.00284062048320902,0.0499360403864008,0,0.0084977680831243,0.0084977680831243,0,0,0,0,0,0,0,0,0,0.0141230923092017,0
"ola_mES_2i_3_49.counts",0,0.00123832277595639,0,2.50022733252677,4.43023171832051,4.52254246751128,2.9640837526315,0,0.00371037747076773,3.37846062118218,3.52411846757594,3.2406891970371,2.52026113473572,0.0232698511593413,4.90047307597119,2.87910522884683,4.59010950685812,0,0.0400760817098665,4.59604170842827,0.334862248681406,2.42922807144205,2.54807744250318,0,2.00747632727769,0.0232698511593413,5.07491050496245,0,4.88847655539392,0,0.050732820937671,0,0.00371037747076773,0.00123832277595639,0,2.37850944251311,0.0786077657778594,1.03681593751301,0.0305071343302116,0,0,0,0,0.761945743887425,0.00740703891651269,0,2.04920307220357,0,0,0,0,0,0.00123832277595639,0,1.88736128073634,1.26556368246184,0,0,0,0,0,0.0123147592709597,0,0,0,0,0.0911286454465878,0.00494411694307613,0,0,1.84538939183856,0,0,0,0,0.0483744516467095,0.00247511400496932,0,0,0,0,0,0,0.00863622888768695,0.00123832277595639,0,0,0.00247511400496932,0,0,0.00123832277595639,0,0,0.00371037747076773,0,0,0.268906940356803,0,0,0
"ola_mES_2i_3_5.counts",0,0.00551879303247759,0,3.1141203666867,4.44653330209272,4.40282030829142,3.12572865593701,0,0.112419403206906,3.33499008433593,3.67392581338518,3.24016660048028,2.95944513631613,0.0272943452630274,4.79743842535657,2.83802224548737,4.63247796684593,0,0.00551879303247759,4.56149336418785,0,1.63694978981763,2.2253586368228,0,2.34548380644931,0,5.07074645652295,0,4.93677921150647,0.356897111350122,0.109943535450792,0,0,0,0,2.33830082119505,0,0.396758224231201,0.349121007283218,0,0,0,0,1.5486355972504,0.00276320364597419,0,1.19037969098343,0,0,0,0,0,0.0406671398224106,0,1.92134243018896,1.4174872734614,0,0,0,0,0,0,0,0,0,0,0,0,0,0,1.91443154983967,0,0,0,0,0,0,0,0.00276320364597419,0.00276320364597419,0,0,0,0.329412013569004,0,0,0,0.00276320364597419,0,0,0,0.0110072960761424,0,0.00276320364597419,0,0,0,0,0.00276320364597419,0
"ola_mES_2i_3_52.counts",0.0126598391706013,0.0126598391706013,0,2.82012089947289,4.05139900799659,4.20156807750235,2.79162435710489,0.488975980413521,0.196048033673984,3.21566828082313,3.54631858048247,3.18001974436583,2.82428838988224,0.242096213403791,4.8425941820446,2.55718494151824,4.62139526144472,0,0.043625516608994,4.68189090176713,0.341950101142884,1.65070918237666,2.24904496945167,0,2.11857937810528,0,5.23980320660712,0,5.0340426710124,0.061754873082456,1.71349016164369,0.0126598391706013,0,0,0,2.42033103949248,0,0.314423154598635,0.575016114517076,0.0375086161671269,0,0,0,0.630783188435055,0,0.0126598391706013,1.79714893651967,0.00634995339249413,0.00634995339249413,0.0736610512808585,0,0,0.571425214298941,0,2.02303808112099,1.68908402369555,0,0,0,0,0,0,0.0126598391706013,0,0,0.00634995339249413,1.77364312876963,0.018930159811225,0,0,1.3783864768202,0,0,0,0,0,0,0,0,0,0,0,0,0,0.00634995339249413,0,0,0.00634995339249413,0,0.835463337738596,0,0,0,0,0,0,0,0,0.00634995339249413,0
"ola_mES_2i_3_54.counts",0,0,0,3.22244351072331,4.56803032149442,4.45921159286783,3.33870351953993,0,0.00120802870470481,3.14138973521527,3.52077274230986,3.17093794367734,2.49030677798544,0.0711425526097066,4.90924656166904,2.8078868121874,4.60417603191986,0,1.46140154206931,4.53908827566563,0.0227066561671089,1.92835602869809,2.38962512722641,0,2.16621271199361,1.00331802405956,4.95390485987576,0,4.85629463980074,0,0.469718774918085,0,1.04668440673612,0,0,2.2466997578717,0,0.168671582604904,0,0,0,0,0,0.693573177239988,0,1.23455752747682,1.86655871308486,0,0,0,0.00120802870470481,0.00120802870470481,0,0,1.53644425959251,1.7152795191737,0,0.00120802870470481,0,0.00120802870470481,0,1.89603060235639,0,0,0,0,0.114110403372294,0.00120802870470481,0,0,1.64338221296083,0,0,0,0.00120802870470481,0,0.00241459983667089,0,0,0.00120802870470481,0,0,0,0,0,0,0,0,0.906113346193476,0,0.00120802870470481,0,0,0,0.00120802870470481,0,0,0,0.658531372624796,0
"ola_mES_2i_3_56.counts",0.296106893476033,0.00554289809856143,0,2.95015438058532,4.3590089142011,4.38749984848353,3.00793617795868,0.168411523094707,0,3.21086747732484,3.66880161615749,3.20321824386308,2.63593605029827,0.506008343145141,4.83006746163276,2.97811991559503,4.69015177822572,0,0.0381701794828241,4.62573207597721,0.112885015636361,2.22865950157896,2.42500514006149,0,2.04919594734373,0.0165373659928221,5.07044056981702,0,4.89352784162278,0,0.040841670667546,0,0,0,0,2.27399787709391,0,0.163703671368278,0.529194984293451,0.00277528950928072,0,0.00277528950928072,0,1.5485405846524,0,0.00830286816611501,2.06447522998084,0,0,0.0165373659928221,0,0,0.534094369096881,0.0274122689246495,1.9307333950703,1.74476309188619,0,0,0.00554289809856143,0,0,0.00830286816611501,0,0,0,0,0.00277528950928072,0,0,0,1.95463107940305,0,0,0,0,0,0,0,0,0.00830286816611501,0,0.00277528950928072,0,0,0,0,0,0,0,0.00277528950928072,0,0.438429463884509,0,0.00277528950928072,0,0,0,0,0,0
"ola_mES_2i_3_57.counts",0,0,0,3.12309289845587,4.64985832308509,4.573310460854,2.85723173480721,0.0667821248777404,0.0599587913523058,3.2081006388981,3.51661352589373,3.23299356577508,2.67839480115894,0.0144347953874344,4.86599328087183,2.86647785650812,4.68312053290415,0,0,4.55097926445933,0,2.32005454996765,2.44323591905103,0,2.30675032760934,0,4.92754387951717,0,4.81020875939341,0.00724344288233375,0.0426939441345408,0,0,0,0.00181578548090416,2.23296565926082,0,0.00362827985992784,0.0752463364600365,0,0,0,0,1.43477153131069,0.00724344288233375,0.00362827985992784,1.86359206564263,0,0,0,0,0,0.137334857147413,0.00724344288233375,1.95177207698348,1.22134438583991,0,0,0,0,0,0.0162245819141839,0,0,0.223788169447539,0,0.962226221782595,0,0,0,1.90771006411548,0,0,0.00181578548090416,0,0,0,0,0.239644906087254,0,0.00181578548090416,0,0,0.00181578548090416,0,0.00724344288233375,0,0,0,0.476642894167329,0,0,0,0,0,0,0,0.0144347953874344,0.00181578548090416,0
"ola_mES_2i_3_58.counts",0,0.00431550408014808,0,3.11057115270371,4.62076537077589,4.30685020008206,2.74147222569239,0,0,3.35011158167727,3.56835107659841,3.18252560159863,2.7217600683205,0.0213936613092795,4.91370040706956,2.62759316104058,4.71044423159575,0,0.0107540406566637,4.60771526368362,0.277660044171068,2.31055118603653,2.20855653318946,0,2.22714991515676,0,4.9869089169686,0,4.8846607550997,0,0.00431550408014808,0,0,0.00216007998520071,0,2.30603596791154,0,0.372903802373634,0.00216007998520071,0,0,0,0,1.65062233116148,0,0,1.37469191137061,0,0,0,0,0,0,0,1.92730321504755,1.63049962887366,0,0,0,0,0,0,0,0,0.00216007998520071,0,0,0,0,0,1.63556839314215,0,0,0.00216007998520071,0.00431550408014808,0,0,0,0,0,0,0,0,0,0,0,0.00431550408014808,0,0,0,0.237550798864303,0,0,0.0587853878226354,0,0,0,0.00431550408014808,0.00431550408014808,0
"ola_mES_2i_3_6.counts",0,0.00694268845324709,0.00694268845324709,2.58592629591514,4.142106422385,4.13499649553524,2.68620780425958,0.0274861500945566,0,3.24882935961023,3.61723735500901,3.10323047361414,2.44589171605565,0.469471394863636,4.89171620926848,2.46027582249357,4.63142449666295,0,0,4.70833256794866,0,1.84414149497176,2.1623336448185,0,2.00651656323768,0,5.28188545460266,0,5.05287777196833,0.0206851146102635,0.0138375081305827,0,0,0,0,2.36022599923599,0.0409510121625516,0.0673487386405082,0.4867476811139,0,0,0,0,1.18940473026733,0.00694268845324709,0,1.31293557997808,0.00694268845324709,0.00694268845324709,0,0,0,0.0409510121625516,0.0930675096250949,1.60783704416521,1.34792755778944,0,0,0,0,0,0.184018864538774,0,0,0,0.00694268845324709,0.0409510121625516,0,0,0,1.84193529620522,0,0,0.00694268845324709,0,0,0,0.00694268845324709,0,0,0,0,0,1.01617651155475,0,0,0,0,0.00694268845324709,0,0,0,0,1.21866265323424,0,0,0,0,0,0
"ola_mES_2i_3_62.counts",0,0.00311355372801454,0,3.23497292121304,4.51848700042968,4.47094246339352,3.07783803594373,0,0,3.19101950696616,3.41322178721614,3.21955249784111,2.85531704568481,0.01547172260431,4.87632423373492,2.99080502720135,4.66540675391484,0,0.00414925442026598,4.64923576111819,0,2.25552222842478,2.25769897446251,0,2.3329631250793,0.00207677924761975,4.92131480457729,0.00207677924761975,4.84063858354574,0,0.615339861866041,0,0.00103892875021852,0,0,2.31166302186593,0,0.319389759639874,0.249804905054371,0,0,0,0,1.40148713834067,0,0.0865755714421103,2.19465263024849,0,0,0,0,0,0,0,1.99725816254401,1.57944678491037,0,0,0,0,0,0.00103892875021852,0,0,0,0,0.00103892875021852,0.0134226045446048,0,0,1.91680428919472,0,0,0,0,0,0,0,0.00103892875021852,0,0,0,0,0.00311355372801454,0.1828359614339,0.00828136364357591,0,0.00103892875021852,0.00207677924761975,0.527308063328767,0,0,0,0,0.00103892875021852,0,0,0,0.0605004893296112,0
"ola_mES_2i_3_65.counts",0,0.0107407515084088,0,2.75775684402481,4.50656257499101,4.34784003041275,2.83024375957644,0.429983632339902,0,3.30619749763881,3.59154103617094,3.30837218148887,2.76134664240172,0.0107407515084088,4.82598482756463,2.6457031646964,4.63678349308854,0,0.414051751430288,4.61766458102085,0,2.09387488519961,2.28247339864709,0,2.28384970336015,0.364674084209053,5.08097299706366,0,4.94418529407171,0,0.0576956518453275,0,0.00538479615275887,0,0,2.41101992145423,0,0.459401742555318,0.507670688768676,0,0,0,0,1.33701128628211,0,0.188861647604872,1.66526237478877,0,0,0,0.00269602257570128,0,0.223997898647282,0,1.5032014234604,2.12916785674952,0,0,0.00538479615275887,0,0,0.00269602257570128,0.00269602257570128,0,0,0,0,0.00806635960851926,0,0,1.92781315399022,0,0,0,0,0.00269602257570128,0,0,0.00269602257570128,0,0.00269602257570128,0,0.00269602257570128,0,0,0,0,0,0,0,0.00269602257570128,0,0,0,0,0,0,0,0.00806635960851926,0
"ola_mES_2i_3_66.counts",0,0,0,2.7892289851554,4.51184014469376,4.46835174469813,3.1285912372211,0,0,3.30862206145412,3.38218289847503,3.28363096408072,2.73703690304015,0.0190844576350818,4.96734096586301,2.71495817299693,4.69159497359345,0,0.000601935360688021,4.6573949277931,0,2.25009521611802,2.4031864441032,0,2.1256493658895,0.000601935360688021,4.92159747494025,0,4.8493660402107,0,0.000601935360688021,0,0.00120350861315241,0,0,2.05955161571435,0.000601935360688021,0.273765910996737,0.471325605133043,0,0,0,0,1.73582890240698,0.000601935360688021,0,1.61672915046242,0,0,0,0,0,0,0,1.85917617638494,1.89718814215773,0,0,0,0,0,0,0.0389703866018233,0,0,0,0,0.000601935360688021,0,0,1.95891285187678,0,0.000601935360688021,0,0,0,0,0.0279064459361548,0,0,0,0,0,0,0,0,0,0,0,0,0,0,0,0.00839430090768184,0,0,0,0.000601935360688021,0,0
"ola_mES_2i_3_69.counts",0,0,0,3.3275607003759,4.49966281666967,4.39743811811165,3.03091220378745,0,0,3.15470237498091,3.45197008970661,3.27866835543443,3.03178755081851,0.00236351785562382,4.91205544309676,2.58866043045161,4.72598351869359,0,0.0117621200851077,4.65890848130381,0,2.44489203902269,2.5502471157169,0,2.06348376284956,0,4.89845335209285,0,4.87313385395048,0,0,0,0.00236351785562382,0,0,2.04222100384965,0,0,0,0,0,0,0,1.64687638768726,0,0,1.71784482841766,0,0,0,0,0,0,0,1.80896681970655,1.69710697389288,0,0,0,0,0,0.000788460138852457,0,0,0,0,0,0,0,0,1.82422686171242,0,0,0,0,0,0,0,0,0,0,0,0,0,0,0,0,0,0.00157629909805737,0.00472146266400223,0,0.000788460138852457,0,0.00236351785562382,0.00157629909805737,0,0,0.000788460138852457,0,0.0226166647668028
"ola_mES_2i_3_7.counts",0,0,0,2.87790891973258,4.23376255438207,4.23318799604883,3.03091157212801,0,0,3.22685654347493,3.75490471149965,3.01089208233325,2.84243865854135,0.0695591500355065,4.91314378640995,2.76226720701895,4.5611579772832,0,0.00717772541232739,4.68327823417036,0,1.75494942053003,2.34739183346187,0,2.01554321090734,0,5.18193616885658,0,4.99394033726333,0,1.51145893418883,0,0,0,0,2.30482684346889,0,0.134592901988781,0.0491946815658949,0,0,0,0,0.351647578625887,0,0,1.55346750501579,0,0,0,0,0,0,0,1.89695843229489,0.991930650621135,0,0,0,0,0,0,0,0,0,0,0.00359530266010108,0,0,0,1.80297885145552,0,0,0,0,0,0,0,0,0,0,0.00359530266010108,0.105849876921524,0,0,0,0,0,0,0.497568611943591,0,0,0,0.0143042980252589,0,0,0,0,0.00359530266010108,0
"ola_mES_2i_3_73.counts",0,0.394034130982164,0,2.58117926146305,4.38279823180489,4.22112939341482,2.80760669557349,0,0,3.20965178457719,3.6922633118295,3.12888889532425,2.5384705977687,0.307895960356995,4.89554228065248,2.54550039753755,4.48113381447475,0,0,4.68427427613583,0.491712439472327,2.02717595307006,2.40536119567841,0,2.20291848029302,0,5.18923532713133,0,5.0090928072373,0.391801030154217,0.416095081964739,0.00330242565861682,0.0261189874108127,0,0,2.45485739955128,0,0.362307594604861,0.433399994791272,0,0,0,0,1.02469937786689,0,0.0131447664694849,1.72062789139385,0,0,0.0547097890013041,0.00330242565861682,0.0946158844891595,0.250352473939268,0.161538653744046,1.93409862131197,1.69423651450296,0.097620622212924,0,0,0,0,0.0794552584030441,0,0,0,0,0.0228911789997039,0,0,0.0293364105873424,1.84252589934409,0,0,0,0,0,0,0,0,0,0,0,0,0.521606576388517,0.00330242565861682,0,0,0,0.00330242565861682,0.032543515142474,0,0,0,0.704154558600151,0,0,0,0,0.00330242565861682,0
"ola_mES_2i_3_76.counts",0,0.00282923236482981,0,3.08081475249892,4.42234542145958,4.43478559895226,3.07977335056337,0,0,3.13623723376325,3.59335876378852,3.14871453159013,2.72688426229127,0.269128250712133,4.7900994758268,2.76738773806979,4.64680824169062,0,0,4.64190439514792,0,2.26811888359851,2.13433412484737,0,2.26929123282435,0,5.09457747701097,0,4.97641652572626,0,0.367983661016058,0,0,0,0,2.25096353643109,0,0.0168565571046906,0.164237369516361,0,0,0,0,0.824448987028056,0,0,1.66840264629189,0,0,0,0,0,0.00565048275144742,0,1.57378417833314,1.3481349257071,0,0,0,0,0,0,0,0,0,0,0.199664131840742,0.00282923236482981,0,0.00282923236482981,1.91603583213613,0,0.0334336745751425,0,0,0,0,0,0,0,0.00282923236482981,0,0,0.00282923236482981,0,0,0,0.00282923236482981,0.00565048275144742,0,0,0,0,0,0,0,0,0,0,0
"ola_mES_2i_3_77.counts",0.178653570907373,0.0033098803576724,0,2.77001808593961,4.19762547673392,4.31915219027667,3.00038053474353,0,0,3.36058225367024,3.73659027969161,2.96272032982559,2.8359368115212,0.00989695534989177,4.81300956739645,2.81807963566824,4.64443941704224,0,0,4.63247806057492,0,2.12426419587094,2.29505280136244,0,2.46962657919442,0,5.13703033031563,0,5.00301917641194,0,0.401449887862083,0,0,0,0,2.45293654620365,0,0,0.0765616442054386,0,0,0,0,1.94697239566455,0,0.0033098803576724,1.31334685786665,0,0,0,0.0033098803576724,0,0.139058549579164,0,1.74473665486976,1.37304665889497,0,0,0,0,0.0033098803576724,0,0,0,0,0,0,0,0,0,1.99680679988627,0,0,0,0,0,0,0,0,0,0,0,0,1.08385892283056,0,0,0,0,0.0033098803576724,0,0,0,0,0,0,0,0,0.0453701290266851,0.0033098803576724,0
"ola_mES_2i_3_78.counts",0.0094363468433371,0.000947651789959562,0,2.87959083018768,4.43215430649414,4.47773127595132,3.16248634866318,0,0,3.20559962128404,3.44592897348622,3.1500917846703,2.67936656805717,0.355990180653223,4.91493261196752,2.70568600514983,4.66173195048928,0,0,4.63092493985379,0,2.19184599414837,2.50173991954707,0,2.28231350086738,0,5.00198761039401,0,4.88547787344186,0.0298880980383783,0.00284026548585244,0,0,0,0,2.20499820851559,0,0.000947651789959562,0.179989672053034,0,0,0,0,1.60087604021174,0,0,1.8604969529161,0,0.163219330764383,0,0,0,0,0,1.84173450882415,1.63583057346871,0,0,0,0,0,0,0,0.00284026548585244,0,0,1.41957676925976,0,0.16482867819962,0,1.75658992802888,0,0,0,0,0,0,0,0.022499402326404,0,0,0.000947651789959562,0,0.121280671537407,0,0,0,0.000947651789959562,0,0.0463157221083477,0,0.0150557071638241,0,0.982640854145151,0,0,0,0,0,0
"ola_mES_2i_3_79.counts",0.0378725560800807,0,0,2.42019012917109,4.1724376126227,4.23000887909884,2.99719313784496,0.536621460870922,0.106103267829797,3.0427747724807,3.51316441560299,3.14573740162674,2.56140982030048,0.473747937402509,4.85321993882817,2.7902535936204,4.580179425125,0,0.0191155586389447,4.77539126032844,0.377974993566523,1.68286879681152,2.56675889659711,0,2.17528450698921,0.123310953887611,5.19940294765415,0,5.09811794861122,0,0.623054326030783,0,0.00385245588667771,0,0,2.28989270641977,0,0.945784888302126,0.0228952097415809,0,0,0.0341491970359283,0,0.694930786325756,0.0076901272953312,0.00385245588667771,1.41649564670332,0,0,0,0.0076901272953312,0,0.804314407792708,0,1.52381337784814,1.23643261469263,0,0,0,0,0,0,0.0115131272683552,0,0,0,0.0191155586389447,0,0,0,1.57862946355089,0,0,0,0,0,0.00385245588667771,0,0,0.00385245588667771,0.0076901272953312,0,0,0.0115131272683552,0,0.00385245588667771,0,0,0.0076901272953312,0,0.00385245588667771,0,0,0.00385245588667771,0.0191155586389447,0,0,0,0,0
"ola_mES_2i_3_8.counts",0,0.00495525191809635,0,2.91404114450565,4.41484464994582,4.34259221706264,3.1719188580205,0,0.009886070339005,3.29335571924506,3.56545601003183,3.22957688372418,2.83031511235013,0.209835247943265,4.85858971702752,3.09105679140972,4.63043888046743,0,0.00495525191809635,4.61732397451677,0.170824978339802,2.23860705239256,2.27475137063625,0,2.2816231776443,0.00248069527110442,5.05374898103465,0,4.95531210149915,0,0.00248069527110442,0,0,0,0,2.37733418796411,0,0,0.637462749860573,0,0,0,0,0.937018113193975,0,0,1.08003941659536,0,0,0,0.00248069527110442,0,0.313056400237758,0.0269549512362543,1.65770504612636,1.73859894351778,0,0,0,0,0,0,0,0,0,0,0.00495525191809635,0,0,0,1.6462796854925,0,0,0,0,0,0,0,0,0,0.00248069527110442,0,0,0,0,0,0,0,0.00495525191809635,0,0,0,0,0.345224259329612,0,0,0,0,0,0.0172370087042656
"ola_mES_2i_3_80.counts",0,0,0,3.0177809202494,4.37717895204193,4.35623167978933,2.96580431961127,0.451079649143049,0.382233945929707,3.27210464568654,3.49644534084879,3.15885406411363,2.76166257044006,0.0774949824444433,4.82548259752315,2.66096525875014,4.5734775991355,0,0.0148113992575994,4.68538690606638,0.0206750742773721,1.99964836715867,2.18465417303425,0,2.33351018852199,0.00891313865479014,5.11340954576358,0,5.03149517919308,0,0.0148113992575994,0,0,0,0,2.49408497336153,0,0,0.151980853885009,0.00297988205628002,0,0,0,0.745352963923503,0,0.0323002734970904,1.42129841130542,0,0,0,0,0,0,0,1.66834785105622,1.4684376632358,0,0,0,0,0,0.00891313865479014,0,0,0,0.00297988205628002,1.06711629556154,0,0,0,1.63748974085389,0,0.00297988205628002,0,0,0.00297988205628002,0,0,0.00297988205628002,0,0.00297988205628002,0,0,0.139080245645643,0,0,0,0.00297988205628002,0,0,0,0.00297988205628002,0,0,0,0,0,0,0.0466442644114872,0
"ola_mES_2i_3_82.counts",0.00377766642198752,0.00189061705538264,0,3.05763249775326,4.37609978583511,4.45083402061435,3.06842483365519,0,0,3.42035237400582,3.74648226368353,3.14609975443641,2.83878063644636,0.215381895950775,4.85064909649689,2.96702004376577,4.57965240354443,0,0,4.66049009587616,0,2.22226170221207,2.53237955350959,0,2.41083778658109,0,4.97367993631069,0,4.91809768828735,0.127736172844973,0.34270957684341,0,0,0,0,2.27479050680678,0,0,0.213855010256039,0,0,0,0,1.66762098022148,0,0,1.1285295915315,0,0.00189061705538264,0,0.00377766642198752,0,0.0168882361376642,0,1.8602785383904,1.57528548769404,0,0.00189061705538264,0,0.00189061705538264,0,0,0,0,0,0,0.0353243847903452,0,0.00189061705538264,0,1.66332671375953,0,0,0,0,0.00189061705538264,0,0.119373913281319,0.00189061705538264,0,0.00189061705538264,0.0224548568120629,0,0.623169503159867,0,0,0,0,0,0.222981548290304,0,0,0,0.00189061705538264,0,0,0,0,0,0
"ola_mES_2i_3_83.counts",0,0.00801464015419291,0,2.97670631289912,4.4403883871669,4.28434783637209,2.83335975433057,0,0,3.25660727942836,3.5516028767914,3.05742365317363,2.79607328453081,0.044589715601136,4.8554869608904,2.65584823596541,4.58753017722527,0,0.00267869022291605,4.62750680128997,0.0186018751465617,2.12828094365475,2.38706627233688,0,2.12476242286869,0,5.11076215612891,0.00267869022291605,4.99152165654646,0.0186018751465617,2.17323489997671,0,0,0,0.0573346837792656,2.23105760928344,0.00267869022291605,0.0106719758271831,0.181061432184886,0,0,0,0,0.524341618368604,0,0,1.37723359524468,0,0,0,0.00801464015419291,0,0,0,2.04196067783595,1.56598348531958,0,0,0.0106719758271831,0.00535022422954097,0,0,0,0,0,0,1.71509359638545,0,0,0,1.71990866642809,0,0,0.00267869022291605,0,0,0,0,0,0,0,0.00267869022291605,0.00267869022291605,0.00267869022291605,0.00535022422954097,0,0,0,0,0.0674149824326742,0,0,0,0,0.623999012097395,0,0,0,0,0
"ola_mES_2i_3_84.counts",0,0.00175363881059616,0,2.56967499262284,4.53413916422201,4.24161977374198,3.04453413883719,0.0776442867259982,0.0905530425979381,3.24089896870853,3.49038423899142,3.23061325738714,2.93540308671165,0.24613575016979,4.90641094161802,2.81067166552037,4.66743794264585,0,0,4.60005734706728,0,2.16432698731888,2.39559014449086,0,2.31137715303551,0,5.06841402334382,0,4.9037842116082,0.00175363881059616,0.403272830568694,0,0.00175363881059616,0,0,2.28796571390689,0,0.12055957342276,0.311210753455875,0,0,0,0,1.05588897148631,0,0.0122113780458553,1.82379496078446,0,0,0,0,0,0.287794836237438,0,1.83450307999777,1.65842605772327,0,0,0.00699617890467073,0,0,0.142107388003048,0.488646677031524,0.00525171756175773,0,0,1.67500060339817,0,0,0,1.52907568219086,0,0,0,0,0,0,0,0,0,0,0,0,0.0841194940146173,0,0,0,0,0,0.384331592395887,0,0.0694908667941884,0,0,0,0,0,0,0.00350420775476564,0
"ola_mES_2i_3_87.counts",0,0,0,2.77808673941287,4.28502956565525,4.28851571476341,2.81727992903996,0,0.133929556117916,3.33041925715336,3.46411279196126,3.0767781726059,2.87675234669322,0.0360876735836772,4.83576775793137,2.51582294651663,4.59095271094723,0,0.187128096623989,4.66094118543763,0.101261110245334,2.13486597194399,2.42708625136813,0,2.12745088287684,0.0501658203125691,5.18286594020609,0,5.03112900156183,0.334230274107649,0.721883338153465,0,0.00366793866167183,0.0431515210204525,0,2.23800193582278,0,0.0501658203125691,0.328955068209023,0,0,0,0,1.14145170055578,0,0.0605958724847738,1.75580407476188,0,0.527395587264314,0.0182066179821603,0,0,0.0396258345316734,0,1.87138854923551,1.65010017817718,0,0,0.208236550583797,0,0,0.0605958724847738,0,0.00732247270167432,0,0,1.50858665522506,0.010963699738766,0,0,1.51183306085907,0,0,0,0,0,0,0,0,0,0,0,0.00366793866167183,0.920398652372627,0.00366793866167183,0,0.00366793866167183,0,0.00366793866167183,0.0431515210204525,0,0.00366793866167183,0,0,0.00366793866167183,0,0,0,0.0182066179821603,0
"ola_mES_2i_3_88.counts",0,0.00243219172705716,0,3.38557972582973,4.36134346581574,4.26567166296363,3.0128276479546,0,0.0613903986748748,3.35170277220157,3.47375397973844,3.16795844726918,2.82668420368942,0.17594879420678,4.7906607742577,2.81726814559703,4.66232519602103,0,0.0048584822474811,4.59600752395851,0.0048584822474811,2.08079092258698,2.33496195448245,0,2.31158666307722,0.00243219172705716,5.12725060799388,0,4.97315206262409,0,0.0072789001280719,0,0,0,0,2.1930990488807,0,0,0.0795458132533748,0,0,0.00243219172705716,0,1.83300100110644,0,0.0072789001280719,1.83222177583507,0,0.00243219172705716,0.0121022312042972,0,0,0.20215194125341,0,1.59392413744154,1.64455805059335,0,0,0,0,0,0.0048584822474811,0,0,0,0,0.00969347372869944,0,0,0,1.84500198752159,0,0,0,0,0,0,0,0,0,0,0,0,0,0.00243219172705716,0,0,0,0.0048584822474811,0.00969347372869944,0,0.0072789001280719,0,0,0,0,0,0,0,0
"ola_mES_2i_3_90.counts",0.0285010301854694,0,0,3.3479424526222,4.61678310735338,4.31119706061648,2.84558175668725,0,0.446694942089602,3.3042226891218,3.60373924855014,3.21272113960333,2.40104082715739,0.286568061695459,4.78286558421414,3.07448492843291,4.62932779148024,0,0,4.57496846251827,0,2.24370579653262,2.56721751097036,0,2.39887411324879,0.00125621371145281,5.02670484350424,0.00125621371145281,4.88938771098271,0.00251085132971964,0.0162089621421942,0,0,0,0,2.23755402380865,0,0,0.689026416290112,0,0,0,0,1.6121563799174,0,0.00251085132971964,1.65941069578881,0.00125621371145281,0,0,0,0,0,0,2.09072197335577,1.79787594790156,0,0,0,0,0,0.0691987473972937,0,0,0,0,0.00125621371145281,0,0,0,1.87653152128046,0,0,0,0,0,0,0,0.00125621371145281,0,0,0,0,0,0,0,0,0,0,0.151355691935459,0,0,0,0,0,0,0,0,0,0
"ola_mES_2i_3_91.counts",0,0,0,2.74445344656438,4.48017648860356,4.31200183769609,3.00054801654329,0,0.00392002101342884,3.33189206780421,3.59004000199275,3.00074343969464,2.83722173419675,0.145924284610534,4.74224695639098,2.50800413713405,4.52512621162588,0,0.0497994513225035,4.66702300273698,0,2.0640014316025,2.37074661939302,0,2.06996684700355,0.0117142623648764,5.16544619548541,0,5.04669992250545,0.822642321927487,1.75032306238868,0.00392002101342884,0.00782473544471159,0,0,2.40713259487055,0.0385254171178426,0.15605604932298,0.182582715692956,0,0,0,0,1.3515227131696,0,0.0497994513225035,1.53830748415089,0,0,0,0.00392002101342884,0,0.305587316598868,0,1.62394019927196,1.22025462965359,0,0,0.00392002101342884,0,0,0.0194482230572741,0,0,0,0,0.27622534048103,0,0,0.00392002101342884,1.56164963818334,0,0,0,0,0,0,0,0.00392002101342884,0,0,0.00782473544471159,0,0,0,0,0,0,0,0.00782473544471159,0.00392002101342884,0,0,0,0.00392002101342884,0,0,0,0.00782473544471159,0
"ola_mES_2i_3_92.counts",0,0.00718670970414353,0,2.87245275212729,4.44454803802751,4.42170422035564,2.96647721611782,0,0,3.28397607949092,3.56437950178065,3.12078810570581,2.90824746335903,0.0237575286341121,4.80741232206629,2.78837844982203,4.58976232617064,0,0.0307761027817347,4.63333269163347,0,2.15032524968896,2.2582318649304,0,2.16643250781601,0.0166893457155018,5.09461831485245,0,4.98681002023631,0,0.0852188436852365,0,0.00718670970414353,0,0,2.386378667869,0,0,0.291917103775755,0.00240131323081017,0,0,0,1.1532858168516,0.00240131323081017,0,1.79228224577222,0,0,0,0,0,0.0143221389306823,0,1.66428169197091,1.59892166063314,0,0,0.00240131323081017,0,0,0.00479687396717153,0.00240131323081017,0,0,0,0.00240131323081017,0,0,0,1.93324812072108,0,0,0.00240131323081017,0,0,0,0,0.183947476085614,0,0.00240131323081017,0,0,0.00240131323081017,0.00240131323081017,0,0.00240131323081017,0,0,0,0,0,0,0.0606332486098267,0,0,0,0,0.0119493151787492,0
"ola_mES_2i_3_96.counts",0,0,0,2.8794935876828,4.37552221330317,4.25566543864278,2.88613613541565,0,0,3.07430902189519,3.40463679967019,3.02640844571556,2.41850004538459,0,4.70926853833493,2.62894006038464,4.44951095908693,0,3.50331323163385,4.55859683809639,0.235372617803408,1.93726855869697,2.15614458097891,0,1.95910223833433,3.09951840699691,4.98163227765009,0,4.88102417906659,0,0.190028084914296,0,2.07987242194143,0,0,2.30120891617717,0.00215523827677486,0,0.0360219120820523,0,0,0,0,1.16942228540077,0.00215523827677486,3.21778229233345,1.32429192858163,0,0,0,0,0,0,0,1.78800185546766,1.68945545929335,0,0,0,0,0,2.85768831322664,0,0,0,0,0.00430584148939741,0.00215523827677486,0,0,1.44319113628567,0,0,0.117906248855406,0,0,0,0,0,0,0,0,0.00430584148939741,0,0,0,0,0,1.49192097670094,0,0.00215523827677486,0,0,0,0,0,0,0,2.41407098711284,0
"ola_mES_2i_4_1.counts",0,0,0,3.22447724041438,3.0880014699884,3.78036453448101,3.37332343714118,0,0,3.69756408732648,3.52848728494654,1.96551192404725,2.37580119601917,1.80327457307886,4.77545193698259,3.95861315125081,3.99227335228262,0,0.0666980492492034,4.68828181331865,0,2.73535950682218,2.12585672122586,0,0.0339050003023521,0,4.75932490563397,0.0339050003023521,4.9173110937054,0,4.50029504335394,0,0,0,2.16618525459024,1.5155868186959,0,2.74204853971601,3.33107197861223,0.0339050003023521,0,0.0339050003023521,0,0,0,0,0,0,0,0.0339050003023521,0.129224271883619,0,0,0,2.51053500202352,1.2962184154653,0,0.0666980492492034,0,0,0.0339050003023521,0.0339050003023521,0,0,0,0,0,0,0,0.0339050003023521,3.09427111248326,0,0,0.0339050003023521,0,0,0,0,0,0,1.88506534475752,0,0.0339050003023521,0.881260007628638,0.0339050003023521,0,0,0,0.0339050003023521,1.3863719523435,0,0,0,0.0339050003023521,0.0666980492492034,0,0,0,0,0
"ola_mES_2i_4_10.counts",0,0,0,0.251457367103334,4.32665758123057,3.17568940004139,2.75970771095546,0.0690357552790288,0,3.29645612006118,3.80570268242085,3.12360881474173,3.19637015517572,1.59556179555615,4.69786553106078,2.85871707361587,4.57387356555902,0,0,4.16840513883926,0,0,2.43043333109344,0,2.77319160672528,0,5.16297337204583,0.251457367103334,4.75484329053581,0,0.452219012997562,0.0690357552790288,0,0,0,2.56554296955348,0,3.29115094118206,3.40893663647303,0,0,0,0,0,0.0690357552790288,0.0690357552790288,0,0.0690357552790288,0.762483070902005,0.133611798226156,0,0,2.74603951178205,0.405679508680721,3.31480569164002,1.81582837386325,0,0,0,0,0,0,0,0,0,0,0.133611798226156,0,0,0,1.35040310025603,0,0,0,0,0,0,0,0,0.133611798226156,0,0,0,3.67330420933007,0.133611798226156,0,0,0,0,2.4429341970497,0,0,0,0,0.0690357552790288,0,0,0.0690357552790288,0,0.49668856925065
"ola_mES_2i_4_11.counts",0,0.219891836373329,0,2.73622259622799,4.63058476745003,4.09067329619472,1.59636712529727,0,0,0.939081986322412,4.21192475109938,2.03345425835956,3.18975614574217,3.7490854047326,5.14565393896002,2.47682632431688,3.36007816310966,1.91995130520243,0.0787932990869654,4.54467703200094,0,0.453534103067081,1.77814034080982,0,0.552634833730799,0,4.75304586106775,0,4.57046942770721,0,4.20460941168491,0.0787932990869654,0,0.0787932990869654,0,2.84200916804136,0,3.16237574004182,1.30978083419735,0,0,0,0,0,0,0,2.17340558787198,0,0,0,0.0787932990869654,0,1.08773186481242,0,0.400039694060235,1.39458096839124,0,0,0,0,0,0,0,0,0,0,2.22786649389422,0.15182910574293,0,0.0787932990869654,1.50965471686834,0,0.0787932990869654,0,0,0,0,0,0,0,0,0,0,1.08773186481242,0,0.15182910574293,0,0,0.15182910574293,0.34352109411444,0,0,0,2.85152407821603,0.283615773952534,0,1.59636712529727,0,0,0
"ola_mES_2i_4_13.counts",0,0.0583596151855826,0,1.63834302832842,2.69612034818483,3.22996792558851,2.2673564011103,0,0,2.32774663877003,3.35074718655733,2.1343939985438,1.74878170719706,1.07263680226485,4.32199716324435,0.986820882679993,3.95511933476408,0,0.215421505220299,3.76276418706593,0,0,2.07582925599392,0,0.215421505220299,0,4.18087505437438,0,4.14153087680956,0,6.26746963363088,0.0583596151855826,0,0,0,1.87623022841732,0,3.02487089791405,2.39570756682848,0,0,0,0,0,0,0,0.470604410279126,0,0,0,0,0,0.113500373864383,0,0.113500373864383,0.351130757144835,0,0,0.0583596151855826,0,0,0,0,0.30790881794192,0,0,2.12007121001429,0,0,0,1.18895677986947,0,0,0,0.940983344464527,0,0,0,0,0,0.30790881794192,0.113500373864383,0.0583596151855826,0.165758867533257,0.0583596151855826,0,0,0,0.0583596151855826,3.04509461831922,0,0,0,0.0583596151855826,0,0,0,0,0,0
"ola_mES_2i_4_17.counts",0,0,0,1.3917515117022,4.14943088266605,4.29429182182272,2.43119176882464,0,0,3.10898219998417,3.05273368207495,1.74693887423044,0.835845024570934,1.16476254521798,4.29206028573438,0.282687588740885,4.32825860817721,0,0.0785085986018337,3.85495990383966,3.99961735521991,0,2.36437359323016,0,1.54228681236546,0,4.75986489104616,0,4.28645956137214,0,4.87661779214483,0,0,0.870638403347903,0,2.04085114274109,0,1.48845636614253,1.74693887423044,0.0785085986018337,0,0,0,0,0,0,0,0,0,0,3.87549998964655,0,1.80232094525369,0,0,0,0,0,0,0,0,0,0,0,0,0,4.92522282824122,0,0.0785085986018337,0,0,0,0,0,0,0,0,0,0,0,0,0,0,2.92537921108036,0.151299744332365,0.398800237766288,0,0.219149961928448,0.0785085986018337,0,0,0,0,0,0,0,0,0,0,0
"ola_mES_2i_4_18.counts",0,0,0,0,3.84951949133525,4.13186485787192,2.09114913009212,0,0,3.64214591371139,4.25795256928816,3.5239204799527,3.32561563857321,3.76772525264024,4.82381783428161,2.72983168419861,4.51191917861636,0,0.132679724723505,4.39472938053632,0,1.09406165510411,0.883289006162438,0,2.36538402018977,0,4.74927544368908,0.132679724723505,4.83628190695148,0,2.07346457782125,0,0.132679724723505,0,0,2.56956629148706,0,1.45005221439197,0.615890976684834,0.132679724723505,0,0,0,0,0,0.132679724723505,0,0,0,0,0.132679724723505,0,0.132679724723505,0,1.04538550951983,0.132679724723505,1.54521716146059,0,0.132679724723505,0,0,3.17743880963075,0,0,0.132679724723505,0,0.132679724723505,0.132679724723505,0,0,0.132679724723505,0.132679724723505,0,3.7545258318398,0,0,0,0,0,0.132679724723505,0.132679724723505,0,0.249799850179941,2.17516439042636,0,0,0.132679724723505,0,0.132679724723505,2.29643683270657,0.354629721091964,0.94029098668177,0,0,0.883289006162438,0,0,0,0,0
"ola_mES_2i_4_2.counts",0,0.0380918631491493,0,1.28131880238561,4.19662653454685,3.49335410552135,1.98915188618549,0,0,2.79459134142598,3.88165485632103,3.6688153047863,2.99892164541466,1.32353898130417,4.56706539594142,3.3797310855107,4.15943105641141,0,0.0566071390705414,4.29317043792828,1.68766217879922,1.94294939765071,0.914219126689251,0,1.95401418076859,0.0192272943649272,4.60951147016778,0.0192272943649272,4.80452518681432,0,5.40005656152978,0.0192272943649272,0,0,0.144365792318954,1.77691183419709,0,0.270495170469299,2.68559896440578,0,0,0,0,1.78671548186935,0.0192272943649272,0.0192272943649272,0.0747858222167922,0,0.0380918631491493,0,0.0380918631491493,0,1.33382126673208,0,0.110180856759661,0.0380918631491493,0,0,0.0192272943649272,0,0,0,0,0.0192272943649272,0,0,0.43409999977351,0,0.0192272943649272,0,0.849945657976295,0,0,0,0,0.0380918631491493,0.0192272943649272,0,0,0,0.127419393654506,0,0.0566071390705414,0.092639932373065,0,0,0,0.0192272943649272,0.0192272943649272,3.19827011072601,0,0,0,0,0,0,0,0,0,0
"ola_mES_2i_4_20.counts",0,0.0821749888368059,0,0.863030158644696,2.48892392088582,4.58621468179618,0.898525082998758,0,0,2.920867697225,4.00342634517405,3.12097098344901,3.21122760402994,0.663771643470189,4.7640636751845,3.224941665837,4.33332189851005,3.66424657766327,0.158107018785186,3.91181058136039,2.68223156938422,1.63139447652873,2.36012978979772,0,0.663771643470189,0.0821749888368059,4.92749445731716,0.0821749888368059,4.0945101303352,1.31926329915995,4.07286975995673,0,0,1.42765064248269,0,2.12412042593116,0,2.7167820936794,3.64205677763105,0,0,0,0,0,0.0821749888368059,0,0.618670204711999,0,0,0,0.158107018785186,0,0,0,0,2.43037461290868,0,0,0,0.0821749888368059,0,0,0,0.158107018785186,0,0,0.158107018785186,0,0.0821749888368059,0,2.14438947283119,0,0,0,0,0.0821749888368059,0,0,0.228678053501167,0,0,0,1.31926329915995,4.160770860168,0,0,0,0,0,3.60549598330861,0.0821749888368059,0,0,0,0,0,0,0,0,0
"ola_mES_2i_4_21.counts",0.0824461423068835,0.158609613642701,0,0,3.61579298717672,4.1547548161298,2.78571549152077,1.0614931813377,0.415838526862736,2.35511687761266,4.40512913832773,2.80149399869492,2.01908813179302,3.65433462591538,4.32767553177771,2.25214179278005,3.81430291139264,0,0,4.74305912125118,3.17938501680325,2.33867400657833,2.71998737727184,0,0,0.0824461423068835,4.70022720083847,0,5.01077049751459,0,3.42261191314987,0,0.295472207297753,0.0824461423068835,0,2.20589548163381,0,1.43026025680122,3.71474519548916,0,0,0,0,0.0824461423068835,0.229380506524005,0.295472207297753,0,0.0824461423068835,0,0.229380506524005,0.0824461423068835,0,2.2788966168599,0,0.572933382749448,0,0,0,0,0,0.0824461423068835,0,0,0,0,0.0824461423068835,2.86712905048582,0,0.35746528124771,0,2.43350479348386,0,0.229380506524005,0,0,0,0,0,0,0,0.158609613642701,0.0824461423068835,1.84503029595136,0.35746528124771,0,0,0,0,0,2.94241054416866,0.0824461423068835,0.0824461423068835,0,3.78350969407065,0,0,0,0,0.0824461423068835,0
"ola_mES_2i_4_22.counts",0,0,0,3.06396884537273,4.46329777070819,3.92980215975548,2.6084007232399,2.66737138075358,0,1.67333189600505,4.54537640449524,2.00036486209624,3.78160898732477,2.10614370028683,4.4751084666377,1.40922530218381,4.36342689186941,0,0,4.55409390549028,0,0,2.63832068133149,0,1.1841907953739,0,4.79066539557233,0,4.85532701438271,0,3.55003204188218,0,0,0,2.26797230373504,2.33003979145846,0.187462956294373,2.47887474869029,3.50769127542286,0,0,0.187462956294373,0,0.187462956294373,0,0,0,0,0,0,0,0,0,0,3.09244727681576,0.893349162631748,0,0,0,0,0,0,0,0,0,0,3.00445698889269,0,0,0.187462956294373,1.1841907953739,0,0,0.187462956294373,0,0,0,0,0,0,0,0,0,0.187462956294373,0.187462956294373,0,0,0,0,0,0,0,0,0,0,0,0,0,0,0
"ola_mES_2i_4_23.counts",0,0.196091137517712,0,0.922854928876642,4.07486077490561,2.57503035542327,2.76933386420731,2.37478483315229,0,2.95478389900883,3.44455342446676,1.15258828986991,1.8919942189176,3.15829019709218,4.36105434612093,1.21876750046494,3.97424081152505,0,0.624092410648289,3.98235062987225,3.60400852932494,1.08171704262522,0,0,1.58912909118549,0.832833767824108,4.17297312555068,0.196091137517712,4.58772249595426,0,5.30093093260897,0,0,1.49653894414427,1.08171704262522,1.39449289679419,0,0.196091137517712,2.90859484481995,0,0,0,0,0,0,0,0,0.196091137517712,0,0,0,0,1.39449289679419,0,0,0,0,0,0,0,0,0,0,0,0,0,4.66409288119691,0,0.196091137517712,0,0.359962428515592,0,0,0,0,0,0,0,0,0.196091137517712,0,0,0,4.58772249595426,0,0,0,0.196091137517712,0,1.00543732045494,0,0,0,0,0,0,0.624092410648289,0,0.196091137517712,0
"ola_mES_2i_4_24.counts",0,0,0,3.4002594321266,3.77315549878346,3.30828015998333,1.77348610189246,0,0,0.385481860606866,3.24067026630366,3.55681439254133,1.58034800598168,0.0898996860504337,4.72516108989059,2.43721760994592,3.81961351531472,0,0,4.05398853579489,3.05954888287313,0,1.38880742685445,0,2.78157256211232,0,4.88375565251522,0,4.57512206265635,0,1.8794356091706,0.0898996860504337,0,0,0.0898996860504337,2.59648661435201,0,1.70748930563882,2.10936055531321,0.17237984848537,0,0.0898996860504337,0.0898996860504337,0,0,0,1.18097497338744,0.385481860606866,0,0.17237984848537,0.17237984848537,0,0,0,1.94878170918428,0,0,0,1.20944178415374,0.0898996860504337,0,0,0,0.17237984848537,0,0,4.71509921724003,0.319368304089557,1.23712061513892,0,0.0898996860504337,0,0,0,0,0,0,0.17237984848537,0.0898996860504337,0,0,0,0.0898996860504337,4.94318053791937,0,0,0,0,0.17237984848537,3.92896271458399,0,0,0,0,0,0,0,0,0,0
"ola_mES_2i_4_25.counts",0,0.457241377631884,0,2.09204296855784,3.56112842440491,3.26642298079804,2.80379945884992,0,0,1.95825598487761,4.39444915467244,2.87167962488401,1.93759409281366,2.80379945884992,4.92903743254795,0.25452986513488,4.18855620297274,0,0,4.73530814626892,0,2.41098446490838,2.98772932069119,0.361013345537331,1.15496522521924,0,5.0531023116355,0,4.96203351797778,0,0.7698398013482,0,0,0,0,2.50995268171409,0,2.73097384100415,2.90396652944709,0,0,1.53108459818759,0,1.00764051046238,1.67669013944327,0,2.3011347664164,0,1.95825598487761,0,0.135341347869762,0.135341347869762,0.953279301243496,0,0,0.953279301243496,0,0,0,0,0,0,0,0,0,0,0,0,0.135341347869762,0,1.56195124616811,0,0.135341347869762,0,0,0,0.361013345537331,0,0.135341347869762,3.32545299141044,0,0,0,3.16161510400479,0,0,0,0,0,3.14926164239512,0,0.135341347869762,0,0,0,0,0,0,0,0
"ola_mES_2i_4_26.counts",0,0.0654984271658659,0,1.68638391099975,3.34213703247264,3.42258970579636,3.08104513765338,0,0,2.71783095482871,3.83628620614068,3.71700026664911,4.35538797912317,0.0654984271658659,4.8556351820993,1.13089320729498,4.01256002013701,0,0.184879261438384,4.12258986524447,0,0.43277443336327,2.18827955490093,0,0.0654984271658659,0,5.14308366403656,0,5.09904099929468,0,3.85795480639767,0,0,2.60438053160827,0,2.49889375356982,0,0.126969260373147,2.47639219949869,0,0,0,0,0,0,0,0.0654984271658659,0,0,0,0.0654984271658659,0,1.23456352688787,0,0,0.0654984271658659,0,0,0,0,0,0,0,0.184879261438384,0,0,0,0,0,0,0,0,0,0,0,0.126969260373147,0,0,0,0,0.0654984271658659,0,0,3.07793251752232,0.0654984271658659,0,0,0.556526241984558,0,3.88890949468579,0,0,0,0,0.826860476357488,0,0,0,0,0
"ola_mES_2i_4_27.counts",0.374352853849966,0,0,0,3.97264677256162,1.12772781624319,4.07492362741897,0,0,2.66999408379014,3.77274006200882,3.68781641198732,1.99561170456737,0.086920562840723,5.37124268229405,0.434933390111026,3.73660527749003,0,2.63153076240904,4.54027998660052,0,0,2.79957774013037,0,2.48390724026494,0,4.62833957444008,0,4.62300154046243,0,4.64592999186926,0,0,0,0,1.59022065681844,0,2.46864116660744,1.80588612055093,0,0,0,0,0,0,0.24092851805488,0,0,0,0,0,0,3.07333550528813,0,0,0,0.24092851805488,0,0,0,0,0.166886421330744,0,0,0,0,2.7715665872517,0,2.87919029456581,1.66166429841764,0,0.166886421330744,0,0,0,0,0,0,0,0,0,0,0,2.33731811873225,0,0,0,0,0,0,0,0.166886421330744,0,1.98319103614465,0,0,0,0,0,0
"ola_mES_2i_4_29.counts",0,0.208304960728212,0,1.10097684204698,3.45707666533064,3.99956097936989,1.61227470629481,0,0,2.4422329126872,1.54871486057674,3.41989342213031,2.92320142314238,2.34352935887165,4.94351213085928,2.63129664191404,3.61228564521557,0,0.0743615847563196,4.7011917216287,0,1.22173901174329,2.55631370461116,0,2.18312742758118,0,5.12748765361119,0,5.14428749152795,0.143574201816999,2.70104719776729,0,0,0.0743615847563196,0,3.00293952581823,0,0.143574201816999,2.9190426175442,0,0,0,0,0.269099173425489,0,0,2.60881797647964,0,0,0.0743615847563196,0,0,1.59675945417433,0,0,0.0743615847563196,0,0,0,0,0,0.0743615847563196,0,0,0,0.0743615847563196,0,0,0,0,0,0,0,0,0,0,0,0,0,0,0.0743615847563196,0,0,0,0,0,0,0.0743615847563196,0,0.326408310573771,0.43202500373059,0,0,4.72680833752311,0,0,0,0,0,0
"ola_mES_2i_4_30.counts",2.29284815453231,0.159458672117064,0,0,3.25734823787498,0.359204372540408,2.86275146220164,2.83268440766374,0,3.07938819874164,3.27711374534238,1.65545410398647,2.63039464968203,3.34336961286006,4.4002800191448,0.0829043578959487,3.67541073162102,0,0.0829043578959487,4.05531364867178,0.668248176199442,0,0.668248176199442,0,0.417806878336165,0,4.26895429130319,0,4.03411900575366,0.711603182187499,5.94930750190833,0.0829043578959487,0,1.4346563602581,0,2.64890581261448,0,3.0873068682968,3.15956268601322,0.0829043578959487,0,0,0,0,0,0,1.22971687636079,0,0,0,0.0829043578959487,0.0829043578959487,2.63039464968203,0,0.417806878336165,0,0,0,0,0,0,0,0,0,0,0,3.63290530060104,0,0,0,1.60465512133203,0,0,0,0,0,0,0.0829043578959487,0.575455980949274,0.0829043578959487,0.0829043578959487,0,0.0829043578959487,0,0.0829043578959487,2.03545280220632,0,0,0,1.77951143050602,0,1.70379682308726,0,3.07140632301727,0,0,0,0,0,0
"ola_mES_2i_4_31.counts",0,0.0493342613306785,0,2.99647539779356,3.25155927883981,2.35688438370735,1.67693679905672,0,0,3.84734179517229,2.674326505632,3.02388980518592,2.93928339321514,0.339732387802247,4.59417335852205,3.02142841089322,4.36149644935594,3.4088448126221,0.303063323888765,4.13427529288992,0,1.88142653256428,0.747906192958184,0,2.76430503806944,0,4.40690794733715,0,4.59723650143257,0,5.0495415070704,0,0,1.2169458397444,0,1.91178386545621,0,1.23181069709787,0.698845489012368,2.55992629859617,0,0,0.0493342613306785,0,0,0,0,0,0,0,0,0,0.339732387802247,0,1.92662379529272,0.264998288391258,0,0,0,0,0.0963486539840471,0,0.0493342613306785,0,0,0,4.92062153847645,0,0,0,0,0,0,1.95565888905696,0,0,0,0.620423130256708,0,0,0,0,0,3.38343151763407,0,0,0,0,0,0,0,0,0,0.3751042581399,0.771562497888605,0,0,0,0,0
"ola_mES_2i_4_32.counts",0,0.171756558168099,0,0,4.26911218006108,4.71958329734749,1.78604342293903,0,0,3.19554956032541,4.21662244496737,2.02268675887151,2.46596610745613,2.22409416485327,5.12764307278237,1.05566560086555,4.52459241842737,0,0,4.15536482668472,1.45379012574354,1.704262467157,1.17824409816292,0,2.42536722003633,0.0895612947386984,4.77326899353295,0,4.57894433168537,1.93191919407304,1.51740727362762,0,0,0,0.0895612947386984,2.97305124547727,0,2.59982269605884,2.37436741180634,0.0895612947386984,0,0,0,0,0,0,0.559361442305115,0,0,0,0,0,0.611529949362301,0,0,0,0,0,0,0,0,0.0895612947386984,0,0,0,0,3.50910220770771,0.171756558168099,0.0895612947386984,0.0895612947386984,0,0,0.915934629875284,0,0,0.0895612947386984,0,0,0,0,0,0,0,0.171756558168099,0,0,0,0,0.171756558168099,3.98434235964363,0,0,0,0,0.0895612947386984,0,0,0.0895612947386984,0,0
"ola_mES_2i_4_33.counts",0,0,0,0.925079998941952,2.11968159792326,3.78062538680866,1.65402349056465,0,0,1.63222164817016,2.9524120702527,1.32502388418604,2.41622680058405,1.51545612440656,4.36541369758509,1.89270470476694,3.89587093656047,0,0.0548413080867262,3.75457339366457,0.106830768654048,0.0548413080867262,0.879346246824563,0,0.549766601170147,0,4.32072544059586,0,4.39227539071903,0.855670338021047,6.14833422045898,0,0,0.0548413080867262,0,1.6431819832322,2.603785226078,3.2461546717212,0.203342276968239,0,0,0,0,0.672097369629907,0,0,0,0.106830768654048,2.0711415057058,0,0.106830768654048,0,2.86640069374758,0,1.30992675117457,0.8065674677371,0,0,0,0,0,0,0,0.248315906474852,0,0,0.968813328424242,0,0,0,0,0,0,0,1.69625102484887,0,0,0,0,0,0.0548413080867262,0.0548413080867262,0,0.94718572014661,0,2.50753149230227,0,0,0.106830768654048,2.90725617726084,0,0.156250380124435,0,0,0,0,0,0,0,0.106830768654048
"ola_mES_2i_4_34.counts",0.350619903719781,0.190598667869948,0,0,3.53458659445082,3.59691668385039,1.344077036624,0,0,2.0300114089947,3.25354348720563,3.35013429515333,2.12215151662244,1.2280891033858,4.68487364775356,2.15918135672649,4.57210998540898,0,0,4.58290310710137,0,2.71953258195578,1.95857797866591,0,2.578585020908,0,4.85229679663809,0,4.78795095491332,0.550954464724985,3.11915699108322,0,0,0,0,2.79929582061861,0,1.13131744107066,2.87908048755714,0,0,1.02416776348728,0,0.717775774712985,0,0,0,0,0.0998334585556806,0.0998334585556806,0.0998334585556806,0,1.47237573448659,0,0,2.69146548787537,0,0,0,0,0,0,0,0,0,0,0.273806725958164,0.0998334585556806,0,0,0,0,0,0,0,0,0,0,0,0,0,0,0.0998334585556806,0.190598667869948,0,0,0,0,0.0998334585556806,4.77828501115596,0,0,0,4.32188786921958,1.37108745650676,0,0,0,0,0
"ola_mES_2i_4_35.counts",0,0,0,0.151196605905584,4.02765895687802,2.24568780558974,1.46928333606347,2.94205648975839,0,2.06639053421379,3.73499809601938,3.58949729636284,2.3864787718965,1.15143736719016,3.92596760140571,0,4.12985155119072,0,2.02954542462089,3.88237538833923,3.06734474199324,0,0.526920009572214,0,2.40137629365931,1.99129064802628,4.54976030618101,0,4.4205638043687,0,5.28544328884671,0,0.115486177165261,0,0,1.90402905817714,0,2.67462414121075,1.95151403294795,0,0,0,0,3.41245885027987,2.51648339413438,2.02416924101062,0,0.0399957330774533,0,0.0784531369312323,0,0,3.66750058315785,0,2.07154502538449,0.780875811619128,0,0.0399957330774533,0,0,0,0,0,0,0,0,4.69819482708149,0.0399957330774533,0,0,0.342215236432417,0,0.0399957330774533,0,0,0.0399957330774533,0,0,0,0,0.0399957330774533,0,0,0.18567564696812,0,0.0399957330774533,0,0.115486177165261,0,2.77617832999032,0.0399957330774533,0.0399957330774533,0,0.0399957330774533,0,0,0,0,0.780875811619128,0
"ola_mES_2i_4_36.counts",0,0,0,0,4.47070694060541,4.48910124489077,0.840960169285007,0,0,3.23650628470851,3.71515411474785,1.66014375364755,2.57806450285714,3.0436526581577,4.76594314546845,0.700272561289123,4.2021248074705,0,0,4.07956056101942,2.6522500286501,0.700272561289123,2.63056645516794,0,2.32533875827323,0,4.82708283500767,0,4.7343576661436,0,4.94207630467625,0,0.0966094856418592,0,0,2.40166872326036,1.00221621672722,0,3.28323302314725,0,0,0,0,0.184702329389754,0,0,0,0,0,0,0,0,0,0,0,0,0,0,0,0,0,2.37372327635363,0,0,0,0,2.24269747004147,0,0,0,1.07403715911784,0,0,0,0,0,0,0,0,0,0.0966094856418592,0,0.0966094856418592,0,0,0,0.594122839246458,0,0,1.57987444439407,0,0.184702329389754,0,0,0,2.0792767040762,0,0,0,0
"ola_mES_2i_4_37.counts",0,0.133871543905607,0,1.38833353542457,4.16934111703425,4.72881672155067,2.77066199980412,0,0,2.83577164351009,3.79493053488658,1.69389386169644,3.27164031841939,3.07064465738381,3.85584290405714,1.79402496198759,3.29845430791746,0,1.35194074159669,4.03691057261034,0.406371921199776,0.357491112716185,1.1914756145865,0,1.96845076022159,0.540129888669498,4.54826098904978,0.0691742999020034,4.55956938676451,0,4.48971737266056,0,0.0691742999020034,0.0691742999020034,0.0691742999020034,1.82913188808031,0.0691742999020034,1.62580516894883,2.94701408788558,0,0,0,0,0.133871543905607,3.54152591922022,0.251919061700548,0,0.0691742999020034,0,0.0691742999020034,0,0,2.5564063639438,0.194636194391299,0,0.133871543905607,0,0,0,0,0,0.251919061700548,0,0.946123471861236,0,0,3.37238046144213,0,1.1004250932863,0,2.29786116091204,0,0.133871543905607,0,0.0691742999020034,0.406371921199776,0,0,0,0,0,0,0,3.86639371923023,0,0,0,0.0691742999020034,0.0691742999020034,4.3334156014299,0,0,0,2.99831452612531,0,2.88896217969997,0,0,0.194636194391299,0
"ola_mES_2i_4_38.counts",0,0.038290982820736,0,2.22311698893057,3.68971734803526,3.46915888932475,2.44234873247776,1.49827932090407,0,3.17766829993385,2.91706893730775,2.80076779892478,2.87392337496095,1.45367645345287,4.72796521005915,2.87832267025136,3.80645775963602,0,0.485222530066124,4.54056410853973,2.8672879294095,0.271757119637647,2.63613391017838,0,2.26044729114368,0.110736569216315,4.70773868158261,0.038290982820736,4.3055477950709,0,4.31966848977403,0.038290982820736,0,0,0,2.85613006314172,0.145081783596848,0.0751696779770501,3.87031178966631,0,0,0,0,0.999703254890964,0,0.145081783596848,0,0,0,0,0,0,0.32954493965119,0,0.810518110720167,1.96952869497031,0,0,0,0.0751696779770501,0.038290982820736,0.210423942027206,0,0.210423942027206,0.038290982820736,2.23571589822812,5.14229565421634,0.0751696779770501,0.038290982820736,0,2.72183507484583,0,0,0,0,0,0,0.038290982820736,0,0.038290982820736,0,0,0.0751696779770501,0.145081783596848,0,0,0,0.038290982820736,0,1.22966360570063,0.038290982820736,0,0,0,0.145081783596848,0.0751696779770501,0,0.038290982820736,0,0
"ola_mES_2i_4_39.counts",0,0.578918979466454,0,0.0632962443424173,3.70209544831299,2.5361498470852,2.9254410463127,4.57391307887779,3.37735734158011,1.2289586178439,3.03489266883205,2.3613568877967,2.22279936571519,2.03665462353683,4.63091027803367,1.2289586178439,4.04759883056025,0.863813695899534,0.376651802440162,4.30212766993595,0,2.9254410463127,2.83373594662886,0,1.98415096440162,0,4.91838472581915,0,4.55554276603362,1.30265134844128,3.71331703947877,0,0,0,0,2.9733455471486,0,0.232198096184779,3.68911465907,0.0632962443424173,0,0,0,2.56168697464174,0,0,0,0,0.0632962443424173,0,0.0632962443424173,0,0.649609793338562,0,1.38773086153015,1.56650094552496,0,0,0,0,0,0.179005383059436,0.0632962443424173,0,0,0,0.0632962443424173,0,0,0,2.43840737755515,0,0,0,0.835882039829294,0,0,0,0,0,0.179005383059436,0,0,0,0,0,0,0.0632962443424173,0.122823456512806,4.78902828603683,0,0,0,0.179005383059436,1.14940014082653,0,0.0632962443424173,0,0.122823456512806,0
"ola_mES_2i_4_40.counts",0,0,0,3.63350469659782,3.50207018648095,3.98850713170098,2.47451945722298,0,0,3.15979854037722,4.02617049042062,2.99645707740795,3.36870313187079,2.66148602753788,5.12520864199547,2.24436767806928,4.16175978660292,0,0.510351998749737,4.70702084999732,0.595451796771442,0,2.26762165575927,0,3.13113561822073,0.314761054316981,4.60362711977878,0.0713773204987804,4.68198598404048,0,3.09829366964715,0.0713773204987804,0,0.0713773204987804,0,1.87930915778158,0,3.09829366964715,2.46827006182142,0,0,0.137997580725677,0,0,0,0.259240580087108,0,0.781058320344077,0.635431537527665,0,0,0,0.710893484811724,0,1.67993305831538,0.137997580725677,0,0,0,2.17957608477028,0.0713773204987804,1.31841594893188,0,0,0,0.0713773204987804,3.15349962437702,0,0,0,2.97402757211016,0,0,0,0,0,0,0,0,0.0713773204987804,0,0,0,2.61926696284511,0,0,0,0,0.137997580725677,2.18790835534716,0.0713773204987804,0,0,0,1.23592217057875,0,0,0,0.259240580087108,0
"ola_mES_2i_4_42.counts",0,0.0416206555311268,0,3.4584982354995,4.76272590538302,3.57813306716189,2.75395572515157,0,0,2.46042031284725,3.31179548206778,0.518783674569323,3.10231813251962,1.9922949316545,4.70249895836527,0.821966041666019,4.14928151499246,0,0.43985763806792,4.29559269013443,3.45178707116177,1.56494365002263,3.09464835396713,0,1.65007969522208,0.119999965410377,4.80397575795472,0,4.81678299974305,0,1.15292552615433,0,0,0,1.42188382024465,1.74351101975818,0,0.894030348135931,4.10402275063929,0,0,0,0,0,0,0.0815780285141214,0,0.0416206555311268,0,0,0.783887959600862,0,0,1.11184073938102,0.518783674569323,0,0,0.0416206555311268,0,0,0.0416206555311268,0.0416206555311268,0,0,0,0,0.0416206555311268,0,0,0,0.703084887886647,0,0,0.0416206555311268,0,0.0416206555311268,0,0,0,0,0,0,0,4.59643259163585,0.0815780285141214,0.0416206555311268,0,0.0416206555311268,0.0815780285141214,2.70685952227469,0.0416206555311268,0,0,0.0815780285141214,0.0815780285141214,0,0,0,0.119999965410377,0
"ola_mES_2i_4_43.counts",0,0.0460168601974253,0,0.111299988238047,2.39209902626709,3.49433611653151,0.851058146839143,0,0.0232731006755209,1.91925372037522,1.80210526413702,2.10761977675462,2.14689881829342,2.50015360811947,3.06954671815628,0.651436909997371,2.829716885511,0,5.64830991994412,3.56473572701982,0.0232731006755209,1.98282664955911,1.15995226926747,0,0.778086323264368,4.08578040620211,3.71138736677765,0,3.80473509131788,0,5.1629301711133,0,0.53437473879601,0,0,1.3230578724347,0,1.30406635398879,1.06720026725447,0,0,0,0.0232731006755209,0,0.0232731006755209,4.18981527027171,1.84020946618894,0,0,0.0682548235117394,0.0232731006755209,0,1.38976138383765,0,0.319715857862399,1.56179378309824,0,0.0232731006755209,0,0,0,3.14228918973417,0,0,0,0,0.111299988238047,0.0460168601974253,0,0,1.47409519957602,0,0,0.111299988238047,0.0232731006755209,0.0232731006755209,0,0,0,0,0,0,0,0,0,0,0,0,1.98928933402301,4.31943896035809,0,0.0232731006755209,0,0,0,0,0,0.0232731006755209,3.88237665520558,0
"ola_mES_2i_4_44.counts",0.963559078530176,0,0,1.34462942483517,4.67220144384067,2.67658836267249,3.31725531066211,0,0,3.24728352111003,2.93550927718646,2.52646107175452,2.83126623975779,3.6513421991423,4.47880385556169,1.44503875389169,4.19703251966373,0,1.87355880363417,4.58183137373043,3.38264959972185,0,2.27762051928879,0,0,0.150229424643234,4.85964651999024,0,4.49431740861265,3.45943978238139,2.89600238823353,0,0,0,0,0.758328832500582,0,1.48253986723346,2.43136986783069,0,0,0,0,0,2.61328993220781,0.217649478555221,0.866199673278124,0,0,0,0.217649478555221,0,0,0,1.53627964939431,0,0,0,0,0,0,0.280809752132231,0,0,0,0,4.41618488058509,1.57056597942904,0,0,0,0,0,0,0,2.04474454121518,0,0.0779331734226677,0,0.0779331734226677,0,0,3.21851265307747,2.77728871522503,0,0,0.217649478555221,0.0779331734226677,0.150229424643234,2.86415806866456,0,0,0,0,0,0,0,0,0.150229424643234,0
"ola_mES_2i_4_46.counts",0,0,0,1.68385600954352,4.12191028039063,4.34133009071214,2.07253677308352,0.311538088069859,0,3.37729879787593,3.15457881268913,1.84634982980764,3.27489526800019,0,4.2915724173433,1.08985017866668,4.80152578092752,0,0.363690267217645,4.04686084014041,1.69733711801057,0,2.58637958349167,0,1.55357476375233,0.136460427271006,4.81761499574839,0.0705560908677889,4.71629743264303,1.26938591548385,3.20623392997899,0,0,0,0,2.46975107791203,0,4.09670427803376,3.45413430347526,0,0,0,0,1.30964981350139,0.70481219282193,0.0705560908677889,0,0,0.0705560908677889,0,0.0705560908677889,0,0.505577576069418,0.136460427271006,0,2.60275737274532,0,0,0,0.0705560908677889,0,0.0705560908677889,0,0.505577576069418,1.74951447362256,0,2.89222608617284,0.0705560908677889,0,0,1.32918969933463,0,0,0.0705560908677889,0,0.0705560908677889,0,0,1.568917429586,0,0,0,0,0.0705560908677889,0,3.61398754798092,0,0.505577576069418,0.0705560908677889,0.136460427271006,0,0,0,4.00644756100901,0,0,0,0,0.256515684416579,0
"ola_mES_2i_4_49.counts",0,0.046317438595661,0,1.57690531767364,4.56487644071897,4.0453242113266,2.90449882047633,2.10484615968194,1.80377572954382,1.34662033579273,3.96680815768338,2.28900126083734,1.26975202224865,1.97551011090099,5.34651002599316,3.4539423256668,4.55096036529445,0,1.4064510827399,4.36383210499147,0,0,0.45036335721523,0,1.98857416595763,0.132974206990238,4.49803508065349,0.0905842036752415,4.62288193908738,0,2.20377681372465,0,0,0.132974206990238,0,1.0301407565612,0,0.046317438595661,2.70070366431098,0,0,0,0.046317438595661,0,0,0.0905842036752415,0.212716762989134,0.714395136427619,0,0.046317438595661,0.046317438595661,0,0.250323661304122,0,3.15171118538437,0,0,0,0,0,0,0,0,0,0,0,3.4539423256668,0.046317438595661,0,0.046317438595661,0.046317438595661,0,0,0,0,0.046317438595661,0,0,0,0,0,0,0,0.781694149833876,0,0.564466591612673,0,0,0,3.95507087015392,0.321543327496848,0,0,0,0,0,0,0,0.046317438595661,0
"ola_mES_2i_4_5.counts",0,0.227840792668129,0,0,3.21073634064788,3.17395126049117,2.0679893158908,3.81824082856393,1.89152606714013,1.67710612667014,3.28528056668469,0.639534763163342,0.878534656975735,2.16062524056562,4.17983653234159,1.81118739678147,4.09403745263275,0,0.120395337670077,3.88087768432778,0.569654426103896,1.40379639316491,0,0,1.65290124665897,0,4.52974491479983,0,4.43275234222125,0.324853604560127,5.79307913785449,0,0,0,0,2.57676806819297,0,2.9664963465112,3.3767452723901,0,0,0,0,3.00525688270109,0,0,2.20391204912816,0,0,0,0,0,0.413281630488597,0,2.2317627965338,0.639534763163342,0,0,0,0,0,0,0,0,0,0.120395337670077,1.76846046035107,0,1.72382613274094,0,0.324853604560127,0,0.120395337670077,0,0,0.120395337670077,0,0.120395337670077,0,0,0,0,0,4.10041616433293,0,0,0.120395337670077,0,0,1.11418470897299,0.120395337670077,0.120395337670077,0,0.120395337670077,0,0.823924015214585,0,0.120395337670077,0,0
"ola_mES_2i_4_50.counts",0,0.156397301781738,0,0,4.80228917321992,3.851148437023,2.48523107094593,3.31396744192183,0,3.05940545086189,4.11662980133047,0.781631711527953,0.226287410706054,3.53166910702171,5.07600616722609,0.226287410706054,4.7847610271935,0,0,4.18591567058672,1.947311860339,0.925692812963195,1.7621219437254,0,1.947311860339,0,4.71974208232297,0,4.74581793578603,0,2.9459881247754,0,0.0812530543317863,0,0,2.34949517059373,0,0.0812530543317863,3.10974242387087,0,0,0,0,0,0.410699396124634,0,0.95868386327454,0,0,0,0,0,2.83309383761766,0.0812530543317863,0,0.352926603828062,0,0,0.0812530543317863,0,0,0,0,0,0,0,0.156397301781738,0,0,0,0.291610354763692,0,0,0,0,0,0,0,0.0812530543317863,0,0,0,0,0.0812530543317863,0,0,0,0,0.156397301781738,3.26021043556594,0,0,0,0,0,0.0812530543317863,0,0,0,0
"ola_mES_2i_4_52.counts",0,0.105533020116938,0,3.72065941237456,4.43976894718033,3.50489086219772,0.105533020116938,1.45475469244268,0,1.77449854756489,2.7707261450441,3.35156736355065,1.847278430646,2.38930843251177,4.600746704298,2.58768578546153,3.82183729896453,0,0.105533020116938,3.97512294708951,2.96919652818789,1.13614991508503,1.81155045694808,0,2.94607203873508,0,4.84677175251254,0,4.25019434552394,0,2.95770112472378,0,0,0,0,1.25399449085218,0,3.73802863785909,4.45798712492738,0.0541580168002692,0,0,0,0,0,0,2.5138896815378,0,0,0,0.154397105660292,0,3.88439685497462,0,0,0.871830874521521,0,0,0.0541580168002692,0,0,0,0.0541580168002692,0,0.894836789210613,0,4.5934534175005,0,2.72436691035696,0,0,0,0,0,0,0,0,0,0,0,0,0.0541580168002692,0,1.22171748733196,0,0,0,0,0,1.74577992111071,0,0.245497429763301,0,0.105533020116938,0,0,0,0.0541580168002692,0.894836789210613,0
"ola_mES_2i_4_53.counts",0,0.0345911631984122,0,1.06491946624465,4.69569888114781,3.81822737570616,2.85453293370164,0.0345911631984122,0,3.4941754828103,3.853920717239,3.74360851904846,3.02379462241107,3.00479288989382,4.72046667505433,3.30141101064928,3.23162262055398,0,0,4.38749000228524,0.191593749623538,0,2.27869217464154,0,1.70568196037504,0,4.61505081857895,0.0345911631984122,4.60489279992053,0,2.93622495284857,0,0.0345911631984122,0,0,2.54597009506783,0,3.18466643940285,3.34949646699319,0,0,0.0345911631984122,0,0.0345911631984122,0,0,0,0,0.0345911631984122,0.0345911631984122,0.0680256762306267,0,0,0,0.593060017112322,0.0345911631984122,0,0.0345911631984122,0,0.0345911631984122,0.0345911631984122,0,0,0.0345911631984122,0,0.0345911631984122,3.74360851904846,0,0,0,0.220239154613239,0,0.100378394377065,0,0,0,0,0.989328160765842,0,0,0,0,0,4.33816175973587,0,0,0.0345911631984122,0.248086799507479,0.0345911631984122,2.66301336730435,0,0,0,1.34830898205079,0,0,0,0,0.0345911631984122,0
"ola_mES_2i_4_54.counts",0.0744169479015839,0,0,0.903352009444784,4.04458977968228,3.84450353144711,0.656000951999285,0,0,2.37343861393969,3.9903679715271,1.40860239086312,0.0744169479015839,2.64854773476543,4.52354712019387,1.19926458103308,3.88974959030002,0,0,4.5758062967646,0,0,1.30940130283975,0,2.32929562660649,0.0744169479015839,4.95631441249229,0,4.77039127101456,0,4.32584207935258,0,0,0,1.68706256156245,1.26679090324586,0.0744169479015839,2.15736638593728,2.23469526823368,0,0,0,0,0,2.23469526823368,0,2.442938036058,0,0.0744169479015839,0,0.0744169479015839,0,0,0,3.57047238262576,0.656000951999285,0,0,0,0.572424104101074,0,0,0,0.143677521170351,0,0,5.00720130416048,0.0744169479015839,0.0744169479015839,0.0744169479015839,0.615085410234262,0,0,0,0,0,0,1.44568212439893,0,0,0,0,0,0.0744169479015839,0,0.208450222594358,0,0.0744169479015839,0.0744169479015839,1.22228373572418,0,0,0,0,0,0,0,0.269281428542915,0,0
"ola_mES_2i_4_56.counts",0,0.113784801357717,0,2.94212757351456,3.76813760581423,2.53123766445678,2.66561004259332,0,0,1.60479955073361,3.49088253290181,1.15347836875405,0,1.89672221959831,4.47606790572007,0.393422125620602,4.78602243860798,0,0,4.24752724278675,0.942598649682516,0,1.38948281321198,0,1.11471081931467,0.113784801357717,4.81085491213089,0,4.80396375099317,0.675027878987352,4.27807443567511,0,0,0,0,1.96656105671143,0,4.30933736756816,2.86277228394591,0,0,0,0,0,0,0.215935179713274,0,0.544105145433984,0,0,0,1.55515910508433,2.82775420992864,0,2.39811435964527,0.113784801357717,0,0.113784801357717,0,0,0.843986941687516,0,0,0,2.38710078987274,0,4.09718858998001,0.113784801357717,0.113784801357717,0,0,0,0,2.52160349294327,0,0,0,0,0,0,0,0,0,0.113784801357717,0,0,0,0,0,4.17795543707664,0.113784801357717,0,0,0,0.611707578988998,0,0,0,0,0
"ola_mES_2i_4_57.counts",0.732981121789186,0,0,2.42233251823113,3.37119077087354,3.59736410124017,0.0862752377810129,3.79596896617619,0,1.67243217098818,3.18458767340736,3.25305870898518,3.65724817779379,1.65536632795374,4.63210459070234,2.11608831559516,4.26665694199505,0.0862752377810129,0.239268031447974,4.19051447818134,1.03037859653191,0.307797372813724,2.07168491930515,0,2.24812833630241,0,4.71859701801164,0,5.18967661244588,0.0862752377810129,3.28054259265861,1.97648597306986,0,0.0862752377810129,0,2.54975204850494,0,0,3.03174039322674,0,0,0,0,0,0,0.165694634892152,0,0,3.23902821554772,0,0.165694634892152,0,0,0,0,3.28729713880204,0,0,0,0,0.0862752377810129,0,0,0,0,0,1.12247381963933,0,0,0,2.69369889842763,0,0,0,0,0.0862752377810129,0.997693812460817,0,0.0862752377810129,0.0862752377810129,0.0862752377810129,0,0.0862752377810129,0.239268031447974,0.0862752377810129,0,0,0.0862752377810129,0.0862752377810129,4.26665694199505,0.165694634892152,0,0,3.49886393047746,0,0,0,0,0,0
"ola_mES_2i_4_58.counts",0,0.138265129274722,0,0,3.8462785379752,4.03084412078317,3.91066977706025,2.55430803147033,0,3.29394588278951,3.20780648143982,3.24315750907298,0.138265129274722,2.23040973521081,4.86298905044099,2.01814016363204,4.35234979462392,0,0,4.40261687068842,3.05239959542957,2.50709828337595,0.259714530174683,0,0.554689251172605,0,4.95069302147489,0,5.06089681874909,0.711949144542345,3.14596068056891,0,0,0.138265129274722,0,2.67369859520786,0.367998490267987,3.21378578700139,3.24892973077499,0,0,0,0,0,0,0,2.50709828337595,0,0,0,0,0,0,0,0,0,0,0,0,0,0,0,0,0,0,0,1.37765692841824,0,0,0,0,0,0,0,0,0,0,0,0,0,0,0,0,0.259714530174683,0,0,0,0,0,3.52395025360388,0,0,0,0,0,0,0,0,0,0
"ola_mES_2i_4_59.counts",0,0,0,0,3.06953855364634,4.20396338060031,2.58686661644559,0,0.997316480379995,3.68798077697614,1.89872858307163,0.875429850301339,2.37225798416143,1.99841485080538,4.62294409455051,3.65835530039627,3.98251959359123,0,0.434640762891907,3.85925995746354,2.52655580250743,0,3.19815555781734,0,2.25706303119259,0,5.04786484256916,0,4.89951341139226,0.0748964974856947,3.75204994356248,0,0.209707919130712,0,0,2.18973039706288,0,4.30654862768982,0.736597542439488,0,0,0,0,0.842486624911903,0,0.0748964974856947,1.76162679986236,0.575334979755911,0,0,0,0,0,0.0748964974856947,0.575334979755911,0.0748964974856947,0,0,0.0748964974856947,0,0,0,0,0.209707919130712,0,0,0,0,0.0748964974856947,0,1.58691202840816,0,0,0,0,0.0748964974856947,0,0,0.0748964974856947,0,0,0,0,0,0,0,0,0,0,4.52762306553487,0,0,0,3.39369797753356,0.0748964974856947,0,2.46897968795384,0,0,0
"ola_mES_2i_4_6.counts",2.72520866942876,0.115003090142987,0,0,4.57511296583363,4.41323030903285,3.23857090793671,0,0.548850290764097,2.46173760683093,2.37491992620631,3.32550062325062,2.66767668071971,2.17476557103647,4.73922475069218,2.39734113336271,3.9167770738747,0,0.115003090142987,4.26721848865491,0.115003090142987,0,2.26729570359876,0,1.3673779954568,0.218134071719754,5.20861331987688,0,4.92541058663966,0,2.70095623788866,0,0,0,0,2.6761009755182,0,0,2.569999164798,0.115003090142987,0,0,0,3.42549852432753,0,0,0,0,0,0,0.115003090142987,0,0,0,0.115003090142987,0,0,0,0,0,0.115003090142987,2.74105623376752,0,0.680576112051456,0,0,1.77071902557429,0,0,0,0.475851821207041,0,0,0,0,0,1.79125151980889,0,0,0,0,0,0,1.77071902557429,0,0,0.397101979302869,0,0,3.70100852369786,0.115003090142987,0,0,0,0.115003090142987,0,0,0,0,0
"ola_mES_2i_4_60.counts",0,0,0,0.405409560267572,4.01019527451316,3.86755957806673,2.77243248607287,0,0.287640411860611,2.67399349083402,4.42068197775015,2.31896413547419,2.98720577443019,1.94576730551636,5.12775871598184,0.154126873987685,4.28800936141512,0,0,4.2971210210106,0,0,1.29916178486337,0,0.916190743539377,0.154126873987685,4.93909317179142,0,4.53601244743451,2.45658340565423,4.36080870035404,0,0,0,0,3.02836350808127,0,1.15256548735302,3.52619877378561,0,0,0,0.980725098279362,0,0,0,1.5754041901432,0,0,0.287640411860611,0.154126873987685,0,0,0,1.5403141018158,0.154126873987685,1.15256548735302,0,0,0,0,0,0,0,0,0,0.154126873987685,0,0,0,1.94576730551636,0,0,0,0,0,0,0,0,0,0,0,0,3.50639624452816,0,0,0,0,0,2.60253537826787,0,0,0,0.154126873987685,0,0,0,0.154126873987685,0,0
"ola_mES_2i_4_61.counts",0,0,0,3.15501209373494,4.15127250753032,4.17879910044815,1.4606850700834,0,0,3.43070340516021,4.11528118435426,1.48774153357582,3.17496666231846,2.22702887885454,3.77375203325437,1.0615353407673,3.92927349821981,0,0.30345166383167,4.15683877703696,0.464285349290646,0.832878294101921,2.94868426856118,0,0.212164092650544,0,4.53576614851051,0,4.72241419669916,1.74519443339034,4.91407025022891,0.111698224911081,0,0,0,1.88011254926622,0,3.52550512529074,3.85952733152887,0,0,0,0,1.40427171542303,0,0,1.84338556886164,0,0,0,0.212164092650544,0,4.30769001248849,0,0.665469142252576,0,0,0,0.30345166383167,0.111698224911081,0,0.111698224911081,0,0,0,0,3.33020196619149,0,0,0,0,0,0,0.111698224911081,0,0.212164092650544,0,0,0.464285349290646,0,0,0,0,0.30345166383167,0.30345166383167,0.602799848600407,0,0,0,0.212164092650544,0,1.40427171542303,0,0,0,0,0,0,0,0
"ola_mES_2i_4_62.counts",0,0.148119008707769,0,1.82700798082372,4.65382653854886,3.42062846465523,0.101142168954236,2.47733454878497,0,2.77635669300852,2.71837754610788,3.46486908850408,0.556776055687289,0.69869294723126,3.86878448232732,1.26819030911969,3.07492150822885,0,2.88311091080959,4.2533648823092,3.91014907787344,2.12789334075771,1.34038108820101,0,0.192987689382179,1.0701479150825,5.11980664370549,0,5.01245755556877,0.0518492571018279,4.73555263408218,0,0.0518492571018279,0.0518492571018279,0,1.14061075015801,0.0518492571018279,2.36888653428895,4.46160112813588,0,0,0,0,0,0,0,1.14061075015801,0,0,0,0.0518492571018279,0,2.70778762960319,0,0.101142168954236,1.40770941397962,0,0.0518492571018279,0.101142168954236,0,0,0.0518492571018279,0,0,0,0,1.60769087077449,0.101142168954236,0,0,0,0,0,0,0,1.69931976874331,0,0,2.02097611060113,0,0,0,0,1.88521662790102,0,0,0,0.0518492571018279,0,0.974456212999676,0,0,0,0,0,1.22223408276229,0,0,0,0
"ola_mES_2i_4_63.counts",0,0,0,0,3.73733152074858,3.12229293623675,1.22698484865885,0,0,2.07504534016023,3.41664139618032,0.849896753499149,2.60936438650321,2.31332284320725,4.18295562043455,2.3898263747974,4.19513935336534,0,0.237347050991664,4.39893682607791,0,0.849896753499149,2.10812479591619,0,1.22698484865885,0,4.60900157244559,0,4.62225617424778,3.50896325286814,5.13441553015557,0,0,0,0,2.4140799828131,0,3.14562223427292,4.53134283138437,0,0,0,0,0,0,0.237347050991664,0,1.66508016125484,0,0,0.237347050991664,0,2.28646333366692,0,0,0.237347050991664,0,0,2.25886243163443,0,0.237347050991664,0,0,0,0,0,0.728284685694451,0.589808609630697,0,0,0.237347050991664,0,0.237347050991664,0,0,0.429026753993799,0.237347050991664,0,0,0,0,0,0,0.237347050991664,0,0,0,0.237347050991664,0,4.52265299327996,0,0,0,0,0,0,0,0.429026753993799,0.237347050991664,0
"ola_mES_2i_4_64.counts",0.243086456036205,0.128911491285597,0,0,4.23565269124466,3.40681357541008,3.29344913413246,0,0,3.4514104744233,2.00119734413374,3.33350094124327,3.48781425780491,0,4.54413752826709,1.18485898762638,4.52568731057208,0,0.128911491285597,4.5557694887559,1.16359787551459,2.20265224731591,3.08396286663796,0,0.128911491285597,0,5.3500436986967,0.128911491285597,5.16428895602064,0,1.2848703177948,0,0,0,0,1.39301361848786,0,2.03771907765017,2.20265224731591,0.0665315804550989,0,0,0,0,0,0,2.13177653326838,0,0,0,3.59914259722598,0,0,0,0,0.805718837511053,0,0,0,0,0,0,0.0665315804550989,0.0665315804550989,0.0665315804550989,0,0,0.128911491285597,0,0,1.09695985094702,0,0,0,0.0665315804550989,0,0,0,0,0.0665315804550989,0,0,0,0,0.0665315804550989,0,0.67453811696272,0.128911491285597,0.128911491285597,0.52351309571808,0.0665315804550989,1.80678091786861,0,0,0,0,2.43256036272723,0,0.0665315804550989,0
"ola_mES_2i_4_65.counts",0,0,0,0.102886717117433,4.1307841896836,3.96031352986459,3.63348266371549,0,0,1.04458520208987,4.49825280716674,3.36211074419017,2.15008743138351,0.923116107198296,4.74116332712277,1.0057121484899,3.82566870061482,0,0.500893498208744,4.25661747099545,0,2.11148650895462,2.7629247071347,0,2.81618968669421,0.102886717117433,5.02286193368399,0,4.87714765967382,0,4.31187783807136,0,0,0.102886717117433,0,3.10674001254732,0,3.15409106622117,2.12451974526206,0,0,0.102886717117433,0,0,0,0.102886717117433,0.196168318188129,0,0,0,0.102886717117433,0,0,0,1.39481882601196,0.680716533090129,0,0,0,0,0,0,2.80968466791904,0,0,0,2.09828116176832,0,0,0,1.49687529686304,0,0,0.102886717117433,0,0,0,0,0,0.102886717117433,0,0,0,1.82480094879258,0,0,0,0,0,2.47119510038822,0,0,0,0,0.680716533090129,0,0,0.196168318188129,0.102886717117433,0.102886717117433
"ola_mES_2i_4_66.counts",0,0,0.085085307796521,2.21599345673996,4.47772023845901,3.55828715350074,1.14149255425818,0,0,3.92833681084831,2.24463229831125,2.98708038887504,2.90302084550602,0.163495362046172,4.829563400198,0.884163803556842,4.06377548072615,0,0,4.49373242933247,1.16945858261516,1.1966637424619,2.67408739931167,0,0,0.085085307796521,4.5756627145783,0.085085307796521,4.96040715159354,0,0.085085307796521,0,0,0,0,1.55392895767424,0,3.65238681035408,2.89322932499808,0,0,0,0,0,0,0,2.52224122039722,0,0,0,0,0.163495362046172,0.725478524378974,0,2.13535337266117,0,0,0,0,0,0.085085307796521,0.085085307796521,0,0,0,0,4.8471476930313,0.085085307796521,0,0,1.88631582603739,0,0,0,0,0,0,0,1.05257144998552,0,0,0,0,0.085085307796521,0,0,0,0,0.085085307796521,3.06046504758168,0.085085307796521,0,0,2.32593382329698,0,0,1.66067791943387,0,0,0
"ola_mES_2i_4_67.counts",0,0.0438301452741441,0,2.55862917240343,4.91493699889947,4.33724124925593,3.76078532409434,0,0,2.21424416434673,3.28701297540111,1.14760369892841,3.2248510377243,2.35550370681263,5.16695831329228,2.38068137604657,3.9798930938064,0,1.38677589756639,4.54249989487494,1.21629409337263,0,0.43026080302407,0,1.08903809866359,0.164852778172308,4.66576328576052,0.0858196041894799,5.08417231051685,0.306336245057877,1.17564855491264,0,0,0,0.0438301452741441,1.83132793410964,0,0.0438301452741441,1.41981163716999,0,0,0,0,0.486902686672356,0,0.0858196041894799,0,0,0,0,0,0,0.685975145365533,0,0,0,0,0.0438301452741441,0,0,0.0438301452741441,0,0,0,0.0858196041894799,0,3.37048578772672,0.0438301452741441,0.0438301452741441,0,0,0,0,0,0,0.0438301452741441,0,0,0,0,0,0,0,0,0,0,0.238094623825569,0,0.0438301452741441,3.05644175747351,0,0.238094623825569,0,0,0,0,0,0,0,0
"ola_mES_2i_4_68.counts",0,0,0,0.0861265339915196,3.11835258433144,2.39231956836176,1.01302265477861,0,0,1.84871965297886,2.17505421542637,2.04424581686056,1.62776153932125,0.593049520180869,3.22842889733341,0,2.59784764313176,0.0861265339915196,5.94625424658062,3.10735216539482,0.146178192845502,0.339858678709205,1.640921240049,0,1.21224930666853,5.04651210778407,3.61879219786807,0,3.27371418623174,0,4.50055692759135,0,1.70424100527851,0.0222369742635217,0,0.641560340853045,0,1.64959913823607,2.91257940965613,0,0,0,0,0.106547075313788,0.0222369742635217,4.74242462686734,0,0,0,0,0,0,0.221018611291499,0,0,0,0,0.0222369742635217,0,0.0222369742635217,0,2.47323600572151,0,0,0,0,0.653329059276382,0.542064883110293,0,0,0.273688229526922,0,0,0,0,0,0,0.273688229526922,0,0,0,0,0.0222369742635217,0.256438095028566,0.0222369742635217,0,0,0,1.18512385057891,0.165419916340266,0.0222369742635217,0.0222369742635217,0,2.5104515411792,0,0,0,0,3.11835258433144,0
"ola_mES_2i_4_69.counts",0,0,0,1.37732435587479,4.12338136139942,3.77021079312845,3.09314891450985,1.17037785534156,0,3.29900472098118,3.6389932025771,2.51870238752278,1.57971339318672,3.65828042672163,5.2231974929172,2.07518988985134,4.54255185952109,0,1.12330369626571,4.46549576016268,0.138207710004477,0,3.05197587090818,0,2.11172563558785,0.847551909292984,5.062333279077,0,4.7473033168444,0,2.07518988985134,0,0,0,0,3.40286093469329,0.96711852590714,0.138207710004477,2.54230313836602,2.46976116175725,0,0,0,0,0,0.259612822792429,0,0,0,0.138207710004477,0,0.367861583709785,0.96711852590714,0,0,0,0,0,0,0,0,0,0,0,0,0,1.69495862802837,0.259612822792429,0,0,2.26138940581466,0,0,0,0,0,0,0,0,0,0.138207710004477,0,0,0.465528684213728,0,0,0.711722656843995,0.138207710004477,0.138207710004477,1.37732435587479,0,0.138207710004477,0,0,0,0,0.367861583709785,0,0,0
"ola_mES_2i_4_7.counts",0,0,0,2.94855636721218,3.5275309927652,2.95263246535042,1.15747059975572,1.85266060697609,0,2.94855636721218,3.04578327085604,1.41511601721873,2.51583335752573,2.86777580980757,4.52533713710554,1.67966330284392,4.17521172658586,0,0.0750370636303543,4.02002897071723,0,2.98070921346572,1.22836698009573,0,0.843595185103598,0.0750370636303543,4.59462069648096,0,4.69636531038237,0,5.35077547358931,0,0,0,0,1.97878220176619,2.93622742703311,0.144834450079151,4.61643125124825,0.0750370636303543,0,0,0,2.94035398602029,0,0.0750370636303543,1.87680674645831,0,1.61979475472668,0,0,0,0,0,0.0750370636303543,0.144834450079151,3.0270794603923,0,0,0,0,0,0,0,0,0,0.271321267174621,0.144834450079151,0,0,1.84036531972726,0.0750370636303543,0,2.30649701377157,0,0,0.144834450079151,0,0.843595185103598,0,0,0,0,1.27298437742247,0,0,0.0750370636303543,0.0750370636303543,0,2.34457277579326,0,0,0,0,0,0,0,0,0.210076391256973,0
"ola_mES_2i_4_70.counts",0.823841951435226,0.167840999435941,0.167840999435941,2.11745257159444,3.94746917253783,3.61588422295814,2.18134213132244,0.311518520606292,0,2.43507427604012,3.15606680143894,3.16382046122503,1.71716404885605,2.71281466147383,4.57788613372122,2.94927491259786,3.6961265223765,0,0,4.25222678412726,0,1.41262590948169,1.95028652365511,0,2.22177454674826,0,4.8275415093865,0,4.38592982601554,2.67576057804475,3.58087574719721,0.167840999435941,0,0,0,1.10201778940524,0,1.81106508812221,4.63091772618567,0,0,0,0,1.16095541924225,0,0,3.28033944790983,0.437122427978856,1.10201778940524,0.167840999435941,0,0,0,2.6502724004354,0,1.26933335592492,0,0,0,0,0,0,0,0,0,0.167840999435941,4.56465272598918,0.167840999435941,0,0,0,0,0,0,0,0,0.167840999435941,0.649060848287349,0,0.167840999435941,0,0.5486958978214,0,0.649060848287349,0,0,0,0,0,4.17380230351452,1.10201778940524,0,0,0,1.10201778940524,0,2.00096619666939,0,0,1.03938775839069
"ola_mES_2i_4_71.counts",0,0,0,0.4310455786164,4.25005865429801,3.46736380377737,3.08869440842076,3.60460641598355,0,2.84684523227289,2.76544858095893,3.23939932135784,1.76640596651202,3.53637825063937,4.73761669153436,1.71925299398756,4.21485910622547,0,0.065186633847695,4.19272197590315,3.70724341147875,0,1.36005383821494,0,1.60425137496949,0,4.91995339216576,0,4.92876468604606,0,4.37710243313446,0,0.065186633847695,0,0,2.27794064036481,0,2.70425297876643,3.53833770622431,0,0,0,0,0.126382771197817,0,0.065186633847695,2.55896249815815,0,0,0,0.184048924782605,0,0,0,0,2.63906695217053,0,0,0,0,1.93550225505762,0,0.065186633847695,0,0.290272006796695,0,0.554425381407644,0,0,0,1.5627780385434,0,0,1.63097450004612,0.88150151611405,0,0,0,0,0,0,0,0,0,0,0,0,0.065186633847695,0.184048924782605,1.25054731739196,0,0,0,0,0,0,0,0,0,0
"ola_mES_2i_4_72.counts",0,0,0,0.313884444845805,3.29567297187957,3.99588414539151,3.65352735441127,0,0,3.31260255806479,2.80255555188925,2.84631472090309,2.52016748698368,0.744882854959134,4.81334084397088,2.53489008964039,4.55802910381308,0,0.37906257819821,4.30169043506658,2.34206104926778,0,0.978059935262922,0,1.37367823831072,0.497910725932192,5.06484689246112,0,4.76738560335402,0,0.0881783457674579,0,0,0,0,2.14698301625021,0.868252497324157,3.33583256053069,4.05990884288139,0,0,0,0.0881783457674579,0.0881783457674579,0,0,2.24927143891701,0,0,0,0.169207426006366,0,0,2.08017873301436,1.65640030808063,1.27567586423899,0,0.169207426006366,0,0,0,0,0,0.169207426006366,0,0,4.471267885985,0,0,0,0,0,0,0,0,0.497910725932192,0,0.0881783457674579,0,0.0881783457674579,0,0.169207426006366,0,0,0,0,0,0.37906257819821,0,2.91856767187781,0.244160086675868,0,0,0,0,0,0,0,0,0
"ola_mES_2i_4_73.counts",0,0.23104845793909,0,0.0830904558320545,3.85944661478841,4.41628616246947,0.669387679531112,0,1.49640445299435,3.21189256598039,4.34133594542978,0.939820423329633,1.3726424208177,2.62631465415675,4.4318621220454,0.526573439233377,4.66187671777206,0,0,4.70982676307115,0,0,1.00532743477659,0,0,0,4.88542263028732,0,4.92583756134209,3.13578046397256,2.74997088139735,0,0,0,0,2.50660393654023,0,1.95512566864063,3.63746303200859,0,0,0,0,0,0,0,0,0.0830904558320545,0,0,0,0,1.91764095726822,0,2.0030149271111,0.905384130389425,0,0.35991004498094,0,0,0.526573439233377,0,0.0830904558320545,0,0,0,3.24956283520304,0,0,0,0,0,0,0,0.0830904558320545,0,0,0,0,0,0,0,0.23104845793909,2.16458299435787,0,0,0.0830904558320545,0,0,3.67768814389527,0,0,0,0,0,1.62375188906509,0,0,0,0
"ola_mES_2i_4_75.counts",0,0,0,0.516216472400867,4.06207262329211,3.68515631561111,2.84585174292794,0,0,2.17136762349992,3.89814334323228,3.08858242751745,0.699881212741289,0.854990206010359,4.9036718929019,1.68489632368569,4.33958452216463,0,2.09119650491128,3.6593949734348,0.854990206010359,3.35699128915766,2.49721794126745,0,0.699881212741289,0,4.58109900189265,0,4.31279242132501,1.55100682899826,5.66586541588067,0,0,0,0,1.21338780326054,0,0.29105475693042,2.09119650491128,0,0,0,0,0.29105475693042,0,0,0.29105475693042,0,0.29105475693042,0,0,0,0,0,0.854990206010359,0,0,0.29105475693042,0,0,0,0,2.43999409310718,0,0,0,0,0,0.699881212741289,0,1.55100682899826,0,0,0,0,0,0,0,0.699881212741289,0,0,0,0,1.68489632368569,0,0,0,0,0,0,0,0,0,2.43999409310718,1.21338780326054,0,0,0,0,0
"ola_mES_2i_4_77.counts",0,0.105094522838064,2.98763218030966,0.105094522838064,3.3453834953296,3.27667627054426,2.91224466146366,0,0,0,3.22075349356859,3.12323935070091,1.29734687510339,2.67549281777213,5.01242447270305,1.87805644609862,3.38369883551982,0,2.4253203849689,4.30891720908751,0,0.2001870195156,1.32717846319563,0,2.38532465189144,1.0199476696072,4.87170604276272,0,4.70789158393844,0.105094522838064,4.80682927097548,0,0,0,0,2.14422936684496,0.105094522838064,4.13343456124983,3.96558057837273,0,0,0,0,0,0.105094522838064,0,0,0,0,0,0,0,0.79704385937377,0,3.5931990816833,0,0,0,0,0,0,0,0,0.105094522838064,0,0,3.29737888635614,0.2001870195156,0,0,2.18243889492718,0,0,0,0,0.366906114504481,0.105094522838064,0,0,0,0,0,0.105094522838064,0.105094522838064,0,0,0,0,0.105094522838064,2.68309602948556,0,0,0,0.105094522838064,0,0,0,0,0,0
"ola_mES_2i_4_78.counts",0,0,1.42268755897522,1.5519494666993,4.45770290375985,4.00901777269905,2.31831645640051,0,0,0.999612808417262,3.69411757152373,2.78308722611121,0.251695962051273,1.86220139526997,4.20638278949319,3.38846642829868,4.31536412697921,0,0,4.48711736580347,2.91552498450712,2.96099149332688,2.63039286723849,0,2.28973818415734,0,4.65293493840307,0,5.16649193474067,1.27420131735951,3.28685005140073,0.251695962051273,0,0,0,2.26031910660042,0,2.19874983978635,4.51881634372479,0,0,0,1.19077794837368,0,0,0,0,0.251695962051273,0,0,0.251695962051273,0,3.34905012912694,0,0.251695962051273,0.251695962051273,0,0,0,0,0,0,0,0,0,0,0,0.251695962051273,0,0,2.06292058733736,0,0,0,0,0,0,0,0,0.251695962051273,0,0,0.452609375961217,0.251695962051273,0,0,0,0,0,2.80063338282074,0,0,0,0,0,0,0,0,0,0
"ola_mES_2i_4_80.counts",0,0.0605842076075284,0,0.692803607711314,4.21699064333611,3.49014322873316,1.26996824565205,0,0,4.14344993615732,1.53093774478579,2.58806782154853,3.3448454408028,2.20353361559224,4.50949275369455,0.271770124086995,3.18775770371695,0,0.117706696335003,4.1908700233197,2.64287330387837,1.07710563085965,1.05560451231683,0,1.64569714311582,0,4.61691223230692,0,4.40375118321602,0,3.43332211787845,0,0,0.0605842076075284,0,1.8219549690534,0,2.86867009124964,4.44564178017473,0,0,0,0,0.782386311806372,0,0.0605842076075284,0.223006136339509,0,0,0,0.117706696335003,0,2.16844500493139,1.53093774478579,2.4197419741142,0.0605842076075284,0,0,0,0,0,0.117706696335003,0,0,0,0,4.82663147867893,0,0.0605842076075284,0,0.83793917973752,0,0,0,0.0605842076075284,0,0,0,0,0,0,0,0,2.18964556435848,0,0,0,0,0,3.9125986937881,0,0,0,4.14444051484519,0,0,0,0,0,0
"ola_mES_2i_4_81.counts",0,0.0886869948312684,0,2.98230204715836,4.76705416480517,4.0367709207062,1.25388844611455,0,0,2.95369911432631,3.73523115615734,3.50195583746907,2.83032883698373,1.40127479428747,4.15840623547453,1.22706496201842,3.97253611653513,0,0,3.62290678504304,3.30487057967425,0.245465128812366,1.3781700075228,0,2.32960251303883,0,4.67369690661665,0.0886869948312684,4.45698040568758,2.4405592126663,2.37374692962615,0.170145343285949,0,0,0,1.62540910694807,0,3.16635860886592,2.86262738738453,0,0,0,0,0,0,0,0,0.0886869948312684,0,0,0.0886869948312684,0,2.84660850606126,0,0,2.39087312850963,0,0,0,0,0,0,0,0,0,0,4.86108836285061,0,0,0,0.703159029166284,0,0,0,0,0,0,0,0,0.0886869948312684,0,0,0,3.09338767315539,0,0,0.442395649426107,0,0.0886869948312684,4.24713370827762,0.0886869948312684,0.0886869948312684,0,0,0,1.08096073574641,0,0,0,0
"ola_mES_2i_4_83.counts",0,0.344789023460748,0,1.99893986359325,3.55433596330011,3.90772394649629,3.05272256567342,0,0,3.48738389084413,2.88364777070323,2.12947580998548,1.91156841590416,4.58659192206839,4.92793065955496,0.187181417825561,3.84809579733206,0,0,4.3877174920872,0,0.804275304903279,2.9822410991742,0,0.804275304903279,0.187181417825561,4.92942017809036,0.187181417825561,5.01768871882818,0.187181417825561,3.47471410690013,0,0,0.187181417825561,0,2.10469630733118,0,3.96789657243186,2.7996232269148,0,0,0,0,0,0,0,0,0,0,0,0,0,0,0.187181417825561,0,0,0,0,0,0.480905290556287,0,0,0,0,0,0.187181417825561,0.344789023460748,0.187181417825561,0,0,0,0,0,0,0,0,1.40798011803142,0,0.187181417825561,0,0,0,0.600694174921026,3.7318793963032,0,0,0.187181417825561,0,0,0.187181417825561,0,0,0,0,0.480905290556287,0,0,1.94154847763508,0,0
"ola_mES_2i_4_84.counts",0,0,0,2.07052681640376,4.63773094756103,3.58316244492269,1.05846728193448,1.8136174923808,0,1.66338806773757,4.12424658570909,2.12306542418087,0,2.62074326756968,4.99058387623066,3.17851708202661,4.32197191565868,0,0,4.44871145543823,1.38479623349887,0.521377117167057,0.228433214701809,0,2.59553555563234,0,5.07157989691781,0,4.79380907172309,0,1.93188087637644,0,0,0.0820805062423192,0,1.63043072669658,0.0820805062423192,3.67615989470842,3.85606349019355,0.356075962189767,0,0,0,0,0.0820805062423192,0,0,0,0,0,0.0820805062423192,0,2.77605789018418,2.82289510977782,0,0.0820805062423192,0,0.15793186381638,0,0,0,0,0,0,0,0.0820805062423192,0.965203093147668,0,0,0,0,0,0,0,0,0,0,0,0,0,0.0820805062423192,1.88103754629279,0,0.294289791260964,0,0,0,0,0,0.862337561698893,0,0,0,0,0.294289791260964,0.0820805062423192,1.78532305996645,0,0,0
"ola_mES_2i_4_88.counts",0,0.121708394391142,0,3.1715100001457,3.54903815506653,3.34087753554577,1.77802201985862,0,0,2.10994450993614,2.7488716779235,1.84156705124612,1.05662929199446,2.04511982931581,3.68130049234779,0.830404716380113,3.58377955147332,0,4.83184235201481,3.61387282103888,3.1715100001457,1.05662929199446,2.40650601731706,0,1.94851374015601,3.93606733738409,3.73986588397693,0,3.66486499921436,0,5.49422558782592,0,4.69435692763451,0,0,1.47362789980378,0.328061336482811,2.19272775860303,3.55645310748529,0,0,0,0,0,0,0.801792917145221,0.177423799642783,0,0,0,0,0,0.121708394391142,0,0,0,2.45766719680295,0.417195259227882,0,0,0,2.46319350775114,0,0,0,0,0.0627046721529552,0,0.0627046721529552,0,1.33041985326898,0,0,0,0,0,0,0.0627046721529552,0,0,0,0,0,0,0.0627046721529552,1.75591018843032,0.230198140564122,0.0627046721529552,0,3.19564289837508,0,0,0,2.73216654990255,0,0,0,0,1.48834421913389,0.280326411744471
"ola_mES_2i_4_89.counts",0,0,0,3.20942111403716,4.35808221407908,2.67460249964607,1.17018915562803,0,0,4.22231219268488,3.27617974207502,2.57557175107731,1.11567677778648,0.861942321399692,3.71789947464492,3.29536817339476,4.50443224041605,0,2.62631251090194,3.70115210081847,1.69473527789013,1.99141160108771,0,0,1.84055777476418,2.25638091379107,4.66481718970565,0,4.70892931753291,0,5.56796007501323,0,0.157831949754879,0,0,1.11567677778648,0,0.617802203379425,3.07672669622656,0,0,0,0.414033751824325,0,0,0,2.61386664464019,0.294115428683788,0,0,0,0,0.786995280840455,0,1.62988063197904,0,0,0,0.294115428683788,0,1.22188292156955,0,0,0,0.414033751824325,0,1.44654680382335,0,0,0,0,0,0,0,0,0.861942321399692,0,0,0,0,0,0,0,1.11567677778648,0,0,0,0,0,2.66274685567878,0.157831949754879,0,0,0.414033751824325,0.157831949754879,0,0,0,0,0
"ola_mES_2i_4_9.counts",0,0,0,0,3.49005792405705,3.24893579566117,2.66356757090082,1.80715377248337,0,3.34008894653844,3.32756483077844,1.61727505282035,0,3.84668894489121,3.73995012098209,1.29043081432691,3.69297187658606,0,2.82174261171283,3.99939551612399,2.01464540628306,2.51894771481597,2.49024887031388,0,2.03779780404806,1.33762273576218,4.46654581200221,0,4.15689986588801,0,4.68333709800815,0,0,0.301027815474257,0,2.20592873176513,0,0.532094148567338,3.07028046190989,0,0,0,0,1.0756363845727,0,0,1.71671439966477,0.161798613933289,0,0,0,0,3.89785211914994,0.301027815474257,1.77790679110817,0,0,0,0,0,0,0.161798613933289,0,0,0.161798613933289,0.161798613933289,5.14065655260328,0,0,0,0,0,0,0,0,0,0,0,0,0,0.161798613933289,0,0,0,0,0,0,0,0,4.20258291396712,0.161798613933289,0,0,3.84668894489121,1.01386548484944,0,0,0,0.161798613933289,0
"ola_mES_2i_4_90.counts",0,0,0,2.53488029636814,3.74178980459327,3.44133356292613,1.32304059743168,0,0.26068476230579,2.58663650393941,3.28137686858587,2.50492556139598,2.3957948017918,0.0718132025270025,4.43013140423802,0.0718132025270025,4.08758486466731,0,0,4.23915664529701,3.1783236919292,0,2.58663650393941,0,2.02181329642844,0,4.75707257624145,0,4.83042958234981,1.30301228981647,3.21187047947097,0,0,0,0,2.80705147322502,0,3.4196423591393,3.87080228898477,0,0,2.24213123688073,0,3.00981990310387,0,0.0718132025270025,0,0,0,0,0.0718132025270025,0.0718132025270025,0.26068476230579,0.63840343436744,3.11758876911403,0,0,0,0,0,0,0,0,0,0.0718132025270025,0,5.08787619028859,0,0.0718132025270025,0,0,0,0,0,0,0,0,0,0,0.0718132025270025,0,0,0.0718132025270025,0.316468561642547,0.0718132025270025,0,0,0,0,3.50147688483356,0,0,0,0,0,0,0,0,0,0
"ola_mES_2i_4_91.counts",0,0,0,0.274943046674351,3.50014497334524,2.97913967846057,3.65271103997823,0,0,3.21773593493412,3.01469687295998,3.79221259958926,1.14297232074308,3.31142038871294,4.38443670280869,2.54229944778465,4.58085803898619,0,0.0761402636966047,4.40397544325121,0,1.28391813627516,0.745547456953477,0,0.333302661859934,0,4.73040778633389,0,4.86719359392853,1.88965548584172,5.26437762121413,0,0,0,1.86545294922293,0.852258411709175,0,2.49121581898126,0.917555754180742,0,0,0,0,0,0,0,2.80374389001958,2.54229944778465,0,0.0761402636966047,0,0.0761402636966047,0,0,0.146891119814454,0,0,0,0.0761402636966047,0,0,0.0761402636966047,0,0,0.0761402636966047,0,0.146891119814454,0,0.0761402636966047,0,0,0,0.212965346398454,0,0,0,0,1.19219485502806,0.0761402636966047,0,0,0,0,0,0,0,0.212965346398454,0,0.0761402636966047,3.44616267956817,0.0761402636966047,0,0,1.51735038241261,0,0,0,0,0,0
"ola_mES_2i_4_94.counts",0,0,0,2.62287064748606,4.22352485625072,3.04348642317836,2.80295669832737,0,0,3.10015595475971,2.92680249952108,3.37185935780164,0.735848354225769,3.43949594493822,4.48019602580995,0.434134184772658,4.2852778696369,0,0.127431007343141,4.04293681370907,0.341971011319117,2.13710381515176,0.127431007343141,0,0.518515469956205,0,4.79246035186562,0,4.28152803867245,0,4.71151173698984,0,0,0,0,1.62475892205453,0,1.06563822006677,3.40850053893878,0.914277290114317,0,0,0,0,0,0,0.518515469956205,0,0,0.127431007343141,0,0,0.127431007343141,0,0,2.0180330268066,0,0,0,0,0,0,0.341971011319117,0,0.341971011319117,0,5.2906487334413,0.341971011319117,0,0,1.31322083398467,0,0,0,0,0,0,1.41727191752208,0,0,0.240443435761442,0,0,2.03593604355785,0,0,0,1.41727191752208,0,1.11139604216555,0,0,0,0,0,0,0,0,0,0
"ola_mES_2i_4_95.counts",0,0,0,0,4.10611081634978,3.91173310833958,1.10822774736755,2.53323662066813,0,3.0982627013318,2.82979745687481,3.0982627013318,1.10822774736755,3.51908776528708,3.84582126616102,0.895792210325814,4.08682846428615,0,0,4.42960833948174,2.70223623123679,0,1.56195124616811,0,1.77960865144554,0,4.75670876158742,0,4.39802122491108,1.77960865144554,5.85291020861899,0,0,0,0,1.82735041433076,0,1.72947283902119,1.43232018351517,0,0,0,0,0.625705899764413,0,0,0,0,0,0,0,0,0.25452986513488,0.457241377631884,1.10822774736755,0,0,0,0,0,0,0,0,0,0,0,1.872916383145,0,0,0,0.625705899764413,0,0,0,0,0,0,0.25452986513488,0,0,0,0,0,0,0,0,0,0,0,0.7698398013482,0.25452986513488,0,0,0,0.457241377631884,0,0,0,0,0
"ola_mES_2i_4_96.counts",0,0,0,0,4.1340326085918,2.66530524637446,3.0669541674902,0,0,3.48918682872963,3.12368766018555,2.54166450981341,1.12798579764873,3.1946482107101,4.37654254804931,2.09236436728787,3.7265338797213,0,0,4.90322348931172,3.74645624631735,0,1.6445839881565,0,0,0,5.13968213715862,0,5.07128253063694,0,3.21162856538024,0,0,0,0,1.36741692208614,0,3.33799334603169,2.63579848825296,0,0,0,0,1.12798579764873,0,0,2.66530524637446,0,0,0,0,0,0,0,0,0,0.982655832858354,0,0,0,0,0,0,0,0,0,3.00680736623752,0,0,0,1.25485021617445,0,0,0,0,0.349166676875857,0.349166676875857,0,0,0,0,0,0,0,0,0,0,0,0,4.2297120937139,0.349166676875857,0,0,0,1.92430660551808,0,0,0,0,0
"ola_mES_2i_5_1.counts",0,0.101126813594905,0,2.93799966939582,3.92586105083117,3.73188359300112,3.42047404577615,0,0,2.84965346524962,2.45459297790748,1.79202547619901,1.4828179250366,3.50388432544551,5.20875666910204,0.724727925535227,5.25648223526832,0,0,4.31978691299419,0,0,1.14050213892086,0,1.92467655877339,0,4.01994976892477,0,3.74454529161935,0.822860235883886,5.29191027213588,0,0,0,1.2376753365178,1.03285987793061,0,0,2.38846692590032,0,0,0,0,0,0,0,1.99945314951178,0,0,0,0,0,0,0,0.615907288161485,2.15894792789155,0,0,0,0,0,0,1.89312670789564,0,0,0,1.07004302894764,0,0,0,0.42662936214329,0,0,0,0,0,0,0,1.14050213892086,0.101126813594905,0,0,0,0.101126813594905,0,0,0,0,0.101126813594905,0.101126813594905,0,0,0,0,1.57505553416789,0,0,0,0,0
"ola_mES_2i_5_10.counts",0.1553020904323,0,0,2.91631660939094,4.66191632847596,3.57733949067036,0,0,0,2.40519990717726,3.77291541880803,1.47252138040221,0.408149673478833,2.54637426427817,5.1359091203617,0.1553020904323,4.490944324145,0,0,4.50031730729116,3.6321597485815,0,2.1665929178297,0,0.408149673478833,0.1553020904323,4.56357784554444,0,5.21291027385342,1.85259490584447,0,0,0,0,0.1553020904323,2.97803629667852,0,2.98655046451657,2.90718012073587,0,0,0.1553020904323,0,0,0,0,0,2.57236595511659,0,0,0.1553020904323,0,0,0,0,1.58191198873065,0,0.1553020904323,0,0,0,0,0,0,0,0,1.77024839411834,0,0,0,3.17878161204557,0,0,0.1553020904323,0,0,0,0,0,0,0,0,0,0.289696171823482,0,0,0,0,0.1553020904323,0,0,0,0,0,0,0,0,0,0,0
"ola_mES_2i_5_11.counts",0,0.18641154204548,0,3.5078685134971,2.28355266082472,3.78957747788539,1.40456898136337,0,0,3.02878647179161,4.55663408790179,3.36983641004037,4.04563636190665,3.8079367231274,4.74436175903366,2.02252417882334,3.99789985930833,0,0,4.21962823793103,0,2.54005180583981,2.85609327444067,0,1.99503481732554,0,4.96719146849305,0.18641154204548,5.04141357635425,0,3.83485866493958,0,0,0,0,0.801781021562741,1.81204414039956,0,0.18641154204548,0,0,0,0,0,0,0,0,0,0,0,0,0,0.18641154204548,0,0,0.705367291894721,0,0,0.18641154204548,0,0,0,0,0,0,0,0.479182684004732,0.479182684004732,0,0,1.24098426930276,0,0.18641154204548,0,0,0,0,0.970530500811152,0,0,0,0,0,0.18641154204548,0,0,0,0,0,3.63456174610107,0.343473432080196,0,0,0,0,0,0,1.0453037352136,0,0
"ola_mES_2i_5_12.counts",0.885207636815767,0,0,2.25559046890221,2.8547507265534,4.22852076470565,2.34474427137715,0,0,3.41310719757495,3.86696607757533,0.885207636815767,3.13827542909397,4.0345240357769,4.66662343655514,3.48107582728259,3.64253735859338,0,0,4.03766750623915,0.304444705792955,3.24777794884121,2.41075305199266,0,3.11485881121038,0,4.78187099371998,0,4.76381507302168,1.19790460794332,4.56453352423335,0.163763706043317,0.163763706043317,0,2.09401455295064,2.45754886362736,0,3.00652788322338,3.40722897702795,0,0,0,0,0,0.304444705792955,0,0,0,0,0,0,0,3.80158834901738,0,0,0,0,0.163763706043317,0,0,0,0,0,0,0,0,1.25021779023162,0,0,0,1.34728714830546,0.885207636815767,0.163763706043317,0,0,0.808951193207467,0,0,0,0,0,0,0.163763706043317,0.163763706043317,0.163763706043317,0.163763706043317,0,0,0,1.39250280678237,0,0,0,0,0,0,0,0.304444705792955,0,0
"ola_mES_2i_5_13.counts",0,0,0,3.5533117302974,4.33314015755138,2.9838446477443,2.37652138683578,0,0,2.89552062680168,2.81416354987605,2.56126498117212,3.20986996496766,0.641657707595143,4.4904714841122,2.20790573846755,3.71595152186751,0,0,4.08772759341392,0,1.75009907768442,0.326100460922188,0,0.496274828514784,0,4.81814110697055,0,4.62386215240258,3.51199611000308,5.30955141870291,0,0,0,0,1.49738639603442,0,2.86669624201881,3.17825194292473,0.414803199629189,0,0,0,0,3.11184889702667,0,0,0,0,0.120905431743065,0.228756863673563,0,0.120905431743065,2.00497513728018,1.37521275187718,1.43816421462193,0,0.120905431743065,0,0,0.120905431743065,0,0.120905431743065,0,0,0,0,1.07424199057702,0,0,0.326100460922188,0,0,0,0.120905431743065,0,0,0.326100460922188,0.120905431743065,0.120905431743065,0.120905431743065,0,0,0.933037016399146,0,0,0,0.228756863673563,0,3.29913481514288,0.496274828514784,0,0.571605967258215,1.46821364962226,0,0,3.06499670992884,0,0,0
"ola_mES_2i_5_14.counts",0,0.109704940550007,0,4.36987192948224,4.41784966318744,2.35761971312277,2.71388469424603,0,0.0563561132241863,2.74042663730088,3.05555925916963,3.4161182650855,2.99651172505087,0.298507949573196,4.80870077489877,2.13755647769926,4.25330299327006,0,1.76982865861217,4.47359905493799,0.0563561132241863,1.29932514642347,3.08515127609986,0,1.3456661996303,0.109704940550007,4.35954924956349,0,4.73917562415747,0.594233204887908,4.39879137040817,0.0563561132241863,0,0,0,2.40582207315231,0,1.58602252894334,4.1344116774234,0,0,0,0,0,0,0,0,0,0,0.208555664657103,0.0563561132241863,0,0.208555664657103,0,1.41842661318006,3.14682801144679,0,0,0,0,0.0563561132241863,0,0,0,0.0563561132241863,0.0563561132241863,1.14583038828846,0,0,0,0,0,0,0,0,0,0,0,0,0,0,0,0,0.561708955296696,0.0563561132241863,0,0,0,0.0563561132241863,3.50182004056067,0,0,0,0,2.12378680217268,0,0,0.254542892999529,0,0.0563561132241863
"ola_mES_2i_5_15.counts",0,0,0,1.89355034460129,4.29860436396802,3.35494141177311,1.39707800652974,0,0,3.83586529357822,3.30035412734551,1.1082034777908,3.52547248142428,3.40670253186628,4.97797131225737,4.09270741252684,3.45391286149155,0,0,4.36283205225523,0,0,1.22651666957663,0,2.62060989391785,0,4.82081523973911,0.0614746132931354,4.34489832893041,0,5.18297824167627,0,0.0614746132931354,0.0614746132931354,0,1.77190865411096,0,3.01249437437219,0.601166475989729,0,0,0,0,0.322388524556573,0,0,2.01896947289816,0,1.6333941548012,0,0.119387969058281,0,0,0,0,0.601166475989729,0,0,0,0,0,0.491052415261015,0,0,0,0,0.491052415261015,0.0614746132931354,0.997647466879029,0,2.56853254370656,0,0,0,0,0,0,0,0,0,0,0,0.0614746132931354,0.17413018191679,0,0,0,0,0.0614746132931354,0.119387969058281,0,0,0,0,0,0,0,0,0,0
"ola_mES_2i_5_16.counts",0,0.0947948020979214,0,0.334851582887285,4.47171776863952,2.76726109232952,3.91243457429668,0,0,3.71046298154925,3.94374479426264,3.4122297349301,2.18100770470778,0,4.8065468792938,2.30741580462536,4.05485746511143,0,0.0947948020979214,4.42520083721568,0.0947948020979214,0.0947948020979214,3.01501907980815,0,1.66309789788252,0,4.74190304583804,0,5.05250722943019,0,4.49972901567962,0,0,0,0,2.3462341505444,0,3.87393375891515,0.785361102368107,0,0,0.0947948020979214,0,0,0,0,0,0,0.0947948020979214,0,0,0,0,0,0,0.0947948020979214,0,0,0,0,0.0947948020979214,0,0,0,0,0,1.52161085037303,0,0,0,1.18996443471141,0,0,0,0.0947948020979214,0,0,0.0947948020979214,0,0,0,0,0,0.0947948020979214,0,0,0,0,0,1.83577016978361,0.18137649467283,0,0,0,0,0,0,0,0,0
"ola_mES_2i_5_17.counts",0,0.0845490422704798,0,0.162503489791482,4.67038768055003,4.0866163037981,2.89922127600771,2.47989831975968,0,3.91221620216875,4.39525484726048,1.70466387276242,1.61229236387756,2.0476031901311,4.81267987739815,3.69756389880843,3.82180452131316,0.0431678226762859,0.0431678226762859,4.21572304330722,1.57646838608028,0.0431678226762859,2.92084794878247,0,0.655640115833553,0,4.49216315700361,0,4.44462350157386,1.34109791267553,4.02235776273631,0.0431678226762859,0,0,0,2.21494711362489,0,2.76696228783193,2.37481239457282,0,0,0,0,0,0,0,0,0,0,0.0431678226762859,0,0.0431678226762859,0.124285685758114,0,0,0,0,0,0.0845490422704798,0,0,0,0,0,0,0,3.6203114748598,0,0.0845490422704798,0,0.784382643653214,0,0,0,0,0,0,0,0,0,0,0,0,0.0431678226762859,0,0,2.33717765823593,0.0431678226762859,0.124285685758114,4.06337982115064,0,0,0,0,0,0.0431678226762859,0,0,0,0
"ola_mES_2i_5_18.counts",0,0,0,3.8856825281882,3.98547610269677,4.32813179972813,1.24643755595207,0,0,1.58345672025256,4.53419023126822,3.70492244544529,1.64509621860003,1.61475132272922,5.04304736094511,2.5828485118131,2.1683144728065,0,0.269829687155755,4.32608662939912,2.36104099728807,3.53956901085818,0,0,1.1531603085623,0,4.59388951421982,0,4.53585147987897,0,2.93439547703052,0.143988374917328,0,0,0.143988374917328,1.95160201052154,0,3.2907649164088,3.1008705250829,0,0,0,0,0,0,0.143988374917328,0,0.143988374917328,0,0,0.573436083267159,0,0.143988374917328,0,0,0,0,0,0,0,0,0.143988374917328,0,0.482106796972122,0,0,2.20312662758208,0,0,0,0.734334603115074,0,0.269829687155755,1.48322936235793,0,0,0,0.269829687155755,0,0,0,0,1.61475132272922,2.65070410282303,0,0,0,0,0,4.51573199969724,0,0,0,0,0,0,0,0,0,0
"ola_mES_2i_5_19.counts",0,0.0679424512222996,0,1.94244924174148,3.86454693808507,4.1297797454325,0.247808727933278,0,1.86928972160551,1.74228009122737,3.66263825838549,3.07589611259464,1.97223580508844,2.19884805568218,4.38229375310032,1.61089916149982,4.46892258974207,0,1.70464582706474,4.07157127265656,2.37697022422881,0,1.74228009122737,0,2.17517345481437,1.981970705378,4.26398607851661,0,4.21742951998308,0.351939339192898,5.6454051617065,0,0,0,0,1.59675945417433,0,3.83916198415723,2.78845625886755,0,0,0,0,0,0.0679424512222996,3.27525403191378,0,0,0,0,0.0679424512222996,0,0,0,0.131560948637224,2.85940088553691,0,0.0679424512222996,0.191373081290513,0,0,0,0,0,0,0,2.69798850296807,0.131560948637224,0,0,0.720059610721433,0,0,0,0,0,0,0,0,0,0,0,0,0.131560948637224,0,0,0,0,0,0.649168258427056,0,0,0,0,0.191373081290513,0,0,0,0,0
"ola_mES_2i_5_2.counts",0,0,0,0.467097047647363,4.28553223540312,4.14181714500261,3.33182879817884,0.181030785627303,0,2.6460213723098,4.10976712565099,1.60322695963373,1.68007261854392,3.25828733911955,4.2493708827186,3.69125309837419,4.16365622922031,0,0,4.35415367493914,1.27532843102708,0,1.75143210440352,0,2.19032113139982,0,4.89904311698806,0,4.79631523985141,2.09731518439545,2.14489903168441,0,0,0,0,1.96739403570889,0,0,1.27532843102708,0,0,0,0,0,0,0,0.181030785627303,0,0,0,0,0,4.3515996495583,0,0,0.950737216742874,0,0,0,0,0,0,0,0,0,0,4.41357135616855,0,0,0,0,0,0,0,0,0,0,0,0,0.181030785627303,0,0,0,0.181030785627303,0,1.42917020852442,0,0,0,2.89408033643646,0,0,2.52654593278118,0,0,0,0,0,0,0
"ola_mES_2i_5_20.counts",0,0,0,2.29332945672126,4.23629702793045,4.10746735445186,3.20323244316609,0,0,0.769757901601634,4.15833954030388,2.96345990885411,3.10975256136417,2.30557026076568,4.48429436160514,0.115135645860491,3.70670318993115,0,1.32057556268367,4.41959012285138,0,0,1.06173984322376,0,1.84183685284286,0.311943037854925,4.39580407663299,0,4.59867568285693,0,3.16017582933055,0,0,0.266252130338576,0,2.61671421661997,0,3.23013616662424,3.42270531774156,0.0592239356104534,0,0.0592239356104534,0,0,0,0,0,0.355637187840349,2.40397801661414,0,0.0592239356104534,0,0.266252130338576,0,0.876840584227076,0.0592239356104534,0,0.0592239356104534,0,0,0,0.397501819472091,0,0,0,0,1.95164630245084,0,0,0,0.901910836819583,0,0,0.0592239356104534,0,0,0,0,0,0,0,0,0.115135645860491,4.39052459171401,0,0,0.397501819472091,0.0592239356104534,0.115135645860491,4.3844565659043,0,0,0.266252130338576,4.08102665979215,0,0,0,0,0,0.0592239356104534
"ola_mES_2i_5_21.counts",0,0.118285169736731,0,2.11417775246457,4.88253173099606,2.92877327981268,1.75292709519344,0,0,0.487244899077351,4.56750847794904,3.43835218813579,0,4.11735748093096,4.83976375612584,0,3.59137072667726,0,0,3.92391584172975,1.7309307833976,1.79551934331524,2.90842862975922,0,2.15865324311165,0,4.46315633780045,0,4.68195914170431,1.5617069560663,3.73909167716202,0,0,0,0,2.66095122284687,0,0.56155120304084,1.63776224601124,0,0,0,0,0,0,0,0,0,0,0,0,0.118285169736731,3.17190319432192,2.37899721776101,0,0,0,0,0,0,0.118285169736731,0,0,0,0,0,4.40812091786861,0.118285169736731,0,0,0.695404800984538,0,0,0,0,0,0.118285169736731,0,0,0,0,0,0,1.58770675670676,0,0,0,0,0,3.49708575447732,0.118285169736731,0,0,0,0,0,0,0,0.487244899077351,0
"ola_mES_2i_5_23.counts",0.456109633688373,0,0,1.07377679038043,3.28892073379258,4.21155236307619,3.09094612816439,0,0,3.37820995411398,4.14055674252588,1.76061750987593,3.71526212067189,3.57446136807385,4.77987111435161,1.30751506229102,5.00489225632776,0,0,4.16777416176037,0,3.22207624611621,0,0,0.674578621001464,0,4.83952554825716,0,4.24248054744378,0,4.39378301296423,0.176170267692003,0,0,0,1.45276044442875,0,1.35831060372315,2.61844004908873,0,0,0,0,0,0,0,0,0,0,0,0,0.176170267692003,3.39773025953184,0,1.57956043102444,0.176170267692003,0,0.176170267692003,0,0,0,0,0,0,0,0,2.97008346324719,0,0,0,0,0,0,0,0,0,0,0,0.176170267692003,0,0,0,0,0.176170267692003,0,0,0,0,0,2.46707376303545,0,0,0,0,0,0,0,0,0,0.674578621001464
"ola_mES_2i_5_24.counts",0,0.0448827798581067,0,4.06148088022241,4.00119143733458,3.96179549653272,1.96729467702782,0,0,0.602289066040979,2.64496816152313,2.64822248287585,2.9072441615503,3.31037948350723,4.1048050232907,2.25049901483057,3.71316891494805,0,0,4.2285612384095,2.88441698416895,0.627114092262301,2.70505882970719,0,0.438811562260184,0,4.36703229679706,0,4.10631813010814,0,0.243284560070314,0.0448827798581067,0,0,2.59825938041387,1.02615084107381,0,2.86890413895379,0.826517891895458,0,0,0,0,0,0.168578389141678,0,1.51175989294829,0.087837330324338,0,0,0,0,4.48967153876126,0,0,0.087837330324338,0,0,0.0448827798581067,0.0448827798581067,0,0,0,0,0,0,5.27438846335911,0,0.129022528303054,0,1.05852450857144,0,0,0,0,0.087837330324338,0,0,0,0,0,0,0,3.30702255905448,0,0,0,0.0448827798581067,0.0448827798581067,4.22319492162704,0.0448827798581067,0.0448827798581067,0,0,0,0,0.46798175556734,0,0,0
"ola_mES_2i_5_25.counts",0,0,0,1.71204776995097,4.35700190718594,4.10281354461686,4.41356356103256,4.31454773735374,0,3.25074146948196,4.18508683178508,2.11588229698655,0.963759631610113,0,4.32533144301613,2.26115145802495,4.08114228718283,0,0.280889148366783,4.3652806655571,0,0,2.07601017074044,0,2.60163813852211,0,4.92622030476542,0,5.05722444365339,0,1.08039426544725,0,0.150274661002426,0,0,0.280889148366783,0,0,1.99115423568886,0.150274661002426,0,0,0,2.60163813852211,0,0,1.13397755427896,0,0,0,0.150274661002426,0,0,0,3.04960574541846,0,0,0,0.280889148366783,0,0,0,0,0,0.150274661002426,0,0,0.150274661002426,0,0,0.499934685283668,0,0,0,0,0.150274661002426,0.899909519059904,0,0,0,0.150274661002426,0,0,0.280889148366783,0.150274661002426,0,0,0,0,3.28774458725401,0,0,0,0,0.150274661002426,0,0,0,0,0
"ola_mES_2i_5_26.counts",0,0,0,0.25200415666139,4.71816402046588,3.93766235235094,3.81707435567833,0,0,3.17704822976538,3.91028756203631,2.26652346396889,2.69494019860335,2.70137243330064,4.84501044430106,0.357605964906209,4.34562758769767,0,0.0466611351470706,4.47388676803252,3.44311359459864,0.174850039526979,0.512066792533307,0,1.00048786679146,0,4.77778592864476,0,4.54788054506089,0.0466611351470706,0.964728268681738,0,0,0,0,2.07017374593829,0,0,4.38983876783437,0,0,0,0,2.66547189511404,0,0,0.0466611351470706,1.05183824218796,0,0,0,0,0,2.57511230662081,0,1.71160728975584,0,0,0.133919423373366,0.0912417285780286,0,0,0.0466611351470706,0,0,0,0.0466611351470706,0.0912417285780286,0,0,0.133919423373366,0,0,0,0,0.25200415666139,0,0,0,0,0,0,0,0.785804954252323,0,2.15671545127502,0,0,0.0466611351470706,3.06099077069859,0.0466611351470706,0,0,0,0,1.05183824218796,0,0,0,0
"ola_mES_2i_5_27.counts",0,0,0,2.41429916738733,4.51181323487195,2.57611435309647,2.84659793438532,0,0,2.85555728330619,3.49472676227002,0.0503935719997818,1.18605428066874,2.31219352845364,4.67818198474654,0,4.01408389268069,0,0.0503935719997818,3.950499974252,3.32591613623883,2.96792519230348,1.01424743379941,0,0,0,4.47305425351517,0,4.46654476932355,2.46828172614713,4.50840287727626,0,0,0,0,2.6296955906811,0,0,2.60708281173908,0,0,0,0,0,0,0,0,0,0.0503935719997818,0.0503935719997818,0.0983690035109617,0,0.0503935719997818,0.54440874558763,2.12097446804671,0,0,0,0,0,0,0,0,0,0,0,3.42150524505212,0.936308183248481,0,0,0,0,0,2.98112328910973,0,0,0,0,0,0,0,0,0,3.92939043810566,0,0.0503935719997818,0,0.0983690035109617,0,4.79717354888028,0.0983690035109617,0,0,0.229860655670941,0,0,0.229860655670941,0,0,3.25471141577216
"ola_mES_2i_5_28.counts",0,0,0,0,4.39960945299174,4.7594814802481,1.71816592567278,0.845018657121341,0,1.88816008857858,3.83832992545834,3.58271934682029,1.95300982599514,2.82070586614839,4.39050651489966,0.779537391767521,4.45598453443617,0,0,4.24720222070311,0,0,3.62685412659375,0,0.709466008908486,0,4.78445852097662,0,4.50772507427066,0,3.97194986891676,0,0,0.13763613355883,0,2.12559678798954,0,0,4.59191614507301,0,0,0,0,0,0,0,0,0,0,0,0,0,0,0,3.40349173252504,0.845018657121341,0,0,0,0,0,0,0,0,0,0,1.29638127734271,0,0,0,1.91024725542373,0,0,0.366498162369558,0,0,0,0,0,0,0,0.13763613355883,0,0.552613950705436,0,0,0,0,0,2.53821637913596,0,0.13763613355883,0,0,0,0,0,0,0,0
"ola_mES_2i_5_29.counts",0,0,0,0,4.37312382240555,4.7722886719439,1.84212823989049,0.804184317318972,0,0.957561131649648,3.76659599768081,3.69558083207849,1.8991800989824,2.85072506011361,4.48638053124027,0.957561131649648,4.42472091834,0,0,4.24361087765901,0,0,3.52913875754764,0,0.220720266826755,0,4.7950146220557,0,4.40681261133752,0,4.03109058109478,0,0,0,0,1.67185947471075,0,0,4.61169123380077,0,0,0,0,0,0,0,0,0,0,0,0.31514779429374,0,0.220720266826755,0,3.60580517389355,0.622945167107464,0,0,0,0,0,0,0,0,0,0,1.57445419717796,0.116437491537843,0.116437491537843,0,2.00435944550726,0,0,0.220720266826755,0,0,0,0,0,0,0,0,0,0.554415825741715,0,0,0,0,0,2.37541680387234,0,0.220720266826755,0,0,0,0,0,0,0,0
"ola_mES_2i_5_3.counts",1.2252833958424,0,0,0,2.56692085356156,3.3318799557188,2.13802049723347,1.92850367137529,0,3.09610710499462,2.19912312433188,0,2.13802049723347,3.56122523666336,4.43530519655733,0,4.16825081389672,0,0,4.50561852782698,2.91074013828765,1.3710803349152,0,0,2.41188758831766,0,4.77336697976017,0,4.74123511156204,0,4.60126626345667,0,0,0,0,2.28430028703485,0,3.85507081423142,3.2728901599894,0,0,0,0,3.37851192850807,0,0,2.13802049723347,0,0,2.54619128577155,0,0,0.588736388959971,0,0,1.49830030438597,0,0,0,0,0,0,0,0,0,0.236838759791316,1.05454106363137,0,0,0,3.23153717982832,0,0,0,0.236838759791316,0,0,0.428187353846974,0,0,0,0,0,4.09977252638649,0,0,0,0.236838759791316,0.428187353846974,3.82637312283529,0,0,0,0.428187353846974,2.19912312433188,0,1.71254040231564,0.236838759791316,0,0
"ola_mES_2i_5_30.counts",0,0.0676802441523241,0,0.246932286654152,2.68474786407408,4.22890928278716,2.60002786129035,0,0,1.88734970224432,3.58772120842776,4.03845111861533,3.04911340160407,0.0676802441523241,5.43461814230176,2.74950108542872,4.18831173102792,0,0.0676802441523241,4.05921443718578,0,1.38903899812976,2.29887399297947,0,0,0,4.65247609308458,0,4.49042233014067,2.13090068954913,4.60179006625792,0,0,0.0676802441523241,2.85563118677719,2.98397304623739,0,1.51977104669518,1.71406852099308,0,0,0,0,0.190677649601059,0.0676802441523241,0.131068801278581,0,0,0,0,0,0,1.96879394498691,0,0,0,0,0,0.131068801278581,0,0,0,0,0,0,0,2.44264839376728,0,0.0676802441523241,0,0.609916262172045,0,0.246932286654152,0,0,0,0,0,0,0,0,3.54214900891118,0,0.246932286654152,0,0,0,0,0,2.98042418719603,0.0676802441523241,0,0,0.0676802441523241,0,0,0,0,0,0
"ola_mES_2i_5_31.counts",0,0,0,1.53120292110706,4.1559320891863,1.57121081690915,1.41900868660413,0,0,3.13084873723744,2.63798905143764,1.69638134207535,2.33442957035446,3.70276047010871,4.01990397185468,1.45488954923307,4.34214119814965,0,0.0727805454933744,3.97838965220007,0,1.06034335957799,2.61891448785556,0,0.172890744699488,0,4.38019988791833,0,4.39893148212171,0,5.62771832848681,0,0.0370522526366258,0.107276239504671,0.0370522526366258,2.00377891738961,0,3.46425795022653,3.27064824347296,0,0,0,0,3.14557914735435,0,0.0727805454933744,0,2.13253281860682,0.0370522526366258,0,0.0370522526366258,0,0.373607626871421,0.472473022295034,0.0370522526366258,0.424261623113772,0,0.0370522526366258,0,0,0,0,0,0,0,0,4.02193512776574,0,0.0370522526366258,0,1.56333626443832,0,0,0,0.0370522526366258,0,0,0,0,0,0,3.14069308048636,0,0.0370522526366258,0,0,0,0,0,3.17282477167761,0,0.172890744699488,0,0,0,1.32323443829935,0,0,0,0
"ola_mES_2i_5_32.counts",0,0.0986409131037855,0,3.08125920559988,2.69031137676483,4.11297903518095,2.26224245692,3.45424702895042,0,2.78104087622768,2.51380631020562,0.784907440663555,0.545626625677123,2.62114060394028,4.61244821894677,2.2404184888221,3.57452266429117,0.711330433605898,0,4.00472106457118,3.32498828664684,0.515129019326044,2.17193453241955,0,1.24935085665019,0,4.3813343984511,0,4.73392422001885,0,4.29681278541482,0,0,0,0,1.99113816875427,0,2.63981235389333,2.41230474401852,0,0,0,0,1.23437872405457,0,0.0505362174977182,0,0.0505362174977182,0.0505362174977182,0.0505362174977182,0.270797637989641,0,3.9894869111757,0,3.20002203196385,2.96267045299931,0,0,0,0,0,0.0986409131037855,0,0,0.0505362174977182,0,5.1523251397524,0.0505362174977182,0,1.77027805433165,0.270797637989641,0,0,0,0,0,0,0,0,0,0,0,0,0.144537367500565,0,0,0,0.0505362174977182,0.0505362174977182,2.68678766561472,0.0505362174977182,0,0,0,1.32102297076667,0,0,1.59725535949435,0,0
"ola_mES_2i_5_34.counts",0,0.0978009340550307,0,0,3.30319959745521,3.92647271179849,3.30696987183502,0.0978009340550307,0,3.51972369768394,1.56892837979497,3.17436970030308,1.99742871932422,3.87451113651595,4.58695641189576,1.45577000930119,4.29358470278373,0,0.0978009340550307,4.19176187041791,4.26367786956833,0,2.15211099158193,0,0,0,4.69589593086567,0,5.19283868917806,0,2.366298116819,0,0,0,0,2.88199746448711,0,0,4.33076713683517,0,0,1.08252411456182,0,0,0,0.414567702280861,0,0,0,0.18688321099713,0.268674875146942,0,0,0,1.27216807023177,0,0,0,0,0,0,0,0,0,0,0,2.34682956075249,0.0978009340550307,0,0,2.03839958821235,0,0,0,0,0,0,0,0,0,0.18688321099713,0,0,0,0,0,0,0,0.0978009340550307,0.0978009340550307,0,0,0,4.0678889062642,0,0,0,0,0.268674875146942,0
"ola_mES_2i_5_35.counts",0,0.0902650992386365,0,0,4.27587072751946,4.07915643702828,0.993384714051128,0.842644801809354,0,3.69393466931375,4.0147869164743,1.99185462510597,2.86935988536751,3.41993254752465,4.13207999203956,2.61434211279111,3.85023603254514,0,0.0902650992386365,3.83810452541281,1.31894314696275,2.66819599808664,0.0902650992386365,0,1.18391660246793,0,4.2653107721591,0,4.06304228623004,0,5.558945613535,0,0,0,0,2.44928045104993,0,3.3019895725058,2.70676465948536,0.0902650992386365,0,1.65839899755301,0,0,0,0,0.842644801809354,0.0902650992386365,0,0,0.173052711668946,0,2.91134185128208,0,2.85858310610368,0,0,0,0,0,0,0,0.0902650992386365,0,0,0,0.0902650992386365,0,0,0,0,0,0,0,0,0,0.173052711668946,0.0902650992386365,0.0902650992386365,0,0,0,0.993384714051128,1.02776890303425,0,0.507570757521015,0,0.0902650992386365,1.79286094689288,3.94598715354503,0.249507477333314,0,0,0,0.386840701985573,0,0,0,0,0
"ola_mES_2i_5_36.counts",0,0,0,1.10235272746856,5.07415187866071,4.72656966104626,1.75717482217887,0,0,3.18875522284784,3.32191690783885,3.22014571081098,0.513071565532632,0.05028458613213,4.23739859037997,1.61392476301457,4.47497997157874,0,0,4.66681222742698,3.93933070992969,0,2.88564190583519,0,2.79532541140228,0,4.76289830143824,0,4.56211905294675,0.782127034655264,2.41227791555817,0,0,0,0,1.97247389293137,0,0.229405170896858,3.47356801322982,1.80918366514674,0,0,0,0,0,0,2.08113548029801,0.143850051508721,1.64426352090485,0,0.05028458613213,0,0,0,0,0.54347736169317,0,0,0,0,0,0,0,0.782127034655264,0,0,1.3840614538645,0,0,0,0,0,0.0981612319191873,0,0,0,0,0,0,0,0,2.0681811761681,0,2.47929987941214,0,0.05028458613213,0,0.05028458613213,0.05028458613213,0.54347736169317,0.05028458613213,0,0,0,0.381263152634366,0,0,0,0,0
"ola_mES_2i_5_38.counts",0.63056686255326,0.126791937212083,0,0.593926017094641,4.73332766853709,4.87087977278869,2.76867349761576,0,0,1.42953316918953,4.04952841076107,3.30413846180695,0.516352734088924,2.3478123750402,4.4733618289172,1.89875771033361,4.25345083733766,0,0.98945199040564,4.42518048080439,3.1515568280675,0.0654041484018755,2.67072832612293,0,0,0.0654041484018755,4.79388950532324,0,4.84993435071023,0,0.126791937212083,0,0,0.0654041484018755,0,1.67256025722186,0.126791937212083,1.62046175197425,4.00249184336279,0,0,0,0,0.340423287342702,0.0654041484018755,0.0654041484018755,0,0,0,0,0.0654041484018755,0,0,0,1.9859419893578,1.25300433365789,0,1.78071526555912,0,0,0,0.126791937212083,0,0,0,0,1.34515900783121,0.126791937212083,0,0,2.86560357262561,0,0.184628233109983,0,0,0,0,0,0,0.0654041484018755,0,0,0,0,0,0,0.291140094705921,0,0,2.86174695664976,0,0,0,0,0,0,0,0,1.46138553152153,0
"ola_mES_2i_5_39.counts",0,0,0,2.33529054235704,4.66432753189621,2.46966798395839,1.69711581317066,0,0,1.97157966699141,3.7464861450146,1.26864320465864,2.13183280349005,1.87612298116911,4.75428429923222,1.47892333843219,4.39968981565819,0,0.0577427603046907,4.58506998128099,0,2.6058220139388,2.78607623552876,0,0.164095881971051,0,4.60726215310735,0,4.58142438473435,0,0.164095881971051,0,0,0,0,2.36922603603045,0,2.23872715417279,2.83262574037798,0,0,0,0,0,0,0.0577427603046907,1.61781973470069,0.0577427603046907,0,0,0,0,1.0447596975826,0,0,0.466512730684267,0,0,0,0,0.0577427603046907,0,0,0,0,0,5.19252183583867,0.112332528605018,0,1.0447596975826,2.39122634037312,0,0,0,0,0,0,0,0,0,0,0.0577427603046907,0,3.2658964365989,0,0,0,0,0,3.41131660891897,0,0,0,0.0577427603046907,0.755843147482334,0,0,0,0,0
"ola_mES_2i_5_4.counts",0,0,0,2.11083592239459,3.63443092947022,4.42154669377304,1.65482504520119,1.0345304682786,0,3.09832596629419,3.37120761192014,1.39202158099479,2.21506792690768,2.95166792630959,4.30617078669799,2.90312098775523,4.60670467915138,0,0.264129982132697,4.40321827242734,3.28448692657102,2.86939552805032,1.99446173711166,0,0.472871339308516,0,4.6393671394133,0,4.74988278929634,0,4.16169427336253,0,0,0,0,2.24752987878115,0,1.86273881189331,2.96734026313927,0.264129982132697,0,0,0,2.33903478596673,0,0,0.264129982132697,0,0,0.264129982132697,0,0,1.31390568029835,0,0.264129982132697,1.13657651562867,0,0,0,0,0,0,0,0,0,0,1.65482504520119,0,0,0,0,0,0,0,0,0,0,0,0.264129982132697,0,0.264129982132697,0,0.472871339308516,0,0,0,0,0.264129982132697,0,4.91136484423134,0,0,0,0,0,0,0,0.472871339308516,0,0
"ola_mES_2i_5_40.counts",0,0.209465437375505,0,0.110207192625542,3.85800458745129,3.97835779765916,3.20009637195823,0,0,3.60146444955583,3.33328164161659,2.58275034446528,1.01074261074365,2.25183740419624,4.67847716833839,0.596397073727395,4.15573054563825,0,0,3.9153566016192,0,0,2.32280341244648,0,1.30283549841294,0,4.42331409232787,0.110207192625542,4.5355567095225,0,4.27440944178772,0.209465437375505,0,0,0,2.3341564628757,0,0.824878340198616,3.56587154648772,0,0,0,0,0,0,0.110207192625542,0,0,0,0,0,0,1.09214456566227,0,0.299755003214126,0.110207192625542,0,0,0,0,0,0.110207192625542,0,0.209465437375505,0.110207192625542,0,5.16115628576508,0.110207192625542,0,0,1.09214456566227,0,0,0,0,0,0,0,0,0,0,0,0,2.87134982698118,0,0,0,0.530072963995345,0.110207192625542,4.31571248856928,0.110207192625542,0,0,0,0,0.110207192625542,0,0,0,0
"ola_mES_2i_5_41.counts",0,0.0577427603046907,0,0.305021801684717,4.16273106921548,4.42989005835103,0.503116019033525,0,0,0.755843147482334,3.95469798104215,0.637442301055345,3.01154606149388,0.668382491425739,4.83822604781906,3.82988761843525,4.70656439650533,0,0,4.30078315038162,2.72173880136101,0,3.30591751703762,0,1.06545451556512,0.0577427603046907,4.92131293717546,0.112332528605018,4.45299510395735,0.0577427603046907,3.5871367234249,0.572532910161094,0,0,0,0.38902364500113,0,1.87612298116911,4.10855194135938,0,0,1.26864320465864,0,1.91189761249704,0,0,0,0.0577427603046907,0,0,0,0,0,0,0,0.112332528605018,0,0,0,0,0,0,0,0,0,0,0.112332528605018,0,1.3175742507251,0,0,0,0.0577427603046907,0,0.112332528605018,0,0,0.0577427603046907,0,0.0577427603046907,0,0,0,0,0,0,0,0,0.0577427603046907,3.6946627934291,0.112332528605018,0,0,0,0,2.40204761000194,0,0,0,0
"ola_mES_2i_5_42.counts",0,0.0665227254657853,0,1.81789720511494,4.05727625194805,4.94371267953925,1.81789720511494,0.128894852237531,0,2.73281551091038,3.47498332147784,3.12395571892702,3.28819551046521,1.55062242491742,5.3254390047617,1.44288895911582,4.0691031793756,0,0,4.36073435113511,0.243056768391197,3.16543847809769,2.32407490670136,0,2.6292120381522,0,4.62878379812362,0,4.60567769234797,0.0665227254657853,2.49677023958816,0,0,0,0,1.11957684630102,0,1.59346286598961,3.74410485492511,0,0,0.0665227254657853,0,0,0,0,0,0,1.78381771276698,0,0.0665227254657853,0,0.67447062144594,0,1.30362577108363,2.99496846562486,0,0,0,0,0,0.0665227254657853,0,0.0665227254657853,0,0,0.393052905844245,0,0,0,0,0,0.0665227254657853,0.0665227254657853,0,0.89383663546044,0,0,0,0.0665227254657853,0,0,0,0.295595376168307,0,0,0.0665227254657853,0,0.0665227254657853,2.96350151852583,0.0665227254657853,0.481850225393027,0,0.34551091771366,0,0,0,0,0,0
"ola_mES_2i_5_44.counts",0,0.127863378561544,0,0.0659739291015828,4.4883727348649,2.71583089650261,0,0,0,3.45383068124925,3.699298626665,3.9316250276989,2.63603741001416,0,4.629001125645,3.14849755714455,4.71508737779714,0,0,3.92221841702922,0,1.90638268880832,2.26812368357347,0,0,0,4.51484605478315,0,4.62030636667983,2.76855259237966,0.186144742178364,0,0,0.343017347286525,0,1.49920828695251,0,2.32971824058986,3.42094473514567,0,0,0,0,1.51432276237243,0,0.24121564020605,0.390278422142212,0,0,1.84364194189941,0,0,0.597949522556838,0,1.67984559110678,1.70495266791509,0,0,0,0,0,0,0,0,0,0,5.20363077321848,0,0,0,0.670279778432917,0,0,0,0,0,0,0,0,0,0,0,2.04791061603565,0,0,0,0,0.24121564020605,0,2.34290556369546,0.0659739291015828,0,0,0,0,0,0,0,0,0
"ola_mES_2i_5_45.counts",0,0,0,0,4.16383909996818,3.56086278134792,3.35192322942165,0,0,2.94298266822945,3.77249605848087,3.32244672167989,0.379004420336821,2.72691868540659,5.12618337121476,3.22108536360546,4.12288872673653,0,0,4.39331065622875,0,0.604038927146731,0,0,1.65625114021008,0,5.05471832509949,0,4.73453970420917,3.88275079805907,0.0881627875946717,0,0,0.0881627875946717,0,2.87774760466777,0,1.50458929850232,1.89041553253857,0,0,0,0,0,0,0.0881627875946717,2.23933606268635,0,0,0,0.0881627875946717,0,0,0,0.244120152646879,1.22269053864888,0,0,0,0,0.16917873135476,0,0,0,0,0,3.7575496929154,0,0,0,2.92830170966599,0,0,0,0,0,0,0,0,0,0,0,0,3.12055651387148,0,0,0,0,0,0.379004420336821,0.0881627875946717,0.16917873135476,0,0,0.244120152646879,0,0,0,0,0
"ola_mES_2i_5_46.counts",0,0,0,1.81720613488922,4.99917704910966,4.49062575867597,3.37368933764761,0,0,2.96656569532574,3.31168232471404,1.85222494475646,3.4771247945699,1.70412974321057,4.11968074029429,0,4.13909478201922,0,2.87188653399372,4.13559287515603,3.51372016674353,0,2.6734449808632,0,0,1.01333423880469,4.59891905859648,0,4.47700524742196,1.40385154536486,3.55843919603095,0,0,0,0,0,0,3.15159552113236,0.56968617811107,0,0,0,0,0.104065534078495,0,0.104065534078495,1.16110605785988,0,0.740379817850321,0,0,0,0.198314934740028,0,0,0,0,0,0.363734851080294,0,0,0,0.363734851080294,0,0,0.104065534078495,4.82247792209261,0,0,0,0,0,0.104065534078495,0,0.505635605078735,0.104065534078495,0.740379817850321,0.284441468731548,0,0,0,0,0,0,0,0,0,0,0.104065534078495,3.07355205239854,0.104065534078495,0,0,0,0,0,0,0,0,0
"ola_mES_2i_5_47.counts",0,0.109076089087453,0,2.94936426291745,4.93577811182394,3.93891862759153,2.42099026998874,0,0,2.64887903827199,3.2131060713203,3.47295951905367,1.82230875755414,0.86834612460728,4.39848177891144,2.76423451519736,3.58449486202117,0,0,4.46693818939421,0,1.26283734133422,0.711588512742393,0,0,0,4.86635202455318,0,4.95057277657224,0.109076089087453,4.48789022187994,0,0,0,0,2.68096469286096,0,1.89418263371702,2.30151271919787,0,0,0,0,0,1.35613926496128,0,3.54536075206355,0,0,0,0.109076089087453,0,3.73007570151551,0,0,0.591518823275041,0,0,0,0,0,0,0,0,0,0,0.455039743088061,0,0,0,2.55493492937772,0,0,0.296945248282225,0,0,0.109076089087453,0.109076089087453,0,0,0,0,0,0.109076089087453,0,0,0,0,0,2.52770433339083,0.109076089087453,0,0,0,0,0,0,0,0,0
"ola_mES_2i_5_48.counts",0,0.200146818762682,0,3.83782366909812,3.54617695277812,4.00045260958398,0.200146818762682,0,0,3.81366942229968,3.94198401659791,3.10332495152269,0.634632286057056,1.60713079929397,4.35528457407472,0,3.48695418664452,0,0,4.11529571528716,3.1613049225829,1.01980598303805,1.16808267864336,0,0.50967273254216,0.200146818762682,4.30571362194432,0.200146818762682,4.7264932467034,0.200146818762682,3.8087677640613,0,0,0.200146818762682,0,2.47296249419385,0,3.86605911170546,3.37971863297617,0,0,0,0,0,0,0.200146818762682,0,0,0,0,0.3668380587194,0,0,0,1.35598134144566,0,0,0,1.60713079929397,0,3.74275831286336,0,0,0,0.200146818762682,0,4.58776499276379,0,0.200146818762682,0,2.54504888836116,0,0,0,0,0,0,0,0,0,0,0,0,3.72153882090355,0,0,0.200146818762682,0,0,3.5651633027609,0,0,0,0,0,0.50967273254216,0,0,0,0
"ola_mES_2i_5_49.counts",0,0,0,1.97322900629656,3.27316925973136,3.02094594170898,1.92922525093263,0,0,2.07544626862427,3.01336773663038,0.143967609420546,2.28505859740679,1.44733789213933,4.52736431611189,2.23662923674595,4.41966860148849,0,0.143967609420546,3.73479714587294,4.08129917098005,0.573368503650303,1.58333365048237,0,1.67442151877413,0,3.93515989869874,0,4.44543098663817,2.93424885167141,5.15349206955273,0,0.143967609420546,0,0,1.83494472664442,0,3.67381612056608,2.37540258101506,0,0,0,2.38969711527492,0,0,0,2.78346540440416,0,0,0.143967609420546,0,0,2.70378800810679,0,0,1.61462727355761,0,0,1.28989191576323,0,0,0,0,0,0,0,4.98211006510066,0.269793066714213,0,0,0.573368503650303,0,1.15305433169873,0,0,0,0,0,0,0,0,3.34120033721458,0.65704331449587,0.143967609420546,0,0,0,0,0,1.61462727355761,0,0,0,2.36090074619957,0,0.482047563429855,0,0,0,0
"ola_mES_2i_5_5.counts",3.02815731666993,0.0810028115422931,0,3.20375019475036,4.34078531921005,3.94071967506751,1.71491317007446,3.95051004521495,0,1.47589687702648,1.82956646082218,3.82618052130638,3.0914565669694,4.31518148411054,4.33527476470355,2.59547632141912,3.67565537687589,0,0,4.01343852402296,3.76162385781359,0.155932996828857,0,0,2.62646695164525,0,4.28426365170328,0,4.65988270409865,0,0,0,0,0,0,1.33087155088732,0,2.88810045880716,2.5828060558801,0,0,0,0,0,0,0,0.0810028115422931,0,0,0,0,0,0,0,0,0.409618917055705,0,0,0,0,0,0,0,0.699371441549541,0,0.0810028115422931,4.94499487986348,0,0,0,2.27981688472111,0,0,0,0.155932996828857,0,0,0,0,0,0,0,0,0,0,0,0,0.0810028115422931,0.0810028115422931,3.45669881916979,1.01951599616663,0,0,0,0,0,0.0810028115422931,0,0,0
"ola_mES_2i_5_51.counts",0,0.120446153075867,0,1.07158361628019,4.55404529847194,4.18710604230341,1.57691472072854,1.79042524621492,0,1.79042524621492,3.64576316304031,2.4585626744484,2.16102152867226,3.71200987150279,4.58390569068337,0.120446153075867,3.2881033354919,0,0,4.39444915467244,4.07509378262996,0,2.49088872146555,0,1.17557332980424,0.0620353909194527,4.54457056385916,0,4.82959291880068,3.45290392398435,0.494696241836107,0,1.85254094148791,0,0,1.5636033760903,0,3.09067875086294,3.76231577218712,0,0,0,0,0,0,0,3.10798895589966,0.0620353909194527,0,0.0620353909194527,0.120446153075867,0,0.569848964215452,0,0,0,0,0,0,0,0,0,0,0.370183293963525,0.0620353909194527,0.0620353909194527,0,0,0,0,0,0,0,0,0,0.0620353909194527,0,0,0,0,0.0620353909194527,0,2.29213063509019,2.19722457733622,0,0,0,0,0.0620353909194527,4.5627636033376,0,0,0,0,0,0,0,0,0,0
"ola_mES_2i_5_52.counts",0,0,0,0,2.03927267960796,3.67180115379232,0.251528897827053,0,0,1.16826986608291,2.47079704181464,2.11968280778444,2.08474063576549,0.405786795180905,3.82335450370283,0.331629339443352,2.95097651909442,0,5.91879938467972,3.14106480332532,2.2483881747646,0,0,0,1.72483405679835,4.76374076330179,3.72921343052722,0.0351246025835554,3.83191171736945,0,2.26337124357869,0,4.09826505968086,0,0,0.902475364431556,0,0.305635621628787,1.02512285368001,0,0,0,0,0,1.61020978762876,3.56744752951362,0.693629672371412,0,0,0,0.101876097992076,0,0,0.13365203740399,0.0351246025835554,0,0,0,0,0,0,4.43262005867752,0,0,0,0,0,0,0,0,0.16444928551652,0,0,0,0,0.0351246025835554,0,0.381673553950129,0,0,0.0351246025835554,0,0,3.20830717827708,0,0,0,0,2.53231470887235,1.30322705870533,0.0351246025835554,0,0,0,0,0,0,0,3.144151354135,0.0351246025835554
"ola_mES_2i_5_53.counts",0,0,0,0.804492971873378,5.00610000056085,4.05946538239812,1.21303715869132,0.102051258834183,0,2.94706498660519,2.20365030225719,2.89199696233628,0.676490285188353,3.85095878928739,4.79365722567646,3.12249389178486,3.34060129825128,0,0,4.12668806189539,3.43666960952701,0,0.149419810794915,0,2.63523205703783,0,4.57634893065515,0,4.6148545402935,0,4.38096173803114,0,0,0,0,1.61522291972944,0,2.26126494415319,4.15657633541719,0.102051258834183,0,1.93285573842334,0,0,0,0,0,0.980325500041525,0.149419810794915,0,0,0,2.33152044324794,0,0,0,0.0523268723368356,0,0,0,0,0.529663984185896,0,0,0,0,0.0523268723368356,0,0,0,0.560804597923379,0,1.85191524678965,0,0,0,0,0,0,0,0,0,0,0.102051258834183,0.0523268723368356,0.497522377605238,0,0,0.0523268723368356,3.95704824096783,0,0.703435199687505,0,0,0,0,0,0,0.0523268723368356,0.194645695605126
"ola_mES_2i_5_54.counts",0,0.160652427425188,0,1.74142576516299,4.1382652711544,4.07515972941235,1.8567009241647,0,0,3.00421829832662,4.01411642625831,0.420570612970071,1.57569259667497,3.12608460297131,4.46697324352704,0,4.14932311069164,0,0,4.1382652711544,0.420570612970071,0,2.73857749038688,0,2.3594588142855,0,4.49460269031424,0,4.77165006501918,1.12859851339509,3.26843251288967,0,0,0,0,2.32597615928299,0,3.56480378749489,3.11840631466064,0.160652427425188,0,0,0,0,1.61110957124784,0,0,0.160652427425188,0,0,0.626678134441205,0,0,0,0,0,0,0,0,0.420570612970071,0,0,0,0,0,0,4.10721020638226,0,0,0,0,0,0.299032538719148,0.160652427425188,0,0,0,0,0,0,0,0,0,0.797478934390001,0,0,0,0,0,4.77165006501918,0,0.420570612970071,0,3.91493962630616,1.46122980539364,0.160652427425188,0,0,0,0
"ola_mES_2i_5_55.counts",0,0,0,2.4041614482324,4.4107480539086,4.64504722250803,1.59586304334303,0,0,2.9856120924949,2.44621014378343,3.07132389575832,1.66360520602946,1.06521726978636,4.7829221130694,0.690117530980077,4.64504722250803,0,0.296930444640322,4.09631611210988,0,3.02414920686883,3.60266135083354,0,2.05770749118127,0,4.46190644097387,0,4.63921664217469,0,4.82680525352654,0,0.264290471432819,0.042307493903855,0,2.09029427808224,0,0.850010562420625,1.63873655043501,0,0,0,0,2.43869526660517,0,0.159445932641193,1.06521726978636,0,0,0,0.042307493903855,0,0.042307493903855,0,2.95682611766396,0.042307493903855,0,0,0,0,0,0.042307493903855,0,0,0,0,3.24891281704415,0,0.042307493903855,0,0,0,0,0.042307493903855,0,0.042307493903855,0,0.042307493903855,0,0.042307493903855,0,0,0,2.70528059573132,0,0,0,0,0.042307493903855,1.85659505081961,0.042307493903855,0,0,0,0,0,0,0,0.79300424809751,0
"ola_mES_2i_5_56.counts",0,0.158798913224468,0,2.67483978673081,4.43128484832991,3.99863717764963,1.66818891529335,3.52764287602207,0,3.08696235880631,3.7448942881954,2.44964961663098,3.92836071949756,3.5983832001191,4.58300129860856,0.416277566345857,4.4674834917725,0,0.790598521472368,4.1397114149999,1.94927277556091,0.0825482870357568,0.357853149848236,0.357853149848236,2.22580198973054,0.0825482870357568,4.59957933456421,0,4.37332026989962,0,2.68663091620025,0,0,0,0,1.73108196043243,0,0,3.49423113687023,0,0,0,0,0.828886571760699,0,0,0.523786614997228,0.0825482870357568,0,0,0,0,3.48107724089096,0,1.58356613489073,0.0825482870357568,0.0825482870357568,0.0825482870357568,0,0,0,0.0825482870357568,0.0825482870357568,0,0,0,4.51849920055841,0,0,0,2.70980410484641,0,0,0,0,0,0,0,0,0.0825482870357568,0,0,0,0.229645045194564,0,0,0,0,0.0825482870357568,2.63860853382518,0,0,0,0,0,0,0,0,0,2.34809584574928
"ola_mES_2i_5_57.counts",1.23598924319093,0,0,4.08237708789454,4.55586926513291,3.74120008631125,3.49145229316406,3.10245631769652,0,0.127209165881718,4.11464727207556,1.83183056014081,2.17733301700279,0,4.7674393669149,2.33796794958818,3.99308295236889,0,1.07989882609938,4.11906842265844,4.13148989880863,2.19762643593763,2.7241680071116,0,1.489884148761,0,4.71251990432511,0,4.42458259866021,0,0.274997393968793,0,0,0,0,1.63214888900243,0.0865779422006452,0,3.24606775169636,0.0442256461198986,0,0,0,2.05770000222019,0,0,0,0,0,0,0.0442256461198986,0,0.0442256461198986,1.90846170901193,0,0.462372278290694,0,0,0.0442256461198986,0,0,0,0,0,0,0,4.39377903126089,0,0,0,0.240047130423875,0,0.0442256461198986,0,0,0,0,0.0442256461198986,0,0,0,0,0,0.0442256461198986,0,0,0.341433906700891,0.0865779422006452,0.127209165881718,3.50919741321793,0.0442256461198986,0,0,0,0,0,0,0,0,0
"ola_mES_2i_5_58.counts",0,0.0931772248541833,0,0,3.49449322344311,2.63121415215423,0.46117571512217,0,0,2.54307728264287,3.74729575703514,2.76277510079146,1.75529536978824,0.97838486166995,4.14021628537446,0,3.34440654731541,0,2.43792149623133,4.27253433103516,3.17184972881526,3.19211466806466,2.81676446166538,0,1.14690629802707,0.329753286372468,4.51663776643587,0,4.08918806112569,1.08286393169997,5.54433785872762,0,0.397621930647138,0,0,1.41706601978664,0,3.07294646551512,0.940983344464527,0,0,0.0931772248541833,0,0,0,0.630689825626199,0,2.61705362100162,0,0,0,0,1.41706601978664,0,0,0,0,0,0,0,0,0.2569409308975,0,0,0,0,2.02061583794895,0.0931772248541833,0,0,0.2569409308975,0,0.178407657472818,0,0,0,0,0,0,0,0,0,0,3.1128206235277,0,0.729584576762376,0,0.178407657472818,0.0931772248541833,0.520930645624185,0.0931772248541833,0,0,0,0,0,0,0.178407657472818,5.11515952266349,0
"ola_mES_2i_5_59.counts",0,0.0670762308535523,0,1.92098311385839,1.23203382835092,4.87793687127105,2.90552698249545,0,0,1.27171055241279,3.81554022220048,1.46558965268278,2.69970876907001,0.189074523904175,4.38833216047746,3.28870937706381,4.18764499566171,0,0,3.83969547550247,0.297794498787785,0.0670762308535523,2.59144934415487,0,0.567100246780093,0,4.23996923680553,0,4.36919138815983,0,3.61670629449011,0,0,0,0,1.91076998098337,0,4.64329494278983,4.18974934254428,0,0,0,0,2.240136795972,0,0,0.0670762308535523,0,0,0,0.129934672705271,0,0,0,2.94643795845615,0,3.77658927128709,0,0,0,0,0,0.0670762308535523,0,0,0,3.64065229917863,0,0,0,1.71898833387715,0,0,0,0,0,0,0,0,0,0,0,0,3.80940912671494,0,0,0,0.129934672705271,0,2.68087706207158,0.0670762308535523,0,0,0,3.25716218056447,0,0,0,0.0670762308535523,0.129934672705271
"ola_mES_2i_5_6.counts",0,0,0,0,3.73161759272953,3.79859168604267,2.26955339023697,0,0,3.27712489270648,3.11601248077071,1.69909213122768,2.70355360109962,3.51444469567503,4.39015596253461,0,3.82761220157167,0,2.15449731449102,3.82187508284303,0.233395759534593,2.63053380073537,1.21370447742447,0,0.718583278077721,0,4.50981899587913,0,4.85180843332334,3.04352048382967,4.32274591094646,0,0,0,0,2.63053380073537,0,0,3.61131570772818,1.35884426984077,0,0,0,0,0,0,0,0,0,0,0.233395759534593,0,1.28890526055261,0,0,0,3.37170973006144,0,0,0,0,0,0,0.233395759534593,0,0,4.60623166238058,0,2.57204215740702,0,2.34791426506977,0,0,0,0,0,0,0,0,0,0,0,0,0.581457529850471,0.422494190338797,0.581457529850471,0,0,0,2.42057841148161,0,0.233395759534593,0,4.09681259718716,0.233395759534593,0,3.38069419357314,0,0,0
"ola_mES_2i_5_61.counts",2.74818580774036,0,0,4.0271896201204,4.66508766079732,3.89254366080102,3.06730606332118,0.113140427461657,0,2.1455473234811,4.03145085704131,1.90952475818311,3.12156460262658,2.67664046156926,4.93100005277679,0.672083576487077,3.20268411167099,0.113140427461657,0,4.34931606921146,0,1.99454058157358,1.7969369072143,0,0,0.113140427461657,4.44373300158569,0,4.8175691092866,2.17319324847196,0.787498587519971,0,0,0,0,2.44594464777559,0,1.14937038156349,3.77882833480447,0,0,3.31756921968951,0,0,0,0.113140427461657,0.113140427461657,0,0,0,0.113140427461657,0,0.391472117424959,0,0,2.74048445737254,0,0,0,0.113140427461657,0,1.35453020601862,0,0.731455236758165,0,0,1.32312847997566,0.113140427461657,0,0,0,0,0,0,0,0,0,0,0.113140427461657,0,0.113140427461657,0.214771275108828,0,3.95641810090729,0,0,0,0,0.113140427461657,3.44764987748486,0,0,0,0,0,0,0,0,0.113140427461657,0
"ola_mES_2i_5_62.counts",0,0,0,2.42661329812791,4.34439780968756,3.73791531376445,0.966812408706617,0,0,2.78557438458745,4.21673202537268,1.77302634042821,3.21486998492633,2.08708471866274,5.27951320856763,2.75148908362848,3.63591232762005,0,0,4.22471030306636,3.48970290409704,1.3831661708777,2.24276473756547,0,1.23672758246695,0,4.8717498459958,0,4.78031869420267,0.240269286257833,2.51824826441556,0,0.240269286257833,0,0,1.81811557558225,0,3.46452998857921,3.18160085468246,0,0,0,0,0,0,0,2.88136883253959,0,0,0,0.43384720062111,0,0,0.857795834066516,0,0.240269286257833,0,0,0,0,0,0.240269286257833,0,0.240269286257833,2.37744160156139,0,1.62410441063977,0,0,0,0,0,0,0.240269286257833,0,0,0,0.857795834066516,0,0,0,0,0,0,0,0,0,0,0,3.68481089542336,0.240269286257833,0,0,0.240269286257833,0,0,0,0,0,0
"ola_mES_2i_5_63.counts",0,0,0,3.54691835857779,4.3312936536477,3.55753419206479,0.200684164382617,1.78562915336042,0,1.5794192667224,1.23681519835903,3.07584563923596,2.75632167384436,4.09749907480721,4.62104397262201,0,4.12660971634221,0,0,4.06497584241502,0,2.57634936647009,0.554342258426521,0,2.27638363839948,0.138159897088224,4.57707262393404,0,4.7597117178513,0.138159897088224,4.79708762691775,3.23656859182333,0,0,0,2.07486593657218,0,0.815078287563928,3.61498600475537,0,0,0,0,0.0714640729043667,0.0714640729043667,0.0714640729043667,0.747253390313028,0,0.0714640729043667,0,0,0,0.138159897088224,0,1.1468649376151,0,0,0.0714640729043667,0,0,0,0.0714640729043667,0,0,0,0,4.17787318359058,0,0,0,0.138159897088224,0,0,0,0,0,0,0,0,0,0,0.0714640729043667,0,2.36371245790759,0,0,0,0.0714640729043667,0,3.47157803458014,0,0,0,0,0,0,0,0.138159897088224,0,0.0714640729043667
"ola_mES_2i_5_65.counts",2.51580470673591,0.132962402566497,0,1.38287555437111,3.39678873967818,2.74117025674234,0,2.74117025674234,0,1.76388108970409,3.74672970290777,1.54700562820091,0.450328980108125,2.11052342215767,3.88735257689205,1.34655018902911,3.61417184478838,0,0.250302666464485,3.88735257689205,1.87886564642632,2.44437297800162,1.57683009807501,0,0,0,4.39346551117792,0.132962402566497,4.22546263557652,2.72265669478844,5.69541996105206,0,0,0,0,0.355308823507689,0,3.35299293898469,3.68799738147071,0,0,0,0,0,0.132962402566497,0,2.82048461375907,0,0,0,0,0,3.50925051470373,0,0,0.250302666464485,0,0,0,0,0,0.355308823507689,0.616936710916868,0.355308823507689,0,0,4.06576404505032,0,0,0.132962402566497,0.759710101728288,0.132962402566497,0,0,2.58247235960787,1.87886564642632,0,0,0,0,0,0,0,3.75674541100761,0,0,0,0,0.132962402566497,2.31265931934715,2.54969400230805,0,0,0,0,0,0,0,0.250302666464485,0
"ola_mES_2i_5_66.counts",0,0.0206918203813634,0,1.45452730912036,3.38922975504781,2.5121813020953,1.98118168866313,0,0,1.75575054168135,1.89386359094818,0.990840648111228,0.784686932772276,1.05836798401414,2.67313160115891,2.0399678172202,2.94230194376402,0,5.03763253987472,2.89718982143107,1.56532631209923,1.27885255826645,1.64911687468192,0,0.11817787488066,4.73934975863027,2.72241444675174,0,3.34819702900182,0.154658301630064,0.63026593754891,0,3.21054517263699,0.31942260378758,0.0206918203813634,0.499640577379611,0,0.189854614477921,0.304115401494699,0,0,0,0,0,0,4.56742511362692,0.0803160745094096,0,0.0206918203813634,0,0,0,0,0,0,0.0206918203813634,0,0,0,0,0,5.64647622241148,0,0,0,0,1.3354191269391,0,0,0,1.18111261176532,0,0,0,0,0.0206918203813634,0,0,0,0,0.0206918203813634,0,0,1.56968684750463,0,0.172411297616825,0,0,2.35259908311507,0.0206918203813634,0,0,0,0,0,0,0,0.0803160745094096,4.93664654051213,0
"ola_mES_2i_5_67.counts",0,0.0766306147650977,0,0.492954230150276,3.75497229788612,2.51035785123243,0.0766306147650977,0,0.670757584585543,3.03261917031993,3.19520180770096,1.57336991776993,2.71974747564291,2.68232115906957,4.61148660819602,3.05913025124097,3.82513789113808,0,0.147804640770206,3.96439599707683,0,0.214247777313794,0.214247777313794,0,2.25358624187101,0.0766306147650977,4.37410669578258,0,3.97192551811474,1.31045725010002,5.99467617309796,0,0.147804640770206,0.0766306147650977,0,1.8953184267687,0,0.39059454790979,4.2860508144569,0,0,1.79467546418987,0,0,0.214247777313794,0.33519713284628,0.492954230150276,0.214247777313794,0,0,0,0,0.276549934906779,0,0.147804640770206,0,0.0766306147650977,0,0,0,0,0.147804640770206,0,0.0766306147650977,0,0,0.276549934906779,0,0,0,1.09563451341659,0,0,0,0,0,0,0,0,0,0,0.0766306147650977,0.0766306147650977,0.492954230150276,0,0,0.0766306147650977,0,0.0766306147650977,3.02491366593633,0,1.33170932501659,0,0,0.147804640770206,0,0,0,0.0766306147650977,0
"ola_mES_2i_5_68.counts",0,0,0,2.59244583472009,4.23243604282644,1.8512682147984,2.49893688269409,0,0,3.15476563107843,3.6284251906914,2.60454553747682,4.32556543666593,0.102955630902202,5.04474584029981,1.15336702556651,4.18982314191165,1.64384431595625,0.433217189903263,4.55693029602578,0,3.42645540908177,2.8550195187295,0,0.281658981660446,0,5.05170858274573,0,4.90913829133202,1.38182470045044,0.564799808692379,0,0,0,0,2.3957734707411,0.0528022134130198,0.397426231627051,1.47286396438652,0,0,0.0528022134130198,0,0.68106450141546,0.0528022134130198,0.0528022134130198,1.81661561343163,0,0,0.0528022134130198,0,0,3.41938128015792,2.0787567657138,0.102955630902202,1.28165954254701,0,0.0528022134130198,0,0,0.0528022134130198,0.196293866857709,0,0,0,0,0.150713357086425,0.0528022134130198,0,0,0.785208680676368,0,0,0,2.6085464550218,0.239887048166712,0.0528022134130198,0,0,0.0528022134130198,0.0528022134130198,0.0528022134130198,0,0.150713357086425,0,0,0,0,0,3.10011280476486,0,0,0,0,0.595157602410529,0,0,0,0,0
"ola_mES_2i_5_69.counts",0,0.0666780290061122,0,1.5228915348481,3.49421491804545,4.90863904152537,1.59538388228359,0,0,2.89209023113639,3.42932771702494,3.6107166292757,1.80868092516632,0.296212775312328,4.72779290153108,0,4.78123383840298,0,0,4.63049862964636,0,0,2.91102997600007,0,1.3947225103961,0,4.7111873845552,0,4.67584139270291,0,0.675653820314609,0,0,0.188016770230586,0,3.08613174252889,0,1.20727012712244,1.64981686598679,0,0,0,0,3.21591481574146,0,0.0666780290061122,0,0,0.0666780290061122,0,0,0,0.524440034455896,0.482772547998678,0.393836935705139,1.07521913709632,0,0,0.0666780290061122,0,0,0,0,0.243577356521466,0,0,4.70683685752648,0,0,0,0.524440034455896,0,0,0.243577356521466,0,0,0,0,0.0666780290061122,0,0,0,0,0.775727254813853,0,0,0.129186657983318,0,0,0.0666780290061122,0,0,0,0,0,0.0666780290061122,0,0,0,0
"ola_mES_2i_5_7.counts",0,0,0,0,4.20776405405387,3.42447078694358,3.08902545224229,0,0,2.60641416380085,3.99788903283858,1.60389581303918,3.20990072356299,0.252976195249025,4.50623051447166,0.296708568297753,3.97328544066313,0,0.0559743189740207,3.58199856110973,2.12453763618522,0,0.960106513422859,0,2.32349336596448,0,4.67432347446746,0.108980897165891,4.46801020962021,3.26855930376028,1.42704726862502,0,0,0,0,2.0079319356768,0,0,3.051624934322,0,0,0,0,0,0,0.0559743189740207,0,0,0,0.207243489078043,0.0559743189740207,0,0,0,0,0.417482420112182,0,0,0,0,0,0,0,0,0,0,4.74384019553384,0,0,0,0,0,0.252976195249025,0,0,0,0,0,0,0,0,0.108980897165891,0,2.88302055390065,0,0,0,0,0,3.84644153031718,0,0,0,5.1322260777865,0,0,0.0559743189740207,0,0,0
"ola_mES_2i_5_70.counts",0,0.199565722974033,0,2.00219608682753,3.832295911481,2.64130297224123,1.53566119407902,1.16587349419169,0,3.45983434278992,2.87842883021883,2.26322301148319,1.97191597462006,3.54306180261787,4.75423260928557,0.97702578381604,4.66783125558956,0,0,3.99932975568754,4.32618203567442,1.64800003897537,2.9899452684378,0,1.98717063699494,0.104752931889239,4.6415569591075,0,4.73599014785967,0,0.690105563394044,0,0,0,0,2.19181084525816,0,1.0568925970258,2.73871811126862,0,0,0,0,0,0,0,0,0,0,0,0,0,0.508393070598321,0,0,1.29485574945016,0,0,0,0,0.199565722974033,1.62651924310482,0,0,0,0.104752931889239,5.23627453219945,0,1.19971194515575,0,0,0.439661113023118,0,0,0,0,0,0.104752931889239,0,0,1.16587349419169,0,0.104752931889239,0.104752931889239,0,0,0,0.199565722974033,0,2.56783352623355,0,0,0,0,0,0,0,0,0.104752931889239,0
"ola_mES_2i_5_72.counts",0,0.235299110933506,0,0,3.4751875467392,3.93455280797193,2.01484111828591,0.508754239978836,1.00223597059395,1.09515759482557,4.11664133049214,2.34350576947357,2.1625558380669,2.4745847373279,4.71395380549443,0,3.99738138324026,0,0,4.11664133049214,1.60529084532146,0,1.60529084532146,0,1.04977569816565,0,4.70078057757057,0.124554357695904,4.4121091131603,2.9110623272069,1.55054113779101,0,0,0,0,1.77627566261883,0,4.33173639051509,3.7623161665928,0,0,0,0,3.12472109877159,0,0,0,0,0,0,0.124554357695904,0,3.05844735647726,0,1.13856907281663,0,0,0,0.124554357695904,1.43113532803224,0,1.57829063607706,0,0,0,0.124554357695904,4.9128840597889,0,0,0,0,0,0.124554357695904,0,0,0,0,0.235299110933506,0,0,0,0,0,0.235299110933506,0,0,0.723263445575032,0,0.334993114722235,4.09257220063459,0,0,0,0,1.49261939357492,0.124554357695904,0,0,0,0
"ola_mES_2i_5_73.counts",0,0.382230153908539,0,0,3.83207650665835,4.04478128736153,3.25450896152525,3.84211191522087,0,2.86374265533839,3.66803997662516,0,0.529641895565467,1.73262737053688,4.62292595413183,2.16120172508684,3.74244669743165,0,0.382230153908539,4.4779926007577,2.51817692424476,1.20229542065056,1.88503609469662,0,1.33323532171794,0.209267461428143,4.3750657787429,0,4.16016252523237,0,5.43118978977216,0,0,0,0,2.62485749289639,0,2.31037589478181,1.95333133339293,0,0,0,0,0,0,0,0,2.55501621597503,0,0,0.209267461428143,0,2.55501621597503,0,0.771899842902992,0,0.529641895565467,0,0,0,0,0,0,0,0,0.209267461428143,2.1340231851551,0.209267461428143,0,0.966764323544323,2.41966438428756,0,0,0,0,1.77296192326055,0,0,0,0,0,0,0,2.1340231851551,0,0,0,0,0,3.98601391832314,0,0,0,0.209267461428143,0,0,0,0.209267461428143,0,0
"ola_mES_2i_5_74.counts",0,0.093351315318992,0,0,3.62686872042474,3.99321513505702,2.38716363698386,0,0,2.61886603300326,4.23840819511348,2.91326490665508,0,3.41293513842105,5.19329382389751,2.72049688065043,3.54274450749267,0,0,4.04764126013638,0,0,2.8068530587208,0,1.65008768077398,0.093351315318992,4.5735805558876,0,4.41761381640957,0,2.30278076856457,0,0,0,0,1.92728658596473,0,1.70492598070283,4.31842700727557,0,0,0,0,1.75691273789789,1.39457699068675,0,0,0,2.98005225208835,0,0,0,0,0,0,3.63979815167746,0,0,0.178727368967891,0,0.178727368967891,2.188927586508,0,0,0,0,0,0,0.093351315318992,0,0,0,0,0,0,0,0,0,0,0,0,0,0,4.50026618711519,0,0,0.257384249647982,0.093351315318992,0,3.62164977428528,0,0,0,0,0,0.330302839599536,0,0,0,0
"ola_mES_2i_5_75.counts",0,0,0,0.461067501282861,2.07085011819784,4.27632300745193,3.44248553716006,0,0,0.729432883883349,3.95612630392894,0,2.51950409863996,2.30075778746734,4.51528051271357,0.178359799637381,4.11473947990523,0,0,4.38544142635263,0.093151167313225,2.60962606278963,3.3645855180238,0,2.65181365634523,0,4.61095543027408,0,4.55609212525985,0,3.44560330063436,0,0,0,0,2.08308373418635,0,2.85655324238166,2.54280739093258,0,0,0,0,0,0,0.093151167313225,0.093151167313225,0,0,0,0,0,0,0,2.08308373418635,0.25687456549043,0,0,0,0,0,0,0,0.630552812784024,0,0,2.22983697503818,0.25687456549043,0,0,0,0,0,0,0,0,0,0,0,0,0,0,0,5.36334527904367,0,0,0,0,0,3.39451363525054,0,0.729432883883349,0,2.58784551062237,0,0,1.26365171375114,0,0.775432806917196,0
"ola_mES_2i_5_76.counts",0,0,0,3.94030648866713,3.3331692955853,4.27255536482932,2.94960747306374,0,0,2.96216351165808,3.22411305187285,3.11248517777753,1.15430387577779,2.0485643031154,4.10436497484798,2.1377924017163,3.56293093204541,0,0.216169481978136,4.42230021629501,0.216169481978136,2.07920019981792,2.62391289289549,0,1.41998675321409,0,5.17158027000598,0,5.04159257571964,3.17491183380539,3.09077916843863,0,0.216169481978136,0,0,2.27081148466688,0,3.5491512949519,2.75493869920765,0.216169481978136,0,0.216169481978136,0.216169481978136,0.393814490888189,0,0,0,2.60625831388368,0,0,0,0,0.544611338617016,0,0,0,0,0,0.216169481978136,0,0,0.216169481978136,0,0,0,0,3.3331692955853,0,0,0,2.75493869920765,0,0,0,0,0,2.07920019981792,0,0,0,0,0.393814490888189,0,0.791436421535327,0,0,0,0,0,3.14418556263439,0,0.393814490888189,0,3.58993332863377,0.216169481978136,0,0,0,0,0
"ola_mES_2i_5_77.counts",0,0,0,0.810236398107597,4.42361238240421,2.90146122629582,0.526843139264277,0,0,3.49361136364574,2.96780392112626,2.91658907796883,3.47230758278013,1.90021548019543,4.52025097065845,3.71573504082473,3.40091528703835,0,0,3.72914865334085,0,0,0.244851021316788,0,2.27614626251995,0,4.4384712760139,0,4.32767144096219,2.57018547299736,2.40930548260527,0,0,0,0,2.45797155847473,0,3.17916871240436,3.52269417061189,0,0,0,0,0.347939438764437,0.129900867943688,0,2.27614626251995,0,0,0.129900867943688,0.129900867943688,0,3.88319987369931,0,1.66774084453451,1.12516736670663,0,0,0,0,0,0,0,0,0.129900867943688,0,5.48528030633762,0,0,0.810236398107597,0,0,0,0,0,0.129900867943688,0,0,0,0,0,0,0.926585731927265,0,0,0,0,0,0.129900867943688,3.04992433097698,0.129900867943688,0,0,0.129900867943688,1.76730322302286,0,1.76730322302286,0,0,0
"ola_mES_2i_5_78.counts",0,0.0587955128096761,0,4.4630375741105,4.52986346516601,4.43973164846331,0,0.646252209626868,0,0.846847897155452,3.68886885634689,2.11957050861118,2.36356516475579,2.91456582969703,4.51406860263223,1.03558389393255,4.23420830765232,0,0,4.00324872783275,0,0.309944970657985,1.72320122570317,0,0.737188115175006,0.0587955128096761,4.65202522584602,0.0587955128096761,4.55054254206108,0.921858681714369,2.32286494867087,0.0587955128096761,0,0,0,2.46635104939036,0,1.6208543588805,0.114325238526188,0,0,0,0,0,0,0,0,0,0,1.53331271155491,0,0,3.73473400115802,0.0587955128096761,0.737188115175006,0.0587955128096761,0,0,0,0,0,0,0,0.264509454087696,0,0,5.11175245865399,0,0,0,1.29871026850645,0,0,0.0587955128096761,0,0,0,0,0,0,0,0,0,0.0587955128096761,0,0,0,0,0,1.94523512825981,0,0,0,0,0,0,0,0,0,0
"ola_mES_2i_5_8.counts",0,0,0,2.61875264580787,3.39978067719441,2.05585764310555,2.59360589637292,1.28422164390016,0,2.19155582876359,3.85237763371951,1.60433748696844,1.62690875169118,3.5409560324685,4.38248928030552,1.88165926918565,3.64999436485069,0,0.449669972947722,4.41184945415139,3.8879006367588,2.0845104355381,2.68287408910263,0,3.23534629783637,0,4.5962800015888,0,4.76169240663556,3.68764657996943,1.93225516098012,0,0,0,0,2.27665562678529,0,3.740245707457,4.39237209504109,0,0,0,0,0,3.7211874511928,0,0,0,0,0,0.204668228088312,0,0.293174569484935,0.584956307449221,0,0.10756113589548,0,0,0,0,0,0,0,3.20817145099522,0,0,0.449669972947722,0,0,0,1.21927640819304,0,0,0,0,0,0,0,0,0,0.10756113589548,0,0.10756113589548,2.22891728321844,0,0,0,0,0,4.37250781983442,0,0,0,0,0,0,0,0.10756113589548,0,0
"ola_mES_2i_5_81.counts",0,0,0,2.07963178233484,3.98273535160138,3.10498929754269,2.62360919989034,2.68775430148231,0,2.00049222386113,2.42922444905918,1.14131987116835,1.53750530340622,1.23410775833293,4.06439781056237,2.18770878760517,4.19643489647792,0,0,3.35695545824231,4.41748265992396,0,0.265753900113169,0,2.95828168230784,0,4.34514868499938,0,4.57043377166183,0,5.29875106244271,0,0,0,0,2.22128588849634,0,1.82051504472184,3.53167363009393,0,0,0,0,0,0,0.265753900113169,0,0,0,0,2.55506576129761,0,3.29120356581819,0,0,0,0,0,0.265753900113169,0,0,2.42922444905918,0,0,0,0,4.66365445818586,0,0,0,1.46984338374616,0,0,0,0,0.265753900113169,0,1.3972689272752,0,0,0,0,0,2.42922444905918,0,0,0,0,0,2.45569152262851,0,0,0,2.28523607414186,0,0.265753900113169,0,0,0.648799190105637,0
"ola_mES_2i_5_82.counts",0.598564046371357,0,0,0,3.46694522045054,4.0273435885753,3.65841074202504,0,0,3.68189445188845,1.77783382255893,3.49220211764585,1.56657360982389,1.3789430878136,4.8311877022561,3.28893839650703,4.08584373690795,0,0,4.50229014441521,3.16721368557575,3.14098404956558,0.801668032063864,0,1.21077200971748,0,4.87827354721494,0,5.05502363215684,0.598564046371357,2.18467144032576,0,0,0,0,3.00349757907814,0,3.02362282941601,1.14778286456466,0,0,0,0,1.56657360982389,0,0,2.53175022410564,0.186376698572808,0.0975241136022722,0.0975241136022722,0.0975241136022722,0,0,0,0.540617122211759,0.0975241136022722,0,0,0,0,0,0,0,0.801668032063864,0,3.00856699002184,0.540617122211759,0,0,0,1.64865074570826,0,0,0,0,0.186376698572808,0,0,0.0975241136022722,0.186376698572808,0,0,0,4.1246827830807,0,0,0,0,0,2.11300926040806,0,0,0,0,0,0.0975241136022722,0,0,0,0
"ola_mES_2i_5_83.counts",0,0.250617961239964,0,1.27070736014897,4.65356966474384,3.79402562039784,3.81307248503088,1.04778359125105,0.250617961239964,3.09451896458499,3.39816420938884,1.94322109919504,3.67143249493915,4.28931951512014,4.98828736247264,1.71507751190147,4.5522746252816,0,0,4.0744527825612,1.66246425279125,0.942545156066605,0,0,0,0,4.57747899214035,0,4.74057855424244,0,0.450845197714803,0,0,0,0,2.49386196878446,0.133139689601621,3.87110013237446,3.04153415769852,0,0,0,0,0,0,0,0,0,0.133139689601621,0,0,0,0.133139689601621,0,1.68911686182319,0,0,0,0,0,0.250617961239964,0,0,0,0.450845197714803,0,2.31394161045357,0,0.250617961239964,0.133139689601621,2.28537721661187,0,0,0,0,0,0,0,0.133139689601621,0.133139689601621,0,0,0,0.450845197714803,0,0,0,0.133139689601621,0.133139689601621,2.68589447990883,0,1.14299387594516,0,0,0,0,0,0,0,0
"ola_mES_2i_5_85.counts",0,0.129245177973981,0.439464766327631,2.52183586756194,2.93375118579586,0.976681590491645,3.38173023892359,0,0,1.36029708988541,3.04478520147405,2.73103637461598,1.36029708988541,2.5106934427044,4.66987425633554,1.83143290153343,4.97128388807632,0,0.439464766327631,4.53435446206168,0.346356995853755,3.62598784685624,0.243681743189344,0,2.87324032064669,0,4.9232706538335,0,4.98175271643779,0,1.20760857101482,0,0.129245177973981,0.129245177973981,0,0.439464766327631,0,3.72388323108149,0.866970625985908,0,0,0.129245177973981,0,0,0,0.243681743189344,0,0,0,0,0,0,0,0,0,1.66336570258312,0,0,0,0,0,0,0,0,0,0,4.89682614018181,0.346356995853755,1.46122980539364,0,1.66336570258312,0,0,0,0,0,0.129245177973981,0.346356995853755,0,0,0,0,0,0.129245177973981,0,0,0,0,0,2.79205854516909,0,0,0,0,0,0,0,0,0,0
"ola_mES_2i_5_86.counts",0,0,0,2.32661524388078,2.18117764613424,4.11973674641211,2.6674127328514,0,0,2.75197770936253,3.27407712871985,0.712881840752177,2.7371246644055,1.00543732045494,4.8262596360124,0.109338727252305,4.77592403497041,0,0,4.56166671583375,0.592653166150196,3.18732613397681,0,0,1.52207985490711,0,4.8473389983802,0,5.16216142196213,3.21089489950509,4.24320770506138,0,0.109338727252305,0,0,1.70585036776142,0,3.53779790908312,2.31527146617766,0,0,0,0,0,0,0.109338727252305,0,0,0,0.109338727252305,0,0,0,0,0,0,0,0,0,0,0.109338727252305,0,0,0,0,0,3.78112575696937,0,0.207892076922408,0,1.38730482674178,0,0,0,0,0,0,0,0,0,0,0,0,0.712881840752177,0,0,0.592653166150196,0,0,0,0,0,0,0,0,0,0,0,0,0
"ola_mES_2i_5_87.counts",0,0,0,0.110487536909659,4.32456581117651,4.11355144676987,0.110487536909659,4.03200507522589,0,2.88699117997895,2.36989430493072,2.03586556372198,3.04340922376008,0.300450673090581,4.31680252031553,0.209973088124465,3.74608978768599,0,0,3.75978638047903,0.597603328596595,0.773908537204404,0,0,0.209973088124465,0,4.51291142064604,0,4.68976041005194,0,3.78927439063637,0,0,0,0,2.12343606848687,0,3.09231606847422,4.02785190038826,0,0,0,0,0.923739555887146,1.4518545564323,0.460024092358599,0,0.110487536909659,0,0,0,0,0,2.08060908413587,0,0,0,0,0,0,0,0,0,0,0,0,5.31658408890591,0,1.77606055968495,0,2.70148665198821,0,0,0,0,0,0,0,0,0,0,0,0,2.88045777113851,0,0,0,0,0,2.78420325466047,0,1.88820183143467,0,0,0,0,0,0,0,0
"ola_mES_2i_5_88.counts",2.45678010299243,0,0,0.857661789977606,4.07078235522004,3.22085989099322,2.14756773307916,3.00572869018817,0,2.38797244703276,3.75417530089834,2.42296796999224,2.86138041809808,3.26626858177662,3.90562554880907,0,3.98080483835633,0,3.37815133102723,4.10972859274608,1.14213041262423,0,0.771816384688302,0,1.20218688157769,2.47326689162143,4.47386616795405,0,4.11290666925402,0,5.45171080529088,0,3.28822239640259,0.177266130899692,0,1.25883999951728,0,3.31676396106352,1.91963421562546,0,0,0,0,0,0,3.07077353498295,0,0,0,0,0.177266130899692,0,0,0,0,0.771816384688302,0,2.52115653239819,0,0,0,2.45678010299243,0,0,0,0,1.62391752462209,0.177266130899692,0,0,0,0,0,0,0,0,0.177266130899692,0,0,0,0.177266130899692,0,0,3.34451345934957,0,0,0,0,0,3.46065611013686,0.177266130899692,0,0,0,0,0.574248317013379,0,0,3.14862981343673,0
"ola_mES_2i_5_9.counts",0,0,0,0,4.13930877380312,4.0834233832286,2.30024843335264,0,0,3.11546831806168,3.30365251050437,2.77762538854791,3.11546831806168,3.96812161191012,4.82733659937627,1.25660272746879,3.90144662586461,0.890466419907585,2.98825375061512,3.77800932160327,1.59933317109651,0,0,0,1.39922653689025,1.14879784825981,4.37294150393341,0,4.09545107129922,0,0.306798013510165,0,0,0,0.890466419907585,2.03375472590087,0,2.40277968498393,2.144807256505,0,0,0.165118778557326,0,0,0,0,1.25660272746879,0,0,1.02795093190671,0,0,3.91227432034501,0,0,0,0,0,0.165118778557326,0,0,0.165118778557326,0,0.430872678670496,0,0,5.57533006603534,0,0,0,0,0,0,0,0,0,0,0,0,0,0,0,0,1.5240247353639,0,0,0,0,0,1.44257966300885,0,0.165118778557326,0,0,0,0,0,0,0,0
"ola_mES_2i_5_90.counts",0,0.183867931526417,0.264504762562602,1.93942976995701,4.59513616168521,3.55283033212026,2.81204523101272,2.49338227044908,0,3.37276578670433,4.23008468994832,1.63667757050269,3.09530903860211,2.99949989464065,4.59104997016808,1.25937351767395,4.54710561709847,0,0,4.38739672762694,0,0.880870619334895,0.264504762562602,0,1.61683879892166,0,4.5503093515454,0,4.85963713323871,0,0.408555469989899,0.0961539533562289,0,0.0961539533562289,0,0.473479615718331,0,2.78125613823082,0.921846525383092,0,0,0,0,0,0.473479615718331,0.183867931526417,1.63667757050269,0,0,0.0961539533562289,0.0961539533562289,0,3.77718272266855,0,0,1.8323069004234,0,0,0,0,0.0961539533562289,0,0,0.591905028751606,0,0,3.84418581861117,0.0961539533562289,0,0,0.697779149369195,0,0,0,0,0,0.0961539533562289,0,0,0,0,0,0.0961539533562289,0.264504762562602,0,0,0,0,0.0961539533562289,4.27038324625976,0,0,0,0.473479615718331,0,0,0,1.57593999345815,0,0
"ola_mES_2i_5_92.counts",0,0,0.119103242025017,2.71908613760835,4.63360840501598,4.01095103784417,2.04988558537403,0,0,3.79999557279567,4.00865696426279,3.63584712734923,1.56748744602961,0.564698436802332,4.70076319495974,0.871857367128699,3.31644181226376,1.48503676932815,0.173725818648362,4.25117676515796,0.528080403061272,2.41995766693147,1.1065075085813,0,1.98252686260491,0,4.78926729684527,0.0613237717084313,4.66923348038573,3.14135039479563,0.450558261676432,0,0,0,0,1.79112683809416,0,0.366517567859853,4.19273548866368,0,0,0,0,2.81066980223399,0,0,0,0,0,0,0.119103242025017,0,2.20075993455386,0,0,0.450558261676432,0,0,0.0613237717084313,0,0,0,0,0.789193009492828,0,0,0.0613237717084313,0,0,0,0.321691131629376,0,0,0.0613237717084313,0,0.321691131629376,0,0.69907443166045,0,0,0,0,0,0,0,0,0,0,0,2.94903516154026,0.0613237717084313,0,0,4.40380582446753,0,0.119103242025017,0,0,0,2.37979439106332
"ola_mES_2i_5_94.counts",0.721246911000341,0,0,0.150671646490437,4.48193396003364,3.6310107829834,2.60426941469143,2.19367690177495,0,2.89450536427421,3.62452846451446,2.57374182722365,2.11838193947846,3.00511570685951,4.47917101596345,2.31317199517174,3.78629955158725,0,0,4.06318267883827,0,2.2027023152549,1.81194889624491,0,1.2814441451726,0,4.28428331994589,0,4.72631657747481,0,4.91243664714779,0,0,0,0,1.88861575809484,0,1.02559824096767,3.17507829908007,0,0,0,0,0,0,0,0.0781708861707528,0,0,0,0,0,3.41017933660888,0,0,0.797332113223114,0,0,0,0,0,0,0,0,0,0,3.15794279709642,0,0,0,1.95982104976595,0,0,0,0,0,0,0,0,0,0.0781708861707528,0,0,0.150671646490437,0,4.34936110284992,0,0,0.150671646490437,3.59370931653999,0.0781708861707528,0,0,3.41553698499279,0,0,0,0,0,0
"ola_mES_2i_5_95.counts",0,0,0,1.73110333799407,4.21347010276161,4.37096828038712,1.27716883313927,0,0,3.15092388890251,3.90961864429354,0.912487093192676,2.45177348822936,3.44756933176891,4.8942796071855,2.00153687015923,4.53419526047034,0,0,4.37428721445028,0.0429047830206467,0.123557881896373,0.393543317574411,0,2.52458292663125,0,5.02490068745626,0,4.67325238034186,0,0.675210769240064,0,0,0,0,2.18995021806064,0,0,3.04823138573886,0,0,0,0,1.01288734161503,0.30062889332014,0.0429047830206467,0,0,0,0,0.123557881896373,0,0,1.18772205723567,0,0.0429047830206467,0,0,0.0429047830206467,0,0,0,0,0,0,0.0429047830206467,1.08948154791826,0,0,0,0.363520949264997,0,0,0,0,0,0,0,0,0,0,0,0,0.123557881896373,0.0429047830206467,0,0.65264205164795,0,0.0429047830206467,2.7272873524786,0,0,0,4.6538167165699,0,0,0,0,0,0
"ola_mES_2i_5_96.counts",0,0.0881316877244334,0,0.313735513605892,3.53396762847592,3.5446670944692,1.16663423259724,0,0,1.19492146119143,2.48954852222193,2.76211160349663,2.89792866158272,4.13439824987732,4.00209982226402,2.28692974108071,3.77213594006052,1.01178515856983,0.0881316877244334,3.91046291681737,3.7550361718983,2.70832041826019,1.34965369617726,0,1.67338891994692,0,3.96259980955126,0.0881316877244334,4.07043530159761,1.63820746772119,5.72494808657572,0,0,0,0,1.01178515856983,0,0,4.2472757248849,0,0,0,0,0.0881316877244334,0.169121371307881,0,0.169121371307881,0,0,2.11365245523961,0.169121371307881,0,0.0881316877244334,0,0.552191417332745,2.47414630482475,0,0,0,0.0881316877244334,0,0,0.0881316877244334,0.378888158773751,0,0,4.41658694297203,0.169121371307881,0,0,0.0881316877244334,0,0,0,0,0,0,0,0,0,0.169121371307881,0,0,0,0,0,0,0,0.0881316877244334,2.60490522031137,0.2440403239592,0,0,0,0,0,0,0,0,0
"ola_mES_a2i_2_1.counts",1.51977311102736,0.290356882898652,0,0,0,0,0,0,0,0.431163545752816,0,0,0,3.50279298589681,0,0,0.987502911889313,0,0,1.51977311102736,2.21409146322414,0.909217734513274,0,0,0,0.0652078947930324,0,0.0652078947930324,2.8274256513582,6.31654748670251,4.58319406434281,0,0,0,0.0652078947930324,0,0,5.14325027970556,4.2954754858498,0,0,0,0,0,0.0652078947930324,0.0652078947930324,0,0,0,0,0.0652078947930324,0,0,0,0,0,0,0,0,0,0,0,0,0,0,3.62308866121631,0,0,0,0,0,0,0,0,0.0652078947930324,0,0,0,0.0652078947930324,0,0,0,0.290356882898652,0.0652078947930324,0,0,0,0.0652078947930324,0,1.34286427540465,0.0652078947930324,0,0,0,0,0,0,0,0.0652078947930324,0
"ola_mES_a2i_2_10.counts",3.49011697808547,0,0,0,0,0,0,0,0.168692410547953,0,0,0,0,2.84319428259939,0,0,0,2.96401439834679,0,0.826931205731773,1.58080701472685,0,0,0,0,0.168692410547953,0,0.168692410547953,0,6.45442683726283,0.743144155485283,0,0,0,0,0,0.312992989563376,3.58111701985576,1.37120497507299,0,0,0,0,0,0,0.312992989563376,0,0,0,4.00442896873435,0,0,0,0,0,0,0,0,0,0,0.312992989563376,0,0,0,0,0,0,0,0,0,0,0,0,0,0,0,0.168692410547953,0,0,0,0,0,0,5.28168028591129,0.439072606999253,0,0,0,0,0,0.55102118176304,0.168692410547953,0,0,0,0,0,0.168692410547953,0,1.10569239636889
"ola_mES_a2i_2_11.counts",0.260224271547032,0.260224271547032,0,0,0,0.260224271547032,0,0,0,0,0,0,0,4.13793638344909,0,0,0,3.22186733335816,0,0.260224271547032,4.51962330575044,0,0,0,0,0,0.466523811448428,0,0.849079598052324,6.55815227005049,0.637456310682117,0,0,0,0,0,0,0.138552943918553,0,0,0,0,0,0,0.138552943918553,0.138552943918553,0,0.138552943918553,0,0,0.36868457178711,0,2.4722068398992,0,0,0,0,0,3.53047380915237,0,0,0,0,0,0,0,0,0,0,0,0,0,0,0,0.138552943918553,0,0.138552943918553,0,0,0,0,0.138552943918553,0.138552943918553,3.73451907177441,0,0,0,0,0,0,0.260224271547032,0,0,0,0,0,0,0,0,3.39053490349924
"ola_mES_a2i_2_12.counts",3.91100478810574,0.978059935262922,0,0,0,0,0,0,1.32587712930109,0,0,0,0.978059935262922,2.46686132708477,0,0,0.244160086675868,0,0,0,0,0,0,0,0,0,0.244160086675868,0.244160086675868,2.03302687237109,6.54768329476538,0.60412251519146,0,0,0,0,0,0.244160086675868,2.22963370157271,3.14086644680827,0,0,0,0,0,0.244160086675868,0,0,0,0,0,0.244160086675868,0,4.80507228366065,0,0,0,0,0,0,0,0.244160086675868,0,0,0,0,0,0,0.244160086675868,0.244160086675868,0.244160086675868,0,0,0,0,0,0,0,0,0,0,0.244160086675868,0,0,3.78740248808759,0,0.244160086675868,0,0,0,3.49052294218579,0.244160086675868,0,0,0,0,0,0,0,0,0
"ola_mES_a2i_2_13.counts",0.742951490398644,0.312894253990785,0,0,0,0,0,0.312894253990785,1.61763348003942,0,0.312894253990785,0,0,4.13866959834458,0,0,0,0,0.312894253990785,0.312894253990785,0,0,0,0,0,0,0,0.312894253990785,0,6.32885611539659,3.71464673858507,0,0,0,0,0,0,5.14007247311247,2.3905206081071,0.312894253990785,0,0,0,0,0,0,0,0,0,0,0.312894253990785,0,2.94451631868697,0.550865534434047,0,0,0.312894253990785,0,0.550865534434047,0,0,0,0,0,0,0,0,0,0.312894253990785,0.312894253990785,0,0,0,0.312894253990785,0,0,0.312894253990785,0,0,0,0.312894253990785,0,0,4.80293036451679,0,0,0,0,0.312894253990785,2.12196671391844,0.312894253990785,0,0,0,0,0,0,0.312894253990785,0,0
"ola_mES_a2i_2_14.counts",2.45827227058724,0.46598885346326,0,0,0,0,0,0,0,0,1.37824862613573,0,0,2.33210163232571,0,0,0,2.0447652948523,0,0.333414822847858,4.15453922438137,0,0,0,0,0.180539201633524,0.180539201633524,0.180539201633524,0.180539201633524,6.36872056167885,0,0,0,0,0.46598885346326,0,0,3.18428356078943,0,0,0,0,0.180539201633524,0,0.180539201633524,0.180539201633524,0,0.948914591247023,0,0,0.180539201633524,0,1.022727043804,0,0,0,0,0,0,0,0,0,0,0,0,0,0,0.333414822847858,0,0.46598885346326,0,0,0,0,0,0,0.180539201633524,0,0,0,0,0,0,5.42302706748232,0.333414822847858,0,1.21620477135386,0.180539201633524,0,0,0,0,0,0,0.180539201633524,0.180539201633524,4.19411170389855,0,0.180539201633524,0
"ola_mES_a2i_2_15.counts",1.27966536287188,0.280981834443649,0,0,0,0,0,0,0,0,0,0,0,4.90599707418506,0.102685805222079,0,1.51923417076948,0,0.102685805222079,1.41976595122859,1.30929979503552,0,0,0,0,0,0.102685805222079,0,1.27966536287188,6.70569839315733,0,0,0.102685805222079,0,0.102685805222079,0,0,1.63108998526505,0,0,0,0,0,0,0.102685805222079,0.102685805222079,0,0,0,0,0.195802251826383,0,3.341167145364,0,0,0,0,0.102685805222079,0,0,0.102685805222079,0,0,0,0,0,0,0,0,0,0,0,0,0,0,0,0,0,0,0,0,0,0,0.963993723794905,0.563609101752112,0,0,0,0,0,0,0,0,0,0,0,0,0,0,0
"ola_mES_a2i_2_16.counts",4.20538127486598,0.120004771363069,0,0,0,0,0,0,0,0,0,0,0,2.49260147868908,0,0.412115561508829,0.227139128416545,0.120004771363069,0.120004771363069,0.120004771363069,0,0,0,0,0,0,0,0.120004771363069,1.78718017027039,6.70221737371223,0.323898296259515,0,0.227139128416545,0.764313725985719,0,0,0,4.38426020877029,0,0,0,0,0,0,0,0.120004771363069,0,0,0.120004771363069,0.227139128416545,0,0,0.120004771363069,0,0,0,0,0,0,0,0,0,0,0,0.120004771363069,0,0,0.227139128416545,0.227139128416545,0.323898296259515,0,0,0,0,1.99811102949484,0,0,0,0.120004771363069,0,0,0,0,1.02425908985015,0,0,0,0,0.412115561508829,2.54397753801608,0.120004771363069,0,0,0,0,0,0,0,0,0
"ola_mES_a2i_2_17.counts",3.96361947488274,0.747019523238966,0,0,0,0,0,0.980597830456251,0.908634694180555,0,0,0,0,3.87545733542605,0.441700517376767,0,0,0,0.31498097859354,0.169841186177248,4.4166882639483,0.169841186177248,0,0,0,0,0,0,1.37671512023439,6.17241298463353,2.06042627556635,0.169841186177248,0.31498097859354,0,0.169841186177248,0,0,5.30477738858929,3.30639429281379,0,0,0,0,0,0.169841186177248,0,0,0,0,0.169841186177248,0.169841186177248,0,4.23856083109909,0,0,0,0,0,0,2.3805808804527,0,0,0,0,0,0,0,0.655228839980457,0,0,0,0,0,0,0.31498097859354,0,0,0,0,0,0,0,2.92241287200752,0.31498097859354,0.169841186177248,0,0,0,0,0,0,0,0,0,0,0,0,0,0.169841186177248,0
"ola_mES_a2i_2_18.counts",2.73515866350335,0.187216563744038,0,0,0,0,0,0,4.86665824908871,0,0,0,0,5.30698567928654,0,0,1.30197462485138,0,0,0.600787143463838,0.707760899319694,0,0,0,0,0,0,0,1.30197462485138,6.40535504586612,0.804389069886107,0.187216563744038,0,0.600787143463838,0,0,0.187216563744038,2.68024279817494,0,0,0,0,0,0,0,0,0,0,0,0,0,0,2.70807765251321,1.71010553124795,0,0,0,0.187216563744038,0,0,0,0,0,0,0.187216563744038,0.187216563744038,0.187216563744038,0,0.187216563744038,0.34484906493862,0,0,0,0,0,0,0,0,0.187216563744038,0,0,0,0,0.34484906493862,0,0,0,0,0,0.187216563744038,0.187216563744038,2.10487708516663,0,0,0,0,0,0,0.187216563744038,0
"ola_mES_a2i_2_19.counts",0.204773371044663,0.293318922251937,0,0,0.107619069895368,1.21967659860364,0,0,0,0,0,0,0,4.76613222867488,0,0,0.107619069895368,0,0.107619069895368,0.107619069895368,0,0,0,0,0,0,0.449875701914228,0.107619069895368,0.585207877777687,6.30790222001457,0,0,0,0.204773371044663,0.107619069895368,0,0,4.82528768859927,0,0,0,0,0,0,0,0.374657941482298,0,0,0.107619069895368,0,0.585207877777687,0,3.99432897642375,0,0,0,0,0,0.107619069895368,0,0,0,0,0,0,0,0,1.18554475736965,0,3.18549210531289,0,0,0,0,0,0.293318922251937,0,0,0.107619069895368,0,0,0,0,4.73767943954469,0,0,0.204773371044663,0.107619069895368,0.204773371044663,0,0.204773371044663,0,0,0,0,2.56833484325725,0,0,0.107619069895368,0
"ola_mES_a2i_2_2.counts",0,0.310071833866964,0,0,0,0,0,0,0,0,0,0.27124105077492,0,2.82062187848385,0.0988165079767415,0.188740462775804,0.27124105077492,0,0.0506283454809948,0,0,0,0.0506283454809948,0,0,0,0,0.0506283454809948,0.515881371968133,6.47616157761128,0.0506283454809948,0,0,0,0.0506283454809948,0,0,3.75179378617672,0,0,0,0,0,0,0,0.383483123940779,0,2.12517046380519,0,0.0988165079767415,0,0,0.0506283454809948,0,0,0,0,0,0.0506283454809948,0.0506283454809948,0,0,0,0,0,0,0,0,0,0,0,0,0,0,0.0506283454809948,0,0,0,0,0,0,2.1794804862186,0,5.62201772471608,0,0,0,0,0,0,0,0,0,0,0,0,0,0,0,0.383483123940779
"ola_mES_a2i_2_20.counts",0,0.135580257853293,0,0,0,0,0,0.135580257853293,2.17938411067024,0,0,0,0,1.67822360888742,0.135580257853293,0,0,0,0.135580257853293,0,3.90191546750391,0,0,0,0,0,0,0,0,6.71081665203068,3.9449776881721,0,0,0,0,0,0,0.135580257853293,0.361585186352435,0.135580257853293,0,0,0,0,0,0.135580257853293,0,0,0.135580257853293,0.135580257853293,0,0.135580257853293,2.16282387662414,0,0,0,0,0,0,0.135580257853293,0,0,0,0,0,0,0,0.135580257853293,0,0,0,0,0,0,0,0,0,0,0,0,0,0,0,3.22300262533,0.457933840336482,0,0,0,0,0,0,0,0,0,0,0,0,0,0.135580257853293,3.54635506021492
"ola_mES_a2i_2_21.counts",0,0.493140275364451,0,0,0,0.670991188662737,0,0,0,0,0.670991188662737,0,0,2.56126498117212,0.147870328039709,0,1.7545553137524,3.28902606087893,0,1.17281511498363,4.82946048988871,0,0,0,0,0.276665436245279,1.12223543443155,0,0.586014400370895,6.35052409581467,3.00188858333627,0,0.147870328039709,0,0,0,0,0,4.73749068641593,0,0,0.147870328039709,0,0,0,0.147870328039709,0,0,0,0,0,0,4.61748449099286,0,0,0,0,0,0,0,0.276665436245279,0.147870328039709,0,0,0,0,0,0.276665436245279,0,0,0,0,0,0,0,0,0,0,0.147870328039709,0,0,0,0,0.276665436245279,0.147870328039709,0,0,0,0,2.98592336696289,0,0,0,0,0,0,0,0,0.147870328039709,0
"ola_mES_a2i_2_22.counts",4.41152898917191,0.140641363326614,0,0,1.81391235264424,0,0,0,1.65409187902948,0,0,0,0,4.22906886531512,0.472529882875153,0,0.373654704152207,4.25512206894357,0,0,4.86841922028158,0,0,0,0,0,0,0.140641363326614,3.13756683709298,6.02590755591438,0.140641363326614,0,0.140641363326614,0,0.140641363326614,0,0,1.2717810420646,4.48056804541328,0,0,0,0,0,0.140641363326614,0.140641363326614,0,0,0,0.140641363326614,0,0,0.140641363326614,0,0,0,0,2.19762719435223,0,0.858282738063051,0,0,0,0,0.263919637199888,2.92683108358708,0,0,0,0,0,0,0,0,0,0,0,0,0.263919637199888,0,0,0,0,0.140641363326614,0,0,0,0,0,0,0.140641363326614,0,0,0,0,0,4.48568644490946,0,0,0
"ola_mES_a2i_2_23.counts",1.91126150828601,0.470108653138768,0,0,0,0,0,3.19975773096054,4.01845820447995,0,0,0,0,1.73718197495065,1.8183113611742,0,0,0,0,0.307558835405657,0.892163317829313,0,0,0,0,0,0.113358693259113,0.113358693259113,0.673081645101834,6.37503177234689,4.28413856408265,0,0.113358693259113,0,0,0,0,2.92557482689271,2.17499994200345,0,0,1.41606523909424,0.113358693259113,0,0.113358693259113,0,0,0.215165586874536,0.113358693259113,2.44780668070492,0,0,4.64774045333298,0,0,0,0,1.6016293267378,0,0,0,0,0.113358693259113,1.71582778648949,0,0,0,0.113358693259113,0.113358693259113,0,0,0,0,0,0,0,0,0,0,0,0.215165586874536,0,0,0.215165586874536,0.113358693259113,0,0,0,0,3.77533076752334,0.113358693259113,0.609893425335545,0,0,0,0,3.90426522776098,0.113358693259113,0.113358693259113,0
"ola_mES_a2i_2_24.counts",0,0.12246952312847,0,0,0,0,0,2.2410672152004,0,0,0,0,0,3.02250568569332,0.12246952312847,0,0,0,0,0.178503450437473,0.063108439061385,0,0,0,0,0.063108439061385,0.281949432239347,0,1.63001811347138,6.41944700953166,0.12246952312847,0,0.063108439061385,0,0.063108439061385,0,0,4.4135035558236,2.42988989020348,0.419459191259274,0,0.419459191259274,0,0,0.178503450437473,0,0,0,0,0.063108439061385,0,0,3.73083584502577,0,0,0,0.063108439061385,0,0,0,0.063108439061385,0,0,0,0.063108439061385,0,0,0.063108439061385,0,0,0,0,1.83681715514264,0,0,0,0,0,0.063108439061385,0,0,0,0,5.10611759277514,0.12246952312847,0,0,0,0.12246952312847,1.80518596381208,0.12246952312847,0.577572472779811,0,0,0,0.063108439061385,3.81035574598079,0,0,0.063108439061385
"ola_mES_a2i_2_25.counts",0.809444993902615,0.163898209376513,0,0,0,0,0,0.163898209376513,0,0,0,0,0,0.163898209376513,0,0,0,0,0,0,5.06871376870336,0,0,0,0,0,0.428063281789486,0,2.1377062494556,6.31230028478144,0,0,0.163898209376513,0.163898209376513,0,0,0,4.94102526235392,0.304678398156719,0,0,0,0,0,0,0,0,0,0,1.02279040254464,0,0,1.47791442501976,0,0,0,0,0,0.163898209376513,0,0.163898209376513,0,0,0,0,0,0.163898209376513,0.304678398156719,0.809444993902615,0,0,0,0.163898209376513,0,0,0,0,0,0,0,0,0,0,0.304678398156719,0.163898209376513,3.69338841858488,0,0.163898209376513,0.163898209376513,1.72819010332017,0.304678398156719,0,0,4.50624975708784,0,0,0,0.163898209376513,0,0
"ola_mES_a2i_2_26.counts",0,0.252142559300332,0.620758406537404,0,0,0,0,0,0,0,0,0,0,2.96289321904404,0,0.764126415555034,0.252142559300332,3.17564916341981,0,0.252142559300332,3.86587546060065,0,0,0,0,0,0,1.19217419346975,1.424209927866,6.65731649654493,3.33067726808727,0,0.252142559300332,0,0,0,0,3.62223183724891,2.4012787542418,0,0,0,0,0,0,0,0,0,2.06467139793552,0.252142559300332,0.252142559300332,0,3.34088279207901,0,0,0,0.252142559300332,0,0,0,0.252142559300332,0,0.252142559300332,0,0,0,0,0,0.252142559300332,0,0,0,0,0,0,0,0,0,0,0.252142559300332,0,0,0,0.252142559300332,0.620758406537404,0,0,0,0.252142559300332,2.65266824112619,0,0,0,0,0,0,0,1.00088067271723,0,0
"ola_mES_a2i_2_27.counts",1.1814967393085,0.13208301296657,0,0,0.13208301296657,0,0,0,4.28676975760031,0,0,0,0,4.8723260285423,0,0,0,0,0,0,1.89433440868368,0,0,0,0,0,0,0,0.353195301970727,6.22138598029668,0.13208301296657,0,0,0,0,0,0,3.25237778622221,3.32606353209774,0,0,0,0,0,0,0.13208301296657,0,0,0,0,0.248738078986047,0,3.61490941696481,0,0,0,1.78206374212741,0,0,0,0,0,0,0,0.755945626090743,0,0,0,0,0,0,0,0,0,0,0,0,0,0,0,0,0,0.248738078986047,5.26433936754051,0,0,0.13208301296657,0,0.13208301296657,0,0,0,0,0,0,0.13208301296657,0,0,0.13208301296657,0
"ola_mES_a2i_2_28.counts",0,0.330688627933839,0,0,0,0,0,3.79116204557935,2.74092219864767,0,0.178951851480524,0.462405761396754,0,1.70604773012509,0,0,0.178951851480524,0,0,0,1.26624906831197,0,0,0,0,0.178951851480524,0.178951851480524,0.178951851480524,0,6.71541378985351,4.17862314938166,0,0,0.330688627933839,0,0,0,3.23078193330092,0,0,0,0.462405761396754,0,0,0,0,0,0,0.178951851480524,0,0,0,2.914561324979,0,0,0,0,0,0,0,0,0,0,0,0.330688627933839,0,0,0.178951851480524,0.178951851480524,0.330688627933839,0,0.178951851480524,0,0,0,0,0,0,0.178951851480524,0,0,0,0.178951851480524,0.178951851480524,0,0,0,0,0,0,0,0,0,0,0,0,0,0,0,0
"ola_mES_a2i_2_29.counts",0,0.222048969384933,0,0,0,0,0,0,0,0,0,0,0,4.59974025424508,0.403640138709082,0,0,0.222048969384933,0,0,3.91163506345542,0,0,0,0,0,0.403640138709082,0.222048969384933,0.55726878639578,6.59812753866466,0.55726878639578,0,0,0.222048969384933,0,0,0,2.21973303918703,3.8761922633452,0,0,0,0,0,0,0,0.403640138709082,0,0,0,0,0,0.222048969384933,0,0,0,0,0,0,0,0,0,0,0,0,1.31773650191336,0,0,0,0,0,0,0,0,0.222048969384933,0,0,0,0,0,0,3.61900265865796,0,0.222048969384933,0,0,0,0,0.403640138709082,3.02732634156484,0.403640138709082,0,0,0,0,0,0,0,0,0
"ola_mES_a2i_2_3.counts",0,0,0,0,0,0,0,1.57518893686047,3.90224917466444,0,0,0,0,4.58335367878806,0,0,0.0599664076621589,0,0,0,0,0,0,0,0,0,0.0599664076621589,0,0.655971220538593,6.37932519728282,4.23472611270601,0,0.0599664076621589,0,3.16727608128424,0,0,4.92105577346241,0,0,0,0,0,0,0,0.0599664076621589,0,0,0,0,0,0,1.72900882762488,0,0,0,0,0,0.0599664076621589,0,0,0,0,0,0.0599664076621589,0.0599664076621589,0.0599664076621589,0,0,0,0,0,0,0,0.116539378319465,0,0,0,0.0599664076621589,0,0.0599664076621589,0.0599664076621589,0,0.220903853293908,0,0,0,0,0.0599664076621589,1.53606082503985,0,0,3.25922495561292,0,0,0,0,0,0,0
"ola_mES_a2i_2_30.counts",2.09609753878805,0,0,0,0,0,0,0.583726820836786,2.27416278302782,0,0,0,0,0.583726820836786,0,0,0,0,0,0,3.01657964025555,0,0,0,0,0,0,0,0.33386422970018,6.81457335206329,0,0,0,0,0,0,0,2.23252999625797,1.09251632491916,0,0,0,0,0,0,0,0,0,0,0,0,0,2.04614458804174,0,0,0,0,0,0,0,0,0,0,0,1.21731972188124,0,0,0.33386422970018,0,0,0,0,0,0,0,0,0.33386422970018,0,0,0,0,0,0,3.17757478842262,0,0,0,0,0,2.35256361143286,0,0,0,0,0,0,0,0,0,0
"ola_mES_a2i_2_31.counts",0,0.689171032180306,0,0,0,0,0,0,0.975856592342348,0,0,0,0,0.285695974480152,0,0,1.09330723643842,0,0,0,3.52838151247854,0,0,0.285695974480152,0,0,0.507645970848611,0,0.507645970848611,6.71787506867583,0.507645970848611,0,0,0,0,0,0,0,4.46185564430194,0,0,0,0,0,0,0,0,0,0,0,0,0,3.8771905334432,0,0,0,0,0,0,0,0,0,0,0,0,0,0,0,0,0,0,0,0,0,0,0,0,0,0,0,0,0,0,0,0,0,0,0,0.507645970848611,0,0,0,0,0,0,0,0,0,0,0
"ola_mES_a2i_2_32.counts",0,0.16403293432899,0,0,0,0,0,0,1.90271925294764,0,0,0.538253503447596,0,2.98145978137956,0,0,0.16403293432899,2.02753824797722,0,0,0,0,0,0,0,0,0,0,1.19914835111955,6.55833938391952,5.13570406329868,0,0,0.16403293432899,0,0,0,3.33557290765284,0,0,0,0,0.16403293432899,0,0.16403293432899,0,0.16403293432899,0,0,0,0,0,3.4773108111958,0,0,0,0,3.52567873620638,0,0,0,0,0,0,0,0,0,0,0,0,0,0,0,0,0,0.16403293432899,0,0,0,0,0,0,0,0.16403293432899,0,0,0,0,0,0,0,0,0,0,0,0,0,0,0,0
"ola_mES_a2i_2_33.counts",0.152618473740477,0.506529516695741,0,0,0,0,0,2.30940432822704,1.09144182220359,0,0,0,0,4.14043542185408,0,0,0,4.35880990069918,0,0,0.401886301810801,0,0,0,0,0,0,0,1.5670001587573,6.24850838601354,0,0.152618473740477,0,0,0,0,0,5.55697446992412,0,0,0,0,0,0,0.401886301810801,0.152618473740477,0,0,0,0,0,0,0,0,0,0,0,0,0,0,0,0,0,0,0,0,0,0,0.152618473740477,0,0,0,0,0,0,0,0,0,0,0,0,0,0,0,0.284999169181159,0,0,0.152618473740477,0,3.85368451532858,0,0,0,0,0,0,3.17464737544102,0,0,0
"ola_mES_a2i_2_34.counts",0,0.119530844293468,0,0,0,0,0,3.3994860824365,0,0,0,0,0,0.410699396124634,0,0,0,0,0,0,0.226287410706054,0,0,0,0,0,0.119530844293468,0,0,6.52864301311179,3.07124859835849,0.119530844293468,0,0.491544952659683,0,0,0,5.50346139735872,0,0,0,0,0,0,0.119530844293468,0,0,0,0,0,0,0,0.635929015285944,0,0,0,0,0.119530844293468,0.119530844293468,0.566340568330624,0,0,0.119530844293468,0,0,0,0,0.119530844293468,0.119530844293468,0.226287410706054,0,0,0,0,0.119530844293468,0.119530844293468,0,0,0,0,0.119530844293468,0.119530844293468,0,2.70581306370385,0,1.48797875278869,0,0,0,0,0,0,0,0,0,0.119530844293468,0,0,0,0
"ola_mES_a2i_2_35.counts",0,0.975135950536422,0,0,0,0,0,2.46256984803877,3.07473270541311,0,0,0,0,4.03115937759516,0.601998437304354,0,0,4.10189921833046,0,0,3.36991206921514,0,0,0,0,0,0,0,2.02895195743514,6.24343868066421,3.85529972301835,0,0,0,0.601998437304354,0,0.601998437304354,4.4833523907418,4.63053526783431,0,0,0,0,0,0,0,0,0,0,0,0,0,3.76384673608697,0,0,0,0,1.63487544900621,0,0,0,0,1.45932531135612,0,0,0,0,0,0,0,0,0,0,0,0,0,0,0,0,1.78416117336367,0,0,0,0.601998437304354,0.601998437304354,0,1.24625368460884,1.24625368460884,0,0.601998437304354,0,0,0,0,0,0,0,0,0,1.63487544900621
"ola_mES_a2i_2_36.counts",0,0,0,0,0,0,0,0,0,0,0,0,0,2.60188256987005,0,0,0.457987195095676,0.254986639597385,0,0,0,0,0,0,0,0,0,0,0,6.79453584126534,2.17951289831443,0,0,0,0,0,0.254986639597385,3.27937264299093,1.10958871314102,0,0,0,0,0,0.770930809021387,0,0,0,0,0,0,0,0,0,0,0,0,0,0,0,0,0,0,0,0,0,0,0.254986639597385,0,0,0,0,0,0,0,0,0,0,0,0,0,0,0,3.96459837043784,0,0,0,0,0,1.87463557720199,0,0,0,0,0,0.254986639597385,0,0,0,0
"ola_mES_a2i_2_37.counts",0.365144921944369,0.365144921944369,0,0,0,0,0,3.73210314576632,2.82530096317047,0,0,0,0,4.22903493479882,0,0,0,0,0,0,3.16535788711987,0,0,0,0,0,0,0.19914703839112,2.05811616016523,6.44872271451971,0,0,0,0,0,0,0,4.82705777041326,2.02957378080483,0.842501385429444,0,1.16427952470479,0,0,0,0,0,0,0,0,0.365144921944369,0,3.71077332646261,0,0,0,3.17461395572126,0,0.19914703839112,0,0,0.19914703839112,0,0,0,0,0,0,0,0,0,0,0.19914703839112,0,0,0,0,0,0.19914703839112,0.19914703839112,0,0,0,2.7577423906944,0,0,0,0,0.742797433518382,0,0,0,0,0,0,0,0,0,0,0
"ola_mES_a2i_2_38.counts",3.26163436099967,0.132574030615402,0,0,0,0,0,0,0,0,0,0,0,0.132574030615402,0,0,0.449197521597211,1.38053639248362,0,0,0,0,0,0,0,0.132574030615402,0.132574030615402,0,0,6.1269688469629,2.59027425359763,0,0,0,0.132574030615402,0.132574030615402,0,5.99233388842948,0.993682221470727,0.249611817199907,0,0,0,0,0,0.249611817199907,0,0,0,0,0,0,0.249611817199907,0,0,0,2.71035356654304,1.91873054675574,0.993682221470727,0,0,2.10777878007154,0,0,0,0.132574030615402,0,0.132574030615402,0.132574030615402,0,0,0,0,2.28129397540055,0.132574030615402,0,0,0,0,0,0,0,0,3.71991398515251,0.132574030615402,0,0,0.132574030615402,0,3.0706408890993,0,0,0,0,0,0,0,0,0,0
"ola_mES_a2i_2_39.counts",0,0.728284685694451,0,0,0,0,0,3.91780854067352,3.08624563714976,0,0,0,0,2.98323826024174,0,0,0.589808609630697,0,0,0,0,0,0,0,0,0,0,0,0.728284685694451,6.29449814345119,4.61432451379564,0,0,0,0,0,0.237347050991664,4.84554034079865,2.83749028187754,0,0,0.237347050991664,0,0,0,0.237347050991664,0,0,0,0,0,0,1.5582151105779,0,0,0,0,0,0.849896753499149,0,0,0,0,0,0,0.237347050991664,0,0,0,0,0,0,0,0,0,0,0,0,0,0,0.237347050991664,0,0,4.78698487267173,0,0,0,0,0,0,0,0,0,0,0,0,0,0,0,0
"ola_mES_a2i_2_4.counts",0.13792132866102,0,0,0,0,0,0,0,0,0,0,0,0,4.54035478535168,0,0,0.55355529175207,0,0,0,0,0,0,0,0,0,0,0,0.846283275645764,6.37287300569409,1.213773774574,0.13792132866102,0,0.13792132866102,0,0,0,5.06012661097252,3.35013756302921,0,0,0,0,0,0,0.259105485106012,0,0,0,0,0.13792132866102,0,0,0,0,0,0,3.5429847994638,0,0,0,0,0,0,0.780737607062166,0,0,0.259105485106012,0,0,0,0,0,0,0.13792132866102,0,0,0,0.13792132866102,0,0.13792132866102,0,0.710592466494594,4.57600299590595,0.259105485106012,0,0,0.13792132866102,0,0,0,0,0,0,0,0,0,0,0,0
"ola_mES_a2i_2_40.counts",0,0.194978825335824,0,0,0,0,0,2.88479469927408,0.73064827409189,0,0,0,0,1.49168178707225,0,0.621189746869452,0,0,0,0,0.279847370752196,0,0.102233997020211,0,0,0,0,0,0.677415909577027,6.73502674358625,3.07082776348739,0,0,0,0.194978825335824,0,0,4.63725487467613,2.30677436814712,0.102233997020211,0,0.102233997020211,0,0,0,0.102233997020211,0,0,0,0,0,0,0.430621439116029,0,0,0,0,0,0,0,0.102233997020211,0,0,0,0,0.102233997020211,0,0.102233997020211,0.279847370752196,0.279847370752196,0,0,0,0,0.102233997020211,0,0,0,0,0,0,0,0.102233997020211,0.102233997020211,0.102233997020211,0,0,0,0.194978825335824,0.677415909577027,0.194978825335824,0,0,0,0,0,0,0,0,0
"ola_mES_a2i_2_41.counts",0,0.0841680926951653,0,0,0,0,0,3.89785211914994,0,0,0,0,0,2.67573405915125,0,0,0,3.67086605764441,0,0.301027815474257,2.25315721235492,0,0,2.00286504198279,0,0.0841680926951653,0,0,1.58180279437668,6.22045468994109,1.38268758351295,0,0,0,0.0841680926951653,0,0,5.42390966180889,1.26597254172628,0.0841680926951653,0,0,0,0,0,0,0,0,0,0,0.161798613933289,0,4.25253644067765,0,0,0,0,0,0,0,0,0,0,0,0,0.0841680926951653,0,0,0,0,0,0,0,0,0.0841680926951653,0,0,0.161798613933289,0,0,0,0,0,4.21043237105822,0,0,0,0,0.161798613933289,0,0.0841680926951653,0,1.76295614784268,0,1.92911068500102,0,0,0,0,0
"ola_mES_a2i_2_42.counts",1.96881791425414,0.286156923785734,0,0,0,0,0,0,3.16662513452432,0,0,0,0,1.0256928967765,0,0.0641574519854778,0.87190643203019,0,0,0,3.31192336925777,0,0,0,0,0.0641574519854778,0.124445715679714,0.0641574519854778,2.16933384741069,6.79383955683871,0,0,0,0.0641574519854778,0,0,0,3.2522178066381,0,0,0,0,0,0,0,0,0,0,0,0,0,0.0641574519854778,2.38626244404389,0,0,0,0,0,0,0,0.0641574519854778,0,0.0641574519854778,0,0,0,0,0.0641574519854778,0,0,0,0,0,0,0,0,0,0,0,0,0,0,0,0,0,0,0,0.124445715679714,0,2.02284033837272,0,0,0,0,0,0,0,0,0,0
"ola_mES_a2i_2_43.counts",0,0.195475878585047,0,0,0,0,0,3.50805936023376,0,0,0,0,0,3.34702141015588,0,0,0,0,0.195475878585047,0.3589176775623,0.3589176775623,0,0,0,0,0,0,1.07943122981627,0.3589176775623,6.24841361785307,0.195475878585047,0,0,0,1.07943122981627,0,0.195475878585047,5.66267258607897,2.37164704672343,0,0,0.499361193875291,0,0,0,0.195475878585047,0,0,0,0,0,0,0.3589176775623,2.24280208583254,0,0,0,0,0,0,0,0,0,0,0,0,0,0.195475878585047,0,0,0,0,0.3589176775623,0,0.195475878585047,0,0,0,0,0,0,0,0.195475878585047,4.61469292154513,0,1.00324453668265,0,0,0.195475878585047,1.15022217081787,0,0,0,0,0,0,1.92118052615757,0,0,0.499361193875291
"ola_mES_a2i_2_44.counts",0,0.54797657298564,0,0,0,0,0,0,0,0,0,0,0,2.74694964815238,0,0,1.92249465089858,0,0,0.217728771870401,0,0,0,0,0,0,1.48285318056666,0,0.396424117997037,6.61547691418289,0,0,0.217728771870401,4.3581205498337,0,0,0,4.7727706849683,0,0,0,0,0,0,0.396424117997037,0.54797657298564,0,0.217728771870401,0,0,0,0,0.396424117997037,0,0,0,0,0,0,0,0.217728771870401,0,0,0,2.52033343031577,0,0,0,0,0,0,0,0,0,0,0,0,0,0,0,0,3.01847104718065,0.396424117997037,0.217728771870401,0,0,0,0,0,0,0,0,0,0,0,0,0,0,0.54797657298564,0
"ola_mES_a2i_2_45.counts",0,0.662269123887504,0,0,0,0,0,0,2.34102434966246,0,0,0,0,3.92048207824186,0,0,0,0,0,0.111003171197897,0,0,0,0,0,0,0.111003171197897,0,1.71892701512557,6.61395261199294,3.52603589974497,0.210906503666131,0,0,0,0,0,4.84208835270111,2.35225815087685,0,0,0,0,0,0,0,0,0,0,0,0,0,0.384986037001488,0,0,0,0.111003171197897,0,0.111003171197897,0,0,0,0,0,0,0,0,0,0,0,0,0,0,0.111003171197897,0,0,0,0,0,0,0,0,0,0,0.111003171197897,0,0,0.210906503666131,0,3.10756510679098,0,0,0,0,0,0,0,0,0,0
"ola_mES_a2i_2_46.counts",0,0.402405357943485,0,0,0,0,0,0,0,0,0,0,0,1.24619485868139,0,0,0.805825419049015,0,0,0,0,0,0,0,0,0.116764158811023,0,0.116764158811023,0.624322382990529,6.28814904619391,1.31501198866938,0,0.116764158811023,0.555680101113608,0,0,0,0,3.9612589458748,0,0,0,0,0,0,0.116764158811023,0,0.116764158811023,0,0.116764158811023,0,0,5.04630079154024,0,0,0,0.116764158811023,0,0,0,0,0.116764158811023,0,0,0,0.116764158811023,0,0,0,0.116764158811023,0,0,0,0,0,0,0,0,0,0,0,0,0,5.47976846781578,0,0,0,0.116764158811023,0.116764158811023,0,0,0,0.555680101113608,0,0,0,0,0.116764158811023,0.116764158811023,2.08687606144744
"ola_mES_a2i_2_47.counts",0,0.164113875906213,0,0,0,0,0,0,2.62764181216487,0,0,0,0,0.0854198370994623,0.428560008525802,0,0,4.04151065259902,0,0,3.08903807877009,0,0,0,0,0,0.0854198370994623,0.0854198370994623,2.58821851944623,6.45605488628588,0,0,0,0,0,0,0,5.39611080064943,0,0,0,0,0,0,0.0854198370994623,0,0,0.0854198370994623,0,0,0,0.0854198370994623,1.61200283849563,0,0,0,1.68074188571538,0,0,0.0854198370994623,0.164113875906213,0,0,0,0,0,0,0.0854198370994623,0,0,0,0,0,0,0,0,0,0,0,0,0,0,0,1.19952203686397,0.428560008525802,0,0,0,0.0854198370994623,2.07387498024166,0,0.0854198370994623,0,0,0,0.0854198370994623,3.17088683779801,0,0,0
"ola_mES_a2i_2_48.counts",1.98711677520172,0.241904606924285,0,0,0.436540801315584,0,0,0,0,0,0,0,0,1.38889087778196,0,0,0,1.82451397882271,0,0.59939571964047,3.62892083241873,0,0,0,0,0,0,0.436540801315584,0.862199183846878,6.68065412561994,4.28637225223414,0,0,1.68245842198442,0,0,1.82451397882271,3.08186979685051,0,0,0,0,0,0,0,0.241904606924285,0,0,0,0,0,0,0.436540801315584,0,0,0,0,0,1.94887704692184,0,0.241904606924285,0.241904606924285,0,0,0,0,0,0,0,0.59939571964047,0,0,0,0,0,0,0,0.241904606924285,0,0,0.241904606924285,0,0,3.22219815967648,0.59939571964047,0.739405929047695,0,0,0.241904606924285,0.241904606924285,0,1.77936773693289,1.94887704692184,0.241904606924285,0,0,0,0,0,0.59939571964047
"ola_mES_a2i_2_49.counts",0,0.118565989669872,0,0,0,0,0,0,0,0,0,0,0,0.488215433573264,0.224552427465539,0,0.696665656167622,0,0,0,0,0,0,0,0,0.118565989669872,0.814838870475036,0.118565989669872,3.943603638261,6.71494751363923,0.118565989669872,0,0,0,0,0,0,4.68212190254977,0,0.118565989669872,0,0,0,0,0,0.118565989669872,0,0,0,0,0,0,2.17527799513572,0,0,0,0,0,0.224552427465539,0,0.118565989669872,0,0,0,0.118565989669872,0,0,0,0,0,0,0,0,0,0,0,0,0,0.224552427465539,0,0,0,0,0.118565989669872,0,0,0,0.118565989669872,0,0,0,0,0,0.224552427465539,0,1.89681782443638,0,0,0.118565989669872,0
"ola_mES_a2i_2_5.counts",0,0.122567215103781,0,0,0,0,0,1.56474548268051,2.82779882086432,0,0,0,0,4.16061949707454,0,0,0,0,0,0.375955854775967,0.282157648026278,0,0,0,0,0,0.178642000285042,0,0.461705505571941,6.77664912333481,2.76411801402995,0,0,0,0,0,0.06316027357701,0,0,0,0,0,0,0,0,0.06316027357701,0,0,0,0,0.122567215103781,0.122567215103781,1.22738927533647,0,0,0,0,0,0,0,0,0,0,0,0,0,0,0.06316027357701,0,0,0,0,0,0.122567215103781,0,0,0,0,0,0,0,0,0,0,0.06316027357701,0,0,0.06316027357701,0,3.03591669363201,0,0,0,0,0.613870250799368,0.122567215103781,0.282157648026278,0,0.06316027357701,0.178642000285042
"ola_mES_a2i_2_50.counts",0,3.7006519903392,0,0,0,0,0,0,0,0,0,0,0,2.62615392477935,0,0,0,0,0,0,0.155884283266348,0,0,0,0,0,0,0,2.02537432040956,6.64756584084694,0.155884283266348,0,0,0,0,0,0,0.290713909033901,0,0,0,0.155884283266348,0,0,0.155884283266348,0,0,0,0,0,0,0,4.43477720005941,0,0,0,0,0,0,0,0.155884283266348,0,0,0,0,0,0,0,1.0492821676821,0,0,0,0,0,0.155884283266348,0,0,0,0,0.290713909033901,0,0,3.04001386381028,3.1542689253245,0.155884283266348,0,0,0.290713909033901,0.290713909033901,3.50315129170579,0,0.854214314472102,0.51567215990852,0,2.06892762424131,0,0,0,0,0
"ola_mES_a2i_2_51.counts",2.68928764745098,0.522394016447659,0,0,0,0,0,0,3.33330160298958,0,0,0,0,3.34304409071082,0,0,0,0,0,0.12857952555947,0,0,0,0,0,0,0.344749007537606,0.12857952555947,1.16170904648566,6.65429396570006,0,2.04425220859749,0,0,0,0,0,4.74870489085778,0,0,0,0,0.242494084437933,0,0,0.12857952555947,0,0,0,0,0,0,0,0,0.242494084437933,0,0,2.29442898032794,2.20777972537739,0,0,0,0,0,0,0,0,0,0.12857952555947,0,0,0,0,0,0.12857952555947,0,0,0,0,0,0,0,0,1.02380041829716,0,0,0,0,0,2.37416517458911,0,1.28288340133725,0,0,0,0,0,0,0,0
"ola_mES_a2i_2_52.counts",0.488247852632925,0,0,0,0,0,0,2.47743017627381,3.27291565878993,0,0,0,0,2.54552304335273,0,0,0,0,0.350402691681966,0,2.89011527888523,0,0,0,0,0,0,0,0.985278008157315,6.30933290111285,5.10004808435314,0.19047122053966,0,0.19047122053966,0,0,0,3.91397661414564,2.23994154404088,0,0,0,0.19047122053966,0,0.19047122053966,0,0,0,0,0,0,0,3.54906977665067,0,0,0,0,3.38559155861433,0,0,0,0,0.19047122053966,0,0,0,2.62459560878509,0.488247852632925,0.19047122053966,0,0,0,0,0,0,0,0,0,0.19047122053966,0,0.19047122053966,0,0,3.5904306990745,0,0,0,0,0.19047122053966,3.76523222213418,0,0,0,2.09603619512753,0,0,0,0.19047122053966,0,0.488247852632925
"ola_mES_a2i_2_53.counts",1.46613986125157,0.228206335402891,0,0,1.11538949967578,0,0,0,2.87143776117787,0,0,0,0,0.413888897550512,0.570433398113945,0,0.413888897550512,0,0.228206335402891,0,1.96742959995439,0,0,0,0,0,0,0.228206335402891,0.705756403216077,6.51156552950429,4.52737075197104,0,0,0,0,0,0,4.94303486831438,0,0,0,0,0,0,0,0,0,0.228206335402891,0,0,0,0,3.40861235874704,0,0,0,0,0.228206335402891,0.413888897550512,0,0,0.228206335402891,0.228206335402891,0,0,0.228206335402891,0.228206335402891,0,0.413888897550512,0,0,0,0,0,0,0,0,0,0.228206335402891,0,0,0.228206335402891,0,0.413888897550512,0.228206335402891,0,0.705756403216077,0.228206335402891,0,3.42543347175774,0,0.931402831615858,0,0,0,0,0,0,0,0
"ola_mES_a2i_2_54.counts",0,0.413845461312308,0,0,0,0,0,0,2.11684362344826,0,0,0,0,0.228180186144965,0,0,0,0,0,0.325315598200224,0,0,0,0,0,0.120584297344145,0.413845461312308,0.228180186144965,1.07238383111739,6.73664370373173,0.640321587796731,0,0,0,0.120584297344145,0,0,1.87344713282424,0,0,0,0,0,0,0,0.228180186144965,0,0,0.120584297344145,4.07193068544232,0.120584297344145,0,3.63856034392423,0,0,0,0,0,0,0,0,0,0,0,0,0,3.03803260578246,0,0,0,0,0,0,0.120584297344145,0,0,0.120584297344145,0,0,0,0,0,0,3.19673320702639,0,0,0,0.120584297344145,0,0,0,0,0,0,0.931325166240119,0,0,0,0,0
"ola_mES_a2i_2_55.counts",0,0,0,0,0.401635456679524,0,0,0.0942671830725386,2.56956199574944,0,0.0942671830725386,0.0942671830725386,0,4.13968933056689,0,0,0.401635456679524,1.27261765163751,0,0.180408564357272,0,0,0,0,0,0,0.0942671830725386,0,0,6.4169138201365,0,0,0,0,0,0,0,4.00685857677553,0,0.0942671830725386,0,0.180408564357272,0,0,0,0.180408564357272,0,0,0,0,0,0,0,0,0,0,0,0,0,0,0,0.0942671830725386,0,0,0,0,0,0.0942671830725386,0,0,0,0,0,3.73588867391237,0,0,0,0,0.0942671830725386,0,0,0,0,4.59074878343324,0,0,0.0942671830725386,0.0942671830725386,0,4.7735522809939,0,0,0,0,0,0,0,0,0,0.0942671830725386
"ola_mES_a2i_2_56.counts",0.382082324458514,0.657864723690358,0,0,0.966475920682752,0,0,3.71968213448037,2.68970393485404,0,0,0,0.873799903403631,3.4566938668602,0,0,0,4.16333019517399,0,0.209179592629559,2.62442578040178,0,0,0,0,0,0,0,0.771649525048074,5.56942909967797,3.33182219951821,0.209179592629559,0,0,0,0,0,4.62017569789691,2.80871847831563,0,0,0.209179592629559,0,0,0,0,0,0,0,0,0,0,1.33289260267771,0,0,0,2.76573068535082,0,0.209179592629559,0,0,0,0,0,0,0,0,0.382082324458514,0,0,0,0,0,0,2.28659000539024,0.209179592629559,0,0,0,0,0,0,0,5.99326492638283,0,0.529450539793937,0,0,0,0.209179592629559,0,0,0,0,0.382082324458514,0,0,0,0,0
"ola_mES_a2i_2_57.counts",0,0.133907450291129,0,0.194686878286851,0.72979368376427,0,0,0.658227278721118,0,0,0,0,0,1.55296535522982,0,0,0.133907450291129,0,0,0.251982877503657,0,0,0.133907450291129,0,0,0,0,0,0.581141591490703,6.76233916002683,2.70128331564023,2.49359734273167,0,0,0,0,0,3.92633194930524,0,0,0,0,0,0,0,0.069193453174516,0,0,0,0.069193453174516,0,0,1.69412773535531,0,0,0,0,0,0.069193453174516,0,0,0.069193453174516,0,0,0,0,0,0,0,0,0,0,0,0,0.133907450291129,0,0,0,0,0,0,0.069193453174516,0.194686878286851,3.91067233010032,0,0,0,0,0.069193453174516,0,0,0,0,0,0,0,0,0,0,0
"ola_mES_a2i_2_59.counts",0,0.679914936523442,0,0,1.27997771033966,1.76960744355449,0,0,0,0,0,0,0,3.71957045881468,0.281087836809138,0,0.281087836809138,0,0,0.281087836809138,5.57188002305229,0,0,0,0,0.281087836809138,0.832160921055106,0,2.13595286026711,6.15962224696648,5.29161040708109,0,0,0,0,0,0.281087836809138,1.44590657609156,0.96426140763678,0,0,0.500253872997064,0,0,0,0,0,0.281087836809138,0,0,0.281087836809138,0,0,0,0,0,0,0,0,0,0.281087836809138,0,0,0,0,0.281087836809138,0,0,0,0.281087836809138,0,0,0,0,0,0.281087836809138,0,0,0,0,0,0,0,0,0.679914936523442,0.281087836809138,0,0.281087836809138,0,0,0,0,0,0,0,0,0,0,0,0
"ola_mES_a2i_2_6.counts",1.90154057939128,0.321900029762122,0,0,0,0,0,1.71505156060815,0,0,0,0,0,2.6507428558449,0,0,0.225671997667568,0,0,0,2.44289724171046,0,0,0,0,0,0,0,0,6.77933197515347,0.321900029762122,0,0,1.01962387734948,0,0,0,0,3.30331004417549,0,0,0,0,0,0,0.119188517265118,0,0,0,0.119188517265118,0.119188517265118,0,2.10598486423707,0,0,0,0,0,0,0.321900029762122,0,1.10701569946449,0,0,0,0.225671997667568,0,0,0,0,0,0,0.119188517265118,0,0.119188517265118,0,0,0,0,0,0,0,0,2.99509916178862,0.119188517265118,0,0,0,0,3.36204417677866,0,0,0,0,0,0.225671997667568,0,0.321900029762122,0,0.409675640644508
"ola_mES_a2i_2_60.counts",2.28937606468388,0.166357705804941,0,0,0,0,0,0,0.240191967815993,0.0866342319729021,0,0,0,3.20355544496817,0,0,0,3.59663019576585,0,0,0,0,0,0,0,0,0.0866342319729021,0.0866342319729021,1.00043223301745,6.62723303404514,1.31236040793468,0,0,0,0,0,0,4.0481189800025,3.66842276681329,0,0,0,0,0,0,0,0,0,0,0,0.0866342319729021,0,0.0866342319729021,0,0,0,3.80424630013215,0.644470132164629,0,0.433719775765764,0,0,0,0,0,0,0,0.166357705804941,0.0866342319729021,0,0,0,0,0,0.0866342319729021,0,0.0866342319729021,0,0,0.166357705804941,3.03586624863772,0,0,0,0,0.166357705804941,0,0,0.0866342319729021,2.22303246129209,0,0,0,0,1.40534255609059,0,0.373278421612263,0,0,0
"ola_mES_a2i_2_61.counts",0,0.347939438764437,0,0,0,0,0,3.9548145946033,1.60007251243141,0,0,0,0,3.31146600723845,0,0,0.189026728288161,0,0,0.189026728288161,4.00155098008578,0,0,0,0,0,0,0.347939438764437,1.46537626933443,6.10373279727702,4.35920791547696,0,0,0,0,0,0,4.40345071399846,1.25187082819175,0,0,0,0,0,0,0,0,0,0.189026728288161,0,0.189026728288161,0,4.0053488472137,0.189026728288161,0,0,0,0,0,0,0,0,0.189026728288161,0,0,0.189026728288161,0,0.189026728288161,0,0,0,0,0,0,0,0,0,0,0,0,0.605568170019285,0,0,0,0.347939438764437,5.01603889552592,0,0,0,3.8673703374201,0.189026728288161,0,0,0,0,0,0,0,0,0
"ola_mES_a2i_2_62.counts",0.19142207462449,0.490364551894651,0,0,0,0,0,0,0,0,0.19142207462449,0,0,0.352022789217231,0,0,0,0,0,1.90154057939128,3.98420628145463,0,0,0,0,0,0.490364551894651,0.19142207462449,1.06427415108722,6.82344221454221,2.19909811418402,0,0,0,0.352022789217231,0,0,0,1.26176392935434,0,0,0.19142207462449,0,0,0.19142207462449,0,0,0,0,0,0.490364551894651,0,1.26176392935434,0,0,0,0,0,0,0,0,0,0,0,0,0,0,0,0,0,0,0,0,0,0,0,0,0,0.490364551894651,0,0,0,0,0.19142207462449,0,0,0,0.19142207462449,0,1.42660989829835,0.19142207462449,0,0,0,0,0,0,0,0.19142207462449,0
"ola_mES_a2i_2_63.counts",0,0.501856072993303,0,0,0,0,0,1.65567199091544,3.76591065012263,0,0,0,0,3.39589848322768,0,0,0,0,0,0.15095649658197,3.89984882513008,0,0,0,0,0,0,0.397996080609524,0,6.61318122603548,0.28208553830756,0,0,0,0,0,0,0,3.36821689376786,0,0,0.761096653080411,0,0,0,0,0,0,0,0,0.15095649658197,0,3.88656563902485,0,0,0,1.55767282079052,0,0,0.28208553830756,0,0,2.65314556933143,0,0.28208553830756,0,0,0.28208553830756,0,0,0,0,0.15095649658197,0,0,0,0.761096653080411,0,0.28208553830756,0,0,0.15095649658197,0,1.90257193642826,3.32226797144741,0,0,0,0,0.15095649658197,0.397996080609524,0.681922614717265,0,0,0,0,0,0,0,0
"ola_mES_a2i_2_64.counts",0,0.316556111609053,0,0,0.221752315871685,0.117010366044566,0,3.84065819273837,0,0,0,0,0,0.117010366044566,0,0.117010366044566,0.221752315871685,0,0.117010366044566,0,4.49291183134708,0,0,0,0,0,0.221752315871685,0,0.48283064280549,6.595452157086,0,0,0.117010366044566,0.117010366044566,0,0,0.117010366044566,3.91265835469306,0,0.117010366044566,0,0,0,0,0.221752315871685,0.221752315871685,0,0,2.04162004777231,0,0.117010366044566,0,3.7006519903392,0,0,0,0,0,0,0,0.117010366044566,0,0,0,0,0,0,0,0.117010366044566,0.117010366044566,0,0,0,0.117010366044566,0.316556111609053,0,0.117010366044566,0,0,0,0,0,0,0.221752315871685,0,1.69904439654392,0,0,0,0,0.221752315871685,0.48283064280549,0,0,0,0,3.35190560213178,0.556632195468535,0,1.05150888384091
"ola_mES_a2i_2_65.counts",0,0,0,0,0,0,0,0,2.21032736059063,0,0,0,0,2.24056672320633,0,0,0,0,0,0,3.58336339568931,0,0,0,0,0.246825082918312,0,0,1.40597621613206,6.63840801138922,0,0.246825082918312,0,0,0,0,0,4.37434039616304,0,0,0,0,0.246825082918312,0,0,0,0,0,0,0,0,0,3.7006519903392,0,0,0,0,2.00673236678874,2.79713110367876,0,0,0,0,0,0,0,0,0.246825082918312,0,0,0,0,0.444628392903307,0,0,0,0,0,0.246825082918312,0.246825082918312,0.246825082918312,0,0,0.246825082918312,0,0,0,0,0,3.7006519903392,0.246825082918312,0.246825082918312,0,0,0,0,0,0,0,0
"ola_mES_a2i_2_66.counts",0,0.132106312148972,0,0,0,0,0,0,0.0460020394973023,0,0,0,0,1.62838910724998,0,0,0,0,0,0.385782989509469,0,0,0,0,0,0.0460020394973023,0.0460020394973023,0.0899806329013342,1.18162726102905,6.45840070578253,0.0460020394973023,0,0,0,0,0,0,4.92069815635985,0,0.132106312148972,0,0,0,0,0,0,0,0,0,0,0,0,0.172528919937091,0,0,0,0,0,0,0,0.0460020394973023,0,0,0,0,0,5.21920293046746,0,0,0,0,0,0,0,0,0,0,0.0460020394973023,0,0,0.132106312148972,0,0.0460020394973023,3.26162106057319,0.0899806329013342,0,0,0.0460020394973023,0.0899806329013342,2.37879786022702,0.0460020394973023,0.0460020394973023,0,0,0,0,0,0,0,0
"ola_mES_a2i_2_67.counts",0,0.15656906069154,0,0,0,0,0,2.60582350186056,2.1350686518458,0,0.291910408561302,0,0,2.21217812700328,0,0,0.15656906069154,0,0,0.41109892582642,4.41105049050018,0,0,0,0,0.15656906069154,0.15656906069154,0,0,6.40785841869842,4.28860027259056,0,0,0,0,0,0,4.57226171205854,3.91168396490956,0,0,0,0,0,0,0.15656906069154,0,0.291910408561302,0,0.15656906069154,0,0,3.1070917088116,0,0,0,0,1.26479680805909,0,0,0,0,0,0,0,0,0,0,0.15656906069154,0,0,0,0,0,0.15656906069154,0,0,0,0,0,0,0,0.613810438323424,2.66652174240563,0.15656906069154,0.70158604920581,0,0,0,3.09948132200418,0,0,0,0,0,0,1.80578494458256,0,0.15656906069154,0
"ola_mES_a2i_2_68.counts",3.43022957612427,0.175782172805012,0.0917485453900386,0,0.253298301963702,0,0,0,0,0,0,0,0,3.39540568294545,0.392343294943916,0,0,2.01943455242919,0,0.0917485453900386,0,0,0,0,0,0,0.0917485453900386,0,1.25228240719053,6.71789973396765,0,0.0917485453900386,0,0,0.0917485453900386,0,0,3.18060893745105,2.44839901406384,0.0917485453900386,0,0,0,0,0.0917485453900386,0.0917485453900386,0,0,0,0,0.0917485453900386,0,2.77195793815427,0,0,0,0,0,0,0,0.175782172805012,0,0,0,0,0,0,0,0,0,0,0,0,1.03875408458684,0.810556466272045,0,2.10494940799279,0,0,0,0,0,0,3.74748869567279,0,0,1.42814206176733,0,0.0917485453900386,0.455229416377023,0,0,0,0,0,0,0,0,0,0
"ola_mES_a2i_2_69.counts",2.45885144381002,0,0,0,0,0,0,0,0,0,0,0,0,2.93486483893946,0,0,0,2.6007078385077,0,0,0.304818787193688,0,0,0,0,0.304818787193688,0.304818787193688,0,2.17932557771287,6.45081266775152,0,0,0,0.538105155634008,0.304818787193688,0,0,0,3.79500055002248,0,0,0,0,0,0,0,0,0,0,0,0,0,4.02960644882234,0,0.304818787193688,0,0,0,0,0,0,0,0,0,0,0,0,0,0.304818787193688,0,0,0,0,0,0.304818787193688,0,0,0,0,0,0,0,0,5.21784067305555,0.304818787193688,0,0,3.42032895243858,0.304818787193688,0,0,1.43684789513823,0,0,0,0,0,0,0,0
"ola_mES_a2i_2_7.counts",0,0.472037553787757,0,0,0,0,0,3.94104869043474,0,0,0,0,0,4.14209364510594,0,0,0.878630835002105,0,0,0.338022268506272,0,0,0,0,0,0,0.183226034017567,0.338022268506272,1.22760056644679,6.52396380670416,4.16733372771026,0,0,0,0,0,0,2.85001001373882,1.43921261646536,0,0,0,3.71885498341456,0,0,0,0,0,0,0,0.183226034017567,0,2.85001001373882,0,0,0,0,0,0,0,0,0,0.183226034017567,0,0,0,0,0.338022268506272,2.10889003345588,0,0,0,0,0,0,0,0,0,0,0,2.87300666948546,0,0,3.64810877706504,0,0,0,0.183226034017567,0,0,0,0,0,0,0,0,0,0,0,0
"ola_mES_a2i_2_70.counts",0,0.575948086525994,0,0,0.230798497145925,1.53352305283114,0,0,0.712175782478335,0,0,0,0,3.09231606847422,0,0,0.575948086525994,0,0,0.575948086525994,2.54020282537296,0,0,0,0,0.230798497145925,0,0.230798497145925,0,6.55050607138719,4.10609594269036,0,0,0,0,0,0,0,0,0,0,0,0.418190989221999,0,0,0,0,0,0,0,0.230798497145925,0,5.00203489971301,0,0,0,0,0,0,0,0,0,0,0,0,0,0,0,0,0,0,0,0,0,0,0,0,0,0,0,0,0.230798497145925,0.230798497145925,3.95894226166177,0.418190989221999,0,0,0,0,0,0.230798497145925,0,0,0,0,0,0,0,0,0
"ola_mES_a2i_2_71.counts",0,0.76875202762217,0,0,0,0,0,0,5.08835136141304,0,0,0,0,1.43077756538682,0,0,0.76875202762217,0,0,0,1.198199735972,0,0,0,0,0,0,0.254074733024931,2.50809063810559,6.42790617656164,3.94953446397358,0,0,0,0,0,0,0,4.44132995992927,0,0,0,0,0,0.456498027264607,0,0,0.254074733024931,0,0,0,0,0,0,0,0,0,0,0,0,0.254074733024931,0.254074733024931,0.456498027264607,0,0,0,0,0.456498027264607,0.254074733024931,0,0,0,0,0,0,0,0,0.456498027264607,0,0,0,0,0,0,0,0,0,0,0.624763652704842,4.13699075245791,0,0,0,0,0,0.456498027264607,0,0,0.254074733024931,0
"ola_mES_a2i_2_72.counts",0,0.272380882686908,0,0,1.6233667534711,0,0,0,3.17200866964213,0,0.486230063447736,0,0,2.64969028487135,0,0.272380882686908,0.272380882686908,0,0,0.66230703175819,0,0,0,0,0,0,0.272380882686908,0,0.272380882686908,6.71239758566244,1.49154529030997,0,0.272380882686908,0.272380882686908,0,0,0.272380882686908,4.53311107442169,2.96898448227695,0,0,0,0,0,0.272380882686908,0,0,0,0,0,0,0,2.10425632711439,0,0,0,0,0,0.272380882686908,0,0,0,0,0,0,0,0.272380882686908,0.272380882686908,0.272380882686908,0,0,0,0,0,0,0.272380882686908,0,0,0.272380882686908,0,0,0,0,0,0.272380882686908,0,0,0,0,2.34109508690571,0.272380882686908,0,0,0,0,0,0.66230703175819,0,0,0
"ola_mES_a2i_2_73.counts",0,0.469423110320434,0,0,0,0,0,0.13956006097003,0.853525885210662,0,0,0,0,3.35191211217161,0,0.13956006097003,0,0,0,0,0,0,0,0,0,0,0.13956006097003,0,0.262007061935621,6.43596530153421,4.01396086652676,0,0,0,0,0,0,0.262007061935621,0.13956006097003,0,0,0,0,0,0,0,0,0,0,0,0,0,2.20689592869883,0,0,0,0,0.13956006097003,0.469423110320434,0,0,0,0.13956006097003,1.58800268163665,0.13956006097003,0,0,0,0,0.13956006097003,0,0,0,0,0,0,0,0,0,0,0,0.13956006097003,0,5.23357074627944,0,0,0,1.08078165610398,0,1.92292610405968,0,0,0,0,4.44815459047054,0,0,0,0,0
"ola_mES_a2i_2_74.counts",2.95921889408094,0.356043931249413,0,0,0,0,0,3.02882038638432,3.82658227694806,0,0,0,0,4.91841261291886,0,0,0,0,0,0.193784878729983,2.70846353026063,0,0,0,0,0,0,0,0,5.32352513693773,0,0,0,0,0,0,0,3.26700084243895,2.94806758506888,0,3.17305633208895,0,0,0,0,0,0,0,0,0,2.44042532245302,0,1.53367875753189,0,0,0,0,0,0,0,0,0,0,0,0.101579185331562,0,4.66337352930401,0,0,0.777531173718328,0,0,0,0,0,0.428261832136829,0,0,0,0,0,0,0.777531173718328,0.7271502987658,0,2.82912957072694,0,0.101579185331562,0,5.54266213858098,0.101579185331562,0,0,0.101579185331562,0,0,4.6378320444395,0,0,0.278201801102263
"ola_mES_a2i_2_75.counts",0,0.161080335136538,0,0,0,0,0,3.89668798552301,0,0,0,0,0,1.72840292282437,0,0,0.530108918778111,0,0,0.837613283659111,0.232831678783452,0,0,0,0,0,0,0,0.0837800264579164,5.38844344416936,0,0.530108918778111,0,0,0,0,0,5.90222853702453,2.93066577945315,0,0,0,0,0,0.0837800264579164,0,0,0,0.161080335136538,0,0,0,0.0837800264579164,0,0,0,0,3.50920143321864,0,2.74689103315707,0.0837800264579164,0,0,0,0,0.161080335136538,2.19192835700231,0,0,0,0,0,0,0,0,0.0837800264579164,0,0,0.0837800264579164,0,0,0.0837800264579164,0,5.66231061177895,0,0,0.530108918778111,0.0837800264579164,0,0,0,0,0,0,0,0,0,0,0,0
"ola_mES_a2i_2_76.counts",1.83452657323886,0.447121184304061,0,0,0,0,0,0,0.75499815248174,0,0.172216167875929,0,0,1.59870584404211,0,0,0,0,0.172216167875929,0,4.1728131636136,0,0,0,0,0,0.447121184304061,0,0.319085675050273,6.69128948509726,0,0,0,0,0,0,0.917680481755094,4.47749270261917,0,0,0,0,0,0,0,0,0,0,0,0,0,0,1.18025838257391,0,0,0,0,0,0,0.172216167875929,0,0,0,0,0,0,0,0,2.86438390729813,0.172216167875929,0,0,0,0,0,0,0,0,0,0,0,0,0.172216167875929,2.4922249163993,0,0,0,0.319085675050273,0,0.172216167875929,0,0,0,0,0,0,0,0,0,0
"ola_mES_a2i_2_77.counts",3.2341209754931,0.226338847315125,0,0,0,0,0,0,0,0,0,0,0,4.76717196375192,0,0,0,0,0,0,0.819780950437655,0,0,0,0,0.226338847315125,0,0,1.1092238081513,6.51036152290604,3.84959621457909,0,0,0,0.226338847315125,0,0,3.98587004873539,0.410784943326938,0,0,0,0,0,0,0.226338847315125,0,0,0,0,0,0,4.41013004047951,0,0,0,0,0,0.226338847315125,0,0,0.226338847315125,0,0,0,0,0,0,0,0,0,0,0,0.226338847315125,0.226338847315125,0,0,0,0,0,0,0.226338847315125,0.410784943326938,0.410784943326938,0,0,0,0,0.410784943326938,0,0,0.226338847315125,0,0,0,0,0,0,0,0
"ola_mES_a2i_2_78.counts",0.118481603620523,0,0,0,0,0,0,0,0.224400622504261,0,0,0,0,2.77062137948445,0,0,0,0,0,0,0,0,0,0,0,0,0,0.118481603620523,0.118481603620523,6.71052310945243,4.50043840345377,0,0,0,0,0,0,3.23484821334318,0.118481603620523,0,0,0,0,0,0,0,0,0,0,0,0,0,0,0,0,0,0,0.118481603620523,0,0,0.118481603620523,0,0,0,0,0.118481603620523,0,0,0,0,0,0,0.118481603620523,0,0,0.118481603620523,0,0.224400622504261,0,0,0.118481603620523,0,0.118481603620523,0,0.118481603620523,0,0,0,0,3.91816761062859,0.224400622504261,0,0,0,0,0,0,0,0,0
"ola_mES_a2i_2_8.counts",0,0.365955650959783,0,0,0,0,0,0,0,0.5085251449599,0,0,0,3.40667652546586,0,0,1.84097740488988,0,0,0,0,0,0,0,0,0,0,0,1.84097740488988,6.69811547828084,0.104785891910055,0,0,0,0,0.633281771131673,0,0,0,0,0,0,0,0,0,0.199625679289879,0,0,0,0,0,0,4.27406663191856,0,0,0,0,0,0,0,0,0,0.104785891910055,0,0,0,0,0,0,0,0,0,0,0,0.104785891910055,0,0,0,0,0,0,0,0,4.27867103080019,0.104785891910055,1.85835343283683,0,0.199625679289879,0,0,0.104785891910055,0,0,0,0,0,0,0,0,0
"ola_mES_a2i_2_80.counts",0,0,0,0,0,0,0,0,0,0,0,0,0,0.798691073867884,0,0,0.105393859550062,0,0,0,0,0,0,0,0,0,0.636145669460233,0,1.09883456028494,5.34796829376003,0,0,0,3.48327118162182,0,0,0,3.5524922432875,0,0,0,0,0,0,0,0,0,0,0,0.200731319893816,0.105393859550062,0,2.0657464341925,0,0,0,0,0,0,0,0,0,0,0,0,0,0,0.105393859550062,0,0,0,0,0,0,0,0,0,0,0,0,0,0,0.105393859550062,6.57137149015543,0.105393859550062,0,0,0,0,0,0,0,0,0,0,0,0.105393859550062,0.105393859550062,0,0
"ola_mES_a2i_2_81.counts",0,0,0,0,0,0,0,0,0,0,0,0,0,3.34866513325419,0,0,0,2.37383387079461,0,0.36303393636962,0,0,0,0,0,0,0,0.103838403680378,1.90059899013438,5.82536016005256,0.36303393636962,0.103838403680378,0.103838403680378,0,0.197901493572988,0,0,0,5.69220423378123,1.94850163295849,0,0.283872439625602,0,0,0,0,0,0,0.103838403680378,0.103838403680378,0.103838403680378,0,4.20767031660082,2.63273000584198,0,0,0,0,0,0,0.103838403680378,0,0,0,0.103838403680378,0,0,0.928968535329907,0,0,0,0,0,0,0,0,0,0.283872439625602,0,0.197901493572988,0.103838403680378,0,0,2.95302897406977,0,0,0,0,0,4.13508164231548,0.103838403680378,0,0,5.0445497573857,0,0,0.103838403680378,0,0,0.103838403680378
"ola_mES_a2i_2_82.counts",0.424052911244058,0.140542370076012,0,0,0,0.32008484042865,0,1.81328065710125,0,0,0,0,0,0.0727381754136439,0,0,0,0,0,0,0.204039638664978,0,0,0,0.857847974325074,0,0.37341943768974,0,1.89591962689923,6.40754336787957,3.45655989672135,0,0,0.0727381754136439,0,0,0,5.80215940416013,0,0,0,0,0,0,0,0,0,0,0.0727381754136439,0,0,0,0.0727381754136439,0,0,0,0,0,0,0,0,0,0,0,0,0.518222374069474,0.0727381754136439,0,0,0,0,0,0,0,0,0,0,0.0727381754136439,0,0,0,0,0,2.59328433848734,0,0,0,0,0,0.0727381754136439,0,0.424052911244058,1.91832852389443,0,0,0,0,0,0.0727381754136439,0
"ola_mES_a2i_2_83.counts",0.381737838741275,0.734576365973644,0,0.269939608514828,0,0,0,0,0,0,0,0,0,1.83546543250113,0.269939608514828,0,0.873167775881622,0,0,0.381737838741275,0,1.61512360848757,0,0,0,0,0.381737838741275,0,2.69394436242139,6.79649889183598,0,0,0,0,0,0.144050707427297,0,3.60105359221278,0.144050707427297,0,0,0,0.269939608514828,0,0.269939608514828,0,0,0,0,0,0.269939608514828,0,0,0,0,0,0,0,0,0,0,0,0,0,0,0,0,0,0,0,0,0,0,0,0,0,0,0.144050707427297,0,0,0,0,0.144050707427297,0.269939608514828,0,0,0,0.144050707427297,0,3.73169759569429,0.269939608514828,0,0,0,0,0,0,0,0,0
"ola_mES_a2i_2_84.counts",0,0.473555762368897,0,0,0,0,0,2.83026366483583,2.16011304104609,0,0,0,0,2.6898219445747,0.33917976751078,0,0,0.183901840565152,0.183901840565152,0,3.99454318954062,0,0,0,0,0,0.591995218045918,0.33917976751078,1.76568037198701,6.27776506298477,0.33917976751078,0,0,0.33917976751078,0.33917976751078,0,0,5.76452379453206,0.697880559657826,0,0,0,0.183901840565152,0,0,0.183901840565152,0,0,0,0,0,0,3.67276505026527,0,0,0,0,0,0,0,0,0.183901840565152,0.33917976751078,0,0,0,0,0.183901840565152,0,0,0,0,0,0.183901840565152,0,0.473555762368897,0,0,0,0,0,0,0,2.33091018558533,0.183901840565152,0,0,0,0,0,0.183901840565152,0,0,0,0,0,0,0,0.183901840565152,0
"ola_mES_a2i_2_86.counts",0,1.10984836193504,1.47929061779382,0,0,0,0,0.51758240622887,0,0,0,0,0,0.51758240622887,0,0,0,0,0,2.80899419862479,0,0,0,0,0,0,0,0.51758240622887,4.7381293810405,5.80058101727987,0,0,0,0.51758240622887,0,0,0,0.856936489224972,0.51758240622887,0,0,0,0,0,0,0.51758240622887,0,0,0.51758240622887,0,0.51758240622887,0,0,0,0,0,0,0,0,0,0,0,0,0,0.51758240622887,0,0,0,0,0,0,0,0,0,0,0,0,0,0,0,0.856936489224972,0.51758240622887,0,4.43544690273646,0,6.09670217385934,0,0,0,0,0,0,0,0,0,0,0,0,0,0
"ola_mES_a2i_2_87.counts",0,0.453235384376851,0,0,0.133961346052859,0,0,0,0,0,0,0.453235384376851,0,4.42567033251567,0,0,0,0,0,1.31469734819387,0,0,0.133961346052859,0.133961346052859,0,0.133961346052859,0,0.133961346052859,0.889324895264949,6.71551821182969,0,0,0,0,0,0,0,2.54589098383853,2.93253841370331,0,0,0,0,0,0.133961346052859,0,0,0,0,0,0.133961346052859,0,4.00810436402784,0,0,0,1.31469734819387,0,0,0,0,0,0,0,0.133961346052859,0,0,0.133961346052859,0,0,0,0,0,0,0,0,0,0,0.133961346052859,0,0,0,0,0.252078662173662,0,0,0,0,0,0,0,0,0,0,0,0,0,0,0,0
"ola_mES_a2i_2_88.counts",0,0.321413025800808,0,0,1.7796827954072,0,0,4.80029170661692,0,0,0,0,0,0,0.321413025800808,0,0,0,0,0,0.564262184538217,0,0,0,0,0,0,0,2.27405457159482,6.30420760675568,0.321413025800808,0,0,0,0,0,0,4.00421301481952,0,0,0,0.321413025800808,0.321413025800808,0,0,0,0,0,0,0.321413025800808,0,0,5.44448325793753,0,0,0,3.35593774810908,0,0,0,0,0,0,0,0.321413025800808,0.321413025800808,0,0,0,0,0,0,0,0,0,0,0,1.18615002024339,0,0.321413025800808,0,0,0.321413025800808,0,0,0,0,0.321413025800808,0,0,0,0,0,0.321413025800808,0,0,0,0,0.321413025800808,0
"ola_mES_a2i_2_89.counts",0,0.340755146281884,1.10857735901085,0,0,0,0,3.2006514885651,0,0,0,0,0,3.18397415124557,0,0,0,0,0,0.340755146281884,0,0,0,0,0,0,0,0,0.340755146281884,5.67712498126631,0,0,0.340755146281884,0,0,0,0,6.11833058122675,0,0,0,0,0,0,0,0,0,0,0,0,0,0,1.44646510526051,0,0,0,0,0,0,0,0,0,0,0,0,0,0,0.594441066508732,0.340755146281884,0,0,0,0.594441066508732,0,0,0,0,0,0,0,0,0,0,5.04000881296212,0,0,0,0,0,0,0,0,0,0,0,0.79661797027518,3.69840559657285,0,0,1.95870423781931
"ola_mES_a2i_2_9.counts",0,0,0,0,0,0,0,0,4.04955947506036,0,0,0,0,2.92200074446071,0,0,0.264727795027475,0,0,0.141098537286363,0,0,0.264727795027475,0,0,0,0,0.141098537286363,0.374740803980115,6.7822403339904,0,0,0,0,0,0,0,0.723078138225537,3.33667031000527,0,0,0,0,0,0,0,0,0,0,0,0,0,0,2.77273077912907,0,0,0,0,0,0,0,0,0,0,0,0,0,0.141098537286363,0,0,0,0,0,0,0.141098537286363,0,0,0,0.141098537286363,0,0,0,0,0,0,0,0,0,0,0,0,0,0,0,0,0,0,0,0,0
"ola_mES_a2i_2_90.counts",0,0.182477245550205,0,0,0.0645969072617083,0,0,3.79864670121079,3.1069723079649,0,0.0645969072617083,0,0,3.39092638905507,0,0,0,0,0,0.876013541988208,0,0,0,0,0,0,0.287915596497479,0.125273043415699,1.63650715519882,6.39150838493264,0,0,0.0645969072617083,0,0.0645969072617083,0,0,0,2.13696041221954,1.80358921658535,0,0,0.0645969072617083,0,0,0.0645969072617083,0,0,0,0,0,0,3.42625124182983,0,0,0,0,0,0.0645969072617083,0,0,0,0,0,1.07675496952739,0.0645969072617083,5.5215906305222,0,0,0,0,0,0,0,0,0,0,0.0645969072617083,0,0,0,0,0,0,0,0,0.0645969072617083,0,0,2.43446524986387,0,0,0,0,0,0,0,0,0,0
"ola_mES_a2i_2_91.counts",0,0.276396084006921,0,0,0,0,0,0,0,0,0,0,0,3.61026374964824,0,0,0,0,0,0,0.670446374790753,0,0,0,0,0,0,0,0.276396084006921,6.43060282112649,0,0,0,0,0,0,0,5.6624441011244,0,0,0,0,0,0,0,0,0,0,0,0,0.276396084006921,0,3.55722014259016,0,0,0,0,0,0,0,0.492706392516858,0,0,0,0.276396084006921,0,0,0,0,0,0,0,0,0,0,0.276396084006921,0,0,0,0,0,0.821311602010463,0.492706392516858,0.492706392516858,0.276396084006921,0,0,0,0,1.50453715876913,0,0,0,0,0,2.41482731939571,0,0,0,1.57286507546973
"ola_mES_a2i_2_92.counts",0,0.54440874558763,0,0,0,0,0,0,3.86433353773024,0,0,0,0,2.64081307496688,0,0,0,1.74104995342733,0,0.30880331581771,4.42037378927365,0,0,0,0,0,0,0,0.54440874558763,6.39049559042584,0,0,0,0,0.54440874558763,0,0,0.30880331581771,1.35952832695924,0.30880331581771,0,1.52994980251057,0,0,0,0.30880331581771,0,1.44836511478633,0,1.8025548241574,0.30880331581771,0,2.58784019959044,2.87031342979748,0,0,0,0,0,0,0,0,0,2.61467736196485,0.30880331581771,0.30880331581771,0.30880331581771,0,0,0,0,0,0.30880331581771,0,0,0,0,2.06357832271826,0,0,0,0,0,4.70285880069528,0,0,0,0,0,4.35286084491785,0,0,0,0.30880331581771,0,0.30880331581771,0,1.35952832695924,0,0
"ola_mES_a2i_2_93.counts",3.27679357307852,0.411986410067413,0,0,0,0,0,0,0,0,0,0,0,3.825672314362,0.411986410067413,0,0,0,0,0,2.52339096632289,0,0,0,0,0,0,0,0.821775545690599,6.24643028689891,3.54523188169963,0.411986410067413,0,0,0,0,0,4.61940185200312,2.5634580206729,0,0,0,0,0,0,0,0,0,0.227061433548648,0,0.227061433548648,0,1.6739923651297,1.51922813702204,0,0,0,0,0,0,0.227061433548648,0,0,0,0,0,4.51903345245636,0.227061433548648,0,0.227061433548648,0,1.84893440467886,0.227061433548648,0,0,0,0.227061433548648,0,0,0,0,0.227061433548648,0.411986410067413,4.76854154329722,0,0,0,0.227061433548648,0,0,0.411986410067413,0.411986410067413,0,0,2.74275410449841,0,2.72620373748392,0,0,0.567992534468473
"ola_mES_a2i_2_94.counts",2.4653689602972,0.248040410693768,0,0,0,0,0,0,0,0,0,0,0,1.24220096694252,0.878613200687393,0,0.248040410693768,0,0.0680117912342935,0,0.301503352548837,0,0,0,0,0,0.0680117912342935,0,2.33797777907413,6.85547316750005,0,0,0,0,0,0,0,1.35725041681523,0.754264326572792,0,0,0,0,0,0,0,0,0.0680117912342935,0,0,0.0680117912342935,0,3.06712122117934,0,0,0,0,0.0680117912342935,0.0680117912342935,0,0,0,0,0,0,0,0,0,0,0,0,0,0,0,0,0,0,0.0680117912342935,0,0,0.1316910768741,0,0,0.301503352548837,0,0.848945356867134,0,0,0,0,0.1316910768741,0,0,0,0,0,0,0.0680117912342935,0,0
"ola_mES_a2i_2_95.counts",0,0,0,0,0,0,0,0,0.179547857545663,0,0,0,0,0.0937982067496892,0,0,0.580372968311303,0,0,0.906269201711866,2.30728442813755,0,0,0,0,0,0.179547857545663,0.0937982067496892,1.46867930874238,6.599730541612,0.179547857545663,0,0,0,0,0,0,4.10579901558775,3.79692124753398,0,0,0,0,0,0,0.0937982067496892,0,0,0,0,0,0,3.86926720866245,0,0,0,0,0.0937982067496892,0,2.87455142248961,0,0,0,0,0,0,0,0,0,0.0937982067496892,0,0,0,0,0,0,0,0.0937982067496892,0,0,0,0,0,4.20739838992864,0,0,0,0,0,0,0.179547857545663,0,0,0,0,0,2.89106534713893,0,0,0
"ola_mES_a2i_2_96.counts",0,0.409675640644508,0,0,0,0,0,0.409675640644508,0.634498453478438,0,0,0,0,3.26052785456077,0,0,1.01962387734948,0,0,0,0,0,0,0,0,0,0,0,0.321900029762122,5.83039653771072,2.79217415047217,0,0.119188517265118,0.409675640644508,0.119188517265118,0,0.225671997667568,5.88957899940755,1.66842306745512,0,0,0,0,0,0,0,0,0,0,0,0.225671997667568,0.119188517265118,3.89130350223349,0,0,0,0,0,0.69945634975321,0,0.119188517265118,0,0,0,0.119188517265118,0.119188517265118,0.119188517265118,0.119188517265118,0,0,0,0,0,0,0,0,0,0.119188517265118,0,0,0.119188517265118,0,0.119188517265118,4.9779551698975,0,0.119188517265118,0,0.225671997667568,0,0,0.119188517265118,0,0,4.03323195216046,0,0,0,0,0,0
"ola_mES_a2i_3_10.counts",0,0,0,2.47270638152358,4.21233770065561,4.13161422379437,2.57923583011156,2.08637552960798,0,3.29657506905657,3.56314396233134,2.9506819067119,2.63923667075899,0.504610891954542,4.57563119559812,2.76518844938292,4.65736600165341,0.160442090721626,0,4.74484089368121,0,1.42129480410692,2.3396611248245,0,2.04091645704277,0,5.08733494946733,0,5.29181027553652,0.00495995858491812,0.00495995858491812,0,0,0,0,2.38783244909413,0,2.60123838461701,0.86806376834952,0,0,0.00495995858491812,0,1.46014081045004,0,0,1.70924241088057,0,0,0,0,0,0.810059688497228,0,1.5217080089851,1.12441415519752,0,0,0,0,0.00495995858491812,0.00495995858491812,0.00989543734962823,0.0148066767476189,0,0,0.380093963566252,0,0.00495995858491812,0,1.52604117035585,0,0,0,0,0,0,0,0,0,0.00989543734962823,0,0,0.00989543734962823,0,0,0.00989543734962823,0,0,0,0,0,0,0.0293973108038002,0,0,0,0,0,0
"ola_mES_a2i_3_11.counts",0.558141574624723,0.0125885999903816,0,2.41459224874747,3.77017591412695,3.95201374421637,2.23248314183438,0,0,3.08021727920228,3.55936051601272,2.92906357045421,2.33322146180977,0.654809808681999,4.45791599626699,2.50028726530858,4.61802620749754,0.60764333055688,0,4.78096517458606,0,1.60244092980028,2.07377870126406,0,1.49194683547112,0,5.26687595899096,0,5.39945963103603,2.26982389982532,2.15186707842276,0,0,0,0,2.75092274073144,0,1.31810243054384,0.0373001295016038,0,0,0.173972255971237,0,1.29408244496683,0.0125885999903816,0,2.03149171575601,0,0,0.184561312749153,0.0373001295016038,0,0.358176261354348,0,2.04141016886654,1.57397389801025,0,0,0,0,0,0,0,0,0,0,0.904018825073639,0,0,0,1.19178040682484,0,0.0125885999903816,0,0,0,0,0,0,0.621347994886066,0,0,0,1.11171782241911,0,0.0125885999903816,0.0125885999903816,0,0,0.0494306064945269,0,0,0,0,0.0125885999903816,0,0,0,0,0
"ola_mES_a2i_3_13.counts",0,0.00380849830606318,0,2.31523450719096,4.15616824452171,4.39846036604013,2.52242132784705,0,0.00380849830606318,3.008745025729,3.1979457561542,3.16224791229814,2.19698373149124,0.0188990812377167,4.54966370387481,2.75888612296951,4.66097182800116,0,0.00760254696682938,4.78234476468417,0.233717394469767,1.15289577988509,2.27290537345989,0,2.0782498378392,0,5.04573813831306,0.00380849830606318,5.36875154844023,2.10649935968868,1.02726204437745,0.00760254696682938,0,0,0,2.35149353872333,0.00380849830606318,1.4417604852609,0.00380849830606318,0,0,0,0,1.62737498903185,0,0,1.15409977101986,0,0,0,0.0113822552134472,0,0.0411163752161351,0.366466549253733,1.43542316205794,1.88672408962343,0,0,0.00380849830606318,0.121983831010238,0.00380849830606318,0,0,0,0,0,0,0.026359825880404,0,0,1.7748566936448,0,0,0,0,0,0,0,0,0,0,0,0,1.21365709221743,0.00760254696682938,0.410450036168328,0.0113822552134472,0,0,0,0,0,0,0,0,0,0,0,0,0
"ola_mES_a2i_3_16.counts",0,0,0,2.38292152601236,4.32422446302086,4.23513332127189,2.56190644197768,0,0,3.28215145106061,2.94479685941802,2.90828801568784,2.43213919089505,0.0384860221181862,4.76159696267768,2.88211267489212,4.68916411069326,0,0,4.76334027984632,0,1.7138144233228,2.52908163563058,0,2.17729289820462,0.0013070188764321,5.04758981433825,0.00261233168414232,5.30090752214491,0.509464509536379,0.0013070188764321,0,0,0,0,2.21853226291932,0.0013070188764321,0,0.0129939458183395,0,0,0.0013070188764321,0,0.729365342313411,0.00261233168414232,0.0013070188764321,1.47425349705753,0,0,0,0,0,0.00261233168414232,0,1.26261673034167,1.70410583909726,0,0,0,0.0397437257175048,0,0,0,0,0,0,1.7935017817169,0,0,0,1.6179290946475,0,0,0,0,0,0,0,0,0,0.0013070188764321,0,0,0,0,0.0168594318839168,0,0,0,0,0.00261233168414232,0,0,0,0,0,0,0,0.0013070188764321,0
"ola_mES_a2i_3_17.counts",0,0.00416993915664055,0,2.86681110303444,4.16170907411485,4.26709360097659,2.71461194233209,0.00416993915664055,0,3.14725866652429,3.58225061201682,3.00634633361678,2.37362529785295,0.45265044662387,4.68466676917695,2.85941569949833,4.7619527635666,0.519459767080116,0,4.71132352761197,0,1.44123563683591,2.23123148723273,0,2.32497741846285,0,5.04590098366526,0,5.23641208951414,1.64696129875854,0.00832256210326566,0,0.00416993915664055,0,0.774736718696356,2.52936979758887,0,0.00416993915664055,0,0,0,0,0,2.16394607409294,0,0.00416993915664055,1.10745409886762,0,0,0,0.00416993915664055,0,0.0165764304811325,0,1.81750006674382,0.645408646158424,0,0,0.00832256210326566,0,0,0,0,0,0,0,0,0.00832256210326566,0,0,1.49137570429663,0,0,0,0,0,0,0,0,0,0,0,0,0,0,0.00416993915664055,0,0,0.0124580120609263,0,0,0.11810241887811,0,0,0,0,0,0,0,0
"ola_mES_a2i_3_18.counts",0,0.00751869108391588,0,2.7995619381615,4.282031316051,4.48526250567167,2.39719177966874,0,0,3.04773374715306,3.58119185326861,2.95253112012862,2.56493194109276,0.0621761075446306,4.6103830803742,2.46776241673555,4.61801185084739,0,0,4.73634524054361,0,2.13626880107134,2.38127451613235,0,2.36828506368742,0,5.06369817709912,0,5.23850853445782,1.41785185962264,0.00376641186476554,0,0,0,0,2.45811915596264,0,0.664427915621717,0,0,0,0,0,1.5725240777189,0,0,1.11358117030487,0,0.00376641186476554,0,0,0,0.961288520438337,0,1.88819649406016,1.69611936701541,0,0,0,0.00376641186476554,0,0,0,0,0,0,0.00376641186476554,0,0,0,1.32901108057499,0,0,0,0.00376641186476554,0,0.00376641186476554,0,0,0,0,0,0,0.00376641186476554,0,0,0.0149812730569377,0,0,0,0.00376641186476554,0,0,0,0,0,0,0,0,0
"ola_mES_a2i_3_2.counts",0,0,0,1.70381692557646,4.31610893009699,4.3850241728422,3.05026227554749,0.163499083010326,0,3.2341137672748,3.22689587856926,2.93133025064503,2.49983313756735,1.0747283207071,4.66887613231021,2.28913623546376,4.71634122091786,0,0,4.72552600940109,0,2.3953128007247,2.68930733030918,0,2.05779219977063,0.00492187532293456,4.96146871765928,0,5.28031177909103,1.49486607160368,0.691480564946253,0.00492187532293456,0,0,0,2.6359599722448,0,0.00981964438874111,0.00492187532293456,0,0,0,0.00492187532293456,1.02464663353052,0,0,1.48708976669112,0,0,0.0243706468513643,0.00492187532293456,0.00492187532293456,1.35621149164201,0,1.76899080951283,1.61661574124072,0,0,0,0,0,0,0,0,0,0,0.360602093680901,0,0,0,1.31600767869487,0,0,0,0.00492187532293456,0,0,0,0,0,0,0,0,0.00981964438874111,0,0,0,0.00492187532293456,0,0,0,0,0,0,0,0,0.196467969869459,0,0.00492187532293456,0
"ola_mES_a2i_3_20.counts",0.00393682696703391,0.0078582160837842,0,2.70061522261469,4.00900658400615,4.48182963137604,2.40606653671842,0,0.898351746072525,3.18447990793404,3.37037385033823,3.07609389569781,1.93681211669951,0.775437595101306,4.67174913090809,2.61260410791027,4.78795420433453,0.880523419621426,0,4.69025090286746,0,1.90913686069663,2.48338287906931,0,2.23122266445316,0,5.00392576211642,0,5.30564928492042,1.98726594030255,0.0386877485524595,0,0.00393682696703391,0,0,2.40143196714468,0,0.00393682696703391,0.00393682696703391,0,0,0,0,0.0904530163057997,0,0,1.86307641801434,0,0,0,0,0,1.17573538560711,0,1.82501846051708,0.732760454717666,0,0,0,0.00393682696703391,0,0,0,0,0,0,0,0,0,0,1.43579955460444,0,0,0,0,0,0,0,0,0,0,0,0,0,0.00393682696703391,0.00393682696703391,0,0,0,0,0,0,0,0,0,0,0,0,0,0
"ola_mES_a2i_3_21.counts",0.869991532744052,0.0128783122029624,0,1.03021269703181,4.17145885047226,4.24107616142567,2.5520929162624,0.00645988732386922,1.15406816471071,3.38601309956865,3.29874850184546,3.22346715318659,2.28709457679665,0.309632871839011,4.76896221565183,2.619930347122,4.65418203057747,0,0,4.74755324411773,0,1.6309695441199,2.13757367116912,0,2.06053937209211,0,5.03483754313414,0,5.30400110955398,2.16099214066145,0.00645988732386922,0,0,0.36512509673287,0,2.19980205033832,0,0.785027266633779,0,0,0,0,0,1.30374124651696,0,0.0128783122029624,0.214941610126708,0.00645988732386922,0,0,0,0,0.785027266633779,0,2.37101302504224,1.72185285088265,0,0,0,0,0,0,0,0,0,0,0,0.00645988732386922,0.00645988732386922,0,1.89383076127482,0.00645988732386922,0,0,0,0,0,0,0,0,0,0,0,0,0,1.09514120507984,0,0,0,0,0,0,0,0,0,0,0,0,0,0
"ola_mES_a2i_3_22.counts",0,0.00377773777723829,0,1.96611384044178,4.50201084656407,4.52638489904747,2.14868185078064,0,0,3.27208599673674,3.45461785623735,3.12646895790693,1.6201026562779,1.58891452009169,4.86634118056976,2.60083407337779,4.58927323190689,0,0,4.6453902272889,0.048031277710939,2.42501951234158,2.44359871864843,0,2.12500638619791,0,4.93812031480656,0,5.16939578708343,2.12996647002867,1.13889623097433,0.889729253693958,0,0,0,2.34269173116255,0,0,0,0,0,0,0,0.0729694263909167,0,0,1.7339493980486,0,0,0,0.00377773777723829,0,0.00377773777723829,0,1.6342323424095,1.42560565259727,0.0623577085040213,0,0,0,0,0,0,0,0,0,0,0,0,0,1.40166804804101,0,0,0,0,0,0,0,0,0,0,0,0,0.658079989083029,0,0,0,0,0,0,0,0,0,0,0.0261492847460929,0,0,0,0,0
"ola_mES_a2i_3_24.counts",0.718711373259789,0,0,1.80016782544836,4.13555628782077,4.10528951169182,2.31680962207307,0,0.0103598883620602,3.02168060376456,3.384118586742,2.54853469351159,2.34115092812926,0.0408107476201819,4.59851736570211,2.79230607065963,4.60811574307967,0,0,4.71225002004637,0,1.96190498834374,2.27273238229858,0,2.09598031838039,0,5.16337478003792,0,5.38148780632751,2.79739829204547,0.911947114337628,0,0,0,0,2.40800215364944,0,2.43116147934944,0.247774441553793,0,0,0,0,1.80531781271176,0,0,0.932649472984543,0,0.0103598883620602,0,0,0,1.44425012038413,0,1.22846652014498,1.2643956242975,0,0,0.645004281017458,0,0,0,0,0,0,0.0103598883620602,0,0.0103598883620602,0.0103598883620602,0,1.78630343409899,0,0.0103598883620602,0,0,0,0,0,0,0,0.0206135490042175,0,0.0103598883620602,0.295392282862108,0,0,0.0103598883620602,0,0,0.197775275480933,0,0.0103598883620602,0,0,0,0,0,0,0,0
"ola_mES_a2i_3_25.counts",0,0,0,0.987280562653812,4.28535217739841,4.22408020606549,2.74882627922304,0,0,3.13262725871261,3.49689370462519,3.05058397193975,2.5254879637449,0.472295689746394,4.63214832449904,2.69158786309141,4.63594066454444,0,0.00226687044665289,4.82578714681049,0,2.10507846026363,2.45826589119667,0,2.19871222402242,0,5.06334152993327,0,5.22743092512213,3.02270042717725,0.00226687044665289,0,0,0,0,2.39451221477041,0,0.378913495351225,0.00226687044665289,0,0,0,0,0.397385874890668,0,0,1.1282215241247,0,0.00226687044665289,0.00226687044665289,0.00226687044665289,0,0,0,2.1656927214101,1.84830900404542,0,0,0.00226687044665289,0,0.00226687044665289,0,0,0,0,0,0,0,0,0,1.37837049906965,0,0,0,0,0.00226687044665289,0,0,0.00226687044665289,0,0,0,0,0.0268690725093776,0,0,0,0.00226687044665289,0,0.233691914671126,0,0.00226687044665289,0.00226687044665289,0,0,0,0,0,0,0.0334750326264112
"ola_mES_a2i_3_26.counts",0,0,0,3.19950859836316,4.23938253854601,4.41373860418074,2.60174647431429,0,0,3.23108516654115,3.16316491776118,3.0433574676221,2.36913168738786,0.849418577774295,4.7499791877404,2.29405907058094,4.64026074488837,0,0,4.71205828362994,0,2.39864106714101,2.42429399969372,0,2.4685273546901,0,5.01346470996028,0.00339952530116073,5.19514971588685,0.133676533440099,0.730480554235646,0,0,0,0,2.48880125770752,0,0.310691461238248,0.151393933397901,0,0,0,0,0.930507165243491,0.00339952530116073,0,1.14267048773705,0,0,0,0,0,0.0135293057672929,0,2.0977413485688,1.05887878595502,0,0,0,0,0.00339952530116073,0,0,0,0,0,2.16599114422656,0.0101641007971695,0,0,1.62186736915168,0,0,0,0,0,0.0101641007971695,0,0,0,0,0.235557536980314,0.0135293057672929,0,0,0,0,0,0.00678753297346453,1.13065057377876,0,0,0,0,0,0,0,0,0,0.103431591413791
"ola_mES_a2i_3_28.counts",0,0.00767137698621664,0,2.26382854259645,4.41758999535596,4.38351071126523,2.41371725940329,0,0,3.14355847097586,3.38154681973008,2.76929599512453,2.77890750133921,0.450989581653116,4.83608325347907,3.10794733303472,4.60885892260563,1.20859239842792,0,4.70156037881762,0,2.35506559404886,2.5794960322315,0,2.16460326593482,0,4.9279130274302,0.00256367011659654,5.21554134865439,1.42426255206711,0,0,0,0,0,2.56142999199816,0,0,0,0,0,0,0,0.452623392749379,0,0,2.47906562171182,0.00256367011659654,0,0,0,0,0,0,0.547552687628446,0.887807399838304,0,0,0,0,0,0,0,0,0,0,0,0.00256367011659654,0,0,1.46719367123703,0,0,0,0.00256367011659654,0,0,0,0,0,0,0,0.00256367011659654,0.00512078463154484,0,0,0,0.00256367011659654,0.00256367011659654,0,0,0,0,0,0,0,0,0,0,0
"ola_mES_a2i_3_29.counts",0,0,0,2.9332566189818,4.23108768574497,4.39119246348066,2.84526959484103,0,0.0383305241875395,3.66587751485513,3.33344479584306,2.91197495213976,1.78055867333294,0.0241281944463585,4.68164242624891,2.82693484145582,4.65055432039818,0,0,4.72643695456762,0,2.02958622559304,2.16865848023189,0,2.12120030194887,0,4.92980230082989,0,5.21906087797623,3.02236202690037,0,0,0,0,0,2.47566464749398,0,0.00487243730226498,0.0169506665217898,0,0,0,0,0.555273627521646,0,0.00487243730226498,1.2508894707392,0.46282882350426,0.00243918622885504,0,0,0,0,0,1.92516910241585,1.82168565868637,0,0,0,0,0.00243918622885504,0,0,0,0,0,0,0.00243918622885504,0.00243918622885504,0,1.56044339156825,0,0,0,0,0,0,0.00243918622885504,0.00243918622885504,0,0,0,0,0.513778232046835,0,0.00243918622885504,0,0,0,0,0,0,0,0,0,0,0,0.00487243730226498,0,0
"ola_mES_a2i_3_3.counts",0.143636864457429,0,0,1.11826154993041,4.14194259389863,4.41062102915811,2.88442638924323,0.363010031796122,0,3.19906256621785,3.47601450031857,3.20888763706401,2.26856031697391,0.946059614175568,4.73281677768952,2.84480526433085,4.6181796398117,0,0.00513561695509509,4.68420610029766,0,2.11947689804644,2.5349462989464,0,2.1671705470215,0,5.06826923775652,0,5.26779799029216,1.63798758549013,0.606559321900131,0,0,0,0,2.77859317775645,0,0.623262612926822,0,0,0,0,0,0.707920204088283,0,0.00513561695509509,0.710453653288508,0,0,0.139166963979596,0.0102449940491785,0,0,0,1.48120121284179,1.07878628542486,0,0.00513561695509509,0,0,0,0,0,0.0254183337754504,0,0,0.00513561695509509,0,0,0,1.61674718299479,0.0102449940491785,0,0,0,0,0.00513561695509509,0,0,0,0,0,0,0.00513561695509509,0,1.05037624215643,0,0,0,0,0,0,0,0,0,0,0,0,0,0
"ola_mES_a2i_3_30.counts",0,0,0,1.92221392510758,4.41669118588244,4.49308826771214,2.56984643507795,0,0,3.34276548069221,3.43063557697899,3.16113176439741,2.26780143528819,0,4.59122854050555,2.67348736661493,4.61277306068355,0,0,4.66397814352014,0,1.8720290099334,2.40322664581928,0,2.33102089993226,0,4.95805027577329,0,5.25403363289702,2.43303454038646,0,0,0,0.614199434407249,0,2.44884502856605,0,0,0,0,0,0.00259045356019832,0,0.472723752847599,0,0,1.70903119338615,0,0,0,0,0,1.79492538720067,0,1.56806166132102,2.08308859108638,0.00259045356019832,0,0,0.0431502886229729,0.00259045356019832,0,0,0,0,0,0,0,0,0,1.83752929721452,0,0,0,0,0,0,0,0,0,0,0.00259045356019832,0.00775131583278226,0,0,0,0,0,0.00259045356019832,0,0,0,1.35226226064195,0,0,0,0,0,0.00259045356019832,0
"ola_mES_a2i_3_31.counts",0.0373210711459758,0.00946165890253106,0,2.97210751527183,4.11934238161621,4.25200047598007,2.69807128994669,0,0,3.29638140850178,3.39083736241867,3.07118507973051,2.30190561835536,0.21705894040562,4.6611492943793,2.59570708858572,4.78291261898129,0,0.00474201978317288,4.78918014761325,0,1.98107932129988,2.54665772371416,0,1.99151387420808,0,4.98619981757957,0,5.20705872404242,1.05362866539247,0,0,0,0,0,2.61013948180057,0,2.29665971969628,0.213225770399247,0,0,0,0.00474201978317288,1.14993560749627,0,0.00474201978317288,1.39440965473972,0,0,0,0,0.00474201978317288,0.463360888811137,0,0.529882266985257,1.48989330501628,0,0.00474201978317288,0,0,0,0,0,0,0,0,0,0,0,0.0234883802432139,1.43935425524902,0,0,0,0,0,0,0,0,0,0,0,0,2.43028787384302,0,0,0,0,0,0,0.00946165890253106,0,0,0,0,0,0,0,0,0
"ola_mES_a2i_3_33.counts",0,0,0,2.15952637501423,4.31528623744406,4.24546762272395,2.47282154183792,0.0926257025263383,0,3.38597777267657,3.25853637042311,2.79027747529299,2.37653172954614,0.0205833522088528,4.70508998462263,2.39755490605623,4.70590514647676,0.00690829943937261,0,4.83431309113637,0,2.07093254062741,2.47223666235906,0,2.10698008724915,0,5.08395698247089,0.00690829943937261,5.21785199896175,2.38932573027156,0,0,0,0,0,2.50334060998413,0,1.22741920879868,0.342880793791271,0,0,0,0,1.16237323276406,0,0,1.34243245073062,0,0,0,0,0,0.00690829943937261,0,0.546896822217813,1.55235958288005,0,0,0,0,0.0137692015255019,0,0,0,0,0,0.00690829943937261,0.00690829943937261,0.00690829943937261,0,1.20481956261597,0,0,0.00690829943937261,0,0,0,0,0,0,0,0,0,0.00690829943937261,0.00690829943937261,0,0,0.0205833522088528,0,0.898438535328076,0,0,0,0,0,0,0,0,0,0
"ola_mES_a2i_3_34.counts",0,0.00458876376502253,0,3.32396615906011,4.34364270061905,4.01521320090621,2.47792048364964,0,0,3.548568617655,3.30093012754033,3.01349794940443,2.06673140857539,0.100554667110517,4.72651283482222,2.80542876528066,4.61567137133064,0,0,4.69821091893722,0,2.26852112496877,2.62649092304737,0,2.76150063440788,0,5.00865022607655,0,5.20951962921336,2.56756823849342,0.00229701397431347,0,0,0,0,2.5296300679279,0.00229701397431347,0.339851610980404,0.155185645468949,0,0,0,0.00229701397431347,1.78048921671335,0,0,1.47136947235557,0,0,0,0,0,0.00458876376502253,0,0.977593007959672,1.72551386393308,0,0,0,0.00229701397431347,0,0,0,0,0,0,0.00229701397431347,0,0,0,1.52882564823095,0,0,0,0,0,0,0.00458876376502253,0,0,0,0.00229701397431347,0,0.00229701397431347,0,0,0,0,0,0,0,0,0,0,0.00229701397431347,0,0,0,0,0
"ola_mES_a2i_3_37.counts",0,0.0129951278408816,0.00435049999015491,3.13570309388756,4.21777163345854,4.05566095281426,2.55031807962885,0,0,3.1364609052057,3.26943917585538,2.90070869937232,1.94206974134877,0.0592492577563504,4.8179527026127,2.63291366225995,4.58737488957357,0,0.00435049999015491,4.75060573524653,0,2.04759537202903,2.3996417013809,0,2.17524695169633,0,5.07093892562764,0.00435049999015491,5.3244289208165,2.51534050731757,0,0,0.00435049999015491,0.00435049999015491,0.00868215508526708,2.19777087855646,0,1.72738729160514,0,0,0,0.00868215508526708,0,1.50043114523379,0.0129951278408816,0.0215656661202683,1.13889297634393,0.00435049999015491,0.00435049999015491,0.00435049999015491,0,0,0.103458193348253,0,1.1499986642357,0.690180178884429,0,0,0,0,0.00435049999015491,0.00435049999015491,0.00868215508526708,0,0,0,0,0,0.00435049999015491,0,1.23972611033362,0,0,0,0.00435049999015491,0,0,0.00435049999015491,0,0,0.00868215508526708,0,0,0,0,0,0,0.00435049999015491,0,1.05294183077785,0,0,0,0,0,0,0,0,0,0
"ola_mES_a2i_3_38.counts",0.191357513677643,0,0,2.1416873015748,4.62016975936394,4.18865021692096,2.38847592905872,0,0,3.1992643633986,3.62889469974667,3.32139498699766,2.1798741489262,0.17631673359701,4.64840747519723,2.59955206937771,4.64733935880854,0,0,4.72254033652948,0.0754148651617257,1.85092456156678,2.65039839027897,0,1.75252967762281,0,5.02045811697273,0.00300821770489522,5.22135145740357,2.30760166737123,0,0,0,0,0,2.24001933968902,0,0.614966498810628,0.0149514032921724,0,0,0.00300821770489522,0,0.775629321159079,0,0,1.30899044073397,0,0,0,0,0,0.0267536310275342,0.383202985392535,1.96865905875559,0.618218941414114,0,0,0,0,0,0,0,0,0,0,0,0,0,0,1.53068077079396,0,0,0,0,0.00300821770489522,0,0,0,0,0,0,0,0,0,0,0,0.00300821770489522,0,0,0.00300821770489522,0,0,0.00600741317010794,0,0,0,0,0,0
"ola_mES_a2i_3_39.counts",0,0,0,2.32995304267428,4.38388185524436,4.62570668459165,2.64085093465211,0,0,3.32277725539569,3.34586003006493,2.91913936520352,2.55199591885282,0.0185465944702355,4.85297828645952,2.09513906911693,4.59488527863686,0,0,4.67037674037476,0,2.11948779257546,2.55257924751176,0,2.29076291447114,0,4.94023047271406,0.0018702151335433,5.1939501420731,0.814461986162978,0,0,0,0,0,2.2372658823966,0,0,0.859050785125623,0,0,0.0018702151335433,0,2.02130035893563,0,0,1.47679685780922,0,0,0,0.0018702151335433,0,0,0.0018702151335433,1.58909300206712,0.617138366378586,0,0,0,0,0,0,0,0,0.0018702151335433,0,0,0.0018702151335433,0,0,1.62474809849211,0,0,0,0,0,0,0.202643501177833,0,0,0,0,0,0,0,0,0,0,0.0018702151335433,0,0,0,0,0,0,0,0,0,0,0
"ola_mES_a2i_3_4.counts",0,0,0,2.52562335601765,4.25755164719774,4.23114137279686,2.36813920305075,0.533297416155383,0.159404788272081,3.46490223313812,3.50483866312502,2.9033281640059,2.73457948881073,1.17759711023481,4.62597243704319,2.37062606747785,4.49853654601008,0,0,4.74391855162307,0,2.02378062743652,2.74360035453642,0,1.99255463034902,0.00662464662382227,5.15033874434524,0.00662464662382227,5.29502359026907,1.27319535724787,0.00662464662382227,0.0326929058545978,0,0,0,2.61363346195667,0,0.873714703014303,0.0580988400536955,0.118925604434444,0,0,0,0.590141231723027,0,0,1.42802307761555,0,0,0,0,0,0.00662464662382227,0,1.48982338113572,1.70349774290887,0,0.00662464662382227,0,0,0,0,0,0,0,0,0,0,0,0.00662464662382227,1.51497442165078,0,0,0.0705637884230267,0,0,0,0,0,0,0,0,0,0,0,0.101062883128482,0,0,0,0.0132056959629663,0.00662464662382227,0,0,0,0,0,0,0,0,0
"ola_mES_a2i_3_40.counts",0,0.00209608967515364,0,2.33067917549965,4.49087473999742,4.55154560667256,2.87440960804648,0,0,3.23685123210528,3.53170874265524,2.76102282032192,2.39373009267851,0.369447764862313,4.53466703340888,2.64941594787846,4.67199752775118,0,0,4.78925797224009,0,2.28859470763074,2.73385812247978,0,1.88233974886503,0.00209608967515364,4.93708354281464,0.00627513411867194,5.20566780790887,1.08370317219318,0,0,0,0,0.00209608967515364,2.25879061291268,0,0,0,0,0,0.00209608967515364,0,1.27561255927131,0,0,1.87914033892205,0.00209608967515364,0,0,0,0,0,0,0.95831083585121,0.911353040247056,0,0,0,0.00209608967515364,0.00209608967515364,0,0,0,0.378111090672885,0,0.00209608967515364,0,0.00418779494688183,0,2.01216773172101,0,0,0,0,0,0,0,0,0,0,0,0,0.247774185721138,0,0.59329323732663,0,0,0,0.344486075108354,0,0,0,0,0,0,0,0,0,0
"ola_mES_a2i_3_41.counts",0,0.00233248225768493,0,2.19675119717509,4.49839997797272,4.2409699234104,2.6375610125389,0.00233248225768493,0,3.02367226294572,3.26519366777316,3.28637112662498,2.37333548207086,0.00233248225768493,4.71118913396261,2.22641916240902,4.64615233656468,0,0,4.70562891044908,0,2.11736218309462,2.56822477028236,0,2.11370198881357,0,4.93404604555522,0,5.2742653720645,2.61867416210033,0.525450495914378,0,0.00233248225768493,0,0,2.33429079342934,0,0.657215000465237,0.0677111128160786,0,0,0,0,0.106240967125783,0,0,1.39866187256357,0,0,0,0.00233248225768493,0,0,0,1.82838912238895,1.93032086988107,0,0,0,0,0,0,0.00233248225768493,0,0,0,2.05443791904689,0.00233248225768493,0,0,2.01786216827396,0,0,0,0,0,0.00233248225768493,0,0,0,0,0,0,0,0.00465953669971606,0.00698118852911239,0,0.00233248225768493,0.00233248225768493,0.05453071340916,0,0,0,0,0,0,0,0.00233248225768493,0,0
"ola_mES_a2i_3_42.counts",0,0,0.819690387855729,2.31811310806503,4.06478691116946,4.44287121005474,2.33527588385439,0.0302366193983924,0,3.11537563653552,3.61297492576625,3.22079402859074,2.22758152915306,0.0329406026588364,4.78849881708411,2.71406939903471,4.60418805311739,0,0,4.76029496538581,0,1.54886648811426,2.77470136380475,0,2.19641803186615,0,4.9638170210718,0.00278687562801615,5.22028341348173,2.57564710162418,0,0,0,0,0,2.28940293548933,0,2.47260425618174,0,0,0,0.0166059306104809,0,0.718872182542922,0,0,1.56065681820191,0,0,0,0,0,0.0329406026588364,0,1.51325244561029,1.10357680496579,0,0,0,0,0,0,0,0,0,0,0,0,0,0,1.92823281949683,0,0,0.00278687562801615,0,0,0,0,0,0.00278687562801615,0,0,0,0.00278687562801615,0,0.0329406026588364,0,0,0.00278687562801615,0,0,0,0,0.00278687562801615,0,0,0,0,0,0
"ola_mES_a2i_3_44.counts",0.00190781498647957,0.00190781498647957,0,2.23239798617726,4.41538071891868,4.39643226544197,2.80153820207098,0,0,3.27046903990161,3.29752158395114,2.75841714770891,2.34118057216933,0,4.6888872082493,3.11718440699436,4.57306852465227,0,0.00190781498647957,4.79808893477318,0,2.23485315000368,2.29126587697596,0,2.2342399239248,0.0038119971446011,4.95788170405487,0,5.2793055237762,0.703916617688144,0,0,0,0,0,2.10939461529511,0,1.04881141644897,0.682916666854599,0.0664868377244651,0,0,0.00190781498647957,1.84496597891025,0,0.00190781498647957,1.2554056833644,0,0,0,0,0,0.0319479967132747,0.368071392434112,2.00703243617083,1.54327003625378,0,0,0.00190781498647957,0,0,0,0,0,0,0,0.00190781498647957,0,0,0,0.966572935898505,0,0,0,0,0,0,0.00190781498647957,0,0,0,0,0.00190781498647957,0,0,0,0,0.00190781498647957,0,0,0.00190781498647957,0,0,0.0038119971446011,0,0,0,0,0.0038119971446011,0
"ola_mES_a2i_3_45.counts",0,0.0169314064035209,0,2.80182719254793,4.47471329707403,4.40210169086859,2.92135765733169,0,0,2.99726640202144,3.30831585202781,2.65560221738783,2.57148366195818,0.919054004215972,4.64221061087578,2.72901900564645,4.53890140546911,0,0,4.81416530817399,0,2.43390120183562,2.39962849106944,0,2.04426760402367,0,5.00023080774513,0.00425980290841707,5.24098862711954,1.43548124995846,0,0,0,0,0,2.56919738901287,0,0.196974777910318,0.0335809067282903,0,0,0,0,0.343457299521593,0.00850153683909203,0,1.03773479215739,0,0,0,0,0,0.780462847443621,0,1.19678769982568,1.84693867922895,0,0,0,0,0.00425980290841707,0,0.746645803968202,0,0,0,0,0.00425980290841707,0,0,1.82032962496906,0,0,0,0,0,0,0.00425980290841707,0,0,0,0,0.00425980290841707,0.0779872611937694,0.00850153683909203,0,0,0,0,0,0,0,0,0,0,0,0,0.00425980290841707,0,0
"ola_mES_a2i_3_47.counts",0.0177931139399931,0,0,2.68855945501849,4.49601341553927,4.23593990290322,2.6215063619758,0,0,3.05031632156446,3.38970111706447,2.88513521828921,2.48466490494049,0.0402144048853018,4.83373184611933,2.82446512980014,4.59108973920172,0,0.00256133903326091,4.69255962579171,0,2.07961880546789,2.57748601732984,0,2.02257202095384,0,4.95613655236171,0,5.27270130772888,0.400390545184225,0,0,0,0,0,2.24958189431777,0,0.361851547846864,0.00256133903326091,0,0,0,0,0.60762567117549,0,0,1.65619177094315,0,0.00256133903326091,0.948708284294793,0.00256133903326091,0,0,0,1.74377728331543,1.68940908432128,0,0,0,0,0,0,0,0,0,0,0.336530122129556,0.0597309798583341,0,0,0.74813049702463,0,0,0.248505931436628,0,0.00511613436594588,0,0,0,0,0,0,0,0.00511613436594588,0.00256133903326091,0,0,0,0.00256133903326091,0.182355323747694,0,0,0,1.54553729995413,0,0.00256133903326091,0,0,0,1.11569804284502
"ola_mES_a2i_3_49.counts",0,0,0,2.29743628694108,4.3348789394579,4.50522703965474,2.46817838782917,0,0,3.47114735801881,3.1928950293009,3.1528803752345,2.43555575525626,0.0775538576507257,4.685023940355,2.66372603332177,4.54615464610641,1.11200463801421,0.0024406685876473,4.73148629654745,0,1.68205176896115,2.30769974482714,0,2.31375930588755,0,5.03572570930992,0,5.26094128651578,2.13713524297269,0,0,0,0,0,2.46465194291812,0,0,0.170347956601124,0,0,0,0,0.299691077681208,0,0.00487539481253535,1.83436822694478,0.00487539481253535,0,0,0,0.00730420754046526,0.00487539481253535,0,1.74970375708837,0.984451504155873,0.0024406685876473,0,0,0,0,0,0,0,0,0,0,0.0024406685876473,0,0,0.851861940867037,0,0,0,0,0,0,0,0,0,0,0,0.0024406685876473,0.0024406685876473,0,0.541412792097435,0,0,0,0,0,0,0,0,0,0,0,0,0,0
"ola_mES_a2i_3_50.counts",0,0.00404086668680342,0,2.78201386269936,4.3654515201373,4.04124305090649,2.72422073340903,0,0,3.12249113247508,3.09738810725014,3.42227329653183,2.28471257792675,0.230427906093432,4.77134584084382,2.87163378562213,4.73221835709431,0,0,4.67509554344575,0.0435760820220158,1.87220948985622,2.63452487205473,0,2.39615635464489,0,5.01001889395605,0,5.22890211971465,1.84250693878725,0,0.00404086668680342,0,0,0,2.405332508931,0,1.07271138709906,0,0,0,0,0.00404086668680342,1.59155385553467,0,0.0120739417114547,1.75753282437848,0.100094255944015,0,0,0,0,0,0,0.715228012315321,1.67077357898764,0,0,0.00806547046423467,0,0,0.00404086668680342,0,0,0,0,0.00404086668680342,0,0.00404086668680342,0,1.00094170311008,0,0,0,0.00404086668680342,0,0,0,0,0,0,0,0,0.0627725927534332,0,0,0,0.0589626579427359,0.00806547046423467,0,0,0,0,2.02386885619161,0,0,0,0,0,0
"ola_mES_a2i_3_52.counts",0.389911936186761,0.0073093863231519,0,2.34930886652745,3.99487863735847,4.01400758008826,2.24459467093315,0,0,3.0030747957848,3.50932954409561,2.82237671820918,2.37283430021101,0.825853372737563,4.6734480344512,2.67707957501563,4.78234264311478,0.742139592827703,0,4.85257476859441,0.35452092849046,1.98105838576906,2.64790375233953,0,2.14408648886159,0,5.08537168378067,0,5.25820577241786,2.42350130051221,0.851226509712745,0,0,0,0,2.5696043073509,0,0.579401420665537,0.796517249042985,0,0,0,0,1.28822583398264,0,0,1.67166148861776,0,0.61967894305664,0,0,0,0.541710252993763,0,1.61930173090532,1.53127430859901,0,0,0,0,0.0073093863231519,0,0,0,0,0.0073093863231519,0.646938030264883,0,0,0.0073093863231519,1.44344207632851,0,0,0,0,0,0.0073093863231519,0,0,0,0.0776069584344549,0,0.0073093863231519,0.537433287733922,0,0,0,0,0,0,0,0,0,1.47077967368541,0,0,0.0145657329709282,0.0073093863231519,0,0
"ola_mES_a2i_3_54.counts",0.11667271776349,0.000937072821962217,0,2.8897412907015,4.31534426469508,4.22039311028416,2.63640944048922,0,0,2.63446040419796,3.50059312028322,3.00972440295662,2.71638163035228,0.252219655042973,4.74690757621612,2.09668623977381,4.68574564509054,0,0.00467660766304852,4.83889292609115,0,2.33805430098057,1.96633635300947,0,2.75152071168444,0.00187326836046512,4.96364594089917,0.000937072821962217,5.29078453063131,0.423227584254596,0,0,0,0,0,2.23712424733411,0,0,0,0,0,0,0,0.29150612863442,0,0.00187326836046512,2.01224389166593,0,0,0,0,0.000937072821962217,0,0,1.71019831120586,1.51273048279094,0,0,0.000937072821962217,0.000937072821962217,0.000937072821962217,0,0,0,0,0,0,0.00187326836046512,0.000937072821962217,0,1.2541996775698,0,0,0,0,0,0,0,0,0,0,0,0,0,0,0.0766725930659976,0,0,0.00280858825659031,0,0.000937072821962217,0,0,0,0,0,0,0,0.000937072821962217,0
"ola_mES_a2i_3_56.counts",0,0.0072714636750406,0,2.53341632425603,4.16439340236547,4.20446199889226,2.55235493105259,0,0.609366563051515,3.14338321161203,3.22959348432648,3.25059861051021,2.46229095509682,1.12490362726646,4.66436313332549,2.60791634690681,4.52398906871206,0,0,4.84049757455232,0,2.02876099255655,2.52058834326382,0,2.31835469935783,0,5.04027624820959,0,5.33070552642229,2.64719860202215,0.0036423410959567,0,0,0,0,2.69268339312082,0,1.14484449086119,0,0.0036423410959567,0,0.0036423410959567,0,0.324358561808148,0,0,1.2023867941849,0,0,0.0036423410959567,0.0036423410959567,0,0.01449043463535,0,0.390701124926143,1.82510543064203,0,0,0.0036423410959567,0.0036423410959567,0.0072714636750406,0,0.0036423410959567,0,0,0,0.0036423410959567,0.0108874633337662,0.0323131050154169,0,1.56908242271834,0,0,0,0.0036423410959567,0,0,0,0,0,0,0.0072714636750406,0,0.0498236820365539,0.0036423410959567,0,0,0.01449043463535,0.0036423410959567,0,0,0,0,0.188959478158253,0,0,0,0,0,0
"ola_mES_a2i_3_58.counts",0.3762533276731,0.0290460581500685,0,2.59912212819031,4.06726002266762,3.94444464558121,2.8599192516419,0.568871242593008,1.05994372849821,3.36724094956734,3.53995784224358,2.84289555010754,2.41961434359678,0.345437730087759,4.46522257482511,2.06641330361204,4.53935644313741,0,0,4.85669952398626,0.957902617852219,1.78113009382996,2.30442687004137,0,2.04947526116645,0,5.2565393005966,0.0146284845547865,5.32647992377759,2.76062269543366,0,0,0,0,0,2.56570627484978,0,0.812067516257995,0.490815668867908,0,0,0,0,1.45194000226063,0.0146284845547865,0,0.899699635034895,0,0,0.0146284845547865,0,0,0,0,1.08515163107571,1.44153628241191,0,0,0,0,0,0,0,0,0,0,0,0,0,0,1.04967991194372,0,0,0,0.0146284845547865,0,0.0146284845547865,0,0,0,0.0290460581500685,0,0.0146284845547865,0,0,0.0432587162027882,0,0,0,0,0,0,0,0,0,0,0,0.0146284845547865,0,0.0432587162027882
"ola_mES_a2i_3_59.counts",0,0.00672999868364416,0,3.22422690441545,4.38579420113686,4.4031753033451,2.61925218452497,0,0.145830605793889,3.14311094829635,3.36508315656834,2.92611011812542,1.9004862713351,0.0250073045838598,4.76182331029695,2.09794637925759,4.58911844332337,0,0.00168675063943683,4.76021986282521,0,2.28775410297152,2.74082237962834,0,2.23263312005004,0,4.94270921345763,0,5.27065879534938,1.40383671835896,0.00168675063943683,0,0,0.00168675063943683,0,2.44546338802997,0,0.850326195529208,0.00168675063943683,0,0,0.00337066094142273,0.00168675063943683,0.909831898061686,0,0.00337066094142273,1.84068714313284,0,0.00168675063943683,0.00168675063943683,0.00168675063943683,0,0.0167408271533009,0,1.36536809566815,1.13523529684078,0.0167408271533009,0,0,0,0,0,0,0,0.00337066094142273,0,0,0.00505174045562843,0.00337066094142273,0,1.09539282846059,0,0,0,0.00168675063943683,0,0,0,0,0,0,0,0,0,0,0,0,0.00672999868364416,0,0,0,0,0,0,0,0,0,0,0,0
"ola_mES_a2i_3_6.counts",1.4180062964556,0.00204026741141337,0,3.11713161936539,4.24584812345621,4.28590263531075,2.74915083139634,0,0,3.23883990493211,3.45820247132889,3.00821369218842,2.54806282132207,0.501689842457551,4.69830776898454,2.78760413350006,4.58352211794183,0,0,4.75782998309147,0,1.81392341351158,2.09075725202262,0,2.20151428356289,0,5.00318478143363,0.004076380605992,5.2715887347319,0.865647338562904,0.124650742220435,0,0,0,0,2.52232963193335,0,1.09228553959731,0.0380706802829796,0,0,0,0.00204026741141337,0.165282899166648,0,0,1.56238370875232,0,0,0,0,0,0,0,1.25504778849903,1.8702374557542,0,0,0,0,0,0,0,0,0.00204026741141337,0,0.00204026741141337,0.00204026741141337,0,0,1.28374198819667,0,0,0,0.004076380605992,0,0,0,0,0,0,0,0,1.61938436079227,0,0,0,0,0,0,0,0,0,0.869078956711113,0,0,0,0,0,0
"ola_mES_a2i_3_62.counts",0,0,0,1.85707925935483,4.36509258588099,4.45772344503357,2.54824731752728,0,0.0184821668931413,3.07951871400637,3.46291034853355,3.028038404055,2.45583037665466,1.45576699214882,4.4934492435765,2.55079747408625,4.44187165359273,0.0138935505209129,0,4.77413964144491,0,2.04019765063904,2.55479176974031,0,1.66853948134777,0,5.08602935080675,0,5.33188969754475,1.94351824383655,0.220873580840748,0.00465266436177099,0,0.00928378165048822,0,2.34554244469648,0,1.1562069904652,0.924378961058794,0,0,0,0,0.72429651178908,0,0,1.42371760687157,0,0,0,0,0,0.955350720561562,0,1.92328052356066,1.26194443582892,0,0,0.00465266436177099,0,0,0,0.00465266436177099,0.00465266436177099,0,0.00465266436177099,1.84314871062402,0.00465266436177099,0.00465266436177099,0,1.71994569928639,0,0,0,0,0,0,0,0,0,0,0.00928378165048822,0,0,0,0,0,0.00465266436177099,0.00928378165048822,0,0,0,0,0.00465266436177099,0,0.00928378165048822,0,0,0.00465266436177099,0
"ola_mES_a2i_3_64.counts",0.352263213288522,0.00379713165595411,0,2.252378651151,4.34764527546311,4.09208711451549,2.40149599779957,0.894312146411541,0,3.18094870927324,3.45057451153377,3.22228357894565,2.0257144084403,0.973534021385245,4.70298764127346,2.71411921440432,4.67393603375765,0.00379713165595411,0.00379713165595411,4.82029963610376,0,0.926456606767735,2.7630671376704,0,2.16507110427808,0,5.03417897039543,0,5.30227474262473,1.84588435477094,1.50238556696955,0.00379713165595411,0,0.00379713165595411,0.00757989962670643,2.50920201554333,0,0.138343237230555,0,0,0,0,0,0.322398659187095,0,0,0.84652147169718,0,0,0,0,0,0.00379713165595411,0,1.4475585804882,0.683865373840772,0,0,0,0,0.00379713165595411,0,0.0188430979464128,0,0,0,0,0.00379713165595411,0.0188430979464128,0,1.39427911427584,0,0,0.00757989962670643,0,0,0,0.0113484121719704,0.00379713165595411,0,0,0,0,0.170934591340012,0.00379713165595411,0,0.0373376903557064,0,0,0,0,0,0,0,0,0,0,0,0,0
"ola_mES_a2i_3_65.counts",0,0.00134682694510317,0,2.89285733259751,4.60401567052752,4.38597956685696,2.89173638074129,0,0,3.21830077000267,3.51841954267975,2.99169887221091,2.82559139402965,0,4.52509784793647,1.91443835006647,4.48950266327714,0,0,4.73120389544839,0.224763293667728,1.9164232708827,2.18382437109334,0,2.43554390526503,0,4.95207078558716,0,5.25506139440273,1.77203988587267,0.890085167849329,0,0,0.00938991668889386,0,2.29448293448235,0,2.7669468885159,0,0,0,0,0,0.479901103497496,0,0,1.3842848932156,0,0.00269184238689429,0,0.00134682694510317,0,0.00269184238689429,0,0.873343574611945,1.11599348181773,0,0,0,0,0.00134682694510317,0,0,0,0,0,0.00134682694510317,0,0,0,1.31907060605791,0,0,0,0,0,0,0,0,0,0,0,0,0.279227813246793,0,0,0,0.00269184238689429,0,1.38056425571231,0.00134682694510317,0,0,0.00403505119182923,0,0,0,0.00134682694510317,0.00134682694510317,0
"ola_mES_a2i_3_66.counts",0.00501593608022311,0.0100068380628932,0,2.88119319116389,4.56297618867529,4.17860542647106,2.71768856464543,0,0,3.51497509231417,3.10214282481312,3.30685916458562,2.5225263787334,0.157832683954777,4.7149449757642,2.72331703831652,4.44397200175043,1.36392678471809,0,4.75096519042647,0,2.17922908093486,2.6818601848893,0,1.9114227126984,0,4.98407406305059,0.00501593608022311,5.22371630215875,1.22484564131683,1.25826125674847,0,0,0,0,2.41707012195232,0,0.496921039064249,0.0680319594018645,0.0149729545935312,0,0,0,0.527056054068806,0,0.00501593608022311,1.71756381617601,0.00501593608022311,0,0,0.0149729545935312,0,0.796112503580079,0,0.846967359063986,0.93166486425178,0,0,0,0,0.00501593608022311,0,0,0,0,0,1.96004060186445,0.00501593608022311,0,0,1.39306619098542,0,0,0.00501593608022311,0,0,0,0,0,0,0,0,0,0,0,0.00501593608022311,0,0,0.0100068380628932,0.00501593608022311,0,0,0,0.166384678436295,0.0149729545935312,0,0,0,0.00501593608022311,0
"ola_mES_a2i_3_67.counts",0,0,0,2.65558710964794,4.37509496097359,4.23182570836488,2.6573469126422,0,0.121271215206079,3.22540758213148,3.36071255563426,3.01433183920286,2.20564436162305,0.0106869451396049,4.70700744575867,2.36473116515192,4.57041795746786,0,0,4.84662078417458,0.0177486476075421,1.47150572484576,2.3965301466983,0,2.1374747072653,0,5.05578572681517,0,5.30282727158627,0.585046711172995,0.906460285389227,0,0,0,0,2.46823148891911,0.0824588965637598,0.052327967850333,0.00357502016332057,0,0.00713730507274692,0,0.00357502016332057,0.243549290104009,0,0.00357502016332057,1.4423058149286,0,0,0,0,0,0.00357502016332057,0,1.35477242173445,2.20169056678477,0,0,0,0,0,0,0,0,0,0,0.00357502016332057,0,0,0,1.10878177120588,0,0,0.0247608319119353,0,0,0,0,0,0,0,0,0,0,0,0,0,0.00357502016332057,0.00357502016332057,0,0.00357502016332057,0,0,0.00357502016332057,0,0,0,0,0,0
"ola_mES_a2i_3_68.counts",0,0.0131085810103119,0,2.10788218996167,4.05041507034127,4.12072779990114,2.51666184243409,0,0,3.28825190765253,3.63127475988469,2.85881311393255,2.33621052578219,0.852659430564135,4.49155928053957,2.44605365417059,4.44897901549355,0.0131085810103119,0,4.86575429926037,0,2.15025562574844,2.22570316519954,0,2.16095439673176,0,5.23706157903084,0,5.41073253758912,0.123940705880764,0.667845273965387,0,0,0,0,2.48857578257132,0,0.449405199349422,0.575768980676455,0,0,0,0,1.05559074694846,0,0,1.36508793581281,0,0,0,0,0,1.17246167067085,0,1.00376250400703,0.701118020596948,0,0,0.0131085810103119,0,0,0,0,0.0131085810103119,0.0260475481246637,0,0,0.0131085810103119,0,0,1.91388200869983,0,0,0,0,0,0,0,0,0,0,0,0,0,0,0,0,0,0,0,0,0,0,0.0131085810103119,0,0,0,0,0,0
"ola_mES_a2i_3_69.counts",0,0.00277948586158471,0,2.79577029309207,4.50281022583834,4.33661506762104,2.70211223048247,0,0,2.82640143582497,3.26343752622829,2.78534779940262,2.76924572739018,0.0853216150821157,4.69867180437675,2.49985485349387,4.60637684803533,0,0,4.88966188545933,0.277696510697366,0.689970510434359,2.17716015077574,0,2.30105000995175,0,5.03301042930603,0.00277948586158471,5.24654447348033,0.966322427895268,0.552498138396602,0,0,0,0,2.32392371452633,0,0.366414461868627,0.0904200382256382,0,0,0,0,0.554098704698421,0.00831538777589204,0,1.32618656990733,0,0,0,0,0,0.011071888657121,0,0.56364867469725,1.29618309677857,0,0,0,0.0541728365846825,0,0,0,0,0,0,0,0,0.00277948586158471,0,1.81903438848382,0,0.00277948586158471,0,0.00277948586158471,0,0,0,0,0,0,0,0.00277948586158471,0,0,0,0,0,0,0,0,0,0,0,0,0,0,0,0,0
"ola_mES_a2i_3_7.counts",0.00340446722136577,0.00340446722136577,0,2.63269990981008,4.16765704075964,4.31757141157109,2.47904887241721,0.579060855776655,0.618411521955923,3.54733719981747,3.34955941122359,2.87376222299045,2.12093118035748,0.404063642710649,4.62952843651075,2.90542524433033,4.60011130456133,0,0,4.82051431687792,0,2.15074526757584,2.58577394640909,0,1.61560643996551,0,5.07334150517829,0.00679738335983456,5.30219468207213,1.46362616869105,0,0,0,0,0,2.30595965139652,0,0.0531276996675911,0.31108027439747,0.00340446722136577,0,0.00679738335983456,0,0.452937065627501,0,0,1.38825674932119,0,0,0,0,0,0.567527412024608,0,1.46520316754811,1.40847252631315,0,0,0.00340446722136577,0,0.419874891570351,0,0,0,0,0,0,0,0,0,1.62840353687928,0,0,0,0,0,0,0,0,0,0,0.00340446722136577,0,0,0,0,0,0.00340446722136577,0,0,0.00340446722136577,0,0,0.308578596969763,0,0,0,0,0,0
"ola_mES_a2i_3_71.counts",0,0.00141599359841653,0,2.95291064062429,4.33226382993572,4.24212804375274,2.98850490052661,0,0,3.08399205972595,3.2079203486452,2.82202438987819,2.77649818029074,0.00846604127013077,4.74099558863521,2.99809289371014,4.61363507511584,0,0,4.75434030711767,0,1.85121997617191,2.61225054647535,0,2.31337211185087,0,5.03991237240951,0,5.24589205684757,1.50060350681191,0.00846604127013077,0,0,0.425239450641013,0,2.37586088125161,0,0.367084528748091,0.02103221306586,0,0,0.00141599359841653,0.00141599359841653,0.0984332534939082,0,0.00141599359841653,1.00383843992181,0,0,0,0,0,0.0375451832646792,0,1.11341093993618,1.66754976222556,0,0,0,0,0.00141599359841653,0,0,0,0.00282998499373479,0,0.00141599359841653,0.00706000238367777,0,0,1.69913367852457,0,0,0,0,0,0,0,0,0,0,0,0.00565198376797141,0.00424197984015801,0,0,0.00141599359841653,0,0.00987010598666866,0,0.00141599359841653,0,0,0,0,0,0,0.00141599359841653,0,0.00141599359841653
"ola_mES_a2i_3_73.counts",0,0.00417833725347744,0,2.87699805711687,4.086148355018,4.46058166232886,2.62344691835474,0,0,2.74702449041974,3.23318983811879,2.70843533816553,1.79025797268748,0.331879847346479,4.54644393593375,2.88076291804046,4.51669972813409,0,0,4.89463530547463,0,1.68496190860694,2.48869227070795,0,2.22988427709818,0.00417833725347744,5.10753985981036,0.00417833725347744,5.30442916265624,1.34298625389566,1.05633480713942,0,0,0.0329478387910359,0.00417833725347744,2.25214868064381,0,2.61060596449478,0.257038961922311,0,0,0,0,1.45555377442374,0.00833928862364598,0,1.17689164868425,0,0.00833928862364598,0,0,0,0.0288882383633064,0,1.45261929910482,1.34298625389566,0.00417833725347744,0.00833928862364598,0.0530022549211153,0,0.00417833725347744,0,0.0124829981950227,0,0,0,0,0,0,0,1.78745847756742,0,0,0,0.00417833725347744,0,0,0,0,0,0.00417833725347744,0,0,1.43582596143721,0,0,0.285764646871792,0,0,0.0530022549211153,0,0,0,0,0.00417833725347744,0.00417833725347744,0,0,0,0.0919434364331845
"ola_mES_a2i_3_75.counts",0,0.0123471315418593,0,2.51407996246157,4.05377728524253,4.12312241877383,2.83513789090159,0,0,3.17660101768044,3.42866495231377,2.81784840599814,2.41866836890572,0.275207313430155,4.63676138826901,2.26146941668774,4.52788369356445,0,0,4.91061088547075,0,1.38481951597158,2.28323747854257,0,1.83043159849008,0,5.09898619456184,0,5.41266579807399,1.70877934337406,0.871900408121402,0,0,0,0,2.57692073034177,0,1.42296395476369,0.62242703703659,0,0,0,0,0.347972295423764,0,0,0.49079062195799,0,0.00619262210704544,0,0,0,0.419890051034855,0,1.65446105466742,0.699392275932646,0,0,0,0.00619262210704544,0,0,0.00619262210704544,0.0718945544260876,0,0,0.0184639945673676,0,0,0,1.53340404239302,0,0,0.00619262210704544,0.00619262210704544,0,0,0,0,0,0,0,0.0776588239447073,0.89754395665295,0,0,0,0,0,0,0.0123471315418593,0.877081995069027,0,0.0305866041264358,0.00619262210704544,0,0.241628279523192,0.0123471315418593,0,0
"ola_mES_a2i_3_76.counts",0.449808819007967,0.0210767802675554,0,2.15225810039771,4.0567644937371,4.05010753476061,2.84670740796253,0,0,3.45028480653919,3.55339300045231,3.0161143005023,2.29576133577756,0.507006978925825,4.6213436253959,2.63756213694361,4.75610696424004,0.752276310932467,0,4.69570685232387,0.00707506736410996,2.34595161021011,2.77938615345794,0,2.2277301240908,0.00707506736410996,5.03852695136899,0.379470189513535,5.29698313879514,1.78676507604418,0,0,0,0.00707506736410996,0,2.50060314099924,0,0.374600255567465,0.0280047984450998,0,0,0,0,1.66149758779023,0,0.00707506736410996,1.75412754927073,0,0,0.00707506736410996,0,0.00707506736410996,1.80210747026495,0,1.29622136277843,1.87764977418107,0,0,0,0,0,0,0,0,0.0141004296111827,0,0.00707506736410996,0,0,0,1.74424899881636,0,0,0,0,0,0,0,0,0,0,0,0,0.00707506736410996,0.0141004296111827,0,0.00707506736410996,0,0,0.329669516992872,0,0,0,0,0,0,0.445270411820831,0.379470189513535,0,0
"ola_mES_a2i_3_77.counts",0,0.00280058883352212,0,2.42637737407153,4.19795217945689,4.22727008977572,2.8523168433881,0.00280058883352212,0,3.0914339888554,3.23007224935294,3.07537726518946,2.51749850859962,0.222824907745757,4.65598630747247,2.86133960442348,4.64951475672213,0,0,4.74647337403983,0,2.15536998866836,2.28843141935895,0,2.53075692718491,0,5.04967549530423,0,5.2540936767508,2.01576569082176,0,0,0,0,0,2.30786827867755,0,1.54738252625069,0,0,0,0,0,0.964628866471233,0,0,1.96046412169701,0,0,0.00280058883352212,0.00280058883352212,0,0.793693677377127,0,1.31080561517682,1.20229542065056,0,0.00559335626865294,0,0,0,0,0,0,0,0,0,0.00280058883352212,0,0,1.49280350674669,0,0,0.0385119986548357,0.00280058883352212,0,0,0,0,0,0,0,0,0,0,0.00837834587047539,0.258104423697581,0,0,0,0,0,0,2.62180502971376,0,0,0,0,0,0.736279219417409
"ola_mES_a2i_3_8.counts",0,0.00145372528101914,0,2.86875480737846,4.22993621551736,3.97223405490933,2.3414634260404,0.179313395976066,0,3.08559548786472,3.37941894326722,3.06984754037597,2.60135794252904,0.0468910485718262,4.69841121877468,2.57887868100728,4.63122607162817,0,0.675988584219628,4.79096298056812,0,2.28682378606906,2.40830475903266,0,2.01741721286496,0.00145372528101914,5.06725313495728,0,5.37189557653793,0.135822231184337,0.350961141219528,0.00290534031219828,0,0,0,2.38245115209522,0,0.0043548512111994,0.0783192085041372,0,0,0,0,1.68275342084373,0.00145372528101914,0.00145372528101914,1.61883458133132,0,0,0,0.00290534031219828,0,0.00290534031219828,0,1.72640089051631,1.58958749730212,0,0,0,0.00145372528101914,0.00145372528101914,0,0,0,0,0,0,0,0,0,1.36081793196656,0,0,0,0,0.00145372528101914,0,0,0.00145372528101914,0.00290534031219828,0,0,0,0,0,0,0,0,0,0,0,0,0,0.00145372528101914,0.0969767644877595,0,0,0,0.00145372528101914,0.559165951170354
"ola_mES_a2i_3_80.counts",0,0,0,2.08630639642458,3.84361842365415,3.73956295721038,2.22404303281708,0,0,3.11777347672191,3.5717339820445,2.7617825293327,1.56311378771925,0.358156648846445,4.68076055054744,2.68084957517841,4.46584352489743,0,0,4.9127355614031,0.097621299062265,1.76475341271118,2.15754426506544,0,1.74703872246716,0,5.31246637006897,0,5.41107300811123,2.1763347906629,0.695615470449249,0,0,0,0,2.85216158378815,0,0.097621299062265,0,0,0,0,0,0.372389941124451,0.0203015559768164,0,1.21150603904793,0.0203015559768164,0,0,0,0,0,0,1.00914987744274,1.35886505019182,0,0,0,0,0,0,0,0,0,0,0,0,0,0,1.76475341271118,0,0,0.0401991463113646,0,0,0,0,0.0401991463113646,0,0,0,0,0,0,0,0.0788445781274975,0,0,0.427379810571781,0.0203015559768164,0,0,0.653837864453666,0,0,0,0,0,0
"ola_mES_a2i_3_81.counts",0,0,0,2.70674102669505,4.14902582527727,3.63940042555705,2.59623329665961,0.506035173629335,0,2.99403410782371,3.43816951825015,2.48341778474394,2.25791422100403,1.24908956530024,4.64979744209743,2.36800764383185,4.4208549108997,0,0,4.92732577434638,0,1.20242251862199,2.64417430102747,0,2.09582524097077,0,5.20958147200057,0,5.3990133382007,2.80004693485198,0,0.011292919724912,0,0,0,2.61552026525382,0,0.36666890242511,0.176527916611764,0,0,0,0,0.117717415711935,0.011292919724912,0,1.26524229153772,0,0.011292919724912,0,0.011292919724912,0,0.276110817471742,0,0.85986049940544,1.2620325517237,0,0,0,0,0,0,0,0,0,0,1.97892373584238,0,0,0,1.16061215654318,0,0.011292919724912,0,0,0,0,0,0,0,0.011292919724912,0,0,0,0.011292919724912,0,0,0,0,0.646345906269086,0,0,0,0.147554938248885,0,0,0,0,0.011292919724912,0
"ola_mES_a2i_3_82.counts",0,0,0,2.58765831857296,4.20780017270414,4.19850948817539,2.61507277557862,0.0023514815756537,0,3.07431181435905,3.09200038754547,2.83691456591241,2.45374153352054,0.0301462318053934,4.63312938053442,2.87707537114615,4.69176870737914,0,0,4.8103028626175,0,2.03787635852835,2.61816834650357,0,2.56745114575712,0,5.01705218158052,0.0023514815756537,5.34732414295804,0.00469744665510973,0.0023514815756537,0,0,0.686339114067784,0,2.4062839186136,0,0.0255670918241848,0.0813522607558726,0,0,0,0,1.39724500350056,0,0,1.6459344938445,0,0,0,0,0,0,0,1.65677096890817,1.30969176069426,0,0,0.00469744665510973,0,0,0,0.018658824201193,0,0,0,0.00469744665510973,0.0023514815756537,0,0,1.37010091478303,0,0,0,0,0,0,0,0,0,0,0,0,0.0023514815756537,0,0,0,0,0,0,0,0,0,1.80275590652899,1.28133503354907,0,0,0,0,0
"ola_mES_a2i_3_83.counts",0,0.0527464978468319,0,1.41118114680099,4.35532997633672,4.44521250921681,2.59986055078866,0.770097857236541,0,3.2164637756053,3.32962007813943,2.98812883183727,2.28390440555116,0.0739287044039614,4.71487681959521,2.74474547398875,4.6057547882248,1.11781682696293,0,4.77507177856747,1.3463898850334,2.20449595571266,2.32401692781458,0,2.32136271198342,0,5.00856161506102,0.00450337613049186,5.22436593919088,0.74255701103184,0.461693636571423,0,0,0,0.00450337613049186,2.40665408550771,0,1.26825910008102,0,0,0.00450337613049186,0,0,0.418089175056384,0,0,1.62001207791753,0,0,0.00450337613049186,0.00898656275139844,0.165973030516297,1.93140339868419,0,0.624117555354819,1.62357855541836,0,0,0,0,0,0,0,0,0,0,0.815044101406549,0,0.00898656275139844,0,1.59742870136792,0,0,0,0,0.00898656275139844,0,0,0,0,0.00898656275139844,0.00450337613049186,0,1.01205544408815,0.00898656275139844,0.00450337613049186,0,0.00450337613049186,0,0,0,0.00450337613049186,0,0.00450337613049186,0,0,0,0,0,0
"ola_mES_a2i_3_84.counts",0,0.00521217281386037,0,2.86802971613458,4.31010539928084,4.2021393379832,2.69647772392893,1.73274695235518,0.9182985497757,3.03598048009045,3.39413318929937,3.14883329005214,2.16724110193651,0.172379021031965,4.68611938861932,2.86416280315605,4.53360885148154,0,0,4.83441900720147,0.877855374888776,2.30194159249653,2.40707414379896,0,1.80920423417943,0,5.02504158553523,0.00521217281386037,5.23161781907653,1.27724956945889,0,0,0,0,0,2.23825188908573,0,2.40518944795626,0.12739911944891,0,0,0,0,0.581708649111064,0,0,1.35568170865776,0,0,0,0.00521217281386037,0,1.44085502178059,0,1.26993808818271,0.49956042742408,0.770165219781137,0.00521217281386037,0,0,0.00521217281386037,0,0.00521217281386037,0,0,0,0,0.00521217281386037,0.010397319685295,0,1.82533554702081,0,0,0,0,0,0,0,0,0,0,0,0,0.777396623880578,0,0.0898992367527815,0.00521217281386037,0,0,0,0,0,1.28450798076203,0,0,0,0,0,0,0.00521217281386037
"ola_mES_a2i_3_85.counts",0,0,0,2.08755693516956,4.27053059032803,4.22907439370423,2.61831798560483,1.28574377089725,0.488072193901982,3.10982096498236,2.99771019607849,3.11608822927673,2.47982809853355,0.633501753130611,4.75972687166403,2.44173109560106,4.6466282000831,1.05164313612782,0,4.77327676543785,0.998064945161819,2.33977144665768,2.58244426133437,0,1.92260064509531,0,4.96243410850496,0.00167638730939824,5.34968968145517,2.13865236395736,0,0,0.00167638730939824,0,0.00167638730939824,2.14633180284609,0,0.95961129944728,0.904115664147463,0,0,0,0.00167638730939824,0.150784400417135,0,0.00334996904695446,1.81001812498959,0,0,0,0,0.00167638730939824,1.16720796626812,0,1.69706348068804,1.21263503984782,0,0,0,0,0,0,0,0,0,0,0.00334996904695446,0.00835397434454132,0.00167638730939824,0.00167638730939824,1.43257779899257,0,0,0,0,0.00334996904695446,0,0,0,0,0,0.00167638730939824,0.00167638730939824,0.00835397434454132,0.00167638730939824,0.00502075458769077,0,0.00167638730939824,0,0,0.00334996904695446,0,0,0,0,0,0,0,0,0
"ola_mES_a2i_3_86.counts",0,0,0,2.78460988385345,4.22897274845868,4.20462759720175,2.73564597906542,0,0,3.07251565241845,3.19950072818026,2.92018576514682,2.72930473397306,0.388941663224719,4.5962430159211,2.48658528412031,4.6783944143642,0,0,4.82223764833515,0.00198722281547232,1.63035874104173,2.46888781995254,0,2.30269747640259,0,5.07102913444036,0.00397050440722135,5.33445384799994,2.16265848114325,0.00198722281547232,0,0,0.00594986037742716,0,2.29871159309141,0,0,0.270267558390822,0,0,0,0,0.908243961918944,0,0,0.940601199764366,0,0,0,0,0,0.446570722132284,0,1.74333748767141,1.28034851825492,0,0,0,0,0,0,0,0.0839042337524765,0,0,0,0.00792530623580508,0,0,1.24661310236002,0,0,0,0.00397050440722135,0,0.00198722281547232,0.0948190888445017,0,0,0,0,0,0,0,0,0,0.00198722281547232,0.00198722281547232,1.11085023820416,0.00397050440722135,0,0,0,0.0728689286958656,0,0.00198722281547232,0,0,0
"ola_mES_a2i_3_89.counts",0,0.00569651718268604,0,2.39817394805073,4.30819581445683,4.39112599896812,1.96615181672702,0,1.04497290489106,3.02133382566762,3.41424924491902,3.23823735120645,2.61999651362598,0.0207304663560867,4.78325308267788,2.66499580437567,4.64648856278692,0,0,4.92261971690208,0,1.82402001406994,2.36187129129478,0,1.99970551132264,0,4.92021852672398,0,5.22010282530378,1.11167987749609,0.942075373912408,0,0,0,0,2.41311847126835,0,0.911167746572757,0,0,0,0,0.00190244692956327,0.538886206390302,0,0.00190244692956327,0.660102440351137,0.24680217491858,0,0,0,0,0,0,1.55562733101257,1.14555764232225,0,0.00569651718268604,0,0,0.00190244692956327,0,0.003801281426181,0,0,0,0,0.003801281426181,0,0.00190244692956327,1.82463442717577,0,0,0.00190244692956327,0,0.00190244692956327,0,0,0.003801281426181,0,0,0.003801281426181,0,1.05761749427786,0.003801281426181,0,0,0,0,0,0,0,0,0,0,0,0,0,0,0
"ola_mES_a2i_3_9.counts",0.456934299840762,0,0,2.61002450790218,4.19342735698942,4.21376905635342,2.68098138023544,0,0,3.14302776553209,3.39460354763486,3.41596839120057,2.37792155467841,0.690683679508616,4.66318826125927,2.58570490627278,4.63215962343766,0,0,4.70589581005685,0,1.79178422213219,1.88919286907878,0,1.95998084306063,0,5.03285892630774,0,5.30436836099273,0,0.0147427164276345,0,0,0,0,2.50251769043286,0,2.98680964794272,0.863450077246664,0,0,0,0,0.0292712391416478,0,0,1.29298397253197,0,0,0.00493842796496882,0,0,1.14064190644114,0,1.99694618913708,1.52154925701514,0,0,0.00493842796496882,0,0,0,0,0,0,0,0.00493842796496882,0.00493842796496882,0,0,1.8073392580967,0,0,0,0,0,0,0,0,0,0,0,0,0.693162032375951,0,0,0,0,0,0,0,0,0,0,0,0,0,0,0,0
"ola_mES_a2i_3_90.counts",0,0.00831493604609461,0,2.89757032470389,4.50260826639506,4.19791911578791,2.66475094514435,0,0,3.48200146287877,3.10854021075418,3.02024529249925,2.42273768193476,0.843396004065311,4.69978818725513,2.94611119186964,4.46737607142845,0.316555356398824,0,4.78838351383378,0,1.41733038887414,2.72760358630379,0,2.16600689833132,0,4.93498225257552,0,5.24759467927812,0.0149174613891408,0.366397726407143,0,0,0,0,2.31429273475198,0.00166852746145056,0.0893977656638875,0.0441009451885229,0,0,0,0,1.37390519200324,0,0.00166852746145056,2.20099371149275,0,0,0.00333427557578477,0,0,0.234160557431259,0,1.70452353866297,1.61399507856822,0,0,0,0,0,0,0,0,0.00166852746145056,0,2.22329472137547,0,0,0,1.74295164549628,0,0,0,0,0,0,0,0,0,0,0,0,0.00166852746145056,0,0,0,0,0.00333427557578477,1.46937555638788,0.00166852746145056,0.00166852746145056,0,0,0,0,0,0,0,0
"ola_mES_a2i_3_91.counts",0,0.00637899652960867,0,2.85472319347639,4.05223308260619,4.29578565050564,2.77099760971669,0,0.8014104002289,2.98639854135307,3.32090657814075,2.86352650313129,2.27179233613013,0.0190161975304869,4.71147982392784,2.80176605145096,4.57869834616522,0.0252754111555663,0,4.84557735610576,0,2.09700077152622,2.00485042227713,0,2.35653172909602,0,5.0920240184858,0,5.3023811871119,0.818491936643668,0.272748543261197,0,0,0,0,2.36137064821067,0,2.01257734125127,0.00637899652960867,0,0,0,0,1.49130044799439,0,0,1.47386486141344,0,0,0,0,0,0,0,1.37859352206754,1.89951528364166,0,0,0.0190161975304869,0,0,0,0,0,0.00637899652960867,0.00637899652960867,0,0.0252754111555663,0,0,0.891941387401145,0,0,0,0,0,0,0,0,0,0,0,0,0,0,0,0,0,0,0,0,0,0,0,0,0.00637899652960867,0.175617106920692,0,0,0
"ola_mES_a2i_3_92.counts",0,0.011165898098301,0,1.74326176391649,4.2486405599657,4.26043905460563,2.48803387408249,0.293114966594905,0.810975960786145,3.26448924455184,3.31619598891571,3.1106288408553,2.16148408291173,0.679623149480393,4.60120910660786,2.6336116926414,4.45006741533152,0.0510728178016263,0,4.91367181092879,0,1.58847550544184,2.26381533324783,0,1.71065042433085,0.0037358362025981,5.087095826891,0,5.39137963403857,0.875392006535865,0,0,0.0037358362025981,0,0,2.71983475906685,0,0.238609940380369,0,0,0,0,0,0.381247596417067,0,0,1.76720062242758,0,0,0,0,0,0,0,1.53590110469126,1.54711757123449,0,0,0,0.0037358362025981,0,0.0037358362025981,0,0.0148603288883959,0,0.0037358362025981,0,0,0,0,1.81829641339455,0,0,0,0,0,0,0,0,0,0.00745776786204813,0,0,0.00745776786204813,0.0037358362025981,0,0.011165898098301,0,0,0,0.347449881308716,0,0,0,0,0,0,0.0037358362025981,0,0
"ola_mES_a2i_3_94.counts",0,0.0128882710914408,0,2.23854853645404,3.79812130571187,3.60554796819307,2.76985688713152,0,0,2.94741257891978,3.16686118135035,3.14643079603213,2.3099272860147,0.621982438317193,4.53533347489349,2.87215677105982,4.73011709813496,0,0,5.1372563828314,0,2.09690213817377,2.71556793229911,0,2.4707532235602,0,5.19889971734501,0.0128882710914408,5.22589764991409,1.01202888561751,0.0256125460367655,0,0,0,0,2.73216630407462,0,0.121967006775161,0,0,0,0,0,0.672895762063439,0,0,1.28116226511969,0,0.00646489884348097,0,0,0,0.172346471339686,0,0.78545048930502,1.86579624901697,0,0,0,0,0,0,0,0,0,0,0,0,0,0,2.35216004479707,0,0,0,0,0,0.0505854386191233,0,0,0,0.271034559054208,0,0,0,0,0,0.00646489884348097,0.00646489884348097,0,0,0,0,0,0,0,0,0,0,0,0
"ola_mES_a2i_3_96.counts",0.20262582790335,0.0117524666382203,0.00589349827876051,2.81713791352619,4.19192383169186,4.11118970824159,2.76081424698496,0,0.0291261800666044,2.95088221171293,3.44151521492584,3.08625959473808,2.44471911622247,0.665644349765446,4.65808293983356,2.68674017565448,4.48778909195648,0.43807015059469,0,4.8180855929614,0,2.28972875930134,2.42347125970555,0,2.44779103370588,0.00589349827876051,5.11924196719461,0.00589349827876051,5.28966129911687,1.85946398596353,0.320849072969254,0,0,0.00589349827876051,0,2.5712278964613,0.00589349827876051,1.27125667576988,0.290369395181771,0,0,0,0,1.10380431853709,0,0.0117524666382203,0.820151263814612,0.0117524666382203,0,0,0.0175773073432327,0,1.50915246738974,0.101108052269492,1.2528516280516,1.28606739741322,0,0,0,0,0,0,0.00589349827876051,0,0,0,0.00589349827876051,0.0117524666382203,0.00589349827876051,0,1.5662978849124,0,0,0,0,0,0,0,0,0,0.00589349827876051,0,0.456961519765311,0,0.0405431976581417,0,0.0348509823102165,0.0117524666382203,0.0117524666382203,0,0.0175773073432327,0,0,1.47322901662184,0,0,0,0,0,0
"ola_mES_lif_1_1.counts",0.15869789713447,0.229503881685043,0,0,0,0,0,0.0824937783531269,0,0,0,0,0,3.10959596184621,0,0,0,3.50137378906642,0,0,0,0,0,0,0,0,0,0.29562618454915,0,5.16702122924322,2.305495978232,0,0,0,0,0,0,5.43694169940006,1.34488189362619,0,3.81109366237546,0,0,0,0.665730291228697,0,0,0,0.15869789713447,0,0.0824937783531269,0.0824937783531269,4.08265179351863,0,0,0,0.229503881685043,0,0,0.828498869176359,0,0,0,0,0,0.15869789713447,5.97039737910882,3.48569248171336,0,0.15869789713447,0,0,0,0,0,0,0,0,0.0824937783531269,0,0.29562618454915,0,0.15869789713447,0.4160432949927,0.4160432949927,0.471217527996665,0.0824937783531269,0,0,0.15869789713447,0.0824937783531269,0,0,0,0,0,0,0,0,0
"ola_mES_lif_1_10.counts",1.10050475277517,0.154556509456004,0,0,0,0,0,0.560832783062541,0,0,0,0,0,3.03524704598885,0,0,0,0,0,0,0,0,0,0,0,0.0802612517849639,0,0,0,1.46852036360912,2.58031052502905,0,0,0,0,0,0,6.00156008083692,0.154556509456004,0,0,1.9718825742775,0.0802612517849639,0,0,0,0,0,0.0802612517849639,0,3.30778689498841,0,0,0,0,0,0,0,0,0,0,0,0,0,0,0.0802612517849639,0,0.0802612517849639,0,0,0,0,0,0,0,0,0.0802612517849639,0.0802612517849639,0.0802612517849639,0,0,0,0,6.21560476020587,0,0.154556509456004,0.349142046417703,0.0802612517849639,0,3.25439331907699,0.0802612517849639,0,0,0,0.0802612517849639,0,0,0,0.0802612517849639,0
"ola_mES_lif_1_11.counts",0.235912550894875,0.235912550894875,0.787223031343621,0,0,0,0,3.79552057820412,0,0,0,0,0,5.0471789998498,0,0,0,0,0,0,0,0,0,0,0,0,0,0.124897043963612,0,1.75598454415278,3.227311608066,3.43608775740264,0.124897043963612,0,0,0,0,6.0623012677463,2.89192997150943,0,0,0,0,0,0,0.235912550894875,0,0,0.124897043963612,0,0.426657082491438,0,1.33333327847716,0,0,0,0,0,0,0.33582587334256,0,0,0,0,0,0,1.43335996059969,0.235912550894875,0,0.235912550894875,0,0,0,0,0,0,2.44317380422457,1.58061078338831,0.124897043963612,0,0,0,0,0.426657082491438,0,0,0,0.235912550894875,0,5.60770427351235,0,0,0,0,0,0.509920598150555,0,0.124897043963612,0,0
"ola_mES_lif_1_12.counts",4.04253462836992,0.104228379922443,4.7640987494533,0,0,0,0,4.04830273260649,3.21017278788468,0,0,0,0,5.68817297731874,0,0,0,4.44310091014829,0,0,0,0,0,0.198611312548977,0,0,0,1.4828471149586,0,0.053471520132684,2.44633679219595,0,0,0,0,0,0,5.29087625999801,4.32606087803748,0.437783511186951,0.053471520132684,0,0,0,0,0,0,0,0,0.053471520132684,0,0,3.6381323890956,0,0,0,0,0,0,0.053471520132684,0.053471520132684,0,0,1.41847980492391,0,0,0.198611312548977,0,0,0,0,0,0,2.25848729691092,0.053471520132684,0,0,0,0,0,0,0,0.104228379922443,1.7822856076569,1.62227399428401,0,0.401686327128141,0,0,2.69372567570061,0,0,2.17470927703333,0,0,0.053471520132684,1.03410550259645,0,0,0
"ola_mES_lif_1_13.counts",0.113849643106136,0.844330550351769,2.13726043513234,0,0,0,0,3.74335816166289,0,0,0,0,0,5.68364169782686,0,0,0,0,0,0,0,0,0,0,0,0,0,0,0,0,0.216052267075356,0,0,0,0,0,0,6.40123985933727,3.03957201805355,0,0,0,0,0,0,0,0,0,0,0,0.216052267075356,0,2.31888703931757,0,0,0,0,0,0,0,0.216052267075356,0,0,0,0.113849643106136,0,0.216052267075356,0,0,0.113849643106136,0,0,0,0,0,0,0,0,0.113849643106136,0,0.113849643106136,0,0,0.988860942374375,0,1.32798264489288,0,0.308771279272467,0,1.60528120860718,0,0,0,0,0,0,0,2.8283213073084,0,0
"ola_mES_lif_1_14.counts",4.13774470012136,0.494072654630616,0,0,0,0,0,4.11192082024444,0,0,0,0,0,5.26441030642929,0,0,0,2.41802246172567,0,0,0,0,0,0,0,0,0,0,0,5.09949621982153,0.277244402420879,0,0,0,0,0,0,5.38418725096229,3.33777999255951,3.40364380100707,0.277244402420879,0,0.494072654630616,0,0,0,0,0,0,0,0,0,3.75029308989176,0,0,0,0,0,0,0.277244402420879,0,0,0,0,0.494072654630616,0,1.7565350202147,0,0,0,0,0,0,0,0,0,0,0,0,0,0,0,0.277244402420879,1.07053269005482,0.277244402420879,0,0,0.277244402420879,0,4.6119522475497,0.494072654630616,0,0,0,0,0,4.47983876476534,0,0,0
"ola_mES_lif_1_15.counts",0.806589760362804,0.806589760362804,0,0,0,0,0,2.43830225949583,0,0,0,0,0,4.96723595951016,0,0,0,0,0,0.806589760362804,0,0,0,0,0,0.163121157760481,0,0.303327992387459,0,5.47774376073295,3.4603840807368,0,0,0,0.163121157760481,0,0,6.09570803231584,0.634403319124875,0,0,0,0,0,0,0,0,0.426272404654072,0.882706830565832,0,0,0,3.31053266710369,0,0,0,0,3.98526292856616,0.163121157760481,0,0.163121157760481,0,0,0,0,0.163121157760481,0.303327992387459,0.163121157760481,0,0,0,0,0,0,0.163121157760481,0,0.303327992387459,0,0,0,0,0,0,1.75506803761643,0.163121157760481,3.1645865142084,0,0.163121157760481,0,2.51280351751378,0,1.47394042916176,0,0,1.65866671009854,0,0,0,0,0
"ola_mES_lif_1_17.counts",1.79887812916272,0.815681615635643,2.82642699780403,0,0,0,0,4.26756871898533,0.224856656988371,0,0,0,0,3.57782956221441,0,0,0,3.79819959362902,0,0,0,0,0,0,0,0,0,0.563283141846205,0,2.99125934998264,2.76483686807321,0,0,0.408318655994953,0,0,0,6.35547272363623,3.36687840237801,0,0,0,0.224856656988371,0,0,0,0,0,0,0,0.224856656988371,0,4.26402846619579,0,0,0,0,0,0.224856656988371,0.408318655994953,0,0,0,0,0,0,0,0,0,0,0,0,0,0,0,0,0,0,0,0,0,0,0.224856656988371,1.51072305270941,0.408318655994953,0,0,0,0,4.73584892566643,0.224856656988371,0,1.1845725166552,0,0,0,0,0,0,0
"ola_mES_lif_1_18.counts",0,0.0636023068239498,0,0,0,0,0,2.11495395702489,0,0,0,0,0,3.66748730572695,0,0,0,0,0.0636023068239498,0,0,0,0,0,0,0.0636023068239498,0,0,0,3.16637349939795,0,0,0,0,0,0,0,6.16136746244196,0,0,0,0,0.233231711511463,0,0.123400128671613,0.123400128671613,0,0.0636023068239498,0.0636023068239498,0,0.0636023068239498,0,0,0,0,0,0,0,0.179823034881385,0,0.123400128671613,0.0636023068239498,0,0,0.0636023068239498,0,5.83197490961734,0,0,0,0,4.75233264139488,0,0,0,0,0,0.0636023068239498,0.0636023068239498,0,0,0,0,1.0662222341599,0,0.283931944697486,0,0,0,0.0636023068239498,0.0636023068239498,0,0,0,0,0,0,0,0,0
"ola_mES_lif_1_19.counts",1.04844979707599,0.442097463612877,4.1819313028569,0,0,0,0,0.170014856626198,0,0,0,0,0,5.94645050977086,0,0,0,4.54166103355911,0.170014856626198,0,0,0,0,0.442097463612877,0,0,0,0.315281375179369,0,3.30746490399945,0.315281375179369,0,0,0,0,0,0,4.41554851210797,3.77135405436533,0,2.93337570430174,0,0.315281375179369,0,0.747604478290152,0,0,0,0,0,0.170014856626198,0,3.12974075768954,0,0,0,0,2.41526493923671,0,0.315281375179369,0.170014856626198,0,0,0,0.315281375179369,0.170014856626198,0,0.315281375179369,0,0,0,0,0,1.88094088105959,0,0,0.315281375179369,0,0,0,0,0,0,5.14564385067461,0,3.34736487462838,0,2.80741800010367,0,3.34082445784342,0,0,0,0,0,0.170014856626198,1.82277819398624,0.831715901579992,0.170014856626198,0
"ola_mES_lif_1_2.counts",0.186272246490733,0.186272246490733,0.186272246490733,0,0,0,0,4.37988470273497,0,0,0,0,0,4.5834034689677,0,0,0,0,0,0,0,0,0,0,0,0,0,0,0,4.21580330453333,2.52300585816896,0.186272246490733,0,0,0,0,0.186272246490733,6.16760920366423,0.343235322100835,0,0.186272246490733,0,0.343235322100835,0,0.186272246490733,0,0,0,0,0,0,0,1.96606371511628,0,0,0,0.598287349783723,0,0,0,0,0.186272246490733,0,0,0,0.343235322100835,5.01917638350198,0,0,1.04477254175108,0,0,0,0,0.704952731877905,0.186272246490733,0.186272246490733,0,0.186272246490733,0,0,0,0,1.11432225423592,0.186272246490733,0,0,0,0,4.65213348062189,0,0,0,0,0,0,0,0,0,0.343235322100835
"ola_mES_lif_1_20.counts",0,0.745028130736397,0,0,0,0,0,0,3.94395581542384,0,0,0,0,3.42996359390661,0,0,0,3.45648683015691,0,0,0,0,0,0,0,0,0,0.244220012344087,0,1.63887585171395,0.745028130736397,0,0,0,0,0,0,4.92674239926207,2.51297826974139,0,1.07717623954449,0,0.244220012344087,0,0,0,0,0,0,0,0,4.19394161301156,2.3685489464105,0,0,0,0,0,0.244220012344087,0,0.244220012344087,0,0,0,0,0.244220012344087,5.98981380779386,0,0,0.440349732579679,0,0,0,0.244220012344087,0,0,0,0,0,0,0,0,0,4.86255345217242,0.244220012344087,0,0.244220012344087,0.978232523430015,0,4.376530924648,0.244220012344087,0,0,0,0,0,3.84843930723241,0.868413014369165,0,0
"ola_mES_lif_1_21.counts",2.25409820964051,0.529986692876337,0.984839930262602,0,0,0,0,4.49559803683851,1.56320806862822,0,0,0,0,4.53983589588282,0,0,0,0,0,0,0,0,0,0,0,0,0,0.130836963560236,0,0,0,0,0,0,0,0,0,6.44352839039979,2.04245763169765,0,2.62900255623,0,0,0,0.130836963560236,0,0,0,0.130836963560236,0,0,0.246519301394624,2.79581766779357,0,0,0,0,0,0,0,0,0.130836963560236,0,0,0.130836963560236,0,0.130836963560236,0,0,0,0,0,0,0,0.246519301394624,0,0,0,0,0.130836963560236,0,0,0,4.66847699416795,0,0,0,0.130836963560236,0,3.49256897782844,0.246519301394624,0,0,0,0,0,0,0,0,1.13034642625792
"ola_mES_lif_1_22.counts",3.05386364642474,0.451125934438956,0.150899440269783,0,0,0,0,3.92870689764937,0.397862373756091,0,0,0,0,4.12973314012915,0,0,0,1.08334857529287,0,0,0,0,0,0,0,0,0,1.46765177110885,0,0.935056459678243,1.79993778764146,0,0,0,0,0,0,6.1827985968384,1.79993778764146,0,2.92267807889529,0,0,0,0,0.0782933538298148,0,0,0,0,0.0782933538298148,0.0782933538298148,1.67077990573269,0,0,0,0.0782933538298148,0.0782933538298148,0,0,0,0.0782933538298148,0.0782933538298148,0,0,0,2.85938841803238,0,0.0782933538298148,0,0,0,0,0,0,0,0,2.89604286339292,0,0,0,0,0.150899440269783,5.69082569884846,0.218588850392202,1.0553973998873,0,0.150899440269783,0.0782933538298148,2.61773283004946,0.150899440269783,0,0.451125934438956,0,0,0,0,0,0,0.0782933538298148
"ola_mES_lif_1_23.counts",2.42015935840133,0.99618891094063,0,0,0,0,0,1.14260601989912,0,0,0,0,0,5.42251681628394,0,0,0,1.38351509690439,0.355564164997676,0,0,0,0,0,0,0,0,0.355564164997676,0,4.97600318321573,3.71689909562008,0,0,0,0,0,0,6.07982375575712,2.42015935840133,0,0.355564164997676,0,0,0,0,0,0,0.355564164997676,0,0,0.355564164997676,0,3.35877884814607,0,0,0,3.16252684875428,0,0,0,0.355564164997676,0,0,0,0,0,0,0,0.355564164997676,0,0,0,0,0,0,0,0,0.355564164997676,0.617329806280575,0,0,0,0,4.23252107043845,0,1.38351509690439,0,0,0,0.824594849512243,0.355564164997676,0,0,0,0,0,0,0,0,0
"ola_mES_lif_1_24.counts",0.812056200743721,3.05772707846985,0,0,0,0,0,3.79102802946353,0,0,0,0,0,3.81497279421669,0,0,0,3.22746580827439,0,0,0,0,0,0,0,0,0,0.390118718577241,0,2.23540122145346,2.59570683481351,1.88806684180082,0,0,0,0,0,5.42675716275796,1.53435129145363,0,0,0,0,0,0,0,0,0,0,0.213964007665597,0.0579334921318437,0,1.41135641052695,0,0,0,0,0,0,0.112693695652192,0.112693695652192,0,0,0.213964007665597,0.0579334921318437,0,4.79336238485981,0.0579334921318437,0.0579334921318437,0,0,0,0,0.0579334921318437,0,0.112693695652192,0,0,0,0,0,0.0579334921318437,0.670038366182406,6.14057099979722,0.0579334921318437,0,0,0.112693695652192,0,3.09351734692042,0,0,0,0,0,0,0,0,0.0579334921318437,0.112693695652192
"ola_mES_lif_1_25.counts",1.2502685795742,1.31919484877666,0.222445749361955,0,0,0,0,4.13572046409459,0.222445749361955,0,0,0,0,5.41151035683495,0,0,0,1.55538729956269,0.222445749361955,0,0,0,0,0,0,0,0,0.404301834192191,0,0.691401761839806,3.89348654182862,0,0,0,0,0,0,6.22994283286481,4.30735221489351,0,2.63581340911621,0,0,0,0,0.222445749361955,0,0,0,0.691401761839806,0,0,2.92788651240878,0,0,0,0,0.691401761839806,0,0,0.55811990134384,0.222445749361955,0,0,0,0,1.31919484877666,0.404301834192191,0.222445749361955,0.222445749361955,0,0,0,0,0.222445749361955,0,0,0,0,0,0,0,0,2.7047896179633,0,0,0,0.55811990134384,0.222445749361955,3.08770764235953,0.222445749361955,0.691401761839806,0,0,0,0,0,0,0.404301834192191,0.55811990134384
"ola_mES_lif_1_26.counts",3.59426454761767,0.659777106888754,0.531081588249765,0,0,0,0,3.73476778018133,1.39542100490905,0,0,0,0,4.84159769011248,0,0,0,0.110463102481157,0,0,0,0,0,0,0,0,0,0.659777106888754,0,4.15631394268129,0,2.97401962430776,0.110463102481157,0,0.110463102481157,0,0,5.80969014263113,2.49283665944996,0,2.46344064498517,0,0.209928846561987,0,0.110463102481157,0,0,0,0,0.110463102481157,0,0,0.531081588249765,0,0,0,0,0,0,0.110463102481157,0,0,0.659777106888754,0.718403669215049,0,0,0,0,0.209928846561987,0,0,2.45344675796378,0,0,0,0,0,0,0,0,0.209928846561987,0,0,4.66011704092151,0,0.773782672450447,0,0,0,5.29196812399102,0,0,3.66847293042354,0,0,0,0,0.209928846561987,0,0
"ola_mES_lif_1_28.counts",4.1300395541355,0.69189951976179,3.16869317043705,0,0,0,0,3.93913346998222,2.71676797867122,0,0,0,0,5.92665555437271,0,0,0,0.153794364127782,0,0,0,0,0,0.771846189019887,0,0,0,0.287058436634874,0,2.9765553856042,0.153794364127782,0.153794364127782,0,0,2.4544531553811,0,0,4.75541585180439,3.65684647974931,0,4.184667389437,0,0.153794364127782,0,0,0,0,0,0,0,0.153794364127782,0,4.36063359121642,0.69189951976179,0,0,2.03471108086418,0,0,0,0,0,0,0,0,0,0,0.287058436634874,0.153794364127782,0,0,0,0,0,0,0,0.404633507228638,0,0,0,0.153794364127782,0,0,3.22972285076119,2.33311994184065,2.62476496493311,0,0.509827619691139,0,4.52653892287729,0,0.153794364127782,1.20222564301789,0,0.153794364127782,0,0,0,0,0.153794364127782
"ola_mES_lif_1_29.counts",3.59615569324943,1.02795093190671,0,0,0,0,0,4.05270560731017,0,0,0,0,0,4.3477148583364,0,0,0,0,0.370758428342665,0,1.02795093190671,0,0,0,0,0,0,0,0,4.8900251060234,0,0,0,0,0,0,0,5.89990719097047,2.38640466705366,0,1.6173063364346,0,0,0,0,0.370758428342665,0,0,0,0.370758428342665,0.370758428342665,0,0,0,0,0,0,0,0,0,0.370758428342665,0,0,0,2.30024843335264,0,0,0,0,0,0,2.30024843335264,0,0,0,0,0,0,0,0,0.370758428342665,2.67173131784991,0,4.6887751093084,0,4.41506979889023,0,0.370758428342665,0,0,0.370758428342665,0,1.17685805066494,0.370758428342665,0,0,4.5181326947355,0,0.370758428342665,0
"ola_mES_lif_1_3.counts",0.564294879458551,0.0730838676814285,3.68246915746827,0,0,0,0,3.87611254016149,0,0,0,0,0,4.22765526049264,0,0,0,0,0,0,0,0,0,0,0,0,0,1.59790759419901,0,1.27477766573974,0,0.0730838676814285,0,0,0.0730838676814285,0,0,6.27345179157717,2.79213356289582,0,0,0.0730838676814285,0,0,0,0,0,0,0,0.0730838676814285,3.97196714975622,0,3.65931054870512,0,0,0,0,0,0,0.0730838676814285,0.0730838676814285,0,0,0,0,0,0,0,0.0730838676814285,0,0,0,0,0,0,0,0.0730838676814285,0,0,0.0730838676814285,0,0,0.0730838676814285,5.09439284267277,0,0,0,0.141188332812134,0,3.74889107794513,0,0,0,0,0,0.0730838676814285,0,0,0,0
"ola_mES_lif_1_30.counts",0,0.502908514789015,0.103387106963496,0,0,0,0,4.57316468317882,0,0,0,0,0,4.14792610901603,0,0,0,3.03608449213304,0,0,0,0,0,0,0,0,0,0.282741229556259,0,0.103387106963496,0,0,0,2.30661790441216,0.103387106963496,0,0,6.47117964196361,0,0.361640267568766,0.103387106963496,0,0,0,0,0.103387106963496,0,0.103387106963496,0,0,0,0.197079778003668,3.96532267258901,0,0,0,0,0,0,0.103387106963496,0,0,0,0,0,0,4.51290416445615,0.197079778003668,0,0,0,0.103387106963496,0,0.103387106963496,0,0,0,0,0,0,0,0,0.197079778003668,0.361640267568766,0,0,0,0.103387106963496,0,3.0870688692053,0,0,0.103387106963496,0,0.502908514789015,0,0.434766909317646,0,0,0
"ola_mES_lif_1_31.counts",0,3.00416308782747,0.823278229874143,0,0,0,0,3.47537381336202,2.90429636818431,0,0,0,0,4.02449555073251,0,0,0,0.494072654630616,0,0,0,0,0,0,0,0,0,0,0,3.17818694182901,0.494072654630616,0,0,0,0,0,0,6.20312387610382,0.494072654630616,0,0,0.823278229874143,0.494072654630616,0,0,0,0,0,0,0,0.494072654630616,0,4.1014016047483,0,0,0,0,0,0,0,0,0,0.823278229874143,0,0.823278229874143,0,0.823278229874143,0,0,0.494072654630616,0,2.90429636818431,0,0,0,0.823278229874143,0,0.494072654630616,0.494072654630616,0,0,0,0,5.39439692790919,0,0,0,0.823278229874143,0,3.95351442439615,0,0,0,0,0,0,0,0,0,0
"ola_mES_lif_1_32.counts",3.58977108285795,0.753408015683654,0,0,0,0,0,0.83793917973752,0,0,0,0,0,3.99981697536877,0,0,0,0,0,0,0.171741772989572,0,0,0,0,0,0,0,0,3.24777406200232,0.91587843028845,0,0.171741772989572,0,0,0,0,5.94522586095501,3.87960123678109,0,2.99194959892903,0,0,0,0,0.318266342380049,0,0,0,0.171741772989572,0,0.171741772989572,3.72953055151384,0,0,0,0,0,0,0,0,0,0,0,0,0,0.559321304149981,0,0,0.171741772989572,0,0.171741772989572,0,0,2.13945977879827,0,0,0,0,0,0.171741772989572,0,0,4.65208845640887,0.171741772989572,2.32054169717243,0.91587843028845,0,0,5.60074197437359,0.171741772989572,0,0,0,0,0,0,0.171741772989572,0,0
"ola_mES_lif_1_33.counts",0.465583855667171,1.51681016785095,4.11871654802051,0,0,0,0,0.25964671635127,0,0,0,0,0,5.01147099579348,0,0,0,0,0.25964671635127,0.465583855667171,0,0,0,0,0,0.25964671635127,0,0,0,0.25964671635127,0,0,0.25964671635127,0,0,0,0,5.85438869895986,2.88473942905054,0,5.01344387721418,0,0.25964671635127,0,0.25964671635127,0.465583855667171,0,0,0,0,0.25964671635127,0.25964671635127,4.84419175529782,0,0,0,0.25964671635127,0,1.29971412315233,0.636267760252644,0.25964671635127,0,0,0,0,0,0,0,0.25964671635127,0.25964671635127,0,0,0,0,0.465583855667171,0,0,0,0.25964671635127,0,0.25964671635127,4.55368338590088,0,0.25964671635127,0,3.70689729784858,0,0.465583855667171,0.909209687142782,0,0,0,0.25964671635127,0,0,0,0,0,0,0
"ola_mES_lif_1_34.counts",0.166440963859165,0.735518137802229,0.895577875160523,0,0,0,0,0.166440963859165,0,0,0,0,0,3.01440864457357,0,0,0,0,0,0,0,0,0,0,0,0.166440963859165,0,0,0,4.94092037382282,0,0.166440963859165,0,0,0,0,0,6.57108939811508,2.58884456765151,0,0,0,0,0,0,0,0,0,0,0,0,0,1.70970762156072,0,0,0,0,0,0,0,0,0,0,0,0.166440963859165,0,0.166440963859165,0,0,0,0,0,0,0,0,0,0,0,0,0,0,0,0,4.68905916347754,0,0,0,0.166440963859165,0,0,0,0,0,0,0,0,0,0,0,0.166440963859165
"ola_mES_lif_1_35.counts",0.742710805875297,0.742710805875297,0,0,0,0,0,3.14879253732085,0,0,0,0,0,5.07115687627571,0,0,0,0,0,0,0,0,0,0,0,0,0,0.243264735066416,0,1.82981255536641,0,0,0,0,0,0,0.438778953840283,6.41693881585098,0,0,0,0,0,0,0,0,0,0,0,0,0.243264735066416,0,3.08789537183943,0,0,0,0,0,0,0,0,0,0,0.438778953840283,0,0,0.243264735066416,0,0,0,0,0,0,0,0,0,0.243264735066416,0,0,0,0,0,0.975478970146528,5.15562584107005,0,0,0,0,0,0,0.438778953840283,0,0.243264735066416,0,0.438778953840283,0.243264735066416,0,0.865852280805322,0,0.438778953840283
"ola_mES_lif_1_36.counts",1.2760688729793,0.752754125103682,0,0,0,0,0,4.7466061967003,0.106415427266535,0,0,0,0,3.14553937694818,0,0,0,0,0,0,0,0,0,0,0,0.106415427266535,0,0.640943381607225,0,0,0.106415427266535,0.106415427266535,0.202587889604359,0,0.106415427266535,0,0,6.72425260725053,1.30692980506495,0,0.515038609559991,0,0,0,0,0.370967112614137,0,0,0.106415427266535,0,0,0,2.97178971645322,0,0,0,0,0,0,0,0.370967112614137,0.106415427266535,0,0,0.900035365002044,0,0,0,0,0.290317267831688,0,0,0,0.106415427266535,0.202587889604359,0.202587889604359,0,0,0.106415427266535,0,0,0,0,0.804295986924361,0,0,0,0.106415427266535,0,0,0,0,0,0,0,0,0,0,0,0
"ola_mES_lif_1_37.counts",0,0.18193349791501,0,0,0,0,0,4.87542577163118,0,0,0,0,0,3.22460596748526,0,0,0,0,0,0,0,0,0,0,0,0,0,0.0643930167046259,0,0.724734783425124,1.99946465048573,0,0,0,0,0,0.124889234672438,6.28689442093071,1.53861430065052,0,0.124889234672438,2.78693084118875,0,0,0,0.124889234672438,0,0,0,0.0643930167046259,0,0,0.124889234672438,0,0,0,0,0,0,0,0.0643930167046259,0,0,0,0,0.0643930167046259,5.52737224421796,0.18193349791501,0.287099927647615,0.469130284905432,0,0,0,0,0.0643930167046259,0,0,0.235898573393968,0.124889234672438,0,0.0643930167046259,0,0,3.41218874451439,0.0643930167046259,0.0643930167046259,0,0.18193349791501,0,0,0,0,0,0,0,0,0,0.18193349791501,0,0
"ola_mES_lif_1_38.counts",2.10885162580001,0.55064333741299,0,0,0,0,0,4.02860608610214,2.43239050113603,0,0,0,0,4.10237628630421,0,0,0,0,0,0,0,0,0,2.30480671065795,0,0,0,0.19047122053966,0,4.17107632978528,0.27363081385345,0,0,0,0.19047122053966,0,0,5.66234686112744,0,0.0997636823975673,5.14139357677404,0,0,0,0,0.19047122053966,0,0,0,0,0,0,2.62459560878509,2.52052840707795,0,0,0,0,0,0.0997636823975673,0.0997636823975673,0,0,0,0.19047122053966,0,4.24141429934418,0.0997636823975673,0,0,0,0,0,0,0.27363081385345,0.0997636823975673,0.0997636823975673,0.19047122053966,0,0,0.27363081385345,0.0997636823975673,0.0997636823975673,3.43412256277876,0.19047122053966,4.53040413234091,0,0.27363081385345,0,4.59497572126618,0,0,0,0,0,0,3.10913214510484,0.0997636823975673,0,0
"ola_mES_lif_1_39.counts",1.46122980539364,0.603121028902226,0,0,0,0,0,3.08470089503827,0,0,0,0,0,4.00685143164011,0,0,0,2.84637142863373,0.286025071244151,0,0,0,0,0,0,0,0,0.403255162457362,0,2.91148648481177,3.66559727024224,0,0,0,0,0,0,6.70165115895341,0.50817310231686,0,2.70185000409181,0,0.153204158223227,0,0,0,0,0,0,0,0,0,0,0,0,0,0,0.153204158223227,0,0,0,0.153204158223227,0,0,0,0.153204158223227,0.403255162457362,0.153204158223227,0.153204158223227,0,0,0,0,0,0.153204158223227,0,0,0,0,0.153204158223227,0,0,0,0.403255162457362,0,2.89331077544155,0,0,0,0,0,0,1.03715950945445,0,0,0,0,0,0,0
"ola_mES_lif_1_4.counts",5.68939484866935,0.933866777178366,3.07979233740501,0,0,0,0,5.09131133952396,4.43043889974388,0,0,0,0,4.58554201477742,0,0,0,2.26219176786237,0.0156355791695851,0,4.08377751271953,0,0,0,0,0,0,0,0,0.031030445853935,0,0,0,0,0,0,0,5.23437395966866,3.26567423931012,0,0,0,0,0,0,0,0,0,0,0,0.0461918994415643,0,3.56227037361097,0.657389844310101,0,0,0,0,0,0,0,0,0,0,0,0.0758421487927791,0,0,0,0.031030445853935,0,0,0,0,0,0,0,0,0.031030445853935,0,0,0,0.0156355791695851,2.44329346492846,0,0,0.0156355791695851,0,0.0156355791695851,2.85673172613806,0.0156355791695851,0,0,0,0,0,0.173197940333912,0,0,0
"ola_mES_lif_1_41.counts",2.27653995935401,1.13996344372534,2.58681129531761,0,0,0,0,1.99876851567468,0,0,0,0,0,4.28166829006539,0,0,0,2.30050353296532,0,0,0,0,0,0,0,0,0,0.212118919598899,0,1.5139008637968,0,0.212118919598899,0,0,0,0,0.212118919598899,6.39022480822174,2.95463456364904,0,3.97000653560277,0,0.212118919598899,0,0.212118919598899,0.212118919598899,0,0,0.212118919598899,0,0.212118919598899,0,0.212118919598899,0,0,0,0,0.387022614012449,0,0.976092152727457,0.212118919598899,0,0,0,0,0,0,0,0,0,0,0,0,0,0,0,0,0,0.212118919598899,0,0.212118919598899,0.212118919598899,0,4.49283306940579,0.212118919598899,3.80029908095276,0.212118919598899,0,0,3.213492742003,0.212118919598899,0,0,4.10340858952696,0,0,0,0,0,0
"ola_mES_lif_1_42.counts",3.37983798767772,0.462623521948113,4.27001734002601,0,0,0,0,0,0,0,0,0,0,5.71101118641105,0,0,0,2.07862421429474,0.0633122794143269,0,0,0,0,0,0,0,0,0.462623521948113,0,0,1.3204477953223,0,0.0633122794143269,0,0,0,0,4.36080633629008,3.61479661990469,0,3.9045441278208,0,0.0633122794143269,0,0,0.122853673105343,0,0,0,0,0.0633122794143269,0.122853673105343,3.9032262573085,0,0,0,0,0,0,0,0,0.122853673105343,0,0,0,0,1.3204477953223,0,0.122853673105343,0,0,4.91145270242664,0,0,0.0633122794143269,0,0,0,0,0,0,0,0,2.68513161312777,0,0.0633122794143269,0,0.0633122794143269,0,5.42558325680945,0,0,0,0,0,0,0,0,0,0
"ola_mES_lif_1_43.counts",0.107410799281109,0.757958512876672,1.37325472989466,0,0,0,0,0.107410799281109,0.107410799281109,0,0,0,0,4.17888489029622,0,0,0,0,0.204395362799393,0,0,0,0,0,0,0.107410799281109,0,0.584303264310399,0,3.45723448066674,0,0,0,0,0.107410799281109,0,0,6.54450130781093,2.30969210616902,0,3.56871626360839,0,0.107410799281109,0,0.107410799281109,0.107410799281109,0,0,0,0,0,0.107410799281109,1.86296229192831,0,0,0,0,0,0,0,0.374019960423954,0,0,0,0,0,4.01712745020306,0,0,0,0,0.584303264310399,0,0,0.29279992112406,0,0,0,0.107410799281109,0,0,0,0,4.06106256200709,0,0,0,0.519001656301998,0.374019960423954,1.99469028535111,0.107410799281109,0,3.57190790167975,0,0,0,0,0,0,0
"ola_mES_lif_1_44.counts",2.83851092181981,0.940397432123685,0,0,0,0,0,3.06959319996182,0.732700358945967,0,0,0,0,4.32184619853436,0,0,0,0.841931490439737,0,0,0,0,0,0,0,0.113397298295469,0,0.113397298295469,0,4.59615755176729,0.113397298295469,0,0.113397298295469,0,0,0,0,5.52593121855939,4.08962643686484,0,0.215235322231674,0,0,0,0,0.113397298295469,0,0,0,0,0.215235322231674,0,4.46147062624292,0.113397298295469,0,0,0,0,0,0.215235322231674,0.113397298295469,0,0,0,0,0,5.75371862054829,1.73747875521572,0,0.113397298295469,0,0,0,0,0.307654205638696,0,0,0,0,0,0,0,0.113397298295469,4.27284304494281,0,0,0,0.215235322231674,0,0,0.113397298295469,0,0.113397298295469,0,0,0,0.113397298295469,0,0,0
"ola_mES_lif_1_45.counts",0.204039638664978,1.11090998414277,0,0,0,0,0,0,0.204039638664978,0,0,0,0,4.58601551531389,0,0,0,0,0,0,0,0,0,0,0,0,0,0.518222374069474,0,4.9748712826235,0.37341943768974,0.644685165350454,0,0,0,0,0,6.34410953922532,3.9925238732694,0,0,0,0,0,4.15770113796666,0,0,0,0.518222374069474,0,0,0.204039638664978,1.62417710260098,0,0,0,0,3.02975529061539,0,0,0.204039638664978,0,0,0,0,0.37341943768974,0.756935646823437,0,0,0.204039638664978,0,3.67576761216024,0,0,0,0,0,0,0,0,0,0,0,0.204039638664978,0,0,0,0,0.204039638664978,0,0,0,0,0,0,0,0,0,0,1.74977047946195
"ola_mES_lif_1_46.counts",0.854435845395679,0.854435845395679,0.768803753260602,0,0,0,0,4.66539311615533,0,0,0,0,0,3.87443028171333,0,0,0,3.64595081433723,0.176357164162961,0,0,0,0,0,0,0,0,0.456533369141608,0,2.13123495206857,0.0920612855210087,0,0,0,0.0920612855210087,0,0,6.0054382997194,3.95148476956488,0,0,0,0,0,0.0920612855210087,0.0920612855210087,0,0,0.0920612855210087,2.45165331015021,0.0920612855210087,0.0920612855210087,0,0,0,0,0,0,0,0,0,0,0,0,0,0,0,0.176357164162961,0.176357164162961,0,0,0,0,0,0,0,0,0,0.176357164162961,0,0.0920612855210087,1.8563281249164,0.0920612855210087,5.09791825104817,0.0920612855210087,0.894650351369755,0,0.0920612855210087,0.254096368872416,5.00150988808705,0,0,2.59821524488998,0,0,0,0.393500535309069,0,0,0
"ola_mES_lif_1_47.counts",0,1.23444697863216,4.21442221349434,0,0,0,0,0,0,0,0,0,0,5.7866571213722,0,0,0,0,0,0,0,0,0,0,0,0,0,0.160445776082361,0,4.31933349180604,0,0,0,0,0,0,0,6.2082341908502,0,0,0.872243912142316,0,0.160445776082361,0,0.160445776082361,0.298672620535463,0,0,0,0.160445776082361,0,0,1.79956049691461,0,0,0,0,0,0,0,0,0,0.298672620535463,1.46015989923469,0.420092492433631,0.160445776082361,0,0.528352983864217,0,0,0,0,0,0,0.160445776082361,0,0,0,0.160445776082361,0,0.298672620535463,0,0,3.05343294665644,0.160445776082361,0,0.298672620535463,0.942467899010361,0.160445776082361,0,0.160445776082361,0,0,0,0,0.160445776082361,0,0,0,0
"ola_mES_lif_1_48.counts",0.26032646138334,0.910983781641256,1.98023215521025,0,0,0,0,4.77075770021123,0,0,0,0,0,5.2382102847365,0,0,0,0,0,0,0,0,0,0,0,0,0,1.02393231919862,0,3.82647353880924,0,0,0.138610650926012,0.138610650926012,0.26032646138334,0,0,6.18861941882424,2.23279542141394,0,1.89457437468645,0,0.138610650926012,0,0,0,0,0,0,0,0,0,0.713311231168365,0,0,0,0,0,0,0.138610650926012,0.368822098663516,0,0.138610650926012,0,0,0.138610650926012,0,0.26032646138334,0.138610650926012,0,0,0,0,0,0.26032646138334,0,0.138610650926012,0,0.138610650926012,0,0,0,0.138610650926012,2.95170550108269,0,0.849334780251246,0,0.26032646138334,0,4.76697089747442,0.138610650926012,0,0.138610650926012,0,0,0,0,0.138610650926012,0,0.138610650926012
"ola_mES_lif_1_49.counts",0,0.42358407069064,0,0,0,0,0,0.490364551894651,0,0,0,0,0,4.45581810104873,0,0,0,0,0.100284362625966,0,0,0,0,0,0,0.100284362625966,0,0.19142207462449,0,0,1.37462314110329,0.19142207462449,0,0,0,0,0,6.44907631253083,2.03412634546779,0,0.988709514437032,0,0,0,0.100284362625966,0.100284362625966,0,0.19142207462449,0,0.100284362625966,0.19142207462449,0,4.85206322751133,0,0,0,0,0,0,2.71701133639715,0.19142207462449,0,0,0,0.100284362625966,0,3.12831384815555,0,0.274943046674351,0,0,0.817937953373734,0,0,0,0,0.100284362625966,0.100284362625966,0,0.352022789217231,0.552963208214395,0,0,0.42358407069064,0,0,0,0,0,4.47762446010079,0,0,2.8413706010052,0,0,0,0,0,0,0
"ola_mES_lif_1_5.counts",2.33140883934477,0.444548018525843,0,0,0,0,0,0.20205393408791,0,0,0,0,0,4.2685913606144,0,0,0,0,0,0,0,0,0,0,0,0,0,0.20205393408791,0,4.83938699806554,1.63752170793603,0,0,0,0,0,0,6.0895321885643,1.63752170793603,0.289583532674591,0,0,0.20205393408791,0,0,0.106121533668009,0,0,0,0,0,0,2.01403684465442,0,0,0,0,0,0,0,0,0,0,0,0,0.106121533668009,0,0.20205393408791,0.106121533668009,0,0,4.58450583507408,0,0,0,0,0,0,0,0,0,0.106121533668009,0,5.14529718644107,0,0,0.106121533668009,0,0.106121533668009,4.24479702957464,0,0,0,0,0,0,0.696946492315282,0,0.106121533668009,0
"ola_mES_lif_1_50.counts",1.64795409700526,0.323159187971475,2.41349478164118,0,0,0,0,4.1480315645138,0,0,0,0,0,5.38011766483652,0,0,0,2.94743283331389,0,0,0,0,0,0,0,0,0,0.56700016956844,0,2.21248006108204,0.119702747160063,0,0,0.762885789514086,0,0,0.226596383017178,6.14124513391493,3.01202807093412,0,1.51743862400827,0,0.119702747160063,0,0,0,0,0.119702747160063,0.119702747160063,0,0.226596383017178,0,3.46659387644584,0,0,0,0.119702747160063,0,0.323159187971475,2.62780401392853,0,0,0,0,0,0,0,0,0,0.975729802899377,0,0,0,0,0,0,0,0,0.226596383017178,0.119702747160063,0,1.39918146303448,0,4.56026007368562,0,3.11308569280599,0,0.226596383017178,0,3.25515772201165,0.119702747160063,0,0.323159187971475,0,0,0,0,0,0,0
"ola_mES_lif_1_51.counts",3.17181267533745,0.373278421612263,0,0,0,0,0,0,0,0,0,0,0,4.64599942030114,0,0,0,0,0,0,0,0,0,0,0,0.203956119361948,0,0.373278421612263,0,3.17181267533745,4.30510405433659,0,0,0,0,0,0,6.49880673518499,2.05249809469379,0,0,0,0,0,0,0,0,0,0,0,0,0,3.97523145689473,0.756695392498665,0,0,0,0,0,0,0,0,0,0,0,0,3.3048459359467,0.203956119361948,0.203956119361948,0,0,0,0,0,0,0,0,0.373278421612263,0,0,0.203956119361948,0,0,3.10310433934823,0.203956119361948,0,0,0,0,0,0.203956119361948,0,1.62381372155441,0,0,0.203956119361948,0,0,0,0
"ola_mES_lif_1_52.counts",1.10794305796177,0.126816088433508,0.126816088433508,0,0,0,0,4.76340276534607,0,0,0,0,0,3.95073395768985,0,0,0,0,0.126816088433508,0,0.126816088433508,0,0,0,0,0,0,0,0,0,3.22693412926889,0,0.126816088433508,0,0,0,0,5.87090436914321,1.19347987090933,0,0.432323103110783,0,3.40800666784697,0,0.126816088433508,0.126816088433508,0,0,0.126816088433508,0,0,3.46032988880349,3.45607267918596,0,0,0,0,0,0,0.126816088433508,0.126816088433508,0.126816088433508,0,0,0,0,0.733168421896621,0.126816088433508,0,0,0,0,0,0,0,0,0,0,0,0,0,0.59401684140708,0,4.98506876450736,0,0,0,0,0,5.35559340462196,0,0,0,0,0,0,0,0,0,0
"ola_mES_lif_1_53.counts",0,0.339470393848617,0,0,0,0,0,3.91019433361817,2.71781108520602,0,0,0,0,3.71396633406211,0,0,0,0,0,0,0,0,0,0,0,0,0,0,0,4.10795403781926,4.26165460981246,0.339470393848617,0,0.592446589097642,0,0,0,5.92878256077201,3.41795195211449,0.592446589097642,3.59922624264142,0,0,0,0,0,0,0,0,0,0,0,3.68395627997347,0,0,0,0,0,0,0,0,0,0,0,0,0,0,0.794173336648191,0,0,0,0,0,0,0,0,0,3.05448153486116,0.339470393848617,0,0.592446589097642,0,0,5.41218364263153,0,0,0,0.592446589097642,0,3.63184704878805,0,0,0,0,0,0,1.34271493053126,0,0,0
"ola_mES_lif_1_54.counts",0.0784746960399632,0,0,0,0,0,0,0.251323498904784,0.0400069353180091,0,0,0,0,2.23726637180149,0,0,0,0,0.0400069353180091,0,0,0,0,0,0,0,0,0.115517339983847,0,2.22410822951116,0.0784746960399632,0,0,0,0,0,0,6.83752685650749,3.3049055917548,0,0,0.219061595799477,0,0,0,0,0,0,0,0,0,0,0,0,0,0,0,0,0,0,0.219061595799477,0,0,0,0,0.0400069353180091,0,0,0,0.0784746960399632,0,0,0.0400069353180091,0,0,0,0,0,0.0400069353180091,0,0,0,0,3.23991743079352,0,0,0,0.0400069353180091,0,0,0,0,0,0,0,0.0400069353180091,0,0,0,0
"ola_mES_lif_1_55.counts",0,0.412072501905245,0,0,0,0,0,0,0,0,0,0,0,5.68084766519589,0,0,0,0.412072501905245,0,0,0,0,0,0,0,0,0,0.412072501905245,0,5.03019791899126,0.412072501905245,0,0,0,0,0,0,6.14433335374532,0,1.80819680985312,0,4.27502870915962,0.412072501905245,0,0,0,0,0,0,0,0.412072501905245,0,0.70304197142557,0,0,0,0,0,0,0,0.412072501905245,0,0,0,0,0.412072501905245,0,0,0,0,0,0,0.70304197142557,0,0,0,0,0,0,0,0,0,0,1.72088897101938,0,0,0,0,0,1.51942728068787,0.412072501905245,0,0,0,0,0,0,0,0,0
"ola_mES_lif_1_56.counts",0.743144155485283,0,0,0,0,0,0,2.65538262872005,0.743144155485283,0,0,0,0,4.23927027413972,0,0,0,0,0,0,3.87968658953976,0,0,0,0,0,0,0,0,1.16473445044374,3.38999930467098,0,0,0,0,0,0,5.84989018600605,3.22905536957344,0,3.27178413195072,0,0,0,0,0,0,0,0,0,0,0,4.17357275796382,0,0,0,0,0,0,0,0,0,0,0,0,0,0,0.743144155485283,0,0,0,1.8737509171921,0,0,0,0,0,0,0,0,0,1.46038264493993,0,1.46038264493993,0,0,0,0,0,5.90246763806049,0,0,0,0,0,0,0,0,0,0
"ola_mES_lif_1_57.counts",2.0571129823984,0.409080836243263,0,0,0,0,0,4.06240617251962,3.10136189628963,0,0,0,0,4.0448585532795,0,0,0,4.78140171733734,0,0,0,0,0,0,0,0,0,0.22531455663515,0,0.409080836243263,3.6868366816849,0.92278965900266,0,0,0,0,0,5.99786115404765,4.60834180007513,2.02427685772069,0.22531455663515,0,0,0,0,0.22531455663515,0,0,0,0,0.22531455663515,0,3.1673510683975,0,0,0,0,0.22531455663515,0,0,0,0,0,0,0,0,4.72921108326226,0,0.564262184538217,0,0,0,0,0,0,0,0,1.01849235901997,0,2.49481861367279,0,0,0,0.409080836243263,0,0,0,0.22531455663515,0,3.58705772333682,0,0,0,0,1.88095516035105,0.22531455663515,0,0,0,0
"ola_mES_lif_1_58.counts",2.84779407405102,0.11749669723012,0,0,0,0,0,4.7233546962843,0.0798444821113814,0,0,0,0,3.44881131971802,0,0,0,0,0,0,0,0,0,0,0,0,0,0,0,0.153782515360471,2.92429778308539,0,0,0.0407189221317605,0,0,0.458582576483503,6.38710556109598,2.35694449910918,0,0.0407189221317605,0,0.0407189221317605,0,0,0,0,0,0.0407189221317605,0.188797646287171,0,0.0407189221317605,0,0,0,0,0,0,0,0,0.0407189221317605,0,1.961392231277,0,0,0,0.0407189221317605,0,0,0,0,0.347548560805311,0,0,0,0,0,0,0.0407189221317605,0.0407189221317605,0,0,0,5.32813638494797,0,0,0,0.752406748039283,0,1.94369912632965,0,0,0.0407189221317605,0.0407189221317605,0.732628404651764,0,0,0,0.0407189221317605,0
"ola_mES_lif_1_59.counts",3.2886425903703,0.390620301903013,0,0,0,0,0,0.214263137740052,4.94212873547163,0,0,0,0,2.92757110935404,0,0,0,4.64196400661398,0,0,1.14757311586381,0,0,0,0,0,0,0,0,3.98984654454443,1.46909037449751,0,0,0,0,0,0,6.34887368979615,3.17551177290427,0,0,0,0,0,0,0.214263137740052,0,0,0,0,0.214263137740052,0,0,0,0,0,0,0,0,0,0,0,0,0,0,0,0,0,0,0,0,0,0,0,0,0,0,0,0,0,0.214263137740052,0,0,3.09229072358092,0,0,0,0,0,3.69355786007252,0.390620301903013,0,0.214263137740052,0,0,0,0,0,0,0
"ola_mES_lif_1_6.counts",1.22407588982313,0.227476424156363,0.0972819950926249,0,0,0,0,5.05634341631986,0.0972819950926249,0,0,0,0,3.71357206670431,0,0,0,0,0,0,0,0,0,0,0,0,0,0.0498235046862666,0,4.04645118611177,0.0498235046862666,0.0498235046862666,0,0,0,0,0,6.5610342787308,2.57316777765491,0,0,0,0,0,0,0.0498235046862666,0,0,0,0,0,0,0.142589857426182,0,0,0,0.0498235046862666,0,0.185933586642654,0,0.0972819950926249,0,0,0,0,0,0,0,0,0.0972819950926249,0,3.12511234103305,0,0,0,0,0,0,0,0,0,0,0,0.822919921872337,0.0972819950926249,1.31036726803383,0,0,0.0498235046862666,0.0498235046862666,0.0498235046862666,0,0,0,0,0,0,0,0,0
"ola_mES_lif_1_60.counts",2.01373546003091,4.09435808556484,0,0,0,0,0,0.769715320956424,3.58369601536751,0,0,0,0,3.03040301273392,0,0,0,0,0,0,0,0,0,0,0,0.109674830701388,0,0.208501112296116,0,5.73479722116632,4.1470387720139,0,0,0,0,0,0.208501112296116,5.69193833436744,4.77913713009503,0,2.74015551639788,0,0,0,0.109674830701388,0.109674830701388,0,0.109674830701388,0,0.109674830701388,0,3.77901011585789,0.298433159592029,0,0,0,0,0,0,0,0,0,0,0,0,0,0,0.208501112296116,0,0.109674830701388,0,0.380940558362102,0,2.28335654453672,0.109674830701388,0,0,0,0.109674830701388,0,0.109674830701388,0,0,3.23703383280277,0,0,0,0.109674830701388,0.109674830701388,0,0.109674830701388,0.714534997343375,0,0,0,0,0,0,0,0
"ola_mES_lif_1_61.counts",0.344070169139759,1.48666297180747,3.42444768764883,0,0,0,0,0.128298697862595,0,0,0,0,0,4.70514249466358,0,0,0,0,0,0,0.128298697862595,0,0,0,0,0.128298697862595,0,0.344070169139759,0,0.344070169139759,0.128298697862595,0,0,0,0,0,0,5.73734698573903,3.38813040353171,0,3.59983128334152,0,0,0,0,0.344070169139759,0,0,0,0.344070169139759,0,0.128298697862595,4.23263730296305,0,0,0,0,0,0,0,0.241992844891551,0,0,0,0,0.128298697862595,0,0,0,0,0,0,0,0.128298697862595,0.128298697862595,0,0.80291276403862,0,0,0,0,0.128298697862595,0,5.6991195553299,0.128298697862595,4.72719396978063,0,0.43668606052727,0,0.43668606052727,0,0,0.128298697862595,0,0,0.241992844891551,0,0,0,0
"ola_mES_lif_1_62.counts",4.3334482249424,0.975650577533275,0.187816076111595,0,0,0,0,0.602372155921012,0,0,0,0,0,5.30843133674047,0,0,0,0.187816076111595,0.187816076111595,0,0,0,0,0,0,0,0,0.975650577533275,0,4.63336401953242,0.187816076111595,0,0.187816076111595,0,0,0,0.187816076111595,4.83299696871078,0,2.72498586946606,0,0,0,0,0.345873010905919,0.187816076111595,0,0,0,0,0,0,3.01658766039187,0,0,0,0,0,0,0,0,0.187816076111595,0.187816076111595,0,0,0,0.187816076111595,0.709540990335622,0.602372155921012,0,0,0.345873010905919,0,0,0.345873010905919,0.187816076111595,2.00214986737819,0,0.187816076111595,0,0.187816076111595,3.02665418389258,0.187816076111595,5.75404079838463,0,0,0,0.482324113633776,0,4.40156589882115,0,0,0,0,0,0,3.49098268553451,0,0,0
"ola_mES_lif_1_63.counts",0,0.340520825147213,0,0,0,0,0,2.3736312978153,2.01368524080987,0,0,0,0,5.88052732046966,0,0,0,0,0,0,4.16963265491402,0,0,0,0,0,0,0.594077406833809,0,0.340520825147213,2.6663544871594,0,0,0,0,0,0,4.413302192424,2.5143866762058,0,2.6663544871594,0,0,0,0,0.340520825147213,0,2.82265789040851,0,0,0,0,1.95800707076414,0,0,0,0,0,0,0,0,0,0,0,0,0,6.03460272130931,0,0,0,0,0,0,0,0,0,0,0,0,0,0,0,0.594077406833809,0.964211204729167,0,0,0,0,0,0,0,0,0.340520825147213,0,0,0,0,0,0,0
"ola_mES_lif_1_64.counts",0,0.562632381474848,0,0,0,0,0,0.320374434137323,0.320374434137323,0,0,0,0,2.14626690973484,0,0,0,0,0.320374434137323,0,0,0,0,0,0,0,0,0.320374434137323,0,2.10110843335367,5.08215467921373,0,0,0,0,0,0,5.70031221050051,2.2308911232196,0,0,0.320374434137323,0,0,0,0,0,0,0,0,0,0,4.49698594921241,0,0,0,0,0,0,0,0,0,0,0,0,0.320374434137323,0,1.7765384752177,0,0,0,0,0,0,0,0,0,0,0.320374434137323,0,0,0,0,6.03075788137516,0,0.320374434137323,0,0.562632381474848,0,1.7765384752177,0,0,0,0.320374434137323,0,0,0,0,0.320374434137323,0
"ola_mES_lif_1_65.counts",0,1.4606850700834,3.66490612307636,0,0,0,0,0.212164092650544,0,0,0,0,0,4.62188390200674,0,0,0,0,0,0,0,0,0,0,0,0,0,0.212164092650544,0,0,3.49369605251759,0,0,0,0,0,0,5.52097013330161,1.0615353407673,0,0.212164092650544,0,0.212164092650544,0,0,0.212164092650544,0,0,0,0,0,0,1.65904933948192,0,0,0,0,0,0,0.387098461824154,0.212164092650544,0,0,0,0,0,0,0,0,0,0,0,0,0,0.212164092650544,0,0,0,0.387098461824154,0,0,0,0,6.09137885989334,0,0,0,0,0,4.8532537381666,0,0,0,0.212164092650544,0,0,0,0,0,0
"ola_mES_lif_1_66.counts",0.0448747220967212,0.651249857453833,3.78326709959696,0,0,0,0,2.99349919644873,0,0,0,0,0,3.66832355988989,0,0,0,0.0878218923229192,0,0,0,0,0,0,0,0,0.720580886876523,2.58779026164033,0,1.79983521136097,0.0448747220967212,0,0,0,0.0448747220967212,0,0,4.85415217345937,4.24430856783055,0,3.61541312549314,0,0,0,0.168549907926946,0.206594666526376,0,0,0,0,0,0,2.71405380664422,0,0,0,0,0,0,0,0.0448747220967212,0,0.0448747220967212,0,0,0,0.129000305578433,0.129000305578433,0.129000305578433,0,0,0,0,0,0.0878218923229192,0,0,2.53827309510149,0.0448747220967212,0,0,0.0448747220967212,0.0448747220967212,5.7745589574264,0.0448747220967212,5.0352929797131,0,0.957965676279899,0.0448747220967212,4.78336322728235,0,0,3.34154338893272,0,0,0,0,0.0878218923229192,0,0
"ola_mES_lif_1_67.counts",1.05056846145653,0.595221882494038,0,0,0,0,0,1.33207945207099,0,0,0,0,0,5.11694045668895,0,0,0,3.36948129511739,0,0,0,0,0,0,0,0,0,0.626759294832264,0,0.0564770928258389,0,0,0,0,0.109934317358462,0,0,5.32186314611767,4.18637892286547,2.75365442099435,0.109934317358462,0,0.0564770928258389,0,0,0.109934317358462,0,0,0,0,0.0564770928258389,0,4.30138959309707,0,0,0,0,0,0,0.0564770928258389,0,0,0,0,0.920546378179229,0,0.0564770928258389,0,0,0,0,0,0,0,0,0,0.0564770928258389,0.0564770928258389,0.160678296358789,0,0.109934317358462,0,0,4.84985041242869,0,0.341258361054851,1.07068541191177,0.160678296358789,0.109934317358462,5.01510344086734,0.0564770928258389,0,5.09332878067889,0,0,0.0564770928258389,0.0564770928258389,0.0564770928258389,0,0
"ola_mES_lif_1_68.counts",2.64726750922005,1.16923597027626,0.183800151054866,0,0,0,0,0.339005632725141,3.28186956991824,0,0,0,0,5.20728735996657,0,0,0,0,0.183800151054866,0,0,0,0,0,0,0,0,1.16923597027626,0,0.183800151054866,0,0,0,0,0.339005632725141,0,0,6.15386371560096,3.75105061715791,0.339005632725141,0.183800151054866,0,0,0,0,0.339005632725141,0,0,0,0,0.183800151054866,0,4.57309546926673,0,0,0,0,0,0,0.183800151054866,0,0,0,0,0,0,4.2134002161483,0,0.183800151054866,0.697576420738449,0,0,0,0,3.05294225094659,0,0,0,0.339005632725141,0,0,0.339005632725141,0,2.03582863034462,0,0.697576420738449,0,0,0.183800151054866,0,0,0,4.15183398276254,0,0,0,1.9534911639984,0,0,0.183800151054866
"ola_mES_lif_1_69.counts",1.56376081622647,0.814885641462215,0,0,0,0,0,4.48056948100349,0,0,0,0,0,2.60927339562497,0,0,0,0,0,0,0,0,0,0,0,0,0,0.350402691681966,0,3.87119226838821,3.5904306990745,0,0,0,0,0,0,6.13596174369162,5.24173813376919,2.04306612638413,0.350402691681966,0,0,0,0,0,0,0,0,0,0,0,0,0,0,0,0,0,0.350402691681966,0,0,0,0,0,0,0,0,0,0,0,0,0,0,0,0.350402691681966,0,0,0.609373223320067,0,0,0,0,0,4.84002168303449,0.350402691681966,0,0,0,0,3.31190208771867,0,0,0,0,0.985278008157315,0,0.350402691681966,0,0,0
"ola_mES_lif_1_7.counts",4.11277303860352,0.649963789618717,0.266323459528094,0,0,0,0,0.266323459528094,0.266323459528094,0,0,0,0,4.97063730813809,0,0,0,0,0,0,0,0,0,0,0,0,0,0.266323459528094,0,3.59452014951808,0,0.266323459528094,0,0.476429384706853,0,0,0,6.34477244654714,3.44075644902858,0.266323459528094,3.83218422365953,0,0,0,0.266323459528094,0.476429384706853,0,0.266323459528094,0.266323459528094,0,0.266323459528094,0,3.5429077768272,0,0,0,0,0,0,0,0,0,0,1.14298001892626,1.14298001892626,0,1.71871506905563,0.266323459528094,0,0,0,0,0,0,0.266323459528094,0,0,1.53942005966691,0,0,0,0,0.266323459528094,3.02189005517978,0,0,2.11911548653688,0,0,0.266323459528094,0,0,0,0,0,0,3.66726361849244,0,0,0
"ola_mES_lif_1_70.counts",0,1.83689930522053,4.10479982927251,0,0,0,0,4.37071621044747,0.423766272490569,0,0,0,0,5.06421357485752,0,0,0,2.82323041915953,0,0,0,0,0,0,0,0,0,0,0,0,0.423766272490569,0.948995437448084,0,0,0.423766272490569,0,0,6.06629172909449,3.02164686912435,0,1.65281074052014,0,0.423766272490569,0,0,0,0,0.948995437448084,0,0,0.423766272490569,0,4.54197465006508,0,0,0,0,0,0,0,0.423766272490569,0,0,0,0,0.423766272490569,0,0,0,0,0,0,0,2.40029105736549,0,0,0,0,0,0,0,0,2.49169970757467,4.51346563528674,0,0,0,0.720474840788322,0,2.94137917149406,0,0,0,0,0,0,0,0,0,0
"ola_mES_lif_1_72.counts",4.42664434689311,0.681506102872935,2.00326910435788,0,0,0,0,4.02385267619864,0,0,0,0,0,4.73411553193238,0,0,0,0,0,0,0,0,0,0,0,0,0,0.614881402449185,0,3.27168464047909,1.68955575981035,0.041594683814498,0.041594683814498,0.041594683814498,0.192568305720705,0,0,6.30370546273435,2.84384949507026,0,0.041594683814498,0.041594683814498,0.119927922340117,0,0,0.156907547229162,0,0,0,0,0,0,0.802756461622042,0,0,0,0,0,0,0,0.041594683814498,0.041594683814498,0,0,0.041594683814498,0.041594683814498,0.0815281190872434,0,0,0,0,0,0,0,0.0815281190872434,0,0,0,0.041594683814498,0,0.041594683814498,0.041594683814498,0,4.9118504074827,0,0.119927922340117,0,0.22700104110212,0,0,0.041594683814498,0,0,0,0,0,0,0,0.041594683814498,2.57295421611122
"ola_mES_lif_1_73.counts",3.33767036049258,0.750794192148226,4.28490496562678,0,0,0,0,0,2.46640542283674,0,0,0,0,5.4469902705263,0,0,0,0,0,0,0,0,0,0,0,0,0,0.537597169638925,0,0,0.0968529551654112,0,0,0.0968529551654112,0.0968529551654112,0,0,4.81166663458933,3.05579081369953,0,4.35129505866003,0.185148162604403,0,0,0,0.185148162604403,0,0,0.0968529551654112,0,0,0,3.09338339620623,0,0,0,0,1.34743766184383,0,0,0,0,0,0,0.0968529551654112,0,0,0.0968529551654112,0.266275902464305,0,0,0,0,0,0,0,0.0968529551654112,0,0,0,0,0.185148162604403,0.0968529551654112,5.42438626150737,0,4.12415609738651,0,0.649866574414591,0,4.46281967292493,0,0,3.05099079680344,0,0,0.0968529551654112,0,0,0,3.02663890457473
"ola_mES_lif_1_74.counts",5.30603209127544,3.21554544704428,3.46083721859346,0,0,0,0,4.44767262776237,4.38371034353952,0,0,0,0,5.40121543314359,0,0,0,3.72290009299369,0.91747933449187,0,4.51496574989795,0,0,2.92199168322594,0,0,0,0.122831009265612,0,0.0633002523486181,2.61573407523293,0,0,0,0,0,0,4.29241256152931,3.70054576450229,0,0,0,0,0,0,0,0,0,0,0,0,0,3.99974564567052,1.5665526481406,0,0,0,0,0,0,0,0,0.330799020259167,0,0,1.88014671718088,0.0633002523486181,0,0,0,0,0,0.0633002523486181,0,0,0,0,0,0.122831009265612,0.0633002523486181,0,0,0,0.502874078169969,0,1.99315168793719,0,0.0633002523486181,0,2.74128891797794,0,0,0,0,0,0,0.649641012251217,0,0,0
"ola_mES_lif_1_75.counts",0,0.487681152224323,0,0,0,0,0,0,0,0,0,0,0,6.47158243418994,0,0,0,0,0.487681152224323,0,0,0,0,0,0,0,0,0,0,1.25679541268886,2.28233107533876,0,0,0,0,0,0,5.71065384717961,1.25679541268886,0,0,0,0,0,0,0.487681152224323,0,0,0,0,0,0,3.43944661629799,0,0,0,0,0,0,0,0,0,0,0,0,0,0,0,0,0,0,0,0,0,0,0,0,0,0,0,0,0,0,1.89564183450588,0,0,0,0,0.814067965888296,0,0,0,0,0.487681152224323,0,0,0,0,0,0
"ola_mES_lif_1_79.counts",0.471169064818163,0.263081616313038,3.54686889762753,0,0,0,0,0,0,0,0,0,0,5.20324083383671,0,0,0,0,0.263081616313038,0,0,0,0,0,0,0.263081616313038,0,0.263081616313038,0,0,0.263081616313038,0,0,0.471169064818163,3.52051065995006,0,0.263081616313038,5.52575262817668,4.05830826085439,1.65116710892435,2.03084508429724,0,0,0,0,0.263081616313038,0,0,0,0,0,0,2.61294664053648,1.0316164759421,0,0,0,0,1.31059944558353,0.263081616313038,0.263081616313038,0,0.918154777391501,0,0,0,0.263081616313038,1.133506426111,0.263081616313038,0,0,0,0,0,0,0.790152090706475,0,0.471169064818163,0,2.81232074588863,0.471169064818163,1.76042810686041,0.471169064818163,4.52377211142844,1.133506426111,0,0,0.263081616313038,0,5.61950093323316,0,0,2.49605403638466,0,0.263081616313038,0,1.99055441538103,0,0,0
"ola_mES_lif_1_8.counts",1.93087354777896,0.66437983487248,3.82698671625363,0,0,0,0,3.06881769063416,1.24591762066884,0,0,0,0,4.71703339016598,0,0,0,3.095849139563,0,0,0,0,0,0,0,0,0,0.111461428556259,0,2.64532899553493,1.31155582186587,0.974842140642309,0,0.111461428556259,0.302865127732112,0,0,6.1680216239055,4.06365599024622,0.463452919329364,0.66437983487248,0,0,0,0.111461428556259,0.111461428556259,0,0,0,1.1001047090221,0,0,4.71174785944143,0,0,0,0,0,0,0.302865127732112,0.111461428556259,0,0,0,0,0,0.66437983487248,0.211735726808477,0.111461428556259,0.111461428556259,0,0,0,0,0,0,0.111461428556259,0,0.535009077966903,0,0.211735726808477,0,0,2.57602580541283,0.302865127732112,0,0.723286209449484,0.111461428556259,0.111461428556259,4.71808715214071,0,0,0,0,0,0,0,0,0.111461428556259,0
"ola_mES_lif_1_80.counts",3.04186604088975,0.315833605374991,0,0,0,0,0,4.74478678656754,0,0,0,0,0,3.85208176194041,0,0,0,3.00759294747212,0,0,0.342555302192144,0,0,0,0,0,0,0.0364671219128122,0,0,2.89299906796168,0,0,0,0,0,0.466399183741087,6.05590948796176,1.45122451864984,0.996376292711333,2.09567398236584,0,0.0716510500372881,0,0,0,0,0,0,0,0,0.0364671219128122,2.40713748276319,0,0,0,0,0,2.25572899046868,0.231096982678481,0.0364671219128122,0,0,0,0,0,4.65176490128921,0.170334178876151,0.0364671219128122,0.138509695236099,0,0.0364671219128122,0,0,2.01978122960479,0.0716510500372881,0.0716510500372881,0,0.105639028401585,0.0364671219128122,0.105639028401585,0,0.0364671219128122,5.36701245306387,0,0.675820593978477,0,0.0364671219128122,0,0.0364671219128122,0.0716510500372881,0,0,0,0,0,0,0,0,0
"ola_mES_lif_1_81.counts",0.632246947574001,0.234716536871868,3.49949598356352,0,0,0,0,0.95061547441523,2.61082166272985,0,0,0,0,4.6907652165171,0,0,0,2.60432137983114,0,0,0,0,0,0,0,0,0,0.162430742187872,0,3.00249944794858,2.35364026379433,0,0,0,0,0,0,6.05454284258189,3.59108382482171,0,0,0,0,0,0,0,0,0,2.11856897955651,0,0,0,4.02896696683997,0,0,0,0.302127497639504,0,0,0.0845097201776358,0.0845097201776358,0,0,0,0,0,0,0.162430742187872,0,0.0845097201776358,0,0,0,0,0,0.0845097201776358,0,0,0.0845097201776358,0.0845097201776358,0,0,0,5.22768861503271,0.234716536871868,0,0,0.162430742187872,0,3.85082282118203,0.0845097201776358,0,3.7440738594224,0,0,0,1.97030160217947,0,0,0
"ola_mES_lif_1_82.counts",1.75422590233351,0.78606501472565,2.34263259412332,0,0,0,0,1.34482500457718,0.261352816631734,0,0,0,0,4.56260433810745,0,0,0,3.80458945442419,0,0,0,0,0,0,0,0,0,0.261352816631734,0,0.139190380176231,0,0,0,0,0,0,0,5.18580937186143,0.370203096139784,0,0.261352816631734,0,0,0,0,0,0,0,0,0,0,0,3.03795829988128,0,0,0,0,0,0,0,0,0,0,0,0,0.139190380176231,0,4.48485707065729,0,0,0,0,0,0,0.139190380176231,0,0,0,0.139190380176231,0,0,1.12843011169655,0,0.78606501472565,0,0,0.557736569820248,0.139190380176231,0,6.31476585586314,0,0,0,0,0,0,0,0,0,0
"ola_mES_lif_1_86.counts",0.422675441632975,1.28928626513217,4.67525451842698,0,0,0,0,2.29683476721253,0,0,0,0,0,3.60469989178279,0,0,0,0,0,0,0.233505253732824,0,0,0,0,0,0,0.581689442518766,0,0,4.41641662569698,0,0,0,0,0,0,5.76598561705207,4.25472065742284,0,5.05101868639517,0,0,0,0.233505253732824,0,0,0,0,0,0,0,1.65025569863409,0,0,0,0,0,0,0,0.233505253732824,0,0,0,0,0,0.233505253732824,0.422675441632975,0,0,0,0.233505253732824,0,0,0,0,0,0,0,0,4.18113015535169,0,0,1.65025569863409,0.581689442518766,3.56083385119928,0,0,0,3.92613651150039,0,0,0,0,0,0,4.12746522576527,0,0,0
"ola_mES_lif_1_9.counts",2.0756881158613,0,0.990552317354988,0,0,0,0,3.42660455138094,0.181607703867141,0,0,0,0,5.01566296076808,0,0,0,0.0949208686537919,0,0,0,0,0,0,0,0,0,0.181607703867141,0,0.0949208686537919,0,0,0.0949208686537919,0,0,0,0,6.61405333109136,2.37565342162122,0,1.86817271522586,0.0949208686537919,0,0,0.181607703867141,0,0,0,0,0,0.181607703867141,0,0.639823705565478,0,0,0,0,0,0,0.639823705565478,0.0949208686537919,0,0,0,0,0.0949208686537919,0.0949208686537919,0,0,0,0,0,0,0,0,0,0,0,0,0,0,0.0949208686537919,0,2.71068869007687,3.2578092702994,0,1.88343017062288,0,0,1.60600676142883,0.0949208686537919,0,0,0,0,0,0,0,0,0
"ola_mES_lif_1_91.counts",2.5242119953515,0.764586349421587,0,0,0,0,0,4.9445868405531,0,0,0,0,0,5.53504512360691,0,0,0,0,0.151875312617167,0,0,0,0,0,0,0,0,0,0,5.24414275518785,5.40013487377743,0.151875312617167,0,0,0,0,0,4.88192306174222,1.85824889077931,0,1.33190589203834,1.62931450458414,0,0,0,0.283696775778298,0,0,0,0.151875312617167,0.283696775778298,0,2.82787344571074,0,0,0,0,0,0,0,0,0,0.151875312617167,0,0.151875312617167,0,0,0,0,0.598877954592748,0,0,0,0,0.283696775778298,0,0,0,0,0,0.838165161863109,0,0.400147841914246,2.84708688630625,0.151875312617167,1.37429050449469,0,0.504441503096505,0,0,0,0,0,0,0,0,1.4149514701564,0,0,0
"ola_mES_lif_1_92.counts",2.56489465835221,0.236376303092143,0,0,0,0,0,4.79646612669559,1.9730006712444,0,0,0,0,4.63653839002298,0,0,0,0,0,0,2.98487717229646,0,0,0,0,0,0,0.0575665368091128,0,0.587760328667409,4.90751783428287,0,0,0,0,0,0,5.63597317092199,3.59227013736206,0,3.45987466110566,0,0.0291974494894328,0,0,0.0575665368091128,0,0,0,0,0.0291974494894328,3.5987755369983,0.465341200795811,0,0,0,0,0,0.0291974494894328,0.138142692548644,0.0291974494894328,0,0.0291974494894328,0,0,0,0.0851529711247049,0.0291974494894328,0.0291974494894328,0,0,4.69752182525164,0.111998779602049,0,0.0851529711247049,0,0,0,0,0,0.0575665368091128,0,0.0575665368091128,2.02516855011597,0,4.66791238624521,0,0,0.0575665368091128,0,0.0575665368091128,0,0.0291974494894328,0,0,1.09362237692435,0,0.0291974494894328,0,0
"ola_mES_lif_1_93.counts",0.461103566819861,0.775485480356292,3.28751401522461,0,0,0,0,1.44031533213,2.04600954824936,0,0,0,0,4.82752608096103,0,0,0,4.49378360888091,0,0,0,0,0,0,0,0.256896683462296,0,0,0,1.57025000483527,1.29094024361921,0.256896683462296,0.256896683462296,0,0,0,0,6.27397841036726,4.74697786813811,0,1.3684143133053,0,0,0,0,0,0,0,0,0.256896683462296,0,0,2.39416034155446,0,0,0,1.83616028936383,0,0,2.56567011067982,0,0,0,0,0,0.256896683462296,0,0,0,0.461103566819861,0,0,0,0.461103566819861,0.630598476898714,2.98296808710974,0,0,0,0,0,0.256896683462296,0,2.87333624178928,0.256896683462296,0,0,0,0,3.19593153661202,0.256896683462296,0.630598476898714,0,0,0,0,0,0,0,1.88180113925759
"ola_mES_lif_1_95.counts",2.21375936998664,0.231511552885754,0,0,0,0,0,0.0717899929463526,0,0,0,0,0,2.73691999037422,0,0,0,0,0,0,0,0,0,0,0,0,0,0.036539083564479,0,5.47298547473346,0.0717899929463526,0.036539083564479,0,0.036539083564479,0,0,0,5.76203886072688,0,0,0.036539083564479,0,0,0,0,0,0,0,0,0,0.036539083564479,0,2.7393274778565,0,0,0,0,0,0,0,0.105840471912889,0,0.036539083564479,0.036539083564479,0,0,0,0,0,0,0,0,0,0,0.036539083564479,0,0,0,0.0717899929463526,0,0,0,0,5.80162017955534,0,1.24016379530863,0,0,0,0,0,0,4.32763137797346,0,0,0.598136535362944,0,0,0,0
"ola_mES_lif_1_96.counts",4.19624886337592,0.189523789594162,0.00865716328634147,0,0,0,0,0.657694963719984,2.88882289443467,0,0,0,0,4.19768742803089,0,0,0,0,0.0172400228955009,0,0,0,0,0,0,0,0,0.122590283142316,0,0.00865716328634147,1.6569006262812,0,0,0,0,0,0,5.00902326500075,2.85836885401468,0,3.71854748339869,0,0.0172400228955009,0,0,0.0672454408437834,0,0.00865716328634147,0,0.0172400228955009,0.00865716328634147,0.00865716328634147,2.21342332933122,0,0,0,0,0.145402878970101,0,0,0.0672454408437834,0,0.00865716328634147,0,0.00865716328634147,0.00865716328634147,0.0341878576181377,0,0,0,0,2.13124052496953,0,0,0.042555267036898,0,0,1.7696939977468,0.042555267036898,0,0.00865716328634147,1.91555404389294,0,6.4218715143713,0.0257498434648602,0.00865716328634147,0,0.0992450994383586,0,0,0.042555267036898,0,0,0,0,0,0.0172400228955009,0,0.0172400228955009,0
"ola_mES_lif_2_1.counts",3.38336434369995,0.318164224044876,3.3510699311409,0,0.559160810609531,0,0,0.17168265778398,0.445904935586799,0,0.17168265778398,0,0,5.16265811293798,0.17168265778398,0,0.660884783086507,1.11851651853064,0.17168265778398,0.17168265778398,0,0,0,1.17791993004449,0,0,0,0,1.83168951335357,3.45686425339933,0.17168265778398,0.17168265778398,0,0,0,0,0.318164224044876,4.25810561813205,2.5924047929329,0,3.84377504680279,0,0,0,0,0,0,0,0,0,0.318164224044876,0,3.79445112934527,0.753209741471654,0,0,0,0,0,0,0,0,0,0,0,0,0.987944728214853,0.17168265778398,0,0,0,5.58782793111363,0,0,0,0,0,0.17168265778398,0,0,0.17168265778398,0,0,5.31920556652612,0.318164224044876,2.16094556962451,0.445904935586799,0,0,1.94499998730494,0,0,4.21754186818718,0,0,0,0,0,0,0
"ola_mES_lif_2_10.counts",3.40899549790138,1.59262368156513,3.41820582877256,0,0,0,0,4.33774867342569,1.03618217258491,0,0,0,0,4.69379342590852,0.53027437508789,0,1.79768675550515,0.246672096912683,0,1.96777045507968,0,0,0,0,0.130922733553368,0,0.246672096912683,0,0.130922733553368,3.65758278092016,0,0,0,0.350402691681966,0,0,0,5.58953336775624,4.45651633061668,0,0,0,0,0,0,0,0,0,0,0.6826714634291,0,0,3.41820582877256,0,0,0,0.814885641462215,0,0.246672096912683,0,0,0,0,0,0,0,0,0,0,0,0,3.75054522612521,0,0.350402691681966,0,0,0,0,0,0.246672096912683,0,0,0.130922733553368,5.15440031462965,0,1.29683846207723,0,0.246672096912683,0,3.23234741025408,0.130922733553368,0,3.16970203697772,0,0,0,3.9735907943457,0,0,0
"ola_mES_lif_2_11.counts",0.450879655015423,0.250639009284399,3.61819982092754,0,0,0,0,0.0907075381420929,0,0,0.250639009284399,0,0,4.52445596539547,0.0907075381420929,0,0.0907075381420929,0.173867131455882,0.0907075381420929,0.617635904565351,3.2606495881131,0,0,0,0,0,0.5096095409225,0,2.07081155034047,5.14419232254865,0,0,0,0,0,0,0.388484170235358,4.50155098999877,3.56052156914301,0,1.56818855733373,0,0,0,0,0.0907075381420929,0,0,0,0.0907075381420929,0.0907075381420929,0,3.56052156914301,0.173867131455882,0,0,0,0,0.0907075381420929,0,0,0,0,0,0,0,0.0907075381420929,0,0.0907075381420929,0,0,1.99627251272997,0,0,0,0.173867131455882,0.0907075381420929,0,0,0,0,0.250639009284399,0,6.20785003109299,0,0.923933310029247,0,0,0.0907075381420929,0,0,0,0,0,0,0.0907075381420929,0,0,0,0
"ola_mES_lif_2_12.counts",5.6035302303025,5.03778109433972,5.18520349818723,0,0,0,0,3.82333242791272,4.67848555090005,0,0,0,0,4.52936406266854,0,0.00569321996869498,0.016983334699899,3.68160605299166,0,0.016983334699899,3.18388802031344,0,0,1.89582995773525,0,0,0,1.49769036393782,0.138409624723231,0,0,0.00569321996869498,0,0,0,0,0,1.99688088866266,3.49343427004606,0,2.47744325143459,0,0,0,0,0,0,0,0,0,0,0.00569321996869498,2.85337206743542,2.02364809950136,0,0,0,0,0.016983334699899,0,0,0,0,0,0,0,0.689864570284187,0,0,0,0,0,0,0,0,0,0,0,0,0,0,0,0,0.016983334699899,0.00569321996869498,0.0768984466099145,0,0,0,1.74227193723682,0,0,1.17322419732671,0,0,0,1.70353695419205,0,0,0
"ola_mES_lif_2_13.counts",3.35699463344666,0.132838582719829,1.29524534583661,0,0.0462681402924801,0,0,0,0.286295972324042,0,0,0.0904898743053355,0,4.79460008651465,1.01237981673233,0,0.387675890340931,3.29926511262367,0,0.0462681402924801,0,0,0.508606940411894,0,0,0,0.286295972324042,0,0.884038719607108,0,0.64172178133081,0,0,0.0462681402924801,0,0,0,4.20700681097244,3.12810841988946,0,5.06816351882702,0.0462681402924801,0,0,0,0,0,0.0904898743053355,0,0,0.0904898743053355,0,3.95036270580624,0,0,0,0,0,0,0,0,0,0,0,0.0462681402924801,0,5.65344778830777,0.0462681402924801,0,0,0,0.0462681402924801,0,0,0,0,0,0,0.0462681402924801,0,0.0462681402924801,4.02244272896086,0,1.55626109877739,0.132838582719829,0,0.419307081671494,0.0904898743053355,0,2.83356983739106,0,0,5.07676989130241,0,0,0,0.419307081671494,0,0,0.56399668239235
"ola_mES_lif_2_14.counts",3.33918999774598,0.305899450134215,1.91912514624845,0,0.085683484338876,0,0,0,0.164601211644122,0,0,0,0,5.11286584943874,0,0.369704733748254,0.237743906585319,2.14180126180687,0.085683484338876,0.085683484338876,0.429681934496527,0,0,1.6145776603373,0,0,1.39666268183758,0.085683484338876,0.924593970783579,0,2.66856178348447,3.26341564473794,0,0,0,0,0,5.21950824194557,3.47818824283437,0,3.84022349984636,0,0.305899450134215,0,0.085683484338876,0,0,0,0,0.164601211644122,0.164601211644122,0.085683484338876,3.51078405917437,0.085683484338876,0,0,0.237743906585319,0,0,0,0,0,0,0,0,0,1.6145776603373,0,0,0,0,0,0,0.085683484338876,0,0.085683484338876,0,0,0,0,0.085683484338876,0,0,4.23914511955337,0,1.17450363843194,0,0.429681934496527,0,5.79486494554582,0,0,2.81811247492229,0,0,0,3.48917199312729,0,0,0
"ola_mES_lif_2_15.counts",1.29123762162257,0.0569532706052925,3.46947786729874,0,0.0569532706052925,0,0,0,2.54787163531984,0.343763014507769,0,0.461255104797483,0,5.9291799063509,0.256989620781107,0.161964946152936,0,1.03560027378756,0,0.301317225237408,1.91722077058221,0,0,0.210605570158094,0,0,0.210605570158094,0,0.661502455832387,0.210605570158094,0.0569532706052925,0,0,2.44661109802303,0,0,0,3.04379657202695,4.39224718548382,0,4.94048762978762,0,0.0569532706052925,0,0,0,0,0,0.0569532706052925,0,0.0569532706052925,0,3.51756722346778,0,0,0,0,0,0,0,0,0,0.0569532706052925,0,0,0,3.88819689301399,0,0.0569532706052925,0,0,0,0,0,0,0.0569532706052925,0,0,0,0,0,0,0.110836906986712,0.0569532706052925,0,1.05619281002837,0,0.0569532706052925,0,5.46858721199559,0,0,0.0569532706052925,0,0,0,0,0,0,0
"ola_mES_lif_2_16.counts",0.851548908006925,0.0650043606328165,0.472795416670004,0,0,0,0,0.0650043606328165,0.430033760537098,0,0,0,0,4.40343019566617,0,0,0.183563313535665,0,0,0.729777448196837,0,0,0,3.84600345885937,0,0,0.237957056776269,0.0650043606328165,2.87490587491165,3.28555038664037,2.71942104290251,0,0,0,0,0,0,5.50620346443544,4.32836655694803,0,0,0,0,0,0,0,0,0,0,0,0.126039837162371,0,0.985477911390087,0,0,0,0,0,0,0.822467792680929,0,0,0,0,0,0,0,0,0,0,0,0,0.126039837162371,0,0,0,0,0,0,0,0,0,0,5.9585715051761,0,0.472795416670004,0,0.237957056776269,0,2.86347234423264,0,3.00943671486965,4.21399797296836,0,0,0,0,0,0,0
"ola_mES_lif_2_17.counts",0.673729094702844,0.0770797425428793,5.31637450454623,0,0.215421505220299,0,0,2.54150103944901,1.50975923024371,0,0,0.336930007286108,0,5.70444464853307,0.0770797425428793,0.215421505220299,0.215421505220299,0,0,0,1.37744118458301,0,0,0,0,0,0.148641024016289,0,1.62659753271693,4.98820614358281,1.151666851624,0,0,0.0770797425428793,0.148641024016289,0.148641024016289,0,5.17864552899713,3.62108778397262,0,0.215421505220299,0,0,0,0,0,0,0,0,0.148641024016289,0.278020161540044,0.148641024016289,4.59103225320227,0,0,0,0,0,0,0,0,0,0.0770797425428793,0,0,0,0.0770797425428793,0,0.0770797425428793,0,0,0,0,0,0,0,0,0,0,0,0,0,0,1.49189523250535,0,0,0,0.0770797425428793,0,1.33618120680019,0,0,2.07582925599392,0,0,0,0.278020161540044,0,0,0.0770797425428793
"ola_mES_lif_2_18.counts",3.38004075479626,0.164669126682489,4.93068452010255,0,0,0,0,0.0857202308622584,0,0.164669126682489,0,0.590844923087013,0,4.67003281775733,0,0,0.429838229436524,0,0,0,0,0.771736154258763,0,0.164669126682489,0,0,0.237838592619567,0,0.237838592619567,5.44675164550685,2.90546752011261,0.237838592619567,0,0,0,0,0,5.27960447911014,4.2725767502078,0,0.729487654270543,0,0,0,0,0,0,0,0,0,0.486436822533923,0,3.86158761499197,0,0,0,0,0,0.0857202308622584,0,0,0,0,0,0,0,0,0,0,0,0,4.91963592632456,0,0,0,0,0,0,0,0,0.0857202308622584,0.0857202308622584,0,1.05762743792281,0.164669126682489,2.69952926078528,0,0.0857202308622584,0,1.39699940965856,0,0,1.44032154145419,0,1.35171514629095,0,0.486436822533923,0,0,0
"ola_mES_lif_2_19.counts",4.23119118304762,0.138899909674721,0.138899909674721,0,0,0.138899909674721,0,0,0,0,0.138899909674721,0,0,4.74486215642974,0.260838623660653,0,0.138899909674721,0,0,0.138899909674721,0,0,0,0,0,0,0.369511292436115,4.27980486586789,0.970437944298393,0.369511292436115,3.85739419335896,0.46752327960639,0,0,0.138899909674721,0,0.138899909674721,5.12685394620455,1.3813274944063,0,4.18009291076423,0,0.369511292436115,0,0,0.260838623660653,0,0,0,0,0,0,4.23335469795762,0,0,0,0.46752327960639,0,0,2.11642964279425,0,0,0,0,0,0,1.55291565267004,0.369511292436115,0,0,0,1.174071073376,0,0.138899909674721,0,0,0,0,0,0,0,0,0,5.02352656162241,0.138899909674721,0.138899909674721,0.63871978913643,0,0,5.15217814395326,0.138899909674721,0,4.00626516817279,0,0,0,0,0,0,0
"ola_mES_lif_2_2.counts",0.551384709771008,0.219310811130223,0.399069022342338,0.551384709771008,0,0.399069022342338,0,0.219310811130223,4.55817316550473,0,0,0,0,5.04814115384254,0.219310811130223,0,1.08577894373345,0,0,0.219310811130223,0,0,0,0,0,0,0,0,2.30986602623119,5.75296802372397,0.904748158106143,0.219310811130223,0,0,0.219310811130223,0,0,5.37553948561968,3.52221207072106,0,0.219310811130223,0,0,0,0,0,0,0,0,2.03089350121228,0.219310811130223,0,3.51494343472728,0,0,0,0.219310811130223,0,0,0,0,0,0,0,0,0,0.999354487458649,0,0,0,0,0,0,0,0,0,0,0,0,0,0.219310811130223,0.219310811130223,0.219310811130223,3.77661498440445,0,1.6889749654439,0,0.219310811130223,0,4.20415079650986,0.219310811130223,0,1.59401801611707,0,0,2.60314369022831,0,0,0,0
"ola_mES_lif_2_20.counts",4.75772637605378,0.33491222460475,4.9935144959858,0.055274900341865,0,0,0,3.3238643686479,2.33960445862942,0,0,0,0,5.58072783947365,0.157425278697422,0,0.204836508869567,0.055274900341865,0,0.055274900341865,0,0,0,3.95951983205447,0,0,0.055274900341865,0.293405602654356,0.860332405311513,0,1.86497669091304,0,0,0,0.055274900341865,0,0,3.68425979786866,4.6463627415307,0,3.77559194958607,0,0,0,0,0,0,0,0,0,0,0.055274900341865,4.4399303631305,0,0,0,0.055274900341865,0,0,0,0.055274900341865,0,0,0,0,0,0.293405602654356,0.055274900341865,0.055274900341865,0,0,0.157425278697422,0,0.055274900341865,0,0,0,0,0,0,0.055274900341865,0,0,3.57103319186229,0,0,0,0,0,4.27166830049532,0,0,0.6165179779715,0,0,0,1.20299483138105,0.250101295976542,0,0
"ola_mES_lif_2_21.counts",3.89793261748626,0.230304641237166,5.03059025301868,0,0.0627361532704753,0,0,0.499233933670251,0.230304641237166,0,0,0,0,5.54176361370616,0,0,0,1.65028839473245,0,0.328206191598299,0.0627361532704753,0,0.121767748268192,0.459140369660064,0,0,0.177508004678094,0,0.937621970176508,0,0,0,0,1.27810621203463,0,0,0,4.93288430036931,3.99067919065309,0,1.5175469371347,0,0,0,1.31354264193478,0,0,0,0.0627361532704753,0,0.177508004678094,0,4.21299769152237,0,0,0,0,0,0,0,0,0,0.0627361532704753,0,0,0,4.08757192238168,0.0627361532704753,0,0,0,3.80582763902336,0,0,0,0,0,0,0,0,0,0,0,4.46123103005878,0.0627361532704753,0,0,0,0,0.177508004678094,0,0,4.42001782144478,0,0,0,0,0,0,0
"ola_mES_lif_2_23.counts",1.21499948720579,0.233779441270262,3.20692159130862,0.123705823543193,0,0.123705823543193,0,0.123705823543193,0,0,0,0,0,5.34952131009114,0,0,0.719527763077798,0,0,0,0,0,0,0,0,0.233779441270262,0.332929341312724,3.0821805476011,1.36021317627073,6.12010175663338,0,0,0.123705823543193,0,0,0,0,4.6492135336486,2.59362601647284,0,3.32731088238499,0,0,0,0,0,0,0,0,0,0.233779441270262,0,2.61312095128072,0,0,0,0,0,0,0.233779441270262,0,0,0.123705823543193,0,0,0,4.39197500983839,0.332929341312724,0,0,0,0,0,0,0,0,0.123705823543193,0,0,0.123705823543193,0.332929341312724,0,0.123705823543193,0.123705823543193,0,0,0,0,0,3.74903610482447,0.123705823543193,0,0,0,0,0,0.123705823543193,0,0,1.8561416046853
"ola_mES_lif_2_25.counts",3.98942448754302,0.252014797595158,0.620493273434394,0,0,0.889156045551194,0,1.19177489366659,0,0,0,0,0,5.9856357554566,0,0,0,0,0,0,0.252014797595158,0,0,0,0,0,0,0.252014797595158,1.00051807078698,4.01042384703334,0,0,0,0,0,0,0,5.2494031620118,5.2524084731519,0,3.30939589540187,0,0,0,0.252014797595158,0,0,0,0,0,0,0,2.20002311629101,0,0,0,0,1.27523309467631,0,0,0,0,0,0,0,0.252014797595158,0,1.00051807078698,0,0,0,3.56653692107062,0,0,0,0,0,0,0,0,0.252014797595158,0,0,3.43703362314785,0,0,0,0.252014797595158,0,1.61195694966242,0,0,0.763820115062593,0,0,0,0,0,0,0
"ola_mES_lif_2_26.counts",0.271310157441363,0.222619788691404,3.54922394542123,0,0,0,0,0,1.05434374045197,0,0,0,0.117492090289714,4.88256482738871,0.593532775163813,0,1.23288624722948,0.0604706024610314,0,0.117492090289714,0,0,0,0.0604706024610314,0.0604706024610314,0,0.271310157441363,2.3187975533828,1.35260129211028,0.117492090289714,2.6586951099062,0,0,0,0,0,0.0604706024610314,5.21130893636414,4.03608035009342,0,0,0,0,0,0,0.0604706024610314,0,0,0,0,0,0.0604706024610314,3.8568468288883,0,0,0,3.47869929459985,0,0,0,0,0,0,0,0,0,5.25195353584105,0,0,0,0,0,0,0,0,0,0,0,0,0,0,0,0,3.3986633171293,0,0,0,0.317739441324617,0,5.21232846310662,0,0,4.46187895855085,0,0,0,0.117492090289714,0,0,0
"ola_mES_lif_2_27.counts",4.04762575403522,0,0,0,0.264270399543339,0,0,5.03927154639151,1.5325059089889,0,0,0.264270399543339,0,4.63410621345421,0.264270399543339,0,0,0,0.264270399543339,1.22959455885427,0,0,0.264270399543339,0,0,0,0.473099256316716,0,3.36135376835608,3.39234606353145,0,0,0.264270399543339,0,0.264270399543339,0,0,6.21358276956439,3.58595262181841,0,0,0,0,0,0,0,0,0,0,0,0,0,3.69690823802567,0.264270399543339,0,0,0.473099256316716,0,0,0,0,0,0,0,0,0.264270399543339,1.22959455885427,0.473099256316716,0,0,0,0,1.1369872505072,0,0,0,0,0,0,0,0,0.264270399543339,0,1.76467692902759,0,0,0.792956928974259,0,0,3.47058272838251,0,0,1.95297183875224,0,0,0,0.264270399543339,0,0,0
"ola_mES_lif_2_28.counts",1.47391481690765,0,0.610620501118429,0,0.351210852960833,0,0,0.190945460249284,0.351210852960833,0,0.190945460249284,0,0,5.87828489340508,0.48930386760495,0,0.905332529518845,0,0,0.98699054041289,4.67906608912976,0,0,0,0,0,0,0,3.38110058107811,0,2.76870204993379,0,0,2.0178581840713,0,0,0,5.4476954722894,4.95111471580091,0,2.38770640384784,0,0,0,0.351210852960833,0,0,0,0,0,0,0.190945460249284,0.351210852960833,0,0,0,0,0,0,0,0.190945460249284,0,0,0,0.351210852960833,0,0,0.190945460249284,0.190945460249284,0,0,1.60893284066108,0,0.190945460249284,0,0.190945460249284,0,0,0.190945460249284,0,0,0,0,3.22665529053742,0.48930386760495,4.00862531337115,0.190945460249284,0,0,1.47391481690765,0,1.79996611199372,1.13267045430356,0,0,0,0.190945460249284,0,0,0
"ola_mES_lif_2_29.counts",2.90828766792117,0.432703107078798,0,0,0.239575215651784,0,0,3.24394075843524,0,0,0,0,0,5.19712010297481,0.239575215651784,0.594501721012087,0,0.239575215651784,0,0,0.239575215651784,0,0,0,0,0,0.964797255646136,2.08423512342076,2.01450590145547,0,0.239575215651784,0,0,0.239575215651784,0,0.432703107078798,0.239575215651784,5.46487509715373,2.86295857972634,0,5.96269375320181,0,0,0,0.239575215651784,0,0,0,0,0,0,0,2.21060989818696,0,0.239575215651784,0,0.594501721012087,0,0,0,0.239575215651784,0,0,0,0,0,0,0,0,0.239575215651784,0,0,0.239575215651784,0,0,0,0,0,0,0,0,0,0.239575215651784,0,0.432703107078798,1.5083394916515,0,0.594501721012087,0,4.60054118874679,0,0,1.85851196975552,0,0,0.239575215651784,0.239575215651784,0,0,0
"ola_mES_lif_2_3.counts",1.25053529994214,0.809198014154933,0.712175782478335,0,0,0,0,0.347390019898407,0.188704740720539,0,0,0,0,6.16361644733717,0,0.188704740720539,0,0,0,1.94916844577681,0,0,0,0,0,0,0.188704740720539,0,1.46393783539685,2.03416932557059,0,0,0,0,0,0,0.188704740720539,5.01279978962171,3.85239866198265,0,3.3967917061406,1.12390413577544,0,0,0,0,0,0,0,0,0,0,2.37594363738609,0,0,0,0,0,0.188704740720539,0.484308918623351,0.347390019898407,0,0,0,0,0,0.188704740720539,0,0,0,0,4.62433122946684,0,0,0,0.188704740720539,0,0,0,0,0,0,0,1.05401891312529,0.347390019898407,0,0,0,0,4.89256405491946,0,0,0,0,0,0,3.45092662905889,0,0,0
"ola_mES_lif_2_30.counts",5.16269794664217,0.0642357817586119,5.6122732621077,0,0,0.0888176131364532,0,4.3490063235377,4.2911353740569,0,0,0,0,4.9004559644452,0,0,0.0261915056791434,3.42368311304163,0,0.0642357817586119,1.78993334856188,0,0.0766022288500851,3.85751981041158,0,0,0,2.38251858261261,0.256123826891049,0,2.0274339234986,0,0,0.039034422843539,0,0,0,2.74784147818965,3.82331250838716,0,0.039034422843539,0.0261915056791434,0,0,0,0,0,0,0.0131814997599166,0,0.0261915056791434,0,3.83942163703549,2.85189499787396,0,0,0,0,0,0,0,0,0.0131814997599166,0,0,0.0131814997599166,0.0261915056791434,0.0131814997599166,0,0,0,0.256123826891049,0,0,0.0517144887617122,0.0131814997599166,0.0131814997599166,0,0,0.372347935664011,0,0,0,0,0,0.315923437214788,0,0.0131814997599166,0,1.70681467549111,0,0,0.0131814997599166,0,0,0,3.86283025243531,0,0,0
"ola_mES_lif_2_31.counts",3.40632483395339,0.187339678767446,4.08794902985396,0.0980504584460438,0,0,0,4.19594867529084,0.708126627848356,0,0,0,0,5.48065051284937,0.0980504584460438,0,0.481259198130806,4.12359392787917,0,0.269305747992308,1.45782170569423,0,0,1.88144717192044,0,0,0.269305747992308,0,0.934239329563135,2.64499267471146,2.31930859118032,0,0,0,0,0,0.269305747992308,4.00324531101233,4.84412056840297,0,2.83737389383125,0,0,0,0,0,0,0,0,0,0,0.187339678767446,5.46376850779423,0,0,0,0.187339678767446,0,0,0,0,0,0,0,0,0,3.96685725717487,0,0,2.42496590090728,0,2.04072652118434,0,0,0,0,0,0,0,0,0.187339678767446,0,0.0980504584460438,1.65321669339781,0,1.65321669339781,0,0,0,0,0.0980504584460438,0,0,1.24485825619196,0,0,0,0,0,0
"ola_mES_lif_2_32.counts",4.06785864907487,0.194826395634677,0.194826395634677,0,0,0,0,0.194826395634677,4.02652253193587,0,0,0,0,5.28733993279757,0.918568196709192,0,0.730202140329799,0,0,0.35781432471187,0,0,0,1.70785244179357,0,0,0.194826395634677,0,1.88594789271411,3.75488730556013,0.194826395634677,0.194826395634677,0,0,0,0,0,4.8496360929077,4.61320194469323,0,0,0,0,0,0,0.194826395634677,0,0,0.194826395634677,0.194826395634677,0.194826395634677,0,4.28238870183435,0,0,0,0,0,0,0,0,0,0,0,0,0.194826395634677,0,0.35781432471187,0,0,0,0,0,2.81554652850326,0,0,0,0,0,0,2.64767022563188,0,0.194826395634677,1.66808418900603,0,0,0,0,0,5.16978100645202,0.194826395634677,0.918568196709192,0,0,0,0,4.83777454256585,0,0,0
"ola_mES_lif_2_33.counts",3.63467347778782,0,0.845018657121341,0,0.13763613355883,0.63411215345521,0,1.60624557133513,0,0,0,0,0,4.90295707488099,0.13763613355883,0,0.366498162369558,0.13763613355883,0,0.463879707460719,0,0,0,0.709466008908486,0,0.258600137456005,0.366498162369558,0,1.60624557133513,0,0,0.13763613355883,0.13763613355883,0,0,0,0.258600137456005,4.97174710152124,2.90494703331481,0,5.31686713702603,0,0,0,0,0,0,0,0,0,2.42737058998014,0,5.03706661793998,0,0,0,0,0,0,0,0.13763613355883,0,0,0,0,0,0,0.13763613355883,0.463879707460719,0.63411215345521,0,4.63579713799815,0,0,0,0,0,0,0,0,0,0,0,0,0.13763613355883,0.13763613355883,0,0.906474374634288,0,3.07537990200219,0,0,5.09476900811231,0,0,0,0.258600137456005,0,0,0
"ola_mES_lif_2_34.counts",4.02069533487386,2.25895894715294,5.17221816613081,0,0.0480954393557751,0,0,3.82507899278002,3.21867083736384,0,0,0,0,5.35880193357592,0.179887905446467,0,0.0480954393557751,4.79720658681065,0,0.0939834678826662,2.30914610028451,0,0,2.01540217330651,0,0,0.137857849717295,0,0.927188954130162,0,0.824631741974557,0,0,0.0939834678826662,0,0,0,3.15561568740613,4.27322768250097,0.0480954393557751,4.24678760772181,0,0,0,0.0480954393557751,0,0.137857849717295,0,0,0,0.0939834678826662,0,3.61270604122728,0.296316349012288,0,0,0.0480954393557751,0,0,0,0,0,0.0480954393557751,0,0,0,0.0480954393557751,0.332296629606199,0,0.0480954393557751,0,0,0,0,0,0,0,0,0,0,0.0480954393557751,0.0480954393557751,0,0.0480954393557751,0,0,0.0480954393557751,0,0,4.82921833394385,0,0.220222458170136,0.0939834678826662,0,2.93315215408403,0,0,0,0,0
"ola_mES_lif_2_35.counts",3.23157166011519,0.545779253392476,0,0,1.2643625314702,0,0,2.6438423371286,2.61770047465051,0,0,0,0,3.1097575012851,2.34539422256084,0,2.06642617356777,0,0,2.89369351846225,0,0,0,0,0,0.736651599568968,0.30967084261122,0.30967084261122,4.02842577861557,2.6438423371286,2.74206870500304,0,0,0.30967084261122,0.545779253392476,0,0.30967084261122,5.37304933376115,1.60798495177166,0,0,0,0,0.30967084261122,0,0,0,0,0,0,0,0,3.91929234540842,0,0,0,0,0,0.736651599568968,0,0.30967084261122,0,0,0,0,0,4.89399951297731,0,0,0,0,0,0,1.36195332011482,0.30967084261122,0,0,0,0,0,0,0,0.896865528807284,5.69802485449654,0,4.58409669704277,0,0.30967084261122,0,0.736651599568968,0,0.30967084261122,1.36195332011482,0,0,0,0,0,0,0
"ola_mES_lif_2_36.counts",5.37950553582348,1.99492013492008,4.79349010825955,0,0,0,0,3.0394496051546,4.86406932758463,0,0,0,0,4.93230062590927,0.113187433199579,0,0.0768633874869114,3.85564180433697,0,0,2.99447914181019,0,0,3.6009485040887,0,0,0.0768633874869114,0,0.630654528559228,0,0,0,0,0,0.0391700095641477,0,0,3.98916971015496,3.83859157257453,0,4.42282450075221,0,0,0,0,0,0,0.214856199984566,0.0391700095641477,0,0.0391700095641477,0,4.10892043512137,1.51629292575518,0,0,1.04294960335879,0,0,0.0391700095641477,0,0,0.0391700095641477,1.07071643936283,0,0,0,0.0391700095641477,0,0,0,0,0.0391700095641477,0,0,0,0,0.0391700095641477,0,0,0.0768633874869114,0,0.113187433199579,1.02877160509915,0,0.364240230806364,0,0,0,2.88467193598236,0,0,1.05692939291265,0,0,0.0768633874869114,0,0,0,0
"ola_mES_lif_2_37.counts",3.3284956159414,0.373843133356051,3.37091574344161,0,0,0.264059829694226,0,0.472757464662059,0.264059829694226,0.264059829694226,0,0.264059829694226,0,4.83478174405251,0,0,0,0,0,0.264059829694226,0,0,0,3.12495362063655,0,0,0,0,1.53179486181047,2.79804393012244,4.36714230972005,0.140720658556992,0,0.373843133356051,0,0,0,5.31555833352079,3.69976738106648,0,3.33927053728407,0.264059829694226,0,0,0,0,0,0,0.140720658556992,0,0.140720658556992,0,3.91419049455628,1.22895283994971,0,0,0,0,0,0,0,0,0,0.264059829694226,0,0.140720658556992,0.140720658556992,0,0,0,0,0,0,0,0,0,0.140720658556992,0,0,0,0,0,0,1.83873955649117,0,0.920693235743369,0.264059829694226,1.68305791855439,0,5.89076809830594,0,0,0,0,0,0,1.65458056850479,0,0,0
"ola_mES_lif_2_38.counts",3.56013356302411,0.463168837699439,3.75024883880979,0,0.708492750234606,0,0,4.1776446754497,0,0,0,0.137389918312052,0,5.67882460843068,0.137389918312052,0,0.843925886696946,0.137389918312052,0,0.633212674020147,0,0,0,2.52472666974531,0,0,0.258163770126481,0.258163770126481,1.57467264928595,4.42453792318273,2.43856194664808,0,0,0,0,0,0.633212674020147,5.24134173077055,2.68761703632562,0,0.258163770126481,0,0,0,0,0.258163770126481,0,0,0,0,0.258163770126481,0.137389918312052,4.6882082896915,0,0,0,0,1.57467264928595,0,0,0,0,0,0,0,0,3.3564711136179,0,0.137389918312052,0,0,2.12390931231874,0,0,0,0,0,0.137389918312052,0.137389918312052,0,0,0,0.137389918312052,3.07355205239854,0,1.16600020738592,0,0,0,4.34945095190605,0,0.258163770126481,0.905332529518845,0.137389918312052,0,0,1.5117390203658,0,0,0
"ola_mES_lif_2_39.counts",0.441634430084152,0.746922123813293,1.64177985506651,0,0.441634430084152,0.24500174485941,0,1.58652328519786,3.43344972417982,0,0,0,0,4.68619989200341,2.26242223710757,0,0.605883386677237,5.24001808594728,0,0.24500174485941,0,0,0,0,0.24500174485941,0,0.605883386677237,0.24500174485941,0.980482163354984,2.93214832165632,0,0,0.605883386677237,0,0,0,0,5.67848080192711,0.746922123813293,0,2.17173116297554,0,0,0,0,0,0,0,0,0,0,0.24500174485941,5.15882232358815,0.24500174485941,0,0,0,0,0,0,0.24500174485941,0,0,0,0,0,3.47727717967418,0.24500174485941,0.24500174485941,0.24500174485941,0,0,0.441634430084152,0,0,0,0,0,0,0,0,0,0,2.20288438943033,0,0.441634430084152,0,0,0,1.79129665624252,0.24500174485941,0,0,4.66026496295522,0,0.441634430084152,0,0,0,2.07198739869698
"ola_mES_lif_2_4.counts",1.59934590561014,0.0841326653667585,0.161733050689006,0,0,1.29011265269369,0,1.82109469468617,0.233742845564555,0,0,0.531913044498125,0,4.1243373073212,0,0,0.233742845564555,0.0841326653667585,0,1.10485392358471,0,0,0.0841326653667585,1.9028919372222,0,0,0,0.233742845564555,0.719437700595651,0,3.17791118873476,0,0,0,0,0,0.161733050689006,3.7962867195322,3.03249654254845,0,0,0,0,0,0,0,0,0,0,0,0,0.0841326653667585,4.23953115840316,0,0,0,0,0.0841326653667585,0.0841326653667585,0,0.0841326653667585,0,0,0,0,0,5.15653545773876,0.0841326653667585,0.0841326653667585,0,0,0,0,0,0,0,0,0,0,0,0,0,0,6.00154978755726,0,0,0,0,0,5.21210823384341,0.0841326653667585,0,0,0,0,0.0841326653667585,0.0841326653667585,0,0,1.38235877642156
"ola_mES_lif_2_40.counts",3.24621951082849,0.0652888130700375,2.86388421764562,0,0,0,0,4.97143026921104,0.339897556523394,0,0,0,0,5.49751490276361,0.0652888130700375,0,0.184321085661361,2.48467048642933,0,0.238913834907429,0,0,0,2.8677256187938,0,0,0.126574990011078,0.339897556523394,0.699133812639548,0,0,0,0,0,0.126574990011078,0,0,4.69024799421269,4.85234962831341,0,4.60018001999648,0,0,0,0,0.0652888130700375,0,0,0,3.36025450096171,0.0652888130700375,0,3.09023865644862,0.0652888130700375,0.238913834907429,0,2.04727053962682,0.0652888130700375,0,0.0652888130700375,0,0,0,0,0,0,4.44736442897385,0,0,0,0,4.10719511629337,0,0,0.0652888130700375,0,0,0,0,0,0.126574990011078,0,0.0652888130700375,0,0,0,0,0,0,1.97505133429275,0,0,0.55511427822336,0,0.0652888130700375,0,0,0,0,0.764045310956498
"ola_mES_lif_2_41.counts",1.8868035057792,0.198472892379672,5.21843152545796,0,0,0,0,0.886657283597488,0.284658846293134,0,0,0.104152321760513,0,4.49884567369671,0.104152321760513,0,0.791844492512694,2.75424085405092,0,0,0,0,0,4.45134327372051,0,0,0.104152321760513,3.54671754300768,1.12675267364657,1.40451376380064,1.87002740356441,0,0,0,0,0,0.104152321760513,4.38245190098617,4.56953732079073,0.284658846293134,4.01342178695382,0,0,0,0,0.104152321760513,0,0,0,1.9667054359769,0,0,2.58732651226109,0,0,0,0,0.104152321760513,0,0,0,0,0,0,0,0,0.104152321760513,0.198472892379672,0,0,0,0,0,0,0,0,0,0,0,0,0,0,0,5.2939775570355,0,1.19548463122178,0.437511054592856,0.104152321760513,0,3.7071258033462,0,0,4.33037219125065,0,0,0,2.43607532121479,0,0,0
"ola_mES_lif_2_42.counts",1.92095942789972,0.287432291009243,1.99156701869681,0,0.510425943504875,0,0,0.154007955214156,0.154007955214156,0,0,0,0,5.08660300771975,0.287432291009243,0.846726839672188,0.287432291009243,0.154007955214156,0,1.20327325900185,0,0,0,0,0,0,0.287432291009243,0.154007955214156,1.20327325900185,0,2.71816646884809,0,0,0,0,0,0,6.32007030721079,3.23771816674866,0,0,0,0,0,0,0,0,0,0,0,0,0,3.93736029374217,0,0,0,0,4.65297037358861,0,0,0,0,0,0,0,0,3.1908887471932,0.772651819885822,0,0,0,0,0,0,0,0,0,0,0,0,0,0,0.154007955214156,0,0.287432291009243,2.3016855876613,0,0.154007955214156,0,3.44371490765316,0,0,0,0,0,0,2.01403684465442,0,0,0
"ola_mES_lif_2_43.counts",0.305616794283848,0.728700628943606,4.28348178302093,0,1.82183582118689,0.164438444405389,0,0,0.164438444405389,0,0,0,0,4.4084723251263,0.164438444405389,0.164438444405389,0,2.72775352846285,0.164438444405389,0.539368787695775,0,0,0,0.95880566254219,0,0,1.48066982848341,0.429307297070924,1.20101938561314,5.06212547109698,0,0,0,0,0,0,0,6.07072121691839,0.638508849956374,0,0.305616794283848,0,0,0,0,0,0,0,0.164438444405389,0,0,0,5.35612669549509,0,0,0.539368787695775,0,0,0,0,0.164438444405389,0,0,0,0,0,0,0,0,1.14574142900966,0,0,0,0,0,0,0,0,0.164438444405389,0,0,0,0,0,0.164438444405389,0,0.164438444405389,0,0,0,0,0.164438444405389,0,0,0,0,2.56302270717176,0,0,0
"ola_mES_lif_2_44.counts",1.11075818697022,2.86700250230229,1.73257946826823,0,0,0,0,2.0401655462304,1.28607690280391,0,0,0,0,4.50338198436842,0.627463595202782,0,0,0,0,0.458628440296087,0,0,0,3.52275135633567,0,0,0.255379474529076,0,1.0100391351715,0,0.255379474529076,0,0,0,4.33921525234328,0,0,5.51584377464403,5.03153266842707,0,3.86182859711344,0.255379474529076,0,0,0,0,0,0,0,0,0,0,4.81616458697587,1.43519535777998,0,0,2.48957520364058,0,0,0,0,0,0,0,0,0.458628440296087,3.59720464263209,3.07535413218076,0.458628440296087,0.255379474529076,0,0,0,0,0,0,0,0,0,0,0,0.255379474529076,0,1.96149937931052,0,0,0.255379474529076,0,0.255379474529076,4.76045161162564,0.255379474529076,0.255379474529076,0,0,0,0,0.898027797315793,0,0,0
"ola_mES_lif_2_45.counts",5.2889409196688,4.69439837516806,5.57873217490484,0,0,0,0,3.58376036188984,4.09908829900702,0,0,0,0,4.62943775172031,0,0,0.0229148846426253,3.33510463034808,0,0.315446421623082,1.41246051497122,0,0,2.38142947817547,0,0,0.0076967861204913,2.58606188983789,0.0815719756305313,0.0076967861204913,0,0,0,0,0,0,0,2.12938541335384,4.12988160960443,0,1.33012966987464,0,0,0,0,0,0,0,0,0,0,0,4.20480216799318,3.07084763017555,0,0,0,0,0,0,0,0,0.0076967861204913,0,0.0153347839175468,0,0,0,0,0,0,1.09124505875844,0,0,0,0,0,0,0,0,0,0.0076967861204913,0.183061737367436,0.0076967861204913,0.0153347839175468,0.130218009098603,0,0,0,1.58329263232978,0,0,0.15036305831845,0,0,0,2.94091519509449,0,0,0
"ola_mES_lif_2_46.counts",0.287044608980409,0.44092196573215,0.366940151973203,0.979234831760694,0,0,0,0.105105579030365,1.32725989348894,0,0,0.105105579030365,0,3.72186320692881,0.74587190037364,0,1.38438075033001,0,0,1.02001852891522,0,0,0,0,0.200207125968815,0,0,0,1.77094890866952,5.77200718634471,0,0,0,0,0.105105579030365,0,0.287044608980409,4.27260496954294,1.80797440662464,0,0,0,0,0,0,0,0,0,0,0,0.200207125968815,0,4.28946301210936,0.105105579030365,0,0,0,0,0,0,0.105105579030365,0,0.105105579030365,0,0,0,0,0,0,0,0,0,0,0.105105579030365,0,0,0,0,0.200207125968815,0,0,0,0.509805487067923,5.99831870503765,0.200207125968815,0,0,0.105105579030365,0.105105579030365,4.08812443716499,0,0.287044608980409,1.46437434287662,0,0,0,2.23131369787577,0,0,0
"ola_mES_lif_2_47.counts",2.88713261464491,0,4.68488670266054,0,0,0,0,0,0.360750035198245,0,0,0,0,5.52285351855162,0,0,0.625301720545847,2.7014253512102,0,0.360750035198245,0.360750035198245,0,0,0.360750035198245,0,0,0,5.00774086891551,1.4985597408437,0.360750035198245,0,0,0,0,0,0,0,5.36734325225978,3.50092083996697,0.360750035198245,1.15436997293375,0,0,0,0.360750035198245,0,0,0,0,0,0,0,4.56574997422212,0,0,0,0,0,0,2.0732320331935,0,0,0,0,0,0,0,0.625301720545847,0.360750035198245,0,0,0,0,0,0,0,0,0,0,0,0,0,0,0,0.360750035198245,0,0,0.360750035198245,0,1.89420522850997,0.625301720545847,0,4.27399579366764,0,2.17694109306255,1.67598354048649,2.7580945258721,0,0,0.360750035198245
"ola_mES_lif_2_48.counts",4.8186512639408,5.26510033009516,4.01344572832909,0,0,0,0,3.484653149425,4.04989719623451,0.0253550421531922,0,0,0,4.6881065825895,0.0500830713250002,0,0.0253550421531922,3.91501887284159,0,0,4.39147736729967,0,0,2.36123378757022,0.0742143518154982,0,0.0253550421531922,4.78618595849542,0.228562563853069,0,0.228562563853069,0,0,0,0.901670482525516,0,0,2.9377182248411,3.57422422552961,0,2.69219580645103,0,0,0,0.0253550421531922,0,0,0,0.0253550421531922,0,0,0.0253550421531922,2.84809866758103,1.53056121704982,0,0,0,0,0,0.143299409856311,0,0,0,0.0253550421531922,0,0,2.61446110114843,0.0253550421531922,0,0.0500830713250002,0,0,0,0,0,0,0,0,0,0.0253550421531922,0,0,0,0,0,1.32796459140376,0,0.0253550421531922,0.0253550421531922,4.163548209319,0.0253550421531922,0,2.09348529274337,0,0,0,1.32113592281217,0,0,0
"ola_mES_lif_2_49.counts",1.73779263108681,0.12561970645575,4.16581714197796,0,0,0,0,0.12561970645575,1.18645988399289,0,0,0,0,5.56735750512518,0.12561970645575,0,0.849513504498643,1.30210204380004,0,0,0.2372056392503,0,0.12561970645575,0.727938444743267,0,0,0.12561970645575,0,3.1677783562921,0,3.85677258620266,0,0,0,0,0,0,3.87638265066754,4.8018342528047,0,3.18454124105135,0,0,0,0,0,0,0,0,0,0,0,2.85242805884408,0,0,0,0.12561970645575,0,0,0,0,0,0,0.12561970645575,0,0,0,0,0,0,0,4.48796237637134,0,0,0,0,0,0,0.12561970645575,0,0,0,0,5.25682519591934,0,2.58883728540252,0,0,0,3.96904860062046,0,0,3.76808060641584,0,0,0,0.2372056392503,0,0,0.2372056392503
"ola_mES_lif_2_5.counts",2.75378724925048,0.286025071244151,3.98246295301557,0,0.286025071244151,1.00131337768131,0,0.0641245281695386,1.76377778912126,0,0,0,0,5.4712405924267,0.181217194450901,0,0,1.87129262275044,0,0.547240570507769,0,0,0,1.52085998695275,0,0.124383719687736,0.425137873706869,0.0641245281695386,1.76377778912126,0,2.34853300039455,0.0641245281695386,0,0,0.0641245281695386,0,0,4.17091717047557,4.1450250861227,0,4.73834555497882,0,0,0,0,0,0,0,0,0,0,0,4.89472137148641,0.286025071244151,0,0,0.286025071244151,0,0,0.124383719687736,0,0,0,0,0,0.124383719687736,0.0641245281695386,0.0641245281695386,0,0,0,0,0,0,0,0,0,0,0.0641245281695386,0,0,0.0641245281695386,0.0641245281695386,4.78644262753163,0,0.0641245281695386,0,3.33762969154387,0,4.76070118048148,2.00469658625724,2.66104651969196,0,0,0,0,2.28319297745287,0,0,0
"ola_mES_lif_2_50.counts",1.65248456225945,0.316522432765206,0,0,0,0,0,3.28900098296545,0.221727630667284,0,0.116996660597752,0,0,4.79492854469573,0.116996660597752,0,0.403104125340115,0.221727630667284,0.116996660597752,0.221727630667284,0.116996660597752,0,0,0.806992142438684,0,0,0.403104125340115,0,2.93111597023462,4.41483397366868,0.221727630667284,0,0,0,0,0,0,5.64409781989344,4.58682874705903,0,0,0,0,0,0,0,0,0,0,0,0.116996660597752,0,3.07284155298172,0,0,0,0.116996660597752,0,0,0,0.116996660597752,0,0.221727630667284,0,0,0,2.66754017093437,0.116996660597752,0,0,0,0,0,0,0,0,0,0,0,0,0,0,0,5.76046198612909,0,2.66754017093437,0,0,0,0.689603612772489,0,0,0.750019397863677,0,0,0,0.689603612772489,0,0,0
"ola_mES_lif_2_51.counts",1.37622562617162,0.205131669402776,3.30262749283152,0,0.205131669402776,0,0,3.79522309290518,0.647494166886767,0,0,0,0,4.99007317992011,0.205131669402776,0.205131669402776,0.205131669402776,3.82049074404697,0,0,0.205131669402776,0,0.375262504256744,0.205131669402776,0,0,0,0,2.66955296630891,4.87003936713701,3.55971011856958,0,0,1.31700870672937,0,0,0,5.11242660618836,0.375262504256744,0,0.205131669402776,0,3.37530337981163,0,0,0,0,0,0,0,0.205131669402776,0.647494166886767,2.94376767729515,0.205131669402776,0,0,0.375262504256744,0,0,0,0,0,0.205131669402776,0,0.375262504256744,0,0,4.87178489727865,0.205131669402776,0.205131669402776,0,0,0,0,0,0,0,0,0,0,0,0,0.205131669402776,5.24931269849998,0.205131669402776,0,0,0,0,2.90712996453943,0,0,0,0,0,0.205131669402776,1.186887792441,0,0,0
"ola_mES_lif_2_52.counts",3.67515915029805,3.44088568658884,0,0,0.295164736974453,0,0,0.295164736974453,0.864319547956634,0,0,0,0,3.87912731147883,0,0,0.522771158303561,0.415429603367596,0,0.158433341619259,0.619699274436789,0,0,0,0,0,0.295164736974453,0.295164736974453,2.94579338117935,3.52522380204349,0,0,0,0,0,0,0,5.94662205272956,0.619699274436789,0,0,0,0,0,0.415429603367596,0,0,0,0,0.158433341619259,0,0.158433341619259,4.28005807085338,0.158433341619259,0,0,0,0,0,0,0,0,0,0,0,0,4.37950199121436,0,0.158433341619259,0,0,1.87081126022266,0,0,0,0,0.158433341619259,0,0,0,0,0,0.158433341619259,5.40010282978672,0.158433341619259,3.13437397682768,0,0,0,1.56377589770984,0,0,0,0,0,3.75860167329609,0.295164736974453,0,0,0
"ola_mES_lif_2_53.counts",4.75292338000502,0.0663784270329117,4.12955494059581,0.0979852887777722,0,0.187220469663194,0,5.48902355853895,4.14380846345048,0,0,0,0,3.00367556868106,0.0226192580190722,0.0113735815003841,0.108302742357948,3.45164493661931,0,0.0226192580190722,0.0663784270329117,0,0,3.67258015407775,0,0,0.0337398743801599,0.0770254336184976,0.295021471294437,2.30393849591109,0,0,0,0.0226192580190722,0,0.0113735815003841,0.0113735815003841,3.71330420238491,4.09586548896981,0,2.19926617170727,0,0,0,0,0,0,0,0,1.5439814493749,0.0113735815003841,0,3.26528569201717,3.35064230076737,0,0,1.64826083840532,0.0113735815003841,0,0,0.0113735815003841,0,0,0,0,0,3.68844011896738,0.407658893265878,0,0,0,0.344855737517547,0,0,0,0,0,0,0.0113735815003841,0,0,0.0113735815003841,0,2.64920877675508,0,3.6068089322975,0,0,0,1.38551624001415,0,0.158351215635608,2.36379519492088,0,0,0,5.0384465136387,0,0,0
"ola_mES_lif_2_54.counts",1.57513992864223,0.160549035112997,0.872649254910012,0,0,0,0,0.298852470456584,3.36262478074225,0,0,0.420331414742251,0,5.43206577672321,0,0,0.420331414742251,0.160549035112997,0,0.298852470456584,2.15904206495528,0,0,0.420331414742251,0,0,0.160549035112997,2.30817722996859,1.85611293318787,1.07011295053899,3.31947266110334,0,0,0,0,0,1.5384277814936,5.88252842952278,0.626353709784395,0,3.43252547893928,0,0.160549035112997,0,0.160549035112997,0,0,0,0,0,0,0,0.160549035112997,0,0,0,0,0,0,0,0.160549035112997,0,0,0,0,0,0.160549035112997,5.31501966687846,0,0.160549035112997,0,0.420331414742251,0,0,0,0,0,0,0,0,0,0,0.872649254910012,4.33153505003248,0,0.626353709784395,0,0.298852470456584,0,2.55276493306099,0.160549035112997,0,0,0,0,0,0,0,0,0
"ola_mES_lif_2_55.counts",3.27056491938927,0.215710728735553,1.16777741060764,0,0,0.0470254490548011,0,0.598027169970686,0.0919384713120296,0,0,0,0,4.70927424312496,0.176131380905286,0.176131380905286,0,4.6860099181459,0,0,0.425029481186597,0,0,2.90610168277667,0,0,0.932462406712946,2.78890073952028,0.790145515690577,1.32028140383148,2.19641106876825,0,0,0,0,0.0919384713120296,0,4.91165778185919,3.99187146985741,0,4.05725597349943,0.0470254490548011,0.0470254490548011,0,0,0,0,0,0,0,0,0,3.99364803372267,1.52847755143182,0,0,0.0470254490548011,0,0,0,0.0470254490548011,0.0919384713120296,0,0,0,0,0,0.0919384713120296,0,0.0919384713120296,0,0,0,0,0.0470254490548011,0,0,0,0,0,0,0,0.134920720287216,5.2637753153256,0,0.0470254490548011,0,1.59902226075955,0,5.2949337777972,0.0470254490548011,0,2.37715277938691,0,0,0,0.0919384713120296,0,0,0
"ola_mES_lif_2_56.counts",3.69877543071075,2.85724239522343,4.90299006135634,0,0,0,0,3.48707352923312,3.65958403628093,0,0.0273480180867847,0,0,5.70051181821903,0,0,0.266187318964022,4.23826709571144,0.0273480180867847,0.0798976719475703,4.02250579072529,0,0,3.37784827118127,0,0,0.17737421631581,1.31294108828417,1.08805810098942,0.105171965111858,0,0,0,0,0,0,0,3.27951271102501,3.6386683241022,0,3.5495389877273,0,0,0,0,0,0,0,0,0,0,0,3.36547385478341,1.99458035120503,0,0,0,0,0,0,0,0,0,0,0,0,0,0,0.0273480180867847,0,0,0,0.0273480180867847,0,0,0,0,0,0,0,0,0,0.0273480180867847,3.25734980600596,0,0.129823183799058,0.17737421631581,0,0,4.60302415640014,0,0,3.43663103571964,0,0,0,0.746221631452369,0,0,0
"ola_mES_lif_2_57.counts",5.81410517450228,2.74670267217826,3.84795504413983,0,0.0118600028654798,0,0,3.638601002436,4.7971542406644,0.0235809931423443,0,0,0,5.04772841414724,0.0235809931423443,0,0.00594758378818927,4.08750847242392,0,0.0177376706072462,4.14791145175937,0,0,1.75821494935503,0,0,0,2.77052109905253,0.0691376190974767,0,0,0.840848210781119,0,0,0,0,0,0.991081583543222,4.13214460039667,0,1.36381079477509,0,0,0,0,0,0,0,0,0,0.00594758378818927,0,4.08249071714337,2.3895306506105,0,0,0.0118600028654798,0,0,0,0.194539124216416,0,0,0,0.00594758378818927,0,0.00594758378818927,0,0,0,0,0.00594758378818927,0,0,0,0,0,0,0,0.557134553759314,0,0,0.00594758378818927,0.0177376706072462,0,0.00594758378818927,0,0.00594758378818927,0,1.84671293048885,0,0,0.398208894745827,0,0,0,2.44536248521918,0,0,0
"ola_mES_lif_2_58.counts",5.36281484658524,4.97558534895573,4.61631452788983,0,0.0325247785598476,0,0,4.58366634883001,4.26039803327322,0,0,0,0,4.54685446783587,0.0244922197471526,0,0.0244922197471526,4.29265706576737,0,0,3.64284053510373,0,0,1.80139655872385,0,0.00823090560557891,0,0.0404933291796194,0.285626139618866,2.39266724717421,0.477227831269178,0,0,0,0.0163946161043892,0,0.00823090560557891,3.07709293171841,3.73948741776084,0,0.297972432722897,0,0,0,0,0,0,0,0,0.228100088792543,0,0,4.12704986648555,2.99371112402112,0,0,0,0,0.00823090560557891,0,0.00823090560557891,0,0,0,0,0,0.00823090560557891,0.0244922197471526,0.00823090560557891,0,0,0.0404933291796194,0.228100088792543,0,0,0,0.00823090560557891,0.0163946161043892,0,0.160043845597012,0,0,0.160043845597012,0.0404933291796194,0,0.00823090560557891,0,0.09456305683177,0,1.86482650976137,0,0,0,0,0,0,2.35495579410868,0,0,0.0163946161043892
"ola_mES_lif_2_59.counts",1.41730280817944,0,4.73760414952405,0.384511459153298,0,0,0,0.272008140734675,0.878252189328532,0,0,0,0,5.57317806739332,0,0,0,3.92598571546681,0.145224251882936,0.878252189328532,0.145224251882936,0,0,0.272008140734675,0,0,0.145224251882936,4.78179407892184,0.878252189328532,0,3.16392668934914,0,0,0,0,0,0,3.91045253249322,3.26438876902538,0,5.17963344850748,0,0,0,0.145224251882936,0.145224251882936,0,0,0,0,0.145224251882936,0.272008140734675,3.05959164101794,0,0,0,0,0,1.49033327862484,0,0,0,0,0,0,0,0,0.145224251882936,0.272008140734675,0.272008140734675,0,0,0,0,0,0,0,0,0,0,0,0,0.145224251882936,4.33923186478293,0.272008140734675,0,0,0.145224251882936,0,1.55839137524694,0,0,3.30535460199189,3.69851559041309,0.272008140734675,0,0.272008140734675,0,0,1.29666510709808
"ola_mES_lif_2_6.counts",4.22441856243508,0.516171068171546,0.291026322199783,0.854925491311558,0.446606835316605,0,0,0,0.291026322199783,0,0,0,0,4.83079326404402,0.642274565842885,0.805850338497832,0.581209262852142,0.106699557936459,0,0.516171068171546,0.106699557936459,0,0.291026322199783,0.203103985692508,0,0,0.371839194137584,0,1.90844509620242,4.11297597978556,0,0,0,0,0,0.371839194137584,0,5.64646415612811,0.106699557936459,0,5.56060410728792,0,0,0,0.291026322199783,0,0,0,0,2.57724215991319,0,0,2.10491381076671,0,0,0,0,0,0,0.106699557936459,0,0.106699557936459,0,0.581209262852142,0,0,0.203103985692508,0,0,2.96288821362607,0,1.76503847123669,0,0,0.106699557936459,0,0,0,0.203103985692508,0,0,0,0,4.72472172785305,0.106699557936459,0,0,3.55227418953776,0,0,0,0,0.946392708573844,0,0,0,0.371839194137584,0.291026322199783,0,0
"ola_mES_lif_2_60.counts",3.32175736453772,0.317400437780919,4.16961742831488,0,0,0,0,2.60372679325135,0.751726159650374,0,0,0,0,4.11624834958735,0,0,0.317400437780919,1.38339513065795,0,0,0.171240590749164,0,0,0.913972020337516,0,0,0.317400437780919,1.6310188253612,2.13665443043993,5.54351989153848,0,0,0,1.17597908227314,0,0,0,5.48792306287372,1.6310188253612,0,0.986184703909719,0,0,0,0,0,0,0,0,0.171240590749164,0,0,1.91546029409275,0,0,0,0.171240590749164,0,0,0,0,0,0,0,0,0,0,0,0.171240590749164,0,0,4.86080804850117,0,0,0,0,0,0,0.171240590749164,0,0,0,0,1.17597908227314,0,2.92084528479024,0,0.317400437780919,0,5.07717265671161,0,0.317400437780919,0.171240590749164,0,0,0,0.171240590749164,0,0,0
"ola_mES_lif_2_61.counts",2.75802158619203,0.187256746719835,3.56813159332417,0,0,0,0,3.1783075417985,2.44769092715065,0,0.057173123507878,0.028995101872355,0,5.32785403247372,0,0,0,4.05255646566416,0,0.481073751785921,2.13683344595463,0,0,1.71560361118518,0,0.028995101872355,0.462721582314153,0.0845788561195228,0.257889283848419,0.187256746719835,0,0,0,0,0,0,0,1.87202619301359,3.35427904870714,0,3.67953271118054,0,0.057173123507878,0,0.028995101872355,0.028995101872355,0,0,0.028995101872355,0,0,2.49247553275323,4.8954651960722,1.6155151398456,0,0,1.11820857324214,0,0,0,0.028995101872355,0,0,0,0,0,0,0.028995101872355,0.028995101872355,0.028995101872355,0,0.28036668607463,0,0,0,0.111253505876579,0,0,0.028995101872355,0,0,0,0.0845788561195228,1.40831339913997,0,0.137235066574538,0.736457324750113,0,0,5.91297180190056,0.028995101872355,0.0845788561195228,3.84601658780915,0,0,0,0.028995101872355,0,0,0
"ola_mES_lif_2_63.counts",1.33084051251727,0.528305369646031,4.13863154441286,0,1.04947403608071,0,0,3.490018154479,0,0,0,0,0,5.98815862452563,0.381197772437465,0,1.2000206894527,0,0,0.381197772437465,0.381197772437465,0,0,0.381197772437465,0,0,0.528305369646031,0,0.964749386012373,0,0.208653931138191,0.381197772437465,0,0,0,0,0,4.98050293219586,4.81628812228524,0,4.43980840407137,0,0,0,0.381197772437465,0,0,0,0,0,0,0.528305369646031,3.65891047495392,0,0,0,0,0.208653931138191,0.208653931138191,0,0,0,0.208653931138191,0,0,0,0,0.208653931138191,0.528305369646031,0,0,2.91242631997957,0,0.208653931138191,0.208653931138191,0,0,0,0.208653931138191,0,0,0,0,1.95053978695406,0,3.39351130679127,0,0.208653931138191,0,3.82383819186571,0,0,0,0,0,0,2.04491974808993,0.208653931138191,0,0
"ola_mES_lif_2_64.counts",1.28105966591644,0.350253903350625,5.65907117963879,0,0,0,0,3.34746549113885,1.10302053195427,0.776751900250924,0.0805523440042186,0.22446806592242,0,5.29019834582675,0.155096940670566,0,0.407671658825387,4.38227930805923,0,0.953134013986901,4.33725181277948,0,0,0,0,0.155096940670566,0.461970865613759,0,1.15720349761126,0.513472900963782,0.289337441778003,0.0805523440042186,0,0,0.0805523440042186,0,0,4.32622538234257,3.85483774784229,0,3.07046709390834,0,0,0,0,0.155096940670566,0,0,0,0,0,0.155096940670566,5.08121677714982,0.155096940670566,0,0,0,0,0.0805523440042186,0,0.0805523440042186,0,0.0805523440042186,0,0,0.155096940670566,0,0.0805523440042186,0,0,0,0.0805523440042186,0,0,0,0,0.0805523440042186,0,0,0,0.0805523440042186,0,0,0,0.653751970176365,0,0,0,0,2.92401991194884,0,0,0,0.0805523440042186,0,0,0.350253903350625,0,0,0.155096940670566
"ola_mES_lif_2_65.counts",0.269793066714213,0.482047563429855,0,0,0,0.482047563429855,0,5.05283930006142,0,0,0,0,0,5.21340800468311,0,0,1.4102388977041,0.269793066714213,0,2.72431038897028,0,0,0,0,0,0,1.0501782085073,0.269793066714213,2.13211009003393,2.68283561892446,5.41981531984811,0,0,0,0.269793066714213,0,0,5.82471848955124,3.14836430313819,0,0,0,0.269793066714213,0,2.05582163473659,0,0,0,0,0,0,0.482047563429855,2.41768741131465,0,0,0,0,0,0,0,0,0,0,0,0,0.269793066714213,0.269793066714213,0.65704331449587,0,0,0,0,2.05582163473659,0,0.269793066714213,0,0,0,0.269793066714213,0,0,0,0.482047563429855,0.482047563429855,0,0,0,0.269793066714213,0,1.78424706439231,0.65704331449587,0,0,0,0,0,0,0,0,0
"ola_mES_lif_2_66.counts",1.21952148987754,0.138977249678256,1.21952148987754,0,0.0719010188247038,0,0,0,0,0,0,0,0,4.84994421270731,0,0,0.0719010188247038,0.850954715743295,0,1.3817739462121,0,0,0,0,0,0,0,0.138977249678256,0.714754894131644,4.1364050916628,0.0719010188247038,0.0719010188247038,0,0,0,0.201835691529974,0,5.21137945148991,3.04352795700897,0,3.64672945104969,0,0,0,0,0,0,0,0,0,0,0,3.53147376826883,0,0,0,0.316812307188109,0,0.0719010188247038,1.81545638771864,0,0,0,0,0,0,0,0,0.0719010188247038,0.201835691529974,0,5.55515377026063,0.0719010188247038,0,0,0,0.0719010188247038,0,0,0,0,2.16940721303258,0.201835691529974,5.0018066141622,1.07782214546085,1.83943432694559,0,0,0,1.55338571957772,0,0,4.58788584035332,0,0.316812307188109,0,0,0,0,0
"ola_mES_lif_2_67.counts",2.61352402761009,0.111225635110224,4.10410073716747,0,0,0,0,4.35368767635542,0,0,0,0,0,5.25565544510577,0,0.777704568588008,0,0.0571584138399486,0,0,0,0,0,0,0,0,0.424883193965266,2.40853367100343,1.5976034547871,3.70347825353509,1.30992138233532,0,0,0.0571584138399486,0,0,0,4.61453793599169,2.55585838576028,0,1.92896059074154,0,0,0,0,0,0,0,0,0,0.0571584138399486,0.111225635110224,3.22357066917241,0,0,0,0,0,0,0,0.0571584138399486,0,0.0571584138399486,0.111225635110224,0,0,0.0571584138399486,0,0,0,0,0.302280871872934,0.0571584138399486,0,0,0,0,0,0,0,0,0,0.162518929497775,6.11939203183614,0.0571584138399486,1.34117392583942,0,0.424883193965266,0,0.34484048629173,0.0571584138399486,0,0.777704568588008,0,0.162518929497775,0.0571584138399486,0.162518929497775,0,0.0571584138399486,0.0571584138399486
"ola_mES_lif_2_68.counts",3.31116158716968,0.0940099935600541,4.65012281952357,0,0.524725612637106,0,0,4.15249412445442,0,0,0,0,0,5.79918076683223,0.259060484904067,0,0.984211894079636,0,0,0.824797801205456,0,0,0,0.179936589176358,0,0,0.332380231475753,0.0940099935600541,1.55723631741447,0,0.867096346047727,0,0,0,0.0940099935600541,0,0,5.41281809233994,2.49638154957131,0,0.46462943093246,0,0,0,0,0,0,0,0,0,0,0,3.09976366580594,0,0,0,0,0,0,0,0,0,0,0,0,2.71440421173707,4.86472123141492,0,0,0,0,0,0,0,0,0,0,0,0,0.0940099935600541,0,0,0.0940099935600541,3.59691384748281,0.0940099935600541,0,0,0.0940099935600541,0,0.63506061165148,0,0,3.50649382429643,0,0,0.0940099935600541,0.0940099935600541,0,0,0.179936589176358
"ola_mES_lif_2_69.counts",1.66106732694512,0.223845763310763,2.93451320765465,0,0,0,0,2.94776089100057,3.18141412570919,0,0,0,0,5.66818909348808,0.223845763310763,0.694901786850426,1.01383351312983,1.44960125356721,0.223845763310763,0.223845763310763,0,0,0,1.25526860749107,0,0,0.812879588857365,0.918395890287815,0.223845763310763,0,1.38892511741322,0,0,0,0,0,0,4.69711293617853,3.71087608575689,0,4.35050774663736,0,0,0,0.223845763310763,0,0,0,0,0,0.223845763310763,0,4.60362860699575,0.223845763310763,0,0,0,0,0,0,0.223845763310763,0,0.406635187639904,0,0,0,0,0.223845763310763,0,0,0,2.11329500723536,0,0,0,0.223845763310763,0,0.223845763310763,0,0.223845763310763,0,0,0,2.28041438553335,1.38892511741322,0,0,0,0,5.14952569176704,0.223845763310763,0,4.74186453406105,0,0,0,1.10095108024539,0,0,0
"ola_mES_lif_2_7.counts",0.386114781901449,0.778468471660398,0.386114781901449,0.211578345149717,0.211578345149717,0,0,0.211578345149717,0.211578345149717,0,0.663979442276476,0,0,5.06808584245209,0.211578345149717,0,1.40195803613315,0.211578345149717,0,0.881185947585542,0.778468471660398,0,0.211578345149717,0,0.386114781901449,0,0.211578345149717,3.41619586989584,2.45128131203363,4.23890313435662,2.73262786720005,0,0,0,0,0,0,3.46894117512472,4.3753004832216,0,0.211578345149717,0,0.211578345149717,0,0,0,0,0,0,0,0,0,4.6797109445086,0,0,0,0,0,0,0,0,0,0,0,0,0,0,0,0,0,0,4.61884626886208,0,0,0,0,0,0,0,0,0,0,0,5.65637071914011,0.211578345149717,0,0,0.386114781901449,0,0.386114781901449,0,0,0,0,0,0,4.65535966687357,0.53466731926943,0,0
"ola_mES_lif_2_70.counts",3.61593320141723,0.180434676644758,5.52631914421258,0,0,0,0,2.92733385139644,0.667389182170987,0,0,0,0,4.78649134801422,0,0,0.112116099708602,4.68483657331072,0,0.180434676644758,3.46836976010703,0,0,2.25986796365142,0,0.0761228672509765,0.112116099708602,0.0387855951701104,1.84045044566956,2.94621080510932,2.45430120071192,0,0,0,0.0387855951701104,0,0,2.38026798297299,3.81751500320013,0,4.18449427277744,0,0,0,0,0,0,0,0,0,0,0,4.11529857573272,2.10866125236476,0,0,0.146858703243359,0,0,0,0,0,0,0,0.440617338422379,0,0,0,0,0,0,0,0,0,0.0387855951701104,0,0,0,0,0.0387855951701104,0,0,0.180434676644758,3.4459329294622,0,0.0387855951701104,0,0.304486224695583,0,5.17585118201668,0,0,0.180434676644758,0,0,0,0,0,0,0
"ola_mES_lif_2_71.counts",2.8038228595802,0.395154482973073,5.23202990824727,0,0,0.395154482973073,0,3.6458477568527,2.7169809378191,0,0,0,0,5.59046636768325,0.0776727508842974,0,0.395154482973073,2.95350340583575,0,0,0,0,0,4.07877148836205,0,0,0,0,0.635760687290347,2.91485224749249,0,0,0,0,0.0776727508842974,0,0,5.09883017744968,4.13460877258519,0,4.22125577375674,0,0,0,0,0.0776727508842974,0,0,0,0,1.91917921833698,0.149744851465688,4.1601405207875,0.27995908718394,0,0,0,0,0,0,0,0,0,0.961408791595329,0,0,0,0,0.149744851465688,0.0776727508842974,0,0.0776727508842974,0,0,0,0,0,0,0,0,0.27995908718394,0.149744851465688,0,1.13139950603867,0.0776727508842974,2.43529533441547,0,0,0,2.0521460473164,0,0.0776727508842974,0,0,0,0,0.717837823174715,0,0,0
"ola_mES_lif_2_72.counts",0.153074921520858,0.135173827722455,3.87631054682812,0,0.0204656782789367,0,0,4.3055805961257,0.270140141514604,0,0.0204656782789367,0.0405208988274537,0,5.19775194150975,0,0.482608902913785,0,4.33336884326624,0,0.0405208988274537,0.0204656782789367,0,0,2.0728342849531,0.187943526089776,0,0.135173827722455,0.0405208988274537,0.556385035011368,0,0,0,0,0.0204656782789367,0,0,0,4.22151617593291,4.25258789897104,0,4.31502153365335,0,0,0,0.0601818026570273,0,0,0,0,0,0.0204656782789367,0,3.73128682594615,0,0,0,0,0,2.21788831107133,0,0.0204656782789367,0,0,0,0,0.0405208988274537,0,0,0,0,0,0,0,0,0,0,0,0,0,0,0,0,0.0601818026570273,2.82855149008811,0,0,0.0204656782789367,0,0,5.74919989846446,0,0,3.20828650072026,0,0,0,1.41134799146153,0,0,0
"ola_mES_lif_2_73.counts",4.99000038686764,4.44106886854369,4.57896294380038,0,0,0,0,3.71814607211659,4.02563623250504,0,0,0,0,4.99239818676871,0.0125194118616373,0,0.0125194118616373,3.72302803466715,0,0.0248840240538602,2.28171677843582,0,0,3.12542324817908,0,0,0.0248840240538602,5.19801944199368,0.183628805494775,0.598219280248147,0,0,0,0,0,0,0,1.44995200477333,4.21500320016454,0,0.25445342425613,0,0.0845127829219968,0,0,0,0,0,0,0.0845127829219968,0,0,3.63992104381036,2.23833897317794,0,0,0,0.0125194118616373,0,0,0,0,0.0125194118616373,0,0,0,0,0,0,0,0,1.43806044519498,0.0370976179930475,0,0,0,0,0.11865472464036,0.0125194118616373,0.0248840240538602,0,0.0125194118616373,0,0.9699278010267,0.183628805494775,2.17883689186287,0,0,0,1.87456316198365,0,0.804068757216983,2.57983556872156,0,0.0610861988696553,0,3.50560389162455,0,0,0
"ola_mES_lif_2_74.counts",0,0.35671780628631,4.24249478798499,0,0,0.194181227809087,0,0,0,0,0,0,0,4.87751775250841,0.61910514971848,0,0.194181227809087,0.496492793359125,0,0.826758938579172,0,0,0,0,0,0,0.194181227809087,0.35671780628631,1.91494137648,3.90066860317273,0.35671780628631,0,0,1.3313397147237,0,0,0,6.36722652908706,2.73171426349147,0,1.21119058534581,0,0,0,0,0.194181227809087,0,0,0,0,0,0.194181227809087,1.21119058534581,0,0,0,0.194181227809087,0,0,0,0,0,0,0.194181227809087,0,0,0,0,0,0.194181227809087,0,0,0,0,0,0.194181227809087,0,0,0,0,0,1.62373724536313,0,4.80299109345065,0,0.194181227809087,0.728312399823654,1.07460882275935,0,1.43858908275873,1.97618625239765,0,0,0,0,0,0,0,0,0
"ola_mES_lif_2_75.counts",5.15201176639871,3.69231771011367,4.32183456724859,0,0.00831384380034624,0.0165591371282825,0,3.93066271467169,3.60204459436673,0,0,0,0,5.05842403814686,0,0,0.0801826957940393,4.06896039216589,0,0.0328485299045629,4.38974232143842,0,0,3.36646178380639,0,0,0.00831384380034624,4.94713149594555,0.0408947907885768,0.00831384380034624,0.00831384380034624,0,0,0,0,0.00831384380034624,0,0.433503327890978,4.22264647533257,0.481060391910893,0.0646522629781516,0,0.00831384380034624,0,0,0,0,0,0.0165591371282825,0,0.00831384380034624,0,4.10222530070442,2.91316394955884,0,0,0.0328485299045629,0,0,0,0.00831384380034624,0,0,0,0.00831384380034624,0.00831384380034624,0,0,0.00831384380034624,0,0,0.223507479674422,0,0,0.00831384380034624,0,0,0,0,0.0878583908991685,0.00831384380034624,0.00831384380034624,0.00831384380034624,0.00831384380034624,0.00831384380034624,1.55782380844342,0,0,0,0.360552807093969,0,0,2.51194725118334,0,0,0,1.9996678630054,0,0,0
"ola_mES_lif_2_76.counts",4.88837011971363,0.0637076932644509,4.08783524110507,0,0.0840725073448516,0.0216900013961881,0,2.67915509705454,4.28273059132346,0.0216900013961881,0,0.300719981581593,0,4.91139490555158,0.180104480011315,0,0.216075699845965,4.63498186114829,0,0.14279089486746,5.01729435786144,0,0,1.58984628774046,0.0429195169018972,0,0,0.0216900013961881,0.465008276232012,3.13326853995894,0,0.0840725073448516,0,0,0,0,0,4.27054871120159,4.5501854374948,0,2.33398193908129,0,0,0,0,0,0,0,0,0,0,0,2.88266527395343,2.4387885472649,0,0,0,0,0,0,0,0,0,0,0,0,3.56556749613153,0,0,0,0,0.664160288596468,0,0,0.0216900013961881,0,0,0,0.0216900013961881,0,0,0.180104480011315,0,3.55183106786541,0,0.912697034981738,0,0,0,1.10435524238779,0.0216900013961881,0,2.33185475845165,0,0,0,3.33035310341633,0,0,0
"ola_mES_lif_2_77.counts",1.20014542498236,0.637918985727698,3.79272954725863,0,0,0,0,0.164248956593085,1.66471824977708,0,0,0,0,4.59692853374782,0,0,0.30528769372914,0,0,0.538847733270832,0,0,0,0.164248956593085,0,0,0.538847733270832,0.164248956593085,1.63035296861283,3.29813498889547,4.3918894752647,0,0.164248956593085,0,0,0,0,3.85510313339336,3.4393854212557,0,4.52993945706582,0.164248956593085,0,0,0.164248956593085,0.164248956593085,0,0,0,0,0.164248956593085,0,1.59476455702793,0,0,0,0,0,0,0,0.164248956593085,0,0,0,0,0.164248956593085,0,0.637918985727698,0,0,0,5.43039889570434,0,0,0,0,0,0,0,0.164248956593085,0,0.164248956593085,0,5.09864006857382,2.57554852244075,4.76243022066774,0,0,0.164248956593085,2.65391554132492,3.48964669453533,0.164248956593085,0,0,0,0.428871057523628,0,0,0,0
"ola_mES_lif_2_79.counts",4.29367021233005,0.27950620629161,3.71325740586676,0,0,0,0,5.33302097207029,0.828510979081645,0,0,0,0,4.936934717096,0,0,0.27950620629161,0.497711958822478,0,0.27950620629161,3.61408536366909,0,0,2.48191928330972,0,0,0.27950620629161,1.64715674174449,3.23900087680042,3.26397065138326,0,0,0,0,0,0,0,5.43929976879987,4.61160221325454,0.27950620629161,0.497711958822478,0,0,0,0,0.27950620629161,0,0,1.81801604958469,0,0,0,2.76215476107354,0,0,0,0,0,0,0,0,0,0,0,0,0.27950620629161,0.27950620629161,0.27950620629161,0.27950620629161,0.497711958822478,0,0,0,0,0,0,0,0,0,0,0,0,0.960262870730042,3.84570541154684,0.27950620629161,0,0,0,0,3.66490026804496,0,0,0,0,0,0,0.828510979081645,0,0,0
"ola_mES_lif_2_8.counts",2.0397859513725,0.607654868118844,0.812786537521621,0,0,0,0,0.189818468208133,0,0,0.349289881841271,0,0,5.84796003311736,0,0,0.349289881841271,0,0,1.128268498251,0,0,0,0,0,0,0,0,1.86171805783497,0.715471381736541,0,0,0,0,0,0,0.349289881841271,5.59617740048809,3.01748394782663,0,5.52295144527014,0,0.189818468208133,0,0.349289881841271,0,0,0,0,0,0,0.189818468208133,4.05796040195629,2.06660871594549,0,0,0,0,0,0,0,0,0,0,0,0,0,0,0,0,0,1.98388049429047,0,0,0,0,0,0.982917372375588,0.189818468208133,0,0.349289881841271,0,0.349289881841271,0.901465662511998,0,0,0,0,0,2.16723647448567,0,0,2.78865873785903,0,0,0,0.189818468208133,0,0,0.189818468208133
"ola_mES_lif_2_80.counts",4.34447766254116,0.0817314660523022,2.2258059464025,0,0.929388030624498,0.519576188353702,0,1.57534251961944,0,0,0,0,0,4.76066458631362,0.0817314660523022,0,1.29200988572601,3.17069559217957,0,1.50223994444506,0.15728467896689,0,0.704073473989348,3.11179919493471,0,0,0.412762552456401,0.0817314660523022,2.19783000730458,2.76655582743462,0,0,0,0,0,0,0,6.13776310573869,4.9231388271092,0,1.31513658129837,0,0.0817314660523022,0,0,0,0,0,0,0,0.0817314660523022,0,3.98372474648522,0.0817314660523022,0,0,0.0817314660523022,0,0.0817314660523022,0,3.92663552979516,0,0,0.616073716139814,0,0.0817314660523022,1.38147096045484,0.35474837459587,1.35984475540117,0.293160142078264,0,0,0,0,0.0817314660523022,0,0,0,0,0,0,0,0,1.98817062959121,0,0.35474837459587,0,0,0,0,0,0,0,0,0,0,0.0817314660523022,0,0,0
"ola_mES_lif_2_81.counts",2.14035084479748,0.394759409752176,4.58050250048297,0,0,0,0,2.62660282874299,0.677045344508708,0,0,0,0,4.79009403313688,0,0,0,1.15629044838195,0,1.42218650849573,0.793023177410157,0,0,0,0.216733895495998,0,0.216733895495998,4.21292323695838,0.216733895495998,3.31859412203086,1.84439906572111,0.216733895495998,0,0,0,0,0,5.62451364192907,4.47600485327142,0,4.18014917716263,0,0,0,0,0,0,0,0,0,0,0,0.545830148743502,0,0,0,0,0,0.216733895495998,0,0,0,0,0,0,0.216733895495998,0,4.79009403313688,0,0,0,0.216733895495998,0,0,0.216733895495998,0,0,0,0.216733895495998,0,0,0,0,4.18014917716263,0,0.394759409752176,0,0.394759409752176,0,3.34453995272344,0,0,2.7421819080692,0,0,0,0.394759409752176,0,0,0
"ola_mES_lif_2_82.counts",3.3990266162829,0.241860512184436,3.96875745180438,0,0,0,0,0.128224566615907,0.128224566615907,0.436468208516365,0,0,0,5.05207011126818,0.128224566615907,0,0.52119645001768,0,0,0.186655812679013,0,0,0,1.8353166212221,0,0,0.241860512184436,0.186655812679013,0.128224566615907,5.88454072577446,2.18996263612029,0,0,0,0,0.0661660693461065,0,4.82130875477837,4.25072955920636,0,0.436468208516365,0,0,0,1.29958143034687,0.0661660693461065,0,0.436468208516365,0,0.0661660693461065,0.0661660693461065,0,3.03673976287395,0,0,0,0,0.0661660693461065,0,0,0.0661660693461065,0,0.479729420340961,0,0,0,0,0,0,0,0,2.2494071099681,0,0,0,0,0,0.241860512184436,0,0,0,0,0.0661660693461065,4.81910200221578,3.42385192264992,0.0661660693461065,0.294176431909213,0.0661660693461065,0,2.03276923382275,0,0,0.599303193991832,0,0,0,1.43864821201012,0,0,0
"ola_mES_lif_2_83.counts",2.93549532341489,0.137465582826226,0,0,0,0,0,0,0.258297879191549,0,0,0,0,5.2680875316695,0.137465582826226,0,0.463387330552997,0.137465582826226,0,0.366091126504893,0.137465582826226,0,0.137465582826226,0,0,0,0.137465582826226,0.463387330552997,2.17590985347328,5.54146925321089,0,0.137465582826226,0.137465582826226,0,0,0,0.137465582826226,5.08618903689415,1.40967063036463,0,4.87499482026417,0,0,0,0,0,0,0,0,1.07011295053899,0,0.366091126504893,1.54416427491259,0,0,0,0,0.137465582826226,0,0.137465582826226,0,0,0,0,0,0,0,0.137465582826226,0.463387330552997,0.137465582826226,0,0,0.137465582826226,0,0.137465582826226,0.463387330552997,0,0,0,0,0,0,0.137465582826226,0.137465582826226,2.91972038395301,1.11941801680419,0,0.77881912077287,0,5.14285208885696,0,1.47917681810164,0,0,0.137465582826226,0,0.137465582826226,0,0,3.336290714698
"ola_mES_lif_2_84.counts",1.80485945764235,0.178439577004957,3.3514622507381,0,0,0,0,4.03041448176363,0,0,0,0,0,5.88950548095375,0,0,0.861815361510904,2.0835111943096,0,0.32980815864629,0,0,0,0.32980815864629,0.178439577004957,0,0.178439577004957,0.178439577004957,0.941102453623447,0.178439577004957,0.461247886404863,0,0,0,0.32980815864629,0,0,4.95887784852284,5.17731453579755,0,2.79927335550903,0,0,0,0.178439577004957,0,0,0.178439577004957,0,0,0,0.32980815864629,4.70937179634442,0.178439577004957,0,0,0,1.9811698604245,0,0,0,0,0.178439577004957,1.08299312352262,0,0.178439577004957,1.55004080415426,0,0.178439577004957,0,0,0,0,0,0,0,0.178439577004957,0,0,0.178439577004957,0,0,0.178439577004957,0.178439577004957,0.461247886404863,0.681455737272177,0,1.36870553473165,0,2.65912914342813,0,0,0,0,0.178439577004957,0,4.17253423095396,0,0,0
"ola_mES_lif_2_86.counts",0.739692088845284,0.242022271923696,0.242022271923696,0,0,0,0,3.76511510950836,0,0,0,0,0,5.17498569620867,0.242022271923696,0,0.599642598597959,0,0,0.242022271923696,0,0,0,0,0,0,0,0,1.82497318551884,4.46252841633167,4.81097256881931,1.16020287636447,0,0.242022271923696,0,0,0,5.6599858461056,2.75914997548813,0,4.04539282968905,0,0,0,0.242022271923696,0.242022271923696,0,0,0,0,0,0.242022271923696,1.16020287636447,0.971890185030063,0,0,0,0.436734502089559,0.436734502089559,0,0,0.436734502089559,0.242022271923696,0,0,0,0,0.739692088845284,0,0.436734502089559,0,3.01756235258816,0,0,0,1.07047270521896,0,0,0,0,0,0,1.07047270521896,4.06907356041811,0,0,0,2.05994828601948,0,4.71758897538115,0,0,0,0,0,0,0,0,0,0
"ola_mES_lif_2_87.counts",0,0.5241869001854,4.17144851445756,0,0.129111495926371,0,0,4.5391693687266,0,0,0.439072606999253,0.129111495926371,0,4.7483011651541,0.129111495926371,0,0.5241869001854,0,0,0.922665080306884,0,0,1.46038264493993,0.129111495926371,0,0,0.24344327707854,0,0.5241869001854,3.89100994353617,0.743144155485283,0,0.346034187365479,0,0,0,0.24344327707854,5.63654817567769,2.59551796444066,0,0.129111495926371,0,0.24344327707854,0,0.129111495926371,0,0,0,0.129111495926371,0.129111495926371,0,4.29341530147966,3.60262953916815,0,0,0,3.50402989756332,0,0.129111495926371,0.129111495926371,0,0,0.129111495926371,0,0,0,0.129111495926371,0.24344327707854,0.129111495926371,0,0,1.73796784393582,0,0,0.129111495926371,0,0,0,0,0,0.129111495926371,0,0.129111495926371,0,0.24344327707854,3.52047385016518,0,0.129111495926371,0,5.29835595455764,0,0,0,0,0,0,0,0,0,0
"ola_mES_lif_2_89.counts",1.56494685121317,0,0.963570218011318,0,1.09234871723874,0.732700358945967,0,4.2886220588018,0.0862305727216061,0.432006950518241,0,0.371762284573042,0,2.47628408739624,0.0862305727216061,0,0.892375914705195,0,0,0.239153041331121,0,0,0.64215719221051,0,0.0862305727216061,0,0.0862305727216061,0,1.03003102451358,0,1.46605992997282,0.0862305727216061,0,0,0,0.165612123346265,0,5.64406867110809,4.14392349167189,0,0,0,0,0,0,0,0,0,0,0.0862305727216061,0.165612123346265,0,0,0,0,0,0,0,0,0,0.0862305727216061,0,0,0,0,0,6.13342929895482,0,0.0862305727216061,0,0,0,0,0,0,0,0,0.0862305727216061,0,0,0,0,0,4.03540035408828,0,0.0862305727216061,0.371762284573042,0,0,0,0,0.0862305727216061,3.68423974475358,0,0,0,0.165612123346265,0,0,0
"ola_mES_lif_2_9.counts",3.16936669068718,0.860699823350883,3.64795153864828,0,0.127937092075855,0,0,2.90871097058733,0.969936926825504,0,0,0,0,5.1764951176392,0,0.127937092075855,1.96594633507069,3.65503555244742,0,0,0.520225823391556,0,0,2.39453964836255,0,0,0.2413472645669,0.2413472645669,0.670579713733408,0.2413472645669,0.2413472645669,0,0,0,0,0,0,5.04574876445387,4.50720834295463,0,3.74283281459273,0,0,0,0,0,0,0,1.60099511126251,0,0,0.2413472645669,2.88612424093896,1.62815077020104,0,0,0,0,0,0,3.63363116017605,0,0.2413472645669,0,0,0,0.127937092075855,0.34319566951144,0,0.127937092075855,0,0,0,0,0.127937092075855,0,0,0,0,0,0,0,0,4.46257367179806,0.127937092075855,0.127937092075855,0.34319566951144,1.84415878929426,0,5.49635068020505,0.127937092075855,0,1.27902887336569,0,0,0,0.670579713733408,0,0,0
"ola_mES_lif_2_90.counts",0,0,4.03090191878351,0,0,0,0,0,0,0,0,0,0,5.94735164083904,0,0,0.16177238224399,0.16177238224399,0,0.16177238224399,0,0,0,0,0,0,0,0.630187745635223,1.13369351689828,3.12559694317901,1.18866751152993,0,0,0,0,0,0,4.34876442929787,3.4291609402908,0.16177238224399,0.423159550907101,0,0,0,0,0,0,0.630187745635223,0,0.16177238224399,0,0.53202169179547,4.32115711346905,0,0,0,0,0,0.801619618257496,0.16177238224399,0,0,0,0,0,0,0.16177238224399,0.16177238224399,0.16177238224399,0,0,0,0,0,0,0,0,0,0,0,0.16177238224399,0,0,0.719572803136997,0.16177238224399,5.79287173232736,0,1.07552067649647,0,2.38261429345135,0.16177238224399,0,2.34965966789821,0,0,0.16177238224399,0.423159550907101,0,0,0
"ola_mES_lif_2_91.counts",4.38513315316295,0.0226136312400777,5.23178376367759,0,0,0,0,4.00063991307243,4.08528590043697,0,0,0,0,5.83891225259337,0.0447271741363804,0,0.0226136312400777,4.29388238501032,0,0.108276918425134,0.0663622693517736,0,0,3.70465165587075,0,0,0.242518708658538,0,0.344782353488754,0,0,0,0,0,0,0,0,2.78700047363011,3.37496058709554,0,3.52914223671501,0,0,0,0,0,0,0,0,0,0.0226136312400777,0.0663622693517736,3.52712776271445,0,0,0,0,0,0,0,0.0447271741363804,0,0,0,0,0,0,0,0,1.62355457560373,0,0,0,0.0447271741363804,0,0,0,0,0,0,0,0,0.0447271741363804,0,0,1.06412932259287,0,0,0,2.8037671293327,0.0663622693517736,0,3.55496767280864,0.0226136312400777,0,0,1.07198957701721,0,0,0
"ola_mES_lif_2_92.counts",3.52245281277722,0.562794926857877,4.20637151194185,0,1.29322006294345,0,0,4.0741636994447,0,0,0,1.56399310965288,0,5.50454032919333,0.320477988581579,0,0.320477988581579,2.95145307568569,0,0,0,0,0,2.97100518738112,0,0,0,0.757697507445736,1.83880309676691,2.38162180239121,0.320477988581579,0,0,0,0.320477988581579,0,0,5.24047492584187,4.007758962626,0.757697507445736,1.56399310965288,0,0,0.562794926857877,0,0,0,0,0.320477988581579,0,0.757697507445736,0,4.53453124137683,0,0,0,0,0,0,0,2.89039274579664,0,0.562794926857877,0,0,0.320477988581579,0.320477988581579,0.92073870181448,0,0,0,0.320477988581579,0,0,0,0,0,0,0,0,0.320477988581579,0,0,2.00449773165906,0.320477988581579,5.04186888999125,0,0,0,1.89713887401613,0.562794926857877,0,0.320477988581579,0,0,0.562794926857877,2.05414310715778,0,0,0
"ola_mES_lif_2_93.counts",0.454983574466813,0.766534708889129,0.325048901761542,0,0,0.175673813250754,0,0,1.79063855444432,0,0,0,0,5.04481433964857,0.175673813250754,0,1.25180226134107,0,0,0,0,0,0,0.325048901761542,0,0,0.175673813250754,0,0.766534708889129,0,3.69808888532511,0,0,0,0.325048901761542,0.325048901761542,1.93924859612311,5.33490409423846,2.65685461116551,0,0.175673813250754,0,0,0,0,0.325048901761542,0,0.454983574466813,0,0,0,0.175673813250754,3.14749595356223,0,0,0,0.325048901761542,0,0,0,0,0,0,0,0,0,0.175673813250754,0,0.175673813250754,0.175673813250754,0,4.74058404802078,0,0,0,0,0,0,0,0,0.673069885240599,0,0.766534708889129,4.88553778712486,2.13887927340425,1.49445008311986,0,0,0.175673813250754,5.54233392861142,0.325048901761542,0,3.46323012528386,0,0,0,0,0,0,0
"ola_mES_lif_2_94.counts",3.96625947976389,0.130665760749133,0,0,0.44362583147561,0,0,5.10941136573196,0,0,0,0,0,3.76803270565056,0.349783581259452,0,0.44362583147561,0,0,1.69868947329336,0,0,0,0,0,0.130665760749133,0,0.246214280392784,2.59698658306106,6.30507534328396,0,0.130665760749133,0,0,0,0,0,4.56641078461629,3.73526050775661,0,0.246214280392784,0,0,0,0,0,0,0,0,0,0,0.246214280392784,0.246214280392784,0,0,0,0,0,0,0,0,0,0,0,0.130665760749133,0,0.130665760749133,0,0,0,0,0,0,0,0,0,0,1.17353086516508,0.130665760749133,0.130665760749133,0.130665760749133,0.130665760749133,0.130665760749133,0.130665760749133,3.48695324037613,0,0,0.246214280392784,0,1.47019509827015,0.130665760749133,0,0,0,0,0,0,0,0.130665760749133,0
"ola_mES_lif_2_95.counts",3.35239011128886,0.0958771717444522,3.15440653055557,0,0,0.0958771717444522,0,3.28689740572681,0,0.0958771717444522,0,0,0,4.79365937459453,0.533193825319279,0.263802924441665,0.696261665420383,0,0,0.0958771717444522,0,0,0,3.6721831864571,0,0,0,0.0958771717444522,1.10276278331291,2.49060914941704,2.97117272717532,0.0958771717444522,0,0,0,0,0,5.68329428337468,1.78012025074066,0,1.72787814136248,0,0,0,0,0,0,0,0,0.0958771717444522,0,0.263802924441665,4.21528740740658,0,0,0,0,0.0958771717444522,0,0,0,0,0.183360796566329,0,0,0,0,0.0958771717444522,0.0958771717444522,0,0,0.997172135996494,0,0,0,0,0,0.0958771717444522,0,0,0,0,0,0.0958771717444522,0.533193825319279,4.28695767149797,0.472340401795428,2.68681608080142,0,5.32136330115455,0,0.0958771717444522,4.25462596651202,0,0,0,0,0,0,0
"ola_mES_lif_2_96.counts",5.00374348547257,0.249424068549737,3.91407943532396,0,0,0,0,0,2.06601373609775,0,0,0,0,5.72913970584828,0,0,0,0,0,0,0,0,0,0,0,0,0,0.0902324977383452,0.38671952345637,0,0,0.172992688442941,0,0,0,0,0,4.00413466826705,4.82440810323613,0,3.79407706698541,0,0,0,0,0.0902324977383452,0,0,0,0,0.0902324977383452,0,4.60099718516994,0,0,0,0,1.41491760663699,0,0,0.0902324977383452,0,0,0,0.0902324977383452,0,0,0.172992688442941,0,0.0902324977383452,0,0.842429696614786,0,0,0,0,0,0,0.0902324977383452,0,0.0902324977383452,0,0,3.54705802701615,0,0.712320084913401,0,0.0902324977383452,0,4.45528016797448,0,0,3.80043180886869,0,0,0,0,0,0,0
"ola_mES_lif_3_1.counts",0.00610999366395603,0.00975815040715421,0.00122498894453725,2.79429897271749,4.28886221979326,4.38231945162079,2.58870748322282,0,0.00122498894453725,3.06487825270395,3.42409216244682,3.27098475154977,2.96253062777134,0.234882177493555,4.74479274673395,2.58446308632053,4.59384709430778,0.00367047421016921,0,4.71528079470586,0.0024484791269399,2.27013292074989,2.25585030472801,0.265423739795794,1.73411958436803,0,5.1916056773974,0.00732752529363629,5.08236743895213,0.00367047421016921,0,0.00122498894453725,0,0,0.00122498894453725,2.26873916298689,0,0.367221534577087,0.0206234396995281,0.00122498894453725,0,0,0,1.39832526388945,0.066388135917821,0.00489097784377383,1.31830359852951,0,0,0.187246280737364,0.00122498894453725,0,0.712668953892858,0,1.86402401126571,1.61570967968263,0,0,0.0024484791269399,0,0,0.00122498894453725,0.00122498894453725,0.00122498894453725,0,0,0,0,0.00122498894453725,0,1.83510262002008,0,0,0,0.0024484791269399,0.00732752529363629,0.00122498894453725,0,0,0,0,0,0.00122498894453725,0.350958703265449,0.00122498894453725,0,0,0.00367047421016921,0.00122498894453725,0.00489097784377383,0.00122498894453725,0,0,0,0,0,0,0,0.0024484791269399,0.0170147778913869
"ola_mES_lif_3_10.counts",0.00289293458333803,0.00721670472306125,0.00433626951434842,2.81355614176777,4.31025474584755,4.12360629490077,2.75513604913864,0.494857337171686,0.0672201932644411,3.25684218874992,3.51503965707607,2.88530669119299,2.70352432546703,0.531277336785567,4.64213165717774,2.76211345788031,4.59351900631866,0.0299662853696058,0,4.68204565102871,0.00289293458333803,1.97365682942347,2.53794791582884,0,2.13278841597791,0.00144751342511704,5.26108061560951,0.00144751342511704,5.08891222942194,0,0.296213815144742,0,0,0,0,2.5821739829129,0,1.41202727689741,0.627799068723806,0,0.119979216857405,0,0,1.77675136740822,0,0,2.21576701444807,0,0,0,0,0,0.655253627594886,0,1.68142501235041,1.31460923500751,0,0,0,0,0,0.00144751342511704,0,0,0,0,0.335296141039705,0,0.00144751342511704,0.00289293458333803,1.68626589165439,0,0.00721670472306125,0,0.00144751342511704,0,0,0,0,0,0.00144751342511704,0,0,1.09924945273044,0,0,0.0100888668491573,0.0369706847340586,0,0,0.00144751342511704,0,0.171314908269976,0,0,0,0.00289293458333803,0.00577752423172036,0,0.0186561865787725
"ola_mES_lif_3_11.counts",1.15672564518795,1.61452105122867,1.70613139114487,2.43611925127499,3.9490267660966,4.1370936797946,2.28176729836955,0.400144211830835,0.566918704907035,3.2232642912227,3.46372661473484,2.74532435853549,2.30871215908567,2.38087661822052,4.66467808349136,2.36765916257732,4.51629203548279,1.27233434464248,0.00329684033008871,4.64418248444905,0.478854497424758,2.00011603167967,2.06415670702151,0.0260753119119106,2.19444386342786,0,5.33051283124501,0.0098580916054204,5.20864810514768,0.255107782784646,0.548008151041429,0.00658284721038922,0.00329684033008871,0,0,2.37567197410406,0,0.976234735709227,2.1207835762409,0,0.590979637512775,0.00329684033008871,0,1.22205443447349,0,0,1.15568649079977,0,0,0,0.00329684033008871,0.10937429753755,1.74089555296388,0.00329684033008871,1.05858862285781,0.945922534301374,0.00329684033008871,0.106409760101774,0.0228528394870327,0,0,0,0.0228528394870327,0,0,0,0.820386757796939,1.28429047798413,0.0098580916054204,0,1.72689969464,0.00329684033008871,0,0.00329684033008871,0,0,0,0.0420337255275054,0.00329684033008871,0,0.00329684033008871,0,0.00658284721038922,1.68798010696572,0.00658284721038922,0,0,0.00329684033008871,0.00658284721038922,0.100454188796024,0.0228528394870327,0.00329684033008871,0.576241547411234,0,0.11821554090849,0,0.00329684033008871,0,0,0.0292874333550841
"ola_mES_lif_3_12.counts",0.0511790756664528,0.019500383922058,0.658595363139954,2.3862030801164,4.06385088792721,4.06610406777791,2.39999352415177,0.708299479108204,0.00654247073557441,3.4633149909294,3.50834457447565,2.82989964441135,2.6783506760305,1.59570154891391,4.66123589812924,2.5567482849486,4.47627140037573,1.40733204413706,0,4.64180971762288,0.0259169143298027,2.02858275344213,2.31489383191602,0.0511790756664528,2.21114197682321,0,5.37013501381792,0.0130424156212481,5.20324945791617,0.146291937855685,0.157569320157789,0,0,0,0,2.13028067382354,0,1.73000658450056,1.92306376200631,0,0.0322925352326907,0,0,1.5139213417052,0,0,0.993272193884502,0,0,0,0.0130424156212481,0,0.885571911362995,0,1.28256474279503,1.20105680225443,0,0,0.0259169143298027,0,0,0,0,0,0,0.00654247073557441,0.0697155166445255,0.0130424156212481,0,0,1.72650945790299,0.00654247073557441,0,0,0,0,0.0130424156212481,0,0,0,0,0,0.0130424156212481,0.293657045153476,0,0.00654247073557441,0,0,0,1.52398109474385,0,0,0.0130424156212481,0,0,0.00654247073557441,0.0939080989060333,0,0,0
"ola_mES_lif_3_13.counts",1.60925561908903,2.1094770133166,2.85449250358278,1.90533846375803,4.00112626707361,4.03785176374274,2.80284860852333,0.826182001166534,1.51280991531091,3.43237146331774,3.73035881154316,2.94680478350925,2.52260715971656,2.99630133355412,4.5755381066018,2.69544957223494,4.58219268304587,1.59700064126805,0.0019622624110561,4.63581857646595,0.259739688728021,1.67648890960246,2.46669151559758,0.713449742255925,2.15852677785132,0,5.20591513567282,0.0701555189675041,5.03559016018114,0.0155913322895897,0,0,0,0.0019622624110561,0,2.55973947224606,0,1.11662953147712,2.43261242775574,0,0.878114923948541,0,0,1.41421089784209,0.0019622624110561,0.00587527345344564,1.45491606297426,0,0,0,0,0,1.58821153935598,0.0954680167105635,1.72978019492059,1.19394222920802,0.0019622624110561,0,0,0,0.174395498468267,0,0.00587527345344564,0,0,0.0019622624110561,0,0.00392068188795714,0.00392068188795714,0.00977303250225118,0.913399985671538,0,0,0,0.00392068188795714,0.0019622624110561,0,0,0.0019622624110561,0,0,0,0,0.152714106957185,0,0.788511641929907,0,0.433155589141376,0,0.0155913322895897,0,0,0.0019622624110561,0,0,0.0019622624110561,0,0.0328458323187692,0,0
"ola_mES_lif_3_14.counts",3.99138532958784,3.137209869668,2.84488966383436,1.96062996096946,3.75105277692094,3.76228785450953,2.44900201371585,1.08758560797861,2.62733061115226,3.16644154700929,3.40877173680361,2.88627872390772,2.14298977856969,3.22303625668077,4.44366679291442,2.23877996428317,4.47120525515837,1.89976826555329,0,4.58735365881161,2.07996436836295,1.80745858529218,2.33777817920299,1.14328397392419,2.00152221851217,0,5.22783312190983,0.0355215307477937,4.98680623560347,0,0.270771617122049,0,0,0.00360947372375089,0,2.57226909339746,0,0.832101171847607,2.38015524386376,0,1.29783817241991,0,0,1.47313147713327,0,0,1.17057237888584,0,0.014360377312104,0,0.00360947372375089,0,1.555813391922,0.40721251709535,1.52087327865765,1.43426042755128,0,0,0,0.032025622639576,0.00360947372375089,0,0.00360947372375089,0,0,0,0.907831956667285,0.00360947372375089,0.00360947372375089,0,1.26266039802889,0,0.00360947372375089,0,0,0,0.00360947372375089,0,0,0,0.0459365195793782,0,0,0.496917698135941,0.00720596598912927,0.287185653844064,0,0.0179184794758097,0,0.231390802447952,0.00360947372375089,0,0.426281189426926,0,0.0424768950955828,0.00360947372375089,0.930902726972331,0,0,0
"ola_mES_lif_3_15.counts",0.920009311472404,0.0113125084584371,1.09811664576361,2.53853866608384,3.87964158978071,4.01149021119922,2.42545062063276,0.0037850731801313,0.821625935658728,3.40898105859945,3.64675001864012,3.00943715452981,2.5188779763487,1.97412568925074,4.43811419830531,2.46329409115422,4.52428602959983,0.570881157610846,0.0037850731801313,4.7672260357672,0.0037850731801313,1.73755375117578,2.28796813524373,0.0037850731801313,2.07141154134666,0,5.37901730523486,0.0113125084584371,5.19311307920532,0.0150550838234835,0.124629409278004,0,0.0037850731801313,0,0,2.66074821973761,0,1.25466811035515,1.28449893561862,0.0224984742498449,0.467113558096531,0,0,0.915465198569207,0,0,1.53156000185703,0,0,0,0,0.0481225061069381,1.60808392296808,0,1.27075949421047,1.39094042902864,0,0,0,0,0,0,0,0,0,0,0.151060104482688,0.0037850731801313,0.0037850731801313,0,1.71937383172932,0.037221076906547,0,0,0,0,0.0037850731801313,0,0,0,0.0037850731801313,0,0,1.32057803360136,0,1.07119870720501,0.00755587358779595,0.0037850731801313,0,0.732747629588451,0,0,1.81396126919442,0,0,0.0037850731801313,0.18314539872356,0,0,0
"ola_mES_lif_3_16.counts",3.39843634418302,2.0528446750151,2.58352550757061,2.16991672460728,3.84956494151281,3.81832408298286,2.36955235530238,2.208785150388,2.1812469787968,3.2592431267957,3.56417353934111,3.05076301604307,2.30329421521939,2.62019163445657,4.47988770783039,2.30459405053998,4.32332018914535,1.84359549328802,0.00432929221333463,4.63618244137267,1.79072850214396,1.7746754461462,1.93912504397934,1.60514208555657,2.17879477708588,0,5.32992913971879,1.71714852905172,5.04620109275963,0.210494743701829,0,0.00432929221333463,0,0,0,2.53348123422275,0,0.722044220929648,2.68854247359061,0,0.0792130087465338,0.00432929221333463,0,0.271845905067307,0.00432929221333463,0.00863992241985912,1.37598586256811,0,0,0,0,0,0.886830933343856,1.551437185367,1.24378198597466,1.125762051024,0.0214614327631258,0,0,0,0.00432929221333463,0,0,0,0,0.141372557513562,0,0.00432929221333463,0.00432929221333463,0,1.96256142440829,0,0,0,0,0,0,0,0,0.00432929221333463,0,0,0.00432929221333463,0.335870839128956,0.00432929221333463,0.00432929221333463,0,0.0172058355583035,0,0.0507540683970292,0.00432929221333463,0,0.589260728163546,0,0,0,2.34282362557914,0,0,0
"ola_mES_lif_3_17.counts",3.49369056098229,2.15186948214702,2.6669771490129,2.69383753381569,3.7299605788913,3.69177924144887,2.37402063822983,1.80220445473972,2.3882757169095,3.16791056383439,3.5389260808996,2.77275536002964,2.3583448146082,3.38467086035832,4.44780255664234,2.41905382704302,4.34600889630842,1.76550859449444,0,4.64031643246129,0.593086886000431,1.77644197872094,2.12767424741066,2.45279068470209,1.91720017684399,0.00640457168426335,5.27950345545867,0.967737061024217,5.04456830126046,0.00640457168426335,0,0,0.00640457168426335,0.33529850385137,0,2.51131079782358,0,0.627977513035239,2.72295367883991,0,2.03218335867806,0,0,0.585960262598885,0,0,1.5143948536393,0,0,0,0,0.165432650917285,2.2085032206357,1.10442509145704,1.08290217575918,1.02927469571934,0,0,0,0,0,0,0,0,0,0,0,0.0253757930545159,0,0,1.35211837464992,0,0,0,0,0,0,0.0742736348634478,0,0,0.0562159751969931,0,0.00640457168426335,0,0.0190919575990535,0.716519577518342,0,0.0920109908430674,0,0.707059932469365,0,0,0.61763754933279,0,0,0.0127683857268741,1.29921756253772,0.00640457168426335,0,0.031620388372201
"ola_mES_lif_3_19.counts",0.301841425799193,0.17350739716639,0.323722008934978,1.86738426232793,4.07320571483238,4.08199408789305,2.81158216124816,0.760871686073063,0.0889927483257303,3.47018848033364,3.43760491335024,3.04058919617003,2.38438747395738,1.46955363841771,4.57036179573839,2.74806665919223,4.64494943520352,1.00861086617386,0.00331851369785279,4.69864866180815,0.00331851369785279,1.79386247286985,2.55954474270298,0.724494837824781,2.08363761878829,0,5.35941646849001,0.00662605127690353,5.1530325559138,0.00662605127690353,0,0,0,0,0.299380431300232,2.64829332748948,0.00331851369785279,0.871060239705619,0.669876240068559,0,0.113029478203589,0,0.00331851369785279,1.46649047361371,0,0,1.14549485959666,0,0,0.00662605127690353,0.00331851369785279,0,0.50370017830276,0.00331851369785279,1.33556774006034,1.6138425045688,0,0.00331851369785279,0.00662605127690353,0.00331851369785279,0.00331851369785279,0.00331851369785279,0.0164835274299551,0,0,0,0,0,0.00331851369785279,0,1.71629710507279,0,0,0.0391133157752082,0,0.00331851369785279,0,0,0,0,0,0,0,0.241038585369503,0.00331851369785279,0,0,0.0262447814824126,0,0,0,0,0,0,0,0,0.0736710047008436,0.00331851369785279,0,0
"ola_mES_lif_3_2.counts",0.620175036493048,0,0,2.51834541143656,4.17621115021187,4.41168261352401,2.85867674466209,0,0,3.32516918801207,3.77083388878168,3.01553199741006,2.6774425848646,0.847910233560807,4.72482960094866,2.8391120515439,4.48589635590502,0,0,4.70074625914436,0.00416245819373624,1.61112829458115,2.50582936217827,0.00416245819373624,2.29937359150588,0,5.16439781636205,0.00416245819373624,5.09576040532481,1.51412965134923,0.00416245819373624,0,0,0,0,2.563049367135,0,1.68107883633621,0.278523203252526,0,0.0646055177211616,0,0,0.91859970619014,0.00416245819373624,0,1.2641889151592,0,0,0,0,0,0.00416245819373624,0,1.75080952280294,1.39746357168177,0,0,0,0,0,0,0,0,0,0,0,0.00830766212459669,0,0,1.70789537350793,0.360326768880063,0,0,0,0,0,0,0,0,0,0,0.00416245819373624,0.00416245819373624,0,0,0,0,0,0,0,0,0.036852718682215,0,0,0,0.00830766212459669,0.00830766212459669,0,0
"ola_mES_lif_3_20.counts",4.41226203826987,3.62516410741515,3.46401555605584,2.22049166219669,3.57626366625855,3.41049937923218,2.12428254877892,2.62474015839381,3.24949222826855,3.13832757810471,3.20267906055387,2.30270196474716,2.28535141281083,4.04793072192645,4.19396418562059,2.09482607911215,4.15948508296964,2.03516015503122,0,4.34198253984522,3.24772410389936,1.42241418584645,1.6159296143638,2.39816661875877,1.77027546401851,0,5.01142735977833,1.97522287746928,4.7483109429526,0.00504692175076007,0,0.00504692175076007,0,0,0,2.19995980603672,0,2.02117988151964,3.00675728364522,0.01506498781391,0,0.00504692175076007,0,0.0684391893602309,0,0.00504692175076007,1.17913399427625,0,0,0,0,0,2.75323435158384,2.42359201342699,0.94332225117069,1.04084325305721,0.00504692175076007,0,0.00504692175076007,0,0.0100684999358303,0,0,0,0.00504692175076007,0,0,0,0,0,1.39017896427335,0,0,0,0,0,0,0.01506498781391,0,0,0,0,0.0541628180023251,0,0,1.28532806502929,0,0.00504692175076007,0,0.184308877855208,0,0,0.915356278681435,0,0.00504692175076007,0,2.1610897970325,0,0.00504692175076007,0
"ola_mES_lif_3_21.counts",0.468042497254992,0.0466442644114872,0.0235940684803818,2.14806369112915,3.93776490964513,3.83286372560417,2.69701195729822,0.0235940684803818,0,3.30593419394544,3.4635321626467,2.7113918320278,2.30742112021269,0.382233945929707,4.53696286426216,2.30623244246468,4.61238656764127,0.511918483540127,0,4.8329248324517,0,1.84246856034163,2.21670625027855,0,2.04390540503928,0,5.42472670709492,0.0118666176346583,5.24528102675564,0.973558432403704,0.0802529657913991,0,0,0,0,2.66346469559548,0,0.729651454908632,1.26823784917337,0,0.365809304912799,0,0,0.986995220596901,0,0,1.3672745742366,0,0,0.0579731345415637,0,0,0.214099662725054,0,0.96903907965506,1.58751158153108,0,0.0118666176346583,0,0,0,0,0,0,0,0,0,0.374055346146289,0,0,1.64442985953245,1.4433856253632,0,0,0,0,0,0,0,0,0.0118666176346583,0.0118666176346583,0,0,0,0,0,0,0,0.519047571058719,0,0,0.445360816360773,0.978057452459242,0,0,0,0,0,0
"ola_mES_lif_3_22.counts",0.133901464554015,0.0235993583721646,0.0157946234496487,2.22597283045829,3.86395843524468,3.90422819356662,2.56706814746158,0.432613633358797,0.0157946234496487,3.28804469258404,3.4500749757582,3.11351460165378,2.30604012935236,0.401136120041019,4.52013048305424,2.44089657015569,4.59201594118499,0.478046626496528,0,4.81007136318748,0.00792849516692693,1.86324972379017,1.92781696140762,0.0157946234496487,2.08500203966186,0.00792849516692693,5.39183377868725,0,5.20550711595852,0.174827054677231,0.0235993583721646,0,0,0.0235993583721646,0,2.72812312001223,0,3.06754410559719,0.239520949099431,0,0.563152866203606,0,0,0.379586812880022,0,0,1.33131087696098,0,0,0,0.00792849516692693,0,0.540229541607099,0.00792849516692693,1.42745634941657,1.79818637954597,0,0.0984689274292718,0.00792849516692693,0,0.0157946234496487,0.00792849516692693,0.181488061933808,0,0,0,0.0542230577227482,0,0,0,1.74123171838447,0.654074194259981,0,0,0,0,0,0,0,0,0.0542230577227482,0,0,0.478046626496528,0,0,0.00792849516692693,0,0,0.432613633358797,0.00792849516692693,0.00792849516692693,0.789348484193967,0,0.0235993583721646,0,0.00792849516692693,0,0,0
"ola_mES_lif_3_23.counts",2.13440508867321,0.787855871595814,1.64358947016389,1.76686483025278,3.90669218330556,3.93121662241238,2.79035151229408,1.06689107615933,1.29869988684287,3.32023875899667,3.52783802756162,3.15579056511989,2.37608828276714,3.02271992049621,4.43977369327188,2.58810178817718,4.49415705349657,1.71235100076697,0,4.71682466095774,0.0963035510689307,1.65054373652059,2.27448427738553,1.42964510833664,1.78762295119343,0,5.37201396445856,0.0143386021952124,5.16538146277904,0.0354682319790164,1.09143302831917,0,0.00719500031656968,0,0,2.55667668857718,0,0.823345069501535,1.75694517188346,0,0,0,0,0.134897023854803,0,0.0143386021952124,1.42270649048968,0,0,0.00719500031656968,0,0,2.14629496671027,0.705754575358053,0.733877320421935,1.07431711019635,0,0,0,0,0,0,0,0,0,0,0.0143386021952124,0,0,0.00719500031656968,1.57574101629921,0,0,0,0,0,0,0,0.00719500031656968,0,0,0,0.202001090053403,0.695001243977704,0,0,0,0,0,0.764597927569186,0.00719500031656968,0,0.914182883916978,0.0284745117825854,0,0,0.0897239739528345,0,0,0
"ola_mES_lif_3_24.counts",3.2283443109349,2.15467393918865,1.50011632800945,2.40095612997864,3.84879081301733,3.88252466519467,2.47776423504221,1.21208105873891,2.35761820269604,3.34699621044677,3.60958529629444,2.92188207244438,2.52624327340827,3.57297833486304,4.50426603935033,2.41212035209436,4.38052095970039,2.1122985156754,0,4.54462414308136,0.575291022692658,1.92217340928996,2.25553142863157,1.48464356802669,1.94997200464579,0,5.23104752486844,0.0136698184942424,5.01885094264079,0,0.091982598252199,0,0,0,0.00685826705746638,2.54207494029231,0.0665537282493152,1.25222210634794,2.21655045994819,0,1.57976803114483,0.0470485262948081,0,0.946214939758435,0,0.00685826705746638,1.21820590179728,0,0,0,0,0,1.82053200745405,0.695518600914142,0.905316134294921,1.32979355383843,0,0.300825651087337,0,0,0.00685826705746638,0,0,0,0,0,0,0,0,0.134984125349444,1.8630772268927,0,0,0,0,0,0.0136698184942424,0.0793489895018088,0,0,0,0.00685826705746638,0.0136698184942424,0.290585430530331,0,0,0,0,0,3.16677014360215,0,0,0.827198876864347,0,0,0.00685826705746638,0.248542561699658,0,0,0
"ola_mES_lif_3_26.counts",0.514115507939663,0.074696245833626,0.180821000271716,2.39047247789017,4.09698432524127,4.15904841645642,2.14377995705425,0.583780166260542,0.074696245833626,3.28294156872355,3.65831736532174,2.95849408254659,2.73210786553726,1.57938834830782,4.57752996193856,2.33697702801424,4.45236733870836,1.08970251559998,0,4.72150398568903,0.0170880067874116,2.04066642224792,2.00765426390209,0.0170880067874116,2.29097404780399,0,5.27257805576213,0.0255237431395702,5.1800494618881,0,0,0,0.00858050294662714,0.00858050294662714,0.0170880067874116,2.55326239519381,0,2.83387007998078,0.783538050831486,0.00858050294662714,0.888093657604539,0,0,1.21485065609222,0,0,1.89765928998798,0,0,0,0,0,0.187987229414971,0,2.05401413177139,1.23510225696796,0,0,0,0,0,0,0,0,0,0,0.0170880067874116,0,0,0,1.3214777458675,0,0,0,0,0,0,0.0338889127117086,0,0,0,0,0,1.05430518385269,0,0,0,0.00858050294662714,0,1.95904023265723,0,0,1.44052575346042,0,0.00858050294662714,0,0.129165770845282,0,0,0.0170880067874116
"ola_mES_lif_3_27.counts",1.0048376611502,0.0407149150651886,0.484477730404087,2.62785182271573,3.87413075259783,3.82684923209449,2.68874460200907,0.0103351903345895,0.194498378259725,3.23950127182282,3.74557883332005,2.88436268232914,2.46346716015912,2.20672772483204,4.59774842726863,2.63904520929511,4.54968848818041,0.00690198168757003,0,4.6993383014577,0.00345694550086775,2.04266781886992,2.17063915630905,0.0137566523770406,1.99200712583383,0,5.37668511392181,0.0440341667675289,5.19969895855519,0.340152977595642,0.848735425672482,0,0.00690198168757003,0.00345694550086775,0,2.66396238894944,0.00690198168757003,1.30581472411519,0.0407149150651886,0,0.774943521269311,0,0,1.56185672167011,0.00345694550086775,0.0137566523770406,1.7409319819843,0,0,0,0.00345694550086775,0,0.739212268668187,0,1.08167914706167,0.971319564846537,0,0,0,0.00345694550086775,0.00690198168757003,0,0.00690198168757003,0,0.00690198168757003,0.00345694550086775,0,0,0.0171664479221197,0.00345694550086775,1.57985223058705,0,0,0,0,0,0.00345694550086775,0,0,0,0,0.00345694550086775,0,0,0.0103351903345895,0,0.020564656260357,0.0830288821886207,0,2.44050351131044,0,0,0.00345694550086775,0.00345694550086775,0,0.00345694550086775,0.271296168708962,0.0103351903345895,0,0.020564656260357
"ola_mES_lif_3_28.counts",1.67626423774919,0.761196515770598,1.83637820982761,1.63769679701013,4.10426720182741,3.73921410987705,2.28185267726946,2.61736528642063,1.64672991036968,3.34275931470324,3.25769257647991,2.74511503093041,2.24133596006467,3.15015353201564,4.56375950445868,2.34394487827648,4.4102467648076,1.83802995473443,0,4.71132673508839,2.18053355741604,2.06974489155037,2.22969077630991,0.623796252049931,1.9714745954171,0,5.33753591071399,0.0154370903499674,5.09828156668992,0.010317826171405,0,0,0,0.010317826171405,0,2.62076621195317,0,2.88999803539532,1.60072556605729,0,1.96422735188053,0,0,1.1993536928179,0.010317826171405,0.0603680532713375,1.45936810100432,0.179863146668127,0,0.0986793929119926,0.010317826171405,0,1.11459048799837,0.948414733766324,1.25112816286772,1.22252644290545,0,0,0,0.00517222021878872,0.00517222021878872,0,0.00517222021878872,0,0,0,0.010317826171405,0.0154370903499674,0.010317826171405,0,1.48904947156075,0,0.00517222021878872,0,0,0,0.00517222021878872,0.0986793929119926,0,0.00517222021878872,0,0.010317826171405,0,0.197042674235173,0,0,0,0.0306394952128992,0,0.835850899777287,0,0,0.140094893880591,0,0,0,0.00517222021878872,0.365182992453014,0,0
"ola_mES_lif_3_29.counts",0.0741945200444645,0.100076612641427,0.00512128290738308,2.81808156007246,4.0178493713623,4.02530401284987,2.96218298720465,0.00512128290738308,0.0353101283536071,3.22637755009761,3.77465121334164,3.06238618265412,2.62857531303836,1.36384822722834,4.65584334810338,2.72831408144063,4.64485032409828,0.00512128290738308,0,4.68392438317662,0.00512128290738308,2.02649684432012,2.3424071422529,0.00512128290738308,2.15521516172744,0.002563919892436,5.31770230720583,0.00512128290738308,5.1199649611185,0.0597894770406973,0.0597894770406973,0,0.00512128290738308,0,0,2.72107624520802,0.002563919892436,0.441165054936836,0.0860422137673119,0,0,0.002563919892436,0,0.717834283026842,0.002563919892436,0,1.8247374259685,0,0,0,0.002563919892436,0.002563919892436,0.0789504548926029,0.002563919892436,1.79062925858035,1.02211857583122,0,0,0.002563919892436,0.00512128290738308,0.00512128290738308,0.002563919892436,0.002563919892436,0,0.00767212249596301,0.002563919892436,0.0152858314002207,0.0127543639244286,0.002563919892436,0,1.32230199300497,0.0930840335462848,0,0,0.00512128290738308,0,0,0.0622047737987382,0.00512128290738308,0.002563919892436,0,0,0.002563919892436,0.184660115339005,0.0152858314002207,0,0,0,0.002563919892436,0.143262393644858,0,0,0.0377852056019675,0,0,0,0.0597894770406973,0.002563919892436,0,0
"ola_mES_lif_3_3.counts",0.434692801873786,0.0312550345451487,0.00316983096040684,2.57679828288485,4.29906988791595,4.19108036800528,2.84406235273681,0.00158617145821729,0.0266286023184555,3.54140593632202,3.55610674662035,3.011401338966,2.70833737888098,0.467053209209079,4.69928993638202,2.44517769229323,4.53873732062283,0,0,4.6534507913599,0.00316983096040684,2.11153417570284,2.27072464359844,0.00158617145821729,1.91113883148178,0,5.27521051115886,0,5.14040646895313,0.00158617145821729,0,0,0,0,0,2.56514617942242,0,0.398056712798131,0.849382928917505,0,0.0110507258448131,0,0,0.851417587990121,0.00158617145821729,0.0047509864501581,1.53641859316891,0,0,0.00158617145821729,0,0,0.064543581058193,0,1.56004480344915,1.13145695313663,0.00158617145821729,0,0,0,0.00158617145821729,0.00158617145821729,0,0,0,0,0.00316983096040684,0.0047509864501581,0.0047509864501581,0.00316983096040684,1.60759606831568,0,0,0,0,0,0,0.0281731258234668,0,0,0.00632964583344005,0,0,0.126572347750863,0.00316983096040684,0,0.0480378173227091,0.0047509864501581,0,0.377591761984598,0,0,0.399122300906407,0,0,0.00158617145821729,0.00158617145821729,0,0,0.0585729595888475
"ola_mES_lif_3_30.counts",3.44292876070048,2.56906124321269,1.46132190611988,2.15367895278862,4.00281633057116,3.70266822708519,2.70455718357858,2.50460461484879,2.44854242215453,3.1356639888616,3.4758066912599,2.8324099327723,2.65544004151598,2.7166210056474,4.44593562643009,2.4397346496562,4.57227854328469,2.13567481893047,0,4.60571475425599,0.398042520887282,1.70839356883728,1.97692424197611,1.41086209542424,1.82051504472184,0,5.23924786590771,0.161496775432704,5.09986558410432,0.00307017111737483,0.251509152285867,0,0.00307017111737483,0.00918237937956059,0.00307017111737483,2.5279468670099,0,2.15652976978522,2.33109863323914,0,0.915278581368043,0,0,0.205013616810517,0,0.00918237937956059,1.49773501304139,0,0,0.00307017111737483,0.00307017111737483,0,1.57256893572316,0.849114785938884,1.54605959106788,0.692816575357206,0,0,0,0.00307017111737483,0.00307017111737483,0.00307017111737483,0.00307017111737483,0,0,0,1.26582247089257,0.0243014252154467,0.0362342070529185,0,1.46274720469393,0,0.00307017111737483,0,0,0.00307017111737483,0,0,0,0,0,0,0.00307017111737483,0.0182812092694588,0.00307017111737483,0.042147622566947,0,0,0,0.67418871510066,0,0,0,0,0,0.00307017111737483,1.37652631612847,0,0,0
"ola_mES_lif_3_31.counts",0.40338340515036,0.0290196101391101,1.54734987285881,2.2232363971852,4.02448210016214,4.01090500886107,2.52940468546981,1.45467545285178,0.582957529904695,3.33105168739118,3.72190388751894,2.90037875377224,2.46987400053157,2.23196420425955,4.55915794637309,2.37933788603948,4.48053277634698,1.51794054698913,0,4.66739052367656,0.521522909800789,2.0590539423492,2.15352305918746,2.28765798990879,2.29658431266324,0,5.33899041827036,0.0146150685976113,5.16335624947594,0.318759843072589,0.00367384090361203,0,0,0,0,2.65418137163226,0,1.64573890927521,1.9829825858308,0,0.591142639905786,0,0,0.89314259298633,0,0,1.31272347041909,0,0,0.277792331603116,0.00367384090361203,0.108045584273634,0.286121201638789,0,0.909580623291878,1.29372660341675,0.00367384090361203,0.0572207775790328,0,0.0361448117330436,0,0,0,0,0,0,0.724496972052229,0.00367384090361203,0.00367384090361203,0,1.33524705537549,0.010981277648032,0,0.00367384090361203,0,0.00367384090361203,0,0,0,0,0,0,0,0.961563250877819,0.010981277648032,0.00367384090361203,0.0675944939415201,0.0146150685976113,0,1.75967372175682,0,0,0.130907828579722,0,0,0,0.00367384090361203,0,0,0.010981277648032
"ola_mES_lif_3_32.counts",0.0760348473514084,0.0100043566953244,0.001435336208334,2.59762165148654,4.1662695656698,4.31003199450745,2.68980434251286,0.119026953297154,0.00572902493776095,3.35920826676068,3.59237569915781,3.10367927534117,2.45338828420037,0.209199926041129,4.68373246431493,2.72119580329272,4.60433819797059,0.00286861517911192,0,4.6807003939225,0,2.02891780590981,2.38117139168267,0.00286861517911192,2.26589478879156,0.00286861517911192,5.25862892792313,0,5.05719357772774,0.265827307997136,0.107483938820238,0,0.001435336208334,0,0.001435336208334,2.74731376494681,0,2.14166896207099,0.489807108504211,0,0,0,0,1.44297277362087,0,0,1.31230687078421,0,0,0.001435336208334,0,0,0.0128444568149794,0,1.24099686296077,1.5738200153147,0.00286861517911192,0,0,0,0.00286861517911192,0,0,0,0,0,0.00715616742753616,0.00715616742753616,0,0,1.81914947578866,0,0,0,0.001435336208334,0,0,0,0,0,0.001435336208334,0,0,0.823458716341378,0.0170895399621398,0,0,0,0,0,0,0,0,0,0,0,0.001435336208334,0,0,0
"ola_mES_lif_3_33.counts",3.9078404901473,3.84405777628058,2.36580470316514,2.27360874301969,4.1768108113729,3.96755790427629,2.74682327187634,1.73069540367514,2.83745042829988,2.91345529365504,3.04283053308161,3.06456566426043,2.58253086815991,3.57790350566937,4.41629963427307,2.59111837942756,4.4979681764236,2.52365397232164,0,4.46730033296587,1.26768423599161,1.60394572159058,2.24894462538142,1.53444399955444,2.06863831995974,0,4.94398882302418,0.00841684962213746,4.79881067182203,0.513998675762413,0.268890260286803,0.0167634467798618,0,0,0,2.0249780370142,0.0534842826647908,0.846403924594404,2.63237579702748,0,0.00421728020462469,0,0,0.44331082429796,0,0,1.82562298451136,0,0,0,0,0,2.46217394582315,1.57899003280498,2.10327617990318,1.36292736347022,0,0,0,0,0,0,0,0,0,0,0.108053193458803,0,0,0,1.23380811678063,0,0,0,0,0,0,0,0,0,0,0,0.778914581246716,1.09968234959472,0.00421728020462469,0.00421728020462469,0,0.00421728020462469,0,0.340545218416477,0,0,0.769170194819145,0.855427302067718,0,0,1.64229589721538,0,0,0
"ola_mES_lif_3_34.counts",4.07866639388876,3.75807520270089,3.37890608608848,2.18310878948721,3.72498258597377,3.71077237225544,2.45603593501617,2.4341785916503,2.99485493271837,3.20020383600972,3.38492236547567,2.72892182189447,2.44594726390571,3.65787571789362,4.2649236604046,2.40074188725168,4.37100814077834,2.81287134460675,0.00299621203609564,4.40998340195201,3.10130724161698,1.1257375124188,2.07123667840451,2.96945724427863,1.78610468591118,0,4.94010992478726,1.19982775338874,4.72737294785051,0.0207873738035523,0,0.00598347359647319,0,0,0,2.36896032711534,0,0.652958571801374,2.92762234474157,0,0.369565057101245,0,0,1.24920939986467,0,0.00299621203609564,1.1257375124188,0,0,0.00299621203609564,0,0,2.8435597262531,1.03297991257391,1.50314841386229,0.89090636757329,0.0266481105684426,0,0,0,0,0,0,0,0,0,0,0.00598347359647319,0.0779041513366354,0,1.1257375124188,0.0382675351332985,0,0,0,0,0,0.00598347359647319,0,0.0295656484871761,0,0,0.0237220357092811,0.0554473824450076,0,0.150175428072266,0,0.0554473824450076,0,0.701729770133299,0,0,0.00598347359647319,0,0,0,2.06288195090216,0,0,0
"ola_mES_lif_3_35.counts",4.05725887417446,3.6487732536702,3.41159455221374,1.68465198644941,3.59606785411634,3.69928316250297,2.31541198452305,3.43821677631952,2.73729399963546,3.09991214353206,3.25180284952084,2.58911657856496,2.11708205775905,3.7881360115614,4.12704649794946,2.14392325657557,4.13563084547281,2.65150178301407,0.00358065256758466,4.43402902307997,2.29212411628553,1.75218964924511,2.03803847841763,2.38879171574516,1.63834675612738,0,5.01633273434983,2.87120913418672,4.84092930101502,0,0,0,0,0,0.00358065256758466,2.18912815450907,0.00358065256758466,0.0421441752338866,3.01512817796117,0,0.998651915700886,0.263374480197075,0,0.506830265080247,0.00358065256758466,0.00714852979282141,1.06634201769543,0,0,0,0.00358065256758466,0,2.95756384052499,2.43131322476938,1.36422804562351,0.889876242696548,0,0.00358065256758466,0,0,0,0.00358065256758466,0.00358065256758466,0,0,0,0,0.00714852979282141,0,0,1.11220063538142,0,0,0,0,0.00358065256758466,0,0.00358065256758466,0,0.00358065256758466,0,0.00358065256758466,0,0.00714852979282141,0.00714852979282141,2.09965833711854,0,0.00358065256758466,0,0.285186844546298,0,0,1.22053168447239,0.00358065256758466,0,0.0625684008355995,1.735253689255,0,0,0
"ola_mES_lif_3_36.counts",0.487235818933063,0.0347050876955857,0.0194291026621814,2.76352050258487,3.99454459010502,4.03038600459129,2.91502134583114,0,0.0270962643601114,3.37351235676869,3.65106328043446,2.89091266209979,2.55119794716927,1.10551005430976,4.58533424808509,2.71509967231481,4.5334190236662,0.299526316507641,0,4.66578064503947,0.00781699791378046,2.08921396413578,2.58489696010781,0.00781699791378046,2.19773367174325,0,5.34299803876814,0.00781699791378046,5.19433216110124,0.00781699791378046,0,0.0497512237769897,0,0.00781699791378046,0.00391613711949093,2.63368918128142,0,0.820359454710911,0.545752021496616,0,0.470218435055734,0,0.00781699791378046,1.42613869094332,0,0,1.55921586515688,0,0,0,0,0,0.0422564537457335,0.00391613711949093,1.3738950649329,1.22302547095528,0,0.00391613711949093,0,0,0.00781699791378046,0.00391613711949093,0.00781699791378046,0,0,0.00391613711949093,0,0.0194291026621814,0.0117027011016997,0,1.66037117120979,0,0,0,0,0,0,0,0,0.00391613711949093,0.00781699791378046,0,0.00781699791378046,0.00391613711949093,0.00391613711949093,0,0,0.00391613711949093,0,1.5876880256611,0,0,1.12989042719307,0.0194291026621814,0,0,0.00781699791378046,0,0,0
"ola_mES_lif_3_37.counts",0.136006532994083,0.0264075057834727,0.00592889455678196,3.10819717458358,4.28985222454148,4.43591649352197,2.85461536465073,0.00888021180502296,0.00888021180502296,3.39546958906746,3.77241160534057,2.95052715645352,2.62852860184842,0.67464397148964,4.76337999200796,2.54064531922608,4.5028922078016,0,0,4.68536013658751,0,2.03135452748095,2.16545452252746,0.0176822590569944,1.84546482713599,0,5.10442258618516,0.0118228444046322,5.07870225998999,0.156555271598816,0,0.00296884124578839,0,0,0,2.59380768345821,0,1.21393573462568,0.497859415684491,0,0.00592889455678196,0,0,0.747633699019188,0.020599141696354,0.00592889455678196,1.29937596152601,0,0,0,0,0,1.35993705184392,0,1.73010520044417,1.34687834566431,0.00296884124578839,0,0,0,0,0,0.0235075408706564,0,0,0,0.397173110715197,0.00592889455678196,0.0493093574894463,0,1.73010520044417,0,0,0,0,0,0,0,0.00296884124578839,0,0.668567991124356,0,0,0.00888021180502296,0.00888021180502296,0,0,0.00296884124578839,0,0,0,0,0,0,0,0.00296884124578839,0,0,0,0
"ola_mES_lif_3_38.counts",0.158058155976768,0.00624512829616917,0.0206671873399933,2.27616044980972,4.10872994061229,4.24330766991342,2.6681068464433,0.264509939427433,0.23688279558377,3.33252872885056,3.30654711320416,3.05278935702731,2.50750905989935,1.47006321871805,4.64534965670749,2.73561229172934,4.51722229985708,0.872482997730848,0,4.72357162708782,0,1.99729299437899,2.40945392187382,0.348996798132901,2.09520489132599,0,5.25032061911172,0,5.10765680741607,0.0020860459485504,0.0247498588283568,0,0.0020860459485504,0,0.0020860459485504,2.37896884449586,0,1.00395314412048,1.38596645631377,0.0389093587898208,2.94369485526978,0,0,0.326653693802843,0.0020860459485504,0.0020860459485504,1.2768199480567,0,0,0,0.00416774936654814,0,1.3256967553269,0,1.11192136904849,1.44920260943085,0.00416774936654814,0,0,0,0,0,0,0,0,0,0.0308427822871025,0.0103869842988717,0.00624512829616917,0,1.47006321871805,0,0,0,0,0,0.00416774936654814,0,0,0.0020860459485504,0,0,0.0020860459485504,1.35682340657201,0.0489019275874726,0,0,0.00624512829616917,0,0.779254296195791,0,0,2.42509414747382,0,0,0.0020860459485504,0.0020860459485504,0,0,0
"ola_mES_lif_3_39.counts",2.44429690985498,0.815432550023755,0.460553933491111,2.0959382392343,3.81107386598278,4.26630306600541,2.62360809270816,1.1278840637094,1.82093926561914,3.1901102500718,3.35980350299798,2.86271550598302,2.25236612503601,2.97235898447745,4.54936373805376,2.49160553564397,4.55524887122832,1.5546993498511,0,4.70712728312943,0.0263893665613018,1.95823957943683,2.27047770374868,0.751305083602171,2.12069931381604,0,5.28758325601226,0.00997779921201983,5.18392032989653,0,0.477284775269503,0,0.00666291567801152,0,0.185564168517019,2.33593976030041,0,1.77385663060126,1.04324742814461,0,1.07796630688469,0,0,0.87569433613161,0,0,1.18875243576768,0.00666291567801152,0,0,0.0033370071344074,0,1.4890383939629,0.643167185581526,1.79406875273519,1.14929426098442,0,0,0.0033370071344074,0.00666291567801152,0.337264591866914,0,0.019857024686167,0.0033370071344074,0,0,0,0.0165747819390648,0.0033370071344074,0.0328793137329844,1.44352937284396,0.0165747819390648,0,0.00666291567801152,0,0.0033370071344074,0,0,0.0033370071344074,0,0.0033370071344074,0,0.0033370071344074,0,0.0393274129355479,0.0521002020955349,0,0.317994780587473,0,0.413046241623182,0,0,1.31485303838261,0,0,0,0.0393274129355479,0.0033370071344074,0,0.0584259340408269
"ola_mES_lif_3_4.counts",0.00832264868596614,0.00624847123492674,0.020678170873669,2.41723482616887,4.23643259874697,4.19972656655776,2.46258028662078,0.00832264868596614,0.0124581413989955,3.47158271817395,3.57227418676448,2.97517629801615,2.62537641743628,1.11090671418396,4.64411448485594,2.66177313677436,4.53161166654909,0.00208716490688417,0.00208716490688417,4.66343919266605,0.00624847123492674,1.88635192327249,2.11652767153127,0.00208716490688417,2.17160606686922,0.00208716490688417,5.28265924794754,0,5.11487678699388,0.602883489150913,0.00416998262813827,0,0,0,0,2.49877229497184,0,2.42761370998149,0.772814860931905,0,0.4736905242871,0,0,0.877150463607716,0.0165766022231241,0.00208716490688417,1.32331341665496,0,0,0,0.00208716490688417,0,0.228719480775,0,1.35668414401057,1.44912302300381,0,0,0,0,0.00208716490688417,0.00208716490688417,0,0,0,0,0.999690710161787,0.00208716490688417,0,0,1.75121803141951,0,0,0,0,0.00208716490688417,0,0,0,0,0,0,0.00208716490688417,0.00624847123492674,0,0.00208716490688417,0.00416998262813827,0.00208716490688417,0,2.00228108406427,0.00208716490688417,0,1.39157843124608,0,0,0.00208716490688417,0.0429409341438996,0,0.00208716490688417,0.0165766022231241
"ola_mES_lif_3_40.counts",0.761644469164709,0.0242581188964737,0.60025517205446,2.30046787159598,4.05221986357654,4.00800204097856,2.61162275691547,0.00408410545959498,0.00408410545959498,3.29641994685755,3.46791889027029,2.86341431788102,2.63508092036185,1.91073981665085,4.58575459090943,2.48187637341929,4.48171618490135,0.00408410545959498,0,4.73228588253482,0.0242581188964737,1.90161484428031,2.48256028564257,0.0322151295919342,2.01419996220968,0,5.38446908098281,0.0122026146863109,5.15057828460395,0,0,0.00815159882433517,0,0,0.133862826693659,2.39173018161174,0.00408410545959498,2.39621222957881,0.439854725283049,0,0.413140310214958,0,0.00408410545959498,1.31302216001356,0.00408410545959498,0.00408410545959498,1.16752221625783,0,0,0.00408410545959498,0.00408410545959498,0,0.468439087496966,0,1.60088256152256,1.06855757598549,0.917063089370054,0,0,0.00815159882433517,0.00408410545959498,0,0,0.371680960714262,0,0,0,0.0162372860085007,0.00408410545959498,0,1.39641680346218,1.45062516850468,0.0122026146863109,0,0,0.00408410545959498,0,0,0.00815159882433517,0,0.00408410545959498,0.00408410545959498,0.00815159882433517,2.07149936697828,0.00408410545959498,0,0,0.0282445384757266,0,1.73509972929171,0.00408410545959498,0.549594175637355,0.423911865707844,0,0,0,0,0,0,0
"ola_mES_lif_3_42.counts",0.592186647891233,0.0370588443364181,1.32135506299323,2.95386026927606,4.3031638951869,4.39103645913333,3.07913444063947,0.00251377681341103,0.79442343595455,2.76332450634402,3.00601727636499,2.99285227583822,2.80864356535015,2.22141004479276,4.88745603115991,2.70058704752749,4.77162193679841,0.155836326581236,0,4.99031327332819,0,2.02575004279268,2.41870960141693,0.00502125039456264,2.62529901429555,0,4.81016516550669,0.010017413749462,4.90136548146767,0,0.134063583584176,0,0,0,0.00251377681341103,1.80528423583782,0,1.38634218181745,0.815801195371021,0,0.806855671739128,0,0,0.680090001809831,0.00251377681341103,0.00251377681341103,1.33403197320949,0,0,0,0,0.00251377681341103,0.140645325962162,0.00502125039456264,1.5054311525368,1.81064992358105,0.00251377681341103,0.00251377681341103,0.5319367950456,0.0321962986511322,0.010017413749462,0,0,0,0.00251377681341103,0,0,0.00752245227480079,0.0125061658802239,0.00251377681341103,1.66512748108841,0.459909004454554,0,0,0.00752245227480079,0,0,0,0,0,0,0.00502125039456264,0,0.900090054594085,0.00251377681341103,0.140645325962162,0,0.00251377681341103,0,1.27602722026604,0.00502125039456264,0,0.0125061658802239,0,0,0.00752245227480079,0,0,0.00752245227480079,0.00251377681341103
"ola_mES_lif_3_45.counts",1.77794467086559,0.05223937966207,2.13276828230977,1.62763356594057,3.90166981551142,4.12664382867773,2.85951434672812,1.81267749598192,1.10938687551507,3.12061540797182,3.58983745782816,3.01566160195062,2.55681441579752,3.01697498259683,4.5653169351836,2.44749370796985,4.54274066367388,1.39641883483754,0.00534846437309806,4.60680289540198,0.139899500210868,2.08792558745583,2.43347786513719,0.940230962485939,1.89899787946398,0.00534846437309806,5.27973722868887,0.0368520934543937,5.14966311937826,0,0,0,0,0,0.00534846437309806,2.4883997641491,0,1.38708506039384,1.63602402073527,0,1.47916637549052,0,0,1.17442596104114,0,0.00534846437309806,1.54420341615759,0,0,0.00534846437309806,0.0106684747925343,0,0.411755501728494,0.229057279696642,1.76057629913102,1.67494461920392,0,0.00534846437309806,0.00534846437309806,0,1.44688428190933,0,0,0,0,0,0.00534846437309806,0.00534846437309806,0.0212243336144661,0,1.17608167279578,0,0,0,0,0,0,0,0,0,0.0159603324082688,0.00534846437309806,0,1.01486687630016,0,0,0,0.0106684747925343,0,1.10050534920416,0,0,1.53152999745589,0,0,0,0.0159603324082688,0,0,0.00534846437309806
"ola_mES_lif_3_46.counts",4.11839664913479,2.9955391675809,3.20209852283064,2.06639677222509,3.84067882389958,3.79880583229602,2.52022126606511,2.03106478868023,2.68202791299133,3.06161067234613,3.53608401549102,2.92556553865419,2.57333235199726,2.81436833674444,4.51716388715704,2.15716002627842,4.31328971026286,1.62020227696167,0,4.53548062122474,1.58238644573806,1.75611714971122,2.03609961189828,0.485624338370476,2.1543751871382,0,5.15195180808512,0.0284464299493775,4.99978448948804,1.20658604476692,0,0,0,0,0,2.32190650103624,0,1.27606450183833,2.40860583107893,0,1.6988579340373,0,0,1.48052649208146,0,0,1.53586346548734,0,0.00957233650134272,0.00479762191020428,0,0,2.07004433237624,0.509021528347001,1.2787456950197,1.05457643097885,0,0,0,0,0,0,0.00479762191020428,0,0.00479762191020428,0,1.91193513078538,0.0469708809903814,0.00479762191020428,0,1.14577586733479,0,0,0.482660820048923,0.00479762191020428,0,0,0,0.00479762191020428,0.00479762191020428,0.138964769649881,0.00479762191020428,0,0.570676578653985,0.0143243614865452,0,0.0143243614865452,0.00957233650134272,0,0.0284464299493775,0,0,0.924136298878198,0,0,0,0.143141239675712,0,0,0
"ola_mES_lif_3_47.counts",3.82346915513827,2.37670907070531,3.71845299086263,2.48869880704479,4.11002814814065,3.98249854594426,2.54261704421733,2.81989873387221,2.70495833809982,3.27086987670322,3.28981736393785,2.95248877314695,2.54791330964107,3.54265965133587,4.41255666198139,2.47393240070503,4.2486421571451,2.78139986296915,0.00129741754299557,4.38608036921212,0.131214237875259,1.49860485503863,2.28762714194847,2.75804603039964,2.27529564985072,0,4.96726342513697,1.57535611027423,4.83673773943479,0.0128990440058488,0,0,0.00259315397457819,0,0.00129741754299557,2.16942003919831,0,0,2.78964996691324,0,0.239046811105478,0,0,1.1576275562473,0,0.00129741754299557,1.34224040646017,0,0,0,0,0,2.05349411266344,0.481975311148658,1.70494186820687,1.51955998092764,0,0,0,0,0,0,0,0.00129741754299557,0,0.00129741754299557,0,0.00388721364566605,0,0,1.46767238553971,0.00129741754299557,0,0,0,0,0.0103325116998363,0,0,0,0,0,0.0653283623514523,0,0,0,0,0.00517960089030811,0,0.952801804892689,0,0,1.56346492028095,0,0,0,2.35968792535539,0,0,0
"ola_mES_lif_3_48.counts",0.586987113466883,0.00801376237473128,0.00200946929229979,2.94596316135625,4.13505854196186,4.33163810119965,3.17028688596598,0,0.0100072085858936,3.52097703883768,3.54530378620967,2.73137537451202,2.59306284515431,0.525883147486989,4.65046813721985,2.53435585448623,4.63526222277987,0.00401490871431017,0.00401490871431017,4.63305418338772,0,2.23792190536867,2.22648369866945,0,2.15028889518098,0,5.23642133414907,0.00200946929229979,5.08463451729199,0.274447788145472,0.0848056946197046,0.00200946929229979,0,0.00200946929229979,0,2.57836259055932,0,2.29909995448598,0.672679414096062,0,0.00200946929229979,0,0,1.2966917569603,0.00401490871431017,0.00801376237473128,1.07122776730103,0.00200946929229979,0,0,0,0.00401490871431017,0.00601633439701349,0,1.47643005969572,1.03402119921988,0,0.00200946929229979,0,0,0.582503524830011,0,0,0,0,0,0,0.00801376237473128,0.00401490871431017,0,1.56603654647576,0.045225973755139,0,0.00401490871431017,0.00200946929229979,0,0,0.0119966888738031,0.00200946929229979,0,0,0,0.00200946929229979,0.0258133162443189,0.00401490871431017,0,0,0.00601633439701349,0.00601633439701349,0,0,0,0,0,0,0.00801376237473128,0,0,0,0
"ola_mES_lif_3_49.counts",3.38105610067297,1.98541156975363,2.04785730616414,2.5406881371622,4.06632042066584,4.16520369030419,2.52435302480275,2.90520294589251,2.51614768276486,3.165426371117,3.40910804270184,2.99455088758828,2.5555428496969,3.25711069158529,4.58679678483194,2.07541378839167,4.33592394301998,2.27475097425602,0.00313375258218494,4.49673678389796,2.50172075815496,2.13133264224239,2.11101290792528,1.89950088810203,2.19343286183275,0.00156810384124586,5.05554357677174,1.84670117041316,4.88645816284663,0.00156810384124586,0,0,0.004696953898452,0.188263934662367,0.00313375258218494,2.12498010837683,0,2.26648741919171,2.69234061506494,0,0.00156810384124586,0,0,0.582743031206692,0.00156810384124586,0.00156810384124586,1.25989698647903,0,0,0.00156810384124586,0.00313375258218494,0,2.09007763051182,1.38053443459019,1.88935142338152,1.2245546253806,0.00156810384124586,0,0.260958239712516,0.0140251912132181,0.258537555244202,0,0,0.004696953898452,0.00156810384124586,0,0.00156810384124586,0.004696953898452,0,0,1.63336359222951,0,0,0.00156810384124586,0,0.00156810384124586,0,0,0,0.03697204739014,0.00156810384124586,0,0,0.0354585306424836,0.004696953898452,0.43270420952565,0.374000250208069,0.00313375258218494,0,2.53036942782286,0,0,0.169895849080713,0,0.00313375258218494,0,0.00625771542974291,0.00156810384124586,0.00156810384124586,0
"ola_mES_lif_3_5.counts",0.142502197320161,0.0138271998474957,0.19826953729233,2.62257145189072,4.17478732229541,4.12217263754315,3.05124757094059,0.420105029000024,0.00173889196437148,3.56663720610777,3.83132199639078,2.94137281980882,2.59502354410434,0.389925587106413,4.68986932981023,2.53891593222294,4.49768933212674,0.600599467899541,0,4.7027701558444,0.13796415398728,1.85555624854748,2.3464734716607,0.0052076308628707,2.23728530761134,0,5.25297472008863,0.0189635026342741,5.106072504828,0.00693749866531679,0.42694204694643,0,0,0,0,2.41191127041655,0,1.57929115745987,0.50763280687281,0,0.0103882827424684,0,0.00173889196437148,1.31425927005217,0.0052076308628707,0,1.72274689367933,0,0,0,0,0,0.00866437919199745,0,1.2977578600648,1.62075036224387,0.00347476543156042,0,0.00173889196437148,0,0,0,0.0172543313199065,0,0.00347476543156042,0,0.00347476543156042,0.0052076308628707,0.0052076308628707,0.00173889196437148,1.78713818537165,0.00173889196437148,0,0,0,0,0,0.00173889196437148,0.00173889196437148,0,0,0.00173889196437148,0,0.0138271998474957,0.00173889196437148,0.0308465987404394,0,0.00347476543156042,0,0.576445547832043,0.00693749866531679,0,0.00866437919199745,0,0,0.00173889196437148,0,0.00173889196437148,0,0.0475811783871595
"ola_mES_lif_3_50.counts",0.00236660846406773,0.00849370606689219,0.00236660846406773,2.63124244342866,4.43807908483813,4.39074884384568,2.6286805929272,0.00331168583937154,0.00189373462603253,3.42160722387388,3.5304421077243,2.76672399983788,2.78946280922461,0.552367140964871,4.73160757629775,2.84340092099866,4.59630413177032,0.187031184745354,0.000473769971751481,4.64519896551034,0.000947315591803511,2.23012136443201,2.47977879553281,0.000473769971751481,2.34239103433075,0,5.17197971096708,0.00519916528945741,5.04058002422939,0.0539617395019059,0,0,0,0,0,2.09398983016192,0,1.13178712017108,0.101313486712556,0,0,0,0.000947315591803511,1.47112673592531,0,0,1.28911485354054,0,0,0,0,0.0014206370725375,0.067784405363823,0,1.81354451357491,1.77059584105144,0.00189373462603253,0,0,0.000473769971751481,0,0,0,0,0.000473769971751481,0,0.00236660846406773,0,0,0.00236660846406773,1.47785183557003,0,0,0,0.000473769971751481,0.000473769971751481,0,0,0.000473769971751481,0,0,0,0,0.155893790961965,0,0,0,0.000473769971751481,0,0.531698011343526,0.000473769971751481,0,0.00567047902392189,0,0,0,0.000473769971751481,0,0,0
"ola_mES_lif_3_51.counts",0.0219600822762497,0.017294777708202,0.0031668345163666,2.82461847790336,4.2292651273061,4.06852794388133,2.57700845188066,0.00632367184299582,0.00632367184299582,3.41365703646625,3.51802222288461,2.90373757043871,2.38374430420678,0.672682145911962,4.6700551622662,2.24162263146434,4.61187115881257,0.919572017919633,0.00158467086276622,4.73713429164461,0.0031668345163666,2.1400484382714,2.18759798048006,0.00789836124602686,1.69126166398437,0,5.31128780932595,0.0031668345163666,5.16360712581827,1.16602058623256,0,0,0,0,0,2.24633125588811,0.00158467086276622,0.956198281526137,0.183498150898842,0,0.0188522988237546,0,0.00158467086276622,1.3860413737461,0,0,0.92146709923618,0,0.00789836124602686,0,0.0141724389146838,0,0.355304080891428,0,1.51532299737375,1.38405649469206,0.0031668345163666,0.00158467086276622,0.00158467086276622,0,0,0,0,0,0,0,1.64183629276812,0.00158467086276622,0.00474649888190219,0.0031668345163666,1.62010673983808,0,0,0.00158467086276622,0,0,0.00158467086276622,0,0,0,0.0031668345163666,0,0,0.244934197659644,0.00474649888190219,0,0.0644843999101717,0.00789836124602686,0,0.17020973111943,0.00158467086276622,0,0.197914307337785,0,0,0,0,0,0,0
"ola_mES_lif_3_52.counts",0.0222838709659846,0.00816079575376661,0.413523626497144,2.87447603563093,4.26732676568071,4.20009681637788,2.95016731206063,0.00612683193644364,0,3.41068622335366,3.5397675774054,3.14503910020302,2.67780975585651,0.737081150317047,4.70080698111462,2.55309040512714,4.47437281194916,0.00204645104378554,0.00204645104378554,4.68483701245276,0.00204645104378554,2.33198391681712,2.50591069704492,0,2.11761149791399,0,5.25226602751111,0.00612683193644364,5.04982442499299,0.199869206460678,0,0,0.00204645104378554,0.00204645104378554,0.00204645104378554,2.50323249062468,0,1.59598972788363,0.805279640913321,0.00204645104378554,0.379068394977761,0,0,1.24253985696607,0.00204645104378554,0.00204645104378554,1.67462113373836,0,0,0,0.00204645104378554,0,0.00408872267719935,0,1.4733233639893,1.94564497345834,0,0,0,0,0,0,0,0,0,0,0,0.00612683193644364,0.00408872267719935,0,1.81545974337796,0.779307792905284,0,0,0,0,0.00204645104378554,0.00204645104378554,0.00204645104378554,0,0,0,0.00408872267719935,0.85091897933546,0.0122163542769337,0.034232610261566,0,0.00204645104378554,0,0,0,0,0.196508711591051,0,0,0,0,0,0,0
"ola_mES_lif_3_53.counts",3.9496600263892,0.713811272597309,2.75197338004332,2.56650862512431,3.99361068165101,4.18235310734076,2.49866508413569,2.82690665969891,3.03790366898221,3.1262342511835,3.29819382715302,2.88729823781371,2.33129859566049,3.00527864033577,4.53176911310041,2.19126930974505,4.44513243289811,2.1832618360631,0,4.53109551711482,1.26912587269324,1.61144695819932,2.49604502528471,1.90203018986697,1.84349213021044,0,5.08637207697744,0.0120028501651943,4.96240451502431,0,0,0,0,0,0,2.16036712044656,0,0.559477776430063,2.642776458593,0,1.75033322858708,0,0,0.725570077431984,0,0,1.54251606104562,0,0.00109714096099654,0,0.00109714096099654,0.00219307952278551,1.63611840794254,1.45370962983985,1.38852030025001,1.47678683577695,0,0.00109714096099654,0,0,0.00219307952278551,0.00109714096099654,0,0,0,0,0.00109714096099654,0.00109714096099654,0.00219307952278551,0,1.29711708853326,0,0,0.00109714096099654,0,0,0.00983120233465998,0,0,0,0.00109714096099654,0,0,0.195776777070187,0,0,0,0.00109714096099654,0,0.0922157493045401,0,0,0.00765482818406135,0,0.115956676000563,0,0.168326656526766,0,0,0
"ola_mES_lif_3_54.counts",1.07521655513571,0.0201186503613219,0,2.63703989507084,4.08176711769094,4.14997521393575,2.47027847212096,0.0040562412125334,0.0181249020933848,3.2202866665512,3.43063561024815,2.95906796874625,2.13153993918354,1.83279051868907,4.65616296049293,2.28026529000894,4.57373569856763,0,0,4.78345142539517,0,1.28915491629572,2.27401144958469,0.214953508040162,2.31297421080187,0,5.32092727446205,0.00607820854704732,5.18932415838121,0.706202053925742,0,0.00203017724145357,0,0,0.00203017724145357,2.19325519766745,0.00203017724145357,1.05772830892369,1.11664671325308,0,0.729007652398751,0.369556494145473,0,0.754176733747959,0.0040562412125334,0,1.20448561005492,0,0.00203017724145357,0.00203017724145357,0,0.00607820854704732,0.326512441293834,0.0514895894509536,1.63263030147551,0.995870982524216,0,0,0,0.00203017724145357,0,0,0.0319983785638711,0,0.00203017724145357,0,0.00203017724145357,0.0040562412125334,0.0040562412125334,0,1.81242902198805,1.2761938339482,0.00203017724145357,0.00203017724145357,0,0,0,0.0101099193389441,0.0040562412125334,0.00203017724145357,0.00607820854704732,0,0.00203017724145357,1.95013754928077,0.00203017724145357,0.091224804182172,0.00607820854704732,0.329440409561756,0,0.0040562412125334,0.0040562412125334,0.0040562412125334,0.0339646845882309,0,0,0.0040562412125334,0,0.055342653932583,0,0
"ola_mES_lif_3_56.counts",0.027734008995399,0.0104905970602338,0.0104905970602338,2.93877745595378,4.51045111076,4.57867471765392,2.87818159235746,0.46187722468087,0,2.51144239471149,2.75035198590052,3.38671354053926,2.56611790802176,0.395487193706165,4.97255245776834,3.03587103141336,4.70756383388803,0,0,5.1220792111792,0,2.32095591106899,2.5137219402342,0.00700594515256394,2.67114148397894,0,4.6294165338232,0,4.63645966566684,0.024309031420284,0,0,0,0,0,1.62693621069986,0,1.82496899548946,0.00700594515256394,0,0.131563982028173,0,0,1.07616204215146,0,0.00700594515256394,1.52826786625743,0,0,0.00350910797216947,0,0.0139631483233179,0.258729093207857,0,1.90655932219539,1.42810197388825,0.0139631483233179,0,0,0.00350910797216947,0,0,0.00700594515256394,0.00350910797216947,0,0,0,0.0174236826913777,0,0.00350910797216947,1.86114488049614,0,0.0513859175177214,0,0.00350910797216947,0,0,0.00350910797216947,0.00350910797216947,0,0.0580421141948058,0.00700594515256394,0.0104905970602338,0.968731947154174,0.0174236826913777,0,0,0.00700594515256394,0,0,0,0,0,0,1.24653413243841,0,0.00350910797216947,0,0,0
"ola_mES_lif_3_57.counts",0.492534060896289,0.0254750824133884,0,2.47376883886483,4.24362685634946,4.36503507453409,2.72439555630228,0.0085640058050087,0.0128186614911664,2.99826564742646,3.1968073780909,3.04947811345162,2.36999899114302,0.817272252357473,4.71885946316489,2.7107649333177,4.57623702860889,0,0,4.84902896320361,0,2.34887319293261,2.31801860507009,0,2.0220501839502,0,5.19569762490236,0.0254750824133884,5.10844262675295,0.173295275410459,0,0.0085640058050087,0.00429117064891688,0,0.00429117064891688,1.8927824629973,0,1.98079013422525,1.0022690515874,0,1.48197020276106,0,0,0.815371244821592,0,0,1.48781511344765,0,0,0,0,0,0.0085640058050087,0,1.62297976557455,0.963650300424166,0.0212740486634952,0,0,0.0085640058050087,0,0,0,0,0,0,0.00429117064891688,0.0170552917472387,0,0,1.73371073121386,0,0.00429117064891688,0,0,0.00429117064891688,0,0,0.0128186614911664,0,0.00429117064891688,0,0.0085640058050087,1.06349357908729,0,0.324063270441424,0,0.0982235515695693,0,0.847206933702924,0.00429117064891688,0,0.813466616571963,0,0,0,0.00429117064891688,0.0212740486634952,0.00429117064891688,0
"ola_mES_lif_3_58.counts",2.82238595134303,0.0140664243078343,0.248220448349191,2.27933875607269,4.01540145319652,4.06731435897554,2.90438265373245,1.05152717941862,2.03327306144931,3.29929178192518,3.52668656312622,3.12002518242589,2.53869962953528,2.07799952358154,4.66682099024726,2.73643191089578,4.49920528918901,1.14841937639557,0,4.74565934384804,0.00314301598289049,2.13337943968713,2.16836576935646,0.466851493033869,1.99761740448828,0,5.24314167117976,0.00627618435941521,5.08950416024998,0,0,0,0,0.00157274280962057,0,2.25190099187823,0,1.49187945853449,1.01226977262297,0,2.07464436676017,0.0340415211868991,0,0.59539529727229,0.00157274280962057,0,1.85290009995114,0.00471082726366039,0,0,0.00471082726366039,0,0.129720617638775,0.137981349810577,1.62278146669292,1.39061503313912,0.00157274280962057,0,0,0,0,0,0,0,0.00157274280962057,0.00157274280962057,1.21643566404087,0.00157274280962057,0.00157274280962057,0,1.59857278150686,0,0,0.00157274280962057,0,0,0,0,0,0,0.00157274280962057,0.00157274280962057,0,0.515954954397569,0,0,0,0,0,0.0566045692329046,0,0,0.0566045692329046,0,0,0.00314301598289049,0,0,0,0
"ola_mES_lif_3_59.counts",0.0418615199671884,0.00431372315725287,0.000960214547282172,2.95140172780943,4.3406128339412,4.24032439693953,2.39834581552661,0.00191950796699714,0.00335672484317714,3.41374841836931,3.78781480220124,2.93264889821443,3.0437133130231,0.00574750560562382,4.72950579399174,2.45039203225544,4.49799741166514,0.000960214547282172,0,4.64030243372187,0,2.2609589698845,2.17477517042975,0.000480222525133871,2.17722837436527,0,5.2055807762307,0.000960214547282172,5.13625693589906,0.0171443546843767,0.167248565630876,0,0,0.00717923526478749,0.00143997628761838,2.24597485996146,0.00956090554054677,0.24801408396056,0.096537868105486,0,0.535614814747128,0,0.00383533848093217,1.7492104639542,0,0.000480222525133871,1.48690136522611,0,0.000480222525133871,0,0.000480222525133871,0,0.00526980650111065,0,1.12908718066176,1.37717403135241,0.243505963977474,0,0,0,0,0,0,0,0.000480222525133871,0,0.000480222525133871,0.000480222525133871,0.00191950796699714,0,1.53160395094447,0.173325474001504,0,0,0,0.000480222525133871,0.000480222525133871,0,0,0,0.000480222525133871,0,0,0.511139139163663,0,0,0.000960214547282172,0,0,0.0128857430266695,0.000480222525133871,0,0.540382915040728,0,0,0,0,0,0,0
"ola_mES_lif_3_6.counts",0.0147612217602986,0.0235144853350833,0,2.73006437663587,3.98877641342229,3.9589463725139,2.76849602605171,0.0014859660694687,0.0014859660694687,3.26274283221459,3.6940316104156,2.95283035447506,2.65799434885126,0.393264917633618,4.61110325704329,2.31129592612399,4.58746943808541,0.0014859660694687,0.0014859660694687,4.67521533182549,0.100371908660089,1.96739362308063,2.64297773194497,0.112404734603903,2.31129592612399,0,5.34484769800651,0.00296972731965954,5.19269346425389,0.984852041655459,0.0014859660694687,0,0,0,0.0014859660694687,2.42948078981591,0,1.5465770446495,0.92535368300338,0,0.202571527057171,0.0014859660694687,0.0014859660694687,1.14418925975756,0.0014859660694687,0.00296972731965954,1.3954023313747,0,0,0,0.00593066146585012,0,0.432622142806219,0,1.83675302527649,1.45614693505987,0,0,0,0.0014859660694687,0.0014859660694687,0,0.00296972731965954,0,0,0.0895531414867078,0,0.495261604081307,0.0014859660694687,0,1.39134173139071,1.25056925923082,0,0.0014859660694687,0,0,0.0014859660694687,0,0,0,0.0014859660694687,0.192808958718646,0.0014859660694687,1.13753670676304,0.0014859660694687,0.730034447455486,0,0,0,0,0,0,0.359586994081391,0,0,0,0,0,0,0
"ola_mES_lif_3_60.counts",0.271721940715679,0.021836154685602,0.00628770753832867,2.80988149602084,3.97116839315817,4.15675370640369,2.78098377521176,0.757153954956131,0.018745745466654,3.26858820317693,3.54349310420313,3.13359961883298,2.5822693475058,1.06312629574451,4.68353850634406,2.62703120914799,4.54149397621283,0.374415485859947,0,4.70325931993278,0.318669883554431,1.18789441967555,2.3114587571258,0.018745745466654,2.11902599289097,0.00314879566928448,5.28217747844526,0.00941679746183346,5.16640177092194,0.00314879566928448,0,0,0.00314879566928448,0.00628770753832867,0,2.68073739088791,0.00314879566928448,2.57388924032098,0.543608732113213,0,0,0,0,1.8727958447157,0,0,0.806220040818794,0.00628770753832867,0,0.00314879566928448,0,0.00314879566928448,0.28128951481066,0.0641280541043169,1.15266855471785,1.14366473031769,0,0,0,0,0,0,0.00628770753832867,0,0,0.00314879566928448,0.00314879566928448,0.00941679746183346,0.018745745466654,0,1.49366007451585,0,0,0,0.00314879566928448,0,0.00628770753832867,0,0,0.00314879566928448,0.00628770753832867,0,0.0279884679742158,1.71395526235045,0.018745745466654,0.0875153256931685,0,0.0125361267156628,0,0.0279884679742158,0,0,0,0,0,0.00314879566928448,0,0,0.00628770753832867,0
"ola_mES_lif_3_61.counts",2.42490136669751,0.0310092063712497,1.98155403015726,2.28313229145715,3.93390769168685,3.92462073226057,2.91399241134787,1.2854609871616,1.96277128412309,3.17572226531623,3.55222518536701,2.65172023890082,2.60394910864522,2.80662962489465,4.7427444536259,2.52032889677621,4.46623671938207,1.68060562161496,0,4.68389803051287,0.480202781961524,1.89681004855535,2.40459105757437,0.165490225926453,2.07786414220394,0.00224711621135069,5.2298833148869,0.0156247947301838,5.11370775947505,0.845670366320034,0,0,0.00224711621135069,0,0,2.39847796501639,0.00672625653985448,1.09257254198303,1.50167364120723,0.0653094296073592,1.3510675514057,0.00895832558927837,0,1.00016381198124,0.00672625653985448,0.0111854236001032,1.35164995751646,0,0,0,0.00224711621135069,0.00224711621135069,1.61075982832525,0.363726276402317,1.4644057035237,1.28234574895907,0.00448919421076648,0,0,0,0.00224711621135069,0.00448919421076648,0,0.00224711621135069,0,0,0,0.00895832558927837,0.00448919421076648,0,1.69019696125261,0,0.00224711621135069,0.00448919421076648,0,0,0,0,0.00224711621135069,0,0.00224711621135069,0.00448919421076648,0.00224711621135069,1.48193630820657,0.00224711621135069,0.273798643376269,0,0,0.00224711621135069,2.15793902237406,0,0,1.22189720203595,0.00224711621135069,0,0.00224711621135069,0.144295440070645,0,0,0.114649879053642
"ola_mES_lif_3_63.counts",1.35676611468379,0.0236098337847967,1.84038594938736,2.33660599574593,3.99007552352253,4.17101453624476,2.71360796280513,0.686468967240758,0.80323975233406,3.47282330335056,3.48292807088034,2.79917204352174,2.57102045997043,2.46656416216517,4.53872998873146,2.5402292333725,4.50452603286516,0.776125241058293,0,4.6518081411404,0.00476677134560157,1.97767595470874,2.20763540743859,0.0118745933055341,2.25809332347216,0.00238622593374452,5.32747876110734,0.0259404460192146,5.17274698173874,0,0.300988690263876,0,0.00238622593374452,0.00238622593374452,0.00476677134560157,2.41133111586666,0.00238622593374452,0.898105098765512,1.82471327705973,0,2.10100645543058,0,0.00238622593374452,1.36777828294644,0.00238622593374452,0.00476677134560157,1.36960191184013,0,0,0.00476677134560157,0.0142326845338698,0,0.944688279843726,0,1.03010598754197,1.43768046677329,0.00238622593374452,0.00238622593374452,0.00476677134560157,0.00238622593374452,0.00238622593374452,0.00238622593374452,0,0,0,0,0.138128142954879,0.0189322504850727,0,0,1.64174209561158,0,0,0,0,0,0,0,0,0.00238622593374452,0.00951092833698031,0,0.00238622593374452,0.964006828299567,0.00238622593374452,0.0443923455432675,0,0.263151246893591,0,0.849245447999812,0,0.00476677134560157,1.04869432307296,0,0,0,0.00238622593374452,0.00714166321684754,0,0
"ola_mES_lif_3_64.counts",0.0393583483682286,0.00799657211776579,0.00200514587441546,3.11764015212722,4.13077827195102,4.12745039767081,2.79169198944546,0.374055346146289,0.0119710058763365,3.47281568049351,3.61098235659843,3.04209752993093,2.70750972826769,0.995502532656832,4.65780348683187,2.623478483441,4.5253221887623,0,0.00200514587441546,4.65961088642389,0.00400627918329052,1.91465946251155,2.16464390075635,0.00400627918329052,2.36541022993015,0.00200514587441546,5.26011121511594,0.00600341595392069,5.19185405708593,0.00799657211776579,0,0.00600341595392069,0,0.00200514587441546,0,2.46967278926102,0,1.38395781110099,0.152366446411215,0.0938097079890846,0.0139523148616333,0.00200514587441546,0,0.187920209170671,0,0,1.42292281215054,0,0,0,0,0,0.0489605668817227,0.00200514587441546,1.75908858571654,1.79607056963606,0,0,0,0,0,0,0,0,0,0,0.0527757854381249,0.00200514587441546,0.00600341595392069,0,1.48709189768833,0,0,0,0,0,0,0,0,0,0.00200514587441546,0,0,0.0296630325918429,0.00400627918329052,0,0,0.00400627918329052,0,0.00200514587441546,0,0.00200514587441546,0,0,0,0,0.00200514587441546,0,0.00400627918329052,0.00200514587441546
"ola_mES_lif_3_65.counts",0.0669869746553284,0.0419943426721502,1.54227649607407,2.44759305457858,4.07521765367187,3.98580922849418,2.91554938463317,0.696258356034384,0.00329369128270506,3.09637712424593,3.59228856863972,3.04668494987894,2.69486526874423,1.91980818419773,4.64978709467864,2.65601096924681,4.52996339373078,2.07249882665367,0.0065765697674198,4.76028641056393,0.00329369128270506,1.79639223481094,2.58521443653147,0.152683380038931,2.04896942672432,0,5.26140198421873,0.0065765697674198,5.14372829410914,0.00329369128270506,0.975638244292944,0.00329369128270506,0.00329369128270506,0,0,2.53550508654421,0,0.265067663024537,1.54720396331407,0,1.04991400081013,0,0,1.66933805650316,0,0,1.36095802712819,0,0,0.00329369128270506,0,0.00329369128270506,1.36180361376622,0.370653153436919,1.67553343710932,1.31064870496798,0.070067587422141,0,0,0.00329369128270506,0,0,0.0065765697674198,0,0,0,0,0.0131101706986239,0,0,1.59384809972109,0.395395143955661,0,0.0065765697674198,0,0,0,0.0419943426721502,0,0.00329369128270506,0,0,0.00329369128270506,0.0260506866260038,0.00329369128270506,0.0451527952569259,0,0,0,0.739700711707856,0.00329369128270506,0,0,0,0,0,0.00329369128270506,0.228991596220383,0.00984870621617194,0
"ola_mES_lif_3_69.counts",3.41562351197195,2.14273433407266,2.42181474615547,2.14563772220697,3.88929250984412,4.05350690755929,2.44203330263213,2.69266471145596,2.18741221427853,3.2710897016274,3.38467547062302,3.0381705879846,2.37616934743416,3.44620666207809,4.46268395964922,2.56010787247915,4.31131537133651,2.3200257000813,0,4.49359356555303,3.39802254281645,1.90626004101342,2.18103636471862,2.67012364658877,2.13103574343078,0,5.14682043719296,1.55044421095095,4.96103888737164,0.0279271704789734,0,0.00353384729792719,0.00353384729792719,0,0.00705525048182342,2.31619157745106,0,0.650701766282408,2.48364971515521,0,0,0,0,1.15598793607938,0,0.00353384729792719,0.982425447951955,0,0,0,0.00705525048182342,0.00353384729792719,1.98417640861682,1.2999830349254,0.922337311500176,0.911013412543744,0.010564296885816,0,0,0.00353384729792719,0.00353384729792719,0,0,0,0.00353384729792719,0,0,0,0.00353384729792719,0,1.58004359797,0,0,0,0,0,0,0.0175456641225374,0.00353384729792719,0.00353384729792719,0.00353384729792719,0,0,0.510148527717141,0.0140610729278659,0,0,0,0,1.27655539890177,0,0,0.460026703047446,0,0,0,0.940469466421262,0,0,0
"ola_mES_lif_3_70.counts",4.06816382061864,2.68928097282198,3.26855697247432,2.36262859812433,3.95633573607162,3.98864241739912,2.64178430716775,2.12352284022718,2.58557926011681,3.20142580851903,3.35370084285925,2.73744216306823,2.44022270732775,3.16969727212265,4.47799492641108,2.48212275563731,4.31999828508983,2.55584894975676,0,4.45275978051742,2.22025018433875,2.03998172310504,2.44333797187187,1.2545808070244,1.84971409096775,0.00255425370796787,5.05828608848522,2.35997575938329,4.88546199831023,0,0,0.00255425370796787,0,0,0,2.36479388017779,0,2.26902707169949,2.20514079237448,0,0.613312888931619,0,0,0.467438988493226,0,0.00510199982244702,1.31335861900925,0,0.00255425370796787,0,0.27156585229926,0,2.76229627115212,0.763497683924228,1.62415451385975,1.07357187832506,0,0,0,0.00510199982244702,0,0,0.00255425370796787,0,0,0.00255425370796787,0.467438988493226,0.00255425370796787,0,0,1.37276865460029,0,0,0,0,0,0.00255425370796787,0.0202536517902035,0,0.179759052777602,0.00255425370796787,0.00255425370796787,0.0523152679281951,0.739371177733961,0.00255425370796787,0.0252536122070968,0,0.00510199982244702,0,0,0.00255425370796787,0,0.00255425370796787,0,0,0,0.590903113087506,0,0,0
"ola_mES_lif_3_71.counts",2.34849890528829,1.27633597970119,2.16977746937896,2.47119068744837,4.06833896486391,4.05217094575678,2.64260024231648,2.11102317845167,1.76686646211627,3.22931823522684,3.53455175017181,2.87240582264881,2.56317164599541,3.04651345698571,4.4682880653387,2.78743622965677,4.54485273943279,1.54073513190802,0,4.56790523342152,0.00877871137075347,1.62521229863689,2.20797470766064,1.58687621108117,2.25344802321634,0,5.16388851859557,0.939121364730946,5.06119208955723,0.01458866153871,0,0,0,0,0,2.33663850721833,0,2.51823835621141,2.13320142309096,0,2.70484495692876,0,0,0.949410250541026,0,0.01458866153871,1.31099624213632,0,0,0,0,0,1.10010424763993,1.09224749788957,1.68255591929942,1.4943421732403,0.0403236308900614,0.159912357563273,0,0.00293480832122697,0,0,0.00293480832122697,0,0.00293480832122697,0,0,0.383437563228492,0,0,1.51845169045312,0.167398580509114,0.00293480832122697,0.00293480832122697,0,0,0,0,0.00586102874027237,0.0116879058889165,0,0,0.00293480832122697,1.98485037923918,0.00293480832122697,0,0,0.00293480832122697,0,0.585841035970053,0.0515521972608938,0,0.948272254792669,0,0,0.00293480832122697,1.13848790943092,0,0,0
"ola_mES_lif_3_72.counts",3.35159760054108,3.21842561158354,3.24524996388809,2.75816604303896,3.66895820290685,3.95530693713382,2.59247239221346,1.30616725920986,2.14253409338846,3.12427018946031,3.56435228965048,2.60339232500067,2.49922528261638,3.11227798364139,4.46260708172083,2.35123581771893,4.35768182593718,1.68017960416409,0.0031844929498023,4.43957523827654,0.963289184349322,1.45592430548587,2.23779247978829,0.326377043285646,2.04922533665993,0,5.1663189262823,3.07408730646815,5.0117238753421,0,0.0031844929498023,0.0031844929498023,0,0,0.222172174927796,2.38234325064706,0,1.16340155821525,2.40419076085437,0.0467342737134813,2.07277951465516,0,0,0.539100156347366,0,0.00952321638767545,1.16638656971507,0,0,0.00635887708718348,0.0031844929498023,0,2.90061890267427,0.424920241347768,1.67660715534759,0.57742447591055,0,0,0.0031844929498023,0.0031844929498023,0,0,0.00952321638767545,0,0,0,0.222172174927796,0.00635887708718348,0,0.0031844929498023,1.73116016429377,0,0,0,0,0,0.0158220133607026,0.085542565555574,0,0,0.0031844929498023,0,0.0031844929498023,0.410214773647045,0,0.0588364902712173,0,0.00635887708718348,0,2.3140973447812,0.0031844929498023,0.00952321638767545,0.715973945040233,0,0,0,0.0031844929498023,0,0,0
"ola_mES_lif_3_73.counts",2.24626898992162,1.38524090352875,1.83606489941265,1.86208766549752,3.60770666917301,3.70751855331264,2.70652260941573,1.04663499849989,1.05344212186428,3.20773974689283,3.60162249489488,2.75778956905575,2.35994920296416,3.27284829446668,4.40390513842937,2.10028451533345,4.40794132183344,1.89332574973765,0,4.70661586948756,0.0749336961761831,1.57531732089346,2.08950998097706,0.732200096033061,2.22757318742612,0,5.44743555542579,1.11270682310564,5.19321786757463,0,0.00967958695448481,0,0,0,0,2.61191428240883,0,1.83295839516156,2.49705482643094,0.019266377023288,1.57330245453284,0,0.00967958695448481,0.986823497350144,0,0,1.24150733981131,0,0.00967958695448481,0.0474873428978061,0.019266377023288,0,2.14111551183865,0.846958761913372,1.47593514335205,1.71065586607364,0.0287621325863646,0,0,0,0,0,0.019266377023288,0,0,0,0,0,0,0.0287621325863646,1.255461924341,0,0,0,0,0,0,0,0,0,0.00967958695448481,0.00967958695448481,0,0.570075334775959,0,0,0,0.00967958695448481,0,0,0,0,0.628818083303232,0,0.0381685662894187,0,0.240861182158792,0,0.00967958695448481,0
"ola_mES_lif_3_74.counts",2.80553075927178,0.0688914336048874,1.60105368058691,1.96646844168045,3.68321968690001,3.35260309028253,2.5543453033076,1.28181571000252,1.84829606206371,3.22121618033295,3.5199688978005,2.7719050062466,2.35564983000254,3.00553100872104,4.43693607690071,2.67600943201607,4.43440126698911,1.46241594064248,0,4.74135021697727,0,1.46516600562713,2.22068872845857,0.304981176988212,1.83130259385125,0,5.46387814173596,0.0577340902095447,5.29011339884583,0.466455119348031,0,0,0,0,0,2.42845838580833,0,1.07756697247509,1.99111528560803,0,1.70782092770481,0.0577340902095447,0,0.193887479966231,0,0.0118165575919598,0.997567426387747,0,0,0,0,0.0234951132711307,1.18125570204315,0.0688914336048874,1.19574199083171,1.74379389842281,0,0,0,0.0118165575919598,0,0,0.0118165575919598,0,0,0,0,0,0,0,1.04046889567933,0.0234951132711307,0,0,0.0118165575919598,0,0,0,0,0,0.0234951132711307,0.0118165575919598,0,0.203631486593333,0,0.133341188154144,0,0,0,0.458971622873572,0,0,1.15538849572602,0,0,0,0.458971622873572,0,0,0
"ola_mES_lif_3_75.counts",0.0593164705054575,0.0399326378430815,0.0101336470435562,1.69951405784396,3.75629829407926,3.64326991724232,2.77593784681374,0,0.0101336470435562,3.31610157265678,3.63658483195837,2.84458459007894,2.57338771256947,1.03785143097241,4.49649990480171,2.46950926917513,4.56802400159146,0,0,4.78667167047836,0,1.64401675196243,2.25177735232144,0,1.95013243175652,0,5.50489298079181,0.0300979762507209,5.2766330755509,0,0.16833502791308,0,0,0,0,2.78478085490239,0.0101336470435562,1.5491358537319,0.13329965324116,0,0,0,0,0.717387071832803,0,0.0101336470435562,0.856382379926078,0,0.0101336470435562,0,0.0101336470435562,0.0201656326248431,0.142174243354818,0,1.02331534055809,1.67310649671141,0.0101336470435562,0,0,0.0101336470435562,0,0,0,0,0,0,0,0.0300979762507209,0.0101336470435562,0.0101336470435562,1.78167641685058,0.0877054249203709,0,0,0.0201656326248431,0,0,0.0101336470435562,0,0,0,0,0.0101336470435562,1.2097878901307,0,0,0,0.0201656326248431,0,0.0399326378430815,0,0,0,0,0,0,0,0,0,0.0688692838322502
"ola_mES_lif_3_76.counts",2.79469413917443,2.68975520868305,1.43790811697469,2.30642386930121,3.99084416382606,3.90704437076003,2.68608329011296,1.86701548722096,1.89021359952235,3.66527304289119,3.66734354417438,2.85473137235329,2.71709598397828,2.86054151380937,4.48585764114769,2.41763535318435,4.46705533445695,1.52382415971111,0.00336814060412285,4.53456380991655,1.50527625800184,1.61910760905206,2.32671798872068,1.80015864509602,2.22487883498153,0,5.267558992206,1.68941833227554,5.06131729056819,0.00336814060412285,0.00336814060412285,0,0,0,0,2.68998425653214,0,0.0167283927704634,1.70179932489717,0,0.138411503277287,0,0,0.627978681450767,0.00336814060412285,0.00336814060412285,1.19216244509687,0,0,0,0,0,1.5456368610892,1.14175278097835,1.96292288854112,1.35702397881978,0,0,0,0,0,0,0,0,0.00336814060412285,0,0.00336814060412285,0,0,0,1.36135711672026,0,0,0.00336814060412285,0,0,0,0.71582994090623,0,0,0,0,0.00672497490767392,0.0100705785635961,0,0,0,0,0,0.581921545449721,0,0,0.725675770361597,0,0,0,1.261401087281,0,0,0
"ola_mES_lif_3_77.counts",0.6115524716022,0.0141918821535854,0.0419853447798513,2.63339351792902,3.69720755137658,3.7282587527401,2.6084432650949,0.588015327796844,0.0419853447798513,3.37466551459921,3.56397803057221,3.1184415680188,2.43408265960543,0.305517048368605,4.47605806728101,2.51816941510106,4.5085385113598,0.0141918821535854,0,4.71964625220165,0,1.69734553928312,2.3115834206469,0.0141918821535854,1.85001255597253,0,5.47446219595468,0.0281851699295562,5.2636459602759,1.50764745900162,0,0,0,0,0,2.83033040092062,0,2.43408265960543,0.0281851699295562,0,0.240250969475381,0,0,0.808035655647316,0.0141918821535854,0,1.82036142739355,0,0,0,0,0.0141918821535854,0,0.0141918821535854,1.45568164341081,0.851666067487932,0,0,0,0,0,0.0281851699295562,0,0,0,0,0,0,0,0.0141918821535854,1.82267375962368,0,0,0,0,0.0141918821535854,0,0,0,0,0,0.0281851699295562,0,1.48524394121134,0,0,0.0141918821535854,0.0141918821535854,0,0.0281851699295562,0,0,0,0,0,0,0.0141918821535854,0.0141918821535854,0,0
"ola_mES_lif_3_78.counts",0.505732350330237,0.0398259109678584,1.55388226992857,2.47353844508913,3.90434107159465,3.73037170980769,2.46804416350602,0,0.0398259109678584,3.40933694407539,3.72431175221008,2.97761202636686,2.6655088874993,2.69722114283546,4.55345579479886,2.62159817412318,4.42604315073062,1.00460222302006,0,4.70748345117007,0,1.67963886564321,2.31022104439287,0.0161211909697393,2.10704968150698,0,5.4528984997439,0.00809308173286805,5.18159403407219,0.0781262809121093,0.281440209833956,0,0,0,0,2.86750831995315,0.0553225290848658,1.71827304087662,0.397133936524615,0,0.287554081033126,0,0,1.32947646091399,0.00809308173286805,0.00809308173286805,1.31212481760565,0,0.00809308173286805,0,0,0,0.0240853626259085,0.243950579377604,1.46968807760532,0.943245141437322,0,0,0,0,0.00809308173286805,0,0,0,0,0,0,0.0705826620880212,0,0,1.4752792343106,0.465739616787629,0,0,0,0,0,0,0,0,0,0.00809308173286805,0,0.323472537267476,0,0,0,0,0.00809308173286805,0.375041279859057,0.00809308173286805,0,0,0,0,0,0.00809308173286805,0,0,0
"ola_mES_lif_3_8.counts",0.00307614936710672,0.0183165367658222,0.00307614936710672,2.97163548843885,4.04328949460703,4.00840095404778,2.82377916752712,0.0741999543638112,0.272093615330933,3.30733726764667,3.55804784686176,2.92603241907007,2.18338299634109,0.48386886425818,4.64887047135588,2.21565672842087,4.66037940026225,0.604479156295203,0,4.72614149213658,0.633510841943294,1.59527195623678,2.08613006256288,0.00307614936710672,2.09924148074872,0,5.30130416423219,0,5.16944453135471,0,0,0,0,0,0.00307614936710672,2.35356498140377,0,1.07453622791356,0.355365943558522,0.00920020473657531,0,0,0,0.51010813627275,0,0.00153925751995298,1.62026813523484,0,0,0.00153925751995298,0,0,0.968074259824875,0,2.06876571495727,1.42760203171706,0.00153925751995298,0,0,0,0,0.00153925751995298,0.00153925751995298,0,0,0,0,0,0.00153925751995298,0,1.50096634517425,0,0,0,0,0,0,0.467595330211619,0,0,0,0.00153925751995298,0.133884861766073,0.00767270330921952,0,0,0,0.00307614936710672,0,0.286077184368513,0.00153925751995298,0,2.65562953215816,0,0,0,0,0,0.00307614936710672,0
"ola_mES_lif_3_80.counts",1.9326956917263,0.434056200322558,0.294315450380398,2.17478717681931,3.77701212612648,3.81210062557016,2.33604352233294,0.974803637031502,1.04800123362298,3.19503388955215,3.64336075586802,3.01084323157584,2.41193291824517,1.33977314727967,4.4224586382061,2.57169328823621,4.55394363567623,0.823405268464332,0,4.77642261997494,0.191746414000625,1.42075729378235,2.10492430636651,0.0100146047536768,2.08008926100735,0,5.48089701326208,0.114024001295033,5.25456570563104,0.140608350059543,0.316562484095178,0,0,0.0100146047536768,0,2.59299731873228,0,1.19539604531668,1.83801982199997,0.0100146047536768,0.466140053251988,0,0,0.740544060802887,0,0.0100146047536768,1.28282482032421,0,0.0100146047536768,0,0.0100146047536768,0,0.768934224249584,0,1.53763369942555,1.01936187939294,0,0,0,0,0,0,0,0,0,0.0100146047536768,0.0297478680348051,0.0297478680348051,0,0,1.61661855163365,0,0.0100146047536768,0.0394703693934197,0,0,0,0,0,0.191746414000625,0.140608350059543,0.0100146047536768,0.0100146047536768,0.974803637031502,0,0,0,0,0,0,0.286788411719039,0,0.0100146047536768,0,0,0.0100146047536768,0.200020839597443,0,0,0
"ola_mES_lif_3_82.counts",0.62374697132447,0.0476308852330467,0.636734588539019,1.96152034018898,3.62146915884572,3.88463632866223,2.57155081299219,0,0.0121220952227738,3.35678599398282,3.720449438445,2.86643085638546,2.39905874650769,1.18057166183774,4.50054724812177,2.650374405261,4.45752239315608,0,0,4.73164836193528,0.0121220952227738,1.59226588512642,2.28665920266848,0.0240990034667686,1.89778139181697,0,5.50057201995352,0.0121220952227738,5.30820762190228,0.320685300150359,0.0121220952227738,0,0,0.0121220952227738,0,2.51696543707107,0,1.9230537230316,0.372423205626667,0,0.320685300150359,0,0,0.959294380467507,0,0.0121220952227738,1.42227264182431,0,0,0,0,0,0.603943690411946,0,1.44552984205976,0.840339486229337,0,0,0.0121220952227738,0.0121220952227738,0,0,0,0,0,0,0,0.0591923759432705,0,0,1.78364689010361,0,0,0,0,0,0,0,0,0,0,0.346888816933699,0,0.791811136779466,0.0121220952227738,0.0121220952227738,0,0.0121220952227738,0,0.355472929046444,0,0,0.0476308852330467,0,0,0.035934161435324,0,0,0,0.0121220952227738
"ola_mES_lif_3_83.counts",0.0440953552236584,0.0654346878180735,0.0178721392852856,2.18839774991785,3.75062286253743,3.99128941879336,2.82332935580117,0,0.180954638260127,3.61414787279575,3.72747025134018,3.18015282299827,2.38793599927494,0.645084600594174,4.48584732788172,2.48340353857669,4.62162504812841,0,0,4.66675562169417,0,2.07394562208684,2.44934392409722,0.0266898387563177,2.3260381721706,0,5.34655003296726,0.00897599578160365,5.20561402950765,1.0483256352388,0,0,0.00449806891952716,0,0.00449806891952716,2.78955540872715,0,1.0483256352388,0.535198652845955,0,0.180954638260127,0,0,1.49768239689426,0.00449806891952716,0.00449806891952716,1.46384405003443,0,0,0,0,0,0.0440953552236584,0.287887174535864,1.52943682961142,1.5487831979271,0,0,0,0.00449806891952716,0.00449806891952716,0,0,0,0,0,0.0266898387563177,0,0,0,1.64984080896554,0,0,0.00449806891952716,0,0,0.0945648195144102,0,0,0,0.00449806891952716,0.00897599578160365,0,2.40963754675748,0.00897599578160365,0.056953520187303,0,0.00449806891952716,0.00449806891952716,0,0,0,0,0,0,0,0.00449806891952716,0.00449806891952716,0,0
"ola_mES_lif_3_84.counts",0.0387340090043336,0.0637475065605079,0.0130787493550058,2.4243385932284,3.73125451327551,3.67913006474838,2.66092095723168,0.473481270815061,0,3.53187714354128,3.44293721552539,3.1296722628037,2.77717348188762,1.27175484840332,4.39690354158496,2.37537130742149,4.61875049221286,0.0130787493550058,0,4.72252583503448,0,1.67109828796689,2.38753748482681,0.11197227698816,2.12334352900272,0,5.48164337520211,0.0130787493550058,5.27141625238713,0.0259886509668885,0,0,0,0,0,2.59533683528301,0.16915619239989,2.25451747285048,0.304130225069397,0,0.431620495215498,0,0,1.06776616467573,0,0,1.2754386229818,0.0130787493550058,0,0,0,0,0.0259886509668885,0,1.43484878757653,1.16678832577146,0,0.0130787493550058,0,0,0.0130787493550058,0,0,0,0,0,0.911320593879345,0,0,0,1.47780531532356,0,0,0,0,0,0,0,0,0,0,0,0,0.0259886509668885,0.0259886509668885,0,0,0.0130787493550058,0,0,0,0,0,0,0,0,0,0,0,0
"ola_mES_lif_3_87.counts",0.667369007925113,0.0442038123757808,0.086536085095271,2.20882744842862,3.78477990961845,3.988129852277,2.42985800557118,0.0369708740101816,0.631968055735281,3.26303120608209,3.49188055569678,2.90867104347347,2.39818968405331,1.39516031063531,4.43396555754119,2.34114228626097,4.55932053709605,0.0934204620929423,0,4.79312008351052,0.029685238863199,1.48949314542792,2.24058242900353,0.014952767063169,1.9035512735726,0.00750433142657757,5.50111345194497,0.029685238863199,5.2546042255685,0.0442038123757808,0,0,0,0,0.00750433142657757,2.59064202832449,0,1.24000026867932,0.325093843176804,0,1.11229282241924,0,0,1.05364098694455,0,0,1.20675672588446,0,0,0,0,0,0.522040252153171,0.133760167947912,1.59115140364184,0.927867294603248,0.00750433142657757,0,0,0,0,0,0,0,0.00750433142657757,0,1.71780136446322,0.0223461334334962,0,0,1.32359861376467,0,0,0.0223461334334962,0,0,0.00750433142657757,0,0,0,0,0,0,0.0223461334334962,0,0,0,0,0.014952767063169,0.447848738083447,0.0223461334334962,0,0.745400979791725,0,0,0,0.228017273496502,0.0796039847154066,0,0
"ola_mES_lif_3_88.counts",1.97186366454869,0.0754238664394676,0.704745146770883,2.13152604377712,3.84211357750824,4.00468656323204,2.71963929419511,1.82532134899741,1.53004416462227,3.39730294582531,3.58226346857711,3.1761332416349,2.51243927135894,1.54373240711238,4.47770146821488,2.48221617788433,4.5391265789981,1.00550872904641,0.0048843724233295,4.66262232231139,2.85324187120789,2.029467450515,2.15620115601757,1.24913662150437,2.22624265745609,0,5.30245195128773,1.35936637682746,5.07843174695296,0,0,0,0,0,0,2.61317520947468,0,1.98540267865764,1.68763677487309,0,1.2420917094182,0,0,1.30775766746554,0,0,1.43327357954399,0,0,0,0,0,1.26307927906787,1.65822924239343,1.58471188189852,1.41441032298523,0,0,0,0,0,0.0048843724233295,0,0,0,0,0.0048843724233295,0,0,0,1.67487725668509,0,0,0,0,0,0,0,0,0,0,0,0,0.0048843724233295,0,0.0431235522904412,0,0,0,1.03550736132538,0,0,0.721542786981034,0,0.115476386612614,0,2.11571529887122,0,0,0
"ola_mES_lif_3_89.counts",0.978850746056529,0.0427921585098694,2.06046442574943,2.04361378636325,3.8826727332593,3.69611706974077,2.18429057368046,0.850482331519434,0.136047643593965,3.38656924162819,3.63111103281874,3.02324215886846,2.07886024855052,2.94818581589174,4.55218829851955,2.57453976655176,4.52587556739203,1.65092226387705,0,4.68657184816337,0.372792515314589,1.71849417140482,2.0129375340742,2.32199272500674,2.21179519125362,0,5.36656008425941,0.0144684729468137,5.15681305208793,0.20959487460954,0,0.0144684729468137,0,0.0144684729468137,0,2.58117977226747,0,0.173497256162772,2.16440976309357,0,2.52561729543902,0,0,1.52281570859421,0,0,1.32293366839928,0,0,0.0144684729468137,0,0,1.79155298789991,0.29993239267334,1.5663526214545,0.875081246148078,0,0,0,0,0,0,0.0144684729468137,0,0,0,0,0.0427921585098694,0.0144684729468137,0,1.61679090809269,0,0,0,0,0,0,0,0,0,0,0,0,0.110278666795893,0.0144684729468137,0,0,0,0,0.161169227944381,0.0144684729468137,0,1.00051807078698,0,0,0.0144684729468137,0.0144684729468137,0,0,0
"ola_mES_lif_3_9.counts",0.23366134216709,0,0.172969054388887,2.64480660448111,4.11174961859462,4.04258777068611,2.68542114571839,0.118570468047957,0.00570579143678968,3.31290207778959,3.55683894639305,2.86821337304709,2.53586178239386,0.990931208031788,4.58626187888626,2.49185814934389,4.38537424756099,0,0,4.69954623889251,0,1.61167389646093,2.03757331599253,0.0928304787643548,1.94544736929424,0,5.43338441761288,0,5.27242325037315,0.0823460594099028,0,0.0337563905250902,0,0.00570579143678968,0.00570579143678968,2.37548059388294,0,1.1165288470297,0.153528412193673,0.00570579143678968,0.0337563905250902,0,0,1.0284542912401,0,0.00570579143678968,1.78428812912014,0,0,0,0.0170206252379776,0,1.1127748140791,0,1.2009199862956,0.783991447310772,0,0,0.0113792114350107,0,0,0,0.0113792114350107,0,0,0,0.0823460594099028,0.0113792114350107,0.0113792114350107,0,1.65851768193996,0,0,0.00570579143678968,0,0,0,0,0,0,0,0,0.00570579143678968,0.14860861933115,0.0113792114350107,0,0,0,0,0.419178082451328,0,0,0.982398023164194,0,0,0,0,0,0,0
"ola_mES_lif_3_90.counts",2.66168461915019,0.982084169150219,0.622013979122486,2.11882955887619,3.92427998338138,4.12729859483527,2.67066055738285,2.1482321558113,2.00499844072163,3.47630790073185,3.70473053674871,3.17988297741766,2.65232739169361,2.0747325786407,4.46730279619904,2.65402615472344,4.52333974537775,2.08536761279278,0,4.68857564989472,1.43767945246993,2.05602627050462,2.40421633158575,2.07829017194099,2.32779639459162,0,5.2125851299981,0.00847721329039594,5.03357521755998,0,0,0,0,0,0.00424758951144689,2.7016946785417,0,1.67953077123508,1.99597775802767,0,0.538651181671002,0,0,0.962226103561606,0,0,1.48151888883572,0,0,0.00141786878410576,0,0.00141786878410576,1.62012544903239,1.27324305566913,1.54885954485451,1.37403421811659,0,0,0,0,0.00141786878410576,0,0,0,0,0.0334860189192502,0.00141786878410576,0.00283373006236684,0,0,1.60256515839869,0,0,0,0,0,0,0,0,0,0,0.00141786878410576,0.00283373006236684,0.00141786878410576,0,0,0,0.00283373006236684,0,0,0.00283373006236684,0.0224481356007987,0.00283373006236684,0,0,0,0.238690975476668,0,0,0
"ola_mES_lif_3_92.counts",3.93396038122597,4.29648701393264,3.75126690052154,2.06935828233507,3.4947125334229,3.61069891133379,2.37847128535232,2.58212526543362,2.59487159330035,2.96286015762763,3.02616076844056,2.84635522092253,2.08737080652157,3.68641853303562,3.99908644190427,2.21638808710102,4.11155123078664,2.56249767323548,0,4.36610728927172,2.14256095321949,1.69788053762277,1.92880239468251,1.35688653763039,1.80910458761629,0,5.1452132335687,1.91450585978914,4.9272651591298,0,0,0,0,0,0.00512779562287042,2.17870198480575,0.00512779562287042,1.02200981697534,3.22556054121047,0,1.41599051253459,0.00512779562287042,0.00512779562287042,0.351754263586707,0.00512779562287042,0,1.44670485392943,0,0,0,0.00512779562287042,0,2.82706889420687,1.43697852268776,1.16646252784788,0.833197869379741,0.0790472378491003,0.0203552795269314,0,0,0.0353543608149234,0,0,0,0,0,0.502532887271911,0.00512779562287042,0,0,1.55659029805177,0,0,0,0,0,0,0,0.0102294310449247,0.0102294310449247,0,0,0,0.134484587247299,0,0.768587243937601,0,0.0501317901451521,0,1.06190515623254,0.00512779562287042,0,0.0303796221755389,0,0,0,1.70911118473257,0,0,0.143432552244563
"ola_mES_lif_3_94.counts",3.63817958262397,2.97541235313058,2.32017406676735,2.06706575019848,3.83529207029182,3.84774532567885,2.61078483795163,2.42888575177536,2.54097057540244,3.36251105086783,3.4501046658868,2.84887592735554,2.57758153220424,3.27307248804733,4.38290217262423,2.46171082751584,4.41107877903056,2.42160501533633,0,4.50687951259001,1.84326924696296,1.92576514031298,2.23363998894172,1.7469153216284,1.8445713415006,0,5.19930024385007,1.22357109093124,4.99185652485286,0,0,0.00410700121822182,0.00410700121822182,0.00410700121822182,0,2.58939029388683,0.0560175559911402,0.217376026123637,3.16185578697388,0,0,0,0,0.73941453198222,0,0,0.766548663192339,0,0,0,0,0,2.60532694964498,0.631647000133006,1.01723105113084,1.38633448591831,0.0203683814691054,0,0,0,0,0.00410700121822182,0,0,0.00410700121822182,0,0,0,0,0,1.45299353502306,0,0,0,0,0,0,0,0,0,0,0.00410700121822182,0,0.0122707450404378,0.016327759696844,0,0.028400972543104,0.00410700121822182,0,0.016327759696844,0,0,0.549594010378666,0,0.0122707450404378,0,0.72755638086824,0,0.00410700121822182,0
"ola_mES_lif_3_95.counts",1.85324581525613,0.596734238855332,2.64726293214872,2.13740913526243,3.76793487202908,3.61986354327383,2.5905303481835,1.45916867312437,1.17792499930217,3.25882672644374,3.70075607883244,2.85025359986282,2.47540814396812,2.85170483201385,4.45735670838848,2.60129935671779,4.43356671786711,1.86206266817199,0,4.71524405975477,0.984436679989956,1.54711852159757,2.24872995084964,0.843599394052305,2.00791941492731,0,5.36226002785597,0.919003039166005,5.17844898561771,0.101410585680314,0,0,0,0,0,2.74021382147604,0,0.989117470882166,2.03289409551398,0,1.15643051924661,0,0,0.854344127123529,0,0.00625866518277558,1.26134078650453,0,0,0.151205415649353,0.00625866518277558,0.00625866518277558,2.21092028017092,0.411143366677982,1.60677740343208,1.62918649572109,0,0.00625866518277558,0,0.00625866518277558,0,0,0,0,0,0,0.00625866518277558,0,0,0,1.34816258957025,0.955882278407269,0,0,0,0,0.00625866518277558,0,0,0.00625866518277558,0.012478402982858,0,0,1.61180077892161,0.00625866518277558,0.123848269395963,0,0.0726364243870119,0,1.55244988429661,0,0.112692357424386,0.617263290615817,0,0,0,0.483383014499599,0,0,0
"ola_mES_lif_3_96.counts",3.54754222193657,2.04227294829909,1.9298707206799,2.07660883012226,3.60454295100591,3.45359366665306,2.51601775375757,1.88111615975757,2.25244765844202,3.32956151074943,3.40736314090046,2.90834024028536,2.22752173384135,2.90961703804617,4.41142820412804,2.44244933911216,4.32943471517422,2.13642002554889,0,4.69303784603229,1.30949872617486,1.60550600712995,2.19154750966892,1.66260970217584,1.91272996105974,0,5.45733893545743,0.55918588149618,5.16425694532436,0.0116390005567532,0.468162473411657,0,0,0,0,2.51317662482817,0,1.24757336052164,1.45347608191811,0,0.22916851669601,0,0,0.623967397756851,0,0.0345183201911197,1.08747568685993,0,0,0,0,0,0.351678815308325,0.961480373773078,1.68673796542762,1.28712778694798,0,0,0,0,0,0,0,0,0,0,0,0,0,0,1.27411604585528,1.53993565685175,0,0,0.0231440918551975,0,0,0,0,0,0,0,0,0.131452705008455,0.17169189184552,0.121134719146856,0,0.0568858638206173,0,0.901532222484313,0,0.0568858638206173,0.965946281811374,0,0,0,0.545710313913444,0,0,0
