,gene1,gene2,gene3,gene4,gene5,gene6,gene7,gene8,gene9,gene10,gene11,gene12,gene13,gene14,gene15,gene16,gene17,gene18,gene19,gene20,gene21,gene22,gene23,gene24,gene25,gene26,gene27,gene28,gene29,gene30,gene31,gene32,gene33,gene34,gene35,gene36,gene37,gene38,gene39,gene40,gene41,gene42,gene43,gene44,gene45,gene46,gene47,gene48,gene49,gene50,gene51,gene52,gene53,gene54,gene55,gene56,gene57,gene58,gene59,gene60,gene61,gene62,gene63,gene64,gene65,gene66,gene67,gene68,gene69,gene70,gene71,gene72,gene73,gene74,gene75,gene76,gene77,gene78,gene79,gene80,gene81,gene82,gene83,gene84,gene85,gene86,gene87,gene88,gene89,gene90,gene91,gene92,gene93,gene94,gene95,gene96,gene97,gene98,gene99,gene100,gene101,gene102,gene103,gene104,gene105,gene106,gene107,gene108,gene109,gene110
cell1,0,0,0,6,43,6,0,72,0,42,26,76,7,0,207,24,179,17,118,166,1,4,0,4,48,13,1,8,43,0,344,44,317,130,58,53,116,234,35,7,2,81,8,216,46,29,405,17,16,1,17,76,11,26,102,39,13,0,109,10,117,93,13,0,45,5,106,8,28,11,433,2,1,16,152,26,25,6,1,7,13,12,6,0,143,5,68,112,3,0,68,25,6,953,0,1,18,145,2,14,4,1,0,56,35,7,14,18,53,13
cell2,19,4,1,8,11,9,0,59,133,63,11,82,5,0,216,31,289,11,114,117,14,2,0,0,33,23,10,12,58,0,507,29,346,113,34,80,99,116,41,10,21,89,16,246,8,11,317,17,47,182,3,84,8,64,134,45,24,0,111,12,85,30,4,0,121,4,135,15,22,23,574,59,4,9,45,26,23,3,0,7,5,23,8,1,139,9,37,74,7,9,50,0,16,782,7,2,3,205,5,47,3,0,6,142,41,14,8,28,20,777
cell3,1,6,0,8,39,3,1,65,46,15,4,86,4,0,149,20,264,6,106,207,1,0,0,0,121,14,12,10,53,1,452,53,273,113,76,77,94,264,30,6,12,82,9,209,35,30,109,44,41,80,15,81,2,80,88,26,12,0,112,8,120,45,12,0,97,5,93,14,19,17,492,6,0,4,125,44,17,4,40,5,2,17,7,1,196,22,31,80,5,1,64,0,7,870,13,4,21,152,0,22,2,0,13,51,35,10,11,33,38,474
cell4,24,76,5,12,0,29,2,220,78,11,10,68,2,0,21,6,32,3,22,0,4,1,0,0,2,15,0,29,21,31,6,2,8,15,47,9041,103,28,20,1,0,26,1,35,355,2,2,5,6,4,12,28,3,200,37,15,4,49,43,152,15,4,7,0,0,5,33,168,5,9,80,4,0,12,8,929,3,247,2,1,1,1,48,0,43,39,10,7822,82,3,13,0,1,20,5,1,2,68,1,4,24,3,0,46,17,1,11,274,6,22
cell5,24,1,1,5,10,5,2,70,159,12,5,91,3,0,91,42,187,18,114,245,12,9,0,0,29,28,3,3,44,0,447,11,303,168,35,84,84,160,29,11,10,47,10,207,48,17,251,35,29,8,18,84,7,47,86,34,22,0,107,6,50,18,11,0,70,3,119,18,14,9,367,63,0,9,80,44,5,6,27,13,14,25,12,14,92,6,39,99,4,1,68,31,13,380,6,3,23,129,3,36,1,0,5,77,28,3,9,60,19,438
cell6,4,18,13,17,0,38,0,310,19,2,3,46,0,0,45,9,42,1,14,0,2,3,0,1,4,18,0,54,18,22,8,1,11,6,30,7615,89,18,13,2,0,26,5,37,606,4,34,10,5,13,15,27,5,223,36,12,3,134,41,134,15,11,2,0,0,1,9,187,16,0,78,0,1,65,10,870,11,301,45,5,5,5,60,1,14,24,13,8093,98,1,18,0,0,19,1,3,6,49,0,6,35,1,0,19,18,1,11,173,10,8
cell7,86,8,9,3,566,19,0,336,0,19,8,67,0,0,33,2,48,10,20,1,4,0,0,0,9,4,0,62,7,23,4,9,10,19,34,7098,114,60,9,8,1,34,3,47,490,6,16,8,15,24,20,32,5,194,59,13,3,93,52,196,19,23,9,0,2,2,51,188,28,8,108,29,19,12,4,769,5,231,0,0,2,3,42,0,22,38,15,9242,33,3,19,0,1,43,3,4,13,57,1,5,5,0,0,41,12,8,10,177,9,12
cell8,11,13,1,1,63,19,1,106,150,29,8,48,4,0,21,18,65,12,119,8,4,11,0,0,0,4,5,14,14,0,57,11,77,40,29,139,101,89,4,1,7,38,10,85,54,3,79,16,20,3,13,26,2,69,55,13,7,9,39,16,24,42,3,0,21,1,31,27,16,7,120,5,10,7,39,49,19,8,0,9,1,5,8,20,60,14,22,155,8,2,22,0,13,111,4,1,5,80,0,26,3,0,5,17,23,5,11,36,247,278
cell9,40,5,0,2,107,6,3,87,292,37,10,144,3,0,184,27,366,11,118,378,23,12,0,2,139,46,6,8,36,1,353,106,551,226,95,84,135,249,30,7,10,65,9,214,46,49,356,26,40,125,22,88,2,72,137,35,31,0,99,8,98,49,8,0,124,9,70,18,12,18,562,20,5,12,150,31,7,3,0,14,8,26,4,0,169,10,21,121,4,6,105,7,7,899,4,4,14,209,1,21,7,1,10,73,37,13,5,31,41,680
cell10,7,18,1,35,0,45,0,234,39,2,2,62,2,0,36,9,44,8,21,2,3,0,0,1,3,3,5,81,10,40,12,0,7,9,20,6685,95,49,16,7,27,30,0,53,437,8,3,11,2,13,15,29,1,181,40,15,2,96,24,153,23,8,14,0,0,4,49,150,13,4,73,1,4,44,6,823,2,291,0,1,5,0,59,0,7,65,19,7491,134,0,16,0,2,4,3,1,7,70,0,6,5,0,0,7,16,14,9,110,5,15
cell11,1,3,0,7,0,31,1,69,104,8,5,57,0,0,11,12,26,2,75,0,3,1,4,0,0,2,1,13,26,0,13,2,47,34,25,281,70,43,4,7,0,19,5,59,72,2,60,27,1,16,10,19,2,2,36,10,4,25,32,28,37,28,5,0,1,0,15,17,15,10,73,4,8,15,22,59,2,7,4,9,0,7,4,9,12,8,16,207,4,0,22,6,11,36,6,4,7,52,5,9,0,0,2,21,16,7,14,16,141,323
cell12,0,5,0,21,0,12,0,100,150,20,2,77,1,0,39,8,53,5,56,17,1,1,2,0,0,12,0,8,17,6,29,11,56,40,34,144,80,33,2,2,0,28,3,37,64,1,55,22,8,23,2,28,3,55,49,9,0,17,38,24,19,26,3,0,1,1,29,28,20,6,97,5,3,6,21,57,18,12,0,9,8,12,11,10,22,10,20,168,5,2,17,0,2,66,8,2,7,82,7,11,4,0,9,14,22,2,16,25,88,245
cell13,4,0,5,70,352,73,0,245,0,3,15,56,0,0,26,4,41,10,10,1,0,0,0,0,8,1,2,63,25,23,7,0,10,11,45,8526,85,44,8,3,6,33,2,74,496,2,15,15,15,21,12,26,1,94,38,12,2,85,53,43,33,11,6,0,10,0,15,168,5,11,94,24,1,33,4,611,5,29,13,0,3,3,57,0,16,34,10,7549,65,1,20,0,6,37,6,7,7,61,0,2,10,0,0,28,17,14,7,191,6,14
cell14,0,14,3,9,73,10,0,57,78,14,3,16,0,0,16,18,26,3,50,9,4,2,2,0,0,3,0,14,18,3,26,6,32,15,21,164,63,36,11,0,0,20,7,33,40,5,40,16,10,0,8,23,3,8,17,9,3,18,19,7,20,13,1,0,9,0,40,17,18,6,54,13,6,10,9,30,4,7,41,4,12,3,2,5,21,12,12,137,3,1,17,0,11,72,4,1,8,44,0,15,0,0,5,34,36,0,7,20,79,155
cell15,2,12,8,32,47,16,0,298,0,0,2,88,3,0,26,7,46,8,19,0,3,4,0,1,0,5,0,50,14,52,2,2,10,17,47,5702,91,59,9,7,3,47,4,81,322,1,16,6,6,1,11,27,2,142,52,11,2,48,28,97,20,12,15,0,1,3,37,175,14,12,80,11,0,40,5,671,11,222,0,0,2,2,88,0,26,81,16,7860,82,2,12,0,14,26,1,6,13,69,0,4,16,3,0,49,23,0,12,213,11,14
cell16,0,0,1,11,160,19,0,82,117,32,10,30,0,0,10,9,30,4,436,9,2,3,0,0,0,5,0,12,16,6,19,7,61,23,21,142,82,16,20,6,0,13,1,48,60,1,52,43,5,2,6,26,3,6,26,11,6,17,32,21,29,18,5,0,108,1,32,33,16,8,73,13,0,21,16,43,34,9,26,31,20,16,20,8,32,8,50,166,4,8,17,0,9,99,7,6,7,48,1,14,1,1,6,35,20,2,11,28,82,344
cell17,4,3,0,4,1,7,0,77,85,2,0,42,1,0,10,12,19,1,108,7,1,1,1,0,0,1,0,19,15,2,55,4,54,23,20,215,50,23,3,1,0,28,5,19,70,6,0,20,8,1,5,12,0,1,12,9,3,29,12,15,32,13,8,8,7,0,17,19,16,1,44,2,2,2,19,38,21,9,4,10,6,5,20,8,10,5,26,173,7,2,17,5,2,66,3,2,1,29,2,17,2,0,6,21,21,8,8,45,65,240
cell18,6,0,0,5,35,16,0,93,143,6,5,47,6,0,19,8,42,8,274,11,3,1,1,0,0,1,3,7,21,2,38,8,51,28,30,123,80,43,4,9,0,24,5,24,59,1,57,19,7,14,14,23,1,0,25,9,17,16,25,6,24,15,3,1,0,2,42,22,11,7,73,6,2,12,6,51,14,10,35,23,20,12,22,17,38,9,54,162,5,8,16,0,9,72,6,0,6,52,0,6,1,1,2,7,10,12,6,26,153,492
cell19,8,5,0,12,148,10,0,117,0,56,15,109,1,0,166,9,226,10,347,86,16,2,0,1,61,19,0,12,46,0,183,8,186,140,114,44,108,394,37,9,19,100,5,204,55,22,294,29,26,129,5,72,3,60,99,38,13,3,112,9,70,44,12,0,50,8,108,13,26,19,486,10,0,9,47,44,12,7,56,67,14,3,13,5,45,10,56,116,1,7,55,29,14,496,4,2,6,190,0,37,0,0,5,109,25,0,10,56,17,603
cell20,43,0,0,6,0,12,0,63,98,6,11,48,0,0,11,5,39,10,44,5,0,0,1,0,0,2,0,15,14,5,29,4,21,13,29,132,64,38,3,3,0,37,1,58,21,0,7,20,10,0,9,27,1,1,30,8,4,16,41,23,17,26,5,1,27,1,32,14,16,8,88,0,7,16,9,38,14,5,1,5,13,11,10,19,9,3,28,139,3,3,18,0,8,82,3,6,3,65,0,22,1,0,9,20,18,8,1,23,90,227
cell21,1,0,0,6,0,11,0,103,100,20,4,62,0,0,14,8,36,4,73,8,0,10,0,0,0,4,0,8,20,7,30,3,38,12,22,238,68,19,3,2,0,18,8,35,49,2,40,16,0,5,10,20,1,38,23,9,8,17,23,13,19,16,6,0,10,6,12,23,9,0,73,6,5,27,13,56,17,9,1,12,5,21,10,8,11,7,24,201,1,1,28,0,6,80,3,0,4,31,3,24,6,0,2,31,27,7,15,28,59,320
cell22,25,1,2,5,16,23,0,72,122,8,9,31,4,0,56,2,62,5,52,4,2,5,0,0,0,4,0,6,9,4,11,2,33,14,49,213,90,45,7,0,0,45,1,61,51,6,34,4,7,30,2,28,3,3,41,7,2,23,34,22,18,13,4,2,48,1,34,22,7,5,94,13,4,8,6,39,14,7,0,7,7,22,9,1,17,11,23,180,4,0,24,0,10,62,5,0,5,73,2,13,2,1,0,15,20,8,8,44,81,122
cell23,21,68,1,41,0,31,0,344,97,3,6,60,0,0,40,16,35,2,18,2,3,2,0,0,4,4,0,116,17,20,8,2,15,6,28,9219,91,29,16,4,1,33,5,39,642,3,1,8,9,9,11,19,3,223,33,15,3,160,20,116,15,2,10,0,1,1,30,274,4,1,88,9,6,115,1,1324,6,291,0,3,2,6,79,6,14,83,20,8212,56,0,28,1,0,41,0,1,2,62,1,4,27,2,0,42,15,5,5,114,10,10
cell24,1,54,3,26,54,23,0,318,9,17,4,63,0,0,33,10,46,3,28,2,10,6,1,1,1,11,0,92,18,45,11,2,10,11,10,3563,87,57,16,4,5,16,5,53,507,5,19,6,4,12,8,25,1,15,26,3,1,178,12,145,21,7,9,0,0,5,28,191,20,1,67,1,3,33,3,809,1,359,0,2,0,7,66,1,14,76,23,7193,47,1,16,1,11,55,2,0,3,51,1,4,47,3,0,63,25,4,9,253,4,18
cell25,0,3,1,5,1,4,0,72,260,69,10,62,0,0,111,42,163,12,107,146,25,3,0,0,23,2,0,5,59,0,402,12,189,103,30,32,110,271,24,6,15,55,3,173,55,17,2,44,25,72,6,55,9,34,92,39,7,25,100,9,124,72,14,0,49,1,33,15,7,5,359,23,0,21,37,30,42,5,1,20,4,26,17,20,20,10,57,132,2,4,61,0,7,491,2,5,2,69,0,35,3,0,9,38,18,9,8,24,22,736
cell26,11,1,0,4,36,4,1,66,178,48,9,72,4,0,139,5,183,22,99,45,6,3,0,0,23,18,9,9,41,0,57,1,125,80,36,105,104,134,27,3,13,79,6,159,55,20,198,38,47,80,2,80,22,55,103,35,6,9,100,17,64,87,18,0,62,1,87,28,10,10,431,2,10,3,18,41,28,6,45,8,22,14,8,8,150,7,32,126,3,8,60,0,2,324,4,0,32,175,12,27,5,0,10,65,18,2,16,13,17,683
cell27,0,2,0,6,1,15,0,66,102,32,3,46,0,0,32,0,40,3,44,9,1,3,1,1,1,3,0,20,16,5,25,9,24,10,37,208,90,56,7,1,7,19,3,44,24,3,0,17,2,9,4,27,3,13,35,14,10,28,34,21,20,20,1,0,1,1,34,39,14,11,94,12,8,16,15,42,12,12,0,13,8,7,14,0,36,4,16,190,2,2,17,0,8,116,2,0,10,54,2,10,3,1,0,51,15,1,12,43,100,142
cell28,4,6,0,3,4,3,0,73,316,25,35,69,10,0,42,18,171,8,1437,95,6,15,1,0,47,23,2,8,38,1,244,38,298,100,103,162,112,243,28,5,9,76,6,170,18,9,36,42,9,0,4,51,8,3,84,37,13,0,91,16,83,83,5,0,141,0,102,11,25,20,409,19,0,2,59,43,36,8,111,39,21,7,9,2,59,13,64,122,0,1,51,0,19,497,1,2,14,150,0,19,0,0,5,55,14,11,14,25,13,345
cell29,0,11,0,3,95,22,1,72,83,16,6,42,2,0,28,7,51,1,47,0,1,2,2,0,0,2,0,3,27,6,2,0,9,13,34,204,70,13,7,1,0,21,2,47,58,2,0,10,7,13,3,21,3,20,30,7,2,13,38,17,10,18,6,0,5,0,5,25,21,10,81,9,0,5,10,52,10,4,1,6,8,10,9,0,29,8,31,143,0,3,21,0,9,96,1,1,7,50,0,28,2,0,4,36,23,5,8,17,81,139
cell30,1,2,0,2,0,3,0,81,0,34,18,77,0,0,149,23,183,20,279,122,9,3,0,0,95,18,0,2,52,0,114,16,187,94,50,105,119,298,40,9,1,92,10,29,34,5,14,49,9,99,17,85,2,1,104,40,15,1,113,7,81,14,16,0,93,4,83,11,18,17,417,23,3,3,78,56,25,6,3,19,14,6,7,9,134,12,40,121,2,4,57,0,13,768,7,1,37,136,3,17,1,0,4,85,14,10,10,32,6,846
cell31,1,0,0,5,27,9,0,79,77,44,55,92,7,0,177,24,227,6,302,83,4,0,0,0,31,22,8,11,59,0,249,24,194,103,87,107,134,251,28,16,0,66,13,230,60,19,116,27,11,4,5,72,9,24,105,40,5,24,117,4,81,54,18,0,54,3,63,5,18,20,542,40,0,6,41,40,9,8,2,13,3,32,13,0,216,7,29,99,6,3,53,0,8,678,2,0,11,193,7,30,2,1,0,68,15,13,13,38,38,333
cell32,55,0,0,0,1,7,3,81,38,5,12,80,5,0,101,4,266,18,114,65,4,0,0,0,82,28,2,8,55,0,112,36,140,87,88,94,111,254,28,2,13,75,5,194,16,13,161,47,43,45,3,80,5,72,86,44,13,6,95,10,31,55,8,0,86,3,44,26,11,10,476,13,8,12,53,46,15,6,0,5,7,25,18,12,84,6,27,136,3,14,40,0,1,432,7,0,37,208,1,19,0,2,7,101,27,5,7,8,23,1158
cell33,21,27,4,17,14,18,4,316,0,7,3,105,2,0,54,22,41,9,33,2,4,4,0,0,6,4,1,48,15,23,18,0,10,10,37,5710,84,28,9,4,8,37,0,46,362,2,13,7,6,21,4,21,4,236,38,14,4,168,21,219,21,12,5,0,17,2,19,140,15,6,86,3,0,37,7,1200,17,301,3,5,5,6,60,2,15,64,20,7329,127,3,18,6,4,21,5,1,15,57,0,11,43,1,1,17,18,0,6,466,5,22
cell34,0,0,0,1,121,18,3,82,102,8,11,68,3,0,31,7,59,4,53,6,0,0,1,0,0,16,0,6,15,2,6,2,15,8,37,173,86,41,12,8,2,47,4,68,51,3,25,12,1,6,3,33,4,75,47,6,5,19,33,11,10,30,4,0,10,2,33,45,13,17,89,3,4,14,8,37,1,5,2,10,15,23,13,0,27,11,11,168,7,2,15,1,8,94,7,5,1,55,0,16,2,0,6,42,23,13,8,49,73,109
cell35,0,9,0,16,0,12,0,79,15,22,8,68,5,0,29,2,42,7,224,9,4,5,6,0,0,5,2,7,6,1,7,0,22,22,21,104,55,27,6,10,12,28,6,58,61,5,3,14,0,21,9,21,9,47,25,11,6,3,34,14,28,13,2,0,13,2,30,22,13,15,74,1,0,9,7,28,8,6,0,4,4,9,14,2,11,9,41,108,7,5,14,6,2,83,1,1,2,46,0,14,5,0,3,63,24,15,9,33,162,162
cell36,8,16,1,8,114,8,0,71,161,17,2,71,1,0,14,14,57,17,84,8,0,6,0,2,0,2,0,20,21,1,4,5,34,10,48,104,94,39,3,0,0,14,0,33,48,2,0,15,11,9,7,30,5,92,43,11,2,22,44,3,16,36,1,0,3,0,39,15,22,0,93,7,9,11,5,38,16,7,0,9,5,3,12,14,25,3,43,158,4,14,23,0,20,181,2,0,4,73,8,15,4,0,0,62,18,8,8,36,60,111
cell37,5,3,0,5,2,11,0,82,88,8,4,45,0,0,36,4,39,7,64,1,7,1,0,0,0,3,0,2,20,8,7,1,26,11,38,178,70,33,6,4,0,31,5,74,59,7,4,32,6,0,4,24,1,48,51,6,9,6,30,21,21,44,7,0,1,2,47,17,10,0,84,19,0,9,16,57,12,1,1,10,6,18,19,9,26,15,29,146,4,1,20,0,9,128,5,2,4,49,7,23,3,3,3,28,21,6,17,30,72,247
cell38,33,6,0,4,159,15,0,67,148,11,5,30,0,0,42,13,55,2,562,6,0,3,1,0,1,3,8,3,10,1,24,2,32,27,38,106,78,48,7,5,7,31,6,63,45,8,61,23,5,2,4,28,2,65,34,11,5,15,27,5,13,16,5,0,0,2,45,12,20,3,94,12,1,7,20,40,24,4,0,19,8,10,13,0,29,7,36,137,1,0,30,0,15,135,0,0,3,50,0,8,0,0,1,40,25,4,17,97,82,189
cell39,1,95,8,27,640,43,0,336,2,6,9,64,6,0,56,5,40,6,16,0,6,0,0,0,9,17,2,71,10,52,13,2,17,11,22,5388,95,55,17,0,0,24,2,23,804,4,27,11,7,7,12,21,2,219,32,12,1,214,22,145,29,10,4,0,1,0,15,221,13,20,77,7,0,64,4,929,19,181,2,2,5,5,64,1,49,55,1,8337,127,1,20,0,3,43,1,7,5,33,1,6,15,4,0,38,22,8,14,259,7,21
cell40,0,0,1,7,37,21,2,82,108,1,8,54,2,0,26,1,47,3,44,3,0,0,1,0,0,5,2,7,17,6,15,0,15,14,45,200,59,7,18,3,4,30,9,39,65,0,0,38,0,19,6,24,1,68,33,11,2,9,20,27,17,62,9,0,0,2,43,26,25,2,103,9,38,23,4,58,11,6,0,9,0,15,12,0,52,11,48,205,0,0,25,0,3,82,4,0,8,50,1,15,1,0,6,53,19,12,13,17,45,175
cell41,0,45,7,6,9,53,0,263,0,6,5,70,1,0,33,6,51,6,30,0,2,2,0,1,3,1,0,30,18,22,9,2,10,6,42,6946,105,78,11,3,0,35,4,53,421,4,16,9,13,33,17,33,4,174,48,18,2,166,39,123,18,6,1,0,0,0,33,183,8,4,92,20,12,13,6,1239,4,75,25,5,6,6,32,3,47,64,11,8673,32,5,22,1,2,43,2,1,1,62,0,9,29,0,0,42,18,9,13,399,5,7
cell42,8,36,3,8,0,40,0,352,71,5,4,77,3,0,71,0,52,9,33,1,2,0,0,0,7,3,0,13,14,47,17,0,9,13,58,3726,91,96,12,8,0,37,4,95,670,6,0,11,13,7,12,34,2,91,55,17,3,174,31,88,20,6,10,0,2,0,41,231,14,4,107,11,0,27,8,989,4,139,1,6,1,6,68,1,32,86,12,8829,195,7,23,7,9,33,7,6,8,45,0,15,17,0,0,63,13,2,12,476,5,18
cell43,9,0,0,11,76,12,6,75,114,27,5,20,2,0,39,5,38,8,38,13,1,1,3,0,0,3,0,8,18,6,28,2,20,22,39,150,86,34,8,5,6,21,2,41,65,4,30,15,6,24,6,32,0,43,32,10,7,9,21,21,18,29,4,4,7,0,28,36,11,2,82,16,1,7,2,34,2,5,22,5,9,7,8,0,32,14,28,192,1,2,18,0,6,98,11,1,1,56,8,6,1,0,1,36,20,5,13,21,95,164
cell44,5,9,9,11,120,42,2,220,0,20,13,84,2,0,90,0,57,7,24,2,0,2,0,0,3,6,2,67,20,14,10,4,16,7,59,7841,100,117,8,12,0,56,5,87,571,12,15,9,8,27,17,47,5,76,57,19,6,148,51,123,28,24,12,5,0,0,45,208,17,9,133,13,3,65,12,1235,12,125,0,2,4,2,75,0,51,40,18,8439,72,3,25,0,2,52,5,0,2,82,2,15,2,0,0,51,9,4,6,246,13,12
cell45,80,12,0,6,0,13,0,75,6,33,14,52,5,0,88,7,144,15,543,161,10,0,1,2,65,51,1,8,40,0,214,25,191,119,74,50,108,316,43,5,3,102,7,142,38,38,244,19,23,19,14,81,10,1,91,36,20,6,97,4,95,61,13,0,107,2,71,10,10,8,375,36,0,3,96,40,27,6,0,13,10,2,23,0,113,20,27,86,0,1,58,31,8,408,4,5,11,140,0,13,0,0,4,51,17,0,4,10,15,896
cell46,8,39,13,45,446,31,0,313,110,25,6,98,0,0,79,0,76,11,42,3,8,0,0,0,4,7,0,61,19,56,8,1,16,3,55,8378,108,128,24,1,7,62,4,93,465,22,13,6,1,19,10,42,2,278,49,13,1,143,13,193,16,27,10,0,0,0,20,274,8,9,120,1,1,19,13,1179,5,165,0,1,2,9,41,0,60,43,16,8233,89,1,26,0,3,38,6,0,2,79,3,25,68,0,1,14,17,5,17,344,5,19
cell47,5,3,1,14,8,16,0,67,86,28,3,62,0,1,13,9,25,2,46,1,1,5,1,0,0,4,1,8,14,6,9,2,8,17,30,260,77,44,3,2,15,12,9,58,46,8,11,12,5,14,4,19,1,59,14,14,0,25,13,32,20,19,3,0,0,1,39,17,11,18,73,0,13,7,11,49,3,2,0,10,0,3,8,7,17,2,15,230,2,7,20,0,1,79,8,2,0,49,0,13,0,0,4,50,14,10,13,34,112,297
cell48,0,1,0,2,20,6,0,63,0,13,22,50,1,0,43,11,82,8,413,149,26,0,3,0,45,28,1,10,23,0,186,3,253,96,29,94,60,46,21,6,7,44,3,88,13,9,284,26,17,99,17,57,2,15,54,24,8,15,69,6,47,22,5,0,55,0,81,17,12,11,203,11,4,19,91,17,17,1,3,7,8,9,13,7,52,10,14,86,0,0,47,5,2,240,5,2,4,90,4,15,3,0,14,103,27,0,13,9,16,543
cell49,17,26,2,36,11,34,0,297,0,2,6,69,2,0,62,0,62,11,29,1,0,1,1,0,2,1,1,31,18,46,5,0,15,11,33,2744,125,120,21,14,0,53,6,49,743,16,17,8,19,5,13,32,3,187,50,22,2,188,63,129,24,20,7,0,3,1,44,196,13,10,105,39,1,40,8,1197,6,87,0,0,0,17,40,0,41,50,13,8570,85,2,19,0,0,98,6,0,5,76,1,18,12,0,0,24,15,12,2,194,7,25
cell50,10,6,3,4,134,5,0,60,136,72,12,64,1,0,98,11,148,8,107,105,12,3,0,2,27,34,1,15,31,0,337,41,231,92,38,45,111,94,36,5,6,80,4,166,17,17,299,30,25,159,24,63,2,0,76,31,6,16,74,12,106,46,15,2,64,0,68,11,21,25,320,19,0,7,70,26,1,2,0,4,4,13,14,2,75,13,19,62,5,2,63,0,0,285,1,1,20,118,1,38,3,0,1,87,26,12,14,27,53,771
cell51,0,0,0,15,12,48,0,288,102,6,3,102,8,0,66,0,76,10,29,1,6,6,1,0,7,7,0,40,23,31,11,1,19,12,31,7560,96,56,12,2,2,41,2,66,681,21,8,5,10,38,7,40,5,279,50,25,4,194,50,143,8,18,4,0,0,0,29,189,19,18,116,21,0,25,6,969,5,72,0,0,1,2,50,0,76,73,19,9262,100,1,14,25,7,41,5,1,6,71,1,14,23,0,0,14,15,1,17,258,7,12
cell52,0,0,3,4,272,59,0,309,0,1,4,90,1,0,71,2,61,10,34,2,1,0,0,0,5,6,1,78,19,25,11,0,13,14,41,6109,122,77,13,2,0,47,2,55,688,9,13,8,11,23,9,46,1,162,51,17,2,197,45,112,17,9,9,0,0,3,56,181,12,15,97,4,5,44,6,1280,4,262,2,3,5,3,63,3,32,47,11,8076,88,0,21,2,4,57,1,2,7,61,1,4,17,0,0,44,18,9,9,347,15,24
cell53,0,1,2,9,4,3,0,64,0,48,7,33,0,0,34,19,60,14,194,115,35,13,0,0,113,30,10,16,24,1,417,24,222,70,27,52,56,135,16,4,0,56,18,31,18,9,183,19,9,45,20,56,0,12,66,37,1,8,55,8,88,23,18,0,38,0,14,10,12,11,145,3,7,4,125,19,2,6,18,3,1,23,14,8,52,8,16,75,2,0,65,0,10,217,5,4,7,108,2,9,2,0,2,51,20,6,6,27,55,929
cell54,0,7,0,7,205,7,0,73,28,40,11,59,0,0,74,6,77,0,552,466,40,4,0,0,119,42,11,6,25,0,383,25,282,134,31,65,104,78,20,2,0,44,11,95,24,2,496,23,13,36,38,49,0,0,60,30,27,16,67,2,91,25,11,0,71,2,62,7,21,10,143,7,1,1,125,31,25,4,43,14,1,22,14,9,27,10,20,75,2,1,81,0,4,221,3,2,8,62,3,22,0,0,1,45,23,8,8,9,16,158
cell55,49,16,2,0,0,4,0,80,263,53,14,76,1,0,31,10,100,18,658,340,55,3,1,0,64,33,6,10,28,0,268,5,363,138,30,29,82,64,21,4,1,57,13,98,26,23,457,22,18,29,16,45,0,25,58,27,12,14,74,15,63,20,9,0,68,5,58,13,10,13,206,12,4,4,132,21,2,6,0,8,5,22,9,9,24,8,13,59,10,2,68,0,5,277,3,1,21,82,1,16,1,0,17,30,17,0,8,24,42,1123
cell56,10,0,1,15,558,36,0,326,66,18,14,108,1,0,83,1,63,7,38,3,9,0,0,1,6,1,0,42,18,45,9,0,8,6,43,4075,110,129,15,1,1,38,8,69,433,12,11,6,26,24,24,29,5,35,51,13,3,90,57,135,19,15,11,0,6,2,24,157,22,5,112,19,1,143,14,929,11,46,7,1,10,6,65,1,28,24,16,7653,156,2,23,0,9,70,3,3,16,56,0,19,46,0,0,37,23,3,11,322,4,24
cell57,12,0,10,3,106,21,7,256,0,3,6,105,1,0,68,0,52,4,36,0,4,1,1,1,4,6,0,39,16,55,10,2,6,13,17,6109,89,74,15,4,0,55,3,50,592,19,17,11,13,14,15,46,3,266,58,20,1,134,41,133,19,8,9,0,0,4,62,211,19,3,119,11,10,90,6,1181,9,79,0,0,0,8,72,0,37,41,14,8499,73,2,14,0,3,55,3,1,3,65,0,26,17,0,1,24,18,10,13,277,6,17
cell58,0,2,0,5,177,5,0,78,243,73,35,46,0,0,43,10,94,9,496,134,44,1,0,0,65,26,2,8,17,1,662,37,418,182,17,89,102,96,14,11,8,49,2,95,27,2,401,25,16,43,22,60,3,20,57,21,3,9,69,4,138,42,18,29,128,0,52,12,16,7,183,4,6,9,133,25,23,4,0,1,4,12,11,24,34,14,15,90,0,1,80,0,3,283,5,3,2,106,9,45,0,1,5,85,21,6,15,34,17,809
cell59,45,1,2,28,20,18,0,296,0,9,5,119,3,0,48,0,47,0,21,3,3,1,0,0,2,15,0,23,22,29,13,0,12,20,35,7819,95,33,11,5,1,44,2,66,349,9,8,10,7,11,5,32,0,31,49,15,5,138,28,139,18,18,5,1,1,0,51,257,20,9,90,18,1,106,2,1055,4,122,3,1,2,7,55,0,18,42,19,8235,61,0,19,2,8,76,0,0,19,80,0,10,39,0,1,59,16,2,6,35,8,9
cell60,0,3,0,8,4,14,0,66,145,22,5,36,0,0,38,10,52,1,415,3,0,0,1,0,0,5,4,11,11,0,27,9,40,25,34,162,85,45,2,7,0,44,7,66,51,2,47,51,25,3,8,31,1,39,39,15,12,15,18,7,24,29,7,0,64,0,30,19,21,6,110,8,6,11,13,35,14,9,0,13,13,8,6,13,20,8,45,166,1,1,34,0,6,116,2,2,2,58,4,24,0,0,1,32,20,5,10,83,54,118
cell61,0,58,18,8,131,34,0,301,92,1,3,109,1,2,74,0,67,9,37,2,2,4,0,0,1,1,5,62,29,16,7,2,14,12,32,4727,105,68,15,7,5,37,6,45,135,19,18,6,6,16,16,25,2,256,41,12,0,93,48,121,22,14,4,0,0,0,28,196,25,2,86,8,1,23,7,786,14,266,8,5,0,17,49,0,53,63,12,6879,103,4,28,1,2,105,0,0,22,59,2,24,84,1,0,16,19,0,9,406,12,15
cell62,3,7,2,15,155,7,0,73,135,26,26,56,6,0,71,10,58,13,98,64,10,9,2,0,44,16,27,7,20,1,222,9,281,125,14,91,71,100,17,6,0,37,6,77,25,23,316,24,16,27,17,48,2,13,61,33,8,17,70,6,76,24,6,0,91,2,32,16,8,22,163,20,8,9,67,48,29,3,2,4,6,17,10,5,20,3,5,100,1,1,38,0,2,107,5,1,14,91,0,26,3,0,0,109,25,5,9,27,43,1365
cell63,0,9,1,4,0,14,0,86,106,22,3,23,0,0,34,8,64,8,49,4,1,3,0,0,0,16,1,16,17,2,13,2,26,27,54,118,85,64,4,6,0,49,6,55,47,9,60,23,5,8,3,36,3,48,51,25,4,29,36,16,27,34,8,0,26,0,38,19,13,1,122,9,10,10,22,44,4,6,6,9,7,12,6,3,26,12,19,104,1,0,14,0,12,93,4,1,21,65,2,21,0,0,0,39,23,3,12,25,50,147
cell64,5,0,0,12,0,3,0,56,102,9,9,38,2,0,28,6,47,8,68,8,1,6,2,1,0,6,1,6,16,4,7,4,21,25,60,114,65,22,4,1,13,26,4,37,42,1,1,20,11,7,9,24,1,0,29,17,9,12,45,12,11,12,4,0,45,3,36,18,9,18,106,10,0,8,13,37,4,8,1,9,4,15,14,6,30,13,14,113,0,0,10,0,11,116,1,3,0,59,0,11,4,0,1,37,13,8,7,40,49,158
cell65,0,0,2,5,0,14,0,86,132,13,23,61,0,0,37,15,69,12,55,6,2,5,3,0,0,4,4,10,18,2,31,3,34,8,31,151,78,26,4,1,0,30,4,36,49,3,32,13,12,14,5,35,2,27,47,17,2,11,43,11,17,14,5,0,4,0,42,23,15,3,103,3,8,8,6,34,4,8,2,2,5,5,12,0,15,15,15,128,0,1,18,0,8,106,0,3,2,58,1,9,3,0,12,79,16,8,8,34,66,225
cell66,1,7,5,29,471,55,0,260,80,1,6,100,1,0,53,0,49,6,60,3,10,0,4,0,5,2,0,80,21,36,7,0,14,13,27,4474,70,56,14,0,3,35,6,56,646,2,12,6,7,3,15,13,2,92,30,14,0,135,24,105,22,18,7,0,2,2,21,127,5,13,74,15,3,5,6,1062,4,60,0,0,0,10,62,0,20,26,12,7467,29,2,23,0,2,28,8,2,6,49,0,4,14,0,6,43,28,17,6,141,9,7
cell67,0,0,1,1,69,13,0,54,72,7,8,44,1,0,34,10,48,2,70,6,2,2,0,0,0,5,2,5,17,3,29,8,44,17,26,107,48,40,5,4,1,24,3,40,28,4,10,5,5,11,7,33,0,43,38,10,0,5,42,12,19,23,4,0,4,4,28,11,12,5,72,8,0,9,14,31,1,11,3,6,2,5,8,0,27,14,14,81,5,0,23,0,9,97,1,1,6,43,1,13,2,0,1,37,22,7,9,16,51,73
cell68,2,4,0,9,74,4,0,98,90,1,23,64,0,0,51,11,64,9,50,11,6,1,1,0,0,18,5,5,18,3,35,2,46,35,23,128,77,48,9,9,1,41,5,63,34,5,22,12,9,2,2,28,7,91,41,19,17,17,50,19,27,40,8,0,15,3,45,16,21,5,80,5,2,9,24,40,14,2,0,13,2,11,9,6,45,3,12,125,2,5,20,0,8,162,12,4,1,59,2,24,4,0,0,33,24,19,11,54,68,115
cell69,0,3,1,3,218,2,6,59,190,25,7,70,2,0,65,18,65,21,341,137,16,5,0,0,14,19,7,2,13,1,255,30,292,130,29,91,92,94,17,11,6,42,12,57,5,19,35,22,15,80,9,48,1,58,60,31,6,14,64,8,133,30,12,0,78,0,55,17,10,19,165,8,3,7,103,30,44,7,2,16,11,19,14,18,40,11,43,69,1,4,55,0,8,107,9,2,7,86,10,22,4,0,1,75,22,4,10,21,58,374
cell70,0,0,0,1,130,4,0,57,21,14,3,66,4,0,20,9,59,1,567,177,14,12,0,0,33,10,0,4,21,0,217,14,330,136,29,52,57,32,15,7,2,34,12,44,24,2,316,30,4,5,14,31,5,64,55,16,6,14,50,9,88,36,9,4,61,1,28,17,2,6,100,14,2,17,94,32,9,5,1,16,8,13,13,11,43,10,23,60,3,4,60,0,10,232,10,0,15,73,0,17,3,1,6,78,27,1,11,25,61,843
cell71,0,0,2,3,0,1,0,74,93,16,21,91,2,0,37,3,88,4,95,133,13,16,0,0,52,39,0,10,32,0,255,8,197,74,45,66,88,90,23,4,3,43,8,79,19,4,130,18,17,54,10,55,0,40,47,29,3,13,69,5,87,31,16,0,74,3,38,23,19,7,145,13,3,8,37,21,8,8,0,4,2,11,14,7,49,16,22,92,2,0,59,0,11,193,3,3,12,85,2,18,7,0,8,41,18,6,5,26,37,363
cell72,0,3,0,13,175,2,0,60,173,43,3,77,4,0,49,10,112,11,80,94,32,9,0,0,43,14,4,8,24,0,214,26,216,65,32,69,107,88,17,4,3,50,4,88,37,2,0,19,4,70,18,58,1,34,59,33,6,23,63,10,89,18,5,0,65,3,58,10,15,13,225,19,5,4,74,37,23,4,0,5,10,53,18,7,22,17,13,86,2,2,44,0,5,426,10,5,5,102,0,28,1,0,10,35,21,15,19,30,38,580
cell73,0,0,0,4,99,6,1,79,111,10,13,59,13,0,34,5,43,10,93,3,2,4,1,0,8,10,1,6,15,3,37,4,48,22,13,107,52,39,13,2,3,25,13,71,42,4,98,16,7,5,4,24,2,3,52,12,4,21,37,5,21,25,4,1,12,0,44,18,7,2,108,11,4,5,20,30,3,5,0,1,3,15,9,0,48,11,25,108,1,0,22,0,4,56,2,5,7,59,4,23,3,0,0,59,14,5,14,41,55,201
cell74,0,20,10,42,0,60,0,412,71,5,8,77,0,0,29,7,50,4,26,1,3,1,0,0,1,11,0,58,14,103,12,1,11,12,27,9278,126,54,12,6,6,23,8,34,863,0,15,5,1,1,11,14,3,19,29,17,2,219,29,196,15,8,15,0,3,2,40,369,12,12,75,15,1,151,13,1219,3,89,34,0,1,2,74,0,28,46,17,7626,25,0,21,0,2,20,7,1,1,37,1,11,12,0,0,41,27,1,8,1039,7,8
cell75,52,16,4,5,1,12,0,77,107,31,11,31,4,0,16,5,36,4,82,15,2,0,2,1,26,2,0,18,13,2,63,2,35,55,50,119,87,25,11,7,1,30,1,49,43,2,31,3,3,20,10,28,1,73,38,16,1,29,42,18,46,32,9,0,36,2,35,25,17,5,100,4,1,5,27,49,8,6,8,8,4,6,11,3,40,8,16,120,0,0,16,0,5,90,2,0,10,58,0,16,4,0,0,20,20,6,6,47,61,129
cell76,6,0,0,3,0,12,0,69,116,13,1,58,0,0,17,4,28,2,85,9,1,7,0,0,2,3,0,11,7,0,33,9,85,56,22,103,67,46,14,1,0,23,5,28,45,1,106,26,8,1,3,23,0,15,24,14,15,19,30,14,36,29,4,0,65,0,33,17,4,18,78,4,5,12,18,41,9,6,0,9,5,12,4,4,38,7,22,126,5,2,15,0,5,82,2,1,2,39,12,4,1,0,0,33,22,5,3,11,81,157
cell77,7,8,1,18,157,18,0,74,98,14,1,64,2,0,21,9,53,8,67,17,6,4,1,0,16,12,4,11,17,6,54,4,56,35,23,81,68,7,14,5,2,20,3,47,41,1,79,12,3,6,3,15,1,46,21,13,7,26,22,9,49,4,2,0,0,0,21,11,9,11,64,4,0,4,40,42,5,8,0,15,2,10,13,4,17,10,10,117,2,1,22,21,13,29,5,3,2,31,0,7,7,0,0,25,24,11,17,43,50,335
cell78,0,0,0,8,11,8,0,87,0,42,5,66,1,0,70,4,104,5,61,103,19,7,0,0,64,24,1,8,20,1,139,33,108,95,52,63,87,63,24,3,2,51,9,106,32,4,241,29,10,29,15,66,1,89,82,19,2,20,84,8,56,18,8,0,25,2,76,17,11,4,187,10,2,10,91,19,4,2,0,3,6,30,20,3,55,17,21,82,4,3,57,0,6,459,1,2,8,61,1,33,4,0,0,20,27,2,17,19,32,1351
cell79,8,2,0,10,0,10,0,78,85,22,0,49,1,0,35,7,30,5,122,2,3,9,4,1,0,8,0,2,31,4,66,4,70,36,9,112,72,39,12,3,1,32,10,31,22,1,1,9,4,13,4,25,2,64,34,17,8,11,31,16,64,28,7,1,43,0,20,15,7,14,62,3,5,7,24,39,4,2,12,9,0,8,15,8,24,9,13,141,1,3,26,0,16,80,1,3,6,59,11,3,1,0,0,30,23,6,10,16,38,354
cell80,15,5,2,5,12,0,0,66,138,20,0,59,11,0,35,11,72,17,93,28,11,5,0,1,50,18,2,6,22,0,199,23,165,42,28,65,82,84,18,9,0,63,5,62,29,8,1,20,5,48,22,38,0,16,60,25,7,5,58,8,67,33,7,0,70,1,66,5,8,7,144,4,0,1,38,17,17,4,48,3,7,17,12,10,39,10,32,69,7,2,54,0,6,160,1,1,16,85,1,9,3,0,1,27,20,13,43,70,10,570
cell81,23,90,0,8,716,71,0,440,106,17,9,102,1,0,29,1,42,0,26,1,3,3,0,0,3,6,1,63,21,82,11,0,16,7,27,8753,134,35,11,1,13,18,3,19,1451,5,17,9,4,20,11,20,4,108,30,12,3,316,15,345,17,10,7,0,0,3,21,441,11,0,69,9,14,202,13,2539,4,73,0,5,0,5,104,0,21,44,17,7974,128,1,17,0,11,25,3,1,6,46,0,13,51,1,0,39,16,6,9,525,8,11
cell82,3,0,1,30,20,122,0,467,87,7,5,118,2,0,55,0,49,3,49,7,10,5,0,0,1,2,0,128,17,16,5,1,17,8,32,7516,91,59,12,4,2,18,4,14,787,6,1,8,5,38,6,24,0,273,22,7,1,154,29,156,14,20,3,0,0,0,18,290,13,15,77,9,1,25,3,2794,11,55,4,5,1,5,86,2,9,54,22,7386,34,2,23,0,2,27,10,0,4,49,0,4,57,0,0,51,21,15,7,556,5,14
cell83,16,10,0,1,48,14,0,73,113,10,7,56,0,0,42,12,38,2,78,1,13,5,0,0,0,24,8,1,9,1,31,6,55,43,31,134,86,62,11,5,4,27,6,66,48,3,98,15,6,5,5,22,1,1,32,11,4,9,33,10,34,25,1,0,0,5,32,21,19,3,92,8,2,13,13,43,4,9,0,16,5,16,7,2,47,7,9,115,0,2,15,0,3,54,2,2,6,57,6,8,3,0,0,54,13,15,10,61,61,286
cell84,5,7,0,0,21,13,0,72,122,9,6,50,3,0,12,7,43,13,55,3,6,0,1,0,0,9,1,14,22,1,50,2,34,27,44,101,78,37,14,5,1,46,5,40,48,1,43,31,4,18,3,23,9,3,57,15,1,14,48,7,31,33,5,5,0,0,39,11,8,2,102,5,1,4,20,42,7,7,0,13,4,8,13,2,30,7,13,147,1,0,14,0,6,49,4,3,0,61,0,23,5,0,0,52,26,8,11,59,63,275
cell85,0,94,5,25,443,32,0,285,5,0,8,107,0,10,45,0,43,6,40,1,4,0,0,0,3,2,3,27,18,25,12,0,8,15,32,7640,91,35,6,6,1,23,6,60,1410,4,11,4,10,26,17,29,3,150,49,11,2,231,17,204,19,9,5,0,2,0,32,219,21,14,76,9,9,121,11,2403,4,58,1,2,2,4,108,0,29,59,10,8272,37,1,18,0,6,15,9,2,3,19,0,7,37,0,1,45,22,11,6,735,0,20
cell86,0,0,0,1,0,14,0,73,94,11,2,58,0,0,23,4,52,4,59,32,2,0,0,3,0,11,0,19,19,13,21,3,37,46,33,194,105,46,3,5,4,36,3,49,32,6,85,13,12,3,6,49,5,51,36,12,5,19,42,8,23,33,18,0,8,3,33,19,17,5,80,4,6,15,8,62,4,7,0,10,0,11,15,1,30,10,15,187,3,1,22,0,1,57,1,3,15,49,4,9,4,0,0,42,18,5,9,37,29,331
cell87,0,0,14,2,260,96,7,353,23,8,6,89,4,11,45,0,49,3,40,3,2,4,0,0,2,0,2,79,20,17,12,1,9,2,20,5013,92,54,8,3,0,24,5,21,1505,6,22,9,4,22,18,18,0,5,35,10,1,223,23,61,16,9,8,0,0,0,14,305,19,12,74,4,13,25,7,1758,3,61,0,1,2,4,76,5,29,33,20,6935,66,2,25,0,4,32,2,1,7,59,1,3,29,0,0,26,12,5,6,712,9,21
cell88,0,0,0,7,3,15,0,91,139,12,6,37,4,0,37,11,43,4,208,2,1,0,1,0,1,16,0,14,26,8,16,7,39,41,34,105,82,38,11,4,1,44,3,77,59,3,14,12,7,26,4,26,1,12,40,17,2,27,40,26,29,25,3,0,41,0,45,39,6,4,93,13,0,8,25,42,8,10,3,13,2,4,9,0,18,2,22,195,4,2,21,15,13,73,3,1,6,71,7,5,2,0,0,19,17,9,4,39,31,243
cell89,0,0,0,5,123,11,0,66,129,18,8,51,1,0,27,7,57,4,95,8,1,11,0,1,6,14,0,9,21,0,10,3,34,29,28,112,90,45,3,8,0,39,10,50,73,4,64,10,9,3,4,25,5,70,57,10,3,29,39,14,13,31,5,2,20,0,45,31,11,7,99,16,3,2,17,65,4,14,11,13,6,10,6,1,47,14,7,212,3,2,16,0,5,51,7,1,2,43,0,7,5,0,0,54,17,6,6,14,23,135
cell90,1,3,0,31,162,63,0,289,80,4,6,88,1,0,48,2,33,10,24,5,1,0,4,0,3,16,0,29,13,28,14,2,13,11,35,4334,110,53,11,6,0,14,4,48,1000,6,19,5,1,14,21,31,3,202,38,13,2,213,25,205,21,9,2,0,3,1,22,261,13,2,78,5,38,161,4,1483,1,22,2,1,0,2,43,0,29,38,14,7840,27,1,14,0,5,26,8,1,3,57,0,9,27,0,0,48,17,5,4,632,9,15
cell91,40,5,0,6,17,7,0,71,194,16,25,51,1,0,44,16,102,6,96,391,48,4,0,0,38,15,0,13,25,2,557,3,294,127,43,87,101,93,24,13,6,65,11,96,22,13,339,33,26,86,25,48,1,77,58,34,1,23,83,10,108,9,21,0,65,7,82,15,10,11,197,8,7,12,97,31,14,17,0,0,3,16,19,12,47,12,21,76,4,4,70,0,5,286,5,3,2,103,0,26,3,0,0,61,23,7,19,47,19,429
cell92,1,3,0,8,24,12,0,63,50,17,6,43,3,0,13,12,39,16,117,4,1,3,1,0,0,5,0,11,16,7,34,1,39,29,38,116,72,73,3,0,1,25,2,54,74,6,66,9,9,1,19,24,13,1,45,14,2,20,26,24,35,25,2,0,4,0,34,24,21,10,81,2,8,15,15,57,6,6,5,8,3,5,9,0,30,9,17,239,2,1,17,0,3,58,3,1,3,61,2,8,3,0,0,21,13,13,11,72,50,178
cell93,8,0,31,8,662,60,13,350,84,1,1,112,2,0,18,0,36,2,50,0,2,9,0,0,11,4,1,51,16,50,10,2,6,9,15,7657,95,64,7,1,0,26,6,53,1323,2,19,9,1,34,5,22,0,172,36,13,2,141,30,135,19,1,8,0,2,0,14,270,7,5,81,6,6,36,8,2168,15,212,4,1,1,2,129,5,22,56,18,8408,54,2,24,0,1,51,3,4,1,51,2,10,3,0,0,21,14,9,16,1119,3,21
cell94,0,35,3,14,21,61,0,384,109,1,7,82,0,0,44,3,40,0,39,3,2,1,0,0,4,1,0,83,17,46,11,1,6,18,26,6642,101,39,14,4,0,34,4,37,1246,3,1,6,1,26,13,25,0,16,36,12,0,199,26,183,16,1,6,0,1,0,33,290,20,9,75,7,7,51,5,2623,3,34,5,1,10,8,117,0,28,46,12,8212,70,3,21,0,3,44,7,0,8,55,0,8,29,0,0,21,22,0,6,384,8,13
cell95,0,21,0,1,169,9,0,83,245,19,13,68,2,0,63,15,116,8,97,160,29,5,0,0,70,34,1,14,18,0,231,18,288,145,56,67,99,24,19,14,6,58,14,120,16,9,150,13,9,37,16,38,4,0,61,16,14,22,57,10,102,36,17,0,75,4,70,12,29,20,191,28,2,4,133,14,19,8,0,1,2,8,14,1,61,12,22,73,12,0,56,0,7,407,10,3,17,115,2,41,2,0,0,44,23,9,13,37,10,771
cell96,6,2,0,12,1,5,0,60,190,35,17,61,15,0,54,20,90,8,105,286,27,3,0,2,46,34,14,9,27,1,195,15,332,112,9,65,80,100,9,13,7,50,6,137,17,12,339,34,9,55,11,45,5,21,64,26,13,8,77,10,48,36,5,0,87,0,72,12,23,8,178,9,5,9,99,13,4,9,0,1,3,2,10,7,65,10,8,62,1,4,63,0,8,315,3,0,8,61,1,54,2,0,0,86,28,4,25,51,21,791
cell97,0,17,1,7,79,18,0,71,105,23,7,42,1,1,15,0,54,16,82,29,9,3,2,0,0,13,4,7,14,7,26,6,56,40,36,225,64,34,8,7,0,19,4,45,54,5,61,8,0,13,5,28,1,56,33,24,4,32,42,20,39,32,1,0,45,0,40,20,18,6,89,19,0,15,28,76,11,7,0,11,3,1,15,1,31,8,15,257,3,1,16,0,11,56,4,1,1,36,4,10,4,0,0,53,14,9,13,60,68,268
cell98,0,1,3,59,0,70,3,444,0,29,14,95,0,0,72,0,48,3,32,0,2,1,0,0,1,10,0,94,9,20,6,1,14,25,30,7633,61,93,16,2,3,30,3,64,730,11,21,9,14,28,11,25,4,98,35,19,1,297,17,222,18,8,5,0,0,2,33,288,14,13,84,13,0,198,5,1908,8,112,32,2,9,4,128,1,31,33,11,8065,28,1,22,0,4,36,9,2,5,80,0,9,34,1,0,24,22,7,6,1227,8,23
cell99,0,5,0,12,110,2,0,84,160,49,11,69,3,0,39,7,64,5,93,155,37,1,0,1,88,13,0,6,22,0,227,19,235,162,34,67,94,21,19,3,2,52,13,51,22,10,361,33,21,68,14,39,3,26,62,15,2,6,80,8,78,18,8,2,126,2,40,11,19,4,117,22,1,2,53,17,6,2,0,1,5,10,12,7,45,23,23,54,7,0,55,0,8,259,3,0,23,74,6,52,3,1,1,40,20,6,37,29,43,614
cell100,11,43,5,37,402,103,11,400,0,10,3,123,0,0,21,0,55,4,28,0,8,10,0,0,6,1,0,76,12,22,7,1,21,9,26,5631,81,55,17,6,7,16,3,43,1049,11,6,8,2,5,11,13,4,82,43,20,7,279,30,411,26,11,8,0,1,0,25,374,20,11,94,12,2,24,5,2844,1,84,0,2,2,8,82,1,14,40,8,8102,10,3,17,0,0,45,2,2,6,50,1,4,30,0,1,20,17,9,19,413,11,10
cell101,48,5,1,5,185,12,4,69,0,43,8,77,3,0,39,17,85,25,205,145,18,8,0,0,50,68,0,4,35,0,516,28,320,164,38,22,94,82,19,6,0,51,11,79,21,2,398,21,17,37,39,56,0,2,55,30,12,7,66,3,126,22,27,0,121,3,80,17,5,11,207,6,1,15,91,24,9,10,36,1,1,7,15,8,44,14,41,76,12,1,48,0,8,362,7,1,3,106,7,26,9,0,10,16,27,8,12,6,32,627
cell102,43,16,3,9,118,30,0,382,96,3,5,76,4,0,37,5,52,3,22,2,3,7,0,3,1,9,0,60,14,44,13,1,9,12,25,3616,88,94,19,2,5,32,0,30,1329,0,26,6,10,11,9,19,2,46,42,16,5,276,31,153,21,6,10,0,2,8,22,200,21,9,108,7,3,72,6,2312,8,109,0,0,1,3,146,3,26,38,10,8216,56,2,24,1,6,14,2,0,15,60,0,7,41,0,0,24,23,8,10,818,12,17
cell103,10,1,1,5,64,16,1,88,150,21,2,54,1,0,18,1,24,1,143,47,0,3,1,1,0,9,1,8,10,6,87,7,75,62,27,93,87,22,4,7,0,13,1,30,72,8,57,22,10,3,1,22,3,6,30,14,2,35,29,33,78,40,1,0,30,2,39,24,10,7,69,10,20,7,22,81,2,3,0,10,11,8,10,3,14,18,14,309,6,3,14,0,6,68,2,2,1,37,3,3,4,0,0,43,19,12,17,28,85,298
cell104,0,2,3,7,244,9,0,87,144,8,3,52,0,0,2,11,31,3,405,9,9,4,1,0,2,10,0,5,15,13,95,6,94,73,24,319,98,34,3,9,1,16,1,34,86,1,6,16,9,11,5,13,3,12,28,15,5,36,17,47,64,10,2,0,59,1,29,40,3,9,57,13,13,17,34,81,7,4,0,7,6,9,18,4,28,17,18,271,4,2,45,0,6,63,9,1,0,40,7,14,3,0,5,31,14,13,11,13,52,269
cell105,0,1,0,11,0,8,0,67,0,34,6,79,3,0,36,26,142,10,85,221,52,0,0,0,74,1,4,17,39,0,174,4,301,167,24,58,100,215,19,4,1,58,7,135,17,1,363,16,2,50,9,55,5,100,81,29,7,20,74,9,79,9,8,9,79,14,89,7,20,11,243,10,2,1,90,32,27,4,0,5,4,15,15,5,26,12,12,85,11,0,55,0,5,316,5,4,2,126,6,31,1,4,4,24,34,4,8,17,17,1340
cell106,1,4,1,3,1,19,0,105,62,14,3,43,2,1,18,13,41,8,60,10,8,1,1,0,1,4,3,3,15,9,49,21,126,46,22,374,82,23,3,1,0,12,2,29,65,4,118,32,6,9,1,20,1,56,25,11,4,32,28,29,40,22,3,0,45,0,11,38,7,7,63,5,8,20,50,109,21,4,0,5,7,3,22,10,27,10,12,353,2,0,30,0,11,45,4,0,2,33,6,11,5,0,2,18,26,13,13,75,82,311
cell107,1,2,0,17,633,73,0,410,0,35,0,119,3,0,13,0,37,2,17,2,5,2,0,3,4,5,2,64,20,40,2,0,14,8,16,7550,122,72,14,1,10,26,2,27,1378,2,2,7,1,11,10,20,0,134,30,10,1,269,24,188,16,13,7,0,1,1,25,347,9,5,79,8,67,95,7,2492,8,60,0,3,6,4,124,4,30,51,13,8339,18,1,20,0,3,34,3,3,2,40,0,5,8,0,1,23,17,1,4,469,10,15
cell108,3,11,1,0,5,1,1,88,246,46,8,36,4,0,113,11,108,9,105,159,11,2,0,0,111,40,33,20,29,1,122,31,317,147,48,93,93,144,26,6,6,64,5,62,34,6,361,18,16,20,14,65,5,120,44,23,5,8,72,2,131,25,12,0,33,7,46,12,18,12,211,2,8,5,86,34,7,10,0,3,1,33,9,7,25,5,28,81,7,4,62,0,5,168,5,0,10,88,1,32,12,0,15,64,23,6,8,27,31,789
cell109,8,1,0,1,2,3,0,72,24,16,2,30,2,0,50,17,117,8,194,136,5,0,0,3,163,14,7,15,29,1,391,51,328,171,69,37,107,200,20,9,0,74,11,73,18,20,172,53,12,12,3,57,0,3,69,25,11,20,98,3,99,56,25,0,107,2,100,12,11,17,262,16,2,5,169,20,4,22,2,0,12,15,15,10,62,12,14,82,11,0,58,0,0,194,11,3,0,105,1,44,1,0,0,48,19,6,14,35,46,640
cell110,1,63,5,26,6,36,0,430,0,26,2,103,1,0,24,4,43,9,26,0,6,1,0,0,9,16,1,60,24,41,11,2,8,13,12,5947,102,57,16,3,1,24,5,45,1396,3,23,12,6,13,16,19,3,101,25,9,6,194,13,107,18,10,10,0,8,0,15,338,25,9,50,9,3,204,7,2726,5,60,24,3,1,5,65,2,14,73,4,7753,39,3,20,0,11,27,8,0,1,30,0,4,47,0,0,24,20,12,11,702,5,13
cell111,35,42,2,37,71,84,0,395,86,3,4,113,3,0,27,4,30,4,17,2,3,0,0,0,2,6,0,46,11,79,10,2,14,13,21,8106,96,46,13,0,0,20,3,47,1330,9,3,12,4,8,16,25,1,162,33,16,0,91,16,236,22,13,8,0,10,0,31,402,9,12,49,4,41,133,3,2019,4,125,0,1,2,2,49,1,15,40,17,8701,38,0,14,0,8,39,4,0,4,46,1,9,21,0,0,26,21,2,5,722,1,15
cell112,6,0,1,5,425,11,0,89,243,38,15,102,18,0,67,23,149,15,469,251,28,17,0,1,24,34,0,13,44,1,481,27,233,139,32,56,121,106,19,14,9,60,17,109,28,4,453,36,21,28,22,45,9,90,86,31,3,9,96,6,128,67,14,1,106,0,65,12,9,5,315,0,0,14,163,25,21,23,3,2,9,16,16,16,95,22,17,98,17,6,71,23,12,146,6,2,11,128,7,16,3,0,5,22,30,9,2,35,34,694
cell113,168,7,0,6,3,5,0,99,357,45,1,90,8,0,115,34,144,34,104,109,11,2,1,1,105,44,0,7,33,0,629,31,383,156,46,45,111,151,18,4,0,52,12,77,22,9,456,42,9,113,21,60,7,44,66,36,1,23,88,9,76,60,12,0,110,0,20,9,4,20,274,34,0,2,130,31,25,13,0,1,13,8,21,10,86,16,16,74,2,1,42,0,8,358,10,1,19,113,2,30,2,0,0,71,16,0,10,21,42,400
cell114,16,1,1,7,0,7,0,100,264,9,8,74,10,0,97,6,143,7,99,147,11,18,0,1,73,11,9,10,46,0,292,32,205,127,68,40,113,105,19,8,0,53,0,113,25,4,347,45,9,44,3,63,0,80,93,29,7,19,95,3,94,66,6,0,59,5,46,14,14,18,302,12,2,5,112,26,13,25,0,2,3,13,21,4,64,20,24,82,19,6,49,0,6,339,2,1,23,99,1,6,1,0,2,56,19,11,15,39,73,476
cell115,30,13,7,6,199,53,1,314,88,29,9,122,1,43,15,16,40,2,19,0,3,0,0,0,9,8,1,99,21,11,6,1,16,17,26,3593,91,56,18,4,1,18,3,50,1394,3,17,5,4,17,15,23,1,246,26,14,0,290,28,127,27,14,6,0,0,1,19,290,18,1,75,3,21,212,5,1877,6,100,4,3,4,4,79,0,30,47,12,7894,59,2,16,0,3,34,0,0,6,40,0,10,15,0,0,50,16,5,12,682,9,8
cell116,0,5,0,9,20,3,0,99,122,23,31,72,7,0,13,20,112,4,111,146,19,6,0,0,114,18,31,11,31,0,235,22,341,127,26,40,96,136,13,25,3,64,9,81,29,4,42,33,19,12,18,56,7,43,83,26,12,13,80,5,92,16,10,0,22,1,39,12,9,20,236,30,0,12,94,45,10,20,0,2,6,12,20,18,23,23,21,94,3,0,39,0,4,190,2,3,3,116,1,10,4,2,2,72,21,1,36,26,38,1058
cell117,16,15,2,8,3,3,0,87,255,64,2,44,7,0,97,22,140,10,913,318,3,0,0,0,41,43,25,7,28,0,671,17,408,89,56,44,96,40,13,5,19,55,9,128,28,8,510,25,9,60,13,48,1,100,70,27,5,25,89,1,96,45,17,0,65,0,57,14,14,15,182,26,16,8,48,27,12,16,36,4,9,21,19,22,92,24,17,77,9,3,75,2,13,311,1,3,4,91,13,22,5,2,5,66,16,12,15,33,73,127
cell118,0,1,1,2,209,6,0,91,174,40,8,35,3,0,35,8,168,4,115,119,3,2,0,2,79,31,10,10,25,1,372,30,240,112,51,96,87,183,21,7,9,68,18,71,30,17,125,43,30,39,12,69,3,76,77,21,1,19,74,9,66,20,31,0,114,2,27,13,22,13,253,23,0,8,112,36,14,22,0,0,5,21,24,2,16,41,21,73,3,3,49,0,6,192,6,3,6,124,9,32,3,0,2,12,21,6,13,41,61,790
cell119,21,0,0,14,148,75,0,361,89,1,0,145,0,67,21,5,37,9,29,1,5,0,0,0,12,2,0,123,15,39,7,0,21,6,23,5460,84,63,16,8,2,24,4,41,1542,0,0,10,18,23,6,23,3,20,37,16,3,262,11,310,18,8,5,0,0,0,18,357,2,4,82,1,65,80,7,4412,9,48,0,1,1,11,112,3,33,26,21,8836,17,2,16,0,3,43,4,2,2,62,2,10,16,0,0,24,17,11,14,380,7,8
cell120,15,7,0,3,0,9,0,80,138,13,5,53,6,0,26,0,42,4,60,44,2,2,4,1,0,11,1,13,11,0,141,22,143,64,35,118,90,55,4,3,1,26,2,65,44,2,51,21,10,13,9,24,3,1,40,8,10,24,34,20,44,29,8,0,24,2,26,27,13,7,60,11,1,17,42,59,18,5,0,7,6,2,14,0,35,11,11,171,5,4,24,0,7,51,6,1,4,44,1,8,4,1,0,68,9,11,5,9,111,152
cell121,0,0,0,1,129,8,0,88,270,66,35,63,10,0,64,19,149,6,136,108,1,4,0,6,30,43,11,9,38,1,388,52,393,138,37,89,105,246,26,21,3,68,3,157,35,10,441,38,33,66,10,78,4,51,78,26,9,11,84,5,135,33,21,0,24,5,77,10,15,20,273,6,0,6,110,34,5,31,163,0,4,16,18,23,53,41,38,86,2,4,54,0,7,230,1,5,1,125,17,24,7,0,0,18,18,4,16,28,62,343
cell122,1,5,0,9,0,3,3,93,388,42,27,68,14,0,85,31,170,10,583,199,1,4,0,1,123,39,20,10,38,0,469,23,311,203,37,83,62,182,14,10,7,58,8,183,23,13,524,25,14,3,16,65,10,1,75,31,3,11,88,12,110,58,25,1,151,5,64,11,22,18,250,31,1,8,53,40,7,12,44,5,7,22,13,13,81,22,24,78,11,0,59,0,10,212,7,2,0,122,0,34,3,0,0,133,22,15,8,50,35,800
cell123,3,8,2,4,3,6,0,63,127,16,9,36,0,0,23,2,39,2,80,21,10,0,0,0,43,14,2,19,25,3,165,11,117,55,32,60,57,8,0,12,0,23,2,63,29,4,137,20,3,11,3,27,4,56,40,14,5,10,24,8,87,23,8,0,60,0,19,9,14,12,83,19,0,1,37,45,8,2,17,10,2,8,2,4,20,2,25,86,10,3,24,6,5,34,4,1,2,48,11,20,3,0,0,28,17,9,5,50,45,155
cell124,1,5,0,15,248,58,0,372,130,34,4,129,0,0,34,15,55,15,21,2,7,3,1,0,3,9,0,70,14,93,13,2,7,11,37,2059,103,110,18,6,3,47,2,18,1726,6,20,4,11,0,12,37,2,30,52,32,3,120,23,250,19,10,9,0,2,0,43,486,18,5,125,24,4,23,9,4322,6,21,40,1,0,11,133,1,23,40,12,7799,47,1,15,0,8,41,5,0,6,75,2,16,9,0,2,19,17,1,15,266,7,11
cell125,0,89,8,24,103,34,0,411,19,20,12,149,0,0,38,2,68,3,36,0,3,0,0,1,8,10,0,102,18,25,6,0,11,11,22,5150,121,101,10,0,2,41,3,50,1654,7,3,9,3,13,15,37,2,281,38,10,0,307,46,272,15,21,11,0,0,0,57,523,11,4,104,19,26,122,7,4491,2,49,0,0,2,12,90,0,19,39,9,8195,33,5,9,0,1,72,4,1,10,65,1,8,40,0,0,13,10,4,5,176,6,14
cell126,20,14,1,11,0,14,0,98,240,60,19,61,3,0,63,16,93,25,279,46,19,1,0,0,16,30,4,5,37,3,222,20,172,125,10,56,89,132,24,4,0,46,4,88,42,30,14,18,25,78,9,54,7,20,82,35,2,33,80,5,92,46,21,0,86,3,61,13,18,11,194,15,6,5,140,26,12,28,5,2,13,10,19,15,62,17,22,103,22,4,43,0,3,214,7,1,3,114,0,19,3,0,0,34,25,8,20,27,51,964
cell127,4,0,1,36,562,63,0,326,91,17,5,97,4,0,49,8,46,1,16,3,5,1,0,0,0,11,0,112,13,40,6,1,16,15,26,7174,103,36,5,1,0,33,3,26,1164,4,3,3,7,3,12,26,0,85,44,17,1,102,32,211,18,17,15,0,0,1,28,271,17,0,98,7,30,99,3,3927,7,32,4,2,3,24,113,1,31,40,8,8201,44,1,18,0,1,28,0,1,4,54,0,14,34,0,1,40,27,6,9,644,9,15
cell128,6,5,6,8,9,11,0,97,342,74,18,102,7,0,39,16,142,20,220,251,27,6,3,4,173,15,28,12,33,1,601,67,408,143,47,59,127,58,29,9,25,66,7,141,20,20,437,36,9,18,20,60,1,27,69,33,1,17,94,13,123,77,28,0,134,0,56,15,8,16,273,23,1,4,118,42,13,14,68,6,5,24,18,6,62,32,21,83,6,0,56,5,12,285,2,0,3,87,0,21,1,0,0,149,23,12,11,6,66,725
cell129,10,2,0,5,273,11,0,83,161,16,3,38,0,0,27,2,58,2,461,62,7,1,4,0,18,22,4,8,18,2,202,14,270,84,40,96,87,20,8,4,0,44,5,58,33,0,331,21,17,20,12,20,0,50,43,10,1,19,52,7,88,51,6,0,99,3,41,21,11,6,85,16,0,5,85,56,25,7,60,14,0,15,19,12,51,10,15,116,5,6,48,0,5,137,5,1,3,64,12,12,1,0,0,68,18,4,4,29,46,139
cell130,102,5,1,5,17,6,0,78,160,23,20,54,0,0,61,12,96,4,257,294,13,1,1,0,103,31,2,6,34,0,236,2,358,123,44,29,77,92,16,2,19,66,12,118,34,2,86,30,20,33,22,60,7,16,73,39,11,8,69,2,87,31,6,0,75,6,65,12,7,11,199,2,5,5,104,36,24,25,0,8,9,12,15,16,59,36,42,93,20,5,65,2,7,321,4,0,0,93,5,26,3,1,0,190,23,15,12,16,42,942
cell131,0,1,4,27,540,64,0,431,87,27,15,137,1,0,10,1,76,3,52,6,4,2,0,0,0,4,2,78,21,26,5,1,15,6,46,3099,135,58,19,0,14,37,5,84,1634,9,19,6,15,40,2,41,0,193,41,19,3,321,42,268,21,21,15,0,12,1,31,331,10,10,116,11,2,94,10,3758,2,20,7,2,1,4,116,2,33,42,13,7831,15,6,19,0,7,77,4,2,9,48,0,7,21,2,1,41,16,6,7,1119,4,13
cell132,0,1,7,1,0,1,7,86,276,45,3,62,1,0,36,4,99,12,731,268,26,1,0,0,38,26,2,15,25,1,229,85,391,107,41,67,110,107,18,18,0,50,18,95,40,26,477,34,15,47,30,42,0,7,75,28,9,8,75,10,127,30,17,0,117,2,80,13,18,5,200,6,3,7,183,33,6,13,0,9,4,5,16,16,94,21,4,101,18,0,72,6,6,140,3,1,8,105,18,17,1,0,0,94,36,4,15,22,65,1600
cell133,6,15,18,19,0,58,0,576,6,2,0,154,2,0,55,9,65,17,48,2,2,7,0,1,0,9,2,69,19,53,6,1,20,9,37,4481,151,56,10,2,1,40,5,68,736,5,8,19,5,6,12,35,5,445,37,11,0,274,22,248,14,21,11,0,0,1,50,289,16,11,105,7,4,81,5,3151,1,118,0,9,5,6,128,0,10,44,12,8204,34,1,21,1,9,61,2,2,4,56,0,12,28,0,0,21,14,5,8,392,4,10
cell134,92,0,1,14,1,10,0,76,155,18,11,27,0,0,49,11,41,8,467,10,17,0,0,0,128,15,2,8,24,2,275,40,349,165,33,86,86,72,4,8,19,44,3,20,25,4,434,40,10,4,4,22,0,61,50,12,3,12,51,4,99,48,8,0,56,0,24,20,18,9,113,8,0,6,56,58,47,5,0,22,3,18,25,2,26,9,10,91,2,1,40,2,6,88,7,1,13,57,0,1,1,1,0,62,13,6,20,22,49,164
cell135,0,0,2,21,18,5,0,93,276,24,14,84,2,0,79,14,160,16,141,150,32,6,0,3,111,34,0,8,39,0,594,29,242,161,34,104,100,147,17,6,10,61,11,172,38,14,417,34,7,32,22,71,8,65,93,28,10,13,81,12,106,11,27,0,57,1,57,13,11,6,264,18,2,10,115,48,8,31,0,1,1,25,20,15,93,23,24,99,4,1,64,0,7,127,2,3,9,122,4,12,2,0,0,35,20,14,17,7,73,815
cell136,0,3,0,10,69,18,0,74,191,23,14,41,1,0,5,3,71,5,111,33,12,1,0,0,95,31,1,4,19,2,241,75,298,75,44,60,120,27,26,9,5,49,11,70,35,6,339,18,5,34,3,35,9,84,56,17,19,8,39,14,72,40,8,0,37,0,56,4,11,7,117,4,1,7,74,41,4,4,5,6,5,14,13,3,41,7,23,74,5,1,33,0,6,113,13,4,8,81,0,25,3,0,0,29,17,14,10,24,111,292
cell137,0,0,2,9,169,3,0,112,224,29,26,100,4,0,116,17,134,15,132,228,3,5,0,1,58,17,7,7,34,0,272,26,338,166,70,96,120,166,29,13,3,67,13,101,38,25,323,26,12,27,8,66,6,0,80,23,1,11,68,4,104,36,22,0,49,1,52,11,14,25,256,30,0,7,107,47,21,45,96,1,1,28,13,11,42,9,14,110,7,3,55,0,1,389,3,1,10,129,4,25,1,0,2,230,22,0,12,12,99,619
cell138,0,20,0,6,86,4,0,93,237,27,12,49,1,0,84,16,83,9,153,169,3,0,0,0,59,14,4,2,36,1,475,48,313,100,45,120,89,168,15,3,0,69,20,118,39,4,469,19,34,23,9,61,1,22,63,25,3,17,71,9,105,20,10,0,49,0,47,10,15,24,231,31,0,18,100,52,3,28,78,4,4,6,14,6,24,33,17,115,11,3,51,1,7,282,2,2,14,66,4,20,2,0,0,138,26,8,13,27,95,584
cell139,0,4,0,8,247,17,0,68,144,7,3,37,1,0,20,9,37,4,404,54,6,1,0,0,0,50,5,16,12,1,149,11,276,80,44,62,63,54,14,13,0,26,2,52,29,2,107,23,9,14,6,28,0,39,27,7,2,16,34,18,89,36,2,0,33,4,20,14,16,11,79,6,1,9,88,55,12,2,5,11,0,9,6,3,47,4,7,96,0,1,48,0,14,50,0,3,3,55,0,6,2,0,0,23,15,7,2,37,66,147
cell140,0,13,1,3,22,80,0,467,120,1,18,85,5,0,45,9,76,5,34,14,3,7,0,1,0,9,2,78,20,79,10,0,18,7,52,8139,115,99,6,4,2,43,13,59,1415,14,9,7,1,13,5,37,1,130,40,27,1,137,41,191,29,8,6,0,0,0,62,400,15,8,125,34,3,42,4,2541,8,47,53,1,2,7,103,2,53,38,16,7873,42,4,29,0,0,58,6,2,7,92,2,4,28,0,0,16,20,9,5,586,11,22
cell141,5,0,0,4,239,16,0,75,84,11,10,53,6,0,59,18,78,4,385,7,13,2,1,0,2,9,0,16,17,1,233,13,263,128,48,67,82,96,11,5,8,41,13,58,16,7,322,44,16,37,7,41,5,7,37,11,6,8,47,11,70,43,15,0,104,1,45,16,12,7,105,7,1,11,26,39,19,3,0,13,2,18,18,25,51,15,27,79,4,2,41,0,10,98,6,1,0,71,3,16,5,0,0,44,10,6,5,44,41,13
cell142,3,0,0,1,205,10,0,81,125,6,21,36,0,0,31,5,71,17,71,6,24,0,5,0,40,28,5,8,14,1,314,9,187,104,54,70,88,46,0,3,4,42,14,40,38,9,160,24,22,17,7,26,1,88,49,16,2,22,43,5,79,24,2,0,38,0,61,18,24,12,87,10,3,13,49,36,7,2,1,6,3,16,10,12,16,7,23,97,3,2,40,0,4,162,14,0,5,58,0,30,1,0,0,28,17,3,9,29,29,393
cell143,0,4,0,13,128,16,0,97,62,14,6,48,1,0,34,11,59,2,59,33,5,1,3,3,77,8,18,13,22,3,203,17,200,87,30,60,87,62,1,6,3,55,4,72,15,12,217,21,13,37,11,27,14,13,40,10,17,11,28,14,75,23,9,0,65,0,41,17,17,14,77,2,0,8,48,43,9,13,8,13,5,3,8,13,41,14,0,100,7,2,34,0,1,123,5,1,13,65,6,32,1,0,1,27,14,2,1,14,72,211
cell144,3,1,1,5,8,19,22,86,211,8,8,49,0,0,14,6,66,8,74,37,10,10,1,0,66,18,0,15,23,0,240,17,206,63,41,132,97,130,11,8,3,38,8,81,47,3,244,46,29,13,6,50,4,24,53,16,6,17,39,18,79,34,7,0,41,0,50,14,11,18,139,0,0,4,38,36,11,7,0,13,3,3,20,9,34,4,15,96,6,0,43,25,10,105,11,1,5,78,6,30,4,0,0,36,25,7,11,46,20,204
cell145,2,3,1,15,0,3,0,103,295,67,6,73,2,0,91,8,123,15,409,245,37,1,0,0,82,38,50,13,38,0,261,10,413,158,50,61,93,175,27,4,0,40,6,173,33,10,19,22,24,21,18,58,4,105,89,17,5,6,70,5,123,15,21,0,84,1,53,14,14,4,356,13,0,2,138,30,9,22,0,9,5,11,7,13,79,34,16,78,20,0,52,0,4,189,6,2,11,133,1,17,0,0,0,222,13,7,13,14,116,274
cell146,0,1,6,0,77,3,0,104,299,35,7,74,12,0,74,18,127,4,215,252,20,2,1,0,107,27,24,5,32,1,470,20,326,122,38,43,103,128,30,22,6,73,10,110,36,21,389,22,11,68,18,66,14,116,75,26,3,9,65,3,119,59,23,0,70,1,78,10,15,6,299,19,1,5,58,36,14,18,10,8,3,7,18,10,76,27,13,72,12,2,57,33,3,183,3,3,11,123,0,51,0,1,0,145,27,4,16,7,189,364
cell147,42,26,0,21,493,76,0,404,83,0,4,114,6,0,32,16,137,7,29,7,2,1,0,0,0,7,1,100,28,52,6,2,10,14,43,6941,120,139,12,4,31,51,1,113,1442,7,15,3,16,15,19,48,4,36,64,21,4,306,25,168,25,9,10,0,0,6,45,311,21,2,168,9,1,45,4,2070,4,78,0,1,6,4,63,1,50,38,7,7636,41,0,24,0,0,105,9,1,5,77,3,15,8,0,0,26,15,12,5,390,15,8
cell148,43,19,0,12,21,3,0,96,212,31,8,100,3,0,86,11,125,10,324,247,21,0,0,0,103,12,0,14,37,0,303,35,310,171,22,41,119,79,32,2,7,60,12,137,37,15,373,20,14,94,30,51,3,120,67,34,5,11,66,8,83,58,4,0,61,2,65,10,21,15,210,31,1,1,173,50,7,13,0,5,1,16,22,23,52,21,15,110,9,4,43,0,2,186,1,4,4,104,0,34,4,0,1,122,25,11,13,24,140,330
cell149,30,1,1,5,0,10,0,92,366,39,9,126,1,0,170,28,210,23,299,104,13,0,0,0,145,32,2,7,25,0,365,48,291,131,41,96,133,143,28,8,2,74,8,136,45,2,430,27,33,12,20,63,6,61,88,42,7,27,98,9,57,33,11,0,47,0,72,10,13,13,364,11,0,8,86,42,6,24,0,8,2,19,16,5,103,20,12,85,6,2,56,0,6,313,2,1,8,124,4,23,4,0,1,75,19,11,12,27,94,616
cell150,175,1,1,4,14,3,0,90,334,18,3,61,0,1,126,36,164,16,177,281,50,1,0,0,73,45,1,8,41,0,264,14,467,189,46,65,133,192,27,2,8,58,11,177,16,8,543,24,16,58,34,69,1,29,78,39,7,17,85,8,140,23,17,0,31,0,83,16,20,5,271,51,1,13,61,29,7,3,132,6,4,17,8,4,57,24,20,75,3,2,63,21,4,259,4,2,6,112,14,23,1,0,0,87,29,2,16,30,137,274
cell151,0,0,1,2,0,10,0,108,411,46,12,85,9,0,161,35,245,12,292,191,28,10,0,1,165,2,13,15,52,0,108,55,400,204,66,96,143,287,30,0,8,76,20,203,30,25,440,23,21,48,20,61,3,87,115,32,2,15,118,9,114,25,15,0,50,2,81,8,11,10,436,14,1,8,97,41,21,10,87,3,8,8,14,10,104,30,21,83,0,4,60,0,11,508,1,2,34,194,1,18,4,0,0,140,21,7,21,29,51,262
cell152,166,7,6,16,0,7,10,81,218,28,11,78,0,0,179,30,199,8,155,260,22,2,0,1,279,20,26,6,43,1,523,35,435,160,71,31,112,234,31,5,0,78,12,220,23,24,493,14,8,62,24,63,18,0,82,36,11,14,108,17,125,5,9,0,58,0,124,9,11,8,387,42,0,6,225,29,3,17,0,3,9,31,13,17,141,24,7,63,7,2,87,0,6,400,5,3,10,165,5,21,2,1,0,260,21,2,16,47,97,220
cell153,36,0,3,8,0,2,0,83,202,26,29,49,6,0,34,20,129,13,397,88,43,2,0,2,60,39,9,4,45,1,280,15,327,157,37,88,97,62,15,15,0,63,5,83,28,2,389,28,21,70,11,55,2,52,43,34,4,11,81,14,90,52,14,0,36,0,54,12,15,5,238,2,1,9,128,34,11,17,0,3,4,23,16,7,92,23,10,75,6,0,52,0,5,230,1,1,1,108,0,24,2,0,0,68,20,6,9,24,62,290
cell154,13,4,3,0,87,6,0,85,181,6,13,62,2,0,26,10,46,13,148,146,7,3,1,0,1,24,20,13,14,0,151,17,265,133,49,39,89,71,4,1,9,32,13,34,25,5,260,29,13,19,10,25,6,13,62,12,1,17,45,8,101,15,2,0,57,0,44,10,7,4,111,1,7,5,96,39,13,8,0,12,6,5,10,15,35,8,8,88,5,1,36,3,11,90,2,3,9,69,1,26,4,0,0,68,15,15,13,37,69,188
cell155,0,7,1,3,6,16,0,66,184,14,6,26,0,0,10,12,38,5,78,40,4,0,1,1,0,8,1,10,9,0,453,40,321,160,23,56,91,74,7,7,0,28,25,81,39,1,369,24,5,22,4,26,2,3,29,12,4,18,20,3,92,13,4,0,71,0,30,11,12,3,86,1,3,7,139,49,2,3,19,5,3,6,20,23,29,4,18,129,1,1,59,0,15,61,6,1,3,54,0,14,4,0,0,42,22,10,8,27,43,225
cell156,71,7,1,6,72,11,3,63,149,14,11,52,4,0,32,17,60,16,63,56,9,1,0,2,56,22,1,5,19,3,219,23,219,109,54,74,88,53,5,6,0,35,2,58,22,3,136,28,1,39,7,31,4,69,32,20,5,16,45,9,61,65,6,0,70,0,35,11,14,13,128,8,2,8,47,51,9,0,1,11,5,18,17,10,23,7,17,102,1,0,33,0,2,93,4,1,10,72,2,31,2,0,0,45,19,10,14,85,7,268
cell157,0,5,0,4,91,5,2,75,24,14,10,84,4,0,31,16,111,9,227,317,40,3,0,5,85,47,0,6,48,1,407,4,474,130,38,75,80,229,31,14,3,63,13,161,28,3,378,33,10,37,30,67,4,68,62,38,1,17,98,14,147,14,11,0,56,0,89,15,6,9,348,13,2,10,134,43,38,30,4,15,3,26,16,30,115,27,25,81,11,4,67,0,10,226,9,3,14,160,0,32,1,0,0,123,25,2,20,49,37,886
cell158,13,5,4,20,248,57,0,397,119,10,6,127,1,0,66,13,107,11,21,2,1,7,1,2,3,4,2,58,26,72,14,3,17,11,47,8004,132,183,24,5,5,45,3,103,1461,6,19,6,4,13,11,61,3,123,63,28,0,153,46,270,23,15,13,0,3,1,53,333,26,16,143,23,38,35,8,3008,1,99,37,4,5,4,35,1,43,62,13,8107,66,3,17,0,3,40,7,1,24,102,1,10,34,0,4,21,23,9,14,177,8,16
cell159,1,3,0,8,24,2,0,108,254,33,42,74,0,0,74,11,125,7,133,115,29,7,0,0,63,8,33,7,38,0,407,29,258,140,56,65,96,140,13,8,1,67,15,125,43,6,470,12,6,7,24,61,2,119,75,25,12,9,78,9,59,45,32,25,99,6,63,13,10,20,242,21,0,3,109,33,6,28,27,0,2,0,9,4,83,67,14,98,1,0,57,0,10,253,2,0,6,105,0,18,2,0,0,187,19,10,8,7,51,589
cell160,0,15,4,23,18,27,0,399,0,2,0,119,2,0,61,11,109,14,14,7,2,2,0,1,3,5,0,89,32,66,13,3,7,10,41,3614,116,167,15,6,0,45,1,69,1135,18,17,8,8,19,18,49,2,116,61,26,1,225,75,300,14,45,27,1,12,0,68,370,6,3,193,26,0,157,6,2158,5,40,6,4,1,0,120,0,33,58,17,7636,43,1,12,0,2,22,7,2,2,90,1,6,10,0,0,20,23,4,8,138,6,20
cell161,46,10,3,9,0,11,0,64,104,8,2,50,8,1,25,9,56,8,70,175,5,22,3,1,127,24,0,11,6,0,80,14,328,67,38,35,55,22,2,7,0,38,13,49,20,3,43,31,8,2,14,30,9,55,42,16,3,11,38,12,116,34,6,0,76,0,37,18,10,5,120,7,6,11,88,27,8,21,0,9,2,16,10,3,27,6,13,73,2,2,43,0,9,91,1,2,10,66,2,12,0,0,0,16,22,14,7,82,39,119
cell162,0,45,2,31,311,30,0,410,98,1,2,99,7,0,32,11,93,9,18,2,0,8,0,0,6,7,1,104,29,36,8,5,10,15,54,5213,110,187,29,1,5,52,3,35,1445,15,8,5,11,3,14,50,1,279,68,22,0,200,64,251,19,35,21,0,1,1,47,297,6,10,144,5,15,238,9,1295,3,37,7,2,2,14,125,0,75,54,16,8216,19,1,15,3,7,32,4,2,0,105,1,11,12,0,6,30,13,5,16,632,10,18
cell163,0,0,6,15,84,83,0,308,64,37,14,118,2,0,48,6,108,8,24,1,0,0,0,0,8,6,0,43,21,77,10,0,16,12,57,3779,107,76,12,2,0,59,10,113,1546,8,7,15,14,29,23,44,2,158,66,34,3,301,47,174,12,9,11,0,0,0,39,294,21,3,192,1,1,69,6,1893,9,41,9,2,2,11,136,1,82,46,13,8370,16,9,12,0,1,48,2,2,4,106,0,7,1,3,0,11,19,8,11,1404,1,9
cell164,0,0,1,1,586,39,0,421,78,6,16,136,2,0,74,11,91,9,21,1,7,0,4,5,0,11,0,53,24,50,11,2,13,17,29,4539,122,172,24,1,10,39,13,40,1281,6,13,10,11,1,8,63,1,9,68,28,5,168,62,227,28,4,10,0,0,0,44,267,18,3,168,8,46,45,3,1500,1,35,6,4,3,4,106,0,59,42,14,7795,8,0,22,0,1,54,1,1,5,103,0,20,43,0,0,19,15,1,6,627,16,22
cell165,63,4,1,11,113,15,4,68,133,3,17,24,2,0,31,13,46,9,88,131,6,0,2,0,96,34,23,14,23,3,170,10,218,75,44,34,77,71,6,8,0,34,5,24,23,4,287,31,10,14,5,30,3,3,45,17,6,8,52,17,56,14,12,1,53,4,44,12,15,10,88,5,0,4,106,24,19,3,2,14,5,8,6,0,34,7,19,65,2,3,40,0,14,101,5,4,8,61,9,9,3,0,0,37,18,3,14,30,13,162
cell166,28,0,1,12,66,9,0,121,220,37,18,71,6,0,86,7,127,16,219,206,46,1,0,4,156,14,19,13,50,1,534,37,405,90,80,52,105,296,15,6,7,76,16,127,35,19,469,18,16,98,21,88,0,124,73,44,14,15,73,10,104,66,29,0,69,1,89,23,9,3,283,5,2,8,141,38,7,34,0,1,2,22,18,4,72,24,17,101,15,0,58,0,1,577,2,1,3,126,0,16,1,0,0,82,12,4,3,23,57,273
cell167,0,7,5,10,3,6,0,88,311,44,18,86,17,0,90,14,152,8,326,334,24,2,0,0,33,38,4,7,36,0,437,46,375,160,55,91,117,59,34,4,13,67,16,93,26,32,488,25,18,72,23,62,1,1,99,41,16,19,83,10,134,36,41,0,91,6,69,10,8,14,315,33,0,11,120,39,10,26,2,3,4,15,19,1,74,21,9,105,26,1,110,0,4,611,11,4,6,134,7,33,3,0,3,52,25,9,9,18,64,205
cell168,4,2,0,9,2,13,0,70,209,11,8,74,1,1,29,17,73,6,76,139,9,2,0,0,102,60,1,10,27,0,299,21,320,122,54,31,96,111,2,8,5,61,9,91,25,1,105,21,16,14,8,59,1,2,47,37,13,15,48,5,82,33,7,0,76,1,60,16,12,4,161,24,4,0,85,19,11,7,13,7,1,7,18,2,64,5,13,60,0,3,35,0,11,95,2,2,15,89,0,21,0,0,1,16,10,4,10,14,20,140
cell169,0,0,0,6,1,9,0,55,114,14,6,64,2,0,46,6,75,5,84,50,22,2,1,0,40,9,11,7,13,1,247,19,282,101,51,44,94,132,4,12,5,46,8,83,23,8,97,19,4,7,13,36,0,0,32,30,15,20,51,9,80,26,6,0,70,3,66,14,8,11,87,6,4,7,31,21,16,2,7,12,8,6,3,2,36,6,14,60,1,0,34,0,11,73,2,6,17,93,0,15,5,0,0,8,15,4,12,34,14,114
cell170,9,52,0,15,251,14,0,351,55,14,8,119,10,0,51,1,53,8,25,0,5,5,0,1,7,6,0,138,20,80,11,1,9,12,69,7997,114,59,9,2,7,59,5,85,1735,8,15,8,6,39,11,50,0,43,66,38,1,271,45,248,18,16,24,0,1,3,46,520,9,16,171,5,49,152,8,2374,5,35,0,2,1,6,103,2,49,24,20,7982,21,0,16,0,8,5,2,3,20,93,0,9,15,4,0,50,14,3,8,291,13,24
cell171,21,1,0,5,112,14,0,64,148,7,8,65,6,1,41,10,40,9,63,130,10,2,1,1,44,32,9,5,12,0,270,6,215,83,32,45,70,41,5,3,6,49,9,74,17,3,231,18,10,0,9,30,6,46,63,28,1,13,14,11,91,19,8,0,62,2,56,9,16,8,87,18,0,7,34,27,7,5,0,7,3,3,19,6,38,9,12,69,3,0,40,0,7,64,0,1,7,71,0,8,5,0,0,23,20,9,9,45,21,117
cell172,0,2,2,14,580,41,0,365,95,5,30,114,8,0,70,14,67,13,20,4,0,0,2,0,0,5,2,44,24,37,13,1,17,6,55,5219,121,86,6,2,34,37,3,44,1692,16,15,7,14,28,14,49,1,169,61,26,1,208,28,219,17,15,6,0,0,5,73,429,12,11,155,15,11,139,12,2604,7,42,14,1,2,14,81,0,44,25,12,7682,10,3,23,0,6,44,2,0,6,88,0,3,51,1,4,15,17,1,5,638,6,16
cell173,0,2,1,4,2,5,0,73,136,18,17,53,2,0,28,23,71,9,148,56,17,5,1,5,19,8,0,4,16,0,185,11,175,85,37,27,67,15,11,7,0,54,13,72,24,2,135,6,23,18,8,42,2,70,41,18,9,4,28,10,58,35,6,0,72,2,38,10,21,15,127,6,3,8,69,22,10,3,0,15,3,12,20,1,36,10,18,53,1,0,31,0,4,52,5,4,11,79,0,15,3,0,0,10,21,13,11,22,12,159
cell174,0,1,2,3,0,2,8,110,327,37,12,73,0,0,30,14,126,8,113,303,38,2,0,0,105,22,0,14,40,1,377,13,519,215,35,48,108,134,22,4,1,60,9,115,39,8,523,34,9,62,19,52,5,155,39,25,4,11,89,4,162,45,10,0,56,1,65,21,22,10,216,16,4,8,105,42,11,7,0,3,1,24,21,5,79,33,15,106,2,2,67,0,7,343,2,6,6,92,3,30,3,1,0,102,21,9,24,15,34,340
cell175,0,9,0,5,58,12,0,56,98,5,8,24,17,0,60,6,60,6,83,127,7,3,3,1,58,36,0,11,18,0,223,4,333,104,31,24,58,67,12,16,0,44,11,22,22,4,0,29,2,42,14,37,2,49,62,14,1,15,65,18,85,38,5,0,13,0,67,26,10,6,104,8,0,6,73,11,1,9,0,9,4,5,17,2,48,12,16,37,1,0,43,0,14,49,6,5,8,76,0,16,1,0,0,21,22,4,5,44,16,129
cell176,0,0,0,4,0,65,0,279,71,5,6,117,12,1,33,20,59,19,19,0,2,0,1,0,1,14,1,112,18,17,5,0,11,7,28,8313,94,79,8,2,4,42,5,28,1317,13,6,10,11,18,12,35,2,100,44,23,1,131,42,295,21,14,5,1,0,2,47,327,19,7,133,11,24,51,6,2255,1,33,0,3,5,10,143,0,52,25,10,8576,30,3,13,0,5,18,1,5,7,87,0,2,24,1,0,16,14,1,13,952,4,24
cell177,23,4,12,14,8,7,26,104,208,20,17,53,1,0,54,12,56,12,523,579,35,4,0,0,39,15,6,7,24,0,938,82,580,224,44,89,91,42,20,5,0,36,19,83,51,8,618,25,14,3,35,42,1,25,54,20,3,17,59,10,150,27,9,0,18,0,64,18,7,14,115,10,4,17,66,26,0,32,0,13,1,22,19,5,36,22,15,128,4,2,71,0,9,127,5,2,5,75,5,9,5,0,0,90,17,10,6,30,32,103
cell178,7,4,0,15,397,46,0,303,50,18,7,94,4,0,22,7,55,13,20,0,2,3,1,0,0,6,0,57,11,46,11,3,12,10,33,2978,103,97,13,0,15,54,7,75,1334,1,15,8,4,6,18,33,5,14,64,14,1,223,33,116,14,7,5,0,15,0,54,322,13,0,118,6,3,43,6,2174,11,23,63,2,3,14,65,0,31,12,14,8541,7,0,8,0,0,44,4,1,0,81,6,0,19,0,2,8,19,4,11,705,9,10
cell179,7,0,5,15,0,113,0,299,68,11,3,109,2,0,70,12,89,11,36,1,5,0,0,0,5,5,0,66,20,35,6,3,14,10,57,5442,92,44,3,1,8,57,2,83,1497,7,0,10,8,15,6,44,0,37,63,22,5,60,33,203,17,25,3,0,0,3,44,329,3,3,136,9,6,146,9,1913,8,28,0,1,2,3,100,0,43,8,10,7840,0,3,17,0,1,24,2,1,20,94,0,10,23,3,1,19,25,1,4,450,9,15
cell180,0,0,2,0,6,5,0,94,250,20,8,62,1,0,61,9,64,4,108,323,31,3,0,2,75,75,1,13,27,0,689,41,544,216,47,81,113,55,31,5,1,45,11,63,37,18,474,20,9,21,37,30,11,104,64,33,0,10,66,10,89,11,9,0,17,5,60,19,20,12,158,25,1,11,168,23,3,22,0,2,0,18,20,2,65,32,2,99,4,2,75,0,8,324,4,1,1,66,4,15,4,0,0,82,23,0,5,24,48,333
cell181,1,29,9,9,0,20,19,286,81,8,3,111,2,0,44,20,53,0,12,0,0,1,0,2,1,2,0,106,21,76,10,2,10,12,46,6375,97,106,7,6,2,45,3,43,544,3,13,3,17,6,16,24,2,67,66,18,4,297,50,160,10,18,13,1,0,1,43,217,15,16,60,5,0,13,8,2445,4,26,23,1,0,4,95,1,16,13,6,7210,7,0,12,4,7,43,6,1,4,73,0,7,45,2,0,35,15,4,7,769,5,16
cell182,96,0,2,0,123,4,0,68,5,20,17,40,0,0,39,6,69,16,75,51,11,1,1,0,56,30,14,6,19,0,313,18,268,120,49,18,65,51,7,6,5,40,8,46,11,7,289,28,15,9,9,37,2,67,55,28,7,12,58,7,87,35,6,0,49,3,35,16,15,15,123,7,0,10,104,20,4,2,22,6,3,10,10,14,17,7,22,22,3,0,58,4,12,107,1,1,2,52,0,12,3,0,0,32,26,18,11,34,13,240
cell183,8,1,0,11,0,4,0,52,123,12,6,54,4,0,29,14,78,4,84,81,2,1,1,0,65,23,1,15,28,0,358,30,176,141,57,18,55,87,8,4,1,44,5,68,28,13,368,27,12,14,14,47,1,9,44,30,10,17,50,8,73,6,10,0,79,0,60,8,18,11,156,16,6,9,68,19,10,0,0,5,1,3,15,19,51,10,29,22,0,2,44,0,9,57,0,3,9,73,1,26,7,0,0,34,21,15,8,113,22,133
cell184,2,27,0,23,66,57,1,337,54,14,12,112,1,0,18,8,30,9,17,7,3,0,2,0,1,1,0,67,14,43,13,4,7,9,33,8356,103,51,7,0,0,40,3,74,1498,2,19,12,14,7,16,26,1,176,57,23,0,49,43,169,25,9,4,0,0,2,33,307,29,6,87,8,38,82,10,2430,7,77,0,9,2,0,158,1,24,18,9,7946,33,4,17,2,2,20,12,1,7,65,0,4,22,1,0,21,18,3,8,888,11,14
cell185,26,0,3,6,107,11,0,51,163,12,7,37,3,0,29,7,57,0,241,145,21,3,0,0,164,43,1,11,13,0,333,68,325,62,17,9,65,33,0,11,6,51,8,58,12,6,434,39,19,15,10,28,1,5,37,27,8,18,41,6,135,11,3,0,66,2,47,10,16,18,121,0,0,11,131,26,20,7,0,4,7,18,13,10,40,12,17,25,7,4,49,0,11,83,4,0,12,86,3,26,3,1,0,29,23,8,9,94,11,29
cell186,171,0,5,1,5,12,4,146,304,41,16,66,4,0,53,14,110,15,256,373,43,7,0,0,61,45,20,6,24,2,797,44,1022,378,38,140,100,101,14,15,0,52,11,90,25,10,207,22,15,44,41,39,0,29,47,26,9,20,60,10,223,47,29,0,106,7,62,19,19,8,137,4,13,20,234,62,9,38,15,3,8,8,17,7,47,11,20,152,11,3,82,0,7,356,7,2,6,100,3,31,2,0,1,83,22,8,7,29,117,337
cell187,15,2,1,4,62,7,0,47,105,10,10,30,1,0,39,9,63,5,169,140,13,0,2,3,7,36,18,2,16,0,298,15,327,146,61,10,69,30,6,10,0,41,1,51,11,2,266,28,6,16,16,23,3,20,44,12,6,11,37,6,123,26,3,0,25,0,22,10,11,11,118,8,2,5,95,27,8,6,0,13,3,2,10,0,19,7,16,23,12,2,49,3,3,74,0,7,5,50,0,3,9,0,0,23,23,9,12,13,18,151
cell188,5,0,0,3,71,10,14,100,329,42,6,69,0,0,29,17,98,7,611,161,99,1,0,1,230,33,0,6,18,0,938,136,967,340,63,85,98,144,24,11,3,43,21,73,55,14,1105,18,12,48,16,47,8,2,75,22,11,14,69,17,274,40,11,0,24,0,44,30,18,8,139,10,4,10,195,45,4,23,0,4,7,10,21,5,89,12,16,103,4,0,82,0,9,285,3,1,2,88,2,20,1,2,3,102,15,7,6,3,61,601
cell189,42,4,0,3,65,9,0,53,135,11,8,38,0,0,29,4,53,9,132,210,4,0,1,0,135,23,3,7,12,0,235,51,337,121,41,7,63,45,3,16,2,34,7,22,6,10,447,28,5,23,2,23,3,6,38,14,1,17,36,9,114,29,11,0,162,0,17,7,10,10,102,4,7,3,86,19,39,7,6,38,7,7,15,16,31,4,35,26,4,1,59,6,19,78,1,4,11,75,0,16,4,0,0,6,14,7,8,101,25,141
cell190,0,0,0,10,0,7,0,90,112,39,5,41,12,0,28,8,52,18,159,557,45,7,0,0,277,77,6,9,10,0,831,109,1199,316,31,170,72,88,15,6,0,50,18,38,44,8,915,29,7,44,40,28,4,32,57,27,3,19,63,6,210,69,6,8,37,1,48,21,24,8,135,12,4,4,181,45,8,20,6,2,6,8,14,3,18,13,12,157,6,0,80,0,7,277,0,2,9,77,3,35,1,0,0,121,19,10,7,5,113,377
cell191,10,8,6,15,41,3,0,51,165,15,15,31,0,0,28,6,53,7,149,116,13,3,2,0,66,32,15,9,15,0,224,28,298,139,49,16,52,58,4,10,0,54,10,60,19,14,256,33,10,36,31,28,8,29,51,21,4,15,46,6,134,20,6,0,100,7,24,9,12,11,100,11,2,2,105,18,17,10,1,19,6,6,16,26,18,17,11,15,5,4,49,0,7,143,0,2,6,75,6,16,1,0,0,25,21,5,13,48,18,122
cell192,2,31,0,10,325,55,0,386,0,20,10,117,1,0,29,4,68,5,16,3,5,0,3,0,0,3,0,66,12,21,4,3,14,8,32,5059,107,85,11,0,4,35,0,46,1665,4,4,10,8,18,10,26,7,78,33,18,1,341,50,309,17,40,7,0,0,0,47,444,4,7,88,1,14,58,10,2564,8,29,0,2,2,2,72,2,61,32,11,7584,58,0,18,0,2,22,0,2,3,58,0,8,19,0,0,10,19,2,18,712,7,18
cell193,0,1,0,1,0,10,0,62,167,9,9,71,2,0,38,9,70,11,212,83,21,3,1,3,43,60,0,4,12,3,316,15,280,104,37,11,84,80,4,7,4,42,3,99,20,28,80,48,11,9,23,37,1,19,67,16,5,15,37,1,58,36,0,0,99,2,41,19,14,7,134,7,0,7,127,21,13,4,1,5,3,8,5,4,38,7,15,16,2,1,37,0,7,214,2,4,10,68,5,23,1,0,0,20,29,20,10,34,26,115
cell194,3,68,0,13,270,62,0,208,47,7,8,71,1,0,39,17,59,7,20,5,7,0,0,0,0,3,0,107,17,86,13,1,13,6,37,6634,80,46,14,9,1,21,2,24,1022,7,20,10,1,11,12,27,2,177,40,16,1,233,27,151,16,17,4,0,0,1,61,342,13,3,86,30,19,76,11,1795,1,33,2,3,4,1,101,0,24,20,11,8077,10,2,14,0,6,26,6,1,4,75,0,2,21,0,0,15,23,2,7,495,2,12
cell195,9,0,0,11,238,83,0,339,52,12,6,74,0,0,43,6,40,2,24,1,6,1,3,1,0,1,7,158,14,82,8,2,8,12,47,6355,87,48,6,1,0,36,4,69,1347,21,15,12,11,16,9,23,1,1,39,13,4,92,35,335,13,27,4,0,1,3,35,350,12,3,83,17,9,15,14,2706,3,40,2,3,2,0,137,1,31,36,11,7609,34,1,12,0,7,29,7,0,18,70,0,5,32,6,0,5,20,9,8,928,7,22
cell196,0,33,1,10,9,36,0,262,65,6,4,67,2,0,27,8,67,9,12,3,6,2,2,0,0,11,0,43,18,94,14,1,6,8,51,7238,92,44,10,1,1,36,7,55,1533,3,13,10,4,17,12,31,7,17,43,8,1,242,33,207,13,19,3,0,1,1,34,362,9,6,89,4,0,134,5,2771,10,36,0,6,2,0,103,0,40,34,11,8661,21,2,19,0,5,26,6,1,2,78,0,6,28,1,7,24,21,16,9,422,6,12
cell197,0,46,1,12,0,21,1,322,87,1,9,101,1,25,36,1,48,13,12,3,4,0,1,0,3,14,1,145,8,177,19,0,12,6,22,3640,99,44,11,0,2,38,10,61,1294,4,1,6,7,37,10,24,2,138,60,16,1,205,28,193,16,10,6,0,0,2,48,442,8,1,79,7,21,140,8,3026,8,28,0,3,4,0,137,0,51,18,17,8622,9,2,13,0,2,35,7,2,3,50,5,8,20,1,1,24,19,0,11,636,6,14
cell198,0,3,1,9,0,4,12,58,163,13,1,24,3,0,36,6,79,15,377,84,8,4,0,1,51,10,15,8,20,7,191,12,260,135,32,23,68,33,3,7,1,39,5,34,19,14,8,21,28,6,7,39,2,44,48,21,7,17,55,6,86,24,8,0,113,2,55,7,27,9,131,5,1,7,141,14,16,4,0,10,12,6,3,5,17,14,29,17,6,1,57,0,4,146,3,0,14,84,0,10,0,0,0,40,20,6,13,14,17,164
cell199,13,1,1,16,314,1,0,176,390,51,24,49,2,0,32,18,65,1,315,891,53,2,2,0,381,29,3,4,12,0,2070,177,1562,270,36,266,115,53,10,18,10,46,24,53,81,1,1653,30,8,58,49,48,9,132,63,23,5,18,71,22,361,8,14,2,94,0,71,35,7,23,143,7,18,19,468,92,7,14,32,10,5,30,25,4,64,11,16,291,8,0,77,0,7,580,2,0,0,78,6,50,5,0,0,111,36,4,12,11,58,241
cell200,0,8,0,7,469,0,1,138,186,33,11,79,11,0,55,11,71,10,165,578,72,4,0,3,369,128,10,22,22,1,1419,86,1168,379,24,228,100,74,14,11,0,38,14,55,80,1,1291,15,19,46,40,43,4,72,64,21,6,34,60,15,192,20,17,0,61,0,38,39,17,6,156,10,8,3,219,89,6,25,1,0,0,26,27,3,7,13,21,268,16,2,76,0,5,465,4,2,18,86,1,13,7,0,1,89,37,9,11,0,35,393
cell201,5,5,0,1,7,11,0,73,174,8,27,47,4,0,60,25,53,13,146,91,9,5,5,0,12,20,0,5,22,2,105,4,153,101,59,17,74,106,3,1,16,52,2,124,23,4,222,21,10,27,12,43,1,44,61,34,1,17,55,8,82,24,7,0,101,1,26,7,24,11,160,4,0,8,53,6,7,1,0,13,4,8,11,6,23,6,26,26,5,1,38,0,18,131,4,11,26,55,14,14,0,0,0,39,20,7,7,84,14,102
cell202,3,25,0,25,16,96,0,366,96,14,9,111,0,0,38,5,53,24,26,1,4,2,3,0,0,5,0,116,23,80,4,1,14,11,28,5026,126,30,8,1,0,46,7,52,1629,6,13,7,7,17,11,33,2,11,65,15,7,323,51,320,14,4,8,0,3,0,42,507,18,13,107,10,7,85,4,2171,5,67,3,3,2,1,85,3,56,63,23,7864,11,1,14,0,8,50,8,0,9,62,3,2,23,0,2,19,19,11,15,1334,7,21
cell203,1,0,1,23,0,30,0,257,3,9,3,88,2,20,29,9,73,7,13,1,4,4,0,2,0,14,0,47,16,32,3,1,15,13,47,5130,103,51,10,2,12,38,0,86,1451,4,23,8,12,36,13,28,0,1,59,21,1,228,39,267,19,8,6,2,6,1,49,261,14,9,112,5,5,179,7,2262,11,57,0,0,0,17,65,0,48,44,12,8118,54,1,18,1,10,32,5,0,2,69,0,15,28,1,0,39,21,0,7,1633,9,21
cell204,131,0,0,19,0,3,0,114,352,21,20,105,3,0,37,5,75,5,363,409,78,9,0,0,199,71,9,11,23,0,801,67,920,277,41,114,104,99,17,2,1,40,11,138,71,12,51,26,22,45,16,45,5,42,54,15,7,16,71,21,207,15,22,0,95,2,45,27,16,12,196,7,7,12,267,72,3,6,0,4,3,4,21,6,36,9,16,226,6,0,62,0,10,302,2,1,16,89,3,26,7,0,0,72,20,1,14,11,54,254
cell205,3,73,0,16,186,57,0,248,43,25,5,126,0,18,48,3,48,1,24,1,6,0,0,1,0,8,1,54,7,45,5,0,9,13,60,4460,80,52,3,2,8,41,10,66,1302,8,17,6,13,6,14,38,3,97,50,17,3,96,61,94,14,20,7,0,0,1,48,370,8,7,110,8,7,8,6,2225,8,55,119,3,3,16,53,0,67,42,17,8005,36,1,19,0,7,58,5,1,2,68,1,9,20,0,1,20,14,6,19,503,5,16
cell206,1,3,1,13,98,8,0,126,237,40,22,49,2,0,27,4,35,1,300,240,69,22,1,0,106,12,12,4,19,0,1599,66,1284,356,38,178,101,29,11,7,3,36,13,79,60,9,236,30,7,18,50,39,4,69,49,19,8,28,46,29,211,21,5,0,57,6,46,32,8,12,74,8,6,24,252,66,8,41,0,1,3,14,21,6,37,13,6,218,4,5,83,0,6,302,2,6,4,71,0,20,8,1,0,25,35,16,8,11,132,366
cell207,0,33,5,16,0,38,0,261,68,5,10,81,2,0,59,6,54,14,22,2,5,0,0,1,4,17,0,34,23,53,7,1,6,14,29,5038,63,47,10,1,0,38,0,71,1337,11,16,13,4,5,16,38,2,62,72,29,4,254,29,235,20,24,5,0,2,0,45,310,11,10,102,6,83,42,8,1455,13,54,9,3,0,11,73,1,36,29,21,9099,25,4,19,3,3,84,0,1,9,47,0,19,28,0,0,25,14,0,10,1908,5,23
cell208,10,0,2,13,66,6,0,94,283,34,21,83,5,0,47,14,77,12,272,695,69,2,0,0,190,21,1,14,18,0,441,80,1160,340,33,139,118,84,20,19,1,46,7,92,60,14,1347,25,21,39,24,42,0,123,43,23,3,29,73,23,213,30,7,0,49,2,24,26,16,15,135,17,0,11,185,56,10,1,25,4,2,10,15,7,26,14,14,193,20,2,81,0,7,265,4,0,17,96,8,16,5,0,0,138,32,7,7,9,55,193
cell209,0,7,3,2,305,4,0,131,314,26,10,75,1,0,26,22,66,7,2170,1375,45,2,0,1,833,28,0,17,29,0,2183,169,1127,479,26,194,108,97,7,4,4,52,9,105,60,7,349,27,14,28,36,43,2,3,62,30,6,35,57,14,307,15,10,0,88,0,47,19,18,20,141,19,1,2,416,77,11,9,0,14,3,19,18,10,40,34,21,202,13,7,121,0,1,279,7,8,6,79,19,41,7,0,3,96,32,2,7,18,70,388
cell210,0,12,0,22,482,5,0,99,97,30,8,69,4,0,32,9,57,9,180,787,105,10,0,0,223,17,3,3,22,0,1534,7,1117,335,29,97,103,64,16,19,12,43,5,80,53,3,1397,18,12,31,24,30,5,0,43,26,17,30,47,9,212,11,11,0,64,0,26,28,14,13,140,10,6,8,275,58,1,14,35,3,3,18,23,10,29,9,4,176,23,1,94,0,13,87,5,4,16,75,0,21,3,0,0,60,30,3,13,9,208,287
cell211,3,1,2,2,209,9,0,53,172,15,8,24,0,0,49,25,87,11,90,63,6,0,1,0,0,26,0,5,5,0,168,5,147,86,43,5,73,66,12,8,0,52,3,56,14,8,185,26,10,2,9,50,1,2,64,17,7,18,25,12,83,50,2,0,42,6,27,9,16,11,183,3,0,7,31,16,7,5,1,10,7,3,8,1,51,4,11,19,4,1,24,0,4,148,0,4,15,105,0,34,2,1,0,38,16,11,7,22,17,253
cell212,36,2,6,0,3,5,0,110,216,12,7,84,1,0,70,5,58,11,239,422,70,21,0,5,324,22,70,7,15,2,1280,108,1064,345,39,242,37,51,11,15,0,33,15,38,65,10,967,31,3,31,45,23,1,76,44,15,3,27,45,14,274,5,16,0,72,1,26,31,7,7,85,6,8,11,245,59,4,15,0,3,6,6,22,6,27,15,21,237,9,2,59,1,4,329,2,2,8,58,6,3,1,0,0,13,40,7,16,9,49,258
cell213,2,0,2,1,17,6,0,97,226,30,20,59,0,0,19,2,62,4,752,341,59,2,0,1,427,34,20,8,27,2,1143,103,1053,261,35,214,94,82,13,12,0,41,13,66,36,9,1156,19,9,28,33,31,0,24,49,23,4,23,43,18,181,6,13,1,38,3,26,35,17,12,106,5,13,13,233,69,6,13,0,6,6,13,28,1,19,5,17,249,24,2,89,0,9,246,0,1,4,41,6,27,2,1,0,44,39,0,13,18,143,247
cell214,6,11,0,2,134,13,0,65,119,7,12,40,4,0,25,3,63,8,83,114,3,0,0,0,48,17,4,3,17,0,107,4,105,50,56,10,66,56,8,4,3,46,2,76,13,0,143,26,9,13,3,34,5,31,68,14,4,16,39,6,76,41,8,0,125,4,39,15,6,16,122,29,1,4,28,22,17,5,19,7,24,7,12,0,26,11,67,18,4,4,43,0,26,105,2,3,16,89,5,12,1,0,0,86,12,13,13,110,23,104
cell215,0,13,0,0,447,8,0,96,206,28,13,53,1,0,45,5,63,18,161,332,52,1,1,0,141,5,10,5,25,0,1418,17,880,340,44,265,103,37,16,2,3,41,4,52,81,4,437,12,5,33,19,29,1,63,50,11,3,33,54,35,255,8,15,0,20,2,60,28,13,8,126,6,4,6,271,58,3,10,0,1,2,11,20,1,42,11,16,214,21,0,79,0,6,315,1,0,0,58,4,27,1,0,0,126,34,17,7,39,172,328
cell216,7,38,1,21,85,97,0,402,0,14,10,122,0,0,57,15,59,2,20,3,4,5,0,0,8,10,3,70,20,46,9,3,15,11,53,7835,114,66,6,2,0,36,3,69,1688,4,7,9,4,3,10,36,4,44,66,8,1,298,54,313,13,15,3,0,0,0,27,318,10,13,88,13,2,56,4,2208,8,29,33,2,7,7,88,0,47,23,12,8789,3,0,19,0,1,46,4,0,5,79,0,4,7,0,1,23,28,17,11,1320,10,18
cell217,0,31,0,5,374,43,1,290,78,0,13,128,9,0,34,3,67,10,20,2,0,4,2,0,9,6,0,74,20,17,17,1,14,17,31,7214,109,57,4,0,0,39,5,61,1316,9,10,10,0,57,11,20,4,186,58,18,4,270,35,314,13,21,1,0,0,3,43,380,14,1,95,6,25,52,9,2064,8,49,41,0,0,5,104,1,61,16,21,8091,36,2,22,6,5,43,3,3,2,68,0,4,20,0,0,8,19,7,6,737,12,14
cell218,105,2,1,7,60,1,0,113,218,16,4,56,0,0,20,3,54,13,361,916,59,18,1,1,249,14,19,1,18,1,2062,62,1674,244,44,128,77,82,13,15,0,31,15,65,58,3,1588,17,8,6,46,31,0,41,47,13,3,30,63,7,342,6,5,0,99,2,40,35,13,9,138,4,3,12,518,52,8,6,0,7,8,9,26,1,28,9,20,211,18,2,79,0,9,237,2,0,2,61,19,33,3,4,0,61,41,7,10,12,81,253
cell219,0,14,0,6,0,13,2,100,324,10,13,67,1,0,44,7,68,7,870,1430,264,10,0,2,0,7,69,6,24,0,5520,59,1817,569,50,153,90,57,8,15,1,54,9,54,69,1,1427,27,6,20,37,45,2,50,41,18,0,33,55,5,450,36,5,0,62,0,29,32,16,1,120,8,3,8,740,74,3,16,25,12,5,38,8,2,22,17,3,166,3,1,111,0,2,113,6,3,17,52,2,34,7,0,0,114,37,2,12,16,46,240
cell220,0,0,3,8,162,9,0,66,190,12,17,39,2,0,26,0,63,3,298,87,14,13,2,1,0,18,4,7,12,0,179,23,129,98,39,16,77,59,7,8,5,57,5,73,23,17,190,47,9,46,1,36,1,69,43,20,5,11,65,7,89,30,6,0,54,0,16,6,9,12,133,3,10,6,42,14,33,3,2,14,13,8,12,5,46,13,17,29,3,4,49,0,24,106,2,4,17,68,3,10,3,0,0,25,9,5,4,165,13,231
cell221,3,12,0,10,138,73,0,242,82,28,3,59,7,0,18,6,63,3,15,1,5,1,1,1,8,9,0,125,17,24,7,0,13,13,39,8854,84,31,7,3,2,32,1,42,1681,4,11,6,3,8,14,39,1,119,53,17,3,241,36,270,23,15,0,0,0,7,42,294,11,10,101,8,16,72,0,2315,1,52,0,2,0,10,129,0,26,17,23,8104,8,8,7,0,9,33,4,2,5,52,0,5,25,0,0,28,26,0,10,2533,9,9
cell222,26,0,6,8,14,5,0,86,165,23,6,47,0,0,31,8,45,0,157,624,70,5,1,2,359,70,34,14,17,0,1976,36,1157,427,43,92,93,39,17,18,6,52,8,85,74,9,1546,14,20,46,48,37,0,41,53,14,2,35,62,16,279,24,13,0,75,0,56,27,23,21,129,38,9,15,363,61,9,15,3,3,2,7,21,3,35,10,17,179,2,1,77,6,8,105,3,1,6,82,0,17,2,2,0,102,44,2,15,17,69,388
cell223,1,9,0,15,59,9,0,94,184,12,5,46,3,0,39,15,78,3,370,321,38,4,1,0,220,71,16,9,18,0,1446,216,1030,263,39,171,89,66,7,6,0,56,8,75,59,5,379,33,10,39,48,39,0,27,55,14,5,31,48,17,283,38,9,0,46,2,37,17,14,9,110,8,3,18,263,54,1,19,4,4,4,20,15,1,11,12,17,179,18,1,85,0,7,184,1,0,3,83,7,22,1,1,0,28,37,4,14,27,24,341
cell224,0,3,0,10,199,3,0,104,266,26,8,63,1,0,49,14,62,12,1209,1005,64,4,0,2,547,50,27,5,28,0,2879,228,2320,374,37,154,96,102,9,17,9,57,6,37,70,1,230,21,31,27,58,38,1,46,35,12,4,23,79,21,370,16,3,0,70,0,55,37,12,6,114,12,2,9,570,73,3,4,0,11,6,8,20,3,46,10,20,178,4,2,115,0,4,347,9,1,5,80,13,20,1,0,0,102,41,4,9,3,127,194
cell225,0,1,2,11,0,13,0,61,136,10,8,48,2,0,21,12,51,0,88,167,12,5,2,0,2,54,0,14,14,0,205,16,170,112,41,3,66,52,2,19,10,36,17,42,18,6,96,33,18,10,12,37,6,27,53,16,6,26,46,8,99,31,8,0,48,1,36,4,9,13,92,7,0,4,42,15,20,6,1,10,6,3,19,2,25,23,52,20,2,3,52,0,20,62,3,6,13,77,0,17,2,3,0,37,10,4,20,270,18,179
cell226,1,18,0,10,264,104,0,221,68,29,0,50,1,3,17,13,26,4,17,1,2,5,1,0,1,6,0,104,12,26,6,2,8,15,17,1791,73,36,12,1,0,13,3,20,1277,4,22,8,7,12,21,26,6,96,25,7,2,181,19,184,18,15,1,0,0,1,16,282,30,7,61,8,2,89,12,2046,5,19,1,2,3,2,75,1,26,21,19,8584,9,7,12,0,1,16,5,0,3,34,0,9,26,0,5,7,14,5,4,608,5,17
cell227,5,0,1,9,14,13,10,57,99,13,20,28,4,0,33,2,66,9,67,98,3,0,1,2,0,20,8,13,31,1,160,24,229,100,42,9,53,34,3,5,4,32,2,77,15,1,258,39,7,10,8,39,4,68,38,17,7,23,49,6,88,12,9,0,118,1,45,14,9,8,114,19,0,3,66,13,25,13,34,14,10,12,6,0,55,19,55,21,9,17,60,0,15,128,0,3,18,84,2,17,0,0,0,24,14,14,8,31,13,195
cell228,0,4,4,1,0,7,0,74,215,23,13,38,2,0,41,14,46,17,157,1572,124,3,0,0,469,69,6,12,22,1,3115,150,2595,467,30,120,88,72,10,5,0,51,9,23,46,4,410,21,15,26,46,43,0,51,70,24,1,14,40,32,329,14,7,0,36,7,32,28,16,4,109,10,5,18,479,53,4,3,0,2,3,4,20,7,53,16,23,163,3,2,91,0,6,191,10,3,4,74,14,28,4,0,0,72,67,0,5,31,74,276
cell229,0,0,1,11,3,38,0,224,42,6,4,77,0,0,16,10,35,6,27,3,2,1,0,1,5,3,1,33,20,100,7,6,11,15,23,8671,94,14,7,1,1,24,3,41,595,5,13,6,6,24,11,16,1,100,26,6,2,155,24,156,21,4,1,0,2,0,10,317,17,6,71,1,3,31,4,1004,6,14,0,7,3,8,52,0,38,12,23,7401,14,2,8,0,8,30,3,1,0,35,0,16,34,0,1,30,18,2,17,1341,16,18
cell230,1,0,1,13,69,6,0,94,131,23,5,57,6,0,33,13,51,3,172,1171,108,2,1,1,657,42,23,7,12,0,2068,179,1342,418,38,128,51,39,14,10,0,50,14,65,59,11,822,20,5,59,18,29,1,69,57,18,6,9,58,14,329,16,11,0,111,1,43,20,15,4,104,8,5,9,520,75,12,8,0,3,0,40,22,1,26,8,16,138,5,0,87,0,6,426,3,2,14,78,7,23,1,2,0,62,66,3,9,28,136,301
cell231,0,8,3,7,9,36,0,226,53,1,11,65,0,0,21,7,55,3,31,0,4,2,0,0,0,3,0,67,8,32,13,1,7,21,17,7857,95,43,6,2,0,23,3,43,1114,5,18,9,2,1,16,35,0,155,32,4,1,135,14,78,25,7,1,0,7,1,31,216,6,15,66,19,1,152,10,816,8,33,0,3,1,3,77,1,14,22,8,8039,33,3,18,0,3,28,2,1,3,52,0,6,35,2,0,22,20,4,10,1165,1,18
cell232,0,5,5,25,41,68,0,228,17,13,2,44,3,12,22,8,45,0,23,5,5,10,0,0,1,1,1,80,19,24,10,1,12,14,19,8643,99,34,4,4,2,26,2,62,688,7,13,7,8,27,25,21,3,43,40,10,2,82,27,125,23,1,3,0,5,0,25,368,19,15,95,4,8,70,5,1349,6,14,18,3,8,7,142,1,10,22,24,9079,11,0,18,0,7,26,7,3,2,48,0,10,22,2,0,19,18,11,14,1804,10,12
cell233,21,50,2,11,366,65,0,333,32,13,5,73,1,12,32,2,39,4,13,0,3,0,0,0,0,8,4,71,8,44,7,1,12,16,28,7332,100,26,10,2,1,31,4,56,859,11,7,11,9,19,12,22,2,53,36,12,3,278,20,322,16,26,6,0,6,2,36,157,20,12,100,9,1,25,10,799,3,33,0,7,3,2,83,2,36,16,14,8998,52,0,23,0,9,31,3,2,3,49,1,4,17,0,0,19,28,7,15,538,10,19
cell234,11,1,0,5,0,10,0,95,298,18,31,58,3,5,66,27,83,8,159,1147,139,22,0,0,692,64,16,5,35,4,3533,172,2342,411,28,275,125,113,19,5,7,76,7,112,89,26,544,16,14,34,45,56,3,4,77,27,6,26,64,20,408,28,22,0,91,0,48,26,21,17,196,50,9,9,662,67,5,8,26,1,7,5,18,4,38,8,13,263,18,1,99,0,5,456,4,2,4,113,3,75,0,0,2,114,67,5,13,8,113,280
cell235,64,1,0,8,16,4,0,56,93,22,9,33,0,0,30,9,76,9,132,78,24,0,0,1,0,19,4,7,3,0,273,11,302,107,33,22,59,10,15,18,11,38,6,68,26,10,335,29,4,4,23,30,6,41,50,15,12,5,64,6,104,21,3,15,149,1,45,8,18,4,99,11,1,5,70,16,44,10,0,10,14,23,12,17,30,19,38,21,2,5,72,0,24,197,4,1,22,54,2,8,0,0,1,13,20,0,22,340,11,161
cell236,0,1,0,12,57,9,14,57,105,13,6,46,0,0,15,20,45,2,167,324,8,2,1,0,73,13,6,5,13,1,289,4,365,120,40,11,51,44,9,14,0,32,7,55,17,2,371,41,12,9,22,18,2,55,40,19,11,17,34,13,114,3,6,0,126,0,31,14,13,12,100,3,5,6,111,22,17,10,0,5,21,9,9,5,38,9,64,16,0,3,52,13,10,112,6,4,5,69,3,36,3,0,2,16,16,0,18,303,20,27
cell237,0,107,0,13,0,49,0,157,52,18,8,42,2,0,46,6,49,1,41,1,1,0,1,0,9,2,0,53,11,20,7,1,11,8,29,7053,79,22,4,4,1,22,1,28,345,4,17,7,6,4,10,25,1,140,38,19,2,131,41,157,17,7,4,0,0,1,42,182,25,13,82,29,8,73,11,1343,1,21,0,4,2,3,91,0,38,18,9,8258,31,4,13,0,0,31,7,3,2,46,0,5,7,0,0,10,20,2,8,1806,9,17
cell238,0,1,11,4,323,71,0,248,65,15,17,69,5,0,19,5,49,6,16,1,2,0,2,1,2,4,2,55,18,39,12,3,13,8,28,4980,88,37,3,7,13,35,1,54,574,1,9,9,8,14,10,34,0,163,45,13,2,98,33,209,16,29,5,0,2,3,43,180,13,11,89,12,3,81,14,1231,5,36,2,3,2,7,102,0,22,14,16,7823,5,2,18,0,3,34,4,2,1,49,0,11,21,0,1,31,15,6,10,847,5,18
cell239,34,0,1,9,220,3,0,76,120,10,4,49,0,0,11,13,41,10,112,92,5,2,0,0,41,34,17,12,16,0,252,17,223,109,24,60,64,29,2,9,11,38,10,66,19,0,198,46,8,26,18,24,2,59,40,21,8,8,22,7,68,19,2,0,104,2,42,3,7,19,80,22,2,4,72,18,16,2,4,11,11,2,13,14,48,25,25,43,9,7,75,0,14,100,2,3,6,58,0,12,0,0,0,36,18,12,6,241,10,113
cell240,10,0,2,14,521,9,0,124,301,46,10,92,2,0,71,2,129,8,806,975,76,3,0,0,586,72,0,8,35,5,2912,132,3109,598,42,221,130,36,19,7,0,72,6,146,34,4,1335,37,13,59,35,53,2,2,68,29,6,20,65,16,474,36,19,0,105,2,65,27,15,13,225,34,6,18,742,77,7,13,102,7,7,23,25,3,6,15,11,284,16,1,88,0,7,476,1,2,7,113,2,18,1,0,0,73,66,10,20,25,28,331
cell241,45,0,0,4,6,18,0,91,123,13,9,75,1,0,34,6,59,15,68,134,32,15,1,0,0,14,12,10,11,0,204,11,304,96,45,38,79,60,8,8,1,57,8,100,29,5,313,57,33,44,17,42,4,75,40,15,17,22,69,19,106,47,10,10,149,1,15,9,9,1,132,8,1,5,61,20,24,27,0,13,15,12,7,1,51,44,58,54,3,12,58,13,22,190,4,7,5,56,2,33,1,0,0,46,13,7,15,869,16,89
cell242,2,0,1,4,9,15,0,51,116,16,9,37,8,0,14,4,44,6,125,70,6,5,4,4,1,17,6,9,16,0,361,28,306,110,57,34,19,79,5,15,0,47,6,39,16,1,324,64,12,19,16,32,8,62,56,12,26,18,39,4,93,47,3,37,193,2,27,10,9,2,104,12,0,5,55,25,10,27,0,31,10,23,13,0,33,26,83,42,1,27,61,0,15,202,2,21,9,58,0,15,0,0,0,33,22,3,8,1018,12,203
cell243,4,0,4,1,13,41,1,166,40,20,9,98,0,0,31,5,47,1,20,2,7,1,0,0,4,0,2,34,15,62,2,0,8,15,23,4094,74,39,4,7,5,42,1,52,715,8,20,5,19,23,13,29,2,0,56,16,2,202,35,182,18,3,4,0,1,4,49,283,22,4,105,28,4,133,7,1225,11,9,6,1,6,3,52,0,19,6,16,7950,9,2,15,2,4,38,8,2,0,33,0,5,13,0,2,26,21,4,9,1683,16,14
cell244,0,2,2,11,20,80,2,205,0,3,9,71,2,8,33,7,57,14,12,3,10,1,2,1,1,2,0,86,20,65,10,0,16,9,33,7021,93,56,14,5,1,44,2,46,942,10,12,14,8,16,14,47,2,20,44,16,3,237,47,160,28,0,0,0,3,0,46,246,16,8,123,0,19,100,7,1316,5,8,0,1,9,5,69,2,28,8,28,7529,21,0,18,0,2,47,6,2,14,85,0,9,3,3,0,22,22,8,2,540,3,15
cell245,3,8,4,13,0,28,19,233,41,14,5,88,4,0,6,5,56,5,17,3,2,1,0,0,10,13,3,72,8,39,12,6,16,5,39,1918,67,67,6,1,0,30,4,42,752,3,20,4,5,13,13,18,0,57,41,7,3,160,42,182,10,13,4,0,7,0,37,319,12,6,108,7,2,57,10,1252,3,45,1,2,5,0,76,2,7,4,7,8033,9,7,14,0,6,42,7,1,5,57,0,5,20,0,2,26,15,6,2,1677,6,17
cell246,0,1,0,3,5,10,0,52,91,18,7,55,3,0,23,16,61,6,159,121,19,3,2,1,0,27,0,7,17,0,255,9,192,130,38,25,56,37,4,7,0,41,3,86,19,7,325,38,8,3,8,32,0,36,58,22,6,13,24,4,82,44,3,15,108,0,25,16,11,13,117,0,0,8,46,14,31,2,1,29,15,13,18,0,37,6,68,26,2,9,44,0,28,44,1,1,16,69,17,13,4,0,0,23,19,11,8,56,15,180
cell247,8,1,0,4,537,10,4,129,237,21,21,76,2,0,52,3,51,11,688,1629,31,0,0,0,433,93,7,13,27,0,3582,98,1691,403,45,492,86,41,12,2,13,40,8,62,42,14,2169,20,21,40,49,42,4,0,64,13,0,50,54,31,454,47,12,3,106,2,30,41,14,7,126,11,10,4,407,100,3,0,0,19,0,4,37,8,45,17,14,411,16,2,105,23,5,177,1,2,3,78,13,27,2,0,0,36,45,2,6,6,29,219
cell248,11,14,2,8,348,7,1,99,200,14,4,50,0,0,31,6,44,5,112,994,96,13,1,2,506,95,93,20,11,0,2387,125,1334,405,20,353,81,62,7,11,3,38,1,50,63,4,1722,15,10,32,35,30,4,102,47,17,7,39,53,23,339,24,4,0,33,0,51,45,11,6,134,7,5,27,701,83,3,18,0,5,3,32,22,6,29,14,13,326,12,5,91,2,7,282,1,0,4,68,18,14,1,1,0,19,54,8,9,13,42,261
cell249,1,16,2,14,0,4,0,120,231,19,12,68,3,0,53,9,71,6,327,1710,112,7,0,1,758,70,3,6,20,0,2086,77,2398,570,38,338,104,22,15,15,0,49,23,57,81,5,1344,17,7,24,58,39,2,36,62,17,5,36,55,16,394,31,7,0,56,1,32,22,15,12,112,6,15,14,541,87,5,31,1,3,8,29,30,1,36,9,10,365,23,0,89,10,11,436,3,0,4,53,4,30,6,0,0,42,66,6,12,10,57,258
cell250,1,7,1,8,130,15,0,112,244,6,6,69,1,0,35,13,37,5,211,1442,135,3,0,3,166,52,0,8,17,0,2514,168,2373,576,10,306,94,30,5,9,1,35,13,21,77,8,254,26,3,35,54,21,0,10,45,18,8,34,46,30,398,46,7,0,43,0,57,35,14,17,87,0,4,24,757,73,3,24,0,2,2,31,27,5,45,5,6,318,9,2,79,17,9,264,2,0,3,53,8,27,3,0,2,27,65,5,16,4,72,213
cell251,0,4,0,0,126,16,0,72,166,14,22,47,0,0,39,2,80,13,97,186,5,3,1,1,0,29,3,5,24,0,127,29,221,87,31,57,95,57,4,11,0,54,16,89,26,15,62,28,7,8,6,38,6,11,77,20,6,20,56,8,73,29,4,0,66,1,32,18,7,4,103,5,6,2,86,12,16,13,0,8,7,12,18,7,15,6,52,61,6,0,64,0,14,195,6,3,7,76,0,19,3,0,0,16,18,14,20,241,8,100
cell252,0,5,2,3,2,8,6,120,164,16,12,70,2,0,28,13,62,3,125,1553,114,8,0,0,392,31,10,20,16,1,1716,50,1410,416,40,376,90,43,12,4,3,28,2,72,89,17,1852,6,5,37,34,32,4,37,42,5,5,32,43,15,369,42,6,0,36,0,54,39,16,17,83,4,8,24,386,105,5,15,10,3,1,9,22,7,27,8,8,358,12,1,76,0,13,178,3,2,2,47,6,12,7,0,3,68,56,11,7,13,82,68
cell253,27,6,1,0,311,8,0,128,165,23,12,88,1,0,30,10,47,12,113,876,109,2,0,0,377,61,11,9,19,0,2762,108,2294,308,25,167,98,89,9,2,3,28,11,55,64,3,1296,17,11,47,50,28,1,104,64,20,3,48,51,20,304,27,6,0,46,0,44,33,13,3,89,11,13,35,158,95,4,33,11,3,4,18,25,7,55,4,13,386,15,3,75,0,6,312,2,2,9,57,2,25,2,0,1,60,66,14,14,21,63,116
cell254,0,15,0,4,123,10,2,111,214,6,2,40,1,0,24,7,51,3,130,1008,166,8,0,2,135,65,11,10,23,0,2598,116,1458,439,29,323,70,43,14,1,0,21,19,44,19,2,231,13,17,34,31,24,4,112,35,12,3,27,40,3,344,28,12,0,49,1,32,46,16,16,80,25,2,23,217,91,12,18,0,0,4,7,33,3,28,5,17,327,7,1,93,25,2,244,2,0,5,58,11,18,8,0,0,29,71,7,2,11,67,117
cell255,44,11,1,6,122,13,0,67,141,13,4,31,0,0,52,4,44,3,163,137,5,4,0,0,0,29,10,14,15,0,260,13,229,119,14,20,81,34,6,11,20,28,11,22,18,2,254,44,3,7,22,22,1,39,39,9,3,3,10,7,79,28,6,0,47,3,40,4,23,17,80,1,5,6,60,18,14,6,0,9,4,12,15,6,29,15,22,58,7,2,78,0,15,54,2,2,7,66,1,8,0,0,0,29,30,4,3,169,47,148
cell256,3,6,0,5,269,4,0,121,267,13,8,73,2,0,23,9,54,3,1368,1961,103,2,1,0,241,48,0,12,14,2,2095,75,1672,525,37,160,74,48,9,18,1,27,10,22,79,5,2121,18,3,35,54,18,2,5,28,16,2,38,33,36,199,4,12,0,81,7,15,40,5,16,81,1,7,18,612,93,6,43,21,25,1,47,31,3,46,17,14,360,9,4,151,0,18,223,12,2,2,44,4,42,5,0,0,26,72,5,18,4,52,175
cell257,78,23,0,2,21,11,0,136,258,30,2,77,0,0,39,8,53,7,1091,1334,96,2,0,0,659,39,18,18,14,0,4685,25,1764,394,27,165,89,27,11,4,0,24,19,37,77,7,1614,29,6,23,45,32,3,0,35,16,6,45,57,10,205,23,13,0,88,1,26,49,13,11,104,41,4,13,464,75,3,5,0,37,2,18,19,13,38,10,11,402,7,1,107,0,9,234,8,4,2,65,0,21,1,0,0,19,58,2,22,10,22,112
cell258,7,5,2,2,110,10,1,83,177,14,10,47,1,0,11,5,45,9,103,139,13,3,1,0,0,32,22,6,16,0,230,30,240,89,39,63,88,44,4,9,0,22,9,50,20,10,260,36,3,0,8,32,0,10,34,10,16,19,38,7,80,20,1,0,90,0,47,10,10,8,66,0,10,19,52,25,15,16,14,7,2,14,17,10,18,4,24,81,8,3,52,0,19,149,3,0,18,53,2,35,1,0,0,42,17,3,23,121,43,137
cell259,0,5,0,0,118,7,6,65,73,9,6,42,3,0,46,4,35,3,56,43,8,7,1,1,0,20,7,12,20,1,245,64,109,65,20,62,40,43,5,3,5,23,4,22,25,1,229,20,1,10,8,12,0,76,32,14,3,21,22,9,81,17,5,0,25,0,24,22,10,11,61,15,0,3,38,46,5,25,1,4,2,17,8,3,33,8,16,59,8,0,53,0,9,29,4,1,7,63,0,39,1,0,0,18,18,3,7,103,23,115
cell260,4,1,0,16,1,12,0,109,84,36,9,53,1,0,35,5,30,5,111,1124,55,0,0,0,245,17,0,4,16,3,1433,74,1268,380,42,213,78,41,16,14,0,30,7,44,61,3,1677,13,10,32,42,23,2,1,37,9,6,45,49,37,347,31,10,0,60,4,38,39,19,16,77,8,5,14,377,89,11,14,0,6,7,29,26,2,27,13,11,300,14,1,76,14,7,117,1,2,2,56,2,45,11,0,0,50,56,10,5,9,17,257
cell261,50,0,1,11,1,29,6,130,106,27,6,83,1,0,27,17,58,13,243,747,100,3,0,0,530,59,9,19,21,3,1172,107,1222,426,39,293,129,39,17,34,1,49,15,32,51,3,1587,24,4,54,56,41,6,90,43,26,9,29,53,18,324,27,11,0,28,5,49,41,14,7,131,7,5,19,409,80,5,5,62,8,4,30,20,8,58,0,13,264,9,2,82,0,6,223,11,2,6,70,0,43,1,0,0,34,59,2,7,14,38,283
cell262,10,2,0,12,328,17,0,90,120,13,5,61,5,0,9,11,30,0,123,184,14,0,0,0,0,50,2,13,19,2,215,16,354,136,22,69,81,35,5,9,0,26,7,50,21,18,72,37,1,40,6,27,0,2,23,12,11,15,27,9,88,18,5,0,111,0,21,5,6,13,82,7,0,10,126,43,20,20,0,13,7,11,13,18,29,26,18,61,0,4,73,0,11,118,7,6,8,39,3,23,0,0,0,37,14,7,10,125,8,193
cell263,52,8,1,4,412,11,0,119,262,19,14,44,0,0,15,10,51,3,208,430,122,5,1,0,45,38,26,18,16,5,948,170,1045,369,55,311,100,35,12,16,3,38,3,76,67,7,1401,12,10,41,41,22,5,84,55,13,10,40,36,37,314,31,7,0,35,2,24,37,3,19,89,6,4,14,445,64,5,30,4,17,2,4,23,4,9,13,16,231,6,3,79,0,10,165,6,4,7,75,1,27,5,0,0,60,51,7,6,3,28,219
cell264,0,14,2,6,54,34,0,179,74,10,11,86,1,0,28,8,46,12,18,2,6,5,0,2,0,5,0,64,32,37,4,1,17,12,37,7104,75,86,5,2,2,32,5,27,739,15,2,10,15,14,12,33,1,122,46,14,0,17,41,103,12,13,0,0,27,5,47,257,18,7,98,8,36,76,14,1037,4,12,2,6,3,3,63,0,35,44,24,7420,3,0,12,0,1,6,1,0,8,51,0,2,4,2,0,21,26,5,6,980,5,15
cell265,0,2,0,8,16,8,1,69,131,12,6,44,1,0,20,16,44,1,146,173,13,2,0,0,0,13,35,10,17,0,250,25,313,129,20,46,93,11,8,4,5,23,14,57,17,9,175,27,9,4,20,19,0,50,23,12,25,3,12,1,85,20,4,0,77,0,21,15,6,8,83,6,2,5,101,20,14,8,0,4,2,32,10,1,27,37,17,55,6,0,71,3,4,137,9,0,12,40,0,15,0,0,0,4,21,2,8,102,23,119
cell266,0,1,0,5,0,12,0,59,145,13,3,59,2,0,30,2,37,3,292,333,14,3,1,0,28,2,9,13,16,0,684,43,516,171,39,49,69,53,6,21,1,40,18,67,12,5,70,32,4,10,17,27,4,6,41,17,4,20,28,5,155,13,10,0,35,0,29,4,12,6,98,7,0,4,148,24,6,24,0,30,3,8,15,3,19,8,7,58,9,2,93,0,8,32,3,5,2,57,25,40,2,0,0,57,24,9,10,162,26,142
cell267,11,63,0,1,6,41,1,183,62,2,13,59,3,0,3,14,67,7,24,0,2,0,0,0,1,3,0,35,31,30,7,2,21,10,40,7466,76,44,7,1,0,33,8,39,453,5,0,8,20,25,4,24,3,1,49,9,0,0,37,144,16,8,2,1,0,1,33,199,13,5,82,1,3,47,4,897,2,68,0,7,6,2,63,2,27,24,14,7690,8,1,16,0,3,21,1,0,2,61,1,1,18,0,1,22,20,4,10,1103,13,16
cell268,22,0,2,7,196,12,0,99,217,35,9,47,9,0,38,4,53,6,462,636,50,5,0,1,68,23,56,16,20,0,1993,57,1503,313,51,280,88,59,16,13,8,48,18,62,32,6,1553,29,4,54,42,35,1,8,45,21,4,33,50,16,246,36,7,0,84,1,35,47,12,15,109,34,7,21,275,71,11,7,54,5,3,18,34,13,50,10,25,289,21,3,63,0,13,272,6,2,1,61,0,19,4,0,0,39,54,0,10,9,19,250
cell269,3,0,10,1,63,40,0,168,76,2,3,49,0,1,45,8,48,3,17,0,5,2,0,0,0,3,0,38,9,30,9,0,4,22,42,7287,64,87,7,0,5,25,1,37,256,7,21,10,9,41,4,28,0,84,47,19,6,39,40,124,23,11,4,0,0,1,28,178,20,3,93,5,1,50,8,1153,13,28,0,10,5,4,59,1,13,27,16,7787,25,0,21,0,8,55,9,0,6,66,0,10,9,0,1,13,14,1,7,3731,8,12
cell270,10,3,9,17,330,12,0,70,140,10,8,41,0,1,50,6,41,1,84,272,45,0,0,0,0,34,9,12,26,0,422,43,410,41,32,57,72,26,4,16,1,38,23,66,7,8,128,29,8,9,4,23,1,76,28,10,4,16,20,5,139,30,4,0,36,0,41,15,12,9,79,7,0,4,56,19,16,25,5,2,0,16,7,5,32,44,16,56,15,1,71,12,10,99,3,2,4,46,16,23,2,0,0,39,12,6,14,33,17,164
cell271,0,6,0,1,17,10,0,88,209,8,6,64,0,0,18,4,33,2,121,259,16,3,1,0,0,34,26,4,8,0,453,31,415,106,18,58,79,40,0,7,0,17,13,44,25,2,407,29,0,10,12,27,4,5,23,9,5,7,29,9,59,23,8,0,84,1,30,17,18,4,68,1,3,2,109,28,13,24,3,7,3,4,7,14,10,15,14,50,14,1,56,0,10,107,8,2,4,32,4,44,0,0,0,48,23,1,6,186,33,133
cell272,70,34,0,11,334,12,0,118,183,24,9,103,1,0,26,8,70,1,532,1111,172,5,0,0,424,34,12,27,16,2,4652,248,1955,425,20,171,110,34,6,2,5,42,11,74,74,16,1051,23,10,41,11,42,4,150,43,24,7,44,61,30,345,19,10,0,97,0,34,52,21,15,125,11,10,29,555,84,6,34,0,11,3,48,30,9,35,10,13,342,9,3,86,0,7,172,7,2,7,74,0,16,2,0,1,38,52,10,11,13,13,182
cell273,1,10,0,8,194,13,0,52,123,9,3,40,0,0,23,6,29,2,142,147,36,0,3,1,30,55,8,13,13,1,430,6,351,142,24,49,73,17,6,10,16,19,12,54,21,10,103,18,1,0,14,20,0,84,16,10,7,16,18,4,106,19,4,0,43,2,10,4,11,15,69,5,0,4,110,23,3,5,0,11,8,13,11,3,45,8,15,67,13,0,80,0,10,52,6,3,6,52,7,17,2,1,0,49,19,13,11,37,13,114
cell274,32,2,2,18,525,9,4,170,466,38,6,92,1,0,47,2,77,13,617,1296,103,17,1,0,278,64,2,9,32,0,5643,94,3077,647,47,253,146,125,24,5,6,68,6,109,59,11,1925,36,12,63,52,52,2,36,59,34,15,61,55,20,399,28,12,0,85,3,24,27,18,6,160,8,7,14,607,83,19,15,0,33,3,24,31,23,23,9,16,337,4,1,74,0,16,361,4,3,10,98,2,20,3,2,4,24,41,4,15,4,15,325
cell275,5,3,1,5,210,8,0,112,233,34,19,38,7,0,15,14,43,7,115,551,48,13,1,0,137,33,52,7,23,0,843,65,1128,302,35,368,88,107,11,21,10,50,12,50,81,7,1603,13,2,41,48,38,4,83,53,10,6,4,59,35,286,17,18,0,87,0,29,15,11,6,139,13,11,16,340,90,15,18,0,6,3,5,36,14,38,20,13,422,11,1,69,0,6,142,5,7,3,76,6,11,0,1,0,25,43,3,4,2,5,282
cell276,58,1,3,21,2,6,1,65,135,11,3,60,1,0,35,3,42,4,113,270,34,1,0,0,0,45,24,13,19,6,325,67,321,138,32,62,71,46,3,4,0,19,10,53,14,0,46,30,5,29,13,21,0,8,20,7,8,8,20,13,139,21,5,0,83,0,27,16,13,9,80,2,3,6,33,32,5,14,22,18,3,16,13,10,17,7,25,47,6,3,63,17,13,94,1,2,7,49,2,16,8,0,0,34,19,11,14,8,31,93
cell277,1,5,0,10,9,17,0,178,66,4,4,55,1,0,7,12,32,1,13,4,6,0,0,0,2,6,1,64,16,16,9,0,19,9,6,3468,86,49,10,7,1,17,4,15,617,1,17,4,7,1,13,22,2,19,26,7,2,116,10,157,20,2,1,0,0,0,23,224,13,9,46,5,1,19,4,812,3,21,0,6,1,7,87,0,9,52,8,8407,23,0,16,0,3,15,6,4,1,28,0,11,31,0,0,30,20,2,14,3204,8,7
cell278,2,3,0,8,204,12,0,106,226,23,6,36,0,0,35,5,73,12,217,674,66,3,1,1,133,81,41,10,24,1,2291,83,1128,368,33,313,87,59,19,0,5,32,3,85,81,1,1591,24,18,32,49,48,3,39,69,20,3,20,31,9,299,18,12,0,77,3,41,40,12,13,133,7,13,5,377,100,2,14,5,35,0,20,32,12,47,9,19,312,7,0,75,0,6,206,1,6,1,84,0,35,3,1,1,34,27,13,13,8,16,180
cell279,76,0,7,5,1,10,0,68,156,12,8,31,1,0,38,15,34,6,52,275,11,0,1,0,87,17,0,8,12,0,209,12,324,147,34,33,62,24,2,6,0,19,1,30,7,0,122,31,3,13,14,15,0,7,33,21,9,17,7,10,99,7,2,0,61,0,31,15,23,12,76,14,4,0,50,20,1,6,3,6,9,13,10,13,24,11,30,46,0,3,96,0,13,69,5,7,5,33,5,9,2,0,0,38,30,9,8,68,18,119
cell280,3,1,0,10,0,1,0,102,242,36,27,89,0,0,38,8,88,17,224,468,26,12,0,1,122,46,4,11,29,2,1264,72,996,284,47,272,86,129,18,5,0,55,17,88,33,11,1035,35,11,15,53,42,5,74,62,45,10,15,54,49,245,19,6,0,58,4,40,32,19,6,168,22,5,22,256,69,15,20,0,6,4,20,26,19,31,9,14,258,7,2,134,0,8,295,3,1,6,71,5,17,0,0,0,26,21,1,8,13,10,425
cell281,29,0,0,4,3,11,0,84,171,1,7,39,0,0,15,7,34,3,88,182,25,0,3,1,0,32,6,7,28,0,356,18,321,138,22,19,83,44,8,5,1,22,6,28,20,7,394,37,11,3,8,27,5,43,19,19,20,9,15,18,80,21,13,0,71,2,17,13,7,4,74,8,0,9,141,54,3,16,1,8,3,22,12,24,23,15,11,84,15,2,53,0,14,102,7,0,5,32,11,14,3,0,0,40,14,1,13,86,70,124
cell282,70,2,1,13,0,5,0,124,141,43,21,71,0,0,66,6,67,13,103,538,27,3,0,0,234,43,1,16,18,1,709,36,841,357,54,164,95,77,14,15,3,65,17,95,65,4,879,21,5,65,61,56,3,98,46,27,11,40,74,17,214,19,9,1,111,0,52,16,20,8,161,32,7,20,144,76,16,12,45,3,0,32,15,4,60,11,13,260,12,0,64,0,7,224,0,1,9,105,3,28,2,0,0,24,23,5,13,39,9,273
cell283,1,10,1,11,1,3,7,119,325,46,7,85,0,1,50,10,57,14,179,600,83,21,0,0,339,28,24,8,18,1,894,82,909,323,20,217,106,112,11,13,42,59,9,54,77,15,1189,25,25,2,37,55,0,80,57,27,22,19,75,11,243,26,29,0,83,1,81,33,7,14,192,52,0,27,157,74,5,8,15,2,3,14,28,5,48,20,5,264,4,0,73,0,6,246,14,1,14,82,1,34,3,0,1,32,16,6,11,7,17,320
cell284,47,0,1,7,422,11,0,118,141,17,9,90,1,0,16,15,51,12,430,474,46,0,2,0,492,33,0,17,26,7,937,54,815,192,39,201,79,133,13,5,0,61,21,85,46,1,1166,36,16,30,35,44,3,92,67,20,6,43,68,11,289,27,11,0,116,0,53,32,19,11,138,10,13,24,287,57,3,12,0,17,1,13,28,9,28,5,17,245,13,1,67,0,4,135,3,2,8,81,0,12,4,0,0,25,24,6,9,40,10,354
cell285,0,1,0,6,0,11,0,101,164,22,8,30,0,0,36,9,35,2,171,154,43,8,2,0,0,28,3,8,17,2,354,4,307,173,16,55,101,46,3,16,12,25,5,19,58,4,441,24,8,2,23,18,0,111,35,11,17,8,25,6,122,12,8,3,138,1,11,11,16,4,82,9,4,14,69,64,3,7,0,5,4,27,15,18,33,16,27,104,8,0,64,14,6,138,6,2,3,59,15,15,1,1,1,18,21,7,9,137,66,438
cell286,0,10,6,21,0,34,3,199,70,0,4,71,1,0,14,2,26,2,26,0,0,0,2,0,0,3,0,55,11,2,8,0,13,4,16,5804,86,37,8,1,1,25,2,12,404,5,23,11,7,4,18,14,0,11,18,15,7,53,17,131,18,4,2,0,2,0,9,161,12,4,47,3,8,15,9,604,17,42,0,4,3,2,46,1,7,30,11,7253,34,7,14,9,8,37,0,1,3,21,0,7,22,0,0,25,31,11,5,4438,8,24
cell287,111,2,0,11,1,11,1,84,162,10,2,47,1,0,30,10,37,1,152,201,6,5,0,4,0,57,0,20,17,3,227,46,280,109,30,94,72,43,9,6,2,16,13,42,37,10,4,32,7,8,5,20,2,30,23,13,8,16,14,10,90,24,7,0,31,1,27,18,15,10,73,4,4,24,105,44,19,10,0,10,3,9,11,12,7,5,25,98,1,1,55,12,15,18,0,0,2,35,0,10,0,1,0,46,14,2,4,147,27,342
cell288,1,14,0,8,61,53,0,206,24,3,12,55,1,0,13,7,19,5,15,2,4,0,1,1,1,1,0,54,26,7,5,0,11,11,16,7519,58,25,3,3,5,15,3,28,543,1,0,11,3,2,8,18,1,2,25,10,7,133,27,94,18,5,1,0,8,0,11,155,19,10,37,8,1,3,3,895,3,50,0,5,4,2,74,1,3,50,6,8073,3,0,18,0,2,34,2,1,1,23,1,9,24,0,0,24,34,0,12,2077,10,10
cell289,0,1,2,3,462,5,0,113,402,55,10,71,1,0,62,13,138,17,444,508,69,1,0,0,97,23,20,6,35,5,995,102,829,264,44,284,124,269,26,12,11,57,7,66,56,8,970,22,19,139,36,77,0,2,98,22,5,35,52,14,194,45,11,0,110,2,61,26,13,19,279,20,8,7,146,70,5,10,0,7,4,41,17,9,119,11,19,236,5,1,38,0,12,343,3,3,38,93,3,26,7,0,0,34,21,2,11,20,10,592
cell290,35,8,1,2,3,1,0,100,381,77,51,92,9,0,143,7,108,16,514,659,38,3,0,1,214,70,18,6,42,0,881,179,666,235,70,246,94,99,19,14,22,53,14,125,80,2,885,17,14,57,32,58,6,35,61,42,8,28,61,16,221,48,16,0,8,2,74,27,22,9,232,31,4,9,162,63,5,4,4,8,3,23,25,21,63,13,17,278,1,4,84,0,13,467,2,1,5,105,1,6,4,0,0,95,19,5,5,6,18,297
cell291,0,15,4,11,0,5,0,135,205,19,14,92,1,0,95,3,108,3,405,558,72,3,1,3,188,17,17,11,34,5,1112,36,730,269,51,199,131,84,17,10,4,50,15,120,62,5,298,31,9,29,28,51,5,25,53,44,14,35,71,8,241,10,34,0,77,3,57,26,23,12,192,15,15,5,164,81,9,20,16,0,4,17,17,7,24,11,22,286,16,1,68,18,6,246,4,1,7,52,0,28,0,0,0,38,22,2,4,11,8,295
cell292,0,1,8,21,0,26,0,147,84,3,2,47,4,0,25,7,28,0,48,0,2,2,3,0,8,2,0,47,8,15,9,2,20,4,20,4636,65,22,10,4,0,20,7,41,393,4,2,5,5,9,10,17,2,61,18,8,6,0,12,64,15,3,3,0,7,0,18,139,11,8,59,12,31,54,6,551,8,32,2,8,5,3,62,0,14,35,18,6129,10,0,14,0,2,25,4,1,5,29,4,10,21,1,0,20,25,18,8,1669,10,23
cell293,4,5,4,10,234,11,0,85,129,7,5,64,1,0,29,14,47,3,122,110,11,1,2,0,0,22,6,5,17,3,160,12,212,64,25,65,70,27,8,7,3,21,17,51,28,1,330,28,3,5,21,29,0,78,14,12,8,19,21,2,77,23,11,0,97,0,34,27,24,3,54,1,2,11,58,27,23,13,6,10,7,18,21,13,25,22,57,80,4,2,40,0,15,98,6,4,11,43,16,39,3,0,0,21,23,9,11,248,22,185
cell294,0,1,7,10,7,39,0,119,13,10,6,48,1,0,18,9,39,5,26,2,1,1,9,0,2,9,0,55,13,12,12,1,11,5,23,6102,76,29,5,8,11,17,5,48,395,3,12,10,3,17,3,24,5,20,28,14,1,0,22,122,15,5,3,0,0,3,34,136,10,3,74,5,6,26,6,440,4,21,0,3,6,5,44,0,35,38,26,5595,11,0,22,0,6,60,6,0,2,36,3,1,29,0,0,45,21,2,16,1824,7,15
cell295,10,0,0,15,336,6,0,98,116,35,7,93,15,0,47,21,88,4,477,685,47,0,1,2,98,35,1,7,29,2,609,22,717,294,73,249,92,128,28,4,14,31,16,92,56,7,533,16,12,73,47,43,4,17,67,25,6,18,43,29,231,30,10,0,34,0,60,43,22,4,158,24,2,17,259,69,13,14,1,17,5,14,17,7,37,7,25,249,1,2,68,0,5,193,3,2,2,79,2,24,6,0,0,53,17,11,12,35,14,483
cell296,2,1,0,11,0,7,0,99,275,44,15,68,6,1,49,8,70,14,119,514,63,11,0,0,0,38,19,24,29,0,574,63,526,183,63,176,117,126,17,6,0,59,17,111,78,5,751,30,8,20,32,49,0,11,66,20,13,18,75,23,182,29,16,0,73,1,71,30,8,16,211,9,0,21,166,63,5,3,3,2,2,14,26,24,22,7,9,265,5,1,71,0,5,339,9,1,14,94,1,12,4,1,0,45,28,4,18,8,18,294
cell297,0,6,2,11,0,18,0,93,161,18,5,49,1,0,40,7,35,3,180,69,16,1,3,3,0,10,1,13,13,1,99,27,231,92,23,12,81,20,12,16,0,25,15,38,36,3,281,37,11,23,23,13,3,10,19,13,19,8,19,7,93,14,2,0,56,0,32,10,4,4,70,0,8,9,106,42,22,5,0,8,7,6,18,32,14,33,48,93,21,4,65,15,22,96,1,4,1,30,3,19,13,3,0,13,18,2,3,192,19,260
cell298,4,7,1,17,5,14,0,98,344,34,11,102,0,0,80,16,85,16,111,327,35,30,0,0,226,19,1,5,29,3,334,37,589,267,68,200,126,124,13,7,10,59,7,89,65,13,5,31,9,47,16,56,6,92,71,35,9,41,47,16,104,55,13,0,54,1,68,35,1,15,240,7,3,25,64,66,7,9,6,0,7,14,21,3,100,15,7,317,14,2,45,19,6,378,0,0,5,118,8,25,0,0,4,34,24,7,17,11,25,570
cell299,124,0,0,6,18,10,1,117,202,13,0,54,3,0,17,5,44,5,60,157,3,2,0,1,0,6,4,11,14,0,175,30,329,132,17,54,74,29,4,8,7,13,8,36,33,2,341,29,7,6,19,18,1,86,14,5,4,16,9,7,96,11,1,0,147,1,21,16,18,10,54,5,0,12,125,66,35,27,0,13,7,6,25,25,18,38,43,136,5,1,65,0,17,111,6,3,3,40,2,22,5,1,0,33,20,4,12,203,28,129
cell300,0,4,2,4,0,5,0,121,344,38,27,110,8,0,82,15,121,3,329,380,51,1,4,0,57,10,13,8,48,4,1439,97,1073,220,63,270,131,155,24,5,0,67,12,96,25,10,552,29,13,16,44,67,3,26,67,27,1,22,61,32,215,47,28,0,36,0,95,41,11,10,221,20,1,28,266,82,14,6,0,7,7,7,18,3,26,24,15,247,5,1,47,0,7,316,4,4,16,131,11,41,1,0,0,17,21,10,14,9,14,484
cell301,0,1,4,11,14,12,0,76,119,10,6,26,3,0,26,10,20,5,230,171,4,4,0,1,0,39,0,12,14,0,293,17,245,118,15,74,6,22,8,1,9,28,4,21,38,3,18,21,4,1,4,14,0,8,14,8,25,14,17,7,93,17,0,0,104,0,17,13,14,0,45,9,15,20,85,41,6,9,9,9,10,11,15,19,17,17,39,84,13,1,60,0,6,134,4,2,1,31,3,14,3,0,0,56,15,7,13,96,17,196
cell302,4,17,0,12,0,32,0,134,4,2,7,53,3,0,23,0,50,6,20,3,0,8,3,2,11,4,0,49,16,2,7,3,18,12,21,3934,54,72,6,3,14,31,4,44,116,4,29,7,15,0,24,32,2,24,39,13,0,0,34,70,22,25,9,0,0,3,31,77,0,10,73,14,0,52,9,497,1,47,1,2,5,5,67,0,20,18,13,6527,18,1,28,0,2,30,7,1,1,49,4,5,19,0,0,18,16,2,1,1852,6,20
cell303,1,0,2,1,10,9,12,74,187,30,4,41,4,0,26,5,50,0,355,205,5,6,3,1,1,15,11,1,23,0,92,17,179,128,32,89,104,18,12,9,0,25,9,41,26,3,393,42,19,10,10,24,4,59,28,10,3,14,27,8,110,35,9,0,109,1,25,21,17,5,64,7,0,8,112,46,35,22,18,7,9,9,20,12,10,17,40,111,7,2,67,0,10,100,0,3,3,45,19,20,0,2,0,20,16,15,13,97,74,84
cell304,0,4,0,10,4,14,0,71,124,17,5,28,7,0,35,13,35,7,76,137,20,3,1,1,0,15,4,15,1,0,92,19,215,113,25,44,88,54,8,22,3,19,8,14,29,2,187,22,7,5,8,22,0,13,29,7,16,15,21,12,81,17,2,7,98,2,33,19,15,18,72,2,3,12,40,50,8,17,1,8,6,11,16,8,50,21,35,87,1,10,57,0,17,142,4,1,5,37,0,20,2,1,0,43,17,9,13,182,17,87
cell305,0,2,0,2,0,4,0,91,297,30,18,73,5,0,54,6,78,8,327,421,86,16,0,0,66,29,0,6,22,2,874,41,694,233,47,170,111,43,13,10,0,46,13,99,59,13,753,24,29,68,31,61,4,35,49,16,11,16,52,26,112,35,21,0,59,0,36,40,16,15,157,1,7,23,125,39,7,4,0,5,2,33,25,15,62,9,14,184,8,3,75,0,5,130,5,4,1,81,5,19,0,1,0,22,16,3,6,28,14,1028
cell306,0,0,0,2,0,14,0,82,116,8,3,63,2,0,19,6,33,4,74,105,10,1,1,0,0,12,1,18,13,0,130,14,222,59,12,51,89,14,6,6,0,22,8,28,32,2,244,39,4,3,19,25,0,6,22,14,36,14,17,4,82,14,2,0,136,1,7,25,16,22,50,1,8,15,44,44,32,13,0,6,8,15,24,9,27,17,59,130,10,7,44,0,8,138,0,3,3,37,18,21,1,2,0,13,22,5,6,56,46,131
cell307,1,1,0,13,282,4,1,99,169,31,14,51,2,0,29,15,45,8,79,133,19,7,0,0,63,12,20,2,28,1,534,1,597,149,41,148,70,85,19,9,1,35,15,56,67,16,681,30,18,17,27,32,7,56,50,25,7,17,66,6,113,19,10,0,69,0,35,30,27,3,116,6,2,16,163,60,11,23,9,2,4,0,14,11,12,9,7,190,5,3,87,0,11,147,5,0,2,56,0,22,6,0,0,33,24,2,21,80,13,410
cell308,0,0,1,21,156,18,0,120,53,10,5,84,11,0,43,5,64,3,28,5,4,2,2,5,7,7,1,41,19,12,6,3,7,9,42,4298,71,69,4,1,15,48,5,62,301,17,15,6,12,11,13,42,3,14,50,22,4,96,32,90,19,6,7,3,5,1,29,76,11,4,89,10,16,7,6,286,6,17,0,2,1,8,44,0,52,25,32,5942,22,2,38,4,3,32,10,1,5,70,0,32,48,0,0,15,9,13,9,382,6,19
cell309,16,0,0,9,35,9,0,100,217,30,6,58,2,0,30,3,63,5,186,223,24,1,0,0,121,26,20,10,24,0,310,38,442,108,59,193,93,35,13,16,2,45,4,55,64,18,126,23,3,32,40,57,4,40,42,23,1,12,53,31,155,2,17,0,47,0,32,20,15,18,148,15,0,14,114,71,16,4,14,0,5,16,14,5,24,19,20,190,2,2,54,0,4,131,3,1,30,106,5,1,0,2,0,13,18,10,8,46,10,941
cell310,7,14,1,2,329,7,0,95,262,32,6,59,0,0,28,5,77,14,239,367,63,3,0,0,47,15,21,9,28,0,439,19,310,131,35,126,94,47,14,11,0,37,5,41,77,4,380,36,20,32,18,48,4,27,55,22,11,24,58,10,166,14,8,1,28,0,54,13,18,4,169,11,9,15,80,78,4,7,2,3,3,15,22,8,46,16,18,178,4,1,56,0,10,136,5,2,6,98,5,12,0,0,0,39,15,4,12,11,27,613
cell311,0,8,2,3,3,8,6,119,203,34,10,47,1,0,36,2,21,1,171,216,10,0,0,1,0,25,21,7,20,2,249,2,152,100,17,96,103,30,3,12,0,18,9,53,38,10,232,23,7,29,1,22,1,89,27,5,17,22,22,18,68,18,6,0,132,3,11,23,16,0,81,4,3,16,44,67,20,23,0,12,16,15,17,26,24,36,39,133,7,2,44,0,15,67,14,1,10,39,11,4,0,0,1,24,21,6,13,135,45,156
cell312,6,32,1,8,260,39,0,160,101,35,2,76,8,0,49,15,69,11,62,1,10,3,0,0,6,2,0,12,13,18,10,1,15,8,26,3160,64,124,6,4,9,44,3,81,215,10,21,4,12,45,6,38,2,80,56,31,3,0,27,62,19,23,1,0,2,0,49,130,9,3,113,5,38,37,9,321,5,15,11,40,11,4,69,4,50,32,20,5633,27,0,17,0,8,85,2,1,2,72,1,8,29,0,1,35,25,9,14,1381,10,20
cell313,0,31,1,15,53,18,0,146,0,27,14,52,7,0,48,7,62,11,43,0,1,1,1,1,15,3,3,20,15,2,2,2,12,0,61,4987,43,78,2,1,1,41,4,34,300,4,2,10,13,0,2,37,12,96,53,19,0,0,44,53,14,16,4,1,8,0,29,111,7,6,103,4,5,54,6,278,0,20,7,9,2,9,33,0,19,25,13,6473,17,1,24,0,4,55,5,1,10,69,5,13,11,0,1,18,23,15,10,3155,13,15
cell314,0,26,2,8,136,19,0,170,53,3,16,73,4,0,52,2,62,8,31,1,1,4,0,0,13,4,0,28,10,27,10,2,14,6,42,3285,86,70,11,2,1,40,2,65,240,1,16,10,14,5,6,33,4,132,56,22,3,4,35,79,19,25,5,0,0,1,58,138,19,5,92,7,7,5,11,381,6,9,2,8,6,4,45,2,36,34,10,6622,13,3,29,27,7,46,1,2,0,64,6,7,9,0,0,45,26,1,6,2101,10,2
cell315,7,7,0,6,46,1,8,101,256,31,2,76,6,0,22,5,66,13,167,346,46,10,0,0,118,31,6,10,31,1,249,25,465,175,29,105,97,81,20,11,0,49,14,103,56,11,535,18,16,19,27,51,0,9,46,24,5,24,21,8,52,14,11,1,84,1,50,22,7,18,159,2,10,14,98,60,16,14,5,7,1,8,26,16,85,10,3,217,6,0,60,0,3,111,0,7,5,60,6,51,6,0,1,50,21,3,6,83,32,653
cell316,59,19,1,9,0,5,3,81,3,27,11,102,0,0,51,13,77,6,162,124,14,5,0,0,80,19,9,6,13,1,319,39,373,85,51,214,89,96,23,18,5,49,8,133,53,15,359,26,15,11,38,51,5,110,52,43,14,15,68,4,156,21,5,0,46,4,36,20,14,25,193,20,2,17,143,76,9,9,132,7,1,25,21,9,27,16,21,166,2,1,65,3,4,232,1,2,19,107,0,36,4,2,2,28,24,18,8,32,14,413
cell317,16,1,0,8,2,9,8,95,116,7,3,47,0,0,22,7,54,3,364,60,20,1,0,1,0,8,1,5,20,0,62,21,174,89,23,80,71,43,10,10,1,28,11,49,18,16,180,45,7,9,17,25,11,22,27,14,11,12,25,5,77,20,3,0,49,1,19,29,18,16,89,3,6,6,68,59,22,45,0,7,23,6,21,6,15,53,61,99,8,1,67,14,16,50,7,6,1,57,0,20,12,0,0,42,14,24,11,363,11,216
cell318,7,1,3,9,102,5,0,110,113,15,24,59,7,0,61,12,68,7,149,213,46,1,0,0,1,6,0,6,22,1,439,35,426,163,58,216,118,93,9,17,6,58,8,63,58,27,535,17,14,63,39,46,0,2,46,26,5,8,71,17,144,8,7,0,55,0,37,23,14,9,159,22,12,7,90,68,6,10,0,10,4,5,16,3,20,8,26,224,7,4,64,0,4,117,7,4,7,93,5,16,3,0,0,17,18,22,17,8,13,474
cell319,0,4,0,5,31,9,0,122,9,12,10,73,7,0,72,7,56,6,31,3,1,3,0,0,0,2,0,21,24,0,9,1,15,7,38,6383,85,158,2,0,3,64,3,51,297,17,16,14,30,17,1,44,1,50,50,24,5,1,62,79,21,27,10,0,0,4,28,74,10,4,133,11,8,6,1,316,17,13,1,49,7,7,38,0,56,34,54,3933,7,0,21,0,14,38,2,1,7,84,2,5,20,0,0,27,21,10,12,3163,5,10
cell320,1,0,0,12,0,10,0,74,148,12,2,51,1,0,17,4,39,5,80,62,8,3,0,0,0,19,7,4,26,1,129,7,141,62,26,35,88,27,3,20,0,28,4,46,22,5,33,31,2,2,13,32,0,18,15,10,27,23,10,23,97,17,12,0,47,1,37,18,4,25,61,5,0,15,35,58,34,18,3,6,1,5,15,24,21,8,41,112,7,5,55,0,30,100,4,1,7,30,10,9,2,1,0,50,17,14,17,451,42,133
cell321,23,3,1,9,0,6,0,99,228,37,8,98,0,0,80,4,73,5,287,230,58,2,0,0,59,44,3,6,38,0,902,65,530,164,53,256,119,74,23,10,1,67,11,103,49,11,511,18,9,63,36,53,4,52,50,21,11,39,64,25,204,30,13,36,37,2,44,35,17,20,197,12,0,26,109,91,23,2,1,11,5,16,18,15,21,4,18,254,0,5,55,15,7,174,2,0,16,88,0,10,2,0,0,17,24,10,12,18,25,445
cell322,14,9,3,3,253,2,0,90,158,32,8,56,4,0,69,5,86,3,174,374,48,1,4,0,0,36,6,19,18,6,432,1,359,135,37,221,94,79,13,11,5,54,17,67,62,5,462,14,12,2,22,40,0,45,47,32,16,16,26,19,134,13,9,0,47,4,56,41,8,7,171,27,4,12,157,84,9,10,0,10,4,9,22,11,28,9,13,246,4,2,96,13,6,142,5,2,16,83,3,20,3,0,1,32,25,5,11,21,21,610
cell323,4,0,0,1,238,19,0,102,28,14,2,35,1,0,19,10,28,5,203,121,11,2,1,0,0,27,0,12,12,0,269,30,258,88,14,62,78,22,4,3,0,18,0,36,56,7,358,49,6,6,14,21,6,21,14,10,7,16,26,10,110,5,6,1,137,0,14,17,21,9,65,6,0,6,72,53,29,8,3,13,19,1,18,31,12,38,84,108,16,11,57,0,18,59,1,7,2,29,6,5,1,0,0,37,20,7,10,160,45,129
cell324,0,0,1,1,193,18,0,100,150,17,14,64,0,0,39,2,47,4,82,86,14,10,5,0,0,17,0,8,21,0,145,19,194,118,10,38,88,54,5,6,3,25,1,47,39,1,118,20,2,15,7,26,2,50,35,10,7,20,26,6,70,5,2,0,16,2,30,7,10,0,70,5,3,7,75,52,42,37,3,14,12,7,15,10,42,24,48,83,8,3,45,6,10,152,5,3,5,46,3,18,2,0,0,31,17,11,7,114,21,235
cell325,6,3,0,0,287,14,0,85,138,7,0,43,0,0,23,15,50,3,131,57,5,3,1,2,0,13,4,16,13,2,136,9,226,59,17,165,75,37,8,6,2,21,9,24,50,0,171,39,12,20,20,19,3,48,24,12,3,2,29,18,108,8,6,0,79,1,35,16,21,9,76,3,6,17,55,63,11,40,12,13,17,3,15,21,23,37,37,130,4,8,67,0,15,91,3,3,2,57,3,26,4,1,0,28,22,16,14,215,20,115
cell326,21,10,1,11,54,14,3,95,120,19,2,52,2,0,18,13,30,0,72,114,3,4,0,0,0,10,5,14,29,1,123,14,220,98,5,115,76,25,6,1,6,26,6,48,57,2,247,20,3,5,12,21,4,95,20,9,8,24,11,7,63,2,4,0,79,1,33,21,8,12,59,1,0,17,79,45,8,13,18,10,3,17,20,17,33,24,13,141,16,4,55,0,14,67,3,1,4,56,7,6,0,0,0,11,15,14,15,135,40,131
cell327,0,3,1,3,57,32,0,148,55,8,2,52,2,0,19,9,105,6,23,2,0,1,5,1,9,2,0,30,27,14,18,1,14,10,66,1897,94,128,7,0,2,74,4,90,280,12,1,10,2,33,13,54,0,131,66,33,2,0,51,97,12,9,7,0,7,8,41,95,12,2,124,6,7,40,6,219,5,26,0,6,8,7,47,0,31,13,13,3877,12,1,16,0,2,25,5,0,5,64,3,11,17,0,0,27,19,9,6,2092,4,14
cell328,47,7,0,11,120,11,0,94,181,6,6,82,0,0,43,6,32,8,369,80,4,6,1,0,0,18,2,13,10,0,98,8,267,128,23,21,87,35,1,16,0,26,6,29,56,2,181,31,7,29,7,24,5,54,25,12,8,23,34,10,106,21,5,0,94,0,35,27,17,23,69,18,4,14,110,60,14,16,4,18,11,7,12,5,46,9,15,137,9,0,72,0,4,94,1,7,7,68,4,15,5,0,0,33,26,8,19,247,44,120
cell329,0,0,0,3,0,6,0,86,54,29,1,46,1,0,36,4,27,1,191,299,4,0,2,0,0,24,0,17,12,0,263,2,297,148,16,133,78,51,6,8,0,24,0,38,48,8,335,51,5,13,14,19,0,32,22,11,26,11,18,15,99,29,9,0,47,0,11,18,16,6,65,7,0,22,52,61,9,13,0,29,3,6,22,10,24,16,30,133,0,1,52,0,20,92,0,0,1,41,13,15,5,1,0,26,32,12,10,109,44,97
cell330,26,0,0,4,204,5,0,102,281,34,11,92,22,0,47,34,93,8,422,206,40,14,0,0,2,22,12,10,21,1,505,43,560,178,58,183,123,77,16,8,30,46,19,99,51,27,169,23,10,25,40,50,4,91,80,24,5,18,74,27,153,7,13,0,79,0,62,31,9,13,214,21,4,13,110,75,14,6,20,25,3,17,29,8,56,16,20,174,0,0,47,0,8,35,2,5,7,117,2,31,2,2,1,37,25,2,3,34,15,214
cell331,1,1,3,15,201,12,4,80,120,6,6,41,4,0,43,13,27,3,146,65,8,2,0,1,0,14,1,10,13,0,265,27,363,167,7,81,86,55,6,12,7,12,10,44,52,4,64,31,4,14,23,25,0,53,19,12,2,22,28,13,93,14,9,0,123,3,31,10,18,8,65,2,3,12,64,59,23,11,27,7,12,7,29,11,4,30,35,123,4,3,58,0,9,59,4,5,3,36,0,11,1,0,0,27,14,20,11,46,50,161
cell332,4,12,2,17,25,40,0,148,86,13,34,63,9,0,79,9,62,3,20,1,0,1,0,0,6,2,1,30,24,14,5,1,16,2,46,5525,94,130,6,3,1,62,5,63,234,1,3,12,25,4,1,50,2,5,53,31,3,0,33,49,18,20,7,0,6,0,56,96,3,2,155,21,1,5,4,317,7,7,0,6,9,1,44,2,20,53,13,3800,9,4,18,0,5,46,8,4,5,64,2,14,18,0,1,29,14,1,7,5888,10,9
cell333,32,8,2,8,86,30,0,117,0,2,11,59,5,0,18,10,75,6,24,3,1,0,3,1,5,8,4,32,17,2,4,1,18,2,43,2335,82,113,5,3,4,58,3,26,236,10,16,14,21,31,9,34,1,116,59,13,7,1,29,52,16,3,6,0,1,0,32,55,7,11,101,14,2,48,10,328,4,52,0,9,5,3,18,3,14,47,23,4769,23,3,22,1,4,35,4,0,4,72,8,16,1,0,0,10,18,1,6,1178,6,9
cell334,16,3,4,3,2,21,1,103,0,0,5,73,3,0,25,3,67,7,30,2,2,0,1,0,6,19,0,47,17,1,9,2,13,0,39,4640,85,115,10,0,6,46,5,37,163,2,0,11,11,32,7,28,7,9,49,21,2,20,34,54,16,19,5,0,6,0,44,95,13,12,107,4,1,26,10,289,1,31,6,5,4,8,17,0,34,31,35,3723,2,2,27,0,5,33,1,6,4,82,0,7,9,0,1,25,19,0,7,4724,10,21
cell335,0,3,4,11,4,23,0,117,76,11,6,58,1,0,43,2,55,7,12,0,2,9,1,3,0,9,0,31,11,12,5,1,15,11,45,4062,70,135,7,7,0,51,3,76,225,1,0,6,13,3,9,31,0,129,33,23,2,2,37,54,18,36,5,2,15,1,27,72,5,12,129,2,20,26,16,286,1,34,36,9,9,8,45,2,55,54,26,3312,12,0,23,0,5,26,2,1,5,84,5,9,8,0,0,25,22,13,13,1081,4,21
cell336,0,1,3,8,0,11,0,95,131,9,1,38,1,0,10,15,26,9,135,203,9,0,3,0,0,22,6,8,22,2,208,38,383,112,18,148,75,45,7,6,7,26,14,25,39,4,431,36,6,14,1,13,1,8,20,14,9,5,23,9,75,19,8,0,75,0,20,25,16,1,58,8,6,7,70,52,26,16,0,8,6,13,22,19,23,25,25,148,13,2,61,0,11,49,5,2,12,33,0,23,3,0,1,12,15,12,3,49,40,136
cell337,7,4,1,7,0,12,0,97,232,12,5,70,8,0,56,14,77,8,153,130,39,2,0,1,49,46,0,7,22,3,190,42,272,123,38,249,96,23,18,3,20,42,11,44,57,1,80,14,24,8,30,39,6,116,54,14,13,39,48,18,106,17,13,0,71,3,47,33,17,17,101,3,1,33,45,88,12,15,10,2,7,7,16,5,26,2,15,264,16,0,51,0,10,157,8,2,9,85,0,24,3,0,1,32,18,1,15,33,46,232
cell338,46,1,1,4,146,6,0,125,257,19,5,48,0,0,33,8,38,6,206,117,14,2,2,0,0,37,6,17,12,0,200,4,236,135,19,94,104,48,7,4,3,22,4,52,50,6,223,37,9,5,16,17,9,84,32,16,5,17,30,16,99,39,3,0,82,4,35,19,19,14,81,15,3,19,78,41,21,16,0,9,7,8,17,2,9,36,15,146,5,0,59,0,6,136,10,2,2,62,9,21,1,1,0,70,26,11,10,245,50,109
cell339,0,3,0,12,354,5,0,106,234,35,1,65,0,0,32,6,68,6,135,206,20,10,0,1,16,14,0,9,21,0,161,11,224,121,45,305,70,42,13,6,15,38,7,105,78,6,99,16,9,20,19,36,1,2,53,27,8,36,38,21,106,11,5,0,1,5,37,39,11,1,108,8,4,12,110,69,10,24,52,2,1,9,18,6,61,31,17,271,9,0,49,0,8,73,6,2,13,84,0,38,2,0,0,43,20,6,18,26,13,152
cell340,9,1,1,3,6,5,0,111,175,32,14,82,3,0,23,19,61,15,138,150,21,3,0,0,49,18,7,6,3,3,175,14,274,167,21,254,97,47,12,9,0,43,7,63,80,2,342,14,11,19,33,28,3,26,45,9,3,41,48,13,119,1,12,0,28,2,55,42,23,17,106,5,7,10,115,94,9,28,0,1,3,8,25,5,25,20,6,342,6,6,56,0,8,164,10,1,9,66,0,10,5,0,0,40,22,0,18,61,19,317
cell341,0,8,5,1,8,5,0,98,209,11,5,78,7,0,31,5,65,4,1358,104,53,6,0,0,96,21,0,14,21,1,316,17,285,117,40,282,117,70,5,5,9,43,4,36,31,0,387,34,6,0,12,49,1,15,32,9,1,34,39,25,101,4,15,0,32,2,44,20,21,7,117,1,6,15,45,82,11,1,1,9,5,15,22,8,15,12,16,330,7,1,105,0,4,103,0,4,9,79,2,21,5,0,0,37,20,12,9,32,21,307
cell342,3,0,0,5,244,12,0,81,130,3,1,51,2,0,43,13,27,4,54,228,1,5,3,0,24,23,3,4,20,4,129,21,194,79,19,48,82,36,1,5,0,18,3,37,49,1,275,33,2,8,5,21,5,29,35,14,18,22,24,16,95,20,6,0,80,0,38,13,16,12,74,5,0,15,40,41,4,25,0,16,9,5,20,13,24,38,24,106,7,2,62,0,10,144,9,0,3,44,1,11,4,0,0,37,19,1,5,57,33,120
cell343,44,0,0,7,42,24,0,132,0,0,11,93,2,0,39,16,89,8,37,0,3,4,1,0,10,7,0,28,13,1,16,4,15,9,52,3267,52,120,6,1,1,56,7,56,212,2,3,14,17,29,4,44,1,139,52,18,6,0,48,43,20,17,4,0,3,4,30,55,18,10,149,10,3,18,5,301,7,57,1,11,4,2,28,0,42,24,27,3528,15,0,23,0,10,39,1,0,12,59,0,14,9,1,1,35,21,7,11,1819,10,19
cell344,0,2,4,3,0,10,1,73,209,20,0,35,1,0,21,13,30,2,84,89,2,3,0,2,0,10,0,7,15,1,89,34,179,89,18,66,87,34,6,13,1,25,6,29,46,0,58,20,3,3,15,23,1,59,34,8,3,23,38,13,80,21,4,0,68,0,18,20,10,16,69,11,9,11,80,42,30,12,11,28,15,17,20,8,20,35,49,101,15,1,53,0,11,62,0,0,0,46,0,10,5,2,0,23,28,8,3,223,70,163
cell345,0,0,0,5,4,6,0,90,85,24,11,56,2,2,29,12,66,2,137,234,36,0,0,0,111,14,0,12,18,0,342,35,251,93,38,351,123,84,4,8,0,38,9,58,40,2,383,21,6,33,13,38,0,4,57,15,4,21,37,26,130,9,9,0,36,0,44,39,9,9,107,13,5,17,46,89,3,22,0,17,5,13,29,5,24,10,20,327,4,4,46,0,8,128,3,3,1,73,0,37,1,1,0,31,14,4,11,38,17,366
cell346,3,1,2,8,13,19,0,122,107,29,0,66,1,0,17,8,39,0,161,100,7,3,2,0,8,19,7,15,20,3,149,16,198,87,20,44,99,50,6,5,9,25,9,56,40,0,263,26,10,6,3,16,8,25,22,18,5,29,28,20,83,23,6,0,66,2,19,20,9,8,59,3,1,11,35,49,24,29,0,11,6,13,18,12,26,23,14,132,25,1,58,17,8,96,2,0,9,49,0,2,4,1,0,20,15,5,8,74,65,135
cell347,1,0,0,9,158,12,0,90,123,15,0,48,0,0,14,8,27,7,140,27,8,6,0,0,0,10,0,12,23,0,40,43,175,102,9,110,75,31,4,10,9,21,5,37,56,2,104,17,6,12,14,14,1,19,25,11,3,12,28,6,47,18,5,0,28,2,21,24,15,3,71,16,9,8,70,62,23,4,2,11,6,9,15,25,30,16,18,160,5,0,62,21,9,96,3,1,9,41,15,31,2,1,0,27,17,7,16,60,33,178
cell348,0,2,3,29,15,28,0,157,6,16,19,47,8,0,51,3,85,4,62,1,3,1,2,0,4,2,0,23,20,0,12,0,19,13,41,5088,74,62,9,4,4,39,4,55,236,1,19,8,22,11,17,28,5,58,43,28,2,6,35,51,20,37,10,0,0,1,43,117,17,11,137,4,19,7,6,228,12,36,0,26,12,8,44,4,14,39,41,4214,32,7,36,0,7,59,6,2,9,74,0,6,15,0,0,30,24,16,6,7108,4,25
cell349,0,6,2,6,0,47,21,165,82,9,7,67,2,4,39,2,77,10,22,4,0,0,0,0,15,9,1,54,13,7,10,1,12,8,48,3713,90,81,10,0,0,45,3,59,284,5,18,7,7,5,3,36,4,1,35,26,4,26,29,24,17,33,5,0,1,0,31,100,8,15,143,5,1,5,4,349,2,47,60,7,4,7,23,0,19,47,49,6107,20,4,28,0,7,48,5,1,8,78,0,12,24,0,0,30,15,5,9,3683,4,18
cell350,0,0,1,5,7,22,1,88,165,15,10,49,0,0,29,3,50,4,160,96,22,2,2,0,0,49,9,7,18,0,108,34,222,106,23,128,63,16,2,12,4,22,5,50,58,3,100,37,11,4,15,18,1,85,18,9,19,31,16,25,60,22,6,0,35,0,28,36,14,7,66,11,12,15,72,63,8,7,0,5,7,15,29,10,19,11,16,200,9,3,70,0,13,76,4,2,3,43,0,23,1,0,0,39,24,9,7,121,27,245
cell351,2,3,1,17,0,6,0,111,41,26,4,71,2,0,37,8,44,6,63,91,3,3,0,0,0,8,0,18,19,5,146,29,185,67,17,184,88,33,6,7,0,15,8,46,56,5,100,24,10,8,12,22,3,43,34,11,3,13,32,36,24,11,12,0,63,0,34,27,16,9,82,3,0,29,23,68,5,11,0,5,5,9,35,5,10,16,14,208,8,0,40,2,11,53,2,0,4,45,1,19,3,0,0,33,23,13,15,240,46,254
cell352,3,9,0,1,193,11,0,75,215,17,2,46,3,1,25,10,41,5,64,63,4,1,2,1,16,1,13,3,19,0,265,26,193,78,21,104,62,30,9,4,0,24,6,45,41,5,0,28,7,9,1,21,4,68,36,9,11,15,26,9,52,6,15,18,28,8,36,24,13,14,93,17,2,28,93,64,14,8,7,8,2,6,15,12,38,33,26,151,8,0,65,0,12,50,5,2,1,48,1,25,5,0,0,28,17,1,11,146,67,128
cell353,7,0,0,0,3,15,7,123,295,23,11,139,3,0,23,12,78,8,218,181,33,0,0,0,143,31,0,28,18,2,349,4,254,96,49,392,124,38,6,3,1,39,5,41,66,7,361,17,2,17,22,31,0,96,58,15,16,65,41,13,129,18,10,0,99,3,50,44,14,23,123,7,0,17,87,107,12,6,38,2,1,20,22,6,17,8,21,428,0,1,51,0,6,110,2,0,15,103,2,1,3,0,0,19,26,3,10,62,20,436
cell354,0,1,3,14,0,15,1,77,167,27,3,57,3,0,23,2,50,15,141,88,1,0,1,0,0,14,6,1,23,1,118,17,212,51,27,108,98,30,11,12,0,53,6,64,68,6,257,42,4,30,9,32,1,2,55,9,25,32,28,16,81,29,12,0,69,0,26,21,7,12,92,11,4,16,52,67,13,5,67,13,3,27,10,21,24,12,21,118,0,2,49,0,15,81,4,0,5,65,5,16,4,0,0,33,22,12,8,71,36,124
cell355,6,0,0,6,325,6,0,163,1,1,12,68,4,1,29,3,66,6,39,3,0,2,2,0,2,7,0,21,23,2,14,2,11,15,44,3410,71,80,6,0,0,50,2,35,247,7,14,10,15,25,3,39,2,126,50,25,1,0,55,47,16,6,7,0,0,1,38,108,5,11,141,6,5,1,11,293,3,25,69,11,5,7,46,1,39,28,67,4270,11,6,40,8,15,79,14,1,6,93,13,3,14,0,0,22,12,9,13,3294,16,25
cell356,0,0,0,2,110,36,0,160,4,10,15,112,5,0,39,7,73,4,29,0,4,1,4,1,1,4,3,31,11,6,9,1,11,10,20,4934,71,76,10,2,0,55,5,78,274,5,5,7,17,32,12,51,4,76,62,26,4,23,37,53,20,4,6,0,1,1,40,119,11,23,135,7,16,26,5,308,6,33,0,7,3,2,63,1,18,30,19,5709,24,3,37,0,5,61,5,1,4,76,2,16,2,1,0,43,21,10,20,3921,6,9
cell357,85,1,0,3,5,5,0,109,202,50,18,34,0,0,60,11,41,3,560,225,35,5,0,0,0,21,14,22,14,2,377,42,405,153,17,328,84,78,6,13,0,33,19,58,50,3,321,41,5,4,34,24,2,28,56,15,18,18,33,26,143,10,5,0,79,1,53,46,21,5,100,8,2,8,99,79,7,4,0,20,7,28,21,12,46,11,9,334,2,8,68,0,10,99,14,3,13,42,1,19,3,0,1,42,13,3,9,286,18,347
cell358,35,7,0,3,60,7,0,101,109,19,6,74,2,0,30,2,45,3,71,95,30,1,0,0,69,5,15,11,17,0,148,9,277,125,31,231,49,56,3,3,0,26,13,54,72,8,311,33,9,17,32,22,0,34,36,16,14,38,27,33,99,19,4,0,79,0,40,27,15,22,105,5,10,25,65,95,18,6,17,8,10,9,28,9,38,14,18,304,7,0,79,31,4,140,9,0,0,71,1,29,6,1,0,29,19,13,16,129,15,250
cell359,10,0,0,1,12,5,0,77,154,21,1,43,1,0,29,7,39,11,145,195,24,0,1,0,0,21,0,11,20,0,418,13,311,127,11,78,79,29,6,11,6,20,9,60,32,3,153,38,4,7,11,23,1,50,23,8,13,16,19,10,102,7,7,0,83,0,35,16,19,9,75,1,1,7,84,48,28,12,4,8,6,9,20,15,21,24,32,123,2,2,47,0,8,134,3,1,3,43,0,34,6,1,0,44,21,5,7,275,18,251
cell360,11,4,5,20,88,57,0,205,0,4,13,76,17,6,18,13,83,9,72,1,0,1,1,0,5,9,0,30,23,8,13,0,23,6,14,6233,91,110,3,1,3,43,6,64,261,5,16,9,23,14,9,28,5,109,52,28,3,0,58,60,12,7,5,0,2,5,64,101,32,2,130,1,42,11,9,212,2,62,0,11,2,8,39,0,32,45,27,5570,19,0,39,0,1,48,11,1,9,69,1,22,2,1,0,28,23,0,10,3573,2,18
cell361,1,0,0,1,189,9,0,75,97,17,6,45,0,0,24,19,33,3,138,154,24,2,0,0,0,14,6,5,17,0,365,4,241,119,6,84,60,2,4,14,0,22,11,46,16,5,257,46,3,2,10,22,1,29,18,6,9,15,12,8,86,8,3,0,70,1,15,17,7,3,45,1,2,8,60,37,24,5,2,13,16,8,17,10,13,18,51,109,14,0,52,9,2,93,3,2,2,30,13,4,1,0,0,57,25,10,12,81,18,376
cell362,0,5,0,10,194,2,0,90,251,14,7,57,2,0,3,3,43,4,102,71,20,5,0,0,46,21,5,11,21,0,199,70,325,120,21,97,111,34,6,3,14,23,16,38,12,6,428,56,5,3,32,22,5,91,36,17,8,14,17,29,113,12,0,0,75,2,20,14,5,10,89,7,4,1,89,63,23,7,0,23,17,13,25,22,37,26,33,98,7,2,72,0,5,198,3,6,0,43,3,31,0,0,0,23,19,7,2,126,10,264
cell363,0,4,6,8,0,4,0,121,22,2,12,36,13,7,50,7,61,8,26,2,0,2,1,0,10,10,1,9,17,1,15,2,18,6,40,4464,86,99,10,3,5,49,4,82,152,7,8,4,15,8,2,39,3,4,50,21,3,10,62,45,16,24,5,0,4,4,55,76,15,4,132,31,1,8,4,183,1,47,0,12,5,8,48,4,38,32,11,4006,2,0,30,0,3,52,13,4,9,59,0,18,10,0,0,37,28,4,5,910,5,15
cell364,73,1,1,7,110,2,0,97,12,22,8,55,3,1,52,15,70,11,294,135,24,15,0,0,0,29,22,9,26,1,184,18,251,140,60,116,114,71,13,14,0,56,9,35,83,4,324,42,16,20,23,41,8,84,47,13,44,14,75,19,115,19,8,0,34,3,53,28,8,9,160,12,1,16,72,86,13,6,0,20,4,11,40,25,39,18,45,283,6,2,65,4,7,68,5,0,10,107,12,28,0,1,0,59,9,5,9,141,18,563
cell365,0,2,4,7,58,21,0,158,0,0,6,61,2,0,47,7,53,7,60,2,1,4,0,0,8,2,0,45,15,0,7,3,17,11,36,3011,68,79,4,7,3,37,3,61,237,15,16,17,1,7,12,32,2,48,54,17,6,0,43,50,18,7,8,0,7,1,23,37,5,9,91,12,5,5,5,299,5,32,0,12,3,4,64,0,39,55,19,4097,30,6,25,0,1,12,0,2,6,66,0,15,14,0,0,18,22,6,9,2310,14,12
cell366,10,1,3,16,13,5,0,119,214,18,14,78,1,0,53,10,84,6,111,120,24,3,0,0,140,19,11,2,12,0,214,50,223,146,36,309,119,128,5,10,5,44,18,36,96,7,78,31,7,9,18,54,1,63,49,25,9,22,55,32,83,12,18,0,0,0,57,44,15,10,144,11,3,19,123,73,15,9,0,6,4,16,22,7,17,8,20,316,3,2,42,0,6,55,2,3,0,72,2,23,0,0,0,30,17,4,15,101,20,401
cell367,4,4,1,0,153,10,0,80,166,5,1,76,7,0,27,3,47,10,84,75,2,6,1,0,0,16,9,6,21,0,110,10,204,113,19,105,85,51,3,3,2,34,2,80,47,13,222,38,10,13,15,21,3,45,42,6,3,26,50,6,81,26,11,0,55,2,28,30,12,3,64,0,2,11,46,53,32,6,1,6,16,28,23,29,37,10,60,143,10,11,60,0,19,221,0,6,7,57,0,26,3,1,0,12,23,15,5,153,21,316
cell368,0,0,0,4,7,9,1,86,160,22,6,57,1,0,14,14,51,5,103,82,7,0,5,0,11,24,0,3,17,0,158,15,224,98,28,142,88,32,3,5,0,38,2,57,47,13,173,31,14,13,6,19,3,22,54,20,7,16,39,25,97,33,3,0,75,0,34,20,18,2,94,10,2,23,76,57,28,4,1,16,7,14,9,29,29,6,47,157,0,3,54,0,22,131,1,3,8,63,2,23,3,1,0,24,18,8,4,333,13,301
cell369,17,9,0,4,0,6,2,77,174,36,8,56,1,0,9,13,32,5,138,168,9,2,4,0,34,32,3,17,13,0,68,7,237,101,22,108,80,23,6,3,0,26,8,53,46,6,119,20,3,24,11,41,0,19,36,9,12,12,38,9,51,8,11,0,14,0,26,14,20,5,97,1,1,9,53,63,22,5,0,14,6,9,15,19,11,36,59,111,4,0,60,0,22,131,2,0,9,61,0,13,2,0,3,16,24,4,7,421,20,205
cell370,0,35,2,9,1,27,0,127,0,1,10,44,7,0,31,11,79,2,43,1,1,0,1,0,16,0,1,18,18,11,8,0,15,3,51,1222,84,83,6,4,0,55,2,35,175,4,4,1,3,2,7,40,2,44,71,15,3,0,65,58,20,7,6,0,10,2,35,64,5,12,123,0,2,40,11,231,2,25,0,13,2,5,38,0,58,25,23,3024,8,0,29,0,7,60,1,2,8,74,2,8,34,1,0,14,22,4,13,3598,11,12
cell371,0,11,1,10,184,8,0,87,209,33,15,75,2,0,33,5,56,14,69,241,22,9,0,1,0,21,42,12,19,0,349,54,297,150,36,223,109,40,9,4,5,52,19,57,62,7,431,28,16,5,16,48,0,36,67,18,10,34,21,27,123,22,9,0,0,4,61,33,17,6,121,11,7,13,104,64,41,5,25,6,0,13,32,17,32,16,31,224,2,11,57,0,11,136,5,1,9,42,2,31,2,0,0,63,18,5,12,127,8,171
cell372,3,11,1,18,11,31,1,166,0,3,4,57,7,0,40,7,89,25,40,3,1,4,0,0,2,4,2,38,18,13,4,1,10,4,49,3724,83,128,1,2,3,52,3,68,144,9,26,7,26,60,8,45,1,89,49,22,1,0,68,76,19,7,11,0,4,0,50,77,12,8,145,16,18,18,6,221,3,10,43,11,7,12,53,0,8,49,16,3746,29,0,25,0,2,28,5,0,0,93,5,23,11,1,0,17,17,4,4,2061,2,12
cell373,48,7,2,23,16,37,0,129,0,28,11,64,16,0,59,7,68,3,46,4,1,2,2,0,8,10,0,42,22,18,17,1,16,6,50,4110,84,151,1,2,6,50,4,100,249,15,11,7,16,28,10,69,1,107,58,27,3,19,42,21,15,11,5,0,0,1,59,49,16,8,160,9,0,24,10,261,7,22,0,8,5,11,18,3,42,33,21,3331,9,0,22,0,8,54,1,1,2,71,0,4,0,0,0,64,16,9,3,855,2,15
cell374,0,2,2,7,149,21,0,132,0,24,2,77,0,0,34,7,67,15,23,1,1,0,5,0,6,2,0,30,21,2,14,0,15,5,40,4313,95,86,16,4,8,59,4,71,143,10,3,6,15,15,6,40,0,7,68,25,0,0,14,47,14,7,5,0,10,1,24,48,6,10,135,11,7,36,8,215,1,26,9,6,6,11,30,0,63,31,22,3735,13,0,38,20,7,79,2,6,4,93,0,18,19,2,0,25,24,5,11,3408,14,13
cell375,13,2,3,10,226,4,2,96,157,11,7,60,5,0,49,9,55,2,115,255,28,7,0,0,0,9,15,8,17,6,196,13,373,87,15,203,104,56,9,18,9,43,5,67,66,5,14,32,19,6,5,19,1,4,53,14,14,35,45,27,126,22,7,0,128,0,41,22,10,2,108,6,9,7,63,44,21,4,9,12,9,42,17,13,24,2,25,207,1,3,54,0,10,124,1,2,8,47,0,20,1,0,3,35,18,2,7,307,17,259
cell376,4,7,7,9,293,11,3,98,163,9,6,60,1,0,40,10,44,5,63,60,10,2,3,0,0,8,1,4,25,0,143,8,129,80,26,172,91,41,4,10,21,31,5,57,65,2,184,35,3,41,6,20,1,9,28,20,0,33,31,18,64,22,6,0,60,0,27,15,13,12,78,14,0,10,79,62,21,11,0,14,5,1,23,10,47,21,25,175,4,1,70,0,8,110,5,3,7,70,1,31,5,1,8,28,27,18,7,157,17,307
cell377,0,29,4,20,10,22,0,133,24,17,4,64,7,0,35,2,57,14,57,2,4,2,1,0,7,3,1,20,18,15,15,2,12,19,34,1755,72,45,5,3,5,38,6,52,166,4,12,12,4,8,11,26,10,48,45,16,3,0,34,52,19,18,6,0,0,0,68,73,3,1,127,6,0,4,7,234,10,13,58,6,5,13,79,3,32,13,12,2128,34,0,27,0,2,67,8,2,1,83,3,21,8,0,0,18,20,20,13,3277,5,29
cell378,10,2,1,11,293,5,0,94,235,19,3,85,6,0,68,7,66,12,133,170,32,2,1,0,0,31,0,3,26,0,158,7,274,113,63,223,115,54,4,11,38,44,12,51,65,7,394,50,8,14,19,33,5,55,48,16,16,25,48,18,129,32,6,0,0,3,28,28,10,18,125,9,3,23,49,46,22,7,2,32,3,25,23,30,25,24,52,233,4,3,83,0,4,210,0,1,1,41,1,41,2,2,0,20,28,9,5,239,13,352
cell379,1,0,0,3,136,40,0,150,0,14,4,63,2,0,28,3,61,8,103,14,3,1,1,0,7,5,3,22,12,0,11,1,29,19,41,2244,60,29,2,5,0,47,0,51,199,10,34,14,14,28,14,44,1,25,40,21,6,58,17,65,16,14,3,0,0,4,36,66,11,11,108,7,36,14,10,191,7,29,0,16,0,8,28,1,36,14,21,2367,9,1,29,0,7,68,3,1,0,53,1,5,17,3,0,28,22,1,8,3807,4,18
cell380,107,3,0,2,0,4,1,83,108,40,7,79,3,0,73,14,91,14,57,119,25,5,0,1,0,23,9,4,18,1,158,18,170,76,63,87,104,77,6,9,2,38,2,83,40,7,290,41,11,20,18,51,1,63,45,23,36,27,41,24,102,9,5,0,156,1,47,21,17,11,153,10,8,18,97,73,3,5,0,18,9,8,27,42,50,17,43,229,5,6,56,0,15,238,3,1,1,53,0,13,3,0,2,27,13,10,10,84,26,299
cell381,0,1,3,12,250,26,0,138,129,22,2,79,5,0,5,8,70,9,71,5,5,0,2,2,7,19,3,34,18,5,11,0,15,12,13,2866,50,160,10,2,14,38,2,85,79,6,14,8,29,46,12,42,3,107,47,30,11,0,46,43,24,2,3,0,16,2,56,56,13,5,115,9,9,29,12,221,8,12,4,27,2,7,29,2,28,28,23,2466,4,2,29,0,6,67,3,2,8,73,1,13,7,0,2,27,16,4,9,1372,12,14
cell382,27,0,1,9,59,8,0,102,179,33,21,57,3,0,53,14,50,6,120,132,12,11,0,0,1,16,7,23,24,1,219,25,297,110,27,204,95,32,8,7,1,38,6,65,34,9,293,32,8,2,22,36,4,56,55,14,22,42,35,29,100,38,9,0,0,0,42,39,5,2,115,6,4,15,80,26,15,3,2,15,5,6,28,25,24,7,49,238,4,4,53,0,12,155,12,5,3,64,2,15,5,0,1,48,18,15,6,73,11,569
cell383,0,6,1,3,256,9,9,123,0,1,15,107,2,3,40,7,35,3,51,9,0,7,0,1,11,11,0,23,12,0,9,0,25,11,44,2434,89,83,0,4,32,42,1,60,177,5,2,15,17,30,9,22,3,40,55,27,0,0,26,71,21,3,2,0,2,1,43,90,11,5,124,8,25,14,8,198,9,25,9,11,1,15,37,0,49,50,4,3590,19,3,39,0,4,107,3,1,9,85,2,20,4,0,0,30,17,4,5,2734,3,26
cell384,0,2,3,7,8,4,1,84,222,24,4,62,2,0,37,16,69,7,200,82,14,0,2,0,0,9,8,17,20,0,194,27,249,113,30,71,94,48,5,14,4,37,12,81,80,6,354,28,22,20,16,44,3,43,49,22,15,16,54,8,91,7,5,0,0,4,47,37,20,3,96,15,22,27,94,44,33,11,2,30,12,5,10,25,25,12,55,160,5,1,62,0,18,65,2,3,8,76,8,13,2,0,0,20,14,5,18,279,13,161
cell385,27,13,0,6,690,12,1,152,317,38,6,59,3,0,35,3,59,16,209,59,11,2,1,0,28,9,5,16,15,1,103,10,174,129,26,108,130,66,7,16,1,33,2,76,55,9,259,53,9,1,5,38,0,53,60,12,4,18,41,8,88,29,6,0,108,0,47,35,12,7,101,11,6,14,53,59,5,13,0,7,14,8,23,3,43,33,13,181,38,7,53,0,9,339,2,2,4,68,0,25,1,0,0,23,33,6,8,89,16,124
cell386,0,0,0,2,51,4,0,102,275,52,10,105,0,0,36,4,48,6,520,85,16,1,2,0,0,38,3,13,15,7,257,29,210,118,70,132,109,44,3,1,0,58,6,78,30,8,324,39,7,17,2,39,4,15,56,20,7,23,45,15,99,27,4,0,170,0,32,25,10,2,101,11,5,17,101,63,35,15,83,24,18,20,10,12,10,25,46,201,4,0,79,13,12,224,0,7,9,91,1,16,2,3,0,55,32,14,7,73,14,133
cell387,0,3,1,8,0,13,0,124,197,13,4,83,2,0,53,4,45,15,330,147,6,7,3,1,0,25,4,17,22,8,209,10,154,95,38,155,99,26,5,4,2,40,9,66,69,9,232,24,7,21,9,31,5,66,41,13,1,37,40,12,53,17,3,0,1,0,46,26,16,20,77,4,7,29,45,77,18,22,0,9,7,23,10,14,18,13,23,234,11,3,77,0,7,196,2,0,4,73,0,9,0,1,4,54,31,14,19,125,19,102
cell388,26,0,1,3,257,12,0,85,187,32,1,36,0,0,25,7,43,5,90,190,4,16,0,0,78,16,2,24,19,2,228,18,266,144,42,77,88,36,5,2,1,26,9,78,55,2,327,23,8,4,6,24,2,36,46,16,2,22,27,29,84,7,5,0,17,0,13,35,23,10,90,18,8,9,50,51,31,10,3,11,6,11,16,11,34,26,32,164,6,3,76,0,6,149,8,1,4,56,5,5,9,0,0,35,29,7,10,84,21,219
cell389,0,5,0,2,0,11,0,88,164,34,5,65,2,0,21,18,60,15,74,53,5,2,0,0,64,24,26,14,19,0,192,41,200,114,45,92,95,59,3,3,0,48,6,38,38,1,274,33,2,8,4,39,4,21,41,13,1,33,34,18,107,20,10,5,97,0,38,26,15,18,130,12,5,7,93,65,17,1,0,8,5,12,21,15,14,9,52,231,0,5,55,0,9,66,2,2,6,62,3,30,0,0,3,40,26,14,11,80,23,184
cell390,44,8,0,10,5,13,0,109,217,46,10,64,16,0,43,11,47,2,157,75,9,9,1,0,0,39,4,5,15,4,133,20,160,67,45,141,90,41,3,4,11,56,8,75,77,19,111,27,17,12,6,43,0,51,68,18,3,11,60,23,109,14,10,0,39,0,49,46,9,14,104,1,7,7,66,78,12,3,0,30,9,20,15,10,42,7,28,201,7,7,61,0,5,254,1,0,15,103,0,16,0,0,4,38,22,19,9,138,21,272
cell391,65,5,2,14,27,23,4,175,0,8,10,88,8,0,42,9,53,4,49,11,1,17,0,0,12,9,1,29,19,1,27,2,15,21,36,4842,90,55,5,1,1,49,7,57,274,4,27,16,16,5,9,32,5,155,37,10,3,3,52,23,25,5,5,0,0,0,27,62,12,1,114,9,8,21,19,298,2,40,40,12,6,1,30,2,14,35,22,4365,10,2,45,0,3,93,4,0,3,75,2,16,26,1,0,17,28,2,11,2596,15,25
cell392,24,0,4,14,2,3,0,120,185,30,3,100,9,0,50,4,69,22,362,171,5,11,1,0,0,25,3,11,21,4,256,4,287,122,30,107,109,35,6,15,0,52,10,29,53,1,192,16,5,12,4,37,3,37,53,18,11,23,29,21,109,4,5,0,98,12,39,26,15,8,122,15,1,17,99,67,26,20,5,8,13,27,6,7,23,31,32,157,5,2,57,0,17,322,3,1,7,81,0,16,2,0,0,26,23,6,11,175,13,133
cell393,0,0,0,23,289,45,0,157,0,17,3,69,7,0,44,8,47,6,52,23,1,8,1,0,0,4,0,66,8,2,15,2,25,9,29,3822,105,53,7,4,0,47,10,29,78,3,40,9,19,13,11,29,2,98,46,13,2,0,34,62,25,6,0,0,1,5,42,114,0,5,90,8,0,102,14,231,6,28,4,30,2,2,36,1,41,28,22,4468,23,6,61,0,3,44,6,0,4,62,2,14,9,1,0,25,23,1,12,808,8,10
cell394,6,1,1,1,0,6,2,81,112,16,0,42,3,0,32,8,32,1,64,182,1,12,0,0,0,12,18,22,9,2,188,10,214,103,35,105,79,78,18,9,4,25,9,41,65,2,276,26,1,12,14,33,5,83,38,9,1,31,23,25,136,6,8,0,73,1,28,22,11,5,66,3,0,9,42,58,21,9,5,11,7,11,22,16,31,7,42,180,5,6,58,0,7,104,3,3,2,57,1,10,6,1,0,21,28,18,16,184,6,146
cell395,0,4,0,1,1,4,0,81,185,21,5,41,1,4,37,7,63,6,105,168,7,7,1,0,0,31,0,5,26,0,400,3,348,142,35,141,94,65,9,13,0,35,4,55,39,4,386,49,17,10,17,29,3,74,44,10,1,23,41,8,113,9,8,0,101,1,58,9,22,4,99,3,0,5,84,57,36,8,26,64,4,4,15,41,21,35,44,109,15,8,120,0,18,172,4,12,0,57,5,15,8,0,0,17,26,4,11,210,18,210
cell396,2,3,0,4,0,10,0,78,214,22,10,45,2,0,34,16,67,4,158,161,25,10,0,0,0,50,4,12,21,1,354,20,348,111,40,167,82,53,13,5,1,47,5,51,39,2,186,54,7,18,4,26,6,84,46,12,5,14,28,22,110,10,9,0,31,1,35,12,12,0,98,33,9,18,132,60,15,8,0,11,6,19,13,29,10,16,43,140,5,8,65,4,7,109,7,1,2,49,2,17,0,0,3,21,32,5,11,48,13,231
cell397,0,1,0,17,296,6,0,91,288,39,3,66,1,0,11,8,70,13,273,101,10,16,1,1,37,28,0,7,17,0,164,4,137,81,42,89,118,44,13,7,41,48,10,100,45,26,14,29,24,19,9,43,8,2,50,21,16,33,71,10,93,36,19,0,2,0,30,35,15,6,125,13,2,8,54,50,24,4,0,6,9,35,26,18,33,18,42,165,6,5,48,0,8,99,5,3,4,63,3,23,1,0,0,27,28,10,9,127,16,284
cell398,31,0,0,6,194,5,0,93,205,15,11,111,0,0,64,2,95,20,309,75,0,0,0,0,2,29,0,11,8,1,162,9,157,81,32,77,105,138,12,7,2,45,6,91,48,17,210,20,14,26,14,45,3,40,71,35,8,16,64,3,88,14,8,5,9,0,71,19,7,8,150,10,1,11,83,54,12,6,0,10,16,10,15,11,12,14,29,172,4,0,71,0,16,197,5,3,8,87,2,23,4,0,0,19,32,2,5,87,10,149
cell399,1,0,0,3,399,31,0,155,12,3,1,44,9,11,40,7,68,11,70,26,1,0,0,1,10,11,1,29,17,5,27,2,35,10,36,3257,91,62,8,3,2,60,4,51,199,7,0,8,15,39,10,35,2,104,45,16,1,31,28,54,30,15,0,1,2,0,33,72,12,5,129,7,2,10,26,254,5,52,6,8,5,7,35,4,32,27,11,3272,21,1,53,0,0,197,3,0,3,70,1,11,2,0,0,44,24,9,7,928,3,20
cell400,1,4,2,3,132,14,0,90,152,32,2,83,3,0,14,5,52,6,137,109,10,0,1,0,0,33,1,5,20,0,96,15,207,110,49,139,85,69,7,7,11,42,3,24,70,10,241,26,7,1,4,35,1,8,52,27,2,19,57,23,87,33,9,1,0,0,32,13,12,12,143,8,0,11,71,50,6,2,1,1,7,17,13,8,36,14,42,127,5,5,63,0,6,175,6,2,9,17,4,11,4,0,0,27,35,5,6,170,32,232
cell401,30,0,3,9,0,25,0,207,12,4,13,106,6,0,22,10,78,10,80,24,8,3,1,1,35,14,0,44,24,4,35,11,71,23,28,3352,112,132,5,5,6,53,3,50,131,10,78,14,28,2,11,47,6,37,60,38,3,9,48,18,27,6,6,0,4,0,48,108,3,0,139,0,0,8,23,311,7,80,42,40,2,6,49,2,53,51,11,3351,18,3,41,0,2,296,7,2,3,68,0,25,5,1,0,27,27,7,11,1191,10,24
cell402,0,94,1,5,0,4,0,220,77,1,8,82,3,0,43,9,66,13,53,10,3,0,1,0,2,3,0,43,9,2,32,2,43,11,26,4255,89,100,9,0,6,44,8,49,115,4,17,6,28,43,10,36,1,27,38,20,1,2,49,33,22,36,6,0,0,2,33,79,9,3,114,13,3,27,18,176,1,80,4,41,1,14,32,5,38,68,19,3395,23,3,43,0,2,78,11,1,3,81,2,25,19,0,0,39,23,14,9,1588,3,14
cell403,39,2,0,9,105,4,0,70,189,20,3,90,1,0,53,3,43,5,262,137,12,14,1,0,0,0,0,9,11,0,291,14,243,106,32,64,101,34,2,7,12,30,5,63,21,4,313,41,4,10,12,22,1,95,44,10,18,17,42,17,85,26,9,0,48,0,16,22,15,7,90,21,9,4,98,58,9,2,1,25,11,22,25,22,18,18,60,141,0,2,70,0,3,245,2,2,24,64,1,26,7,0,0,29,33,12,4,92,25,217
cell404,2,1,0,6,0,4,0,78,75,31,6,30,2,0,33,1,36,7,134,145,3,1,0,0,0,23,0,1,24,0,57,7,243,60,36,177,77,35,5,13,4,22,9,64,46,4,3,45,7,24,7,20,5,25,36,13,9,3,37,19,98,10,2,0,129,0,32,22,9,3,95,15,0,5,45,52,24,5,0,8,7,3,25,12,26,14,49,159,12,3,52,0,11,134,4,3,8,58,3,21,0,0,4,21,22,1,3,37,20,257
cell405,24,27,3,10,106,42,0,245,121,13,6,115,1,3,16,4,85,16,70,10,2,3,0,0,23,4,0,35,25,1,22,4,30,14,32,3057,97,50,6,7,1,51,7,76,172,0,25,12,15,12,9,23,0,16,51,23,0,10,53,71,19,15,11,0,0,0,42,96,7,9,114,15,25,20,10,332,3,77,1,5,0,8,37,2,70,44,12,3255,19,4,42,0,10,166,3,2,13,97,3,18,15,0,0,25,28,16,10,1196,11,14
cell406,34,0,1,1,13,6,2,118,236,14,7,64,4,0,36,2,37,4,137,153,20,7,2,0,24,44,3,16,16,0,157,30,221,127,26,190,112,12,4,1,3,27,5,58,50,4,331,19,6,17,16,29,1,12,29,13,3,24,27,6,68,0,7,1,1,0,36,23,3,2,81,1,4,6,47,81,7,5,1,5,4,11,22,2,24,5,26,183,3,10,61,0,6,103,3,1,2,63,21,22,2,0,3,23,15,3,12,39,23,269
cell407,0,3,4,22,219,13,0,90,105,4,6,51,0,0,13,2,38,4,131,152,11,4,1,0,0,19,0,8,18,1,84,6,216,68,24,191,76,38,7,8,0,21,15,55,69,8,72,27,10,23,8,18,1,30,31,10,0,21,30,25,93,6,4,0,0,0,32,23,9,12,66,4,0,14,45,65,19,2,0,39,7,7,2,14,34,25,59,167,0,0,64,2,12,114,10,2,2,46,7,29,4,0,0,46,17,20,12,161,17,153
cell408,0,12,1,5,282,4,3,95,160,9,4,57,0,0,16,6,44,0,114,102,34,3,3,0,0,14,0,2,18,2,109,25,88,118,28,114,67,28,3,7,5,25,4,35,43,3,238,20,15,7,14,31,3,10,43,8,8,12,26,26,93,15,9,0,7,0,44,28,11,6,81,15,17,13,53,58,18,5,0,13,21,41,13,6,15,15,47,224,7,0,62,0,19,178,5,7,6,63,1,21,0,1,1,39,22,11,8,87,16,105
cell409,117,5,2,4,2,11,0,73,120,13,7,45,0,0,14,4,19,6,488,107,14,1,0,2,0,19,3,8,19,0,269,10,234,119,17,132,57,60,5,13,0,22,3,24,61,1,138,44,7,24,15,13,5,0,27,13,33,13,17,5,120,10,8,0,70,0,43,16,5,8,67,1,3,17,103,58,29,3,7,38,16,24,18,1,21,27,67,159,3,2,64,0,19,34,3,1,0,46,13,15,0,0,0,15,20,8,6,141,14,318
cell410,3,37,1,7,7,25,0,163,110,7,2,55,2,4,23,1,37,14,71,2,1,0,2,0,4,13,0,20,12,6,16,0,14,3,36,1675,88,22,5,1,2,34,7,38,243,6,12,8,6,12,6,34,1,1,30,12,3,0,40,45,21,16,4,0,6,1,43,83,15,14,92,10,1,9,4,198,5,52,1,21,3,12,36,0,31,25,16,2898,18,4,49,0,7,62,11,2,11,37,0,21,2,0,0,24,27,5,10,1449,10,19
cell411,0,14,5,4,1,30,0,136,77,5,6,65,5,12,41,3,59,4,35,3,2,5,1,1,16,12,0,23,3,4,10,2,11,13,23,1950,78,32,1,5,0,26,4,46,188,6,11,14,9,14,16,27,3,13,40,4,1,0,19,34,8,20,6,0,11,2,29,84,19,5,57,15,2,13,7,201,4,29,0,3,2,14,21,1,43,39,12,3423,14,0,76,0,9,174,3,1,6,58,0,27,8,1,0,32,24,10,20,2831,4,20
cell412,9,2,1,12,149,7,0,66,121,23,3,51,2,0,31,4,29,2,143,152,11,9,1,0,11,15,2,14,14,0,148,33,247,103,17,175,57,46,2,6,1,12,15,35,46,0,267,16,4,7,20,18,2,73,10,15,32,10,27,8,93,4,2,0,1,0,22,28,11,0,62,1,4,9,53,58,30,5,6,20,7,24,15,0,16,19,54,164,0,8,78,0,5,107,7,4,0,34,0,17,1,0,0,33,29,0,7,25,12,310
cell413,0,16,2,7,364,10,0,143,0,1,5,53,1,14,29,6,43,9,51,18,1,2,0,0,3,10,2,36,14,1,17,1,29,19,26,2344,79,33,14,4,0,20,1,22,188,8,33,9,8,18,5,24,5,32,49,17,4,58,32,73,21,13,4,0,0,0,11,82,5,2,91,11,35,10,12,201,4,78,0,36,3,16,20,4,18,28,12,1934,19,2,61,0,6,133,0,4,2,51,0,24,14,0,0,9,17,9,15,170,6,19
cell414,0,17,1,9,401,7,0,104,247,17,21,85,0,0,23,12,45,2,127,309,59,19,2,0,0,36,9,12,17,1,155,34,356,134,19,104,109,23,8,22,1,28,9,59,52,1,384,33,12,5,19,19,0,2,36,9,27,20,46,18,87,17,10,0,92,1,38,20,9,5,75,3,2,18,101,58,26,6,87,18,12,17,14,8,41,25,59,157,8,3,71,0,10,149,1,2,3,68,1,21,2,1,0,42,24,3,8,54,18,223
cell415,9,4,3,0,132,7,0,114,210,21,3,78,2,0,28,4,48,2,70,161,15,6,2,0,0,8,3,21,17,1,114,15,271,88,31,164,98,32,6,12,9,22,2,39,46,9,150,23,7,7,11,22,6,104,33,13,4,21,43,19,79,20,11,0,53,0,35,44,20,5,71,6,1,12,90,67,19,13,6,7,19,39,31,18,42,35,62,230,7,2,64,0,4,166,5,1,0,53,0,31,1,0,1,53,32,6,3,155,10,24
cell416,0,1,0,11,44,3,0,74,149,16,12,57,2,0,49,3,42,5,65,253,16,6,1,0,4,7,16,10,15,0,240,26,213,85,27,193,67,8,8,4,0,14,6,47,55,8,318,17,2,16,11,25,1,66,20,11,3,19,27,29,88,4,3,0,84,0,27,32,3,6,67,3,3,10,89,95,16,0,0,9,12,17,15,6,13,13,32,161,2,1,61,0,14,211,4,0,1,20,4,11,1,1,0,27,28,8,5,208,12,318
cell417,1,1,0,5,3,5,0,100,145,22,7,41,2,0,30,2,21,2,154,131,8,7,0,0,0,14,1,11,13,3,380,25,209,67,16,107,67,18,3,5,4,26,9,11,72,5,287,26,4,16,18,24,2,5,13,2,13,27,25,8,135,18,3,0,46,2,9,46,1,2,56,5,1,3,85,59,12,6,2,19,6,15,9,0,15,13,54,261,5,6,53,0,13,73,13,4,1,35,14,20,4,0,1,35,34,16,4,127,12,191
cell418,31,0,1,1,293,8,2,86,186,22,1,47,0,0,19,1,40,5,67,110,24,4,3,0,0,11,0,10,7,0,174,20,212,90,25,176,81,14,3,4,5,24,7,57,52,1,136,25,4,4,19,19,0,46,34,10,7,14,34,8,119,3,1,0,117,5,44,17,13,3,69,7,4,21,78,81,8,6,0,26,9,39,15,15,62,21,49,223,11,5,60,0,8,182,0,3,5,66,1,23,1,0,6,13,42,22,11,297,11,211
cell419,0,19,0,2,190,17,1,148,0,0,18,93,3,8,25,11,49,9,69,2,2,5,0,0,6,4,1,22,15,0,36,5,40,11,34,4682,85,25,7,2,3,19,5,10,241,2,6,2,3,14,7,35,0,4,44,16,9,0,46,81,27,32,3,0,0,0,37,58,5,5,93,0,4,10,17,238,9,59,3,8,3,13,54,2,58,13,21,3257,19,4,52,0,7,83,10,1,6,60,9,28,30,0,0,12,37,4,8,2656,3,20
cell420,9,70,0,21,155,27,0,116,47,3,12,75,4,8,40,9,57,9,58,8,3,1,0,0,11,2,0,15,14,0,41,10,49,15,9,1715,87,19,8,1,0,33,10,65,86,7,70,12,7,5,9,30,6,1,39,11,0,38,40,32,27,13,0,0,7,2,35,82,6,8,101,20,0,17,14,231,6,56,0,12,2,14,34,6,43,23,6,1936,28,11,65,0,2,214,5,2,10,84,3,52,21,0,0,11,45,11,8,1345,6,17
cell421,0,0,1,4,452,23,0,198,150,2,8,105,3,8,28,16,59,11,56,8,4,7,1,0,8,3,1,47,14,14,15,2,31,17,38,2406,96,83,5,5,26,50,3,63,107,3,60,11,10,27,6,31,0,156,48,23,7,0,38,40,25,9,3,0,3,1,53,92,11,9,99,21,0,75,5,295,2,64,0,11,8,15,52,1,39,26,15,2011,15,1,52,12,4,98,4,1,9,49,6,26,26,1,2,21,38,15,12,1206,13,7
cell422,26,1,1,3,18,9,0,105,130,18,4,48,0,0,25,17,28,2,114,148,6,10,1,1,0,36,13,22,12,2,123,6,147,96,34,98,64,15,6,8,2,20,4,48,70,0,164,20,10,7,11,27,4,10,27,10,4,29,22,23,62,16,6,0,64,4,20,35,14,13,59,10,0,12,68,72,16,6,0,43,5,9,15,0,40,10,64,266,2,1,46,0,17,222,2,2,6,44,1,8,1,0,1,17,37,1,8,115,35,338
cell423,56,2,0,2,102,13,0,71,73,10,7,52,1,0,17,7,41,12,79,130,10,1,2,0,14,52,9,9,20,0,216,6,264,113,43,205,72,44,8,29,3,28,13,25,78,1,270,14,3,9,11,19,3,65,40,5,2,14,21,28,95,31,4,0,9,0,27,30,10,15,78,8,6,21,59,62,29,7,0,7,9,8,19,13,19,18,44,204,5,0,61,0,4,90,13,2,6,31,6,25,1,0,2,67,36,10,18,274,12,168
cell424,37,0,1,3,0,10,0,88,197,29,6,91,1,0,46,0,30,10,70,160,10,2,1,4,0,30,1,10,11,0,152,11,250,112,26,110,71,48,11,6,0,31,5,57,42,4,301,42,4,47,3,28,4,76,50,16,29,24,52,9,100,17,4,0,43,2,35,21,14,23,94,4,1,32,59,83,20,3,5,40,18,12,12,3,13,2,30,253,7,3,56,0,12,82,9,1,0,53,1,29,5,0,7,26,26,1,4,215,20,103
cell425,8,0,1,10,2,3,0,80,184,18,7,59,1,0,21,8,40,4,321,104,1,2,4,0,0,25,1,13,22,1,172,18,251,114,27,161,91,47,7,11,7,21,2,43,41,2,290,57,9,21,5,17,6,50,33,8,53,20,32,25,84,8,3,0,194,2,38,24,11,3,79,7,3,24,100,73,36,6,7,33,24,11,14,37,35,17,70,191,1,4,83,0,20,198,4,4,4,63,5,26,2,0,0,46,27,8,6,62,15,329
cell426,0,2,1,13,3,9,0,97,151,25,13,91,0,0,10,2,47,8,65,84,5,14,4,0,0,20,0,19,19,2,205,12,158,50,32,350,90,53,11,4,10,31,2,57,70,4,182,29,12,29,19,27,4,68,29,15,23,33,49,24,75,32,7,0,45,0,39,23,26,2,88,9,3,16,60,76,17,0,0,7,16,16,22,18,27,10,30,236,6,0,62,3,19,146,3,8,0,53,4,13,1,0,4,33,22,11,21,44,17,258
cell427,0,7,2,30,666,11,0,210,19,6,9,74,2,6,37,8,41,3,61,31,5,3,4,1,18,9,0,17,12,4,20,7,35,11,36,1794,52,57,6,2,0,19,0,49,177,1,63,30,11,32,10,28,3,69,48,18,16,0,40,26,39,4,9,0,0,0,39,93,7,5,82,6,1,7,21,160,21,49,2,14,12,3,18,14,32,55,18,1674,31,3,71,0,5,124,5,0,2,49,1,17,33,0,1,25,31,3,11,2309,10,32
cell428,0,0,1,10,0,5,1,54,53,12,5,50,5,0,11,6,40,3,93,97,6,0,0,0,1,22,0,12,15,0,234,18,104,79,20,303,69,23,6,12,2,21,8,70,75,4,66,30,4,13,5,25,6,29,41,15,8,26,39,18,85,9,2,0,124,0,36,44,19,10,77,18,4,28,29,60,19,3,0,18,12,4,18,4,21,6,16,231,5,9,52,0,17,172,3,8,3,54,0,21,7,0,8,11,15,12,10,86,9,229
cell429,1,1,2,9,0,6,0,94,230,40,3,96,1,0,46,15,41,1,55,74,15,4,0,0,0,18,0,8,15,1,103,16,116,78,32,115,115,43,3,4,23,39,6,77,78,4,114,42,4,12,8,41,1,90,58,16,9,34,35,30,75,10,6,0,3,6,49,33,21,7,119,6,6,21,46,98,22,3,0,9,3,6,16,9,29,10,51,335,3,13,36,6,5,122,2,1,2,81,4,51,1,0,2,30,22,4,14,26,16,232
cell430,14,16,1,8,0,35,0,110,0,3,13,63,11,0,50,10,59,8,28,22,7,5,4,2,8,13,0,33,5,3,35,13,41,22,21,1966,71,53,3,4,1,28,4,54,117,4,54,6,13,16,12,28,6,83,47,20,6,0,32,48,36,16,9,0,7,3,29,48,7,13,92,5,6,23,9,169,7,15,0,14,2,10,32,1,24,21,17,1979,19,0,62,21,8,150,4,3,5,60,10,17,13,1,0,26,41,6,10,2521,6,17
cell431,9,46,5,10,0,18,2,171,0,6,5,80,5,19,20,2,39,5,36,19,7,0,2,0,11,0,0,32,11,12,42,4,62,24,25,1310,80,72,1,0,4,29,3,48,95,9,32,18,3,45,17,16,2,116,52,18,15,0,29,35,25,12,3,0,0,1,32,72,10,18,84,17,8,37,32,188,19,48,0,16,6,9,15,1,30,24,40,1517,15,2,78,0,5,107,5,2,2,66,0,24,4,1,0,21,37,4,16,1784,10,16
cell432,0,2,0,13,347,4,1,119,187,19,1,63,0,0,28,2,53,4,116,75,18,6,1,0,0,19,6,21,16,2,195,4,226,87,17,43,87,50,4,12,1,29,2,49,71,5,156,48,8,19,11,23,1,53,27,16,3,24,27,27,89,12,3,0,136,1,32,17,15,9,83,4,0,17,53,81,18,6,0,10,8,10,19,6,21,14,60,282,6,1,33,0,17,52,8,3,6,60,0,6,1,0,8,13,24,0,10,72,10,275
cell433,0,0,0,3,0,10,0,117,150,31,7,62,1,1,38,3,60,6,65,77,6,3,3,0,4,36,5,5,19,1,62,13,146,112,26,346,103,45,2,10,0,21,10,67,34,1,206,22,3,43,10,17,1,0,48,8,10,46,33,17,73,12,3,0,123,2,28,46,16,14,95,9,16,23,77,94,36,1,29,45,13,3,7,3,27,11,52,306,4,8,36,2,38,40,3,2,7,60,4,15,0,0,7,42,33,9,14,161,18,203
cell434,9,43,5,21,0,17,0,150,91,0,5,79,2,0,16,4,30,4,60,34,4,1,1,0,20,15,2,32,14,14,55,3,57,38,20,1282,83,50,3,0,0,15,3,57,146,3,47,24,10,3,17,18,3,134,42,6,7,0,39,30,43,26,2,0,0,2,33,52,14,6,78,0,5,13,19,162,13,4,1,17,3,7,38,4,40,20,18,1271,47,3,48,0,1,119,2,2,3,64,5,16,19,0,0,19,54,1,10,1035,7,9
cell435,0,4,0,1,228,14,0,96,142,41,8,73,7,0,27,11,65,11,131,75,5,9,2,0,21,34,3,11,17,6,160,19,123,69,26,326,103,30,1,7,21,38,6,69,73,5,120,20,10,36,12,30,7,11,53,11,8,25,39,25,71,52,7,0,73,0,48,41,11,7,118,19,5,22,23,92,25,1,0,16,5,23,25,13,56,3,35,303,1,2,42,1,6,179,4,1,0,78,0,18,4,0,5,45,26,13,5,78,58,61
cell436,1,0,0,6,60,11,3,110,162,3,7,90,2,0,49,9,65,9,58,43,0,0,0,0,0,26,5,13,13,1,90,28,77,60,10,253,125,70,3,2,1,42,13,56,65,5,138,36,16,9,4,25,5,8,61,6,5,13,34,16,67,17,13,0,118,1,42,41,18,3,94,6,1,7,64,86,28,4,0,10,17,10,16,36,37,24,71,300,5,8,32,0,19,42,5,9,3,71,1,23,2,1,1,42,26,7,12,55,20,138
cell437,41,0,0,13,184,13,4,100,126,26,5,50,1,0,30,12,50,12,202,108,3,3,0,1,0,8,0,6,20,3,175,13,143,75,21,376,87,16,3,6,4,35,3,64,24,2,171,16,9,4,3,27,2,53,46,21,24,28,41,36,93,53,7,3,85,0,26,36,10,21,113,2,13,37,47,84,36,1,5,41,18,11,10,6,47,16,66,345,3,10,63,2,18,105,2,6,1,49,0,19,0,0,10,87,17,20,4,72,13,311
cell438,63,5,0,9,202,9,2,77,157,8,18,64,1,0,39,3,45,12,78,32,5,0,0,0,0,7,0,14,19,3,84,7,108,68,6,258,107,34,3,4,0,47,4,79,64,6,182,44,3,29,16,46,0,1,40,25,13,25,68,23,63,9,5,0,96,3,48,33,13,3,119,19,2,29,41,79,45,2,9,30,24,18,14,10,47,11,78,268,4,8,32,0,27,192,7,11,15,76,1,49,10,0,2,14,19,4,4,50,8,214
cell439,1,10,0,6,0,3,0,115,217,34,12,83,0,0,52,11,79,10,82,81,8,7,2,1,0,21,1,17,20,2,105,11,112,63,39,210,112,104,7,2,1,53,10,113,81,8,101,34,24,9,0,47,2,45,55,24,0,19,35,28,72,13,5,0,96,1,53,24,6,22,164,4,3,16,31,75,11,1,3,8,6,8,15,3,41,6,64,320,2,0,31,35,7,117,4,9,9,51,3,8,3,1,5,59,18,3,7,42,20,117
cell440,0,18,4,0,0,24,0,179,68,27,3,142,4,1,50,19,104,11,48,39,18,1,0,0,24,16,0,23,30,7,67,11,71,24,17,1572,115,64,9,2,0,58,1,107,138,12,90,21,7,9,9,45,2,80,40,27,3,0,43,72,71,15,4,0,65,5,55,59,0,2,161,7,2,8,24,152,3,51,2,29,3,18,26,0,63,40,23,1242,7,0,57,0,2,245,2,6,12,81,5,27,28,0,0,12,45,8,6,1993,5,18
cell441,5,9,0,11,106,5,4,81,156,40,10,72,4,0,27,9,60,13,134,82,1,3,7,0,0,10,3,7,16,4,142,5,146,90,39,254,95,93,10,4,0,56,2,47,80,5,18,45,14,11,18,38,4,87,46,15,14,42,58,23,73,14,3,1,38,3,54,53,9,4,133,41,0,22,54,54,45,3,0,12,8,8,13,1,40,19,62,278,1,4,47,0,16,72,5,2,15,91,1,8,2,0,15,28,23,4,4,79,15,332
cell442,5,8,2,13,123,11,0,98,249,35,6,102,2,0,35,7,94,0,74,77,2,7,0,3,0,23,0,9,23,2,77,14,86,62,32,300,120,94,10,5,36,54,6,110,26,15,146,38,8,54,8,53,8,43,69,25,7,35,55,15,71,35,16,0,22,0,35,19,12,8,185,13,17,12,23,66,41,5,0,18,29,18,17,3,29,24,65,376,2,1,53,0,20,147,3,4,3,81,0,21,3,0,6,38,20,8,6,143,9,231
cell443,0,3,0,11,325,6,1,126,119,28,6,71,0,0,39,14,66,2,61,64,2,0,2,2,0,2,24,7,15,1,48,5,119,79,41,416,100,47,6,4,0,48,8,25,32,8,141,40,11,38,8,42,1,90,67,25,11,27,55,33,50,32,11,0,78,2,37,49,18,17,110,23,8,23,13,91,8,4,0,5,0,10,35,12,14,5,75,430,9,6,24,0,18,57,11,3,8,89,0,16,2,1,11,63,13,7,10,243,14,306
cell444,0,6,0,9,377,10,29,108,224,17,9,78,0,1,29,3,78,1,107,61,2,1,3,1,0,10,5,12,22,1,123,5,133,53,18,357,115,89,9,15,1,45,9,84,88,9,169,58,21,20,13,42,2,140,58,22,14,19,70,24,67,41,5,0,129,0,55,55,13,2,136,9,29,18,27,51,7,0,40,27,24,3,11,2,37,22,80,374,9,10,40,10,15,161,2,1,0,64,0,26,4,0,5,18,17,7,4,194,20,79
cell445,25,4,1,6,277,7,0,99,229,23,12,86,3,0,85,5,65,5,124,115,6,1,3,0,0,18,3,12,25,0,63,28,133,63,17,299,102,60,9,11,0,61,2,95,28,0,14,28,12,51,4,43,3,58,63,17,17,6,53,35,42,24,19,0,49,3,36,33,28,1,126,27,1,23,37,72,20,7,24,13,9,20,28,12,24,18,59,306,1,9,47,5,14,110,1,3,10,80,0,31,3,0,7,39,18,14,15,50,18,318
cell446,1,2,0,11,0,14,0,99,143,54,7,69,1,0,52,5,72,10,110,50,4,11,2,1,32,14,6,18,26,7,94,6,93,83,22,329,76,29,0,6,2,41,4,65,42,5,135,32,9,17,2,32,0,40,49,25,10,48,43,25,31,29,8,0,68,1,41,36,6,17,96,28,4,18,36,68,35,8,31,7,23,17,19,14,46,6,77,385,1,4,60,4,25,75,4,1,1,55,2,27,7,0,6,34,23,6,8,119,12,132
cell447,0,18,0,16,8,6,0,101,82,8,10,46,0,6,24,1,57,13,40,34,4,4,0,0,19,14,10,37,22,5,63,8,64,15,22,405,71,31,2,3,2,38,5,68,101,2,102,16,9,14,12,38,1,1,55,15,4,3,38,28,49,5,8,0,2,4,39,51,11,8,91,16,2,7,26,97,2,15,4,8,3,38,28,0,30,36,20,680,14,0,72,0,9,154,6,3,3,80,2,20,4,5,0,12,41,1,13,2974,15,18
cell448,0,0,2,9,9,10,0,110,202,44,8,60,0,0,51,9,66,14,117,69,4,9,1,0,6,27,0,22,12,2,123,4,149,76,35,249,107,84,8,9,2,48,7,90,56,5,27,51,9,24,13,45,4,0,55,21,8,33,38,13,78,39,3,0,163,0,45,45,12,2,99,30,22,42,29,54,38,7,2,62,26,21,10,10,12,21,52,395,6,3,64,0,34,177,1,2,25,70,0,29,0,0,2,44,24,12,11,238,28,108
cell449,20,37,4,3,0,22,0,153,0,5,7,84,12,1,52,0,48,4,58,35,18,5,1,0,14,4,0,7,15,3,98,6,105,61,34,507,88,32,13,1,8,41,6,68,108,9,105,9,2,5,18,27,0,104,57,24,19,0,43,45,61,38,3,0,12,1,42,58,22,8,115,0,1,11,50,84,2,23,0,15,0,29,21,2,42,28,7,623,18,1,88,0,3,148,8,3,6,70,0,20,13,0,0,12,44,6,7,2688,13,9
cell450,2,0,1,11,43,13,0,86,219,17,12,151,11,0,74,17,84,1,105,80,5,2,0,0,0,17,4,19,16,3,102,8,134,72,47,278,100,89,1,6,15,60,6,89,73,16,14,40,6,9,9,58,2,44,66,23,5,29,55,12,57,30,10,0,111,8,22,40,6,11,187,13,0,11,54,52,23,3,0,6,22,19,27,26,33,7,30,294,0,3,50,1,11,246,8,2,7,104,0,24,2,1,7,44,19,9,9,89,44,256
cell451,38,0,0,4,5,14,22,92,195,60,2,98,3,0,56,14,90,4,116,30,5,5,0,0,1,13,0,18,19,8,83,2,100,54,39,221,135,91,12,5,8,50,3,96,76,7,126,26,18,41,3,63,3,66,56,24,5,21,49,21,56,20,9,0,40,1,46,33,17,5,178,2,7,14,19,65,11,6,0,19,16,26,38,12,31,13,56,378,2,8,70,0,25,193,7,0,10,77,9,17,0,1,6,38,25,5,8,353,21,310
cell452,0,0,10,19,0,27,8,138,4,14,11,110,5,0,29,13,47,1,30,23,7,0,1,0,41,17,2,2,16,4,45,2,117,24,46,677,74,41,6,2,4,40,2,65,92,5,95,18,7,16,8,37,0,91,36,29,9,0,32,34,44,7,3,0,0,0,35,39,24,6,117,29,4,26,27,87,8,48,1,5,6,4,12,0,39,43,15,619,10,0,54,0,5,236,7,3,10,61,1,38,10,0,0,11,55,13,18,101,7,22
cell453,0,0,0,3,248,5,0,80,260,50,8,77,17,0,61,4,118,3,237,66,14,1,0,6,0,11,9,12,26,0,142,5,128,87,18,339,130,139,7,15,19,52,3,61,77,8,140,36,8,7,7,47,1,3,68,28,15,38,50,14,39,6,6,0,87,3,55,46,12,2,198,19,20,20,27,52,2,7,141,11,15,17,6,0,45,4,64,289,0,1,49,0,30,230,1,0,4,98,3,34,4,1,7,80,24,1,9,128,12,208
cell454,7,2,0,3,19,4,0,111,289,60,18,121,0,0,132,20,142,9,110,70,5,5,0,3,0,4,20,15,27,3,96,4,134,102,66,336,93,109,12,0,0,72,0,68,68,3,119,41,13,38,15,49,6,129,76,31,2,43,68,25,54,40,5,0,91,4,67,34,24,2,258,11,1,26,68,62,9,3,3,14,8,15,8,4,95,9,36,342,3,15,41,0,21,220,5,2,11,100,4,4,1,0,1,68,18,8,8,249,15,159
cell455,1,7,1,10,810,38,0,215,225,14,8,130,12,15,25,1,52,3,42,44,13,2,0,0,19,3,0,21,19,5,86,6,80,24,36,524,111,57,2,4,1,43,8,12,57,4,43,18,16,23,15,30,3,210,59,17,9,0,39,26,48,21,12,0,4,0,40,59,0,6,100,2,0,20,31,85,5,97,0,8,2,6,10,2,41,100,11,500,24,3,45,0,5,252,5,1,5,44,0,22,39,2,2,12,48,11,5,1736,8,11
cell456,8,6,3,13,0,0,0,101,205,44,11,75,0,0,68,11,81,13,407,129,3,4,1,1,44,35,0,14,15,2,120,21,135,52,41,366,111,137,10,4,0,65,12,113,45,3,139,25,5,33,11,51,1,86,68,30,9,46,64,17,49,14,7,0,135,1,62,28,6,7,160,21,7,18,48,59,12,4,0,5,7,17,30,10,26,16,50,353,0,3,66,0,28,296,11,3,6,101,9,21,0,0,3,16,17,3,15,186,36,348
cell457,0,0,0,2,0,20,0,152,14,7,2,75,6,2,30,7,52,19,25,45,11,5,3,0,36,9,7,5,13,2,145,17,76,34,39,303,98,63,13,7,0,33,2,69,84,3,2,11,23,34,7,27,0,55,49,16,5,0,43,23,73,23,7,0,0,0,25,12,4,9,109,5,0,14,33,56,11,27,0,26,0,9,19,3,32,17,21,367,31,4,68,0,4,167,5,2,2,87,0,7,9,5,0,22,58,4,11,1416,8,17
cell458,2,0,1,16,319,17,0,80,148,27,12,77,2,0,34,14,90,14,115,76,6,8,0,0,0,13,1,15,21,0,68,5,182,70,29,410,99,62,11,3,0,46,3,83,54,7,101,36,27,22,3,46,1,54,66,32,4,36,38,32,81,29,8,0,133,0,28,42,15,5,137,9,11,20,60,67,21,8,24,52,19,14,8,3,38,7,78,354,3,3,53,0,22,121,6,1,4,88,1,31,4,0,6,57,22,8,8,217,34,171
cell459,15,33,1,7,0,12,0,164,0,13,17,132,12,4,41,2,68,7,37,41,7,11,2,0,21,16,0,12,29,2,73,11,63,21,30,447,111,36,7,3,4,55,2,104,89,10,92,26,19,19,13,43,0,8,63,21,14,0,51,32,38,10,5,0,0,3,62,34,3,2,148,18,1,11,30,106,12,48,2,16,2,11,13,5,55,52,19,485,23,3,50,0,7,272,6,5,0,75,0,19,52,0,0,4,55,2,7,1790,11,13
cell460,0,1,4,4,0,6,0,103,221,49,18,112,5,0,41,19,113,11,213,113,1,0,0,0,0,10,2,12,35,12,20,1,180,91,28,241,100,153,11,6,0,60,6,118,44,13,114,46,10,14,4,65,2,40,72,29,15,44,77,26,41,18,21,15,187,1,55,32,20,10,228,11,0,28,71,66,21,2,0,11,8,5,21,29,39,4,46,271,1,16,55,0,19,197,10,3,16,115,18,16,4,0,2,96,23,3,6,66,15,225
cell461,2,1,1,2,240,7,0,91,138,12,11,53,4,0,22,7,56,19,74,131,11,8,2,0,0,8,0,14,20,0,18,29,157,60,39,304,61,65,7,14,13,49,10,28,84,5,166,53,13,45,13,29,3,73,46,14,8,4,40,19,106,0,4,0,115,2,44,34,18,6,113,7,28,20,58,62,40,5,3,21,18,5,8,30,33,26,62,298,1,13,53,0,30,118,2,4,6,68,5,18,2,0,8,42,13,11,5,167,19,230
cell462,2,0,1,1,0,16,1,81,143,8,4,78,6,0,67,3,78,5,74,90,1,17,0,1,18,0,5,14,20,0,131,12,149,63,32,175,81,77,7,6,0,34,12,26,54,7,29,37,11,28,13,48,2,22,42,21,23,28,64,33,56,39,13,0,94,0,50,24,3,0,153,7,8,19,56,36,14,6,14,11,7,24,18,17,55,9,46,284,0,0,57,0,7,73,0,2,12,75,1,14,5,0,7,48,16,7,16,357,19,129
cell463,2,1,1,1,58,12,0,89,190,37,18,75,0,0,54,10,104,11,70,61,5,0,0,0,0,12,2,10,23,8,104,19,146,60,29,206,114,83,19,4,8,44,10,140,49,9,22,32,21,13,4,63,2,50,57,32,16,9,66,35,51,4,7,5,81,4,82,36,12,4,196,23,22,10,59,41,51,4,56,15,14,15,17,1,49,13,69,253,2,3,74,0,30,299,4,16,18,100,9,50,4,0,4,37,26,6,8,229,38,226
cell464,0,3,1,2,194,8,9,103,244,60,27,116,0,0,97,7,113,9,89,115,8,4,2,0,1,12,0,13,30,2,270,13,229,66,9,215,123,90,7,1,1,48,6,74,58,11,65,60,15,23,9,57,1,97,67,33,18,33,82,28,67,10,7,0,58,2,63,42,8,22,192,0,8,17,59,68,8,1,0,11,16,8,16,23,70,31,66,212,1,19,64,8,19,177,7,8,6,89,0,47,5,0,2,38,26,13,9,151,17,101
cell465,0,0,0,7,134,8,0,104,324,40,14,142,6,0,37,18,76,6,192,97,7,0,0,0,0,19,2,13,24,9,251,38,165,99,43,251,121,49,10,9,7,80,11,91,63,11,226,31,16,18,20,51,8,37,68,19,8,34,65,14,70,45,16,0,117,1,62,45,15,5,189,7,23,12,65,50,10,10,109,16,3,18,14,7,51,9,64,231,0,10,49,0,23,398,1,3,12,117,1,39,0,0,19,21,25,5,9,273,16,203
cell466,0,3,0,9,156,12,0,88,145,16,4,60,2,0,44,19,71,26,73,74,3,9,0,0,0,14,3,13,15,1,117,4,128,109,51,335,60,21,11,8,17,56,12,57,63,0,201,22,22,23,4,40,5,0,53,21,54,47,58,18,69,27,8,0,123,3,32,19,17,5,141,14,22,12,51,67,20,9,3,15,15,22,17,16,24,16,113,338,4,0,46,0,21,269,19,3,4,61,1,8,0,0,11,45,27,7,14,570,12,4
cell467,0,25,0,16,227,17,0,89,23,6,3,86,6,5,55,13,74,2,40,72,17,22,0,0,101,7,0,20,21,1,84,34,85,43,22,146,90,143,11,4,3,42,2,80,94,1,147,13,24,16,11,62,1,11,82,36,4,0,56,31,67,22,3,0,0,3,81,53,16,2,160,17,2,14,58,74,4,30,1,5,3,14,25,1,13,44,10,243,11,0,63,0,4,217,3,1,6,60,2,18,29,0,1,12,77,9,16,1629,12,13
cell468,3,0,0,0,5,0,0,116,255,48,6,57,0,0,59,3,118,8,84,80,6,0,0,0,0,16,3,25,24,2,98,14,124,54,34,287,108,55,21,26,0,74,3,111,78,13,180,33,22,63,13,62,3,14,61,23,13,32,58,34,74,10,22,0,80,0,50,35,2,3,192,16,7,19,51,65,12,14,11,25,23,12,29,29,26,22,55,254,16,3,57,0,25,130,9,10,10,105,8,25,4,0,5,28,19,11,4,295,10,164
cell469,0,42,2,7,21,27,7,130,0,12,2,97,16,4,29,10,108,13,32,31,6,4,0,1,23,14,2,12,38,4,89,10,80,41,27,376,110,184,6,12,2,52,2,88,87,9,72,25,10,16,7,51,2,0,42,26,8,1,46,20,64,9,2,0,2,0,49,46,15,2,193,12,6,17,32,65,9,33,0,17,4,15,15,0,35,36,42,417,6,2,70,0,15,218,6,5,18,85,11,36,53,1,0,13,61,7,2,2178,2,12
cell470,0,34,0,10,222,15,1,105,136,7,13,89,9,5,69,16,100,2,44,35,10,7,0,0,17,9,4,27,27,3,74,1,78,69,19,431,85,160,3,2,0,55,8,112,79,6,136,28,4,43,9,47,1,61,75,17,18,23,33,19,67,14,10,0,0,8,61,45,16,8,141,6,0,20,36,67,17,45,0,22,3,9,10,4,31,14,7,455,12,2,67,0,6,105,5,3,2,75,0,15,28,0,0,9,55,5,7,1355,3,20
cell471,0,6,1,6,0,13,2,90,164,45,4,80,2,0,68,12,92,5,64,35,9,1,0,0,0,37,1,13,35,7,124,20,87,81,40,144,96,104,12,19,0,51,9,88,49,17,152,18,16,66,13,48,1,31,71,32,4,31,70,23,78,56,12,0,79,0,46,15,15,9,175,22,13,23,43,66,33,15,3,42,13,8,16,13,52,34,76,252,8,2,59,12,22,223,3,3,22,83,9,15,1,0,7,21,23,6,9,188,17,96
cell472,0,1,3,12,240,7,0,72,222,42,15,81,8,0,21,26,108,17,79,62,4,3,0,0,2,10,0,18,27,0,37,3,114,56,16,182,109,78,7,6,8,49,5,113,71,13,113,27,25,56,4,60,4,2,64,37,29,33,57,23,82,3,2,0,65,0,79,25,16,9,180,3,29,48,39,60,16,12,133,9,13,6,9,1,47,16,54,266,4,0,34,2,11,64,4,1,11,99,0,37,5,0,11,42,25,3,7,55,12,289
cell473,2,12,11,4,0,27,0,110,0,10,13,99,0,3,56,10,60,8,36,75,18,7,1,1,35,10,0,25,19,1,97,3,97,32,23,371,68,83,5,4,0,36,2,95,88,4,8,20,1,51,18,38,11,141,49,28,7,9,28,47,69,26,8,0,1,3,41,36,16,6,148,14,6,10,49,97,10,47,136,18,0,13,27,4,26,63,12,501,9,6,57,5,3,185,4,1,4,99,10,36,3,0,0,14,78,1,14,4593,7,21
cell474,23,0,0,4,194,18,0,71,97,32,18,55,5,0,36,0,57,2,68,17,5,13,0,0,4,2,1,18,14,5,72,14,112,46,13,130,69,28,5,4,8,34,9,37,56,0,138,35,8,30,4,39,5,16,46,12,6,22,45,31,47,17,8,0,46,0,48,40,9,13,114,8,12,13,37,40,6,8,0,10,5,6,15,10,11,21,41,260,5,5,34,1,12,102,1,1,10,84,4,19,2,0,7,49,27,3,10,37,9,55
cell475,2,7,1,7,42,4,0,89,102,48,16,84,5,5,46,2,66,20,72,72,15,0,3,0,0,8,0,5,19,4,103,17,98,63,12,348,94,48,2,3,13,50,3,78,87,9,36,31,4,25,6,35,1,0,35,8,21,20,39,40,52,27,4,0,83,1,40,22,16,0,109,12,8,4,46,77,20,19,2,27,19,12,14,3,42,39,74,327,6,0,68,0,7,131,4,8,15,68,1,22,8,0,10,47,14,11,12,243,6,152
cell476,23,2,2,4,0,10,2,109,186,29,13,90,2,0,27,10,56,4,74,21,8,3,0,0,0,20,1,10,7,3,50,28,129,74,27,305,109,56,7,9,0,48,4,31,80,8,96,45,13,20,1,31,2,57,49,36,10,42,55,8,73,30,4,0,55,2,44,68,14,15,102,2,9,18,36,41,18,12,0,11,20,3,17,18,20,11,37,347,7,7,24,0,19,88,2,2,6,80,3,17,4,0,12,16,22,11,12,496,9,143
cell477,25,0,2,3,356,16,1,97,273,40,1,54,0,0,38,6,83,9,177,64,7,19,0,0,0,26,2,3,14,5,188,7,145,88,20,232,108,67,7,4,11,47,12,78,60,27,98,53,14,33,9,43,3,58,42,22,4,31,35,26,81,31,10,7,67,4,50,52,12,7,130,2,30,16,41,52,25,7,4,30,11,15,23,26,32,12,85,356,11,4,55,1,44,90,1,2,0,78,6,26,4,0,21,28,29,2,7,181,13,67
cell478,0,2,0,0,34,21,0,107,260,47,8,97,3,1,48,4,79,14,157,66,23,2,0,0,0,22,0,18,17,3,140,2,123,25,33,177,93,81,5,23,2,62,5,72,39,0,120,29,14,34,0,39,4,3,56,24,19,27,64,9,82,34,17,0,0,4,58,41,23,6,123,16,6,20,58,57,35,5,0,11,10,14,24,7,35,23,44,302,8,6,83,0,19,59,3,1,9,48,10,19,6,0,4,60,21,6,19,442,4,178
cell479,0,0,0,16,350,15,0,117,279,62,10,62,9,0,77,0,89,12,129,45,12,1,0,1,0,4,0,7,29,0,73,10,93,52,7,225,131,105,9,4,14,59,7,64,86,6,153,36,14,80,9,49,1,21,49,21,6,16,55,19,54,41,9,0,0,0,35,30,11,10,197,54,15,15,33,57,52,6,0,9,5,11,21,2,35,20,72,292,1,7,43,22,22,188,4,5,9,100,5,34,2,0,1,51,14,5,8,160,20,169
cell480,4,4,0,7,1,12,58,109,214,29,15,80,1,0,52,10,128,8,78,59,0,5,0,0,0,3,4,23,15,0,92,17,115,70,40,269,112,35,9,8,0,58,2,68,46,21,140,39,8,19,14,55,2,16,54,39,3,33,51,19,68,62,5,0,109,0,67,32,7,2,165,3,25,19,60,46,19,13,20,21,14,16,19,0,34,27,74,281,10,0,45,15,15,167,3,1,15,118,5,48,4,0,6,89,26,7,11,125,13,170
cell481,0,3,7,2,2,29,0,230,202,11,9,85,7,11,41,6,49,6,57,57,22,6,2,0,22,6,13,22,21,0,150,17,127,56,47,515,95,20,2,5,18,32,9,58,85,2,137,34,9,31,23,24,5,297,55,22,6,10,36,26,69,28,1,1,17,0,50,25,13,7,113,12,14,20,10,117,14,4,0,24,3,25,26,13,52,36,10,893,21,0,68,2,3,280,6,3,3,83,7,63,22,1,0,11,88,7,19,610,9,21
cell482,0,6,0,10,24,8,1,121,261,47,3,89,2,0,100,0,123,10,77,41,7,2,0,1,0,12,0,6,26,0,100,11,102,68,40,251,126,125,11,3,0,47,1,64,73,6,97,36,22,13,9,52,1,0,71,33,5,36,84,14,54,18,12,0,84,4,64,30,17,29,240,6,12,44,52,54,26,21,0,22,6,12,9,10,49,35,68,227,7,2,28,0,21,183,11,8,6,91,2,37,3,0,0,42,26,9,19,126,21,179
cell483,0,9,0,7,0,22,0,136,141,7,11,100,8,6,28,2,70,2,46,45,16,29,1,4,77,14,0,32,11,2,170,12,132,28,54,714,92,60,3,4,8,53,8,69,82,3,112,18,13,15,17,41,3,102,58,16,4,3,49,23,86,16,5,0,71,1,55,55,8,15,101,2,2,39,51,89,7,18,0,31,2,19,42,1,47,9,11,683,19,0,89,0,2,377,1,1,1,64,0,27,38,0,0,13,71,1,15,721,5,13
cell484,53,1,0,3,3,4,0,106,228,20,9,100,1,0,72,1,95,7,284,68,5,0,0,1,0,3,3,6,18,0,101,26,180,73,37,137,100,38,10,11,3,56,1,123,27,27,0,15,20,36,5,56,9,23,66,17,4,13,62,12,90,9,7,0,118,0,68,34,14,2,190,28,13,9,46,35,25,4,0,27,18,23,5,5,67,31,55,191,3,1,51,0,4,138,7,3,3,98,2,31,1,0,1,51,18,7,2,325,13,182
cell485,0,2,2,16,6,13,0,113,287,41,15,80,0,0,45,7,64,21,80,131,1,0,0,0,0,29,9,4,30,3,130,11,93,77,26,254,125,109,11,18,0,67,5,102,69,3,202,27,36,87,4,67,1,114,75,32,7,34,78,25,42,64,10,0,129,1,34,33,16,2,237,21,27,14,53,38,21,6,15,12,13,5,28,26,60,5,33,242,5,6,52,0,13,175,10,4,5,103,1,9,2,0,2,20,21,23,11,30,11,142
cell486,2,0,3,3,224,15,0,71,139,63,2,47,0,0,46,5,101,9,69,63,5,4,0,0,0,48,11,10,32,0,184,5,134,78,50,196,79,129,4,14,0,50,0,143,59,17,65,37,16,43,6,57,2,53,91,24,9,14,72,23,75,23,13,0,23,3,39,9,3,8,233,25,9,23,58,46,28,10,0,19,8,11,23,12,51,25,60,187,2,6,36,0,15,168,4,2,12,83,0,2,4,1,7,83,21,9,12,173,13,193
cell487,153,1,0,4,177,12,0,102,191,22,15,75,2,0,61,1,106,8,116,50,16,3,0,0,0,2,33,5,31,0,83,8,162,75,40,120,98,149,14,2,0,59,6,75,61,6,224,45,15,68,7,63,3,2,77,32,28,32,67,13,80,52,8,0,0,3,50,27,26,12,192,11,27,8,59,52,25,5,12,9,12,16,9,0,49,25,41,192,0,4,31,0,9,176,3,1,8,94,0,13,3,0,2,44,22,1,14,137,5,144
cell488,26,0,0,4,27,6,0,149,256,45,14,78,6,0,80,12,119,8,80,88,5,7,0,0,0,22,0,18,29,1,84,13,148,48,36,279,133,211,8,6,11,53,4,105,50,24,136,25,3,30,3,56,3,244,82,20,1,25,73,20,66,47,5,3,78,2,69,58,16,2,222,12,10,9,45,39,40,9,6,5,6,1,6,0,65,20,58,260,1,11,26,0,6,134,3,0,23,113,7,33,6,0,6,50,26,11,14,40,13,28
cell489,4,1,0,13,230,4,3,134,237,26,6,68,6,0,37,29,109,19,297,89,5,1,0,0,10,36,11,10,16,1,178,8,125,77,45,228,107,49,8,12,0,39,9,95,57,25,1,32,14,53,2,54,5,39,60,22,7,25,66,26,57,42,15,0,39,2,60,39,15,9,206,11,10,18,38,35,7,9,0,11,8,27,11,0,29,26,57,230,7,7,58,0,9,183,4,2,5,98,0,32,7,0,5,87,13,1,15,42,5,122
cell490,0,16,2,23,433,28,0,123,0,6,3,79,1,5,29,0,53,5,53,156,15,6,4,1,96,36,2,43,21,3,194,11,195,69,28,502,80,37,2,17,0,22,4,31,94,3,26,36,6,3,21,26,4,138,41,15,28,0,26,29,116,6,7,0,0,2,29,34,11,8,86,6,17,9,63,103,22,15,2,22,1,14,34,0,32,27,19,594,5,5,96,0,9,315,4,8,10,41,6,25,26,0,0,13,96,11,8,3275,4,14
cell491,18,9,1,21,0,12,4,90,185,51,19,61,2,0,35,23,159,4,61,59,17,0,0,0,0,25,0,21,25,2,32,2,113,45,35,184,114,163,9,13,1,68,3,95,76,6,5,54,10,38,3,54,4,69,71,24,3,12,75,8,80,79,17,9,125,4,30,36,1,7,281,19,16,13,43,39,7,33,23,33,8,19,4,11,44,27,80,241,10,5,38,0,15,87,2,1,15,84,1,21,0,0,3,45,17,7,10,42,5,82
cell492,1,13,1,4,55,14,23,105,197,12,14,63,1,0,40,30,111,30,55,74,6,0,0,1,0,17,1,6,28,2,124,16,187,73,37,210,90,82,5,9,0,53,6,100,66,12,192,21,20,68,16,66,1,60,81,16,3,22,57,33,85,28,14,0,61,5,55,31,12,15,201,10,5,27,47,55,27,17,0,19,9,11,7,4,81,30,31,273,3,1,42,14,8,280,0,5,15,86,2,18,1,0,8,30,17,7,7,104,2,189
cell493,1,32,2,13,368,14,0,126,37,7,8,74,4,11,24,10,44,4,64,31,21,1,0,2,22,25,4,12,18,2,295,34,323,83,19,283,108,32,6,14,0,24,1,51,42,13,372,29,8,14,34,22,2,103,40,9,5,0,24,24,89,26,2,0,0,4,20,45,15,2,63,9,15,27,94,96,20,7,0,36,2,29,20,1,8,28,28,627,3,10,91,18,8,400,1,1,2,47,0,27,25,0,0,35,81,8,12,1373,4,18
cell494,38,0,8,5,0,13,1,106,185,32,17,71,3,0,20,23,83,13,90,146,1,0,0,0,0,30,15,23,27,2,124,20,133,95,31,166,95,110,13,3,3,40,9,100,46,18,171,25,13,58,13,47,2,93,76,37,5,36,70,21,92,36,7,0,0,3,51,19,8,6,163,20,21,18,18,63,8,11,0,10,8,2,9,3,112,12,19,167,13,2,46,0,6,164,3,4,21,84,6,21,2,0,3,100,14,16,10,143,11,149
cell495,0,0,1,8,0,8,11,106,138,9,14,77,6,0,103,26,120,4,85,85,18,3,0,1,0,16,9,11,41,3,154,15,131,64,25,156,98,114,5,15,8,54,1,70,42,2,72,40,7,49,14,75,2,56,62,35,25,11,56,8,83,67,4,0,17,1,51,18,5,12,228,9,19,9,90,45,38,7,0,16,8,15,9,4,49,21,44,157,9,0,44,0,20,308,5,2,3,88,6,24,3,0,10,26,21,9,10,74,8,84
cell496,32,10,0,8,9,11,0,129,0,4,0,99,2,10,17,5,32,3,50,91,19,6,0,0,63,7,0,24,7,0,161,10,210,96,23,996,59,33,7,11,15,32,16,39,64,0,276,41,5,8,10,18,1,52,28,6,8,0,24,36,108,13,2,3,1,2,17,55,18,4,86,0,32,45,42,95,17,31,0,29,4,10,21,3,29,49,20,829,10,1,101,0,4,391,8,6,0,35,1,52,40,0,0,12,87,1,16,1222,13,15
cell497,0,9,0,0,146,18,1,100,171,31,26,56,0,0,54,5,75,20,81,135,7,9,0,0,0,32,3,11,18,0,184,28,260,81,26,147,111,106,10,14,0,43,10,104,29,14,174,39,7,51,10,47,5,24,65,30,8,6,73,29,80,59,1,0,0,2,41,46,20,9,199,24,17,14,73,54,28,15,3,7,4,28,14,0,55,27,25,209,1,1,39,1,7,163,2,1,1,97,12,21,0,0,4,70,16,13,10,72,12,214
cell498,1,1,3,5,0,8,0,117,259,42,4,88,10,0,70,8,107,18,109,139,4,0,0,4,0,11,7,12,24,2,288,32,219,163,34,55,110,225,6,9,0,74,4,83,55,7,92,24,16,100,29,58,2,125,75,24,12,27,86,18,122,41,5,0,37,9,58,41,7,0,244,4,24,20,77,58,23,36,0,9,1,16,19,0,77,17,21,178,13,0,47,0,3,138,7,4,12,119,2,23,1,0,1,27,16,7,11,143,19,176
cell499,107,7,1,11,0,18,0,188,0,3,3,89,0,1,16,8,30,6,93,115,34,5,3,3,169,27,6,25,16,4,426,21,346,89,19,887,94,27,1,8,0,18,22,48,87,4,86,31,12,25,30,28,0,130,29,6,20,0,24,39,135,13,1,0,4,5,38,31,9,2,54,7,1,25,88,112,16,63,2,36,6,10,26,0,23,24,25,859,49,6,87,0,4,382,2,2,9,56,15,51,0,0,0,18,97,2,6,1546,10,22
cell500,79,4,0,17,316,4,0,109,283,20,16,58,8,0,45,4,87,9,82,193,8,13,0,0,25,36,0,6,22,2,181,11,276,97,27,183,99,50,6,6,10,67,6,88,61,11,300,41,20,58,9,55,7,24,60,36,20,3,56,15,104,22,13,0,78,0,53,33,8,1,166,12,32,16,102,65,22,13,6,17,7,17,21,2,37,42,34,184,1,10,54,0,4,102,6,2,5,89,9,16,2,0,9,33,19,1,5,44,11,135
cell501,0,14,0,4,241,12,11,134,220,24,15,95,9,0,50,27,101,21,77,86,7,2,0,1,0,11,0,22,32,9,74,7,146,56,31,205,139,65,2,8,1,52,1,74,57,9,59,28,17,55,9,60,2,124,55,24,14,2,85,19,87,27,14,0,67,1,36,28,2,7,176,12,9,23,27,18,17,24,10,4,6,8,19,10,36,33,24,243,13,2,23,0,3,138,3,2,1,80,0,14,2,0,4,28,21,4,9,133,7,279
cell502,0,1,0,3,5,12,1,93,216,5,22,55,8,0,47,41,107,8,86,149,5,4,0,0,0,22,0,15,25,3,212,6,153,85,26,85,81,83,16,8,23,60,1,46,38,9,197,42,20,71,6,57,4,92,67,23,3,10,56,19,89,9,5,0,50,6,25,18,0,4,195,19,14,17,38,35,22,28,97,22,5,1,18,25,45,34,13,184,17,4,46,0,9,181,0,2,5,111,1,29,3,1,2,44,13,14,21,136,21,98
cell503,0,0,0,1,0,12,0,130,182,21,7,61,4,0,14,13,97,0,74,145,1,4,0,0,1,10,14,11,24,1,104,7,203,74,49,86,123,87,2,18,32,51,5,114,78,6,260,24,21,29,10,56,4,0,64,19,5,0,78,21,81,67,15,3,62,0,26,39,3,6,202,10,20,17,107,70,20,10,0,13,3,10,26,10,50,21,31,267,5,2,48,0,6,50,1,0,6,104,2,13,7,1,2,38,19,9,2,36,6,141
cell504,2,1,1,6,341,21,0,152,0,18,5,130,0,5,47,4,60,3,69,53,18,7,1,0,51,18,0,31,22,2,366,31,237,86,28,660,85,47,4,7,8,57,4,37,91,3,330,32,10,6,25,36,4,90,47,15,6,0,39,44,100,13,3,4,0,2,54,55,15,13,105,4,9,50,57,89,12,29,0,11,4,30,38,0,15,61,25,699,12,2,91,0,6,633,6,1,4,54,5,48,31,0,0,6,89,1,4,2304,14,19
cell505,3,15,0,4,197,21,0,98,80,17,8,99,4,0,45,8,59,10,43,140,26,0,1,1,89,3,3,32,25,1,354,4,286,85,41,627,83,80,8,9,0,48,9,60,92,1,216,22,6,14,21,33,3,18,49,20,14,7,28,42,108,33,9,0,0,0,69,39,10,4,76,19,1,28,73,87,20,9,1,28,4,37,25,1,36,52,24,652,6,4,78,0,6,871,4,1,7,56,2,32,20,0,0,39,106,9,6,2584,7,17
cell506,4,2,0,6,0,4,0,124,196,51,13,71,1,0,27,16,115,24,115,123,8,5,0,1,0,1,5,16,16,4,87,4,130,77,33,285,57,138,16,2,1,60,3,115,67,6,118,19,11,31,12,59,1,45,81,37,4,2,82,28,32,28,12,1,74,2,51,31,23,1,209,15,20,28,50,63,10,11,0,10,2,6,14,4,24,27,37,209,1,0,54,0,5,243,0,2,16,117,1,9,3,1,5,49,14,9,7,111,12,52
cell507,0,4,4,8,57,4,1,85,290,9,12,46,7,0,35,9,78,16,136,110,4,3,0,0,0,9,12,19,36,3,135,27,191,76,53,242,121,83,7,6,0,51,8,39,80,15,189,12,24,83,4,47,9,8,58,24,4,36,73,27,46,30,6,1,72,4,35,26,12,7,181,5,17,10,56,63,13,6,19,2,4,19,23,7,37,17,31,235,10,1,36,0,5,142,3,0,4,89,3,30,0,0,11,88,18,18,8,85,19,72
cell508,111,4,5,5,5,9,0,130,121,48,4,76,3,0,74,8,95,12,305,79,2,14,0,0,0,45,7,7,37,0,181,12,189,65,22,188,122,131,7,7,17,41,18,121,80,16,248,39,20,63,16,67,5,4,73,28,13,0,66,16,88,39,2,0,95,7,58,34,4,3,213,3,10,18,57,61,23,19,14,26,17,14,6,0,56,41,36,273,4,7,70,0,15,297,9,1,0,118,7,22,3,1,9,44,18,4,16,231,12,166
cell509,98,0,0,19,166,22,2,145,144,12,16,76,0,3,26,6,78,11,53,232,19,0,5,0,52,37,6,49,14,4,414,55,322,94,43,730,94,65,7,4,0,50,9,77,71,10,355,27,16,11,19,30,0,0,47,35,23,28,39,22,121,6,14,0,2,0,31,42,15,3,130,2,0,18,62,135,20,14,0,22,1,16,26,13,19,39,30,643,13,3,78,0,6,590,2,2,1,66,3,43,16,0,0,13,72,3,6,905,16,17
cell510,4,8,2,13,623,9,0,150,62,13,12,103,1,1,31,19,58,2,64,175,15,0,1,0,74,24,3,7,21,0,444,3,207,96,20,533,95,77,1,1,13,43,6,34,65,7,289,19,13,3,18,27,4,74,59,16,16,0,46,19,101,9,3,0,46,0,33,55,16,8,108,21,2,16,100,73,10,7,0,32,4,32,15,7,20,22,14,586,3,1,94,0,12,284,8,0,9,77,3,47,13,0,0,8,94,6,7,3751,13,19
cell511,0,6,5,13,480,11,0,121,278,44,11,108,1,0,41,8,93,5,181,103,10,8,0,0,0,11,8,8,34,0,157,9,213,84,48,241,121,106,10,5,17,54,6,97,62,7,69,43,20,56,6,51,0,21,69,21,3,24,74,27,78,69,21,0,61,2,47,42,15,15,216,4,23,9,73,71,24,20,6,16,7,16,24,1,51,24,24,299,5,1,46,0,9,120,7,2,14,83,0,36,0,0,7,23,20,21,10,147,18,174
cell512,66,24,5,8,0,10,0,163,181,7,8,111,0,4,33,11,71,13,71,133,4,4,0,0,46,32,0,21,19,1,537,15,278,89,21,555,110,69,4,12,0,44,9,21,113,10,264,30,4,3,25,29,5,45,52,16,48,10,52,30,131,4,3,0,88,1,31,46,14,6,119,3,12,9,108,121,10,51,0,24,0,38,28,9,21,44,22,540,9,1,86,0,7,492,5,1,6,75,9,20,31,0,1,21,107,17,17,1196,17,17
cell513,1,0,2,15,0,19,0,128,139,9,3,114,5,1,55,11,60,10,58,202,36,2,2,0,94,15,8,29,16,2,304,22,372,102,31,491,96,49,5,12,14,56,14,54,75,11,11,30,13,37,25,36,1,131,38,12,8,0,43,30,168,21,4,0,0,2,54,23,13,5,119,3,8,6,68,116,9,14,11,28,14,31,10,0,32,20,19,621,15,0,95,2,13,142,2,6,9,85,9,47,9,0,1,35,101,8,8,3240,7,16
cell514,26,5,7,23,1,14,1,148,259,26,15,145,2,0,139,35,152,6,69,105,1,8,0,3,0,23,9,13,32,3,93,2,76,43,47,273,176,140,3,5,12,68,6,151,53,10,162,30,9,99,11,75,11,138,90,30,4,31,84,42,74,76,4,0,71,5,71,38,4,9,322,44,6,33,31,50,7,18,0,8,6,12,17,7,39,38,20,319,19,3,50,33,5,351,5,2,14,147,9,19,3,0,4,33,14,11,8,85,22,80
cell515,0,8,1,8,180,7,13,102,203,10,22,83,0,0,46,4,137,16,60,82,2,8,1,1,0,5,17,11,45,3,140,9,159,46,27,232,122,107,13,3,5,66,0,101,56,7,173,45,20,76,3,57,6,9,65,27,14,23,54,23,78,93,4,0,65,2,57,42,7,29,231,3,14,11,32,72,9,4,0,16,5,20,12,0,21,27,26,283,7,2,46,0,22,173,9,4,9,106,3,15,6,1,3,55,22,1,7,164,11,69
cell516,7,2,5,12,387,12,0,113,190,37,1,54,6,0,55,3,97,12,63,56,9,24,0,1,3,33,22,14,17,7,75,11,153,53,40,260,88,21,21,1,0,50,4,82,62,12,118,29,14,69,2,63,3,111,48,24,3,31,58,29,78,30,6,0,60,0,45,41,8,15,171,20,5,39,77,51,7,2,52,6,1,11,16,1,35,24,16,245,6,0,58,0,5,172,1,1,8,86,0,22,5,0,7,24,17,12,2,142,16,110
cell517,95,4,0,6,352,16,0,132,391,48,21,114,3,0,95,33,146,13,117,143,7,1,0,0,0,19,59,5,39,1,161,21,236,115,67,305,70,259,14,6,0,74,9,118,27,7,288,36,18,98,2,75,10,170,95,41,5,31,78,27,67,96,2,0,10,0,57,39,17,10,287,34,13,8,63,49,10,22,19,10,4,8,8,10,90,36,10,333,15,4,42,11,9,161,6,0,6,149,4,13,0,0,7,54,19,5,7,111,10,111
cell518,17,1,0,14,275,20,1,143,20,19,5,100,19,1,58,4,159,9,90,83,5,7,0,0,0,44,15,16,30,0,187,7,165,59,38,255,130,116,14,5,33,74,5,87,84,12,239,21,23,96,13,77,3,15,69,44,10,23,99,20,87,101,14,0,3,0,52,37,6,8,351,4,11,30,89,66,10,34,1,47,1,11,16,16,96,32,4,267,5,1,38,0,5,408,7,1,11,183,4,28,3,0,4,40,18,9,7,110,10,34
cell519,0,3,0,9,1,8,0,86,231,24,8,107,0,0,129,35,119,5,71,84,8,5,0,2,3,43,26,13,22,3,87,9,150,66,36,284,120,222,6,5,15,70,6,136,92,39,158,27,24,196,19,65,1,13,88,29,3,40,90,21,61,107,13,1,82,1,75,39,0,7,291,3,18,27,43,34,11,32,0,2,5,26,14,0,47,31,13,308,20,3,27,0,8,165,10,3,4,110,0,39,0,0,4,40,21,10,10,147,6,106
cell520,13,12,4,8,6,9,0,100,228,28,10,105,5,0,186,27,195,12,65,67,9,7,0,0,0,15,11,19,51,4,87,24,147,43,25,267,125,177,4,7,1,79,3,84,66,26,158,19,17,145,6,64,5,26,87,46,2,36,94,25,42,87,15,0,0,0,48,31,14,18,395,15,19,16,47,66,8,15,11,13,0,6,12,0,58,33,10,288,11,0,44,38,6,225,5,1,1,147,4,17,0,0,2,52,20,9,8,133,11,163
cell521,4,20,1,8,229,6,0,175,70,8,5,147,6,2,80,10,96,4,44,188,47,15,1,1,99,17,0,24,20,0,522,15,343,130,43,280,100,40,7,12,0,60,3,77,70,5,232,47,16,15,27,51,3,117,67,27,19,0,62,8,141,18,9,0,27,2,64,46,21,6,177,8,15,23,99,89,27,13,7,40,8,45,30,2,75,43,35,486,17,2,99,0,8,953,4,0,0,79,8,42,24,0,0,14,105,2,8,1455,4,22
cell522,1,0,1,11,46,7,0,130,290,42,19,133,2,0,121,8,190,11,66,64,3,0,0,0,0,27,5,11,54,2,170,1,138,61,50,280,131,268,11,3,1,90,6,92,66,6,203,26,6,133,18,74,2,34,93,45,6,9,94,27,69,16,19,0,0,1,99,43,17,7,472,16,18,24,57,70,15,37,22,21,6,5,20,3,130,37,34,352,9,3,53,49,13,350,1,6,13,187,3,29,8,1,3,19,11,7,11,108,12,37
cell523,1,12,1,5,102,16,0,120,259,7,11,80,3,0,38,9,212,7,92,73,1,0,0,0,0,25,0,5,61,1,98,2,164,50,84,229,138,225,22,3,47,106,2,146,42,7,114,19,22,123,6,55,4,1,106,38,7,12,103,18,71,24,7,0,44,0,94,19,25,8,428,13,14,8,42,53,8,14,0,21,3,20,20,0,84,31,23,393,13,1,47,45,15,643,1,2,15,164,0,16,5,1,2,55,25,25,14,58,17,99
cell524,3,17,2,2,6,10,1,143,158,40,40,97,2,0,103,24,137,14,131,143,3,11,0,2,20,27,6,21,35,3,136,11,152,51,41,423,137,222,18,6,0,80,1,98,83,43,211,5,10,70,12,65,10,12,110,34,10,9,87,19,71,91,2,1,19,1,66,38,6,15,385,15,26,15,47,66,14,37,37,10,2,44,16,3,112,12,20,338,16,1,45,0,3,455,5,0,5,157,16,21,4,0,2,29,18,9,10,67,20,107
cell525,0,1,0,8,0,7,0,152,252,65,21,141,24,0,176,19,215,13,111,127,3,6,1,0,0,13,12,24,34,3,143,10,173,55,94,247,98,205,11,7,0,76,5,208,54,7,162,22,24,137,8,84,4,8,91,40,0,33,69,32,83,81,16,0,67,1,105,28,17,22,313,52,23,42,40,67,8,25,2,38,8,37,2,1,48,17,32,349,28,2,45,0,7,607,3,1,3,164,1,32,2,0,10,35,23,13,5,114,3,77
cell526,1,0,0,4,26,4,0,129,187,43,10,140,1,0,123,33,182,9,104,38,7,3,2,0,19,39,0,4,31,4,189,10,220,66,72,357,109,387,10,7,5,64,6,87,82,4,166,38,31,87,13,59,10,35,108,38,5,0,77,25,65,97,2,0,5,0,140,30,15,0,469,14,10,17,48,48,3,36,0,6,4,10,16,5,97,40,13,363,9,2,57,0,6,239,2,1,12,120,1,29,5,0,2,15,27,12,8,135,11,27
cell527,0,39,4,12,66,8,0,96,149,47,14,98,7,0,137,17,190,8,67,65,3,1,0,3,0,5,0,10,32,0,122,23,193,55,32,194,102,93,25,3,23,58,2,194,75,10,58,24,22,43,7,88,0,67,91,35,6,1,101,21,86,100,17,14,8,2,56,35,21,12,417,20,11,29,47,77,5,40,92,5,0,14,19,5,120,31,21,291,6,1,34,8,7,375,3,2,1,158,1,9,2,0,6,13,27,8,12,232,11,85
cell528,47,6,2,3,0,11,0,132,238,46,25,130,0,4,81,7,200,21,68,121,11,8,0,0,5,17,5,13,33,2,142,13,169,40,32,290,128,94,14,2,2,87,7,102,88,14,145,29,17,30,5,69,3,148,87,36,9,38,77,33,68,61,11,1,18,1,99,36,12,7,375,27,16,20,51,36,12,29,95,5,7,13,38,0,29,27,15,382,1,1,36,0,11,260,7,0,3,136,2,44,2,0,5,49,19,6,15,60,16,101
cell529,0,31,0,1,0,31,0,173,187,24,13,161,0,6,19,15,76,15,54,86,41,6,1,0,161,36,0,41,8,4,132,24,250,132,32,1122,113,37,11,10,9,46,12,60,108,2,297,34,19,33,15,64,2,27,59,27,6,0,44,30,129,38,7,3,16,7,48,66,13,10,142,21,2,10,83,110,27,16,42,23,3,26,24,10,31,29,27,903,12,8,102,0,9,575,4,3,16,91,9,42,35,1,0,18,76,5,5,282,18,12
cell530,0,5,0,13,0,7,11,164,213,38,27,99,8,0,123,25,181,9,79,46,3,0,0,0,0,14,1,8,44,2,193,3,126,49,46,262,146,350,12,8,2,66,6,193,71,15,132,19,22,91,11,80,10,205,91,43,3,0,85,23,74,113,20,0,96,6,104,61,10,7,428,20,7,18,51,53,11,30,11,35,15,6,15,4,119,71,32,329,7,4,36,0,12,608,14,0,18,131,1,36,4,2,4,45,24,1,10,88,11,91
cell531,105,4,0,6,7,3,3,126,185,11,9,97,6,7,4,21,64,3,42,62,41,7,1,0,54,12,21,32,20,5,423,14,265,94,36,626,72,54,14,16,22,41,6,82,76,3,363,37,0,4,21,45,0,174,68,17,5,0,34,17,107,4,8,0,3,0,60,45,26,1,130,9,4,26,138,72,30,10,0,44,3,10,22,3,53,43,43,511,8,4,90,0,18,765,5,3,2,77,1,34,15,1,0,27,63,2,8,538,18,15
cell532,44,0,4,24,513,6,0,152,245,23,4,78,0,0,101,18,160,27,107,106,12,1,0,0,0,17,11,21,38,10,90,7,177,80,35,96,123,148,6,5,19,74,6,210,74,16,210,12,20,22,10,76,3,87,89,41,3,26,84,23,87,41,19,4,11,3,77,50,9,8,336,30,1,9,80,57,37,34,1,35,13,5,19,0,56,31,40,341,10,2,62,1,5,238,0,5,6,184,0,22,7,0,6,17,22,4,9,31,9,112
cell533,0,0,0,13,1,13,1,136,246,20,13,96,9,0,170,9,231,27,104,55,0,7,0,0,3,18,0,12,33,0,105,7,161,49,44,371,64,314,15,5,10,65,0,98,47,24,8,16,15,93,10,74,3,46,96,32,5,0,92,21,102,97,10,0,10,1,114,31,18,16,394,6,15,9,63,68,11,18,4,9,9,14,11,4,48,44,21,347,12,3,39,0,7,381,5,2,22,175,1,31,7,0,5,69,20,5,6,81,8,88
cell534,0,4,2,8,44,14,0,121,248,41,22,93,16,0,31,17,248,11,63,105,8,3,0,0,0,30,4,31,53,0,154,6,110,68,45,202,131,196,8,5,9,86,2,98,88,9,193,17,27,79,7,72,13,164,94,23,7,0,70,24,66,124,10,0,0,7,58,39,18,10,422,35,10,20,50,58,2,35,79,14,3,25,14,2,90,38,9,353,10,0,43,0,1,180,3,1,16,131,0,28,3,0,4,42,26,8,7,38,2,88
cell535,114,2,2,18,115,15,0,169,383,50,22,142,7,0,67,12,309,7,79,93,5,6,0,0,0,41,0,7,16,7,220,7,142,69,94,528,167,285,27,4,10,82,2,253,93,23,184,9,18,92,8,87,8,50,122,44,7,39,119,24,85,181,19,0,65,3,156,33,24,18,560,59,19,34,56,80,17,40,29,18,1,19,20,1,97,21,16,445,3,3,34,0,6,466,11,3,9,245,4,25,3,1,7,13,29,7,9,25,6,110
cell536,0,47,0,10,347,24,0,158,66,2,2,131,2,2,34,19,57,6,56,229,29,0,0,0,228,5,14,10,18,3,558,10,297,126,51,418,101,59,5,10,10,42,6,29,124,21,476,46,15,7,31,29,0,32,56,23,12,36,27,45,103,30,2,0,0,4,57,56,12,15,93,1,5,31,177,61,35,38,1,58,11,30,23,0,34,53,26,622,6,1,96,0,12,513,2,3,8,50,6,24,6,0,0,18,59,4,4,732,13,4
cell537,58,2,10,19,567,23,0,147,0,16,8,107,2,6,57,14,59,8,50,211,34,10,1,0,154,55,0,36,10,1,432,23,471,185,21,474,101,72,6,8,0,30,2,63,59,4,432,42,6,29,30,25,5,72,54,16,44,0,48,20,165,9,10,0,0,4,39,37,14,9,111,9,1,31,104,87,6,32,0,26,12,7,30,0,30,66,30,532,23,2,117,0,14,856,5,1,1,69,17,35,31,0,0,16,51,0,5,266,17,20
cell538,0,1,0,8,0,8,0,134,223,20,19,86,4,0,191,36,222,7,89,52,5,1,0,4,0,12,0,16,55,0,153,6,128,66,61,295,161,295,18,4,53,84,13,266,88,11,162,24,35,79,1,77,7,4,106,38,8,0,45,11,83,74,5,0,2,13,70,31,20,18,484,17,9,10,40,60,21,11,0,45,5,14,9,0,193,65,21,413,6,1,29,0,9,307,3,2,6,148,7,18,2,2,12,37,23,12,11,180,5,89
cell539,0,0,2,12,145,15,0,168,328,75,19,116,4,0,90,5,259,9,178,106,11,12,0,0,0,26,1,14,42,1,139,5,160,70,111,488,158,230,15,6,0,80,3,212,101,11,189,29,11,92,12,67,2,150,127,36,8,2,90,34,75,147,12,0,0,5,54,49,18,1,489,15,6,7,51,52,14,20,238,12,4,14,21,1,92,69,14,501,7,0,48,0,6,294,4,3,15,157,0,24,1,0,6,62,17,8,11,22,11,40
cell540,8,2,0,10,29,19,7,109,254,30,28,100,2,0,76,15,268,15,68,83,4,0,0,0,1,23,12,15,34,0,101,23,152,65,81,554,131,359,15,9,1,80,1,237,81,8,165,17,23,119,2,80,4,23,106,40,3,8,40,35,55,91,6,0,1,3,110,55,15,8,604,37,12,25,50,111,8,12,11,9,4,9,7,0,85,44,11,428,5,3,34,0,4,199,4,0,2,222,1,19,2,0,10,15,18,2,11,34,8,109
cell541,7,7,1,3,0,10,0,116,345,63,31,102,13,0,29,6,361,7,67,90,8,8,0,3,2,15,0,10,43,3,183,11,144,75,87,341,159,478,13,2,5,77,5,329,52,33,86,27,45,161,11,69,4,1,142,33,0,1,81,27,67,127,18,1,5,13,127,32,8,1,633,27,19,15,55,63,3,6,48,9,2,14,28,1,112,27,17,421,12,1,30,4,8,209,3,1,16,265,3,40,4,0,2,33,22,9,4,39,15,50
cell542,32,0,2,19,2,18,0,171,250,19,15,114,0,0,291,48,372,6,79,82,7,19,0,0,0,39,1,27,57,1,228,7,154,101,68,318,220,806,31,9,15,90,3,253,40,10,199,21,16,73,3,75,2,0,149,65,3,0,88,10,104,178,5,0,0,6,170,47,6,25,652,2,18,10,74,69,11,18,0,15,2,7,15,0,73,49,7,417,4,0,47,0,4,446,5,2,22,278,7,36,5,0,8,26,22,8,13,94,6,100
cell543,3,3,12,3,3,1,0,145,297,55,23,84,0,2,87,11,333,53,58,120,7,4,0,1,0,28,0,23,44,2,282,14,232,138,66,188,174,815,27,18,0,79,8,296,66,8,235,25,29,265,17,90,9,25,107,37,7,0,107,10,44,4,9,0,5,6,131,18,8,1,604,24,3,6,109,56,6,13,13,16,5,5,3,5,139,40,16,353,30,0,40,0,7,488,3,4,9,192,0,42,0,0,3,40,25,3,8,109,8,111
cell544,0,16,1,12,0,24,1,129,1,5,1,74,1,0,8,7,33,2,51,106,33,22,4,0,156,13,3,19,9,3,315,20,360,156,28,442,68,52,10,2,1,39,8,68,80,3,65,38,13,17,16,16,2,7,52,16,14,2,24,22,118,7,17,0,15,0,49,43,12,18,92,15,1,27,117,65,12,18,1,49,6,43,30,10,31,39,31,439,31,0,86,2,5,461,2,5,8,50,2,21,21,1,0,11,66,7,13,1121,9,22
cell545,14,0,0,6,526,5,0,110,260,31,49,130,4,0,174,30,284,13,66,138,6,24,0,2,19,15,0,11,45,1,185,27,201,62,112,341,130,392,26,2,24,88,7,286,34,13,147,28,13,228,7,67,3,5,89,25,4,36,94,24,85,40,3,0,7,7,139,36,10,15,544,41,22,35,69,47,4,35,52,9,2,0,22,5,123,31,19,286,11,2,44,0,12,406,4,3,0,177,3,34,1,1,2,44,26,2,9,178,5,99
cell546,25,11,2,12,53,4,0,103,271,23,20,64,5,0,148,32,192,33,79,166,6,18,0,2,26,44,0,14,39,3,324,14,281,109,60,354,120,257,12,1,0,98,3,250,19,6,248,37,19,23,20,82,9,10,72,29,1,0,61,27,122,33,8,0,10,3,91,42,9,18,452,62,16,12,129,68,14,17,99,11,4,1,13,1,73,23,21,315,12,2,57,57,11,100,2,1,14,132,2,33,4,0,1,45,22,5,12,106,7,72
cell547,69,6,6,27,356,26,5,155,0,43,26,112,10,0,44,7,74,10,52,273,30,24,3,2,168,34,6,20,11,1,402,10,350,143,37,360,107,46,5,2,1,56,11,68,82,7,124,38,6,31,32,33,2,104,53,28,28,36,42,20,177,17,7,0,1,0,84,54,12,16,131,17,4,18,77,58,21,42,15,14,5,72,15,0,26,42,17,351,8,4,135,0,8,324,0,5,5,93,0,12,5,0,0,10,56,7,6,524,24,17
cell548,2,2,0,21,266,10,0,102,138,16,4,120,1,0,30,10,45,4,48,131,21,11,3,0,52,26,0,9,18,9,680,89,397,141,27,283,36,46,8,14,0,29,11,57,29,12,417,40,12,6,20,43,4,1,56,19,12,10,42,22,138,13,5,0,59,1,32,35,19,5,107,29,1,21,100,55,19,34,0,27,4,31,18,8,43,11,15,265,0,0,103,0,10,460,3,0,18,57,0,42,33,4,0,20,47,5,8,289,10,19
cell549,1,0,0,4,1,12,0,162,342,30,6,104,19,0,94,15,235,26,86,56,1,5,2,1,0,25,8,17,56,1,258,24,282,86,55,353,160,410,10,11,4,112,8,96,55,5,321,44,36,248,18,107,2,258,102,36,1,6,123,21,86,151,7,0,16,1,119,40,16,16,463,38,26,21,66,70,33,17,0,9,4,24,6,2,80,33,21,290,43,4,44,0,7,371,3,2,4,126,0,16,6,0,4,33,20,5,11,78,6,148
cell550,16,2,0,13,264,0,0,110,261,35,18,128,9,0,97,6,316,19,136,205,2,7,0,1,7,25,1,3,28,1,154,22,264,89,67,193,108,365,14,4,0,85,7,267,69,10,119,31,5,104,13,81,6,104,124,52,6,0,124,17,104,44,14,0,2,3,110,32,8,3,478,21,23,8,49,67,38,8,4,28,6,19,6,4,108,38,57,251,1,3,61,50,15,255,0,2,14,219,0,40,1,0,2,43,24,13,7,88,4,245
cell551,10,0,2,7,0,7,3,141,401,54,3,133,4,0,210,18,285,9,134,142,16,1,1,2,0,33,3,22,47,1,443,35,400,127,70,109,188,441,18,27,6,79,11,210,57,3,430,23,35,140,10,86,3,8,108,50,12,5,51,10,154,60,14,0,20,10,127,26,12,4,493,12,6,15,78,53,13,29,7,30,7,7,11,3,54,17,38,298,15,16,47,43,23,147,7,6,6,195,0,2,0,0,2,57,27,5,9,173,8,210
cell552,8,0,3,9,276,25,0,165,0,8,9,69,1,0,29,11,65,2,63,141,16,5,3,0,215,3,40,17,14,1,730,30,325,124,29,266,98,41,7,10,3,23,20,68,72,1,26,33,8,49,14,19,1,76,38,10,18,0,23,22,143,17,5,0,29,2,52,30,13,9,67,8,8,11,115,47,0,47,0,14,11,17,15,12,33,59,45,325,7,2,85,0,7,267,1,1,8,63,1,41,25,0,0,7,50,10,9,1070,11,14
cell553,37,7,0,1,68,4,0,123,311,30,34,106,5,2,245,23,320,37,66,146,8,10,0,1,0,6,8,8,26,2,168,8,244,125,61,38,129,734,6,14,11,82,6,262,81,33,247,34,29,88,4,97,10,6,98,46,5,0,83,10,79,35,5,0,43,1,103,29,18,1,564,67,20,13,74,48,41,29,0,20,10,7,12,9,73,32,27,292,22,2,62,0,15,364,6,1,7,226,9,31,3,0,11,33,17,0,9,113,5,183
cell554,0,0,10,2,1,11,1,113,152,36,8,97,5,0,155,44,216,14,106,169,12,10,0,0,0,2,18,10,41,0,320,12,379,136,62,251,114,377,22,15,4,97,13,162,61,14,387,37,20,176,23,68,6,24,97,31,13,0,48,25,99,27,13,0,5,1,109,24,27,1,509,61,9,12,122,64,9,13,38,2,4,15,10,6,168,41,26,250,12,5,65,0,22,521,4,7,12,136,0,16,1,0,4,33,36,6,11,391,11,50
cell555,4,3,6,10,381,10,1,82,267,22,13,93,6,0,152,12,411,46,89,163,0,3,1,0,1,41,13,15,42,7,181,30,293,166,43,175,151,427,12,13,2,89,6,285,72,5,482,49,33,146,9,84,1,162,154,39,20,0,102,26,69,32,26,0,68,17,92,29,19,13,601,48,16,18,75,44,32,20,0,63,26,19,15,4,82,32,62,265,1,4,52,0,5,568,2,8,8,204,0,57,0,0,2,46,29,1,3,40,6,130
cell556,22,0,4,12,0,14,1,137,346,34,12,67,0,0,141,35,264,17,108,244,22,1,0,0,0,32,7,14,37,4,529,107,535,66,48,314,91,325,18,15,4,67,14,206,67,18,631,35,24,128,7,69,7,7,97,34,22,0,63,8,152,86,13,0,0,6,99,22,27,17,470,7,20,9,97,54,7,24,134,5,1,29,13,5,121,48,41,242,1,0,54,0,14,578,4,2,16,145,0,40,0,0,4,25,27,11,8,125,5,127
cell557,0,14,2,9,0,9,1,124,301,45,20,178,6,0,188,22,307,12,84,269,3,1,0,10,0,16,3,14,56,1,210,12,362,143,84,190,135,138,15,11,2,97,18,128,54,20,35,31,26,122,18,93,15,56,146,46,7,0,79,37,115,155,28,0,2,7,44,28,32,10,583,2,13,12,52,52,30,36,6,50,10,11,9,5,111,56,52,272,5,2,61,0,24,788,9,1,10,192,3,49,0,0,1,25,30,1,2,117,12,131
cell558,52,1,0,4,0,7,0,117,303,34,11,153,2,0,86,3,228,17,95,352,10,2,1,1,0,20,14,9,55,0,636,19,581,227,54,202,124,562,18,0,0,91,9,251,68,7,536,35,22,48,31,87,3,133,111,35,22,0,93,22,130,127,9,0,16,3,100,47,21,12,508,20,15,19,156,71,25,15,12,18,3,14,8,6,128,37,61,296,12,7,72,0,18,690,4,2,1,186,3,24,4,0,2,30,38,3,9,182,4,180
cell559,2,53,3,15,259,6,0,90,0,8,10,48,0,0,30,9,41,2,62,357,33,6,3,0,177,35,18,14,11,3,673,69,618,123,14,130,93,62,5,16,0,22,10,32,53,0,418,43,4,12,21,24,4,99,46,15,64,0,26,8,192,14,3,0,4,3,36,27,13,11,75,4,20,21,132,38,45,52,5,17,8,40,15,5,28,57,24,146,19,2,109,0,6,223,3,1,0,72,2,21,11,1,0,22,59,9,11,567,16,25
cell560,0,7,3,2,561,12,0,121,296,41,12,135,0,0,198,0,284,22,79,470,4,19,0,0,0,31,1,10,50,1,678,43,770,201,107,239,145,450,15,10,29,91,13,251,57,3,674,27,16,117,20,57,6,1,114,23,6,6,48,15,194,135,24,0,5,5,114,32,23,23,547,12,12,4,74,67,9,24,22,8,7,11,25,17,100,30,34,271,16,1,45,0,21,466,3,5,27,210,0,39,3,0,2,36,49,1,11,87,12,184
cell561,2,7,1,6,0,3,6,88,271,25,25,155,12,0,194,23,331,20,95,394,13,22,0,3,0,30,31,19,60,3,615,57,627,190,82,216,138,624,11,8,1,101,25,170,76,9,262,32,19,168,37,90,7,76,152,45,1,0,100,18,146,102,13,9,14,2,127,28,10,9,549,46,6,25,168,61,4,30,7,10,8,59,14,3,191,31,51,274,15,6,78,0,14,727,9,3,10,268,5,44,2,0,4,36,40,1,5,93,4,148
cell562,43,6,1,12,6,19,0,122,21,16,1,71,1,1,33,13,39,11,61,153,43,6,3,2,94,30,36,10,10,3,415,5,477,142,22,261,95,16,11,2,0,21,8,35,58,6,577,37,3,9,38,19,10,25,36,14,8,0,27,11,138,17,7,0,49,3,40,34,12,10,71,8,0,9,188,44,21,15,0,24,12,52,11,0,17,33,23,239,1,6,112,5,18,269,14,2,2,48,0,31,13,0,0,19,61,8,20,2017,9,24
cell563,0,30,7,9,0,10,0,133,131,12,5,82,10,0,25,5,35,2,54,263,31,10,1,0,128,19,15,13,13,1,514,38,529,241,19,268,78,18,3,26,0,26,4,54,25,5,585,59,14,33,33,24,6,147,23,11,24,0,21,20,146,21,2,0,0,1,38,25,11,9,77,7,6,29,137,52,19,33,0,32,3,24,12,5,24,58,40,269,10,2,96,1,9,290,9,2,2,40,4,37,3,0,0,17,62,7,15,980,17,22
cell564,6,26,0,6,469,5,0,104,225,30,7,169,13,0,130,25,208,26,99,765,41,21,0,0,0,26,0,11,51,0,371,59,629,242,61,269,141,219,12,11,0,71,19,260,66,23,829,28,13,85,17,84,2,3,127,30,2,0,43,17,175,113,10,0,7,4,97,27,18,14,496,48,5,26,166,42,19,25,4,10,2,74,9,13,63,45,30,225,13,2,60,29,13,958,2,2,7,167,5,47,5,0,4,47,44,1,6,63,9,168
cell565,4,0,3,17,0,6,0,113,100,12,19,98,1,0,103,21,276,16,101,359,38,5,0,0,0,49,15,16,52,1,687,36,928,227,55,216,88,447,20,6,1,84,16,249,66,16,716,24,20,134,25,81,9,89,89,22,17,0,90,29,181,86,6,0,9,3,112,31,28,8,457,12,5,30,128,28,19,34,0,5,2,36,23,13,98,19,6,273,15,0,70,0,18,638,0,1,32,171,1,11,4,2,0,97,26,15,7,108,14,42
cell566,117,0,0,2,89,7,1,92,301,8,1,87,5,0,154,23,230,5,83,277,37,3,1,1,0,48,19,8,57,2,555,72,547,184,47,219,102,489,24,0,28,78,24,216,67,23,792,43,42,77,4,94,2,139,128,32,20,0,114,11,123,44,11,0,0,15,72,38,20,19,517,46,15,14,221,56,28,26,18,27,16,45,17,0,151,25,20,235,1,0,82,0,13,221,5,3,10,192,12,17,5,0,0,16,50,5,12,183,12,147
cell567,0,0,0,4,24,10,0,105,160,19,26,86,5,0,142,20,248,41,108,692,12,4,0,0,0,16,23,10,37,0,730,24,706,231,96,345,159,695,25,5,0,95,11,314,63,36,771,41,26,112,24,83,0,80,111,37,28,0,110,11,201,47,15,0,0,2,90,36,10,5,540,82,15,17,226,37,15,21,0,14,4,7,23,2,163,36,25,277,28,2,61,0,3,400,3,3,9,245,0,31,1,0,1,79,48,3,18,181,10,83
cell568,0,12,0,19,9,14,0,196,0,28,18,97,0,0,45,3,47,5,48,394,6,5,1,0,76,8,0,25,9,1,705,22,502,116,30,245,131,49,3,11,0,52,15,43,75,2,532,54,6,16,30,24,2,9,48,18,39,0,28,35,151,12,6,0,118,0,39,29,23,10,104,0,11,11,107,72,35,45,0,26,16,15,10,0,6,61,51,311,9,4,93,3,8,909,12,1,9,47,0,36,11,0,0,12,47,6,3,1216,13,19
cell569,58,0,9,14,4,6,0,121,394,21,22,116,7,0,206,19,273,13,650,705,22,14,0,0,0,28,9,5,59,1,463,70,826,176,88,255,151,498,19,6,3,70,2,192,65,21,1001,28,14,96,27,82,7,48,95,45,7,0,53,28,90,119,12,0,1,11,148,38,24,20,521,47,9,9,100,39,42,3,61,23,7,37,15,1,102,63,21,265,3,0,115,0,11,478,7,0,1,218,1,11,5,0,7,35,38,9,12,196,9,113
cell570,6,6,5,11,0,15,0,111,0,11,5,60,6,4,38,1,43,9,35,242,21,8,2,3,125,9,5,16,14,2,356,4,367,79,29,81,85,25,4,3,1,20,7,19,61,0,144,32,11,11,11,28,2,3,35,20,25,0,15,12,138,16,0,0,1,0,36,21,12,7,65,6,25,11,129,50,24,73,7,48,22,36,9,0,43,36,72,221,23,4,96,0,27,280,8,2,1,49,4,18,27,0,0,9,72,4,10,1756,14,13
cell571,2,5,0,5,43,7,0,118,318,53,11,127,13,0,93,61,272,21,88,400,16,5,0,0,0,23,11,6,33,0,235,58,374,109,102,166,178,687,24,13,4,64,2,233,89,16,418,21,30,75,10,85,15,68,107,60,10,7,108,27,111,51,26,0,5,12,32,31,21,3,583,107,12,10,131,66,10,7,0,12,13,25,4,1,73,19,32,339,8,2,53,0,10,631,0,1,3,208,7,26,3,0,0,39,25,3,9,108,9,145
cell572,0,3,1,4,278,5,5,138,384,37,16,171,2,0,211,10,292,13,84,153,27,9,0,0,1,15,1,18,41,5,381,73,452,140,121,334,127,911,11,10,47,89,1,318,78,14,505,52,36,172,29,103,3,37,142,38,30,0,130,23,154,145,2,0,49,11,200,50,11,0,638,38,8,29,196,54,9,18,69,11,3,43,7,9,62,28,19,303,2,3,73,13,12,822,2,1,28,229,1,35,1,0,6,20,39,10,7,164,10,71
cell573,19,22,2,22,185,3,0,103,153,24,7,96,2,0,13,3,64,7,53,163,24,8,3,1,66,13,17,15,11,1,328,8,375,147,7,197,78,59,8,7,6,34,6,64,63,2,413,66,12,35,18,23,3,22,50,11,73,0,23,10,117,11,6,0,12,1,38,15,18,5,83,3,2,23,85,53,26,56,0,32,48,3,5,3,33,51,45,156,10,13,124,0,32,625,10,9,8,53,0,41,17,0,0,8,54,5,13,705,16,20
cell574,0,5,1,9,89,6,0,120,297,54,11,148,13,0,169,11,265,15,77,233,8,9,0,1,0,39,5,9,35,2,449,57,420,104,53,206,90,594,13,8,1,93,8,168,75,7,493,38,14,208,9,72,8,123,119,42,18,0,92,18,113,127,19,6,7,7,122,12,5,19,524,46,18,4,80,23,13,25,127,17,9,15,19,10,140,24,58,238,25,4,74,9,19,609,4,0,1,205,0,42,3,0,1,44,49,1,10,49,7,111
cell575,0,3,1,19,4,12,1,122,303,28,19,95,3,1,49,14,278,15,76,232,5,10,0,0,0,11,4,20,51,2,294,72,370,151,46,143,117,604,25,7,3,96,8,277,58,8,379,47,49,165,9,94,11,2,122,25,34,0,62,21,127,119,8,0,8,10,152,30,20,14,587,27,10,5,121,41,30,7,55,26,14,65,20,14,129,35,37,214,4,4,57,0,30,611,4,2,41,216,0,1,0,0,0,50,49,5,11,152,5,115
cell576,6,2,0,9,260,12,0,125,296,14,18,139,8,0,59,5,292,5,104,388,2,2,0,0,0,21,15,18,51,0,583,17,406,162,43,63,99,499,22,1,0,102,14,232,47,32,512,48,14,191,15,87,13,89,144,42,19,0,80,19,143,84,10,0,2,4,151,26,31,7,592,49,25,24,58,45,6,22,1,16,16,28,11,0,106,33,51,178,12,5,72,0,7,470,1,6,0,234,2,14,2,1,4,88,53,11,25,286,7,96
cell577,26,14,1,7,278,6,0,100,2,2,2,61,6,5,29,2,50,0,36,121,25,4,2,0,93,50,6,11,17,2,353,10,321,142,24,227,71,57,7,5,0,34,3,55,69,1,316,56,8,10,26,33,4,31,43,6,31,0,48,20,114,4,11,0,157,2,38,46,11,6,101,3,6,32,46,42,21,37,0,40,5,20,10,6,31,60,18,213,37,7,90,23,35,465,4,5,1,51,4,36,17,0,0,8,65,0,14,3473,11,15
cell578,0,26,0,18,13,7,2,149,12,7,4,58,0,0,28,6,39,9,47,162,30,9,1,1,189,22,3,7,12,1,213,47,315,150,18,72,77,30,4,12,10,28,6,57,43,1,456,88,9,14,28,18,3,250,31,8,51,4,23,25,112,10,5,0,1,0,17,17,15,12,75,1,6,9,117,62,72,48,0,44,6,10,7,36,48,100,106,198,35,8,85,0,34,420,16,13,8,63,5,27,17,0,0,11,62,3,7,1592,15,28
cell579,0,0,2,2,290,7,0,83,186,25,31,131,8,0,137,32,351,17,102,228,5,18,0,2,0,20,1,10,44,0,405,52,370,174,88,86,100,853,15,26,72,113,7,398,57,13,430,61,30,310,3,86,5,13,147,43,11,0,154,2,152,109,10,0,1,3,94,28,4,21,898,48,18,15,125,22,42,23,31,43,9,20,5,0,248,31,31,111,4,6,60,0,19,839,3,1,12,299,3,44,7,0,0,33,34,2,15,218,5,114
cell580,0,0,0,4,104,5,0,87,280,34,56,137,6,0,212,5,421,24,96,271,3,9,0,1,12,46,33,1,31,0,359,19,299,171,103,88,141,1174,12,7,10,102,9,390,45,4,378,42,25,326,35,83,2,59,172,52,21,0,143,2,131,78,23,0,9,6,164,18,12,7,806,24,15,12,162,35,26,25,211,28,14,4,9,6,97,19,63,174,6,2,102,0,31,1051,7,1,25,278,5,49,2,0,3,60,49,7,4,99,8,102
cell581,0,0,0,12,269,13,0,102,314,18,23,123,10,0,246,27,462,19,77,254,9,11,0,2,0,30,5,13,51,1,233,22,381,131,73,115,141,921,30,13,94,111,17,442,40,32,17,44,44,329,17,61,21,85,163,30,10,3,121,14,161,96,11,0,1,7,164,24,34,2,878,30,19,15,73,38,30,8,0,26,7,14,11,15,323,36,38,120,2,1,66,0,15,754,7,1,6,231,1,20,3,0,1,69,49,4,12,135,7,92
cell582,19,4,0,3,0,7,0,86,222,11,20,107,4,0,261,15,313,21,74,70,0,13,0,1,0,20,0,8,41,0,206,25,486,156,77,107,109,801,20,14,20,96,21,348,63,29,409,25,20,158,16,72,12,0,108,54,3,0,96,20,136,161,17,0,9,4,65,20,29,19,726,1,6,19,60,30,17,47,0,20,6,17,10,0,81,28,31,154,17,2,72,52,5,882,5,1,18,202,3,33,2,0,8,26,47,12,11,226,4,83
cell583,10,0,2,3,0,10,0,106,208,59,28,163,16,0,146,33,277,40,94,263,3,2,0,0,0,25,0,21,58,0,204,2,303,114,37,97,110,903,22,11,5,84,3,274,52,15,423,26,22,297,8,92,6,54,160,53,7,3,141,14,133,236,3,2,51,8,114,21,9,1,696,17,15,9,119,56,20,19,7,21,18,13,11,5,241,24,17,173,20,5,63,0,14,561,10,2,21,255,1,76,4,1,2,44,39,5,12,108,6,67
cell584,32,0,1,13,14,11,0,96,277,40,18,169,2,0,85,13,430,29,92,233,38,1,0,1,0,12,0,2,41,0,307,29,291,103,90,104,120,1383,49,14,32,97,7,341,58,16,81,22,8,185,11,94,9,1,169,39,1,1,127,19,135,154,10,0,0,0,58,32,21,20,790,7,8,47,167,35,25,24,115,15,9,15,8,2,136,25,26,169,15,5,66,5,15,300,2,1,22,283,0,7,4,0,7,39,46,0,9,130,8,52
cell585,3,0,1,4,0,9,0,109,200,29,31,163,10,0,157,32,279,6,96,222,7,4,0,1,5,44,0,12,37,0,483,24,282,139,33,119,97,588,13,9,5,111,9,255,49,6,57,27,22,170,7,84,3,112,137,50,9,17,81,30,123,102,15,0,0,2,106,36,32,16,641,22,16,26,112,53,15,14,6,13,3,16,7,2,105,27,29,171,2,3,68,34,9,333,5,4,3,199,5,33,8,0,0,68,36,6,8,103,6,43
cell586,0,2,2,7,0,17,1,93,235,11,11,121,4,0,133,8,231,8,90,125,17,4,0,2,0,32,3,7,11,1,426,9,332,148,20,146,103,701,7,4,0,89,21,111,77,9,322,32,15,98,20,91,5,8,116,47,12,34,61,21,121,90,12,0,0,0,116,26,11,28,491,38,6,20,88,55,7,20,0,9,7,66,11,0,162,13,10,171,7,3,66,0,7,585,2,1,6,172,7,27,4,1,0,49,37,8,15,241,3,74
cell587,0,4,0,6,370,13,5,106,282,55,6,94,21,0,216,2,288,21,121,114,19,6,0,4,1,29,1,8,45,0,414,43,431,117,95,146,120,606,11,20,10,106,5,275,65,21,105,33,21,150,15,80,1,49,84,44,6,6,77,12,149,172,21,0,30,1,132,21,2,8,453,65,16,9,76,57,9,17,20,27,12,30,11,22,174,19,23,167,15,3,67,0,18,264,1,2,11,125,1,25,2,0,8,34,48,2,8,108,13,70
cell588,7,4,1,16,0,11,0,95,160,36,25,128,10,0,182,43,206,11,67,233,17,3,0,1,0,37,12,9,64,1,222,34,215,112,27,68,95,471,17,13,11,105,5,263,67,20,5,25,18,179,16,86,6,25,82,39,12,0,115,11,130,94,6,0,2,4,71,28,14,15,471,30,11,13,168,37,11,24,39,39,4,37,8,22,148,22,49,159,21,4,60,0,12,447,5,3,12,224,1,16,8,0,8,16,40,8,13,137,8,80
cell589,13,0,0,2,187,4,5,120,282,27,16,112,4,0,160,17,260,16,101,142,1,0,0,0,0,43,3,15,38,0,199,96,311,127,59,139,130,649,20,14,15,93,18,241,61,17,441,38,28,301,10,100,22,104,95,49,9,0,72,25,113,49,14,0,13,1,156,28,9,3,570,17,18,6,94,43,9,18,40,32,7,34,10,11,152,34,51,138,6,1,62,1,8,506,8,4,8,132,1,38,3,3,1,22,35,6,5,83,11,103
cell590,0,19,1,8,26,4,0,101,278,24,3,133,1,0,217,33,279,32,72,118,5,35,0,0,0,12,6,7,41,0,373,11,332,105,42,89,105,818,14,6,1,80,11,186,56,12,335,47,31,243,16,82,11,75,126,52,8,0,135,18,114,27,7,3,3,0,104,18,7,13,747,29,23,3,168,43,19,18,0,43,6,9,11,0,70,38,67,132,2,5,74,44,13,310,2,6,0,261,0,30,3,3,0,49,39,0,16,50,8,112
cell591,8,0,1,19,368,5,0,101,298,49,7,136,4,0,215,8,253,23,145,279,13,29,0,0,0,2,4,12,45,1,364,12,388,168,85,120,124,846,10,15,6,95,5,281,56,32,97,37,21,196,18,96,3,118,143,33,3,1,68,10,119,51,9,0,6,5,155,13,3,12,685,10,9,10,91,22,10,27,4,8,15,13,10,4,147,32,38,124,4,8,69,0,11,686,4,3,9,255,5,12,2,2,2,61,35,5,4,119,8,71
cell592,2,8,0,18,32,3,1,103,287,30,40,184,11,0,185,10,262,3,98,199,29,7,1,2,0,24,0,5,34,1,353,24,306,117,56,149,125,852,13,6,0,118,11,222,73,10,411,17,36,126,6,99,2,119,108,62,16,0,141,15,131,116,13,10,28,6,123,9,24,0,669,1,5,11,80,29,11,23,0,6,5,53,3,2,151,7,17,142,5,9,64,0,7,868,2,2,8,245,0,70,0,0,5,34,43,6,12,53,7,103
cell593,0,0,0,7,16,9,0,83,161,24,12,99,3,0,245,46,292,22,92,288,5,7,2,0,0,14,4,21,57,1,329,81,346,135,56,109,109,670,18,22,8,82,11,281,39,22,12,31,36,91,10,91,2,10,129,40,9,0,113,19,129,82,13,0,7,1,181,29,6,8,547,14,17,3,147,35,13,17,0,9,17,67,10,36,125,56,47,151,4,0,70,0,11,731,7,0,21,198,2,23,2,0,1,58,40,6,4,168,13,68
cell594,0,0,1,3,197,7,0,111,200,57,32,70,1,0,171,24,222,23,84,112,5,20,0,5,0,14,1,3,17,2,215,3,247,103,72,93,118,602,20,5,4,83,4,181,35,20,349,49,12,189,5,76,5,5,129,32,21,0,90,15,109,21,9,0,4,5,119,10,23,10,549,13,27,1,96,29,16,13,1,13,2,50,7,5,56,43,39,131,13,3,75,10,9,792,1,2,19,212,2,41,4,0,0,29,40,4,13,198,7,93
cell595,2,0,0,4,96,15,0,59,164,15,11,97,6,0,154,8,292,27,96,94,14,7,0,0,0,68,6,18,32,1,195,13,305,81,108,143,38,921,33,6,0,86,13,125,31,26,2,24,25,330,2,99,12,26,125,52,6,0,83,14,108,106,16,0,5,0,133,23,12,18,650,42,13,7,66,50,7,28,19,12,10,52,10,6,77,18,58,141,2,3,52,0,23,238,3,0,15,263,3,57,13,1,2,52,34,5,6,72,7,67
cell596,25,0,1,15,307,8,0,115,260,14,31,208,10,0,143,16,296,22,83,192,4,0,0,3,0,50,7,2,22,2,402,9,314,112,48,122,115,1071,24,2,22,108,14,187,42,6,316,26,27,217,8,91,21,140,117,73,16,0,53,9,138,69,18,1,4,4,223,21,22,12,783,2,23,4,153,30,44,51,0,30,31,21,10,0,110,39,65,118,11,3,62,0,17,1158,1,1,3,96,3,46,5,0,1,55,49,1,8,215,8,101
cell597,16,10,0,17,15,3,0,127,334,23,29,175,3,0,277,13,313,20,95,192,7,22,0,2,0,2,24,9,53,1,349,29,364,113,95,92,138,936,20,21,0,103,15,231,27,13,161,35,48,220,5,98,8,16,125,35,10,0,87,7,115,87,12,0,12,5,140,20,13,17,650,53,16,14,124,61,29,12,72,10,16,27,16,10,239,64,60,102,4,8,35,0,6,643,3,5,15,298,0,70,8,0,1,86,40,3,9,58,9,84
cell598,0,1,9,5,0,2,4,100,317,18,56,91,3,0,175,34,402,20,85,197,10,7,0,1,0,12,28,13,52,0,247,22,276,78,85,83,124,1324,31,22,32,124,9,329,46,20,325,50,26,169,8,86,8,26,158,47,2,1,94,5,126,122,20,0,76,3,153,13,3,15,792,62,5,10,112,38,18,30,1,27,7,34,15,11,179,42,56,114,8,1,55,36,14,1828,6,3,20,245,1,35,2,1,0,77,46,3,14,132,7,77
cell599,0,7,9,4,5,7,0,114,319,26,29,115,6,0,200,41,296,40,156,225,15,19,1,0,0,9,4,25,56,0,245,53,339,110,69,81,125,1214,9,8,0,101,6,330,46,10,201,21,43,100,10,96,4,157,121,51,1,0,87,11,131,32,21,0,25,8,132,30,34,4,728,45,6,5,161,32,22,24,27,9,7,24,11,1,185,16,38,101,3,2,79,0,10,744,1,2,22,250,3,32,2,0,0,44,51,0,11,142,5,60
cell600,0,28,1,17,408,6,8,84,215,44,30,158,16,0,266,28,300,10,103,131,2,11,0,0,0,23,0,12,29,2,363,32,326,139,116,57,136,880,12,6,2,123,15,270,40,12,216,61,22,102,7,99,5,48,161,33,18,10,81,19,143,85,28,0,154,1,180,26,0,8,652,17,2,10,44,44,6,21,3,25,5,50,14,27,168,38,68,114,17,14,84,0,10,856,5,3,6,231,1,49,1,0,1,64,49,9,14,191,14,90
cell601,0,23,0,27,0,19,0,189,114,6,2,65,0,1,18,2,50,0,20,86,7,7,0,1,23,14,0,13,12,1,166,7,161,60,29,332,99,49,13,6,3,38,7,78,65,5,81,61,5,13,24,32,4,93,46,26,47,0,52,16,67,26,2,0,0,0,24,47,13,4,102,4,16,27,44,78,23,71,3,94,17,20,16,5,53,128,120,294,38,7,65,0,43,323,12,5,0,75,0,21,5,0,0,10,27,2,10,1458,12,18
cell602,2,9,6,1,37,13,1,94,151,3,13,108,4,0,48,8,86,19,26,66,2,3,2,1,41,1,3,22,30,0,107,6,116,46,42,271,71,90,3,7,30,53,5,71,63,10,136,64,8,10,13,38,0,46,52,33,51,0,32,16,79,34,2,0,11,0,31,42,11,6,149,6,2,26,41,76,28,85,35,28,17,17,21,2,54,26,117,312,29,13,76,0,34,635,14,5,8,70,0,17,12,0,0,14,45,7,8,3884,13,13
cell603,0,18,2,6,572,8,3,115,391,27,14,124,3,0,128,50,301,14,456,318,10,11,0,0,0,15,3,6,58,2,461,22,351,75,70,60,153,667,23,6,47,82,17,158,37,15,496,43,22,94,9,90,1,202,128,39,7,0,80,14,157,65,29,0,21,3,114,19,10,8,637,30,30,8,150,37,6,18,133,21,31,58,6,8,143,38,53,113,7,6,67,0,26,225,4,8,11,154,2,81,8,1,2,53,43,1,9,186,4,79
cell604,0,10,0,5,165,4,0,85,221,19,19,90,0,0,131,20,223,21,101,91,3,11,0,0,0,9,17,11,46,0,226,33,278,74,72,54,113,510,13,7,1,77,10,154,31,16,308,32,15,82,3,71,5,0,86,41,17,0,81,6,108,11,4,0,12,3,130,9,9,1,428,10,9,3,69,32,7,15,1,13,8,14,9,6,102,29,55,84,13,19,55,0,44,355,6,4,19,149,3,38,0,0,2,28,42,3,6,56,11,92
cell605,9,7,0,5,296,5,0,96,216,32,13,55,3,0,142,12,212,16,81,143,4,7,0,0,0,10,0,9,50,0,255,48,245,83,55,50,104,449,1,9,7,64,4,123,21,18,52,50,6,75,10,69,1,1,74,45,8,0,73,11,109,26,11,0,128,1,72,24,27,7,374,31,9,5,124,40,11,36,0,49,17,29,7,9,111,23,91,118,1,2,71,0,25,752,11,1,23,181,0,49,13,0,6,27,40,0,9,65,14,99
cell606,0,3,0,15,37,5,11,101,281,18,13,142,1,0,91,26,237,25,124,271,19,39,0,1,0,29,0,11,25,1,166,58,297,129,81,29,64,525,13,7,23,80,9,194,16,4,409,45,10,136,11,73,0,37,98,55,23,0,45,11,128,70,15,0,13,9,88,14,8,3,489,12,8,4,53,24,20,13,0,65,36,44,7,1,80,43,94,76,25,1,62,3,20,634,6,14,8,167,4,31,1,0,0,62,40,6,14,220,9,110
cell607,0,1,0,5,0,5,16,91,320,33,27,127,5,0,162,36,319,15,71,223,12,16,0,1,0,10,34,2,43,1,269,25,298,148,90,76,129,470,13,8,40,99,13,311,24,11,2,38,5,129,5,87,7,56,128,36,2,0,29,9,98,136,10,8,5,1,105,22,4,3,603,55,10,5,146,24,26,28,0,40,19,57,6,1,150,57,79,78,22,7,68,0,28,1901,4,5,14,209,6,58,2,0,0,21,34,0,15,262,7,126
cell608,2,0,9,10,0,4,0,92,236,53,17,104,0,0,115,9,230,21,78,58,17,5,0,0,0,35,0,7,39,0,139,8,227,84,65,87,102,383,23,3,2,95,10,251,33,14,222,52,24,46,3,94,0,79,103,39,4,15,115,6,95,65,21,0,0,1,118,19,18,11,478,15,11,5,49,30,16,33,0,8,14,17,12,0,120,76,37,81,15,1,53,0,41,548,3,5,2,204,2,21,17,0,2,42,30,2,22,106,9,83
cell609,0,6,3,2,136,10,0,115,353,20,8,101,11,0,101,16,190,13,128,175,9,47,0,2,0,40,1,7,39,0,253,48,317,147,15,81,131,404,27,4,15,40,8,149,35,5,365,31,6,125,4,67,3,57,99,20,8,2,33,9,115,43,8,0,5,1,105,18,4,0,339,11,11,8,113,29,5,26,0,9,16,31,13,3,52,80,62,88,7,5,53,0,39,315,7,0,11,122,15,51,4,0,0,35,29,13,11,181,10,148
cell610,0,0,1,7,0,6,0,94,233,42,14,116,3,0,234,12,208,10,45,48,4,24,0,0,0,30,12,12,29,2,215,13,176,86,42,51,115,397,13,9,25,62,10,199,29,19,240,50,29,165,8,74,5,67,107,31,3,0,65,2,95,34,8,0,0,2,108,12,8,27,460,5,13,5,41,20,34,29,0,12,8,43,14,5,150,66,16,65,22,17,44,0,18,1033,6,3,17,188,1,31,3,0,2,84,31,4,9,72,5,86
cell611,69,7,1,0,1,3,0,65,129,41,5,77,6,0,79,5,124,5,65,40,10,3,0,4,0,12,1,9,32,1,171,19,160,65,37,75,82,168,8,4,23,67,4,161,28,3,262,31,26,86,14,50,4,2,82,28,19,0,69,10,110,9,6,0,1,0,44,11,6,22,270,36,4,5,46,12,30,7,3,18,7,22,8,4,57,46,63,80,18,5,72,0,37,293,11,0,21,124,2,56,3,2,3,30,27,11,7,234,7,0
cell612,0,8,0,22,0,1,4,94,226,25,38,107,14,0,29,30,224,13,64,54,1,22,0,1,0,12,4,7,58,1,278,33,194,52,62,54,121,417,12,11,3,66,6,233,34,13,240,55,14,142,21,76,4,42,98,41,14,4,75,11,88,48,9,3,1,11,66,15,9,8,404,23,6,5,90,24,33,2,1,16,16,40,14,5,45,51,58,68,26,7,57,0,25,685,2,0,11,89,0,24,4,0,2,18,31,3,10,355,15,85
cell613,114,11,0,1,341,8,0,97,244,23,27,175,5,0,84,16,233,14,101,145,2,3,0,0,3,21,2,4,27,1,92,50,249,56,90,32,125,513,20,5,1,76,4,195,33,11,286,44,38,99,12,72,15,13,84,26,7,0,97,5,104,46,5,0,20,7,102,13,25,3,432,1,9,3,55,25,10,29,31,11,10,45,6,2,66,73,86,81,12,10,61,32,37,731,2,5,9,170,1,47,1,7,1,56,33,5,11,52,6,112
cell614,41,26,0,11,1,9,0,97,208,25,10,69,4,1,77,45,129,16,81,66,2,15,0,0,0,19,1,8,33,1,113,5,131,57,79,51,102,387,12,10,5,83,12,107,20,8,199,38,29,35,6,63,3,72,78,38,9,0,42,5,99,19,10,0,46,9,72,16,4,19,302,24,16,9,35,24,27,13,1,31,33,22,6,5,65,53,138,78,30,7,48,0,39,311,6,2,15,130,1,51,3,0,1,24,34,6,6,213,4,88
cell615,0,9,0,21,24,17,2,149,169,13,12,73,3,8,35,10,64,8,35,98,11,16,3,2,65,18,4,6,25,0,108,6,69,41,22,119,99,158,9,8,7,57,5,86,39,8,7,49,5,42,6,37,0,8,62,22,44,0,42,28,63,41,12,0,1,0,45,23,11,2,160,10,0,25,53,83,32,70,0,27,16,37,19,1,56,99,89,330,28,9,76,0,15,489,8,5,4,100,1,35,18,1,0,3,40,6,11,2433,11,14
cell616,45,12,3,6,213,6,0,86,244,15,13,79,0,0,106,11,234,14,77,118,6,13,0,1,3,3,2,10,30,1,122,19,247,43,68,57,90,319,11,7,1,67,1,236,11,2,256,32,35,149,7,60,11,5,95,36,10,0,87,10,104,18,4,0,0,3,136,8,23,2,419,18,17,2,55,10,27,18,2,19,24,15,6,0,100,56,124,57,14,3,54,1,35,626,3,4,0,150,2,47,6,0,0,57,30,0,7,165,6,67
cell617,52,10,4,11,0,6,0,118,0,11,14,77,3,9,47,14,58,5,24,63,5,9,1,0,25,11,5,16,25,2,111,3,94,47,24,266,81,109,5,3,0,50,1,44,68,9,57,28,5,8,8,45,0,64,66,20,19,5,50,15,83,21,3,0,1,5,19,53,14,2,133,11,10,7,28,64,18,70,0,13,20,26,9,0,58,57,68,261,5,1,62,14,21,380,12,2,3,71,3,12,9,1,1,4,28,12,13,2628,13,16
cell618,0,2,0,8,40,2,0,63,215,21,10,71,1,0,173,16,177,17,80,103,5,37,0,1,17,22,2,11,26,0,140,25,205,50,55,35,102,334,2,8,5,82,4,196,40,22,240,36,20,131,11,77,1,104,78,37,16,0,84,4,96,65,3,0,8,2,87,11,0,20,340,44,17,3,64,22,25,15,1,13,29,28,9,1,156,26,99,73,4,6,58,0,42,360,3,3,5,139,18,23,0,0,2,36,25,9,9,63,3,83
cell619,1,62,3,8,0,17,1,81,102,1,2,68,10,6,31,1,57,0,34,29,12,13,1,0,41,5,2,12,8,1,83,13,85,52,29,190,77,17,5,1,7,32,1,29,63,1,123,45,11,32,7,28,3,88,39,19,19,0,42,15,50,38,7,0,34,1,34,39,22,13,101,19,0,19,40,48,24,65,0,27,27,54,5,8,34,66,47,232,4,9,82,0,8,291,12,8,10,78,2,19,24,0,0,7,54,6,11,2321,11,15
cell620,36,52,3,6,0,12,0,113,110,11,9,90,2,2,26,7,63,8,12,67,16,7,1,1,22,3,4,10,19,0,68,8,119,63,27,223,82,96,2,6,2,44,4,56,64,3,132,50,6,33,15,33,1,95,47,13,14,2,28,12,59,4,4,0,16,9,50,17,10,20,94,5,7,13,23,48,13,118,15,64,37,23,8,5,17,70,76,188,16,9,59,0,41,381,10,5,1,42,0,30,7,0,0,10,43,11,15,1791,7,16
cell621,0,10,3,3,144,18,0,113,88,5,6,60,0,2,25,15,42,12,49,40,12,26,1,2,24,13,2,27,22,0,98,10,112,42,12,223,18,69,9,9,2,24,7,54,58,6,146,33,1,33,3,26,3,47,40,12,27,0,48,23,76,13,1,0,0,1,22,51,9,7,50,11,0,8,45,43,17,46,0,38,43,3,12,4,34,47,124,149,54,14,56,0,25,237,5,7,11,63,0,30,24,0,0,8,33,6,8,1886,14,22
cell622,0,25,4,7,1,9,0,87,192,44,7,108,12,0,77,9,234,7,73,45,11,18,0,1,0,7,3,17,32,3,187,39,137,68,51,20,74,470,15,3,0,89,6,193,25,15,39,28,10,213,2,89,4,33,96,38,3,1,79,12,78,69,11,0,4,1,98,10,16,9,379,53,19,1,56,19,49,15,0,53,18,45,6,26,21,38,96,76,9,3,48,0,14,475,4,4,4,170,0,64,5,0,2,38,32,2,12,138,2,81
cell623,0,20,1,12,280,19,0,101,127,10,7,94,0,0,13,8,57,1,22,47,3,2,0,0,7,11,3,11,14,1,106,9,82,51,16,201,65,77,1,12,2,37,0,52,74,1,104,48,13,12,19,22,4,3,32,11,16,1,28,23,74,21,5,0,7,1,32,31,22,5,102,12,10,35,29,82,31,76,0,20,20,18,15,3,9,42,107,302,21,5,64,0,24,212,3,13,9,74,0,22,13,0,0,11,28,2,13,2380,14,21
cell624,5,10,4,15,178,4,0,83,207,41,21,80,7,0,78,24,181,27,88,161,12,4,0,3,0,28,0,10,51,0,305,24,166,81,33,37,106,377,2,2,18,66,6,171,13,1,256,48,18,17,6,84,3,28,86,37,10,0,54,9,89,43,8,1,105,4,87,6,15,8,343,8,12,5,140,35,41,31,0,30,25,9,8,1,129,60,87,61,13,8,48,21,46,136,5,7,18,178,0,56,13,0,0,39,27,2,11,312,4,104
cell625,21,3,0,1,23,12,0,60,155,20,18,73,1,0,39,28,152,19,82,96,23,0,0,1,6,13,6,8,35,0,135,4,173,52,42,58,58,226,17,18,21,53,5,148,36,30,231,46,13,42,10,65,3,76,60,28,9,0,63,7,87,74,2,0,42,3,60,24,10,10,343,16,12,1,73,23,68,9,46,11,22,11,15,1,76,55,63,67,24,10,49,0,24,360,0,4,12,130,3,26,6,3,3,32,26,8,17,159,7,127
cell626,51,2,2,16,346,9,0,96,229,45,11,95,6,0,190,22,280,14,74,107,5,2,0,0,0,14,0,3,37,2,64,7,184,118,18,50,90,411,13,8,3,83,6,224,26,17,235,50,29,105,8,69,3,22,115,46,8,0,71,7,85,104,7,1,2,4,127,8,23,3,463,46,25,4,89,16,22,17,0,15,15,13,8,8,95,57,88,84,11,13,62,0,33,1185,12,10,10,171,13,45,1,0,4,27,35,14,12,171,2,102
cell627,0,21,6,17,0,18,0,125,69,3,14,95,0,6,18,8,34,8,26,49,2,4,0,0,51,11,1,13,14,1,84,1,75,56,20,158,69,79,5,12,1,46,1,68,48,1,102,66,13,15,4,24,8,189,56,14,23,0,29,26,64,47,3,0,4,0,26,46,8,8,99,5,39,13,45,76,31,147,4,83,32,21,8,2,18,44,87,244,10,15,68,0,29,389,4,8,1,52,13,32,21,1,0,3,37,7,7,2331,7,31
cell628,2,0,0,0,11,7,0,79,231,45,9,72,0,0,84,7,243,30,77,87,14,1,1,1,0,18,0,8,52,0,152,21,221,96,109,26,83,500,21,9,11,76,3,177,24,22,25,52,25,162,18,75,17,94,97,45,2,12,92,10,95,32,21,0,0,1,128,23,8,11,437,37,14,2,89,20,16,12,143,11,10,38,8,10,87,39,82,50,3,5,55,0,35,565,4,6,39,185,0,50,0,0,4,66,25,1,16,146,8,89
cell629,0,0,0,5,288,6,0,81,82,21,10,81,1,0,72,15,231,4,76,129,11,24,3,0,0,4,16,11,32,0,144,10,192,109,39,63,85,491,21,19,0,78,5,148,19,5,7,41,17,65,0,77,15,2,82,30,7,0,89,10,105,50,19,0,134,2,40,11,1,7,415,38,14,3,112,29,30,33,53,13,2,45,13,0,73,61,96,67,10,25,57,0,26,662,6,11,20,126,4,46,5,0,2,19,28,5,17,53,3,156
cell630,3,8,1,2,84,7,0,90,244,23,12,93,11,0,145,27,229,21,82,107,3,2,3,0,0,28,6,6,53,0,242,14,313,96,72,57,75,611,14,3,11,83,2,200,21,31,337,39,18,155,7,75,3,76,109,51,44,0,57,5,107,46,15,0,58,14,81,17,7,13,432,40,22,2,80,15,45,22,118,40,24,29,11,11,153,56,139,76,27,25,51,0,49,292,17,2,18,149,0,40,6,1,1,72,33,1,5,134,6,135
cell631,1,11,3,2,0,13,6,93,217,40,7,66,1,0,140,10,254,14,101,123,2,7,2,0,6,35,13,14,53,2,308,35,264,114,40,40,105,399,24,10,1,85,2,270,26,19,225,40,31,131,14,67,9,46,70,14,3,0,92,9,95,93,12,0,1,0,103,8,5,13,370,39,4,7,86,24,21,22,0,8,27,42,1,27,79,44,72,71,35,11,56,0,17,769,9,6,13,163,1,34,3,2,0,51,33,6,11,389,5,241
cell632,0,20,4,13,68,9,0,87,70,33,15,109,3,0,103,17,165,7,94,57,10,7,2,0,8,13,0,11,41,0,248,16,216,87,27,92,82,477,19,10,19,69,14,167,24,21,145,52,22,180,13,67,3,96,93,30,6,0,92,16,136,80,13,9,106,2,61,17,16,11,443,6,19,6,31,25,21,24,0,30,31,22,10,0,25,33,66,69,19,8,71,0,31,405,8,7,15,155,0,67,1,0,7,10,23,9,11,179,6,139
cell633,40,1,6,13,0,11,0,88,239,46,15,98,4,0,90,7,209,14,90,243,11,4,1,1,0,31,0,6,42,0,276,35,399,101,34,60,114,394,25,8,7,79,8,166,10,27,321,45,19,125,9,67,4,58,103,51,7,0,70,12,130,45,6,9,87,1,90,6,6,2,390,8,1,7,77,11,58,8,16,6,38,25,11,3,69,54,109,79,11,17,70,0,40,456,7,8,5,132,6,35,1,0,0,33,35,8,3,119,9,78
cell634,63,4,5,0,189,9,0,70,177,32,12,86,1,0,69,3,106,4,80,87,1,33,2,0,0,24,0,6,53,1,363,4,229,150,40,53,97,302,11,3,6,61,21,115,16,4,276,40,20,27,20,63,1,21,70,36,6,0,57,6,123,19,12,0,2,2,61,18,12,1,231,9,2,13,91,20,29,35,2,8,23,17,4,0,40,62,135,73,12,11,84,0,42,485,5,1,9,127,7,36,4,2,0,7,40,5,9,163,4,138
cell635,0,3,0,15,200,6,0,85,166,18,15,81,17,0,81,39,133,29,83,189,5,16,4,2,0,17,3,3,30,0,341,41,162,114,29,48,99,366,0,16,10,68,14,130,25,14,30,79,9,16,11,57,12,68,67,28,21,0,42,4,140,11,15,0,51,3,95,8,13,8,290,12,5,12,116,27,55,12,7,8,29,9,8,5,64,48,128,76,24,5,84,0,40,907,5,14,4,134,10,12,11,0,1,38,19,11,7,304,8,178
cell636,0,5,1,14,78,18,1,110,124,9,10,75,4,5,47,10,96,20,28,18,4,0,0,0,33,22,3,6,29,2,95,9,82,26,22,175,72,174,8,16,28,36,5,50,61,7,123,42,2,51,18,37,2,105,62,23,43,0,46,10,67,29,6,3,36,1,32,34,21,5,134,13,1,8,31,64,12,47,0,38,24,16,14,9,39,28,104,268,23,7,54,0,27,307,5,5,27,87,0,28,10,1,0,9,31,10,10,2242,2,22
cell637,0,1,2,13,0,10,1,87,127,21,17,90,9,2,101,17,99,5,29,41,2,6,6,0,26,14,0,11,27,1,76,7,65,34,32,243,93,155,14,3,3,67,3,48,52,11,28,25,17,15,3,47,4,84,52,43,16,0,52,36,60,28,8,0,0,0,62,23,22,10,170,0,4,13,33,50,20,58,0,7,7,18,10,4,51,30,11,200,12,4,72,0,24,437,1,3,23,83,0,46,13,0,0,14,38,1,13,2265,8,13
cell638,0,1,2,29,18,7,0,98,162,24,13,181,13,0,48,6,88,4,21,41,6,41,1,0,22,4,3,5,8,3,90,21,109,19,6,132,96,228,7,8,36,49,7,113,63,4,121,46,19,13,5,60,5,93,55,34,36,0,74,29,62,21,5,0,1,2,57,23,27,3,212,10,24,19,28,81,55,49,5,51,12,13,17,6,24,81,32,237,16,13,67,0,39,733,6,2,6,111,12,29,6,0,0,13,39,5,13,693,10,11
cell639,51,0,1,4,2,8,0,90,238,30,54,61,10,0,142,21,341,6,92,216,3,33,1,0,0,10,2,9,50,0,203,12,299,99,80,53,100,741,28,6,25,91,8,272,14,2,346,39,21,53,16,88,6,100,130,20,12,0,115,12,94,46,16,0,0,5,148,12,11,11,615,11,0,4,101,9,33,33,0,9,2,28,6,4,127,32,10,53,19,6,81,0,15,687,4,2,35,201,0,23,4,0,0,37,20,0,10,81,5,149
cell640,0,17,2,24,333,6,0,91,76,10,9,74,8,2,53,16,83,5,27,45,7,14,1,0,25,30,14,3,25,0,93,3,108,34,12,173,87,130,3,6,0,46,6,20,44,10,37,41,7,0,10,33,2,73,73,25,27,0,58,11,57,23,4,36,42,1,46,29,22,10,114,22,4,21,39,60,13,56,19,33,24,14,10,0,22,71,103,139,5,5,69,0,29,382,4,0,14,79,1,31,12,0,0,9,31,7,9,1035,9,22
cell641,2,0,0,14,1,4,5,88,230,12,13,109,3,0,108,21,282,9,75,133,12,2,2,0,0,16,2,16,39,2,125,29,209,98,63,30,103,602,17,17,2,79,19,279,18,12,298,15,24,32,10,90,4,21,123,61,18,0,95,8,39,93,16,0,13,2,66,7,6,21,629,16,2,9,106,28,10,30,2,8,9,42,14,6,142,36,39,62,21,23,77,0,9,845,1,2,19,202,1,29,0,0,0,13,28,1,10,46,5,261
cell642,13,6,2,7,0,4,0,75,335,43,24,93,2,0,209,13,318,37,73,293,8,5,3,3,0,10,3,4,42,2,109,31,278,91,78,41,109,709,39,16,6,114,24,230,24,21,372,52,30,129,10,63,11,202,131,29,10,0,144,14,113,108,21,0,0,4,102,9,11,4,650,36,14,7,63,6,11,35,0,34,16,18,18,12,151,47,30,76,13,17,72,0,30,302,6,0,22,218,3,44,5,0,3,34,29,11,12,26,7,117
cell643,4,6,4,10,5,4,0,116,271,19,26,149,2,0,210,48,289,13,81,179,7,32,4,0,3,48,0,8,49,1,287,31,251,85,35,47,129,650,18,13,9,82,18,209,5,10,356,52,20,16,8,88,6,104,117,29,3,0,82,5,107,75,11,0,18,10,151,23,10,4,570,40,1,12,101,25,4,31,1,9,9,45,2,16,72,43,43,75,13,9,56,18,42,397,6,8,12,247,0,54,2,0,0,18,33,3,9,217,2,167
cell644,1,0,0,7,83,8,0,87,292,27,37,64,7,0,157,28,250,30,72,245,17,0,4,6,0,41,0,8,51,0,218,14,311,121,79,72,78,635,30,6,0,86,3,97,7,21,163,51,41,44,6,74,13,77,83,44,11,0,37,6,91,59,17,0,67,6,47,7,25,7,543,20,3,3,69,20,33,44,51,66,29,40,6,4,127,45,94,58,3,9,45,0,42,379,6,8,15,221,0,13,5,0,0,46,36,1,4,141,6,145
cell645,0,15,6,32,34,26,0,91,117,13,8,66,0,0,68,3,61,18,33,72,8,0,1,0,111,46,0,9,19,2,67,3,172,32,22,92,95,127,4,11,0,50,2,59,49,11,228,43,11,11,6,39,4,4,63,15,33,0,56,17,90,30,2,1,6,2,40,45,20,1,111,2,3,34,67,69,31,61,0,30,38,32,12,19,42,73,83,233,3,6,60,0,31,445,10,10,10,60,0,27,12,0,1,9,56,2,7,638,13,27
cell646,0,0,0,8,28,17,0,85,462,42,17,127,0,0,171,15,295,5,134,81,5,9,2,1,0,22,0,10,53,4,186,93,418,179,66,48,118,766,24,18,0,85,6,358,33,12,456,74,13,220,28,90,16,91,140,33,17,0,69,7,127,60,24,0,196,3,100,20,1,11,614,22,5,8,130,22,37,23,438,17,14,28,12,10,65,23,59,69,22,18,79,0,24,877,4,3,45,220,2,47,5,0,1,48,35,2,8,107,17,195
cell647,87,22,0,9,303,20,3,157,203,24,8,134,4,0,28,10,77,5,53,139,11,16,1,2,82,53,0,5,26,2,250,8,213,23,31,274,125,170,9,3,1,65,14,70,78,20,227,60,22,3,11,38,0,172,57,39,47,2,24,7,87,61,5,0,1,9,68,18,10,4,150,15,4,8,31,92,33,38,11,43,26,18,6,8,25,82,89,344,4,16,71,0,35,462,14,12,3,91,0,14,13,1,1,8,48,8,15,298,7,54
cell648,3,0,1,11,319,21,2,106,133,9,8,68,11,0,29,19,118,4,33,130,7,0,1,0,96,17,1,10,25,0,152,17,152,100,13,162,75,145,8,5,0,54,2,58,61,5,62,42,13,31,4,42,1,33,62,21,30,0,62,35,98,52,1,0,0,5,35,25,27,15,157,15,12,6,31,77,50,53,45,15,18,49,37,18,48,58,99,306,11,8,78,0,30,349,18,10,8,81,23,22,3,0,0,14,37,14,6,734,3,37
cell649,0,1,3,11,10,7,1,84,236,40,14,98,10,0,268,11,201,8,74,235,13,41,0,0,14,37,0,10,29,2,284,29,331,119,67,76,61,407,24,8,2,84,5,200,14,2,467,36,10,20,12,89,2,22,99,38,42,0,35,6,75,31,16,0,24,1,90,14,16,1,456,49,5,7,78,14,30,29,0,8,16,5,10,30,119,29,52,63,12,11,72,0,31,618,9,1,12,155,0,39,7,0,0,24,26,6,6,167,8,183
cell650,76,10,3,13,164,9,1,76,324,17,11,97,0,0,98,14,353,18,203,286,15,5,6,0,0,26,0,15,45,4,294,88,400,159,86,36,107,754,12,15,0,91,7,253,23,15,266,86,25,88,6,77,11,105,96,43,19,0,93,6,142,49,6,0,6,5,144,13,15,18,598,31,0,6,137,13,20,19,33,4,20,67,5,2,117,40,48,53,7,4,90,0,21,341,0,1,30,243,2,68,12,2,0,38,36,3,5,70,4,292
cell651,0,15,0,6,256,4,0,98,265,22,10,90,4,0,69,16,292,14,77,165,10,6,0,4,0,22,28,12,36,0,158,29,289,119,49,40,98,685,28,11,0,95,17,180,20,10,212,44,14,3,14,82,17,128,131,30,39,10,87,12,121,158,11,2,0,1,93,5,8,17,563,17,2,4,181,6,21,27,0,37,13,10,9,1,105,52,55,44,1,8,74,0,33,97,3,7,33,235,1,16,1,0,3,11,23,11,5,123,9,129
cell652,13,2,0,14,242,10,0,74,176,29,13,105,7,0,239,21,280,12,76,187,6,13,1,0,0,11,0,6,57,1,372,33,222,180,31,42,97,522,10,12,13,105,9,116,16,2,444,56,7,8,10,80,1,30,129,30,7,0,46,9,131,72,5,0,45,2,95,7,19,16,566,37,1,0,46,17,14,17,0,31,14,11,7,6,98,68,68,67,9,1,60,1,18,450,2,3,20,217,0,25,3,0,0,17,37,7,14,100,11,182
cell653,2,3,1,15,51,20,22,86,125,15,10,137,2,0,42,15,71,10,42,66,4,1,0,0,6,6,2,16,20,1,154,12,143,11,20,254,65,185,3,0,1,62,4,58,63,0,142,16,6,0,18,48,1,115,75,28,10,0,28,16,60,37,6,0,0,0,51,35,16,2,155,9,0,9,66,75,8,59,2,14,17,46,13,4,32,20,49,280,16,7,70,0,12,497,2,12,6,92,3,50,1,0,0,12,29,7,11,1784,12,18
cell654,7,4,1,13,4,8,24,77,247,34,25,75,14,0,92,35,334,15,80,281,5,1,0,0,3,22,12,8,38,1,342,24,383,113,90,43,89,935,36,20,23,97,14,292,25,24,94,55,17,139,27,75,13,68,135,50,11,0,57,12,125,31,9,0,24,2,114,15,9,6,698,35,5,3,126,14,2,38,1,25,25,24,6,4,121,22,66,59,7,5,60,0,41,418,4,3,30,222,4,19,8,0,5,26,31,0,10,300,8,122
cell655,1,18,0,8,0,6,0,60,245,50,25,65,1,0,123,11,301,12,70,239,10,24,1,2,3,24,2,5,46,0,233,31,313,143,22,32,87,1148,36,0,51,118,14,400,15,29,266,43,16,195,5,90,5,90,128,46,14,0,82,7,117,123,16,0,59,0,158,13,4,2,608,19,4,2,155,12,18,8,5,21,43,11,9,0,125,35,62,47,5,21,70,0,24,624,21,9,51,229,3,8,3,2,3,45,19,0,11,112,6,113
cell656,47,0,0,24,18,11,0,68,176,53,11,101,4,0,103,11,207,10,78,156,16,2,7,1,0,33,1,0,35,0,295,23,377,82,33,14,98,732,32,12,0,108,5,287,15,5,223,39,33,97,22,70,6,106,130,26,17,0,102,11,126,125,17,0,6,3,82,15,17,9,537,9,0,3,96,9,32,24,82,5,17,28,6,6,178,33,77,55,32,10,62,0,36,484,8,8,22,211,2,55,0,0,2,24,41,0,13,246,9,244
cell657,43,7,3,6,176,6,0,80,202,46,24,82,3,0,91,32,216,10,54,212,18,5,0,0,0,66,9,0,45,0,238,40,356,132,50,37,90,545,28,3,0,83,20,203,25,34,385,68,18,48,5,79,12,102,101,42,13,0,70,6,133,32,18,0,7,2,54,14,26,18,432,7,3,5,130,8,12,28,0,22,25,14,15,17,108,40,102,58,8,13,56,0,45,617,2,5,38,123,1,17,9,0,0,33,31,0,16,24,13,193
cell658,0,41,0,10,139,4,0,186,233,8,16,144,13,0,69,10,104,10,34,117,8,12,2,1,32,15,0,6,16,3,141,12,171,21,14,148,149,190,8,16,23,39,3,75,61,10,70,49,8,10,8,52,5,87,54,33,20,0,51,33,84,53,2,0,0,3,47,33,18,5,176,30,13,18,75,94,36,105,0,16,18,42,17,4,54,64,87,334,37,10,63,0,33,729,0,11,3,100,3,29,15,0,0,9,30,15,16,761,6,61
cell659,0,3,1,6,18,4,1,100,275,55,21,78,3,0,45,33,178,14,89,83,19,8,5,0,1,30,12,13,34,1,365,28,409,180,103,55,107,465,33,8,10,72,11,189,7,11,193,68,12,177,5,85,2,31,90,37,7,4,65,7,113,79,2,0,0,2,100,15,7,13,449,37,3,3,99,15,26,23,63,9,6,15,15,9,101,64,72,61,19,11,74,0,56,341,2,7,28,141,6,37,6,0,1,35,49,7,10,157,7,336
cell660,5,3,5,12,0,4,0,82,261,37,2,91,4,0,85,11,218,17,508,284,22,0,0,2,32,26,3,5,38,1,489,9,475,104,32,38,90,430,29,17,7,55,18,196,17,26,555,62,42,15,20,74,9,90,93,52,3,1,111,9,141,28,2,0,0,0,108,12,15,6,438,29,1,3,167,9,29,12,0,8,23,15,6,2,52,31,56,51,20,9,89,5,35,364,9,4,8,184,5,16,6,0,0,10,42,7,15,85,9,116
cell661,11,17,1,11,64,12,0,104,187,3,8,135,0,0,46,26,139,7,30,51,8,7,0,1,7,7,2,14,33,2,113,3,109,18,10,247,84,240,6,2,14,59,3,88,85,6,73,36,10,35,3,52,9,73,78,35,12,0,37,17,64,26,12,0,44,1,58,43,19,4,227,31,0,24,38,90,18,51,30,24,15,11,10,1,51,39,50,307,22,7,70,0,18,451,5,1,3,126,1,26,17,0,0,12,29,1,13,583,4,14
cell662,0,0,0,14,0,9,0,61,182,55,16,80,5,0,136,24,186,12,64,165,7,3,2,2,0,33,5,11,50,1,214,31,323,112,60,24,83,499,35,0,35,65,16,280,16,19,3,57,7,8,15,80,4,98,91,49,61,0,52,9,100,86,11,0,0,3,104,13,32,5,503,17,7,3,131,10,38,16,0,18,30,34,11,12,130,50,96,51,4,13,76,0,28,251,6,5,23,199,2,27,5,0,0,14,35,0,19,445,7,253
cell663,4,3,4,17,60,14,0,86,293,50,28,88,12,0,169,41,386,23,89,127,5,31,3,4,0,29,15,10,74,1,257,23,369,75,34,41,112,849,24,13,8,83,15,261,16,16,380,54,13,184,6,75,13,112,117,42,16,0,81,9,99,185,6,0,89,4,134,18,23,16,685,40,21,4,109,21,34,26,40,60,54,28,7,12,106,27,43,84,34,8,62,0,47,704,14,13,33,234,3,30,2,0,0,33,34,4,12,203,12,237
cell664,8,1,0,7,238,13,6,105,206,35,22,136,0,0,140,23,215,11,735,206,13,10,1,0,1,16,0,5,49,0,255,9,358,144,74,36,108,534,41,5,0,96,2,209,33,5,430,71,7,106,13,91,8,7,98,35,29,0,82,6,143,192,9,0,32,1,115,15,9,10,561,7,4,11,100,22,57,43,522,45,27,37,13,15,110,39,164,84,3,8,73,0,39,395,14,5,33,183,0,23,2,0,1,49,30,6,5,194,8,258
cell665,35,32,3,6,285,21,0,79,274,42,7,106,14,0,163,20,256,17,86,100,13,25,0,0,0,35,4,7,17,0,340,20,379,92,41,30,71,553,26,1,32,90,12,309,14,7,273,43,20,54,12,62,15,78,115,62,25,0,75,7,145,114,17,0,3,5,103,6,8,22,540,20,1,5,130,16,40,6,0,18,21,40,9,9,79,73,77,67,7,16,52,0,25,560,9,2,17,222,1,53,1,2,0,9,37,8,12,35,7,260
cell666,74,23,0,4,158,13,0,116,131,14,17,90,3,0,32,2,96,17,21,72,8,6,0,0,9,7,0,8,20,2,49,12,63,17,22,362,86,202,9,5,1,37,1,67,46,3,91,37,12,41,8,51,2,85,67,20,24,0,42,23,64,54,3,9,0,0,60,40,3,9,157,9,2,9,22,70,52,85,17,35,38,14,20,7,36,59,85,297,6,5,60,0,36,329,4,1,3,58,0,36,12,0,0,6,33,8,6,359,3,2
cell667,7,3,0,6,0,8,3,95,242,39,17,72,3,3,226,5,168,9,65,277,50,0,4,0,0,29,32,7,28,0,228,21,265,122,44,44,95,396,29,8,24,60,15,181,18,9,537,57,22,68,21,67,10,142,95,40,6,0,61,9,162,131,12,3,0,1,85,14,9,6,370,53,13,10,146,13,15,25,26,20,25,6,11,22,113,40,98,74,5,3,56,0,26,276,2,6,22,170,4,40,1,1,0,12,39,6,10,272,6,148
cell668,12,12,5,2,333,12,2,134,145,5,4,72,0,0,25,1,62,7,63,58,2,1,0,0,14,9,5,2,24,6,51,11,65,18,17,199,62,85,8,19,0,32,2,92,73,1,95,39,11,15,1,29,6,78,47,12,23,0,44,14,64,20,3,5,2,0,43,23,12,5,83,13,0,7,15,55,19,42,7,15,9,19,14,3,39,137,51,248,75,13,53,0,26,243,5,4,8,38,0,21,29,0,1,9,17,5,6,78,4,35
cell669,0,31,1,17,5,19,0,116,135,5,18,113,0,0,40,12,45,3,17,18,4,23,0,1,20,6,11,12,25,1,42,10,47,21,4,250,89,103,7,0,0,44,8,90,70,2,79,55,19,0,11,30,4,52,43,13,18,0,67,17,41,19,7,0,10,1,56,26,20,10,113,7,5,11,27,91,20,67,8,13,19,13,9,17,30,36,96,315,0,17,63,0,28,300,0,5,12,78,1,25,17,0,1,7,21,1,18,511,11,30
cell670,31,0,6,8,0,8,14,93,277,30,21,64,1,0,155,9,205,8,97,531,13,4,0,0,6,50,1,11,41,0,979,9,680,158,58,17,100,515,20,18,32,81,5,239,28,20,18,43,27,154,20,68,13,169,109,43,16,0,66,6,178,59,4,0,8,0,80,10,7,10,395,2,1,4,209,18,15,42,0,33,20,12,5,16,115,57,107,60,3,2,78,0,25,241,2,4,22,189,0,39,2,0,3,39,38,5,12,219,13,244
cell671,3,5,2,3,0,7,0,79,269,42,24,110,8,0,142,28,294,8,66,264,43,6,2,0,0,20,0,5,65,1,399,41,564,92,33,71,111,557,27,21,7,63,31,186,16,14,567,91,17,11,10,66,5,67,100,49,53,3,65,6,183,34,8,0,222,3,101,13,13,21,502,42,1,9,176,8,11,27,3,14,18,31,8,2,105,45,99,52,36,0,66,0,35,237,21,3,15,187,2,50,1,0,0,78,22,4,13,466,11,350
cell672,0,3,9,19,46,2,0,110,320,23,8,80,2,0,166,6,208,21,82,252,13,5,0,0,20,14,0,10,43,0,693,84,577,212,51,8,110,690,33,8,7,72,21,213,13,20,640,70,13,239,13,75,5,23,99,42,7,1,85,12,169,23,7,0,0,9,134,14,6,21,500,30,0,6,99,22,59,48,295,9,14,24,9,2,123,33,131,77,32,11,71,0,34,992,14,6,17,196,6,25,10,0,0,48,15,1,13,272,3,139
cell673,16,8,1,7,0,2,0,75,236,63,19,56,0,0,195,5,251,6,86,363,40,3,1,0,0,13,3,16,55,0,434,44,558,230,51,44,95,385,10,22,8,101,23,206,6,25,42,38,42,51,30,75,2,113,92,37,6,0,72,3,178,31,17,3,33,3,108,9,10,5,418,9,8,9,132,20,23,18,181,8,3,19,5,9,92,36,68,69,9,20,58,43,45,421,12,2,31,180,2,28,1,4,0,38,29,6,15,141,14,152
cell674,21,2,0,4,88,15,0,81,312,46,6,88,2,0,95,15,331,31,77,505,13,6,0,0,0,51,5,11,46,0,774,15,569,122,30,57,105,601,23,6,3,75,11,237,28,8,75,40,13,78,16,89,8,138,125,40,2,1,92,11,172,159,8,1,32,2,91,15,0,1,484,26,5,14,143,18,5,30,0,9,16,8,7,18,69,83,94,79,1,1,62,0,30,466,6,7,42,206,4,12,4,0,1,17,22,9,16,246,11,213
cell675,13,7,0,1,325,9,0,115,282,50,31,95,8,0,162,14,314,17,84,350,17,5,0,0,11,11,1,13,46,1,423,18,647,144,37,17,113,622,36,16,6,89,20,191,19,11,388,79,28,261,7,98,5,88,133,39,30,0,114,9,178,105,26,2,2,17,99,16,4,3,517,91,18,9,81,26,56,16,6,18,17,8,3,15,151,88,112,74,23,11,67,0,12,270,29,2,61,218,6,39,0,0,0,13,26,12,22,418,7,270
cell676,61,13,1,16,28,6,0,104,302,42,24,69,7,0,143,14,234,16,92,487,16,18,0,0,0,8,14,14,50,0,981,13,726,196,58,64,72,398,41,6,22,113,6,182,16,25,776,75,19,117,16,103,0,105,83,45,32,3,73,17,212,46,10,0,91,0,126,13,17,1,452,14,3,6,87,19,44,31,139,16,25,18,10,2,96,61,122,68,10,1,84,0,36,396,13,14,28,179,3,64,7,0,0,40,28,8,6,305,8,74
cell677,21,5,0,18,53,18,1,113,26,4,9,69,11,0,34,7,48,2,21,22,2,0,0,0,22,3,0,24,18,0,30,12,47,15,16,175,87,108,1,3,10,32,0,77,66,7,51,46,8,29,8,32,2,96,53,22,26,0,67,16,16,50,2,0,52,0,35,36,13,2,97,25,16,10,23,71,37,22,0,38,38,15,15,5,19,30,81,360,12,12,66,0,22,199,9,12,1,67,5,29,2,0,0,14,32,6,6,739,3,51
cell678,0,2,0,26,2,7,0,104,266,42,17,66,13,0,75,17,240,22,85,185,12,0,1,0,8,68,20,5,38,0,639,34,531,225,71,57,125,504,22,17,5,82,17,203,22,3,689,56,10,22,10,76,16,103,95,38,2,0,84,12,181,114,18,0,32,8,62,8,16,5,569,17,19,7,142,39,17,36,88,19,29,30,9,23,55,29,83,69,21,5,84,4,33,187,1,6,27,192,1,41,4,0,0,32,27,3,15,192,4,269
cell679,18,7,1,4,294,10,0,75,258,36,36,95,2,0,194,15,195,27,64,314,14,9,0,0,0,4,1,9,25,4,636,92,415,176,27,22,101,570,17,27,2,95,12,278,25,39,295,38,9,163,18,80,8,74,139,39,17,1,76,12,164,35,9,0,0,2,119,14,21,3,481,1,7,1,74,21,24,23,0,25,19,37,13,3,138,29,36,86,21,10,69,0,33,541,0,10,35,227,4,24,2,0,0,29,29,10,7,152,9,126
cell680,0,16,6,3,115,16,0,143,152,13,10,106,6,0,39,6,65,8,18,15,2,0,0,0,39,9,3,22,22,2,42,4,48,13,26,386,105,105,9,6,3,49,3,51,71,2,25,27,23,16,11,38,3,12,55,13,48,0,69,19,44,49,9,0,62,2,53,61,8,11,131,18,9,37,40,71,23,24,0,12,26,16,14,6,45,99,72,360,22,5,66,8,15,317,9,4,12,86,7,36,5,0,0,3,23,6,17,300,4,28
cell681,0,1,3,17,34,14,0,82,284,47,22,88,5,0,129,0,220,20,70,288,17,8,0,0,0,12,1,16,54,0,616,25,504,211,35,93,112,652,37,4,15,94,6,215,22,4,609,25,17,35,5,92,5,85,104,51,16,0,97,9,155,175,15,0,6,2,85,13,6,3,570,34,2,4,142,41,21,41,0,3,23,21,13,6,114,72,90,83,4,8,73,0,30,304,14,4,15,214,3,6,13,0,0,43,20,10,4,300,3,141
cell682,2,8,10,16,55,21,0,128,116,22,6,57,9,0,25,6,69,6,19,9,1,8,0,1,16,11,0,9,32,0,29,2,55,20,16,292,84,87,7,3,0,39,5,69,73,12,42,50,10,34,2,24,1,24,49,10,12,0,59,45,52,9,2,0,87,0,19,24,22,19,125,22,4,15,23,77,33,84,11,19,43,35,15,4,29,75,96,270,10,2,64,0,34,279,12,13,12,70,0,34,16,0,1,6,28,3,12,739,5,36
cell683,20,39,0,40,352,18,0,172,135,17,12,99,9,0,37,5,54,1,21,13,6,23,0,0,32,0,1,16,24,4,58,19,54,3,31,291,93,127,12,2,1,39,2,44,75,12,48,47,1,0,7,37,0,246,37,18,28,0,65,21,54,17,1,0,18,0,33,51,7,8,120,10,32,10,27,93,29,42,0,13,23,37,19,0,31,76,147,313,47,17,61,0,4,390,16,15,4,72,0,23,12,0,0,7,17,8,8,718,8,44
cell684,1,57,0,15,312,31,0,151,0,14,13,82,5,0,7,7,57,6,19,20,1,15,0,0,12,5,2,14,20,1,26,15,59,15,33,263,94,114,11,5,0,43,7,30,73,8,5,32,15,17,8,29,3,12,52,14,28,0,52,39,40,16,11,0,17,1,46,34,19,19,99,22,1,23,29,100,38,14,3,11,25,20,17,13,38,79,139,360,26,15,50,0,21,116,4,3,3,83,8,34,10,0,0,9,18,12,10,600,10,48
cell685,21,0,2,9,105,6,0,76,233,46,13,74,1,0,67,23,221,12,65,369,8,0,0,1,0,43,0,12,54,0,280,30,437,184,41,25,120,379,10,4,23,76,10,114,34,6,439,41,14,66,27,79,8,134,105,50,17,1,77,6,171,53,7,5,0,2,92,23,6,4,426,50,2,6,239,41,10,29,0,11,13,15,10,0,91,61,79,93,35,8,69,0,29,274,5,3,21,183,0,28,0,0,0,54,26,2,6,134,6,140
cell686,1,52,2,16,0,36,0,158,116,15,8,93,3,0,33,12,57,16,12,41,1,5,0,0,3,5,0,12,14,1,21,3,40,9,31,249,111,67,6,5,3,41,1,42,65,6,64,33,16,39,14,35,5,23,38,26,12,0,60,31,17,26,11,1,74,1,20,35,15,7,134,0,2,25,15,103,20,72,0,13,34,15,9,1,31,47,131,468,17,13,33,0,43,150,7,14,4,72,3,36,8,2,0,3,27,2,8,725,7,66
cell687,0,29,1,10,1,35,0,105,46,8,2,77,6,0,64,2,54,7,21,32,6,8,0,0,2,9,4,16,14,3,32,2,57,14,31,363,104,108,4,6,0,38,6,52,88,12,2,33,7,6,8,32,1,104,51,14,12,0,61,31,25,35,7,0,102,0,32,42,11,11,91,9,12,26,25,82,19,33,1,11,27,16,25,0,28,25,33,370,12,18,48,0,19,287,5,2,1,67,1,27,11,0,0,8,22,15,10,268,15,32
cell688,0,6,0,24,3,3,2,92,95,31,16,83,3,0,91,5,154,9,80,420,23,3,0,0,1,61,31,7,41,1,630,14,464,137,38,71,98,280,23,24,7,68,3,139,18,7,177,36,16,128,15,66,4,53,98,34,10,6,47,5,191,17,6,0,2,0,63,10,8,4,288,19,5,2,144,35,56,35,0,11,17,23,11,1,51,71,55,64,15,21,60,0,28,757,18,7,29,132,2,36,1,0,0,38,21,1,7,130,3,138
cell689,4,31,1,5,26,9,0,114,120,5,12,64,6,0,29,4,47,7,18,44,7,21,0,1,33,0,0,10,14,4,13,0,57,3,24,337,51,106,7,2,0,38,7,35,73,2,20,46,19,9,15,22,1,113,33,23,10,16,40,27,42,14,4,0,17,0,25,45,12,9,104,2,5,21,16,84,4,27,3,13,16,15,12,4,29,43,108,352,9,8,54,0,29,224,4,5,4,68,0,34,11,0,1,16,23,2,15,226,7,45
cell690,1,0,1,4,56,13,0,100,87,3,6,61,2,1,22,2,44,5,18,25,3,6,0,1,7,13,2,5,13,1,34,7,45,26,33,165,66,73,9,3,1,32,1,26,75,2,28,31,5,17,6,16,0,0,40,20,17,0,34,27,18,20,5,0,18,0,27,31,12,12,82,10,1,24,15,91,36,66,4,17,23,12,12,4,14,66,81,261,4,1,56,0,23,181,2,19,7,64,1,17,5,0,0,14,31,10,13,965,6,69
cell691,6,2,1,2,0,2,0,108,199,13,11,84,1,0,58,3,114,19,143,668,11,10,0,0,0,40,7,15,31,0,898,91,722,268,24,72,67,252,15,10,14,87,2,92,16,5,786,42,24,28,18,68,7,152,84,30,6,0,76,7,171,58,8,0,0,2,81,16,1,2,286,30,11,5,173,15,64,66,15,12,29,45,7,2,91,51,68,64,3,17,58,0,15,566,5,0,6,112,1,13,1,0,0,30,27,4,3,83,5,108
cell692,5,15,0,14,0,9,0,80,186,22,26,87,0,0,70,27,149,5,63,405,41,10,0,4,0,17,0,1,35,0,749,35,611,246,31,44,111,297,28,9,23,64,4,79,20,8,545,34,22,59,15,74,9,108,73,33,2,1,83,11,158,7,26,0,69,2,62,12,16,14,309,10,4,6,142,16,13,49,0,14,6,18,12,1,101,40,70,51,11,7,50,0,32,528,4,1,12,88,6,43,11,0,0,10,20,6,10,158,7,118
cell693,6,0,0,34,0,5,0,87,244,21,13,92,5,0,106,7,138,4,71,214,13,1,0,0,0,33,0,9,36,0,550,36,540,187,38,46,119,314,12,6,4,73,9,172,31,10,11,50,14,72,19,77,2,94,88,37,10,0,77,3,137,65,5,0,2,5,95,17,1,2,321,31,12,7,115,24,13,37,2,10,22,16,9,14,46,46,38,53,22,6,62,0,31,529,9,4,30,122,2,17,5,0,0,70,22,9,14,37,6,354
cell694,22,7,0,18,343,12,1,101,229,23,8,81,3,0,116,22,136,15,73,144,2,4,0,3,0,11,0,12,39,0,648,63,329,127,52,74,101,300,25,21,19,48,14,131,33,16,406,66,24,18,40,48,3,145,64,32,54,0,65,10,167,74,11,0,60,4,56,17,15,10,312,17,5,16,133,27,43,25,0,22,31,14,10,2,96,56,52,81,38,5,51,0,35,332,7,1,26,143,0,51,5,0,0,25,22,19,12,74,5,89
cell695,1,12,7,24,0,3,0,91,169,23,12,83,14,0,106,11,145,3,66,490,12,5,0,1,0,26,0,3,41,0,652,21,579,150,44,42,103,345,11,8,3,81,32,124,25,16,414,37,14,15,20,73,4,95,94,27,10,0,47,11,164,9,9,5,1,11,90,10,1,9,277,4,1,4,87,17,32,25,18,4,10,28,3,2,118,47,50,69,53,3,52,3,16,504,0,1,17,142,6,29,3,0,0,22,21,5,7,181,2,103
cell696,0,11,5,30,0,5,1,87,186,19,8,75,3,0,59,5,130,16,57,642,32,1,1,1,8,52,18,7,29,0,325,39,636,117,17,36,83,323,22,12,3,56,16,159,12,7,54,50,6,38,23,68,6,118,87,42,28,0,81,8,182,38,5,0,30,2,82,30,10,7,239,6,6,5,165,25,23,10,0,12,23,18,5,1,53,27,75,67,4,12,75,0,7,323,4,6,4,117,0,29,2,0,0,15,22,11,14,152,4,111
cell697,56,13,1,5,0,17,0,109,12,14,4,62,4,0,24,13,60,5,17,24,2,5,0,0,5,15,0,13,27,2,83,5,50,29,20,95,93,94,3,1,9,44,4,45,68,3,61,37,10,1,8,32,7,57,42,18,13,0,62,14,34,13,6,0,51,7,60,34,6,8,98,14,11,12,22,69,31,30,0,4,11,13,16,19,55,35,86,198,31,18,42,0,13,299,7,1,1,67,0,20,4,0,0,7,25,15,12,759,7,5
cell698,51,8,5,10,0,8,0,138,317,7,13,117,10,0,82,25,157,18,86,528,1,1,0,0,0,24,21,7,38,0,667,9,358,194,51,47,108,341,9,20,3,63,1,67,26,2,638,41,12,3,22,51,0,240,73,35,8,0,61,16,173,66,5,16,2,3,63,10,4,13,356,15,3,3,140,33,31,58,18,10,23,27,8,5,55,55,47,76,15,2,74,0,30,286,12,1,38,123,0,32,2,0,0,53,26,4,11,58,3,159
cell699,1,3,2,7,269,7,0,142,229,5,8,111,8,0,73,4,162,18,75,362,21,9,0,0,30,12,1,2,37,0,561,33,616,149,28,73,127,400,27,14,6,56,21,121,37,11,376,44,10,32,39,61,4,120,86,29,13,0,76,11,196,52,3,0,21,0,57,9,14,13,320,19,2,6,175,31,54,46,99,8,7,35,17,11,48,104,48,76,42,1,62,30,15,463,4,0,34,144,2,34,5,0,1,28,20,9,7,106,6,91
cell700,2,18,0,0,89,11,5,94,2,18,11,64,3,0,51,11,60,5,19,43,3,1,0,0,18,6,3,12,25,2,23,9,48,18,24,226,83,88,6,4,10,43,4,26,56,10,28,38,9,19,3,48,1,0,57,20,19,0,45,26,33,48,5,2,73,1,48,23,15,28,125,6,0,17,12,54,15,29,1,75,43,27,11,3,32,20,137,263,8,3,51,0,36,274,15,11,11,65,0,28,2,1,0,6,26,5,4,457,12,33
cell701,63,5,7,23,11,4,1,129,245,9,13,47,8,0,55,9,108,11,269,347,8,5,0,0,0,56,0,4,26,0,605,119,1132,167,33,97,88,267,16,9,3,49,8,97,25,16,829,43,20,89,53,57,10,134,69,26,7,0,66,17,227,35,11,8,0,4,39,5,7,14,225,25,0,14,203,28,46,60,15,5,9,20,7,7,43,32,45,95,17,3,67,0,8,269,4,1,2,68,0,11,8,0,0,7,30,16,14,42,13,101
cell702,15,15,5,7,89,5,1,85,196,20,11,72,4,0,32,16,109,3,59,103,19,3,2,0,1,12,15,8,28,0,578,31,558,186,20,60,79,223,9,10,0,46,9,120,31,17,435,40,9,4,20,52,7,33,73,21,33,2,53,11,190,20,16,0,10,11,80,22,23,5,231,17,1,8,154,40,11,24,0,34,8,12,10,7,66,26,62,100,0,4,62,0,30,321,8,2,15,126,0,22,5,0,0,2,31,1,6,23,4,72
cell703,12,2,7,35,148,0,0,103,116,21,4,67,7,0,68,34,84,16,69,239,22,5,0,1,1,16,10,8,18,0,881,85,500,267,9,53,59,243,15,11,2,79,12,89,31,3,662,26,30,35,11,57,13,0,86,30,15,0,66,6,171,42,2,0,70,3,67,20,0,17,216,28,3,6,230,19,19,9,0,3,3,34,7,3,22,77,26,79,37,2,48,22,14,76,2,0,6,97,4,19,1,0,2,39,22,3,3,52,3,99
cell704,0,35,0,3,2,16,0,81,43,15,12,50,1,0,29,12,60,9,17,11,3,0,1,1,12,3,0,16,29,1,30,6,44,18,41,187,74,164,12,1,18,58,4,50,49,2,27,35,6,10,3,57,3,76,75,24,36,0,64,23,24,39,13,0,32,0,36,25,12,2,154,6,18,17,9,63,32,28,0,24,24,2,16,4,25,43,126,209,2,9,32,19,25,223,8,9,17,92,0,49,10,0,0,8,27,7,8,1110,10,22
cell705,8,0,2,4,362,4,0,93,224,6,10,64,9,1,33,27,119,13,57,110,7,5,0,0,0,18,17,5,13,0,180,52,329,139,37,74,106,217,13,6,1,42,5,136,49,6,461,38,6,3,7,58,0,74,63,25,3,0,66,12,159,35,10,0,26,0,28,20,16,6,223,3,4,5,98,40,10,26,42,7,16,22,12,5,31,52,42,107,5,5,48,0,7,120,3,3,14,45,2,23,3,0,0,30,23,1,12,68,7,73
cell706,0,16,0,9,40,16,0,75,85,7,12,70,3,0,45,17,73,5,19,32,3,4,0,0,13,15,1,4,6,0,41,6,44,8,14,189,60,133,13,1,0,38,7,80,60,6,73,31,8,21,7,43,6,45,56,23,10,0,51,25,13,16,5,23,60,0,52,39,16,2,104,18,5,4,17,67,39,19,0,36,12,9,7,0,57,28,130,252,18,1,47,0,16,124,11,5,7,82,0,15,20,0,0,13,18,13,14,512,6,22
cell707,119,6,7,1,0,15,0,118,272,16,21,51,5,0,40,0,66,10,125,208,1,0,0,0,0,18,19,15,29,0,705,15,526,146,15,27,95,189,12,27,10,48,26,83,55,3,317,46,3,45,13,46,12,164,55,31,3,0,43,12,147,52,2,0,0,0,72,18,3,18,197,32,13,13,171,42,36,28,0,25,6,9,13,0,52,56,74,141,7,6,51,0,29,92,6,2,14,86,1,17,7,0,0,10,34,14,20,60,8,86
cell708,8,1,3,7,35,4,0,100,231,17,21,63,1,0,67,3,93,10,50,282,4,5,2,0,2,15,2,2,30,0,386,52,348,77,17,99,82,277,10,3,16,41,2,80,28,12,201,35,20,54,23,68,2,70,55,38,46,0,79,17,119,19,6,0,0,0,46,9,20,15,217,24,2,10,49,47,32,38,53,46,4,12,10,9,54,62,44,148,46,4,63,0,45,171,8,7,6,122,0,11,3,1,0,29,31,5,7,154,17,106
cell709,111,0,1,17,346,13,0,92,157,9,3,55,0,0,58,2,86,3,71,343,10,1,0,0,14,35,0,4,22,3,487,72,351,96,27,148,94,193,12,28,17,55,7,70,51,13,241,51,12,20,6,43,1,81,59,27,9,0,46,6,149,18,10,1,189,0,59,25,5,7,163,10,20,6,87,48,41,19,0,22,11,45,14,10,50,68,58,133,12,3,46,0,25,73,10,0,3,70,0,13,0,4,0,30,31,11,19,74,12,48
cell710,1,4,5,8,217,21,0,97,207,16,21,64,1,0,30,26,176,4,55,302,27,2,0,0,0,50,0,3,11,0,405,26,312,67,59,97,108,245,13,15,0,71,4,85,62,3,361,39,21,2,4,59,2,10,79,33,7,3,31,8,122,62,7,0,3,5,49,30,8,9,226,20,1,19,131,56,22,17,4,13,16,16,16,11,70,51,57,132,12,4,59,0,13,59,2,2,18,92,0,40,3,0,0,23,36,3,5,40,10,150
cell711,111,16,3,4,17,13,1,136,206,33,18,83,7,0,137,16,124,14,74,241,6,0,0,0,0,11,0,4,35,1,527,73,295,82,69,189,132,317,27,4,7,61,15,86,69,29,145,18,36,204,11,65,1,2,90,42,37,24,52,7,114,99,9,0,1,0,67,18,13,19,286,50,5,7,72,52,21,35,0,10,23,12,10,0,70,65,87,145,1,12,58,29,12,151,2,2,19,104,5,32,7,0,0,19,24,0,15,86,7,118
cell712,0,19,0,10,512,19,1,137,256,19,12,77,5,0,109,15,119,3,69,199,6,1,0,0,0,13,0,4,27,7,44,17,259,26,30,206,111,198,21,4,10,64,9,112,52,23,404,16,13,94,13,56,1,202,83,30,18,0,54,16,127,32,7,0,110,2,52,19,10,10,227,8,8,24,82,54,10,38,0,8,13,16,13,8,66,40,62,171,12,3,41,24,21,329,1,10,8,109,13,47,3,2,0,21,37,0,7,93,5,150
cell713,0,14,0,5,270,11,0,106,218,11,8,45,2,0,98,10,76,5,71,289,4,20,0,0,0,22,5,13,20,2,317,5,356,57,14,37,113,262,3,20,24,46,19,115,57,7,426,50,25,86,14,53,5,89,75,19,36,2,47,12,135,8,11,0,4,3,50,8,24,9,209,20,1,17,59,42,36,29,0,8,4,15,7,3,36,54,45,151,29,2,39,0,23,145,2,1,4,114,1,36,8,0,0,20,26,0,10,56,5,165
cell714,29,21,0,12,400,10,0,96,239,23,11,103,3,0,93,2,132,16,61,107,32,0,0,0,11,26,11,20,8,1,199,27,358,112,27,74,108,262,18,7,0,63,6,112,47,3,291,58,10,80,24,66,5,89,65,42,25,2,80,14,131,6,17,46,86,4,43,16,12,5,231,31,20,9,133,39,19,34,3,10,21,4,8,2,85,80,54,124,16,1,65,0,35,172,3,5,3,144,0,4,2,0,1,12,19,3,16,149,3,180
cell715,0,0,4,13,69,6,0,84,197,25,8,67,0,0,80,5,102,11,47,119,8,4,0,0,0,19,0,15,16,3,230,24,278,17,6,24,73,188,11,10,3,61,8,121,41,28,378,46,14,78,13,46,2,73,80,14,31,10,21,9,117,46,14,2,169,5,32,20,11,6,197,10,6,5,100,41,21,14,0,10,6,14,6,15,19,43,85,115,4,6,49,0,18,112,4,2,0,108,2,23,0,0,0,22,37,1,8,34,11,97
cell716,0,5,0,6,28,4,0,105,4,23,8,76,0,0,87,14,117,21,26,21,6,2,0,0,27,5,0,15,25,2,18,10,41,16,61,236,103,180,8,6,0,69,10,66,36,18,28,31,13,23,9,60,4,117,68,39,10,1,79,29,33,23,9,3,119,2,61,38,12,2,251,24,5,17,20,68,33,40,0,46,28,9,12,5,93,19,72,212,17,10,48,0,31,319,16,0,9,83,3,22,4,0,0,4,25,13,18,641,7,16
cell717,0,5,2,4,0,13,1,83,0,24,11,68,17,0,24,3,79,8,24,23,0,2,0,0,40,6,0,17,13,0,19,1,35,20,29,215,70,120,2,8,2,44,2,86,71,1,58,72,4,7,4,57,0,12,55,23,20,2,61,34,29,25,6,0,44,0,62,33,9,1,156,17,4,31,18,72,20,23,1,26,20,22,7,34,37,41,87,207,7,1,32,0,29,73,4,6,13,76,4,48,15,0,0,10,36,7,14,419,9,40
cell718,5,11,12,4,407,10,7,94,171,15,5,51,1,0,43,7,66,7,57,125,17,10,0,0,0,36,0,7,28,0,290,22,386,45,24,108,69,118,4,20,0,56,14,42,67,0,295,40,11,25,18,34,1,28,60,27,23,0,46,17,158,31,5,0,48,4,55,11,17,1,125,5,12,9,129,47,18,30,10,10,11,24,5,15,45,56,53,104,28,3,43,0,27,101,12,9,16,69,1,8,2,0,1,34,27,3,5,101,5,116
cell719,29,0,2,7,34,20,0,80,35,13,8,61,11,0,37,8,91,9,26,36,7,4,0,1,2,6,0,11,30,1,62,0,51,23,30,172,85,156,8,0,0,61,8,76,21,1,60,31,8,13,8,51,2,89,70,15,11,2,69,26,39,49,6,0,72,0,37,50,8,12,175,12,9,25,20,76,44,23,0,19,18,4,18,8,47,37,116,199,25,34,28,0,19,169,5,13,12,95,1,22,14,2,0,17,23,13,11,1093,5,88
cell720,11,0,1,16,239,9,0,118,184,15,7,98,0,5,29,8,67,2,43,169,20,8,0,0,0,25,1,10,20,0,95,66,309,20,35,71,75,124,12,10,0,39,19,92,51,7,422,34,8,6,6,30,0,116,46,28,12,1,41,11,170,33,10,4,2,0,70,16,9,8,113,3,2,21,97,44,28,11,0,4,14,33,6,4,46,76,39,108,42,5,45,0,12,11,2,7,6,63,0,24,0,2,0,13,36,5,13,60,4,51
cell721,0,2,0,6,2,16,0,100,0,16,7,52,10,0,51,9,92,20,20,33,3,2,0,1,25,6,0,15,21,0,45,14,66,23,36,197,82,139,4,4,3,42,7,85,73,8,0,38,5,48,3,58,8,38,64,38,6,5,56,20,36,46,5,0,75,0,47,37,7,3,149,16,39,13,27,54,14,26,1,9,34,13,10,21,12,18,110,194,1,16,24,0,19,59,12,3,6,85,0,35,22,2,0,8,23,3,21,296,5,106
cell722,0,6,2,4,0,2,0,76,131,23,6,43,4,0,52,4,64,3,40,70,6,9,0,1,0,18,0,5,18,0,254,51,402,57,34,83,65,119,7,14,6,39,13,58,30,9,398,53,11,70,19,38,2,0,64,21,28,0,30,9,118,28,2,0,51,0,28,22,11,10,111,4,6,6,96,24,25,37,0,33,18,6,10,0,35,71,76,111,23,9,48,0,20,122,11,4,17,66,7,7,4,0,0,37,29,4,10,119,9,149
cell723,18,12,4,27,425,23,0,117,108,11,1,68,7,0,27,3,59,7,67,218,5,4,3,0,0,66,0,18,17,0,285,12,341,82,37,120,90,92,9,19,8,43,8,56,45,5,370,35,5,52,18,25,0,71,52,9,17,0,24,13,95,15,6,0,1,0,27,21,5,4,111,16,17,11,87,49,39,32,1,27,12,2,12,12,42,44,113,106,51,7,57,6,38,22,16,5,1,58,5,16,4,0,1,21,28,4,11,113,6,97
cell724,8,16,12,29,6,12,0,111,51,19,15,81,1,3,72,0,98,6,59,46,6,32,0,1,0,25,4,12,17,0,196,51,378,68,23,113,97,133,14,11,11,48,2,50,15,5,277,77,20,14,4,49,0,0,37,28,27,0,40,15,123,34,3,0,2,5,46,23,9,24,155,11,9,7,133,30,19,109,4,10,24,4,7,2,24,50,40,85,56,6,55,0,13,125,8,2,9,80,8,34,1,0,0,22,25,4,7,75,10,111
cell725,0,14,8,9,2,18,0,125,159,11,12,60,4,0,32,1,67,14,56,134,9,5,0,0,21,17,3,0,19,0,197,68,316,131,26,106,116,116,2,8,13,60,14,94,40,5,188,36,22,44,11,52,1,175,53,28,39,3,57,11,108,26,10,0,60,3,47,21,7,5,114,12,7,18,120,34,29,56,32,38,14,6,18,4,37,25,69,110,29,16,42,17,11,27,2,7,13,58,0,5,3,4,0,20,19,6,6,109,14,38
cell726,13,1,13,18,58,6,2,102,155,19,7,47,1,0,18,17,57,6,35,97,5,4,0,1,0,33,4,15,11,0,102,21,182,102,23,101,76,105,6,10,0,36,0,92,67,13,274,45,10,3,9,33,0,83,42,16,0,0,55,12,105,30,9,0,74,6,42,14,11,12,137,2,5,11,46,35,10,26,0,18,18,5,7,3,22,27,11,88,8,2,43,0,12,45,5,1,9,59,3,13,1,0,0,16,21,7,9,87,7,66
cell727,0,1,1,22,0,11,1,85,148,9,16,49,1,1,51,3,44,4,40,182,22,5,0,0,0,5,9,8,8,0,295,12,255,103,33,74,82,95,14,10,20,42,6,46,32,7,310,47,11,29,14,28,6,29,30,9,11,1,27,22,108,16,5,0,0,1,23,19,10,1,112,15,18,10,61,36,33,14,1,11,21,4,15,5,35,36,68,122,25,3,51,0,18,27,6,1,5,62,7,27,3,0,0,8,25,4,13,71,5,201
cell728,30,20,0,6,118,14,0,72,44,19,8,51,3,0,25,12,70,4,11,23,2,2,0,0,26,5,0,13,15,0,27,1,39,14,22,197,72,94,6,3,3,49,2,88,61,12,49,24,16,21,6,39,2,33,50,17,8,0,45,26,7,13,6,0,63,1,25,33,7,11,109,0,10,28,13,48,16,38,54,9,36,18,3,4,25,13,51,199,12,13,28,1,3,175,2,2,14,72,2,28,20,0,0,6,27,10,12,439,7,67
cell729,21,0,0,8,0,11,47,131,196,3,6,61,0,0,20,4,42,6,46,115,29,1,0,1,0,7,2,14,24,1,271,5,300,68,14,147,95,114,4,10,1,30,11,34,16,8,390,26,10,29,10,25,6,63,47,21,22,0,12,16,116,10,6,0,1,5,27,32,10,16,96,12,10,11,75,34,21,15,0,23,20,10,21,0,36,47,78,132,22,10,49,6,34,78,3,2,4,67,2,25,2,0,0,21,28,3,6,58,8,118
cell730,6,11,0,4,376,16,5,126,214,1,4,60,5,0,29,3,45,3,53,199,6,6,1,0,0,41,0,1,10,2,264,7,263,64,3,100,108,60,10,9,0,29,17,57,39,1,328,41,7,18,2,23,3,4,42,13,6,6,33,12,121,6,1,0,18,0,31,17,3,9,74,10,1,11,122,32,22,92,0,20,7,12,19,8,51,54,42,113,33,2,47,0,12,76,3,0,9,61,2,22,5,0,0,11,23,13,15,37,11,91
cell731,0,0,0,8,8,17,0,67,1,8,8,58,2,0,15,9,44,5,16,21,2,0,0,1,15,8,1,11,9,1,31,17,49,10,29,212,58,83,4,3,0,37,3,33,51,4,36,28,11,19,6,28,3,32,54,11,46,0,30,27,19,23,1,0,38,1,41,17,18,3,86,9,6,12,14,68,40,33,33,29,53,15,6,0,21,57,128,196,7,14,56,13,37,80,12,12,1,64,0,24,1,0,1,5,16,12,10,71,7,50
cell732,5,3,2,19,26,15,0,103,161,23,0,60,3,0,12,0,39,4,37,121,6,2,0,4,0,49,2,7,18,1,245,16,176,27,17,72,93,93,9,13,0,25,6,32,26,4,185,25,11,7,18,23,2,35,41,19,50,0,38,9,106,34,5,1,6,9,39,5,2,4,85,26,1,5,66,32,34,56,22,31,33,8,11,17,26,51,68,82,11,12,58,10,30,204,4,15,2,62,3,34,5,0,0,29,22,3,6,118,4,94
cell733,0,0,0,12,23,10,0,108,193,22,4,56,0,0,42,0,35,8,49,105,11,5,0,1,0,20,0,6,21,0,189,8,250,108,8,89,85,92,3,5,2,43,4,59,45,1,1,42,14,15,7,29,0,97,51,15,5,0,23,12,93,20,5,0,5,4,35,23,9,0,102,1,7,10,78,32,21,41,0,9,3,4,4,5,40,28,47,91,20,7,51,0,29,190,8,2,5,78,0,17,2,1,0,26,30,4,8,202,4,197
cell734,0,1,0,3,6,1,1,74,106,14,2,26,0,0,17,0,51,3,41,215,13,4,1,0,2,2,16,2,21,0,358,35,232,75,12,52,53,81,3,3,1,29,10,74,18,3,103,32,12,22,16,26,3,35,46,11,34,0,30,13,129,14,9,0,12,2,21,12,15,0,75,10,1,10,91,38,38,35,0,14,23,10,12,10,24,33,46,68,16,6,48,0,26,163,4,1,7,47,1,18,5,0,0,7,22,12,7,21,11,149
cell735,0,4,14,15,0,9,0,110,172,13,8,42,8,0,50,1,41,13,89,343,12,6,0,0,0,72,2,9,12,1,172,9,326,51,21,87,86,135,3,19,0,31,2,25,23,5,448,41,13,14,18,24,2,112,56,12,36,0,47,8,141,36,5,0,0,3,46,18,15,6,95,17,4,10,106,43,22,75,1,34,12,22,9,1,21,76,81,92,14,8,44,0,18,164,8,2,2,60,7,40,1,0,0,24,17,9,10,97,5,106
cell736,16,3,1,9,12,8,0,109,207,9,7,55,3,0,43,1,62,17,47,265,1,14,0,0,0,5,0,9,13,0,162,29,217,86,15,62,102,117,7,14,0,41,4,45,23,3,170,59,16,43,12,45,1,11,49,18,33,0,18,11,97,44,7,0,0,0,64,14,3,4,110,1,16,6,56,8,8,33,1,9,36,6,7,2,26,72,93,72,21,7,53,0,12,179,3,6,5,86,6,23,4,1,0,8,24,9,15,117,9,96
cell737,1,9,0,3,201,6,26,111,81,4,2,39,4,0,29,0,37,20,42,180,6,9,0,2,0,1,5,7,23,0,111,4,284,110,22,46,96,86,5,2,0,50,4,42,34,4,209,42,8,9,2,26,1,66,62,19,14,7,51,10,93,15,3,0,10,0,34,11,0,2,97,11,2,22,107,29,9,29,0,7,4,15,9,0,35,51,83,84,17,13,52,0,16,194,2,9,10,68,0,31,3,0,0,37,35,8,4,277,7,34
cell738,0,9,3,13,10,9,0,83,108,3,8,69,2,0,32,0,39,4,31,105,8,0,0,1,0,32,17,1,18,5,274,27,237,107,10,54,57,89,6,5,1,25,8,60,24,12,89,35,15,12,13,31,2,43,33,11,24,2,35,4,100,17,6,0,50,0,22,16,12,13,87,5,4,5,84,25,50,23,0,13,12,21,9,1,38,67,87,73,17,9,37,0,19,247,13,3,1,45,3,16,3,1,0,20,27,9,9,242,10,139
cell739,1,17,0,19,66,18,1,87,150,12,20,69,6,0,43,7,110,6,14,8,7,13,1,3,16,10,0,18,21,0,42,13,56,45,17,186,106,246,11,6,1,58,7,106,76,20,77,19,12,76,8,56,6,119,62,40,11,0,51,30,33,54,10,0,0,1,50,21,12,7,214,17,11,18,36,64,6,9,0,10,9,10,5,0,46,34,45,222,2,5,49,0,8,285,1,8,11,111,0,20,6,0,0,9,27,7,7,305,11,48
cell740,6,1,1,5,27,5,0,62,101,9,0,51,3,0,28,5,45,4,38,94,7,6,0,2,0,3,0,13,16,1,196,19,242,27,23,32,73,63,1,2,0,21,9,60,25,0,104,40,1,18,30,33,3,43,25,4,29,0,22,3,70,22,4,0,2,0,23,19,21,9,85,2,7,0,55,11,24,18,0,10,14,9,12,1,20,35,44,68,17,5,61,0,9,109,3,8,5,56,2,20,0,1,0,21,22,10,17,161,11,91
cell741,1,0,4,5,5,12,2,127,193,4,10,41,2,0,12,0,54,4,36,169,9,0,0,1,14,22,1,7,10,0,207,12,207,95,10,52,134,81,3,4,0,58,14,82,29,1,166,32,19,25,11,32,2,180,45,7,16,0,43,8,77,31,11,0,37,1,37,24,16,2,123,13,8,9,83,29,32,22,0,13,14,21,10,4,40,37,81,80,9,7,49,0,29,193,3,2,3,52,0,43,2,1,0,7,27,5,10,57,8,101
cell742,0,40,3,1,33,22,1,90,129,14,7,60,10,0,62,12,95,7,15,29,3,3,0,0,0,4,1,5,14,2,18,8,53,30,34,93,85,219,8,10,1,52,5,50,48,5,60,40,9,120,5,50,3,73,89,33,10,0,62,26,22,46,11,0,49,0,70,21,12,12,183,3,8,15,30,59,40,30,0,9,24,11,18,1,96,45,135,293,8,9,39,0,39,123,2,6,1,82,2,20,8,0,0,6,26,6,16,962,12,53
cell743,0,3,4,9,337,11,2,86,107,15,6,53,0,0,27,0,45,10,44,101,8,7,0,2,4,32,8,10,17,0,179,30,297,20,11,51,82,92,3,24,5,25,12,82,22,5,319,38,5,39,5,25,6,38,36,9,10,0,27,11,94,10,4,0,18,2,28,11,15,13,95,13,16,10,78,17,31,15,7,6,12,17,8,2,52,20,43,77,8,15,43,0,23,98,6,4,21,59,5,20,3,0,0,2,27,3,8,187,18,139
cell744,53,0,7,14,456,10,0,105,144,14,3,61,0,0,11,1,45,5,42,81,7,4,0,1,0,30,0,8,17,1,247,12,310,40,15,85,71,66,2,8,0,24,14,41,21,11,286,30,8,7,4,17,1,107,32,8,33,7,27,16,92,5,10,0,0,1,33,17,3,10,79,12,4,8,37,24,8,47,0,8,6,19,8,2,29,28,44,75,9,11,37,0,19,74,6,2,2,53,0,34,0,0,0,8,39,3,12,75,8,87
cell745,15,0,3,12,135,9,0,77,141,19,5,59,1,0,19,7,37,6,42,83,20,8,0,2,0,9,1,8,19,0,296,11,213,49,22,31,75,78,5,13,7,17,11,55,19,9,237,44,4,3,3,25,3,51,38,17,23,0,38,10,92,15,6,0,2,0,31,11,18,3,82,7,1,10,37,18,45,29,0,9,10,14,13,3,18,30,84,80,26,19,51,0,11,130,1,2,5,58,23,34,4,0,1,13,27,3,19,53,11,71
cell746,108,0,2,25,2,21,0,96,116,21,4,36,1,0,18,16,22,4,59,113,17,4,0,0,0,15,3,3,14,0,174,19,293,94,12,39,36,56,10,14,0,20,6,11,27,4,269,44,4,13,32,19,0,43,29,16,51,3,27,5,117,12,5,0,0,0,13,12,11,6,64,10,5,4,39,27,37,39,0,11,18,12,5,4,34,52,27,56,5,9,44,0,34,79,4,3,4,21,9,24,1,1,1,18,35,10,7,40,12,56
cell747,9,2,0,6,91,13,0,97,152,11,7,52,1,0,62,0,36,7,44,137,3,4,0,0,0,15,0,3,12,0,220,19,166,55,14,60,88,85,5,1,0,28,11,55,29,6,226,69,3,4,6,27,2,3,31,12,47,9,24,6,88,8,2,0,28,0,22,4,17,7,77,8,2,4,76,11,49,28,18,27,13,10,7,13,31,35,37,65,13,10,57,3,29,43,6,4,0,66,1,15,6,0,0,11,33,7,7,60,3,11
cell748,28,6,1,24,292,5,0,75,103,15,1,55,0,0,29,1,48,3,44,82,11,5,0,0,0,24,0,11,12,2,74,3,210,22,8,36,62,87,5,14,3,19,6,31,18,0,177,41,5,38,6,25,0,15,28,15,27,0,27,3,62,26,6,0,3,3,39,12,14,5,76,21,6,4,99,18,26,35,1,14,11,8,0,0,32,43,71,63,16,3,27,0,17,76,4,10,1,51,1,22,3,0,0,25,21,18,17,46,5,108
cell749,0,0,0,11,0,12,0,76,156,5,11,49,5,0,45,6,35,7,45,138,24,5,0,2,0,7,16,6,8,0,156,14,204,46,21,38,71,95,8,5,6,30,6,49,20,9,268,51,12,6,11,38,0,7,37,11,24,1,19,4,65,21,4,0,25,0,30,6,14,8,83,24,2,6,71,12,8,30,0,4,23,0,11,6,45,60,70,50,23,22,47,10,25,87,1,7,9,59,2,19,2,0,0,14,28,6,3,55,4,85
cell750,70,0,0,12,121,7,1,79,151,17,4,49,7,0,27,0,43,7,36,110,9,10,0,1,0,17,15,7,17,1,119,26,209,49,21,42,78,68,5,14,0,28,6,39,19,11,270,38,6,19,11,26,2,64,39,18,30,0,37,8,95,31,5,2,47,0,28,8,9,3,72,14,1,1,74,15,40,53,0,8,18,14,11,9,36,53,88,44,23,0,46,0,18,111,3,5,4,54,3,15,2,1,0,9,26,7,11,43,3,89
cell751,1,6,0,18,152,21,0,87,0,40,17,77,4,0,22,8,110,0,27,37,4,0,0,0,2,20,1,4,27,0,58,5,84,34,58,137,72,142,9,2,20,66,6,158,64,23,101,39,10,13,5,66,11,52,73,27,22,0,53,15,43,59,12,4,31,1,48,25,23,5,224,11,2,10,32,62,47,52,134,11,32,2,6,9,84,33,29,207,9,1,56,0,21,86,15,6,2,125,0,9,12,0,0,15,33,11,14,2617,7,87
cell752,51,17,2,13,0,10,0,98,154,12,20,114,28,0,100,7,190,18,29,30,11,5,0,0,5,17,0,13,23,2,64,7,81,19,25,251,114,326,20,19,14,72,0,163,50,8,93,60,22,21,11,72,2,25,77,27,40,0,80,30,47,79,14,0,6,6,56,39,23,17,313,14,0,28,22,51,22,42,15,62,64,5,10,0,106,50,222,261,23,16,73,0,32,340,23,8,26,136,0,18,14,1,0,6,44,8,14,429,5,55
cell753,0,8,0,26,0,9,0,93,152,10,3,37,0,0,13,4,66,3,32,57,12,9,0,0,1,14,0,5,9,0,112,20,281,31,21,40,85,92,4,4,3,15,13,61,17,2,35,37,16,3,13,28,2,90,40,11,26,0,22,13,66,3,7,0,1,1,49,10,8,6,106,28,1,2,29,9,29,13,0,8,19,27,4,1,18,50,80,60,26,1,47,0,15,75,8,4,2,67,4,20,1,0,0,13,44,8,7,46,2,93
cell754,0,0,2,18,59,5,0,100,151,9,11,42,4,0,35,5,39,3,48,121,11,0,0,0,0,22,1,8,9,0,136,20,201,65,19,23,75,71,4,8,1,27,10,35,22,5,280,55,10,18,6,17,2,29,29,18,12,0,38,13,103,17,2,0,81,0,46,13,23,10,92,2,3,5,52,19,83,13,1,49,33,12,12,2,33,48,105,48,54,9,39,0,31,75,7,0,8,58,0,21,1,0,2,21,30,4,17,39,7,91
cell755,2,3,1,8,87,22,0,94,1,16,11,117,13,0,34,8,173,9,21,38,5,4,0,0,0,24,0,10,39,2,53,27,93,19,45,193,93,272,21,8,0,68,6,33,45,6,51,71,24,45,4,61,4,138,96,28,31,0,77,17,62,72,5,0,0,2,52,28,15,7,265,34,5,19,43,49,54,60,0,26,39,17,11,2,66,21,226,201,9,5,69,0,23,253,31,6,17,106,4,27,21,1,1,6,57,12,13,239,9,141
cell756,0,20,3,21,221,7,0,59,156,4,1,41,0,0,4,3,41,9,39,115,9,0,0,2,0,22,11,13,14,1,346,4,204,40,26,26,67,93,5,3,3,18,1,39,20,2,332,43,9,17,12,17,1,25,42,7,37,0,14,8,65,19,3,4,11,1,21,16,9,6,102,8,1,3,83,10,18,51,17,11,12,2,10,7,29,30,47,39,44,10,32,0,18,68,4,0,4,56,0,27,1,1,0,4,34,11,15,85,10,81
cell757,1,20,2,4,242,14,2,101,69,21,24,65,12,0,105,13,121,12,27,37,3,3,0,0,11,9,2,9,14,2,29,15,111,21,29,185,96,260,12,4,14,57,11,55,59,0,101,43,33,86,4,61,7,93,71,38,26,0,93,18,37,104,16,0,13,0,27,30,20,16,312,22,5,14,67,46,13,52,0,4,14,32,15,0,72,65,171,185,5,18,47,0,19,226,0,1,10,127,3,19,12,0,0,1,31,9,10,1086,5,129
cell758,0,0,1,5,2,15,0,118,0,24,13,100,5,0,108,49,157,5,22,39,8,0,0,3,0,12,0,12,29,2,72,11,94,42,65,202,101,333,9,7,0,86,5,133,68,6,62,36,14,93,4,71,5,43,93,31,30,26,90,29,78,87,9,1,0,13,64,24,26,11,414,14,16,10,25,38,37,39,4,27,42,21,18,6,74,35,93,185,2,10,73,0,37,210,10,3,14,171,0,17,15,0,0,6,32,8,10,560,12,108
cell759,0,3,1,3,0,7,0,109,167,9,5,48,2,0,40,4,43,11,33,134,11,0,0,0,0,23,1,10,2,0,160,0,169,40,24,35,92,82,5,18,1,30,5,46,20,1,199,72,9,3,7,30,14,40,26,13,31,0,28,10,93,5,2,0,70,0,33,11,14,6,85,2,1,3,29,18,36,73,0,11,8,23,1,3,21,78,107,50,55,0,23,0,19,35,9,9,3,55,1,8,6,1,0,5,34,2,13,86,5,166
cell760,60,2,4,18,0,18,3,64,75,4,7,33,1,0,16,4,29,5,35,91,9,6,0,0,0,8,8,12,6,1,210,20,153,24,13,38,74,64,5,22,13,23,7,60,34,2,0,48,3,2,5,26,1,74,31,13,9,0,22,4,77,33,5,0,0,5,22,8,18,7,64,3,2,5,61,18,2,56,0,14,9,4,8,0,22,49,60,66,12,8,21,0,18,28,0,9,0,45,0,17,1,0,0,10,37,8,8,81,6,96
cell761,0,7,0,10,32,15,0,79,112,2,7,44,3,0,11,0,35,1,33,119,9,5,1,1,3,55,7,8,20,2,207,7,191,36,27,44,68,69,8,10,2,15,9,50,23,5,125,44,7,36,6,22,5,87,28,14,15,0,10,10,66,9,3,0,10,0,39,19,13,5,86,14,1,4,58,24,14,58,1,15,31,9,6,6,17,45,77,66,34,6,24,0,12,46,8,6,8,55,0,9,4,1,0,24,33,13,6,31,9,79
cell762,21,13,1,4,0,23,0,104,174,23,16,110,8,0,143,16,165,14,27,40,3,32,0,1,0,10,0,6,35,2,212,20,166,44,64,116,111,343,14,18,4,74,2,128,19,9,233,66,32,105,14,62,5,42,113,26,95,2,76,16,73,118,13,1,190,0,108,19,17,12,394,25,9,16,47,71,80,34,0,31,90,17,9,37,100,33,232,178,4,15,42,0,46,349,9,4,15,112,0,33,11,3,0,1,33,1,15,453,17,120
cell763,1,3,5,12,15,24,0,107,170,34,25,74,6,0,95,18,252,1,28,40,3,7,0,1,0,21,2,11,49,0,142,19,138,18,63,95,124,305,22,4,0,85,11,167,39,10,176,61,27,76,8,77,1,48,98,47,43,0,88,35,75,107,12,0,20,1,69,27,20,3,476,35,8,13,38,61,28,30,4,27,42,9,6,6,91,62,194,189,17,23,50,0,25,299,7,18,17,170,0,14,19,0,0,12,22,4,17,206,11,108
cell764,29,0,4,22,280,15,0,91,147,10,7,42,2,0,27,6,66,7,30,134,27,1,2,3,0,20,0,6,13,0,238,20,203,79,27,94,79,73,5,3,1,32,11,70,30,0,20,39,17,4,1,8,0,33,38,12,48,0,39,2,123,25,2,0,6,0,46,16,5,6,87,25,3,7,43,36,23,32,0,12,18,6,6,33,29,70,85,101,0,6,30,0,30,48,7,6,6,50,0,24,4,3,2,9,44,2,17,38,11,163
cell765,0,2,0,16,83,9,0,60,46,14,8,32,1,0,15,13,55,8,20,66,4,7,0,4,0,7,6,2,11,0,88,18,126,37,19,71,80,70,8,3,2,31,7,53,22,7,13,70,3,3,7,41,2,83,29,17,24,0,43,8,44,6,3,0,15,2,48,20,4,17,104,14,9,4,34,23,44,50,1,30,27,5,4,3,62,35,70,79,34,19,24,0,32,87,6,8,5,59,1,18,3,0,0,13,28,0,12,212,10,114
cell766,1,4,9,17,290,10,0,87,218,25,12,52,4,0,13,11,56,6,30,89,5,5,1,0,0,4,9,2,25,1,233,3,127,32,25,63,93,124,2,8,0,43,6,91,14,12,166,37,9,14,10,42,0,132,59,24,22,16,48,13,74,19,3,0,34,4,57,19,2,13,129,13,4,3,64,23,14,12,4,11,13,6,9,5,41,60,96,74,29,4,30,0,21,46,2,15,12,62,0,11,3,0,0,12,36,1,7,64,8,97
cell767,0,5,8,20,49,12,2,136,70,11,2,53,2,0,48,5,27,3,36,102,5,0,0,0,0,1,16,4,23,0,63,22,116,42,10,65,79,84,3,3,0,26,3,48,16,6,38,103,4,16,12,30,2,216,35,14,42,0,36,11,62,8,1,9,199,1,15,16,17,1,91,1,2,3,28,35,94,37,2,40,37,21,19,12,43,72,84,82,17,44,41,0,44,50,8,19,12,65,7,5,6,2,0,11,24,11,16,101,1,53
cell768,5,3,3,0,18,17,25,126,180,28,21,52,10,0,121,25,197,7,24,84,8,1,1,0,0,9,1,5,22,1,153,20,184,19,21,117,122,346,25,5,2,75,13,35,51,23,137,50,5,34,8,63,1,118,87,29,6,0,64,22,58,52,20,14,7,17,66,16,15,5,349,13,4,6,100,63,20,45,2,31,35,36,14,3,89,54,135,178,1,14,35,14,29,222,16,2,12,108,10,16,6,0,0,9,25,10,9,394,13,259
cell769,0,0,1,12,1,21,0,117,168,21,17,50,6,0,141,18,166,8,28,40,1,2,0,1,0,32,2,13,51,0,109,0,95,74,47,103,78,428,12,6,0,85,9,176,73,6,27,55,23,10,2,64,4,88,80,31,38,0,79,17,51,92,23,5,49,0,84,24,20,3,349,33,1,7,35,57,35,27,7,33,22,26,17,13,70,28,196,165,12,3,46,0,22,211,6,1,4,165,9,28,9,1,0,8,25,9,4,337,9,178
cell770,1,12,11,25,76,19,0,110,108,4,6,55,0,0,55,13,88,1,37,60,4,1,0,2,2,30,7,7,6,0,53,4,148,10,49,50,91,126,11,22,0,42,7,59,21,3,185,58,20,18,5,43,3,8,68,18,27,12,38,9,46,16,12,0,139,2,37,16,20,8,112,17,0,11,61,32,11,69,0,13,21,9,7,1,38,69,93,80,15,8,42,3,40,105,4,2,10,92,0,11,3,1,0,6,23,5,22,156,5,58
cell771,48,1,5,7,25,19,0,132,211,12,13,77,4,0,72,4,77,12,32,62,10,11,0,0,0,56,3,8,29,0,121,21,153,50,25,131,102,110,5,1,18,43,9,102,34,17,9,30,5,17,2,41,2,164,52,28,34,14,54,11,54,40,2,3,2,1,32,12,13,7,124,6,0,25,53,20,25,12,6,2,38,18,8,1,44,83,102,80,52,4,43,0,16,36,8,7,0,29,4,19,5,1,0,3,35,1,6,32,6,54
cell772,11,0,0,4,72,23,0,114,203,15,17,68,17,0,85,25,137,18,34,171,4,0,0,0,28,21,5,7,14,1,181,5,189,17,33,202,59,248,13,8,5,75,5,146,65,16,277,63,14,32,5,74,1,0,68,59,27,0,60,13,63,37,6,0,164,4,78,28,16,9,272,5,13,13,92,31,39,29,0,47,57,16,9,3,50,49,221,225,13,3,52,2,19,74,17,10,7,118,0,8,3,0,0,4,22,5,13,423,9,206
cell773,5,3,0,15,11,7,5,81,91,18,3,63,5,0,30,17,56,8,24,73,13,3,0,2,0,25,0,8,19,0,88,20,111,42,23,68,69,94,7,7,1,58,0,81,39,1,13,36,17,4,15,36,4,85,43,34,19,12,17,12,41,18,1,0,1,1,33,23,1,6,119,2,3,3,36,23,30,46,0,9,24,16,12,0,62,34,76,82,24,7,23,0,32,101,9,4,17,95,0,15,2,0,5,8,19,7,4,83,5,177
cell774,0,13,0,10,0,11,0,86,138,14,13,66,1,0,49,11,43,4,34,43,2,1,0,3,1,28,8,11,6,0,142,4,131,8,23,79,73,150,6,11,0,50,10,51,25,20,44,40,25,21,5,32,4,29,37,24,41,0,61,5,98,14,5,0,0,0,44,7,11,11,124,36,2,6,40,36,3,44,1,17,24,15,5,9,9,72,90,89,13,12,24,0,29,155,16,6,18,29,1,15,6,0,0,15,26,2,8,68,7,119
cell775,1,2,0,6,117,16,0,71,104,18,5,36,6,0,22,4,43,11,39,62,8,1,0,0,0,29,0,6,14,0,72,1,97,32,28,105,87,62,8,9,0,28,2,60,25,3,140,44,4,13,7,25,4,85,41,10,39,0,26,13,43,9,4,0,86,0,10,11,13,2,87,17,0,7,47,34,17,24,1,2,16,8,12,1,29,40,90,77,27,9,25,4,12,63,12,7,10,60,3,20,3,1,0,21,26,10,16,32,8,108
cell776,0,1,1,10,0,27,4,90,166,31,5,54,10,0,71,17,130,24,28,72,33,21,1,0,0,15,3,9,29,2,89,2,159,18,41,149,97,309,18,5,1,65,2,109,22,7,52,38,19,40,19,71,2,20,77,38,56,0,90,26,59,41,10,0,31,4,57,14,9,5,315,7,1,16,62,48,53,34,2,44,16,17,10,6,39,31,168,140,2,10,55,0,23,264,25,3,14,115,8,38,5,0,0,3,47,15,7,337,4,151
cell777,20,1,1,2,86,19,1,124,124,16,21,26,4,4,21,9,52,3,27,57,13,3,0,1,0,35,6,8,11,1,167,15,102,42,24,103,89,63,4,1,0,43,6,30,56,7,1,47,6,11,4,28,4,108,55,14,30,0,28,5,52,12,5,0,90,0,48,21,9,2,102,18,7,13,46,36,16,77,8,4,19,17,8,5,58,59,69,108,26,2,20,0,23,77,0,2,5,34,1,23,2,1,0,17,23,6,16,83,2,98
cell778,20,3,2,5,0,18,0,97,96,27,36,87,4,0,109,17,291,9,37,87,2,0,0,1,27,12,0,19,29,2,151,40,157,38,48,115,92,270,13,14,5,85,10,206,45,4,127,43,34,7,16,82,10,31,95,44,17,0,75,21,45,124,5,0,53,4,50,31,28,8,389,6,4,14,47,77,54,15,15,7,9,36,7,32,74,23,118,170,9,19,44,9,35,243,8,2,5,141,9,29,2,0,0,5,26,17,10,215,7,136
cell779,0,13,4,6,0,10,0,93,145,14,7,66,9,0,28,12,66,8,42,70,5,10,0,0,0,39,1,13,7,0,59,10,108,25,6,50,99,120,8,13,20,49,2,12,27,8,11,45,8,10,10,29,1,152,67,37,21,9,56,9,76,29,8,2,0,3,25,17,16,0,122,32,9,9,41,25,18,84,0,18,18,8,9,9,39,81,81,96,36,13,29,0,12,184,0,2,10,72,0,26,2,1,0,6,16,5,6,93,8,122
cell780,4,0,2,4,0,3,1,73,126,9,9,29,0,0,37,9,43,2,33,106,7,0,0,0,0,35,23,5,17,1,161,0,119,44,17,63,87,95,3,6,9,57,1,76,23,4,5,54,17,19,15,27,0,85,31,12,20,0,47,7,78,9,0,0,151,4,43,19,17,5,93,19,9,2,57,17,26,39,34,8,10,15,11,4,33,40,73,66,22,9,36,0,13,102,3,1,7,57,0,17,8,0,1,4,34,3,8,52,6,110
cell781,1,14,3,5,242,12,0,75,131,14,11,50,4,0,3,11,35,1,27,60,18,0,0,1,0,35,0,10,21,0,272,11,128,75,42,34,82,81,10,4,3,23,7,79,24,6,195,40,11,17,11,19,1,85,44,14,31,4,37,6,92,7,4,3,7,0,49,14,6,18,91,2,0,6,57,31,11,33,0,7,29,4,12,4,26,36,79,76,0,6,34,0,35,77,5,1,14,44,1,17,9,3,0,7,23,0,10,109,8,188
cell782,6,13,2,21,0,7,0,102,126,23,5,49,0,0,15,4,43,17,33,56,5,6,1,1,0,25,1,11,5,0,164,3,127,17,11,84,62,55,8,6,1,30,4,61,12,1,130,50,11,15,3,20,2,98,39,12,25,0,19,6,78,11,5,18,7,3,40,15,24,14,107,18,6,9,31,29,10,89,2,41,26,8,10,0,46,103,154,101,61,19,29,0,21,105,24,4,0,76,1,27,1,0,3,13,26,6,9,64,7,106
cell783,2,34,8,15,36,11,0,108,152,12,21,50,0,0,27,5,85,13,32,55,8,0,0,0,0,19,1,2,10,0,115,3,104,38,21,78,79,125,6,6,2,37,10,48,30,5,163,48,11,5,5,41,3,34,56,11,26,0,29,10,54,27,8,0,46,1,49,15,1,15,109,23,1,2,63,50,42,6,0,5,11,8,10,24,32,80,90,86,38,10,40,0,23,77,15,10,12,69,0,14,4,0,0,6,26,6,5,74,0,117
cell784,0,5,0,1,0,14,0,90,87,7,17,49,3,0,35,10,59,2,30,115,5,4,0,1,0,12,0,6,23,0,250,15,167,34,12,70,79,120,5,7,2,45,2,78,32,6,184,29,12,11,8,35,4,18,52,16,25,0,20,11,90,12,1,0,69,5,45,13,8,2,130,7,6,3,68,38,38,40,3,6,11,6,9,3,48,55,70,94,10,15,24,0,26,104,3,2,4,62,0,27,2,0,0,8,31,7,5,18,1,176
cell785,0,2,0,9,129,15,8,96,33,12,13,54,1,0,43,6,51,21,32,145,3,0,0,1,0,42,3,8,16,0,157,3,126,59,28,105,75,68,2,6,19,46,6,94,50,10,219,38,21,48,1,30,1,67,53,23,11,0,29,18,46,26,1,0,5,2,53,18,9,9,128,6,2,3,39,39,13,47,35,15,48,7,16,9,31,63,70,113,19,5,39,0,39,82,15,8,10,56,0,19,2,0,0,3,24,3,14,31,6,196
cell786,0,6,0,0,279,27,0,129,153,4,6,53,1,0,15,11,43,8,23,104,11,3,0,1,0,32,15,10,18,0,128,6,181,116,20,113,86,96,8,0,0,41,6,70,50,4,115,22,15,3,9,25,2,57,58,10,33,9,16,12,69,21,7,1,82,0,59,17,3,9,129,12,1,10,57,38,11,107,0,6,25,29,11,0,59,106,85,131,55,23,35,0,21,38,16,12,7,61,1,16,5,0,0,10,20,11,11,73,8,160
cell787,9,0,0,15,23,22,0,86,132,16,11,62,1,0,56,11,47,4,32,62,3,1,0,1,0,8,0,12,17,0,61,8,131,7,15,77,74,101,12,3,2,36,2,26,29,7,2,67,19,85,6,30,0,1,34,18,17,0,44,13,62,26,9,0,0,0,48,21,10,11,124,26,0,6,47,46,35,17,0,9,15,9,9,7,40,18,118,96,9,3,47,0,29,55,7,10,13,78,1,23,2,0,0,7,25,9,15,93,7,109
cell788,2,0,5,15,115,20,0,91,105,11,14,41,1,0,53,9,60,3,30,22,5,1,0,0,0,39,0,9,12,0,79,14,119,44,19,93,100,172,0,9,0,35,1,49,20,3,14,63,13,11,6,33,6,29,51,14,5,0,28,18,74,47,4,0,10,2,49,19,3,5,132,9,18,5,39,27,7,10,4,23,25,10,5,2,44,25,113,101,22,10,36,1,30,136,11,19,16,73,1,13,3,1,0,13,22,12,11,126,11,156
cell789,0,0,8,17,0,36,1,95,147,13,6,52,6,0,39,16,62,18,26,88,6,2,0,0,0,25,0,7,21,2,61,5,109,55,18,63,89,155,7,1,3,36,7,58,55,4,92,53,11,13,4,39,5,104,52,25,24,0,59,18,65,64,9,0,0,2,58,21,8,6,126,8,40,7,11,31,19,44,0,64,30,4,10,3,51,26,95,126,34,3,32,6,42,19,9,7,10,89,0,11,9,0,3,13,25,3,11,202,9,22
cell790,114,22,8,8,432,26,0,119,92,5,12,78,3,0,37,10,73,10,34,58,2,3,2,0,60,22,1,13,28,3,122,4,109,72,41,106,104,74,9,14,0,58,4,97,46,13,183,35,11,18,12,38,0,36,37,25,10,0,41,19,81,23,1,0,90,3,40,20,3,9,186,19,14,3,65,23,20,73,39,5,14,19,18,2,34,73,39,113,3,8,42,0,22,220,6,1,18,65,7,10,3,0,2,9,33,8,16,227,8,115
cell791,29,23,0,15,3,22,22,160,248,40,4,71,5,0,39,4,74,3,40,157,11,0,0,0,40,38,12,5,23,4,325,5,338,38,54,151,134,126,2,2,0,46,4,37,64,18,260,93,10,7,14,48,6,162,74,25,55,17,65,15,63,26,0,0,0,0,82,27,11,12,178,29,13,20,113,58,37,56,18,14,103,14,7,8,45,44,61,244,13,10,66,0,19,334,21,9,2,88,0,4,8,0,0,17,35,12,10,355,2,169
cell792,3,7,1,2,0,23,0,119,192,32,3,82,4,0,90,7,69,7,43,122,20,0,0,0,0,15,10,4,17,2,225,11,326,37,27,146,95,138,10,12,4,81,8,87,64,9,73,95,28,22,2,58,7,2,69,35,51,0,75,16,94,44,8,0,174,5,63,17,17,4,216,0,23,18,40,61,73,25,0,28,52,13,17,14,63,38,195,176,33,5,49,0,50,182,3,4,4,102,0,28,2,0,0,6,37,5,23,347,15,153
cell793,0,2,1,9,3,12,1,73,166,45,13,66,7,0,44,13,101,12,48,51,9,2,0,0,0,1,5,9,48,0,195,8,123,61,30,61,101,234,8,5,2,70,4,39,37,21,87,50,6,47,25,55,7,27,56,29,34,0,86,12,64,42,26,0,22,0,91,13,4,21,264,18,9,20,35,47,42,17,2,21,19,8,11,27,84,46,125,85,4,13,38,0,19,143,16,11,8,69,2,4,7,0,0,21,27,1,2,174,2,123
cell794,13,0,0,9,0,49,2,114,153,38,7,50,0,0,70,17,88,6,50,234,14,1,0,2,78,17,1,4,18,5,157,10,254,44,10,71,97,141,11,6,15,49,3,104,38,6,270,49,16,8,17,40,4,59,45,25,24,0,44,13,56,47,2,0,24,0,38,23,17,3,159,11,0,17,87,46,52,39,0,33,17,18,17,12,23,39,167,213,9,17,53,0,27,169,13,5,12,60,2,14,10,4,0,16,34,10,3,533,4,96
cell795,13,0,5,8,199,18,2,121,164,10,8,73,0,0,21,2,104,20,46,54,12,5,0,0,0,38,1,9,23,4,226,0,248,23,32,140,115,202,6,12,1,59,6,67,40,6,213,35,20,6,7,57,2,105,50,32,43,0,61,23,93,44,6,0,16,9,40,21,5,20,208,2,16,9,77,44,35,27,9,21,45,7,15,3,20,60,191,173,6,8,60,0,25,146,17,7,10,72,3,15,9,0,1,8,34,1,11,90,12,143
cell796,1,0,0,7,269,13,0,101,246,28,13,119,3,0,77,6,127,6,33,141,10,17,0,1,45,22,1,4,19,1,112,18,213,48,19,81,123,226,11,17,3,68,2,155,43,11,229,77,7,30,10,68,1,33,75,42,13,0,74,18,54,5,14,0,0,3,77,12,15,16,226,9,1,6,66,57,35,24,39,10,42,2,5,6,50,48,123,137,4,6,49,0,26,269,3,1,6,102,0,26,1,0,2,11,36,4,6,73,7,276
cell797,35,0,4,12,1,33,0,87,130,25,8,65,3,0,38,2,66,11,25,100,7,2,0,0,0,29,13,9,9,0,139,36,166,50,28,190,49,111,13,4,5,40,2,76,38,4,101,31,4,13,17,48,0,101,51,19,11,0,54,19,73,45,2,0,57,0,45,40,5,10,140,14,0,27,38,47,38,42,5,11,50,8,8,4,49,37,99,167,23,19,43,0,32,34,6,17,2,74,0,18,2,1,0,5,25,4,13,116,8,115
cell798,16,1,1,1,242,20,1,133,127,42,5,90,3,0,78,21,92,10,36,67,10,9,0,0,0,23,9,7,23,3,335,27,256,22,25,132,91,106,5,19,5,76,6,90,62,9,26,77,16,24,1,59,6,12,75,27,34,0,81,16,65,40,8,0,0,1,67,16,5,2,180,1,1,5,74,43,27,46,86,17,35,1,11,0,67,41,126,136,10,39,60,16,30,198,15,0,8,102,15,23,6,4,0,11,28,9,5,456,2,113
cell799,59,17,4,4,0,4,0,82,156,35,15,94,1,0,54,5,75,4,32,90,4,6,0,3,0,55,0,14,10,2,77,3,236,67,10,127,95,166,11,5,16,48,2,60,48,8,218,65,6,18,17,65,11,106,63,40,29,1,65,13,78,18,12,0,104,2,33,10,12,8,138,3,6,22,55,55,49,50,5,21,19,21,9,18,64,5,104,123,4,8,34,0,35,119,11,7,10,69,3,38,3,0,1,4,34,3,11,467,4,77
cell800,0,17,0,4,0,36,0,83,123,17,11,60,8,0,54,5,65,15,31,104,1,6,0,3,0,4,0,6,17,1,189,14,185,82,11,60,74,184,13,11,20,68,1,33,54,8,152,56,19,71,6,45,0,76,40,19,21,0,50,15,63,56,1,0,0,0,46,32,8,2,216,3,2,11,42,38,66,28,0,27,46,9,18,47,30,19,107,169,1,2,61,0,10,155,5,2,6,86,1,10,2,0,0,15,36,11,16,333,5,102
