cell5_type4_1,cell7_type5_2,cell10_type5_3,cell12_type5_3,cell20_type5_3,cell21_type5_2,cell25_type4_1,cell27_type5_3,cell29_type4_1,cell33_type4_1,cell37_type5_3,cell39_type5_2,cell40_type5_3,cell43_type5_2,cell49_type4_1,cell51_type5_2,cell52_type5_3,cell56_type4_1,cell57_type5_2,cell58_type5_2,cell59_type5_2,cell62_type4_1,cell64_type5_3,cell69_type5_3,cell78_type4_1,cell84_type4_1,cell87_type5_3,cell90_type4_1,cell91_type4_1,cell96_type5_2,cell97_type5_3,cell98_type5_2,cell99_type5_2,cell100_type4_1,cell103_type5_3,cell105_type4_1,cell107_type5_2,cell108_type5_3,cell112_type4_1,cell115_type5_3,cell121_type5_2,cell124_type5_2,cell127_type5_2,cell128_type5_2,cell129_type5_2,cell130_type5_3,cell131_type5_3,cell137_type5_2,cell138_type5_3,cell147_type4_1,cell150_type5_2,cell151_type5_3,cell153_type5_3,cell154_type4_1,cell155_type5_2,cell156_type4_1,cell158_type5_3,cell164_type4_1,cell166_type4_1,cell168_type5_2,cell172_type5_2,cell175_type5_3,cell177_type5_3,cell178_type4_1,cell180_type5_2,cell181_type4_1,cell186_type5_2,cell196_type5_3,cell203_type4_1,cell207_type4_1,cell209_type5_2,cell212_type4_1,cell213_type5_2,cell220_type4_1,cell223_type5_2,cell225_type5_2,cell232_type5_3,cell234_type4_1,cell240_type5_3,cell244_type5_3,cell245_type5_3,cell252_type5_2,cell255_type5_3,cell260_type5_2,cell263_type4_1,cell267_type5_3,cell268_type5_2,cell270_type4_1,cell282_type4_1,cell283_type4_1,cell285_type4_1,cell287_type4_1,cell292_type4_1,cell294_type4_1,cell306_type5_2,cell307_type4_1,cell309_type4_1,cell310_type5_2,cell316_type4_1,cell321_type5_2,cell334_type5_3,cell337_type4_1,cell339_type5_3,cell344_type4_1,cell347_type5_2,cell350_type5_2,cell351_type5_3,cell357_type5_3,cell358_type5_2,cell359_type5_3,cell365_type5_3,cell370_type5_2,cell374_type5_2,cell378_type5_2,cell381_type4_1,cell388_type5_2,cell389_type4_1,cell390_type5_3,cell391_type5_2,cell395_type5_2,cell396_type5_3,cell403_type4_5,cell404_type4_1,cell408_type4_1,cell411_type4_5,cell412_type4_1,cell414_type4_5,cell423_type4_1,cell425_type4_1,cell426_type4_5,cell429_type4_5,cell430_type4_5,cell437_type4_1,cell448_type4_5,cell449_type4_5,cell450_type4_5,cell453_type4_1,cell455_type4_5,cell457_type4_5,cell458_type4_1,cell462_type4_1,cell476_type4_5,cell480_type4_1,cell484_type4_5,cell485_type4_5,cell491_type4_5,cell493_type4_5,cell494_type4_5,cell497_type4_1,cell498_type4_5,cell499_type4_5,cell500_type4_5,cell507_type4_5,cell511_type4_5,cell512_type4_5,cell513_type4_5,cell515_type4_1,cell516_type4_5,cell522_type4_5,cell524_type4_5,cell525_type4_5,cell529_type4_5,cell535_type4_1,cell538_type4_5,cell541_type4_1,cell542_type4_5,cell544_type4_5,cell547_type4_5,cell550_type4_5,cell551_type4_1,cell553_type4_5,cell554_type4_5,cell556_type4_5,cell557_type4_1,cell565_type4_1,cell566_type4_1,cell572_type4_5,cell574_type4_5,cell575_type4_5,cell576_type4_1,cell580_type4_1,cell585_type4_5,cell589_type4_5,cell594_type4_5,cell595_type4_5,cell598_type4_1,cell599_type4_5,cell601_type4_5,cell613_type4_5,cell614_type4_1,cell616_type4_1,cell618_type4_1,cell622_type4_5,cell626_type4_5,cell632_type4_5,cell634_type4_5,cell636_type4_5,cell640_type4_1,cell641_type4_5,cell644_type4_1,cell648_type4_1,cell652_type4_1,cell653_type4_1,cell654_type4_5,cell655_type4_5,cell666_type4_1,cell668_type4_5,cell669_type4_1,cell671_type4_1,cell676_type4_5,cell677_type4_1,cell679_type4_5,cell680_type4_1,cell682_type4_1,cell683_type4_1,cell684_type4_5,cell686_type4_5,cell688_type4_5,cell692_type4_1,cell693_type4_5,cell694_type4_5,cell696_type4_5,cell700_type4_5,cell703_type4_5,cell711_type4_5,cell715_type4_5,cell716_type4_5,cell721_type4_5,cell727_type4_1,cell732_type4_5,cell734_type4_5,cell738_type4_1,cell739_type4_5,cell745_type4_1,cell747_type4_1,cell757_type4_5,cell759_type4_5,cell760_type4_1,cell761_type4_5,cell763_type4_5,cell764_type4_5,cell773_type4_5,cell774_type4_5,cell780_type4_5,cell781_type4_5,cell782_type4_1,cell786_type4_5,cell789_type4_1,cell793_type4_1,cell800_type4_5
0,0,0,0,0.00077102945433053,0,0,0,0,0,0.0136190328246777,0.00121761234554124,0,0,0,0.000759460162456516,0.0108326442355054,0.075198696265255,0.000732808555358012,0.00274249403974059,0,0,0,0.00147550233839009,0,0,0.00124122769558056,0,0,0.000338412259245512,0,0.000314682104943555,0,0,0,0,0,0.0255550627500129,0,0.0243270699702523,0,0.0011682681133879,0,0.00188505735948098,0.000202608003372618,0,0.00212568330707164,0.000724429326657282,0.00243813132356922,0.010046409742398,0,0.0174648716919956,0.000939745317516151,0.000369613778593954,0.0134624458638773,0.0175973999903856,0,0,0,0.00186171035140296,0.00023640454524229,0,0.000502506702963105,0.000620362210376301,0.00404981411194294,0,0,0.0107256941134834,0,0,0,0,0.00127690901539549,0,0.000192407211442056,0.000194685441263645,0.00147257861902293,0,0,0.00760921739816611,0,0.0850120255867679,0,0,0,0,0.000165091243000092,0,0.00133320086777869,0.016726806522092,0,0.0273508207260851,0,7.39869417079181e-05,0,0,0,0.0100866924179576,0.0003066370911923,0,0,0.000456910732415201,0.0235596916919294,0.00461437490796401,0.00240171865351397,0,0,0,0,0.000786215678703287,0,0.000169719009645835,0,0,0,0,0.000564612580882465,0,0,0.00178686427051005,0,0,0,0,0.0185534278546007,0,0,0,0.0158130924923956,0.0061782538527944,0.000707826590642835,0,0,0,0.00685392787129081,0.00151704191853597,0,0,0.000701704145024937,0.00233620829508239,0,0,0,0.0406475412457471,0,0.000227418603323223,0.000222815535086118,0.00521442801420303,0,0.000349417038811123,0,0.00202018759747862,0,0.00361677088518606,0.000830914700503359,0.00119977281486349,0,0,0.0024376487289493,0.00135409061523157,0.00419602396774741,0.00542234174817291,0,0.0014096374684012,0,0.000430571869693208,0.00354119543412184,0,0,0,0.00110961571915636,0.00119645720275996,0.000257686637910686,0,0.00251972386432463,0,0,0,0,3.8780155708735e-05,0.00169537450268707,0,0.00681351135456834,0.00103054436064428,0,0.000711638848477978,0.00253039924705919,0,0,1.14403527289475e-05,0,0,0,0.00398842895651144,0,0.00742030546540367,0,0,0.00265910809590962,0.000549230379927143,0,0,0,0.000381376596632543,0,0.0170942839240699,0,0,0,0.00181895952349196,0,0.00111642191226054,0,0,0.000326408105295081,0.00605979596551187,0,0,0.000349015205949971,0,0,0.00118836137845767,0,0,0,0,0,0.131258110391905,0,0,0.00125553859364629,0,0,0,0.00303297375793996,0.00231301000638071,0,0,0,0,0,0,0,0.00287265424933594,0,0,0,0,0,0
0,0,0,0,0,0,0,0,0,0,0,0,0,0.0213992102051289,0,0,6.62196142800513e-05,0,0,0,0.000241592731197699,0,0,0,0,0.00857893169552173,0,0,0,0,0,0,0.00589911495419943,0,0,0,0,0,0.0428197835090449,0,0,0.0155575827374962,0.00109844240578466,0,0,0,0,0,0.00268650045311039,0,0,0,0,0.00414330319226379,0,0,0.00274411030644681,0,0,0,0,0,0,0,0,0,0,0,0,0,0,0,0,0,0,0.0477236255061026,0.0365035355233462,0,0,0.000956819192047041,0.0339776428941112,0.00119829573900327,0.00440251746701281,0,0.0502952254664113,0.00497628453462034,0.000325403269231153,0,0,0,0,0,0,0.0018841824409647,0.0395792441630019,0.121598496455975,0,0.000723640932330666,0,0,0,0,0,0,0.000766497711262749,0,0.000378851275248959,0,0,0,0,0,0.00385726408822849,0.0145470443414742,0.00118952637400402,0,0.00187031921231741,0,0,0,0,0,0,0,0,0,0,0.00224854725253315,0,0.00894222212272344,0.00370446893045623,0,0,0.0143367908345588,0.000110274153061641,0,0,0,0,0,0,0,0.00814202366693799,0.0199838615727341,0.00427509232766939,0,0,0,0.0141970543244658,0,0,0,0.000487327604495365,0,0.0183095814184708,0,0.118791037301244,0.0010342186177013,0,0,0,0.00147936660940825,0.00748641979431505,0,0,0,0,0,0,0,0,0,0.00654235158121823,0,0,0,0,0,0,0,0,0.000877671476356515,0.038458860396596,0.00394775218163817,0,0.00591950479168204,0,0,0.0224764759809683,0,0,0,0,0,0,0,0,0.0466411856856149,0,0,0.0112749537813672,0.135341413272549,0,0,0,0,0.0263693075642883,0.00728205735496574,0,0.00126971323346926,0.00417632495774988,0.000548452183808659,0,0.00115287761889282,0,0,0.000417200113477588,0,0,0,0,0,0.100507582701289,0,0.0227786608322676,0.0129696406847137,0.0263302014702921,0,0.00924381111282721,0,0.0561448566262741,0.0148143509056435,0.0831950417306605,0.0111724619564043,0,0,0,0,0,0.0312932908594076,0,0.00250621839178606,0,0,0,0.00307907733587292,0.0174007458014855,0.0488707509572805,0.00127478099798065,0
0,0,0,0.0609101319311987,0.000252280399222382,0,0.000274897897267068,0.0070250883879518,0.000343229009627231,0,0,0,0.000706471377777666,0.0146172501668505,0,0,0.00517093487423285,0.00494737177144747,0,0,0,0.00188648615205867,0,0,0,0.00191684933522493,0.00210416273066121,0,0.000113463009291216,0.000620515805627989,0,0.000216110165327966,0,0.0353062130585983,0,1.94714828943883e-05,0,0.00221894061923891,0,0,0,0,0,0.000489933413111142,0,0,0,0,0,0.00447927664178333,0.00769940746635969,0.000989981926317364,0.0019067528036636,0.00137966351898331,0,0.000347967207213559,0,0,0.0164600829256189,0.00233073404085334,0.000267422906165707,0.00185411829891648,0,0.0131340262976854,0,0,0.000388275880126069,0.00190009984049777,0.000908057768660535,0.000239653283853544,0,0,0,0.00859705729108767,0,0.00102683819388749,0,0.000118193391882681,0,0,0.000480750325897642,0,0,0.00020903384628975,0,0,0,0.000736555292469017,0.0015617398199481,0.00110906169737029,0,0,0.000535704625143265,0,4.66430784509954e-05,0,0,0,0,0,0.0113396953911277,0,0.000112857949819931,0,0,2.55241036819228e-05,0,0,0,0,0.0101255117682122,0,0,0.00109087938606042,0.00433904440141983,0.000963439830678682,0,5.31748362333567e-05,0,0,0.00432923782411165,0.00500376910762835,0.00935561757274984,0.0007848680801926,0,0,0,0,0,0,0,0,0.00201571989800435,0.0332928132769928,0,7.49223824615611e-05,0,0.00257423190420468,0.00134617672427157,0.00176611756070006,0,0.00074995176563487,0,0,0,0,0,1.26966297385873e-05,0.00495405913867792,0,0,0,0,0,0,0,0,0.00479019169743293,0.00140477357575124,0.00177747041820241,0,0.00342760524300847,0,0,0,0,0.00711720434103566,0.000337529148164387,0,0,0.000358138677675209,0,0,0.00128648962339529,0,0,0.000565099231527938,0,0,0.00973220116805501,0,0.00525730403279032,0.000151651344209356,0,0.00050222808139367,0.00879550196639304,0,0.00258500002486048,0,0,0,0,0,0,0.000987186090879942,0,0,0.000696102173093534,0.00380079895141149,0.0115100291279998,0.00159509773402406,0.0175690888487952,0.0159672029308668,0,0.000342480036729211,0,0.000205042779642361,0,0,0.0107153183901367,0.000544716418779042,0,0.0860063615400667,0.000471335932762914,0,0,0,0.000298482443804939,0.00178767891229415,0,0.000515151122049068,0,0,0,0,0.000597212740003749,0.00146474134938917,0.000611589782391542,2.20408226105847e-05,0.00305029678420279,0.0217301968689206,0.0333575915857083,0,0.0028858628119927,0.0427613690035371,0.00277705717222758,0,0,0,0.00203048769128391,0.0558803246958671,0,0.00107770356124299,0,0.000849902294818777,0,0.000949487010794674,0,0.00139578321667313,0.00158424378971755
0,0,0.00167640988470355,0.0121335598332475,0.0132081629426496,0,0,0.000495938284006487,0,0,0.0393602043897973,0.000545327994841266,0.00305661095425545,0,0,0,0.0294790710616654,0.00536487909531244,0,0.00191359252631196,0,0.000421774665982824,0,0.00171551609609761,0,0,0,0,0,0,0.00127657404332942,0,0,0,0,0.000657485974360841,0,0.00325559250829328,0,0,0,0,0.000771957271805364,0,0,0,0.00501583863103385,0,0.000635170347789602,0.0378474535937914,0,0,0.00336455358483943,0,0.00303800299453834,0,0.00355836262418884,0,0,0.00142953696286276,0,2.66116556414996e-05,0.000822034605970728,0,0.000158661096001319,0.00441172328416336,0,0,0,0,0,0,0,0,0,0,0,0.00110984699218467,0.000810147027772915,0,0.00557939242935465,0,0,0.00025933983953955,0,0,0,0.00211095522689115,0,0,0,0.000598657918210266,0.000131640796624764,0.00482138071403704,0,0.00216222902948557,0,0,0,0.0344841318974818,0,0,0,0,0,0,0.00188151938263229,0.00310397281122411,0,0,0,0,0.000726518656140813,0,0.000829855228890692,0,0,0,0,0,0.0025233398913728,0,0.000448960648000624,0.0181683950952857,0.00173264856961985,0.0101762276991464,0,0.0248623839649212,0,0,9.59216586246768e-05,0.00742879963727189,0,0.00296964032554727,0,0.00172208131394255,0,0.00169449191061626,8.26570850392709e-05,0.00900322517834245,0.000826204269213308,0.000200847526110599,0,0,0.00301080917741084,0,0.00127192698401646,0.000222684519961279,0,0.00265328763184411,0,0,0,8.45712827142185e-05,0.0482362402205975,0,0,0.00226457781914672,0.00256594502406542,0.0352679578049174,0,0.00197207942616226,0,0,0.000593885276694339,0,0,0.0194553017019638,0,0.0332184419850499,0,0.000371890626290127,0.00446359028711971,0,0,0.000608262752001819,0.00247715928909929,0.00235416957723532,0.00369560107098578,0.000806668470518347,0.0133640537092546,0.0108862949733106,0,0,0,7.10991513216442e-05,0,0.00352566124597661,0.00558370957924868,0.000964792479221249,0.00139551253722674,0,0.000449813902968473,0,0.0117331141056623,0.013779019266631,0.00249352404001052,0.00199653253541788,0.0186415670015627,0.000201318534955365,0.00226227963883899,0.00893666010516784,0,0,0.00196640141224052,0.0145053762146782,0,0.0363998787390219,0,0,0,0.0035543913366288,0,0.0011770669905761,0,0,0,0.0024662640171099,0.000873272181749461,0,0,0,0,0.000457124257971614,0,0,0.00399558819573314,0,0,0,0,0.00125129926351444,0,0.0520293245836281,0,0.00307694065292,0.000966666204280833,0,0,0.0284618457242042,0.00521466503677633,0,0.00586101911948711,0,0.000244824238862156,0.0395561571312456,0,0,0,0.0209507295323993
0,0.000101778598805908,0,0,0.000127716097188609,0.00150570696262822,0.010632985711411,0.00228216558494458,0,0.00434337010715,0.0105397486277429,0,0.00162800417997207,0.000110258263737953,0,0,0,0.000480058250606437,0.0108258398284198,0.0371891333316963,0.0056649760633325,0,0.0015648882940842,0.0202553348194154,0,0.00100371933200729,0,0.00245090815032909,0,0.0279686947792714,0.000196262802504009,0.00581219125286078,0,0,0,0,0,0,0,0,0,0.00233044662156367,0.000237718822337354,0.00285322640559405,0.0401699794015422,0.00212847290635235,0,0.00109738992172239,0,0,0,0.0051831084155107,0.014860937054976,0,0.001830468236623,0,0.00190832861568151,0,0,0.00776119341501201,0.00196774459846759,0,0.00540941826480439,0.00125542347586884,0.00914730369713085,0.00335003857108693,0,0.00263406431114106,0,0,0.000262705943633341,0,0.00150297187308985,0,0.0231136357456817,0,0.0482758532684019,0,0.0222864413954128,0.00943599094897768,0,0.00232446109810436,0.00601319213117472,0,0,0.0249160211887308,0.00876424911290688,0.00327847268196534,0,0.0012815514468938,0,0.00035110906405304,0,0,0.0314781845911406,0,0,0.0110071483631399,0,0.00841431166519364,0.0155767421301349,0,0.000471800163023764,0,0.00373451688780136,0.00976839059120032,0.0186611006107636,0,0.00492491779483196,0,0.00817411986045648,0,0,0.00835589720585315,0,0,0,0.000613679948897954,0.00766402951363746,0.0103357017429531,0,0.0138353834339714,0,0,0.00465211047917733,0.000940413563098325,0,0.0127453909085658,0.000544585329310262,0.00741821546422502,0,0.0400879025233347,0.00177335935349267,0.0152825782375806,0,0.00951594095581389,0,0.000578889920340132,0.00575263593032687,0.0142445735847448,0,0,0,0.0297374290880354,0,0.000345826953082028,0,0,0,0.00264965817887115,0.0105994707725797,0.00134251609754316,0.0260233605863898,0,0.0180201607581638,0,0.0146619685461548,0.00127235049211688,0.0141492605638553,0.000279901868815108,0.014117912943444,0.0204725891028088,0,0.0204565020111233,0,0,0.039331756245274,0,0.00522656376425232,0,0.0068712757893573,0.0053312895464935,0.0216469678306004,0,0,0,0.0268477565934162,0.00242969239659283,0,0,0,0.0360928165549183,0.00205251620525179,0.0232958394673984,0.000939600619559785,0,0.0405583281459135,0.0143447022969212,0.0304809846568619,0,0,0.000794293954097124,0,0,0.00180106216854942,0,0,0.00121635547000561,0,0.00458687610218777,0.00936321661492574,0,0.00159885952624483,0.0173143007013507,0.0281703948885811,0,0,0,0.000182790035027405,0.012387854205217,0.00046226960518046,0,0,0,0.00782315178480165,0.0145813850858441,0,0.0221165727505035,0.000191998462306483,0.0063671776809171,0.00199674462696235,0.0149797189618564,0.0183271170144338,0.0139093228473898,0.0707413696051894,0,0,0,0.00857138646338032,0.0122808298564235,0.00320288960685717,0.0308805570269743,0.00507719185164399,0,0.00101945770597996,0,0,0,5.29476028818511e-05,0,0.00205366469736086,0,0.000506071527997747,0.00304933309154239,0.00274625274358887,0.00236792970216012,0.00740591411259477,0,0.0167397573971473,0.00263042352366369
0,0,0.00139990904617426,0.00972865817709614,0,0,0.00587748939408054,0,0,0,0,0,0,0,0.0231512415327555,0.000831963576454703,0.000760267129216809,0.0137469495065095,0,0,0,0.0061624182888004,6.04513229852729e-05,0,0,0.0025525552042983,0.00554878476048594,0,0,0,0,0.000478596936904477,0,0.00338403022625991,0,0.00395233525081724,0.000239924900588354,0,0,0,0.0171378283222294,0,0,0,0.00316480231192499,0,0,1.85903194451578e-05,0,0.0200969823355303,0,0.00103555467520948,0,0,0,0.00111530145034275,0,0,0.00225751336342884,0.0016057614248151,0.00134394062222921,0.00551777808194342,0,0.00325139671091593,0.000159623196144517,0,0,0,0.00480880316891289,0.00187716725469256,0,0,0,0.0245216729490426,0,0,0,0,0.000680556166464095,0,0,0.00482106190694725,0.0134211817281698,0.000246941551076195,0.0389958679912161,0,0,0.0016305472944978,0,0,0,0,0,0,0,0.0218301930241427,0,0,0.000752901417165002,0,0,0.000431136622674394,0,0.00102137734269213,0,0,0,0,5.93113849367724e-06,0,0,0,0,0.000425576717737832,0,0,0,0.00139760960173896,0.00221288540938685,0,0,0,0.0204974302496429,0.00629423413219544,0.0284509882282766,0.0120545124860172,0,0.0067657707654534,0,0,0.000836399688233749,0,0.00128448323478461,0,0,0,0.000432893847628502,0.00470375613821884,0.00193575771521921,0.0084558279850437,0.000559814531324121,0,0.0116952944164254,0,0,0,0.000553808295177089,0,0.0276753543731406,0,0.00107574613706157,0,0,0.00200793245200784,0,0,0.0392260556152947,0,0,0.0027435344001471,0,0.00773668576434303,0.000526560658239498,0,0.0325807631293252,0,0,0,0,0.0184775717775379,0,0,0,0.00105718207618945,0,0.0164933799760846,0.000158571078912923,0,0.00107673569049291,0.000823745143765183,0,0,0.000611981699375324,0.00583724665041003,0,0,0,0,0,0,0,0,0,0.0140520918484473,0.0062157381944973,0.0377669926948326,0,0.0034771539195202,4.80250991789096e-05,0,0,0.000618828220648387,0,0,0.00261859944432867,0,0,0,0.0263775314364149,0,0.00328409191410132,0,0.0257323037564985,0.0065256847316387,0,0,0,0,0.00237337292464298,0,0.000653810718131597,0.00038777086135632,0.000389581719022087,0,0,0,0,0.00209385220591794,0.00495604872235274,0.00899739756357166,0,0,0,0.0134765109378042,0,0.00395450695309329,0,0.00329448406906024,0,0,0,0,0,0,0.00232471036230481,0,0.000727789756765961,0,0,0
0.00164928715016361,0,0.00377513431207851,0.01816180613268,0,0,0.00318720600120464,0.000135008034585042,0.00177142325036093,0.0111191499395006,0,0.00321984060304938,0.00264985414691243,0.000566245368877263,0,0,0,0.00459960250564221,0.00102364944767304,0,0,0,0.021599695714028,0.00865985151071164,0.0237082321272796,0.000266981664062774,0.00773153279193981,0.00354896435824003,0.00437595017204909,0.00489015535935423,0.000887296895295544,9.86914786060337e-05,0,0.00431967406711433,0.00644367361468753,0.000276578309480438,0,0.0158680057827084,0.0903054579940421,0.0209615344131929,0.00807123399959295,0.000360512327999188,0,0.00572626841582449,0,0.0265071374638826,7.65354614793885e-05,0.000563522030457307,0.000896399129069615,0,0.00488450931396708,0.00505202502964325,0,0.00892804831017399,0,0,0,0.000734912965906145,0.00167790527027251,0.00622864446971625,0,0.00146926502843972,0,0,0.00157510092722132,0.00435028051193959,0,0.019354387373909,0,0.00110112809508489,0.000285695532979297,0.000348777170305176,0,0,0,0,0,0.000570943114654137,0,0.000925528562692234,0,0,0,0.00132905820641005,0,0,0,0,0,0.00471457512548411,0.000847103512329713,0,0,6.97382672151017e-05,0.00723670449746442,0,0,0.00729807708859811,3.46347208160118e-05,0,0.00458010440316815,0,0.00158629980463706,0,0,0,0.000694079856539765,0.00115693570015424,0,0,0,0,0,0,0,0.0024941930353304,0.0151096053579744,0,0,0.0018077921316349,0,0,0,0,0,0,0,0,0.000580747665059164,0,0,0,0.00300229315384206,0.00258757439159931,0.00116580145646989,0.000399356693825279,0,0.00306086485589402,0.00147573432479027,0.000197598920327128,0,0.00166341778108278,0,0.0134032475611666,0.000325680496367368,0,0.00196034280434305,0,0,0.0132888121704558,0,0,0,0,0,0,0.00261478915197306,6.81378327830197e-05,0,0.0140131732352096,0,0,0.000543213521387845,0,0,0.031661850167381,0,0.00408848824402658,0,0,0.0145987927922664,0.00400202818236902,0,0,0.000878752289088078,0.000456308910137656,0.00541129492023377,0.0156592129813314,0,0.00254070322558754,0,0,0.00188287501448166,0.00332032977240318,0,0.00254288486373382,0,0.00926091841631547,0.003145330304412,0.00655045273241666,0.0124699882610711,3.77879399104525e-06,0.0025503961974963,0,0,0.000248967865776773,0.000263821840530937,0.00507027824369744,0,0,0.00650088899129631,0,0.00260017723332027,0.0112457077676508,0.00953660886158365,0.00623928250743985,0.0261349075989907,0,0.000453630871326584,0.000411253386045391,0.0163812859402743,0.00448336537948661,0.0183985919319277,0.00188630380370683,0,0.00398124456731765,0,0,0,0.00151133001778813,0,0.0123040320411242,0.00145043878218476,0.00107843700541263,0,0,0.0028388587621255,0.00105711990976199,0.00301416909459517,0,0.00346714883105346,0,0.00478835647787934,0,0.0109287469095924,0.00210305254806388,0,0.000733821861103104,0.00102723176455223,0.00133966389377306,6.30698371765918e-05,0.00226439773549994,0,0.0035742877666889,0.0426959952543051,0.0238074082302028,0.00690156819547982,0.0504731306279849,0.0504908845227638,0.0122566200364617
0,0,0.00627515049447014,0,0,0,0,0.00668443380697572,0,0,0,0,3.32627979107897e-05,0,0.00622814481740251,0,0,0,0,0.00967576589826865,0.00133195064750787,0,0.00103170308339868,0.00222776212457599,0,0.000325977424642643,0.00264385878639986,0,0.00105535164145178,3.007687651247e-05,0.000271064709793846,0,0,0,0,0.000135422974395505,0.00120769916993297,0.0011329559774492,0,0,0.0348522758294297,0.000219079629596515,0.00223368517271376,0.000256258264447864,0.0188672929816552,0.00244311839398355,0,0.00571947168861613,0,0,0.00318876743590129,0.00426165201526037,0.00781720752581335,0.00230350298746159,0.00639613391213803,0,0,0,0.00183130230560107,0.000889844395780216,0.0027808690227634,0.00689811750299232,0.00342652954223984,0,0,0,0.0159181941316479,0,0.00288310162946508,0,0.00429982664219863,0,0.0065580761217174,0.0141925117804561,0,0.00444598264757691,0.007332669536551,0.00114251274031109,0.0111163292957466,0.000942908092827828,0.00355930685954365,0.00987739667906513,0,0.0103118761494032,0.00629643604272298,0,0.0171916315288984,0,0.00191837758903546,0.00521595469962732,0,0,0,0,0.00275278090973954,0.00561158278287498,0.00323601532585454,0.0109503629476644,0,0,0.0104016988221857,0.000874939253939019,0.00865172532929475,0.00481532064606395,0.0224912862651809,0.0120258042123912,0.018459040322187,0.0171935390474128,0.0113865290307025,0.00609030994847668,0.0102258680616364,0.00476617033054547,0.00475389865926225,0.00734216348282364,0.000748475280488793,0.0054344932385459,0,0.018255485795345,0.00484364797373313,0.012387157206365,0,0,0.00298644951011444,0,0.0211302289057091,0.000723778742619532,0.00210793390973692,0.0130450705231015,0.00097079534897758,0.00756885729673575,0,0,0.00810924512529707,0.0294225265393786,0.0176851132864966,0.0128397838018358,0.00959395313155756,0,0,0.000792993351590742,0,0.00391950272040768,0.0153783000490762,0.0143170599422706,0.0105203617294402,0.0107016269311894,0.0380768332671143,0.00632087067617477,0,0.0193082651615889,0.000374189070753616,0.00172056982634126,0.0082386522198087,0.00512223565037717,0.00921755399991735,0,0.000114660214948064,0,0.00897404100503269,0,0,0.0105489689332444,0,0,0,0,0.00253411220330361,0.00372367102498316,0.0123325934643608,0,0.00109478589359782,0.0128073993424215,0.000470546476522339,0.00474053970122509,0,0.00261319726696258,0,0,0.0291195008603873,0.00133283609360185,0.0269114018050149,0.0131781677225166,0.0096160668188067,0.0110696844497577,0,0.00367122454101125,0.000497939918765567,0.00401218166884141,0,0,0.000667806471379301,0.00143832973131265,0,0,0,0,0.00752857601558129,0.012767177396731,0.00185519580642418,0,0.0102518736980447,0.000150231935912314,0.00324734075626775,0,0,0,0.0208659665916951,0,0.00337750253946694,0.0147008784820031,0,0.0343392319244613,0,0.0098265506701085,0,0.0064109543838084,0.000805918636332088,0.00134634437778326,0.00226126294372901,0,0.0247705682192032,0.00863991211396716,0.0196286688655431,0.00170153569281262,0,0.0264409437176886,0.00941764935582167,0.0233007673165616,0.000646447068576097,0.0309282471926349,0.0179638735334341,0.0108317748094971,0.00671114164096618,0.000763950514722728,0.000412775665404808,0,0,0.00291082001840765,0,0.00706589521551186,0.000363957641061982,0.00354493510556445,0.0172571487305205,0.00235202995361102,0,0,0.00975119912142454,0,0.0107614414481262,0.00977147305886506
0.0071280650780848,0,0.00736075668252049,0.00428142834187355,0.000976911673995741,0.00353326608860296,0,0.0270601931313558,0,0,0,0.00291992844398531,0,0,0,0.000817204688308446,0,0,0,0,0.000689561320353412,0,0,0,0.112433160700675,0.000169769166449426,0,0,0.000361577220284398,0.00398798421675574,0.00832349885833236,0,0,0,0.00663842126382096,0,0,0,0,0,0,0.0109115968803116,0.00242679978516911,0,0,0,0.00351507827978477,0,0.00474034255342119,0,0,0.000525620424071871,0.00171952487929043,7.71486047995667e-05,0,0.0287039298374695,0.00138050223218267,0.0319611669945827,0.00654193239914084,0.00207264196354742,0.00157669552514971,0,0,0,0.00846214133216681,0.0076973060978083,0,0.00149877174431006,0.00381078333928027,0,0.00213328601243168,0,0.0013642125461828,0,0.00167688861680667,0.00101659539344867,0.00589033228601678,0,0.00584219226242764,0,0,0,0.0146198426305355,3.01066015937285e-05,0,0,0,0,0,0.00290983723949034,0,0,0.00189183295707479,0,0.00471986963783911,0,0,0.0166585829224887,0,0,0,0.00241776173282983,0.0112032063570785,0,0.0370322650819728,0,0,0.000668502114464401,0.000575629514498346,0,0,0,0,0,0,0,0,0,0,0,0.000420449441974954,0,0,0.000964719801175278,0,0,0,0,0,0.000774913269818989,5.42940357824299e-06,0.0177292101197031,0,0.0250441337955493,0.00797594077683352,0.0020086823676539,0,0.00296955925178318,0,0.000681463529975321,0,0.0227077250746478,0.020722050272733,0.0116655576450409,0,0,0.000909108546543551,0.00401046621359321,0,0,0.000444937747785445,0,0.00372211477383473,0.00907139328884532,0,0,0.0084686656509276,0.00395251221724119,0.00908057073043146,2.24621985139374e-05,0.000903494291502699,0,0.00562231484951992,0.000279099227292438,0,0.00774683452385431,0,0.011601637429286,0.0196376548168733,0.0147027436539501,0.00766098070009899,0.0035683992620206,0.0187858653115084,0,0,0.0872931063577713,0,0,0.00374620180266491,0,0,0,0,0,0,0.00520464080999597,0.0261778372257726,0,0,0.0114791075170749,0,0,0,0,0,0,0,0.0371503529293042,0.00236971129067114,0,0.0169957409059521,0,0.00330262694020124,9.55308694820215e-05,0,0,0.00807805642605665,0,0,0,0,0,0,0.0414415055912188,0,0,0.000996883381509811,0,0.00240621507337093,0.00160523627708786,0,0.0159286777618875,0,0,0,0.00581579793778631,0,0,0,0.0115975206361631,0,0.00863437749709351,0,0,0.00202940978330181,0.0255027490306414,0,0,0.00255840728073557,0.0167598940957845,0.00117635424402749,0.00581258393551458,0.0621474171916314,0.00143364186905093,0,0,0,0.0349475241426528,0,0
0,0,0.000819139458448716,0.0392427422956615,0.00693152322746224,0,0.000687388255410248,0.0021043584089917,0,0,0.00477706659720844,0.00387584595150105,0.0164132070715775,0,0.0190895638473138,0,0.0213169643977663,0.00913700814220556,0,0,0.000501047130447958,0.00648421426630002,0.000410669097472851,0.0169009289101763,0.0155921589824356,0.0066050465103779,0.0421915297946446,0,0.00230514276462466,0.00467368023951803,0.0498100387119949,0.0037372454109454,0,0.0146355615388565,0.00406742031907437,0.00017409320256452,0.000176532771707638,0.00384756008337591,0.0345227108500795,0.0514263812391767,0,0,0,0,0.0024873614486474,0.00434456745583942,0.0120935915765295,0,0.0294803333118176,0,0,0.0163895699774538,0.00636385550941168,0.00481047696850522,0.00619857639213004,0.00118956323708451,0,0.00529905784636491,0.00480628091564037,0.00441759224601601,0.000666953735209372,0.00696775907369991,0.0142538691527245,0.00200741584687697,0.00342372411775277,0,0.00414549399577941,0.00329842207636093,0.00195016349649186,0.00272257169147208,0.00039145532302772,0,0,0,0.00313365458450571,0,0.00245281710019821,0,0.00477480258156213,0,0,0,0,0,0.00102476601398163,0,0,0,0,0,0,0,0.0162608153158856,0,0,0,0,0,0,0.0292757386998949,0,0.00203555964731824,0.0150655614213419,0,0,0.00259793556503416,0.000559117811473359,0.00598421031441511,0.00106114933876737,0,0.000520112740907767,0.000509051315729259,0.0206712903291806,0,0.000751217759048649,0,0,0.000474883326047242,0,0,0.000209642240708725,0,0,0,0,0,0,0,0,0.00815772372202695,3.64915975703844e-05,0.00106201883038788,0.00118729841558742,0,0.00362201230699258,0,0,0.0150666324322996,0.00155227107404711,0.00407362785593971,0,0.00293590037144,0,0,0,0.00501233783207582,0,0,0,0.00207675648203837,0,0,0.0189655724014341,0.00293395141514754,0.00689633012106216,0.0194904657949248,0,0.00622979138509907,0.0114181558972173,0.00568141461393531,0,0.00595518286015741,0,0,0.00673086401231278,0,0,0,0.00523832428256484,0,0.000903671911895393,0.00177485802455888,0.00404207547231349,0,0,0.00128287480684067,0.00093239261745587,0,0.00189514948378488,0,0.00289687457115268,0.0114705050510664,0,0,0.000305178310819477,0,0.00107363045176671,0,0,0,0.00849431430481825,0,0.00585850643804647,0,0.00214217547492575,0.00989263791490786,0,0.00824961822015307,0.00225485288240497,0.00274557089307197,0.043736715793975,0,0,0.00182684761542987,0.000904854534093985,0.007790950266889,0,0,0.00437867192798827,0.0175587451200284,0,0.00977473444074296,0.0206942014539,7.57899112871279e-05,0.0158883010623098,0,0.00568080654647731,0.0008643418210259,0.00972344452501655,0.000977143501619074,0.00749936930041072,0.0113956717432359,0,0,0.0161938926213285,0,0.00833678804994661,0.00176333266022225,0.0537456661659054,0.00845036061659916,0.0118363670620923,0,0.0118495403053538,0.0201142330698222,0.00332528692144129,0.0118770070403618,0.000912092808340811,0,0,0.0104850641173269,0.00815427369612159,0.00452420671992262,0.0005193952639648,0,0,0.00318897205505909,0.00928629637718951,0,0.0626861489431455,0
0.00125377981693146,0,0.00554386845028598,0.000792622328814643,0.0130805198440413,0,0,0,0.0407423379190656,0,0,0,0,0,0.000722860507497921,0,0,0,0.0226891871524187,0.000297908084808192,0.000865559004779965,0,0.00114692633106516,0.000501051655513701,0.0206868501647047,0.000180327406681239,0.00476246714752032,0.000709022876429291,0.000219853513012238,0.000204043604274865,0,0.000521266393912385,0,0,0.00818074321344383,0.000153329425119743,0.00106359162478452,0,0,0.000383543023148749,0,0,0.000800751133609093,0.000925895533793729,0.0190935487727505,0,0,0,0,0,0.0256633845631684,0,0,0.00020582339643266,0,0,0.00352454925129362,0,0.00873962721415378,0.00343514085968842,0,0.00694314851753369,0.000761963576253954,3.99726423770842e-05,0,0.00292408787056986,0.00139631600573769,0.0491952274880607,0,0,0.000348611465660486,0,0,0.140072934933626,0.000199623827304141,0,0.0260175277945084,0.000350150751075242,0,0,0,0,0,0.000962942116556006,0.00144984949769732,0,0.000709385550075786,0,0.00334964564170885,0.000756932783127571,0.00370948149548879,0,0.000239697610563364,0.00304656450227612,0.0119115677403568,0.00122852139371457,0,0,0,0.000354612223880032,0.00494760998415765,0.000749618792807275,0.00126323755182671,0.000361220263189797,0,0,0,0.00207833565295444,0.0146653863296055,0.001084621708232,0.0262091089026404,0,0.00219581266973423,0,0,0.00293563151804498,0.00206354402888672,0.000978186587288796,0,0,0.00306736707410773,0.0121259273144031,0,0,0.00130564559673137,0,0.0101746544003769,0.000761162506035589,0.00141681523037973,0,0,0,0,0.00142137472347469,3.56654112081145e-05,0,0.000774680502953461,0.0702634616501687,0,0,0.00132314469764277,0,0,0.00302276809500061,0.00910281684145261,0.00172173580154154,0.0107532082451335,0,0,0.0015774362239463,0,0.0127212664934324,0.000837517187780369,0,0,0.000531947317496356,0,0.00555436676150937,0.000872793129557821,0,0.0204318814810615,0,0.00400994498648649,0.00562589295680009,0,0,0,0.000567575361470063,0,0,0.06197044785136,0.0117236933155729,0.00021676338389024,0,0.000468676628570754,0,0,0.00652140273726731,0.00615127080784862,0,0,0,0,0,0,0.0118584893577778,0.000135533192045268,6.92869242608242e-05,0,1.60729801875282e-05,0,0,0.00104529453668343,0,0.0199555937624815,0,0.00184342757350903,0,0,0,0,0,0,0.000821441295682461,0.0163338384241407,0.0177456126920152,0.011026880910874,0,0,0.00230052009104642,0,0.00199485553533596,0,0,0,0.020897918028177,0,0,0.000516285466078268,0,0,0.0107124650973862,0,0.0477297031923455,0,0.048410915344148,0.00190466535323248,0,0.00402704175679722,0,0,0,0,0.000130948134066669,0,0.0246800316965852,0,0,0,0.0389128392202325,0.000280057305705943,0,0,0,0.024654264294691,0.00061866719059859,0.00928519134268239,0.00407598971942515,0,7.74874154868518e-05
0.0101153776132266,0.00654425802730134,0.00624296706398527,0,0,0,0,0.000338953532018477,0,0.0106932614943522,0,0.00603938001502835,0,0.00644347441952253,0.00584922743994567,0.0101898602986181,0,0.0017780402530862,0.00332878545477691,0.00249518763162454,0,0.00251294528479544,0.00181426691876763,0.0223914965709634,0,0,0.00442512693503789,0,0,0.0072017799278736,0,0.00363257486670258,0,0,0.0142234997189411,0,0.0279989727126539,0.0184579945937638,0,0.010160886412945,0.0159255473370151,0.00459158997828033,0.008786918413482,0.0111524490824246,0.00265557838682397,0.0161293698509408,0.00733796767692283,0.00705512845769369,0,0,0.0242207245744684,0,0.0196714315357853,0.00177058144142209,0.00622562787585922,0,0,0.00733497896810542,0,0.00612445946960298,0.00938165323213723,0.00325906029072401,0.00493835505751213,0.0054020013296135,0.00557342763690466,0.0374575508264892,0.00653380854470787,0.00651391763500849,0.00158861831519946,0.00261619604157267,0.00677921849747283,0,0.00517337511974084,0,0.0014409223947784,0.00922648403136229,0,0.00110654349683631,0.00327926242858506,0,0.00311311952276944,0.00655154121666561,0.00150221480809973,0.00470107507715382,0,0,0,0,0.00497704960878686,0.00943115427002801,0,0,0.00872804293795769,0,0.0117745729584273,0.000918348545477982,0.0295295386180816,0.0152976565549669,0.000765565153315156,0.01233188044048,0.00381521139787457,0.0058142478234607,0.00421734301073659,0,0.0172300344871076,0.0224673022851148,0.000164795434770408,0.0064971046363995,0.00571613791759183,0.00405540263870862,0.00181980127498634,0,0.0102597531885244,0.00565301661865669,0.00855103252517557,0.00166758079234883,0.00349360420444348,0.0159021325217312,0.00550710637464091,0,0.00288871794310708,0.0131187321447915,0,0,0.00850058680142703,0.000728724758216368,0.00633949507232145,0,0,0.0105863634762957,0.010427733637717,0.0193540028214512,0,0.0250661551015411,0.0315123595091137,0.0126610291898104,0.00718015506569064,0.00649518727762323,0.00626401544763892,0.0115578762942615,0.0111730620739222,0,0.00565992776167503,0.0357881060877352,0.0154382779628412,0.035589240995121,0.00660831363254348,0.0083216048327493,0.00211570820097496,7.32571894139426e-05,0.0128871289920058,0.00401330742185924,0.00541175868865349,0.00424312847047236,0.0162805746312004,0.0115754475870458,0.0295992042184161,0.00039481359306806,0.00862449461195953,0.00522653144697238,0.00717588718054263,0.00111520300166847,0.00652311529479855,0.0109128996048133,0.0335181586353254,0.0179317743755047,0.0214756861419218,0.00708997662645968,0.00398019782645194,0,0.00643580599816061,0.00423445935799642,0.00616899066907296,0,0.0333108077484528,0.011009180145985,0.0164737805984087,0,0.00571583491579685,0.00785028334532454,0.0303472411040888,0.0135377537184628,0,0.00322472111968692,0.00408224642559542,0.0111049969755192,0.00159597408696392,0.0235365464974668,0.00907079518455953,0.00894952821898614,0.00627386554734854,0.0143335059024783,0.00878591360112599,0.02078310822419,0.0193060756725361,0,0.0199529764202976,0.0150525934003702,0.0125835030252784,0.0173070169780147,0.0181179143307577,0.00940857608156076,0.000714161496340262,0.00657832338795817,0.00369312345017289,0.00540974997116694,0.015929438831522,0.00616296931285088,0.0107212145273363,0.00892569774791957,0.00767148838698959,0.00728734911676839,0.0156652707322077,0.00914984555538446,0.00295651575834529,0.0174822632421995,0.00672580395628565,0.00701168715496326,0.00569285015186208,0,0.00693514045817978,0.00450109485085263,0.00589878533207833,0.0241332156461082,0.0155561363642429,0.00834525439073694,0.0027422687061446,0.00301216604881612,0.0380424857644727,0.0159079918759836,0.018746767729299,0.0214531086738659,0.0106008274768192,0.0196774303492232,0,0.0186062665346405,0,0.0117469316911995,0.0173780305949766,0.0225084618002714,0,0.00178740906099437,0.00172198145968783,0.0160162036252793,0.0192378413136114,0.00448215930504415,0.0260500035835213,0.007829935788797,0.0141759994710803,0.00542179414470544
0.0238558489386602,0,0.0197831590004832,0,0.0116988801648133,0.0131988132335288,0.00586839391417443,0.0156851119299799,0,0.0805463532952285,0.0163003502486595,0,0,0.0106517793541604,0.108839067782422,0,0,0,0,0,0,0.0070131638783076,0.0185713828362887,0.00235843236042602,0,0.00362045427291376,0.0495412977220683,0.0150182959194926,0,0.0143322504407093,0.0408904161748974,0,0,0,0.0128606712487814,0,0.00213435313088944,0.000783206204790665,0.00972961709699069,0.00525810597687869,0.0601314856129232,0.0127391054703751,0,0.00237544170898511,0,0.0432199248298536,0,0,0.000280882747022458,0.0146265830975847,0.0414239087054647,0.00395355323726353,0.00720033260727865,0,0,5.15117601915212e-05,0.00167067187553258,0.00119940216736524,0.00108047978915288,0,0,0.00264171827236583,0.000942509108619738,0.000338087483382636,0.00102323442001996,0.00801039287643089,0.00766552386188297,0.00178797349121465,0.0125540723608429,0.00855898272889859,0,0.0169851748524296,0.0108466320085414,0.00275065629458169,0,0.0010189741709488,0,0.000341991019298895,0,0.000278106325730529,0.000884879202114181,0,0,0,0,0.000265271737548372,0.0111003717555288,0,0.0390067283737138,8.24204515292842e-05,0,0.0667345418124819,0.00237546163451417,0.0398448603595573,0.00172356569033906,0,0,0,0.000528666411233779,0,0.000726034278913046,0,0.000772660910989757,0.00103826840609021,0,0.0187366565644367,0.0163565037656371,0.00103564888949672,0,0.00141022284863952,0.00136511230544977,0,0.0191148052531365,0.00287263186032897,0,0.0049304022800976,0.00295363889563679,0,0,0,0,0,0,0.00153652629808371,0.00120709181374385,0,0,0.000203295939468816,0,0.000512797486482679,0,0.0135334633246389,0,0,0.0086313883165289,0.000987291168204463,0,0,0.000187313758036383,0.0151908179359369,0,0.00272150141186421,0,0,0.0012674920192176,0,0,0.000689594940442663,0.00308407511067396,0,0,0.00931345381748758,0.000588713118599121,0,0,0.00124978083292594,0.00256672100935495,0.0015078430847712,0.0393511040414487,0.00240242394193431,0.00715365393448463,0,0.0136339972631993,0.00133043411501074,0,0.0320349672774496,0.0354944229631798,0.000302691960470721,0,0,0,0.00690257903940119,0.0032558936346419,0.0158858101594843,0.00119825686388431,0.0363979573012265,0.0173141804356655,0,0,0,0.000743409843926162,0,0,0,0,0.00180725919619291,0,4.89124694053026e-05,0,0.00293327814103309,0.00681383588045383,0,0,0,0.000994375740543397,0,0,0,0.00814918838344625,0.012497419090516,0.018072431189798,0.00755383751427309,0.00608967697609991,0.00259271884768232,0,0.00108507211805987,0,0.00150359085482511,0,0.00332194418746805,0,0,0.0113532750906632,0,0.00052477287016193,0,0,0,0.000813301448948788,0,0.00201471739779672,0.00249561505586711,0.00198711626284594,0,0,0,0.0404508935875522,0,0.00191693728207438,0,0,0,0,0,0,0,0,0,0,0.0017657749109009,0.000327235364186105,0.00041046440158602,0,0,0,0,0.000732870426419394,0,0.00113944149373046,0
0,0,0.0491601548472784,0,0.000365091394803087,0,0,0,0,0,0,0,0.0576292447520865,0,0.00175747280574375,0,0,8.26811591588463e-05,0,0,0.0228569185577654,0.00121120486571127,0,0,0,0.00068537130488014,0.00452677870001572,0,0.0515531524494262,0,0,0,0,0,0.143449859837068,0.0174133858329871,0.0308968955282531,0.00249043820699381,0,0,0,0,0,0,0.00170683284290633,0,0,0,0.00115695257262428,0,0.023855802122655,0.0174622423398154,0,0,0,0,0,0,0,0.0288643469218623,0.000185332903897755,0.00286141564136252,0,0.00108986073082648,0,0,0,0,0.000486176803590998,0,8.13222927940725e-05,0.126471660567294,0,0,0,0.00124583592998831,0.00119650021734722,0,0,0.00212250748223725,0,0,0,0,0,0,0,0,4.33597586947898e-05,0,0.00904809622930985,0,0,0.0476395755422338,0.00994587245268396,0,0,0,0.000317816081919662,0.0179502437497764,0,0.00100262404119608,0.000456341910902448,0.000431239833999755,0,0,0,0,0,0.00249016133351169,0.0315466363074396,0,0,0,0,0,0,0,0,0,0,0,0,0,0,0,0,0,0.000468932360313153,0,0,0,0,0,0,0,0,0.00321866896382202,0.000433873042919141,0,0,0.00837130426546385,0.0402601530355179,0.0127728947490902,0,0,0.0532420263803704,0,0,0.0278271514182937,0,0.000721589879729465,0.00167424034584771,0.000421236248285195,0.00228591029367693,0,0,0,5.37023906296947e-05,0.000625375833305548,0,0.00544455613861278,0,0.0424540436025332,0,0,0,0,0,0,0,0,0.0525062503343094,0,0,0.00310204493060753,0,0.00412133165813114,0,0.000222582028472127,0,0,0.00520588344593427,0.00267425715155725,0,0,0,0,0,0,0,0,0,0,0,0,0,0,0,0,0,0,0,0,0.0149880076163576,0,0.0202032675122089,0,0.00525011485927242,0,0,0.00301235391316324,0.146475479069881,0,0,0,0.000479340792074922,0.116216402558442,0.00228930676779587,0,0,0,0,0,0.108095169304481,0,8.80963298279595e-05,0,0.000756988005492091,0.00616962732031506,0,0,0,0.00659424875845523,0,0.000299082953464687,0,0,0,0.00129088417194206,0,0,0,0,0.0097436232621133,0,0,0,0,0
0,0,0.000818693299471359,0.052659943013297,0,0.0332018189088404,0.00345647521486155,0,0,0.013866115884393,0.00305028245960694,0.00287987316432513,0.0109948727033396,0,0,0,0.0464419057500764,0,0.0451396350618015,0,0.00227997902725422,0.0100846442936328,0.000620169315930164,0,0,0.000202256861612356,0.0195643601006872,0.0320901574977183,0.00717838385308459,0,0.0419461513356513,0.00356941810148428,6.94445098636793e-05,0,0,0.00351192010547311,0.000288217121645793,0,0.0191131986185418,0.0110816136577764,0.00274769414933781,0,0.00531589055810065,0.00997279160779902,0,0.0142647592307208,0,0.00310654533557402,0.00095511717972754,0,0,0,0.00275452632976545,0,0.00798939544692887,0.0268842750223039,0,0.0068075009373145,0,0.0142929190259129,0.000239374273243932,0,0.00226090294922475,0.00249095683318457,0.000349498736932555,0,0,0,0.0129285525033858,0,0,0.0102723227760486,0.0164718356045191,0,0,0,0.0240437131511087,0,0.000182735487805707,0.00406128350324593,0,0,0.00313331277372444,0.00128797426678316,0,0.00291602506479826,0.0197726774482339,0.122024782358034,0,0,0,0,0.00059569063463036,0.0275617729501023,0.0567950762482824,0.0333723913331184,0.000219723259464297,0.00472886409366379,0.0124366870520662,0,0,0.00278145340504475,0.00139413656972325,0.00840397310041759,0,0,0,0,0,0.00597881844530314,0.0417635972381259,0,0,0.00636414725625011,0,0.00492104442856624,0,0.0232381676702379,0.00802736375131315,0,0.00612629683105576,0.0084421407165624,0,0,0.00170410190429973,0,0,0,0,0.00158631369545592,0.0016625406978591,0,0.00569422614052048,0.00169320078379098,0.0158586744836479,0,0.0117917707558176,0.00396013136062314,0,0,0.000780330028586072,0,0,0.000889795575108499,7.9602373022301e-05,0,0.00703253052019989,0,0,0,0,0,0.00545141866020926,0.00354275405333809,0.00597523959246593,0,0.00852331340090305,0.00154994902744155,0.0428328270224848,0.00273731997681485,0.00168780039709915,0.0258576693315758,0,0.00126152973274822,0.00066852679143905,0,0.00382058375101498,0,0,0,0,0.00263110338101121,0.00497843965792782,0,0,0.00438909137810582,0.0107970213151515,0.000607243697009418,0.000206445979007616,0,0.00659821599372881,0,0.00910790835978145,0.0022418132523293,0,0.00858071102840099,0,0,0.00970529032511002,0,0.00193237819568477,0.00304346610050343,0.00175540979965111,0,0.000772019706358885,0.0247767474377264,0.000139486729794655,0.00511403568376505,0,0,0.00533931556118442,0.0131628047411529,0.00972561297531952,0.00153057507942054,0.0353856075873543,0,0,0.0398186959068862,0,0.00507518799864631,0.0250126766655215,0,0,0.0162821676379352,0,0,0,0,0.00111525609069476,0.0150741482547406,0.00795600775267201,0.00428848383167147,0.0288805288335132,0.0097664278637427,0,0,0.00607284850012082,0.00874798091906147,0.00121295287017879,0.0161520081297632,0,0,0,0.0115963787077141,0.00115545151751043,0.00130146780524613,0.00209048214302536,0,0,0.00218282544333469,0.0229339222445063,0.0175782200928553,0,0,0.00321082997603816,0.023243571675736,0.00819347197022006,0.000861375451692393,0.0073416170703628,0
0.00403259381885413,0,0.000480622957918411,0,0,0.000342764948275867,0.00646619052746656,0.0272243003474404,0.00423806487881384,0,0,0.00270168919879076,0,0,0,0.00175480854019829,0,0,0,0,0,0.00101506578576725,0.000321460288372222,0.000635117728852238,0,0.000775480721917695,0,0,0.00100203738752556,0.000521013520152185,0,0,0.0510137534076263,0.00106042514844557,0.00855944178880984,0.000729630536600072,0,0,0.00291260522234675,0,0,0,0,0.00270459453459263,0,0,0.00242289715187251,0.000135841885346053,0,0,0.0170651538169611,0.00130961868801623,0.00574915844803279,0.00202138277167555,0,0.00696663094763679,0.00281098892267903,0.00629696488151672,0.00117696123392436,0,0.000490669817037721,0,0.0109646847870354,0,0.00387155746881678,0,0,0.00811651671629093,0,0.000392853847666808,0,0.00179959554040108,0.00795771303596887,0,0.00062358993126124,0.000504096115524176,0,0.000589666504523447,0,0.00235492160332238,0,0,0,0.00121688299294031,0,0,0,0.00106067774724268,0,0,0.0792711406755607,0,0.00212906322370183,0,0,0.0494539441443629,0,0,0,0,0.00193110390670647,0,0.000922749676309817,0,0.000683626729648119,0,0,0.00456981647582667,0.00152794537777544,0,0,0,0,0,0.0696082962740575,0.00322165660131432,0,0,0,0,0,0,0,0.00670940465750226,0,0,0,0,0,0,0.00115293322967608,0,0.0848263756366321,0.00296241447898369,0,0,0,0.0069626544680002,0,0.00268366215976492,0,0.00272864564526786,0,0,0.00208220914246018,0,0.00170641061573031,0,0,0,0,0,0,0.000728541438151641,0,0,0,0.00038869425757551,0,0.00318528780057036,0.00157358176054513,0,0.000843261708067486,0.00421543416868617,0.00374251727828395,0.00133343829222622,1.19825568508927e-05,0,0,0,0.00326259340918999,0.00947439427298161,0.000279103456611081,0,0.032341164730159,0,0.00416319327435932,0,0,0.0137010572377952,0,0,0,0.00157609037253962,0,0,0.00515985572448203,0.0014335614236831,0.000799754964147917,0.000574911842842444,0.000463158567478491,0,0.00105309923717912,0,0,0,0.00117328073719929,0,0.00232047499514871,0.00179629112283643,0.00392178990262354,0,0.00183545477333932,0,0,0,0,0.00270575489866655,0,0,0,0.00103764810094261,0,0.0025474531356629,0,0,0.0510953567566866,0.000789513598663932,0,0.000611955911057501,0,0,0,0.0369605322371375,0,0.0390230700045878,0.00772088831335731,0,0.00149192080986106,0,0.000121065816232197,0,0.00580480394408754,0.0013153939490173,0.00359351084933253,0.000206170656719828,0.0350112719448803,0.0016058088352265,0.00079917964882748,0,0,0,0,0.00324804411134417,0.0069642856368196,0.0019126993113307,0.000599978022471672,0.0345330779076396,0.00472193936405596,0
0.0529165072531651,0,0.00764385163901099,0.0431813990935832,0.010246869105811,0,0.0335494317945933,0.0161044151484541,0.0842810335766219,0.141537504955106,0,0,0.0176916579650225,0,0.0837161917175643,0,0.0155071102784046,0.0111134965471673,0,0,0,0.0155876595517184,0,0.0141474221624662,0.0990478756533056,0.0452404030501567,0.00692033627216564,0.0718816773719301,0.0328353625967711,0,0.035128998984225,0.00126661660642955,0,0.0406656287251137,0.0258525808930436,0.0183340566828713,0,0.0134929650526542,0.076668061540711,0,0,0,0,0.00712396822185089,0.00198522519835897,0.0243402608157169,0.00979225099967363,0,0,0.0046076221300123,0,0.00136799826710927,0,0.0475691939137732,0,0.033455968280267,0,0.0172965986241435,0.0111799353633569,0,0,0.00200445737839987,0.018957165766547,0.0125636496083153,0.0076865993879974,0.0502962675584074,0,0.0140827132671363,0.00974200231524271,0.014425722818306,0.000845819598112011,0.00430533005941497,0,0,0.00176224411419717,0,0,0,0,0,0.0030881170210814,0,0,0,0.00962411359762634,0,0.0077915040338608,0,0.00309363376337284,0.00774212708383041,0,0,0,0.00409653627011529,0.000523958821060528,0,0.00693779289183121,0,0,0,0.00029681488691604,0,0,0,0,0,0,0.00356420364586274,0.000856222543146316,0,0.00202567319831459,0,0,0,0,0,0,0,0,0,0,0,0,0,0,0,0,0.00136506462087032,0,0,0.00104898732067239,0,0,0,0,0.000586478591448021,0,0,0.00662729230272092,0,0,0.00035385051983833,0,0,0,0,0,0,0,0,0,0,0,9.05621440979649e-05,0,0,0,0.0131471712208539,0,0,0,0,0,0,0,0,0,0.00133425771688708,0.00270116862244777,0.00838599121162094,0.0126790844474029,0,0,0,0.0182052916151729,0.00379510495793393,0,0,0,0.00746493427312433,0.0324638141610825,0.00361620185143919,0.00473112294881327,0.0043389667553017,0.0223100616514795,0.0174421116922856,0.0195557499978478,0,0,0.0196862613566272,0.0190270301674284,0.0136275231243395,0,0.00501802447817764,0,0.00347959294325328,0.00334042717446775,0.0329678400111797,0.00241693550934696,0.00566137565346477,0.0231161719719799,0.0107930532523022,0.0187997133421047,0.00613282558055742,0,0.00901046984658811,0,0.063868016109272,0.0404512291510539,0,0.0308331539536403,0.000941743310416386,0.0298071407806347,0.012505676282714,0.00484328782932098,0.00858062446767663,0,0.00265144644217493,0.00705598893583559,0,0.013848603619463,0,0.00211003346932935,0.0205714266853103,0.00498601894022025,0.0248543789762633,0.0197974918624793,0.00875702795401258,0.0260603819595395,0.0138879745182924,0.00846378857252642,0.013790504624253,0.000625479379069276,0.0423346091167068,0.0247721026649324,0.0119006700842001,0.00394192232588522,0.0147537404777146,0,0,0.019758917696776,0.0131044496973402,0.00174494919658154,0.0186208890256884,0.014089289221001,0.0485580132603321,0.016693802608776,0.00302491793020191,0.0360028659446961,0.0452874753293751
0,0.0375164044606362,0,0,0.00010347351991242,0.0655690181543317,0,0.0162559566088397,0,0,0,0.0965489880909456,0.00353745535660834,0.0693585703447818,0,0.0650869670423191,0,0,0.0562832583980202,0.0226417090562272,0.0142660756080644,0,0.010059813031108,0,0,0,0,0,0,0.00293556753137671,0,0.0124633413102582,0.0117553079249879,0,0.0421718056861337,0,0.0591780958895462,0,0,0.0178546514090796,0.0571676072648173,0.036246839534779,0.00929234432014038,0.0162632261255531,0,0.071346442252343,0.0658873896562148,0.00150930751804207,0.100086149678246,0,0.0350710862084841,0.104695002171821,0.107101836056326,0,0.00328165971182377,0,0.154826926249078,0,0,0.0582739856429768,0.0423212121865854,0.0393357886773303,0.0492058210931068,0.00129594449203379,0.0130572729072277,0,0.0727220973076846,0.0956571004005087,0,0,0.0336273707245989,0,0.0158375985576137,0,0.0281627746529501,0.0223008312293255,0.115408543488901,0.00129868690823926,0.102844894136189,0.231725182762098,0.201880401835888,0.000886375164634075,0.0777869848939782,0.0238668019987656,0,0.0720272484970746,0.0128519764170755,0,0,0,0,0,0,0,0.0335500903145749,0,0,0.0606764752379159,0,0.0574426487685942,0.105130312137871,0.00320539158920775,0.0750808777770481,0.00070597935352444,0.0654510528946034,0.12200053330957,0.0856996821324117,0.0860506736792226,0.0381311833087464,0.0452544852098365,0.11157586572965,0.12273921336764,0.0964640741668356,0.0993883884599356,0,0.0665603175029776,0,0.0666102323176929,0.0703496133544316,0.0360305935141724,0.0600232517485921,0.0862584184904855,0.00554919017732335,0,0.0323544004558714,0,0.0202552688658867,0,0,0.0800738406022427,0.0733009657477517,0.0762002282383429,0,0.0741963212070225,0.106632272966935,0.0824182504450216,0.0299370512891009,0.0568696212720099,0.0252345793700844,0.0140555977089876,0.0142103010462191,0.0218432080301183,0.000233252099786741,0.0349627212197939,0.0700731601826813,0.0873240557348099,0.0184910270838236,0.11343150030932,0.0169095577546101,0.100152378146536,0.099772588668052,0.0620522210157268,0.0754925417938982,0.0618621387330832,0.0644904230948295,0.0755054011314571,0.0654643032980582,0.169283455538886,0.13661673478573,0.13068237785299,0.107237315989179,0.152205508782052,0.0140664907001874,0.136228559711251,0.0499972267140794,0.0585552195879759,0.104206592340261,0.0957978823535364,0.0646551431811421,0.000460165004642818,0.0851632676965001,0.0774412102963486,0.129454739301702,0.0184300344662232,0.0150611018833689,0,0.107003117304926,0.169154226054154,0.21533300817631,0,0.0355708648398691,0.107833215714973,0.182049564258462,0.139733763393705,0.122788227440987,0,0.0685777812030364,0.175340099984072,0.137286425800727,0,0,0,0.14427850400625,0.161267490639159,0.128184170969642,0.125712192595926,0.133521320711892,0,0.12501808692066,0.0207432129046246,0,0,0.0194120193338581,0.192831923314731,0.0798681475090969,0,0.0688406655596902,0,0,0.122385785946083,0,0.121567270013091,0,0,0.0011543718489612,0.147843519824143,0.130339183857163,0.153594650326112,0.0025767214596095,0.185865265996642,0.17574333876439,0.140530866119665,0.143784082807755,0.106423471546222,0.0811269324503148,0.0984695764071528,0.131669802177868,0.086478313306205,0.0647383974591346,0.0710320595422881,0.0325748882310981,0.0103575556178289,0.0488615187141175,0.0643283503619927,0.0159129137573178,0.0497233748087561,0.0618667996849395,0.0337817194984052,0.00971061693919201,0.0224769576476423,0,0.0372842686687282,0.083828999600985,0.14908793372089,0.0803417775718202,0.0967796723204561,0.0545467212684285,0.0716718510602078,0.0434124977789267,0.0696612536603832
0,0,0,0,0.000911056375557296,0.0037727078802033,0.00695386396526961,0.0164851133808518,0.0459164963938519,0,0,0.00534187247697651,0,0.000967550928875569,0,0.0134129187521074,0.00372526614188404,0,0,0,0.000104084129836342,0.000468306020666853,0,0,0.0153792187455096,0.000390974527307047,0,0.00695763672975312,0,0,0,0.000919213416386175,0.00937940187949294,0,0.00199456268135352,0,0,0.00617149187289758,0,0.00843203571673542,0,0.0169493670880324,0.000461911613961843,0.0678758660527236,0,0.00787835630779202,0.0132076616828014,0.00589248808104249,0.0206074917228697,0,0.00847231238955596,0.0134436434483318,0.00708264654167158,0,0.0210944941603682,0.000930703216495103,0.0150362331896312,0.014370121022577,0,0.00172577734977645,0,0,0.00342279464161407,0,0.00566982682402018,0,0,0.0075899473304541,0,0,0,0,0,0.00145463194508826,0,0.00210723344279595,0.00691295296424838,0,0.0270541229215252,0.00977536934310945,0.00235724399783862,0,0.0032723907195124,0.00749563462599474,0.0018614917054334,0.00173308859259712,0.0112194071312904,0,0.0015571568116936,0,0,0.000529088551177492,0.0112466875809506,0.00117441165449714,0.00370097582352643,0.00313586562872485,0.000671252650796769,0,0.00385354740729098,0.0258759526674148,0.00372289340785965,0,0.0160960737549913,0.0034136377669795,0.00363081201514661,0.00706461186427835,0.00619984837286017,0.0122997507380839,0.000777980714920852,0.00119264177733485,0,0.0066680723210867,0.00779935615092745,0.0128162575057573,0.00378569976397464,0.00166928826708269,0.0940104280366746,0,0.00216357620090359,0.0128163778820759,0.00897605088060226,0.0123778490683923,0,0,0.00241111942184483,0,0,0.000390282931842386,0,0.00542347959967896,0.00770650882383138,0,0,0,0.00767033143108232,0.00552105334731066,0.00530527956757727,0,0,0.00406703270662687,0.00817389778716997,0.00254091421523861,0,0,0.00569188785828067,0.0205339816599112,0,0.00810900995343267,0,0,0.00262072929051848,0.000214609841387138,0,0.00110392502353574,0.00441452233661724,0.00247376327488788,0.007431060554051,0.00821416910463176,0,0.003183443685672,0.00809866208929144,0,2.67187783616454e-05,0,0,0.00992716296447912,0.016352177035054,0,0.0493236493476372,0,0,0.0120310840328185,0.00399984576160577,0,0,0.00265041213032786,0,0.01474102335037,0.030677828945115,0.00221273550388176,0.00397775220318068,0.0196569846949472,0,0.0237872506883709,0.0150564314356842,0.0107000713170093,0.0205788467750908,0.0271222231470664,0,0.00537786357537523,0,0.00109154473950949,0.00213491181320483,0.0222365424528598,0.000533009192898268,0,0.00991318552431093,0,0,0.00739043426319459,0,0,0,0.0119306127886343,0,0.00524644527910023,0,0,0,0.000696651288679864,0,0.00341188589149877,0,3.9008840343325e-05,0.000335902768213513,0,0.00624312490773034,0,0.00320713601350847,0.0290237483041406,0.00435348742063651,0,0,0.0110025736852317,0.0262044080826825,0.00817478030235521,0.00798564441800549,0,0,0,0,0,0.00716980523952511,0.0121378354217608,0,0.0158043109062775,0.00249264480713906,0.0112615766992661,0.0176927629433617,0.00447093773826261,0.0022462951293626,0.0201310141303786,0.0143589833327606,0,0,0.001204600189011,0,0,0,0.0347221264624869
0.0235546932622456,0.0220077612717122,0.0335651227747709,0,0.0301489583446287,0,0.0380868738635354,0,0,0,0.0289731133314261,0.00204195433009486,0,0.0146670899901315,0,0.0090300446957507,0.0309125697181599,0.038161308820865,0.00160831106319236,0,0.0217170961140651,0.0380267095674104,0.0329993438221076,0.00391904494908324,0.0163573865210117,0.0433921787009589,0.0145475944966829,0.0226249370843836,0.0423010850035153,0.00197265864997783,0.0161019858797322,0.0216940828533295,0.00221307614250773,0.0431794211534075,0.0100941999978928,0.0423703039694433,0,0.0177367853207476,0.00300285277796606,0.0061484746562802,0,0.000131949744284661,0.0269774676050444,0,0.00208688623291176,0,0.00771240295960214,0.0262641248502752,0.000749674232245753,0.0396886834176392,0,0.0146063607041961,0,0.00557651117238208,0.0270553352098268,0.0240658701221957,0.00552120220216539,0.0384957461812872,0.0417486001266716,0,0.0316048215194919,0.0309176938308621,0.00974804684764515,0.0386733975058705,0.0204505875675214,0,0.00944471630070596,0.00229887913237051,0.0382271957277471,0.043481573399743,0.019027003067752,0.0368572847190509,0.0112254777595715,0.00961865809627352,0.0129105240064051,0.0218752381324353,0.0106923754954505,0.042845483111695,0.0231679296465718,0.000774690521167232,0.000841235245628724,0.0141060299626775,0.0273758792647083,0.0203788599697014,0.00680925021077689,0.0301416932556294,0.00448189333060476,0,0.00052656272991426,0.00739212960631482,0.00447838802482369,0.0265409193923751,0.0098273419424334,0.0116768275024043,0,0.00420301965045548,0,0.00331327181002576,0.0325315183284686,0,0.0179386768536687,0.0388945507883497,0.0152947279493507,0.0222229105943971,0.00198925077010767,0,0.0237763093671887,0,0.00174927025538839,0.0176224920454542,0,0,0.0142023826872487,0.00516395002989323,0,0.0047134853309554,0.00584507102583393,0.0210433502235784,0,0,0.0104726843795585,0.000200219618742251,0.0138424400385263,0.0412577500632343,0,0.0396931090813556,0.0279783279268716,0.024744062262706,0.0354493984172365,0,0.0114141725881058,0,0,0,0,0.018385208947,0.00995067452894265,0,0.0329706324120147,0.0116760054463626,0.0310085366796492,0.0176749027177317,0.019069928376965,0.00878616453645245,0,0.00177066808443916,0.0012112732142643,0.00881850590503983,0.0397215775702788,0.00450947134549565,0.0146433110337508,0.019159431843079,0.0182935717814927,0.0250450281871279,0,0.0204708247471913,0,0.00734914660053035,0.00426557714959631,0.00603598519981556,0,0.00180865560796251,0.0268635989516675,0,0.00227142449960511,0.00368826196318352,0.00305195546796434,0.0107876424958487,0.0044477340727905,0.0186665028073794,0.00968355325462098,0,0,0,0,0.0151879506832866,0.00387919401494626,0,0,0.0311461101339784,0,0.00599120871629619,0,0.00250409788101335,0.00268373491579999,0.0322589715721728,0.0153909602559193,0.00163190698020219,0.0010467148129477,0.0325802114781073,0.0155907717896809,0.0174580211779939,0.0131249886707964,0,0.00818809497378795,0.00429720241978827,0.00124683486949126,0,0,0.0283514307402619,0.00757282483115042,0.00554324530707186,0.0118917326769123,0.00281357814343207,0.00207020313185564,0.0343577238935826,0.00138411910382569,0.0103882676214079,0,0.0120547162553176,0.0204291463181111,0.00367712987316096,0,0.0237947561911612,0.0346479293235765,0.0120468282077881,0.0163250025905292,0.00485503208536709,0.0346153383848319,0,0.00717212352234901,0.00125149718182224,0,0,0,0.00361117179583947,0,0.00339358903143405,0,0.00970746871079614,0.00792138065437342,0.0205694896569575,0.00198390820697584,0,0.0261352581544912,0.00456674278188081,0.00800999177504852,0,0,0,0.02884963086839,0.00767069400550832,0,0.000985088341969854,0.00119703919714516,0.0128297912710161,0.00983767908245083,0.00911412892324733,0,0.00102114805624035
0,1.4029019085176e-05,0.0120762305019254,0.0101134429179556,0,0,0.0122856632527904,0.0416174192714362,0.0103647071102179,0,0.0104714493625667,0.00241179532801522,0.00561463424450043,0.000565413568277168,0.00223814645741616,0.00535088247130019,0,0,0.014358805538384,0.0701501479323144,0.000160012717072469,0,0,0.0215329026645416,0,0.00565595503771745,0,0.0693639744128388,0,0,3.91988306690049e-05,0,0.00306608374975346,0,0,0.0018367937009866,0,0.00132585133446137,0,0.0002256401177436,0.0198737655005099,0.000737891871761458,0.0261974349771666,0.00327468118093876,0,0,0.000564576526334215,0.0121288534188851,0,0,0,0.00510297645226009,0,0.00148659305302453,0,0.00013560710739084,0,0,0,0.00708407090710067,0,0,0,0.00158380987608834,0,0,0.00212042982576838,0.0134237383816344,0.00583715224570022,0,0.027852320137267,0,0.000247896810471044,0.000685835088455676,0.000969294741074061,0.00146049866382912,0.00146108586941609,0,0.00599185312559689,0,0.000459669898014232,0,0,0,0.0302345157005612,7.2379068553859e-05,0,0,0,0,0.0591981705696428,0,0.0025000600869148,0,0.000411839917920149,0,0,0.00150435700811646,0,0,0.000922015450381249,0.00288343075397117,0.000338201465717214,0.0111651978833064,0,0,0.000310029446715166,0.000616001833722825,0,0.0161567338512058,0.00380389730417708,0,0.00103850575854185,0.00322466075404735,0,0.00986123222715442,0,0,0,0.0512276185598578,0.0095800142768169,0,0,0,0.00328801644077869,0,0,0,0.000950081686105954,0,0,0.00154725777650497,0,0.00177611386110992,0.00285584820313366,0.00370410123621697,0.000150587987024734,0,0,0.000715862136906375,0,0.00481901822877159,0.00322723615117804,0,0.000275997958101845,0,0,0.00113809884026774,0.000343962985705448,0,0,0.00103396991243511,0,0,0,0.000110770623263936,0.00484892599059616,0,0.00101123321361243,0.0140591686961519,0.000662155895111645,0,0,0,0,0.0014648416277003,0,0.000755502010067174,0.00065710272114023,0,0.00184119680739554,0.00842541019913873,0.00158055420848153,0.00140419611817051,0,0,0.00103658410460591,0,0,0,0,0.000461195786455055,0.0012333085313692,0,0,0,0,0.0188060663519713,0,0,0,0.0656760453812351,0,0,0,0.0221275663996192,0.00220087633533964,0.00426696268292465,0,0.00122316883255734,0.000928907675919767,0,0.000162206507186758,0,0.0249294514883548,0,0,0.00690263656542801,0,0.00183375779337727,0.00311128350363692,0.000211162005810023,0,0,0,0,0.0136458559544669,0.00205202224932867,0.0159967966687087,0,0.00540465047333521,0.0024697856617076,0.000129215219995577,0.00472300748911392,0,0,0.000755336160621492,0.0183073752912246,0,0.00175343678495017,0.00293027224126661,0.0153872208396759,0.000183365864884347,0,0,0.000527543767416966,0.00181067867586914,0,0,0.00143084467086141,0.000463440653326308,0.039049876947158,0.000288373438452005,0,0.00458344876966853,0,0.000580988413540169,0,0.00680110042042042,0.00106929562890751
0.00272408243564273,0.0215332450914159,0,0,0,0.0637550851271917,0,0,0.0161470406911966,0,0,0.00879155841524682,0,0.0428801774581539,0,0.0420804953407172,0,0.0029598053458558,0.0660228142168139,0.0712190026175567,0.0358025789631341,4.30703922566233e-05,0.000409919285290702,7.64935082440522e-05,0,0,0,0.0213475442660151,0,0.0538711082198774,0,0.0451071455691539,0.0806030044719271,0,0.0125390592655787,0,0.0744425734868072,0.0114240821223149,0.00566951620046689,0,0.0711769171521471,0.0563711709074417,0.0279238925065717,0.0548257464678852,0.026235856864315,0.00280820524438185,0,0.0180156763735792,0.0125394239619725,0.000823556741250248,0.0359718367232632,0.000399777312267492,0,0.0303630311678037,0.016595028637554,0,0,0.00487166717585672,0,0.0561014839722339,0.0198241454342343,0.00179010998141257,0.00589619209654377,0.0112131804502359,0.0431109733448439,0.0370833597780329,0.0361434249944545,0.000343043262727187,0.00423911759285328,0.00278560660816312,0.0348064504949089,0,0.0574432289687488,0.0216563844657321,0.0452298222790717,0.0292836656451423,0,0.00554855157853491,0,0,0,0.03080364379982,9.15079439204919e-06,0.0328299035120803,0.0312636217632752,0.000308005022675491,0.04900255117453,0.0290360884148118,0.0439233958480705,0.031712669912898,0.00636736696259182,0.0178219663506553,0.026928403466622,0.00295063610678179,0.0475833587136985,0,0.0349217563894544,0.0386650465002955,0.00459596474254615,0.0560224526611142,0.000226922176879907,0,0.00445620190887027,0,0.0350576490263287,0.0272431367386767,0,0.0161933789319238,0.0256303617569259,0.016031473074523,0.0185974821423803,0.0379711125638881,0.0205489023039427,0.0254178959566141,0.0119423680344756,0.0303734297413888,0.020745614285153,0.00745682464493867,0.033028533126808,0.0262742231924542,0.0210977933351605,0.0294694328283071,0.0147254713285009,0.00357551177237305,0.0290570675167103,0.006065850112436,0.0144108414253541,0.00514853428992539,0.00900795206345337,0.0190608164841001,0.029882366587473,0.0268440337543777,0.02931308582909,0.0396755426860463,0.0329421308750671,0.0189761880465511,0.0155141774315611,0.0506951006597662,0.00913152251710689,0.0260535012591597,0.00508672073249176,0.0191111663705963,0,0.0297422462222729,0.0277345996390452,0.00438603730112526,0.0162379952772242,0.0121656872946797,0.00780303860720583,0.0135727702743573,0.0202717279408557,0.0150086977174041,0.00888428633800002,0.00739983452309801,0.0141692736189311,0.00840260774706492,0.0253449962265394,0.0152110135654009,0.0122354096813058,0.0143534257004484,0.0191430945429977,0,0.0172864428964149,0.0082219776022679,0.0106164713820834,0.0132768727695339,0,0,0.0106041322548604,0.0341767177006948,0.00692247902314089,0.0132316048544809,0.0141731441733739,0.035180011932816,0.0235397741136817,0,0.00479347388026139,0.0139154632890898,0,0.0098169466075746,0.0154389345227639,0,0,0,0.000304122950102734,0.00210642895140144,0,0,0,0.000285048298223861,0.0147777910259657,0.00850639708760208,0.00825566231615245,0.00259457245096918,0,0,0.00413957940405442,0.00892510117549788,0,0.00997237102625996,3.77659676098591e-05,0.00361117468825525,0.00944554329662557,0.00646247019345874,0,0.00548855613122458,0,0.0203298804999916,0.0026024732455885,0,0.00202867302948314,0,0,0,0.00445197810610359,0,0,0,0.00141856515628698,0,0,0.00476009319841746,0,0,0.0130492642121245,0,0,0,0.00565374265737497,0,0,0.0014084855816103,0.00534875823004707,0,0.00175684120036915,0.00462061743973357,0.00889260108896677,0,0.0135051027660482,0.00861441091453197,0.00398320533076372,0.00390166865856327,0,0,0.000727232064796577,0,0.00655114242326155,0,0,0.00202225538796006
0,0.0445628101830695,0,0,0,0,0,0,0,0,0,0.00247210768274576,0,0,0.0010215627815642,0,0,0,0,0,3.04412210814509e-05,0,0,0,0,0,0,0.000730382926696369,0,0.000902545336496572,0,0,0.000442151068330414,0,0.0032785378522443,0.00884420053115987,0,0,0,0.001695585330458,0.00413831833198315,0.00520660099160862,0.00142172300703036,0.0260839805464687,0.0420696840511684,0.0053245283956723,0.000953679883321071,0.0237465476456681,0,0,0.00387554218662193,0,0,0.00774680420144136,0.0164497349575173,0,0,0,0,0,0.00291752872851244,0.000217194919957348,0.000549408299598851,0.000250244126968037,0.00134583981405479,0,0,0,9.14234022988833e-05,0.00143773071617929,1.66152958265175e-05,0,0.00251607559367853,0,0,0.00326911614720208,0,0,0,0.00368689944953666,0,5.65389847219403e-06,0,0.0063220697185428,0,0,0.00657204685352069,0.00477002072882902,0,0.00293787082666197,0,0,0,0,0,0,0.00142858618269109,0.00556709493040595,0,0,0,0.0175138763539188,0.00192451385951975,0,0,0.00852968476890182,0,0,0.000734927296082852,0,0.000353979935222511,0,0.000383222691347243,0.00214756426587682,0.00859604124359695,0,0,0,0,0,0,0.00129652986943442,0,0.000732045286912794,0.00117243950983964,0,0,0.0014761291047712,0,0.00194836607046698,0,0.00418766666917496,0,0,0.000453929075551106,0,0.000451026744065183,0.00111855338293262,0,0.00626589701914566,0,0.00272111974248796,0,0,0,0.133881091697453,0,6.82879816676847e-05,0,0.0134833093593533,0,0,0.00108358321660187,0,0,0,0.000389993236020935,0.00502468735099576,0.00419957307266929,0,0.00290273380856997,0,0.000577649103805019,0.0115327771264811,0.00184575897937387,0.00703703061318951,0,0.00411283074789377,0.00334865548799696,0,0.00383362291980145,0,0.00482069869248516,0,0.00271273529729579,0,0.0408049959350428,0,0,0,0,0.00847752012986092,0,0.00397045268969013,0.0042068600207322,0,0.000891461612084503,0.000795701875200846,0,0.00267111902700177,0,0.00406360731596998,0.00426301279793526,0.00279755598021126,0,0,0,0.0185321599035216,0,0,0.000654903451465877,0,0,0,0,0,0.002344867189559,0,0.00195500543248949,0,0,0,0.00876849664191981,0,0,0.000265710877308558,0,0,0.000782021752412496,0.00276520835246316,0.000568772574913947,0,0,0,0,0.00878127284281412,0,0,0.00637508971668764,0,0.00540746368980964,0.00165193782234145,0,0,0.00319578070780434,0.00477227184972477,0,0.00806866694091387,0.00194369617360622,0.00379014758546627,0,0,0.0159214764324679,0,0,0.000681837175249316,0,0.00325022745661136,0,0.000597087368307823
0,0,0,0,0.00278425429167969,0,0,0.0138432176943946,0,0.00959099779741075,0,0.296468932331047,0,0,0.00364511481832002,0,0,0,0.00318633014886345,0,0.0122633481619593,0,0,0,0,0,0,0,0,0,0.0116016081334146,0.000244662051423396,0,0.0112794651255996,0,0.00744569553907483,0,0,0,0.000189336805391682,0,0.00558586916040458,0.0089340005770783,0,0.00640867088775506,0.0313236357291587,0.0400232225147731,0.00280139837720647,0.0247549759800343,0,0,0,0.00220008290802497,0.0228487163545868,0,0,0.031776612862817,0,0,0,0,0,0.0112426838396712,0.00100735969442886,0.0087992381929605,0.0555601867695643,0,0.00624494631911456,0,0.00179553713324294,0.000272493079591889,0,0.00484685858727422,0.0388950177664522,0.13245575836058,0.00120404763681069,0,0.00218775475647337,0,0,0,0,0,0.000802250712846697,0,0,0,0,0,0,0,0.00242743802190815,0,0.0657231839485476,0.00686964102012729,0.0439232930409707,0,0,0,0.000586784077002036,0,0,0,0.000930902306795149,0,0.00976568750572077,0.00487655180323919,0.0148784514021732,0.00397008853360634,0,0,0.00234455703590837,0.000636786022251933,0,0,0,0,0,0.00223979364244698,0.0146728636310078,0.0076059770001017,0,0,0,0.000995201049624306,0,0.00179565422390965,0.0344143060878866,0,0,0,0,0,0,0,0.000809633780005804,0,0.0156621919089032,0.010086010287024,0,0,0.0295927908362172,0,0.00451026955107957,0,0.00390640538296071,0.00319853287099074,0,0,0,0.00878441039721859,0,0,0,0.00323496387791354,0,0,0,0,0,0,0.00308854569532195,0,0,0,0,0.00377889402905066,0,0.00129281252801865,0,0,0,0.0547030419889666,0.0159126238310569,0.00172109035498443,0.00862530364795275,0,0.01665062194638,0,0,0,0,0,0,0,0.0127146938863055,0.00103892464831496,0.0154742709777459,0.00477901166344579,0,0,0.0234998436718994,0,0,0.0245260638736888,0.00147087691497574,0,0,0,0.00650528033804624,0,0.00323206888741696,0.0259619217802157,0.00175861276360324,0.0777537561709811,0,0,0.000820368349253781,0.0315659896575337,0.00509117742735541,0,0.0155128773722949,0,0,0,0,0,0,0,0,0,0,0,0,0,0,0,0,0.00086233800804737,0,0,0,0.032071477290337,0,0,0.00133959543136348,0,0,0,0.017579468489117,0,0,0.007790453436837,0.00829941714971901,0.0137028752381449,0,0,0.0347758259363689,0,0
0,0.00410749159071563,0,0.00281746510579083,0,0.0164934681426222,0.000260576884857891,0,0,0.0267309240591886,0.000218890852572545,0,0,0.00281031749709807,0.00239474957249087,0.00155105360351769,0,0.00112179472921269,0.000978461944308592,0.00300015526399201,0.00231518434709139,0,0.00109648413346224,0,0,2.35515113075811e-05,0.000430682740097655,0,0.0116541651256967,0,0,0.00364317107746684,0,0.00744916672798822,0,0,0,0,0,0.0102398353669633,0,0,0.000442290933614989,0,0,0,0,0,0.0018432336394857,0,0.00856773006311602,0,0.0183266789661582,0,0,0,0.0040499211443258,0,0,0.010527574225694,0,4.82579942930158e-05,0.0114478971320704,0,0.010414870691013,0,0.0057640258088895,0,0.00258784634734299,0.0220871044390594,0,0,0,0,0.00433945032783097,0,0.0223750321023256,0,0.0146015568233696,0.000609906019363244,0,0.00195353515331458,0.00201986987960041,0.000140668003134733,0.0807989949222339,0,0.0111926095412136,0,0,0.000312245089588335,0.00112283263676888,0,0.00968544565100347,0.00535146462369956,0.00551325588864089,0.00269042375326205,0,0.00803287554034547,0.00121122789310022,0.0127987102110072,0.00846232569911274,0.00137070116196807,0.00109109805543056,0.00222933036288215,0,0,0,0.0103789327887325,0,0.00734246804398643,0,0.00176405728906728,0.000560158316453749,0.0170205370712094,0.00106816450332011,0.00359275001694456,0.00258752035338973,0.00106917927312549,0.0015750239053476,0.000739404603708937,0.0040490991057793,0,0.00341416225614793,0,0,0,0.00480517744689786,6.63099988773903e-05,0.00164519592304452,0,0.00019768334713453,0,0,0.0171441330167281,0,0.00677033688884191,0.000752397141838313,0.00156171252322727,7.03471575977096e-05,0.00251045204998201,0.0003746753815033,0.00776605997045261,0.00194092677230841,0,0.0101330509398644,0,0,0.0114201450032453,0,0,0,0,0.00511775706926969,0.00178620885740649,0.00661402106573725,0,0.00182185035255634,0.00838982237816872,0.0086359395542729,0.00118289842473352,0.00780343612210667,0,0.000164468563659647,0,0,0,0,2.64151351173254e-05,0.0200728288443616,0,0,0.00123161333974228,0.0401170386365591,0,0.0065869175662141,0.00313665973484706,0.00284944681870217,0.00222943108663718,0.00395730643884352,0,0.00443215524353256,0,0.000472651087543159,0,0.00875060088733011,0.00405276970128675,0.000325159923346054,0,0,0,0.00106585521296564,0,0,0,0.000883985511812692,0,0.00292853532912293,0.0242613910319731,0,0,0.00541443212004177,0,0.00745729189096041,0,0.0453310457796612,0.000410455487763676,0,0,0.00477988187836926,0.00054728835945417,0.0104632743462337,0.0280476994449143,0,0,0.00434143399216655,0,0.00248644398861141,0.0102635778061268,0,0.00484203850361903,0,0.00132150417737987,0.0019010893834399,0.0168484036020539,0.0404609866500489,0.0411207871501324,0.00295184495418286,0.00310238881280217,0.0398076726256712,0.00148582766119865,0.00601931113157248,0,0,0,0,0.0023095144777115,0,0.0249160620702416,0,0.00209829055989753,0,0.0111730248271894,0,0.00036340073210824,0.00646896596231024,0,0,0,0,0
0,0,0,0.00602232316558713,0,0,0.00029054304170649,0,0,0,0,0,0.000478905387787182,0,0.00864512906342844,0,0,0,0,0,0,0,0,0.000104846083854475,0,0.00112105605972531,0,0,0,0,0,0,0,0,2.66618426842103e-05,0,0.000291010005257485,0,0,0,0,0,0,0,0,0,0,0,0.00155838408071011,0,0,0,0,0,0,0,0,0,0,0,0.000750116335185219,0,0,0.0014673496079651,0,0,0,0,0,0,0,0,0,0,0.000255413440311628,0,0,0,0.000305746982422745,0.000577077132702342,0,0,0,0,0,0,0,0,0.000398150988910164,0,0,0,0.0013159086763969,0,0,0,0,0,0,0,0,0,0.00126739437072493,0,0.00111108681053325,0,0,0,0,0,0,0,0.00082279028491084,0,0,0,0,0,0,0,0.00103567675584079,0,0,0,0,0,0,0,0.000116933860286765,0,0,0,0,0,0.00081151071817914,0,0,0,0,0.000975660423737057,0,0,0,0,0,0,0,0,0,0,0.000552592918456903,0,0.00111661996839106,0,0,0,0,0,0,0.000973877051843834,0,0,0.000341220367803058,0.00120584723696723,0,0.00107290394990735,0,0,0,0,0.00473755785528449,0,0.00573221824077395,0,0,0.000840201024402698,0,0,0.00463977716759491,0,0.00114955956884986,0,0.00190022670664435,0,0.00142836600790749,0,0.00325481542898145,0,0,0,0.000670839384011317,0,0.00241446181078808,0,0,0,0,0,0,0,0,0,0,0.00144975717474176,0,0,0.166806286662235,0.000305352187556607,0,0.000841218835653553,0.000711959178892612,0,0,0,0,0,0.000336038349661196,0.00158995268798282,0.000652420690496374,0,0.00472920377237991,0.00169414755503228,0,0,0.00121845655260158,0,0,0,0,0,0,0,0,0,0,0,0.00103320128558898,5.46198560900038e-05,7.68058543758024e-05,0,0.00222969513834014,0,0,0.000913348518395021,0,0,0.00262150253105671,0.00150550894245046,0,0.00139449872280635
0.00697873309183572,0.00216519818869805,0,0,0.00735635965302827,0,0.0183666167796384,0,0.022342542645421,0.0179005746114033,0,0,0.0200738036080878,0,0.0101071704827718,0.0105864385307642,0.000989755562438615,0.00187345285694969,0.00704775488013013,0.0052587266825642,0.0048076887393212,0.00198236031868232,0,0,0,0,0,0.0094031365842676,0,0.0173195395337,0,0,0.00161429000434595,0.00133369505699787,0,0.00466230098842377,0,0,0.0255789094189133,0.0143439403613451,0,0.00277133884266786,0,0.0255641745393601,0,0.00709206766552384,0.0118428723224346,0,0.0106257699629753,0.00280501698448481,0,0.00142868073560837,0.0134157240973824,0.0149784504343465,0.00437575778804475,0.0242319167804712,0.00270036958484765,0.00443287892417993,0.00412567227795384,0.000192158636572956,4.68875316685873e-05,0.00130238034553156,0.00043963309636939,0.000767867546817464,0,0.0395433428548766,0.00654472461863192,0,0.001912031334396,0,0,0.0109714880215518,0.00617512321439846,0.0241520930491417,0.0045636591069011,0.000780246903724386,0.0122701858771317,0.00321411786545093,0.000887136560816213,0.0107339460013283,0,0,0,0.00754128633001255,0.00912519230337078,0,0.00462532976652842,0.0400549457987954,0.0370098441879624,0.0299120680389718,0.037425311962315,0.012961380398076,0.0427296859311213,0.0255665731876904,0.00262651306450004,0.0416494650960379,0.0339536310438458,0.000681806569409714,0.0183319482534179,0.00561398821718753,0,0.0152588975234754,0.00122198180260036,0.0274321306400657,0,0.0101183579487871,0,0,0.00305509419396283,0,0.00786245484721503,0,0,0,0.0400752952323047,0,0.0499208457246159,0,0,0,0.000120913968207978,0.00296984348913596,0.0240608939779278,0.00616334699620167,0,0.00689548845047406,0,0.0103455520688454,0.00842737190591027,0,0.00517239935992407,0.0166819862539799,0.0318144746126076,0.00157991087482674,0.0121672375343759,0,0.0194374969196166,0,0.00158556502776711,0.0351537522744076,0.00693042172993759,0.00716868033378093,0.0354844606360798,0.00776654335252374,0.0152374954002357,0,0.000266330420583028,0.00406551987809077,0,0.00152176277257062,0,0.004841443572151,0.00435668744527507,0.00224217819823114,0.00414400344842176,0.0156791921614778,0.0100365540238484,0,0.00185123314375413,0.00797897037723502,0,0.0109890973545946,0.00597703183242868,0.00390453497780769,0.0300959665347922,0,0.0078378762346521,0.00181899274282087,0,0.00865954945368701,0,0,0,0.00551060390835647,0.010117952534054,0.0175620288341195,0.00639401236573561,0,0.00234734770853316,0.00233208946861939,0.014309998354676,0.000633645641020086,0.000887791721956966,0,0.0241619438255652,0.00641364126264866,0,0.00659721580106026,0.000868735601838563,0.00339569275102426,0.0106253283994637,0.00098465217017152,0,0.0028863548419482,0.00513400708282941,0.008914767895419,0.0015388403203316,0.0151595144893919,0.0115815207377931,0.00218439777883886,0.0233291808747866,0.0239971625273678,0.00394416637240555,0.00502995805630542,0,0,0,0.0417255482869786,0.0120851676439535,0.00179382887526049,0.0203802185425044,0,0.0526491738077776,0.00561788591756307,0.00553488223571778,0.00373780846357485,0,0.00240359997060463,0.000777958573272979,0,0,0.00810699363950911,0,0.0110524624731998,0,0,0.0111507231222871,0.011971757164555,0,0.00880135561479775,0.00368474835049271,0,0.00746503010686513,0.00749618754993628,0.000701152243487721,0.00218936534222092,0.00309412879564251,0,0,0.000102797747919017,0.00445393247207544,0,0.00777098166978657,0,0,0,0,0,0,0
0,0.0116296775600495,0.000837216358894403,0.00537780076501185,0,0.0214055754952656,0.00463030452429242,0.0139464672083711,0,0,0.005827714659372,0.0213312843328196,0,0.0156737476988098,0.0141894746289299,0.00676614406166582,0,0,0.0222875520894302,0.0222299129533708,0.00495100155821154,0,0,0.00416640195965326,0,0,0,0,0.00437908094460797,0.00596973679963458,0.0148163843705279,0.000829129970721432,0.0147383986787891,0,0,0,0.043161870540172,0,0,0.0149816741734253,0,0.00972672657354348,0.000715331036780985,0,0.00300408728372878,0,0,0.00214827657558617,0.0041279717823723,0,0.0373479996961243,0.0340348439548078,0.0337862796252128,0,0,0,0.0150018129163042,0.00822393301444408,0,0.0129364311659931,0,0,0.00355445511645,0,0.00297570190724943,0,0.011183763539716,0.0183003071924519,0,0.00674715223846807,0.00129452365381881,0,0.00349908835535136,0.0167630486779092,0.00511215195701131,0,0.0166395131129273,0,0.00883678849146522,0,0.0279133840027669,0.0013284357034934,0.0102659728290659,0.001008406215242,0,0.000922829667155235,0.0038964352473118,0.000218668652301071,0.00723159295018455,0.00207447419633057,0.000667682730672003,0,0,0,0.0103320729097671,0.00244853625572932,0.0141869894474422,0.00719375876585619,0,0.00302329987921031,0.00730365150264167,0,0.0127783282748444,0,0.0222620564611667,0.00250937109738809,0,0.00969107808140407,0.00385713239409835,0.00468651235925989,0.0128122436205859,0.00066310735654738,0.0109282291534857,0.00742036843290836,0,0.00851007119255953,0.00326182171875266,0.00867661228723442,0.00895450973303848,0.0130456013765203,0,0.00550093431135661,0.0183768487087098,0,0.0038595349309569,0,0.00253358019322277,0,0,0,0,0.00223004015224174,0.000227292377332164,0.0215474537680416,0.00975829823655151,0.000783389496056764,0,0.0151423826496748,0.00861212204874369,0.00132507179486764,0,0.00127177099931798,0.00655457594753039,0.00154120823421784,0.00762492363581828,0,0.00387500880111079,0,0,0.0195102964641099,0.00425935629543399,4.04427363561949e-05,0.00242610313881109,0.0121323072928383,0.00761471706532368,0.017116876843792,0,0,0.031806221919106,0.0363529659366396,0.0643120038550491,0.00877298553085025,0,0.00333390042547367,0.00132233422561275,0.0456879839280063,0.00146751285775671,0.0142553930836082,0.0127392711214564,0.00295222896516513,0.0551833646515143,0.00777662311328852,0.000480807122395255,0.0280970583361174,0,0,0.0186862532391386,0.04498203451249,0.00299042724381472,0,0.0141399590645951,0.019019012611969,0.0161919511714513,0.0301673825018,0,0.00766336426389762,0.0131725244297726,0.000318190135480366,0.0228490364173385,0,0,0,0.0325590929684863,0.0461275626533193,0,0.0220220403274511,0.00188025624585687,0,0.020833895070987,0,0.00737531739155594,0,0.00667298596757104,0.000337249368697704,0.0583589116791014,0,0.0247559428753911,0.0318333892712661,0.0123023835160754,0.0127219285132524,0,0.0331836647617765,0,0,0.00429040140931868,0.0101183119843063,0.00649702643106919,0.0139759965255726,0,0.0436513382161713,0.0220009055237858,0.0308035000069966,0.038208472619299,0.0255321433928212,0.0196511500606082,0.000278942993306815,0.00718835698609087,0.0334676667111574,0,0.0105680283094499,0,0.00891901799944135,0.00344225985191765,0.0142035315864958,0,0.000250190097406115,0.0141916556790273,0,1.62991909011685e-05,0.00968093626765052,0.0554404092496346,0.00890999430682768,0,0.0385964074545721,0.0271342385472774,0,0.0172721960676807,0.0288591424951277,0,0.0134629532471803
0.0191022415145955,0,0.00243593425640986,0.00671028632266183,0,0,0.00870771673021211,0,0.0272290818277532,0.0837920757404752,0,0,0.00552264606415803,0,0.0179475832847306,0,0,0.00119764907968573,0,0,0,0.0157810894632316,0,0.0018121119115106,0.0166991309841513,0.00209039595553466,0,0.00957762789175217,0.00364716977507315,0,0,0.0106495759754768,0,0,0.00465635169240595,0,0.0178500718769168,0,0,0,0.0104797637460774,0.00457125719411489,0.00488084593217331,0.00432813759219327,0,0,0.00198621273966524,0.00691654421600241,0,0,0,0.00272694382832765,0,0.0377399675315555,0.000420398269415666,0.0114727304842978,0.00596278643209067,0.0233255916020928,0.00779314199917568,0.016837154563441,0.0194653997884195,0,0,0.00435042707721887,0.00313480357792751,0.0367445696480946,0.00917037135766608,0.00297805708810932,0.00662070724241935,0.00380423958917068,0,0.00452901462674856,0,0.00143344578926987,0,0,0,0.00240804897652073,0,0,0,0.00404274541367642,0,0,0.018955640159759,0,0,0.00118608387912303,0.0177126112677286,0.0065972432015587,0,0.00216063166539737,0,0.00126639372351373,0,0,0.00119491873333715,0.0209919164553191,0,0.0087444859650495,0.00517689610999029,0,0.00112691805491708,0.00160578330855848,0.0113349839677476,0,0.00344230977236731,0.00246873888910178,0.00210025674427053,0,0,0.031318827240718,0.00771086819140462,0.0100658141884241,0.0114983674092743,0.00721038622347648,0.0162981203827396,0.00295044315437247,0,0.006429247252327,0.0101064437694998,0.00204676541637979,0,0,0,0,0.0100706819091826,0,0,0.0126346044432662,0.00544845923203932,0.000814616835067713,0,0.0325354268693606,0,0.000607026881807908,0,0,0.00397070124825479,0,0,0.00254642966216526,0.00094672828533917,0,0.0127345035267514,0.00529516994298448,0.0073888117593033,0,0,0.00393008289303117,0.00443992560546706,0,0,0.000774036321497585,0,0,0.0410956991880358,0.00284815104086548,0.0144486411304384,0.000386740138779704,0.022564941175775,0.0134357848492945,0.013655049879621,0.00380337705602118,0.00542835041956879,0.0294643145766708,0.0083666869788856,0.00758939467147543,0.01705632457353,0,0.0157628920449948,0.00237853641248796,0.0090334864287033,0.0570975118243392,0.0218260960275493,0,0.0108226823531877,0.0036997524532094,0.0237441958963742,0.00318780404169089,0.0150784514150056,0.0146802705966758,0.00690501100323668,0.00980708231260497,0.0090813415230976,0.00842666784025279,0.0272379678946568,0.0146270026362039,0.00340748805665986,0.00285788742546286,0.0197137730883799,0,0.00363089989120361,0.00531885340379088,0,0,0.01493710810481,0.0115957897046874,0,0.0255038369562955,0.0305482706181567,0.0114632887319759,0.0155567694508382,0.000522183333793272,0.00901341308303892,0.00301390173341657,0.00491159614108564,0.0209875768943554,0.0269467836839042,0,0.00749151222746427,0.00093472833862934,0.0337699751301943,0.0121202799071765,0.0115957012350697,0.00760536027394348,0.00107140678125138,0.00495675759252946,0.0102421129843642,0.00732847575888227,0.0137030005017157,0,0,0.00122807894638996,0,0,0,0,0,0,0,0.00658371816994546,0.00137738909595316,0.00207846518527597,0.0104139727605244,0,0,0.0243262432863501,0.00340854170903627,0,0,0.000261434716274693,0.00120594168881643,0,0.00236198264082957,0,0,0,0.00675784893147631,0
0.00765989943455028,0,0,0,0.00320142577020571,0,0,0,0.00884433316319496,0,0,0.000145912070247363,0.0286703115684827,0,0,0,0,0,0,0,0,0,0.00406962095827976,0.00599219436944747,0,0,0.0196368494910228,0,0,0,0.0117101174356973,0.00179948608790739,0,0,0.00500525532027019,0,0,0.00996426600660658,0,0.0157517928458504,0,0,0,0,0,0.00273572791972772,0.0108635872463915,0,0,0,0,0.0072383371193762,0.0120829599673342,0.00330008634915561,0.000236038118653295,0,5.86187449122208e-05,0.0037208645076537,0,0.000353700658354589,0,0.00390128115048116,0.0135291041393176,0.00147127408451564,0.00492913141888283,0,0,0.00330894538711577,0,0.00173807212013323,0,0.000495018092082643,0.00643278630440502,0,0,0.000415757183086963,0,0,0,0.00082029191276114,0,0,0,0,0,0,0,0.00104018757468379,0.00645287571266176,0.000378989853905347,0,0.000123997812155459,0.0141394299293645,0,0,0,0.0211359055737682,0,0,0,0,0.00102307218370331,0.000749584024155055,0.00640594604969627,0,0,0.0024444303331353,0,0.00328096284312034,0,0,0.00103498327998185,0,0.00227448052483346,0.0110666829167647,0.000656611284256794,0.00605939807238465,0,0,0,0.0011413823261662,0,0.00341194417940407,0,0,0,0,0,0,0,0,0,0,0.00643097673944582,0.0116966301128121,0,0,0,0.00202090378867057,0.00662507570680816,0,0.0110071971975065,0,0,0,0,0,0,0,0,0,0.000686925200168584,0,0,0,0.00184053802841117,0,0.0121323604959915,0.0129406199105226,0.017709845517354,0.0195607293308471,0.00800433447438791,0.00616921090250434,0,0,0.0145032048042581,0.00783607440163005,0.00400638052385682,0.0104381056014379,0.01574413664892,0.0419545885223102,0.035520442899992,0.00721552621490974,0.00954227066442411,0.0137723091744015,0,0.00633363046126152,0.00691957978862436,0.0102227168744843,0.0034398090483648,0.00140900824727451,0.0266549090833506,0.0205555312372832,0.0244747495751036,0.0389575221904449,0.0122710832841833,0.0642800536097703,0.0209709793211544,0.0456818166807846,0.0250279554890842,0.0340825841579337,0.0244389149773665,0.0227556621355181,0.0269164101356235,0.0250297274059297,0.0257049183895327,0.0311676454273867,0.0376861529266905,0.029527216436269,0.0120165118466874,0.0432321645867466,0.012266304901296,0.0246504299369633,0.0235871771333639,0.0601317760000971,0.00698677378411408,0,0.0132145043193332,0.0352054673408367,0.0143655505114284,0.0178941107717725,0.0374853894365603,0.0365887892788933,0.0204115242175717,0.0235746750967613,0.0240420627767576,0.0167953486400539,0.0069397906547701,0.00849911588668754,0.0350801684670844,0.0194515853380047,0.010658747811825,0.0153838777117346,0.0381889420988952,0.000275262305054227,0.0109573043140691,0.0403423626977812,0.0611416693185895,0.0429565038325427,0.0177633924388167,0.0355990284702212,0.0387770086532409,0.0268661324460459,0.032163615998767,0.0316056755016302,0.0494679898547914,0.0417610075379895,0.0329028690236713,0.083708436335839,0.0565468656652266,0.0418625173133412,0.0477187051597162,0.0352833222718657,0.0398352234069448,0.0430786524133067,0.0452491969065993,0.0324145243814186,0.0664689561929094,0.048185048576948,0.0516175254839534
0.00325776303908736,0,0.00352300905272834,0,0,0,0.00483212554016908,0.00341633920614539,0.0192226703975608,0.0240528777839714,0.00937312308291651,0.00111126536931253,0,0.021087796361312,0.0488724242527892,0,0,0.00105398707421346,0,0.00384641637995223,0.0101260702861265,0.0150926238750309,0,3.24135868642383e-05,0.0190164423244906,0.0046813559203451,0,0.0156888959160847,0.00245845602597059,0.00728288066181238,0,0,0.00974441846185653,0.00270230007873176,0,0,0.0251607796651273,0.000817373625562739,0.0970044269563591,0,0,0,0.00326360389924755,0.0118625130960941,0.0339099368416668,0,0,0,0.000373577585622224,0.00807523458771155,0.00815149164403316,0,0.00356089379137787,0.00842742713932354,0,0.000755530043230242,0,0.00118171987425381,0.00575562879814792,0.0159222467116626,0,0,0,0.000185241111798721,0,0.027296706681793,0.00761053761700037,0,0,0,0,0.0184539789534021,0,0.0344495431795356,0.00558465452055586,0.00011492078276789,0,0.00648189416737727,0.00027584198955256,0.000106686159862815,0.0100423750111056,0,0.00760287159153822,0.00389416584644136,0.00986381235250377,0.0007672861947589,0,0.0607133133175714,0.0355020158058259,0.00846830834758755,0.0406883005100216,0,0,0.00846874279592876,0,0.00936479890714865,0.00215772072605826,0.00227316390867237,0.0100427824125907,0.00668825441660923,0,0.00518776554865055,0,0,0,0.000134276839728599,0.00158669923359022,0.00948870718860797,0.00156545349902862,0.0037190142986727,0.00630166424560488,0.0180334863200188,0.00598653097992178,0,0.0393188007876676,0,0.00672302047391567,0,0.00405442810260643,0,0.00455275671907562,0,0,0,0.00232586281332597,0,0,0.0304146650115936,0.00602221446629774,0.0057507529371017,0.00623473105232668,0,0.0450356540602267,0.00170162528172967,0,0.00353989060482954,0.00397102942498425,0,0.00823556169010578,0.00356349940926258,0.00680958398175616,0,0.0447686885385585,0.00503912709234061,0,0.00120190137694597,0.00259631276683309,0.00193782692888707,0.000433380022226563,0.0150546052420712,0.0107630367970601,0.000268952394085177,0,0.00185961430922728,0.00157043486173967,0,0,0.00367725036516027,0,0.00299220197717611,0,0.0050469271998351,0,0.00310218608979301,0.0385506927115428,0,0,0.00157498867533135,0,0,0,0.00784243029647175,0,0,0,0,0,0,0.00191539376427434,0,0.00159632507852711,0,0,0.00403978970644674,0,0,0,0,0,0,0.000707104913744768,0,0,0.000176665767116375,0.00288257278152599,0.00241838095893057,0.00420842914737907,0,0,0,0,0,0,0,0,0,0,0.00235984683008853,0.0724838295857238,0.000927250565178093,0.00750015335986017,0.00335339665292011,0,0.0186947947374167,0,0,0,0,0.0142439114776182,0.00295720368849694,0,0,0,0,0,0,0,0.00373259003107712,0.00562367270930334,0,0,0,0,0.0286705330590475,0,0,0,0.0562863735762245,0,0,0,0.00888416901735259,0,0,0,0,0.00581684613497596,0,0,0
0,0,0.00105389258572144,0.000523919349916775,0,0.00201595871629503,0,0,0,0,0,0.000913424362600191,0.00420515369539982,0.025943215023207,0,0.00325310188836786,0.000777649062098617,0,0,0.00317012830125723,0.00187010678955643,0,0,0,0,0.000381747727371395,0,0,0,0.00183113335561936,0.000471624655261285,0,0.00113321393535074,0,0,0,0.00400806347503194,0.00394903826712706,0,0,0,0.00438342160680321,0.00230745122340699,0,0.00197860921149602,0.00253601794733501,0,0.000736244314266233,0,0,0,0.0107161565827742,0,0,8.23202458755137e-05,0,0.0259190373336401,0,0,0,0,0.00142900677682171,0,0,0,0.0116424764836929,0.00541586327695606,0.000387144593865325,0,0,0,0.00197550788363687,0,0,0,0.00122099055098851,0.00385844029926239,0.00351702530985079,0,0,0.0071039896515345,0,0,0.00191117614978658,0.00147125324315966,0.00423329151410013,0,0,0,0,0,0.00230301514180087,0,0,0,0,0,0.00307983523335768,0,0.00402014799187136,0,0.0043042278400038,0.00152144005203273,0,0,0,0.00184666298472091,0.00451745787162725,0.00660483421024027,0.00114261968048332,0.00427875487771659,0.0118885632715,0,0,0,0,0,6.15885355245884e-05,0.00344947507113689,0.00670334126282738,0.000303037144786371,0,0.00231715826674741,0,0.0058531808890751,0,0,0,0,0,0,0,0,0.00176275617446428,0.00233308779553095,0.00476294793950356,0,0.00228312121338722,0.000635284268957202,0,0,0,0,0,0.00622862010469272,0.00533669685540929,0,0,0,0,0,0.0024044314852723,0,0,0,0.00835114668564394,0,0.00183038543677141,0,0.00167357918319142,0,0,1.20543462437697e-05,0,0,0,0,0.0020912474078202,0.0084322998095937,0.000604508474652482,0,0.00428697195462491,0.00136425977385092,8.69575230240382e-05,0,0.000965592076145729,0,0,0.00976140811146138,0.00364072161737001,0,0.00117433976990679,0,0.0315759989803599,0.00977473019220863,0.00282422716480315,0.0495888851493766,0.00823778098181181,0.00301208405150286,0.00208904870957304,0,0.00149485863944594,0.011435029052613,0.00719919270145842,0.0121637433647585,0.00714057796222885,0.00899885190991907,0.023099034841496,0.0318837029298193,0,0,0,0.00975101300988698,0.00840832995918717,0.000823334714189996,0,0.0192922745860058,0,0.00109853845868524,0.00672170732054033,0.00388424319848733,0.0398728748845484,0,0,0,0.0152892289238247,0,0,0.00825319684840289,0.0134645368148988,0.000710435765718785,0,0.020619317807371,0.0321869375782936,0.013126000648195,0,0.0195786997960714,0.0173915410408628,0.00365958123707623,0.0125058051506287,0.00215354130263368,0.00837485933088142,0,0.00430445986406349,0.0122590961511369,0,0,0.0179079683417658,0.0100398819166641,0.0294562006275926,0,0.0193537392550427,0.00289163819491841,0.00696088760333074,0.00204146571367934,0,0,0.000153278967996942,0,0.0259074535237929
0.000597777295160959,0.00989714720606666,0.0211045064194324,0,0.000358437230840532,0.00037529991461806,0.0225557960934654,0.000674895728744512,0.0253349972527922,0,0.00509560957869596,0.00250018995968711,0.00680402805452062,0.00118619304701545,0,0,0,0.00643486370428312,0.00260779472951276,0.00119440787756942,0.0018089426870437,0.00729581918767831,0.00029353399078072,0.0292751477711638,0,0,0,0.000439953468259842,0.000785946657179502,0,0,0.000374219806432405,0.00337158273862427,0,0,0.00690484658018914,0.00366699011003239,0.00972663628550002,0,0.00402842603670361,0.00118878524899321,0.0247700340696517,0.00437417191944303,0.00359994427559502,0,0.0248133458928211,0.000607433647022543,0,0.00646102803664692,0.00446295963434951,0.0178325143940219,0.00141627186479427,0,0,0.0157399017181786,0,0.00103062655367884,0,0,0.00260139376074564,0.017630832307827,0.00196497471376203,0.00320459072685187,0.00100020577879536,0.00112935923269595,0.00191744372047301,0,0,0,0,0,0,0,0.00489013112466483,0,0.000209014641709674,0.000967602295812739,0.000657997990468631,0,0.00158138930484592,0.0157334693175512,0,0.00105185719264808,0,0,0,0,0,0.00367642811532435,0,0,0,0.00462331380075761,0.0309531390957227,0,0.00176176215832911,0,0.00220876919499857,0.0017042800637556,0.00530075288095994,0.00792623690480321,0.000453169867569044,0.00651397935696019,0,0.00594860819085532,0.00255872519640262,0.00106175831921708,0,0.0116873800681423,9.01948170838176e-05,0,0.0146793232837326,0.00537423426047722,0.0281772347227388,0.0321851120586688,0,0,0.0129192591296589,0.00956876458810134,0,0.000846384920287463,0.000483405454366326,0,0,0.000125754415003709,0,0,0,0.00130599796534561,0,0.000325985401242371,0,0,0.0224207857222488,0.00060264699321538,0.000721661908474392,0,0.010822209431121,0,0,0.0153118150515599,0.0010067744136757,0.00966213872661912,0.00108238307274817,0,0,0,0.0096811446850907,0.00495252557662934,0.00238994423425782,0.00264361431965042,0.00991347686309557,0.00310041973923536,0.0226435051580661,0.00413132759191066,0,0.00742364372598414,0.00263137129178069,0.00122040249950781,0.00045196340641584,0.00228828918239451,0.00133476905574872,0,0,0,0.0182379347766064,0,0.0101331099653471,0.00399775330444917,0,0.00665141072114326,0,0,0.00276925237630249,0.0014873695528921,0.0268837944576745,0.0001957596423162,0.0167717518715741,0,0,0,0.0192286931370779,0,0.059385611415898,0.000936767479153412,0.00149803624170882,0,0,0,0.020754827281109,0.0134468945167284,0.000216225583182598,0.0164859523501111,0.00158729037555918,0.0351821093366241,0.00568501273347867,0.000528083211848934,0.000307888192499143,0.0317047534171889,0.00258696212947436,0,0,0,0.0161109848865872,0.00211340603901033,0,0,0,0.0124490562816209,0.0202491975801404,0,0.00813686971126741,0,0.000537506055087771,0,0.00352997991397023,0,0,0.0165262203095975,0,0.0369536291705161,0.00142587293556152,0,0.0332701887778923,0.0253336019759954,0,0.00989827478521898,0,0,0.000733080776308052,0,0.0275531106403508,0.0238248439892113,0,0,0.00754790654895828,0.0149719873097498,0.0413194058931128,0,0.00203141720215069,0,0.00579816226831781,0.000290367217107164,0,0.0690507976372194,0.0239403593507449,0.00324005693184947,0.00502641236077864,0,0.00602678157460581
0.0657893279705952,0.0109667090408914,0,0,0.00205991807598088,0,0.000569757375710306,0.000150658909041857,0.0223503743747993,0,0,0,0,0,0.0422346273584027,0,0.00359052644985747,0,0.00482777010997478,0.0104929577246905,0.00298411580282298,0.00458730857186723,0.00240537577723362,0,0,0.000712252108727705,0.00367243652162603,0.00648577053565341,7.34930006628065e-05,0.0052401455683503,0.0173933144815488,0.00192863010014068,0,0,0.00881175514905033,0.000147082445816625,0.0122481787402753,0.0052345500627488,0.00461983284305976,0.00166062897163097,0,0.00705618822713046,0.000133823513634683,0.0117664443509441,0.000802079175784169,0.022374130551232,0.0363212903949376,0,0.0180143866701735,0,0.00374307311539732,0.00473536951427111,0.00827185026786886,0,0.00163965272557596,0.00422188098589334,0.0131035190928472,0.0065916304471051,0.00384358013839242,0.0016711699094412,0.00181782727390385,0.00753576157045749,0.00587419138643075,0,0,0.0276417339386623,0,0.006901061350471,0.000852590862840416,0.00396631189671195,0.00403101792390801,0.0370870162690204,0,0.0100681450484043,0.0144591084474985,0,0.0107360605158316,1.10292450129756e-05,0.00322338332500325,0.0275057021855169,0.0057277388956467,0,0.00127796988959914,0.000171004819008404,0,0,0.00486677050252036,0.00309226758368984,0,0.00185033364011548,0.0747994849768879,0.00686651001145024,0.00775793236455829,0.0121804404907768,0.0020600056254904,0.00652046938181898,0,0.0114129023305268,0.00200633589585655,0.00485224520934118,0.00479968690757875,0,0.00396082142645335,0,0,0.00413093484615859,0.00600206356088354,0.0144941464439031,0.00224378630953928,0.0020581615213507,0,0.00772158698772794,0.00932702229766945,0.00992267369045357,0.0247652890637231,0.0114939481765445,0.0118059736036265,0.00272445313351408,0.000918863857808602,0,0.00389770000373006,0.0129146721244086,0.0159382554511349,0,0.00573860063855417,8.14542471658352e-05,0.00434290464581334,0.0152231325457304,0.00835963149206363,0.00441438504408121,0.00829545028330671,0,0,0.00128846581675918,0.00974514560495597,0.0073638677120631,0.00987212791160345,0.00849262817364236,0.00428180683860308,0.0110090320003952,0.0126539182680095,0.0110618286857385,0.0144295995563138,0,0.00413201911276681,0,0.00113155115863349,0.00829626140548125,0,0.00024467079955647,0.0115054498337622,0.0072137307878896,0.00451925312280169,0.0187198327675697,0.0186219991035665,0.0264878742118274,0.00918912016178621,0.00197930207380326,0.00686336392418787,0.00561183326165551,0.0506718766229363,0.0139338653004215,0.00636190881836869,0.0319545508931739,0,0,0.0239228835694124,0.00879059809736985,0.000203856791033906,0.0147534559488321,0.0449128185034135,0.0333692124499445,0.00594924087148947,0.0127021966376982,0.056428774831146,0.0143683715591389,0.0119674124448138,0,0,0.00403957264634104,0.017510013357759,0.00303931392158845,0,0.00216392624397532,0.0138532456195249,0.0164976875330829,0,0.00373253145796455,0.00908785327959616,0.0113905692407262,0,0.00431856902885266,0.0106173057199423,0.00382304510848798,0.00304917408756996,0.00896076784229854,0.0195767060797502,0.000457358538167263,0.010064276876773,0,0.0165774363872624,0,0.00843061791099779,0.00414186227699064,0.00351476036349014,0,0,0.00373047255107611,0.0021832294067296,0.00231184039680704,0.00974258276002594,0.00315541092244308,0.0562898780368009,0,0.000686127748433149,0,0,0.000858244093942109,0.00332134912755453,0,0.000375987878050453,0.0067468053285977,0.00483505478708447,0.00555531902318761,0.00952472176669345,0,0.0239309067346448,0.0046567248894101,0.014318080417625,0,0.00689267607653904,0.00140882049254944,0.00632617105265723,0,0,0.00780387286803252,0,0.000814704443496876,0.00061401961779311,0.00830076764259821,0.00741145849624579,0,0,0,0.0441480991613561,0,0.00594221250403328,0,0,0
0,0.000525377759509873,0,0,0.000210009834094486,0,0,0.0349128660716043,0.0109869628444014,0,0,0,0.0181067917662177,0,0,0,0,0,0,0,0,0.00691626577538533,0,0,0,0,7.23294119254525e-05,0.030428624434839,0.0173887721125118,0,0,0.00119612388976037,0.0150482423707725,0.0143818703765635,0,0.00554800382637175,0.0247826199488313,0.00029838150791021,0,0.0310100365373418,0,0,0,0.00572621109617175,0.00817467153681629,0.0193161207260945,0.0018638062502912,0,0.00691111551280657,0,0,0,0.00456606697200089,0,0,0.00721134158133293,0,0,0,0.00758706119738745,0,0.00509812240795512,0,0,0.000490585703312381,0.0156816576852452,0,0.0106056494290406,0.0154095729556174,0,0,0.00100953967871414,0,0,0,0.00214489581728549,0.0132917697962427,0.00568790279617779,0,0.00673304556026742,0,0,0.00124594782567242,0,0,0.0386634254497626,0.0010000675256326,0.00449232017955198,0,0.00420066716690606,0.00056701725733238,0,0.00142177123288419,0.0092302996332496,0.0387500988057466,0,0,0.000527650972478316,0.0122999535667342,0,0.0278900938573729,0,0,0,0.0212654242557125,0,0,0,0,0,0,0,0,0,0,0,0,0,0,0,0.0557942085101927,0.0055291467155504,0,0,0,0,0,0,0.00491622565254862,0,4.15813911120437e-05,0.0482700813367077,0.012066137980016,0,0.0242888850937089,0.000280394855084194,0.0001218737747585,0.0213497758906368,0.00606919879342503,0,0,0.00240465090987342,0,0,0,0,0,0.0026497926972094,0,0,0,0,0.00138961143812179,0,0,0,0,0,0.00871809611013376,0,0,0.0113863189992556,0.00392670899920179,0,0.0534623286812464,0.00285829496156445,0.00451351611929134,0,0.0255208770418359,0.00600282352411312,0,0,0.0285694852963094,0.027011477824037,0.0171388002332435,0,0.000459357109582818,0.028645952979412,0.0367480514297332,0.0024326068333702,0.00259895248210319,0.0168578409773161,0.000403094842059714,0,0,0.00860569018568025,0,0.0090881765574014,0.0112903258084685,0.0185552885815441,0,0.0090559701577619,0.000466165735775288,0.0313186396195471,0,0,0.00502897117831469,0,0,0,0.00581218035000241,0.00814472371993993,0,0,0.00105096327181159,0.018893784459299,0,0.0171356784968883,0,0.000325428350600752,0.0089930168370369,0.00195500401758879,0.0238181926475452,0,0.000699106548315032,0.000312814290717621,0.00232638240535436,0.00370756918263405,0,0.00127620531420193,0.00490440223764427,0.00556002219317391,0.129206507934616,0,0,0,0.0104783151054077,0,0,0,0.00237250876527762,0,0.015972497536483,0,0,0.0801144010059513,0.00104479065372544,0,0.309029848866459,0,0.00143379259100808,0,0,0.0167825584669897,0,0,0.0105013969355477,0.0222504961571261,0,0
0,0,0,0,0,0.000359982988261255,0,0,0,0,0.00662761674890076,0.00028712249751047,0.00454916535146946,0,0,0,0,0.00216451259361956,0,0,0,0,0,0.0001186054476137,0,0,0,0,0,0,0,0,0,0,0,0.000210423913473442,0,0.000287506275710988,0,0,0,0,0,0,0,0,0.0163243981880831,0,0.000351291844557618,0,0.0581661126689067,0.00128030450984976,0,0.000347660228891146,0,0.0788451634563443,0,0.000945022862409351,0,0.000804647683214623,0,0.000320854418143638,0,0,0,0,0.000305171034697126,0,0,0.000498014546643672,0.0113179062465682,0,0,0,0.00123497262125662,0,0,0,0.000450497216596486,0.000395242792520651,0,0,0.00016012535939967,0,0,0,0.000213858352175725,0,0,0.00133641621800268,0,0,0.00226084681153646,0,0.015031949244782,0,0.00146465053667018,0,0.000621927189687514,0,0,0,0,0.000779140549173007,0.000315274945816063,0,0,0,0,0,0,0,0.000564421276088212,0,0,0,0.000536409740006683,0,0,0,0.00302021653042598,0.0256603893455919,0,0,0,0,0,0.000145669302171905,3.31802119062415e-05,0.0155354130686688,0.00147898560110364,0,0,0,0.00314342460731846,0,0.00027980462185139,0,0,0.00015710624645697,0.0228100343017382,0.000915893688938072,0,0.00152039401205448,0,0,0,0,0,0,4.94259959365133e-05,0,0,0,0.000450231330364407,0,0,0,0,0.000296472502081008,0,0.000271016899349195,0,0,0.00100608785014173,0.000483392517131633,0.000390315755516031,0,0,0,0,0,0,0.00130936731738925,0,0,0,0.000860104358201622,0,7.89756298657664e-07,0.000591865200676911,0,0,0,0,0,0,0,0,0,0,0,0.000432068531458869,0,0,0,0,0,0,0.00823230522180637,0,0.0241823836620049,0,8.10762625358286e-05,0,0,0,0,0,0,0,0.00450382808135274,0,0,0,0,0.00566290761708882,0,0.00350923129975364,0.0228346789837704,0,0.000844346138749977,0,0,0,0,0,0.00153730413623717,0,0,0.0464049325925441,0,0,0,0.000381707422628946,0,0.000775407635461318,0,0,0,0,0,0,0,0,0,0,0,0,0
0.00699817386882248,0.000836772780613949,0,0,0.00374374420968732,0,0,0.00200293910335443,0.00208331842658027,0,0.0050285417946726,0,0,0,0,0.000797500247620242,0.00229263727684869,0,0,0,0,0.00163435931677785,0.00266033049950631,0.00229233288072668,0.00448340697498723,0,0.00591951736973611,0,0,0.000879927288043625,0.00495951853042493,0,0,0,0.0142483306901035,0,0,0.0105963074922388,0.000246284195028344,0,0.00563475747296611,0.00305245723071252,0.00284694174269225,0,0,0.0101344270071769,0.0275283423300184,0.000207351363182645,0.00464794427796721,0,0,0.0151866598075095,0.00597473807136654,0,0.00128641805287022,0,0.0102661055233911,0.00397935142461264,0,0,0.00469923917022922,0,0,0,0,0,0.00033131679545243,0.0111606821022517,0,0,0,0,0,0,0,0,0.0125789570239568,0,0,0.00182428206441096,0.0201175517968513,0,0.014894522369478,0,0.0043397866711136,0.00291230909856148,0,0.0127101458056405,0.00129274067995988,0,0.00944645771150339,0.00157304087605193,0.00157059994712247,0,0,0,0,0.0161267485185019,0.00339266600632327,0,0.00873311328663664,0.00107799017665513,0.0191207476494246,0.00177741412199842,0,0.0116054914533568,0.00984853269223849,0.00457391051665249,0.0100745892315003,0.0102291396996321,0.0146001363512232,0.0181202271379333,0.0010478175325037,0.000858474916270469,0.00695936560136484,0.0176132454764785,0,0.00968887636872754,0.0227428348815426,0.00896848848372218,0.00134837418883614,0.0319714569506504,0,0,0.0160673865119332,0,0.00693546769858849,0,0.000246111155530834,0.0246772643520898,0.0119681036480415,0.00248533102275093,0,7.99458951089243e-05,0,0.00893297264125877,0,0.00130025487179595,0.00191242371436548,0,0.00160013422683288,0,0.0185574096181264,0,0.0193863122865159,0.00691705955847663,0.00133451193426006,0.00709145569920559,0.00117900837242028,0,0.0137192082719778,0.00829146680864488,0.00573031504651981,0.00994124993261621,0.0249616395018226,0,0.00943477397928771,0,0.00199274825226063,0.00236989028911903,0.00467175471316154,0.00424203023607782,0.000676690808519316,0.0100543324740148,0.0050720884654527,0.0112906609862561,0.0263118817990618,0.00322225730092161,0.00416119397210422,0.000300519238549328,0.00562201472070853,0.0123825708083762,0.0061829828304794,0,0.00293606600092474,0.00339163791676746,0.018524913599448,0.0114878323760342,0.00937304502167955,0.0092411169781782,0,0.013094579015344,0.00803786477713743,0.0070333502907222,0.0152322952280666,0,0.0300779519519168,0.0215497697817768,0.0283352568139286,0.00196808942357581,0.0166338140044257,0.00376977899966325,0.000646509053103356,0.00780741946583582,0.00616549540583728,0.000704833024130788,0.00771543990367165,0.00221662392708432,0.0172677308171891,0.00354299043129758,0,0.00968624595531235,0,0.0042455306112998,0.0137059148330927,0,0.0178172532457682,0,0.0151178635219507,0.0161771112037361,0,0.00791238949496703,0,0,0.000514845864196021,0.00192059883193286,0.00213547935111432,0.0116769465607061,0.00492722853380585,0.0177125120272107,0.0100430507912227,0.0113278350196873,0.0216165555809093,0.00269910203591864,0.0104445643908189,0.00694288134370272,0,0.00309238055204442,0,0.0187519152014076,0.0173826093884733,0.0066621179716349,0.00870211436322679,0,0,0.00602657145681845,0.012302682089199,0.0184731966066887,0.0170858977109169,0.00941963289801743,0.0074080577238893,0,0,0,0.00913267388206603,0.00433872380504398,0.00707887349332274,0.00928229268272147,0,0.0121149359094114
0,0,0.0314464991131654,0.120144998841926,0.0143896902650261,0,0.0123577065025751,0.0483796402742628,0.000786613990694749,0,0.0286388848213974,0,0.0874546554499227,0,0.0359638208387056,0,0.0174813502322842,0,0,0.000437818905148419,0,0.00143567156872328,0.0327035847444694,0.0652585787899056,0,0,0.0352663478021815,0.000336862586783525,0,0,0.0283939555032826,0,0,0.0035684369362073,0.0404152420376964,0.0025471353638112,0.00334970808860496,0.0337551802163735,0,0.0365068278569787,0.0200808908747023,0.0053299503392463,0,0.0010651783698257,0,0.0151107231735981,0.0126600284413756,0,0.0235118239107471,0,0.002812314198356,0.00768519260121291,0.0255069012557528,0,0.000395409957118424,0.000748168092683821,0.0177151318654789,0.00449479680048259,0.0050906013060278,0.00681885086145327,0,0.00623181955819425,0.0126311939341184,0,0.00162517511311906,0,0,0.00735686022008517,0,0,0,0,0,0,0,0,0,0.00277528590423652,0.00277460513377792,0.00785224063736339,0.000176904058361276,0,0.00155312223535505,0,0,0.000477930713688486,0,0,0.00529640120723182,0,0.00399516012924508,0,0,0.0121642903843986,0,0,0.00161568275163304,0.0111226446099309,0.00130976234466678,9.75917169244774e-06,0,0,0.00322663174897064,0.00192471858071794,0.000495746455906521,0.00997138750727589,0.0059704563037572,0.00215681389813471,0.00131029398193606,0.00122255806955569,0.0243966457447926,0.0146217968408278,0.00840046460505003,0.00096365574082003,0.000923608419044613,0.00966878955954459,0.00536961298884069,0.0212744155772508,0.00335301205012887,0.0117744788173368,0.00884537268506107,0.00767877035975873,0,0,0.00474792340460378,0,0.00542277826319644,0,0.000574141698892912,0.0159558268202833,0.0039409239829125,0.00597745992096289,0,0.00962606563724335,0.00629359780516084,0.00332780621367532,0,0.0103270485458649,0.00149187631345668,0,0.00109389057070391,0.000883065136578026,0,0,0.00398995596184925,0.00187090789965878,0,0.00504755787907878,0,0.0038783278554587,0.00695187214537803,0.00286816073444401,0,0,0.010086579635265,0.00973171287619544,0,0,0.00624403541086943,0,0.0003593159793941,0.0137035744374592,0.00143246027396975,0.0105103265883736,0,0.00722358520143385,0.00610272267481852,0.00415039830676273,0,0,0,0.00633528635662284,0.0112966843886636,0.0158767896568164,0.00585724537220024,0.000542964123591725,0.00451424474190739,0,0.0148137242669847,0.00243920274400285,0.0107601812598612,0,0.0112838008667003,0.00105715715897397,0,0.00608299393555073,0,0.00746034866664114,0.00126148430363809,0,0.00689133367708062,0.0110131410947978,0,0,0.000605564499127388,0,0.00759569341106436,0.00706886640462336,0,0.00387327889009335,0.00868127115300626,0.0052053564131611,0.0141250195242336,0.00411694106817472,0,0.0336074779004775,0,0.00783647862487898,0.0129772116799808,0.000549945011991708,0.0135743793290592,0,0.0176809035493268,0.0103617289064524,0.00375705592277982,0,0,0.00747594058716871,0,0,0,0,0,0,0.0198709199832939,0,0.00234954372506696,0.00181890349087051,0.0146218855538971,0,0.00843614274894399,0.00657943019593712,0.0101973207267461,0.032460923408724,0.011934227783882,0,0,0.0382357790593426,0,0,0,0.0187149530061405,0.00949947315977325,0.0200214140904489,0.0238187748208668,0.000722498377471766,0.00823095784053992,0.0245025130877733,0.0327134605402748,0.00673598586191751
0,0.00437889392992251,0.00622955414453517,0.00602060082079052,0.0010666360772239,0,0,0.00929619904744585,0,0,0,0.000391179048190061,0.00141668433246995,0,0.0110766941522857,0.0129206456054297,0.0126745691132192,0.00496038701178092,0.00784166446858007,0.00494623061290979,0,0,0,0.00599248582903914,0,0,0.0169232068110017,0,0,0.0239338384595704,4.27928863376352e-05,0,0.00078902661251444,0,0.014846323420201,0.00645031690073399,0.000653270283165812,0.00374489664277999,0,0.00539728627260971,0.00465039054912859,0,0,0.0123491295021726,0.00378362651536072,0.00114658820569978,0.0186217374843675,0.00264639342531727,0.00215021577460607,0.00179648508615159,0.00205945177573865,0.00212694112408506,0,0,0,0.000397287733243083,0.0137899786603817,0,0,0,0,0.00163500290574427,0.00700264889310752,0,0,0.0035675582395024,0.016874061782171,0.00661387003561407,0,0,0.0073110478422852,0.000648035436256407,0.0153954468044788,0,0.00295939716914214,0,0.0080818564196071,0,0,0.00223440728892438,0.0291538025482051,0,0.000787145434692374,0,0,0.00858382473559456,0.00195448171475616,0.000397867065426439,0,0,0,0,0.000642100562188016,0,0,0,0.0219917877330832,0.00140945240887549,0,0,0.0141832186552334,0,0.000495181786912436,0,0.0158876876795553,0.000468837775730022,0.00490674703814073,0.0163542152535371,0.00600692247693838,5.46687057807135e-05,0,0,0.000329807860811835,0.00108097562559139,0,0.00789540435743371,0.00623538588746988,0,0,0.00175229667642485,0.00537102532567346,0.0191190887615978,0.0134408438741569,0.00123699786100295,0.0052886048046292,0,0.00250448609146449,0,0,0,0.0183426996183882,0.0047639919611793,0.00940927388746647,0.00104479172625759,0.0105079287849441,0.00724829827546388,0,0.0355580357342381,0.00190621044945128,0,0,0.00840659289553117,0.00507373729398512,0,0.0353809970596545,0.000823263889405043,0.000680268237429784,0.0107154485213313,0.000701706909307644,0.00129936290389384,0.000734315695859059,0.00276083940270492,0,0.00869506063266502,0.00542936173963433,0.00566777495219568,0.0167105521551653,0.00423878614048483,0.00240762473426021,0.014632570490357,0.00154311856425462,0.000119743048454905,0,0,0.0252975178793167,0.00804073887694603,0.0198006950931289,0.0343038413813349,0.00506775698109289,0.00155962361599445,0.00358522653881185,0.020803352786772,0.00179342268830417,0,0.00213276503103959,0.000636260516642281,0.0165588097070798,0,0,7.15117047472643e-05,0.00086700435025221,0.0290826619418478,0.0449115887870505,0.0182475798234221,0.0302938259273255,0.00719731545002516,0.00578551291542775,0.0336111223445352,0,0.00749324502552213,0.000165385104385521,0,0.0157263975475104,0.0176686620638859,0.00817483642369082,0.0106571058569616,0,0.0031087709810538,0.0278974074939777,0,0,0.046564170527662,3.22799324677695e-05,0.00626672435011185,0,0.00276806741133104,0.00438684306590547,0.025649803653487,0,0.00194956201006965,0,0.0192716385879814,0,0.0195720536575014,0,0.0295496678220029,0.0146128721753727,0.0197684429257873,0.00273614762882372,0.0171465725404745,0.0293002664128642,0,0.000365603227655762,0.0069111742290594,0.111884603609668,0.0136744137029951,0,0.0109942398942463,0.00547525626326964,0.0233854057627006,0.0168399936502999,0.0122649625440631,0.0195982985585612,0.0102559558968689,0.00499751556007365,0,0.0199777606523009,0.00331250236541425,0.0106647299933603,0.0745635806297613,0.0578998682575865,0.0113899299417073,0.00163566876109768,0.0353996657258834,0.00091148022909984,0,0.0114593861829114,0.00764230637538632,0,0.00659940346002182
0,0.0099505390678671,0,0,0.00263456656854053,0.0123848662182627,0.000477948627599383,0.00256514327627251,0,0,0,0.00107794622659213,0,0.0114156029619672,0,0,0,0,0.000426018779292335,0,0,0.00662057876817125,0,0.00225167469130215,0,0,0.00338106675262487,0,0,0.00937247126758547,0.000689369142225269,0,0,0,0.00775770991629127,0,0,0,0,0.00126431312610537,0,0,0,0.000744596102383567,0,0.0355339679725833,0,0,0.00558039113767176,0,0,0,0,0,0,0,0.00567683096458983,0,0,0,0.00144618647294019,0.00259836138667155,0.00188552349528208,0.00100623029315489,0,0,0.000174054772769187,0.0372773310747083,0,0.00833792360411307,0.000115908646406545,0,0.00077272403988184,0.000333262015780765,0,0,0.000472614816822847,0,0.0143040008061915,0,0.0209477533895321,0,0.00303958802376639,0.00114768976020637,0,0,0.0183168559585539,0,0,0,0,0,0.000366665057830209,0.000642649374683167,0.00124135855192145,0,0,0.00123684283784577,0,0.00145311436859009,0.023091505424103,0.000157104027586584,3.5843261578576e-06,0.000190220205781434,0.00198163409201349,0,0.0109214489494814,0.00321072164789861,0.00512757345078854,0.00868923266394347,0.0388763775776386,0.00446185615922285,0.000921953439876203,0,0.000926357231146066,0.0175318284307085,0,0.000159812791408445,0.0296436718123152,0,0,0,0,0,0.00124386234992171,0,0,0,0.00154323908674721,0.0169125365996506,0,0,0,0,0.0304519805669183,0.00050537615860193,0.000285415924551917,0.0431521350691504,0.000109867651325011,0,0,0,0,0,0,0,1.19579021956227e-05,0,0.00812226909294058,0.000418434924683144,0,0.000106779783585332,0,0.00112202598778135,0.0105440296409883,0,0,0,0,0.000441589674254525,0.000183915495483925,0.000996053821114255,0,0.0349132080152259,0,0.00109403226430976,0.00581599789518165,0.000422706288651188,0.0138483118304891,0.00514597339098758,0,0,0.0279306534874539,0.000374817507062995,0,0.0160792378776341,0,0.00848043157194952,0.0352937275082002,0,0.000264892112923876,0.0154115291515465,0.00234723573641809,0.00123073550353446,0.00114245082463215,0,0,0.0140856823777179,0,0,0,0,6.89579741486289e-05,0.00124780338646743,5.78621441456042e-05,0,0,0.00490874424977045,0,0,0,0,0,0,0,0,0,0,0.009259241487388,0.00157841190102858,0,0,0,0,0,0.00039322519560981,0,0,0.00177622662020455,0.0121788882225303,0.00196172411393219,0,0.00491655303542596,0.0139299526214025,0,0.00749274903061586,0,0.0308843207623851,0,0.0118790974866234,0.0105878886865648,0,0.00791163942762679,0,0,0.00447329011753484,0.00807940480764162,0,0,0.00192550812268628,0,0.0248005883982598,0.0402909278846267,0.0543632355630586,0,0.00214564976103122,0.00352173380167488,0,0.00528284850179074,0.00940139801803527
