cell1_type5_2,cell5_type5_2,cell7_type5_3,cell8_type4_1,cell10_type4_1,cell12_type4_1,cell19_type4_1,cell27_type5_3,cell28_type5_3,cell30_type5_2,cell36_type4_1,cell38_type5_2,cell39_type4_1,cell40_type5_2,cell45_type5_2,cell46_type5_2,cell47_type4_1,cell50_type4_1,cell58_type5_2,cell63_type4_1,cell65_type5_2,cell67_type5_2,cell69_type5_3,cell75_type4_1,cell79_type5_3,cell80_type5_3,cell82_type5_2,cell93_type5_2,cell103_type4_1,cell104_type5_3,cell106_type4_1,cell113_type4_1,cell114_type4_1,cell115_type5_2,cell116_type4_1,cell126_type4_1,cell127_type5_3,cell132_type4_1,cell133_type4_1,cell138_type4_1,cell139_type4_1,cell140_type4_1,cell141_type4_1,cell143_type5_2,cell145_type5_3,cell148_type4_1,cell149_type4_1,cell150_type5_2,cell151_type5_2,cell152_type5_3,cell153_type5_3,cell155_type5_2,cell157_type5_3,cell159_type5_2,cell161_type5_3,cell168_type4_1,cell169_type4_1,cell170_type5_3,cell174_type5_2,cell175_type5_2,cell181_type5_2,cell183_type5_2,cell194_type4_1,cell196_type5_3,cell197_type4_1,cell199_type5_3,cell203_type5_2,cell211_type5_2,cell216_type4_1,cell218_type5_2,cell223_type5_2,cell229_type5_2,cell230_type4_1,cell232_type5_3,cell236_type5_3,cell239_type4_1,cell241_type5_3,cell242_type4_1,cell246_type5_2,cell253_type5_3,cell255_type5_2,cell257_type5_3,cell258_type5_3,cell261_type4_1,cell263_type4_1,cell264_type5_3,cell266_type4_1,cell269_type4_1,cell270_type5_3,cell272_type5_3,cell274_type5_3,cell275_type5_2,cell280_type5_3,cell281_type4_1,cell282_type5_3,cell283_type5_2,cell285_type4_1,cell289_type5_3,cell294_type5_3,cell297_type5_3,cell299_type4_1,cell300_type5_2,cell301_type5_2,cell304_type5_3,cell305_type4_1,cell311_type4_1,cell313_type4_1,cell315_type4_1,cell317_type5_3,cell318_type5_3,cell321_type5_3,cell323_type5_2,cell326_type4_1,cell330_type5_2,cell333_type4_1,cell334_type5_2,cell337_type4_1,cell338_type5_2,cell340_type5_2,cell342_type4_1,cell345_type4_1,cell346_type4_1,cell347_type4_1,cell349_type5_2,cell350_type5_3,cell353_type4_1,cell358_type5_3,cell360_type5_2,cell361_type4_1,cell362_type5_3,cell368_type5_3,cell369_type4_1,cell372_type5_3,cell373_type5_3,cell375_type5_3,cell376_type5_3,cell381_type5_3,cell384_type4_1,cell385_type4_1,cell386_type5_2,cell390_type4_1,cell396_type5_3,cell400_type5_2,cell403_type4_5,cell404_type4_1,cell411_type4_5,cell413_type4_1,cell422_type4_5,cell423_type4_1,cell424_type4_5,cell425_type4_1,cell426_type4_1,cell439_type4_5,cell443_type4_5,cell444_type4_5,cell445_type4_1,cell446_type4_5,cell451_type4_1,cell452_type4_5,cell455_type4_5,cell457_type4_5,cell460_type4_5,cell461_type4_1,cell470_type4_5,cell471_type4_1,cell478_type4_5,cell480_type4_5,cell481_type4_5,cell487_type4_5,cell490_type4_1,cell491_type4_5,cell492_type4_5,cell495_type4_5,cell500_type4_1,cell501_type4_5,cell504_type4_1,cell506_type4_1,cell507_type4_5,cell508_type4_5,cell511_type4_1,cell512_type4_5,cell514_type4_5,cell516_type4_5,cell517_type4_5,cell519_type4_5,cell521_type4_1,cell524_type4_1,cell527_type4_5,cell528_type4_5,cell529_type4_5,cell533_type4_5,cell539_type4_5,cell545_type4_1,cell549_type4_5,cell550_type4_5,cell554_type4_5,cell555_type4_1,cell556_type4_1,cell560_type4_5,cell565_type4_1,cell568_type4_5,cell571_type4_1,cell575_type4_5,cell578_type4_5,cell582_type4_5,cell586_type4_1,cell589_type4_5,cell592_type4_5,cell596_type4_1,cell597_type4_1,cell599_type4_1,cell600_type4_5,cell611_type4_5,cell613_type4_5,cell614_type4_5,cell615_type4_5,cell617_type4_5,cell618_type4_1,cell628_type4_1,cell631_type4_5,cell634_type4_1,cell636_type4_5,cell638_type4_5,cell640_type4_5,cell643_type4_5,cell645_type4_1,cell646_type4_5,cell647_type4_1,cell649_type4_1,cell651_type4_5,cell654_type4_5,cell655_type4_5,cell661_type4_1,cell664_type4_1,cell665_type4_1,cell666_type4_5,cell670_type4_1,cell672_type4_5,cell673_type4_5,cell676_type4_1,cell677_type4_1,cell678_type4_5,cell680_type4_5,cell681_type4_5,cell686_type4_1,cell690_type4_1,cell692_type4_5,cell695_type4_5,cell697_type4_1,cell698_type4_5,cell704_type4_5,cell705_type4_5,cell707_type4_5,cell710_type4_5,cell715_type4_1,cell717_type4_5,cell722_type4_5,cell725_type4_1,cell726_type4_1,cell727_type4_1,cell729_type4_5,cell732_type4_5,cell734_type4_5,cell735_type4_1,cell739_type4_1,cell741_type4_1,cell742_type4_5,cell743_type4_5,cell746_type4_5,cell750_type4_5,cell751_type4_5,cell760_type4_1,cell761_type4_5,cell762_type4_1,cell765_type4_5,cell766_type4_5,cell770_type4_1,cell771_type4_5,cell772_type4_5,cell775_type4_5,cell779_type4_5,cell780_type4_1,cell786_type4_5,cell787_type4_1,cell788_type4_1,cell789_type4_5,cell792_type4_5,cell793_type4_1,cell795_type4_5,cell796_type4_5
0,0,0,0,0,0,0,0,0,0,0,4,0,0,0,0,0,0,0,0,0,3,2,0,0,0,0,0,0,4,0,0,0,3,0,2,6,0,0,0,0,2,0,0,0,0,0,5,0,0,0,0,11,0,0,0,0,0,5,0,0,0,0,0,5,0,0,0,0,0,0,0,0,0,0,0,5,0,0,0,5,3,0,0,0,0,0,0,0,0,0,0,0,3,0,4,0,0,0,0,0,0,9,0,0,0,0,3,0,0,0,0,0,4,0,0,6,0,0,0,0,0,0,2,0,0,0,0,3,0,1,3,5,0,0,0,0,0,0,0,0,0,0,0,0,4,3,0,0,0,0,0,0,0,0,4,0,0,0,0,6,0,0,0,0,4,0,0,0,0,0,0,0,0,0,2,0,3,4,0,0,0,0,5,0,0,0,5,4,0,0,0,0,0,0,0,2,2,0,2,0,0,0,0,0,0,0,0,0,0,0,0,0,2,0,0,0,0,0,0,0,0,4,0,0,0,0,0,0,0,0,3,3,0,3,0,0,0,0,0,0,4,0,0,0,0,1,0,0,0,0,0,0,0,0,0,0,0,0,3,0,1,0,0,3,3,0,0,0,2,0,0,0,0,0,0,3,1,0,0,0,0,0,0,0,0,0,2,2,5
0,2,0,0,0,0,0,0,0,2,0,0,0,0,0,0,5,0,0,0,0,3,0,0,0,0,0,0,0,0,0,0,1,0,0,0,0,0,0,0,0,0,0,0,0,0,2,0,0,0,0,0,0,0,0,1,0,0,0,0,0,0,4,3,0,0,0,3,2,0,0,0,0,0,2,0,0,0,0,0,0,0,0,0,1,2,0,0,0,0,0,0,0,5,0,0,0,0,3,0,0,0,0,0,0,0,0,0,0,2,0,0,0,1,0,0,0,0,3,0,3,2,0,0,0,0,0,0,3,0,0,0,0,0,0,0,0,3,0,0,2,0,2,0,2,0,0,2,0,0,0,0,0,0,7,0,0,0,0,0,0,0,1,0,0,0,0,0,0,0,0,0,0,0,0,3,0,0,0,0,0,1,0,2,1,0,0,0,0,0,2,0,0,2,0,0,0,0,1,0,0,0,0,0,0,2,0,2,0,0,0,0,0,2,0,0,7,0,6,10,0,0,4,0,0,0,0,6,0,0,0,3,0,0,0,0,1,0,0,0,0,2,0,0,0,0,0,0,0,0,0,2,0,0,0,0,0,0,0,0,0,0,0,0,0,0,0,0,0,0,0,5,0,0,0,0,2,0,3,0,0,0,0,0,0,0,0,0,0,0
0,0,1,0,0,0,0,0,0,0,0,0,1,0,0,0,0,0,0,0,0,0,0,0,0,0,0,0,0,0,0,0,0,0,0,1,0,0,0,0,0,0,0,0,0,0,0,0,0,0,0,0,0,0,0,0,0,0,0,0,0,0,0,0,0,0,0,0,0,0,0,0,0,0,1,0,1,0,0,0,0,0,0,0,0,0,0,0,0,1,0,0,0,1,0,0,0,0,0,0,0,0,0,0,0,1,0,0,0,0,0,0,0,0,0,0,0,0,0,1,0,0,0,0,0,1,0,0,0,0,0,0,0,0,0,0,0,0,0,0,0,0,0,1,0,0,0,0,0,0,0,0,0,0,0,0,0,0,0,0,0,1,0,0,1,0,0,0,0,1,0,0,0,0,0,0,0,0,0,0,0,0,0,0,0,0,0,0,0,0,0,0,0,0,0,0,0,0,0,0,0,0,1,0,0,0,0,0,0,0,0,0,0,0,0,0,0,0,0,0,0,0,0,1,0,0,0,0,0,0,0,0,0,0,1,1,0,0,0,2,1,0,0,0,0,1,0,0,0,0,0,0,0,0,1,0,0,1,0,0,0,0,0,0,0,1,0,0,0,0,0,0,1,0,1,1,0,0,0,0,0,0,0,0,0,1,0,0,1,0
0,0,0,0,0,0,0,0,0,0,3,0,0,0,0,0,3,0,0,0,0,0,0,0,0,6,4,6,0,0,0,8,0,4,0,0,0,0,0,5,0,0,0,3,0,0,0,1,0,22,0,0,0,0,0,0,0,0,0,0,0,0,0,0,0,3,1,0,0,7,3,0,0,0,6,0,0,0,0,0,0,0,3,5,0,0,0,0,0,0,0,3,0,0,0,3,0,7,0,0,0,0,0,5,3,0,0,0,0,0,0,0,0,0,0,0,0,0,0,0,0,0,0,0,6,0,0,0,0,0,0,0,0,0,5,0,4,0,0,0,0,0,0,0,0,0,0,6,2,0,2,0,6,0,5,0,3,0,0,0,9,0,11,0,0,0,0,0,0,0,0,4,0,0,0,0,3,0,0,0,0,3,0,0,0,7,0,5,14,0,0,0,0,0,6,0,0,0,0,0,0,0,0,0,0,0,0,4,0,23,7,0,0,0,0,0,0,0,2,0,0,0,0,0,0,2,0,0,0,0,4,0,0,0,12,5,7,0,0,0,0,0,0,0,0,4,5,0,9,0,0,0,0,6,0,6,0,0,0,0,0,0,0,5,0,7,1,0,0,0,0,0,0,0,0,0,0,0,0,0,0,0,0,3,4,0,3,5,0,4
3,0,1,0,0,0,0,0,0,0,0,3,0,2,5,0,1,1,4,0,2,2,1,0,0,1,1,0,0,0,1,0,1,1,0,0,0,0,0,0,0,1,0,0,0,2,0,4,2,1,0,0,0,0,0,0,0,1,5,0,0,1,0,0,0,0,0,1,0,1,1,1,0,0,0,0,0,0,3,0,1,1,1,0,0,0,0,0,0,1,0,4,0,0,0,1,0,1,3,1,0,3,0,1,1,1,0,0,2,2,0,3,1,2,0,2,1,1,4,1,0,0,0,2,0,0,0,2,0,1,2,0,1,0,1,2,2,0,0,0,0,0,1,0,0,0,0,1,0,1,0,0,1,1,1,0,1,0,1,1,1,3,0,1,0,1,1,1,0,0,1,1,2,0,0,0,1,2,1,0,0,0,0,0,0,0,0,1,1,0,0,1,0,2,1,0,1,1,0,0,0,0,0,1,0,0,1,1,0,1,0,0,0,0,0,0,0,0,1,0,0,1,0,0,1,0,0,0,0,0,0,1,0,0,0,0,1,0,0,0,0,2,0,0,0,0,1,0,1,0,0,0,0,0,1,0,0,0,0,0,0,0,0,0,0,0,0,0,0,0,0,0,0,0,0,0,0,0,0,0,2,0,0,0,1,0,0,1,1,0
0,0,0,0,0,0,0,0,0,0,0,0,0,0,0,0,0,0,0,0,0,0,0,0,0,0,0,0,0,0,0,0,0,0,0,0,0,0,0,0,0,0,0,0,0,0,0,0,0,0,0,0,0,0,0,0,0,0,0,0,0,0,0,0,0,0,0,0,0,0,0,0,0,0,0,0,0,0,0,0,0,0,0,0,0,0,0,1,0,0,0,0,0,0,0,0,0,0,0,0,0,0,0,0,0,0,0,0,0,0,0,0,0,0,0,0,0,0,0,0,0,0,0,0,0,0,0,0,0,0,0,0,0,0,0,0,0,0,0,0,0,0,0,0,0,0,0,0,0,0,0,0,0,0,0,0,0,0,0,0,0,0,0,0,0,0,0,0,0,0,0,0,0,0,0,0,0,0,0,0,0,0,0,0,0,0,0,0,0,0,1,0,0,0,0,0,0,0,0,0,0,0,0,0,0,0,0,0,0,0,0,0,0,0,0,0,0,0,0,0,0,0,0,0,0,0,0,0,0,0,0,0,0,0,0,0,0,0,0,0,0,0,0,0,0,0,0,0,0,0,0,0,0,0,0,0,0,0,0,0,0,0,0,0,0,0,0,0,0,0,0,0,0,0,0,0,0,0,0,0,0,0,0,0,0,0,0,0,0,0
0,0,0,0,0,0,0,0,0,0,0,0,0,0,1,0,0,0,0,0,0,0,0,0,0,0,1,0,0,0,0,0,0,0,0,0,0,0,0,0,0,0,0,0,0,0,0,0,0,0,0,0,0,0,0,0,0,0,0,0,0,0,0,0,0,0,1,0,0,0,0,0,0,0,0,0,0,0,0,0,0,0,0,0,0,0,0,0,0,0,0,0,0,0,0,0,0,0,0,0,0,0,0,0,0,0,0,0,0,0,0,0,0,0,0,0,0,0,0,0,0,0,0,0,0,0,0,1,0,0,0,0,0,0,0,0,0,0,0,0,0,0,1,0,0,0,1,0,0,0,0,0,0,0,0,0,0,1,0,1,0,0,0,0,0,0,0,0,0,0,0,0,0,0,0,0,1,0,0,0,0,0,0,1,0,0,0,0,0,0,0,0,0,0,0,0,0,0,0,0,0,0,0,0,0,0,0,0,0,0,0,0,0,0,0,0,0,0,0,0,0,1,0,0,0,0,0,0,0,0,0,0,0,0,0,0,0,0,0,0,0,0,0,0,0,0,0,0,0,0,0,0,0,0,0,0,0,0,0,0,0,0,0,0,0,0,0,0,0,0,0,0,0,0,0,0,0,0,0,0,0,0,0,0,0,0,0,0,0,0
0,0,0,17,17,4,9,5,6,0,17,5,2,0,8,6,0,12,0,16,0,0,0,16,0,0,8,0,0,0,2,20,0,0,8,14,0,7,14,45,15,0,7,6,0,11,5,0,16,0,4,3,0,7,0,4,11,10,0,27,0,0,15,0,17,4,0,0,0,0,0,4,17,0,7,10,8,4,4,0,30,2,8,0,12,12,11,8,4,1,36,10,0,6,0,12,16,6,0,6,16,2,17,7,13,30,10,11,7,0,18,6,0,15,7,4,13,3,0,0,6,10,0,4,17,4,11,9,0,0,26,15,9,10,8,19,4,0,0,0,30,5,26,5,4,25,17,2,8,6,7,21,4,16,11,36,10,5,0,4,11,27,31,13,7,0,0,0,4,5,0,4,0,4,0,18,40,0,0,7,0,0,0,0,0,2,24,0,0,0,0,0,10,6,0,0,5,0,0,3,0,19,0,0,2,0,0,0,4,15,11,0,0,0,0,0,0,0,1,0,0,0,0,0,0,0,9,6,8,0,0,0,0,7,0,0,0,0,0,0,0,0,0,0,0,0,0,0,0,0,0,2,0,0,0,0,0,0,0,0,0,8,0,0,10,0,0,0,0,0,0,0,5,0,0,0,0,0,0,0,0,0,0,0,0,0,0,0,0,0
0,0,0,0,0,0,0,0,1,0,0,0,0,2,0,0,0,0,0,0,0,0,0,0,0,0,0,0,0,0,0,0,0,0,0,0,0,0,0,0,0,0,0,1,0,0,0,0,0,0,0,0,0,0,0,3,0,1,0,0,0,0,0,0,0,1,0,0,0,0,0,1,0,0,0,0,0,1,0,2,0,0,0,0,0,0,0,0,0,0,0,1,1,0,0,0,0,0,0,0,0,0,0,0,0,0,0,0,0,0,0,0,0,0,0,0,0,0,0,0,0,0,0,0,0,0,0,0,0,0,0,0,0,1,1,0,0,2,0,0,0,0,0,0,1,0,0,0,0,1,0,0,0,0,0,0,1,0,0,1,0,0,0,3,1,1,0,0,0,2,0,0,0,0,0,0,0,0,0,2,0,0,0,0,1,1,0,1,2,0,0,0,0,0,0,0,0,0,0,0,0,0,1,0,0,0,0,0,0,0,0,0,0,0,0,0,0,3,0,0,0,1,0,0,1,0,1,0,0,0,0,0,0,1,0,0,4,0,3,0,0,0,0,0,0,3,0,0,0,0,0,0,0,0,1,0,0,0,0,0,1,0,0,0,0,0,0,1,0,0,0,1,0,0,0,0,0,0,0,1,0,0,0,2,0,0,0,0,0,0
0,0,0,0,0,1,0,0,0,0,0,0,0,0,0,0,0,0,0,0,0,0,0,0,0,0,0,0,1,0,0,0,0,2,0,0,0,0,0,0,0,0,0,0,0,0,0,0,0,0,1,0,0,0,2,0,0,0,0,1,0,0,0,0,0,0,0,0,0,0,0,0,0,0,2,1,0,0,1,0,0,0,0,0,0,0,0,0,0,0,0,0,0,0,1,0,2,0,0,0,0,0,0,0,0,0,0,0,0,0,0,1,0,0,0,0,0,0,0,0,0,0,0,0,0,1,1,0,0,0,0,0,0,0,0,0,0,0,0,0,0,0,0,0,0,1,0,0,0,0,0,0,0,0,0,0,0,0,0,0,0,0,0,0,0,0,0,0,0,0,0,0,0,0,0,0,0,0,0,1,0,0,0,0,0,0,0,0,0,0,0,0,1,0,0,0,0,0,0,0,1,0,0,0,0,0,0,0,1,0,0,0,0,0,0,0,1,0,0,0,0,0,0,0,0,0,0,0,0,0,0,0,0,0,0,0,0,0,0,0,0,0,0,0,0,0,0,0,0,0,0,0,1,0,0,1,0,1,0,0,0,0,0,0,0,0,0,0,0,0,0,0,0,0,0,1,0,0,0,0,0,0,0,3,0,0,0,0,0,0
0,0,0,0,0,0,0,0,1,0,1,0,0,0,0,0,0,1,0,0,0,1,1,0,0,0,0,1,0,0,0,0,0,0,2,0,0,0,0,0,0,0,0,0,2,0,0,0,0,0,1,0,0,0,0,0,1,0,1,0,0,0,0,0,0,0,0,0,0,1,0,0,0,0,0,0,0,0,1,0,0,1,0,0,0,0,0,1,0,0,0,0,0,2,0,0,2,0,0,1,0,1,0,1,0,2,0,2,0,0,0,1,0,0,0,0,0,0,0,4,1,1,0,0,0,1,0,0,1,0,0,0,0,0,0,0,0,0,3,0,0,0,0,0,0,0,0,0,1,0,1,0,0,0,0,0,0,1,0,0,0,0,0,0,0,0,0,0,0,0,0,0,0,0,0,0,1,1,0,0,0,0,0,0,0,0,0,0,1,0,0,0,0,0,1,0,0,1,0,0,0,0,0,0,0,0,1,1,0,0,0,0,2,0,0,0,1,1,0,0,0,0,0,0,1,1,3,0,0,0,0,0,0,1,0,1,0,0,0,0,0,0,0,0,0,0,1,1,0,0,0,0,0,0,0,0,0,0,0,1,0,0,0,0,0,1,0,1,0,0,2,0,0,0,1,1,3,0,0,0,0,0,0,1,0,0,0,0,0,1
0,0,0,0,0,0,0,0,0,0,0,0,0,0,0,0,0,0,0,0,0,0,0,0,0,0,0,0,0,0,0,0,0,0,0,0,0,0,0,0,0,0,0,0,0,0,0,0,0,0,0,0,0,0,0,0,0,0,0,0,0,0,0,0,0,0,0,0,0,0,0,0,0,0,0,0,0,0,0,0,0,0,0,0,0,0,0,0,0,0,0,0,0,0,0,0,0,0,0,0,0,0,0,0,0,0,0,0,0,0,0,0,0,0,0,0,0,0,0,0,0,0,0,0,0,0,0,0,0,0,0,0,0,0,0,0,0,0,0,0,0,0,0,0,0,0,0,0,0,0,0,0,0,0,0,0,0,0,0,0,0,0,0,0,0,0,0,0,0,0,0,0,0,0,0,0,0,0,0,0,0,0,0,0,0,0,0,0,0,0,0,0,0,0,0,0,0,0,0,0,0,0,0,0,0,0,0,0,0,0,0,0,0,0,0,0,0,0,0,0,0,0,0,0,0,0,0,0,0,0,0,0,0,0,0,0,0,0,0,0,0,0,0,0,0,0,0,0,0,0,0,0,0,0,0,0,0,0,0,0,0,0,0,0,0,0,0,0,0,0,0,0,0,0,0,0,0,0,0,0,0,0,0,0,0,0,0,0,0,0
5,0,0,0,0,0,0,0,0,0,0,0,0,0,8,3,4,0,5,0,0,0,0,0,0,0,0,0,0,20,0,0,0,0,0,0,0,0,0,0,4,8,0,0,0,0,0,0,0,0,0,0,3,0,0,0,0,0,15,4,0,0,0,0,0,0,0,0,0,0,0,0,0,0,0,0,4,0,0,4,0,0,0,0,8,0,0,0,0,0,0,5,0,8,0,0,7,0,0,0,0,0,0,0,0,0,0,0,0,0,8,0,0,0,0,0,0,42,5,0,0,0,0,0,10,0,0,17,0,0,0,4,0,0,0,0,6,0,0,0,0,0,0,0,0,0,0,0,0,0,0,0,0,3,0,0,0,0,0,0,0,0,0,0,0,0,0,0,0,0,0,0,0,0,0,0,0,0,0,0,0,0,0,0,2,0,0,7,0,0,0,0,0,0,0,0,8,1,0,0,0,0,5,0,1,0,0,0,0,0,0,0,0,0,0,0,0,0,0,4,0,0,0,0,0,0,0,0,10,0,0,0,0,0,0,0,0,0,0,0,0,0,0,1,0,3,5,10,0,0,0,0,0,0,0,0,5,0,0,0,0,0,0,0,0,0,0,0,0,0,0,0,0,0,0,0,0,0,0,0,0,0,0,0,1,0,0,0,0,0
0,17,0,0,0,0,0,0,0,0,0,0,0,0,8,0,0,0,0,0,8,0,23,0,0,0,0,0,0,3,0,0,0,21,7,0,0,0,0,8,0,0,0,0,0,10,0,0,0,7,0,0,0,7,0,0,0,0,0,0,0,0,0,0,0,0,0,0,0,0,0,0,0,0,0,0,24,0,0,0,0,0,8,0,5,0,0,0,6,0,0,0,0,0,0,0,0,0,0,0,0,0,0,0,0,0,0,0,0,0,0,0,0,0,0,0,0,0,0,0,0,0,0,0,0,18,0,0,0,0,0,0,0,0,0,0,0,0,0,8,0,0,9,0,0,0,0,14,0,0,0,22,6,0,0,0,0,0,0,0,0,0,6,0,0,0,0,0,0,0,0,12,0,0,0,0,0,16,0,0,0,0,0,0,0,0,0,0,6,0,0,0,0,0,14,0,0,0,0,0,0,0,0,0,0,0,0,0,0,0,0,0,0,0,0,9,0,0,0,0,0,0,0,0,0,0,0,0,0,20,0,0,0,0,0,0,10,0,0,0,0,11,0,0,0,0,0,0,0,0,0,0,0,0,0,9,0,0,0,0,0,0,11,0,0,0,9,0,2,0,0,0,0,0,0,0,0,10,0,0,0,0,0,0,0,34,0,0,0,0
1,0,0,0,0,0,0,0,0,0,0,0,0,0,0,0,3,1,0,0,1,1,0,0,0,0,0,0,0,0,1,1,1,0,4,12,0,0,1,2,0,0,1,0,0,0,0,2,0,0,0,1,0,0,0,0,1,0,1,0,0,0,0,1,0,0,0,0,0,0,1,0,3,0,0,0,1,0,0,0,0,0,0,0,1,0,0,1,0,0,0,0,0,0,0,0,0,0,0,1,0,0,1,0,1,2,1,0,0,0,0,0,1,0,2,0,0,1,1,0,0,0,0,0,0,3,0,1,1,0,0,0,0,0,2,0,1,0,1,0,0,0,1,0,0,0,0,2,0,0,0,0,0,1,0,0,0,1,0,0,0,1,0,0,0,0,0,0,0,0,0,0,0,1,0,0,0,0,0,0,1,0,1,0,0,0,0,0,0,0,0,0,0,1,0,0,0,0,0,0,0,0,0,0,0,1,2,0,0,0,0,0,0,0,0,0,0,0,0,0,0,0,0,0,0,0,2,0,0,0,0,1,4,0,1,0,0,0,0,0,1,0,0,1,3,0,0,0,0,0,0,1,0,0,3,0,0,0,0,0,0,1,1,0,0,0,0,0,1,0,0,1,0,0,0,0,0,0,0,0,0,0,0,3,1,0,0,0,0,0
0,3,2,0,0,0,0,0,0,2,2,0,0,0,0,2,0,0,0,0,0,0,2,0,0,3,0,0,0,1,4,3,0,0,0,2,1,0,0,0,0,0,0,0,2,0,3,0,0,0,1,0,4,0,4,3,7,0,0,0,2,1,1,0,0,0,0,4,0,0,0,0,0,3,3,0,2,2,1,6,0,2,0,0,4,6,0,0,3,0,0,0,0,0,1,0,0,0,7,2,0,0,0,5,0,0,0,0,0,3,0,1,0,0,1,0,0,0,0,0,0,0,0,0,0,0,0,0,0,0,0,0,0,0,0,0,0,0,0,7,0,0,0,3,0,0,0,4,0,0,0,2,0,2,0,0,0,0,0,0,4,0,0,2,0,7,0,3,0,0,0,0,0,2,0,0,0,0,8,0,0,2,1,1,4,0,0,1,5,0,0,1,3,0,0,0,0,0,0,0,0,0,0,0,1,0,0,0,0,0,0,1,3,2,0,1,2,0,0,2,0,0,3,6,0,2,2,0,0,0,0,0,0,0,0,0,0,0,1,0,0,2,0,0,0,0,0,0,1,0,0,0,0,0,0,0,0,2,0,0,0,0,0,2,0,0,0,0,0,0,0,0,0,0,0,0,0,4,0,0,0,5,0,0,3,0,0,0,0,0
0,0,0,0,0,0,0,0,0,0,0,0,0,0,0,0,0,0,0,0,0,0,0,0,0,0,0,0,0,0,0,0,1,0,0,0,0,0,0,0,0,0,0,0,0,0,0,0,0,0,0,0,0,0,0,0,0,0,0,0,0,0,0,0,0,0,0,0,0,0,0,0,0,0,0,0,0,0,0,0,0,0,0,0,0,0,0,0,0,0,0,0,0,0,0,0,0,0,0,0,0,0,0,0,0,0,0,0,0,0,0,0,0,0,0,0,0,0,0,0,0,0,0,0,0,0,0,0,0,0,0,0,0,0,0,0,0,0,0,0,0,0,0,0,0,0,0,0,0,0,0,0,0,0,0,0,0,0,0,0,0,0,0,0,0,0,0,0,0,0,0,0,0,0,0,0,0,0,0,0,0,0,0,0,0,0,0,0,0,0,0,0,0,0,0,0,0,0,0,0,0,0,0,0,0,0,0,0,0,0,0,0,0,0,0,0,0,0,0,0,0,0,0,0,0,0,0,0,0,0,0,0,0,0,0,0,0,0,1,0,0,0,0,0,0,0,0,0,0,0,0,0,0,0,0,0,0,0,0,0,0,0,0,0,0,0,0,0,0,0,0,0,0,0,0,0,0,0,0,0,0,0,0,0,0,0,0,0,0,0
0,0,0,0,0,0,0,0,0,0,0,0,0,0,0,0,0,0,0,0,0,0,0,0,0,0,0,0,0,0,0,0,0,0,0,0,0,0,0,0,0,0,0,0,0,0,0,0,0,0,0,0,0,0,0,0,0,0,0,0,0,0,0,0,0,0,0,0,0,0,0,0,0,0,0,0,0,0,0,0,0,0,0,0,0,0,0,0,0,0,0,0,0,0,0,0,0,0,0,0,0,0,0,0,0,0,0,0,0,0,0,0,0,0,0,0,0,0,0,0,0,0,0,0,0,0,0,0,0,0,0,0,0,0,0,0,0,0,0,0,0,0,0,0,0,0,0,0,0,0,0,0,0,0,0,0,0,0,0,0,0,0,0,0,0,0,0,0,0,0,0,0,0,0,0,0,0,0,0,0,0,0,0,0,0,0,0,0,0,0,0,0,0,0,0,0,0,0,0,0,0,0,0,0,0,0,0,0,0,0,0,0,0,0,0,0,0,0,0,0,0,0,0,0,0,0,0,0,0,0,0,0,0,0,0,0,0,0,0,0,0,0,0,0,0,0,0,0,0,0,0,0,0,0,0,0,0,0,0,0,0,0,0,0,0,0,0,0,0,0,0,0,0,0,0,0,0,0,0,0,0,0,0,0,0,0,0,0,0,0
0,0,0,0,0,0,0,0,0,0,0,0,0,0,0,0,0,0,0,0,0,0,0,0,0,0,0,0,0,0,0,0,0,0,0,0,0,0,0,0,0,0,0,0,0,0,0,0,0,0,0,0,0,0,0,0,0,0,0,0,0,0,0,0,0,0,0,0,0,0,0,0,0,0,0,0,0,0,0,0,0,0,0,0,0,0,0,0,0,0,0,0,0,0,0,0,0,0,0,0,0,0,0,0,0,0,0,0,0,0,0,0,0,0,0,0,0,0,0,0,0,0,0,0,0,0,0,0,0,0,0,0,0,0,0,0,0,0,0,0,0,0,0,0,0,0,0,0,0,0,0,0,0,0,0,0,0,0,0,0,0,0,0,0,0,0,0,0,0,0,0,0,0,0,0,0,0,0,0,0,0,0,0,0,0,0,0,0,0,0,0,0,0,0,0,0,0,0,0,0,0,0,0,0,0,0,0,0,0,0,0,0,0,0,0,0,0,0,0,0,0,0,0,0,0,0,0,0,0,0,0,0,0,0,0,0,0,0,0,0,0,0,0,0,0,0,0,0,0,0,0,0,0,0,0,0,0,0,0,0,0,0,0,0,0,0,0,0,0,0,0,0,0,0,0,0,0,0,0,0,0,0,0,0,0,0,0,0,0,0
9,6,6,3,0,3,0,5,10,8,2,3,0,1,3,1,0,2,8,0,6,1,3,0,4,21,7,1,0,5,0,0,0,5,0,0,12,0,0,0,6,0,0,8,5,0,0,8,4,13,7,1,8,1,18,0,2,11,3,0,5,6,3,6,0,8,4,4,0,5,1,5,0,11,4,2,9,2,9,10,0,5,30,1,1,1,2,2,8,0,8,2,5,1,1,0,4,2,6,12,4,3,9,4,4,8,1,2,5,2,0,3,1,4,7,4,3,5,2,4,4,3,4,3,8,6,12,1,3,5,2,5,4,2,6,0,7,4,2,3,2,1,0,4,1,0,7,3,7,13,1,0,0,1,0,5,0,11,1,0,0,2,0,5,0,1,2,1,1,2,0,3,2,4,0,3,1,0,3,5,3,1,3,6,0,1,4,2,0,0,0,0,1,2,8,4,5,1,0,3,2,2,2,1,0,0,1,0,0,2,2,0,2,7,3,2,4,0,0,0,3,2,2,2,2,0,1,0,0,2,3,2,2,0,0,1,0,2,4,0,0,0,3,3,3,0,1,1,1,2,0,13,3,0,0,3,0,0,2,2,4,2,0,0,0,0,2,0,1,0,0,0,2,0,0,0,0,0,0,0,0,0,0,0,0,0,0,0,0,0
0,1,0,0,1,1,3,0,0,1,1,2,1,1,0,0,0,0,0,1,1,1,0,0,0,0,2,0,2,0,1,1,1,0,1,0,0,2,0,1,3,5,0,1,0,0,0,0,0,0,0,0,0,0,0,0,0,0,0,0,0,0,0,0,0,0,0,0,0,2,1,0,0,0,1,0,0,1,0,0,0,0,0,3,0,0,0,1,0,0,0,0,1,0,0,0,0,1,0,0,0,0,0,0,0,0,0,0,0,0,0,0,0,0,0,0,0,0,0,0,0,0,0,0,0,1,0,1,0,0,1,0,1,0,0,2,0,0,0,0,0,0,0,0,0,0,0,0,0,2,0,0,0,0,0,0,0,0,0,0,0,0,0,0,0,0,3,0,0,0,0,0,0,1,1,0,0,2,2,0,0,0,0,0,2,0,2,0,0,0,1,2,0,1,0,2,0,1,0,0,0,1,0,0,0,0,0,0,0,0,0,0,0,0,0,0,0,0,0,0,0,0,0,0,0,1,1,0,0,0,1,1,0,0,0,0,0,0,0,0,1,0,0,0,1,0,0,1,0,0,1,0,1,0,0,0,0,1,0,0,0,0,0,0,2,0,0,0,0,0,0,0,0,0,1,0,1,0,0,0,0,0,0,0,0,0,0,0,0,0
0,0,0,0,0,0,0,0,0,0,0,0,0,0,0,0,0,0,0,0,0,0,0,0,0,0,0,0,0,0,0,0,0,0,0,0,0,0,0,0,0,0,0,0,0,0,0,0,0,0,0,0,0,0,0,0,0,0,0,0,0,0,0,0,0,0,0,0,0,0,0,0,0,0,0,1,0,0,0,0,0,0,0,0,0,0,0,0,0,0,0,0,0,0,0,0,0,0,0,0,0,0,0,0,0,0,0,0,0,0,0,0,0,0,0,0,0,0,0,0,0,0,0,0,0,0,0,0,0,0,0,0,0,0,0,0,0,0,0,0,0,0,0,0,0,0,0,0,0,0,0,0,0,0,0,0,0,0,0,0,0,0,0,0,0,0,0,0,0,0,0,0,0,0,0,0,0,0,0,0,0,0,0,0,0,0,0,0,0,0,0,0,0,0,0,0,0,0,0,0,0,0,0,0,0,0,0,0,0,0,0,0,0,0,0,1,0,0,0,0,0,0,0,0,0,0,0,0,0,0,0,0,0,0,0,0,0,0,0,0,0,0,0,0,0,0,0,0,0,0,0,0,0,0,0,0,0,0,0,0,0,0,0,0,0,0,0,0,0,0,0,0,0,0,0,0,0,0,0,0,0,0,0,0,0,0,0,0,0,0
0,0,0,0,0,0,0,1,0,0,0,0,1,0,0,0,0,0,0,0,0,0,0,0,0,0,1,0,0,0,0,6,0,0,0,0,0,0,0,0,0,0,0,0,2,0,0,0,0,1,0,0,0,0,0,0,0,0,0,0,0,0,0,1,0,0,0,0,0,0,1,0,0,0,0,0,0,0,0,0,2,1,0,0,0,0,1,0,0,1,0,0,1,0,0,0,0,0,0,0,0,0,0,1,0,3,0,0,0,0,0,0,0,0,0,0,0,0,0,0,0,0,0,2,0,0,0,0,1,0,0,0,0,1,0,0,0,0,0,0,0,0,0,0,0,0,0,0,0,0,0,0,0,0,0,0,0,0,1,0,0,2,0,0,0,0,3,0,0,0,2,0,0,0,0,0,0,0,0,0,0,0,0,0,0,0,1,0,0,0,0,0,0,0,1,0,1,0,0,0,0,0,0,0,1,0,3,0,0,0,0,0,0,0,0,0,1,0,0,0,0,1,0,0,0,0,0,0,1,2,1,0,0,0,0,0,0,0,0,0,0,0,0,0,0,0,2,1,2,0,0,0,0,0,0,0,0,0,1,1,0,0,1,0,0,0,0,0,0,0,0,0,0,0,0,0,1,0,0,0,0,0,0,0,0,0,0,0,0,1
0,0,0,0,0,0,0,0,0,0,0,0,0,0,0,0,0,0,0,0,0,0,0,0,0,0,0,0,0,0,0,0,0,0,0,0,0,1,0,0,0,0,0,0,0,0,0,0,0,0,0,0,0,0,0,0,0,0,0,0,0,0,0,0,0,0,0,0,0,0,0,0,0,0,0,0,0,0,0,0,0,0,0,0,0,0,0,0,0,0,0,0,0,0,0,0,0,0,1,0,0,0,0,0,0,0,0,0,0,0,0,0,0,0,0,0,0,0,0,1,0,0,0,0,0,0,0,0,0,0,0,0,0,0,0,0,0,0,0,0,0,0,0,0,0,0,0,0,0,0,1,0,0,0,0,0,0,0,0,0,0,0,0,0,0,0,0,0,0,0,0,0,0,0,0,0,0,0,0,0,0,1,0,0,0,0,0,0,0,0,0,0,0,0,0,0,0,0,0,0,0,0,0,0,0,0,0,0,0,0,0,0,1,0,0,0,0,0,0,0,0,0,0,0,0,0,0,0,0,0,0,0,0,1,0,0,0,0,0,0,0,0,0,0,0,0,0,0,0,0,0,0,0,0,0,0,0,0,0,0,0,0,0,0,0,0,0,0,0,0,1,0,0,0,0,0,0,0,0,0,0,0,0,0,0,0,0,1,0,0
0,0,0,0,0,0,0,0,0,0,0,0,0,0,0,0,0,0,0,0,0,0,0,0,0,0,0,0,0,0,0,0,0,0,0,0,0,0,0,0,0,0,0,0,0,0,0,0,0,0,0,0,0,0,0,0,0,0,0,0,0,0,0,0,0,0,0,0,0,0,0,0,0,0,0,0,0,0,0,0,0,0,0,0,0,0,0,0,0,0,0,0,0,0,0,0,0,0,0,0,0,0,0,0,0,0,0,0,0,0,0,0,0,0,0,0,0,0,0,0,0,0,0,0,0,0,0,0,0,0,0,0,0,0,0,0,0,0,0,0,0,0,0,0,0,0,0,0,0,0,0,0,0,0,0,0,0,0,0,0,0,0,0,0,0,0,0,0,0,0,0,0,0,0,0,0,0,0,0,0,0,0,0,0,0,0,0,0,0,0,0,0,0,0,0,0,0,0,0,0,0,0,0,0,0,0,0,0,0,0,0,0,0,0,0,0,0,0,0,0,0,0,0,0,0,0,0,0,0,0,0,0,0,0,0,0,0,0,0,0,0,0,0,0,0,0,0,0,0,0,0,0,0,0,0,0,0,0,0,0,0,0,0,0,0,0,0,0,0,0,0,0,0,0,0,0,0,0,0,0,0,0,0,0,0,0,0,0,0,0
0,2,3,0,0,5,0,3,0,0,2,0,0,0,4,0,0,0,0,3,0,0,0,0,6,0,0,0,0,2,3,0,0,0,0,0,2,2,1,2,4,6,0,0,2,4,2,0,4,1,0,0,0,2,1,1,0,1,4,0,3,0,0,4,0,0,0,0,2,0,0,0,5,6,0,2,3,0,2,0,0,0,2,0,0,0,0,0,0,7,0,1,0,2,0,4,0,1,0,0,0,0,0,0,0,0,0,0,2,0,0,2,0,0,0,1,0,0,0,0,0,1,0,0,1,0,0,0,0,0,0,0,4,1,0,0,0,0,0,0,0,2,0,0,0,1,0,0,0,0,0,3,0,2,0,0,2,0,1,0,1,0,0,0,0,0,3,0,0,1,1,0,1,0,4,0,0,7,0,0,0,0,0,0,2,1,0,3,4,2,3,0,0,3,0,0,0,0,0,0,5,0,0,0,0,0,0,0,0,0,0,0,0,0,4,0,2,0,0,1,0,0,0,5,3,0,0,0,2,0,4,1,0,0,0,7,0,0,1,0,6,0,0,0,0,1,0,3,0,2,3,1,1,4,3,0,2,0,0,0,0,3,3,0,0,0,2,4,1,3,1,0,3,1,1,1,0,0,1,0,0,8,0,0,0,2,0,0,0,5
0,0,4,0,7,0,0,0,0,0,0,0,0,0,0,0,3,0,0,0,0,0,0,0,4,13,0,0,0,0,0,3,0,0,0,0,4,0,0,0,0,0,0,0,0,0,0,0,4,0,2,0,0,0,0,8,0,0,0,0,0,0,0,0,0,0,6,0,0,0,0,0,0,0,0,0,0,0,0,0,0,0,0,0,0,0,0,0,0,0,0,0,0,4,0,0,0,0,0,0,3,3,0,1,0,0,0,12,6,0,0,0,0,0,0,0,0,0,4,7,1,0,13,4,0,0,0,0,0,0,0,15,0,0,0,0,0,0,0,0,0,9,0,0,2,6,0,0,0,5,4,0,0,0,0,0,0,0,0,6,5,7,2,5,0,0,0,0,6,0,3,0,6,0,0,0,0,0,0,0,0,0,2,0,0,0,0,7,0,0,10,10,0,8,0,0,0,0,0,0,0,5,0,0,0,0,0,0,0,0,0,0,0,9,0,5,0,0,2,0,0,7,8,0,0,4,0,0,0,0,0,0,5,0,0,0,0,0,0,0,0,0,0,0,0,5,2,0,0,0,0,0,0,0,0,10,0,0,0,0,0,0,0,10,0,0,7,0,7,0,0,0,0,0,6,0,0,0,0,0,0,0,5,0,0,0,0,0,0,0
0,0,0,26,0,0,0,8,35,0,0,0,0,0,0,0,0,0,0,4,0,0,0,0,0,0,0,30,0,46,0,0,0,0,5,0,0,0,0,0,0,0,0,0,0,0,14,0,19,0,0,34,2,0,29,0,0,0,14,0,0,2,18,0,0,0,0,0,0,0,0,7,0,0,0,0,0,0,0,0,0,0,0,23,0,0,0,0,0,0,0,0,0,21,26,0,0,0,0,0,0,0,19,0,0,0,0,19,0,0,16,0,0,0,17,0,0,0,14,0,0,0,0,0,0,0,0,0,0,11,0,0,0,0,0,0,0,0,0,0,0,0,0,0,0,0,0,0,0,0,0,0,0,17,0,0,0,0,0,14,0,0,0,0,0,0,0,0,0,0,0,0,0,30,0,0,1,0,0,26,0,0,0,0,0,0,0,0,12,0,0,0,0,0,0,0,0,0,0,0,0,0,0,0,0,0,0,0,0,0,0,29,0,0,0,10,0,0,0,30,0,0,13,0,0,25,16,0,0,0,0,0,0,12,11,4,0,0,0,0,0,0,0,0,0,0,0,10,0,0,0,0,0,0,0,12,0,0,0,0,0,0,0,0,0,0,21,20,0,0,0,17,0,0,0,0,0,0,0,0,0,0,20,0,0,0,0,0,0,0
0,0,0,0,1,1,0,0,1,0,0,0,1,0,0,1,0,0,0,0,0,0,0,0,0,0,0,0,0,0,0,0,0,0,0,0,0,1,1,0,0,0,0,0,0,0,0,0,1,0,0,0,0,0,0,0,0,0,0,0,0,0,0,0,0,0,1,0,0,0,0,1,0,0,0,0,0,0,0,0,0,0,0,1,0,0,0,1,0,0,1,0,0,0,0,0,1,0,0,0,0,0,0,0,0,1,1,1,1,0,1,0,1,0,0,0,0,0,0,1,1,2,0,0,0,0,0,0,0,0,0,0,0,1,0,0,0,0,1,0,0,0,0,0,1,0,0,0,0,0,0,1,0,0,0,0,0,0,0,0,0,0,0,0,0,0,0,0,0,1,0,1,0,0,0,0,0,1,0,0,0,0,0,1,0,0,0,0,0,4,0,0,1,0,1,0,0,0,0,0,0,0,0,0,0,0,2,0,0,0,0,0,0,0,1,0,0,0,0,0,0,0,0,0,0,0,1,0,0,0,1,0,0,0,1,1,0,0,0,0,0,0,0,0,0,1,0,0,0,0,0,0,0,1,1,0,0,0,0,0,0,0,0,0,0,0,0,1,0,0,0,0,0,0,0,0,0,0,0,0,0,1,0,0,0,0,0,0,0,0
0,0,1,0,0,0,2,1,0,0,0,0,0,0,0,0,0,0,1,0,0,0,0,0,0,0,0,0,0,0,0,0,0,0,0,0,0,0,0,0,0,0,0,0,0,0,0,0,0,0,0,0,0,0,0,0,0,0,0,0,0,0,0,0,0,0,0,0,0,0,0,0,0,0,1,0,0,0,0,0,0,0,0,0,0,0,0,0,0,0,0,0,0,0,0,0,0,0,0,0,0,0,0,0,0,0,0,0,0,0,0,0,1,0,0,0,0,0,0,0,0,0,0,0,1,0,0,0,0,0,0,0,0,0,0,1,0,0,0,0,0,0,0,1,0,0,0,0,0,0,1,0,0,0,0,0,0,0,0,0,0,1,0,0,0,0,0,0,0,0,0,0,0,0,0,0,0,0,0,0,0,0,0,0,0,0,0,0,0,0,0,0,0,0,0,0,0,0,0,0,0,0,0,0,0,0,0,1,0,0,0,0,0,0,0,0,0,0,0,0,0,0,0,1,0,0,0,0,0,0,0,0,0,0,0,0,2,0,0,0,0,0,0,0,0,0,0,1,1,0,0,0,0,0,0,0,0,0,0,0,0,0,0,0,0,0,0,0,0,0,0,0,0,1,0,0,0,0,0,0,0,0,1,0,0,1,0,0,1,0
4,1,0,0,0,10,0,0,0,11,0,1,0,2,0,3,2,3,3,0,3,4,0,0,0,0,0,5,0,0,0,0,4,0,0,8,0,0,0,0,4,0,1,6,0,0,0,0,8,0,0,3,0,1,1,0,0,0,5,3,12,0,4,0,0,0,7,0,4,3,0,4,0,0,9,0,0,4,11,0,5,0,0,4,0,0,0,1,0,0,0,3,3,0,0,0,0,0,0,0,0,3,0,0,0,4,5,0,0,0,0,0,0,0,0,0,0,2,0,0,0,0,0,2,0,0,0,0,0,0,0,0,4,0,10,0,0,0,0,0,0,0,0,0,0,5,0,0,0,0,0,0,2,2,0,1,0,0,0,0,0,0,0,0,0,0,0,0,0,4,0,0,5,0,2,1,0,7,8,2,0,0,2,0,0,0,0,5,6,0,0,0,0,0,0,0,0,0,0,0,0,0,5,5,4,3,0,0,0,0,0,0,8,5,0,0,0,0,0,5,0,0,0,0,13,0,0,0,0,0,0,0,0,0,4,4,0,0,1,0,0,0,0,0,0,0,0,0,10,0,0,0,0,0,0,0,0,0,0,0,0,0,4,4,0,0,0,0,0,0,1,0,7,0,4,0,0,0,0,0,11,0,8,0,0,0,0,0,0,2
0,0,0,3,0,0,0,0,0,0,0,0,0,0,5,2,0,0,0,0,0,0,0,0,0,5,1,0,0,0,4,0,2,2,0,0,0,0,0,0,13,0,0,0,0,2,0,0,0,0,0,0,0,0,0,5,0,2,4,0,0,0,0,3,4,0,0,0,0,0,0,0,0,0,0,3,0,6,0,0,0,0,0,0,1,0,0,0,0,0,3,0,6,0,0,0,0,0,0,0,6,0,0,6,4,0,10,0,0,0,0,0,0,0,0,0,0,4,0,0,0,0,0,0,6,0,0,0,0,0,0,0,3,0,0,0,0,8,0,5,0,0,0,0,5,0,0,0,1,0,0,0,0,0,0,0,6,0,0,0,0,0,0,0,0,0,0,0,0,0,6,0,1,0,0,0,0,0,0,0,0,0,0,3,0,0,0,3,0,3,2,0,0,2,0,0,0,0,3,0,7,0,0,4,0,1,0,0,0,0,0,5,0,0,0,0,0,0,0,0,3,0,4,0,0,0,0,0,0,0,0,0,0,0,0,0,0,0,0,2,0,0,0,0,0,0,0,0,0,0,0,0,0,0,0,0,0,1,2,0,7,1,0,0,0,0,0,0,0,0,0,0,0,0,0,0,0,0,0,0,0,0,0,0,0,0,0,0,0,3
0,0,0,0,0,1,0,0,0,0,0,0,0,0,0,0,0,0,0,0,0,0,0,0,0,0,0,0,0,0,0,0,0,0,0,0,0,0,0,0,0,0,0,0,0,0,0,0,0,0,0,0,0,0,0,0,0,0,0,0,0,0,0,0,0,0,0,0,0,0,0,0,0,0,0,0,0,0,0,0,0,0,0,0,0,0,0,0,0,0,0,0,0,0,0,0,0,0,0,0,0,0,0,0,0,0,0,0,0,0,0,0,0,0,0,0,0,0,0,0,0,0,0,0,0,0,0,0,0,0,0,0,0,0,0,0,0,0,0,0,0,0,0,0,0,0,0,0,0,0,0,0,0,0,0,0,0,0,0,0,0,0,0,0,0,0,0,0,0,0,0,0,0,0,0,0,0,0,0,0,0,0,0,0,0,0,0,0,0,0,0,0,0,0,0,0,0,0,0,0,0,0,0,0,0,0,0,0,0,0,0,0,1,0,0,0,0,0,0,0,0,0,0,0,0,0,0,0,0,0,0,0,0,0,0,0,0,0,0,0,0,0,0,0,0,0,0,0,0,0,0,0,0,0,0,0,0,0,0,0,0,0,0,0,0,0,0,0,0,0,0,0,0,0,0,0,0,0,0,0,0,0,0,0,0,0,0,0,0,0
0,0,0,0,0,1,0,0,0,0,0,0,0,0,0,0,0,0,0,0,0,1,0,1,2,0,0,0,0,0,0,0,0,0,3,0,0,0,1,0,0,0,0,0,0,0,1,0,0,0,0,0,0,0,0,0,0,0,0,0,0,1,0,0,0,0,0,1,0,0,0,0,1,0,0,0,0,0,0,1,0,1,0,0,0,0,0,0,0,2,0,0,0,0,0,1,0,0,0,0,0,0,0,0,0,0,1,0,0,0,1,0,0,1,1,0,0,0,0,0,0,0,0,0,0,0,2,0,3,0,0,0,0,1,0,0,0,0,0,0,0,0,0,0,0,0,0,0,0,0,0,0,0,0,0,0,0,0,0,0,1,0,0,0,0,0,1,0,0,0,0,0,1,0,0,0,0,0,0,0,0,0,0,0,0,0,0,0,1,0,0,0,0,0,0,1,0,0,1,0,0,0,0,0,0,0,0,0,0,1,1,0,0,0,0,1,0,0,0,1,1,0,1,0,0,0,0,0,0,0,0,2,0,0,0,1,0,1,0,1,1,0,2,0,0,0,0,1,0,0,0,0,1,0,0,0,0,1,0,1,0,1,0,0,0,0,0,0,0,0,0,0,0,0,0,0,0,0,0,0,0,0,0,0,0,0,0,0,0,0
0,0,0,1,0,0,0,1,0,0,0,0,0,0,1,0,0,0,0,0,0,0,0,0,0,0,0,0,0,0,1,0,0,0,0,0,0,0,0,0,0,0,0,0,0,0,1,0,0,0,0,0,0,0,0,0,0,0,0,0,0,0,3,0,1,1,0,0,0,0,1,0,1,4,1,0,0,1,0,0,0,2,0,0,6,0,0,0,0,0,0,2,0,0,0,0,0,0,0,1,1,1,0,0,0,0,1,0,1,0,0,1,1,0,0,0,0,1,2,0,0,0,0,0,0,0,0,0,0,0,0,0,0,0,0,0,0,0,0,0,0,0,1,0,0,0,0,0,0,1,0,0,0,0,0,0,0,1,0,0,0,0,0,1,0,0,0,0,0,0,2,0,0,0,0,0,1,0,0,0,0,0,0,1,0,0,0,0,0,0,1,0,0,0,0,0,0,2,0,0,0,0,0,0,1,0,0,0,0,0,0,1,1,1,0,0,0,0,0,0,1,0,0,0,0,0,0,0,0,0,0,1,1,0,1,0,0,0,0,0,0,0,0,1,0,1,0,1,0,0,0,0,1,0,0,0,0,0,0,0,0,0,0,0,0,0,0,0,1,1,0,0,0,0,0,0,0,0,0,0,0,0,0,0,1,1,0,0,0,0
1,1,2,0,0,0,0,1,1,0,0,0,0,0,0,0,0,0,1,0,0,1,1,0,1,1,0,1,0,1,0,0,0,1,0,0,2,0,0,0,0,0,0,1,0,0,0,1,1,1,0,1,0,1,0,0,0,1,1,2,1,0,0,2,0,1,1,0,0,2,1,1,0,0,0,0,0,0,0,0,0,0,1,0,0,0,0,0,0,1,1,1,1,0,0,1,0,1,0,1,0,0,0,0,0,1,0,0,0,2,1,1,0,0,0,0,0,1,0,0,0,0,0,0,0,1,1,0,0,0,0,0,0,1,0,0,0,0,0,1,0,1,0,1,0,1,0,1,0,2,1,1,1,0,1,0,0,0,0,1,1,0,1,1,1,1,0,0,1,1,0,0,1,0,1,0,1,0,1,0,0,1,0,0,0,0,0,1,0,0,0,0,0,1,0,0,0,0,0,0,0,0,0,0,1,0,0,0,1,0,1,0,0,1,0,1,1,1,0,1,0,0,0,0,0,0,0,1,0,0,0,0,0,0,0,0,0,0,0,0,0,0,0,0,0,0,0,0,0,0,0,0,1,0,0,0,1,0,1,0,0,0,0,0,0,0,1,0,0,0,0,0,1,0,0,0,0,0,0,0,0,0,0,0,0,0,0,0,1,0
3,3,3,0,0,2,0,0,0,7,2,2,0,7,5,7,0,0,7,0,7,4,1,0,4,3,4,2,0,5,0,0,0,1,1,0,2,2,0,0,0,0,4,5,0,0,0,5,1,6,5,0,0,4,2,0,0,3,3,2,4,10,0,0,0,0,2,4,0,3,3,0,0,11,2,0,0,0,14,7,0,2,12,0,0,5,1,2,2,2,1,4,4,0,1,0,0,3,4,11,1,5,0,2,2,0,0,4,2,0,0,0,0,0,0,0,0,2,0,0,0,0,0,1,0,0,3,0,0,0,2,0,0,0,0,0,0,0,0,0,1,4,4,0,0,3,2,2,0,3,0,0,0,0,0,0,3,0,0,0,0,3,0,0,0,4,5,2,2,0,8,3,7,0,0,0,0,6,2,2,0,0,1,1,2,0,0,2,5,5,0,0,1,0,10,1,0,4,0,0,0,0,0,0,0,0,3,3,1,0,0,0,0,0,0,0,0,0,0,0,0,0,0,0,0,0,0,0,0,4,3,0,0,0,2,0,3,3,0,0,0,0,4,0,0,0,2,0,0,0,0,0,0,0,0,0,0,0,0,0,0,0,0,0,2,4,0,0,0,0,0,0,0,0,0,0,0,0,0,0,0,3,0,0,0,0,0,0,0,0
0,0,0,1,0,0,0,0,0,0,0,0,0,0,0,4,0,0,0,0,0,0,4,0,0,3,0,0,0,0,0,0,3,4,0,0,2,0,0,0,0,0,4,0,6,0,0,5,0,3,0,0,0,0,0,0,0,0,0,0,0,0,0,0,0,0,0,0,0,0,6,2,0,0,13,0,2,0,0,0,3,0,0,2,1,0,0,0,0,0,0,0,0,0,0,0,1,0,2,0,0,0,0,0,0,0,0,0,0,0,2,2,5,0,0,0,0,0,0,0,0,0,0,0,0,0,0,0,0,0,0,0,2,0,0,0,2,0,0,0,0,0,0,0,2,0,0,0,0,0,0,0,0,0,0,0,0,1,0,0,0,0,0,0,0,0,0,0,0,0,0,0,3,0,0,0,0,0,0,2,0,0,0,0,0,3,0,0,5,0,0,0,0,0,2,0,0,0,0,0,2,0,0,0,3,0,0,0,0,0,0,0,0,0,0,0,0,0,0,1,0,0,0,0,0,0,0,0,0,0,0,0,0,0,0,0,3,0,0,0,0,6,0,0,4,0,3,0,0,0,0,0,0,3,4,0,0,0,0,0,0,0,3,1,0,0,3,0,0,0,0,1,0,0,0,0,0,0,0,0,0,0,0,0,0,1,4,0,2,0
0,0,103,9,0,32,23,21,43,0,0,10,30,0,0,0,15,20,0,16,0,0,0,7,50,16,0,0,0,14,21,0,0,16,0,15,24,28,93,13,56,48,0,0,0,0,18,0,18,0,20,16,32,0,3,14,8,0,0,0,0,0,30,0,31,19,0,26,0,0,0,0,0,0,0,0,0,14,0,0,0,44,0,0,0,12,0,0,0,0,0,8,0,0,0,0,0,0,0,0,0,0,0,0,0,23,0,0,0,14,0,0,22,0,0,11,0,0,0,9,0,22,0,0,0,0,17,0,0,0,0,0,0,0,0,0,0,0,0,22,0,0,0,0,0,0,0,0,0,0,0,0,0,0,0,0,0,0,0,0,0,25,0,0,0,0,0,0,0,35,0,0,0,0,0,0,0,10,0,6,0,0,0,0,0,0,0,0,0,0,0,0,0,0,0,0,0,0,0,0,0,0,0,0,0,0,0,23,18,0,18,0,0,24,0,0,0,0,0,18,0,21,0,0,26,33,0,0,0,4,0,0,0,0,0,0,0,0,0,0,0,0,0,0,0,0,0,0,7,0,0,0,0,15,25,0,7,0,0,0,0,0,0,0,0,0,18,0,18,0,19,36,0,0,0,0,3,0,0,0,0,0,0,0,0,15,0,34,0,20
2,1,0,1,0,1,0,0,0,0,0,0,1,0,0,0,0,1,2,0,0,1,0,0,0,0,0,0,0,0,1,0,0,0,2,0,0,0,1,0,1,0,1,1,0,1,0,0,1,0,0,2,0,1,0,0,0,1,1,2,0,1,1,0,0,0,1,0,0,0,0,0,0,0,0,3,0,1,2,0,1,0,1,0,2,0,0,2,0,0,0,0,0,0,0,0,0,0,0,0,0,0,0,0,0,0,0,0,0,0,0,0,0,0,1,0,0,0,0,1,0,0,1,0,0,0,0,1,1,0,0,0,1,1,1,0,0,0,0,0,0,0,3,1,0,0,0,0,0,0,1,0,0,1,0,0,0,0,0,0,0,0,0,0,0,1,1,1,1,0,0,0,2,0,0,0,0,0,1,1,1,2,1,0,2,0,0,0,1,0,2,1,0,0,0,0,0,0,0,0,0,0,0,0,1,2,0,1,0,0,0,1,1,1,1,0,0,0,1,0,0,0,0,0,0,0,0,0,0,0,0,0,0,0,1,0,0,0,0,0,0,0,0,0,0,1,0,0,0,0,0,0,0,0,0,0,0,0,0,0,0,0,0,0,0,0,0,2,0,0,0,0,0,0,0,1,1,0,0,0,0,0,0,0,0,0,0,0,0,1
2,0,1,0,0,0,7,0,0,0,0,0,0,4,0,0,3,3,2,0,0,0,1,1,3,0,1,0,0,0,0,0,3,0,14,0,0,8,0,0,0,0,0,0,1,0,0,0,0,6,0,0,0,0,5,0,0,0,3,2,2,0,0,3,1,0,4,0,0,0,0,0,0,0,3,0,0,0,0,0,2,0,0,0,0,4,0,0,2,1,3,2,0,0,7,0,0,0,0,0,0,0,4,0,0,0,0,0,0,0,1,0,0,2,0,0,2,0,0,0,0,0,0,0,2,0,0,0,0,0,0,0,3,0,0,0,0,0,0,0,1,0,0,0,0,0,5,0,0,0,0,0,0,0,0,0,0,0,0,0,0,0,0,0,0,0,3,1,3,0,0,0,3,4,4,0,0,0,0,0,0,0,2,0,2,0,0,0,1,0,0,6,0,4,0,8,0,0,0,3,0,0,0,0,11,0,1,0,0,0,0,3,0,0,0,1,0,0,0,3,0,2,0,2,3,0,3,0,0,0,2,0,0,0,0,0,0,3,2,0,2,0,0,0,0,0,0,0,0,0,0,0,0,0,0,3,0,0,0,0,1,0,3,0,3,0,0,0,0,4,1,3,0,0,0,0,2,0,0,0,0,0,3,0,4,0,0,0,0,0
0,0,0,0,0,0,0,0,0,0,0,0,0,1,0,0,0,0,0,0,1,0,0,0,0,0,0,0,0,0,0,0,0,0,1,0,0,0,0,0,0,0,0,0,0,0,0,0,0,0,0,0,0,0,0,0,0,0,0,0,0,1,1,0,0,0,0,0,0,1,0,0,0,0,0,0,0,0,0,0,0,0,0,0,1,0,0,0,0,0,1,1,0,0,0,0,1,0,0,0,0,0,0,0,0,0,1,0,0,0,0,0,0,0,0,0,0,0,0,0,0,0,0,0,1,0,0,0,0,0,0,0,0,0,0,0,0,0,0,1,0,0,0,0,0,0,0,0,0,0,0,0,0,0,1,0,0,0,0,0,0,3,0,0,0,0,0,0,0,0,0,0,0,0,0,0,0,0,0,0,0,0,0,0,0,0,0,0,0,0,0,0,0,0,0,0,0,0,0,0,0,0,0,0,0,0,0,1,0,0,0,0,0,0,0,0,0,0,0,0,0,0,0,0,0,0,0,0,0,0,0,0,1,1,0,0,0,0,0,0,0,0,0,0,0,0,0,1,0,0,0,0,0,0,0,0,0,0,0,0,0,0,0,0,0,0,0,0,0,0,0,1,0,0,0,0,0,0,0,0,0,0,0,0,0,0,0,0,0,0
0,8,3,0,0,0,0,0,0,2,0,0,0,7,0,0,4,0,0,3,0,0,0,0,0,0,0,0,0,3,9,0,0,3,0,0,0,0,4,0,1,0,3,0,0,0,0,2,0,0,0,0,0,0,8,0,0,0,0,0,3,0,3,0,0,0,0,0,0,0,0,0,4,0,0,1,0,0,0,0,0,0,0,0,0,0,0,3,0,0,6,0,3,0,0,4,0,0,0,0,0,0,0,0,0,0,4,0,0,2,0,4,3,0,1,0,0,0,0,0,4,0,0,0,0,0,0,0,0,0,0,0,0,0,7,0,0,4,1,0,0,0,0,0,0,0,0,0,0,0,1,0,2,3,0,0,3,0,0,4,0,4,0,0,0,0,0,2,0,0,0,0,0,0,0,4,2,0,0,2,2,0,0,0,5,0,0,0,0,0,3,0,0,0,0,3,0,0,0,2,5,0,0,0,0,0,5,0,0,0,6,0,0,0,0,0,0,0,0,3,0,0,0,0,0,0,0,0,0,0,3,0,0,0,0,0,0,1,0,0,0,0,0,0,0,0,0,0,0,0,0,2,0,0,0,0,0,3,4,0,1,11,0,0,1,0,4,2,0,0,0,3,0,0,0,0,0,0,0,2,0,0,0,0,0,1,0,0,0,0
4,0,0,20,0,0,0,0,62,0,0,0,0,0,0,0,0,0,0,0,0,21,0,0,0,0,0,0,0,0,0,0,0,0,0,0,0,0,0,0,0,0,0,0,0,25,0,0,0,0,0,0,0,0,0,19,0,20,17,23,3,0,0,0,0,0,0,0,0,0,0,0,0,0,0,0,0,0,0,0,0,0,0,0,0,0,0,0,0,0,0,0,0,11,0,0,0,12,0,0,0,0,22,0,11,0,18,0,0,0,0,0,0,0,0,16,19,36,0,0,0,0,0,0,0,0,0,0,0,0,0,0,0,24,0,0,0,0,0,0,26,0,11,0,0,0,0,0,0,15,0,0,0,0,0,0,0,0,0,0,0,0,0,0,0,0,20,0,0,16,6,0,0,0,0,0,0,12,0,0,0,0,0,44,0,0,0,19,0,0,0,0,13,0,0,0,0,0,0,0,0,0,6,0,0,0,0,14,0,0,15,0,16,23,0,0,0,0,0,0,0,19,0,0,14,0,0,0,0,0,24,0,20,0,0,0,0,0,0,0,0,0,0,0,17,11,0,0,0,16,0,22,0,0,0,0,3,0,0,0,0,0,15,42,23,0,0,0,0,0,0,28,10,0,6,0,68,0,0,0,0,0,0,0,0,0,0,23,0,25
20,4,5,4,0,5,2,0,0,9,25,15,11,58,6,15,12,6,8,5,18,15,5,19,4,18,1,17,1,12,5,4,12,18,10,6,7,0,6,5,28,10,3,15,0,15,0,8,28,5,0,4,2,58,29,0,17,11,8,16,15,7,12,6,0,5,28,17,0,8,1,23,0,4,2,9,0,13,5,0,0,5,6,12,0,2,19,5,0,3,5,6,3,10,0,2,8,8,6,1,13,5,6,7,4,11,6,1,12,28,5,0,1,7,7,0,0,10,28,7,0,0,6,4,0,6,2,18,7,0,10,4,20,16,28,16,18,0,6,5,17,19,7,4,0,16,6,4,0,14,3,17,8,36,7,3,19,14,5,3,10,14,3,14,10,10,4,0,4,6,6,16,4,1,30,0,0,3,24,7,12,3,4,0,0,12,16,10,3,10,5,12,6,0,6,14,8,15,11,0,6,0,5,6,0,0,2,4,2,5,2,0,10,5,20,11,3,7,3,4,0,0,6,6,0,19,0,0,17,4,0,5,3,11,7,3,2,16,0,4,0,5,4,4,4,4,6,0,1,4,7,0,0,0,6,5,4,0,4,5,12,4,0,4,0,0,5,0,0,3,6,9,5,0,8,3,4,0,4,0,0,0,4,6,15,2,7,3,5,0
0,0,0,0,4,0,3,0,0,0,0,0,0,0,0,1,2,0,0,0,0,4,0,6,9,0,0,0,0,0,0,0,0,0,0,0,0,0,9,0,4,0,4,0,7,0,0,0,0,0,0,3,0,0,0,11,0,0,0,0,0,3,0,0,0,0,0,0,0,0,0,6,0,0,0,0,0,12,0,6,6,0,0,0,0,0,0,0,0,0,0,0,0,0,0,0,0,5,0,0,0,0,0,0,0,0,0,0,0,0,0,0,0,0,0,0,0,0,0,0,3,0,2,0,0,0,0,0,7,0,0,0,4,13,0,0,0,0,0,0,4,0,0,0,0,0,0,0,0,0,0,0,4,0,5,0,0,0,6,0,0,0,0,0,0,6,0,0,0,0,0,0,0,0,0,0,0,0,0,0,0,0,0,0,0,0,0,0,0,0,0,0,0,0,0,0,0,9,0,0,0,0,0,0,0,0,0,6,0,0,4,0,6,0,0,0,0,2,0,3,0,0,0,0,0,0,6,0,0,0,0,0,0,0,3,8,0,0,0,0,0,0,0,0,0,0,0,0,0,0,0,8,0,0,0,4,0,0,0,0,0,0,9,0,5,0,0,0,0,5,0,0,0,0,0,0,0,0,7,0,0,0,0,0,0,0,4,0,0,6
6,0,1,2,0,0,3,0,0,0,0,0,0,0,0,0,0,0,0,0,0,0,2,0,0,0,0,2,0,4,1,0,0,2,0,0,0,0,6,2,0,0,0,2,0,0,0,0,0,0,0,0,0,0,4,0,0,0,0,0,0,3,0,0,0,0,6,0,0,0,0,0,0,0,0,0,0,1,0,7,0,1,0,1,0,0,0,5,0,0,0,2,0,0,0,0,0,0,0,0,0,0,0,0,0,0,0,1,0,0,2,0,0,0,0,0,0,0,0,0,0,0,0,0,0,2,2,0,0,0,0,0,0,0,0,0,0,0,2,0,1,0,2,2,0,0,0,4,0,0,0,0,3,0,0,0,0,0,1,0,0,2,0,0,0,0,0,0,0,2,1,0,2,7,0,0,0,0,0,0,0,3,0,0,4,0,0,0,0,0,2,0,0,0,0,0,2,0,0,0,0,1,0,0,1,0,0,0,0,0,0,0,3,0,4,0,7,1,1,0,0,0,0,2,0,0,0,1,0,0,0,0,1,2,1,0,5,0,0,0,0,1,0,0,0,2,0,0,0,0,0,0,0,0,0,0,0,0,0,0,2,3,0,0,0,0,0,0,0,0,2,2,0,0,0,5,1,0,0,0,0,5,0,0,0,0,0,0,0,0
0,0,0,0,2,1,2,0,0,0,1,0,3,0,0,0,0,2,0,0,0,0,0,4,0,1,0,0,3,0,1,3,0,0,3,1,0,2,5,3,1,4,0,1,1,0,1,0,0,0,0,0,0,0,1,0,0,0,0,0,0,0,0,0,1,0,0,0,2,0,0,0,0,1,0,1,0,1,1,0,0,0,0,0,0,0,0,0,1,0,0,0,0,0,0,0,0,0,0,0,0,0,0,0,0,0,0,0,0,0,0,0,0,0,0,0,0,0,2,0,0,0,1,0,0,0,0,0,1,2,0,2,0,0,0,0,0,0,1,1,1,0,0,0,0,0,1,0,0,1,0,0,0,0,0,0,1,1,0,0,0,0,0,0,1,0,0,0,0,0,0,0,0,0,0,0,0,0,0,0,0,0,0,2,0,0,1,0,0,0,0,1,0,0,1,0,3,0,0,0,0,0,0,0,0,0,0,0,1,0,0,0,0,0,0,1,0,0,0,0,1,0,0,1,0,0,0,1,0,0,0,0,0,0,0,0,0,0,1,0,0,0,1,1,0,0,0,0,0,0,0,0,0,0,0,0,0,0,0,0,0,0,0,0,0,0,0,0,0,0,0,0,0,0,0,0,0,0,0,0,0,0,1,0,3,0,0,0,0,0
0,0,4,0,0,0,0,0,0,0,0,0,0,0,0,0,0,0,0,0,2,0,0,0,2,0,0,0,5,0,0,0,2,0,0,0,0,0,0,0,0,0,0,0,0,9,0,0,5,0,0,3,6,0,0,0,0,0,0,0,0,0,0,12,0,0,0,0,0,0,2,4,0,0,2,0,13,0,0,0,0,0,0,0,0,0,0,0,0,0,0,0,0,0,0,0,0,0,0,0,0,0,0,0,0,0,0,0,0,0,3,0,0,2,0,5,0,0,0,0,0,0,0,2,0,0,0,4,0,0,0,0,0,0,0,0,0,0,0,0,1,0,0,0,0,0,0,0,4,0,0,0,0,2,0,0,0,0,0,0,9,0,0,0,0,0,0,0,0,0,0,0,0,0,1,0,0,0,0,0,13,0,0,0,0,0,0,0,0,0,0,0,3,0,0,0,0,0,0,0,0,0,12,0,0,0,0,0,0,0,6,0,0,0,0,12,6,0,0,8,0,0,0,0,0,0,0,4,4,0,0,0,6,0,0,0,0,11,0,0,0,0,0,0,0,0,4,0,0,0,0,0,0,3,0,0,0,5,0,0,0,9,8,5,4,0,0,0,0,0,0,0,0,0,0,0,0,0,1,0,0,0,0,0,0,0,0,0,0,0
0,0,0,0,0,0,0,0,0,0,0,0,0,0,0,0,0,0,0,0,0,0,0,0,0,0,0,0,0,0,0,0,0,0,0,0,0,0,0,0,0,0,0,0,0,0,0,0,0,0,0,0,0,0,0,0,0,0,0,0,0,0,0,0,0,0,0,0,0,0,0,0,0,0,0,0,0,0,0,0,0,0,1,0,0,0,0,0,0,0,0,0,0,0,0,0,0,0,0,0,0,0,0,0,1,0,0,0,0,0,0,0,0,0,0,0,0,0,0,0,0,0,0,0,0,0,0,0,0,0,0,0,0,0,0,0,0,0,0,0,0,0,0,0,0,0,0,0,0,0,0,0,0,0,0,0,0,0,0,0,0,0,0,0,0,0,0,0,0,0,0,0,1,0,0,0,0,0,0,0,0,0,0,0,0,0,0,0,0,0,0,0,0,0,0,0,0,0,0,0,0,0,0,0,0,0,0,0,0,0,0,0,0,0,0,0,0,0,0,0,0,0,0,0,0,0,0,0,0,0,0,0,0,0,0,0,0,0,0,0,0,0,0,0,1,0,0,0,0,0,0,0,0,0,0,0,0,0,0,0,0,0,0,0,0,0,0,0,0,0,0,0,0,0,0,0,0,0,0,0,0,0,0,0,0,0,0,0,0,0
0,0,0,0,0,0,0,0,0,0,0,0,0,0,0,1,0,0,0,0,0,0,0,1,0,0,0,0,0,1,0,0,0,0,0,1,0,0,0,0,0,0,0,0,0,0,0,0,0,0,0,0,0,0,0,0,0,1,0,0,0,0,0,0,0,0,1,0,0,1,0,0,0,0,0,0,0,0,0,0,0,0,0,0,0,0,0,0,0,1,0,0,0,0,0,0,0,0,0,0,0,0,0,0,0,0,0,0,0,0,0,0,0,0,0,0,0,0,0,1,0,0,0,1,0,0,0,0,0,0,0,0,0,1,0,0,0,0,0,0,0,0,0,0,0,0,0,0,0,0,0,0,0,0,0,0,0,0,1,0,0,0,0,0,0,0,0,0,0,0,0,0,0,0,0,0,0,0,0,0,0,0,0,0,0,0,0,0,0,1,0,0,0,0,0,0,0,1,0,0,1,0,0,0,0,0,0,0,0,1,0,0,1,0,0,0,0,0,0,0,0,0,0,0,0,0,0,0,0,0,0,0,0,0,0,0,1,0,0,0,0,0,0,0,0,0,0,0,0,1,0,0,0,0,0,0,0,0,0,0,0,1,0,1,0,0,0,1,0,0,0,0,0,0,0,0,0,0,0,0,0,0,1,0,0,1,0,1,0,0
0,0,0,0,0,0,1,0,0,1,2,0,0,0,0,0,0,0,0,3,0,0,0,2,0,2,0,0,0,1,0,0,0,0,0,0,2,0,0,0,0,0,0,0,2,0,0,1,0,1,1,0,0,0,0,2,1,0,0,0,0,1,0,0,0,0,1,0,1,0,0,3,0,5,0,0,1,0,0,1,0,0,0,0,0,0,0,0,0,0,2,0,0,0,0,0,0,0,0,0,0,0,0,0,0,0,0,0,0,0,0,2,0,0,1,0,0,0,0,0,0,5,0,0,0,0,0,0,0,0,0,0,1,0,0,1,0,0,0,0,0,0,0,0,2,0,0,0,0,0,0,0,0,0,0,0,1,1,2,0,1,1,0,0,0,0,0,0,0,0,0,0,0,0,0,0,0,0,2,0,1,0,0,0,0,0,0,0,0,0,0,0,0,0,1,0,2,0,0,0,0,0,0,0,0,0,0,0,0,0,2,0,4,0,2,0,0,0,0,1,0,0,1,0,0,0,0,0,0,2,0,0,0,0,0,0,0,0,0,0,0,0,0,0,0,0,0,0,0,0,0,1,0,0,0,0,0,0,0,0,0,0,0,0,0,0,2,0,0,1,0,0,0,0,0,0,0,0,1,0,0,0,2,0,0,0,2,0,0,0
0,0,0,1,0,0,0,1,0,0,0,0,0,1,1,1,0,0,0,0,0,0,0,0,0,0,0,0,0,0,1,0,0,0,0,1,0,0,0,0,0,0,0,0,0,0,0,0,0,0,0,0,1,1,1,0,0,1,0,0,0,0,1,0,0,0,1,0,0,0,0,0,0,0,0,0,0,0,1,0,0,0,2,0,0,0,0,0,1,0,0,0,0,0,1,0,0,0,1,0,0,0,0,0,1,0,0,0,1,0,0,0,0,0,0,0,0,1,0,0,0,0,1,0,0,0,0,0,1,2,0,0,0,2,0,0,0,1,0,0,0,0,1,0,0,0,1,1,0,0,0,0,1,0,0,0,0,1,0,0,0,0,1,0,0,0,0,0,0,0,0,0,0,0,0,1,1,0,0,0,1,1,0,0,0,0,0,0,0,0,0,0,0,1,0,0,0,0,0,0,1,0,0,0,0,1,0,0,1,0,0,0,0,0,0,0,0,0,0,0,0,0,0,0,2,0,0,3,0,0,1,0,0,0,0,0,0,1,0,0,0,0,0,0,0,0,0,0,0,0,0,0,0,1,1,0,0,0,0,0,0,0,1,0,0,0,0,0,0,0,0,0,0,0,0,1,0,0,0,0,0,0,0,0,0,0,0,1,0,0
0,0,0,0,0,0,0,0,24,5,0,0,0,0,12,0,0,0,0,0,0,0,0,0,0,0,0,0,0,7,0,5,0,0,9,32,0,0,0,0,15,0,0,0,0,0,5,0,0,5,0,0,0,0,0,0,0,0,0,0,0,25,0,10,0,0,0,0,0,0,0,0,0,0,0,0,0,0,0,6,12,0,0,0,0,0,0,0,0,8,0,0,0,0,7,0,0,0,0,0,0,0,0,0,0,0,0,0,0,0,0,0,0,26,0,0,0,0,0,0,0,0,0,0,9,0,9,0,0,0,0,0,0,0,0,0,0,0,9,0,0,0,0,5,0,9,0,0,0,0,0,0,6,0,0,0,0,0,0,0,0,5,0,0,6,0,9,0,0,0,0,0,0,16,0,0,0,6,0,0,10,0,0,0,0,21,9,0,0,0,0,0,9,0,0,6,0,0,7,0,22,0,0,0,0,0,0,0,0,0,0,0,4,0,0,0,0,0,0,22,11,12,5,0,0,0,9,0,0,0,0,0,0,0,14,0,0,5,0,0,22,7,0,0,0,11,0,0,0,0,18,0,0,0,8,0,7,0,0,0,0,0,0,0,0,5,0,35,0,0,0,8,0,0,0,0,0,0,0,0,2,0,0,5,0,0,0,0,11,0
0,0,0,0,0,0,0,0,0,0,0,0,0,0,0,0,0,0,0,0,1,0,0,0,0,1,0,0,0,0,0,0,0,0,0,0,0,1,0,0,3,0,0,0,0,0,0,0,0,0,0,0,1,2,0,0,0,0,0,0,0,0,0,0,0,0,0,0,0,0,0,0,0,0,0,0,1,0,0,0,0,0,4,0,0,0,0,2,0,0,0,0,0,1,0,0,0,0,0,1,0,0,0,0,0,0,0,1,0,0,0,1,0,0,0,0,5,0,0,0,0,1,0,3,0,2,1,0,0,1,0,0,1,0,0,0,0,0,1,0,2,0,0,1,0,0,0,0,1,0,0,0,0,0,0,0,2,2,0,0,0,0,0,0,0,0,0,0,0,0,0,0,0,0,0,0,0,1,0,0,2,0,0,2,0,4,0,1,0,0,0,0,1,0,0,0,0,1,0,0,0,0,0,0,0,0,0,0,0,0,0,0,0,0,0,0,0,0,0,0,0,0,1,0,1,0,0,0,0,1,0,1,0,0,0,0,0,1,0,1,1,0,0,0,1,1,0,0,0,0,0,0,0,0,0,0,0,0,0,2,1,0,0,0,0,1,1,0,0,0,0,0,2,0,0,0,0,0,2,0,1,0,0,0,2,0,2,2,0,0
0,0,4,11,0,0,2,0,0,0,0,0,0,0,2,2,0,0,0,0,0,0,2,0,0,0,0,0,0,0,0,0,0,5,0,0,4,7,0,0,4,0,0,0,7,0,0,0,0,0,5,0,0,0,2,0,3,3,0,0,0,5,0,0,0,0,0,0,0,1,0,0,0,0,0,0,0,3,3,0,0,0,0,3,0,2,0,0,0,0,0,0,0,0,0,3,0,0,0,0,0,0,0,0,0,0,0,0,2,0,0,0,0,0,2,0,0,7,0,0,0,0,9,0,0,0,0,0,0,0,0,0,0,6,0,0,3,0,0,0,0,5,0,0,0,0,0,3,0,0,0,0,0,0,0,0,0,0,0,0,0,1,0,0,6,0,0,5,0,7,0,3,0,0,2,0,0,0,0,0,0,0,0,0,0,0,0,0,3,0,0,0,3,0,0,1,0,0,4,0,0,0,0,0,0,0,0,0,0,0,0,4,0,0,0,0,0,0,0,0,0,0,6,3,0,0,0,0,0,0,0,0,0,0,0,0,1,0,2,0,0,0,0,0,0,9,0,5,0,9,0,5,15,0,0,4,0,0,0,0,8,4,0,9,2,0,0,0,0,0,0,5,0,4,0,0,16,0,0,0,9,5,3,2,9,0,0,0,2,6
0,0,0,0,0,0,0,0,0,9,0,0,0,0,0,0,10,0,4,15,0,0,0,0,0,0,0,0,26,0,0,0,0,4,0,0,0,0,0,0,0,0,0,0,16,0,0,0,0,7,14,0,0,6,0,0,0,0,0,0,0,0,0,0,0,0,0,0,65,11,40,0,0,0,0,0,0,0,0,26,7,0,0,17,0,0,0,0,0,13,12,0,0,0,0,0,0,0,0,6,0,12,24,0,0,0,0,10,28,0,0,0,0,0,0,0,0,0,0,0,0,0,0,0,0,0,0,0,0,0,0,0,18,0,0,0,0,0,0,0,0,12,11,0,6,8,0,0,0,0,0,0,9,8,0,4,0,0,0,0,0,0,0,0,0,0,0,0,0,9,0,31,0,12,0,0,0,0,0,12,0,0,0,0,0,0,0,4,0,0,22,0,29,0,0,0,0,0,9,0,0,0,0,0,0,0,0,0,0,0,0,0,0,0,0,11,23,0,0,0,0,0,0,0,0,9,0,0,15,0,0,0,0,0,0,0,0,0,0,10,0,0,0,0,0,0,0,0,0,0,0,0,0,0,0,13,0,0,27,8,0,0,4,0,0,0,0,0,11,0,0,0,0,0,0,0,11,0,0,12,0,0,0,0,0,0,0,9,0,0
0,0,0,0,0,0,0,0,5,0,0,0,2,0,0,0,0,0,0,7,1,0,0,0,0,0,0,0,4,0,0,0,0,0,0,0,0,0,0,0,3,1,0,0,0,0,0,0,0,0,2,0,4,0,3,0,3,0,0,5,0,0,0,0,0,0,0,0,0,0,0,0,0,0,0,0,0,0,0,0,0,0,0,0,0,0,0,0,0,4,0,0,0,3,0,0,0,0,3,0,0,0,0,0,0,0,0,3,0,2,0,0,5,0,0,0,0,0,1,0,0,0,0,5,0,7,0,0,2,0,0,5,0,0,1,0,0,0,0,0,0,0,0,0,5,0,0,0,0,0,2,0,0,0,0,0,0,0,0,0,0,0,0,0,0,0,0,0,0,0,0,5,0,0,0,0,0,0,0,6,0,0,10,0,0,0,0,0,0,4,0,0,3,0,0,0,0,0,0,0,0,8,0,0,3,8,14,0,5,0,0,5,0,0,3,6,0,0,0,0,6,0,0,0,0,0,5,0,0,0,4,0,0,0,0,2,0,0,0,0,0,0,0,4,0,0,0,0,0,0,0,0,0,2,0,0,0,2,0,0,0,0,0,0,7,0,0,3,0,0,0,0,0,0,0,3,0,0,0,0,0,0,0,4,0,4,0,0,2,0
0,2,0,1,0,2,0,0,0,0,0,1,0,0,0,0,0,0,0,2,0,0,0,0,0,0,0,0,0,0,1,1,0,0,0,0,0,0,0,0,1,0,0,0,0,0,0,0,0,0,0,2,0,0,0,0,0,1,0,0,0,0,2,0,0,0,0,0,0,0,0,0,0,0,0,0,1,0,0,0,0,0,0,0,0,0,0,0,0,0,0,1,1,1,0,0,0,0,0,0,0,0,0,0,1,0,0,0,0,0,2,0,0,0,0,0,1,0,0,0,0,0,0,0,0,0,0,0,0,0,0,0,0,0,0,1,1,0,0,0,0,1,0,0,0,0,0,0,0,0,0,0,1,0,0,2,0,0,2,0,1,0,0,0,0,1,0,1,0,1,0,0,0,0,1,1,0,0,0,0,1,1,0,0,0,0,0,0,0,0,0,0,0,0,0,0,0,0,0,0,0,0,0,0,1,1,0,1,0,0,0,0,0,0,0,0,0,0,0,0,0,0,0,0,0,0,0,0,0,0,0,0,0,1,0,0,0,0,1,0,0,0,0,1,0,0,0,0,0,0,0,0,0,1,0,1,0,0,0,0,0,0,0,0,0,0,0,0,0,1,0,0,0,0,0,0,0,0,0,0,0,0,0,1,0,0,0,0,0,0
0,2,3,0,0,0,0,2,1,3,0,0,0,1,3,1,0,1,4,0,1,2,1,0,1,2,2,3,0,2,0,0,0,2,0,0,1,0,0,1,0,0,0,1,0,1,2,3,1,1,0,2,1,0,1,0,0,1,0,1,0,2,0,1,0,0,4,2,0,0,1,3,0,0,1,0,0,0,1,0,0,0,0,0,2,0,0,0,0,0,5,1,0,1,1,0,1,0,1,1,0,1,2,1,1,1,0,1,0,0,1,0,0,0,0,0,0,0,0,1,1,0,1,1,1,2,1,0,0,0,2,0,0,4,2,0,0,1,0,0,2,0,0,0,0,0,1,0,1,0,0,1,0,0,0,1,0,0,0,0,0,0,1,0,0,0,0,0,0,1,0,0,0,0,0,0,0,2,1,1,2,1,0,0,0,0,1,0,0,0,0,0,0,0,0,0,0,0,0,2,0,0,0,0,0,0,0,0,0,0,0,0,1,0,0,1,0,0,0,0,0,0,0,0,0,0,0,0,1,0,0,0,0,0,0,0,0,0,1,0,0,0,0,2,0,0,0,0,0,0,0,0,0,0,0,0,0,0,0,0,0,0,1,0,0,0,0,0,0,1,0,0,0,0,0,0,1,0,0,0,0,0,0,0,0,0,0,0,1,1
0,2,1,0,0,3,0,2,0,0,0,0,0,0,0,0,0,0,0,0,0,0,0,0,0,0,0,0,0,0,1,0,0,0,0,0,0,0,0,0,0,0,0,0,0,2,0,0,0,0,0,0,2,0,0,0,0,0,0,0,0,1,1,0,0,0,0,0,0,0,0,0,0,0,0,0,0,0,0,0,0,0,2,0,0,0,1,0,0,1,0,0,0,0,1,0,0,0,0,0,0,1,0,0,0,0,0,0,0,1,0,0,0,0,1,0,2,0,0,0,0,0,0,2,0,0,0,0,0,0,0,0,0,1,0,0,0,0,0,0,0,1,0,0,1,0,0,0,0,0,0,0,0,2,0,0,0,0,0,0,0,0,0,0,0,0,0,0,0,0,0,0,0,0,0,0,0,0,0,0,0,0,0,0,1,0,1,0,0,0,0,0,0,1,0,0,0,0,0,0,0,0,0,0,1,1,0,0,0,0,0,0,0,1,0,0,0,0,0,0,0,0,0,0,0,1,0,0,0,1,0,1,0,0,1,2,0,0,0,0,0,0,0,1,0,0,0,0,0,0,0,1,0,0,0,0,0,1,0,0,2,0,1,1,0,0,0,0,0,0,0,0,1,0,1,0,0,0,0,0,0,1,0,0,0,0,0,0,0,0
0,9,0,0,0,0,0,0,0,0,0,0,0,0,0,0,12,0,15,0,0,0,0,0,0,0,0,0,0,0,0,0,0,20,42,0,10,0,0,15,0,0,0,0,26,0,0,7,0,0,20,0,0,0,0,0,58,0,20,11,0,11,0,0,0,0,0,0,0,0,0,0,0,0,0,0,0,0,0,0,0,0,17,0,0,0,0,0,31,0,0,0,0,0,24,0,0,0,0,0,0,0,0,0,0,0,0,0,0,0,0,0,0,22,0,0,0,0,0,0,0,0,0,0,0,0,0,0,0,0,21,20,0,0,4,0,0,0,0,0,0,0,6,0,13,10,0,0,0,24,0,0,0,0,0,0,0,0,0,0,0,0,0,0,0,0,0,0,36,0,0,0,0,0,0,0,0,0,0,0,0,12,0,0,13,0,0,18,0,0,0,0,21,0,0,0,18,0,0,0,0,0,0,0,24,0,0,0,0,0,0,0,0,0,0,23,0,0,26,14,23,0,0,0,0,0,13,0,0,0,0,24,0,0,0,0,4,0,0,33,0,33,0,8,0,0,14,0,0,0,0,0,0,0,0,0,0,0,0,0,0,0,18,0,0,0,0,0,0,0,0,0,0,0,0,0,21,0,0,0,0,0,0,0,0,0,39,15,0,0
0,0,0,0,0,0,0,0,0,0,0,0,0,0,0,0,0,0,0,0,0,0,0,0,0,0,0,0,0,0,0,0,0,0,0,0,0,0,0,0,0,0,0,0,0,0,0,0,0,0,0,0,0,0,0,0,0,0,0,0,0,0,0,0,0,0,0,0,0,0,0,0,0,0,0,0,0,0,0,0,0,0,0,0,0,0,0,0,0,0,0,0,0,0,0,0,0,0,0,0,0,0,0,0,0,0,0,0,0,0,0,0,0,0,0,0,0,0,0,0,0,0,0,0,0,0,0,0,0,0,0,0,0,0,0,0,0,0,0,0,0,0,0,0,0,0,0,0,0,0,0,0,0,0,0,0,0,0,0,0,0,0,0,0,0,0,0,0,0,0,0,0,0,0,0,0,0,0,0,0,0,0,0,0,0,0,0,0,0,0,0,0,0,0,0,0,0,0,0,0,0,0,0,0,0,0,0,0,0,0,0,0,0,0,0,0,0,0,0,0,0,0,0,0,0,0,0,0,0,0,0,0,0,0,0,0,0,0,0,0,0,0,0,0,0,0,0,0,0,0,0,0,0,0,0,0,0,0,0,0,0,0,0,0,0,0,0,0,0,0,0,0,0,0,0,0,0,0,0,0,0,0,0,0,0,0,0,0,0,0
0,0,0,1,1,0,0,0,0,0,0,0,0,0,0,1,0,0,0,0,0,0,0,0,0,0,0,0,0,0,0,0,0,0,0,0,0,0,0,0,0,0,0,1,0,0,0,0,0,0,0,0,0,0,0,1,0,0,0,0,0,0,0,0,0,0,0,0,0,1,0,0,0,0,0,0,0,0,0,0,0,0,0,0,0,0,0,0,0,0,0,0,0,0,1,0,0,0,1,0,1,0,0,0,0,0,0,0,0,0,0,0,1,1,0,0,0,0,1,0,0,0,0,0,0,0,0,0,0,0,0,0,0,0,0,0,0,0,0,0,1,0,0,0,0,0,0,0,0,0,0,0,0,0,0,0,0,0,0,0,0,1,0,0,0,0,0,1,0,0,0,0,0,0,0,0,0,0,0,0,0,1,0,0,1,0,0,0,0,0,0,0,0,0,0,0,0,0,0,0,0,0,1,0,0,0,0,0,0,0,0,0,0,0,0,0,0,0,1,0,0,0,0,0,0,1,1,0,0,0,0,0,0,1,0,0,0,0,2,1,0,1,0,0,0,0,0,0,1,0,0,0,1,0,0,0,1,0,0,0,0,1,0,0,0,0,0,0,0,0,0,0,1,0,0,0,0,0,0,0,1,0,0,0,0,0,0,1,0,0
0,0,0,0,0,0,0,0,0,0,0,0,0,0,0,0,0,0,0,0,0,0,0,0,0,0,0,0,0,0,0,0,0,0,0,0,0,0,0,0,0,0,0,0,0,0,0,0,0,0,0,0,0,0,0,0,0,0,0,0,0,0,0,0,0,0,0,0,0,0,0,0,0,0,0,0,0,0,0,0,0,0,0,0,0,0,0,0,0,0,0,0,0,0,0,0,0,0,0,0,0,0,0,0,0,0,0,0,0,0,0,0,0,0,0,0,0,0,0,0,0,0,0,0,0,0,0,0,0,0,0,0,0,0,0,0,0,0,0,0,0,0,0,0,0,0,0,0,0,0,0,0,0,0,0,0,0,0,0,0,0,0,0,0,0,0,0,0,0,0,0,0,0,0,0,0,0,0,0,0,0,0,0,0,0,0,0,0,0,0,0,0,0,0,0,0,0,0,0,0,0,0,0,0,0,0,0,0,0,0,0,0,0,0,0,0,0,0,0,0,0,0,0,0,0,0,0,0,0,0,0,0,0,0,0,0,0,0,0,0,0,0,0,0,0,0,0,0,0,0,0,0,0,0,0,0,0,0,0,0,0,0,0,0,0,0,0,0,0,0,0,0,0,0,0,0,0,0,0,0,0,0,0,0,0,0,0,0,0,0
0,0,0,0,0,0,0,0,0,0,0,0,0,0,0,0,0,0,0,0,0,0,0,0,0,0,0,0,0,1,0,0,0,0,0,0,0,0,0,0,0,0,0,0,0,0,0,0,0,0,0,0,1,0,0,0,0,0,0,0,0,0,0,0,0,0,0,0,0,0,0,0,0,0,0,0,0,0,0,0,0,0,0,0,0,0,0,0,0,0,0,0,0,0,0,0,0,0,0,0,0,0,0,0,0,0,0,0,0,0,0,0,0,0,0,0,0,0,0,0,0,0,0,0,0,0,0,0,0,0,0,0,0,0,0,0,0,0,0,0,0,0,0,0,0,0,0,0,0,0,0,0,0,0,0,0,0,0,0,0,0,0,0,0,0,0,0,0,0,0,0,0,0,0,0,0,0,0,0,0,0,0,0,0,0,0,0,0,0,0,0,0,0,0,0,0,0,0,0,0,0,0,0,0,0,0,0,0,0,0,0,0,1,0,0,0,0,0,0,0,0,0,0,0,0,0,0,0,0,0,0,0,0,0,0,0,0,0,0,0,0,0,0,0,0,0,0,0,0,0,0,1,0,0,0,0,0,0,0,0,0,0,0,0,0,1,0,0,0,1,0,0,0,0,0,0,0,0,0,0,0,0,0,0,1,0,0,0,0,0
0,0,0,0,0,0,1,0,0,0,0,0,0,0,0,0,0,0,0,0,0,0,0,0,0,0,0,0,0,0,0,0,0,0,0,0,0,0,0,0,0,0,0,0,0,0,0,0,0,0,0,0,0,0,0,0,1,0,0,0,0,0,0,0,0,0,0,0,0,0,0,0,0,0,0,0,0,0,0,0,0,0,0,0,0,0,0,0,0,1,0,0,0,0,0,0,0,0,0,0,0,0,0,1,0,0,0,0,0,0,0,0,0,0,0,0,0,0,0,0,0,0,0,1,0,0,0,0,0,0,0,1,0,0,0,0,0,0,1,0,0,1,0,0,0,0,0,0,0,0,0,0,0,0,0,0,0,0,0,1,0,0,0,0,0,0,0,0,0,0,0,0,0,0,0,0,1,0,0,0,0,0,0,0,0,0,0,0,1,0,0,0,0,0,0,0,0,0,0,0,0,0,0,1,1,0,0,0,0,0,0,0,0,0,0,0,1,0,0,0,0,0,0,0,0,0,0,0,0,0,0,0,0,0,0,0,0,0,0,0,0,0,0,0,0,0,0,0,0,0,0,0,0,0,0,0,0,0,0,0,1,0,0,0,0,0,0,0,0,0,0,0,0,0,0,1,0,0,0,0,2,0,0,0,0,0,0,0,0,0
0,0,0,0,0,0,1,0,0,0,0,0,0,0,0,0,0,0,0,0,0,0,0,0,0,0,0,0,0,0,0,0,0,0,0,0,0,0,0,0,0,0,0,0,0,0,0,0,0,0,0,0,0,0,0,0,0,0,0,0,0,0,0,0,0,0,0,0,0,0,0,0,0,0,1,0,0,0,0,0,0,0,0,0,0,0,0,0,0,0,0,0,0,0,0,0,0,0,0,1,0,0,0,0,0,0,0,0,0,0,0,0,0,0,0,0,0,0,0,0,0,0,0,0,0,0,0,0,0,0,0,0,0,0,0,0,0,0,0,0,0,0,0,0,0,1,0,0,0,0,0,0,0,0,0,1,0,0,0,0,0,0,0,0,0,0,0,0,0,0,0,0,0,0,0,0,0,0,0,0,0,0,0,0,0,0,0,0,0,0,0,0,0,0,1,0,0,0,0,0,0,0,0,0,0,0,0,0,0,0,0,0,0,0,0,0,0,0,0,0,0,0,0,1,0,0,0,0,0,0,0,0,0,0,0,0,0,0,0,0,0,0,0,0,0,0,0,0,0,0,0,0,0,0,0,0,0,0,0,0,0,0,0,0,0,0,0,0,0,0,0,0,0,0,0,0,0,0,0,0,0,0,0,0,0,0,0,0,0,0
0,0,0,0,0,0,0,0,0,0,0,0,0,0,0,0,0,0,0,0,0,0,0,0,0,0,0,0,0,0,0,0,0,0,0,0,0,0,0,0,0,0,0,0,0,0,0,0,0,0,1,0,0,0,0,0,1,0,0,0,0,0,0,0,0,0,1,0,0,0,0,0,0,0,0,0,0,0,0,0,0,0,0,0,0,0,0,0,0,0,0,0,0,0,0,0,0,0,1,0,0,0,0,0,0,0,0,0,0,0,0,0,0,0,0,0,0,0,0,0,0,0,0,0,0,0,0,0,0,0,0,0,0,0,0,0,0,0,0,0,0,0,0,0,0,0,0,0,0,0,0,0,0,0,1,0,0,0,0,0,0,0,0,0,0,0,0,0,0,0,0,0,0,0,0,0,0,0,0,0,0,0,0,0,0,0,0,0,0,0,0,0,0,0,0,0,0,0,0,0,0,0,1,0,0,0,0,0,0,0,0,0,0,0,0,0,0,0,0,0,0,0,0,0,0,0,0,0,0,0,0,0,0,0,0,0,0,0,0,0,0,0,0,0,0,0,0,0,0,0,0,0,0,0,0,0,1,0,0,0,0,0,0,0,1,0,0,0,0,0,0,0,0,0,0,0,0,0,0,0,0,0,0,0,0,0,0,0,0,0
4,9,0,0,0,0,3,0,0,0,1,0,0,2,0,0,0,0,0,2,0,0,2,0,4,0,0,0,0,0,0,0,3,0,0,0,0,0,0,0,1,2,0,0,3,2,0,0,0,0,0,0,0,0,0,0,0,3,0,0,0,0,3,0,3,5,0,0,0,0,3,0,9,0,4,0,0,0,0,0,0,0,0,0,0,4,0,0,0,0,0,0,0,0,0,0,0,3,0,3,0,0,0,0,0,0,3,0,0,0,0,0,0,0,0,0,0,0,0,0,0,0,0,0,0,0,4,0,0,0,0,0,0,0,0,0,0,0,0,0,0,0,0,3,0,0,0,0,2,0,0,0,0,0,0,0,0,2,0,0,0,3,0,0,0,0,3,8,0,1,0,0,0,0,0,1,0,0,0,0,0,5,0,0,0,0,0,0,0,0,2,1,0,0,0,0,0,0,0,0,0,3,3,3,0,0,0,0,0,3,0,0,0,0,0,0,3,0,0,0,0,0,0,0,0,2,0,0,1,0,0,0,0,4,0,0,0,0,0,0,0,3,4,0,0,1,0,0,0,0,0,0,0,2,0,0,0,0,0,0,0,0,0,0,0,9,0,0,0,0,0,3,0,0,0,0,0,2,3,0,5,0,1,0,0,1,8,0,0,3
0,0,0,0,0,0,0,0,0,0,0,0,0,0,0,0,0,0,0,0,0,0,0,0,0,0,0,0,0,0,0,0,0,0,0,0,0,0,0,0,0,0,0,0,0,0,0,0,0,0,0,0,0,0,0,0,0,0,0,0,0,0,0,0,0,0,0,0,0,0,0,0,0,0,0,0,0,0,0,0,0,0,0,0,0,0,0,0,0,0,0,0,1,0,0,0,0,0,0,0,0,1,0,0,0,0,0,0,1,0,0,0,1,0,0,0,0,0,0,0,0,0,0,0,0,0,0,0,0,0,0,0,0,0,0,0,0,0,0,0,0,0,0,0,0,0,0,0,0,0,0,0,0,0,0,0,0,0,0,0,0,0,0,0,0,0,0,0,0,0,0,0,0,1,0,0,0,1,0,0,0,0,0,0,0,0,0,0,0,0,1,0,0,0,0,0,0,0,0,0,1,0,0,0,0,1,0,0,0,0,0,0,0,0,0,0,0,1,0,0,0,0,0,0,0,1,0,0,0,0,0,0,0,0,0,0,0,0,0,0,0,0,0,0,0,0,0,0,0,0,0,0,0,0,0,0,1,1,0,0,0,0,0,0,0,0,0,0,0,0,0,0,0,0,0,0,0,0,0,0,0,0,0,0,0,0,0,0,0,0
4,1,0,0,0,0,0,1,2,1,1,3,0,0,2,1,0,0,2,1,4,5,0,1,0,0,5,2,0,0,3,3,0,0,1,0,0,3,0,4,0,1,1,2,1,0,1,3,0,0,0,1,0,3,0,0,1,0,3,0,2,3,2,0,5,0,3,0,3,5,6,0,2,0,0,2,3,6,2,0,2,0,0,0,0,0,4,0,0,0,1,2,0,0,0,3,1,3,0,0,5,0,0,0,1,4,3,0,1,1,0,2,0,2,1,0,0,5,0,5,2,0,2,0,0,3,0,0,0,0,0,4,0,0,0,0,0,2,1,0,2,0,0,0,1,0,0,5,1,0,1,0,1,3,0,1,2,2,0,0,0,0,0,0,0,2,0,2,0,1,0,0,0,0,0,0,1,2,0,0,0,0,0,0,1,0,0,1,0,1,2,1,2,0,1,2,0,0,2,0,0,0,4,0,0,3,0,0,0,0,0,2,3,6,0,1,2,0,0,0,1,0,4,0,0,0,0,0,5,1,1,2,0,0,0,0,2,0,0,0,0,0,0,0,0,0,0,1,0,0,0,0,0,0,0,0,0,0,0,2,0,1,0,0,0,0,1,1,0,0,0,0,0,0,0,0,0,0,0,0,2,2,1,0,0,0,0,0,0,0
1,0,0,0,0,0,1,0,0,1,0,1,1,1,0,0,0,0,0,1,1,1,0,0,0,0,1,1,0,1,0,0,0,2,0,0,0,0,0,0,0,0,0,0,0,0,0,1,1,0,0,0,0,2,0,0,1,0,1,0,1,1,0,2,1,1,1,2,0,1,1,1,2,1,0,0,1,1,0,0,0,1,0,0,0,1,1,0,0,1,0,1,0,0,1,1,2,0,0,1,0,0,0,0,1,0,1,0,1,0,1,1,1,0,0,2,0,1,0,0,0,0,0,0,2,1,1,0,0,2,0,1,0,1,1,1,0,1,1,1,1,0,2,1,0,1,0,3,0,0,1,0,0,1,2,0,0,0,3,0,1,0,0,0,1,1,1,0,2,1,1,1,1,0,1,0,0,0,2,0,1,3,1,1,1,0,1,0,1,0,1,0,0,1,0,0,1,0,0,0,0,0,1,0,0,0,0,0,0,0,0,1,0,0,0,0,1,1,0,1,1,0,0,0,0,0,1,0,1,1,0,0,0,0,1,1,1,2,1,0,0,1,3,1,0,1,1,0,0,0,1,1,0,0,1,0,1,0,1,0,0,0,2,1,1,0,0,1,1,0,1,1,1,0,0,0,1,0,0,0,2,0,0,0,1,0,0,0,0,0
0,0,0,0,0,0,1,0,0,0,0,0,0,0,0,0,0,0,0,1,0,0,0,0,0,0,0,0,0,0,0,0,1,0,0,0,0,0,0,0,0,0,0,0,0,0,0,0,0,0,0,0,0,0,0,0,0,0,0,0,0,0,0,0,0,1,0,0,0,0,0,0,0,0,0,0,0,0,0,0,0,0,1,0,0,0,0,0,0,0,0,0,0,0,0,0,1,0,1,0,0,0,0,0,0,0,0,0,0,1,0,0,0,0,0,0,0,0,0,0,0,0,0,0,0,0,0,0,0,0,0,0,0,0,0,0,0,0,0,0,0,0,0,0,0,0,0,0,0,0,0,0,0,0,0,0,1,0,0,0,0,0,1,0,1,0,0,0,1,0,0,0,0,0,0,0,0,0,0,1,0,0,0,0,0,0,0,0,0,0,0,0,0,1,0,0,0,0,0,0,0,0,0,0,0,0,0,0,0,0,0,0,0,0,0,1,0,0,1,1,0,0,0,0,0,0,1,0,0,0,0,0,0,0,0,0,0,0,1,0,0,0,0,0,0,0,0,0,0,0,0,0,0,0,0,0,0,0,0,0,0,0,0,0,0,0,0,0,0,0,1,0,0,0,0,0,0,0,0,0,0,0,0,0,0,0,0,0,0,0
1,1,0,0,0,0,0,0,0,0,0,0,0,1,0,0,0,0,0,0,3,0,0,1,0,0,0,1,0,0,0,0,0,0,2,0,0,1,0,1,0,0,0,0,0,0,0,0,0,1,0,0,0,0,0,0,0,0,1,0,0,0,0,0,0,0,0,0,0,0,0,0,2,0,0,0,0,0,0,0,0,0,0,0,0,0,0,1,0,0,0,0,0,0,0,0,0,0,1,0,0,0,1,0,0,0,0,0,0,0,0,0,0,0,0,0,0,0,0,0,0,0,0,1,0,0,0,0,2,0,0,0,0,0,0,0,0,0,0,0,0,0,0,0,0,1,0,0,1,0,0,0,0,0,0,0,0,0,0,0,0,0,0,0,0,0,0,0,3,0,0,0,2,0,0,0,0,0,0,0,0,0,0,0,0,0,1,0,1,0,0,0,0,0,0,0,0,0,0,0,0,0,2,1,0,0,0,0,0,0,0,0,0,0,0,0,0,0,1,0,0,0,0,0,0,0,0,1,0,0,0,1,0,0,0,0,0,0,0,1,1,0,0,0,0,0,1,0,0,0,0,0,0,1,1,0,1,0,0,0,0,0,0,0,0,0,1,0,0,0,0,0,0,0,0,0,0,0,0,0,0,0,0,0,0,0,0,0,0,0
1,0,0,1,2,2,0,0,0,0,0,0,3,0,0,3,5,0,0,0,0,0,0,0,0,0,0,0,0,0,0,1,0,0,2,0,0,2,0,1,1,0,0,0,0,0,0,1,0,0,0,1,0,0,0,0,0,0,0,0,0,0,0,2,0,0,0,0,0,0,1,0,0,0,2,0,0,0,2,0,2,0,0,0,2,0,0,0,0,0,0,0,2,0,0,0,0,0,0,2,0,0,0,0,0,0,2,0,0,0,0,0,0,0,0,0,0,0,2,0,0,0,2,0,0,3,0,0,1,0,3,0,4,0,0,0,0,0,0,2,0,0,0,0,0,0,0,0,0,0,0,0,0,0,3,0,0,0,0,0,0,0,0,0,0,0,0,0,1,0,0,2,0,0,0,2,1,0,0,2,0,3,0,0,2,0,0,0,0,0,0,0,0,0,0,3,0,0,0,0,0,0,0,0,0,0,0,0,0,6,1,0,0,0,0,0,0,0,0,0,5,0,0,0,0,0,0,1,2,0,2,1,0,0,0,0,0,1,0,2,0,0,2,4,2,2,0,0,1,4,0,2,0,0,0,0,3,2,0,1,0,0,0,0,1,0,2,0,3,0,0,0,0,4,0,2,3,0,0,0,0,0,0,0,2,0,0,0,0,0
0,3,0,0,0,1,0,0,0,2,0,0,0,1,2,0,0,0,1,0,0,2,0,0,0,1,1,0,0,0,0,0,0,0,0,0,0,0,1,0,0,0,0,0,0,0,0,1,0,0,3,0,0,0,1,0,0,2,0,0,0,0,0,1,0,0,0,0,1,0,0,0,0,0,1,0,0,0,0,0,0,0,1,0,0,0,0,0,0,0,0,0,0,0,0,0,0,1,0,0,0,0,1,0,0,0,0,0,0,0,0,1,0,0,0,0,0,1,1,0,0,0,0,0,0,0,2,0,0,0,0,0,0,0,0,1,0,0,0,1,0,0,0,0,0,0,0,0,0,0,0,0,0,0,0,0,0,0,0,0,0,0,0,0,0,0,0,0,0,0,0,0,0,0,0,0,0,0,0,0,0,0,0,0,0,0,0,0,0,0,0,0,0,0,1,0,0,0,0,0,0,1,1,0,0,0,0,0,0,0,0,0,0,0,0,0,0,0,0,1,0,0,1,0,0,1,1,0,0,0,1,1,0,0,0,0,0,0,0,0,0,1,0,1,0,0,0,1,0,0,0,0,1,0,0,0,0,0,0,0,1,0,0,0,0,0,0,0,1,0,0,0,0,0,0,0,0,0,0,0,0,0,0,0,0,0,0,0,0,0
14,28,11,20,3,5,20,3,0,2,14,7,6,8,12,0,5,4,28,11,7,23,26,5,12,19,45,27,0,0,29,17,5,25,3,11,3,7,20,8,9,10,12,31,30,0,7,3,32,2,3,13,10,13,5,37,5,6,23,10,13,18,6,20,9,10,15,33,5,12,12,17,3,16,10,15,12,8,17,4,34,17,10,12,6,30,23,5,18,11,6,9,24,36,4,6,0,16,22,22,5,2,25,11,11,5,13,19,38,8,6,22,2,15,14,18,24,16,11,7,5,6,11,11,40,12,38,29,10,6,22,13,11,17,26,22,9,6,5,8,10,9,17,24,4,7,8,22,11,27,9,5,6,32,1,4,5,5,28,8,22,34,8,19,22,16,8,7,2,3,23,7,3,9,13,0,8,8,0,0,6,6,4,3,34,16,4,1,17,29,1,2,0,13,12,7,4,0,9,0,5,0,8,16,7,11,0,9,0,12,0,9,9,18,3,12,12,5,4,9,4,12,11,8,3,4,16,1,0,48,26,9,0,4,4,13,20,5,15,0,5,18,5,7,0,0,0,4,0,5,8,0,23,1,0,1,5,0,0,0,4,6,24,3,0,1,4,3,0,12,10,0,0,0,5,4,0,3,0,14,21,0,9,0,0,3,11,1,8,5
0,0,4,4,0,0,0,0,0,0,0,0,0,0,0,0,0,0,0,1,3,0,0,0,0,0,0,0,0,0,0,0,0,0,0,0,0,0,0,0,0,0,0,1,0,1,3,0,5,0,0,0,0,0,0,0,0,0,0,2,0,0,0,0,1,0,0,0,1,2,0,0,0,1,0,0,3,0,0,0,0,0,0,0,0,0,3,0,0,0,0,2,0,0,6,0,0,0,0,0,0,0,0,1,0,0,2,0,0,0,0,0,2,0,0,0,1,0,0,0,0,0,0,0,0,0,0,3,1,2,2,0,0,1,0,0,0,2,0,0,3,0,0,0,0,0,0,0,0,0,0,0,0,0,0,1,0,0,0,0,0,0,0,0,0,0,0,0,0,0,0,0,0,0,0,1,0,0,0,0,0,0,0,0,1,0,0,0,0,2,0,0,0,2,0,0,0,0,0,1,0,0,0,0,0,2,0,0,1,2,0,0,0,0,0,1,1,6,0,0,0,0,2,0,0,0,0,0,5,0,0,1,0,0,3,0,0,0,0,0,0,3,0,0,3,0,0,3,0,0,2,0,0,2,0,0,0,0,0,2,0,0,0,0,0,0,0,0,1,0,0,0,0,0,0,0,3,0,0,3,0,0,0,0,0,0,0,0,0,0
2,4,3,0,1,0,0,5,1,2,0,0,0,6,4,0,0,0,2,0,2,1,0,3,11,2,0,0,1,9,0,0,0,0,0,0,12,0,0,1,0,0,1,2,1,0,0,2,0,3,4,1,5,4,4,0,0,5,0,0,0,0,0,9,0,0,0,4,0,5,3,1,0,2,7,0,5,0,0,4,2,2,6,1,0,2,0,2,6,3,3,3,2,0,6,2,0,1,4,2,0,4,5,11,0,1,0,0,4,2,4,2,0,3,0,1,0,1,0,0,0,0,1,1,2,0,4,2,1,2,3,1,3,0,3,1,4,0,0,6,0,0,1,1,0,1,0,0,1,3,0,0,0,0,0,0,0,0,0,1,1,0,0,2,0,0,0,0,2,0,0,0,0,0,3,0,0,0,1,0,1,1,3,0,2,0,0,1,4,1,0,0,3,4,0,0,2,0,0,5,0,0,0,0,0,0,1,0,0,0,0,0,2,0,1,0,1,0,2,0,0,3,0,2,1,3,8,0,0,0,2,0,0,0,0,1,0,2,1,2,0,1,0,0,0,0,2,2,1,0,0,5,1,0,0,1,1,0,0,0,0,2,0,0,0,1,2,0,0,0,2,0,1,0,0,0,2,0,0,0,4,0,0,0,0,2,1,1,4,1
0,0,0,0,0,0,0,0,0,0,0,0,0,0,0,0,0,0,0,0,0,0,0,0,0,0,0,0,0,0,0,0,0,0,0,0,0,0,0,0,0,0,0,0,0,0,0,0,0,0,0,0,0,0,0,0,0,0,0,0,0,0,0,0,0,0,0,0,0,0,0,0,0,0,0,0,0,0,0,0,0,0,0,0,0,0,0,0,0,0,0,0,0,0,0,0,0,0,0,0,0,0,0,0,0,0,0,0,0,0,0,0,0,0,0,0,0,0,0,0,0,0,0,0,0,0,0,0,0,0,0,0,0,0,0,0,0,0,0,0,0,0,0,0,0,0,0,0,0,0,0,0,0,0,0,0,0,0,0,0,0,0,0,0,0,0,0,0,0,0,0,0,0,0,0,0,0,0,0,0,0,0,0,0,0,0,0,0,0,0,0,0,0,0,0,0,0,0,0,0,0,0,0,0,0,0,0,0,0,0,0,0,0,0,0,0,0,0,0,0,0,0,0,0,0,0,0,0,0,0,0,0,0,0,0,0,0,0,0,0,0,0,0,0,0,0,0,0,0,0,0,0,0,0,0,0,0,0,0,0,0,0,0,0,0,0,0,0,0,0,0,0,0,0,0,0,0,0,0,0,0,0,0,0,0,0,0,0,0,0
0,0,0,0,0,0,0,0,0,0,0,0,0,0,0,0,0,0,0,0,0,0,0,0,0,0,0,0,0,0,0,0,0,0,0,0,0,0,0,0,0,0,0,0,0,1,0,0,0,0,0,0,0,0,0,0,0,0,0,0,1,0,1,0,0,0,0,0,0,0,0,0,0,0,0,0,0,0,0,0,0,0,0,0,0,0,0,0,0,0,0,0,0,0,0,1,0,0,0,0,0,0,0,0,0,0,0,0,0,0,0,0,0,0,0,0,0,0,0,0,0,1,0,0,0,0,0,0,0,0,0,1,0,0,0,0,0,0,0,0,0,0,0,0,0,0,0,0,0,0,0,0,0,1,0,0,0,0,0,0,0,0,0,0,0,0,0,0,0,0,0,0,0,0,0,0,0,0,0,0,1,0,0,0,0,0,0,0,0,0,0,0,0,0,0,0,0,0,0,0,0,1,0,0,0,0,0,0,0,0,0,0,0,0,0,0,0,0,0,0,0,0,0,0,0,0,0,0,0,0,0,0,0,0,0,0,0,1,0,0,0,0,0,0,0,0,0,0,0,0,0,0,0,0,0,0,0,0,0,0,0,0,0,0,0,0,0,0,0,0,0,0,0,0,0,0,0,0,0,0,0,0,0,0,0,0,0,0,0,0
0,0,0,0,6,0,0,0,0,0,0,0,0,0,0,0,14,0,8,0,0,0,0,0,0,0,0,0,0,0,6,0,18,13,0,0,0,0,0,0,0,0,7,0,0,0,0,0,0,0,0,7,9,0,0,6,0,0,0,5,0,0,0,0,0,8,0,3,0,0,3,0,0,21,0,0,0,4,11,13,0,0,0,12,0,0,0,0,20,0,0,27,0,0,0,0,0,0,0,0,0,0,4,5,0,0,1,0,10,0,0,0,0,0,0,8,8,6,0,0,0,0,0,6,10,0,0,12,0,0,0,0,0,0,0,6,0,0,0,0,0,0,1,0,0,0,4,0,0,16,4,3,0,3,6,0,7,8,0,0,10,0,0,0,0,0,0,0,5,0,0,0,0,0,0,0,0,7,0,2,0,0,0,0,0,0,0,0,6,0,0,0,0,0,0,0,0,0,0,10,0,0,0,0,0,0,0,0,0,0,0,0,5,0,9,0,0,0,0,0,0,0,0,0,0,0,0,0,6,0,0,0,0,0,0,5,0,0,0,0,0,17,0,0,0,0,0,0,6,0,11,0,0,0,4,0,13,0,0,0,0,10,0,0,0,0,0,4,0,0,0,0,8,0,0,0,0,0,6,0,12,0,0,0,11,0,0,0,5,0
0,0,0,4,0,0,8,0,0,9,0,7,0,0,0,0,0,0,0,0,5,0,0,0,21,0,0,0,0,0,1,0,0,0,0,8,0,0,0,0,0,0,7,0,0,0,8,0,0,0,0,0,0,22,0,0,0,0,0,0,0,0,0,0,0,0,7,0,10,3,0,0,0,0,0,13,11,0,0,0,0,0,0,0,0,0,0,0,0,9,0,0,0,8,0,2,0,12,0,0,0,0,0,0,0,0,0,0,0,0,0,0,6,0,0,0,14,0,0,0,0,0,0,6,0,0,0,0,0,9,0,0,13,0,0,0,0,0,0,0,0,0,0,0,6,0,0,0,0,0,0,0,0,0,4,0,0,0,0,0,0,8,0,0,6,0,0,0,6,0,0,15,0,0,16,0,0,0,0,0,0,7,0,0,0,0,0,16,0,0,0,0,0,0,0,0,18,5,0,0,0,0,1,0,0,0,0,0,0,0,15,0,0,0,0,0,13,20,10,0,0,12,6,0,0,0,0,0,0,0,0,0,0,10,0,0,0,0,0,0,13,0,0,0,0,0,2,2,0,0,0,0,0,0,0,0,0,5,0,0,0,0,0,5,0,14,0,9,0,0,0,0,0,0,0,6,9,0,0,0,0,10,0,0,6,16,0,12,0,4
0,0,0,0,0,0,3,0,0,0,0,0,0,3,0,0,2,0,0,0,0,0,0,3,3,0,4,0,0,0,5,0,0,2,0,0,0,0,0,0,0,0,0,0,0,0,5,0,0,5,10,0,0,0,5,0,6,4,0,0,16,0,0,0,0,0,10,0,3,1,0,0,0,0,5,0,0,0,0,0,0,0,0,6,4,0,0,0,3,0,0,0,0,4,0,3,10,4,0,0,0,3,0,0,0,0,0,5,0,0,0,4,0,0,0,0,0,0,0,0,0,0,0,0,0,0,0,4,0,0,0,0,0,0,5,1,0,0,0,0,0,4,0,0,0,0,0,4,0,1,0,2,1,0,2,0,0,0,0,0,0,0,0,0,0,4,0,0,0,0,0,0,0,0,0,10,0,0,0,0,0,4,0,0,0,0,0,0,0,3,3,0,0,0,4,0,0,0,0,0,0,0,3,0,0,0,0,1,0,0,0,0,5,0,0,0,0,0,0,0,0,0,0,13,0,0,0,0,2,1,0,0,0,0,0,4,0,0,0,0,0,0,0,14,0,0,0,0,0,0,0,0,3,3,0,0,0,0,3,0,0,1,0,4,0,0,0,0,0,0,0,0,0,0,7,0,0,0,0,0,0,5,0,0,0,0,0,0,0,0
0,0,0,0,0,0,0,0,0,0,0,0,0,0,0,0,0,0,0,1,0,0,0,0,0,0,1,0,0,0,0,0,0,0,0,0,0,0,1,0,0,0,0,0,0,0,0,0,0,0,0,0,0,0,0,0,0,0,0,0,0,0,0,0,0,0,0,0,0,0,0,0,0,0,0,0,0,0,0,0,0,0,0,0,0,0,0,0,0,0,0,0,0,0,0,0,0,0,0,0,0,0,0,0,0,1,0,0,0,0,0,0,0,0,0,0,0,0,1,0,0,0,0,0,0,0,0,0,0,0,0,0,0,0,0,0,0,0,0,0,0,0,0,0,0,0,0,0,0,0,1,0,0,0,0,0,0,0,0,0,0,0,0,0,0,0,0,0,0,0,0,0,0,0,0,0,0,0,0,0,0,0,0,0,0,0,1,0,0,0,0,0,0,0,0,0,0,0,0,0,0,0,0,0,0,0,0,0,0,0,0,0,0,0,0,0,0,0,0,0,0,0,0,0,0,0,0,0,0,0,0,0,0,0,0,0,0,0,0,0,0,0,0,0,0,0,0,0,0,0,0,0,0,0,1,0,0,0,0,0,0,0,0,0,0,0,0,0,0,0,0,0,0,0,0,1,0,0,0,0,0,0,0,0,0,0,0,0,0,0
0,3,4,0,0,5,0,0,0,0,0,0,0,0,5,0,0,0,0,0,0,0,0,0,0,0,0,4,0,7,0,0,0,0,0,0,0,0,0,0,0,0,0,0,0,0,0,0,0,0,0,0,6,0,6,0,2,0,0,0,0,3,3,4,0,0,2,0,0,6,0,0,0,7,0,0,0,10,0,4,0,0,0,0,0,0,0,0,7,4,0,0,0,0,0,0,0,0,6,3,0,0,0,4,7,0,0,0,0,0,0,0,0,0,0,0,0,0,0,0,0,0,0,0,0,0,0,0,0,0,0,0,10,0,0,0,0,0,0,0,0,0,0,0,0,6,0,0,0,0,0,0,2,0,0,3,4,0,0,0,0,0,0,0,3,0,4,0,1,0,0,0,0,0,0,0,0,5,0,0,0,9,0,0,3,3,6,0,0,0,0,0,0,4,2,0,0,0,2,0,0,0,0,0,0,0,0,0,0,0,0,0,0,5,0,0,0,0,0,0,0,0,0,0,5,0,0,0,0,0,5,0,0,0,0,0,0,0,0,0,0,8,0,0,0,2,3,0,0,0,4,0,0,0,0,0,0,0,0,2,0,0,0,0,0,0,4,0,0,5,0,0,0,0,0,0,0,0,0,0,0,0,0,0,0,0,0,0,0,0
0,0,0,2,0,0,0,0,0,0,0,0,0,1,0,1,0,0,0,0,0,0,0,1,0,1,0,0,0,1,0,0,1,0,0,0,0,0,0,0,0,0,0,2,0,2,0,0,0,0,0,1,0,0,0,0,0,0,0,0,0,1,0,0,0,0,0,0,0,0,0,0,0,2,0,0,0,0,1,0,0,0,0,0,1,0,2,2,0,0,0,0,0,0,0,0,2,0,0,0,1,0,0,0,4,0,0,1,0,0,0,0,0,0,0,0,1,0,0,0,1,1,0,0,0,0,0,1,0,0,0,1,0,0,0,0,0,1,0,0,0,0,0,0,1,0,0,0,0,0,0,0,0,2,1,0,1,0,1,0,0,0,0,0,1,0,0,0,0,1,0,0,0,0,0,0,0,0,0,0,0,2,1,0,0,0,0,0,0,0,0,0,1,0,0,1,0,0,0,0,0,0,0,0,1,0,0,0,0,1,0,0,0,0,0,0,0,0,0,2,0,1,0,0,0,1,0,0,0,0,1,0,0,0,0,0,0,1,0,0,0,0,0,0,0,0,0,0,0,0,0,0,0,0,0,0,1,0,0,0,0,0,0,0,1,0,0,1,0,0,0,1,0,0,0,3,0,1,0,0,1,0,0,0,0,0,0,0,0,0
0,0,3,0,0,0,0,0,0,0,0,0,0,0,0,0,1,0,0,0,0,0,0,0,0,3,0,2,5,0,0,0,0,0,0,3,2,0,0,0,1,1,0,0,0,0,0,0,0,0,1,0,0,0,0,0,0,0,0,0,0,0,0,0,0,0,0,0,0,0,0,0,2,0,5,0,0,0,0,0,0,0,0,0,0,0,0,0,0,0,0,0,0,0,0,0,2,0,2,0,0,0,3,0,0,1,0,2,0,0,0,2,0,0,0,0,0,0,0,1,2,0,0,2,0,0,0,0,1,0,0,1,0,0,0,0,4,0,0,0,0,0,0,0,0,0,0,2,0,0,0,0,4,0,0,0,0,0,0,0,0,0,0,0,0,0,0,0,0,8,0,0,0,0,0,0,0,0,0,0,0,0,4,0,0,0,0,0,0,3,0,1,0,0,0,0,0,0,0,0,0,0,0,0,0,0,1,3,0,0,0,0,0,0,0,0,2,0,0,0,0,0,0,0,0,0,0,0,0,0,0,0,2,0,3,0,0,0,0,0,0,0,0,0,1,2,0,0,1,0,0,0,1,0,3,0,0,0,0,0,2,0,0,0,0,0,0,0,0,0,0,0,1,0,0,0,0,0,0,0,2,0,0,0,0,0,0,0,3,0
0,0,0,0,0,1,0,0,1,0,0,0,1,1,0,0,0,0,0,0,2,0,0,0,0,0,0,0,0,0,0,2,0,1,0,0,0,0,1,1,1,0,0,0,0,0,0,0,0,0,0,0,0,0,0,0,0,0,0,0,0,0,0,0,0,0,0,0,0,0,0,0,0,0,0,0,0,0,0,1,0,0,0,0,0,0,0,1,0,0,0,0,0,0,1,0,0,0,0,0,1,0,0,0,0,0,0,0,0,2,1,0,0,0,0,0,0,0,1,1,0,0,1,0,0,0,1,1,0,0,0,1,0,0,0,1,0,0,0,0,0,0,0,0,0,0,0,0,0,0,0,1,0,0,0,0,0,0,0,3,0,0,0,0,1,1,0,3,0,0,0,0,0,1,0,0,0,0,0,0,0,0,0,1,0,0,1,0,0,0,3,0,0,0,1,0,0,0,0,0,0,0,0,1,0,0,0,0,0,0,0,0,0,0,0,0,0,0,0,0,0,0,0,0,0,0,0,0,0,0,0,0,0,0,0,0,2,0,0,0,0,0,0,1,1,0,0,0,0,0,0,0,0,0,0,0,0,0,0,1,0,0,0,0,1,0,0,0,0,0,1,0,0,0,0,0,2,1,1,1,0,0,0,0,0,0,0,0,2,0
0,0,0,0,0,0,0,0,0,0,0,0,0,0,0,0,0,0,0,0,0,0,0,0,0,0,0,0,0,0,0,0,0,0,0,0,0,0,0,0,0,0,0,0,0,0,0,0,0,0,0,0,0,0,0,0,0,0,0,0,0,0,0,0,0,0,0,0,0,0,0,0,0,0,0,0,0,0,0,0,0,0,0,0,0,0,0,0,0,0,0,0,0,0,0,0,0,0,0,0,0,0,0,0,0,0,0,0,0,0,0,0,0,0,0,0,0,0,0,0,0,0,0,0,0,0,0,0,0,0,0,0,0,0,0,0,0,0,0,0,0,0,0,0,0,0,0,0,0,0,0,0,0,0,0,0,0,0,0,0,0,0,0,0,0,0,0,0,0,0,0,0,0,0,0,0,0,0,0,0,0,0,0,0,0,0,0,0,0,0,0,0,0,0,0,0,0,0,0,0,0,0,0,0,0,0,0,0,0,0,0,0,0,0,0,0,0,0,0,0,0,0,0,0,0,0,0,0,0,0,0,0,0,0,0,0,0,0,0,0,0,0,0,0,0,0,0,0,0,0,0,0,0,0,0,0,0,0,0,0,0,0,0,0,0,0,0,0,0,0,0,0,0,0,0,0,0,0,0,0,0,0,0,0,0,0,0,0,0,0
0,0,0,0,0,1,0,0,1,0,0,0,0,0,0,0,0,0,0,0,0,0,0,1,0,0,0,0,0,0,0,0,0,1,0,0,1,0,1,0,0,0,0,0,0,0,0,0,0,0,0,0,0,0,0,0,0,0,0,0,0,0,0,0,0,0,0,0,0,0,0,1,0,0,0,0,1,0,0,0,1,0,0,0,0,0,0,0,0,0,0,0,0,0,0,0,0,0,0,0,0,0,0,0,0,0,0,2,0,0,0,0,0,0,0,0,0,0,0,0,0,0,0,0,0,0,0,1,0,0,0,0,0,0,0,0,0,0,0,0,0,0,0,0,1,1,0,0,0,0,0,1,0,0,0,0,0,0,0,2,0,0,0,0,0,0,0,1,1,0,0,0,0,0,0,0,0,0,0,1,1,0,0,0,0,0,0,0,0,1,0,0,0,0,0,0,0,0,1,0,0,0,0,0,1,0,0,0,0,0,0,0,0,0,1,0,1,1,0,0,0,1,0,0,0,0,1,0,0,0,0,0,0,1,0,0,0,0,0,0,0,1,1,0,0,0,0,0,0,1,0,0,0,0,0,0,0,0,0,0,0,0,0,0,0,0,0,0,0,0,0,1,0,1,0,0,1,0,0,1,0,0,0,0,0,0,0,0,0,1
0,0,0,0,1,0,0,0,0,3,0,7,2,2,1,1,0,0,0,0,2,0,1,0,0,0,1,1,0,0,0,2,0,1,0,0,0,0,0,0,0,0,0,0,0,0,0,0,0,2,0,0,0,0,0,0,1,0,0,0,0,0,0,0,0,1,0,0,0,0,0,0,0,0,0,3,0,0,0,0,0,0,0,0,2,2,0,0,0,1,0,0,0,0,0,0,0,0,0,0,0,2,0,1,0,3,0,1,0,0,0,0,0,0,0,0,0,0,0,0,0,2,0,0,0,0,2,0,0,0,0,2,3,0,1,0,2,0,0,0,0,0,6,0,0,0,0,0,1,0,0,0,0,3,0,1,0,6,1,1,0,0,0,0,0,0,2,0,0,0,0,0,0,0,0,0,0,0,0,0,0,0,0,0,0,0,0,0,1,0,0,0,3,0,0,0,0,1,0,0,0,0,0,0,0,0,0,0,0,0,0,2,0,0,4,0,0,0,0,0,0,2,0,0,2,0,0,2,3,2,0,0,0,0,0,0,1,0,2,0,0,0,2,0,0,0,0,0,0,0,4,0,1,0,0,0,0,0,4,0,0,1,0,0,0,0,0,0,4,2,0,0,0,0,0,0,0,0,0,0,0,0,0,0,0,0,0,0,0,0
0,0,0,0,0,0,0,0,0,0,0,0,0,0,0,0,0,0,0,0,0,0,0,0,0,0,0,0,0,0,0,0,0,0,0,0,0,0,0,0,0,0,0,0,0,0,0,0,0,0,0,0,0,0,0,0,0,0,0,0,0,0,0,0,0,0,0,0,0,0,0,0,0,0,0,0,0,0,0,0,0,0,0,0,0,0,0,0,0,0,0,0,0,0,0,0,0,0,0,0,0,0,0,0,0,0,0,0,0,0,0,0,0,0,0,0,0,0,0,0,0,0,0,0,0,0,0,0,0,0,0,0,0,0,0,0,0,0,0,0,0,0,0,0,0,0,0,0,0,0,0,0,0,0,0,0,0,0,0,0,0,0,0,0,0,0,0,0,0,0,0,0,0,0,0,0,0,0,0,0,0,0,0,0,0,0,0,0,0,0,0,0,0,0,0,0,0,0,0,0,0,0,0,0,0,0,0,0,0,0,0,0,0,0,0,0,0,0,0,0,0,0,0,0,0,0,0,0,0,0,0,0,0,0,0,0,0,0,0,0,0,0,0,0,1,0,0,0,0,0,0,0,0,0,0,0,0,0,0,0,0,0,0,0,0,0,0,0,0,0,0,0,0,0,0,0,0,0,0,0,0,0,0,0,0,0,0,0,0,0
0,0,0,0,0,0,0,0,0,0,0,0,0,0,0,0,0,0,0,0,0,0,0,0,0,0,0,0,0,0,0,0,0,0,0,0,0,0,0,0,0,0,0,0,0,0,0,0,0,0,0,0,0,0,0,0,0,0,0,0,0,0,0,0,0,0,0,0,0,0,0,0,0,0,0,0,0,0,0,0,0,0,0,0,0,0,0,0,0,0,0,0,0,0,0,0,0,0,0,0,0,0,0,0,0,0,0,0,0,0,0,0,0,0,0,0,0,0,0,0,0,0,0,0,0,0,0,0,0,0,0,0,0,0,0,0,0,0,0,0,0,0,0,0,0,0,0,0,0,0,0,0,0,0,0,0,0,0,0,0,0,0,0,0,0,0,0,0,0,0,0,0,0,0,0,0,0,0,0,0,0,0,0,0,0,0,0,0,0,0,0,0,0,0,0,0,0,0,0,0,0,0,0,0,0,0,0,0,0,0,0,0,0,0,0,0,0,0,0,0,0,0,0,0,0,0,0,0,0,0,0,0,0,0,0,0,0,0,0,0,0,0,0,0,0,0,0,0,0,0,0,0,0,0,0,0,0,0,0,0,0,0,0,0,0,0,0,0,0,0,0,0,0,0,0,0,0,0,0,0,0,0,0,0,0,0,0,0,0,0
0,0,0,1,0,0,0,0,0,0,0,0,0,0,1,0,0,0,0,0,0,0,0,0,0,1,0,0,0,0,0,0,0,0,0,0,0,0,0,0,0,1,0,0,0,0,0,0,0,0,0,0,1,0,0,0,0,1,0,0,0,0,0,0,0,0,0,1,0,0,0,0,0,0,0,0,0,0,0,0,0,0,0,0,0,0,0,0,0,0,0,0,0,0,0,0,0,2,0,0,0,0,0,0,0,0,0,0,0,0,0,0,0,0,0,1,1,1,0,0,0,0,0,0,0,0,0,0,0,0,0,0,0,1,0,0,0,0,0,0,0,0,0,0,0,0,0,0,0,0,0,0,0,0,0,0,0,0,0,0,0,0,0,0,0,0,0,0,1,1,0,0,0,0,1,0,0,0,0,0,0,0,0,0,0,0,0,0,0,0,0,0,0,1,0,0,0,0,0,0,1,0,0,0,0,0,0,1,0,0,0,0,0,0,0,0,0,0,1,0,1,0,0,0,0,0,0,0,0,0,0,0,0,0,0,0,0,0,0,0,1,0,0,0,0,0,0,0,0,0,0,0,0,0,0,0,0,0,0,0,0,0,0,0,0,0,0,0,1,1,0,0,0,0,0,0,0,1,0,0,0,0,0,0,0,0,0,0,0,0
0,0,0,0,0,0,0,0,0,0,4,0,0,0,0,0,0,0,1,0,0,1,0,0,0,2,0,0,0,0,0,0,2,0,0,0,0,0,0,0,0,0,2,2,0,0,0,0,0,0,0,0,0,0,0,2,3,0,0,0,0,0,0,1,0,0,0,0,6,0,0,0,0,0,0,0,0,2,0,0,0,11,7,3,0,0,0,1,0,0,2,0,0,0,0,0,0,0,0,3,3,0,0,4,0,1,0,0,0,0,0,1,0,0,0,0,0,0,0,0,0,0,0,0,0,0,0,0,0,0,0,0,0,0,0,2,0,1,0,0,0,0,0,0,0,0,2,0,0,0,0,0,0,0,0,0,2,0,0,0,0,5,0,0,0,0,0,3,0,0,0,0,0,0,0,0,0,0,1,2,0,0,0,0,2,0,0,0,0,1,0,2,0,0,0,3,0,0,0,0,0,0,0,0,0,0,0,0,0,0,2,0,0,0,0,0,0,0,0,0,3,0,0,0,0,3,0,0,0,0,0,0,0,0,3,1,0,0,0,1,0,0,0,0,0,0,0,0,2,0,0,0,0,0,4,0,1,0,3,0,0,0,0,0,0,0,0,0,0,0,0,0,0,0,2,0,0,0,0,0,0,0,0,0,0,0,0,0,0,0
1,1,0,1,1,0,0,0,0,6,0,0,0,3,0,0,1,0,2,0,1,0,0,0,0,0,0,0,0,0,0,0,0,0,0,1,0,0,0,0,1,0,0,0,0,0,0,1,2,0,0,0,0,0,0,0,0,0,1,0,0,0,0,0,0,0,0,1,0,0,0,0,0,0,0,0,0,0,0,0,0,0,0,0,4,0,2,0,0,1,0,0,0,0,0,0,0,0,0,0,0,1,0,0,0,0,0,0,0,0,0,1,0,0,0,0,0,0,1,0,0,0,4,0,0,0,0,0,0,1,2,0,0,0,0,0,0,0,0,0,2,0,0,0,0,0,0,0,0,0,0,0,0,0,0,0,0,0,0,0,0,0,0,0,0,0,0,0,0,0,0,0,0,0,0,1,0,0,1,0,2,0,0,0,0,0,0,0,0,0,0,0,1,0,1,3,0,0,0,0,0,0,0,0,0,0,1,1,0,0,0,0,0,0,0,0,1,0,0,0,0,0,0,0,0,0,0,1,0,1,0,0,1,0,0,0,0,0,0,0,0,0,1,0,1,2,0,0,0,1,0,1,0,0,0,0,2,0,0,0,1,0,0,0,0,1,0,0,0,0,0,0,0,0,1,0,0,0,0,0,0,0,0,0,0,3,0,0,2,0
0,0,0,0,0,1,0,0,1,1,0,1,0,2,3,0,0,0,3,0,1,1,2,0,0,0,2,2,0,0,0,0,0,0,0,0,0,0,0,0,0,0,0,0,4,0,0,3,0,0,1,0,0,0,1,1,0,0,0,0,0,1,0,0,0,0,0,0,0,0,0,2,0,0,0,0,0,0,1,0,0,0,1,1,0,0,0,0,0,0,0,0,0,1,0,1,0,0,0,0,0,0,1,0,0,0,1,1,0,1,0,2,0,1,0,0,0,0,0,1,1,0,0,2,0,0,0,0,1,0,0,0,0,0,0,0,0,0,0,1,0,0,1,0,0,0,0,0,0,0,0,0,1,0,0,0,0,0,0,1,0,1,0,0,0,0,0,0,0,0,1,0,0,0,0,0,0,1,0,0,0,1,0,0,0,0,0,0,0,2,1,1,1,0,1,0,0,0,0,0,0,0,0,0,0,0,0,0,0,0,1,0,0,1,0,0,1,0,0,0,0,0,0,0,0,0,0,0,0,0,0,0,3,0,0,0,0,0,0,2,0,0,0,0,0,2,0,1,0,0,0,0,0,0,0,1,2,2,1,2,0,0,0,0,0,0,0,0,0,0,0,0,0,0,0,0,0,0,0,0,0,0,0,0,0,0,0,0,1,0
0,0,1,0,1,0,0,2,0,0,0,0,0,0,0,0,0,0,0,0,0,0,1,0,1,1,0,1,0,1,0,0,0,0,0,0,2,0,0,0,0,0,1,0,1,0,0,0,0,1,1,0,0,0,0,0,0,0,0,0,0,0,0,2,0,2,0,0,0,0,0,0,0,1,1,0,0,0,1,0,0,0,1,0,0,0,1,0,1,0,0,0,0,0,1,1,0,1,0,1,1,0,1,1,0,0,0,0,0,2,1,1,1,1,1,0,1,1,1,0,2,0,0,0,0,3,0,1,1,0,0,1,1,0,0,0,0,0,0,0,0,0,0,0,0,0,1,0,2,0,0,0,0,0,0,0,1,2,0,0,1,0,2,0,3,0,0,0,0,1,1,0,0,0,1,1,2,0,0,0,0,0,1,0,0,0,0,0,0,0,1,0,0,0,0,0,1,0,0,2,0,1,0,1,0,1,0,0,3,0,1,0,0,0,0,0,0,1,3,0,0,0,0,0,0,1,0,1,1,0,0,0,0,0,0,0,0,0,0,1,3,0,0,1,0,0,0,0,1,0,1,0,0,0,0,0,0,0,1,0,0,0,1,0,0,1,1,0,0,1,0,0,0,0,0,0,0,0,0,0,0,1,0,0,0,0,0,0,0,0
0,4,0,0,1,0,0,0,0,0,0,0,0,0,0,1,1,0,0,0,0,0,0,0,1,0,0,0,2,0,0,0,1,0,1,2,0,0,1,0,0,0,1,0,0,0,1,0,0,1,0,0,0,1,0,0,0,0,0,0,0,0,0,0,0,1,0,0,1,2,0,0,0,0,0,0,0,1,0,0,0,1,0,0,0,0,0,0,0,0,0,0,0,0,0,0,0,2,1,0,0,0,0,0,0,0,1,0,0,0,0,0,0,0,0,0,0,0,0,0,0,0,2,0,0,0,0,1,0,0,0,0,0,0,0,0,0,0,0,0,0,0,0,0,0,1,0,4,0,0,0,0,1,0,1,0,0,0,0,0,1,0,2,0,0,0,0,0,0,0,1,0,0,0,3,0,0,0,0,0,1,0,0,1,0,0,0,0,0,0,0,0,0,0,0,0,0,0,0,0,0,0,0,0,0,1,0,1,0,0,0,0,0,0,1,0,0,0,0,0,0,0,0,0,0,0,0,0,0,1,0,0,0,1,0,0,1,0,0,0,0,0,0,0,0,0,0,0,0,0,1,0,0,1,0,0,0,0,0,0,0,0,0,0,0,1,0,0,0,1,0,0,0,0,0,0,0,0,1,0,0,0,0,0,0,0,0,0,0,0
3,0,5,0,2,0,0,0,0,0,0,0,0,1,0,1,0,0,0,3,0,0,0,0,0,0,0,2,1,0,0,0,0,0,0,1,0,0,0,0,0,0,0,0,0,1,0,3,1,0,0,0,0,2,0,0,0,0,0,0,0,0,2,0,0,0,0,0,0,0,0,0,0,0,0,0,0,0,0,0,0,1,0,0,0,2,0,0,0,0,0,0,2,0,0,0,0,0,0,0,0,0,0,0,0,0,0,1,0,0,0,0,0,0,0,0,2,0,1,0,0,0,0,0,0,0,0,0,1,0,5,0,1,2,2,0,0,0,0,0,0,0,0,0,0,0,0,0,0,0,0,0,0,0,0,1,2,0,0,0,0,0,0,0,0,0,1,0,0,2,2,0,1,0,0,0,1,3,2,0,0,0,0,2,0,0,0,0,0,0,2,0,0,0,0,0,0,0,0,2,2,0,0,0,3,0,3,0,0,0,2,0,0,0,0,5,2,0,0,0,0,0,0,0,0,0,0,0,0,0,0,0,0,0,1,0,0,0,0,0,0,0,0,3,0,0,0,8,0,0,0,0,0,0,0,0,0,0,0,0,0,0,0,0,0,0,0,0,3,0,0,0,6,0,0,7,0,0,0,2,0,0,0,2,1,0,0,0,0,0
0,0,0,3,0,4,0,0,0,0,0,0,0,0,8,0,0,3,2,0,0,0,0,0,0,0,0,0,0,1,6,0,0,0,0,0,0,0,0,0,0,1,0,0,1,0,3,0,0,0,0,0,0,0,2,0,6,3,0,0,0,0,0,0,0,0,0,0,0,0,0,3,0,0,5,0,0,0,0,0,1,0,0,0,0,0,0,0,0,0,0,0,0,0,0,0,0,3,0,0,0,0,0,0,0,0,0,0,0,0,0,0,0,1,0,3,0,0,0,2,0,3,0,0,0,3,2,0,0,0,0,0,0,0,0,0,0,0,0,8,0,0,0,0,0,0,0,0,0,1,0,0,0,0,0,0,0,0,0,0,0,2,0,0,0,0,0,0,0,0,3,0,0,0,0,0,0,0,0,0,2,0,2,4,0,0,0,4,0,0,0,0,3,0,0,0,0,0,5,0,0,0,0,0,0,0,0,0,0,0,0,0,0,0,0,0,0,8,0,0,0,0,3,3,0,0,0,0,0,0,3,0,0,0,3,1,0,0,0,0,0,0,3,0,2,0,0,0,0,0,2,0,0,0,0,0,0,0,0,0,1,2,0,0,0,0,0,4,0,0,2,0,0,6,0,0,0,0,0,0,3,0,3,0,1,0,0,0,0,0
3,0,0,0,0,0,0,3,4,2,0,3,0,4,5,0,0,0,3,3,3,4,0,0,4,2,5,15,0,3,0,3,0,2,0,0,3,2,0,0,2,0,0,5,5,0,0,6,5,0,4,3,1,3,16,1,0,3,1,4,3,1,0,0,0,0,0,2,0,13,1,2,0,2,0,0,13,0,5,0,4,7,2,0,0,0,0,2,4,3,11,4,1,6,0,2,0,0,0,4,0,0,0,4,2,0,0,0,2,0,4,0,0,6,3,2,0,0,2,0,0,0,0,3,2,0,0,0,4,0,4,0,0,3,7,1,2,1,0,5,0,0,2,0,1,0,4,15,1,6,2,3,2,0,2,2,9,3,5,1,6,0,0,8,0,4,5,3,2,3,0,2,8,0,0,5,0,2,7,0,0,9,0,4,3,2,0,0,3,6,4,2,0,2,0,3,0,0,2,0,0,0,0,4,0,0,0,3,0,0,0,0,3,0,0,1,4,5,0,1,0,3,0,1,0,0,2,0,0,0,0,5,0,0,0,0,0,0,0,2,0,0,0,2,0,0,0,0,1,0,0,0,0,0,2,0,0,0,0,0,0,0,0,0,1,0,2,3,2,0,2,1,0,0,0,1,0,0,0,0,3,0,3,0,0,1,3,0,3,5
0,0,0,0,0,0,0,0,0,0,0,0,0,0,0,0,0,0,0,0,1,1,0,0,0,0,0,0,0,0,0,0,0,0,0,0,0,0,0,0,0,1,0,0,0,0,0,0,0,0,0,0,0,0,0,0,0,1,0,0,0,0,0,0,0,0,0,0,0,0,0,0,0,0,0,0,0,0,0,0,0,0,0,0,0,0,0,0,0,0,0,0,0,0,0,0,0,0,0,0,0,0,0,0,0,0,0,0,0,0,0,0,0,0,0,1,0,0,0,0,0,0,0,0,0,0,0,0,0,0,0,0,0,0,0,0,0,0,0,0,0,1,0,0,0,0,0,0,0,0,0,0,0,0,0,0,0,0,0,0,0,0,0,0,0,0,0,0,0,0,0,0,0,0,0,0,0,0,0,0,0,0,0,0,0,0,0,0,0,0,0,0,0,0,0,0,0,0,0,0,0,0,0,0,0,0,0,0,0,0,0,0,0,0,0,0,0,0,0,0,0,0,0,0,0,0,0,0,0,0,0,0,0,0,0,0,0,0,0,0,0,0,0,0,0,0,0,0,0,0,0,0,0,0,0,0,0,0,0,0,0,0,0,0,0,0,0,0,0,0,0,0,0,0,0,0,0,0,0,0,0,0,0,0,0,0,0,0,0,0
0,0,0,0,0,0,0,0,0,0,1,0,0,0,0,0,0,0,0,0,0,0,0,0,0,0,0,0,0,0,0,0,0,0,0,0,0,0,0,0,0,0,0,0,0,0,0,0,0,1,0,0,0,0,0,0,0,0,0,0,0,0,0,0,0,0,0,0,0,0,0,0,0,0,0,0,1,0,0,0,0,0,0,0,0,0,0,0,0,0,0,0,0,0,0,0,0,0,0,0,0,0,0,0,0,0,0,0,0,0,0,0,0,0,0,0,0,0,0,0,0,0,1,0,1,0,0,0,1,0,0,0,0,0,0,0,0,0,0,0,0,0,0,0,0,0,0,0,0,0,0,0,0,0,0,0,0,0,0,0,0,0,0,0,0,0,0,0,0,0,0,0,0,0,0,0,0,0,0,0,0,0,0,0,0,0,0,0,0,0,0,0,0,0,0,0,0,0,0,0,0,0,1,0,0,0,0,0,0,0,1,0,0,0,0,0,0,0,0,0,0,0,0,0,0,0,0,0,0,0,0,0,0,0,0,0,0,0,0,0,0,0,1,0,0,0,0,0,0,0,0,0,1,0,0,0,0,0,0,1,0,0,0,0,0,0,0,0,0,0,0,0,0,0,0,0,0,0,0,0,0,0,0,0,2,0,1,0,0,0
0,0,0,0,0,0,0,0,0,0,0,0,0,0,0,0,0,0,0,0,0,0,0,0,0,0,0,0,0,0,0,0,0,0,0,0,0,0,0,0,0,0,0,0,0,0,0,0,0,0,0,0,1,0,0,0,0,0,0,0,0,0,0,0,0,0,0,0,0,0,0,0,0,1,0,1,0,0,0,0,0,0,0,0,0,0,0,0,0,0,0,0,0,0,0,0,0,0,0,0,0,0,0,0,0,0,0,0,0,0,0,0,0,0,0,0,0,0,0,0,0,0,0,0,0,0,0,0,0,0,0,0,0,0,0,0,0,0,0,0,0,0,0,0,0,0,0,0,0,0,0,0,0,0,0,0,0,0,0,0,0,0,0,0,0,0,0,0,0,0,0,0,0,0,0,0,0,0,0,0,0,0,0,0,0,0,0,0,0,0,0,0,0,0,0,0,0,0,0,0,0,0,0,0,0,0,0,0,0,0,0,0,0,0,0,0,0,0,0,0,0,0,0,0,0,0,0,0,0,0,0,0,0,0,0,0,0,0,0,0,0,0,0,0,0,0,0,0,0,0,0,0,0,0,0,0,0,0,0,0,0,0,0,0,0,0,0,0,0,0,0,0,0,0,0,0,0,0,0,0,0,0,0,0,0,0,1,0,0,0
9,0,0,5,26,32,4,0,0,0,6,0,37,0,0,0,33,19,0,17,13,0,0,32,4,9,0,0,19,0,9,19,13,0,6,20,2,26,36,35,24,6,14,0,3,27,41,0,0,0,0,1,0,0,0,4,33,4,0,0,0,0,9,0,12,0,0,6,24,0,0,0,54,0,7,49,0,5,0,0,0,1,10,42,14,5,11,12,0,0,0,3,2,15,0,0,0,0,0,0,26,0,5,0,44,18,9,20,0,0,0,0,54,0,42,0,26,0,0,35,11,13,14,0,0,14,0,0,11,0,4,9,4,0,0,0,0,17,39,0,23,0,0,5,16,0,29,0,36,0,22,35,8,0,0,32,0,19,0,5,5,0,21,4,0,0,0,5,0,26,0,0,17,32,4,4,10,0,0,12,4,0,0,0,0,0,11,0,0,0,0,0,5,0,0,5,5,5,0,13,4,6,0,0,0,0,0,0,0,18,4,0,0,0,0,0,4,8,0,0,25,1,0,0,0,0,0,0,0,0,0,6,0,5,0,0,0,8,0,0,27,0,0,0,10,0,12,0,0,4,4,0,0,0,4,0,0,0,0,0,4,0,0,0,0,0,0,0,0,0,0,0,0,0,0,0,0,2,0,0,0,0,7,0,0,0,0,18,0,0
0,1,0,0,0,0,1,0,0,0,0,1,0,0,1,0,0,0,0,0,1,0,0,0,0,0,0,0,0,0,0,0,0,1,0,0,0,0,0,0,0,0,1,0,1,0,0,0,0,0,0,0,1,0,0,0,0,1,0,0,1,0,0,0,0,1,0,0,0,0,0,0,0,0,0,0,0,0,0,0,0,0,0,0,0,0,0,0,0,0,0,1,0,0,0,0,0,0,1,0,0,0,0,0,0,0,0,0,0,0,0,1,0,0,0,0,0,0,0,0,0,0,0,0,0,0,0,0,0,0,0,0,0,0,0,0,0,0,1,0,0,0,0,0,0,0,0,0,0,0,0,0,0,0,0,0,0,0,0,0,0,0,0,0,0,0,0,0,0,0,0,0,0,0,0,0,0,0,0,0,0,0,0,0,0,1,0,0,0,0,0,0,0,0,0,0,0,0,0,0,0,0,0,0,0,0,0,1,0,0,0,0,0,0,0,0,0,0,0,0,0,0,0,0,0,0,0,0,0,0,1,0,0,0,0,0,0,0,1,0,0,0,0,0,0,0,1,0,0,0,0,0,0,0,0,0,1,0,0,0,1,0,0,0,0,0,0,0,0,1,1,0,0,0,0,0,0,0,0,0,0,0,0,0,0,0,0,0,0,0
0,0,3,0,0,0,0,0,0,0,0,0,0,0,5,0,0,0,0,0,3,0,0,0,0,0,0,0,0,0,0,0,0,0,0,0,0,0,0,0,0,2,2,0,8,0,0,0,0,0,0,0,0,0,0,10,3,0,0,4,2,0,0,0,1,0,0,0,2,0,2,0,0,0,0,0,4,0,0,0,0,0,0,0,0,0,0,0,0,0,0,1,0,0,0,4,0,0,0,1,0,0,0,0,0,0,0,0,1,3,0,0,0,0,3,0,2,0,0,0,4,0,0,2,5,0,0,0,0,0,0,0,0,0,1,0,0,0,0,5,1,0,0,0,2,4,0,0,0,3,0,0,0,0,1,0,0,0,0,0,0,0,0,0,0,0,3,0,0,0,0,0,0,0,0,0,0,0,2,5,0,0,0,0,0,0,0,0,0,0,10,0,0,0,0,0,3,3,0,1,0,0,0,0,0,9,0,0,0,0,0,0,0,0,0,0,0,0,0,0,0,0,0,0,0,0,0,0,0,0,0,0,0,1,0,0,0,0,0,0,0,0,0,0,0,0,0,0,0,0,0,0,0,0,0,0,0,0,0,0,0,0,0,0,0,0,0,0,0,4,0,0,0,0,0,3,0,0,3,0,0,0,0,0,0,0,0,0,0,0
0,0,0,0,0,0,0,0,0,0,0,0,0,0,0,0,0,0,0,0,0,0,0,0,0,0,0,0,0,0,0,0,0,0,0,0,0,0,0,0,0,0,0,0,0,0,0,0,0,0,0,0,0,0,0,0,0,0,0,0,0,0,0,0,0,0,0,0,0,0,0,0,0,0,0,0,0,0,0,0,0,0,0,0,0,0,0,0,0,0,0,0,0,0,0,0,0,0,0,0,0,0,0,0,0,0,0,0,0,0,0,0,0,0,0,0,0,0,0,0,0,0,0,0,0,0,0,0,0,0,0,0,0,0,0,0,0,0,0,0,0,0,0,0,0,0,0,0,0,0,0,0,0,0,0,0,0,0,0,0,0,0,0,0,0,0,0,0,0,0,0,0,0,0,0,0,0,0,0,0,0,0,0,0,0,0,0,0,0,0,0,0,0,0,0,0,0,0,0,0,0,0,0,0,0,0,0,0,0,0,0,0,0,0,0,0,0,0,0,0,0,0,0,0,0,0,0,0,0,0,0,0,0,0,0,0,0,0,0,0,0,0,0,0,0,0,0,0,0,0,0,0,0,0,0,0,0,0,0,0,0,0,0,0,0,0,0,0,0,0,0,0,0,0,0,0,0,0,0,0,0,0,0,0,0,0,0,0,0,0
0,0,0,0,0,0,4,0,6,3,15,0,1,0,0,4,0,0,3,12,3,0,2,17,0,0,0,7,0,0,0,3,0,0,0,10,3,9,0,6,8,0,4,0,15,3,5,0,0,0,0,2,3,0,0,0,14,0,0,0,0,7,0,0,10,5,0,0,5,0,6,0,6,0,0,0,0,0,0,0,0,1,0,1,4,0,5,4,0,0,5,7,0,2,22,0,10,0,0,0,8,3,0,0,9,11,20,0,1,0,0,0,13,0,10,0,2,0,0,6,6,11,3,0,0,0,4,0,0,0,0,15,14,0,5,8,0,0,0,0,4,0,0,0,1,6,2,0,7,7,16,29,0,0,0,4,0,0,0,0,0,0,5,6,5,0,0,0,0,1,0,12,0,0,0,0,8,0,0,0,0,0,0,0,0,0,6,0,2,0,0,0,0,0,0,0,0,0,3,0,4,0,4,8,0,0,0,0,10,0,0,0,0,0,0,0,0,0,0,0,0,4,0,0,0,0,0,0,0,0,0,3,0,0,10,0,0,0,22,0,3,0,0,0,7,0,0,0,0,3,0,0,0,0,0,0,0,2,0,0,0,0,7,0,0,0,0,0,10,0,0,0,0,5,0,0,0,0,0,0,0,2,0,6,0,0,0,0,0,0
0,0,0,0,0,0,0,0,0,0,0,0,0,0,0,0,0,3,0,0,0,0,0,0,0,2,0,0,0,0,0,0,13,0,0,3,0,0,0,0,0,4,0,0,0,0,0,0,0,0,0,6,0,0,3,0,0,0,0,0,0,0,0,0,0,0,2,0,0,0,3,0,0,0,0,0,0,5,5,0,0,0,0,0,7,0,0,3,0,0,0,0,0,0,0,0,0,0,2,3,0,7,0,0,0,0,0,0,5,0,2,0,0,0,11,0,0,0,0,5,0,0,0,0,0,0,0,0,0,2,0,2,0,0,0,3,0,5,0,0,0,0,0,0,0,0,0,0,0,0,0,0,0,0,0,0,5,3,0,0,0,0,0,0,0,0,4,0,0,0,0,0,0,0,0,0,0,0,0,0,0,0,0,5,0,0,0,0,6,0,0,0,0,0,5,0,0,7,0,7,0,4,3,0,0,0,0,3,5,0,0,0,0,5,0,5,0,0,3,0,0,0,0,0,0,4,0,0,3,0,0,0,0,0,0,0,0,0,0,0,0,8,4,4,0,0,0,3,0,0,0,3,0,0,0,0,0,9,0,0,0,0,0,0,4,0,0,0,0,0,0,0,0,0,0,0,0,0,0,0,0,0,0,0,0,0,0,0,3,0
0,0,0,0,1,0,0,0,0,0,0,0,0,1,2,1,0,2,0,0,0,0,0,0,2,0,0,0,0,0,0,0,0,0,0,0,2,0,0,1,0,10,0,0,0,0,0,0,0,0,0,0,0,0,0,0,3,0,0,1,0,0,0,0,0,2,0,0,0,0,0,0,0,3,0,1,1,0,2,1,0,0,0,1,0,1,2,0,0,0,0,0,0,0,0,2,1,0,0,2,4,0,0,0,0,2,0,0,0,0,4,0,0,0,0,5,0,0,0,0,0,1,0,0,0,0,0,0,0,0,0,0,0,0,0,1,0,0,3,0,0,0,2,0,0,0,0,0,2,0,0,0,0,0,0,2,4,0,0,0,0,0,0,0,0,2,0,0,0,0,0,0,0,0,3,3,0,0,2,0,0,1,0,0,0,2,0,0,0,0,0,1,0,0,0,0,2,0,0,1,0,0,0,0,0,0,0,0,0,0,0,0,0,0,0,0,0,0,0,0,1,0,3,0,3,0,1,0,0,0,0,0,0,0,0,1,0,0,0,0,0,0,0,0,1,0,0,0,0,0,0,0,0,0,0,0,0,1,0,0,0,0,0,0,2,0,0,0,0,0,0,2,0,0,2,0,0,1,0,0,0,0,0,0,0,0,0,0,0,0
0,0,0,0,0,0,0,0,0,2,0,1,0,1,0,0,0,0,0,0,0,0,0,0,0,0,0,0,0,0,0,0,0,0,0,0,0,1,0,0,0,0,0,1,0,0,0,0,0,0,0,0,0,0,0,0,0,0,0,0,0,1,0,0,1,0,0,0,0,0,1,0,0,0,0,0,0,1,0,0,0,0,0,0,0,1,0,0,0,0,0,0,0,1,0,0,0,0,1,1,0,0,0,0,0,0,1,1,0,0,0,0,0,0,0,1,0,0,0,0,1,0,0,0,0,0,0,0,0,0,0,1,0,0,0,0,0,0,0,4,0,0,0,0,0,0,0,0,0,0,1,0,0,0,0,0,0,1,0,1,0,0,0,0,2,0,0,0,0,2,0,0,1,0,0,0,0,1,0,0,0,0,0,0,0,0,0,1,0,0,2,2,0,0,0,0,0,0,0,1,1,0,0,0,0,0,0,0,0,0,0,0,0,0,0,1,0,1,0,0,0,2,1,0,0,0,0,0,0,1,0,1,0,0,0,0,0,0,0,0,0,0,1,0,0,0,0,0,0,0,0,0,0,0,0,0,0,0,0,1,0,0,0,0,1,0,1,2,1,0,0,1,0,0,0,0,0,0,0,0,0,0,0,1,1,0,0,0,0,0
0,0,0,0,0,0,0,0,0,4,0,0,0,0,0,1,0,2,1,3,0,1,0,0,0,1,2,1,0,0,0,4,0,0,0,2,0,0,0,0,0,0,0,0,0,0,0,0,0,0,0,0,1,0,0,0,0,1,0,0,0,0,0,0,0,0,2,0,1,1,0,0,1,0,0,0,0,1,0,0,0,0,0,0,0,0,1,0,0,0,0,0,0,0,0,0,0,0,0,0,0,0,0,0,0,1,0,0,0,4,1,0,0,0,0,0,0,0,0,0,0,0,0,0,0,0,2,1,0,0,0,0,0,2,0,0,0,2,0,0,0,0,0,0,0,1,1,0,0,0,0,0,0,2,0,0,0,0,0,0,0,0,0,0,0,1,0,0,0,0,0,0,1,0,0,0,0,0,2,0,0,0,0,0,0,1,0,0,1,0,0,0,0,0,0,0,0,0,0,0,0,0,0,0,0,0,1,0,1,0,0,0,0,0,0,0,0,0,0,0,1,0,0,0,0,1,0,1,0,0,0,0,0,0,0,0,0,0,0,0,0,0,0,0,0,1,0,0,0,0,0,0,0,0,0,0,1,0,0,0,0,0,0,0,0,0,0,0,0,0,0,0,0,0,0,0,0,1,1,0,0,0,0,0,0,0,0,0,0,1
0,0,0,0,0,0,0,0,0,0,0,0,0,0,0,2,1,0,0,0,0,1,0,0,0,0,0,1,0,0,2,3,0,0,0,0,1,0,0,1,0,4,0,0,0,0,0,0,0,0,2,0,0,0,0,0,0,0,0,0,0,0,0,0,1,0,0,0,0,0,0,0,1,2,0,0,0,0,0,0,0,1,0,0,0,0,0,2,0,0,0,0,0,0,0,0,0,0,0,0,0,0,0,0,0,0,1,0,0,1,0,0,0,0,3,0,0,0,0,0,0,0,0,0,0,2,1,0,0,0,0,0,0,0,0,0,0,0,0,0,0,0,0,0,0,3,0,0,0,0,0,0,0,0,0,2,0,3,0,0,2,0,0,0,0,0,0,0,0,0,2,0,0,0,0,0,0,2,0,2,0,0,0,0,0,3,0,0,0,2,0,0,0,0,0,0,0,0,0,0,1,0,1,0,0,0,1,0,0,0,0,0,0,0,0,0,0,0,0,0,0,1,0,0,0,0,0,0,0,0,1,0,0,0,0,0,0,0,0,2,0,0,0,0,0,0,0,0,0,0,0,0,0,0,5,2,1,1,2,0,0,0,0,0,0,0,1,0,0,0,0,0,1,0,0,0,0,0,1,1,0,0,2,0,0,0,0,0,0,3
0,0,0,16,7,0,0,0,0,0,0,0,0,0,0,0,0,0,11,0,7,0,0,0,0,0,11,0,0,0,0,0,0,13,0,0,0,16,0,0,0,0,12,0,0,0,13,0,0,0,0,0,0,10,14,0,0,0,0,0,0,0,0,0,0,0,0,0,0,0,0,0,0,0,0,0,0,0,0,0,0,23,0,0,0,10,0,0,0,14,0,0,0,0,0,0,0,0,0,8,0,0,0,0,0,28,12,25,0,0,0,0,0,26,0,0,39,27,0,0,0,13,0,0,8,0,0,5,0,0,0,0,0,0,0,0,0,13,0,0,0,0,0,0,0,0,0,11,0,0,0,0,0,0,18,0,12,0,0,0,0,0,9,0,0,0,0,0,0,0,0,0,0,0,0,0,0,0,0,0,0,0,0,0,0,10,0,0,19,0,0,0,0,0,0,0,0,0,9,0,0,0,0,0,0,0,17,0,0,0,0,0,12,6,0,0,0,0,0,0,0,0,0,0,0,7,0,12,0,0,0,4,18,0,14,0,0,0,0,0,0,0,0,0,0,0,0,0,0,0,0,0,0,0,8,0,0,0,0,0,21,0,0,0,0,0,0,0,0,3,0,0,0,0,4,0,0,0,0,0,3,0,0,0,0,0,0,0,12,0
0,0,1,0,0,0,0,3,2,2,0,1,0,1,2,1,0,0,2,1,1,1,4,0,4,2,1,3,0,2,0,0,0,1,0,0,1,0,0,0,0,1,1,1,1,0,0,2,0,1,2,1,1,2,2,0,0,2,1,1,2,2,0,2,0,2,2,0,0,3,0,1,0,1,2,1,1,0,0,1,0,1,2,0,0,1,2,1,5,1,5,2,4,1,2,1,2,1,2,0,1,2,2,1,0,0,1,0,1,1,2,0,0,2,0,1,1,3,2,0,0,0,0,0,0,1,1,1,0,1,1,0,1,1,2,2,1,0,1,1,1,0,1,1,0,0,1,2,0,2,0,1,2,1,2,1,3,0,2,0,1,3,0,1,1,3,3,2,0,0,1,0,0,2,2,1,2,0,1,0,1,1,0,1,0,0,1,1,0,1,0,0,0,1,1,2,0,0,1,0,1,0,0,0,1,0,2,2,0,2,0,0,0,1,1,0,1,0,0,3,0,0,1,1,0,1,1,1,1,3,0,1,1,0,1,0,0,1,2,0,0,1,1,0,0,0,1,1,0,0,1,0,1,2,0,1,1,0,1,0,0,1,0,0,0,1,0,1,0,2,0,1,1,0,0,1,0,1,1,1,0,0,0,0,1,0,0,1,0,0
0,0,5,0,0,0,0,4,0,0,0,0,0,0,0,0,0,0,3,4,3,0,0,0,0,0,0,0,0,7,0,0,0,0,0,0,0,0,0,0,0,0,0,0,0,0,0,0,0,0,0,0,0,11,5,0,0,0,0,0,0,4,0,0,0,0,0,0,0,0,0,0,5,0,0,0,0,0,2,0,7,0,0,0,0,0,0,0,0,0,2,0,0,0,0,0,0,0,0,5,0,0,0,0,0,0,0,0,0,0,0,0,0,0,0,0,0,4,0,0,0,2,6,0,0,0,0,0,0,0,0,0,0,0,0,1,0,0,0,0,0,12,0,0,4,0,3,0,0,0,0,0,0,0,0,0,0,3,4,0,0,0,2,0,0,0,0,0,0,0,0,0,0,0,0,0,0,0,0,0,0,0,0,0,5,0,4,0,0,0,0,0,0,0,0,0,0,0,0,0,0,0,0,0,0,0,0,0,4,0,0,0,0,0,8,0,0,0,0,0,0,0,0,0,0,0,0,0,4,0,0,3,0,2,0,14,1,0,0,0,0,0,0,0,3,0,0,0,0,0,0,0,0,0,0,0,3,0,0,0,0,0,0,0,0,2,0,0,10,0,0,0,0,0,0,0,6,0,0,0,0,0,1,4,0,0,0,0,0,0
0,17,4,7,6,4,0,0,0,3,6,0,0,0,0,0,11,10,0,0,0,5,1,0,0,0,0,9,10,0,12,0,7,0,3,0,4,6,14,14,2,0,9,6,0,6,2,4,0,0,0,0,0,5,0,13,5,0,2,0,0,0,7,5,17,0,25,1,6,0,0,0,0,2,0,0,0,0,0,0,5,0,0,3,0,0,8,0,0,0,0,9,24,0,0,0,0,0,22,0,7,0,1,7,0,1,0,0,7,5,21,0,0,0,15,5,6,9,0,0,6,0,5,6,0,0,0,0,7,0,5,7,0,5,1,0,0,4,7,9,5,0,0,13,0,10,16,0,5,15,0,7,24,19,0,0,0,12,5,4,3,7,0,0,0,0,0,0,8,3,0,17,0,16,4,2,7,17,0,13,5,9,7,12,6,12,0,10,6,0,11,6,5,0,13,0,8,4,0,6,0,0,4,6,5,5,0,6,0,0,0,0,0,0,0,0,0,21,0,6,4,0,0,4,4,2,0,0,0,5,0,0,0,0,0,0,0,0,0,14,5,0,5,0,0,0,4,0,0,0,0,0,0,0,12,4,0,1,0,0,0,0,1,0,0,0,5,0,0,11,0,0,0,0,4,0,7,0,0,0,3,0,0,0,0,0,22,8,0,4
17,0,0,0,4,0,0,0,7,0,0,0,0,0,0,0,0,0,0,0,0,0,0,0,0,0,5,0,15,0,0,0,0,0,0,0,23,0,0,0,9,0,0,0,0,0,0,0,0,0,11,0,0,0,5,0,0,0,0,10,0,0,0,0,0,0,0,0,0,0,0,0,0,0,0,0,0,0,9,0,0,30,0,0,20,0,0,0,0,0,0,0,0,0,0,0,0,0,0,0,0,0,0,0,0,0,10,0,0,0,0,0,0,0,0,0,15,0,0,0,0,0,13,0,0,0,15,10,0,0,0,0,0,7,16,0,0,12,0,0,0,0,8,0,7,0,19,0,0,0,0,0,0,0,0,0,0,0,3,0,25,13,10,0,33,16,0,0,0,0,0,0,0,0,0,0,0,0,0,0,0,1,0,0,0,0,0,19,16,0,0,0,0,0,0,0,0,0,0,0,0,0,0,0,0,0,0,0,0,8,0,0,0,1,0,0,19,0,0,0,0,0,0,0,0,18,0,0,23,0,0,0,0,0,0,34,0,0,0,0,0,0,5,0,0,0,0,0,0,7,0,0,0,0,0,0,4,0,0,0,0,8,0,0,0,0,0,20,22,0,0,0,0,3,0,0,0,0,0,0,0,0,0,0,0,0,15,0,0,0
39,14,0,5,0,0,0,0,0,0,9,6,4,13,7,0,8,1,0,0,0,37,0,9,0,0,7,5,0,0,5,0,0,0,0,4,0,19,9,0,7,5,8,8,0,9,0,17,7,0,0,8,0,11,0,0,0,7,0,12,0,0,0,0,10,0,5,3,3,0,18,16,0,0,0,0,4,0,9,0,5,0,0,0,0,0,14,0,0,0,0,0,21,0,6,7,4,0,7,0,0,0,0,5,0,0,0,0,0,3,3,0,0,0,0,0,0,0,0,0,0,0,0,0,7,0,0,0,0,7,6,0,6,1,14,11,4,0,0,0,0,6,20,0,0,12,0,0,0,7,15,0,6,39,7,0,6,0,16,0,0,14,0,0,0,12,5,6,2,0,0,2,1,0,0,0,0,7,0,0,0,0,5,6,33,0,20,10,0,11,0,12,0,9,0,11,0,0,22,5,11,0,0,13,7,0,9,11,0,0,0,6,0,0,4,20,6,0,0,0,0,5,0,8,0,0,0,0,0,0,0,0,0,0,0,0,0,0,3,0,0,0,0,0,0,0,0,0,0,0,0,0,0,0,0,0,13,0,0,0,0,0,8,0,0,11,0,0,0,0,0,0,4,4,5,0,0,0,0,0,0,0,0,0,0,0,0,0,0,6
0,4,5,0,0,0,0,0,0,0,0,0,0,0,0,0,0,0,7,0,7,0,0,0,0,3,0,0,0,0,0,0,0,0,0,0,0,0,0,0,7,5,0,7,6,0,0,9,0,0,0,5,0,0,0,0,0,0,0,0,0,0,0,0,0,7,0,0,0,0,3,6,0,0,0,5,0,0,0,0,0,5,6,0,17,0,0,0,0,0,0,0,0,0,0,0,0,0,0,0,0,0,0,0,0,0,0,0,0,0,0,0,0,0,0,0,1,11,6,0,0,0,0,4,0,0,5,8,0,0,0,0,8,0,7,0,0,0,0,0,0,0,0,0,0,0,7,0,0,0,0,0,0,0,0,0,0,0,0,0,0,0,0,3,0,0,9,0,0,0,0,0,0,0,0,0,0,0,0,4,0,0,0,0,0,0,0,0,0,0,0,0,0,0,0,0,7,8,0,0,0,0,0,0,0,0,6,0,0,0,0,0,4,0,3,11,0,0,0,0,6,0,0,0,0,0,0,6,0,0,0,0,0,0,6,0,0,0,0,0,0,5,0,0,0,0,0,0,0,0,0,0,0,0,5,6,0,0,0,0,0,0,0,0,0,2,0,0,0,0,13,0,0,0,0,0,0,0,6,0,0,0,0,0,0,0,0,0,0,0
3,0,0,0,0,2,0,0,0,0,0,0,0,0,0,1,0,0,0,0,2,0,0,0,2,5,0,0,0,0,0,0,0,0,0,4,0,0,0,2,0,0,0,0,3,0,0,1,0,2,0,0,0,0,0,0,0,0,0,0,3,0,0,0,0,0,0,0,0,0,2,0,0,0,0,0,0,0,0,0,0,2,0,9,0,0,0,8,0,0,0,0,4,0,0,0,0,0,0,0,0,0,0,4,0,0,0,0,0,0,0,2,0,0,0,0,0,0,3,0,0,2,3,2,3,0,0,3,8,0,0,0,0,0,3,0,0,6,0,0,0,0,0,0,0,0,2,0,0,0,0,0,4,0,0,0,1,0,0,0,6,0,0,0,0,0,0,0,0,0,0,0,2,0,0,0,0,3,0,0,0,3,0,0,0,0,0,0,10,0,0,0,2,0,0,0,0,0,2,0,0,0,0,0,0,0,0,0,0,0,0,0,0,4,0,0,0,0,0,3,0,0,7,0,0,10,0,0,0,0,0,0,0,0,0,0,0,0,0,0,0,0,2,0,0,0,4,0,0,0,2,0,0,0,1,0,0,0,2,0,2,0,0,0,0,0,0,0,0,0,0,0,0,0,0,0,0,4,4,0,4,0,0,0,0,0,0,0,0,0
1,0,0,0,0,0,0,0,0,0,0,0,0,0,0,0,0,0,0,0,0,0,0,0,0,0,0,0,0,0,0,0,0,0,0,0,0,1,0,0,0,0,0,0,0,0,0,0,0,0,0,0,1,0,0,0,0,0,0,0,0,0,0,0,0,0,0,0,0,0,0,0,0,0,0,0,0,0,0,0,0,0,0,0,0,0,0,0,0,0,0,0,0,0,0,0,0,0,0,0,0,0,0,0,0,0,0,0,0,0,0,0,0,0,0,0,0,0,0,0,0,0,0,0,0,0,0,0,0,0,0,0,0,0,0,0,1,0,0,0,0,0,0,0,0,0,0,0,0,0,0,0,0,0,0,0,0,0,0,0,0,0,0,0,0,0,0,0,0,0,0,0,0,0,1,0,0,0,0,0,0,0,0,0,0,0,0,0,0,0,0,0,0,0,0,0,0,0,0,0,0,0,0,0,0,0,0,0,0,0,0,0,0,0,0,0,0,0,1,0,1,0,0,0,0,0,0,0,0,0,0,0,0,0,0,0,0,0,0,0,0,1,0,0,0,0,0,0,0,0,0,0,0,0,0,0,0,0,0,0,0,0,0,0,0,0,0,0,0,0,0,1,0,0,0,0,0,0,0,0,0,0,0,0,0,1,0,0,0,0
0,0,0,0,0,1,0,0,0,0,0,0,0,0,0,0,0,0,0,0,0,0,0,0,0,0,0,0,0,0,0,0,0,0,1,0,0,0,0,0,0,0,0,0,0,0,0,0,0,0,0,0,0,0,0,0,0,0,0,0,0,0,0,0,0,0,0,0,0,0,0,0,0,0,0,0,0,0,0,0,0,0,0,0,0,0,0,0,0,0,0,0,0,0,0,0,0,0,0,0,0,0,0,0,0,0,0,0,0,0,0,0,0,0,0,0,0,0,0,0,0,0,0,0,0,0,0,0,0,0,0,0,0,0,1,0,0,0,0,0,0,0,0,0,0,0,0,0,0,0,0,0,0,0,0,0,0,0,0,0,0,0,0,0,0,0,0,0,0,0,0,0,0,0,1,0,0,0,0,0,0,0,0,0,0,0,0,1,0,0,0,0,0,0,0,0,0,0,0,0,0,0,0,0,0,0,0,0,0,0,0,0,0,0,0,0,0,0,0,0,0,0,0,1,0,0,0,0,0,0,0,0,0,0,0,0,0,0,0,0,0,0,0,0,0,0,0,0,0,0,0,0,0,0,0,0,0,0,1,0,0,0,0,0,0,0,0,0,0,0,0,0,0,0,0,0,0,0,0,0,0,0,0,0,0,0,0,0,0,0
0,0,0,0,0,0,0,0,0,0,0,0,3,0,0,0,0,0,2,0,2,0,0,0,0,0,0,0,0,0,0,5,0,0,0,0,0,9,0,2,2,3,0,0,0,0,4,1,0,0,0,2,0,1,0,0,6,0,0,1,0,1,0,0,4,0,0,0,0,0,0,0,0,0,2,0,1,0,0,0,3,0,2,0,0,0,0,0,1,0,1,1,0,0,0,0,2,0,0,0,0,0,0,2,0,1,0,1,0,0,1,0,0,0,0,0,0,0,0,1,2,0,0,0,0,0,0,0,0,1,0,3,0,0,0,0,0,1,0,0,2,0,0,0,0,5,0,0,0,0,0,1,3,0,0,0,0,1,0,0,0,0,0,0,0,0,0,0,2,0,0,0,3,6,0,0,1,0,0,0,0,0,0,0,0,0,0,0,0,0,1,0,0,0,0,0,0,0,0,0,0,0,0,0,0,0,0,0,0,0,0,3,0,1,0,0,0,0,1,0,0,0,0,0,4,0,0,0,0,0,4,0,0,0,5,0,0,0,0,0,0,0,2,0,0,0,0,0,2,1,0,2,0,0,0,0,0,0,2,0,0,0,0,0,0,0,0,0,0,0,0,2,0,0,0,0,0,0,0,0,0,0,0,0,0,0,0,2,0,0
0,0,0,0,0,0,0,0,3,1,0,0,0,0,0,1,0,1,0,0,0,1,1,0,1,2,2,0,0,1,2,0,0,1,0,1,0,0,1,0,0,0,0,0,2,1,0,0,1,0,0,1,2,2,1,0,0,2,0,0,0,0,0,1,0,4,0,0,0,0,1,0,0,2,0,0,2,1,0,1,0,2,1,1,0,0,1,2,2,2,1,3,1,1,1,1,0,0,0,0,0,0,0,0,0,1,0,0,1,0,2,1,0,0,0,0,0,0,0,0,0,2,2,0,1,2,1,0,1,1,0,0,2,0,1,1,0,0,0,1,0,1,2,0,0,1,1,0,0,0,1,0,0,0,0,1,1,1,0,0,0,1,0,1,0,0,0,0,0,2,1,0,0,1,0,1,0,1,1,1,0,0,0,0,0,1,0,0,0,0,0,0,1,0,0,0,1,1,0,0,1,1,1,0,1,1,0,0,0,0,1,0,0,0,0,1,1,1,0,1,0,1,2,0,1,1,1,1,1,0,1,1,0,0,0,2,0,0,0,0,0,1,2,1,0,0,1,0,0,0,0,0,0,2,0,0,0,0,1,0,0,0,0,1,0,0,1,1,0,0,1,0,0,0,0,0,0,1,0,0,0,0,0,0,0,0,1,0,0,0
0,0,0,5,0,0,0,6,4,0,0,0,16,0,0,0,0,0,0,6,0,0,0,0,21,0,0,0,4,0,4,0,14,0,0,4,0,0,10,0,5,16,0,0,22,9,2,0,0,0,0,6,1,0,13,10,0,4,0,0,5,6,0,0,8,0,0,7,9,0,0,8,0,6,0,8,4,0,3,0,0,4,0,16,1,0,14,5,0,0,0,3,9,0,0,7,0,0,5,0,0,0,0,0,5,4,13,4,0,0,6,6,0,0,0,0,1,0,10,3,0,4,5,3,0,0,0,5,8,5,0,0,0,0,4,0,0,1,4,4,13,0,0,0,4,0,6,0,3,5,6,10,0,0,0,3,16,6,0,0,0,4,12,0,1,0,0,0,0,1,0,0,0,11,0,0,4,0,5,18,0,0,0,3,0,0,0,0,0,0,0,8,0,0,6,0,11,0,0,3,0,6,5,5,0,2,0,7,0,6,0,0,6,2,4,0,0,3,0,9,3,0,0,5,0,2,0,0,0,0,6,0,0,5,6,14,5,0,0,5,13,2,13,13,0,0,0,13,23,0,4,0,13,4,0,0,14,11,5,5,7,4,4,5,5,10,1,4,0,13,2,2,11,0,5,0,0,0,3,4,8,0,0,3,0,5,5,6,0,0
1,2,2,1,4,3,3,2,5,4,5,10,1,2,2,1,3,5,2,4,8,5,2,2,1,2,8,0,3,2,5,4,1,3,2,2,2,4,2,1,0,1,0,4,4,0,0,0,2,4,5,0,0,0,2,2,3,0,1,1,1,0,0,1,2,2,3,0,1,4,0,1,1,1,1,0,6,0,2,2,3,6,0,1,4,0,1,9,0,6,0,1,4,2,6,0,6,0,3,5,3,4,9,1,6,6,3,1,1,2,0,2,1,2,0,0,2,0,1,0,4,3,1,0,1,3,0,2,0,6,0,0,1,1,1,1,2,2,0,1,5,2,1,5,0,4,1,0,2,2,1,0,0,0,2,1,1,1,1,0,5,3,0,6,2,0,1,2,2,2,1,2,0,3,1,3,2,4,0,0,0,4,2,0,0,1,2,0,0,0,3,2,1,0,0,0,3,0,0,0,0,1,3,0,2,1,0,0,1,5,1,0,0,0,0,0,0,0,2,0,1,1,0,1,0,0,0,1,1,0,0,0,1,0,3,0,0,0,1,4,0,0,0,0,0,2,1,0,0,0,1,0,0,1,0,0,0,1,0,0,0,0,0,1,2,5,1,0,0,2,0,0,0,0,0,1,0,1,2,1,1,0,2,0,0,0,1,2,1,4
29,60,2,0,0,0,0,0,7,49,0,30,0,32,26,40,0,3,46,0,93,22,0,0,17,5,35,84,0,0,0,0,0,14,4,0,27,0,0,6,0,0,0,19,0,0,0,0,17,5,0,36,5,5,0,0,0,9,0,7,41,9,0,7,8,21,21,14,15,0,77,14,11,12,14,19,32,0,29,23,25,46,16,0,12,0,0,0,24,19,16,3,0,9,8,4,10,0,22,0,24,9,9,16,44,27,10,0,48,80,29,6,14,0,6,9,14,15,17,0,11,0,0,21,19,9,13,63,5,25,0,21,17,0,30,6,0,58,0,67,14,0,0,0,33,19,33,17,0,0,0,31,9,16,24,0,8,0,5,7,23,0,0,0,37,14,24,28,45,25,0,8,20,23,18,17,31,7,0,0,14,18,6,36,41,0,0,5,14,7,18,0,0,31,0,11,14,0,0,0,8,0,16,8,0,0,16,0,0,0,0,0,0,0,0,25,0,29,0,10,0,0,0,0,4,0,0,0,0,12,17,0,0,0,0,0,0,0,11,10,0,0,0,0,0,0,0,0,0,0,0,0,65,0,0,0,0,11,15,0,0,0,15,5,0,0,0,0,0,8,18,0,0,0,0,0,0,0,0,0,0,0,0,14,0,7,0,16,0,0
1,2,0,0,1,0,3,2,0,0,0,0,0,0,0,0,2,5,0,4,0,2,0,0,0,0,0,0,1,0,0,0,0,3,0,0,0,1,0,1,0,0,2,0,0,0,0,0,0,0,0,0,0,0,0,0,0,2,0,0,0,0,0,0,0,0,0,3,0,0,0,0,0,1,0,2,3,0,0,0,0,0,0,7,0,0,0,0,4,0,1,0,0,0,0,0,0,0,0,0,2,0,0,0,0,0,0,0,0,3,0,0,0,0,0,0,0,0,0,0,2,0,0,0,0,0,0,0,0,3,0,0,0,1,0,2,1,2,1,0,0,1,0,0,1,0,0,0,0,3,0,0,1,0,0,0,0,0,0,0,0,2,0,0,0,0,0,1,0,2,0,0,2,0,0,2,0,0,0,0,0,0,0,0,1,0,0,2,0,0,0,0,0,1,0,0,0,0,0,0,1,1,0,3,0,0,0,1,0,0,0,0,0,0,0,1,0,4,0,0,0,0,0,0,0,0,0,0,2,0,0,0,0,0,0,0,0,0,0,0,0,0,0,0,0,0,0,0,0,0,0,2,0,0,0,0,2,0,0,5,0,0,0,0,0,0,0,0,0,0,0,1,0,0,0,0,1,0,0,0,0,0,2,2,0,0,0,0,1,2
0,0,4,0,0,0,0,0,0,0,0,2,0,0,0,0,0,0,0,0,0,0,0,0,0,0,0,0,6,0,0,0,0,0,0,0,0,2,0,0,1,0,0,0,0,0,3,0,0,0,0,2,0,0,0,0,4,0,0,0,0,0,0,0,4,0,0,0,0,0,0,3,0,0,0,0,0,0,0,0,0,0,0,0,0,0,0,3,0,0,0,0,0,3,0,0,2,0,2,0,0,0,0,2,0,0,0,4,3,0,0,6,0,0,3,0,0,0,0,0,0,0,0,0,0,0,0,0,0,2,0,0,3,4,0,0,0,3,1,0,0,0,0,0,0,0,0,0,0,0,0,0,0,4,0,0,3,0,0,0,0,0,0,0,4,0,0,0,0,0,0,0,4,0,0,1,0,1,0,0,0,3,0,1,0,0,0,0,4,0,0,0,0,0,0,0,0,0,0,0,0,0,0,3,3,2,0,0,0,6,0,0,0,0,1,0,0,3,0,0,0,0,0,0,0,0,0,0,0,0,0,0,0,0,0,0,0,0,0,7,0,0,7,0,3,0,0,0,0,0,0,0,0,0,0,1,2,0,0,0,4,0,0,0,0,7,0,0,0,0,0,3,0,0,0,0,3,0,0,0,0,0,0,0,0,0,0,4,0,0
0,0,0,0,0,0,0,0,0,0,0,0,0,0,0,0,0,0,0,0,1,0,0,0,0,0,0,0,0,0,0,0,0,0,0,0,0,0,0,0,0,0,0,0,0,0,0,0,0,0,0,0,0,0,0,0,0,0,0,0,0,1,0,0,0,0,0,0,0,0,0,0,0,0,0,0,0,0,0,0,0,0,0,0,0,0,0,0,0,0,0,0,0,0,0,0,0,0,0,0,0,0,0,0,0,1,0,0,0,0,0,0,0,0,0,0,0,0,0,0,0,0,0,0,0,0,0,0,0,0,0,0,0,0,0,0,0,0,0,0,0,0,0,0,0,0,0,0,0,1,0,0,1,0,0,0,0,0,0,0,0,0,0,0,0,0,0,0,0,0,0,0,0,0,0,0,0,0,0,0,0,0,0,0,0,0,0,0,0,0,0,0,0,0,0,0,0,0,0,0,0,1,0,0,0,0,0,0,0,0,0,0,0,0,0,0,0,0,0,0,0,0,0,0,0,0,0,0,0,0,0,0,0,0,0,0,0,0,0,0,0,0,0,0,1,0,0,0,0,0,0,0,0,0,0,0,0,0,0,0,0,0,0,0,0,0,0,0,0,0,0,0,0,1,0,0,0,0,0,0,0,0,0,0,0,0,0,0,0,0
0,0,0,0,0,0,0,0,0,0,0,0,0,0,0,0,0,0,0,0,0,0,0,0,0,0,0,0,0,0,0,0,0,0,0,0,0,0,0,0,0,0,0,0,0,0,0,0,0,0,0,0,0,0,0,0,0,0,0,0,0,0,0,0,0,0,0,0,0,0,0,0,0,0,0,0,0,0,0,0,0,0,0,0,0,0,0,0,0,0,0,0,0,0,0,0,0,0,0,0,0,0,0,0,0,0,0,0,0,0,0,0,0,0,0,0,0,0,0,0,0,0,0,0,0,0,0,0,0,0,0,0,0,0,0,0,0,0,0,0,0,0,0,0,0,0,0,0,0,0,0,0,0,0,0,0,0,0,0,0,0,0,0,0,0,0,0,0,0,0,0,0,0,0,0,0,0,0,0,0,0,0,0,0,0,0,0,0,0,0,0,0,0,0,0,0,0,0,0,0,0,0,0,0,0,0,0,0,0,0,0,0,0,0,0,0,0,0,0,0,0,0,0,0,0,0,0,0,0,0,0,0,0,0,0,0,0,0,0,0,0,0,0,0,0,0,0,0,0,0,0,0,0,0,0,0,0,0,0,0,0,0,0,0,0,0,0,0,0,0,0,0,0,0,0,0,0,0,0,0,0,0,0,0,0,0,0,0,0,0
0,0,0,0,2,0,0,0,0,0,0,0,0,1,0,0,0,0,0,0,0,1,0,0,0,0,0,0,0,0,0,0,0,0,0,1,0,0,0,0,0,0,0,0,0,0,0,0,0,0,0,0,0,0,0,0,0,0,0,0,0,0,0,0,0,0,0,0,0,1,0,0,0,0,0,0,0,0,0,0,0,0,0,0,1,0,0,0,0,0,0,0,1,1,0,0,0,0,0,0,1,0,0,0,0,0,0,0,0,0,0,0,0,0,1,0,0,0,0,0,0,0,0,1,0,0,0,0,0,0,0,1,0,0,0,0,0,0,0,1,0,0,0,0,0,0,0,0,0,0,0,0,0,0,0,0,0,0,0,0,0,0,0,0,0,0,0,0,0,0,0,0,0,0,0,0,1,0,0,0,0,0,0,0,0,0,0,0,0,0,0,0,0,0,0,0,0,0,0,0,0,0,0,0,0,0,0,0,0,0,0,0,0,0,0,1,0,0,0,0,0,0,0,0,0,0,0,0,0,1,0,0,0,0,0,0,0,0,0,0,0,0,0,0,0,0,0,0,0,0,0,0,0,0,0,0,0,0,0,0,0,0,0,0,0,0,0,0,0,0,0,0,0,0,0,0,0,0,0,0,0,0,1,0,0,0,0,0,0,1
0,0,0,0,0,0,0,0,0,0,0,0,0,1,0,0,0,0,0,0,0,0,0,0,0,0,0,0,0,0,0,0,0,0,0,0,0,1,0,0,0,0,0,1,0,0,0,0,0,0,0,0,0,0,0,0,0,0,0,0,0,0,0,0,0,0,1,0,0,0,0,0,0,0,0,0,0,0,0,0,0,0,0,0,0,0,0,0,0,0,0,0,0,0,0,0,0,0,0,0,0,0,0,0,0,0,0,0,0,0,0,0,0,0,0,0,0,0,0,0,0,0,0,0,0,0,0,0,0,0,0,0,0,0,0,0,0,0,0,1,1,0,0,0,0,0,0,0,0,0,0,1,1,0,1,0,1,1,0,0,0,0,0,0,0,0,0,0,0,0,0,0,0,0,0,0,0,0,0,0,0,0,1,0,0,1,0,1,0,0,0,0,1,0,0,0,0,0,0,0,0,0,0,0,0,0,0,0,0,0,0,0,0,0,0,0,0,0,1,0,0,0,0,1,0,0,0,0,0,0,0,0,0,0,0,0,0,0,0,0,0,0,0,0,0,0,0,0,0,0,0,0,0,1,0,0,0,0,0,0,0,0,0,1,0,0,0,1,0,0,0,0,1,0,0,0,0,0,0,0,0,0,0,2,0,0,0,0,0,1
0,0,0,0,0,1,0,0,0,0,0,0,0,0,0,0,0,0,1,1,0,0,0,1,0,0,1,0,0,0,1,1,0,0,1,0,0,0,0,0,0,0,0,0,0,0,0,0,0,0,0,0,0,0,0,0,0,0,0,0,0,1,0,0,0,0,0,0,0,1,0,0,0,0,0,0,0,0,0,0,1,0,0,0,0,0,1,0,0,0,0,0,0,0,0,0,1,0,0,0,0,0,0,1,1,0,1,0,0,0,0,0,0,0,0,0,0,0,0,0,1,0,1,0,0,1,0,0,0,0,1,0,0,0,0,0,1,0,0,0,0,0,0,0,0,0,0,0,0,0,0,0,0,0,0,0,0,0,0,0,0,0,0,0,0,1,0,0,0,0,0,0,1,0,1,0,0,0,0,0,0,1,0,0,1,0,0,0,0,0,0,0,0,0,0,1,0,0,0,0,0,0,1,0,0,0,0,0,0,0,0,0,1,0,0,1,1,0,1,0,0,0,0,0,0,0,0,0,0,0,0,0,0,0,0,0,0,0,0,0,0,1,0,0,0,0,0,0,0,1,0,0,1,0,1,0,1,0,0,0,0,0,0,0,0,0,0,0,1,0,0,0,0,0,0,0,0,1,0,0,1,0,0,0,0,0,0,0,0,0
0,0,0,0,0,0,3,2,0,0,0,0,0,0,0,0,0,0,0,7,0,7,0,0,0,0,0,3,0,0,0,0,0,0,0,0,12,3,0,0,0,0,0,8,0,0,20,0,2,0,0,11,0,0,0,0,4,0,0,0,0,0,0,0,0,4,0,0,6,0,0,0,0,0,0,0,0,2,0,0,2,0,7,0,0,0,0,8,0,0,0,0,0,0,6,0,0,0,0,0,0,0,0,0,5,0,0,0,0,0,0,0,0,0,0,0,0,0,0,8,0,0,0,0,4,6,0,3,0,0,0,10,0,0,0,0,0,0,0,0,0,0,7,0,0,0,0,18,0,0,0,0,0,0,6,0,5,6,0,0,0,0,0,0,0,0,0,0,0,0,0,0,8,0,3,8,0,0,11,0,0,0,5,0,0,0,4,13,0,0,0,0,0,0,0,0,0,7,0,0,0,0,0,0,16,0,0,6,0,5,0,0,0,0,8,0,0,0,0,0,0,0,6,4,0,0,0,0,0,0,0,0,6,0,0,0,0,0,0,9,0,0,0,0,6,0,0,0,0,0,0,0,18,0,0,0,0,0,0,0,0,5,0,0,4,0,0,0,0,0,0,0,0,0,8,0,0,0,0,0,5,11,6,0,0,0,0,0,0,0
0,0,0,0,0,0,0,0,0,0,0,0,0,1,0,0,0,0,0,0,0,0,0,0,0,0,1,0,0,0,0,0,0,0,0,0,0,0,0,0,0,0,0,0,0,1,0,0,0,0,0,0,0,0,0,0,0,0,0,0,0,0,0,0,0,0,0,0,0,0,0,0,0,0,0,0,0,0,0,0,0,0,0,0,0,0,0,0,0,0,0,0,0,0,1,0,0,0,0,0,0,1,0,0,0,0,0,0,0,0,0,0,0,0,0,0,0,0,0,0,0,0,0,0,0,0,0,0,0,0,0,0,0,0,0,0,0,0,0,0,0,0,0,1,0,1,0,0,0,0,0,0,0,0,0,0,0,0,1,0,1,0,0,0,0,0,0,0,0,0,1,0,0,0,0,0,0,0,1,0,0,0,0,1,0,0,0,0,1,1,0,0,0,0,0,1,0,0,0,0,0,0,0,0,0,0,0,0,0,0,0,0,0,0,1,0,0,0,0,0,0,0,0,0,0,0,0,0,0,0,0,0,0,0,0,0,0,0,0,0,0,0,0,0,0,0,0,0,0,0,0,0,0,0,0,0,0,0,0,0,0,0,0,0,0,0,0,0,0,0,0,0,0,0,0,0,0,0,0,0,0,0,0,0,0,0,0,0,0,0
4,0,2,0,0,0,0,3,1,2,0,8,0,7,0,1,0,0,0,4,2,1,5,0,0,1,5,3,0,11,2,0,0,3,1,0,2,2,0,0,2,0,0,3,2,2,0,3,1,4,8,2,3,2,5,1,0,1,5,6,0,2,0,2,0,6,3,2,1,1,3,0,0,0,2,1,5,0,2,3,4,0,3,0,0,3,0,0,2,1,2,0,6,0,2,1,0,4,6,3,0,2,3,1,0,0,0,0,0,0,0,1,0,2,0,0,1,0,2,0,0,1,0,3,2,0,1,1,0,1,0,0,2,1,1,0,0,0,0,1,0,3,1,4,0,1,2,1,2,2,1,0,2,1,0,0,6,0,2,6,1,0,0,0,0,3,2,3,2,0,2,6,1,0,0,1,0,0,5,0,1,5,2,0,2,0,0,0,3,4,0,1,1,1,7,2,3,0,1,1,7,8,2,4,3,0,1,2,0,2,1,0,4,0,5,2,0,0,0,4,1,2,4,0,3,1,1,0,0,1,0,2,0,1,0,2,2,1,1,0,0,0,2,1,0,0,0,2,1,4,10,5,0,3,2,0,2,2,0,0,0,1,1,0,0,0,2,0,2,0,0,1,3,0,1,0,1,1,1,0,0,0,0,1,0,1,0,0,0,1
14,0,8,6,0,0,0,0,0,11,0,0,0,0,0,0,0,0,17,4,0,0,0,28,0,12,0,0,0,0,0,0,16,0,0,17,0,18,19,0,0,0,0,11,0,0,2,0,0,0,0,0,0,0,25,0,0,0,0,0,0,0,0,0,0,0,0,0,0,0,7,0,11,0,0,0,10,0,0,28,10,0,0,0,0,3,0,0,0,0,0,0,0,0,0,0,21,0,21,0,0,0,0,0,25,0,0,0,0,0,0,0,14,0,0,0,20,0,0,18,0,0,6,0,16,0,0,11,0,0,0,0,0,0,19,10,0,0,0,0,3,16,0,0,0,0,22,0,0,0,0,0,0,0,0,0,0,0,0,0,0,0,0,18,0,0,0,17,0,0,0,23,0,0,0,0,0,0,0,0,0,0,5,0,0,0,0,5,0,0,0,0,0,21,0,0,0,20,8,0,0,0,1,0,0,28,0,0,28,0,6,0,0,0,0,0,0,0,0,0,0,0,12,0,0,0,0,0,0,0,0,0,22,0,0,0,12,0,0,0,0,0,0,0,0,0,20,0,0,0,0,32,20,0,0,0,0,0,0,0,15,0,0,8,0,0,0,0,0,0,0,0,0,15,0,0,13,0,0,0,0,0,0,0,55,0,0,2,0,0
0,0,0,0,0,0,0,0,0,0,0,0,0,0,0,0,0,0,0,0,1,0,0,0,1,0,0,0,0,0,1,0,0,0,0,0,0,0,0,1,0,0,0,0,0,1,0,0,0,0,0,0,1,0,0,0,0,0,0,0,0,0,0,0,0,0,0,0,0,0,0,0,0,0,0,0,0,0,0,0,0,0,0,0,0,0,0,0,0,0,0,0,0,0,0,0,0,0,0,0,0,0,0,0,0,0,0,1,0,0,0,0,0,0,0,0,0,0,0,0,0,0,0,1,0,0,0,0,0,0,0,0,0,0,0,0,0,0,1,0,0,0,0,1,0,0,0,0,0,0,0,0,0,0,0,0,0,0,0,0,0,0,0,0,0,1,0,0,0,0,1,0,0,0,0,0,0,0,0,0,0,0,0,0,0,0,0,0,0,0,0,0,0,0,0,0,0,0,0,0,0,0,0,0,0,0,0,0,0,0,0,0,0,0,0,0,0,0,0,0,0,0,0,0,0,0,0,0,0,0,0,1,0,0,0,0,0,0,0,0,0,0,0,0,0,0,0,0,0,0,0,0,0,0,0,0,0,0,0,0,0,0,0,0,0,0,0,0,0,0,0,0,0,0,0,0,0,0,0,0,0,0,1,0,1,0,0,0,0,0
8,3,14,0,0,0,0,4,5,18,0,0,0,15,3,14,0,0,7,7,20,9,7,0,5,11,13,12,3,9,0,0,0,4,0,0,8,0,6,0,6,0,0,8,6,0,0,5,3,0,0,0,13,0,4,0,0,15,3,5,3,2,0,0,0,3,0,14,5,6,0,0,0,0,0,0,9,0,0,3,3,0,0,0,0,3,0,0,4,0,10,12,0,0,0,5,0,2,0,4,8,0,0,0,3,0,0,0,0,0,0,0,0,0,0,0,0,0,0,0,0,0,0,0,0,0,6,0,0,0,6,0,12,0,4,0,12,0,0,0,0,14,0,0,0,11,0,0,3,0,0,6,0,9,0,4,0,0,0,0,0,0,0,0,10,0,3,0,0,0,0,0,0,0,5,0,4,1,8,6,0,12,2,8,3,0,0,0,0,0,3,0,0,0,0,0,0,0,4,0,0,0,10,0,4,0,0,0,0,0,0,0,0,0,0,0,0,0,2,8,0,0,0,0,0,0,0,3,0,0,0,0,0,0,0,0,0,0,0,0,0,0,0,2,0,0,0,0,0,0,0,0,0,0,0,0,0,0,0,0,3,0,0,0,0,9,3,0,4,0,0,0,0,0,0,0,0,0,0,0,10,0,11,10,0,0,0,7,0,0
0,0,0,0,0,0,0,0,0,0,0,0,0,0,0,0,0,0,0,1,0,0,0,0,0,0,0,0,0,0,0,0,0,0,0,0,0,0,0,0,0,0,0,0,0,0,0,0,0,0,0,0,0,0,0,0,0,0,0,0,0,0,0,0,0,0,0,0,0,0,0,0,0,0,0,0,0,0,0,0,0,0,0,0,0,0,0,0,0,0,0,0,0,0,0,0,0,0,0,0,0,0,0,0,0,0,0,0,0,0,0,0,0,0,0,0,0,0,0,0,0,0,0,0,0,0,0,0,0,0,0,0,0,0,0,0,0,0,0,0,0,0,0,0,0,0,0,0,0,0,0,0,0,0,1,0,0,0,0,0,0,0,0,0,0,0,0,0,0,0,0,0,0,0,0,0,0,0,0,0,0,0,0,0,0,0,0,0,0,0,0,0,0,0,0,0,0,0,0,0,0,0,0,0,0,0,0,0,0,0,0,0,0,0,0,0,0,0,0,0,0,0,0,0,0,0,0,0,0,0,0,0,0,0,0,0,0,0,0,0,0,0,0,0,0,0,0,0,0,0,0,0,0,0,0,0,0,0,0,0,0,0,0,0,0,0,0,0,0,0,0,0,0,0,0,0,0,0,0,0,0,0,0,0,0,0,0,0,0,1
0,1,0,0,0,0,0,0,0,0,0,0,5,0,0,0,0,0,1,0,0,0,0,0,0,0,0,0,0,0,0,0,0,0,0,2,1,0,0,0,0,0,0,0,0,0,0,0,1,0,0,0,1,0,0,0,0,0,0,0,0,0,0,2,0,4,0,0,1,0,0,0,0,1,1,2,0,0,0,0,0,0,0,0,1,0,0,0,0,0,0,1,0,0,0,0,0,0,0,0,0,0,0,0,0,0,0,0,0,0,0,0,0,0,0,0,1,0,0,0,0,0,0,0,0,0,1,0,0,0,0,0,0,0,0,0,0,2,0,0,0,0,0,0,0,0,0,0,0,2,2,0,0,0,0,0,1,0,2,0,0,0,0,0,0,1,0,1,1,0,0,0,0,0,1,2,0,0,0,0,0,1,0,0,0,0,0,0,0,0,0,0,0,0,0,0,0,0,0,0,0,0,0,0,0,0,3,1,0,1,0,0,0,0,0,4,0,0,0,0,1,0,0,0,0,2,1,0,3,0,1,0,0,0,1,0,0,0,1,0,0,0,0,1,2,0,0,0,0,0,0,0,0,0,0,0,0,0,0,0,0,0,0,1,2,0,1,1,0,0,0,0,0,0,0,1,0,0,0,1,1,0,0,0,0,0,0,0,0,1
2,0,0,6,20,0,0,0,0,0,10,0,12,15,0,0,17,9,0,3,0,0,0,15,0,0,0,34,8,0,1,8,6,0,8,0,0,0,13,6,0,0,0,0,0,0,4,0,0,0,0,0,0,0,5,32,12,7,0,0,7,0,5,0,11,0,0,0,8,0,0,2,12,0,0,5,0,17,0,0,9,9,0,0,20,0,4,8,0,0,0,0,0,22,0,0,0,0,0,3,5,16,23,0,8,9,2,10,0,0,0,0,11,0,0,0,16,0,0,6,9,4,12,0,0,4,0,0,0,0,0,8,10,11,0,0,0,3,0,0,0,0,4,0,8,0,13,4,5,2,0,0,8,0,0,0,0,4,0,0,0,0,5,0,0,0,0,11,0,0,0,8,0,0,0,0,0,0,0,0,0,0,0,0,0,5,0,3,6,4,0,0,0,0,0,0,0,10,0,14,0,0,0,0,0,0,0,0,0,0,2,0,0,0,0,0,0,0,0,0,0,0,0,0,0,0,0,0,0,0,0,0,0,0,0,0,0,0,10,0,0,0,10,0,7,0,0,0,0,0,0,0,0,0,0,0,0,6,13,6,0,0,6,0,0,0,0,0,7,0,0,0,0,0,0,0,10,0,0,15,0,0,0,4,0,0,0,6,0,0
0,0,0,0,0,0,0,0,0,0,0,0,0,0,0,0,0,0,0,0,1,0,0,0,0,0,0,0,0,1,0,0,0,0,0,0,0,0,1,1,0,0,0,1,0,0,0,0,0,0,0,0,0,0,0,0,0,0,0,0,0,0,0,0,0,0,0,0,0,1,0,0,0,0,0,0,0,0,0,0,0,0,0,0,0,1,0,0,0,0,0,0,0,0,0,0,0,0,1,0,1,0,0,0,0,0,0,0,0,0,0,0,1,0,0,0,0,0,0,1,0,0,0,0,0,0,0,0,0,1,0,0,0,0,0,0,0,0,0,0,0,0,0,0,0,0,0,0,0,0,0,0,0,0,1,0,0,0,0,0,0,0,1,1,0,0,0,0,0,0,0,0,0,0,1,0,0,1,1,0,0,0,0,0,1,0,0,0,0,1,1,0,2,0,0,0,0,0,0,0,0,0,0,0,0,0,0,0,0,0,0,0,0,0,0,0,0,0,0,0,0,0,0,0,0,0,0,0,0,0,0,0,0,0,0,0,0,0,0,0,0,0,0,0,0,0,0,0,0,0,0,0,0,0,0,0,0,0,0,0,0,0,0,0,1,0,0,0,0,0,0,0,0,0,0,0,1,0,0,0,0,0,0,0,0,1,0,0,0,0
0,0,0,0,0,0,0,0,0,3,0,0,0,1,0,0,0,1,0,1,0,0,0,0,0,1,0,0,1,0,0,0,0,0,0,0,0,0,0,0,0,0,0,1,1,0,0,0,0,0,0,0,0,0,1,0,0,0,0,1,0,0,0,0,0,0,1,0,0,0,0,0,0,0,0,0,0,0,0,0,0,0,0,0,0,0,0,1,0,0,0,0,1,0,0,0,0,1,0,0,0,0,0,0,0,0,1,0,0,0,0,0,0,0,0,0,0,0,1,0,0,0,0,0,0,1,0,0,0,1,0,0,0,0,0,0,0,0,0,0,0,0,0,0,0,0,0,0,0,1,1,0,0,0,0,0,0,0,1,0,0,0,0,0,0,0,0,0,0,0,0,0,0,0,0,0,0,0,0,0,0,0,0,0,0,0,0,1,0,0,1,0,0,0,0,0,0,0,1,0,0,0,0,1,0,0,0,0,0,0,0,0,0,0,0,0,0,0,0,0,0,0,1,0,0,0,0,0,0,0,0,0,0,0,0,0,1,0,1,0,0,0,0,0,0,2,0,0,0,0,1,1,0,0,0,1,0,0,0,0,1,1,0,0,0,0,0,1,0,0,0,0,0,0,0,0,1,0,0,0,1,0,0,0,1,0,0,1,0,0
2,0,0,1,1,1,1,0,0,2,0,2,1,1,1,3,1,1,1,2,1,2,1,1,0,1,0,2,2,0,0,0,0,0,0,0,0,2,0,1,0,0,2,1,0,2,1,0,1,0,0,0,0,1,0,1,1,0,1,0,1,2,0,0,2,0,0,1,1,1,0,1,0,0,0,2,0,1,1,0,3,1,0,0,1,0,0,1,0,0,2,0,1,1,1,2,2,0,1,0,0,1,0,0,1,1,0,2,1,0,0,0,1,0,1,1,0,0,0,0,0,0,0,0,0,0,2,0,0,1,0,1,0,0,0,1,1,0,0,0,0,0,2,0,0,1,0,1,0,0,0,0,0,2,1,0,2,0,0,1,0,1,0,0,0,0,1,0,0,0,1,1,1,1,2,0,0,0,0,0,1,0,0,0,0,0,1,0,1,0,0,1,0,1,0,0,0,0,1,1,3,0,0,0,0,1,0,1,0,0,0,0,1,0,2,1,0,0,0,1,0,3,0,3,1,0,0,1,1,0,0,0,0,0,0,0,0,0,2,0,1,0,2,0,1,0,0,0,0,0,1,0,0,0,1,0,0,0,0,0,0,1,0,0,1,0,0,0,0,1,0,2,1,0,2,0,1,0,1,0,1,0,0,0,0,1,1,0,0,1
0,0,0,0,0,0,0,0,0,0,0,0,1,0,0,1,0,0,0,0,0,1,0,0,0,0,1,0,0,1,0,0,0,0,0,0,0,0,0,0,0,0,0,0,0,0,0,0,0,0,0,0,0,0,0,0,0,0,0,1,0,0,0,0,0,0,0,0,0,0,1,0,0,0,0,0,0,0,0,0,0,1,0,0,0,0,0,0,0,0,0,0,0,1,0,0,0,0,0,0,0,0,0,0,0,0,0,0,0,0,0,0,1,0,0,0,0,0,0,0,0,0,0,0,0,0,0,0,0,0,0,0,0,0,0,0,0,0,0,0,0,0,0,0,0,0,0,0,0,0,0,0,1,0,0,0,0,0,0,0,0,0,0,0,0,0,0,0,0,0,0,1,0,0,0,0,0,0,0,0,0,0,0,0,0,0,0,0,0,0,0,0,0,0,0,0,0,0,0,0,0,0,0,0,0,0,0,0,0,0,0,0,0,0,0,0,0,0,0,0,1,0,0,1,0,0,0,0,0,0,0,0,0,0,0,0,0,0,0,0,0,0,0,0,0,0,0,0,0,0,0,0,0,0,0,0,0,0,1,0,0,0,0,0,0,0,0,0,0,0,0,0,0,0,0,0,0,0,0,0,0,0,0,0,0,0,0,0,0,0
0,1,0,0,0,1,0,0,1,0,1,1,0,0,0,0,0,0,0,0,0,0,0,1,0,0,0,0,0,1,0,0,0,2,0,0,0,0,0,0,0,0,0,0,0,0,1,0,0,0,2,0,0,0,0,0,0,0,0,0,0,0,1,0,0,0,0,0,0,0,0,0,0,0,1,0,2,0,2,0,1,2,0,0,2,2,0,0,0,0,0,0,0,0,1,0,0,0,0,0,0,0,0,0,0,0,0,0,0,0,0,0,0,0,0,0,1,0,0,1,0,0,1,0,0,0,1,1,1,1,0,0,0,0,0,0,0,1,0,0,1,0,0,0,0,3,0,3,0,0,0,0,0,0,1,0,0,0,0,0,0,0,0,0,0,0,0,0,0,0,1,0,1,3,1,0,0,1,0,1,0,2,0,0,1,0,0,0,0,0,1,0,0,0,0,0,0,1,2,0,0,0,0,0,0,0,0,0,0,0,0,0,0,1,0,0,0,0,0,0,0,0,0,0,0,0,0,0,0,0,0,0,1,0,0,1,2,0,2,0,0,0,0,0,0,0,0,0,0,1,1,0,0,0,0,0,1,0,1,2,0,0,0,0,0,0,0,0,1,0,0,1,0,0,0,0,0,0,0,0,0,0,0,0,0,1,0,1,0,1
0,1,0,0,0,2,0,0,0,0,0,0,2,0,0,0,0,0,0,0,0,0,0,0,0,0,0,0,0,0,0,1,0,1,0,0,0,0,0,0,0,0,0,0,0,0,0,2,0,0,0,0,0,0,0,0,0,3,0,0,0,0,2,0,0,0,0,0,0,0,0,0,0,0,0,0,0,0,0,0,1,0,0,0,0,0,0,0,0,0,0,0,0,0,0,0,1,0,0,3,0,0,2,0,3,0,0,0,0,2,2,0,0,0,0,0,0,0,0,0,0,0,0,0,1,1,0,2,1,1,0,0,1,0,0,0,0,0,0,0,0,0,0,0,3,0,0,0,3,0,0,0,0,0,0,2,0,0,0,1,0,0,3,1,0,0,1,0,0,0,0,0,0,0,0,0,0,0,1,0,0,0,0,0,2,0,0,0,1,0,0,0,0,0,0,0,1,0,0,0,0,0,0,0,0,1,1,0,2,0,0,3,0,0,0,2,0,0,0,0,0,0,0,0,0,0,0,0,1,0,0,0,0,0,0,0,0,0,0,0,0,0,3,0,0,0,0,0,0,0,0,0,1,0,0,0,0,0,1,0,0,0,0,1,2,0,0,0,0,0,0,0,0,1,0,0,0,0,0,0,0,0,0,0,0,1,0,0,1,0
0,0,0,0,0,0,0,0,0,0,0,0,0,0,0,1,0,0,0,0,0,0,0,1,0,0,0,0,0,0,0,0,0,0,0,0,0,0,0,0,0,0,0,0,0,0,0,0,0,0,0,0,0,1,0,0,0,0,0,0,0,0,0,0,0,0,0,0,0,0,0,0,0,0,0,0,0,0,0,0,0,0,0,0,0,0,0,0,0,0,0,0,0,0,0,1,0,0,1,0,0,0,0,0,0,0,0,0,0,0,0,0,0,0,0,0,0,0,0,0,0,0,0,0,0,0,0,0,0,0,0,0,0,0,0,0,0,0,0,0,0,0,0,0,0,0,0,0,0,0,0,0,0,0,0,0,0,0,0,0,0,0,0,0,0,0,0,0,0,0,0,0,0,0,0,0,0,0,0,0,0,0,0,0,0,0,0,0,0,0,0,0,0,0,0,0,0,0,0,0,0,0,0,0,0,0,0,0,0,0,0,0,0,0,0,0,0,0,0,0,0,0,1,0,0,0,0,0,0,0,0,0,0,0,0,0,0,0,0,0,0,0,0,0,0,0,0,0,0,0,0,0,0,0,0,0,0,0,0,0,0,0,0,0,0,0,0,0,0,0,0,0,0,0,0,0,0,0,0,0,0,0,0,0,0,0,0,0,0,0
0,2,1,1,0,0,0,0,6,0,0,2,0,0,0,0,0,0,0,0,0,3,0,0,0,0,0,0,0,0,0,1,0,0,0,0,1,0,0,0,1,1,0,0,0,0,0,3,0,0,0,1,0,0,0,0,1,0,0,0,0,0,0,0,0,0,0,1,0,0,2,0,0,0,0,0,0,0,0,0,0,0,0,0,0,0,0,0,0,0,0,0,0,0,1,0,0,0,0,0,2,0,0,0,0,1,0,1,0,0,0,0,0,0,0,1,0,0,2,0,0,0,0,0,1,0,0,0,0,0,0,0,0,0,0,1,0,0,0,0,1,0,0,0,0,0,0,0,0,0,0,0,0,0,0,0,0,0,0,1,0,0,0,0,2,0,0,0,0,0,0,0,0,0,1,2,0,0,0,1,0,0,1,0,0,0,0,2,0,0,0,0,0,1,0,0,0,0,3,1,0,0,0,1,0,2,0,0,0,1,0,0,0,0,1,0,0,0,2,0,0,0,0,0,2,0,0,1,0,0,0,0,0,0,0,1,0,0,0,0,0,0,1,0,0,2,0,4,0,0,0,0,0,0,0,0,0,2,0,1,0,0,0,0,0,0,0,0,0,0,0,0,0,0,0,0,0,0,0,0,1,0,0,0,1,0,0,1,0,2
0,1,1,0,0,0,0,1,1,0,0,1,0,0,1,1,0,0,0,0,1,0,0,0,1,0,1,1,0,0,0,0,0,1,0,0,0,0,0,0,0,0,0,1,1,0,0,0,1,1,0,1,0,0,0,0,0,0,0,0,1,1,0,0,0,0,1,0,0,1,0,0,0,0,2,1,1,0,0,0,0,0,0,0,0,0,1,0,0,0,0,0,1,1,1,0,0,0,0,0,0,0,0,0,0,0,0,0,0,0,0,0,1,0,0,0,0,0,0,1,0,1,0,1,1,0,0,0,0,0,0,0,1,1,0,0,0,0,0,0,0,0,0,0,0,0,0,0,0,0,0,0,0,0,0,0,0,0,1,0,1,0,0,0,0,1,0,0,0,0,1,1,0,0,1,0,0,0,0,0,1,1,1,1,0,0,0,0,1,0,0,0,0,0,0,0,0,0,0,0,1,0,0,0,0,0,1,0,0,0,0,0,0,0,1,0,1,0,0,0,1,1,0,0,0,0,1,0,0,0,0,0,0,0,0,0,0,0,0,0,0,0,1,0,1,0,1,1,0,0,1,1,0,0,0,1,0,0,1,0,0,0,1,0,0,0,0,0,0,1,0,0,0,0,1,0,1,0,0,0,0,0,0,0,0,1,0,0,0,1
3,0,0,0,10,5,3,0,0,1,7,10,4,3,6,2,3,4,12,0,1,4,0,1,0,0,12,10,3,4,5,1,9,2,0,6,0,3,5,2,2,2,0,6,4,0,6,8,5,0,1,0,1,5,2,3,3,0,2,6,1,4,3,3,2,0,5,5,1,6,2,6,2,5,7,3,8,5,5,4,8,5,2,3,6,1,3,1,3,5,3,1,4,4,1,2,3,2,2,2,5,0,4,0,3,1,3,4,2,4,2,4,0,1,2,5,3,0,0,1,1,4,7,1,1,2,6,3,4,4,2,4,4,5,1,6,1,5,1,8,0,3,4,1,3,2,2,3,1,3,1,0,7,3,1,2,2,2,5,1,3,3,3,1,2,3,1,3,0,4,8,7,7,2,0,2,0,0,6,1,2,2,1,5,11,2,4,10,2,6,4,8,7,1,3,7,1,0,2,1,4,1,3,2,2,3,4,2,2,1,0,5,6,5,3,1,1,7,0,5,6,2,6,1,0,0,6,0,2,0,1,1,3,0,1,0,0,0,1,2,0,2,3,3,1,1,1,1,5,0,2,1,0,4,0,2,2,0,1,1,1,2,0,0,0,0,1,3,0,2,3,0,3,0,3,4,4,2,3,1,0,0,0,1,0,2,0,0,2,0
0,0,0,0,0,0,0,0,0,0,0,0,0,0,0,0,0,0,0,0,0,0,0,0,0,0,0,0,0,0,0,0,0,0,0,0,0,0,0,0,0,0,0,0,0,0,0,0,0,0,0,0,0,0,0,0,0,0,0,0,0,0,0,0,0,0,0,0,0,0,0,0,0,0,0,0,0,0,0,0,0,0,0,0,0,0,0,0,0,0,0,0,0,0,0,0,0,0,0,0,0,0,0,0,0,0,0,0,0,0,0,0,0,0,0,0,0,0,0,0,0,0,0,0,0,0,0,0,0,0,0,0,0,0,0,0,0,0,0,0,0,0,0,0,0,0,0,0,0,0,0,0,0,0,0,0,0,0,0,0,0,0,0,0,0,0,0,0,0,0,0,0,0,0,0,0,0,0,0,0,0,0,0,0,0,0,0,0,0,0,0,0,0,0,0,0,0,0,0,0,0,0,0,0,0,0,0,0,0,0,0,0,0,0,0,0,0,0,0,0,0,0,0,0,0,0,0,0,0,0,0,0,0,0,0,0,0,0,0,0,0,0,0,0,0,0,0,0,0,0,0,0,0,0,0,0,0,0,0,0,0,0,0,0,0,0,0,0,0,0,0,0,0,0,0,0,0,0,0,0,0,0,0,0,0,0,0,0,0,0
1,2,0,1,2,3,0,0,0,0,2,0,3,0,0,0,0,1,0,1,1,0,0,1,0,0,0,0,1,0,0,1,0,1,1,1,0,0,1,0,0,1,0,1,0,0,1,0,0,0,0,0,0,1,0,0,1,0,0,0,1,0,0,0,0,0,1,0,0,0,0,0,0,0,1,1,0,0,0,0,0,0,0,0,0,0,0,0,0,0,0,0,0,0,0,0,0,0,0,0,0,1,0,0,0,0,0,0,0,0,1,0,0,0,0,0,0,0,0,0,0,0,0,0,0,0,0,0,0,0,0,0,0,1,0,0,1,0,1,0,0,0,0,0,0,0,0,1,0,0,0,0,0,0,0,0,0,0,0,0,0,1,0,1,0,1,0,0,0,0,1,1,0,0,0,0,0,0,0,0,0,0,0,0,0,0,0,0,1,0,0,0,0,0,0,0,0,0,0,0,0,0,0,0,0,0,0,0,1,0,0,0,0,0,0,0,0,0,0,0,0,1,0,0,0,0,0,0,0,0,0,0,0,0,0,0,1,0,0,1,0,0,0,0,1,1,0,0,1,1,0,0,0,0,0,0,0,0,0,0,0,0,0,0,0,0,0,0,0,0,0,0,0,0,0,1,0,0,0,0,0,1,1,0,0,0,0,0,0,0
0,1,0,0,0,0,1,0,0,0,0,0,0,0,2,0,0,0,0,2,0,0,0,0,0,0,0,1,0,0,0,1,0,0,0,0,0,0,1,0,1,0,0,0,0,0,0,0,0,0,0,0,1,0,0,0,0,0,0,0,0,0,1,0,0,0,0,0,0,0,0,0,0,0,0,0,0,0,0,0,0,0,1,0,0,0,0,1,0,0,0,1,0,0,0,0,0,0,0,0,0,0,0,0,0,0,0,1,0,0,0,0,0,0,0,0,0,1,0,0,1,1,0,0,0,0,0,0,0,0,0,0,0,0,0,2,1,1,0,0,2,0,1,0,0,1,0,1,0,0,2,0,0,0,0,1,0,0,0,1,0,0,0,0,0,0,0,0,0,0,1,0,0,0,0,0,0,0,0,0,1,0,0,0,0,0,0,0,0,0,1,0,0,0,0,0,0,0,0,1,0,0,0,0,0,0,0,0,0,0,0,0,0,0,0,0,0,1,0,1,0,0,0,0,0,0,0,0,0,0,0,0,0,0,1,0,0,0,0,0,0,0,0,0,0,1,0,0,1,1,0,0,0,0,0,0,0,0,1,0,0,0,1,0,0,1,0,0,0,0,0,0,0,0,0,0,0,0,0,0,0,0,1,1,0,0,0,0,1,0
0,0,0,0,0,1,0,0,0,0,0,0,1,1,0,0,0,0,0,0,1,0,0,0,0,0,0,0,0,1,0,0,0,0,0,0,0,0,0,0,0,0,0,0,0,0,1,0,0,0,0,0,1,0,0,0,0,0,0,0,0,0,0,0,0,1,0,1,1,0,0,0,0,0,0,0,0,0,0,0,0,0,0,2,0,0,0,0,1,0,0,0,0,0,0,1,0,0,0,1,0,0,0,0,0,0,0,0,0,0,0,0,0,0,0,0,0,0,0,0,0,0,0,0,0,0,0,0,0,0,0,0,0,1,0,0,0,0,0,0,0,0,1,0,0,0,0,0,0,0,0,0,0,0,0,0,0,1,0,0,0,0,0,0,0,0,0,0,0,0,0,0,0,1,0,0,0,0,0,0,0,0,0,0,0,0,0,0,0,0,0,0,0,0,0,0,0,0,0,0,0,0,0,0,0,0,0,0,0,1,0,0,0,0,0,0,0,0,0,0,0,0,0,0,0,1,0,0,0,0,0,0,0,0,0,0,0,0,0,0,1,0,0,0,0,1,0,0,0,0,0,0,0,0,0,0,0,0,0,0,0,0,0,0,0,0,0,0,0,0,0,0,0,0,0,0,0,0,0,0,0,0,0,0,0,0,0,0,0,0
0,0,0,0,0,0,0,0,0,0,0,0,0,0,0,0,0,0,1,0,1,0,0,0,0,0,0,0,0,0,0,0,0,0,0,0,0,0,0,0,0,0,0,0,0,0,0,0,0,0,0,0,0,0,0,1,0,0,0,0,0,0,1,0,0,0,0,0,0,0,1,0,0,0,0,1,0,0,0,0,0,0,0,0,0,0,0,0,0,1,0,0,0,0,2,0,0,1,0,0,1,2,0,0,1,0,0,0,1,2,1,0,0,0,0,0,0,0,0,0,0,0,0,0,0,0,0,0,0,0,0,0,0,0,0,0,0,0,0,1,0,0,0,0,0,0,0,0,0,0,0,0,0,0,0,0,0,0,0,1,1,0,0,1,0,0,0,1,0,1,0,0,0,0,0,0,1,0,0,0,0,0,0,1,0,0,0,0,1,0,0,0,0,0,0,0,0,0,0,0,1,0,0,2,0,0,0,0,0,1,0,0,0,0,0,0,0,0,1,0,0,0,0,0,0,0,0,2,0,0,0,1,0,0,0,0,0,0,0,0,0,0,0,0,0,0,0,1,0,0,0,0,0,0,0,0,0,0,0,0,0,0,0,0,0,0,0,0,0,0,0,0,0,0,0,1,0,0,0,0,0,0,0,0,0,0,0,0,1,0
15,10,4,7,3,14,6,12,2,7,0,16,17,25,8,14,8,5,20,6,0,21,11,2,0,8,14,20,14,0,4,1,3,10,10,5,13,8,7,5,3,5,4,30,9,12,7,19,17,17,2,3,10,9,8,7,16,8,13,9,1,1,5,7,21,0,20,6,9,2,0,4,11,8,11,15,9,13,5,11,9,4,13,3,6,9,1,9,7,16,1,9,11,5,22,6,21,25,12,5,4,11,8,8,5,7,13,2,16,11,22,14,13,3,6,5,5,5,9,5,4,6,2,2,21,4,13,3,6,5,21,10,13,8,8,23,6,7,2,8,3,5,1,4,7,15,4,11,7,16,6,6,10,8,20,5,6,7,10,12,16,8,17,18,3,7,3,15,10,0,11,10,14,10,1,4,5,10,12,8,15,0,9,10,9,1,3,5,10,14,7,9,7,9,12,14,1,0,8,9,3,5,5,10,13,4,4,6,10,13,8,5,2,7,6,9,9,8,12,7,12,17,15,0,24,8,3,1,16,9,26,18,6,6,1,3,8,4,2,6,2,7,7,6,0,5,5,1,3,1,4,1,23,2,7,7,5,0,2,0,8,11,12,0,3,8,11,5,6,8,6,3,3,2,8,2,6,1,3,3,7,4,6,2,7,4,9,10,14,2
0,0,0,0,0,0,0,2,0,1,0,0,0,0,0,0,0,0,0,0,0,0,0,0,1,0,0,0,0,0,0,0,0,0,0,2,0,1,2,0,0,0,0,1,3,0,1,0,0,0,0,1,0,0,0,0,1,0,0,0,0,0,4,0,0,0,0,0,0,0,0,0,4,0,1,0,0,0,0,0,0,0,0,0,2,0,0,1,0,2,1,0,0,0,2,0,0,0,0,0,0,1,0,0,0,0,0,0,0,0,0,0,0,0,0,0,0,0,0,0,3,0,0,0,0,0,0,0,0,0,0,0,0,4,0,0,1,2,0,0,0,0,0,0,0,2,0,0,0,0,6,0,0,0,0,0,0,0,0,0,0,0,0,0,0,0,0,0,0,0,2,4,0,1,0,0,0,0,0,0,0,0,0,0,0,1,0,0,2,2,0,1,0,0,0,1,4,2,1,0,0,0,0,0,1,0,5,1,0,0,0,0,0,0,0,0,0,0,0,2,0,3,0,0,0,0,0,0,0,2,0,0,0,0,0,0,0,0,0,0,0,0,2,0,0,0,0,0,0,0,0,0,0,0,0,0,0,0,2,2,0,0,1,0,0,0,0,0,0,0,0,0,0,0,0,0,2,0,0,0,0,0,0,0,1,0,0,0,0,0
0,0,4,0,0,1,0,0,0,0,2,0,0,0,0,0,0,1,0,0,0,0,0,0,0,0,5,0,5,7,0,0,0,0,0,0,0,0,0,0,0,0,4,0,6,0,0,0,0,0,0,0,0,0,0,0,0,0,0,0,0,0,4,0,0,0,0,3,0,0,0,0,2,0,1,1,0,0,0,0,0,0,0,0,0,5,0,0,0,0,3,0,0,0,0,0,7,0,9,3,6,0,0,3,0,0,0,0,0,2,6,2,0,0,0,0,2,8,0,0,0,0,0,0,0,2,0,0,0,0,0,0,0,0,1,0,0,0,0,0,2,0,0,0,0,0,0,0,4,10,0,0,4,1,3,0,2,0,0,0,0,0,0,0,0,4,0,3,0,0,0,0,0,2,0,0,0,0,0,0,0,0,1,0,0,0,0,0,0,0,0,0,0,4,0,0,0,0,4,0,0,1,0,0,0,0,3,3,0,0,3,0,0,0,0,0,0,5,0,1,0,0,0,0,0,5,0,0,0,0,0,0,8,0,0,0,0,0,0,0,0,0,0,0,0,0,0,0,0,0,0,0,0,2,3,0,0,3,0,0,6,2,0,0,0,0,0,3,0,0,0,0,8,0,3,0,0,0,0,0,0,0,0,0,0,0,0,0,0,0
0,0,0,0,0,0,0,0,0,0,0,1,0,0,0,0,1,1,0,0,0,0,0,0,0,0,0,0,0,0,0,0,1,1,0,0,0,0,0,0,0,1,0,0,0,0,0,0,2,0,1,0,0,0,0,0,0,0,0,0,0,1,0,0,1,0,3,0,0,0,0,0,0,0,0,1,0,2,0,0,0,0,0,0,0,0,0,0,0,0,1,0,0,0,0,0,0,0,0,0,0,1,0,0,0,0,0,0,0,0,1,0,1,0,1,0,0,0,0,0,0,0,0,0,0,0,0,1,2,0,0,0,0,1,0,0,0,1,0,0,0,0,0,0,0,0,0,0,0,0,1,0,0,0,0,0,0,0,0,1,0,0,0,0,0,0,0,1,0,0,0,0,1,2,0,0,0,0,0,0,0,0,0,0,0,0,0,0,0,1,0,2,0,0,1,0,1,0,0,0,1,0,0,0,0,0,2,0,0,0,0,0,0,0,0,0,0,0,0,0,0,0,0,0,0,0,0,0,0,3,0,0,0,1,0,0,0,0,1,0,0,1,1,0,0,0,1,0,0,0,0,0,1,0,0,1,0,0,0,0,0,0,0,0,0,0,0,0,0,1,0,0,3,0,0,0,0,0,0,0,0,0,0,0,0,0,0,0,0,0
1,2,0,0,0,0,0,0,1,0,1,0,1,0,0,0,0,0,0,1,1,0,0,0,0,0,0,0,0,0,0,2,0,1,0,0,0,0,0,1,0,0,0,0,0,0,0,0,0,0,0,0,0,0,2,1,0,0,0,0,1,0,0,0,0,0,0,0,0,0,0,0,0,0,1,0,0,0,0,0,0,0,2,0,0,2,3,0,0,0,0,0,0,0,0,0,0,0,0,0,0,0,0,0,0,0,0,0,0,0,0,0,0,1,0,2,0,0,0,0,2,0,0,0,0,1,0,0,0,0,0,0,0,0,0,0,0,0,1,0,0,0,0,1,0,0,0,0,0,0,0,0,0,0,0,1,2,0,0,0,0,0,2,0,0,1,0,0,0,0,0,0,0,1,0,0,0,0,0,0,0,0,0,0,0,0,0,0,0,1,0,0,1,1,0,0,0,0,0,1,0,0,0,1,0,0,1,2,0,0,0,0,0,0,0,0,0,0,0,0,0,0,0,0,2,0,2,0,0,0,1,0,0,0,0,0,0,0,1,0,0,0,1,0,0,0,0,0,0,0,0,0,0,1,1,2,0,0,0,0,0,0,0,0,0,0,0,0,1,1,0,0,0,0,0,1,0,0,0,0,0,0,0,0,0,1,0,0,1,2
1,4,1,6,12,2,4,0,0,3,19,1,8,2,2,3,11,5,0,5,0,8,0,7,0,2,5,2,6,1,9,1,5,2,19,3,0,5,4,3,6,3,1,0,0,3,1,1,5,1,0,0,0,1,0,7,5,2,0,2,0,3,15,4,8,2,1,2,7,0,2,1,1,1,0,8,0,1,2,9,6,6,3,7,6,2,3,7,8,3,2,4,5,3,0,0,2,2,3,5,11,2,0,0,12,2,6,0,9,6,5,2,10,0,5,4,11,5,0,16,11,6,4,1,3,6,6,5,3,1,1,12,2,0,1,4,1,3,5,1,2,5,8,2,8,4,2,1,1,6,3,3,0,1,5,6,2,7,2,10,3,4,1,11,3,5,13,12,5,7,3,1,2,1,10,0,3,3,7,3,6,2,3,3,8,0,2,2,4,7,3,12,7,8,7,0,3,2,3,8,2,4,0,11,4,5,1,5,7,7,0,9,3,9,6,0,1,4,2,2,2,0,2,5,0,0,5,5,0,1,4,8,5,3,1,0,2,4,1,0,2,3,2,3,0,0,0,0,4,3,2,0,0,1,3,0,2,2,2,3,2,2,0,0,4,7,5,4,5,5,2,2,5,9,0,1,2,5,3,9,7,6,1,2,1,4,2,7,1,6
1,2,0,0,0,0,0,0,1,2,0,0,0,1,2,1,0,0,1,0,2,1,0,0,0,1,2,0,0,1,0,0,0,4,1,1,0,0,0,0,0,0,1,2,1,0,0,2,1,1,1,1,1,3,0,1,1,1,2,1,2,1,0,2,0,0,2,1,0,0,1,3,1,2,1,1,1,1,4,1,2,1,1,1,0,2,1,2,1,2,1,2,0,0,0,1,0,1,1,1,1,1,1,1,1,1,0,0,1,2,3,1,0,2,1,2,1,1,0,0,0,2,2,0,0,1,0,0,0,1,3,1,1,0,2,0,1,0,2,1,1,2,0,0,0,1,2,1,1,1,1,0,2,0,1,1,1,0,2,2,1,1,1,1,2,1,2,1,0,1,1,2,2,0,1,0,1,1,2,1,2,2,1,1,1,0,2,1,1,1,2,1,1,3,2,2,1,0,1,0,1,0,1,1,1,0,2,0,0,2,2,1,1,1,1,0,2,0,1,0,1,1,1,0,2,1,1,0,0,0,0,1,1,1,2,1,2,0,0,0,0,1,1,0,1,1,1,0,1,0,0,0,0,0,0,1,0,0,0,1,0,0,1,0,1,0,0,1,0,1,0,1,3,1,0,1,0,2,1,0,2,0,1,0,0,0,0,0,0,1
0,0,0,0,0,0,0,0,0,1,0,0,0,0,0,0,0,0,0,0,0,0,0,0,0,0,0,0,0,0,0,0,0,0,0,0,0,0,0,0,1,0,0,0,0,0,0,1,1,1,0,0,0,0,0,0,1,0,0,0,0,0,0,0,0,0,0,0,1,0,0,0,0,0,0,0,0,0,0,0,0,0,1,0,1,0,0,0,0,0,0,0,0,0,0,0,0,0,0,0,0,0,0,0,1,0,0,0,0,0,0,0,0,0,0,0,0,0,0,0,1,0,1,0,0,0,0,0,1,0,0,0,0,0,0,0,0,0,0,0,1,0,0,0,0,0,1,0,0,1,0,3,0,0,0,0,0,0,0,0,0,0,0,0,2,0,0,0,0,1,2,0,0,0,0,0,0,0,0,0,1,0,0,0,0,0,0,0,0,0,0,0,0,0,1,0,1,1,0,0,0,0,0,0,0,0,0,0,0,0,0,0,0,0,0,0,0,0,0,0,0,0,0,0,0,0,0,1,0,0,0,0,1,0,0,0,0,0,0,0,0,1,0,0,0,1,0,0,0,0,0,0,0,0,0,0,0,2,1,0,0,0,0,0,0,0,0,0,0,0,0,0,0,0,0,0,0,0,0,0,0,1,1,1,0,0,0,0,0,0
0,0,0,0,0,0,0,0,0,0,0,0,0,0,0,0,0,0,0,0,0,0,0,0,0,0,0,0,0,0,0,0,0,0,0,0,0,0,0,0,0,0,0,0,0,0,0,0,0,0,0,0,0,0,0,0,0,0,0,0,0,0,0,0,0,0,0,0,0,0,0,0,0,0,0,0,0,0,0,0,0,0,0,0,0,0,0,0,0,0,0,0,0,0,0,0,0,0,0,0,0,0,0,0,0,0,0,0,0,0,0,0,0,0,0,0,0,0,0,0,0,0,0,0,0,0,0,0,0,0,0,0,0,0,0,0,0,0,0,0,0,0,0,0,0,0,0,0,0,0,0,0,0,0,0,0,0,0,0,0,0,0,0,0,0,0,0,0,0,0,0,0,0,0,0,0,0,0,0,0,0,0,0,0,0,0,0,0,0,0,0,0,0,0,0,0,0,0,0,0,0,0,0,0,0,0,0,0,0,0,0,0,0,0,0,0,0,0,0,0,0,0,0,0,0,0,0,0,0,0,0,0,0,0,0,0,0,0,0,0,0,0,0,0,0,0,0,0,0,0,0,0,0,0,0,0,0,0,0,0,0,0,0,0,0,0,0,0,0,0,0,0,0,0,0,0,0,0,0,0,0,0,0,0,0,0,0,0,0,0
0,2,0,0,2,1,0,0,0,3,0,0,0,0,0,1,0,0,0,0,0,0,0,0,0,0,0,0,0,0,0,0,0,0,0,0,0,0,2,0,0,2,0,5,0,0,0,2,0,0,0,0,0,0,0,0,0,0,0,2,0,0,0,3,0,0,0,4,0,0,0,0,0,0,3,0,4,2,0,0,0,0,0,3,0,0,0,0,0,0,0,0,0,0,0,0,0,0,0,0,0,0,0,0,0,2,1,0,0,0,0,0,0,0,0,0,3,0,0,0,0,0,0,0,0,0,0,0,2,0,0,1,0,0,0,0,0,0,0,0,0,4,0,0,0,0,3,0,0,0,2,0,0,3,0,0,0,0,0,2,0,0,0,0,0,1,0,0,0,0,0,0,0,0,0,0,0,0,0,0,0,1,0,4,1,1,0,0,0,3,0,0,0,3,0,0,0,0,0,0,0,2,1,0,0,0,0,0,1,0,0,0,1,0,0,0,0,0,0,1,0,0,0,0,0,0,0,0,2,0,0,0,0,1,0,2,0,0,0,1,2,0,0,1,0,0,0,0,1,2,0,0,0,0,0,0,0,0,0,5,0,0,0,0,0,0,0,0,3,0,0,0,0,3,0,0,0,0,0,0,0,0,0,2,0,0,3,0,0,0
0,0,0,0,0,0,0,0,0,0,0,0,0,0,0,0,0,0,0,1,0,0,0,0,0,0,1,1,0,0,0,0,0,0,0,0,0,0,0,0,0,0,0,0,0,0,0,0,0,0,0,0,0,0,0,0,0,0,0,0,0,0,0,0,0,0,0,0,1,0,0,0,0,0,0,0,0,0,0,2,0,0,0,0,0,0,0,0,0,0,0,2,0,0,0,0,0,0,1,2,0,0,0,0,0,0,0,0,0,0,0,0,0,0,0,0,0,1,0,0,0,0,0,0,0,0,0,0,0,0,0,0,0,1,0,0,0,0,0,1,0,0,0,0,0,0,0,1,0,0,1,0,0,0,0,0,0,0,0,0,0,0,0,0,0,0,0,1,3,0,0,2,0,0,0,0,0,0,0,0,0,0,0,0,0,0,0,0,1,0,1,0,0,0,0,0,0,0,0,0,0,0,0,0,0,0,0,0,0,1,0,0,0,0,0,0,0,0,0,0,0,0,0,2,0,0,0,0,0,0,0,0,1,0,0,0,0,0,0,0,0,0,0,0,0,0,0,0,0,0,1,0,0,0,0,0,0,0,0,0,0,0,0,1,0,0,0,0,0,0,2,0,0,0,0,0,0,0,0,0,0,1,0,0,0,0,0,0,0,0
0,0,0,0,0,0,0,0,0,0,0,0,0,0,0,0,0,0,0,0,0,0,0,0,0,0,0,0,0,0,0,0,0,0,0,0,0,0,0,0,0,0,0,0,0,0,0,0,0,0,0,0,0,0,0,0,0,0,0,0,0,0,0,0,0,0,0,0,0,0,0,0,0,0,0,0,0,0,0,0,0,0,0,0,0,0,0,0,0,0,0,0,0,0,0,0,0,0,0,0,0,0,0,0,0,0,0,0,0,0,0,0,0,0,0,0,0,0,0,0,0,0,0,0,0,0,0,0,0,0,0,0,0,0,0,0,0,0,0,0,0,0,0,0,0,0,0,0,0,0,0,0,0,0,0,0,0,0,0,0,0,0,0,0,0,0,0,0,0,0,0,0,0,0,0,0,0,0,0,0,0,0,0,0,0,0,0,0,0,0,0,0,0,0,0,0,0,0,0,0,0,0,0,0,0,0,0,0,0,0,0,0,0,0,0,0,0,0,0,0,0,0,0,0,0,0,0,0,0,0,0,0,0,0,0,0,0,0,0,0,0,0,0,0,0,0,0,0,0,0,0,0,0,0,0,0,0,0,0,1,0,0,0,0,0,0,0,0,0,0,0,0,0,0,0,0,0,0,0,0,0,0,0,0,0,0,0,0,0,0
1,0,0,1,0,0,0,0,1,0,2,0,4,2,1,1,1,1,1,0,0,1,0,1,1,0,1,1,0,0,1,0,0,0,1,0,1,0,0,0,0,0,2,0,0,0,0,1,1,0,0,0,0,1,0,1,1,1,0,1,0,0,1,0,0,0,0,1,1,0,0,2,0,1,0,0,0,0,1,0,0,2,1,0,1,0,2,1,0,0,1,1,1,0,0,1,0,1,1,0,0,0,2,0,2,1,0,1,0,1,0,1,0,1,1,1,0,1,0,1,0,1,2,0,1,0,1,0,0,0,1,0,0,0,0,0,0,1,1,1,0,0,1,0,1,0,0,0,0,1,0,0,0,0,0,0,0,0,1,0,2,0,0,0,0,0,0,0,0,0,1,0,0,0,1,0,2,1,1,0,0,0,1,0,0,1,0,0,1,0,0,0,0,0,0,0,1,0,0,1,0,1,0,1,0,1,1,0,2,1,1,0,0,0,0,1,1,1,0,0,1,0,0,1,1,1,0,1,1,1,0,1,1,1,1,0,1,0,0,0,1,0,0,0,1,0,0,0,0,0,0,0,0,0,1,0,0,1,0,0,1,0,1,0,1,2,1,0,1,0,0,0,0,1,0,1,0,2,0,1,0,0,0,0,1,0,2,1,1,0
0,0,0,0,0,0,0,0,0,0,0,0,0,0,0,0,0,0,0,0,0,0,0,0,0,0,0,0,0,0,0,0,0,0,0,0,0,0,0,0,0,0,0,0,0,0,0,0,0,0,0,0,0,0,0,0,0,0,0,0,0,0,0,0,0,0,0,0,0,0,0,0,0,0,0,0,0,0,0,0,0,0,0,0,0,0,0,0,0,0,0,0,0,0,0,0,0,0,0,0,0,0,0,0,0,0,0,0,0,0,0,0,0,0,0,0,0,0,0,0,0,0,0,0,0,0,0,0,0,0,0,0,0,0,0,0,0,0,0,0,0,0,0,0,0,0,0,0,0,0,0,0,0,0,0,0,0,1,0,0,0,0,0,0,0,0,0,0,0,0,0,0,0,0,0,0,0,0,0,0,0,0,0,0,0,0,0,0,0,0,0,0,0,0,0,0,0,0,0,0,0,0,0,0,0,0,0,0,0,0,0,0,0,0,0,0,0,0,0,0,0,0,0,0,0,0,0,0,0,0,0,0,0,0,0,0,0,0,0,0,0,0,0,0,0,0,0,0,0,0,1,0,0,0,0,0,0,0,0,0,0,0,0,0,0,0,0,0,0,0,0,0,0,0,0,0,0,0,0,0,0,0,0,0,0,0,0,0,0,0
0,0,6,0,0,0,0,0,0,0,0,0,0,0,0,0,0,0,0,3,0,5,0,0,9,0,0,0,0,0,0,0,0,0,0,0,0,0,0,0,0,0,0,0,0,0,0,0,0,7,0,0,0,0,0,0,0,0,0,0,0,0,0,0,6,0,0,0,0,0,0,0,0,0,8,13,0,18,1,0,0,0,0,0,0,6,5,0,0,0,0,0,6,9,3,0,0,0,0,0,0,0,0,0,0,0,0,6,6,10,0,9,0,0,8,0,0,0,0,0,0,2,0,0,0,0,0,0,0,0,0,0,7,0,17,0,0,4,0,0,11,0,0,0,5,0,18,0,0,6,0,0,0,0,0,0,0,0,0,5,0,0,0,0,0,0,0,5,0,0,0,0,0,0,0,0,0,0,0,4,0,4,0,0,12,0,0,0,0,0,0,4,0,9,0,4,0,0,0,7,0,0,0,0,0,0,4,7,0,0,0,0,0,0,0,0,0,0,0,1,0,0,0,0,10,0,0,0,0,0,0,0,0,0,5,0,0,0,0,0,8,10,0,2,0,10,0,0,0,0,0,0,0,0,5,0,0,14,0,0,5,0,0,0,0,0,0,0,0,0,0,0,0,0,0,0,16,0,0,0,0,0,0,0,0,0,0,2,0,0
2,1,0,0,3,2,1,0,0,2,2,1,1,0,1,1,0,4,1,1,4,1,4,0,0,0,0,0,0,1,0,0,0,0,1,1,3,0,0,2,0,1,1,0,3,0,0,3,1,3,0,0,0,0,0,0,3,0,1,0,1,1,0,2,1,0,0,0,1,1,0,1,6,0,0,1,0,2,2,0,0,0,1,2,5,0,1,1,0,0,0,0,0,2,0,0,3,0,0,2,3,0,0,0,0,2,4,1,0,0,0,2,0,1,1,0,0,1,1,2,2,1,3,0,0,0,0,0,1,0,0,2,0,0,0,0,0,5,1,0,4,0,0,0,2,0,0,2,0,0,0,6,0,0,1,2,2,0,0,0,0,3,2,0,0,0,0,1,2,2,0,0,0,0,0,0,0,1,1,0,0,0,0,4,0,0,0,0,0,0,0,0,1,0,2,0,0,2,5,0,1,0,0,1,4,2,0,5,3,0,0,0,1,1,1,1,1,1,1,0,1,0,0,0,1,0,1,0,0,0,1,3,1,0,5,6,0,1,2,0,0,1,5,4,2,3,1,0,2,1,0,1,1,1,1,2,1,0,4,1,0,8,0,0,1,5,0,2,5,2,1,5,0,0,0,2,1,3,3,2,0,0,0,0,0,2,2,3,0,1
0,9,23,0,0,0,0,10,35,0,0,4,0,0,0,0,0,0,0,7,0,0,50,0,8,66,0,0,8,0,0,0,0,0,0,0,12,3,0,0,0,0,7,0,0,0,0,0,12,28,18,0,7,3,15,5,0,7,0,7,6,5,0,20,0,2,20,0,0,13,9,21,0,0,17,9,0,12,12,7,0,0,0,0,0,0,0,0,7,0,35,0,0,0,0,0,0,6,9,0,0,3,0,3,0,6,14,0,0,0,0,15,0,7,0,0,0,0,26,0,0,0,0,0,5,0,10,10,0,0,6,0,0,8,11,0,0,0,0,0,0,0,23,1,0,14,18,6,0,20,0,0,8,0,0,0,31,0,2,10,2,9,0,10,0,6,4,2,5,0,12,0,14,8,9,0,15,0,0,0,7,2,11,0,15,0,11,16,11,0,5,0,4,0,0,4,3,0,9,4,0,0,0,4,0,5,0,0,0,10,0,7,0,10,0,5,5,2,12,14,0,0,6,6,0,0,6,15,8,9,14,0,0,6,0,0,0,0,4,9,8,0,14,0,0,7,28,10,6,5,0,0,4,0,4,0,5,0,0,0,10,0,0,21,9,0,5,14,8,0,0,0,11,6,0,7,11,0,7,0,4,15,15,0,7,0,0,28,2,3
0,0,0,0,0,0,0,0,0,0,0,0,0,0,0,0,0,0,0,0,0,0,0,0,0,0,0,0,0,0,0,0,0,0,0,0,0,0,0,0,0,0,0,0,0,0,0,0,0,0,0,0,0,0,0,0,0,0,0,0,0,0,0,0,0,0,0,0,0,0,0,0,0,0,0,0,0,0,0,0,0,0,0,0,0,0,0,0,0,0,0,0,0,0,0,0,0,0,0,0,0,0,0,0,0,0,0,0,0,0,0,0,0,0,0,0,0,0,0,0,0,0,0,0,0,0,0,0,0,0,0,0,0,0,0,0,0,0,0,0,0,0,0,0,0,0,0,0,0,0,0,0,0,0,0,0,0,0,1,0,0,0,0,0,0,0,0,0,0,0,0,0,0,0,0,0,0,0,0,0,0,0,0,1,0,0,0,0,0,0,0,0,0,0,0,0,0,0,0,0,1,0,0,0,0,0,0,0,0,0,0,0,0,0,0,0,0,0,0,0,0,0,0,0,0,0,0,0,0,0,0,0,0,0,0,0,0,1,0,0,0,0,0,0,0,0,0,0,0,0,0,0,0,0,0,0,0,0,0,0,0,0,0,0,0,0,0,0,0,0,0,0,0,0,0,0,0,0,0,0,0,0,0,0,0,0,0,0,0,0
10,7,9,11,3,1,0,18,8,2,21,8,0,11,12,16,0,6,10,13,5,7,9,14,17,12,14,10,9,3,5,0,5,3,15,5,20,0,0,4,0,0,13,2,21,11,1,4,6,10,6,4,8,0,3,0,19,9,6,4,0,0,22,8,0,9,4,0,0,4,4,0,9,3,4,0,0,2,9,5,0,7,7,2,1,14,2,0,0,6,11,4,0,0,12,0,4,5,7,10,12,0,0,9,0,10,5,0,9,5,0,2,0,0,3,4,7,7,0,6,0,0,2,6,5,0,2,6,0,0,0,6,0,0,5,2,2,0,0,4,7,6,7,2,17,0,4,0,6,11,12,16,4,0,0,2,3,6,2,0,11,3,0,15,5,6,4,0,1,4,5,5,5,2,6,0,1,0,0,3,4,10,10,9,3,4,8,12,0,0,5,3,9,10,4,9,14,8,0,15,3,2,0,0,3,4,6,12,5,6,0,3,0,0,7,0,0,0,16,21,0,7,0,9,10,10,1,8,0,13,5,0,3,0,0,0,3,7,4,0,26,0,0,2,5,2,2,13,0,9,0,11,4,8,3,0,0,10,0,0,5,0,8,6,8,0,5,4,0,0,0,0,0,0,5,9,6,0,0,3,0,2,11,6,0,5,0,10,2,4
0,0,0,1,0,0,0,0,0,0,0,0,0,0,0,0,0,0,0,0,6,0,0,0,0,0,0,0,3,0,0,0,0,0,0,0,0,4,0,0,0,0,0,0,0,5,0,2,0,0,0,0,0,0,4,5,0,0,0,0,4,0,0,0,0,4,0,0,0,5,0,0,4,0,0,0,0,9,0,0,0,4,0,0,0,0,0,0,0,0,0,0,0,0,0,0,0,0,0,0,0,0,0,0,0,0,0,0,0,0,0,0,0,3,0,4,0,3,0,0,0,0,0,0,0,0,0,0,0,0,0,0,0,0,0,5,0,0,0,5,0,0,0,0,0,4,3,0,0,0,0,0,0,0,0,0,0,0,0,0,0,0,3,2,0,0,0,0,0,3,0,0,0,0,0,0,1,1,4,0,0,0,0,4,0,0,6,0,8,0,5,0,0,0,0,3,0,0,0,0,0,0,0,0,8,0,0,0,0,0,0,0,0,0,0,12,6,0,0,0,0,0,0,0,3,0,0,0,0,0,0,2,0,0,0,0,0,0,4,0,0,0,3,0,0,0,0,0,3,0,0,0,0,4,0,0,3,0,0,10,0,0,0,0,0,0,0,0,0,6,0,0,0,0,7,0,0,0,0,4,0,0,7,0,0,4,0,0,0,0
0,8,3,0,0,0,0,0,0,0,0,5,0,0,0,0,0,0,0,0,9,0,0,0,0,0,0,0,0,0,0,0,0,0,5,0,0,0,0,20,0,0,0,0,0,0,3,0,0,0,0,0,0,0,0,0,0,0,0,0,0,4,0,0,0,0,0,0,0,0,0,0,0,0,4,8,0,0,0,0,0,0,0,0,0,0,0,0,4,0,0,0,5,0,0,0,3,0,0,0,0,0,0,0,0,6,0,0,0,0,0,0,6,0,0,0,0,0,0,0,0,0,0,0,0,0,0,0,0,0,0,0,0,0,0,0,0,0,0,0,5,0,0,0,0,0,2,0,0,0,0,0,0,0,5,0,0,0,0,6,0,0,0,0,0,0,0,7,0,0,0,2,0,6,0,0,0,0,6,0,0,0,0,0,0,0,0,0,4,0,0,0,0,3,0,0,0,0,0,13,6,0,0,0,2,0,4,1,0,0,0,0,0,7,0,0,0,0,0,0,6,0,5,0,0,0,3,0,0,4,14,0,0,0,0,0,0,0,0,0,3,6,6,0,0,0,0,1,0,0,0,0,0,0,0,0,0,0,0,0,6,0,0,0,0,0,15,0,0,2,2,0,9,0,0,0,0,0,0,0,0,0,0,0,0,0,0,0,0,0
0,0,0,0,0,0,0,0,0,0,0,1,0,0,1,0,0,0,0,1,0,0,0,0,0,0,0,0,0,1,0,0,0,0,0,0,1,0,0,0,0,0,0,0,0,0,0,0,0,0,0,0,0,0,0,0,0,0,0,0,1,0,0,0,0,0,0,0,0,0,0,0,0,0,0,0,0,0,0,0,0,0,0,0,0,0,0,0,0,0,0,0,0,0,0,0,0,0,0,0,0,0,0,0,0,0,0,1,0,0,0,0,0,0,0,0,0,0,0,0,0,1,0,0,0,0,0,0,0,0,0,0,0,0,0,0,0,0,0,0,0,0,0,0,0,0,0,0,0,0,0,0,0,0,0,0,0,0,0,0,0,0,0,0,0,0,0,0,0,0,1,0,0,0,0,0,0,0,0,0,0,0,0,0,0,0,0,0,0,0,0,0,0,0,0,0,0,1,0,0,0,0,0,0,0,0,0,0,0,0,0,0,0,0,0,0,0,0,0,0,0,0,0,0,0,0,0,0,0,0,0,0,0,0,0,0,0,0,0,0,1,0,0,0,0,0,0,0,0,0,0,0,0,0,0,0,0,0,0,0,0,0,0,0,0,0,0,0,0,0,0,0,0,0,0,0,0,0,0,0,0,0,0,0,0,0,0,0,0,0
2,0,0,0,0,0,0,0,0,0,0,0,0,0,0,0,0,0,0,0,0,0,0,0,0,0,1,0,0,0,0,0,0,0,0,1,0,0,2,0,0,0,0,0,0,0,0,0,0,0,0,0,0,0,0,2,2,0,0,0,2,0,0,0,0,2,0,1,0,0,0,0,0,0,1,0,0,0,0,0,0,0,0,0,0,1,0,0,0,0,0,0,0,0,0,0,0,3,2,0,0,2,0,0,0,0,0,0,0,0,0,0,0,0,0,1,0,0,0,0,0,4,0,0,0,0,0,0,0,0,0,1,0,1,0,0,0,0,0,0,0,0,0,0,0,1,0,0,0,0,0,0,0,0,1,0,0,0,0,0,0,0,0,0,0,0,0,1,0,0,0,0,0,0,2,0,0,0,0,0,0,0,0,0,0,0,0,0,0,0,4,0,0,0,0,0,0,0,0,0,0,0,0,0,0,0,0,0,0,1,0,0,0,0,0,0,7,0,1,0,2,0,1,0,0,0,0,0,1,0,2,1,0,0,0,1,0,0,0,0,0,0,0,0,0,4,0,1,0,0,0,0,1,0,0,0,0,0,0,0,0,0,0,0,0,0,0,0,0,0,1,0,1,0,0,0,0,0,2,0,0,0,0,2,0,0,0,0,2,0
0,0,0,0,0,0,0,0,0,0,0,0,0,6,0,0,0,0,3,5,0,11,0,0,3,0,0,0,0,0,0,0,0,0,0,0,0,0,0,0,0,0,0,15,0,0,0,0,0,0,0,0,0,0,0,0,3,6,12,0,0,0,0,0,8,4,0,0,0,0,0,6,0,0,0,0,0,0,0,0,0,0,0,0,3,0,0,0,0,0,3,0,0,0,0,0,0,0,0,0,0,0,0,0,4,2,0,0,4,0,6,0,4,0,0,0,0,0,0,0,0,0,0,0,0,0,3,0,0,0,0,1,0,6,0,0,1,0,0,0,0,10,0,11,0,0,0,0,7,0,0,0,0,0,0,0,0,0,0,0,0,3,4,0,0,4,0,0,0,4,0,0,0,0,0,0,0,2,3,0,0,0,0,8,2,4,0,0,0,0,0,0,0,0,0,0,0,0,0,0,8,0,4,0,0,0,0,0,10,0,0,0,0,0,0,0,0,1,0,0,0,0,0,0,0,5,0,0,0,14,0,0,0,0,0,0,9,0,0,0,0,0,0,0,0,0,0,0,2,0,0,0,0,0,0,0,18,0,0,0,0,0,0,0,0,0,0,0,0,0,0,0,0,0,0,0,0,0,0,0,0,0,0,0,0,0,0,0,0,0
8,9,3,0,2,10,21,0,0,1,11,6,0,1,1,3,4,8,23,1,6,9,0,2,0,0,13,8,1,0,0,10,0,5,6,0,0,0,5,2,0,2,11,4,0,0,2,2,5,0,0,0,0,4,0,5,4,3,5,5,2,1,9,0,5,2,0,3,5,5,3,5,0,2,0,0,0,8,0,0,0,0,4,2,4,3,15,0,0,2,0,0,0,4,0,0,0,3,0,0,4,0,3,0,0,0,0,7,0,0,0,0,0,0,17,0,0,3,0,0,0,0,0,0,0,0,0,0,7,0,0,11,0,0,3,0,0,4,7,2,0,4,0,4,3,0,0,0,4,0,0,0,0,0,0,0,0,0,0,0,0,0,0,0,0,0,3,0,0,0,0,0,0,0,1,0,0,0,0,0,0,0,0,4,0,0,0,0,0,0,0,0,0,0,0,0,0,0,3,0,0,0,4,0,0,0,0,3,0,0,0,0,4,0,6,9,0,3,3,0,0,0,0,6,0,0,0,0,0,4,0,0,0,0,0,0,0,0,0,0,0,0,0,0,0,0,3,0,3,6,0,0,0,0,2,0,0,4,3,7,2,3,0,0,0,0,0,0,0,0,1,0,2,0,0,0,0,0,0,0,0,0,0,0,0,0,0,6,0,6
0,1,1,0,0,0,0,0,0,0,0,0,0,0,0,1,0,0,0,0,2,1,1,0,1,0,1,0,0,0,0,0,0,0,0,0,0,0,0,0,0,0,0,2,0,0,0,0,0,0,1,0,0,1,0,0,0,0,0,0,0,1,0,0,0,0,0,0,0,1,1,0,0,1,0,0,0,0,0,0,0,0,0,0,0,1,0,0,0,0,1,0,0,0,0,2,0,1,1,0,0,1,0,0,0,0,0,1,0,0,0,1,0,0,1,0,0,0,0,1,0,0,0,0,0,0,0,0,1,0,0,0,1,1,0,0,0,0,0,1,0,1,0,0,0,0,0,0,0,0,1,0,0,0,0,0,0,1,0,1,1,0,0,0,0,0,0,0,0,0,0,0,0,0,0,0,0,1,0,0,0,0,0,0,0,0,1,0,0,1,0,0,0,0,0,0,0,0,0,0,0,1,0,0,0,0,0,0,1,1,1,0,0,0,0,0,0,0,0,0,0,0,0,0,0,0,0,0,0,0,0,0,0,0,0,0,0,1,0,0,0,0,0,0,0,0,0,0,0,0,0,0,0,0,0,0,0,0,0,0,0,0,0,0,0,0,0,0,0,0,0,0,0,0,0,0,0,0,0,0,0,0,0,0,0,0,0,0,0,0
0,3,0,0,0,0,0,0,0,0,0,2,0,0,0,0,0,0,0,0,0,0,4,0,6,4,0,0,0,0,0,2,0,0,2,0,0,0,2,0,0,0,3,0,0,2,0,0,0,0,0,3,0,2,0,2,0,0,0,0,0,0,0,0,0,0,0,1,4,0,0,0,0,0,0,0,0,6,0,0,0,0,0,0,0,0,0,0,0,0,0,0,0,0,0,0,5,0,0,0,0,3,0,0,0,2,0,0,0,0,0,0,0,0,0,4,0,0,0,0,0,0,0,0,0,0,0,0,0,0,0,1,3,1,0,0,0,0,0,0,0,0,0,0,0,0,0,0,0,0,0,0,0,0,0,0,0,0,0,0,0,0,0,0,0,0,2,4,0,0,0,2,0,0,0,0,2,0,0,1,0,3,0,0,0,0,0,1,0,0,0,6,0,0,0,0,4,2,0,0,8,0,3,0,0,0,0,2,0,0,0,0,3,0,0,0,0,0,0,0,0,1,3,0,0,0,0,0,4,0,0,5,0,0,0,1,0,0,0,0,0,6,0,0,0,0,4,0,0,3,0,0,0,0,0,0,0,0,0,0,0,0,0,0,0,0,1,2,0,0,0,0,0,0,2,0,0,0,0,0,0,0,0,0,0,2,0,0,1,2
0,0,2,0,0,0,0,3,0,0,0,0,0,0,0,0,0,0,0,0,0,0,0,0,1,0,0,0,0,0,0,0,0,0,0,0,1,0,0,0,0,0,0,0,3,0,0,0,0,1,1,0,1,0,1,0,0,1,1,1,0,0,0,3,0,0,0,0,0,0,1,0,0,0,1,0,2,1,1,1,1,0,2,0,0,0,0,0,2,0,0,1,1,0,1,1,0,0,2,0,0,0,0,0,0,1,0,0,1,1,0,0,0,0,0,1,0,1,0,2,0,0,0,1,1,0,0,1,0,0,0,0,2,1,0,1,0,0,0,1,0,0,0,0,0,0,1,0,0,0,0,1,0,0,1,0,0,0,0,0,0,0,0,0,0,0,0,0,0,0,0,0,0,0,0,0,1,0,1,0,0,0,0,0,0,0,0,1,0,0,0,0,0,0,0,0,1,0,0,0,0,0,0,0,0,1,0,0,0,0,0,0,0,0,0,0,0,0,1,0,0,0,0,0,0,0,0,0,0,0,1,0,0,0,0,0,1,0,0,0,0,0,0,0,0,0,0,0,0,0,0,0,0,0,0,1,0,0,0,0,0,0,0,1,1,0,0,0,0,0,1,0,0,0,0,0,0,0,0,0,0,0,0,0,0,0,0,0,0,0
1,0,2,1,0,0,0,0,0,0,0,0,0,0,0,0,0,0,0,2,1,0,1,0,0,1,0,0,1,0,0,0,0,0,0,0,0,0,0,0,0,1,0,0,3,0,0,0,0,0,0,0,0,0,0,0,0,0,0,0,1,0,0,1,0,0,0,0,0,0,0,1,1,0,0,1,0,2,0,0,0,0,0,0,0,1,1,1,3,0,0,0,0,1,1,0,0,0,0,1,0,0,0,0,0,0,2,0,0,0,0,0,0,0,2,0,1,0,1,0,0,0,3,0,0,0,0,0,1,0,0,0,1,0,0,0,0,1,0,0,0,0,0,0,0,0,0,1,0,0,1,0,1,0,0,0,0,2,0,1,2,0,0,1,0,0,0,0,0,1,0,0,0,0,0,0,0,0,0,0,0,1,0,0,0,0,0,0,0,0,0,0,0,2,0,0,0,0,1,0,0,0,0,0,0,0,0,0,1,0,0,0,0,0,2,0,0,0,0,0,0,0,0,0,0,0,0,0,0,0,0,0,0,0,0,0,0,0,0,1,0,0,0,0,0,0,0,0,0,1,0,0,0,0,0,0,0,0,0,0,0,0,0,0,0,0,0,0,0,0,0,0,0,0,0,0,0,0,0,0,1,0,0,0,0,0,0,0,0,1
0,0,0,0,0,0,0,0,0,0,0,0,0,0,1,0,0,0,0,0,0,0,0,0,0,0,0,0,0,0,0,0,0,1,0,0,0,0,0,0,0,1,0,0,0,0,0,0,0,0,0,0,1,0,0,0,0,0,0,0,0,0,0,0,0,0,0,0,0,0,0,0,0,0,0,0,0,0,0,1,0,0,0,0,0,0,0,0,0,0,0,0,0,0,0,0,0,0,0,0,0,0,0,0,0,0,0,0,0,0,0,0,1,0,0,2,0,0,0,0,0,0,0,0,0,0,0,0,0,0,0,0,0,0,0,0,0,0,0,0,1,0,0,0,0,0,0,0,0,0,0,0,1,0,0,0,0,1,0,0,0,0,0,0,0,0,0,0,0,0,0,0,0,0,0,1,0,0,0,0,0,0,0,0,0,0,0,0,0,0,0,0,0,0,0,0,0,0,0,0,0,0,0,0,0,0,0,0,0,0,0,0,0,0,0,0,0,0,0,0,1,0,0,0,0,0,0,0,0,0,1,0,0,0,0,0,0,0,0,0,0,0,0,0,2,1,0,0,0,0,0,0,0,0,0,0,0,0,0,0,0,0,0,1,0,0,0,0,0,0,0,0,0,0,0,0,0,0,0,0,0,0,0,0,0,0,0,0,0,0
0,0,0,0,0,0,0,0,0,0,0,3,0,2,0,0,0,0,0,0,0,0,0,3,0,0,11,0,0,2,0,5,0,0,0,8,0,0,0,0,0,0,0,0,0,0,0,0,3,0,3,0,0,0,0,0,3,0,0,0,7,0,0,0,0,0,0,0,0,0,0,0,0,0,4,0,3,3,8,0,0,0,0,0,0,0,2,0,0,0,0,0,0,0,0,0,0,0,0,4,3,0,0,0,0,0,0,0,2,5,4,0,0,0,0,0,0,0,0,0,0,0,4,4,0,0,0,2,0,0,0,0,0,0,0,0,0,4,0,0,0,0,0,0,0,0,0,0,0,6,0,1,0,1,0,0,0,0,0,0,0,0,0,0,0,0,0,2,0,2,0,0,0,0,0,0,0,0,0,10,0,0,0,0,0,0,0,0,0,0,1,0,0,0,4,0,4,0,2,0,0,5,0,0,0,0,0,12,0,0,0,0,0,0,0,0,0,0,5,0,0,0,0,0,0,0,0,1,0,0,0,0,8,0,5,0,0,0,0,0,0,0,0,0,0,0,0,0,0,0,0,0,0,0,0,0,0,0,0,0,0,0,0,0,0,0,2,0,1,1,0,0,0,0,0,0,0,0,0,0,0,5,0,3,0,0,0,0,5,0
1,0,0,0,0,0,0,0,0,1,0,0,1,0,0,0,0,0,0,0,0,1,0,0,0,1,0,0,0,1,0,0,1,1,0,0,2,0,0,0,1,0,0,0,1,0,1,0,1,0,0,1,1,0,0,1,0,0,0,0,0,0,0,0,1,0,0,0,0,1,0,0,0,0,0,0,0,0,0,0,0,0,0,0,0,0,0,0,1,0,0,1,1,1,0,0,0,0,0,0,0,0,0,0,1,0,0,1,0,0,0,0,0,0,0,1,0,0,0,0,0,0,0,0,1,0,0,0,0,1,2,1,0,0,0,0,0,0,0,0,0,0,0,0,0,0,0,0,0,1,0,0,0,1,0,0,0,0,1,1,2,0,0,1,0,0,0,0,0,0,0,0,0,0,0,0,0,0,0,0,0,0,1,0,0,0,0,0,0,0,0,0,0,0,1,0,0,0,0,0,1,0,0,0,0,0,1,0,0,1,0,0,0,0,0,0,0,0,0,0,0,0,0,0,1,0,1,0,0,0,0,1,0,0,1,1,0,0,0,0,0,0,1,0,1,0,0,0,0,0,0,0,0,0,1,0,0,0,0,0,1,0,0,0,0,0,1,0,0,1,0,0,0,1,0,0,0,0,0,0,1,0,0,0,0,0,0,0,1,0
0,0,0,2,0,0,0,0,0,0,0,0,1,0,0,0,0,0,0,0,0,0,0,0,1,0,0,0,0,1,0,0,0,0,0,0,0,0,0,0,0,0,0,1,0,0,0,0,0,0,0,1,0,0,0,0,0,0,0,0,0,0,0,0,0,0,0,0,0,0,0,0,0,0,0,0,0,0,0,0,0,0,0,0,0,0,0,0,0,0,0,0,0,0,0,1,0,0,0,0,0,0,0,0,0,0,0,0,0,0,0,0,0,0,0,0,0,0,0,0,0,0,0,0,0,0,0,0,0,0,0,0,0,0,0,0,0,0,0,0,0,0,0,0,0,0,0,0,0,0,0,1,0,0,0,0,0,0,1,0,0,0,0,0,0,0,0,0,0,0,0,0,0,0,0,0,0,0,0,0,0,0,1,0,0,0,0,0,0,0,0,0,0,0,0,0,0,0,0,0,0,0,0,0,0,0,0,0,0,0,0,0,0,0,0,0,0,0,0,0,0,0,0,0,0,1,1,0,0,0,0,0,0,0,0,0,0,0,0,0,1,0,0,0,0,0,0,0,0,0,0,0,0,0,0,0,0,0,0,0,0,0,0,0,0,1,0,0,0,1,1,0,0,0,0,0,0,0,0,0,0,0,0,0,0,0,0,0,0,0
1,2,0,0,0,0,0,2,0,0,0,0,0,2,5,0,0,1,0,0,0,0,0,0,0,0,0,0,0,0,0,0,0,2,0,0,0,0,0,1,5,0,0,0,0,0,0,0,0,0,0,0,0,0,1,0,0,0,0,2,0,0,0,0,2,0,0,4,0,0,0,0,0,0,0,0,0,0,0,0,0,0,0,0,0,0,0,2,0,0,0,0,0,0,2,5,3,0,0,0,0,0,0,1,0,0,0,2,0,0,0,2,0,0,0,0,0,0,2,0,0,0,0,0,0,1,0,0,2,0,2,2,0,3,2,0,0,0,1,0,0,0,1,4,0,0,3,0,2,0,0,0,0,0,3,0,0,0,0,0,0,3,0,0,0,0,0,0,0,1,3,0,0,0,0,0,3,0,3,0,1,0,0,0,0,0,0,0,0,0,0,0,0,0,0,0,2,0,0,0,0,0,0,0,0,0,0,0,0,0,1,0,0,0,0,0,0,4,2,0,0,2,0,1,0,0,0,0,0,0,0,0,0,1,0,0,0,0,0,0,0,0,0,0,0,0,0,0,0,0,0,0,0,5,0,0,0,1,0,0,2,0,0,0,2,0,0,0,2,0,0,2,0,0,0,0,0,0,0,0,0,2,0,0,0,0,0,0,0,1
0,0,1,0,0,0,0,0,0,0,2,0,0,0,0,2,0,2,0,0,0,0,0,0,0,0,0,0,0,0,0,0,0,0,0,0,0,0,3,0,0,0,0,0,0,0,0,0,0,0,0,0,0,0,0,0,0,1,0,0,2,1,0,0,0,1,0,0,0,0,0,0,0,0,2,0,0,0,0,0,0,0,2,0,0,0,0,3,0,0,0,0,0,1,0,0,5,0,0,0,0,0,0,0,1,3,0,0,0,0,0,0,0,0,0,2,0,1,0,1,0,0,0,2,0,0,3,0,0,0,0,0,0,2,0,0,0,0,2,2,0,0,0,0,0,0,0,0,0,0,0,0,1,0,0,0,0,0,0,0,0,0,1,0,1,0,0,0,0,0,1,0,1,0,2,0,3,0,0,0,0,1,0,0,0,1,0,0,0,1,0,0,0,0,0,0,1,0,0,0,0,2,0,0,0,0,0,0,0,0,0,0,0,0,4,0,0,0,0,0,0,0,0,0,0,0,0,0,0,0,0,0,0,0,0,0,0,0,0,0,2,1,1,3,0,0,0,0,0,0,1,0,0,0,0,0,0,2,0,0,1,1,1,1,2,0,2,0,2,0,0,0,0,0,0,0,1,0,0,0,0,0,0,0,0,0,1,0,0,1
2,1,0,1,0,0,0,0,0,0,0,0,1,0,0,0,1,0,1,0,0,0,1,0,0,1,0,1,0,0,0,0,0,0,0,1,0,0,0,0,1,0,0,1,2,0,0,1,0,2,1,1,3,0,0,0,0,1,4,1,0,0,0,1,0,0,1,0,0,1,0,1,0,1,1,0,1,0,2,0,2,3,3,2,0,2,1,1,3,1,3,1,1,1,1,2,0,1,1,1,0,2,1,1,0,0,0,0,0,0,1,0,1,3,0,2,0,1,0,0,1,1,1,0,1,0,1,1,1,0,0,0,1,1,0,1,1,2,1,1,2,0,0,1,2,0,1,0,3,0,3,0,0,1,1,1,0,3,2,0,5,0,1,1,1,0,1,2,0,0,1,1,0,0,0,1,0,1,0,0,1,0,1,0,2,1,1,0,0,2,0,1,1,2,2,0,0,0,0,1,1,0,3,0,0,0,0,0,0,2,1,0,1,1,0,2,1,0,1,1,1,0,1,1,0,0,1,1,1,1,0,4,1,2,1,0,0,1,1,0,1,1,0,0,0,2,1,1,2,1,0,1,2,1,0,1,0,0,1,0,3,0,1,1,0,0,0,0,0,0,1,0,0,0,0,0,0,1,1,1,1,0,0,0,0,1,1,0,2,0
0,0,1,0,0,0,0,0,2,5,1,1,0,5,0,0,0,0,1,0,0,1,0,0,0,0,0,0,0,0,0,0,1,6,0,0,0,0,0,0,0,0,0,3,0,2,0,0,0,0,0,0,0,0,0,0,0,0,0,0,0,0,1,0,0,0,0,1,0,4,0,0,0,3,0,0,0,0,0,0,2,0,0,0,0,0,0,1,1,2,3,0,0,2,0,1,0,0,0,3,0,0,0,0,0,0,0,0,0,0,3,0,0,1,0,0,0,0,0,0,0,1,0,0,0,0,2,0,0,0,0,0,0,0,0,0,0,0,0,0,0,0,0,0,3,0,0,0,0,0,0,0,0,0,0,0,3,0,3,2,0,2,6,0,0,0,0,5,2,0,2,1,3,1,1,0,0,0,0,1,0,0,0,0,3,2,0,0,0,0,0,1,2,5,0,0,2,0,1,4,5,0,0,0,0,7,1,0,2,0,0,2,0,0,0,0,0,0,1,0,0,0,0,0,0,0,9,0,0,0,0,0,0,0,0,2,0,0,0,3,0,2,0,0,0,0,0,0,0,0,0,0,0,0,0,0,0,0,0,0,0,0,0,0,0,0,4,5,0,0,0,0,0,0,0,0,0,2,0,1,0,2,1,0,0,0,0,0,0,0
0,0,0,0,0,0,0,0,0,0,0,0,0,0,0,0,0,0,0,0,0,0,0,0,0,0,0,0,0,0,0,0,0,0,0,0,0,0,0,0,0,0,1,0,0,0,0,0,0,0,0,0,0,0,0,0,0,0,0,0,0,0,0,0,0,0,0,0,0,0,0,0,0,0,0,0,0,0,0,0,0,0,0,0,0,0,0,0,0,0,0,0,0,0,0,0,0,0,0,0,0,0,0,0,0,0,0,0,0,0,0,0,0,0,0,0,0,0,0,0,0,0,0,0,0,0,0,0,0,0,0,0,0,0,0,0,0,0,0,0,0,0,0,0,0,0,0,0,0,0,0,0,0,0,0,0,0,0,0,0,0,0,0,0,0,0,0,0,0,0,0,0,0,0,0,0,0,0,0,0,0,0,0,0,0,0,0,0,0,0,0,0,0,0,0,0,0,0,0,0,0,0,0,0,0,0,0,0,0,0,0,0,0,1,0,0,0,0,0,0,0,0,0,0,0,0,0,0,0,0,0,0,0,0,1,0,0,0,0,0,0,0,0,0,0,0,0,0,0,0,0,0,0,0,0,0,0,0,0,0,0,0,0,0,0,0,0,0,0,0,0,0,0,0,0,0,0,0,0,0,0,0,0,0,0,0,0,0,0,0
0,0,0,0,0,0,0,0,0,1,0,0,1,0,0,0,0,0,0,0,0,0,0,0,0,0,0,1,0,0,0,0,0,0,0,0,0,0,0,0,0,0,0,0,0,0,0,0,0,0,0,0,0,0,0,0,0,0,0,0,0,0,0,0,0,0,0,0,0,0,0,0,0,0,0,0,0,0,0,0,0,0,0,0,0,0,0,0,0,0,0,0,0,1,0,0,0,0,0,1,0,0,0,0,0,0,0,0,0,0,0,0,0,0,0,0,0,0,0,1,1,0,1,0,0,0,0,1,0,0,0,1,0,0,0,0,0,0,0,0,0,0,0,0,0,0,0,0,0,0,0,0,0,0,0,0,0,0,0,0,0,0,0,0,0,0,0,0,0,0,0,0,0,0,0,0,0,0,0,0,0,0,0,0,0,0,0,0,0,0,0,0,0,0,0,0,0,0,0,0,0,0,0,1,0,0,0,0,0,0,0,0,0,0,0,0,0,0,0,0,0,0,0,0,0,0,0,0,0,0,0,0,0,0,0,0,0,0,0,0,0,0,0,0,0,2,0,0,0,0,1,0,0,0,0,0,0,0,0,0,0,0,0,0,0,0,1,0,0,1,0,0,0,0,0,0,0,0,0,0,1,0,0,0,1,0,0,0,0,0
0,0,0,0,0,1,1,0,0,0,0,2,0,1,1,1,0,0,0,1,0,1,0,1,0,0,0,0,1,0,0,2,0,0,1,1,0,0,0,1,0,0,0,0,0,0,0,0,0,0,0,0,0,0,0,1,1,0,0,0,0,0,0,0,1,0,0,0,0,0,0,0,2,0,0,0,0,1,0,0,0,0,0,0,1,0,1,1,0,0,0,0,0,1,1,0,1,0,0,1,1,0,0,2,0,1,1,0,0,0,0,0,0,0,0,0,1,1,0,1,0,0,0,0,0,0,0,0,0,0,0,1,0,0,0,0,0,1,0,0,1,0,0,0,0,1,0,0,0,0,0,0,0,0,0,0,0,0,0,0,0,0,0,0,0,0,0,1,0,0,0,0,0,0,0,1,0,0,0,0,0,0,0,0,0,0,0,0,0,0,0,0,0,0,0,0,0,0,0,0,0,1,0,0,1,0,0,0,0,0,0,0,0,0,0,0,0,0,0,0,0,0,0,0,0,0,0,0,0,0,0,0,1,0,0,0,0,0,0,0,0,0,1,0,0,0,0,0,0,0,1,1,1,1,0,0,0,0,0,0,1,0,0,0,1,1,0,0,0,0,0,1,0,0,0,0,0,0,0,0,0,0,0,0,0,0,0,0,0,0
0,6,0,0,8,0,0,0,0,0,4,0,0,0,0,0,0,0,0,0,0,0,0,0,0,0,0,0,0,0,0,0,0,0,5,0,0,0,0,0,0,0,0,3,0,0,0,0,8,5,9,0,0,0,0,0,3,0,0,2,5,0,0,0,2,0,0,0,0,0,0,0,0,6,0,0,0,0,0,0,0,0,5,0,0,0,0,0,0,0,4,26,0,0,0,0,0,0,0,0,0,0,0,0,0,0,0,0,3,34,0,0,0,0,4,0,0,4,0,5,18,0,5,0,0,0,0,0,0,8,0,5,0,0,0,0,0,0,0,0,10,0,11,0,0,0,0,0,0,0,0,0,5,0,3,0,0,4,1,7,0,0,0,0,0,0,0,0,0,0,0,0,0,4,0,0,0,4,0,0,0,0,0,4,0,0,0,10,0,0,0,6,0,0,0,0,0,2,0,0,0,0,0,0,0,0,0,0,5,8,0,0,0,0,3,2,0,0,0,0,0,0,0,9,0,0,0,0,0,0,0,0,0,0,9,0,0,0,0,0,0,0,0,0,0,0,8,0,0,0,0,0,5,0,0,0,0,0,6,0,0,0,5,0,0,0,0,0,0,0,0,0,0,0,0,0,0,0,7,0,0,0,0,0,0,3,6,0,0,0
1,0,0,0,0,0,1,0,0,0,0,0,0,0,0,0,0,0,0,2,0,0,0,0,0,0,0,0,0,1,5,0,0,0,0,0,0,0,0,0,0,0,0,0,0,0,0,0,0,0,0,0,0,0,0,0,0,0,1,1,1,0,0,1,0,0,0,0,1,0,0,0,0,0,2,0,0,0,0,6,0,0,0,0,0,2,0,0,0,0,0,0,0,0,1,0,0,0,0,0,0,0,0,0,0,0,0,0,0,3,0,0,5,0,0,0,1,2,0,0,0,0,0,0,0,0,0,0,0,0,2,0,0,0,0,0,0,0,0,0,0,0,0,0,0,0,0,2,0,0,0,0,0,0,0,0,0,2,0,0,0,0,0,0,0,0,0,0,0,0,0,0,0,0,0,0,2,0,0,0,0,0,0,0,0,0,0,0,2,0,2,0,0,0,0,0,0,0,0,0,0,0,0,0,0,0,0,0,3,0,0,0,2,0,0,0,0,1,0,0,0,0,0,0,0,0,0,0,0,0,0,0,0,0,0,0,1,2,2,1,0,0,0,0,0,0,0,0,0,0,0,0,0,0,0,0,1,0,0,0,0,0,2,0,0,1,0,0,0,0,0,0,0,0,2,1,0,0,0,1,0,0,0,2,0,1,0,0,0,0
3,0,0,0,0,0,0,0,0,0,0,2,0,2,0,1,0,0,0,1,2,0,0,0,0,2,2,0,1,0,1,1,0,0,1,0,0,0,0,0,0,1,0,0,0,0,0,0,1,0,0,2,1,0,0,1,1,0,0,0,0,0,0,1,1,0,0,0,0,0,1,0,0,0,1,0,0,0,0,0,0,0,0,0,0,0,0,0,0,0,0,0,0,0,0,1,0,0,0,0,0,0,0,0,0,2,0,0,0,0,1,0,2,0,2,0,0,0,1,1,0,0,0,0,0,0,2,0,0,0,0,0,0,0,0,0,0,0,0,0,0,0,0,0,0,0,0,0,0,0,0,0,0,0,0,0,0,1,0,0,0,0,0,1,0,0,0,0,0,0,0,0,1,0,0,0,0,0,0,0,1,1,0,1,0,0,0,0,0,0,1,0,1,1,2,0,0,0,0,0,0,0,3,0,0,0,0,0,0,0,0,0,0,0,0,0,0,0,0,0,0,0,0,0,0,0,0,0,0,1,0,0,0,0,0,0,0,0,0,0,0,0,0,0,1,0,0,0,0,0,0,0,0,0,0,1,0,0,0,0,0,1,0,0,0,0,0,1,0,0,0,0,0,0,0,1,0,0,0,0,0,0,0,0,0,0,0,0,0,0
0,0,1,0,1,2,0,0,0,0,0,1,0,0,0,0,0,0,0,0,0,0,0,2,0,4,0,0,0,0,0,0,0,0,0,0,0,0,2,2,1,2,2,0,3,0,2,0,0,0,0,0,0,0,0,0,0,0,0,0,0,0,0,0,0,2,0,0,0,0,0,2,0,0,0,1,2,0,1,0,0,1,0,0,0,0,0,0,0,0,1,0,0,0,0,0,0,2,0,0,0,0,0,1,0,0,0,0,0,0,0,1,0,0,0,0,0,0,0,0,0,0,2,0,0,0,1,0,0,0,0,2,0,0,0,0,0,0,0,0,0,2,0,0,0,2,2,0,1,0,0,0,0,0,0,0,0,0,4,0,0,1,0,0,0,1,0,0,0,0,1,0,0,0,0,0,0,0,0,0,0,0,0,0,2,0,0,0,0,0,0,0,2,1,0,2,0,1,0,0,0,0,0,0,4,0,0,0,0,2,0,0,1,0,0,0,0,0,0,0,0,0,0,0,0,0,0,0,0,1,1,1,0,2,0,0,0,0,0,0,0,0,0,0,0,0,0,0,0,2,0,0,0,0,2,0,0,1,0,0,0,0,2,0,0,0,0,0,0,0,0,1,0,0,0,0,0,0,0,0,4,0,0,0,2,0,0,0,0,0
0,0,0,0,0,0,0,0,0,0,0,0,0,0,0,0,0,0,0,0,0,0,0,0,0,0,0,0,0,0,0,0,0,0,0,0,0,0,0,0,0,0,0,0,0,0,0,0,0,0,0,0,0,0,0,0,0,0,0,0,0,0,0,0,0,0,0,0,0,0,0,0,0,0,0,0,0,0,0,0,0,0,0,0,0,0,0,0,0,0,0,0,0,0,0,0,0,0,0,0,0,0,0,0,0,0,0,0,0,0,0,0,0,0,0,0,0,0,0,0,0,0,0,0,0,0,0,0,0,0,0,0,0,0,0,0,0,0,0,0,0,0,0,0,0,0,0,0,0,0,0,0,0,0,0,0,0,0,0,0,0,0,0,0,0,0,0,0,0,0,0,0,0,0,0,0,0,0,0,0,0,0,0,0,0,0,0,0,0,0,0,0,0,0,0,0,0,0,0,0,0,0,0,0,0,0,0,0,0,0,0,0,0,0,0,0,0,0,0,0,0,0,0,0,0,0,0,0,0,0,0,0,0,0,0,0,0,0,0,0,0,0,0,0,0,0,0,0,0,0,0,0,0,0,0,0,0,0,0,0,0,0,0,0,0,0,0,0,0,0,0,0,0,0,0,0,0,0,0,0,0,0,0,0,0,0,0,0,0,0
0,9,0,0,0,0,8,14,4,0,0,0,0,0,0,0,0,0,0,0,0,0,0,0,3,0,6,6,0,0,4,0,0,0,0,0,0,0,6,0,0,0,0,0,0,0,0,0,0,0,0,6,0,0,0,0,0,0,0,0,8,0,0,0,0,0,0,9,0,0,0,0,4,0,0,8,0,8,0,0,2,0,6,1,4,0,10,0,0,1,8,0,0,0,3,0,0,0,0,0,0,0,0,0,0,0,0,0,0,7,8,0,0,0,0,11,0,0,7,0,0,8,0,6,3,0,0,0,0,5,0,0,0,4,0,0,0,0,0,0,0,0,0,6,0,0,0,0,0,0,0,0,0,0,0,0,0,0,0,5,7,0,0,3,0,0,0,0,0,0,0,0,0,7,0,0,0,0,0,8,0,0,0,8,0,0,0,0,0,6,0,0,0,0,0,0,13,0,8,0,0,0,0,0,6,0,0,0,0,0,0,0,0,3,0,1,0,0,0,0,0,0,0,0,2,0,0,0,0,17,0,0,6,0,0,0,0,7,0,0,0,0,0,0,0,0,0,5,0,0,0,0,0,0,0,0,0,0,0,0,0,0,0,0,0,0,4,11,0,0,0,6,0,0,9,0,0,0,0,0,0,0,0,0,0,0,0,0,0,0
0,0,3,0,0,0,2,0,0,3,0,0,0,0,9,0,0,0,0,0,0,0,0,3,0,3,0,3,2,0,0,0,5,0,3,0,0,3,2,11,0,2,0,0,0,0,4,0,4,1,0,0,0,5,0,3,2,3,3,0,5,0,0,0,3,6,0,0,0,7,0,0,3,5,0,0,0,0,0,5,0,0,4,0,0,0,0,0,0,0,0,3,2,0,0,0,0,0,0,0,0,1,3,0,0,0,0,2,0,0,0,0,0,0,0,0,0,0,2,0,2,0,3,0,0,0,0,0,0,0,0,0,0,0,0,0,0,0,3,2,0,0,0,0,0,0,0,0,0,0,0,0,0,0,0,0,0,0,0,0,0,4,4,0,0,0,0,0,0,0,0,0,0,0,0,0,0,0,0,0,0,4,0,0,0,0,4,0,0,0,0,0,6,0,0,0,3,1,0,0,0,0,0,2,14,4,0,0,0,0,0,0,0,0,5,0,0,0,0,0,0,0,0,0,0,0,4,0,0,0,0,0,0,4,0,0,0,0,0,0,0,0,0,0,0,0,0,0,0,3,0,0,0,0,0,0,0,0,0,0,2,0,0,0,0,0,0,0,0,0,0,1,0,0,0,0,0,0,0,0,6,3,0,0,0,0,0,0,0,0
0,0,0,0,0,0,0,0,1,0,0,0,0,0,0,0,0,0,0,0,0,0,0,0,0,0,0,0,0,0,0,1,0,0,0,0,0,1,0,0,0,0,0,0,1,0,0,0,0,0,0,0,0,1,0,0,0,1,0,0,0,0,0,0,0,0,0,0,0,0,0,0,0,0,0,0,0,0,0,0,0,0,0,1,0,0,0,1,0,0,0,0,0,0,0,0,0,0,0,0,0,0,0,0,0,0,0,0,0,0,0,0,0,0,0,0,0,1,0,0,0,0,0,0,0,0,0,0,0,0,0,0,0,0,0,0,0,0,0,0,0,0,0,0,0,0,0,0,1,0,0,0,0,0,0,0,0,0,0,0,0,0,1,0,0,0,0,0,0,0,0,0,0,0,0,0,0,0,0,0,0,0,0,0,0,0,0,0,0,0,0,0,0,0,0,0,0,0,0,0,0,0,0,0,0,0,0,0,0,0,0,0,0,0,0,0,0,0,0,0,0,0,0,0,0,0,0,0,0,0,0,0,0,0,0,1,0,0,0,0,0,0,0,0,0,0,0,0,0,0,0,0,0,0,0,0,0,0,0,0,0,0,0,0,0,0,0,0,0,0,0,0,0,0,0,0,0,0,0,0,0,0,0,0,0,0,0,0,0,0
1,0,0,0,1,0,0,8,0,0,0,0,0,0,0,0,0,2,0,0,2,0,0,0,0,3,0,4,0,0,0,0,0,3,0,0,0,0,4,0,0,0,4,0,0,2,0,0,0,0,0,0,0,6,0,0,2,0,0,0,4,9,0,3,0,2,0,0,0,0,0,0,0,0,0,0,0,0,0,0,2,0,0,0,0,0,0,0,0,0,5,0,0,0,0,0,0,0,0,0,0,0,2,0,5,0,0,0,0,0,0,0,0,0,0,0,0,4,0,0,0,0,7,0,0,1,0,0,0,0,0,0,4,0,0,3,0,3,0,0,0,0,0,0,1,0,0,1,0,2,0,0,0,0,4,0,0,0,0,0,0,0,0,0,0,1,0,0,0,0,0,2,1,0,0,0,0,0,0,3,0,0,0,0,0,0,0,0,0,0,0,0,0,0,0,0,0,0,0,0,2,0,0,0,0,0,0,0,0,2,0,0,0,0,0,3,0,2,0,0,2,1,0,4,0,1,0,1,0,2,0,0,0,0,0,0,0,0,4,0,0,0,0,0,0,0,0,0,4,0,0,0,0,0,0,0,0,0,0,0,0,3,0,0,0,0,0,0,0,1,0,0,0,0,0,0,0,0,0,0,0,3,4,0,0,0,0,0,0,0
0,0,0,0,0,0,0,0,0,0,0,0,0,0,0,0,0,0,0,0,0,0,0,0,0,0,0,0,0,0,0,0,0,0,0,0,0,0,0,0,0,0,0,0,0,0,0,0,0,0,0,0,0,0,0,0,0,0,0,0,0,0,0,0,0,0,0,0,0,0,0,0,0,0,0,0,0,0,0,0,0,0,0,1,0,0,0,0,0,0,0,0,0,0,0,0,0,0,0,0,0,0,0,0,0,0,0,0,0,0,0,0,0,0,0,0,0,0,0,0,0,0,0,0,0,0,0,0,0,0,0,0,0,0,0,0,0,0,0,0,0,0,0,0,0,0,0,0,0,0,0,0,0,0,0,0,0,0,0,0,0,0,0,0,0,0,0,0,0,0,0,0,0,0,0,0,0,0,0,0,0,0,0,0,0,0,0,0,0,0,0,0,0,0,0,0,0,0,0,0,0,0,0,0,0,0,0,0,0,0,0,0,0,0,0,0,0,0,0,0,0,0,0,0,0,0,0,0,0,0,0,0,0,0,0,0,0,0,0,0,0,0,0,0,0,0,0,0,0,0,0,0,0,0,0,0,0,0,0,0,0,0,0,0,0,0,0,0,0,0,0,0,0,0,0,0,0,0,0,0,0,0,0,0,0,0,0,0,0,0
0,0,5,0,0,0,0,14,0,0,0,0,0,0,0,0,0,0,0,0,0,0,15,0,0,0,0,0,0,0,0,0,0,0,18,0,12,28,0,0,0,0,0,34,0,0,0,0,13,0,0,0,12,17,0,15,0,0,0,0,16,42,0,0,0,0,0,12,12,10,0,0,0,0,0,0,0,0,0,27,0,2,0,0,0,0,11,0,0,0,0,0,0,0,11,0,0,0,0,0,0,0,12,0,0,0,0,0,0,0,0,2,0,0,0,0,23,12,0,0,0,24,0,0,0,25,0,0,0,9,0,11,0,0,0,16,12,0,0,0,42,0,0,0,0,22,14,0,0,0,0,0,0,0,0,0,15,0,0,0,0,17,0,0,0,0,0,0,0,0,0,0,7,21,0,0,24,0,17,0,6,17,0,6,0,0,0,0,0,0,0,11,13,0,17,32,15,0,31,0,0,0,0,4,0,33,0,0,36,0,11,0,0,0,0,0,0,0,7,0,6,0,0,0,0,7,0,34,32,0,0,0,0,33,0,0,0,16,0,9,6,0,0,0,14,0,14,0,8,0,0,3,4,0,49,0,0,0,0,0,0,0,0,0,0,0,0,0,0,0,0,0,0,0,7,0,0,0,0,0,0,0,0,0,5,9,0,0,0,0
0,0,0,0,0,0,0,0,0,0,0,0,0,0,0,0,0,0,0,0,0,0,0,0,0,0,0,0,0,0,0,0,0,0,0,0,0,0,0,0,0,0,0,0,0,0,0,0,0,0,0,0,0,0,0,0,0,0,0,0,0,0,0,0,0,0,0,0,0,0,0,0,0,0,0,0,0,0,0,0,0,0,0,0,0,1,0,0,0,0,0,0,1,0,0,0,0,0,0,0,0,0,0,0,0,0,0,0,0,0,0,0,0,0,0,0,0,0,0,0,0,0,0,0,0,0,0,0,0,0,0,0,0,0,0,0,0,0,1,0,0,0,0,0,0,0,0,0,0,0,0,0,0,0,0,0,0,0,0,0,0,0,0,0,0,0,0,0,0,0,0,0,0,0,0,0,0,0,0,0,0,0,0,0,0,0,0,0,0,0,1,0,0,0,0,0,0,0,0,0,0,0,0,0,0,0,0,0,0,0,0,0,0,0,0,0,0,0,0,0,0,0,0,0,0,0,0,0,0,0,0,0,0,0,0,0,1,0,0,0,0,0,0,0,0,0,0,0,0,0,0,0,0,0,0,0,0,0,0,0,0,0,0,0,0,0,0,0,0,0,0,0,0,0,0,0,0,0,0,0,0,0,0,0,0,0,0,0,0,0
0,0,1,19,11,9,13,0,7,0,9,0,33,0,2,0,3,25,0,2,9,0,13,6,27,2,0,6,0,18,11,13,5,0,3,5,0,34,20,8,16,10,14,16,16,4,25,8,0,10,6,0,0,0,1,7,23,6,0,11,3,0,4,4,11,6,5,6,9,0,5,12,13,4,0,18,2,6,0,0,0,0,0,14,14,3,0,26,4,0,5,0,0,20,0,0,3,9,0,0,0,0,0,0,7,7,4,13,5,4,7,0,5,0,1,0,0,0,7,0,0,4,0,3,0,5,3,3,1,4,6,2,11,6,0,0,4,3,5,0,5,5,5,9,5,4,14,0,3,2,2,1,6,0,15,9,6,0,5,0,0,4,3,0,14,6,5,4,3,9,1,3,0,7,0,0,10,4,6,6,23,0,0,1,0,7,17,11,15,4,12,0,8,8,7,9,14,11,18,11,0,5,0,14,5,4,13,24,4,8,2,8,6,7,16,3,7,2,0,2,7,0,2,0,14,0,26,8,0,0,25,8,5,0,4,21,0,5,0,16,10,0,5,0,0,9,5,1,29,7,0,0,0,5,9,0,2,8,13,0,5,0,14,9,8,16,4,8,4,3,0,0,0,6,17,8,0,19,4,16,6,18,7,5,12,12,2,0,9,0
0,0,10,0,0,0,0,0,0,0,0,5,0,0,0,5,7,0,0,0,0,0,0,0,0,0,7,0,0,0,10,0,20,0,22,0,0,8,5,5,0,0,9,0,0,16,0,0,0,0,0,0,11,0,0,4,11,0,8,0,0,12,9,0,8,0,0,0,0,0,0,0,0,0,10,7,0,16,0,0,0,2,0,20,7,0,0,0,3,0,0,0,0,8,0,0,12,0,0,0,0,0,0,8,0,0,0,15,0,0,0,0,12,0,2,0,0,0,0,0,14,0,0,0,12,0,0,10,0,0,0,13,0,0,0,6,0,0,0,0,0,0,0,0,0,0,0,5,0,17,0,0,0,0,9,0,0,0,0,0,0,0,0,0,13,0,0,5,0,0,14,6,7,0,0,0,0,0,0,0,0,0,0,0,0,10,0,0,0,2,0,0,17,0,0,12,7,0,0,0,0,0,0,16,0,0,0,0,0,0,0,0,0,0,0,0,0,0,0,0,4,0,0,0,0,0,0,4,0,0,0,0,0,19,0,9,8,8,0,0,0,0,0,7,0,0,0,0,0,0,0,0,9,0,0,0,0,0,0,6,0,0,6,0,0,7,0,0,15,0,0,0,0,0,0,0,0,8,1,0,0,0,0,0,6,8,0,11,0,0
0,0,0,1,0,0,0,0,0,0,0,0,0,0,0,0,0,0,0,0,0,0,0,1,0,0,0,0,0,0,0,0,0,0,0,0,0,0,0,1,0,0,0,0,0,0,0,0,0,0,0,0,0,0,0,0,0,0,0,0,0,1,0,0,0,0,1,1,0,0,0,0,0,0,0,0,0,0,1,0,0,0,0,0,0,0,0,0,0,0,0,0,0,0,0,0,0,0,0,0,1,0,0,0,0,0,0,0,0,0,0,0,0,0,0,0,0,0,0,0,0,0,0,0,0,0,0,0,0,0,0,0,0,1,0,0,0,0,0,0,0,0,0,0,0,0,0,0,1,0,0,0,0,0,0,0,0,0,0,0,0,0,0,0,0,0,0,0,0,0,0,0,0,0,0,0,0,0,0,0,0,0,0,0,0,0,0,0,0,0,0,0,0,0,0,0,0,0,0,0,0,0,0,0,0,0,0,0,0,1,0,0,0,0,0,0,0,0,0,0,1,0,0,0,0,0,1,0,0,0,0,0,0,0,0,0,0,0,0,1,0,0,0,0,0,0,0,0,0,1,0,0,0,0,0,0,0,0,0,0,0,0,0,0,0,0,0,0,0,0,0,0,0,0,0,0,0,0,0,0,0,0,0,0,0,0,0,0,0,0
0,0,0,0,0,2,0,0,2,0,0,0,0,0,0,0,0,2,0,0,0,0,2,0,0,0,0,0,0,0,0,0,0,0,0,1,1,1,0,0,0,0,0,0,0,0,0,0,1,0,0,0,0,0,0,0,0,0,0,0,1,0,0,0,0,1,1,0,0,0,0,0,0,1,0,0,1,0,1,0,0,0,1,0,0,2,0,0,0,1,0,1,0,0,0,0,0,2,1,0,0,0,0,0,0,0,0,0,0,0,0,0,0,0,0,0,0,0,0,0,1,0,0,1,0,0,0,0,0,0,0,0,0,0,0,0,0,0,0,0,0,0,0,0,0,0,0,0,0,0,0,0,2,0,1,0,0,0,0,0,0,1,0,0,0,0,0,0,0,0,0,0,0,1,0,0,0,0,0,0,0,0,0,0,1,0,0,0,0,1,0,0,0,0,0,0,0,0,0,0,2,1,1,0,0,0,0,0,1,0,0,0,0,0,0,0,1,0,0,3,0,2,0,0,1,0,0,0,0,0,0,0,0,0,0,0,0,0,0,0,0,0,0,0,0,0,0,0,0,0,0,0,0,0,0,3,0,0,0,1,0,0,0,0,0,0,0,0,0,0,0,0,0,0,0,1,1,0,0,1,3,0,1,0,0,1,0,1,0,1
0,0,0,0,0,0,0,0,0,1,0,0,0,0,0,0,0,0,0,0,0,0,2,0,0,0,0,0,0,0,1,0,0,0,0,0,0,0,0,0,0,0,0,1,0,0,0,0,1,2,0,0,0,0,0,0,0,0,0,0,0,1,0,2,0,0,0,0,0,0,1,1,3,0,0,0,0,0,0,0,0,0,0,0,0,0,1,0,0,0,0,0,0,0,0,0,0,0,0,0,0,0,1,0,0,0,0,0,0,0,2,0,0,0,0,0,0,0,0,0,0,0,0,0,0,0,0,0,0,0,0,1,0,1,1,0,0,0,1,0,2,0,0,0,0,0,0,0,0,0,0,2,0,2,6,1,0,0,0,0,0,0,0,1,0,0,0,0,1,0,0,0,0,0,1,0,1,0,0,0,0,2,0,0,2,0,0,0,0,1,0,0,0,0,0,0,0,0,0,0,1,0,0,1,0,0,0,0,0,0,0,0,0,1,0,1,0,0,0,1,0,0,0,0,1,0,0,0,0,0,0,1,1,0,0,0,0,0,0,1,0,0,0,0,1,0,0,0,0,0,0,0,0,0,0,0,0,0,0,0,2,0,0,2,4,1,0,0,0,0,0,0,0,0,0,0,0,1,0,0,2,0,1,0,0,0,0,0,1,0
0,0,0,0,0,0,0,0,0,0,0,0,0,0,0,0,0,0,0,0,0,0,0,0,0,0,0,0,0,0,0,0,0,0,0,0,0,0,0,0,0,0,0,0,0,0,0,0,0,0,0,0,0,0,0,0,0,0,0,0,0,0,0,0,0,0,0,0,0,0,0,0,0,0,0,0,0,0,0,0,0,0,0,0,0,0,0,0,0,0,0,0,0,0,0,0,0,0,0,0,0,0,0,0,0,0,0,0,0,0,0,0,0,0,0,0,0,0,0,0,0,0,0,0,0,0,0,0,0,0,0,0,0,0,0,0,0,0,0,0,0,0,0,0,0,0,0,0,0,0,0,0,0,0,0,0,0,0,0,0,0,0,0,0,0,0,0,0,0,0,0,0,0,0,0,0,0,0,0,0,0,0,0,0,0,0,0,0,0,0,0,0,0,0,0,0,0,0,0,0,0,0,0,0,0,0,0,0,0,0,0,0,0,0,0,0,0,0,0,0,0,0,0,0,0,0,0,0,0,0,0,0,0,0,0,0,0,0,0,0,0,0,0,0,0,0,0,0,0,0,0,0,0,0,0,0,0,0,0,0,0,0,0,0,0,0,0,0,0,0,0,0,0,0,0,0,0,0,0,0,0,0,0,0,0,0,0,0,0,0
0,0,0,0,0,0,0,0,1,0,0,0,0,0,0,0,0,0,0,0,0,0,0,0,0,0,0,0,0,0,0,0,0,0,0,2,0,0,0,0,0,0,0,0,0,0,0,0,0,0,0,0,0,0,0,1,0,0,1,0,0,0,0,0,0,0,0,0,0,0,0,0,0,0,0,0,0,0,0,1,0,0,0,0,0,0,0,0,0,0,0,0,0,0,0,0,0,0,0,0,0,0,0,0,0,0,0,0,0,0,0,0,0,0,0,0,0,0,0,0,0,0,0,0,0,0,0,0,0,1,0,0,0,0,0,0,0,0,0,0,0,0,0,0,0,0,0,0,0,0,0,0,0,0,0,0,0,0,0,0,0,1,0,0,0,0,0,0,0,0,0,0,0,0,0,0,0,0,0,0,0,0,0,0,0,0,0,0,0,0,0,0,0,0,0,0,0,0,0,0,0,0,0,0,0,0,0,0,0,0,0,0,0,0,0,0,0,0,0,0,0,0,0,0,0,0,0,0,0,1,0,0,0,0,0,0,0,1,0,0,0,0,0,0,0,0,0,0,0,0,0,0,0,0,1,0,0,0,0,0,0,0,0,0,0,0,0,0,0,0,0,0,0,1,0,0,0,0,0,1,0,0,0,0,0,0,0,0,0,0
0,0,0,1,0,0,0,0,0,0,0,0,0,0,1,0,0,0,0,0,0,0,0,0,0,0,0,0,0,0,0,0,0,0,0,1,0,0,0,0,0,0,0,0,0,0,0,0,1,1,0,0,0,0,0,0,0,0,0,2,0,0,0,0,0,0,0,1,1,0,0,0,0,0,0,0,0,0,0,0,0,0,0,0,0,1,2,0,0,0,0,0,1,2,0,0,0,0,1,0,0,1,1,1,0,0,0,0,0,0,0,0,0,0,0,0,0,0,1,1,0,0,0,0,1,0,0,0,0,0,0,0,0,0,0,0,0,0,0,0,1,1,0,0,0,0,0,0,0,0,0,0,0,0,0,0,0,0,0,0,0,0,0,0,0,0,0,0,1,0,0,0,0,0,0,0,0,0,0,0,0,0,0,0,0,0,0,0,0,0,0,0,0,0,0,1,0,0,0,0,0,0,0,0,0,0,0,0,0,0,0,1,0,0,0,0,0,0,0,0,0,1,1,0,0,0,0,0,0,0,1,0,0,0,0,0,0,1,0,0,0,0,0,0,0,0,0,0,0,0,0,0,0,0,0,0,0,1,1,0,0,0,0,0,0,0,0,1,0,1,0,0,0,0,0,0,0,0,0,0,0,0,0,0,0,0,0,0,0,1
0,1,0,0,0,1,0,0,0,0,2,0,0,0,0,0,6,1,0,2,0,0,0,0,0,0,0,0,2,0,0,0,0,0,0,0,0,2,0,0,0,0,0,0,0,0,2,0,1,0,0,0,0,0,0,0,2,0,0,0,0,0,0,0,4,4,1,0,1,0,0,0,0,0,0,0,0,5,0,0,0,0,0,0,0,1,0,0,2,2,0,0,1,2,0,0,0,0,1,0,0,2,2,0,1,0,0,0,0,0,0,0,0,0,0,0,0,0,0,0,0,2,0,0,0,0,0,0,0,0,0,1,0,0,0,0,0,0,0,0,0,0,0,0,0,0,0,0,0,0,0,0,0,0,0,2,0,0,0,0,0,0,0,0,0,0,0,0,0,0,0,2,0,0,0,0,0,0,0,0,0,2,0,0,0,0,0,0,0,0,0,1,0,0,0,0,0,0,0,0,2,0,0,1,0,0,0,0,0,0,0,0,0,0,0,2,0,2,0,0,0,0,0,0,0,0,0,2,0,0,0,0,0,0,0,0,0,0,0,0,0,0,0,0,0,3,0,0,0,0,0,0,2,0,0,3,0,0,2,2,0,4,0,0,0,0,0,0,0,0,0,2,0,0,0,0,1,0,0,0,0,0,0,2,0,0,0,0,0,0
0,1,0,1,0,0,0,0,0,0,0,0,0,0,0,1,0,0,0,0,0,2,0,0,0,1,0,0,0,0,2,0,0,0,0,0,1,0,0,0,1,0,1,0,0,0,0,0,0,0,0,0,0,0,0,1,0,1,0,0,0,0,0,0,0,0,1,0,0,0,0,0,0,0,1,0,0,1,0,0,0,0,0,0,0,0,0,1,0,0,0,0,0,0,0,0,0,0,0,0,1,0,0,0,0,0,0,3,0,1,0,0,0,0,1,1,0,0,0,0,0,1,0,0,0,1,0,1,0,0,1,0,0,0,0,0,0,0,0,0,0,0,0,0,0,0,0,0,0,1,0,0,0,1,0,1,2,0,0,0,1,0,0,0,0,0,0,0,0,0,0,0,0,0,0,0,0,0,0,0,0,0,0,0,0,1,0,0,0,0,0,0,0,0,2,0,0,0,0,0,0,0,0,0,1,0,0,1,0,0,0,1,0,0,0,1,0,0,1,0,0,0,0,0,0,1,0,0,0,0,0,0,0,0,0,0,1,0,0,0,1,0,0,0,0,0,0,0,0,1,0,0,0,1,0,0,0,0,0,0,0,0,0,0,1,0,0,0,0,0,0,2,0,0,0,0,0,1,0,0,1,0,1,0,1,0,1,0,0,0
0,0,0,1,1,0,0,0,1,0,2,0,2,0,0,0,1,0,0,1,0,0,0,0,0,0,0,1,0,0,1,1,1,0,1,0,0,0,1,0,1,0,1,0,2,1,0,0,0,1,0,0,0,0,1,1,0,0,0,0,0,0,1,1,0,0,0,0,0,0,0,0,0,0,0,1,0,3,0,0,0,0,0,0,0,0,1,0,0,1,0,0,0,0,0,0,0,0,0,0,1,0,0,0,1,0,0,0,0,0,0,0,0,0,0,0,1,0,0,0,1,0,0,0,0,0,1,0,0,0,0,0,0,0,0,0,0,0,1,0,2,0,0,0,0,0,0,0,0,0,0,2,0,0,0,0,0,0,0,0,0,0,0,0,1,0,0,0,0,0,0,0,1,0,0,0,0,0,0,0,0,0,0,1,0,0,0,0,0,0,0,1,0,0,0,0,0,0,0,0,0,0,0,0,0,0,0,1,0,0,0,0,0,0,0,0,0,0,0,0,0,0,0,0,0,0,0,0,0,0,0,0,0,0,1,0,0,0,0,0,0,0,0,0,2,1,0,0,1,0,0,0,0,0,0,0,0,0,1,0,0,1,0,0,0,0,0,0,0,0,0,3,0,0,0,0,0,0,0,0,0,0,0,0,0,0,0,0,0,0
0,0,0,0,0,0,0,0,0,0,0,0,0,0,0,0,0,0,0,0,0,0,0,0,0,0,0,0,0,0,0,0,0,0,0,0,0,0,0,0,0,0,0,0,0,0,0,0,0,0,0,0,0,0,0,0,0,0,0,0,0,0,0,0,0,0,0,0,0,0,0,0,0,0,0,0,0,0,0,0,0,0,0,0,0,0,0,0,0,0,0,0,0,0,0,0,0,0,0,0,0,0,0,0,0,0,0,0,0,0,0,0,0,0,0,0,0,0,0,0,0,0,0,0,0,0,0,0,0,0,0,0,0,0,0,0,0,0,0,0,0,0,0,0,0,0,0,0,0,0,0,0,0,0,0,0,0,0,0,0,0,0,0,0,0,0,0,0,0,0,0,0,0,0,0,0,0,0,0,0,0,0,0,0,0,0,0,0,0,0,0,0,0,0,0,0,0,0,0,0,0,0,0,0,0,0,0,0,0,0,0,0,0,0,0,0,0,0,0,0,0,0,0,0,0,0,0,0,0,0,0,0,0,0,0,0,0,0,0,0,0,0,0,0,0,0,0,0,0,0,0,0,0,0,0,0,0,0,0,0,0,0,0,0,0,0,0,0,0,0,0,0,0,0,0,0,0,0,0,0,0,0,0,0,0,0,0,0,0,0
0,0,1,3,1,0,1,0,0,0,1,1,2,0,0,0,1,1,0,1,0,1,1,0,0,1,0,0,1,1,2,1,2,0,1,0,0,0,0,1,0,1,0,0,0,1,0,0,0,0,0,0,0,0,2,0,1,0,0,0,0,0,0,2,3,0,1,0,0,0,0,0,2,0,0,1,0,1,0,0,0,0,0,0,0,0,0,1,0,1,0,0,0,1,2,0,2,1,0,0,0,0,0,1,0,0,1,0,0,0,0,0,0,0,0,0,0,0,0,0,0,1,2,0,0,0,0,0,0,0,1,1,0,0,0,0,0,0,0,0,0,0,0,0,2,0,2,0,0,0,1,0,0,0,0,0,0,0,0,1,0,0,0,0,0,0,0,0,0,0,1,0,0,1,0,0,0,0,0,0,0,1,0,0,0,0,0,0,0,0,0,0,0,0,0,0,0,0,0,0,1,0,0,0,0,0,1,1,0,0,0,0,0,0,0,0,0,0,0,0,0,0,0,0,0,0,0,0,0,2,0,0,0,0,1,1,0,0,0,0,0,1,0,0,0,0,0,0,0,0,0,0,0,0,1,0,0,0,0,0,0,0,0,1,1,0,0,0,1,0,0,0,0,0,0,0,0,0,0,0,1,0,0,0,0,1,0,0,0,0
0,1,0,0,0,0,0,0,0,3,0,0,0,0,1,0,0,0,2,0,0,0,3,0,0,0,0,0,0,0,0,0,0,0,0,0,0,1,0,0,0,0,0,0,1,0,0,0,0,0,0,0,0,0,0,0,0,0,1,3,0,0,0,0,0,1,5,0,0,0,0,0,0,0,0,0,0,0,0,0,0,0,0,0,0,0,0,0,0,0,0,0,0,0,0,0,1,0,0,0,0,0,0,0,0,0,0,0,0,0,0,0,0,1,0,0,0,0,0,0,0,0,0,0,0,0,0,2,0,0,0,0,0,0,1,0,0,0,0,0,0,0,0,0,0,1,0,0,0,0,0,0,0,0,1,0,0,0,0,1,0,0,0,0,3,0,0,0,0,0,1,3,0,2,1,0,0,0,0,0,0,0,0,0,0,0,0,0,0,0,0,0,0,0,0,0,0,0,0,0,0,0,0,0,0,0,0,0,0,0,0,0,0,0,0,0,2,1,0,0,1,0,0,1,0,0,0,0,1,0,0,0,2,3,0,0,0,0,0,0,0,0,0,0,0,0,0,0,0,0,0,0,0,0,2,0,0,0,0,0,0,0,0,0,0,0,0,1,0,0,0,0,0,0,1,0,0,1,0,0,1,0,0,0,0,0,0,0,1,0
4,7,7,5,6,3,7,4,13,6,27,5,2,10,11,8,0,0,0,0,10,24,6,0,3,0,15,6,8,2,0,0,11,5,0,0,6,4,10,8,13,0,6,4,10,0,0,0,0,6,3,8,1,4,4,30,7,3,0,3,0,8,2,6,11,6,0,0,5,0,8,4,4,0,0,29,4,7,0,11,0,0,0,8,4,9,27,11,4,0,0,0,0,10,0,0,5,5,0,0,6,0,0,0,11,8,9,21,0,0,0,3,16,0,22,4,0,0,5,7,4,3,0,9,0,8,0,0,4,0,12,5,0,0,0,0,0,2,2,0,10,0,0,0,0,0,7,0,2,7,0,0,0,0,0,3,0,12,0,0,0,0,10,0,2,0,0,6,0,5,0,0,0,0,0,0,0,0,0,6,0,0,0,0,0,11,0,0,0,0,0,0,0,0,0,0,0,3,0,11,0,13,0,5,0,5,6,0,0,6,6,0,19,0,2,10,0,10,6,9,7,0,16,12,16,0,0,0,5,3,6,0,7,11,4,0,10,4,5,5,16,5,10,6,1,3,2,0,4,0,13,1,4,3,4,0,0,40,14,0,0,0,0,12,4,3,7,0,4,6,4,0,2,7,16,0,24,3,19,0,0,0,0,4,0,0,0,7,0,0
1,0,0,0,0,0,0,0,0,0,0,1,0,0,0,0,0,0,0,0,0,0,0,0,0,0,0,0,0,1,0,0,0,0,1,0,1,0,0,0,0,0,0,0,0,0,0,0,2,0,0,0,0,0,1,0,0,0,0,0,0,1,0,0,0,0,2,0,0,0,0,0,0,0,0,0,0,2,1,0,0,0,0,0,0,0,0,0,0,0,0,0,0,0,0,0,0,0,0,0,1,0,0,0,1,0,2,0,1,0,0,0,0,0,0,0,0,0,0,0,0,0,0,0,0,1,0,1,0,0,0,0,0,0,2,3,0,0,0,1,0,2,0,0,0,0,1,0,1,0,0,3,1,0,0,0,0,1,0,0,0,0,1,0,0,0,0,0,0,0,1,0,2,0,0,0,0,2,0,0,0,0,0,0,0,0,0,0,0,0,0,2,0,1,0,0,0,0,0,1,0,0,0,0,0,0,1,0,0,2,0,0,1,0,1,0,0,0,0,0,0,0,0,0,0,0,0,1,1,0,0,0,0,0,0,0,0,0,0,0,0,0,0,0,0,0,0,0,0,0,0,0,0,1,0,0,0,0,0,1,0,0,0,0,1,0,0,1,0,0,0,0,0,0,0,1,0,0,0,0,0,0,0,1,0,0,0,0,0,0
0,0,0,0,0,0,0,0,0,0,0,0,0,0,0,0,0,0,0,0,0,0,0,0,0,1,0,0,0,0,0,0,0,0,0,0,0,0,0,1,0,0,0,0,0,0,0,0,0,0,0,0,0,0,0,0,0,0,0,0,0,0,0,0,0,0,0,0,1,0,0,0,0,0,0,0,0,0,0,0,0,0,0,0,0,0,0,0,0,2,0,0,0,0,0,1,1,0,0,0,0,0,0,0,0,0,0,0,1,0,0,0,0,0,0,0,0,2,0,0,0,0,0,0,0,0,1,1,0,0,0,0,0,0,0,0,0,0,0,0,0,0,0,0,0,0,0,0,0,0,0,0,0,0,0,0,0,0,0,0,0,0,0,0,0,0,1,0,0,0,0,0,0,0,0,0,0,0,0,0,0,0,0,0,1,0,0,0,0,0,0,0,0,0,1,0,0,0,0,0,0,0,0,0,0,0,0,0,0,0,0,0,0,0,0,0,0,0,0,0,0,0,0,0,0,0,0,0,0,0,0,0,0,0,0,0,0,0,0,0,0,0,0,0,0,0,0,0,0,0,0,0,0,0,0,0,0,0,0,0,0,0,0,0,0,0,0,0,0,0,0,0,0,0,0,0,0,0,0,1,0,0,0,0,0,0,0,0,0,0
1,1,0,0,0,1,0,0,1,0,0,1,0,0,1,0,0,0,0,0,0,1,0,3,0,0,1,1,0,0,0,0,0,0,0,0,1,0,0,1,0,0,0,0,0,0,0,0,0,0,0,1,0,3,0,0,0,0,0,0,0,0,0,1,0,0,0,0,0,0,0,0,0,0,0,0,0,0,0,0,0,1,0,1,1,0,0,0,0,0,0,0,0,1,0,0,0,1,0,0,0,1,0,0,0,0,1,0,0,0,0,0,0,0,0,0,0,0,0,0,0,1,0,0,0,0,0,0,0,0,0,0,0,0,0,1,0,0,0,0,0,0,0,0,0,0,0,0,0,0,0,0,1,1,0,0,0,0,0,0,0,2,0,0,0,0,0,0,0,1,0,0,1,0,0,0,0,0,0,1,0,0,0,0,0,0,0,0,1,0,0,0,0,0,0,0,0,0,0,0,0,0,1,2,0,0,0,0,0,0,0,0,0,0,0,0,0,0,0,0,0,0,0,0,0,0,1,2,0,0,0,1,2,0,0,0,0,0,0,0,1,0,0,0,0,0,0,1,0,1,0,1,0,0,0,0,0,0,0,0,3,0,0,0,0,0,0,0,0,0,0,0,0,0,0,0,0,0,0,1,0,2,0,0,0,0,0,0,1,0
38,19,7,6,7,11,41,6,4,12,17,8,40,31,9,9,21,23,0,3,30,20,14,33,7,40,27,12,8,18,1,9,15,12,0,4,5,24,0,5,4,0,5,63,2,0,10,0,14,6,44,13,13,42,6,18,0,1,19,10,6,11,19,15,0,3,24,24,0,29,6,15,0,23,23,16,13,0,6,8,30,7,41,7,3,11,11,21,2,8,6,43,10,9,20,7,6,0,16,22,12,24,23,9,5,19,25,6,28,10,16,8,4,11,1,15,13,0,8,3,14,0,7,0,13,6,8,30,75,20,5,13,9,16,15,0,28,4,30,10,7,8,6,22,11,10,12,0,22,18,30,9,0,0,25,23,8,9,12,2,7,0,0,0,19,27,4,10,10,3,0,14,0,4,19,11,3,0,0,0,0,2,0,8,33,5,9,4,0,7,9,0,7,6,14,19,4,0,10,7,0,13,16,0,2,1,0,0,4,15,19,0,21,3,3,0,0,18,4,0,0,0,0,8,0,6,10,0,3,1,0,0,0,9,29,0,6,9,0,10,10,9,5,9,0,22,0,0,13,0,0,0,9,0,0,0,4,7,0,0,0,4,0,6,11,12,0,6,0,0,0,0,0,2,2,0,5,6,5,5,11,5,22,0,10,0,5,0,0,0
1,0,0,0,0,0,1,0,0,0,0,0,2,0,0,2,2,1,0,0,0,0,0,0,0,0,0,0,0,0,1,0,0,0,2,0,0,0,0,0,0,0,0,2,0,0,0,2,0,0,0,0,0,0,0,0,0,0,0,0,0,0,1,0,0,0,0,0,0,0,0,0,0,2,0,0,0,0,0,0,0,2,0,0,0,3,0,2,1,0,0,1,3,0,0,0,0,0,0,0,0,0,0,0,0,4,0,0,0,0,0,0,0,0,0,0,0,0,0,0,0,0,0,0,1,0,0,3,0,0,5,1,1,0,0,0,0,0,0,2,0,0,0,0,0,0,3,0,0,0,3,0,0,0,0,0,0,0,0,0,0,0,0,0,0,1,0,0,0,0,0,0,0,0,0,0,0,4,0,0,0,0,2,0,0,0,4,0,0,0,0,3,0,0,0,0,0,0,0,0,0,0,0,0,0,0,2,0,0,0,1,0,0,0,0,0,0,0,0,0,0,0,0,0,0,0,2,0,0,0,0,0,0,0,0,0,0,2,0,0,0,0,0,0,0,0,0,0,0,0,0,0,0,0,2,0,0,1,0,0,0,0,0,0,2,0,1,2,0,0,2,0,4,0,0,0,0,0,1,1,2,0,2,0,0,0,0,0,0,0
0,0,0,0,0,2,0,0,0,0,0,1,0,0,0,0,0,0,0,0,0,0,0,0,0,0,1,1,0,0,0,0,0,0,0,0,0,0,0,0,0,1,0,0,0,3,0,0,0,0,0,0,0,0,0,1,0,0,0,0,0,0,0,1,0,0,0,0,0,0,1,0,0,0,0,0,0,0,0,0,0,0,0,0,0,0,0,1,0,0,0,0,0,0,0,0,0,0,0,0,0,0,0,0,0,1,0,1,0,1,0,0,0,0,0,0,0,0,0,0,0,0,0,0,0,0,0,0,0,0,0,0,0,0,0,0,0,1,0,0,1,0,0,0,0,0,0,0,0,0,0,0,0,0,0,0,0,0,1,0,0,0,0,0,0,0,0,0,0,0,0,0,0,0,0,0,0,0,0,0,0,0,0,1,0,0,0,0,0,0,0,0,0,0,0,1,1,0,0,0,0,0,0,0,0,0,0,0,0,0,0,0,0,0,0,0,0,0,0,0,1,0,0,0,0,0,0,0,1,0,0,0,0,0,0,0,0,0,0,0,0,0,0,0,0,0,0,0,0,1,0,0,0,0,0,0,0,0,0,0,0,0,0,0,0,0,0,0,0,0,0,0,0,0,0,0,0,1,1,0,0,0,0,1,0,0,0,0,0,1
0,0,0,0,0,0,0,0,0,0,0,0,0,0,0,0,0,0,0,0,0,0,0,0,0,0,0,0,0,0,0,0,0,0,0,0,0,0,0,0,0,0,0,0,0,0,0,0,0,0,0,0,0,0,0,0,0,0,0,0,0,0,0,0,0,0,1,1,0,0,0,0,1,0,0,0,0,0,0,0,0,0,0,0,0,0,0,0,0,0,0,0,0,0,0,0,0,0,0,0,0,0,0,0,0,0,0,0,0,0,0,1,0,0,1,0,0,0,0,0,0,0,0,0,0,0,0,0,0,0,0,0,0,0,0,0,0,0,0,0,0,0,0,0,0,0,0,0,0,0,0,0,0,0,0,0,0,0,0,0,0,0,0,0,0,0,0,0,1,0,0,0,0,0,0,0,0,0,0,0,0,0,0,0,0,0,0,0,0,0,0,0,0,0,0,0,0,0,0,0,0,0,0,0,0,0,0,0,0,0,0,0,0,0,0,0,0,0,0,0,0,0,0,0,0,0,0,0,0,0,0,0,0,0,1,0,0,0,0,0,0,0,1,0,0,0,0,0,0,0,0,0,0,0,0,0,0,0,0,0,0,0,0,0,0,0,0,0,0,0,0,0,0,0,0,0,0,0,0,0,0,0,0,0,0,0,0,0,0,0
0,0,0,0,0,0,2,0,0,3,0,5,1,2,0,0,2,0,2,0,0,3,0,0,0,0,0,0,0,0,0,0,2,0,0,0,2,0,0,0,0,0,3,0,0,2,0,0,0,1,0,1,0,0,0,0,0,0,0,0,0,0,0,0,0,0,0,0,0,0,0,0,0,0,2,0,0,0,0,0,0,0,0,2,2,0,0,0,0,0,0,0,0,0,0,0,0,0,0,0,0,0,0,2,0,0,0,0,0,0,0,0,0,3,0,0,0,0,3,0,0,0,0,0,0,0,0,0,0,1,0,0,0,3,0,3,1,0,0,0,0,0,0,0,0,0,0,0,0,0,0,0,0,0,0,0,0,0,0,0,2,0,2,0,2,0,0,0,0,0,0,0,2,0,0,0,0,0,0,0,0,0,0,0,0,0,3,4,0,0,2,0,0,0,0,0,0,0,0,0,0,0,0,0,0,0,0,0,0,0,0,0,1,0,0,0,3,0,0,0,0,0,0,0,0,0,0,2,0,0,2,0,0,1,0,0,0,0,0,0,0,0,0,0,0,0,0,0,0,0,0,2,0,0,0,0,0,0,0,0,0,0,0,0,2,0,0,0,0,0,0,0,1,0,0,0,0,1,0,0,0,1,2,2,0,0,1,0,1,0
1,0,0,2,4,0,0,0,0,1,3,0,2,7,1,1,2,0,0,6,6,2,0,9,0,1,3,2,0,0,5,1,1,0,1,0,0,5,0,2,2,1,2,3,0,0,4,5,1,0,0,2,5,2,0,1,4,0,0,2,1,1,1,0,2,0,0,0,3,0,0,2,4,0,0,1,1,2,1,0,2,0,0,3,2,0,2,1,0,0,0,1,0,1,0,1,1,0,0,0,0,0,0,0,0,2,4,2,0,2,0,0,0,2,0,0,0,0,0,0,0,0,0,4,0,0,0,0,0,1,0,0,0,1,0,0,1,0,0,0,1,0,0,0,0,0,0,0,0,0,0,0,5,0,1,0,0,1,0,2,0,0,0,0,1,0,3,3,0,0,0,0,1,0,4,0,0,0,0,1,1,0,0,0,0,2,0,0,0,0,2,0,0,0,0,0,2,2,2,0,0,0,0,0,0,0,0,0,1,1,2,0,0,0,0,0,0,4,0,0,4,0,3,0,0,2,0,0,0,0,0,0,0,1,0,0,2,0,0,2,0,0,0,0,3,0,0,2,0,0,0,0,0,0,0,1,2,2,0,0,0,0,1,1,0,0,1,1,0,0,3,0,1,0,0,2,0,1,2,0,0,0,0,2,0,0,0,2,0,1
4,2,0,3,3,4,2,4,18,0,5,2,9,4,0,3,0,6,2,15,4,0,5,3,3,0,5,0,2,0,0,4,2,8,0,1,3,2,4,9,0,2,0,0,4,6,0,6,6,5,0,9,11,0,1,7,4,6,0,2,0,4,0,2,7,0,0,0,7,0,7,2,0,1,9,1,9,3,1,0,10,0,3,8,6,5,0,0,1,0,3,5,3,9,2,0,3,0,1,0,8,2,2,3,4,7,0,0,2,3,0,0,1,1,3,3,0,0,8,5,1,17,0,5,2,3,0,4,3,4,0,0,0,2,2,0,0,1,14,0,1,0,0,0,0,0,1,8,3,0,3,8,3,0,2,6,0,7,0,0,0,0,6,0,2,0,0,0,0,8,0,2,0,2,3,1,6,0,0,7,0,0,0,0,2,3,9,0,0,4,0,0,5,0,0,0,2,0,1,2,3,0,0,0,3,1,0,5,7,0,0,11,4,3,0,2,1,1,4,0,2,7,4,0,0,0,2,2,3,2,9,0,3,4,4,3,5,2,0,0,13,2,0,3,2,2,0,5,6,1,4,3,0,0,5,6,3,1,0,12,4,4,3,8,1,0,0,2,2,5,3,2,0,5,0,0,0,0,0,2,0,0,0,0,2,0,0,0,3,0
0,0,0,0,0,0,0,0,0,0,0,0,0,0,0,0,0,0,0,0,0,0,0,0,0,0,0,0,0,0,0,0,1,0,0,2,1,1,0,0,0,1,0,0,0,1,0,0,0,0,0,0,0,0,0,0,0,0,0,0,0,0,1,0,0,0,0,0,0,0,1,0,1,0,0,0,0,0,0,0,0,0,0,0,0,0,0,0,0,0,0,0,0,0,0,0,0,0,0,0,0,0,0,0,0,0,0,0,0,0,0,0,0,0,0,0,0,0,0,0,0,0,0,0,0,0,0,0,0,0,0,0,0,0,0,0,0,0,0,0,0,0,0,0,0,0,0,0,0,0,0,0,0,0,0,1,0,0,0,0,0,0,0,0,0,0,0,0,0,0,0,0,1,0,0,0,0,0,0,0,0,0,0,0,0,0,0,0,0,0,0,0,0,0,0,0,0,0,0,1,0,0,0,0,0,0,0,0,0,0,0,0,0,1,0,0,0,0,0,0,0,0,0,0,0,0,0,0,0,0,1,0,0,0,0,1,0,0,0,0,0,0,0,0,0,0,0,0,0,0,0,0,0,0,0,0,0,0,0,0,0,0,0,0,0,0,0,0,1,0,0,0,0,0,0,0,0,0,0,0,0,0,0,0,0,0,0,0,0,0
3,0,0,0,0,0,0,0,0,0,12,41,0,16,0,7,15,0,0,0,0,0,0,0,0,12,0,0,0,13,0,0,0,0,0,0,0,0,0,0,0,0,0,0,0,0,45,0,0,0,0,0,0,3,4,0,0,0,0,0,0,6,0,0,0,0,0,0,0,0,0,0,0,0,0,0,0,21,0,0,0,0,0,0,0,0,0,0,15,0,11,0,0,20,0,0,0,0,28,0,0,22,0,0,0,0,0,0,0,0,0,0,0,0,0,0,0,0,0,0,22,7,0,0,0,0,0,0,0,0,0,0,0,0,11,0,0,0,0,0,10,0,0,0,0,0,0,0,0,0,0,0,25,0,0,12,0,0,0,0,0,0,5,0,0,0,0,0,0,0,0,0,0,8,11,0,0,0,0,0,0,11,0,0,0,8,0,0,0,0,0,51,0,0,0,0,0,0,0,0,0,0,0,0,0,13,0,0,0,18,0,12,0,3,0,0,0,0,15,0,0,0,0,0,0,0,0,9,0,0,8,0,0,0,19,0,0,0,0,0,0,0,0,0,0,0,16,0,0,0,0,0,0,0,0,0,8,0,0,16,0,0,0,0,0,0,0,0,0,0,0,0,0,0,0,0,0,0,0,0,0,0,0,19,0,14,0,0,19,0
1,0,0,0,0,0,0,0,0,0,0,0,0,0,0,0,0,0,0,0,0,0,0,0,0,0,0,0,0,0,0,0,0,0,0,0,0,0,0,0,0,0,0,0,0,0,0,0,0,0,0,0,0,0,0,0,0,0,0,0,0,0,0,0,0,0,0,0,0,0,0,0,0,0,0,1,1,0,0,0,0,0,0,0,0,0,0,0,0,0,0,0,0,0,0,0,0,0,0,0,0,0,0,0,0,0,1,0,0,0,0,0,0,0,0,0,0,0,0,0,1,0,0,0,0,0,0,0,0,0,0,1,0,0,0,0,1,0,0,0,0,0,0,0,0,0,0,0,0,0,0,0,0,0,0,0,0,0,0,0,0,0,0,0,0,0,0,0,0,0,0,0,0,0,0,0,0,0,0,0,0,0,0,0,0,0,0,0,0,0,0,0,0,0,0,0,0,0,0,0,0,0,0,0,0,0,0,0,1,1,0,0,0,0,0,0,0,0,0,0,0,0,0,0,0,0,0,0,0,0,0,0,1,0,1,0,0,0,0,0,0,0,0,0,0,0,0,1,0,0,0,0,0,0,0,0,0,0,0,0,0,0,0,0,0,0,0,0,0,0,0,0,0,0,0,0,0,0,0,0,0,0,0,0,0,0,0,0,0,0
1,0,0,0,0,0,0,0,0,0,0,0,0,0,0,0,0,1,0,0,0,0,0,0,0,0,0,0,0,0,0,0,0,0,0,0,0,0,0,0,0,0,0,0,0,0,0,0,0,0,0,0,0,0,0,0,1,0,0,0,0,0,0,0,0,0,0,0,0,0,0,0,0,0,0,0,0,0,0,0,0,0,0,0,0,1,0,0,0,0,0,0,0,0,0,0,0,0,0,0,1,0,0,0,0,0,0,0,0,0,1,0,0,1,0,0,1,0,0,0,0,0,0,0,0,1,0,0,1,0,0,0,0,0,0,0,1,1,0,0,0,0,0,0,1,0,1,0,0,0,0,0,0,0,0,0,0,0,0,0,0,0,0,0,0,0,1,0,0,0,0,0,0,0,0,0,0,1,0,0,0,0,0,0,0,0,0,0,1,1,0,0,0,1,0,0,0,0,0,0,0,0,0,0,0,0,0,0,0,1,0,0,0,0,0,0,0,0,0,0,0,0,0,0,0,0,0,0,0,0,0,0,0,0,0,0,0,0,0,0,0,1,0,0,0,0,0,0,0,0,0,0,0,0,0,0,0,0,0,0,0,0,0,0,0,0,0,0,0,0,0,0,1,0,0,0,0,0,0,1,0,0,0,0,0,0,0,0,0,0
1,0,0,0,0,0,0,0,0,0,0,0,0,2,0,1,0,1,2,0,1,0,1,0,0,0,0,0,0,0,2,0,0,0,0,1,0,0,1,0,0,0,0,0,0,0,0,0,0,0,0,0,0,0,0,2,0,0,0,3,0,0,2,1,0,0,1,0,0,1,0,3,0,0,1,0,1,0,1,0,0,0,0,0,0,0,1,0,0,0,1,0,0,0,0,0,0,0,0,0,0,0,0,0,0,1,0,0,0,0,0,0,0,3,3,0,0,0,0,0,1,0,0,1,0,0,0,1,0,0,0,0,0,0,0,2,0,1,2,0,0,0,0,0,0,0,0,0,0,1,0,0,0,0,0,0,0,0,1,1,0,0,0,1,0,0,0,1,0,0,1,0,0,2,0,0,0,1,1,0,2,0,0,0,0,0,0,2,0,0,0,0,0,0,0,2,0,2,0,0,0,0,0,0,1,0,0,1,0,0,0,0,0,2,0,0,0,1,0,0,0,0,0,0,0,0,0,0,1,0,0,0,0,0,0,1,0,0,0,0,0,0,2,0,0,0,0,0,0,0,0,5,0,0,0,1,5,0,0,0,0,2,4,0,0,0,2,2,0,1,0,1,0,0,0,0,1,0,0,0,1,0,0,0,0,0,1,0,1,0
0,0,0,0,0,0,1,1,1,1,0,0,0,0,1,0,1,0,1,1,0,0,0,0,0,0,1,1,0,0,0,0,0,0,0,0,0,0,0,0,0,0,0,0,0,0,1,1,0,0,1,1,0,0,1,0,0,0,0,0,0,0,0,0,0,1,0,0,0,0,0,0,0,0,0,0,1,0,1,0,0,0,0,0,0,0,0,0,0,0,0,0,0,0,0,0,0,0,1,1,0,0,1,0,0,0,0,0,0,2,0,0,0,0,0,0,0,1,1,0,0,0,0,0,0,0,0,0,0,1,1,0,0,0,1,1,0,0,0,0,0,0,0,1,0,0,0,1,0,0,0,0,1,0,0,0,1,0,0,0,0,1,0,0,0,0,0,0,0,0,0,1,0,0,0,0,0,1,2,0,0,3,1,1,1,0,0,0,0,0,1,0,0,0,0,0,0,0,0,0,0,0,0,0,0,0,1,0,0,0,0,0,1,0,0,0,0,1,0,1,0,0,0,0,0,0,1,0,0,0,0,0,1,0,0,0,0,1,0,0,0,2,0,0,0,1,0,0,1,0,0,1,0,0,0,0,0,0,0,0,1,0,0,1,1,0,0,0,0,0,1,0,0,0,0,0,0,0,0,0,0,0,0,1,0,0,1,1,0,0
0,0,0,0,0,0,0,0,19,0,0,0,8,6,0,12,14,0,0,0,0,0,0,0,0,0,0,0,0,0,0,0,0,0,0,0,0,12,0,0,0,0,0,0,0,0,0,0,0,0,0,0,0,0,15,0,0,0,0,6,0,0,0,2,0,0,0,0,0,0,0,1,0,0,5,15,0,0,0,0,0,0,3,0,6,0,9,0,0,0,1,0,0,0,0,8,7,5,0,3,0,4,9,0,4,0,0,0,0,0,0,0,0,0,0,0,0,0,11,0,0,8,0,0,0,0,0,0,0,0,0,0,11,0,0,3,8,0,0,0,3,0,9,0,0,0,0,0,0,0,0,0,7,0,0,0,0,8,0,0,0,9,0,0,32,0,0,0,0,0,0,0,0,0,0,9,5,0,5,10,0,0,0,0,0,0,0,0,8,0,2,6,0,2,0,0,0,0,0,0,0,9,0,0,0,0,0,0,0,0,6,0,0,0,0,0,0,0,0,0,3,9,0,0,0,0,1,0,0,0,0,0,0,0,0,0,0,0,0,0,0,0,0,10,0,0,0,0,0,0,0,0,0,0,0,8,0,0,0,0,0,0,8,0,0,0,0,0,0,0,0,0,0,0,22,0,0,0,0,0,3,0,0,5,0,0,0,0,0,0
0,0,3,0,0,0,1,0,2,3,0,2,0,0,0,0,0,0,0,0,0,0,0,1,2,0,0,0,1,0,3,0,0,0,0,0,0,0,3,0,0,0,0,0,0,0,0,0,0,1,0,0,0,0,0,0,0,0,1,0,0,0,0,2,0,0,0,0,0,0,0,0,2,0,2,0,0,0,0,0,0,0,0,0,0,0,0,2,0,0,0,0,0,0,0,0,0,2,0,0,0,0,0,2,0,0,2,0,0,0,1,0,0,0,0,0,0,0,0,0,0,0,1,0,0,0,0,0,0,0,2,0,0,0,0,0,0,0,0,0,0,0,3,0,0,0,1,0,0,0,0,0,1,0,1,1,0,0,0,0,0,0,0,0,0,0,0,0,0,1,2,1,0,0,0,0,0,0,0,0,0,0,0,0,1,0,2,0,0,0,0,0,1,2,0,0,0,0,0,0,0,0,0,0,0,0,0,0,0,2,0,0,0,0,1,0,0,0,0,0,0,0,0,0,0,0,2,0,1,1,0,0,0,0,0,0,0,0,0,0,0,0,0,0,0,0,0,0,0,0,0,0,0,0,0,2,0,0,0,2,0,0,0,0,0,0,0,0,0,0,0,0,1,0,0,0,2,0,0,0,0,0,0,0,0,0,0,0,0,0
0,0,0,2,9,0,0,0,0,0,0,0,31,0,12,0,0,0,12,0,0,0,0,0,2,0,0,0,30,2,0,0,0,0,0,4,0,0,0,5,0,0,9,0,0,19,0,0,0,0,0,0,0,0,10,0,0,0,0,9,0,0,0,0,0,0,0,0,0,0,22,0,0,11,12,0,0,0,0,0,0,0,0,0,15,0,10,0,10,0,0,0,0,0,0,0,0,7,12,0,0,0,0,16,0,0,0,6,0,0,3,0,6,0,0,0,0,0,0,0,0,0,0,7,0,0,0,3,6,0,0,0,0,0,0,0,0,0,0,10,2,10,0,0,10,0,0,0,0,0,0,0,0,0,9,0,4,0,0,0,0,0,0,0,0,0,3,8,16,0,0,0,0,0,0,3,0,0,0,0,0,0,0,0,0,0,13,0,0,0,0,0,0,0,0,0,0,0,0,20,0,0,6,13,0,0,0,0,0,0,0,0,0,0,0,27,0,0,0,0,7,8,0,0,0,0,0,0,0,0,0,0,0,0,0,0,0,8,0,0,0,0,0,0,0,0,3,0,0,0,0,0,3,0,7,0,0,0,0,0,0,0,0,8,0,0,0,0,0,0,0,0,4,0,0,0,0,18,0,0,7,0,0,0,0,0,0,0,0,0
0,0,0,0,0,0,0,0,0,0,0,0,0,0,0,0,0,0,0,0,0,0,0,0,0,0,0,0,0,0,0,0,0,0,0,0,0,0,0,0,0,0,0,0,0,0,0,0,0,0,0,0,0,0,0,0,0,0,0,0,0,0,0,0,0,0,0,0,0,0,0,0,0,0,0,0,0,0,0,0,0,0,0,0,0,0,0,0,0,0,0,0,0,0,0,0,0,0,0,0,0,0,0,0,0,0,0,0,0,0,0,0,0,0,0,0,0,0,0,0,0,0,0,0,0,0,0,0,0,0,0,0,0,0,0,0,0,0,0,1,0,0,0,0,0,0,0,0,0,0,0,0,0,0,0,0,0,0,0,0,0,0,0,0,0,0,0,0,0,0,0,0,0,0,0,0,0,0,0,0,0,0,0,0,0,0,0,0,0,0,0,0,0,0,0,0,0,0,0,0,0,0,0,0,0,0,0,0,0,0,0,0,0,0,0,0,0,0,0,0,0,0,0,0,0,0,0,0,0,0,0,0,0,0,0,0,0,0,0,0,0,0,0,0,0,0,0,0,0,0,0,0,0,0,0,0,0,0,0,0,0,0,0,0,0,0,0,0,0,0,0,0,0,0,0,0,0,0,0,0,0,0,0,0,0,0,0,0,0,0
0,0,0,1,0,0,0,1,1,1,0,0,0,0,0,1,1,0,0,1,0,1,0,0,0,0,0,1,0,0,0,0,0,0,0,0,0,0,0,0,0,0,0,0,1,0,0,0,0,0,0,0,0,1,1,1,0,0,0,0,0,0,0,0,0,0,0,0,0,0,0,0,0,0,0,0,1,0,0,0,0,0,0,0,0,0,0,0,0,2,0,1,0,0,0,0,0,0,0,0,0,0,0,1,0,0,0,0,0,0,0,0,0,0,0,0,0,0,0,0,0,0,0,1,0,0,0,0,0,0,0,0,0,0,0,0,0,0,0,0,0,0,1,0,0,0,0,0,0,0,0,0,1,0,0,1,0,0,0,0,0,0,1,0,0,0,1,1,0,0,0,0,2,1,0,1,0,0,0,0,0,0,0,1,0,0,0,0,3,0,1,0,0,0,0,1,0,0,0,0,0,0,0,0,0,0,1,1,0,0,1,0,0,1,1,0,0,2,0,0,0,0,0,0,0,0,0,0,0,0,0,0,0,0,1,0,0,0,0,0,0,0,1,0,0,1,0,1,0,0,0,0,0,0,0,0,0,0,0,0,0,0,0,0,0,0,0,0,0,0,2,5,1,0,0,0,0,1,0,1,0,0,0,0,0,0,0,0,0,0
0,1,0,0,0,0,0,0,0,0,0,0,0,0,0,0,0,0,6,0,0,0,9,0,1,0,27,0,0,0,0,11,0,14,0,16,14,0,0,0,0,10,3,0,14,0,0,0,0,0,0,0,0,0,0,6,0,0,0,0,0,0,0,0,0,0,0,0,0,0,0,0,0,0,0,0,6,0,0,0,0,0,0,0,0,0,6,0,0,0,0,12,0,0,0,0,0,0,0,0,0,0,9,0,0,0,0,0,0,12,0,10,0,0,0,0,0,0,0,0,0,0,0,0,0,0,0,45,8,0,0,0,0,0,0,0,14,29,0,0,0,7,0,0,0,6,9,0,0,17,0,0,0,0,0,0,0,0,0,0,0,0,11,0,0,0,0,0,0,0,0,0,0,0,0,0,0,0,17,0,0,0,0,0,0,14,0,0,26,0,0,12,0,0,0,0,0,0,0,0,0,1,0,0,25,0,54,0,0,10,0,25,0,0,0,0,0,0,0,0,0,9,0,0,0,0,0,7,0,0,0,0,8,0,0,0,0,0,0,0,0,0,0,0,0,0,0,0,0,0,0,7,11,29,0,0,0,0,9,0,0,0,0,0,0,0,0,0,18,0,0,0,0,0,12,0,0,0,0,0,8,13,0,0,0,0,0,0,0,0
0,0,0,1,0,0,0,0,0,0,0,1,0,0,0,1,0,0,0,1,0,0,0,0,0,0,1,1,0,0,0,1,0,1,0,0,0,0,0,0,0,0,0,0,0,0,0,0,1,0,0,1,0,0,0,0,0,0,1,0,0,0,0,0,1,2,0,0,0,0,0,0,0,0,0,1,1,0,0,0,0,0,0,0,0,0,0,0,0,0,0,1,0,0,0,2,0,0,0,0,0,0,0,0,0,1,0,0,0,0,0,0,1,0,0,0,1,0,0,1,0,0,0,0,0,0,0,0,1,0,0,0,0,0,0,0,0,0,0,0,0,2,1,0,1,1,1,0,0,2,1,0,0,0,0,0,1,0,0,0,0,0,0,0,0,1,0,0,0,0,0,0,0,2,0,0,0,0,3,0,0,0,0,2,1,0,0,0,0,0,0,0,0,1,0,1,0,0,0,0,0,0,0,0,0,0,1,0,0,1,1,1,0,0,1,0,1,0,2,0,2,1,0,0,0,0,0,0,0,0,0,0,1,0,0,2,0,0,0,0,0,0,0,0,0,0,2,0,0,0,1,0,0,0,1,0,0,0,0,0,0,0,0,1,2,0,0,2,0,0,0,0,0,0,0,0,0,0,0,0,0,0,0,0,0,0,1,0,0,0
0,0,0,0,0,0,0,0,0,0,0,0,0,0,0,0,0,0,0,0,0,0,0,0,0,0,0,0,0,0,0,0,0,0,0,0,0,0,0,0,0,0,0,0,0,0,0,0,0,0,0,0,0,0,0,1,0,0,0,0,0,0,0,0,0,0,0,0,0,0,0,0,0,0,0,0,0,0,0,0,0,0,0,0,0,0,0,0,0,0,0,0,0,0,0,0,0,0,0,0,0,0,0,0,0,0,0,0,0,0,0,0,0,0,0,0,0,0,0,0,0,0,0,0,0,0,0,1,0,0,0,0,0,0,0,1,0,0,0,0,0,0,0,0,0,0,0,0,0,0,0,0,0,0,0,0,0,0,0,0,0,0,0,0,0,0,0,0,0,0,0,0,0,0,0,0,0,0,0,0,0,0,0,0,0,0,0,0,0,0,0,0,0,0,0,0,0,0,0,0,0,0,0,0,0,0,0,0,0,0,1,0,1,0,0,0,0,0,0,0,0,0,0,0,0,0,0,0,0,0,0,0,0,0,0,0,0,0,0,0,0,0,0,0,0,0,0,1,0,0,0,0,0,0,0,0,0,0,0,0,0,0,0,0,0,0,0,0,0,0,0,0,0,0,0,0,0,0,0,0,0,0,0,0,0,0,0,0,0,0
0,0,0,0,0,0,0,0,0,0,0,0,0,0,0,0,0,0,0,0,0,0,0,0,0,0,0,0,0,0,0,0,0,0,0,0,0,0,0,0,0,0,0,0,0,0,0,0,0,0,0,0,0,0,0,0,0,0,0,0,0,0,0,0,0,0,0,0,0,0,0,0,0,0,0,0,0,0,0,0,0,0,0,0,0,0,0,0,0,0,0,0,0,0,0,0,0,0,0,0,0,0,0,0,0,0,0,0,0,0,0,0,0,0,0,0,0,0,0,0,0,0,0,0,0,0,0,0,0,0,0,0,0,0,0,0,0,0,0,0,0,0,0,0,0,0,0,0,0,0,0,0,0,0,0,0,0,0,0,0,0,0,0,0,0,0,0,0,0,0,0,0,0,0,0,0,0,0,0,0,0,0,0,0,0,0,0,0,0,0,0,0,0,0,0,0,0,0,0,0,0,0,0,0,0,0,0,0,0,0,0,0,0,0,0,0,0,0,0,0,0,0,0,0,0,0,0,0,0,0,0,0,0,0,0,0,0,0,0,0,0,0,0,0,0,0,0,0,0,0,0,0,0,0,0,0,0,0,0,0,0,0,0,0,0,0,0,0,0,0,0,0,0,0,0,0,0,0,0,0,0,0,0,0,0,0,0,0,0,0
0,0,0,0,3,1,2,0,0,0,0,0,2,0,0,0,1,1,0,0,0,0,0,0,0,1,0,0,0,0,0,4,0,0,1,1,0,1,1,3,4,2,1,0,0,0,1,0,4,0,0,0,0,0,0,1,0,0,0,0,0,0,0,0,1,0,0,0,2,0,6,0,1,0,0,1,0,4,0,0,0,0,0,1,9,0,0,1,0,0,0,0,1,4,0,0,4,0,0,2,3,0,0,0,2,2,0,4,2,0,0,0,1,0,3,0,3,0,0,5,2,2,0,0,1,3,0,0,4,0,0,1,0,0,0,0,0,0,6,0,1,0,0,0,0,0,5,0,4,0,2,0,0,1,2,2,0,0,0,0,0,0,0,0,0,0,0,3,2,1,0,0,0,0,0,1,4,2,0,0,0,2,0,2,1,0,0,2,0,0,1,0,0,2,0,0,0,2,0,1,0,1,0,0,1,0,0,0,6,3,4,0,0,3,2,0,2,2,0,0,0,0,0,0,0,4,0,0,2,0,0,1,1,2,2,0,1,1,2,2,0,0,0,1,0,5,2,0,3,0,0,0,0,0,0,0,3,6,3,0,0,0,1,1,1,6,0,0,0,0,0,0,0,0,0,0,0,0,0,0,0,0,0,0,1,0,0,0,0,0
0,0,0,0,0,0,0,0,0,2,1,0,0,1,0,0,0,1,1,0,0,0,0,0,0,0,1,0,0,0,0,0,0,0,0,0,0,0,0,0,0,0,0,0,0,0,0,0,0,0,0,0,0,0,0,0,0,0,0,0,0,0,0,0,0,0,0,0,0,0,0,0,0,0,0,0,0,0,0,0,0,0,1,0,0,0,0,0,0,0,0,0,1,0,0,0,0,0,0,0,0,0,0,0,0,1,0,0,0,0,0,0,0,0,0,0,0,0,0,0,0,0,0,1,0,1,0,0,0,0,0,0,0,0,0,0,0,0,0,0,0,0,0,0,0,0,0,0,0,0,1,0,0,0,0,0,0,0,0,0,0,1,0,0,0,0,0,0,0,0,0,0,0,0,0,0,0,0,0,1,0,0,0,0,0,0,0,0,0,0,0,0,0,1,0,0,0,0,0,0,0,0,0,0,0,0,0,0,0,0,0,0,0,0,0,0,0,0,1,0,0,0,0,0,0,0,0,1,0,0,0,0,0,0,0,0,0,0,0,0,0,1,0,0,0,0,0,0,0,0,0,0,0,0,0,0,0,0,0,0,0,0,0,0,1,0,0,0,0,0,0,0,0,0,0,0,0,0,0,0,0,0,0,0,0,0,0,0,0,0
0,0,0,1,0,0,0,2,0,0,0,2,0,0,0,0,0,0,0,0,0,0,0,0,2,0,0,0,0,0,0,0,0,0,0,0,0,0,0,0,0,0,0,0,0,0,0,0,0,0,0,0,0,0,0,0,1,0,0,0,3,3,0,0,0,0,0,0,0,0,0,0,0,0,5,1,2,5,0,0,0,0,0,0,0,0,0,0,2,0,0,0,0,3,0,0,0,6,0,2,6,0,0,0,0,0,0,0,0,0,0,0,0,0,4,0,0,4,0,0,0,17,0,0,0,0,0,0,0,0,0,0,0,0,0,0,0,0,0,0,5,0,0,0,0,0,0,0,0,0,0,5,0,3,0,0,7,0,0,0,0,0,0,0,0,8,0,0,3,0,0,0,0,0,0,0,0,0,2,0,1,0,0,0,0,3,0,0,0,0,0,0,1,0,0,0,0,0,0,0,2,0,0,0,0,0,0,0,1,0,0,0,2,2,0,0,3,0,0,0,5,0,0,0,0,0,0,0,0,0,0,0,0,5,0,2,0,0,1,0,0,0,0,0,2,0,0,0,0,0,0,4,0,3,0,0,0,0,0,0,1,0,0,0,0,3,0,3,4,0,0,0,1,3,0,0,0,0,0,4,0,2,0,3,0,0,0,4,0,5
0,0,0,0,0,0,0,0,0,15,0,0,0,0,0,0,3,3,0,0,0,0,0,0,0,0,0,0,0,0,0,0,0,0,0,0,0,0,0,0,0,0,0,0,0,0,0,0,0,3,0,0,0,0,0,0,0,0,0,0,6,0,0,0,0,0,0,0,0,0,0,0,0,0,0,0,4,0,0,0,3,0,0,2,3,0,3,0,0,0,0,1,0,0,0,0,0,0,0,7,0,0,4,0,0,0,0,0,0,0,3,0,0,4,0,0,0,0,0,0,2,0,0,0,0,2,0,5,0,0,3,0,0,0,0,3,0,3,0,0,0,0,0,0,0,9,0,0,2,0,0,0,0,0,0,0,0,2,0,0,0,0,0,0,3,0,0,0,0,0,2,3,0,0,0,3,0,0,0,0,4,0,0,0,0,6,0,0,0,0,0,3,0,0,0,0,0,0,0,0,0,0,0,1,0,0,0,1,0,0,0,0,0,0,0,4,2,0,0,0,0,0,0,0,0,2,0,0,0,0,0,5,0,0,0,0,0,0,0,0,0,0,0,0,0,0,0,0,0,0,0,0,3,0,4,0,0,0,0,0,0,0,0,0,0,0,0,0,2,1,0,0,6,0,0,0,3,0,0,0,0,0,0,0,0,0,0,0,2,1
0,0,0,0,0,0,0,0,0,0,0,0,0,0,1,0,0,0,0,0,0,0,0,0,0,0,0,0,0,1,0,0,0,1,0,0,0,0,0,0,0,1,0,0,0,0,0,0,0,0,0,0,0,0,0,0,0,0,0,0,0,0,0,0,0,0,0,0,0,0,0,0,0,0,0,0,0,0,0,0,0,0,0,0,0,0,0,0,0,0,0,0,0,0,0,0,0,0,0,0,0,0,0,0,0,0,0,0,0,0,0,0,0,0,0,0,0,0,0,0,0,0,0,0,0,0,0,0,0,0,0,0,0,0,0,0,0,0,0,0,0,0,0,0,0,0,0,0,0,0,0,0,0,0,0,0,0,0,0,0,0,0,0,0,0,0,0,0,0,0,0,0,0,0,0,0,0,0,0,0,0,0,0,0,0,0,0,0,0,0,0,0,0,0,0,0,0,0,0,0,0,0,0,0,0,0,0,0,0,0,0,0,0,0,0,0,0,0,0,0,0,0,0,0,0,0,0,0,0,0,0,0,0,0,0,0,0,0,0,0,0,0,0,0,0,1,0,0,0,0,0,0,0,0,0,0,0,0,0,0,0,0,0,0,0,0,0,0,0,0,0,0,0,0,0,0,1,0,0,0,0,0,0,0,0,0,0,0,0,0
0,0,0,2,0,0,0,0,0,0,0,0,0,0,0,0,0,3,0,0,0,2,0,0,1,0,1,0,0,0,0,0,0,0,0,0,0,2,0,0,0,0,0,0,1,0,0,0,1,0,1,0,0,0,0,0,0,0,0,0,0,0,0,0,0,0,0,0,0,0,2,0,0,0,0,0,0,0,0,0,0,2,0,0,0,0,7,7,0,0,0,0,0,0,0,0,0,0,0,0,0,0,4,0,0,0,0,0,0,0,0,0,0,9,4,0,0,0,0,0,0,0,0,0,0,2,0,0,0,0,0,4,0,0,2,0,0,0,0,0,0,0,0,0,2,0,0,0,0,3,0,0,0,0,5,0,0,0,0,0,0,5,0,0,3,0,0,2,0,0,2,0,0,3,4,3,3,0,0,3,0,4,0,0,0,0,0,0,0,0,0,0,6,0,0,0,0,0,0,0,0,0,2,0,0,0,0,0,0,0,2,0,0,0,0,0,2,0,0,0,0,0,0,1,0,0,0,0,0,0,0,2,0,0,0,0,0,0,0,0,0,0,0,0,0,0,0,0,0,4,0,0,0,0,0,0,2,0,0,0,0,0,0,0,0,0,0,0,0,0,0,7,0,0,0,0,0,0,3,1,2,0,0,1,4,6,0,0,0,0
0,2,0,0,8,0,3,0,0,4,0,0,0,0,0,0,0,0,0,0,2,0,5,0,0,0,0,2,0,4,2,0,0,0,3,0,2,0,0,0,0,0,3,0,2,0,6,2,0,0,0,0,0,0,0,0,0,0,0,1,0,0,2,0,0,0,0,0,0,0,0,0,0,4,0,2,0,0,0,0,0,0,0,0,0,0,0,0,0,0,0,0,0,0,0,0,0,0,0,1,0,0,0,0,0,1,0,0,0,0,0,0,0,0,3,0,0,2,0,0,0,0,0,0,0,0,0,0,0,0,0,2,0,0,2,0,0,0,0,2,0,0,0,0,0,2,0,0,0,0,0,0,0,0,0,0,0,4,1,0,0,0,0,0,0,0,0,0,0,0,0,0,0,0,0,1,4,0,0,1,0,0,0,0,0,0,0,0,0,0,1,0,0,0,0,0,0,0,0,0,0,0,0,4,0,0,0,0,0,0,0,0,0,5,1,0,0,0,0,0,0,0,0,0,0,3,0,2,0,0,0,0,0,0,0,0,0,0,0,0,2,0,0,0,0,0,1,0,0,0,0,0,0,0,0,0,0,0,0,0,0,0,0,2,0,0,0,0,2,0,0,0,0,0,0,3,5,0,0,3,0,1,0,0,0,0,2,0,0,0
0,0,0,0,0,0,1,0,0,0,0,0,0,0,0,0,0,0,0,1,0,0,0,0,0,0,0,0,0,1,0,0,0,1,0,0,0,0,0,0,0,0,0,0,0,0,0,0,0,0,0,1,0,0,0,0,0,0,0,0,0,0,0,0,0,0,0,0,0,0,1,0,0,0,0,0,0,0,0,0,1,0,0,0,0,0,0,0,0,0,0,0,0,0,1,0,0,0,0,0,0,0,0,0,0,0,0,0,0,0,0,0,0,1,0,0,0,0,0,0,0,0,0,0,0,0,0,0,0,0,0,0,0,0,0,0,0,0,0,1,0,0,0,0,0,0,0,0,0,0,1,0,0,0,0,0,0,0,0,0,0,0,0,0,1,0,0,0,1,0,0,0,0,0,0,0,1,0,1,0,0,0,0,0,0,0,0,0,0,0,0,0,0,0,0,0,0,0,0,0,0,0,0,0,0,0,0,0,0,0,0,0,0,0,0,0,0,0,0,0,0,0,0,0,1,0,0,1,0,0,0,0,1,0,0,0,0,1,0,0,0,0,0,0,0,0,0,0,0,0,1,0,0,0,0,0,0,0,0,0,0,0,0,1,1,0,0,0,0,0,0,0,0,0,0,1,0,0,0,1,0,0,1,0,0,0,0,1,0,0
0,1,0,0,0,1,0,0,0,0,0,0,0,0,0,0,0,0,0,0,0,0,0,0,0,0,0,0,0,1,0,0,0,0,0,0,0,0,0,0,0,0,0,0,0,0,0,0,0,0,0,0,0,0,0,0,0,0,0,0,0,0,0,0,0,0,0,0,0,0,0,0,0,0,0,0,0,0,0,0,0,0,0,0,0,0,1,0,0,0,0,0,1,0,0,0,0,0,0,0,0,1,1,0,0,0,0,0,0,0,0,0,0,0,0,0,0,0,0,0,0,0,0,0,0,0,0,1,0,0,0,0,0,0,0,0,0,0,0,0,0,0,0,0,0,0,0,0,0,0,0,0,0,0,0,0,0,0,0,0,0,1,0,0,0,0,0,0,0,0,0,0,0,1,0,0,0,0,0,0,0,0,0,0,0,1,0,0,0,0,0,0,0,0,0,0,0,0,0,0,0,0,0,0,0,0,0,0,0,0,1,0,0,0,0,0,0,0,0,0,0,0,0,0,0,0,0,0,0,0,0,0,0,0,0,1,0,0,0,0,0,0,0,0,0,0,1,0,0,0,0,0,0,0,0,0,0,0,0,0,1,0,0,0,0,0,0,0,0,0,0,0,0,0,0,0,0,0,0,0,1,0,0,0,0,1,0,0,0,0
0,0,0,6,11,29,20,0,0,0,3,0,0,0,18,16,2,17,0,22,0,21,0,0,0,0,27,0,11,0,29,13,0,17,30,0,0,30,12,8,0,22,0,0,0,5,0,16,0,0,0,0,0,0,0,0,36,0,0,12,16,0,0,0,0,0,0,9,32,0,9,0,5,0,0,0,0,0,0,0,0,0,0,14,9,0,0,0,0,0,8,0,5,7,0,14,6,0,0,0,12,0,7,0,13,12,0,7,0,0,0,0,0,0,7,0,0,0,0,0,0,5,10,0,0,24,0,0,32,10,0,26,0,0,0,0,0,7,0,0,0,9,0,0,0,0,0,0,13,0,0,0,0,0,0,0,0,0,7,15,9,0,0,22,0,7,0,0,0,0,0,0,0,11,0,0,0,0,0,0,0,0,0,0,0,0,0,0,0,0,15,0,0,0,0,12,0,0,0,9,0,0,0,0,0,0,0,0,0,9,8,0,20,0,0,12,0,0,0,0,0,0,0,15,0,0,0,0,9,0,0,0,0,0,0,0,16,0,0,0,0,0,0,0,0,6,0,0,3,0,10,0,0,0,0,0,0,0,0,0,0,0,0,0,0,0,0,0,5,17,0,0,0,0,0,0,0,6,0,16,5,0,0,0,0,0,7,0,0,0
0,0,0,4,0,2,2,0,0,0,0,0,0,0,0,0,0,0,0,0,4,0,0,0,0,0,0,0,0,0,0,0,0,0,0,0,0,0,0,0,0,0,0,0,0,3,0,0,0,0,0,19,0,0,3,0,0,0,0,0,0,0,0,8,0,3,0,0,0,0,0,0,0,0,5,0,0,4,0,0,0,0,0,0,7,0,0,0,0,0,0,0,0,0,0,0,0,0,0,5,2,0,0,6,0,0,0,0,6,0,0,0,0,0,6,0,7,0,0,0,0,0,0,2,0,0,0,0,0,0,0,0,0,4,0,0,2,0,0,0,0,5,10,0,3,0,0,0,0,0,0,0,4,0,0,3,0,0,0,0,0,6,3,0,4,0,0,0,0,0,0,0,2,0,0,0,0,0,0,0,0,4,0,6,9,2,0,0,0,0,1,0,0,0,0,0,0,0,0,0,0,0,4,0,0,0,0,0,0,0,0,0,0,0,0,0,0,1,3,0,0,5,0,0,0,0,0,0,0,0,7,0,0,2,0,0,3,0,0,0,0,6,5,0,0,1,4,0,0,7,0,0,11,7,2,0,0,2,0,0,0,6,0,0,0,0,0,0,7,0,0,0,0,8,0,0,0,0,6,0,0,6,0,0,0,0,0,0,0,0
1,2,3,6,5,3,1,11,7,13,7,5,4,5,3,5,0,8,13,6,4,14,8,0,3,13,0,2,1,11,0,3,2,8,9,1,13,2,10,11,0,0,2,13,20,0,3,8,12,14,13,6,10,8,22,3,2,8,3,23,11,0,11,4,1,5,2,12,15,3,7,0,4,10,2,3,12,4,4,19,3,11,12,4,10,11,14,2,2,18,1,7,15,4,11,5,1,16,6,5,9,6,5,0,1,16,13,28,2,11,14,39,7,1,4,4,1,18,4,13,3,5,4,3,5,8,4,9,5,3,4,5,5,5,3,13,5,2,5,5,13,7,0,10,12,8,9,15,0,8,8,0,4,6,4,3,4,0,12,8,7,6,9,10,3,3,4,7,9,6,3,14,4,22,16,10,6,3,7,13,3,1,8,13,3,6,5,2,2,2,2,1,6,0,3,10,6,9,7,7,0,9,1,5,1,8,0,8,4,15,2,4,4,4,6,1,1,6,8,4,10,7,2,4,4,7,5,14,2,4,5,4,0,8,3,4,0,2,5,0,0,0,7,1,1,1,3,5,0,5,7,0,0,0,2,4,3,0,3,0,6,4,4,2,4,1,3,2,3,12,1,0,4,0,0,8,0,1,1,2,3,0,2,0,3,3,0,0,0,3
0,0,0,0,0,0,0,0,0,0,0,0,0,0,0,0,0,0,0,0,0,0,0,0,0,0,0,0,0,0,0,0,0,0,0,0,0,0,0,0,0,0,0,0,0,0,0,0,0,0,0,0,0,0,0,0,0,0,0,0,0,0,0,0,0,0,0,0,0,0,0,0,0,0,0,0,0,0,0,0,0,0,0,0,0,0,0,0,0,0,0,0,0,0,0,0,0,0,0,0,0,0,0,0,0,0,0,0,0,0,0,0,0,0,0,0,0,0,0,0,0,0,0,0,0,0,0,0,0,0,0,0,0,0,0,0,0,0,0,0,0,0,0,0,0,0,0,0,0,0,0,0,0,0,0,0,0,0,0,0,0,0,0,0,0,0,0,0,0,0,0,0,0,0,0,0,0,0,0,0,0,0,0,0,0,0,0,0,0,0,0,0,0,0,0,0,0,0,0,0,0,0,0,0,0,0,0,0,0,0,0,0,0,0,0,0,0,0,0,0,0,0,0,0,0,0,0,0,0,0,0,0,0,0,0,0,0,0,0,0,0,0,0,0,0,0,0,0,0,0,0,0,0,0,0,0,0,0,0,0,0,0,0,0,0,0,0,0,0,0,0,0,0,0,0,0,0,0,0,0,0,0,0,0,0,0,0,0,0,0
4,0,5,0,1,2,1,0,0,0,3,1,2,0,0,2,2,8,2,10,3,3,2,0,0,0,0,6,5,5,2,2,2,0,5,0,0,3,2,2,0,1,2,0,0,1,5,1,0,0,0,3,0,4,0,4,0,1,0,3,0,3,3,0,0,0,0,2,4,0,3,0,0,0,0,0,0,0,2,4,2,0,0,1,3,11,1,1,0,1,3,3,12,2,2,2,1,0,1,4,0,1,9,2,0,1,0,3,0,0,0,3,0,1,0,3,0,4,2,2,0,0,2,0,3,1,1,15,2,3,10,1,3,7,8,3,2,5,5,4,0,2,0,3,0,4,3,3,0,0,5,3,2,11,1,4,5,0,5,13,7,9,3,10,2,0,6,3,0,1,11,0,5,0,3,0,1,7,2,0,3,4,5,3,6,0,0,1,8,9,2,18,3,3,19,5,0,0,3,2,2,0,11,0,0,0,5,0,1,0,0,1,6,2,5,3,1,0,0,6,3,0,2,4,0,2,1,1,5,1,0,3,5,2,3,9,0,2,1,10,1,3,2,4,3,2,2,0,2,9,5,4,3,4,3,1,0,0,2,14,0,0,7,0,1,4,11,5,8,0,3,2,2,5,0,2,4,1,5,0,9,2,1,6,1,7,1,0,2,8
0,0,1,0,0,0,0,0,0,0,3,0,0,0,0,0,0,0,0,0,0,0,1,0,0,0,0,0,0,0,0,1,0,0,0,0,0,0,0,0,0,0,0,0,0,0,0,0,0,1,0,0,0,1,0,0,0,0,0,0,0,1,0,0,1,0,0,0,0,0,0,0,0,0,0,0,0,0,0,1,0,0,0,0,0,0,0,0,0,0,1,0,1,0,0,0,0,0,0,0,0,0,0,1,0,0,0,0,0,0,0,0,0,0,0,0,0,0,0,0,1,0,1,0,0,1,0,0,0,2,0,0,0,0,0,0,0,1,0,0,0,0,0,0,0,0,1,0,0,0,0,0,0,1,0,0,0,0,0,0,0,2,0,0,1,0,0,0,1,2,1,1,0,0,1,0,0,0,0,0,0,0,0,0,0,0,0,0,0,0,0,0,0,0,0,0,0,0,0,0,0,0,0,0,0,0,0,0,1,0,0,0,0,0,0,0,0,0,0,1,0,0,0,0,1,0,0,0,0,0,0,0,1,0,0,0,1,0,0,0,0,0,0,0,1,0,1,0,0,0,1,0,0,1,0,0,0,0,0,0,0,0,0,0,0,0,0,0,0,0,0,0,0,0,0,0,0,0,0,0,3,0,0,0,0,1,0,1,0,1
4,0,3,0,0,1,0,0,0,0,0,2,0,4,1,0,0,0,7,0,2,1,2,0,2,0,0,0,0,3,0,0,0,0,1,0,4,0,0,0,0,0,0,0,3,0,0,3,9,0,8,0,3,0,4,3,0,13,0,0,0,0,0,1,3,3,12,0,0,0,2,0,3,3,0,0,2,3,0,6,0,0,2,0,0,0,0,0,4,0,0,0,4,0,6,0,0,0,0,0,4,0,0,4,0,0,0,0,0,0,6,0,0,5,0,0,0,0,0,5,0,3,0,0,10,0,0,2,0,0,0,3,0,0,0,8,0,3,0,0,0,0,0,4,0,0,0,0,0,0,0,0,0,0,0,2,0,0,0,0,2,0,0,0,0,0,3,0,0,0,6,0,4,0,0,3,3,0,0,0,0,0,2,0,0,0,0,0,1,0,0,0,0,0,0,0,0,0,0,4,0,0,0,4,3,0,7,0,0,2,0,0,0,0,0,0,0,0,0,0,0,0,0,0,4,6,0,0,5,0,0,0,0,10,0,0,0,1,0,0,0,0,0,0,0,0,0,0,0,0,0,0,2,0,0,0,5,0,3,0,0,0,0,0,0,0,0,0,0,0,0,0,13,0,0,0,2,0,0,0,0,1,0,0,0,0,3,0,0,0
0,0,0,0,0,0,0,1,0,0,0,0,0,0,0,0,1,2,0,0,0,0,0,0,0,1,0,1,0,1,0,0,1,0,0,1,0,0,0,1,2,0,1,0,0,0,0,1,0,0,1,0,0,1,0,0,0,0,1,0,0,0,0,0,0,0,0,0,0,0,1,0,2,1,0,0,0,0,0,3,0,1,0,0,0,0,0,0,0,0,0,0,0,0,0,0,0,1,1,0,1,0,0,0,0,1,0,0,0,0,0,0,0,1,0,0,0,0,0,0,1,0,0,0,0,1,0,0,0,0,0,1,0,0,0,0,0,1,0,0,0,0,0,0,0,0,0,0,0,1,0,0,0,0,0,0,0,0,0,1,0,0,0,1,0,0,0,1,1,1,0,0,0,0,0,0,0,0,0,0,0,0,0,0,0,0,0,0,0,0,0,0,0,1,0,1,0,0,0,0,1,0,0,0,0,1,0,1,0,0,1,0,0,0,1,0,0,0,0,0,0,0,0,0,0,0,0,0,0,0,0,0,0,0,0,0,0,0,0,0,0,0,0,1,0,0,0,0,0,0,0,0,0,0,0,0,0,1,0,1,0,0,0,1,0,1,1,0,0,0,0,0,0,0,1,2,0,0,0,0,1,0,1,1,0,0,0,0,0,1
0,0,0,1,0,0,0,1,1,0,0,0,0,0,0,0,0,0,0,1,0,0,0,1,1,0,0,0,0,0,0,0,0,0,0,0,0,1,0,0,2,0,1,0,0,0,0,0,0,0,0,0,0,0,0,0,0,0,0,0,0,0,0,0,0,0,0,0,0,0,0,0,0,0,0,0,0,0,0,0,0,0,0,0,0,0,0,0,0,0,0,0,0,0,0,0,0,0,0,0,0,0,0,0,0,0,0,0,0,0,0,0,0,0,0,0,0,0,0,0,0,0,0,0,0,0,0,0,0,0,0,0,0,0,0,0,0,0,0,0,0,0,0,0,0,0,0,0,0,0,0,0,0,0,0,0,0,0,0,0,0,0,0,0,0,0,0,0,0,0,0,0,0,0,0,0,0,0,0,0,0,0,0,0,0,0,0,0,0,0,0,0,0,0,0,0,0,1,0,0,0,0,0,0,0,0,0,0,0,0,0,0,0,0,0,0,0,0,0,0,0,0,0,0,0,0,0,0,0,0,0,0,0,0,0,0,0,0,0,0,0,0,0,1,1,0,0,0,0,0,0,0,0,0,0,0,0,0,0,0,0,0,0,0,0,0,0,0,0,0,0,0,0,2,0,0,0,0,0,0,0,0,0,0,0,0,0,0,0,0
1,1,0,0,0,0,0,0,1,1,1,0,0,2,0,0,0,0,1,0,1,1,0,0,0,1,0,1,0,0,0,0,1,0,0,0,1,0,0,0,0,0,0,0,1,0,0,1,1,1,1,1,0,0,0,0,0,0,0,1,0,0,0,1,0,0,1,1,0,0,0,0,1,2,1,1,0,0,0,1,0,0,1,0,0,1,0,0,1,1,2,0,0,1,1,0,1,1,0,0,0,0,0,1,0,0,0,0,0,1,0,1,0,0,0,0,0,0,0,0,0,0,0,2,0,0,1,1,1,2,0,0,1,0,0,0,2,1,0,0,0,0,1,0,0,0,0,0,0,0,0,0,0,0,0,0,0,0,0,0,0,0,0,1,0,1,1,1,0,0,2,0,0,0,0,0,0,0,0,0,0,0,0,0,0,0,0,0,1,0,0,0,0,0,0,0,0,0,0,0,0,0,0,0,1,0,0,1,1,0,0,0,0,1,0,0,0,0,0,0,1,0,0,0,0,0,0,0,0,0,1,1,0,0,0,0,0,0,1,0,0,0,0,2,0,0,0,0,0,0,2,0,0,0,0,0,0,0,0,0,0,0,1,0,0,1,0,0,1,0,0,0,0,0,0,0,0,0,0,0,0,0,0,0,0,1,0,0,0,0
0,0,6,2,1,2,3,3,3,2,2,6,0,5,7,0,2,2,3,5,3,1,4,14,2,0,9,3,0,6,0,0,4,0,0,3,1,3,2,2,2,1,3,5,0,6,1,5,13,0,2,1,2,6,9,2,3,0,5,2,8,3,5,0,3,2,7,6,2,8,12,4,6,1,0,0,4,2,1,0,14,7,2,0,1,2,1,3,8,12,2,2,12,2,12,2,0,3,6,8,2,11,4,1,6,0,2,4,0,6,1,9,4,8,3,2,3,5,0,1,0,1,2,2,3,5,20,2,0,4,0,0,5,2,0,1,2,0,0,4,3,3,8,0,2,2,2,10,1,5,2,0,6,12,7,3,3,3,2,5,2,8,0,3,1,2,9,2,2,2,2,1,1,5,5,0,4,5,0,6,5,0,1,0,3,0,2,0,10,4,3,12,2,1,2,5,8,8,2,2,4,0,1,2,6,6,4,3,2,0,5,2,0,2,0,6,0,0,11,1,3,4,4,2,3,5,5,2,9,4,4,1,2,5,3,1,0,1,0,1,1,3,15,2,2,0,1,2,0,3,2,4,2,4,5,5,4,1,0,2,2,1,1,0,0,2,4,2,4,0,3,2,2,2,3,0,1,4,1,6,3,7,2,1,1,2,5,0,1,0
3,2,1,1,2,2,2,2,1,3,1,3,1,5,1,5,1,1,5,3,7,155,2,3,1,1,140,8,0,2,1,3,2,3,1,2,2,2,1,2,3,2,3,5,1,2,1,3,2,2,1,1,2,3,0,1,3,1,2,0,3,1,2,4,2,1,2,1,2,2,3,1,1,1,1,0,0,4,3,2,3,2,1,2,2,1,2,1,4,2,1,2,2,2,0,2,4,3,4,1,2,2,2,3,3,3,3,3,1,2,2,4,3,1,1,1,3,1,2,3,0,1,2,1,2,0,2,0,1,1,3,2,1,4,1,1,2,1,1,1,2,3,2,2,1,4,2,1,0,0,1,0,2,3,3,2,1,3,3,1,2,2,1,0,2,0,2,3,3,3,4,3,2,2,1,1,1,2,3,1,2,2,1,2,2,1,2,2,1,1,2,0,2,2,2,2,1,0,1,1,1,3,1,2,2,1,1,1,2,2,1,3,1,1,1,1,0,1,3,2,0,1,2,1,2,2,2,0,4,2,2,0,2,2,1,4,2,0,3,2,3,3,1,1,1,0,1,0,2,2,0,1,1,5,2,0,0,1,2,1,2,1,2,2,1,1,1,1,2,1,1,2,0,1,1,2,0,3,1,1,0,0,1,1,1,2,2,1,1,0
1,3,1,19,4,1,0,0,2,0,0,4,0,0,0,0,6,2,0,2,0,0,2,2,0,0,2,0,0,0,10,4,4,2,0,5,2,0,4,6,7,2,2,0,1,13,3,3,0,0,3,5,1,3,0,2,1,3,5,4,3,3,13,0,1,2,2,6,3,0,4,0,6,0,0,6,0,1,2,2,6,1,1,1,4,0,4,0,2,0,0,0,0,4,0,0,1,2,6,0,2,0,0,0,1,2,2,1,1,2,0,0,2,0,0,0,0,3,0,0,0,3,0,0,0,0,0,0,2,0,0,0,2,0,3,2,2,0,0,0,2,0,1,1,0,3,0,2,2,3,4,0,0,0,2,0,14,2,7,3,0,5,2,3,1,4,2,7,1,0,1,0,5,0,4,4,0,1,1,2,0,4,0,0,0,1,0,2,0,1,4,0,2,0,1,0,0,6,1,1,0,4,0,0,0,2,3,0,2,1,1,0,0,0,0,0,2,3,1,0,0,0,0,0,0,0,0,0,0,0,0,0,2,4,5,0,0,6,0,2,5,0,0,0,0,2,2,3,5,1,0,0,2,0,0,0,0,0,3,3,0,2,7,0,1,0,0,0,0,3,1,0,0,4,3,4,0,2,1,0,3,0,0,0,0,0,0,0,0,0
9,0,0,0,0,0,0,0,0,0,0,0,0,30,0,4,0,2,0,0,6,0,0,0,0,0,3,0,0,0,0,0,0,0,0,0,0,0,6,0,0,0,0,0,0,12,0,0,0,0,0,0,0,12,0,0,0,0,0,0,0,0,0,0,0,4,0,0,0,0,10,0,0,0,9,0,12,0,0,0,0,0,0,0,3,4,0,0,0,0,0,9,0,0,0,0,0,0,0,0,0,0,0,0,0,0,0,0,3,0,0,0,0,7,2,0,0,0,0,4,0,0,7,0,0,4,0,0,0,0,0,0,0,0,0,0,0,0,0,8,0,0,3,0,8,0,5,0,0,7,9,0,0,0,0,3,0,0,0,0,7,0,0,0,0,0,0,0,0,0,0,0,0,0,0,0,0,0,0,0,0,0,12,0,0,5,0,0,0,0,0,0,0,10,0,0,0,0,0,0,11,3,0,0,5,0,4,0,0,0,0,0,2,0,0,0,0,0,0,0,8,0,0,0,3,7,0,0,0,7,0,0,0,0,0,13,10,10,5,0,0,0,0,0,0,0,0,0,0,0,0,7,0,0,0,0,0,0,0,0,20,6,0,0,0,0,0,0,4,8,6,0,0,0,0,0,0,0,0,1,0,0,0,0,0,0,8,0,0,0
2,0,0,3,3,4,2,4,0,4,5,2,0,0,1,1,2,4,3,2,2,0,2,3,2,1,5,1,7,2,2,5,1,2,4,4,0,3,2,2,1,1,1,6,3,3,3,2,2,3,1,2,1,4,3,6,2,2,2,2,4,2,0,0,4,1,0,2,3,1,1,2,3,3,1,1,0,0,3,1,1,1,1,2,3,1,2,4,1,1,2,3,0,2,1,1,3,4,1,2,6,1,2,1,5,2,7,2,1,2,0,2,5,3,5,2,1,4,0,2,2,2,4,2,1,2,1,0,3,2,3,0,1,4,2,4,3,3,7,1,3,2,1,1,1,3,2,1,2,2,3,1,1,1,2,3,3,2,2,3,0,2,4,5,1,3,1,3,1,3,2,1,0,1,2,2,5,0,2,5,2,2,1,1,2,2,2,0,0,3,2,4,2,0,1,1,0,3,1,1,1,4,3,2,1,3,1,1,3,4,1,0,2,1,1,1,2,1,2,2,2,1,0,0,1,2,3,1,0,1,0,0,0,1,1,1,2,1,2,1,3,1,1,1,2,1,1,0,4,2,2,0,1,0,0,1,2,0,2,7,5,3,1,3,1,1,1,2,1,0,2,0,4,2,4,0,1,0,0,1,3,0,2,0,1,2,0,2,2,2
0,0,0,0,4,2,3,0,0,0,0,0,0,0,0,0,2,0,0,0,0,0,0,0,0,0,0,0,0,0,0,0,1,0,2,2,0,3,1,0,1,0,1,0,0,0,2,0,0,0,0,0,2,0,0,0,0,2,0,0,0,0,0,0,0,0,0,0,0,0,1,0,3,0,1,0,0,0,0,0,0,0,1,0,0,2,0,0,0,0,0,0,0,0,0,0,0,0,0,3,0,0,0,0,0,0,0,2,0,0,0,0,0,3,0,7,0,0,0,0,0,0,0,2,0,0,0,2,0,0,0,0,1,3,0,1,0,0,0,1,0,1,0,1,1,1,0,0,0,0,0,0,0,0,1,2,1,0,2,0,1,4,0,1,0,0,2,3,0,0,1,0,1,0,3,0,0,2,0,0,0,0,2,3,0,0,0,1,0,3,4,0,0,1,1,0,0,0,0,0,4,0,0,1,0,0,0,0,0,0,0,2,0,0,0,0,2,1,0,0,1,0,1,0,0,1,2,0,0,1,0,2,0,0,0,0,0,0,0,0,0,0,0,0,1,0,0,0,0,0,0,1,0,0,1,0,1,0,0,0,0,0,5,0,0,0,0,0,2,0,0,1,0,0,0,2,0,0,0,0,0,1,0,0,1,1,0,0,0,0
0,0,0,2,0,1,2,0,0,2,0,0,0,0,2,0,0,5,0,0,1,0,0,5,4,0,0,0,13,0,0,0,0,0,0,0,5,0,4,1,1,5,2,0,0,4,1,0,1,0,0,0,0,0,0,2,2,0,1,0,0,0,0,0,5,0,0,0,3,0,2,0,3,0,0,1,0,4,0,0,0,0,0,0,0,0,2,2,0,2,0,0,0,0,0,0,1,0,0,0,0,0,0,0,1,3,0,1,0,0,0,0,0,0,3,2,0,0,0,3,2,0,0,0,0,0,0,0,0,4,0,4,2,0,2,0,3,0,2,0,0,1,0,0,0,0,0,0,0,0,0,0,0,0,0,2,1,1,0,0,0,0,0,0,0,0,0,0,0,0,0,2,0,1,0,0,4,0,0,2,5,0,0,0,0,1,2,0,0,0,6,0,0,0,1,0,0,0,0,0,1,0,0,4,2,0,0,0,0,0,0,0,2,0,2,3,0,0,0,0,0,0,0,0,0,3,0,2,5,0,0,0,0,0,0,0,0,0,0,0,2,0,0,3,0,0,0,0,0,0,0,0,2,0,2,0,0,1,2,3,0,0,3,1,0,5,6,5,0,0,2,0,2,2,0,0,1,0,0,0,2,6,0,2,0,0,0,0,1,0
0,10,0,0,0,0,0,9,0,0,0,0,0,0,0,0,0,0,0,0,0,0,8,5,0,0,0,0,0,0,0,0,0,0,0,0,0,0,0,0,0,14,0,0,0,0,0,0,0,0,0,0,0,0,0,0,0,0,0,0,0,0,0,0,0,0,0,0,0,0,0,0,11,0,0,11,0,0,0,0,0,0,0,0,0,0,0,0,0,0,0,0,0,0,0,43,0,0,0,0,3,0,0,0,0,0,0,0,0,0,0,0,0,0,0,0,9,0,0,0,0,0,0,0,13,13,0,0,0,0,21,0,0,0,0,6,0,0,0,0,9,0,0,0,18,0,0,0,0,0,12,0,17,0,0,0,0,10,0,0,9,16,0,0,0,0,13,0,0,0,3,0,12,0,5,0,0,0,0,0,4,0,0,0,0,0,0,0,7,0,0,0,0,0,0,0,0,0,4,7,0,0,0,0,0,10,0,0,0,0,0,0,0,0,0,0,0,0,6,0,0,0,0,0,0,0,0,0,0,0,0,0,0,0,0,0,0,0,0,0,4,0,0,0,0,0,0,0,0,0,0,0,0,4,0,0,0,0,0,0,0,21,0,0,0,0,0,10,0,0,0,10,0,0,0,0,0,0,0,0,0,0,0,0,9,0,0,0,0,0
0,1,0,0,0,0,0,0,0,2,1,0,0,0,0,0,0,0,0,0,0,0,0,0,0,0,0,0,0,2,0,0,0,0,0,0,0,0,0,1,0,0,0,0,0,0,0,0,0,0,0,0,0,0,0,0,0,0,0,1,0,0,0,0,0,0,0,0,2,0,1,0,0,1,0,0,0,1,0,0,0,0,2,0,0,0,0,0,1,0,1,0,0,0,1,0,0,0,0,0,1,0,0,1,0,0,0,0,0,0,0,0,0,0,0,0,0,0,0,0,1,0,0,0,3,0,0,0,0,0,0,0,1,0,0,0,0,0,0,0,0,0,0,0,0,0,0,0,0,0,1,0,0,0,2,0,0,0,0,0,0,0,0,0,0,0,0,0,0,1,0,1,0,0,0,0,1,0,0,0,1,0,1,0,0,0,0,0,0,0,0,0,0,0,0,0,0,0,1,0,1,0,0,1,0,0,0,0,2,0,0,0,0,0,0,0,0,0,0,0,0,0,0,0,0,0,2,2,0,0,0,1,0,0,1,0,1,0,2,0,0,0,1,0,0,0,1,1,0,0,0,0,0,0,1,0,0,0,0,0,0,0,0,0,0,0,0,0,0,0,0,0,0,0,0,0,3,0,0,0,0,0,0,0,0,1,0,0,0,0
8,2,0,0,0,0,0,1,0,2,0,3,0,0,2,2,1,0,1,0,3,7,0,0,0,1,1,0,0,0,0,1,2,3,0,0,0,0,0,0,0,0,0,0,0,0,0,0,0,0,0,5,0,0,0,0,0,0,0,1,1,0,0,0,0,0,0,0,0,0,1,0,1,0,0,0,0,0,0,2,0,0,0,0,0,0,0,0,4,0,0,0,1,0,0,0,0,0,0,1,0,0,0,0,1,0,0,2,0,0,0,0,1,1,0,1,0,0,0,0,0,0,0,0,0,0,0,0,2,1,0,0,0,0,0,0,0,0,0,0,0,0,0,0,0,0,0,0,0,0,0,0,0,1,0,0,0,0,0,0,0,0,0,0,1,0,0,0,0,0,0,2,0,0,0,0,0,1,0,0,0,0,0,0,0,1,0,1,0,0,1,0,0,0,0,0,0,0,0,2,0,1,0,0,0,1,3,0,0,0,0,0,0,0,0,0,0,0,0,0,0,0,0,0,0,0,0,1,1,0,0,0,1,0,0,2,0,0,0,0,0,1,0,1,0,0,0,0,0,0,0,0,0,0,0,2,0,1,1,0,0,0,0,0,0,0,0,1,0,0,0,0,0,0,0,0,0,0,0,0,0,0,0,0,0,0,0,0,0,0
0,0,0,0,0,0,0,0,0,0,0,0,0,0,0,0,0,0,0,2,0,0,0,0,0,1,0,0,0,0,0,0,0,1,0,0,0,0,1,0,0,2,2,0,0,0,0,0,0,0,0,0,0,0,0,0,0,0,0,0,0,0,0,0,0,0,0,0,1,0,2,0,0,0,0,0,0,0,0,2,0,2,0,0,0,0,0,0,0,0,0,0,0,0,7,0,0,0,0,0,2,0,0,2,0,0,1,0,0,0,0,0,1,0,0,0,0,0,0,0,0,0,0,0,1,0,2,0,2,1,1,0,1,0,0,2,0,0,0,0,0,0,0,0,1,0,0,0,0,0,0,0,0,0,2,0,0,0,0,1,1,1,0,1,0,0,0,0,0,0,7,0,6,0,0,0,0,0,1,0,0,2,0,0,0,0,0,0,0,0,0,0,0,1,0,0,0,0,0,0,0,0,1,0,0,0,0,0,0,0,0,0,0,0,0,0,0,0,0,0,0,0,0,0,0,0,0,1,0,5,0,0,0,0,0,0,0,0,0,0,0,4,0,0,0,1,1,1,0,0,0,0,1,0,0,0,0,0,0,0,0,0,0,0,0,0,1,0,0,0,0,0,4,0,0,0,0,0,0,0,0,0,0,0,0,0,0,0,0,0
0,1,5,0,1,2,3,2,1,2,1,2,0,2,4,3,1,0,1,2,2,2,0,1,4,3,1,4,0,1,1,3,1,2,0,0,2,0,1,1,1,0,1,0,6,0,0,1,0,5,4,2,2,0,1,5,1,0,5,4,1,4,1,0,1,1,2,3,0,0,2,4,1,1,4,2,5,1,2,3,0,1,3,2,1,0,4,0,2,1,3,3,1,1,2,1,3,1,6,2,0,4,1,0,1,1,0,1,2,2,4,2,1,4,1,1,1,3,3,0,0,0,1,1,1,0,0,2,1,3,1,0,0,2,2,4,0,0,1,4,2,2,2,2,1,1,3,1,3,2,1,1,2,1,1,0,0,1,2,2,0,2,3,0,0,2,0,1,0,1,0,1,0,0,1,1,2,1,2,0,2,3,1,1,0,0,1,1,2,0,0,1,0,0,2,3,0,1,1,1,0,0,4,3,0,0,0,1,0,1,1,0,1,1,1,2,1,3,1,3,0,1,1,2,1,1,1,0,1,1,0,0,2,1,2,1,1,1,2,2,1,1,5,1,0,0,1,3,0,1,2,1,2,1,0,0,1,0,1,0,0,1,3,1,1,0,0,1,0,0,2,1,2,2,1,1,0,2,1,2,0,1,1,0,1,1,2,0,0,0
0,0,0,0,0,0,0,0,0,0,0,0,0,0,0,0,0,0,0,0,0,0,0,0,0,0,0,0,0,0,0,0,0,0,0,0,0,0,0,0,0,0,0,0,0,0,0,0,0,0,0,0,0,0,0,0,0,0,0,0,0,0,0,0,0,0,0,0,0,0,0,0,0,0,0,0,0,0,0,0,0,0,0,0,0,0,0,0,0,0,0,0,0,0,0,0,0,0,0,0,0,0,0,0,0,0,0,0,0,0,0,0,0,0,0,0,0,0,0,0,0,0,0,0,0,0,0,0,0,0,0,0,0,0,0,0,0,0,0,0,0,0,0,0,0,0,0,0,0,0,0,0,0,0,0,0,0,0,0,0,0,0,0,0,0,0,0,0,0,0,0,0,0,0,0,0,0,0,0,0,0,0,0,0,0,0,0,0,0,0,0,0,0,0,0,0,0,0,0,0,0,0,0,0,0,0,0,0,0,0,0,0,0,0,0,0,0,0,0,0,0,0,0,0,0,0,0,0,0,0,0,0,0,0,0,0,0,0,0,0,0,0,0,0,0,0,0,0,0,0,0,0,0,0,0,0,0,0,0,0,0,0,0,0,0,0,0,0,0,0,0,0,0,0,0,0,0,0,0,0,0,0,0,0,0,0,0,0,0,0
1,2,7,10,4,2,3,1,1,4,4,4,7,0,2,2,7,3,5,5,4,11,1,4,2,0,1,1,2,7,2,4,3,5,12,2,0,4,1,2,1,4,5,4,1,2,1,0,2,3,8,1,0,1,5,2,5,0,5,3,4,1,8,1,10,4,0,11,5,2,2,1,1,2,0,4,1,5,5,4,5,1,5,4,3,4,2,6,1,0,1,1,1,1,2,1,5,3,5,3,3,1,1,1,7,2,4,0,1,2,3,4,3,7,1,5,3,3,6,4,2,10,9,2,4,3,0,4,5,4,0,2,0,0,3,1,1,2,2,2,1,2,4,3,2,2,6,0,3,1,7,1,0,6,5,4,1,3,0,3,4,1,5,6,7,9,2,3,9,1,1,2,1,4,4,3,5,7,2,2,1,7,2,1,0,1,0,1,3,2,3,3,1,4,2,0,4,6,3,2,0,1,3,2,1,3,1,1,7,1,1,3,0,1,5,0,0,0,3,2,3,5,7,3,0,2,2,2,2,0,3,0,3,3,1,6,7,3,1,3,4,1,3,3,0,3,0,1,4,0,2,2,1,1,1,7,0,2,8,4,3,0,5,1,3,0,3,2,0,0,0,0,1,1,5,5,6,8,1,15,2,2,3,0,3,4,0,5,10,4
0,0,0,0,0,0,0,0,0,0,0,0,0,0,0,0,0,0,0,0,0,0,0,0,0,0,0,0,0,0,0,0,0,0,0,0,0,0,0,0,0,0,0,0,0,0,0,0,0,0,0,0,0,0,0,0,0,0,0,0,0,0,0,0,0,0,0,0,0,0,0,0,0,0,0,0,0,0,0,0,0,0,0,0,0,0,0,0,0,0,0,0,0,0,0,0,0,0,0,0,0,0,0,0,0,0,0,0,0,0,0,0,0,0,0,0,0,0,0,0,0,0,0,0,0,0,0,0,0,0,0,0,0,0,0,0,0,0,0,0,0,0,0,0,0,0,0,0,0,0,0,0,0,0,0,0,0,0,0,0,0,0,0,0,0,0,0,0,0,0,0,0,0,0,0,0,0,0,0,0,0,0,0,0,0,0,0,0,0,0,0,0,0,0,0,0,0,0,0,0,0,0,0,0,0,0,0,0,0,0,0,0,0,0,0,0,0,0,0,0,0,0,0,0,0,0,0,0,0,0,0,0,0,0,0,0,0,0,0,0,0,0,0,0,0,0,0,0,0,0,0,0,0,0,0,0,0,0,0,0,0,0,0,0,0,0,0,0,0,0,0,0,0,0,0,0,0,0,0,0,0,0,0,0,0,0,0,0,0,0
17,69,32,2,20,58,0,23,17,87,14,62,11,64,0,58,4,12,44,4,23,85,20,14,14,19,16,49,14,30,1,3,10,23,14,1,13,5,3,4,5,11,4,49,77,17,3,39,44,44,45,5,20,22,24,13,0,4,34,24,28,44,1,11,12,16,3,12,0,79,10,7,4,7,54,10,18,0,67,13,35,23,18,9,11,6,25,4,17,5,13,25,9,43,16,31,16,47,25,24,5,39,28,8,27,7,19,13,0,18,6,19,20,34,1,13,4,17,22,2,24,11,9,16,10,5,15,58,14,12,30,7,31,24,18,30,36,11,0,42,14,19,2,34,2,14,18,17,23,35,3,8,13,12,2,12,2,4,21,51,13,13,8,23,4,32,4,31,17,0,28,32,0,5,40,15,20,18,11,6,31,15,11,17,10,20,0,29,15,3,15,14,1,27,18,12,9,11,21,0,9,14,6,3,29,4,9,16,25,22,18,5,20,2,14,21,11,19,5,9,12,14,9,21,11,23,9,15,4,11,12,42,14,23,19,4,11,30,15,10,18,7,1,31,0,2,11,25,13,1,31,0,15,11,24,19,23,6,2,23,8,6,19,4,41,11,8,8,6,0,28,5,2,15,17,7,11,22,8,23,1,8,9,11,1,19,13,5,0,0
0,0,0,1,0,0,0,0,0,0,0,0,0,1,0,0,0,0,1,0,0,0,0,0,0,0,0,1,0,0,2,0,0,0,0,1,0,0,0,0,0,0,0,1,0,0,0,1,0,0,0,0,0,1,0,0,0,0,1,0,0,0,0,0,0,0,0,0,0,0,0,0,0,0,1,0,0,2,0,0,1,0,0,0,1,1,0,0,0,0,0,0,0,0,0,0,1,0,0,0,0,0,0,0,0,0,0,0,0,0,0,1,0,0,0,0,0,0,0,0,1,0,0,0,0,0,0,0,2,0,0,0,0,0,0,0,1,0,0,0,2,0,0,1,0,0,0,0,0,0,1,0,0,1,0,0,0,1,0,0,0,0,0,0,0,0,0,0,1,0,3,3,0,0,0,0,0,0,0,0,0,0,0,0,0,1,0,0,0,0,0,0,0,0,1,0,0,0,0,0,0,0,0,0,0,0,0,0,0,0,0,0,4,0,4,0,1,0,0,0,2,0,0,0,0,0,0,0,0,0,0,0,2,0,0,0,0,1,0,0,0,0,0,0,0,0,0,0,1,0,0,0,0,0,0,0,0,0,0,1,0,0,0,0,2,0,0,0,0,0,0,0,0,0,0,0,0,1,0,0,1,0,0,0,1,0,0,0,0,1
0,0,0,0,0,0,0,0,0,0,0,0,0,0,0,0,0,0,0,0,0,0,0,0,0,0,0,0,0,0,0,0,0,0,0,0,0,0,0,0,0,0,0,0,0,0,0,0,0,0,0,0,0,0,0,0,0,0,0,0,0,0,0,0,0,0,0,0,0,0,0,0,0,0,0,0,0,0,0,0,0,0,0,0,0,0,0,0,0,0,0,0,0,0,0,0,0,0,0,0,0,0,0,0,0,0,0,0,0,0,0,0,0,0,0,0,0,0,0,0,0,0,0,0,0,0,0,0,0,0,0,0,0,0,0,0,0,0,0,0,0,0,0,0,0,0,0,0,0,0,0,0,0,0,0,0,0,0,0,0,0,0,0,0,0,0,0,0,0,0,0,0,0,0,0,0,0,0,0,0,0,0,0,0,0,0,0,0,0,0,0,0,0,0,0,0,0,0,0,0,0,0,0,0,0,0,0,0,0,0,0,0,0,0,0,0,0,0,0,0,0,0,0,0,0,0,0,0,0,0,0,0,0,0,0,0,0,0,0,0,0,0,0,0,0,0,0,0,0,0,0,0,0,0,0,0,0,0,0,0,0,0,0,0,0,0,0,0,0,0,0,0,0,0,0,0,0,0,0,0,0,0,0,0,0,0,0,0,0,0
5,8,3,0,3,0,0,4,3,0,0,3,3,8,9,4,0,0,13,0,3,2,5,3,0,4,1,3,3,1,0,0,0,5,0,0,4,0,0,0,0,5,0,8,4,0,0,6,21,0,4,10,0,6,3,0,0,0,3,1,0,18,0,0,0,0,3,4,2,5,1,0,2,3,0,0,0,0,4,5,0,0,1,6,0,4,5,0,1,0,0,2,0,0,3,10,2,0,4,0,0,2,0,0,0,0,0,0,1,2,3,0,2,2,0,1,0,2,2,0,0,0,0,3,8,0,2,2,0,7,4,0,0,3,2,0,8,0,0,5,0,0,2,8,3,0,0,0,0,0,0,0,0,0,1,3,10,6,3,3,0,4,4,0,0,2,2,0,4,6,4,1,3,0,0,0,0,2,5,0,0,8,3,0,7,4,0,4,2,0,3,0,0,2,5,0,0,3,4,0,1,4,14,1,3,0,2,0,0,3,0,0,9,0,0,7,0,0,4,12,0,9,4,2,5,3,3,0,0,2,5,1,0,0,0,0,0,0,3,0,0,9,0,10,0,0,0,5,0,5,6,5,2,0,0,0,1,0,0,2,0,7,2,0,2,0,0,2,0,0,0,0,0,0,0,0,0,0,0,0,0,0,0,0,0,0,0,0,0,0
0,0,0,0,0,0,0,0,1,0,0,0,0,0,0,0,0,0,0,0,1,0,0,0,0,1,0,0,0,0,0,0,0,0,0,0,1,1,0,0,0,1,1,0,0,0,0,0,0,0,0,1,0,0,0,0,1,0,0,0,0,0,0,0,0,0,0,0,0,0,0,1,0,0,0,0,0,1,0,0,0,0,1,0,0,0,0,0,0,0,0,0,0,0,0,0,0,0,1,0,0,0,0,0,0,0,0,0,1,0,0,0,0,1,0,1,0,0,0,0,0,0,0,0,0,0,0,0,0,0,0,0,0,0,0,0,1,0,0,0,1,0,0,0,1,0,0,0,0,0,0,1,0,0,0,0,1,0,0,0,0,0,1,0,0,0,0,0,0,0,0,0,0,0,1,0,0,0,0,0,0,0,0,0,0,0,2,0,0,0,0,0,0,0,0,0,0,0,0,1,1,0,0,0,0,0,0,0,1,1,0,0,0,0,1,0,0,0,0,0,0,0,0,0,0,1,0,0,0,0,0,0,1,0,0,0,0,0,0,1,0,0,0,0,0,1,0,0,0,0,1,0,1,0,0,0,0,0,0,1,0,1,1,1,0,0,0,0,0,0,0,0,0,0,0,2,0,1,0,0,0,0,0,1,0,0,0,0,0,0
0,0,0,0,0,0,0,0,0,0,0,0,0,0,0,0,0,0,0,0,0,0,0,0,0,0,0,0,0,0,0,0,0,0,0,0,0,0,0,0,0,0,0,0,0,0,0,0,0,0,0,0,0,0,0,0,1,0,0,0,0,0,0,0,0,0,0,0,0,0,0,0,0,0,0,0,0,0,0,0,0,0,0,0,0,0,0,0,0,0,0,0,0,0,0,0,0,0,0,0,0,0,0,0,0,0,0,0,0,0,0,0,0,0,0,0,0,0,0,0,0,0,0,0,0,0,0,0,0,0,0,0,0,0,0,0,0,0,0,0,0,0,0,0,0,0,0,0,0,0,0,0,1,0,0,0,0,0,0,0,0,0,0,0,0,0,0,0,0,0,0,0,0,0,0,0,0,0,0,0,0,0,0,0,0,0,0,0,0,0,0,0,0,0,0,0,0,0,0,0,0,0,0,0,0,0,0,0,0,0,0,0,0,0,0,0,0,0,0,0,0,0,0,0,0,0,0,0,0,0,0,0,0,0,0,0,0,0,0,0,0,0,0,0,0,0,0,0,0,0,0,0,0,0,0,0,0,0,0,0,0,0,0,0,0,0,0,0,0,0,0,0,0,0,0,0,0,0,0,0,0,0,0,0,0,0,0,0,0,0
1,3,1,0,1,2,5,2,2,2,4,0,1,1,1,0,7,3,1,1,1,4,0,2,0,0,0,1,1,0,4,3,4,1,7,8,0,5,1,3,3,2,3,0,0,4,1,0,0,1,1,0,0,2,0,1,1,0,1,3,2,1,4,2,9,0,2,1,0,2,1,0,6,0,0,3,0,1,0,0,1,3,0,1,4,0,2,2,0,1,1,0,0,6,0,1,8,0,0,0,2,1,6,0,3,4,1,1,0,2,1,2,4,2,5,1,6,2,0,1,2,0,1,0,1,3,0,3,0,0,0,1,1,0,1,0,0,1,0,1,5,2,2,0,1,0,5,0,1,2,1,1,1,2,1,2,1,1,1,3,0,0,3,0,10,0,1,0,0,2,3,1,2,2,1,2,1,0,2,3,1,1,0,1,0,1,1,0,0,0,2,0,1,1,0,1,0,4,0,4,4,1,0,1,0,6,0,0,6,4,1,3,0,0,0,0,3,0,0,1,0,3,2,1,5,4,0,0,6,0,1,1,3,1,3,0,1,0,0,2,2,0,0,0,2,2,4,1,2,3,1,4,1,1,3,0,3,0,2,1,3,0,2,2,1,4,0,2,3,3,2,0,3,2,0,1,0,2,2,1,2,0,3,2,2,1,0,1,1,2
0,0,0,0,0,0,0,0,1,0,2,2,1,0,0,0,0,0,0,0,0,0,0,0,0,0,0,0,0,0,0,0,0,0,0,0,0,0,0,0,0,1,0,0,0,1,0,0,0,0,0,1,1,0,0,1,0,0,0,0,0,0,0,0,0,0,0,0,0,0,0,0,0,1,2,0,0,0,0,0,0,0,0,0,0,0,0,0,0,1,0,0,0,0,0,0,0,0,1,0,0,1,0,0,0,0,0,0,0,0,0,0,0,0,0,0,0,0,0,0,0,0,0,0,0,1,1,0,1,0,0,0,0,1,1,0,0,1,0,0,0,1,0,0,0,0,1,0,1,0,0,0,0,0,0,0,0,0,0,0,0,0,0,0,0,0,0,0,0,0,1,2,0,0,0,0,0,0,0,1,1,0,0,1,0,0,0,0,0,0,0,0,0,0,0,0,0,0,0,0,0,0,0,0,0,0,1,0,0,0,0,1,0,0,0,0,0,0,0,0,0,0,1,0,0,0,1,1,1,0,0,0,0,0,0,0,0,0,0,0,0,0,1,0,0,0,0,0,0,0,1,0,0,0,0,0,0,0,0,0,0,0,0,0,0,0,0,0,1,0,2,0,2,0,0,0,0,0,0,0,0,0,0,0,0,0,0,0,0,1
0,0,0,0,0,0,0,0,0,0,0,0,0,0,0,0,0,0,0,0,0,0,0,0,0,0,0,0,0,0,0,0,0,0,0,0,0,0,0,0,0,0,0,0,0,0,0,0,0,0,0,0,0,0,0,0,0,0,0,0,0,0,0,0,0,0,0,0,0,0,0,0,0,0,0,0,0,0,0,0,0,0,0,0,0,0,0,0,0,0,0,0,0,0,0,0,0,0,0,0,0,0,0,0,0,0,0,0,0,0,0,0,0,0,0,0,0,0,0,0,0,0,0,0,0,0,0,0,0,0,0,0,0,0,0,0,0,0,0,0,0,0,0,0,0,0,0,0,0,0,0,0,0,0,0,0,0,0,0,0,0,0,0,0,0,0,0,0,0,0,0,0,0,0,0,0,0,0,0,0,0,0,0,0,0,0,0,0,0,0,0,0,0,0,0,0,0,0,0,0,0,0,0,0,0,0,0,0,0,0,0,0,0,0,0,0,0,0,0,0,0,0,0,0,0,0,0,0,0,0,0,0,0,0,0,0,0,0,0,0,0,0,0,0,0,0,0,0,0,0,0,0,0,0,0,0,0,0,0,0,0,0,0,0,0,0,0,0,0,0,0,0,0,0,0,0,0,0,0,0,0,0,0,0,0,0,0,0,0,0
1,2,6,0,0,0,0,7,5,1,0,3,0,1,3,3,0,0,1,0,2,2,3,0,0,4,3,1,1,6,0,0,0,3,0,0,3,0,0,0,1,0,0,1,5,0,0,2,2,3,1,3,5,2,2,0,0,1,0,2,1,5,0,5,0,1,3,1,0,2,3,1,0,2,2,0,1,0,2,0,1,3,3,0,0,0,1,0,3,2,2,2,2,1,1,1,0,0,2,1,1,1,0,2,0,1,1,0,0,3,1,3,0,1,0,1,0,1,0,0,0,0,0,2,4,1,1,2,1,3,0,3,1,1,3,1,3,1,1,0,0,1,0,2,1,0,2,0,2,2,0,2,0,1,0,2,0,1,1,1,0,0,1,2,1,0,1,0,1,3,1,0,1,0,1,2,1,0,1,0,1,0,0,1,0,2,2,1,0,0,0,1,1,2,1,1,1,3,0,0,1,1,0,1,1,2,0,1,1,0,0,1,0,0,0,1,1,3,1,1,1,0,1,2,1,0,1,0,0,0,0,0,0,0,3,0,1,0,0,1,0,0,0,0,0,1,0,1,0,0,0,0,1,1,1,1,0,3,1,0,1,0,0,0,1,1,1,0,1,0,0,1,1,0,1,1,1,1,1,2,1,1,0,1,0,0,2,0,1,1
2,6,10,0,0,4,2,1,3,0,0,3,0,5,7,0,0,0,4,0,0,1,5,0,13,5,0,0,0,11,0,7,1,2,5,0,1,4,0,0,4,0,0,3,4,4,0,7,11,0,13,10,13,12,9,3,3,0,10,0,11,2,7,0,0,0,6,6,0,1,0,0,2,0,2,6,7,4,3,7,7,0,1,7,5,2,0,0,3,0,4,4,0,4,2,4,6,0,2,4,1,3,0,0,0,1,0,8,0,4,0,0,3,0,0,0,2,0,0,3,3,0,0,0,0,13,3,1,0,3,7,0,4,0,0,7,3,0,0,0,3,4,3,0,2,0,0,0,0,0,3,0,3,2,0,0,3,1,7,6,8,1,3,12,0,2,6,2,13,3,8,0,0,2,10,5,5,4,1,0,2,3,2,0,3,3,0,2,2,0,4,0,0,0,2,0,8,2,3,6,0,3,2,0,3,1,2,0,12,4,3,0,6,2,6,2,0,7,0,7,4,0,0,0,0,0,0,5,9,0,3,0,7,3,0,0,0,0,0,2,4,0,0,0,0,2,3,7,6,0,0,0,0,0,7,2,0,17,1,3,3,0,2,0,0,0,0,0,0,14,1,6,0,1,6,2,3,0,0,0,1,0,0,4,2,0,2,1,0,0
0,0,0,0,0,0,0,0,0,0,0,0,0,0,0,1,0,0,0,0,0,0,0,0,0,0,0,0,0,0,0,0,0,0,0,0,0,0,0,0,0,0,0,0,0,0,0,0,0,0,0,0,0,0,0,0,0,0,0,0,0,0,0,0,0,0,0,0,0,0,0,0,0,0,0,0,0,0,0,0,0,0,0,0,0,0,0,0,0,0,0,0,0,0,0,0,0,0,0,0,0,0,0,0,0,0,0,0,0,0,0,0,0,0,0,0,0,0,0,0,0,0,0,0,0,0,0,0,0,0,0,0,0,0,0,0,0,0,0,0,0,0,0,0,0,0,0,0,0,0,0,0,0,0,0,0,0,0,0,0,0,0,0,0,0,0,0,0,0,0,0,0,0,0,0,0,0,0,0,0,0,0,0,0,0,0,0,0,0,0,0,0,0,0,0,0,0,0,0,0,0,0,0,0,0,0,0,0,0,0,0,0,0,0,0,0,0,0,0,0,0,0,1,0,0,0,0,0,0,0,0,0,0,0,0,0,0,0,0,1,0,0,0,0,0,0,0,0,0,0,0,0,0,0,0,0,0,0,0,0,0,0,0,0,0,0,0,0,0,0,0,0,0,0,0,0,0,0,0,0,0,0,0,0,0,0,0,0,0,0
0,0,3,2,0,0,0,3,1,0,0,0,0,0,2,0,0,0,5,0,0,0,0,0,4,0,0,1,3,0,0,1,0,0,0,0,0,0,0,0,0,0,0,0,0,0,2,0,0,0,0,0,6,0,0,0,0,4,0,0,0,0,0,0,0,0,0,2,0,0,2,0,0,1,2,0,0,1,0,2,0,0,0,0,0,0,0,0,0,1,0,0,0,0,0,0,0,0,0,3,0,0,0,0,1,0,0,0,0,1,0,0,4,0,2,0,0,0,0,0,0,0,0,0,2,0,0,0,0,0,0,0,0,0,5,0,0,0,0,0,0,0,0,0,0,3,0,0,0,0,0,0,2,0,0,0,0,1,0,0,0,0,0,2,0,0,0,0,0,0,0,0,4,0,0,1,0,0,0,0,0,0,0,0,0,0,0,2,0,0,0,0,0,0,0,0,0,0,0,0,0,0,0,0,0,0,0,0,0,0,0,0,0,0,0,0,0,0,0,0,0,0,0,0,0,0,0,0,0,0,0,0,1,0,0,0,0,0,0,0,0,0,0,0,0,0,0,0,2,4,0,0,0,0,0,0,0,0,0,3,0,0,0,0,0,4,0,0,0,0,0,0,0,0,0,3,2,0,1,0,0,3,0,3,1,0,0,0,0,0
0,0,0,1,0,0,0,0,0,0,0,1,0,0,0,0,0,0,0,0,0,1,2,1,1,0,0,0,0,0,0,0,0,0,0,0,0,0,1,0,0,0,0,0,0,0,0,0,0,1,0,0,0,0,0,0,0,0,0,0,0,0,0,0,0,0,1,0,0,0,0,0,0,0,0,0,0,0,0,0,0,0,0,0,0,0,0,0,0,0,0,1,0,0,0,1,0,0,0,0,1,0,0,0,0,0,0,0,0,0,0,0,0,0,0,0,0,0,0,1,0,0,0,0,0,0,0,0,0,0,0,0,0,0,0,0,0,0,0,0,0,0,1,0,0,0,0,0,0,0,0,0,0,0,0,0,0,0,0,0,0,0,0,1,0,0,0,0,0,0,1,0,0,0,0,0,1,0,0,0,0,1,0,0,1,0,0,0,0,0,0,0,0,0,0,0,0,0,1,0,0,0,0,0,0,0,0,2,0,0,0,0,0,0,0,0,0,0,0,0,0,0,0,0,0,0,0,0,0,0,1,0,0,0,0,0,0,1,0,0,0,0,0,1,0,1,0,0,0,0,0,0,0,0,0,0,0,0,0,0,0,0,0,0,0,0,0,0,0,0,0,0,0,0,0,0,0,0,0,0,0,0,0,0,0,0,1,1,0,0
0,0,0,1,0,0,0,0,3,0,0,0,8,0,0,0,6,0,0,0,0,3,0,3,2,0,0,0,0,0,0,0,0,0,0,0,0,0,0,0,0,0,0,0,6,8,0,0,0,0,2,0,0,0,4,0,0,0,4,0,0,0,0,0,0,0,0,4,0,0,0,0,4,5,0,0,1,0,0,0,0,0,6,0,0,0,0,0,10,0,3,0,0,0,0,0,0,0,0,0,0,0,0,0,0,0,4,0,11,0,0,4,0,0,0,0,0,0,0,0,0,0,0,0,0,0,9,0,0,0,0,0,0,2,0,0,3,0,0,0,0,0,0,0,0,0,4,0,6,4,0,0,4,0,0,0,5,0,4,0,0,0,0,0,0,0,0,0,0,0,0,0,0,0,0,0,0,0,0,0,0,0,0,0,0,0,2,0,0,0,0,0,0,0,0,0,8,0,4,0,0,0,0,0,0,0,0,0,0,4,0,0,0,0,0,0,4,0,0,0,3,0,0,0,0,0,2,4,2,0,0,0,0,0,0,0,3,0,0,0,0,0,0,0,0,0,0,0,0,5,0,0,0,0,0,0,0,0,0,6,4,0,0,0,0,2,0,4,2,0,6,4,0,0,3,0,0,0,0,0,8,1,0,0,0,0,4,0,0,0
7,0,0,11,10,12,6,30,0,0,0,53,0,8,31,21,0,0,13,0,7,26,11,30,7,14,18,10,0,0,0,0,13,16,27,33,0,2,7,8,23,7,18,11,13,31,27,25,0,0,27,0,18,6,0,25,61,14,11,5,5,17,7,0,16,0,12,20,29,29,9,12,4,47,20,0,0,48,39,58,12,17,0,11,39,0,34,41,7,11,20,13,0,10,4,6,18,10,57,7,13,0,0,16,29,30,30,5,18,0,28,0,60,0,11,0,49,0,0,58,27,28,0,0,0,13,0,18,29,6,0,48,0,0,14,11,9,5,5,0,26,0,36,0,36,0,34,0,20,0,53,17,18,22,53,17,10,7,0,17,22,7,73,12,34,0,0,8,25,17,0,11,0,80,0,7,39,0,8,10,0,0,0,0,0,46,49,0,0,0,0,0,45,3,0,0,7,75,0,36,0,9,7,0,0,18,0,15,45,17,19,0,0,0,11,0,11,11,66,0,21,0,0,0,0,18,0,9,0,0,0,0,0,24,0,0,10,0,0,0,44,12,0,11,0,0,0,0,0,0,0,12,0,24,0,0,0,1,13,0,0,11,0,0,0,0,0,0,0,0,10,0,0,0,0,0,0,0,0,0,0,3,0,0,0,0,1,0,12,0
0,0,1,0,1,0,0,0,1,0,0,0,0,0,0,0,0,0,0,2,0,0,0,0,0,0,0,0,0,0,0,0,0,0,0,0,0,0,0,1,0,0,0,0,0,0,0,0,0,0,0,1,1,0,0,0,1,0,0,0,0,0,0,0,0,1,0,1,0,0,0,0,1,0,0,0,0,0,0,0,0,0,0,1,0,0,0,0,1,0,0,0,0,0,0,0,0,0,0,0,0,0,0,0,0,0,0,0,0,0,0,1,0,0,0,0,0,0,0,0,0,1,0,0,1,0,0,0,0,0,0,0,0,0,0,0,1,0,0,1,0,0,0,0,1,0,0,1,0,0,0,0,0,1,1,0,0,0,3,0,0,0,2,1,0,0,0,0,1,0,0,0,0,1,0,0,0,0,0,0,0,0,0,0,0,0,1,0,0,0,0,0,0,0,0,0,0,1,0,0,0,1,0,0,0,0,0,0,0,0,0,0,0,0,0,0,0,0,0,0,0,0,0,0,0,0,0,0,0,1,0,0,0,0,0,0,0,0,1,0,0,0,0,0,0,1,0,0,1,0,0,0,0,0,0,0,0,0,0,0,0,0,0,0,0,0,0,0,0,0,0,0,0,0,0,0,0,0,0,0,0,0,1,0,0,3,0,0,0,0
10,9,1,0,0,3,0,3,4,5,0,4,1,10,14,29,10,5,11,8,3,6,2,6,6,0,3,20,5,12,2,4,0,16,4,5,9,0,4,0,0,5,7,5,16,7,0,2,3,15,4,4,3,3,14,7,3,6,12,4,3,8,0,2,0,0,0,5,5,0,23,4,4,5,0,10,13,7,6,0,15,11,10,3,3,5,4,9,4,14,4,1,0,5,0,7,5,3,5,10,3,9,2,0,2,13,19,0,10,0,0,4,4,10,2,13,2,0,12,22,4,0,19,1,0,8,2,6,3,12,8,14,5,4,0,11,12,8,13,17,1,22,8,5,10,4,0,6,0,6,3,3,11,0,4,5,11,20,14,7,8,5,0,12,6,8,1,11,18,17,0,3,15,4,4,7,1,3,7,5,2,3,0,3,12,11,10,4,4,2,2,5,0,15,0,12,2,11,22,4,10,6,4,10,4,3,5,9,3,12,2,13,13,6,0,10,8,10,17,2,5,25,11,30,4,13,7,15,12,23,3,13,0,6,7,6,7,0,0,7,13,0,4,14,6,0,9,7,0,6,12,4,7,11,16,12,2,4,4,8,5,7,5,0,0,4,16,0,5,2,16,0,13,5,27,16,25,4,9,5,6,9,13,1,6,2,0,3,16,2
0,0,0,0,0,0,2,0,0,0,0,0,0,0,21,0,24,0,0,0,0,0,0,0,0,12,0,16,0,8,0,0,0,0,0,0,21,0,0,0,0,0,9,14,0,9,0,0,0,0,0,0,2,9,0,7,0,0,0,0,0,0,0,0,0,0,5,6,0,8,0,0,0,0,0,0,0,0,0,0,0,0,0,0,0,0,4,2,0,0,0,0,0,0,8,0,0,4,0,0,0,0,0,0,0,0,0,0,14,0,0,0,0,0,0,0,0,4,3,0,0,8,0,0,0,9,0,5,0,0,0,0,0,0,0,21,0,0,0,0,8,0,0,0,0,0,0,0,0,0,0,0,4,0,0,0,0,0,0,1,0,14,4,0,0,0,0,0,0,0,0,0,0,0,0,0,0,0,0,12,25,0,4,0,0,0,0,0,8,0,8,3,0,0,0,0,0,0,0,0,20,0,0,0,0,0,0,0,7,0,0,0,0,0,0,0,0,0,0,0,0,11,6,6,13,0,0,0,0,0,0,6,0,0,0,0,0,0,0,0,0,0,0,0,0,0,6,0,0,0,0,0,0,0,0,0,0,0,15,0,0,0,0,0,4,0,0,0,11,0,0,0,0,5,0,0,0,11,0,0,0,7,0,0,0,0,0,0,0,0
0,0,0,0,0,0,0,0,0,0,0,0,0,0,0,0,0,0,0,0,0,0,0,0,0,0,0,0,0,0,0,0,0,0,0,0,0,0,0,0,0,0,0,0,0,0,0,0,0,0,0,0,0,0,0,0,0,0,0,0,0,0,0,0,0,0,0,0,0,0,0,0,0,0,0,0,0,0,0,0,0,0,0,0,0,0,0,0,0,0,0,0,0,0,0,0,0,0,0,0,0,0,0,0,0,0,0,0,0,0,0,0,0,0,0,0,0,0,0,0,0,0,0,0,0,0,0,0,0,0,0,0,0,0,0,0,0,0,0,0,0,0,0,0,0,0,0,0,0,0,0,0,0,0,0,0,0,0,0,0,0,0,0,0,0,1,0,0,0,0,0,0,0,0,0,0,0,0,0,0,0,0,0,0,0,0,0,0,0,0,0,0,0,0,0,0,0,0,0,0,0,0,0,0,0,0,0,0,0,0,0,0,0,0,0,0,0,0,0,0,0,0,0,0,0,0,0,0,0,0,0,0,0,0,0,0,0,0,0,0,0,0,0,0,0,0,0,0,0,0,0,0,0,0,0,0,0,0,0,0,0,0,0,0,0,0,0,0,0,0,0,0,0,0,1,0,0,0,0,0,0,0,0,0,0,0,0,0,0,0
0,0,0,0,0,0,0,0,0,0,0,0,0,0,0,0,0,0,0,0,0,0,0,0,0,0,0,0,0,0,0,0,0,0,0,0,0,0,0,0,0,0,0,0,0,0,0,0,0,0,0,0,0,0,0,0,0,0,0,0,0,0,0,0,0,0,0,0,0,0,0,0,0,0,0,0,0,0,0,0,0,0,0,0,0,0,0,0,0,0,0,0,0,0,0,0,0,0,0,0,0,0,0,0,0,0,0,0,0,0,0,0,0,0,0,0,0,0,0,0,0,0,0,0,0,0,0,0,0,0,0,0,0,0,0,0,0,0,0,0,0,0,0,0,0,0,0,0,0,0,0,0,0,0,0,0,0,0,0,0,0,0,0,0,0,0,0,0,0,0,0,0,0,0,0,0,0,0,0,0,0,0,0,0,0,0,0,0,0,0,0,0,0,0,0,0,0,0,0,0,0,0,0,0,0,0,0,0,0,0,0,0,0,0,0,0,0,0,0,0,0,0,0,0,0,0,0,0,0,0,0,0,0,0,0,0,0,0,0,0,0,0,0,0,0,0,0,0,0,0,0,0,0,0,0,0,0,0,0,0,0,0,0,0,0,0,0,0,0,0,0,0,0,0,0,0,0,0,0,0,0,0,0,0,0,0,0,0,0,0
0,0,1,1,0,0,1,1,1,0,0,0,1,0,0,1,0,0,0,0,0,0,0,0,0,0,0,0,2,0,0,0,1,0,1,0,2,2,2,1,0,0,0,0,0,1,0,0,0,0,0,0,0,1,0,2,1,0,0,0,0,0,2,0,2,0,0,0,1,2,0,0,1,0,0,0,0,5,0,0,0,0,0,1,0,1,1,1,0,0,0,0,1,1,0,0,2,1,0,0,0,0,1,0,1,1,1,3,0,0,1,1,0,0,1,0,0,0,0,3,0,0,0,0,0,0,0,1,2,0,0,0,0,1,0,0,0,0,3,0,1,0,1,1,1,2,0,0,0,1,0,2,0,0,0,1,0,0,0,1,0,0,0,0,0,0,0,3,0,1,0,0,0,0,0,0,0,0,0,0,0,0,0,0,0,0,0,0,0,0,0,0,1,4,0,0,0,0,0,0,1,0,0,0,0,0,0,0,1,0,3,1,0,0,0,0,1,1,1,0,1,0,1,0,0,0,0,0,0,0,1,0,2,0,2,0,0,0,0,3,0,0,0,1,2,3,0,0,2,0,0,0,0,0,1,0,0,0,1,0,0,0,0,0,1,0,0,0,0,1,0,2,0,0,0,0,0,0,0,0,1,1,0,0,0,0,0,1,0,0
0,0,0,0,0,4,0,0,0,0,0,0,0,0,0,0,0,0,0,10,0,0,0,33,0,0,0,0,43,0,0,0,59,0,0,0,14,0,0,12,0,0,0,0,0,0,0,0,0,0,34,0,0,0,0,18,0,40,0,0,0,0,0,0,0,0,0,31,0,0,0,0,0,0,0,39,0,0,0,0,0,0,0,0,7,0,0,42,0,0,30,0,0,0,0,0,0,0,23,0,0,0,0,0,0,16,0,53,0,0,0,0,0,0,0,0,0,0,0,0,23,0,0,0,0,0,0,0,0,20,0,0,6,0,58,26,0,17,0,0,0,0,0,0,0,0,0,0,0,0,0,0,0,0,0,38,0,0,23,0,0,0,0,0,18,15,0,0,0,0,0,0,0,0,0,0,0,0,0,0,0,0,15,0,19,0,0,39,0,9,0,30,0,0,0,0,0,0,0,0,0,0,0,0,14,0,0,0,21,0,0,0,7,0,0,4,0,0,0,0,0,0,0,0,0,0,0,24,0,5,0,0,0,0,0,0,0,0,0,0,0,0,0,0,0,1,0,0,0,0,0,0,34,0,0,0,0,0,0,0,20,0,53,0,0,0,0,0,0,0,0,0,0,0,22,0,1,0,0,0,10,0,30,0,0,0,19,0,53,0
0,2,0,2,0,0,0,0,0,0,0,0,0,4,0,4,0,0,0,0,0,0,0,0,0,0,0,0,0,0,0,0,0,0,0,0,0,0,0,0,0,2,1,0,0,0,2,0,0,3,0,0,0,0,0,0,0,0,4,0,0,0,0,0,0,0,4,0,0,0,0,0,0,0,0,6,0,0,0,3,0,0,0,0,0,0,0,0,0,0,0,6,1,3,0,6,0,0,0,0,8,2,0,4,0,1,0,0,5,0,0,0,0,0,0,5,7,0,0,0,0,0,0,2,0,3,0,2,0,0,0,0,0,0,0,0,0,0,3,0,0,0,2,4,0,0,0,0,0,0,0,4,0,0,0,0,0,2,0,0,0,0,8,0,0,0,0,0,0,0,0,0,0,0,0,0,0,0,0,3,0,0,0,0,0,0,0,0,0,0,0,0,0,0,0,0,1,0,0,0,0,0,0,0,0,0,0,0,0,0,3,0,0,0,8,0,0,0,0,0,3,3,0,0,0,0,0,0,0,2,0,0,0,1,0,1,0,0,0,2,0,6,3,3,4,0,0,4,0,0,0,0,0,0,0,0,0,0,0,0,0,0,0,2,0,0,0,0,0,0,4,0,0,0,0,0,0,0,0,0,0,2,0,0,0,0,0,0,0,0
1,2,0,0,0,0,0,0,0,1,0,2,0,2,2,3,0,0,1,2,3,1,1,0,0,0,4,2,1,1,0,0,0,3,0,0,1,0,0,0,0,0,0,2,0,0,0,2,1,0,0,1,0,6,0,0,0,0,1,1,1,3,0,0,0,0,0,1,0,1,1,3,0,0,0,0,0,0,1,0,0,1,0,1,1,0,0,0,0,0,0,0,1,0,1,2,0,0,0,2,0,2,0,1,0,0,1,0,0,0,2,1,0,2,0,0,0,0,2,2,0,0,0,3,0,1,1,0,0,1,1,1,2,0,0,1,1,0,0,0,0,1,1,0,0,0,0,1,0,2,0,0,0,2,2,0,2,0,1,0,1,2,0,0,1,2,0,2,0,0,2,1,1,0,2,0,0,2,1,0,2,0,1,1,0,1,0,0,1,1,2,3,0,1,0,2,0,0,1,0,0,0,0,1,5,0,0,4,0,0,1,0,2,0,3,2,0,1,0,1,0,1,2,0,1,0,0,0,1,1,0,0,0,0,0,1,0,0,0,0,0,1,1,0,1,2,1,0,0,1,1,1,1,0,0,1,0,0,0,0,1,0,1,0,0,0,0,0,0,3,1,0,0,0,0,0,0,0,1,1,0,0,2,0,0,1,0,0,0,0
0,0,0,0,0,0,0,0,0,0,0,0,0,0,0,0,0,0,0,0,0,0,0,0,0,0,0,0,0,0,0,0,0,0,0,0,0,0,0,0,0,0,0,0,0,0,0,0,0,0,0,0,0,0,0,0,0,0,0,0,0,0,0,0,0,0,0,0,0,0,0,0,0,0,0,0,0,0,0,0,0,0,0,0,1,0,0,0,0,0,0,0,0,0,0,0,0,0,0,0,0,0,0,0,0,0,0,0,0,0,0,0,0,0,0,0,0,0,0,0,0,0,0,0,0,0,0,0,0,0,0,0,0,0,0,0,0,0,1,0,0,0,0,0,0,0,0,0,0,0,0,0,0,0,0,0,0,0,0,1,0,0,0,0,0,0,1,0,0,0,0,0,0,0,0,0,0,0,0,0,0,0,0,0,0,0,0,0,0,0,0,0,0,0,0,0,0,0,0,0,0,0,0,0,0,0,0,0,0,0,0,0,0,0,0,0,0,0,0,0,0,0,0,0,0,0,0,0,0,0,0,0,0,0,0,0,0,0,0,0,0,0,0,0,0,0,0,0,0,0,0,0,0,0,0,0,0,0,0,0,0,0,0,0,0,0,0,0,0,0,0,0,0,0,0,0,0,0,0,0,0,0,0,0,0,0,0,0,0,0
0,4,0,4,0,0,0,0,0,0,2,0,0,0,1,7,0,0,0,0,0,0,0,0,0,0,1,0,0,0,3,0,5,0,0,0,0,5,0,0,4,0,0,4,0,0,0,0,0,0,0,5,0,0,0,0,0,0,0,0,0,0,0,0,1,0,0,0,0,0,0,0,0,8,0,0,0,0,0,0,0,0,0,0,0,4,0,0,10,0,0,0,2,0,0,3,0,0,0,5,0,0,0,0,0,6,0,0,0,3,0,0,0,0,0,0,0,10,0,0,0,4,0,0,0,0,0,0,0,0,0,0,0,0,0,0,0,0,0,0,4,0,2,0,0,0,0,0,0,0,0,8,0,13,0,0,4,0,9,0,0,0,0,0,0,0,0,0,0,7,0,5,0,6,0,0,0,4,0,0,0,4,0,0,0,0,0,0,0,0,0,0,4,0,4,0,0,0,0,0,0,2,0,0,0,4,0,0,0,0,0,0,0,1,0,0,0,0,0,0,0,0,4,5,0,4,0,7,0,0,0,0,0,0,7,0,0,6,0,0,0,0,0,0,0,0,0,0,0,0,6,14,0,0,0,0,0,0,0,0,0,0,0,4,0,0,0,0,0,0,0,0,0,0,0,0,0,0,0,0,0,0,0,0,0,4,0,0,0,0
0,0,0,0,0,0,1,0,0,0,0,0,0,1,0,0,1,0,0,0,1,1,0,0,0,0,1,0,0,0,0,0,1,0,1,0,0,0,0,1,1,1,0,0,0,1,1,0,0,0,0,0,0,0,0,1,0,0,0,0,1,0,0,0,0,0,1,0,0,0,0,0,1,0,0,1,0,0,0,0,0,0,0,0,0,0,0,1,0,0,0,0,0,0,0,0,0,0,0,0,1,1,0,0,1,1,2,0,0,0,0,0,1,0,1,0,0,0,0,0,0,0,1,0,0,1,0,0,0,0,0,1,0,0,0,0,0,0,0,0,1,0,0,0,0,0,0,0,1,0,0,1,0,0,0,0,0,1,0,0,0,0,0,1,0,0,0,0,0,0,0,0,0,0,0,0,0,0,0,0,0,0,0,0,0,0,0,0,0,0,0,0,1,0,0,0,1,1,0,1,0,0,0,0,0,0,0,0,0,0,0,0,0,0,0,0,0,1,1,0,1,0,0,1,0,1,0,1,1,0,0,0,1,0,0,0,0,0,0,1,0,0,0,0,0,0,0,0,0,0,0,0,0,1,0,0,0,0,0,0,0,0,0,0,0,1,0,0,0,0,1,0,0,0,0,0,0,0,0,0,0,0,0,0,0,0,0,0,0,0
0,0,0,0,0,0,0,0,0,0,0,0,0,0,0,0,0,0,0,0,0,0,0,0,0,0,0,0,0,0,0,0,0,0,0,0,0,0,0,0,0,0,0,0,0,0,0,0,0,0,0,0,0,0,0,0,0,0,0,0,0,0,0,0,0,0,0,0,0,0,0,0,0,0,0,0,0,0,0,0,0,0,0,0,0,0,0,0,0,0,0,0,0,0,0,0,0,0,0,0,0,0,0,0,0,0,0,0,0,0,0,0,0,0,0,0,0,0,0,0,0,0,0,0,0,0,0,0,0,0,0,0,0,0,0,0,0,0,0,0,0,0,0,0,0,0,0,0,0,0,0,0,0,0,0,0,0,0,0,0,0,0,0,0,0,0,0,0,0,0,0,0,0,0,0,0,0,0,0,0,0,0,0,0,0,0,0,0,0,0,0,0,0,0,0,0,0,0,0,0,0,0,0,0,0,0,0,0,0,0,0,0,0,0,0,0,0,0,0,0,0,0,0,0,0,0,0,0,0,0,0,0,0,0,0,0,0,0,0,0,0,0,0,0,0,0,0,0,0,0,0,0,0,0,0,0,0,0,0,0,0,0,0,0,0,0,0,0,0,0,0,0,0,0,0,0,0,0,0,0,0,0,0,0,0,0,0,0,0,0
0,0,0,0,0,0,0,0,0,0,0,0,0,0,0,0,0,0,0,0,0,0,0,0,0,0,0,0,0,0,0,0,0,0,0,0,0,0,0,1,0,0,0,0,0,0,0,0,0,0,0,1,0,0,0,0,0,1,0,0,0,0,0,0,0,0,0,0,0,0,0,0,0,0,0,0,0,0,0,0,0,0,0,0,0,0,0,0,0,0,0,0,0,0,0,0,0,0,0,0,0,0,0,0,0,0,0,0,0,0,0,0,0,0,0,0,0,0,0,0,0,0,0,0,0,0,0,0,0,0,0,0,0,0,0,0,0,0,0,0,0,0,0,0,0,0,0,0,0,0,0,0,0,0,0,0,0,0,0,0,0,0,0,0,0,0,0,0,0,0,0,0,0,0,0,0,0,0,0,0,0,0,0,0,0,0,0,0,0,0,0,0,0,0,0,0,0,0,0,0,0,0,0,0,0,0,0,0,0,0,0,0,0,0,0,0,0,0,0,0,0,0,0,0,0,1,0,0,0,0,0,0,0,0,0,0,0,0,0,0,0,0,0,0,0,0,0,0,0,0,0,0,0,0,0,0,0,0,0,0,0,0,0,0,0,0,0,0,0,0,0,0,0,0,0,1,0,0,0,0,1,0,0,0,0,0,0,0,0,0
45,14,7,8,4,37,70,6,8,13,31,9,38,25,14,76,77,30,25,51,60,11,0,47,0,0,19,29,19,0,14,16,31,11,36,16,0,29,43,37,37,28,41,7,0,4,57,25,40,0,7,38,11,24,0,19,25,10,57,46,28,89,25,0,30,3,11,15,25,60,7,51,6,7,6,46,7,33,15,26,16,9,0,25,31,8,26,19,11,29,4,26,24,39,27,14,46,14,35,10,11,15,13,0,12,65,13,54,13,8,3,29,7,9,46,30,72,7,19,10,63,12,75,14,5,38,7,38,42,20,3,8,12,4,34,20,16,27,23,18,24,0,11,33,16,5,9,29,37,29,19,25,11,27,28,16,14,36,12,6,29,44,16,14,9,10,62,19,37,12,11,22,16,18,5,18,56,15,22,15,60,21,44,45,19,48,21,9,12,12,27,19,40,24,7,30,48,51,18,29,9,31,11,3,34,83,18,14,53,68,26,18,34,2,18,12,61,23,38,29,24,14,18,16,14,1,6,0,31,6,17,26,12,16,31,48,19,2,14,8,13,16,22,21,9,20,23,23,8,35,0,12,19,18,19,43,62,25,39,33,32,30,26,29,51,20,37,39,3,8,21,15,25,32,15,5,12,57,16,5,33,4,37,12,25,2,9,16,22,19
0,0,0,0,6,0,2,0,0,0,0,13,0,0,0,0,1,0,0,0,0,0,0,0,0,0,0,0,8,3,1,0,0,0,0,0,7,0,6,8,0,0,0,0,0,0,5,0,0,6,6,0,0,0,0,0,0,0,6,0,0,0,0,0,6,0,4,0,0,0,0,0,0,0,0,0,0,0,0,0,0,4,0,0,0,0,0,0,0,7,0,0,8,0,0,0,0,4,0,0,0,0,1,0,0,0,0,0,0,0,0,0,12,0,0,0,0,0,5,0,0,0,0,0,0,0,0,0,0,0,0,0,0,0,0,0,0,0,0,0,0,1,0,18,0,0,0,4,0,0,13,0,0,0,6,0,0,7,0,0,0,3,0,0,0,4,5,0,0,0,0,10,0,0,0,0,0,0,0,0,0,0,0,0,0,0,0,8,0,0,0,0,7,0,0,0,4,6,0,0,0,0,0,0,1,0,4,0,1,0,0,0,0,0,8,0,3,0,0,0,0,0,0,0,0,8,0,0,0,0,0,0,0,0,5,0,0,0,0,0,13,0,0,5,0,0,3,0,0,0,0,4,0,0,6,0,0,0,0,3,0,7,0,8,3,0,0,0,0,2,0,0,0,3,0,0,0,0,3,0,0,0,0,0,0,0,4,9,0,0
0,0,4,0,14,0,8,4,0,0,5,0,0,0,3,0,7,3,0,2,0,10,0,9,9,0,0,0,4,0,2,1,3,0,3,3,6,3,7,19,12,7,0,0,0,6,5,0,0,0,0,1,0,0,0,4,5,0,0,0,0,0,3,0,21,0,0,0,21,0,0,0,0,4,0,1,0,1,0,0,0,0,0,0,0,0,7,0,3,0,10,2,10,1,0,0,3,0,3,8,0,0,0,3,5,3,4,4,0,0,0,0,12,0,15,0,3,0,0,22,12,2,6,0,0,0,0,0,0,0,0,0,0,0,0,2,2,8,8,0,0,0,8,0,1,0,0,12,0,0,0,4,3,0,0,0,0,0,0,0,0,4,0,0,6,0,0,0,0,0,8,2,0,0,0,0,0,0,0,0,0,0,0,0,0,0,7,0,0,0,0,0,2,3,0,0,8,0,0,0,0,0,0,0,0,0,0,0,0,5,2,3,0,1,0,0,0,9,0,0,0,2,0,0,2,8,0,0,4,0,0,0,0,0,10,0,4,0,2,1,2,0,0,0,8,1,0,0,5,0,0,0,0,0,0,0,0,0,4,4,0,0,0,3,0,5,0,0,6,3,0,0,0,8,0,0,0,3,4,0,0,5,0,0,0,0,0,0,0,0
0,0,0,0,0,0,0,0,0,0,0,0,0,0,0,0,0,3,0,2,0,0,0,4,0,0,0,0,0,2,0,4,3,0,0,0,0,0,0,0,0,0,0,0,0,0,3,7,0,0,0,3,0,0,0,0,3,4,0,0,0,0,0,0,0,4,0,0,0,0,1,0,5,0,0,0,0,0,0,0,0,0,7,0,0,0,8,0,2,0,0,0,0,0,0,0,0,3,0,0,0,0,0,0,0,0,0,0,4,0,0,1,0,0,0,0,0,0,0,4,0,0,0,0,0,0,3,10,0,0,0,0,0,0,0,0,0,0,0,0,0,0,0,0,0,0,0,0,0,0,0,2,0,0,0,0,0,4,0,0,0,0,0,0,0,0,0,0,0,0,0,2,1,0,0,0,0,0,0,0,0,0,0,0,1,3,0,0,0,0,0,0,0,3,0,0,0,2,0,0,0,0,2,0,0,0,0,0,0,0,0,0,0,0,0,0,0,0,0,0,0,1,0,0,4,0,0,0,4,0,0,0,0,0,5,0,0,0,0,3,0,0,0,0,1,0,0,0,0,0,0,0,0,0,8,0,0,0,0,0,4,0,0,0,0,0,0,0,3,0,2,0,0,2,0,0,0,2,0,0,0,0,0,0,0,0,0,0,0,0
0,0,0,0,0,0,0,0,0,0,0,0,0,0,0,0,0,0,0,0,0,0,0,0,0,0,0,0,0,0,0,0,0,0,0,0,0,0,0,0,0,0,0,0,0,0,0,0,0,0,0,0,0,0,0,0,0,0,0,0,0,0,0,0,0,1,0,0,0,0,0,0,0,0,0,0,0,0,0,0,0,0,0,0,0,0,0,0,0,0,0,0,0,0,0,0,0,0,0,0,0,0,0,0,0,0,0,0,0,0,0,0,0,0,0,0,0,0,0,0,0,0,0,0,0,0,0,0,0,0,0,0,0,0,0,0,0,0,0,0,0,0,0,0,0,0,0,0,0,0,0,0,0,0,0,0,0,0,0,0,0,0,0,0,0,0,0,0,0,0,0,0,0,0,0,0,0,0,0,0,0,0,0,0,0,0,0,0,0,0,0,0,0,0,0,0,0,0,0,0,0,0,0,0,0,0,0,0,0,0,0,0,0,0,0,0,0,0,0,0,0,0,0,0,0,0,0,0,0,0,0,0,0,0,0,0,0,0,0,0,0,0,0,0,0,0,0,0,0,0,0,0,0,0,0,0,0,0,0,0,0,0,0,0,0,0,0,0,0,0,0,0,0,0,0,0,0,0,0,0,0,0,0,0,0,0,0,0,0,0
1,0,1,0,0,2,0,1,2,1,1,1,0,1,0,0,1,0,0,1,0,0,0,0,0,1,0,1,1,2,0,0,0,1,0,0,2,0,0,0,0,0,0,1,1,0,0,0,1,1,0,0,0,0,0,0,1,2,0,1,1,2,1,2,1,3,3,1,0,2,0,0,0,2,0,0,0,0,1,0,0,0,0,2,0,0,1,1,1,0,0,1,1,0,0,1,0,0,0,0,0,1,1,1,0,1,1,1,0,0,0,0,1,0,0,0,0,0,0,1,0,0,1,1,1,0,0,1,0,0,0,1,1,1,0,1,0,0,1,1,1,0,1,0,0,0,1,0,0,1,0,0,1,0,0,1,1,0,0,1,0,0,0,1,0,0,0,0,0,2,0,0,0,0,0,0,1,2,1,2,0,1,0,0,0,0,1,0,0,0,0,0,0,0,0,0,1,1,0,1,1,0,1,0,0,1,0,0,1,2,1,1,1,1,0,1,1,0,2,1,0,0,1,1,0,1,2,0,0,0,1,0,1,2,0,1,1,1,0,3,1,0,0,2,1,0,0,1,0,1,0,0,0,1,0,0,0,1,0,1,2,1,2,1,0,3,1,0,1,2,0,1,0,0,1,1,1,1,1,1,0,0,1,1,1,0,1,1,0,0
2,2,0,0,0,0,0,1,0,1,0,1,0,2,1,1,0,0,1,0,0,2,0,0,0,0,1,3,0,0,0,0,0,2,0,0,1,0,0,0,0,0,0,1,0,0,0,3,2,1,1,1,1,5,0,0,0,0,1,2,2,3,0,0,1,1,0,0,0,1,2,2,0,0,0,0,0,0,1,0,4,0,0,0,0,1,0,0,1,0,0,2,0,0,3,0,0,1,1,0,1,0,1,1,0,0,1,1,0,0,1,2,0,2,0,3,0,1,3,1,0,1,0,3,0,1,1,0,1,1,0,0,0,1,2,1,0,0,0,0,1,0,3,0,0,1,0,0,0,3,0,0,2,2,0,0,1,0,1,1,2,1,0,0,0,1,0,1,1,0,1,0,0,0,1,0,0,1,1,0,2,0,2,0,1,1,1,1,2,3,3,3,0,3,1,0,0,0,1,0,1,0,0,1,1,0,2,0,1,1,1,1,2,3,1,1,0,1,1,0,0,2,1,2,1,0,1,0,0,3,0,2,1,0,0,3,0,1,1,0,0,1,1,1,1,1,1,2,0,0,1,0,0,0,2,0,0,0,0,0,0,1,0,0,0,0,1,1,1,0,0,0,0,0,0,0,0,2,0,0,1,0,1,0,0,2,0,1,0,0
0,0,1,0,0,0,0,0,1,0,0,0,0,0,0,0,0,1,0,1,0,1,0,0,0,0,0,0,0,3,1,0,0,0,0,0,0,0,0,1,0,0,1,0,0,0,1,0,0,0,0,0,0,0,0,0,0,0,0,0,0,0,0,0,0,0,0,0,1,0,0,0,0,0,0,0,1,0,3,3,0,0,2,0,0,0,0,0,0,0,0,0,0,0,0,0,0,0,0,1,0,0,0,0,0,0,0,0,0,0,0,1,0,0,1,0,0,0,0,0,0,0,1,0,0,1,0,0,2,0,0,0,0,0,0,0,0,1,0,0,0,0,0,0,0,0,1,0,1,0,1,0,1,0,0,0,0,0,0,0,1,0,0,0,0,1,0,0,0,0,0,0,0,0,0,0,0,0,0,0,0,0,1,0,0,0,0,0,0,0,0,0,0,0,0,0,0,0,0,0,0,0,0,0,0,0,0,0,1,1,0,0,0,0,0,0,0,0,0,1,0,0,0,0,0,0,0,0,2,0,0,0,0,0,0,1,0,0,1,0,0,1,0,0,0,1,0,0,0,2,0,0,0,0,0,0,1,0,0,0,1,0,0,0,2,0,0,0,0,0,0,0,0,0,1,0,0,0,0,4,0,0,1,0,0,0,0,0,1,0
0,0,0,0,0,0,0,0,1,0,0,0,0,0,0,0,0,0,0,0,0,0,1,0,0,0,0,0,0,0,0,0,0,0,0,0,0,0,0,0,0,0,0,0,0,0,0,0,0,0,0,0,1,0,0,0,0,0,0,0,0,0,0,0,0,0,0,0,0,0,0,0,0,0,0,0,1,0,0,0,0,0,0,0,0,0,0,0,0,0,0,0,0,0,0,0,0,0,1,0,0,0,1,0,0,0,0,1,0,0,0,0,0,0,0,0,0,0,1,0,0,0,0,0,0,0,0,0,0,1,0,0,0,0,0,0,0,1,0,0,0,0,1,0,0,0,0,0,1,0,0,0,1,0,0,0,0,0,0,1,0,0,0,0,1,0,0,0,0,0,0,0,1,0,0,0,0,0,0,0,0,0,0,0,0,0,0,0,0,0,0,0,0,0,0,0,0,0,0,1,0,0,0,0,0,0,1,0,0,0,0,0,0,0,0,0,0,0,0,0,0,0,0,0,0,0,0,0,0,0,0,0,0,0,0,0,1,0,0,0,0,0,0,0,0,1,0,1,0,0,0,0,0,0,0,0,0,0,0,0,0,0,0,0,0,0,0,0,0,0,0,1,0,0,0,0,0,0,0,0,0,0,0,0,0,0,0,0,0,0
0,0,0,0,0,0,0,0,4,0,0,4,1,0,0,0,0,0,0,0,0,2,0,2,0,0,0,0,2,0,0,0,0,0,0,0,0,0,0,0,0,4,0,4,0,0,0,0,0,0,0,0,0,0,0,0,0,1,1,0,0,1,0,2,1,0,0,0,0,2,2,0,0,0,0,0,0,0,0,0,0,1,0,0,0,0,0,4,0,0,0,0,1,0,0,0,0,0,0,0,0,0,0,1,5,0,1,0,0,0,0,0,0,2,0,0,0,0,0,0,0,0,0,0,0,0,0,0,0,0,0,0,2,0,0,0,0,0,0,3,0,0,0,0,0,1,2,0,0,0,0,3,0,0,0,0,0,0,0,0,0,0,0,0,0,0,0,4,0,0,0,2,0,0,0,0,0,0,1,0,1,0,0,0,0,0,0,0,0,0,0,0,0,0,0,0,0,2,0,0,0,0,0,0,0,1,0,0,0,0,0,1,0,0,0,0,0,0,2,0,0,0,1,4,0,0,0,0,0,0,0,0,0,0,0,0,0,0,0,0,0,0,1,0,0,0,0,0,0,2,0,0,0,0,0,2,0,1,0,0,0,3,0,0,1,0,2,0,0,0,0,0,0,0,0,0,0,0,0,0,2,0,0,0,0,0,0,0,0,0
0,1,0,0,0,0,0,0,1,0,0,0,0,1,0,1,0,0,1,0,0,1,0,0,0,0,0,1,0,0,0,0,0,0,0,0,0,0,0,0,0,0,0,1,0,1,0,0,0,0,0,0,0,0,0,0,0,0,0,0,0,1,0,0,0,1,0,0,0,0,1,0,0,0,0,0,0,0,0,0,0,0,0,0,0,0,0,0,0,0,0,0,0,0,0,0,0,0,0,0,0,0,0,0,0,0,0,0,0,0,0,0,0,0,0,0,0,0,0,0,0,0,0,0,0,0,0,0,0,0,0,1,0,0,0,0,0,1,0,0,0,0,0,0,0,0,0,1,0,1,0,0,0,0,0,0,0,0,0,0,0,0,0,0,0,0,0,0,0,0,0,0,0,0,0,0,0,0,0,0,0,0,0,0,0,0,0,1,0,0,0,0,0,0,1,0,0,0,0,0,0,1,0,0,0,0,0,0,0,0,0,0,0,0,0,0,0,0,0,0,0,0,0,0,0,0,0,0,1,0,0,0,0,0,0,0,0,1,0,0,0,0,0,0,0,0,0,0,0,0,0,0,0,0,0,0,0,0,0,0,0,0,0,0,0,0,1,0,0,0,0,0,0,0,0,0,0,0,0,0,0,0,0,0,0,0,0,0,0,0
